code,name,market_cap,is_tech,latest_close,latest_ma20,days_above_ma20,max_distance_above_ma20_pct,min_distance_above_ma20_pct,avg_distance_above_ma20_pct,latest_distance_above_ma20_pct,ma20_strength_score,last_breach_date,latest_date,rsi,volume_price_corr,volume_change_22d,volatility_20d,volume_price_score,rsi_score,volatility_score,composite_score,trend_score,trend_normalized,trend_phase,daily_trend_score,weekly_trend_score,monthly_trend_score
002422,科伦药业,572.3,True,44.07,39.92,21,26.76,-1.1,8.56,10.38,0.7982,2026-06-26,2026-07-10,65.02,0.9399,2.8622,0.7407,0.9639,0.7773,0.0,0.7737,0.7991,0.8996,多周期共振看多 ⬆⬆⬆,0.7865,0.5872,0.495
000021,深科技,911.59,True,57.91,51.18,21,46.22,-3.71,16.12,13.15,0.8341,2026-06-12,2026-07-10,63.69,0.8039,1.7021,0.9295,0.8824,0.8068,0.0,0.7702,0.7799,0.89,多周期共振看多 ⬆⬆⬆,0.612,0.6271,0.5625
603261,立航科技,43.3,True,55.87,48.32,19,45.53,-6.11,17.93,15.62,0.8023,2026-06-11,2026-07-10,62.74,0.6616,11.8233,0.9132,0.7969,0.8279,0.0,0.7593,0.8804,0.9402,多周期共振看多 ⬆⬆⬆,0.737,0.7408,0.5625
002158,汉钟精机,196.83,True,36.89,34.06,18,19.41,-11.23,7.42,8.31,0.6795,2026-06-15,2026-07-10,57.11,0.8575,2.4513,0.6989,0.9145,0.9531,0.0,0.752,0.7784,0.8892,多周期共振看多 ⬆⬆⬆,0.54,0.6854,0.5625
002821,凯莱英,524.42,True,165.41,143.89,16,36.13,-4.74,12.78,14.96,0.7545,2026-06-17,2026-07-10,68.84,0.8781,1.3503,0.8135,0.9269,0.6924,0.0,0.7467,0.8492,0.9246,多周期共振看多 ⬆⬆⬆,0.6785,0.7223,0.5625
603991,领先股份,144.43,True,161.31,138.54,21,27.17,-4.06,12.98,16.44,0.8341,2026-06-10,2026-07-10,66.58,0.5906,6.25,0.7891,0.7544,0.7428,0.0,0.7456,0.8646,0.9323,多周期共振看多 ⬆⬆⬆,0.7415,0.7021,0.5625
002747,埃斯顿,334.71,True,42.78,38.74,22,30.12,1.06,14.33,10.42,0.85,2026-04-28,2026-07-10,59.36,0.3503,0.9894,0.9224,0.6102,0.9032,0.0,0.7417,0.8335,0.9167,多周期共振看多 ⬆⬆⬆,0.791,0.5913,0.5625
600360,华微电子,161.23,True,16.79,13.69,17,22.68,-9.42,8.04,22.68,0.7214,2026-06-16,2026-07-10,72.44,0.9351,3.044,0.7792,0.9611,0.6123,0.0,0.7397,0.9136,0.9568,多周期共振看多 ⬆⬆⬆,0.8112,0.75,0.5625
600584,长电科技,1809.28,True,101.11,92.84,19,29.8,-7.73,11.0,8.91,0.7751,2026-06-15,2026-07-10,56.43,0.4957,0.8372,1.0017,0.6974,0.9682,0.0,0.7377,0.7636,0.8818,多周期共振看多 ⬆⬆⬆,0.502,0.6854,0.5625
002141,贤丰控股,53.2,True,5.15,4.88,20,47.92,-3.76,20.44,5.5,0.7057,2026-06-12,2026-07-10,56.81,0.7375,3.5499,1.1736,0.8425,0.9597,0.0,0.7309,0.6537,0.8268,多周期共振看多 ⬆⬆⬆,0.7055,0.2694,0.5625
603061,金海通,390.41,True,448.75,414.42,22,45.27,1.97,17.79,8.28,0.8071,2026-06-09,2026-07-10,65.56,0.5876,0.793,0.927,0.7526,0.7654,0.0,0.7309,0.7875,0.8938,多周期共振看多 ⬆⬆⬆,0.488,0.75,0.5625
002185,华天科技,840.96,True,25.31,20.7,18,22.29,-8.33,8.1,22.29,0.739,2026-06-15,2026-07-10,67.06,0.7285,0.802,0.8209,0.8371,0.7319,0.0,0.7307,0.8544,0.9272,多周期共振看多 ⬆⬆⬆,0.803,0.6271,0.5625
002745,木林森,136.63,True,12.84,11.76,19,20.01,-8.32,7.79,9.22,0.7276,2026-06-12,2026-07-10,58.81,0.5179,2.4685,0.7679,0.7107,0.9154,0.0,0.7306,0.8629,0.9315,多周期共振看多 ⬆⬆⬆,0.8665,0.5913,0.5625
605208,永茂泰,62.23,True,18.86,16.3,20,15.73,-4.44,6.31,15.73,0.7366,2026-06-29,2026-07-10,71.92,0.8291,0.3637,0.5343,0.8429,0.6239,0.1096,0.7304,0.8901,0.945,多周期共振看多 ⬆⬆⬆,0.848,0.6669,0.5625
603726,朗迪集团,60.39,True,32.71,30.67,19,24.63,-7.92,8.61,6.64,0.6837,2026-06-12,2026-07-10,59.84,0.702,4.1208,0.8372,0.8212,0.8924,0.0,0.7286,0.803,0.9015,多周期共振看多 ⬆⬆⬆,0.659,0.6375,0.5625
002860,星帅尔,56.14,True,16.32,14.8,19,24.79,-6.27,6.85,10.28,0.7235,2026-06-12,2026-07-10,63.11,0.7888,1.8234,0.6609,0.8733,0.8198,0.0,0.7248,0.681,0.8405,多周期共振看多 ⬆⬆⬆,0.7055,0.5544,0.3375
002536,飞龙股份,287.66,True,52.84,48.07,19,22.14,-4.51,8.71,9.93,0.7683,2026-06-12,2026-07-10,63.37,0.5527,0.5955,0.8879,0.7316,0.8141,0.0,0.7236,0.7976,0.8988,多周期共振看多 ⬆⬆⬆,0.5355,0.7315,0.5625
002653,海思科,372.15,True,69.33,60.82,16,45.23,-3.39,13.21,13.99,0.7545,2026-06-18,2026-07-10,69.77,0.9375,4.7034,0.8727,0.9625,0.6718,0.0,0.7232,0.6287,0.8144,多周期共振看多 ⬆⬆⬆,0.536,0.4273,0.495
600172,黄河旋风,216.96,True,17.0,16.16,18,30.25,-6.25,11.97,5.17,0.6657,2026-06-15,2026-07-10,55.56,0.5729,1.0403,0.9884,0.7438,0.9875,0.0,0.7191,0.7804,0.8902,多周期共振看多 ⬆⬆⬆,0.5345,0.6946,0.5625
000811,冰轮环境,523.15,True,53.47,47.46,19,49.99,-6.68,21.63,12.67,0.8023,2026-06-12,2026-07-10,63.31,0.4359,0.7635,0.9903,0.6616,0.8153,0.0,0.7173,0.7763,0.8881,多周期共振看多 ⬆⬆⬆,0.47,0.7408,0.5625
603928,兴业股份,64.05,True,18.8,13.74,15,36.8,-4.48,10.94,36.8,0.7386,2026-06-25,2026-07-10,73.74,0.9008,8.8983,1.0038,0.9405,0.5835,0.0,0.7127,0.724,0.862,多周期共振看多 ⬆⬆⬆,0.7288,0.404,0.5625
603339,四方科技,50.28,True,16.25,14.24,16,16.47,-3.47,4.94,14.11,0.6282,2026-06-17,2026-07-10,64.9,0.9455,8.5498,0.6474,0.9673,0.78,0.0,0.709,0.6809,0.8404,多周期共振看多 ⬆⬆⬆,0.68,0.4186,0.495
001359,平安电工,71.0,True,117.77,111.89,19,51.7,-2.62,20.49,5.25,0.6836,2026-07-08,2026-07-10,54.33,0.3884,1.1012,0.9123,0.633,0.9852,0.0,0.7079,0.8275,0.9138,多周期共振看多 ⬆⬆⬆,0.612,0.7315,0.5625
603757,大元泵业,144.63,True,77.53,67.68,16,32.08,-18.38,11.43,14.55,0.7545,2026-06-17,2026-07-10,64.33,0.424,0.8376,0.9563,0.6544,0.7927,0.0,0.7071,0.8475,0.9238,多周期共振看多 ⬆⬆⬆,0.6635,0.7315,0.5625
002415,海康威视,3116.49,True,34.45,33.23,18,9.95,-4.09,3.87,3.68,0.5112,2026-06-15,2026-07-10,57.53,0.7714,1.1304,0.4538,0.8628,0.9438,0.2436,0.7045,0.7008,0.8504,多周期共振看多 ⬆⬆⬆,0.572,0.4875,0.5625
603065,宿迁联盛,81.49,True,19.45,18.27,22,68.7,6.46,40.94,6.46,0.7616,2026-06-02,2026-07-10,57.41,0.3547,7.8541,1.0016,0.6128,0.9464,0.0,0.7037,0.6852,0.8426,多周期共振看多 ⬆⬆⬆,0.6115,0.4194,0.5625
603127,昭衍新药,272.44,True,43.22,37.57,16,17.75,-12.79,5.44,15.05,0.6406,2026-06-17,2026-07-10,65.26,0.9158,3.0169,0.704,0.9495,0.772,0.0,0.7033,0.6432,0.8216,多周期共振看多 ⬆⬆⬆,0.5975,0.3389,0.5625
002457,青龙管业,52.52,True,15.76,13.44,18,18.13,-4.35,5.15,17.28,0.6651,2026-06-30,2026-07-10,69.16,0.8948,0.4177,0.6658,0.904,0.6854,0.0,0.7008,0.7416,0.8708,多周期共振看多 ⬆⬆⬆,0.8112,0.5521,0.3825
003043,华亚智能,87.79,True,94.05,90.82,22,30.27,3.55,17.72,3.55,0.6888,2026-06-02,2026-07-10,57.56,0.4008,0.9459,0.9098,0.6405,0.9431,0.0,0.7007,0.7963,0.8982,多周期共振看多 ⬆⬆⬆,0.5105,0.75,0.5625
002371,北方华创,5808.13,True,801.0,787.03,21,30.77,-1.2,12.22,1.77,0.6285,2026-06-10,2026-07-10,55.88,0.501,0.9005,0.743,0.7006,0.9803,0.0,0.6993,0.7885,0.8942,多周期共振看多 ⬆⬆⬆,0.5335,0.7131,0.5625
603698,航天工程,236.32,True,44.09,37.61,16,30.83,-13.56,7.35,17.24,0.6883,2026-06-17,2026-07-10,66.21,0.7313,1.3662,0.8153,0.8388,0.7509,0.0,0.696,0.6727,0.8363,多周期共振看多 ⬆⬆⬆,0.584,0.4153,0.5625
603690,至纯科技,127.6,True,33.32,32.34,19,25.15,-3.58,9.65,3.04,0.6196,2026-06-15,2026-07-10,58.58,0.7689,1.5028,0.6548,0.8614,0.9204,0.0,0.69,0.5503,0.7752,多周期共振看多 ⬆⬆⬆,0.493,0.4494,0.3375
603019,中科曙光,1572.78,True,107.5,94.05,16,22.15,-8.68,5.08,14.3,0.6316,2026-06-17,2026-07-10,66.45,0.9329,4.2199,0.6894,0.9597,0.7456,0.0,0.6887,0.5635,0.7817,多周期共振看多 ⬆⬆⬆,0.6065,0.3812,0.3375
000725,京东方Ａ,2684.37,True,7.59,7.42,22,32.26,1.75,15.16,2.35,0.6588,2026-05-15,2026-07-10,56.42,0.7562,-0.0496,0.8598,0.6339,0.9684,0.0,0.6857,0.7278,0.8639,多周期共振看多 ⬆⬆⬆,0.5335,0.5798,0.5625
003004,声迅股份,57.06,True,83.01,73.37,22,22.71,2.03,11.14,13.14,0.85,2026-04-10,2026-07-10,62.89,0.3062,-0.1451,0.7127,0.3257,0.8246,0.0,0.6856,0.9343,0.9671,多周期共振看多 ⬆⬆⬆,0.875,0.7408,0.5625
603650,彤程新材,508.48,True,82.75,79.77,22,46.5,3.74,20.19,3.74,0.6935,2026-06-09,2026-07-10,59.73,0.3646,0.9616,0.9851,0.6187,0.8949,0.0,0.6844,0.7469,0.8735,多周期共振看多 ⬆⬆⬆,0.538,0.6179,0.5625
600206,有研新材,507.93,True,60.0,51.94,22,68.64,9.09,31.38,15.51,0.85,2026-06-09,2026-07-10,63.6,-0.0086,1.7645,1.0452,0.4,0.8088,0.0,0.6839,0.8208,0.9104,多周期共振看多 ⬆⬆⬆,0.6165,0.7131,0.5625
603211,晋拓股份,102.96,True,37.88,34.68,21,23.16,-0.02,9.98,9.21,0.8139,2026-07-09,2026-07-10,51.81,0.1291,0.1529,1.0295,0.3386,0.9291,0.0,0.6837,0.8593,0.9296,多周期共振看多 ⬆⬆⬆,0.672,0.75,0.5625
002317,众生药业,224.98,True,29.54,24.66,15,22.74,-7.96,6.09,19.8,0.6409,2026-06-22,2026-07-10,72.48,0.77,2.689,0.8427,0.862,0.6114,0.0,0.6825,0.8087,0.9043,多周期共振看多 ⬆⬆⬆,0.7288,0.5902,0.5625
002409,雅克科技,659.88,True,207.17,181.57,22,54.21,7.26,25.33,14.1,0.85,2026-06-09,2026-07-10,62.97,-0.0681,1.1682,0.9702,0.4,0.823,0.0,0.6799,0.7719,0.886,多周期共振看多 ⬆⬆⬆,0.547,0.6652,0.5625
002077,大港股份,111.25,True,19.17,18.3,16,10.86,-8.46,3.72,4.74,0.4661,2026-07-03,2026-07-10,57.61,0.7903,1.7959,0.5488,0.8742,0.9419,0.0853,0.6794,0.719,0.8595,多周期共振看多 ⬆⬆⬆,0.4773,0.6087,0.5625
000551,创元科技,90.37,True,18.65,17.81,15,28.07,-7.11,7.96,4.7,0.5551,2026-06-22,2026-07-10,64.5,0.8221,2.0342,0.7625,0.8933,0.7889,0.0,0.6776,0.7124,0.8562,多周期共振看多 ⬆⬆⬆,0.4052,0.656,0.5625
603800,洪田股份,175.51,True,84.38,80.21,20,20.25,-1.78,7.82,5.2,0.6438,2026-07-08,2026-07-10,57.65,0.2869,0.552,0.9403,0.5721,0.941,0.0,0.6771,0.8274,0.9137,多周期共振看多 ⬆⬆⬆,0.6765,0.6762,0.5625
603259,药明康德,3049.55,True,123.3,114.22,18,22.27,-2.65,8.39,7.95,0.6948,2026-06-17,2026-07-10,67.87,0.7667,-0.1715,0.5189,0.5914,0.7139,0.1352,0.6729,0.8047,0.9023,多周期共振看多 ⬆⬆⬆,0.6094,0.6837,0.5625
001256,炜冈科技,29.63,True,27.71,26.83,19,21.06,-4.07,7.42,3.29,0.5701,2026-06-12,2026-07-10,65.31,0.5803,0.6573,0.5761,0.7482,0.7709,0.0398,0.6726,0.8586,0.9293,多周期共振看多 ⬆⬆⬆,0.737,0.6929,0.5625
600520,三佳科技,55.45,True,35.0,34.46,17,26.47,-12.01,7.46,1.56,0.4961,2026-06-16,2026-07-10,54.0,0.6456,1.7129,0.8794,0.7874,0.9778,0.0,0.6679,0.7192,0.8596,多周期共振看多 ⬆⬆⬆,0.3882,0.6854,0.5625
603068,博通集成,59.27,True,39.05,37.77,16,14.23,-10.33,4.72,3.39,0.4575,2026-06-17,2026-07-10,56.63,0.8044,2.7501,0.4864,0.8827,0.9637,0.1893,0.6654,0.5048,0.7524,多周期共振看多 ⬆⬆⬆,0.4787,0.3635,0.3357
000977,浪潮信息,1313.11,True,89.52,68.43,17,30.83,-11.3,5.15,30.83,0.6493,2026-06-16,2026-07-10,73.56,0.8373,5.3421,0.7634,0.9024,0.5877,0.0,0.6648,0.6113,0.8056,多周期共振看多 ⬆⬆⬆,0.6072,0.3281,0.495
002303,美盈森,43.8,True,4.53,3.97,19,26.41,-7.99,11.47,14.19,0.8023,2026-06-12,2026-07-10,74.6,0.6129,11.6418,0.7274,0.7677,0.5644,0.0,0.6638,0.4795,0.7398,多周期共振看多 ⬆⬆⬆,0.6935,0.1894,0.27
001339,智微智能,157.09,True,97.03,95.79,18,26.67,-7.6,9.44,1.29,0.5547,2026-06-15,2026-07-10,46.37,0.5839,1.1919,0.8271,0.7504,0.8082,0.0,0.6602,0.78,0.89,多周期共振看多 ⬆⬆⬆,0.4795,0.7408,0.5625
605178,时空科技,100.62,True,101.55,87.56,16,53.64,-5.34,18.64,15.98,0.7545,2026-06-17,2026-07-10,66.97,0.637,-0.061,0.965,0.5578,0.734,0.0,0.6585,0.684,0.842,多周期共振看多 ⬆⬆⬆,0.545,0.4737,0.5625
000938,紫光股份,1098.55,True,38.41,29.32,12,31.01,-12.04,4.41,31.01,0.5512,2026-06-29,2026-07-10,72.4,0.9164,3.2057,0.796,0.9499,0.6133,0.0,0.6584,0.6885,0.8442,多周期共振看多 ⬆⬆⬆,0.5045,0.5183,0.5625
002965,祥鑫科技,97.89,True,51.41,47.71,21,31.19,-0.95,15.9,7.75,0.7779,2026-06-10,2026-07-10,69.77,0.3485,0.8452,0.6102,0.6091,0.6718,0.0,0.6581,0.617,0.8085,多周期共振看多 ⬆⬆⬆,0.575,0.5256,0.3375
002901,大博医疗,129.09,True,44.76,42.59,22,8.95,0.56,3.26,5.1,0.6436,2026-06-08,2026-07-10,64.7,0.8056,1.0074,0.3317,0.8834,0.7844,0.4472,0.6568,-0.0028,0.4986,多周期方向不一致，观望,0.4238,0.0745,-0.45
603268,松发股份,372.45,True,159.68,150.04,16,12.55,-5.11,3.2,6.43,0.5052,2026-07-01,2026-07-10,59.31,0.7009,0.2675,0.6462,0.7275,0.9042,0.0,0.6566,0.791,0.8955,多周期共振看多 ⬆⬆⬆,0.54,0.7131,0.5625
603519,立霸股份,39.2,True,14.72,14.09,20,18.03,-4.96,8.24,4.47,0.6361,2026-06-11,2026-07-10,55.95,0.1223,1.6013,0.5871,0.4734,0.9789,0.0214,0.6559,0.7712,0.8856,多周期共振看多 ⬆⬆⬆,0.7165,0.5183,0.5625
002559,亚威股份,59.42,True,11.79,11.91,17,39.24,-7.79,9.71,-1.02,0.4877,2026-07-10,2026-07-10,56.69,0.6264,2.9181,0.898,0.7758,0.9626,0.0,0.6557,0.6789,0.8395,多周期共振看多 ⬆⬆⬆,0.4607,0.5348,0.5625
002668,TCL智家,113.61,True,10.48,10.44,21,12.8,-4.01,5.46,0.34,0.5049,2026-06-10,2026-07-10,59.13,0.532,0.5358,0.4705,0.7192,0.9082,0.2159,0.654,0.6069,0.8034,多周期共振看多 ⬆⬆⬆,0.5155,0.5544,0.3375
002774,快意电梯,44.8,True,15.9,13.61,18,22.06,-9.95,8.03,16.86,0.7371,2026-06-15,2026-07-10,66.48,0.2148,0.2701,0.806,0.4369,0.7449,0.0,0.6531,0.863,0.9315,多周期共振看多 ⬆⬆⬆,0.7805,0.6652,0.5625
600366,宁波韵升,167.6,True,15.25,15.06,22,17.59,0.71,8.91,1.26,0.6044,2026-06-08,2026-07-10,51.34,0.5174,0.8073,0.7381,0.7104,0.9187,0.0,0.6519,0.5258,0.7629,多周期共振看多 ⬆⬆⬆,0.539,0.4237,0.27
600460,士兰微,740.68,True,44.51,46.09,19,35.24,-4.22,15.93,-3.42,0.4668,2026-07-10,2026-07-10,49.44,0.7024,1.2261,0.8126,0.8215,0.8765,0.0,0.6519,0.7289,0.8644,多周期共振看多 ⬆⬆⬆,0.5335,0.5821,0.5625
603155,新亚强,89.3,True,28.28,25.45,22,30.25,0.6,14.11,11.14,0.85,2026-06-02,2026-07-10,64.32,0.1757,-0.0952,1.1034,0.2673,0.7928,0.0,0.6482,0.7665,0.8832,多周期共振看多 ⬆⬆⬆,0.63,0.5821,0.5625
603087,甘李药业,373.0,True,66.47,58.73,20,17.6,-2.74,5.17,13.17,0.705,2026-06-26,2026-07-10,66.71,0.8999,2.4221,0.6365,0.9399,0.7397,0.0,0.6476,0.097,0.5485,多周期方向不一致，观望,0.4908,0.0056,0.0
600851,海欣股份,64.81,True,8.78,8.67,16,28.45,-7.34,6.7,1.23,0.4527,2026-07-08,2026-07-10,49.32,0.8823,5.6085,0.8133,0.9294,0.8737,0.0,0.6474,0.5573,0.7787,多周期共振看多 ⬆⬆⬆,0.3107,0.396,0.5625
600470,六国化工,36.3,True,6.96,6.23,19,16.0,-9.25,6.61,11.71,0.7175,2026-06-18,2026-07-10,64.31,0.8182,3.9187,0.8656,0.8909,0.7932,0.0,0.6463,0.0709,0.5354,⚠️ 月线看多但周线走弱，日线仅为反弹,0.635,-0.3194,0.225
002167,东方锆业,149.09,True,19.65,20.06,20,48.44,-2.05,22.21,-2.05,0.5168,2026-07-10,2026-07-10,54.74,0.6213,0.174,1.107,0.6423,0.9943,0.0,0.6458,0.7049,0.8524,多周期共振看多 ⬆⬆⬆,0.5515,0.514,0.5625
603661,恒林股份,52.98,True,38.1,37.46,19,15.58,-4.9,6.92,1.7,0.5178,2026-06-24,2026-07-10,54.57,0.5647,0.3696,0.8767,0.6867,0.9904,0.0,0.6441,0.6231,0.8115,多周期共振看多 ⬆⬆⬆,0.4603,0.4125,0.5625
603456,九洲药业,130.23,True,14.77,13.63,20,15.83,-3.1,5.17,8.33,0.6673,2026-06-11,2026-07-10,66.37,0.8854,2.9796,0.4892,0.9312,0.7473,0.1846,0.6392,-0.0221,0.4889,⚠️⚠️ 逆大势反弹，大概率是下跌中继,0.5041,-0.2903,-0.5625
001314,亿道信息,76.18,True,61.24,58.24,16,9.15,-8.84,1.75,5.15,0.4327,2026-07-07,2026-07-10,54.2,0.5273,0.8722,0.5874,0.7164,0.9822,0.021,0.6374,0.7193,0.8597,多周期共振看多 ⬆⬆⬆,0.4208,0.6577,0.5625
603580,艾艾精工,40.09,True,30.68,24.93,11,23.05,-8.99,2.26,23.05,0.4815,2026-06-26,2026-07-06,73.93,0.8373,13.6142,0.6848,0.9024,0.5794,0.0,0.6347,0.7827,0.8913,多周期共振看多 ⬆⬆⬆,0.4865,0.7408,0.5625
001229,魅视科技,35.08,True,47.56,33.4,20,42.41,-1.83,15.45,42.41,0.8182,2026-06-23,2026-07-10,91.11,0.4894,2.8275,0.7922,0.6937,0.1976,0.0,0.6336,0.7581,0.879,多周期共振看多 ⬆⬆⬆,0.8255,0.396,0.5625
001270,铖昌科技,0.0,True,166.3,143.15,11,20.01,-11.24,3.9,16.18,0.5226,2026-06-25,2026-07-10,67.73,0.6876,1.5641,0.8858,0.8126,0.7172,0.0,0.6334,0.6524,0.8262,多周期共振看多 ⬆⬆⬆,0.3769,0.5483,0.5625
003026,中晶科技,56.19,True,38.87,38.47,19,27.43,-5.76,10.23,1.04,0.5784,2026-07-07,2026-07-10,50.49,0.177,1.4642,0.8959,0.5062,0.8999,0.0,0.6331,0.7868,0.8934,多周期共振看多 ⬆⬆⬆,0.4968,0.7408,0.5625
000672,上峰材料,190.49,True,19.65,20.32,16,29.13,-6.36,10.08,-3.31,0.4218,2026-07-10,2026-07-10,53.28,0.5377,1.303,0.8365,0.7226,0.9619,0.0,0.6326,0.738,0.869,多周期共振看多 ⬆⬆⬆,0.46,0.6652,0.5625
002816,*ST和科,28.97,True,28.97,27.91,20,13.33,-2.75,5.19,3.8,0.5726,2026-07-07,2026-07-10,57.96,0.0822,0.5664,0.5681,0.4493,0.9343,0.0531,0.6311,0.7923,0.8962,多周期共振看多 ⬆⬆⬆,0.5543,0.7038,0.5625
603269,海鸥股份,0.0,True,16.87,16.57,17,11.29,-2.86,3.18,1.78,0.4179,2026-07-03,2026-07-10,51.51,0.8212,0.0603,0.7016,0.7168,0.9225,0.0,0.6265,0.7555,0.8778,多周期共振看多 ⬆⬆⬆,0.4276,0.7315,0.5625
002979,雷赛智能,147.06,True,66.01,58.33,11,31.41,-10.98,4.54,13.17,0.5386,2026-06-29,2026-07-10,67.79,0.6196,0.2658,0.7341,0.6781,0.7158,0.0,0.6253,0.7658,0.8829,多周期共振看多 ⬆⬆⬆,0.5293,0.6669,0.5625
002272,川润股份,96.89,True,23.74,22.66,17,14.89,-2.74,4.96,4.77,0.5137,2026-07-08,2026-07-10,57.07,0.2678,0.156,0.4355,0.4231,0.954,0.2742,0.6229,0.7095,0.8548,多周期共振看多 ⬆⬆⬆,0.3222,0.7206,0.5625
603669,灵康药业,44.02,True,6.18,5.54,22,24.95,5.91,13.98,11.49,0.85,2026-06-05,2026-07-10,77.83,0.5233,-0.376,0.4512,0.3636,0.4926,0.2481,0.622,0.5646,0.7823,多周期共振看多 ⬆⬆⬆,0.737,0.2717,0.3375
000066,中国长城,627.37,True,19.45,18.25,15,17.08,-15.57,1.43,6.57,0.4386,2026-07-03,2026-07-10,54.25,0.8922,2.2288,0.7774,0.9353,0.9833,0.0,0.618,0.2151,0.6076,月线看多，日线反弹（等待周线确认）,0.4298,-0.053,0.5625
001206,依依股份,21.45,True,20.07,18.69,19,17.55,-7.54,6.41,7.41,0.6477,2026-07-06,2026-07-10,64.48,0.838,5.0654,0.7907,0.9028,0.7894,0.0,0.6168,-0.0118,0.4941,⚠️⚠️ 逆大势反弹，大概率是下跌中继,0.5555,-0.2513,-0.45
000063,中兴通讯,1632.39,True,40.53,37.31,11,8.64,-5.9,0.45,8.64,0.4281,2026-07-08,2026-07-10,53.33,0.81,0.449,0.5925,0.8656,0.963,0.0125,0.6166,0.3548,0.6774,多周期共振看多 ⬆⬆⬆,0.1753,0.4045,0.225
000100,TCL科技,1030.06,True,5.12,5.21,20,23.26,-1.9,7.5,-1.67,0.4638,2026-07-10,2026-07-10,51.91,0.7121,0.0738,0.83,0.6567,0.9312,0.0,0.6146,0.6356,0.8178,多周期共振看多 ⬆⬆⬆,0.538,0.3733,0.5625
603257,中国瑞林,18.08,True,72.63,73.31,18,19.57,-7.19,7.93,-0.93,0.4614,2026-07-10,2026-07-10,54.39,0.534,0.058,0.6473,0.5436,0.9865,0.0,0.6096,0.7157,0.8579,多周期共振看多 ⬆⬆⬆,0.4566,0.619,0.5625
002605,姚记科技,69.03,True,20.41,18.9,13,8.97,-2.93,1.42,8.01,0.5006,2026-06-30,2026-07-10,65.7,0.9086,2.8946,0.3914,0.9451,0.7621,0.3477,0.6088,-0.0359,0.482,⚠️⚠️ 逆大势反弹，大概率是下跌中继,0.2896,-0.4815,-0.45
600267,海正药业,127.12,True,10.77,10.22,16,9.69,-6.48,2.41,5.38,0.4698,2026-06-22,2026-07-10,64.75,0.8783,1.554,0.4354,0.927,0.7832,0.2744,0.6083,0.0961,0.5481,多周期方向不一致，观望,0.3268,0.0409,0.1013
002156,通富微电,1076.63,True,70.95,68.93,13,17.34,-11.6,2.42,2.93,0.3407,2026-07-08,2026-07-10,49.68,0.7243,0.5819,0.8674,0.8346,0.8819,0.0,0.6078,0.6514,0.8257,多周期共振看多 ⬆⬆⬆,0.1929,0.7038,0.5625
603283,赛腾股份,232.49,True,65.95,67.83,20,36.97,-2.77,16.33,-2.77,0.4988,2026-07-10,2026-07-10,51.15,0.1409,1.2695,0.8811,0.4845,0.9146,0.0,0.6073,0.7885,0.8942,多周期共振看多 ⬆⬆⬆,0.5335,0.7131,0.5625
002079,苏州固锝,0.0,True,13.6,13.82,16,15.42,-6.54,5.66,-1.58,0.3566,2026-07-10,2026-07-10,46.89,0.6578,0.5267,0.5826,0.7947,0.8197,0.0289,0.6068,0.7202,0.8601,多周期共振看多 ⬆⬆⬆,0.38,0.6946,0.5625
603004,鼎龙科技,13.36,True,22.69,22.58,19,15.87,-2.56,7.55,0.47,0.5027,2026-07-09,2026-07-10,56.91,0.6252,1.1511,0.437,0.7751,0.9576,0.2717,0.6068,0.0411,0.5205,多周期方向不一致，观望,0.3994,0.1221,-0.2838
605111,新洁能,304.6,True,73.34,78.56,18,40.78,-6.64,12.66,-6.64,0.3703,2026-07-10,2026-07-10,48.87,0.5632,0.6817,0.8913,0.7379,0.8637,0.0,0.6065,0.7458,0.8729,多周期共振看多 ⬆⬆⬆,0.5245,0.6271,0.5625
002850,科达利,420.22,True,200.45,196.81,18,18.52,-4.92,3.96,1.85,0.4316,2026-06-29,2026-07-10,55.67,0.6241,0.1253,0.7268,0.6246,0.9852,0.0,0.6064,0.6341,0.8171,多周期共振看多 ⬆⬆⬆,0.3207,0.5563,0.5625
605377,华旺科技,56.39,True,10.13,8.95,14,13.13,-10.44,2.68,13.13,0.5396,2026-06-22,2026-07-10,67.84,0.8469,3.4503,0.8114,0.9082,0.7148,0.0,0.6057,0.2396,0.6198,月线看多，日线反弹（等待周线确认）,0.5015,-0.0144,0.5625
002129,TCL中环,430.63,True,10.66,10.66,19,18.65,-3.98,5.79,0.04,0.4481,2026-07-06,2026-07-10,51.67,0.667,0.0957,0.8096,0.6385,0.9261,0.0,0.6041,0.6243,0.8121,多周期共振看多 ⬆⬆⬆,0.3543,0.506,0.5625
000810,创维数字,142.6,True,12.84,12.2,15,14.94,-13.88,3.6,5.22,0.4593,2026-07-09,2026-07-10,49.03,0.71,1.6547,0.6946,0.826,0.8674,0.0,0.604,0.367,0.6835,多周期共振看多 ⬆⬆⬆,0.1803,0.3146,0.3375
002132,恒星科技,76.12,True,5.44,5.39,12,12.22,-3.59,1.43,0.85,0.2798,2026-06-29,2026-07-10,56.49,0.7977,0.2373,0.5867,0.7735,0.9669,0.0222,0.6036,0.7418,0.8709,多周期共振看多 ⬆⬆⬆,0.403,0.7223,0.5625
002289,宇顺电子,118.09,True,43.03,44.15,17,16.64,-7.41,4.45,-2.53,0.3184,2026-07-10,2026-07-10,50.49,0.609,1.1082,0.701,0.7654,0.8998,0.0,0.6008,0.7377,0.8689,多周期共振看多 ⬆⬆⬆,0.4573,0.6669,0.5625
605305,中际联合,90.6,True,42.63,41.74,15,17.57,-9.74,3.71,2.12,0.3843,2026-06-18,2026-07-10,55.59,0.7154,1.102,0.6852,0.8292,0.9869,0.0,0.6001,0.3676,0.6838,多周期共振看多 ⬆⬆⬆,0.3988,0.1735,0.2925
000739,普洛药业,208.44,True,18.0,17.05,16,11.32,-6.34,2.7,5.59,0.4695,2026-06-26,2026-07-10,65.01,0.6993,0.8043,0.3992,0.8196,0.7776,0.3346,0.5986,0.1503,0.5752,月线看多，日线反弹（等待周线确认）,0.3071,0.1254,0.225
603078,江化微,179.63,True,46.58,48.57,20,27.47,-4.1,13.78,-4.1,0.4657,2026-07-10,2026-07-10,50.89,0.6064,-0.1618,1.0229,0.4992,0.9086,0.0,0.5985,0.7814,0.8907,多周期共振看多 ⬆⬆⬆,0.5605,0.6744,0.5625
002693,双成药业,42.95,True,10.45,9.3,10,17.8,-11.24,-1.3,12.32,0.3765,2026-06-26,2026-07-10,65.46,0.8838,2.2872,0.73,0.9303,0.7675,0.0,0.5985,0.4751,0.7376,上升趋势中的日线整理,0.0684,0.6129,0.5625
600379,宝光股份,48.8,True,14.78,14.26,14,22.98,-14.64,5.63,3.62,0.454,2026-06-22,2026-07-10,61.25,0.821,1.5446,0.8457,0.8926,0.8611,0.0,0.5982,0.2341,0.617,月线看多，日线反弹（等待周线确认）,0.4741,-0.0135,0.5625
002935,天奥电子,89.56,True,21.64,21.74,18,11.07,-3.25,4.56,-0.46,0.3979,2026-07-10,2026-07-10,50.87,0.6815,1.8554,0.587,0.8089,0.9083,0.0216,0.598,0.4276,0.7138,多周期共振看多 ⬆⬆⬆,0.1622,0.3957,0.405
002861,瀛通通讯,31.76,True,21.15,20.88,17,20.78,-2.94,7.71,1.28,0.4953,2026-06-17,2026-07-10,56.99,0.2701,0.1673,0.4903,0.429,0.9558,0.1829,0.5963,0.6017,0.8009,多周期共振看多 ⬆⬆⬆,0.4788,0.5071,0.405
000566,海南海药,64.19,True,4.95,4.72,14,44.17,-8.7,10.32,4.81,0.5929,2026-06-22,2026-07-10,61.15,0.7496,12.4796,1.1505,0.8498,0.8633,0.0,0.5947,-0.061,0.4695,多周期方向不一致，观望,0.38,-0.0313,-0.5625
603725,天安新材,41.58,True,13.64,12.11,12,23.26,-11.18,3.23,12.59,0.5216,2026-06-30,2026-07-10,69.05,0.724,-0.2032,0.7521,0.5531,0.6878,0.0,0.5941,0.7903,0.8952,多周期共振看多 ⬆⬆⬆,0.5705,0.6854,0.5625
600276,恒瑞医药,3556.29,True,55.75,51.53,16,13.97,-4.87,4.33,8.19,0.5675,2026-06-17,2026-07-10,67.56,0.7328,1.1507,0.459,0.8397,0.7208,0.235,0.5935,-0.0103,0.4949,⚠️⚠️ 逆大势反弹，大概率是下跌中继,0.4894,-0.1665,-0.45
000513,丽珠集团,171.81,True,30.24,29.82,17,5.16,-3.5,1.03,1.39,0.4253,2026-06-30,2026-07-10,56.01,0.7095,0.3699,0.3364,0.7736,0.9776,0.4393,0.5918,-0.0484,0.4758,⚠️⚠️ 逆大势反弹，大概率是下跌中继,0.2571,-0.58,-0.5625
603789,ST星农,17.63,True,6.78,5.89,8,23.1,-6.31,2.85,15.16,0.4485,2026-06-23,2026-07-10,64.97,0.6163,3.8765,0.7594,0.7698,0.7784,0.0,0.5915,0.49,0.745,多周期共振看多 ⬆⬆⬆,0.3108,0.4956,0.315
002346,柘中股份,85.52,True,21.81,19.48,13,21.92,-19.11,2.19,11.98,0.5115,2026-07-08,2026-07-10,58.25,0.6995,-0.054,0.8488,0.5981,0.9279,0.0,0.5913,0.4324,0.7162,多周期共振看多 ⬆⬆⬆,0.2882,0.2084,0.495
600885,宏发股份,537.02,True,34.7,35.05,15,12.21,-5.96,2.31,-1.01,0.2711,2026-07-10,2026-07-10,48.61,0.8657,0.3951,0.6676,0.8775,0.858,0.0,0.5903,0.6385,0.8193,多周期共振看多 ⬆⬆⬆,0.3125,0.5729,0.5625
002907,华森制药,47.62,True,14.18,13.3,16,11.45,-5.28,4.69,6.62,0.5373,2026-07-08,2026-07-10,58.48,0.7352,7.0082,0.7036,0.8411,0.9228,0.0,0.5895,-0.0264,0.4868,多周期方向不一致，观望,0.533,-0.1231,-0.45
600862,中航高科,273.46,True,19.63,18.55,16,6.9,-7.9,1.63,5.81,0.4692,2026-07-02,2026-07-10,54.44,0.704,2.049,0.5009,0.8224,0.9875,0.1652,0.5892,-0.0454,0.4773,⚠️⚠️ 逆大势反弹，大概率是下跌中继,0.3849,-0.6331,-0.5625
603341,龙旗科技,113.06,True,42.47,39.64,17,12.16,-6.6,3.3,7.13,0.5313,2026-07-07,2026-07-10,66.06,0.7029,0.5886,0.5056,0.8217,0.7543,0.1573,0.5882,0.0849,0.5424,多周期方向不一致，观望,0.4726,0.1483,-0.1804
000518,四环生物,0.0,True,4.06,3.38,8,20.05,-13.03,-0.81,20.05,0.3571,2026-06-30,2026-07-10,82.84,0.889,1.2639,0.4291,0.9334,0.3814,0.2848,0.5871,0.661,0.8305,多周期共振看多 ⬆⬆⬆,0.3573,0.584,0.5625
002925,盈趣科技,164.49,True,22.5,22.98,16,13.11,-5.41,3.81,-2.08,0.298,2026-07-10,2026-07-10,48.5,0.7292,0.9627,0.6288,0.8375,0.8557,0.0,0.5867,0.6118,0.8059,多周期共振看多 ⬆⬆⬆,0.2253,0.589,0.5625
002364,中恒电气,312.82,True,56.05,52.66,11,6.44,-11.86,-0.4,6.44,0.3403,2026-07-08,2026-07-10,55.07,0.5352,0.6224,0.7935,0.7211,0.9985,0.0,0.5844,0.5062,0.7531,上升趋势中的日线整理,0.0242,0.7315,0.5625
000691,亚太实业,36.79,True,11.38,11.71,18,34.52,-2.79,13.49,-2.79,0.4666,2026-07-10,2026-07-10,47.91,0.5036,0.1063,0.7176,0.5447,0.8425,0.0,0.5838,0.6677,0.8338,多周期共振看多 ⬆⬆⬆,0.4225,0.5429,0.5625
603010,万盛股份,86.13,True,15.09,15.56,12,25.19,-7.35,5.11,-3.03,0.2429,2026-07-10,2026-07-10,56.77,0.6417,1.3075,0.7269,0.785,0.9608,0.0,0.5825,0.6677,0.8338,多周期共振看多 ⬆⬆⬆,0.2024,0.7315,0.5625
002558,巨人网络,561.8,True,29.56,26.58,15,12.27,-9.9,2.75,11.23,0.5575,2026-06-18,2026-07-10,69.06,0.8654,3.1821,0.5605,0.9193,0.6875,0.0659,0.5808,-0.0404,0.4798,⚠️⚠️ 逆大势反弹，大概率是下跌中继,0.5292,-0.6608,-0.5625
603607,京华激光,42.06,True,23.56,23.11,15,20.37,-8.23,4.16,1.93,0.391,2026-06-18,2026-07-10,56.89,0.7423,1.3803,0.7663,0.8454,0.9579,0.0,0.5757,0.1651,0.5826,月线看多，日线反弹（等待周线确认）,0.3151,0.1142,0.2897
002084,海鸥住工,24.49,True,3.8,3.55,18,8.35,-8.55,3.39,7.18,0.5715,2026-06-15,2026-07-10,63.83,0.3517,0.5365,0.374,0.611,0.8038,0.3767,0.5748,-0.0164,0.4918,⚠️⚠️ 逆大势反弹，大概率是下跌中继,0.4597,-0.3649,-0.3422
002038,双鹭药业,0.0,True,6.38,5.72,12,21.65,-10.81,1.66,11.44,0.4823,2026-06-26,2026-07-10,61.55,0.8555,3.0286,1.0253,0.9133,0.8544,0.0,0.5747,-0.0467,0.4767,⚠️⚠️ 逆大势反弹，大概率是下跌中继,0.2727,-0.5599,-0.5625
002631,德尔未来,76.82,True,9.68,9.58,22,34.54,1.05,13.95,1.05,0.6264,2026-06-05,2026-07-10,63.36,0.3158,-0.4641,0.796,0.2038,0.8142,0.0,0.5735,0.7814,0.8907,多周期共振看多 ⬆⬆⬆,0.5155,0.7131,0.5625
002517,恺英网络,319.63,True,16.92,15.82,14,12.31,-10.5,1.95,6.95,0.4451,2026-06-23,2026-07-10,65.69,0.7885,1.898,0.4166,0.8731,0.7624,0.3056,0.5728,-0.0417,0.4792,⚠️⚠️ 逆大势反弹，大概率是下跌中继,0.2691,-0.4624,-0.5625
002126,银轮股份,433.36,True,54.5,50.79,10,11.16,-10.27,-0.02,7.3,0.3412,2026-07-01,2026-07-10,60.99,0.4478,0.5893,0.6604,0.6687,0.8669,0.0,0.5723,0.6492,0.8246,多周期共振看多 ⬆⬆⬆,0.2195,0.6762,0.5625
600877,电科芯片,200.46,True,16.93,15.73,14,19.53,-12.31,5.15,7.63,0.5423,2026-06-22,2026-07-10,68.4,0.8198,2.5686,0.6467,0.8919,0.7022,0.0,0.5721,0.0058,0.5029,多周期方向不一致，观望,0.3754,-0.0714,-0.225
603213,镇洋发展,64.33,True,14.46,14.14,7,5.96,-4.96,-0.24,2.3,0.2177,2026-07-08,2026-07-10,58.1,0.8862,-0.0927,0.313,0.6947,0.9312,0.4784,0.5708,0.4327,0.7164,上升趋势中的日线整理,0.0718,0.4998,0.5625
603950,长源东谷,231.57,True,71.5,75.08,14,27.09,-12.47,7.14,-4.77,0.282,2026-07-10,2026-07-10,49.3,0.4978,1.908,1.0202,0.6987,0.8734,0.0,0.5704,0.7207,0.8603,多周期共振看多 ⬆⬆⬆,0.3275,0.7408,0.5625
603380,易德龙,66.28,True,41.31,42.48,17,21.32,-7.3,7.43,-2.76,0.3873,2026-07-10,2026-07-10,44.19,0.5822,0.6641,0.9723,0.7493,0.7599,0.0,0.5702,0.5214,0.7607,多周期共振看多 ⬆⬆⬆,0.4146,0.453,0.3375
002654,万润科技,150.12,True,17.76,18.58,15,29.56,-10.07,8.06,-4.41,0.3301,2026-07-10,2026-07-10,47.76,0.4255,0.5868,0.7681,0.6553,0.8392,0.0,0.57,0.7122,0.8561,多周期共振看多 ⬆⬆⬆,0.4277,0.6361,0.5625
002354,天娱数科,138.83,True,8.54,8.44,19,27.24,-5.07,9.87,1.23,0.5798,2026-07-09,2026-07-10,50.26,-0.0147,0.1313,1.1376,0.2525,0.8946,0.0,0.5693,0.6856,0.8428,多周期共振看多 ⬆⬆⬆,0.4886,0.5256,0.5625
002841,视源股份,273.45,True,52.45,37.66,9,42.05,-10.49,4.39,39.27,0.503,2026-06-29,2026-07-10,86.05,0.9339,12.8781,0.6933,0.9603,0.3099,0.0,0.5692,0.4383,0.7191,多周期共振看多 ⬆⬆⬆,0.4213,0.4446,0.1575
000301,东方盛虹,0.0,True,12.55,12.17,13,15.26,-4.8,0.91,3.09,0.3135,2026-06-30,2026-07-10,53.53,0.7728,1.3117,0.7274,0.8637,0.9673,0.0,0.5687,0.2543,0.6271,多周期共振看多 ⬆⬆⬆,0.1862,0.1742,0.225
002174,游族网络,124.76,True,12.74,12.12,18,13.41,-12.75,4.08,5.1,0.5159,2026-06-15,2026-07-10,54.87,0.2092,0.5265,0.5894,0.5255,0.9971,0.0176,0.5683,0.2567,0.6283,月线震荡，中短期走强,0.5091,0.4119,0.0145
002773,康弘药业,153.22,True,22.31,21.14,14,13.82,-3.72,2.53,5.56,0.425,2026-06-26,2026-07-10,62.85,0.9299,1.5667,0.567,0.958,0.8255,0.055,0.5678,-0.0449,0.4775,⚠️⚠️ 逆大势反弹，大概率是下跌中继,0.3946,-0.6313,-0.5625
600671,天目药业,23.39,True,19.21,17.57,13,10.79,-10.35,1.34,9.31,0.4728,2026-06-29,2026-07-10,57.89,0.593,0.9657,0.5312,0.7558,0.9357,0.1146,0.5671,-0.0221,0.4889,多周期方向不一致，观望,0.397,-0.55,0.1125
603444,吉比特,259.49,True,360.2,348.12,14,9.09,-5.95,2.23,3.47,0.3769,2026-06-23,2026-07-10,63.4,0.7823,1.6251,0.3739,0.8694,0.8133,0.3768,0.567,-0.0374,0.4813,⚠️⚠️ 逆大势反弹，大概率是下跌中继,0.3777,-0.4728,-0.5625
002472,双环传动,326.01,True,43.55,41.96,13,12.03,-10.17,0.4,3.8,0.3119,2026-06-29,2026-07-10,54.15,0.7814,0.2403,0.703,0.765,0.9811,0.0,0.5661,0.3788,0.6894,多周期共振看多 ⬆⬆⬆,0.1721,0.3475,0.3375
002675,东诚药业,95.38,True,12.83,12.66,12,2.52,-2.28,0.34,1.33,0.3373,2026-07-09,2026-07-10,54.23,0.5649,1.3038,0.313,0.7389,0.9829,0.4783,0.5643,-0.0397,0.4802,⚠️⚠️ 逆大势反弹，大概率是下跌中继,0.1887,-0.3557,-0.5625
002990,盛视科技,81.38,True,58.96,64.76,16,42.8,-18.76,13.93,-8.95,0.2808,2026-07-10,2026-07-10,49.94,0.4446,4.0341,0.9927,0.6667,0.8876,0.0,0.5642,0.7076,0.8538,多周期共振看多 ⬆⬆⬆,0.4195,0.6331,0.5625
603313,梦百合,41.42,True,7.26,5.88,13,25.79,-8.72,5.13,23.51,0.5852,2026-06-24,2026-07-10,75.27,0.8647,5.3446,0.7957,0.9188,0.5495,0.0,0.5627,-0.0324,0.4838,⚠️⚠️ 逆大势反弹，大概率是下跌中继,0.4918,-0.5895,-0.45
002211,ST宏达,16.3,True,3.77,3.89,14,9.83,-3.67,2.1,-3.13,0.225,2026-07-10,2026-07-10,52.53,0.67,0.5548,0.563,0.802,0.9451,0.0616,0.5625,0.4935,0.7468,上升趋势中的日线整理,0.0969,0.6363,0.5625
603049,中策橡胶,240.37,True,47.6,46.02,11,8.08,-3.56,1.06,3.44,0.3342,2026-07-01,2026-07-10,61.3,0.8115,0.9641,0.3879,0.8869,0.86,0.3534,0.5624,-0.0366,0.4817,⚠️⚠️ 逆大势反弹，大概率是下跌中继,0.1932,-0.412,-0.45
002972,科安达,22.84,True,16.96,17.27,20,29.55,-1.81,16.61,-1.81,0.5229,2026-07-10,2026-07-10,47.5,0.0227,0.1775,0.6856,0.2846,0.8334,0.0,0.5624,0.7885,0.8942,多周期共振看多 ⬆⬆⬆,0.5335,0.7131,0.5625
603858,步长制药,163.35,True,15.49,15.24,17,4.01,-4.51,0.57,1.64,0.4034,2026-06-30,2026-07-10,53.97,0.5528,1.1419,0.4313,0.7317,0.9772,0.2811,0.56,-0.0567,0.4717,⚠️⚠️ 逆大势反弹，大概率是下跌中继,0.2092,-0.6969,-0.5625
002728,特一药业,47.93,True,9.56,8.77,13,14.55,-7.12,2.7,9.0,0.4991,2026-06-26,2026-07-10,66.11,0.8043,4.3156,0.6777,0.8826,0.7531,0.0,0.5593,-0.0392,0.4804,⚠️⚠️ 逆大势反弹，大概率是下跌中继,0.4529,-0.6406,-0.495
603976,正川股份,41.18,True,26.59,27.25,21,20.48,-2.42,9.5,-2.42,0.5113,2026-07-10,2026-07-10,44.78,0.0311,0.2778,0.9333,0.3298,0.7728,0.0,0.5581,0.7829,0.8915,多周期共振看多 ⬆⬆⬆,0.5515,0.6854,0.5625
600353,旭光电子,349.76,True,42.2,42.22,19,69.55,-9.19,27.66,-0.04,0.5513,2026-07-10,2026-07-10,44.74,0.0698,0.0211,1.2021,0.2503,0.772,0.0,0.5566,0.8027,0.9013,多周期共振看多 ⬆⬆⬆,0.6022,0.6854,0.5625
603296,华勤技术,0.0,True,82.8,74.93,6,10.51,-10.49,-1.53,10.51,0.3073,2026-07-07,2026-07-10,54.49,0.5949,1.4747,0.7345,0.757,0.9887,0.0,0.5566,0.3179,0.659,上升趋势中的日线整理,0.0626,0.2095,0.5625
600793,宜宾纸业,0.0,True,16.44,14.29,9,40.96,-12.19,3.09,15.03,0.4704,2026-06-30,2026-07-10,63.41,0.7814,2.5265,1.0433,0.8688,0.8131,0.0,0.5562,-0.0451,0.4774,⚠️⚠️ 逆大势反弹，大概率是下跌中继,0.2698,-0.6406,-0.45
002550,千红制药,64.66,True,6.87,6.32,12,12.59,-6.43,2.5,8.71,0.4712,2026-06-26,2026-07-10,65.27,0.8178,3.1067,0.6773,0.8907,0.7719,0.0,0.5548,-0.0434,0.4783,⚠️⚠️ 逆大势反弹，大概率是下跌中继,0.3989,-0.6065,-0.5625
603595,ST东尼,69.5,True,29.9,31.82,20,35.55,-6.05,14.45,-6.05,0.417,2026-07-10,2026-07-10,48.8,-0.0445,0.4595,0.7465,0.3838,0.8623,0.0,0.5528,0.7727,0.8863,多周期共振看多 ⬆⬆⬆,0.547,0.6669,0.5625
002876,三利谱,47.01,True,31.56,32.47,15,13.35,-6.62,2.9,-2.8,0.2411,2026-07-10,2026-07-10,45.87,0.8668,0.2597,0.5805,0.8239,0.7971,0.0325,0.5526,0.541,0.7705,上升趋势中的日线整理,0.1406,0.7223,0.5625
600288,大恒科技,72.25,True,16.54,13.68,9,29.22,-10.81,2.67,20.93,0.46,2026-07-03,2026-07-10,73.19,0.957,10.6133,0.709,0.9742,0.5957,0.0,0.552,0.0389,0.5194,⚠️ 月线看多但周线走弱，日线仅为反弹,0.3103,-0.2438,0.225
600601,方正科技,549.64,True,13.18,13.88,16,12.83,-6.4,4.52,-5.04,0.2415,2026-07-10,2026-07-10,45.08,0.6916,0.415,0.8697,0.781,0.7797,0.0,0.5519,0.6507,0.8254,多周期共振看多 ⬆⬆⬆,0.2879,0.6208,0.5625
603118,共进股份,111.79,True,14.2,12.74,8,15.03,-12.64,-1.04,11.49,0.3512,2026-07-03,2026-07-10,56.98,0.7648,2.1653,0.7651,0.8589,0.956,0.0,0.5513,0.0458,0.5229,⚠️ 月线看多但周线走弱，日线仅为反弹,0.2032,-0.176,0.2925
002396,星网锐捷,208.06,True,27.47,21.48,8,42.03,-20.57,2.94,27.91,0.4507,2026-06-30,2026-07-10,73.44,0.7259,3.5853,0.8696,0.8356,0.5902,0.0,0.5506,0.2781,0.6391,多周期共振看多 ⬆⬆⬆,0.3185,0.1806,0.1575
000017,深中华A,26.41,True,5.99,5.62,11,17.64,-8.57,3.59,6.65,0.4311,2026-06-26,2026-07-10,63.97,0.8284,2.8741,0.6843,0.897,0.8007,0.0,0.548,-0.0463,0.4768,⚠️⚠️ 逆大势反弹，大概率是下跌中继,0.3748,-0.6406,-0.5625
605007,五洲特纸,71.19,True,15.0,13.76,10,14.64,-7.96,1.56,9.04,0.4243,2026-06-26,2026-07-10,78.52,0.8501,0.3798,0.3877,0.8619,0.4774,0.3538,0.5474,0.1262,0.5631,月线看多，日线反弹（等待周线确认）,0.3155,0.0196,0.225
603324,盛剑科技,60.18,True,40.75,44.36,19,42.9,-8.14,18.24,-8.14,0.3487,2026-07-10,2026-07-10,48.52,0.3853,0.0499,0.9532,0.4512,0.856,0.0,0.5463,0.7847,0.8923,多周期共振看多 ⬆⬆⬆,0.5238,0.7131,0.5625
002976,瑞玛精密,32.44,True,26.65,24.91,12,12.88,-17.88,-0.2,6.99,0.3607,2026-07-08,2026-07-10,62.6,0.2823,12.3963,0.9918,0.5694,0.8311,0.0,0.5461,0.595,0.7975,多周期共振看多 ⬆⬆⬆,0.189,0.5832,0.5625
002119,康强电子,120.95,True,32.23,35.03,19,31.96,-7.98,17.63,-7.98,0.3527,2026-07-10,2026-07-10,45.77,0.3601,0.1849,0.8535,0.49,0.7949,0.0,0.5444,0.7705,0.8852,多周期共振看多 ⬆⬆⬆,0.5327,0.6744,0.5625
600521,华海药业,252.14,True,16.84,15.03,9,14.78,-10.34,0.07,12.05,0.395,2026-06-30,2026-07-10,71.14,0.8875,4.1888,0.4851,0.9325,0.6412,0.1915,0.5427,-0.0216,0.4892,⚠️⚠️ 逆大势反弹，大概率是下跌中继,0.2376,-0.1654,-0.45
002520,日发精机,48.21,True,6.72,7.03,20,17.09,-4.95,5.87,-4.42,0.3545,2026-07-10,2026-07-10,49.75,0.5935,-0.0787,0.7687,0.5246,0.8834,0.0,0.5422,0.5877,0.7938,多周期共振看多 ⬆⬆⬆,0.4966,0.371,0.495
605020,永和股份,177.88,True,35.37,38.9,18,30.41,-9.07,7.71,-9.07,0.2524,2026-07-10,2026-07-10,46.61,0.7046,0.0308,1.0196,0.635,0.8136,0.0,0.5422,0.7392,0.8696,多周期共振看多 ⬆⬆⬆,0.5075,0.6271,0.5625
002546,新联电子,61.61,True,7.69,7.26,13,9.34,-13.6,-0.44,5.85,0.3421,2026-07-07,2026-07-10,54.4,0.8085,3.1379,0.7112,0.8851,0.9866,0.0,0.5419,-0.086,0.457,多周期方向不一致，观望,0.185,-0.5685,0.0319
603501,豪威集团,1245.5,True,103.21,93.98,9,15.11,-13.45,-0.16,9.82,0.3846,2026-06-29,2026-07-10,64.38,0.7928,1.5996,0.5101,0.8757,0.7916,0.1499,0.5419,-0.0586,0.4707,多周期方向不一致，观望,0.1629,0.0529,-0.45
600572,康恩贝,104.31,True,4.12,4.02,11,4.15,-3.03,0.16,2.53,0.3315,2026-06-30,2026-07-10,57.78,0.5092,0.8391,0.2397,0.7055,0.9383,0.6005,0.5418,-0.1959,0.4021,多周期方向不一致，观望,0.0724,-0.3605,-0.5625
600176,中国巨石,2212.17,True,55.7,60.96,19,54.44,-8.64,23.41,-8.64,0.3364,2026-07-10,2026-07-10,47.29,0.1835,0.3603,1.0338,0.4543,0.8286,0.0,0.5415,0.8032,0.9016,多周期共振看多 ⬆⬆⬆,0.5282,0.75,0.5625
002937,兴瑞科技,131.75,True,41.8,42.57,21,19.46,-1.81,10.72,-1.81,0.5388,2026-07-10,2026-07-10,50.62,-0.2458,-0.3427,0.5561,0.0629,0.9028,0.0731,0.5413,0.7951,0.8976,多周期共振看多 ⬆⬆⬆,0.5074,0.75,0.5625
000756,新华制药,71.64,True,14.36,13.48,13,14.37,-9.0,2.47,6.52,0.4315,2026-06-26,2026-07-10,62.44,0.7183,4.1776,0.7502,0.831,0.8346,0.0,0.5412,-0.0374,0.4813,⚠️⚠️ 逆大势反弹，大概率是下跌中继,0.2357,-0.3521,-0.5625
001378,德冠新材,17.28,True,20.49,19.51,8,5.01,-8.61,-1.97,5.01,0.2327,2026-07-09,2026-07-10,55.37,0.7043,0.6889,0.6613,0.8226,0.9918,0.0,0.5407,0.2612,0.6306,上升趋势中的日线整理,-0.0668,0.2856,0.45
000962,东方钽业,327.17,True,65.02,72.56,14,45.45,-11.94,11.03,-10.4,0.2128,2026-07-10,2026-07-10,46.4,0.517,0.7051,0.952,0.7102,0.8089,0.0,0.54,0.7019,0.8509,多周期共振看多 ⬆⬆⬆,0.3331,0.6946,0.5625
002345,潮宏基,87.24,True,10.06,9.73,15,12.36,-5.86,3.48,3.37,0.4098,2026-06-30,2026-07-10,53.49,0.635,0.4362,0.6548,0.7554,0.9664,0.0,0.5389,-0.0403,0.4798,多周期方向不一致，观望,0.3785,-0.0514,-0.45
002236,大华股份,413.43,True,17.29,16.47,10,5.19,-7.21,-0.95,4.97,0.3031,2026-06-29,2026-07-10,59.43,0.6445,2.022,0.3086,0.7867,0.9016,0.4857,0.5381,-0.1518,0.4241,多周期方向不一致，观望,0.0391,-0.2447,-0.4562
002916,深南电路,2832.09,True,426.0,431.29,19,14.53,-5.52,5.45,-1.23,0.4078,2026-07-10,2026-07-10,44.43,0.4804,-0.1953,0.8264,0.4101,0.7651,0.0,0.5377,0.7489,0.8744,多周期共振看多 ⬆⬆⬆,0.3998,0.7408,0.5625
002414,高德红外,497.56,True,14.64,13.25,12,10.51,-7.61,0.59,10.51,0.459,2026-07-08,2026-07-10,55.68,0.4516,3.5986,0.6823,0.671,0.9849,0.0,0.5375,-0.0572,0.4714,多周期方向不一致，观望,0.1663,-0.2729,-0.1211
002179,中航光电,819.7,True,39.1,41.6,16,17.09,-6.0,4.98,-6.0,0.229,2026-07-10,2026-07-10,38.59,0.5836,0.5161,0.5257,0.7502,0.6354,0.1238,0.5335,0.6566,0.8283,多周期共振看多 ⬆⬆⬆,0.3172,0.6762,0.495
605116,奥锐特,82.09,True,20.21,19.63,11,8.47,-6.61,0.99,2.97,0.3208,2026-07-09,2026-07-10,57.89,0.6886,1.1823,0.5127,0.8131,0.9358,0.1456,0.5333,-0.0439,0.478,⚠️⚠️ 逆大势反弹，大概率是下跌中继,0.1631,-0.4804,-0.495
600060,海信视像,350.4,True,26.95,26.51,15,9.1,-5.98,2.0,1.68,0.3515,2026-06-26,2026-07-10,64.25,0.2677,-0.0672,0.443,0.3338,0.7944,0.2617,0.5329,0.723,0.8615,多周期共振看多 ⬆⬆⬆,0.4518,0.6392,0.5625
002793,罗欣药业,49.95,True,4.6,4.19,8,15.86,-7.56,0.1,9.9,0.3773,2026-06-30,2026-07-10,65.22,0.8715,3.4067,0.6135,0.9229,0.7729,0.0,0.5328,-0.047,0.4765,⚠️⚠️ 逆大势反弹，大概率是下跌中继,0.1687,-0.4781,-0.5625
002815,崇达技术,140.51,True,18.08,17.41,11,16.12,-16.01,-0.3,3.82,0.2629,2026-07-09,2026-07-10,44.62,0.6127,0.6175,0.9524,0.7676,0.7693,0.0,0.5315,0.4695,0.7348,上升趋势中的日线整理,-0.0095,0.6652,0.5625
600812,华北制药,79.1,True,4.61,4.45,11,5.2,-4.97,0.05,3.53,0.3276,2026-06-30,2026-07-10,58.6,0.5334,1.6398,0.4034,0.72,0.92,0.3277,0.5306,-0.0597,0.4702,⚠️⚠️ 逆大势反弹，大概率是下跌中继,0.1614,-0.7125,-0.5625
600372,中航机载,560.34,True,11.58,11.02,8,5.06,-6.78,-0.76,5.06,0.3039,2026-07-02,2026-07-10,57.71,0.6447,1.8786,0.3118,0.7868,0.9399,0.4803,0.5302,-0.2588,0.3706,多周期方向不一致，观望,0.0502,-0.6854,-0.495
000931,中 关 村,31.92,True,4.25,4.19,12,6.94,-6.02,-0.05,1.43,0.2741,2026-07-09,2026-07-10,53.1,0.8196,1.8112,0.3994,0.8917,0.9577,0.3343,0.5301,-0.2607,0.3697,多周期方向不一致，观望,0.0256,-0.6054,-0.5625
002407,多氟多,443.37,True,41.1,44.19,18,37.91,-6.99,11.91,-6.99,0.3616,2026-07-10,2026-07-10,47.89,0.0634,0.3513,0.9881,0.3786,0.842,0.0,0.5296,0.7531,0.8765,多周期共振看多 ⬆⬆⬆,0.4968,0.6669,0.5625
000545,金浦钛业,26.41,True,2.68,2.58,14,13.34,-10.09,1.41,4.0,0.358,2026-07-03,2026-07-10,51.08,0.6931,1.6991,0.8771,0.8158,0.9129,0.0,0.528,-0.0358,0.4821,⚠️⚠️ 逆大势反弹，大概率是下跌中继,0.2735,-0.4211,-0.495
002787,华源控股,67.4,True,27.17,29.02,15,17.86,-8.49,4.35,-6.38,0.1878,2026-07-10,2026-07-10,46.78,0.7372,0.106,0.7846,0.6847,0.8174,0.0,0.5278,0.6948,0.8474,多周期共振看多 ⬆⬆⬆,0.2504,0.75,0.5625
002268,电科网安,129.66,True,15.34,13.59,8,17.14,-11.21,-0.6,12.89,0.3623,2026-06-30,2026-07-10,64.82,0.8454,2.5037,0.5967,0.9072,0.7818,0.0055,0.5257,-0.0583,0.4708,⚠️⚠️ 逆大势反弹，大概率是下跌中继,0.2247,-0.7408,-0.5625
603351,威尔药业,34.92,True,25.78,25.47,11,9.19,-3.96,0.57,1.21,0.2676,2026-07-09,2026-07-10,54.35,0.8556,1.9313,0.621,0.9133,0.9856,0.0,0.525,-0.0864,0.4568,多周期方向不一致，观望,0.0769,0.0043,-0.45
002008,大族激光,0.0,True,130.3,135.92,11,16.5,-9.71,1.36,-4.13,0.1057,2026-07-10,2026-07-10,48.97,0.7792,1.9096,0.8224,0.8675,0.866,0.0,0.5248,0.5176,0.7588,上升趋势中的日线整理,0.0587,0.7315,0.5625
002332,仙琚制药,81.23,True,8.25,8.28,8,2.7,-3.99,-0.54,-0.36,0.1954,2026-07-10,2026-07-10,50.77,0.7792,0.9074,0.2137,0.8675,0.906,0.6438,0.524,-0.2669,0.3665,多周期方向不一致，观望,-0.1437,-0.4875,-0.5625
603270,金帝股份,21.95,True,31.04,30.83,15,14.13,-8.32,2.77,0.68,0.325,2026-07-09,2026-07-10,49.95,0.7733,-0.3573,0.7936,0.5211,0.8877,0.0,0.5233,0.5076,0.7538,上升趋势中的日线整理,0.0965,0.6733,0.5625
603067,振华股份,304.17,True,40.26,41.52,14,29.42,-16.37,7.11,-3.03,0.3247,2026-07-10,2026-07-10,50.69,0.4671,-0.0867,1.0678,0.4456,0.9042,0.0,0.5227,0.6042,0.8021,多周期共振看多 ⬆⬆⬆,0.2732,0.5313,0.5625
600285,羚锐制药,123.04,True,21.72,20.52,12,7.26,-5.15,0.47,5.87,0.3854,2026-07-01,2026-07-10,69.84,0.4107,0.7213,0.2837,0.6464,0.6701,0.5271,0.5224,-0.006,0.497,多周期方向不一致，观望,0.0766,-0.0285,-0.0635
603091,众鑫股份,0.0,True,50.85,48.91,13,7.03,-13.29,-0.76,3.96,0.2867,2026-06-25,2026-07-10,58.59,0.6102,1.6507,0.436,0.7661,0.9201,0.2734,0.5224,-0.0574,0.4713,多周期方向不一致，观望,0.1793,-0.3878,-0.0182
002056,横店东磁,434.7,True,26.75,28.7,20,17.55,-6.8,7.54,-6.8,0.3367,2026-07-10,2026-07-10,42.75,0.4575,0.0202,0.7894,0.4826,0.7278,0.0,0.5191,0.6991,0.8496,多周期共振看多 ⬆⬆⬆,0.538,0.5129,0.5625
605389,长龄液压,157.02,True,88.64,92.4,15,15.2,-4.88,3.9,-4.07,0.2343,2026-07-10,2026-07-10,43.75,0.574,0.136,0.5485,0.5988,0.75,0.0858,0.5188,0.6609,0.8305,多周期共振看多 ⬆⬆⬆,0.228,0.6946,0.5625
600196,复星医药,496.79,True,23.45,22.57,11,7.94,-4.97,0.46,3.91,0.3257,2026-06-26,2026-07-10,60.03,0.7078,2.2785,0.4132,0.8247,0.8882,0.3113,0.5188,-0.2661,0.3669,多周期方向不一致，观望,0.1453,-0.7315,-0.5625
603040,新坐标,125.26,True,63.8,65.29,16,11.72,-4.02,3.58,-2.28,0.2962,2026-07-10,2026-07-10,45.04,0.5894,0.2289,0.6566,0.6452,0.7786,0.0,0.5183,0.4686,0.7343,多周期共振看多 ⬆⬆⬆,0.2944,0.2901,0.4875
600370,*ST三房,73.21,True,1.82,1.64,20,19.21,-1.55,8.21,11.18,0.7734,2026-06-11,2026-07-10,60.87,0.0204,-0.1021,0.6931,0.1714,0.8696,0.0,0.5177,-0.0326,0.4837,⚠️⚠️ 逆大势反弹，大概率是下跌中继,0.4383,-0.5012,-0.495
002393,力生制药,43.77,True,14.58,14.48,10,5.33,-5.55,-0.33,0.69,0.2283,2026-07-09,2026-07-10,54.78,0.7692,1.3836,0.383,0.8615,0.995,0.3616,0.5176,-0.2687,0.3657,多周期方向不一致，观望,0.0028,-0.6208,-0.5625
603110,东方材料,46.66,True,23.19,22.75,11,15.31,-8.77,1.3,1.93,0.2557,2026-07-09,2026-07-10,40.14,0.6324,1.2807,0.6582,0.7794,0.6697,0.0,0.5174,0.4747,0.7373,上升趋势中的日线整理,-0.0066,0.6762,0.5625
002261,拓维信息,367.67,True,32.08,29.59,8,8.44,-8.56,-0.53,8.41,0.3369,2026-07-07,2026-07-10,53.24,0.657,1.5679,0.5498,0.7942,0.9609,0.0836,0.5167,-0.1659,0.4171,多周期方向不一致，观望,0.1146,-0.5152,-0.3121
603125,常青科技,108.5,True,26.8,29.11,15,20.46,-7.93,7.62,-7.93,0.2309,2026-07-10,2026-07-10,39.04,0.4408,0.6935,0.7286,0.6645,0.6453,0.0,0.5161,0.7371,0.8685,多周期共振看多 ⬆⬆⬆,0.4019,0.7131,0.5625
603207,小方制药,12.68,True,23.23,22.62,11,6.1,-6.95,-0.17,2.72,0.2762,2026-06-30,2026-07-10,55.5,0.6548,0.7205,0.3858,0.7929,0.9889,0.3569,0.5159,-0.2763,0.3619,多周期方向不一致，观望,0.1141,-0.75,-0.5625
600879,航天电子,768.41,True,23.29,20.55,10,13.36,-7.24,-0.06,13.36,0.4075,2026-06-29,2026-07-10,64.06,0.5998,0.465,0.651,0.7459,0.7986,0.0,0.5153,-0.0071,0.4965,多周期方向不一致，观望,0.0751,-0.3208,0.225
600380,健康元,183.49,True,10.03,9.76,12,5.9,-3.96,0.24,2.79,0.3449,2026-06-30,2026-07-10,58.48,0.503,0.7568,0.3505,0.7018,0.9226,0.4159,0.5147,-0.2726,0.3637,多周期方向不一致，观望,0.1224,-0.7408,-0.5625
605228,神通科技,68.28,True,14.31,13.63,15,11.43,-1.09,2.88,5.02,0.4714,2026-06-29,2026-07-10,64.16,0.7204,-0.3742,0.4283,0.4826,0.7964,0.2861,0.5144,0.0273,0.5137,多周期方向不一致，观望,0.2773,-0.1106,-0.0072
000703,恒逸石化,522.07,True,13.73,14.02,11,25.15,-7.81,3.37,-2.06,0.2078,2026-07-10,2026-07-10,53.86,0.797,0.7416,0.8695,0.8782,0.9747,0.0,0.5126,0.0272,0.5136,多周期方向不一致，观望,0.0055,-0.1775,0.2925
603379,三美股份,378.8,True,62.05,69.71,19,27.09,-10.99,8.32,-10.99,0.2356,2026-07-10,2026-07-10,42.48,0.8457,1.8326,0.9032,0.9074,0.7217,0.0,0.5122,0.2137,0.6069,月线震荡，中短期走强,0.4481,0.1912,0.1429
002584,西陇科学,41.03,True,8.76,9.43,20,33.97,-7.08,9.72,-7.08,0.3844,2026-07-10,2026-07-10,47.96,0.3859,0.9003,0.9666,0.6315,0.8436,0.0,0.5121,0.1515,0.5757,月线震荡，中短期走强,0.4007,0.2836,-0.1177
000623,吉林敖东,210.09,True,17.64,17.75,18,6.64,-3.22,2.47,-0.59,0.3978,2026-07-10,2026-07-10,45.51,0.6173,0.4007,0.475,0.7307,0.7891,0.2083,0.5094,-0.1621,0.4189,多周期方向不一致，观望,0.092,-0.2287,-0.5625
002635,安洁科技,0.0,True,17.36,19.09,16,25.53,-9.06,5.16,-9.06,0.157,2026-07-10,2026-07-10,47.35,0.3684,0.562,0.9325,0.621,0.8299,0.0,0.5069,0.6887,0.8443,多周期共振看多 ⬆⬆⬆,0.2689,0.7206,0.5625
600707,彩虹股份,428.73,True,11.95,13.38,15,40.38,-10.71,10.35,-10.71,0.2209,2026-07-10,2026-07-10,48.33,0.5872,-0.1696,1.1448,0.4845,0.8519,0.0,0.505,0.7124,0.8562,多周期共振看多 ⬆⬆⬆,0.3171,0.7315,0.5625
603222,济民健康,51.88,True,9.88,8.28,9,23.62,-14.81,-1.58,19.31,0.3537,2026-06-29,2026-07-10,69.25,0.7671,4.8317,0.7817,0.8603,0.6834,0.0,0.5045,-0.0092,0.4954,多周期方向不一致，观望,0.2295,-0.3046,0.0675
002456,欧菲光,314.18,True,9.47,9.21,9,3.75,-5.91,-0.85,2.87,0.2497,2026-07-08,2026-07-10,53.33,0.6386,1.4681,0.6453,0.7832,0.963,0.0,0.5042,0.0259,0.513,多周期方向不一致，观望,0.1357,0.1775,-0.18
603496,恒为科技,82.36,True,25.72,24.03,10,15.14,-15.83,-0.17,7.05,0.3311,2026-07-07,2026-07-10,44.49,0.7505,3.4855,0.7759,0.8503,0.7664,0.0,0.5039,-0.0437,0.4782,⚠️⚠️ 逆大势反弹，大概率是下跌中继,0.1565,-0.4036,-0.5625
600129,太极集团,91.43,True,16.58,13.56,9,22.3,-11.02,-0.13,22.3,0.39,2026-06-29,2026-07-10,74.81,0.8606,9.6102,0.6789,0.9164,0.5598,0.0,0.5037,-0.0445,0.4778,⚠️⚠️ 逆大势反弹，大概率是下跌中继,0.2631,-0.6223,-0.45
002452,长高电气,57.6,True,11.18,11.99,11,17.16,-6.8,2.81,-6.74,0.0769,2026-07-10,2026-07-10,49.29,0.738,0.5641,0.7161,0.8428,0.8732,0.0,0.5037,0.4489,0.7245,上升趋势中的日线整理,0.093,0.6363,0.45
002338,奥普光电,131.83,True,54.93,54.3,7,7.96,-13.62,-1.32,1.15,0.1073,2026-07-09,2026-07-10,55.0,0.7086,1.4711,0.4527,0.8252,1.0,0.2455,0.5029,0.0491,0.5245,多周期方向不一致，观望,-0.0323,-0.2063,0.45
000989,九芝堂,56.64,True,8.16,8.05,11,5.34,-4.93,0.12,1.38,0.2814,2026-06-30,2026-07-10,54.05,0.4897,0.9161,0.4024,0.6938,0.979,0.3294,0.5026,-0.2032,0.3984,多周期方向不一致，观望,0.1144,-0.4289,-0.5625
603051,鹿山新材,36.98,True,22.88,20.83,6,12.14,-12.14,-2.05,9.83,0.29,2026-07-02,2026-07-10,60.7,0.7301,0.5953,0.625,0.8381,0.8733,0.0,0.5016,-0.0723,0.4638,多周期方向不一致，观望,0.007,-0.3882,0.0642
002068,黑猫股份,80.63,True,10.97,12.51,13,38.11,-12.32,10.63,-12.32,0.1488,2026-07-10,2026-07-10,47.2,0.5691,0.1784,0.9732,0.6128,0.8266,0.0,0.5015,0.6826,0.8413,多周期共振看多 ⬆⬆⬆,0.415,0.5821,0.5625
600211,西藏药业,122.58,True,38.03,37.5,12,5.04,-8.21,-0.37,1.4,0.2591,2026-07-09,2026-07-10,50.66,0.659,0.5757,0.4006,0.7954,0.9036,0.3323,0.5014,-0.2333,0.3833,多周期方向不一致，观望,0.0904,-0.5403,-0.5625
002577,雷柏科技,51.87,True,18.48,18.7,15,6.79,-3.97,1.39,-1.19,0.3063,2026-07-10,2026-07-10,41.71,0.5755,0.2279,0.442,0.6364,0.7047,0.2633,0.5013,0.2004,0.6002,月线震荡，中短期走强,0.1857,0.5637,-0.0494
600488,津药药业,60.93,True,5.58,4.96,8,12.44,-13.09,-2.73,12.44,0.309,2026-06-30,2026-07-10,63.73,0.7701,0.2961,0.9107,0.7805,0.806,0.0,0.5008,0.0486,0.5243,多周期方向不一致，观望,0.0231,-0.2563,0.45
002555,三七互娱,304.46,True,19.18,18.56,11,6.18,-9.03,-1.0,3.37,0.2366,2026-06-26,2026-07-10,57.69,0.6645,1.3191,0.4064,0.7987,0.9402,0.3226,0.5,-0.2321,0.384,多周期方向不一致，观望,0.0114,-0.5351,-0.495
603856,东宏股份,36.92,True,13.09,13.11,18,10.64,-1.46,4.6,-0.12,0.4393,2026-07-10,2026-07-10,60.09,0.2851,-0.3575,0.4485,0.228,0.8869,0.2524,0.5,0.315,0.6575,多周期共振看多 ⬆⬆⬆,0.315,0.1842,0.238
002384,东山精密,3359.06,True,242.3,248.49,14,21.18,-8.67,5.32,-2.49,0.2934,2026-07-10,2026-07-10,42.61,0.0181,0.6581,0.9502,0.4109,0.7247,0.0,0.4999,0.7682,0.8841,多周期共振看多 ⬆⬆⬆,0.4384,0.75,0.5625
002755,奥赛康,136.9,True,14.75,13.65,10,14.99,-14.2,0.08,8.07,0.3628,2026-06-26,2026-07-10,70.37,0.7942,0.6552,0.5168,0.8765,0.6584,0.1387,0.4988,-0.1836,0.4082,多周期方向不一致，观望,0.1332,-0.3585,-0.5625
002983,芯瑞达,30.98,True,24.17,25.21,12,10.8,-7.99,1.21,-4.13,0.1179,2026-07-10,2026-07-10,45.26,0.788,0.4332,0.5613,0.8461,0.7836,0.0645,0.4984,0.3584,0.6792,上升趋势中的日线整理,-0.0315,0.5078,0.45
600961,株冶集团,199.38,True,26.52,30.28,14,34.43,-14.35,7.84,-12.43,0.108,2026-07-10,2026-07-10,38.0,0.7103,1.2996,0.9601,0.8262,0.6222,0.0,0.4983,0.6585,0.8293,多周期共振看多 ⬆⬆⬆,0.2326,0.6854,0.5625
605186,健麾信息,44.58,True,32.78,32.85,14,25.21,-4.64,7.75,-0.21,0.4112,2026-07-10,2026-07-10,44.04,0.359,-0.7002,0.5596,0.2154,0.7564,0.0673,0.4982,0.6928,0.8464,多周期共振看多 ⬆⬆⬆,0.4436,0.5798,0.5625
603005,晶方科技,286.76,True,43.97,46.44,15,17.1,-11.53,4.19,-5.33,0.2101,2026-07-10,2026-07-10,46.12,0.6985,0.0213,0.9061,0.6276,0.8027,0.0,0.4974,0.5077,0.7539,上升趋势中的日线整理,0.072,0.6946,0.5625
600171,上海贝岭,200.48,True,28.28,29.16,13,14.02,-8.08,1.91,-3.01,0.1794,2026-07-10,2026-07-10,50.97,0.9119,1.2858,0.5935,0.9471,0.9104,0.0109,0.4967,-0.0738,0.4631,多周期方向不一致，观望,-0.0002,-0.0316,-0.2925
600378,昊华科技,649.76,True,60.58,67.06,18,50.38,-9.66,22.66,-9.66,0.2949,2026-07-10,2026-07-10,42.08,0.3982,-0.0825,1.1233,0.4059,0.713,0.0,0.4965,0.7591,0.8796,多周期共振看多 ⬆⬆⬆,0.514,0.6652,0.5625
002838,道恩股份,140.74,True,33.46,33.21,9,4.03,-7.13,-1.09,0.77,0.1771,2026-07-09,2026-07-10,48.46,0.404,1.9073,0.5661,0.6424,0.8547,0.0564,0.4963,0.4471,0.7236,上升趋势中的日线整理,-0.101,0.6854,0.5625
002301,齐心集团,59.23,True,8.25,7.78,12,10.16,-9.08,0.6,6.11,0.3586,2026-06-30,2026-07-10,60.29,0.188,0.0858,0.5931,0.3471,0.8825,0.0114,0.4946,0.473,0.7365,多周期共振看多 ⬆⬆⬆,0.3128,0.389,0.3825
002367,康力电梯,48.23,True,6.07,6.24,13,20.63,-8.3,5.79,-2.78,0.282,2026-07-10,2026-07-10,51.6,0.6172,2.215,0.6434,0.7703,0.9245,0.0,0.4943,-0.0645,0.4677,多周期方向不一致，观望,0.1757,0.016,-0.45
603120,肯特催化,18.98,True,50.08,53.23,11,14.82,-5.92,1.79,-5.92,0.072,2026-07-10,2026-07-10,50.15,0.7443,0.3587,0.8936,0.7901,0.8923,0.0,0.494,0.4441,0.722,上升趋势中的日线整理,0.0619,0.5379,0.5625
000800,一汽解放,302.14,True,6.14,6.08,12,4.27,-3.9,0.31,0.9,0.3096,2026-07-01,2026-07-10,51.79,0.5452,0.2951,0.3557,0.6451,0.9286,0.4071,0.4935,-0.2673,0.3664,多周期方向不一致，观望,0.094,-0.6929,-0.5625
000925,众合科技,56.58,True,8.43,8.87,14,18.77,-7.59,3.95,-4.99,0.1968,2026-07-10,2026-07-10,49.05,0.9029,-0.0909,0.7444,0.7054,0.8678,0.0,0.493,0.3019,0.651,上升趋势中的日线整理,0.053,0.3695,0.3693
600867,通化东宝,158.84,True,8.11,7.87,12,7.92,-7.82,0.25,3.05,0.2734,2026-06-26,2026-07-10,60.95,0.6917,0.5494,0.5388,0.815,0.8677,0.102,0.4921,-0.1461,0.4269,多周期方向不一致，观望,0.0723,-0.3667,-0.3375
002851,麦格米特,741.41,True,161.79,160.9,14,25.88,-8.8,4.96,0.55,0.3604,2026-07-09,2026-07-10,34.27,0.3969,0.1421,0.9165,0.495,0.5394,0.0,0.4921,0.6324,0.8162,多周期共振看多 ⬆⬆⬆,0.1999,0.656,0.5625
600118,中国卫星,1064.48,True,90.02,78.9,10,14.09,-8.93,-0.55,14.09,0.3953,2026-07-08,2026-07-10,64.24,0.5785,0.3051,0.7183,0.6691,0.7946,0.0,0.492,-0.0366,0.4817,多周期方向不一致，观望,-0.0083,-0.3787,0.225
002292,奥飞娱乐,78.78,True,7.74,6.91,7,14.05,-10.66,-1.58,12.06,0.3219,2026-07-01,2026-07-10,65.9,0.8461,1.6878,0.6041,0.9076,0.7579,0.0,0.4916,-0.2013,0.3993,多周期方向不一致，观望,0.0343,-0.3516,-0.5625
603638,艾迪精密,200.18,True,22.73,24.1,13,16.58,-6.58,1.61,-5.7,0.1046,2026-07-10,2026-07-10,46.96,0.6412,0.649,0.8553,0.7847,0.8214,0.0,0.491,0.4359,0.7179,上升趋势中的日线整理,-0.0117,0.5798,0.5625
002986,宇新股份,37.37,True,12.38,12.03,15,12.75,-9.13,0.94,2.94,0.3358,2026-06-18,2026-07-10,55.38,0.6443,-0.1385,0.4831,0.5312,0.9916,0.1948,0.4906,-0.077,0.4615,多周期方向不一致，观望,0.295,-0.5021,-0.0892
002871,伟隆股份,29.64,True,19.86,20.88,11,10.41,-5.35,0.27,-4.86,0.0869,2026-07-10,2026-07-10,51.82,0.5668,0.7245,0.661,0.7401,0.9294,0.0,0.4904,0.4149,0.7075,上升趋势中的日线整理,-0.0861,0.589,0.5625
603980,吉华集团,40.81,True,6.03,6.29,15,18.74,-5.1,5.31,-4.1,0.269,2026-07-10,2026-07-10,42.11,0.7393,0.6897,0.5396,0.8436,0.7135,0.1007,0.489,-0.0201,0.4899,多周期方向不一致，观望,0.1862,-0.1111,-0.137
000988,华工科技,1588.58,True,158.07,163.9,12,13.69,-9.51,1.74,-3.56,0.1455,2026-07-10,2026-07-10,42.75,0.7939,0.1361,0.8448,0.7308,0.7279,0.0,0.4888,0.5183,0.7591,上升趋势中的日线整理,0.0501,0.7408,0.5625
002748,世龙实业,26.93,True,11.22,10.93,10,8.8,-6.6,-0.34,2.69,0.26,2026-07-03,2026-07-10,52.55,0.796,0.1314,0.486,0.7302,0.9456,0.19,0.4884,-0.1722,0.4139,多周期方向不一致，观望,0.11,-0.6058,-0.2452
002123,梦网科技,62.4,True,8.66,7.83,8,11.33,-15.62,-2.63,10.55,0.3115,2026-06-30,2026-07-10,67.31,0.8224,2.0797,0.4885,0.8935,0.7265,0.1858,0.488,-0.2937,0.3531,多周期方向不一致，观望,0.0253,-0.75,-0.5625
003020,立方制药,31.59,True,18.74,15.77,7,18.83,-6.86,-0.37,18.83,0.3522,2026-07-08,2026-07-10,71.02,0.9046,13.6022,0.6819,0.9428,0.6439,0.0,0.4864,-0.2347,0.3826,多周期方向不一致，观望,0.0814,-0.6515,-0.45
000818,航锦科技,93.66,True,14.23,13.8,12,14.41,-15.59,-0.1,3.12,0.2663,2026-06-29,2026-07-10,57.88,0.7371,1.9372,0.835,0.8423,0.9359,0.0,0.4846,-0.2327,0.3836,多周期方向不一致，观望,0.1378,-0.5783,-0.5625
002636,金安国纪,699.98,True,96.64,105.21,17,65.81,-9.47,32.72,-8.14,0.3169,2026-07-10,2026-07-10,36.73,-0.6382,1.9793,0.9425,0.4,0.5939,0.0,0.4844,0.7617,0.8809,多周期共振看多 ⬆⬆⬆,0.4218,0.75,0.5625
000521,长虹美菱,47.96,True,5.48,5.55,14,11.21,-7.99,1.7,-1.28,0.2349,2026-07-10,2026-07-10,51.44,0.7564,1.3713,0.6892,0.8539,0.9209,0.0,0.4837,-0.1656,0.4172,多周期方向不一致，观望,0.0477,-0.2064,-0.5625
600889,*ST京化,57.77,True,15.77,15.81,11,6.22,-5.25,-0.1,-0.25,0.2295,2026-07-10,2026-07-10,52.52,0.6919,-0.2376,0.3043,0.5201,0.9449,0.4928,0.4834,-0.0435,0.4783,多周期方向不一致，观望,0.0545,0.2572,-0.495
002428,云南锗业,654.73,True,100.26,108.96,18,35.91,-7.98,10.86,-7.98,0.3368,2026-07-10,2026-07-10,43.13,-0.0093,0.1546,0.9167,0.2619,0.7362,0.0,0.4829,0.7522,0.8761,多周期共振看多 ⬆⬆⬆,0.3975,0.75,0.5625
603139,康惠股份,40.79,True,40.84,41.07,15,17.02,-3.86,3.77,-0.57,0.3186,2026-07-10,2026-07-10,46.71,0.0786,0.045,0.7418,0.2652,0.8157,0.0,0.4826,0.6929,0.8464,多周期共振看多 ⬆⬆⬆,0.2454,0.75,0.5625
002275,桂林三金,73.09,True,13.12,12.68,7,6.91,-5.43,-0.89,3.45,0.2142,2026-07-01,2026-07-10,61.92,0.6752,0.4705,0.3316,0.7933,0.8463,0.4474,0.4824,-0.2978,0.3511,多周期方向不一致，观望,-0.0949,-0.6652,-0.5625
603538,美诺华,104.04,True,30.88,26.9,7,16.68,-18.09,-5.44,14.8,0.2253,2026-07-01,2026-07-10,60.04,0.631,2.7829,0.9239,0.7786,0.8881,0.0,0.4808,-0.006,0.497,多周期方向不一致，观望,-0.0608,-0.2667,0.2925
600497,驰宏锌锗,479.34,True,9.51,10.94,15,26.3,-14.15,6.85,-13.08,0.083,2026-07-10,2026-07-10,35.0,0.7856,0.6429,0.8626,0.8713,0.5556,0.0,0.4805,0.5839,0.7919,多周期共振看多 ⬆⬆⬆,0.285,0.589,0.45
605358,立昂微,471.5,True,61.06,68.37,16,27.41,-16.42,5.6,-10.69,0.1272,2026-07-10,2026-07-10,42.44,0.7098,0.2692,0.8875,0.7336,0.7209,0.0,0.4805,0.5003,0.7501,上升趋势中的日线整理,0.0388,0.7038,0.5625
003033,征和工业,56.69,True,70.21,57.2,10,23.64,-16.16,0.99,22.75,0.4339,2026-06-30,2026-07-10,86.83,0.8311,0.2457,0.5901,0.7969,0.2927,0.0166,0.48,0.1594,0.5797,月线看多，日线反弹（等待周线确认）,0.4355,0.1197,0.1575
000597,东北制药,63.56,True,4.51,4.42,8,4.1,-4.97,-0.82,2.02,0.2314,2026-07-01,2026-07-10,55.71,0.4598,0.7043,0.3872,0.6759,0.9841,0.3546,0.4787,-0.2719,0.364,多周期方向不一致，观望,-0.0214,-0.6143,-0.5625
601369,陕鼓动力,154.41,True,9.05,8.92,9,5.18,-8.2,-0.69,1.5,0.2052,2026-06-25,2026-06-26,54.07,0.6763,1.9042,0.514,0.8058,0.9794,0.1433,0.4786,-0.2428,0.3786,月线震荡，中短期走弱,-0.2497,-0.4896,-0.1125
002281,光迅科技,1822.07,True,233.45,238.5,13,25.1,-10.76,4.02,-2.12,0.2544,2026-07-10,2026-07-10,36.09,0.4801,0.0192,0.9543,0.4957,0.5798,0.0,0.4783,0.7267,0.8634,多周期共振看多 ⬆⬆⬆,0.332,0.75,0.5625
600531,豫光金铅,163.01,True,13.48,14.27,15,26.82,-14.96,4.72,-5.55,0.2177,2026-07-10,2026-07-10,44.6,0.8965,0.8845,0.9042,0.9379,0.7689,0.0,0.4782,-0.1202,0.4399,多周期方向不一致，观望,0.0574,-0.2399,-0.3375
601698,中国卫通,1388.98,True,32.88,30.39,6,8.18,-9.33,-2.11,8.18,0.2715,2026-07-09,2026-07-10,57.72,0.5999,0.5574,0.6676,0.7599,0.9395,0.0,0.4781,-0.1703,0.4148,月线震荡，中短期走弱,-0.21,-0.5048,0.1125
600345,长江通信,130.91,True,61.88,63.0,15,28.33,-9.63,7.16,-1.77,0.3734,2026-07-10,2026-07-10,35.21,0.3606,-0.1556,0.7987,0.3541,0.5601,0.0,0.4775,0.6851,0.8426,多周期共振看多 ⬆⬆⬆,0.2253,0.75,0.5625
002921,联诚精密,0.0,True,26.94,26.1,14,19.17,-14.9,1.33,3.2,0.336,2026-06-22,2026-07-10,59.36,0.4851,-0.038,0.7733,0.4758,0.9032,0.0,0.4775,0.1684,0.5842,月线看多，日线反弹（等待周线确认）,0.1863,-0.035,0.5625
002107,沃华医药,35.83,True,6.27,6.05,8,10.93,-9.66,-1.76,3.66,0.1748,2026-06-30,2026-07-10,58.58,0.7617,0.7084,0.512,0.857,0.9204,0.1467,0.4769,-0.1974,0.4013,多周期方向不一致，观望,-0.0833,-0.4587,-0.3375
603367,辰欣药业,61.94,True,13.68,13.32,9,5.78,-6.33,-0.85,2.69,0.2347,2026-07-09,2026-07-10,55.34,0.5579,1.7107,0.4639,0.7347,0.9925,0.2268,0.4761,-0.3024,0.3488,多周期方向不一致，观望,-0.0195,-0.75,-0.5625
003009,中天火箭,99.87,True,60.64,59.25,16,14.56,-8.86,3.16,2.34,0.392,2026-07-09,2026-07-10,50.86,0.6107,-0.1272,0.9429,0.5155,0.908,0.0,0.4751,-0.0543,0.4728,多周期方向不一致，观望,-0.0045,-0.0552,-0.1796
605008,长鸿高科,76.55,True,11.85,11.49,14,8.35,-2.55,1.77,3.1,0.4043,2026-06-30,2026-07-10,64.36,0.2923,-0.0668,0.3328,0.3487,0.7919,0.4454,0.4744,-0.0396,0.4802,⚠️⚠️ 逆大势反弹，大概率是下跌中继,0.2352,-0.5061,-0.45
600316,洪都航空,205.17,True,28.61,27.72,9,6.66,-10.64,-1.44,3.21,0.1874,2026-06-29,2026-07-10,57.23,0.5486,1.6753,0.3562,0.7292,0.9503,0.4064,0.4736,-0.293,0.3535,多周期方向不一致，观望,-0.0467,-0.6854,-0.5625
002046,国机精工,0.0,True,62.76,67.6,19,25.01,-8.14,9.53,-7.16,0.3616,2026-07-10,2026-07-10,43.08,0.3119,-0.6318,0.8372,0.1871,0.7351,0.0,0.4729,0.7337,0.8669,多周期共振看多 ⬆⬆⬆,0.3716,0.7315,0.5625
002843,泰嘉股份,58.3,True,23.3,21.95,8,10.75,-11.22,-1.85,6.14,0.2343,2026-06-30,2026-07-10,60.49,0.4391,0.5025,0.499,0.6635,0.878,0.1684,0.4728,-0.0302,0.4849,多周期方向不一致，观望,-0.043,-0.276,0.18
601678,滨化股份,111.16,True,5.44,6.26,17,26.4,-13.11,5.55,-13.11,0.0815,2026-07-10,2026-07-10,39.91,0.593,1.1419,0.894,0.7558,0.6648,0.0,0.4728,0.5802,0.7901,多周期共振看多 ⬆⬆⬆,0.254,0.6075,0.45
600160,巨化股份,0.0,True,43.42,48.65,18,26.08,-10.75,13.72,-10.75,0.2677,2026-07-10,2026-07-10,39.88,0.0495,0.4979,0.8724,0.4289,0.664,0.0,0.4721,0.6517,0.8258,多周期共振看多 ⬆⬆⬆,0.5095,0.4331,0.5625
002923,润都股份,27.54,True,10.67,10.13,8,9.13,-10.47,-1.64,5.29,0.2186,2026-06-30,2026-07-10,59.29,0.7267,1.0488,0.5268,0.836,0.9048,0.122,0.4717,-0.2724,0.3638,多周期方向不一致，观望,-0.0859,-0.5611,-0.5625
600552,凯盛科技,209.04,True,22.13,25.24,16,37.77,-12.35,11.88,-12.31,0.1969,2026-07-10,2026-07-10,42.05,0.7043,-0.4288,1.1431,0.4511,0.7122,0.0,0.4713,0.7217,0.8609,多周期共振看多 ⬆⬆⬆,0.3732,0.7038,0.5625
603668,天马科技,60.39,True,11.94,12.01,13,12.99,-8.47,3.17,-0.59,0.2713,2026-07-10,2026-07-10,46.05,0.7498,1.251,0.5576,0.8499,0.8012,0.0707,0.4712,-0.2595,0.3702,多周期方向不一致，观望,0.0316,-0.6054,-0.5625
603203,快克智能,192.69,True,59.49,65.05,16,32.62,-8.55,10.42,-8.55,0.2909,2026-07-10,2026-07-10,44.62,-0.1435,0.0753,1.0557,0.2301,0.7694,0.0,0.4709,0.7778,0.8889,多周期共振看多 ⬆⬆⬆,0.463,0.75,0.5625
600351,亚宝药业,43.32,True,6.26,6.05,10,4.32,-5.95,-0.51,3.45,0.3055,2026-07-01,2026-07-10,58.97,0.2278,1.2635,0.3797,0.5367,0.9117,0.3672,0.4709,-0.2126,0.3937,多周期方向不一致，观望,0.0278,-0.5533,-0.405
000887,中鼎股份,271.81,True,20.68,19.24,7,8.25,-17.53,-4.61,7.46,0.1827,2026-07-09,2026-07-10,53.68,0.4462,0.7744,0.8708,0.6677,0.9706,0.0,0.4706,0.0936,0.5468,上升趋势中的日线整理,-0.1274,0.1948,0.1575
600332,白云山,299.31,True,21.29,20.88,11,3.84,-5.43,-0.31,1.99,0.3026,2026-07-01,2026-07-10,54.72,0.1104,0.4621,0.2846,0.4511,0.9939,0.5257,0.4705,-0.2971,0.3515,多周期方向不一致，观望,-0.0141,-0.7314,-0.5625
600343,航天动力,176.91,True,27.72,25.7,8,16.31,-18.06,-2.03,7.85,0.2729,2026-07-09,2026-07-10,59.26,0.7637,0.2232,0.8036,0.7475,0.9054,0.0,0.4694,-0.1824,0.4088,多周期方向不一致，观望,-0.1159,-0.4359,-0.2665
603590,康辰药业,50.52,True,31.93,30.1,8,11.04,-13.65,-2.72,6.09,0.2114,2026-06-30,2026-07-10,62.18,0.7442,1.2331,0.4855,0.8465,0.8404,0.1909,0.4688,-0.2727,0.3637,多周期方向不一致，观望,-0.0887,-0.5602,-0.5625
002102,ST能特,53.45,True,2.46,2.24,8,9.58,-7.22,-0.16,9.58,0.3626,2026-06-30,2026-07-10,66.67,0.3618,1.1725,0.3922,0.6171,0.7407,0.3464,0.4687,-0.2742,0.3629,多周期方向不一致，观望,0.125,-0.75,-0.5625
000700,模塑科技,143.3,True,15.61,15.36,9,14.01,-9.84,-0.48,1.63,0.1722,2026-07-09,2026-07-10,52.25,0.5488,-0.0724,0.7989,0.5003,0.9389,0.0,0.4687,0.4088,0.7044,上升趋势中的日线整理,-0.1061,0.5902,0.5625
600525,ST长园,67.39,True,5.11,5.03,8,4.94,-7.73,-1.55,1.53,0.1735,2026-06-30,2026-07-10,55.37,0.1563,0.8939,0.342,0.4938,0.9917,0.43,0.468,0.003,0.5015,多周期方向不一致，观望,-0.0685,-0.1079,0.18
002718,友邦吊顶,97.77,True,104.03,109.3,17,21.0,-9.05,8.7,-4.82,0.3674,2026-07-10,2026-07-10,35.01,0.1345,-0.1471,0.5278,0.2219,0.5558,0.1204,0.4679,0.7429,0.8715,多周期共振看多 ⬆⬆⬆,0.406,0.7223,0.5625
600352,浙江龙盛,387.8,True,11.92,11.86,17,15.34,-4.82,4.77,0.51,0.4025,2026-07-09,2026-07-10,51.85,0.0781,0.4365,0.7382,0.4215,0.9299,0.0,0.4665,-0.0245,0.4878,⚠️⚠️ 逆大势反弹，大概率是下跌中继,0.2096,-0.3093,-0.3375
000650,仁和药业,70.03,True,5.26,5.21,8,4.0,-4.69,-0.86,0.87,0.2105,2026-07-01,2026-07-10,54.87,0.2955,1.1099,0.2811,0.5773,0.9971,0.5316,0.466,-0.323,0.3385,多周期方向不一致，观望,-0.125,-0.75,-0.5625
600579,中化装备,38.45,True,7.79,7.58,19,15.7,-3.0,6.29,2.79,0.5293,2026-06-15,2026-07-10,54.57,0.0161,-0.0889,0.6826,0.1741,0.9904,0.0,0.466,-0.0095,0.4953,⚠️⚠️ 逆大势反弹，大概率是下跌中继,0.5135,-0.1703,-0.45
603700,宁水集团,0.0,True,11.52,11.12,12,5.88,-8.5,0.05,3.63,0.2881,2026-07-08,2026-07-10,60.69,0.5078,0.1395,0.3568,0.5604,0.8736,0.4054,0.4654,-0.2374,0.3813,多周期方向不一致，观望,0.077,-0.6146,-0.495
002350,北京科锐,78.2,True,14.74,14.27,5,5.71,-9.24,-3.68,3.27,0.0859,2026-07-07,2026-07-10,53.53,0.7907,0.2753,0.5745,0.7845,0.9674,0.0425,0.4646,0.0602,0.5301,多周期方向不一致，观望,-0.1239,-0.1917,0.5625
603135,中重科技,0.0,True,12.83,12.91,14,17.39,-7.23,2.74,-0.62,0.2758,2026-07-10,2026-07-10,50.66,0.4952,-0.7266,0.6784,0.2971,0.9036,0.0,0.4642,0.492,0.746,上升趋势中的日线整理,0.0693,0.656,0.5625
600228,返利科技,0.0,True,6.81,7.73,11,52.75,-16.45,8.52,-11.89,0.0909,2026-07-10,2026-07-10,46.09,0.2776,7.6084,1.1439,0.5665,0.802,0.0,0.464,0.6249,0.8125,多周期共振看多 ⬆⬆⬆,0.2046,0.6355,0.5625
002437,誉衡药业,65.73,True,3.13,2.77,9,13.18,-10.65,-0.8,13.18,0.3732,2026-06-29,2026-07-10,69.57,0.6022,2.04,0.601,0.7613,0.6763,0.0,0.4639,-0.2143,0.3929,多周期方向不一致，观望,0.1367,-0.4967,-0.5625
605369,拱东医疗,39.25,True,17.8,17.37,14,12.52,-13.01,-0.08,2.5,0.2833,2026-06-22,2026-07-10,62.47,0.5852,1.3178,0.6979,0.7511,0.8339,0.0,0.4633,-0.176,0.412,多周期方向不一致，观望,0.1011,-0.3651,-0.495
002262,恩华药业,176.22,True,19.94,19.3,9,6.51,-5.55,-0.88,3.31,0.2464,2026-06-30,2026-07-10,60.64,0.4872,0.5372,0.3994,0.6923,0.8747,0.3344,0.4631,-0.3119,0.344,多周期方向不一致，观望,-0.0682,-0.75,-0.5625
003018,金富科技,153.35,True,64.6,67.56,16,28.07,-10.32,7.28,-4.39,0.3268,2026-07-10,2026-07-10,48.81,-0.1118,-0.2801,0.8037,0.088,0.8625,0.0,0.4624,0.739,0.8695,多周期共振看多 ⬆⬆⬆,0.3635,0.75,0.5625
603416,信捷电气,79.5,True,56.97,55.53,7,10.01,-9.59,-1.66,2.6,0.1347,2026-07-01,2026-07-10,56.2,0.701,-0.0297,0.5405,0.6087,0.9733,0.0992,0.4623,0.1541,0.577,上升趋势中的日线整理,-0.0594,0.2422,0.2091
000541,佛山照明,60.83,True,4.98,5.08,14,9.77,-6.19,1.37,-1.9,0.2334,2026-07-10,2026-07-10,49.28,0.6068,0.5929,0.4927,0.7641,0.8728,0.1789,0.4622,-0.2752,0.3624,多周期方向不一致，观望,0.0053,-0.6515,-0.5625
002845,同兴达,38.94,True,15.56,15.63,12,5.5,-8.97,0.19,-0.44,0.2194,2026-07-10,2026-07-10,49.45,0.0966,1.7729,0.7401,0.458,0.8767,0.0,0.4612,0.3779,0.6889,上升趋势中的日线整理,-0.0048,0.4232,0.5625
603666,亿嘉和,58.88,True,28.65,27.8,8,9.8,-11.12,-2.22,3.08,0.1487,2026-07-08,2026-07-10,51.41,0.6963,2.4778,0.7527,0.8178,0.9202,0.0,0.461,-0.0819,0.4591,多周期方向不一致，观望,-0.1129,0.0293,-0.2925
002864,盘龙药业,20.79,True,28.22,27.28,7,10.82,-8.19,-1.61,3.46,0.1602,2026-07-02,2026-07-10,55.93,0.7391,7.1739,0.5788,0.8435,0.9794,0.0354,0.4605,-0.2535,0.3732,多周期方向不一致，观望,-0.0555,-0.5717,-0.495
003036,泰坦股份,171.4,True,79.13,89.77,15,41.57,-12.38,11.52,-11.86,0.1922,2026-07-10,2026-07-10,35.05,0.4997,0.0288,0.9348,0.5113,0.5566,0.0,0.4601,0.7332,0.8666,多周期共振看多 ⬆⬆⬆,0.3487,0.75,0.5625
603722,阿科力,35.85,True,37.46,38.55,13,16.56,-9.86,1.56,-2.83,0.175,2026-07-10,2026-07-10,44.56,0.6091,5.7926,0.7919,0.7655,0.768,0.0,0.4596,0.1108,0.5554,月线震荡，中短期走强,0.3408,0.1928,-0.1125
600166,福田汽车,0.0,True,3.17,3.1,14,5.35,-5.04,0.72,2.21,0.3477,2026-07-02,2026-07-10,48.31,0.4057,-0.3109,0.4018,0.319,0.8514,0.3303,0.4591,0.0421,0.5211,⚠️ 月线看多但周线走弱，日线仅为反弹,0.1555,-0.1585,0.2925
605588,冠石科技,43.18,True,59.07,62.07,14,18.42,-9.48,4.43,-4.83,0.2128,2026-07-10,2026-07-10,41.41,0.3498,0.0996,0.6099,0.4497,0.698,0.0,0.4591,0.6052,0.8026,多周期共振看多 ⬆⬆⬆,0.1518,0.6375,0.5625
603338,浙江鼎力,258.24,True,51.0,47.29,7,14.75,-9.65,-2.14,7.84,0.2538,2026-07-01,2026-07-10,63.48,0.5951,0.8051,0.5827,0.7571,0.8115,0.0288,0.4589,-0.1459,0.427,多周期方向不一致，观望,-0.0152,-0.2258,-0.4026
600664,哈药股份,84.87,True,3.37,3.11,4,8.52,-7.07,-2.18,8.52,0.2631,2026-07-09,2026-07-10,61.42,0.5585,1.968,0.5248,0.7351,0.8574,0.1254,0.4587,-0.267,0.3665,多周期方向不一致，观望,-0.1227,-0.506,-0.5625
000920,沃顿科技,60.26,True,12.75,13.89,16,19.8,-19.08,5.2,-8.21,0.1793,2026-07-10,2026-07-10,43.39,0.6354,0.2025,0.9236,0.6623,0.7419,0.0,0.4585,0.2883,0.6442,上升趋势中的日线整理,0.0481,0.3129,0.3947
601089,福元医药,83.04,True,17.3,16.79,9,8.44,-7.8,-1.45,3.06,0.1937,2026-06-30,2026-07-10,57.65,0.5801,1.2334,0.4692,0.748,0.9412,0.218,0.4563,-0.3156,0.3422,多周期方向不一致，观望,-0.0982,-0.7408,-0.5625
002353,杰瑞股份,1044.85,True,151.2,158.99,18,16.64,-5.21,4.42,-4.9,0.2744,2026-07-10,2026-07-10,39.58,-0.4724,0.188,0.8534,0.2752,0.6573,0.0,0.4558,0.7591,0.8796,多周期共振看多 ⬆⬆⬆,0.4151,0.75,0.5625
000782,恒申新材,39.45,True,7.47,7.75,12,12.39,-3.57,1.18,-3.57,0.163,2026-07-10,2026-07-10,44.4,0.6119,-0.2671,0.5164,0.4603,0.7645,0.1394,0.4549,0.4827,0.7413,上升趋势中的日线整理,0.0284,0.6669,0.5625
002430,杭氧股份,254.17,True,25.99,27.66,16,18.77,-9.3,4.01,-6.03,0.204,2026-07-10,2026-07-10,44.44,0.7456,0.8835,0.6823,0.8474,0.7654,0.0,0.4542,-0.1305,0.4347,多周期方向不一致，观望,0.0216,-0.3673,-0.225
002258,利尔化学,107.33,True,13.43,13.47,17,10.35,-4.57,3.17,-0.27,0.3693,2026-07-10,2026-07-10,40.65,0.519,0.1622,0.6538,0.5763,0.6812,0.0,0.4541,0.0066,0.5033,多周期方向不一致，观望,0.3197,0.0923,-0.3375
600845,宝信软件,426.81,True,20.0,18.01,8,12.78,-14.79,-4.67,11.07,0.2606,2026-06-30,2026-07-10,65.49,0.5719,1.2565,0.4982,0.7432,0.7669,0.1697,0.452,-0.2547,0.3727,多周期方向不一致，观望,-0.077,-0.491,-0.5625
000908,石药景峰,59.38,True,6.75,6.15,7,16.42,-19.57,-5.42,9.77,0.2201,2026-07-01,2026-07-10,62.26,0.4508,3.152,0.8953,0.6705,0.8388,0.0,0.452,0.0086,0.5043,月线看多，中短期调整中,-0.2224,-0.2183,0.45
600990,四创电子,51.81,True,19.26,18.58,6,9.79,-8.13,-1.55,3.67,0.1544,2026-07-02,2026-07-10,54.44,0.6315,2.9565,0.52,0.7789,0.9875,0.1334,0.4494,-0.3135,0.3432,多周期方向不一致，观望,-0.098,-0.7315,-0.5625
600888,新疆众和,182.49,True,11.75,13.7,18,33.91,-14.23,11.22,-14.23,0.1807,2026-07-10,2026-07-10,36.91,0.3082,0.2045,0.9339,0.4667,0.5979,0.0,0.4491,0.6952,0.8476,多周期共振看多 ⬆⬆⬆,0.462,0.5694,0.5625
603309,维力医疗,34.5,True,11.82,11.64,8,5.01,-8.89,-1.76,1.59,0.1585,2026-06-30,2026-07-10,56.86,0.3673,0.9329,0.3323,0.6204,0.9586,0.4462,0.4489,-0.2892,0.3554,多周期方向不一致，观望,-0.1165,-0.6762,-0.495
002080,中材科技,1189.62,True,70.89,80.49,14,35.18,-11.93,8.98,-11.93,0.1489,2026-07-10,2026-07-10,39.66,0.3108,0.1472,1.0927,0.4454,0.6591,0.0,0.4482,0.7247,0.8623,多周期共振看多 ⬆⬆⬆,0.3376,0.7408,0.5625
603255,鼎际得,20.02,True,33.0,33.33,16,10.14,-5.25,3.08,-0.98,0.3211,2026-07-10,2026-07-10,44.01,0.3437,-0.2608,0.5121,0.3019,0.7557,0.1466,0.4475,0.3018,0.6509,上升趋势中的日线整理,0.1458,0.4637,0.1953
605366,宏柏新材,0.0,True,10.31,11.55,8,30.74,-10.74,1.98,-10.74,0.0,2026-07-10,2026-07-10,52.56,0.8133,0.7722,0.9981,0.888,0.9458,0.0,0.4475,0.024,0.512,多周期方向不一致，观望,-0.2286,-0.1487,0.45
600535,天士力,0.0,True,14.08,13.92,11,3.52,-5.84,-0.69,1.13,0.263,2026-07-02,2026-07-10,55.75,-0.0147,0.7486,0.3231,0.4,0.9833,0.4615,0.447,-0.244,0.378,多周期方向不一致，观望,-0.1068,-0.4187,-0.5625
601636,旗滨集团,0.0,True,7.08,8.19,15,34.36,-13.58,9.47,-13.58,0.1358,2026-07-10,2026-07-10,40.09,0.4475,0.2384,1.0847,0.5638,0.6687,0.0,0.4466,0.5423,0.7712,多周期共振看多 ⬆⬆⬆,0.2215,0.5521,0.45
603375,盛景微,29.02,True,45.5,48.55,11,4.79,-6.47,-0.36,-6.28,0.0733,2026-07-10,2026-07-10,43.64,0.5123,0.8243,0.6424,0.7074,0.7476,0.0,0.4461,0.3635,0.6817,上升趋势中的日线整理,-0.146,0.5067,0.5625
002349,精华制药,53.49,True,6.57,6.42,7,3.6,-7.58,-2.42,2.28,0.1589,2026-07-01,2026-07-10,55.61,0.3695,1.1094,0.3713,0.6217,0.9864,0.3812,0.4458,-0.2985,0.3508,多周期方向不一致，观望,-0.0926,-0.6703,-0.5625
002698,博实股份,0.0,True,12.49,11.96,9,13.71,-12.54,-1.19,4.46,0.2249,2026-06-29,2026-07-10,63.69,0.7077,0.9157,0.5758,0.8246,0.8069,0.0403,0.4453,-0.2971,0.3515,多周期方向不一致，观望,-0.1342,-0.6282,-0.5625
002440,闰土股份,92.55,True,9.78,10.4,16,22.19,-7.99,6.41,-6.0,0.2648,2026-07-10,2026-07-10,40.13,0.6661,1.2246,0.9332,0.7996,0.6696,0.0,0.4449,-0.1596,0.4202,多周期方向不一致，观望,0.1346,-0.4796,-0.3375
603658,安图生物,175.88,True,30.78,30.47,8,2.38,-6.73,-1.23,1.0,0.1977,2026-07-02,2026-07-10,53.46,0.4599,0.1741,0.3535,0.5456,0.9657,0.4109,0.4448,-0.2768,0.3616,多周期方向不一致，观望,-0.086,-0.5804,-0.5625
002884,凌霄泵业,44.1,True,16.15,15.75,6,4.07,-5.86,-2.08,2.54,0.163,2026-07-02,2026-07-10,62.17,0.2872,1.2576,0.2503,0.5723,0.8406,0.5828,0.4446,-0.225,0.3875,月线震荡，中短期走弱,-0.1944,-0.4401,-0.1496
601985,中国核电,1682.5,True,8.91,9.0,8,2.89,-3.11,-0.49,-0.97,0.1849,2026-07-10,2026-07-10,42.2,0.4599,-0.183,0.1828,0.4028,0.7156,0.6954,0.4444,0.0521,0.5261,多周期方向不一致，观望,-0.1155,0.0315,0.2963
600557,康缘药业,70.2,True,12.4,12.0,9,6.76,-9.45,-1.03,3.3,0.2173,2026-06-30,2026-07-10,57.78,0.5149,1.4661,0.5439,0.7089,0.9382,0.0934,0.4439,-0.3053,0.3473,多周期方向不一致，观望,-0.0562,-0.7315,-0.5625
003017,大洋生物,18.58,True,22.35,22.37,8,8.24,-8.69,-1.06,-0.08,0.1129,2026-07-10,2026-07-10,51.44,0.8875,1.5651,0.4129,0.9325,0.9209,0.3119,0.4438,-0.5672,0.2164,多周期共振看空 ⬇⬇⬇,-0.1518,-0.554,-0.5625
603297,永新光学,133.82,True,120.85,127.44,8,17.56,-12.25,-0.17,-5.17,0.0,2026-07-10,2026-07-10,52.49,0.8043,0.2362,0.6525,0.7771,0.9442,0.0,0.4427,0.1654,0.5827,上升趋势中的日线回调（关注买点）,-0.1612,0.244,0.45
603358,华达科技,190.02,True,41.15,40.77,18,12.36,-5.45,4.7,0.92,0.4268,2026-06-17,2026-07-10,60.04,0.0753,0.0293,0.6395,0.2569,0.8881,0.0,0.4426,0.0401,0.5201,⚠️ 月线空头下的短期反弹，不宜追高,0.3673,0.3233,-0.18
603301,振德医疗,230.34,True,87.29,87.5,17,5.17,-4.74,1.71,-0.25,0.3804,2026-07-10,2026-07-10,51.93,-0.3059,-0.371,0.3185,0.0516,0.9318,0.4691,0.4421,0.0482,0.5241,⚠️ 月线看多但周线走弱，日线仅为反弹,0.2496,-0.2004,0.2925
600500,中化国际,231.45,True,6.45,7.87,15,44.0,-19.12,11.69,-18.0,0.0387,2026-07-10,2026-07-10,27.49,0.6841,1.9722,0.9216,0.8105,0.3886,0.0,0.442,0.6802,0.8401,多周期共振看多 ⬆⬆⬆,0.3118,0.6652,0.5625
603083,剑桥科技,548.67,True,199.09,220.05,13,30.63,-12.59,5.54,-9.53,0.1071,2026-07-10,2026-07-10,36.08,0.2535,0.5193,0.9255,0.5521,0.5795,0.0,0.4412,0.6936,0.8468,多周期共振看多 ⬆⬆⬆,0.2471,0.75,0.5625
600329,达仁堂,210.11,True,37.05,36.19,8,5.31,-7.46,-0.9,2.38,0.1958,2026-06-30,2026-07-10,57.17,0.2464,0.6365,0.3806,0.5478,0.9518,0.3657,0.4406,-0.2563,0.3719,多周期方向不一致，观望,-0.0306,-0.6825,-0.4177
600183,生益科技,3577.15,True,149.39,166.79,15,31.65,-12.52,9.66,-10.43,0.2193,2026-07-10,2026-07-10,35.35,0.3515,-0.0851,0.8897,0.3768,0.5632,0.0,0.4398,0.7132,0.8566,多周期共振看多 ⬆⬆⬆,0.3405,0.7131,0.5625
002837,英维克,831.34,True,73.54,75.53,12,20.96,-8.55,2.8,-2.64,0.1948,2026-07-10,2026-07-10,45.66,0.7381,0.0616,0.6764,0.6675,0.7925,0.0,0.4394,0.0289,0.5144,多周期方向不一致，观望,-0.0137,-0.2439,0.3825
603459,红板科技,71.98,True,91.05,92.1,9,22.42,-20.88,-1.75,-1.14,0.0709,2026-07-10,2026-07-10,51.8,0.684,0.397,0.9333,0.7692,0.9288,0.0,0.4394,0.0,0.5,周线日线方向不一致,0.0,,
002424,ST百灵,51.95,True,4.51,4.46,7,3.47,-6.64,-1.51,1.13,0.1601,2026-07-09,2026-07-10,51.64,0.333,0.5708,0.4065,0.5998,0.9253,0.3225,0.4375,-0.2126,0.3937,多周期方向不一致，观望,-0.06,-0.3205,-0.5625
600141,兴发集团,408.95,True,34.03,40.51,17,38.62,-16.0,13.04,-16.0,0.1205,2026-07-10,2026-07-10,35.83,0.7013,0.9468,0.9529,0.8208,0.574,0.0,0.4352,0.1906,0.5953,月线震荡，中短期走强,0.4465,0.1759,0.0819
001389,广合科技,267.02,True,175.26,196.53,12,23.25,-10.82,3.05,-10.82,0.0,2026-07-10,2026-07-10,44.28,0.6238,0.1856,0.9072,0.6485,0.7617,0.0,0.4346,0.525,0.7625,上升趋势中的日线整理,0.0596,0.75,0.5625
000919,金陵药业,38.11,True,6.13,6.05,6,3.08,-5.41,-1.2,1.29,0.18,2026-07-09,2026-07-10,53.11,0.2208,0.6677,0.3461,0.5325,0.9579,0.4231,0.4342,-0.298,0.351,多周期方向不一致，观望,-0.1358,-0.6308,-0.5625
002805,丰元股份,61.53,True,22.07,26.24,16,33.72,-15.89,9.49,-15.89,0.0947,2026-07-10,2026-07-10,26.21,0.4769,0.8774,0.9491,0.6861,0.3601,0.0,0.4341,0.7157,0.8579,多周期共振看多 ⬆⬆⬆,0.3685,0.6946,0.5625
002101,广东鸿图,59.27,True,8.95,8.78,14,8.15,-7.78,0.93,1.97,0.2952,2026-06-22,2026-07-10,65.91,0.3966,-0.217,0.3582,0.3512,0.7576,0.403,0.4306,-0.0567,0.4717,⚠️⚠️ 逆大势反弹，大概率是下跌中继,0.1665,-0.6608,-0.5625
002436,兴森科技,624.32,True,41.13,46.6,16,31.29,-12.19,8.84,-11.73,0.1823,2026-07-10,2026-07-10,33.16,0.3329,0.0373,1.015,0.4147,0.5146,0.0,0.43,0.7216,0.8608,多周期共振看多 ⬆⬆⬆,0.362,0.7131,0.5625
603014,威高血净,34.13,True,33.63,34.83,13,12.24,-9.92,1.79,-3.44,0.1657,2026-07-10,2026-07-10,43.19,0.7903,2.4043,0.7501,0.8742,0.7375,0.0,0.4289,-0.2506,0.3747,多周期方向不一致，观望,-0.066,-0.4824,-0.5625
603566,普莱柯,35.37,True,10.22,10.15,11,4.5,-5.12,-0.22,0.69,0.258,2026-07-09,2026-07-10,49.62,0.4696,-0.1036,0.35,0.4403,0.8805,0.4166,0.4289,-0.2824,0.3588,多周期方向不一致，观望,0.083,-0.75,-0.5625
600315,上海家化,118.85,True,17.68,17.6,9,3.21,-7.88,-1.44,0.48,0.1793,2026-07-03,2026-07-10,53.03,0.3522,0.2907,0.3599,0.5276,0.9561,0.4002,0.4274,-0.323,0.3385,多周期方向不一致，观望,-0.125,-0.75,-0.5625
600182,S佳通,22.92,True,13.48,13.8,11,8.87,-7.33,-0.12,-2.33,0.1393,2026-07-10,2026-07-10,44.66,0.4914,0.6607,0.4518,0.6948,0.7703,0.2471,0.4266,-0.1554,0.4223,多周期方向不一致，观望,0.0499,-0.1635,-0.5625
002955,鸿合科技,62.45,True,31.92,33.98,19,25.11,-6.06,13.23,-6.06,0.4008,2026-07-10,2026-07-10,41.4,0.0289,-0.4095,0.6335,0.0535,0.6977,0.0,0.426,0.5235,0.7617,多周期共振看多 ⬆⬆⬆,0.5238,0.364,0.3375
002180,奔图科技,224.99,True,16.54,15.23,10,10.57,-13.83,-0.72,8.58,0.3556,2026-06-26,2026-07-10,66.5,0.4266,0.3277,0.6403,0.587,0.7443,0.0,0.4258,-0.2799,0.36,多周期方向不一致，观望,0.042,-0.7038,-0.5625
605376,博迁新材,522.55,True,199.75,229.0,17,33.93,-12.77,13.02,-12.77,0.2011,2026-07-10,2026-07-10,36.45,0.0263,0.1281,1.0417,0.267,0.5878,0.0,0.4253,0.7868,0.8934,多周期共振看多 ⬆⬆⬆,0.4863,0.75,0.5625
000813,德展健康,67.73,True,3.23,3.1,10,5.66,-11.36,-2.15,4.35,0.214,2026-06-30,2026-07-10,62.22,0.3965,0.6323,0.5407,0.6379,0.8395,0.0988,0.4245,-0.2247,0.3876,多周期方向不一致，观望,0.0425,-0.4618,-0.5625
605118,力鼎光电,137.46,True,33.62,34.13,10,12.96,-16.31,-1.34,-1.51,0.088,2026-07-10,2026-07-10,55.79,0.5377,1.0365,0.7154,0.7226,0.9825,0.0,0.4243,-0.1522,0.4239,多周期方向不一致，观望,0.1267,-0.4402,-0.3375
600079,ST人福,267.43,True,17.33,17.0,7,4.62,-5.33,-1.11,1.97,0.2011,2026-07-01,2026-07-10,59.04,0.1172,0.4548,0.3114,0.4523,0.9102,0.4809,0.4242,-0.2897,0.3551,多周期方向不一致，观望,-0.1381,-0.5927,-0.5625
002929,润建股份,133.16,True,61.5,63.47,6,15.45,-23.66,-5.4,-3.1,0.0,2026-07-10,2026-07-10,47.67,0.7787,0.4405,0.8737,0.8434,0.8371,0.0,0.423,0.0301,0.5151,多周期方向不一致，观望,-0.3345,-0.1433,0.5625
603032,德新科技,49.84,True,21.4,25.28,14,18.25,-15.35,1.84,-15.35,0.0,2026-07-10,2026-07-10,38.12,0.5335,0.7537,0.9441,0.7201,0.6248,0.0,0.4229,0.4811,0.7406,上升趋势中的日线整理,0.1226,0.6946,0.45
603811,诚意药业,33.5,True,7.31,7.53,12,3.33,-6.16,-0.3,-2.92,0.1808,2026-07-10,2026-07-10,41.46,0.6413,0.9769,0.3356,0.7848,0.6992,0.4407,0.4228,-0.4983,0.2509,多周期共振看空 ⬇⬇⬇,-0.1506,-0.4036,-0.5625
600703,三安光电,0.0,True,16.94,18.55,12,30.14,-13.29,6.31,-8.68,0.1315,2026-07-10,2026-07-10,39.31,0.4571,-0.0538,0.9708,0.4527,0.6513,0.0,0.4227,0.5604,0.7802,多周期共振看多 ⬆⬆⬆,0.1579,0.5337,0.5625
001324,长青科技,26.83,True,19.44,18.88,13,8.95,-7.55,0.87,2.98,0.3048,2026-06-29,2026-07-10,54.64,0.045,-0.0155,0.4924,0.2208,0.9919,0.1794,0.4222,-0.0408,0.4796,多周期方向不一致，观望,0.1902,-0.0411,-0.3014
603160,汇顶科技,272.6,True,58.5,58.78,12,7.15,-7.68,-0.18,-0.48,0.2087,2026-07-10,2026-07-10,48.09,0.3469,0.7481,0.4568,0.6081,0.8464,0.2387,0.4221,-0.3042,0.3479,多周期方向不一致，观望,-0.029,-0.75,-0.5625
002541,鸿路钢构,97.55,True,19.66,17.37,9,13.16,-8.69,-1.19,13.16,0.3634,2026-06-30,2026-07-10,74.16,0.1432,1.032,0.4458,0.4859,0.5742,0.2571,0.4221,-0.1674,0.4163,多周期方向不一致，观望,0.083,-0.5818,-0.225
002290,禾盛新材,203.99,True,82.52,85.48,9,8.13,-13.52,-1.84,-3.47,0.0105,2026-07-10,2026-07-10,45.05,0.7155,0.1852,0.7257,0.7034,0.7789,0.0,0.4212,0.2842,0.6421,上升趋势中的日线回调（关注买点）,-0.189,0.5549,0.5625
600685,中船防务,234.93,True,28.6,26.38,4,8.43,-11.34,-2.47,8.43,0.227,2026-07-09,2026-07-10,57.72,0.5107,1.0493,0.5471,0.7064,0.9396,0.0882,0.421,-0.5049,0.2475,多周期共振看空 ⬇⬇⬇,-0.1551,-0.6392,-0.3375
603987,康德莱,0.0,True,7.23,7.16,7,3.18,-5.04,-1.18,0.96,0.1945,2026-07-09,2026-07-10,53.16,0.2394,0.1944,0.3098,0.4214,0.9591,0.4836,0.4208,-0.3127,0.3437,多周期方向不一致，观望,-0.1047,-0.7223,-0.5625
000948,南天信息,51.76,True,13.3,12.39,4,9.82,-8.86,-3.25,7.31,0.1753,2026-07-07,2026-07-10,55.81,0.7343,3.6711,0.521,0.8406,0.982,0.1317,0.4202,-0.6882,0.1559,多周期共振看空 ⬇⬇⬇,-0.2442,-0.7408,-0.5625
603990,麦迪科技,61.81,True,20.25,21.55,12,11.85,-6.05,1.89,-6.05,0.0868,2026-07-10,2026-07-10,37.05,0.4485,0.2075,0.5763,0.5521,0.6012,0.0394,0.4196,0.5126,0.7563,上升趋势中的日线整理,0.0974,0.6854,0.5625
002250,联化科技,128.34,True,14.34,14.15,9,10.67,-5.93,0.53,1.35,0.2002,2026-07-09,2026-07-10,51.03,0.4696,0.3138,0.619,0.6073,0.9118,0.0,0.4195,-0.1901,0.405,多周期方向不一致，观望,0.0491,-0.619,-0.2588
605288,凯迪股份,71.47,True,72.72,80.41,16,23.0,-9.56,7.1,-9.56,0.1929,2026-07-10,2026-07-10,41.16,0.4108,-0.0944,0.8869,0.4087,0.6924,0.0,0.4193,0.4064,0.7032,多周期共振看多 ⬆⬆⬆,0.3203,0.3313,0.2873
603989,艾华集团,152.73,True,38.3,43.96,16,49.4,-12.88,15.93,-12.88,0.1825,2026-07-10,2026-07-10,39.54,0.1388,-0.1329,1.1238,0.2302,0.6564,0.0,0.4192,0.7599,0.88,多周期共振看多 ⬆⬆⬆,0.4495,0.7223,0.5625
002767,先锋电子,23.7,True,18.2,17.65,7,12.61,-6.49,-0.97,3.15,0.1757,2026-07-02,2026-07-10,54.87,0.4059,1.5169,0.6719,0.6435,0.9972,0.0,0.4191,-0.2955,0.3523,多周期方向不一致，观望,-0.1168,-0.7038,-0.495
002617,露笑科技,158.47,True,8.44,9.34,14,14.21,-10.85,1.6,-9.63,0.0221,2026-07-10,2026-07-10,39.37,0.5486,1.1737,0.7568,0.7292,0.6526,0.0,0.4185,0.3453,0.6726,上升趋势中的日线整理,0.0968,0.4494,0.3646
002370,亚太药业,40.56,True,5.44,5.36,9,8.43,-11.38,-2.54,1.41,0.1148,2026-07-09,2026-07-10,58.02,0.6285,2.5401,0.7448,0.7771,0.9328,0.0,0.418,-0.2941,0.3529,多周期方向不一致，观望,-0.1468,-0.6046,-0.5625
603129,春风动力,386.79,True,252.01,244.86,15,12.34,-6.65,3.29,2.92,0.3939,2026-06-18,2026-07-10,66.59,-0.3058,-0.5542,0.3393,0.0,0.7424,0.4345,0.4179,0.1595,0.5797,月线看多，日线反弹（等待周线确认）,0.3932,0.1341,0.18
600567,山鹰国际,85.78,True,1.36,1.37,14,6.35,-3.11,0.73,-0.98,0.294,2026-07-10,2026-07-10,50.0,0.5348,-0.2248,0.4646,0.431,0.8889,0.2256,0.4173,-0.3035,0.3483,多周期方向不一致，观望,-0.0358,-0.7408,-0.5625
603520,司太立,42.26,True,9.64,9.93,10,13.05,-15.81,-1.33,-2.92,0.0528,2026-07-10,2026-07-10,54.03,0.8149,0.1499,0.5219,0.7489,0.9784,0.1302,0.4166,-0.2708,0.3646,多周期共振看空 ⬇⬇⬇,-0.1995,-0.2667,-0.1575
002741,光华科技,129.7,True,30.42,35.06,16,37.77,-13.24,9.85,-13.24,0.1697,2026-07-10,2026-07-10,28.17,0.4083,0.0944,1.0447,0.4827,0.4039,0.0,0.4159,0.6629,0.8315,多周期共振看多 ⬆⬆⬆,0.3191,0.6208,0.5625
603387,基蛋生物,41.99,True,8.28,8.02,8,4.34,-9.9,-2.7,3.18,0.1591,2026-06-30,2026-07-10,56.23,0.0876,0.4689,0.4236,0.4401,0.9727,0.2939,0.4158,-0.1618,0.4191,多周期方向不一致，观望,-0.0667,-0.4402,-0.2139
603407,长裕集团,24.58,True,68.44,80.99,15,54.85,-21.23,17.89,-15.49,0.1013,2026-07-10,2026-07-10,45.37,0.5123,0.5745,1.1422,0.7074,0.7859,0.0,0.4148,0.0,0.5,周线日线方向不一致,0.0,,
600198,大唐电信,109.36,True,8.4,9.11,16,9.1,-11.95,1.19,-7.75,0.0905,2026-07-10,2026-07-10,41.94,0.7891,0.3324,0.5709,0.8064,0.7098,0.0485,0.4148,-0.0794,0.4603,多周期方向不一致，观望,-0.0181,0.0492,-0.3825
603559,中通国脉,35.23,True,8.78,8.44,4,16.91,-10.9,-3.92,4.03,0.0666,2026-07-09,2026-07-10,50.52,0.3868,0.0029,0.8653,0.4332,0.9005,0.0,0.4135,0.3748,0.6874,上升趋势中的日线整理,-0.1156,0.5777,0.495
002399,海普瑞,118.98,True,9.54,9.18,8,5.46,-6.91,-1.44,3.92,0.2166,2026-06-30,2026-07-10,60.65,0.1599,0.5629,0.4163,0.4959,0.8746,0.3061,0.4127,-0.3057,0.3471,多周期方向不一致，观望,-0.0362,-0.75,-0.5625
600216,浙江医药,0.0,True,11.83,11.62,7,8.33,-8.8,-2.36,1.83,0.1207,2026-07-01,2026-07-10,54.86,0.5959,1.1843,0.4223,0.7575,0.997,0.2961,0.4123,-0.6361,0.182,多周期共振看空 ⬇⬇⬇,-0.1968,-0.6669,-0.5625
605589,圣泉集团,443.09,True,52.38,62.53,15,32.11,-16.23,9.06,-16.23,0.0594,2026-07-10,2026-07-10,25.52,0.4469,4.9118,0.9398,0.6682,0.3449,0.0,0.4116,0.6673,0.8337,多周期共振看多 ⬆⬆⬆,0.1798,0.75,0.5625
603355,莱克电气,162.62,True,28.36,28.04,14,15.87,-12.67,0.84,1.14,0.272,2026-07-09,2026-07-10,40.48,0.3444,0.9985,0.7555,0.6066,0.6773,0.0,0.4102,-0.1544,0.4228,多周期方向不一致，观望,-0.0818,-0.3403,-0.2684
002377,国创高新,23.99,True,2.75,2.71,6,9.08,-8.59,-3.09,1.51,0.0561,2026-07-02,2026-07-10,53.12,0.7578,0.9639,0.5034,0.8547,0.9583,0.161,0.41,-0.5007,0.2496,多周期共振看空 ⬇⬇⬇,-0.2231,-0.5717,-0.3375
002511,中顺洁柔,88.31,True,6.98,6.88,7,2.56,-7.17,-1.93,1.48,0.163,2026-07-01,2026-07-10,52.25,0.3603,-0.1618,0.2418,0.3515,0.9389,0.597,0.4086,-0.2889,0.3556,多周期方向不一致，观望,-0.1259,-0.5994,-0.5625
002859,洁美科技,335.8,True,78.4,93.02,17,27.56,-15.72,9.2,-15.72,0.1075,2026-07-10,2026-07-10,34.61,0.6294,-0.4917,1.0725,0.381,0.5468,0.0,0.4065,0.7283,0.8641,多周期共振看多 ⬆⬆⬆,0.3361,0.75,0.5625
002791,坚朗五金,33.03,True,15.17,13.99,4,8.42,-10.02,-4.32,8.42,0.1663,2026-07-06,2026-07-10,61.04,0.5916,1.8537,0.3976,0.755,0.8658,0.3374,0.4051,-0.6753,0.1623,多周期共振看空 ⬇⬇⬇,-0.2004,-0.75,-0.5625
002439,启明星辰,97.49,True,13.38,12.97,3,3.71,-12.66,-4.31,3.13,0.0263,2026-07-07,2026-07-10,50.39,0.6479,1.1883,0.3899,0.7888,0.8975,0.3502,0.4048,-0.4438,0.2781,多周期共振看空 ⬇⬇⬇,-0.2383,-0.2761,-0.495
603848,好太太,57.66,True,14.33,14.05,9,5.14,-7.54,-0.94,1.96,0.2055,2026-07-02,2026-07-10,58.03,0.2832,0.2592,0.5153,0.4736,0.9327,0.1412,0.4047,-0.2458,0.3771,多周期方向不一致，观望,-0.026,-0.4955,-0.5625
002223,鱼跃医疗,0.0,True,26.02,25.77,9,3.76,-5.32,-0.81,0.97,0.2161,2026-07-09,2026-07-10,58.03,0.3059,0.3228,0.2775,0.5127,0.9326,0.5375,0.4043,-0.6536,0.1732,多周期共振看空 ⬇⬇⬇,-0.1553,-0.7408,-0.5625
002202,金风科技,752.08,True,22.36,22.47,7,10.16,-11.49,-1.68,-0.48,0.0575,2026-07-10,2026-07-10,48.23,0.6547,1.6279,0.8029,0.7928,0.8496,0.0,0.4039,-0.1944,0.4028,月线震荡，中短期走弱,-0.2713,-0.5334,0.1125
605133,嵘泰股份,95.36,True,33.8,35.89,9,11.24,-10.49,-0.96,-5.82,0.0,2026-07-10,2026-07-10,47.81,0.6058,0.0902,0.8243,0.5996,0.8402,0.0,0.4033,0.2584,0.6292,上升趋势中的日线整理,-0.1368,0.4508,0.3375
603330,天洋新材,33.88,True,7.83,8.11,12,20.53,-9.75,2.49,-3.45,0.1669,2026-07-10,2026-07-10,49.01,0.6846,-0.6424,0.6295,0.4108,0.8669,0.0,0.4029,0.1251,0.5625,多周期方向不一致，观望,-0.0138,0.4494,0.1125
000935,四川双马,203.69,True,26.68,26.11,7,5.82,-14.51,-3.74,2.19,0.0726,2026-07-07,2026-07-10,56.97,0.3737,-0.069,0.3989,0.3966,0.9563,0.3352,0.4028,-0.0022,0.4989,月线看多，中短期调整中,-0.1577,-0.2126,0.3375
605100,华丰股份,84.81,True,35.65,38.36,13,13.89,-8.02,2.58,-7.05,0.095,2026-07-10,2026-07-10,35.24,0.6486,-0.1728,0.5967,0.52,0.5609,0.0055,0.4021,0.4793,0.7397,上升趋势中的日线整理,-0.0357,0.7131,0.5625
002552,宝鼎科技,222.35,True,60.34,65.34,13,29.31,-12.97,6.92,-7.65,0.1884,2026-07-10,2026-07-10,35.95,0.0458,0.0314,1.1661,0.2401,0.5766,0.0,0.4014,0.6828,0.8414,多周期共振看多 ⬆⬆⬆,0.2734,0.7038,0.5625
601100,恒立液压,1488.45,True,111.01,112.12,10,6.93,-7.6,-0.98,-0.99,0.1321,2026-07-10,2026-07-10,46.27,0.3279,-0.0583,0.5905,0.3734,0.806,0.0158,0.4013,0.3163,0.6582,上升趋势中的日线整理,-0.1165,0.3589,0.5625
603398,*ST沐邦,58.85,True,13.57,14.23,15,6.41,-7.82,0.44,-4.63,0.1572,2026-07-10,2026-07-10,38.12,-0.0516,-0.05,0.4,0.18,0.6248,0.3333,0.4012,0.5276,0.7638,上升趋势中的日线整理,0.0892,0.7315,0.5625
605399,晨光新材,41.68,True,13.38,13.82,9,9.41,-9.84,-0.21,-3.19,0.0581,2026-07-10,2026-07-10,45.51,0.6878,0.6717,0.7171,0.8127,0.7891,0.0,0.4009,-0.1796,0.4102,多周期方向不一致，观望,-0.0017,-0.4504,-0.3375
002602,世纪华通,0.0,True,14.04,13.71,7,5.18,-10.26,-2.68,2.41,0.1206,2026-07-03,2026-07-10,56.9,0.2956,0.4325,0.443,0.5503,0.9577,0.2617,0.4007,-0.3232,0.3384,多周期方向不一致，观望,-0.1479,-0.7315,-0.5625
601233,桐昆股份,490.61,True,20.66,22.56,17,15.22,-8.42,4.98,-8.42,0.1844,2026-07-10,2026-07-10,38.75,0.4307,-0.1595,0.7961,0.3946,0.6388,0.0,0.3992,0.3533,0.6766,上升趋势中的日线整理,0.1418,0.5037,0.2925
000711,ST京蓝,127.16,True,5.34,5.15,5,10.1,-20.71,-6.72,3.63,0.0023,2026-07-06,2026-07-10,49.27,0.3979,0.2066,0.7667,0.5213,0.8726,0.0,0.3991,0.3059,0.653,上升趋势中的日线回调（关注买点）,-0.1737,0.6146,0.5625
001322,箭牌家居,48.63,True,6.19,6.12,9,5.69,-9.45,-2.73,1.1,0.1025,2026-06-30,2026-07-10,58.91,0.5859,0.1722,0.4631,0.6204,0.9131,0.2282,0.399,-0.325,0.3375,多周期方向不一致，观望,-0.1356,-0.75,-0.5625
600750,华润江中,147.96,True,23.53,23.27,9,5.33,-7.34,-1.24,1.11,0.1897,2026-07-03,2026-07-10,51.33,0.1844,-0.2486,0.3328,0.2112,0.9184,0.4454,0.3986,-0.0632,0.4684,多周期方向不一致，观望,-0.0565,-0.2948,0.0654
002463,沪电股份,2488.89,True,129.44,139.08,15,13.37,-7.73,2.81,-6.93,0.1355,2026-07-10,2026-07-10,42.24,0.4378,-0.3929,0.8581,0.3055,0.7165,0.0,0.3986,0.5153,0.7576,上升趋势中的日线整理,0.0302,0.75,0.5625
603271,永杰新材,41.65,True,44.04,45.83,8,17.7,-7.61,-0.55,-3.9,0.016,2026-07-10,2026-07-10,35.73,0.8966,0.5634,0.7086,0.9379,0.5717,0.0,0.398,-0.041,0.4795,月线看多，中短期调整中,-0.2152,-0.191,0.18
000661,长春高新,277.73,True,69.5,66.43,7,6.22,-13.29,-3.11,4.63,0.1491,2026-07-09,2026-07-10,59.29,0.6846,2.0299,0.5016,0.8108,0.9047,0.1641,0.398,-0.6877,0.1562,多周期共振看空 ⬇⬇⬇,-0.2322,-0.75,-0.5625
600745,*ST闻泰,265.47,True,20.84,17.62,5,18.3,-17.04,-4.46,18.3,0.2181,2026-07-06,2026-07-10,74.26,0.6577,1.0894,0.6669,0.7946,0.5721,0.0,0.397,-0.3051,0.3475,多周期方向不一致，观望,-0.0334,-0.75,-0.5625
000915,华特达因,57.42,True,24.52,25.43,9,3.26,-4.17,-0.19,-3.58,0.1347,2026-07-10,2026-07-10,45.85,0.6179,1.015,0.3203,0.7707,0.7968,0.4662,0.3968,-0.7111,0.1445,多周期共振看空 ⬇⬇⬇,-0.2922,-0.75,-0.5625
002055,ST得润,39.74,True,6.69,6.4,8,9.14,-14.97,-2.64,4.54,0.1748,2026-06-30,2026-07-10,57.89,0.1612,-0.4179,0.5031,0.1296,0.9357,0.1615,0.3961,0.2899,0.645,上升趋势中的日线整理,0.0699,0.3555,0.3375
000651,格力电器,2112.17,True,38.25,37.74,7,3.45,-4.33,-0.92,1.36,0.2068,2026-07-01,2026-07-10,63.7,-0.0992,-0.0265,0.18,0.1894,0.8068,0.7,0.396,-0.1599,0.4201,多周期方向不一致，观望,-0.0519,-0.1632,-0.495
600237,铜峰电子,66.58,True,10.66,12.0,14,18.22,-11.14,4.67,-11.13,0.061,2026-07-10,2026-07-10,38.98,0.6759,-0.464,1.0303,0.42,0.6439,0.0,0.3956,0.5736,0.7868,多周期共振看多 ⬆⬆⬆,0.1826,0.5417,0.5625
605060,XD联德股,117.56,True,49.2,52.07,14,12.8,-10.27,1.78,-5.5,0.1296,2026-07-10,2026-07-10,44.12,0.6835,-0.0959,0.8097,0.5717,0.7583,0.0,0.3953,0.027,0.5135,多周期方向不一致，观望,0.147,-0.2998,0.2925
603075,热威股份,9.31,True,22.58,22.45,5,1.06,-9.91,-4.91,0.6,0.0,2026-07-08,2026-07-10,56.63,0.2526,-0.2038,0.1841,0.27,0.9639,0.6931,0.3952,0.0183,0.5091,多周期方向不一致，观望,-0.1883,0.0173,0.2247
002824,和胜股份,69.41,True,30.69,34.17,16,39.83,-11.54,12.17,-10.18,0.25,2026-07-10,2026-07-10,19.46,0.3538,-0.1843,0.7645,0.3386,0.2102,0.0,0.3937,0.7559,0.878,多周期共振看多 ⬆⬆⬆,0.45,0.7131,0.5625
603389,亚振家居,152.34,True,57.98,59.05,5,3.36,-6.58,-1.87,-1.82,0.0602,2026-07-10,2026-07-10,41.71,0.2365,1.2085,0.4697,0.5419,0.7047,0.2172,0.3934,0.1162,0.5581,多周期方向不一致，观望,-0.2219,0.1384,0.5625
600835,上海机电,173.24,True,21.48,20.95,9,4.94,-14.22,-2.76,2.54,0.1377,2026-07-02,2026-07-10,43.96,0.7122,0.1409,0.5295,0.6837,0.7548,0.1175,0.3931,-0.2793,0.3604,多周期方向不一致，观望,-0.0216,-0.6467,-0.5625
603855,华荣股份,55.5,True,16.54,16.44,8,7.53,-6.18,-1.5,0.61,0.1487,2026-06-30,2026-07-10,56.3,0.5271,-0.4235,0.3571,0.3468,0.9712,0.4048,0.3928,-0.2584,0.3708,多周期方向不一致，观望,-0.1018,-0.4859,-0.5625
000636,风华高科,694.32,True,60.01,68.86,15,33.57,-14.81,12.28,-12.85,0.1673,2026-07-10,2026-07-10,37.8,0.1527,-0.3426,1.0335,0.1546,0.6179,0.0,0.3928,0.7524,0.8762,多周期共振看多 ⬆⬆⬆,0.4627,0.6946,0.5625
002402,和而泰,215.42,True,26.32,24.72,6,9.16,-15.07,-3.68,6.46,0.165,2026-07-09,2026-07-10,55.25,0.6442,1.734,0.7186,0.7865,0.9945,0.0,0.3926,-0.7067,0.1467,多周期共振看空 ⬇⬇⬇,-0.3347,-0.7038,-0.5625
603679,华体科技,33.55,True,18.88,19.86,17,19.39,-8.53,6.09,-4.92,0.2997,2026-07-10,2026-07-10,38.28,0.061,-0.547,0.6462,0.0366,0.6284,0.0,0.3925,0.608,0.804,多周期共振看多 ⬆⬆⬆,0.2895,0.5256,0.5625
000788,北大医药,31.17,True,5.23,5.17,8,2.29,-8.27,-1.8,1.12,0.1707,2026-07-09,2026-07-10,51.6,0.3639,0.0749,0.478,0.4483,0.9243,0.2034,0.3922,-0.261,0.3695,多周期方向不一致，观望,-0.1181,-0.4836,-0.5625
002191,劲嘉股份,52.74,True,3.76,3.88,13,9.09,-4.83,0.81,-3.19,0.1903,2026-07-10,2026-07-10,41.04,0.8176,-0.6002,0.4769,0.4906,0.6899,0.2051,0.3922,-0.0959,0.4521,多周期方向不一致，观望,0.017,0.0137,-0.45
002168,ST惠程,28.07,True,3.58,3.67,5,4.54,-4.09,-1.14,-2.49,0.0665,2026-07-10,2026-07-10,43.04,0.8038,0.2816,0.3595,0.7949,0.7342,0.4009,0.3922,-0.496,0.252,多周期共振看空 ⬇⬇⬇,-0.1588,-0.3914,-0.5625
600529,山东药玻,120.51,True,18.16,18.42,5,1.76,-4.33,-1.19,-1.41,0.1204,2026-07-10,2026-07-10,39.77,0.6024,-0.1963,0.2561,0.4829,0.6616,0.5732,0.3916,-0.1812,0.4094,多周期方向不一致，观望,-0.2337,-0.0335,-0.5625
002737,葵花药业,73.18,True,12.53,12.18,6,4.68,-8.6,-2.11,2.88,0.1552,2026-07-02,2026-07-10,56.32,0.1696,0.2131,0.4227,0.387,0.9706,0.2955,0.3911,-0.2638,0.3681,多周期方向不一致，观望,-0.0757,-0.5323,-0.5625
002446,盛路通信,89.19,True,10.52,10.88,14,13.75,-8.67,2.14,-3.28,0.1943,2026-07-10,2026-07-10,37.8,0.605,-0.258,0.7049,0.4598,0.6177,0.0,0.3909,0.1842,0.5921,上升趋势中的日线整理,0.0163,0.2795,0.185
600479,千金药业,39.97,True,9.55,9.38,8,3.36,-5.29,-1.44,1.76,0.2037,2026-06-30,2026-07-10,61.54,-0.0593,0.5103,0.2083,0.4,0.8547,0.6528,0.3899,-0.5577,0.2212,多周期共振看空 ⬇⬇⬇,-0.1592,-0.5267,-0.5625
600050,中国联通,1301.6,True,4.2,4.15,1,1.18,-5.45,-2.47,1.18,0.0836,2026-07-09,2026-07-10,44.44,0.445,1.8003,0.1909,0.667,0.7654,0.6818,0.3893,-0.6169,0.1915,多周期共振看空 ⬇⬇⬇,-0.3293,-0.511,-0.5625
603335,迪生力,30.44,True,7.11,8.4,17,21.34,-15.38,6.16,-15.38,0.04,2026-07-10,2026-07-10,41.6,0.5282,-0.2506,1.0391,0.4166,0.7023,0.0,0.3882,0.5005,0.7502,上升趋势中的日线整理,0.1384,0.7315,0.45
002023,海特高新,85.72,True,11.57,12.58,14,17.2,-8.18,3.12,-8.02,0.1003,2026-07-10,2026-07-10,34.7,0.6818,0.3708,0.5918,0.7574,0.549,0.0136,0.3878,-0.0199,0.49,多周期方向不一致，观望,-0.0193,0.0517,-0.1228
603178,圣龙股份,39.67,True,16.78,15.7,4,14.03,-15.27,-5.95,6.89,0.0871,2026-07-06,2026-07-10,54.85,0.4846,3.5819,0.7772,0.6908,0.9966,0.0,0.3875,-0.4105,0.2948,多周期共振看空 ⬇⬇⬇,-0.166,-0.3775,-0.3825
002175,*ST东智,35.49,True,2.78,2.42,7,19.98,-16.6,-2.48,14.66,0.2993,2026-07-01,2026-07-10,71.01,0.3828,0.2801,0.7239,0.5417,0.6441,0.0,0.3868,-0.264,0.368,多周期方向不一致，观望,0.0473,-0.6383,-0.5625
603378,*ST亚士,25.03,True,5.84,5.23,7,14.11,-12.03,-2.47,11.68,0.2997,2026-07-02,2026-07-10,70.12,0.5358,-0.2827,0.6132,0.4084,0.664,0.0,0.3866,-0.0768,0.4616,多周期方向不一致，观望,0.0943,0.0317,-0.45
600523,贵航股份,45.98,True,11.38,11.03,4,3.21,-9.68,-3.51,3.21,0.1046,2026-07-08,2026-07-10,54.33,0.404,0.7815,0.3436,0.6424,0.9851,0.4273,0.3861,-0.7141,0.143,多周期共振看空 ⬇⬇⬇,-0.3106,-0.7408,-0.5625
001279,强邦新材,0.0,True,26.88,27.14,9,4.84,-13.72,-2.72,-0.95,0.0516,2026-07-10,2026-07-10,54.36,0.7421,0.0213,0.5743,0.6537,0.9857,0.0428,0.3854,-0.3033,0.3483,多周期方向不一致，观望,-0.0905,-0.6929,-0.5625
000823,超声电子,107.39,True,18.05,22.17,17,42.94,-18.59,12.13,-18.59,0.0557,2026-07-10,2026-07-10,37.02,0.4115,-0.2599,1.2123,0.3429,0.6004,0.0,0.3849,0.6767,0.8383,多周期共振看多 ⬆⬆⬆,0.2684,0.6946,0.5625
603221,爱丽家居,29.19,True,12.05,11.19,5,7.69,-15.26,-5.23,7.69,0.1408,2026-07-03,2026-07-10,57.17,0.3439,0.6365,0.581,0.6064,0.9517,0.0316,0.3849,-0.396,0.302,多周期共振看空 ⬇⬇⬇,-0.2202,-0.2958,-0.3857
002287,奇正藏药,114.42,True,20.04,19.74,7,5.2,-6.44,-1.55,1.53,0.1719,2026-07-01,2026-07-10,55.77,0.1665,0.8529,0.3402,0.4999,0.9829,0.4331,0.3848,-0.66,0.17,多周期共振看空 ⬇⬇⬇,-0.1611,-0.75,-0.5625
603031,安孚科技,149.87,True,47.67,51.38,2,3.92,-11.41,-5.58,-7.23,0.0,2026-07-10,2026-07-10,43.95,0.5961,0.0574,0.763,0.5807,0.7544,0.0,0.3845,0.242,0.621,上升趋势中的日线回调（关注买点）,-0.4135,0.6054,0.5625
001218,丽臣实业,28.03,True,23.74,23.92,7,8.71,-10.41,-1.4,-0.75,0.0879,2026-07-10,2026-07-10,46.17,0.3344,0.9962,0.6581,0.6006,0.8038,0.0,0.384,-0.0645,0.4677,多周期方向不一致，观望,-0.0741,-0.3325,0.1125
002059,云南旅游,42.47,True,4.32,4.32,5,5.76,-7.08,-2.18,0.0,0.084,2026-07-09,2026-07-10,52.33,0.7827,-0.0927,0.2782,0.6326,0.9406,0.5363,0.384,-0.6994,0.1503,多周期共振看空 ⬇⬇⬇,-0.2727,-0.7408,-0.5625
002723,小崧股份,27.2,True,8.58,8.76,12,9.93,-7.45,-0.02,-2.0,0.1403,2026-07-10,2026-07-10,42.27,0.522,-0.0386,0.5307,0.4977,0.7171,0.1155,0.3835,-0.0178,0.4911,多周期方向不一致，观望,-0.0919,-0.158,0.1584
600265,*ST景谷,28.8,True,22.19,22.4,5,4.86,-13.02,-3.9,-0.96,0.0,2026-07-10,2026-07-10,50.62,0.4968,-0.7906,0.4207,0.2981,0.9028,0.2988,0.3833,0.267,0.6335,上升趋势中的日线回调（关注买点）,-0.2568,0.5552,0.5625
002484,江海股份,711.35,True,86.7,97.85,17,30.46,-14.18,9.89,-11.39,0.2328,2026-07-10,2026-07-10,36.62,-0.1018,-0.3883,1.0066,0.0447,0.5915,0.0,0.3827,0.7211,0.8605,多周期共振看多 ⬆⬆⬆,0.3392,0.7315,0.5625
002215,诺 普 信,71.28,True,8.82,8.98,7,10.64,-8.92,-1.01,-1.76,0.0446,2026-07-10,2026-07-10,41.16,0.8126,1.0606,0.6492,0.8876,0.6924,0.0,0.3825,-0.2982,0.3509,多周期方向不一致，观望,-0.041,-0.7131,-0.5625
002412,汉森制药,29.87,True,6.0,5.91,4,6.07,-9.17,-2.92,1.54,0.0549,2026-07-08,2026-07-10,52.11,0.5261,2.7764,0.5525,0.7157,0.9357,0.0792,0.3821,-0.4065,0.2968,多周期共振看空 ⬇⬇⬇,-0.2098,-0.3761,-0.3375
600936,北投科技,76.87,True,4.6,4.57,1,0.6,-17.61,-10.16,0.6,0.0,2026-07-09,2026-07-10,48.51,0.7481,-0.4166,0.4317,0.4822,0.8557,0.2804,0.3814,0.0288,0.5144,多周期方向不一致，观望,-0.264,-0.0971,0.45
603662,柯力传感,179.28,True,63.84,68.97,14,15.37,-8.67,2.43,-7.43,0.0976,2026-07-10,2026-07-10,42.94,0.7566,-0.316,0.7542,0.5276,0.7321,0.0,0.3814,0.0945,0.5473,多周期方向不一致，观望,0.0122,0.4718,-0.0667
002297,博云新材,137.72,True,24.03,27.64,15,42.37,-13.06,10.12,-13.06,0.1621,2026-07-10,2026-07-10,22.78,0.0176,0.7014,0.831,0.4105,0.284,0.0,0.3803,0.6557,0.8278,多周期共振看多 ⬆⬆⬆,0.1824,0.7223,0.5625
002152,广电运通,254.92,True,10.27,9.78,3,8.81,-9.88,-3.04,5.04,0.1186,2026-07-07,2026-07-10,51.27,0.6277,3.1171,0.5282,0.7766,0.9172,0.1196,0.3799,-0.6844,0.1578,多周期共振看空 ⬇⬇⬇,-0.2559,-0.7223,-0.5625
002189,中光学,51.84,True,19.85,20.67,7,9.26,-8.46,-1.24,-3.98,0.0,2026-07-10,2026-07-10,54.38,0.557,0.4123,0.4995,0.6991,0.9862,0.1675,0.3781,-0.4109,0.2945,多周期共振看空 ⬇⬇⬇,-0.2571,-0.4576,-0.225
603226,菲林格尔,180.77,True,50.85,53.46,12,13.77,-7.77,1.75,-4.88,0.1127,2026-07-10,2026-07-10,39.93,0.3114,-0.252,0.6004,0.286,0.6651,0.0,0.3774,0.4934,0.7467,上升趋势中的日线整理,-0.0146,0.7315,0.5625
002538,ST司特,52.12,True,6.11,6.03,11,8.45,-7.85,0.29,1.36,0.2448,2026-06-25,2026-07-10,59.06,0.1229,-0.2277,0.4423,0.1826,0.9097,0.2629,0.3773,-0.1635,0.4183,多周期方向不一致，观望,0.1168,-0.4812,-0.3375
600227,赤天化,32.71,True,2.56,2.59,0,-1.22,-13.3,-8.09,-1.22,0.0,2026-07-10,2026-07-10,39.53,0.7244,0.8212,0.4882,0.8346,0.6563,0.1863,0.3772,-0.2541,0.373,月线震荡，中短期走弱,-0.4518,-0.4875,0.0207
002134,天津普林,67.47,True,27.25,28.95,13,6.96,-5.86,0.4,-5.86,0.1183,2026-07-10,2026-07-10,42.48,0.302,-0.4076,0.5193,0.2182,0.7218,0.1345,0.3771,0.4103,0.7051,上升趋势中的日线整理,-0.1028,0.5913,0.5625
603687,大胜达,83.49,True,15.18,18.39,15,13.26,-17.45,2.19,-17.45,0.0,2026-07-10,2026-07-10,33.75,0.6291,0.0411,0.8303,0.5939,0.5278,0.0,0.3767,0.43,0.715,上升趋势中的日线整理,-0.0538,0.7131,0.45
002342,巨力索具,105.68,True,11.07,10.26,6,10.92,-21.46,-5.66,7.85,0.1503,2026-07-09,2026-07-10,59.74,0.6954,0.0167,0.7888,0.6239,0.8947,0.0,0.3767,-0.4194,0.2903,多周期共振看空 ⬇⬇⬇,-0.2938,-0.3325,-0.3375
600596,新安股份,169.91,True,12.59,15.07,14,19.36,-17.05,3.9,-16.46,0.0,2026-07-10,2026-07-10,31.18,0.639,0.2518,0.8748,0.6841,0.4706,0.0,0.3764,0.3515,0.6757,上升趋势中的日线整理,-0.0812,0.5325,0.45
002960,青鸟智控,81.23,True,8.39,8.61,8,4.31,-5.17,-0.87,-2.54,0.106,2026-07-10,2026-07-10,37.83,0.7312,-0.2002,0.3375,0.5587,0.6184,0.4375,0.3764,-0.2291,0.3855,多周期方向不一致，观望,-0.1268,-0.4033,-0.495
002386,天原股份,73.53,True,5.65,5.98,13,8.48,-6.0,1.25,-5.46,0.1119,2026-07-10,2026-07-10,38.92,0.5837,0.1374,0.54,0.6052,0.6426,0.1,0.3754,-0.0846,0.4577,多周期方向不一致，观望,-0.0296,-0.2129,-0.1334
603276,恒兴新材,11.72,True,15.5,16.05,7,4.53,-6.19,-1.57,-3.43,0.0348,2026-07-10,2026-07-10,45.64,0.8174,0.1713,0.3714,0.759,0.7919,0.381,0.3742,-0.5595,0.2203,多周期共振看空 ⬇⬇⬇,-0.3449,-0.439,-0.495
601038,一拖股份,86.63,True,11.84,11.39,7,11.49,-12.52,-3.44,3.92,0.1235,2026-07-01,2026-07-10,57.55,0.2273,0.201,0.4819,0.4168,0.9434,0.1969,0.3741,-0.2602,0.3699,多周期方向不一致，观望,-0.1454,-0.5243,-0.495
000422,湖北宜化,139.85,True,13.22,13.78,11,11.16,-8.63,0.78,-4.06,0.0979,2026-07-10,2026-07-10,42.21,0.7353,0.1352,0.6182,0.6952,0.7157,0.0,0.3739,-0.2148,0.3926,多周期方向不一致，观望,-0.1107,-0.5118,-0.3375
002274,华昌化工,54.02,True,5.76,5.03,2,14.48,-10.94,-4.92,14.48,0.1587,2026-07-08,2026-07-10,70.59,0.7463,2.9021,0.5204,0.8478,0.6536,0.1327,0.3732,-0.6421,0.1789,多周期共振看空 ⬇⬇⬇,-0.334,-0.5625,-0.5625
600420,国药现代,116.55,True,8.69,8.44,7,6.32,-9.57,-2.05,2.91,0.149,2026-07-01,2026-07-10,56.86,0.3246,0.5948,0.4652,0.5948,0.9586,0.2246,0.3727,-0.6574,0.1713,多周期共振看空 ⬇⬇⬇,-0.1868,-0.7223,-0.5625
000790,华神科技,22.97,True,3.69,3.67,5,4.15,-10.29,-3.19,0.65,0.0586,2026-07-09,2026-07-10,50.82,0.472,0.3242,0.4322,0.6129,0.9071,0.2796,0.3724,-0.4543,0.2729,多周期共振看空 ⬇⬇⬇,-0.2739,-0.4263,-0.3375
000751,锌业股份,68.24,True,4.84,5.52,13,18.14,-14.21,2.43,-12.36,0.0,2026-07-10,2026-07-10,37.31,0.7951,0.639,0.8647,0.8771,0.6069,0.0,0.3719,-0.1562,0.4219,多周期方向不一致，观望,-0.1183,-0.3602,-0.225
601869,长飞光纤,1686.43,True,415.03,486.43,15,29.41,-16.05,6.28,-14.68,0.0286,2026-07-10,2026-07-10,35.09,0.3658,0.0557,0.8776,0.4417,0.5577,0.0,0.3718,0.5301,0.7651,上升趋势中的日线整理,0.075,0.75,0.5625
002833,弘亚数控,49.13,True,16.8,17.96,8,7.56,-7.94,-1.57,-6.44,0.0,2026-07-10,2026-07-10,44.84,0.519,1.3898,0.5685,0.7114,0.7741,0.0525,0.3718,-0.135,0.4325,月线震荡，中短期走弱,-0.2812,-0.209,-0.0039
603281,江瀚新材,115.4,True,22.25,26.4,13,17.25,-15.7,2.91,-15.7,0.0,2026-07-10,2026-07-10,38.68,0.3556,3.6494,0.7482,0.6134,0.6373,0.0,0.3716,0.2267,0.6134,上升趋势中的日线整理,-0.034,0.1681,0.45
605319,无锡振华,85.96,True,24.69,23.92,7,4.21,-11.62,-4.5,3.24,0.0799,2026-07-08,2026-07-10,48.89,0.296,0.0736,0.484,0.4071,0.8642,0.1933,0.3715,-0.063,0.4685,月线看多，中短期调整中,-0.3586,-0.2852,0.2925
603676,卫信康,38.12,True,8.76,8.54,7,5.66,-7.19,-2.11,2.62,0.1605,2026-07-01,2026-07-10,56.45,0.1674,0.9477,0.3792,0.5005,0.9679,0.3681,0.3714,-0.6703,0.1648,多周期共振看空 ⬇⬇⬇,-0.1875,-0.75,-0.5625
002106,莱宝高科,82.05,True,11.64,14.22,17,27.69,-19.02,6.27,-18.13,0.0,2026-07-10,2026-07-10,35.88,0.5755,0.0785,1.1234,0.5767,0.5751,0.0,0.3713,0.3577,0.6788,上升趋势中的日线整理,0.07,0.476,0.393
605268,王力安防,41.54,True,9.43,9.19,1,2.64,-8.5,-5.16,2.64,0.0172,2026-07-09,2026-07-10,53.28,0.3684,1.0491,0.3265,0.621,0.9617,0.4559,0.3712,-0.5837,0.2082,多周期共振看空 ⬇⬇⬇,-0.4941,-0.5218,-0.3375
603838,*ST四通,27.36,True,8.55,9.11,10,6.26,-7.21,-0.85,-6.14,0.0137,2026-07-10,2026-07-10,29.63,0.4632,1.409,0.3856,0.6779,0.4362,0.3574,0.3712,0.0428,0.5214,多周期方向不一致，观望,-0.2089,-0.0829,0.45
603678,火炬电子,282.72,True,59.45,71.33,18,29.23,-16.65,15.36,-16.65,0.12,2026-07-10,2026-07-10,45.74,0.0336,-0.5765,1.1052,0.0201,0.7942,0.0,0.3711,0.6952,0.8476,多周期共振看多 ⬆⬆⬆,0.505,0.5325,0.5625
600756,浪潮软件,45.08,True,13.91,12.97,3,7.27,-12.22,-4.82,7.27,0.111,2026-07-07,2026-07-10,53.32,0.4627,4.3594,0.5239,0.6776,0.9626,0.1269,0.3699,-0.6483,0.1759,多周期共振看空 ⬇⬇⬇,-0.3708,-0.5446,-0.5625
002897,意华股份,151.84,True,82.33,85.68,11,14.87,-9.57,0.94,-3.91,0.1007,2026-07-10,2026-07-10,41.14,0.0675,0.0023,1.0169,0.2414,0.692,0.0,0.3699,0.501,0.7505,上升趋势中的日线整理,0.0537,0.6929,0.5625
603298,杭叉集团,327.06,True,24.97,24.9,8,7.31,-9.96,-0.66,0.28,0.1479,2026-07-09,2026-07-10,44.11,0.211,0.2376,0.4801,0.4217,0.758,0.1999,0.3687,-0.1494,0.4253,多周期方向不一致，观望,0.0235,-0.3805,-0.2964
000153,丰原药业,25.19,True,5.49,5.3,3,3.61,-6.9,-2.38,3.61,0.1435,2026-07-09,2026-07-10,56.47,0.2312,2.8944,0.3843,0.5387,0.9673,0.3594,0.3685,-0.7064,0.1468,多周期共振看空 ⬇⬇⬇,-0.3124,-0.7223,-0.5625
001358,兴欣新材,12.0,True,24.15,25.3,9,13.43,-9.49,-0.73,-4.55,0.0113,2026-07-10,2026-07-10,48.17,0.7954,1.0147,0.6332,0.8773,0.8481,0.0,0.3677,-0.5072,0.2464,多周期共振看空 ⬇⬇⬇,-0.2044,-0.4446,-0.495
603173,福斯达,53.14,True,33.21,35.26,10,11.34,-5.82,1.32,-5.82,0.0514,2026-07-10,2026-07-10,40.7,0.7033,0.3067,0.5286,0.7446,0.6823,0.119,0.3674,-0.2895,0.3553,多周期方向不一致，观望,-0.1008,-0.6238,-0.5625
000990,诚志股份,106.33,True,8.75,8.69,3,1.89,-9.88,-4.55,0.69,0.0,2026-07-09,2026-07-10,49.03,0.2963,0.4522,0.4475,0.5587,0.8673,0.2542,0.3673,-0.1998,0.4001,月线震荡，中短期走弱,-0.44,-0.3048,0.0102
603009,北特科技,162.94,True,48.15,46.2,10,16.5,-16.1,-2.6,4.23,0.1999,2026-06-26,2026-07-10,64.5,0.3536,-0.0991,0.6249,0.3725,0.7889,0.0,0.3671,-0.0859,0.4571,多周期方向不一致，观望,-0.1499,-0.0488,-0.2004
002273,水晶光电,421.02,True,30.91,35.08,7,10.34,-13.43,-3.36,-11.88,0.0,2026-07-10,2026-07-10,40.61,0.3191,0.4908,0.8791,0.5878,0.6802,0.0,0.3668,0.1779,0.5889,上升趋势中的日线回调（关注买点）,-0.374,0.4684,0.45
002199,*ST东晶,27.64,True,11.97,12.35,1,1.33,-12.28,-5.85,-3.09,0.0,2026-07-10,2026-07-10,45.35,0.3222,-0.0196,0.4955,0.3855,0.7856,0.1741,0.3667,0.2349,0.6175,上升趋势中的日线回调（关注买点）,-0.4199,0.5869,0.5625
600222,太龙药业,41.45,True,7.41,7.49,4,6.58,-15.43,-3.63,-1.07,0.0,2026-07-10,2026-07-10,53.52,0.2449,-0.1735,0.6759,0.2775,0.967,0.0,0.3663,0.3258,0.6629,上升趋势中的日线整理,-0.0927,0.3632,0.5625
001208,华菱线缆,0.0,True,15.99,14.81,2,7.98,-10.05,-4.99,7.98,0.1322,2026-07-09,2026-07-10,55.65,0.3025,2.3251,0.6561,0.5815,0.9855,0.0,0.366,-0.5023,0.2489,多周期共振看空 ⬇⬇⬇,-0.3306,-0.483,-0.3375
603002,宏昌电子,215.47,True,19.0,22.35,17,40.53,-14.99,13.0,-14.99,0.1458,2026-07-10,2026-07-10,23.75,0.2271,-0.1356,0.9809,0.282,0.3056,0.0,0.3655,0.7564,0.8782,多周期共振看多 ⬆⬆⬆,0.4082,0.75,0.5625
002066,瑞泰科技,46.82,True,20.27,21.46,0,-2.07,-9.3,-6.4,-5.53,0.0,2026-07-10,2026-07-10,40.99,0.3107,0.52,0.4449,0.5864,0.6886,0.2585,0.3654,-0.0481,0.4759,月线看多，中短期调整中,-0.471,-0.1629,0.3375
000510,新金路,114.65,True,18.9,22.55,16,29.49,-16.19,10.95,-16.19,0.0997,2026-07-10,2026-07-10,25.96,0.4205,-0.1767,0.896,0.3816,0.3546,0.0,0.3653,0.6469,0.8235,多周期共振看多 ⬆⬆⬆,0.3705,0.5417,0.5625
600178,东安动力,41.52,True,8.9,9.66,17,12.38,-9.41,2.19,-7.91,0.1275,2026-07-10,2026-07-10,37.08,0.5787,1.3793,0.6683,0.7472,0.6018,0.0,0.365,-0.3038,0.3481,多周期方向不一致，观望,-0.1414,-0.6515,-0.5625
002938,鹏鼎控股,2275.47,True,98.47,103.78,8,10.78,-14.42,-2.56,-5.12,0.0,2026-07-10,2026-07-10,38.22,0.612,-0.059,0.8331,0.5436,0.6271,0.0,0.365,0.2974,0.6487,上升趋势中的日线回调（关注买点）,-0.3434,0.7315,0.5625
600563,法拉电子,323.21,True,143.65,166.17,11,15.99,-15.4,0.46,-13.55,0.0,2026-07-10,2026-07-10,36.5,0.8081,-0.3194,0.899,0.5571,0.589,0.0,0.3646,0.3184,0.6592,上升趋势中的日线回调（关注买点）,-0.2159,0.6929,0.5625
002701,奥瑞金,117.64,True,4.6,4.48,5,8.04,-8.13,-2.95,2.6,0.0832,2026-07-03,2026-07-10,54.76,0.5892,-0.0414,0.3709,0.537,0.9947,0.3819,0.3645,-0.6422,0.1789,多周期共振看空 ⬇⬇⬇,-0.2035,-0.6744,-0.5625
605018,长华集团,0.0,True,13.12,14.2,4,19.08,-13.95,-4.34,-7.58,0.0,2026-07-10,2026-07-10,40.87,0.8972,-0.649,0.5902,0.5383,0.686,0.0163,0.3643,0.2171,0.6086,上升趋势中的日线回调（关注买点）,-0.4982,0.5944,0.5625
603101,汇嘉时代,32.32,True,6.87,6.68,6,4.26,-10.28,-4.33,2.91,0.063,2026-07-09,2026-07-10,54.98,0.2863,1.0636,0.3906,0.5718,0.9995,0.349,0.3641,-0.6314,0.1843,多周期共振看空 ⬇⬇⬇,-0.2863,-0.5798,-0.5625
603508,思维列控,83.77,True,21.97,21.71,6,3.0,-6.64,-2.0,1.22,0.1408,2026-07-02,2026-07-10,52.56,0.1979,0.1503,0.236,0.3789,0.9459,0.6067,0.3641,-0.6518,0.1741,多周期共振看空 ⬇⬇⬇,-0.2294,-0.6733,-0.5625
002529,海源复材,17.6,True,6.77,7.29,2,4.63,-10.63,-5.72,-7.07,0.0,2026-07-10,2026-07-10,38.0,0.6262,0.5164,0.5994,0.7757,0.6222,0.0011,0.3638,-0.0785,0.4607,月线看多，中短期调整中,-0.5407,-0.1788,0.2684
000012,南  玻Ａ,81.7,True,4.17,4.59,15,16.71,-9.24,3.81,-9.24,0.1029,2026-07-10,2026-07-10,38.52,0.7553,-0.1388,0.8847,0.5976,0.6339,0.0,0.363,-0.0596,0.4702,多周期方向不一致，观望,0.0437,0.1507,-0.45
603663,三祥新材,313.45,True,73.98,87.4,17,39.96,-15.35,16.39,-15.35,0.1367,2026-07-10,2026-07-10,26.69,0.3474,-0.3877,0.8848,0.2534,0.3708,0.0,0.3628,0.7237,0.8619,多周期共振看多 ⬆⬆⬆,0.4127,0.6744,0.5625
002975,博杰股份,165.92,True,120.8,133.41,11,13.62,-17.34,-1.02,-9.45,0.0,2026-07-10,2026-07-10,32.1,0.6978,-0.0422,0.8997,0.6018,0.4911,0.0,0.3625,0.3475,0.6737,上升趋势中的日线回调（关注买点）,-0.1577,0.7408,0.5625
000999,华润三九,395.06,True,23.76,23.62,9,2.78,-7.66,-1.08,0.59,0.1978,2026-07-09,2026-07-10,51.99,-0.0482,0.6829,0.3473,0.4,0.9332,0.4211,0.3622,-0.6742,0.1629,多周期共振看空 ⬇⬇⬇,-0.2082,-0.7408,-0.5625
603111,康尼机电,49.42,True,5.9,5.87,7,3.42,-5.44,-1.23,0.56,0.1796,2026-07-02,2026-07-10,49.12,0.1486,0.2217,0.2699,0.3779,0.8694,0.5501,0.3622,-0.621,0.1895,多周期共振看空 ⬇⬇⬇,-0.161,-0.6643,-0.5625
603082,北自科技,15.19,True,37.45,39.95,12,26.24,-17.36,3.2,-6.25,0.1146,2026-07-10,2026-07-10,23.64,0.7543,-0.0196,0.6798,0.6447,0.3032,0.0,0.3615,0.2216,0.6108,上升趋势中的日线整理,0.0225,0.4012,0.1551
000050,深天马Ａ,188.77,True,7.75,9.02,14,27.13,-14.1,4.66,-14.1,0.0,2026-07-10,2026-07-10,36.92,0.8881,0.1099,0.8147,0.7768,0.5983,0.0,0.3612,-0.0716,0.4642,多周期方向不一致，观望,-0.0125,0.1462,-0.45
603683,晶华新材,87.91,True,30.5,30.62,11,8.74,-9.16,0.49,-0.4,0.1774,2026-07-10,2026-07-10,44.44,0.0225,-0.5014,0.5759,0.0135,0.7652,0.0402,0.361,0.4901,0.745,上升趋势中的日线整理,0.0205,0.6929,0.5625
603386,骏亚科技,49.96,True,15.31,18.2,16,15.31,-15.87,2.7,-15.87,0.0,2026-07-10,2026-07-10,35.59,0.7158,-0.2333,0.6572,0.5361,0.5687,0.0,0.3606,0.3443,0.6722,上升趋势中的日线整理,-0.1044,0.5337,0.45
002239,奥特佳,64.91,True,2.42,2.46,4,2.02,-8.63,-2.97,-1.57,0.0082,2026-07-10,2026-07-10,50.0,0.5835,0.3604,0.3014,0.6942,0.8889,0.4977,0.3605,-0.7111,0.1445,多周期共振看空 ⬇⬇⬇,-0.3351,-0.7131,-0.5625
603730,岱美股份,233.98,True,10.89,11.96,9,11.58,-11.76,-2.98,-8.92,0.0,2026-07-10,2026-07-10,42.81,0.8007,-0.5414,0.8192,0.4804,0.729,0.0,0.3603,0.2389,0.6195,上升趋势中的日线回调（关注买点）,-0.4364,0.6146,0.5625
002348,高乐股份,99.21,True,10.98,11.11,0,-1.2,-18.35,-10.39,-1.2,0.0,2026-07-10,2026-07-10,41.16,0.674,-0.0324,0.6258,0.5914,0.6924,0.0,0.3603,0.1055,0.5527,多周期方向不一致，观望,-0.2559,0.1204,0.5625
002580,圣阳股份,83.08,True,18.38,20.97,5,12.84,-16.65,-6.93,-12.35,0.0,2026-07-10,2026-07-10,41.95,0.7908,-0.0489,0.9371,0.655,0.7099,0.0,0.3591,-0.0269,0.4865,月线看多，中短期调整中,-0.4185,-0.2194,0.45
001395,亚联机械,14.89,True,28.63,25.15,6,13.86,-11.14,-3.85,13.86,0.2492,2026-07-08,2026-07-10,68.44,0.4927,5.8271,0.6684,0.6956,0.7014,0.0,0.3591,-0.6799,0.1601,多周期共振看空 ⬇⬇⬇,-0.3756,-0.7223,-0.45
600993,马应龙,100.05,True,23.25,22.81,4,4.32,-7.49,-1.99,1.92,0.1253,2026-07-07,2026-07-10,52.99,0.1131,1.6566,0.3326,0.4679,0.9552,0.4456,0.3582,-0.6865,0.1568,多周期共振看空 ⬇⬇⬇,-0.2507,-0.7315,-0.5625
000049,德赛电池,91.83,True,23.88,23.98,7,6.06,-11.83,-1.95,-0.41,0.0655,2026-07-10,2026-07-10,49.79,0.4183,-0.1569,0.4115,0.3882,0.8842,0.3142,0.3577,-0.2292,0.3854,多周期方向不一致，观望,-0.091,-0.4031,-0.5264
002752,昇兴股份,60.19,True,6.17,6.05,5,5.39,-11.61,-4.1,1.91,0.0368,2026-07-03,2026-07-10,51.31,0.1885,0.1694,0.4068,0.3808,0.918,0.322,0.3577,-0.1949,0.4026,月线震荡，中短期走弱,-0.2479,-0.4248,-0.0177
603050,科林电气,77.52,True,19.22,19.67,3,6.94,-13.4,-4.68,-2.31,0.0,2026-07-10,2026-07-10,49.91,0.7616,-0.6902,0.457,0.4569,0.8869,0.2383,0.3574,-0.1269,0.4365,月线震荡，中短期走弱,-0.2556,-0.314,0.1064
002611,东方精工,173.79,True,17.31,17.78,8,3.71,-6.65,-1.35,-2.64,0.095,2026-07-10,2026-07-10,38.78,0.748,-0.5989,0.465,0.4488,0.6395,0.2249,0.3572,-0.0359,0.482,多周期方向不一致，观望,-0.1675,-0.0074,-0.0069
603006,联明股份,31.71,True,12.47,13.62,12,8.15,-8.42,0.25,-8.42,0.0,2026-07-10,2026-07-10,38.12,0.8184,-0.2678,0.4657,0.5839,0.6248,0.2238,0.3571,-0.0062,0.4969,多周期方向不一致，观望,-0.0828,0.2014,-0.1575
002993,奥海科技,133.03,True,55.79,65.54,13,11.24,-14.88,0.51,-14.88,0.0,2026-07-10,2026-07-10,38.17,0.3109,0.2898,0.8046,0.5025,0.626,0.0,0.357,0.3005,0.6502,上升趋势中的日线回调（关注买点）,-0.1699,0.5933,0.5625
002444,巨星科技,342.64,True,29.88,30.92,9,9.48,-6.63,-0.84,-3.38,0.0378,2026-07-10,2026-07-10,52.03,0.1107,0.5954,0.5487,0.4664,0.9341,0.0855,0.3565,-0.1745,0.4128,多周期方向不一致，观望,-0.0396,-0.3957,-0.3375
603256,宏和科技,1812.5,True,206.03,243.98,15,31.04,-15.79,11.3,-15.56,0.0997,2026-07-10,2026-07-10,34.35,-0.1329,-0.0795,0.966,0.1682,0.5411,0.0,0.3565,0.6941,0.8471,多周期共振看多 ⬆⬆⬆,0.2486,0.75,0.5625
603284,林平发展,6.84,True,37.03,37.71,3,4.64,-9.33,-3.75,-1.81,0.0,2026-07-10,2026-07-10,44.86,0.4604,0.1597,0.3785,0.5401,0.7746,0.3691,0.3563,-0.2383,0.3809,周线日线方向不一致,-0.3666,,
603859,能科科技,111.73,True,45.66,49.31,13,26.83,-11.11,2.69,-7.41,0.0888,2026-07-10,2026-07-10,37.87,0.6239,-0.7204,0.6609,0.3744,0.6194,0.0,0.356,0.2923,0.6462,上升趋势中的日线整理,-0.1195,0.5348,0.3268
002007,华兰生物,0.0,True,12.8,12.74,6,2.79,-5.93,-1.23,0.47,0.1698,2026-07-09,2026-07-10,51.94,-0.1453,0.502,0.3689,0.4,0.932,0.3852,0.355,-0.6341,0.183,多周期共振看空 ⬇⬇⬇,-0.168,-0.6871,-0.5625
600062,华润双鹤,172.03,True,16.57,16.59,8,2.85,-6.51,-0.72,-0.11,0.1925,2026-07-10,2026-07-10,50.94,0.0113,1.7069,0.386,0.4068,0.9098,0.3567,0.3548,-0.6519,0.174,多周期共振看空 ⬇⬇⬇,-0.1511,-0.7408,-0.5625
600771,广誉远,0.0,True,14.23,13.69,7,4.15,-9.57,-3.16,3.91,0.1537,2026-07-01,2026-07-10,57.5,0.1242,1.0094,0.4351,0.4745,0.9444,0.2749,0.3547,-0.6441,0.1779,多周期共振看空 ⬇⬇⬇,-0.1527,-0.7223,-0.5625
002638,勤上股份,52.48,True,3.88,3.99,3,7.62,-11.83,-4.29,-2.66,0.0,2026-07-10,2026-07-10,49.26,0.3509,0.2594,0.6969,0.5143,0.8725,0.0,0.3544,-0.0349,0.4825,月线看多，中短期调整中,-0.452,-0.2287,0.45
600392,盛和资源,0.0,True,24.29,28.67,17,38.02,-15.28,8.79,-15.28,0.1081,2026-07-10,2026-07-10,20.63,0.735,0.3533,0.9035,0.7823,0.2363,0.0,0.3544,0.0406,0.5203,⚠️ 月线空头下的短期反弹，不宜追高,0.1892,0.4944,-0.193
601138,工业富联,13150.68,True,66.27,70.69,7,6.73,-12.2,-2.96,-6.25,0.0,2026-07-10,2026-07-10,32.84,0.6293,0.0279,0.7005,0.5888,0.5076,0.0,0.354,0.2811,0.6405,上升趋势中的日线回调（关注买点）,-0.2149,0.5667,0.5625
001400,江顺科技,48.03,True,103.9,110.78,9,10.63,-10.79,-1.54,-6.21,0.0,2026-07-10,2026-07-10,47.85,0.4044,0.2319,0.8355,0.5354,0.841,0.0,0.3538,-0.0356,0.4822,月线看多，中短期调整中,-0.3317,-0.1775,0.2925
601177,杭齿前进,55.61,True,13.82,13.37,5,14.71,-18.8,-7.68,3.38,0.0,2026-07-09,2026-07-10,53.29,0.7094,0.8753,0.6751,0.8256,0.962,0.0,0.3537,-0.6457,0.1771,多周期共振看空 ⬇⬇⬇,-0.3767,-0.5338,-0.5625
002475,立讯精密,4551.8,True,62.14,66.71,3,7.57,-10.67,-3.76,-6.85,0.0,2026-07-10,2026-07-10,42.48,0.7062,-0.1689,0.7779,0.5562,0.7218,0.0,0.3536,0.0729,0.5364,多周期方向不一致，观望,-0.3837,0.0867,0.5625
600760,中航沈飞,1141.72,True,40.35,41.18,3,3.06,-6.07,-2.12,-2.02,0.0335,2026-07-10,2026-07-10,41.08,0.7414,0.4257,0.3724,0.8151,0.6907,0.3794,0.3535,-0.6889,0.1556,多周期共振看空 ⬇⬇⬇,-0.381,-0.625,-0.5625
003037,三和管桩,37.08,True,6.19,5.92,5,6.41,-13.65,-7.03,4.61,0.0191,2026-07-03,2026-07-10,59.28,0.5567,0.7643,0.3946,0.734,0.9049,0.3424,0.3535,-0.7518,0.1241,多周期共振看空 ⬇⬇⬇,-0.4073,-0.7408,-0.5625
002902,铭普光磁,48.71,True,27.42,30.4,5,8.59,-19.13,-7.47,-9.8,0.0,2026-07-10,2026-07-10,27.05,0.7808,0.6217,0.8548,0.8685,0.3789,0.0,0.353,-0.0204,0.4898,多周期方向不一致，观望,-0.507,-0.1052,0.45
002870,香山股份,49.04,True,37.8,39.32,5,1.87,-3.86,-1.5,-3.86,0.0438,2026-07-10,2026-07-10,42.24,0.4329,-0.4777,0.2881,0.2687,0.7164,0.5198,0.3526,0.0102,0.5051,多周期方向不一致，观望,-0.3301,0.0792,0.2486
601728,中国电信,4378.32,True,5.64,5.57,3,1.89,-10.59,-4.29,1.34,0.0059,2026-07-09,2026-07-10,48.08,0.623,-0.1129,0.2758,0.5287,0.8462,0.5403,0.3525,-0.4879,0.256,多周期共振看空 ⬇⬇⬇,-0.2768,-0.2725,-0.5625
000922,佳电股份,85.72,True,12.16,13.51,13,11.26,-12.02,0.81,-9.98,0.0,2026-07-10,2026-07-10,23.74,0.5445,0.465,0.6433,0.7127,0.3053,0.0,0.352,0.309,0.6545,上升趋势中的日线整理,-0.1349,0.4681,0.45
000695,滨海能源,27.75,True,12.51,12.97,1,0.41,-14.25,-6.14,-3.57,0.0,2026-07-10,2026-07-10,28.69,0.8818,0.2526,0.5187,0.8301,0.4153,0.1355,0.3515,-0.123,0.4385,月线震荡，中短期走弱,-0.3845,-0.1919,0.1079
600184,光电股份,127.91,True,21.95,26.83,13,16.97,-21.57,-0.55,-18.18,0.0,2026-07-10,2026-07-10,37.41,0.7251,-0.2636,1.0085,0.5296,0.6092,0.0,0.3515,0.2336,0.6168,上升趋势中的日线回调（关注买点）,-0.1896,0.4977,0.45
002157,正邦科技,0.0,True,2.97,2.93,4,2.42,-8.35,-3.11,1.24,0.0704,2026-07-09,2026-07-10,52.94,-0.0996,0.4586,0.4011,0.3835,0.9542,0.3315,0.3508,-0.3866,0.3067,多周期共振看空 ⬇⬇⬇,-0.1681,-0.3681,-0.3375
603728,鸣志电器,252.84,True,60.36,61.11,5,9.86,-10.01,-2.57,-1.23,0.0,2026-07-10,2026-07-10,50.1,0.6536,-0.0624,0.6706,0.5672,0.8912,0.0,0.3504,-0.174,0.413,多周期方向不一致，观望,-0.3979,0.1386,-0.5625
002730,电光科技,97.23,True,28.1,29.11,8,9.63,-10.21,-2.21,-3.46,0.0,2026-07-10,2026-07-10,28.84,0.6507,1.1032,0.682,0.7904,0.4186,0.0,0.3503,0.0352,0.5176,月线看多，中短期调整中,-0.2721,-0.1617,0.5625
603685,晨丰科技,59.94,True,29.75,29.6,1,0.51,-10.51,-5.67,0.51,0.0,2026-07-09,2026-07-10,47.17,-0.0108,1.1811,0.4585,0.4,0.826,0.2358,0.3502,-0.0186,0.4907,月线看多，中短期调整中,-0.2853,-0.1813,0.3375
002078,太阳纸业,363.83,True,13.1,12.57,8,4.22,-8.93,-2.29,4.22,0.2078,2026-07-03,2026-07-10,61.22,-0.4368,-0.2234,0.3175,0.1106,0.8617,0.4708,0.349,-0.2945,0.3528,多周期方向不一致，观望,-0.101,-0.7131,-0.495
002245,蔚蓝锂芯,307.5,True,19.14,20.29,11,9.7,-10.01,-0.81,-5.69,0.0127,2026-07-10,2026-07-10,37.52,0.4585,-0.0989,0.805,0.4355,0.6116,0.0,0.3479,0.3217,0.6608,上升趋势中的日线回调（关注买点）,-0.1658,0.6608,0.5625
603803,瑞斯康达,48.65,True,11.45,11.88,0,-0.09,-16.57,-6.77,-3.58,0.0,2026-07-10,2026-07-10,33.1,0.6543,0.5087,0.6069,0.7926,0.5132,0.0,0.3477,-0.1022,0.4489,月线看多，中短期调整中,-0.4667,-0.2667,0.18
601163,三角轮胎,103.44,True,12.93,12.72,6,4.22,-7.85,-2.9,1.61,0.1128,2026-07-02,2026-07-10,55.36,0.469,-0.529,0.2708,0.2814,0.9919,0.5487,0.3477,-0.5682,0.2159,多周期共振看空 ⬇⬇⬇,-0.2374,-0.5502,-0.495
002594,比亚迪,0.0,True,90.0,85.72,6,4.99,-12.87,-4.21,4.99,0.1226,2026-07-02,2026-07-10,54.39,-0.2998,1.516,0.4058,0.4,0.9864,0.3237,0.3474,-0.5981,0.201,多周期共振看空 ⬇⬇⬇,-0.2969,-0.4975,-0.5625
000960,锡业股份,599.76,True,36.45,41.24,13,16.44,-12.19,1.55,-11.62,0.0,2026-07-10,2026-07-10,30.93,0.6768,-0.2587,0.8949,0.5026,0.4651,0.0,0.3473,0.4165,0.7083,上升趋势中的日线整理,0.0056,0.6271,0.45
002139,拓邦股份,105.18,True,9.82,9.7,6,5.56,-10.38,-3.26,1.26,0.0685,2026-07-02,2026-07-10,48.23,0.524,0.3198,0.4104,0.6423,0.8496,0.316,0.3471,-0.6877,0.1562,多周期共振看空 ⬇⬇⬇,-0.232,-0.75,-0.5625
002831,裕同科技,206.62,True,28.93,32.65,14,27.07,-11.39,5.91,-11.39,0.0856,2026-07-10,2026-07-10,33.62,0.4043,-0.5309,0.6177,0.2426,0.5248,0.0,0.347,0.5525,0.7762,上升趋势中的日线整理,0.143,0.75,0.5625
000156,华数传媒,111.17,True,6.54,6.55,3,0.63,-9.64,-2.61,-0.18,0.0468,2026-07-10,2026-07-10,39.26,0.4247,0.616,0.2634,0.6548,0.6502,0.561,0.3463,-0.6183,0.1909,多周期共振看空 ⬇⬇⬇,-0.2562,-0.5768,-0.5625
601058,赛轮轮胎,409.04,True,12.44,12.11,8,7.14,-7.68,-1.16,2.73,0.1883,2026-07-02,2026-07-10,52.34,0.2203,-0.0958,0.5752,0.2939,0.9409,0.0413,0.3463,-0.3138,0.3431,多周期方向不一致，观望,-0.1101,-0.7223,-0.5625
603515,欧普照明,127.02,True,17.25,17.12,4,1.4,-6.02,-2.65,0.79,0.1013,2026-07-08,2026-07-10,55.03,-0.1789,-0.0722,0.2597,0.1711,0.9993,0.5671,0.3457,-0.4037,0.2982,多周期共振看空 ⬇⬇⬇,-0.3039,-0.2892,-0.3375
002252,上海莱士,301.74,True,4.58,4.57,1,0.2,-11.54,-5.74,0.2,0.0,2026-07-09,2026-07-10,51.24,0.4965,1.5143,0.3355,0.6979,0.9164,0.4409,0.3456,-0.804,0.098,多周期共振看空 ⬇⬇⬇,-0.5302,-0.75,-0.5625
002203,海亮股份,431.37,True,19.5,22.55,12,23.75,-13.51,4.14,-13.51,0.0,2026-07-10,2026-07-10,20.62,0.754,-0.1286,0.8265,0.601,0.236,0.0,0.345,0.5153,0.7576,上升趋势中的日线整理,0.0304,0.75,0.5625
002971,和远气体,86.12,True,53.49,64.77,18,60.5,-17.42,26.89,-17.42,0.1009,2026-07-10,2026-07-10,32.21,0.1171,-0.358,1.1063,0.1271,0.4936,0.0,0.3445,0.7185,0.8593,多周期共振看多 ⬆⬆⬆,0.4315,0.6467,0.5625
600983,惠而浦,55.26,True,7.21,7.4,3,3.0,-11.02,-4.47,-2.51,0.0,2026-07-10,2026-07-10,50.27,0.6466,0.4801,0.4622,0.78,0.8949,0.2297,0.3442,-0.7517,0.1241,多周期共振看空 ⬇⬇⬇,-0.45,-0.7038,-0.5625
002206,海 利 得,55.39,True,5.24,5.39,12,4.87,-4.44,-0.1,-2.8,0.1903,2026-07-10,2026-07-10,32.11,0.6395,-0.4353,0.3546,0.4096,0.4913,0.4091,0.344,-0.2771,0.3614,多周期方向不一致，观望,-0.1481,-0.5962,-0.495
603933,睿能科技,46.61,True,22.46,23.0,6,2.46,-11.08,-2.47,-2.34,0.0033,2026-07-10,2026-07-10,42.9,0.2739,1.129,0.5726,0.5643,0.7311,0.0457,0.3438,-0.0742,0.4629,月线看多，中短期调整中,-0.2921,-0.2829,0.18
002913,奥士康,163.94,True,54.34,61.49,14,24.23,-12.25,4.68,-11.63,0.0492,2026-07-10,2026-07-10,22.45,0.5176,-0.1004,0.6866,0.4704,0.2767,0.0,0.3437,0.5466,0.7733,上升趋势中的日线整理,0.1358,0.7408,0.5625
002601,龙佰集团,318.02,True,16.0,16.39,16,15.4,-5.05,5.07,-2.37,0.3221,2026-07-10,2026-07-10,39.55,0.3908,-0.4616,0.6014,0.2499,0.6568,0.0,0.3436,-0.2119,0.3941,多周期方向不一致，观望,0.1265,-0.4775,-0.5625
002392,北京利尔,85.31,True,7.37,8.12,9,11.93,-14.67,-1.05,-9.25,0.0,2026-07-10,2026-07-10,40.29,0.7703,0.4038,0.855,0.8237,0.6731,0.0,0.3435,-0.3777,0.3112,多周期共振看空 ⬇⬇⬇,-0.2696,-0.1715,-0.4275
002225,濮耐股份,40.98,True,4.32,4.41,17,13.6,-8.15,4.92,-2.02,0.3429,2026-07-10,2026-07-10,45.89,0.2208,-0.6152,0.6796,0.1325,0.7975,0.0,0.3435,-0.2437,0.3781,多周期方向不一致，观望,0.1108,-0.6037,-0.5625
603350,安乃达,13.18,True,29.86,30.97,11,7.05,-8.44,-0.82,-3.57,0.0942,2026-07-10,2026-07-10,44.59,0.7567,-0.1552,0.4319,0.5919,0.7686,0.2802,0.3433,-0.5729,0.2136,多周期共振看空 ⬇⬇⬇,-0.2256,-0.5033,-0.5625
000731,四川美丰,31.83,True,5.8,5.5,3,5.65,-10.1,-4.54,5.54,0.0904,2026-07-07,2026-07-10,56.35,0.0735,1.0339,0.3428,0.4441,0.97,0.4286,0.3432,-0.6889,0.1556,多周期共振看空 ⬇⬇⬇,-0.3535,-0.6485,-0.5625
002427,尤夫股份,42.73,True,4.34,4.65,10,15.51,-10.17,0.17,-6.68,0.0,2026-07-10,2026-07-10,50.97,0.7473,2.2262,0.8558,0.8484,0.9106,0.0,0.3432,-0.7042,0.1479,多周期共振看空 ⬇⬇⬇,-0.3068,-0.7223,-0.5625
603012,创力集团,53.4,True,8.26,8.02,9,10.78,-17.73,-4.01,2.94,0.1164,2026-06-29,2026-07-10,50.8,0.337,-0.5731,0.6111,0.2022,0.9068,0.0,0.3431,0.0541,0.5271,多周期方向不一致，观望,-0.0825,-0.029,0.3375
002465,海格通信,336.5,True,13.58,12.94,1,4.97,-14.61,-9.24,4.97,0.0,2026-07-09,2026-07-10,51.7,0.4579,1.0938,0.5735,0.6748,0.9267,0.0442,0.3429,-0.484,0.258,多周期共振看空 ⬇⬇⬇,-0.3553,-0.4218,-0.3375
600155,华创云信,118.42,True,5.35,5.54,9,4.38,-8.7,-0.8,-3.37,0.0868,2026-07-10,2026-07-10,40.15,0.6177,0.4189,0.4121,0.7381,0.6699,0.3132,0.3429,-0.7009,0.1496,多周期共振看空 ⬇⬇⬇,-0.266,-0.75,-0.5625
002655,共达电声,133.79,True,36.77,42.2,12,28.48,-12.86,5.42,-12.86,0.005,2026-07-10,2026-07-10,30.32,0.533,-0.293,0.9144,0.4026,0.4515,0.0,0.3428,0.5441,0.7721,上升趋势中的日线整理,0.1175,0.75,0.5625
002389,航天彩虹,181.29,True,18.41,18.16,2,1.37,-8.79,-3.59,1.37,0.0439,2026-07-09,2026-07-10,47.56,0.3678,1.0209,0.3875,0.6207,0.8346,0.3541,0.3421,-0.6465,0.1768,多周期共振看空 ⬇⬇⬇,-0.269,-0.6277,-0.5625
001387,雪祺电气,14.01,True,12.03,12.7,15,6.55,-9.72,0.22,-5.31,0.1116,2026-07-10,2026-07-10,34.04,0.4711,0.2594,0.4979,0.5864,0.5341,0.1702,0.342,-0.247,0.3765,多周期方向不一致，观望,-0.061,-0.471,-0.5625
603738,泰晶科技,179.71,True,46.57,56.87,14,27.67,-18.91,8.44,-18.12,0.0,2026-07-10,2026-07-10,32.51,0.2341,0.0677,1.0272,0.3675,0.5002,0.0,0.3418,0.5464,0.7732,上升趋势中的日线整理,0.1244,0.75,0.5625
002662,峰璟股份,50.25,True,3.35,3.66,14,14.77,-9.67,2.68,-8.49,0.0775,2026-07-10,2026-07-10,25.2,0.6526,1.2326,0.5416,0.7916,0.3379,0.0974,0.3404,-0.2128,0.3936,多周期方向不一致，观望,-0.0895,-0.3637,-0.495
600130,波导股份,31.05,True,4.14,4.48,1,3.61,-14.18,-6.57,-7.57,0.0,2026-07-10,2026-07-10,31.25,0.6784,0.1338,0.4516,0.6605,0.4722,0.2474,0.3402,-0.0995,0.4502,月线看多，中短期调整中,-0.7015,-0.2102,0.3375
603391,力聚热能,12.98,True,57.06,55.19,7,3.72,-15.11,-4.13,3.39,0.0929,2026-07-01,2026-07-10,66.56,0.1866,0.2424,0.3643,0.4089,0.743,0.3929,0.3393,-0.3689,0.3155,多周期共振看空 ⬇⬇⬇,-0.1917,-0.4674,-0.179
603408,建霖家居,0.0,True,9.92,10.02,4,2.43,-4.58,-1.31,-1.04,0.0992,2026-07-10,2026-07-10,46.26,0.4055,0.0647,0.2703,0.4692,0.8057,0.5495,0.3392,-0.6815,0.1593,多周期共振看空 ⬇⬇⬇,-0.2162,-0.75,-0.5625
002019,亿帆医药,83.16,True,9.87,9.83,5,3.71,-5.93,-1.45,0.36,0.1362,2026-07-09,2026-07-10,51.44,0.0131,0.7907,0.3718,0.4079,0.9208,0.3803,0.3389,-0.6772,0.1614,多周期共振看空 ⬇⬇⬇,-0.302,-0.6669,-0.5625
002403,爱仕达,29.15,True,9.81,9.69,7,20.52,-14.53,-3.53,1.22,0.0537,2026-07-09,2026-07-10,54.18,0.3986,0.5768,0.8235,0.6391,0.9818,0.0,0.3388,-0.6195,0.1902,多周期共振看空 ⬇⬇⬇,-0.2873,-0.5528,-0.5625
600698,湖南天雁,48.91,True,5.89,6.16,3,3.46,-9.91,-4.7,-4.36,0.0,2026-07-10,2026-07-10,32.45,0.7783,0.7517,0.3014,0.867,0.4989,0.4977,0.3387,-0.6746,0.1627,多周期共振看空 ⬇⬇⬇,-0.4553,-0.5299,-0.5625
000951,中国重汽,249.11,True,21.31,21.06,15,7.28,-11.37,-0.68,1.18,0.2512,2026-07-01,2026-07-10,48.34,-0.0215,-0.4433,0.5691,0.0227,0.852,0.0515,0.3386,0.0058,0.5029,多周期方向不一致，观望,0.0423,-0.3033,0.2925
600085,同仁堂,324.76,True,23.68,23.22,3,1.99,-8.09,-2.74,1.99,0.0954,2026-07-09,2026-07-10,55.63,-0.2797,1.6862,0.3384,0.4,0.9859,0.436,0.3384,-0.6938,0.1531,多周期共振看空 ⬇⬇⬇,-0.2476,-0.75,-0.5625
600104,上汽集团,1163.32,True,10.12,10.19,0,-0.71,-12.06,-7.54,-0.71,0.0,2026-07-10,2026-07-10,40.4,0.5981,0.5732,0.2307,0.7589,0.6756,0.6155,0.3384,-0.8105,0.0948,多周期共振看空 ⬇⬇⬇,-0.547,-0.75,-0.5625
603629,利通电子,0.0,True,116.6,126.71,6,17.68,-26.14,-4.33,-7.98,0.0,2026-07-10,2026-07-10,40.38,0.2695,0.0345,1.1265,0.3755,0.675,0.0,0.3383,0.296,0.648,上升趋势中的日线回调（关注买点）,-0.2447,0.6423,0.5625
600031,三一重工,1598.27,True,18.86,18.39,10,5.52,-6.28,-0.75,2.57,0.2586,2026-07-02,2026-07-10,49.24,0.0513,-0.4373,0.4354,0.0558,0.872,0.2743,0.3381,-0.2712,0.3644,多周期方向不一致，观望,-0.0785,-0.5623,-0.5625
603322,超讯通信,48.95,True,31.06,28.63,5,8.47,-16.05,-4.94,8.47,0.1679,2026-07-09,2026-07-10,54.94,0.0162,0.6368,0.7363,0.4097,0.9987,0.0,0.3381,-0.5522,0.2239,多周期共振看空 ⬇⬇⬇,-0.2156,-0.4664,-0.5625
002609,捷顺科技,33.63,True,7.33,7.49,5,2.36,-8.13,-2.47,-2.08,0.0336,2026-07-10,2026-07-10,46.07,0.5967,0.1433,0.2786,0.6153,0.8015,0.5357,0.3377,-0.754,0.123,多周期共振看空 ⬇⬇⬇,-0.4345,-0.7223,-0.5625
603045,福达合金,96.5,True,71.25,77.83,10,18.7,-12.99,0.22,-8.45,0.0,2026-07-10,2026-07-10,37.44,0.6533,-0.6266,0.9358,0.392,0.6098,0.0,0.3375,0.3408,0.6704,上升趋势中的日线回调（关注买点）,-0.1947,0.75,0.5625
001268,联合精密,0.0,True,25.6,27.75,10,3.86,-11.31,-2.97,-7.74,0.0,2026-07-10,2026-07-10,43.64,-0.0708,0.737,0.745,0.4,0.7476,0.0,0.3375,0.1625,0.5813,上升趋势中的日线回调（关注买点）,-0.3345,0.3829,0.45
002230,科大讯飞,0.0,True,43.19,41.4,2,4.34,-13.56,-5.59,4.34,0.0057,2026-07-08,2026-07-10,47.27,0.4567,1.441,0.403,0.674,0.8283,0.3283,0.3374,-0.6498,0.1751,多周期共振看空 ⬇⬇⬇,-0.3313,-0.5816,-0.5625
603115,海星股份,229.38,True,94.83,109.35,11,23.15,-13.28,1.89,-13.28,0.0,2026-07-10,2026-07-10,37.9,0.2052,-0.059,1.0266,0.2996,0.6201,0.0,0.3373,0.4752,0.7376,上升趋势中的日线整理,-0.0912,0.75,0.5625
002145,钛能化学,164.44,True,4.32,4.63,14,12.33,-6.69,2.4,-6.69,0.1156,2026-07-10,2026-07-10,32.62,0.8046,-0.1228,0.6048,0.6336,0.5027,0.0,0.3371,-0.1973,0.4013,多周期方向不一致，观望,-0.0754,-0.2401,-0.5625
600545,卓郎智能,96.73,True,5.41,6.46,6,20.23,-17.91,-3.75,-16.29,0.0,2026-07-10,2026-07-10,34.0,0.745,-0.3268,1.1489,0.5163,0.5333,0.0,0.3368,0.2283,0.6141,上升趋势中的日线回调（关注买点）,-0.3898,0.6515,0.45
600528,中铁工业,151.07,True,6.8,6.89,0,-0.27,-6.31,-3.28,-1.29,0.0,2026-07-10,2026-07-10,38.71,0.5891,0.4968,0.25,0.7521,0.638,0.5834,0.3368,-0.7412,0.1294,多周期共振看空 ⬇⬇⬇,-0.3934,-0.7294,-0.5625
000967,盈峰环境,304.88,True,9.08,10.17,5,12.28,-14.26,-4.55,-10.72,0.0,2026-07-10,2026-07-10,40.65,0.6224,0.0776,0.8598,0.6045,0.6812,0.0,0.3367,-0.0908,0.4546,月线看多，中短期调整中,-0.5452,-0.2575,0.2925
002445,中南文化,65.55,True,2.77,2.96,0,-5.71,-13.02,-9.04,-6.56,0.0,2026-07-10,2026-07-10,27.94,0.6713,0.1634,0.3046,0.6681,0.3987,0.4923,0.3361,-0.2526,0.3737,月线震荡，中短期走弱,-0.7875,-0.3037,0.1297
600433,冠豪高新,56.53,True,3.23,3.3,0,-0.28,-15.54,-8.49,-2.09,0.0,2026-07-10,2026-07-10,44.29,0.52,0.0045,0.3014,0.5138,0.7619,0.4976,0.3359,-0.4471,0.2764,多周期共振看空 ⬇⬇⬇,-0.5755,-0.2194,-0.27
001266,宏英智能,23.49,True,40.4,47.73,9,9.73,-15.36,-1.9,-15.36,0.0,2026-07-10,2026-07-10,25.61,0.7949,-0.0239,0.6543,0.6674,0.347,0.0,0.3358,0.2019,0.6009,上升趋势中的日线回调（关注买点）,-0.3609,0.5379,0.45
002149,西部材料,220.64,True,45.2,50.86,0,-4.17,-21.49,-11.92,-11.12,0.0,2026-07-10,2026-07-10,34.88,0.5858,0.418,0.7291,0.7187,0.5528,0.0,0.3358,-0.127,0.4365,月线看多，中短期调整中,-0.7269,-0.1617,0.18
601968,宝钢包装,52.94,True,4.15,4.13,3,2.6,-7.32,-4.1,0.47,0.0125,2026-07-09,2026-07-10,47.06,0.4984,0.3233,0.337,0.6283,0.8235,0.4383,0.3354,-0.6906,0.1547,多周期共振看空 ⬇⬇⬇,-0.3506,-0.7223,-0.495
003031,中瓷电子,483.16,True,142.04,165.96,12,29.09,-14.41,4.7,-14.41,0.0,2026-07-10,2026-07-10,25.33,0.5025,-0.0549,0.891,0.4795,0.3407,0.0,0.3352,0.5059,0.753,上升趋势中的日线整理,0.0017,0.75,0.5625
002795,永和智控,0.0,True,6.45,6.97,0,-0.22,-16.34,-7.47,-7.45,0.0,2026-07-10,2026-07-10,31.3,0.7061,0.2984,0.499,0.743,0.4734,0.1684,0.3352,-0.2101,0.395,月线震荡，中短期走弱,-0.527,-0.256,0.0016
600941,中国移动,812.31,True,89.98,89.68,2,0.78,-7.81,-3.68,0.33,0.0194,2026-07-09,2026-07-10,43.6,0.1466,0.5911,0.1943,0.488,0.7466,0.6762,0.3349,-0.585,0.2075,多周期共振看空 ⬇⬇⬇,-0.3451,-0.4275,-0.5625
002333,罗普斯金,32.39,True,4.86,4.84,6,2.74,-5.81,-1.97,0.44,0.1223,2026-07-02,2026-07-10,53.41,0.1607,-0.0542,0.2676,0.2747,0.9646,0.554,0.3346,-0.6571,0.1714,多周期共振看空 ⬇⬇⬇,-0.2187,-0.6942,-0.5625
600844,金煤科技,20.82,True,2.53,2.57,0,-1.59,-12.48,-8.01,-1.59,0.0,2026-07-10,2026-07-10,38.71,0.5913,0.4884,0.3705,0.7501,0.638,0.3825,0.3346,-0.5948,0.2026,多周期共振看空 ⬇⬇⬇,-0.4286,-0.6023,-0.3375
000519,中兵红箭,243.98,True,17.52,20.18,17,14.86,-13.17,2.12,-13.17,0.0,2026-07-10,2026-07-10,24.09,0.6275,0.5478,0.7116,0.7765,0.313,0.0,0.3346,0.0591,0.5295,多周期方向不一致，观望,0.0424,0.4483,-0.225
600935,华塑股份,0.0,True,2.24,2.29,5,2.98,-6.44,-2.45,-2.27,0.025,2026-07-10,2026-07-10,48.0,0.5305,0.2292,0.4403,0.61,0.8444,0.2662,0.3345,-0.5861,0.207,多周期共振看空 ⬇⬇⬇,-0.3418,-0.6577,-0.3375
603085,天成自控,43.52,True,10.96,11.27,0,-1.48,-14.87,-7.55,-2.74,0.0,2026-07-10,2026-07-10,41.41,0.6958,-0.0521,0.5334,0.5966,0.698,0.111,0.3343,-0.2067,0.3967,月线震荡，中短期走弱,-0.4848,-0.1961,-0.0832
002169,智光电气,99.84,True,13.16,14.33,1,1.36,-11.84,-6.95,-8.15,0.0,2026-07-10,2026-07-10,39.66,0.8107,-0.567,0.5239,0.4864,0.6591,0.1268,0.3341,0.0021,0.501,多周期方向不一致，观望,-0.4339,-0.0687,0.45
000738,航发控制,0.0,True,17.96,18.28,2,1.78,-9.7,-3.07,-1.76,0.0,2026-07-10,2026-07-10,40.38,0.6011,1.7009,0.4845,0.7606,0.6752,0.1925,0.3341,-0.5084,0.2458,多周期共振看空 ⬇⬇⬇,-0.3348,-0.4928,-0.3375
600105,永鼎股份,716.96,True,49.04,58.63,15,29.83,-19.19,5.0,-16.36,0.0,2026-07-10,2026-07-10,35.49,0.2262,-0.1107,1.0194,0.2915,0.5665,0.0,0.3339,0.5253,0.7627,上升趋势中的日线整理,0.0607,0.75,0.5625
002950,奥美医疗,37.85,True,8.81,9.26,8,9.67,-11.55,-2.31,-4.84,0.0,2026-07-10,2026-07-10,39.06,0.8354,0.3749,0.6197,0.8512,0.6458,0.0,0.3339,-0.4658,0.2671,多周期共振看空 ⬇⬇⬇,-0.3099,-0.4207,-0.3375
600732,爱旭股份,250.74,True,11.91,12.86,17,11.88,-8.51,3.1,-7.35,0.164,2026-07-10,2026-07-10,37.18,0.2159,0.1251,0.4727,0.3795,0.604,0.2121,0.3338,-0.2246,0.3877,多周期方向不一致，观望,-0.02,-0.4075,-0.5625
002408,齐翔腾达,134.8,True,4.9,4.93,4,1.44,-8.13,-2.77,-0.58,0.0342,2026-07-10,2026-07-10,41.14,0.4072,0.3932,0.3748,0.6016,0.692,0.3754,0.3338,-0.5047,0.2476,多周期共振看空 ⬇⬇⬇,-0.3195,-0.4979,-0.3375
002099,海翔药业,84.72,True,5.24,5.27,4,3.26,-8.83,-2.43,-0.65,0.0434,2026-07-10,2026-07-10,51.85,0.3026,0.1211,0.4049,0.43,0.93,0.3251,0.3337,-0.4991,0.2505,多周期共振看空 ⬇⬇⬇,-0.2082,-0.581,-0.3375
601956,东贝集团,29.78,True,4.79,4.76,5,3.84,-8.53,-3.66,0.73,0.0446,2026-07-09,2026-07-10,50.76,0.2283,0.5159,0.336,0.537,0.9057,0.44,0.3337,-0.7353,0.1324,多周期共振看空 ⬇⬇⬇,-0.3542,-0.75,-0.5625
002962,五方光电,30.12,True,14.4,17.74,5,13.58,-19.27,-6.1,-18.83,0.0,2026-07-10,2026-07-10,41.21,0.879,-0.3859,0.9741,0.5731,0.6936,0.0,0.3337,-0.08,0.46,多周期方向不一致，观望,-0.4318,0.0186,0.0
600846,同济科技,70.66,True,11.31,10.27,8,12.41,-13.8,-3.72,10.14,0.2843,2026-06-30,2026-07-10,66.73,-0.4284,0.1427,0.6573,0.2571,0.7393,0.0,0.3334,-0.3135,0.3432,多周期方向不一致，观望,-0.1087,-0.7223,-0.5625
002493,荣盛石化,1022.52,True,10.95,11.51,9,6.79,-6.49,0.01,-4.83,0.0501,2026-07-10,2026-07-10,39.5,0.4798,0.3028,0.6776,0.609,0.6555,0.0,0.3333,-0.215,0.3925,多周期方向不一致，观望,-0.1333,-0.4933,-0.3375
002742,冀衡医药,19.33,True,3.69,3.61,3,2.12,-15.94,-7.29,2.12,0.0,2026-07-09,2026-07-10,53.44,0.4547,2.2399,0.7165,0.6728,0.9652,0.0,0.3327,-0.5734,0.2133,多周期共振看空 ⬇⬇⬇,-0.3371,-0.4087,-0.5625
600363,联创光电,153.8,True,34.11,33.75,6,9.01,-13.89,-3.76,1.06,0.028,2026-07-09,2026-07-10,51.45,0.6092,1.4934,0.7411,0.7655,0.9211,0.0,0.3325,-0.7369,0.1316,多周期共振看空 ⬇⬇⬇,-0.3582,-0.75,-0.5625
603293,埃泰克,13.67,True,38.95,40.68,2,1.63,-15.81,-5.5,-4.26,0.0,2026-07-10,2026-07-10,39.36,0.3644,-0.068,0.4156,0.3915,0.6524,0.3073,0.3319,0.0,0.5,周线日线方向不一致,0.0,,
002957,科瑞技术,187.19,True,44.71,52.3,5,6.27,-16.93,-5.77,-14.51,0.0,2026-07-10,2026-07-10,30.22,0.8402,-0.4327,0.791,0.531,0.4493,0.0,0.3319,0.2661,0.6331,上升趋势中的日线回调（关注买点）,-0.3602,0.6406,0.5625
603667,五洲新春,225.21,True,61.5,65.25,4,13.13,-15.6,-6.33,-5.74,0.0,2026-07-10,2026-07-10,45.32,0.6305,-0.003,0.7881,0.5771,0.7849,0.0,0.3303,-0.2225,0.3887,月线震荡，中短期走弱,-0.4822,-0.3114,-0.0233
603880,南卫股份,0.0,True,7.1,7.47,5,6.99,-9.37,-3.85,-5.01,0.0,2026-07-10,2026-07-10,46.15,-0.191,0.6728,0.8741,0.4,0.8034,0.0,0.3298,0.0341,0.5171,多周期方向不一致，观望,-0.3576,0.119,0.3375
603219,富佳股份,83.26,True,14.83,15.16,5,10.2,-12.59,-3.78,-2.16,0.0,2026-07-10,2026-07-10,49.53,0.6403,0.2645,0.5619,0.69,0.8784,0.0635,0.3297,-0.5716,0.2142,多周期共振看空 ⬇⬇⬇,-0.3099,-0.4282,-0.5625
002032,苏 泊 尔,339.38,True,42.45,41.6,6,5.63,-7.84,-3.44,2.05,0.0735,2026-07-02,2026-07-10,59.34,0.2204,-0.3575,0.2717,0.1893,0.9036,0.5472,0.3294,-0.3658,0.3171,多周期共振看空 ⬇⬇⬇,-0.191,-0.2194,-0.4208
000912,泸天化,52.84,True,3.37,3.4,0,-0.94,-9.44,-5.37,-0.94,0.0,2026-07-10,2026-07-10,42.25,0.7851,0.1337,0.3213,0.7246,0.7167,0.4645,0.3294,-0.7555,0.1223,多周期共振看空 ⬇⬇⬇,-0.603,-0.6485,-0.495
000801,四川九洲,119.58,True,11.77,11.81,5,9.66,-10.26,-3.47,-0.3,0.0,2026-07-10,2026-07-10,53.32,0.6138,0.5777,0.6661,0.7683,0.9627,0.0,0.3291,-0.7516,0.1242,多周期共振看空 ⬇⬇⬇,-0.396,-0.75,-0.5625
600375,汉马科技,58.21,True,3.98,3.89,3,2.35,-11.64,-4.72,2.35,0.0127,2026-07-09,2026-07-10,54.29,0.4485,1.6289,0.5341,0.6691,0.9841,0.1099,0.3289,-0.7383,0.1309,多周期共振看空 ⬇⬇⬇,-0.3942,-0.7223,-0.5625
002786,银宝山新,37.5,True,7.59,7.87,1,0.57,-8.44,-4.38,-3.61,0.0,2026-07-10,2026-07-10,40.38,0.7896,-0.6265,0.4059,0.4738,0.675,0.3235,0.3288,-0.1965,0.4017,多周期方向不一致，观望,-0.406,0.0468,-0.5625
002681,奋达科技,78.15,True,4.98,4.69,1,6.22,-10.76,-6.67,6.22,0.0401,2026-07-09,2026-07-10,54.62,0.646,0.2206,0.6592,0.6759,0.9916,0.0,0.3287,-0.7377,0.1311,多周期共振看空 ⬇⬇⬇,-0.4356,-0.6854,-0.5625
605507,国邦医药,117.98,True,15.08,15.35,8,3.5,-5.44,-0.9,-1.76,0.1313,2026-07-10,2026-07-10,47.84,0.3631,0.1089,0.4101,0.4614,0.841,0.3164,0.3284,-0.6882,0.1559,多周期共振看空 ⬇⬇⬇,-0.3768,-0.6946,-0.495
600522,中天科技,1566.89,True,45.91,54.41,15,33.2,-18.03,7.58,-15.62,0.0377,2026-07-10,2026-07-10,32.37,0.3031,-0.3433,0.8554,0.2446,0.497,0.0,0.3283,0.5481,0.7741,上升趋势中的日线整理,0.1298,0.75,0.5625
600161,天坛生物,238.87,True,12.08,12.08,1,1.01,-9.47,-3.99,-0.03,0.0,2026-07-10,2026-07-10,50.3,0.3868,1.0208,0.3689,0.6321,0.8956,0.3852,0.328,-0.7705,0.1148,多周期共振看空 ⬇⬇⬇,-0.4444,-0.75,-0.5625
605123,派克新材,114.26,True,94.3,97.14,4,4.32,-12.4,-3.7,-2.93,0.0,2026-07-10,2026-07-10,44.14,0.5728,0.3473,0.5942,0.6826,0.7587,0.0097,0.3279,-0.3874,0.3063,多周期共振看空 ⬇⬇⬇,-0.4025,-0.3144,-0.1921
600481,双良节能,94.95,True,4.6,4.73,3,5.39,-18.61,-7.88,-2.76,0.0,2026-07-10,2026-07-10,48.96,0.6419,0.6719,0.6704,0.7852,0.8658,0.0,0.3278,-0.6732,0.1634,多周期共振看空 ⬇⬇⬇,-0.5521,-0.5114,-0.495
600783,鲁信创投,148.5,True,19.95,20.32,3,5.69,-14.89,-5.08,-1.85,0.0,2026-07-10,2026-07-10,45.43,0.2476,0.6662,0.9046,0.5486,0.7873,0.0,0.3277,-0.2013,0.3993,月线震荡，中短期走弱,-0.4459,-0.3704,0.076
600449,宁夏建材,60.49,True,12.65,12.53,6,11.76,-13.13,-4.14,1.0,0.0168,2026-07-02,2026-07-10,49.31,0.4402,0.3561,0.6068,0.6066,0.8736,0.0,0.327,-0.4428,0.2786,多周期共振看空 ⬇⬇⬇,-0.2775,-0.1728,-0.5625
000576,甘化科工,30.93,True,7.13,7.1,5,14.96,-9.46,-2.73,0.46,0.0228,2026-07-09,2026-07-10,50.14,0.5814,3.3866,0.6579,0.7489,0.8919,0.0,0.3269,-0.7084,0.1458,多周期共振看空 ⬇⬇⬇,-0.2851,-0.75,-0.5625
002006,精工科技,76.88,True,14.79,14.72,6,5.25,-14.03,-5.04,0.48,0.0,2026-07-09,2026-07-10,54.38,0.3949,0.819,0.4659,0.637,0.9863,0.2236,0.3268,-0.7673,0.1164,多周期共振看空 ⬇⬇⬇,-0.5029,-0.6929,-0.5625
001696,宗申动力,165.98,True,18.62,21.66,14,41.21,-18.19,13.81,-14.04,0.1219,2026-07-10,2026-07-10,31.18,0.585,-0.1573,0.8216,0.4881,0.4706,0.0,0.3266,-0.0249,0.4875,多周期方向不一致，观望,0.2455,0.1301,-0.45
002222,福晶科技,362.58,True,77.45,89.71,5,6.94,-16.25,-5.87,-13.67,0.0,2026-07-10,2026-07-10,29.92,0.7686,0.0496,0.8026,0.681,0.4427,0.0,0.3266,-0.0079,0.496,多周期方向不一致，观望,-0.4427,-0.1052,0.45
000423,东阿阿胶,298.85,True,46.79,46.45,8,2.48,-9.28,-2.61,0.72,0.1137,2026-07-03,2026-07-10,59.71,-0.0424,0.0729,0.3105,0.2291,0.8953,0.4824,0.3265,-0.4875,0.2562,多周期共振看空 ⬇⬇⬇,-0.1878,-0.5729,-0.3375
000815,美利云,97.82,True,14.07,15.15,5,7.91,-15.99,-6.1,-7.12,0.0,2026-07-10,2026-07-10,26.65,0.79,0.8759,0.6566,0.874,0.37,0.0,0.3264,-0.231,0.3845,月线震荡，中短期走弱,-0.6213,-0.276,0.0322
600495,晋西车轴,43.98,True,3.64,3.59,1,1.38,-9.81,-5.51,1.38,0.0,2026-07-09,2026-07-10,49.44,0.3639,0.338,0.3092,0.5535,0.8764,0.4846,0.3263,-0.7144,0.1428,多周期共振看空 ⬇⬇⬇,-0.4555,-0.6172,-0.5625
600678,ST金顶,22.2,True,6.36,6.54,11,9.21,-9.66,0.42,-2.76,0.1166,2026-07-10,2026-07-10,50.35,0.2868,-0.129,0.6425,0.3205,0.8966,0.0,0.326,-0.2604,0.3698,多周期方向不一致，观望,0.0484,-0.6238,-0.5625
600038,中直股份,169.98,True,25.41,26.1,3,2.75,-7.66,-3.04,-2.63,0.0,2026-07-10,2026-07-10,35.81,0.7033,0.5848,0.3114,0.822,0.5735,0.481,0.3258,-0.7816,0.1092,多周期共振看空 ⬇⬇⬇,-0.4729,-0.75,-0.5625
002853,皮阿诺,28.7,True,22.3,21.35,2,4.46,-14.28,-7.7,4.46,0.0,2026-07-08,2026-07-10,47.42,-0.0629,0.4806,0.3896,0.3922,0.8315,0.3507,0.3255,-0.302,0.349,月线震荡，中短期走弱,-0.529,-0.521,-0.0407
601996,丰林集团,25.0,True,2.23,2.31,0,-1.6,-16.28,-8.8,-3.3,0.0,2026-07-10,2026-07-10,38.37,0.5923,0.8486,0.5975,0.7554,0.6305,0.0041,0.3253,-0.3664,0.3168,多周期共振看空 ⬇⬇⬇,-0.3648,-0.155,-0.3375
002148,北纬科技,28.54,True,6.33,6.25,5,12.06,-11.17,-3.31,1.34,0.0301,2026-07-09,2026-07-10,47.25,0.6034,2.1149,0.7236,0.762,0.8278,0.0,0.3251,-0.6841,0.1579,多周期共振看空 ⬇⬇⬇,-0.2658,-0.7131,-0.5625
002254,泰和新材,120.79,True,14.2,17.07,14,24.46,-19.98,3.74,-16.8,0.0,2026-07-10,2026-07-10,34.11,0.6881,-0.6298,0.8886,0.4129,0.5358,0.0,0.3249,0.2959,0.648,上升趋势中的日线回调（关注买点）,-0.183,0.589,0.5625
000768,中航西飞,568.89,True,20.49,20.61,3,5.07,-8.87,-2.1,-0.57,0.0475,2026-07-10,2026-07-10,44.42,0.5057,0.8747,0.5105,0.7034,0.7649,0.1491,0.3247,-0.679,0.1605,多周期共振看空 ⬇⬇⬇,-0.2528,-0.7131,-0.5625
002004,华邦健康,77.78,True,4.13,4.15,3,1.98,-6.44,-1.86,-0.41,0.0759,2026-07-10,2026-07-10,48.89,0.4227,-0.1534,0.2924,0.3923,0.8642,0.5126,0.3247,-0.6594,0.1703,多周期共振看空 ⬇⬇⬇,-0.3028,-0.6946,-0.495
000777,中核科技,65.22,True,17.01,18.24,11,22.76,-10.43,0.76,-6.77,0.0247,2026-07-10,2026-07-10,36.49,0.7686,1.0733,0.9302,0.8612,0.5887,0.0,0.3242,-0.5498,0.2251,多周期共振看空 ⬇⬇⬇,-0.17,-0.5676,-0.495
603936,博敏电子,122.17,True,19.38,24.47,14,21.1,-22.77,1.53,-20.79,0.0,2026-07-10,2026-07-10,16.12,0.7057,0.1433,0.7175,0.6807,0.1359,0.0,0.3242,0.3413,0.6706,上升趋势中的日线回调（关注买点）,-0.1822,0.7408,0.5625
002470,金正大,63.41,True,1.93,2.07,0,-2.06,-9.9,-6.05,-6.63,0.0,2026-07-10,2026-07-10,35.37,0.6068,0.2583,0.538,0.6674,0.5637,0.1033,0.3235,-0.239,0.3805,月线震荡，中短期走弱,-0.4034,-0.506,0.0485
603606,东方电缆,329.76,True,39.98,40.79,6,7.96,-15.64,-2.19,-1.98,0.0,2026-07-10,2026-07-10,47.82,0.4236,0.4726,0.4995,0.6432,0.8404,0.1675,0.323,-0.588,0.206,多周期共振看空 ⬇⬇⬇,-0.2818,-0.4882,-0.5625
002842,翔鹭钨业,94.9,True,35.35,44.8,17,41.23,-21.1,12.38,-21.1,0.0,2026-07-10,2026-07-10,27.17,0.3597,-0.1329,1.1484,0.3626,0.3816,0.0,0.323,0.5457,0.7729,多周期共振看多 ⬆⬆⬆,0.21,0.5694,0.45
002900,哈三联,15.79,True,9.8,9.78,4,2.0,-7.58,-2.66,0.24,0.0717,2026-07-09,2026-07-10,49.33,0.2258,0.6366,0.4597,0.5355,0.8741,0.2338,0.3229,-0.6819,0.1591,多周期共振看空 ⬇⬇⬇,-0.2171,-0.75,-0.5625
603577,汇金通,0.0,True,9.35,9.32,8,5.43,-11.96,-4.37,0.27,0.0248,2026-07-09,2026-07-10,49.83,0.4384,0.1418,0.5116,0.5198,0.8852,0.1473,0.3229,-0.4885,0.2558,多周期共振看空 ⬇⬇⬇,-0.2361,-0.5337,-0.3375
600640,国脉文化,82.8,True,10.46,10.24,1,2.1,-12.18,-6.15,2.1,0.0,2026-07-09,2026-07-10,44.03,0.2845,0.4989,0.2859,0.5702,0.7563,0.5235,0.3227,-0.657,0.1715,多周期共振看空 ⬇⬇⬇,-0.3948,-0.543,-0.5625
600660,福耀玻璃,1017.32,True,50.79,50.77,5,5.34,-7.5,-2.13,0.04,0.0785,2026-07-09,2026-07-10,52.36,0.1704,0.267,0.396,0.409,0.9413,0.34,0.3225,-0.6646,0.1677,多周期共振看空 ⬇⬇⬇,-0.216,-0.7131,-0.5625
600422,昆药集团,62.68,True,8.28,8.19,5,2.72,-8.95,-2.59,1.09,0.1003,2026-07-09,2026-07-10,54.58,0.1558,0.1281,0.403,0.3447,0.9906,0.3284,0.3223,-0.6652,0.1674,多周期共振看空 ⬇⬇⬇,-0.1743,-0.75,-0.5625
603399,永杉锂业,83.09,True,16.22,20.44,16,20.29,-20.65,5.81,-20.65,0.0,2026-07-10,2026-07-10,33.91,0.5313,-0.4081,0.9703,0.3555,0.5314,0.0,0.3223,0.3716,0.6858,上升趋势中的日线整理,0.0529,0.4699,0.45
600594,益佰制药,26.04,True,3.32,3.16,3,5.06,-10.66,-4.79,5.06,0.0695,2026-07-09,2026-07-10,57.69,0.1143,0.989,0.4766,0.4686,0.9402,0.2057,0.3222,-0.6315,0.1843,多周期共振看空 ⬇⬇⬇,-0.3525,-0.5233,-0.5625
605099,共创草坪,129.03,True,32.14,32.87,0,-1.97,-14.61,-9.1,-2.21,0.0,2026-07-10,2026-07-10,46.88,0.7913,-0.4795,0.3095,0.483,0.8194,0.4841,0.3217,-0.5695,0.2152,多周期共振看空 ⬇⬇⬇,-0.5845,-0.4132,-0.3375
002064,华峰化学,500.65,True,10.11,10.37,11,7.7,-7.35,0.66,-2.54,0.1542,2026-07-10,2026-07-10,50.42,0.0138,-0.0799,0.7446,0.1763,0.8982,0.0,0.3217,-0.1567,0.4216,多周期方向不一致，观望,0.0387,-0.3843,-0.3375
002896,中大力德,0.0,True,75.97,77.68,3,9.97,-12.92,-3.18,-2.2,0.0,2026-07-10,2026-07-10,45.45,0.7614,-0.5469,0.6669,0.4568,0.7877,0.0,0.3216,-0.1035,0.4482,月线压制，周线反弹受阻,-0.4403,0.2009,-0.5625
603707,健友股份,121.01,True,7.49,7.3,6,3.57,-9.33,-3.73,2.61,0.0909,2026-07-09,2026-07-10,58.87,0.069,0.6593,0.4333,0.4414,0.9139,0.2779,0.3213,-0.6729,0.1635,多周期共振看空 ⬇⬇⬇,-0.2481,-0.7038,-0.5625
603186,华正新材,280.34,True,178.8,212.42,15,57.65,-15.83,23.2,-15.83,0.093,2026-07-10,2026-07-10,28.33,0.0542,-0.3741,1.0339,0.0829,0.4073,0.0,0.321,0.7233,0.8617,多周期共振看多 ⬆⬆⬆,0.3663,0.7131,0.5625
603977,国泰集团,79.71,True,12.83,14.17,9,16.8,-12.7,-0.03,-9.45,0.0,2026-07-10,2026-07-10,39.85,0.6532,0.2408,0.6328,0.6883,0.6634,0.0,0.3207,-0.3314,0.3343,多周期共振看空 ⬇⬇⬇,-0.2391,-0.2985,-0.225
603021,*ST华鹏,22.4,True,7.0,6.66,8,12.25,-17.83,-2.41,5.18,0.1965,2026-06-30,2026-07-10,64.85,-0.1342,-0.3337,0.6371,0.0665,0.7811,0.0,0.3207,0.0503,0.5252,多周期方向不一致，观望,-0.0335,0.0696,0.18
600818,ST中路,13.59,True,5.71,5.73,7,5.23,-9.33,-1.28,-0.42,0.0998,2026-07-10,2026-07-10,53.81,0.2461,-0.2367,0.5404,0.253,0.9736,0.0994,0.3206,-0.3272,0.3364,多周期方向不一致，观望,-0.1467,-0.75,-0.5625
000509,华塑控股,34.45,True,3.21,3.71,0,-4.21,-17.65,-12.47,-13.54,0.0,2026-07-10,2026-07-10,23.97,0.7659,0.2046,0.4441,0.7414,0.3105,0.2599,0.32,-0.2071,0.3964,月线震荡，中短期走弱,-0.4522,-0.196,-0.1125
603985,恒润股份,0.0,True,21.38,23.31,9,6.53,-10.77,-1.85,-8.28,0.0,2026-07-10,2026-07-10,35.46,0.3953,0.2366,0.5908,0.5318,0.5658,0.0154,0.32,0.0177,0.5089,月线看多，中短期调整中,-0.2382,-0.1617,0.45
002829,星网宇达,28.48,True,19.5,18.11,1,7.69,-20.91,-12.29,7.69,0.0,2026-07-09,2026-07-10,54.51,0.4324,1.2726,0.6935,0.6595,0.989,0.0,0.3197,-0.6842,0.1579,多周期共振看空 ⬇⬇⬇,-0.571,-0.4519,-0.5625
002690,美亚光电,62.29,True,14.36,14.49,4,2.34,-7.94,-2.44,-0.91,0.0442,2026-07-10,2026-07-10,46.3,0.4068,0.0899,0.2689,0.4801,0.8066,0.5519,0.3196,-0.7268,0.1366,多周期共振看空 ⬇⬇⬇,-0.3324,-0.75,-0.5625
603131,上海沪工,61.79,True,18.34,17.71,4,4.65,-10.34,-4.77,3.55,0.0536,2026-07-09,2026-07-10,53.0,0.3438,2.5782,0.6914,0.6063,0.9555,0.0,0.3193,-0.6913,0.1543,多周期共振看空 ⬇⬇⬇,-0.3954,-0.6179,-0.5625
603529,爱玛科技,171.89,True,20.28,20.03,2,1.27,-7.99,-2.72,1.27,0.0718,2026-07-09,2026-07-10,52.94,0.1931,0.0407,0.2813,0.3321,0.9542,0.5311,0.3193,-0.7197,0.1401,多周期共振看空 ⬇⬇⬇,-0.3248,-0.7408,-0.5625
600831,广电网络,22.25,True,3.13,3.1,1,0.87,-14.18,-8.32,0.87,0.0,2026-07-09,2026-07-10,50.67,0.2693,0.3519,0.3094,0.5023,0.9037,0.4843,0.3189,-0.7246,0.1377,多周期共振看空 ⬇⬇⬇,-0.5245,-0.5805,-0.5625
000715,中兴商业,23.2,True,4.77,4.76,2,0.89,-7.12,-3.02,0.12,0.042,2026-07-09,2026-07-10,52.71,0.4362,-0.086,0.3622,0.4273,0.9492,0.3964,0.3185,-0.6926,0.1537,多周期共振看空 ⬇⬇⬇,-0.2769,-0.7223,-0.5625
002940,昂利康,50.23,True,27.11,27.98,4,7.18,-23.81,-8.9,-3.12,0.0,2026-07-10,2026-07-10,46.11,0.7176,0.1052,0.7197,0.6726,0.8024,0.0,0.3185,-0.491,0.2545,多周期共振看空 ⬇⬇⬇,-0.327,-0.2364,-0.5625
603153,上海建科,54.23,True,13.43,13.28,3,1.14,-8.64,-3.96,1.14,0.0478,2026-07-09,2026-07-10,49.82,-0.1822,1.1507,0.2593,0.4,0.8848,0.5678,0.3184,-0.7233,0.1383,多周期共振看空 ⬇⬇⬇,-0.4008,-0.6837,-0.5625
000795,英洛华,96.22,True,8.62,9.23,13,10.85,-9.8,0.53,-6.62,0.0547,2026-07-10,2026-07-10,33.4,0.7757,-0.1686,0.6947,0.5979,0.5201,0.0,0.3183,-0.1654,0.4173,多周期方向不一致，观望,-0.0906,-0.087,-0.5625
600959,江苏有线,150.02,True,3.0,3.01,0,-0.35,-11.64,-7.33,-0.35,0.0,2026-07-10,2026-07-10,38.98,0.3998,0.5943,0.2482,0.6399,0.6441,0.5863,0.3177,-0.7244,0.1378,多周期共振看空 ⬇⬇⬇,-0.547,-0.6283,-0.495
002335,科华数据,238.16,True,36.1,38.89,7,12.12,-13.98,-1.89,-7.17,0.0,2026-07-10,2026-07-10,37.78,0.7944,0.2112,0.6665,0.7611,0.6174,0.0,0.317,-0.423,0.2885,多周期共振看空 ⬇⬇⬇,-0.2819,-0.3055,-0.3825
600619,海立股份,109.46,True,13.87,14.66,5,7.25,-12.15,-3.53,-5.41,0.0,2026-07-10,2026-07-10,43.41,0.6507,0.6647,0.476,0.7904,0.7425,0.2066,0.317,-0.785,0.1075,多周期共振看空 ⬇⬇⬇,-0.637,-0.6167,-0.5625
002848,高斯贝尔,22.83,True,13.8,13.79,6,3.78,-20.19,-6.23,0.09,0.0,2026-07-02,2026-07-10,44.19,0.4372,-0.4762,0.4536,0.2718,0.7597,0.244,0.3164,-0.0104,0.4948,月线看多，中短期调整中,-0.2509,-0.1721,0.3375
600066,宇通客车,628.76,True,28.4,27.64,6,5.09,-14.96,-5.21,2.76,0.0341,2026-07-02,2026-07-10,57.45,-0.4173,-0.1358,0.4912,0.1457,0.9456,0.1814,0.3164,-0.0636,0.4682,月线看多，中短期调整中,-0.2676,-0.2536,0.18
601568,北元化工,136.64,True,3.44,3.55,3,4.33,-7.01,-2.87,-3.11,0.0,2026-07-10,2026-07-10,34.43,0.6557,0.595,0.3014,0.7934,0.5428,0.4976,0.3159,-0.792,0.104,多周期共振看空 ⬇⬇⬇,-0.6643,-0.6762,-0.495
002642,荣联科技,0.0,True,6.84,6.57,3,8.49,-17.12,-9.73,4.11,0.0,2026-07-07,2026-07-10,51.32,0.4185,1.7525,0.5424,0.6511,0.9182,0.096,0.3159,-0.6929,0.1536,多周期共振看空 ⬇⬇⬇,-0.5012,-0.5308,-0.5625
000550,江铃汽车,84.41,True,16.28,16.86,8,6.28,-5.32,-1.18,-3.44,0.0688,2026-07-10,2026-07-10,32.76,0.6128,0.0977,0.3507,0.6068,0.5059,0.4154,0.3157,-0.55,0.225,多周期共振看空 ⬇⬇⬇,-0.3135,-0.3776,-0.5625
002387,维信诺,112.72,True,8.08,8.43,9,6.53,-6.44,-0.63,-4.12,0.0594,2026-07-10,2026-07-10,46.29,0.5038,-0.4577,0.5986,0.3192,0.8064,0.0023,0.3154,-0.0998,0.4501,多周期方向不一致，观望,-0.1401,-0.0262,-0.2925
603311,金海高科,72.44,True,30.71,34.86,9,21.64,-18.11,-0.82,-11.89,0.0,2026-07-10,2026-07-10,28.31,0.8013,-0.6389,0.702,0.4808,0.4068,0.0,0.3152,0.2643,0.6321,上升趋势中的日线回调（关注买点）,-0.3907,0.6608,0.5625
600612,老凤祥,107.88,True,34.02,33.89,4,2.07,-7.63,-2.86,0.4,0.0707,2026-07-09,2026-07-10,48.71,-0.1115,0.4479,0.2568,0.3792,0.8602,0.572,0.3152,-0.7448,0.1276,多周期共振看空 ⬇⬇⬇,-0.3785,-0.75,-0.5625
600645,中源协和,85.93,True,18.37,18.07,4,6.9,-10.39,-4.31,1.64,0.0158,2026-07-09,2026-07-10,52.34,0.3206,0.8362,0.5202,0.5924,0.9409,0.1329,0.3151,-0.7005,0.1497,多周期共振看空 ⬇⬇⬇,-0.3833,-0.6485,-0.5625
605009,XD豪悦护,50.66,True,23.56,22.78,8,9.22,-10.11,-1.86,3.43,0.1666,2026-06-30,2026-07-10,63.37,0.0497,-0.2406,0.4207,0.1336,0.814,0.2988,0.3147,-0.3115,0.3443,多周期方向不一致，观望,-0.0876,-0.7315,-0.5625
002021,中捷资源,29.41,True,2.46,2.51,4,1.8,-14.04,-4.27,-1.87,0.0,2026-07-10,2026-07-10,51.16,0.364,0.5065,0.7136,0.6184,0.9147,0.0,0.3146,-0.5703,0.2148,多周期共振看空 ⬇⬇⬇,-0.3227,-0.6392,-0.3375
600362,江西铜业,890.07,True,42.89,45.0,7,20.82,-11.15,-1.0,-4.69,0.0,2026-07-10,2026-07-10,26.03,0.8892,0.7193,0.8612,0.9335,0.3562,0.0,0.3142,-0.4079,0.2961,多周期共振看空 ⬇⬇⬇,-0.1807,-0.4041,-0.3375
002872,ST天圣,10.49,True,4.88,4.85,4,3.81,-11.15,-4.45,0.64,0.0,2026-07-09,2026-07-10,51.63,0.1162,-0.1955,0.4076,0.1915,0.9252,0.3207,0.314,-0.1611,0.4194,月线震荡，中短期走弱,-0.3513,-0.3037,0.0633
002233,塔牌集团,87.64,True,7.47,7.42,6,4.5,-7.98,-3.71,0.64,0.0501,2026-07-02,2026-07-10,51.65,0.4734,-0.2924,0.3192,0.3671,0.9255,0.468,0.3138,-0.6821,0.1589,多周期共振看空 ⬇⬇⬇,-0.3505,-0.7038,-0.495
002919,名臣健康,50.33,True,19.05,19.94,3,9.84,-14.3,-5.17,-4.47,0.0,2026-07-10,2026-07-10,44.25,0.4748,0.7346,0.6065,0.6849,0.7611,0.0,0.3136,-0.5003,0.2499,多周期共振看空 ⬇⬇⬇,-0.4596,-0.3682,-0.3375
603205,健尔康,8.79,True,21.26,21.19,1,0.33,-10.62,-5.33,0.33,0.0,2026-07-09,2026-07-10,51.25,0.4744,0.1541,0.363,0.5463,0.9168,0.395,0.3134,-0.7832,0.1084,多周期共振看空 ⬇⬇⬇,-0.5093,-0.7223,-0.5625
603969,银龙股份,65.16,True,7.67,7.51,8,6.7,-11.31,-3.52,2.19,0.094,2026-06-30,2026-07-10,56.63,-0.0692,0.4906,0.4991,0.3962,0.9638,0.1681,0.3131,-0.6462,0.1769,多周期共振看空 ⬇⬇⬇,-0.1924,-0.6929,-0.5625
600435,北方导航,172.26,True,11.39,11.43,2,0.46,-7.5,-3.45,-0.35,0.0147,2026-07-10,2026-07-10,40.74,0.509,0.4783,0.4023,0.6967,0.6831,0.3295,0.3131,-0.7289,0.1356,多周期共振看空 ⬇⬇⬇,-0.5517,-0.5667,-0.5625
600688,上海石化,212.54,True,2.9,2.97,9,3.73,-4.81,-0.92,-2.46,0.1243,2026-07-10,2026-07-10,36.11,0.3081,-0.6978,0.3228,0.1849,0.5802,0.462,0.3129,-0.1568,0.4216,多周期方向不一致，观望,-0.1277,-0.2423,-0.3375
002299,圣农发展,192.17,True,15.77,15.92,4,4.85,-6.79,-2.28,-0.95,0.0399,2026-07-10,2026-07-10,46.59,0.2961,-0.071,0.3383,0.3492,0.8131,0.4362,0.3126,-0.4786,0.2607,多周期共振看空 ⬇⬇⬇,-0.1963,-0.5462,-0.3375
603701,德宏股份,56.25,True,21.52,22.3,0,-0.46,-9.31,-4.93,-3.49,0.0,2026-07-10,2026-07-10,42.6,0.4334,-0.5639,0.3915,0.2601,0.7244,0.3475,0.3125,-0.0635,0.4682,月线看多，中短期调整中,-0.4796,-0.2287,0.3375
603530,神马电力,206.34,True,48.27,51.99,3,3.35,-9.43,-3.65,-7.16,0.0,2026-07-10,2026-07-10,28.11,0.4637,0.3643,0.4886,0.6239,0.4026,0.1857,0.3124,-0.1307,0.4346,月线看多，中短期调整中,-0.4713,-0.3983,0.18
600367,红星发展,132.59,True,41.18,53.67,16,66.24,-23.27,13.67,-23.27,0.0,2026-07-10,2026-07-10,28.96,0.4869,-0.4436,1.0617,0.3147,0.4213,0.0,0.3122,0.4881,0.744,上升趋势中的日线整理,0.0018,0.7038,0.5625
603333,福华尚纬,49.22,True,7.92,8.02,3,4.27,-10.13,-4.33,-1.28,0.0,2026-07-10,2026-07-10,49.44,0.3841,-0.115,0.5797,0.3845,0.8764,0.0338,0.3119,-0.1984,0.4008,月线震荡，中短期走弱,-0.3457,-0.2452,-0.1253
603499,翔港科技,54.1,True,12.77,13.85,12,11.93,-13.44,0.67,-7.78,0.0132,2026-07-10,2026-07-10,30.96,0.7088,1.0053,0.6989,0.8253,0.4658,0.0,0.3116,-0.4182,0.2909,多周期共振看空 ⬇⬇⬇,-0.1684,-0.4373,-0.3375
000070,特发信息,154.21,True,18.0,20.22,11,31.88,-13.77,3.03,-10.96,0.0,2026-07-10,2026-07-10,32.98,0.4234,0.126,0.9787,0.5045,0.5106,0.0,0.3115,0.072,0.536,多周期方向不一致，观望,-0.0713,-0.0725,0.45
601766,中国中车,0.0,True,5.5,5.45,5,0.84,-7.05,-2.47,0.84,0.1111,2026-07-09,2026-07-10,42.34,-0.098,0.458,0.2679,0.3832,0.7187,0.5535,0.3115,-0.6928,0.1536,多周期共振看空 ⬇⬇⬇,-0.2451,-0.75,-0.5625
600839,四川长虹,315.2,True,6.83,6.78,5,2.03,-12.36,-3.88,0.72,0.0329,2026-07-09,2026-07-10,48.65,0.2767,0.9389,0.4283,0.566,0.8589,0.2861,0.3113,-0.7534,0.1233,多周期共振看空 ⬇⬇⬇,-0.4436,-0.7131,-0.5625
603616,韩建河山,21.9,True,5.7,6.05,7,13.63,-10.32,-2.49,-5.8,0.0,2026-07-10,2026-07-10,33.33,0.804,2.7392,0.6763,0.8824,0.5185,0.0,0.3109,-0.5471,0.2264,多周期共振看空 ⬇⬇⬇,-0.3852,-0.5348,-0.3375
600875,东方电气,636.91,True,28.14,29.75,0,-0.18,-15.65,-7.22,-5.42,0.0,2026-07-10,2026-07-10,27.21,0.6187,0.0952,0.4793,0.6093,0.3825,0.2012,0.3107,-0.109,0.4455,月线看多，中短期调整中,-0.4278,-0.3325,0.18
600850,电科数字,0.0,True,15.5,15.21,1,1.89,-16.04,-8.33,1.89,0.0,2026-07-09,2026-07-10,44.58,0.5435,0.1535,0.399,0.5875,0.7683,0.3349,0.3107,-0.6445,0.1778,多周期共振看空 ⬇⬇⬇,-0.3584,-0.5467,-0.5625
002606,大连电瓷,57.7,True,13.7,13.54,1,1.15,-14.26,-5.81,1.15,0.0,2026-07-09,2026-07-10,41.36,0.5594,-0.6368,0.5389,0.3356,0.6968,0.1018,0.3107,0.0313,0.5157,多周期方向不一致，观望,-0.4748,-0.0178,0.5625
000969,安泰科技,208.06,True,19.98,24.08,14,14.04,-17.02,2.0,-17.02,0.0,2026-07-10,2026-07-10,18.84,0.5861,0.3287,0.6968,0.6831,0.1965,0.0,0.3105,0.1551,0.5776,上升趋势中的日线整理,-0.1008,0.3272,0.1621
003007,直真科技,28.16,True,38.8,39.29,4,4.97,-14.67,-4.41,-1.26,0.0,2026-07-10,2026-07-10,42.56,0.4496,0.4857,0.5936,0.6641,0.7236,0.0106,0.3102,-0.4579,0.2711,多周期共振看空 ⬇⬇⬇,-0.3384,-0.3789,-0.3375
002614,奥佳华,20.12,True,4.56,4.61,0,-0.75,-9.13,-5.06,-1.06,0.0,2026-07-10,2026-07-10,43.88,0.2946,0.6871,0.266,0.5768,0.7528,0.5566,0.3099,-0.792,0.104,多周期共振看空 ⬇⬇⬇,-0.4996,-0.75,-0.5625
000589,贵州轮胎,65.47,True,4.24,4.27,3,3.34,-6.88,-3.09,-0.78,0.0169,2026-07-10,2026-07-10,48.24,0.457,-0.133,0.2962,0.421,0.8497,0.5063,0.3092,-0.6655,0.1673,多周期共振看空 ⬇⬇⬇,-0.3742,-0.6468,-0.495
600768,宁波富邦,20.34,True,15.21,15.49,5,3.86,-10.68,-3.17,-1.82,0.0,2026-07-10,2026-07-10,32.55,0.645,0.1884,0.445,0.6623,0.5012,0.2583,0.3089,-0.3963,0.3019,多周期共振看空 ⬇⬇⬇,-0.2229,-0.3717,-0.3082
002669,康达新材,40.99,True,13.54,16.61,14,23.32,-18.5,0.74,-18.5,0.0,2026-07-10,2026-07-10,22.08,0.6514,0.2086,0.7792,0.6743,0.2685,0.0,0.3089,0.07,0.535,多周期方向不一致，观望,-0.2719,0.5152,0.0256
002376,新北洋,47.62,True,6.05,5.92,1,2.23,-8.68,-4.75,2.23,0.0215,2026-07-09,2026-07-10,49.57,0.0218,0.9213,0.2496,0.4131,0.8792,0.584,0.3088,-0.7643,0.1179,多周期共振看空 ⬇⬇⬇,-0.4715,-0.7131,-0.5625
001223,欧克科技,26.06,True,37.31,45.82,12,14.85,-18.58,-0.68,-18.58,0.0,2026-07-10,2026-07-10,30.59,0.8734,-0.6638,0.8148,0.524,0.4575,0.0,0.3084,0.0798,0.5399,多周期方向不一致，观望,-0.1896,0.0678,0.4454
000157,中联重科,513.26,True,7.26,7.32,8,4.19,-5.97,-0.85,-0.79,0.1486,2026-07-10,2026-07-10,37.23,0.1318,-0.2187,0.348,0.1916,0.6052,0.42,0.3083,-0.2593,0.3704,多周期方向不一致，观望,-0.0737,-0.5816,-0.495
002571,德力股份,31.05,True,10.41,10.66,0,-0.15,-12.68,-6.97,-2.32,0.0,2026-07-10,2026-07-10,49.29,0.4497,-0.3969,0.4879,0.3111,0.8732,0.1869,0.3082,-0.2293,0.3853,月线震荡，中短期走弱,-0.5658,-0.3984,0.1125
002696,百洋股份,17.98,True,5.38,5.31,2,4.38,-9.71,-4.86,1.37,0.0,2026-07-09,2026-07-10,50.26,0.5918,0.2819,0.6261,0.6679,0.8946,0.0,0.3076,-0.681,0.1595,多周期共振看空 ⬇⬇⬇,-0.3367,-0.7131,-0.495
001380,华纬科技,37.0,True,15.9,16.25,3,5.3,-11.19,-4.03,-2.13,0.0,2026-07-10,2026-07-10,45.35,0.7016,0.12,0.4463,0.6689,0.7856,0.2562,0.3076,-0.7574,0.1213,多周期共振看空 ⬇⬇⬇,-0.4109,-0.75,-0.5625
000657,中钨高新,1085.48,True,74.71,90.73,16,42.18,-18.49,12.67,-17.66,0.0631,2026-07-10,2026-07-10,17.64,0.098,-0.0222,0.9452,0.2499,0.1699,0.0,0.3072,0.7023,0.8512,多周期共振看多 ⬆⬆⬆,0.3342,0.6946,0.5625
603688,石英股份,354.8,True,65.5,75.79,15,19.26,-20.31,2.75,-13.58,0.0,2026-07-10,2026-07-10,27.72,0.4999,-0.4307,0.8494,0.3276,0.3939,0.0,0.307,0.4594,0.7297,上升趋势中的日线整理,-0.1283,0.7408,0.5625
605128,上海沿浦,72.81,True,23.19,24.36,11,10.01,-7.19,1.82,-4.8,0.1004,2026-07-10,2026-07-10,31.48,0.5258,-0.7146,0.446,0.3155,0.4773,0.2567,0.3069,-0.069,0.4655,多周期方向不一致，观望,-0.0428,0.1834,-0.45
600562,国睿科技,264.64,True,21.31,21.54,4,10.45,-11.57,-2.7,-1.07,0.0,2026-07-10,2026-07-10,45.69,0.5005,2.2458,0.6056,0.7003,0.7931,0.0,0.3064,-0.6208,0.1896,多周期共振看空 ⬇⬇⬇,-0.2325,-0.6025,-0.5625
002522,浙江众成,47.06,True,5.2,6.86,14,14.96,-24.34,-1.85,-24.2,0.0,2026-07-10,2026-07-10,32.73,0.6877,-0.1529,0.8631,0.5515,0.5051,0.0,0.3063,-0.0378,0.4811,多周期方向不一致，观望,-0.1872,-0.0056,0.0
600436,片仔癀,706.18,True,117.05,113.39,2,3.23,-8.41,-3.84,3.23,0.0794,2026-07-09,2026-07-10,53.55,0.0299,1.5488,0.4426,0.418,0.9677,0.2624,0.3062,-0.7809,0.1095,多周期共振看空 ⬇⬇⬇,-0.4711,-0.75,-0.5625
002150,正泰电源,88.55,True,24.7,25.56,4,4.52,-18.07,-7.18,-3.38,0.0,2026-07-10,2026-07-10,37.59,0.6498,-0.3893,0.4689,0.4342,0.6131,0.2185,0.3062,-0.1558,0.4221,月线看多，中短期调整中,-0.5879,-0.4179,0.18
002063,远光软件,91.82,True,5.19,5.18,1,0.2,-13.58,-5.86,0.2,0.0,2026-07-09,2026-07-10,42.57,0.3629,0.3175,0.253,0.5448,0.7239,0.5783,0.3062,-0.7535,0.1233,多周期共振看空 ⬇⬇⬇,-0.5086,-0.6577,-0.5625
002282,博深股份,28.84,True,5.71,5.85,0,-0.05,-6.77,-3.75,-2.42,0.0,2026-07-10,2026-07-10,34.75,0.5333,0.8137,0.2727,0.72,0.5499,0.5455,0.3059,-0.8012,0.0994,多周期共振看空 ⬇⬇⬇,-0.5446,-0.7315,-0.5625
603392,万泰生物,363.39,True,28.74,28.13,2,2.17,-17.28,-8.55,2.17,0.0,2026-07-09,2026-07-10,50.63,0.3313,0.3948,0.4005,0.5567,0.903,0.3326,0.3057,-0.7944,0.1028,多周期共振看空 ⬇⬇⬇,-0.538,-0.7223,-0.5625
600618,氯碱化工,75.21,True,10.03,10.5,10,4.19,-6.89,-0.68,-4.49,0.084,2026-07-10,2026-07-10,34.84,0.6511,0.2,0.4918,0.6707,0.552,0.1803,0.3053,-0.6391,0.1804,多周期共振看空 ⬇⬇⬇,-0.2617,-0.6854,-0.495
603150,万朗磁塑,55.99,True,65.5,72.98,12,12.98,-15.07,1.2,-10.25,0.0,2026-07-10,2026-07-10,25.08,0.4855,-0.4466,0.4382,0.3127,0.3351,0.2696,0.3052,0.3236,0.6618,上升趋势中的日线回调（关注买点）,-0.23,0.7223,0.5625
600722,金牛化工,54.7,True,8.04,8.57,0,-0.52,-14.94,-10.33,-6.16,0.0,2026-07-10,2026-07-10,25.66,0.8632,0.0217,0.4964,0.7266,0.3481,0.1726,0.3049,-0.2793,0.3604,月线震荡，中短期走弱,-0.625,-0.506,0.1029
002182,宝武镁业,111.13,True,12.84,13.93,8,15.65,-13.34,-1.15,-7.84,0.0,2026-07-10,2026-07-10,41.23,0.6453,0.3141,0.7531,0.7128,0.6941,0.0,0.3049,-0.5339,0.233,多周期共振看空 ⬇⬇⬇,-0.2819,-0.5942,-0.3375
600249,两面针,25.96,True,4.72,4.79,0,-0.08,-11.39,-5.55,-1.48,0.0,2026-07-10,2026-07-10,40.91,0.3939,0.5288,0.395,0.6363,0.6869,0.3417,0.3047,-0.6781,0.1609,多周期共振看空 ⬇⬇⬇,-0.5245,-0.4782,-0.5625
000629,钒钛股份,287.07,True,3.09,3.27,8,8.85,-10.83,-1.99,-5.45,0.0,2026-07-10,2026-07-10,35.83,0.7119,0.3127,0.5519,0.7522,0.5741,0.0801,0.3046,-0.5198,0.2401,多周期共振看空 ⬇⬇⬇,-0.3472,-0.5073,-0.3375
002496,辉丰股份,24.57,True,2.08,2.1,2,5.68,-18.72,-8.12,-1.19,0.0,2026-07-10,2026-07-10,45.63,-0.0722,0.1455,0.6941,0.2582,0.7918,0.0,0.3044,0.0718,0.5359,上升趋势中的日线回调（关注买点）,-0.3036,0.1642,0.3375
601929,吉视传媒,81.66,True,2.34,2.3,1,1.61,-15.32,-8.44,1.61,0.0,2026-07-09,2026-07-10,48.33,0.2243,1.4129,0.4019,0.5346,0.8519,0.3301,0.3039,-0.7104,0.1448,多周期共振看空 ⬇⬇⬇,-0.5555,-0.5226,-0.5625
002361,神剑股份,102.99,True,12.73,14.13,2,11.65,-23.1,-8.87,-9.93,0.0,2026-07-10,2026-07-10,36.39,0.8756,-0.6924,0.7655,0.5254,0.5864,0.0,0.3037,-0.1148,0.4426,月线看多，中短期调整中,-0.5365,-0.2667,0.18
000665,湖北广电,43.67,True,3.84,3.81,1,0.71,-10.49,-6.78,0.71,0.0,2026-07-09,2026-07-10,43.43,0.3634,1.8321,0.3555,0.618,0.743,0.4075,0.3037,-0.7768,0.1116,多周期共振看空 ⬇⬇⬇,-0.4713,-0.7408,-0.5625
603366,日出东方,53.66,True,6.6,6.8,6,7.88,-10.36,-3.93,-2.92,0.0,2026-07-10,2026-07-10,49.39,0.4554,0.7239,0.6187,0.6733,0.8754,0.0,0.3036,-0.6988,0.1506,多周期共振看空 ⬇⬇⬇,-0.4369,-0.5988,-0.5625
002715,登云股份,19.94,True,14.45,14.11,5,8.18,-10.72,-4.86,2.44,0.0188,2026-07-09,2026-07-10,52.62,0.2412,0.5214,0.6251,0.5447,0.9472,0.0,0.3036,-0.6246,0.1877,多周期共振看空 ⬇⬇⬇,-0.2797,-0.5706,-0.5625
603337,杰克科技,176.23,True,37.2,39.13,8,7.17,-8.38,-1.93,-4.93,0.0,2026-07-10,2026-07-10,39.46,0.5012,0.1037,0.6108,0.5422,0.6547,0.0,0.3035,-0.2254,0.3873,多周期方向不一致，观望,-0.3266,-0.1484,-0.5625
600527,江南高纤,36.37,True,2.1,2.21,0,-1.9,-11.12,-6.14,-4.98,0.0,2026-07-10,2026-07-10,31.48,0.7562,-0.1371,0.3629,0.5989,0.4774,0.3951,0.3035,-0.4187,0.2906,多周期共振看空 ⬇⬇⬇,-0.516,-0.2575,-0.2205
603180,金牌家居,22.12,True,14.34,14.71,2,2.73,-11.73,-6.54,-2.5,0.0,2026-07-10,2026-07-10,47.36,0.7571,0.3397,0.6432,0.7902,0.8302,0.0,0.3035,-0.8321,0.084,多周期共振看空 ⬇⬇⬇,-0.613,-0.7408,-0.5625
000913,钱江摩托,53.83,True,10.35,10.84,4,6.86,-8.54,-3.65,-4.53,0.0,2026-07-10,2026-07-10,34.07,0.6613,0.6857,0.4544,0.7968,0.5348,0.2427,0.3034,-0.6835,0.1583,多周期共振看空 ⬇⬇⬇,-0.4626,-0.5431,-0.5625
600881,亚泰集团,48.48,True,1.5,1.56,8,15.05,-8.06,-0.48,-4.06,0.0139,2026-07-10,2026-07-10,49.02,0.9031,-0.6475,0.5781,0.5419,0.8671,0.0365,0.3034,-0.5431,0.2284,多周期共振看空 ⬇⬇⬇,-0.2424,-0.4234,-0.5625
002319,乐通股份,23.46,True,11.2,10.8,6,4.93,-14.4,-3.98,3.72,0.0891,2026-07-07,2026-07-10,55.44,0.5231,-0.6439,0.5965,0.3138,0.9902,0.0059,0.3032,-0.4836,0.2582,多周期共振看空 ⬇⬇⬇,-0.1852,-0.3417,-0.5625
002551,尚荣医疗,17.6,True,2.88,2.82,3,2.06,-8.38,-4.51,2.06,0.0375,2026-07-09,2026-07-10,52.94,-0.09,0.5889,0.3919,0.4,0.9542,0.3468,0.3032,-0.7266,0.1367,多周期共振看空 ⬇⬇⬇,-0.3533,-0.7315,-0.5625
603768,常青股份,23.46,True,9.86,9.88,2,2.44,-12.04,-5.91,-0.17,0.0,2026-07-10,2026-07-10,46.98,0.5162,0.0432,0.3823,0.527,0.8218,0.3628,0.3029,-0.6962,0.1519,多周期共振看空 ⬇⬇⬇,-0.4861,-0.551,-0.5625
603124,江南新材,116.27,True,149.81,179.59,15,33.5,-16.58,8.26,-16.58,0.0306,2026-07-10,2026-07-10,18.86,0.6155,-0.5334,0.802,0.3693,0.1969,0.0,0.3029,0.523,0.7615,上升趋势中的日线整理,0.0537,0.75,0.5625
600668,尖峰集团,29.6,True,7.17,7.25,5,4.58,-8.95,-3.4,-1.11,0.0,2026-07-10,2026-07-10,52.53,0.3463,1.4378,0.5595,0.6078,0.9451,0.0674,0.3029,-0.7377,0.1311,多周期共振看空 ⬇⬇⬇,-0.4162,-0.7021,-0.5625
600817,宇通重工,48.16,True,9.1,9.09,4,1.79,-5.43,-2.72,0.15,0.0809,2026-07-09,2026-07-10,49.71,0.3767,-0.4055,0.2646,0.2638,0.8825,0.559,0.3027,-0.7009,0.1496,多周期共振看空 ⬇⬇⬇,-0.3972,-0.6375,-0.5625
002915,中欣氟材,53.03,True,18.41,20.36,12,13.64,-11.0,-0.68,-9.57,0.0,2026-07-10,2026-07-10,41.14,0.8996,-0.0372,0.7749,0.7249,0.6921,0.0,0.3027,-0.5687,0.2157,多周期共振看空 ⬇⬇⬇,-0.283,-0.4449,-0.5625
000573,粤宏远Ａ,23.36,True,3.69,3.72,0,-0.83,-13.08,-8.01,-0.83,0.0,2026-07-10,2026-07-10,37.82,0.381,0.4522,0.4671,0.6095,0.6181,0.2214,0.3027,-0.4721,0.264,多周期共振看空 ⬇⬇⬇,-0.5291,-0.314,-0.27
001326,联域股份,12.92,True,53.81,62.6,5,10.56,-16.13,-4.72,-14.04,0.0,2026-07-10,2026-07-10,15.69,0.6974,0.1392,0.6196,0.6741,0.1264,0.0,0.3026,0.1902,0.5951,上升趋势中的日线回调（关注买点）,-0.3388,0.4796,0.45
600309,万华化学,0.0,True,68.71,70.92,7,3.53,-9.63,-2.06,-3.11,0.0303,2026-07-10,2026-07-10,31.6,0.3658,0.3305,0.5072,0.5517,0.48,0.1547,0.3025,-0.2352,0.3824,多周期方向不一致，观望,-0.1458,-0.5715,-0.3375
000816,智慧农业,35.27,True,2.45,2.41,3,1.51,-10.29,-4.66,1.51,0.0087,2026-07-09,2026-07-10,50.72,0.322,0.1718,0.3812,0.4619,0.905,0.3647,0.3024,-0.7185,0.1407,多周期共振看空 ⬇⬇⬇,-0.3218,-0.7408,-0.5625
002980,华盛昌,97.67,True,96.43,111.92,7,11.32,-14.71,-3.29,-13.84,0.0,2026-07-10,2026-07-10,33.96,0.3025,-0.1832,0.9405,0.3082,0.5324,0.0,0.3022,0.2853,0.6426,上升趋势中的日线回调（关注买点）,-0.3085,0.6608,0.5625
603660,苏州科达,60.01,True,10.5,11.73,8,12.3,-12.72,-2.3,-10.47,0.0,2026-07-10,2026-07-10,22.11,0.7519,0.0676,0.6187,0.6782,0.2691,0.0,0.3019,0.0075,0.5038,多周期方向不一致，观望,-0.3367,-0.1284,0.45
600955,维远股份,80.14,True,14.57,15.51,6,3.97,-7.77,-2.26,-6.06,0.0,2026-07-10,2026-07-10,39.58,0.5986,0.1408,0.4817,0.6155,0.6572,0.1972,0.3008,-0.5244,0.2378,多周期共振看空 ⬇⬇⬇,-0.4326,-0.4443,-0.3375
603916,苏博特,48.59,True,11.56,13.55,6,10.94,-14.8,-3.0,-14.66,0.0,2026-07-10,2026-07-10,33.81,0.8181,-0.7005,0.7039,0.4909,0.5292,0.0,0.3006,-0.0156,0.4922,多周期方向不一致，观望,-0.3508,0.232,0.0
002138,顺络电子,409.34,True,54.11,65.47,16,32.42,-17.35,12.12,-17.35,0.0708,2026-07-10,2026-07-10,30.45,0.0689,-0.5356,0.9817,0.0414,0.4544,0.0,0.3006,0.6237,0.8118,多周期共振看多 ⬆⬆⬆,0.2557,0.589,0.5625
601016,节能风电,207.72,True,3.44,3.73,0,-3.05,-16.41,-10.96,-7.76,0.0,2026-07-10,2026-07-10,38.51,0.5273,-0.2954,0.5444,0.3983,0.6336,0.0927,0.3004,-0.0688,0.4656,月线看多，中短期调整中,-0.5426,-0.1998,0.3375
600165,ST宁科,19.86,True,2.71,2.73,5,5.49,-8.75,-3.28,-0.75,0.0101,2026-07-10,2026-07-10,48.96,0.5438,-0.11,0.4366,0.4823,0.8657,0.2723,0.3,-0.6524,0.1738,多周期共振看空 ⬇⬇⬇,-0.2633,-0.7131,-0.495
603179,新泉股份,332.53,True,46.56,49.49,4,6.7,-11.26,-4.08,-5.93,0.0,2026-07-10,2026-07-10,44.14,0.6402,-0.3935,0.7292,0.4267,0.7586,0.0,0.2996,-0.1966,0.4017,多周期方向不一致，观望,-0.3794,-0.0438,-0.495
000536,华映科技,93.94,True,3.4,3.53,4,11.92,-15.6,-6.13,-3.57,0.0,2026-07-10,2026-07-10,46.4,0.6553,0.1882,0.8461,0.6684,0.8088,0.0,0.2996,-0.6436,0.1782,多周期共振看空 ⬇⬇⬇,-0.3844,-0.5226,-0.5625
603026,石大胜华,159.77,True,68.66,87.65,11,12.56,-21.66,-1.85,-21.66,0.0,2026-07-10,2026-07-10,23.22,0.6528,0.2512,0.8025,0.6922,0.2938,0.0,0.2996,-0.0634,0.4683,月线看多，中短期调整中,-0.3822,-0.2667,0.2925
603229,奥翔药业,67.17,True,8.09,8.15,2,1.84,-12.65,-7.06,-0.69,0.0,2026-07-10,2026-07-10,52.36,0.1339,0.5151,0.4493,0.4804,0.9414,0.2512,0.2995,-0.7033,0.1483,多周期共振看空 ⬇⬇⬇,-0.6025,-0.4667,-0.5625
002171,楚江新材,190.42,True,11.8,13.84,13,25.65,-15.61,3.69,-14.71,0.0,2026-07-10,2026-07-10,22.14,0.8756,-0.4535,0.8242,0.544,0.2698,0.0,0.2995,0.202,0.601,上升趋势中的日线整理,-0.0033,0.2981,0.2293
600973,宝胜股份,85.98,True,6.27,6.64,4,8.56,-10.48,-3.45,-5.51,0.0,2026-07-10,2026-07-10,43.04,0.7831,-0.6545,0.4934,0.4698,0.7342,0.1777,0.2995,-0.3789,0.3105,多周期共振看空 ⬇⬇⬇,-0.42,-0.3042,-0.1685
002395,双象股份,33.34,True,12.43,12.46,0,-0.24,-13.1,-7.6,-0.24,0.0,2026-07-10,2026-07-10,46.75,0.8005,-0.5372,0.3195,0.4803,0.8166,0.4675,0.2994,-0.7276,0.1362,多周期共振看空 ⬇⬇⬇,-0.5425,-0.5717,-0.5625
600498,烽火通信,723.17,True,56.87,69.33,15,39.03,-22.1,9.69,-17.98,0.0315,2026-07-10,2026-07-10,17.52,0.1355,0.0332,0.8922,0.2946,0.1671,0.0,0.2994,0.648,0.824,多周期共振看多 ⬆⬆⬆,0.1645,0.7206,0.5625
002724,海洋王,27.82,True,4.9,4.99,1,0.05,-7.72,-4.43,-1.72,0.0,2026-07-10,2026-07-10,42.74,0.3036,0.9366,0.3035,0.5822,0.7274,0.4941,0.2993,-0.8052,0.0974,多周期共振看空 ⬇⬇⬇,-0.5763,-0.7131,-0.5625
605298,必得科技,91.8,True,49.29,53.15,7,8.01,-11.02,-2.5,-7.25,0.0,2026-07-10,2026-07-10,26.79,0.6021,0.015,0.5638,0.5672,0.3732,0.0603,0.2992,-0.0098,0.4951,月线看多，中短期调整中,-0.3572,-0.1906,0.45
000903,ST云动,34.95,True,1.82,1.89,12,8.89,-7.14,0.18,-3.91,0.1012,2026-07-10,2026-07-10,37.5,0.4876,-0.5032,0.4145,0.2926,0.6111,0.3092,0.2991,-0.2989,0.3506,多周期方向不一致，观望,-0.1167,-0.6515,-0.5625
600794,保税科技,36.12,True,3.01,3.0,1,0.32,-7.21,-3.6,0.32,0.016,2026-07-09,2026-07-10,49.21,0.0249,0.7143,0.2998,0.4149,0.8713,0.5003,0.2987,-0.7584,0.1208,多周期共振看空 ⬇⬇⬇,-0.4134,-0.75,-0.5625
002391,长青股份,23.12,True,5.09,5.12,2,2.44,-6.45,-2.76,-0.62,0.0186,2026-07-10,2026-07-10,45.37,-0.1746,0.4979,0.2856,0.3992,0.786,0.524,0.2977,-0.6644,0.1678,多周期共振看空 ⬇⬇⬇,-0.4269,-0.5994,-0.495
002162,悦心健康,32.97,True,3.59,3.54,3,2.56,-7.43,-3.75,1.27,0.0446,2026-07-09,2026-07-10,51.65,0.071,0.1756,0.3046,0.3128,0.9255,0.4924,0.2977,-0.7309,0.1346,多周期共振看空 ⬇⬇⬇,-0.3859,-0.7131,-0.5625
001325,元创股份,6.9,True,35.18,37.49,1,0.33,-12.56,-4.73,-6.16,0.0,2026-07-10,2026-07-10,33.28,0.4442,-0.0312,0.4308,0.454,0.5172,0.282,0.2977,-0.191,0.4045,周线日线方向不一致,-0.6367,0.0,
000917,电广传媒,96.39,True,6.8,6.88,3,4.05,-14.73,-5.69,-1.12,0.0,2026-07-10,2026-07-10,35.41,0.7954,0.3555,0.5335,0.8195,0.5646,0.1108,0.2976,-0.6968,0.1516,多周期共振看空 ⬇⬇⬇,-0.4821,-0.6231,-0.495
002489,浙江永强,52.61,True,2.75,2.89,0,-4.99,-17.75,-12.02,-4.99,0.0,2026-07-10,2026-07-10,33.9,0.8752,-0.137,0.3119,0.6703,0.5311,0.4802,0.2975,-0.7139,0.1431,多周期共振看空 ⬇⬇⬇,-0.553,-0.5325,-0.5625
002810,山东赫达,66.68,True,20.65,24.21,16,11.39,-14.7,1.2,-14.7,0.0,2026-07-10,2026-07-10,34.18,0.1412,0.4142,0.6831,0.4504,0.5374,0.0,0.2969,0.0098,0.5049,多周期方向不一致，观望,-0.1282,-0.1394,0.2925
600052,东望时代,31.4,True,3.72,3.69,3,3.4,-13.11,-5.57,0.94,0.0,2026-07-09,2026-07-10,48.55,0.3999,0.3798,0.5967,0.5919,0.8567,0.0054,0.2969,-0.6039,0.1981,多周期共振看空 ⬇⬇⬇,-0.3285,-0.4832,-0.5625
002521,齐峰新材,28.08,True,6.7,7.02,8,5.41,-9.45,-2.56,-4.52,0.0,2026-07-10,2026-07-10,46.94,0.1795,0.8492,0.5026,0.5077,0.8209,0.1623,0.2965,-0.5553,0.2223,多周期共振看空 ⬇⬇⬇,-0.2027,-0.4843,-0.5625
000698,ST沈化,24.59,True,3.13,3.13,3,5.3,-10.01,-4.43,-0.05,0.0,2026-07-10,2026-07-10,51.81,0.2946,0.167,0.3902,0.4436,0.929,0.3497,0.2965,-0.732,0.134,多周期共振看空 ⬇⬇⬇,-0.4426,-0.6669,-0.5625
002373,千方科技,99.88,True,7.25,7.35,0,-0.01,-11.07,-4.36,-1.39,0.0,2026-07-10,2026-07-10,35.91,0.487,0.589,0.311,0.6922,0.5758,0.4816,0.2958,-0.8175,0.0912,多周期共振看空 ⬇⬇⬇,-0.5649,-0.75,-0.5625
002970,锐明技术,74.39,True,58.86,58.87,3,3.87,-15.51,-6.62,-0.01,0.0,2026-07-10,2026-07-10,40.98,0.4882,-0.0952,0.7158,0.4549,0.6884,0.0,0.2958,-0.1879,0.4061,月线震荡，中短期走弱,-0.3437,-0.4494,0.1125
600388,龙净环保,201.81,True,15.89,15.81,4,1.72,-11.79,-5.73,0.49,0.0,2026-07-06,2026-07-10,43.85,-0.2085,0.2444,0.4307,0.2978,0.7521,0.2822,0.2956,-0.2398,0.3801,月线震荡，中短期走弱,-0.4239,-0.3742,-0.0686
600482,中国动力,749.66,True,33.05,32.82,6,7.69,-13.6,-4.47,0.69,0.001,2026-07-02,2026-07-10,44.51,0.1375,0.0422,0.5932,0.2994,0.767,0.0113,0.2956,-0.0465,0.4768,月线看多，中短期调整中,-0.1694,-0.2563,0.18
600223,福瑞达,54.69,True,5.38,5.29,3,1.63,-10.98,-5.22,1.63,0.0,2026-07-09,2026-07-10,54.69,-0.0983,0.3845,0.3191,0.3538,0.9931,0.4682,0.2956,-0.7672,0.1164,多周期共振看空 ⬇⬇⬇,-0.4359,-0.75,-0.5625
002792,通宇通讯,116.21,True,34.4,35.09,0,-0.47,-16.45,-9.18,-1.97,0.0,2026-07-10,2026-07-10,44.12,0.3473,0.3695,0.5734,0.5562,0.7582,0.0443,0.2955,-0.4713,0.2643,多周期共振看空 ⬇⬇⬇,-0.4659,-0.4509,-0.1856
002326,永太科技,161.71,True,20.01,23.66,13,18.73,-15.43,2.91,-15.43,0.0,2026-07-10,2026-07-10,34.39,0.6826,-0.1864,0.8106,0.535,0.5419,0.0,0.2949,-0.1472,0.4264,多周期方向不一致，观望,-0.1276,-0.2002,-0.3375
002721,金一文化,60.37,True,2.27,2.29,0,-1.04,-12.95,-7.15,-1.07,0.0,2026-07-10,2026-07-10,44.23,0.2489,1.0468,0.3263,0.5493,0.7607,0.4562,0.2949,-0.7979,0.101,多周期共振看空 ⬇⬇⬇,-0.607,-0.6708,-0.5625
600423,*ST柳化,19.57,True,2.45,2.39,6,7.74,-12.5,-4.99,2.64,0.0367,2026-07-07,2026-07-10,59.57,0.3471,0.2601,0.539,0.5123,0.8983,0.1017,0.2948,-0.7085,0.1457,多周期共振看空 ⬇⬇⬇,-0.2855,-0.75,-0.5625
603267,鸿远电子,141.47,True,61.22,71.26,13,14.72,-14.09,-0.42,-14.09,0.0,2026-07-10,2026-07-10,32.23,0.4342,-0.3767,0.8164,0.3098,0.494,0.0,0.2948,0.2696,0.6348,上升趋势中的日线回调（关注买点）,-0.1659,0.5983,0.45
605500,森林包装,26.56,True,6.41,6.52,0,-1.37,-23.53,-11.3,-1.69,0.0,2026-07-10,2026-07-10,43.72,0.675,-0.2719,0.3372,0.4963,0.7492,0.4379,0.2947,-0.686,0.157,多周期共振看空 ⬇⬇⬇,-0.547,-0.4764,-0.5625
002943,宇晶股份,82.26,True,43.56,47.87,0,-4.56,-18.24,-11.02,-9.0,0.0,2026-07-10,2026-07-10,41.97,-0.1113,0.6733,0.8917,0.4,0.7105,0.0,0.2946,-0.1354,0.4323,多周期方向不一致，观望,-0.6463,-0.129,0.0877
002997,瑞鹄模具,60.39,True,28.85,29.42,9,6.05,-15.34,-1.73,-1.95,0.0511,2026-07-10,2026-07-10,42.42,0.3589,-0.1817,0.5423,0.3426,0.7205,0.0962,0.2945,-0.2562,0.3719,多周期方向不一致，观望,0.0081,-0.5706,-0.5625
603890,春秋电子,0.0,True,22.92,25.17,7,12.45,-14.38,-2.58,-8.95,0.0,2026-07-10,2026-07-10,32.71,0.4826,-0.7142,0.7211,0.2896,0.5046,0.0,0.2943,0.2857,0.6429,上升趋势中的日线回调（关注买点）,-0.2637,0.6238,0.5625
002111,威海广泰,45.26,True,9.26,9.25,2,0.19,-10.87,-4.89,0.08,0.0,2026-07-09,2026-07-10,46.15,0.0491,0.4204,0.2897,0.3976,0.8034,0.5171,0.2943,-0.6598,0.1701,多周期共振看空 ⬇⬇⬇,-0.4453,-0.506,-0.5625
600556,天下秀,80.63,True,4.46,4.56,0,-1.25,-11.2,-6.92,-2.29,0.0,2026-07-10,2026-07-10,34.53,0.4722,0.9426,0.3996,0.6833,0.5452,0.3341,0.2941,-0.6616,0.1692,多周期共振看空 ⬇⬇⬇,-0.3706,-0.6415,-0.495
600100,同方股份,233.18,True,6.96,6.88,1,1.11,-13.27,-5.75,1.11,0.0,2026-07-09,2026-07-10,46.11,0.2663,0.4347,0.3769,0.5337,0.8025,0.3718,0.294,-0.762,0.119,多周期共振看空 ⬇⬇⬇,-0.4873,-0.6946,-0.5625
002534,西子洁能,144.52,True,17.51,19.16,9,8.25,-17.98,-3.33,-8.63,0.0,2026-07-10,2026-07-10,31.31,-0.702,1.3544,0.7754,0.4,0.4735,0.0,0.2937,0.1414,0.5707,上升趋势中的日线回调（关注买点）,-0.3667,0.3396,0.45
002881,美格智能,68.63,True,37.71,38.61,0,-1.59,-17.52,-7.79,-2.33,0.0,2026-07-10,2026-07-10,41.73,0.6067,0.226,0.7029,0.6544,0.7051,0.0,0.2935,-0.5455,0.2273,多周期共振看空 ⬇⬇⬇,-0.4367,-0.2621,-0.5625
000158,常山北明,212.46,True,13.38,13.67,0,-0.73,-13.58,-6.43,-2.09,0.0,2026-07-10,2026-07-10,33.08,0.5861,0.5466,0.3937,0.7516,0.513,0.3438,0.2935,-0.7451,0.1275,多周期共振看空 ⬇⬇⬇,-0.4009,-0.7315,-0.5625
002001,新 和 成,871.58,True,28.7,29.45,6,4.58,-8.24,-1.41,-2.55,0.0578,2026-07-10,2026-07-10,45.88,-0.0987,-0.0335,0.5452,0.1866,0.7974,0.0914,0.2929,-0.1245,0.4377,月线看多，中短期调整中,-0.382,-0.4456,0.18
003011,海象新材,14.34,True,18.66,19.07,2,8.0,-12.22,-5.41,-2.14,0.0,2026-07-10,2026-07-10,49.33,0.6624,-0.2281,0.7328,0.5062,0.8741,0.0,0.2923,-0.5205,0.2398,多周期共振看空 ⬇⬇⬇,-0.3801,-0.4807,-0.3375
603766,隆鑫通用,243.34,True,11.85,12.16,7,11.05,-11.77,-2.61,-2.57,0.0,2026-07-10,2026-07-10,55.02,-0.5137,0.7907,0.5688,0.4,0.9995,0.0521,0.2923,-0.5428,0.2286,多周期共振看空 ⬇⬇⬇,-0.1595,-0.5613,-0.495
603194,中力股份,52.35,True,33.13,35.71,12,8.61,-7.76,-0.33,-7.23,0.0018,2026-07-10,2026-07-10,34.74,0.4236,-0.0087,0.52,0.4507,0.5498,0.1333,0.2922,-0.1538,0.4231,多周期方向不一致，观望,-0.1212,-0.1222,-0.45
603395,红四方,13.4,True,20.61,21.2,0,-2.77,-9.68,-5.77,-2.77,0.0,2026-07-10,2026-07-10,35.84,0.5208,0.4484,0.3176,0.6919,0.5742,0.4706,0.2921,-0.8357,0.0822,多周期共振看空 ⬇⬇⬇,-0.6115,-0.75,-0.5625
002615,哈尔斯,22.3,True,7.38,7.07,6,7.01,-16.95,-5.27,4.41,0.0738,2026-07-08,2026-07-10,61.84,0.0881,1.4062,0.6608,0.4528,0.848,0.0,0.2921,-0.5825,0.2087,多周期共振看空 ⬇⬇⬇,-0.2845,-0.4739,-0.5625
002633,申科股份,22.48,True,15.04,15.73,0,-1.59,-9.36,-6.0,-4.37,0.0,2026-07-10,2026-07-10,38.12,0.3405,0.0664,0.3535,0.4309,0.6248,0.4109,0.2921,-0.431,0.2845,多周期共振看空 ⬇⬇⬇,-0.3786,-0.2852,-0.3375
000690,宝新能源,98.5,True,4.53,4.89,1,1.82,-11.74,-7.22,-7.29,0.0,2026-07-10,2026-07-10,18.28,0.8738,-0.5007,0.3754,0.5243,0.184,0.3744,0.2919,-0.024,0.488,多周期方向不一致，观望,-0.4708,-0.0252,0.3234
002135,东南网架,65.76,True,6.3,6.85,2,4.57,-16.07,-5.58,-7.97,0.0,2026-07-10,2026-07-10,23.64,0.7615,-0.1037,0.5371,0.6154,0.303,0.1049,0.2914,-0.1011,0.4495,月线看多，中短期调整中,-0.482,-0.2483,0.18
002977,*ST天箭,16.06,True,24.1,23.35,6,10.16,-17.7,-6.19,3.23,0.0213,2026-07-02,2026-07-10,51.36,0.23,2.0653,0.7346,0.538,0.919,0.0,0.2914,-0.6838,0.1581,多周期共振看空 ⬇⬇⬇,-0.3083,-0.6762,-0.5625
600566,济川药业,220.1,True,23.96,23.89,2,0.75,-10.77,-4.28,0.31,0.0,2026-07-08,2026-07-10,49.52,-0.3959,0.2284,0.498,0.2914,0.8782,0.17,0.2914,-0.3246,0.3377,多周期共振看空 ⬇⬇⬇,-0.2801,-0.2172,-0.2562
601890,亚星锚链,80.49,True,8.39,8.48,2,0.61,-9.42,-3.47,-1.04,0.0,2026-07-10,2026-07-10,40.0,0.3458,0.4988,0.3995,0.607,0.6667,0.3341,0.2914,-0.7071,0.1465,多周期共振看空 ⬇⬇⬇,-0.479,-0.6485,-0.495
600989,宝丰能源,1490.14,True,20.32,21.21,0,-2.82,-11.7,-7.17,-4.2,0.0,2026-07-10,2026-07-10,37.04,0.4162,-0.1463,0.3461,0.3912,0.6008,0.4231,0.2912,-0.3556,0.3222,月线震荡，中短期走弱,-0.625,-0.5348,-0.1248
603352,至信股份,11.3,True,25.43,26.89,0,-1.7,-11.89,-6.63,-5.43,0.0,2026-07-10,2026-07-10,33.51,0.448,-0.3786,0.3165,0.3174,0.5225,0.4724,0.291,-0.1848,0.4076,周线日线方向不一致,-0.616,0.0,
600135,乐凯胶片,42.49,True,7.68,8.22,0,-2.68,-11.88,-7.7,-6.54,0.0,2026-07-10,2026-07-10,26.34,0.8447,-0.0751,0.3656,0.6768,0.3631,0.3907,0.2907,-0.5054,0.2473,多周期共振看空 ⬇⬇⬇,-0.4653,-0.3744,-0.3375
000581,威孚高科,139.73,True,17.6,17.58,5,3.62,-8.81,-3.5,0.11,0.0435,2026-07-09,2026-07-10,48.62,-0.0309,0.2555,0.2786,0.3022,0.8581,0.5357,0.2906,-0.7216,0.1392,多周期共振看空 ⬇⬇⬇,-0.3943,-0.6854,-0.5625
603376,大明电子,7.8,True,24.37,25.42,0,-1.01,-12.86,-6.22,-4.12,0.0,2026-07-10,2026-07-10,35.88,0.2451,1.0601,0.3106,0.5471,0.575,0.4823,0.2905,-0.627,0.1865,周线日线共振看空,-0.607,-0.45,
603681,永冠新材,45.84,True,19.28,22.94,7,16.01,-17.03,-3.63,-15.97,0.0,2026-07-10,2026-07-10,22.29,0.8621,-0.6697,0.6721,0.5173,0.2731,0.0,0.2904,0.1679,0.5839,上升趋势中的日线回调（关注买点）,-0.3849,0.4444,0.45
603998,方盛制药,40.79,True,9.29,9.38,3,3.0,-7.65,-2.34,-0.99,0.0394,2026-07-10,2026-07-10,51.03,0.0156,1.0316,0.433,0.4093,0.9117,0.2784,0.2904,-0.7431,0.1285,多周期共振看空 ⬇⬇⬇,-0.4064,-0.7223,-0.5625
601609,金田股份,184.96,True,10.7,11.52,2,2.97,-14.78,-5.82,-7.12,0.0,2026-07-10,2026-07-10,30.58,0.7877,-0.4118,0.7049,0.5079,0.4573,0.0,0.2901,-0.0406,0.4797,多周期方向不一致，观望,-0.4014,0.1422,0.0232
000595,宝塔实业,64.22,True,5.64,5.97,2,3.51,-19.33,-10.78,-5.54,0.0,2026-07-10,2026-07-10,39.84,0.0656,0.7799,0.7882,0.4394,0.6632,0.0,0.29,-0.1785,0.4108,月线震荡，中短期走弱,-0.457,-0.1629,-0.0454
601677,明泰铝业,190.1,True,15.29,16.31,0,-1.92,-9.24,-5.9,-6.27,0.0,2026-07-10,2026-07-10,31.38,0.5534,-0.2576,0.4568,0.429,0.4752,0.2386,0.29,-0.1273,0.4364,月线看多，中短期调整中,-0.767,-0.1617,0.2129
000880,潍柴重机,54.9,True,24.18,23.94,1,1.02,-20.29,-9.58,1.02,0.0,2026-07-09,2026-07-10,40.04,0.4172,1.9508,0.5552,0.6503,0.6675,0.0747,0.2898,-0.5826,0.2087,多周期共振看空 ⬇⬇⬇,-0.3445,-0.4227,-0.5625
002885,京泉华,80.83,True,34.07,40.36,4,8.71,-15.74,-5.35,-15.58,0.0,2026-07-10,2026-07-10,16.74,0.5782,0.1186,0.807,0.5944,0.1497,0.0,0.2898,0.1875,0.5938,上升趋势中的日线回调（关注买点）,-0.4509,0.5667,0.45
603063,禾望电气,196.22,True,42.45,48.21,2,4.83,-16.18,-8.04,-11.94,0.0,2026-07-10,2026-07-10,37.8,0.3753,-0.1839,0.8338,0.3516,0.6177,0.0,0.2897,0.0134,0.5067,多周期方向不一致，观望,-0.4715,0.0129,0.45
002672,东江环保,30.86,True,3.41,3.56,5,11.53,-10.06,-3.21,-4.08,0.0,2026-07-10,2026-07-10,41.5,0.6091,1.0831,0.9199,0.7655,0.7,0.0,0.2896,-0.7482,0.1259,多周期共振看空 ⬇⬇⬇,-0.3871,-0.75,-0.5625
601008,连云港,51.61,True,4.16,4.24,2,1.21,-8.57,-3.77,-1.81,0.0,2026-07-10,2026-07-10,42.86,0.6358,-0.3753,0.3108,0.4314,0.7302,0.482,0.2895,-0.6358,0.1821,多周期共振看空 ⬇⬇⬇,-0.2863,-0.5895,-0.5625
000902,新洋丰,137.13,True,12.0,12.23,3,1.87,-8.01,-2.79,-1.85,0.0053,2026-07-10,2026-07-10,39.24,0.3664,0.4452,0.4251,0.5979,0.6499,0.2915,0.2894,-0.6675,0.1663,多周期共振看空 ⬇⬇⬇,-0.3344,-0.6854,-0.495
603948,建业股份,37.37,True,23.0,24.89,9,8.68,-7.59,-0.0,-7.59,0.0,2026-07-10,2026-07-10,45.43,0.2582,5.3503,0.7185,0.5549,0.7874,0.0,0.2892,-0.5191,0.2404,多周期共振看空 ⬇⬇⬇,-0.2278,-0.4506,-0.495
600592,龙溪股份,58.14,True,14.55,14.69,1,1.44,-22.34,-13.88,-0.99,0.0,2026-07-10,2026-07-10,50.42,0.4116,1.8811,0.6806,0.647,0.8982,0.0,0.2891,-0.8002,0.0999,多周期共振看空 ⬇⬇⬇,-0.598,-0.6837,-0.5625
002088,鲁阳节能,38.76,True,7.66,8.02,6,4.76,-8.09,-3.16,-4.52,0.0,2026-07-10,2026-07-10,31.46,0.8066,0.3095,0.5001,0.8077,0.4768,0.1665,0.289,-0.6857,0.1572,多周期共振看空 ⬇⬇⬇,-0.2378,-0.7408,-0.5625
002240,盛新锂能,311.3,True,34.1,44.11,9,9.36,-22.69,-3.89,-22.69,0.0,2026-07-10,2026-07-10,28.53,0.5225,0.1045,0.8026,0.5553,0.4119,0.0,0.2889,-0.0711,0.4645,月线看多，中短期调整中,-0.4802,-0.2194,0.2925
603119,浙江荣泰,161.65,True,60.99,68.42,3,6.2,-12.98,-3.82,-10.86,0.0,2026-07-10,2026-07-10,35.82,0.68,-0.326,0.6977,0.4776,0.5738,0.0,0.2889,-0.1416,0.4292,多周期方向不一致，观望,-0.4269,0.1486,-0.405
001311,多利科技,31.88,True,18.0,17.55,5,11.53,-14.66,-7.27,2.58,0.0,2026-07-03,2026-07-10,52.63,0.1958,1.4447,0.598,0.5175,0.9472,0.0034,0.2888,-0.6569,0.1715,多周期共振看空 ⬇⬇⬇,-0.4694,-0.7038,-0.3375
002508,老板电器,141.43,True,15.15,15.25,0,-0.64,-9.67,-4.28,-0.64,0.0,2026-07-10,2026-07-10,45.97,0.4382,-0.0393,0.2946,0.4472,0.7994,0.5091,0.2888,-0.7719,0.114,多周期共振看空 ⬇⬇⬇,-0.4911,-0.7131,-0.5625
603579,荣泰健康,35.83,True,17.82,18.42,8,8.49,-9.96,-1.95,-3.26,0.0057,2026-07-10,2026-07-10,37.46,0.5216,0.2719,0.5386,0.6217,0.6102,0.1023,0.2883,-0.5158,0.2421,多周期共振看空 ⬇⬇⬇,-0.1574,-0.4362,-0.5625
603106,恒银科技,35.66,True,6.85,7.21,4,8.16,-11.46,-3.7,-4.97,0.0,2026-07-10,2026-07-10,42.77,0.6705,0.5888,0.6086,0.8023,0.7283,0.0,0.2881,-0.853,0.0735,多周期共振看空 ⬇⬇⬇,-0.656,-0.75,-0.5625
001308,康冠科技,92.62,True,19.01,20.38,5,2.19,-6.71,-2.23,-6.71,0.0,2026-07-10,2026-07-10,33.51,0.3844,-0.3547,0.348,0.2888,0.5225,0.42,0.288,-0.1211,0.4395,多周期方向不一致，观望,-0.3334,-0.0214,-0.225
002849,威星智能,32.74,True,14.96,16.51,8,8.09,-9.41,-1.74,-9.41,0.0,2026-07-10,2026-07-10,27.7,0.6962,0.6515,0.6159,0.8177,0.3933,0.0,0.2877,-0.4789,0.2606,多周期共振看空 ⬇⬇⬇,-0.3274,-0.4343,-0.3375
600613,神奇制药,22.67,True,4.73,4.7,3,1.75,-7.8,-3.54,0.65,0.0447,2026-07-09,2026-07-10,49.71,-0.2127,1.4323,0.4176,0.4,0.8825,0.304,0.2876,-0.7483,0.1259,多周期共振看空 ⬇⬇⬇,-0.3981,-0.7408,-0.5625
002981,朝阳科技,24.84,True,20.43,20.95,3,6.64,-25.02,-11.64,-2.47,0.0,2026-07-10,2026-07-10,48.8,0.9518,-0.8148,0.7623,0.5711,0.8622,0.0,0.2876,-0.6472,0.1764,多周期共振看空 ⬇⬇⬇,-0.3592,-0.5521,-0.5625
002153,石基信息,123.82,True,7.74,7.54,3,2.67,-10.88,-4.82,2.67,0.0443,2026-07-07,2026-07-10,48.79,0.5564,-0.4678,0.3405,0.3467,0.8621,0.4325,0.2875,-0.7415,0.1292,多周期共振看空 ⬇⬇⬇,-0.4435,-0.6871,-0.5625
001282,三联锻造,26.3,True,17.22,19.59,11,20.5,-13.08,1.61,-12.08,0.0,2026-07-10,2026-07-10,24.68,0.8623,1.1287,0.7353,0.9174,0.3263,0.0,0.2871,-0.5629,0.2186,多周期共振看空 ⬇⬇⬇,-0.2361,-0.4723,-0.5625
002228,合兴包装,37.01,True,3.06,3.06,1,0.19,-8.4,-4.01,-0.15,0.0,2026-07-10,2026-07-10,47.44,-0.1291,0.705,0.3121,0.4,0.8319,0.4798,0.2871,-0.7254,0.1373,多周期共振看空 ⬇⬇⬇,-0.4291,-0.7315,-0.495
002196,方正电机,58.41,True,11.96,12.68,5,8.18,-15.96,-5.46,-5.72,0.0,2026-07-10,2026-07-10,45.37,0.7124,-0.1872,0.7538,0.5526,0.7861,0.0,0.2869,-0.532,0.234,多周期共振看空 ⬇⬇⬇,-0.5182,-0.3876,-0.3375
603208,江山欧派,18.82,True,10.7,11.05,0,-1.75,-12.41,-6.84,-3.18,0.0,2026-07-10,2026-07-10,43.75,0.24,0.5956,0.4079,0.544,0.75,0.3202,0.2869,-0.7315,0.1342,多周期共振看空 ⬇⬇⬇,-0.411,-0.6929,-0.5625
002585,双星新材,0.0,True,9.99,12.52,12,30.49,-20.19,4.47,-20.19,0.0,2026-07-10,2026-07-10,25.08,0.5374,-0.4326,1.0161,0.3494,0.3351,0.0,0.2869,0.3343,0.6672,上升趋势中的日线回调（关注买点）,-0.1558,0.6946,0.5625
600405,动力源,28.25,True,4.61,4.36,6,6.52,-10.35,-3.4,5.61,0.1507,2026-06-29,2026-07-03,58.45,0.3994,-0.3853,0.691,0.2855,0.9232,0.0,0.2863,-0.6362,0.1819,多周期共振看空 ⬇⬇⬇,-0.1539,-0.7038,-0.5625
603787,新日股份,21.86,True,9.5,9.53,2,1.44,-8.28,-3.92,-0.31,0.0,2026-07-10,2026-07-10,45.28,0.5579,-0.2626,0.2951,0.4297,0.7841,0.5082,0.2863,-0.7443,0.1279,多周期共振看空 ⬇⬇⬇,-0.4095,-0.7223,-0.5625
600303,曙光股份,17.28,True,2.55,2.64,0,-3.43,-17.8,-11.68,-3.43,0.0,2026-07-10,2026-07-10,40.28,0.9133,-0.4514,0.4127,0.5674,0.6728,0.3122,0.286,-0.677,0.1615,多周期共振看空 ⬇⬇⬇,-0.5301,-0.4711,-0.5625
600516,方大炭素,207.34,True,5.15,5.9,15,17.4,-13.47,2.93,-12.67,0.0,2026-07-10,2026-07-10,33.43,0.8301,-0.6086,0.7865,0.4981,0.5207,0.0,0.2853,-0.1396,0.4302,多周期方向不一致，观望,-0.1376,-0.1134,-0.3825
002429,兆驰股份,466.01,True,10.3,10.93,5,3.21,-12.78,-4.49,-5.77,0.0,2026-07-10,2026-07-10,38.6,-0.18,0.3205,0.7271,0.3282,0.6355,0.0,0.2851,-0.0067,0.4966,月线看多，中短期调整中,-0.2423,-0.1617,0.3375
002528,*ST英飞,0.0,True,4.43,4.48,7,6.39,-10.25,-2.39,-1.16,0.0342,2026-07-10,2026-07-10,46.41,-0.1578,-0.6028,0.4742,0.0,0.809,0.2097,0.2849,0.0583,0.5292,多周期方向不一致，观望,-0.147,-0.1802,0.5625
603712,七一二,0.0,True,12.81,12.78,1,0.22,-10.82,-6.71,0.22,0.0,2026-07-09,2026-07-10,50.8,0.2325,3.4537,0.4798,0.5395,0.9067,0.2003,0.2848,-0.8332,0.0834,多周期共振看空 ⬇⬇⬇,-0.616,-0.7408,-0.5625
603181,皇马科技,81.65,True,13.87,15.84,17,15.7,-12.44,5.18,-12.44,0.0888,2026-07-10,2026-07-10,20.5,0.3916,0.2206,0.5714,0.5232,0.2334,0.0477,0.2845,-0.0926,0.4537,多周期方向不一致，观望,0.0784,-0.0242,-0.45
600617,国新能源,49.36,True,2.78,2.83,0,-1.85,-16.64,-9.52,-1.85,0.0,2026-07-10,2026-07-10,41.67,0.6177,-0.3686,0.3422,0.4232,0.7037,0.4297,0.2843,-0.5911,0.2045,多周期共振看空 ⬇⬇⬇,-0.5425,-0.4967,-0.3375
002543,万和电气,42.87,True,6.48,6.47,2,1.28,-9.16,-5.05,0.11,0.0,2026-07-09,2026-07-10,48.81,-0.0537,0.8733,0.3094,0.4,0.8624,0.4844,0.284,-0.7908,0.1046,多周期共振看空 ⬇⬇⬇,-0.4965,-0.75,-0.5625
002213,大为股份,68.18,True,32.98,36.96,10,12.3,-15.88,-1.39,-10.76,0.0,2026-07-10,2026-07-10,26.82,0.7844,-0.3885,0.6858,0.5152,0.3738,0.0,0.2839,-0.0016,0.4992,月线看多，中短期调整中,-0.3557,-0.1525,0.45
603310,巍华新材,28.87,True,14.88,15.29,4,6.02,-7.05,-2.31,-2.67,0.0,2026-07-10,2026-07-10,42.23,0.6822,-0.2417,0.4031,0.5126,0.7163,0.3282,0.2837,-0.6729,0.1635,多周期共振看空 ⬇⬇⬇,-0.4983,-0.4893,-0.5625
600487,亨通光电,1908.69,True,77.79,100.81,14,31.92,-25.54,5.89,-22.84,0.0,2026-07-10,2026-07-10,16.2,-0.2753,0.4994,0.815,0.3998,0.1378,0.0,0.2833,0.4614,0.7307,上升趋势中的日线整理,-0.133,0.75,0.5625
603266,天龙股份,33.11,True,16.65,17.1,3,3.92,-11.07,-4.74,-2.62,0.0,2026-07-10,2026-07-10,42.19,0.5527,0.2294,0.5254,0.6234,0.7154,0.1243,0.2832,-0.6897,0.1552,多周期共振看空 ⬇⬇⬇,-0.4358,-0.5798,-0.5625
002779,中坚科技,124.36,True,75.0,77.99,12,12.75,-7.15,2.54,-3.83,0.1584,2026-07-10,2026-07-10,50.28,0.322,-0.529,0.6572,0.1932,0.8951,0.0,0.2831,-0.4985,0.2508,多周期共振看空 ⬇⬇⬇,-0.1714,-0.3862,-0.5625
002237,恒邦股份,153.1,True,12.84,13.77,13,14.47,-11.69,0.19,-6.77,0.0424,2026-07-10,2026-07-10,29.13,0.6617,0.2053,0.7563,0.6792,0.4251,0.0,0.283,-0.4345,0.2828,多周期共振看空 ⬇⬇⬇,-0.1573,-0.4826,-0.3375
002425,凯撒文化,25.31,True,2.75,2.72,1,0.95,-10.07,-5.72,0.95,0.0,2026-07-09,2026-07-10,45.59,-0.2875,0.5473,0.3259,0.4,0.7908,0.4569,0.2825,-0.6946,0.1527,多周期共振看空 ⬇⬇⬇,-0.4044,-0.6175,-0.5625
600721,百花医药,26.15,True,6.8,6.96,4,5.55,-10.95,-3.77,-2.28,0.0,2026-07-10,2026-07-10,49.35,0.8203,-0.4954,0.4299,0.494,0.8745,0.2835,0.2823,-0.8079,0.0961,多周期共振看空 ⬇⬇⬇,-0.562,-0.7315,-0.5625
001296,长江材料,13.81,True,17.91,19.5,7,13.81,-11.5,-1.64,-8.16,0.0,2026-07-10,2026-07-10,29.68,0.8386,1.9083,0.8234,0.9031,0.4374,0.0,0.2822,-0.7125,0.1437,多周期共振看空 ⬇⬇⬇,-0.3959,-0.7315,-0.495
002264,新 华 都,38.83,True,5.93,5.95,0,-0.37,-10.94,-5.66,-0.38,0.0,2026-07-10,2026-07-10,48.3,-0.1174,0.5034,0.3443,0.4,0.8511,0.4262,0.2822,-0.745,0.1275,多周期共振看空 ⬇⬇⬇,-0.5116,-0.7038,-0.495
002920,德赛西威,530.87,True,88.98,84.82,4,4.9,-15.36,-7.41,4.9,0.001,2026-07-07,2026-07-10,53.81,0.003,0.4779,0.4176,0.393,0.9736,0.304,0.2821,-0.7857,0.1072,多周期共振看空 ⬇⬇⬇,-0.505,-0.7315,-0.5625
603867,新化股份,68.29,True,31.66,36.94,11,6.37,-17.12,-2.86,-14.3,0.0,2026-07-10,2026-07-10,31.26,0.2883,-0.0757,0.7764,0.3427,0.4726,0.0,0.2819,0.1395,0.5697,上升趋势中的日线回调（关注买点）,-0.344,0.4262,0.3375
002065,东华软件,208.21,True,7.16,7.11,4,1.29,-10.47,-2.78,0.72,0.0686,2026-07-09,2026-07-10,42.68,0.2878,-0.0299,0.3365,0.3608,0.7263,0.4391,0.2816,-0.7118,0.1441,多周期共振看空 ⬇⬇⬇,-0.3791,-0.6769,-0.5625
605398,新炬网络,33.98,True,20.88,20.87,2,0.66,-14.56,-7.5,0.05,0.0,2026-07-09,2026-07-10,42.57,0.7778,-0.3778,0.3794,0.5155,0.7239,0.3676,0.2814,-0.7362,0.1319,多周期共振看空 ⬇⬇⬇,-0.3781,-0.7315,-0.5625
601686,友发集团,74.12,True,5.01,5.0,4,0.97,-6.42,-2.82,0.15,0.0788,2026-07-09,2026-07-10,45.88,0.2923,-0.4498,0.2389,0.1955,0.7974,0.6018,0.2814,-0.6889,0.1556,多周期共振看空 ⬇⬇⬇,-0.2351,-0.75,-0.5625
002283,天润工业,93.26,True,9.3,9.87,5,5.74,-19.04,-5.53,-5.8,0.0,2026-07-10,2026-07-10,29.11,0.6487,-0.1921,0.7446,0.5124,0.4246,0.0,0.2813,-0.0786,0.4607,月线看多，中短期调整中,-0.4686,-0.1525,0.18
600215,派斯林,27.46,True,6.01,6.15,3,10.46,-9.97,-3.43,-2.35,0.0,2026-07-10,2026-07-10,47.19,0.6105,0.0385,0.6153,0.5817,0.8265,0.0,0.2813,-0.6722,0.1639,多周期共振看空 ⬇⬇⬇,-0.3245,-0.6368,-0.5625
600469,风神股份,39.39,True,5.4,5.48,1,2.32,-8.86,-3.39,-1.46,0.0,2026-07-10,2026-07-10,46.15,-0.1334,0.6419,0.3573,0.4,0.8034,0.4044,0.2812,-0.678,0.161,多周期共振看空 ⬇⬇⬇,-0.3399,-0.7038,-0.495
603058,永吉股份,36.91,True,8.9,9.2,2,0.22,-9.37,-4.9,-3.31,0.0,2026-07-10,2026-07-10,34.56,0.7876,-0.033,0.4741,0.6593,0.5458,0.2098,0.2811,-0.629,0.1855,多周期共振看空 ⬇⬇⬇,-0.4625,-0.6485,-0.3375
600151,航天机电,161.64,True,11.27,11.27,0,-0.03,-17.77,-8.21,-0.03,0.0,2026-07-10,2026-07-10,43.76,0.2447,1.7399,0.5936,0.5468,0.7503,0.0106,0.2809,-0.5363,0.2319,多周期共振看空 ⬇⬇⬇,-0.3784,-0.5169,-0.3375
001258,立新能源,62.35,True,6.68,7.15,0,-6.49,-21.09,-15.26,-6.58,0.0,2026-07-10,2026-07-10,28.65,0.8263,-0.5701,0.3024,0.4958,0.4146,0.4959,0.2806,-0.4424,0.2788,多周期共振看空 ⬇⬇⬇,-0.5755,-0.209,-0.27
603733,仙鹤股份,154.82,True,21.37,25.48,14,20.74,-16.12,1.8,-16.12,0.0,2026-07-10,2026-07-10,32.58,0.6147,-0.4064,0.8496,0.4063,0.5018,0.0,0.2802,-0.0107,0.4946,月线压制，周线反弹受阻,-0.215,0.2656,-0.1575
002380,科远智慧,45.32,True,31.87,35.27,0,-2.71,-13.75,-7.77,-9.63,0.0,2026-07-10,2026-07-10,26.42,0.6472,-0.5299,0.4574,0.3883,0.365,0.2377,0.2799,-0.0099,0.495,多周期方向不一致，观望,-0.5247,-0.0437,0.45
600072,中船科技,96.53,True,8.91,8.95,0,-0.4,-16.39,-10.38,-0.4,0.0,2026-07-10,2026-07-10,42.01,0.3875,0.8746,0.5113,0.6325,0.7113,0.1479,0.2799,-0.745,0.1275,多周期共振看空 ⬇⬇⬇,-0.6205,-0.5429,-0.5625
600580,卧龙电驱,524.14,True,33.65,34.51,3,7.92,-14.3,-6.61,-2.5,0.0,2026-07-10,2026-07-10,43.0,0.5396,0.1594,0.6365,0.5875,0.7334,0.0,0.2798,-0.5819,0.2091,多周期共振看空 ⬇⬇⬇,-0.3906,-0.3815,-0.5625
002658,雪迪龙,26.1,True,7.28,8.0,10,5.4,-11.2,-1.14,-9.05,0.0,2026-07-10,2026-07-10,39.5,0.5815,-0.1733,0.4248,0.4796,0.6556,0.292,0.2795,-0.5515,0.2243,多周期共振看空 ⬇⬇⬇,-0.3064,-0.6119,-0.3375
000409,云鼎科技,49.01,True,8.3,8.53,0,-2.69,-9.8,-6.36,-2.69,0.0,2026-07-10,2026-07-10,36.22,0.254,0.8259,0.3002,0.5524,0.5828,0.4997,0.2794,-0.7478,0.1261,多周期共振看空 ⬇⬇⬇,-0.625,-0.5452,-0.5625
002242,九阳股份,61.47,True,8.07,8.23,0,-0.07,-10.65,-4.31,-1.95,0.0,2026-07-10,2026-07-10,40.0,0.5891,-0.2855,0.2757,0.4392,0.6667,0.5405,0.2788,-0.7049,0.1476,多周期共振看空 ⬇⬇⬇,-0.4856,-0.5706,-0.5625
605158,华达新材,32.63,True,6.38,6.56,8,5.02,-11.46,-2.14,-2.78,0.0176,2026-07-10,2026-07-10,42.78,0.56,-0.3284,0.3872,0.4047,0.7284,0.3547,0.2787,-0.6179,0.191,多周期共振看空 ⬇⬇⬇,-0.2225,-0.6047,-0.5625
603100,川仪股份,90.59,True,17.71,17.62,6,3.08,-8.9,-3.47,0.48,0.053,2026-07-09,2026-07-10,48.21,0.0487,0.1953,0.4045,0.3073,0.8491,0.3258,0.2784,-0.6717,0.1642,多周期共振看空 ⬇⬇⬇,-0.2234,-0.7223,-0.5625
002823,凯中精密,30.16,True,13.78,15.27,1,3.71,-19.97,-9.62,-9.77,0.0,2026-07-10,2026-07-10,29.87,0.8224,-0.7611,0.483,0.4934,0.4416,0.1949,0.2783,-0.2487,0.3756,多周期方向不一致，观望,-0.561,-0.1173,-0.495
603175,超颖电子,36.84,True,81.02,88.85,10,16.65,-11.26,-0.49,-8.81,0.0,2026-07-10,2026-07-10,25.67,0.6662,-0.0684,0.7204,0.5723,0.3483,0.0,0.2783,-0.1071,0.4465,周线日线方向不一致,-0.1947,-0.1391,
002383,合众思壮,52.86,True,7.14,6.98,2,2.24,-11.01,-5.95,2.24,0.0,2026-07-09,2026-07-10,50.2,0.0685,2.1182,0.4232,0.4411,0.8934,0.2946,0.2781,-0.7884,0.1058,多周期共振看空 ⬇⬇⬇,-0.607,-0.65,-0.5625
601015,陕西黑猫,62.09,True,3.04,3.06,0,-0.51,-16.43,-10.01,-0.51,0.0,2026-07-10,2026-07-10,43.75,0.7261,-0.2991,0.4035,0.516,0.75,0.3274,0.2779,-0.7644,0.1178,多周期共振看空 ⬇⬇⬇,-0.5935,-0.6762,-0.495
603406,天富龙,9.46,True,25.79,26.91,0,-1.74,-9.6,-5.32,-4.17,0.0,2026-07-10,2026-07-10,30.78,0.477,0.4746,0.2972,0.676,0.4618,0.5047,0.2778,-0.8173,0.0913,周线日线共振看空,-0.6006,-0.75,
600587,新华医疗,0.0,True,12.02,12.11,2,1.5,-8.0,-3.27,-0.75,0.0014,2026-07-10,2026-07-10,51.57,-0.2226,0.3762,0.3515,0.3505,0.9238,0.4142,0.2777,-0.7828,0.1086,多周期共振看空 ⬇⬇⬇,-0.476,-0.75,-0.5625
002420,毅昌科技,21.65,True,5.35,5.56,2,4.36,-10.65,-4.1,-3.79,0.0,2026-07-10,2026-07-10,46.12,0.5394,0.2907,0.563,0.6399,0.8027,0.0616,0.2776,-0.8159,0.0921,多周期共振看空 ⬇⬇⬇,-0.6255,-0.6946,-0.5625
603158,腾龙股份,55.56,True,11.32,12.3,0,-4.47,-15.3,-10.24,-7.96,0.0,2026-07-10,2026-07-10,32.03,0.5617,-0.4545,0.5266,0.3553,0.4896,0.1223,0.2775,-0.0335,0.4833,月线看多，中短期调整中,-0.5209,-0.1629,0.45
002312,川发龙蟒,154.28,True,8.19,9.15,12,15.54,-11.23,0.98,-10.51,0.0,2026-07-10,2026-07-10,37.05,0.6467,0.351,0.6699,0.7284,0.601,0.0,0.2775,-0.6666,0.1667,多周期共振看空 ⬇⬇⬇,-0.2534,-0.6854,-0.5625
600740,山西焦化,85.57,True,3.34,3.41,0,-1.26,-13.03,-6.58,-1.97,0.0,2026-07-10,2026-07-10,40.66,0.7817,-0.3444,0.3868,0.5313,0.6813,0.3554,0.2772,-0.7344,0.1328,多周期共振看空 ⬇⬇⬇,-0.5275,-0.6669,-0.495
603062,麦加芯彩,14.42,True,38.9,40.66,4,1.38,-9.28,-4.34,-4.32,0.0,2026-07-10,2026-07-10,40.59,0.1524,0.8019,0.3587,0.4914,0.6798,0.4021,0.277,-0.7077,0.1462,多周期共振看空 ⬇⬇⬇,-0.5897,-0.4875,-0.5625
000710,贝瑞基因,25.8,True,7.83,7.8,3,1.76,-12.4,-5.42,0.32,0.0,2026-07-09,2026-07-10,48.53,0.0491,2.0384,0.4723,0.4295,0.8563,0.2128,0.277,-0.6691,0.1654,多周期共振看空 ⬇⬇⬇,-0.4351,-0.5351,-0.5625
000570,苏常柴Ａ,27.01,True,4.86,4.94,0,-0.77,-10.89,-6.21,-1.54,0.0,2026-07-10,2026-07-10,41.35,-0.1355,0.4272,0.2786,0.3709,0.6966,0.5356,0.2768,-0.6434,0.1783,多周期共振看空 ⬇⬇⬇,-0.5351,-0.3929,-0.5625
002564,天沃科技,37.19,True,4.33,4.48,0,-2.73,-11.33,-7.52,-3.38,0.0,2026-07-10,2026-07-10,42.74,0.3396,0.3948,0.3948,0.5617,0.7276,0.342,0.2768,-0.8308,0.0846,多周期共振看空 ⬇⬇⬇,-0.6205,-0.7315,-0.5625
603059,倍加洁,24.7,True,24.59,25.36,2,0.87,-8.13,-4.17,-3.04,0.0,2026-07-10,2026-07-10,43.79,0.4485,0.029,0.385,0.4807,0.7509,0.3583,0.2767,-0.7431,0.1285,多周期共振看空 ⬇⬇⬇,-0.5389,-0.6762,-0.495
603035,常熟汽饰,39.53,True,10.79,11.01,2,1.92,-8.93,-4.5,-1.97,0.0,2026-07-10,2026-07-10,47.48,-0.1642,0.6901,0.3112,0.4,0.8329,0.4813,0.2765,-0.8127,0.0937,多周期共振看空 ⬇⬇⬇,-0.5526,-0.75,-0.5625
002560,通达股份,43.45,True,6.86,7.71,1,0.29,-13.15,-8.05,-11.08,0.0,2026-07-10,2026-07-10,23.37,0.467,-0.08,0.4001,0.4482,0.2971,0.3331,0.2765,-0.1279,0.436,月线看多，中短期调整中,-0.6537,-0.2287,0.18
003025,思进智能,29.43,True,13.0,14.91,9,13.85,-16.55,-1.99,-12.82,0.0,2026-07-10,2026-07-10,26.55,0.7239,-0.2683,0.567,0.527,0.3679,0.055,0.2765,-0.1169,0.4415,多周期方向不一致，观望,-0.2692,0.0995,-0.3825
600588,用友网络,330.42,True,9.67,9.48,1,1.96,-14.09,-6.26,1.96,0.0,2026-07-09,2026-07-10,44.81,0.1952,0.2456,0.3893,0.4154,0.7734,0.3511,0.2763,-0.6636,0.1682,多周期共振看空 ⬇⬇⬇,-0.3917,-0.5602,-0.5625
002218,拓日新能,51.76,True,3.73,3.91,0,-4.66,-12.06,-8.57,-4.66,0.0,2026-07-10,2026-07-10,33.98,0.4436,0.2293,0.3155,0.5579,0.5329,0.4742,0.2763,-0.7008,0.1496,多周期共振看空 ⬇⬇⬇,-0.625,-0.6669,-0.3375
600992,贵绳股份,26.1,True,10.65,9.33,2,14.11,-17.92,-11.82,14.11,0.0,2026-07-08,2026-07-10,62.56,0.5267,0.2901,0.6604,0.6321,0.8321,0.0,0.2762,-0.8003,0.0998,多周期共振看空 ⬇⬇⬇,-0.5425,-0.7315,-0.5625
002401,中远海科,43.37,True,11.68,12.15,1,0.25,-8.09,-4.62,-3.88,0.0,2026-07-10,2026-07-10,26.49,0.7593,0.165,0.281,0.7216,0.3665,0.5317,0.2761,-0.8106,0.0947,多周期共振看空 ⬇⬇⬇,-0.5473,-0.75,-0.5625
002151,北斗星通,144.4,True,32.61,32.08,1,1.65,-10.17,-5.04,1.65,0.0,2026-07-09,2026-07-10,47.72,0.0484,2.0403,0.4896,0.4291,0.8381,0.1841,0.2761,-0.6306,0.1847,多周期共振看空 ⬇⬇⬇,-0.5877,-0.5447,-0.3375
600271,航天信息,127.11,True,6.86,6.78,1,1.11,-9.71,-4.92,1.11,0.0006,2026-07-09,2026-07-10,45.03,0.1259,2.2072,0.3524,0.4755,0.7784,0.4127,0.2759,-0.8195,0.0902,多周期共振看空 ⬇⬇⬇,-0.5917,-0.7315,-0.5625
600615,鑫源智造,21.15,True,9.39,9.65,4,6.9,-13.19,-3.75,-2.71,0.0,2026-07-10,2026-07-10,36.39,0.8226,-0.0149,0.6868,0.6876,0.5864,0.0,0.2754,-0.6008,0.1996,多周期共振看空 ⬇⬇⬇,-0.3039,-0.4975,-0.5625
605318,法狮龙,114.14,True,90.78,115.98,13,30.35,-24.57,5.19,-21.72,0.0,2026-07-10,2026-07-10,21.58,0.6288,-0.6453,0.6516,0.3773,0.2573,0.0,0.2753,0.2899,0.645,上升趋势中的日线回调（关注买点）,-0.2179,0.7113,0.45
000837,秦川机床,107.99,True,10.72,11.55,7,4.26,-11.42,-3.0,-7.16,0.0,2026-07-10,2026-07-10,40.52,0.5415,-0.6371,0.5447,0.3249,0.6781,0.0921,0.2751,-0.2061,0.397,多周期方向不一致，观望,-0.422,0.0182,-0.5625
603016,新宏泰,45.69,True,30.84,34.36,0,-4.26,-17.01,-10.6,-10.24,0.0,2026-07-10,2026-07-10,27.47,0.6527,-0.3943,0.4497,0.4339,0.3883,0.2505,0.275,-0.1603,0.4199,月线看多，中短期调整中,-0.7785,-0.276,0.18
002865,钧达股份,128.0,True,55.94,59.21,0,-5.53,-23.15,-13.63,-5.53,0.0,2026-07-10,2026-07-10,37.74,0.565,0.31,0.6523,0.663,0.6165,0.0,0.2749,-0.6012,0.1994,多周期共振看空 ⬇⬇⬇,-0.5345,-0.5256,-0.3375
003010,若羽臣,51.31,True,22.69,23.77,5,5.43,-8.62,-2.47,-4.56,0.0,2026-07-10,2026-07-10,44.11,0.4753,-0.0265,0.437,0.4746,0.7581,0.2717,0.2745,-0.6907,0.1547,多周期共振看空 ⬇⬇⬇,-0.2937,-0.7038,-0.5625
002931,锋龙股份,118.02,True,58.64,69.02,16,21.84,-15.04,6.1,-15.04,0.0311,2026-07-10,2026-07-10,37.14,0.3798,-0.3877,1.0668,0.2728,0.6031,0.0,0.2745,-0.039,0.4805,多周期方向不一致，观望,-0.0367,0.1975,-0.3375
603611,诺力股份,43.87,True,17.03,17.11,4,5.3,-8.61,-2.65,-0.49,0.0222,2026-07-10,2026-07-10,45.94,0.5065,-0.3266,0.3715,0.3733,0.7987,0.3809,0.2743,-0.7195,0.1402,多周期共振看空 ⬇⬇⬇,-0.3135,-0.75,-0.5625
603008,ST喜临门,29.91,True,8.12,8.49,6,5.07,-10.3,-3.54,-4.34,0.0,2026-07-10,2026-07-10,41.04,0.8103,-0.4533,0.3733,0.5048,0.6897,0.3779,0.2742,-0.7445,0.1277,多周期共振看空 ⬇⬇⬇,-0.3885,-0.7408,-0.5625
000957,中通客车,55.26,True,9.32,9.8,1,1.22,-7.37,-3.26,-4.87,0.0,2026-07-10,2026-07-10,35.62,0.6201,-0.1437,0.3082,0.5146,0.5693,0.4864,0.2741,-0.7029,0.1486,多周期共振看空 ⬇⬇⬇,-0.5678,-0.4956,-0.5625
601608,中信重工,0.0,True,5.04,4.92,1,2.5,-9.85,-6.12,2.5,0.0,2026-07-09,2026-07-10,46.51,0.2309,1.1998,0.4953,0.5385,0.8114,0.1745,0.2741,-0.7823,0.1089,多周期共振看空 ⬇⬇⬇,-0.575,-0.7315,-0.495
600458,时代新材,109.61,True,12.62,15.9,17,26.62,-20.63,6.88,-20.63,0.0,2026-07-10,2026-07-10,31.14,0.5653,-0.4036,0.8373,0.3777,0.4698,0.0,0.2739,0.0234,0.5117,多周期方向不一致，观望,0.0621,0.2748,-0.225
002722,物产金轮,26.91,True,12.1,12.16,1,0.67,-9.78,-4.88,-0.45,0.0,2026-07-10,2026-07-10,41.8,-0.3137,0.5749,0.2757,0.4,0.7066,0.5405,0.2739,-0.7291,0.1355,多周期共振看空 ⬇⬇⬇,-0.4708,-0.6363,-0.5625
605066,天正电气,32.16,True,6.4,6.83,6,5.07,-13.84,-2.82,-6.25,0.0,2026-07-10,2026-07-10,36.65,0.7256,-0.1465,0.4737,0.5768,0.5923,0.2106,0.2739,-0.6104,0.1948,多周期共振看空 ⬇⬇⬇,-0.3826,-0.6762,-0.3375
002374,中锐股份,32.66,True,3.01,3.26,8,5.84,-9.78,-3.44,-7.6,0.0,2026-07-10,2026-07-10,43.62,0.7021,-0.6446,0.5639,0.4212,0.7472,0.0602,0.2739,-0.4278,0.2861,多周期共振看空 ⬇⬇⬇,-0.4382,-0.2272,-0.3375
600807,济高发展,19.12,True,2.43,2.43,0,-0.08,-11.4,-6.51,-0.08,0.0,2026-07-10,2026-07-10,45.98,0.2525,0.3533,0.4464,0.4928,0.7995,0.256,0.2735,-0.7647,0.1176,多周期共振看空 ⬇⬇⬇,-0.4403,-0.7408,-0.5625
601882,海天精工,99.81,True,19.12,20.04,5,5.27,-9.46,-3.47,-4.61,0.0,2026-07-10,2026-07-10,43.62,0.1622,-0.2116,0.5664,0.2127,0.7472,0.0561,0.2735,-0.094,0.453,月线看多，中短期调整中,-0.4921,-0.2033,0.1777
603636,南威软件,46.14,True,7.95,8.4,0,-0.24,-12.8,-7.31,-5.32,0.0,2026-07-10,2026-07-10,26.01,0.7452,0.4561,0.4952,0.8296,0.3557,0.1747,0.2734,-0.7069,0.1466,多周期共振看空 ⬇⬇⬇,-0.6249,-0.4555,-0.5625
002583,海能达,105.7,True,8.24,8.37,7,7.88,-11.69,-3.06,-1.52,0.0,2026-07-10,2026-07-10,41.35,0.8194,-0.513,0.4154,0.4916,0.6967,0.3077,0.2731,-0.6838,0.1581,多周期共振看空 ⬇⬇⬇,-0.2923,-0.6899,-0.5625
002035,华帝股份,36.05,True,4.61,4.67,0,-0.61,-7.7,-3.71,-1.24,0.0,2026-07-10,2026-07-10,42.0,-0.2221,0.6648,0.2756,0.4,0.7111,0.5407,0.273,-0.7416,0.1292,多周期共振看空 ⬇⬇⬇,-0.4886,-0.6485,-0.5625
603011,合锻智能,121.63,True,24.6,32.04,12,36.76,-23.81,6.71,-23.23,0.0,2026-07-10,2026-07-10,20.56,0.6362,-0.6602,0.9546,0.3817,0.2347,0.0,0.2727,0.2891,0.6445,上升趋势中的日线整理,-0.1169,0.401,0.45
600410,华胜天成,181.58,True,16.56,16.58,2,4.16,-15.15,-7.75,-0.1,0.0,2026-07-10,2026-07-10,34.11,0.563,0.6179,0.6661,0.7378,0.5357,0.0,0.2726,-0.6423,0.1789,多周期共振看空 ⬇⬇⬇,-0.5525,-0.6006,-0.3375
002067,景兴纸业,54.57,True,4.08,3.97,4,3.38,-16.19,-9.09,2.86,0.0,2026-07-08,2026-07-10,50.27,0.1308,2.7009,0.6689,0.4785,0.8948,0.0,0.2726,-0.6586,0.1707,多周期共振看空 ⬇⬇⬇,-0.4259,-0.5199,-0.5625
002190,成飞集成,81.68,True,22.77,24.63,1,0.64,-12.4,-6.12,-7.54,0.0,2026-07-10,2026-07-10,30.94,0.7227,1.2088,0.5899,0.8336,0.4654,0.0169,0.2725,-0.7261,0.137,多周期共振看空 ⬇⬇⬇,-0.565,-0.5491,-0.5625
000682,东方电子,161.68,True,12.06,12.62,4,6.73,-12.25,-3.36,-4.46,0.0,2026-07-10,2026-07-10,22.34,0.8584,-0.2077,0.5417,0.632,0.2743,0.0972,0.2722,-0.2405,0.3798,月线震荡，中短期走弱,-0.346,-0.4535,-0.0583
600586,金晶科技,60.8,True,4.29,4.46,0,-0.85,-12.76,-7.31,-3.7,0.0,2026-07-10,2026-07-10,37.6,0.8133,-0.3745,0.4677,0.5382,0.6133,0.2206,0.2722,-0.596,0.202,多周期共振看空 ⬇⬇⬇,-0.3773,-0.649,-0.3375
600595,中孚实业,238.07,True,5.94,5.99,0,-0.88,-15.8,-7.97,-0.88,0.0,2026-07-10,2026-07-10,39.92,0.2735,0.9737,0.6188,0.5641,0.6648,0.0,0.2722,-0.5231,0.2384,多周期共振看空 ⬇⬇⬇,-0.4088,-0.4617,-0.3375
002448,中原内配,65.71,True,11.32,12.46,5,3.64,-12.1,-3.47,-9.13,0.0,2026-07-10,2026-07-10,35.06,0.1033,0.616,0.5596,0.462,0.5568,0.0674,0.2717,-0.2879,0.356,月线震荡，中短期走弱,-0.4741,-0.4184,-0.1429
603901,永创智能,54.83,True,10.11,10.67,5,8.06,-9.12,-3.09,-5.22,0.0,2026-07-10,2026-07-10,43.33,0.3837,0.3293,0.4681,0.562,0.7407,0.2199,0.2717,-0.7903,0.1048,多周期共振看空 ⬇⬇⬇,-0.6835,-0.656,-0.495
600637,东方明珠,274.33,True,8.16,8.37,0,-2.52,-13.31,-6.85,-2.52,0.0,2026-07-10,2026-07-10,30.36,0.1922,0.8686,0.2696,0.5153,0.4524,0.5506,0.2715,-0.6359,0.182,多周期共振看空 ⬇⬇⬇,-0.5435,-0.4367,-0.495
605088,冠盛股份,57.96,True,28.81,30.09,3,2.0,-12.91,-5.48,-4.26,0.0,2026-07-10,2026-07-10,45.57,-0.0878,0.4127,0.4177,0.3651,0.7905,0.3039,0.2714,-0.6047,0.1976,多周期共振看空 ⬇⬇⬇,-0.4158,-0.4102,-0.5625
002022,科华生物,25.05,True,4.87,4.84,1,0.58,-9.87,-5.3,0.58,0.0,2026-07-09,2026-07-10,49.35,-0.1725,0.4014,0.3747,0.3606,0.8745,0.3754,0.2714,-0.7553,0.1224,多周期共振看空 ⬇⬇⬇,-0.4612,-0.7021,-0.5625
002706,良信股份,93.08,True,10.18,11.05,0,-3.47,-14.69,-9.76,-7.89,0.0,2026-07-10,2026-07-10,25.64,0.7602,-0.4509,0.5551,0.4758,0.3475,0.0749,0.2714,-0.0671,0.4664,多周期方向不一致，观望,-0.505,-0.0513,0.1894
002241,歌尔股份,709.99,True,22.57,22.56,1,0.03,-11.01,-6.38,0.03,0.0,2026-07-09,2026-07-10,44.19,0.2245,0.9629,0.5122,0.5347,0.7597,0.1463,0.2712,-0.7148,0.1426,多周期共振看空 ⬇⬇⬇,-0.6975,-0.4106,-0.5625
002705,新宝股份,90.7,True,11.23,11.34,2,1.67,-8.62,-3.92,-0.94,0.0,2026-07-10,2026-07-10,46.75,0.1425,-0.0994,0.2765,0.2457,0.8167,0.5392,0.271,-0.6363,0.1819,多周期共振看空 ⬇⬇⬇,-0.49,-0.416,-0.5625
600192,长城电工,29.42,True,6.66,6.89,5,12.31,-13.0,-5.41,-3.35,0.0,2026-07-10,2026-07-10,29.15,0.7926,1.052,0.7792,0.8756,0.4256,0.0,0.271,-0.7438,0.1281,多周期共振看空 ⬇⬇⬇,-0.6113,-0.5483,-0.5625
605151,西上海,24.77,True,18.41,18.81,2,5.14,-11.12,-6.06,-2.12,0.0,2026-07-10,2026-07-10,49.8,-0.0231,0.4414,0.6482,0.3766,0.8845,0.0,0.2708,-0.4976,0.2512,多周期共振看空 ⬇⬇⬇,-0.3441,-0.3037,-0.495
603303,得邦照明,118.28,True,24.8,27.65,9,24.88,-21.97,-0.01,-10.31,0.0,2026-07-10,2026-07-10,31.56,0.341,-0.5183,0.7193,0.2046,0.4791,0.0,0.2706,0.2622,0.6311,上升趋势中的日线回调（关注买点）,-0.3773,0.6423,0.5625
605259,绿田机械,30.72,True,17.81,18.09,5,3.08,-4.65,-1.36,-1.57,0.1028,2026-07-10,2026-07-10,44.92,0.2013,-0.4642,0.267,0.1351,0.7761,0.555,0.2705,-0.6741,0.1629,多周期共振看空 ⬇⬇⬇,-0.1972,-0.75,-0.5625
600169,ST太重,67.33,True,2.02,2.04,0,-0.98,-12.86,-5.39,-0.98,0.0,2026-07-10,2026-07-10,46.94,-0.5075,0.6214,0.3579,0.4,0.8209,0.4035,0.2702,-0.7864,0.1068,多周期共振看空 ⬇⬇⬇,-0.539,-0.7038,-0.5625
603033,三维股份,84.04,True,8.3,9.25,5,9.23,-13.14,-4.78,-10.29,0.0,2026-07-10,2026-07-10,43.94,0.4772,0.2785,0.7808,0.5977,0.7542,0.0,0.2701,-0.701,0.1495,多周期共振看空 ⬇⬇⬇,-0.7023,-0.3761,-0.5625
601778,晶科科技,147.43,True,3.96,4.4,0,-9.95,-18.25,-13.54,-9.95,0.0,2026-07-10,2026-07-10,21.68,0.5159,-0.0362,0.415,0.495,0.2595,0.3084,0.2699,-0.1911,0.4044,月线震荡，中短期走弱,-0.5525,-0.2575,0.0888
002170,芭田股份,84.3,True,10.71,11.19,5,2.11,-7.6,-2.0,-4.33,0.0,2026-07-10,2026-07-10,35.07,0.4066,0.2385,0.457,0.5394,0.5571,0.2383,0.2698,-0.5636,0.2182,多周期共振看空 ⬇⬇⬇,-0.4073,-0.5521,-0.3375
002959,小熊电器,44.9,True,32.12,32.68,2,0.63,-10.64,-5.48,-1.71,0.0,2026-07-10,2026-07-10,44.36,-0.096,0.7029,0.2807,0.4,0.7636,0.5321,0.2698,-0.8235,0.0882,多周期共振看空 ⬇⬇⬇,-0.591,-0.7408,-0.5625
002291,遥望科技,42.07,True,4.84,4.99,0,-3.09,-14.22,-8.28,-3.09,0.0,2026-07-10,2026-07-10,30.0,0.4555,0.8407,0.3377,0.6733,0.4444,0.4371,0.2697,-0.8024,0.0988,多周期共振看空 ⬇⬇⬇,-0.625,-0.6652,-0.5625
002358,森源电气,49.37,True,5.31,5.68,0,-2.09,-11.67,-6.41,-6.43,0.0,2026-07-10,2026-07-10,24.06,0.6407,0.2538,0.3678,0.686,0.3124,0.3869,0.2696,-0.6254,0.1873,多周期共振看空 ⬇⬇⬇,-0.5615,-0.5557,-0.3375
600477,杭萧钢构,56.38,True,2.39,2.41,0,-0.75,-9.8,-6.15,-0.75,0.0,2026-07-10,2026-07-10,40.0,-0.2857,1.3399,0.3091,0.4,0.6667,0.4848,0.2695,-0.6721,0.1639,多周期共振看空 ⬇⬇⬇,-0.625,-0.6039,-0.3375
603190,亚通精工,9.89,True,24.05,24.62,4,4.62,-10.05,-3.86,-2.32,0.0,2026-07-10,2026-07-10,45.41,0.1212,0.0051,0.409,0.2748,0.7869,0.3184,0.2695,-0.4828,0.2586,多周期共振看空 ⬇⬇⬇,-0.2676,-0.4943,-0.3375
601311,XD骆驼股,89.16,True,7.6,7.67,1,1.3,-10.15,-3.56,-0.93,0.0,2026-07-10,2026-07-10,40.0,0.3384,-0.0318,0.3153,0.3903,0.6667,0.4745,0.2695,-0.6479,0.176,多周期共振看空 ⬇⬇⬇,-0.4364,-0.4875,-0.5625
600742,富维股份,53.72,True,7.23,7.47,0,-1.11,-8.29,-4.2,-3.21,0.0,2026-07-10,2026-07-10,39.64,0.2215,0.3417,0.3033,0.4696,0.6588,0.4944,0.2695,-0.7815,0.1093,多周期共振看空 ⬇⬇⬇,-0.5588,-0.6762,-0.5625
002785,万里石,70.49,True,36.43,41.46,10,10.2,-15.06,-2.92,-12.13,0.0,2026-07-10,2026-07-10,36.98,0.2787,0.3034,0.5204,0.4886,0.5996,0.1326,0.2692,-0.4539,0.2731,多周期共振看空 ⬇⬇⬇,-0.4381,-0.3521,-0.27
600765,中航重机,205.86,True,13.26,13.41,2,1.06,-9.13,-3.14,-1.09,0.0,2026-07-10,2026-07-10,38.56,0.2242,1.3936,0.3822,0.5345,0.6347,0.3629,0.2692,-0.754,0.123,多周期共振看空 ⬇⬇⬇,-0.4344,-0.7223,-0.5625
001386,马可波罗,15.41,True,14.33,14.97,4,2.77,-8.02,-3.98,-4.27,0.0,2026-07-10,2026-07-10,32.8,0.4344,0.16,0.394,0.5246,0.5068,0.3433,0.2692,-0.5682,0.2159,周线日线共振看空,-0.501,-0.45,
002771,真视通,23.04,True,13.2,13.6,2,2.6,-18.69,-7.93,-2.98,0.0,2026-07-10,2026-07-10,39.65,0.478,0.1658,0.5714,0.5531,0.6589,0.0476,0.2688,-0.563,0.2185,多周期共振看空 ⬇⬇⬇,-0.3439,-0.3802,-0.5625
600549,厦门钨业,984.42,True,63.35,77.73,16,47.21,-18.5,13.48,-18.5,0.0421,2026-07-10,2026-07-10,12.85,0.2849,-0.2504,0.9387,0.2708,0.0634,0.0,0.2687,0.5394,0.7697,多周期共振看多 ⬆⬆⬆,0.2597,0.5129,0.45
603968,醋化股份,19.1,True,9.34,9.76,0,-3.97,-11.93,-8.15,-4.28,0.0,2026-07-10,2026-07-10,32.86,0.7294,-0.2479,0.3761,0.5384,0.5081,0.3731,0.2687,-0.62,0.19,多周期共振看空 ⬇⬇⬇,-0.625,-0.4894,-0.3375
603601,再升科技,121.2,True,10.61,12.47,0,-7.97,-23.42,-17.44,-14.89,0.0,2026-07-10,2026-07-10,26.52,0.6813,-0.2217,0.8203,0.5201,0.367,0.0,0.2686,-0.1236,0.4382,月线看多，中短期调整中,-0.7065,-0.1629,0.18
601500,通用股份,60.47,True,3.82,3.82,3,2.02,-8.88,-4.39,-0.12,0.0,2026-07-10,2026-07-10,50.0,0.0504,0.0151,0.2889,0.2363,0.8889,0.5186,0.2684,-0.7124,0.1438,多周期共振看空 ⬇⬇⬇,-0.4832,-0.589,-0.5625
600499,科达制造,276.75,True,14.43,14.92,6,10.66,-11.02,-1.92,-3.3,0.0,2026-07-10,2026-07-10,43.63,0.2221,0.1121,0.6389,0.3781,0.7474,0.0,0.2684,-0.3546,0.3227,多周期共振看空 ⬇⬇⬇,-0.1922,-0.3429,-0.2718
001396,誉帆科技,8.02,True,35.29,37.01,0,-1.66,-13.92,-8.41,-4.66,0.0,2026-07-10,2026-07-10,35.42,-0.0171,0.0804,0.3949,0.2322,0.5648,0.3418,0.2682,-0.1767,0.4117,周线日线方向不一致,-0.589,0.0,
603328,依顿电子,108.73,True,10.89,12.9,10,15.19,-16.64,-1.25,-15.6,0.0,2026-07-10,2026-07-10,23.68,0.8388,-0.6523,0.6888,0.5033,0.3041,0.0,0.2682,-0.0248,0.4876,多周期方向不一致，观望,-0.2924,-0.0537,0.1954
002474,榕基软件,30.62,True,5.79,6.08,0,-1.68,-15.78,-8.87,-4.83,0.0,2026-07-10,2026-07-10,31.71,0.572,0.3663,0.4162,0.6897,0.4824,0.3064,0.2681,-0.783,0.1085,多周期共振看空 ⬇⬇⬇,-0.566,-0.6733,-0.5625
603215,比依股份,27.05,True,14.45,14.67,3,1.94,-10.7,-4.19,-1.52,0.0,2026-07-10,2026-07-10,37.53,0.5366,-0.1601,0.3195,0.4579,0.6119,0.4674,0.268,-0.6971,0.1514,多周期共振看空 ⬇⬇⬇,-0.3214,-0.6941,-0.5625
603187,海容冷链,45.65,True,11.94,11.98,3,2.24,-8.28,-2.72,-0.31,0.045,2026-07-10,2026-07-10,48.14,-0.1873,-0.0082,0.2944,0.1967,0.8475,0.5093,0.2679,-0.7043,0.1478,多周期共振看空 ⬇⬇⬇,-0.3176,-0.7131,-0.5625
600356,恒丰纸业,23.75,True,7.95,7.9,2,2.23,-8.88,-4.67,0.62,0.0,2026-07-09,2026-07-10,49.23,-0.1059,0.0896,0.3174,0.2358,0.8718,0.471,0.2679,-0.6574,0.1713,多周期共振看空 ⬇⬇⬇,-0.4512,-0.4956,-0.5625
002161,远 望 谷,39.05,True,5.28,5.63,4,2.81,-12.84,-5.15,-6.15,0.0,2026-07-10,2026-07-10,34.47,0.7395,0.374,0.6785,0.7933,0.5437,0.0,0.2677,-0.7802,0.1099,多周期共振看空 ⬇⬇⬇,-0.5124,-0.7131,-0.5625
002664,信质集团,71.3,True,17.71,18.35,4,7.98,-14.64,-3.71,-3.48,0.0,2026-07-10,2026-07-10,43.51,0.598,0.0101,0.681,0.5628,0.7447,0.0,0.2675,-0.6542,0.1729,多周期共振看空 ⬇⬇⬇,-0.3347,-0.5885,-0.5625
002817,黄山胶囊,17.72,True,6.11,6.14,1,0.0,-9.43,-5.83,-0.55,0.0,2026-07-10,2026-07-10,45.25,-0.3995,0.814,0.3629,0.4,0.7834,0.3952,0.2673,-0.7576,0.1212,多周期共振看空 ⬇⬇⬇,-0.5425,-0.6375,-0.5625
002406,远东传动,39.2,True,6.51,6.67,1,1.36,-13.27,-7.53,-2.33,0.0,2026-07-10,2026-07-10,39.15,0.6377,-0.3515,0.3669,0.442,0.6479,0.3884,0.2673,-0.6568,0.1716,多周期共振看空 ⬇⬇⬇,-0.568,-0.3942,-0.5625
000503,国新健康,62.67,True,6.4,6.57,1,1.84,-10.4,-4.59,-2.59,0.0,2026-07-10,2026-07-10,35.67,0.4885,0.1276,0.3629,0.5441,0.5705,0.3952,0.267,-0.7354,0.1323,多周期共振看空 ⬇⬇⬇,-0.365,-0.7408,-0.5625
000030,富奥股份,66.5,True,3.98,4.05,0,-0.74,-7.79,-4.64,-1.69,0.0,2026-07-10,2026-07-10,39.44,0.6526,-0.7956,0.2322,0.3915,0.6541,0.613,0.267,-0.7658,0.1171,多周期共振看空 ⬇⬇⬇,-0.4539,-0.7315,-0.5625
002255,海陆重工,53.91,True,8.45,9.28,8,4.94,-11.26,-2.85,-8.91,0.0,2026-07-10,2026-07-10,36.54,0.6429,0.2899,0.6116,0.7017,0.5899,0.0,0.2669,-0.6956,0.1522,多周期共振看空 ⬇⬇⬇,-0.558,-0.7131,-0.3375
600252,中恒集团,62.73,True,1.97,1.92,1,2.52,-15.09,-6.75,2.52,0.0,2026-07-09,2026-07-10,53.33,-0.2956,1.7344,0.4889,0.4,0.963,0.1851,0.2669,-0.8088,0.0956,多周期共振看空 ⬇⬇⬇,-0.5425,-0.75,-0.5625
600080,ST金花,17.8,True,4.77,4.71,6,4.45,-13.15,-6.28,1.2,0.0,2026-07-09,2026-07-10,56.57,0.4272,-0.3355,0.4678,0.3221,0.9651,0.2203,0.2669,-0.7144,0.1428,多周期共振看空 ⬇⬇⬇,-0.3759,-0.6854,-0.5625
600666,奥瑞德,91.83,True,3.67,4.16,3,4.94,-18.21,-8.23,-11.76,0.0,2026-07-10,2026-07-10,19.65,0.6855,0.1244,0.5287,0.6611,0.2145,0.1188,0.2663,-0.2799,0.36,月线震荡，中短期走弱,-0.7417,-0.3325,0.0273
002351,漫步者,48.88,True,9.38,9.58,0,-2.12,-11.7,-6.96,-2.12,0.0,2026-07-10,2026-07-10,38.87,0.6022,-0.1106,0.3482,0.5171,0.6415,0.4196,0.2661,-0.8038,0.0981,多周期共振看空 ⬇⬇⬇,-0.616,-0.6762,-0.5625
000901,航天科技,143.12,True,17.93,17.61,2,1.83,-10.88,-4.68,1.83,0.0106,2026-07-09,2026-07-10,49.32,0.1632,2.1946,0.5931,0.4979,0.8738,0.0115,0.266,-0.7523,0.1239,多周期共振看空 ⬇⬇⬇,-0.5518,-0.6854,-0.495
002382,蓝帆医疗,52.28,True,5.24,5.34,0,-1.96,-12.64,-8.2,-1.96,0.0,2026-07-10,2026-07-10,45.71,0.188,-0.0308,0.3589,0.3005,0.7937,0.4019,0.266,-0.627,0.1865,多周期共振看空 ⬇⬇⬇,-0.6115,-0.5163,-0.3375
000910,大亚圣象,29.38,True,5.37,5.46,0,-1.73,-12.09,-7.28,-1.73,0.0,2026-07-10,2026-07-10,43.48,-0.5951,0.541,0.2963,0.4,0.744,0.5062,0.2659,-0.8105,0.0948,多周期共振看空 ⬇⬇⬇,-0.547,-0.75,-0.5625
601112,振石股份,28.15,True,15.88,17.31,7,6.2,-8.62,-2.18,-8.27,0.0,2026-07-10,2026-07-10,30.25,0.8174,-0.4885,0.5468,0.4951,0.4501,0.0886,0.2658,-0.2763,0.3619,周线日线方向不一致,-0.425,,
002998,优彩资源,19.29,True,7.13,7.08,4,5.74,-13.31,-6.7,0.67,0.0,2026-07-09,2026-07-10,47.85,0.0491,0.7727,0.6028,0.4295,0.8412,0.0,0.2656,-0.5718,0.2141,多周期共振看空 ⬇⬇⬇,-0.556,-0.2852,-0.495
002491,通鼎互联,259.76,True,22.08,28.76,14,40.53,-23.23,6.11,-23.23,0.0,2026-07-10,2026-07-10,24.02,0.1471,-0.3501,1.0922,0.1482,0.3115,0.0,0.2656,0.5135,0.7568,上升趋势中的日线整理,0.0248,0.75,0.5625
002136,安 纳 达,25.69,True,11.98,13.15,11,7.43,-12.83,-0.95,-8.87,0.0,2026-07-10,2026-07-10,18.4,0.7932,0.1005,0.5854,0.7161,0.1866,0.0244,0.2656,-0.2648,0.3676,多周期共振看空 ⬇⬇⬇,-0.2223,-0.2396,-0.1519
603528,多伦科技,42.0,True,5.95,6.21,0,-2.07,-11.46,-7.5,-4.23,0.0,2026-07-10,2026-07-10,35.59,0.5939,0.4389,0.5204,0.7319,0.5687,0.1327,0.2653,-0.8374,0.0813,多周期共振看空 ⬇⬇⬇,-0.616,-0.75,-0.5625
601208,东材科技,551.66,True,54.61,67.45,15,33.11,-19.03,8.64,-19.03,0.0,2026-07-10,2026-07-10,22.95,0.1203,-0.296,0.8942,0.1538,0.2878,0.0,0.265,0.5283,0.7641,上升趋势中的日线整理,0.0698,0.75,0.5625
002095,生 意 宝,32.8,True,13.03,13.28,2,3.59,-8.6,-3.66,-1.86,0.0,2026-07-10,2026-07-10,29.86,0.5643,0.8471,0.4468,0.7386,0.4412,0.2553,0.265,-0.7955,0.1023,多周期共振看空 ⬇⬇⬇,-0.5084,-0.75,-0.5625
603306,华懋科技,294.77,True,89.46,103.14,9,9.92,-13.27,-2.22,-13.27,0.0,2026-07-10,2026-07-10,30.77,0.3435,-0.1537,0.6159,0.3446,0.4615,0.0,0.265,0.0152,0.5076,多周期方向不一致，观望,-0.358,-0.0763,0.45
600456,宝钛股份,132.82,True,27.8,28.48,2,4.08,-12.55,-5.66,-2.38,0.0,2026-07-10,2026-07-10,31.8,0.5533,1.6246,0.5713,0.732,0.4845,0.0478,0.2649,-0.6714,0.1643,多周期共振看空 ⬇⬇⬇,-0.3955,-0.6416,-0.495
603007,顺景科技,36.56,True,5.26,5.82,8,14.78,-18.87,-3.48,-9.61,0.0,2026-07-10,2026-07-10,35.44,0.7468,-0.1617,0.7892,0.5834,0.5654,0.0,0.2648,-0.4932,0.2534,多周期共振看空 ⬇⬇⬇,-0.3839,-0.4875,-0.2675
603225,新凤鸣,293.66,True,17.6,20.33,15,16.88,-13.41,3.96,-13.41,0.0025,2026-07-10,2026-07-10,32.84,0.3051,-0.2901,0.8404,0.267,0.5075,0.0,0.2648,0.0762,0.5381,多周期方向不一致，观望,0.0605,0.3302,-0.0469
002877,智能自控,17.12,True,7.12,7.35,0,-2.63,-9.97,-6.38,-3.1,0.0,2026-07-10,2026-07-10,38.07,0.8453,-0.6551,0.3228,0.5072,0.6237,0.462,0.2644,-0.8147,0.0927,多周期共振看空 ⬇⬇⬇,-0.6115,-0.7038,-0.5625
601231,环旭电子,725.28,True,30.36,33.11,0,-5.16,-20.2,-11.21,-8.32,0.0,2026-07-10,2026-07-10,33.1,0.4976,-0.2447,0.7935,0.4006,0.5133,0.0,0.2642,-0.1437,0.4282,月线看多，中短期调整中,-0.72,-0.2471,0.18
600570,恒生电子,403.73,True,21.32,21.77,2,0.99,-13.89,-5.06,-2.07,0.0,2026-07-10,2026-07-10,33.28,0.4631,0.8044,0.4811,0.6778,0.5174,0.1981,0.264,-0.7522,0.1239,多周期共振看空 ⬇⬇⬇,-0.4406,-0.7131,-0.5625
002677,浙江美大,39.87,True,7.23,6.16,2,17.47,-15.04,-7.78,17.47,0.0873,2026-07-07,2026-07-09,68.14,0.1644,1.7717,0.7096,0.4986,0.7081,0.0,0.264,-0.7453,0.1274,多周期共振看空 ⬇⬇⬇,-0.5448,-0.676,-0.495
601700,风范股份,50.9,True,4.47,4.57,0,-1.74,-12.29,-6.89,-2.2,0.0,2026-07-10,2026-07-10,40.5,0.1814,0.1906,0.3814,0.3851,0.6777,0.3644,0.264,-0.6087,0.1956,多周期共振看空 ⬇⬇⬇,-0.5845,-0.4993,-0.3375
603421,鼎信通讯,38.81,True,5.95,6.25,0,-2.45,-13.36,-7.76,-4.78,0.0,2026-07-10,2026-07-10,33.33,0.3686,0.3435,0.3499,0.5585,0.5185,0.4168,0.264,-0.7371,0.1315,多周期共振看空 ⬇⬇⬇,-0.625,-0.5893,-0.495
002709,天赐材料,0.0,True,40.06,50.86,11,10.2,-21.24,-1.59,-21.24,0.0,2026-07-10,2026-07-10,24.58,0.1319,0.7083,0.8363,0.4792,0.3241,0.0,0.2639,-0.0444,0.4778,月线看多，中短期调整中,-0.3658,-0.1906,0.2925
600037,歌华有线,88.38,True,6.35,6.44,0,-1.35,-10.86,-4.88,-1.35,0.0,2026-07-10,2026-07-10,36.43,0.038,0.6082,0.2485,0.4228,0.5874,0.5859,0.2638,-0.7394,0.1303,多周期共振看空 ⬇⬇⬇,-0.5618,-0.581,-0.5625
600346,恒力石化,1111.47,True,15.79,17.75,14,7.53,-11.02,0.14,-11.02,0.0,2026-07-10,2026-07-10,29.57,0.4857,1.5787,0.7241,0.6914,0.4349,0.0,0.2634,-0.5208,0.2396,多周期共振看空 ⬇⬇⬇,-0.1636,-0.6669,-0.3375
601179,中国西电,687.89,True,13.42,14.79,6,7.96,-15.83,-4.19,-9.27,0.0,2026-07-10,2026-07-10,12.81,0.7381,0.1782,0.7558,0.7142,0.0624,0.0,0.2633,-0.111,0.4445,月线看多，中短期调整中,-0.4169,-0.351,0.18
600468,百利电气,57.11,True,5.25,5.62,2,2.81,-15.11,-7.0,-6.5,0.0,2026-07-10,2026-07-10,38.79,0.4299,0.4597,0.5573,0.6418,0.6398,0.0711,0.2631,-0.747,0.1265,多周期共振看空 ⬇⬇⬇,-0.765,-0.6485,-0.3375
600526,菲达环保,37.19,True,4.26,4.29,0,-0.66,-8.19,-4.85,-0.66,0.0,2026-07-10,2026-07-10,38.89,0.2105,0.1352,0.2311,0.3804,0.642,0.6148,0.2631,-0.7658,0.1171,多周期共振看空 ⬇⬇⬇,-0.5076,-0.6854,-0.5625
002413,雷科防务,124.62,True,9.62,9.73,1,0.17,-11.65,-5.28,-1.1,0.0,2026-07-10,2026-07-10,45.73,0.0758,2.046,0.5648,0.4455,0.794,0.0586,0.2628,-0.6098,0.1951,多周期共振看空 ⬇⬇⬇,-0.4025,-0.6577,-0.3375
002328,新朋股份,41.9,True,7.34,7.62,0,-1.5,-17.76,-9.16,-3.67,0.0,2026-07-10,2026-07-10,36.54,0.1314,-0.3832,0.3635,0.1256,0.5897,0.3942,0.2627,-0.122,0.439,月线看多，中短期调整中,-0.589,-0.2563,0.18
605299,舒华体育,51.37,True,12.6,13.84,0,-7.21,-14.4,-10.45,-8.96,0.0,2026-07-10,2026-07-10,12.94,0.6907,-0.5305,0.2303,0.4144,0.0654,0.6161,0.2626,-0.1332,0.4334,月线看多，中短期调整中,-0.616,-0.2863,0.18
601126,四方股份,450.08,True,54.55,64.57,2,5.09,-17.95,-9.46,-15.52,0.0,2026-07-10,2026-07-10,21.45,0.5845,-0.1592,0.7652,0.487,0.2545,0.0,0.2625,0.0156,0.5078,多周期方向不一致，观望,-0.5608,0.0994,0.45
605222,起帆电缆,0.0,True,20.9,23.34,1,2.77,-22.97,-11.72,-10.47,0.0,2026-07-10,2026-07-10,33.62,-0.2162,0.434,0.59,0.3736,0.5249,0.0167,0.2625,-0.1411,0.4294,月线看多，中短期调整中,-0.738,-0.2194,0.18
603788,宁波高发,30.34,True,13.6,14.07,0,-0.54,-7.48,-4.87,-3.31,0.0,2026-07-10,2026-07-10,40.07,0.0997,0.2221,0.2717,0.3487,0.6682,0.5472,0.2625,-0.6977,0.1512,多周期共振看空 ⬇⬇⬇,-0.5255,-0.5205,-0.5625
603272,*ST联翔,22.88,True,22.08,26.56,0,-1.26,-34.3,-20.36,-16.86,0.0,2026-07-10,2026-07-10,29.56,-0.1344,1.9641,0.8294,0.4,0.4348,0.0,0.2623,-0.0637,0.4682,多周期方向不一致，观望,-0.579,-0.121,0.3375
601222,林洋能源,111.04,True,5.44,5.62,0,-2.02,-10.2,-6.25,-3.17,0.0,2026-07-10,2026-07-10,26.44,0.761,-0.4814,0.2434,0.4641,0.3653,0.5944,0.2623,-0.558,0.221,多周期共振看空 ⬇⬇⬇,-0.4885,-0.4702,-0.3375
002365,永安药业,25.66,True,10.46,10.69,3,1.01,-8.51,-4.11,-2.18,0.0,2026-07-10,2026-07-10,40.05,0.3132,1.5561,0.4857,0.5879,0.6678,0.1905,0.2622,-0.7965,0.1018,多周期共振看空 ⬇⬇⬇,-0.511,-0.75,-0.5625
000408,藏格矿业,1087.25,True,69.3,73.08,4,4.45,-10.41,-3.79,-5.17,0.0,2026-07-10,2026-07-10,33.34,0.2154,0.8069,0.5756,0.5293,0.5188,0.0406,0.2621,-0.4049,0.2975,多周期共振看空 ⬇⬇⬇,-0.3273,-0.4229,-0.1864
600855,航天长峰,64.63,True,13.82,14.11,1,0.62,-15.27,-6.69,-2.04,0.0,2026-07-10,2026-07-10,43.6,0.0813,1.9294,0.4948,0.4488,0.7467,0.1754,0.2619,-0.6591,0.1704,多周期共振看空 ⬇⬇⬇,-0.557,-0.4762,-0.495
600239,ST云城,23.12,True,1.44,1.37,7,5.92,-12.95,-3.25,4.84,0.1512,2026-07-01,2026-07-10,60.78,-0.2476,-0.211,0.4828,0.1156,0.8715,0.1953,0.2617,-0.6565,0.1718,多周期共振看空 ⬇⬇⬇,-0.1521,-0.75,-0.5625
002381,双箭股份,16.84,True,5.23,5.35,2,0.65,-6.74,-3.86,-2.26,0.0,2026-07-10,2026-07-10,41.75,-0.1345,0.4692,0.2747,0.3877,0.7055,0.5421,0.2615,-0.8083,0.0958,多周期共振看空 ⬇⬇⬇,-0.5951,-0.7038,-0.5625
603197,保隆科技,59.14,True,28.01,28.56,3,5.2,-12.57,-4.28,-1.93,0.0,2026-07-10,2026-07-10,44.64,0.3327,-0.1118,0.3572,0.3549,0.7698,0.4046,0.2615,-0.7234,0.1383,多周期共振看空 ⬇⬇⬇,-0.5615,-0.5461,-0.5625
002073,软控股份,53.03,True,5.23,5.31,2,0.97,-7.51,-3.64,-1.57,0.0,2026-07-10,2026-07-10,42.48,0.2181,0.155,0.2859,0.3928,0.7217,0.5236,0.2614,-0.8221,0.0889,多周期共振看空 ⬇⬇⬇,-0.5766,-0.75,-0.5625
002645,华宏科技,150.74,True,22.16,28.42,11,24.13,-23.55,-1.69,-22.02,0.0,2026-07-10,2026-07-10,8.43,0.8151,-0.661,0.78,0.489,0.0,0.0,0.2614,0.3084,0.6542,上升趋势中的日线回调（关注买点）,-0.3217,0.75,0.5625
603220,中贝通信,89.5,True,20.61,22.13,4,6.76,-16.05,-6.35,-6.88,0.0,2026-07-10,2026-07-10,26.3,0.6057,0.448,0.6069,0.7426,0.3622,0.0,0.2613,-0.5321,0.2339,多周期共振看空 ⬇⬇⬇,-0.6487,-0.276,-0.3375
002868,绿康生化,26.09,True,24.38,24.56,3,5.66,-19.23,-8.17,-0.73,0.0,2026-07-10,2026-07-10,49.53,-0.0097,0.8925,0.6977,0.4,0.8784,0.0,0.2612,-0.6044,0.1978,多周期共振看空 ⬇⬇⬇,-0.4211,-0.63,-0.3375
600860,京城股份,36.41,True,8.2,8.49,1,0.65,-9.77,-5.08,-3.46,0.0,2026-07-10,2026-07-10,41.37,0.3069,0.3062,0.3878,0.5066,0.697,0.3537,0.2611,-0.8409,0.0796,多周期共振看空 ⬇⬇⬇,-0.6571,-0.7223,-0.5625
002688,金河生物,0.0,True,4.91,4.92,3,3.18,-9.67,-3.67,-0.18,0.0,2026-07-10,2026-07-10,49.36,-0.0174,0.2835,0.3821,0.3134,0.8746,0.3632,0.2608,-0.7553,0.1224,多周期共振看空 ⬇⬇⬇,-0.4377,-0.7223,-0.5625
601012,隆基绿能,917.7,True,12.11,12.72,2,0.79,-9.02,-4.21,-4.76,0.0,2026-07-10,2026-07-10,33.23,0.6911,-0.1971,0.3293,0.5358,0.5163,0.4512,0.2608,-0.7515,0.1243,多周期共振看空 ⬇⬇⬇,-0.3956,-0.75,-0.5625
001356,富岭股份,16.83,True,8.39,8.71,0,-1.91,-10.71,-6.48,-3.62,0.0,2026-07-10,2026-07-10,35.15,0.4024,0.1171,0.2775,0.4883,0.5589,0.5375,0.2607,-0.7962,0.1019,多周期共振看空 ⬇⬇⬇,-0.5425,-0.7223,-0.5625
001319,铭科精技,13.31,True,20.97,21.53,5,3.95,-13.56,-4.77,-2.59,0.0,2026-07-10,2026-07-10,47.87,0.3253,0.0754,0.5606,0.4254,0.8416,0.0657,0.2605,-0.6591,0.1704,多周期共振看空 ⬇⬇⬇,-0.3998,-0.5433,-0.5625
002519,银河电子,66.83,True,5.98,5.95,1,0.47,-11.26,-6.74,0.47,0.0,2026-07-09,2026-07-10,45.0,0.0001,2.9052,0.5081,0.4001,0.7778,0.1532,0.2605,-0.6118,0.1941,多周期共振看空 ⬇⬇⬇,-0.5705,-0.5182,-0.3375
002355,兴民智通,26.27,True,4.25,4.46,0,-4.7,-16.73,-10.32,-4.7,0.0,2026-07-10,2026-07-10,32.08,0.3302,0.6415,0.3446,0.5981,0.4906,0.4257,0.2601,-0.8056,0.0972,多周期共振看空 ⬇⬇⬇,-0.6205,-0.6762,-0.5625
601011,宝泰隆,50.77,True,2.65,2.73,1,1.39,-10.3,-4.84,-2.88,0.0,2026-07-10,2026-07-10,48.39,0.8014,-0.5987,0.6385,0.4809,0.853,0.0,0.2601,-0.7124,0.1438,多周期共振看空 ⬇⬇⬇,-0.4955,-0.6461,-0.495
603025,大豪科技,149.74,True,13.5,13.96,0,-1.17,-11.96,-5.51,-3.27,0.0,2026-07-10,2026-07-10,38.73,0.3121,0.201,0.4307,0.4677,0.6385,0.2822,0.26,-0.66,0.17,多周期共振看空 ⬇⬇⬇,-0.4862,-0.4714,-0.5625
601615,明阳智能,257.13,True,11.37,11.49,0,-1.06,-23.23,-12.55,-1.06,0.0,2026-07-10,2026-07-10,39.25,0.3028,0.5342,0.5418,0.5817,0.65,0.0971,0.2599,-0.7092,0.1454,多周期共振看空 ⬇⬇⬇,-0.6205,-0.6893,-0.3375
002765,蓝黛科技,43.91,True,7.37,7.55,3,4.54,-11.39,-5.1,-2.35,0.0,2026-07-10,2026-07-10,43.17,0.2934,0.772,0.5383,0.5761,0.737,0.1029,0.2599,-0.8093,0.0953,多周期共振看空 ⬇⬇⬇,-0.544,-0.75,-0.5625
603773,沃格光电,265.44,True,118.14,148.52,14,49.3,-20.83,11.03,-20.46,0.0,2026-07-10,2026-07-10,18.39,0.0735,-0.0992,0.9415,0.2044,0.1864,0.0,0.2598,0.5274,0.7637,上升趋势中的日线整理,0.067,0.75,0.5625
002873,新天药业,18.41,True,7.68,7.7,2,0.69,-10.05,-5.44,-0.21,0.0,2026-07-10,2026-07-10,48.09,0.071,0.2758,0.3945,0.3529,0.8465,0.3425,0.2597,-0.7772,0.1114,多周期共振看空 ⬇⬇⬇,-0.6018,-0.6299,-0.5625
600273,嘉化能源,86.02,True,6.56,6.76,1,0.21,-6.11,-3.8,-2.92,0.0,2026-07-10,2026-07-10,37.82,0.1302,0.4335,0.3238,0.4515,0.6182,0.4603,0.2597,-0.7549,0.1225,多周期共振看空 ⬇⬇⬇,-0.5371,-0.7038,-0.495
600308,华泰股份,48.69,True,3.21,3.17,2,1.41,-8.9,-4.65,1.41,0.01,2026-07-09,2026-07-10,51.32,-0.3436,-0.0061,0.3374,0.1976,0.9181,0.4377,0.2597,-0.7144,0.1428,多周期共振看空 ⬇⬇⬇,-0.4438,-0.6946,-0.495
000812,陕西金叶,24.18,True,3.2,3.25,0,-1.6,-10.08,-6.44,-1.6,0.0,2026-07-10,2026-07-10,43.04,-0.0641,0.5861,0.307,0.4,0.7342,0.4883,0.2595,-0.8357,0.0822,多周期共振看空 ⬇⬇⬇,-0.6115,-0.75,-0.5625
002378,章源钨业,327.1,True,27.37,34.02,14,26.57,-19.7,4.19,-19.55,0.0,2026-07-10,2026-07-10,21.09,0.7341,-0.4026,0.9316,0.4794,0.2465,0.0,0.2594,0.0127,0.5063,多周期方向不一致，观望,-0.1256,-0.1288,0.2925
000428,华天酒店,31.69,True,3.11,3.17,0,-1.82,-9.69,-5.88,-1.82,0.0,2026-07-10,2026-07-10,41.98,0.3333,-0.1548,0.3304,0.3381,0.7106,0.4494,0.2592,-0.6798,0.1601,多周期共振看空 ⬇⬇⬇,-0.625,-0.6208,-0.3375
002103,广博股份,23.29,True,6.0,6.08,0,-1.12,-11.1,-6.25,-1.38,0.0,2026-07-10,2026-07-10,42.66,-0.0897,0.4899,0.2994,0.396,0.7257,0.501,0.2591,-0.8322,0.0839,多周期共振看空 ⬇⬇⬇,-0.6025,-0.75,-0.5625
603289,泰瑞机器,24.5,True,8.35,8.5,0,-1.74,-14.72,-9.52,-1.74,0.0,2026-07-10,2026-07-10,38.97,0.4374,-0.1969,0.3626,0.3837,0.6437,0.3957,0.2591,-0.6304,0.1848,多周期共振看空 ⬇⬇⬇,-0.547,-0.4217,-0.495
603615,茶花股份,0.0,True,16.9,17.37,5,7.99,-12.87,-5.03,-2.68,0.0,2026-07-10,2026-07-10,45.53,0.2537,0.2388,0.5794,0.4477,0.7895,0.0344,0.2591,-0.6189,0.1905,多周期共振看空 ⬇⬇⬇,-0.4103,-0.446,-0.5625
603212,赛伍技术,50.4,True,11.52,12.98,6,7.69,-24.09,-10.14,-11.22,0.0,2026-07-10,2026-07-10,40.31,0.6434,-0.2287,0.8758,0.4945,0.6735,0.0,0.259,-0.5278,0.2361,多周期共振看空 ⬇⬇⬇,-0.5745,-0.3301,-0.3375
600513,联环药业,44.22,True,15.49,15.3,3,1.95,-12.18,-5.95,1.24,0.0,2026-07-09,2026-07-10,49.87,-0.0815,1.2929,0.633,0.4,0.886,0.0,0.259,-0.6309,0.1845,多周期共振看空 ⬇⬇⬇,-0.4612,-0.4962,-0.495
603833,欧派家居,197.0,True,32.34,32.0,3,1.35,-11.22,-5.61,1.05,0.0,2026-07-09,2026-07-10,48.4,0.3082,-0.2711,0.3314,0.2765,0.8534,0.4477,0.2589,-0.7534,0.1233,多周期共振看空 ⬇⬇⬇,-0.4435,-0.7131,-0.5625
605117,德业股份,1069.51,True,84.0,98.74,1,1.88,-14.93,-6.77,-14.93,0.0,2026-07-10,2026-07-10,24.32,0.0915,0.5059,0.6328,0.4549,0.3183,0.0,0.2588,-0.0395,0.4803,多周期方向不一致，观望,-0.5713,-0.134,0.45
002238,天威视讯,45.02,True,5.61,5.66,0,-0.92,-11.13,-7.13,-0.92,0.0,2026-07-10,2026-07-10,38.0,0.0948,1.4551,0.3301,0.4569,0.6222,0.4499,0.2587,-0.7679,0.116,多周期共振看空 ⬇⬇⬇,-0.4377,-0.75,-0.5625
000809,和展能源,25.24,True,3.06,3.41,1,5.62,-14.96,-9.42,-10.21,0.0,2026-07-10,2026-07-10,22.22,0.879,-0.0735,0.5205,0.698,0.2716,0.1325,0.2587,-0.4791,0.2604,多周期共振看空 ⬇⬇⬇,-0.6682,-0.2102,-0.27
002302,西部建设,55.92,True,4.43,4.52,0,-1.99,-9.15,-6.17,-1.99,0.0,2026-07-10,2026-07-10,33.33,0.1375,0.4766,0.2221,0.4731,0.5185,0.6299,0.2586,-0.814,0.093,多周期共振看空 ⬇⬇⬇,-0.556,-0.75,-0.5625
002265,建设工业,180.78,True,17.5,18.14,0,-1.09,-11.53,-6.52,-3.5,0.0,2026-07-10,2026-07-10,39.09,0.4363,-0.1185,0.397,0.4144,0.6464,0.3384,0.2586,-0.6401,0.1799,多周期共振看空 ⬇⬇⬇,-0.4043,-0.4978,-0.5625
603210,泰鸿万立,30.97,True,13.31,13.74,3,1.08,-8.22,-2.46,-3.12,0.0,2026-07-10,2026-07-10,53.85,0.508,-0.5581,0.4715,0.3048,0.9744,0.2141,0.2586,-0.7594,0.1203,多周期共振看空 ⬇⬇⬇,-0.4159,-0.75,-0.5625
600623,华谊集团,153.83,True,8.2,8.44,7,8.29,-9.57,-1.93,-2.81,0.0071,2026-07-10,2026-07-10,43.91,0.3308,0.0202,0.6313,0.4066,0.7535,0.0,0.2585,-0.5037,0.2481,多周期共振看空 ⬇⬇⬇,-0.2188,-0.5821,-0.3375
603029,天鹅股份,17.39,True,14.33,14.76,0,-0.52,-10.24,-6.17,-2.92,0.0,2026-07-10,2026-07-10,42.14,0.2573,0.2282,0.3849,0.4456,0.7142,0.3584,0.2585,-0.7887,0.1057,多周期共振看空 ⬇⬇⬇,-0.6115,-0.6467,-0.5625
600995,南网储能,382.88,True,11.98,12.52,0,-3.4,-13.29,-8.31,-4.34,0.0,2026-07-10,2026-07-10,27.92,0.5059,-0.3829,0.3349,0.3504,0.3983,0.4419,0.2584,-0.3245,0.3377,月线震荡，中短期走弱,-0.6147,-0.4217,-0.1421
603600,永艺股份,30.4,True,9.2,9.35,1,0.91,-9.69,-5.12,-1.65,0.0,2026-07-10,2026-07-10,45.92,-0.2696,0.2245,0.3205,0.2898,0.7983,0.4658,0.2583,-0.7276,0.1362,多周期共振看空 ⬇⬇⬇,-0.533,-0.5798,-0.5625
603382,海阳科技,19.33,True,16.74,17.95,0,-4.99,-12.87,-9.66,-6.74,0.0,2026-07-10,2026-07-10,33.2,0.3134,0.9377,0.339,0.5881,0.5156,0.435,0.2583,-0.8409,0.0796,多周期共振看空 ⬇⬇⬇,-0.625,-0.75,-0.5625
603385,惠达卫浴,19.11,True,5.02,5.11,0,-0.79,-9.01,-6.07,-1.67,0.0,2026-07-10,2026-07-10,44.53,-0.3506,0.7778,0.3549,0.4,0.7672,0.4085,0.2581,-0.8231,0.0884,多周期共振看空 ⬇⬇⬇,-0.6115,-0.7223,-0.5625
000733,振华科技,261.2,True,47.14,54.62,14,13.03,-13.73,1.5,-13.69,0.0,2026-07-10,2026-07-10,34.18,0.1716,-0.1136,0.9,0.2575,0.5374,0.0,0.2581,0.0076,0.5038,多周期方向不一致，观望,-0.0636,0.3129,-0.225
603072,天和磁材,42.38,True,33.57,38.56,17,13.43,-12.94,1.88,-12.94,0.0,2026-07-10,2026-07-10,22.34,0.6008,-0.0073,0.668,0.5575,0.2743,0.0,0.2581,-0.1564,0.4218,多周期方向不一致，观望,0.0113,-0.1348,-0.5625
000561,烽火电子,58.84,True,7.58,7.52,1,0.84,-9.05,-5.01,0.84,0.0,2026-07-09,2026-07-10,46.1,0.1208,3.2949,0.467,0.4725,0.8022,0.2217,0.2581,-0.8315,0.0842,多周期共振看空 ⬇⬇⬇,-0.6115,-0.7408,-0.5625
600063,皖维高新,125.59,True,6.07,7.66,13,21.28,-21.56,1.12,-20.74,0.0,2026-07-10,2026-07-10,19.91,0.8323,-0.528,0.7791,0.4994,0.2203,0.0,0.258,0.0004,0.5002,多周期方向不一致，观望,-0.2569,0.3403,-0.1185
002544,普天科技,128.4,True,18.87,18.5,1,1.97,-13.92,-7.66,1.97,0.0,2026-07-09,2026-07-10,47.36,0.1549,0.6543,0.523,0.4929,0.8302,0.1284,0.2579,-0.8248,0.0876,多周期共振看空 ⬇⬇⬇,-0.616,-0.7223,-0.5625
603000,人民网,173.7,True,15.71,15.49,1,1.42,-11.28,-6.11,1.42,0.0,2026-07-09,2026-07-10,42.97,0.1158,0.8752,0.4117,0.4695,0.7326,0.3138,0.2578,-0.8189,0.0906,多周期共振看空 ⬇⬇⬇,-0.6115,-0.7131,-0.5625
002927,泰永长征,38.18,True,17.3,19.75,6,6.58,-16.48,-6.75,-12.41,0.0,2026-07-10,2026-07-10,15.71,0.7815,-0.0764,0.7046,0.6383,0.1269,0.0,0.2578,-0.1115,0.4442,多周期方向不一致，观望,-0.3502,-0.1483,-0.0417
601727,上海电气,860.39,True,6.82,7.06,0,-3.46,-14.12,-6.67,-3.46,0.0,2026-07-10,2026-07-10,29.05,0.5057,0.163,0.2781,0.5686,0.4234,0.5364,0.2578,-0.7848,0.1076,多周期共振看空 ⬇⬇⬇,-0.58,-0.6652,-0.5625
600551,时代出版,44.75,True,6.6,6.83,0,-0.89,-4.77,-2.94,-3.35,0.0,2026-07-10,2026-07-10,35.56,-0.1016,0.5382,0.1923,0.4,0.5679,0.6795,0.2577,-0.8031,0.0984,多周期共振看空 ⬇⬇⬇,-0.5603,-0.7223,-0.5625
600658,电子城,45.08,True,4.03,4.04,0,-0.2,-12.75,-7.09,-0.2,0.0,2026-07-10,2026-07-10,43.61,0.0331,1.0347,0.4931,0.4199,0.7469,0.1781,0.2577,-0.6486,0.1757,多周期共振看空 ⬇⬇⬇,-0.4617,-0.4672,-0.5625
000890,法尔胜,30.96,True,7.38,8.34,0,-1.61,-18.38,-12.97,-11.49,0.0,2026-07-10,2026-07-10,32.64,0.3723,-0.1434,0.6709,0.366,0.5032,0.0,0.2577,-0.1277,0.4361,月线看多，中短期调整中,-0.4977,-0.3613,0.18
600960,渤海汽车,37.07,True,3.9,4.02,3,2.97,-10.51,-4.61,-2.97,0.0,2026-07-10,2026-07-10,48.41,0.0531,0.5197,0.5067,0.4318,0.8535,0.1556,0.2576,-0.7787,0.1107,多周期共振看空 ⬇⬇⬇,-0.487,-0.7315,-0.5625
600235,民丰特纸,18.27,True,5.2,5.26,0,-1.17,-9.81,-6.41,-1.17,0.0,2026-07-10,2026-07-10,42.06,-0.0046,0.4254,0.3183,0.3702,0.7125,0.4694,0.2574,-0.7635,0.1183,多周期共振看空 ⬇⬇⬇,-0.547,-0.6467,-0.5625
000933,神火股份,527.92,True,23.49,23.03,1,2.01,-18.51,-11.0,2.01,0.0,2026-07-09,2026-07-10,42.46,0.203,0.7646,0.6874,0.5218,0.7213,0.0,0.2573,-0.6419,0.179,多周期共振看空 ⬇⬇⬇,-0.5515,-0.6006,-0.3375
000630,铜陵有色,679.72,True,6.1,6.73,9,16.98,-10.84,-0.62,-9.42,0.0,2026-07-10,2026-07-10,17.44,0.8718,-0.3312,0.7242,0.5906,0.1653,0.0,0.2572,-0.0854,0.4573,多周期方向不一致，观望,-0.0828,0.0329,-0.3375
003012,东鹏控股,51.74,True,4.56,4.57,1,0.47,-7.96,-4.02,-0.21,0.0,2026-07-10,2026-07-10,41.94,0.1164,0.1463,0.2645,0.3284,0.7097,0.5592,0.2569,-0.7692,0.1154,多周期共振看空 ⬇⬇⬇,-0.441,-0.75,-0.5625
000633,合金投资,18.68,True,4.85,5.01,0,-2.34,-9.91,-6.28,-3.23,0.0,2026-07-10,2026-07-10,30.56,0.4343,0.3185,0.3295,0.588,0.4568,0.4508,0.2568,-0.7953,0.1023,多周期共振看空 ⬇⬇⬇,-0.5295,-0.7315,-0.5625
600866,星湖科技,57.77,True,4.6,4.64,2,2.19,-9.42,-3.74,-0.81,0.0,2026-07-10,2026-07-10,43.33,0.0935,0.1599,0.3145,0.3201,0.7407,0.4758,0.2566,-0.7285,0.1357,多周期共振看空 ⬇⬇⬇,-0.3907,-0.7038,-0.5625
600078,澄星股份,71.96,True,10.86,13.27,12,15.09,-19.71,-1.69,-18.14,0.0,2026-07-10,2026-07-10,25.3,0.7027,-0.6983,0.7702,0.4216,0.3399,0.0,0.2566,-0.0293,0.4854,月线看多，中短期调整中,-0.3043,-0.171,0.2925
000680,山推股份,133.97,True,10.19,10.24,4,6.04,-8.33,-3.24,-0.48,0.0108,2026-07-10,2026-07-10,46.88,0.3082,-0.5434,0.3827,0.1849,0.8194,0.3622,0.2566,-0.5422,0.2289,多周期共振看空 ⬇⬇⬇,-0.2508,-0.6392,-0.3375
002224,三 力 士,27.01,True,3.35,3.41,0,-1.26,-8.08,-4.51,-1.85,0.0,2026-07-10,2026-07-10,39.74,-0.2815,0.4959,0.286,0.3984,0.661,0.5234,0.2564,-0.798,0.101,多周期共振看空 ⬇⬇⬇,-0.5579,-0.7131,-0.5625
002685,华东重机,58.64,True,5.82,6.4,0,-4.13,-17.98,-9.48,-9.05,0.0,2026-07-10,2026-07-10,29.33,0.4478,0.9496,0.5448,0.6687,0.4296,0.092,0.2564,-0.6082,0.1959,多周期共振看空 ⬇⬇⬇,-0.6545,-0.2806,-0.495
600076,康欣新材,0.0,True,3.22,3.39,5,5.05,-13.49,-4.11,-5.01,0.0,2026-07-10,2026-07-10,37.95,0.2427,-0.026,0.8717,0.3352,0.621,0.0,0.2562,-0.2322,0.3839,月线震荡，中短期走弱,-0.4362,-0.3974,-0.0092
600114,东睦股份,201.8,True,32.74,38.8,11,10.17,-17.01,-1.65,-15.61,0.0,2026-07-10,2026-07-10,22.77,0.4923,-0.5765,0.6579,0.2954,0.2838,0.0,0.256,0.235,0.6175,上升趋势中的日线回调（关注买点）,-0.4138,0.6946,0.45
601633,长城汽车,949.2,True,15.26,16.02,5,2.94,-10.23,-4.04,-4.73,0.0,2026-07-10,2026-07-10,30.0,0.6636,0.0474,0.3847,0.6171,0.4444,0.3589,0.2559,-0.7603,0.1199,多周期共振看空 ⬇⬇⬇,-0.4397,-0.7315,-0.5625
002516,旷达科技,76.47,True,5.25,5.69,3,2.52,-8.92,-4.07,-7.69,0.0,2026-07-10,2026-07-10,21.1,0.6606,0.0775,0.35,0.6274,0.2467,0.4166,0.2559,-0.586,0.207,多周期共振看空 ⬇⬇⬇,-0.4942,-0.3693,-0.495
002363,隆基机械,26.03,True,6.26,6.32,0,-0.96,-10.35,-6.21,-0.96,0.0,2026-07-10,2026-07-10,41.18,-0.0828,1.018,0.3229,0.4,0.6928,0.4618,0.2559,-0.7937,0.1032,多周期共振看空 ⬇⬇⬇,-0.547,-0.7131,-0.5625
002090,金智科技,35.76,True,8.98,9.19,2,3.02,-12.78,-5.71,-2.31,0.0,2026-07-10,2026-07-10,45.39,0.3512,0.1752,0.5007,0.4808,0.7865,0.1655,0.2558,-0.7989,0.1005,多周期共振看空 ⬇⬇⬇,-0.571,-0.7038,-0.5625
605058,澳弘电子,40.96,True,28.66,35.38,6,7.03,-19.88,-5.92,-18.99,0.0,2026-07-10,2026-07-10,19.42,0.8414,-0.3521,0.6943,0.564,0.2092,0.0,0.2558,-0.1071,0.4465,多周期方向不一致，观望,-0.537,-0.0671,0.0567
603899,晨光股份,196.44,True,21.45,21.44,4,2.29,-6.62,-2.06,0.06,0.0855,2026-07-09,2026-07-10,49.75,-0.126,-0.3841,0.2712,0.0464,0.8834,0.548,0.2555,-0.734,0.133,多周期共振看空 ⬇⬇⬇,-0.3508,-0.75,-0.5625
600006,东风股份,105.4,True,5.27,5.39,0,-2.26,-9.94,-6.42,-2.26,0.0,2026-07-10,2026-07-10,37.84,-0.2776,0.904,0.2785,0.4,0.6186,0.5358,0.2555,-0.7672,0.1164,多周期共振看空 ⬇⬇⬇,-0.547,-0.6548,-0.5625
002443,金洲管道,48.88,True,9.41,10.43,2,0.56,-15.05,-6.35,-9.77,0.0,2026-07-10,2026-07-10,30.94,0.4992,-0.3948,0.6178,0.3416,0.4654,0.0,0.2553,-0.0623,0.4688,多周期方向不一致，观望,-0.5765,-0.1174,0.3375
000789,万年青,30.86,True,3.87,3.98,0,-2.29,-9.75,-4.65,-2.86,0.0,2026-07-10,2026-07-10,38.55,-0.3627,1.4094,0.2764,0.4,0.6345,0.5394,0.2553,-0.7902,0.1049,多周期共振看空 ⬇⬇⬇,-0.4948,-0.75,-0.5625
000612,焦作万方,0.0,True,10.01,10.91,5,5.94,-10.42,-3.66,-8.26,0.0,2026-07-10,2026-07-10,23.1,0.8091,0.1778,0.6459,0.7566,0.291,0.0,0.2553,-0.5175,0.2413,多周期共振看空 ⬇⬇⬇,-0.4411,-0.4217,-0.3375
002313,日海智能,30.06,True,8.03,7.86,2,2.17,-13.26,-7.05,2.17,0.0,2026-07-09,2026-07-10,50.78,0.0196,1.1054,0.6008,0.4117,0.9062,0.0,0.2552,-0.7042,0.1479,多周期共振看空 ⬇⬇⬇,-0.5065,-0.551,-0.5625
002298,中电鑫龙,47.44,True,7.18,7.71,0,-5.17,-18.96,-9.63,-6.91,0.0,2026-07-10,2026-07-10,24.02,0.5344,0.5057,0.4025,0.7206,0.3115,0.3292,0.2552,-0.7487,0.1256,多周期共振看空 ⬇⬇⬇,-0.616,-0.5549,-0.5625
002198,ST嘉应,17.41,True,3.43,3.32,4,3.42,-16.71,-7.2,3.42,0.0,2026-07-09,2026-07-10,56.0,0.1396,0.25,0.6248,0.3838,0.9778,0.0,0.2551,-0.7468,0.1266,多周期共振看空 ⬇⬇⬇,-0.4589,-0.6854,-0.5625
600789,鲁抗医药,70.01,True,6.93,7.03,1,2.25,-10.09,-4.22,-1.4,0.0,2026-07-10,2026-07-10,46.57,-0.15,1.7906,0.5344,0.4,0.8127,0.1093,0.2549,-0.6637,0.1682,多周期共振看空 ⬇⬇⬇,-0.3954,-0.5573,-0.5625
603076,乐惠国际,0.0,True,20.7,21.36,0,-0.42,-12.37,-7.1,-3.08,0.0,2026-07-10,2026-07-10,40.09,0.3743,-0.2602,0.3909,0.3205,0.6688,0.3485,0.2547,-0.5565,0.2218,多周期共振看空 ⬇⬇⬇,-0.6775,-0.3048,-0.3375
600724,宁波富达,78.46,True,5.43,5.74,0,-3.24,-18.11,-9.07,-5.37,0.0,2026-07-10,2026-07-10,41.39,-0.1769,1.051,0.6964,0.4,0.6976,0.0,0.2547,-0.4396,0.2802,多周期共振看空 ⬇⬇⬇,-0.4559,-0.2379,-0.3375
002498,汉缆股份,202.27,True,6.08,6.89,0,-3.83,-15.68,-9.88,-11.73,0.0,2026-07-10,2026-07-10,13.53,0.7074,-0.234,0.4158,0.5308,0.0784,0.3071,0.2547,-0.1517,0.4242,月线看多，中短期调整中,-0.6985,-0.3037,0.18
605033,美邦股份,23.48,True,17.37,17.76,1,0.32,-9.73,-5.84,-2.2,0.0,2026-07-10,2026-07-10,40.86,0.0343,0.3771,0.3209,0.3714,0.6858,0.4651,0.2547,-0.7517,0.1241,多周期共振看空 ⬇⬇⬇,-0.547,-0.6208,-0.5625
600302,ST标准,28.17,True,8.14,8.65,3,8.53,-20.05,-9.29,-5.88,0.0,2026-07-10,2026-07-10,43.37,0.2479,4.1673,0.6361,0.5487,0.7415,0.0,0.2546,-0.7311,0.1345,多周期共振看空 ⬇⬇⬇,-0.7155,-0.656,-0.3375
002796,世嘉科技,76.31,True,33.51,38.28,0,-2.18,-17.06,-10.42,-12.45,0.0,2026-07-10,2026-07-10,29.37,0.2985,0.0788,0.577,0.4106,0.4305,0.0383,0.2546,-0.1674,0.4163,月线看多，中短期调整中,-0.5603,-0.4967,0.18
601360,三六零,634.16,True,9.06,8.93,1,1.5,-11.94,-5.98,1.5,0.0,2026-07-09,2026-07-10,40.44,0.0268,1.3919,0.3873,0.4161,0.6765,0.3545,0.2546,-0.724,0.138,多周期共振看空 ⬇⬇⬇,-0.5354,-0.5698,-0.5625
603869,ST智知,41.75,True,8.45,8.43,1,0.27,-15.74,-8.35,0.27,0.0,2026-07-09,2026-07-10,46.91,-0.0928,0.1564,0.4396,0.2626,0.8201,0.2674,0.2545,-0.5823,0.2088,多周期共振看空 ⬇⬇⬇,-0.52,-0.4471,-0.387
002315,焦点科技,61.94,True,23.56,23.94,0,-0.86,-13.32,-6.2,-1.58,0.0,2026-07-10,2026-07-10,37.57,0.0627,0.3465,0.286,0.3762,0.6127,0.5233,0.2542,-0.7219,0.1391,多周期共振看空 ⬇⬇⬇,-0.5769,-0.5296,-0.5625
600679,上海凤凰,0.0,True,8.99,9.06,0,-0.73,-9.33,-5.45,-0.73,0.0,2026-07-10,2026-07-10,48.69,0.4305,-0.6196,0.2961,0.2583,0.8598,0.5064,0.2542,-0.8166,0.0917,多周期共振看空 ⬇⬇⬇,-0.5627,-0.75,-0.5625
603107,上海汽配,25.07,True,11.49,11.83,0,-1.3,-9.15,-5.22,-2.84,0.0,2026-07-10,2026-07-10,40.0,-0.3235,0.4038,0.2618,0.3615,0.6667,0.5636,0.2539,-0.7979,0.101,多周期共振看空 ⬇⬇⬇,-0.547,-0.7223,-0.5625
603151,邦基科技,20.38,True,11.9,11.49,1,3.59,-11.01,-6.33,3.59,0.0,2026-07-09,2026-07-10,51.29,-0.1592,1.343,0.5253,0.4,0.9175,0.1245,0.2538,-0.8105,0.0948,多周期共振看空 ⬇⬇⬇,-0.547,-0.75,-0.5625
600854,春兰股份,21.82,True,4.2,4.25,1,0.59,-10.72,-5.79,-1.14,0.0,2026-07-10,2026-07-10,44.44,0.0284,0.0549,0.3644,0.239,0.7654,0.3927,0.2537,-0.5852,0.2074,多周期共振看空 ⬇⬇⬇,-0.3398,-0.4324,-0.5625
000697,炼石航空,58.84,True,9.01,10.38,2,2.34,-13.58,-6.7,-13.24,0.0,2026-07-10,2026-07-10,4.39,0.6918,-0.1917,0.4277,0.5384,0.0,0.2872,0.2535,-0.0632,0.4684,月线看多，中短期调整中,-0.6877,-0.1617,0.45
603039,泛微网络,104.07,True,33.83,37.6,5,20.18,-19.96,-4.59,-10.03,0.0,2026-07-10,2026-07-10,35.94,0.7345,-0.2414,0.6884,0.5441,0.5765,0.0,0.2533,-0.5363,0.2319,多周期共振看空 ⬇⬇⬇,-0.3724,-0.297,-0.5625
600096,云天化,497.13,True,27.27,30.71,10,11.45,-11.21,-0.45,-11.21,0.0,2026-07-10,2026-07-10,27.71,0.7701,-0.0454,0.6152,0.6439,0.3936,0.0,0.2528,-0.4801,0.26,多周期共振看空 ⬇⬇⬇,-0.289,-0.4699,-0.3375
600686,金龙汽车,81.96,True,11.43,12.1,1,1.77,-10.82,-5.33,-5.53,0.0,2026-07-10,2026-07-10,38.33,0.3308,0.5818,0.5308,0.5985,0.6296,0.1154,0.2528,-0.7829,0.1085,多周期共振看空 ⬇⬇⬇,-0.6196,-0.6946,-0.495
603038,华立股份,39.79,True,14.81,15.34,7,2.71,-7.23,-1.9,-3.48,0.0455,2026-07-10,2026-07-10,43.21,0.268,-0.4006,0.4361,0.2006,0.738,0.2731,0.2528,-0.5115,0.2443,多周期共振看空 ⬇⬇⬇,-0.3461,-0.2651,-0.5625
002725,跃岭股份,28.71,True,11.53,12.59,0,-2.73,-15.57,-8.22,-8.39,0.0,2026-07-10,2026-07-10,31.75,0.7685,-0.1043,0.5734,0.6194,0.4834,0.0444,0.2528,-0.5841,0.208,多周期共振看空 ⬇⬇⬇,-0.5104,-0.3512,-0.495
001369,双欣材料,25.0,True,12.05,13.96,9,8.6,-14.77,-3.42,-13.7,0.0,2026-07-10,2026-07-10,13.11,0.8574,-0.6785,0.3787,0.5144,0.069,0.3689,0.2528,-0.1784,0.4108,周线日线方向不一致,-0.5948,0.0,
000565,渝三峡Ａ,25.37,True,5.85,6.01,0,-0.09,-11.28,-6.78,-2.62,0.0,2026-07-10,2026-07-10,38.36,0.016,0.5122,0.3262,0.4096,0.6303,0.4563,0.2527,-0.7552,0.1224,多周期共振看空 ⬇⬇⬇,-0.6025,-0.5808,-0.5625
603052,可川科技,130.55,True,69.48,81.62,2,4.29,-18.04,-8.18,-14.87,0.0,2026-07-10,2026-07-10,23.2,0.5519,-0.236,0.7137,0.4367,0.2934,0.0,0.2525,-0.031,0.4845,多周期方向不一致，观望,-0.5168,-0.1433,0.45
603088,宁波精达,40.9,True,9.34,9.96,4,1.6,-10.51,-3.39,-6.22,0.0,2026-07-10,2026-07-10,30.77,0.5228,0.0404,0.4464,0.5298,0.4615,0.256,0.2524,-0.5869,0.2066,多周期共振看空 ⬇⬇⬇,-0.5087,-0.5164,-0.3375
603809,豪能股份,83.84,True,9.11,9.27,1,2.11,-12.76,-6.03,-1.7,0.0,2026-07-10,2026-07-10,46.2,0.5342,-0.248,0.4991,0.4214,0.8044,0.1682,0.2523,-0.7555,0.1223,多周期共振看空 ⬇⬇⬇,-0.5155,-0.656,-0.5625
002952,亚世光电,26.36,True,20.02,22.07,0,-3.95,-14.99,-8.95,-9.27,0.0,2026-07-10,2026-07-10,31.73,0.6776,-0.3933,0.462,0.4492,0.4828,0.23,0.2522,-0.4643,0.2679,多周期共振看空 ⬇⬇⬇,-0.6088,-0.2287,-0.27
002410,广联达,132.36,True,8.43,8.48,0,-0.57,-12.0,-6.58,-0.57,0.0,2026-07-10,2026-07-10,38.83,0.1414,0.3737,0.3082,0.4343,0.6408,0.4864,0.2522,-0.8357,0.0822,多周期共振看空 ⬇⬇⬇,-0.6115,-0.75,-0.5625
601065,江盐集团,43.71,True,6.8,6.89,0,-0.54,-9.29,-4.76,-1.28,0.0,2026-07-10,2026-07-10,40.98,-0.1283,0.2456,0.2365,0.2982,0.6885,0.6058,0.2521,-0.7714,0.1143,多周期共振看空 ⬇⬇⬇,-0.4789,-0.7223,-0.5625
000523,红棉股份,35.65,True,2.69,2.72,0,-0.94,-12.32,-7.07,-0.94,0.0,2026-07-10,2026-07-10,36.96,-0.375,0.9081,0.2873,0.4,0.599,0.5211,0.2521,-0.7588,0.1206,多周期共振看空 ⬇⬇⬇,-0.547,-0.7038,-0.495
600610,中毅达,45.0,True,6.35,6.91,0,-0.69,-12.74,-8.24,-8.14,0.0,2026-07-10,2026-07-10,22.89,0.8542,-0.0437,0.3604,0.695,0.2865,0.3993,0.2521,-0.7582,0.1209,多周期共振看空 ⬇⬇⬇,-0.5312,-0.6485,-0.5625
601606,长城军工,202.93,True,28.02,29.06,0,-3.39,-13.26,-7.8,-3.59,0.0,2026-07-10,2026-07-10,38.47,0.1524,1.9919,0.3702,0.4914,0.6327,0.3831,0.252,-0.8357,0.0822,多周期共振看空 ⬇⬇⬇,-0.6115,-0.75,-0.5625
603165,荣晟环保,43.0,True,13.75,14.1,1,1.51,-14.56,-6.08,-2.46,0.0,2026-07-10,2026-07-10,42.69,0.1834,-0.482,0.584,0.1172,0.7265,0.0267,0.2519,-0.0655,0.4672,月线看多，中短期调整中,-0.3516,-0.1906,0.18
000859,国风新材,77.23,True,8.62,10.32,11,10.04,-20.2,-3.21,-16.47,0.0,2026-07-10,2026-07-10,31.42,0.7807,-0.6178,0.8522,0.4684,0.4759,0.0,0.2518,-0.3063,0.3468,多周期共振看空 ⬇⬇⬇,-0.3239,-0.1889,-0.2066
600966,博汇纸业,65.51,True,4.9,5.04,1,0.17,-12.01,-7.07,-2.85,0.0,2026-07-10,2026-07-10,38.57,0.4333,-0.0635,0.3979,0.4346,0.6349,0.3368,0.2518,-0.7122,0.1439,多周期共振看空 ⬇⬇⬇,-0.622,-0.6946,-0.3375
002306,ST云网,15.52,True,1.91,2.0,4,2.74,-10.65,-4.14,-4.36,0.0,2026-07-10,2026-07-10,42.11,0.2203,-0.1934,0.4287,0.2548,0.7135,0.2855,0.2517,-0.4787,0.2606,多周期共振看空 ⬇⬇⬇,-0.3471,-0.4171,-0.3375
603188,亚邦股份,22.18,True,3.89,4.11,0,-0.72,-8.49,-5.33,-5.33,0.0,2026-07-10,2026-07-10,32.5,0.1912,0.4939,0.4046,0.5123,0.5,0.3256,0.2515,-0.6685,0.1658,多周期共振看空 ⬇⬇⬇,-0.6402,-0.583,-0.3375
601798,蓝科高新,24.6,True,6.94,7.24,2,2.68,-10.62,-5.22,-4.12,0.0,2026-07-10,2026-07-10,44.76,0.7425,-0.5781,0.469,0.4455,0.7724,0.2184,0.2515,-0.8023,0.0988,多周期共振看空 ⬇⬇⬇,-0.5583,-0.7223,-0.5625
002880,卫光生物,47.97,True,21.15,21.36,1,3.52,-12.28,-6.35,-0.97,0.0,2026-07-10,2026-07-10,47.23,-0.4818,0.9507,0.4842,0.4,0.8272,0.193,0.2515,-0.7752,0.1124,多周期共振看空 ⬇⬇⬇,-0.5425,-0.6762,-0.5625
002176,江特电机,147.55,True,8.66,10.32,1,0.62,-17.38,-7.21,-16.11,0.0,2026-07-10,2026-07-10,18.9,0.7663,-0.122,0.5205,0.611,0.1978,0.1324,0.2514,-0.3098,0.3451,月线震荡，中短期走弱,-0.821,-0.276,-0.0615
600892,大晟文化,18.85,True,3.37,3.53,1,3.19,-9.77,-4.5,-4.6,0.0,2026-07-10,2026-07-10,41.14,-0.0508,1.8026,0.5236,0.4,0.692,0.1273,0.2513,-0.562,0.219,多周期共振看空 ⬇⬇⬇,-0.5525,-0.2747,-0.4868
002692,远程股份,27.13,True,3.78,3.91,0,-3.21,-14.0,-8.59,-3.21,0.0,2026-07-10,2026-07-10,35.19,0.229,0.3714,0.3661,0.486,0.5597,0.3898,0.251,-0.7527,0.1236,多周期共振看空 ⬇⬇⬇,-0.616,-0.5637,-0.5625
600764,中国海防,129.76,True,18.26,18.37,2,0.23,-10.87,-5.81,-0.59,0.0,2026-07-10,2026-07-10,40.39,0.0844,0.6629,0.3894,0.4507,0.6753,0.351,0.251,-0.8046,0.0977,多周期共振看空 ⬇⬇⬇,-0.5317,-0.75,-0.5625
600761,安徽合力,145.18,True,16.3,16.69,5,5.35,-8.29,-1.84,-2.33,0.0332,2026-07-10,2026-07-10,32.71,0.6376,-0.28,0.437,0.4706,0.5046,0.2717,0.251,-0.6478,0.1761,多周期共振看空 ⬇⬇⬇,-0.3833,-0.5328,-0.5625
603383,顶点软件,55.55,True,27.05,27.94,0,-0.71,-12.19,-5.65,-3.19,0.0,2026-07-10,2026-07-10,32.0,0.5525,0.1355,0.5093,0.5857,0.4888,0.1512,0.2509,-0.6371,0.1815,多周期共振看空 ⬇⬇⬇,-0.3796,-0.5124,-0.5625
002766,索菱股份,30.59,True,3.57,3.71,0,-3.65,-16.2,-11.47,-3.89,0.0,2026-07-10,2026-07-10,37.86,0.4708,-0.2311,0.3192,0.39,0.6192,0.468,0.2509,-0.7341,0.133,多周期共振看空 ⬇⬇⬇,-0.616,-0.523,-0.5625
600585,海螺水泥,684.35,True,17.11,17.06,1,0.3,-8.56,-4.73,0.3,0.0,2026-07-09,2026-07-10,48.33,-0.0987,-0.034,0.2688,0.1864,0.8519,0.552,0.2508,-0.7556,0.1222,多周期共振看空 ⬇⬇⬇,-0.4602,-0.7038,-0.5625
605001,威奥股份,21.65,True,5.51,5.7,0,-1.29,-9.51,-5.89,-3.39,0.0,2026-07-10,2026-07-10,38.13,0.0964,0.631,0.35,0.4579,0.625,0.4167,0.2507,-0.8105,0.0948,多周期共振看空 ⬇⬇⬇,-0.6115,-0.6946,-0.5625
000553,安道麦A,125.62,True,5.77,5.79,2,1.44,-8.99,-3.37,-0.35,0.0,2026-07-10,2026-07-10,42.07,-0.2117,0.022,0.3685,0.2088,0.7126,0.3859,0.2505,-0.4939,0.253,多周期共振看空 ⬇⬇⬇,-0.2748,-0.2875,-0.5625
002030,达安基因,71.72,True,5.11,5.21,0,-1.95,-17.02,-9.21,-1.95,0.0,2026-07-10,2026-07-10,41.03,0.5567,-0.3972,0.3958,0.3752,0.6895,0.3404,0.2504,-0.6964,0.1518,多周期共振看空 ⬇⬇⬇,-0.4301,-0.5994,-0.5625
600933,爱柯迪,135.97,True,13.86,14.71,4,4.17,-11.66,-3.07,-5.75,0.0,2026-07-10,2026-07-10,34.76,0.5095,0.1284,0.4456,0.557,0.5502,0.2573,0.2504,-0.7542,0.1229,多周期共振看空 ⬇⬇⬇,-0.5243,-0.6456,-0.5625
600560,金自天正,0.0,True,10.73,11.41,0,-2.43,-11.27,-7.31,-5.93,0.0,2026-07-10,2026-07-10,31.21,0.7554,-0.2718,0.321,0.5445,0.4714,0.465,0.2502,-0.8071,0.0964,多周期共振看空 ⬇⬇⬇,-0.5705,-0.7223,-0.5625
002985,北摩高科,87.24,True,26.36,28.17,4,2.13,-11.75,-4.58,-6.42,0.0,2026-07-10,2026-07-10,34.53,0.4371,1.2172,0.5876,0.6622,0.5452,0.0207,0.2501,-0.7295,0.1352,多周期共振看空 ⬇⬇⬇,-0.7095,-0.6577,-0.3375
600967,内蒙一机,185.84,True,10.92,11.17,0,-1.65,-9.25,-5.45,-2.22,0.0,2026-07-10,2026-07-10,37.19,0.1474,1.2502,0.3553,0.4885,0.6042,0.4078,0.2501,-0.8322,0.0839,多周期共振看空 ⬇⬇⬇,-0.6025,-0.75,-0.5625
000702,正虹科技,13.57,True,5.09,5.21,0,-0.38,-11.69,-7.28,-2.27,0.0,2026-07-10,2026-07-10,42.14,-0.5649,0.5396,0.3831,0.4,0.7142,0.3614,0.25,-0.7864,0.1068,多周期共振看空 ⬇⬇⬇,-0.607,-0.6456,-0.5625
600336,澳柯玛,0.0,True,6.08,6.46,0,-2.87,-15.07,-9.3,-5.83,0.0,2026-07-10,2026-07-10,39.18,0.3885,-0.0308,0.4352,0.4208,0.6483,0.2747,0.2499,-0.6716,0.1642,多周期共振看空 ⬇⬇⬇,-0.72,-0.3638,-0.495
002806,华锋股份,27.37,True,15.72,18.88,11,15.7,-16.76,0.06,-16.76,0.0,2026-07-10,2026-07-10,9.98,0.7901,-0.7352,0.7069,0.4741,0.0,0.0,0.2499,0.2404,0.6202,上升趋势中的日线回调（关注买点）,-0.2574,0.5787,0.45
603657,春光科技,31.07,True,22.98,24.33,6,13.32,-18.24,-4.16,-5.56,0.0,2026-07-10,2026-07-10,47.97,0.1031,0.3119,0.7867,0.3866,0.8438,0.0,0.2499,-0.6322,0.1839,多周期共振看空 ⬇⬇⬇,-0.4863,-0.4101,-0.5625
002623,亚玛顿,31.26,True,16.23,16.24,2,2.05,-12.03,-7.45,-0.03,0.0,2026-07-10,2026-07-10,45.58,0.2352,0.083,0.6801,0.3744,0.7907,0.0,0.2498,-0.5496,0.2252,多周期共振看空 ⬇⬇⬇,-0.437,-0.4958,-0.3375
600004,白云机场,177.03,True,7.48,7.64,2,1.71,-8.01,-3.67,-2.16,0.0,2026-07-10,2026-07-10,44.14,-0.0142,0.25,0.3157,0.3,0.7586,0.4739,0.2497,-0.772,0.114,多周期共振看空 ⬇⬇⬇,-0.4483,-0.75,-0.5625
002226,江南化工,118.67,True,4.48,4.63,0,-1.11,-11.58,-5.51,-3.32,0.0,2026-07-10,2026-07-10,35.71,0.4158,-0.0532,0.3328,0.4282,0.5714,0.4454,0.2495,-0.7309,0.1346,多周期共振看空 ⬇⬇⬇,-0.613,-0.5185,-0.5625
601137,博威合金,175.73,True,19.14,23.14,11,17.44,-17.7,0.1,-17.28,0.0,2026-07-10,2026-07-10,15.42,0.6038,-0.3485,0.4877,0.4229,0.1205,0.1872,0.2494,0.0241,0.5121,多周期方向不一致，观望,-0.3538,0.3937,0.0155
600602,云赛智联,184.46,True,17.17,16.79,3,2.26,-15.03,-6.19,2.26,0.0,2026-07-08,2026-07-10,41.3,0.1958,2.0334,0.6155,0.5175,0.6957,0.0,0.2488,-0.6727,0.1637,多周期共振看空 ⬇⬇⬇,-0.4771,-0.5071,-0.5625
600624,ST复华,25.2,True,3.71,3.69,3,7.14,-15.04,-6.08,0.58,0.0,2026-07-09,2026-07-10,48.8,0.0672,1.3533,0.5882,0.4403,0.8621,0.0197,0.2488,-0.7643,0.1179,多周期共振看空 ⬇⬇⬇,-0.4501,-0.7315,-0.5625
002591,恒大高新,13.81,True,6.18,6.56,0,-5.34,-14.03,-9.15,-5.82,0.0,2026-07-10,2026-07-10,29.63,-0.7786,0.4165,0.3355,0.3666,0.4362,0.4408,0.2488,-0.4722,0.2639,多周期共振看空 ⬇⬇⬇,-0.5665,-0.2148,-0.3375
002455,百川股份,44.34,True,6.71,7.59,0,-0.46,-14.45,-7.13,-11.58,0.0,2026-07-10,2026-07-10,29.18,0.5995,0.5055,0.6243,0.7597,0.4262,0.0,0.2488,-0.7368,0.1316,多周期共振看空 ⬇⬇⬇,-0.7605,-0.63,-0.3375
002932,*ST明德,22.32,True,14.3,14.59,3,1.7,-7.62,-3.9,-2.01,0.0,2026-07-10,2026-07-10,43.65,-0.2344,0.2285,0.2653,0.2914,0.7477,0.5578,0.2487,-0.8198,0.0901,多周期共振看空 ⬇⬇⬇,-0.5816,-0.7408,-0.5625
600406,国电南瑞,1765.0,True,22.04,22.69,3,1.95,-9.74,-2.73,-2.86,0.0,2026-07-10,2026-07-10,33.86,-0.0019,0.3073,0.2943,0.3229,0.5302,0.5095,0.2487,-0.5712,0.2144,多周期共振看空 ⬇⬇⬇,-0.3256,-0.6387,-0.3375
600609,金杯汽车,41.22,True,3.16,3.23,0,-1.42,-8.62,-5.25,-2.27,0.0,2026-07-10,2026-07-10,40.58,-0.0546,0.4596,0.3078,0.3838,0.6795,0.4871,0.2487,-0.8295,0.0852,多周期共振看空 ⬇⬇⬇,-0.5957,-0.75,-0.5625
002246,北化股份,98.0,True,17.85,19.15,0,-2.17,-12.38,-6.24,-6.79,0.0,2026-07-10,2026-07-10,35.65,0.5013,-0.0549,0.448,0.4788,0.57,0.2533,0.2486,-0.6636,0.1682,多周期共振看空 ⬇⬇⬇,-0.7605,-0.469,-0.3375
002112,三变科技,0.0,True,15.49,16.63,2,3.46,-11.92,-5.19,-6.85,0.0,2026-07-10,2026-07-10,18.49,0.7609,0.198,0.4509,0.7357,0.1888,0.2485,0.2485,-0.6147,0.1926,多周期共振看空 ⬇⬇⬇,-0.5278,-0.561,-0.3375
603767,中马传动,45.55,True,14.76,15.16,2,0.89,-20.04,-10.09,-2.61,0.0,2026-07-10,2026-07-10,45.27,0.2385,0.0175,0.4789,0.3501,0.7839,0.2018,0.2484,-0.6753,0.1623,多周期共振看空 ⬇⬇⬇,-0.3761,-0.5994,-0.5625
003015,日久光电,28.66,True,11.59,12.32,5,4.18,-8.65,-2.52,-5.94,0.0,2026-07-10,2026-07-10,40.1,0.4922,0.0068,0.4889,0.498,0.6689,0.1852,0.2482,-0.762,0.119,多周期共振看空 ⬇⬇⬇,-0.4656,-0.7131,-0.5625
603507,振江股份,56.24,True,30.94,34.61,0,-0.55,-12.49,-6.73,-10.59,0.0,2026-07-10,2026-07-10,18.08,0.2158,0.2383,0.4128,0.4248,0.1795,0.3121,0.2482,-0.159,0.4205,月线看多，中短期调整中,-0.7605,-0.2852,0.18
603086,先达股份,23.26,True,5.35,5.5,1,0.24,-8.93,-5.35,-2.79,0.0,2026-07-10,2026-07-10,39.86,-0.303,1.1354,0.3336,0.4,0.6636,0.444,0.2481,-0.8065,0.0968,多周期共振看空 ⬇⬇⬇,-0.5367,-0.75,-0.5625
002801,微光股份,32.63,True,28.18,29.26,2,4.63,-11.29,-4.55,-3.69,0.0,2026-07-10,2026-07-10,40.65,0.3491,0.1621,0.5213,0.4743,0.681,0.1312,0.2481,-0.6961,0.1519,多周期共振看空 ⬇⬇⬇,-0.4963,-0.5419,-0.5625
603273,天元智能,7.59,True,13.54,13.73,3,3.65,-11.25,-4.76,-1.4,0.0,2026-07-10,2026-07-10,46.04,0.0659,0.78,0.5015,0.4396,0.801,0.1642,0.2481,-0.8109,0.0946,多周期共振看空 ⬇⬇⬇,-0.5479,-0.75,-0.5625
002947,恒铭达,140.18,True,70.69,79.89,2,1.59,-16.98,-6.9,-11.52,0.0,2026-07-10,2026-07-10,27.51,0.1949,-0.1658,0.5894,0.2506,0.3891,0.0176,0.2478,0.1007,0.5504,上升趋势中的日线回调（关注买点）,-0.4755,0.1837,0.5625
603168,莎普爱思,18.55,True,4.98,5.0,0,-0.46,-11.17,-6.73,-0.46,0.0,2026-07-10,2026-07-10,45.93,-0.3403,1.0224,0.4372,0.4,0.7984,0.2714,0.2477,-0.8339,0.0831,多周期共振看空 ⬇⬇⬇,-0.607,-0.75,-0.5625
000060,中金岭南,288.23,True,6.49,7.52,10,14.39,-14.03,-1.46,-13.67,0.0,2026-07-10,2026-07-10,17.39,0.6883,-0.3026,0.7118,0.4919,0.1643,0.0,0.2477,-0.0023,0.4989,多周期方向不一致，观望,-0.1504,0.0291,0.0899
002637,赞宇科技,49.61,True,10.67,11.09,4,7.27,-10.53,-3.68,-3.8,0.0,2026-07-10,2026-07-10,45.97,0.5017,-0.6059,0.6238,0.301,0.7993,0.0,0.2477,-0.4596,0.2702,多周期共振看空 ⬇⬇⬇,-0.2996,-0.4157,-0.3375
601702,华峰铝业,144.19,True,14.44,15.13,0,-4.49,-20.11,-12.12,-4.56,0.0,2026-07-10,2026-07-10,36.99,0.5178,-0.0318,0.4884,0.498,0.5998,0.186,0.2477,-0.6841,0.1579,多周期共振看空 ⬇⬇⬇,-0.52,-0.5627,-0.495
002432,九安医疗,273.58,True,58.8,66.39,4,2.06,-17.14,-6.15,-11.43,0.0,2026-07-10,2026-07-10,27.2,0.5214,-0.3623,0.8087,0.3679,0.3823,0.0,0.2477,-0.0657,0.4672,月线看多，中短期调整中,-0.5692,-0.2748,0.45
002438,江苏神通,62.97,True,13.43,14.67,0,-3.07,-11.16,-6.78,-8.44,0.0,2026-07-10,2026-07-10,32.85,0.5819,-0.2127,0.3961,0.4641,0.5077,0.3399,0.2476,-0.6427,0.1786,多周期共振看空 ⬇⬇⬇,-0.5572,-0.5975,-0.3375
603081,大丰实业,36.76,True,8.7,9.02,0,-1.28,-10.62,-6.96,-3.57,0.0,2026-07-10,2026-07-10,37.0,-0.0874,0.5268,0.2704,0.4,0.6,0.5493,0.2476,-0.8189,0.0906,多周期共振看空 ⬇⬇⬇,-0.6115,-0.7131,-0.5625
002917,金奥博,26.37,True,10.12,10.77,0,-1.31,-14.83,-10.03,-6.0,0.0,2026-07-10,2026-07-10,36.08,0.7297,-0.4632,0.3462,0.4525,0.5795,0.423,0.2476,-0.777,0.1115,多周期共振看空 ⬇⬇⬇,-0.6595,-0.58,-0.5625
002322,理工能科,34.65,True,9.86,10.1,0,-1.07,-9.27,-5.38,-2.37,0.0,2026-07-10,2026-07-10,37.81,-0.1709,0.3905,0.2832,0.3562,0.618,0.5281,0.2474,-0.7545,0.1228,多周期共振看空 ⬇⬇⬇,-0.5217,-0.6485,-0.5625
603583,捷昌驱动,89.83,True,23.5,23.49,3,5.85,-11.43,-4.63,0.04,0.0,2026-07-09,2026-07-10,50.55,0.1657,0.1313,0.4866,0.352,0.9011,0.1891,0.2474,-0.8168,0.0916,多周期共振看空 ⬇⬇⬇,-0.563,-0.75,-0.5625
600055,万东医疗,76.42,True,10.87,10.87,0,-0.0,-13.85,-7.44,-0.0,0.0,2026-07-10,2026-07-10,43.94,-0.198,1.6371,0.416,0.4,0.7542,0.3067,0.2472,-0.8131,0.0934,多周期共振看空 ⬇⬇⬇,-0.5752,-0.7315,-0.5625
603527,众源新材,32.43,True,10.23,12.52,8,9.68,-19.69,-5.82,-18.29,0.0,2026-07-10,2026-07-10,19.66,0.7941,-0.4006,0.7202,0.5162,0.2146,0.0,0.2472,-0.1058,0.4471,多周期方向不一致，观望,-0.3835,-0.024,-0.1125
603112,华翔股份,85.38,True,15.97,17.22,0,-3.99,-13.78,-9.79,-7.23,0.0,2026-07-10,2026-07-10,33.46,0.5547,-0.7414,0.3923,0.3328,0.5213,0.3461,0.2471,-0.4584,0.2708,多周期共振看空 ⬇⬇⬇,-0.7425,-0.1906,-0.1804
603332,苏州龙杰,22.11,True,10.22,10.67,0,-0.37,-11.01,-5.53,-4.25,0.0,2026-07-10,2026-07-10,34.72,0.4517,-0.1275,0.3227,0.42,0.5494,0.4622,0.247,-0.7253,0.1374,多周期共振看空 ⬇⬇⬇,-0.6082,-0.5103,-0.5625
000055,方大集团,22.03,True,3.26,3.47,6,4.06,-9.51,-3.9,-6.01,0.0,2026-07-10,2026-07-10,26.76,0.8776,-0.5968,0.3242,0.5266,0.3725,0.4597,0.2469,-0.6822,0.1589,多周期共振看空 ⬇⬇⬇,-0.4381,-0.5613,-0.5625
600841,动力新科,66.13,True,6.34,6.49,2,2.78,-11.17,-6.31,-2.32,0.0,2026-07-10,2026-07-10,43.8,0.2372,0.0546,0.5147,0.3641,0.7511,0.1421,0.2469,-0.6224,0.1888,多周期共振看空 ⬇⬇⬇,-0.4799,-0.619,-0.3375
002031,巨轮智能,104.87,True,5.48,5.71,2,5.23,-16.91,-7.09,-4.05,0.0,2026-07-10,2026-07-10,49.35,0.5546,-0.4817,0.814,0.3401,0.8745,0.0,0.2469,-0.6183,0.1909,多周期共振看空 ⬇⬇⬇,-0.4207,-0.4357,-0.5625
603105,芯能科技,33.55,True,6.71,7.11,0,-4.76,-13.73,-9.94,-5.68,0.0,2026-07-10,2026-07-10,32.18,0.3652,0.0923,0.3058,0.456,0.493,0.4904,0.2469,-0.738,0.131,多周期共振看空 ⬇⬇⬇,-0.625,-0.5913,-0.495
603628,清源股份,25.18,True,9.25,9.64,0,-2.74,-8.81,-5.88,-4.01,0.0,2026-07-10,2026-07-10,33.16,0.7133,-0.5749,0.2277,0.428,0.5147,0.6206,0.2468,-0.8248,0.0876,多周期共振看空 ⬇⬇⬇,-0.616,-0.7223,-0.5625
002513,蓝丰生化,14.11,True,4.88,5.02,0,-2.7,-11.29,-7.6,-2.7,0.0,2026-07-10,2026-07-10,38.06,0.7404,-0.56,0.3573,0.4442,0.6235,0.4045,0.2467,-0.809,0.0955,多周期共振看空 ⬇⬇⬇,-0.597,-0.7038,-0.5625
002895,川恒股份,0.0,True,28.55,30.57,2,2.94,-9.94,-3.55,-6.6,0.0,2026-07-10,2026-07-10,36.82,0.4565,0.1216,0.6438,0.5225,0.5961,0.0,0.2464,-0.5803,0.2098,多周期共振看空 ⬇⬇⬇,-0.4976,-0.5114,-0.3375
600725,云维股份,39.32,True,3.19,3.29,0,-3.14,-16.28,-9.04,-3.14,0.0,2026-07-10,2026-07-10,43.44,-0.2612,0.7171,0.542,0.4,0.7432,0.0966,0.2461,-0.64,0.18,多周期共振看空 ⬇⬇⬇,-0.4583,-0.6762,-0.3375
002054,德美化工,0.0,True,7.02,7.13,1,1.66,-9.92,-4.64,-1.53,0.0,2026-07-10,2026-07-10,40.74,-0.1405,1.4522,0.4573,0.4,0.6831,0.2378,0.246,-0.6818,0.1591,多周期共振看空 ⬇⬇⬇,-0.5765,-0.6669,-0.3375
603192,汇得科技,24.27,True,17.41,17.79,0,-1.1,-10.71,-5.63,-2.15,0.0,2026-07-10,2026-07-10,40.18,-0.3736,1.8459,0.3515,0.4,0.6707,0.4142,0.2459,-0.8088,0.0956,多周期共振看空 ⬇⬇⬇,-0.5425,-0.75,-0.5625
603655,朗博科技,31.88,True,30.08,30.42,0,-0.37,-14.66,-9.26,-1.11,0.0,2026-07-10,2026-07-10,45.41,0.29,-0.0356,0.5228,0.3597,0.7868,0.1286,0.2459,-0.6558,0.1721,多周期共振看空 ⬇⬇⬇,-0.5978,-0.4339,-0.495
603879,永悦科技,0.0,True,4.46,4.56,0,-0.4,-9.4,-5.54,-2.14,0.0,2026-07-10,2026-07-10,45.78,-0.0769,0.8085,0.4649,0.4,0.7952,0.2252,0.2458,-0.8079,0.0961,多周期共振看空 ⬇⬇⬇,-0.607,-0.6929,-0.5625
603500,祥和实业,0.0,True,10.19,11.84,11,19.19,-19.6,1.02,-13.91,0.0,2026-07-10,2026-07-10,27.24,0.7065,-0.834,0.6706,0.4239,0.3832,0.0,0.2457,-0.1724,0.4138,多周期方向不一致，观望,-0.1989,-0.0922,-0.495
000625,长安汽车,587.8,True,7.11,7.22,0,-1.51,-9.81,-5.45,-1.51,0.0,2026-07-10,2026-07-10,42.14,0.0415,0.3024,0.3157,0.3459,0.7142,0.4739,0.2457,-0.8235,0.0882,多周期共振看空 ⬇⬇⬇,-0.5802,-0.75,-0.5625
600536,中国软件,247.36,True,29.32,28.77,1,1.92,-20.12,-11.16,1.92,0.0,2026-07-09,2026-07-10,44.19,0.1235,1.946,0.5296,0.4741,0.7597,0.1173,0.2456,-0.7995,0.1003,多周期共振看空 ⬇⬇⬇,-0.607,-0.6744,-0.5625
000488,ST晨鸣,33.88,True,2.0,2.03,1,0.73,-10.61,-4.55,-1.38,0.0,2026-07-10,2026-07-10,44.83,-0.1894,0.0002,0.3551,0.2001,0.7739,0.4082,0.2456,-0.6104,0.1948,多周期共振看空 ⬇⬇⬇,-0.5367,-0.544,-0.3375
000707,双环科技,23.4,True,4.25,4.47,0,-2.41,-9.29,-5.53,-4.83,0.0,2026-07-10,2026-07-10,32.08,0.2142,0.4826,0.3153,0.5215,0.4906,0.4746,0.2454,-0.8392,0.0804,多周期共振看空 ⬇⬇⬇,-0.6205,-0.75,-0.5625
002012,凯恩股份,28.57,True,6.11,6.67,0,-3.16,-10.69,-8.1,-8.38,0.0,2026-07-10,2026-07-10,8.81,0.7293,-0.643,0.316,0.4376,0.0,0.4733,0.2454,-0.1154,0.4423,多周期方向不一致，观望,-0.452,-0.11,-0.0099
601908,京运通,73.4,True,3.04,3.11,0,-2.22,-14.07,-8.56,-2.22,0.0,2026-07-10,2026-07-10,42.86,-0.0469,0.2621,0.4138,0.3048,0.7302,0.3103,0.2453,-0.6495,0.1753,多周期共振看空 ⬇⬇⬇,-0.4902,-0.5122,-0.495
002566,益盛药业,14.16,True,6.11,6.35,0,-0.96,-8.98,-5.57,-3.79,0.0,2026-07-10,2026-07-10,41.4,-0.4198,0.611,0.3945,0.4,0.6977,0.3426,0.2451,-0.7904,0.1048,多周期共振看空 ⬇⬇⬇,-0.616,-0.6467,-0.5625
600589,大位科技,128.77,True,8.71,9.7,2,4.51,-17.22,-6.49,-10.24,0.0,2026-07-10,2026-07-10,33.47,0.7021,-0.1488,0.6732,0.5617,0.5215,0.0,0.245,-0.5646,0.2177,多周期共振看空 ⬇⬇⬇,-0.5391,-0.4413,-0.3375
002678,珠江钢琴,0.0,True,4.27,4.53,0,-5.82,-20.33,-13.62,-5.82,0.0,2026-07-10,2026-07-10,30.0,0.6621,-0.5503,0.3616,0.3973,0.4444,0.3973,0.2447,-0.5291,0.2354,多周期共振看空 ⬇⬇⬇,-0.5935,-0.3167,-0.3375
600792,云煤能源,36.63,True,3.3,3.48,2,1.95,-19.16,-10.02,-5.12,0.0,2026-07-10,2026-07-10,35.29,0.8199,-0.3665,0.5325,0.5453,0.5621,0.1125,0.2442,-0.6833,0.1583,多周期共振看空 ⬇⬇⬇,-0.4295,-0.6386,-0.495
002300,太阳电缆,46.08,True,6.38,6.88,0,-6.37,-15.87,-10.34,-7.32,0.0,2026-07-10,2026-07-10,19.87,0.3613,0.3239,0.296,0.5464,0.2193,0.5067,0.2439,-0.5913,0.2043,多周期共振看空 ⬇⬇⬇,-0.625,-0.4263,-0.3375
002587,奥拓电子,31.22,True,5.86,6.85,12,11.68,-14.47,-1.32,-14.44,0.0,2026-07-10,2026-07-10,35.98,0.5056,-0.3714,0.6971,0.3548,0.5773,0.0,0.2438,-0.31,0.345,多周期共振看空 ⬇⬇⬇,-0.3094,-0.2586,-0.1575
002790,瑞尔特,14.44,True,5.54,5.65,0,-0.91,-9.39,-5.89,-1.88,0.0,2026-07-10,2026-07-10,41.3,0.2891,-0.0608,0.3241,0.3492,0.6957,0.4598,0.2438,-0.8105,0.0948,多周期共振看空 ⬇⬇⬇,-0.547,-0.75,-0.5625
001239,永达股份,14.55,True,12.76,13.76,9,11.89,-9.37,-0.76,-7.24,0.0,2026-07-10,2026-07-10,22.89,0.4685,1.9005,0.4461,0.6811,0.2863,0.2566,0.2438,-0.6881,0.1559,多周期共振看空 ⬇⬇⬇,-0.2761,-0.7131,-0.5625
600651,飞乐音响,141.65,True,5.65,5.71,0,-0.98,-10.99,-6.75,-0.98,0.0,2026-07-10,2026-07-10,45.97,-0.1204,0.2047,0.3225,0.2819,0.7993,0.4624,0.2437,-0.8303,0.0848,多周期共振看空 ⬇⬇⬇,-0.625,-0.7266,-0.5625
600774,汉商集团,19.29,True,6.54,6.64,0,-0.56,-9.84,-5.72,-1.57,0.0,2026-07-10,2026-07-10,44.96,-0.4208,0.5081,0.4407,0.4,0.7768,0.2655,0.2436,-0.8357,0.0822,多周期共振看空 ⬇⬇⬇,-0.6115,-0.75,-0.5625
603023,威帝股份,20.37,True,3.65,3.77,0,-1.35,-14.43,-7.95,-3.11,0.0,2026-07-10,2026-07-10,45.22,0.1366,-0.03,0.4459,0.27,0.7826,0.2569,0.2436,-0.628,0.186,多周期共振看空 ⬇⬇⬇,-0.4808,-0.4731,-0.495
002984,森麒麟,96.95,True,13.58,13.96,2,3.51,-9.02,-3.9,-2.71,0.0,2026-07-10,2026-07-10,37.58,0.4336,0.0306,0.4306,0.4724,0.6129,0.2823,0.2434,-0.7696,0.1152,多周期共振看空 ⬇⬇⬇,-0.4421,-0.75,-0.5625
603639,海利尔,34.77,True,10.23,10.41,2,1.48,-6.61,-3.09,-1.7,0.0007,2026-07-10,2026-07-10,44.88,-0.0092,-0.0203,0.2495,0.1919,0.7751,0.5841,0.2431,-0.7612,0.1194,多周期共振看空 ⬇⬇⬇,-0.4851,-0.6946,-0.5625
002743,富煌钢构,17.21,True,3.96,4.09,0,-2.94,-11.48,-7.66,-3.1,0.0,2026-07-10,2026-07-10,43.8,-0.0818,0.8212,0.4266,0.4,0.751,0.2889,0.2431,-0.8273,0.0863,多周期共振看空 ⬇⬇⬇,-0.6115,-0.7315,-0.5625
600751,海航科技,73.08,True,2.84,2.99,0,-1.33,-11.79,-4.87,-5.13,0.0,2026-07-10,2026-07-10,25.4,0.5404,0.1487,0.3939,0.5837,0.3422,0.3436,0.243,-0.6755,0.1623,多周期共振看空 ⬇⬇⬇,-0.3914,-0.5866,-0.5625
603275,众辰科技,15.64,True,37.65,39.64,3,3.55,-13.36,-4.72,-5.03,0.0,2026-07-10,2026-07-10,39.26,0.3977,-0.1216,0.4583,0.39,0.6502,0.2362,0.2429,-0.6504,0.1748,多周期共振看空 ⬇⬇⬇,-0.5296,-0.4129,-0.5625
603321,梅轮电梯,20.23,True,5.87,6.01,0,-1.13,-8.2,-5.02,-2.38,0.0,2026-07-10,2026-07-10,37.82,-0.1967,0.4896,0.3165,0.3959,0.6182,0.4725,0.2429,-0.8097,0.0952,多周期共振看空 ⬇⬇⬇,-0.6115,-0.6929,-0.5625
000547,航天发展,288.74,True,18.17,18.76,1,0.03,-15.15,-6.3,-3.12,0.0,2026-07-10,2026-07-10,42.99,0.2217,0.2833,0.7698,0.4464,0.7331,0.0,0.2427,-0.6527,0.1737,多周期共振看空 ⬇⬇⬇,-0.562,-0.6153,-0.3375
002296,辉煌科技,31.19,True,8.98,9.14,0,-0.65,-9.92,-5.02,-1.8,0.0,2026-07-10,2026-07-10,43.81,-0.1448,0.254,0.376,0.3016,0.7513,0.3734,0.2422,-0.7449,0.1275,多周期共振看空 ⬇⬇⬇,-0.5544,-0.6669,-0.495
603439,三力制药,48.38,True,11.98,13.8,5,4.63,-15.71,-6.24,-13.17,0.0,2026-07-10,2026-07-10,17.62,0.6412,-0.6302,0.4969,0.3847,0.1694,0.1718,0.2417,-0.0224,0.4888,多周期方向不一致，观望,-0.6162,0.4063,0.0232
603277,银都股份,63.35,True,10.39,10.37,4,3.15,-11.27,-4.96,0.19,0.0,2026-07-09,2026-07-10,55.65,-0.2607,-0.1962,0.3306,0.1215,0.9856,0.4489,0.2416,-0.8032,0.0984,多周期共振看空 ⬇⬇⬇,-0.5283,-0.75,-0.5625
600802,福建水泥,19.57,True,4.27,4.36,0,-2.04,-11.42,-7.54,-2.04,0.0,2026-07-10,2026-07-10,39.25,-0.2536,0.6444,0.3373,0.4,0.6501,0.4378,0.2416,-0.8374,0.0813,多周期共振看空 ⬇⬇⬇,-0.616,-0.75,-0.5625
600202,哈空调,17.56,True,4.58,4.71,0,-2.23,-11.14,-7.44,-2.74,0.0,2026-07-10,2026-07-10,39.29,0.0975,0.2607,0.3584,0.3628,0.6508,0.4027,0.2416,-0.7504,0.1248,多周期共振看空 ⬇⬇⬇,-0.6115,-0.5625,-0.5625
601238,广汽集团,383.21,True,5.19,5.36,0,-3.11,-12.46,-6.83,-3.11,0.0,2026-07-10,2026-07-10,36.28,-0.5025,0.868,0.298,0.4,0.5841,0.5033,0.2416,-0.8105,0.0948,多周期共振看空 ⬇⬇⬇,-0.547,-0.75,-0.5625
002599,盛通股份,21.09,True,5.3,5.4,0,-0.11,-14.26,-7.73,-1.88,0.0,2026-07-10,2026-07-10,42.58,-0.116,0.4209,0.388,0.3684,0.724,0.3533,0.2415,-0.8088,0.0956,多周期共振看空 ⬇⬇⬇,-0.5425,-0.75,-0.5625
002812,恩捷股份,450.82,True,54.8,65.99,9,7.01,-16.95,-2.49,-16.95,0.0,2026-07-10,2026-07-10,23.89,-0.051,1.1881,0.7789,0.4,0.3086,0.0,0.2415,-0.0781,0.4609,月线看多，中短期调整中,-0.4746,-0.2575,0.2925
002497,雅化集团,198.14,True,18.7,21.82,8,11.7,-14.28,-2.4,-14.28,0.0,2026-07-10,2026-07-10,39.16,-0.4771,1.183,0.9401,0.4,0.648,0.0,0.2414,-0.4863,0.2569,多周期共振看空 ⬇⬇⬇,-0.476,-0.3233,-0.3375
603617,君禾股份,0.0,True,6.54,7.1,7,5.28,-12.19,-2.51,-7.91,0.0,2026-07-10,2026-07-10,27.07,0.3276,0.6544,0.4256,0.5966,0.3794,0.2907,0.2413,-0.7121,0.144,多周期共振看空 ⬇⬇⬇,-0.512,-0.5637,-0.5625
002593,日上集团,22.92,True,4.09,4.18,0,-1.33,-10.65,-6.33,-2.25,0.0,2026-07-10,2026-07-10,39.39,-0.1627,0.511,0.3447,0.4,0.6532,0.4255,0.2411,-0.8357,0.0822,多周期共振看空 ⬇⬇⬇,-0.6115,-0.75,-0.5625
002209,达 意 隆,15.91,True,10.17,10.74,0,-1.48,-11.02,-6.96,-5.33,0.0,2026-07-10,2026-07-10,40.72,0.5394,-0.2045,0.4308,0.4419,0.6827,0.282,0.241,-0.8239,0.0881,多周期共振看空 ⬇⬇⬇,-0.691,-0.656,-0.5625
600843,上工申贝,34.53,True,7.36,8.27,15,10.21,-13.01,1.75,-11.01,0.007,2026-07-10,2026-07-10,45.09,0.4886,-0.196,0.7313,0.4148,0.7798,0.0,0.2409,-0.6891,0.1554,多周期共振看空 ⬇⬇⬇,-0.2464,-0.7408,-0.5625
605005,合兴股份,62.52,True,15.59,15.92,3,2.42,-10.2,-2.4,-2.05,0.0,2026-07-10,2026-07-10,29.81,0.5557,-0.3671,0.2655,0.3866,0.4403,0.5575,0.2409,-0.666,0.167,多周期共振看空 ⬇⬇⬇,-0.3615,-0.5913,-0.5625
600815,厦工股份,46.66,True,2.63,2.74,1,0.03,-16.49,-10.53,-3.89,0.0,2026-07-10,2026-07-10,42.99,0.0935,0.1499,0.5531,0.3161,0.7331,0.0781,0.2407,-0.5225,0.2388,多周期共振看空 ⬇⬇⬇,-0.6025,-0.2944,-0.3375
002523,天桥起重,42.21,True,2.99,3.09,0,-1.96,-10.12,-6.24,-3.28,0.0,2026-07-10,2026-07-10,35.44,0.355,0.0591,0.318,0.4366,0.5654,0.47,0.2407,-0.8273,0.0863,多周期共振看空 ⬇⬇⬇,-0.6115,-0.7315,-0.5625
600727,鲁北化工,36.0,True,6.81,7.19,0,-0.6,-12.47,-6.55,-5.23,0.0,2026-07-10,2026-07-10,28.74,0.5812,-0.1105,0.5363,0.5046,0.4164,0.1062,0.2406,-0.4675,0.2662,多周期共振看空 ⬇⬇⬇,-0.5288,-0.2367,-0.3375
600775,南京熊猫,63.02,True,9.38,9.89,2,1.12,-11.59,-6.15,-5.12,0.0,2026-07-10,2026-07-10,35.83,0.2403,1.1717,0.5411,0.5442,0.574,0.0982,0.2405,-0.7142,0.1429,多周期共振看空 ⬇⬇⬇,-0.4433,-0.6946,-0.495
002686,亿利达,27.81,True,5.32,5.46,0,-1.2,-12.98,-8.03,-2.57,0.0,2026-07-10,2026-07-10,40.13,-0.4886,0.1592,0.359,0.2637,0.6695,0.4016,0.24,-0.6262,0.1869,多周期共振看空 ⬇⬇⬇,-0.547,-0.4125,-0.495
605277,新亚电子,61.5,True,16.11,17.92,6,5.98,-11.31,-3.46,-10.09,0.0,2026-07-10,2026-07-10,36.46,0.8289,-0.4525,0.6038,0.5163,0.5881,0.0,0.24,-0.6121,0.194,多周期共振看空 ⬇⬇⬇,-0.4706,-0.3793,-0.5625
000727,冠捷科技,105.54,True,2.33,2.61,2,2.72,-12.22,-6.4,-10.66,0.0,2026-07-10,2026-07-10,24.42,0.7586,-0.7439,0.5967,0.4552,0.3204,0.0055,0.24,-0.1971,0.4014,多周期方向不一致，观望,-0.4734,-0.1454,-0.315
000338,潍柴动力,1365.61,True,27.57,28.56,2,3.55,-15.73,-6.31,-3.47,0.0,2026-07-10,2026-07-10,36.3,-0.0924,-0.1255,0.6458,0.1498,0.5845,0.0,0.2397,-0.0232,0.4884,月线看多，中短期调整中,-0.345,-0.1525,0.3375
600099,林海股份,18.27,True,8.34,8.44,0,-0.82,-10.3,-6.86,-1.17,0.0,2026-07-10,2026-07-10,44.9,0.0735,-0.0129,0.3544,0.2389,0.7755,0.4093,0.2397,-0.7229,0.1386,多周期共振看空 ⬇⬇⬇,-0.607,-0.506,-0.5625
600506,统一股份,35.05,True,14.04,14.83,0,-2.76,-14.33,-8.75,-5.31,0.0,2026-07-10,2026-07-10,42.99,0.0619,0.8759,0.5599,0.4371,0.7332,0.0669,0.2396,-0.7157,0.1421,多周期共振看空 ⬇⬇⬇,-0.7169,-0.4634,-0.495
001231,农心科技,0.0,True,18.74,19.15,0,-2.1,-9.81,-6.52,-2.16,0.0,2026-07-10,2026-07-10,37.42,0.0299,0.312,0.3399,0.3428,0.6094,0.4335,0.2395,-0.7107,0.1447,多周期共振看空 ⬇⬇⬇,-0.6115,-0.5429,-0.495
002632,道明光学,0.0,True,8.9,9.32,0,-0.33,-11.53,-6.0,-4.53,0.0,2026-07-10,2026-07-10,39.76,0.0712,1.8275,0.568,0.4427,0.6614,0.0533,0.2395,-0.629,0.1855,多周期共振看空 ⬇⬇⬇,-0.3902,-0.553,-0.495
600847,万里股份,19.02,True,12.41,13.8,2,2.61,-11.97,-6.02,-10.1,0.0,2026-07-10,2026-07-10,17.43,0.7748,-0.3247,0.5385,0.535,0.1652,0.1025,0.2394,-0.2213,0.3893,月线震荡，中短期走弱,-0.5173,-0.171,-0.1295
603325,博隆技术,17.68,True,51.72,54.28,6,2.46,-10.07,-2.88,-4.72,0.0,2026-07-10,2026-07-10,45.34,0.0705,0.3733,0.4891,0.3916,0.7853,0.1848,0.2394,-0.8017,0.0992,多周期共振看空 ⬇⬇⬇,-0.5245,-0.75,-0.5625
002734,利民股份,67.98,True,15.65,17.14,13,14.81,-8.67,1.24,-8.67,0.0211,2026-07-10,2026-07-10,21.98,0.649,-0.2955,0.6601,0.4712,0.2661,0.0,0.2391,-0.2107,0.3947,多周期方向不一致，观望,-0.1131,-0.3344,-0.495
002405,四维图新,157.13,True,6.67,6.79,0,-1.79,-14.98,-10.79,-1.79,0.0,2026-07-10,2026-07-10,36.7,0.3351,-0.0429,0.3277,0.3839,0.5934,0.4538,0.2391,-0.7766,0.1117,多周期共振看空 ⬇⬇⬇,-0.625,-0.6762,-0.495
001336,楚环科技,10.83,True,21.95,22.98,0,-3.72,-11.21,-7.8,-4.48,0.0,2026-07-10,2026-07-10,29.27,0.5026,-0.3193,0.3161,0.3739,0.4282,0.4732,0.239,-0.5789,0.2106,多周期共振看空 ⬇⬇⬇,-0.5435,-0.469,-0.3375
603599,广信股份,88.21,True,9.69,10.22,1,0.9,-10.08,-4.97,-5.21,0.0,2026-07-10,2026-07-10,28.92,0.5215,0.0833,0.4504,0.5462,0.4204,0.2493,0.2388,-0.6675,0.1663,多周期共振看空 ⬇⬇⬇,-0.5847,-0.6283,-0.3375
002518,科士达,231.65,True,40.99,48.7,6,7.68,-17.11,-5.23,-15.84,0.0,2026-07-10,2026-07-10,33.3,0.125,0.0965,0.8429,0.3136,0.5178,0.0,0.2387,-0.2137,0.3931,月线震荡，中短期走弱,-0.4579,-0.2584,-0.0675
002996,顺博合金,27.69,True,6.04,6.17,2,0.42,-9.15,-4.16,-2.08,0.0,2026-07-10,2026-07-10,38.71,-0.091,0.4025,0.3465,0.361,0.638,0.4226,0.2387,-0.7714,0.1143,多周期共振看空 ⬇⬇⬇,-0.5005,-0.7038,-0.5625
601992,金隅集团,116.68,True,1.4,1.42,0,-1.23,-10.8,-5.79,-1.23,0.0,2026-07-10,2026-07-10,36.36,-0.0519,0.2489,0.2364,0.2996,0.5859,0.606,0.2384,-0.7603,0.1199,多周期共振看空 ⬇⬇⬇,-0.54,-0.7131,-0.495
002053,云南能投,86.46,True,9.39,9.65,1,5.04,-18.54,-8.53,-2.69,0.0,2026-07-10,2026-07-10,46.82,-0.091,0.3965,0.7442,0.3586,0.8181,0.0,0.2384,-0.6483,0.1759,多周期共振看空 ⬇⬇⬇,-0.4487,-0.4777,-0.5625
000637,茂化实华,12.98,True,3.56,3.68,0,-3.23,-11.38,-7.62,-3.23,0.0,2026-07-10,2026-07-10,37.08,0.0312,0.3299,0.3232,0.3507,0.6017,0.4613,0.2384,-0.7454,0.1273,多周期共振看空 ⬇⬇⬇,-0.6115,-0.619,-0.495
002247,聚力文化,13.96,True,2.17,2.22,0,-2.05,-10.56,-6.9,-2.05,0.0,2026-07-10,2026-07-10,40.68,0.0358,0.3811,0.366,0.3739,0.6817,0.39,0.2382,-0.8231,0.0884,多周期共振看空 ⬇⬇⬇,-0.6115,-0.7223,-0.5625
002205,国统股份,19.16,True,10.31,10.68,0,-0.12,-13.25,-8.79,-3.48,0.0,2026-07-10,2026-07-10,39.32,-0.3398,1.0232,0.4289,0.4,0.6516,0.2851,0.2382,-0.7441,0.128,多周期共振看空 ⬇⬇⬇,-0.5202,-0.6271,-0.5625
002553,南方精工,40.48,True,15.8,16.55,2,0.7,-13.43,-6.67,-4.53,0.0,2026-07-10,2026-07-10,41.88,0.5461,-0.242,0.4764,0.4309,0.7085,0.206,0.238,-0.8005,0.0998,多周期共振看空 ⬇⬇⬇,-0.532,-0.7408,-0.5625
000930,中粮科技,82.98,True,4.47,4.56,0,-1.95,-11.07,-5.74,-1.95,0.0,2026-07-10,2026-07-10,37.62,-0.4865,0.2601,0.2831,0.304,0.6139,0.5281,0.238,-0.742,0.129,多周期共振看空 ⬇⬇⬇,-0.547,-0.6669,-0.495
000723,美锦能源,148.12,True,3.37,3.55,0,-3.1,-14.98,-9.07,-5.06,0.0,2026-07-10,2026-07-10,34.02,0.4483,0.0562,0.3889,0.4915,0.5338,0.3519,0.2378,-0.8062,0.0969,多周期共振看空 ⬇⬇⬇,-0.548,-0.7396,-0.5625
003042,中农联合,15.38,True,12.47,12.78,0,-2.12,-10.59,-7.42,-2.41,0.0,2026-07-10,2026-07-10,38.96,0.3424,-0.1246,0.3444,0.3556,0.6435,0.4261,0.2378,-0.7798,0.1101,多周期共振看空 ⬇⬇⬇,-0.6115,-0.6946,-0.495
002105,信隆健康,18.37,True,5.04,5.15,0,-1.81,-10.26,-6.87,-2.14,0.0,2026-07-10,2026-07-10,42.07,-0.3954,0.3771,0.3712,0.3508,0.7126,0.3814,0.2378,-0.8189,0.0906,多周期共振看空 ⬇⬇⬇,-0.6115,-0.7131,-0.5625
002195,岩山科技,356.04,True,6.34,6.7,0,-3.14,-12.99,-7.1,-5.33,0.0,2026-07-10,2026-07-10,27.89,0.1444,0.6791,0.3539,0.4866,0.3977,0.4102,0.2377,-0.6826,0.1587,多周期共振看空 ⬇⬇⬇,-0.557,-0.6854,-0.3375
603195,公牛集团,674.52,True,37.47,38.75,2,0.49,-4.13,-2.16,-3.3,0.004,2026-07-10,2026-07-10,34.71,0.258,-0.2836,0.2084,0.2413,0.5491,0.6527,0.2376,-0.6758,0.1621,多周期共振看空 ⬇⬇⬇,-0.6138,-0.4641,-0.495
603279,景津装备,70.89,True,12.3,12.58,0,-0.81,-12.71,-7.05,-2.19,0.0,2026-07-10,2026-07-10,38.64,0.2278,-0.1799,0.2837,0.2647,0.6365,0.5272,0.2375,-0.7095,0.1452,多周期共振看空 ⬇⬇⬇,-0.5425,-0.5994,-0.495
002574,明牌珠宝,22.65,True,4.29,4.38,0,-2.12,-10.04,-6.69,-2.12,0.0,2026-07-10,2026-07-10,35.05,-0.5801,1.7909,0.2891,0.4,0.5567,0.5181,0.2375,-0.8224,0.0888,多周期共振看空 ⬇⬇⬇,-0.6205,-0.7131,-0.5625
000856,冀东装备,16.78,True,7.39,7.56,0,-1.92,-12.66,-8.68,-2.24,0.0,2026-07-10,2026-07-10,39.91,0.2782,0.0403,0.3858,0.383,0.6648,0.357,0.2373,-0.7979,0.101,多周期共振看空 ⬇⬇⬇,-0.6115,-0.6669,-0.5625
601388,怡球资源,62.51,True,2.84,3.0,0,-2.38,-11.32,-7.24,-5.44,0.0,2026-07-10,2026-07-10,18.57,0.432,0.4621,0.4012,0.644,0.1905,0.3313,0.237,-0.6282,0.1859,多周期共振看空 ⬇⬇⬇,-0.616,-0.5152,-0.3375
600746,江苏索普,61.55,True,5.27,5.57,0,-3.83,-12.7,-7.72,-5.35,0.0,2026-07-10,2026-07-10,36.5,0.1907,0.0768,0.3363,0.3451,0.5888,0.4395,0.237,-0.7142,0.1429,多周期共振看空 ⬇⬇⬇,-0.607,-0.5544,-0.495
605365,立达信,69.38,True,13.82,14.63,0,-2.51,-14.42,-7.97,-5.55,0.0,2026-07-10,2026-07-10,29.12,0.53,-0.3401,0.3364,0.382,0.4249,0.4393,0.2369,-0.5777,0.2112,多周期共振看空 ⬇⬇⬇,-0.6205,-0.4679,-0.27
600496,精工钢构,64.08,True,3.22,3.29,0,-2.19,-12.22,-7.51,-2.19,0.0,2026-07-10,2026-07-10,37.68,-0.2803,0.2944,0.3232,0.3178,0.6151,0.4613,0.2369,-0.7205,0.1397,多周期共振看空 ⬇⬇⬇,-0.5155,-0.6467,-0.495
002933,新兴装备,30.94,True,26.5,27.26,1,0.8,-10.12,-4.0,-2.77,0.0,2026-07-10,2026-07-10,39.6,0.1371,0.2065,0.4073,0.3649,0.6577,0.3211,0.2368,-0.7357,0.1321,多周期共振看空 ⬇⬇⬇,-0.3659,-0.7408,-0.5625
600320,振华重工,135.72,True,4.1,4.27,0,-1.39,-9.05,-5.1,-3.99,0.0,2026-07-10,2026-07-10,27.78,0.1392,0.4355,0.3497,0.4577,0.3951,0.4171,0.2368,-0.6458,0.1771,多周期共振看空 ⬇⬇⬇,-0.5615,-0.6006,-0.3375
001379,腾达科技,10.54,True,15.66,16.24,0,-2.25,-12.68,-7.54,-3.54,0.0,2026-07-10,2026-07-10,36.99,-0.1565,0.7583,0.3297,0.4,0.5997,0.4506,0.2367,-0.8266,0.0867,多周期共振看空 ⬇⬇⬇,-0.6205,-0.7223,-0.5625
002197,证通电子,30.49,True,5.71,5.97,0,-0.85,-13.12,-6.32,-4.35,0.0,2026-07-10,2026-07-10,34.11,0.2097,0.6193,0.427,0.5258,0.5358,0.2883,0.2367,-0.8213,0.0893,多周期共振看空 ⬇⬇⬇,-0.607,-0.7223,-0.5625
600391,航发科技,101.98,True,30.89,33.24,5,6.77,-18.84,-4.24,-7.06,0.0,2026-07-10,2026-07-10,39.07,0.0461,1.9055,0.8179,0.4277,0.646,0.0,0.2366,-0.5666,0.2167,多周期共振看空 ⬇⬇⬇,-0.4693,-0.5055,-0.3375
000677,ST海龙,14.17,True,1.64,1.64,1,1.82,-20.44,-11.1,-0.09,0.0,2026-07-10,2026-07-10,48.91,-0.2771,0.9297,0.7322,0.4,0.8647,0.0,0.2365,-0.7853,0.1074,多周期共振看空 ⬇⬇⬇,-0.547,-0.6946,-0.5625
600261,阳光照明,39.38,True,2.95,3.11,2,1.42,-6.98,-2.89,-5.11,0.0,2026-07-10,2026-07-10,29.69,0.5892,-0.39,0.3203,0.3975,0.4375,0.4661,0.2364,-0.6425,0.1788,多周期共振看空 ⬇⬇⬇,-0.4934,-0.4942,-0.495
600243,*ST海华,15.05,True,3.43,3.6,3,5.85,-14.57,-4.61,-4.71,0.0,2026-07-10,2026-07-10,42.75,0.3995,-0.6019,0.4761,0.2397,0.7279,0.2065,0.236,-0.5339,0.233,多周期共振看空 ⬇⬇⬇,-0.4184,-0.3198,-0.495
605122,四方新材,18.55,True,10.76,11.25,0,-3.95,-10.09,-7.77,-4.33,0.0,2026-07-10,2026-07-10,33.57,0.2711,-0.0547,0.2954,0.3408,0.5239,0.5077,0.2359,-0.6927,0.1537,多周期共振看空 ⬇⬇⬇,-0.5525,-0.4863,-0.5625
001222,源飞宠物,15.2,True,13.45,13.84,0,-1.53,-10.21,-6.46,-2.84,0.0,2026-07-10,2026-07-10,42.47,-0.5248,0.286,0.3344,0.3144,0.7216,0.4426,0.2359,-0.8357,0.0822,多周期共振看空 ⬇⬇⬇,-0.6115,-0.75,-0.5625
603656,泰禾智能,31.1,True,17.0,17.72,1,0.43,-7.14,-2.87,-4.08,0.0,2026-07-10,2026-07-10,30.23,0.6983,-0.7197,0.2513,0.419,0.4495,0.5812,0.2359,-0.7875,0.1063,多周期共振看空 ⬇⬇⬇,-0.4881,-0.75,-0.5625
603048,浙江黎明,26.54,True,18.07,18.77,1,0.52,-9.39,-4.61,-3.72,0.0,2026-07-10,2026-07-10,38.59,0.2904,-0.8609,0.3548,0.1742,0.6353,0.4087,0.2359,-0.4805,0.2598,多周期共振看空 ⬇⬇⬇,-0.3823,-0.3909,-0.3375
600335,国机汽车,0.0,True,4.96,5.02,1,0.49,-10.07,-4.66,-1.25,0.0,2026-07-10,2026-07-10,41.67,-0.3748,0.174,0.3259,0.2696,0.7037,0.4569,0.2356,-0.7563,0.1219,多周期共振看空 ⬇⬇⬇,-0.4511,-0.7131,-0.5625
002906,华阳集团,129.11,True,24.61,25.89,3,1.73,-15.66,-6.28,-4.93,0.0,2026-07-10,2026-07-10,30.47,0.7427,-0.1946,0.576,0.5678,0.4549,0.04,0.2356,-0.6014,0.1993,多周期共振看空 ⬇⬇⬇,-0.4511,-0.3725,-0.5625
605566,福莱蒽特,38.38,True,28.78,39.38,9,21.39,-29.49,-5.62,-26.91,0.0,2026-07-10,2026-07-10,2.15,0.6698,-0.0544,0.7628,0.5801,0.0,0.0,0.2354,-0.045,0.4775,多周期方向不一致，观望,-0.3727,-0.0148,0.1366
000807,云铝股份,802.82,True,23.15,23.7,0,-1.9,-14.97,-9.34,-2.34,0.0,2026-07-10,2026-07-10,36.29,0.1073,0.9527,0.6486,0.4644,0.5843,0.0,0.2354,-0.5606,0.2197,多周期共振看空 ⬇⬇⬇,-0.4635,-0.4972,-0.3375
601002,晋亿实业,42.09,True,4.41,4.53,0,-1.97,-10.88,-6.23,-2.56,0.0,2026-07-10,2026-07-10,40.87,-0.0155,-0.1309,0.3097,0.1476,0.686,0.4839,0.2354,-0.5635,0.2182,多周期共振看空 ⬇⬇⬇,-0.547,-0.4321,-0.3375
600571,信雅达,44.91,True,9.81,10.1,0,-2.87,-12.9,-6.74,-2.92,0.0,2026-07-10,2026-07-10,34.54,0.1829,1.0132,0.4144,0.5098,0.5453,0.3094,0.235,-0.8374,0.0813,多周期共振看空 ⬇⬇⬇,-0.616,-0.75,-0.5625
600518,康美药业,176.93,True,1.28,1.3,0,-1.65,-14.34,-7.35,-1.65,0.0,2026-07-10,2026-07-10,41.03,0.2248,0.184,0.4439,0.4085,0.6895,0.2602,0.2348,-0.8105,0.0948,多周期共振看空 ⬇⬇⬇,-0.547,-0.75,-0.5625
603216,梦天家居,45.34,True,20.36,21.36,0,-2.01,-11.34,-6.66,-4.69,0.0,2026-07-10,2026-07-10,35.45,0.5617,-0.3699,0.3795,0.3891,0.5656,0.3676,0.2347,-0.7176,0.1412,多周期共振看空 ⬇⬇⬇,-0.4237,-0.7189,-0.495
603881,数据港,0.0,True,25.32,25.42,0,-0.4,-15.97,-8.61,-0.4,0.0,2026-07-10,2026-07-10,41.18,-0.3241,1.6601,0.6959,0.4,0.693,0.0,0.2347,-0.5938,0.2031,多周期共振看空 ⬇⬇⬇,-0.5816,-0.469,-0.3375
001207,联科科技,45.33,True,15.49,16.07,1,0.25,-14.49,-8.24,-3.63,0.0,2026-07-10,2026-07-10,42.3,-0.1085,0.4495,0.5635,0.3798,0.7177,0.0609,0.2344,-0.6427,0.1786,多周期共振看空 ⬇⬇⬇,-0.5515,-0.6023,-0.3375
000952,广济药业,19.4,True,5.64,5.79,0,-2.56,-11.22,-7.17,-2.59,0.0,2026-07-10,2026-07-10,41.31,-0.1566,0.6969,0.4707,0.4,0.6959,0.2154,0.2343,-0.7728,0.1136,多周期共振看空 ⬇⬇⬇,-0.616,-0.6079,-0.5625
000059,华锦股份,64.94,True,4.06,4.07,2,3.82,-11.34,-5.44,-0.17,0.0,2026-07-10,2026-07-10,48.12,0.165,-0.0971,0.4938,0.2602,0.8471,0.1769,0.2342,-0.7011,0.1495,多周期共振看空 ⬇⬇⬇,-0.4386,-0.67,-0.495
002248,华东数控,27.18,True,8.84,9.23,1,0.58,-14.69,-6.72,-4.19,0.0,2026-07-10,2026-07-10,35.94,0.3928,-0.0979,0.4046,0.3965,0.5765,0.3257,0.2341,-0.7138,0.1431,多周期共振看空 ⬇⬇⬇,-0.598,-0.5613,-0.495
600143,金发科技,400.76,True,15.21,15.84,2,6.19,-9.87,-3.31,-3.98,0.0,2026-07-10,2026-07-10,40.92,0.4047,-0.0596,0.607,0.419,0.6872,0.0,0.234,-0.6228,0.1886,多周期共振看空 ⬇⬇⬇,-0.4348,-0.4336,-0.5625
600218,全柴动力,31.76,True,7.29,7.56,0,-3.15,-8.81,-5.87,-3.55,0.0,2026-07-10,2026-07-10,33.92,-0.2288,0.5123,0.2876,0.4,0.5315,0.5206,0.2335,-0.8266,0.0867,多周期共振看空 ⬇⬇⬇,-0.6205,-0.7223,-0.5625
603041,美思德,19.1,True,10.43,10.82,0,-2.96,-10.16,-7.03,-3.57,0.0,2026-07-10,2026-07-10,34.62,0.3774,-0.4121,0.2611,0.2616,0.547,0.5648,0.2332,-0.6612,0.1694,多周期共振看空 ⬇⬇⬇,-0.5935,-0.4494,-0.495
002992,宝明科技,62.81,True,40.2,43.0,8,10.7,-8.71,-1.81,-6.52,0.0,2026-07-10,2026-07-10,31.34,0.8211,-0.338,0.593,0.5574,0.4743,0.0117,0.233,-0.6066,0.1967,多周期共振看空 ⬇⬇⬇,-0.2871,-0.5247,-0.5625
600131,国网信通,174.6,True,14.6,14.86,0,-1.62,-14.14,-6.17,-1.73,0.0,2026-07-10,2026-07-10,33.5,0.4075,0.0173,0.413,0.4514,0.5221,0.3117,0.2329,-0.7348,0.1326,多周期共振看空 ⬇⬇⬇,-0.5392,-0.6577,-0.495
002863,今飞凯达,25.78,True,4.3,4.47,0,-1.98,-10.18,-6.33,-3.72,0.0,2026-07-10,2026-07-10,35.78,-0.3351,0.4107,0.2972,0.3643,0.5729,0.5047,0.2329,-0.8105,0.0948,多周期共振看空 ⬇⬇⬇,-0.6115,-0.6946,-0.5625
002855,捷荣技术,23.32,True,9.47,9.88,0,-2.95,-12.38,-8.6,-4.17,0.0,2026-07-10,2026-07-10,33.1,0.3608,0.1699,0.4091,0.4845,0.5132,0.3181,0.2328,-0.7833,0.1084,多周期共振看空 ⬇⬇⬇,-0.5525,-0.6854,-0.5625
002204,大连重工,100.43,True,5.2,5.4,0,-0.96,-7.21,-4.17,-3.75,0.0,2026-07-10,2026-07-10,31.58,-0.0679,0.4827,0.2734,0.3931,0.4795,0.5443,0.2328,-0.7776,0.1112,多周期共振看空 ⬇⬇⬇,-0.5843,-0.7131,-0.495
000889,中嘉博创,26.88,True,3.09,3.47,3,10.81,-14.72,-7.65,-11.0,0.0,2026-07-10,2026-07-10,10.74,0.7701,0.4582,0.706,0.8453,0.0164,0.0,0.2325,-0.5126,0.2437,多周期共振看空 ⬇⬇⬇,-0.4936,-0.276,-0.4275
000619,海螺新材,15.84,True,4.4,4.63,0,-5.0,-12.31,-8.85,-5.02,0.0,2026-07-10,2026-07-10,33.06,0.0593,1.097,0.3279,0.4356,0.5125,0.4534,0.2325,-0.815,0.0925,多周期共振看空 ⬇⬇⬇,-0.625,-0.6929,-0.5625
603826,坤彩科技,147.49,True,22.51,27.12,3,3.46,-20.43,-9.39,-17.0,0.0,2026-07-10,2026-07-10,20.3,-0.279,0.577,0.5461,0.4,0.2288,0.0899,0.2324,-0.1276,0.4362,月线看多，中短期调整中,-0.6967,-0.1906,0.18
002421,达实智能,63.11,True,3.15,3.63,2,20.64,-23.27,-14.16,-13.21,0.0,2026-07-10,2026-07-10,13.7,0.6511,-0.8091,0.7735,0.3906,0.0822,0.0,0.2323,0.1347,0.5674,上升趋势中的日线回调（关注买点）,-0.4916,0.4917,0.3825
002777,久远银海,50.04,True,12.37,12.57,0,-1.58,-10.69,-6.4,-1.58,0.0,2026-07-10,2026-07-10,36.23,-0.2065,0.7512,0.3301,0.4,0.5828,0.4499,0.2323,-0.8409,0.0796,多周期共振看空 ⬇⬇⬇,-0.625,-0.75,-0.5625
002442,龙星科技,24.08,True,4.9,5.23,3,2.97,-17.02,-6.75,-6.27,0.0,2026-07-10,2026-07-10,33.18,0.8563,-0.2816,0.6513,0.6012,0.5152,0.0,0.2323,-0.7219,0.1391,多周期共振看空 ⬇⬇⬇,-0.4954,-0.5994,-0.5625
002092,中泰化学,100.45,True,3.9,4.05,0,-1.29,-12.96,-6.9,-3.76,0.0,2026-07-10,2026-07-10,38.76,0.4416,-0.3009,0.4281,0.3446,0.6391,0.2864,0.2322,-0.6895,0.1552,多周期共振看空 ⬇⬇⬇,-0.607,-0.6577,-0.3375
002235,安妮股份,48.05,True,8.68,8.61,6,4.78,-17.77,-8.11,0.81,0.0,2026-07-02,2026-07-10,52.71,0.149,-0.4505,0.6843,0.1092,0.9492,0.0,0.232,-0.4581,0.271,多周期共振看空 ⬇⬇⬇,-0.352,-0.3675,-0.3375
002109,ST兴化,33.18,True,2.6,2.59,6,6.77,-12.55,-4.62,0.54,0.0,2026-07-09,2026-07-10,56.84,0.0408,-0.2618,0.4773,0.1198,0.9591,0.2046,0.232,-0.6502,0.1749,多周期共振看空 ⬇⬇⬇,-0.3223,-0.6577,-0.495
002093,国脉科技,65.08,True,6.46,6.59,0,-1.75,-10.35,-5.73,-2.02,0.0,2026-07-10,2026-07-10,37.5,-0.1609,1.7168,0.3667,0.4,0.6111,0.3889,0.2313,-0.8339,0.0831,多周期共振看空 ⬇⬇⬇,-0.607,-0.75,-0.5625
600963,岳阳林纸,53.96,True,3.07,3.21,0,-3.26,-14.98,-9.84,-4.26,0.0,2026-07-10,2026-07-10,32.35,-0.3322,1.6773,0.3075,0.4,0.4967,0.4876,0.231,-0.778,0.111,多周期共振看空 ⬇⬇⬇,-0.607,-0.6946,-0.495
600416,湘电股份,136.95,True,9.28,9.99,1,0.02,-16.83,-6.66,-7.08,0.0,2026-07-10,2026-07-10,25.65,0.6406,0.2223,0.4918,0.6733,0.3478,0.1803,0.2309,-0.7914,0.1043,多周期共振看空 ⬇⬇⬇,-0.7515,-0.5327,-0.5625
002890,弘宇股份,22.99,True,14.24,14.68,5,8.49,-10.63,-2.3,-2.98,0.0,2026-07-10,2026-07-10,47.17,-0.3458,-0.3181,0.4882,0.0728,0.8261,0.1864,0.2308,-0.4101,0.2949,多周期共振看空 ⬇⬇⬇,-0.3212,-0.2885,-0.3375
603169,兰石重装,82.56,True,6.32,7.14,4,7.5,-15.17,-6.48,-11.53,0.0,2026-07-10,2026-07-10,22.22,0.6527,0.8395,0.6645,0.7916,0.2716,0.0,0.2308,-0.7462,0.1269,多周期共振看空 ⬇⬇⬇,-0.7185,-0.5291,-0.495
000839,国安股份,96.82,True,2.47,2.63,2,2.87,-14.5,-6.29,-6.08,0.0,2026-07-10,2026-07-10,27.62,0.6977,0.0199,0.5965,0.6266,0.3915,0.0058,0.2307,-0.6316,0.1842,多周期共振看空 ⬇⬇⬇,-0.536,-0.5913,-0.3375
603248,锡华科技,13.97,True,19.54,21.55,0,-5.69,-15.82,-10.34,-9.34,0.0,2026-07-10,2026-07-10,25.08,0.3054,-0.3367,0.3891,0.2485,0.3351,0.3515,0.2306,-0.2363,0.3819,周线日线方向不一致,-0.7875,0.0,
600800,渤海化学,0.0,True,3.21,3.31,0,-3.04,-12.36,-9.19,-3.04,0.0,2026-07-10,2026-07-10,38.18,-0.0216,1.5844,0.4685,0.4,0.6263,0.2192,0.2305,-0.7227,0.1386,多周期共振看空 ⬇⬇⬇,-0.575,-0.6006,-0.495
600728,佳都科技,0.0,True,4.29,4.38,0,-2.12,-9.21,-5.72,-2.12,0.0,2026-07-10,2026-07-10,33.91,-0.0185,1.1351,0.2946,0.4,0.5314,0.5089,0.2305,-0.8409,0.0796,多周期共振看空 ⬇⬇⬇,-0.625,-0.75,-0.5625
600217,中再资环,48.24,True,2.91,2.98,0,-1.21,-10.63,-6.18,-2.38,0.0,2026-07-10,2026-07-10,38.27,0.3211,-0.1169,0.3402,0.3459,0.6283,0.4331,0.2304,-0.8105,0.0948,多周期共振看空 ⬇⬇⬇,-0.547,-0.75,-0.5625
003029,吉大正元,28.69,True,16.29,16.73,0,-2.61,-10.75,-6.71,-2.61,0.0,2026-07-10,2026-07-10,34.73,-0.4973,1.0758,0.34,0.4,0.5497,0.4334,0.2296,-0.8098,0.0951,多周期共振看空 ⬇⬇⬇,-0.556,-0.7408,-0.5625
002802,洪汇新材,15.85,True,10.59,11.17,0,-3.13,-11.2,-7.43,-5.22,0.0,2026-07-10,2026-07-10,29.28,0.11,0.4018,0.3828,0.4267,0.4285,0.362,0.2294,-0.6517,0.1742,多周期共振看空 ⬇⬇⬇,-0.575,-0.3769,-0.5625
601689,拓普集团,996.82,True,57.36,58.24,3,3.68,-14.65,-6.37,-1.52,0.0,2026-07-10,2026-07-10,45.13,0.0738,0.0881,0.7002,0.2795,0.7807,0.0,0.2292,-0.5508,0.2246,多周期共振看空 ⬇⬇⬇,-0.3079,-0.3842,-0.5625
605199,ST葫芦娃,23.17,True,5.79,5.81,2,1.35,-14.96,-6.58,-0.4,0.0,2026-07-10,2026-07-10,47.66,-0.0783,0.1645,0.4912,0.2658,0.837,0.1814,0.2292,-0.7411,0.1295,多周期共振看空 ⬇⬇⬇,-0.5245,-0.6167,-0.5625
601865,福莱特,184.97,True,9.73,10.3,0,-1.07,-8.92,-5.2,-5.58,0.0,2026-07-10,2026-07-10,31.31,0.2536,0.3646,0.3251,0.498,0.4736,0.4582,0.2291,-0.899,0.0505,多周期共振看空 ⬇⬇⬇,-0.774,-0.75,-0.5625
000555,神州信息,98.83,True,10.14,10.69,0,-3.32,-16.33,-8.82,-5.11,0.0,2026-07-10,2026-07-10,27.46,0.2132,0.7786,0.3741,0.5279,0.3879,0.3764,0.2291,-0.7784,0.1108,多周期共振看空 ⬇⬇⬇,-0.607,-0.628,-0.5625
603876,鼎胜新材,195.15,True,21.0,25.45,6,10.43,-17.47,-2.96,-17.47,0.0,2026-07-10,2026-07-10,23.6,0.3114,-0.1492,0.6173,0.3272,0.3023,0.0,0.229,-0.0544,0.4728,月线看多，中短期调整中,-0.6383,-0.1617,0.45
601127,赛力斯,932.76,True,59.9,62.55,0,-4.23,-14.7,-10.66,-4.23,0.0,2026-07-10,2026-07-10,32.87,0.1679,0.3418,0.3278,0.4375,0.5082,0.4537,0.229,-0.8409,0.0796,多周期共振看空 ⬇⬇⬇,-0.625,-0.75,-0.5625
603567,珍宝岛,44.9,True,4.78,4.85,0,-1.43,-29.57,-16.78,-1.43,0.0,2026-07-10,2026-07-10,45.11,-0.627,2.0653,0.7289,0.4,0.7802,0.0,0.2287,-0.7465,0.1267,多周期共振看空 ⬇⬇⬇,-0.5155,-0.6363,-0.5625
600262,北方股份,33.86,True,19.92,20.75,2,0.54,-9.56,-4.48,-3.99,0.0,2026-07-10,2026-07-10,34.64,-0.4763,0.9694,0.3996,0.4,0.5476,0.3339,0.2286,-0.7358,0.1321,多周期共振看空 ⬇⬇⬇,-0.5096,-0.6854,-0.495
002117,东港股份,41.83,True,7.99,8.27,0,-3.06,-12.39,-6.58,-3.43,0.0,2026-07-10,2026-07-10,33.17,0.2187,0.1387,0.3106,0.3867,0.5149,0.4823,0.2286,-0.7937,0.1032,多周期共振看空 ⬇⬇⬇,-0.547,-0.7131,-0.5625
603927,中科软,108.04,True,13.0,13.34,0,-2.08,-12.76,-6.42,-2.54,0.0,2026-07-10,2026-07-10,32.23,0.0886,0.896,0.3413,0.4532,0.494,0.4312,0.2285,-0.835,0.0825,多周期共振看空 ⬇⬇⬇,-0.6205,-0.7408,-0.5625
605177,东亚药业,18.63,True,16.39,17.55,0,-3.4,-20.72,-11.23,-6.61,0.0,2026-07-10,2026-07-10,37.62,0.5903,-0.5193,0.5313,0.3542,0.6138,0.1145,0.2285,-0.5665,0.2167,多周期共振看空 ⬇⬇⬇,-0.5141,-0.4668,-0.3375
603400,华之杰,14.32,True,51.15,55.48,0,-6.17,-20.68,-11.34,-7.8,0.0,2026-07-10,2026-07-10,21.99,0.2759,0.1556,0.3599,0.4278,0.2665,0.4002,0.2284,-0.4969,0.2515,多周期共振看空 ⬇⬇⬇,-0.58,-0.2575,-0.3375
600207,安彩高科,50.22,True,4.61,5.6,0,-0.75,-22.24,-12.07,-17.74,0.0,2026-07-10,2026-07-10,18.67,0.7863,-0.5245,0.6719,0.4718,0.1927,0.0,0.2284,-0.1587,0.4206,多周期方向不一致，观望,-0.6705,-0.121,-0.0018
002899,英派斯,30.12,True,20.38,22.55,0,-2.09,-13.73,-8.76,-9.63,0.0,2026-07-10,2026-07-10,39.4,0.2913,0.001,0.4764,0.3752,0.6534,0.206,0.2284,-0.7219,0.1391,多周期共振看空 ⬇⬇⬇,-0.9115,-0.4679,-0.3375
600884,杉杉股份,215.81,True,11.76,13.48,5,4.24,-12.75,-3.24,-12.75,0.0,2026-07-10,2026-07-10,18.94,0.2999,0.1199,0.4892,0.4279,0.1986,0.1847,0.2283,-0.2446,0.3777,月线震荡，中短期走弱,-0.5581,-0.2404,-0.1033
603319,美湖股份,106.49,True,31.4,33.68,2,1.53,-14.12,-5.51,-6.77,0.0,2026-07-10,2026-07-10,38.41,0.5293,-0.5072,0.5425,0.3176,0.6313,0.0958,0.2283,-0.5163,0.2419,多周期共振看空 ⬇⬇⬇,-0.3368,-0.351,-0.495
002478,常宝股份,44.01,True,6.09,6.41,0,-2.23,-10.79,-5.7,-5.04,0.0,2026-07-10,2026-07-10,28.57,-0.049,0.996,0.3115,0.4,0.4127,0.4809,0.2283,-0.6937,0.1532,多周期共振看空 ⬇⬇⬇,-0.607,-0.6669,-0.3375
002798,帝欧水华,26.72,True,5.17,5.51,0,-1.11,-16.43,-10.26,-6.24,0.0,2026-07-10,2026-07-10,39.15,0.5588,-0.6458,0.5659,0.3353,0.6478,0.0568,0.2282,-0.5333,0.2334,多周期共振看空 ⬇⬇⬇,-0.4572,-0.2852,-0.495
002347,泰尔股份,27.88,True,5.65,6.03,0,-1.95,-13.64,-9.0,-6.29,0.0,2026-07-10,2026-07-10,35.48,-0.294,0.4719,0.4336,0.3888,0.5663,0.2774,0.2281,-0.699,0.1505,多周期共振看空 ⬇⬇⬇,-0.5705,-0.5523,-0.495
603356,华菱精工,21.73,True,16.3,17.52,6,5.86,-9.47,-3.15,-6.98,0.0,2026-07-10,2026-07-10,46.05,0.0444,-0.2028,0.8399,0.1455,0.8011,0.0,0.228,-0.3699,0.315,多周期共振看空 ⬇⬇⬇,-0.4128,-0.3037,-0.1554
603758,秦安股份,42.17,True,9.61,9.76,4,5.11,-13.36,-6.06,-1.52,0.0,2026-07-10,2026-07-10,48.59,0.1201,0.0336,0.4941,0.2855,0.8575,0.1764,0.2279,-0.8037,0.0982,多周期共振看空 ⬇⬇⬇,-0.5618,-0.7223,-0.5625
605180,华生科技,19.5,True,11.54,12.71,2,1.53,-11.74,-6.01,-9.18,0.0,2026-07-10,2026-07-10,31.54,0.5539,-0.0071,0.4958,0.5295,0.4787,0.1736,0.2277,-0.7385,0.1307,多周期共振看空 ⬇⬇⬇,-0.7425,-0.4242,-0.5625
001333,光华股份,24.32,True,19.0,19.4,3,2.18,-11.32,-6.71,-2.05,0.0,2026-07-10,2026-07-10,45.16,0.2717,-0.606,0.3541,0.163,0.7812,0.4099,0.2274,-0.7067,0.1467,多周期共振看空 ⬇⬇⬇,-0.5566,-0.581,-0.495
002533,金杯电工,67.14,True,10.53,10.94,1,0.56,-13.69,-5.97,-3.76,0.0,2026-07-10,2026-07-10,29.93,0.4538,-0.1373,0.3959,0.4174,0.4429,0.3401,0.2273,-0.6528,0.1736,多周期共振看空 ⬇⬇⬇,-0.5891,-0.5923,-0.3375
600501,航天晨光,67.64,True,15.81,16.06,0,-1.56,-11.97,-8.5,-1.56,0.0,2026-07-10,2026-07-10,44.11,-0.2283,3.4578,0.5366,0.4,0.758,0.1056,0.2272,-0.8164,0.0918,多周期共振看空 ⬇⬇⬇,-0.616,-0.7038,-0.5625
600582,天地科技,192.03,True,4.64,4.74,5,2.29,-13.32,-4.6,-2.11,0.0,2026-07-10,2026-07-10,42.4,0.3753,-0.3877,0.351,0.2701,0.72,0.4151,0.2271,-0.8112,0.0944,多周期共振看空 ⬇⬇⬇,-0.5488,-0.75,-0.5625
603677,奇精机械,24.19,True,12.56,13.36,0,-2.87,-16.22,-10.64,-5.98,0.0,2026-07-10,2026-07-10,37.68,0.4393,-0.3383,0.39,0.3283,0.6151,0.3501,0.2271,-0.7266,0.1367,多周期共振看空 ⬇⬇⬇,-0.5075,-0.5994,-0.5625
002749,国光股份,0.0,True,7.97,8.16,0,-0.72,-10.12,-5.93,-2.37,0.0,2026-07-10,2026-07-10,36.0,-0.3843,0.4525,0.3398,0.381,0.5778,0.4336,0.227,-0.8339,0.0831,多周期共振看空 ⬇⬇⬇,-0.607,-0.75,-0.5625
002316,亚联发展,14.01,True,4.11,4.24,0,-2.79,-13.02,-8.32,-3.03,0.0,2026-07-10,2026-07-10,35.71,0.3002,0.0502,0.4133,0.4002,0.5714,0.3112,0.2268,-0.7605,0.1198,多周期共振看空 ⬇⬇⬇,-0.616,-0.581,-0.5625
002459,晶澳科技,251.65,True,7.61,8.2,2,7.24,-9.96,-4.66,-7.25,0.0,2026-07-10,2026-07-10,37.65,0.6079,0.0168,0.5359,0.5714,0.6144,0.1068,0.2268,-0.9226,0.0387,多周期共振看空 ⬇⬇⬇,-0.8345,-0.75,-0.5625
002232,启明信息,58.63,True,14.35,14.5,3,1.25,-9.79,-4.45,-1.02,0.0,2026-07-10,2026-07-10,45.65,0.0541,0.153,0.4711,0.2937,0.7923,0.2149,0.2267,-0.7791,0.1104,多周期共振看空 ⬇⬇⬇,-0.5546,-0.6744,-0.5625
001225,和泰机电,8.45,True,40.15,41.55,1,1.89,-14.06,-7.73,-3.36,0.0,2026-07-10,2026-07-10,46.43,0.3646,-0.3856,0.5831,0.2645,0.8096,0.0282,0.2267,-0.6038,0.1981,多周期共振看空 ⬇⬇⬇,-0.4132,-0.4778,-0.495
000401,金隅冀东,91.83,True,3.49,3.56,0,-1.62,-10.59,-5.14,-1.95,0.0,2026-07-10,2026-07-10,39.24,-0.2247,0.0954,0.2771,0.2382,0.6498,0.5381,0.2266,-0.7782,0.1109,多周期共振看空 ⬇⬇⬇,-0.5181,-0.7038,-0.5625
603028,赛福天,18.73,True,6.59,6.91,0,-3.4,-12.39,-8.51,-4.63,0.0,2026-07-10,2026-07-10,34.85,-0.1641,0.4759,0.4109,0.3904,0.5523,0.3151,0.2266,-0.7263,0.1369,多周期共振看空 ⬇⬇⬇,-0.607,-0.581,-0.495
000881,中广核技,55.94,True,6.19,6.55,0,-2.37,-12.95,-7.52,-5.45,0.0,2026-07-10,2026-07-10,31.93,0.6348,-0.6164,0.3403,0.3809,0.4873,0.4328,0.2265,-0.7287,0.1356,多周期共振看空 ⬇⬇⬇,-0.6025,-0.5226,-0.5625
600633,浙数文化,133.53,True,10.53,10.51,1,0.22,-11.41,-6.17,0.22,0.0,2026-07-09,2026-07-10,40.29,0.0459,0.0149,0.3283,0.2335,0.6731,0.4529,0.2264,-0.7322,0.1339,多周期共振看空 ⬇⬇⬇,-0.547,-0.5779,-0.5625
603551,奥普科技,34.95,True,9.2,9.23,2,1.79,-11.19,-4.93,-0.3,0.0,2026-07-10,2026-07-10,48.9,0.1189,-0.5882,0.3018,0.0713,0.8644,0.497,0.2262,-0.7393,0.1304,多周期共振看空 ⬇⬇⬇,-0.4828,-0.6485,-0.5625
002912,中新赛克,29.96,True,18.47,18.85,0,-1.73,-12.64,-6.1,-2.03,0.0,2026-07-10,2026-07-10,39.25,0.134,0.0545,0.3152,0.3022,0.65,0.4746,0.2262,-0.8339,0.0831,多周期共振看空 ⬇⬇⬇,-0.607,-0.75,-0.5625
601218,吉鑫科技,40.6,True,4.19,4.44,0,-4.46,-12.49,-8.59,-5.73,0.0,2026-07-10,2026-07-10,29.09,-0.0386,0.3452,0.3074,0.3381,0.4242,0.4876,0.2261,-0.6317,0.1841,多周期共振看空 ⬇⬇⬇,-0.625,-0.5152,-0.3375
603171,税友股份,164.47,True,40.52,41.51,0,-2.39,-15.55,-9.19,-2.39,0.0,2026-07-10,2026-07-10,35.25,-0.1115,0.6943,0.4735,0.4,0.5611,0.2108,0.226,-0.674,0.163,多周期共振看空 ⬇⬇⬇,-0.6115,-0.4622,-0.495
603370,华新精科,11.87,True,33.91,38.28,0,-0.31,-14.0,-7.07,-11.42,0.0,2026-07-10,2026-07-10,23.1,0.2447,0.4935,0.4324,0.5442,0.2912,0.2793,0.2259,-0.6367,0.1816,周线日线共振看空,-0.684,-0.3991,
002418,康盛股份,41.36,True,3.64,4.08,3,8.05,-16.51,-8.49,-10.76,0.0,2026-07-10,2026-07-10,25.94,0.563,0.1976,0.7298,0.6168,0.3543,0.0,0.2256,-0.6076,0.1962,多周期共振看空 ⬇⬇⬇,-0.7417,-0.2047,-0.495
001367,海森药业,22.98,True,18.89,19.52,4,3.07,-8.02,-2.98,-3.2,0.0,2026-07-10,2026-07-10,42.09,0.3712,-0.3908,0.4553,0.2664,0.7131,0.2412,0.2255,-0.6711,0.1644,多周期共振看空 ⬇⬇⬇,-0.4393,-0.536,-0.5625
002733,雄韬股份,85.98,True,23.31,30.8,10,20.18,-26.12,-4.75,-24.31,0.0,2026-07-10,2026-07-10,20.31,0.392,-0.3325,0.8963,0.3022,0.2292,0.0,0.2253,0.0438,0.5219,多周期方向不一致，观望,-0.3155,0.0129,0.45
600148,长春一东,20.85,True,14.73,15.27,0,-1.19,-9.86,-5.96,-3.56,0.0,2026-07-10,2026-07-10,37.62,0.4285,-0.379,0.329,0.3055,0.6139,0.4516,0.2253,-0.7839,0.108,多周期共振看空 ⬇⬇⬇,-0.6115,-0.6363,-0.5625
002540,亚太科技,40.85,True,4.76,4.85,0,-0.27,-9.48,-4.88,-1.85,0.0,2026-07-10,2026-07-10,37.23,-0.2394,0.1502,0.2751,0.2601,0.6052,0.5416,0.2252,-0.7743,0.1129,多周期共振看空 ⬇⬇⬇,-0.4756,-0.7315,-0.5625
000877,天山股份,260.24,True,3.66,3.8,0,-3.37,-9.28,-6.24,-3.76,0.0,2026-07-10,2026-07-10,30.0,-0.1131,0.8294,0.2511,0.4,0.4444,0.5815,0.2249,-0.8392,0.0804,多周期共振看空 ⬇⬇⬇,-0.6205,-0.75,-0.5625
000039,中集集团,188.72,True,8.2,8.49,0,-3.45,-12.89,-9.4,-3.45,0.0,2026-07-10,2026-07-10,35.77,0.5635,-0.5807,0.4483,0.3381,0.5726,0.2528,0.2248,-0.6317,0.1841,多周期共振看空 ⬇⬇⬇,-0.625,-0.5152,-0.3375
605333,沪光股份,77.17,True,16.63,17.58,0,-0.4,-12.43,-7.55,-5.4,0.0,2026-07-10,2026-07-10,37.36,-0.4566,0.6587,0.4056,0.4,0.6081,0.3239,0.2246,-0.8322,0.0839,多周期共振看空 ⬇⬇⬇,-0.6025,-0.75,-0.5625
600682,南京新百,63.56,True,5.46,5.55,4,1.52,-10.73,-3.25,-1.64,0.0,2026-07-10,2026-07-10,42.72,0.3314,-0.326,0.4445,0.2684,0.7272,0.2591,0.2245,-0.7134,0.1433,多周期共振看空 ⬇⬇⬇,-0.3302,-0.7223,-0.5625
000949,新乡化纤,91.27,True,5.51,6.47,6,7.46,-15.76,-4.19,-14.81,0.0,2026-07-10,2026-07-10,33.53,-0.2161,0.4748,0.6938,0.3899,0.5228,0.0,0.2243,-0.4569,0.2716,多周期共振看空 ⬇⬇⬇,-0.5009,-0.3048,-0.27
002572,索菲亚,50.1,True,7.69,7.85,0,-0.61,-11.8,-7.42,-1.98,0.0,2026-07-10,2026-07-10,42.92,-0.5627,0.0923,0.3448,0.2369,0.7316,0.4254,0.2241,-0.8046,0.0977,多周期共振看空 ⬇⬇⬇,-0.5425,-0.7408,-0.5625
001278,一彬科技,12.81,True,15.02,16.08,0,-2.47,-14.75,-8.01,-6.59,0.0,2026-07-10,2026-07-10,31.56,0.4675,-0.1539,0.3776,0.419,0.4791,0.3706,0.224,-0.7496,0.1252,多周期共振看空 ⬇⬇⬇,-0.6115,-0.6283,-0.495
600152,维科技术,44.76,True,8.46,10.06,1,4.73,-18.02,-9.56,-15.92,0.0,2026-07-10,2026-07-10,27.95,0.2824,-0.2672,0.7065,0.2626,0.399,0.0,0.2239,-0.1077,0.4461,月线看多，中短期调整中,-0.5078,-0.2575,0.18
001238,浙江正特,38.77,True,26.71,28.37,3,0.73,-7.54,-3.55,-5.84,0.0,2026-07-10,2026-07-10,30.76,0.6966,-0.7429,0.3087,0.418,0.4613,0.4854,0.2238,-0.8199,0.0901,多周期共振看空 ⬇⬇⬇,-0.5818,-0.7408,-0.5625
001211,双枪科技,19.98,True,21.41,27.02,4,8.22,-24.82,-13.71,-20.76,0.0,2026-07-10,2026-07-10,1.67,0.7881,-0.4007,0.5674,0.5126,0.0,0.0544,0.2236,-0.0746,0.4627,多周期方向不一致，观望,-0.6427,-0.1144,0.3375
002908,德生科技,20.85,True,6.48,6.7,0,-2.93,-10.21,-5.93,-3.25,0.0,2026-07-10,2026-07-10,35.36,-0.1204,0.8345,0.3696,0.4,0.5635,0.384,0.2235,-0.8357,0.0822,多周期共振看空 ⬇⬇⬇,-0.6115,-0.75,-0.5625
601966,玲珑轮胎,155.13,True,10.6,10.77,0,-0.32,-11.4,-5.56,-1.56,0.0,2026-07-10,2026-07-10,45.31,-0.1282,-0.1196,0.2915,0.1521,0.7846,0.5141,0.2234,-0.8088,0.0956,多周期共振看空 ⬇⬇⬇,-0.5425,-0.75,-0.5625
002270,华明装备,163.02,True,18.19,19.71,4,2.82,-16.78,-5.18,-7.71,0.0,2026-07-10,2026-07-10,27.15,0.6399,0.1146,0.6621,0.6298,0.3812,0.0,0.2234,-0.6782,0.1609,多周期共振看空 ⬇⬇⬇,-0.5348,-0.6946,-0.3375
603172,万丰股份,22.1,True,16.57,17.55,0,-1.55,-10.57,-6.6,-5.59,0.0,2026-07-10,2026-07-10,34.59,0.3442,-0.131,0.4681,0.3541,0.5464,0.2198,0.2233,-0.612,0.194,多周期共振看空 ⬇⬇⬇,-0.5193,-0.5625,-0.3375
002372,伟星新材,117.37,True,7.98,8.49,0,-1.39,-10.41,-6.25,-5.98,0.0,2026-07-10,2026-07-10,31.21,-0.2666,2.8243,0.3096,0.4,0.4714,0.484,0.2232,-0.8072,0.0964,多周期共振看空 ⬇⬇⬇,-0.682,-0.6946,-0.495
600869,远东股份,496.69,True,22.38,31.12,14,32.01,-28.09,7.65,-28.09,0.0,2026-07-10,2026-07-10,11.44,0.0169,-0.0914,0.8456,0.1736,0.032,0.0,0.2231,0.4683,0.7341,上升趋势中的日线整理,-0.1122,0.75,0.5625
001269,欧晶科技,38.08,True,19.79,22.51,6,15.79,-18.68,-8.38,-12.09,0.0,2026-07-10,2026-07-10,34.72,0.7783,-0.6094,0.7466,0.467,0.5494,0.0,0.2231,-0.6217,0.1891,多周期共振看空 ⬇⬇⬇,-0.4568,-0.4123,-0.5625
600328,中盐化工,87.54,True,5.97,6.34,2,0.35,-8.66,-4.65,-5.84,0.0,2026-07-10,2026-07-10,25.0,0.3768,0.1955,0.3604,0.5043,0.3333,0.3994,0.2228,-0.7441,0.128,多周期共振看空 ⬇⬇⬇,-0.5525,-0.6669,-0.495
603709,中源家居,16.99,True,13.58,14.18,0,-3.17,-10.21,-7.2,-4.25,0.0,2026-07-10,2026-07-10,33.25,0.0997,0.0422,0.3423,0.2767,0.5166,0.4294,0.2227,-0.625,0.1875,多周期共振看空 ⬇⬇⬇,-0.597,-0.5244,-0.3375
002537,海联金汇,62.63,True,5.35,5.6,0,-3.01,-10.66,-6.38,-4.54,0.0,2026-07-10,2026-07-10,27.86,0.2165,0.4957,0.3812,0.5282,0.3968,0.3646,0.2227,-0.8315,0.0842,多周期共振看空 ⬇⬇⬇,-0.6115,-0.7408,-0.5625
002212,天融信,67.44,True,5.78,5.91,0,-2.24,-11.92,-6.62,-2.24,0.0,2026-07-10,2026-07-10,40.19,0.0081,1.0351,0.4838,0.4048,0.6709,0.1937,0.2223,-0.829,0.0855,多周期共振看空 ⬇⬇⬇,-0.616,-0.7315,-0.5625
603258,电魂网络,28.74,True,11.91,12.32,0,-3.3,-10.82,-6.95,-3.3,0.0,2026-07-10,2026-07-10,34.07,-0.4685,1.2986,0.3536,0.4,0.5349,0.4107,0.2222,-0.8325,0.0837,多周期共振看空 ⬇⬇⬇,-0.625,-0.7315,-0.5625
603790,雅运股份,42.0,True,21.95,24.04,2,1.97,-14.67,-6.16,-8.7,0.0,2026-07-10,2026-07-10,31.68,-0.1421,-0.0671,0.683,0.1731,0.4817,0.0,0.2222,-0.0773,0.4613,多周期方向不一致，观望,-0.5147,-0.0784,0.18
002122,ST汇洲,48.9,True,2.46,2.45,4,2.8,-14.89,-5.14,0.59,0.0,2026-07-09,2026-07-10,50.0,-0.5053,-0.1106,0.4565,0.1557,0.8889,0.2391,0.2221,-0.7307,0.1346,多周期共振看空 ⬇⬇⬇,-0.3855,-0.7131,-0.5625
000868,安凯客车,31.94,True,3.4,3.48,0,-2.33,-10.45,-5.78,-2.33,0.0,2026-07-10,2026-07-10,39.19,0.4425,-0.6047,0.315,0.2655,0.6486,0.4751,0.222,-0.807,0.0965,多周期共振看空 ⬇⬇⬇,-0.538,-0.75,-0.5625
002783,凯龙股份,32.51,True,7.05,7.31,2,0.54,-9.82,-4.24,-3.6,0.0,2026-07-10,2026-07-10,43.22,0.3909,-0.6418,0.4207,0.2345,0.7382,0.2989,0.2219,-0.7253,0.1374,多周期共振看空 ⬇⬇⬇,-0.3825,-0.7038,-0.5625
000737,北方铜业,237.5,True,12.47,13.75,8,10.62,-9.96,-2.28,-9.3,0.0,2026-07-10,2026-07-10,16.87,0.8134,0.0003,0.6696,0.6882,0.1527,0.0,0.2219,-0.5089,0.2455,多周期共振看空 ⬇⬇⬇,-0.2299,-0.4265,-0.495
603013,亚普股份,83.81,True,16.49,16.77,2,3.82,-13.09,-6.15,-1.67,0.0,2026-07-10,2026-07-10,44.7,0.2804,-0.1889,0.504,0.2926,0.7711,0.16,0.2219,-0.7463,0.1269,多周期共振看空 ⬇⬇⬇,-0.492,-0.656,-0.5625
603015,弘讯科技,42.85,True,10.6,11.94,9,7.32,-13.9,-2.32,-11.25,0.0,2026-07-10,2026-07-10,35.98,0.6781,-0.6249,0.6072,0.4069,0.5774,0.0,0.2219,-0.5683,0.2158,多周期共振看空 ⬇⬇⬇,-0.379,-0.4291,-0.495
002284,亚太股份,69.34,True,9.47,9.98,1,1.52,-13.41,-7.43,-5.12,0.0,2026-07-10,2026-07-10,37.23,-0.1758,0.4632,0.4189,0.3853,0.6051,0.3019,0.2219,-0.8088,0.0956,多周期共振看空 ⬇⬇⬇,-0.6643,-0.7131,-0.495
603613,国联股份,131.21,True,18.21,19.12,0,-1.28,-16.55,-9.52,-4.74,0.0,2026-07-10,2026-07-10,36.56,0.2935,-0.0609,0.4033,0.3517,0.5903,0.3279,0.2218,-0.7588,0.1206,多周期共振看空 ⬇⬇⬇,-0.625,-0.5694,-0.5625
002942,新农股份,20.08,True,14.47,15.13,0,-0.72,-9.17,-5.61,-4.38,0.0,2026-07-10,2026-07-10,36.92,-0.4811,0.245,0.3503,0.298,0.5981,0.4161,0.2216,-0.7546,0.1227,多周期共振看空 ⬇⬇⬇,-0.547,-0.6946,-0.495
600550,保变电气,200.54,True,10.89,11.89,2,1.98,-13.7,-6.4,-8.42,0.0,2026-07-10,2026-07-10,16.04,0.7256,0.2391,0.497,0.731,0.1342,0.1716,0.2214,-0.6963,0.1518,多周期共振看空 ⬇⬇⬇,-0.6458,-0.6392,-0.3375
003019,宸展光电,47.21,True,27.6,30.51,0,-3.78,-19.71,-11.75,-9.54,0.0,2026-07-10,2026-07-10,33.04,0.4307,-0.19,0.6931,0.3824,0.512,0.0,0.2214,-0.455,0.2725,多周期共振看空 ⬇⬇⬇,-0.5664,-0.177,-0.3375
600326,西藏天路,87.61,True,6.43,6.75,0,-3.23,-11.49,-7.46,-4.72,0.0,2026-07-10,2026-07-10,30.36,-0.2059,0.7748,0.2853,0.4,0.4524,0.5245,0.2212,-0.8332,0.0834,多周期共振看空 ⬇⬇⬇,-0.616,-0.7408,-0.5625
003006,百亚股份,58.67,True,13.69,14.63,2,1.84,-11.06,-4.48,-6.44,0.0,2026-07-10,2026-07-10,43.7,-0.1385,0.948,0.5557,0.4,0.7488,0.0738,0.2209,-0.8301,0.085,多周期共振看空 ⬇⬇⬇,-0.6188,-0.7315,-0.5625
002295,精艺股份,20.91,True,8.35,9.04,0,-0.48,-11.68,-7.15,-7.66,0.0,2026-07-10,2026-07-10,19.01,0.5477,0.2868,0.3487,0.6433,0.2002,0.4188,0.2206,-0.8396,0.0802,多周期共振看空 ⬇⬇⬇,-0.765,-0.6271,-0.5625
000822,山东海化,35.98,True,4.02,4.22,0,-4.6,-10.34,-7.36,-4.78,0.0,2026-07-10,2026-07-10,29.47,-0.0094,0.5086,0.2939,0.4,0.4327,0.5102,0.2205,-0.8031,0.0984,多周期共振看空 ⬇⬇⬇,-0.625,-0.6669,-0.5625
001368,通达创智,22.83,True,21.12,21.63,0,-0.13,-10.87,-7.05,-2.38,0.0,2026-07-10,2026-07-10,43.13,-0.2242,-0.2713,0.3251,0.0915,0.7363,0.4582,0.2204,-0.6331,0.1835,多周期共振看空 ⬇⬇⬇,-0.538,-0.4352,-0.495
002005,ST德豪,42.22,True,2.41,2.5,0,-1.06,-17.56,-7.43,-3.46,0.0,2026-07-10,2026-07-10,42.86,-0.2886,0.0988,0.546,0.2395,0.7302,0.09,0.2203,-0.5693,0.2153,多周期共振看空 ⬇⬇⬇,-0.52,-0.4679,-0.3375
603488,展鹏科技,26.02,True,8.91,10.71,8,11.5,-22.69,-6.73,-16.81,0.0,2026-07-10,2026-07-10,20.39,0.6981,-0.5696,0.7164,0.4189,0.2309,0.0,0.2202,-0.1857,0.4072,多周期方向不一致，观望,-0.5145,-0.1052,-0.27
002098,浔兴股份,23.13,True,6.46,6.61,0,-1.16,-8.15,-5.16,-2.25,0.0,2026-07-10,2026-07-10,39.01,-0.0728,0.0846,0.2914,0.2338,0.6446,0.5143,0.2202,-0.7975,0.1013,多周期共振看空 ⬇⬇⬇,-0.5244,-0.7408,-0.5625
000635,英 力 特,22.12,True,6.03,6.37,0,-1.19,-9.88,-5.88,-5.37,0.0,2026-07-10,2026-07-10,25.55,0.7881,-0.5152,0.3344,0.4729,0.3455,0.4427,0.22,-0.7655,0.1173,多周期共振看空 ⬇⬇⬇,-0.4423,-0.7408,-0.5625
002531,天顺风能,0.0,True,7.56,8.59,0,-5.74,-16.87,-11.01,-11.98,0.0,2026-07-10,2026-07-10,17.65,0.2337,-0.0548,0.3659,0.3183,0.1699,0.3901,0.22,-0.2653,0.3674,月线震荡，中短期走弱,-0.7875,-0.2852,0.0684
000678,襄阳轴承,38.93,True,8.47,9.0,0,-1.22,-19.97,-12.86,-5.88,0.0,2026-07-10,2026-07-10,44.13,0.0018,0.9789,0.6373,0.4011,0.7585,0.0,0.2198,-0.7936,0.1032,多周期共振看空 ⬇⬇⬇,-0.6025,-0.6652,-0.5625
603185,弘元绿能,100.5,True,14.8,16.31,0,-0.51,-13.81,-6.56,-9.24,0.0,2026-07-10,2026-07-10,29.47,0.3527,0.844,0.4861,0.6116,0.4326,0.1899,0.2193,-0.8955,0.0523,多周期共振看空 ⬇⬇⬇,-0.765,-0.75,-0.5625
603348,文灿股份,42.55,True,13.53,14.04,0,-1.76,-12.44,-7.17,-3.62,0.0,2026-07-10,2026-07-10,38.97,0.1988,-0.0724,0.3449,0.2903,0.6439,0.4252,0.2193,-0.8231,0.0884,多周期共振看空 ⬇⬇⬇,-0.6115,-0.7223,-0.5625
002362,汉王科技,32.16,True,15.49,16.25,6,11.56,-13.59,-4.64,-4.7,0.0,2026-07-10,2026-07-10,30.27,0.8458,-0.7376,0.4551,0.5075,0.4504,0.2415,0.2191,-0.7932,0.1034,多周期共振看空 ⬇⬇⬇,-0.5838,-0.6805,-0.5625
002360,ST同德,16.89,True,5.19,5.14,4,3.38,-18.32,-6.95,0.94,0.0,2026-07-09,2026-07-10,51.59,0.1318,-0.494,0.5833,0.0815,0.9242,0.0278,0.2189,-0.5101,0.245,多周期共振看空 ⬇⬇⬇,-0.4962,-0.506,-0.1897
600103,青山纸业,63.94,True,2.89,3.21,0,-3.75,-15.01,-10.38,-9.88,0.0,2026-07-10,2026-07-10,21.51,0.6827,-0.3007,0.3795,0.4894,0.2557,0.3674,0.2183,-0.637,0.1815,多周期共振看空 ⬇⬇⬇,-0.7695,-0.3129,-0.4275
603022,新通联,16.08,True,8.04,8.4,0,-4.28,-11.91,-8.6,-4.28,0.0,2026-07-10,2026-07-10,33.76,-0.1854,0.2297,0.34,0.2919,0.528,0.4334,0.2183,-0.7013,0.1493,多周期共振看空 ⬇⬇⬇,-0.598,-0.5337,-0.495
002434,万里扬,78.68,True,6.0,6.39,2,1.23,-13.69,-6.4,-6.07,0.0,2026-07-10,2026-07-10,37.05,0.3382,0.2341,0.5487,0.4966,0.6012,0.0854,0.2183,-0.838,0.081,多周期共振看空 ⬇⬇⬇,-0.6175,-0.75,-0.5625
002057,中钢天源,0.0,True,9.13,11.87,17,27.01,-23.09,8.57,-23.09,0.0,2026-07-10,2026-07-10,22.91,-0.2241,0.1134,0.8519,0.2454,0.2869,0.0,0.2181,0.0076,0.5038,⚠️ 月线空头下的短期反弹，不宜追高,0.1555,0.246,-0.2925
603308,应流股份,366.35,True,53.95,61.18,6,7.41,-15.32,-4.33,-11.82,0.0,2026-07-10,2026-07-10,21.82,0.2524,-0.0356,0.6323,0.3372,0.2627,0.0,0.218,-0.111,0.4445,月线看多，中短期调整中,-0.5047,-0.276,0.18
002164,宁波东力,54.31,True,11.32,12.26,2,1.69,-11.68,-5.35,-7.7,0.0,2026-07-10,2026-07-10,34.13,0.7038,-0.777,0.5307,0.4223,0.5362,0.1154,0.2176,-0.6708,0.1646,多周期共振看空 ⬇⬇⬇,-0.4749,-0.5048,-0.5625
002331,皖通科技,28.32,True,7.02,7.58,0,-3.34,-12.55,-8.11,-7.38,0.0,2026-07-10,2026-07-10,25.12,0.0611,0.521,0.3474,0.4367,0.3359,0.4211,0.2174,-0.6995,0.1502,多周期共振看空 ⬇⬇⬇,-0.7515,-0.3982,-0.495
601216,君正集团,367.05,True,4.35,4.45,2,0.59,-10.33,-3.77,-2.33,0.0,2026-07-10,2026-07-10,35.51,0.0803,-0.0889,0.3471,0.2127,0.567,0.4215,0.2169,-0.6226,0.1887,多周期共振看空 ⬇⬇⬇,-0.302,-0.6144,-0.495
001306,夏厦精密,8.48,True,54.71,57.87,2,6.15,-12.22,-5.85,-5.47,0.0,2026-07-10,2026-07-10,41.6,0.169,0.3007,0.6578,0.4217,0.7022,0.0,0.2168,-0.783,0.1085,多周期共振看空 ⬇⬇⬇,-0.6197,-0.6271,-0.5625
002757,南兴股份,50.77,True,18.0,19.14,0,-5.8,-19.45,-10.84,-5.96,0.0,2026-07-10,2026-07-10,31.64,0.0122,1.3385,0.6078,0.4073,0.4809,0.0,0.2166,-0.4964,0.2518,多周期共振看空 ⬇⬇⬇,-0.58,-0.2563,-0.3375
600883,博闻科技,16.64,True,7.05,7.34,0,-3.12,-9.64,-6.87,-3.98,0.0,2026-07-10,2026-07-10,34.01,-0.0772,0.0812,0.3433,0.2325,0.5336,0.4278,0.2165,-0.6228,0.1886,多周期共振看空 ⬇⬇⬇,-0.5255,-0.4234,-0.495
603282,亚光股份,18.64,True,13.93,14.67,3,3.93,-9.89,-4.22,-5.06,0.0,2026-07-10,2026-07-10,33.0,0.6336,-0.2594,0.4883,0.4764,0.5112,0.1861,0.2164,-0.7931,0.1034,多周期共振看空 ⬇⬇⬇,-0.5563,-0.7038,-0.5625
002229,鸿博股份,49.41,True,10.02,11.02,0,-1.15,-22.27,-13.67,-9.09,0.0,2026-07-10,2026-07-10,28.77,0.635,-0.1013,0.5231,0.5405,0.417,0.1282,0.2163,-0.7371,0.1315,多周期共振看空 ⬇⬇⬇,-0.6205,-0.5256,-0.5625
002184,海得控制,22.45,True,9.34,9.88,1,1.08,-15.83,-8.94,-5.46,0.0,2026-07-10,2026-07-10,39.14,0.2771,0.0202,0.5469,0.3743,0.6476,0.0886,0.2163,-0.7161,0.142,多周期共振看空 ⬇⬇⬇,-0.459,-0.6179,-0.5625
003028,振邦智能,15.74,True,22.32,23.37,2,2.18,-13.12,-7.47,-4.48,0.0,2026-07-10,2026-07-10,38.58,0.0051,0.3434,0.5076,0.3404,0.6351,0.1539,0.2161,-0.7013,0.1493,多周期共振看空 ⬇⬇⬇,-0.5995,-0.465,-0.5625
601600,中国铝业,1102.48,True,8.35,8.95,0,-1.79,-17.98,-11.07,-6.68,0.0,2026-07-10,2026-07-10,24.05,0.3816,0.3915,0.5523,0.5856,0.3123,0.0794,0.216,-0.6471,0.1764,多周期共振看空 ⬇⬇⬇,-0.575,-0.5918,-0.3375
003003,天元股份,11.98,True,10.17,10.37,0,-0.73,-10.12,-6.21,-1.94,0.0,2026-07-10,2026-07-10,36.91,0.0747,-0.0658,0.3049,0.2185,0.598,0.4919,0.2157,-0.7347,0.1326,多周期共振看空 ⬇⬇⬇,-0.607,-0.5994,-0.495
002278,神开股份,27.41,True,7.64,7.94,0,-3.44,-10.17,-6.67,-3.82,0.0,2026-07-10,2026-07-10,34.6,-0.3267,0.2382,0.3324,0.2953,0.5466,0.446,0.2155,-0.7612,0.1194,多周期共振看空 ⬇⬇⬇,-0.625,-0.5748,-0.5625
000410,沈阳机床,90.67,True,4.6,4.87,1,0.37,-11.31,-5.59,-5.51,0.0,2026-07-10,2026-07-10,38.04,0.4138,-0.1999,0.4343,0.3683,0.623,0.2762,0.2155,-0.8339,0.0831,多周期共振看空 ⬇⬇⬇,-0.607,-0.75,-0.5625
000778,新兴铸管,141.72,True,3.64,3.8,0,-1.43,-9.72,-5.11,-4.17,0.0,2026-07-10,2026-07-10,21.62,0.1413,0.1807,0.273,0.357,0.2583,0.5449,0.2154,-0.5942,0.2029,多周期共振看空 ⬇⬇⬇,-0.4174,-0.6107,-0.3375
605258,协和电子,23.87,True,27.13,32.77,6,4.76,-20.62,-5.95,-17.21,0.0,2026-07-10,2026-07-10,20.81,0.648,-0.4562,0.6142,0.4063,0.2403,0.0,0.2153,-0.2164,0.3918,多周期方向不一致，观望,-0.6225,-0.1475,-0.27
603326,我乐家居,20.08,True,6.29,6.48,0,-2.63,-9.56,-6.74,-2.89,0.0,2026-07-10,2026-07-10,39.24,0.0704,-0.0394,0.2974,0.2265,0.6498,0.5043,0.2153,-0.8231,0.0884,多周期共振看空 ⬇⬇⬇,-0.6115,-0.7223,-0.5625
600558,大西洋,42.73,True,4.76,5.12,3,0.69,-9.87,-4.9,-7.04,0.0,2026-07-10,2026-07-10,21.74,0.6214,-0.2185,0.2942,0.4855,0.2609,0.5097,0.2153,-0.775,0.1125,多周期共振看空 ⬇⬇⬇,-0.6889,-0.6179,-0.495
000985,大庆华科,18.75,True,14.46,14.98,0,-3.46,-10.2,-6.88,-3.46,0.0,2026-07-10,2026-07-10,37.7,-0.2094,0.0952,0.3167,0.2381,0.6155,0.4722,0.2152,-0.7756,0.1122,多周期共振看空 ⬇⬇⬇,-0.6115,-0.6854,-0.495
002862,实丰文化,16.61,True,12.92,13.49,0,-4.24,-14.65,-9.8,-4.24,0.0,2026-07-10,2026-07-10,31.55,-0.4043,0.2479,0.3119,0.2991,0.4788,0.4801,0.215,-0.7174,0.1413,多周期共振看空 ⬇⬇⬇,-0.6025,-0.4977,-0.5625
002506,协鑫集成,157.8,True,2.7,3.01,0,-0.42,-14.59,-8.36,-10.34,0.0,2026-07-10,2026-07-10,28.42,0.3119,0.1843,0.4542,0.4609,0.4094,0.2429,0.2149,-0.7041,0.148,多周期共振看空 ⬇⬇⬇,-0.6767,-0.63,-0.3375
002532,天山铝业,458.74,True,11.17,11.72,0,-4.59,-16.77,-11.09,-4.71,0.0,2026-07-10,2026-07-10,32.09,0.1343,1.2177,0.6022,0.4806,0.4909,0.0,0.2148,-0.6396,0.1802,多周期共振看空 ⬇⬇⬇,-0.5241,-0.619,-0.3375
002799,环球印务,19.49,True,6.09,6.33,0,-3.8,-10.91,-8.43,-3.8,0.0,2026-07-10,2026-07-10,30.3,0.1415,0.1095,0.2536,0.3287,0.4512,0.5773,0.2148,-0.8108,0.0946,多周期共振看空 ⬇⬇⬇,-0.625,-0.6837,-0.5625
002835,同为股份,14.71,True,11.56,11.86,0,-0.86,-9.11,-5.38,-2.54,0.0,2026-07-10,2026-07-10,39.93,0.1685,-0.1884,0.3058,0.2258,0.6651,0.4904,0.2147,-0.8339,0.0831,多周期共振看空 ⬇⬇⬇,-0.607,-0.75,-0.5625
600480,凌云股份,106.76,True,8.8,9.07,0,-0.33,-17.66,-8.26,-2.98,0.0,2026-07-10,2026-07-10,41.03,0.0358,0.2694,0.5713,0.3293,0.6895,0.0479,0.2145,-0.6767,0.1617,多周期共振看空 ⬇⬇⬇,-0.502,-0.4944,-0.5625
603680,今创集团,77.74,True,9.92,10.34,0,-1.39,-13.33,-7.65,-4.03,0.0,2026-07-10,2026-07-10,37.33,-0.196,0.1746,0.4002,0.2698,0.6073,0.333,0.2144,-0.712,0.144,多周期共振看空 ⬇⬇⬇,-0.6025,-0.5535,-0.495
603610,麒盛科技,51.78,True,14.67,17.73,11,6.46,-20.1,-2.25,-17.27,0.0,2026-07-10,2026-07-10,24.86,-0.2272,0.2623,0.6605,0.3049,0.3302,0.0,0.2142,-0.1707,0.4147,多周期方向不一致，观望,-0.3947,-0.0968,-0.315
002657,中科金财,55.06,True,16.38,20.39,17,15.09,-26.99,1.47,-19.66,0.0,2026-07-10,2026-07-10,29.47,0.2036,1.6569,0.9261,0.5222,0.4327,0.0,0.2142,-0.6408,0.1796,多周期共振看空 ⬇⬇⬇,-0.2947,-0.5933,-0.5625
600241,时代万恒,0.0,True,6.6,6.87,1,5.41,-10.84,-6.69,-3.96,0.0,2026-07-10,2026-07-10,38.64,0.0538,0.4532,0.6329,0.4136,0.6365,0.0,0.2142,-0.7119,0.1441,多周期共振看空 ⬇⬇⬇,-0.622,-0.469,-0.5625
600797,浙大网新,66.58,True,6.48,6.67,0,-2.83,-14.17,-8.04,-2.83,0.0,2026-07-10,2026-07-10,35.16,0.1498,0.1866,0.378,0.3645,0.5591,0.37,0.2142,-0.8368,0.0816,多周期共振看空 ⬇⬇⬇,-0.625,-0.7408,-0.5625
002340,格林美,331.97,True,6.54,6.94,1,4.09,-10.89,-4.93,-5.72,0.0,2026-07-10,2026-07-10,21.13,0.589,0.0582,0.4908,0.5767,0.2473,0.182,0.2139,-0.6539,0.173,多周期共振看空 ⬇⬇⬇,-0.4419,-0.5634,-0.495
002279,久其软件,45.74,True,5.75,6.05,1,1.3,-15.44,-8.08,-4.95,0.0,2026-07-10,2026-07-10,28.82,0.6498,-0.4235,0.3856,0.4205,0.4183,0.3574,0.2138,-0.7502,0.1249,多周期共振看空 ⬇⬇⬇,-0.5705,-0.6647,-0.495
605218,伟时电子,31.37,True,14.74,16.51,5,3.58,-11.94,-3.83,-10.73,0.0,2026-07-10,2026-07-10,25.34,0.7072,-0.3085,0.4704,0.5009,0.341,0.216,0.2137,-0.6736,0.1632,多周期共振看空 ⬇⬇⬇,-0.5037,-0.4863,-0.5625
603201,常润股份,25.69,True,13.64,16.06,10,19.27,-22.2,-4.37,-15.05,0.0,2026-07-10,2026-07-10,25.64,0.2055,0.5034,0.9939,0.5233,0.3474,0.0,0.2136,-0.5458,0.2271,多周期共振看空 ⬇⬇⬇,-0.2689,-0.4066,-0.5625
002813,路畅科技,22.93,True,19.13,19.74,0,-1.97,-10.54,-6.9,-3.11,0.0,2026-07-10,2026-07-10,39.08,0.1362,-0.1206,0.3432,0.2335,0.6463,0.428,0.2135,-0.7839,0.108,多周期共振看空 ⬇⬇⬇,-0.6115,-0.6363,-0.5625
603130,云中马,53.07,True,38.59,41.59,3,0.82,-12.26,-4.09,-7.21,0.0,2026-07-10,2026-07-10,38.36,-0.179,0.3171,0.5874,0.3268,0.6302,0.021,0.2132,-0.5905,0.2047,多周期共振看空 ⬇⬇⬇,-0.5227,-0.3548,-0.495
002576,通达动力,22.55,True,13.92,14.88,1,1.14,-10.95,-7.36,-6.44,0.0,2026-07-10,2026-07-10,34.66,0.4007,-0.1944,0.4525,0.3627,0.548,0.2458,0.2131,-0.7295,0.1352,多周期共振看空 ⬇⬇⬇,-0.6025,-0.5244,-0.5625
002094,青岛金王,30.24,True,4.38,4.55,0,-3.82,-11.13,-6.84,-3.82,0.0,2026-07-10,2026-07-10,34.65,0.0767,0.1628,0.3108,0.3111,0.5479,0.4819,0.2129,-0.8374,0.0813,多周期共振看空 ⬇⬇⬇,-0.616,-0.75,-0.5625
002125,湘潭电化,74.03,True,11.76,15.18,8,23.94,-25.38,-4.58,-22.55,0.0,2026-07-10,2026-07-10,6.5,0.9502,-0.678,0.6082,0.5701,0.0,0.0,0.2128,-0.2098,0.3951,多周期方向不一致，观望,-0.4005,-0.0841,-0.495
002483,润邦股份,44.26,True,5.0,5.13,1,0.23,-9.39,-5.21,-2.52,0.0,2026-07-10,2026-07-10,38.98,-0.0783,-0.067,0.2767,0.1732,0.6441,0.5388,0.2127,-0.7797,0.1102,多周期共振看空 ⬇⬇⬇,-0.5111,-0.7131,-0.5625
603605,珀莱雅,228.56,True,57.72,60.25,7,9.12,-11.14,-2.68,-4.2,0.0,2026-07-10,2026-07-10,40.12,0.1238,-0.4172,0.4279,0.1074,0.6692,0.2868,0.2127,-0.5028,0.2486,多周期共振看空 ⬇⬇⬇,-0.3196,-0.2687,-0.5625
000831,中国稀土,507.48,True,47.82,55.52,11,21.64,-13.87,1.09,-13.87,0.0,2026-07-10,2026-07-10,10.5,0.8278,-0.5193,0.6734,0.4967,0.011,0.0,0.2124,-0.1084,0.4458,多周期方向不一致，观望,-0.19,-0.0888,-0.225
002037,保利联合,29.37,True,6.07,6.41,0,-3.33,-9.2,-6.88,-5.31,0.0,2026-07-10,2026-07-10,27.27,-0.1263,0.6797,0.283,0.4,0.3838,0.5283,0.2124,-0.8241,0.0879,多周期共振看空 ⬇⬇⬇,-0.625,-0.7131,-0.5625
000852,石化机械,47.51,True,5.0,5.21,0,-3.26,-11.28,-6.93,-4.11,0.0,2026-07-10,2026-07-10,26.04,-0.4638,0.6871,0.2713,0.4,0.3565,0.5478,0.2123,-0.808,0.096,多周期共振看空 ⬇⬇⬇,-0.616,-0.6854,-0.5625
600893,航发动力,953.32,True,35.77,38.21,2,1.42,-13.06,-5.19,-6.39,0.0,2026-07-10,2026-07-10,27.88,0.1622,1.2322,0.4954,0.4973,0.3973,0.1743,0.2123,-0.714,0.143,多周期共振看空 ⬇⬇⬇,-0.6697,-0.6577,-0.3375
600425,青松建化,53.44,True,3.33,3.38,0,-0.87,-7.29,-3.36,-1.62,0.0,2026-07-10,2026-07-10,35.59,-0.1914,-0.0321,0.2478,0.1872,0.5687,0.587,0.2121,-0.7551,0.1225,多周期共振看空 ⬇⬇⬇,-0.405,-0.75,-0.5625
603161,科华控股,24.34,True,12.76,13.94,10,8.28,-8.83,-1.13,-8.48,0.0,2026-07-10,2026-07-10,25.48,0.6178,-0.6698,0.423,0.3707,0.3439,0.2949,0.2121,-0.5449,0.2275,多周期共振看空 ⬇⬇⬇,-0.3843,-0.5306,-0.3375
002243,力合科创,78.99,True,6.56,6.84,0,-4.04,-19.43,-11.74,-4.04,0.0,2026-07-10,2026-07-10,30.49,0.6454,-0.732,0.3489,0.3872,0.4553,0.4185,0.212,-0.8048,0.0976,多周期共振看空 ⬇⬇⬇,-0.6205,-0.6744,-0.5625
002166,莱茵生物,46.83,True,6.34,6.69,0,-4.96,-15.65,-9.44,-5.22,0.0,2026-07-10,2026-07-10,29.02,-0.4294,0.813,0.3572,0.4,0.4226,0.4047,0.2117,-0.7773,0.1114,多周期共振看空 ⬇⬇⬇,-0.616,-0.6854,-0.495
600444,国机通用,19.02,True,12.99,13.49,0,-1.83,-8.83,-5.9,-3.69,0.0,2026-07-10,2026-07-10,35.37,-0.1756,0.1906,0.301,0.2762,0.5637,0.4983,0.2115,-0.8248,0.0876,多周期共振看空 ⬇⬇⬇,-0.616,-0.7223,-0.5625
000546,金圆股份,31.91,True,4.58,5.04,2,3.52,-12.23,-5.33,-9.15,0.0,2026-07-10,2026-07-10,21.67,0.6856,-0.1152,0.5521,0.5652,0.2593,0.0798,0.2114,-0.5884,0.2058,多周期共振看空 ⬇⬇⬇,-0.6229,-0.4217,-0.3375
002694,*ST顾地,15.38,True,2.14,2.19,1,2.42,-12.41,-5.8,-2.15,0.0,2026-07-10,2026-07-10,45.83,0.287,-0.1556,0.5525,0.31,0.7963,0.0791,0.2114,-0.8235,0.0882,多周期共振看空 ⬇⬇⬇,-0.5803,-0.75,-0.5625
002903,宇环数控,35.58,True,33.36,45.47,10,18.29,-26.64,-1.93,-26.64,0.0,2026-07-10,2026-07-10,17.83,0.0486,0.043,0.9047,0.2464,0.1739,0.0,0.2113,0.0877,0.5438,上升趋势中的日线回调（关注买点）,-0.3717,0.1633,0.45
600409,三友化工,113.75,True,5.51,6.28,9,7.81,-12.29,-1.69,-12.29,0.0,2026-07-10,2026-07-10,32.16,0.552,-0.3131,0.6044,0.406,0.4924,0.0,0.2112,-0.5509,0.2246,多周期共振看空 ⬇⬇⬇,-0.3302,-0.5902,-0.3375
000953,中哲精化,19.37,True,5.29,5.45,0,-2.94,-10.85,-7.52,-2.98,0.0,2026-07-10,2026-07-10,40.0,-0.0652,0.1268,0.3654,0.2507,0.6667,0.391,0.2111,-0.8248,0.0876,多周期共振看空 ⬇⬇⬇,-0.616,-0.7223,-0.5625
603280,南方路机,27.37,True,25.25,26.21,0,-0.01,-8.61,-5.02,-3.67,0.0,2026-07-10,2026-07-10,38.69,0.2654,-0.2444,0.346,0.2615,0.6376,0.4233,0.2111,-0.8334,0.0833,多周期共振看空 ⬇⬇⬇,-0.6058,-0.75,-0.5625
002578,闽发铝业,26.09,True,3.03,3.31,0,-3.94,-13.49,-9.47,-8.5,0.0,2026-07-10,2026-07-10,10.84,0.7612,0.0546,0.3911,0.6786,0.0187,0.3482,0.2111,-0.6982,0.1509,多周期共振看空 ⬇⬇⬇,-0.774,-0.5336,-0.3375
002097,山河智能,76.48,True,7.13,7.56,0,-3.96,-11.39,-7.02,-5.64,0.0,2026-07-10,2026-07-10,27.23,-0.4519,0.4549,0.2766,0.3819,0.3828,0.5391,0.2111,-0.813,0.0935,多周期共振看空 ⬇⬇⬇,-0.575,-0.7315,-0.5625
002276,万马股份,98.19,True,9.75,10.44,0,-0.34,-12.7,-6.76,-6.61,0.0,2026-07-10,2026-07-10,27.3,0.2234,0.7429,0.4452,0.534,0.3844,0.2579,0.211,-0.8339,0.0831,多周期共振看空 ⬇⬇⬇,-0.607,-0.75,-0.5625
601026,道生天合,15.49,True,13.94,14.7,0,-0.01,-14.06,-5.96,-5.16,0.0,2026-07-10,2026-07-10,34.03,0.1775,-0.0776,0.3675,0.2755,0.534,0.3876,0.2103,-0.7095,0.1452,周线日线共振看空,-0.756,-0.45,
002052,同洲电子,55.7,True,8.08,8.31,0,-1.72,-12.77,-8.15,-2.8,0.0,2026-07-10,2026-07-10,45.02,0.0472,0.0629,0.534,0.2535,0.7782,0.1101,0.2103,-0.7451,0.1275,多周期共振看空 ⬇⬇⬇,-0.4352,-0.7021,-0.5625
002045,国光电器,43.08,True,7.67,8.1,0,-4.32,-13.97,-7.72,-5.32,0.0,2026-07-10,2026-07-10,27.4,-0.2552,0.6615,0.2889,0.4,0.3868,0.5184,0.2102,-0.8374,0.0813,多周期共振看空 ⬇⬇⬇,-0.616,-0.75,-0.5625
000559,万向钱潮,398.38,True,12.02,13.14,1,4.51,-16.83,-7.99,-8.49,0.0,2026-07-10,2026-07-10,34.33,0.2178,0.0997,0.5745,0.3705,0.5406,0.0426,0.2102,-0.594,0.203,多周期共振看空 ⬇⬇⬇,-0.6401,-0.4193,-0.3375
603863,松炀资源,26.58,True,12.99,13.59,0,-3.68,-16.59,-9.24,-4.45,0.0,2026-07-10,2026-07-10,46.07,-0.2768,0.2536,0.6799,0.3014,0.8015,0.0,0.2101,-0.7634,0.1183,多周期共振看空 ⬇⬇⬇,-0.5053,-0.6822,-0.5625
000830,鲁西化工,223.55,True,11.74,12.54,7,4.21,-7.85,-1.41,-6.41,0.0,2026-07-10,2026-07-10,34.89,0.4432,-0.1566,0.5645,0.4033,0.5531,0.0591,0.21,-0.6766,0.1617,多周期共振看空 ⬇⬇⬇,-0.3685,-0.6762,-0.495
002309,中利集团,62.08,True,2.58,2.87,0,-5.39,-15.37,-11.42,-9.96,0.0,2026-07-10,2026-07-10,17.07,0.4116,0.0491,0.3889,0.4666,0.1572,0.3518,0.2099,-0.5375,0.2313,多周期共振看空 ⬇⬇⬇,-0.575,-0.351,-0.3375
603344,星德胜,13.09,True,24.22,25.56,0,-4.38,-18.65,-9.7,-5.23,0.0,2026-07-10,2026-07-10,35.61,0.4374,-0.4571,0.4396,0.2796,0.5691,0.2673,0.2099,-0.6649,0.1675,多周期共振看空 ⬇⬇⬇,-0.4597,-0.5048,-0.5625
000936,华西股份,45.36,True,5.12,5.45,0,-5.43,-15.1,-8.52,-6.04,0.0,2026-07-10,2026-07-10,21.31,0.4738,0.0222,0.3204,0.4931,0.2514,0.4661,0.2095,-0.7874,0.1063,多周期共振看空 ⬇⬇⬇,-0.6205,-0.6363,-0.5625
002588,史丹利,69.89,True,8.14,8.41,3,1.36,-7.56,-2.68,-3.24,0.0,2026-07-10,2026-07-10,36.67,0.3346,-0.473,0.4093,0.2116,0.5926,0.3178,0.2094,-0.629,0.1855,多周期共振看空 ⬇⬇⬇,-0.3132,-0.619,-0.495
001388,信通电子,22.67,True,26.81,28.16,1,0.27,-17.26,-8.68,-4.8,0.0,2026-07-10,2026-07-10,36.36,0.0692,0.9558,0.5236,0.4415,0.5859,0.1273,0.2092,-0.8374,0.0813,多周期共振看空 ⬇⬇⬇,-0.616,-0.75,-0.5625
002639,雪人集团,83.05,True,12.59,13.67,0,-1.3,-13.53,-7.13,-7.92,0.0,2026-07-10,2026-07-10,36.52,0.3144,-0.0449,0.5822,0.3707,0.5892,0.0297,0.2091,-0.6512,0.1744,多周期共振看空 ⬇⬇⬇,-0.6453,-0.5405,-0.3375
600980,北矿科技,32.78,True,17.32,19.61,2,3.1,-13.12,-5.13,-11.68,0.0,2026-07-10,2026-07-10,18.45,0.7597,-0.0463,0.4435,0.6373,0.1878,0.2609,0.209,-0.782,0.109,多周期共振看空 ⬇⬇⬇,-0.6052,-0.6375,-0.5625
002082,ST万邦,69.79,True,12.29,12.07,4,6.61,-20.25,-8.88,1.81,0.0,2026-07-06,2026-07-10,43.77,-0.2857,-0.073,0.636,0.1708,0.7505,0.0,0.2089,-0.5029,0.2485,多周期共振看空 ⬇⬇⬇,-0.5165,-0.4598,-0.2028
603801,志邦家居,23.89,True,5.5,5.78,0,-4.67,-12.14,-8.74,-4.9,0.0,2026-07-10,2026-07-10,28.36,-0.5458,1.5278,0.3194,0.4,0.408,0.4676,0.2088,-0.8332,0.0834,多周期共振看空 ⬇⬇⬇,-0.616,-0.7408,-0.5625
603113,金能科技,35.38,True,4.17,4.42,0,-3.73,-12.56,-7.37,-5.67,0.0,2026-07-10,2026-07-10,28.93,-0.6797,1.0414,0.3564,0.4,0.4206,0.406,0.2088,-0.7989,0.1005,多周期共振看空 ⬇⬇⬇,-0.625,-0.6577,-0.5625
603042,华脉科技,25.51,True,12.22,14.37,7,9.83,-18.44,-5.49,-14.96,0.0,2026-07-10,2026-07-10,14.49,0.7419,-0.0339,0.7044,0.6316,0.0998,0.0,0.2087,-0.4609,0.2696,多周期共振看空 ⬇⬇⬇,-0.6307,-0.2023,-0.27
603861,白云电器,68.93,True,13.04,14.1,2,4.61,-19.52,-9.22,-7.49,0.0,2026-07-10,2026-07-10,39.16,0.3252,-0.2521,0.9846,0.2943,0.648,0.0,0.2087,-0.579,0.2105,多周期共振看空 ⬇⬇⬇,-0.4331,-0.5637,-0.3375
002667,*ST威领,0.0,True,11.25,13.0,0,-4.33,-36.53,-22.56,-13.49,0.0,2026-07-10,2026-07-10,33.94,-0.4577,8.9194,0.7614,0.4,0.532,0.0,0.2086,-0.6097,0.1951,多周期共振看空 ⬇⬇⬇,-0.6115,-0.4783,-0.3375
002334,英威腾,51.67,True,7.03,7.54,0,-2.46,-16.04,-9.2,-6.82,0.0,2026-07-10,2026-07-10,22.71,0.8289,-0.6618,0.3823,0.4973,0.2823,0.3628,0.2086,-0.7563,0.1219,多周期共振看空 ⬇⬇⬇,-0.711,-0.4903,-0.5625
001328,登康口腔,42.74,True,26.43,27.17,4,4.93,-11.87,-3.71,-2.73,0.0,2026-07-10,2026-07-10,49.55,-0.1058,-0.3155,0.4468,0.0738,0.8789,0.2554,0.2085,-0.7091,0.1455,多周期共振看空 ⬇⬇⬇,-0.3454,-0.6998,-0.5625
002253,川大智胜,19.9,True,9.48,10.34,0,-2.74,-12.03,-6.44,-8.32,0.0,2026-07-10,2026-07-10,32.59,-0.4305,0.6465,0.5782,0.4,0.502,0.0363,0.2083,-0.6052,0.1974,多周期共振看空 ⬇⬇⬇,-0.7425,-0.1986,-0.495
002009,天奇股份,0.0,True,18.62,20.15,3,5.58,-15.61,-6.25,-7.59,0.0,2026-07-10,2026-07-10,39.4,0.5433,-0.5209,0.5937,0.326,0.6533,0.0106,0.2083,-0.6478,0.1761,多周期共振看空 ⬇⬇⬇,-0.5895,-0.581,-0.3375
000720,新能泰山,42.09,True,3.35,3.78,0,-8.9,-18.58,-14.33,-11.4,0.0,2026-07-10,2026-07-10,15.38,0.8267,-0.4961,0.4037,0.4976,0.1197,0.3271,0.2083,-0.5349,0.2325,多周期共振看空 ⬇⬇⬇,-0.7695,-0.246,-0.27
603206,嘉环科技,43.06,True,14.11,16.49,8,7.24,-16.49,-4.77,-14.43,0.0,2026-07-10,2026-07-10,17.9,0.8823,-0.7982,0.5214,0.5294,0.1755,0.131,0.2077,-0.5008,0.2496,多周期共振看空 ⬇⬇⬇,-0.4209,-0.2448,-0.495
600312,平高电气,223.76,True,16.49,17.82,0,-2.6,-12.3,-6.45,-7.44,0.0,2026-07-10,2026-07-10,19.63,0.5461,-0.0616,0.3621,0.503,0.2139,0.3965,0.2074,-0.7192,0.1404,多周期共振看空 ⬇⬇⬇,-0.7605,-0.5913,-0.3375
600293,三峡新材,32.37,True,2.79,3.11,8,11.76,-23.28,-8.58,-10.39,0.0,2026-07-10,2026-07-10,24.43,0.9214,-0.8039,0.8408,0.5528,0.3207,0.0,0.2074,-0.6101,0.195,多周期共振看空 ⬇⬇⬇,-0.4455,-0.464,-0.495
603077,和邦生物,190.76,True,2.16,2.34,3,2.54,-8.55,-3.14,-7.73,0.0,2026-07-10,2026-07-10,19.64,0.5429,0.0265,0.4452,0.5363,0.2143,0.258,0.2074,-0.6625,0.1688,多周期共振看空 ⬇⬇⬇,-0.7256,-0.4967,-0.3375
002249,大洋电机,136.29,True,7.32,7.85,3,8.72,-12.21,-5.18,-6.76,0.0,2026-07-10,2026-07-10,40.21,0.0774,1.7116,0.6471,0.4464,0.6713,0.0,0.2073,-0.8617,0.0691,多周期共振看空 ⬇⬇⬇,-0.7892,-0.6548,-0.5625
603533,掌阅科技,84.84,True,19.33,20.2,1,0.13,-18.18,-8.9,-4.32,0.0,2026-07-10,2026-07-10,24.75,0.4003,0.3533,0.5992,0.5815,0.3279,0.0013,0.2071,-0.6682,0.1659,多周期共振看空 ⬇⬇⬇,-0.5954,-0.6208,-0.3375
601567,三星电气,196.03,True,13.95,14.71,1,4.45,-15.19,-4.72,-5.19,0.0,2026-07-10,2026-07-10,26.4,0.6236,-0.0184,0.5359,0.5668,0.3644,0.1069,0.207,-0.7736,0.1132,多周期共振看空 ⬇⬇⬇,-0.5492,-0.6669,-0.5625
603626,科森科技,94.39,True,17.01,19.56,0,-0.76,-17.84,-11.04,-13.04,0.0,2026-07-10,2026-07-10,32.22,0.2323,-0.3819,0.6559,0.1866,0.4938,0.0,0.207,-0.2352,0.3824,月线震荡，中短期走弱,-0.5724,-0.4125,0.1125
603331,百达精工,22.02,True,10.89,11.1,0,-0.66,-12.15,-7.63,-1.92,0.0,2026-07-10,2026-07-10,43.32,-0.0245,-0.1379,0.426,0.1448,0.7406,0.29,0.2068,-0.698,0.151,多周期共振看空 ⬇⬇⬇,-0.607,-0.6762,-0.3375
002017,东信和平,79.3,True,13.67,14.98,1,0.05,-11.99,-6.03,-8.74,0.0,2026-07-10,2026-07-10,14.05,0.4673,0.4966,0.3362,0.679,0.09,0.4397,0.2067,-0.8928,0.0536,多周期共振看空 ⬇⬇⬇,-0.7605,-0.7478,-0.5625
600734,*ST实达,37.68,True,1.73,1.77,1,0.85,-21.42,-9.15,-2.04,0.0,2026-07-10,2026-07-10,43.53,0.2249,0.0963,0.626,0.3735,0.7451,0.0,0.2065,-0.8398,0.0801,多周期共振看空 ⬇⬇⬇,-0.622,-0.75,-0.5625
002613,北玻股份,25.76,True,3.33,4.12,7,8.01,-22.83,-9.13,-19.24,0.0,2026-07-10,2026-07-10,10.05,0.8981,-0.8451,0.8371,0.5389,0.0011,0.0,0.2064,-0.2123,0.3939,多周期方向不一致，观望,-0.4732,-0.1002,-0.4275
002467,二六三,63.83,True,4.67,4.85,0,-3.67,-13.86,-8.38,-3.67,0.0,2026-07-10,2026-07-10,35.86,-0.1611,1.7194,0.5428,0.4,0.5746,0.0953,0.206,-0.7581,0.121,多周期共振看空 ⬇⬇⬇,-0.6205,-0.6392,-0.495
002526,山东矿机,45.69,True,2.58,2.68,0,-2.53,-12.37,-7.0,-3.55,0.0,2026-07-10,2026-07-10,36.23,-0.4034,0.1586,0.3332,0.2634,0.5829,0.4447,0.2059,-0.8297,0.0852,多周期共振看空 ⬇⬇⬇,-0.607,-0.7408,-0.5625
603703,盛洋科技,42.12,True,10.15,11.08,0,-2.41,-14.05,-8.17,-8.36,0.0,2026-07-10,2026-07-10,32.28,0.3869,-0.1478,0.5334,0.373,0.4951,0.111,0.2059,-0.6323,0.1839,多周期共振看空 ⬇⬇⬇,-0.5555,-0.4186,-0.495
002738,中矿资源,368.42,True,51.8,59.75,10,10.22,-13.3,-1.77,-13.3,0.0,2026-07-10,2026-07-10,35.85,0.2878,-0.0684,0.8069,0.3453,0.5744,0.0,0.2059,-0.5944,0.2028,多周期共振看空 ⬇⬇⬇,-0.5077,-0.5337,-0.3375
603312,西典新能,16.97,True,33.32,34.94,6,2.19,-11.7,-4.17,-4.62,0.0,2026-07-10,2026-07-10,29.04,0.3031,0.1954,0.4685,0.46,0.4232,0.2192,0.2057,-0.7739,0.113,多周期共振看空 ⬇⬇⬇,-0.453,-0.75,-0.5625
603089,正裕工业,0.0,True,8.33,8.86,0,-3.27,-13.08,-8.29,-5.96,0.0,2026-07-10,2026-07-10,30.91,-0.2888,0.5166,0.3895,0.4,0.4646,0.3508,0.2053,-0.8357,0.0822,多周期共振看空 ⬇⬇⬇,-0.6115,-0.75,-0.5625
001277,速达股份,12.3,True,27.0,28.8,1,0.04,-9.67,-6.25,-6.25,0.0,2026-07-10,2026-07-10,33.26,0.183,0.132,0.3511,0.3626,0.5168,0.4148,0.2051,-0.8917,0.0541,多周期共振看空 ⬇⬇⬇,-0.7875,-0.7223,-0.5625
002624,完美世界,208.0,True,11.38,12.07,0,-1.46,-14.04,-6.96,-5.75,0.0,2026-07-10,2026-07-10,43.48,-0.2808,0.2113,0.6088,0.2845,0.744,0.0,0.2048,-0.7092,0.1454,多周期共振看空 ⬇⬇⬇,-0.4629,-0.6669,-0.495
603887,城地香江,54.66,True,9.08,9.85,0,-4.88,-17.94,-11.17,-7.78,0.0,2026-07-10,2026-07-10,33.68,-0.1847,1.0781,0.4862,0.4,0.5261,0.1896,0.2047,-0.7856,0.1072,多周期共振看空 ⬇⬇⬇,-0.625,-0.6283,-0.5625
002703,浙江世宝,78.94,True,13.47,14.7,0,-1.75,-17.48,-10.8,-8.39,0.0,2026-07-10,2026-07-10,30.66,0.4664,-0.3749,0.4308,0.3299,0.4592,0.282,0.2045,-0.6687,0.1657,多周期共振看空 ⬇⬇⬇,-0.7785,-0.4649,-0.3375
002892,科力尔,46.1,True,9.2,9.64,0,-0.06,-14.12,-6.55,-4.52,0.0,2026-07-10,2026-07-10,38.35,0.5252,-0.5798,0.5339,0.3151,0.6301,0.1102,0.2045,-0.7126,0.1437,多周期共振看空 ⬇⬇⬇,-0.3733,-0.6837,-0.5625
002625,光启技术,643.36,True,29.86,32.29,1,0.06,-17.99,-9.29,-7.52,0.0,2026-07-10,2026-07-10,38.46,-0.0739,0.8307,0.5955,0.4,0.6325,0.0075,0.2045,-0.7687,0.1156,多周期共振看空 ⬇⬇⬇,-0.4938,-0.7038,-0.5625
002545,东方铁塔,186.82,True,16.53,18.03,0,-1.94,-15.81,-9.2,-8.32,0.0,2026-07-10,2026-07-10,31.41,0.2514,0.1696,0.5985,0.4187,0.4758,0.0025,0.2044,-0.6079,0.1961,多周期共振看空 ⬇⬇⬇,-0.5488,-0.5282,-0.3375
000878,云南铜业,305.35,True,15.24,16.71,5,10.67,-10.57,-4.07,-8.79,0.0,2026-07-10,2026-07-10,15.1,0.8007,0.0302,0.6465,0.6925,0.1134,0.0,0.2044,-0.6092,0.1954,多周期共振看空 ⬇⬇⬇,-0.4454,-0.4621,-0.495
002565,顺灏股份,118.19,True,11.15,12.33,0,-5.41,-17.97,-11.17,-9.58,0.0,2026-07-10,2026-07-10,36.11,0.1648,0.0455,0.553,0.3171,0.5802,0.0783,0.2043,-0.6322,0.1839,多周期共振看空 ⬇⬇⬇,-0.774,-0.3885,-0.3375
002888,惠威科技,13.85,True,18.48,20.7,12,15.8,-10.74,1.11,-10.74,0.0,2026-07-10,2026-07-10,24.68,0.353,-0.5592,0.6157,0.2118,0.3263,0.0,0.2042,-0.0965,0.4517,多周期方向不一致，观望,-0.1411,0.0794,-0.3825
600067,冠城新材,38.27,True,2.75,3.1,8,15.99,-12.44,-1.55,-11.22,0.0,2026-07-10,2026-07-10,11.24,0.8453,0.1986,0.5716,0.7866,0.0275,0.0473,0.2041,-0.6963,0.1518,多周期共振看空 ⬇⬇⬇,-0.3545,-0.7315,-0.495
000020,深华发Ａ,19.2,True,10.6,11.2,0,-1.84,-9.0,-5.87,-5.37,0.0,2026-07-10,2026-07-10,30.6,-0.0766,0.2684,0.3197,0.3073,0.4577,0.4672,0.204,-0.7828,0.1086,多周期共振看空 ⬇⬇⬇,-0.616,-0.63,-0.5625
002882,金龙羽,43.56,True,17.65,19.77,0,-0.98,-13.1,-6.98,-10.7,0.0,2026-07-10,2026-07-10,22.04,0.588,0.3949,0.5564,0.7108,0.2676,0.0726,0.2039,-0.8854,0.0573,多周期共振看空 ⬇⬇⬇,-0.7605,-0.7315,-0.5625
003022,联泓新科,277.43,True,20.79,25.37,11,12.99,-18.07,-0.94,-18.07,0.0,2026-07-10,2026-07-10,15.28,0.2804,-0.2539,0.602,0.2667,0.1173,0.0,0.2036,0.0614,0.5307,多周期方向不一致，观望,-0.2812,0.0611,0.45
603810,丰山集团,18.57,True,11.23,11.65,0,-1.67,-9.98,-6.7,-3.58,0.0,2026-07-10,2026-07-10,34.42,0.1253,-0.0288,0.3136,0.2637,0.5427,0.4773,0.2035,-0.8273,0.0863,多周期共振看空 ⬇⬇⬇,-0.6115,-0.7315,-0.5625
002689,ST远智,27.53,True,2.64,2.67,2,2.59,-14.66,-7.18,-1.23,0.0,2026-07-10,2026-07-10,46.88,-0.1852,-0.15,0.4364,0.14,0.8194,0.2727,0.2034,-0.7986,0.1007,多周期共振看空 ⬇⬇⬇,-0.538,-0.7315,-0.5625
002466,天齐锂业,705.4,True,47.8,60.18,7,6.64,-20.57,-3.02,-20.57,0.0,2026-07-10,2026-07-10,25.18,0.2225,-0.0693,0.7087,0.3058,0.3373,0.0,0.203,-0.2704,0.3648,月线震荡，中短期走弱,-0.6688,-0.199,-0.1365
601106,中国一重,209.85,True,3.06,3.31,0,-3.23,-11.14,-6.74,-7.62,0.0,2026-07-10,2026-07-10,23.86,-0.5185,0.8318,0.3421,0.4,0.3081,0.4298,0.2029,-0.7301,0.135,多周期共振看空 ⬇⬇⬇,-0.774,-0.6037,-0.3375
600986,浙文互联,104.12,True,7.0,7.29,0,-2.41,-14.03,-9.24,-3.91,0.0,2026-07-10,2026-07-10,28.57,-0.1219,1.904,0.4507,0.4,0.4127,0.2489,0.2028,-0.7121,0.144,多周期共振看空 ⬇⬇⬇,-0.566,-0.5849,-0.495
002480,新筑股份,38.92,True,5.07,5.3,0,-3.78,-10.74,-6.72,-4.38,0.0,2026-07-10,2026-07-10,22.89,0.3604,-0.2744,0.2768,0.3065,0.2865,0.5387,0.2021,-0.6482,0.1759,多周期共振看空 ⬇⬇⬇,-0.4315,-0.4923,-0.5625
002369,卓翼科技,30.35,True,5.36,5.6,0,-3.93,-11.57,-7.76,-4.33,0.0,2026-07-10,2026-07-10,33.33,-0.0413,0.1925,0.3368,0.277,0.5185,0.4386,0.2019,-0.8011,0.0994,多周期共振看空 ⬇⬇⬇,-0.566,-0.7131,-0.5625
002596,海南瑞泽,0.0,True,2.85,3.11,0,-2.6,-16.8,-9.71,-8.39,0.0,2026-07-10,2026-07-10,36.49,0.028,0.4936,0.6219,0.4142,0.5886,0.0,0.2015,-0.7571,0.1215,多周期共振看空 ⬇⬇⬇,-0.5535,-0.6271,-0.5625
601877,正泰电器,521.98,True,24.29,25.7,0,-0.52,-9.6,-5.28,-5.49,0.0,2026-07-10,2026-07-10,19.71,0.5777,-0.4289,0.2906,0.375,0.2157,0.5156,0.2014,-0.6599,0.17,多周期共振看空 ⬇⬇⬇,-0.5525,-0.6392,-0.3375
002337,赛象科技,26.22,True,4.46,4.63,0,-2.51,-10.94,-6.78,-3.7,0.0,2026-07-10,2026-07-10,35.04,-0.105,0.0675,0.3074,0.227,0.5565,0.4876,0.2013,-0.8105,0.0948,多周期共振看空 ⬇⬇⬇,-0.6115,-0.6946,-0.5625
002869,金溢科技,24.38,True,15.48,17.15,6,4.52,-12.47,-5.45,-9.75,0.0,2026-07-10,2026-07-10,20.56,0.633,0.0453,0.438,0.5979,0.2346,0.27,0.2012,-0.8443,0.0778,多周期共振看空 ⬇⬇⬇,-0.6552,-0.7315,-0.5625
002339,积成电子,32.07,True,6.7,7.16,0,-4.71,-13.62,-9.05,-6.47,0.0,2026-07-10,2026-07-10,23.89,0.1787,0.226,0.367,0.3976,0.3086,0.3883,0.201,-0.7092,0.1454,多周期共振看空 ⬇⬇⬇,-0.625,-0.6854,-0.3375
000599,青岛双星,35.77,True,4.38,4.46,0,-1.83,-10.96,-7.45,-1.83,0.0,2026-07-10,2026-07-10,37.23,0.0136,-0.1777,0.2684,0.1371,0.6052,0.5526,0.2009,-0.7801,0.1099,多周期共振看空 ⬇⬇⬇,-0.616,-0.6241,-0.5625
000973,佛塑科技,86.1,True,12.15,14.48,8,9.07,-16.12,-2.5,-16.12,0.0,2026-07-10,2026-07-10,23.9,0.228,-0.2605,0.7882,0.2326,0.3089,0.0,0.2008,-0.1364,0.4318,月线看多，中短期调整中,-0.5571,-0.3521,0.18
000400,许继电气,205.27,True,20.29,21.64,0,-3.21,-15.13,-6.94,-6.23,0.0,2026-07-10,2026-07-10,18.08,0.5154,-0.0101,0.2918,0.5052,0.1796,0.5136,0.2008,-0.8284,0.0858,多周期共振看空 ⬇⬇⬇,-0.765,-0.67,-0.495
000792,盐湖股份,1344.05,True,25.4,29.56,9,3.52,-14.09,-2.69,-14.09,0.0,2026-07-10,2026-07-10,29.58,0.3029,0.1056,0.5578,0.424,0.435,0.0703,0.2007,-0.6511,0.1744,多周期共振看空 ⬇⬇⬇,-0.6853,-0.506,-0.3375
600361,创新新材,128.78,True,3.45,3.74,0,-0.38,-12.47,-6.93,-7.75,0.0,2026-07-10,2026-07-10,18.95,0.7429,-0.299,0.4165,0.5262,0.1988,0.3058,0.2005,-0.7214,0.1393,多周期共振看空 ⬇⬇⬇,-0.747,-0.4502,-0.495
600699,均胜电子,0.0,True,21.55,22.74,0,-0.49,-15.82,-9.12,-5.25,0.0,2026-07-10,2026-07-10,36.51,0.0858,0.1331,0.5177,0.3047,0.589,0.1372,0.2004,-0.7005,0.1497,多周期共振看空 ⬇⬇⬇,-0.5293,-0.5233,-0.5625
002451,摩恩电气,29.91,True,6.81,7.31,0,-3.87,-11.42,-7.41,-6.85,0.0,2026-07-10,2026-07-10,18.71,0.1632,0.2702,0.3079,0.406,0.1935,0.4868,0.2004,-0.6678,0.1661,多周期共振看空 ⬇⬇⬇,-0.5705,-0.6413,-0.3375
002324,普利特,81.35,True,10.48,12.06,8,5.36,-14.63,-3.15,-13.14,0.0,2026-07-10,2026-07-10,18.84,0.3799,0.2887,0.4741,0.5434,0.1965,0.2099,0.2003,-0.6708,0.1646,多周期共振看空 ⬇⬇⬇,-0.525,-0.5292,-0.495
002114,罗平锌电,20.96,True,6.48,7.27,2,5.61,-14.76,-5.36,-10.9,0.0,2026-07-10,2026-07-10,24.27,0.5442,0.1496,0.7268,0.5864,0.3171,0.0,0.2002,-0.7171,0.1415,多周期共振看空 ⬇⬇⬇,-0.5046,-0.6485,-0.495
603095,越剑智能,34.48,True,13.35,15.16,0,-6.32,-18.52,-13.23,-11.94,0.0,2026-07-10,2026-07-10,24.67,0.0397,0.3759,0.4573,0.3742,0.3259,0.2378,0.1997,-0.5821,0.209,多周期共振看空 ⬇⬇⬇,-0.756,-0.3613,-0.27
000403,派林生物,86.73,True,9.22,9.81,0,-0.35,-22.46,-11.41,-6.03,0.0,2026-07-10,2026-07-10,42.65,-0.2362,0.2688,0.5959,0.3075,0.7256,0.0069,0.1996,-0.7718,0.1141,多周期共振看空 ⬇⬇⬇,-0.493,-0.7113,-0.5625
603189,*ST网达,27.09,True,10.05,10.72,2,2.16,-14.86,-6.47,-6.22,0.0,2026-07-10,2026-07-10,42.11,0.271,-0.1317,0.5367,0.31,0.7135,0.1055,0.1996,-0.84,0.08,多周期共振看空 ⬇⬇⬇,-0.6227,-0.75,-0.5625
600219,南山铝业,468.54,True,4.08,4.31,0,-3.65,-13.53,-8.4,-5.27,0.0,2026-07-10,2026-07-10,23.44,0.3488,0.0288,0.4413,0.4208,0.2986,0.2646,0.1995,-0.6475,0.1763,多周期共振看空 ⬇⬇⬇,-0.5425,-0.6206,-0.3375
002130,沃尔核材,202.09,True,17.62,18.71,1,0.09,-12.18,-6.07,-5.82,0.0,2026-07-10,2026-07-10,33.94,0.0452,0.6288,0.6022,0.4271,0.5321,0.0,0.1995,-0.7256,0.1372,多周期共振看空 ⬇⬇⬇,-0.5083,-0.5965,-0.5625
600319,亚星化学,23.34,True,6.02,6.51,0,-3.82,-10.18,-6.52,-7.56,0.0,2026-07-10,2026-07-10,29.3,-0.276,0.2343,0.3061,0.2937,0.4289,0.4898,0.1994,-0.7815,0.1093,多周期共振看空 ⬇⬇⬇,-0.6052,-0.6363,-0.5625
000016,*ST康佳A,0.0,True,2.49,2.55,0,-0.45,-23.16,-11.62,-2.37,0.0,2026-07-10,2026-07-10,47.55,0.015,0.0279,0.6576,0.2201,0.8345,0.0,0.1993,-0.759,0.1205,多周期共振看空 ⬇⬇⬇,-0.5245,-0.656,-0.5625
603960,克来机电,42.34,True,16.15,18.46,2,0.97,-16.27,-9.19,-12.49,0.0,2026-07-10,2026-07-10,21.84,0.6643,-0.1502,0.5533,0.5385,0.2632,0.0778,0.199,-0.6476,0.1762,多周期共振看空 ⬇⬇⬇,-0.6749,-0.5074,-0.3375
002214,*ST大立,62.77,True,13.12,14.6,4,1.99,-17.32,-3.99,-10.15,0.0,2026-07-10,2026-07-10,31.91,-0.3346,1.6882,0.592,0.4,0.4868,0.0133,0.1989,-0.644,0.178,多周期共振看空 ⬇⬇⬇,-0.701,-0.4771,-0.3375
601399,国机重装,232.28,True,3.22,3.48,0,-1.21,-11.12,-5.56,-7.52,0.0,2026-07-10,2026-07-10,27.43,-0.0306,0.6229,0.3972,0.4,0.3874,0.338,0.1989,-0.7841,0.1079,多周期共振看空 ⬇⬇⬇,-0.774,-0.7223,-0.3375
603868,飞科电器,131.99,True,30.3,31.65,0,-2.19,-12.27,-6.26,-4.28,0.0,2026-07-10,2026-07-10,24.69,0.6864,-0.5802,0.396,0.4118,0.3264,0.34,0.1988,-0.7326,0.1337,多周期共振看空 ⬇⬇⬇,-0.72,-0.4304,-0.5625
002512,ST达华,39.07,True,3.57,3.59,0,-0.54,-22.2,-12.1,-0.54,0.0,2026-07-10,2026-07-10,44.55,-0.333,0.059,0.7113,0.2236,0.7679,0.0,0.1982,-0.6935,0.1532,多周期共振看空 ⬇⬇⬇,-0.4975,-0.5352,-0.5625
000572,海马汽车,58.63,True,3.57,3.86,1,2.05,-13.17,-8.35,-7.57,0.0,2026-07-10,2026-07-10,37.13,-0.4052,2.8748,0.5717,0.4,0.6028,0.0472,0.1981,-0.8162,0.0919,多周期共振看空 ⬇⬇⬇,-0.5615,-0.75,-0.5625
603327,福蓉科技,85.73,True,8.2,9.53,8,10.37,-19.63,-6.2,-13.93,0.0,2026-07-10,2026-07-10,28.83,0.4006,-0.1737,0.836,0.3709,0.4185,0.0,0.1981,-0.5107,0.2446,多周期共振看空 ⬇⬇⬇,-0.4674,-0.2267,-0.495
000045,深纺织Ａ,43.97,True,9.62,10.27,0,-1.06,-8.44,-5.83,-6.3,0.0,2026-07-10,2026-07-10,32.05,0.2642,-0.1507,0.3608,0.2982,0.4899,0.3987,0.1976,-0.8031,0.0984,多周期共振看空 ⬇⬇⬇,-0.682,-0.6854,-0.495
603798,康普顿,33.7,True,13.14,14.63,2,1.36,-11.47,-5.01,-10.2,0.0,2026-07-10,2026-07-10,35.58,0.2142,-0.2354,0.571,0.2344,0.5686,0.0483,0.1976,-0.5149,0.2425,多周期共振看空 ⬇⬇⬇,-0.5316,-0.2484,-0.4275
002501,*ST利源,46.46,True,1.31,1.34,3,0.97,-16.21,-6.52,-2.42,0.0,2026-07-10,2026-07-10,45.61,0.1467,-0.405,0.553,0.126,0.7914,0.0784,0.1974,-0.6344,0.1828,多周期共振看空 ⬇⬇⬇,-0.368,-0.5164,-0.5625
003040,楚天龙,47.79,True,10.46,11.12,0,-3.71,-12.91,-8.37,-5.92,0.0,2026-07-10,2026-07-10,26.7,0.0473,1.7436,0.3856,0.4284,0.3712,0.3573,0.1972,-0.8392,0.0804,多周期共振看空 ⬇⬇⬇,-0.6205,-0.75,-0.5625
600299,安迪苏,243.3,True,7.9,8.73,0,-6.42,-19.62,-10.74,-9.5,0.0,2026-07-10,2026-07-10,26.52,-0.6282,0.8238,0.5171,0.4,0.3672,0.1382,0.1963,-0.6211,0.1895,多周期共振看空 ⬇⬇⬇,-0.575,-0.5348,-0.3375
000420,吉林化纤,92.91,True,3.78,4.11,0,-0.52,-10.05,-4.9,-8.1,0.0,2026-07-10,2026-07-10,28.24,0.2143,-0.252,0.3919,0.2278,0.4054,0.3469,0.1961,-0.5598,0.2201,多周期共振看空 ⬇⬇⬇,-0.5819,-0.394,-0.3375
001332,锡装股份,21.43,True,31.89,39.82,1,0.89,-21.14,-10.28,-19.92,0.0,2026-07-10,2026-07-10,0.49,0.616,-0.383,0.3255,0.4164,0.0,0.4575,0.196,-0.4646,0.2677,多周期共振看空 ⬇⬇⬇,-0.666,-0.1802,-0.27
603997,继峰股份,0.0,True,11.36,12.53,2,3.19,-15.34,-7.18,-9.34,0.0,2026-07-10,2026-07-10,22.73,0.5447,-0.6058,0.3862,0.3268,0.2828,0.3563,0.196,-0.5792,0.2104,多周期共振看空 ⬇⬇⬇,-0.561,-0.297,-0.495
002836,新宏泽,21.38,True,9.28,9.78,0,-2.94,-10.47,-7.28,-5.06,0.0,2026-07-10,2026-07-10,33.33,-0.0138,0.1637,0.3607,0.2655,0.5185,0.3988,0.196,-0.7983,0.1008,多周期共振看空 ⬇⬇⬇,-0.616,-0.7315,-0.495
000681,视觉中国,125.08,True,18.5,20.37,4,9.2,-14.12,-5.26,-9.18,0.0,2026-07-10,2026-07-10,21.17,0.7652,-0.4358,0.565,0.4848,0.2483,0.0583,0.1958,-0.5538,0.2231,多周期共振看空 ⬇⬇⬇,-0.3954,-0.3833,-0.495
002539,云图控股,90.85,True,10.21,11.61,5,4.37,-12.06,-3.48,-12.06,0.0,2026-07-10,2026-07-10,17.62,0.3316,0.3944,0.5395,0.5567,0.1692,0.1008,0.1954,-0.6115,0.1942,多周期共振看空 ⬇⬇⬇,-0.5072,-0.5717,-0.3375
002846,英联股份,25.7,True,9.88,11.22,4,2.93,-11.97,-6.21,-11.92,0.0,2026-07-10,2026-07-10,12.03,0.6756,0.1596,0.4031,0.6692,0.045,0.3281,0.1952,-0.826,0.087,多周期共振看空 ⬇⬇⬇,-0.7095,-0.6447,-0.5625
002691,*ST冀凯,13.98,True,4.16,4.31,0,-0.75,-18.5,-9.67,-3.41,0.0,2026-07-10,2026-07-10,44.34,0.4559,-0.5268,0.59,0.2736,0.7631,0.0167,0.1948,-0.8088,0.0956,多周期共振看空 ⬇⬇⬇,-0.5425,-0.75,-0.5625
603166,福达股份,69.65,True,10.87,13.9,10,21.35,-22.55,-0.23,-21.79,0.0,2026-07-10,2026-07-10,18.0,0.5084,0.1631,0.8978,0.5703,0.1777,0.0,0.1945,-0.5696,0.2152,多周期共振看空 ⬇⬇⬇,-0.3903,-0.3549,-0.5625
600212,绿能慧充,26.72,True,5.03,5.42,0,-2.14,-11.63,-8.01,-7.26,0.0,2026-07-10,2026-07-10,34.39,-0.044,1.0589,0.4869,0.4,0.542,0.1885,0.1943,-0.8867,0.0566,多周期共振看空 ⬇⬇⬇,-0.7875,-0.7113,-0.5625
002753,永东股份,17.54,True,5.93,6.04,1,0.1,-10.25,-4.65,-1.89,0.0,2026-07-10,2026-07-10,39.22,-0.1574,-0.2617,0.3776,0.0953,0.6492,0.3707,0.1941,-0.6757,0.1622,多周期共振看空 ⬇⬇⬇,-0.388,-0.5899,-0.5625
600446,金证股份,0.0,True,10.17,10.83,0,-3.81,-15.07,-9.16,-6.12,0.0,2026-07-10,2026-07-10,30.79,0.436,0.0679,0.6467,0.4888,0.4619,0.0,0.1941,-0.7833,0.1084,多周期共振看空 ⬇⬇⬇,-0.5525,-0.6854,-0.5625
603092,德力佳,17.59,True,50.88,54.72,0,-3.17,-15.87,-7.94,-7.02,0.0,2026-07-10,2026-07-10,26.62,0.2567,-0.2137,0.3913,0.2685,0.3694,0.3479,0.1941,-0.5984,0.2008,周线日线共振看空,-0.6115,-0.402,
002595,豪迈科技,527.26,True,45.77,47.75,1,1.66,-9.39,-4.81,-4.15,0.0,2026-07-10,2026-07-10,31.22,0.3246,-0.3413,0.3925,0.2582,0.4716,0.3459,0.1941,-0.7029,0.1486,多周期共振看空 ⬇⬇⬇,-0.6865,-0.619,-0.3375
002104,恒宝股份,0.0,True,10.06,10.67,0,-2.79,-10.42,-6.87,-5.69,0.0,2026-07-10,2026-07-10,34.85,-0.4426,2.0679,0.5364,0.4,0.5522,0.1061,0.194,-0.8357,0.0822,多周期共振看空 ⬇⬇⬇,-0.6115,-0.75,-0.5625
001285,瑞立科密,16.97,True,40.9,42.58,1,0.03,-10.17,-5.16,-3.96,0.0,2026-07-10,2026-07-10,38.54,-0.1332,-0.3989,0.3711,0.0404,0.6341,0.3815,0.194,-0.5787,0.2107,周线日线共振看空,-0.5199,-0.45,
002454,松芝股份,42.29,True,4.82,5.06,0,-1.68,-13.78,-7.63,-4.82,0.0,2026-07-10,2026-07-10,33.06,-0.109,-0.1047,0.3502,0.1581,0.5125,0.4163,0.194,-0.6491,0.1754,多周期共振看空 ⬇⬇⬇,-0.607,-0.4113,-0.495
001335,信凯科技,8.37,True,32.76,42.79,6,4.32,-24.7,-7.46,-23.45,0.0,2026-07-10,2026-07-10,23.28,0.0713,0.3955,0.6741,0.401,0.295,0.0,0.1935,-0.4477,0.2762,多周期共振看空 ⬇⬇⬇,-0.5595,-0.2793,-0.225
002778,中晟高科,18.61,True,15.08,16.19,0,-3.57,-12.66,-7.5,-6.86,0.0,2026-07-10,2026-07-10,27.48,0.3752,-0.0029,0.4781,0.424,0.3884,0.2031,0.1934,-0.7597,0.1201,多周期共振看空 ⬇⬇⬇,-0.5405,-0.6438,-0.5625
003005,竞业达,16.05,True,12.64,13.64,0,-3.37,-12.31,-6.94,-7.33,0.0,2026-07-10,2026-07-10,34.1,-0.2633,4.3142,0.5027,0.4,0.5355,0.1621,0.1934,-0.8649,0.0675,多周期共振看空 ⬇⬇⬇,-0.6865,-0.75,-0.5625
603121,华培动力,39.41,True,11.64,12.96,0,-4.26,-19.64,-13.44,-10.19,0.0,2026-07-10,2026-07-10,36.12,-0.3353,0.4205,0.5943,0.3682,0.5805,0.0095,0.1933,-0.7471,0.1265,多周期共振看空 ⬇⬇⬇,-0.616,-0.619,-0.495
603097,江苏华辰,37.63,True,16.75,18.59,9,4.06,-12.79,-2.86,-9.92,0.0,2026-07-10,2026-07-10,13.13,0.2403,0.2379,0.3479,0.4394,0.0696,0.4201,0.1932,-0.5768,0.2116,多周期共振看空 ⬇⬇⬇,-0.4449,-0.5489,-0.3375
603699,纽威股份,0.0,True,46.8,50.96,1,1.36,-11.99,-5.7,-8.16,0.0,2026-07-10,2026-07-10,27.84,0.0819,0.0032,0.5438,0.2505,0.3964,0.0937,0.1929,-0.4079,0.2961,多周期共振看空 ⬇⬇⬇,-0.556,-0.2275,-0.1924
603109,神驰机电,34.67,True,16.6,17.19,0,-1.52,-13.38,-7.61,-3.43,0.0,2026-07-10,2026-07-10,36.29,0.2713,-0.3914,0.3784,0.2062,0.5842,0.3693,0.1927,-0.7852,0.1074,多周期共振看空 ⬇⬇⬇,-0.5145,-0.7223,-0.5625
002469,三维化学,35.29,True,5.61,6.11,5,11.75,-12.52,-4.38,-8.24,0.0,2026-07-10,2026-07-10,22.29,0.8482,-0.3528,0.4875,0.5678,0.2731,0.1876,0.1924,-0.8472,0.0764,多周期共振看空 ⬇⬇⬇,-0.6735,-0.7223,-0.5625
603489,八方股份,59.8,True,25.49,29.49,0,-1.73,-13.56,-8.4,-13.56,0.0,2026-07-10,2026-07-10,14.82,-0.0409,0.5218,0.3601,0.4,0.1072,0.3998,0.1924,-0.5489,0.2255,多周期共振看空 ⬇⬇⬇,-0.8255,-0.2287,-0.27
002759,天际股份,105.6,True,21.08,25.4,4,3.02,-18.07,-7.71,-17.01,0.0,2026-07-10,2026-07-10,22.11,0.642,0.0241,0.7084,0.5949,0.2691,0.0,0.1918,-0.7403,0.1299,多周期共振看空 ⬇⬇⬇,-0.788,-0.4567,-0.495
001323,慕思股份,50.55,True,16.24,17.0,0,-3.37,-14.4,-7.86,-4.47,0.0,2026-07-10,2026-07-10,34.54,-0.7687,0.0568,0.3508,0.2227,0.5453,0.4154,0.1916,-0.8105,0.0948,多周期共振看空 ⬇⬇⬇,-0.547,-0.75,-0.5625
002476,新叶股份,27.66,True,4.52,4.99,5,2.93,-10.55,-4.59,-9.42,0.0,2026-07-10,2026-07-10,20.92,0.4839,-0.0538,0.4351,0.4688,0.2426,0.2748,0.1915,-0.7287,0.1356,多周期共振看空 ⬇⬇⬇,-0.6907,-0.5144,-0.495
002085,万丰奥威,224.22,True,10.56,11.78,6,9.63,-13.36,-3.51,-10.38,0.0,2026-07-10,2026-07-10,26.33,0.8605,-0.5296,0.5782,0.5163,0.3629,0.0363,0.191,-0.7629,0.1185,多周期共振看空 ⬇⬇⬇,-0.5047,-0.6817,-0.5625
600996,贵广网络,80.67,True,6.47,7.74,2,5.71,-25.23,-10.73,-16.42,0.0,2026-07-10,2026-07-10,23.95,0.5595,0.1,0.7359,0.5757,0.3101,0.0,0.191,-0.7654,0.1173,多周期共振看空 ⬇⬇⬇,-0.72,-0.5025,-0.5625
000425,徐工机械,758.75,True,8.43,8.48,1,2.21,-11.02,-4.96,-0.61,0.0,2026-07-10,2026-07-10,40.07,0.0545,-0.2988,0.4573,0.1132,0.6682,0.2378,0.1909,-0.6458,0.1771,多周期共振看空 ⬇⬇⬇,-0.36,-0.5483,-0.5625
001283,豪鹏科技,46.22,True,44.7,49.41,3,2.99,-16.03,-5.81,-9.53,0.0,2026-07-10,2026-07-10,30.63,0.3776,-0.2637,0.6084,0.321,0.4585,0.0,0.1908,-0.5377,0.2312,多周期共振看空 ⬇⬇⬇,-0.5603,-0.2065,-0.495
000786,北新建材,291.78,True,17.27,18.73,0,-3.99,-11.78,-8.19,-7.78,0.0,2026-07-10,2026-07-10,28.21,-0.2981,0.6117,0.3947,0.4,0.4047,0.3422,0.1906,-0.8749,0.0625,多周期共振看空 ⬇⬇⬇,-0.7875,-0.6854,-0.5625
001373,翔腾新材,11.51,True,27.44,31.74,0,-2.06,-15.99,-9.27,-13.55,0.0,2026-07-10,2026-07-10,18.77,0.1411,0.8808,0.4713,0.4847,0.1948,0.2145,0.1901,-0.6604,0.1698,多周期共振看空 ⬇⬇⬇,-0.72,-0.4967,-0.3375
603390,通达电气,35.58,True,10.15,10.99,0,-3.07,-14.46,-7.88,-7.65,0.0,2026-07-10,2026-07-10,24.5,0.3521,-0.1666,0.3538,0.3446,0.3221,0.4104,0.1901,-0.7455,0.1272,多周期共振看空 ⬇⬇⬇,-0.729,-0.4512,-0.5625
002527,新时达,60.93,True,11.52,13.22,2,5.08,-13.53,-6.05,-12.85,0.0,2026-07-10,2026-07-10,28.62,0.6283,-0.5873,0.6016,0.377,0.4137,0.0,0.1901,-0.5786,0.2107,多周期共振看空 ⬇⬇⬇,-0.4322,-0.3387,-0.5625
601717,中创智领,220.53,True,14.3,15.13,0,-1.64,-12.97,-6.24,-5.51,0.0,2026-07-10,2026-07-10,31.07,0.2331,-0.164,0.3565,0.2743,0.4683,0.4058,0.1898,-0.807,0.0965,多周期共振看空 ⬇⬇⬇,-0.538,-0.75,-0.5625
002969,嘉美包装,144.84,True,13.26,14.36,0,-6.12,-24.24,-12.47,-7.64,0.0,2026-07-10,2026-07-10,28.38,0.5772,-0.6967,0.5282,0.3463,0.4083,0.1196,0.1897,-0.6222,0.1889,多周期共振看空 ⬇⬇⬇,-0.4559,-0.6392,-0.3375
600894,广日股份,63.57,True,7.54,7.8,1,0.84,-5.61,-2.91,-3.33,0.0,2026-07-10,2026-07-10,35.06,-0.1787,-0.0157,0.3565,0.1937,0.5568,0.4059,0.1897,-0.7853,0.1074,多周期共振看空 ⬇⬇⬇,-0.6567,-0.6006,-0.5625
600776,东方通信,124.18,True,12.99,13.94,4,3.92,-16.32,-6.96,-6.81,0.0,2026-07-10,2026-07-10,27.95,0.6181,-0.5132,0.565,0.3708,0.399,0.0584,0.1892,-0.6056,0.1972,多周期共振看空 ⬇⬇⬇,-0.6689,-0.4202,-0.3375
002988,豪美新材,53.06,True,21.24,23.4,1,5.15,-18.69,-10.14,-9.22,0.0,2026-07-10,2026-07-10,32.57,0.2637,0.2246,0.641,0.4481,0.5017,0.0,0.189,-0.8072,0.0964,多周期共振看空 ⬇⬇⬇,-0.682,-0.6271,-0.5625
002562,兄弟科技,34.98,True,4.3,4.55,0,-2.23,-8.52,-5.4,-5.47,0.0,2026-07-10,2026-07-10,26.26,-0.3496,0.3549,0.3281,0.342,0.3614,0.4531,0.1883,-0.8368,0.0816,多周期共振看空 ⬇⬇⬇,-0.625,-0.7408,-0.5625
002953,日丰股份,23.88,True,8.8,9.18,0,-2.79,-11.0,-6.42,-4.12,0.0,2026-07-10,2026-07-10,28.35,-0.4314,0.1793,0.3061,0.2717,0.4078,0.4899,0.1881,-0.8111,0.0944,多周期共振看空 ⬇⬇⬇,-0.6025,-0.7038,-0.5625
603586,金麒麟,25.27,True,12.89,14.11,4,10.58,-24.99,-11.17,-8.66,0.0,2026-07-10,2026-07-10,33.91,0.5183,-0.3954,0.6348,0.3528,0.5313,0.0,0.1879,-0.6988,0.1506,多周期共振看空 ⬇⬇⬇,-0.416,-0.6167,-0.5625
603278,大业股份,34.35,True,10.05,11.3,1,0.5,-16.56,-8.64,-11.05,0.0,2026-07-10,2026-07-10,34.51,0.4318,-0.5673,0.7475,0.2591,0.5447,0.0,0.1879,-0.5647,0.2177,多周期共振看空 ⬇⬇⬇,-0.5127,-0.3066,-0.495
603578,三星新材,24.11,True,13.37,12.72,1,5.08,-13.47,-7.59,5.08,0.0,2026-07-09,2026-07-10,45.22,0.0667,-0.6616,0.7341,0.04,0.7827,0.0,0.1877,-0.5014,0.2493,多周期共振看空 ⬇⬇⬇,-0.3232,-0.4875,-0.3375
603718,*ST海利,18.63,True,2.87,2.91,0,-0.56,-15.46,-7.49,-1.43,0.0,2026-07-10,2026-07-10,44.76,0.0211,0.0688,0.6079,0.2402,0.7723,0.0,0.1876,-0.8105,0.0948,多周期共振看空 ⬇⬇⬇,-0.547,-0.75,-0.5625
600476,*ST湘邮,14.48,True,8.99,9.31,0,-1.96,-17.55,-9.8,-3.39,0.0,2026-07-10,2026-07-10,44.95,-0.3489,-0.0811,0.5696,0.1676,0.7767,0.0507,0.1875,-0.7406,0.1297,多周期共振看空 ⬇⬇⬇,-0.511,-0.6271,-0.5625
002716,湖南白银,184.36,True,7.93,8.52,2,3.1,-13.08,-5.97,-6.98,0.0,2026-07-10,2026-07-10,24.46,0.0484,0.612,0.6537,0.429,0.3214,0.0,0.1874,-0.5729,0.2136,多周期共振看空 ⬇⬇⬇,-0.434,-0.5497,-0.3375
603070,万控智造,46.03,True,11.48,13.65,2,10.75,-19.47,-11.13,-15.91,0.0,2026-07-10,2026-07-10,23.04,0.6562,-0.3927,0.8825,0.4366,0.2897,0.0,0.1873,-0.5478,0.2261,多周期共振看空 ⬇⬇⬇,-0.6675,-0.2944,-0.3375
002666,德联集团,19.43,True,3.88,4.09,0,-3.2,-8.67,-5.9,-5.13,0.0,2026-07-10,2026-07-10,26.83,-0.3956,0.198,0.2799,0.2792,0.374,0.5336,0.1873,-0.8241,0.0879,多周期共振看空 ⬇⬇⬇,-0.625,-0.7131,-0.5625
603429,*ST集友,40.39,True,7.7,8.98,8,14.9,-15.87,-3.7,-14.28,0.0,2026-07-10,2026-07-10,17.32,0.4574,0.3046,0.6416,0.5963,0.1627,0.0,0.1873,-0.6512,0.1744,多周期共振看空 ⬇⬇⬇,-0.4983,-0.4417,-0.5625
000981,山子高科,260.67,True,2.74,2.98,0,-5.42,-16.02,-10.27,-8.18,0.0,2026-07-10,2026-07-10,27.78,-0.1665,0.5467,0.4483,0.4,0.3951,0.2529,0.1873,-0.8177,0.0912,多周期共振看空 ⬇⬇⬇,-0.7785,-0.6348,-0.495
001221,悍高集团,13.41,True,37.25,41.53,0,-0.78,-16.35,-8.19,-10.31,0.0,2026-07-10,2026-07-10,24.83,-0.4569,1.2917,0.4565,0.4,0.3295,0.2392,0.1871,-0.7303,0.1349,多周期共振看空 ⬇⬇⬇,-0.6685,-0.6946,-0.3375
600268,国电南自,109.27,True,10.76,11.73,0,-1.23,-13.19,-5.97,-8.26,0.0,2026-07-10,2026-07-10,15.85,0.2658,0.0974,0.3402,0.3984,0.13,0.433,0.187,-0.6438,0.1781,多周期共振看空 ⬇⬇⬇,-0.765,-0.4217,-0.3375
603193,润本股份,19.29,True,18.67,19.57,0,-3.67,-13.94,-7.11,-4.6,0.0,2026-07-10,2026-07-10,34.43,-0.1873,-0.2065,0.3167,0.1174,0.5429,0.4721,0.1869,-0.7215,0.1392,多周期共振看空 ⬇⬇⬇,-0.607,-0.5029,-0.5625
605555,德昌股份,60.32,True,12.46,13.28,0,-1.8,-20.09,-8.56,-6.2,0.0,2026-07-10,2026-07-10,40.29,0.292,-0.3729,0.6002,0.2261,0.6732,0.0,0.1866,-0.6771,0.1614,多周期共振看空 ⬇⬇⬇,-0.382,-0.5983,-0.5625
000893,亚钾国际,321.88,True,39.65,42.88,4,3.51,-10.9,-4.53,-7.53,0.0,2026-07-10,2026-07-10,35.9,0.0022,0.2957,0.7259,0.3196,0.5755,0.0,0.1864,-0.7109,0.1446,多周期共振看空 ⬇⬇⬇,-0.6724,-0.6485,-0.3375
603305,旭升集团,139.49,True,12.07,12.76,0,-1.68,-15.71,-8.77,-5.39,0.0,2026-07-10,2026-07-10,35.63,-0.0364,0.0423,0.4979,0.2169,0.5695,0.1701,0.1861,-0.6782,0.1609,多周期共振看空 ⬇⬇⬇,-0.571,-0.5061,-0.495
000766,通化金马,159.39,True,16.5,21.23,8,8.53,-28.87,-9.08,-22.26,0.0,2026-07-10,2026-07-10,25.55,-0.4437,1.5289,0.7995,0.4,0.3456,0.0,0.1861,-0.5655,0.2172,多周期共振看空 ⬇⬇⬇,-0.5325,-0.224,-0.5625
002598,ST章鼓,19.48,True,6.8,6.69,2,1.89,-10.81,-4.34,1.71,0.0,2026-07-09,2026-07-10,48.6,-0.5501,-0.6156,0.4394,0.0,0.8577,0.2677,0.1859,-0.756,0.122,多周期共振看空 ⬇⬇⬇,-0.4071,-0.75,-0.5625
002271,东方雨虹,220.17,True,11.5,12.06,2,1.03,-11.36,-4.8,-4.62,0.0,2026-07-10,2026-07-10,37.43,-0.0854,-0.1939,0.4193,0.1224,0.6096,0.3011,0.1856,-0.6832,0.1584,多周期共振看空 ⬇⬇⬇,-0.5799,-0.6669,-0.3375
002987,京北方,98.18,True,9.7,10.41,0,-1.08,-14.36,-7.78,-6.84,0.0,2026-07-10,2026-07-10,21.25,0.8068,-0.5208,0.3677,0.4841,0.25,0.3872,0.1852,-0.9026,0.0487,多周期共振看空 ⬇⬇⬇,-0.783,-0.75,-0.5625
603897,长城科技,57.86,True,28.03,34.08,1,0.86,-23.89,-14.7,-17.75,0.0,2026-07-10,2026-07-10,31.31,-0.0745,-0.4587,0.7882,0.0165,0.4735,0.0,0.185,-0.1149,0.4425,月线看多，中短期调整中,-0.5921,-0.2194,0.18
603217,元利科技,42.14,True,20.25,22.74,1,2.72,-13.73,-6.59,-10.96,0.0,2026-07-10,2026-07-10,31.03,-0.1357,-0.0028,0.4809,0.1989,0.4673,0.1985,0.1849,-0.5584,0.2208,多周期共振看空 ⬇⬇⬇,-0.8345,-0.242,-0.27
002398,垒知集团,22.67,True,3.78,3.9,0,-3.15,-8.99,-6.03,-3.15,0.0,2026-07-10,2026-07-10,30.14,-0.0118,-0.0147,0.2469,0.1941,0.4475,0.5884,0.1849,-0.8392,0.0804,多周期共振看空 ⬇⬇⬇,-0.6205,-0.75,-0.5625
001300,三柏硕,28.81,True,11.82,12.41,0,-4.09,-20.64,-12.91,-4.77,0.0,2026-07-10,2026-07-10,34.53,-0.0161,-0.0253,0.4753,0.1899,0.5452,0.2079,0.1849,-0.6448,0.1776,多周期共振看空 ⬇⬇⬇,-0.5515,-0.4494,-0.495
600733,北汽蓝谷,0.0,True,4.83,5.16,0,-1.39,-14.37,-9.74,-6.46,0.0,2026-07-10,2026-07-10,24.44,-0.1527,0.9924,0.3939,0.4,0.321,0.3434,0.1848,-0.8214,0.0893,多周期共振看空 ⬇⬇⬇,-0.575,-0.75,-0.5625
600230,沧州大化,0.0,True,13.12,14.01,3,3.79,-10.15,-4.52,-6.36,0.0,2026-07-10,2026-07-10,26.95,-0.0155,1.3779,0.5506,0.4,0.3766,0.0823,0.1842,-0.6842,0.1579,多周期共振看空 ⬇⬇⬇,-0.604,-0.6485,-0.3375
003023,彩虹集团,20.06,True,19.08,20.65,0,-2.02,-13.82,-9.9,-7.61,0.0,2026-07-10,2026-07-10,26.95,-0.1855,-0.2,0.3645,0.12,0.3766,0.3924,0.1841,-0.4848,0.2576,多周期共振看空 ⬇⬇⬇,-0.664,-0.2263,-0.27
001255,博菲电气,18.85,True,24.39,26.55,0,-4.0,-11.32,-8.38,-8.13,0.0,2026-07-10,2026-07-10,25.6,-0.2061,0.2211,0.3314,0.2884,0.3467,0.4476,0.1838,-0.7655,0.1173,多周期共振看空 ⬇⬇⬇,-0.575,-0.6946,-0.495
605336,*ST帅电,18.89,True,10.3,13.54,0,-0.0,-27.84,-12.09,-23.95,0.0,2026-07-10,2026-07-10,24.56,-0.3843,1.6149,0.5677,0.4,0.3236,0.0538,0.1835,-0.603,0.1985,多周期共振看空 ⬇⬇⬇,-0.7335,-0.2015,-0.495
002121,科陆电子,75.38,True,5.34,5.5,0,-2.83,-19.03,-13.8,-2.83,0.0,2026-07-10,2026-07-10,38.54,0.1341,-0.2682,0.5018,0.1732,0.6343,0.1637,0.1835,-0.7016,0.1492,多周期共振看空 ⬇⬇⬇,-0.5615,-0.5656,-0.495
603409,汇通控股,9.71,True,18.03,19.39,0,-4.82,-21.81,-14.86,-7.03,0.0,2026-07-10,2026-07-10,36.06,0.1557,-0.1897,0.5661,0.2175,0.5791,0.0565,0.1835,-0.6204,0.1898,多周期共振看空 ⬇⬇⬇,-0.598,-0.356,-0.495
601096,宏盛华源,68.02,True,4.14,4.42,0,-3.34,-8.86,-6.24,-6.33,0.0,2026-07-10,2026-07-10,19.1,0.4699,-0.3992,0.253,0.3222,0.2022,0.5783,0.1834,-0.754,0.123,多周期共振看空 ⬇⬇⬇,-0.783,-0.6485,-0.3375
603381,永臻股份,20.92,True,14.72,15.85,0,-4.47,-17.5,-10.56,-7.11,0.0,2026-07-10,2026-07-10,24.46,-0.1454,0.0838,0.25,0.2335,0.3214,0.5834,0.1827,-0.764,0.118,多周期共振看空 ⬇⬇⬇,-0.625,-0.6485,-0.495
001288,运机集团,35.37,True,23.29,25.21,8,9.5,-9.35,-1.77,-7.6,0.0,2026-07-10,2026-07-10,24.92,0.4874,-0.2718,0.576,0.3837,0.3315,0.0399,0.1822,-0.5861,0.207,多周期共振看空 ⬇⬇⬇,-0.3278,-0.5121,-0.495
002201,九鼎新材,53.7,True,8.92,11.01,9,16.87,-23.24,-3.11,-19.01,0.0,2026-07-10,2026-07-10,12.56,0.8733,-0.3884,0.8199,0.5687,0.057,0.0,0.1821,-0.5216,0.2392,多周期共振看空 ⬇⬇⬇,-0.4657,-0.4097,-0.3375
002026,山东威达,0.0,True,10.57,11.33,0,-0.62,-10.75,-5.2,-6.7,0.0,2026-07-10,2026-07-10,27.09,0.0217,0.2811,0.2992,0.3255,0.3798,0.5013,0.1821,-0.9206,0.0397,多周期共振看空 ⬇⬇⬇,-0.8615,-0.7223,-0.5625
601515,衢州东峰,59.85,True,3.11,3.45,0,-0.68,-15.1,-8.67,-9.78,0.0,2026-07-10,2026-07-10,25.83,-0.1562,0.6966,0.5122,0.4,0.3519,0.1463,0.1818,-0.7248,0.1376,多周期共振看空 ⬇⬇⬇,-0.7695,-0.3708,-0.5625
002857,三晖电气,20.25,True,15.75,16.99,0,-0.09,-16.53,-6.7,-7.28,0.0,2026-07-10,2026-07-10,28.67,0.5136,-0.3526,0.4909,0.3671,0.4148,0.1818,0.1804,-0.7873,0.1064,多周期共振看空 ⬇⬇⬇,-0.5951,-0.6577,-0.5625
003038,鑫铂股份,17.92,True,10.93,11.63,1,0.35,-9.17,-4.92,-5.98,0.0,2026-07-10,2026-07-10,22.74,0.5539,-0.288,0.3621,0.4171,0.2832,0.3965,0.18,-0.8847,0.0576,多周期共振看空 ⬇⬇⬇,-0.7695,-0.7223,-0.5625
603227,雪峰科技,76.2,True,7.11,7.39,0,-3.76,-11.79,-7.27,-3.76,0.0,2026-07-10,2026-07-10,24.19,-0.0791,0.0504,0.254,0.2202,0.3154,0.5767,0.1798,-0.7534,0.1233,多周期共振看空 ⬇⬇⬇,-0.616,-0.5654,-0.5625
600876,凯盛新能,27.26,True,6.89,7.76,3,13.03,-15.48,-7.66,-11.23,0.0,2026-07-10,2026-07-10,13.92,0.5693,0.368,0.7097,0.6888,0.087,0.0,0.1795,-0.7704,0.1148,多周期共振看空 ⬇⬇⬇,-0.5097,-0.6937,-0.5625
003021,兆威机电,0.0,True,86.73,91.85,2,5.51,-15.88,-5.97,-5.58,0.0,2026-07-10,2026-07-10,42.76,0.1516,-0.301,0.7006,0.1706,0.728,0.0,0.1787,-0.7169,0.1416,多周期共振看空 ⬇⬇⬇,-0.5296,-0.5591,-0.5625
002581,*ST未名,13.23,True,3.3,3.42,0,-3.64,-19.62,-11.0,-3.64,0.0,2026-07-10,2026-07-10,34.53,0.5786,-0.4975,0.573,0.3481,0.5452,0.045,0.1776,-0.8262,0.0869,多周期共振看空 ⬇⬇⬇,-0.598,-0.7408,-0.5625
002227,*ST特迅,15.89,True,6.46,6.73,0,-1.74,-16.26,-9.67,-3.98,0.0,2026-07-10,2026-07-10,39.62,0.1846,-0.2587,0.5102,0.2073,0.6583,0.1497,0.1775,-0.8213,0.0893,多周期共振看空 ⬇⬇⬇,-0.607,-0.7223,-0.5625
603239,浙江仙通,37.49,True,13.85,15.34,0,-4.93,-17.75,-12.24,-9.69,0.0,2026-07-10,2026-07-10,30.34,-0.2653,0.0113,0.4692,0.2045,0.452,0.218,0.1775,-0.624,0.188,多周期共振看空 ⬇⬇⬇,-0.616,-0.506,-0.3375
000586,汇源通信,23.48,True,12.28,13.87,0,-3.93,-14.86,-10.11,-11.47,0.0,2026-07-10,2026-07-10,15.83,0.462,-0.2221,0.4654,0.3884,0.1295,0.2243,0.1765,-0.5441,0.2279,多周期共振看空 ⬇⬇⬇,-0.6923,-0.3325,-0.27
000590,古汉医药,19.6,True,8.19,8.69,0,-3.69,-11.47,-7.16,-5.76,0.0,2026-07-10,2026-07-10,31.65,-0.7238,0.1114,0.3655,0.2446,0.4812,0.3908,0.1753,-0.8791,0.0605,多周期共振看空 ⬇⬇⬇,-0.7875,-0.6946,-0.5625
603418,友升股份,18.18,True,43.96,47.66,5,4.85,-13.45,-4.27,-7.77,0.0,2026-07-10,2026-07-10,25.26,0.1839,-0.1906,0.5251,0.2341,0.3392,0.1249,0.1738,-0.491,0.2545,周线日线共振看空,-0.4757,-0.3522,
600537,*ST亿晶,30.42,True,2.57,2.65,5,4.88,-22.12,-4.34,-2.96,0.0,2026-07-10,2026-07-10,42.53,0.1129,-0.6746,0.5883,0.0677,0.7229,0.0194,0.1735,-0.6031,0.1985,多周期共振看空 ⬇⬇⬇,-0.3418,-0.47,-0.5625
603396,金辰股份,34.35,True,24.8,26.87,0,-4.88,-12.34,-8.34,-7.7,0.0,2026-07-10,2026-07-10,23.37,-0.0524,0.1846,0.2727,0.2739,0.2971,0.5455,0.1734,-0.8442,0.0779,多周期共振看空 ⬇⬇⬇,-0.7875,-0.6854,-0.495
000592,平潭发展,117.01,True,6.11,6.91,1,5.25,-17.35,-11.03,-11.62,0.0,2026-07-10,2026-07-10,35.07,-0.109,0.2069,0.7071,0.2827,0.5572,0.0,0.1733,-0.7348,0.1326,多周期共振看空 ⬇⬇⬇,-0.774,-0.6141,-0.3375
003027,同兴科技,16.91,True,16.13,18.02,0,-2.44,-16.08,-9.93,-10.47,0.0,2026-07-10,2026-07-10,32.46,0.1497,-0.2763,0.5106,0.1793,0.4991,0.149,0.173,-0.6211,0.1895,多周期共振看空 ⬇⬇⬇,-0.756,-0.3796,-0.3375
603037,凯众股份,26.14,True,9.82,10.64,0,-4.65,-14.76,-10.11,-7.73,0.0,2026-07-10,2026-07-10,27.78,0.048,-0.082,0.3557,0.196,0.3951,0.4071,0.1728,-0.7311,0.1345,多周期共振看空 ⬇⬇⬇,-0.616,-0.5839,-0.495
600590,泰豪科技,77.86,True,9.23,10.53,0,-6.21,-16.72,-12.55,-12.34,0.0,2026-07-10,2026-07-10,19.3,0.1742,0.1182,0.4613,0.3518,0.2066,0.2311,0.1724,-0.6167,0.1916,多周期共振看空 ⬇⬇⬇,-0.7875,-0.3429,-0.3375
002488,金固股份,82.16,True,8.93,9.36,2,0.89,-11.84,-5.88,-4.6,0.0,2026-07-10,2026-07-10,39.39,0.2007,-0.4968,0.5032,0.1217,0.653,0.1614,0.1721,-0.7304,0.1348,多周期共振看空 ⬇⬇⬇,-0.6175,-0.581,-0.495
002096,易普力,109.16,True,8.8,9.14,0,-3.32,-15.42,-8.0,-3.76,0.0,2026-07-10,2026-07-10,22.62,0.5576,-0.7807,0.3468,0.3346,0.2804,0.422,0.1721,-0.8322,0.0839,多周期共振看空 ⬇⬇⬇,-0.6025,-0.75,-0.5625
603138,海量数据,39.1,True,13.56,14.62,0,-3.68,-16.02,-9.44,-7.22,0.0,2026-07-10,2026-07-10,30.4,0.1851,-0.2935,0.4011,0.1937,0.4534,0.3316,0.1715,-0.7473,0.1264,多周期共振看空 ⬇⬇⬇,-0.7875,-0.63,-0.3375
002115,三维通信,81.72,True,10.95,10.81,1,1.26,-13.43,-7.5,1.26,0.0,2026-07-09,2026-07-10,41.7,0.0285,-0.7515,0.5507,0.0171,0.7045,0.0821,0.1714,-0.5675,0.2162,多周期共振看空 ⬇⬇⬇,-0.539,-0.4477,-0.3375
002825,纳尔股份,20.97,True,8.17,8.55,0,-4.47,-13.17,-8.62,-4.47,0.0,2026-07-10,2026-07-10,30.18,-0.0171,-0.1467,0.3033,0.1413,0.4484,0.4945,0.1714,-0.7882,0.1059,多周期共振看空 ⬇⬇⬇,-0.6115,-0.6456,-0.5625
002471,中超控股,78.19,True,5.82,6.28,0,-3.61,-14.93,-9.58,-7.38,0.0,2026-07-10,2026-07-10,35.91,0.0393,0.053,0.6277,0.2448,0.5757,0.0,0.171,-0.7145,0.1427,多周期共振看空 ⬇⬇⬇,-0.7349,-0.6029,-0.3375
603915,国茂股份,93.04,True,14.17,14.91,1,4.68,-11.51,-5.31,-4.98,0.0,2026-07-10,2026-07-10,40.53,0.0938,-0.2345,0.593,0.1625,0.6785,0.0116,0.1702,-0.7217,0.1391,多周期共振看空 ⬇⬇⬇,-0.5844,-0.5228,-0.5625
002918,蒙娜丽莎,20.14,True,9.4,10.47,0,-2.25,-17.14,-11.44,-10.19,0.0,2026-07-10,2026-07-10,22.15,0.5815,-0.2746,0.5721,0.4391,0.27,0.0466,0.17,-0.7036,0.1482,多周期共振看空 ⬇⬇⬇,-0.4748,-0.5768,-0.5625
603806,福斯特,371.49,True,14.24,16.02,6,2.02,-12.79,-4.55,-11.09,0.0,2026-07-10,2026-07-10,23.62,0.4559,-0.3062,0.6429,0.351,0.3028,0.0,0.1699,-0.5655,0.2172,多周期共振看空 ⬇⬇⬇,-0.5555,-0.4967,-0.27
600281,华阳新材,20.42,True,3.97,4.35,0,-1.44,-12.69,-8.17,-8.77,0.0,2026-07-10,2026-07-10,19.71,0.3978,0.2419,0.5075,0.5354,0.2157,0.1541,0.1689,-0.8875,0.0563,多周期共振看空 ⬇⬇⬇,-0.7875,-0.7131,-0.5625
605378,野马电池,35.28,True,13.5,14.99,4,10.28,-13.26,-6.38,-9.92,0.0,2026-07-10,2026-07-10,10.48,0.7369,0.18,0.5604,0.7142,0.0107,0.066,0.1681,-0.8637,0.0681,多周期共振看空 ⬇⬇⬇,-0.705,-0.7315,-0.5625
603602,纵横通信,25.19,True,10.9,11.74,0,-0.5,-13.83,-7.61,-7.15,0.0,2026-07-10,2026-07-10,18.24,0.5309,-0.3747,0.3521,0.3687,0.1831,0.4132,0.1671,-0.8036,0.0982,多周期共振看空 ⬇⬇⬇,-0.747,-0.5634,-0.5625
002379,宏桥控股,164.21,True,14.45,15.62,0,-6.41,-16.68,-12.06,-7.51,0.0,2026-07-10,2026-07-10,26.65,0.4746,-0.4308,0.5206,0.3124,0.3699,0.1324,0.167,-0.7134,0.1433,多周期共振看空 ⬇⬇⬇,-0.625,-0.6946,-0.3375
603159,上海亚虹,25.7,True,18.36,20.92,4,2.54,-33.3,-14.69,-12.23,0.0,2026-07-10,2026-07-10,23.62,-0.2202,1.0968,0.8941,0.4,0.3026,0.0,0.1667,-0.6692,0.1654,多周期共振看空 ⬇⬇⬇,-0.6465,-0.4217,-0.495
605196,华通线缆,122.81,True,24.32,28.48,0,-5.24,-25.37,-16.91,-14.62,0.0,2026-07-10,2026-07-10,26.92,-0.258,0.4767,0.7592,0.3907,0.3761,0.0,0.1666,-0.7432,0.1284,多周期共振看空 ⬇⬇⬇,-0.7875,-0.6208,-0.3375
002547,*ST春兴,27.95,True,2.53,2.7,0,-1.55,-25.69,-13.79,-6.31,0.0,2026-07-10,2026-07-10,42.33,-0.2626,-0.1028,0.7768,0.1589,0.7185,0.0,0.1665,-0.7843,0.1079,多周期共振看空 ⬇⬇⬇,-0.6795,-0.5787,-0.5625
002460,赣锋锂业,649.58,True,53.63,65.52,5,2.89,-18.15,-4.92,-18.15,0.0,2026-07-10,2026-07-10,20.04,0.4173,-0.2156,0.5659,0.3641,0.2231,0.0568,0.1662,-0.5664,0.2168,多周期共振看空 ⬇⬇⬇,-0.7602,-0.3233,-0.27
002827,高争民爆,63.09,True,22.86,24.8,1,0.99,-12.81,-6.79,-7.81,0.0,2026-07-10,2026-07-10,18.79,0.5171,-0.03,0.455,0.4983,0.1954,0.2417,0.166,-0.8973,0.0514,多周期共振看空 ⬇⬇⬇,-0.7695,-0.75,-0.5625
002368,太极股份,89.56,True,14.44,15.17,7,8.2,-13.42,-3.78,-4.82,0.0,2026-07-10,2026-07-10,23.18,-0.1123,0.6989,0.4732,0.4,0.2928,0.2114,0.1657,-0.835,0.0825,多周期共振看空 ⬇⬇⬇,-0.6098,-0.75,-0.5625
002729,好利科技,24.9,True,14.19,17.58,6,8.91,-19.6,-6.52,-19.27,0.0,2026-07-10,2026-07-10,32.95,-0.1139,-0.1199,0.7359,0.152,0.51,0.0,0.1629,-0.5517,0.2242,多周期共振看空 ⬇⬇⬇,-0.6989,-0.276,-0.3375
002590,万安科技,47.27,True,9.55,10.32,0,-3.47,-11.59,-7.87,-7.5,0.0,2026-07-10,2026-07-10,26.61,0.3351,-0.4251,0.2996,0.231,0.3692,0.5007,0.1619,-0.9181,0.0409,多周期共振看空 ⬇⬇⬇,-0.866,-0.7131,-0.5625
600486,扬农化工,200.72,True,49.67,52.88,0,-0.26,-8.94,-4.69,-6.07,0.0,2026-07-10,2026-07-10,26.34,0.3303,-0.3704,0.4192,0.25,0.3631,0.3013,0.1619,-0.7818,0.1091,多周期共振看空 ⬇⬇⬇,-0.6491,-0.6669,-0.495
000819,岳阳兴长,41.29,True,11.28,12.2,0,-7.19,-15.25,-10.13,-7.56,0.0,2026-07-10,2026-07-10,27.71,-0.019,0.0754,0.3977,0.2302,0.3935,0.3372,0.1611,-0.8215,0.0892,多周期共振看空 ⬇⬇⬇,-0.7785,-0.5756,-0.5625
605255,天普股份,94.69,True,70.62,75.04,2,2.62,-15.93,-7.33,-5.89,0.0,2026-07-10,2026-07-10,41.52,-0.1078,-0.18,0.8757,0.128,0.7005,0.0,0.161,-0.7574,0.1213,多周期共振看空 ⬇⬇⬇,-0.4323,-0.7315,-0.5625
000821,ST京机,46.8,True,7.74,8.06,0,-0.66,-17.53,-7.37,-4.01,0.0,2026-07-10,2026-07-10,43.37,-0.5374,-0.2982,0.5503,0.0807,0.7416,0.0828,0.1607,-0.7993,0.1003,多周期共振看空 ⬇⬇⬇,-0.529,-0.7408,-0.5625
600801,华新建材,230.77,True,17.2,17.67,7,2.55,-14.29,-3.21,-2.68,0.0,2026-07-10,2026-07-10,39.46,-0.4168,-0.2736,0.6416,0.0906,0.6546,0.0,0.1598,-0.6524,0.1738,多周期共振看空 ⬇⬇⬇,-0.2742,-0.7038,-0.495
002108,沧州明珠,67.57,True,4.1,4.38,0,-1.29,-10.8,-6.22,-6.39,0.0,2026-07-10,2026-07-10,24.59,0.0288,-0.2238,0.4177,0.1278,0.3242,0.3039,0.1598,-0.5582,0.2209,多周期共振看空 ⬇⬇⬇,-0.747,-0.2491,-0.3375
600418,江淮汽车,538.8,True,24.67,27.62,0,-9.98,-21.56,-15.02,-10.67,0.0,2026-07-10,2026-07-10,26.96,-0.3384,0.6964,0.632,0.4,0.3769,0.0,0.1596,-0.8157,0.0922,多周期共振看空 ⬇⬇⬇,-0.625,-0.6946,-0.5625
002140,东华科技,62.44,True,8.83,9.41,0,-0.09,-7.08,-3.89,-6.17,0.0,2026-07-10,2026-07-10,13.64,-0.0428,0.3223,0.2546,0.3289,0.0808,0.5757,0.1596,-0.8066,0.0967,多周期共振看空 ⬇⬇⬇,-0.7341,-0.6485,-0.495
600255,鑫科材料,54.73,True,3.03,3.76,9,9.83,-21.66,-6.64,-19.33,0.0,2026-07-10,2026-07-10,9.25,0.8203,-0.7566,0.5771,0.4922,0.0,0.0381,0.1596,-0.5408,0.2296,多周期共振看空 ⬇⬇⬇,-0.4088,-0.2756,-0.5625
603191,望变电气,47.55,True,14.41,16.15,0,-3.36,-21.87,-10.09,-10.8,0.0,2026-07-10,2026-07-10,10.37,0.8253,-0.3639,0.5498,0.5496,0.0082,0.0837,0.1581,-0.6912,0.1544,多周期共振看空 ⬇⬇⬇,-0.6329,-0.6392,-0.3375
002449,国星光电,42.3,True,6.84,7.55,1,0.72,-11.61,-5.51,-9.46,0.0,2026-07-10,2026-07-10,22.33,0.5567,-0.4871,0.5277,0.3392,0.2739,0.1204,0.1578,-0.7055,0.1472,多周期共振看空 ⬇⬇⬇,-0.5166,-0.5452,-0.5625
002735,王子新材,35.89,True,12.59,16.65,9,30.31,-27.24,-1.41,-24.39,0.0,2026-07-10,2026-07-10,14.14,0.6451,-0.6533,0.7499,0.3871,0.092,0.0,0.1578,-0.4674,0.2663,多周期共振看空 ⬇⬇⬇,-0.3433,-0.3504,-0.3825
603829,洛凯股份,28.48,True,15.29,17.12,0,-4.31,-18.16,-13.18,-10.71,0.0,2026-07-10,2026-07-10,25.4,0.3032,-0.5015,0.4687,0.1819,0.3422,0.2189,0.1577,-0.6149,0.1925,多周期共振看空 ⬇⬇⬇,-0.625,-0.4783,-0.3375
002263,大东南,54.47,True,2.9,3.61,8,12.86,-21.3,-5.86,-19.72,0.0,2026-07-10,2026-07-10,7.18,0.8189,-0.5726,0.749,0.4913,0.0,0.0,0.1576,-0.5257,0.2372,多周期共振看空 ⬇⬇⬇,-0.5587,-0.3391,-0.3375
000659,珠海中富,35.36,True,2.75,3.18,0,-6.51,-15.13,-10.62,-13.63,0.0,2026-07-10,2026-07-10,10.47,-0.5617,0.74,0.3307,0.4,0.0103,0.4488,0.157,-0.7558,0.1221,多周期共振看空 ⬇⬇⬇,-0.7875,-0.6485,-0.3375
601212,白银有色,365.8,True,4.94,5.37,1,0.26,-13.98,-8.29,-8.0,0.0,2026-07-10,2026-07-10,20.6,-0.0658,0.6111,0.5879,0.4,0.2356,0.0202,0.1569,-0.6841,0.1579,多周期共振看空 ⬇⬇⬇,-0.607,-0.6457,-0.3375
001360,南矿集团,19.59,True,15.61,18.54,7,9.36,-15.93,-5.34,-15.81,0.0,2026-07-10,2026-07-10,5.89,0.6684,-0.1651,0.657,0.535,0.0,0.0,0.1568,-0.6014,0.1993,多周期共振看空 ⬇⬇⬇,-0.5798,-0.4872,-0.3375
600714,金瑞矿业,45.19,True,15.68,21.49,0,-0.16,-30.25,-18.24,-27.02,0.0,2026-07-10,2026-07-10,11.26,0.1411,-0.3938,0.567,0.1272,0.0281,0.055,0.1562,-0.0317,0.4842,多周期方向不一致，观望,-0.5925,-0.0817,0.45
603596,伯特利,231.14,True,25.75,26.34,1,2.76,-16.82,-8.4,-2.23,0.0,2026-07-10,2026-07-10,40.87,0.0293,-0.356,0.5895,0.0752,0.686,0.0176,0.1559,-0.7103,0.1448,多周期共振看空 ⬇⬇⬇,-0.4855,-0.5824,-0.5625
605286,同力天启,42.05,True,25.03,27.1,0,-2.27,-20.36,-11.72,-7.66,0.0,2026-07-10,2026-07-10,31.64,-0.0261,0.0484,0.5387,0.2193,0.4809,0.1021,0.1553,-0.767,0.1165,多周期共振看空 ⬇⬇⬇,-0.6205,-0.5913,-0.5625
603786,科博达,167.2,True,41.4,44.08,0,-1.75,-12.58,-6.3,-6.08,0.0,2026-07-10,2026-07-10,30.37,-0.0666,-0.0545,0.4047,0.1782,0.4527,0.3256,0.1551,-0.8477,0.0761,多周期共振看空 ⬇⬇⬇,-0.664,-0.7315,-0.5625
002366,融发核电,97.51,True,5.27,5.76,0,-0.54,-12.19,-7.16,-8.55,0.0,2026-07-10,2026-07-10,35.62,0.2739,-0.37,0.5318,0.2163,0.5693,0.1136,0.1547,-0.8823,0.0589,多周期共振看空 ⬇⬇⬇,-0.774,-0.7131,-0.5625
601777,千里科技,352.19,True,7.79,8.62,0,-6.74,-17.92,-11.49,-9.59,0.0,2026-07-10,2026-07-10,24.81,0.2721,-0.2459,0.4965,0.2649,0.3291,0.1726,0.1546,-0.7196,0.1402,多周期共振看空 ⬇⬇⬇,-0.747,-0.3787,-0.5625
002074,国轩高科,440.44,True,25.36,27.96,0,-1.3,-13.75,-7.42,-9.29,0.0,2026-07-10,2026-07-10,15.1,0.5082,-0.1654,0.3834,0.4388,0.1134,0.361,0.1545,-0.8911,0.0544,多周期共振看空 ⬇⬇⬇,-0.8525,-0.6652,-0.5625
002318,久立特材,179.58,True,18.81,23.08,11,7.26,-18.52,-1.97,-18.52,0.0,2026-07-10,2026-07-10,18.19,-0.3651,1.4378,0.5607,0.4,0.182,0.0655,0.1542,-0.6771,0.1614,多周期共振看空 ⬇⬇⬇,-0.5427,-0.6854,-0.3375
002782,可立克,84.66,True,17.4,21.56,0,-2.64,-20.53,-11.82,-19.29,0.0,2026-07-10,2026-07-10,8.03,0.4653,-0.2389,0.6541,0.3837,0.0,0.0,0.153,-0.39,0.305,多周期共振看空 ⬇⬇⬇,-0.5507,-0.2052,-0.18
600810,神马股份,62.9,True,5.82,6.4,11,10.81,-9.96,0.61,-9.03,0.0,2026-07-10,2026-07-10,15.92,0.4982,-0.7273,0.4287,0.2989,0.1316,0.2856,0.1523,-0.6466,0.1767,多周期共振看空 ⬇⬇⬇,-0.2739,-0.6238,-0.5625
002510,天汽模,53.86,True,5.36,5.78,0,-2.88,-15.05,-7.62,-7.3,0.0,2026-07-10,2026-07-10,35.65,0.1525,-0.5848,0.5058,0.0915,0.57,0.1569,0.1523,-0.7372,0.1314,多周期共振看空 ⬇⬇⬇,-0.6829,-0.4724,-0.5625
601799,星宇股份,266.65,True,93.34,104.81,0,-6.24,-22.37,-11.0,-10.94,0.0,2026-07-10,2026-07-10,30.16,-0.5873,0.1511,0.5754,0.2604,0.4479,0.041,0.1519,-0.772,0.114,多周期共振看空 ⬇⬇⬇,-0.7565,-0.5533,-0.495
000008,神州高铁,64.1,True,2.36,2.43,0,-0.49,-9.87,-3.9,-2.84,0.0,2026-07-06,2026-07-06,31.48,-0.2868,-0.4076,0.3689,0.0369,0.4774,0.3851,0.151,-0.7324,0.1338,多周期共振看空 ⬇⬇⬇,-0.4777,-0.6377,-0.5625
600389,江山股份,79.67,True,18.5,20.62,0,-2.89,-15.27,-9.4,-10.29,0.0,2026-07-10,2026-07-10,16.72,-0.5464,0.8008,0.5298,0.4,0.1494,0.117,0.1508,-0.706,0.147,多周期共振看空 ⬇⬇⬇,-0.783,-0.5429,-0.3375
600089,XD特变电,1013.59,True,20.06,22.16,1,1.18,-12.42,-6.76,-9.48,0.0,2026-07-10,2026-07-10,6.1,0.6165,-0.2761,0.4358,0.4594,0.0,0.2736,0.1503,-0.7512,0.1244,多周期共振看空 ⬇⬇⬇,-0.765,-0.6577,-0.3375
002922,伊戈尔,108.27,True,28.72,32.75,0,-4.53,-17.65,-10.75,-12.3,0.0,2026-07-10,2026-07-10,24.35,0.2052,-0.1312,0.6722,0.2706,0.3189,0.0,0.15,-0.6156,0.1922,多周期共振看空 ⬇⬇⬇,-0.729,-0.3906,-0.3375
603320,迪贝电气,24.85,True,16.66,18.78,0,-1.91,-16.09,-9.43,-11.27,0.0,2026-07-10,2026-07-10,26.19,0.0704,-0.0081,0.5994,0.239,0.3597,0.0011,0.1486,-0.6263,0.1869,多周期共振看空 ⬇⬇⬇,-0.7876,-0.364,-0.3375
002866,传艺科技,26.33,True,14.53,16.53,0,-5.47,-15.67,-10.22,-12.1,0.0,2026-07-10,2026-07-10,17.75,0.1529,-0.2405,0.4299,0.1955,0.1723,0.2835,0.1479,-0.5634,0.2183,多周期共振看空 ⬇⬇⬇,-0.774,-0.3048,-0.27
003002,壶化股份,30.75,True,16.82,18.78,0,-3.69,-15.84,-10.13,-10.45,0.0,2026-07-10,2026-07-10,18.34,0.228,-0.2232,0.3795,0.2475,0.1854,0.3675,0.145,-0.7524,0.1238,多周期共振看空 ⬇⬇⬇,-0.575,-0.5983,-0.5625
000683,博源化工,183.82,True,5.5,5.89,0,-3.09,-12.58,-7.59,-6.55,0.0,2026-07-10,2026-07-10,25.17,-0.1305,-0.2515,0.4028,0.0994,0.3372,0.3287,0.1447,-0.6695,0.1653,多周期共振看空 ⬇⬇⬇,-0.6115,-0.6098,-0.3375
603992,松霖科技,0.0,True,25.82,31.18,13,10.21,-17.2,-0.13,-17.2,0.0,2026-07-10,2026-07-10,19.84,0.338,-0.4471,0.5377,0.224,0.2187,0.1039,0.1435,-0.5557,0.2222,多周期共振看空 ⬇⬇⬇,-0.3341,-0.44,-0.495
002708,光洋股份,58.38,True,11.3,13.33,4,4.71,-16.12,-6.05,-15.24,0.0,2026-07-10,2026-07-10,21.25,0.3615,-0.4682,0.6658,0.2296,0.25,0.0,0.143,-0.5233,0.2384,多周期共振看空 ⬇⬇⬇,-0.5992,-0.209,-0.4275
603218,日月股份,98.78,True,9.6,10.32,0,-2.22,-9.52,-5.98,-6.96,0.0,2026-07-10,2026-07-10,24.26,-0.1002,-0.2501,0.2722,0.0999,0.3168,0.5463,0.1414,-0.8461,0.077,多周期共振看空 ⬇⬇⬇,-0.7695,-0.6375,-0.5625
600577,精达股份,186.38,True,8.63,10.11,0,-6.59,-19.28,-13.16,-14.65,0.0,2026-07-10,2026-07-10,18.03,-0.1584,0.246,0.5198,0.2984,0.1785,0.1337,0.1411,-0.6696,0.1652,多周期共振看空 ⬇⬇⬇,-0.738,-0.5016,-0.3375
600490,鹏欣资源,0.0,True,5.91,6.49,4,2.67,-15.3,-7.16,-8.96,0.0,2026-07-10,2026-07-10,24.2,-0.0011,-0.0012,0.7023,0.1995,0.3155,0.0,0.1399,-0.5785,0.2107,多周期共振看空 ⬇⬇⬇,-0.4233,-0.4137,-0.495
603360,百傲化学,104.94,True,14.86,17.04,0,-0.55,-18.39,-10.96,-12.8,0.0,2026-07-10,2026-07-10,31.62,0.1387,-0.1115,0.674,0.2386,0.4804,0.0,0.1393,-0.8443,0.0778,多周期共振看空 ⬇⬇⬇,-0.6444,-0.7408,-0.5625
002048,宁波华翔,163.54,True,23.04,24.98,6,6.15,-15.99,-4.94,-7.75,0.0,2026-07-10,2026-07-10,37.32,0.0388,-0.4952,0.7001,0.0252,0.6071,0.0,0.1391,-0.656,0.172,多周期共振看空 ⬇⬇⬇,-0.5323,-0.423,-0.5625
603737,三棵树,203.99,True,23.04,25.0,0,-4.04,-14.23,-9.09,-7.85,0.0,2026-07-10,2026-07-10,20.81,0.2382,-0.4403,0.3444,0.1668,0.2403,0.426,0.1347,-0.8185,0.0907,多周期共振看空 ⬇⬇⬇,-0.7,-0.7038,-0.495
603036,如通股份,26.45,True,12.84,14.48,12,12.22,-11.34,0.83,-11.34,0.0,2026-07-10,2026-07-10,22.61,0.3435,-0.7327,0.5717,0.2061,0.2801,0.0472,0.1318,-0.6494,0.1753,多周期共振看空 ⬇⬇⬇,-0.2487,-0.6515,-0.5625
605166,聚合顺,26.72,True,8.49,9.6,3,4.07,-12.86,-4.99,-11.55,0.0,2026-07-10,2026-07-10,13.13,0.6294,-0.4605,0.5882,0.3935,0.0695,0.0196,0.1297,-0.6909,0.1546,多周期共振看空 ⬇⬇⬇,-0.7102,-0.3472,-0.5625
002453,华软科技,24.89,True,4.13,4.72,0,-1.81,-16.81,-10.42,-12.49,0.0,2026-07-10,2026-07-10,35.21,-0.1007,-0.2856,0.6635,0.0858,0.5601,0.0,0.1297,-0.7719,0.114,多周期共振看空 ⬇⬇⬇,-0.7335,-0.5053,-0.5625
603334,丰倍生物,10.22,True,32.13,37.01,0,-1.25,-13.49,-8.18,-13.19,0.0,2026-07-10,2026-07-10,17.44,-0.0204,0.068,0.424,0.2272,0.1653,0.2933,0.1295,-0.7602,0.1199,周线日线共振看空,-0.8615,-0.438,
002178,延华智能,31.25,True,4.39,4.66,0,-4.57,-15.64,-10.41,-5.86,0.0,2026-07-10,2026-07-10,28.79,-0.1925,-0.4622,0.3804,0.0151,0.4175,0.366,0.1289,-0.7872,0.1064,多周期共振看空 ⬇⬇⬇,-0.575,-0.6747,-0.5625
603799,华友钴业,783.55,True,41.51,48.59,2,5.33,-14.57,-5.63,-14.57,0.0,2026-07-10,2026-07-10,15.02,0.4594,-0.0769,0.5944,0.4449,0.1115,0.0093,0.1261,-0.8439,0.0781,多周期共振看空 ⬇⬇⬇,-0.821,-0.656,-0.495
600331,宏达股份,216.2,True,10.64,11.8,0,-4.63,-16.91,-10.28,-9.84,0.0,2026-07-10,2026-07-10,25.41,0.047,-0.3783,0.5113,0.0769,0.3424,0.1479,0.1253,-0.6498,0.1751,多周期共振看空 ⬇⬇⬇,-0.682,-0.506,-0.3375
000980,众泰汽车,89.76,True,1.78,2.04,0,-6.66,-17.09,-12.58,-12.64,0.0,2026-07-10,2026-07-10,17.46,-0.045,0.3216,0.5666,0.3286,0.1658,0.0557,0.1231,-0.7847,0.1077,多周期共振看空 ⬇⬇⬇,-0.7238,-0.5417,-0.5625
603202,天有为,25.48,True,50.75,54.9,2,1.31,-19.55,-9.08,-7.55,0.0,2026-07-10,2026-07-10,26.1,-0.0752,-0.2721,0.4591,0.0912,0.3577,0.2348,0.1222,-0.785,0.1075,多周期共振看空 ⬇⬇⬇,-0.5245,-0.7131,-0.5625
002217,ST合力泰,117.2,True,1.61,2.07,2,4.07,-26.67,-13.63,-22.26,0.0,2026-07-10,2026-07-10,17.14,0.3014,-0.1513,0.7945,0.3203,0.1587,0.0,0.1173,-0.7648,0.1176,多周期共振看空 ⬇⬇⬇,-0.738,-0.4857,-0.5625
603612,索通发展,79.75,True,16.01,18.43,1,0.94,-13.51,-7.43,-13.14,0.0,2026-07-10,2026-07-10,4.86,0.1052,0.1709,0.4229,0.3315,0.0,0.2951,0.1162,-0.8372,0.0814,多周期共振看空 ⬇⬇⬇,-0.7695,-0.6854,-0.495
002898,赛隆退,0.35,True,0.35,4.82,3,8.8,-96.98,-53.67,-92.73,0.0,2026-07-10,2026-07-10,0.74,-0.6614,2.1562,3.3942,0.4,0.0,0.0,0.1152,-0.7183,0.1408,多周期共振看空 ⬇⬇⬇,-0.684,-0.6548,-0.3375
001382,新亚电缆,9.53,True,15.12,17.11,0,-0.6,-20.32,-10.89,-11.63,0.0,2026-07-10,2026-07-10,20.11,-0.0085,-0.1801,0.4356,0.1279,0.2247,0.2741,0.1067,-0.8403,0.0798,多周期共振看空 ⬇⬇⬇,-0.774,-0.6208,-0.5625
002487,大金重工,291.55,True,46.21,55.58,0,-4.37,-17.83,-11.49,-16.87,0.0,2026-07-10,2026-07-10,17.87,-0.1003,-0.3941,0.5017,0.0424,0.1749,0.1638,0.1004,-0.6059,0.1971,多周期共振看空 ⬇⬇⬇,-0.8615,-0.3233,-0.27
002514,*ST宝馨,11.25,True,2.03,2.46,0,-17.25,-35.18,-25.53,-17.61,0.0,2026-07-10,2026-07-10,24.11,-0.114,-0.3768,0.6938,0.0493,0.3136,0.0,0.0821,-0.7983,0.1008,多周期共振看空 ⬇⬇⬇,-0.548,-0.7223,-0.5625
002731,ST萃华,6.57,True,2.86,5.61,0,-0.03,-49.0,-18.07,-49.0,0.0,2026-07-10,2026-07-10,0.0,0.5779,-0.9498,0.5905,0.3468,0.0,0.0158,0.0768,-0.9533,0.0233,周线日线共振看空,-0.857,-0.7408,
002808,恒久退,0.39,True,0.21,1.11,0,-11.01,-95.06,-65.41,-81.14,0.0,2026-07-10,2026-07-10,3.55,-0.4008,-0.0974,3.4528,0.161,0.0,0.0,0.0688,-0.707,0.1465,多周期共振看空 ⬇⬇⬇,-0.598,-0.7038,-0.3375
