code,name,market_cap,is_tech,latest_close,latest_ma20,days_above_ma20,max_distance_above_ma20_pct,min_distance_above_ma20_pct,avg_distance_above_ma20_pct,latest_distance_above_ma20_pct,ma20_strength_score,last_breach_date,latest_date,rsi,volume_price_corr,volume_change_22d,volatility_20d,volume_price_score,rsi_score,volatility_score,composite_score,trend_score,trend_normalized,trend_phase,daily_trend_score,weekly_trend_score,monthly_trend_score
002422,科伦药业,581.78,True,44.8,40.3,21,26.76,-1.1,8.67,11.17,0.8008,2026-06-26,2026-07-13,65.12,0.9423,1.303,0.7334,0.9654,0.7751,0.0,0.7783,0.8296,0.9148,多周期共振看多 ⬆⬆⬆,0.722,0.7094,0.495
603261,立航科技,42.58,True,54.94,49.38,20,45.53,-6.11,18.72,11.26,0.8182,2026-06-11,2026-07-13,57.24,0.5696,9.8356,0.9264,0.7418,0.9502,0.0,0.772,0.8857,0.9428,多周期共振看多 ⬆⬆⬆,0.7505,0.7408,0.5625
600360,华微电子,163.44,True,17.02,14.0,18,22.68,-9.42,9.08,21.57,0.7634,2026-06-16,2026-07-13,69.38,0.9434,3.2946,0.7442,0.9661,0.6805,0.0,0.7646,0.9226,0.9613,多周期共振看多 ⬆⬆⬆,0.8345,0.75,0.5625
605208,永茂泰,60.97,True,18.48,16.44,20,15.73,-4.44,6.7,12.43,0.7422,2026-06-29,2026-07-13,67.09,0.8648,1.0109,0.544,0.9189,0.7313,0.0933,0.7593,0.871,0.9355,多周期共振看多 ⬆⬆⬆,0.7775,0.6854,0.5625
603991,领先股份,138.77,True,154.99,140.16,22,27.17,1.79,13.65,10.58,0.85,2026-06-10,2026-07-13,64.11,0.5336,2.1497,0.8128,0.7201,0.7975,0.0,0.7522,0.8681,0.9341,多周期共振看多 ⬆⬆⬆,0.7505,0.7021,0.5625
002821,凯莱英,524.17,True,165.33,146.35,17,36.13,-4.74,13.57,12.97,0.7705,2026-06-17,2026-07-13,67.94,0.8535,2.3115,0.8161,0.9121,0.7124,0.0,0.7493,0.8308,0.9154,多周期共振看多 ⬆⬆⬆,0.6312,0.7223,0.5625
002185,华天科技,801.76,True,24.13,21.1,19,22.29,-8.33,8.81,14.36,0.7725,2026-06-15,2026-07-13,65.77,0.7305,2.4286,0.8267,0.8383,0.7606,0.0,0.7482,0.8777,0.9388,多周期共振看多 ⬆⬆⬆,0.8075,0.6744,0.5625
603928,兴业股份,57.65,True,16.92,14.01,16,36.8,-4.48,12.02,20.75,0.7545,2026-06-25,2026-07-13,65.73,0.8985,6.2447,1.0989,0.9391,0.7616,0.0,0.7471,0.7495,0.8748,多周期共振看多 ⬆⬆⬆,0.686,0.4967,0.5625
002653,海思科,364.69,True,67.94,61.7,17,45.23,-3.39,13.77,10.11,0.7705,2026-06-18,2026-07-13,65.26,0.9312,2.0192,0.8833,0.9587,0.7719,0.0,0.7469,0.6659,0.833,多周期共振看多 ⬆⬆⬆,0.5495,0.4976,0.495
603339,四方科技,49.45,True,15.98,14.4,17,16.47,-3.47,5.55,10.95,0.6592,2026-06-17,2026-07-13,59.27,0.9332,5.9593,0.6548,0.9599,0.9051,0.0,0.7422,0.7338,0.8669,多周期共振看多 ⬆⬆⬆,0.7122,0.5073,0.495
002674,兴业科技,96.43,True,32.96,25.45,22,70.87,4.62,29.54,29.5,0.85,2026-05-12,2026-07-13,69.88,0.5809,2.9102,1.1345,0.7486,0.6693,0.0,0.7382,0.8645,0.9323,多周期共振看多 ⬆⬆⬆,0.8705,0.5913,0.5625
603127,昭衍新药,271.11,True,43.01,38.1,17,17.75,-12.79,6.58,12.9,0.6849,2026-06-17,2026-07-13,65.05,0.8878,3.6421,0.7044,0.9327,0.7766,0.0,0.7172,0.6697,0.8348,多周期共振看多 ⬆⬆⬆,0.6252,0.3734,0.5625
002860,星帅尔,55.65,True,16.18,14.95,20,24.79,-1.86,7.51,8.2,0.7109,2026-06-12,2026-07-13,63.49,0.7384,1.3108,0.6563,0.8431,0.8113,0.0,0.7159,0.6988,0.8494,多周期共振看多 ⬆⬆⬆,0.719,0.5821,0.3375
000021,深科技,820.45,True,52.12,51.93,21,46.22,-3.71,16.11,0.36,0.5931,2026-06-12,2026-07-13,57.01,0.7942,0.4527,0.9942,0.8576,0.9554,0.0,0.7139,0.7691,0.8845,多周期共振看多 ⬆⬆⬆,0.529,0.6744,0.5625
002774,快意电梯,43.0,True,15.26,13.83,19,22.06,-9.95,8.9,10.38,0.7747,2026-06-15,2026-07-13,59.02,0.2195,2.1064,0.8341,0.5317,0.9107,0.0,0.7074,0.8566,0.9283,多周期共振看多 ⬆⬆⬆,0.719,0.7038,0.5625
603065,宿迁联盛,89.66,True,21.4,18.66,22,68.7,6.46,40.0,14.69,0.85,2026-06-02,2026-07-13,60.58,0.1588,10.3654,1.0016,0.4953,0.876,0.0,0.7031,0.7409,0.8704,多周期共振看多 ⬆⬆⬆,0.699,0.4667,0.5625
603019,中科曙光,1552.74,True,106.13,95.25,17,22.15,-8.68,5.97,11.43,0.6696,2026-06-17,2026-07-13,67.15,0.9409,0.9149,0.6962,0.9646,0.7299,0.0,0.7025,0.594,0.797,多周期共振看多 ⬆⬆⬆,0.6343,0.4242,0.3375
002317,众生药业,240.67,True,31.6,25.11,16,25.84,-7.96,7.41,25.84,0.6898,2026-06-22,2026-07-13,74.48,0.8187,3.2821,0.8596,0.8912,0.5671,0.0,0.7004,0.841,0.9205,多周期共振看多 ⬆⬆⬆,0.7565,0.6375,0.5625
600584,长电科技,1772.42,True,99.05,94.35,19,29.8,-7.73,11.17,4.98,0.6769,2026-06-15,2026-07-13,58.79,0.455,0.6178,0.9869,0.673,0.9158,0.0,0.6997,0.7971,0.8985,多周期共振看多 ⬆⬆⬆,0.5665,0.7038,0.5625
603757,大元泵业,138.88,True,74.45,69.06,17,32.08,-18.38,12.54,7.8,0.7155,2026-06-17,2026-07-13,56.33,0.4028,0.2543,0.9828,0.5434,0.9705,0.0,0.6981,0.8332,0.9166,多周期共振看多 ⬆⬆⬆,0.6268,0.7315,0.5625
605178,时空科技,95.34,True,96.23,89.26,17,53.64,-5.34,19.07,7.8,0.7155,2026-06-17,2026-07-13,62.34,0.6237,2.9939,0.9964,0.7742,0.8368,0.0,0.6959,0.6071,0.8035,多周期共振看多 ⬆⬆⬆,0.3478,0.4737,0.5625
603669,灵康药业,48.44,True,6.8,5.65,22,24.95,5.91,14.58,20.39,0.85,2026-06-05,2026-07-13,78.97,0.6215,0.8126,0.5419,0.7729,0.4673,0.0968,0.6927,0.6268,0.8134,多周期共振看多 ⬆⬆⬆,0.821,0.3363,0.3375
000977,浪潮信息,1253.99,True,85.49,69.81,18,30.83,-11.3,6.62,22.46,0.7019,2026-06-16,2026-07-13,70.93,0.8457,1.5633,0.7976,0.9074,0.6459,0.0,0.6908,0.6151,0.8075,多周期共振看多 ⬆⬆⬆,0.56,0.3769,0.495
605377,华旺科技,55.05,True,9.89,9.04,15,13.13,-10.44,3.49,9.46,0.5623,2026-06-22,2026-07-13,57.65,0.8192,3.2907,0.8211,0.8915,0.9412,0.0,0.6863,0.5853,0.7927,多周期共振看多 ⬆⬆⬆,0.4587,0.3308,0.5625
002668,TCL智家,116.11,True,10.71,10.5,22,12.8,0.34,5.74,2.02,0.5842,2026-06-10,2026-07-13,53.47,0.4541,1.0754,0.4721,0.6725,0.9659,0.2132,0.6842,0.6663,0.8332,多周期共振看多 ⬆⬆⬆,0.612,0.6023,0.3375
603698,航天工程,212.68,True,39.68,38.04,17,30.83,-13.56,8.16,4.3,0.5818,2026-06-17,2026-07-13,58.71,0.6793,0.6404,0.92,0.8076,0.9176,0.0,0.681,0.6584,0.8292,多周期共振看多 ⬆⬆⬆,0.5367,0.4246,0.5625
603823,百合花,274.8,True,66.0,57.08,22,53.3,15.63,35.63,15.63,0.85,2026-04-15,2026-07-13,65.55,0.1861,0.1396,0.9025,0.3675,0.7655,0.0,0.6793,0.8882,0.9441,多周期共振看多 ⬆⬆⬆,0.8,0.7038,0.5625
600267,海正药业,133.72,True,11.33,10.3,17,10.03,-6.2,3.16,10.03,0.6257,2026-06-22,2026-07-13,67.83,0.8524,5.0909,0.4478,0.9114,0.7149,0.2536,0.6748,0.378,0.689,多周期共振看多 ⬆⬆⬆,0.3817,0.2785,0.225
603519,立霸股份,39.55,True,14.85,14.19,21,18.03,-3.27,8.68,4.62,0.6665,2026-06-11,2026-07-13,53.62,-0.0707,2.6714,0.488,0.4,0.9693,0.1867,0.6711,0.8168,0.9084,多周期共振看多 ⬆⬆⬆,0.74,0.5983,0.5625
603268,松发股份,380.03,True,162.93,150.79,16,12.55,-5.11,3.32,8.05,0.546,2026-07-01,2026-07-13,65.18,0.7464,1.2489,0.6462,0.8479,0.7737,0.0,0.6703,0.767,0.8835,多周期共振看多 ⬆⬆⬆,0.5718,0.6331,0.5625
002536,飞龙股份,267.57,True,49.15,48.47,20,22.14,-4.51,8.93,1.4,0.5764,2026-06-12,2026-07-13,55.43,0.5219,0.254,0.937,0.6148,0.9905,0.0,0.6697,0.802,0.901,多周期共振看多 ⬆⬆⬆,0.536,0.7408,0.5625
000938,紫光股份,1098.27,True,38.4,29.98,13,31.01,-12.04,6.19,28.08,0.6116,2026-06-29,2026-07-13,75.52,0.9299,3.1758,0.7938,0.958,0.544,0.0,0.6686,0.6951,0.8476,多周期共振看多 ⬆⬆⬆,0.5323,0.509,0.5625
002415,海康威视,3002.5,True,33.19,33.38,18,9.95,-4.09,3.99,-0.55,0.4144,2026-07-13,2026-07-13,58.4,0.7345,1.1123,0.4798,0.8407,0.9245,0.2004,0.666,0.7186,0.8593,多周期共振看多 ⬆⬆⬆,0.5874,0.5133,0.5625
603893,瑞芯微,926.14,True,219.0,186.46,17,17.45,-11.56,3.46,17.45,0.607,2026-06-17,2026-07-13,73.11,0.8016,2.4194,0.5182,0.881,0.5977,0.1363,0.665,0.6276,0.8138,多周期共振看多 ⬆⬆⬆,0.5345,0.5838,0.3375
002901,大博医疗,131.05,True,45.44,42.78,22,8.95,0.56,3.44,6.22,0.674,2026-06-08,2026-07-13,65.78,0.7888,0.8073,0.3288,0.8733,0.7604,0.452,0.6638,0.0214,0.5107,多周期方向不一致，观望,0.5066,0.1099,-0.45
003004,声迅股份,54.31,True,79.0,74.12,22,19.5,2.03,10.4,6.58,0.7786,2026-04-10,2026-07-13,56.04,0.3279,-0.2971,0.7439,0.2779,0.977,0.0,0.6629,0.8173,0.9086,多周期共振看多 ⬆⬆⬆,0.575,0.7408,0.5625
603259,药明康德,2973.87,True,120.24,115.25,19,22.27,-2.41,8.71,4.33,0.6283,2026-06-17,2026-07-13,64.33,0.7611,-0.0392,0.5321,0.641,0.7927,0.1132,0.6626,0.7257,0.8629,多周期共振看多 ⬆⬆⬆,0.3961,0.6929,0.5625
000811,冰轮环境,470.8,True,48.12,48.33,19,49.99,-6.68,21.85,-0.43,0.5416,2026-07-13,2026-07-13,54.07,0.3975,0.6382,1.0794,0.6385,0.9794,0.0,0.6623,0.8017,0.9008,多周期共振看多 ⬆⬆⬆,0.5245,0.75,0.5625
002156,通富微电,1116.39,True,73.57,69.74,14,17.34,-11.6,2.89,5.48,0.4321,2026-07-08,2026-07-13,55.44,0.7178,0.9101,0.8447,0.8307,0.9903,0.0,0.6584,0.7129,0.8564,多周期共振看多 ⬆⬆⬆,0.329,0.7223,0.5625
603068,博通集成,59.01,True,38.88,38.11,17,14.23,-10.33,5.26,2.02,0.4526,2026-06-17,2026-07-13,52.92,0.7811,2.809,0.4891,0.8687,0.9538,0.1849,0.6579,0.4945,0.7472,多周期共振看多 ⬆⬆⬆,0.4496,0.3915,0.31
002303,美盈森,42.16,True,4.36,4.03,20,26.41,-7.92,12.2,8.18,0.7726,2026-06-12,2026-07-13,71.57,0.5408,4.4934,0.7566,0.7245,0.6317,0.0,0.656,0.477,0.7385,多周期共振看多 ⬆⬆⬆,0.632,0.2367,0.27
002158,汉钟精机,177.14,True,33.2,34.35,18,19.41,-11.23,7.7,-3.34,0.3955,2026-07-13,2026-07-13,51.46,0.8282,2.1951,0.8123,0.8969,0.9213,0.0,0.6557,0.7562,0.8781,多周期共振看多 ⬆⬆⬆,0.4615,0.7038,0.5625
603087,甘李药业,366.49,True,65.31,59.22,20,17.6,-2.74,5.45,10.29,0.7086,2026-06-26,2026-07-13,63.76,0.8562,1.3718,0.6422,0.9137,0.8053,0.0,0.6554,0.1144,0.5572,多周期方向不一致，观望,0.4886,0.1237,-0.0396
002457,青龙管业,47.26,True,14.18,13.5,18,18.13,-4.35,5.35,5.04,0.5463,2026-06-30,2026-07-13,54.65,0.8541,-0.3268,0.7065,0.5817,0.9922,0.0,0.646,0.7357,0.8679,多周期共振看多 ⬆⬆⬆,0.7408,0.5994,0.3825
002371,北方华创,5542.01,True,764.3,791.92,21,30.77,-3.49,12.12,-3.49,0.4969,2026-07-13,2026-07-13,51.7,0.4374,0.5259,0.7591,0.6625,0.9266,0.0,0.6451,0.7968,0.8984,多周期共振看多 ⬆⬆⬆,0.5335,0.7315,0.5625
001229,魅视科技,34.47,True,46.74,34.34,20,42.41,-1.83,16.93,36.12,0.8182,2026-06-23,2026-07-13,88.58,0.4746,2.5149,0.8015,0.6848,0.2539,0.0,0.6412,0.7655,0.8827,多周期共振看多 ⬆⬆⬆,0.7595,0.469,0.5625
603726,朗迪集团,54.55,True,29.55,30.91,19,24.63,-7.63,8.77,-4.4,0.4117,2026-07-13,2026-07-13,51.03,0.6939,0.7451,0.9193,0.8163,0.9117,0.0,0.6403,0.7346,0.8673,多周期共振看多 ⬆⬆⬆,0.4385,0.6762,0.5625
000518,四环生物,39.43,True,3.83,3.42,9,20.05,-13.03,0.17,12.1,0.3974,2026-06-30,2026-07-13,67.38,0.9139,0.3607,0.497,0.8926,0.725,0.1717,0.6402,0.7322,0.8661,多周期共振看多 ⬆⬆⬆,0.4465,0.664,0.5625
603456,九洲药业,129.08,True,14.64,13.73,21,15.83,-3.1,5.55,6.65,0.6578,2026-06-11,2026-07-13,63.11,0.8545,1.8663,0.4707,0.9127,0.8198,0.2155,0.6402,-0.0737,0.4632,多周期方向不一致，观望,0.4531,-0.1499,-0.5625
603061,金海通,356.88,True,410.21,419.22,21,45.27,-2.15,17.51,-2.15,0.5303,2026-07-13,2026-07-13,57.74,0.7037,-0.1674,0.9882,0.5553,0.9391,0.0,0.6369,0.807,0.9035,多周期共振看多 ⬆⬆⬆,0.538,0.75,0.5625
603580,艾艾精工,40.09,True,30.68,24.93,11,23.05,-8.99,2.26,23.05,0.4815,2026-06-26,2026-07-06,73.93,0.8373,13.6142,0.6848,0.9024,0.5794,0.0,0.6347,0.7827,0.8913,多周期共振看多 ⬆⬆⬆,0.4865,0.7408,0.5625
002693,双成药业,41.96,True,10.21,9.36,11,17.8,-11.24,-0.41,9.13,0.3931,2026-06-26,2026-07-13,61.4,0.8964,2.5458,0.7371,0.9378,0.8578,0.0,0.6337,0.5964,0.7982,多周期共振看多 ⬆⬆⬆,0.1686,0.6037,0.5625
002972,科安达,23.83,True,17.7,17.5,20,29.55,-1.81,16.54,1.16,0.5972,2026-07-10,2026-07-13,53.22,-0.0949,0.7036,0.6935,0.4,0.9605,0.0,0.6311,0.8226,0.9113,多周期共振看多 ⬆⬆⬆,0.621,0.7131,0.5625
001256,炜冈科技,28.03,True,26.22,26.97,19,21.06,-3.98,7.48,-2.8,0.4193,2026-07-13,2026-07-13,56.04,0.5552,0.3823,0.6187,0.686,0.9768,0.0,0.6282,0.7492,0.8746,多周期共振看多 ⬆⬆⬆,0.4565,0.6929,0.5625
001359,平安电工,68.06,True,112.88,113.43,19,51.7,-0.88,20.58,-0.48,0.5402,2026-07-13,2026-07-13,46.88,0.3145,1.4903,0.8953,0.5887,0.8195,0.0,0.6274,0.7976,0.8988,多周期共振看多 ⬆⬆⬆,0.5245,0.7408,0.5625
002768,国恩股份,135.06,True,52.23,54.11,21,19.92,-3.48,10.63,-3.48,0.497,2026-07-13,2026-07-13,42.28,0.5767,3.3792,0.6264,0.746,0.7174,0.0,0.6267,0.7665,0.8832,多周期共振看多 ⬆⬆⬆,0.5525,0.6485,0.5625
000739,普洛药业,210.64,True,18.19,17.15,17,11.32,-6.34,3.23,6.05,0.5198,2026-06-26,2026-07-13,63.39,0.6786,2.3842,0.3779,0.8072,0.8135,0.3702,0.6216,0.1614,0.5807,月线看多，日线反弹（等待周线确认）,0.3424,0.1401,0.225
603155,新亚强,80.37,True,25.45,25.59,21,30.25,-0.54,13.35,-0.54,0.5706,2026-07-13,2026-07-13,58.97,0.1138,0.631,1.1036,0.4683,0.9117,0.0,0.6201,0.7482,0.8741,多周期共振看多 ⬆⬆⬆,0.538,0.6208,0.5625
002025,航天电器,344.94,True,76.0,74.58,14,32.51,-7.78,8.6,1.91,0.4854,2026-06-23,2026-07-13,65.26,0.591,0.6206,0.8094,0.7546,0.772,0.0,0.6193,0.6553,0.8276,多周期共振看多 ⬆⬆⬆,0.4715,0.4736,0.5625
002077,大港股份,105.1,True,18.11,18.42,16,10.86,-8.46,3.95,-1.67,0.3115,2026-07-13,2026-07-13,49.37,0.7807,1.1079,0.5795,0.8684,0.8748,0.0342,0.6192,0.7394,0.8697,多周期共振看多 ⬆⬆⬆,0.4744,0.656,0.5625
002745,木林森,123.01,True,11.56,11.87,19,20.01,-8.32,7.94,-2.6,0.436,2026-07-13,2026-07-13,50.9,0.4403,1.44,0.8739,0.6642,0.909,0.0,0.6189,0.7517,0.8759,多周期共振看多 ⬆⬆⬆,0.5255,0.6392,0.5625
603690,至纯科技,118.72,True,31.0,32.55,19,25.15,-4.77,9.51,-4.77,0.4207,2026-07-13,2026-07-13,48.96,0.7145,2.0314,0.6654,0.8287,0.8657,0.0,0.6188,0.5761,0.788,多周期共振看多 ⬆⬆⬆,0.493,0.506,0.3375
002907,华森制药,48.69,True,14.5,13.43,17,11.45,-5.28,5.22,7.99,0.6006,2026-07-08,2026-07-13,58.02,0.7433,5.8126,0.7039,0.846,0.9329,0.0,0.6182,0.0309,0.5154,多周期方向不一致，观望,0.6252,0.0501,-0.45
001270,铖昌科技,306.53,True,149.67,144.35,12,20.01,-11.24,4.46,3.69,0.3947,2026-06-25,2026-07-13,61.56,0.6785,1.4424,0.9639,0.8071,0.8543,0.0,0.6162,0.6657,0.8328,多周期共振看多 ⬆⬆⬆,0.4003,0.5575,0.5625
002965,祥鑫科技,94.1,True,49.42,48.2,22,31.19,2.52,16.06,2.52,0.6631,2026-06-10,2026-07-13,65.28,0.2271,0.3435,0.6373,0.4736,0.7715,0.0,0.614,0.637,0.8185,多周期共振看多 ⬆⬆⬆,0.5605,0.5821,0.3375
001206,依依股份,20.62,True,19.3,18.79,20,17.55,-6.83,6.88,2.72,0.558,2026-07-06,2026-07-13,53.73,0.8001,2.865,0.7409,0.8801,0.9717,0.0,0.6131,-0.0089,0.4955,多周期方向不一致，观望,0.569,0.0356,-0.5625
603898,好莱客,43.65,True,14.54,13.99,19,20.78,-8.12,5.85,3.94,0.5471,2026-07-08,2026-07-13,57.89,0.6967,2.8549,0.8689,0.818,0.9357,0.0,0.6121,0.1522,0.5761,月线震荡，中短期走强,0.4078,0.171,-0.0088
002979,雷赛智能,137.57,True,61.75,58.89,12,31.41,-10.98,5.15,4.86,0.4411,2026-06-29,2026-07-13,60.04,0.6245,0.1048,0.781,0.6167,0.8881,0.0,0.612,0.785,0.8925,多周期共振看多 ⬆⬆⬆,0.557,0.6854,0.5625
000551,创元科技,81.36,True,16.79,17.91,15,28.07,-7.11,7.99,-6.26,0.2819,2026-07-13,2026-07-13,50.0,0.8109,0.8973,0.8586,0.8865,0.8889,0.0,0.6119,0.7336,0.8668,多周期共振看多 ⬆⬆⬆,0.4143,0.6946,0.5625
600206,有研新材,457.14,True,54.0,53.0,22,68.64,1.9,31.06,1.9,0.6474,2026-06-09,2026-07-13,55.32,-0.0883,0.03,1.1207,0.212,0.9928,0.0,0.6099,0.7951,0.8976,多周期共振看多 ⬆⬆⬆,0.529,0.7315,0.5625
002603,以岭药业,226.72,True,16.47,15.35,13,7.28,-3.89,0.82,7.28,0.4855,2026-07-09,2026-07-13,59.77,0.8155,4.2747,0.4316,0.8893,0.8939,0.2807,0.6092,-0.0119,0.494,⚠️⚠️ 逆大势反弹，大概率是下跌中继,0.2004,-0.163,-0.2353
002049,紫光国微,694.39,True,81.74,82.86,17,13.43,-8.7,3.88,-1.35,0.3337,2026-07-13,2026-07-13,50.18,0.7816,1.697,0.4847,0.8689,0.8928,0.1922,0.6088,0.4544,0.7272,多周期共振看多 ⬆⬆⬆,0.2496,0.4778,0.3069
002841,视源股份,265.47,True,50.92,38.51,10,42.05,-10.49,6.26,32.22,0.5655,2026-06-29,2026-07-13,82.34,0.9367,8.7944,0.7186,0.962,0.3925,0.0,0.603,0.4567,0.7284,多周期共振看多 ⬆⬆⬆,0.374,0.5256,0.1575
002409,雅克科技,602.07,True,189.02,184.37,22,54.21,2.52,25.12,2.52,0.6631,2026-06-09,2026-07-13,59.2,-0.1532,0.0296,1.0408,0.2119,0.9066,0.0,0.601,0.7895,0.8947,多周期共振看多 ⬆⬆⬆,0.547,0.7038,0.5625
002038,双鹭药业,57.25,True,6.72,5.79,13,21.65,-10.81,2.74,16.01,0.5253,2026-06-26,2026-07-13,60.46,0.8842,6.6454,1.0361,0.9305,0.8786,0.0,0.5977,-0.0219,0.489,⚠️⚠️ 逆大势反弹，大概率是下跌中继,0.4047,-0.3142,-0.45
000063,中兴通讯,1612.66,True,40.04,37.49,11,8.64,-5.9,0.57,6.8,0.3806,2026-07-08,2026-07-13,56.52,0.8139,0.1794,0.5743,0.7601,0.9662,0.0428,0.5974,0.4562,0.7281,多周期共振看多 ⬆⬆⬆,0.3323,0.4929,0.225
603789,ST星农,16.74,True,6.44,5.92,9,23.1,-6.31,3.31,8.71,0.4438,2026-06-23,2026-07-13,61.83,0.631,3.1319,0.7837,0.7786,0.8482,0.0,0.5971,0.4483,0.7241,多周期共振看多 ⬆⬆⬆,0.3216,0.5521,0.1575
600862,中航高科,278.89,True,20.02,18.62,17,7.51,-6.99,2.33,7.51,0.5577,2026-07-02,2026-07-13,69.13,0.7182,1.959,0.3676,0.8309,0.6861,0.3873,0.5964,-0.0303,0.4849,⚠️⚠️ 逆大势反弹，大概率是下跌中继,0.4259,-0.3806,-0.5625
002605,姚记科技,69.78,True,20.63,19.0,13,8.97,-2.93,1.8,8.58,0.5141,2026-06-30,2026-07-13,70.88,0.9181,1.8503,0.3864,0.9509,0.647,0.356,0.5959,-0.0494,0.4753,多周期方向不一致，观望,0.3347,-0.0541,-0.45
002546,新联电子,65.46,True,8.17,7.34,14,11.29,-13.6,0.66,11.29,0.4893,2026-07-07,2026-07-13,56.66,0.8488,2.9013,0.7355,0.9093,0.9632,0.0,0.5954,-0.0217,0.4891,多周期方向不一致，观望,0.4315,-0.5777,0.1125
603725,天安新材,37.44,True,12.28,12.19,13,23.26,-11.18,3.35,0.74,0.309,2026-06-30,2026-07-13,51.05,0.7146,0.16,0.844,0.6928,0.9123,0.0,0.5941,0.8077,0.9039,多周期共振看多 ⬆⬆⬆,0.5938,0.7038,0.5625
003043,华亚智能,81.3,True,87.1,91.1,21,30.27,-4.39,16.33,-4.39,0.4743,2026-07-13,2026-07-13,55.02,0.5446,-0.382,0.955,0.3739,0.9996,0.0,0.5938,0.814,0.907,多周期共振看多 ⬆⬆⬆,0.556,0.75,0.5625
000725,京东方Ａ,2415.58,True,6.83,7.48,21,32.26,-8.7,14.16,-8.7,0.3665,2026-07-13,2026-07-13,50.52,0.7629,-0.0163,0.9304,0.6512,0.9005,0.0,0.5937,0.7476,0.8738,多周期共振看多 ⬆⬆⬆,0.529,0.6271,0.5625
600572,康恩贝,106.08,True,4.19,4.03,12,4.15,-3.03,0.42,4.0,0.3876,2026-06-30,2026-07-13,58.24,0.6383,1.7557,0.241,0.783,0.928,0.5984,0.5934,-0.0283,0.4859,⚠️⚠️ 逆大势反弹，大概率是下跌中继,0.1561,-0.2233,-0.45
002773,康弘药业,155.35,True,22.62,21.25,15,13.82,-3.72,2.96,6.45,0.4741,2026-06-26,2026-07-13,60.22,0.9317,1.97,0.5645,0.959,0.8841,0.0591,0.5932,-0.0348,0.4826,⚠️⚠️ 逆大势反弹，大概率是下跌中继,0.3987,-0.442,-0.5625
603800,洪田股份,170.19,True,81.82,80.9,20,16.66,-1.78,6.96,1.14,0.5205,2026-07-08,2026-07-13,57.34,0.2908,-0.0685,0.888,0.3471,0.9481,0.0,0.593,0.8017,0.9008,多周期共振看多 ⬆⬆⬆,0.589,0.6946,0.5625
603983,丸美生物,118.21,True,29.48,26.07,12,29.48,-8.69,8.93,13.1,0.6643,2026-06-25,2026-07-13,72.67,0.7564,3.162,0.694,0.8539,0.6074,0.0,0.5916,0.0438,0.5219,多周期方向不一致，观望,0.485,0.1144,-0.3375
002728,特一药业,50.98,True,10.17,8.87,14,14.64,-7.02,3.68,14.64,0.5648,2026-06-26,2026-07-13,64.71,0.8362,9.1049,0.7044,0.9017,0.7843,0.0,0.5914,-0.0082,0.4959,⚠️⚠️ 逆大势反弹，大概率是下跌中继,0.455,-0.1641,-0.3825
603650,彤程新材,489.24,True,79.62,80.78,21,46.5,-1.43,19.85,-1.43,0.5483,2026-07-13,2026-07-13,56.55,0.3459,-0.2801,0.9475,0.2955,0.9656,0.0,0.5895,0.7684,0.8842,多周期共振看多 ⬆⬆⬆,0.538,0.6652,0.5625
002346,柘中股份,79.72,True,20.33,19.71,14,21.92,-19.11,3.07,3.13,0.3776,2026-07-08,2026-07-13,47.5,0.6811,1.8938,0.9016,0.8087,0.8334,0.0,0.585,0.4796,0.7398,多周期共振看多 ⬆⬆⬆,0.3713,0.2408,0.495
000989,九芝堂,62.34,True,8.98,8.1,12,10.88,-4.93,0.74,10.88,0.5058,2026-06-30,2026-07-13,62.7,0.7849,7.2488,0.528,0.8709,0.829,0.12,0.5845,-0.0221,0.4889,⚠️⚠️ 逆大势反弹，大概率是下跌中继,0.2725,-0.2045,-0.45
600276,恒瑞医药,3556.29,True,55.75,51.89,17,13.97,-4.24,4.89,7.43,0.5785,2026-06-17,2026-07-13,69.01,0.6554,0.4967,0.4516,0.7919,0.6888,0.2473,0.5844,-0.0046,0.4977,多周期方向不一致，观望,0.5339,-0.028,-0.45
002289,宇顺电子,117.57,True,42.84,44.3,17,16.64,-7.41,4.52,-3.28,0.3012,2026-07-13,2026-07-13,48.05,0.5718,1.434,0.6857,0.7431,0.8456,0.0,0.5834,0.7403,0.8701,多周期共振看多 ⬆⬆⬆,0.4316,0.6946,0.5625
600885,宏发股份,533.15,True,34.45,35.2,15,12.21,-5.96,2.44,-2.13,0.2463,2026-07-13,2026-07-13,52.91,0.8658,0.2032,0.6681,0.8008,0.9536,0.0,0.5825,0.6432,0.8216,多周期共振看多 ⬆⬆⬆,0.2688,0.6208,0.5625
000566,海南海药,61.98,True,4.78,4.77,15,44.17,-8.7,10.71,0.25,0.4949,2026-06-22,2026-07-13,56.53,0.734,10.1632,1.1637,0.8404,0.966,0.0,0.5825,-0.0313,0.4844,⚠️⚠️ 逆大势反弹，大概率是下跌中继,0.1828,-0.1895,-0.5625
603858,步长制药,165.04,True,15.65,15.26,18,4.01,-4.51,0.84,2.55,0.4529,2026-06-30,2026-07-13,53.68,0.5517,1.4619,0.3947,0.731,0.9708,0.3422,0.5816,-0.0424,0.4788,⚠️⚠️ 逆大势反弹，大概率是下跌中继,0.2804,-0.4848,-0.5625
600288,大恒科技,72.68,True,16.64,13.9,10,29.22,-10.81,4.0,19.74,0.5092,2026-07-03,2026-07-13,73.16,0.9609,9.7754,0.7094,0.9765,0.5965,0.0,0.5806,0.1448,0.5724,月线看多，日线反弹（等待周线确认）,0.3425,0.0725,0.225
603380,易德龙,66.86,True,41.67,42.8,17,21.32,-7.12,7.64,-2.65,0.3953,2026-07-13,2026-07-13,48.05,0.5329,2.499,0.9721,0.7198,0.8455,0.0,0.5803,0.5275,0.7637,多周期共振看多 ⬆⬆⬆,0.3469,0.5244,0.3375
001339,智微智能,144.27,True,89.11,96.5,18,26.67,-7.66,9.31,-7.66,0.3276,2026-07-13,2026-07-13,44.07,0.5274,1.3488,0.8951,0.7164,0.757,0.0,0.5783,0.7859,0.893,多周期共振看多 ⬆⬆⬆,0.484,0.75,0.5625
600470,六国化工,32.65,True,6.26,6.24,20,16.0,-3.44,7.04,0.26,0.5006,2026-06-18,2026-07-13,46.83,0.7878,2.6049,0.9346,0.8727,0.8183,0.0,0.578,0.0444,0.5222,多周期方向不一致，观望,0.5735,-0.014,-0.2824
000970,中科三环,183.21,True,15.07,15.03,22,19.96,0.26,10.95,0.26,0.6065,2026-06-05,2026-07-13,54.1,0.4428,-0.4032,0.822,0.3044,0.9799,0.0,0.5775,0.5018,0.7509,多周期共振看多 ⬆⬆⬆,0.547,0.364,0.27
600851,海欣股份,63.26,True,8.57,8.74,16,28.45,-6.91,6.94,-1.9,0.3806,2026-07-13,2026-07-13,34.58,0.8724,3.1095,0.82,0.9234,0.5463,0.0,0.5773,0.5721,0.7861,多周期共振看多 ⬆⬆⬆,0.2554,0.476,0.5625
000756,新华制药,73.09,True,14.65,13.6,14,14.37,-9.0,3.16,7.75,0.4956,2026-06-26,2026-07-13,57.89,0.701,4.386,0.7511,0.8206,0.9358,0.0,0.5758,-0.0192,0.4904,⚠️⚠️ 逆大势反弹，大概率是下跌中继,0.3526,-0.2178,-0.45
603257,中国瑞林,17.68,True,71.0,73.45,17,19.57,-7.19,7.5,-3.33,0.3748,2026-07-13,2026-07-13,52.32,0.4902,0.0686,0.641,0.5216,0.9404,0.0,0.5731,0.7219,0.8609,多周期共振看多 ⬆⬆⬆,0.4275,0.6577,0.5625
002559,亚威股份,54.33,True,10.78,11.98,17,39.24,-10.0,9.54,-10.0,0.2588,2026-07-13,2026-07-13,51.2,0.5941,1.769,0.935,0.7565,0.9155,0.0,0.5723,0.6487,0.8244,多周期共振看多 ⬆⬆⬆,0.4698,0.4606,0.5625
603313,梦百合,45.59,True,7.99,6.01,14,32.9,-8.72,6.97,32.9,0.647,2026-06-24,2026-07-13,80.28,0.8981,8.7453,0.8459,0.9389,0.4383,0.0,0.5717,-0.0073,0.4964,多周期方向不一致，观望,0.524,-0.0313,-0.45
600285,羚锐制药,128.37,True,22.66,20.61,12,9.96,-5.15,0.85,9.96,0.4822,2026-07-01,2026-07-13,74.63,0.6133,1.2921,0.318,0.768,0.5638,0.4701,0.5714,0.1325,0.5663,月线震荡，中短期走强,0.1593,0.3089,0.0
002747,埃斯顿,301.23,True,38.5,39.06,21,30.12,-1.43,13.2,-1.43,0.5484,2026-07-13,2026-07-13,50.38,0.423,-0.5634,0.9951,0.2538,0.8973,0.0,0.5708,0.7675,0.8838,多周期共振看多 ⬆⬆⬆,0.566,0.6392,0.5625
002550,千红制药,65.32,True,6.94,6.37,13,12.59,-6.43,3.17,8.96,0.5101,2026-06-26,2026-07-13,64.57,0.8086,3.7708,0.6767,0.8852,0.7873,0.0,0.5703,-0.0227,0.4886,⚠️⚠️ 逆大势反弹，大概率是下跌中继,0.4621,-0.3781,-0.45
002558,巨人网络,541.28,True,28.48,26.83,16,12.27,-9.9,3.44,6.16,0.4947,2026-06-18,2026-07-13,65.59,0.8612,2.9151,0.5822,0.9167,0.7646,0.0297,0.5694,-0.0397,0.4802,⚠️⚠️ 逆大势反弹，大概率是下跌中继,0.4865,-0.6098,-0.5625
600812,华北制药,80.98,True,4.72,4.46,12,5.71,-4.64,0.53,5.71,0.4098,2026-06-30,2026-07-13,58.6,0.6315,1.8499,0.3987,0.7789,0.92,0.3356,0.5686,-0.0532,0.4734,⚠️⚠️ 逆大势反弹，大概率是下跌中继,0.1975,-0.62,-0.5625
001314,亿道信息,73.33,True,58.95,58.64,17,9.15,-8.84,2.02,0.52,0.3476,2026-07-07,2026-07-13,50.83,0.342,1.7958,0.608,0.6052,0.9073,0.0,0.5682,0.6542,0.8271,多周期共振看多 ⬆⬆⬆,0.2216,0.6854,0.5625
003033,征和工业,53.78,True,66.61,58.08,11,23.64,-16.16,2.11,14.68,0.4778,2026-06-30,2026-07-13,76.16,0.8407,0.5334,0.6152,0.9044,0.5298,0.0,0.5653,0.2932,0.6466,多周期共振看多 ⬆⬆⬆,0.3882,0.1541,0.1575
600520,三佳科技,49.91,True,31.5,34.69,17,26.47,-12.01,7.33,-9.2,0.2237,2026-07-13,2026-07-13,47.65,0.6132,0.9716,0.9268,0.7679,0.8367,0.0,0.5648,0.7488,0.8744,多周期共振看多 ⬆⬆⬆,0.4427,0.7038,0.5625
002396,星网锐捷,219.57,True,28.99,22.05,9,42.03,-20.57,5.15,31.48,0.522,2026-06-30,2026-07-13,80.04,0.7705,4.4312,0.8626,0.8623,0.4436,0.0,0.5645,0.3507,0.6754,多周期共振看多 ⬆⬆⬆,0.3463,0.3165,0.1575
600460,士兰微,697.75,True,41.93,46.58,18,35.24,-9.97,15.46,-9.97,0.287,2026-07-13,2026-07-13,40.31,0.6562,1.0361,0.8385,0.7937,0.6736,0.0,0.5644,0.7482,0.8741,多周期共振看多 ⬆⬆⬆,0.538,0.6208,0.5625
002137,实益达,42.9,True,10.82,10.82,17,15.16,-5.23,6.06,-0.03,0.4212,2026-07-13,2026-07-13,53.03,0.5861,-0.5708,0.8662,0.3517,0.9561,0.0,0.5639,0.7903,0.8952,多周期共振看多 ⬆⬆⬆,0.7355,0.544,0.5625
603118,共进股份,116.52,True,14.8,12.87,9,15.03,-12.34,0.21,15.0,0.3985,2026-07-03,2026-07-13,62.56,0.8105,2.5122,0.7728,0.8863,0.832,0.0,0.5622,0.1246,0.5623,月线看多，日线反弹（等待周线确认）,0.2692,-0.0147,0.2925
600172,黄河旋风,195.27,True,15.3,16.34,18,30.25,-6.35,11.85,-6.35,0.3776,2026-07-13,2026-07-13,44.29,0.5229,0.0677,1.0756,0.5408,0.762,0.0,0.5615,0.8059,0.9029,多周期共振看多 ⬆⬆⬆,0.589,0.7038,0.5625
600671,天目药业,25.73,True,21.13,17.81,14,18.66,-10.35,2.61,18.66,0.5379,2026-06-29,2026-07-13,73.74,0.7266,4.2476,0.6161,0.8359,0.5836,0.0,0.5615,0.1629,0.5815,月线看多，日线反弹（等待周线确认）,0.4883,0.0213,0.225
002020,京新药业,101.5,True,14.02,13.21,13,20.96,-5.14,3.71,6.15,0.4533,2026-06-26,2026-07-13,61.8,0.8017,1.0121,0.6587,0.881,0.8489,0.0,0.561,-0.0283,0.4859,⚠️⚠️ 逆大势反弹，大概率是下跌中继,0.3968,-0.3161,-0.5625
600196,复星医药,503.99,True,23.79,22.64,12,7.94,-4.97,0.88,5.08,0.3821,2026-06-26,2026-07-13,60.82,0.7046,1.4398,0.4066,0.8227,0.8707,0.3223,0.5606,-0.0515,0.4743,⚠️⚠️ 逆大势反弹，大概率是下跌中继,0.258,-0.6395,-0.5625
000066,中国长城,582.21,True,18.05,18.38,15,17.08,-15.57,2.02,-1.78,0.2445,2026-07-13,2026-07-13,51.16,0.9022,0.164,0.8295,0.8069,0.9146,0.0,0.5597,0.5021,0.751,多周期共振看多 ⬆⬆⬆,0.3744,0.2202,0.5625
603120,肯特催化,20.88,True,55.09,53.09,12,14.82,-5.92,2.13,3.77,0.3383,2026-07-10,2026-07-13,52.8,0.6514,0.1124,0.8936,0.6358,0.9511,0.0,0.5594,0.5045,0.7522,上升趋势中的日线整理,0.0966,0.6652,0.5625
002294,信立泰,390.99,True,35.08,33.72,11,25.04,-7.29,3.46,4.04,0.3624,2026-06-26,2026-07-13,59.08,0.9569,2.0055,0.7553,0.9742,0.9093,0.0,0.5589,-0.0484,0.4758,⚠️⚠️ 逆大势反弹，大概率是下跌中继,0.2865,-0.6054,-0.5625
002084,海鸥住工,23.85,True,3.7,3.56,19,8.35,-3.85,3.96,3.89,0.547,2026-06-15,2026-07-13,54.17,0.2263,0.2647,0.3822,0.4417,0.9815,0.3629,0.5585,-0.02,0.49,⚠️⚠️ 逆大势反弹，大概率是下跌中继,0.4141,-0.1742,-0.5625
603341,龙旗科技,107.31,True,40.31,39.88,18,12.16,-5.02,3.65,1.09,0.4129,2026-07-07,2026-07-13,55.04,0.7039,0.2972,0.5494,0.7412,0.9992,0.0843,0.5583,0.0227,0.5113,⚠️ 月线空头下的短期反弹，不宜追高,0.4859,0.1808,-0.3375
603213,镇洋发展,64.69,True,14.54,14.12,7,5.79,-4.96,-0.38,2.94,0.237,2026-07-08,2026-07-13,58.49,0.867,-0.3038,0.3112,0.5987,0.9224,0.4813,0.5582,0.4471,0.7236,上升趋势中的日线整理,0.0709,0.5379,0.5625
605007,五洲特纸,69.95,True,14.74,13.83,11,14.64,-7.96,2.16,6.55,0.3927,2026-06-26,2026-07-13,72.51,0.8121,0.1588,0.3885,0.7508,0.611,0.3525,0.5574,0.3002,0.6501,多周期共振看多 ⬆⬆⬆,0.3165,0.1635,0.225
002129,TCL中环,423.76,True,10.49,10.68,18,18.65,-3.98,5.44,-1.79,0.3776,2026-07-13,2026-07-13,54.6,0.7376,-0.4427,0.81,0.4654,0.991,0.0,0.5568,0.6144,0.8072,多周期共振看多 ⬆⬆⬆,0.2736,0.5533,0.5625
600521,华海药业,252.14,True,16.84,15.15,10,14.78,-10.34,0.99,11.13,0.4338,2026-06-30,2026-07-13,69.09,0.8673,1.3314,0.4824,0.9204,0.6868,0.196,0.5564,-0.0432,0.4784,多周期方向不一致，观望,0.2462,0.0492,-0.45
000513,丽珠集团,173.23,True,30.49,29.83,17,5.16,-3.5,1.06,2.22,0.4464,2026-06-30,2026-07-13,56.01,0.682,-0.1535,0.3331,0.5478,0.9776,0.4449,0.5553,-0.0343,0.4829,⚠️⚠️ 逆大势反弹，大概率是下跌中继,0.3094,-0.3553,-0.5625
603207,小方制药,12.87,True,23.57,22.69,12,6.1,-6.73,0.32,3.89,0.3406,2026-06-30,2026-07-13,52.51,0.6438,1.0306,0.3839,0.7863,0.9448,0.3601,0.5551,-0.0562,0.4719,⚠️⚠️ 逆大势反弹，大概率是下跌中继,0.1779,-0.6608,-0.5625
000920,沃顿科技,66.31,True,14.03,13.88,16,19.8,-19.08,4.54,1.08,0.395,2026-07-10,2026-07-13,50.09,0.6261,0.1514,0.9686,0.6362,0.8908,0.0,0.5547,0.403,0.7015,上升趋势中的日线整理,0.0513,0.4402,0.5625
600118,中国卫星,1079.14,True,91.26,79.56,11,14.7,-8.93,0.49,14.7,0.4372,2026-07-08,2026-07-13,70.98,0.6946,3.0776,0.7179,0.8167,0.6449,0.0,0.5545,0.306,0.653,多周期共振看多 ⬆⬆⬆,0.2187,0.2601,0.225
003026,中晶科技,52.19,True,36.1,38.61,18,27.43,-6.51,9.33,-6.51,0.357,2026-07-13,2026-07-13,49.3,0.1634,0.4187,0.9041,0.4655,0.8733,0.0,0.5536,0.7794,0.8897,多周期共振看多 ⬆⬆⬆,0.478,0.7408,0.5625
002675,东诚药业,95.38,True,12.83,12.68,13,2.52,-2.28,0.44,1.19,0.3529,2026-07-09,2026-07-13,51.33,0.5804,0.3923,0.3096,0.7052,0.9185,0.484,0.5534,-0.0376,0.4812,⚠️⚠️ 逆大势反弹，大概率是下跌中继,0.1663,-0.2959,-0.5625
002517,恺英网络,302.63,True,16.02,15.89,15,12.31,-10.5,2.41,0.85,0.32,2026-06-23,2026-07-13,57.51,0.7643,1.04,0.456,0.8586,0.9443,0.2399,0.5531,-0.0424,0.4788,⚠️⚠️ 逆大势反弹，大概率是下跌中继,0.234,-0.4463,-0.5625
000100,TCL科技,967.69,True,4.81,5.22,19,23.26,-7.85,6.98,-7.85,0.2803,2026-07-13,2026-07-13,49.44,0.705,0.0767,0.8645,0.6537,0.8765,0.0,0.5513,0.64,0.82,多周期共振看多 ⬆⬆⬆,0.4942,0.4206,0.5625
603049,中策橡胶,241.13,True,47.75,46.09,12,8.08,-3.56,1.32,3.6,0.3616,2026-07-01,2026-07-13,68.25,0.7529,0.6918,0.3384,0.8517,0.7056,0.436,0.5502,-0.0244,0.4878,⚠️⚠️ 逆大势反弹，大概率是下跌中继,0.194,-0.182,-0.45
600750,华润江中,155.32,True,24.7,23.32,9,5.9,-7.34,-1.22,5.9,0.3085,2026-07-03,2026-07-13,56.06,0.4945,1.2326,0.3715,0.6967,0.9765,0.3808,0.5502,0.0699,0.535,多周期方向不一致，观望,0.0543,0.0355,0.225
603211,晋拓股份,92.47,True,34.02,34.83,20,23.14,-2.32,9.53,-2.32,0.4984,2026-07-13,2026-07-13,45.15,0.1663,-0.0643,1.0301,0.2741,0.7812,0.0,0.5499,0.8269,0.9134,多周期共振看多 ⬆⬆⬆,0.589,0.75,0.5625
003009,中天火箭,100.21,True,60.85,59.26,16,14.56,-8.86,3.2,2.68,0.4014,2026-07-09,2026-07-13,53.78,0.6017,0.6804,0.8757,0.761,0.9728,0.0,0.5487,0.0409,0.5204,多周期方向不一致，观望,0.2837,0.0964,-0.1598
002141,贤丰控股,47.93,True,4.64,4.95,19,47.92,-6.25,19.93,-6.25,0.3959,2026-07-13,2026-07-13,46.79,0.7288,-0.2563,1.2362,0.5347,0.8176,0.0,0.5475,0.5927,0.7964,多周期共振看多 ⬆⬆⬆,0.494,0.3167,0.5625
001309,德明利,1188.46,True,719.98,817.68,17,38.54,-11.95,12.74,-11.95,0.2217,2026-07-13,2026-07-13,47.77,0.6418,0.1811,1.0178,0.6575,0.8392,0.0,0.5467,0.7821,0.8911,多周期共振看多 ⬆⬆⬆,0.4742,0.75,0.5625
002793,罗欣药业,49.63,True,4.57,4.2,9,15.86,-7.33,0.84,8.69,0.3814,2026-06-30,2026-07-13,61.54,0.8674,2.1904,0.6103,0.9205,0.8547,0.0,0.5465,-0.0417,0.4792,⚠️⚠️ 逆大势反弹，大概率是下跌中继,0.1938,-0.3987,-0.5625
600211,西藏药业,124.93,True,38.76,37.61,13,5.04,-8.21,0.09,3.05,0.3354,2026-07-09,2026-07-13,54.34,0.6909,1.1996,0.3868,0.8145,0.9853,0.3554,0.5459,-0.2074,0.3963,多周期方向不一致，观望,0.1255,-0.4568,-0.5625
600380,健康元,184.77,True,10.1,9.77,13,5.9,-3.96,0.51,3.36,0.3816,2026-06-30,2026-07-13,58.18,0.4797,0.3704,0.3426,0.636,0.9293,0.429,0.5429,-0.0489,0.4756,⚠️⚠️ 逆大势反弹，大概率是下跌中继,0.1985,-0.5393,-0.5625
603444,吉比特,247.61,True,343.7,348.38,14,9.09,-4.79,2.44,-1.34,0.2707,2026-07-13,2026-07-13,59.28,0.763,0.8015,0.3983,0.8578,0.9049,0.3361,0.5422,-0.0396,0.4802,⚠️⚠️ 逆大势反弹，大概率是下跌中继,0.2764,-0.4294,-0.5625
603222,济民健康,47.47,True,9.04,8.33,10,23.62,-14.81,-0.72,8.58,0.3555,2026-06-29,2026-07-13,58.67,0.7858,2.7282,0.853,0.8715,0.9184,0.0,0.5407,-0.0238,0.4881,多周期方向不一致，观望,0.224,-0.2516,-0.045
600488,津药药业,66.28,True,6.02,4.99,9,20.76,-13.13,-1.43,20.76,0.3574,2026-06-30,2026-07-13,64.16,0.8378,1.3157,0.9158,0.9027,0.7965,0.0,0.5401,0.0629,0.5314,⚠️ 月线看多但周线走弱，日线仅为反弹,0.1578,-0.1856,0.45
002261,拓维信息,378.21,True,33.0,29.75,9,10.92,-8.56,0.01,10.92,0.3935,2026-07-07,2026-07-13,61.93,0.7491,1.2298,0.5486,0.8495,0.846,0.0856,0.5399,-0.068,0.466,多周期方向不一致，观望,0.2197,-0.4444,-0.043
603296,华勤技术,632.41,True,79.19,75.26,7,10.51,-10.49,-1.01,5.22,0.2168,2026-07-07,2026-07-13,54.05,0.599,0.9739,0.7509,0.7594,0.979,0.0,0.5395,0.4055,0.7027,上升趋势中的日线整理,0.0678,0.4327,0.5625
600351,亚宝药业,44.29,True,6.4,6.06,11,5.54,-5.95,-0.13,5.54,0.3754,2026-07-01,2026-07-13,57.45,0.4782,2.7698,0.384,0.6869,0.9456,0.3601,0.5389,-0.1117,0.4441,多周期方向不一致，观望,0.0604,-0.2503,-0.2925
002990,盛视科技,81.44,True,59.01,65.46,16,42.8,-18.75,14.33,-9.85,0.2583,2026-07-13,2026-07-13,48.99,0.3537,2.774,0.9909,0.6122,0.8664,0.0,0.5366,0.6536,0.8268,多周期共振看多 ⬆⬆⬆,0.4285,0.5066,0.5625
603010,万盛股份,83.39,True,14.61,15.63,12,25.19,-7.35,5.11,-6.53,0.1555,2026-07-13,2026-07-13,50.54,0.6338,0.3887,0.7053,0.7357,0.9009,0.0,0.5359,0.6556,0.8278,多周期共振看多 ⬆⬆⬆,0.1713,0.7315,0.5625
002167,东方锆业,134.22,True,17.69,20.24,19,48.44,-12.58,21.38,-12.58,0.2377,2026-07-13,2026-07-13,45.52,0.6082,0.228,1.1852,0.6561,0.7894,0.0,0.5358,0.7191,0.8596,多周期共振看多 ⬆⬆⬆,0.5327,0.5613,0.5625
600867,通化东宝,160.6,True,8.2,7.9,13,7.92,-7.82,0.69,3.76,0.3196,2026-06-26,2026-07-13,55.91,0.6688,0.7916,0.5352,0.8013,0.9797,0.108,0.5358,-0.0247,0.4877,⚠️⚠️ 逆大势反弹，大概率是下跌中继,0.1623,-0.3152,-0.2937
000017,深中华A,25.08,True,5.69,5.64,12,17.64,-8.33,4.02,0.82,0.3118,2026-06-26,2026-07-13,56.76,0.8185,2.2042,0.7137,0.8911,0.961,0.0,0.535,-0.0473,0.4763,⚠️⚠️ 逆大势反弹，大概率是下跌中继,0.3425,-0.6313,-0.5625
600060,海信视像,353.91,True,27.22,26.48,15,9.1,-5.98,2.07,2.8,0.3812,2026-06-26,2026-07-13,61.41,0.2437,-0.1951,0.4439,0.2682,0.8575,0.2602,0.5344,0.6943,0.8472,多周期共振看多 ⬆⬆⬆,0.3459,0.6669,0.5625
000333,美的集团,5519.64,True,80.4,76.71,12,4.81,-5.31,-0.06,4.81,0.359,2026-06-30,2026-07-13,68.97,0.1264,0.2156,0.2867,0.3621,0.6895,0.5221,0.5343,0.5882,0.7941,多周期共振看多 ⬆⬆⬆,0.1656,0.5882,0.5625
603269,海鸥股份,65.57,True,15.18,16.52,17,11.29,-8.14,2.88,-8.14,0.1458,2026-07-13,2026-07-13,48.3,0.8018,0.1903,0.7499,0.7572,0.8511,0.0,0.5339,0.6886,0.8443,多周期共振看多 ⬆⬆⬆,0.3494,0.6515,0.5625
600793,宜宾纸业,26.18,True,14.8,14.35,10,40.96,-12.19,3.58,3.16,0.3276,2026-06-30,2026-07-13,52.95,0.7787,2.7241,1.1149,0.8672,0.9545,0.0,0.5338,-0.0491,0.4754,⚠️⚠️ 逆大势反弹，大概率是下跌中继,0.302,-0.6313,-0.5625
002258,利尔化学,109.96,True,13.76,13.5,17,10.35,-4.57,3.05,1.96,0.4221,2026-07-10,2026-07-13,51.49,0.5091,0.4334,0.6489,0.6788,0.9221,0.0,0.5321,0.0511,0.5255,多周期方向不一致，观望,0.3626,0.139,-0.225
002472,双环传动,315.46,True,42.14,42.02,13,12.03,-10.17,0.4,0.28,0.2236,2026-06-29,2026-07-13,54.5,0.7861,0.1335,0.7147,0.7251,0.9888,0.0,0.5317,0.3705,0.6853,多周期共振看多 ⬆⬆⬆,0.174,0.3277,0.3375
605116,奥锐特,82.46,True,20.3,19.64,12,8.47,-2.1,1.45,3.33,0.3697,2026-07-09,2026-07-13,52.86,0.6775,0.5895,0.5069,0.8065,0.9523,0.1552,0.5312,-0.1948,0.4026,多周期方向不一致，观望,0.1262,-0.4694,-0.495
002631,德尔未来,70.55,True,8.89,9.64,21,34.54,-7.74,13.43,-7.74,0.3907,2026-07-13,2026-07-13,49.11,0.3073,-0.2027,0.8628,0.3033,0.8691,0.0,0.5311,0.7832,0.8916,多周期共振看多 ⬆⬆⬆,0.52,0.7131,0.5625
002101,广东鸿图,60.66,True,9.16,8.82,15,8.15,-7.78,1.4,3.81,0.3694,2026-06-22,2026-07-13,59.46,0.3768,1.3562,0.3637,0.6261,0.9009,0.3939,0.5293,-0.05,0.475,⚠️⚠️ 逆大势反弹，大概率是下跌中继,0.3057,-0.6515,-0.5625
002393,力生制药,44.28,True,14.75,14.5,11,5.33,-5.55,-0.01,1.7,0.2834,2026-07-09,2026-07-13,52.13,0.759,1.3741,0.3795,0.8554,0.9363,0.3675,0.5292,-0.233,0.3835,多周期方向不一致，观望,0.1139,-0.5592,-0.5625
603819,神力股份,28.07,True,12.89,12.22,8,14.95,-13.02,-0.76,5.45,0.2446,2026-07-02,2026-07-13,55.12,0.7806,1.8811,0.572,0.8684,0.9974,0.0466,0.528,0.0136,0.5068,多周期方向不一致，观望,0.1215,-0.1793,0.1351
600332,白云山,307.89,True,21.9,20.91,12,4.74,-5.43,-0.06,4.74,0.3861,2026-07-01,2026-07-13,58.41,0.3671,0.7667,0.298,0.6202,0.9243,0.5033,0.527,-0.2147,0.3926,多周期方向不一致，观望,0.0589,-0.4319,-0.5625
000672,上峰材料,175.07,True,18.06,20.41,16,29.13,-11.53,9.85,-11.53,0.2126,2026-07-13,2026-07-13,42.61,0.4535,1.4589,0.8983,0.6721,0.7246,0.0,0.5266,0.7573,0.8786,多周期共振看多 ⬆⬆⬆,0.4645,0.7038,0.5625
603501,豪威集团,1236.81,True,102.49,94.8,10,15.11,-13.45,0.62,8.11,0.3772,2026-06-29,2026-07-13,67.67,0.7711,0.6371,0.5137,0.8627,0.7184,0.1439,0.5264,-0.0519,0.474,多周期方向不一致，观望,0.2517,0.006,-0.45
002268,电科网安,121.04,True,14.32,13.65,9,17.14,-11.21,0.05,4.9,0.267,2026-06-30,2026-07-13,56.68,0.8509,2.1473,0.6523,0.9106,0.9628,0.0,0.5251,-0.0525,0.4738,⚠️⚠️ 逆大势反弹，大概率是下跌中继,0.2611,-0.6608,-0.5625
002986,宇新股份,37.4,True,12.39,12.07,16,12.75,-6.95,1.48,2.67,0.362,2026-06-18,2026-07-13,46.62,0.6331,1.7157,0.4781,0.7799,0.8139,0.2032,0.5233,-0.069,0.4655,多周期方向不一致，观望,0.3654,-0.5315,-0.0848
002079,苏州固锝,104.69,True,12.91,13.88,16,15.42,-7.02,5.52,-7.02,0.2171,2026-07-13,2026-07-13,41.52,0.6228,0.2989,0.6075,0.6932,0.7005,0.0,0.5228,0.7115,0.8558,多周期共振看多 ⬆⬆⬆,0.3361,0.7131,0.5625
002123,梦网科技,64.34,True,8.93,7.9,9,12.98,-15.62,-1.46,12.98,0.3567,2026-06-30,2026-07-13,70.63,0.8493,2.3536,0.4942,0.9096,0.6527,0.1763,0.5224,-0.0565,0.4718,⚠️⚠️ 逆大势反弹，大概率是下跌中继,0.1723,-0.6608,-0.5625
002414,高德红外,475.47,True,13.99,13.3,13,10.51,-7.61,1.16,5.22,0.3772,2026-07-08,2026-07-13,54.01,0.4771,4.0543,0.7019,0.6862,0.9781,0.0,0.522,-0.0011,0.4995,多周期方向不一致，观望,0.2047,0.0447,-0.225
600372,中航机载,540.99,True,11.18,11.02,9,5.06,-5.89,-0.39,1.41,0.2477,2026-07-02,2026-07-13,54.58,0.6323,1.202,0.3129,0.7794,0.9906,0.4785,0.5212,-0.2435,0.3782,多周期方向不一致，观望,0.0352,-0.6054,-0.495
605020,永和股份,175.97,True,34.99,38.96,18,30.41,-10.2,7.27,-10.2,0.2132,2026-07-13,2026-07-13,48.99,0.7024,-0.1577,1.0207,0.5584,0.8664,0.0,0.521,0.723,0.8615,多周期共振看多 ⬆⬆⬆,0.4107,0.6744,0.5625
600877,电科芯片,180.45,True,15.24,15.82,14,19.53,-12.31,5.5,-3.69,0.2679,2026-07-13,2026-07-13,52.76,0.7958,2.1006,0.7612,0.8775,0.9503,0.0,0.5205,-0.0233,0.4884,⚠️⚠️ 逆大势反弹，大概率是下跌中继,0.1513,-0.2355,-0.3375
002923,润都股份,29.11,True,11.28,10.19,9,10.65,-9.77,-0.68,10.65,0.3762,2026-06-30,2026-07-13,61.74,0.8006,3.5682,0.5577,0.8804,0.8501,0.0706,0.5203,-0.2254,0.3873,多周期方向不一致，观望,0.071,-0.4892,-0.5625
600129,太极集团,98.92,True,17.94,13.78,10,30.15,-11.02,1.54,30.15,0.4476,2026-06-29,2026-07-13,77.79,0.9264,14.0426,0.7204,0.9559,0.4935,0.0,0.5197,-0.0381,0.4809,多周期方向不一致，观望,0.377,-0.0406,-0.45
603607,京华激光,40.72,True,22.81,23.2,15,20.37,-8.23,4.42,-1.67,0.3073,2026-07-13,2026-07-13,47.68,0.7249,0.9957,0.7785,0.8349,0.8374,0.0,0.516,0.0495,0.5248,多周期方向不一致，观望,0.1221,0.0063,0.1065
603661,恒林股份,48.01,True,34.52,37.42,18,15.58,-7.75,5.93,-7.75,0.2409,2026-07-13,2026-07-13,48.25,0.5656,0.0137,0.9405,0.5448,0.8499,0.0,0.5145,0.6464,0.8232,多周期共振看多 ⬆⬆⬆,0.4648,0.4598,0.5625
000597,东北制药,65.11,True,4.62,4.43,9,4.39,-4.97,-0.4,4.39,0.3148,2026-07-01,2026-07-13,54.74,0.5278,0.6141,0.3886,0.7167,0.9943,0.3524,0.5133,-0.2712,0.3644,多周期方向不一致，观望,0.0058,-0.6347,-0.5625
600379,宝光股份,44.74,True,13.55,14.35,14,22.98,-12.2,6.04,-5.56,0.235,2026-07-13,2026-07-13,49.12,0.804,1.6702,0.9081,0.8824,0.8693,0.0,0.5129,0.0844,0.5422,月线看多，日线反弹（等待周线确认）,0.1899,-0.0834,0.2651
003020,立方制药,34.74,True,20.61,16.03,8,28.61,-6.86,1.22,28.61,0.4078,2026-07-08,2026-07-13,74.92,0.8888,10.8082,0.7513,0.9333,0.5573,0.0,0.5125,-0.0403,0.4798,多周期方向不一致，观望,0.344,-0.0221,-0.45
603078,江化微,161.66,True,41.92,48.58,19,26.0,-13.72,11.9,-13.72,0.2094,2026-07-13,2026-07-13,47.24,0.633,-0.1836,1.023,0.5063,0.8276,0.0,0.512,0.7899,0.895,多周期共振看多 ⬆⬆⬆,0.5372,0.7131,0.5625
002755,奥赛康,133.19,True,14.35,13.71,11,14.99,-14.2,0.9,4.63,0.3133,2026-06-26,2026-07-13,61.24,0.7671,0.6046,0.5215,0.8603,0.8613,0.1309,0.5112,-0.1772,0.4114,多周期方向不一致，观望,0.1149,-0.3151,-0.5625
002126,银轮股份,401.55,True,50.5,50.95,10,11.16,-10.27,0.4,-0.89,0.1469,2026-07-13,2026-07-13,53.46,0.4142,0.4769,0.7214,0.6392,0.9658,0.0,0.5105,0.5496,0.7748,多周期共振看多 ⬆⬆⬆,0.1924,0.4805,0.5625
002236,大华股份,401.47,True,16.79,16.51,11,5.19,-7.21,-0.64,1.67,0.2474,2026-06-29,2026-07-13,60.44,0.6447,0.5402,0.3304,0.7868,0.8792,0.4493,0.5102,-0.1856,0.4072,多周期方向不一致，观望,0.0395,-0.2871,-0.5625
002354,天娱数科,130.06,True,8.0,8.46,18,27.24,-5.44,8.42,-5.44,0.3607,2026-07-13,2026-07-13,49.31,-0.0063,0.2955,1.1419,0.3182,0.8735,0.0,0.5094,0.6525,0.8262,多周期共振看多 ⬆⬆⬆,0.3377,0.5821,0.5625
603091,众鑫股份,22.14,True,50.29,49.09,14,7.03,-11.06,-0.05,2.44,0.2824,2026-06-25,2026-07-13,53.84,0.5825,0.287,0.4395,0.6643,0.9743,0.2674,0.5085,-0.0559,0.4721,多周期方向不一致，观望,0.1911,-0.332,-0.0777
002292,奥飞娱乐,77.87,True,7.65,6.95,8,14.05,-10.66,-0.92,10.05,0.3542,2026-07-01,2026-07-13,65.14,0.8625,0.5168,0.6078,0.9175,0.7746,0.0,0.508,-0.1836,0.4082,多周期方向不一致，观望,0.0258,-0.2667,-0.5625
002107,沃华医药,36.34,True,6.36,6.06,9,10.93,-8.81,-1.1,4.86,0.2372,2026-06-30,2026-07-13,56.3,0.7757,1.323,0.5098,0.8654,0.9711,0.1503,0.5073,-0.1814,0.4093,多周期方向不一致，观望,-0.0808,-0.3906,-0.3375
601369,陕鼓动力,160.9,True,9.43,8.92,10,5.77,-8.2,-0.24,5.77,0.3344,2026-06-25,2026-07-13,59.74,0.6427,5.9835,0.5369,0.7856,0.8947,0.1052,0.5072,-0.1593,0.4204,多周期方向不一致，观望,-0.1194,-0.2688,-0.329
603590,康辰药业,54.43,True,34.4,30.34,9,13.39,-12.8,-1.49,13.39,0.3559,2026-06-30,2026-07-13,65.63,0.8315,2.941,0.5486,0.8989,0.7638,0.0857,0.5066,-0.2246,0.3877,多周期方向不一致，观望,0.0549,-0.4718,-0.5625
002816,*ST和科,27.66,True,27.66,27.98,19,13.33,-2.75,5.09,-1.15,0.4264,2026-07-13,2026-07-13,49.49,0.1947,-0.5694,0.5829,0.1168,0.8775,0.0284,0.5061,0.7631,0.8816,多周期共振看多 ⬆⬆⬆,0.4578,0.7223,0.5625
000650,仁和药业,71.5,True,5.37,5.22,9,4.0,-4.69,-0.59,2.91,0.2815,2026-07-01,2026-07-13,54.46,0.4171,1.6813,0.2657,0.6503,0.9881,0.5572,0.5059,-0.3003,0.3498,多周期方向不一致，观望,-0.0087,-0.75,-0.5625
603283,赛腾股份,219.17,True,62.17,68.4,20,36.97,-9.1,15.93,-9.1,0.3406,2026-07-13,2026-07-13,46.5,0.0754,0.0558,0.9163,0.2676,0.8112,0.0,0.502,0.7968,0.8984,多周期共振看多 ⬆⬆⬆,0.5335,0.7315,0.5625
603538,美诺华,111.18,True,33.0,27.18,8,21.4,-18.09,-3.73,21.4,0.284,2026-07-01,2026-07-13,63.2,0.7406,5.2096,0.9426,0.8444,0.8177,0.0,0.5019,0.0012,0.5006,多周期方向不一致，观望,0.0311,-0.314,0.2925
605228,神通科技,66.23,True,13.88,13.64,15,11.43,-1.09,2.92,1.73,0.3907,2026-06-29,2026-07-13,59.92,0.7053,-0.2943,0.4445,0.5055,0.8907,0.2592,0.5018,-0.0082,0.4959,⚠️⚠️ 逆大势反弹，大概率是下跌中继,0.2516,-0.1921,-0.1792
002430,杭氧股份,269.52,True,27.56,27.73,15,18.77,-9.3,3.86,-0.63,0.3195,2026-07-13,2026-07-13,47.25,0.7164,0.6112,0.6804,0.8299,0.8277,0.0,0.4998,-0.0896,0.4552,多周期方向不一致，观望,-0.0274,-0.3642,-0.0061
002345,潮宏基,82.3,True,9.49,9.72,15,12.36,-5.86,3.62,-2.36,0.2703,2026-07-13,2026-07-13,53.61,0.586,0.8441,0.5925,0.7516,0.9692,0.0125,0.4998,-0.0256,0.4872,⚠️⚠️ 逆大势反弹，大概率是下跌中继,0.3189,-0.1979,-0.5625
002916,深南电路,2616.62,True,393.59,432.0,18,14.53,-8.89,4.92,-8.89,0.187,2026-07-13,2026-07-13,44.26,0.2896,0.6841,0.878,0.5737,0.7614,0.0,0.4997,0.7168,0.8584,多周期共振看多 ⬆⬆⬆,0.3066,0.75,0.5625
002864,盘龙药业,21.46,True,29.13,27.37,8,10.82,-8.19,-1.06,6.42,0.2611,2026-07-02,2026-07-13,54.51,0.7917,6.7472,0.5882,0.875,0.989,0.0197,0.4991,-0.2368,0.3816,多周期方向不一致，观望,0.0033,-0.5486,-0.495
002275,桂林三金,74.15,True,13.31,12.71,8,6.91,-5.43,-0.58,4.72,0.2641,2026-07-01,2026-07-13,61.7,0.6998,0.3591,0.3345,0.7635,0.8512,0.4425,0.4986,-0.2423,0.3789,多周期方向不一致，观望,-0.0521,-0.4579,-0.5625
603496,恒为科技,81.75,True,25.53,24.21,11,15.14,-15.83,0.65,5.45,0.3274,2026-07-07,2026-07-13,48.04,0.7576,0.2708,0.7777,0.7628,0.8454,0.0,0.4977,-0.0389,0.4805,⚠️⚠️ 逆大势反弹，大概率是下跌中继,0.2664,-0.4073,-0.5625
603379,三美股份,386.56,True,63.32,69.7,18,27.09,-10.99,7.73,-9.15,0.2508,2026-07-13,2026-07-13,47.59,0.8491,0.1235,0.8947,0.7589,0.8354,0.0,0.4974,0.1606,0.5803,月线看多，日线反弹（等待周线确认）,0.3428,0.1366,0.225
002102,ST能特,54.97,True,2.53,2.26,9,11.97,-7.22,0.62,11.97,0.4086,2026-06-30,2026-07-13,72.37,0.4243,1.5182,0.3993,0.6546,0.614,0.3346,0.4973,-0.0539,0.473,⚠️⚠️ 逆大势反弹，大概率是下跌中继,0.2068,-0.6406,-0.5625
603270,金帝股份,20.55,True,29.06,30.84,14,14.13,-8.32,2.41,-5.76,0.1388,2026-07-13,2026-07-13,46.5,0.7615,0.1961,0.8149,0.7353,0.811,0.0,0.4959,0.4843,0.7421,上升趋势中的日线整理,0.063,0.6413,0.5625
603129,春风动力,407.88,True,265.75,246.89,16,12.34,-6.65,3.83,7.64,0.5412,2026-06-18,2026-07-13,70.87,-0.3035,0.0737,0.3765,0.2295,0.6474,0.3725,0.4953,0.2215,0.6108,月线看多，日线反弹（等待周线确认）,0.4869,0.1492,0.3375
605111,新洁能,279.48,True,67.29,78.95,18,40.78,-14.77,12.02,-14.77,0.1671,2026-07-13,2026-07-13,38.52,0.5202,0.3293,0.9528,0.6438,0.6338,0.0,0.4949,0.7673,0.8837,多周期共振看多 ⬆⬆⬆,0.5245,0.6744,0.5625
000623,吉林敖东,208.42,True,17.5,17.76,18,6.64,-3.22,2.52,-1.49,0.3798,2026-07-13,2026-07-13,45.06,0.5977,0.2888,0.4567,0.6742,0.7791,0.2388,0.4946,-0.1592,0.4204,多周期方向不一致，观望,0.1055,-0.2278,-0.5625
600664,哈药股份,93.44,True,3.71,3.13,5,18.42,-7.07,-1.03,18.42,0.3039,2026-07-09,2026-07-13,67.33,0.8849,4.769,0.6241,0.931,0.7259,0.0,0.4942,-0.1366,0.4317,多周期方向不一致，观望,-0.0176,-0.3872,-0.198
002861,瀛通通讯,28.59,True,19.04,20.94,17,20.78,-9.1,7.41,-9.1,0.2284,2026-07-13,2026-07-13,44.63,0.2189,0.59,0.6181,0.5313,0.7696,0.0,0.4939,0.6292,0.8146,多周期共振看多 ⬆⬆⬆,0.4832,0.5637,0.405
002437,誉衡药业,63.42,True,3.02,2.78,10,13.18,-10.65,0.0,8.57,0.3736,2026-06-29,2026-07-13,61.03,0.6042,1.8637,0.6202,0.7625,0.866,0.0,0.4935,-0.2075,0.3962,多周期方向不一致，观望,0.1274,-0.4587,-0.5625
600557,康缘药业,73.77,True,13.03,12.05,10,8.14,-9.45,-0.46,8.14,0.3582,2026-06-30,2026-07-13,61.11,0.6323,3.2974,0.5581,0.7794,0.8642,0.0698,0.4932,-0.2543,0.3729,多周期方向不一致，观望,0.0552,-0.6024,-0.5625
603818,曲美家居,22.31,True,3.25,3.08,9,13.62,-11.88,0.03,5.47,0.2805,2026-06-30,2026-07-13,60.61,0.6529,1.6276,0.6109,0.7917,0.8754,0.0,0.4929,-0.0471,0.4764,⚠️⚠️ 逆大势反弹，大概率是下跌中继,0.2474,-0.546,-0.5625
603051,鹿山新材,35.77,True,22.13,20.92,7,12.14,-12.14,-1.4,5.81,0.2215,2026-07-02,2026-07-13,56.82,0.7369,0.5716,0.6346,0.8421,0.9595,0.0,0.4899,-0.1115,0.4442,多周期方向不一致，观望,-0.0223,-0.3443,-0.1265
600366,宁波韵升,150.9,True,13.73,15.09,21,17.59,-8.99,8.23,-8.99,0.3151,2026-07-13,2026-07-13,43.72,0.5308,-0.1546,0.8311,0.4566,0.7493,0.0,0.4895,0.5302,0.7651,多周期共振看多 ⬆⬆⬆,0.5335,0.489,0.2189
000948,南天信息,52.34,True,13.45,12.44,5,9.82,-8.86,-2.59,8.13,0.218,2026-07-07,2026-07-13,55.25,0.7872,2.4876,0.52,0.8723,0.9944,0.1334,0.4878,-0.3169,0.3416,多周期方向不一致，观望,-0.1045,-0.7408,-0.5625
002349,精华制药,54.55,True,6.7,6.44,8,4.12,-7.58,-2.0,4.12,0.2249,2026-07-01,2026-07-13,54.21,0.5405,1.2848,0.3697,0.7243,0.9825,0.3838,0.4867,-0.2907,0.3547,多周期方向不一致，观望,-0.0575,-0.6662,-0.5625
603933,睿能科技,51.28,True,24.71,23.13,7,6.84,-11.08,-1.7,6.84,0.2659,2026-07-10,2026-07-13,52.32,0.4729,1.8363,0.6688,0.6837,0.9405,0.0,0.4864,0.0301,0.5151,多周期方向不一致，观望,-0.03,-0.2921,0.45
002925,盈趣科技,154.98,True,21.2,22.99,15,13.11,-7.79,3.39,-7.79,0.1286,2026-07-13,2026-07-13,44.31,0.7295,0.029,0.6652,0.6493,0.7624,0.0,0.4849,0.6168,0.8084,多周期共振看多 ⬆⬆⬆,0.2272,0.5983,0.5625
000931,中 关 村,31.17,True,4.15,4.19,12,6.94,-6.02,0.15,-1.04,0.2236,2026-07-13,2026-07-13,45.22,0.8062,1.4224,0.4037,0.8837,0.7826,0.3272,0.4849,-0.2723,0.3639,多周期方向不一致，观望,-0.0122,-0.6238,-0.5625
002262,恩华药业,176.93,True,20.02,19.33,10,6.51,-5.55,-0.55,3.57,0.2751,2026-06-30,2026-07-13,58.48,0.4972,0.8586,0.3909,0.6983,0.9227,0.3485,0.4847,-0.2856,0.3572,多周期方向不一致，观望,-0.0373,-0.6608,-0.5625
600535,天士力,214.83,True,14.38,13.92,11,3.52,-5.84,-0.59,3.3,0.3161,2026-07-02,2026-07-13,57.26,0.1264,0.8901,0.3279,0.4759,0.9497,0.4534,0.4846,-0.1455,0.4273,多周期方向不一致，观望,0.0264,-0.2124,-0.45
603367,辰欣药业,62.16,True,13.73,13.34,10,5.78,-6.33,-0.5,2.88,0.2656,2026-07-09,2026-07-13,52.72,0.5799,1.2761,0.4603,0.7479,0.9493,0.2328,0.4844,-0.2843,0.3579,多周期方向不一致，观望,-0.0306,-0.6608,-0.5625
603949,雪龙集团,35.71,True,16.99,17.36,18,13.21,-10.1,5.18,-2.15,0.3623,2026-07-13,2026-07-13,47.8,0.3891,4.9283,0.679,0.6334,0.84,0.0,0.4843,-0.0165,0.4918,⚠️⚠️ 逆大势反弹，大概率是下跌中继,0.4972,-0.1776,-0.5625
002851,麦格米特,727.2,True,158.69,162.08,13,25.88,-8.8,4.57,-2.09,0.2688,2026-07-13,2026-07-13,40.19,0.4282,-0.0188,0.9113,0.4494,0.6709,0.0,0.4838,0.7007,0.8503,多周期共振看多 ⬆⬆⬆,0.3301,0.6946,0.5625
600879,航天电子,704.73,True,21.36,20.61,11,13.36,-7.24,0.24,3.62,0.2715,2026-06-29,2026-07-13,60.63,0.5581,1.4211,0.7262,0.7349,0.8749,0.0,0.4837,-0.0075,0.4963,多周期方向不一致，观望,0.08,-0.2142,0.1125
000782,恒申新材,39.72,True,7.52,7.75,12,12.39,-3.57,1.18,-2.94,0.1787,2026-07-13,2026-07-13,45.42,0.6089,0.0411,0.5164,0.5818,0.7871,0.1394,0.4837,0.4538,0.7269,上升趋势中的日线整理,0.029,0.5914,0.5625
600370,*ST三房,75.63,True,1.88,1.66,21,19.21,-1.55,8.88,13.39,0.8062,2026-06-11,2026-07-13,68.89,0.0578,-0.3624,0.6885,0.0897,0.6914,0.0,0.4835,-0.0402,0.4799,多周期方向不一致，观望,0.5049,-0.1145,-0.495
002654,万润科技,138.2,True,16.35,18.59,15,29.56,-12.04,7.97,-12.04,0.137,2026-07-13,2026-07-13,43.02,0.3399,0.6366,0.8258,0.6039,0.7339,0.0,0.4835,0.6921,0.846,多周期共振看多 ⬆⬆⬆,0.3868,0.6271,0.5625
002737,葵花药业,75.63,True,12.95,12.2,7,6.1,-8.6,-1.67,6.1,0.2516,2026-07-02,2026-07-13,56.82,0.4321,2.3548,0.4312,0.6593,0.9596,0.2813,0.4826,-0.1741,0.4129,多周期方向不一致，观望,-0.0327,-0.2873,-0.45
002301,齐心集团,55.86,True,7.78,7.8,12,10.16,-9.08,0.88,-0.23,0.2071,2026-07-13,2026-07-13,50.47,0.1448,0.6262,0.6336,0.4869,0.8994,0.0,0.4825,0.5048,0.7524,多周期共振看多 ⬆⬆⬆,0.2955,0.4737,0.3825
002287,奇正藏药,118.36,True,20.73,19.77,8,5.2,-6.44,-1.12,4.85,0.2752,2026-07-01,2026-07-13,57.41,0.4194,2.977,0.3552,0.6516,0.9465,0.408,0.4824,-0.3058,0.3471,多周期方向不一致，观望,-0.037,-0.75,-0.5625
600601,方正科技,507.94,True,12.18,13.84,16,12.83,-12.02,4.23,-12.02,0.0597,2026-07-13,2026-07-13,43.23,0.5794,1.0076,0.845,0.7476,0.7384,0.0,0.4818,0.6286,0.8143,多周期共振看多 ⬆⬆⬆,0.199,0.6485,0.5625
603110,东方材料,45.86,True,22.79,22.83,11,15.31,-8.77,1.47,-0.19,0.207,2026-07-13,2026-07-13,36.98,0.548,1.1684,0.6632,0.7288,0.5996,0.0,0.4815,0.4697,0.7349,上升趋势中的日线整理,0.0502,0.6146,0.5625
600329,达仁堂,217.93,True,38.43,36.31,9,5.85,-7.46,-0.4,5.85,0.3075,2026-06-30,2026-07-13,62.39,0.3389,1.0566,0.3951,0.6033,0.8357,0.3415,0.4801,-0.1388,0.4306,多周期方向不一致，观望,0.0591,-0.5576,-0.1031
002937,兴瑞科技,126.01,True,39.98,42.69,20,19.46,-6.35,10.21,-6.35,0.4094,2026-07-13,2026-07-13,44.84,-0.2545,-0.3292,0.5822,0.0683,0.7743,0.0297,0.479,0.7871,0.8936,多周期共振看多 ⬆⬆⬆,0.4869,0.75,0.5625
002364,中恒电气,288.87,True,51.76,52.93,11,6.44,-11.86,-0.36,-2.21,0.126,2026-07-13,2026-07-13,52.66,0.5327,0.0841,0.8239,0.5532,0.9479,0.0,0.4771,0.4915,0.7458,上升趋势中的日线整理,-0.031,0.7408,0.5625
002643,万润股份,148.32,True,16.44,18.91,18,28.45,-13.07,11.16,-13.07,0.2097,2026-07-13,2026-07-13,44.22,0.3013,0.5581,0.7829,0.5808,0.7604,0.0,0.4771,0.4721,0.736,多周期共振看多 ⬆⬆⬆,0.4705,0.1842,0.45
000538,云南白药,882.03,True,49.75,48.54,7,2.48,-4.26,-0.82,2.48,0.2476,2026-07-09,2026-07-13,57.19,0.2603,0.6531,0.2235,0.5562,0.9513,0.6274,0.477,-0.3118,0.3441,多周期方向不一致，观望,-0.0973,-0.7247,-0.5625
002541,鸿路钢构,98.69,True,19.89,17.52,10,13.52,-8.69,-0.28,13.52,0.4021,2026-06-30,2026-07-13,74.59,0.353,0.4711,0.444,0.6002,0.5647,0.2599,0.4751,-0.0102,0.4949,多周期方向不一致，观望,0.1827,0.0236,-0.225
600771,广誉远,73.67,True,15.05,13.74,8,9.51,-9.57,-2.41,9.51,0.3078,2026-07-01,2026-07-13,60.68,0.5103,2.1522,0.4719,0.7062,0.8739,0.2134,0.4723,-0.3095,0.3453,多周期方向不一致，观望,-0.0777,-0.7315,-0.5625
002384,东山精密,3281.42,True,236.7,249.45,14,21.18,-8.67,5.19,-5.11,0.2246,2026-07-13,2026-07-13,44.95,-0.0719,0.3687,0.9527,0.3475,0.7766,0.0,0.472,0.7494,0.8747,多周期共振看多 ⬆⬆⬆,0.3903,0.75,0.5625
002332,仙琚制药,82.01,True,8.33,8.27,8,2.7,-3.99,-0.6,0.77,0.2242,2026-07-10,2026-07-13,50.77,0.7391,-0.2215,0.2112,0.5548,0.906,0.6481,0.4718,-0.2574,0.3713,多周期方向不一致，观望,-0.1061,-0.4779,-0.5625
000908,石药景峰,59.82,True,6.8,6.16,8,16.42,-19.57,-4.65,10.36,0.261,2026-07-01,2026-07-13,64.32,0.5672,4.6215,0.8948,0.7403,0.793,0.0,0.4716,0.0102,0.5051,月线看多，中短期调整中,-0.1584,-0.2656,0.45
000988,华工科技,1550.09,True,154.24,164.06,12,13.69,-9.51,1.63,-5.99,0.0819,2026-07-13,2026-07-13,45.61,0.7897,0.0728,0.8507,0.7029,0.7914,0.0,0.4707,0.4946,0.7473,上升趋势中的日线整理,0.0825,0.6515,0.5625
605008,长鸿高科,74.8,True,11.58,11.51,15,8.35,-1.47,1.92,0.64,0.3668,2026-06-30,2026-07-13,53.87,0.3424,-0.4098,0.3237,0.2415,0.975,0.4605,0.4698,-0.0468,0.4766,⚠️⚠️ 逆大势反弹，大概率是下跌中继,0.212,-0.5098,-0.5625
601089,福元医药,83.09,True,17.31,16.82,10,8.44,-7.8,-0.97,2.89,0.2214,2026-06-30,2026-07-13,54.52,0.5662,1.0447,0.4683,0.7397,0.9892,0.2195,0.4696,-0.3209,0.3396,多周期方向不一致，观望,-0.1146,-0.75,-0.5625
002119,康强电子,112.77,True,30.05,34.93,18,31.96,-13.97,16.21,-13.97,0.1871,2026-07-13,2026-07-13,45.4,0.3603,-0.1145,0.8848,0.3704,0.7866,0.0,0.4694,0.7699,0.885,多周期共振看多 ⬆⬆⬆,0.5095,0.6929,0.5625
603956,威派格,32.6,True,5.72,5.55,13,26.28,-18.05,3.62,3.05,0.3736,2026-06-24,2026-07-13,61.05,0.6733,-0.2064,0.8354,0.5214,0.8656,0.0,0.4691,-0.0171,0.4914,⚠️⚠️ 逆大势反弹，大概率是下跌中继,0.3478,-0.1742,-0.45
600993,马应龙,103.57,True,24.07,22.82,5,5.46,-7.49,-1.64,5.46,0.2261,2026-07-07,2026-07-13,56.37,0.3982,2.6685,0.3474,0.6389,0.9695,0.421,0.4688,-0.3146,0.3427,多周期方向不一致，观望,-0.1037,-0.7315,-0.5625
603950,长源东谷,208.41,True,64.35,75.32,14,27.09,-14.57,7.03,-14.57,0.0342,2026-07-13,2026-07-13,41.66,0.4639,0.4857,1.0944,0.6726,0.7036,0.0,0.4681,0.742,0.871,多周期共振看多 ⬆⬆⬆,0.382,0.7408,0.5625
002850,科达利,387.83,True,185.0,196.62,17,18.52,-5.91,3.68,-5.91,0.2148,2026-07-13,2026-07-13,50.19,0.6317,-0.1145,0.7806,0.5332,0.8931,0.0,0.468,0.3032,0.6516,上升趋势中的日线整理,0.0565,0.1767,0.5625
002748,世龙实业,25.99,True,10.83,10.92,10,8.8,-6.32,-0.08,-0.79,0.1879,2026-07-13,2026-07-13,44.17,0.7716,0.545,0.4775,0.863,0.7593,0.2041,0.4678,-0.1636,0.4182,多周期方向不一致，观望,0.1172,-0.482,-0.3375
603976,正川股份,38.79,True,25.05,27.14,20,20.48,-7.71,8.83,-7.71,0.3464,2026-07-13,2026-07-13,40.82,-0.0118,-0.0441,0.9044,0.1823,0.6849,0.0,0.4666,0.788,0.894,多周期共振看多 ⬆⬆⬆,0.5432,0.7038,0.5625
001378,德冠新材,16.58,True,19.66,19.45,9,5.01,-8.61,-1.72,1.06,0.1554,2026-07-09,2026-07-13,47.68,0.7124,0.4052,0.5757,0.7895,0.8373,0.0405,0.4643,0.0413,0.5207,多周期方向不一致，观望,-0.1004,-0.0247,0.2925
000703,恒逸石化,502.68,True,13.22,14.03,11,25.15,-7.81,3.42,-5.78,0.1162,2026-07-13,2026-07-13,48.37,0.7869,1.1696,0.8685,0.8721,0.8527,0.0,0.4643,0.0167,0.5083,多周期方向不一致，观望,-0.0039,-0.2156,0.2925
002440,闰土股份,93.69,True,9.9,10.45,16,22.19,-7.99,6.47,-5.3,0.2837,2026-07-13,2026-07-13,41.19,0.6105,1.0884,0.9202,0.7663,0.693,0.0,0.4629,-0.0353,0.4824,⚠️⚠️ 逆大势反弹，大概率是下跌中继,0.195,-0.5011,-0.3375
600422,昆药集团,66.46,True,8.78,8.2,6,7.05,-8.95,-2.14,7.05,0.2576,2026-07-09,2026-07-13,58.53,0.4856,1.6177,0.453,0.6914,0.9216,0.245,0.4627,-0.325,0.3375,多周期方向不一致，观望,-0.1354,-0.75,-0.5625
002845,同兴达,39.21,True,15.67,15.7,12,5.5,-8.97,0.25,-0.22,0.2268,2026-07-13,2026-07-13,48.75,0.0779,1.4366,0.6862,0.4468,0.8612,0.0,0.4623,0.4059,0.7029,上升趋势中的日线整理,0.0437,0.4543,0.5625
000990,诚志股份,112.53,True,9.26,8.7,4,6.38,-9.62,-3.81,6.38,0.1567,2026-07-09,2026-07-13,57.05,0.514,2.7669,0.4921,0.7084,0.9545,0.1799,0.4613,-0.1082,0.4459,月线看多，中短期调整中,-0.4004,-0.3521,0.18
603290,斯达半导,280.16,True,116.99,132.85,14,22.65,-11.94,4.42,-11.94,0.0348,2026-07-13,2026-07-13,35.29,0.8135,0.483,0.8093,0.8813,0.5621,0.0,0.4612,0.5213,0.7607,多周期共振看多 ⬆⬆⬆,0.1964,0.5273,0.45
603004,鼎龙科技,12.75,True,21.66,22.66,18,15.87,-4.4,7.19,-4.4,0.3562,2026-07-13,2026-07-13,46.0,0.7251,-0.5104,0.4706,0.4351,0.8001,0.2157,0.4599,-0.0045,0.4978,多周期方向不一致，观望,0.3667,0.1158,-0.45
600203,福日电子,72.05,True,12.15,12.45,11,8.59,-11.51,-0.21,-2.44,0.1086,2026-07-13,2026-07-13,45.2,0.7355,0.6517,0.6512,0.8413,0.7821,0.0,0.4598,0.1329,0.5665,月线震荡，中短期走强,0.1802,0.2208,0.0715
000800,一汽解放,298.69,True,6.07,6.07,12,4.27,-3.9,0.41,-0.05,0.2905,2026-07-13,2026-07-13,47.86,0.5249,0.0124,0.2961,0.5199,0.8414,0.5065,0.4582,-0.2786,0.3607,多周期方向不一致，观望,0.0702,-0.7223,-0.5625
600479,千金药业,40.43,True,9.66,9.39,9,3.36,-5.29,-1.23,2.83,0.2471,2026-06-30,2026-07-13,61.78,0.1524,1.2336,0.2112,0.4914,0.8493,0.648,0.4569,-0.2619,0.369,多周期方向不一致，观望,-0.1056,-0.498,-0.5625
600845,宝信软件,429.8,True,20.14,18.12,9,12.78,-14.79,-3.67,11.17,0.3014,2026-06-30,2026-07-13,71.77,0.6462,1.668,0.4978,0.7877,0.6274,0.1703,0.4561,-0.224,0.388,多周期方向不一致，观望,0.0528,-0.4673,-0.5625
603309,维力医疗,34.41,True,11.79,11.64,9,5.01,-8.14,-1.3,1.31,0.1879,2026-06-30,2026-07-13,52.46,0.3578,0.5095,0.3169,0.6147,0.9437,0.4718,0.456,-0.2966,0.3517,多周期方向不一致，观望,-0.133,-0.6946,-0.495
002399,海普瑞,120.35,True,9.65,9.21,9,5.46,-6.91,-1.04,4.82,0.2602,2026-06-30,2026-07-13,56.43,0.2503,0.8857,0.4165,0.5502,0.9683,0.3058,0.4547,-0.2738,0.3631,多周期方向不一致，观望,0.023,-0.6608,-0.5625
000651,格力电器,2137.57,True,38.71,37.75,8,3.45,-4.33,-0.71,2.55,0.2546,2026-07-01,2026-07-13,64.99,-0.0621,0.4249,0.1852,0.37,0.778,0.6913,0.4546,-0.0529,0.4736,多周期方向不一致，观望,0.0138,-0.0574,-0.1871
603301,振德医疗,230.1,True,87.2,87.6,17,5.17,-2.78,1.91,-0.46,0.3913,2026-07-13,2026-07-13,50.94,-0.3539,-0.2225,0.313,0.111,0.9098,0.4784,0.4544,0.0437,0.5219,⚠️ 月线看多但周线走弱，日线仅为反弹,0.1918,-0.1795,0.2925
603986,兆易创新,3682.05,True,550.8,667.51,18,45.34,-17.48,14.91,-17.48,0.0993,2026-07-13,2026-07-13,42.72,0.1324,1.0096,1.1949,0.4794,0.7271,0.0,0.4535,0.7504,0.8752,多周期共振看多 ⬆⬆⬆,0.436,0.7131,0.5625
000999,华润三九,407.19,True,24.49,23.6,9,3.76,-7.66,-0.97,3.76,0.2755,2026-07-09,2026-07-13,54.77,0.1232,1.0173,0.3652,0.4739,0.9949,0.3913,0.4529,-0.3034,0.3483,多周期方向不一致，观望,-0.0715,-0.71,-0.5625
002490,山东墨龙,44.75,True,8.26,6.98,6,18.34,-17.38,-5.7,18.34,0.2029,2026-07-08,2026-07-13,69.14,0.933,0.839,0.7843,0.9598,0.6858,0.0,0.4527,-0.2241,0.388,月线震荡，中短期走弱,-0.2451,-0.5717,0.0286
002274,华昌化工,51.39,True,5.48,5.04,3,14.48,-10.51,-4.03,8.68,0.1638,2026-07-08,2026-07-13,60.41,0.7862,2.2911,0.5543,0.8717,0.8799,0.0762,0.4524,-0.2856,0.3572,多周期方向不一致，观望,-0.1305,-0.581,-0.5625
002272,川润股份,87.22,True,21.37,22.68,17,14.89,-5.78,4.79,-5.78,0.2457,2026-07-13,2026-07-13,41.47,0.4319,-0.4042,0.5774,0.2975,0.6994,0.0376,0.4524,0.6841,0.842,多周期共振看多 ⬆⬆⬆,0.2464,0.7298,0.5625
601985,中国核电,1665.51,True,8.82,8.98,7,2.89,-3.11,-0.6,-1.74,0.147,2026-07-13,2026-07-13,40.71,0.5536,-0.0289,0.1773,0.5206,0.6824,0.7045,0.451,0.0395,0.5198,多周期方向不一致，观望,-0.2031,0.1083,0.2393
603566,普莱柯,35.54,True,10.27,10.16,12,4.5,-5.12,-0.02,1.08,0.2915,2026-07-09,2026-07-13,47.86,0.4621,0.0886,0.3412,0.5127,0.8413,0.4313,0.4509,-0.2676,0.3662,多周期方向不一致，观望,0.0548,-0.6608,-0.5625
002815,崇达技术,129.71,True,16.69,17.39,10,16.12,-16.01,-0.74,-4.03,0.0399,2026-07-13,2026-07-13,45.65,0.5733,0.3599,0.9865,0.6879,0.7922,0.0,0.45,0.4526,0.7263,上升趋势中的日线整理,0.0325,0.5852,0.5625
603378,*ST亚士,24.99,True,5.83,5.26,7,14.11,-12.03,-2.05,10.92,0.3101,2026-07-02,2026-07-13,67.38,0.5637,0.2423,0.6094,0.6351,0.7248,0.0,0.4497,-0.0328,0.4836,多周期方向不一致，观望,0.1965,0.1376,-0.45
600079,ST人福,268.2,True,17.38,17.0,8,4.62,-5.33,-0.9,2.24,0.2266,2026-07-01,2026-07-13,52.89,0.1403,0.568,0.3058,0.4842,0.9532,0.4903,0.449,-0.2625,0.3688,多周期方向不一致，观望,-0.1005,-0.505,-0.5625
000691,亚太实业,34.07,True,10.54,11.74,17,34.52,-10.18,12.64,-10.18,0.2659,2026-07-13,2026-07-13,28.52,0.4873,-0.029,0.774,0.4808,0.4115,0.0,0.4474,0.6784,0.8392,多周期共振看多 ⬆⬆⬆,0.3947,0.5902,0.5625
002350,北京科锐,79.95,True,15.07,14.31,6,5.71,-9.24,-3.14,5.31,0.1564,2026-07-07,2026-07-13,62.67,0.7951,0.0206,0.5781,0.6853,0.8295,0.0365,0.4468,0.0777,0.5389,多周期方向不一致，观望,-0.1067,-0.1296,0.5625
002174,游族网络,116.34,True,11.88,12.21,18,13.41,-12.75,4.12,-2.72,0.3215,2026-07-13,2026-07-13,41.03,0.129,1.2024,0.6551,0.4774,0.6895,0.0,0.4457,0.2029,0.6015,月线震荡，中短期走强,0.381,0.4678,-0.1125
002223,鱼跃医疗,247.92,True,26.31,25.79,10,3.76,-5.32,-0.49,2.02,0.2691,2026-07-09,2026-07-13,61.54,0.2943,0.2073,0.2657,0.4595,0.8547,0.5571,0.4456,-0.2878,0.3561,多周期方向不一致，观望,-0.0488,-0.6608,-0.5625
000919,金陵药业,38.43,True,6.18,6.06,7,3.08,-5.41,-0.88,2.01,0.2237,2026-07-09,2026-07-13,50.0,0.2705,0.8822,0.3402,0.5623,0.8889,0.4329,0.4453,-0.2874,0.3563,多周期方向不一致，观望,-0.0866,-0.6264,-0.5625
600352,浙江龙盛,389.75,True,11.98,11.91,18,15.34,-4.75,5.01,0.63,0.4273,2026-07-09,2026-07-13,52.56,-0.0463,0.1499,0.7027,0.2599,0.9459,0.0,0.4452,-0.0152,0.4924,⚠️⚠️ 逆大势反弹，大概率是下跌中继,0.2855,-0.1962,-0.3375
002976,瑞玛精密,29.2,True,23.99,24.84,12,12.88,-17.88,0.01,-3.44,0.1053,2026-07-13,2026-07-13,48.44,0.2604,0.7308,1.0028,0.5562,0.8543,0.0,0.4446,0.389,0.6945,上升趋势中的日线整理,-0.1327,0.5617,0.5625
601698,中国卫通,1333.22,True,31.56,30.28,7,8.18,-9.33,-1.68,4.22,0.1946,2026-07-09,2026-07-13,58.57,0.5298,2.631,0.6486,0.7179,0.9206,0.0,0.4446,-0.1638,0.4181,多周期方向不一致，观望,-0.126,-0.514,-0.0979
603700,宁水集团,22.58,True,11.29,11.16,13,5.88,-8.5,0.43,1.16,0.2598,2026-07-08,2026-07-13,49.26,0.4773,0.0381,0.368,0.5016,0.8724,0.3866,0.4435,-0.2345,0.3828,多周期方向不一致，观望,0.0919,-0.6146,-0.495
603338,浙江鼎力,256.82,True,50.72,47.42,8,14.75,-9.65,-1.53,6.95,0.2626,2026-07-01,2026-07-13,68.85,0.5907,0.5941,0.5816,0.7544,0.6921,0.0306,0.4433,-0.1457,0.4272,多周期方向不一致，观望,0.0157,-0.2201,-0.4336
600378,昊华科技,585.51,True,54.59,66.93,17,50.38,-18.44,19.94,-18.44,0.0595,2026-07-13,2026-07-13,40.67,0.389,0.1929,1.122,0.5106,0.6816,0.0,0.4432,0.7676,0.8838,多周期共振看多 ⬆⬆⬆,0.4908,0.7038,0.5625
001395,亚联机械,16.38,True,31.49,25.33,6,24.32,-11.14,-2.76,24.32,0.2763,2026-07-08,2026-07-13,74.05,0.7063,12.2452,0.7521,0.8238,0.5767,0.0,0.4428,-0.1309,0.4345,多周期方向不一致，观望,-0.1163,-0.0256,-0.45
603139,康惠股份,39.05,True,39.1,41.21,15,17.02,-5.11,3.56,-5.11,0.1998,2026-07-13,2026-07-13,42.46,0.0276,0.464,0.6947,0.4022,0.7213,0.0,0.4427,0.5534,0.7767,上升趋势中的日线整理,0.1458,0.75,0.5625
603416,信捷电气,77.52,True,55.55,55.64,7,10.01,-9.59,-1.38,-0.15,0.0731,2026-07-13,2026-07-13,53.3,0.7045,0.2602,0.5474,0.7268,0.9623,0.0876,0.4423,-0.0245,0.4878,多周期方向不一致，观望,-0.026,-0.1469,0.0615
002215,诺 普 信,72.74,True,9.0,8.95,8,10.64,-8.92,-0.82,0.57,0.1243,2026-07-10,2026-07-13,48.88,0.8105,1.1715,0.5417,0.8863,0.864,0.0971,0.4421,-0.2944,0.3528,多周期方向不一致，观望,-0.0215,-0.7131,-0.5625
002555,三七互娱,290.96,True,18.33,18.58,11,6.18,-9.03,-0.75,-1.34,0.1305,2026-07-13,2026-07-13,54.76,0.661,0.1384,0.4398,0.6519,0.9947,0.267,0.4418,-0.2291,0.3855,多周期方向不一致，观望,-0.0481,-0.4709,-0.495
603595,ST东尼,65.78,True,28.3,31.96,19,35.55,-11.46,13.67,-11.46,0.2657,2026-07-13,2026-07-13,41.66,-0.0597,-0.0704,0.766,0.1719,0.7035,0.0,0.4416,0.7763,0.8881,多周期共振看多 ⬆⬆⬆,0.5238,0.6946,0.5625
605305,中际联合,83.73,True,39.4,41.86,15,17.57,-9.74,3.83,-5.87,0.1877,2026-07-13,2026-07-13,41.61,0.6756,1.1385,0.7445,0.8054,0.7024,0.0,0.4413,-0.0518,0.4741,多周期方向不一致，观望,0.137,-0.2113,-0.134
000810,创维数字,128.39,True,11.56,12.28,15,14.94,-13.88,3.83,-5.86,0.1878,2026-07-13,2026-07-13,42.99,0.5183,1.4235,0.8028,0.711,0.7331,0.0,0.441,0.0602,0.5301,多周期方向不一致，观望,0.1552,0.0914,0.0402
600420,国药现代,118.02,True,8.8,8.45,8,6.32,-9.57,-1.74,4.16,0.1982,2026-07-01,2026-07-13,56.72,0.3966,1.601,0.4621,0.638,0.9617,0.2299,0.4408,-0.3083,0.3458,多周期方向不一致，观望,-0.0716,-0.7315,-0.5625
000545,金浦钛业,24.93,True,2.53,2.58,14,13.34,-9.41,1.78,-2.13,0.214,2026-07-13,2026-07-13,38.97,0.6603,1.4465,0.9047,0.7962,0.6438,0.0,0.4405,-0.036,0.482,⚠️⚠️ 逆大势反弹，大概率是下跌中继,0.2666,-0.4198,-0.495
002132,恒星科技,68.56,True,4.9,5.38,11,12.22,-8.95,0.96,-8.95,0.0,2026-07-13,2026-07-13,46.06,0.7684,0.0794,0.6816,0.6928,0.8013,0.0,0.4399,0.4493,0.7247,上升趋势中的日线整理,0.124,0.4981,0.5625
000661,长春高新,277.45,True,69.43,66.57,8,6.22,-13.29,-2.37,4.29,0.1752,2026-07-09,2026-07-13,58.2,0.6462,0.3366,0.4894,0.7223,0.9289,0.1843,0.4393,-0.3241,0.3379,多周期方向不一致，观望,-0.1412,-0.7413,-0.5625
600405,动力源,29.23,True,4.77,4.38,7,9.03,-10.35,-2.8,9.03,0.2672,2026-06-29,2026-07-13,60.91,0.5165,1.5882,0.6998,0.7099,0.8687,0.0,0.4387,-0.31,0.345,多周期方向不一致，观望,-0.0907,-0.7223,-0.5625
603324,盛剑科技,54.77,True,37.09,44.53,18,42.9,-16.71,17.43,-16.71,0.1187,2026-07-13,2026-07-13,44.7,0.3751,-0.2546,1.0179,0.3232,0.771,0.0,0.4386,0.7815,0.8907,多周期共振看多 ⬆⬆⬆,0.505,0.7223,0.5625
600579,中化装备,38.6,True,7.82,7.64,19,15.7,-3.0,6.26,2.37,0.5181,2026-06-15,2026-07-13,55.64,0.0927,-0.6941,0.6751,0.0556,0.9857,0.0,0.4386,-0.0064,0.4968,多周期方向不一致，观望,0.518,-0.022,-0.45
603021,*ST华鹏,23.71,True,7.41,6.69,9,12.25,-17.83,-1.64,10.82,0.3521,2026-06-30,2026-07-13,65.98,-0.0792,0.8869,0.6661,0.4,0.7559,0.0,0.4365,0.0998,0.5499,多周期方向不一致，观望,0.0659,0.0899,0.2925
002424,ST百灵,52.53,True,4.56,4.46,8,3.47,-6.64,-1.25,2.14,0.2056,2026-07-09,2026-07-13,43.81,0.4112,1.6123,0.3988,0.6467,0.7513,0.3353,0.436,-0.21,0.395,多周期方向不一致，观望,-0.0249,-0.3394,-0.5625
000813,德展健康,68.98,True,3.29,3.11,11,5.94,-11.36,-1.41,5.94,0.2882,2026-06-30,2026-07-13,54.46,0.3801,0.0677,0.5424,0.4551,0.9881,0.096,0.4348,-0.204,0.398,多周期方向不一致，观望,0.0724,-0.3961,-0.5625
600961,株冶集团,191.34,True,25.45,30.29,14,34.43,-15.97,7.77,-15.97,0.0177,2026-07-13,2026-07-13,32.0,0.6797,0.8507,0.911,0.8078,0.4889,0.0,0.4345,0.5541,0.7771,多周期共振看多 ⬆⬆⬆,0.1805,0.5005,0.5625
603559,中通国脉,34.51,True,8.6,8.46,5,16.91,-10.9,-3.37,1.67,0.037,2026-07-09,2026-07-13,52.91,0.3753,4.3412,0.8669,0.6252,0.9535,0.0,0.4344,0.2415,0.6208,上升趋势中的日线整理,-0.0971,0.2156,0.495
600353,旭光电子,316.52,True,38.19,42.69,18,69.55,-10.55,26.48,-10.55,0.2727,2026-07-13,2026-07-13,36.58,0.1346,-0.1267,1.2522,0.2301,0.5907,0.0,0.4343,0.7427,0.8714,多周期共振看多 ⬆⬆⬆,0.427,0.7038,0.5625
603298,杭叉集团,328.11,True,25.05,24.92,9,7.31,-9.96,-0.32,0.52,0.1854,2026-07-09,2026-07-13,51.87,0.1715,0.8843,0.4217,0.5029,0.9305,0.2972,0.4336,-0.1355,0.4323,多周期方向不一致，观望,0.0034,-0.3197,-0.279
003017,大洋生物,17.96,True,21.6,22.35,8,8.24,-6.9,-0.82,-3.34,0.0463,2026-07-13,2026-07-13,43.25,0.8856,0.7176,0.4308,0.9314,0.739,0.2821,0.4327,-0.2525,0.3738,多周期方向不一致，观望,-0.0972,-0.4639,-0.5625
603351,威尔药业,33.94,True,25.06,25.44,11,9.19,-3.96,0.53,-1.51,0.1976,2026-07-13,2026-07-13,44.07,0.8713,0.6813,0.6294,0.9228,0.7572,0.0,0.432,-0.4038,0.2981,多周期共振看空 ⬇⬇⬇,-0.1521,-0.1945,-0.5625
603031,安孚科技,159.52,True,50.74,51.38,2,3.92,-11.41,-5.46,-1.24,0.0,2026-07-13,2026-07-13,45.62,0.6501,0.9447,0.7975,0.7901,0.7915,0.0,0.4318,0.2406,0.6203,上升趋势中的日线回调（关注买点）,-0.4151,0.6019,0.5625
603931,格林达,115.11,True,57.68,56.76,7,5.32,-7.39,-1.48,1.62,0.1543,2026-07-09,2026-07-13,49.87,0.0919,0.9653,0.7578,0.4551,0.8859,0.0,0.4315,0.2908,0.6454,上升趋势中的日线回调（关注买点）,-0.1792,0.5685,0.5625
603658,安图生物,178.28,True,31.2,30.47,9,2.39,-6.73,-0.96,2.39,0.2535,2026-07-02,2026-07-13,51.82,0.4671,-0.1652,0.3562,0.4142,0.9293,0.4064,0.4311,-0.263,0.3685,多周期方向不一致，观望,-0.0279,-0.5696,-0.5625
600315,上海家化,117.71,True,17.51,17.54,9,3.21,-7.88,-1.36,-0.15,0.1651,2026-07-13,2026-07-13,49.28,0.3982,0.3288,0.293,0.5705,0.8729,0.5117,0.4308,-0.3194,0.3403,多周期方向不一致，观望,-0.1068,-0.75,-0.5625
002412,汉森制药,30.32,True,6.09,5.91,5,6.07,-9.17,-2.44,2.97,0.1175,2026-07-08,2026-07-13,51.17,0.5543,1.3593,0.5495,0.7326,0.9149,0.0841,0.4303,-0.1771,0.4114,多周期方向不一致，观望,-0.0726,-0.3788,-0.3375
000962,东方钽业,295.67,True,58.76,72.64,14,45.45,-19.11,10.52,-19.11,0.0,2026-07-13,2026-07-13,38.44,0.457,0.9726,1.0197,0.6742,0.632,0.0,0.4302,0.6042,0.8021,多周期共振看多 ⬆⬆⬆,0.2265,0.6837,0.45
000301,东方盛虹,753.35,True,11.4,12.15,13,15.26,-6.17,0.83,-6.17,0.0763,2026-07-13,2026-07-13,46.35,0.7322,1.9218,0.7997,0.8393,0.8077,0.0,0.4301,-0.0543,0.4728,多周期方向不一致，观望,0.1148,-0.0798,-0.2573
600745,*ST闻泰,268.79,True,21.1,17.8,6,18.52,-17.04,-3.55,18.52,0.2568,2026-07-06,2026-07-13,73.81,0.7746,1.0594,0.6494,0.8648,0.582,0.0,0.43,-0.258,0.371,多周期方向不一致，观望,0.1041,-0.6608,-0.5625
000818,航锦科技,86.16,True,13.09,13.83,12,14.41,-15.59,0.28,-5.38,0.0634,2026-07-13,2026-07-13,54.12,0.725,1.696,0.8918,0.835,0.9805,0.0,0.4299,-0.2251,0.3875,多周期方向不一致，观望,0.0548,-0.474,-0.5625
601058,赛轮轮胎,429.1,True,13.05,12.14,8,7.48,-7.68,-0.88,7.48,0.3035,2026-07-02,2026-07-13,64.49,0.3567,1.3172,0.5967,0.614,0.7892,0.0055,0.4293,-0.2281,0.386,多周期方向不一致，观望,-0.029,-0.4151,-0.5625
002211,ST宏达,15.35,True,3.55,3.88,14,9.83,-8.48,1.8,-8.48,0.0683,2026-07-13,2026-07-13,40.12,0.6004,1.29,0.5998,0.7602,0.6694,0.0004,0.4292,0.2496,0.6248,上升趋势中的日线整理,0.0399,0.1642,0.45
002511,中顺洁柔,88.82,True,7.02,6.88,8,2.56,-7.17,-1.56,2.01,0.2031,2026-07-01,2026-07-13,55.36,0.3198,-0.1318,0.2239,0.3391,0.9921,0.6268,0.4286,-0.2933,0.3533,多周期方向不一致，观望,-0.0932,-0.6467,-0.5625
002370,亚太药业,40.71,True,5.46,5.38,10,8.43,-11.38,-2.02,1.56,0.1475,2026-07-09,2026-07-13,50.9,0.643,1.5027,0.7446,0.7858,0.9089,0.0,0.4272,-0.2846,0.3577,多周期方向不一致，观望,-0.1171,-0.5883,-0.5625
002787,华源控股,60.66,True,24.45,28.99,14,17.86,-15.65,3.52,-15.65,0.0,2026-07-13,2026-07-13,42.26,0.7465,-0.2508,0.8563,0.5476,0.7169,0.0,0.4268,0.6779,0.8389,多周期共振看多 ⬆⬆⬆,0.207,0.75,0.5625
600881,亚泰集团,53.33,True,1.65,1.56,8,13.64,-8.06,-0.89,5.94,0.2535,2026-07-10,2026-07-13,49.02,0.8815,-0.4222,0.6585,0.56,0.8671,0.0,0.4261,-0.136,0.432,多周期方向不一致，观望,-0.0905,-0.0704,-0.45
000541,佛山照明,59.86,True,4.9,5.08,14,9.77,-6.19,1.44,-3.64,0.1945,2026-07-13,2026-07-13,44.29,0.5905,0.414,0.4962,0.7199,0.7619,0.173,0.4249,-0.2723,0.3639,多周期方向不一致，观望,0.0092,-0.6423,-0.5625
605369,拱东医疗,37.46,True,16.99,17.41,14,12.52,-11.77,0.41,-2.39,0.1731,2026-07-13,2026-07-13,50.28,0.5747,0.3352,0.7214,0.6789,0.8951,0.0,0.4241,-0.1828,0.4086,多周期方向不一致，观望,-0.0637,-0.254,-0.495
002698,博实股份,99.78,True,11.82,11.98,9,13.71,-12.54,-0.87,-1.36,0.0876,2026-07-13,2026-07-13,51.17,0.7311,0.8255,0.6133,0.8386,0.9149,0.0,0.4239,-0.2592,0.3704,多周期方向不一致，观望,-0.0861,-0.503,-0.5625
002367,康力电梯,45.13,True,5.68,6.26,13,20.63,-9.29,5.68,-9.29,0.1167,2026-07-13,2026-07-13,45.14,0.5935,1.8686,0.692,0.7561,0.7809,0.0,0.4235,-0.039,0.4805,⚠️⚠️ 逆大势反弹，大概率是下跌中继,0.1991,-0.4626,-0.45
603668,天马科技,58.07,True,11.48,12.02,13,12.99,-5.52,3.35,-4.46,0.1793,2026-07-13,2026-07-13,40.8,0.7433,0.7843,0.5744,0.846,0.6845,0.0427,0.4232,-0.254,0.373,多周期方向不一致，观望,0.0494,-0.5962,-0.5625
600343,航天动力,159.23,True,24.95,25.7,8,16.31,-18.06,-1.37,-2.9,0.0204,2026-07-13,2026-07-13,53.35,0.7474,0.6265,0.8651,0.8485,0.9634,0.0,0.4228,-0.1798,0.4101,多周期方向不一致，观望,-0.0762,-0.3874,-0.3375
000887,中鼎股份,260.9,True,19.85,19.22,7,8.25,-17.53,-4.7,3.28,0.0758,2026-07-09,2026-07-13,53.04,0.4302,0.4502,0.8784,0.6382,0.9565,0.0,0.4225,0.029,0.5145,多周期方向不一致，观望,-0.0907,0.2329,-0.0275
600216,浙江医药,113.12,True,11.89,11.62,8,8.33,-8.8,-1.87,2.28,0.1635,2026-07-01,2026-07-13,53.83,0.6073,0.9281,0.4154,0.7644,0.9739,0.3077,0.4222,-0.6523,0.1739,多周期共振看空 ⬇⬇⬇,-0.2166,-0.6854,-0.5625
001324,长青科技,26.81,True,19.43,18.95,14,8.95,-6.57,1.33,2.54,0.332,2026-06-29,2026-07-13,53.2,-0.0352,-0.0496,0.4867,0.1802,0.9601,0.1888,0.4212,-0.0188,0.4906,⚠️⚠️ 逆大势反弹，大概率是下跌中继,0.2163,-0.2385,-0.3042
000925,众合科技,52.48,True,7.82,8.85,14,18.72,-11.61,3.5,-11.61,0.0199,2026-07-13,2026-07-13,46.14,0.8527,0.3895,0.7816,0.8674,0.8031,0.0,0.42,-0.0391,0.4804,多周期方向不一致，观望,0.0265,-0.0373,-0.1575
002935,天奥电子,80.62,True,19.48,21.61,18,11.07,-9.84,4.23,-9.84,0.1461,2026-07-13,2026-07-13,42.72,0.6606,0.098,0.5824,0.6356,0.7272,0.0293,0.42,0.096,0.548,多周期方向不一致，观望,0.0924,0.2304,0.1124
600176,中国巨石,1990.96,True,50.13,61.39,18,54.44,-18.34,22.41,-18.34,0.0778,2026-07-13,2026-07-13,41.91,0.1718,0.0658,1.1147,0.3294,0.7092,0.0,0.4199,0.7941,0.8971,多周期共振看多 ⬆⬆⬆,0.505,0.75,0.5625
603917,合力科技,25.64,True,12.58,12.38,13,9.49,-5.52,1.87,1.58,0.3028,2026-06-30,2026-07-13,55.59,0.2237,-0.3312,0.4823,0.2017,0.987,0.1962,0.4198,-0.0325,0.4838,⚠️⚠️ 逆大势反弹，大概率是下跌中继,0.2432,-0.2646,-0.5625
600201,生物股份,131.52,True,11.83,12.08,11,6.1,-4.77,0.46,-2.09,0.2034,2026-07-13,2026-07-13,49.35,0.6351,-0.2747,0.4033,0.4712,0.8745,0.3279,0.4196,-0.1973,0.4013,多周期方向不一致，观望,0.0753,-0.5944,-0.3375
603391,力聚热能,13.33,True,58.61,55.33,8,5.93,-15.11,-3.22,5.93,0.1949,2026-07-01,2026-07-13,74.08,0.3405,1.1269,0.3242,0.6043,0.576,0.4597,0.4195,-0.1376,0.4312,多周期方向不一致，观望,-0.1151,-0.4718,-0.0342
002701,奥瑞金,117.38,True,4.59,4.48,6,8.04,-8.13,-2.61,2.39,0.0994,2026-07-03,2026-07-13,52.85,0.6795,0.8018,0.3609,0.8077,0.9521,0.3986,0.4193,-0.6375,0.1813,多周期共振看空 ⬇⬇⬇,-0.1915,-0.6744,-0.5625
600166,福田汽车,237.52,True,3.0,3.1,14,5.35,-5.04,0.75,-3.12,0.2167,2026-07-13,2026-07-13,43.43,0.4212,-0.0404,0.4353,0.4365,0.743,0.2744,0.419,0.0221,0.5111,多周期方向不一致，观望,0.1174,-0.1834,0.18
002008,大族激光,1121.95,True,117.27,135.83,11,16.5,-13.66,1.15,-13.66,0.0,2026-07-13,2026-07-13,32.37,0.7449,0.4334,0.9,0.8203,0.4971,0.0,0.4188,0.4412,0.7206,上升趋势中的日线整理,-0.0412,0.6187,0.5625
000788,北大医药,31.17,True,5.23,5.17,9,2.29,-8.27,-1.51,1.09,0.1945,2026-07-09,2026-07-13,46.78,0.3644,0.6202,0.4697,0.6186,0.8174,0.2171,0.4174,-0.2717,0.3641,多周期方向不一致，观望,-0.116,-0.5322,-0.5625
600839,四川长虹,340.58,True,7.38,6.81,6,8.35,-12.36,-3.07,8.35,0.242,2026-07-09,2026-07-13,60.82,0.6617,3.9814,0.5109,0.797,0.8706,0.1485,0.4172,-0.682,0.159,多周期共振看空 ⬇⬇⬇,-0.2497,-0.7223,-0.5625
600529,山东药玻,121.11,True,18.25,18.42,4,1.76,-4.33,-1.26,-0.95,0.1159,2026-07-13,2026-07-13,42.54,0.618,-0.0034,0.2558,0.5694,0.7231,0.5737,0.4164,-0.1845,0.4078,多周期方向不一致，观望,-0.1578,-0.1132,-0.5625
605186,健麾信息,42.04,True,30.91,32.68,13,25.21,-5.42,6.66,-5.42,0.2377,2026-07-13,2026-07-13,35.73,0.4335,-0.6562,0.5931,0.2601,0.5717,0.0115,0.4144,0.6335,0.8167,多周期共振看多 ⬆⬆⬆,0.2365,0.6271,0.5625
002281,光迅科技,1685.88,True,216.0,239.05,13,25.1,-10.76,3.82,-9.64,0.0613,2026-07-13,2026-07-13,34.25,0.4621,0.0837,0.9984,0.5107,0.5388,0.0,0.4141,0.7021,0.851,多周期共振看多 ⬆⬆⬆,0.269,0.75,0.5625
603067,振华股份,274.33,True,36.31,41.73,14,29.42,-16.37,7.04,-12.99,0.0741,2026-07-13,2026-07-13,46.9,0.4378,0.4206,1.1395,0.6309,0.8201,0.0,0.4136,0.1377,0.5688,月线看多，日线反弹（等待周线确认）,0.3042,-0.1487,0.45
603297,永新光学,123.15,True,111.22,127.18,8,17.56,-12.55,-0.18,-12.55,0.0,2026-07-13,2026-07-13,43.5,0.7645,0.9553,0.7145,0.8587,0.7444,0.0,0.4136,0.0413,0.5207,多周期方向不一致，观望,-0.2299,-0.0713,0.45
603855,华荣股份,54.32,True,16.19,16.43,8,7.53,-6.18,-1.35,-1.44,0.1034,2026-07-13,2026-07-13,51.07,0.5664,0.0814,0.3653,0.5724,0.9128,0.3912,0.413,-0.2679,0.366,多周期方向不一致，观望,-0.1452,-0.4906,-0.5625
002876,三利谱,43.49,True,29.2,32.45,14,13.35,-10.01,2.27,-10.01,0.0294,2026-07-13,2026-07-13,40.54,0.8656,-0.2819,0.6335,0.6066,0.6788,0.0,0.4127,0.4462,0.7231,上升趋势中的日线整理,0.0862,0.635,0.45
600497,驰宏锌锗,448.59,True,8.9,10.92,15,26.3,-18.51,6.65,-18.51,0.0,2026-07-13,2026-07-13,33.33,0.7725,0.5232,0.8255,0.8635,0.5185,0.0,0.4121,0.293,0.6465,上升趋势中的日线整理,0.1426,0.1889,0.45
603679,华体科技,33.8,True,19.02,19.87,16,19.39,-8.53,5.66,-4.29,0.2887,2026-07-13,2026-07-13,36.78,0.2069,-0.4013,0.6465,0.1636,0.5951,0.0,0.4105,0.6151,0.8075,多周期共振看多 ⬆⬆⬆,0.2417,0.5821,0.5625
002175,*ST东智,33.58,True,2.63,2.43,8,19.98,-16.6,-2.01,8.19,0.2817,2026-07-01,2026-07-13,64.05,0.3906,0.248,0.7551,0.5336,0.7988,0.0,0.4102,-0.2066,0.3967,多周期方向不一致，观望,0.1049,-0.4354,-0.5625
002452,长高电气,55.39,True,10.75,11.99,11,17.16,-10.35,2.58,-10.35,0.0,2026-07-13,2026-07-13,48.3,0.7427,-0.1467,0.7308,0.5869,0.8511,0.0,0.41,0.3193,0.6596,上升趋势中的日线整理,0.024,0.3587,0.45
002055,ST得润,39.03,True,6.57,6.44,9,9.14,-14.97,-1.98,2.04,0.1446,2026-06-30,2026-07-13,56.41,0.2211,-0.3048,0.5107,0.2107,0.9687,0.1488,0.4091,0.3071,0.6535,上升趋势中的日线整理,0.1293,0.3512,0.3357
001389,广合科技,257.64,True,169.1,196.1,12,23.25,-13.77,2.47,-13.77,0.0,2026-07-13,2026-07-13,45.24,0.6296,-0.0371,0.9156,0.5629,0.7831,0.0,0.4091,0.4327,0.7164,上升趋势中的日线整理,-0.017,0.576,0.5625
002019,亿帆医药,84.76,True,10.06,9.83,6,3.71,-5.93,-1.27,2.29,0.2006,2026-07-09,2026-07-13,50.81,0.0843,0.4835,0.3725,0.444,0.9069,0.3792,0.409,-0.3115,0.3443,多周期方向不一致，观望,-0.1416,-0.6854,-0.5625
600552,凯盛科技,188.17,True,19.92,25.28,15,37.77,-21.21,10.58,-21.21,0.0,2026-07-13,2026-07-13,38.3,0.7415,-0.3381,1.1674,0.5097,0.6288,0.0,0.409,0.7023,0.8512,多周期共振看多 ⬆⬆⬆,0.3019,0.7223,0.5625
600756,浪潮软件,48.13,True,14.85,13.05,4,13.79,-12.22,-3.79,13.79,0.2188,2026-07-07,2026-07-13,62.48,0.6502,4.0389,0.5673,0.7901,0.8338,0.0544,0.4084,-0.5664,0.2168,多周期共振看空 ⬇⬇⬇,-0.1817,-0.5266,-0.5625
600500,中化国际,211.71,True,5.9,7.76,14,44.0,-24.01,10.07,-24.01,0.0,2026-07-13,2026-07-13,28.43,0.669,1.9754,0.8783,0.8014,0.4095,0.0,0.4077,0.4883,0.7441,上升趋势中的日线整理,0.0365,0.6744,0.5625
003018,金富科技,148.37,True,62.5,67.76,16,28.07,-7.77,7.39,-7.77,0.2451,2026-07-13,2026-07-13,44.74,0.0569,-0.5966,0.8152,0.0341,0.772,0.0,0.4076,0.6918,0.8459,多周期共振看多 ⬆⬆⬆,0.2425,0.75,0.5625
600531,豫光金铅,149.95,True,12.4,14.25,15,26.82,-12.97,4.81,-12.97,0.0344,2026-07-13,2026-07-13,41.67,0.8975,0.7739,0.8874,0.9385,0.7037,0.0,0.407,-0.1728,0.4136,多周期方向不一致，观望,0.0154,-0.4352,-0.3375
603856,东宏股份,34.27,True,12.15,13.09,18,10.64,-7.15,4.34,-7.15,0.2389,2026-07-13,2026-07-13,41.61,0.2723,0.1037,0.4815,0.4048,0.7025,0.1975,0.4069,0.0334,0.5167,多周期方向不一致，观望,0.2697,0.1405,-0.225
605366,宏柏新材,71.72,True,9.28,11.51,8,30.74,-19.35,1.41,-19.35,0.0,2026-07-13,2026-07-13,42.1,0.7876,0.734,1.0527,0.8726,0.7133,0.0,0.4065,0.0001,0.5,月线看多，中短期调整中,-0.3066,-0.1867,0.45
605389,长龄液压,144.06,True,81.32,92.36,15,15.2,-11.95,3.49,-11.95,0.027,2026-07-13,2026-07-13,35.71,0.587,-0.0806,0.6294,0.52,0.5713,0.0,0.4052,0.6593,0.8296,多周期共振看多 ⬆⬆⬆,0.2024,0.7131,0.5625
603040,新坐标,116.62,True,59.4,65.22,16,11.72,-8.93,3.21,-8.93,0.1116,2026-07-13,2026-07-13,41.58,0.5684,0.2198,0.6961,0.629,0.7018,0.0,0.4045,0.1196,0.5598,月线震荡，中短期走强,0.2396,0.2353,-0.0388
600171,上海贝岭,191.83,True,27.06,29.2,13,14.02,-8.08,1.94,-7.33,0.072,2026-07-13,2026-07-13,35.48,0.9022,0.9583,0.6173,0.9413,0.5663,0.0,0.4045,-0.1226,0.4387,多周期方向不一致，观望,-0.0497,-0.2039,-0.2925
600523,贵航股份,45.74,True,11.32,11.02,5,3.21,-9.68,-2.96,2.68,0.1218,2026-07-08,2026-07-13,53.91,0.4554,1.0079,0.3166,0.6732,0.9757,0.4724,0.4043,-0.6834,0.1583,多周期共振看空 ⬇⬇⬇,-0.2317,-0.7408,-0.5625
002046,国机精工,299.44,True,56.48,67.47,18,25.01,-16.29,8.43,-16.29,0.0899,2026-07-13,2026-07-13,41.88,0.4401,-0.449,0.913,0.2845,0.7084,0.0,0.4025,0.6994,0.8497,多周期共振看多 ⬆⬆⬆,0.2727,0.7408,0.5625
002439,启明星辰,96.61,True,13.26,13.0,4,3.71,-12.66,-3.76,1.96,0.0272,2026-07-07,2026-07-13,45.89,0.753,0.9892,0.384,0.8518,0.7975,0.3601,0.4025,-0.4528,0.2736,多周期共振看空 ⬇⬇⬇,-0.1736,-0.3513,-0.495
600690,海尔智家,1266.24,True,20.25,20.21,13,2.59,-5.27,-0.52,0.2,0.2806,2026-07-09,2026-07-13,58.41,0.2303,-0.3494,0.3032,0.1984,0.9242,0.4947,0.4016,-0.2826,0.3587,多周期方向不一致，观望,-0.0894,-0.6032,-0.5625
603811,诚意药业,33.22,True,7.25,7.53,12,3.33,-6.16,-0.24,-3.67,0.1665,2026-07-13,2026-07-13,38.55,0.5918,0.844,0.3235,0.7551,0.6345,0.4609,0.4016,-0.5247,0.2376,多周期共振看空 ⬇⬇⬇,-0.1671,-0.4475,-0.5625
603014,威高血净,33.39,True,32.9,34.65,13,12.24,-5.04,2.01,-5.04,0.1312,2026-07-13,2026-07-13,40.44,0.7897,0.8779,0.6572,0.8738,0.6763,0.0,0.4016,-0.3118,0.3441,多周期方向不一致，观望,-0.1464,-0.6825,-0.5625
002635,安洁科技,62.1,True,15.7,19.08,16,25.53,-17.73,4.55,-17.73,0.0,2026-07-13,2026-07-13,42.53,0.3358,0.6038,0.9941,0.6015,0.7228,0.0,0.4015,0.3824,0.6912,多周期共振看多 ⬆⬆⬆,0.2042,0.2155,0.45
000423,东阿阿胶,311.24,True,48.73,46.37,8,5.1,-9.28,-2.45,5.1,0.2197,2026-07-03,2026-07-13,67.85,0.0457,0.6011,0.3467,0.4274,0.7145,0.4222,0.4006,-0.2018,0.3991,多周期方向不一致，观望,-0.1349,-0.6208,-0.1506
002007,华兰生物,203.3,True,12.92,12.74,7,2.79,-5.93,-1.05,1.42,0.2121,2026-07-09,2026-07-13,49.59,-0.1143,0.5136,0.3651,0.4,0.8799,0.3914,0.4001,-0.3173,0.3413,多周期方向不一致，观望,-0.14,-0.7122,-0.5625
002180,奔图科技,214.93,True,15.8,15.32,11,10.57,-13.83,-0.01,3.1,0.2522,2026-06-26,2026-07-13,59.74,0.3822,0.1227,0.6518,0.4784,0.8947,0.0,0.3997,-0.2465,0.3768,多周期方向不一致，观望,0.1091,-0.6146,-0.5625
603980,吉华集团,39.53,True,5.84,6.3,15,18.74,-7.26,5.2,-7.26,0.1873,2026-07-13,2026-07-13,27.46,0.7329,0.2789,0.5313,0.7513,0.388,0.1145,0.3991,-0.0159,0.492,⚠️⚠️ 逆大势反弹，大概率是下跌中继,0.1771,-0.23,-0.225
002014,永新股份,65.39,True,10.85,10.76,13,8.22,-3.59,1.06,0.84,0.3183,2026-07-10,2026-07-13,41.11,0.2647,0.271,0.5508,0.4672,0.6913,0.0821,0.3988,-0.2163,0.3919,多周期方向不一致，观望,0.1329,-0.5698,-0.495
002456,欧菲光,291.62,True,8.79,9.21,9,3.75,-5.91,-0.93,-4.57,0.0598,2026-07-13,2026-07-13,47.26,0.5121,0.7009,0.7009,0.7072,0.8279,0.0,0.3986,-0.0799,0.4601,多周期方向不一致，观望,-0.0807,0.0105,-0.2925
000790,华神科技,22.91,True,3.68,3.66,6,4.15,-10.29,-2.73,0.51,0.0892,2026-07-09,2026-07-13,48.31,0.4876,0.5709,0.3972,0.6925,0.8512,0.3379,0.3977,-0.432,0.284,多周期共振看空 ⬇⬇⬇,-0.1883,-0.4506,-0.3375
600513,联环药业,48.64,True,17.04,15.36,4,10.93,-12.18,-4.95,10.93,0.1898,2026-07-09,2026-07-13,55.51,0.4409,5.4414,0.7259,0.6645,0.9888,0.0,0.3975,-0.5257,0.2372,多周期共振看空 ⬇⬇⬇,-0.3758,-0.4957,-0.3375
002929,润建股份,128.79,True,59.48,63.51,6,15.45,-23.66,-4.67,-6.35,0.0,2026-07-13,2026-07-13,47.96,0.7694,0.185,0.8834,0.7356,0.8436,0.0,0.397,-0.0135,0.4933,月线看多，中短期调整中,-0.3774,-0.1906,0.45
002718,友邦吊顶,93.79,True,99.8,109.22,16,21.0,-9.05,7.9,-8.62,0.2365,2026-07-13,2026-07-13,27.81,0.1225,-0.1333,0.5319,0.2202,0.3958,0.1135,0.3966,0.6872,0.8436,多周期共振看多 ⬆⬆⬆,0.2523,0.7315,0.5625
601968,宝钢包装,53.33,True,4.18,4.12,4,2.6,-7.32,-3.7,1.53,0.0609,2026-07-09,2026-07-13,50.0,0.578,0.7657,0.2822,0.7468,0.8889,0.5297,0.3962,-0.6621,0.1689,多周期共振看空 ⬇⬇⬇,-0.2669,-0.7315,-0.495
603005,晶方科技,268.56,True,41.18,46.45,14,17.1,-11.53,3.15,-11.35,0.0178,2026-07-13,2026-07-13,41.26,0.7205,-0.3351,0.8995,0.4983,0.6947,0.0,0.3962,0.4958,0.7479,上升趋势中的日线整理,0.0141,0.7131,0.5625
600707,彩虹股份,386.03,True,10.76,13.43,14,40.38,-19.88,9.31,-19.88,0.0,2026-07-13,2026-07-13,37.96,0.6181,-0.3301,1.1753,0.4388,0.6213,0.0,0.396,0.7204,0.8602,多周期共振看多 ⬆⬆⬆,0.3267,0.7408,0.5625
600062,华润双鹤,173.38,True,16.7,16.56,8,2.85,-6.51,-0.71,0.82,0.2158,2026-07-10,2026-07-13,50.84,0.0543,0.3476,0.3862,0.3716,0.9075,0.3563,0.3951,-0.3259,0.337,多周期方向不一致，观望,-0.1398,-0.75,-0.5625
603358,华达科技,176.63,True,38.25,40.77,18,12.36,-6.19,4.48,-6.19,0.2437,2026-07-13,2026-07-13,46.74,0.0267,0.3412,0.6874,0.3525,0.8164,0.0,0.3949,0.031,0.5155,⚠️ 月线空头下的短期反弹，不宜追高,0.3218,0.3706,-0.2925
002897,意华股份,148.88,True,80.73,85.77,10,14.87,-9.57,0.33,-5.87,0.0206,2026-07-13,2026-07-13,46.62,0.0177,0.5711,1.0182,0.4106,0.8138,0.0,0.3927,0.4587,0.7293,上升趋势中的日线整理,0.0186,0.6129,0.5625
600436,片仔癀,757.65,True,125.58,113.69,3,10.46,-8.41,-3.08,10.46,0.2458,2026-07-09,2026-07-13,63.21,0.5319,4.0374,0.5125,0.7191,0.8176,0.1459,0.3926,-0.6973,0.1513,多周期共振看空 ⬇⬇⬇,-0.2567,-0.75,-0.5625
002842,翔鹭钨业,99.79,True,37.17,44.69,16,41.23,-21.1,11.35,-16.82,0.0841,2026-07-13,2026-07-13,34.1,0.3369,0.1805,1.1639,0.4743,0.5355,0.0,0.3924,0.5357,0.7678,多周期共振看多 ⬆⬆⬆,0.2072,0.5498,0.45
002407,多氟多,399.04,True,36.99,44.06,18,37.91,-16.04,11.32,-16.04,0.1354,2026-07-13,2026-07-13,44.02,0.1476,-0.7966,1.0472,0.0886,0.7561,0.0,0.3913,0.7564,0.8782,多周期共振看多 ⬆⬆⬆,0.4729,0.6946,0.5625
000521,长虹美菱,47.0,True,5.37,5.54,13,11.21,-7.99,1.46,-3.01,0.1681,2026-07-13,2026-07-13,49.48,0.76,-0.2979,0.6921,0.5368,0.8774,0.0,0.3912,-0.1859,0.4071,多周期方向不一致，观望,0.0172,-0.2693,-0.5625
002859,洁美科技,310.87,True,72.58,92.89,16,27.56,-21.86,7.34,-21.86,0.0,2026-07-13,2026-07-13,36.68,0.6738,-0.3524,1.0993,0.4633,0.5929,0.0,0.3909,0.6744,0.8372,多周期共振看多 ⬆⬆⬆,0.1981,0.75,0.5625
002080,中材科技,1118.3,True,66.64,80.73,14,35.18,-17.45,8.45,-17.45,0.0,2026-07-13,2026-07-13,41.76,0.3275,-0.0689,1.111,0.3689,0.7058,0.0,0.3899,0.6818,0.8409,多周期共振看多 ⬆⬆⬆,0.217,0.75,0.5625
002056,横店东磁,391.31,True,24.08,28.7,19,17.55,-16.1,6.49,-16.1,0.062,2026-07-13,2026-07-13,36.96,0.5284,-0.3718,0.8746,0.3683,0.5992,0.0,0.3898,0.661,0.8305,多周期共振看多 ⬆⬆⬆,0.4296,0.5221,0.5625
600160,巨化股份,1132.81,True,41.96,48.63,17,26.08,-13.71,12.54,-13.71,0.1777,2026-07-13,2026-07-13,40.23,0.1387,-0.3358,0.875,0.1489,0.6718,0.0,0.389,0.6412,0.8206,多周期共振看多 ⬆⬆⬆,0.4218,0.4852,0.5625
002600,领益智造,982.04,True,13.64,16.29,14,16.3,-16.27,3.06,-16.27,0.0,2026-07-13,2026-07-13,40.67,0.739,0.3284,0.9693,0.7748,0.6815,0.0,0.3888,0.0526,0.5263,多周期方向不一致，观望,0.0547,-0.108,0.2925
002791,坚朗五金,31.48,True,14.46,13.99,5,8.42,-10.02,-3.78,3.33,0.0684,2026-07-06,2026-07-13,52.46,0.6609,0.7809,0.4351,0.7965,0.9436,0.2749,0.3884,-0.6835,0.1583,多周期共振看空 ⬇⬇⬇,-0.2212,-0.75,-0.5625
600594,益佰制药,26.67,True,3.4,3.17,4,7.41,-10.66,-4.06,7.41,0.1473,2026-07-09,2026-07-13,55.28,0.3666,1.543,0.4819,0.62,0.9937,0.1968,0.3883,-0.5887,0.2056,多周期共振看空 ⬇⬇⬇,-0.205,-0.5557,-0.5625
002408,齐翔腾达,139.76,True,5.08,4.94,5,2.87,-8.13,-2.27,2.87,0.149,2026-07-10,2026-07-13,48.26,0.3593,3.1342,0.3962,0.6156,0.8501,0.3397,0.3883,-0.5283,0.2359,多周期共振看空 ⬇⬇⬇,-0.314,-0.5544,-0.3375
603730,岱美股份,222.81,True,10.37,11.85,8,11.58,-12.49,-3.83,-12.49,0.0,2026-07-13,2026-07-13,41.85,0.7586,0.1451,0.8275,0.7132,0.7078,0.0,0.3882,0.1155,0.5577,上升趋势中的日线回调（关注买点）,-0.4336,0.3098,0.45
605589,圣泉集团,423.38,True,50.05,62.11,14,32.11,-19.42,7.1,-19.42,0.0,2026-07-13,2026-07-13,28.88,0.5044,1.151,0.9449,0.7027,0.4195,0.0,0.388,0.4761,0.738,上升趋势中的日线整理,0.0155,0.6608,0.5625
002577,雷柏科技,48.81,True,17.39,18.66,15,6.79,-6.8,1.13,-6.8,0.1462,2026-07-13,2026-07-13,36.88,0.532,-0.0108,0.4905,0.5149,0.5972,0.1824,0.3877,0.064,0.532,多周期方向不一致，观望,0.1108,0.299,-0.1125
603271,永杰新材,40.1,True,42.4,45.7,8,17.7,-7.23,-0.54,-7.23,0.0,2026-07-13,2026-07-13,34.86,0.8854,0.913,0.7205,0.9313,0.5523,0.0,0.3877,-0.051,0.4745,月线看多，中短期调整中,-0.2337,-0.2188,0.1761
002884,凌霄泵业,42.57,True,15.59,15.72,6,4.07,-5.86,-1.95,-0.81,0.0828,2026-07-13,2026-07-13,50.47,0.2494,0.4374,0.2704,0.5246,0.8994,0.5493,0.3875,-0.4567,0.2717,多周期共振看空 ⬇⬇⬇,-0.1978,-0.4967,-0.3375
002250,联化科技,122.79,True,13.72,14.13,9,10.67,-5.93,0.63,-2.88,0.0996,2026-07-13,2026-07-13,47.02,0.4616,0.477,0.6344,0.6678,0.8226,0.0,0.3866,-0.2017,0.3992,多周期方向不一致，观望,-0.0135,-0.5376,-0.3375
603203,快克智能,178.08,True,54.98,65.09,15,32.62,-15.54,9.34,-15.54,0.0836,2026-07-13,2026-07-13,42.82,-0.129,-0.0253,1.0465,0.1899,0.7294,0.0,0.3866,0.7132,0.8566,多周期共振看多 ⬆⬆⬆,0.2975,0.75,0.5625
600889,*ST京化,55.5,True,15.15,15.76,10,6.22,-5.25,-0.45,-3.86,0.1155,2026-07-13,2026-07-13,44.34,0.6554,-0.6039,0.3238,0.3932,0.7632,0.4604,0.3841,-0.1175,0.4413,多周期方向不一致，观望,-0.19,0.1412,-0.495
000921,海信家电,224.76,True,24.48,26.64,12,14.95,-8.35,0.49,-8.12,0.0001,2026-07-13,2026-07-13,31.39,0.7733,-0.1358,0.3066,0.6096,0.4754,0.489,0.384,0.135,0.5675,上升趋势中的日线回调（关注买点）,-0.2419,0.4503,0.2107
000700,模塑科技,128.98,True,14.05,15.34,8,14.01,-9.84,-0.89,-8.42,0.0,2026-07-13,2026-07-13,45.74,0.5675,-0.2621,0.8781,0.4357,0.7942,0.0,0.3839,0.4209,0.7105,上升趋势中的日线整理,-0.091,0.6087,0.5625
002152,广电运通,251.44,True,10.13,9.79,4,8.81,-9.88,-2.54,3.45,0.1046,2026-07-07,2026-07-13,52.31,0.6548,1.8261,0.5237,0.7929,0.9403,0.1271,0.3838,-0.6788,0.1606,多周期共振看空 ⬇⬇⬇,-0.2309,-0.7315,-0.5625
600316,洪都航空,190.68,True,26.59,27.67,9,6.66,-9.73,-1.14,-3.89,0.0282,2026-07-13,2026-07-13,45.99,0.4883,1.0158,0.4224,0.693,0.7999,0.2959,0.3836,-0.3047,0.3477,多周期方向不一致，观望,-0.0962,-0.6946,-0.5625
600228,返利科技,26.63,True,6.4,7.75,11,52.75,-17.39,7.81,-17.39,0.0,2026-07-13,2026-07-13,39.76,0.2458,4.83,1.1669,0.5475,0.6613,0.0,0.383,0.3944,0.6972,上升趋势中的日线整理,0.1334,0.4601,0.45
002938,鹏鼎控股,2225.33,True,96.3,103.52,7,10.78,-14.42,-3.21,-6.97,0.0,2026-07-13,2026-07-13,40.81,0.6448,0.0144,0.826,0.5926,0.6846,0.0,0.3813,0.2808,0.6404,上升趋势中的日线回调（关注买点）,-0.3152,0.6515,0.5625
002032,苏 泊 尔,341.06,True,42.66,41.6,7,5.63,-7.84,-3.05,2.54,0.1071,2026-07-02,2026-07-13,57.86,0.2269,-0.0087,0.271,0.3327,0.9365,0.5483,0.3812,-0.3022,0.3489,多周期共振看空 ⬇⬇⬇,-0.1649,-0.2419,-0.2809
603508,思维列控,82.97,True,21.76,21.7,7,3.0,-6.64,-1.72,0.26,0.143,2026-07-02,2026-07-13,45.36,0.281,0.9066,0.2385,0.5686,0.7857,0.6026,0.3807,-0.6325,0.1838,多周期共振看空 ⬇⬇⬇,-0.1801,-0.6733,-0.5625
002377,国创高新,23.56,True,2.7,2.7,6,9.08,-8.59,-2.77,-0.15,0.0224,2026-07-13,2026-07-13,49.49,0.7207,0.8992,0.505,0.8324,0.8777,0.1583,0.38,-0.5253,0.2374,多周期共振看空 ⬇⬇⬇,-0.2309,-0.619,-0.3375
002004,华邦健康,78.91,True,4.19,4.14,4,1.98,-6.44,-1.77,1.26,0.1331,2026-07-10,2026-07-13,50.54,0.3969,0.3002,0.2929,0.5582,0.9008,0.5119,0.3799,-0.6643,0.1678,多周期共振看空 ⬇⬇⬇,-0.3047,-0.7038,-0.495
603998,方盛制药,42.94,True,9.78,9.38,4,4.29,-7.65,-1.98,4.29,0.1858,2026-07-10,2026-07-13,53.61,0.3084,4.072,0.4684,0.5851,0.9691,0.2193,0.3775,-0.7008,0.1496,多周期共振看空 ⬇⬇⬇,-0.2872,-0.7315,-0.5625
002975,博杰股份,155.48,True,113.2,133.0,11,13.62,-17.34,-1.44,-14.89,0.0,2026-07-13,2026-07-13,31.45,0.6845,0.0578,0.9272,0.6338,0.4766,0.0,0.3775,0.4338,0.7169,上升趋势中的日线整理,-0.1126,0.6608,0.5625
603387,基蛋生物,41.89,True,8.26,8.04,9,4.34,-9.9,-2.12,2.76,0.1835,2026-06-30,2026-07-13,51.64,0.0722,0.0255,0.419,0.2535,0.9253,0.3017,0.3773,-0.1795,0.4103,多周期方向不一致，观望,-0.0761,-0.4967,-0.2269
603111,康尼机电,49.25,True,5.88,5.86,8,3.42,-5.44,-1.03,0.27,0.1956,2026-07-02,2026-07-13,43.93,0.1505,-0.0013,0.2397,0.2898,0.7539,0.6004,0.3772,-0.3008,0.3496,多周期方向不一致，观望,-0.09,-0.6825,-0.5625
600141,兴发集团,376.75,True,31.35,40.39,17,38.62,-22.39,12.24,-22.39,0.0,2026-07-13,2026-07-13,35.9,0.6705,0.7116,0.9845,0.8023,0.5755,0.0,0.3769,0.0411,0.5205,多周期方向不一致，观望,0.2694,0.0173,-0.0675
002428,云南锗业,589.23,True,90.23,108.85,18,35.91,-17.11,10.44,-17.11,0.1086,2026-07-13,2026-07-13,36.94,-0.0498,-0.0461,0.981,0.1815,0.5986,0.0,0.3765,0.7423,0.8711,多周期共振看多 ⬆⬆⬆,0.3721,0.75,0.5625
002520,日发精机,43.41,True,6.05,7.01,19,17.09,-13.73,5.07,-13.73,0.086,2026-07-13,2026-07-13,41.09,0.5699,-0.1197,0.8511,0.4941,0.6908,0.0,0.3765,0.1858,0.5929,月线震荡，中短期走强,0.3071,0.2279,0.1335
603987,康德莱,31.71,True,7.26,7.16,8,3.18,-5.04,-0.98,1.4,0.2252,2026-07-09,2026-07-13,49.43,0.2161,-0.2816,0.3061,0.217,0.8763,0.4898,0.3763,-0.3205,0.3397,多周期方向不一致，观望,-0.1337,-0.7315,-0.5625
603990,麦迪科技,57.69,True,18.9,21.4,11,11.85,-11.67,0.97,-11.67,0.0,2026-07-13,2026-07-13,32.25,0.2382,0.5239,0.4956,0.5429,0.4945,0.174,0.3761,0.4078,0.7039,上升趋势中的日线整理,-0.1375,0.6146,0.5625
002245,蔚蓝锂芯,305.09,True,18.99,20.28,10,9.7,-10.01,-1.29,-6.36,0.0,2026-07-13,2026-07-13,37.86,0.4388,0.3454,0.7982,0.6015,0.6192,0.0,0.3758,0.3011,0.6505,上升趋势中的日线回调（关注买点）,-0.2354,0.6515,0.5625
002252,上海莱士,308.33,True,4.68,4.56,2,2.71,-11.54,-5.4,2.71,0.0026,2026-07-09,2026-07-13,53.54,0.6571,0.7748,0.3347,0.7943,0.9676,0.4422,0.3753,-0.7897,0.1052,多周期共振看空 ⬇⬇⬇,-0.4937,-0.75,-0.5625
605358,立昂微,443.24,True,57.4,67.94,15,21.31,-16.42,3.65,-15.51,0.0,2026-07-13,2026-07-13,41.26,0.7393,-0.5055,0.8773,0.4436,0.6946,0.0,0.3752,0.4587,0.7293,上升趋势中的日线整理,-0.1089,0.7223,0.5625
002602,世纪华通,951.56,True,14.0,13.69,8,5.18,-10.26,-2.54,2.26,0.1329,2026-07-03,2026-07-13,63.73,0.3592,0.2375,0.4326,0.5105,0.8059,0.279,0.3751,-0.3253,0.3374,多周期方向不一致，观望,-0.1478,-0.7408,-0.5625
002843,泰嘉股份,55.14,True,22.04,22.0,9,10.75,-11.22,-1.49,0.2,0.1109,2026-06-30,2026-07-13,54.99,0.5062,-0.6574,0.5409,0.3037,0.9998,0.0984,0.3748,-0.0319,0.484,多周期方向不一致，观望,-0.0073,-0.314,0.18
002805,丰元股份,59.61,True,21.38,26.24,16,33.72,-18.54,9.05,-18.54,0.0174,2026-07-13,2026-07-13,25.37,0.3857,1.6859,0.9474,0.6314,0.3415,0.0,0.3747,0.536,0.768,多周期共振看多 ⬆⬆⬆,0.2667,0.4994,0.45
601996,丰林集团,26.23,True,2.34,2.29,1,2.3,-16.28,-8.2,2.3,0.0,2026-07-10,2026-07-13,44.21,0.6292,0.9679,0.4946,0.7775,0.7602,0.1757,0.3746,-0.3002,0.3499,多周期共振看空 ⬇⬇⬇,-0.3618,-0.1711,-0.1785
002838,道恩股份,132.41,True,31.48,33.11,9,4.03,-7.13,-1.05,-4.93,0.0372,2026-07-13,2026-07-13,44.39,0.2578,0.3571,0.5994,0.4975,0.7642,0.0011,0.374,0.1891,0.5946,上升趋势中的日线回调（关注买点）,-0.2168,0.2589,0.5625
600085,同仁堂,336.42,True,24.53,23.22,4,5.62,-8.09,-2.32,5.62,0.1975,2026-07-09,2026-07-13,61.05,0.1833,3.5184,0.3492,0.51,0.8655,0.418,0.3738,-0.6723,0.1638,多周期共振看空 ⬇⬇⬇,-0.1925,-0.75,-0.5625
600567,山鹰国际,83.89,True,1.33,1.37,13,6.35,-3.11,0.56,-2.78,0.2256,2026-07-13,2026-07-13,39.29,0.5892,-0.782,0.2988,0.3535,0.6508,0.502,0.3738,-0.2994,0.3503,多周期方向不一致，观望,-0.119,-0.6515,-0.5625
002538,ST司特,49.56,True,5.81,6.02,11,8.45,-7.85,0.34,-3.46,0.1278,2026-07-13,2026-07-13,51.27,0.0876,0.2721,0.4738,0.3614,0.9171,0.2104,0.3734,-0.167,0.4165,多周期方向不一致，观望,0.0371,-0.4282,-0.3375
603848,好太太,54.85,True,13.63,14.04,9,5.14,-7.54,-0.75,-2.9,0.0956,2026-07-13,2026-07-13,46.95,0.2769,0.5611,0.5358,0.5661,0.8211,0.107,0.372,-0.2302,0.3849,多周期方向不一致，观望,-0.0247,-0.4284,-0.5625
002078,太阳纸业,367.44,True,13.23,12.55,8,5.39,-8.93,-2.11,5.39,0.2336,2026-07-03,2026-07-13,73.42,-0.3288,0.4139,0.3004,0.3656,0.5906,0.4994,0.3719,-0.2781,0.3609,多周期方向不一致，观望,-0.1,-0.6417,-0.495
603221,爱丽家居,28.52,True,11.77,11.15,6,7.69,-15.26,-4.83,5.53,0.1131,2026-07-03,2026-07-13,53.51,0.3591,0.0668,0.579,0.4422,0.9669,0.0351,0.3713,-0.197,0.4015,多周期方向不一致，观望,-0.2003,-0.1316,-0.5625
000153,丰原药业,24.87,True,5.42,5.3,4,3.61,-6.9,-2.02,2.3,0.1335,2026-07-09,2026-07-13,50.0,0.3237,1.4011,0.3796,0.5942,0.8889,0.3673,0.3712,-0.6624,0.1688,多周期共振看空 ⬇⬇⬇,-0.1888,-0.7315,-0.5625
002463,沪电股份,2396.98,True,124.66,139.06,14,13.37,-10.35,2.04,-10.35,0.015,2026-07-13,2026-07-13,43.08,0.5943,-0.4984,0.8679,0.3572,0.735,0.0,0.3708,0.4767,0.7384,上升趋势中的日线整理,0.0173,0.6608,0.5625
600265,*ST景谷,28.22,True,21.74,22.31,4,4.86,-13.02,-4.04,-2.56,0.0,2026-07-13,2026-07-13,49.26,0.4644,-0.7744,0.4251,0.2786,0.8724,0.2915,0.3694,0.229,0.6145,上升趋势中的日线回调（关注买点）,-0.2408,0.5263,0.45
002579,中京电子,93.17,True,15.97,19.14,13,22.57,-16.57,3.86,-16.57,0.0,2026-07-13,2026-07-13,38.03,0.5343,-0.4429,1.1553,0.3434,0.6228,0.0,0.3693,0.6576,0.8288,多周期共振看多 ⬆⬆⬆,0.1784,0.7298,0.5625
603050,科林电气,76.67,True,19.01,19.59,3,6.94,-13.2,-4.21,-2.95,0.0,2026-07-13,2026-07-13,49.11,0.7758,-0.5771,0.3589,0.4655,0.869,0.4018,0.369,-0.157,0.4215,月线震荡，中短期走弱,-0.2955,-0.3233,0.049
600660,福耀玻璃,1021.52,True,51.0,50.7,6,5.34,-7.5,-2.03,0.59,0.1092,2026-07-09,2026-07-13,55.79,0.2617,0.6261,0.3965,0.557,0.9824,0.3392,0.3687,-0.654,0.173,多周期共振看空 ⬇⬇⬇,-0.1887,-0.7131,-0.5625
601163,三角轮胎,101.52,True,12.69,12.73,6,4.22,-7.85,-2.59,-0.3,0.0752,2026-07-13,2026-07-13,47.76,0.4574,0.2151,0.2797,0.5604,0.839,0.5338,0.3684,-0.5636,0.2182,多周期共振看空 ⬇⬇⬇,-0.2212,-0.5541,-0.495
000711,ST京蓝,120.97,True,5.08,5.13,5,10.1,-20.71,-6.34,-1.01,0.0,2026-07-13,2026-07-13,49.41,0.406,-0.0662,0.7855,0.4171,0.8758,0.0,0.3679,0.2249,0.6124,上升趋势中的日线回调（关注买点）,-0.2165,0.3792,0.5625
002191,劲嘉股份,51.62,True,3.68,3.88,12,9.09,-5.09,0.38,-5.09,0.1126,2026-07-13,2026-07-13,41.98,0.8297,-0.5719,0.4786,0.4978,0.7108,0.2024,0.3674,-0.1421,0.4289,多周期方向不一致，观望,-0.0565,-0.1263,-0.45
603083,剑桥科技,510.72,True,185.32,220.17,13,30.63,-15.83,5.21,-15.83,0.0,2026-07-13,2026-07-13,31.57,0.178,0.4926,0.9364,0.5039,0.4794,0.0,0.3665,0.5508,0.7754,上升趋势中的日线整理,0.1379,0.75,0.5625
002202,金风科技,681.78,True,20.27,22.41,7,10.16,-11.08,-1.59,-9.55,0.0,2026-07-13,2026-07-13,45.73,0.5668,0.8535,0.8727,0.7401,0.7939,0.0,0.3659,-0.2099,0.3951,月线震荡，中短期走弱,-0.3284,-0.4269,0.0027
600566,济川药业,226.07,True,24.61,23.85,3,3.18,-10.77,-3.99,3.18,0.0767,2026-07-08,2026-07-13,51.28,-0.3412,0.7934,0.4973,0.4,0.9172,0.1711,0.3656,-0.1369,0.4315,月线震荡，中短期走弱,-0.2246,-0.1598,-0.1078
002168,ST惠程,28.07,True,3.58,3.66,5,4.54,-3.75,-1.05,-2.24,0.0773,2026-07-13,2026-07-13,49.28,0.8104,-0.3291,0.3577,0.5546,0.8728,0.4039,0.3646,-0.5264,0.2368,多周期共振看空 ⬇⬇⬇,-0.2139,-0.411,-0.5625
000935,四川双马,192.46,True,25.21,26.07,7,5.82,-11.02,-3.23,-3.29,0.0,2026-07-13,2026-07-13,50.49,0.3837,-0.0721,0.4442,0.4014,0.8998,0.2596,0.3643,-0.0152,0.4924,月线看多，中短期调整中,-0.1566,-0.2304,0.2923
600237,铜峰电子,60.09,True,9.62,11.99,13,18.22,-19.77,3.59,-19.77,0.0,2026-07-13,2026-07-13,38.28,0.7375,-0.4582,1.0724,0.4592,0.6285,0.0,0.3633,0.4174,0.7087,上升趋势中的日线整理,0.0863,0.5602,0.45
002606,大连电瓷,56.05,True,13.31,13.56,1,1.15,-14.26,-5.37,-1.82,0.0,2026-07-13,2026-07-13,41.0,0.3899,0.8751,0.5472,0.6339,0.6888,0.088,0.3632,-0.006,0.497,月线看多，中短期调整中,-0.3253,-0.1998,0.45
002436,兴森科技,584.4,True,38.5,46.63,15,31.29,-17.44,7.97,-17.44,0.002,2026-07-13,2026-07-13,35.28,0.3958,-0.2808,1.0424,0.3251,0.5617,0.0,0.3631,0.7062,0.8531,多周期共振看多 ⬆⬆⬆,0.3012,0.7315,0.5625
002342,巨力索具,95.09,True,9.96,10.25,6,10.92,-20.59,-4.81,-2.86,0.0,2026-07-13,2026-07-13,53.24,0.5993,0.716,0.8726,0.7596,0.9609,0.0,0.363,-0.4642,0.2679,多周期共振看空 ⬇⬇⬇,-0.26,-0.4598,-0.3375
000731,四川美丰,31.78,True,5.79,5.49,4,5.65,-10.1,-4.02,5.47,0.1036,2026-07-07,2026-07-13,57.72,0.2193,2.4801,0.3422,0.5316,0.9395,0.4297,0.3628,-0.668,0.166,多周期共振看空 ⬇⬇⬇,-0.2784,-0.6669,-0.5625
603075,热威股份,9.11,True,22.08,22.42,5,1.06,-9.6,-4.53,-1.51,0.0,2026-07-13,2026-07-13,46.26,0.2325,-0.0281,0.1994,0.3283,0.8057,0.6677,0.3626,-0.1252,0.4374,月线震荡，中短期走弱,-0.3451,-0.2287,0.1036
603707,健友股份,123.27,True,7.63,7.29,7,4.61,-9.33,-3.28,4.61,0.158,2026-07-09,2026-07-13,59.57,0.233,1.2464,0.4242,0.5398,0.8983,0.2931,0.3622,-0.6575,0.1713,多周期共振看空 ⬇⬇⬇,-0.187,-0.7223,-0.5625
603733,仙鹤股份,153.23,True,21.15,25.12,13,20.74,-16.12,0.4,-15.81,0.0,2026-07-13,2026-07-13,36.91,0.6849,0.4527,0.799,0.7921,0.598,0.0,0.3618,-0.0901,0.455,多周期方向不一致，观望,-0.3808,0.0879,-0.1575
600835,上海机电,169.37,True,21.0,21.0,10,4.94,-14.22,-2.17,0.02,0.1054,2026-07-02,2026-07-13,49.58,0.7309,-0.3881,0.5353,0.4833,0.8796,0.1078,0.3614,-0.2765,0.3618,多周期方向不一致，观望,-0.0074,-0.6467,-0.5625
600150,中国船舶,2077.04,True,34.21,35.74,8,6.33,-7.3,-1.0,-4.27,0.0278,2026-07-13,2026-07-13,44.23,0.2894,1.5196,0.5826,0.5736,0.7606,0.029,0.3613,-0.0304,0.4848,多周期方向不一致，观望,-0.002,-0.1503,0.0186
601636,旗滨集团,199.41,True,6.74,8.2,15,34.36,-17.85,8.68,-17.85,0.0093,2026-07-13,2026-07-13,41.36,0.4657,-0.1958,1.0985,0.4011,0.697,0.0,0.361,0.3879,0.694,上升趋势中的日线整理,0.1455,0.5706,0.3121
000404,长虹华意,51.33,True,7.41,7.79,8,9.37,-9.84,-0.95,-4.92,0.0,2026-07-13,2026-07-13,47.95,0.7062,-0.2693,0.5795,0.516,0.8432,0.0341,0.3607,0.0204,0.5102,月线看多，中短期调整中,-0.1894,-0.1906,0.45
600182,S佳通,22.36,True,13.15,13.76,11,8.87,-7.33,-0.21,-4.45,0.0816,2026-07-13,2026-07-13,45.66,0.4825,1.063,0.4383,0.6895,0.7924,0.2696,0.3607,-0.58,0.21,多周期共振看空 ⬇⬇⬇,-0.1895,-0.5498,-0.5625
002179,中航光电,738.57,True,35.23,41.56,16,17.09,-15.22,4.43,-15.22,0.0,2026-07-13,2026-07-13,33.1,0.3623,1.0359,0.6388,0.6174,0.5133,0.0,0.3605,0.2804,0.6402,多周期共振看多 ⬆⬆⬆,0.2407,0.2343,0.1756
002971,和远气体,77.72,True,48.27,64.29,17,60.5,-24.91,24.43,-24.91,0.0,2026-07-13,2026-07-13,29.11,-0.0381,2.1332,1.0987,0.4,0.4247,0.0,0.3599,0.7295,0.8648,多周期共振看多 ⬆⬆⬆,0.4038,0.6946,0.5625
603638,艾迪精密,186.09,True,21.13,24.0,13,16.58,-11.97,1.1,-11.97,0.0,2026-07-13,2026-07-13,41.54,0.5835,0.2306,0.8905,0.6423,0.7008,0.0,0.3597,0.0086,0.5043,多周期方向不一致，观望,-0.0781,-0.091,0.1957
600612,老凤祥,109.12,True,34.41,33.84,5,2.07,-7.63,-2.65,1.69,0.1193,2026-07-09,2026-07-13,54.16,-0.0314,0.701,0.2463,0.4,0.9814,0.5896,0.359,-0.7037,0.1482,多周期共振看空 ⬇⬇⬇,-0.2732,-0.75,-0.5625
002299,圣农发展,193.15,True,15.85,15.89,4,4.85,-6.79,-2.03,-0.28,0.0652,2026-07-13,2026-07-13,49.88,0.3061,0.3024,0.3303,0.5046,0.8863,0.4495,0.3588,-0.5169,0.2415,多周期共振看空 ⬇⬇⬇,-0.2477,-0.5969,-0.3268
603459,红板科技,69.45,True,87.85,92.71,9,22.42,-20.88,-1.4,-5.24,0.0,2026-07-13,2026-07-13,49.9,0.6931,-0.2856,0.9303,0.5016,0.8866,0.0,0.3583,0.0,0.5,周线日线方向不一致,0.0,,
603125,常青科技,98.33,True,24.29,29.11,15,20.46,-16.56,6.95,-16.56,0.0,2026-07-13,2026-07-13,27.93,0.4615,-0.11,0.8085,0.4329,0.3985,0.0,0.3583,0.6958,0.8479,多周期共振看多 ⬆⬆⬆,0.2744,0.7315,0.5625
603676,卫信康,38.51,True,8.85,8.54,8,5.66,-7.19,-1.75,3.63,0.2058,2026-07-01,2026-07-13,53.53,0.1894,0.1099,0.3801,0.3576,0.9674,0.3665,0.3579,-0.6573,0.1714,多周期共振看空 ⬇⬇⬇,-0.1542,-0.75,-0.5625
002169,智光电气,101.43,True,13.37,14.25,1,1.36,-11.84,-6.9,-6.17,0.0,2026-07-13,2026-07-13,40.88,0.7293,-0.0673,0.5295,0.6107,0.6863,0.1175,0.3575,-0.0344,0.4828,月线看多，中短期调整中,-0.4323,-0.2433,0.45
002290,禾盛新材,192.37,True,77.82,85.46,9,8.13,-13.52,-1.72,-8.94,0.0,2026-07-13,2026-07-13,41.6,0.7202,-0.0897,0.7571,0.5962,0.7022,0.0,0.3569,0.0585,0.5292,多周期方向不一致，观望,-0.2226,-0.1144,0.5625
000589,贵州轮胎,65.62,True,4.25,4.26,3,3.34,-6.88,-2.93,-0.33,0.0306,2026-07-13,2026-07-13,47.62,0.5701,0.2492,0.2895,0.6417,0.836,0.5176,0.3566,-0.6645,0.1678,多周期共振看空 ⬇⬇⬇,-0.3639,-0.6535,-0.495
600997,开滦股份,81.93,True,5.16,5.03,5,3.22,-10.77,-4.03,2.51,0.0573,2026-07-10,2026-07-13,54.48,0.5308,0.0761,0.3657,0.5489,0.9885,0.3904,0.3566,-0.6613,0.1694,多周期共振看空 ⬇⬇⬇,-0.2074,-0.7131,-0.5625
002584,西陇科学,37.61,True,8.03,9.43,19,33.97,-14.86,8.97,-14.86,0.1548,2026-07-13,2026-07-13,38.17,0.3831,0.0287,1.0073,0.4414,0.626,0.0,0.3565,0.0228,0.5114,⚠️ 月线空头下的短期反弹，不宜追高,0.3295,0.2702,-0.2925
002826,易明医药,29.72,True,16.09,16.67,10,12.72,-13.21,-0.12,-3.51,0.0685,2026-07-13,2026-07-13,43.6,0.672,0.0918,0.7712,0.6399,0.7466,0.0,0.3547,-0.2467,0.3766,多周期方向不一致，观望,0.0224,-0.5409,-0.5625
600989,宝丰能源,1519.47,True,20.72,21.09,0,-1.76,-9.34,-6.72,-1.76,0.0,2026-07-13,2026-07-13,39.39,0.4463,0.7167,0.3556,0.6678,0.6532,0.4074,0.3546,-0.3413,0.3294,月线震荡，中短期走弱,-0.625,-0.5821,-0.0294
601678,滨化股份,104.21,True,5.1,6.22,17,26.4,-18.04,4.74,-18.04,0.0,2026-07-13,2026-07-13,38.99,0.5957,0.1391,0.9182,0.6131,0.6443,0.0,0.3537,0.0753,0.5376,多周期方向不一致，观望,0.1212,0.0167,0.2102
603520,司太立,41.08,True,9.37,9.93,10,13.05,-15.26,-0.87,-5.64,0.0,2026-07-13,2026-07-13,42.89,0.8127,-0.0101,0.529,0.6836,0.731,0.1183,0.3537,-0.2358,0.3821,多周期共振看空 ⬇⬇⬇,-0.1694,-0.2156,-0.1575
002642,荣联科技,46.97,True,7.1,6.58,4,8.49,-17.12,-8.69,7.91,0.0441,2026-07-07,2026-07-13,55.36,0.5282,1.6604,0.5587,0.7169,0.9919,0.0688,0.3531,-0.6735,0.1633,多周期共振看空 ⬇⬇⬇,-0.4825,-0.5041,-0.5625
002402,和而泰,203.88,True,24.91,24.78,7,9.16,-14.71,-2.97,0.53,0.0504,2026-07-09,2026-07-13,53.38,0.6186,2.1487,0.7488,0.7712,0.964,0.0,0.3529,-0.6887,0.1557,多周期共振看空 ⬇⬇⬇,-0.2886,-0.7038,-0.5625
002921,联诚精密,31.15,True,24.25,26.16,14,19.17,-13.64,1.68,-7.29,0.0824,2026-07-13,2026-07-13,45.92,0.5197,-0.3359,0.8639,0.3775,0.7982,0.0,0.3529,0.064,0.532,多周期方向不一致，观望,0.0102,-0.1775,0.45
002235,安妮股份,50.76,True,9.17,8.59,7,6.75,-17.77,-7.43,6.75,0.0943,2026-07-02,2026-07-13,64.87,0.2248,1.0065,0.7111,0.5349,0.7806,0.0,0.3527,-0.1976,0.4012,月线震荡，中短期走弱,-0.2323,-0.368,-0.0971
603236,移远通信,210.74,True,52.3,51.38,6,5.67,-13.89,-3.81,1.79,0.0449,2026-07-09,2026-07-13,57.08,0.3966,0.4635,0.7015,0.6234,0.9537,0.0,0.3525,-0.4297,0.2852,多周期共振看空 ⬇⬇⬇,-0.1985,-0.2117,-0.5625
000915,华特达因,57.37,True,24.5,25.37,9,3.26,-4.17,-0.26,-3.44,0.1343,2026-07-13,2026-07-13,33.2,0.6046,0.8871,0.3155,0.7628,0.5154,0.4742,0.3521,-0.7235,0.1382,多周期共振看空 ⬇⬇⬇,-0.324,-0.75,-0.5625
002730,电光科技,96.54,True,27.9,29.11,8,9.63,-10.21,-2.07,-4.15,0.0,2026-07-13,2026-07-13,30.47,0.6245,0.748,0.6791,0.7747,0.4549,0.0,0.352,0.0308,0.5154,月线看多，中短期调整中,-0.2412,-0.209,0.5625
600846,同济科技,67.54,True,10.81,10.29,9,12.41,-13.8,-3.09,5.07,0.1927,2026-06-30,2026-07-13,59.3,-0.4406,0.3736,0.6715,0.3494,0.9044,0.0,0.3514,-0.2954,0.3523,多周期方向不一致，观望,-0.016,-0.7223,-0.5625
600031,三一重工,1585.56,True,18.71,18.38,11,5.52,-6.28,-0.65,1.81,0.2565,2026-07-02,2026-07-13,56.37,-0.0158,-0.4383,0.4154,0.0247,0.9695,0.3076,0.3514,-0.2537,0.3731,多周期方向不一致，观望,-0.0233,-0.5328,-0.5625
601728,中国电信,4432.66,True,5.71,5.55,3,2.91,-10.59,-4.25,2.91,0.0439,2026-07-09,2026-07-13,57.58,0.5591,-0.4475,0.2649,0.3565,0.9428,0.5585,0.3512,-0.4444,0.2778,多周期共振看空 ⬇⬇⬇,-0.263,-0.3013,-0.45
002955,鸿合科技,56.21,True,28.73,33.8,18,25.11,-15.0,11.75,-15.0,0.1615,2026-07-13,2026-07-13,35.13,0.2212,-0.5987,0.7023,0.1327,0.5584,0.0,0.3512,0.5401,0.7701,多周期共振看多 ⬆⬆⬆,0.5005,0.4206,0.3375
601002,晋亿实业,46.29,True,4.85,4.53,1,7.16,-10.88,-5.6,7.16,0.0936,2026-07-10,2026-07-13,55.26,0.1811,0.8005,0.4812,0.5087,0.9942,0.198,0.3512,-0.5804,0.2098,多周期共振看空 ⬇⬇⬇,-0.5244,-0.4887,-0.3375
002601,龙佰集团,317.62,True,15.98,16.42,16,15.4,-5.05,5.05,-2.68,0.3139,2026-07-13,2026-07-13,41.31,0.3909,-0.5509,0.5603,0.2345,0.6959,0.0662,0.3509,-0.2091,0.3954,多周期方向不一致，观望,0.107,-0.4482,-0.5625
600183,生益科技,3219.41,True,134.45,165.95,14,31.65,-18.98,7.91,-18.98,0.0,2026-07-13,2026-07-13,35.85,0.3789,-0.1612,0.9585,0.3628,0.5745,0.0,0.3507,0.5353,0.7676,上升趋势中的日线整理,0.1124,0.7315,0.5625
603722,阿科力,32.26,True,33.71,38.47,13,16.56,-12.38,1.41,-12.38,0.0,2026-07-13,2026-07-13,39.32,0.5271,3.5334,0.871,0.7163,0.6516,0.0,0.3504,-0.1251,0.4375,多周期方向不一致，观望,0.0292,-0.1922,-0.3825
003036,泰坦股份,158.14,True,73.01,89.32,14,41.57,-18.26,9.34,-18.26,0.0,2026-07-13,2026-07-13,34.76,0.6255,-0.501,0.97,0.3753,0.5502,0.0,0.3498,0.5374,0.7687,上升趋势中的日线整理,0.0972,0.75,0.5625
603678,火炬电子,254.48,True,53.51,71.1,17,29.23,-24.74,13.3,-24.74,0.0,2026-07-13,2026-07-13,43.89,0.1675,-0.4328,1.1421,0.1274,0.753,0.0,0.3497,0.6901,0.8451,多周期共振看多 ⬆⬆⬆,0.4368,0.5798,0.5625
605376,博迁新材,481.32,True,183.99,229.35,16,33.93,-19.78,11.26,-19.78,0.0101,2026-07-13,2026-07-13,37.81,0.0396,-0.0778,1.0815,0.1927,0.6181,0.0,0.3495,0.7221,0.861,多周期共振看多 ⬆⬆⬆,0.3203,0.75,0.5625
605118,力鼎光电,128.18,True,31.35,34.09,10,12.96,-13.98,-0.96,-8.04,0.0,2026-07-13,2026-07-13,42.71,0.4924,0.6282,0.758,0.6954,0.7269,0.0,0.3495,-0.1888,0.4056,多周期方向不一致，观望,-0.0056,-0.4875,-0.3375
600525,ST长园,64.36,True,4.88,5.03,8,4.94,-7.73,-1.41,-2.93,0.0695,2026-07-13,2026-07-13,46.15,0.1701,-0.0954,0.3689,0.2639,0.8034,0.3851,0.349,-0.0692,0.4654,多周期方向不一致，观望,-0.1125,-0.3879,0.18
601608,中信重工,253.71,True,5.54,4.93,2,12.32,-9.85,-5.26,12.32,0.159,2026-07-09,2026-07-13,61.03,0.5178,3.1562,0.6078,0.7107,0.8659,0.0,0.3479,-0.7743,0.1129,多周期共振看空 ⬇⬇⬇,-0.5435,-0.7408,-0.495
600563,法拉电子,302.62,True,134.5,165.75,11,15.99,-18.85,-0.26,-18.85,0.0,2026-07-13,2026-07-13,36.94,0.8235,-0.3092,0.9201,0.5704,0.5987,0.0,0.3476,0.1501,0.5751,上升趋势中的日线回调（关注买点）,-0.2296,0.2515,0.45
002139,拓邦股份,104.54,True,9.76,9.71,7,5.56,-10.38,-2.94,0.53,0.0743,2026-07-02,2026-07-13,50.51,0.5539,0.1199,0.4113,0.5803,0.9001,0.3145,0.3467,-0.6645,0.1678,多周期共振看空 ⬇⬇⬇,-0.1726,-0.75,-0.5625
600050,中国联通,1301.6,True,4.2,4.15,2,1.31,-5.45,-2.3,1.31,0.1017,2026-07-09,2026-07-13,47.46,0.395,-0.1838,0.1906,0.3635,0.8324,0.6824,0.3467,-0.5966,0.2017,多周期共振看空 ⬇⬇⬇,-0.2855,-0.504,-0.5625
002767,先锋电子,22.45,True,17.24,17.59,7,12.61,-6.49,-0.88,-1.99,0.0509,2026-07-13,2026-07-13,46.19,0.4012,0.4321,0.6943,0.6135,0.8041,0.0,0.3465,-0.2968,0.3516,多周期方向不一致，观望,-0.1126,-0.7131,-0.495
002902,铭普光磁,45.07,True,25.37,30.03,5,8.59,-19.13,-7.76,-15.51,0.0,2026-07-13,2026-07-13,29.47,0.816,0.2634,0.8716,0.795,0.4327,0.0,0.3453,-0.0289,0.4855,月线看多，中短期调整中,-0.5076,-0.1525,0.45
002848,高斯贝尔,21.98,True,13.29,13.82,6,3.78,-20.19,-5.58,-3.82,0.0,2026-07-13,2026-07-13,46.45,0.4625,-0.1933,0.4709,0.4002,0.8101,0.2152,0.3448,-0.0262,0.4869,月线看多，中短期调整中,-0.2836,-0.2194,0.3375
603938,三孚股份,183.66,True,48.0,62.34,16,35.38,-23.01,10.4,-23.01,0.0,2026-07-13,2026-07-13,33.44,0.4675,-0.4474,1.0341,0.3016,0.521,0.0,0.3445,0.6485,0.8242,多周期共振看多 ⬆⬆⬆,0.1532,0.7315,0.5625
603989,艾华集团,137.46,True,34.47,44.25,15,49.4,-22.11,14.74,-22.11,0.0,2026-07-13,2026-07-13,36.74,0.1853,-0.3057,1.167,0.1889,0.5942,0.0,0.3443,0.7389,0.8695,多周期共振看多 ⬆⬆⬆,0.385,0.7315,0.5625
002222,福晶科技,332.81,True,71.09,88.75,5,6.94,-19.9,-6.21,-19.9,0.0,2026-07-13,2026-07-13,31.04,0.7922,0.2204,0.8459,0.7635,0.4676,0.0,0.344,-0.0303,0.4849,月线看多，中短期调整中,-0.5153,-0.1525,0.45
600760,中航沈飞,1106.92,True,39.12,40.91,3,3.06,-4.74,-2.04,-4.37,0.0,2026-07-13,2026-07-13,39.34,0.7072,0.4473,0.2685,0.8032,0.652,0.5525,0.3439,-0.7585,0.1208,多周期共振看空 ⬇⬇⬇,-0.5121,-0.6656,-0.5625
002233,塔牌集团,89.29,True,7.61,7.42,7,4.5,-7.98,-3.32,2.51,0.117,2026-07-02,2026-07-13,56.84,0.4315,-0.2204,0.3227,0.3707,0.9591,0.4621,0.3438,-0.6439,0.178,多周期共振看空 ⬇⬇⬇,-0.2417,-0.7131,-0.495
000422,湖北宜化,133.18,True,12.59,13.74,11,11.16,-8.37,0.79,-8.37,0.0,2026-07-13,2026-07-13,40.88,0.7183,0.206,0.6326,0.7134,0.6862,0.0,0.3434,-0.2175,0.3912,多周期方向不一致，观望,-0.1467,-0.4929,-0.3375
603135,中重科技,72.71,True,11.55,12.89,13,10.64,-10.37,1.48,-10.37,0.0,2026-07-13,2026-07-13,40.61,0.5414,-0.5663,0.7369,0.3249,0.6803,0.0,0.343,0.4078,0.7039,上升趋势中的日线整理,0.0201,0.6371,0.405
000823,超声电子,96.68,True,16.25,22.07,16,42.94,-26.38,10.6,-26.38,0.0,2026-07-13,2026-07-13,38.02,0.4913,-0.4366,1.2545,0.3201,0.6227,0.0,0.343,0.4842,0.7421,上升趋势中的日线整理,0.1446,0.6837,0.45
002636,金安国纪,630.01,True,86.98,105.06,16,65.81,-17.21,29.68,-17.21,0.0743,2026-07-13,2026-07-13,34.59,-0.6592,-0.2639,0.9956,0.0944,0.5465,0.0,0.342,0.7508,0.8754,多周期共振看多 ⬆⬆⬆,0.394,0.75,0.5625
600888,新疆众和,164.32,True,10.58,13.68,17,33.91,-22.67,10.01,-22.67,0.0,2026-07-13,2026-07-13,35.1,0.3427,-0.2356,1.0045,0.3114,0.5577,0.0,0.3418,0.5671,0.7835,多周期共振看多 ⬆⬆⬆,0.2433,0.5879,0.45
002475,立讯精密,4320.33,True,58.98,66.47,3,7.57,-11.27,-3.88,-11.27,0.0,2026-07-13,2026-07-13,38.16,0.7189,-0.018,0.7972,0.6242,0.6257,0.0,0.3411,-0.0205,0.4898,月线看多，中短期调整中,-0.4626,-0.1513,0.45
603389,亚振家居,145.25,True,55.28,58.93,5,3.36,-6.58,-1.89,-6.19,0.0,2026-07-13,2026-07-13,37.08,0.1825,0.6552,0.4985,0.5095,0.6018,0.1692,0.3407,0.0529,0.5264,多周期方向不一致，观望,-0.2235,-0.1384,0.5625
603009,北特科技,155.67,True,46.0,46.36,10,16.5,-16.1,-2.06,-0.78,0.0881,2026-07-13,2026-07-13,56.91,0.3487,-0.1172,0.6462,0.3623,0.9575,0.0,0.3406,-0.2155,0.3922,多周期方向不一致，观望,-0.0967,-0.3694,-0.495
002528,*ST英飞,47.05,True,4.48,4.46,7,6.39,-10.25,-2.49,0.4,0.0735,2026-07-10,2026-07-13,51.01,-0.1855,-0.1507,0.4688,0.1397,0.9113,0.2186,0.34,0.0516,0.5258,多周期方向不一致，观望,-0.1264,-0.2275,0.5625
000636,风华高科,624.9,True,54.01,68.61,14,33.57,-21.28,9.99,-21.28,0.0,2026-07-13,2026-07-13,35.62,0.3818,-0.8709,1.0553,0.2291,0.5694,0.0,0.3397,0.6681,0.834,多周期共振看多 ⬆⬆⬆,0.2356,0.7038,0.5625
002655,共达电声,121.09,True,33.28,42.2,12,28.48,-21.14,4.81,-21.14,0.0,2026-07-13,2026-07-13,26.76,0.5447,-0.142,0.9785,0.47,0.3725,0.0,0.3391,0.5139,0.757,上升趋势中的日线整理,0.0259,0.75,0.5625
000059,华锦股份,68.29,True,4.27,4.07,3,5.0,-11.34,-4.8,5.0,0.0573,2026-07-10,2026-07-13,57.43,0.3323,2.6337,0.5274,0.5994,0.9459,0.121,0.3383,-0.6222,0.1889,多周期共振看空 ⬇⬇⬇,-0.256,-0.653,-0.495
603032,德新科技,46.34,True,19.9,25.18,14,18.25,-20.97,1.16,-20.97,0.0,2026-07-13,2026-07-13,37.04,0.4954,0.1679,0.9767,0.5644,0.6009,0.0,0.3383,0.0825,0.5413,多周期方向不一致，观望,-0.1064,0.0037,0.45
000049,德赛电池,89.52,True,23.28,24.0,7,6.06,-11.83,-1.63,-2.99,0.02,2026-07-13,2026-07-13,47.06,0.4164,-0.0643,0.418,0.4242,0.8235,0.3034,0.3381,-0.2528,0.3736,多周期方向不一致，观望,-0.1337,-0.4343,-0.5625
603398,*ST沐邦,56.11,True,12.94,14.22,15,6.41,-9.0,0.22,-9.0,0.0315,2026-07-13,2026-07-13,28.82,-0.1469,0.4175,0.4354,0.367,0.4182,0.2743,0.338,0.3202,0.6601,上升趋势中的日线整理,0.0627,0.2155,0.5625
002066,瑞泰科技,45.85,True,19.85,21.32,0,-2.07,-9.3,-6.34,-6.89,0.0,2026-07-13,2026-07-13,30.78,0.414,0.4622,0.4477,0.6333,0.4618,0.2538,0.338,-0.0665,0.4667,月线看多，中短期调整中,-0.5181,-0.2102,0.3375
002957,科瑞技术,174.71,True,41.73,51.88,5,6.27,-19.56,-6.62,-19.56,0.0,2026-07-13,2026-07-13,29.79,0.8296,-0.0881,0.8163,0.6625,0.4398,0.0,0.3374,0.1114,0.5557,上升趋势中的日线回调（关注买点）,-0.4319,0.2947,0.45
002617,露笑科技,142.7,True,7.6,9.29,14,14.21,-18.23,1.26,-18.23,0.0,2026-07-13,2026-07-13,34.14,0.4897,0.7511,0.821,0.6938,0.5365,0.0,0.3368,-0.0594,0.4703,多周期方向不一致，观望,-0.0462,-0.2213,0.0
001208,华菱线缆,48.58,True,15.24,14.76,3,7.98,-10.05,-4.45,3.26,0.0357,2026-07-09,2026-07-13,52.64,0.3101,2.684,0.661,0.5861,0.9475,0.0,0.336,-0.4726,0.2637,多周期共振看空 ⬇⬇⬇,-0.2508,-0.4863,-0.3375
603002,宏昌电子,193.93,True,17.1,22.33,16,40.53,-23.43,11.46,-23.43,0.0,2026-07-13,2026-07-13,25.06,0.5987,-0.7402,1.0449,0.3592,0.3347,0.0,0.3359,0.7106,0.8553,多周期共振看多 ⬆⬆⬆,0.2908,0.75,0.5625
002386,天原股份,72.1,True,5.54,5.96,13,8.48,-7.09,1.18,-7.09,0.0662,2026-07-13,2026-07-13,37.31,0.5948,-0.1036,0.5384,0.5154,0.6068,0.1027,0.3358,-0.1074,0.4463,多周期方向不一致，观望,-0.0753,-0.1718,-0.2356
003031,中瓷电子,446.97,True,131.4,165.33,12,29.09,-20.52,4.1,-20.52,0.0,2026-07-13,2026-07-13,24.37,0.4896,0.239,0.9303,0.5894,0.3193,0.0,0.3355,0.3576,0.6788,上升趋势中的日线整理,-0.0465,0.4062,0.5625
002348,高乐股份,94.06,True,10.41,11.06,0,-1.2,-18.35,-10.1,-5.91,0.0,2026-07-13,2026-07-13,41.67,0.6517,-0.1751,0.6348,0.521,0.7037,0.0,0.3353,0.0043,0.5021,多周期方向不一致，观望,-0.3468,-0.134,0.45
603515,欧普照明,128.64,True,17.47,17.09,5,2.22,-6.02,-2.37,2.22,0.1537,2026-07-08,2026-07-13,55.48,-0.2203,-0.3758,0.2443,0.0497,0.9893,0.5928,0.3341,-0.4373,0.2813,多周期共振看空 ⬇⬇⬇,-0.2612,-0.3998,-0.3375
603666,亿嘉和,54.71,True,26.62,27.81,8,9.8,-11.12,-1.97,-4.29,0.0,2026-07-13,2026-07-13,44.57,0.6587,0.9075,0.7976,0.7952,0.7683,0.0,0.3339,-0.5233,0.2384,多周期共振看空 ⬇⬇⬇,-0.2725,-0.3541,-0.5625
002741,光华科技,116.74,True,27.38,34.95,15,37.77,-21.66,8.53,-21.66,0.0,2026-07-13,2026-07-13,29.47,0.4496,-0.334,1.0799,0.3362,0.4326,0.0,0.3338,0.6138,0.8069,多周期共振看多 ⬆⬆⬆,0.1611,0.6485,0.5625
002376,新北洋,47.78,True,6.07,5.92,2,2.61,-8.68,-4.32,2.61,0.0463,2026-07-09,2026-07-13,50.0,0.1215,0.5693,0.2452,0.4729,0.8889,0.5914,0.3333,-0.7407,0.1296,多周期共振看空 ⬇⬇⬇,-0.411,-0.7131,-0.5625
603906,龙蟠科技,116.77,True,20.74,26.47,14,16.65,-21.64,2.69,-21.64,0.0,2026-07-13,2026-07-13,33.77,0.3961,1.9299,0.9889,0.6377,0.5282,0.0,0.3332,0.0117,0.5059,多周期方向不一致，观望,-0.0862,-0.1671,0.2925
601138,工业富联,12517.65,True,63.08,70.34,7,6.73,-12.2,-3.39,-10.32,0.0,2026-07-13,2026-07-13,34.33,0.6582,-0.1366,0.7183,0.5403,0.5406,0.0,0.333,0.1507,0.5754,上升趋势中的日线回调（关注买点）,-0.289,0.3043,0.45
603255,鼎际得,18.6,True,30.65,33.26,16,10.14,-7.85,2.93,-7.85,0.1361,2026-07-13,2026-07-13,32.02,0.361,-0.0352,0.5277,0.4026,0.4894,0.1206,0.333,0.0096,0.5048,多周期方向不一致，观望,0.0493,0.225,-0.225
002644,佛慈制药,38.04,True,7.45,7.27,5,2.42,-7.74,-1.9,2.42,0.1716,2026-07-10,2026-07-13,47.84,-0.2115,1.3072,0.3917,0.4,0.841,0.3471,0.333,-0.6743,0.1628,多周期共振看空 ⬇⬇⬇,-0.2491,-0.706,-0.5625
000510,新金路,103.18,True,17.01,22.43,16,29.49,-24.18,9.99,-24.18,0.0,2026-07-13,2026-07-13,22.58,0.4111,0.0876,0.8962,0.4817,0.2796,0.0,0.3324,0.5526,0.7763,多周期共振看多 ⬆⬆⬆,0.2384,0.5602,0.45
600936,北投科技,73.86,True,4.42,4.55,1,0.6,-17.61,-9.9,-2.89,0.0,2026-07-13,2026-07-13,41.22,0.6532,-0.5763,0.4466,0.3919,0.6937,0.2557,0.332,-0.008,0.496,月线看多，中短期调整中,-0.3135,-0.2194,0.45
002484,江海股份,642.84,True,78.35,97.7,16,30.46,-19.81,7.93,-19.81,0.0,2026-07-13,2026-07-13,37.81,-0.0588,-0.1453,1.0659,0.1419,0.6179,0.0,0.332,0.6875,0.8438,多周期共振看多 ⬆⬆⬆,0.2422,0.7408,0.5625
002648,卫星化学,742.98,True,22.07,23.71,10,9.88,-6.9,0.28,-6.9,0.0,2026-07-13,2026-07-13,31.29,0.7016,0.4074,0.6194,0.7839,0.4731,0.0,0.3319,-0.1667,0.4167,月线震荡，中短期走弱,-0.2371,-0.2998,-0.0573
002254,泰和新材,114.5,True,13.46,16.84,13,24.46,-20.05,2.16,-20.05,0.0,2026-07-13,2026-07-13,35.55,0.7496,-0.7574,0.8922,0.4498,0.5679,0.0,0.3318,0.2533,0.6267,上升趋势中的日线回调（关注买点）,-0.2108,0.4695,0.5625
002068,黑猫股份,72.54,True,9.87,12.5,13,38.11,-21.05,9.68,-21.05,0.0,2026-07-13,2026-07-13,35.21,0.5826,-0.2662,1.0441,0.4431,0.5603,0.0,0.3311,0.2679,0.634,月线震荡，中短期走强,0.339,0.6098,0.0
600941,中国移动,825.4,True,91.43,89.5,2,2.16,-7.81,-3.62,2.16,0.0629,2026-07-09,2026-07-13,52.98,0.0561,-0.0897,0.2045,0.1978,0.9551,0.6592,0.331,-0.4931,0.2535,多周期共振看空 ⬇⬇⬇,-0.3396,-0.2301,-0.5625
600345,长江通信,117.82,True,55.69,62.91,14,28.33,-11.47,6.27,-11.47,0.0926,2026-07-13,2026-07-13,26.06,0.4611,-0.5335,0.8816,0.2766,0.3568,0.0,0.3309,0.554,0.777,上升趋势中的日线整理,0.1476,0.75,0.5625
601686,友发集团,74.41,True,5.03,5.0,5,0.97,-6.02,-2.49,0.67,0.1168,2026-07-09,2026-07-13,49.4,0.4264,-0.4287,0.2039,0.2844,0.8755,0.6602,0.3298,-0.6759,0.1621,多周期共振看空 ⬇⬇⬇,-0.2017,-0.75,-0.5625
600801,华新建材,253.45,True,18.89,17.68,8,6.87,-14.29,-2.75,6.87,0.2307,2026-07-10,2026-07-13,59.06,-0.2237,2.8525,0.7345,0.4,0.9098,0.0,0.3298,-0.6473,0.1764,多周期共振看空 ⬇⬇⬇,-0.2503,-0.7131,-0.495
603776,永安行,53.32,True,18.99,20.85,13,7.7,-8.94,0.8,-8.94,0.0148,2026-07-13,2026-07-13,28.28,0.5309,0.1272,0.3949,0.5694,0.4062,0.3418,0.3287,-0.0781,0.4609,多周期方向不一致，观望,-0.0868,-0.0805,-0.1885
600536,中国软件,272.08,True,32.25,28.89,2,11.63,-20.12,-10.23,11.63,0.0261,2026-07-09,2026-07-13,59.62,0.5568,3.911,0.5324,0.7341,0.8972,0.1126,0.3285,-0.7761,0.1119,多周期共振看空 ⬇⬇⬇,-0.547,-0.6744,-0.5625
002681,奋达科技,76.89,True,4.9,4.69,2,6.22,-10.76,-6.13,4.4,0.0042,2026-07-09,2026-07-13,51.26,0.6363,1.2364,0.6614,0.7818,0.9169,0.0,0.328,-0.7368,0.1316,多周期共振看空 ⬇⬇⬇,-0.4333,-0.6854,-0.5625
001322,箭牌家居,47.53,True,6.05,6.1,9,5.69,-9.45,-2.38,-0.81,0.0633,2026-07-13,2026-07-13,54.03,0.6063,-0.1794,0.4596,0.492,0.9784,0.234,0.328,-0.6767,0.1617,多周期共振看空 ⬇⬇⬇,-0.2038,-0.75,-0.5625
600718,东软集团,93.44,True,7.81,7.55,2,5.93,-8.82,-4.15,3.44,0.061,2026-07-09,2026-07-13,50.2,0.3261,1.3388,0.4526,0.5956,0.8934,0.2456,0.328,-0.7437,0.1281,多周期共振看空 ⬇⬇⬇,-0.3756,-0.75,-0.5625
002273,水晶光电,403.99,True,29.66,34.94,7,10.34,-15.11,-3.58,-15.11,0.0,2026-07-13,2026-07-13,41.01,0.3192,0.2629,0.8865,0.4967,0.6891,0.0,0.3277,-0.0001,0.5,多周期方向不一致，观望,-0.4254,-0.0856,0.45
002115,三维通信,86.57,True,11.6,10.82,2,7.22,-13.43,-6.72,7.22,0.0563,2026-07-09,2026-07-13,53.93,0.2218,3.5696,0.5889,0.5331,0.9761,0.0185,0.3277,-0.5522,0.2239,多周期共振看空 ⬇⬇⬇,-0.529,-0.4226,-0.3375
605018,长华集团,57.63,True,12.26,14.03,3,9.46,-13.95,-5.78,-12.64,0.0,2026-07-13,2026-07-13,36.83,0.8844,-0.7707,0.6025,0.5306,0.5963,0.0,0.3273,0.0536,0.5268,上升趋势中的日线回调（关注买点）,-0.5057,0.1636,0.45
601233,桐昆股份,458.55,True,19.31,22.42,16,15.22,-13.86,4.0,-13.86,0.008,2026-07-13,2026-07-13,34.59,0.4422,-0.0717,0.7413,0.4366,0.5463,0.0,0.3272,0.244,0.622,上升趋势中的日线整理,0.0568,0.2926,0.2925
002829,星网宇达,29.93,True,20.49,18.15,2,12.87,-20.91,-11.13,12.87,0.0036,2026-07-09,2026-07-13,59.92,0.5828,4.5173,0.7056,0.7497,0.8906,0.0,0.3271,-0.6603,0.1699,多周期共振看空 ⬇⬇⬇,-0.5155,-0.4469,-0.5625
002427,尤夫股份,39.58,True,4.02,4.63,10,15.51,-13.17,-0.12,-13.17,0.0,2026-07-13,2026-07-13,46.25,0.7273,1.2524,0.8948,0.8364,0.8056,0.0,0.3268,-0.691,0.1545,多周期共振看空 ⬇⬇⬇,-0.3662,-0.6423,-0.5625
603115,海星股份,206.45,True,85.35,109.14,11,23.15,-21.8,1.1,-21.8,0.0,2026-07-13,2026-07-13,35.56,0.1907,-0.0042,1.0884,0.3127,0.5681,0.0,0.3265,0.4296,0.7148,上升趋势中的日线整理,-0.1255,0.6608,0.5625
605060,XD联德股,105.8,True,44.28,51.89,14,12.8,-14.66,1.58,-14.66,0.0,2026-07-13,2026-07-13,39.91,0.6815,-0.1638,0.8827,0.5434,0.6646,0.0,0.3257,-0.0614,0.4693,多周期方向不一致，观望,-0.0644,-0.5071,0.2925
603407,长裕集团,22.91,True,63.8,81.58,15,54.85,-21.79,17.86,-21.79,0.0,2026-07-13,2026-07-13,36.01,0.4948,0.1817,1.1794,0.5695,0.578,0.0,0.3256,0.0,0.5,周线日线方向不一致,0.0,,
002157,正邦科技,228.18,True,2.93,2.93,5,2.42,-8.35,-2.87,0.15,0.0639,2026-07-09,2026-07-13,52.94,-0.0588,0.2056,0.3998,0.2822,0.9542,0.3337,0.3255,-0.4132,0.2934,多周期共振看空 ⬇⬇⬇,-0.2013,-0.398,-0.3375
603310,巍华新材,28.17,True,14.52,15.24,4,6.02,-7.05,-2.27,-4.75,0.0,2026-07-13,2026-07-13,41.33,0.6945,0.2524,0.4106,0.7176,0.6962,0.3157,0.3254,-0.6333,0.1834,多周期共振看空 ⬇⬇⬇,-0.4212,-0.4683,-0.5625
603045,福达合金,91.29,True,67.4,77.56,9,18.7,-13.1,-0.86,-13.1,0.0,2026-07-13,2026-07-13,33.47,0.6823,-0.526,0.9439,0.4094,0.5215,0.0,0.3251,0.3197,0.6599,上升趋势中的日线回调（关注买点）,-0.1734,0.6608,0.5625
002338,奥普光电,118.66,True,49.44,54.13,7,7.96,-10.58,-1.09,-8.66,0.0,2026-07-13,2026-07-13,43.08,0.4304,1.1232,0.5768,0.6582,0.7351,0.0387,0.3251,-0.3658,0.3171,多周期共振看空 ⬇⬇⬇,-0.2391,-0.2841,-0.315
000156,华数传媒,108.79,True,6.4,6.55,3,0.63,-9.64,-2.41,-2.26,0.0048,2026-07-13,2026-07-13,37.32,0.4095,0.5266,0.2622,0.6457,0.6072,0.5629,0.3244,-0.6283,0.1859,多周期共振看空 ⬇⬇⬇,-0.2908,-0.5691,-0.5625
603838,*ST四通,26.18,True,8.18,9.07,10,6.26,-9.83,-0.97,-9.83,0.0,2026-07-13,2026-07-13,22.54,0.3658,0.6881,0.4046,0.6195,0.2787,0.3256,0.3243,0.0079,0.504,月线看多，中短期调整中,-0.2357,-0.2102,0.45
603101,汇嘉时代,31.33,True,6.66,6.66,6,4.26,-10.28,-3.93,-0.07,0.0,2026-07-13,2026-07-13,48.35,0.3272,0.9317,0.4022,0.5963,0.8522,0.3296,0.324,-0.6487,0.1756,多周期共振看空 ⬇⬇⬇,-0.2861,-0.6179,-0.5625
002145,钛能化学,161.39,True,4.24,4.63,14,12.33,-8.38,2.12,-8.38,0.066,2026-07-13,2026-07-13,34.66,0.8089,-0.1333,0.6035,0.632,0.548,0.0,0.3238,-0.2369,0.3816,多周期方向不一致，观望,-0.094,-0.3982,-0.5625
002353,杰瑞股份,959.09,True,138.79,158.69,17,16.64,-12.54,3.76,-12.54,0.0509,2026-07-13,2026-07-13,38.35,-0.4381,-0.4883,0.9059,0.0047,0.6301,0.0,0.3232,0.7,0.85,多周期共振看多 ⬆⬆⬆,0.2635,0.75,0.5625
603228,景旺电子,644.14,True,65.63,71.9,5,4.4,-14.29,-3.97,-8.72,0.0,2026-07-13,2026-07-13,42.83,0.7505,-0.5414,0.8953,0.4503,0.7296,0.0,0.3232,-0.0105,0.4948,多周期方向不一致，观望,-0.3743,-0.0494,0.3242
600703,三安光电,784.77,True,15.73,18.64,12,30.14,-15.62,5.79,-15.62,0.0,2026-07-13,2026-07-13,32.42,0.5075,-0.3833,0.9512,0.3512,0.4982,0.0,0.323,0.4241,0.712,上升趋势中的日线整理,0.116,0.5521,0.45
002594,比亚迪,3032.66,True,86.98,85.49,7,4.99,-12.87,-3.93,1.74,0.0594,2026-07-02,2026-07-13,53.55,-0.2449,0.7597,0.4159,0.4,0.9677,0.3069,0.3226,-0.6084,0.1958,多周期共振看空 ⬇⬇⬇,-0.2586,-0.5529,-0.5625
002853,皮阿诺,28.77,True,22.35,21.31,3,4.86,-14.28,-6.96,4.86,0.0,2026-07-08,2026-07-13,48.62,-0.0413,0.3287,0.3897,0.3315,0.8582,0.3505,0.3221,-0.2639,0.368,月线震荡，中短期走弱,-0.4398,-0.4816,-0.0286
600817,宇通重工,48.06,True,9.08,9.08,5,1.79,-5.43,-2.54,0.02,0.0965,2026-07-09,2026-07-13,40.27,0.4949,-0.0119,0.2647,0.4922,0.6726,0.5589,0.3221,-0.6967,0.1517,多周期共振看空 ⬇⬇⬇,-0.3521,-0.6669,-0.5625
002833,弘亚数控,46.83,True,15.98,17.89,8,7.56,-10.66,-1.73,-10.66,0.0,2026-07-13,2026-07-13,39.21,0.4676,1.0463,0.5931,0.6805,0.649,0.0115,0.3214,-0.3059,0.347,多周期共振看空 ⬇⬇⬇,-0.323,-0.2379,-0.1575
002849,威星智能,34.32,True,15.64,16.44,8,8.07,-9.42,-1.6,-4.87,0.0,2026-07-13,2026-07-13,38.24,0.6541,1.1696,0.6286,0.7925,0.6276,0.0,0.3214,-0.4501,0.275,多周期共振看空 ⬇⬇⬇,-0.2549,-0.4333,-0.3375
002611,东方精工,164.95,True,16.43,17.68,8,3.71,-7.07,-1.46,-7.07,0.0,2026-07-13,2026-07-13,35.45,0.6628,0.0138,0.3935,0.6032,0.5655,0.3442,0.3212,-0.3494,0.3253,多周期共振看空 ⬇⬇⬇,-0.2791,-0.2404,-0.2883
603978,深圳新星,43.55,True,20.63,27.61,10,20.32,-25.28,-1.73,-25.28,0.0,2026-07-13,2026-07-13,30.16,0.581,0.7376,0.8924,0.7486,0.448,0.0,0.3209,-0.1679,0.4161,月线震荡，中短期走弱,-0.3753,-0.2427,0.0
603606,东方电缆,333.8,True,40.47,40.73,6,7.96,-8.23,-1.51,-0.65,0.0538,2026-07-13,2026-07-13,53.26,0.4485,-0.0639,0.4898,0.4435,0.9614,0.1836,0.3209,-0.5722,0.2139,多周期共振看空 ⬇⬇⬇,-0.2109,-0.5143,-0.5625
600110,诺德股份,200.24,True,11.54,15.0,17,42.98,-23.08,10.85,-23.08,0.0,2026-07-13,2026-07-13,31.29,0.2651,-0.4381,1.0847,0.1838,0.473,0.0,0.3203,0.7005,0.8502,多周期共振看多 ⬆⬆⬆,0.2648,0.75,0.5625
603408,建霖家居,43.86,True,9.8,10.0,4,2.43,-4.47,-1.2,-2.0,0.0825,2026-07-13,2026-07-13,38.81,0.4377,0.1534,0.2544,0.524,0.6403,0.576,0.3199,-0.7065,0.1467,多周期共振看空 ⬇⬇⬇,-0.2803,-0.75,-0.5625
600685,中船防务,212.67,True,25.89,26.37,4,8.43,-11.34,-2.05,-1.82,0.0,2026-07-13,2026-07-13,47.02,0.1899,2.6236,0.6447,0.514,0.8228,0.0,0.3198,-0.2512,0.3744,多周期方向不一致，观望,-0.1378,-0.6485,-0.3375
605133,嵘泰股份,88.95,True,31.53,35.8,9,11.24,-11.93,-1.05,-11.93,0.0,2026-07-13,2026-07-13,35.88,0.6226,0.0994,0.8588,0.6133,0.5751,0.0,0.3195,-0.1154,0.4423,月线震荡，中短期走弱,-0.1886,-0.174,-0.0522
002493,荣盛石化,1016.92,True,10.89,11.48,9,6.79,-6.49,-0.05,-5.16,0.0384,2026-07-13,2026-07-13,40.84,0.4628,0.7966,0.6481,0.6777,0.6853,0.0,0.3195,-0.4423,0.2788,多周期共振看空 ⬇⬇⬇,-0.1821,-0.4786,-0.3375
002023,海特高新,77.12,True,10.41,12.53,14,17.2,-16.92,2.73,-16.92,0.0,2026-07-13,2026-07-13,30.46,0.6079,0.3667,0.6881,0.7114,0.4546,0.0,0.3191,-0.1313,0.4344,多周期方向不一致，观望,-0.0695,-0.1352,-0.3825
002239,奥特佳,63.04,True,2.35,2.45,4,2.02,-8.63,-2.83,-4.2,0.0,2026-07-13,2026-07-13,41.94,0.5226,0.4609,0.3117,0.6979,0.7097,0.4805,0.3189,-0.8016,0.0992,多周期共振看空 ⬇⬇⬇,-0.5565,-0.7223,-0.5625
601100,恒立液压,1421.27,True,106.0,111.73,9,6.93,-7.6,-1.43,-5.12,0.0051,2026-07-13,2026-07-13,44.29,0.373,-0.2904,0.5669,0.3077,0.762,0.0551,0.318,0.0808,0.5404,多周期方向不一致，观望,-0.2548,0.0112,0.5625
605319,无锡振华,81.64,True,23.45,23.8,6,3.24,-11.62,-4.76,-1.46,0.0,2026-07-13,2026-07-13,46.0,0.2852,0.0274,0.5127,0.3821,0.8001,0.1456,0.3176,-0.1474,0.4263,月线震荡，中短期走弱,-0.2861,-0.3325,0.0824
000960,锡业股份,562.41,True,34.18,41.07,13,16.44,-16.77,1.32,-16.77,0.0,2026-07-13,2026-07-13,32.49,0.7038,-0.2933,0.8763,0.505,0.4997,0.0,0.3175,0.1326,0.5663,多周期方向不一致，观望,-0.0196,0.1495,0.45
600222,太龙药业,40.27,True,7.2,7.46,4,6.58,-15.43,-3.67,-3.43,0.0,2026-07-13,2026-07-13,49.86,0.2802,-0.226,0.6667,0.2778,0.8857,0.0,0.3174,0.0322,0.5161,多周期方向不一致，观望,-0.3056,-0.0466,0.45
600161,天坛生物,238.87,True,12.08,12.04,2,1.01,-9.47,-3.82,0.3,0.0133,2026-07-10,2026-07-13,47.44,0.5091,0.2095,0.3337,0.5893,0.8319,0.4438,0.3174,-0.7887,0.1057,多周期共振看空 ⬇⬇⬇,-0.491,-0.75,-0.5625
002638,勤上股份,49.91,True,3.69,3.97,3,7.62,-11.83,-4.22,-7.03,0.0,2026-07-13,2026-07-13,43.78,0.352,0.0546,0.7093,0.433,0.7506,0.0,0.3168,-0.0593,0.4703,月线看多，中短期调整中,-0.5326,-0.276,0.45
603662,柯力传感,164.71,True,58.65,68.68,13,15.37,-14.61,1.52,-14.61,0.0,2026-07-13,2026-07-13,36.92,0.7384,-0.297,0.8075,0.5242,0.5983,0.0,0.3168,-0.022,0.489,多周期方向不一致，观望,0.0015,0.1271,-0.225
002106,莱宝高科,74.72,True,10.6,14.14,16,27.69,-25.06,4.66,-25.06,0.0,2026-07-13,2026-07-13,35.37,0.5877,-0.1405,1.1612,0.4964,0.5638,0.0,0.3167,0.0628,0.5314,多周期方向不一致，观望,-0.0595,0.327,0.0
603178,圣龙股份,35.7,True,15.1,15.64,4,14.03,-15.27,-5.49,-3.46,0.0,2026-07-13,2026-07-13,45.01,0.4727,1.7092,0.8579,0.6836,0.7781,0.0,0.3167,-0.494,0.253,多周期共振看空 ⬇⬇⬇,-0.226,-0.3971,-0.495
000550,江铃汽车,84.04,True,15.66,16.23,8,6.3,-5.35,-1.25,-3.54,0.0635,2026-07-13,2026-07-13,31.62,0.6068,0.1313,0.2977,0.6166,0.4803,0.5038,0.3167,-0.5848,0.2076,多周期共振看空 ⬇⬇⬇,-0.3623,-0.4122,-0.5625
600184,光电股份,115.15,True,19.76,26.57,13,16.97,-25.62,-1.47,-25.62,0.0,2026-07-13,2026-07-13,31.45,0.7497,-0.2122,1.0606,0.565,0.4766,0.0,0.3166,0.0568,0.5284,多周期方向不一致，观望,-0.2813,0.0406,0.45
002837,英维克,757.18,True,66.98,75.58,12,20.96,-11.38,2.56,-11.38,0.0,2026-07-13,2026-07-13,34.14,0.7573,-0.1866,0.7528,0.5798,0.5365,0.0,0.3164,-0.0406,0.4797,多周期方向不一致，观望,-0.0664,-0.3465,0.225
605009,XD豪悦护,50.17,True,23.33,22.81,9,9.22,-10.11,-1.36,2.27,0.166,2026-06-30,2026-07-13,56.36,0.0008,-0.4811,0.4114,0.0081,0.9697,0.3143,0.3163,-0.296,0.352,多周期方向不一致，观望,-0.1124,-0.6423,-0.5625
002552,宝鼎科技,200.13,True,54.31,65.12,12,29.31,-16.61,5.26,-16.61,0.0,2026-07-13,2026-07-13,36.95,0.003,-0.0217,1.1763,0.1931,0.5988,0.0,0.3162,0.502,0.751,上升趋势中的日线整理,0.1262,0.6331,0.5625
002496,辉丰股份,23.15,True,1.96,2.09,2,5.68,-18.72,-8.05,-6.29,0.0,2026-07-13,2026-07-13,43.52,0.031,0.6609,0.7187,0.4186,0.7449,0.0,0.3162,-0.0337,0.4832,月线看多，中短期调整中,-0.4018,-0.1534,0.3375
000777,中核科技,62.04,True,16.18,18.23,11,22.76,-11.26,0.71,-11.26,0.0,2026-07-13,2026-07-13,37.35,0.7615,0.682,0.9451,0.8569,0.6078,0.0,0.3162,-0.5709,0.2146,多周期共振看空 ⬇⬇⬇,-0.1735,-0.6111,-0.495
000012,南  玻Ａ,76.41,True,3.9,4.59,14,16.71,-15.02,3.04,-15.02,0.0,2026-07-13,2026-07-13,35.47,0.7572,-0.0403,0.9137,0.6382,0.566,0.0,0.3162,-0.1706,0.4147,多周期方向不一致，观望,0.0647,-0.3555,-0.45
600105,永鼎股份,657.02,True,44.94,58.31,14,29.83,-22.94,3.79,-22.94,0.0,2026-07-13,2026-07-13,33.57,0.2613,-0.0962,1.0592,0.3183,0.5238,0.0,0.3156,0.3872,0.6936,上升趋势中的日线整理,-0.0702,0.5034,0.5625
603375,盛景微,27.55,True,43.2,48.22,10,4.79,-10.41,-0.89,-10.41,0.0,2026-07-13,2026-07-13,40.44,0.3754,0.0118,0.6607,0.43,0.6763,0.0,0.3152,0.0217,0.5109,多周期方向不一致，观望,-0.2534,-0.1373,0.45
001218,丽臣实业,26.92,True,22.8,23.82,7,8.71,-10.41,-1.41,-4.27,0.0,2026-07-13,2026-07-13,38.25,0.3306,0.7952,0.6628,0.5984,0.6278,0.0,0.3141,-0.1981,0.401,月线震荡，中短期走弱,-0.1517,-0.4482,-0.0875
002983,芯瑞达,28.37,True,22.14,25.14,12,10.8,-11.94,0.68,-11.94,0.0,2026-07-13,2026-07-13,35.14,0.7415,-0.2128,0.6185,0.5598,0.5586,0.0,0.3137,-0.0562,0.4719,多周期方向不一致，观望,-0.1146,-0.1487,0.0
002403,爱仕达,27.78,True,9.35,9.66,7,20.52,-14.53,-3.4,-3.17,0.0,2026-07-13,2026-07-13,50.22,0.4394,0.7723,0.8399,0.6637,0.8937,0.0,0.3137,-0.625,0.1875,多周期共振看空 ⬇⬇⬇,-0.3495,-0.5116,-0.5625
601766,中国中车,1323.43,True,5.44,5.44,6,0.84,-7.05,-2.38,0.04,0.1074,2026-07-09,2026-07-13,50.54,-0.066,0.1437,0.2668,0.2575,0.9008,0.5554,0.3137,-0.6852,0.1574,多周期共振看空 ⬇⬇⬇,-0.2256,-0.75,-0.5625
600367,红星发展,121.38,True,37.7,52.9,15,46.37,-28.73,9.35,-28.73,0.0,2026-07-13,2026-07-13,30.64,0.5664,-0.4951,1.093,0.3418,0.4586,0.0,0.3136,0.4113,0.7056,上升趋势中的日线整理,-0.1377,0.6238,0.5625
002203,海亮股份,407.48,True,18.42,22.3,12,23.75,-17.41,3.53,-17.41,0.0,2026-07-13,2026-07-13,22.21,0.7603,-0.2621,0.7504,0.5514,0.2714,0.0,0.3135,0.3002,0.6501,上升趋势中的日线整理,-0.0836,0.2889,0.5625
002870,香山股份,48.36,True,37.28,39.18,4,1.87,-4.85,-1.74,-4.85,0.0,2026-07-13,2026-07-13,38.16,0.3786,-0.4168,0.2904,0.2604,0.6258,0.516,0.3132,-0.0752,0.4624,月线看多，中短期调整中,-0.4022,-0.1857,0.1722
000050,深天马Ａ,174.4,True,7.16,9.01,13,27.13,-20.49,3.68,-20.49,0.0,2026-07-13,2026-07-13,25.31,0.8677,0.2063,0.858,0.8032,0.3401,0.0,0.3131,-0.1883,0.4058,多周期方向不一致，观望,-0.0357,-0.3472,-0.45
600545,卓郎智能,87.07,True,4.87,6.43,6,20.23,-24.31,-4.32,-24.31,0.0,2026-07-13,2026-07-13,35.1,0.7513,-0.3702,1.1871,0.5027,0.5578,0.0,0.3129,0.0296,0.5148,多周期方向不一致，观望,-0.399,0.0221,0.45
002099,海翔药业,83.59,True,5.17,5.26,4,3.26,-8.83,-2.19,-1.8,0.026,2026-07-13,2026-07-13,45.16,0.2948,0.2003,0.407,0.457,0.7814,0.3217,0.3124,-0.4897,0.2551,多周期共振看空 ⬇⬇⬇,-0.2098,-0.559,-0.3375
002150,正泰电源,84.36,True,23.53,25.5,4,4.52,-18.07,-6.75,-7.71,0.0,2026-07-13,2026-07-13,38.49,0.6926,-0.2489,0.4974,0.516,0.6331,0.171,0.3122,-0.2242,0.3879,月线看多，中短期调整中,-0.8086,-0.5544,0.18
002871,伟隆股份,28.12,True,18.84,20.82,10,10.41,-9.5,-0.33,-9.5,0.0,2026-07-13,2026-07-13,34.87,0.6044,-0.6056,0.6646,0.3626,0.5527,0.0,0.3122,0.254,0.627,上升趋势中的日线整理,-0.1153,0.3086,0.45
000612,焦作万方,123.03,True,10.32,10.86,5,5.94,-10.42,-3.45,-4.93,0.0,2026-07-13,2026-07-13,33.33,0.7747,1.2267,0.5832,0.8648,0.5185,0.0281,0.3116,-0.5355,0.2323,多周期共振看空 ⬇⬇⬇,-0.4541,-0.4502,-0.3375
000951,中国重汽,239.64,True,20.5,21.02,14,7.28,-11.37,-0.89,-2.49,0.1381,2026-07-13,2026-07-13,47.35,-0.0158,-0.1964,0.585,0.1215,0.8299,0.025,0.3114,-0.0508,0.4746,多周期方向不一致，观望,0.0168,-0.4179,0.18
605588,冠石科技,39.66,True,54.26,62.08,14,18.42,-12.6,4.29,-12.6,0.0151,2026-07-13,2026-07-13,34.86,0.3189,0.1222,0.6689,0.4402,0.5525,0.0,0.3107,0.082,0.541,多周期方向不一致，观望,0.0697,0.0307,0.2701
603738,泰晶科技,161.73,True,41.91,56.38,14,27.67,-25.67,7.63,-25.67,0.0,2026-07-13,2026-07-13,26.98,0.2315,0.0644,1.0186,0.3647,0.3774,0.0,0.3106,0.4483,0.7241,上升趋势中的日线整理,0.0082,0.5949,0.5625
603311,金海高科,66.71,True,28.28,34.34,8,19.52,-18.11,-2.61,-17.66,0.0,2026-07-13,2026-07-13,27.72,0.8083,-0.4978,0.7426,0.4858,0.3937,0.0,0.3101,0.231,0.6155,上升趋势中的日线回调（关注买点）,-0.5105,0.6515,0.5625
601568,北元化工,137.04,True,3.45,3.53,3,4.33,-7.01,-2.95,-2.21,0.0,2026-07-13,2026-07-13,34.43,0.6866,0.1766,0.2545,0.6826,0.5428,0.5758,0.31,-0.7243,0.1378,多周期共振看空 ⬇⬇⬇,-0.4693,-0.6946,-0.495
000801,四川九洲,111.35,True,10.96,11.74,5,9.66,-10.26,-3.46,-6.61,0.0,2026-07-13,2026-07-13,48.77,0.6402,0.5837,0.6914,0.7841,0.8616,0.0,0.31,-0.8083,0.0958,多周期共振看空 ⬇⬇⬇,-0.5413,-0.75,-0.5625
002723,小崧股份,25.71,True,8.11,8.75,12,9.93,-7.45,-0.02,-7.35,0.0069,2026-07-13,2026-07-13,35.93,0.507,0.1713,0.5674,0.5727,0.5763,0.0544,0.3097,-0.1905,0.4047,月线震荡，中短期走弱,-0.1859,-0.3521,-0.1289
002182,宝武镁业,103.95,True,12.01,13.87,8,15.65,-13.43,-1.16,-13.43,0.0,2026-07-13,2026-07-13,42.79,0.5943,0.4063,0.7767,0.7191,0.7286,0.0,0.3096,-0.5482,0.2259,多周期共振看空 ⬇⬇⬇,-0.3298,-0.5847,-0.3375
605268,王力安防,40.66,True,9.23,9.17,2,2.64,-8.27,-4.75,0.67,0.0,2026-07-09,2026-07-13,44.05,0.3837,0.1242,0.3328,0.4799,0.7567,0.4453,0.3092,-0.5586,0.2207,多周期共振看空 ⬇⬇⬇,-0.4334,-0.5186,-0.3375
000629,钒钛股份,278.71,True,3.0,3.26,8,8.85,-10.83,-1.89,-8.05,0.0,2026-07-13,2026-07-13,39.09,0.7076,0.2412,0.5607,0.721,0.6465,0.0655,0.3091,-0.5091,0.2455,多周期共振看空 ⬇⬇⬇,-0.3521,-0.4795,-0.3375
603186,华正新材,252.31,True,160.92,211.95,14,57.65,-24.08,20.65,-24.08,0.0,2026-07-13,2026-07-13,28.28,0.2235,-0.4235,1.0984,0.1647,0.4061,0.0,0.3084,0.7166,0.8583,多周期共振看多 ⬆⬆⬆,0.3385,0.7223,0.5625
600844,金煤科技,20.16,True,2.45,2.55,0,-1.59,-12.48,-7.76,-4.0,0.0,2026-07-13,2026-07-13,31.34,0.7108,0.3717,0.3796,0.7752,0.4743,0.3674,0.3082,-0.638,0.181,多周期共振看空 ⬇⬇⬇,-0.5071,-0.63,-0.3375
002134,天津普林,63.98,True,25.84,28.84,13,6.96,-10.4,0.08,-10.4,0.0,2026-07-13,2026-07-13,38.96,0.4636,-0.4571,0.5469,0.2953,0.6436,0.0885,0.3079,0.1478,0.5739,上升趋势中的日线回调（关注买点）,-0.1661,0.1892,0.45
002662,峰璟股份,48.15,True,3.21,3.66,14,14.77,-12.26,2.54,-12.26,0.0,2026-07-13,2026-07-13,23.85,0.6299,0.5125,0.5456,0.7779,0.3077,0.0906,0.3078,-0.2237,0.3881,多周期方向不一致，观望,-0.121,-0.3844,-0.495
000967,盈峰环境,276.34,True,8.23,9.95,5,12.26,-17.29,-4.72,-17.29,0.0,2026-07-13,2026-07-13,39.04,0.5931,-0.1404,0.9025,0.4997,0.6454,0.0,0.3077,-0.1125,0.4437,月线看多，中短期调整中,-0.6107,-0.3048,0.2925
603124,江南新材,107.41,True,138.4,177.58,14,33.5,-22.06,6.28,-22.06,0.0,2026-07-13,2026-07-13,20.42,0.6334,-0.2782,0.8373,0.4688,0.2316,0.0,0.3075,0.4318,0.7159,上升趋势中的日线整理,-0.0952,0.6406,0.5625
000922,佳电股份,79.59,True,11.29,13.45,13,11.26,-16.06,0.47,-16.06,0.0,2026-07-13,2026-07-13,20.89,0.5141,0.4878,0.6789,0.7035,0.2419,0.0,0.3074,0.0435,0.5218,多周期方向不一致，观望,-0.1762,-0.0481,0.3904
603816,XD顾家家,180.22,True,22.19,22.18,1,0.06,-14.95,-8.23,0.06,0.0,2026-07-10,2026-07-13,56.42,-0.2142,0.6541,0.2917,0.4,0.9685,0.5138,0.3072,-0.7553,0.1224,多周期共振看空 ⬇⬇⬇,-0.538,-0.7038,-0.495
603286,日盈电子,59.41,True,51.11,51.26,4,7.33,-18.82,-7.28,-0.29,0.0,2026-07-13,2026-07-13,48.8,0.2943,1.034,0.8931,0.5766,0.8621,0.0,0.3071,-0.5004,0.2498,多周期共振看空 ⬇⬇⬇,-0.4516,-0.3752,-0.3375
001358,兴欣新材,11.28,True,22.7,25.21,9,13.43,-9.95,-0.76,-9.95,0.0,2026-07-13,2026-07-13,39.59,0.743,0.219,0.6632,0.7334,0.6575,0.0,0.3069,-0.5074,0.2463,多周期共振看空 ⬇⬇⬇,-0.2107,-0.4396,-0.495
000768,中航西飞,542.23,True,19.53,20.45,3,5.07,-4.7,-1.9,-4.49,0.0,2026-07-13,2026-07-13,40.7,0.4359,0.5236,0.3773,0.6615,0.6821,0.3711,0.3064,-0.7224,0.1388,多周期共振看空 ⬇⬇⬇,-0.3535,-0.7223,-0.5625
600499,科达制造,276.17,True,14.4,14.87,6,10.66,-11.02,-1.71,-3.19,0.0,2026-07-13,2026-07-13,49.77,0.2054,0.4614,0.6104,0.5078,0.8838,0.0,0.3062,-0.4233,0.2883,多周期共振看空 ⬇⬇⬇,-0.1965,-0.4794,-0.2826
603663,三祥新材,300.78,True,70.99,87.32,16,39.96,-18.7,14.13,-18.7,0.0371,2026-07-13,2026-07-13,17.23,0.5035,-0.5982,0.8929,0.3021,0.1607,0.0,0.306,0.6826,0.8413,多周期共振看多 ⬆⬆⬆,0.2964,0.6837,0.5625
002824,和胜股份,62.47,True,27.62,34.11,15,39.83,-19.02,11.17,-19.02,0.0131,2026-07-13,2026-07-13,17.02,0.3892,-0.2844,0.8495,0.3198,0.1561,0.0,0.3059,0.7169,0.8584,多周期共振看多 ⬆⬆⬆,0.3392,0.7223,0.5625
603890,春秋电子,99.91,True,22.36,25.16,7,12.45,-14.38,-2.93,-11.12,0.0,2026-07-13,2026-07-13,30.38,0.6169,-0.6432,0.727,0.3701,0.4529,0.0,0.3056,0.3093,0.6546,上升趋势中的日线回调（关注买点）,-0.1818,0.6331,0.5625
600388,龙净环保,203.21,True,16.0,15.75,5,1.72,-11.79,-5.32,1.59,0.0029,2026-07-06,2026-07-13,52.3,-0.2165,-0.0724,0.4052,0.171,0.94,0.3246,0.3054,-0.2251,0.3875,月线震荡，中短期走弱,-0.3892,-0.3904,-0.0325
002690,美亚光电,61.42,True,14.16,14.48,4,2.34,-7.86,-2.17,-2.2,0.0268,2026-07-13,2026-07-13,45.29,0.3905,0.0721,0.2665,0.4631,0.7842,0.5558,0.3053,-0.7483,0.1259,多周期共振看空 ⬇⬇⬇,-0.3874,-0.75,-0.5625
600362,江西铜业,830.1,True,40.0,44.85,7,20.82,-11.15,-1.07,-10.81,0.0,2026-07-13,2026-07-13,29.06,0.8868,0.3423,0.8583,0.869,0.4235,0.0,0.3051,-0.4581,0.271,多周期共振看空 ⬇⬇⬇,-0.2328,-0.4697,-0.3375
601112,振石股份,27.28,True,15.39,17.21,7,6.2,-10.57,-2.27,-10.57,0.0,2026-07-13,2026-07-13,30.98,0.817,-0.2864,0.5264,0.5757,0.4663,0.1226,0.3049,-0.1397,0.4302,周线日线方向不一致,-0.4657,0.0,
002641,公元股份,44.57,True,3.93,4.01,6,2.37,-9.42,-2.53,-1.9,0.0377,2026-07-13,2026-07-13,41.38,0.7172,-0.4915,0.3501,0.4337,0.6973,0.4165,0.3049,-0.5153,0.2424,多周期共振看空 ⬇⬇⬇,-0.2024,-0.464,-0.495
603012,创力集团,50.62,True,7.83,8.04,9,10.78,-14.96,-3.32,-2.55,0.0,2026-07-13,2026-07-13,41.49,0.4258,-0.2216,0.6428,0.3669,0.6998,0.0,0.3048,0.0115,0.5058,多周期方向不一致，观望,-0.1019,-0.1998,0.3375
603260,合盛硅业,443.92,True,37.55,46.32,15,26.84,-18.94,6.54,-18.94,0.0,2026-07-13,2026-07-13,29.91,0.7077,0.1569,0.8228,0.6874,0.4425,0.0,0.3048,-0.1926,0.4037,多周期方向不一致，观望,-0.0163,-0.3825,-0.45
600155,华创云信,117.54,True,5.31,5.53,9,4.38,-8.7,-0.67,-4.03,0.0795,2026-07-13,2026-07-13,34.85,0.6019,0.1473,0.3943,0.62,0.5522,0.3429,0.3043,-0.6856,0.1572,多周期共振看空 ⬇⬇⬇,-0.2268,-0.75,-0.5625
001387,雪祺电气,13.33,True,11.44,12.69,15,6.55,-9.83,0.22,-9.83,0.0,2026-07-13,2026-07-13,30.71,0.4256,0.602,0.5291,0.6553,0.4601,0.1182,0.3041,-0.2622,0.3689,多周期方向不一致，观望,-0.1495,-0.4617,-0.5625
600528,中铁工业,150.84,True,6.79,6.87,0,-0.27,-6.31,-3.1,-1.2,0.0,2026-07-13,2026-07-13,40.0,0.589,-0.0297,0.2266,0.5416,0.6667,0.6223,0.3041,-0.7315,0.1342,多周期共振看空 ⬇⬇⬇,-0.3823,-0.7175,-0.5625
603880,南卫股份,19.74,True,6.83,7.44,5,6.99,-9.37,-3.9,-8.16,0.0,2026-07-13,2026-07-13,41.41,-0.0749,0.4878,0.883,0.3951,0.6979,0.0,0.304,-0.038,0.481,月线看多，中短期调整中,-0.4162,-0.1617,0.3375
603629,利通电子,390.12,True,108.15,126.69,6,17.68,-26.14,-3.91,-14.63,0.0,2026-07-13,2026-07-13,34.69,0.429,-0.3721,1.1195,0.3086,0.5487,0.0,0.304,0.2795,0.6398,上升趋势中的日线回调（关注买点）,-0.2753,0.6129,0.5625
002580,圣阳股份,77.52,True,17.15,20.79,5,12.84,-17.51,-6.97,-17.51,0.0,2026-07-13,2026-07-13,30.98,0.8184,-0.2914,0.961,0.5744,0.4663,0.0,0.3038,-0.0482,0.4759,月线看多，中短期调整中,-0.4819,-0.2667,0.45
000682,东方电子,162.35,True,12.11,12.62,4,6.73,-12.25,-2.99,-4.01,0.0,2026-07-13,2026-07-13,24.03,0.8597,0.0761,0.5236,0.7463,0.3118,0.1273,0.3037,-0.2401,0.38,月线震荡，中短期走弱,-0.338,-0.4809,-0.0363
603355,莱克电气,146.33,True,25.52,27.95,14,15.87,-12.45,1.02,-8.69,0.031,2026-07-13,2026-07-13,37.32,0.1869,0.5597,0.8387,0.5122,0.6071,0.0,0.3036,-0.1934,0.4033,多周期方向不一致，观望,-0.1314,-0.3998,-0.3375
600198,大唐电信,105.2,True,8.08,9.05,15,9.1,-11.95,0.46,-10.72,0.0,2026-07-13,2026-07-13,35.73,0.8946,-0.7396,0.5795,0.5367,0.5718,0.0341,0.3035,-0.1446,0.4277,多周期方向不一致，观望,-0.1084,-0.1601,-0.3825
001312,福恩股份,10.01,True,17.52,19.05,2,0.72,-11.98,-4.38,-8.04,0.0,2026-07-13,2026-07-13,29.69,0.351,-0.1262,0.3561,0.3601,0.4376,0.4065,0.3033,0.0,0.5,周线日线方向不一致,0.0,,
603803,瑞斯康达,46.23,True,10.88,11.84,0,-0.09,-16.57,-6.41,-8.14,0.0,2026-07-13,2026-07-13,30.62,0.6105,0.1551,0.6318,0.6284,0.4581,0.0,0.303,-0.1309,0.4345,月线看多，中短期调整中,-0.5709,-0.314,0.18
002206,海 利 得,53.91,True,5.1,5.38,12,4.87,-5.24,-0.2,-5.24,0.1225,2026-07-13,2026-07-13,32.11,0.6503,-0.2022,0.3573,0.5093,0.4913,0.4045,0.303,-0.5978,0.2011,多周期共振看空 ⬇⬇⬇,-0.1556,-0.6854,-0.495
600522,中天科技,1410.23,True,41.32,54.04,14,33.2,-23.54,5.89,-23.54,0.0,2026-07-13,2026-07-13,25.34,0.4236,-0.3351,0.9231,0.3201,0.341,0.0,0.3027,0.5003,0.7501,上升趋势中的日线整理,-0.0152,0.75,0.5625
600223,福瑞达,54.39,True,5.35,5.28,4,1.63,-10.98,-4.82,1.39,0.0046,2026-07-09,2026-07-13,51.2,0.0307,0.6575,0.3011,0.4184,0.9156,0.4981,0.3025,-0.7578,0.1211,多周期共振看空 ⬇⬇⬇,-0.4119,-0.75,-0.5625
605399,晨光新材,37.51,True,12.04,13.76,9,9.41,-12.51,-0.34,-12.51,0.0,2026-07-13,2026-07-13,39.84,0.4626,0.8675,0.8024,0.6776,0.6632,0.0,0.3025,-0.4598,0.2701,多周期共振看空 ⬇⬇⬇,-0.2285,-0.4773,-0.3375
600731,湖南海利,28.82,True,5.32,5.37,3,2.7,-6.53,-2.46,-0.94,0.0407,2026-07-13,2026-07-13,44.65,0.632,-0.1266,0.386,0.5286,0.7701,0.3567,0.3024,-0.7334,0.1333,多周期共振看空 ⬇⬇⬇,-0.3923,-0.7131,-0.5625
600615,鑫源智造,19.76,True,8.77,9.62,4,6.9,-13.19,-3.56,-8.86,0.0,2026-07-13,2026-07-13,34.38,0.8039,0.4292,0.726,0.854,0.5418,0.0,0.3024,-0.5973,0.2013,多周期共振看空 ⬇⬇⬇,-0.2937,-0.4985,-0.5625
002831,裕同科技,192.77,True,26.99,32.52,14,27.07,-17.0,5.21,-17.0,0.0,2026-07-13,2026-07-13,18.59,0.3886,0.1728,0.6556,0.5023,0.191,0.0,0.3021,0.3837,0.6918,上升趋势中的日线整理,0.0361,0.4033,0.5625
002092,中泰化学,102.76,True,3.99,4.03,0,-1.0,-12.96,-6.45,-1.0,0.0,2026-07-13,2026-07-13,45.04,0.3297,1.0117,0.4319,0.5978,0.7786,0.2802,0.3021,-0.698,0.151,多周期共振看空 ⬇⬇⬇,-0.607,-0.6762,-0.3375
603335,迪生力,27.92,True,6.52,8.33,16,21.34,-21.69,4.99,-21.69,0.0,2026-07-13,2026-07-13,30.03,0.5499,-0.4358,1.0098,0.3556,0.4452,0.0,0.3018,0.3113,0.6557,上升趋势中的日线整理,-0.0172,0.3734,0.45
600613,神奇制药,23.06,True,4.81,4.7,4,2.43,-7.8,-3.12,2.43,0.11,2026-07-09,2026-07-13,47.9,-0.0404,1.4079,0.4152,0.4,0.8423,0.3081,0.3014,-0.7499,0.125,多周期共振看空 ⬇⬇⬇,-0.4022,-0.7408,-0.5625
600066,宇通客车,636.51,True,28.75,27.63,7,5.09,-14.96,-4.78,4.04,0.0931,2026-07-02,2026-07-13,67.82,-0.4427,-0.1232,0.4872,0.1507,0.7152,0.188,0.3013,-0.0627,0.4687,月线看多，中短期调整中,-0.2351,-0.277,0.18
600990,四创电子,46.62,True,17.33,18.5,6,9.79,-7.93,-1.47,-6.32,0.0,2026-07-13,2026-07-13,43.76,0.5418,1.7181,0.617,0.7251,0.7502,0.0,0.3012,-0.6508,0.1746,多周期共振看空 ⬇⬇⬇,-0.159,-0.7315,-0.5625
002981,朝阳科技,25.65,True,21.1,20.64,3,6.64,-25.02,-11.57,2.24,0.0,2026-07-10,2026-07-13,53.03,0.9416,-0.6846,0.7776,0.565,0.9562,0.0,0.3009,-0.6439,0.178,多周期共振看空 ⬇⬇⬇,-0.3507,-0.5521,-0.5625
000690,宝新能源,97.2,True,4.47,4.85,1,1.82,-11.74,-7.18,-7.83,0.0,2026-07-13,2026-07-13,20.48,0.875,-0.444,0.3688,0.5474,0.2329,0.3853,0.2999,-0.0645,0.4677,月线看多，中短期调整中,-0.4764,-0.1525,0.2538
600818,ST中路,13.44,True,5.65,5.73,7,5.23,-9.33,-1.21,-1.42,0.0769,2026-07-13,2026-07-13,45.77,0.2677,-0.1484,0.5384,0.3012,0.7949,0.1027,0.2997,-0.3052,0.3474,多周期方向不一致，观望,-0.138,-0.6608,-0.5625
601677,明泰铝业,186.24,True,14.98,16.21,0,-1.92,-9.24,-5.92,-7.6,0.0,2026-07-13,2026-07-13,35.94,0.6406,-0.3351,0.4424,0.4503,0.5764,0.2626,0.2995,-0.2259,0.3871,月线震荡，中短期走弱,-0.776,-0.1998,0.1055
603530,神马电力,196.21,True,45.9,51.63,3,3.35,-11.1,-3.73,-11.1,0.0,2026-07-13,2026-07-13,26.78,0.5127,0.2375,0.4883,0.6026,0.3729,0.1862,0.2995,-0.165,0.4175,月线看多，中短期调整中,-0.5133,-0.5256,0.18
000738,航发控制,221.21,True,16.82,18.15,2,1.78,-8.19,-2.96,-7.34,0.0,2026-07-13,2026-07-13,37.95,0.4312,0.9133,0.4545,0.6587,0.6212,0.2424,0.2995,-0.5975,0.2012,多周期共振看空 ⬇⬇⬇,-0.5437,-0.5097,-0.3375
600959,江苏有线,145.52,True,2.91,3.0,0,-0.35,-11.64,-7.03,-2.95,0.0,2026-07-13,2026-07-13,35.38,0.5299,0.3656,0.2664,0.6642,0.5641,0.556,0.2992,-0.7905,0.1048,多周期共振看空 ⬇⬇⬇,-0.682,-0.6577,-0.495
601966,玲珑轮胎,156.01,True,10.66,10.71,0,-0.32,-11.4,-5.48,-0.46,0.0,2026-07-13,2026-07-13,49.37,0.0976,0.807,0.2905,0.4586,0.8748,0.5159,0.2987,-0.807,0.0965,多周期共振看空 ⬇⬇⬇,-0.538,-0.75,-0.5625
002148,北纬科技,26.6,True,5.9,6.23,5,12.06,-11.17,-3.1,-5.25,0.0,2026-07-13,2026-07-13,43.43,0.5911,1.5964,0.7615,0.7547,0.743,0.0,0.2986,-0.7105,0.1447,多周期共振看空 ⬇⬇⬇,-0.3337,-0.7131,-0.5625
603766,隆鑫通用,248.48,True,12.1,12.13,7,11.05,-11.77,-2.39,-0.28,0.0445,2026-07-13,2026-07-13,54.26,-0.4875,0.9877,0.5643,0.4,0.9835,0.0596,0.2986,-0.586,0.207,多周期共振看空 ⬇⬇⬇,-0.2258,-0.5994,-0.495
002149,西部材料,198.58,True,40.68,49.91,0,-4.17,-21.49,-12.19,-18.49,0.0,2026-07-13,2026-07-13,35.97,0.6826,-0.2052,0.788,0.5275,0.577,0.0,0.2978,-0.1539,0.423,月线看多，中短期调整中,-0.821,-0.209,0.18
603284,林平发展,6.62,True,35.83,37.58,3,4.64,-8.67,-3.54,-4.66,0.0,2026-07-13,2026-07-13,36.68,0.4832,-0.1907,0.3905,0.4137,0.5928,0.3491,0.2976,-0.2715,0.3642,周线日线方向不一致,-0.4177,,
600587,新华医疗,73.59,True,12.13,12.09,3,1.5,-8.0,-3.06,0.37,0.0473,2026-07-10,2026-07-13,50.16,-0.1839,0.4457,0.3497,0.3783,0.8925,0.4172,0.2975,-0.7437,0.1281,多周期共振看空 ⬇⬇⬇,-0.3758,-0.75,-0.5625
002581,*ST未名,14.55,True,3.63,3.43,1,5.86,-19.62,-9.88,5.86,0.0,2026-07-10,2026-07-13,52.94,0.6064,0.2554,0.6794,0.666,0.9542,0.0,0.2975,-0.8304,0.0848,多周期共振看空 ⬇⬇⬇,-0.598,-0.75,-0.5625
601038,一拖股份,84.0,True,11.48,11.39,8,11.49,-12.52,-2.97,0.82,0.0735,2026-07-01,2026-07-13,53.67,0.2222,-0.1993,0.4864,0.2536,0.9705,0.1894,0.2972,-0.5208,0.2396,多周期共振看空 ⬇⬇⬇,-0.1557,-0.5162,-0.495
002379,宏桥控股,180.68,True,15.9,15.54,1,2.32,-16.68,-11.24,2.32,0.0,2026-07-10,2026-07-13,47.77,0.4653,1.3032,0.632,0.6792,0.8394,0.0,0.2971,-0.7175,0.1412,多周期共振看空 ⬇⬇⬇,-0.625,-0.7038,-0.3375
603026,石大胜华,152.51,True,65.54,86.61,11,12.56,-24.33,-2.48,-24.33,0.0,2026-07-13,2026-07-13,16.16,0.7009,0.461,0.778,0.805,0.1369,0.0,0.2969,-0.0771,0.4615,月线看多，中短期调整中,-0.403,-0.314,0.2925
605006,山东玻纤,100.2,True,15.33,20.66,13,36.5,-25.81,3.23,-25.81,0.0,2026-07-13,2026-07-13,34.35,0.4654,-0.5869,1.1511,0.2792,0.541,0.0,0.2968,0.2784,0.6392,上升趋势中的日线回调（关注买点）,-0.3117,0.6406,0.5625
002335,科华数据,221.47,True,33.57,38.78,7,12.12,-13.98,-2.0,-13.44,0.0,2026-07-13,2026-07-13,35.86,0.7735,0.1229,0.7129,0.7133,0.5748,0.0,0.2967,-0.4572,0.2714,多周期共振看空 ⬇⬇⬇,-0.3477,-0.3243,-0.3825
605183,确成股份,56.96,True,13.81,15.05,10,10.39,-8.24,-0.42,-8.24,0.0,2026-07-13,2026-07-13,38.85,0.7654,0.0229,0.4868,0.6684,0.6411,0.1886,0.2964,-0.6184,0.1908,多周期共振看空 ⬇⬇⬇,-0.2342,-0.5959,-0.5625
000751,锌业股份,63.3,True,4.49,5.49,13,18.14,-18.25,2.25,-18.25,0.0,2026-07-13,2026-07-13,26.38,0.7848,0.3054,0.8264,0.793,0.364,0.0,0.2963,-0.3356,0.3322,多周期共振看空 ⬇⬇⬇,-0.167,-0.3694,-0.225
002389,航天彩虹,171.25,True,17.39,18.08,2,1.37,-8.34,-3.36,-3.83,0.0,2026-07-13,2026-07-13,43.32,0.2697,0.5926,0.4005,0.5618,0.7405,0.3325,0.2959,-0.6864,0.1568,多周期共振看空 ⬇⬇⬇,-0.3492,-0.6468,-0.5625
603293,埃泰克,12.79,True,36.45,40.5,2,1.63,-15.81,-5.31,-10.0,0.0,2026-07-13,2026-07-13,33.78,0.2337,0.0227,0.4698,0.3493,0.5285,0.217,0.2958,0.0,0.5,周线日线方向不一致,0.0,,
603085,天成自控,42.29,True,10.65,11.21,0,-1.48,-13.88,-7.1,-5.03,0.0,2026-07-13,2026-07-13,38.21,0.676,-0.032,0.5301,0.5928,0.6269,0.1165,0.2954,-0.4304,0.2848,多周期共振看空 ⬇⬇⬇,-0.5353,-0.217,-0.27
002138,顺络电子,370.16,True,48.93,65.11,15,32.42,-24.85,9.87,-24.85,0.0,2026-07-13,2026-07-13,31.84,0.0477,-0.1151,1.0383,0.1826,0.4853,0.0,0.2953,0.4881,0.744,上升趋势中的日线整理,0.114,0.6075,0.5625
002615,哈尔斯,20.67,True,6.84,7.01,6,7.01,-16.95,-5.3,-2.47,0.0,2026-07-13,2026-07-13,53.56,0.1793,1.0306,0.7058,0.5076,0.968,0.0,0.2952,-0.6121,0.194,多周期共振看空 ⬇⬇⬇,-0.4024,-0.4379,-0.5625
603165,荣晟环保,41.94,True,13.41,14.0,1,1.51,-14.56,-5.94,-4.22,0.0,2026-07-13,2026-07-13,42.78,0.1994,0.0443,0.5699,0.3374,0.7283,0.0502,0.2952,-0.0923,0.4538,月线看多，中短期调整中,-0.4452,-0.2379,0.18
603899,晨光股份,197.45,True,21.56,21.39,5,2.29,-6.62,-2.01,0.81,0.1201,2026-07-09,2026-07-13,51.94,-0.1342,-0.1798,0.2621,0.1281,0.932,0.5632,0.295,-0.702,0.149,多周期共振看空 ⬇⬇⬇,-0.2688,-0.75,-0.5625
603256,宏和科技,1662.68,True,189.0,243.04,14,31.04,-22.23,9.69,-22.23,0.0,2026-07-13,2026-07-13,33.99,0.0412,-0.2812,1.0093,0.1123,0.5331,0.0,0.2949,0.5396,0.7698,上升趋势中的日线整理,0.1038,0.75,0.5625
603006,联明股份,28.53,True,11.22,13.54,12,8.15,-17.12,-0.44,-17.12,0.0,2026-07-13,2026-07-13,26.42,0.7486,-0.0133,0.5819,0.6439,0.3649,0.0302,0.2941,-0.1398,0.4301,多周期方向不一致，观望,-0.1457,-0.1747,-0.315
002199,*ST东晶,26.72,True,11.57,12.27,1,1.33,-12.28,-6.09,-5.69,0.0,2026-07-13,2026-07-13,43.38,0.2057,-0.635,0.487,0.1234,0.7419,0.1884,0.2938,0.1119,0.5559,上升趋势中的日线回调（关注买点）,-0.4843,0.2287,0.5625
603226,菲林格尔,169.36,True,47.64,53.05,11,13.77,-10.19,1.06,-10.19,0.0,2026-07-13,2026-07-13,33.79,0.4104,-0.5736,0.6352,0.2463,0.5287,0.0,0.2936,0.3206,0.6603,上升趋势中的日线回调（关注买点）,-0.1589,0.6515,0.5625
002752,昇兴股份,58.34,True,5.98,6.04,5,5.39,-11.61,-3.64,-1.05,0.0,2026-07-13,2026-07-13,42.86,0.1943,0.0972,0.3963,0.3554,0.7302,0.3395,0.2935,-0.3686,0.3157,多周期共振看空 ⬇⬇⬇,-0.2423,-0.4156,-0.1868
600104,上汽集团,1142.63,True,9.94,10.14,0,-0.71,-12.06,-7.22,-2.01,0.0,2026-07-13,2026-07-13,40.61,0.719,-0.2024,0.234,0.5504,0.6802,0.61,0.2934,-0.838,0.081,多周期共振看空 ⬇⬇⬇,-0.6175,-0.75,-0.5625
002571,德力股份,30.16,True,10.11,10.58,0,-2.27,-12.68,-7.16,-4.44,0.0,2026-07-13,2026-07-13,40.79,0.5276,-0.2885,0.4924,0.4011,0.6843,0.1793,0.2932,-0.2612,0.3694,月线震荡，中短期走弱,-0.5514,-0.4059,0.0006
002189,中光学,49.39,True,18.91,20.6,7,9.26,-8.46,-1.24,-8.22,0.0,2026-07-13,2026-07-13,46.22,0.5879,-0.1827,0.5262,0.4797,0.8048,0.123,0.293,-0.4878,0.2561,多周期共振看空 ⬇⬇⬇,-0.2634,-0.4639,-0.3825
601869,长飞光纤,1551.68,True,381.87,483.7,14,29.41,-21.05,4.8,-21.05,0.0,2026-07-13,2026-07-13,21.33,0.3896,-0.2195,0.92,0.346,0.2517,0.0,0.293,0.4886,0.7443,上升趋势中的日线整理,0.0064,0.7011,0.5625
605099,共创草坪,125.66,True,31.3,32.68,0,-1.97,-14.61,-8.94,-4.23,0.0,2026-07-13,2026-07-13,39.26,0.8217,-0.7246,0.3185,0.493,0.6502,0.4692,0.293,-0.6005,0.1997,多周期共振看空 ⬇⬇⬇,-0.664,-0.4131,-0.3375
001400,江顺科技,43.23,True,93.51,110.0,9,10.63,-14.99,-1.83,-14.99,0.0,2026-07-13,2026-07-13,43.58,0.4836,-0.4074,0.9062,0.3272,0.7462,0.0,0.293,-0.0752,0.4624,月线看多，中短期调整中,-0.4035,-0.3048,0.2925
603687,大胜达,79.31,True,14.42,18.19,14,11.32,-20.74,0.65,-20.74,0.0,2026-07-13,2026-07-13,34.86,0.618,-0.4676,0.8389,0.3837,0.5523,0.0,0.2929,0.0663,0.5332,多周期方向不一致，观望,-0.1893,0.0037,0.45
000715,中兴商业,22.96,True,4.72,4.76,2,0.89,-7.12,-2.81,-0.82,0.0244,2026-07-13,2026-07-13,47.2,0.5183,-0.1938,0.36,0.4334,0.8267,0.4,0.2925,-0.7239,0.1381,多周期共振看空 ⬇⬇⬇,-0.3572,-0.7223,-0.5625
002980,华盛昌,87.91,True,86.79,110.92,6,11.32,-21.75,-4.42,-21.75,0.0,2026-07-13,2026-07-13,31.47,0.3679,-0.1941,0.9574,0.3431,0.4772,0.0,0.2924,0.2174,0.6087,上升趋势中的日线回调（关注买点）,-0.3773,0.4916,0.5625
002465,海格通信,302.8,True,12.22,12.86,1,4.97,-14.61,-8.94,-5.01,0.0,2026-07-13,2026-07-13,46.06,0.3027,0.43,0.6749,0.5536,0.8013,0.0,0.2923,-0.5092,0.2454,多周期共振看空 ⬇⬇⬇,-0.4465,-0.399,-0.3375
603175,超颖电子,35.69,True,78.48,88.58,10,16.65,-11.4,-0.54,-11.4,0.0,2026-07-13,2026-07-13,27.06,0.6472,0.3566,0.6853,0.731,0.379,0.0,0.2923,-0.2863,0.3569,周线日线共振看空,-0.2772,-0.2055,
603977,国泰集团,73.8,True,11.88,14.13,9,16.8,-15.93,-0.17,-15.93,0.0,2026-07-13,2026-07-13,36.47,0.5982,0.2679,0.6868,0.6661,0.5883,0.0,0.2921,-0.4351,0.2824,多周期共振看空 ⬇⬇⬇,-0.2572,-0.5107,-0.225
002977,*ST天箭,15.86,True,23.8,23.4,7,10.16,-17.7,-5.53,1.72,0.0162,2026-07-02,2026-07-13,50.0,0.2417,0.5453,0.7365,0.545,0.8889,0.0,0.292,-0.6416,0.1792,多周期共振看空 ⬇⬇⬇,-0.2001,-0.6762,-0.5625
603038,华立股份,39.47,True,14.69,15.3,7,2.71,-7.23,-1.99,-4.0,0.0291,2026-07-13,2026-07-13,44.42,0.1954,0.267,0.4348,0.4241,0.7648,0.2753,0.2919,-0.5515,0.2243,多周期共振看空 ⬇⬇⬇,-0.3178,-0.3772,-0.5625
603399,永杉锂业,76.79,True,14.99,20.17,16,20.29,-25.67,4.78,-25.67,0.0,2026-07-13,2026-07-13,32.73,0.6053,-0.3672,0.9599,0.4163,0.5052,0.0,0.2918,0.0624,0.5312,多周期方向不一致，观望,-0.1161,-0.0763,0.45
603330,天洋新材,30.94,True,7.15,8.04,11,17.01,-11.07,1.05,-11.07,0.0,2026-07-13,2026-07-13,36.72,0.6668,-0.7357,0.6868,0.4001,0.5938,0.0,0.2915,-0.0206,0.4897,多周期方向不一致，观望,-0.1255,0.3879,-0.3709
603219,富佳股份,79.49,True,14.16,15.12,5,10.2,-12.22,-3.5,-6.37,0.0,2026-07-13,2026-07-13,46.35,0.6418,0.046,0.585,0.6035,0.8077,0.025,0.2914,-0.624,0.188,多周期共振看空 ⬇⬇⬇,-0.4533,-0.4204,-0.5625
603229,奥翔药业,67.17,True,8.09,8.12,2,1.84,-12.65,-6.7,-0.42,0.0,2026-07-13,2026-07-13,47.19,0.3119,0.3673,0.4471,0.534,0.8265,0.2549,0.2912,-0.7206,0.1397,多周期共振看空 ⬇⬇⬇,-0.6025,-0.5048,-0.5625
603281,江瀚新材,104.61,True,20.17,26.19,13,17.25,-22.98,1.97,-22.98,0.0,2026-07-13,2026-07-13,32.56,0.2852,0.2997,0.8135,0.491,0.5013,0.0,0.2905,-0.0633,0.4683,多周期方向不一致，观望,-0.2144,-0.1156,0.0212
002230,科大讯飞,917.31,True,41.9,41.38,3,4.34,-13.55,-5.05,1.26,0.0,2026-07-08,2026-07-13,48.97,0.4468,-0.1102,0.4152,0.424,0.8661,0.308,0.2903,-0.6416,0.1792,多周期共振看空 ⬇⬇⬇,-0.3078,-0.5838,-0.5625
600645,中源协和,84.11,True,17.98,18.04,4,6.9,-10.39,-3.87,-0.31,0.0,2026-07-13,2026-07-13,47.54,0.3626,0.4168,0.5148,0.5843,0.8342,0.142,0.2902,-0.7279,0.1361,多周期共振看空 ⬇⬇⬇,-0.4322,-0.6669,-0.5625
603267,鸿远电子,127.33,True,55.1,70.91,12,14.72,-22.29,-1.54,-22.29,0.0,2026-07-13,2026-07-13,30.4,0.4622,-0.2031,0.8575,0.396,0.4532,0.0,0.2901,0.1431,0.5716,上升趋势中的日线回调（关注买点）,-0.2128,0.3717,0.2918
000913,钱江摩托,53.99,True,10.38,10.79,4,6.86,-8.54,-3.69,-3.82,0.0,2026-07-13,2026-07-13,31.82,0.669,0.398,0.4456,0.7606,0.4848,0.2573,0.2898,-0.6863,0.1568,多周期共振看空 ⬇⬇⬇,-0.4678,-0.5448,-0.5625
000933,神火股份,519.83,True,23.13,22.82,2,2.01,-18.51,-10.49,1.37,0.0,2026-07-09,2026-07-13,50.78,0.2533,0.9874,0.6812,0.552,0.9062,0.0,0.2893,-0.6562,0.1719,多周期共振看空 ⬇⬇⬇,-0.543,-0.6392,-0.3375
002443,金洲管道,47.79,True,9.2,10.34,2,0.56,-15.05,-6.58,-10.99,0.0,2026-07-13,2026-07-13,24.89,0.5086,0.2838,0.6191,0.6187,0.3308,0.0,0.2887,-0.0772,0.4614,多周期方向不一致，观望,-0.6236,-0.1422,0.3375
603660,苏州科达,54.01,True,9.45,11.64,8,12.3,-18.85,-2.74,-18.85,0.0,2026-07-13,2026-07-13,14.99,0.6992,0.3118,0.7081,0.7443,0.1109,0.0,0.2886,-0.0152,0.4924,多周期方向不一致，观望,-0.4048,-0.1411,0.4212
603985,恒润股份,87.16,True,19.77,23.12,9,6.53,-14.49,-2.07,-14.49,0.0,2026-07-13,2026-07-13,32.61,0.4061,0.0087,0.6386,0.4471,0.5025,0.0,0.2885,-0.0103,0.4949,月线看多，中短期调整中,-0.3385,-0.209,0.45
605288,凯迪股份,65.78,True,66.93,80.57,16,23.0,-16.93,6.49,-16.93,0.0,2026-07-13,2026-07-13,31.49,0.4335,-0.2526,0.9245,0.3591,0.4777,0.0,0.2881,0.1574,0.5787,月线震荡，中短期走强,0.2987,0.3406,-0.0675
002962,五方光电,27.99,True,13.38,17.54,4,13.58,-23.73,-7.58,-23.73,0.0,2026-07-13,2026-07-13,31.19,0.8862,-0.646,0.9446,0.5317,0.4709,0.0,0.2876,-0.1151,0.4425,多周期方向不一致，观望,-0.4676,-0.1052,0.0
002950,奥美医疗,37.21,True,8.66,9.24,8,9.67,-10.92,-2.07,-6.28,0.0,2026-07-13,2026-07-13,34.65,0.8377,-0.0015,0.6198,0.702,0.5477,0.0,0.2875,-0.4803,0.2599,多周期共振看空 ⬇⬇⬇,-0.3021,-0.4592,-0.3375
600761,安徽合力,143.67,True,16.13,16.66,5,5.35,-8.29,-1.67,-3.2,0.0221,2026-07-13,2026-07-13,37.29,0.638,-0.0474,0.4176,0.5638,0.6065,0.3039,0.2874,-0.6268,0.1866,多周期共振看空 ⬇⬇⬇,-0.3498,-0.5153,-0.5625
600392,盛和资源,407.71,True,23.26,28.54,16,38.02,-18.51,7.85,-18.51,0.0,2026-07-13,2026-07-13,23.98,0.7388,-0.0783,0.9116,0.6119,0.3106,0.0,0.2874,-0.0527,0.4737,多周期方向不一致，观望,0.0864,-0.0806,-0.225
001266,宏英智能,21.52,True,37.01,47.34,9,9.73,-21.82,-2.6,-21.82,0.0,2026-07-13,2026-07-13,15.22,0.7272,0.2055,0.7112,0.7185,0.1161,0.0,0.2874,0.0099,0.505,多周期方向不一致，观望,-0.4123,-0.0529,0.45
000519,中兵红箭,219.61,True,15.77,20.01,16,14.86,-21.19,1.11,-21.19,0.0,2026-07-13,2026-07-13,21.15,0.4984,1.0561,0.7854,0.6991,0.2478,0.0,0.2871,-0.1189,0.4405,多周期方向不一致，观望,-0.0877,-0.2225,-0.225
601126,四方股份,422.44,True,51.2,63.77,2,5.09,-19.72,-9.83,-19.72,0.0,2026-07-13,2026-07-13,23.57,0.6735,0.0372,0.7859,0.6189,0.3016,0.0,0.2869,-0.0566,0.4717,多周期方向不一致，观望,-0.6817,-0.1144,0.45
002225,濮耐股份,38.23,True,4.03,4.4,16,13.6,-8.47,4.39,-8.47,0.1524,2026-07-13,2026-07-13,41.09,0.37,-0.6749,0.7197,0.222,0.6908,0.0,0.2869,-0.2545,0.3728,多周期方向不一致，观望,0.0555,-0.6037,-0.5625
002326,永太科技,147.81,True,18.29,23.49,13,18.73,-22.15,1.98,-22.15,0.0,2026-07-13,2026-07-13,30.19,0.626,0.3834,0.8587,0.729,0.4486,0.0,0.2867,-0.4108,0.2946,多周期共振看空 ⬇⬇⬇,-0.2603,-0.3422,-0.3375
600375,汉马科技,55.29,True,3.78,3.88,3,2.35,-11.64,-4.36,-2.59,0.0,2026-07-13,2026-07-13,43.8,0.4695,0.597,0.56,0.6817,0.7511,0.0667,0.2866,-0.7524,0.1238,多周期共振看空 ⬇⬇⬇,-0.4302,-0.7223,-0.5625
002446,盛路通信,80.28,True,9.47,10.82,13,13.75,-12.52,1.33,-12.52,0.0,2026-07-13,2026-07-13,33.05,0.5204,-0.0797,0.7848,0.4803,0.5121,0.0,0.2866,-0.0904,0.4548,多周期方向不一致，观望,-0.0678,-0.1143,-0.225
603195,公牛集团,664.26,True,36.9,38.59,1,0.45,-4.39,-2.38,-4.39,0.0,2026-07-13,2026-07-13,32.57,0.3425,0.3832,0.2101,0.5588,0.5015,0.6499,0.2865,-0.7235,0.1382,多周期共振看空 ⬇⬇⬇,-0.7193,-0.4786,-0.495
603936,博敏电子,109.94,True,17.44,24.17,14,21.1,-27.84,0.41,-27.84,0.0,2026-07-13,2026-07-13,14.46,0.7031,0.0664,0.7871,0.6484,0.0991,0.0,0.2862,0.1332,0.5666,上升趋势中的日线回调（关注买点）,-0.293,0.2489,0.45
605507,国邦医药,117.9,True,15.07,15.29,7,3.5,-5.44,-1.11,-1.47,0.1221,2026-07-13,2026-07-13,48.64,0.235,-0.2347,0.403,0.2471,0.8587,0.3283,0.2862,-0.6919,0.1541,多周期共振看空 ⬇⬇⬇,-0.3756,-0.7038,-0.495
600595,中孚实业,231.66,True,5.78,5.94,0,-0.88,-15.8,-7.79,-2.64,0.0,2026-07-13,2026-07-13,46.86,0.3126,0.3543,0.5941,0.5293,0.8191,0.0098,0.2862,-0.548,0.226,多周期共振看空 ⬇⬇⬇,-0.4438,-0.4865,-0.3375
603486,科沃斯,291.55,True,50.85,51.33,2,1.02,-12.3,-6.82,-0.93,0.0,2026-07-13,2026-07-13,48.6,0.6065,-0.2399,0.3981,0.4679,0.8577,0.3365,0.2859,-0.7601,0.12,多周期共振看空 ⬇⬇⬇,-0.5948,-0.5983,-0.5625
600356,恒丰纸业,23.42,True,7.84,7.88,2,2.23,-8.88,-4.41,-0.46,0.0,2026-07-13,2026-07-13,43.88,0.0545,0.7507,0.3183,0.4327,0.7528,0.4695,0.2856,-0.6862,0.1569,多周期共振看空 ⬇⬇⬇,-0.4806,-0.5337,-0.5625
002444,巨星科技,324.29,True,28.28,30.83,9,9.48,-8.27,-0.94,-8.27,0.0,2026-07-13,2026-07-13,46.91,0.0882,1.3899,0.5802,0.4529,0.8201,0.0329,0.2854,-0.4518,0.2741,多周期共振看空 ⬇⬇⬇,-0.2967,-0.4012,-0.3375
603579,荣泰健康,34.66,True,17.24,18.35,8,8.49,-9.96,-1.94,-6.03,0.0,2026-07-13,2026-07-13,36.49,0.5477,0.4078,0.5445,0.6918,0.5886,0.0924,0.2852,-0.6053,0.1974,多周期共振看空 ⬇⬇⬇,-0.3862,-0.4369,-0.5625
600740,山西焦化,85.83,True,3.35,3.38,0,-1.03,-13.03,-6.33,-1.03,0.0,2026-07-13,2026-07-13,41.76,0.7789,-0.3654,0.3495,0.5212,0.7057,0.4175,0.2849,-0.7357,0.1321,多周期共振看空 ⬇⬇⬇,-0.5094,-0.6854,-0.495
600239,ST云城,22.16,True,1.38,1.37,8,5.92,-12.95,-2.88,0.62,0.0708,2026-07-01,2026-07-13,52.73,-0.2472,-0.2459,0.5041,0.1017,0.9495,0.1599,0.2849,-0.321,0.3395,多周期方向不一致，观望,-0.1148,-0.75,-0.5625
603063,禾望电气,184.06,True,39.82,47.86,2,4.83,-16.79,-8.33,-16.79,0.0,2026-07-13,2026-07-13,36.49,0.4256,-0.1993,0.8347,0.3756,0.5886,0.0,0.2847,-0.0299,0.485,多周期方向不一致，观望,-0.5448,-0.1144,0.45
002715,登云股份,19.33,True,14.01,14.08,5,8.18,-10.72,-4.43,-0.5,0.0,2026-07-13,2026-07-13,47.21,0.271,1.1628,0.6339,0.5626,0.8268,0.0,0.2846,-0.6157,0.1921,多周期共振看空 ⬇⬇⬇,-0.2568,-0.5706,-0.5625
600866,星湖科技,58.64,True,4.67,4.63,3,2.19,-9.42,-3.3,0.78,0.0473,2026-07-10,2026-07-13,45.6,0.1201,0.2108,0.3095,0.3564,0.7911,0.4842,0.2845,-0.7448,0.1276,多周期共振看空 ⬇⬇⬇,-0.4107,-0.7223,-0.5625
002913,奥士康,150.72,True,49.96,61.2,14,24.23,-18.37,4.16,-18.37,0.0,2026-07-13,2026-07-13,18.45,0.5486,-0.1414,0.7405,0.4726,0.1879,0.0,0.284,0.2903,0.6452,上升趋势中的日线整理,0.0197,0.2871,0.45
603205,健尔康,8.56,True,20.71,21.11,1,0.33,-10.62,-5.0,-1.91,0.0,2026-07-13,2026-07-13,37.48,0.5841,0.1914,0.3499,0.627,0.6106,0.4169,0.2838,-0.7988,0.1006,多周期共振看空 ⬇⬇⬇,-0.5493,-0.7223,-0.5625
603173,福斯达,51.82,True,32.39,35.19,10,11.34,-7.95,1.14,-7.95,0.0,2026-07-13,2026-07-13,35.92,0.7224,-0.3504,0.535,0.4933,0.576,0.1084,0.2838,-0.2968,0.3516,多周期方向不一致，观望,-0.1379,-0.6238,-0.5625
002361,神剑股份,92.71,True,11.46,13.92,1,2.5,-23.1,-10.2,-17.67,0.0,2026-07-13,2026-07-13,33.92,0.7961,-0.6644,0.7666,0.4776,0.5315,0.0,0.2836,-0.1332,0.4334,月线看多，中短期调整中,-0.6082,-0.293,0.18
000902,新洋丰,136.79,True,11.97,12.21,3,1.87,-8.01,-2.52,-1.93,0.0182,2026-07-13,2026-07-13,45.45,0.408,0.0388,0.4185,0.4603,0.7879,0.3025,0.2836,-0.6988,0.1506,多周期共振看空 ⬇⬇⬇,-0.3932,-0.7038,-0.495
002534,西子洁能,144.85,True,17.55,19.04,9,8.25,-17.98,-3.46,-7.81,0.0,2026-07-13,2026-07-13,31.99,-0.7176,2.1726,0.7561,0.4,0.4887,0.0,0.2833,0.0402,0.5201,多周期方向不一致，观望,-0.3654,0.04,0.45
603551,奥普科技,34.57,True,9.1,9.19,2,1.79,-11.19,-4.78,-0.98,0.0,2026-07-13,2026-07-13,47.44,0.273,0.0907,0.2979,0.4001,0.8319,0.5035,0.2831,-0.7762,0.1119,多周期共振看空 ⬇⬇⬇,-0.556,-0.6669,-0.5625
000912,泸天化,51.74,True,3.3,3.38,0,-0.94,-9.44,-5.16,-2.42,0.0,2026-07-13,2026-07-13,38.96,0.8428,-0.3331,0.3262,0.5725,0.6436,0.4563,0.2829,-0.7899,0.105,多周期共振看空 ⬇⬇⬇,-0.6698,-0.6669,-0.495
603728,鸣志电器,234.11,True,55.89,60.87,5,9.86,-10.01,-2.76,-8.19,0.0,2026-07-13,2026-07-13,44.6,0.6516,-0.1016,0.7203,0.5503,0.7688,0.0,0.2825,-0.543,0.2285,多周期共振看空 ⬇⬇⬇,-0.3514,-0.3297,-0.5625
603350,安乃达,12.45,True,28.22,30.88,11,7.05,-8.6,-0.87,-8.6,0.0,2026-07-13,2026-07-13,28.72,0.6646,0.3517,0.4708,0.7395,0.4161,0.2153,0.2825,-0.5946,0.2027,多周期共振看空 ⬇⬇⬇,-0.2828,-0.5019,-0.5625
603667,五洲新春,215.91,True,58.96,65.0,4,13.13,-15.6,-6.14,-9.29,0.0,2026-07-13,2026-07-13,45.04,0.66,-0.299,0.7996,0.4764,0.7788,0.0,0.2822,-0.4392,0.2804,多周期共振看空 ⬇⬇⬇,-0.4782,-0.3145,-0.2409
000695,滨海能源,26.17,True,11.8,12.91,1,0.41,-14.25,-5.94,-8.62,0.0,2026-07-13,2026-07-13,24.77,0.8754,0.1433,0.5474,0.7826,0.3282,0.0876,0.2822,-0.4585,0.2707,多周期共振看空 ⬇⬇⬇,-0.7092,-0.2134,-0.1865
600875,东方电气,608.85,True,26.9,29.58,0,-0.18,-15.65,-6.95,-9.07,0.0,2026-07-13,2026-07-13,29.86,0.6557,-0.3535,0.4883,0.452,0.4413,0.1862,0.2821,-0.1453,0.4274,月线看多，中短期调整中,-0.4808,-0.4598,0.18
605298,必得科技,84.22,True,45.22,52.44,7,8.01,-13.76,-2.93,-13.76,0.0,2026-07-13,2026-07-13,18.01,0.5997,0.0545,0.4841,0.5816,0.1779,0.1931,0.282,-0.0424,0.4788,月线看多，中短期调整中,-0.483,-0.2379,0.45
600562,国睿科技,247.38,True,19.92,21.47,4,10.45,-10.79,-2.5,-7.21,0.0,2026-07-13,2026-07-13,43.32,0.4159,0.8543,0.6427,0.6495,0.7405,0.0,0.282,-0.6721,0.1639,多周期共振看空 ⬇⬇⬇,-0.314,-0.6456,-0.5625
002595,豪迈科技,526.22,True,45.68,47.63,1,1.66,-9.39,-4.72,-4.09,0.0,2026-07-13,2026-07-13,35.3,0.4352,0.3942,0.3715,0.6188,0.5622,0.3808,0.2817,-0.7161,0.142,多周期共振看空 ⬇⬇⬇,-0.675,-0.6577,-0.3375
603366,日出东方,51.47,True,6.33,6.77,6,7.88,-10.36,-3.78,-6.49,0.0,2026-07-13,2026-07-13,44.41,0.4826,0.5601,0.6303,0.6895,0.7647,0.0,0.2815,-0.7692,0.1154,多周期共振看空 ⬇⬇⬇,-0.6618,-0.5608,-0.5625
600983,惠而浦,54.42,True,7.1,7.35,3,3.0,-11.02,-4.45,-3.38,0.0,2026-07-13,2026-07-13,45.21,0.7082,-0.0915,0.4612,0.5883,0.7825,0.2313,0.2815,-0.8135,0.0932,多周期共振看空 ⬇⬇⬇,-0.5977,-0.7131,-0.5625
001296,长江材料,13.41,True,17.39,19.44,7,13.81,-11.5,-1.69,-10.53,0.0,2026-07-13,2026-07-13,30.97,0.8297,0.4632,0.8275,0.8831,0.4661,0.0,0.2814,-0.7208,0.1396,多周期共振看空 ⬇⬇⬇,-0.4065,-0.7408,-0.495
001696,宗申动力,155.72,True,17.47,21.39,13,41.21,-18.33,12.04,-18.33,0.0,2026-07-13,2026-07-13,32.25,0.7652,-0.7369,0.7465,0.4591,0.4945,0.0,0.2814,-0.0769,0.4616,多周期方向不一致，观望,0.0153,0.0989,-0.45
600363,联创光电,138.42,True,30.7,33.64,6,9.01,-13.06,-3.53,-8.73,0.0,2026-07-13,2026-07-13,46.25,0.571,0.2599,0.8259,0.6466,0.8055,0.0,0.2813,-0.7507,0.1246,多周期共振看空 ⬇⬇⬇,-0.3935,-0.75,-0.5625
600449,宁夏建材,58.72,True,12.28,12.49,6,11.76,-13.13,-3.94,-1.71,0.0,2026-07-13,2026-07-13,48.15,0.461,-0.0883,0.6035,0.4413,0.8479,0.0,0.2813,-0.4733,0.2633,多周期共振看空 ⬇⬇⬇,-0.2339,-0.2773,-0.5625
603688,石英股份,330.42,True,61.0,75.3,14,19.26,-20.31,1.65,-18.99,0.0,2026-07-13,2026-07-13,28.31,0.5699,-0.5149,0.849,0.3419,0.4069,0.0,0.2813,0.2147,0.6074,上升趋势中的日线回调（关注买点）,-0.2389,0.3641,0.5625
002900,哈三联,15.68,True,9.73,9.77,4,2.0,-7.58,-2.39,-0.38,0.0654,2026-07-13,2026-07-13,42.57,0.2422,0.2698,0.4579,0.4532,0.7237,0.2369,0.281,-0.692,0.154,多周期共振看空 ⬇⬇⬇,-0.243,-0.75,-0.5625
002213,大为股份,61.85,True,29.92,36.54,10,12.3,-18.12,-2.02,-18.12,0.0,2026-07-13,2026-07-13,25.65,0.7753,-0.3084,0.7501,0.5418,0.3479,0.0,0.2808,-0.0383,0.4808,月线看多，中短期调整中,-0.5045,-0.1998,0.45
605100,华丰股份,79.34,True,33.35,38.3,12,13.89,-12.92,1.89,-12.92,0.0,2026-07-13,2026-07-13,28.03,0.6777,-0.4743,0.6282,0.4169,0.4008,0.0,0.2807,0.0975,0.5487,多周期方向不一致，观望,-0.0466,0.0187,0.45
600459,贵研铂业,152.02,True,20.01,25.46,15,20.71,-21.4,3.76,-21.4,0.0,2026-07-13,2026-07-13,29.32,0.6506,-0.4869,0.8391,0.3956,0.4294,0.0,0.2806,0.0965,0.5483,多周期方向不一致，观望,-0.0902,0.3549,0.1466
601008,连云港,51.36,True,4.14,4.22,2,1.21,-8.57,-3.61,-1.9,0.0,2026-07-13,2026-07-13,40.48,0.6381,-0.4052,0.2963,0.4208,0.6772,0.5062,0.2806,-0.6459,0.177,多周期共振看空 ⬇⬇⬇,-0.3181,-0.5843,-0.5625
603683,晶华新材,82.14,True,28.5,30.54,10,8.74,-9.16,-0.21,-6.69,0.0,2026-07-13,2026-07-13,35.79,0.1314,-0.4004,0.623,0.1187,0.5731,0.0,0.2805,0.3666,0.6833,上升趋势中的日线整理,-0.0429,0.584,0.405
603630,拉芳家化,29.21,True,12.97,13.35,9,7.23,-9.46,-1.28,-2.86,0.0477,2026-07-13,2026-07-13,37.55,0.3864,0.0024,0.5886,0.4328,0.6122,0.019,0.2804,-0.3134,0.3433,多周期方向不一致，观望,-0.1083,-0.7223,-0.5625
600596,新安股份,152.91,True,11.33,14.92,13,19.36,-24.06,2.16,-24.06,0.0,2026-07-13,2026-07-13,29.95,0.6681,-0.3455,0.9365,0.4627,0.4434,0.0,0.2804,-0.0291,0.4854,多周期方向不一致，观望,-0.1623,0.0114,0.0
000807,云铝股份,799.7,True,23.06,23.45,0,-1.68,-14.97,-9.06,-1.68,0.0,2026-07-13,2026-07-13,44.82,0.2573,0.8628,0.6321,0.5544,0.7737,0.0,0.2804,-0.5724,0.2138,多周期共振看空 ⬇⬇⬇,-0.4308,-0.5512,-0.3375
600210,紫江企业,94.64,True,6.24,6.37,3,1.65,-4.56,-1.98,-2.11,0.0376,2026-07-13,2026-07-13,29.87,0.2076,0.7029,0.1601,0.5245,0.4416,0.7331,0.28,-0.8059,0.0971,多周期共振看空 ⬇⬇⬇,-0.5567,-0.7315,-0.5625
603529,爱玛科技,167.82,True,19.8,19.97,2,1.27,-7.99,-2.67,-0.86,0.019,2026-07-13,2026-07-13,47.24,0.2114,-0.0741,0.2461,0.2972,0.8276,0.5899,0.2797,-0.7488,0.1256,多周期共振看空 ⬇⬇⬇,-0.3887,-0.75,-0.5625
002328,新朋股份,40.01,True,7.01,7.58,0,-1.5,-17.76,-8.78,-7.56,0.0,2026-07-13,2026-07-13,32.9,-0.2759,0.2738,0.3932,0.3095,0.5089,0.3447,0.2794,-0.1463,0.4269,月线看多，中短期调整中,-0.6685,-0.3037,0.18
603677,奇精机械,26.62,True,13.82,13.32,1,3.75,-16.22,-9.98,3.75,0.0,2026-07-10,2026-07-13,47.29,0.3499,0.3891,0.5459,0.5655,0.8288,0.0902,0.2789,-0.7402,0.1299,多周期共振看空 ⬇⬇⬇,-0.5425,-0.5994,-0.5625
003037,三和管桩,33.37,True,5.57,5.88,5,6.41,-13.65,-6.89,-5.31,0.0,2026-07-13,2026-07-13,41.18,0.4776,0.4484,0.5293,0.6659,0.6928,0.1179,0.2787,-0.7618,0.1191,多周期共振看空 ⬇⬇⬇,-0.4329,-0.7408,-0.5625
603008,ST喜临门,29.39,True,7.98,8.42,5,5.07,-10.3,-3.89,-5.25,0.0,2026-07-13,2026-07-13,36.82,0.7986,-0.1798,0.3501,0.6073,0.596,0.4165,0.2786,-0.791,0.1045,多周期共振看空 ⬇⬇⬇,-0.5077,-0.7408,-0.5625
600495,晋西车轴,44.22,True,3.66,3.58,2,2.11,-9.81,-5.14,2.11,0.0099,2026-07-09,2026-07-13,46.43,0.2363,-0.0454,0.2989,0.3236,0.8095,0.5018,0.278,-0.6902,0.1549,多周期共振看空 ⬇⬇⬇,-0.3769,-0.6313,-0.5625
002960,青鸟智控,78.72,True,8.13,8.57,7,4.31,-5.17,-1.23,-5.13,0.0161,2026-07-13,2026-07-13,39.01,0.6708,-0.7862,0.3492,0.4025,0.6447,0.418,0.2779,-0.5679,0.2161,多周期共振看空 ⬇⬇⬇,-0.3422,-0.4598,-0.495
002508,老板电器,140.78,True,15.08,15.19,0,-0.64,-9.67,-4.22,-0.69,0.0,2026-07-13,2026-07-13,48.36,0.5128,-0.3524,0.2945,0.3667,0.8525,0.5092,0.2777,-0.7953,0.1023,多周期共振看空 ⬇⬇⬇,-0.5404,-0.7223,-0.5625
600602,云赛智联,186.39,True,17.35,16.8,4,3.25,-15.03,-5.51,3.25,0.0072,2026-07-08,2026-07-13,47.23,0.2218,0.6923,0.6101,0.5331,0.8273,0.0,0.2776,-0.6421,0.1789,多周期共振看空 ⬇⬇⬇,-0.3324,-0.5637,-0.5625
003007,直真科技,26.56,True,36.59,39.16,4,4.97,-14.67,-4.07,-6.57,0.0,2026-07-13,2026-07-13,41.94,0.4362,0.1108,0.6249,0.506,0.7098,0.0,0.2775,-0.4412,0.2794,多周期共振看空 ⬇⬇⬇,-0.3194,-0.3584,-0.3375
002246,北化股份,98.0,True,17.85,18.97,0,-2.17,-12.38,-6.12,-5.93,0.0,2026-07-13,2026-07-13,35.81,0.2479,1.3132,0.4111,0.5488,0.5736,0.3149,0.2775,-0.598,0.201,多周期共振看空 ⬇⬇⬇,-0.5263,-0.5256,-0.3375
002742,冀衡医药,18.55,True,3.54,3.58,3,2.12,-15.94,-6.85,-1.17,0.0,2026-07-13,2026-07-13,47.95,0.4921,0.0417,0.6224,0.5119,0.8432,0.0,0.2774,-0.6115,0.1942,多周期共振看空 ⬇⬇⬇,-0.4187,-0.4225,-0.5625
002171,楚江新材,173.32,True,10.74,13.69,12,25.65,-21.57,2.46,-21.57,0.0,2026-07-13,2026-07-13,23.77,0.8742,-0.3079,0.8487,0.6014,0.3061,0.0,0.2772,-0.1122,0.4439,多周期方向不一致，观望,-0.1862,-0.1086,-0.225
603577,汇金通,30.83,True,9.09,9.32,8,5.43,-11.96,-3.97,-2.43,0.0,2026-07-13,2026-07-13,46.15,0.4606,-0.1695,0.5218,0.4085,0.8034,0.1304,0.2769,-0.5069,0.2465,多周期共振看空 ⬇⬇⬇,-0.2618,-0.5521,-0.3375
601222,林洋能源,109.61,True,5.37,5.58,0,-2.02,-10.2,-6.19,-3.68,0.0,2026-07-13,2026-07-13,28.05,0.778,-0.402,0.2101,0.506,0.4011,0.6498,0.2767,-0.597,0.2015,多周期共振看空 ⬇⬇⬇,-0.5575,-0.4968,-0.3375
002170,芭田股份,82.41,True,10.47,11.15,5,2.11,-6.1,-1.93,-6.1,0.0,2026-07-13,2026-07-13,36.86,0.2887,0.4462,0.4523,0.5517,0.5969,0.2462,0.2767,-0.5827,0.2087,多周期共振看空 ⬇⬇⬇,-0.4047,-0.5962,-0.3375
002088,鲁阳节能,37.49,True,7.41,7.96,6,4.76,-7.43,-3.11,-6.93,0.0,2026-07-13,2026-07-13,32.84,0.8072,-0.0478,0.3448,0.6652,0.5076,0.4253,0.2766,-0.8006,0.0997,多周期共振看空 ⬇⬇⬇,-0.5323,-0.7408,-0.5625
002529,海源复材,16.69,True,6.42,7.24,2,4.63,-11.28,-5.89,-11.28,0.0,2026-07-13,2026-07-13,21.49,0.6985,0.7305,0.6229,0.8191,0.2553,0.0,0.2765,-0.4051,0.2974,多周期共振看空 ⬇⬇⬇,-0.637,-0.1786,-0.1658
000573,粤宏远Ａ,23.55,True,3.72,3.7,1,0.47,-13.08,-7.81,0.47,0.0,2026-07-10,2026-07-13,38.84,0.1732,1.6014,0.4694,0.5039,0.641,0.2177,0.2764,-0.5387,0.2307,多周期共振看空 ⬇⬇⬇,-0.5514,-0.4413,-0.27
601016,节能风电,196.85,True,3.26,3.7,0,-3.05,-16.0,-10.75,-11.83,0.0,2026-07-13,2026-07-13,36.77,0.5416,-0.4639,0.5656,0.3394,0.595,0.0573,0.2763,-0.0922,0.4539,月线看多，中短期调整中,-0.6177,-0.2471,0.3375
600426,华鲁恒升,502.62,True,18.28,19.34,0,-0.19,-10.79,-6.29,-5.49,0.0,2026-07-13,2026-07-13,40.21,0.2915,0.9286,0.4599,0.5749,0.6713,0.2335,0.2761,-0.7037,0.1482,多周期共振看空 ⬇⬇⬇,-0.6775,-0.6283,-0.3375
000576,甘化科工,28.2,True,6.5,7.06,5,14.96,-8.82,-2.66,-7.93,0.0,2026-07-13,2026-07-13,42.22,0.4739,1.8285,0.7232,0.6843,0.7159,0.0,0.2761,-0.7453,0.1274,多周期共振看空 ⬇⬇⬇,-0.3799,-0.75,-0.5625
002881,美格智能,68.52,True,37.65,38.47,0,-1.59,-17.52,-7.75,-2.14,0.0,2026-07-13,2026-07-13,45.82,0.54,-0.0485,0.7012,0.5046,0.796,0.0,0.2759,-0.5552,0.2224,多周期共振看空 ⬇⬇⬇,-0.3004,-0.4003,-0.5625
600227,赤天化,30.79,True,2.41,2.57,0,-1.22,-13.3,-7.9,-6.17,0.0,2026-07-13,2026-07-13,30.21,0.7093,0.1576,0.5058,0.6886,0.4491,0.157,0.2759,-0.5593,0.2203,多周期共振看空 ⬇⬇⬇,-0.498,-0.544,-0.2583
002585,双星新材,81.32,True,9.17,12.4,11,30.0,-26.03,1.9,-26.03,0.0,2026-07-13,2026-07-13,25.44,0.5577,-0.604,1.0284,0.3346,0.3431,0.0,0.2756,0.2574,0.6287,上升趋势中的日线回调（关注买点）,-0.3402,0.5944,0.5625
603685,晨丰科技,54.7,True,27.15,29.45,1,0.51,-10.51,-5.77,-7.81,0.0,2026-07-13,2026-07-13,34.38,-0.1803,0.4353,0.5525,0.3741,0.5418,0.0792,0.2753,-0.1097,0.4451,月线看多，中短期调整中,-0.5528,-0.2287,0.18
002283,天润工业,85.44,True,8.52,9.83,5,5.74,-19.04,-5.36,-13.33,0.0,2026-07-13,2026-07-13,30.17,0.5841,-0.1956,0.7982,0.4722,0.4483,0.0,0.2751,-0.0924,0.4538,月线看多，中短期调整中,-0.49,-0.1998,0.18
600955,维远股份,80.36,True,14.61,15.46,6,3.97,-7.77,-2.19,-5.49,0.0,2026-07-13,2026-07-13,31.46,0.562,0.1598,0.4672,0.6012,0.477,0.2214,0.275,-0.5112,0.2444,多周期共振看空 ⬇⬇⬇,-0.3846,-0.4564,-0.3375
002333,罗普斯金,31.19,True,4.68,4.83,6,2.74,-5.81,-1.93,-3.03,0.0374,2026-07-13,2026-07-13,39.18,0.1832,0.1102,0.2853,0.354,0.6483,0.5245,0.2748,-0.6555,0.1723,多周期共振看空 ⬇⬇⬇,-0.1818,-0.7223,-0.5625
601177,杭齿前进,51.63,True,12.83,13.34,5,14.71,-18.8,-7.05,-3.82,0.0,2026-07-13,2026-07-13,46.34,0.6988,-0.1497,0.722,0.5594,0.8075,0.0,0.2747,-0.6664,0.1668,多周期共振看空 ⬇⬇⬇,-0.4825,-0.4885,-0.5625
600308,华泰股份,48.54,True,3.2,3.16,3,1.41,-8.9,-4.29,1.35,0.0267,2026-07-09,2026-07-13,48.65,-0.3012,0.1705,0.3205,0.2682,0.8589,0.4659,0.2746,-0.6999,0.1501,多周期共振看空 ⬇⬇⬇,-0.396,-0.7038,-0.495
600252,中恒集团,64.64,True,2.03,1.91,2,6.01,-15.09,-6.37,6.01,0.0228,2026-07-09,2026-07-13,53.33,0.0051,2.6151,0.4944,0.4031,0.963,0.176,0.2746,-0.7994,0.1003,多周期共振看空 ⬇⬇⬇,-0.5186,-0.75,-0.5625
600741,华域汽车,502.86,True,15.95,16.14,1,0.82,-6.13,-2.25,-1.2,0.0247,2026-07-13,2026-07-13,38.08,0.3266,0.0835,0.2981,0.4294,0.624,0.5032,0.2739,-0.7067,0.1467,多周期共振看空 ⬇⬇⬇,-0.3669,-0.6762,-0.5625
603639,海利尔,34.97,True,10.29,10.38,2,1.48,-6.61,-2.96,-0.83,0.0242,2026-07-13,2026-07-13,44.88,0.0507,0.1848,0.2471,0.3043,0.7751,0.5882,0.2732,-0.7602,0.1199,多周期共振看空 ⬇⬇⬇,-0.4719,-0.7038,-0.5625
003011,海象新材,13.29,True,17.29,18.97,2,8.0,-12.08,-5.26,-8.87,0.0,2026-07-13,2026-07-13,37.55,0.6631,0.1427,0.7772,0.655,0.6122,0.0,0.2731,-0.5978,0.2011,多周期共振看空 ⬇⬇⬇,-0.5595,-0.4967,-0.3375
600433,冠豪高新,53.21,True,3.04,3.27,0,-0.28,-15.54,-8.16,-7.16,0.0,2026-07-13,2026-07-13,33.33,0.4068,0.0015,0.3372,0.4447,0.5185,0.4379,0.2731,-0.4996,0.2502,多周期共振看空 ⬇⬇⬇,-0.655,-0.2667,-0.27
002391,长青股份,22.75,True,5.01,5.11,2,2.44,-6.43,-2.55,-1.94,0.0,2026-07-13,2026-07-13,40.71,-0.1302,0.4829,0.2801,0.3932,0.6824,0.5331,0.2728,-0.6922,0.1539,多周期共振看空 ⬇⬇⬇,-0.4871,-0.6087,-0.495
002885,京泉华,72.96,True,30.75,40.02,4,8.71,-23.16,-5.82,-23.16,0.0,2026-07-13,2026-07-13,14.95,0.5686,0.3081,0.8693,0.6644,0.11,0.0,0.2728,-0.0123,0.4939,多周期方向不一致，观望,-0.456,-0.1133,0.45
600330,天通股份,265.31,True,21.51,29.36,9,13.42,-26.74,-4.22,-26.74,0.0,2026-07-13,2026-07-13,23.78,0.7301,-0.349,0.9302,0.4984,0.3063,0.0,0.2727,0.0167,0.5083,多周期方向不一致，观望,-0.4314,-0.0067,0.45
002686,亿利达,28.75,True,5.5,5.44,1,1.08,-12.98,-7.41,1.08,0.0,2026-07-10,2026-07-13,43.71,-0.3625,1.0176,0.3823,0.4,0.7492,0.3629,0.2724,-0.6502,0.1749,多周期共振看空 ⬇⬇⬇,-0.5425,-0.469,-0.495
600765,中航重机,199.18,True,12.83,13.35,2,1.06,-7.88,-2.9,-3.87,0.0,2026-07-13,2026-07-13,39.16,0.1881,0.7165,0.3361,0.5129,0.6481,0.4398,0.2724,-0.7712,0.1144,多周期共振看空 ⬇⬇⬇,-0.4678,-0.7315,-0.5625
603058,永吉股份,34.67,True,8.36,9.12,2,0.22,-8.88,-4.86,-8.37,0.0,2026-07-13,2026-07-13,28.83,0.8272,0.0825,0.469,0.7293,0.4185,0.2183,0.2723,-0.6652,0.1674,多周期共振看空 ⬇⬇⬇,-0.5339,-0.6669,-0.3375
600423,*ST柳化,19.49,True,2.44,2.39,7,7.74,-12.5,-4.45,2.31,0.0579,2026-07-07,2026-07-13,53.57,0.3297,-0.2117,0.5391,0.3131,0.9683,0.1014,0.2722,-0.7051,0.1475,多周期共振看空 ⬇⬇⬇,-0.2767,-0.75,-0.5625
603790,雅运股份,42.04,True,21.97,23.88,2,1.97,-14.67,-6.22,-8.01,0.0,2026-07-13,2026-07-13,33.25,-0.1106,0.6949,0.6734,0.4,0.5166,0.0,0.272,-0.084,0.458,月线看多，中短期调整中,-0.4558,-0.1894,0.18
002373,千方科技,96.84,True,7.03,7.33,0,-0.01,-11.07,-4.15,-4.15,0.0,2026-07-13,2026-07-13,31.34,0.4336,0.5266,0.3151,0.6602,0.4743,0.4749,0.2718,-0.8307,0.0847,多周期共振看空 ⬇⬇⬇,-0.5988,-0.75,-0.5625
603859,能科科技,100.55,True,41.09,48.8,12,12.65,-15.79,0.75,-15.79,0.0,2026-07-13,2026-07-13,35.8,0.5114,-0.6855,0.7414,0.3068,0.5733,0.0,0.2717,-0.0051,0.4975,月线压制，周线反弹受阻,-0.2205,0.3774,-0.225
002915,中欣氟材,47.85,True,16.61,20.11,12,13.64,-17.39,-1.39,-17.39,0.0,2026-07-13,2026-07-13,36.66,0.896,-0.1814,0.8381,0.6651,0.5924,0.0,0.2716,-0.6023,0.1989,多周期共振看空 ⬇⬇⬇,-0.3891,-0.4278,-0.5625
601311,XD骆驼股,88.92,True,7.58,7.67,1,1.3,-10.15,-3.22,-1.12,0.0,2026-07-13,2026-07-13,44.6,0.361,-0.1828,0.3071,0.3435,0.769,0.4882,0.2715,-0.6908,0.1546,多周期共振看空 ⬇⬇⬇,-0.4803,-0.544,-0.5625
600585,海螺水泥,679.55,True,16.99,17.01,1,0.3,-8.56,-4.51,-0.09,0.0,2026-07-13,2026-07-13,52.57,0.0154,0.0232,0.2666,0.2186,0.946,0.5556,0.2714,-0.7578,0.1211,多周期共振看空 ⬇⬇⬇,-0.4549,-0.7131,-0.5625
002360,ST同德,17.09,True,5.25,5.13,5,3.38,-18.32,-6.5,2.34,0.0,2026-07-09,2026-07-13,52.71,0.1091,-0.194,0.5815,0.1879,0.9492,0.0309,0.2714,-0.2927,0.3537,月线震荡，中短期走弱,-0.3404,-0.5625,-0.1297
600720,中交设计,50.15,True,4.97,5.09,0,-2.4,-11.93,-7.29,-2.43,0.0,2026-07-13,2026-07-13,39.47,0.5771,-0.1607,0.2829,0.482,0.655,0.5285,0.2714,-0.8088,0.0956,多周期共振看空 ⬇⬇⬇,-0.5425,-0.75,-0.5625
002984,森麒麟,97.09,True,13.6,13.89,2,3.51,-9.02,-3.77,-2.07,0.0,2026-07-13,2026-07-13,41.24,0.4588,-0.024,0.3284,0.4657,0.6942,0.4527,0.2712,-0.7706,0.1147,多周期共振看空 ⬇⬇⬇,-0.4447,-0.75,-0.5625
001386,马可波罗,15.08,True,14.02,14.85,4,2.77,-8.02,-3.95,-5.6,0.0,2026-07-13,2026-07-13,31.96,0.4446,0.1411,0.3147,0.5232,0.488,0.4754,0.2712,-0.6337,0.1831,周线日线共振看空,-0.6192,-0.45,
001258,立新能源,60.57,True,6.49,7.09,0,-6.49,-21.09,-14.71,-8.41,0.0,2026-07-13,2026-07-13,26.78,0.8324,-0.7281,0.3103,0.4994,0.3728,0.4828,0.2707,-0.4674,0.2663,多周期共振看空 ⬇⬇⬇,-0.5845,-0.2563,-0.27
002516,旷达科技,77.11,True,5.28,5.66,3,2.52,-8.92,-4.2,-6.71,0.0,2026-07-13,2026-07-13,21.82,0.5673,0.3687,0.351,0.6879,0.2626,0.4149,0.2705,-0.5841,0.208,多周期共振看空 ⬇⬇⬇,-0.4869,-0.3713,-0.495
601360,三六零,622.96,True,8.9,8.91,1,1.5,-11.94,-5.55,-0.15,0.0,2026-07-13,2026-07-13,42.47,0.0732,0.887,0.3869,0.4439,0.7216,0.3552,0.2703,-0.6976,0.1512,多周期共振看空 ⬇⬇⬇,-0.4546,-0.581,-0.5625
002111,威海广泰,43.45,True,8.89,9.22,2,0.19,-10.87,-4.63,-3.55,0.0,2026-07-13,2026-07-13,39.51,0.0464,0.6987,0.2979,0.4278,0.6557,0.5035,0.2703,-0.712,0.144,多周期共振看空 ⬇⬇⬇,-0.5684,-0.5152,-0.5625
002050,三花智控,1532.63,True,41.6,44.18,3,8.81,-8.33,-3.76,-5.83,0.0,2026-07-13,2026-07-13,46.2,0.6519,-0.3445,0.6358,0.4533,0.8044,0.0,0.2702,-0.5293,0.2354,多周期共振看空 ⬇⬇⬇,-0.4816,-0.3513,-0.3991
600096,云天化,482.36,True,26.46,30.56,10,11.45,-13.41,-0.74,-13.41,0.0,2026-07-13,2026-07-13,26.94,0.771,0.2574,0.6212,0.7655,0.3763,0.0,0.2701,-0.5154,0.2423,多周期共振看空 ⬇⬇⬇,-0.3656,-0.4818,-0.3375
603395,红四方,13.23,True,20.36,21.08,0,-2.77,-9.68,-5.52,-3.42,0.0,2026-07-13,2026-07-13,32.58,0.5837,0.1988,0.3131,0.6297,0.5018,0.4781,0.2696,-0.8357,0.0822,多周期共振看空 ⬇⬇⬇,-0.6115,-0.75,-0.5625
002392,北京利尔,79.41,True,6.86,8.09,9,11.93,-15.17,-1.07,-15.17,0.0,2026-07-13,2026-07-13,26.88,0.7499,0.117,0.8855,0.6967,0.3751,0.0,0.2693,-0.4109,0.2945,多周期共振看空 ⬇⬇⬇,-0.2941,-0.2236,-0.4275
603333,福华尚纬,48.23,True,7.76,7.98,3,4.27,-10.13,-4.32,-2.82,0.0,2026-07-13,2026-07-13,47.03,0.4639,-0.4801,0.5647,0.2863,0.8228,0.0588,0.2693,-0.338,0.331,多周期共振看空 ⬇⬇⬇,-0.3196,-0.2342,-0.2348
600935,华塑股份,77.16,True,2.2,2.29,5,2.98,-6.44,-2.33,-3.74,0.0,2026-07-13,2026-07-13,46.15,0.5739,-0.3215,0.4425,0.4157,0.8034,0.2626,0.269,-0.6877,0.1562,多周期共振看空 ⬇⬇⬇,-0.4508,-0.63,-0.495
002226,江南化工,118.41,True,4.47,4.61,0,-1.11,-11.58,-5.3,-3.13,0.0,2026-07-13,2026-07-13,36.36,0.5276,-0.0622,0.3004,0.4917,0.5859,0.4993,0.2685,-0.7409,0.1295,多周期共振看空 ⬇⬇⬇,-0.6375,-0.5195,-0.5625
002059,云南旅游,41.39,True,4.21,4.3,4,1.45,-7.08,-2.54,-2.12,0.0234,2026-07-13,2026-07-13,41.57,0.6059,-0.7377,0.2836,0.3635,0.7016,0.5274,0.2683,-0.7549,0.1225,多周期共振看空 ⬇⬇⬇,-0.415,-0.7408,-0.5625
002378,章源钨业,317.9,True,26.6,33.63,13,26.57,-20.89,3.07,-20.89,0.0,2026-07-13,2026-07-13,24.66,0.7509,-0.4298,0.9227,0.4786,0.3258,0.0,0.268,-0.0125,0.4938,多周期方向不一致，观望,-0.1443,-0.2237,0.2925
603833,欧派家居,194.26,True,31.89,31.88,4,1.35,-11.22,-5.12,0.02,0.0,2026-07-09,2026-07-13,50.51,0.3331,-0.3178,0.3141,0.2728,0.9003,0.4765,0.2679,-0.7549,0.1225,多周期共振看空 ⬇⬇⬇,-0.4366,-0.7223,-0.5625
603876,鼎胜新材,188.18,True,20.25,25.14,6,10.43,-19.46,-3.45,-19.46,0.0,2026-07-13,2026-07-13,20.72,0.2769,1.0113,0.5857,0.5661,0.2382,0.0238,0.2678,-0.0683,0.4658,月线看多，中短期调整中,-0.6605,-0.209,0.45
605259,绿田机械,30.13,True,17.47,18.07,5,3.08,-4.65,-1.44,-3.32,0.0556,2026-07-13,2026-07-13,38.26,0.2943,-0.0615,0.27,0.352,0.628,0.55,0.2677,-0.7483,0.1259,多周期共振看空 ⬇⬇⬇,-0.3874,-0.75,-0.5625
603556,海兴电力,109.12,True,22.44,21.77,3,5.07,-11.53,-5.69,3.08,0.0,2026-07-09,2026-07-13,53.22,-0.263,0.4615,0.5067,0.3846,0.9605,0.1555,0.2676,-0.7519,0.124,多周期共振看空 ⬇⬇⬇,-0.497,-0.7315,-0.495
603322,超讯通信,45.23,True,28.7,28.67,6,8.47,-16.05,-4.36,0.11,0.0,2026-07-09,2026-07-13,48.44,0.0445,1.8612,0.7923,0.4267,0.8541,0.0,0.2676,-0.5669,0.2166,多周期共振看空 ⬇⬇⬇,-0.2203,-0.4945,-0.5625
600688,上海石化,206.67,True,2.82,2.97,8,3.73,-5.0,-1.2,-5.0,0.0351,2026-07-13,2026-07-13,35.14,0.3579,-0.5535,0.3365,0.2147,0.5586,0.4392,0.2675,-0.3096,0.3452,多周期共振看空 ⬇⬇⬇,-0.1551,-0.2101,-0.3375
603285,键邦股份,25.08,True,40.26,47.49,10,15.8,-15.23,0.29,-15.23,0.0,2026-07-13,2026-07-13,36.55,0.2555,-0.2848,1.0207,0.2394,0.5901,0.0,0.2674,0.0481,0.5241,多周期方向不一致，观望,-0.1785,-0.0856,0.45
002067,景兴纸业,52.84,True,3.95,3.96,4,3.38,-16.19,-8.51,-0.13,0.0,2026-07-13,2026-07-13,47.96,0.1575,0.5364,0.6744,0.4945,0.8435,0.0,0.2673,-0.6654,0.1673,多周期共振看空 ⬇⬇⬇,-0.4449,-0.5185,-0.5625
600619,海立股份,104.01,True,13.18,14.58,5,7.25,-11.73,-3.41,-9.59,0.0,2026-07-13,2026-07-13,38.29,0.6223,0.2035,0.4868,0.6548,0.6287,0.1887,0.2671,-0.8164,0.0918,多周期共振看空 ⬇⬇⬇,-0.7176,-0.6167,-0.5625
600582,天地科技,196.17,True,4.74,4.71,5,2.0,-13.32,-4.68,0.58,0.0,2026-07-10,2026-07-13,48.84,0.391,-0.2077,0.3592,0.3515,0.863,0.4013,0.2671,-0.7825,0.1088,多周期共振看空 ⬇⬇⬇,-0.4751,-0.75,-0.5625
002491,通鼎互联,233.76,True,19.87,28.62,13,40.53,-30.57,4.64,-30.57,0.0,2026-07-13,2026-07-13,22.19,0.1816,-0.2307,1.132,0.2167,0.2709,0.0,0.267,0.4645,0.7323,上升趋势中的日线整理,-0.1002,0.7298,0.5625
000534,万泽股份,132.27,True,26.32,29.71,5,8.25,-12.8,-4.29,-11.4,0.0,2026-07-13,2026-07-13,37.31,0.5222,-0.3184,0.7319,0.3859,0.6069,0.0,0.267,-0.2099,0.3951,月线震荡，中短期走弱,-0.3075,-0.5544,0.1125
002993,奥海科技,119.72,True,50.21,64.83,12,11.24,-22.55,-0.81,-22.55,0.0,2026-07-13,2026-07-13,34.66,0.3134,-0.2949,0.8707,0.2701,0.5479,0.0,0.2669,0.0458,0.5229,多周期方向不一致，观望,-0.2486,-0.0356,0.45
603303,得邦照明,109.84,True,23.03,27.17,8,24.88,-21.97,-1.55,-15.22,0.0,2026-07-13,2026-07-13,29.46,0.4007,-0.5889,0.7375,0.2404,0.4326,0.0,0.2669,0.2317,0.6159,上升趋势中的日线回调（关注买点）,-0.497,0.6423,0.5625
605158,华达新材,31.3,True,6.12,6.55,8,5.02,-10.88,-1.92,-6.61,0.0,2026-07-13,2026-07-13,34.52,0.5729,0.0159,0.4144,0.5501,0.5448,0.3093,0.2665,-0.6495,0.1753,多周期共振看空 ⬇⬇⬇,-0.3357,-0.5772,-0.5625
603386,骏亚科技,44.97,True,13.78,18.03,15,15.31,-23.55,1.09,-23.55,0.0,2026-07-13,2026-07-13,28.14,0.7134,-0.5649,0.7222,0.4281,0.4031,0.0,0.2663,-0.0386,0.4807,多周期方向不一致，观望,-0.1982,-0.0479,0.0483
603787,新日股份,21.31,True,9.26,9.5,2,1.44,-8.14,-3.66,-2.5,0.0,2026-07-13,2026-07-13,38.05,0.5483,-0.1117,0.2898,0.4843,0.6234,0.517,0.2663,-0.8062,0.0969,多周期共振看空 ⬇⬇⬇,-0.5359,-0.75,-0.5625
002065,东华软件,203.26,True,6.99,7.11,4,1.29,-10.47,-2.49,-1.69,0.0218,2026-07-13,2026-07-13,38.89,0.2423,0.18,0.3448,0.4174,0.642,0.4253,0.2662,-0.7012,0.1494,多周期共振看空 ⬇⬇⬇,-0.3196,-0.7047,-0.5625
603681,永冠新材,44.46,True,18.7,22.64,7,16.01,-17.4,-4.28,-17.4,0.0,2026-07-13,2026-07-13,20.95,0.8624,-0.4506,0.6182,0.5372,0.2434,0.0,0.2659,-0.0242,0.4879,多周期方向不一致，观望,-0.4062,-0.0851,0.3268
600668,尖峰集团,29.11,True,7.05,7.23,5,4.58,-8.95,-3.14,-2.53,0.0,2026-07-13,2026-07-13,50.0,0.3937,0.0664,0.5555,0.4628,0.8889,0.0742,0.2659,-0.7391,0.1305,多周期共振看空 ⬇⬇⬇,-0.3963,-0.7223,-0.5625
002940,昂利康,48.25,True,26.04,27.9,4,7.18,-23.81,-8.22,-6.67,0.0,2026-07-13,2026-07-13,38.0,0.7588,-0.1897,0.732,0.5794,0.6223,0.0,0.2657,-0.548,0.226,多周期共振看空 ⬇⬇⬇,-0.3761,-0.3196,-0.5625
002063,远光软件,90.23,True,5.1,5.17,1,0.2,-13.58,-5.4,-1.37,0.0,2026-07-13,2026-07-13,42.16,0.3116,-0.0365,0.2499,0.3724,0.7146,0.5834,0.2656,-0.795,0.1025,多周期共振看空 ⬇⬇⬇,-0.5932,-0.6762,-0.5625
601609,金田股份,175.98,True,10.18,11.4,2,2.97,-14.78,-5.9,-10.71,0.0,2026-07-13,2026-07-13,31.61,0.8329,-0.2726,0.61,0.5907,0.4802,0.0,0.2656,-0.3966,0.3017,多周期共振看空 ⬇⬇⬇,-0.4743,-0.2226,-0.2425
002380,科远智慧,41.48,True,29.17,34.87,0,-2.71,-16.36,-8.02,-16.36,0.0,2026-07-13,2026-07-13,24.09,0.585,-0.3158,0.52,0.4246,0.3131,0.1333,0.2652,-0.04,0.48,月线看多，中短期调整中,-0.5491,-0.1617,0.4417
002136,安 纳 达,23.89,True,11.14,13.07,11,7.43,-14.8,-1.04,-14.8,0.0,2026-07-13,2026-07-13,15.46,0.7041,0.7838,0.6174,0.8225,0.1214,0.0,0.265,-0.3417,0.3291,多周期共振看空 ⬇⬇⬇,-0.274,-0.2461,-0.27
603896,寿仙谷,28.07,True,14.16,14.08,2,0.55,-14.3,-5.57,0.55,0.0,2026-07-10,2026-07-13,50.93,-0.0643,0.8391,0.4558,0.4,0.9096,0.2403,0.265,-0.8035,0.0983,多周期共振看空 ⬇⬇⬇,-0.529,-0.75,-0.5625
603131,上海沪工,55.62,True,16.51,17.6,4,4.65,-10.34,-4.6,-6.21,0.0,2026-07-13,2026-07-13,45.86,0.2321,1.1932,0.7687,0.5392,0.7969,0.0,0.2649,-0.7,0.15,多周期共振看空 ⬇⬇⬇,-0.4178,-0.6179,-0.5625
600192,长城电工,27.39,True,6.2,6.86,5,12.31,-12.65,-5.26,-9.61,0.0,2026-07-13,2026-07-13,27.53,0.771,1.7057,0.8146,0.8626,0.3895,0.0,0.2646,-0.731,0.1345,多周期共振看空 ⬇⬇⬇,-0.5807,-0.5464,-0.5625
002445,中南文化,62.94,True,2.66,2.94,0,-5.71,-13.02,-8.96,-9.51,0.0,2026-07-13,2026-07-13,21.05,0.673,-0.2604,0.322,0.4996,0.2456,0.4633,0.2646,-0.3477,0.3261,月线震荡，中短期走弱,-0.875,-0.351,-0.0679
002873,新天药业,18.46,True,7.7,7.68,3,0.69,-10.05,-5.04,0.33,0.0,2026-07-10,2026-07-13,42.86,0.092,0.52,0.3929,0.4552,0.7302,0.3452,0.2646,-0.7638,0.1181,多周期共振看空 ⬇⬇⬇,-0.5482,-0.6464,-0.5625
600165,ST宁科,19.64,True,2.68,2.72,5,5.49,-8.75,-3.14,-1.58,0.0,2026-07-13,2026-07-13,45.26,0.5212,-0.3208,0.434,0.3844,0.7836,0.2767,0.2644,-0.6616,0.1692,多周期共振看空 ⬇⬇⬇,-0.2762,-0.7223,-0.495
001223,欧克科技,23.96,True,34.31,45.39,11,14.85,-24.4,-1.82,-24.4,0.0,2026-07-13,2026-07-13,23.08,0.8681,-0.5655,0.8498,0.5209,0.2906,0.0,0.2643,-0.0681,0.4659,多周期方向不一致，观望,-0.2825,-0.0772,0.0202
603499,翔港科技,51.01,True,12.04,13.81,12,11.93,-13.09,0.7,-12.8,0.0,2026-07-13,2026-07-13,23.4,0.6718,0.6861,0.683,0.8031,0.2979,0.0,0.2642,-0.5287,0.2357,多周期共振看空 ⬇⬇⬇,-0.1943,-0.5004,-0.495
000930,中粮科技,83.35,True,4.49,4.54,0,-1.03,-11.07,-5.49,-1.03,0.0,2026-07-13,2026-07-13,39.22,-0.4695,0.501,0.2725,0.4,0.6492,0.5458,0.2641,-0.7433,0.1284,多周期共振看空 ⬇⬇⬇,-0.5288,-0.6854,-0.495
000809,和展能源,24.66,True,2.99,3.34,1,5.62,-14.96,-9.56,-10.6,0.0,2026-07-13,2026-07-13,17.65,0.9037,-0.2081,0.3359,0.659,0.1699,0.4401,0.2641,-0.4972,0.2514,多周期共振看空 ⬇⬇⬇,-0.693,-0.2287,-0.27
002677,浙江美大,39.87,True,7.23,6.16,2,17.47,-15.04,-7.78,17.47,0.0873,2026-07-07,2026-07-09,68.14,0.1644,1.7717,0.7096,0.4986,0.7081,0.0,0.264,-0.7453,0.1274,多周期共振看空 ⬇⬇⬇,-0.5448,-0.676,-0.495
601208,东材科技,499.94,True,49.49,66.87,14,33.11,-25.99,6.6,-25.99,0.0,2026-07-13,2026-07-13,24.45,0.2864,-0.5612,0.9487,0.1718,0.3211,0.0,0.2634,0.4469,0.7235,上升趋势中的日线整理,-0.0728,0.6608,0.5625
002022,科华生物,25.15,True,4.89,4.83,2,1.19,-9.87,-4.87,1.19,0.0,2026-07-09,2026-07-13,43.48,-0.1152,0.5096,0.3743,0.4,0.744,0.3762,0.2633,-0.7274,0.1363,多周期共振看空 ⬇⬇⬇,-0.3898,-0.7021,-0.5625
002401,中远海科,42.41,True,11.42,12.09,1,0.25,-8.09,-4.59,-5.52,0.0,2026-07-13,2026-07-13,25.27,0.8004,-0.0131,0.272,0.675,0.3393,0.5466,0.263,-0.82,0.09,多周期共振看空 ⬇⬇⬇,-0.5713,-0.75,-0.5625
605117,德业股份,1071.81,True,84.18,97.76,1,1.88,-14.93,-7.03,-13.89,0.0,2026-07-13,2026-07-13,29.1,0.1044,0.3557,0.6214,0.4049,0.4245,0.0,0.2629,-0.0538,0.4731,月线看多，中短期调整中,-0.6126,-0.1813,0.45
605058,澳弘电子,37.32,True,26.11,34.86,6,7.03,-25.11,-6.71,-25.11,0.0,2026-07-13,2026-07-13,18.73,0.8601,-0.2003,0.7404,0.636,0.1941,0.0,0.2626,-0.1496,0.4252,多周期方向不一致，观望,-0.6335,-0.1144,0.0
002306,ST云网,15.03,True,1.85,1.98,4,2.74,-10.65,-4.39,-6.47,0.0,2026-07-13,2026-07-13,40.0,0.3726,-0.1459,0.3819,0.3652,0.6667,0.3636,0.2622,-0.5777,0.2112,多周期共振看空 ⬇⬇⬇,-0.5918,-0.425,-0.3375
605123,派克新材,102.84,True,84.87,96.46,4,4.32,-12.02,-3.68,-12.02,0.0,2026-07-13,2026-07-13,35.0,0.4011,0.3118,0.6713,0.5654,0.5555,0.0,0.2621,-0.4743,0.2629,多周期共振看空 ⬇⬇⬇,-0.4476,-0.3212,-0.3375
603306,华懋科技,275.23,True,83.53,102.27,9,9.92,-18.33,-2.72,-18.33,0.0,2026-07-13,2026-07-13,28.34,0.3502,-0.076,0.6513,0.3797,0.4075,0.0,0.2619,-0.0013,0.4994,多周期方向不一致，观望,-0.3872,-0.1237,0.45
002237,恒邦股份,147.14,True,12.34,13.74,13,14.47,-10.18,0.26,-10.18,0.0,2026-07-13,2026-07-13,34.76,0.6682,-0.1022,0.7408,0.56,0.5502,0.0,0.2614,-0.4648,0.2676,多周期共振看空 ⬇⬇⬇,-0.1556,-0.5507,-0.3375
002872,ST天圣,10.12,True,4.71,4.83,4,3.81,-11.15,-4.29,-2.43,0.0,2026-07-13,2026-07-13,44.51,0.1232,-0.4333,0.4131,0.1006,0.7669,0.3115,0.2612,-0.2409,0.3795,月线震荡，中短期走弱,-0.4334,-0.3129,-0.1255
600527,江南高纤,34.64,True,2.0,2.2,0,-1.9,-11.12,-6.06,-8.9,0.0,2026-07-13,2026-07-13,20.34,0.7072,0.0257,0.3863,0.6346,0.2298,0.3561,0.261,-0.4883,0.2559,多周期共振看空 ⬇⬇⬇,-0.5815,-0.3048,-0.27
002021,中捷资源,28.57,True,2.39,2.51,4,1.8,-14.04,-3.89,-4.61,0.0,2026-07-13,2026-07-13,37.5,0.3112,0.5262,0.7213,0.5867,0.6111,0.0,0.2609,-0.5848,0.2076,多周期共振看空 ⬇⬇⬇,-0.3385,-0.6577,-0.3375
603153,上海建科,53.22,True,13.18,13.24,3,1.14,-8.64,-3.77,-0.46,0.0094,2026-07-13,2026-07-13,43.51,-0.038,0.2149,0.2564,0.286,0.7446,0.5726,0.2609,-0.7446,0.1277,多周期共振看空 ⬇⬇⬇,-0.4553,-0.6837,-0.5625
603011,合锻智能,109.46,True,22.14,31.6,11,36.76,-29.93,4.01,-29.93,0.0,2026-07-13,2026-07-13,20.05,0.6932,-0.6574,0.9804,0.4159,0.2232,0.0,0.2607,0.1522,0.5761,上升趋势中的日线回调（关注买点）,-0.3023,0.3206,0.45
002521,齐峰新材,26.95,True,6.43,6.98,8,5.41,-9.45,-2.63,-7.92,0.0,2026-07-13,2026-07-13,41.2,0.1517,0.9024,0.5078,0.491,0.6933,0.1536,0.2605,-0.6568,0.1716,多周期共振看空 ⬇⬇⬇,-0.4518,-0.4938,-0.5625
002785,万里石,71.92,True,37.17,41.32,10,10.2,-14.9,-2.69,-10.05,0.0,2026-07-13,2026-07-13,32.0,0.2212,0.7872,0.5221,0.5327,0.4888,0.1299,0.2604,-0.4595,0.2702,多周期共振看空 ⬇⬇⬇,-0.4869,-0.3521,-0.2404
002705,新宝股份,90.62,True,11.22,11.32,2,1.67,-8.62,-3.73,-0.85,0.0,2026-07-13,2026-07-13,48.21,0.1979,-0.321,0.2765,0.1903,0.8492,0.5392,0.2602,-0.6731,0.1634,多周期共振看空 ⬇⬇⬇,-0.5412,-0.4529,-0.5625
002543,万和电气,42.48,True,6.42,6.45,2,1.28,-9.16,-4.8,-0.5,0.0,2026-07-13,2026-07-13,43.9,0.1034,0.2785,0.3088,0.3735,0.7534,0.4853,0.2602,-0.808,0.096,多周期共振看空 ⬇⬇⬇,-0.5406,-0.75,-0.5625
002432,九安医疗,257.57,True,55.36,66.11,4,2.06,-17.14,-6.29,-16.27,0.0,2026-07-13,2026-07-13,27.6,0.5389,-0.1952,0.8331,0.4453,0.3912,0.0,0.26,-0.102,0.449,月线看多，中短期调整中,-0.7157,-0.3221,0.45
603611,诺力股份,42.4,True,16.46,17.06,4,5.3,-8.61,-2.6,-3.49,0.0,2026-07-13,2026-07-13,42.49,0.5232,-0.2824,0.3625,0.401,0.722,0.3958,0.2599,-0.7452,0.1274,多周期共振看空 ⬇⬇⬇,-0.3795,-0.75,-0.5625
600884,杉杉股份,220.4,True,12.01,13.4,5,4.24,-12.75,-3.29,-10.36,0.0,2026-07-13,2026-07-13,21.65,0.1835,0.7924,0.4709,0.5101,0.2589,0.2152,0.2598,-0.2203,0.3899,月线震荡，中短期走弱,-0.5525,-0.2638,-0.0032
002696,百洋股份,17.35,True,5.19,5.29,2,4.38,-9.71,-4.54,-1.91,0.0,2026-07-13,2026-07-13,42.57,0.6387,-0.0196,0.6338,0.5754,0.7239,0.0,0.2592,-0.7154,0.1423,多周期共振看空 ⬇⬇⬇,-0.4142,-0.7223,-0.495
000408,藏格矿业,1056.65,True,67.35,72.47,4,4.45,-10.41,-3.85,-7.06,0.0,2026-07-13,2026-07-13,39.49,0.3289,0.276,0.5505,0.5077,0.6552,0.0826,0.2592,-0.5907,0.2046,多周期共振看空 ⬇⬇⬇,-0.5755,-0.4737,-0.3313
001259,利仁科技,27.07,True,56.94,65.72,2,1.96,-13.36,-5.44,-13.36,0.0,2026-07-13,2026-07-13,17.38,0.6531,-0.5176,0.5664,0.3919,0.1641,0.0559,0.2592,0.2051,0.6026,上升趋势中的日线回调（关注买点）,-0.5346,0.5852,0.5625
001279,强邦新材,10.3,True,25.74,27.11,9,4.84,-13.72,-2.34,-5.07,0.0,2026-07-13,2026-07-13,34.51,0.7368,0.0323,0.5912,0.655,0.5446,0.0147,0.2591,-0.6405,0.1798,多周期共振看空 ⬇⬇⬇,-0.1777,-0.6929,-0.5625
603328,依顿电子,100.04,True,10.02,12.74,9,15.19,-21.37,-2.38,-21.37,0.0,2026-07-13,2026-07-13,25.12,0.8352,-0.593,0.7234,0.5011,0.3359,0.0,0.259,-0.1327,0.4336,多周期方向不一致，观望,-0.4034,-0.08,-0.1575
001282,三联锻造,24.3,True,15.91,19.54,11,20.5,-18.56,1.28,-18.56,0.0,2026-07-13,2026-07-13,17.91,0.8384,1.1043,0.7842,0.903,0.1758,0.0,0.259,-0.5838,0.2081,多周期共振看空 ⬇⬇⬇,-0.2448,-0.5108,-0.5625
600721,百花医药,25.96,True,6.75,6.91,3,3.73,-10.95,-4.12,-2.29,0.0,2026-07-13,2026-07-13,43.26,0.8027,-0.7556,0.4294,0.4816,0.739,0.2844,0.2589,-0.8139,0.0931,多周期共振看空 ⬇⬇⬇,-0.5665,-0.7408,-0.5625
000710,贝瑞基因,25.04,True,7.6,7.78,3,1.76,-12.4,-5.0,-2.34,0.0,2026-07-13,2026-07-13,41.42,0.1061,0.7883,0.4789,0.4637,0.6983,0.2019,0.2586,-0.6725,0.1638,多周期共振看空 ⬇⬇⬇,-0.4492,-0.5304,-0.5625
603997,继峰股份,150.76,True,11.85,12.43,2,3.19,-15.34,-7.27,-4.68,0.0,2026-07-13,2026-07-13,34.77,0.4028,0.1639,0.4285,0.5072,0.5505,0.2858,0.2585,-0.6331,0.1835,多周期共振看空 ⬇⬇⬇,-0.6345,-0.3526,-0.495
600617,国新能源,48.65,True,2.74,2.81,0,-1.85,-16.64,-9.18,-2.6,0.0,2026-07-13,2026-07-13,38.67,0.3907,-0.1881,0.3369,0.3592,0.637,0.4386,0.2585,-0.6221,0.189,多周期共振看空 ⬇⬇⬇,-0.6025,-0.5133,-0.3375
603180,金牌家居,21.77,True,14.11,14.55,2,2.73,-11.73,-6.35,-2.99,0.0,2026-07-13,2026-07-13,41.76,0.8498,-0.2762,0.5128,0.5994,0.7057,0.1454,0.2583,-0.8555,0.0722,多周期共振看空 ⬇⬇⬇,-0.673,-0.7408,-0.5625
603881,数据港,226.63,True,26.29,25.45,1,3.29,-15.97,-8.08,3.29,0.0,2026-07-10,2026-07-13,48.49,-0.1622,1.6706,0.7077,0.4,0.8553,0.0,0.2583,-0.5996,0.2002,多周期共振看空 ⬇⬇⬇,-0.5304,-0.5256,-0.3375
002532,天山铝业,457.5,True,11.14,11.61,0,-4.03,-16.77,-10.78,-4.03,0.0,2026-07-13,2026-07-13,41.22,0.276,0.6933,0.6015,0.5656,0.6939,0.0,0.2581,-0.6725,0.1638,多周期共振看空 ⬇⬇⬇,-0.5633,-0.6577,-0.3375
000880,潍柴重机,51.99,True,22.9,23.86,1,1.02,-20.29,-8.9,-4.01,0.0,2026-07-13,2026-07-13,42.02,0.3846,0.176,0.5813,0.5011,0.7116,0.0312,0.258,-0.6165,0.1917,多周期共振看空 ⬇⬇⬇,-0.4388,-0.4163,-0.5625
601500,通用股份,60.31,True,3.81,3.81,3,2.02,-8.88,-4.13,-0.12,0.0,2026-07-13,2026-07-13,47.89,0.0942,-0.1187,0.282,0.209,0.8419,0.5299,0.2576,-0.7079,0.1461,多周期共振看空 ⬇⬇⬇,-0.4716,-0.589,-0.5625
002162,悦心健康,31.87,True,3.47,3.53,3,2.56,-7.43,-3.5,-1.81,0.0,2026-07-13,2026-07-13,42.27,0.1088,0.2961,0.3249,0.3837,0.7171,0.4584,0.2571,-0.7846,0.1077,多周期共振看空 ⬇⬇⬇,-0.5128,-0.7223,-0.5625
603179,新泉股份,310.6,True,43.49,49.24,4,6.7,-11.69,-4.24,-11.69,0.0,2026-07-13,2026-07-13,41.51,0.6639,-0.2917,0.7521,0.4817,0.7002,0.0,0.257,-0.5549,0.2226,多周期共振看空 ⬇⬇⬇,-0.4273,-0.3584,-0.495
603160,汇顶科技,259.23,True,55.63,58.76,12,7.15,-7.68,-0.31,-5.33,0.0804,2026-07-13,2026-07-13,41.75,0.284,-0.1009,0.4859,0.3301,0.7056,0.1901,0.257,-0.6642,0.1679,多周期共振看空 ⬇⬇⬇,-0.1717,-0.75,-0.5625
600100,同方股份,224.13,True,6.69,6.86,1,1.11,-13.27,-5.37,-2.55,0.0,2026-07-13,2026-07-13,44.06,0.278,0.1244,0.3851,0.4166,0.7569,0.3581,0.257,-0.805,0.0975,多周期共振看空 ⬇⬇⬇,-0.5868,-0.7038,-0.5625
603439,三力制药,46.4,True,11.49,13.63,4,4.63,-15.71,-7.0,-15.68,0.0,2026-07-13,2026-07-13,17.93,0.6545,-0.1377,0.5017,0.5376,0.1763,0.1639,0.2565,-0.151,0.4245,多周期方向不一致，观望,-0.644,-0.1116,0.0
600249,两面针,25.63,True,4.66,4.77,0,-0.08,-11.39,-5.37,-2.24,0.0,2026-07-13,2026-07-13,34.38,0.4874,-0.0001,0.3834,0.4924,0.5417,0.361,0.2563,-0.6761,0.1619,多周期共振看空 ⬇⬇⬇,-0.4964,-0.498,-0.5625
601956,东贝集团,28.22,True,4.54,4.74,5,3.84,-8.53,-3.48,-4.17,0.0,2026-07-13,2026-07-13,40.0,0.0924,0.4741,0.3799,0.4451,0.6667,0.3668,0.2561,-0.7572,0.1214,多周期共振看空 ⬇⬇⬇,-0.4102,-0.75,-0.5625
603656,泰禾智能,31.12,True,17.01,17.66,1,0.43,-7.14,-2.85,-3.69,0.0,2026-07-13,2026-07-13,31.21,0.6902,-0.318,0.2467,0.4869,0.4714,0.5888,0.2561,-0.7672,0.1164,多周期共振看空 ⬇⬇⬇,-0.436,-0.75,-0.5625
600169,ST太重,66.33,True,1.99,2.03,0,-0.98,-12.86,-5.37,-1.85,0.0,2026-07-13,2026-07-13,44.23,-0.42,0.5981,0.3533,0.4,0.7607,0.4112,0.256,-0.834,0.083,多周期共振看空 ⬇⬇⬇,-0.6611,-0.7038,-0.5625
600458,时代新材,101.27,True,11.66,15.7,16,26.62,-25.73,4.84,-25.73,0.0,2026-07-13,2026-07-13,30.25,0.6112,-0.4468,0.8585,0.388,0.45,0.0,0.256,-0.1131,0.4435,多周期方向不一致，观望,-0.1342,-0.157,-0.225
600973,宝胜股份,79.54,True,5.8,6.61,4,8.56,-12.2,-3.53,-12.2,0.0,2026-07-13,2026-07-13,36.04,0.7877,-0.631,0.5592,0.4726,0.5787,0.068,0.2559,-0.458,0.271,多周期共振看空 ⬇⬇⬇,-0.4729,-0.3313,-0.27
000816,智慧农业,33.68,True,2.34,2.4,3,1.51,-10.29,-4.38,-2.62,0.0,2026-07-13,2026-07-13,38.36,0.3385,0.1881,0.3923,0.4784,0.6301,0.3462,0.2558,-0.7522,0.1239,多周期共振看空 ⬇⬇⬇,-0.3974,-0.75,-0.5625
603192,汇得科技,24.76,True,17.76,17.73,1,0.18,-10.71,-5.3,0.18,0.0,2026-07-10,2026-07-13,43.97,-0.2835,1.8925,0.3555,0.4,0.755,0.4074,0.2558,-0.8259,0.0871,多周期共振看空 ⬇⬇⬇,-0.5864,-0.75,-0.5625
001267,汇绿生态,251.21,True,41.28,51.04,6,12.45,-20.84,-6.42,-19.13,0.0,2026-07-13,2026-07-13,13.62,0.8329,-0.2192,0.8021,0.6121,0.0805,0.0,0.2558,-0.0292,0.4854,月线看多，中短期调整中,-0.4988,-0.1617,0.45
000581,威孚高科,138.54,True,17.45,17.57,5,3.62,-8.81,-3.19,-0.66,0.0338,2026-07-13,2026-07-13,47.45,-0.0422,-0.142,0.2749,0.1432,0.8322,0.5418,0.2556,-0.6978,0.1511,多周期共振看空 ⬇⬇⬇,-0.3119,-0.7038,-0.5625
002006,精工科技,72.04,True,13.86,14.68,6,5.25,-14.03,-4.73,-5.58,0.0,2026-07-13,2026-07-13,46.19,0.3828,0.0585,0.5174,0.4531,0.8043,0.1376,0.2555,-0.756,0.122,多周期共振看空 ⬇⬇⬇,-0.4738,-0.6929,-0.5625
001326,联域股份,12.27,True,51.09,61.97,5,10.56,-17.56,-5.48,-17.56,0.0,2026-07-13,2026-07-13,15.41,0.703,-0.1531,0.6369,0.5606,0.1202,0.0,0.2555,0.0025,0.5012,多周期方向不一致，观望,-0.4062,-0.091,0.45
002706,良信股份,88.6,True,9.69,10.97,0,-3.47,-14.69,-9.73,-11.67,0.0,2026-07-13,2026-07-13,25.91,0.7868,-0.4493,0.5749,0.4923,0.3536,0.0418,0.2553,-0.2033,0.3983,月线震荡，中短期走弱,-0.4953,-0.2026,-0.0563
002970,锐明技术,70.13,True,55.49,58.54,3,3.87,-15.51,-6.72,-5.21,0.0,2026-07-13,2026-07-13,37.73,0.3066,-0.0974,0.7356,0.345,0.6162,0.0,0.2552,-0.25,0.375,月线震荡，中短期走弱,-0.3399,-0.4679,-0.081
600588,用友网络,319.83,True,9.36,9.45,1,1.96,-14.09,-6.04,-0.98,0.0,2026-07-13,2026-07-13,44.81,0.1293,0.0981,0.4021,0.3168,0.7734,0.3299,0.2547,-0.6616,0.1692,多周期共振看空 ⬇⬇⬇,-0.3853,-0.5612,-0.5625
002709,天赐材料,561.2,True,37.19,50.24,11,10.2,-25.98,-2.27,-25.98,0.0,2026-07-13,2026-07-13,23.83,0.0979,0.7666,0.8561,0.4588,0.3073,0.0,0.2546,-0.066,0.467,月线看多，中短期调整中,-0.4302,-0.2379,0.2925
002242,九阳股份,60.63,True,7.96,8.19,0,-0.07,-8.72,-3.96,-2.85,0.0,2026-07-13,2026-07-13,36.16,0.6115,-0.4634,0.2492,0.3815,0.5813,0.5847,0.2546,-0.7387,0.1306,多周期共振看空 ⬇⬇⬇,-0.5722,-0.5706,-0.5625
605318,法狮龙,105.5,True,83.91,113.67,12,30.35,-26.18,3.09,-26.18,0.0,2026-07-13,2026-07-13,20.98,0.6181,-0.3206,0.6668,0.4427,0.244,0.0,0.2545,0.0346,0.5173,多周期方向不一致，观望,-0.3395,-0.0067,0.45
002028,思源电气,974.23,True,159.5,173.28,3,5.87,-13.5,-5.86,-7.95,0.0,2026-07-13,2026-07-13,32.52,0.0785,0.9905,0.7357,0.4471,0.5005,0.0,0.2542,-0.2823,0.3589,月线震荡，中短期走弱,-0.5033,-0.63,0.1125
000657,中钨高新,1007.75,True,69.36,90.26,15,42.18,-23.16,11.04,-23.16,0.0,2026-07-13,2026-07-13,17.8,0.2004,-0.3355,0.9764,0.186,0.1734,0.0,0.2541,0.5269,0.7634,上升趋势中的日线整理,0.1192,0.7038,0.5625
001369,双欣材料,23.77,True,11.46,13.77,8,8.6,-16.79,-4.35,-16.79,0.0,2026-07-13,2026-07-13,13.08,0.8831,-0.7598,0.3646,0.5299,0.0683,0.3923,0.254,-0.2117,0.3942,周线日线方向不一致,-0.7055,0.0,
600273,嘉化能源,83.92,True,6.4,6.73,1,0.21,-6.11,-3.77,-4.89,0.0,2026-07-13,2026-07-13,37.58,0.0903,0.5414,0.3316,0.4542,0.6129,0.4473,0.254,-0.7882,0.1059,多周期共振看空 ⬇⬇⬇,-0.6117,-0.7131,-0.495
002652,扬子新材,19.51,True,3.81,4.36,1,0.14,-17.55,-9.79,-12.57,0.0,2026-07-13,2026-07-13,35.57,-0.3301,0.8138,0.7441,0.4,0.5683,0.0,0.2539,-0.291,0.3545,月线震荡，中短期走弱,-0.655,-0.2667,-0.15
605128,上海沿浦,69.3,True,22.07,24.28,10,10.01,-9.09,1.08,-9.09,0.0,2026-07-13,2026-07-13,27.17,0.5934,-0.6985,0.4713,0.356,0.3816,0.2145,0.2536,-0.1701,0.4149,多周期方向不一致，观望,-0.0675,-0.2397,-0.45
603000,人民网,167.95,True,15.19,15.43,1,1.42,-11.28,-5.9,-1.58,0.0,2026-07-13,2026-07-13,42.23,0.1152,0.4972,0.4216,0.468,0.7161,0.2974,0.2536,-0.8173,0.0913,多周期共振看空 ⬇⬇⬇,-0.5966,-0.7223,-0.5625
002959,小熊电器,44.69,True,31.97,32.56,2,0.63,-10.64,-5.26,-1.82,0.0,2026-07-13,2026-07-13,40.78,0.0588,0.3687,0.2708,0.3827,0.684,0.5486,0.2535,-0.8444,0.0778,多周期共振看空 ⬇⬇⬇,-0.6445,-0.7408,-0.5625
600549,厦门钨业,919.0,True,59.14,77.44,15,47.21,-23.63,11.74,-23.63,0.0,2026-07-13,2026-07-13,14.54,0.3538,-0.3812,0.9581,0.2598,0.1009,0.0,0.2534,0.4902,0.7451,多周期共振看多 ⬆⬆⬆,0.1565,0.4933,0.45
000680,山推股份,129.5,True,9.85,10.21,4,6.04,-8.33,-3.15,-3.51,0.0,2026-07-13,2026-07-13,47.54,0.2862,-0.4733,0.381,0.1824,0.8341,0.365,0.2532,-0.5593,0.2203,多周期共振看空 ⬇⬇⬇,-0.2837,-0.6485,-0.3375
600516,方大炭素,201.3,True,5.0,5.86,14,17.4,-14.71,2.0,-14.71,0.0,2026-07-13,2026-07-13,31.23,0.855,-0.5965,0.7914,0.513,0.4718,0.0,0.253,-0.3628,0.3186,多周期共振看空 ⬇⬇⬇,-0.1662,-0.2724,-0.3825
605033,美邦股份,23.05,True,17.05,17.67,1,0.32,-9.66,-5.55,-3.51,0.0,2026-07-13,2026-07-13,35.74,0.1404,0.6263,0.3185,0.4843,0.5721,0.4692,0.253,-0.8128,0.0936,多周期共振看空 ⬇⬇⬇,-0.682,-0.6392,-0.5625
600768,宁波富邦,18.89,True,14.12,15.43,5,3.86,-10.68,-3.1,-8.51,0.0,2026-07-13,2026-07-13,29.64,0.2637,0.8407,0.5109,0.5582,0.4364,0.1485,0.253,-0.5118,0.2441,多周期共振看空 ⬇⬇⬇,-0.4469,-0.4042,-0.3375
001226,拓山重工,14.3,True,42.16,48.28,4,7.26,-12.68,-3.46,-12.68,0.0,2026-07-13,2026-07-13,23.9,0.7525,-0.6817,0.5716,0.4515,0.3088,0.0473,0.2529,-0.1079,0.4461,多周期方向不一致，观望,-0.4077,-0.1247,0.0
001311,多利科技,28.94,True,16.34,17.45,5,11.53,-14.66,-7.03,-6.34,0.0,2026-07-13,2026-07-13,43.98,0.2029,0.7207,0.6811,0.5218,0.7551,0.0,0.2527,-0.719,0.1405,多周期共振看空 ⬇⬇⬇,-0.4342,-0.7131,-0.495
603567,珍宝岛,45.75,True,4.87,4.79,1,1.61,-29.57,-16.27,1.61,0.0,2026-07-10,2026-07-13,52.27,-0.5061,4.558,0.7333,0.4,0.9394,0.0,0.2526,-0.7465,0.1267,多周期共振看空 ⬇⬇⬇,-0.5155,-0.6363,-0.5625
003010,若羽臣,49.41,True,21.85,23.62,5,5.43,-8.62,-2.46,-7.51,0.0,2026-07-13,2026-07-13,41.23,0.4982,-0.0709,0.4318,0.4706,0.6941,0.2804,0.2525,-0.7902,0.1049,多周期共振看空 ⬇⬇⬇,-0.5379,-0.7131,-0.5625
600080,ST金花,17.95,True,4.81,4.72,7,4.45,-13.15,-5.66,2.01,0.0202,2026-07-09,2026-07-13,51.28,0.3637,-0.4006,0.4687,0.258,0.9174,0.2188,0.2522,-0.7193,0.1403,多周期共振看空 ⬇⬇⬇,-0.367,-0.7038,-0.5625
002810,山东赫达,64.1,True,19.85,24.05,16,11.39,-17.46,0.8,-17.46,0.0,2026-07-13,2026-07-13,26.38,0.1402,0.2487,0.6737,0.3836,0.3639,0.0,0.2521,-0.0335,0.4833,月线看多，中短期调整中,-0.2161,-0.2667,0.2925
002609,捷顺科技,32.62,True,7.11,7.47,5,2.36,-8.13,-2.39,-4.83,0.0,2026-07-13,2026-07-13,34.44,0.4897,-0.1059,0.2935,0.4515,0.5432,0.5108,0.2521,-0.7659,0.117,多周期共振看空 ⬇⬇⬇,-0.4649,-0.7223,-0.5625
001380,华纬科技,35.24,True,15.14,16.18,3,5.3,-11.19,-3.87,-6.45,0.0,2026-07-13,2026-07-13,34.4,0.6632,0.008,0.4695,0.6011,0.5422,0.2174,0.2521,-0.7692,0.1154,多周期共振看空 ⬇⬇⬇,-0.4411,-0.75,-0.5625
600038,中直股份,164.56,True,24.6,25.9,3,2.75,-7.66,-3.22,-5.02,0.0,2026-07-13,2026-07-13,34.37,0.634,-0.2827,0.2648,0.4673,0.5415,0.5586,0.252,-0.8285,0.0857,多周期共振看空 ⬇⬇⬇,-0.5931,-0.75,-0.5625
002522,浙江众成,43.08,True,4.76,6.76,13,14.96,-29.54,-3.53,-29.54,0.0,2026-07-13,2026-07-13,19.87,0.7238,-0.2561,0.8998,0.5318,0.2194,0.0,0.252,-0.0985,0.4507,多周期方向不一致，观望,-0.3718,-0.1144,0.0
002011,盾安环境,105.86,True,9.99,10.54,3,2.5,-12.16,-5.15,-5.19,0.0,2026-07-13,2026-07-13,41.84,0.1175,0.185,0.3927,0.3445,0.7076,0.3455,0.2519,-0.6613,0.1694,多周期共振看空 ⬇⬇⬇,-0.4359,-0.5173,-0.5625
603927,中科软,108.45,True,13.05,13.26,0,-1.57,-12.76,-6.4,-1.57,0.0,2026-07-13,2026-07-13,34.25,0.1872,0.8479,0.3309,0.5123,0.5389,0.4485,0.2519,-0.8098,0.0951,多周期共振看空 ⬇⬇⬇,-0.556,-0.7408,-0.5625
002240,盛新锂能,293.87,True,32.19,43.16,8,9.36,-25.42,-5.09,-25.42,0.0,2026-07-13,2026-07-13,30.59,0.5643,-0.4801,0.8091,0.3465,0.4576,0.0,0.2519,-0.0888,0.4556,月线看多，中短期调整中,-0.5233,-0.2667,0.2925
603100,川仪股份,85.79,True,16.77,17.55,6,3.08,-8.9,-3.39,-4.44,0.0,2026-07-13,2026-07-13,42.31,0.0219,0.4579,0.4417,0.3963,0.7181,0.2638,0.2518,-0.6922,0.1539,多周期共振看空 ⬇⬇⬇,-0.276,-0.7223,-0.5625
603655,朗博科技,28.83,True,27.2,30.13,0,-0.37,-14.66,-9.08,-9.74,0.0,2026-07-13,2026-07-13,34.05,0.4319,0.5805,0.6074,0.6591,0.5344,0.0,0.2518,-0.6819,0.1591,多周期共振看空 ⬇⬇⬇,-0.6446,-0.4511,-0.495
605005,合兴股份,60.55,True,15.1,15.87,3,2.42,-8.55,-2.15,-4.88,0.0,2026-07-13,2026-07-13,25.24,0.417,0.2599,0.2755,0.5542,0.3387,0.5408,0.2515,-0.714,0.143,多周期共振看空 ⬇⬇⬇,-0.4288,-0.6392,-0.5625
002319,乐通股份,22.1,True,10.55,10.75,6,4.93,-14.4,-3.95,-1.87,0.0,2026-07-13,2026-07-13,48.45,0.4796,-0.3671,0.6103,0.3409,0.8545,0.0,0.2515,-0.5587,0.2207,多周期共振看空 ⬇⬇⬇,-0.1779,-0.5129,-0.5625
603966,法兰泰克,41.47,True,7.98,8.68,2,5.58,-10.53,-3.75,-8.06,0.0,2026-07-13,2026-07-13,27.38,0.5371,0.1038,0.4527,0.5637,0.3862,0.2455,0.2515,-0.5496,0.2252,多周期共振看空 ⬇⬇⬇,-0.5585,-0.3918,-0.3375
002387,维信诺,106.16,True,7.61,8.41,8,6.53,-9.54,-1.09,-9.54,0.0,2026-07-13,2026-07-13,39.82,0.5239,-0.2014,0.6206,0.4338,0.6626,0.0,0.2515,-0.4768,0.2616,多周期共振看空 ⬇⬇⬇,-0.1898,-0.4352,-0.45
603601,再升科技,109.09,True,9.55,12.27,0,-7.97,-23.41,-17.38,-22.15,0.0,2026-07-13,2026-07-13,26.55,0.7047,-0.4331,0.8771,0.4496,0.3679,0.0,0.2512,-0.1509,0.4245,月线看多，中短期调整中,-0.803,-0.2102,0.18
000157,中联重科,494.17,True,6.99,7.3,7,4.19,-5.97,-1.05,-4.25,0.039,2026-07-13,2026-07-13,39.11,0.1933,-0.1335,0.3704,0.2626,0.6468,0.3826,0.251,-0.5876,0.2062,多周期共振看空 ⬇⬇⬇,-0.2697,-0.5653,-0.495
003012,东鹏控股,51.4,True,4.53,4.56,1,0.47,-7.96,-3.85,-0.67,0.0,2026-07-13,2026-07-13,40.0,0.2496,-0.0124,0.265,0.3448,0.6667,0.5583,0.2509,-0.7907,0.1047,多周期共振看空 ⬇⬇⬇,-0.4962,-0.75,-0.5625
002998,优彩资源,18.72,True,6.92,7.06,4,5.74,-13.31,-6.2,-1.96,0.0,2026-07-13,2026-07-13,45.48,0.0856,0.9711,0.6083,0.4514,0.7885,0.0,0.2509,-0.6608,0.1696,多周期共振看空 ⬇⬇⬇,-0.6355,-0.4125,-0.495
002658,雪迪龙,24.67,True,6.88,7.94,10,5.4,-13.3,-1.4,-13.3,0.0,2026-07-13,2026-07-13,30.46,0.5738,-0.0751,0.4585,0.5142,0.4547,0.2358,0.2505,-0.5531,0.2234,多周期共振看空 ⬇⬇⬇,-0.3577,-0.5714,-0.3375
002664,信质集团,65.22,True,16.2,18.27,4,7.98,-14.64,-3.59,-11.33,0.0,2026-07-13,2026-07-13,36.02,0.4515,0.4272,0.7432,0.6418,0.5783,0.0,0.2505,-0.7164,0.1418,多周期共振看空 ⬇⬇⬇,-0.4843,-0.597,-0.5625
603072,天和磁材,40.6,True,32.16,38.27,17,13.43,-15.96,1.19,-15.96,0.0,2026-07-13,2026-07-13,23.55,0.6188,-0.0191,0.6402,0.5636,0.3011,0.0,0.2504,-0.2601,0.37,多周期方向不一致，观望,-0.1258,-0.473,-0.5625
002470,金正大,60.46,True,1.84,2.05,0,-2.06,-10.18,-6.06,-10.18,0.0,2026-07-13,2026-07-13,30.34,0.664,0.0318,0.5551,0.6111,0.4519,0.0748,0.25,-0.5798,0.2101,多周期共振看空 ⬇⬇⬇,-0.6509,-0.5533,-0.1631
002052,同洲电子,54.81,True,7.95,8.26,0,-1.72,-12.77,-7.77,-3.7,0.0,2026-07-13,2026-07-13,45.02,0.1134,0.4547,0.5195,0.4499,0.7782,0.1342,0.2499,-0.762,0.119,多周期共振看空 ⬇⬇⬇,-0.4784,-0.7021,-0.5625
001336,楚环科技,10.38,True,21.05,22.81,0,-3.72,-11.21,-7.7,-7.73,0.0,2026-07-13,2026-07-13,22.98,0.6006,0.0671,0.3405,0.5872,0.2885,0.4325,0.2498,-0.6337,0.1831,多周期共振看空 ⬇⬇⬇,-0.673,-0.4783,-0.3375
600312,平高电气,226.33,True,16.68,17.73,0,-2.6,-11.82,-6.16,-5.94,0.0,2026-07-13,2026-07-13,28.53,0.54,0.109,0.3568,0.5676,0.4118,0.4053,0.2497,-0.7294,0.1353,多周期共振看空 ⬇⬇⬇,-0.765,-0.6098,-0.3375
002895,川恒股份,168.96,True,28.18,30.42,2,2.94,-9.94,-3.55,-7.35,0.0,2026-07-13,2026-07-13,42.17,0.5036,-0.0827,0.6445,0.4691,0.715,0.0,0.2497,-0.6108,0.1946,多周期共振看空 ⬇⬇⬇,-0.5579,-0.5268,-0.3375
001301,尚太科技,130.68,True,50.31,61.45,10,4.14,-21.27,-3.73,-18.12,0.0,2026-07-13,2026-07-13,24.52,-0.6454,1.0104,0.682,0.4,0.3226,0.0,0.2496,-0.0305,0.4848,多周期方向不一致，观望,-0.3496,-0.1267,0.2925
000917,电广传媒,90.15,True,6.36,6.86,3,4.05,-14.73,-5.46,-7.22,0.0,2026-07-13,2026-07-13,26.57,0.7708,0.2567,0.5739,0.7651,0.3683,0.0435,0.2496,-0.7039,0.1481,多周期共振看空 ⬇⬇⬇,-0.4916,-0.6307,-0.495
603215,比依股份,25.97,True,13.87,14.63,3,1.94,-10.23,-3.94,-5.19,0.0,2026-07-13,2026-07-13,36.15,0.5707,-0.2692,0.346,0.4347,0.5811,0.4234,0.2495,-0.7357,0.1321,多周期共振看空 ⬇⬇⬇,-0.3697,-0.7376,-0.5625
000795,英洛华,90.3,True,8.09,9.17,12,10.85,-11.77,-0.22,-11.77,0.0,2026-07-13,2026-07-13,33.12,0.7671,-0.2905,0.7203,0.5441,0.5138,0.0,0.2492,-0.4938,0.2531,多周期共振看空 ⬇⬇⬇,-0.164,-0.3823,-0.5625
601882,海天精工,92.66,True,17.75,19.93,5,5.27,-10.95,-3.58,-10.95,0.0,2026-07-13,2026-07-13,36.44,-0.0703,0.7188,0.6185,0.4,0.5876,0.0,0.2491,-0.3524,0.3238,多周期共振看空 ⬇⬇⬇,-0.4855,-0.2009,-0.1575
000536,华映科技,87.31,True,3.16,3.51,4,11.92,-15.6,-6.2,-9.95,0.0,2026-07-13,2026-07-13,42.21,0.6504,-0.1763,0.8823,0.5197,0.7158,0.0,0.2491,-0.6978,0.1511,多周期共振看空 ⬇⬇⬇,-0.531,-0.5159,-0.5625
603948,建业股份,33.64,True,20.7,24.63,9,8.68,-15.96,-0.62,-15.96,0.0,2026-07-13,2026-07-13,37.77,0.1925,0.8747,0.7776,0.5155,0.6171,0.0,0.249,-0.5733,0.2133,多周期共振看空 ⬇⬇⬇,-0.3665,-0.4508,-0.495
603809,豪能股份,81.72,True,8.88,9.19,1,2.11,-12.76,-6.13,-3.34,0.0,2026-07-13,2026-07-13,44.26,0.5813,-0.1897,0.5006,0.4729,0.7613,0.1657,0.2489,-0.8116,0.0942,多周期共振看空 ⬇⬇⬇,-0.6595,-0.656,-0.5625
603190,亚通精工,9.51,True,23.12,24.5,4,4.62,-10.05,-3.8,-5.64,0.0,2026-07-13,2026-07-13,37.39,0.1423,0.1056,0.423,0.3276,0.6086,0.295,0.2489,-0.4992,0.2504,多周期共振看空 ⬇⬇⬇,-0.2937,-0.508,-0.3375
002282,博深股份,28.03,True,5.55,5.82,0,-0.05,-6.77,-3.8,-4.68,0.0,2026-07-13,2026-07-13,25.6,0.5939,0.2826,0.2811,0.6694,0.3467,0.5315,0.2488,-0.9218,0.0391,多周期共振看空 ⬇⬇⬇,-0.843,-0.7408,-0.5625
603197,保隆科技,56.86,True,26.93,28.49,3,5.2,-12.57,-3.99,-5.46,0.0,2026-07-13,2026-07-13,39.86,0.3289,-0.0188,0.3776,0.3898,0.6637,0.3706,0.2488,-0.726,0.137,多周期共振看空 ⬇⬇⬇,-0.5503,-0.5614,-0.5625
002241,歌尔股份,686.39,True,21.82,22.5,1,0.03,-10.74,-6.02,-3.04,0.0,2026-07-13,2026-07-13,43.74,0.1935,0.1947,0.5231,0.394,0.7499,0.1282,0.2487,-0.6427,0.1786,多周期共振看空 ⬇⬇⬇,-0.494,-0.4267,-0.5625
600481,双良节能,86.7,True,4.2,4.69,3,5.39,-15.37,-7.51,-10.42,0.0,2026-07-13,2026-07-13,44.19,0.5908,-0.1863,0.7291,0.48,0.7599,0.0,0.2485,-0.6919,0.1541,多周期共振看空 ⬇⬇⬇,-0.5941,-0.5165,-0.495
002985,北摩高科,82.14,True,24.82,27.91,4,2.13,-11.35,-4.55,-11.07,0.0,2026-07-13,2026-07-13,31.58,0.4033,0.9081,0.4863,0.642,0.4796,0.1895,0.2483,-0.7678,0.1161,多周期共振看空 ⬇⬇⬇,-0.797,-0.6669,-0.3375
603406,天富龙,9.19,True,25.06,26.76,0,-1.74,-9.6,-5.2,-6.35,0.0,2026-07-13,2026-07-13,25.37,0.5155,0.3071,0.2873,0.6321,0.3416,0.5212,0.2483,-0.8521,0.074,周线日线共振看空,-0.6635,-0.75,
002135,东南网架,61.28,True,5.87,6.81,2,4.57,-16.07,-5.5,-13.77,0.0,2026-07-13,2026-07-13,19.02,0.7314,-0.2837,0.5791,0.5253,0.2005,0.0349,0.2482,-0.1238,0.4381,月线看多，中短期调整中,-0.553,-0.2956,0.18
002076,星光股份,20.95,True,2.01,2.36,2,2.37,-14.81,-6.08,-14.81,0.0,2026-07-13,2026-07-13,24.03,0.1252,0.6723,0.7087,0.4751,0.3118,0.0,0.2482,-0.1491,0.4254,多周期方向不一致，观望,-0.6112,-0.035,-0.0967
000060,中金岭南,271.35,True,6.11,7.45,10,14.39,-17.97,-1.93,-17.97,0.0,2026-07-13,2026-07-13,20.34,0.7164,-0.3202,0.7021,0.5018,0.2298,0.0,0.2481,-0.0934,0.4533,多周期方向不一致，观望,-0.2714,-0.1106,-0.0675
603337,杰克科技,168.79,True,35.63,38.99,8,7.17,-8.61,-2.12,-8.61,0.0,2026-07-13,2026-07-13,37.68,0.4722,0.0685,0.6279,0.5107,0.6151,0.0,0.248,-0.5714,0.2143,多周期共振看空 ⬇⬇⬇,-0.3722,-0.3744,-0.5625
600518,康美药业,179.69,True,1.3,1.3,1,0.27,-14.34,-6.96,0.27,0.0,2026-07-10,2026-07-13,42.5,0.2806,0.2223,0.4445,0.4573,0.7222,0.2592,0.248,-0.8219,0.0891,多周期共振看空 ⬇⬇⬇,-0.5763,-0.75,-0.5625
000528,柳    工,157.47,True,7.74,7.96,4,2.11,-8.86,-3.78,-2.8,0.0,2026-07-13,2026-07-13,44.79,0.2498,-0.1754,0.3191,0.2797,0.7731,0.4682,0.2477,-0.768,0.116,多周期共振看空 ⬇⬇⬇,-0.4702,-0.7223,-0.5625
600722,金牛化工,53.06,True,7.8,8.44,0,-0.52,-14.94,-10.21,-7.6,0.0,2026-07-13,2026-07-13,23.2,0.8465,-0.5277,0.4865,0.5079,0.2933,0.1891,0.2474,-0.3364,0.3318,月线震荡，中短期走弱,-0.625,-0.5625,-0.0325
600178,东安动力,41.1,True,8.81,9.6,16,12.38,-9.41,1.7,-8.25,0.0908,2026-07-13,2026-07-13,39.85,0.6262,-0.6488,0.6494,0.3757,0.6632,0.0,0.2474,-0.6359,0.182,多周期共振看空 ⬇⬇⬇,-0.2248,-0.6423,-0.5625
002395,双象股份,31.67,True,11.81,12.39,0,-0.24,-13.1,-7.44,-4.72,0.0,2026-07-13,2026-07-13,38.1,0.7172,-0.628,0.3593,0.4303,0.6243,0.4011,0.2473,-0.7805,0.1098,多周期共振看空 ⬇⬇⬇,-0.6671,-0.581,-0.5625
603225,新凤鸣,285.49,True,17.11,20.18,14,16.88,-15.23,2.88,-15.23,0.0,2026-07-13,2026-07-13,33.3,0.3956,-0.4957,0.757,0.2391,0.5179,0.0,0.2472,-0.0263,0.4869,多周期方向不一致，观望,-0.0316,0.1103,-0.1988
605088,冠盛股份,55.27,True,27.47,29.79,3,2.0,-12.91,-5.62,-7.79,0.0,2026-07-13,2026-07-13,40.58,-0.1246,0.4501,0.4391,0.38,0.6795,0.2681,0.2471,-0.6615,0.1693,多周期共振看空 ⬇⬇⬇,-0.5156,-0.4493,-0.5625
001388,信通电子,24.93,True,29.49,28.17,2,4.7,-17.26,-7.75,4.7,0.0,2026-07-10,2026-07-13,47.56,0.1783,2.619,0.6301,0.507,0.8347,0.0,0.2469,-0.8374,0.0813,多周期共振看空 ⬇⬇⬇,-0.616,-0.75,-0.5625
002489,浙江永强,51.08,True,2.67,2.86,0,-4.99,-17.75,-11.9,-6.77,0.0,2026-07-13,2026-07-13,28.79,0.8508,-0.4549,0.3183,0.5285,0.4175,0.4694,0.2469,-0.7467,0.1266,多周期共振看空 ⬇⬇⬇,-0.637,-0.5325,-0.5625
600037,歌华有线,86.57,True,6.22,6.42,0,-1.35,-10.86,-4.6,-3.1,0.0,2026-07-13,2026-07-13,33.57,-0.1448,0.5037,0.2469,0.4,0.5238,0.5886,0.2467,-0.7658,0.1171,多周期共振看空 ⬇⬇⬇,-0.6189,-0.5902,-0.5625
000428,华天酒店,30.87,True,3.03,3.15,0,-1.82,-9.69,-5.76,-3.87,0.0,2026-07-13,2026-07-13,28.57,0.353,0.2813,0.3307,0.5244,0.4127,0.4489,0.2467,-0.7197,0.1401,多周期共振看空 ⬇⬇⬇,-0.695,-0.6485,-0.3375
603768,常青股份,22.68,True,9.53,9.83,2,2.44,-12.04,-5.75,-3.03,0.0,2026-07-13,2026-07-13,38.59,0.5405,-0.3151,0.3968,0.3983,0.6352,0.3387,0.2466,-0.6977,0.1512,多周期共振看空 ⬇⬇⬇,-0.4898,-0.551,-0.5625
000039,中集集团,175.83,True,7.64,8.43,0,-3.45,-12.86,-9.24,-9.33,0.0,2026-07-13,2026-07-13,34.39,0.4861,0.1181,0.4933,0.5389,0.5419,0.1778,0.2465,-0.6825,0.1588,多周期共振看空 ⬇⬇⬇,-0.7,-0.5625,-0.3375
002312,川发龙蟒,149.95,True,7.96,9.11,12,15.54,-12.58,0.9,-12.58,0.0,2026-07-13,2026-07-13,29.78,0.6404,0.2785,0.6739,0.6957,0.4395,0.0,0.2461,-0.6717,0.1642,多周期共振看空 ⬇⬇⬇,-0.3489,-0.6146,-0.5625
002001,新 和 成,854.27,True,28.13,29.35,6,4.58,-8.24,-1.55,-4.16,0.0122,2026-07-13,2026-07-13,41.36,-0.0014,-0.2299,0.5417,0.108,0.697,0.0972,0.2461,-0.1478,0.4261,月线看多，中短期调整中,-0.3521,-0.5821,0.18
002678,珠江钢琴,54.71,True,4.03,4.46,0,-5.82,-20.33,-13.79,-9.7,0.0,2026-07-13,2026-07-13,19.44,0.7283,-0.0233,0.3795,0.6277,0.2099,0.3675,0.2461,-0.5817,0.2092,多周期共振看空 ⬇⬇⬇,-0.673,-0.364,-0.3375
002786,银宝山新,35.63,True,7.21,7.83,1,0.57,-8.44,-4.63,-7.89,0.0,2026-07-13,2026-07-13,32.1,0.7684,-0.5686,0.4336,0.461,0.4911,0.2773,0.2461,-0.5801,0.21,多周期共振看空 ⬇⬇⬇,-0.5226,-0.2646,-0.5625
600309,万华化学,2095.85,True,66.95,70.68,7,3.53,-9.63,-1.87,-5.28,0.0,2026-07-13,2026-07-13,31.07,0.3702,0.1385,0.4518,0.4776,0.4682,0.247,0.2459,-0.5561,0.2219,多周期共振看空 ⬇⬇⬇,-0.312,-0.6172,-0.3375
603600,永艺股份,29.87,True,9.04,9.32,1,0.91,-9.69,-4.84,-2.95,0.0,2026-07-13,2026-07-13,36.89,-0.1143,0.4563,0.3084,0.3825,0.5975,0.486,0.2459,-0.7507,0.1246,多周期共振看空 ⬇⬇⬇,-0.5921,-0.5798,-0.5625
600850,电科数字,120.4,True,14.75,15.19,1,1.89,-16.04,-7.87,-2.87,0.0,2026-07-13,2026-07-13,38.26,0.4838,-0.17,0.434,0.4223,0.628,0.2766,0.2459,-0.6834,0.1583,多周期共振看空 ⬇⬇⬇,-0.4006,-0.5961,-0.5625
002868,绿康生化,25.42,True,23.76,24.43,3,5.66,-18.64,-7.42,-2.76,0.0,2026-07-13,2026-07-13,44.96,0.0397,0.4565,0.6804,0.4064,0.777,0.0,0.2456,-0.6182,0.1909,多周期共振看空 ⬇⬇⬇,-0.457,-0.6295,-0.3375
000830,鲁西化工,217.84,True,11.44,12.48,7,4.21,-8.36,-1.43,-8.36,0.0,2026-07-13,2026-07-13,39.63,0.4821,-0.003,0.5449,0.488,0.6585,0.0918,0.2455,-0.6808,0.1596,多周期共振看空 ⬇⬇⬇,-0.3686,-0.6854,-0.495
002588,史丹利,69.2,True,8.06,8.38,3,1.36,-7.56,-2.62,-3.8,0.0,2026-07-13,2026-07-13,38.77,0.3517,-0.1103,0.3987,0.3669,0.6393,0.3356,0.2454,-0.659,0.1705,多周期共振看空 ⬇⬇⬇,-0.3685,-0.6375,-0.495
002382,蓝帆医疗,51.79,True,5.19,5.32,0,-1.96,-12.64,-7.83,-2.4,0.0,2026-07-13,2026-07-13,39.1,0.2697,-0.096,0.3582,0.3234,0.6466,0.4031,0.2454,-0.6527,0.1737,多周期共振看空 ⬇⬇⬇,-0.6115,-0.5729,-0.3375
601702,华峰铝业,143.29,True,14.35,14.98,0,-4.19,-20.11,-11.98,-4.19,0.0,2026-07-13,2026-07-13,40.9,0.5767,-0.3407,0.4631,0.4097,0.6867,0.2282,0.2453,-0.6996,0.1502,多周期共振看空 ⬇⬇⬇,-0.5245,-0.5931,-0.495
603187,海容冷链,45.35,True,11.86,11.95,3,2.24,-8.28,-2.46,-0.76,0.0434,2026-07-13,2026-07-13,44.67,-0.1705,-0.1541,0.284,0.1384,0.7705,0.5266,0.2453,-0.7088,0.1456,多周期共振看空 ⬇⬇⬇,-0.3186,-0.7223,-0.5625
600933,爱柯迪,130.38,True,13.29,14.65,4,4.17,-11.66,-2.98,-9.3,0.0,2026-07-13,2026-07-13,32.78,0.4089,0.3481,0.4589,0.5846,0.5063,0.2352,0.2452,-0.7694,0.1153,多周期共振看空 ⬇⬇⬇,-0.5633,-0.6456,-0.5625
002196,方正电机,52.75,True,10.8,12.6,5,8.18,-15.96,-5.53,-14.3,0.0,2026-07-13,2026-07-13,29.47,0.6748,0.0219,0.8259,0.6136,0.4326,0.0,0.2452,-0.5393,0.2303,多周期共振看空 ⬇⬇⬇,-0.531,-0.3927,-0.3375
603158,腾龙股份,50.16,True,10.22,12.17,0,-4.47,-16.04,-10.63,-16.04,0.0,2026-07-13,2026-07-13,24.89,0.4956,-0.2794,0.6163,0.3856,0.3309,0.0,0.2446,-0.0576,0.4712,月线看多，中短期调整中,-0.5996,-0.2102,0.45
002410,广联达,129.53,True,8.25,8.44,0,-0.57,-12.0,-6.36,-2.29,0.0,2026-07-13,2026-07-13,38.46,0.2307,0.1656,0.3109,0.4047,0.6325,0.4818,0.2445,-0.8357,0.0822,多周期共振看空 ⬇⬇⬇,-0.6115,-0.75,-0.5625
603033,三维股份,82.83,True,8.18,9.19,5,9.23,-13.14,-5.19,-10.99,0.0,2026-07-13,2026-07-13,41.33,0.5329,-0.0182,0.7815,0.5125,0.6961,0.0,0.2444,-0.7002,0.1499,多周期共振看空 ⬇⬇⬇,-0.7017,-0.3749,-0.5625
600482,中国动力,709.05,True,31.26,32.82,6,7.69,-13.6,-4.24,-4.77,0.0,2026-07-13,2026-07-13,41.47,0.1543,-0.4503,0.627,0.1124,0.6994,0.0,0.2444,-0.0636,0.4682,月线看多，中短期调整中,-0.209,-0.3037,0.18
603352,至信股份,10.85,True,24.43,26.71,0,-1.7,-11.89,-6.5,-8.53,0.0,2026-07-13,2026-07-13,25.63,0.3612,-0.3344,0.3301,0.283,0.3473,0.4498,0.2443,-0.2748,0.3626,周线日线方向不一致,-0.916,0.0,
600892,大晟文化,18.01,True,3.22,3.52,1,3.19,-9.77,-4.56,-8.48,0.0,2026-07-13,2026-07-13,40.88,0.0029,1.8868,0.5404,0.4017,0.6862,0.0993,0.2442,-0.5923,0.2038,多周期共振看空 ⬇⬇⬇,-0.5547,-0.3314,-0.495
002365,永安药业,25.26,True,10.3,10.66,3,1.01,-8.51,-3.89,-3.35,0.0,2026-07-13,2026-07-13,37.65,0.3699,0.3287,0.4856,0.5534,0.6144,0.1906,0.2441,-0.8226,0.0887,多周期共振看空 ⬇⬇⬇,-0.578,-0.75,-0.5625
002043,兔 宝 宝,89.47,True,11.08,11.52,1,0.35,-9.92,-4.64,-3.79,0.0,2026-07-13,2026-07-13,37.54,0.1945,-0.0744,0.334,0.287,0.6121,0.4434,0.244,-0.5968,0.2016,多周期共振看空 ⬇⬇⬇,-0.5765,-0.4799,-0.3375
002095,生 意 宝,31.59,True,12.55,13.23,2,3.59,-8.6,-3.58,-5.14,0.0,2026-07-13,2026-07-13,27.84,0.5769,0.3562,0.457,0.6886,0.3964,0.2383,0.2439,-0.8171,0.0914,多周期共振看空 ⬇⬇⬇,-0.564,-0.75,-0.5625
600640,国脉文化,78.76,True,9.95,10.21,1,2.1,-12.18,-5.91,-2.57,0.0,2026-07-13,2026-07-13,39.05,0.1095,0.0604,0.3316,0.2899,0.6456,0.4473,0.2438,-0.6458,0.1771,多周期共振看空 ⬇⬇⬇,-0.411,-0.5045,-0.5625
600215,派斯林,26.13,True,5.72,6.13,3,10.46,-9.97,-3.5,-6.67,0.0,2026-07-13,2026-07-13,41.12,0.6067,-0.0495,0.6376,0.5442,0.6916,0.0,0.2436,-0.7517,0.1241,多周期共振看空 ⬇⬇⬇,-0.5201,-0.6438,-0.5625
603325,博隆技术,18.12,True,52.0,52.97,5,2.46,-10.07,-2.99,-1.82,0.0,2026-07-13,2026-07-13,43.88,0.0576,1.6637,0.5014,0.4346,0.7528,0.1644,0.2435,-0.7825,0.1088,多周期共振看空 ⬇⬇⬇,-0.4751,-0.75,-0.5625
000733,振华科技,238.48,True,43.04,54.43,13,13.03,-20.92,0.5,-20.92,0.0,2026-07-13,2026-07-13,33.25,0.197,-0.0861,0.9343,0.2837,0.5168,0.0,0.2435,-0.1258,0.4371,多周期方向不一致，观望,-0.1122,-0.2318,-0.225
002270,华明装备,159.62,True,17.81,19.59,4,2.82,-16.78,-4.92,-9.1,0.0,2026-07-13,2026-07-13,29.5,0.636,0.2929,0.5508,0.6988,0.4333,0.0819,0.2434,-0.7562,0.1219,多周期共振看空 ⬇⬇⬇,-0.724,-0.7038,-0.3375
603052,可川科技,120.22,True,63.98,80.69,2,4.29,-20.71,-8.6,-20.71,0.0,2026-07-13,2026-07-13,20.86,0.6002,-0.2864,0.7495,0.4455,0.2414,0.0,0.2433,-0.056,0.472,月线看多，中短期调整中,-0.6137,-0.1906,0.45
603272,*ST联翔,20.59,True,19.87,25.83,0,-4.74,-34.3,-21.35,-23.07,0.0,2026-07-13,2026-07-13,28.4,0.0134,18.4649,0.869,0.408,0.409,0.0,0.2433,-0.1974,0.4013,月线震荡，中短期走弱,-0.6755,-0.159,0.0745
600618,氯碱化工,71.91,True,9.59,10.45,10,4.19,-8.24,-0.74,-8.24,0.0,2026-07-13,2026-07-13,32.34,0.6218,-0.0663,0.5129,0.5465,0.4963,0.1452,0.2432,-0.6407,0.1796,多周期共振看空 ⬇⬇⬇,-0.255,-0.6946,-0.495
002064,华峰化学,485.3,True,9.8,10.35,11,7.7,-7.35,0.43,-5.27,0.0743,2026-07-13,2026-07-13,42.86,0.0747,-0.1935,0.7313,0.1675,0.7302,0.0,0.2432,-0.3766,0.3117,多周期共振看空 ⬇⬇⬇,-0.1911,-0.3264,-0.3375
002583,海能达,101.08,True,7.88,8.28,6,7.88,-11.69,-3.37,-4.88,0.0,2026-07-13,2026-07-13,31.91,0.8577,-0.7231,0.4151,0.5146,0.4868,0.3081,0.2431,-0.7094,0.1453,多周期共振看空 ⬇⬇⬇,-0.3583,-0.6896,-0.5625
002896,中大力德,137.94,True,70.19,77.28,2,6.15,-12.92,-4.05,-9.18,0.0,2026-07-13,2026-07-13,39.94,0.7269,-0.6024,0.7048,0.4361,0.6654,0.0,0.2431,-0.5518,0.2241,多周期共振看空 ⬇⬇⬇,-0.3989,-0.3083,-0.5625
002890,弘宇股份,22.27,True,13.79,14.61,5,8.49,-10.63,-2.13,-5.6,0.0,2026-07-13,2026-07-13,42.33,-0.3206,0.197,0.4796,0.2788,0.7183,0.2007,0.2431,-0.5238,0.2381,多周期共振看空 ⬇⬇⬇,-0.5837,-0.3134,-0.3375
600789,鲁抗医药,70.72,True,7.0,7.02,1,2.25,-10.09,-3.83,-0.29,0.0,2026-07-13,2026-07-13,42.19,-0.136,1.82,0.5291,0.4,0.7153,0.1182,0.2426,-0.6517,0.1742,多周期共振看空 ⬇⬇⬇,-0.3641,-0.5578,-0.5625
000553,安道麦A,123.66,True,5.68,5.77,2,1.44,-8.99,-3.09,-1.59,0.0,2026-07-13,2026-07-13,42.07,-0.1638,-0.0833,0.3565,0.1667,0.7126,0.4058,0.2424,-0.507,0.2465,多周期共振看空 ⬇⬇⬇,-0.2829,-0.3093,-0.5625
603969,银龙股份,60.32,True,7.1,7.48,8,6.7,-11.31,-3.32,-5.07,0.0,2026-07-13,2026-07-13,44.2,-0.2212,2.3542,0.5647,0.4,0.76,0.0588,0.2423,-0.6603,0.1699,多周期共振看空 ⬇⬇⬇,-0.2177,-0.7021,-0.5625
002551,尚荣医疗,17.05,True,2.79,2.81,3,2.06,-8.2,-4.17,-0.8,0.0,2026-07-13,2026-07-13,42.35,-0.0479,0.3647,0.3983,0.3459,0.719,0.3362,0.2423,-0.747,0.1265,多周期共振看空 ⬇⬇⬇,-0.4057,-0.7315,-0.5625
603901,永创智能,51.3,True,9.46,10.6,5,8.06,-10.76,-3.17,-10.76,0.0,2026-07-13,2026-07-13,36.48,0.3161,0.4298,0.515,0.5616,0.5884,0.1417,0.2416,-0.785,0.1075,多周期共振看空 ⬇⬇⬇,-0.6592,-0.6652,-0.495
002587,奥拓电子,28.61,True,5.37,6.79,11,11.68,-20.9,-2.29,-20.9,0.0,2026-07-13,2026-07-13,29.59,0.532,-0.0604,0.7416,0.495,0.4353,0.0,0.2414,-0.3833,0.3084,多周期共振看空 ⬇⬇⬇,-0.3969,-0.3448,-0.1575
002228,合兴包装,35.67,True,2.95,3.05,1,0.19,-8.4,-3.8,-3.42,0.0,2026-07-13,2026-07-13,38.82,-0.1206,0.4054,0.3272,0.3622,0.6405,0.4546,0.2413,-0.7817,0.1092,多周期共振看空 ⬇⬇⬇,-0.5627,-0.7408,-0.495
002153,石基信息,119.18,True,7.45,7.52,3,2.67,-10.88,-4.58,-0.9,0.0,2026-07-13,2026-07-13,45.5,0.4029,-0.4345,0.3603,0.2679,0.7888,0.3994,0.2413,-0.764,0.118,多周期共振看空 ⬇⬇⬇,-0.4708,-0.7131,-0.5625
603701,德宏股份,51.75,True,19.8,22.15,0,-0.46,-10.62,-5.19,-10.62,0.0,2026-07-13,2026-07-13,30.97,0.3313,-0.2723,0.4769,0.2899,0.4659,0.2051,0.2413,-0.2566,0.3717,月线震荡，中短期走弱,-0.6904,-0.276,0.0054
603194,中力股份,53.1,True,33.6,35.46,11,8.61,-7.76,-0.82,-5.25,0.0231,2026-07-13,2026-07-13,39.19,0.4125,-0.6345,0.5247,0.2475,0.6487,0.1255,0.2412,-0.4005,0.2997,多周期共振看空 ⬇⬇⬇,-0.1991,-0.2596,-0.45
600477,杭萧钢构,53.55,True,2.27,2.39,0,-0.75,-9.8,-6.06,-5.14,0.0,2026-07-13,2026-07-13,33.85,-0.3392,1.0843,0.3366,0.4,0.5299,0.4389,0.2412,-0.6972,0.1514,多周期共振看空 ⬇⬇⬇,-0.7,-0.5948,-0.3375
603266,天龙股份,31.96,True,16.07,17.05,3,3.92,-11.07,-4.56,-5.74,0.0,2026-07-13,2026-07-13,37.83,0.572,-0.0328,0.5392,0.5301,0.6183,0.1013,0.2409,-0.7436,0.1282,多周期共振看空 ⬇⬇⬇,-0.5739,-0.5798,-0.5625
600586,金晶科技,58.54,True,4.13,4.43,0,-0.85,-12.76,-7.19,-6.84,0.0,2026-07-13,2026-07-13,35.34,0.8232,-0.626,0.4753,0.4939,0.5631,0.2079,0.2406,-0.7071,0.1465,多周期共振看空 ⬇⬇⬇,-0.4196,-0.6993,-0.495
605222,起帆电缆,80.72,True,19.55,23.08,1,2.77,-22.97,-11.47,-15.31,0.0,2026-07-13,2026-07-13,30.33,-0.1266,0.5682,0.6059,0.4,0.4517,0.0,0.2405,-0.2584,0.3708,月线震荡，中短期走弱,-0.83,-0.2667,0.1097
600698,湖南天雁,46.34,True,5.58,6.09,3,3.46,-9.91,-5.04,-8.4,0.0,2026-07-13,2026-07-13,27.53,0.7942,-0.3118,0.3293,0.5518,0.3895,0.4512,0.2405,-0.7875,0.1063,多周期共振看空 ⬇⬇⬇,-0.7482,-0.5269,-0.5625
600135,乐凯胶片,39.56,True,7.15,8.12,0,-2.68,-11.95,-7.71,-11.95,0.0,2026-07-13,2026-07-13,24.06,0.8308,-0.2773,0.415,0.5876,0.3124,0.3083,0.2404,-0.6386,0.1807,多周期共振看空 ⬇⬇⬇,-0.7517,-0.4217,-0.3375
002812,恩捷股份,432.96,True,52.63,65.24,9,7.01,-19.33,-2.77,-19.33,0.0,2026-07-13,2026-07-13,24.69,-0.0375,0.5005,0.682,0.4,0.3264,0.0,0.2403,-0.1095,0.4452,月线看多，中短期调整中,-0.5938,-0.3048,0.2925
603605,珀莱雅,222.46,True,56.18,59.7,6,9.12,-11.14,-3.27,-5.89,0.0,2026-07-13,2026-07-13,42.55,0.1369,-0.2051,0.3605,0.2001,0.7233,0.3992,0.2403,-0.5855,0.2072,多周期共振看空 ⬇⬇⬇,-0.4549,-0.3344,-0.5625
605299,舒华体育,49.04,True,12.03,13.68,0,-7.21,-14.4,-10.42,-12.06,0.0,2026-07-13,2026-07-13,11.22,0.6178,-0.6333,0.2605,0.3707,0.0272,0.5658,0.2401,-0.1575,0.4213,月线看多，中短期调整中,-0.6955,-0.3337,0.18
002572,索菲亚,50.16,True,7.7,7.8,0,-0.61,-11.8,-6.96,-1.31,0.0,2026-07-13,2026-07-13,45.45,-0.5251,0.2201,0.3416,0.288,0.7879,0.4307,0.2398,-0.8322,0.0839,多周期共振看空 ⬇⬇⬇,-0.6025,-0.75,-0.5625
600570,恒生电子,393.12,True,20.76,21.72,2,0.99,-13.89,-4.73,-4.43,0.0,2026-07-13,2026-07-13,32.0,0.5021,0.178,0.4752,0.5725,0.4889,0.208,0.2398,-0.7504,0.1248,多周期共振看空 ⬇⬇⬇,-0.4359,-0.7131,-0.5625
000881,中广核技,55.49,True,6.14,6.51,0,-2.37,-12.95,-7.36,-5.72,0.0,2026-07-13,2026-07-13,32.92,0.7602,-0.6735,0.3389,0.4561,0.5093,0.4352,0.2396,-0.7724,0.1138,多周期共振看空 ⬇⬇⬇,-0.682,-0.5506,-0.5625
601890,亚星锚链,76.27,True,7.95,8.44,2,0.61,-9.42,-3.36,-5.86,0.0,2026-07-13,2026-07-13,34.06,0.1676,0.46,0.4201,0.4846,0.5346,0.2998,0.2394,-0.7416,0.1292,多周期共振看空 ⬇⬇⬇,-0.5459,-0.6669,-0.495
002637,赞宇科技,46.96,True,10.1,10.97,4,7.27,-10.53,-3.87,-7.93,0.0,2026-07-13,2026-07-13,34.07,0.5097,-0.2329,0.518,0.4126,0.5349,0.1367,0.2393,-0.4975,0.2512,多周期共振看空 ⬇⬇⬇,-0.3977,-0.4151,-0.3375
603382,海阳科技,18.74,True,16.23,17.75,0,-4.99,-12.87,-9.57,-8.58,0.0,2026-07-13,2026-07-13,22.33,0.4793,0.5222,0.3333,0.6876,0.274,0.4444,0.2393,-0.8702,0.0649,多周期共振看空 ⬇⬇⬇,-0.7,-0.75,-0.5625
600456,宝钛股份,127.57,True,26.7,28.32,2,4.08,-12.55,-5.44,-5.73,0.0,2026-07-13,2026-07-13,30.72,0.5724,0.2326,0.5636,0.6364,0.4605,0.0606,0.2393,-0.705,0.1475,多周期共振看空 ⬇⬇⬇,-0.423,-0.6918,-0.495
000595,宝塔实业,58.64,True,5.15,5.92,2,3.51,-19.33,-10.93,-12.98,0.0,2026-07-13,2026-07-13,38.15,0.0658,1.6256,0.825,0.4395,0.6257,0.0,0.2392,-0.5406,0.2297,多周期共振看空 ⬇⬇⬇,-0.826,-0.2102,-0.27
600742,富维股份,52.31,True,7.04,7.43,0,-1.11,-8.29,-4.2,-5.2,0.0,2026-07-13,2026-07-13,32.78,0.2789,0.2529,0.313,0.4685,0.5062,0.4784,0.2392,-0.8257,0.0872,多周期共振看空 ⬇⬇⬇,-0.6506,-0.6946,-0.5625
600271,航天信息,120.62,True,6.51,6.76,1,1.11,-9.71,-4.72,-3.65,0.0,2026-07-13,2026-07-13,38.57,0.0503,1.0379,0.3771,0.4302,0.6348,0.3715,0.239,-0.8354,0.0823,多周期共振看空 ⬇⬇⬇,-0.6215,-0.7408,-0.5625
600783,鲁信创投,133.69,True,17.96,20.16,3,5.69,-14.89,-5.52,-10.92,0.0,2026-07-13,2026-07-13,42.56,0.3692,-0.0936,0.9645,0.3841,0.7236,0.0,0.239,-0.571,0.2145,多周期共振看空 ⬇⬇⬇,-0.503,-0.4863,-0.3375
002623,亚玛顿,28.68,True,14.89,16.11,2,2.05,-12.03,-7.33,-7.57,0.0,2026-07-13,2026-07-13,41.74,0.0871,0.4777,0.7367,0.4433,0.7052,0.0,0.2388,-0.6452,0.1774,多周期共振看空 ⬇⬇⬇,-0.49,-0.5031,-0.495
600078,澄星股份,65.4,True,9.87,13.12,12,15.09,-24.76,-2.4,-24.76,0.0,2026-07-13,2026-07-13,24.68,0.7328,-0.5231,0.818,0.4397,0.3262,0.0,0.2388,-0.1843,0.4078,月线震荡，中短期走弱,-0.3132,-0.209,-0.1422
001308,康冠科技,86.92,True,17.84,20.27,5,2.19,-12.0,-2.71,-12.0,0.0,2026-07-13,2026-07-13,23.36,0.2582,0.1529,0.4,0.4161,0.297,0.3333,0.2388,-0.3788,0.3106,多周期共振看空 ⬇⬇⬇,-0.3844,-0.2781,-0.225
000525,红太阳,44.14,True,3.97,4.13,0,-0.52,-12.11,-6.57,-3.92,0.0,2026-07-13,2026-07-13,34.55,0.3176,0.3561,0.4231,0.533,0.5455,0.2948,0.2388,-0.8327,0.0837,多周期共振看空 ⬇⬇⬇,-0.6685,-0.6946,-0.5625
600658,电子城,43.29,True,3.87,4.01,0,-0.2,-12.75,-6.82,-3.59,0.0,2026-07-13,2026-07-13,38.1,0.1228,0.4583,0.5087,0.457,0.6243,0.1521,0.2387,-0.6923,0.1538,多周期共振看空 ⬇⬇⬇,-0.548,-0.4893,-0.5625
603968,醋化股份,18.55,True,9.07,9.67,0,-3.97,-11.93,-7.97,-6.2,0.0,2026-07-13,2026-07-13,27.97,0.7593,-0.4246,0.3165,0.4857,0.3992,0.4725,0.2385,-0.7263,0.1369,多周期共振看空 ⬇⬇⬇,-0.7,-0.5012,-0.495
600551,时代出版,44.89,True,6.62,6.8,0,-0.89,-4.77,-2.92,-2.63,0.0,2026-07-13,2026-07-13,36.96,-0.1095,0.1348,0.1807,0.2539,0.599,0.6989,0.2383,-0.778,0.111,多周期共振看空 ⬇⬇⬇,-0.4959,-0.7223,-0.5625
603212,赛伍技术,47.69,True,10.9,12.7,5,7.69,-24.09,-10.83,-14.15,0.0,2026-07-13,2026-07-13,40.15,0.6556,-0.4687,0.8509,0.4058,0.6701,0.0,0.2383,-0.5474,0.2263,多周期共振看空 ⬇⬇⬇,-0.6112,-0.3416,-0.3375
002645,华宏科技,138.15,True,20.31,27.97,10,24.13,-27.38,-3.85,-27.38,0.0,2026-07-13,2026-07-13,9.42,0.8343,-0.5454,0.8127,0.5006,0.0,0.0,0.2381,0.1039,0.552,上升趋势中的日线回调（关注买点）,-0.4415,0.2778,0.45
600831,广电网络,21.12,True,2.97,3.09,1,0.87,-14.18,-7.92,-3.84,0.0,2026-07-13,2026-07-13,36.9,-0.0341,0.6016,0.3552,0.4,0.5979,0.4079,0.2381,-0.7791,0.1104,多周期共振看空 ⬇⬇⬇,-0.6355,-0.6052,-0.5625
600406,国电南瑞,1737.77,True,21.7,22.64,3,1.95,-8.24,-2.47,-4.13,0.0,2026-07-13,2026-07-13,37.5,0.0303,0.0753,0.2911,0.2483,0.6111,0.5149,0.238,-0.6387,0.1806,多周期共振看空 ⬇⬇⬇,-0.507,-0.6317,-0.3375
603319,美湖股份,104.09,True,30.69,33.4,2,1.53,-14.12,-5.64,-8.11,0.0,2026-07-13,2026-07-13,36.15,0.5885,-0.5208,0.4769,0.3531,0.5812,0.2052,0.2379,-0.5237,0.2381,多周期共振看空 ⬇⬇⬇,-0.3494,-0.3566,-0.495
601015,陕西黑猫,60.25,True,2.95,3.03,0,-0.51,-16.43,-9.72,-2.7,0.0,2026-07-13,2026-07-13,38.64,0.6758,-0.5322,0.4117,0.4055,0.6364,0.3138,0.2377,-0.762,0.119,多周期共振看空 ⬇⬇⬇,-0.598,-0.6672,-0.495
002564,天沃科技,34.96,True,4.07,4.44,0,-2.73,-10.5,-7.39,-8.34,0.0,2026-07-13,2026-07-13,29.71,0.379,0.8704,0.4265,0.6274,0.438,0.2892,0.2376,-0.86,0.07,多周期共振看空 ⬇⬇⬇,-0.6955,-0.7315,-0.5625
002190,成飞集成,76.66,True,21.37,24.34,1,0.64,-12.4,-6.17,-12.21,0.0,2026-07-13,2026-07-13,28.48,0.6951,0.033,0.4842,0.6303,0.4107,0.1931,0.2375,-0.7559,0.122,多周期共振看空 ⬇⬇⬇,-0.6346,-0.5548,-0.5625
600623,华谊集团,148.58,True,7.92,8.4,7,8.29,-9.57,-1.76,-5.72,0.0,2026-07-13,2026-07-13,41.13,0.3377,-0.0098,0.628,0.3987,0.6917,0.0,0.2373,-0.5699,0.2151,多周期共振看空 ⬇⬇⬇,-0.3432,-0.6208,-0.3375
002795,永和智控,25.54,True,5.88,6.9,0,-0.22,-14.76,-7.4,-14.76,0.0,2026-07-13,2026-07-13,24.83,0.6564,0.0112,0.5709,0.5984,0.3294,0.0485,0.237,-0.4955,0.2522,多周期共振看空 ⬇⬇⬇,-0.6031,-0.3021,-0.27
603276,恒兴新材,11.29,True,14.93,15.92,6,4.53,-6.22,-1.98,-6.22,0.0,2026-07-13,2026-07-13,26.67,0.795,-0.8401,0.3853,0.477,0.3704,0.3579,0.2366,-0.6013,0.1994,多周期共振看空 ⬇⬇⬇,-0.4504,-0.4404,-0.495
600724,宁波富达,75.28,True,5.21,5.67,0,-3.24,-18.11,-9.01,-8.06,0.0,2026-07-13,2026-07-13,39.81,-0.113,0.3734,0.7024,0.3494,0.6624,0.0,0.2361,-0.4649,0.2676,多周期共振看空 ⬇⬇⬇,-0.4762,-0.276,-0.3375
002633,申科股份,21.3,True,14.25,15.61,0,-1.59,-8.69,-5.97,-8.69,0.0,2026-07-13,2026-07-13,22.99,0.2053,0.6027,0.3891,0.5232,0.2887,0.3516,0.2359,-0.5778,0.2111,多周期共振看空 ⬇⬇⬇,-0.6065,-0.4125,-0.3375
600151,航天机电,145.43,True,10.14,11.2,0,-0.03,-17.77,-7.84,-9.44,0.0,2026-07-13,2026-07-13,39.39,0.1907,0.2908,0.6751,0.4308,0.6532,0.0,0.2354,-0.5898,0.2051,多周期共振看空 ⬇⬇⬇,-0.4636,-0.5613,-0.3375
002425,凯撒文化,23.74,True,2.58,2.71,1,0.95,-10.07,-5.59,-4.81,0.0,2026-07-13,2026-07-13,36.47,-0.4058,0.7955,0.3884,0.4,0.5882,0.3527,0.2353,-0.7456,0.1272,多周期共振看空 ⬇⬇⬇,-0.4913,-0.655,-0.5625
002117,东港股份,39.95,True,7.63,8.2,0,-3.4,-12.39,-6.76,-7.0,0.0,2026-07-13,2026-07-13,29.26,0.3165,0.3674,0.3327,0.5369,0.4279,0.4456,0.2353,-0.8464,0.0768,多周期共振看空 ⬇⬇⬇,-0.682,-0.7131,-0.5625
603059,倍加洁,24.09,True,23.98,25.22,2,0.87,-8.13,-4.05,-4.91,0.0,2026-07-13,2026-07-13,32.74,0.4347,-0.0054,0.3577,0.4587,0.5053,0.4039,0.2351,-0.7823,0.1089,多周期共振看空 ⬇⬇⬇,-0.6288,-0.6854,-0.495
002591,恒大高新,13.37,True,5.98,6.5,0,-5.34,-14.03,-9.02,-8.02,0.0,2026-07-13,2026-07-13,25.0,-0.7877,0.718,0.342,0.4,0.3333,0.4301,0.2351,-0.5031,0.2485,多周期共振看空 ⬇⬇⬇,-0.646,-0.2146,-0.3375
002734,利民股份,65.28,True,15.03,17.13,13,14.81,-12.24,1.02,-12.24,0.0,2026-07-13,2026-07-13,17.85,0.6509,-0.0488,0.6764,0.571,0.1745,0.0,0.2351,-0.2423,0.3789,多周期方向不一致，观望,-0.1322,-0.4567,-0.495
000030,富奥股份,65.5,True,3.92,4.03,0,-0.74,-7.79,-4.58,-2.85,0.0,2026-07-13,2026-07-13,35.53,0.5333,-0.7502,0.2306,0.32,0.5673,0.6157,0.2349,-0.8064,0.0968,多周期共振看空 ⬇⬇⬇,-0.558,-0.7315,-0.5625
600679,上海凤凰,30.55,True,8.89,9.03,0,-0.73,-9.33,-5.3,-1.52,0.0,2026-07-13,2026-07-13,46.0,0.3465,-0.6321,0.2903,0.2079,0.8,0.5162,0.2348,-0.8269,0.0866,多周期共振看空 ⬇⬇⬇,-0.5891,-0.75,-0.5625
601929,吉视传媒,75.38,True,2.16,2.29,1,1.61,-15.32,-8.16,-5.7,0.0,2026-07-13,2026-07-13,37.18,0.0762,0.6432,0.4823,0.4457,0.604,0.1962,0.2347,-0.7175,0.1412,多周期共振看空 ⬇⬇⬇,-0.5704,-0.5254,-0.5625
002917,金奥博,25.19,True,9.67,10.66,0,-1.31,-14.83,-10.06,-9.28,0.0,2026-07-13,2026-07-13,30.81,0.8159,-0.3251,0.361,0.5595,0.4625,0.3983,0.2345,-0.8931,0.0534,多周期共振看空 ⬇⬇⬇,-0.8935,-0.6344,-0.5625
600469,风神股份,38.3,True,5.25,5.46,1,2.32,-8.86,-3.29,-3.82,0.0,2026-07-13,2026-07-13,42.25,-0.021,0.1077,0.3551,0.2431,0.7167,0.4081,0.2344,-0.7005,0.1497,多周期共振看空 ⬇⬇⬇,-0.3867,-0.7131,-0.495
002540,亚太科技,39.56,True,4.61,4.83,0,-0.27,-9.48,-4.72,-4.48,0.0,2026-07-13,2026-07-13,35.0,-0.2333,0.4646,0.2808,0.3858,0.5556,0.5321,0.2344,-0.8343,0.0828,多周期共振看空 ⬇⬇⬇,-0.6188,-0.7408,-0.5625
002806,华锋股份,25.68,True,14.75,18.77,10,15.7,-21.4,-1.29,-21.4,0.0,2026-07-13,2026-07-13,8.53,0.7993,-0.5933,0.7237,0.4796,0.0,0.0,0.2344,0.1075,0.5537,上升趋势中的日线回调（关注买点）,-0.319,0.1848,0.45
603583,捷昌驱动,85.93,True,22.48,23.41,3,5.85,-11.43,-4.48,-3.96,0.0,2026-07-13,2026-07-13,45.67,0.1982,0.13,0.5073,0.3709,0.7927,0.1546,0.2343,-0.7943,0.1028,多周期共振看空 ⬇⬇⬇,-0.5053,-0.75,-0.5625
601179,中国西电,635.1,True,12.39,14.74,6,7.96,-15.94,-4.19,-15.94,0.0,2026-07-13,2026-07-13,11.66,0.7116,-0.0304,0.8047,0.6148,0.0368,0.0,0.2343,-0.1531,0.4234,月线看多，中短期调整中,-0.5027,-0.4783,0.18
603867,新化股份,64.79,True,30.04,36.51,10,6.37,-17.73,-3.74,-17.73,0.0,2026-07-13,2026-07-13,30.9,0.385,-0.5415,0.7898,0.231,0.4644,0.0,0.2343,-0.0524,0.4738,多周期方向不一致，观望,-0.3682,-0.0948,0.18
000786,北新建材,295.16,True,17.47,18.55,0,-3.99,-11.78,-8.11,-5.8,0.0,2026-07-13,2026-07-13,37.0,-0.2902,1.3349,0.3683,0.4,0.5999,0.3862,0.2341,-0.7962,0.1019,多周期共振看空 ⬇⬇⬇,-0.575,-0.6946,-0.5625
603916,苏博特,45.23,True,10.76,13.37,6,10.94,-19.5,-3.62,-19.5,0.0,2026-07-13,2026-07-13,16.72,0.8033,-0.4726,0.6736,0.493,0.1494,0.0,0.2341,-0.0955,0.4522,多周期方向不一致，观望,-0.4278,-0.0529,0.0
002865,钧达股份,115.21,True,50.35,58.52,0,-5.53,-22.56,-13.21,-13.96,0.0,2026-07-13,2026-07-13,35.45,0.5339,0.0271,0.7308,0.5312,0.5655,0.0,0.2341,-0.6559,0.172,多周期共振看空 ⬇⬇⬇,-0.664,-0.5348,-0.3375
600335,国机汽车,73.93,True,4.97,5.01,1,0.49,-10.07,-4.42,-0.74,0.0,2026-07-13,2026-07-13,41.22,-0.3065,0.1306,0.3165,0.2522,0.6938,0.4725,0.2337,-0.7448,0.1276,多周期共振看空 ⬇⬇⬇,-0.4109,-0.7223,-0.5625
002992,宝明科技,60.31,True,38.6,42.83,8,10.7,-9.87,-1.98,-9.87,0.0,2026-07-13,2026-07-13,28.39,0.8358,-0.2018,0.5921,0.6207,0.4086,0.0131,0.2336,-0.6255,0.1873,多周期共振看空 ⬇⬇⬇,-0.3382,-0.5224,-0.5625
002082,ST万邦,67.46,True,11.88,12.08,4,6.61,-20.25,-8.13,-1.61,0.0,2026-07-13,2026-07-13,45.79,-0.256,0.2709,0.6468,0.3083,0.7952,0.0,0.2336,-0.5787,0.2107,多周期共振看空 ⬇⬇⬇,-0.4967,-0.5163,-0.3298
603528,多伦科技,38.9,True,5.51,6.13,0,-2.07,-11.46,-7.52,-10.14,0.0,2026-07-13,2026-07-13,24.4,0.5807,0.3559,0.4152,0.6908,0.32,0.3081,0.2336,-0.8667,0.0666,多周期共振看空 ⬇⬇⬇,-0.691,-0.75,-0.5625
002429,兆驰股份,431.62,True,9.54,10.89,5,3.21,-12.78,-4.56,-12.4,0.0,2026-07-13,2026-07-13,35.19,-0.1576,-0.123,0.7665,0.1508,0.5597,0.0,0.2335,-0.045,0.4775,月线看多，中短期调整中,-0.4107,-0.1998,0.3375
000697,炼石航空,54.53,True,8.35,10.27,2,2.34,-18.67,-6.97,-18.67,0.0,2026-07-13,2026-07-13,3.41,0.6505,-0.1457,0.4835,0.532,0.0,0.1941,0.2332,-0.1406,0.4297,月线看多，中短期调整中,-0.7805,-0.1998,0.1995
603527,众源新材,30.27,True,9.55,12.32,7,9.68,-22.49,-6.93,-22.49,0.0,2026-07-13,2026-07-13,21.13,0.8022,-0.6391,0.736,0.4813,0.2474,0.0,0.2331,-0.2026,0.3987,多周期方向不一致，观望,-0.5795,-0.1237,-0.27
000698,ST沈化,24.2,True,3.08,3.12,3,5.3,-10.01,-4.3,-1.35,0.0,2026-07-13,2026-07-13,48.86,0.281,-0.445,0.3917,0.1906,0.8636,0.3472,0.2331,-0.7539,0.123,多周期共振看空 ⬇⬇⬇,-0.4879,-0.6762,-0.5625
002997,瑞鹄模具,56.66,True,27.07,29.31,9,6.05,-13.44,-1.38,-7.64,0.0,2026-07-13,2026-07-13,36.64,0.5424,-0.4269,0.4621,0.3547,0.5919,0.2298,0.2328,-0.5989,0.2006,多周期共振看空 ⬇⬇⬇,-0.2138,-0.5706,-0.5625
002882,金龙羽,42.2,True,17.1,19.53,0,-0.98,-13.1,-6.97,-12.45,0.0,2026-07-13,2026-07-13,21.33,0.5958,0.7824,0.4005,0.7575,0.2517,0.3325,0.2326,-0.9195,0.0403,多周期共振看空 ⬇⬇⬇,-0.848,-0.7315,-0.5625
605398,新炬网络,32.69,True,20.09,20.79,1,0.05,-14.56,-7.68,-3.36,0.0,2026-07-13,2026-07-13,37.57,0.6009,-0.6572,0.3753,0.3605,0.6127,0.3745,0.2324,-0.7526,0.1237,多周期共振看空 ⬇⬇⬇,-0.4202,-0.7315,-0.5625
600794,保税科技,35.4,True,2.95,2.99,1,0.32,-7.21,-3.45,-1.42,0.0,2026-07-13,2026-07-13,40.62,0.071,0.0895,0.3002,0.2784,0.6806,0.4997,0.2324,-0.8025,0.0988,多周期共振看空 ⬇⬇⬇,-0.5265,-0.75,-0.5625
605151,西上海,23.84,True,17.72,18.74,2,5.14,-11.12,-5.88,-5.43,0.0,2026-07-13,2026-07-13,41.43,0.0559,0.3819,0.6608,0.3863,0.6985,0.0,0.2324,-0.5972,0.2014,多周期共振看空 ⬇⬇⬇,-0.5994,-0.3037,-0.495
002919,名臣健康,46.05,True,17.43,19.81,3,9.84,-14.3,-5.13,-12.03,0.0,2026-07-13,2026-07-13,34.36,0.3999,0.1972,0.6728,0.5188,0.5413,0.0,0.2323,-0.6216,0.1892,多周期共振看空 ⬇⬇⬇,-0.7702,-0.3684,-0.3375
600303,曙光股份,16.33,True,2.41,2.61,0,-3.43,-17.8,-11.77,-7.63,0.0,2026-07-13,2026-07-13,28.75,0.8635,-0.4649,0.4427,0.5322,0.4167,0.2621,0.2318,-0.7067,0.1467,多周期共振看空 ⬇⬇⬇,-0.6047,-0.4724,-0.5625
603076,乐惠国际,23.71,True,19.64,21.19,0,-0.42,-12.37,-7.05,-7.31,0.0,2026-07-13,2026-07-13,35.56,0.4986,-0.3844,0.4222,0.3454,0.5681,0.2963,0.2316,-0.6186,0.1907,多周期共振看空 ⬇⬇⬇,-0.6775,-0.4413,-0.3375
002030,达安基因,70.87,True,5.05,5.2,0,-1.95,-17.02,-8.62,-2.79,0.0,2026-07-13,2026-07-13,37.18,0.5483,-0.6238,0.3911,0.329,0.604,0.3481,0.2311,-0.6808,0.1596,多周期共振看空 ⬇⬇⬇,-0.4275,-0.5673,-0.5625
002151,北斗星通,129.97,True,29.35,31.86,1,1.65,-9.22,-4.94,-7.88,0.0,2026-07-13,2026-07-13,41.53,-0.1945,2.404,0.5956,0.4,0.7006,0.0074,0.231,-0.6389,0.1805,多周期共振看空 ⬇⬇⬇,-0.6032,-0.5496,-0.3375
002212,天融信,65.58,True,5.62,5.88,0,-2.24,-11.92,-6.41,-4.36,0.0,2026-07-13,2026-07-13,38.89,0.0624,0.9477,0.446,0.4375,0.642,0.2566,0.2308,-0.829,0.0855,多周期共振看空 ⬇⬇⬇,-0.616,-0.7315,-0.5625
600055,万东医疗,75.16,True,10.69,10.83,0,-0.0,-13.85,-7.06,-1.26,0.0,2026-07-13,2026-07-13,41.91,-0.1378,0.3446,0.4118,0.3379,0.7091,0.3136,0.2307,-0.7964,0.1018,多周期共振看空 ⬇⬇⬇,-0.5324,-0.7315,-0.5625
002109,ST兴化,32.16,True,2.52,2.57,6,6.77,-12.55,-4.4,-2.08,0.0,2026-07-13,2026-07-13,48.42,0.0926,-0.0823,0.4834,0.2226,0.8538,0.1943,0.2307,-0.6908,0.1546,多周期共振看空 ⬇⬇⬇,-0.405,-0.6762,-0.495
603119,浙江荣泰,152.05,True,57.37,67.59,3,6.2,-15.12,-4.31,-15.12,0.0,2026-07-13,2026-07-13,34.17,0.7314,-0.3701,0.6965,0.4908,0.537,0.0,0.2307,-0.5838,0.2081,多周期共振看空 ⬇⬇⬇,-0.4463,-0.338,-0.5625
600526,菲达环保,36.67,True,4.2,4.27,0,-0.66,-8.19,-4.62,-1.73,0.0,2026-07-13,2026-07-13,35.06,0.2439,-0.146,0.2253,0.2879,0.557,0.6246,0.2306,-0.7835,0.1083,多周期共振看空 ⬇⬇⬇,-0.5424,-0.6946,-0.5625
603773,沃格光电,242.72,True,108.03,147.43,13,37.0,-26.73,7.57,-26.73,0.0,2026-07-13,2026-07-13,16.32,0.1209,-0.3529,0.9576,0.1314,0.1405,0.0,0.2306,0.4657,0.7329,上升趋势中的日线整理,-0.12,0.75,0.5625
600346,恒力石化,1055.86,True,15.0,17.62,14,7.53,-14.89,-0.1,-14.89,0.0,2026-07-13,2026-07-13,28.32,0.3429,1.1022,0.6909,0.6058,0.4071,0.0,0.2306,-0.6132,0.1934,多周期共振看空 ⬇⬇⬇,-0.2059,-0.6762,-0.495
002498,汉缆股份,189.63,True,5.7,6.81,0,-3.83,-16.32,-9.91,-16.32,0.0,2026-07-13,2026-07-13,12.79,0.711,-0.3799,0.4556,0.4746,0.0619,0.2406,0.2301,-0.1857,0.4072,月线看多，中短期调整中,-0.843,-0.3417,0.18
601798,蓝科高新,24.04,True,6.78,7.21,2,2.68,-10.48,-5.01,-5.98,0.0,2026-07-13,2026-07-13,39.04,0.7327,-0.4685,0.4745,0.4522,0.6454,0.2092,0.2299,-0.8262,0.0869,多周期共振看空 ⬇⬇⬇,-0.6089,-0.7315,-0.5625
002669,康达新材,38.2,True,12.62,16.47,13,13.05,-23.38,-1.38,-23.38,0.0,2026-07-13,2026-07-13,22.15,0.6616,-0.756,0.7379,0.397,0.27,0.0,0.2299,-0.1199,0.44,月线震荡，中短期走弱,-0.2888,-0.1556,0.0
603376,大明电子,7.56,True,23.63,25.26,0,-1.01,-12.12,-5.93,-6.46,0.0,2026-07-13,2026-07-13,27.62,0.1199,0.2868,0.2859,0.3866,0.3916,0.5235,0.2299,-0.6685,0.1658,周线日线共振看空,-0.682,-0.45,
601231,环旭电子,664.12,True,27.8,32.83,0,-5.16,-20.2,-11.43,-15.32,0.0,2026-07-13,2026-07-13,32.4,0.5012,-0.4812,0.8356,0.3083,0.4979,0.0,0.2298,-0.2524,0.3738,月线震荡，中短期走弱,-0.812,-0.2852,0.1327
600995,南网储能,374.89,True,11.73,12.44,0,-3.4,-13.29,-8.09,-5.71,0.0,2026-07-13,2026-07-13,29.96,0.5167,-0.5863,0.3277,0.31,0.4435,0.4538,0.2298,-0.5528,0.2236,多周期共振看空 ⬇⬇⬇,-0.6166,-0.4402,-0.2462
002614,奥佳华,19.77,True,4.48,4.59,0,-0.75,-9.13,-4.91,-2.35,0.0,2026-07-13,2026-07-13,37.0,0.3259,-0.1945,0.2628,0.3177,0.6,0.562,0.2297,-0.84,0.08,多周期共振看空 ⬇⬇⬇,-0.6226,-0.75,-0.5625
002931,锋龙股份,106.22,True,52.78,68.43,15,21.84,-22.87,4.35,-22.87,0.0,2026-07-13,2026-07-13,35.6,0.4022,-0.5542,1.1212,0.2413,0.5688,0.0,0.2296,-0.2318,0.3841,多周期方向不一致，观望,-0.1282,-0.5717,-0.3375
002651,利君股份,40.2,True,7.11,7.62,1,1.69,-8.59,-3.96,-6.72,0.0,2026-07-13,2026-07-13,36.65,-0.0404,1.0258,0.3729,0.4,0.5923,0.3785,0.2296,-0.8169,0.0916,多周期共振看空 ⬇⬇⬇,-0.5958,-0.7223,-0.5625
600409,三友化工,115.6,True,5.6,6.26,9,7.81,-12.29,-1.71,-10.47,0.0,2026-07-13,2026-07-13,23.79,0.3611,1.5083,0.5934,0.6166,0.3064,0.011,0.2295,-0.5273,0.2364,多周期共振看空 ⬇⬇⬇,-0.2774,-0.5837,-0.3375
605277,新亚电子,58.22,True,15.25,17.84,6,5.98,-14.54,-3.76,-14.54,0.0,2026-07-13,2026-07-13,35.2,0.828,-0.4912,0.6294,0.5003,0.5601,0.0,0.2295,-0.6362,0.1819,多周期共振看空 ⬇⬇⬇,-0.5065,-0.4015,-0.5625
002566,益盛药业,14.42,True,6.22,6.32,0,-0.96,-8.98,-5.28,-1.62,0.0,2026-07-13,2026-07-13,37.0,-0.4079,0.763,0.3983,0.4,0.6,0.3361,0.2293,-0.7947,0.1027,多周期共振看空 ⬇⬇⬇,-0.616,-0.656,-0.5625
603181,皇马科技,76.59,True,13.01,15.72,16,15.7,-17.25,4.37,-17.25,0.0,2026-07-13,2026-07-13,10.31,0.3361,0.6815,0.5494,0.6017,0.0069,0.0844,0.2292,-0.2046,0.3977,多周期方向不一致，观望,-0.0495,-0.4067,-0.45
603273,天元智能,7.34,True,13.1,13.67,3,3.65,-11.25,-4.51,-4.15,0.0,2026-07-13,2026-07-13,39.69,0.1245,0.5398,0.5124,0.4747,0.6597,0.1459,0.2291,-0.8352,0.0824,多周期共振看空 ⬇⬇⬇,-0.6104,-0.75,-0.5625
002340,格林美,323.34,True,6.37,6.89,1,4.09,-10.01,-4.78,-7.58,0.0,2026-07-13,2026-07-13,24.86,0.6597,0.0492,0.478,0.6155,0.3303,0.2034,0.229,-0.7115,0.1442,多周期共振看空 ⬇⬇⬇,-0.5922,-0.5612,-0.495
002161,远 望 谷,36.24,True,4.9,5.58,4,2.76,-12.75,-5.19,-12.2,0.0,2026-07-13,2026-07-13,28.95,0.698,0.2273,0.7114,0.7097,0.4211,0.0,0.2288,-0.8106,0.0947,多周期共振看空 ⬇⬇⬇,-0.5795,-0.7223,-0.5625
002383,合众思壮,49.01,True,6.62,6.95,2,2.24,-11.01,-5.67,-4.73,0.0,2026-07-13,2026-07-13,42.12,-0.0704,1.5267,0.4902,0.4,0.7139,0.183,0.2287,-0.8132,0.0934,多周期共振看空 ⬇⬇⬇,-0.6447,-0.6721,-0.5625
605500,森林包装,25.57,True,6.17,6.48,0,-1.37,-22.18,-10.45,-4.86,0.0,2026-07-13,2026-07-13,31.35,0.6724,-0.4794,0.3577,0.4117,0.4745,0.4039,0.2284,-0.7239,0.1381,多周期共振看空 ⬇⬇⬇,-0.682,-0.444,-0.5625
600114,东睦股份,191.02,True,30.99,38.42,10,10.17,-19.33,-2.89,-19.33,0.0,2026-07-13,2026-07-13,20.49,0.5503,-0.5115,0.6734,0.3302,0.2332,0.0,0.2283,0.0181,0.5091,多周期方向不一致，观望,-0.446,0.0242,0.4375
002035,华帝股份,35.97,True,4.6,4.65,0,-0.61,-7.7,-3.47,-1.11,0.0,2026-07-13,2026-07-13,38.54,-0.246,0.0575,0.2566,0.223,0.6343,0.5724,0.2283,-0.7491,0.1255,多周期共振看空 ⬇⬇⬇,-0.4756,-0.6762,-0.5625
600219,南山铝业,451.31,True,3.93,4.27,0,-3.65,-13.53,-8.27,-7.9,0.0,2026-07-13,2026-07-13,26.79,0.4116,0.225,0.4304,0.537,0.373,0.2826,0.2283,-0.7068,0.1466,多周期共振看空 ⬇⬇⬇,-0.6775,-0.6351,-0.3375
000815,美利云,92.47,True,13.3,15.05,5,7.91,-15.99,-6.39,-11.62,0.0,2026-07-13,2026-07-13,28.19,0.8079,-0.4004,0.6775,0.5246,0.4042,0.0,0.228,-0.5001,0.25,多周期共振看空 ⬇⬇⬇,-0.6187,-0.3233,-0.2454
601567,三星电气,190.12,True,13.53,14.66,1,4.45,-15.19,-4.44,-7.7,0.0,2026-07-13,2026-07-13,28.7,0.6105,0.1696,0.5134,0.6341,0.4155,0.1443,0.2279,-0.8051,0.0974,多周期共振看空 ⬇⬇⬇,-0.6086,-0.6854,-0.5625
002238,天威视讯,43.34,True,5.4,5.63,0,-0.92,-11.13,-6.91,-4.12,0.0,2026-07-13,2026-07-13,28.3,0.1634,1.0944,0.3491,0.498,0.4067,0.4182,0.2277,-0.7975,0.1013,多周期共振看空 ⬇⬇⬇,-0.5136,-0.75,-0.5625
002817,黄山胶囊,17.32,True,5.97,6.12,1,0.0,-9.38,-5.51,-2.4,0.0,2026-07-13,2026-07-13,37.43,-0.2736,0.4181,0.367,0.3672,0.6096,0.3883,0.2276,-0.8088,0.0956,多周期共振看空 ⬇⬇⬇,-0.663,-0.6467,-0.5625
600580,卧龙电驱,486.6,True,31.24,34.37,3,7.92,-14.3,-6.54,-9.11,0.0,2026-07-13,2026-07-13,39.52,0.5445,-0.2335,0.6814,0.4333,0.656,0.0,0.2274,-0.6612,0.1694,多周期共振看空 ⬇⬇⬇,-0.6011,-0.3754,-0.5625
603150,万朗磁塑,50.39,True,58.95,72.11,11,12.98,-18.26,-0.18,-18.26,0.0,2026-07-13,2026-07-13,20.36,0.4288,-0.537,0.5471,0.2573,0.2302,0.0882,0.2272,0.0594,0.5297,多周期方向不一致，观望,-0.3493,0.1105,0.45
600807,济高发展,18.57,True,2.36,2.42,0,-0.08,-11.4,-6.22,-2.48,0.0,2026-07-13,2026-07-13,38.64,0.3218,0.0199,0.4539,0.401,0.6364,0.2435,0.2272,-0.7822,0.1089,多周期共振看空 ⬇⬇⬇,-0.4851,-0.7408,-0.5625
603168,莎普爱思,18.25,True,4.9,4.98,0,-0.46,-11.17,-6.41,-1.56,0.0,2026-07-13,2026-07-13,39.52,-0.2597,0.5382,0.4317,0.4,0.656,0.2804,0.2272,-0.8339,0.0831,多周期共振看空 ⬇⬇⬇,-0.607,-0.75,-0.5625
001268,联合精密,21.74,True,23.04,27.45,10,3.86,-16.06,-3.34,-16.06,0.0,2026-07-13,2026-07-13,32.64,0.0353,0.0728,0.8144,0.2503,0.5031,0.0,0.2271,-0.1871,0.4064,月线震荡，中短期走弱,-0.4528,-0.1594,-0.0813
600727,鲁北化工,35.84,True,6.78,7.14,0,-0.6,-12.47,-6.65,-5.05,0.0,2026-07-13,2026-07-13,29.08,0.5972,-0.3053,0.5293,0.4362,0.4241,0.1179,0.2268,-0.4869,0.2566,多周期共振看空 ⬇⬇⬇,-0.534,-0.2748,-0.3375
600289,ST信通,31.8,True,5.62,5.54,8,8.79,-12.65,-3.45,1.47,0.0777,2026-07-07,2026-07-13,59.0,-0.172,-0.451,0.4959,0.0196,0.9112,0.1736,0.2268,-0.6361,0.182,多周期共振看空 ⬇⬇⬇,-0.1858,-0.6762,-0.5625
000533,顺钠股份,57.33,True,8.37,9.72,0,-3.29,-13.99,-9.81,-13.85,0.0,2026-07-13,2026-07-13,17.26,0.6807,-0.3156,0.4332,0.4822,0.1614,0.278,0.2268,-0.3732,0.3134,月线震荡，中短期走弱,-0.8705,-0.6208,0.1125
000547,航天发展,259.82,True,16.35,18.54,1,0.03,-15.15,-6.18,-11.82,0.0,2026-07-13,2026-07-13,39.23,0.0764,0.8697,0.7505,0.4459,0.6495,0.0,0.2267,-0.6794,0.1603,多周期共振看空 ⬇⬇⬇,-0.6216,-0.6229,-0.3375
001239,永达股份,13.91,True,12.2,13.67,9,11.89,-10.75,-0.86,-10.75,0.0,2026-07-13,2026-07-13,21.2,0.4411,0.5883,0.4678,0.6647,0.2488,0.2203,0.2264,-0.7268,0.1366,多周期共振看空 ⬇⬇⬇,-0.3753,-0.7131,-0.5625
000678,襄阳轴承,36.49,True,7.94,8.91,0,-1.22,-19.97,-13.06,-10.86,0.0,2026-07-13,2026-07-13,35.76,0.3181,0.5987,0.6535,0.5909,0.5725,0.0,0.2262,-0.8228,0.0886,多周期共振看空 ⬇⬇⬇,-0.6775,-0.6652,-0.5625
601908,京运通,70.02,True,2.9,3.09,0,-2.22,-14.07,-8.37,-6.03,0.0,2026-07-13,2026-07-13,39.0,-0.0857,0.2641,0.4371,0.3056,0.6444,0.2715,0.2261,-0.6709,0.1645,多周期共振看空 ⬇⬇⬇,-0.5144,-0.5387,-0.495
003003,天元股份,11.72,True,9.95,10.32,0,-0.73,-10.12,-5.97,-3.57,0.0,2026-07-13,2026-07-13,32.4,0.1783,0.1577,0.3107,0.3701,0.4978,0.4821,0.2259,-0.7682,0.1159,多周期共振看空 ⬇⬇⬇,-0.682,-0.6087,-0.495
601633,长城汽车,933.02,True,15.0,15.54,5,2.97,-10.25,-4.11,-3.47,0.0,2026-07-13,2026-07-13,35.28,0.6577,-0.6288,0.3879,0.3946,0.5618,0.3535,0.2259,-0.7814,0.1093,多周期共振看空 ⬇⬇⬇,-0.4832,-0.7408,-0.5625
000893,亚钾国际,323.26,True,39.82,42.45,4,3.51,-10.9,-4.68,-6.2,0.0,2026-07-13,2026-07-13,39.77,0.119,0.7213,0.6674,0.4714,0.6615,0.0,0.2259,-0.7411,0.1295,多周期共振看空 ⬇⬇⬇,-0.7284,-0.6669,-0.3375
603712,七一二,91.1,True,11.8,12.68,1,0.22,-10.82,-6.56,-6.96,0.0,2026-07-13,2026-07-13,41.73,0.0893,2.0389,0.5273,0.4536,0.7051,0.1212,0.2258,-0.8625,0.0687,多周期共振看空 ⬇⬇⬇,-0.691,-0.7408,-0.5625
002413,雷科防务,112.18,True,8.66,9.64,1,0.17,-11.65,-5.28,-10.19,0.0,2026-07-13,2026-07-13,40.47,-0.0448,0.6876,0.6514,0.4,0.6771,0.0,0.2257,-0.6469,0.1765,多周期共振看空 ⬇⬇⬇,-0.487,-0.6669,-0.3375
000070,特发信息,138.79,True,16.2,20.17,11,31.88,-19.69,2.21,-19.69,0.0,2026-07-13,2026-07-13,17.4,0.4613,-0.2867,1.0385,0.3621,0.1645,0.0,0.2257,0.0289,0.5144,多周期方向不一致，观望,-0.1436,-0.1998,0.45
000055,方大集团,21.22,True,3.14,3.44,5,4.06,-9.51,-4.32,-8.6,0.0,2026-07-13,2026-07-13,20.99,0.8951,-0.5907,0.3168,0.5371,0.2442,0.4721,0.2256,-0.725,0.1375,多周期共振看空 ⬇⬇⬇,-0.5478,-0.5613,-0.5625
601717,中创智领,219.3,True,14.22,15.02,0,-1.64,-12.97,-6.22,-5.32,0.0,2026-07-13,2026-07-13,35.77,0.3553,-0.0352,0.3468,0.3991,0.5726,0.422,0.2254,-0.8597,0.0701,多周期共振看空 ⬇⬇⬇,-0.673,-0.75,-0.5625
002227,*ST特迅,15.25,True,6.2,6.68,0,-1.74,-16.26,-9.4,-7.21,0.0,2026-07-13,2026-07-13,31.56,0.3532,1.0239,0.5256,0.6119,0.479,0.124,0.2253,-0.8506,0.0747,多周期共振看空 ⬇⬇⬇,-0.682,-0.7223,-0.5625
600746,江苏索普,60.96,True,5.22,5.52,0,-3.83,-12.7,-7.53,-5.44,0.0,2026-07-13,2026-07-13,31.85,0.1629,0.1748,0.3264,0.3677,0.4856,0.456,0.225,-0.736,0.132,多周期共振看空 ⬇⬇⬇,-0.607,-0.6023,-0.495
002721,金一文化,57.97,True,2.18,2.28,0,-1.04,-12.95,-6.81,-4.49,0.0,2026-07-13,2026-07-13,34.48,0.1854,0.2199,0.336,0.3992,0.5441,0.4399,0.2248,-0.8455,0.0772,多周期共振看空 ⬇⬇⬇,-0.682,-0.7112,-0.5625
002313,日海智能,28.23,True,7.54,7.83,2,2.17,-13.26,-6.74,-3.69,0.0,2026-07-13,2026-07-13,42.82,0.0423,0.549,0.6381,0.4254,0.7294,0.0,0.2247,-0.7581,0.121,多周期共振看空 ⬇⬇⬇,-0.6448,-0.551,-0.5625
002757,南兴股份,47.61,True,16.88,19.0,0,-5.8,-19.45,-10.9,-11.15,0.0,2026-07-13,2026-07-13,30.11,0.1679,0.7382,0.6182,0.5008,0.447,0.0,0.2246,-0.5405,0.2298,多周期共振看空 ⬇⬇⬇,-0.6595,-0.2852,-0.3375
000630,铜陵有色,652.98,True,5.86,6.67,9,16.98,-12.18,-1.12,-12.18,0.0,2026-07-13,2026-07-13,21.68,0.881,-0.5152,0.625,0.5286,0.2596,0.0,0.2244,-0.3619,0.3191,多周期共振看空 ⬇⬇⬇,-0.2077,-0.2798,-0.3375
601700,风范股份,49.42,True,4.34,4.55,0,-1.74,-12.29,-6.64,-4.57,0.0,2026-07-13,2026-07-13,35.11,0.1809,0.0069,0.389,0.3113,0.5581,0.3516,0.2244,-0.6543,0.1729,多周期共振看空 ⬇⬇⬇,-0.664,-0.5313,-0.3375
002790,瑞尔特,14.21,True,5.45,5.62,0,-0.91,-9.39,-5.61,-2.94,0.0,2026-07-13,2026-07-13,35.25,0.3411,-0.0535,0.3216,0.3833,0.5612,0.464,0.2243,-0.8632,0.0684,多周期共振看空 ⬇⬇⬇,-0.682,-0.75,-0.5625
600361,创新新材,128.78,True,3.45,3.71,0,-0.38,-12.47,-6.77,-7.03,0.0,2026-07-13,2026-07-13,24.66,0.7414,-0.288,0.3874,0.5296,0.3257,0.3543,0.2243,-0.7271,0.1365,多周期共振看空 ⬇⬇⬇,-0.7515,-0.4589,-0.495
001233,海安集团,16.14,True,42.8,46.2,0,-0.25,-14.21,-6.42,-7.35,0.0,2026-07-13,2026-07-13,29.57,0.1181,1.1641,0.4258,0.4708,0.4349,0.2904,0.2241,-0.7145,0.1427,周线日线共振看空,-0.765,-0.45,
002073,软控股份,52.32,True,5.16,5.3,2,0.97,-7.51,-3.5,-2.62,0.0,2026-07-13,2026-07-13,36.84,0.2341,-0.1272,0.2792,0.2896,0.5965,0.5347,0.224,-0.8147,0.0927,多周期共振看空 ⬇⬇⬇,-0.5578,-0.75,-0.5625
002166,莱茵生物,46.53,True,6.3,6.63,0,-4.96,-15.65,-9.19,-4.98,0.0,2026-07-13,2026-07-13,34.57,-0.3674,0.4124,0.3497,0.365,0.546,0.4172,0.2239,-0.7815,0.1093,多周期共振看空 ⬇⬇⬇,-0.616,-0.6946,-0.495
603613,国联股份,125.95,True,17.48,19.0,0,-1.28,-16.55,-9.25,-8.0,0.0,2026-07-13,2026-07-13,35.78,0.3746,-0.0183,0.4227,0.4174,0.5729,0.2955,0.2238,-0.8012,0.0994,多周期共振看空 ⬇⬇⬇,-0.7,-0.5983,-0.5625
600006,东风股份,102.6,True,5.13,5.36,0,-2.26,-9.94,-6.24,-4.28,0.0,2026-07-13,2026-07-13,33.6,-0.3245,0.3416,0.2694,0.3366,0.5244,0.551,0.2236,-0.8199,0.0901,多周期共振看空 ⬇⬇⬇,-0.682,-0.6548,-0.5625
002545,东方铁塔,179.47,True,15.88,17.84,0,-1.94,-15.81,-9.12,-10.97,0.0,2026-07-13,2026-07-13,31.11,0.3978,0.2452,0.6009,0.5367,0.4692,0.0,0.2233,-0.6358,0.1821,多周期共振看空 ⬇⬇⬇,-0.6121,-0.5351,-0.3375
000509,华塑控股,31.98,True,2.98,3.66,0,-6.63,-18.58,-13.12,-18.58,0.0,2026-07-13,2026-07-13,15.19,0.7673,-0.7195,0.4923,0.4604,0.1153,0.1795,0.2232,-0.2331,0.3835,月线震荡，中短期走弱,-0.5543,-0.196,-0.1125
002943,宇晶股份,74.96,True,39.69,47.36,0,-4.56,-18.24,-11.04,-16.19,0.0,2026-07-13,2026-07-13,38.26,-0.0451,0.006,0.9394,0.2024,0.628,0.0,0.2231,-0.2924,0.3538,月线震荡，中短期走弱,-0.7714,-0.209,-0.1125
001325,元创股份,6.59,True,33.63,37.24,1,0.33,-11.35,-4.6,-9.69,0.0,2026-07-13,2026-07-13,28.18,0.4496,-0.2425,0.4204,0.3728,0.4041,0.2994,0.2231,-0.5362,0.2319,周线日线共振看空,-0.6531,-0.27,
002846,英联股份,24.69,True,9.49,11.1,4,2.93,-14.47,-6.4,-14.47,0.0,2026-07-13,2026-07-13,11.76,0.669,0.5822,0.3606,0.8014,0.0392,0.3989,0.223,-0.8647,0.0676,多周期共振看空 ⬇⬇⬇,-0.797,-0.6548,-0.5625
600004,白云机场,176.56,True,7.46,7.6,2,1.71,-8.01,-3.69,-1.91,0.0,2026-07-13,2026-07-13,46.04,0.0424,-0.2792,0.2904,0.1138,0.801,0.5161,0.223,-0.772,0.114,多周期共振看空 ⬇⬇⬇,-0.4483,-0.75,-0.5625
600860,京城股份,34.32,True,7.73,8.44,1,0.65,-9.77,-5.03,-8.39,0.0,2026-07-13,2026-07-13,33.45,0.2346,0.3568,0.4248,0.4835,0.5211,0.2921,0.2229,-0.8495,0.0752,多周期共振看空 ⬇⬇⬇,-0.6685,-0.7315,-0.5625
603082,北自科技,14.24,True,35.11,40.08,12,26.24,-17.36,3.31,-12.41,0.0,2026-07-13,2026-07-13,9.61,0.7684,-0.2838,0.7249,0.5475,0.0,0.0,0.2228,-0.0936,0.4532,多周期方向不一致，观望,0.0542,-0.2329,-0.225
603618,杭电股份,219.1,True,31.69,46.71,15,29.78,-32.16,3.69,-32.16,0.0,2026-07-13,2026-07-13,19.03,-0.1668,-0.014,1.0932,0.1944,0.2007,0.0,0.2228,0.2302,0.6151,上升趋势中的日线回调（关注买点）,-0.1603,0.4612,0.45
600063,皖维高新,115.04,True,5.56,7.57,12,16.52,-26.51,-1.05,-26.51,0.0,2026-07-13,2026-07-13,20.44,0.838,-0.5446,0.8138,0.5028,0.2321,0.0,0.2228,-0.3009,0.3496,多周期共振看空 ⬇⬇⬇,-0.359,-0.196,-0.1575
000973,佛塑科技,82.77,True,11.68,14.32,8,9.07,-18.41,-2.98,-18.41,0.0,2026-07-13,2026-07-13,24.73,0.2787,-0.045,0.7338,0.3492,0.3274,0.0,0.2227,-0.1697,0.4152,月线看多，中短期调整中,-0.6868,-0.3994,0.18
002951,金时科技,52.39,True,13.06,14.81,2,8.39,-22.66,-11.79,-11.84,0.0,2026-07-13,2026-07-13,34.86,0.5648,-0.4606,0.8027,0.3546,0.5525,0.0,0.2226,-0.4498,0.2751,多周期共振看空 ⬇⬇⬇,-0.2755,-0.2575,-0.495
600589,大位科技,115.91,True,7.84,9.63,2,4.51,-18.58,-6.7,-18.58,0.0,2026-07-13,2026-07-13,31.58,0.5929,-0.1461,0.7559,0.4973,0.4795,0.0,0.2226,-0.5907,0.2046,多周期共振看空 ⬇⬇⬇,-0.5574,-0.483,-0.3375
002947,恒铭达,130.54,True,65.83,78.99,2,1.59,-16.98,-7.5,-16.66,0.0,2026-07-13,2026-07-13,22.2,0.2297,-0.0925,0.627,0.3008,0.271,0.0,0.2225,-0.0267,0.4867,多周期方向不一致，观望,-0.5501,-0.096,0.45
601600,中国铝业,1070.79,True,8.11,8.81,0,-1.79,-17.98,-11.03,-7.98,0.0,2026-07-13,2026-07-13,29.41,0.5167,0.0158,0.515,0.5163,0.4314,0.1416,0.2224,-0.6781,0.1609,多周期共振看空 ⬇⬇⬇,-0.625,-0.6172,-0.3375
001328,登康口腔,41.84,True,25.87,26.94,4,4.93,-11.87,-3.81,-3.96,0.0,2026-07-13,2026-07-13,42.02,-0.0167,0.2037,0.4157,0.2815,0.7116,0.3072,0.222,-0.7739,0.113,多周期共振看空 ⬇⬇⬇,-0.4839,-0.7237,-0.5625
002927,泰永长征,34.94,True,15.83,19.53,6,6.58,-18.96,-6.99,-18.96,0.0,2026-07-13,2026-07-13,14.79,0.7856,-0.3624,0.654,0.5264,0.1065,0.0,0.2219,-0.1948,0.4026,月线震荡，中短期走弱,-0.4189,-0.1833,-0.1125
000503,国新健康,62.28,True,6.36,6.54,1,1.84,-10.4,-4.66,-2.75,0.0,2026-07-13,2026-07-13,34.48,0.4164,-0.2957,0.3624,0.3316,0.5441,0.396,0.2219,-0.7248,0.1376,多周期共振看空 ⬇⬇⬇,-0.338,-0.7408,-0.5625
002886,沃特股份,44.01,True,21.05,27.76,8,10.61,-24.18,-4.19,-24.18,0.0,2026-07-13,2026-07-13,14.65,0.7012,-0.403,0.7213,0.4595,0.1033,0.0,0.2218,-0.085,0.4575,多周期方向不一致，观望,-0.473,-0.0437,0.0756
000702,正虹科技,13.25,True,4.97,5.18,0,-0.38,-11.69,-7.0,-3.98,0.0,2026-07-13,2026-07-13,35.0,-0.5128,0.5886,0.3882,0.4,0.5556,0.353,0.2217,-0.8157,0.0922,多周期共振看空 ⬇⬇⬇,-0.682,-0.6456,-0.5625
002725,跃岭股份,26.51,True,10.65,12.47,0,-2.73,-14.6,-8.18,-14.6,0.0,2026-07-13,2026-07-13,29.39,0.7897,-0.2961,0.6244,0.5554,0.4309,0.0,0.2216,-0.6326,0.1837,多周期共振看空 ⬇⬇⬇,-0.5794,-0.3986,-0.495
000633,合金投资,18.45,True,4.79,4.98,0,-2.34,-9.91,-6.02,-3.86,0.0,2026-07-13,2026-07-13,28.95,0.3407,0.0849,0.3192,0.4384,0.4211,0.4681,0.2215,-0.8087,0.0957,多周期共振看空 ⬇⬇⬇,-0.5639,-0.7315,-0.5625
000677,ST海龙,13.82,True,1.6,1.63,1,1.82,-20.44,-10.63,-1.93,0.0,2026-07-13,2026-07-13,45.74,-0.2168,0.5373,0.7359,0.4,0.7943,0.0,0.2215,-0.8212,0.0894,多周期共振看空 ⬇⬇⬇,-0.6175,-0.7131,-0.5625
002920,德赛西威,493.82,True,82.77,84.61,4,4.9,-15.36,-6.96,-2.18,0.0,2026-07-13,2026-07-13,47.89,-0.0,0.1399,0.4852,0.256,0.842,0.1913,0.2215,-0.801,0.0995,多周期共振看空 ⬇⬇⬇,-0.5443,-0.7315,-0.5625
000723,美锦能源,142.4,True,3.24,3.51,0,-3.1,-14.98,-9.19,-7.67,0.0,2026-07-13,2026-07-13,30.84,0.4858,-0.0206,0.3731,0.4833,0.4631,0.3782,0.2213,-0.8614,0.0693,多周期共振看空 ⬇⬇⬇,-0.6775,-0.75,-0.5625
000969,安泰科技,187.23,True,17.98,23.76,14,14.04,-24.34,1.21,-24.34,0.0,2026-07-13,2026-07-13,16.35,0.5567,0.0985,0.6623,0.5734,0.141,0.0,0.2211,-0.3175,0.3412,多周期共振看空 ⬇⬇⬇,-0.2652,-0.2455,-0.225
600792,云煤能源,35.63,True,3.21,3.43,2,1.95,-19.16,-10.13,-6.51,0.0,2026-07-13,2026-07-13,28.89,0.8199,-0.4426,0.4881,0.5149,0.4198,0.1864,0.2204,-0.7135,0.1432,多周期共振看空 ⬇⬇⬇,-0.5244,-0.6237,-0.495
002671,龙泉股份,20.46,True,3.71,3.84,1,0.47,-9.17,-5.63,-3.44,0.0,2026-07-13,2026-07-13,33.33,-0.0091,0.3076,0.2827,0.3231,0.5185,0.5289,0.2204,-0.799,0.1005,多周期共振看空 ⬇⬇⬇,-0.5391,-0.7315,-0.5625
002798,帝欧水华,24.91,True,4.82,5.44,0,-1.11,-16.23,-10.03,-11.4,0.0,2026-07-13,2026-07-13,30.8,0.582,-0.1698,0.5951,0.4812,0.4623,0.0081,0.2204,-0.5678,0.2161,多周期共振看空 ⬇⬇⬇,-0.5121,-0.314,-0.495
002005,ST德豪,42.22,True,2.41,2.5,0,-1.06,-17.56,-7.43,-3.46,0.0,2026-07-10,2026-07-10,42.86,-0.2886,0.0988,0.546,0.2395,0.7302,0.09,0.2203,-0.5693,0.2153,多周期共振看空 ⬇⬇⬇,-0.52,-0.4679,-0.3375
002295,精艺股份,20.18,True,8.06,8.95,0,-0.48,-11.68,-7.16,-9.99,0.0,2026-07-13,2026-07-13,18.47,0.635,0.1889,0.3289,0.6565,0.1883,0.4518,0.2203,-0.8755,0.0623,多周期共振看空 ⬇⬇⬇,-0.857,-0.6271,-0.5625
603039,泛微网络,97.64,True,31.74,36.81,4,20.18,-19.96,-5.91,-13.77,0.0,2026-07-13,2026-07-13,33.9,0.6972,-0.5713,0.6714,0.4183,0.5312,0.0,0.2203,-0.544,0.228,多周期共振看空 ⬇⬇⬇,-0.3965,-0.2933,-0.5625
002351,漫步者,48.09,True,9.23,9.53,0,-2.12,-11.7,-6.69,-3.16,0.0,2026-07-13,2026-07-13,30.25,0.585,-0.3975,0.3015,0.392,0.45,0.4976,0.2202,-0.8038,0.0981,多周期共振看空 ⬇⬇⬇,-0.616,-0.6762,-0.5625
600067,冠城新材,36.88,True,2.65,3.06,8,15.99,-13.29,-1.82,-13.29,0.0,2026-07-13,2026-07-13,11.11,0.8409,0.1864,0.4155,0.7791,0.0247,0.3075,0.2199,-0.763,0.1185,多周期共振看空 ⬇⬇⬇,-0.5146,-0.7408,-0.495
603392,万泰生物,357.19,True,28.25,28.07,3,2.17,-17.28,-7.94,0.65,0.0,2026-07-09,2026-07-13,48.42,0.2252,-0.405,0.3972,0.1731,0.8538,0.338,0.2198,-0.8139,0.0931,多周期共振看空 ⬇⬇⬇,-0.5881,-0.7223,-0.5625
603029,天鹅股份,16.79,True,13.84,14.68,0,-0.52,-10.24,-5.98,-5.71,0.0,2026-07-13,2026-07-13,30.7,0.3433,0.1716,0.398,0.4746,0.4601,0.3366,0.2198,-0.8222,0.0889,多周期共振看空 ⬇⬇⬇,-0.6865,-0.656,-0.5625
600678,ST金顶,20.94,True,6.0,6.54,11,9.21,-8.26,0.49,-8.26,0.0,2026-07-13,2026-07-13,42.63,0.3235,-0.2159,0.677,0.3078,0.7251,0.0,0.2198,-0.6038,0.1981,多周期共振看空 ⬇⬇⬇,-0.1642,-0.6238,-0.5625
000910,大亚圣象,28.73,True,5.25,5.43,0,-1.73,-12.09,-7.06,-3.35,0.0,2026-07-13,2026-07-13,32.46,-0.591,0.4198,0.2941,0.3679,0.499,0.5098,0.2197,-0.838,0.081,多周期共振看空 ⬇⬇⬇,-0.6175,-0.75,-0.5625
603680,今创集团,74.06,True,9.45,10.26,0,-1.39,-12.83,-7.41,-7.89,0.0,2026-07-13,2026-07-13,34.17,-0.1728,0.5298,0.4252,0.4,0.5371,0.2914,0.2197,-0.7597,0.1201,多周期共振看空 ⬇⬇⬇,-0.682,-0.5902,-0.495
600241,时代万恒,19.57,True,6.65,6.84,1,5.41,-10.84,-6.35,-2.74,0.0,2026-07-13,2026-07-13,37.8,0.1123,0.6519,0.631,0.4674,0.6178,0.0,0.2197,-0.7318,0.1341,多周期共振看空 ⬇⬇⬇,-0.607,-0.5256,-0.5625
600076,康欣新材,40.87,True,3.04,3.37,5,5.05,-13.49,-4.22,-9.75,0.0,2026-07-13,2026-07-13,38.81,0.2953,-0.1822,0.892,0.3043,0.6403,0.0,0.2197,-0.4977,0.2511,多周期共振看空 ⬇⬇⬇,-0.451,-0.4005,-0.3068
002877,智能自控,16.38,True,6.81,7.3,0,-2.63,-9.97,-6.37,-6.67,0.0,2026-07-13,2026-07-13,28.21,0.8122,-0.5826,0.3466,0.4873,0.4046,0.4223,0.2194,-0.8481,0.076,多周期共振看空 ⬇⬇⬇,-0.6865,-0.7131,-0.5625
603016,新宏泰,44.06,True,29.74,34.06,0,-4.26,-17.01,-10.42,-12.68,0.0,2026-07-13,2026-07-13,19.98,0.6293,-0.5635,0.4532,0.3776,0.2219,0.2447,0.2193,-0.3117,0.3442,月线震荡，中短期走弱,-0.8705,-0.3233,0.0217
603599,广信股份,86.29,True,9.48,9.93,1,0.86,-10.11,-4.93,-4.5,0.0,2026-07-13,2026-07-13,34.3,0.5345,-0.4995,0.3941,0.3209,0.5399,0.3432,0.2193,-0.6812,0.1594,多周期共振看空 ⬇⬇⬇,-0.5985,-0.6467,-0.3375
600637,东方明珠,259.2,True,7.71,8.33,0,-2.52,-13.31,-6.7,-7.4,0.0,2026-07-13,2026-07-13,25.5,0.1383,0.3163,0.3187,0.4095,0.3444,0.4688,0.2193,-0.6893,0.1553,多周期共振看空 ⬇⬇⬇,-0.673,-0.4431,-0.495
002809,红墙股份,12.41,True,7.3,7.8,0,-2.99,-10.19,-6.74,-6.36,0.0,2026-07-13,2026-07-13,27.35,0.8299,-0.7552,0.3987,0.498,0.3856,0.3355,0.2192,-0.7739,0.113,多周期共振看空 ⬇⬇⬇,-0.679,-0.5564,-0.5625
600963,岳阳林纸,51.85,True,2.95,3.17,0,-3.26,-14.98,-9.66,-7.06,0.0,2026-07-13,2026-07-13,29.33,-0.3197,0.8713,0.2944,0.4,0.4296,0.5093,0.219,-0.8114,0.0943,多周期共振看空 ⬇⬇⬇,-0.682,-0.7038,-0.495
600261,阳光照明,38.98,True,2.92,3.1,2,1.42,-6.98,-3.05,-5.67,0.0,2026-07-13,2026-07-13,26.15,0.6056,-0.5298,0.3071,0.3634,0.359,0.4881,0.2189,-0.6513,0.1744,多周期共振看空 ⬇⬇⬇,-0.4903,-0.5162,-0.495
002733,雄韬股份,79.9,True,21.66,30.15,9,20.18,-28.17,-6.31,-28.17,0.0,2026-07-13,2026-07-13,20.62,0.4584,-0.5094,0.8109,0.275,0.236,0.0,0.2187,0.0263,0.5131,多周期方向不一致，观望,-0.3605,-0.0252,0.45
001367,海森药业,23.05,True,18.95,19.45,4,3.07,-8.02,-2.88,-2.59,0.0,2026-07-13,2026-07-13,40.2,0.3671,-0.4016,0.4337,0.2597,0.6711,0.2772,0.2185,-0.6944,0.1528,多周期共振看空 ⬇⬇⬇,-0.4431,-0.5838,-0.5625
603013,亚普股份,79.33,True,15.61,16.69,2,3.82,-13.09,-5.9,-6.48,0.0,2026-07-13,2026-07-13,37.68,0.2884,0.1941,0.5331,0.4507,0.615,0.1115,0.2185,-0.8004,0.0998,多周期共振看空 ⬇⬇⬇,-0.6306,-0.656,-0.5625
605177,东亚药业,18.07,True,15.9,17.32,0,-5.07,-20.72,-11.45,-8.18,0.0,2026-07-13,2026-07-13,35.53,0.615,-0.5526,0.5352,0.369,0.5674,0.108,0.2185,-0.6095,0.1952,多周期共振看空 ⬇⬇⬇,-0.5927,-0.494,-0.3375
600130,波导股份,28.8,True,3.84,4.44,1,3.61,-14.18,-6.62,-13.6,0.0,2026-07-13,2026-07-13,14.11,0.6293,-0.1428,0.5113,0.5205,0.0913,0.1478,0.2184,-0.313,0.3435,月线震荡，中短期走弱,-0.803,-0.2483,-0.1154
603025,大豪科技,142.75,True,12.87,13.91,0,-1.17,-11.96,-5.4,-7.46,0.0,2026-07-13,2026-07-13,35.47,0.2538,0.1515,0.4601,0.4129,0.566,0.2332,0.2184,-0.7791,0.1104,多周期共振看空 ⬇⬇⬇,-0.7876,-0.4748,-0.5625
002255,海陆重工,50.91,True,7.98,9.22,8,4.94,-13.41,-2.95,-13.41,0.0,2026-07-13,2026-07-13,34.31,0.6054,0.0105,0.6281,0.5674,0.5402,0.0,0.2184,-0.8088,0.0956,多周期共振看空 ⬇⬇⬇,-0.6537,-0.7223,-0.495
001222,源飞宠物,14.81,True,13.11,13.75,0,-1.53,-10.21,-6.24,-4.66,0.0,2026-07-13,2026-07-13,34.22,-0.5251,0.4349,0.3239,0.374,0.5382,0.4601,0.2184,-0.8649,0.0675,多周期共振看空 ⬇⬇⬇,-0.6865,-0.75,-0.5625
002114,罗平锌电,19.82,True,6.13,7.2,2,5.61,-14.89,-5.37,-14.89,0.0,2026-07-13,2026-07-13,25.46,0.5658,0.3429,0.7129,0.6767,0.3436,0.0,0.2182,-0.7496,0.1252,多周期共振看空 ⬇⬇⬇,-0.5772,-0.6577,-0.495
600410,华胜天成,172.26,True,15.71,16.49,2,4.16,-15.15,-7.57,-4.73,0.0,2026-07-13,2026-07-13,34.27,0.328,0.2241,0.6868,0.4864,0.5392,0.0,0.2182,-0.6794,0.1603,多周期共振看空 ⬇⬇⬇,-0.6025,-0.6392,-0.3375
002749,国光股份,43.55,True,8.0,8.12,0,-0.72,-10.12,-5.64,-1.48,0.0,2026-07-13,2026-07-13,40.43,-0.2872,0.1004,0.3154,0.2401,0.6761,0.4743,0.2181,-0.8303,0.0848,多周期共振看空 ⬇⬇⬇,-0.5978,-0.75,-0.5625
000737,北方铜业,225.5,True,11.84,13.64,8,10.62,-13.17,-2.42,-13.17,0.0,2026-07-13,2026-07-13,20.5,0.8095,-0.1462,0.5768,0.6272,0.2333,0.0387,0.2178,-0.5724,0.2138,多周期共振看空 ⬇⬇⬇,-0.3918,-0.4273,-0.495
002765,蓝黛科技,41.47,True,6.96,7.51,3,4.54,-11.39,-4.96,-7.29,0.0,2026-07-13,2026-07-13,38.46,0.2952,0.2593,0.5632,0.4808,0.6325,0.0614,0.2176,-0.8363,0.0818,多周期共振看空 ⬇⬇⬇,-0.613,-0.75,-0.5625
002054,德美化工,25.58,True,6.66,7.09,1,1.66,-9.92,-4.59,-6.05,0.0,2026-07-13,2026-07-13,34.55,-0.1135,0.7628,0.4863,0.4,0.5455,0.1895,0.2176,-0.7055,0.1472,多周期共振看空 ⬇⬇⬇,-0.6312,-0.672,-0.3375
002952,亚世光电,24.96,True,18.96,21.85,0,-3.95,-14.99,-8.87,-13.24,0.0,2026-07-13,2026-07-13,19.79,0.6546,-0.1397,0.485,0.5369,0.2176,0.1916,0.2174,-0.5345,0.2328,多周期共振看空 ⬇⬇⬇,-0.7444,-0.2667,-0.27
001319,铭科精技,12.59,True,19.83,21.31,5,3.95,-13.56,-4.95,-6.96,0.0,2026-07-13,2026-07-13,41.4,0.3742,-0.2368,0.5554,0.3298,0.6978,0.0744,0.2173,-0.6862,0.1569,多周期共振看空 ⬇⬇⬇,-0.4625,-0.5493,-0.5625
600391,航发科技,91.78,True,27.8,32.88,5,6.77,-15.44,-4.08,-15.44,0.0,2026-07-13,2026-07-13,36.13,-0.137,1.4765,0.8008,0.4,0.5807,0.0,0.2172,-0.5991,0.2005,多周期共振看空 ⬇⬇⬇,-0.5283,-0.5264,-0.3375
000877,天山股份,256.69,True,3.61,3.78,0,-3.37,-9.28,-6.15,-4.45,0.0,2026-07-13,2026-07-13,30.43,-0.0492,0.3448,0.2317,0.3379,0.4541,0.6139,0.2172,-0.8392,0.0804,多周期共振看空 ⬇⬇⬇,-0.6205,-0.75,-0.5625
601012,隆基绿能,881.33,True,11.63,12.62,2,0.79,-9.02,-4.5,-7.87,0.0,2026-07-13,2026-07-13,34.69,0.6176,-0.5883,0.35,0.3706,0.5486,0.4167,0.217,-0.8486,0.0757,多周期共振看空 ⬇⬇⬇,-0.6446,-0.75,-0.5625
600498,烽火通信,650.82,True,51.18,68.74,14,39.03,-25.55,8.39,-25.55,0.0,2026-07-13,2026-07-13,14.95,0.2037,-0.3741,0.9454,0.1726,0.1099,0.0,0.2168,0.3265,0.6633,上升趋势中的日线整理,-0.0082,0.4052,0.45
603220,中贝通信,84.81,True,19.53,21.99,4,6.76,-16.05,-6.52,-11.18,0.0,2026-07-13,2026-07-13,27.33,0.6477,-0.1341,0.6285,0.535,0.3851,0.0,0.2167,-0.5842,0.2079,多周期共振看空 ⬇⬇⬇,-0.623,-0.4125,-0.3375
000789,万年青,30.62,True,3.84,3.96,0,-2.29,-9.75,-4.61,-3.1,0.0,2026-07-13,2026-07-13,33.33,-0.3143,0.2371,0.2601,0.2949,0.5185,0.5665,0.2166,-0.8143,0.0928,多周期共振看空 ⬇⬇⬇,-0.5568,-0.75,-0.5625
600052,东望时代,30.14,True,3.57,3.68,3,3.4,-13.11,-5.16,-3.03,0.0,2026-07-13,2026-07-13,43.42,0.4022,-0.4004,0.6135,0.2812,0.7427,0.0,0.2165,-0.6089,0.1956,多周期共振看空 ⬇⬇⬇,-0.3582,-0.4687,-0.5625
001211,双枪科技,19.18,True,20.55,26.24,4,8.22,-24.82,-14.68,-21.68,0.0,2026-07-13,2026-07-13,1.67,0.7945,-0.618,0.5609,0.4767,0.0,0.0652,0.2165,-0.0827,0.4587,月线看多，中短期调整中,-0.675,-0.1525,0.3375
002406,远东传动,36.86,True,6.12,6.63,1,1.36,-13.27,-7.49,-7.66,0.0,2026-07-13,2026-07-13,33.04,0.5576,-0.5438,0.4196,0.3346,0.5119,0.3006,0.2164,-0.6585,0.1708,多周期共振看空 ⬇⬇⬇,-0.5725,-0.3941,-0.5625
603385,惠达卫浴,18.61,True,4.89,5.08,0,-0.79,-9.01,-5.87,-3.67,0.0,2026-07-13,2026-07-13,33.08,-0.2508,0.6325,0.3539,0.4,0.5129,0.4102,0.2164,-0.8523,0.0739,多周期共振看空 ⬇⬇⬇,-0.6865,-0.7223,-0.5625
000839,国安股份,93.29,True,2.38,2.62,2,2.87,-14.5,-6.14,-9.09,0.0,2026-07-13,2026-07-13,28.71,0.7129,-0.1715,0.6082,0.5592,0.4158,0.0,0.2164,-0.6624,0.1688,多周期共振看空 ⬇⬇⬇,-0.5934,-0.6098,-0.3375
002688,金河生物,36.63,True,4.9,4.91,3,3.18,-9.67,-3.28,-0.28,0.0066,2026-07-13,2026-07-13,44.83,-0.0033,-0.1336,0.3714,0.1466,0.7739,0.381,0.2163,-0.7535,0.1233,多周期共振看空 ⬇⬇⬇,-0.4332,-0.7223,-0.5625
601137,博威合金,166.46,True,18.13,22.82,10,17.44,-20.56,-1.06,-20.56,0.0,2026-07-13,2026-07-13,13.7,0.6265,-0.3872,0.5084,0.4211,0.0823,0.1526,0.2163,-0.164,0.418,多周期方向不一致，观望,-0.446,-0.1137,-0.225
000792,盐湖股份,1301.19,True,24.59,29.21,9,3.52,-15.82,-3.08,-15.82,0.0,2026-07-13,2026-07-13,31.5,0.3133,0.1977,0.5297,0.4671,0.4777,0.1171,0.2163,-0.6841,0.1579,多周期共振看空 ⬇⬇⬇,-0.704,-0.5625,-0.3375
603657,春光科技,29.0,True,21.45,24.26,6,13.32,-17.39,-3.86,-11.58,0.0,2026-07-13,2026-07-13,43.4,0.1407,0.0062,0.74,0.2869,0.7423,0.0,0.216,-0.6221,0.189,多周期共振看空 ⬇⬇⬇,-0.4621,-0.4087,-0.5625
002497,雅化集团,192.0,True,18.12,21.58,8,11.7,-16.04,-2.83,-16.04,0.0,2026-07-13,2026-07-13,40.67,-0.4447,0.3069,0.9402,0.3228,0.6816,0.0,0.2159,-0.6074,0.1963,多周期共振看空 ⬇⬇⬇,-0.6478,-0.4422,-0.3375
001217,华尔泰,27.57,True,8.4,8.93,0,-0.38,-9.56,-5.21,-5.96,0.0,2026-07-13,2026-07-13,32.02,0.1113,0.4947,0.4102,0.4646,0.4892,0.3163,0.2159,-0.8565,0.0717,多周期共振看空 ⬇⬇⬇,-0.6865,-0.7315,-0.5625
600960,渤海汽车,34.79,True,3.66,4.0,3,2.97,-10.51,-4.56,-8.44,0.0,2026-07-13,2026-07-13,41.01,0.0759,0.703,0.5444,0.4456,0.6891,0.0926,0.2158,-0.8875,0.0563,多周期共振看空 ⬇⬇⬇,-0.7551,-0.7408,-0.5625
603659,璞泰来,497.67,True,23.21,27.86,3,5.01,-16.69,-3.87,-16.69,0.0,2026-07-13,2026-07-13,24.74,0.2459,0.6339,0.5689,0.5475,0.3277,0.0518,0.2158,-0.5841,0.208,多周期共振看空 ⬇⬇⬇,-0.7293,-0.4598,-0.1989
603383,顶点软件,53.34,True,25.97,27.81,0,-0.71,-12.19,-5.58,-6.6,0.0,2026-07-13,2026-07-13,29.0,0.5932,-0.0658,0.5057,0.5296,0.4223,0.1571,0.2157,-0.7543,0.1229,多周期共振看空 ⬇⬇⬇,-0.6361,-0.5501,-0.5625
603409,汇通控股,9.36,True,17.38,19.21,0,-7.03,-21.81,-15.08,-9.51,0.0,2026-07-13,2026-07-13,26.14,0.4939,0.0132,0.4733,0.5016,0.3586,0.2112,0.2156,-0.6771,0.1614,多周期共振看空 ⬇⬇⬇,-0.6775,-0.4125,-0.495
000901,航天科技,128.83,True,16.14,17.5,2,1.83,-10.5,-4.53,-7.77,0.0,2026-07-13,2026-07-13,42.18,-0.1021,2.818,0.679,0.4,0.7151,0.0,0.2156,-0.7731,0.1134,多周期共振看空 ⬇⬇⬇,-0.5944,-0.6946,-0.495
002906,华阳集团,121.29,True,23.12,25.77,3,1.73,-15.66,-6.12,-10.28,0.0,2026-07-13,2026-07-13,30.62,0.7028,-0.2108,0.6095,0.5374,0.4582,0.0,0.2156,-0.6848,0.1576,多周期共振看空 ⬇⬇⬇,-0.627,-0.4052,-0.5625
600081,东风科技,50.1,True,9.06,9.54,0,-1.14,-11.19,-6.55,-5.06,0.0,2026-07-13,2026-07-13,32.38,0.2054,0.1435,0.3719,0.3807,0.4974,0.3802,0.2153,-0.7876,0.1062,多周期共振看空 ⬇⬇⬇,-0.664,-0.5994,-0.5625
002823,凯中精密,28.28,True,12.92,15.09,0,-3.1,-19.97,-10.44,-14.37,0.0,2026-07-13,2026-07-13,26.11,0.7805,-0.7621,0.5082,0.4683,0.3581,0.1529,0.2149,-0.5822,0.2089,多周期共振看空 ⬇⬇⬇,-0.722,-0.1656,-0.495
603332,苏州龙杰,21.63,True,10.0,10.61,0,-0.37,-11.01,-5.29,-5.79,0.0,2026-07-13,2026-07-13,29.53,0.4354,-0.2606,0.3102,0.357,0.434,0.4829,0.2148,-0.7597,0.1201,多周期共振看空 ⬇⬇⬇,-0.6754,-0.5283,-0.5625
600217,中再资环,47.24,True,2.85,2.97,0,-1.21,-10.63,-6.07,-3.91,0.0,2026-07-13,2026-07-13,31.71,0.4081,-0.0795,0.3453,0.4131,0.4824,0.4246,0.2145,-0.8632,0.0684,多周期共振看空 ⬇⬇⬇,-0.682,-0.75,-0.5625
600854,春兰股份,21.35,True,4.11,4.23,1,0.59,-10.72,-5.44,-2.86,0.0,2026-07-13,2026-07-13,36.8,0.1162,-0.2116,0.3642,0.1851,0.5956,0.3931,0.2142,-0.6114,0.1943,多周期共振看空 ⬇⬇⬇,-0.4168,-0.424,-0.5625
605258,协和电子,22.21,True,25.24,32.36,6,4.76,-22.0,-6.71,-22.0,0.0,2026-07-13,2026-07-13,20.29,0.6652,-0.0071,0.6482,0.5963,0.2286,0.0,0.2142,-0.5144,0.2428,多周期共振看空 ⬇⬇⬇,-0.7145,-0.2481,-0.27
003019,宸展光电,45.17,True,26.41,30.31,0,-3.78,-19.71,-11.82,-12.87,0.0,2026-07-13,2026-07-13,30.95,0.4946,-0.2635,0.7068,0.3913,0.4655,0.0,0.2141,-0.4716,0.2642,多周期共振看空 ⬇⬇⬇,-0.5892,-0.194,-0.3375
002093,国脉科技,62.16,True,6.17,6.56,0,-1.75,-10.35,-5.63,-5.88,0.0,2026-07-13,2026-07-13,33.5,-0.1842,0.8039,0.3755,0.4,0.5221,0.3741,0.2139,-0.8549,0.0726,多周期共振看空 ⬇⬇⬇,-0.6609,-0.75,-0.5625
002667,*ST威领,27.33,True,11.55,12.68,0,-8.02,-36.53,-22.77,-8.94,0.0,2026-07-13,2026-07-13,36.34,-0.4508,26.8434,0.776,0.4,0.5854,0.0,0.2137,-0.633,0.1835,多周期共振看空 ⬇⬇⬇,-0.616,-0.5256,-0.3375
603920,世运电路,282.62,True,39.22,48.6,0,-0.75,-21.36,-12.67,-19.29,0.0,2026-07-13,2026-07-13,25.9,0.5218,0.1145,0.7696,0.5589,0.3533,0.0,0.2133,-0.6114,0.1943,多周期共振看空 ⬇⬇⬇,-0.7155,-0.3929,-0.3375
002355,兴民智通,24.91,True,4.03,4.42,0,-4.7,-16.73,-10.01,-8.88,0.0,2026-07-13,2026-07-13,25.4,0.2986,0.3594,0.3778,0.5229,0.3422,0.3703,0.2131,-0.839,0.0805,多周期共振看空 ⬇⬇⬇,-0.6955,-0.6854,-0.5625
002322,理工能科,34.12,True,9.71,10.05,0,-1.07,-9.27,-5.19,-3.41,0.0,2026-07-13,2026-07-13,32.69,-0.1541,0.2493,0.276,0.2997,0.5043,0.54,0.2131,-0.8119,0.0941,多周期共振看空 ⬇⬇⬇,-0.6474,-0.6669,-0.5625
002279,久其软件,46.62,True,5.86,6.0,0,-1.54,-15.44,-8.24,-2.33,0.0,2026-07-13,2026-07-13,34.09,0.3209,-0.1008,0.3914,0.3522,0.5354,0.3477,0.213,-0.7801,0.1099,多周期共振看空 ⬇⬇⬇,-0.6205,-0.6876,-0.495
600336,澳柯玛,47.0,True,5.89,6.39,0,-2.87,-15.07,-9.22,-7.88,0.0,2026-07-13,2026-07-13,35.68,0.4243,-0.3556,0.429,0.3124,0.5707,0.285,0.2129,-0.7093,0.1453,多周期共振看空 ⬇⬇⬇,-0.812,-0.3679,-0.495
003025,思进智能,27.28,True,12.05,14.7,8,13.85,-18.04,-3.13,-18.04,0.0,2026-07-13,2026-07-13,24.97,0.7234,-0.5929,0.6073,0.434,0.3326,0.0,0.2128,-0.3915,0.3043,多周期共振看空 ⬇⬇⬇,-0.358,-0.1711,-0.3825
603151,邦基科技,19.25,True,11.24,11.43,1,3.59,-10.5,-5.9,-1.66,0.0,2026-07-13,2026-07-13,41.95,-0.1635,3.9368,0.5463,0.4,0.71,0.0894,0.2125,-0.8632,0.0684,多周期共振看空 ⬇⬇⬇,-0.682,-0.75,-0.5625
002103,广博股份,22.63,True,5.83,6.06,0,-1.12,-11.1,-6.02,-3.72,0.0,2026-07-13,2026-07-13,36.94,0.0096,0.1957,0.3104,0.284,0.5987,0.4826,0.2122,-0.8614,0.0693,多周期共振看空 ⬇⬇⬇,-0.6775,-0.75,-0.5625
603289,泰瑞机器,23.97,True,8.17,8.46,0,-1.74,-14.72,-9.05,-3.4,0.0,2026-07-13,2026-07-13,34.51,0.35,-0.3716,0.3678,0.2614,0.5447,0.3869,0.2122,-0.6837,0.1582,多周期共振看空 ⬇⬇⬇,-0.6175,-0.4783,-0.495
603507,振江股份,56.13,True,30.88,34.33,0,-0.55,-12.49,-6.66,-10.04,0.0,2026-07-13,2026-07-13,18.52,0.1966,-0.2102,0.4023,0.2339,0.1893,0.3295,0.212,-0.1689,0.4155,月线看多，中短期调整中,-0.7605,-0.3325,0.18
603937,丽岛新材,21.27,True,10.18,13.56,6,9.56,-24.95,-3.59,-24.95,0.0,2026-07-13,2026-07-13,26.89,-0.1126,2.2459,0.7439,0.4,0.3754,0.0,0.212,-0.3946,0.3027,多周期共振看空 ⬇⬇⬇,-0.4988,-0.2821,-0.1575
603798,康普顿,30.65,True,11.95,14.43,2,1.36,-17.21,-5.32,-17.21,0.0,2026-07-13,2026-07-13,24.33,0.2189,0.6311,0.6392,0.5314,0.3185,0.0,0.212,-0.536,0.232,多周期共振看空 ⬇⬇⬇,-0.5465,-0.2821,-0.4275
001306,夏厦精密,7.87,True,50.8,57.41,2,6.15,-12.22,-6.03,-11.52,0.0,2026-07-13,2026-07-13,35.74,0.1473,0.5419,0.6998,0.4884,0.572,0.0,0.212,-0.7719,0.114,多周期共振看空 ⬇⬇⬇,-0.5913,-0.6271,-0.5625
002519,银河电子,60.24,True,5.39,5.91,1,0.47,-11.26,-6.65,-8.74,0.0,2026-07-13,2026-07-13,36.99,-0.1435,1.689,0.6107,0.4,0.5997,0.0,0.212,-0.664,0.168,多周期共振看空 ⬇⬇⬇,-0.6955,-0.5258,-0.3375
002899,英派斯,28.92,True,19.57,22.31,0,-2.09,-13.73,-8.91,-12.27,0.0,2026-07-13,2026-07-13,27.86,0.4259,0.0756,0.4791,0.4858,0.3969,0.2016,0.2119,-0.7198,0.1401,多周期共振看空 ⬇⬇⬇,-0.8615,-0.506,-0.3375
002125,湘潭电化,69.63,True,11.06,14.83,7,23.94,-25.44,-6.8,-25.44,0.0,2026-07-13,2026-07-13,7.63,0.951,-0.7434,0.6224,0.5706,0.0,0.0,0.2119,-0.2174,0.3913,多周期方向不一致，观望,-0.4328,-0.0896,-0.495
002533,金杯电工,65.04,True,10.2,10.89,1,0.56,-13.69,-5.66,-6.37,0.0,2026-07-13,2026-07-13,30.91,0.5156,-0.4021,0.3933,0.3485,0.4646,0.3444,0.2119,-0.6955,0.1522,多周期共振看空 ⬇⬇⬇,-0.6438,-0.6392,-0.3375
002892,科力尔,45.4,True,9.06,9.56,0,-0.06,-14.12,-6.52,-5.26,0.0,2026-07-13,2026-07-13,36.71,0.5693,-0.4693,0.4878,0.3539,0.5936,0.187,0.2117,-0.7344,0.1328,多周期共振看空 ⬇⬇⬇,-0.4291,-0.6837,-0.5625
603615,茶花股份,36.78,True,15.21,17.25,5,7.99,-12.87,-5.0,-11.85,0.0,2026-07-13,2026-07-13,37.02,0.0496,1.6015,0.6774,0.4298,0.6005,0.0,0.2116,-0.7151,0.1425,多周期共振看空 ⬇⬇⬇,-0.6538,-0.4487,-0.5625
600143,金发科技,387.85,True,14.72,15.79,2,6.19,-9.87,-3.26,-6.75,0.0,2026-07-13,2026-07-13,41.4,0.4401,-0.3862,0.6007,0.3096,0.6978,0.0,0.2116,-0.6396,0.1802,多周期共振看空 ⬇⬇⬇,-0.4794,-0.4324,-0.5625
002743,富煌钢构,16.47,True,3.79,4.05,0,-2.94,-11.48,-7.54,-6.49,0.0,2026-07-13,2026-07-13,33.8,0.0694,0.5597,0.441,0.4416,0.529,0.265,0.2116,-0.8607,0.0696,多周期共振看空 ⬇⬇⬇,-0.6865,-0.7408,-0.5625
603188,亚邦股份,21.38,True,3.75,4.08,0,-0.72,-8.49,-5.31,-8.11,0.0,2026-07-13,2026-07-13,25.78,0.2629,0.2477,0.415,0.4568,0.3507,0.3083,0.2113,-0.7079,0.1461,多周期共振看空 ⬇⬇⬇,-0.702,-0.6167,-0.3375
001269,欧晶科技,34.38,True,17.87,22.06,5,11.14,-19.0,-9.96,-19.0,0.0,2026-07-13,2026-07-13,31.3,0.8086,-0.7589,0.7917,0.4851,0.4733,0.0,0.2112,-0.6548,0.1726,多周期共振看空 ⬇⬇⬇,-0.5862,-0.3742,-0.5625
603248,锡华科技,13.24,True,18.52,21.3,0,-5.69,-15.68,-10.22,-13.05,0.0,2026-07-13,2026-07-13,21.61,0.2763,-0.3437,0.3924,0.2283,0.2579,0.3461,0.2111,-0.2625,0.3688,周线日线方向不一致,-0.875,0.0,
000683,博源化工,178.47,True,5.34,5.82,0,-3.09,-12.58,-7.57,-8.25,0.0,2026-07-13,2026-07-13,26.28,-0.116,2.314,0.3584,0.4,0.3617,0.4027,0.2111,-0.7072,0.1464,多周期共振看空 ⬇⬇⬇,-0.6865,-0.6283,-0.3375
002121,科陆电子,71.85,True,5.09,5.45,0,-2.83,-19.03,-13.39,-6.55,0.0,2026-07-13,2026-07-13,35.24,-0.1042,0.8838,0.5111,0.4,0.5608,0.1481,0.211,-0.7432,0.1284,多周期共振看空 ⬇⬇⬇,-0.616,-0.6105,-0.495
002297,博云新材,123.96,True,21.63,27.6,15,42.37,-21.63,9.58,-21.63,0.0,2026-07-13,2026-07-13,9.89,0.0927,-0.5513,0.8968,0.0556,0.0,0.0,0.211,0.5991,0.7995,多周期共振看多 ⬆⬆⬆,0.1542,0.6221,0.5625
002738,中矿资源,362.73,True,51.0,59.24,10,10.22,-13.91,-1.91,-13.91,0.0,2026-07-13,2026-07-13,39.84,0.2953,-0.132,0.7886,0.3244,0.6631,0.0,0.2109,-0.6274,0.1863,多周期共振看空 ⬇⬇⬇,-0.548,-0.5717,-0.3375
002531,天顺风能,131.51,True,7.36,8.48,0,-5.74,-14.0,-10.84,-13.19,0.0,2026-07-13,2026-07-13,14.18,0.0984,0.2625,0.3695,0.364,0.0929,0.3842,0.2109,-0.3144,0.3428,月线震荡，中短期走弱,-0.7875,-0.3325,-0.0493
603628,清源股份,24.22,True,8.9,9.56,0,-2.74,-8.81,-5.92,-6.95,0.0,2026-07-13,2026-07-13,26.46,0.6075,-0.4034,0.2507,0.4031,0.3657,0.5821,0.2109,-0.8625,0.0687,多周期共振看空 ⬇⬇⬇,-0.691,-0.7408,-0.5625
001333,光华股份,23.87,True,18.65,19.29,3,2.18,-11.32,-6.44,-3.33,0.0,2026-07-13,2026-07-13,40.39,0.2641,-0.4828,0.356,0.1653,0.6754,0.4067,0.2108,-0.7139,0.1431,多周期共振看空 ⬇⬇⬇,-0.5536,-0.5994,-0.495
603112,华翔股份,82.86,True,15.5,17.08,0,-3.99,-13.78,-9.65,-9.24,0.0,2026-07-13,2026-07-13,27.19,0.5334,-0.527,0.3997,0.3201,0.382,0.3339,0.2107,-0.5516,0.2242,多周期共振看空 ⬇⬇⬇,-0.8345,-0.2271,-0.27
002574,明牌珠宝,22.07,True,4.18,4.35,0,-2.12,-10.04,-6.47,-4.01,0.0,2026-07-13,2026-07-13,32.38,-0.5758,0.3023,0.2769,0.3209,0.4974,0.5385,0.2107,-0.8558,0.0721,多周期共振看空 ⬇⬇⬇,-0.6955,-0.7223,-0.5625
002792,通宇通讯,104.59,True,30.96,34.79,0,-0.47,-14.25,-8.93,-11.01,0.0,2026-07-13,2026-07-13,39.33,0.3932,-0.3222,0.6642,0.3071,0.6518,0.0,0.2105,-0.5893,0.2053,多周期共振看空 ⬇⬇⬇,-0.5666,-0.4721,-0.3375
002783,凯龙股份,31.13,True,6.75,7.27,2,0.54,-9.35,-4.12,-7.21,0.0,2026-07-13,2026-07-13,35.43,0.3539,-0.1634,0.4179,0.347,0.5652,0.3035,0.2102,-0.7942,0.1029,多周期共振看空 ⬇⬇⬇,-0.5483,-0.7131,-0.5625
002759,天际股份,98.79,True,19.72,25.06,4,3.02,-21.3,-7.94,-21.3,0.0,2026-07-13,2026-07-13,21.32,0.7513,0.1437,0.7332,0.7083,0.2515,0.0,0.2101,-0.7542,0.1229,多周期共振看空 ⬇⬇⬇,-0.788,-0.4871,-0.495
002198,ST嘉应,17.0,True,3.35,3.3,5,3.42,-16.71,-6.79,1.41,0.0,2026-07-09,2026-07-13,49.1,0.1359,-0.1169,0.6233,0.2348,0.8689,0.0,0.2099,-0.7393,0.1304,多周期共振看空 ⬇⬇⬇,-0.4074,-0.7131,-0.5625
000635,英 力 特,21.2,True,5.78,6.32,0,-1.19,-9.88,-5.92,-8.5,0.0,2026-07-13,2026-07-13,22.58,0.7988,-0.3718,0.3389,0.5306,0.2796,0.4351,0.2099,-0.8533,0.0734,多周期共振看空 ⬇⬇⬇,-0.6566,-0.75,-0.5625
600966,博汇纸业,60.96,True,4.56,5.0,1,0.17,-12.01,-7.18,-8.87,0.0,2026-07-13,2026-07-13,31.4,-0.0352,0.8942,0.4445,0.4,0.4755,0.2591,0.2098,-0.7398,0.1301,多周期共振看空 ⬇⬇⬇,-0.682,-0.7038,-0.3375
000401,金隅冀东,91.04,True,3.46,3.54,0,-1.62,-10.59,-5.14,-2.26,0.0,2026-07-13,2026-07-13,38.75,-0.2406,-0.0679,0.2698,0.1729,0.6389,0.5503,0.2095,-0.8077,0.0962,多周期共振看空 ⬇⬇⬇,-0.5829,-0.7131,-0.5625
603201,常润股份,27.03,True,14.35,15.88,9,19.27,-22.2,-5.31,-9.64,0.0,2026-07-13,2026-07-13,24.29,0.2267,0.6584,1.0187,0.536,0.3177,0.0,0.2095,-0.563,0.2185,多周期共振看空 ⬇⬇⬇,-0.3248,-0.3964,-0.5625
001260,坤泰股份,17.82,True,15.5,16.57,0,-2.06,-11.05,-6.8,-6.44,0.0,2026-07-13,2026-07-13,31.55,0.0181,0.3795,0.3806,0.3627,0.4789,0.3656,0.2094,-0.7723,0.1139,多周期共振看空 ⬇⬇⬇,-0.682,-0.6179,-0.495
603035,常熟汽饰,38.43,True,10.49,10.95,2,1.92,-8.93,-4.5,-4.19,0.0,2026-07-13,2026-07-13,39.45,0.0093,0.0349,0.317,0.2196,0.6545,0.4717,0.2093,-0.8398,0.0801,多周期共振看空 ⬇⬇⬇,-0.6222,-0.75,-0.5625
601238,广汽集团,361.06,True,4.89,5.31,0,-3.11,-12.46,-6.89,-7.86,0.0,2026-07-13,2026-07-13,30.37,-0.5588,1.3594,0.3339,0.4,0.4527,0.4435,0.2093,-0.8632,0.0684,多周期共振看空 ⬇⬇⬇,-0.682,-0.75,-0.5625
002264,新 华 都,37.85,True,5.78,5.93,0,-0.37,-10.94,-5.41,-2.46,0.0,2026-07-13,2026-07-13,39.33,-0.022,0.0497,0.3477,0.2199,0.6519,0.4205,0.2092,-0.7966,0.1017,多周期共振看空 ⬇⬇⬇,-0.633,-0.7131,-0.495
600802,福建水泥,18.7,True,4.08,4.32,0,-2.04,-11.42,-7.45,-5.62,0.0,2026-07-13,2026-07-13,31.71,-0.1615,0.6211,0.3594,0.4,0.4824,0.4011,0.2091,-0.8667,0.0666,多周期共振看空 ⬇⬇⬇,-0.691,-0.75,-0.5625
600152,维科技术,41.59,True,7.86,9.93,1,4.73,-20.85,-9.89,-20.85,0.0,2026-07-13,2026-07-13,24.75,0.3416,-0.3691,0.7324,0.2573,0.3277,0.0,0.2091,-0.1321,0.434,月线看多，中短期调整中,-0.5882,-0.3048,0.18
600560,金自天正,23.08,True,10.32,11.32,0,-2.43,-11.27,-7.32,-8.86,0.0,2026-07-13,2026-07-13,25.14,0.7664,-0.3,0.3383,0.5399,0.3364,0.4362,0.2091,-0.9436,0.0282,多周期共振看空 ⬇⬇⬇,-0.9205,-0.7223,-0.5625
600131,国网信通,170.54,True,14.26,14.81,0,-1.62,-14.14,-5.7,-3.7,0.0,2026-07-13,2026-07-13,33.66,0.4481,-0.4294,0.3871,0.2971,0.5258,0.3549,0.2091,-0.7173,0.1413,多周期共振看空 ⬇⬇⬇,-0.4729,-0.6762,-0.495
605180,华生科技,18.76,True,11.1,12.57,2,1.53,-11.74,-6.2,-11.71,0.0,2026-07-13,2026-07-13,18.0,0.608,0.3036,0.4918,0.6862,0.1779,0.1803,0.2091,-0.7829,0.1085,多周期共振看空 ⬇⬇⬇,-0.83,-0.4467,-0.5625
600195,中牧股份,62.49,True,6.12,6.17,1,0.48,-8.94,-3.67,-0.81,0.0,2026-07-13,2026-07-13,44.08,-0.3272,-0.3161,0.3014,0.0736,0.7573,0.4977,0.209,-0.7524,0.1238,多周期共振看空 ⬇⬇⬇,-0.4304,-0.7223,-0.5625
000878,云南铜业,290.12,True,14.48,16.57,5,10.67,-12.61,-4.18,-12.61,0.0,2026-07-13,2026-07-13,18.63,0.805,-0.0028,0.6016,0.6819,0.1917,0.0,0.209,-0.6494,0.1753,多周期共振看空 ⬇⬇⬇,-0.5415,-0.4682,-0.495
600725,云维股份,36.97,True,3.0,3.26,0,-3.14,-16.28,-9.16,-7.83,0.0,2026-07-13,2026-07-13,34.81,-0.212,0.5801,0.5719,0.4,0.5514,0.0469,0.2089,-0.6683,0.1658,多周期共振看空 ⬇⬇⬇,-0.5095,-0.6946,-0.3375
603888,新华网,113.9,True,16.88,17.7,4,2.63,-7.23,-3.56,-4.65,0.0,2026-07-13,2026-07-13,29.93,0.3734,-0.4622,0.3386,0.2392,0.4428,0.4357,0.2087,-0.5926,0.2037,多周期共振看空 ⬇⬇⬇,-0.3511,-0.5065,-0.495
600416,湘电股份,132.82,True,9.0,9.95,1,0.02,-16.83,-6.39,-9.54,0.0,2026-07-13,2026-07-13,26.16,0.6306,-0.0523,0.4943,0.5574,0.3591,0.1761,0.2086,-0.795,0.1025,多周期共振看空 ⬇⬇⬇,-0.7515,-0.5406,-0.5625
601727,上海电气,833.89,True,6.61,7.03,0,-3.46,-14.12,-6.33,-6.0,0.0,2026-07-13,2026-07-13,29.05,0.5375,-0.4507,0.2788,0.3422,0.4234,0.5354,0.2085,-0.8158,0.0921,多周期共振看空 ⬇⬇⬇,-0.6595,-0.6652,-0.5625
002722,物产金轮,26.15,True,11.76,12.11,1,0.67,-9.78,-4.59,-2.92,0.0,2026-07-13,2026-07-13,35.11,-0.2239,0.0501,0.285,0.22,0.5579,0.5249,0.2084,-0.7744,0.1128,多周期共振看空 ⬇⬇⬇,-0.5871,-0.6363,-0.5625
003015,日久光电,26.91,True,10.88,12.25,5,4.18,-11.16,-2.79,-11.16,0.0,2026-07-13,2026-07-13,34.54,0.5266,-0.2118,0.5305,0.4312,0.5454,0.1159,0.2082,-0.7714,0.1143,多周期共振看空 ⬇⬇⬇,-0.479,-0.7223,-0.5625
603081,大丰实业,35.7,True,8.45,8.96,0,-1.28,-10.62,-6.8,-5.72,0.0,2026-07-13,2026-07-13,30.73,0.0722,0.218,0.2782,0.3305,0.4608,0.5364,0.2078,-0.8481,0.076,多周期共振看空 ⬇⬇⬇,-0.6865,-0.7131,-0.5625
002649,博彦科技,42.8,True,7.98,8.35,0,-1.45,-11.56,-6.13,-4.41,0.0,2026-07-13,2026-07-13,34.94,0.2932,-0.1315,0.3455,0.3233,0.5542,0.4241,0.2075,-0.8614,0.0693,多周期共振看空 ⬇⬇⬇,-0.6774,-0.75,-0.5625
000338,潍柴动力,1317.56,True,26.6,28.49,2,3.55,-15.73,-5.94,-6.64,0.0,2026-07-13,2026-07-13,37.01,-0.0054,-0.6124,0.6555,0.0,0.6003,0.0,0.2072,-0.063,0.4685,月线看多，中短期调整中,-0.5214,-0.1906,0.3375
605066,天正电气,30.95,True,6.16,6.81,6,5.07,-13.84,-2.65,-9.6,0.0,2026-07-13,2026-07-13,19.61,0.7404,-0.2738,0.483,0.5347,0.2135,0.195,0.207,-0.6119,0.1941,多周期共振看空 ⬇⬇⬇,-0.3648,-0.6946,-0.3375
000831,中国稀土,477.34,True,44.98,54.97,10,21.64,-18.17,0.1,-18.17,0.0,2026-07-13,2026-07-13,12.53,0.8326,-0.2674,0.6759,0.5926,0.0561,0.0,0.207,-0.3595,0.3203,多周期共振看空 ⬇⬇⬇,-0.279,-0.326,-0.225
603090,宏盛股份,46.54,True,46.54,54.3,2,0.93,-14.7,-8.26,-14.29,0.0,2026-07-13,2026-07-13,25.87,0.2462,0.3859,0.6511,0.5021,0.3528,0.0,0.207,-0.5705,0.2147,多周期共振看空 ⬇⬇⬇,-0.5586,-0.4375,-0.3375
601388,怡球资源,60.53,True,2.75,2.98,0,-2.38,-11.32,-7.13,-7.67,0.0,2026-07-13,2026-07-13,20.0,0.54,-0.0852,0.3874,0.4899,0.2222,0.3543,0.2069,-0.679,0.1605,多周期共振看空 ⬇⬇⬇,-0.691,-0.5625,-0.3375
600815,厦工股份,43.11,True,2.43,2.71,1,0.03,-16.49,-10.27,-10.22,0.0,2026-07-13,2026-07-13,34.68,0.1236,0.2539,0.5954,0.3757,0.5484,0.0076,0.2069,-0.6097,0.1951,多周期共振看空 ⬇⬇⬇,-0.6775,-0.4217,-0.3375
600732,爱旭股份,235.79,True,11.2,12.78,17,11.88,-12.37,2.64,-12.37,0.0272,2026-07-13,2026-07-13,35.58,0.3388,-0.5014,0.5107,0.2033,0.5685,0.1488,0.2068,-0.537,0.2315,多周期共振看空 ⬇⬇⬇,-0.1902,-0.4548,-0.5625
600855,航天长峰,58.17,True,12.44,13.99,1,0.62,-14.83,-6.5,-11.05,0.0,2026-07-13,2026-07-13,36.23,-0.0659,0.8553,0.5756,0.4,0.5828,0.0407,0.2066,-0.7189,0.1406,多周期共振看空 ⬇⬇⬇,-0.682,-0.5004,-0.495
002363,隆基机械,24.99,True,6.01,6.28,0,-0.96,-10.35,-5.99,-4.35,0.0,2026-07-13,2026-07-13,33.14,-0.0735,0.3237,0.3345,0.3295,0.5142,0.4424,0.2065,-0.8464,0.0768,多周期共振看空 ⬇⬇⬇,-0.682,-0.7131,-0.5625
603171,税友股份,156.27,True,38.5,41.18,0,-2.39,-15.55,-8.85,-6.5,0.0,2026-07-13,2026-07-13,33.73,-0.0832,0.378,0.4761,0.3512,0.5273,0.2065,0.2064,-0.7088,0.1456,多周期共振看空 ⬇⬇⬇,-0.691,-0.4706,-0.495
603092,德力佳,16.81,True,48.61,54.22,0,-3.17,-15.56,-7.68,-10.34,0.0,2026-07-13,2026-07-13,23.46,0.0928,0.6049,0.3511,0.4557,0.299,0.4149,0.2064,-0.769,0.1155,周线日线共振看空,-0.9115,-0.4089,
600071,凤凰光学,42.24,True,15.0,16.78,2,3.55,-10.63,-3.57,-10.63,0.0,2026-07-13,2026-07-13,22.42,0.7273,-0.1712,0.4488,0.5679,0.2759,0.2519,0.2063,-0.7905,0.1048,多周期共振看空 ⬇⬇⬇,-0.5386,-0.7131,-0.5625
002903,宇环数控,32.02,True,30.02,44.71,9,18.29,-32.85,-3.49,-32.85,0.0,2026-07-13,2026-07-13,16.19,-0.0589,0.2288,0.9465,0.2915,0.1375,0.0,0.2063,0.019,0.5095,多周期方向不一致，观望,-0.464,0.0313,0.45
603216,梦天家居,43.65,True,19.6,21.21,0,-2.01,-11.34,-6.53,-7.58,0.0,2026-07-13,2026-07-13,27.36,0.5751,-0.3596,0.3831,0.4012,0.3857,0.3616,0.2062,-0.7441,0.128,多周期共振看空 ⬇⬇⬇,-0.477,-0.7315,-0.495
600728,佳都科技,88.72,True,4.16,4.36,0,-2.12,-9.21,-5.65,-4.63,0.0,2026-07-13,2026-07-13,32.5,-0.118,0.3253,0.3069,0.3301,0.5,0.4885,0.2061,-0.8702,0.0649,多周期共振看空 ⬇⬇⬇,-0.7,-0.75,-0.5625
603232,格尔软件,32.73,True,14.15,15.33,0,-2.88,-18.64,-11.72,-7.7,0.0,2026-07-13,2026-07-13,25.29,0.6862,-0.2797,0.5354,0.4999,0.3398,0.1076,0.2061,-0.6447,0.1776,多周期共振看空 ⬇⬇⬇,-0.5138,-0.4816,-0.495
603585,苏利股份,24.67,True,9.11,9.82,0,-0.99,-8.99,-5.92,-7.25,0.0,2026-07-13,2026-07-13,25.57,-0.3557,0.4654,0.2922,0.3862,0.346,0.5131,0.2061,-0.7946,0.1027,多周期共振看空 ⬇⬇⬇,-0.682,-0.6669,-0.495
603308,应流股份,340.0,True,50.07,60.68,6,7.41,-17.49,-4.43,-17.49,0.0,2026-07-13,2026-07-13,21.2,0.2597,-0.1496,0.6491,0.296,0.2488,0.0,0.2061,-0.1237,0.4381,月线看多，中短期调整中,-0.5202,-0.3233,0.18
603088,宁波精达,37.66,True,8.6,9.91,4,1.6,-13.19,-3.52,-13.19,0.0,2026-07-13,2026-07-13,24.56,0.4197,0.0762,0.5241,0.4823,0.3236,0.1265,0.2061,-0.612,0.194,多周期共振看空 ⬇⬇⬇,-0.5273,-0.5556,-0.3375
002315,焦点科技,59.42,True,22.6,23.83,0,-0.86,-13.32,-5.91,-5.18,0.0,2026-07-13,2026-07-13,34.92,-0.0166,0.0369,0.3023,0.2147,0.5538,0.4962,0.206,-0.7573,0.1214,多周期共振看空 ⬇⬇⬇,-0.6347,-0.5579,-0.5625
603282,亚光股份,18.17,True,13.58,14.61,3,3.93,-9.89,-4.14,-7.05,0.0,2026-07-13,2026-07-13,25.3,0.6686,0.0679,0.4921,0.6283,0.34,0.1799,0.2059,-0.9098,0.0451,多周期共振看空 ⬇⬇⬇,-0.8447,-0.7131,-0.5625
605365,立达信,65.96,True,13.14,14.5,0,-2.51,-12.75,-7.74,-9.36,0.0,2026-07-13,2026-07-13,25.24,0.4765,-0.268,0.3494,0.3787,0.3386,0.4177,0.2058,-0.7002,0.1499,多周期共振看空 ⬇⬇⬇,-0.6955,-0.5152,-0.4275
002478,常宝股份,41.99,True,5.81,6.36,0,-2.23,-8.69,-5.61,-8.69,0.0,2026-07-13,2026-07-13,25.4,-0.1332,0.4553,0.3336,0.3821,0.3422,0.444,0.2057,-0.7314,0.1343,多周期共振看空 ⬇⬇⬇,-0.682,-0.6854,-0.3375
600425,青松建化,52.79,True,3.29,3.37,0,-0.87,-7.29,-3.21,-2.45,0.0,2026-07-13,2026-07-13,33.87,-0.1792,-0.0275,0.2163,0.189,0.5305,0.6394,0.2057,-0.8047,0.0977,多周期共振看空 ⬇⬇⬇,-0.5321,-0.75,-0.5625
002218,拓日新能,48.29,True,3.48,3.87,0,-4.66,-12.06,-8.52,-10.16,0.0,2026-07-13,2026-07-13,28.69,0.3877,-0.161,0.3789,0.3683,0.4153,0.3685,0.2055,-0.7384,0.1308,多周期共振看空 ⬇⬇⬇,-0.7,-0.6854,-0.3375
000859,国风新材,71.41,True,7.97,10.18,10,10.04,-21.71,-4.64,-21.71,0.0,2026-07-13,2026-07-13,21.31,0.8294,-0.7791,0.8612,0.4976,0.2513,0.0,0.2054,-0.4544,0.2728,多周期共振看空 ⬇⬇⬇,-0.446,-0.2788,-0.3375
002592,ST八菱,15.89,True,6.05,6.32,2,3.37,-10.47,-4.91,-4.23,0.0,2026-07-13,2026-07-13,42.09,0.1027,0.195,0.5695,0.3397,0.713,0.0508,0.2054,-0.7962,0.1019,多周期共振看空 ⬇⬇⬇,-0.6429,-0.7038,-0.495
002777,久远银海,48.18,True,11.91,12.5,0,-1.58,-10.69,-6.22,-4.73,0.0,2026-07-13,2026-07-13,32.61,-0.1828,0.3961,0.3479,0.3584,0.5025,0.4201,0.2053,-0.8702,0.0649,多周期共振看空 ⬇⬇⬇,-0.7,-0.75,-0.5625
601616,广电电气,27.66,True,3.24,3.52,0,-4.09,-14.27,-7.98,-8.09,0.0,2026-07-13,2026-07-13,23.76,0.4505,-0.0825,0.3917,0.4373,0.3058,0.3472,0.2053,-0.7021,0.149,多周期共振看空 ⬇⬇⬇,-0.607,-0.6854,-0.3375
603106,恒银科技,32.9,True,6.32,7.17,4,8.16,-11.82,-3.76,-11.82,0.0,2026-07-13,2026-07-13,22.77,0.5691,1.3542,0.6612,0.7414,0.2838,0.0,0.2052,-0.8849,0.0575,多周期共振看空 ⬇⬇⬇,-0.7376,-0.75,-0.5625
002278,神开股份,26.26,True,7.32,7.88,0,-3.44,-10.17,-6.66,-7.11,0.0,2026-07-13,2026-07-13,28.87,-0.3894,0.4316,0.3413,0.3726,0.4193,0.4312,0.2051,-0.8038,0.0981,多周期共振看空 ⬇⬇⬇,-0.7,-0.604,-0.5625
002362,汉王科技,30.1,True,14.5,16.06,5,6.08,-13.59,-5.61,-9.71,0.0,2026-07-13,2026-07-13,28.68,0.8516,-0.8271,0.4934,0.511,0.415,0.1777,0.2049,-0.8189,0.0906,多周期共振看空 ⬇⬇⬇,-0.6714,-0.6618,-0.5625
002302,西部建设,54.28,True,4.3,4.5,0,-1.99,-9.15,-6.04,-4.35,0.0,2026-07-13,2026-07-13,28.74,0.1971,0.0252,0.2395,0.3284,0.4163,0.6008,0.2049,-0.8667,0.0666,多周期共振看空 ⬇⬇⬇,-0.691,-0.75,-0.5625
600633,浙数文化,128.46,True,10.13,10.48,1,0.22,-11.41,-5.94,-3.3,0.0,2026-07-13,2026-07-13,39.3,-0.1146,-0.0474,0.3537,0.181,0.6511,0.4106,0.2049,-0.7601,0.12,多周期共振看空 ⬇⬇⬇,-0.6351,-0.5636,-0.5625
002316,亚联发展,13.12,True,3.85,4.2,0,-2.79,-13.02,-8.2,-8.34,0.0,2026-07-13,2026-07-13,25.69,0.4718,0.0836,0.4562,0.5165,0.3488,0.2397,0.2048,-0.7982,0.1009,多周期共振看空 ⬇⬇⬇,-0.691,-0.5994,-0.5625
003022,联泓新科,257.81,True,19.32,25.07,11,12.99,-22.95,-1.87,-22.95,0.0,2026-07-13,2026-07-13,14.88,0.3307,-0.138,0.6282,0.3432,0.1085,0.0,0.2046,-0.0424,0.4788,多周期方向不一致，观望,-0.3538,-0.0867,0.2037
002204,大连重工,97.34,True,5.04,5.37,0,-0.96,-7.21,-4.17,-6.2,0.0,2026-07-13,2026-07-13,27.03,-0.0471,0.5479,0.2671,0.4,0.3784,0.5549,0.2046,-0.9015,0.0493,多周期共振看空 ⬇⬇⬇,-0.8914,-0.7223,-0.495
002480,新筑股份,38.15,True,4.97,5.27,0,-3.78,-10.74,-6.65,-5.71,0.0,2026-07-13,2026-07-13,23.46,0.3894,-0.249,0.2793,0.334,0.299,0.5345,0.2044,-0.6857,0.1572,多周期共振看空 ⬇⬇⬇,-0.4859,-0.528,-0.5625
002932,*ST明德,22.29,True,14.28,14.57,3,1.7,-7.62,-3.78,-1.99,0.0,2026-07-13,2026-07-13,42.05,-0.2893,-0.2755,0.2653,0.0898,0.7123,0.5579,0.2043,-0.8105,0.0948,多周期共振看空 ⬇⬇⬇,-0.5577,-0.7408,-0.5625
001300,三柏硕,27.16,True,11.14,12.21,0,-4.09,-20.64,-13.06,-8.76,0.0,2026-07-13,2026-07-13,27.23,0.1164,0.6583,0.4963,0.4698,0.3828,0.1729,0.2043,-0.7148,0.1426,多周期共振看空 ⬇⬇⬇,-0.6865,-0.4875,-0.495
603500,祥和实业,31.66,True,9.52,11.68,10,19.19,-19.6,-0.56,-18.49,0.0,2026-07-13,2026-07-13,27.59,0.7402,-0.8162,0.6979,0.4441,0.3909,0.0,0.2042,-0.5457,0.2272,多周期共振看空 ⬇⬇⬇,-0.2602,-0.4813,-0.495
000949,新乡化纤,84.48,True,5.1,6.39,6,7.46,-20.22,-4.76,-20.22,0.0,2026-07-13,2026-07-13,29.24,-0.2266,0.9739,0.7134,0.4,0.4276,0.0,0.2041,-0.52,0.24,多周期共振看空 ⬇⬇⬇,-0.5142,-0.4321,-0.27
601877,正泰电器,508.23,True,23.65,25.52,0,-0.52,-8.13,-5.18,-7.34,0.0,2026-07-13,2026-07-13,21.97,0.6067,-0.3143,0.2872,0.4383,0.266,0.5214,0.2041,-0.8048,0.0976,多周期共振看空 ⬇⬇⬇,-0.9025,-0.6577,-0.3375
603279,景津装备,69.63,True,12.08,12.5,0,-0.81,-11.67,-6.62,-3.39,0.0,2026-07-13,2026-07-13,39.45,0.1852,-0.4487,0.2849,0.1317,0.6544,0.5252,0.204,-0.7837,0.1082,多周期共振看空 ⬇⬇⬇,-0.6775,-0.6467,-0.495
002624,完美世界,191.55,True,10.48,11.94,0,-1.97,-14.04,-7.45,-12.2,0.0,2026-07-13,2026-07-13,41.29,-0.1653,0.4414,0.659,0.3766,0.6954,0.0,0.2039,-0.8056,0.0972,多周期共振看空 ⬇⬇⬇,-0.6885,-0.6854,-0.495
000812,陕西金叶,23.58,True,3.12,3.23,0,-1.6,-10.08,-6.27,-3.47,0.0,2026-07-13,2026-07-13,33.75,0.0,0.2336,0.3053,0.2935,0.5278,0.4912,0.2039,-0.8649,0.0675,多周期共振看空 ⬇⬇⬇,-0.6865,-0.75,-0.5625
603277,银都股份,61.71,True,10.12,10.33,4,3.15,-11.27,-4.67,-2.02,0.0,2026-07-13,2026-07-13,48.05,-0.3206,-0.3951,0.3409,0.042,0.8455,0.4319,0.2039,-0.7964,0.1018,多周期共振看空 ⬇⬇⬇,-0.5107,-0.75,-0.5625
002779,中坚科技,115.27,True,69.52,77.35,11,12.75,-10.12,1.67,-10.12,0.0,2026-07-13,2026-07-13,43.45,0.3261,-0.4273,0.7005,0.2248,0.7434,0.0,0.2038,-0.6213,0.1894,多周期共振看空 ⬇⬇⬇,-0.1835,-0.6456,-0.5625
002253,川大智胜,19.34,True,9.21,10.25,0,-2.74,-12.03,-6.68,-10.11,0.0,2026-07-13,2026-07-13,34.76,-0.324,0.968,0.5756,0.4,0.5503,0.0407,0.2037,-0.7034,0.1483,多周期共振看空 ⬇⬇⬇,-0.839,-0.3317,-0.495
003042,中农联合,14.75,True,11.96,12.68,0,-2.12,-10.59,-7.26,-5.69,0.0,2026-07-13,2026-07-13,30.17,0.3681,-0.1398,0.3596,0.365,0.4482,0.4007,0.2036,-0.8132,0.0934,多周期共振看空 ⬇⬇⬇,-0.6865,-0.7038,-0.495
600328,中盐化工,86.66,True,5.91,6.3,2,0.35,-8.66,-4.59,-6.17,0.0,2026-07-13,2026-07-13,26.8,0.4337,-0.2116,0.3362,0.3756,0.3733,0.4396,0.2036,-0.7721,0.1139,多周期共振看空 ⬇⬇⬇,-0.6025,-0.6854,-0.495
603109,神驰机电,33.6,True,16.09,17.07,0,-1.52,-13.38,-7.65,-5.76,0.0,2026-07-13,2026-07-13,34.03,0.2906,-0.0944,0.388,0.3366,0.5339,0.3534,0.2036,-0.8332,0.0834,多周期共振看空 ⬇⬇⬇,-0.6374,-0.7223,-0.5625
002284,亚太股份,65.38,True,8.93,9.9,1,1.52,-13.41,-7.33,-9.8,0.0,2026-07-13,2026-07-13,34.08,-0.1161,0.4363,0.4459,0.3745,0.5352,0.2568,0.2036,-0.8181,0.0909,多周期共振看空 ⬇⬇⬇,-0.6775,-0.7223,-0.495
000561,烽火电子,53.87,True,6.94,7.47,1,0.84,-8.5,-4.92,-7.05,0.0,2026-07-13,2026-07-13,38.46,-0.0797,2.372,0.5401,0.4,0.6325,0.0998,0.2033,-0.8521,0.074,多周期共振看空 ⬇⬇⬇,-0.6643,-0.7408,-0.5625
600841,动力新科,61.02,True,5.85,6.44,2,2.78,-11.17,-6.28,-9.21,0.0,2026-07-13,2026-07-13,34.01,0.1291,0.3084,0.5757,0.4008,0.5336,0.0404,0.2033,-0.6875,0.1562,多周期共振看空 ⬇⬇⬇,-0.6017,-0.6577,-0.3375
002593,日上集团,22.08,True,3.94,4.16,0,-1.33,-10.65,-6.19,-5.28,0.0,2026-07-13,2026-07-13,32.43,-0.1477,0.374,0.3508,0.3496,0.4985,0.4153,0.2031,-0.8649,0.0675,多周期共振看空 ⬇⬇⬇,-0.6865,-0.75,-0.5625
600243,*ST海华,14.26,True,3.25,3.56,2,4.37,-14.57,-5.28,-8.73,0.0,2026-07-13,2026-07-13,29.71,0.5043,-0.3947,0.4983,0.3447,0.438,0.1694,0.203,-0.589,0.2055,多周期共振看空 ⬇⬇⬇,-0.5367,-0.3394,-0.495
002539,云图控股,87.91,True,9.88,11.51,5,4.37,-14.15,-3.68,-14.15,0.0,2026-07-13,2026-07-13,17.81,0.3382,0.8809,0.5379,0.6029,0.1735,0.1034,0.2026,-0.635,0.1825,多周期共振看空 ⬇⬇⬇,-0.5459,-0.5902,-0.3375
603810,丰山集团,17.89,True,10.82,11.57,0,-1.67,-9.98,-6.56,-6.45,0.0,2026-07-13,2026-07-13,27.69,0.2846,0.0848,0.332,0.4047,0.3931,0.4467,0.2025,-0.8565,0.0717,多周期共振看空 ⬇⬇⬇,-0.6865,-0.7315,-0.5625
000665,湖北广电,42.19,True,3.71,3.8,1,0.71,-10.49,-6.67,-2.24,0.0,2026-07-13,2026-07-13,34.91,0.192,-0.1229,0.3721,0.266,0.5535,0.3798,0.2025,-0.7736,0.1132,多周期共振看空 ⬇⬇⬇,-0.4631,-0.7408,-0.5625
003029,吉大正元,27.45,True,15.59,16.61,0,-2.61,-10.75,-6.6,-6.14,0.0,2026-07-13,2026-07-13,29.4,-0.4535,0.8143,0.356,0.4,0.4311,0.4067,0.2025,-0.8625,0.0687,多周期共振看空 ⬇⬇⬇,-0.691,-0.7408,-0.5625
000957,中通客车,53.3,True,8.99,9.67,1,1.18,-7.39,-3.34,-7.06,0.0,2026-07-13,2026-07-13,26.52,0.6265,-0.508,0.2957,0.3759,0.3671,0.5072,0.2024,-0.8282,0.0859,多周期共振看空 ⬇⬇⬇,-0.8339,-0.5429,-0.5625
603801,志邦家居,23.45,True,5.4,5.73,0,-4.67,-12.14,-8.5,-5.8,0.0,2026-07-13,2026-07-13,26.95,-0.5143,1.4031,0.3051,0.4,0.3767,0.4916,0.2023,-0.8667,0.0666,多周期共振看空 ⬇⬇⬇,-0.691,-0.75,-0.5625
600624,ST复华,24.66,True,3.63,3.67,3,7.14,-15.04,-5.55,-1.05,0.0,2026-07-13,2026-07-13,45.61,0.0732,0.0412,0.5668,0.2604,0.7914,0.0554,0.2022,-0.7927,0.1037,多周期共振看空 ⬇⬇⬇,-0.5229,-0.7315,-0.5625
603258,电魂网络,27.39,True,11.35,12.22,0,-3.3,-10.82,-6.96,-7.12,0.0,2026-07-13,2026-07-13,30.25,-0.4599,1.5331,0.3753,0.4,0.45,0.3745,0.2022,-0.8618,0.0691,多周期共振看空 ⬇⬇⬇,-0.7,-0.7315,-0.5625
600775,南京熊猫,58.85,True,8.76,9.82,2,1.12,-11.59,-6.16,-10.75,0.0,2026-07-13,2026-07-13,31.83,0.2612,0.3976,0.5804,0.5157,0.4851,0.0326,0.2021,-0.8162,0.0919,多周期共振看空 ⬇⬇⬇,-0.6943,-0.7038,-0.495
600235,民丰特纸,17.74,True,5.05,5.23,0,-1.17,-9.81,-6.16,-3.47,0.0,2026-07-13,2026-07-13,35.29,0.0391,0.0565,0.3236,0.2461,0.5621,0.4607,0.202,-0.8204,0.0898,多周期共振看空 ⬇⬇⬇,-0.682,-0.656,-0.5625
603488,展鹏科技,23.42,True,8.02,10.51,7,11.5,-23.67,-8.05,-23.67,0.0,2026-07-13,2026-07-13,18.32,0.7432,-0.3139,0.7757,0.5204,0.185,0.0,0.2019,-0.4396,0.2802,多周期共振看空 ⬇⬇⬇,-0.6342,-0.1525,-0.27
002420,毅昌科技,20.64,True,5.1,5.53,2,4.36,-10.65,-4.01,-7.83,0.0,2026-07-13,2026-07-13,25.74,0.5716,0.1865,0.5795,0.6176,0.3498,0.0342,0.2018,-0.8208,0.0896,多周期共振看空 ⬇⬇⬇,-0.6273,-0.7038,-0.5625
002560,通达股份,40.47,True,6.39,7.62,1,0.29,-16.18,-8.23,-16.18,0.0,2026-07-13,2026-07-13,8.86,0.493,-0.123,0.4413,0.4466,0.0,0.2645,0.2018,-0.3119,0.344,月线震荡，中短期走弱,-0.7751,-0.276,-0.108
002053,云南能投,84.52,True,9.18,9.58,1,5.04,-18.54,-8.28,-4.16,0.0,2026-07-13,2026-07-13,45.87,-0.0331,-0.0343,0.7411,0.1863,0.7971,0.0,0.2017,-0.6407,0.1796,多周期共振看空 ⬇⬇⬇,-0.4389,-0.4695,-0.5625
603166,福达股份,65.74,True,10.26,13.75,10,21.35,-25.4,-1.31,-25.4,0.0,2026-07-13,2026-07-13,18.0,0.5476,0.2562,0.9091,0.631,0.1777,0.0,0.2016,-0.61,0.195,多周期共振看空 ⬇⬇⬇,-0.4186,-0.4193,-0.5625
002112,三变科技,38.21,True,14.58,16.52,2,3.46,-11.75,-5.18,-11.75,0.0,2026-07-13,2026-07-13,17.59,0.7726,-0.2576,0.4846,0.5605,0.1686,0.1924,0.2015,-0.6411,0.1794,多周期共振看空 ⬇⬇⬇,-0.5938,-0.5625,-0.3375
002469,三维化学,34.53,True,5.49,6.02,5,11.75,-12.52,-4.62,-8.83,0.0,2026-07-13,2026-07-13,21.51,0.8677,-0.3677,0.4141,0.5736,0.2558,0.3099,0.2015,-0.8605,0.0697,多周期共振看空 ⬇⬇⬇,-0.6967,-0.7315,-0.5625
002996,顺博合金,26.82,True,5.85,6.14,2,0.42,-9.15,-4.0,-4.74,0.0,2026-07-13,2026-07-13,37.5,0.0296,-0.0095,0.341,0.214,0.6111,0.4317,0.2014,-0.81,0.095,多周期共振看空 ⬇⬇⬇,-0.5887,-0.7131,-0.5625
002098,浔兴股份,22.66,True,6.33,6.57,0,-1.16,-8.0,-4.96,-3.67,0.0,2026-07-13,2026-07-13,31.72,0.0006,0.1951,0.2736,0.2784,0.4828,0.5441,0.2011,-0.8514,0.0743,多周期共振看空 ⬇⬇⬇,-0.6518,-0.75,-0.5625
002358,森源电气,47.23,True,5.08,5.64,0,-2.09,-11.67,-6.35,-9.87,0.0,2026-07-13,2026-07-13,21.92,0.6431,-0.2477,0.3855,0.4868,0.2648,0.3575,0.2009,-0.7759,0.112,多周期共振看空 ⬇⬇⬇,-0.9115,-0.5864,-0.3375
603327,福蓉科技,80.08,True,7.66,9.42,8,10.37,-19.63,-6.79,-18.72,0.0,2026-07-13,2026-07-13,24.96,0.4336,0.093,0.8613,0.4973,0.3325,0.0,0.2009,-0.5878,0.2061,多周期共振看空 ⬇⬇⬇,-0.5652,-0.3124,-0.495
000158,常山北明,207.06,True,13.04,13.55,0,-0.73,-13.58,-6.52,-3.74,0.0,2026-07-13,2026-07-13,32.92,0.4679,-0.4984,0.371,0.2814,0.5094,0.3817,0.2009,-0.7593,0.1204,多周期共振看空 ⬇⬇⬇,-0.4372,-0.7315,-0.5625
601515,衢州东峰,60.43,True,3.14,3.42,0,-0.68,-15.1,-8.58,-8.11,0.0,2026-07-13,2026-07-13,28.81,-0.202,0.996,0.5068,0.4,0.4181,0.1554,0.2008,-0.6596,0.1702,多周期共振看空 ⬇⬇⬇,-0.557,-0.4098,-0.5625
001323,慕思股份,50.08,True,16.09,16.87,0,-3.37,-14.4,-7.67,-4.6,0.0,2026-07-13,2026-07-13,34.26,-0.7507,0.191,0.337,0.2764,0.5392,0.4383,0.2007,-0.8339,0.0831,多周期共振看空 ⬇⬇⬇,-0.607,-0.75,-0.5625
603206,嘉环科技,40.93,True,13.41,16.24,8,7.24,-17.45,-5.46,-17.45,0.0,2026-07-13,2026-07-13,17.82,0.8909,-0.7402,0.5176,0.5345,0.1738,0.1374,0.2007,-0.568,0.216,多周期共振看空 ⬇⬇⬇,-0.5597,-0.2737,-0.495
002799,环球印务,18.91,True,5.91,6.28,0,-3.8,-10.91,-8.2,-5.88,0.0,2026-07-13,2026-07-13,26.85,0.2995,-0.0873,0.2642,0.3448,0.3743,0.5597,0.2006,-0.8442,0.0779,多周期共振看空 ⬇⬇⬇,-0.7,-0.6929,-0.5625
600609,金杯汽车,40.05,True,3.07,3.22,0,-1.42,-8.62,-5.11,-4.51,0.0,2026-07-13,2026-07-13,34.21,0.0029,0.1136,0.2907,0.2472,0.538,0.5155,0.2005,-0.8498,0.0751,多周期共振看空 ⬇⬇⬇,-0.6478,-0.75,-0.5625
000727,冠捷科技,100.56,True,2.22,2.59,2,2.72,-14.34,-6.92,-14.34,0.0,2026-07-13,2026-07-13,21.88,0.7582,-0.713,0.6159,0.4549,0.2639,0.0,0.2005,-0.4407,0.2797,多周期共振看空 ⬇⬇⬇,-0.5575,-0.1758,-0.315
002518,科士达,211.98,True,37.51,48.31,6,7.68,-22.35,-5.5,-22.35,0.0,2026-07-13,2026-07-13,32.47,0.1652,-0.0619,0.8904,0.2744,0.4993,0.0,0.2005,-0.4343,0.2828,多周期共振看空 ⬇⬇⬇,-0.4744,-0.3229,-0.225
002760,凤形股份,17.27,True,15.99,16.93,0,-1.74,-14.36,-7.1,-5.53,0.0,2026-07-13,2026-07-13,27.95,0.3727,-0.2079,0.3703,0.3405,0.3989,0.3829,0.2004,-0.7263,0.1369,多周期共振看空 ⬇⬇⬇,-0.6443,-0.549,-0.495
603321,梅轮电梯,19.61,True,5.69,5.98,0,-1.13,-8.2,-4.9,-4.89,0.0,2026-07-13,2026-07-13,31.14,-0.1235,0.2961,0.3289,0.3184,0.4697,0.4518,0.2004,-0.831,0.0845,多周期共振看空 ⬇⬇⬇,-0.6662,-0.6929,-0.5625
002291,遥望科技,40.15,True,4.62,4.96,0,-3.09,-14.22,-8.07,-6.87,0.0,2026-07-13,2026-07-13,24.43,0.4288,-0.0063,0.3563,0.4548,0.3206,0.4062,0.2002,-0.8358,0.0821,多周期共振看空 ⬇⬇⬇,-0.7,-0.6744,-0.5625
603107,上海汽配,24.61,True,11.28,11.76,0,-1.3,-9.15,-5.16,-4.12,0.0,2026-07-13,2026-07-13,31.36,-0.1992,0.1752,0.2633,0.2701,0.4746,0.5612,0.2001,-0.8496,0.0752,多周期共振看空 ⬇⬇⬇,-0.6794,-0.7223,-0.5625
603326,我乐家居,19.5,True,6.11,6.43,0,-2.63,-9.56,-6.61,-5.03,0.0,2026-07-13,2026-07-13,29.19,0.1496,0.1334,0.3027,0.3431,0.4265,0.4955,0.2001,-0.8565,0.0717,多周期共振看空 ⬇⬇⬇,-0.6865,-0.7315,-0.5625
000856,冀东装备,16.0,True,7.05,7.5,0,-1.92,-12.66,-8.41,-6.02,0.0,2026-07-13,2026-07-13,31.5,0.3522,-0.0817,0.408,0.3787,0.4777,0.3201,0.2,-0.8355,0.0822,多周期共振看空 ⬇⬇⬇,-0.6865,-0.6854,-0.5625
002031,巨轮智能,98.74,True,5.16,5.69,2,5.23,-16.91,-6.93,-9.28,0.0,2026-07-13,2026-07-13,37.29,0.5693,-0.5226,0.8367,0.3416,0.6065,0.0,0.1999,-0.6749,0.1625,多周期共振看空 ⬇⬇⬇,-0.5747,-0.4283,-0.5625
600751,海航科技,70.51,True,2.74,2.97,0,-1.33,-11.34,-4.69,-7.87,0.0,2026-07-13,2026-07-13,23.88,0.5196,-0.2123,0.3346,0.4268,0.3085,0.4424,0.1999,-0.8079,0.0961,多周期共振看空 ⬇⬇⬇,-0.6586,-0.6485,-0.5625
603356,华菱精工,20.45,True,15.34,17.37,6,5.86,-11.7,-3.49,-11.7,0.0,2026-07-13,2026-07-13,36.93,0.1386,-0.1574,0.8389,0.2202,0.5984,0.0,0.1998,-0.4719,0.2641,多周期共振看空 ⬇⬇⬇,-0.4619,-0.3037,-0.3375
603861,白云电器,66.71,True,12.62,13.96,2,4.61,-19.52,-9.59,-9.58,0.0,2026-07-13,2026-07-13,42.2,0.3161,-0.4698,0.9696,0.2017,0.7155,0.0,0.1998,-0.5831,0.2085,多周期共振看空 ⬇⬇⬇,-0.4222,-0.5821,-0.3375
603130,云中马,48.52,True,35.28,41.17,2,0.82,-14.3,-4.76,-14.3,0.0,2026-07-13,2026-07-13,30.87,-0.1704,0.5884,0.6523,0.4,0.4638,0.0,0.1994,-0.6017,0.1991,多周期共振看空 ⬇⬇⬇,-0.5298,-0.3733,-0.495
002598,ST章鼓,19.28,True,6.73,6.68,3,1.89,-10.81,-3.91,0.77,0.0018,2026-07-09,2026-07-13,46.33,-0.6078,-0.3504,0.4214,0.0599,0.8073,0.2976,0.199,-0.7146,0.1427,多周期共振看空 ⬇⬇⬇,-0.301,-0.75,-0.5625
603089,正裕工业,19.59,True,8.16,8.79,0,-3.27,-13.08,-8.2,-7.16,0.0,2026-07-13,2026-07-13,29.31,-0.2643,0.487,0.3913,0.3948,0.4291,0.3479,0.1987,-0.8357,0.0822,多周期共振看空 ⬇⬇⬇,-0.6115,-0.75,-0.5625
002685,华东重机,54.11,True,5.37,6.34,0,-4.13,-17.98,-9.42,-15.25,0.0,2026-07-13,2026-07-13,20.93,0.4877,0.2728,0.5962,0.6017,0.2429,0.0064,0.1984,-0.6725,0.1638,多周期共振看空 ⬇⬇⬇,-0.7696,-0.3233,-0.495
002813,路畅科技,21.79,True,18.18,19.61,0,-1.97,-10.54,-6.78,-7.28,0.0,2026-07-13,2026-07-13,28.99,0.0477,0.359,0.3775,0.3722,0.4219,0.3709,0.1982,-0.8132,0.0934,多周期共振看空 ⬇⬇⬇,-0.6865,-0.6363,-0.5625
002544,普天科技,115.54,True,16.98,18.36,1,1.97,-12.6,-7.36,-7.49,0.0,2026-07-13,2026-07-13,39.98,-0.1909,0.738,0.6188,0.4,0.6661,0.0,0.1982,-0.8541,0.073,多周期共振看空 ⬇⬇⬇,-0.691,-0.7223,-0.5625
605566,福莱蒽特,35.62,True,26.71,38.43,8,21.39,-30.5,-7.57,-30.5,0.0,2026-07-13,2026-07-13,2.3,0.702,-0.5431,0.781,0.4212,0.0,0.0,0.1981,-0.0889,0.4556,多周期方向不一致，观望,-0.405,-0.0437,0.0
002085,万丰奥威,212.33,True,10.0,11.61,5,9.63,-13.83,-4.26,-13.83,0.0,2026-07-13,2026-07-13,23.13,0.8696,-0.7051,0.4389,0.5218,0.2918,0.2684,0.198,-0.8154,0.0923,多周期共振看空 ⬇⬇⬇,-0.6039,-0.7119,-0.5625
002523,天桥起重,40.37,True,2.86,3.07,0,-1.96,-10.12,-6.24,-6.86,0.0,2026-07-13,2026-07-13,28.89,0.3672,-0.12,0.3431,0.3723,0.4198,0.4282,0.1977,-0.8607,0.0696,多周期共振看空 ⬇⬇⬇,-0.6865,-0.7408,-0.5625
000707,双环科技,23.07,True,4.19,4.44,0,-2.41,-9.29,-5.37,-5.6,0.0,2026-07-13,2026-07-13,27.1,0.2409,0.0695,0.3019,0.3723,0.3801,0.4969,0.1976,-0.8684,0.0658,多周期共振看空 ⬇⬇⬇,-0.6955,-0.75,-0.5625
600496,精工钢构,61.69,True,3.1,3.27,0,-2.19,-12.22,-7.46,-5.08,0.0,2026-07-13,2026-07-13,33.33,-0.2882,0.0813,0.3264,0.2325,0.5185,0.4559,0.1975,-0.7792,0.1104,多周期共振看空 ⬇⬇⬇,-0.655,-0.656,-0.495
603400,华之杰,13.7,True,48.92,54.97,0,-6.17,-19.37,-10.9,-11.01,0.0,2026-07-13,2026-07-13,18.76,0.3155,-0.0378,0.3806,0.3742,0.1947,0.3656,0.1974,-0.5453,0.2273,多周期共振看空 ⬇⬇⬇,-0.6595,-0.2956,-0.3375
603086,先达股份,22.65,True,5.21,5.47,1,0.24,-8.93,-5.21,-4.72,0.0,2026-07-13,2026-07-13,34.64,-0.1696,0.1483,0.3235,0.2593,0.5476,0.4608,0.1974,-0.8614,0.0693,多周期共振看空 ⬇⬇⬇,-0.6775,-0.75,-0.5625
002271,东方雨虹,202.36,True,10.57,11.97,2,1.03,-11.69,-4.82,-11.69,0.0,2026-07-13,2026-07-13,33.02,-0.4377,1.0712,0.4977,0.4,0.5115,0.1705,0.1973,-0.8115,0.0943,多周期共振看空 ⬇⬇⬇,-0.898,-0.6762,-0.3375
000778,新兴铸管,140.95,True,3.62,3.78,0,-1.43,-9.72,-5.07,-4.21,0.0,2026-07-13,2026-07-13,24.24,0.2108,-0.2545,0.2544,0.2247,0.3165,0.5759,0.1972,-0.6228,0.1886,多周期共振看空 ⬇⬇⬇,-0.492,-0.6096,-0.3375
002801,微光股份,31.07,True,26.83,29.08,2,4.63,-11.29,-4.51,-7.73,0.0,2026-07-13,2026-07-13,37.11,0.3621,-0.309,0.5018,0.2936,0.6025,0.1636,0.1972,-0.7461,0.127,多周期共振看空 ⬇⬇⬇,-0.5548,-0.6017,-0.5625
603788,宁波高发,29.44,True,13.2,14.0,0,-0.54,-7.48,-4.82,-5.68,0.0,2026-07-13,2026-07-13,31.01,0.0829,0.0333,0.2861,0.263,0.4669,0.5232,0.1972,-0.8218,0.0891,多周期共振看空 ⬇⬇⬇,-0.8685,-0.4993,-0.5625
601777,千里科技,335.47,True,7.42,8.5,0,-6.74,-17.92,-11.32,-12.68,0.0,2026-07-13,2026-07-13,22.65,0.3503,0.1081,0.3907,0.4534,0.2811,0.3488,0.197,-0.7659,0.117,多周期共振看空 ⬇⬇⬇,-0.839,-0.4017,-0.5625
002880,卫光生物,47.24,True,20.83,21.28,1,3.52,-12.28,-6.01,-2.13,0.0,2026-07-13,2026-07-13,42.36,-0.4242,0.1045,0.4813,0.2418,0.7191,0.1979,0.197,-0.8323,0.0838,多周期共振看空 ⬇⬇⬇,-0.6675,-0.6946,-0.5625
002012,凯恩股份,26.84,True,5.74,6.6,0,-3.16,-13.09,-8.39,-13.09,0.0,2026-07-13,2026-07-13,8.59,0.7147,-0.5947,0.3684,0.4288,0.0,0.3861,0.197,-0.4193,0.2903,多周期共振看空 ⬇⬇⬇,-0.5266,-0.2002,-0.27
603275,众辰科技,14.66,True,35.3,39.32,3,3.56,-13.37,-4.68,-10.22,0.0,2026-07-13,2026-07-13,32.56,0.4604,-0.2616,0.5002,0.3716,0.5013,0.1664,0.1967,-0.7561,0.122,多周期共振看空 ⬇⬇⬇,-0.744,-0.4616,-0.5625
002334,英威腾,49.54,True,6.74,7.48,0,-2.46,-16.04,-9.46,-9.84,0.0,2026-07-13,2026-07-13,20.7,0.8217,-0.7709,0.3991,0.493,0.2379,0.3349,0.1967,-0.7686,0.1157,多周期共振看空 ⬇⬇⬇,-0.72,-0.5095,-0.5625
001231,农心科技,9.19,True,17.97,19.02,0,-2.1,-9.81,-6.35,-5.54,0.0,2026-07-13,2026-07-13,29.07,0.1071,0.1128,0.3552,0.3094,0.4239,0.4081,0.1966,-0.7573,0.1214,多周期共振看空 ⬇⬇⬇,-0.6865,-0.581,-0.495
603879,永悦科技,15.31,True,4.26,4.53,0,-0.4,-9.4,-5.44,-5.92,0.0,2026-07-13,2026-07-13,32.1,0.0159,0.5474,0.4757,0.4095,0.4911,0.2072,0.1966,-0.8372,0.0814,多周期共振看空 ⬇⬇⬇,-0.682,-0.6929,-0.5625
601011,宝泰隆,48.47,True,2.53,2.71,1,1.39,-10.3,-5.08,-6.61,0.0,2026-07-13,2026-07-13,30.28,0.7816,-0.5808,0.6468,0.469,0.4506,0.0,0.1962,-0.7215,0.1392,多周期共振看空 ⬇⬇⬇,-0.5264,-0.6395,-0.495
601216,君正集团,363.68,True,4.31,4.43,2,0.59,-10.33,-3.74,-2.65,0.0,2026-07-13,2026-07-13,38.38,0.0745,-0.5147,0.3016,0.0447,0.6308,0.4973,0.1962,-0.6564,0.1718,多周期共振看空 ⬇⬇⬇,-0.3592,-0.6398,-0.495
002912,中新赛克,28.66,True,17.67,18.77,0,-1.73,-12.64,-5.87,-5.88,0.0,2026-07-13,2026-07-13,31.45,0.0199,0.2819,0.3445,0.3247,0.4766,0.4258,0.1961,-0.8632,0.0684,多周期共振看空 ⬇⬇⬇,-0.682,-0.75,-0.5625
600435,北方导航,156.53,True,10.35,11.33,2,0.46,-8.67,-3.73,-8.67,0.0,2026-07-13,2026-07-13,34.46,0.1177,0.1526,0.4843,0.3316,0.5435,0.1928,0.1961,-0.7683,0.1159,多周期共振看空 ⬇⬇⬇,-0.6408,-0.5769,-0.5625
603227,雪峰科技,75.45,True,7.04,7.34,0,-3.76,-11.79,-7.14,-4.08,0.0,2026-07-13,2026-07-13,23.62,0.0132,0.2355,0.2344,0.3021,0.3027,0.6094,0.196,-0.766,0.117,多周期共振看空 ⬇⬇⬇,-0.616,-0.5931,-0.5625
000420,吉林化纤,88.24,True,3.59,4.08,0,-0.52,-12.03,-5.0,-12.03,0.0,2026-07-13,2026-07-13,26.43,0.222,-0.1154,0.4042,0.287,0.3651,0.3263,0.1959,-0.5915,0.2042,多周期共振看空 ⬇⬇⬇,-0.5971,-0.4506,-0.3375
003006,百亚股份,56.27,True,13.13,14.51,2,1.84,-11.06,-4.72,-9.54,0.0,2026-07-13,2026-07-13,36.47,-0.2864,1.0589,0.5571,0.4,0.5882,0.0714,0.1956,-0.8386,0.0807,多周期共振看空 ⬇⬇⬇,-0.6407,-0.7315,-0.5625
600468,百利电气,54.06,True,4.97,5.58,2,2.81,-15.11,-6.85,-10.9,0.0,2026-07-13,2026-07-13,35.71,0.4252,-0.1385,0.5784,0.3997,0.5714,0.036,0.1956,-0.7895,0.1053,多周期共振看空 ⬇⬇⬇,-0.8525,-0.6669,-0.3375
605199,ST葫芦娃,23.25,True,5.81,5.78,3,1.35,-14.96,-6.39,0.44,0.0,2026-07-10,2026-07-13,47.42,-0.1665,-0.2478,0.4857,0.1009,0.8315,0.1906,0.1956,-0.7469,0.1265,多周期共振看空 ⬇⬇⬇,-0.5058,-0.6456,-0.5625
000625,长安汽车,569.61,True,6.89,7.19,0,-1.51,-9.81,-5.22,-4.13,0.0,2026-07-13,2026-07-13,38.95,0.0443,-0.1434,0.3259,0.1692,0.6434,0.4568,0.1956,-0.8433,0.0783,多周期共振看空 ⬇⬇⬇,-0.631,-0.75,-0.5625
600819,耀皮玻璃,38.59,True,4.89,5.84,2,1.49,-16.28,-8.09,-16.28,0.0,2026-07-13,2026-07-13,29.32,0.3344,0.3511,0.6983,0.5411,0.4294,0.0,0.1955,-0.8169,0.0916,多周期共振看空 ⬇⬇⬇,-0.6063,-0.7131,-0.5625
603007,顺景科技,34.06,True,4.9,5.8,8,14.78,-17.65,-3.33,-15.47,0.0,2026-07-13,2026-07-13,17.24,0.7332,-0.1849,0.826,0.5659,0.1609,0.0,0.1955,-0.5346,0.2327,多周期共振看空 ⬇⬇⬇,-0.353,-0.5348,-0.3375
002442,龙星科技,22.76,True,4.63,5.2,3,2.97,-16.99,-6.48,-10.97,0.0,2026-07-13,2026-07-13,23.01,0.8334,-0.28,0.6776,0.588,0.2891,0.0,0.1954,-0.7246,0.1377,多周期共振看空 ⬇⬇⬇,-0.5023,-0.5994,-0.5625
600843,上工申贝,32.47,True,6.92,8.19,14,10.21,-15.46,0.88,-15.46,0.0,2026-07-13,2026-07-13,29.95,0.5795,-0.2403,0.7185,0.4515,0.4434,0.0,0.1952,-0.693,0.1535,多周期共振看空 ⬇⬇⬇,-0.3605,-0.6515,-0.5625
002672,东江环保,29.51,True,3.26,3.54,5,11.53,-10.06,-3.23,-7.91,0.0,2026-07-13,2026-07-13,25.42,0.6373,-0.0087,0.9322,0.5789,0.3427,0.0,0.1951,-0.7765,0.1118,多周期共振看空 ⬇⬇⬇,-0.4598,-0.75,-0.5625
000523,红棉股份,35.12,True,2.65,2.7,0,-0.94,-12.32,-6.74,-1.87,0.0,2026-07-13,2026-07-13,32.65,-0.4016,-0.0654,0.2707,0.1738,0.5034,0.5489,0.195,-0.7613,0.1194,多周期共振看空 ⬇⬇⬇,-0.5425,-0.7131,-0.495
601689,拓普集团,937.56,True,53.95,57.91,3,3.68,-14.65,-6.39,-6.84,0.0,2026-07-13,2026-07-13,43.29,0.1373,-0.2046,0.7284,0.2006,0.7397,0.0,0.1949,-0.6491,0.1754,多周期共振看空 ⬇⬇⬇,-0.5548,-0.3886,-0.5625
001396,誉帆科技,7.5,True,33.01,36.69,0,-1.66,-13.92,-8.37,-10.02,0.0,2026-07-13,2026-07-13,28.68,-0.2651,-0.421,0.4422,0.0316,0.4152,0.263,0.1948,-0.2006,0.3997,周线日线方向不一致,-0.6685,0.0,
002835,同为股份,14.15,True,11.12,11.8,0,-0.86,-9.11,-5.3,-5.73,0.0,2026-07-13,2026-07-13,30.74,0.1457,0.0566,0.3241,0.3101,0.461,0.4599,0.1948,-0.8585,0.0707,多周期共振看空 ⬇⬇⬇,-0.67,-0.75,-0.5625
001207,联科科技,43.34,True,14.81,15.94,1,0.25,-14.49,-8.17,-7.09,0.0,2026-07-13,2026-07-13,38.12,-0.0849,0.2066,0.5734,0.2826,0.6249,0.0444,0.1947,-0.6801,0.1599,多周期共振看空 ⬇⬇⬇,-0.622,-0.624,-0.3375
000570,苏常柴Ａ,26.17,True,4.71,4.91,0,-0.77,-10.89,-5.93,-4.1,0.0,2026-07-13,2026-07-13,32.14,-0.1388,-0.0945,0.2856,0.1622,0.4921,0.524,0.1947,-0.7118,0.1441,多周期共振看空 ⬇⬇⬇,-0.6553,-0.4402,-0.5625
002512,ST达华,36.23,True,3.31,3.55,0,-0.54,-22.2,-11.97,-6.8,0.0,2026-07-13,2026-07-13,37.56,-0.2612,0.3613,0.749,0.3445,0.6124,0.0,0.1946,-0.7296,0.1352,多周期共振看空 ⬇⬇⬇,-0.5725,-0.5503,-0.5625
001356,富岭股份,16.47,True,8.21,8.65,0,-1.91,-10.41,-6.22,-5.09,0.0,2026-07-13,2026-07-13,29.72,0.4263,-0.439,0.2771,0.2801,0.4382,0.5382,0.1945,-0.8488,0.0756,多周期共振看空 ⬇⬇⬇,-0.6775,-0.7223,-0.5625
603758,秦安股份,40.11,True,9.14,9.7,4,5.11,-13.36,-5.77,-5.82,0.0,2026-07-13,2026-07-13,40.73,0.1856,-0.1216,0.5132,0.2628,0.6829,0.1447,0.1944,-0.8002,0.0999,多周期共振看空 ⬇⬇⬇,-0.5529,-0.7223,-0.5625
002009,天奇股份,60.79,True,17.17,20.0,3,5.58,-15.61,-6.32,-14.15,0.0,2026-07-13,2026-07-13,33.46,0.5208,-0.3655,0.6492,0.3663,0.5214,0.0,0.1944,-0.6562,0.1719,多周期共振看空 ⬇⬇⬇,-0.6002,-0.5902,-0.3375
000997,新 大 陆,157.97,True,15.68,16.82,0,-3.48,-19.0,-8.75,-6.79,0.0,2026-07-13,2026-07-13,27.88,0.342,0.093,0.471,0.4424,0.3972,0.215,0.1943,-0.8021,0.0989,多周期共振看空 ⬇⬇⬇,-0.646,-0.6467,-0.5625
002248,华东数控,25.28,True,8.22,9.16,1,0.58,-14.69,-6.56,-10.27,0.0,2026-07-13,2026-07-13,29.71,0.4031,-0.149,0.4641,0.3823,0.4379,0.2265,0.1942,-0.7647,0.1176,多周期共振看空 ⬇⬇⬇,-0.673,-0.6087,-0.495
000530,冰山冷热,28.63,True,4.77,5.22,0,-3.95,-14.49,-7.89,-8.67,0.0,2026-07-13,2026-07-13,28.31,0.7459,-0.7114,0.4891,0.4475,0.407,0.1848,0.194,-0.8,0.1,多周期共振看空 ⬇⬇⬇,-0.5975,-0.6837,-0.5625
600111,北方稀土,1409.15,True,38.98,47.96,7,9.2,-18.72,-2.47,-18.72,0.0,2026-07-13,2026-07-13,13.55,0.5073,0.2823,0.5703,0.6173,0.079,0.0495,0.1939,-0.5713,0.2143,多周期共振看空 ⬇⬇⬇,-0.4833,-0.5038,-0.3375
002017,东信和平,74.89,True,12.91,14.81,1,0.05,-12.85,-6.21,-12.85,0.0,2026-07-13,2026-07-13,12.03,0.4932,0.407,0.3238,0.6587,0.0451,0.4604,0.1936,-0.9279,0.0361,多周期共振看空 ⬇⬇⬇,-0.848,-0.75,-0.5625
603709,中源家居,16.4,True,13.11,14.07,0,-3.17,-10.21,-7.05,-6.82,0.0,2026-07-13,2026-07-13,25.67,0.1174,0.0276,0.3464,0.2815,0.3483,0.4226,0.1936,-0.6576,0.1712,多周期共振看空 ⬇⬇⬇,-0.6697,-0.5337,-0.3375
603868,飞科电器,129.68,True,29.77,31.45,0,-2.19,-12.27,-6.22,-5.34,0.0,2026-07-13,2026-07-13,23.3,0.6879,-0.6688,0.3982,0.4127,0.2956,0.3363,0.1935,-0.7361,0.132,多周期共振看空 ⬇⬇⬇,-0.7245,-0.4344,-0.5625
600487,亨通光电,1717.8,True,70.01,99.47,13,29.25,-29.62,3.09,-29.62,0.0,2026-07-13,2026-07-13,15.01,-0.1794,-0.2483,0.8621,0.1007,0.1113,0.0,0.1932,0.2507,0.6253,上升趋势中的日线回调（关注买点）,-0.2893,0.6406,0.45
600299,安迪苏,240.53,True,7.81,8.62,0,-6.42,-19.62,-10.75,-9.38,0.0,2026-07-13,2026-07-13,26.85,-0.5917,0.9074,0.51,0.4,0.3745,0.15,0.1929,-0.6664,0.1668,多周期共振看空 ⬇⬇⬇,-0.625,-0.5913,-0.3375
000868,安凯客车,31.0,True,3.3,3.45,0,-2.33,-10.45,-5.77,-4.47,0.0,2026-07-13,2026-07-13,29.49,0.3792,-0.2917,0.3108,0.3108,0.433,0.482,0.1929,-0.8597,0.0701,多周期共振看空 ⬇⬇⬇,-0.673,-0.75,-0.5625
002862,实丰文化,15.79,True,12.28,13.36,0,-4.24,-14.65,-9.69,-8.1,0.0,2026-07-13,2026-07-13,23.83,-0.2926,0.4423,0.3451,0.3769,0.3074,0.4249,0.1929,-0.769,0.1155,多周期共振看空 ⬇⬇⬇,-0.682,-0.543,-0.5625
600202,哈空调,16.83,True,4.39,4.67,0,-2.23,-10.91,-7.21,-6.09,0.0,2026-07-13,2026-07-13,30.2,0.1799,-0.0052,0.3759,0.3059,0.4489,0.3734,0.1929,-0.7838,0.1081,多周期共振看空 ⬇⬇⬇,-0.6865,-0.5717,-0.5625
002249,大洋电机,128.66,True,6.91,7.8,3,8.72,-12.21,-5.2,-11.4,0.0,2026-07-13,2026-07-13,36.32,0.0616,0.5676,0.6709,0.437,0.5849,0.0,0.1928,-0.8586,0.0707,多周期共振看空 ⬇⬇⬇,-0.7814,-0.6548,-0.5625
001221,悍高集团,13.11,True,36.4,41.11,0,-0.78,-16.35,-7.97,-11.45,0.0,2026-07-13,2026-07-13,25.59,-0.5006,0.3857,0.3795,0.3543,0.3465,0.3676,0.1928,-0.7345,0.1327,多周期共振看空 ⬇⬇⬇,-0.6685,-0.7038,-0.3375
000565,渝三峡Ａ,24.19,True,5.58,5.96,0,-0.09,-10.29,-6.56,-6.42,0.0,2026-07-13,2026-07-13,33.52,0.0958,-0.0459,0.3544,0.2391,0.5226,0.4094,0.1928,-0.7946,0.1027,多周期共振看空 ⬇⬇⬇,-0.682,-0.5994,-0.5625
600320,振华重工,131.42,True,3.97,4.25,0,-1.39,-9.05,-5.02,-6.57,0.0,2026-07-13,2026-07-13,26.6,0.0864,0.244,0.3553,0.3494,0.3688,0.4078,0.1927,-0.7865,0.1068,多周期共振看空 ⬇⬇⬇,-0.9115,-0.6098,-0.3375
600691,潞化科技,51.08,True,2.15,2.34,0,-3.05,-12.7,-7.46,-8.26,0.0,2026-07-13,2026-07-13,25.33,0.4667,-0.1707,0.4147,0.4118,0.3407,0.3088,0.1925,-0.7751,0.1124,多周期共振看空 ⬇⬇⬇,-0.6636,-0.6398,-0.495
603895,天永智能,30.59,True,28.3,30.2,6,4.95,-16.4,-6.57,-6.3,0.0,2026-07-13,2026-07-13,35.3,0.137,-0.3187,0.5987,0.1547,0.5623,0.0021,0.1925,-0.3841,0.308,多周期共振看空 ⬇⬇⬇,-0.2852,-0.3297,-0.27
600558,大西洋,41.65,True,4.64,5.08,3,0.69,-9.87,-5.09,-8.69,0.0,2026-07-13,2026-07-13,20.83,0.6369,-0.4534,0.2745,0.4008,0.2407,0.5425,0.1922,-0.8269,0.0866,多周期共振看空 ⬇⬇⬇,-0.8112,-0.6271,-0.495
603023,威帝股份,19.2,True,3.44,3.74,0,-1.35,-14.43,-7.69,-8.01,0.0,2026-07-13,2026-07-13,28.81,0.1233,0.1384,0.4762,0.3293,0.4181,0.2063,0.1921,-0.6566,0.1717,多周期共振看空 ⬇⬇⬇,-0.5392,-0.486,-0.495
002599,盛通股份,20.34,True,5.11,5.36,0,-0.11,-14.26,-7.57,-4.73,0.0,2026-07-13,2026-07-13,37.21,-0.0486,0.1275,0.3985,0.251,0.6047,0.3358,0.1918,-0.8614,0.0693,多周期共振看空 ⬇⬇⬇,-0.6775,-0.75,-0.5625
002578,闽发铝业,24.8,True,2.88,3.27,0,-3.94,-13.49,-9.47,-12.01,0.0,2026-07-13,2026-07-13,11.39,0.7657,-0.1192,0.394,0.6117,0.0309,0.3433,0.1916,-0.7574,0.1213,多周期共振看空 ⬇⬇⬇,-0.8615,-0.5887,-0.3375
000409,云鼎科技,46.77,True,7.92,8.48,0,-2.69,-9.8,-6.36,-6.58,0.0,2026-07-13,2026-07-13,30.47,0.0775,0.019,0.3278,0.2541,0.4549,0.4537,0.1916,-0.7827,0.1087,多周期共振看空 ⬇⬇⬇,-0.7,-0.5578,-0.5625
603926,铁流股份,37.67,True,16.32,18.22,3,3.95,-13.84,-7.25,-10.42,0.0,2026-07-13,2026-07-13,36.79,0.3499,-0.3718,0.642,0.2612,0.5954,0.0,0.1913,-0.6023,0.1989,多周期共振看空 ⬇⬇⬇,-0.7713,-0.3251,-0.3375
600592,龙溪股份,53.82,True,13.47,14.6,1,1.44,-22.34,-13.8,-7.71,0.0,2026-07-13,2026-07-13,41.98,0.328,-0.1975,0.7051,0.3178,0.7107,0.0,0.1913,-0.8312,0.0844,多周期共振看空 ⬇⬇⬇,-0.6775,-0.6837,-0.5625
002426,胜利精密,104.8,True,3.08,3.82,11,14.63,-19.34,0.25,-19.34,0.0,2026-07-13,2026-07-13,21.31,0.5262,-0.2778,0.6905,0.4046,0.2514,0.0,0.191,-0.4213,0.2893,多周期共振看空 ⬇⬇⬇,-0.153,-0.4122,-0.3825
600326,西藏天路,83.38,True,6.12,6.7,0,-3.23,-11.49,-7.35,-8.6,0.0,2026-07-13,2026-07-13,26.84,-0.185,0.3792,0.3164,0.3517,0.3743,0.4727,0.1909,-0.8625,0.0687,多周期共振看空 ⬇⬇⬇,-0.691,-0.7408,-0.5625
600774,汉商集团,18.87,True,6.4,6.61,0,-0.56,-9.84,-5.5,-3.14,0.0,2026-07-13,2026-07-13,36.4,-0.3296,0.2401,0.4394,0.296,0.5867,0.2677,0.1909,-0.8649,0.0675,多周期共振看空 ⬇⬇⬇,-0.6865,-0.75,-0.5625
600686,金龙汽车,75.72,True,10.56,11.98,1,1.77,-11.84,-5.5,-11.84,0.0,2026-07-13,2026-07-13,30.72,0.1574,0.8662,0.545,0.4944,0.4604,0.0917,0.1909,-0.8895,0.0553,多周期共振看空 ⬇⬇⬇,-0.8714,-0.7131,-0.495
000590,古汉医药,19.12,True,7.99,8.63,0,-3.69,-11.47,-7.16,-7.37,0.0,2026-07-13,2026-07-13,27.59,-0.7699,0.5535,0.3706,0.4,0.3908,0.3823,0.1909,-0.8875,0.0563,多周期共振看空 ⬇⬇⬇,-0.7875,-0.7131,-0.5625
601992,金隅集团,113.34,True,1.36,1.41,0,-1.23,-10.8,-5.71,-3.51,0.0,2026-07-13,2026-07-13,33.33,-0.1005,-0.1314,0.2439,0.1474,0.5185,0.5935,0.1908,-0.8066,0.0967,多周期共振看空 ⬇⬇⬇,-0.648,-0.7223,-0.495
002164,宁波东力,50.47,True,10.52,12.13,1,0.17,-13.25,-6.03,-13.25,0.0,2026-07-13,2026-07-13,30.88,0.6558,-0.6745,0.5696,0.3935,0.464,0.0506,0.1907,-0.7013,0.1493,多周期共振看空 ⬇⬇⬇,-0.5531,-0.5048,-0.5625
600980,北矿科技,31.44,True,16.61,19.39,2,3.1,-14.33,-5.54,-14.33,0.0,2026-07-13,2026-07-13,18.93,0.766,-0.3039,0.4311,0.5381,0.1985,0.2816,0.1906,-0.7997,0.1002,多周期共振看空 ⬇⬇⬇,-0.6399,-0.6467,-0.5625
000889,中嘉博创,25.92,True,2.98,3.45,3,10.81,-14.72,-7.62,-13.54,0.0,2026-07-13,2026-07-13,12.5,0.7297,-0.0564,0.7141,0.6153,0.0556,0.0,0.1906,-0.5267,0.2367,多周期共振看空 ⬇⬇⬇,-0.4912,-0.309,-0.4275
000852,石化机械,46.28,True,4.87,5.17,0,-3.26,-10.51,-6.69,-5.88,0.0,2026-07-13,2026-07-13,23.36,-0.429,0.3573,0.2563,0.3429,0.297,0.5728,0.1902,-0.8415,0.0792,多周期共振看空 ⬇⬇⬇,-0.691,-0.6946,-0.5625
603028,赛福天,17.71,True,6.23,6.85,0,-3.4,-12.39,-8.37,-9.02,0.0,2026-07-13,2026-07-13,28.78,-0.1683,0.3873,0.4396,0.3549,0.4174,0.2673,0.1901,-0.7615,0.1193,多周期共振看空 ⬇⬇⬇,-0.6865,-0.5902,-0.495
600389,江山股份,80.96,True,18.8,20.4,0,-2.89,-15.27,-9.4,-7.86,0.0,2026-07-13,2026-07-13,24.81,-0.527,2.7017,0.5021,0.4,0.3292,0.1631,0.1901,-0.6446,0.1777,多周期共振看空 ⬇⬇⬇,-0.5705,-0.5902,-0.3375
600986,浙文互联,97.13,True,6.53,7.22,0,-2.41,-14.03,-9.16,-9.59,0.0,2026-07-13,2026-07-13,27.94,-0.2254,0.5098,0.4986,0.4,0.3987,0.169,0.1899,-0.7347,0.1326,多周期共振看空 ⬇⬇⬇,-0.616,-0.5917,-0.495
603161,科华控股,23.5,True,12.32,13.84,9,8.28,-10.98,-1.82,-10.98,0.0,2026-07-13,2026-07-13,18.56,0.6406,-0.4749,0.4332,0.3944,0.1901,0.278,0.1899,-0.5627,0.2187,多周期共振看空 ⬇⬇⬇,-0.4211,-0.5382,-0.3375
002090,金智科技,34.12,True,8.57,9.16,2,3.02,-12.78,-5.46,-6.41,0.0,2026-07-13,2026-07-13,32.13,0.3647,-0.0298,0.5235,0.4069,0.4918,0.1275,0.1896,-0.8267,0.0867,多周期共振看空 ⬇⬇⬇,-0.6315,-0.7131,-0.5625
002459,晶澳科技,232.47,True,7.03,8.11,2,7.24,-13.36,-5.16,-13.36,0.0,2026-07-13,2026-07-13,35.56,0.5775,-0.2145,0.589,0.4607,0.5679,0.0183,0.1895,-0.9173,0.0413,多周期共振看空 ⬇⬇⬇,-0.8207,-0.75,-0.5625
002476,新叶股份,26.32,True,4.3,4.94,5,2.93,-12.94,-4.84,-12.94,0.0,2026-07-13,2026-07-13,15.88,0.4854,0.1204,0.3982,0.5394,0.1307,0.3363,0.1895,-0.7726,0.1137,多周期共振看空 ⬇⬇⬇,-0.7782,-0.5359,-0.495
603077,和邦生物,183.7,True,2.08,2.32,3,2.54,-10.5,-3.28,-10.5,0.0,2026-07-13,2026-07-13,19.64,0.5257,-0.0881,0.4456,0.4802,0.2143,0.2574,0.1894,-0.716,0.142,多周期共振看空 ⬇⬇⬇,-0.8074,-0.544,-0.3375
000819,岳阳兴长,40.23,True,10.99,12.07,0,-7.19,-15.25,-10.03,-8.97,0.0,2026-07-13,2026-07-13,25.94,-0.1327,0.3645,0.3845,0.3458,0.3543,0.3591,0.1894,-0.7507,0.1246,多周期共振看空 ⬇⬇⬇,-0.5705,-0.5983,-0.5625
002526,山东矿机,43.75,True,2.47,2.65,0,-2.53,-12.37,-7.05,-6.88,0.0,2026-07-13,2026-07-13,31.25,-0.3764,0.2412,0.3473,0.2965,0.4722,0.4212,0.1894,-0.8632,0.0684,多周期共振看空 ⬇⬇⬇,-0.682,-0.75,-0.5625
600610,中毅达,42.88,True,6.05,6.81,0,-0.69,-12.74,-8.51,-11.13,0.0,2026-07-13,2026-07-13,19.49,0.8146,-0.5581,0.3781,0.4887,0.2108,0.3698,0.1893,-0.8165,0.0917,多周期共振看空 ⬇⬇⬇,-0.6701,-0.6576,-0.5625
603617,君禾股份,23.78,True,6.15,7.04,7,5.28,-12.69,-2.85,-12.69,0.0,2026-07-13,2026-07-13,24.41,0.3954,0.0265,0.4669,0.4478,0.3202,0.2219,0.1893,-0.7643,0.1179,多周期共振看空 ⬇⬇⬇,-0.6271,-0.5798,-0.5625
000903,ST云动,32.64,True,1.7,1.88,11,8.89,-9.6,-0.33,-9.6,0.0,2026-07-13,2026-07-13,30.88,0.401,-0.3753,0.4573,0.2905,0.4641,0.2379,0.1892,-0.6982,0.1509,多周期共振看空 ⬇⬇⬇,-0.2806,-0.7315,-0.5625
603767,中马传动,42.62,True,13.81,15.05,2,0.89,-20.04,-9.62,-8.24,0.0,2026-07-13,2026-07-13,34.01,0.2906,-0.1753,0.5247,0.3042,0.5335,0.1255,0.1892,-0.7139,0.1431,多周期共振看空 ⬇⬇⬇,-0.475,-0.5994,-0.5625
002197,证通电子,28.78,True,5.39,5.93,0,-0.85,-13.12,-6.21,-9.18,0.0,2026-07-13,2026-07-13,29.1,0.1539,0.3221,0.4649,0.4212,0.4244,0.2252,0.1891,-0.8506,0.0747,多周期共振看空 ⬇⬇⬇,-0.682,-0.7223,-0.5625
600501,航天晨光,60.88,True,14.23,15.89,0,-1.56,-11.97,-8.45,-10.43,0.0,2026-07-13,2026-07-13,37.1,-0.318,2.943,0.6225,0.4,0.6023,0.0,0.1891,-0.8499,0.0751,多周期共振看空 ⬇⬇⬇,-0.691,-0.7131,-0.5625
000546,金圆股份,30.1,True,4.32,5.0,2,3.52,-13.53,-5.39,-13.53,0.0,2026-07-13,2026-07-13,22.29,0.6815,-0.3235,0.5742,0.4795,0.273,0.043,0.189,-0.6171,0.1915,多周期共振看空 ⬇⬇⬇,-0.6305,-0.4783,-0.3375
603280,南方路机,26.23,True,24.2,26.05,0,-0.01,-8.61,-5.01,-7.09,0.0,2026-07-13,2026-07-13,29.91,0.3415,-0.1872,0.3627,0.33,0.4425,0.3955,0.1888,-0.8649,0.0675,多周期共振看空 ⬇⬇⬇,-0.6865,-0.75,-0.5625
000403,派林生物,86.64,True,9.21,9.68,0,-1.09,-22.46,-11.61,-4.84,0.0,2026-07-13,2026-07-13,42.03,-0.1583,0.1817,0.5861,0.2727,0.7118,0.0231,0.1888,-0.7988,0.1006,多周期共振看空 ⬇⬇⬇,-0.562,-0.7113,-0.5625
002888,惠威科技,12.59,True,16.8,20.56,12,15.8,-18.3,0.66,-18.3,0.0,2026-07-13,2026-07-13,19.09,0.3432,-0.0411,0.6471,0.3895,0.202,0.0,0.1888,-0.3547,0.3226,多周期共振看空 ⬇⬇⬇,-0.183,-0.2403,-0.3825
002513,蓝丰生化,13.15,True,4.55,4.97,0,-2.7,-11.29,-7.73,-8.41,0.0,2026-07-13,2026-07-13,27.5,0.6637,-0.7297,0.4183,0.3982,0.3889,0.3028,0.1888,-0.8355,0.0822,多周期共振看空 ⬇⬇⬇,-0.665,-0.7038,-0.5625
002224,三 力 士,26.13,True,3.24,3.4,0,-1.26,-8.08,-4.47,-4.59,0.0,2026-07-13,2026-07-13,30.95,-0.1812,0.0795,0.2931,0.2318,0.4656,0.5115,0.1888,-0.8285,0.0857,多周期共振看空 ⬇⬇⬇,-0.6253,-0.7223,-0.5625
603826,坤彩科技,140.41,True,16.37,20.33,3,3.45,-20.42,-10.06,-19.48,0.0,2026-07-13,2026-07-13,20.58,-0.1851,-0.0372,0.5473,0.1851,0.2351,0.0878,0.1887,-0.1392,0.4304,月线看多，中短期调整中,-0.7057,-0.2379,0.18
605488,福莱新材,76.42,True,27.69,31.05,3,6.92,-19.8,-7.21,-10.82,0.0,2026-07-13,2026-07-13,42.48,0.1965,-0.3456,0.8752,0.1797,0.7218,0.0,0.1885,-0.646,0.177,多周期共振看空 ⬇⬇⬇,-0.6026,-0.4082,-0.495
600800,渤海化学,33.51,True,3.02,3.28,0,-3.04,-12.36,-9.14,-7.88,0.0,2026-07-13,2026-07-13,28.69,-0.1985,1.0773,0.5027,0.4,0.4153,0.1622,0.1885,-0.7598,0.1201,多周期共振看空 ⬇⬇⬇,-0.625,-0.6392,-0.495
000637,茂化实华,12.69,True,3.48,3.65,0,-3.23,-11.38,-7.47,-4.7,0.0,2026-07-13,2026-07-13,27.27,0.1373,0.0206,0.3268,0.2907,0.3838,0.4554,0.1884,-0.783,0.1085,多周期共振看空 ⬇⬇⬇,-0.6865,-0.6375,-0.495
002381,双箭股份,16.65,True,5.17,5.33,2,0.65,-6.74,-3.76,-2.97,0.0,2026-07-13,2026-07-13,34.65,-0.1092,-0.1623,0.2669,0.1351,0.5479,0.5551,0.1882,-0.8119,0.0941,多周期共振看空 ⬇⬇⬇,-0.5935,-0.7131,-0.5625
002298,中电鑫龙,43.94,True,6.65,7.64,0,-5.17,-18.96,-9.4,-13.0,0.0,2026-07-13,2026-07-13,22.0,0.4568,0.1928,0.4614,0.5512,0.2667,0.2309,0.1882,-0.8814,0.0593,多周期共振看空 ⬇⬇⬇,-0.916,-0.5895,-0.5625
002374,中锐股份,30.6,True,2.82,3.24,8,5.84,-12.91,-3.79,-12.91,0.0,2026-07-13,2026-07-13,24.26,0.6705,-0.5978,0.6029,0.4023,0.317,0.0,0.1881,-0.5192,0.2404,多周期共振看空 ⬇⬇⬇,-0.4538,-0.4147,-0.3375
603041,美思德,18.66,True,10.19,10.74,0,-2.96,-10.16,-6.86,-5.17,0.0,2026-07-13,2026-07-13,26.25,0.2525,-0.3767,0.2661,0.2009,0.3611,0.5564,0.1879,-0.6964,0.1518,多周期共振看空 ⬇⬇⬇,-0.673,-0.4587,-0.495
002537,海联金汇,60.06,True,5.13,5.56,0,-3.01,-10.66,-6.29,-7.78,0.0,2026-07-13,2026-07-13,24.84,0.2444,0.1888,0.378,0.4221,0.3298,0.37,0.1878,-0.8649,0.0675,多周期共振看空 ⬇⬇⬇,-0.6865,-0.75,-0.5625
000837,秦川机床,97.72,True,9.7,11.42,6,4.26,-15.07,-3.82,-15.07,0.0,2026-07-13,2026-07-13,32.22,0.3717,-0.2863,0.6296,0.3085,0.4937,0.0,0.1878,-0.5838,0.2081,多周期共振看空 ⬇⬇⬇,-0.4782,-0.3108,-0.5625
001216,华瓷股份,33.15,True,13.5,15.19,4,13.48,-11.13,-3.71,-11.13,0.0,2026-07-13,2026-07-13,10.22,0.75,0.0857,0.6443,0.6843,0.0048,0.0,0.1877,-0.5992,0.2004,多周期共振看空 ⬇⬇⬇,-0.5638,-0.4962,-0.3375
002247,聚力文化,13.32,True,2.07,2.2,0,-2.05,-10.1,-6.69,-5.91,0.0,2026-07-13,2026-07-13,27.42,0.0623,0.3557,0.3897,0.3797,0.3871,0.3505,0.1875,-0.8523,0.0739,多周期共振看空 ⬇⬇⬇,-0.6865,-0.7223,-0.5625
002933,新兴装备,29.3,True,25.1,27.08,1,0.8,-10.12,-4.17,-7.32,0.0,2026-07-13,2026-07-13,31.31,0.1247,0.1573,0.4311,0.3377,0.4736,0.2815,0.1874,-0.8348,0.0826,多周期共振看空 ⬇⬇⬇,-0.6093,-0.75,-0.5625
003040,楚天龙,45.82,True,10.03,11.02,0,-3.71,-12.91,-8.33,-9.01,0.0,2026-07-13,2026-07-13,24.1,0.0862,0.6934,0.3987,0.4517,0.3134,0.3356,0.1874,-0.8684,0.0658,多周期共振看空 ⬇⬇⬇,-0.6955,-0.75,-0.5625
002855,捷荣技术,22.06,True,8.96,9.81,0,-2.95,-12.38,-8.56,-8.66,0.0,2026-07-13,2026-07-13,28.01,0.3201,0.0242,0.4447,0.4017,0.4003,0.2588,0.187,-0.8338,0.0831,多周期共振看空 ⬇⬇⬇,-0.682,-0.6854,-0.5625
002372,伟星新材,110.46,True,7.51,8.39,0,-1.39,-10.53,-6.58,-10.53,0.0,2026-07-13,2026-07-13,25.12,-0.416,3.7172,0.336,0.4,0.3359,0.4401,0.187,-0.8992,0.0504,多周期共振看空 ⬇⬇⬇,-0.907,-0.7038,-0.495
002097,山河智能,72.72,True,6.78,7.48,0,-3.96,-11.39,-7.11,-9.41,0.0,2026-07-13,2026-07-13,24.76,-0.4411,0.3749,0.2972,0.3499,0.328,0.5046,0.1869,-0.8618,0.0691,多周期共振看空 ⬇⬇⬇,-0.7,-0.7315,-0.5625
601026,道生天合,14.79,True,13.31,14.61,0,-0.01,-14.06,-5.84,-8.91,0.0,2026-07-13,2026-07-13,28.41,0.2569,-0.1995,0.3582,0.2743,0.4091,0.403,0.1868,-0.7579,0.121,周线日线共振看空,-0.8435,-0.45,
002857,三晖电气,19.11,True,14.86,16.86,0,-0.09,-16.52,-6.49,-11.85,0.0,2026-07-13,2026-07-13,25.24,0.4529,-0.0273,0.4907,0.4608,0.3387,0.1821,0.1868,-0.7949,0.1025,多周期共振看空 ⬇⬇⬇,-0.6039,-0.6669,-0.5625
002630,*ST华西,18.09,True,1.68,1.81,9,12.88,-9.29,-0.45,-7.11,0.0,2026-07-13,2026-07-13,23.4,0.6598,-0.511,0.4717,0.3959,0.2979,0.2139,0.1867,-0.6686,0.1657,多周期共振看空 ⬇⬇⬇,-0.2272,-0.7122,-0.5625
002165,红 宝 丽,39.8,True,5.47,6.57,7,6.47,-18.27,-5.62,-16.76,0.0,2026-07-13,2026-07-13,16.11,0.9062,-0.307,0.6417,0.6209,0.1357,0.0,0.1867,-0.6629,0.1685,多周期共振看空 ⬇⬇⬇,-0.5441,-0.4956,-0.495
000599,青岛双星,34.71,True,4.25,4.43,0,-1.83,-10.96,-7.25,-4.14,0.0,2026-07-13,2026-07-13,32.71,-0.0642,-0.0945,0.2815,0.1622,0.5047,0.5308,0.1866,-0.7969,0.1015,多周期共振看空 ⬇⬇⬇,-0.616,-0.6609,-0.5625
603048,浙江黎明,24.97,True,17.0,18.65,1,0.52,-9.39,-4.66,-8.84,0.0,2026-07-13,2026-07-13,30.03,0.2558,-0.559,0.3993,0.1535,0.4452,0.3345,0.1865,-0.5553,0.2223,多周期共振看空 ⬇⬇⬇,-0.561,-0.4021,-0.3375
002405,四维图新,147.94,True,6.28,6.74,0,-1.79,-14.98,-10.64,-6.76,0.0,2026-07-13,2026-07-13,32.24,0.0838,0.0179,0.3778,0.2574,0.4943,0.3703,0.1864,-0.8101,0.0949,多周期共振看空 ⬇⬇⬇,-0.7,-0.6854,-0.495
600869,远东股份,453.41,True,20.43,30.52,13,30.63,-33.06,4.69,-33.06,0.0,2026-07-13,2026-07-13,10.35,0.0886,-0.2746,0.7749,0.1433,0.0078,0.0,0.1862,0.2507,0.6253,上升趋势中的日线回调（关注买点）,-0.2893,0.6406,0.45
600446,金证股份,91.77,True,9.75,10.74,0,-3.81,-15.07,-9.12,-9.26,0.0,2026-07-13,2026-07-13,27.45,0.485,0.1121,0.6475,0.5358,0.3877,0.0,0.1861,-0.8338,0.0831,多周期共振看空 ⬇⬇⬇,-0.682,-0.6854,-0.5625
603586,金麒麟,24.53,True,12.51,13.82,3,10.58,-24.99,-11.84,-9.46,0.0,2026-07-13,2026-07-13,32.24,0.5941,-0.3819,0.6297,0.4037,0.4943,0.0,0.186,-0.7512,0.1244,多周期共振看空 ⬇⬇⬇,-0.5395,-0.626,-0.5625
002632,道明光学,48.94,True,8.52,9.27,0,-0.33,-11.53,-6.13,-8.05,0.0,2026-07-13,2026-07-13,31.47,-0.0103,1.4526,0.5847,0.4,0.4771,0.0255,0.1858,-0.7467,0.1266,多周期共振看空 ⬇⬇⬇,-0.6442,-0.5939,-0.495
002438,江苏神通,59.45,True,12.68,14.55,0,-3.07,-12.85,-6.85,-12.85,0.0,2026-07-13,2026-07-13,20.64,0.6974,-0.6263,0.4233,0.4184,0.2365,0.2944,0.1857,-0.7033,0.1483,多周期共振看空 ⬇⬇⬇,-0.6719,-0.6324,-0.3375
002969,嘉美包装,130.31,True,11.93,14.13,0,-6.12,-21.41,-12.07,-15.59,0.0,2026-07-13,2026-07-13,22.67,0.6598,-0.6315,0.4744,0.3959,0.2815,0.2093,0.1855,-0.6545,0.1728,多周期共振看空 ⬇⬇⬇,-0.5172,-0.6577,-0.3375
001278,一彬科技,12.34,True,14.47,15.96,0,-2.47,-13.86,-7.76,-9.33,0.0,2026-07-13,2026-07-13,24.95,0.4325,-0.2294,0.3909,0.3678,0.3323,0.3486,0.1854,-0.783,0.1085,多周期共振看空 ⬇⬇⬇,-0.6865,-0.6375,-0.495
003023,彩虹集团,19.56,True,18.61,20.45,0,-2.02,-13.82,-9.71,-8.99,0.0,2026-07-13,2026-07-13,25.0,-0.069,-0.0624,0.3685,0.175,0.3333,0.3859,0.1854,-0.5056,0.2472,多周期共振看空 ⬇⬇⬇,-0.6685,-0.2682,-0.27
000952,广济药业,18.95,True,5.51,5.75,0,-2.56,-11.22,-6.88,-4.21,0.0,2026-07-13,2026-07-13,32.35,-0.1232,0.2532,0.4495,0.3013,0.4967,0.2508,0.1852,-0.7968,0.1016,多周期共振看空 ⬇⬇⬇,-0.616,-0.6606,-0.5625
600148,长春一东,19.87,True,14.04,15.15,0,-1.19,-9.86,-5.99,-7.33,0.0,2026-07-13,2026-07-13,27.54,0.3705,-0.2765,0.3548,0.3117,0.3898,0.4086,0.185,-0.8132,0.0934,多周期共振看空 ⬇⬇⬇,-0.6865,-0.6363,-0.5625
002724,海洋王,26.8,True,4.72,4.96,1,0.05,-7.72,-4.43,-4.91,0.0,2026-07-13,2026-07-13,33.07,0.2657,-0.3805,0.3264,0.2072,0.5127,0.456,0.185,-0.8312,0.0844,多周期共振看空 ⬇⬇⬇,-0.6323,-0.7223,-0.5625
601106,中国一重,198.19,True,2.89,3.28,0,-3.23,-11.93,-6.82,-11.93,0.0,2026-07-13,2026-07-13,21.88,-0.6012,0.6958,0.3644,0.4,0.2639,0.3926,0.1849,-0.7919,0.104,多周期共振看空 ⬇⬇⬇,-0.8615,-0.6645,-0.3375
002796,世嘉科技,70.73,True,31.06,37.88,0,-2.18,-18.01,-10.64,-18.01,0.0,2026-07-13,2026-07-13,26.32,0.2603,-0.254,0.6185,0.2546,0.3628,0.0,0.1846,-0.3663,0.3168,月线震荡，中短期走弱,-0.6407,-0.544,-0.138
601399,国机重装,220.73,True,3.06,3.45,0,-1.21,-11.32,-5.73,-11.32,0.0,2026-07-13,2026-07-13,26.5,0.0064,0.4077,0.3964,0.3669,0.3666,0.3393,0.1845,-0.8224,0.0888,多周期共振看空 ⬇⬇⬇,-0.8615,-0.7315,-0.3375
001368,通达创智,22.09,True,20.44,21.49,0,-0.13,-10.7,-6.77,-4.89,0.0,2026-07-13,2026-07-13,36.94,-0.0962,-0.3313,0.3312,0.0675,0.5986,0.448,0.1844,-0.7092,0.1454,多周期共振看空 ⬇⬇⬇,-0.6775,-0.483,-0.495
603806,福斯特,353.49,True,13.55,15.95,6,2.02,-15.06,-4.86,-15.06,0.0,2026-07-13,2026-07-13,25.61,0.4656,-0.193,0.658,0.4021,0.347,0.0,0.1844,-0.585,0.2075,多周期共振看空 ⬇⬇⬇,-0.584,-0.5152,-0.27
002863,今飞凯达,25.06,True,4.18,4.43,0,-1.98,-10.18,-6.24,-5.74,0.0,2026-07-13,2026-07-13,31.09,-0.2258,0.0432,0.2946,0.2173,0.4687,0.5091,0.1842,-0.8439,0.0781,多周期共振看空 ⬇⬇⬇,-0.6865,-0.7038,-0.5625
002205,国统股份,18.16,True,9.77,10.58,0,-0.12,-13.25,-8.7,-7.7,0.0,2026-07-13,2026-07-13,30.84,-0.3022,0.3141,0.4586,0.3257,0.4632,0.2356,0.1841,-0.7929,0.1035,多周期共振看空 ⬇⬇⬇,-0.6451,-0.6271,-0.5625
000890,法尔胜,28.61,True,6.82,8.2,0,-1.61,-18.38,-13.33,-16.81,0.0,2026-07-13,2026-07-13,28.63,0.1734,-0.6961,0.7065,0.104,0.414,0.0,0.1837,-0.1933,0.4033,月线看多，中短期调整中,-0.8073,-0.4087,0.18
603348,文灿股份,41.13,True,13.08,13.95,0,-1.76,-12.44,-6.92,-6.21,0.0,2026-07-13,2026-07-13,29.25,0.2013,-0.077,0.3385,0.29,0.4278,0.4358,0.1837,-0.8565,0.0717,多周期共振看空 ⬇⬇⬇,-0.6865,-0.7315,-0.5625
002421,达实智能,58.1,True,2.9,3.55,1,6.32,-23.27,-15.94,-18.41,0.0,2026-07-13,2026-07-13,13.16,0.5783,-0.764,0.7482,0.347,0.0702,0.0,0.1837,-0.1695,0.4153,多周期方向不一致，观望,-0.5121,-0.1187,-0.1873
600293,三峡新材,29.12,True,2.51,3.07,7,9.53,-23.28,-9.94,-18.2,0.0,2026-07-13,2026-07-13,19.9,0.8972,-0.5263,0.8823,0.5383,0.22,0.0,0.1837,-0.656,0.172,多周期共振看空 ⬇⬇⬇,-0.459,-0.5533,-0.495
603113,金能科技,34.45,True,4.06,4.38,0,-3.73,-12.56,-7.35,-7.35,0.0,2026-07-13,2026-07-13,25.38,-0.6594,0.3782,0.3503,0.3513,0.3419,0.4161,0.1836,-0.8366,0.0817,多周期共振看空 ⬇⬇⬇,-0.7,-0.6762,-0.5625
601279,英利汽车,47.26,True,2.98,3.14,0,-3.72,-9.96,-6.37,-4.96,0.0,2026-07-13,2026-07-13,26.09,-0.4894,0.2112,0.2809,0.2845,0.3575,0.5319,0.1836,-0.8409,0.0796,多周期共振看空 ⬇⬇⬇,-0.625,-0.75,-0.5625
001335,信凯科技,8.18,True,32.03,41.91,6,4.32,-24.7,-8.47,-23.57,0.0,2026-07-13,2026-07-13,21.74,0.1995,0.1831,0.6061,0.3929,0.2608,0.0,0.1834,-0.4747,0.2626,多周期共振看空 ⬇⬇⬇,-0.5917,-0.3111,-0.225
600218,全柴动力,30.8,True,7.07,7.51,0,-3.15,-8.81,-5.78,-5.88,0.0,2026-07-13,2026-07-13,28.95,-0.2007,0.14,0.2941,0.256,0.4211,0.5098,0.1834,-0.8558,0.0721,多周期共振看空 ⬇⬇⬇,-0.6955,-0.7223,-0.5625
600319,亚星化学,22.41,True,5.78,6.45,0,-3.82,-10.36,-6.68,-10.36,0.0,2026-07-13,2026-07-13,19.16,-0.3946,1.3061,0.3215,0.4,0.2036,0.4642,0.1834,-0.7881,0.1059,多周期共振看空 ⬇⬇⬇,-0.6221,-0.6363,-0.5625
603616,韩建河山,19.71,True,5.13,5.97,6,5.87,-14.13,-3.76,-14.13,0.0,2026-07-13,2026-07-13,26.73,0.632,-0.7418,0.7471,0.3792,0.3718,0.0,0.1832,-0.5871,0.2065,多周期共振看空 ⬇⬇⬇,-0.4661,-0.5533,-0.3375
601065,江盐集团,43.52,True,6.77,6.86,0,-0.54,-9.29,-4.59,-1.36,0.0,2026-07-13,2026-07-13,36.97,-0.2474,-0.4424,0.222,0.023,0.5994,0.6301,0.1831,-0.7956,0.1022,多周期共振看空 ⬇⬇⬇,-0.5303,-0.7315,-0.5625
600996,贵广网络,80.67,True,6.47,7.62,2,5.71,-25.23,-11.32,-15.11,0.0,2026-07-13,2026-07-13,21.96,0.5812,0.092,0.7337,0.5855,0.2657,0.0,0.183,-0.7915,0.1043,多周期共振看空 ⬇⬇⬇,-0.7245,-0.5561,-0.5625
605333,沪光股份,74.66,True,16.09,17.46,0,-0.4,-12.43,-7.37,-7.83,0.0,2026-07-13,2026-07-13,34.21,-0.4208,0.1714,0.4125,0.2686,0.5381,0.3125,0.183,-0.8614,0.0693,多周期共振看空 ⬇⬇⬇,-0.6775,-0.75,-0.5625
002094,青岛金王,29.28,True,4.24,4.52,0,-3.82,-11.13,-6.76,-6.23,0.0,2026-07-13,2026-07-13,25.93,0.0965,0.1885,0.3209,0.3333,0.3539,0.4652,0.1829,-0.8667,0.0666,多周期共振看空 ⬇⬇⬇,-0.691,-0.75,-0.5625
601778,晶科科技,136.26,True,3.66,4.34,0,-9.95,-18.25,-13.43,-15.73,0.0,2026-07-13,2026-07-13,19.75,0.4743,-0.1973,0.4768,0.4057,0.2166,0.2053,0.1826,-0.6122,0.1939,多周期共振看空 ⬇⬇⬇,-0.907,-0.3048,-0.2632
600992,贵绳股份,28.72,True,11.72,9.42,3,24.45,-17.92,-9.94,24.45,0.0493,2026-07-08,2026-07-13,69.53,0.2981,-0.4808,0.7438,0.1866,0.6772,0.0,0.1825,-0.7694,0.1153,多周期共振看空 ⬇⬇⬇,-0.4866,-0.7113,-0.5625
600331,宏达股份,200.76,True,9.88,11.64,0,-4.63,-16.15,-10.19,-15.09,0.0,2026-07-13,2026-07-13,25.51,0.0329,0.4124,0.5234,0.3847,0.3447,0.1277,0.1825,-0.6713,0.1643,多周期共振看空 ⬇⬇⬇,-0.682,-0.5533,-0.3375
002836,新宏泽,20.69,True,8.98,9.69,0,-2.94,-10.47,-7.21,-7.32,0.0,2026-07-13,2026-07-13,27.15,0.0161,0.2421,0.3417,0.3065,0.3811,0.4304,0.1825,-0.8318,0.0841,多周期共振看空 ⬇⬇⬇,-0.691,-0.7408,-0.495
002692,远程股份,25.69,True,3.58,3.88,0,-3.21,-14.0,-8.33,-7.66,0.0,2026-07-13,2026-07-13,29.69,0.2571,-0.1539,0.401,0.2927,0.4375,0.3317,0.1819,-0.8037,0.0982,多周期共振看空 ⬇⬇⬇,-0.691,-0.6115,-0.5625
002802,洪汇新材,15.31,True,10.23,11.08,0,-3.13,-11.2,-7.38,-7.65,0.0,2026-07-13,2026-07-13,24.43,0.2244,-0.0577,0.3758,0.3116,0.3206,0.3737,0.1818,-0.7276,0.1362,多周期共振看空 ⬇⬇⬇,-0.7,-0.4366,-0.5625
603633,徕木股份,25.78,True,6.04,7.17,1,0.02,-16.59,-9.05,-15.72,0.0,2026-07-13,2026-07-13,24.71,0.7364,-0.3593,0.6266,0.4981,0.3269,0.0,0.1816,-0.7365,0.1317,多周期共振看空 ⬇⬇⬇,-0.5436,-0.5902,-0.5625
002565,顺灏股份,106.42,True,10.04,12.14,0,-5.41,-17.97,-11.58,-17.3,0.0,2026-07-13,2026-07-13,31.91,0.1268,0.1722,0.6305,0.3449,0.487,0.0,0.1814,-0.6853,0.1573,多周期共振看空 ⬇⬇⬇,-0.866,-0.4263,-0.3375
600764,中国海防,123.44,True,17.37,18.27,2,0.23,-10.87,-5.57,-4.95,0.0,2026-07-13,2026-07-13,39.32,-0.0207,-0.0823,0.4116,0.1671,0.6515,0.3139,0.1813,-0.8502,0.0749,多周期共振看空 ⬇⬇⬇,-0.6487,-0.75,-0.5625
002074,国轩高科,427.93,True,24.64,27.74,0,-1.3,-13.75,-7.31,-11.17,0.0,2026-07-13,2026-07-13,16.04,0.567,0.0389,0.375,0.5558,0.1343,0.3751,0.1813,-0.9003,0.0499,多周期共振看空 ⬇⬇⬇,-0.8525,-0.6854,-0.5625
600230,沧州大化,51.87,True,12.53,13.91,3,3.79,-10.15,-4.58,-9.9,0.0,2026-07-13,2026-07-13,26.84,0.0485,0.4426,0.555,0.4061,0.3742,0.0751,0.1812,-0.7094,0.1453,多周期共振看空 ⬇⬇⬇,-0.6585,-0.6571,-0.3375
600847,万里股份,17.87,True,11.66,13.62,2,2.61,-14.39,-6.48,-14.39,0.0,2026-07-13,2026-07-13,11.11,0.7496,-0.4624,0.5054,0.4648,0.0247,0.1577,0.1808,-0.4532,0.2734,多周期共振看空 ⬇⬇⬇,-0.6032,-0.209,-0.27
600478,科力远,75.45,True,4.53,5.22,2,1.88,-13.27,-7.17,-13.27,0.0,2026-07-13,2026-07-13,12.67,0.6575,0.1484,0.4708,0.6539,0.0593,0.2153,0.1807,-0.8436,0.0782,多周期共振看空 ⬇⬇⬇,-0.8525,-0.6283,-0.495
002908,德生科技,19.89,True,6.18,6.65,0,-2.93,-10.21,-5.94,-7.1,0.0,2026-07-13,2026-07-13,28.64,-0.122,0.3493,0.3976,0.3397,0.4142,0.3373,0.1807,-0.8649,0.0675,多周期共振看空 ⬇⬇⬇,-0.6865,-0.75,-0.5625
600099,林海股份,17.51,True,7.99,8.39,0,-0.82,-10.3,-6.64,-4.72,0.0,2026-07-13,2026-07-13,35.36,-0.0418,-0.1154,0.3786,0.1538,0.5636,0.369,0.1805,-0.7737,0.1131,多周期共振看空 ⬇⬇⬇,-0.682,-0.5533,-0.5625
000619,海螺新材,15.52,True,4.31,4.59,0,-5.0,-12.31,-8.73,-6.11,0.0,2026-07-13,2026-07-13,24.59,0.181,0.0622,0.3261,0.3334,0.3242,0.4566,0.1805,-0.8442,0.0779,多周期共振看空 ⬇⬇⬇,-0.7,-0.6929,-0.5625
002176,江特电机,138.18,True,8.11,10.17,1,0.62,-20.22,-7.78,-20.22,0.0,2026-07-13,2026-07-13,18.08,0.7711,-0.5791,0.5433,0.4627,0.1795,0.0945,0.1804,-0.5877,0.2061,多周期共振看空 ⬇⬇⬇,-0.8255,-0.314,-0.27
002987,京北方,94.94,True,9.38,10.31,0,-1.9,-14.36,-8.14,-8.99,0.0,2026-07-13,2026-07-13,21.05,0.7806,-0.5437,0.3742,0.4684,0.2456,0.3764,0.1801,-0.9043,0.0479,多周期共振看空 ⬇⬇⬇,-0.7875,-0.75,-0.5625
600268,国电南自,104.09,True,10.25,11.63,0,-1.23,-12.36,-5.91,-11.9,0.0,2026-07-13,2026-07-13,15.11,0.2884,0.0922,0.3362,0.4099,0.1135,0.4397,0.18,-0.7037,0.1482,多周期共振看空 ⬇⬇⬇,-0.8525,-0.4783,-0.3375
002096,易普力,108.66,True,8.76,9.12,0,-3.32,-15.42,-7.64,-3.97,0.0,2026-07-13,2026-07-13,23.31,0.5588,-0.7041,0.3314,0.3353,0.2958,0.4476,0.18,-0.8094,0.0953,多周期共振看空 ⬇⬇⬇,-0.5442,-0.75,-0.5625
600883,博闻科技,16.12,True,6.83,7.29,0,-3.12,-9.64,-6.75,-6.28,0.0,2026-07-13,2026-07-13,26.21,-0.0863,0.1865,0.3446,0.2746,0.3603,0.4256,0.1797,-0.7747,0.1126,多周期共振看空 ⬇⬇⬇,-0.88,-0.4534,-0.495
605001,威奥股份,20.98,True,5.34,5.67,0,-1.29,-9.51,-5.82,-5.77,0.0,2026-07-13,2026-07-13,28.4,0.1826,-0.0476,0.3561,0.2905,0.4088,0.4065,0.1796,-0.8439,0.0781,多周期共振看空 ⬇⬇⬇,-0.6865,-0.7038,-0.5625
603960,克来机电,39.49,True,15.06,18.23,2,0.97,-17.38,-9.69,-17.38,0.0,2026-07-13,2026-07-13,19.9,0.7298,-0.2293,0.5901,0.5461,0.2201,0.0166,0.1795,-0.7154,0.1423,多周期共振看空 ⬇⬇⬇,-0.796,-0.5525,-0.3375
002122,ST汇洲,46.12,True,2.32,2.43,4,2.8,-14.89,-5.17,-4.49,0.0,2026-07-13,2026-07-13,42.39,-0.6179,-0.2391,0.4943,0.1043,0.7198,0.1761,0.1792,-0.7382,0.1309,多周期共振看空 ⬇⬇⬇,-0.4047,-0.7131,-0.5625
002483,润邦股份,43.29,True,4.89,5.1,1,0.23,-9.39,-5.11,-4.16,0.0,2026-07-13,2026-07-13,34.65,-0.1114,-0.2281,0.2719,0.1088,0.5477,0.5469,0.1791,-0.8363,0.0818,多周期共振看空 ⬇⬇⬇,-0.6454,-0.7223,-0.5625
000425,徐工机械,730.85,True,8.12,8.44,1,2.21,-11.02,-4.96,-3.83,0.0,2026-07-13,2026-07-13,43.27,0.0225,-0.58,0.4589,0.0135,0.7394,0.2351,0.1791,-0.6645,0.1678,多周期共振看空 ⬇⬇⬇,-0.3987,-0.5562,-0.5625
000488,ST晨鸣,32.87,True,1.94,2.02,1,0.73,-10.61,-4.56,-3.79,0.0,2026-07-13,2026-07-13,38.71,-0.4297,-0.6663,0.3612,0.0,0.638,0.3981,0.1791,-0.6513,0.1744,多周期共振看空 ⬇⬇⬇,-0.5756,-0.6006,-0.3375
603778,国晟科技,65.51,True,10.19,12.91,0,-1.95,-30.54,-20.0,-21.08,0.0,2026-07-13,2026-07-13,27.83,-0.0582,-0.2901,0.9003,0.084,0.3963,0.0,0.1791,-0.1773,0.4113,月线看多，中短期调整中,-0.6955,-0.4281,0.18
605378,野马电池,33.98,True,13.0,14.85,4,10.28,-13.26,-6.51,-12.46,0.0,2026-07-13,2026-07-13,11.84,0.7661,0.2559,0.5544,0.762,0.041,0.076,0.1789,-0.8978,0.0511,多周期共振看空 ⬇⬇⬇,-0.7925,-0.7315,-0.5625
002466,天齐锂业,673.08,True,45.61,59.33,7,6.64,-23.13,-3.76,-23.13,0.0,2026-07-13,2026-07-13,26.29,0.2816,-0.1539,0.7057,0.3074,0.362,0.0,0.1786,-0.4972,0.2514,多周期共振看空 ⬇⬇⬇,-0.6733,-0.2456,-0.27
600103,青山纸业,59.29,True,2.68,3.17,0,-3.75,-15.35,-10.49,-15.35,0.0,2026-07-13,2026-07-13,18.18,0.6922,-0.4746,0.4397,0.4255,0.1818,0.2672,0.1783,-0.686,0.157,多周期共振看空 ⬇⬇⬇,-0.8615,-0.3417,-0.4275
002104,恒宝股份,56.97,True,9.5,10.57,0,-2.79,-10.42,-6.89,-10.16,0.0,2026-07-13,2026-07-13,32.26,-0.4167,0.702,0.5574,0.4,0.4948,0.0709,0.1782,-0.8649,0.0675,多周期共振看空 ⬇⬇⬇,-0.6865,-0.75,-0.5625
001283,豪鹏科技,43.69,True,42.25,49.16,3,2.99,-15.89,-5.72,-14.06,0.0,2026-07-13,2026-07-13,28.06,0.4224,-0.3097,0.636,0.3296,0.4013,0.0,0.178,-0.5852,0.2074,多周期共振看空 ⬇⬇⬇,-0.5773,-0.2964,-0.495
001332,锡装股份,20.3,True,30.21,39.07,0,-0.87,-22.68,-11.35,-22.68,0.0,2026-07-13,2026-07-13,0.44,0.5599,-0.4694,0.3479,0.3481,0.0,0.4202,0.1779,-0.4698,0.2651,多周期共振看空 ⬇⬇⬇,-0.6795,-0.1802,-0.27
002514,*ST宝馨,11.69,True,2.11,2.41,0,-12.54,-35.18,-25.32,-12.54,0.0,2026-07-13,2026-07-13,31.11,0.0403,16.8627,0.7194,0.4242,0.4691,0.0,0.1778,-0.8196,0.0902,多周期共振看空 ⬇⬇⬇,-0.6025,-0.7223,-0.5625
002243,力合科创,75.02,True,6.23,6.8,0,-4.04,-19.43,-11.34,-8.34,0.0,2026-07-13,2026-07-13,22.63,0.6655,-0.6641,0.3867,0.3993,0.2807,0.3555,0.1777,-0.8383,0.0808,多周期共振看空 ⬇⬇⬇,-0.6955,-0.6837,-0.5625
002398,垒知集团,22.01,True,3.67,3.88,0,-3.15,-8.99,-5.96,-5.36,0.0,2026-07-13,2026-07-13,26.19,-0.0185,0.1206,0.2541,0.2483,0.3598,0.5765,0.1777,-0.8684,0.0658,多周期共振看空 ⬇⬇⬇,-0.6955,-0.75,-0.5625
000953,中哲精化,18.93,True,5.17,5.41,0,-2.94,-10.63,-7.23,-4.49,0.0,2026-07-13,2026-07-13,32.73,-0.0309,0.0396,0.3595,0.2159,0.5051,0.4008,0.1772,-0.8541,0.073,多周期共振看空 ⬇⬇⬇,-0.691,-0.7223,-0.5625
603897,长城科技,54.85,True,26.57,33.62,1,0.86,-23.89,-14.61,-20.96,0.0,2026-07-13,2026-07-13,30.41,-0.0398,-0.5168,0.8012,0.0,0.4536,0.0,0.1771,-0.1274,0.4363,月线看多，中短期调整中,-0.6064,-0.2667,0.18
001285,瑞立科密,16.3,True,39.27,42.35,1,0.03,-10.17,-5.13,-7.28,0.0,2026-07-13,2026-07-13,29.18,-0.0425,0.0284,0.3833,0.2114,0.4263,0.3612,0.1769,-0.7235,0.1382,周线日线共振看空,-0.7814,-0.45,
603829,洛凯股份,26.88,True,14.43,16.88,0,-4.31,-17.73,-13.02,-14.52,0.0,2026-07-13,2026-07-13,21.78,0.2971,0.0167,0.4843,0.3849,0.2618,0.1928,0.1768,-0.6699,0.165,多周期共振看空 ⬇⬇⬇,-0.7,-0.5348,-0.3375
603703,盛洋科技,38.68,True,9.32,10.98,0,-2.41,-15.15,-8.34,-15.15,0.0,2026-07-13,2026-07-13,25.21,0.3864,-0.0091,0.5967,0.4282,0.3379,0.0056,0.1768,-0.6804,0.1598,多周期共振看空 ⬇⬇⬇,-0.6305,-0.4599,-0.495
001212,中旗新材,63.89,True,36.75,45.27,0,-0.58,-18.82,-8.19,-18.82,0.0,2026-07-13,2026-07-13,14.19,0.6919,-0.0287,0.574,0.6037,0.0932,0.0434,0.1768,-0.6982,0.1509,多周期共振看空 ⬇⬇⬇,-0.8165,-0.3396,-0.495
600734,*ST实达,36.15,True,1.66,1.75,1,0.85,-21.42,-9.11,-5.39,0.0,2026-07-13,2026-07-13,39.56,0.3249,-0.2677,0.6346,0.2878,0.6569,0.0,0.1764,-0.838,0.081,多周期共振看空 ⬇⬇⬇,-0.6175,-0.75,-0.5625
002232,启明信息,56.42,True,13.81,14.44,3,1.25,-9.79,-4.37,-4.38,0.0,2026-07-13,2026-07-13,38.96,0.0339,-0.097,0.4851,0.1815,0.6435,0.1916,0.1763,-0.8054,0.0973,多周期共振看空 ⬇⬇⬇,-0.5984,-0.6946,-0.5625
603022,新通联,15.54,True,7.77,8.33,0,-4.28,-11.91,-8.42,-6.71,0.0,2026-07-13,2026-07-13,26.61,-0.1539,0.0775,0.3498,0.231,0.3692,0.4169,0.1762,-0.7365,0.1317,多周期共振看空 ⬇⬇⬇,-0.6775,-0.5429,-0.495
603596,伯特利,208.07,True,23.18,26.12,1,2.76,-16.82,-8.2,-11.25,0.0,2026-07-13,2026-07-13,35.91,-0.1935,0.2733,0.6589,0.3093,0.5757,0.0,0.1761,-0.7771,0.1114,多周期共振看空 ⬇⬇⬇,-0.637,-0.5994,-0.5625
600530,交大昂立,39.75,True,5.13,5.5,1,1.64,-17.18,-9.4,-6.72,0.0,2026-07-13,2026-07-13,36.89,0.1613,-0.4213,0.6158,0.1283,0.5974,0.0,0.176,-0.514,0.243,多周期共振看空 ⬇⬇⬇,-0.3943,-0.3867,-0.405
002045,国光电器,41.23,True,7.34,8.04,0,-4.32,-13.97,-7.53,-8.73,0.0,2026-07-13,2026-07-13,24.78,-0.275,0.2683,0.3087,0.3073,0.3285,0.4855,0.176,-0.8667,0.0666,多周期共振看空 ⬇⬇⬇,-0.691,-0.75,-0.5625
603172,万丰股份,21.31,True,15.98,17.4,0,-1.55,-10.57,-6.54,-8.17,0.0,2026-07-13,2026-07-13,27.3,0.4219,-0.345,0.4613,0.3152,0.3845,0.2312,0.1756,-0.7455,0.1272,多周期共振看空 ⬇⬇⬇,-0.8508,-0.5717,-0.3375
600682,南京新百,61.93,True,5.32,5.53,3,1.52,-10.73,-3.43,-3.72,0.0,2026-07-13,2026-07-13,35.55,0.209,-0.3816,0.4517,0.1727,0.5677,0.2472,0.1756,-0.7509,0.1245,多周期共振看空 ⬇⬇⬇,-0.4156,-0.7315,-0.5625
603042,华脉科技,23.36,True,11.19,14.23,7,9.83,-21.39,-6.09,-21.39,0.0,2026-07-13,2026-07-13,11.11,0.7624,-0.2156,0.7541,0.5712,0.0247,0.0,0.1755,-0.5395,0.2303,多周期共振看空 ⬇⬇⬇,-0.7182,-0.3001,-0.27
000555,神州信息,94.64,True,9.71,10.62,0,-3.32,-16.33,-8.58,-8.55,0.0,2026-07-13,2026-07-13,23.51,0.2009,0.096,0.3819,0.3589,0.3003,0.3635,0.1753,-0.8228,0.0886,多周期共振看空 ⬇⬇⬇,-0.682,-0.6612,-0.5625
600537,*ST亿晶,29.0,True,2.45,2.64,5,4.88,-16.71,-3.66,-7.27,0.0,2026-07-13,2026-07-13,39.36,0.2434,-0.61,0.5871,0.146,0.6525,0.0216,0.1753,-0.6317,0.1841,多周期共振看空 ⬇⬇⬇,-0.3808,-0.4994,-0.5625
601127,赛力斯,839.49,True,53.91,61.81,0,-4.23,-14.7,-10.64,-12.78,0.0,2026-07-13,2026-07-13,26.63,-0.2155,0.5035,0.4592,0.4,0.3696,0.2346,0.1751,-0.8702,0.0649,多周期共振看空 ⬇⬇⬇,-0.7,-0.75,-0.5625
002771,真视通,21.34,True,12.23,13.49,1,1.23,-18.69,-8.47,-9.32,0.0,2026-07-13,2026-07-13,32.77,0.4114,-0.5558,0.6095,0.2469,0.5061,0.0,0.175,-0.6021,0.199,多周期共振看空 ⬇⬇⬇,-0.3974,-0.4202,-0.5625
603578,三星新材,22.82,True,12.65,12.71,1,5.08,-13.47,-7.13,-0.51,0.0,2026-07-13,2026-07-13,38.55,-0.0376,-0.2707,0.7599,0.0917,0.6345,0.0,0.175,-0.5085,0.2458,多周期共振看空 ⬇⬇⬇,-0.3306,-0.4967,-0.3375
600894,广日股份,63.15,True,7.49,7.78,1,0.84,-5.61,-3.06,-3.7,0.0,2026-07-13,2026-07-13,34.08,-0.0678,-0.1432,0.3568,0.1427,0.5351,0.4054,0.1749,-0.7957,0.1022,多周期共振看空 ⬇⬇⬇,-0.6383,-0.6392,-0.5625
002454,松芝股份,40.62,True,4.63,5.03,0,-1.68,-13.78,-7.37,-7.96,0.0,2026-07-13,2026-07-13,26.62,-0.0535,0.0395,0.3677,0.2158,0.3693,0.3871,0.1748,-0.6999,0.1501,多周期共振看空 ⬇⬇⬇,-0.682,-0.4587,-0.495
002184,海得控制,21.37,True,8.89,9.8,1,1.08,-15.83,-9.03,-9.25,0.0,2026-07-13,2026-07-13,36.12,0.3203,-0.2546,0.5667,0.2903,0.5805,0.0555,0.1748,-0.8073,0.0963,多周期共振看空 ⬇⬇⬇,-0.6929,-0.6179,-0.5625
603869,ST智知,40.17,True,8.13,8.4,1,0.27,-15.74,-7.86,-3.23,0.0,2026-07-13,2026-07-13,41.27,-0.1218,-0.4163,0.4588,0.0335,0.6948,0.2353,0.1747,-0.678,0.161,多周期共振看空 ⬇⬇⬇,-0.595,-0.4852,-0.495
000681,视觉中国,119.54,True,17.68,20.19,3,4.64,-14.12,-6.25,-12.42,0.0,2026-07-13,2026-07-13,20.75,0.7115,-0.7649,0.5804,0.4269,0.2389,0.0327,0.1743,-0.6018,0.1991,多周期共振看空 ⬇⬇⬇,-0.5157,-0.3856,-0.495
600776,东方通信,115.39,True,12.07,13.79,3,2.63,-16.32,-7.7,-12.46,0.0,2026-07-13,2026-07-13,27.23,0.5548,-0.4303,0.6075,0.3608,0.3829,0.0,0.1741,-0.6441,0.1779,多周期共振看空 ⬇⬇⬇,-0.7625,-0.4245,-0.3375
000400,许继电气,199.1,True,19.68,21.52,0,-3.21,-14.63,-6.64,-8.56,0.0,2026-07-13,2026-07-13,18.69,0.571,-0.3997,0.2847,0.3827,0.1932,0.5254,0.1739,-0.8737,0.0631,多周期共振看空 ⬇⬇⬇,-0.8525,-0.6946,-0.495
600207,安彩高科,45.86,True,4.21,5.51,0,-0.75,-23.61,-12.98,-23.61,0.0,2026-07-13,2026-07-13,16.48,0.784,-0.6165,0.7045,0.4704,0.1441,0.0,0.1738,-0.535,0.2325,多周期共振看空 ⬇⬇⬇,-0.767,-0.2483,-0.27
002201,九鼎新材,48.82,True,8.11,10.87,9,16.87,-25.41,-4.06,-25.41,0.0,2026-07-13,2026-07-13,11.5,0.8687,-0.3943,0.8668,0.5635,0.0332,0.0,0.1737,-0.5521,0.2239,多周期共振看空 ⬇⬇⬇,-0.5577,-0.3978,-0.3375
002058,威尔泰,24.27,True,16.96,20.44,0,-0.12,-17.01,-10.4,-17.01,0.0,2026-07-13,2026-07-13,10.97,0.5781,0.1113,0.5656,0.5914,0.0216,0.0573,0.1737,-0.6279,0.186,多周期共振看空 ⬇⬇⬇,-0.821,-0.2487,-0.4275
002229,鸿博股份,46.5,True,9.43,10.83,0,-6.37,-22.27,-14.2,-12.91,0.0,2026-07-13,2026-07-13,27.51,0.58,-0.4098,0.5459,0.3841,0.3891,0.0901,0.1736,-0.7645,0.1178,多周期共振看空 ⬇⬇⬇,-0.625,-0.5821,-0.5625
600571,信雅达,42.57,True,9.3,10.05,0,-2.87,-12.9,-6.59,-7.44,0.0,2026-07-13,2026-07-13,29.38,0.1507,0.0938,0.4401,0.328,0.4306,0.2666,0.1735,-0.8667,0.0666,多周期共振看空 ⬇⬇⬇,-0.691,-0.75,-0.5625
001255,博菲电气,17.93,True,23.2,26.25,0,-4.0,-11.63,-8.43,-11.63,0.0,2026-07-13,2026-07-13,21.55,-0.2401,0.7815,0.3402,0.4,0.2567,0.4331,0.1735,-0.9062,0.0469,多周期共振看空 ⬇⬇⬇,-0.925,-0.7038,-0.495
603208,江山欧派,18.29,True,10.4,10.98,0,-1.75,-12.41,-6.62,-5.24,0.0,2026-07-13,2026-07-13,27.44,0.2465,-0.2388,0.3999,0.2524,0.3875,0.3335,0.1733,-0.7488,0.1256,多周期共振看空 ⬇⬇⬇,-0.4554,-0.6929,-0.5625
002105,信隆健康,17.82,True,4.89,5.12,0,-1.81,-10.26,-6.64,-4.45,0.0,2026-07-13,2026-07-13,32.19,-0.3522,0.0256,0.3713,0.2102,0.4932,0.3812,0.1731,-0.8481,0.076,多周期共振看空 ⬇⬇⬇,-0.6865,-0.7131,-0.5625
002501,*ST利源,45.39,True,1.28,1.33,2,0.97,-16.21,-6.71,-3.9,0.0,2026-07-13,2026-07-13,44.07,0.0762,-0.4714,0.5556,0.0571,0.7571,0.074,0.173,-0.6754,0.1623,多周期共振看空 ⬇⬇⬇,-0.476,-0.5139,-0.5625
002613,北玻股份,24.22,True,3.13,4.06,6,8.01,-22.95,-10.52,-22.95,0.0,2026-07-13,2026-07-13,9.63,0.8994,-0.7811,0.8015,0.5397,0.0,0.0,0.173,-0.4794,0.2603,多周期共振看空 ⬇⬇⬇,-0.4867,-0.209,-0.4275
603105,芯能科技,32.45,True,6.49,7.05,0,-4.76,-13.73,-9.72,-7.99,0.0,2026-07-13,2026-07-13,23.91,0.2854,-0.2722,0.313,0.2624,0.3092,0.4783,0.173,-0.7891,0.1054,多周期共振看空 ⬇⬇⬇,-0.7,-0.6392,-0.495
001379,腾达科技,10.0,True,14.86,16.12,0,-2.25,-12.3,-7.32,-7.8,0.0,2026-07-13,2026-07-13,28.08,-0.2097,0.184,0.3605,0.2736,0.4018,0.3992,0.1729,-0.8558,0.0721,多周期共振看空 ⬇⬇⬇,-0.6955,-0.7223,-0.5625
605122,四方新材,17.67,True,10.25,11.15,0,-3.95,-10.09,-7.69,-8.1,0.0,2026-07-13,2026-07-13,23.2,0.0754,0.0253,0.3261,0.2554,0.2934,0.4565,0.1728,-0.7432,0.1284,多周期共振看空 ⬇⬇⬇,-0.682,-0.4863,-0.5625
600262,北方股份,32.27,True,18.98,20.62,2,0.54,-9.56,-4.43,-7.97,0.0,2026-07-13,2026-07-13,29.99,-0.4864,0.2506,0.407,0.3002,0.4441,0.3216,0.1728,-0.8885,0.0558,多周期共振看空 ⬇⬇⬇,-0.8579,-0.7223,-0.495
605218,伟时电子,28.84,True,13.55,16.34,5,3.58,-17.06,-4.33,-17.06,0.0,2026-07-13,2026-07-13,20.92,0.6793,-0.447,0.5358,0.4288,0.2426,0.107,0.1725,-0.6828,0.1586,多周期共振看空 ⬇⬇⬇,-0.5277,-0.4859,-0.5625
002729,好利科技,23.18,True,13.21,17.34,6,8.91,-23.82,-7.27,-23.82,0.0,2026-07-13,2026-07-13,28.1,-0.0654,0.3191,0.7633,0.3276,0.4022,0.0,0.1725,-0.6269,0.1865,多周期共振看空 ⬇⬇⬇,-0.7325,-0.4125,-0.3375
601865,福莱特,175.27,True,9.22,10.23,0,-1.07,-9.89,-5.29,-9.89,0.0,2026-07-13,2026-07-13,30.49,0.2419,-0.152,0.3666,0.2844,0.4554,0.389,0.1724,-0.9332,0.0334,多周期共振看空 ⬇⬇⬇,-0.8615,-0.75,-0.5625
600893,航发动力,882.96,True,33.13,37.93,2,1.42,-12.66,-5.17,-12.66,0.0,2026-07-13,2026-07-13,25.14,-0.1015,0.5215,0.5497,0.4,0.3364,0.0839,0.1723,-0.7325,0.1337,多周期共振看空 ⬇⬇⬇,-0.6956,-0.6762,-0.3375
002037,保利联合,28.16,True,5.82,6.35,0,-3.33,-9.2,-6.86,-8.4,0.0,2026-07-13,2026-07-13,21.94,-0.1875,0.2844,0.2921,0.3137,0.2652,0.5132,0.1722,-0.8534,0.0733,多周期共振看空 ⬇⬇⬇,-0.7,-0.7131,-0.5625
605255,天普股份,96.6,True,72.05,74.8,2,2.62,-15.69,-6.77,-3.68,0.0,2026-07-13,2026-07-13,42.03,-0.0429,-0.097,0.8787,0.1612,0.7117,0.0,0.1721,-0.7349,0.1326,多周期共振看空 ⬇⬇⬇,-0.3746,-0.7315,-0.5625
002506,协鑫集成,144.94,True,2.48,2.98,0,-0.42,-16.69,-8.53,-16.69,0.0,2026-07-13,2026-07-13,24.77,0.3082,0.0174,0.523,0.3918,0.3282,0.1283,0.1721,-0.7468,0.1266,多周期共振看空 ⬇⬇⬇,-0.7646,-0.6485,-0.3375
603159,上海亚虹,26.49,True,18.92,20.51,4,2.54,-33.3,-14.83,-7.75,0.0,2026-07-13,2026-07-13,31.99,-0.2081,0.0867,0.8076,0.2347,0.4887,0.0,0.1719,-0.587,0.2065,多周期共振看空 ⬇⬇⬇,-0.4018,-0.4508,-0.495
002026,山东威达,43.74,True,9.93,11.23,0,-0.62,-11.56,-5.57,-11.56,0.0,2026-07-13,2026-07-13,21.59,0.0471,0.4585,0.3544,0.4116,0.2575,0.4094,0.1718,-0.9206,0.0397,多周期共振看空 ⬇⬇⬇,-0.8615,-0.7223,-0.5625
002337,赛象科技,25.11,True,4.27,4.6,0,-2.51,-10.94,-6.76,-7.07,0.0,2026-07-13,2026-07-13,28.57,-0.0449,0.0618,0.3279,0.2247,0.4127,0.4536,0.1717,-0.8439,0.0781,多周期共振看空 ⬇⬇⬇,-0.6865,-0.7038,-0.5625
000822,山东海化,35.09,True,3.92,4.19,0,-4.6,-10.34,-7.22,-6.39,0.0,2026-07-13,2026-07-13,25.24,0.0604,-0.0069,0.2979,0.2335,0.3387,0.5034,0.1714,-0.8115,0.0943,多周期共振看空 ⬇⬇⬇,-0.625,-0.6854,-0.5625
000720,新能泰山,39.08,True,3.11,3.73,0,-8.9,-18.58,-14.44,-16.61,0.0,2026-07-13,2026-07-13,10.4,0.7936,-0.5106,0.457,0.4761,0.0089,0.2383,0.1714,-0.5923,0.2038,多周期共振看空 ⬇⬇⬇,-0.8615,-0.2933,-0.27
600651,飞乐音响,135.13,True,5.39,5.67,0,-0.98,-10.99,-6.56,-4.9,0.0,2026-07-13,2026-07-13,33.57,-0.1183,-0.1091,0.3392,0.1564,0.5238,0.4346,0.1713,-0.8564,0.0718,多周期共振看空 ⬇⬇⬇,-0.6862,-0.7315,-0.5625
002778,中晟高科,17.9,True,14.5,16.05,0,-3.57,-11.4,-7.36,-9.65,0.0,2026-07-13,2026-07-13,24.35,0.4275,-0.1608,0.4765,0.3922,0.3189,0.2058,0.1712,-0.8052,0.0974,多周期共振看空 ⬇⬇⬇,-0.6053,-0.6884,-0.5625
000020,深华发Ａ,18.3,True,10.1,11.12,0,-1.84,-9.19,-5.92,-9.19,0.0,2026-07-13,2026-07-13,23.13,0.0152,0.2731,0.3526,0.3184,0.2917,0.4123,0.1711,-0.8205,0.0897,多周期共振看空 ⬇⬇⬇,-0.691,-0.6485,-0.5625
600072,中船科技,89.48,True,8.26,8.87,0,-0.4,-16.39,-10.06,-6.89,0.0,2026-07-13,2026-07-13,36.02,0.0527,0.055,0.5617,0.2536,0.5783,0.0639,0.171,-0.7826,0.1087,多周期共振看空 ⬇⬇⬇,-0.6955,-0.5613,-0.5625
603489,八方股份,56.4,True,24.04,29.12,0,-1.73,-17.45,-8.75,-17.45,0.0,2026-07-13,2026-07-13,13.01,0.0148,0.3795,0.3922,0.3607,0.0668,0.3464,0.1708,-0.5679,0.2161,多周期共振看空 ⬇⬇⬇,-0.83,-0.2667,-0.27
003021,兆威机电,166.01,True,80.05,90.99,2,5.51,-15.88,-6.37,-12.03,0.0,2026-07-13,2026-07-13,38.86,0.1868,-0.259,0.7457,0.2085,0.6413,0.0,0.1707,-0.7373,0.1314,多周期共振看空 ⬇⬇⬇,-0.5411,-0.5941,-0.5625
002195,岩山科技,333.58,True,5.94,6.65,0,-3.14,-12.99,-7.1,-10.68,0.0,2026-07-13,2026-07-13,24.54,0.0754,0.2344,0.4058,0.339,0.323,0.3236,0.1707,-0.8233,0.0883,多周期共振看空 ⬇⬇⬇,-0.907,-0.6946,-0.3375
603421,鼎信通讯,36.52,True,5.6,6.2,0,-2.45,-13.36,-7.64,-9.7,0.0,2026-07-13,2026-07-13,19.47,0.2939,0.0258,0.3935,0.3866,0.2105,0.3442,0.1704,-0.7836,0.1082,多周期共振看空 ⬇⬇⬇,-0.7,-0.6273,-0.495
603193,润本股份,19.07,True,18.45,19.41,0,-3.67,-13.94,-7.11,-4.96,0.0,2026-07-13,2026-07-13,30.52,-0.1157,-0.2123,0.2945,0.1151,0.456,0.5091,0.1703,-0.7762,0.1119,多周期共振看空 ⬇⬇⬇,-0.682,-0.5589,-0.5625
002918,蒙娜丽莎,18.74,True,8.75,10.33,0,-2.25,-15.77,-11.35,-15.26,0.0,2026-07-13,2026-07-13,18.73,0.6137,-0.1067,0.6077,0.5255,0.1941,0.0,0.1701,-0.7128,0.1436,多周期共振看空 ⬇⬇⬇,-0.5456,-0.5364,-0.5625
002676,顺威股份,34.2,True,4.75,5.11,3,2.92,-12.13,-4.51,-7.1,0.0,2026-07-13,2026-07-13,38.6,0.2209,-0.6164,0.4532,0.1325,0.6355,0.2447,0.1701,-0.8099,0.0951,多周期共振看空 ⬇⬇⬇,-0.5777,-0.7223,-0.5625
002177,御银股份,34.15,True,5.06,5.77,0,-0.45,-15.72,-8.65,-12.37,0.0,2026-07-13,2026-07-13,17.49,0.7162,-0.0586,0.5524,0.6063,0.1664,0.0794,0.1701,-0.8722,0.0639,多周期共振看空 ⬇⬇⬇,-0.7697,-0.6946,-0.5625
603429,*ST集友,38.76,True,7.39,8.89,7,14.9,-16.86,-4.5,-16.86,0.0,2026-07-13,2026-07-13,18.18,0.5173,0.0317,0.65,0.5231,0.1818,0.0,0.1691,-0.7019,0.1491,多周期共振看空 ⬇⬇⬇,-0.6122,-0.4554,-0.5625
002467,二六三,60.28,True,4.41,4.81,0,-3.67,-13.86,-8.32,-8.34,0.0,2026-07-13,2026-07-13,32.13,-0.1823,0.3124,0.5677,0.325,0.4917,0.0538,0.1691,-0.7999,0.1,多周期共振看空 ⬇⬇⬇,-0.6955,-0.6669,-0.495
002265,建设工业,169.01,True,16.36,17.96,0,-1.09,-11.53,-6.79,-8.93,0.0,2026-07-13,2026-07-13,33.67,0.1723,-0.4802,0.4483,0.1113,0.5261,0.2528,0.169,-0.6595,0.1703,多周期共振看空 ⬇⬇⬇,-0.4554,-0.4967,-0.5625
601218,吉鑫科技,38.76,True,4.0,4.41,0,-4.46,-11.74,-8.44,-9.2,0.0,2026-07-13,2026-07-13,24.81,-0.0262,-0.0566,0.3334,0.1773,0.329,0.4443,0.1689,-0.6825,0.1588,多周期共振看空 ⬇⬇⬇,-0.7,-0.5625,-0.3375
002300,太阳电缆,43.41,True,6.01,6.81,0,-6.37,-14.89,-10.16,-11.81,0.0,2026-07-13,2026-07-13,16.13,0.2592,-0.1488,0.3451,0.296,0.1362,0.4248,0.1689,-0.6259,0.187,多周期共振看空 ⬇⬇⬇,-0.7,-0.4381,-0.3375
600480,凌云股份,101.42,True,8.36,9.01,0,-0.33,-17.66,-8.11,-7.17,0.0,2026-07-13,2026-07-13,37.7,0.0867,-0.0944,0.5925,0.2143,0.6155,0.0125,0.1684,-0.7442,0.1279,多周期共振看空 ⬇⬇⬇,-0.6415,-0.5233,-0.5625
002474,榕基软件,29.46,True,5.57,6.01,0,-1.68,-15.78,-9.1,-7.31,0.0,2026-07-13,2026-07-13,28.73,0.3083,-0.3279,0.4178,0.2538,0.4162,0.3036,0.1682,-0.8025,0.0988,多周期共振看空 ⬇⬇⬇,-0.616,-0.6733,-0.5625
001277,速达股份,11.97,True,26.28,28.59,1,0.04,-8.84,-6.18,-8.07,0.0,2026-07-13,2026-07-13,20.0,0.0383,1.2538,0.356,0.423,0.2222,0.4067,0.1679,-0.9258,0.0371,多周期共振看空 ⬇⬇⬇,-0.875,-0.7223,-0.5625
003005,竞业达,15.31,True,12.06,13.5,0,-3.37,-12.31,-7.24,-10.67,0.0,2026-07-13,2026-07-13,30.57,-0.414,1.8572,0.5198,0.4,0.4571,0.1336,0.1678,-0.9527,0.0237,多周期共振看空 ⬇⬇⬇,-0.9115,-0.75,-0.5625
000766,通化金马,151.66,True,15.7,20.75,7,8.53,-28.87,-10.49,-24.32,0.0,2026-07-13,2026-07-13,22.39,-0.4098,1.2734,0.802,0.4,0.2753,0.0,0.1678,-0.6276,0.1862,多周期共振看空 ⬇⬇⬇,-0.5647,-0.3329,-0.5625
002942,新农股份,19.54,True,14.08,15.02,0,-0.72,-9.17,-5.6,-6.27,0.0,2026-07-13,2026-07-13,30.09,-0.3045,-0.0487,0.3543,0.1805,0.4465,0.4095,0.1676,-0.8114,0.0943,多周期共振看空 ⬇⬇⬇,-0.682,-0.7038,-0.495
605555,德昌股份,58.57,True,12.1,13.13,0,-1.8,-20.09,-8.73,-7.82,0.0,2026-07-13,2026-07-13,39.14,0.3553,-0.5128,0.5993,0.2132,0.6476,0.0012,0.1675,-0.7794,0.1103,多周期共振看空 ⬇⬇⬇,-0.6443,-0.5983,-0.5625
002527,新时达,55.74,True,10.54,13.07,1,0.93,-19.34,-7.16,-19.34,0.0,2026-07-13,2026-07-13,25.77,0.5235,-0.4578,0.658,0.331,0.3504,0.0,0.1673,-0.6118,0.1941,多周期共振看空 ⬇⬇⬇,-0.447,-0.399,-0.5625
000572,海马汽车,55.51,True,3.38,3.82,1,2.05,-13.17,-8.39,-11.59,0.0,2026-07-13,2026-07-13,33.88,-0.3688,1.2931,0.5901,0.4,0.5307,0.0165,0.1672,-0.9527,0.0237,多周期共振看空 ⬇⬇⬇,-0.9115,-0.75,-0.5625
002953,日丰股份,23.06,True,8.5,9.12,0,-2.79,-11.0,-6.27,-6.8,0.0,2026-07-13,2026-07-13,25.35,-0.4708,0.076,0.2974,0.2304,0.341,0.5044,0.1671,-0.8446,0.0777,多周期共振看空 ⬇⬇⬇,-0.6775,-0.7131,-0.5625
002879,长缆科技,17.15,True,12.51,13.7,0,-0.45,-11.11,-6.78,-8.66,0.0,2026-07-13,2026-07-13,28.18,0.0657,-0.0179,0.3839,0.2322,0.4039,0.3601,0.1671,-0.8072,0.0964,多周期共振看空 ⬇⬇⬇,-0.682,-0.6946,-0.495
603992,松霖科技,105.0,True,23.7,30.71,13,10.21,-22.83,-0.96,-22.83,0.0,2026-07-13,2026-07-13,15.84,0.26,0.271,0.5612,0.4644,0.1298,0.0647,0.1669,-0.6152,0.1924,多周期共振看空 ⬇⬇⬇,-0.4332,-0.4858,-0.495
603418,友升股份,17.77,True,42.96,47.33,5,4.85,-13.45,-4.32,-9.23,0.0,2026-07-13,2026-07-13,24.12,0.2124,-0.1724,0.5185,0.2585,0.3139,0.1359,0.1667,-0.5652,0.2174,周线日线共振看空,-0.5978,-0.3623,
603331,百达精工,20.66,True,10.22,11.02,0,-0.66,-12.15,-7.49,-7.28,0.0,2026-07-13,2026-07-13,34.23,0.0039,-0.1169,0.4723,0.1556,0.5385,0.2128,0.1667,-0.7314,0.1343,多周期共振看空 ⬇⬇⬇,-0.682,-0.6854,-0.3375
603191,望变电气,44.12,True,13.37,16.04,0,-3.36,-21.87,-9.89,-16.62,0.0,2026-07-13,2026-07-13,10.0,0.7271,0.0964,0.6,0.6748,0.0,0.0,0.1667,-0.7465,0.1267,多周期共振看空 ⬇⬇⬇,-0.7531,-0.6577,-0.3375
002368,太极股份,85.71,True,13.82,15.07,7,8.2,-13.42,-4.1,-8.27,0.0,2026-07-13,2026-07-13,23.3,-0.0712,0.6163,0.4923,0.4,0.2956,0.1795,0.1663,-0.8083,0.0958,多周期共振看空 ⬇⬇⬇,-0.5414,-0.75,-0.5625
001288,运机集团,33.66,True,22.16,25.1,8,9.5,-11.7,-1.91,-11.7,0.0,2026-07-13,2026-07-13,20.92,0.5237,-0.283,0.5994,0.401,0.2426,0.001,0.1659,-0.6067,0.1966,多周期共振看空 ⬇⬇⬇,-0.3805,-0.5122,-0.495
603533,掌阅科技,80.58,True,18.36,20.12,1,0.13,-18.18,-8.58,-8.76,0.0,2026-07-13,2026-07-13,24.18,0.3906,-0.0945,0.6241,0.3966,0.315,0.0,0.1656,-0.6876,0.1562,多周期共振看空 ⬇⬇⬇,-0.6344,-0.63,-0.3375
603799,华友钴业,744.66,True,39.45,48.05,2,5.33,-17.9,-5.82,-17.9,0.0,2026-07-13,2026-07-13,16.86,0.4785,0.2556,0.5647,0.5894,0.1524,0.0588,0.1656,-0.8481,0.076,多周期共振看空 ⬇⬇⬇,-0.821,-0.6652,-0.495
002909,集泰股份,17.46,True,4.59,5.08,0,-3.22,-9.68,-7.49,-9.68,0.0,2026-07-13,2026-07-13,13.71,0.2745,0.3174,0.3155,0.4917,0.0824,0.4742,0.1655,-0.9411,0.0294,多周期共振看空 ⬇⬇⬇,-0.925,-0.7131,-0.5625
002703,浙江世宝,72.96,True,12.45,14.55,0,-1.75,-17.48,-10.67,-14.45,0.0,2026-07-13,2026-07-13,23.06,0.4788,-0.3722,0.4927,0.3384,0.2903,0.1788,0.1653,-0.7108,0.1446,多周期共振看空 ⬇⬇⬇,-0.8705,-0.4785,-0.3375
603699,纽威股份,337.22,True,44.48,50.64,1,1.36,-12.16,-5.77,-12.16,0.0,2026-07-13,2026-07-13,27.96,0.0212,-0.1463,0.567,0.1542,0.3992,0.055,0.1651,-0.4491,0.2754,多周期共振看空 ⬇⬇⬇,-0.571,-0.2275,-0.27
603887,城地香江,51.71,True,8.59,9.75,0,-4.88,-17.94,-11.0,-11.85,0.0,2026-07-13,2026-07-13,30.97,-0.1739,0.2315,0.5066,0.2926,0.466,0.1556,0.1649,-0.8324,0.0838,多周期共振看空 ⬇⬇⬇,-0.7,-0.6669,-0.5625
603915,国茂股份,88.51,True,13.48,14.83,1,4.68,-11.51,-5.39,-9.11,0.0,2026-07-13,2026-07-13,36.97,0.1103,-0.1711,0.6149,0.1978,0.5993,0.0,0.1645,-0.7197,0.1401,多周期共振看空 ⬇⬇⬇,-0.5862,-0.5168,-0.5625
600967,内蒙一机,174.09,True,10.23,11.09,0,-1.65,-9.25,-5.48,-7.72,0.0,2026-07-13,2026-07-13,32.96,-0.1233,-0.0597,0.3896,0.1761,0.5103,0.3506,0.1642,-0.8614,0.0693,多周期共振看空 ⬇⬇⬇,-0.6775,-0.75,-0.5625
002448,中原内配,62.99,True,10.85,12.38,5,3.64,-12.37,-3.52,-12.37,0.0,2026-07-13,2026-07-13,25.19,0.0896,-0.0323,0.5385,0.2408,0.3376,0.1026,0.1635,-0.5642,0.2179,多周期共振看空 ⬇⬇⬇,-0.5119,-0.4637,-0.3375
600550,保变电气,189.31,True,10.28,11.8,2,1.98,-12.87,-6.36,-12.87,0.0,2026-07-13,2026-07-13,15.13,0.7191,-0.3223,0.5194,0.5025,0.1141,0.1344,0.1632,-0.7431,0.1285,多周期共振看空 ⬇⬇⬇,-0.7442,-0.6577,-0.3375
002296,辉煌科技,29.94,True,8.62,9.1,0,-0.65,-9.92,-4.85,-5.33,0.0,2026-07-13,2026-07-13,34.66,-0.084,-0.2873,0.3938,0.0851,0.5481,0.3436,0.163,-0.765,0.1175,多周期共振看空 ⬇⬇⬇,-0.5951,-0.6762,-0.495
600876,凯盛新能,25.44,True,6.43,7.67,3,13.03,-16.15,-8.23,-16.15,0.0,2026-07-13,2026-07-13,14.63,0.6036,0.1193,0.7388,0.6099,0.1028,0.0,0.1629,-0.796,0.102,多周期共振看空 ⬇⬇⬇,-0.5709,-0.6975,-0.5625
002209,达 意 隆,15.61,True,9.98,10.67,0,-1.48,-11.02,-6.8,-6.49,0.0,2026-07-13,2026-07-13,25.8,0.4724,-0.4508,0.4232,0.3031,0.351,0.2946,0.1626,-0.8415,0.0792,多周期共振看空 ⬇⬇⬇,-0.691,-0.6946,-0.5625
002535,林州重机,16.42,True,2.2,2.3,0,-0.04,-12.84,-7.04,-4.51,0.0,2026-07-13,2026-07-13,34.83,0.165,-0.1742,0.5433,0.2293,0.5518,0.0945,0.1623,-0.8059,0.0971,多周期共振看空 ⬇⬇⬇,-0.5352,-0.75,-0.5625
002782,可立克,77.51,True,15.93,21.25,0,-2.64,-25.04,-12.35,-25.04,0.0,2026-07-13,2026-07-13,7.49,0.4745,0.0946,0.7027,0.5225,0.0,0.0,0.1622,-0.5383,0.2308,多周期共振看空 ⬇⬇⬇,-0.6891,-0.4125,-0.18
002716,湖南白银,171.11,True,7.36,8.44,2,3.1,-12.82,-5.96,-12.82,0.0,2026-07-13,2026-07-13,27.59,0.1076,0.0794,0.6768,0.2963,0.3908,0.0,0.1621,-0.6459,0.177,多周期共振看空 ⬇⬇⬇,-0.6513,-0.5239,-0.3375
002108,沧州明珠,65.26,True,3.96,4.34,0,-1.29,-10.8,-6.23,-8.83,0.0,2026-07-13,2026-07-13,23.44,0.1597,-0.212,0.4148,0.211,0.2986,0.3087,0.1621,-0.6462,0.1769,多周期共振看空 ⬇⬇⬇,-0.839,-0.3636,-0.3375
600486,扬农化工,196.12,True,48.53,52.54,0,-0.26,-8.91,-4.64,-7.64,0.0,2026-07-13,2026-07-13,26.83,0.4093,-0.4156,0.3924,0.2794,0.374,0.346,0.1617,-0.8792,0.0604,多周期共振看空 ⬇⬇⬇,-0.8773,-0.6854,-0.495
000936,华西股份,43.41,True,4.9,5.41,0,-5.43,-14.96,-8.26,-9.38,0.0,2026-07-13,2026-07-13,19.12,0.4563,-0.3527,0.3362,0.3327,0.2026,0.4396,0.1616,-0.834,0.083,多周期共振看空 ⬇⬇⬇,-0.6955,-0.6744,-0.5625
603390,通达电气,34.11,True,9.73,10.91,0,-3.07,-14.46,-7.75,-10.84,0.0,2026-07-13,2026-07-13,17.85,0.261,-0.0033,0.3735,0.3553,0.1744,0.3775,0.1616,-0.7866,0.1067,多周期共振看空 ⬇⬇⬇,-0.821,-0.4625,-0.5625
603138,海量数据,36.94,True,12.81,14.45,0,-5.17,-16.02,-9.79,-11.32,0.0,2026-07-13,2026-07-13,27.21,0.1576,-0.1118,0.4334,0.2498,0.3825,0.2777,0.1614,-0.7899,0.105,多周期共振看空 ⬇⬇⬇,-0.875,-0.6485,-0.3375
603210,泰鸿万立,30.25,True,13.0,13.66,3,1.08,-8.22,-2.63,-4.81,0.0,2026-07-13,2026-07-13,28.62,0.4865,-0.6404,0.4762,0.2919,0.4137,0.2063,0.1612,-0.8391,0.0805,多周期共振看空 ⬇⬇⬇,-0.6202,-0.75,-0.5625
603278,大业股份,31.95,True,9.35,11.18,1,0.5,-16.56,-9.07,-16.33,0.0,2026-07-13,2026-07-13,30.82,0.3438,-0.6049,0.7784,0.2063,0.4628,0.0,0.1612,-0.5955,0.2022,多周期共振看空 ⬇⬇⬇,-0.5806,-0.3162,-0.495
603626,科森科技,86.73,True,15.63,19.29,0,-0.76,-18.96,-11.34,-18.96,0.0,2026-07-13,2026-07-13,29.53,0.2738,-0.4082,0.7023,0.201,0.434,0.0,0.1611,-0.5538,0.2231,多周期共振看空 ⬇⬇⬇,-0.6762,-0.4598,-0.1778
603636,南威软件,41.55,True,7.16,8.32,0,-0.24,-13.93,-7.74,-13.93,0.0,2026-07-13,2026-07-13,20.82,0.7776,-0.8791,0.5983,0.4666,0.2405,0.0028,0.1611,-0.7488,0.1256,多周期共振看空 ⬇⬇⬇,-0.7224,-0.464,-0.5625
002666,德联集团,18.98,True,3.79,4.06,0,-3.2,-8.67,-5.86,-6.67,0.0,2026-07-13,2026-07-13,21.59,-0.3734,0.1195,0.2697,0.2478,0.2576,0.5505,0.161,-0.8576,0.0712,多周期共振看空 ⬇⬇⬇,-0.7,-0.7223,-0.5625
002553,南方精工,38.12,True,14.88,16.37,1,0.7,-13.43,-7.1,-9.12,0.0,2026-07-13,2026-07-13,35.55,0.308,-0.641,0.5017,0.1848,0.5678,0.1639,0.161,-0.8199,0.0901,多周期共振看空 ⬇⬇⬇,-0.5819,-0.7408,-0.5625
002160,常铝股份,35.66,True,3.46,3.92,1,3.74,-16.39,-9.35,-11.72,0.0,2026-07-13,2026-07-13,19.67,0.6137,-0.1194,0.6636,0.5205,0.2149,0.0,0.1608,-0.8045,0.0978,多周期共振看空 ⬇⬇⬇,-0.8705,-0.5269,-0.495
002766,索菱股份,28.79,True,3.36,3.68,0,-3.65,-16.2,-11.21,-8.75,0.0,2026-07-13,2026-07-13,27.97,0.1495,-0.3095,0.3698,0.1659,0.3992,0.3837,0.1604,-0.7679,0.116,多周期共振看空 ⬇⬇⬇,-0.691,-0.5328,-0.5625
600733,北汽蓝谷,250.55,True,4.51,5.1,0,-1.39,-14.37,-9.89,-11.56,0.0,2026-07-13,2026-07-13,21.57,-0.1647,0.4738,0.434,0.3895,0.2571,0.2767,0.1604,-0.8702,0.0649,多周期共振看空 ⬇⬇⬇,-0.7,-0.75,-0.5625
000045,深纺织Ａ,41.54,True,9.09,10.19,0,-1.06,-10.78,-5.99,-10.78,0.0,2026-07-13,2026-07-13,23.67,0.3001,-0.1624,0.4002,0.3151,0.3037,0.333,0.1601,-0.8541,0.073,多周期共振看空 ⬇⬇⬇,-0.8021,-0.6946,-0.495
002660,茂硕电源,20.99,True,6.12,6.7,0,-4.32,-10.67,-7.62,-8.64,0.0,2026-07-13,2026-07-13,24.24,0.2845,-0.2288,0.37,0.2792,0.3165,0.3833,0.16,-0.8534,0.0733,多周期共振看空 ⬇⬇⬇,-0.7,-0.7131,-0.5625
001225,和泰机电,7.91,True,37.59,41.27,1,1.89,-14.06,-7.54,-8.91,0.0,2026-07-13,2026-07-13,28.46,0.4049,-0.3733,0.6211,0.2936,0.4102,0.0,0.1597,-0.6846,0.1577,多周期共振看空 ⬇⬇⬇,-0.625,-0.474,-0.495
002576,通达动力,21.44,True,13.23,14.74,1,1.14,-10.95,-7.47,-10.26,0.0,2026-07-13,2026-07-13,29.86,0.3661,-0.3561,0.4739,0.2772,0.4413,0.2102,0.1592,-0.868,0.066,多周期共振看空 ⬇⬇⬇,-0.9025,-0.5717,-0.5625
603918,金桥信息,33.95,True,9.3,9.88,0,-2.75,-12.3,-7.29,-5.87,0.0,2026-07-13,2026-07-13,30.84,-0.0484,-0.073,0.369,0.1708,0.4632,0.385,0.1591,-0.8642,0.0679,多周期共振看空 ⬇⬇⬇,-0.6955,-0.7408,-0.5625
603189,*ST网达,25.53,True,9.47,10.62,2,2.16,-14.86,-6.66,-10.82,0.0,2026-07-13,2026-07-13,32.73,0.3273,-0.1345,0.5621,0.3426,0.5051,0.0632,0.1586,-0.9359,0.0321,多周期共振看空 ⬇⬇⬇,-0.8685,-0.75,-0.5625
002827,高争民爆,62.51,True,22.65,24.63,1,0.99,-11.61,-6.57,-8.04,0.0,2026-07-13,2026-07-13,21.54,0.4845,-0.218,0.4421,0.4035,0.2564,0.2631,0.1583,-0.8973,0.0514,多周期共振看空 ⬇⬇⬇,-0.7695,-0.75,-0.5625
002057,中钢天源,61.92,True,8.22,11.7,16,27.01,-29.75,6.54,-29.75,0.0,2026-07-13,2026-07-13,23.06,-0.1098,-0.2806,0.897,0.0878,0.2902,0.0,0.1583,-0.2224,0.3888,多周期方向不一致，观望,-0.1199,-0.4248,-0.45
000410,沈阳机床,86.13,True,4.37,4.83,1,0.37,-11.31,-5.74,-9.47,0.0,2026-07-13,2026-07-13,30.73,0.3693,-0.3127,0.4582,0.2965,0.4606,0.2363,0.1582,-0.9509,0.0246,多周期共振看空 ⬇⬇⬇,-0.907,-0.75,-0.5625
000559,万向钱潮,371.21,True,11.2,13.02,1,4.51,-16.83,-7.88,-14.0,0.0,2026-07-13,2026-07-13,31.21,0.2468,-0.388,0.6116,0.1929,0.4713,0.0,0.1581,-0.6092,0.1954,多周期共振看空 ⬇⬇⬇,-0.6637,-0.4326,-0.3375
002460,赣锋锂业,619.3,True,51.13,64.52,5,2.89,-20.75,-5.56,-20.75,0.0,2026-07-13,2026-07-13,21.1,0.4495,-0.3145,0.5666,0.3439,0.2467,0.0557,0.1578,-0.6285,0.1858,多周期共振看空 ⬇⬇⬇,-0.7602,-0.4598,-0.27
603185,弘元绿能,94.52,True,13.92,16.13,0,-0.51,-13.81,-6.64,-13.7,0.0,2026-07-13,2026-07-13,30.55,0.3737,-0.2254,0.5186,0.3341,0.4567,0.1357,0.1577,-0.9297,0.0352,多周期共振看空 ⬇⬇⬇,-0.8525,-0.75,-0.5625
601096,宏盛华源,66.21,True,4.03,4.39,0,-3.34,-8.86,-6.33,-8.23,0.0,2026-07-13,2026-07-13,18.89,0.3873,-0.5239,0.2639,0.2324,0.1975,0.5602,0.1576,-0.7965,0.1018,多周期共振看空 ⬇⬇⬇,-0.8705,-0.6669,-0.3375
002694,*ST顾地,14.59,True,2.03,2.17,1,2.42,-12.41,-5.72,-6.52,0.0,2026-07-13,2026-07-13,37.62,0.3419,-0.6238,0.5701,0.2051,0.6139,0.0499,0.1575,-0.8444,0.0778,多周期共振看空 ⬇⬇⬇,-0.634,-0.75,-0.5625
603982,泉峰汽车,18.4,True,5.42,5.83,0,-3.07,-11.78,-7.61,-7.0,0.0,2026-07-13,2026-07-13,28.16,-0.13,-0.009,0.3622,0.1964,0.4036,0.3964,0.1574,-0.8565,0.0717,多周期共振看空 ⬇⬇⬇,-0.6865,-0.7315,-0.5625
600075,新疆天业,69.51,True,4.07,4.3,0,-0.63,-13.71,-7.32,-5.35,0.0,2026-07-13,2026-07-13,38.76,-0.5961,-0.2924,0.5525,0.083,0.6392,0.0792,0.1572,-0.7054,0.1473,多周期共振看空 ⬇⬇⬇,-0.682,-0.6283,-0.3375
603912,佳力图,38.04,True,7.02,7.93,0,-0.55,-15.61,-8.12,-11.43,0.0,2026-07-13,2026-07-13,25.62,0.1835,0.0626,0.6162,0.3351,0.3471,0.0,0.1564,-0.7018,0.1491,多周期共振看空 ⬇⬇⬇,-0.7939,-0.3669,-0.495
002988,豪美新材,50.14,True,20.07,23.13,1,5.15,-17.54,-9.89,-13.24,0.0,2026-07-13,2026-07-13,32.66,0.3288,-0.1512,0.644,0.3368,0.5036,0.0,0.156,-0.895,0.0525,多周期共振看空 ⬇⬇⬇,-0.907,-0.6271,-0.5625
600444,国机通用,18.27,True,12.48,13.4,0,-1.83,-8.5,-5.81,-6.87,0.0,2026-07-13,2026-07-13,26.74,-0.1115,-0.0535,0.3229,0.1786,0.372,0.4618,0.1559,-0.8541,0.073,多周期共振看空 ⬇⬇⬇,-0.691,-0.7223,-0.5625
002639,雪人集团,77.44,True,11.74,13.54,0,-1.3,-13.53,-7.3,-13.27,0.0,2026-07-13,2026-07-13,29.59,0.2905,-0.2679,0.6181,0.2671,0.4353,0.0,0.1559,-0.7024,0.1488,多周期共振看空 ⬇⬇⬇,-0.7401,-0.5719,-0.3375
600666,奥瑞德,83.32,True,3.33,4.11,3,4.94,-18.95,-8.65,-18.95,0.0,2026-07-13,2026-07-13,11.73,0.6568,-0.2038,0.6077,0.5126,0.0385,0.0,0.1559,-0.619,0.1905,多周期共振看空 ⬇⬇⬇,-0.8292,-0.3798,-0.27
002331,皖通科技,27.39,True,6.79,7.51,0,-3.34,-12.55,-8.24,-9.55,0.0,2026-07-13,2026-07-13,19.65,0.107,-0.0761,0.3572,0.2337,0.2145,0.4046,0.1557,-0.7097,0.1452,多周期共振看空 ⬇⬇⬇,-0.756,-0.4167,-0.495
002339,积成电子,30.54,True,6.38,7.1,0,-4.71,-13.62,-8.9,-10.15,0.0,2026-07-13,2026-07-13,21.08,0.1916,-0.1456,0.3895,0.2567,0.2462,0.3509,0.1555,-0.7426,0.1287,多周期共振看空 ⬇⬇⬇,-0.7,-0.6946,-0.3375
603121,华培动力,37.58,True,11.1,12.78,0,-4.26,-19.64,-13.26,-13.16,0.0,2026-07-13,2026-07-13,28.87,-0.1682,0.3286,0.6065,0.3314,0.4194,0.0,0.1555,-0.7898,0.1051,多周期共振看空 ⬇⬇⬇,-0.691,-0.6485,-0.495
002366,融发核电,92.15,True,4.98,5.71,0,-0.54,-12.82,-7.2,-12.82,0.0,2026-07-13,2026-07-13,30.33,0.2323,0.0351,0.558,0.3534,0.4517,0.0701,0.1554,-0.9206,0.0397,多周期共振看空 ⬇⬇⬇,-0.8615,-0.7223,-0.5625
002276,万马股份,93.56,True,9.29,10.36,0,-0.34,-12.7,-6.72,-10.37,0.0,2026-07-13,2026-07-13,25.84,0.2214,0.0875,0.4627,0.3679,0.3521,0.2288,0.1554,-0.9509,0.0246,多周期共振看空 ⬇⬇⬇,-0.907,-0.75,-0.5625
002735,王子新材,32.3,True,11.33,16.29,8,30.31,-30.44,-3.84,-30.44,0.0,2026-07-13,2026-07-13,14.43,0.6683,-0.7527,0.7991,0.401,0.0985,0.0,0.1546,-0.523,0.2385,多周期共振看空 ⬇⬇⬇,-0.4869,-0.3497,-0.3825
002530,金财互联,44.56,True,6.41,7.02,0,-2.45,-10.47,-6.46,-8.75,0.0,2026-07-13,2026-07-13,23.22,0.5649,-0.5051,0.3895,0.339,0.2938,0.3508,0.1545,-0.9394,0.0303,多周期共振看空 ⬇⬇⬇,-0.9205,-0.7131,-0.5625
603062,麦加芯彩,13.44,True,36.26,40.35,4,1.38,-10.13,-4.38,-10.13,0.0,2026-07-13,2026-07-13,32.48,0.0069,-0.1723,0.4218,0.1352,0.4996,0.297,0.154,-0.8218,0.0891,多周期共振看空 ⬇⬇⬇,-0.8605,-0.506,-0.5625
603217,元利科技,41.03,True,19.72,22.56,1,2.72,-13.73,-6.64,-12.58,0.0,2026-07-13,2026-07-13,29.22,-0.1888,-0.286,0.4798,0.0856,0.4272,0.2004,0.154,-0.5775,0.2112,多周期共振看空 ⬇⬇⬇,-0.839,-0.2801,-0.27
600506,统一股份,33.25,True,13.32,14.68,0,-2.76,-14.33,-8.75,-9.25,0.0,2026-07-13,2026-07-13,21.96,0.1361,0.2698,0.5806,0.3896,0.2658,0.0323,0.1538,-0.7378,0.1311,多周期共振看空 ⬇⬇⬇,-0.8035,-0.4379,-0.495
603602,纵横通信,23.68,True,10.25,11.62,0,-0.5,-13.83,-8.05,-11.76,0.0,2026-07-13,2026-07-13,16.43,0.5587,-0.3342,0.3966,0.4016,0.1429,0.3391,0.1537,-0.8559,0.0721,多周期共振看空 ⬇⬇⬇,-0.839,-0.5994,-0.5625
002434,万里扬,75.93,True,5.79,6.33,2,1.23,-13.69,-6.72,-8.53,0.0,2026-07-13,2026-07-13,35.47,0.2835,-0.252,0.5488,0.2693,0.566,0.0853,0.1536,-0.9492,0.0254,多周期共振看空 ⬇⬇⬇,-0.9025,-0.75,-0.5625
002562,兄弟科技,33.92,True,4.17,4.52,0,-2.23,-8.52,-5.41,-7.66,0.0,2026-07-13,2026-07-13,23.85,-0.227,0.1972,0.3254,0.2789,0.3078,0.4576,0.1535,-0.9538,0.0231,多周期共振看空 ⬇⬇⬇,-0.925,-0.7408,-0.5625
002547,*ST春兴,26.07,True,2.36,2.65,0,-2.1,-25.69,-14.22,-10.89,0.0,2026-07-13,2026-07-13,34.32,-0.1899,-0.0535,0.7834,0.1786,0.5404,0.0,0.1535,-0.7066,0.1467,多周期共振看空 ⬇⬇⬇,-0.4805,-0.5787,-0.5625
002689,ST远智,26.8,True,2.57,2.66,2,2.59,-14.66,-6.79,-3.37,0.0,2026-07-13,2026-07-13,42.57,-0.167,-0.6295,0.4433,0.0,0.7239,0.2612,0.1533,-0.8512,0.0744,多周期共振看空 ⬇⬇⬇,-0.673,-0.7315,-0.5625
600476,*ST湘邮,13.88,True,8.62,9.23,0,-1.96,-17.55,-9.65,-6.58,0.0,2026-07-13,2026-07-13,34.8,-0.2207,0.0266,0.5832,0.2106,0.5512,0.028,0.1532,-0.795,0.1025,多周期共振看空 ⬇⬇⬇,-0.6505,-0.6271,-0.5625
603344,星德胜,12.28,True,22.72,25.26,0,-4.38,-18.65,-9.93,-10.04,0.0,2026-07-13,2026-07-13,30.21,0.3398,-0.61,0.4775,0.2039,0.4491,0.2042,0.1532,-0.8026,0.0987,多周期共振看空 ⬇⬇⬇,-0.8021,-0.514,-0.5625
001238,浙江正特,35.28,True,24.31,28.05,3,0.73,-13.32,-4.11,-13.32,0.0,2026-07-13,2026-07-13,15.58,-0.2799,0.5063,0.4019,0.4,0.1241,0.3302,0.153,-0.8293,0.0853,多周期共振看空 ⬇⬇⬇,-0.5952,-0.75,-0.5625
603239,浙江仙通,36.01,True,13.3,15.13,0,-4.93,-17.75,-12.11,-12.11,0.0,2026-07-13,2026-07-13,28.19,-0.1133,-0.1508,0.4597,0.1397,0.4042,0.2338,0.1526,-0.6748,0.1626,多周期共振看空 ⬇⬇⬇,-0.691,-0.5533,-0.3375
603097,江苏华辰,35.68,True,15.88,18.51,9,4.06,-14.2,-2.92,-14.2,0.0,2026-07-13,2026-07-13,6.71,0.2032,0.0013,0.39,0.3224,0.0,0.3501,0.1522,-0.5782,0.2109,多周期共振看空 ⬇⬇⬇,-0.4272,-0.567,-0.3375
600556,天下秀,75.56,True,4.18,4.53,0,-2.29,-11.2,-7.22,-7.72,0.0,2026-07-13,2026-07-13,30.57,0.1581,-0.4668,0.4501,0.1081,0.4572,0.2499,0.1522,-0.7042,0.1479,多周期共振看空 ⬇⬇⬇,-0.4467,-0.6699,-0.495
002691,*ST冀凯,13.3,True,3.96,4.28,0,-0.75,-18.5,-9.45,-7.37,0.0,2026-07-13,2026-07-13,36.11,0.3984,-0.5285,0.6098,0.2391,0.5802,0.0,0.1522,-0.8614,0.0693,多周期共振看空 ⬇⬇⬇,-0.6775,-0.75,-0.5625
002369,卓翼科技,28.65,True,5.06,5.56,0,-3.93,-11.57,-7.72,-8.99,0.0,2026-07-13,2026-07-13,23.6,-0.0533,0.1362,0.3795,0.2545,0.3021,0.3675,0.1517,-0.8499,0.0751,多周期共振看空 ⬇⬇⬇,-0.691,-0.7131,-0.5625
002753,永东股份,17.16,True,5.8,6.01,1,0.1,-10.25,-4.63,-3.53,0.0,2026-07-13,2026-07-13,26.9,-0.0756,-0.239,0.3727,0.1044,0.3755,0.3788,0.1516,-0.7082,0.1459,多周期共振看空 ⬇⬇⬇,-0.4121,-0.6407,-0.5625
000008,神州高铁,64.1,True,2.36,2.43,0,-0.49,-9.87,-3.9,-2.84,0.0,2026-07-06,2026-07-06,31.48,-0.2868,-0.4076,0.3689,0.0369,0.4774,0.3851,0.151,-0.7324,0.1338,多周期共振看空 ⬇⬇⬇,-0.4777,-0.6377,-0.5625
600255,鑫科材料,50.57,True,2.8,3.69,8,9.83,-24.09,-7.87,-24.09,0.0,2026-07-13,2026-07-13,1.1,0.8268,-0.6823,0.6138,0.4961,0.0,0.0,0.1509,-0.5869,0.2066,多周期共振看空 ⬇⬇⬇,-0.5285,-0.2744,-0.5625
600418,江淮汽车,494.24,True,22.63,27.17,0,-9.98,-21.56,-14.94,-16.71,0.0,2026-07-13,2026-07-13,25.62,-0.2623,0.6616,0.6765,0.4,0.3471,0.0,0.1509,-0.8492,0.0754,多周期共振看空 ⬇⬇⬇,-0.7,-0.7038,-0.5625
002487,大金重工,267.83,True,42.45,54.73,0,-4.37,-22.44,-11.72,-22.44,0.0,2026-07-13,2026-07-13,16.05,-0.1451,0.5027,0.5466,0.4,0.1345,0.0889,0.1506,-0.668,0.166,多周期共振看空 ⬇⬇⬇,-0.8615,-0.4598,-0.27
600810,神马股份,60.63,True,5.61,6.36,11,10.81,-11.76,0.21,-11.76,0.0,2026-07-13,2026-07-13,14.37,0.6231,-0.7128,0.431,0.3739,0.0971,0.2816,0.1503,-0.7375,0.1312,多周期共振看空 ⬇⬇⬇,-0.4028,-0.7131,-0.5625
000985,大庆华科,18.2,True,14.04,14.86,0,-3.46,-10.2,-6.82,-5.54,0.0,2026-07-13,2026-07-13,26.12,-0.2059,-0.171,0.3231,0.1316,0.3583,0.4615,0.1501,-0.809,0.0955,多周期共振看空 ⬇⬇⬇,-0.6865,-0.6946,-0.495
003028,振邦智能,15.21,True,21.56,23.22,2,2.18,-13.12,-7.34,-7.16,0.0,2026-07-13,2026-07-13,34.9,0.0429,-0.3222,0.5184,0.0969,0.5534,0.136,0.15,-0.7278,0.1361,多周期共振看空 ⬇⬇⬇,-0.664,-0.4679,-0.5625
601615,明阳智能,234.06,True,10.35,11.41,0,-1.06,-22.26,-11.92,-9.32,0.0,2026-07-13,2026-07-13,36.65,0.2017,-0.3266,0.6251,0.1904,0.5922,0.0,0.1498,-0.8167,0.0917,多周期共振看空 ⬇⬇⬇,-0.6955,-0.7038,-0.495
603863,松炀资源,24.74,True,12.09,13.42,0,-3.68,-16.59,-9.28,-9.93,0.0,2026-07-13,2026-07-13,29.16,-0.1372,0.3181,0.7002,0.3272,0.4258,0.0,0.1497,-0.8373,0.0813,多周期共振看空 ⬇⬇⬇,-0.6199,-0.7463,-0.5625
603037,凯众股份,25.02,True,9.4,10.53,0,-4.65,-14.76,-10.01,-10.72,0.0,2026-07-13,2026-07-13,23.55,0.0232,-0.069,0.3693,0.1863,0.301,0.3845,0.1489,-0.7759,0.112,多周期共振看空 ⬇⬇⬇,-0.691,-0.6179,-0.495
002708,光洋股份,52.54,True,10.17,13.18,4,4.71,-22.87,-6.87,-22.87,0.0,2026-07-13,2026-07-13,18.21,0.3815,-0.2419,0.7274,0.3321,0.1824,0.0,0.1483,-0.5637,0.2182,多周期共振看空 ⬇⬇⬇,-0.6692,-0.2379,-0.4275
002455,百川股份,41.17,True,6.23,7.5,0,-0.46,-16.88,-7.47,-16.88,0.0,2026-07-13,2026-07-13,24.75,0.5923,-0.4959,0.661,0.357,0.3277,0.0,0.1482,-0.7793,0.1104,多周期共振看空 ⬇⬇⬇,-0.848,-0.6485,-0.3375
002418,康盛股份,38.07,True,3.35,4.04,3,8.05,-17.06,-8.52,-17.06,0.0,2026-07-13,2026-07-13,15.45,0.5752,-0.2272,0.7754,0.4542,0.1212,0.0,0.1481,-0.6875,0.1562,多周期共振看空 ⬇⬇⬇,-0.8337,-0.3014,-0.495
603786,科博达,160.69,True,39.79,43.75,0,-1.75,-12.58,-6.18,-9.05,0.0,2026-07-13,2026-07-13,29.91,0.0016,-0.1153,0.4105,0.1549,0.4424,0.3159,0.148,-0.8477,0.0761,多周期共振看空 ⬇⬇⬇,-0.664,-0.7315,-0.5625
603070,万控智造,43.55,True,10.86,13.47,2,10.75,-19.47,-11.85,-19.35,0.0,2026-07-13,2026-07-13,13.41,0.7302,-0.5345,0.8893,0.4381,0.0758,0.0,0.1475,-0.6122,0.1939,多周期共振看空 ⬇⬇⬇,-0.684,-0.4217,-0.3375
001360,南矿集团,18.47,True,14.72,18.35,7,9.36,-19.77,-5.59,-19.77,0.0,2026-07-13,2026-07-13,5.27,0.6952,-0.3241,0.5591,0.4875,0.0,0.0682,0.1474,-0.6553,0.1724,多周期共振看空 ⬇⬇⬇,-0.7088,-0.4952,-0.3375
002263,大东南,50.72,True,2.7,3.56,7,12.86,-24.14,-7.13,-24.14,0.0,2026-07-13,2026-07-13,7.34,0.831,-0.7749,0.775,0.4986,0.0,0.0,0.1472,-0.6205,0.1897,多周期共振看空 ⬇⬇⬇,-0.6552,-0.4647,-0.3375
600714,金瑞矿业,41.01,True,14.23,20.79,0,-0.16,-31.57,-19.63,-31.57,0.0,2026-07-13,2026-07-13,11.21,0.1643,-0.3783,0.6083,0.1473,0.0269,0.0,0.1468,-0.0937,0.4531,月线看多，中短期调整中,-0.6015,-0.1998,0.2691
600281,华阳新材,19.34,True,3.76,4.29,0,-1.44,-12.69,-8.36,-12.45,0.0,2026-07-13,2026-07-13,18.24,0.4967,-0.04,0.5242,0.482,0.1832,0.1263,0.1463,-0.9216,0.0392,多周期共振看空 ⬇⬇⬇,-0.875,-0.7131,-0.5625
002825,纳尔股份,20.02,True,7.8,8.48,0,-4.47,-13.17,-8.6,-8.01,0.0,2026-07-13,2026-07-13,22.5,0.013,-0.0531,0.3269,0.1866,0.2778,0.4552,0.1455,-0.8323,0.0838,多周期共振看空 ⬇⬇⬇,-0.691,-0.6744,-0.5625
000016,*ST康佳A,36.88,True,2.31,2.52,0,-0.45,-23.16,-11.55,-8.48,0.0,2026-07-13,2026-07-13,40.0,-0.1565,-0.2228,0.6959,0.1109,0.6667,0.0,0.1455,-0.8134,0.0933,多周期共振看空 ⬇⬇⬇,-0.664,-0.656,-0.5625
603169,兰石重装,77.59,True,5.94,7.07,4,7.5,-16.01,-6.83,-16.01,0.0,2026-07-13,2026-07-13,21.94,0.621,-0.4485,0.686,0.3932,0.2652,0.0,0.1453,-0.7853,0.1074,多周期共振看空 ⬇⬇⬇,-0.806,-0.54,-0.495
003038,鑫铂股份,17.0,True,10.37,11.52,1,0.35,-9.97,-5.25,-9.97,0.0,2026-07-13,2026-07-13,20.13,0.5419,-0.5378,0.3778,0.3251,0.2251,0.3703,0.1452,-0.9248,0.0376,多周期共振看空 ⬇⬇⬇,-0.8615,-0.7315,-0.5625
002596,海南瑞泽,30.84,True,2.69,3.06,0,-2.6,-16.8,-10.14,-12.18,0.0,2026-07-13,2026-07-13,29.03,0.1121,0.0131,0.6345,0.2725,0.4229,0.0,0.1452,-0.7823,0.1089,多周期共振看空 ⬇⬇⬇,-0.6181,-0.6271,-0.5625
603312,西典新能,16.18,True,31.78,34.82,6,2.19,-11.7,-4.06,-8.73,0.0,2026-07-13,2026-07-13,25.87,0.3983,-0.485,0.4863,0.245,0.3526,0.1895,0.1452,-0.8054,0.0973,多周期共振看空 ⬇⬇⬇,-0.534,-0.75,-0.5625
002625,光启技术,605.0,True,28.08,31.76,1,0.06,-17.99,-9.59,-11.59,0.0,2026-07-13,2026-07-13,36.04,-0.0523,-0.0299,0.5593,0.188,0.5787,0.0678,0.145,-0.8895,0.0553,多周期共振看空 ⬇⬇⬇,-0.8033,-0.7038,-0.5625
002130,沃尔核材,187.3,True,16.33,18.58,1,0.09,-12.18,-6.2,-12.09,0.0,2026-07-13,2026-07-13,31.77,0.0408,-0.0257,0.6414,0.2142,0.4838,0.0,0.1436,-0.7742,0.1129,多周期共振看空 ⬇⬇⬇,-0.5687,-0.6516,-0.5625
002324,普利特,74.91,True,9.65,11.94,8,5.36,-19.21,-3.66,-19.21,0.0,2026-07-13,2026-07-13,14.71,0.2781,0.1033,0.5188,0.4082,0.1046,0.1354,0.1436,-0.7381,0.131,多周期共振看空 ⬇⬇⬇,-0.6725,-0.5507,-0.495
000659,珠海中富,33.17,True,2.58,3.14,0,-6.51,-17.76,-11.0,-17.76,0.0,2026-07-13,2026-07-13,9.57,-0.6828,0.5325,0.3711,0.4,0.0,0.3814,0.1434,-0.7983,0.1008,多周期共振看空 ⬇⬇⬇,-0.875,-0.6669,-0.3375
000586,汇源通信,21.85,True,11.43,13.72,0,-3.93,-16.7,-10.25,-16.7,0.0,2026-07-13,2026-07-13,12.91,0.5388,-0.3582,0.5135,0.38,0.0647,0.1442,0.1425,-0.6609,0.1695,多周期共振看空 ⬇⬇⬇,-0.8325,-0.469,-0.27
600089,XD特变电,967.1,True,19.14,21.99,1,1.18,-12.94,-6.78,-12.94,0.0,2026-07-13,2026-07-13,6.58,0.5866,-0.226,0.4537,0.4616,0.0,0.2438,0.1425,-0.7937,0.1032,多周期共振看空 ⬇⬇⬇,-0.8525,-0.6762,-0.3375
603381,永臻股份,19.81,True,13.94,15.69,0,-4.47,-17.13,-10.27,-11.15,0.0,2026-07-13,2026-07-13,21.16,-0.2194,-0.1399,0.2917,0.144,0.2481,0.5138,0.1422,-0.8017,0.0992,多周期共振看空 ⬇⬇⬇,-0.7,-0.6669,-0.495
600797,浙大网新,63.71,True,6.2,6.62,0,-2.83,-14.17,-8.05,-6.32,0.0,2026-07-13,2026-07-13,32.77,-0.0383,-0.3051,0.4002,0.078,0.5059,0.333,0.1415,-0.866,0.067,多周期共振看空 ⬇⬇⬇,-0.7,-0.7408,-0.5625
002309,中利集团,57.99,True,2.41,2.83,0,-5.39,-15.37,-11.42,-14.78,0.0,2026-07-13,2026-07-13,15.56,0.317,-0.1976,0.4345,0.3111,0.1235,0.2758,0.1413,-0.7361,0.132,多周期共振看空 ⬇⬇⬇,-0.925,-0.4875,-0.3375
002922,伊戈尔,99.64,True,26.43,32.36,0,-4.53,-18.33,-10.78,-18.33,0.0,2026-07-13,2026-07-13,25.42,0.2705,-0.3341,0.7179,0.2287,0.3427,0.0,0.1404,-0.6541,0.1729,多周期共振看空 ⬇⬇⬇,-0.821,-0.3963,-0.3375
603015,弘讯科技,40.79,True,10.09,11.78,8,7.32,-14.38,-3.08,-14.38,0.0,2026-07-13,2026-07-13,9.97,0.7388,-0.5489,0.5823,0.4433,0.0,0.0295,0.1401,-0.6124,0.1938,多周期共振看空 ⬇⬇⬇,-0.4781,-0.4412,-0.495
002451,摩恩电气,28.54,True,6.5,7.25,0,-3.87,-11.42,-7.37,-10.33,0.0,2026-07-13,2026-07-13,15.76,0.2166,-0.1592,0.3293,0.2663,0.128,0.4512,0.1387,-0.8312,0.0844,多周期共振看空 ⬇⬇⬇,-0.9205,-0.7004,-0.3375
600699,均胜电子,279.97,True,20.06,22.55,0,-0.49,-15.82,-8.97,-11.06,0.0,2026-07-13,2026-07-13,33.7,0.1205,-0.3223,0.5618,0.1434,0.5268,0.0636,0.1383,-0.8064,0.0968,多周期共振看空 ⬇⬇⬇,-0.801,-0.5233,-0.5625
600490,鹏欣资源,112.38,True,5.64,6.42,4,2.67,-15.3,-7.12,-12.15,0.0,2026-07-13,2026-07-13,28.1,0.0716,-0.0962,0.6584,0.2045,0.4022,0.0,0.1382,-0.7038,0.1481,多周期共振看空 ⬇⬇⬇,-0.733,-0.4236,-0.495
003002,壶化股份,29.47,True,16.12,18.54,0,-3.69,-15.84,-10.34,-13.05,0.0,2026-07-13,2026-07-13,16.83,0.3945,-0.23,0.3927,0.3447,0.1517,0.3455,0.138,-0.9062,0.0469,多周期共振看空 ⬇⬇⬇,-0.925,-0.6363,-0.5625
601606,长城军工,189.02,True,26.1,28.77,0,-3.39,-13.26,-8.01,-9.27,0.0,2026-07-13,2026-07-13,33.3,-0.1476,-0.3283,0.4227,0.0687,0.5178,0.2954,0.1378,-0.8649,0.0675,多周期共振看空 ⬇⬇⬇,-0.6865,-0.75,-0.5625
605166,聚合顺,25.43,True,8.08,9.52,3,4.07,-15.17,-5.15,-15.17,0.0,2026-07-13,2026-07-13,12.36,0.6459,-0.2358,0.6066,0.4932,0.0525,0.0,0.1378,-0.7497,0.1251,多周期共振看空 ⬇⬇⬇,-0.8023,-0.3976,-0.5625
002471,中超控股,70.4,True,5.24,6.19,0,-3.61,-15.29,-9.94,-15.29,0.0,2026-07-13,2026-07-13,32.04,-0.1247,-0.0944,0.6914,0.1622,0.4897,0.0,0.1375,-0.7476,0.1262,多周期共振看空 ⬇⬇⬇,-0.7985,-0.6211,-0.3375
003027,同兴科技,16.21,True,15.46,17.77,0,-2.44,-16.08,-10.18,-12.98,0.0,2026-07-13,2026-07-13,31.11,0.1865,-0.5317,0.5212,0.1119,0.4691,0.1313,0.1374,-0.7477,0.1261,多周期共振看空 ⬇⬇⬇,-0.848,-0.4214,-0.495
603822,ST嘉澳,47.1,True,61.31,69.69,3,4.44,-13.91,-6.47,-12.02,0.0,2026-07-13,2026-07-13,33.98,-0.0745,-0.25,0.5718,0.1,0.5329,0.0469,0.1374,-0.7375,0.1312,多周期共振看空 ⬇⬇⬇,-0.5971,-0.614,-0.495
000821,ST京机,44.02,True,7.28,7.98,0,-0.66,-17.53,-7.67,-8.75,0.0,2026-07-13,2026-07-13,38.96,-0.4929,-0.2578,0.5774,0.0969,0.6435,0.0377,0.1374,-0.8579,0.0711,多周期共振看空 ⬇⬇⬇,-0.6685,-0.75,-0.5625
603320,迪贝电气,23.86,True,16.0,18.59,0,-1.91,-16.09,-9.37,-13.95,0.0,2026-07-13,2026-07-13,22.69,0.128,-0.0498,0.6043,0.2569,0.2819,0.0,0.137,-0.6532,0.1734,多周期共振看空 ⬇⬇⬇,-0.812,-0.4021,-0.3375
002347,泰尔股份,26.15,True,5.3,5.97,0,-1.95,-13.64,-8.93,-11.22,0.0,2026-07-13,2026-07-13,28.86,-0.3383,-0.0525,0.4706,0.179,0.4192,0.2157,0.1368,-0.8676,0.0662,多周期共振看空 ⬇⬇⬇,-0.9205,-0.6229,-0.495
002866,传艺科技,24.64,True,13.6,16.34,0,-5.47,-16.76,-10.31,-16.76,0.0,2026-07-13,2026-07-13,15.33,0.1672,-0.076,0.4665,0.2699,0.1185,0.2226,0.1366,-0.6596,0.1702,多周期共振看空 ⬇⬇⬇,-0.8615,-0.4413,-0.27
603218,日月股份,96.1,True,9.34,10.25,0,-2.22,-9.36,-5.95,-8.87,0.0,2026-07-13,2026-07-13,23.55,-0.2459,-0.1991,0.2788,0.1204,0.3012,0.5353,0.1356,-0.8978,0.0511,多周期共振看空 ⬇⬇⬇,-0.857,-0.6762,-0.5625
600302,ST标准,27.2,True,7.86,8.5,2,5.52,-20.05,-10.02,-7.56,0.0,2026-07-13,2026-07-13,37.5,0.0931,-0.5431,0.6308,0.0558,0.6111,0.0,0.1355,-0.7388,0.1306,多周期共振看空 ⬇⬇⬇,-0.7245,-0.6652,-0.3375
603737,三棵树,194.87,True,22.01,24.75,0,-4.04,-14.23,-9.03,-11.08,0.0,2026-07-13,2026-07-13,20.38,-0.1146,-0.0631,0.341,0.1748,0.2307,0.4317,0.1349,-0.8227,0.0887,多周期共振看空 ⬇⬇⬇,-0.7,-0.7131,-0.495
002449,国星光电,39.34,True,6.36,7.51,1,0.72,-15.28,-5.86,-15.28,0.0,2026-07-13,2026-07-13,18.32,0.5787,-0.4172,0.5792,0.3804,0.1849,0.0347,0.1348,-0.7799,0.11,多周期共振看空 ⬇⬇⬇,-0.646,-0.5979,-0.5625
002214,*ST大立,61.48,True,12.85,14.49,4,1.99,-15.41,-3.71,-11.35,0.0,2026-07-13,2026-07-13,30.97,-0.2657,-0.3018,0.5598,0.0793,0.466,0.0669,0.1345,-0.6638,0.1681,多周期共振看空 ⬇⬇⬇,-0.6965,-0.5244,-0.3375
600212,绿能慧充,25.6,True,4.82,5.37,0,-2.14,-11.63,-8.08,-10.25,0.0,2026-07-13,2026-07-13,24.89,0.0716,0.1243,0.4947,0.2927,0.3308,0.1755,0.1345,-0.93,0.035,多周期共振看空 ⬇⬇⬇,-0.875,-0.7315,-0.5625
002388,新亚制程,20.45,True,4.04,5.14,3,3.52,-21.47,-4.92,-21.47,0.0,2026-07-13,2026-07-13,13.79,0.1391,0.2001,0.5984,0.3635,0.0843,0.0026,0.1338,-0.6142,0.1929,多周期共振看空 ⬇⬇⬇,-0.5009,-0.4255,-0.495
002318,久立特材,172.03,True,18.02,22.83,11,7.26,-21.07,-2.53,-21.07,0.0,2026-07-13,2026-07-13,16.52,-0.3711,0.2579,0.5332,0.3032,0.1448,0.1113,0.1336,-0.6795,0.1603,多周期共振看空 ⬇⬇⬇,-0.5382,-0.6946,-0.3375
603988,中电电机,35.61,True,15.14,17.19,0,-3.35,-14.87,-9.69,-11.91,0.0,2026-07-13,2026-07-13,28.03,-0.1177,-0.1005,0.4632,0.1598,0.4006,0.228,0.1336,-0.8499,0.0751,多周期共振看空 ⬇⬇⬇,-0.691,-0.7131,-0.5625
603305,旭升集团,128.4,True,11.11,12.63,0,-1.68,-15.71,-8.77,-12.06,0.0,2026-07-13,2026-07-13,31.37,-0.1325,-0.1022,0.5521,0.1591,0.4749,0.0798,0.1335,-0.8204,0.0898,多周期共振看空 ⬇⬇⬇,-0.8755,-0.5576,-0.495
002194,武汉凡谷,42.45,True,8.31,10.44,6,7.5,-21.55,-8.9,-20.38,0.0,2026-07-13,2026-07-13,10.59,0.7525,-0.7478,0.7041,0.4515,0.0131,0.0,0.1334,-0.6706,0.1647,多周期共振看空 ⬇⬇⬇,-0.582,-0.4124,-0.5625
002036,联创电子,65.33,True,6.19,7.49,0,-4.61,-17.7,-10.87,-17.31,0.0,2026-07-13,2026-07-13,25.25,0.4258,-0.3928,0.7002,0.2983,0.3389,0.0,0.1332,-0.8183,0.0908,多周期共振看空 ⬇⬇⬇,-0.7769,-0.57,-0.5625
603516,淳中科技,201.5,True,99.13,124.21,10,16.91,-20.19,-0.79,-20.19,0.0,2026-07-13,2026-07-13,20.03,0.3612,-0.294,0.8248,0.2991,0.2228,0.0,0.1318,-0.6913,0.1543,多周期共振看空 ⬇⬇⬇,-0.2952,-0.7038,-0.5625
002488,金固股份,79.04,True,8.59,9.3,2,0.89,-11.84,-5.73,-7.66,0.0,2026-07-13,2026-07-13,30.87,0.0768,-0.3786,0.5141,0.0946,0.4637,0.1431,0.1314,-0.7711,0.1144,多周期共振看空 ⬇⬇⬇,-0.6775,-0.619,-0.495
603095,越剑智能,32.54,True,12.6,14.91,0,-6.32,-18.52,-13.35,-15.51,0.0,2026-07-13,2026-07-13,18.86,0.108,-0.1759,0.4802,0.1945,0.1968,0.1997,0.1311,-0.6586,0.1707,多周期共振看空 ⬇⬇⬇,-0.848,-0.4506,-0.27
002140,东华科技,60.53,True,8.56,9.35,0,-0.09,-8.42,-4.06,-8.42,0.0,2026-07-13,2026-07-13,12.65,0.0457,-0.0017,0.2469,0.2268,0.0589,0.5885,0.1309,-0.8567,0.0716,多周期共振看空 ⬇⬇⬇,-0.841,-0.6669,-0.495
603334,丰倍生物,9.74,True,30.62,36.49,0,-1.25,-16.08,-8.42,-16.08,0.0,2026-07-13,2026-07-13,15.55,0.0245,0.0342,0.3884,0.2284,0.1232,0.3526,0.1293,-0.7613,0.1194,周线日线共振看空,-0.8615,-0.4397,
002178,延华智能,30.04,True,4.22,4.61,0,-5.65,-15.64,-10.58,-8.42,0.0,2026-07-13,2026-07-13,25.0,-0.3612,-0.2276,0.3866,0.1089,0.3333,0.3556,0.1283,-0.8324,0.0838,多周期共振看空 ⬇⬇⬇,-0.625,-0.7313,-0.5625
603396,金辰股份,31.97,True,23.08,26.55,0,-4.88,-13.08,-8.37,-13.08,0.0,2026-07-13,2026-07-13,19.37,0.0089,-0.0357,0.3366,0.1911,0.2082,0.439,0.128,-0.8825,0.0588,多周期共振看空 ⬇⬇⬇,-0.875,-0.6946,-0.495
601212,白银有色,339.14,True,4.58,5.31,1,0.26,-13.98,-8.3,-13.76,0.0,2026-07-13,2026-07-13,23.43,-0.0258,0.2126,0.6131,0.285,0.2984,0.0,0.1266,-0.8011,0.0994,多周期共振看空 ⬇⬇⬇,-0.907,-0.6457,-0.3375
002657,中科金财,50.76,True,15.1,20.07,16,15.09,-26.99,0.02,-24.75,0.0,2026-07-13,2026-07-13,21.56,0.2308,-0.1849,0.9202,0.2645,0.2568,0.0,0.1264,-0.7204,0.1398,多周期共振看空 ⬇⬇⬇,-0.4055,-0.6733,-0.5625
002048,宁波华翔,152.68,True,21.51,24.7,5,6.15,-15.99,-5.68,-12.92,0.0,2026-07-13,2026-07-13,35.29,-0.0048,-0.5205,0.7287,0.0,0.5621,0.0,0.1261,-0.6655,0.1673,多周期共振看空 ⬇⬇⬇,-0.5443,-0.4335,-0.5625
601799,星宇股份,260.85,True,91.31,103.48,0,-6.24,-22.37,-11.16,-11.76,0.0,2026-07-13,2026-07-13,25.97,-0.5339,0.0244,0.5765,0.2097,0.3549,0.0392,0.1239,-0.8014,0.0993,多周期共振看空 ⬇⬇⬇,-0.821,-0.5625,-0.495
603610,麒盛科技,48.11,True,13.63,17.55,11,6.46,-22.32,-3.04,-22.32,0.0,2026-07-13,2026-07-13,22.76,-0.1069,-0.3481,0.6891,0.0608,0.2834,0.0,0.1236,-0.4484,0.2758,多周期共振看空 ⬇⬇⬇,-0.4158,-0.3142,-0.315
000981,山子高科,243.54,True,2.56,2.95,0,-5.42,-15.46,-10.15,-13.28,0.0,2026-07-13,2026-07-13,25.42,-0.1732,-0.0513,0.4839,0.1795,0.3427,0.1935,0.1225,-0.8735,0.0632,多周期共振看空 ⬇⬇⬇,-0.866,-0.6825,-0.495
002510,天汽模,50.95,True,5.07,5.72,0,-2.88,-15.05,-7.94,-11.38,0.0,2026-07-13,2026-07-13,30.04,0.0265,-0.3694,0.5249,0.0681,0.4453,0.1252,0.1204,-0.7801,0.1099,多周期共振看空 ⬇⬇⬇,-0.78,-0.4834,-0.5625
603922,ST金鸿顺,22.04,True,12.3,13.94,6,4.43,-14.4,-6.06,-11.74,0.0,2026-07-13,2026-07-13,22.35,-0.1529,0.1602,0.6385,0.2641,0.2743,0.0,0.1196,-0.7948,0.1026,多周期共振看空 ⬇⬇⬇,-0.6037,-0.6669,-0.5625
603036,如通股份,24.78,True,12.03,14.35,11,12.22,-16.2,-0.05,-16.2,0.0,2026-07-13,2026-07-13,16.81,0.3257,-0.5193,0.4756,0.1954,0.1513,0.2074,0.1187,-0.711,0.1445,多周期共振看空 ⬇⬇⬇,-0.3133,-0.7315,-0.5625
603718,*ST海利,18.37,True,2.83,2.9,0,-0.56,-15.46,-7.24,-2.31,0.0,2026-07-13,2026-07-13,37.12,0.0433,-0.4725,0.6089,0.037,0.6027,0.0,0.1186,-0.8339,0.0831,多周期共振看空 ⬇⬇⬇,-0.607,-0.75,-0.5625
600590,泰豪科技,71.2,True,8.44,10.36,0,-6.21,-18.55,-12.78,-18.55,0.0,2026-07-13,2026-07-13,17.74,0.0982,-0.1518,0.507,0.1982,0.172,0.155,0.1173,-0.7088,0.1456,多周期共振看空 ⬇⬇⬇,-0.875,-0.4702,-0.3375
605286,同力天启,40.02,True,23.82,26.83,0,-2.27,-19.0,-11.31,-11.22,0.0,2026-07-13,2026-07-13,28.34,0.005,-0.1974,0.5551,0.1241,0.4076,0.0749,0.1162,-0.818,0.091,多周期共振看空 ⬇⬇⬇,-0.6955,-0.6392,-0.5625
002898,赛隆退,0.38,True,0.38,4.21,2,5.92,-96.98,-58.21,-90.97,0.0,2026-07-13,2026-07-13,1.11,-0.6751,7.2439,3.4386,0.4,0.0,0.0,0.1146,-0.7235,0.1382,多周期共振看空 ⬇⬇⬇,-0.6975,-0.6548,-0.3375
002217,ST合力泰,105.55,True,1.45,2.03,2,4.07,-28.52,-14.47,-28.52,0.0,2026-07-13,2026-07-13,16.78,0.2346,-0.0039,0.8441,0.3392,0.1507,0.0,0.1145,-0.8075,0.0963,多周期共振看空 ⬇⬇⬇,-0.83,-0.5007,-0.5625
002590,万安科技,44.74,True,9.04,10.23,0,-3.47,-11.62,-8.01,-11.62,0.0,2026-07-13,2026-07-13,20.21,0.0828,-0.3097,0.335,0.1258,0.2268,0.4416,0.1136,-0.9181,0.0409,多周期共振看空 ⬇⬇⬇,-0.866,-0.7131,-0.5625
000592,平潭发展,108.97,True,5.69,6.82,1,5.25,-17.35,-11.03,-16.55,0.0,2026-07-13,2026-07-13,32.27,-0.127,-0.3182,0.7266,0.0727,0.4948,0.0,0.1132,-0.8043,0.0978,多周期共振看空 ⬇⬇⬇,-0.8615,-0.6917,-0.3375
605336,*ST帅电,18.36,True,10.01,13.25,0,-0.0,-27.84,-13.03,-24.44,0.0,2026-07-13,2026-07-13,16.0,-0.3766,-0.0401,0.566,0.184,0.1333,0.0567,0.1073,-0.6416,0.1792,多周期共振看空 ⬇⬇⬇,-0.738,-0.2825,-0.495
603612,索通发展,77.11,True,15.48,18.22,1,0.94,-15.02,-7.66,-15.02,0.0,2026-07-13,2026-07-13,5.47,0.17,-0.0488,0.3915,0.2825,0.0,0.3474,0.1063,-0.8797,0.0601,多周期共振看空 ⬇⬇⬇,-0.857,-0.7038,-0.495
001382,新亚电缆,9.25,True,14.69,16.82,0,-0.6,-20.32,-11.31,-12.64,0.0,2026-07-13,2026-07-13,21.3,0.067,-0.345,0.4298,0.1022,0.2512,0.2836,0.1054,-0.8486,0.0757,多周期共振看空 ⬇⬇⬇,-0.774,-0.6392,-0.5625
002869,金溢科技,22.79,True,14.47,16.96,5,4.52,-14.7,-6.22,-14.7,0.0,2026-07-13,2026-07-13,10.74,0.5589,-0.6415,0.4773,0.3353,0.0164,0.2045,0.1038,-0.8893,0.0554,多周期共振看空 ⬇⬇⬇,-0.7597,-0.7408,-0.5625
605196,华通线缆,115.94,True,22.96,27.86,0,-5.24,-25.37,-17.12,-17.6,0.0,2026-07-13,2026-07-13,28.12,-0.2105,-0.3204,0.7548,0.0718,0.4027,0.0,0.1016,-0.7856,0.1072,多周期共振看空 ⬇⬇⬇,-0.875,-0.6392,-0.3375
603202,天有为,25.02,True,49.82,54.08,2,1.31,-19.55,-9.44,-7.88,0.0,2026-07-13,2026-07-13,24.91,-0.0822,-0.5266,0.4582,0.0,0.3313,0.2363,0.0955,-0.8227,0.0887,多周期共振看空 ⬇⬇⬇,-0.589,-0.7408,-0.5625
603370,华新精科,11.14,True,31.83,37.7,0,-0.31,-15.58,-7.69,-15.58,0.0,2026-07-13,2026-07-13,20.35,0.1259,-0.4455,0.4459,0.0973,0.23,0.2569,0.0947,-0.8795,0.0603,周线日线共振看空,-0.812,-0.6652,
603360,百傲化学,97.04,True,13.74,16.79,0,-0.55,-18.39,-11.41,-18.15,0.0,2026-07-13,2026-07-13,28.39,0.1403,-0.5331,0.7083,0.0842,0.4086,0.0,0.0922,-0.887,0.0565,多周期共振看空 ⬇⬇⬇,-0.7431,-0.75,-0.5625
600577,精达股份,170.19,True,7.88,9.93,0,-6.59,-20.62,-13.22,-20.62,0.0,2026-07-13,2026-07-13,16.34,-0.1616,-0.3147,0.5062,0.0741,0.1408,0.1563,0.0855,-0.729,0.1355,多周期共振看空 ⬇⬇⬇,-0.83,-0.5533,-0.3375
001373,翔腾新材,10.7,True,25.51,31.35,0,-2.06,-18.63,-9.53,-18.63,0.0,2026-07-13,2026-07-13,14.76,0.0844,-0.388,0.5162,0.0955,0.1057,0.1396,0.0853,-0.7088,0.1456,多周期共振看空 ⬇⬇⬇,-0.812,-0.5244,-0.3375
002453,华软科技,23.68,True,3.93,4.65,0,-1.81,-16.81,-10.76,-15.56,0.0,2026-07-13,2026-07-13,18.91,-0.0392,-0.1073,0.676,0.1571,0.1979,0.0,0.0835,-0.8209,0.0896,多周期共振看空 ⬇⬇⬇,-0.8255,-0.534,-0.5625
002731,ST萃华,5.9,True,2.57,5.38,0,-0.03,-52.27,-20.2,-52.27,0.0,2026-07-13,2026-07-13,0.0,0.6026,-0.955,0.6228,0.3616,0.0,0.0,0.0774,-0.9593,0.0203,周线日线共振看空,-0.857,-0.75,
000980,众泰汽车,80.68,True,1.6,2.01,0,-6.66,-20.36,-12.96,-20.36,0.0,2026-07-13,2026-07-13,13.92,0.1505,-0.8475,0.6384,0.0903,0.0872,0.0,0.0535,-0.8208,0.0896,多周期共振看空 ⬇⬇⬇,-0.8165,-0.5417,-0.5625
