code,name,market_cap,is_tech,latest_close,latest_ma20,days_above_ma20,max_distance_above_ma20_pct,min_distance_above_ma20_pct,avg_distance_above_ma20_pct,latest_distance_above_ma20_pct,ma20_strength_score,last_breach_date,latest_date,rsi,volume_price_corr,volume_change_22d,volatility_20d,volume_price_score,rsi_score,volatility_score,composite_score,trend_score,trend_normalized,trend_phase,daily_trend_score,weekly_trend_score,monthly_trend_score
600360,华微电子,152.69,True,15.9,14.23,19,22.68,-9.42,9.88,11.72,0.7993,2026-06-16,2026-07-14,62.8,0.9418,3.1499,0.8028,0.9651,0.8266,0.0,0.7937,0.8951,0.9476,多周期共振看多 ⬆⬆⬆,0.764,0.75,0.5625
002422,科伦药业,0.0,True,48.5,40.9,21,26.76,-1.1,9.03,18.58,0.8097,2026-06-26,2026-07-14,69.34,0.9456,1.8575,0.7657,0.9674,0.6813,0.0,0.7707,0.8571,0.9285,多周期共振看多 ⬆⬆⬆,0.7925,0.7094,0.495
603259,药明康德,3153.68,True,127.51,116.66,20,22.27,-1.07,9.24,9.3,0.7818,2026-06-17,2026-07-14,62.94,0.7231,1.2812,0.5585,0.8339,0.8235,0.0692,0.7653,0.8681,0.9341,多周期共振看多 ⬆⬆⬆,0.7613,0.6929,0.5625
002185,华天科技,853.26,True,25.68,21.53,20,22.29,-8.33,9.86,19.29,0.8147,2026-06-15,2026-07-14,66.03,0.7456,2.92,0.825,0.8474,0.7549,0.0,0.7623,0.8812,0.9406,多周期共振看多 ⬆⬆⬆,0.8165,0.6744,0.5625
002821,凯莱英,564.18,True,177.95,149.57,18,36.13,-4.74,14.61,18.97,0.7864,2026-06-17,2026-07-14,67.9,0.8401,3.2022,0.8258,0.904,0.7134,0.0,0.7607,0.896,0.948,多周期共振看多 ⬆⬆⬆,0.7985,0.7223,0.5625
603928,兴业股份,51.89,True,15.23,14.18,17,36.8,-4.47,12.55,7.37,0.7046,2026-06-25,2026-07-14,59.13,0.8953,7.6191,1.1805,0.9372,0.9082,0.0,0.7551,0.7603,0.8801,多周期共振看多 ⬆⬆⬆,0.7137,0.4967,0.5625
002674,兴业科技,0.0,True,31.9,26.21,22,70.87,4.62,30.26,21.69,0.85,2026-05-12,2026-07-14,64.77,0.5866,2.4096,1.1623,0.752,0.7828,0.0,0.7522,0.8352,0.9176,多周期共振看多 ⬆⬆⬆,0.7955,0.5913,0.5625
002536,飞龙股份,0.0,True,54.07,48.93,21,22.14,-1.95,9.61,10.51,0.8243,2026-06-12,2026-07-14,55.91,0.4128,0.5597,0.9462,0.6477,0.9798,0.0,0.7519,0.8246,0.9123,多周期共振看多 ⬆⬆⬆,0.5938,0.7408,0.5625
002653,海思科,363.57,True,67.73,62.64,18,45.23,-3.39,14.22,8.13,0.7397,2026-06-18,2026-07-14,61.13,0.9201,2.8191,0.8728,0.9521,0.8637,0.0,0.7515,0.6768,0.8384,多周期共振看多 ⬆⬆⬆,0.5773,0.4976,0.495
603757,大元泵业,146.03,True,78.28,70.45,18,32.08,-16.94,13.88,11.11,0.7864,2026-06-17,2026-07-14,54.56,0.3432,1.4406,0.9694,0.6059,0.9902,0.0,0.7429,0.8984,0.9492,多周期共振看多 ⬆⬆⬆,0.794,0.7315,0.5625
603261,立航科技,41.94,True,54.11,50.31,21,45.53,-3.84,19.34,7.55,0.7728,2026-06-11,2026-07-14,57.67,0.441,8.493,0.933,0.6646,0.9407,0.0,0.742,0.8892,0.9446,多周期共振看多 ⬆⬆⬆,0.7595,0.7408,0.5625
605208,永茂泰,63.71,True,19.31,16.61,20,16.29,-4.44,7.11,16.29,0.746,2026-06-29,2026-07-14,74.83,0.8737,0.4496,0.5585,0.9041,0.5593,0.0692,0.733,0.9003,0.9502,多周期共振看多 ⬆⬆⬆,0.8525,0.6854,0.5625
603127,昭衍新药,290.09,True,46.02,38.76,18,18.72,-8.7,8.01,18.72,0.7367,2026-06-17,2026-07-14,67.25,0.9048,4.0504,0.7297,0.9429,0.7277,0.0,0.7288,0.6805,0.8402,多周期共振看多 ⬆⬆⬆,0.653,0.3734,0.5625
600584,长电科技,1837.73,True,102.7,95.77,20,29.8,-7.73,11.64,7.24,0.7491,2026-06-15,2026-07-14,55.82,0.3826,1.1739,0.9651,0.6296,0.9819,0.0,0.7273,0.8347,0.9173,多周期共振看多 ⬆⬆⬆,0.663,0.7038,0.5625
002317,众生药业,237.24,True,31.15,25.55,17,25.84,-7.96,8.42,21.93,0.7308,2026-06-22,2026-07-14,72.19,0.8342,1.3154,0.8631,0.9005,0.6181,0.0,0.7233,0.8501,0.925,多周期共振看多 ⬆⬆⬆,0.7798,0.6375,0.5625
002768,国恩股份,146.39,True,56.61,54.38,21,19.92,-3.48,10.6,4.1,0.6866,2026-07-13,2026-07-14,54.26,0.5422,1.4926,0.6263,0.7253,0.9836,0.0,0.7218,0.786,0.893,多周期共振看多 ⬆⬆⬆,0.6025,0.6485,0.5625
000977,浪潮信息,1246.07,True,84.95,70.9,19,30.83,-10.43,8.04,19.81,0.7532,2026-06-16,2026-07-14,69.73,0.8512,3.0161,0.7587,0.9107,0.6727,0.0,0.7113,0.6186,0.8093,多周期共振看多 ⬆⬆⬆,0.569,0.3769,0.495
002156,通富微电,1181.64,True,77.87,70.56,15,17.34,-11.6,3.69,10.36,0.5808,2026-07-08,2026-07-14,53.55,0.7203,1.6465,0.8303,0.8322,0.9679,0.0,0.7083,0.7797,0.8899,多周期共振看多 ⬆⬆⬆,0.5003,0.7223,0.5625
002774,快意电梯,45.62,True,16.19,14.09,20,22.06,-8.52,10.03,14.92,0.8182,2026-06-15,2026-07-14,62.8,0.1832,2.5541,0.8457,0.5099,0.8267,0.0,0.7078,0.8911,0.9456,多周期共振看多 ⬆⬆⬆,0.8075,0.7038,0.5625
603991,领先股份,147.49,True,164.73,142.48,22,27.17,1.79,14.1,15.61,0.85,2026-06-10,2026-07-14,72.23,0.5152,0.3002,0.8106,0.6292,0.6171,0.0,0.7074,0.8716,0.9358,多周期共振看多 ⬆⬆⬆,0.7595,0.7021,0.5625
000811,冰轮环境,508.77,True,52.0,49.24,20,49.99,-6.68,22.34,5.61,0.7085,2026-07-13,2026-07-14,54.2,0.3387,1.2794,1.0636,0.6032,0.9822,0.0,0.7057,0.8017,0.9008,多周期共振看多 ⬆⬆⬆,0.5245,0.75,0.5625
000021,深科技,826.59,True,52.51,52.58,20,46.22,-3.71,16.02,-0.14,0.5646,2026-07-14,2026-07-14,52.69,0.7713,0.5942,0.9804,0.8628,0.9487,0.0,0.7054,0.7691,0.8845,多周期共振看多 ⬆⬆⬆,0.529,0.6744,0.5625
600267,海正药业,136.79,True,11.59,10.38,18,11.67,-1.92,3.97,11.67,0.6672,2026-06-22,2026-07-14,67.75,0.8882,5.3491,0.4504,0.9329,0.7167,0.2494,0.7053,0.4887,0.7444,多周期共振看多 ⬆⬆⬆,0.4337,0.3199,0.3825
002860,星帅尔,56.89,True,16.54,15.1,21,24.79,-1.86,7.96,9.5,0.7705,2026-06-12,2026-07-14,66.59,0.6904,0.288,0.6531,0.7294,0.7425,0.0,0.7012,0.7023,0.8512,多周期共振看多 ⬆⬆⬆,0.728,0.5821,0.3375
000938,紫光股份,1057.65,True,36.98,30.51,14,31.01,-11.5,7.7,21.22,0.6653,2026-06-29,2026-07-14,70.1,0.9349,4.0853,0.8121,0.9609,0.6644,0.0,0.701,0.6767,0.8383,多周期共振看多 ⬆⬆⬆,0.485,0.509,0.5625
603019,中科曙光,1490.85,True,101.9,96.07,18,22.15,-7.19,6.64,6.07,0.604,2026-06-17,2026-07-14,61.19,0.9379,2.7534,0.7137,0.9627,0.8624,0.0,0.7001,0.5755,0.7877,多周期共振看多 ⬆⬆⬆,0.587,0.4242,0.3375
603893,瑞芯微,917.3,True,216.91,188.77,18,17.45,-11.01,4.67,14.91,0.653,2026-06-17,2026-07-14,69.48,0.7729,1.833,0.4935,0.8638,0.6783,0.1774,0.6942,0.6486,0.8243,多周期共振看多 ⬆⬆⬆,0.5881,0.5838,0.3375
001229,魅视科技,31.03,True,42.07,35.05,20,42.41,-1.83,17.78,20.01,0.8182,2026-06-23,2026-07-14,73.39,0.4468,3.6205,0.9141,0.6681,0.5914,0.0,0.6887,0.7673,0.8837,多周期共振看多 ⬆⬆⬆,0.764,0.469,0.5625
603669,灵康药业,52.71,True,7.4,5.78,22,27.98,8.29,15.59,27.98,0.85,2026-06-05,2026-07-14,82.42,0.7339,3.6252,0.5924,0.8403,0.3906,0.0126,0.6867,0.6303,0.8152,多周期共振看多 ⬆⬆⬆,0.83,0.3363,0.3375
603519,立霸股份,40.03,True,15.03,14.29,22,18.03,1.24,9.06,5.19,0.7071,2026-06-11,2026-07-14,52.51,-0.4211,1.6988,0.4815,0.4,0.9446,0.1974,0.6813,0.822,0.911,多周期共振看多 ⬆⬆⬆,0.7535,0.5983,0.5625
001206,依依股份,22.2,True,20.77,18.95,21,17.55,-0.3,7.62,9.6,0.7647,2026-07-06,2026-07-14,56.5,0.7765,5.1406,0.7803,0.8659,0.9667,0.0,0.6767,0.0331,0.5165,多周期方向不一致，观望,0.653,0.0356,-0.45
002901,大博医疗,134.95,True,46.79,43.02,22,8.95,0.56,3.79,8.76,0.7398,2026-06-08,2026-07-14,68.42,0.7988,1.1657,0.3406,0.8793,0.7017,0.4323,0.6763,0.0403,0.5202,多周期方向不一致，观望,0.5589,0.1137,-0.4157
002303,美盈森,43.99,True,4.55,4.1,21,26.41,-4.94,13.06,11.08,0.8341,2026-06-12,2026-07-14,69.06,0.4141,4.6952,0.7541,0.6484,0.6875,0.0,0.6751,0.5367,0.7683,多周期共振看多 ⬆⬆⬆,0.785,0.2367,0.27
603065,宿迁联盛,98.62,True,23.54,19.17,22,68.7,6.46,38.99,22.82,0.85,2026-06-02,2026-07-14,64.33,-0.0197,3.2323,1.0241,0.4,0.7926,0.0,0.6715,0.7409,0.8704,多周期共振看多 ⬆⬆⬆,0.699,0.4667,0.5625
003004,声迅股份,56.12,True,81.64,74.93,22,19.5,2.03,10.2,8.95,0.8394,2026-04-10,2026-07-14,61.96,0.3569,-0.2461,0.7465,0.3157,0.8454,0.0,0.6714,0.8368,0.9184,多周期共振看多 ⬆⬆⬆,0.625,0.7408,0.5625
603068,博通集成,59.58,True,39.25,38.38,18,14.23,-9.14,5.84,2.27,0.4891,2026-06-17,2026-07-14,53.96,0.7436,3.3599,0.4588,0.8461,0.977,0.2354,0.6696,0.4685,0.7343,多周期共振看多 ⬆⬆⬆,0.3527,0.3899,0.3375
603456,九洲药业,132.96,True,15.08,13.84,22,15.83,0.54,6.09,8.92,0.7562,2026-06-11,2026-07-14,64.58,0.817,2.3875,0.4754,0.8902,0.787,0.2076,0.6656,-0.0251,0.4874,多周期方向不一致，观望,0.4557,-0.0508,-0.45
002745,木林森,130.67,True,12.28,11.97,20,20.01,-7.26,8.44,2.59,0.594,2026-07-13,2026-07-14,51.53,0.3143,1.7853,0.8333,0.5886,0.9229,0.0,0.6605,0.8089,0.9044,多周期共振看多 ⬆⬆⬆,0.672,0.6392,0.5625
000518,四环生物,40.56,True,3.94,3.45,10,20.05,-11.98,1.4,14.05,0.4441,2026-06-30,2026-07-14,69.74,0.8778,0.605,0.5012,0.9267,0.6725,0.1647,0.6558,0.7589,0.8795,多周期共振看多 ⬆⬆⬆,0.515,0.664,0.5625
603061,金海通,349.7,True,401.95,422.45,20,45.27,-4.85,17.08,-4.85,0.4469,2026-07-14,2026-07-14,52.12,0.6068,0.8277,0.9703,0.7641,0.9361,0.0,0.6532,0.807,0.9035,多周期共振看多 ⬆⬆⬆,0.538,0.75,0.5625
603823,百合花,276.8,True,66.48,58.2,22,48.63,14.23,33.85,14.23,0.85,2026-04-15,2026-07-14,63.06,0.2622,-0.2835,0.9041,0.2439,0.821,0.0,0.652,0.8004,0.9002,多周期共振看多 ⬆⬆⬆,0.575,0.7038,0.5625
000739,普洛药业,221.06,True,19.09,17.28,18,11.32,-2.18,4.0,10.45,0.6623,2026-06-26,2026-07-14,68.7,0.7274,2.3974,0.4033,0.8364,0.6956,0.3278,0.6505,0.1792,0.5896,月线看多，日线反弹（等待周线确认）,0.4271,0.1405,0.225
603268,松发股份,380.76,True,163.24,151.04,16,12.55,-5.11,3.64,8.08,0.5527,2026-07-01,2026-07-14,63.02,0.6931,0.1771,0.5979,0.6867,0.8218,0.0036,0.6487,0.7753,0.8877,多周期共振看多 ⬆⬆⬆,0.5931,0.6331,0.5625
000970,中科三环,196.7,True,16.18,15.17,22,19.96,0.26,10.49,6.67,0.7667,2026-06-05,2026-07-14,60.6,0.651,-0.2961,0.8456,0.4721,0.8756,0.0,0.6478,0.5359,0.768,多周期共振看多 ⬆⬆⬆,0.6345,0.364,0.27
002141,贤丰控股,52.68,True,5.1,5.03,20,47.92,-6.25,20.03,1.44,0.6042,2026-07-13,2026-07-14,53.33,0.6655,0.0252,1.2506,0.6094,0.963,0.0,0.6466,0.5923,0.7962,多周期共振看多 ⬆⬆⬆,0.493,0.3167,0.5625
603087,甘李药业,392.81,True,70.0,59.89,20,17.6,-2.74,6.06,16.87,0.7197,2026-06-26,2026-07-14,69.38,0.8753,3.6131,0.6799,0.9252,0.6805,0.0,0.6452,0.1376,0.5688,多周期方向不一致，观望,0.5611,0.1237,0.0
002693,双成药业,42.45,True,10.33,9.42,12,17.8,-10.94,0.54,9.67,0.4462,2026-06-26,2026-07-14,64.95,0.8974,2.9056,0.7341,0.9384,0.7788,0.0,0.6434,0.6402,0.8201,多周期共振看多 ⬆⬆⬆,0.2809,0.6037,0.5625
001359,平安电工,72.51,True,120.27,114.92,20,51.7,-0.88,20.83,4.66,0.6846,2026-07-13,2026-07-14,43.41,0.1599,1.8545,0.8608,0.4959,0.7424,0.0,0.6417,0.8065,0.9032,多周期共振看多 ⬆⬆⬆,0.5475,0.7408,0.5625
002603,以岭药业,236.08,True,17.15,15.44,14,11.09,-2.86,1.5,11.09,0.5677,2026-07-09,2026-07-14,63.7,0.9123,6.745,0.4502,0.9474,0.8067,0.2496,0.6351,0.035,0.5175,多周期方向不一致，观望,0.2603,-0.0688,-0.0003
002289,宇顺电子,124.87,True,45.5,44.57,18,16.64,-3.28,4.95,2.09,0.4622,2026-07-13,2026-07-14,48.95,0.5414,3.4593,0.7154,0.7248,0.8656,0.0,0.6348,0.7709,0.8855,多周期共振看多 ⬆⬆⬆,0.5101,0.6946,0.5625
002371,北方华创,5613.8,True,774.2,796.55,20,30.77,-3.49,11.94,-2.81,0.498,2026-07-14,2026-07-14,50.48,0.3838,0.4696,0.7574,0.6181,0.8996,0.0,0.6326,0.7968,0.8984,多周期共振看多 ⬆⬆⬆,0.5335,0.7315,0.5625
002907,华森制药,48.76,True,14.52,13.56,18,11.45,-2.84,5.78,7.09,0.6227,2026-07-08,2026-07-14,56.3,0.7315,6.209,0.7028,0.8389,0.9711,0.0,0.6299,0.0373,0.5187,多周期方向不一致，观望,0.6575,0.0505,-0.45
001256,炜冈科技,27.43,True,25.66,26.98,19,21.06,-4.89,7.44,-4.89,0.366,2026-07-14,2026-07-14,53.18,0.507,1.1492,0.5184,0.7042,0.9595,0.136,0.6295,0.7705,0.8852,多周期共振看多 ⬆⬆⬆,0.511,0.6929,0.5625
002158,汉钟精机,177.36,True,33.24,34.58,18,19.41,-9.02,8.04,-3.86,0.3907,2026-07-14,2026-07-14,44.99,0.791,1.1626,0.8038,0.8746,0.7775,0.0,0.6287,0.7597,0.8799,多周期共振看多 ⬆⬆⬆,0.4705,0.7038,0.5625
002415,海康威视,3037.78,True,33.58,33.52,19,9.95,-2.92,4.18,0.18,0.4644,2026-07-13,2026-07-14,47.31,0.6461,0.2895,0.4789,0.7035,0.8292,0.2019,0.6278,0.6261,0.8131,多周期共振看多 ⬆⬆⬆,0.3503,0.5133,0.5625
603339,四方科技,44.5,True,14.38,14.48,17,16.47,-3.01,5.68,-0.67,0.3955,2026-07-14,2026-07-14,43.94,0.9222,7.5631,0.7667,0.9533,0.7543,0.0,0.6272,0.6382,0.8191,多周期共振看多 ⬆⬆⬆,0.6507,0.5073,0.3375
603726,朗迪集团,54.04,True,29.27,31.01,19,24.63,-7.63,8.8,-5.6,0.3822,2026-07-14,2026-07-14,49.26,0.676,0.6831,0.8579,0.8056,0.8724,0.0,0.6259,0.7541,0.877,多周期共振看多 ⬆⬆⬆,0.4885,0.6762,0.5625
002841,视源股份,269.01,True,51.6,39.38,11,42.05,-7.84,8.14,31.02,0.6286,2026-06-29,2026-07-14,83.66,0.9298,8.2486,0.7167,0.9579,0.3631,0.0,0.6212,0.4927,0.7464,多周期共振看多 ⬆⬆⬆,0.4663,0.5256,0.1575
603789,ST星农,17.11,True,6.58,5.98,10,23.1,-6.31,3.82,10.03,0.5046,2026-06-23,2026-07-14,64.09,0.6393,1.9571,0.7614,0.7836,0.798,0.0,0.6183,0.5238,0.7619,多周期共振看多 ⬆⬆⬆,0.3314,0.5521,0.315
002457,青龙管业,42.53,True,12.76,13.49,18,18.13,-5.4,5.3,-5.4,0.284,2026-07-14,2026-07-14,50.35,0.8575,0.4881,0.8,0.9098,0.8967,0.0,0.6168,0.7207,0.8603,多周期共振看多 ⬆⬆⬆,0.7265,0.5994,0.3619
000100,TCL科技,1032.07,True,5.13,5.25,18,23.26,-7.85,6.8,-2.2,0.4014,2026-07-14,2026-07-14,53.59,0.6707,0.2627,0.8919,0.7075,0.9687,0.0,0.6159,0.6698,0.8349,多周期共振看多 ⬆⬆⬆,0.5706,0.4206,0.5625
002851,麦格米特,788.93,True,172.16,163.25,13,25.88,-8.8,4.74,5.46,0.462,2026-07-13,2026-07-14,51.1,0.5059,0.3006,0.8928,0.6238,0.9134,0.0,0.6145,0.7135,0.8568,多周期共振看多 ⬆⬆⬆,0.3628,0.6946,0.5625
002038,双鹭药业,60.06,True,7.05,5.88,14,21.65,-10.81,4.05,19.91,0.5741,2026-06-26,2026-07-14,60.95,0.9013,5.9715,1.0394,0.9408,0.8679,0.0,0.6143,-0.01,0.495,⚠️⚠️ 逆大势反弹，大概率是下跌中继,0.497,-0.1668,-0.45
002728,特一药业,49.78,True,9.93,8.96,15,14.64,-5.17,4.5,10.86,0.6011,2026-06-26,2026-07-14,61.62,0.8353,5.5945,0.7156,0.9012,0.8529,0.0,0.6113,-0.0175,0.4913,⚠️⚠️ 逆大势反弹，大概率是下跌中继,0.4722,-0.2428,-0.495
600862,中航高科,275.96,True,19.81,18.67,18,7.51,-3.02,2.93,6.13,0.571,2026-07-02,2026-07-14,65.73,0.6856,0.7413,0.3691,0.8114,0.7615,0.3848,0.607,-0.0344,0.4828,⚠️⚠️ 逆大势反弹，大概率是下跌中继,0.3749,-0.4146,-0.5625
002668,TCL智家,115.57,True,10.66,10.53,22,12.8,0.34,5.76,1.25,0.5668,2026-06-10,2026-07-14,58.06,0.4621,-0.3348,0.4513,0.3433,0.9319,0.2478,0.6063,0.6244,0.8122,多周期共振看多 ⬆⬆⬆,0.5047,0.6023,0.3375
600572,康恩贝,107.6,True,4.25,4.04,13,5.16,-2.84,0.79,5.16,0.4394,2026-06-30,2026-07-14,62.77,0.7391,1.421,0.2444,0.8434,0.8274,0.5927,0.606,-0.0235,0.4883,⚠️⚠️ 逆大势反弹，大概率是下跌中继,0.1888,-0.1937,-0.415
603269,海鸥股份,68.64,True,15.89,16.45,17,11.29,-8.14,2.86,-3.41,0.2625,2026-07-14,2026-07-14,53.02,0.7799,0.7695,0.7177,0.8679,0.9561,0.0,0.6046,0.6704,0.8352,多周期共振看多 ⬆⬆⬆,0.1985,0.7408,0.5625
002605,姚记科技,67.48,True,19.95,19.05,14,8.97,-1.41,2.15,4.71,0.4457,2026-06-30,2026-07-14,61.94,0.9067,0.7995,0.4058,0.944,0.8459,0.3237,0.6038,-0.0237,0.4881,⚠️⚠️ 逆大势反弹，大概率是下跌中继,0.3104,-0.1547,-0.5625
002550,千红制药,66.08,True,7.02,6.43,14,12.59,-5.15,3.89,9.25,0.5512,2026-06-26,2026-07-14,58.53,0.7804,3.4787,0.6743,0.8682,0.9216,0.0,0.5999,-0.0189,0.4905,⚠️⚠️ 逆大势反弹，大概率是下跌中继,0.5022,-0.3404,-0.45
000063,中兴通讯,1607.42,True,39.91,37.63,11,8.64,-5.9,0.74,6.07,0.3623,2026-07-08,2026-07-14,58.24,0.8132,0.2382,0.5708,0.7832,0.928,0.0486,0.5971,0.5017,0.7509,多周期共振看多 ⬆⬆⬆,0.4489,0.4929,0.225
603983,丸美生物,116.53,True,29.06,26.4,13,29.48,-4.94,9.79,10.06,0.7015,2026-06-25,2026-07-14,73.1,0.7119,2.8977,0.7004,0.8271,0.5978,0.0,0.5969,0.051,0.5255,多周期方向不一致，观望,0.5217,0.1144,-0.3375
002816,*ST和科,28.76,True,28.76,28.13,20,13.33,-2.75,5.22,2.25,0.5347,2026-07-13,2026-07-14,54.03,0.0928,0.1845,0.5927,0.3295,0.9784,0.0121,0.5965,0.778,0.889,多周期共振看多 ⬆⬆⬆,0.4959,0.7223,0.5625
603858,步长制药,167.47,True,15.88,15.28,19,4.01,-4.51,1.21,3.94,0.5195,2026-06-30,2026-07-14,58.28,0.5499,1.8078,0.3912,0.7299,0.9271,0.3481,0.5964,-0.0346,0.4827,⚠️⚠️ 逆大势反弹，大概率是下跌中继,0.273,-0.4424,-0.45
002773,康弘药业,157.41,True,22.92,21.37,16,13.82,-3.72,3.43,7.27,0.5222,2026-06-26,2026-07-14,62.97,0.905,1.4672,0.5649,0.943,0.823,0.0584,0.5953,-0.0341,0.4829,⚠️⚠️ 逆大势反弹，大概率是下跌中继,0.363,-0.3991,-0.5625
605007,五洲特纸,73.08,True,15.4,13.94,12,14.64,-6.42,3.0,10.5,0.5159,2026-06-26,2026-07-14,80.89,0.8107,3.511,0.4119,0.8864,0.4247,0.3135,0.5944,0.3383,0.6692,多周期共振看多 ⬆⬆⬆,0.3345,0.2317,0.225
002546,新联电子,69.23,True,8.64,7.43,15,16.36,-11.08,2.03,16.36,0.5393,2026-07-07,2026-07-14,64.71,0.8768,5.5049,0.7444,0.9261,0.7843,0.0,0.5943,0.0372,0.5186,⚠️ 月线看多但周线走弱，日线仅为反弹,0.5248,-0.4385,0.225
000725,京东方Ａ,2482.77,True,7.02,7.54,20,32.26,-8.7,13.48,-6.88,0.3962,2026-07-14,2026-07-14,49.56,0.7812,-0.11,0.9129,0.6247,0.879,0.0,0.5941,0.7476,0.8738,多周期共振看多 ⬆⬆⬆,0.529,0.6271,0.5625
600812,华北制药,82.7,True,4.82,4.48,13,7.55,-4.64,1.08,7.55,0.4811,2026-06-30,2026-07-14,60.12,0.709,1.8984,0.4039,0.8254,0.8862,0.3269,0.5937,-0.0505,0.4748,⚠️⚠️ 逆大势反弹，大概率是下跌中继,0.2373,-0.6037,-0.5625
002020,京新药业,106.64,True,14.73,13.32,14,20.96,-4.84,4.42,10.55,0.5832,2026-06-26,2026-07-14,64.56,0.8066,3.4584,0.6756,0.884,0.7876,0.0,0.5935,-0.0113,0.4944,⚠️⚠️ 逆大势反弹，大概率是下跌中继,0.455,-0.1548,-0.45
002396,星网锐捷,216.77,True,28.62,22.54,10,42.03,-20.57,7.3,27.0,0.5917,2026-06-30,2026-07-14,79.22,0.7969,5.1445,0.8536,0.8781,0.4618,0.0,0.5927,0.3624,0.6812,多周期共振看多 ⬆⬆⬆,0.374,0.3184,0.1575
002747,埃斯顿,300.44,True,38.4,39.32,20,30.12,-2.33,12.5,-2.33,0.5099,2026-07-14,2026-07-14,51.2,0.4408,-0.151,0.9931,0.4041,0.9155,0.0,0.5914,0.7619,0.881,多周期共振看多 ⬆⬆⬆,0.5515,0.6392,0.5625
600288,大恒科技,75.04,True,17.18,14.11,11,29.22,-9.29,5.48,21.77,0.5621,2026-07-03,2026-07-14,74.91,0.9582,11.9791,0.6958,0.9749,0.5576,0.0,0.5912,0.1516,0.5758,月线看多，日线反弹（等待周线确认）,0.3748,0.0725,0.225
002979,雷赛智能,137.24,True,61.6,59.4,13,31.41,-10.98,5.8,3.71,0.4445,2026-06-29,2026-07-14,60.97,0.6164,-0.1232,0.782,0.5206,0.8673,0.0,0.5889,0.7707,0.8854,多周期共振看多 ⬆⬆⬆,0.5202,0.6854,0.5625
600885,宏发股份,528.5,True,34.15,35.27,15,12.21,-5.96,2.54,-3.18,0.2228,2026-07-14,2026-07-14,50.43,0.8488,0.7751,0.6575,0.9093,0.8986,0.0,0.5874,0.6315,0.8157,多周期共振看多 ⬆⬆⬆,0.2388,0.6208,0.5625
603211,晋拓股份,97.82,True,35.99,35.11,20,23.14,-2.32,9.0,2.5,0.6056,2026-07-13,2026-07-14,49.74,0.1945,-0.2565,1.0443,0.2141,0.8832,0.0,0.5867,0.8376,0.9188,多周期共振看多 ⬆⬆⬆,0.6165,0.75,0.5625
002393,力生制药,45.48,True,15.15,14.54,12,5.33,-3.66,0.43,4.17,0.3769,2026-07-09,2026-07-14,54.29,0.768,1.2044,0.3897,0.8608,0.9843,0.3506,0.5864,-0.0518,0.4741,⚠️⚠️ 逆大势反弹，大概率是下跌中继,0.1582,-0.5592,-0.5625
600276,恒瑞医药,3496.97,True,54.82,52.24,18,13.97,-2.49,5.31,4.94,0.5501,2026-06-17,2026-07-14,63.08,0.5814,1.0413,0.4542,0.7488,0.8205,0.243,0.5862,-0.008,0.496,多周期方向不一致，观望,0.5629,-0.0677,-0.45
002294,信立泰,404.92,True,36.33,33.97,12,25.04,-7.29,4.07,6.95,0.4665,2026-06-26,2026-07-14,60.56,0.9505,2.5074,0.7617,0.9703,0.8765,0.0,0.5847,-0.0465,0.4768,⚠️⚠️ 逆大势反弹，大概率是下跌中继,0.3287,-0.6054,-0.5625
600211,西藏药业,126.67,True,39.3,37.72,14,5.04,-4.29,0.65,4.19,0.4076,2026-07-09,2026-07-14,58.26,0.7293,1.1181,0.3858,0.8376,0.9275,0.3571,0.5838,-0.0464,0.4768,⚠️⚠️ 逆大势反弹，大概率是下跌中继,0.1577,-0.4568,-0.5625
000989,九芝堂,65.74,True,9.47,8.17,13,15.93,-4.93,1.68,15.93,0.5125,2026-06-30,2026-07-14,68.6,0.9073,13.7169,0.555,0.9444,0.6979,0.0751,0.5835,0.0293,0.5147,多周期方向不一致，观望,0.4009,-0.0658,-0.1489
002675,东诚药业,0.0,True,13.06,12.71,14,2.75,-2.11,0.67,2.75,0.415,2026-07-09,2026-07-14,57.28,0.5647,1.692,0.3139,0.7388,0.9493,0.4768,0.5831,-0.0343,0.4829,⚠️⚠️ 逆大势反弹，大概率是下跌中继,0.1939,-0.2573,-0.5625
002965,祥鑫科技,95.44,True,50.12,48.69,22,31.19,2.52,15.81,2.95,0.6736,2026-06-10,2026-07-14,66.37,0.1592,0.0535,0.6361,0.3169,0.7474,0.0,0.582,0.6353,0.8176,多周期共振看多 ⬆⬆⬆,0.556,0.5821,0.3375
603118,共进股份,112.27,True,14.26,12.95,10,15.03,-12.34,1.23,10.13,0.4399,2026-07-03,2026-07-14,59.44,0.8139,2.6571,0.7787,0.8884,0.9012,0.0,0.5819,0.0967,0.5484,月线看多，日线反弹（等待周线确认）,0.2375,-0.1015,0.2925
603380,易德龙,67.71,True,42.2,43.09,17,21.32,-6.56,7.87,-2.07,0.4154,2026-07-14,2026-07-14,47.91,0.4811,1.1792,0.9684,0.6887,0.8425,0.0,0.5793,0.5248,0.7624,多周期共振看多 ⬆⬆⬆,0.34,0.5244,0.3375
003033,征和工业,57.33,True,71.0,59.15,12,23.64,-16.16,3.65,20.04,0.5322,2026-06-30,2026-07-14,78.81,0.8487,0.8705,0.64,0.9092,0.4708,0.0,0.5783,0.3292,0.6646,多周期共振看多 ⬆⬆⬆,0.4805,0.1541,0.1575
002384,东山精密,3609.57,True,260.37,250.5,15,21.18,-8.67,5.49,3.94,0.4743,2026-07-13,2026-07-14,50.8,-0.1851,0.4578,0.9527,0.3831,0.9066,0.0,0.577,0.7763,0.8881,多周期共振看多 ⬆⬆⬆,0.4593,0.75,0.5625
603110,东方材料,48.6,True,24.15,22.95,12,15.31,-8.77,1.94,5.21,0.3699,2026-07-13,2026-07-14,44.88,0.514,2.4042,0.6863,0.7084,0.775,0.0,0.577,0.6647,0.8323,多周期共振看多 ⬆⬆⬆,0.3311,0.6146,0.5625
000513,丽珠集团,174.99,True,30.8,29.85,17,5.16,-3.5,1.12,3.2,0.4708,2026-06-30,2026-07-14,56.92,0.6615,0.0984,0.3349,0.6363,0.9574,0.4419,0.5768,-0.0358,0.4821,⚠️⚠️ 逆大势反弹，大概率是下跌中继,0.2394,-0.3238,-0.5625
001378,德冠新材,17.96,True,21.29,19.49,10,9.22,-8.61,-0.96,9.22,0.3821,2026-07-09,2026-07-14,59.59,0.7348,3.4499,0.648,0.8409,0.898,0.0,0.5762,0.2699,0.635,上升趋势中的日线整理,0.0307,0.2248,0.45
600380,健康元,187.7,True,10.26,9.79,14,5.9,-3.96,0.83,4.79,0.4391,2026-06-30,2026-07-14,59.22,0.5464,1.1014,0.346,0.7278,0.9062,0.4233,0.5748,-0.0466,0.4767,⚠️⚠️ 逆大势反弹，大概率是下跌中继,0.1934,-0.4904,-0.5625
000756,新华制药,72.84,True,14.6,13.7,15,14.37,-7.62,3.87,6.55,0.4993,2026-06-26,2026-07-14,52.94,0.6561,5.5393,0.7525,0.7936,0.9542,0.0,0.574,-0.0215,0.4893,⚠️⚠️ 逆大势反弹，大概率是下跌中继,0.3142,-0.2282,-0.45
600196,复星医药,509.5,True,24.05,22.73,13,7.94,-4.12,1.37,5.82,0.4318,2026-06-26,2026-07-14,60.93,0.6876,1.5043,0.4069,0.8126,0.8682,0.3219,0.5735,-0.0481,0.4759,⚠️⚠️ 逆大势反弹，大概率是下跌中继,0.2934,-0.6051,-0.5625
603313,梦百合,49.01,True,8.59,6.18,15,38.96,-7.64,9.14,38.96,0.7171,2026-06-24,2026-07-14,87.42,0.9224,8.2348,0.8502,0.9535,0.2796,0.0,0.5726,-0.001,0.4995,多周期方向不一致，观望,0.5562,-0.0313,-0.45
600851,海欣股份,64.37,True,8.72,8.79,16,28.45,-3.9,7.22,-0.85,0.4139,2026-07-14,2026-07-14,30.48,0.8542,3.0223,0.8165,0.9125,0.4552,0.0,0.5725,0.5803,0.7902,多周期共振看多 ⬆⬆⬆,0.2763,0.476,0.5625
603207,小方制药,13.09,True,23.98,22.77,13,6.1,-4.36,0.87,5.32,0.4125,2026-06-30,2026-07-14,58.9,0.6393,0.9759,0.3864,0.7836,0.9134,0.356,0.5712,-0.0546,0.4727,⚠️⚠️ 逆大势反弹，大概率是下跌中继,0.2133,-0.6608,-0.5625
600285,羚锐制药,128.59,True,22.7,20.69,12,9.96,-5.15,1.28,9.7,0.4744,2026-07-01,2026-07-14,78.14,0.6899,0.8211,0.3179,0.8139,0.4857,0.4702,0.5711,0.1692,0.5846,月线震荡，中短期走强,0.303,0.3089,0.0
600520,三佳科技,50.59,True,31.93,34.81,17,26.47,-12.01,7.24,-8.27,0.2446,2026-07-14,2026-07-14,48.44,0.5845,0.5335,0.8636,0.7507,0.8542,0.0,0.5703,0.7487,0.8743,多周期共振看多 ⬆⬆⬆,0.4425,0.7038,0.5625
600172,黄河旋风,194.37,True,15.23,16.48,18,30.25,-7.57,11.78,-7.57,0.347,2026-07-14,2026-07-14,43.49,0.447,0.4139,1.0696,0.6338,0.7443,0.0,0.5653,0.7825,0.8912,多周期共振看多 ⬆⬆⬆,0.529,0.7038,0.5625
600521,华海药业,254.08,True,16.97,15.28,11,14.78,-7.42,1.96,11.09,0.4741,2026-06-30,2026-07-14,69.63,0.8399,2.207,0.4821,0.9039,0.6748,0.1965,0.5653,-0.029,0.4855,多周期方向不一致，观望,0.2938,0.0679,-0.4473
001309,德明利,1214.9,True,736.0,822.39,17,38.54,-11.95,12.42,-10.5,0.2578,2026-07-14,2026-07-14,45.03,0.5643,0.9793,1.0129,0.7386,0.7785,0.0,0.5646,0.7821,0.8911,多周期共振看多 ⬆⬆⬆,0.4742,0.75,0.5625
002346,柘中股份,79.76,True,20.34,19.93,15,21.92,-17.94,4.03,2.05,0.3906,2026-07-08,2026-07-14,40.09,0.6849,1.0805,0.9024,0.8109,0.6687,0.0,0.5645,0.4787,0.7393,多周期共振看多 ⬆⬆⬆,0.369,0.2408,0.495
002409,雅克科技,597.2,True,187.49,186.8,22,54.21,0.37,24.38,0.37,0.6092,2026-06-09,2026-07-14,54.57,-0.0123,-0.3879,1.0412,0.0449,0.9904,0.0,0.5638,0.7877,0.8939,多周期共振看多 ⬆⬆⬆,0.5425,0.7038,0.5625
600671,天目药业,0.0,True,19.55,17.98,15,18.66,-7.74,3.48,8.75,0.5443,2026-06-29,2026-07-14,68.87,0.7004,6.2578,0.6831,0.8203,0.6918,0.0,0.5634,0.0582,0.5291,⚠️ 月线看多但周线走弱，日线仅为反弹,0.4515,-0.2424,0.225
000920,沃顿科技,65.22,True,13.8,13.86,15,19.8,-19.08,3.95,-0.46,0.3258,2026-07-14,2026-07-14,50.48,0.6014,0.5159,0.9702,0.7608,0.8996,0.0,0.5622,0.419,0.7095,上升趋势中的日线整理,0.0999,0.4402,0.5625
003043,华亚智能,78.69,True,84.3,91.06,20,30.27,-7.42,14.81,-7.42,0.3826,2026-07-14,2026-07-14,47.92,0.5905,-0.2088,0.9526,0.4708,0.8426,0.0,0.5619,0.8123,0.9062,多周期共振看多 ⬆⬆⬆,0.5515,0.75,0.5625
603650,彤程新材,484.76,True,78.89,81.62,20,46.5,-3.34,19.09,-3.34,0.4846,2026-07-14,2026-07-14,51.27,0.4591,-0.5481,0.9456,0.2755,0.9172,0.0,0.5591,0.7684,0.8842,多周期共振看多 ⬆⬆⬆,0.538,0.6652,0.5625
600351,亚宝药业,45.26,True,6.54,6.08,12,7.57,-5.95,0.3,7.57,0.441,2026-07-01,2026-07-14,63.54,0.6146,1.7858,0.3879,0.7688,0.8102,0.3536,0.5591,-0.0709,0.4646,多周期方向不一致，观望,0.081,-0.1817,-0.1992
002129,TCL中环,407.2,True,10.08,10.67,17,18.65,-5.55,4.92,-5.55,0.2546,2026-07-14,2026-07-14,54.06,0.7337,0.1106,0.8183,0.6845,0.9791,0.0,0.5587,0.5887,0.7944,多周期共振看多 ⬆⬆⬆,0.2077,0.5533,0.5625
603898,好莱客,42.96,True,14.31,14.06,19,20.78,-8.12,5.75,1.76,0.4899,2026-07-08,2026-07-14,55.14,0.6915,0.1237,0.873,0.6644,0.997,0.0,0.5572,0.0225,0.5112,⚠️ 月线空头下的短期反弹，不宜追高,0.3498,0.171,-0.2134
603129,春风动力,410.77,True,267.63,249.11,17,12.34,-4.39,4.47,7.43,0.568,2026-06-18,2026-07-14,69.46,-0.2554,0.3232,0.3713,0.3293,0.6788,0.3812,0.556,0.4382,0.7191,多周期共振看多 ⬆⬆⬆,0.5338,0.168,0.3375
000623,吉林敖东,213.06,True,17.89,17.79,19,6.64,-1.49,2.7,0.59,0.4602,2026-07-13,2026-07-14,50.95,0.5405,0.9303,0.4571,0.7243,0.9101,0.2381,0.5553,-0.1038,0.4481,多周期方向不一致，观望,0.1536,-0.138,-0.45
600488,津药药业,0.0,True,6.47,5.07,10,27.66,-13.13,0.21,27.66,0.4143,2026-06-30,2026-07-14,67.83,0.8319,0.881,0.941,0.8991,0.7148,0.0,0.5541,0.1423,0.5712,月线看多，日线反弹（等待周线确认）,0.2485,-0.0822,0.45
605020,永和股份,185.83,True,36.95,39.04,17,30.41,-10.2,7.02,-5.35,0.312,2026-07-14,2026-07-14,46.23,0.6679,0.0403,1.0237,0.6168,0.8051,0.0,0.5539,0.729,0.8645,多周期共振看多 ⬆⬆⬆,0.4261,0.6744,0.5625
000566,海南海药,60.69,True,4.68,4.81,15,44.17,-6.38,10.98,-2.69,0.4213,2026-07-14,2026-07-14,51.88,0.7162,10.9867,1.1678,0.8297,0.9307,0.0,0.5529,-0.0321,0.4839,⚠️⚠️ 逆大势反弹，大概率是下跌中继,0.2418,-0.2568,-0.5625
603367,辰欣药业,68.37,True,15.1,13.43,11,12.43,-6.33,0.33,12.43,0.4568,2026-07-09,2026-07-14,64.51,0.7942,3.9313,0.5764,0.8765,0.7886,0.0393,0.5526,-0.0554,0.4723,⚠️⚠️ 逆大势反弹，大概率是下跌中继,0.1738,-0.6417,-0.5625
600867,通化东宝,162.75,True,8.31,7.94,14,7.92,-5.92,1.26,4.7,0.3825,2026-06-26,2026-07-14,55.11,0.6229,1.3487,0.5359,0.7737,0.9976,0.1068,0.5524,-0.0195,0.4903,⚠️⚠️ 逆大势反弹，大概率是下跌中继,0.1922,-0.3152,-0.2207
002472,双环传动,0.0,True,42.39,42.02,14,12.03,-10.17,0.59,0.89,0.2598,2026-06-29,2026-07-14,56.46,0.7822,0.2496,0.6979,0.7691,0.9676,0.0,0.5508,0.3914,0.6957,多周期共振看多 ⬆⬆⬆,0.2129,0.3403,0.3375
603501,豪威集团,1280.98,True,106.15,95.68,11,15.11,-11.92,1.73,10.95,0.4681,2026-06-29,2026-07-14,68.47,0.7745,0.4256,0.5163,0.835,0.7007,0.1395,0.5499,-0.0129,0.4935,多周期方向不一致，观望,0.3525,0.091,-0.45
002025,航天电器,337.54,True,74.37,75.0,14,32.51,-7.78,8.68,-0.84,0.4186,2026-07-14,2026-07-14,58.4,0.6284,-0.2515,0.8134,0.4764,0.9245,0.0,0.5488,0.5142,0.7571,多周期共振看多 ⬆⬆⬆,0.1902,0.4046,0.5625
001314,亿道信息,72.85,True,58.57,58.91,17,9.15,-8.84,2.38,-0.58,0.3464,2026-07-14,2026-07-14,45.22,0.3034,1.4681,0.5943,0.582,0.7826,0.0096,0.5488,0.681,0.8405,多周期共振看多 ⬆⬆⬆,0.2902,0.6854,0.5625
002077,大港股份,101.04,True,17.41,18.45,16,10.86,-8.46,3.97,-5.64,0.2129,2026-07-14,2026-07-14,41.11,0.7299,1.5531,0.5672,0.8379,0.6913,0.0547,0.5485,0.6632,0.8316,多周期共振看多 ⬆⬆⬆,0.2789,0.656,0.5625
002793,罗欣药业,51.15,True,4.71,4.23,10,15.86,-7.33,1.67,11.23,0.4507,2026-06-30,2026-07-14,67.34,0.8602,3.2934,0.6098,0.9161,0.7259,0.0,0.5483,-0.0319,0.484,⚠️⚠️ 逆大势反弹，大概率是下跌中继,0.2514,-0.3738,-0.45
002558,巨人网络,510.68,True,26.87,26.96,16,12.27,-9.59,3.88,-0.32,0.3437,2026-07-14,2026-07-14,56.84,0.8426,1.5817,0.6189,0.9056,0.9592,0.0,0.5479,-0.0412,0.4794,⚠️⚠️ 逆大势反弹，大概率是下跌中继,0.5,-0.6515,-0.5625
603690,至纯科技,114.12,True,29.8,32.67,18,25.15,-8.78,8.99,-8.78,0.2917,2026-07-14,2026-07-14,45.32,0.7013,0.2672,0.6798,0.7277,0.785,0.0,0.5478,0.5761,0.788,多周期共振看多 ⬆⬆⬆,0.493,0.506,0.3375
603222,济民健康,52.19,True,9.94,8.42,11,23.62,-14.81,0.64,18.07,0.441,2026-06-29,2026-07-14,68.29,0.8054,3.4767,0.9125,0.8832,0.7047,0.0,0.5465,0.0548,0.5274,多周期方向不一致，观望,0.3267,-0.1068,0.0675
001339,智微智能,146.89,True,90.73,97.15,18,26.67,-7.66,9.35,-6.61,0.3551,2026-07-14,2026-07-14,34.8,0.4682,0.9019,0.8892,0.6809,0.5511,0.0,0.5457,0.7625,0.8812,多周期共振看多 ⬆⬆⬆,0.424,0.75,0.5625
000703,恒逸石化,552.87,True,14.54,14.11,12,25.15,-5.78,3.92,3.03,0.3646,2026-07-13,2026-07-14,48.88,0.7598,1.5737,0.9339,0.8559,0.864,0.0,0.545,0.079,0.5395,多周期方向不一致，观望,0.094,-0.1385,0.405
603580,艾艾精工,44.1,True,33.75,25.5,12,32.37,-8.99,4.05,32.37,0.542,2026-06-26,2026-07-14,76.73,0.5664,-0.3847,0.7299,0.386,0.5171,0.0,0.5448,0.8196,0.9098,多周期共振看多 ⬆⬆⬆,0.5811,0.7408,0.5625
000931,中 关 村,33.05,True,4.4,4.21,13,6.94,-3.68,0.63,4.51,0.3958,2026-07-13,2026-07-14,48.36,0.8252,3.094,0.4544,0.8951,0.8525,0.2427,0.5446,-0.2426,0.3787,多周期方向不一致，观望,0.1399,-0.6238,-0.5625
603725,天安新材,36.34,True,11.92,12.24,13,23.26,-11.18,3.45,-2.62,0.2277,2026-07-14,2026-07-14,49.73,0.7043,0.0873,0.8541,0.6575,0.8828,0.0,0.5445,0.6983,0.8492,多周期共振看多 ⬆⬆⬆,0.3132,0.7038,0.5625
000017,深中华A,25.57,True,5.8,5.67,13,17.64,-5.47,4.5,2.21,0.3746,2026-06-26,2026-07-14,59.67,0.8066,1.1666,0.7152,0.884,0.8963,0.0,0.543,-0.0445,0.4778,⚠️⚠️ 逆大势反弹，大概率是下跌中继,0.3703,-0.6025,-0.5625
600206,有研新材,445.54,True,52.63,53.85,21,68.64,-2.26,30.25,-2.26,0.5275,2026-07-14,2026-07-14,50.85,0.0396,-0.298,1.1191,0.1045,0.9078,0.0,0.5429,0.8202,0.9101,多周期共振看多 ⬆⬆⬆,0.5935,0.7315,0.5625
600750,华润江中,155.76,True,24.77,23.37,9,5.98,-7.34,-1.07,5.98,0.307,2026-07-03,2026-07-14,62.21,0.5916,0.5429,0.3713,0.7549,0.8398,0.3811,0.5416,0.0751,0.5375,多周期方向不一致，观望,0.0707,0.0444,0.225
603257,中国瑞林,17.65,True,70.89,73.49,16,19.57,-7.19,7.12,-3.54,0.3439,2026-07-14,2026-07-14,50.08,0.4198,0.0065,0.6362,0.4544,0.8908,0.0,0.5408,0.705,0.8525,多周期共振看多 ⬆⬆⬆,0.384,0.6577,0.5625
603700,宁水集团,23.28,True,11.64,11.21,14,5.88,-7.37,0.99,3.82,0.3684,2026-07-08,2026-07-14,54.49,0.3758,0.6224,0.378,0.6255,0.9886,0.37,0.5397,-0.0492,0.4754,⚠️⚠️ 逆大势反弹，大概率是下跌中继,0.2008,-0.6146,-0.495
002126,银轮股份,413.48,True,52.0,51.1,11,11.16,-9.32,0.95,1.76,0.2428,2026-07-13,2026-07-14,54.19,0.3179,0.7413,0.7157,0.5908,0.9819,0.0,0.5395,0.6095,0.8048,多周期共振看多 ⬆⬆⬆,0.2186,0.5897,0.5625
603213,镇洋发展,63.17,True,14.2,14.11,7,4.95,-4.96,-0.61,0.67,0.1842,2026-07-08,2026-07-14,54.23,0.8443,-0.3869,0.3195,0.5518,0.9828,0.4674,0.5384,0.4288,0.7144,上升趋势中的日线整理,0.0156,0.5379,0.5625
605228,神通科技,0.0,True,14.33,13.7,15,11.43,-1.09,3.08,4.61,0.4673,2026-06-29,2026-07-14,61.24,0.6633,-0.0386,0.4509,0.5825,0.8613,0.2485,0.5378,0.0166,0.5083,多周期方向不一致，观望,0.2082,-0.1054,0.0
600332,白云山,310.14,True,22.06,20.95,13,5.32,-5.43,0.22,5.32,0.4161,2026-07-01,2026-07-14,62.89,0.4868,1.4705,0.2986,0.6921,0.8246,0.5023,0.5363,-0.2069,0.3966,多周期方向不一致，观望,0.0723,-0.409,-0.5625
603800,洪田股份,156.96,True,75.46,80.93,19,16.66,-6.76,6.12,-6.76,0.2863,2026-07-14,2026-07-14,48.36,0.213,0.4413,0.8751,0.5043,0.8525,0.0,0.536,0.771,0.8855,多周期共振看多 ⬆⬆⬆,0.5102,0.6946,0.5625
002755,奥赛康,135.42,True,14.59,13.8,12,14.99,-10.47,1.81,5.73,0.3795,2026-06-26,2026-07-14,63.43,0.7215,0.7937,0.52,0.8329,0.8126,0.1333,0.5358,-0.039,0.4805,⚠️⚠️ 逆大势反弹，大概率是下跌中继,0.1566,-0.3151,-0.5625
600129,太极集团,97.22,True,17.63,13.99,11,30.15,-11.02,3.09,26.01,0.5022,2026-06-29,2026-07-14,78.86,0.9453,9.3527,0.7295,0.9672,0.4698,0.0,0.5356,-0.0318,0.4841,多周期方向不一致，观望,0.4093,-0.0406,-0.45
000597,东北制药,66.51,True,4.72,4.43,10,6.45,-4.97,0.04,6.45,0.3846,2026-07-01,2026-07-14,60.28,0.6275,0.6217,0.3949,0.7765,0.8826,0.3419,0.5327,-0.2363,0.3819,多周期方向不一致，观望,0.075,-0.5406,-0.5625
603590,康辰药业,56.9,True,35.96,30.66,10,17.28,-11.18,-0.13,17.28,0.406,2026-06-30,2026-07-14,69.16,0.8454,1.7357,0.5617,0.9073,0.6853,0.0639,0.5327,-0.0375,0.4813,⚠️⚠️ 逆大势反弹，大概率是下跌中继,0.2469,-0.4752,-0.45
603255,鼎际得,20.46,True,33.72,33.28,17,10.14,-7.85,3.23,1.32,0.3988,2026-07-13,2026-07-14,48.45,0.2879,1.7667,0.6223,0.5728,0.8545,0.0,0.531,0.3491,0.6745,上升趋势中的日线整理,0.1194,0.4822,0.3221
002838,道恩股份,145.66,True,34.63,33.08,10,4.68,-7.13,-0.6,4.68,0.3022,2026-07-13,2026-07-14,51.37,0.3229,0.8324,0.6717,0.5937,0.9194,0.0,0.5301,0.4622,0.7311,上升趋势中的日线整理,0.0051,0.6337,0.5625
600793,宜宾纸业,25.86,True,14.62,14.41,11,40.96,-12.19,4.0,1.49,0.3122,2026-06-30,2026-07-14,57.21,0.7784,2.4539,1.1126,0.867,0.951,0.0,0.5288,-0.0476,0.4762,⚠️⚠️ 逆大势反弹，大概率是下跌中继,0.3343,-0.6313,-0.5625
000551,创元科技,75.15,True,15.51,17.9,15,28.07,-13.36,7.7,-13.36,0.0971,2026-07-14,2026-07-14,45.29,0.7702,2.0413,0.8876,0.8621,0.7842,0.0,0.5278,0.6692,0.8346,多周期共振看多 ⬆⬆⬆,0.404,0.6744,0.45
002517,恺英网络,295.08,True,15.62,15.92,15,12.31,-6.2,2.8,-1.87,0.2619,2026-07-14,2026-07-14,51.58,0.734,0.5797,0.4652,0.8404,0.9241,0.2247,0.5273,-0.0433,0.4783,⚠️⚠️ 逆大势反弹，大概率是下跌中继,0.2154,-0.4477,-0.5625
603049,中策橡胶,239.51,True,47.43,46.1,13,8.08,-2.43,1.61,2.89,0.372,2026-07-01,2026-07-14,67.05,0.6561,0.2555,0.331,0.6959,0.7323,0.4483,0.5264,-0.0323,0.4839,⚠️⚠️ 逆大势反弹，大概率是下跌中继,0.1758,-0.2031,-0.5625
000301,东方盛虹,808.2,True,12.23,12.12,14,15.26,-6.17,1.07,0.88,0.2791,2026-07-13,2026-07-14,51.35,0.7221,1.857,0.7981,0.8333,0.9189,0.0,0.5249,0.0936,0.5468,多周期方向不一致，观望,0.0684,0.128,0.225
003020,立方制药,35.06,True,20.8,16.3,9,28.61,-6.26,2.79,27.64,0.4629,2026-07-08,2026-07-14,76.32,0.8736,33.6039,0.7468,0.9242,0.5263,0.0,0.5234,-0.034,0.483,多周期方向不一致，观望,0.3763,-0.0221,-0.45
002440,闰土股份,101.26,True,10.7,10.5,17,22.19,-7.99,6.88,1.91,0.4902,2026-07-13,2026-07-14,43.54,0.5185,2.7262,0.8967,0.7111,0.7453,0.0,0.5227,-0.0273,0.4864,多周期方向不一致，观望,0.2319,-0.2973,-0.0216
603120,肯特催化,20.03,True,52.85,52.92,11,14.82,-5.92,2.06,-0.14,0.223,2026-07-14,2026-07-14,54.66,0.6509,0.0436,0.8997,0.608,0.9925,0.0,0.5219,0.4766,0.7383,上升趋势中的日线整理,0.012,0.6652,0.5625
603296,华勤技术,621.23,True,77.79,75.4,8,10.51,-10.49,-0.66,3.17,0.19,2026-07-07,2026-07-14,51.29,0.5931,2.444,0.7475,0.7559,0.9175,0.0,0.521,0.4014,0.7007,上升趋势中的日线整理,0.0552,0.4327,0.5625
002559,亚威股份,53.37,True,10.59,12.0,17,39.24,-11.78,9.16,-11.78,0.2048,2026-07-14,2026-07-14,48.53,0.5831,0.3298,0.9146,0.6818,0.8562,0.0,0.5201,0.5512,0.7756,多周期共振看多 ⬆⬆⬆,0.4716,0.4087,0.3984
600460,士兰微,695.58,True,41.8,46.9,18,35.24,-10.87,15.01,-10.87,0.2647,2026-07-14,2026-07-14,32.55,0.5911,0.6148,0.7767,0.7546,0.5012,0.0,0.52,0.7157,0.8579,多周期共振看多 ⬆⬆⬆,0.4547,0.6208,0.5625
603341,龙旗科技,105.95,True,39.8,40.0,18,12.16,-3.92,3.86,-0.51,0.3873,2026-07-14,2026-07-14,47.53,0.6924,0.2272,0.5339,0.7063,0.8339,0.1102,0.5198,0.01,0.505,⚠️ 月线空头下的短期反弹，不宜追高,0.3164,0.1808,-0.3375
600366,宁波韵升,155.84,True,14.18,15.14,20,17.59,-8.99,7.91,-6.32,0.3581,2026-07-14,2026-07-14,44.69,0.5103,0.0305,0.8376,0.5184,0.771,0.0,0.5195,0.5419,0.771,多周期共振看多 ⬆⬆⬆,0.5138,0.4806,0.27
002167,东方锆业,137.18,True,18.08,20.4,18,48.44,-12.58,20.61,-11.39,0.2517,2026-07-14,2026-07-14,40.99,0.5915,0.1986,1.182,0.6344,0.6887,0.0,0.5194,0.71,0.855,多周期共振看多 ⬆⬆⬆,0.5095,0.5613,0.5625
002364,中恒电气,299.14,True,53.6,53.05,12,6.44,-11.86,0.02,1.03,0.2404,2026-07-13,2026-07-14,47.07,0.5172,0.332,0.7558,0.6431,0.8237,0.0,0.5181,0.5501,0.7751,上升趋势中的日线整理,0.1465,0.7408,0.5625
002268,电科网安,119.69,True,14.16,13.69,10,17.14,-8.51,0.71,3.42,0.2623,2026-06-30,2026-07-14,58.12,0.8451,0.7736,0.6525,0.9071,0.9306,0.0,0.518,-0.0536,0.4732,⚠️⚠️ 逆大势反弹，大概率是下跌中继,0.2351,-0.6608,-0.5625
002864,盘龙药业,22.02,True,29.88,27.49,9,10.82,-8.19,-0.38,8.69,0.3508,2026-07-02,2026-07-14,60.0,0.8203,4.6734,0.5925,0.8922,0.8889,0.0124,0.5177,-0.2046,0.3977,多周期方向不一致，观望,0.0901,-0.4817,-0.495
603155,新亚强,77.37,True,24.5,25.7,20,30.25,-4.66,11.96,-4.66,0.4518,2026-07-14,2026-07-14,53.58,0.1514,-0.5675,1.1133,0.0908,0.9685,0.0,0.5173,0.7465,0.8733,多周期共振看多 ⬆⬆⬆,0.5335,0.6208,0.5625
600329,达仁堂,223.38,True,39.39,36.45,10,8.06,-7.46,0.26,8.06,0.3907,2026-06-30,2026-07-14,64.86,0.4178,1.7971,0.4014,0.6507,0.7809,0.331,0.5151,-0.0597,0.4702,多周期方向不一致，观望,0.1395,-0.382,0.0
002923,润都股份,28.49,True,11.04,10.24,10,10.65,-7.63,0.12,7.83,0.3578,2026-06-30,2026-07-14,62.59,0.8239,3.973,0.5661,0.8943,0.8314,0.0566,0.5148,-0.2144,0.3928,多周期方向不一致，观望,0.1276,-0.4892,-0.5625
603538,美诺华,119.44,True,35.45,27.57,9,28.6,-18.04,-1.61,28.6,0.353,2026-07-01,2026-07-14,70.77,0.8007,3.9303,0.9689,0.8804,0.6495,0.0,0.5129,0.0683,0.5342,⚠️ 月线看多但周线走弱，日线仅为反弹,0.2093,-0.196,0.45
002101,广东鸿图,61.39,True,9.27,8.87,16,8.15,-6.12,1.96,4.53,0.4293,2026-06-22,2026-07-14,67.6,0.3066,0.6843,0.3625,0.584,0.72,0.3958,0.5126,-0.0446,0.4777,⚠️⚠️ 逆大势反弹，大概率是下跌中继,0.4244,-0.6515,-0.5625
600370,*ST三房,75.63,True,1.88,1.68,22,19.21,0.7,9.5,12.1,0.8423,2026-06-11,2026-07-14,67.44,0.1042,-0.2516,0.6881,0.1619,0.7235,0.0,0.5126,-0.0478,0.4761,多周期方向不一致，观望,0.466,-0.1147,-0.495
001389,广合科技,283.4,True,186.01,195.81,12,23.25,-13.77,2.4,-5.01,0.1257,2026-07-14,2026-07-14,50.86,0.577,1.952,0.9428,0.7462,0.9081,0.0,0.5124,0.5141,0.7571,上升趋势中的日线整理,0.0265,0.75,0.5625
000650,仁和药业,72.56,True,5.45,5.22,10,4.33,-4.69,-0.2,4.33,0.3401,2026-07-01,2026-07-14,62.16,0.4741,1.3714,0.2699,0.6844,0.8408,0.5501,0.5114,-0.2694,0.3653,多周期方向不一致，观望,0.031,-0.6483,-0.5625
002174,游族网络,123.39,True,12.6,12.29,19,13.41,-10.69,4.82,2.54,0.4863,2026-07-13,2026-07-14,47.83,0.2662,0.1561,0.5943,0.4221,0.8406,0.0095,0.5111,0.2295,0.6148,月线震荡，中短期走强,0.4283,0.4581,-0.0538
002107,沃华医药,36.8,True,6.44,6.09,10,10.93,-7.51,-0.44,5.83,0.2938,2026-06-30,2026-07-14,60.89,0.7763,1.4134,0.5107,0.8658,0.8692,0.1488,0.5111,-0.1634,0.4183,多周期方向不一致，观望,0.0117,-0.3906,-0.3375
603607,京华激光,40.51,True,22.69,23.27,15,20.37,-8.23,4.55,-2.5,0.29,2026-07-14,2026-07-14,48.44,0.7086,0.7531,0.7794,0.8251,0.8543,0.0,0.5105,0.0425,0.5212,多周期方向不一致，观望,0.1344,-0.0056,0.0771
002084,海鸥住工,24.23,True,3.76,3.59,20,8.35,-2.79,4.35,4.87,0.6118,2026-06-15,2026-07-14,59.79,0.1373,-0.2986,0.3616,0.1629,0.8935,0.3973,0.5102,-0.0373,0.4814,多周期方向不一致，观望,0.4206,-0.1228,-0.4018
002275,桂林三金,74.93,True,13.45,12.75,9,6.91,-5.43,-0.17,5.48,0.305,2026-07-01,2026-07-14,62.68,0.6832,0.3631,0.3323,0.7551,0.8294,0.4462,0.5101,-0.2115,0.3942,多周期方向不一致，观望,0.0677,-0.4254,-0.5625
002349,精华制药,55.53,True,6.82,6.45,9,5.74,-7.13,-1.39,5.74,0.2925,2026-07-01,2026-07-14,58.67,0.6383,1.7843,0.3732,0.783,0.9184,0.378,0.5095,-0.2835,0.3583,多周期方向不一致，观望,-0.0202,-0.6662,-0.5625
603444,吉比特,244.72,True,339.69,348.29,14,9.09,-3.29,2.55,-2.47,0.2499,2026-07-14,2026-07-14,52.57,0.7452,0.4284,0.3998,0.8185,0.9461,0.3336,0.5092,-0.2383,0.3809,多周期方向不一致，观望,-0.0138,-0.4732,-0.5625
002261,拓维信息,350.59,True,30.59,29.77,10,10.92,-8.56,0.44,2.75,0.2389,2026-07-07,2026-07-14,54.52,0.7543,0.4931,0.6145,0.8498,0.9892,0.0,0.5092,-0.0464,0.4768,⚠️⚠️ 逆大势反弹，大概率是下跌中继,0.1776,-0.4733,-0.5625
002718,友邦吊顶,103.17,True,109.78,109.28,16,21.0,-9.05,7.39,0.46,0.4507,2026-07-13,2026-07-14,38.18,0.1602,0.0831,0.5931,0.3293,0.6263,0.0116,0.5089,0.7017,0.8508,多周期共振看多 ⬆⬆⬆,0.2896,0.7315,0.5625
002972,科安达,22.66,True,16.83,17.61,19,29.55,-4.44,16.14,-4.44,0.4413,2026-07-14,2026-07-14,45.69,-0.1661,-0.0644,0.654,0.1743,0.793,0.0,0.5088,0.7811,0.8905,多周期共振看多 ⬆⬆⬆,0.5147,0.7131,0.5625
600664,哈药股份,102.76,True,4.08,3.18,6,28.36,-7.07,0.57,28.36,0.3597,2026-07-09,2026-07-14,76.67,0.9449,14.3035,0.7019,0.9669,0.5185,0.0,0.5079,0.0307,0.5153,多周期方向不一致，观望,0.2138,-0.0481,0.0
002463,沪电股份,2636.75,True,137.13,139.22,13,13.37,-10.35,1.86,-1.5,0.2156,2026-07-14,2026-07-14,47.11,0.5897,0.207,0.9068,0.6366,0.8246,0.0,0.5078,0.5366,0.7683,上升趋势中的日线整理,0.0949,0.75,0.5625
002287,奇正藏药,121.1,True,21.21,19.82,9,7.0,-6.44,-0.58,7.0,0.3489,2026-07-01,2026-07-14,62.54,0.5857,3.246,0.3632,0.7514,0.8324,0.3947,0.5074,-0.2948,0.3526,多周期方向不一致，观望,0.0193,-0.75,-0.5625
002123,梦网科技,68.31,True,9.48,8.0,10,18.54,-13.31,0.09,18.54,0.4114,2026-06-30,2026-07-14,80.56,0.8937,2.8624,0.5283,0.9362,0.4319,0.1196,0.5073,-0.0411,0.4794,⚠️⚠️ 逆大势反弹，大概率是下跌中继,0.382,-0.6608,-0.45
600529,山东药玻,123.37,True,18.59,18.44,5,1.76,-4.33,-1.1,0.81,0.1791,2026-07-13,2026-07-14,55.22,0.6859,0.2288,0.2631,0.703,0.995,0.5614,0.5072,-0.1404,0.4298,多周期方向不一致，观望,-0.0038,-0.0514,-0.5625
000919,金陵药业,39.61,True,6.37,6.07,8,4.98,-5.07,-0.41,4.98,0.3226,2026-07-09,2026-07-14,56.98,0.4465,1.3849,0.3513,0.6679,0.9559,0.4145,0.5067,-0.268,0.366,多周期方向不一致，观望,-0.0017,-0.6142,-0.5625
603819,神力股份,28.15,True,12.93,12.29,9,14.95,-11.28,0.07,5.19,0.2747,2026-07-02,2026-07-14,64.4,0.7556,1.3126,0.5707,0.8534,0.7911,0.0489,0.5066,0.0397,0.5199,⚠️ 月线看多但周线走弱，日线仅为反弹,0.1938,-0.1793,0.2652
002437,誉衡药业,63.84,True,3.04,2.8,11,13.18,-10.65,0.85,8.59,0.411,2026-06-29,2026-07-14,64.89,0.5472,0.7957,0.6181,0.7283,0.7803,0.0,0.5059,-0.0406,0.4797,⚠️⚠️ 逆大势反弹，大概率是下跌中继,0.2568,-0.4302,-0.5625
600535,天士力,0.0,True,14.59,13.92,11,4.79,-5.84,-0.39,4.79,0.3511,2026-07-02,2026-07-14,60.66,0.2983,1.8801,0.3308,0.579,0.8743,0.4487,0.5053,-0.1349,0.4325,多周期方向不一致，观望,0.0285,-0.1674,-0.45
002223,鱼跃医疗,253.48,True,26.9,25.83,11,4.16,-5.32,-0.09,4.16,0.3487,2026-07-09,2026-07-14,62.03,0.4149,1.7655,0.2759,0.6489,0.8439,0.5402,0.5052,-0.2783,0.3609,多周期方向不一致，观望,0.0001,-0.6608,-0.5625
002049,紫光国微,664.49,True,78.22,83.04,17,13.43,-8.24,4.01,-5.81,0.2255,2026-07-14,2026-07-14,42.89,0.6446,2.0827,0.4941,0.7868,0.731,0.1765,0.5048,0.2202,0.6101,月线震荡，中短期走强,0.2679,0.4545,0.056
002262,恩华药业,181.79,True,20.57,19.38,11,6.51,-5.55,-0.05,6.11,0.3634,2026-06-30,2026-07-14,62.56,0.5327,1.8873,0.4014,0.7196,0.832,0.3309,0.5044,-0.2513,0.3743,多周期方向不一致，观望,0.0655,-0.5981,-0.5625
603566,普莱柯,36.13,True,10.44,10.17,13,4.5,-4.0,0.33,2.61,0.3608,2026-07-09,2026-07-14,53.64,0.3859,0.0458,0.3448,0.4499,0.9698,0.4253,0.5041,-0.0569,0.4716,⚠️⚠️ 逆大势反弹，大概率是下跌中继,0.1628,-0.6608,-0.5625
002245,蔚蓝锂芯,335.62,True,20.89,20.32,11,9.7,-10.01,-1.09,2.8,0.2177,2026-07-13,2026-07-14,47.63,0.4476,0.5123,0.8626,0.6686,0.8363,0.0,0.5033,0.4306,0.7153,上升趋势中的日线整理,-0.1114,0.6515,0.5625
603270,金帝股份,20.97,True,29.66,30.88,13,14.13,-8.32,2.14,-3.96,0.1612,2026-07-14,2026-07-14,49.78,0.7641,-0.1508,0.8172,0.5981,0.884,0.0,0.5026,0.6158,0.8079,多周期共振看多 ⬆⬆⬆,0.1746,0.6413,0.5625
000782,恒申新材,0.0,True,7.54,7.75,12,12.39,-3.57,1.2,-2.68,0.1868,2026-07-14,2026-07-14,41.11,0.5879,0.4366,0.5157,0.7274,0.6913,0.1405,0.5025,0.466,0.733,上升趋势中的日线整理,0.0602,0.5962,0.5625
002737,葵花药业,76.62,True,13.12,12.23,8,7.26,-8.6,-1.09,7.26,0.3009,2026-07-02,2026-07-14,61.52,0.5756,2.3034,0.4318,0.7454,0.8551,0.2803,0.501,-0.157,0.4215,多周期方向不一致，观望,0.0072,-0.2464,-0.45
002281,光迅科技,1818.17,True,232.95,239.43,13,25.1,-10.76,3.88,-2.71,0.2361,2026-07-14,2026-07-14,40.61,0.4349,0.2029,0.9737,0.5421,0.6803,0.0,0.5001,0.7504,0.8752,多周期共振看多 ⬆⬆⬆,0.3928,0.75,0.5625
000672,上峰材料,176.62,True,18.22,20.48,16,29.13,-11.53,9.59,-11.05,0.2181,2026-07-14,2026-07-14,36.69,0.4005,0.4728,0.8924,0.6294,0.5931,0.0,0.5,0.7573,0.8786,多周期共振看多 ⬆⬆⬆,0.4645,0.7038,0.5625
600479,千金药业,41.14,True,9.83,9.41,10,4.42,-5.29,-0.86,4.42,0.3068,2026-06-30,2026-07-14,64.71,0.3693,0.7132,0.2189,0.6216,0.7843,0.6352,0.4989,-0.1893,0.4053,多周期方向不一致，观望,0.0083,-0.4342,-0.405
002250,联化科技,135.05,True,15.09,14.18,10,10.67,-5.93,1.07,6.38,0.3561,2026-07-13,2026-07-14,53.17,0.4571,0.797,0.7249,0.6743,0.9594,0.0,0.4988,-0.0946,0.4527,多周期方向不一致，观望,0.0841,-0.5088,0.0209
603051,鹿山新材,36.4,True,22.52,20.98,8,12.14,-12.14,-0.71,7.32,0.2925,2026-07-02,2026-07-14,61.71,0.7188,0.5946,0.6277,0.8313,0.8509,0.0,0.4987,-0.0635,0.4682,多周期方向不一致，观望,0.0488,-0.2936,-0.0272
001270,铖昌科技,275.87,True,134.7,144.83,12,20.01,-11.24,4.5,-7.0,0.1286,2026-07-14,2026-07-14,53.88,0.6702,0.2013,1.0402,0.6827,0.975,0.0,0.4987,0.4189,0.7095,上升趋势中的日线整理,0.1275,0.5287,0.45
002925,盈趣科技,156.74,True,21.44,22.98,14,13.11,-7.79,3.07,-6.71,0.1319,2026-07-14,2026-07-14,41.14,0.7153,0.3426,0.6543,0.7662,0.692,0.0,0.4968,0.6013,0.8006,多周期共振看多 ⬆⬆⬆,0.1539,0.6271,0.5625
600557,康缘药业,73.37,True,12.96,12.09,11,8.14,-9.45,0.14,7.19,0.3624,2026-06-30,2026-07-14,62.23,0.6765,4.7564,0.5591,0.8059,0.8394,0.0682,0.4962,-0.2518,0.3741,多周期方向不一致，观望,0.0877,-0.6195,-0.5625
603012,创力集团,55.66,True,8.61,8.09,10,10.78,-14.96,-2.35,6.46,0.2618,2026-07-13,2026-07-14,55.93,0.5845,0.3139,0.7285,0.6762,0.9794,0.0,0.4951,0.0753,0.5376,多周期方向不一致，观望,-0.0097,-0.1106,0.45
603379,三美股份,388.75,True,63.68,69.52,17,27.09,-10.99,7.15,-8.4,0.2391,2026-07-14,2026-07-14,43.7,0.8493,0.1338,0.8693,0.7631,0.749,0.0,0.495,0.2662,0.6331,多周期共振看多 ⬆⬆⬆,0.2443,0.1506,0.225
600372,中航机载,539.54,True,11.15,11.03,10,5.06,-3.72,-0.07,1.12,0.2742,2026-07-02,2026-07-14,55.71,0.589,0.1273,0.313,0.6043,0.9842,0.4783,0.4937,-0.2391,0.3805,多周期方向不一致，观望,0.0574,-0.6054,-0.495
002332,仙琚制药,83.2,True,8.45,8.26,8,2.7,-3.99,-0.55,2.34,0.2626,2026-07-10,2026-07-14,61.9,0.7135,0.0638,0.2183,0.6536,0.8466,0.6361,0.4936,-0.2518,0.3741,多周期方向不一致，观望,-0.1158,-0.4449,-0.5625
002916,深南电路,2719.0,True,408.99,432.46,17,14.53,-8.89,4.66,-5.43,0.2513,2026-07-14,2026-07-14,46.08,0.0457,1.2512,0.8685,0.4274,0.8017,0.0,0.4934,0.6979,0.8489,多周期共振看多 ⬆⬆⬆,0.2582,0.75,0.5625
601985,中国核电,1673.06,True,8.86,8.96,6,2.89,-3.11,-0.71,-1.08,0.1463,2026-07-14,2026-07-14,52.63,0.603,-0.0991,0.1786,0.5222,0.9474,0.7024,0.4934,0.0621,0.5311,多周期方向不一致，观望,-0.1324,0.1218,0.2646
600601,方正科技,526.71,True,12.63,13.8,16,12.83,-12.02,4.13,-8.5,0.1454,2026-07-14,2026-07-14,46.54,0.484,0.9687,0.8407,0.6904,0.812,0.0,0.4922,0.5097,0.7549,上升趋势中的日线整理,0.1318,0.6485,0.5625
603987,康德莱,32.58,True,7.46,7.17,9,4.07,-5.04,-0.65,4.07,0.3103,2026-07-09,2026-07-14,57.22,0.3666,0.5337,0.3214,0.62,0.9507,0.4643,0.492,-0.313,0.3435,多周期方向不一致，观望,-0.0955,-0.7315,-0.5625
605389,长龄液压,153.87,True,86.86,92.35,15,15.2,-11.95,3.44,-5.95,0.176,2026-07-14,2026-07-14,36.11,0.5453,0.4791,0.6397,0.7188,0.5802,0.0,0.4904,0.6541,0.8271,多周期共振看多 ⬆⬆⬆,0.1889,0.7131,0.5625
600881,亚泰集团,53.98,True,1.67,1.56,8,13.64,-8.06,-0.95,7.29,0.2857,2026-07-10,2026-07-14,56.25,0.8626,0.0641,0.6406,0.7432,0.9722,0.0,0.4903,-0.119,0.4405,多周期方向不一致，观望,-0.0395,-0.0394,-0.45
002541,鸿路钢构,97.35,True,19.62,17.65,11,13.52,-8.69,0.62,11.18,0.4404,2026-06-30,2026-07-14,75.15,0.421,2.1728,0.4507,0.6526,0.5522,0.2488,0.49,-0.0426,0.4787,多周期方向不一致，观望,0.2005,-0.0217,-0.3375
002350,北京科锐,83.24,True,15.69,14.32,7,9.55,-9.24,-2.36,9.55,0.2912,2026-07-07,2026-07-14,67.84,0.7973,0.1004,0.527,0.7186,0.7147,0.1216,0.4897,0.1142,0.5571,多周期方向不一致，观望,-0.0674,-0.0029,0.5625
603818,曲美家居,21.83,True,3.18,3.09,10,13.62,-11.13,0.69,2.8,0.2463,2026-06-30,2026-07-14,57.55,0.6224,1.543,0.6099,0.7734,0.9432,0.0,0.4893,-0.0465,0.4768,⚠️⚠️ 逆大势反弹，大概率是下跌中继,0.2598,-0.546,-0.5625
002938,鹏鼎控股,2431.91,True,105.24,103.55,7,10.78,-14.42,-3.23,1.63,0.0715,2026-07-13,2026-07-14,49.12,0.6647,0.6335,0.8853,0.7988,0.8694,0.0,0.4889,0.4179,0.7089,上升趋势中的日线整理,-0.15,0.6515,0.5625
002787,华源控股,63.73,True,25.69,28.97,14,17.86,-15.65,3.05,-11.31,0.0163,2026-07-14,2026-07-14,45.41,0.729,0.3611,0.8646,0.7818,0.7868,0.0,0.4888,0.6763,0.8381,多周期共振看多 ⬆⬆⬆,0.2028,0.75,0.5625
000788,北大医药,32.36,True,5.43,5.17,10,5.01,-8.27,-1.01,5.01,0.3166,2026-07-09,2026-07-14,56.82,0.4253,1.7226,0.4491,0.6552,0.9596,0.2515,0.4888,-0.2507,0.3747,多周期方向不一致，观望,-0.0228,-0.52,-0.5625
002937,兴瑞科技,129.79,True,41.18,42.73,19,19.46,-6.35,9.7,-3.63,0.4542,2026-07-14,2026-07-14,44.43,-0.281,-0.4567,0.5285,0.0173,0.7652,0.1191,0.4881,0.7733,0.8866,多周期共振看多 ⬆⬆⬆,0.4516,0.75,0.5625
002850,科达利,402.53,True,192.01,196.65,16,18.52,-5.91,3.5,-2.36,0.2831,2026-07-14,2026-07-14,52.32,0.6499,-0.3194,0.7909,0.4622,0.9403,0.0,0.487,0.3484,0.6742,上升趋势中的日线整理,0.0648,0.2869,0.5625
000333,美的集团,5573.19,True,81.18,76.91,12,5.55,-5.31,-0.01,5.55,0.3763,2026-06-30,2026-07-14,76.73,0.0813,-0.1226,0.2675,0.1997,0.5171,0.5541,0.4867,0.607,0.8035,多周期共振看多 ⬆⬆⬆,0.1887,0.6098,0.5625
002631,德尔未来,68.96,True,8.69,9.67,20,34.54,-10.17,12.85,-10.17,0.314,2026-07-14,2026-07-14,37.8,0.2812,0.0306,0.8679,0.381,0.6179,0.0,0.486,0.7832,0.8916,多周期共振看多 ⬆⬆⬆,0.52,0.7131,0.5625
600216,浙江医药,115.78,True,12.17,11.64,9,8.33,-6.83,-1.26,4.56,0.2542,2026-07-01,2026-07-14,57.45,0.5849,0.9916,0.4208,0.7509,0.9455,0.2986,0.4853,-0.3028,0.3486,多周期方向不一致，观望,-0.0968,-0.6854,-0.5625
002990,盛视科技,80.74,True,58.5,65.91,16,42.8,-13.59,14.67,-11.24,0.2235,2026-07-14,2026-07-14,41.37,0.2437,1.3823,0.9418,0.5462,0.6971,0.0,0.4853,0.6357,0.8178,多周期共振看多 ⬆⬆⬆,0.4375,0.4596,0.5625
601089,福元医药,85.68,True,17.85,16.9,11,8.44,-6.67,-0.36,5.65,0.3231,2026-06-30,2026-07-14,60.98,0.543,1.3381,0.4758,0.7258,0.8671,0.207,0.4852,-0.2612,0.3694,多周期方向不一致，观望,0.0878,-0.6608,-0.5625
603976,正川股份,41.92,True,26.4,27.2,19,20.48,-7.71,8.14,-2.95,0.4321,2026-07-14,2026-07-14,41.44,-0.0209,-0.125,0.8842,0.15,0.6987,0.0,0.4847,0.7623,0.8811,多周期共振看多 ⬆⬆⬆,0.4773,0.7038,0.5625
002056,横店东磁,417.8,True,25.71,28.74,18,17.55,-16.1,5.89,-10.55,0.1697,2026-07-14,2026-07-14,45.57,0.5017,0.1352,0.8992,0.5551,0.7906,0.0,0.4845,0.6321,0.816,多周期共振看多 ⬆⬆⬆,0.3218,0.551,0.5625
600771,广誉远,73.91,True,15.1,13.79,9,9.52,-9.57,-1.63,9.52,0.3406,2026-07-01,2026-07-14,64.67,0.6215,2.3715,0.4717,0.7729,0.785,0.2139,0.4842,-0.2938,0.3531,多周期方向不一致，观望,0.0029,-0.7315,-0.5625
002236,大华股份,390.23,True,16.32,16.52,11,5.19,-6.24,-0.37,-1.23,0.1912,2026-07-14,2026-07-14,49.64,0.6066,0.469,0.3463,0.7516,0.8809,0.4229,0.4836,-0.1884,0.4058,多周期方向不一致，观望,0.0918,-0.3441,-0.5625
002414,高德红外,462.21,True,13.6,13.29,14,10.51,-7.61,1.45,2.32,0.3318,2026-07-08,2026-07-14,47.93,0.4868,1.5167,0.6886,0.6921,0.8428,0.0,0.4828,-0.053,0.4735,多周期方向不一致，观望,0.1767,-0.0469,-0.3375
002511,中顺洁柔,90.21,True,7.13,6.88,9,3.58,-5.42,-1.07,3.58,0.2733,2026-07-01,2026-07-14,65.18,0.4144,0.7192,0.2155,0.6487,0.7738,0.6408,0.4821,-0.2781,0.3609,多周期方向不一致，观望,-0.0153,-0.6467,-0.5625
000049,德赛电池,95.44,True,24.82,24.06,8,6.06,-9.29,-0.95,3.15,0.2232,2026-07-13,2026-07-14,54.01,0.5061,0.914,0.4683,0.7036,0.9779,0.2195,0.4819,-0.1554,0.4223,多周期方向不一致，观望,-0.0031,-0.3591,-0.3214
002301,齐心集团,58.23,True,8.11,7.8,13,10.16,-9.08,1.36,3.97,0.3401,2026-07-13,2026-07-14,60.31,0.1165,-0.0694,0.5416,0.2422,0.8819,0.0973,0.4804,0.5031,0.7515,多周期共振看多 ⬆⬆⬆,0.2716,0.4904,0.3825
002292,奥飞娱乐,76.14,True,7.48,6.99,9,14.05,-10.66,-0.13,7.08,0.3169,2026-07-01,2026-07-14,66.47,0.8644,0.3449,0.6165,0.8566,0.7451,0.0,0.4792,-0.1915,0.4042,多周期方向不一致，观望,0.0691,-0.3387,-0.5625
603078,江化微,161.04,True,41.76,48.54,18,23.92,-13.96,10.09,-13.96,0.1873,2026-07-14,2026-07-14,44.7,0.681,-0.453,1.0196,0.4274,0.7712,0.0,0.4791,0.7742,0.8871,多周期共振看多 ⬆⬆⬆,0.497,0.7131,0.5625
603309,维力医疗,35.43,True,12.14,11.66,10,5.01,-4.98,-0.74,4.14,0.2936,2026-06-30,2026-07-14,60.13,0.352,0.5522,0.3335,0.6112,0.886,0.4442,0.479,-0.2691,0.3654,多周期方向不一致，观望,0.0077,-0.6946,-0.495
000813,德展健康,70.66,True,3.37,3.12,12,8.01,-9.05,-0.53,8.01,0.3779,2026-06-30,2026-07-14,65.09,0.3369,0.9012,0.5465,0.6022,0.7757,0.0891,0.4788,-0.0424,0.4788,⚠️⚠️ 逆大势反弹，大概率是下跌中继,0.1538,-0.376,-0.5625
603091,众鑫股份,21.57,True,49.0,49.2,14,7.03,-9.76,0.44,-0.4,0.2275,2026-07-14,2026-07-14,51.19,0.4656,5.1796,0.4519,0.6794,0.9153,0.2468,0.4785,-0.1004,0.4498,多周期方向不一致，观望,0.1461,-0.3514,-0.2153
600422,昆药集团,67.45,True,8.91,8.22,7,8.38,-8.95,-1.63,8.38,0.3011,2026-07-09,2026-07-14,64.38,0.6619,2.512,0.455,0.7971,0.7915,0.2416,0.4781,-0.316,0.342,多周期方向不一致，观望,-0.0891,-0.75,-0.5625
603301,振德医疗,234.61,True,88.91,87.76,18,5.17,-1.72,2.09,1.31,0.4637,2026-07-13,2026-07-14,51.96,-0.2731,-0.3131,0.3196,0.0748,0.9324,0.4673,0.4777,0.0966,0.5483,月线看多，日线反弹（等待周线确认）,0.2335,-0.0983,0.2925
600993,马应龙,103.53,True,24.06,22.85,6,5.46,-7.49,-1.27,5.31,0.2385,2026-07-07,2026-07-14,60.03,0.5325,1.8919,0.3447,0.7195,0.8882,0.4255,0.4776,-0.3089,0.3456,多周期方向不一致，观望,-0.0744,-0.7315,-0.5625
000661,长春高新,286.12,True,71.6,66.88,9,7.06,-9.75,-1.45,7.06,0.2835,2026-07-09,2026-07-14,62.37,0.6619,0.867,0.495,0.7971,0.8362,0.175,0.4773,-0.2806,0.3597,多周期方向不一致，观望,-0.0398,-0.637,-0.5625
600315,上海家化,119.12,True,17.72,17.49,10,3.21,-7.88,-1.2,1.3,0.2202,2026-07-13,2026-07-14,57.22,0.4351,0.7503,0.2977,0.6611,0.9508,0.5038,0.4758,-0.3239,0.338,多周期方向不一致，观望,-0.1296,-0.75,-0.5625
002412,汉森制药,30.97,True,6.22,5.91,6,6.07,-9.17,-1.82,5.23,0.2029,2026-07-08,2026-07-14,54.96,0.5719,1.2101,0.5225,0.7431,0.9992,0.1292,0.4755,-0.174,0.413,多周期方向不一致，观望,-0.0568,-0.3788,-0.3375
000990,诚志股份,111.32,True,9.16,8.71,5,6.38,-8.32,-3.14,5.16,0.1525,2026-07-09,2026-07-14,56.13,0.5757,1.1571,0.4936,0.7454,0.9749,0.1773,0.4752,-0.0692,0.4654,月线看多，中短期调整中,-0.1839,-0.3521,0.18
002102,ST能特,53.02,True,2.44,2.27,10,11.97,-7.22,1.09,7.51,0.3742,2026-06-30,2026-07-14,66.27,0.429,0.1401,0.4259,0.5135,0.7497,0.2901,0.4749,-0.0522,0.4739,⚠️⚠️ 逆大势反弹，大概率是下跌中继,0.2429,-0.6406,-0.5625
603811,诚意药业,33.95,True,7.41,7.51,12,3.33,-3.87,-0.03,-1.38,0.2396,2026-07-14,2026-07-14,42.7,0.5625,0.635,0.2862,0.7375,0.7266,0.5231,0.4736,-0.2566,0.3717,多周期方向不一致，观望,-0.1374,-0.4475,-0.5625
000538,云南白药,887.35,True,50.05,48.54,7,3.11,-4.26,-0.75,3.11,0.2614,2026-07-09,2026-07-14,65.36,0.4111,0.7714,0.2226,0.6467,0.7699,0.629,0.473,-0.3054,0.3473,多周期方向不一致，观望,-0.0858,-0.7063,-0.5625
601369,陕鼓动力,154.24,True,9.04,8.89,10,5.77,-8.2,-0.39,1.66,0.2327,2026-06-25,2026-07-14,52.75,0.6111,0.6072,0.5561,0.7667,0.9501,0.0732,0.473,-0.1998,0.4001,多周期方向不一致，观望,-0.1274,-0.4314,-0.3375
002399,海普瑞,0.0,True,9.86,9.25,10,6.63,-6.91,-0.48,6.63,0.3299,2026-06-30,2026-07-14,59.33,0.2967,1.1255,0.4195,0.578,0.9037,0.3009,0.4728,-0.2598,0.3701,多周期方向不一致，观望,0.0947,-0.6608,-0.5625
603661,恒林股份,48.13,True,34.61,37.42,17,15.58,-7.75,5.09,-7.51,0.2099,2026-07-14,2026-07-14,51.26,0.5929,-0.4696,0.936,0.3679,0.9169,0.0,0.4723,0.586,0.793,多周期共振看多 ⬆⬆⬆,0.3099,0.4598,0.5625
002748,世龙实业,26.09,True,10.87,10.91,10,8.8,-4.7,0.19,-0.4,0.2136,2026-07-14,2026-07-14,46.91,0.7761,0.3337,0.4769,0.7991,0.8202,0.2052,0.4714,-0.1689,0.4155,多周期方向不一致，观望,0.088,-0.4804,-0.3375
603351,威尔药业,33.97,True,25.08,25.44,10,9.19,-3.96,0.46,-1.41,0.182,2026-07-14,2026-07-14,48.31,0.8819,0.5771,0.6273,0.9292,0.8514,0.0,0.4686,-0.1966,0.4017,多周期方向不一致，观望,-0.1278,-0.1922,-0.5625
001395,亚联机械,15.7,True,30.19,25.4,6,24.32,-11.14,-1.91,18.85,0.2976,2026-07-08,2026-07-14,71.51,0.7965,13.726,0.7636,0.8779,0.6332,0.0,0.4684,-0.1313,0.4344,多周期方向不一致，观望,0.0515,-0.1711,-0.45
002826,易明医药,31.29,True,16.94,16.69,11,12.72,-10.5,0.55,1.52,0.2268,2026-07-13,2026-07-14,53.46,0.6586,1.9355,0.729,0.7952,0.9659,0.0,0.4678,-0.2333,0.3833,多周期方向不一致，观望,0.0878,-0.5382,-0.5625
600470,六国化工,29.37,True,5.63,6.23,19,16.0,-9.68,6.58,-9.68,0.2247,2026-07-14,2026-07-14,40.97,0.7725,1.9781,1.0017,0.8635,0.6883,0.0,0.4655,-0.023,0.4885,⚠️⚠️ 逆大势反弹，大概率是下跌中继,0.2742,-0.3365,-0.3375
603956,威派格,31.97,True,5.61,5.6,14,26.28,-16.98,4.45,0.23,0.3397,2026-06-24,2026-07-14,61.58,0.6597,-0.0632,0.8423,0.5705,0.8537,0.0,0.4652,-0.0307,0.4847,⚠️⚠️ 逆大势反弹，大概率是下跌中继,0.1505,-0.2629,-0.45
000999,华润三九,0.0,True,24.88,23.62,9,5.34,-7.66,-0.83,5.34,0.3117,2026-07-09,2026-07-14,61.2,0.2784,0.7322,0.367,0.567,0.8622,0.3884,0.4641,-0.2882,0.3559,多周期方向不一致，观望,-0.0507,-0.661,-0.5625
605008,长鸿高科,74.35,True,11.51,11.5,15,8.35,-1.47,1.83,0.1,0.3502,2026-06-30,2026-07-14,56.37,0.3838,-0.7364,0.3084,0.2303,0.9695,0.486,0.4639,-0.0496,0.4752,⚠️⚠️ 逆大势反弹，大概率是下跌中继,0.1705,-0.5284,-0.5625
002354,天娱数科,125.67,True,7.73,8.47,17,27.24,-8.76,7.45,-8.76,0.2377,2026-07-14,2026-07-14,41.97,-0.03,1.1347,1.1502,0.4,0.7105,0.0,0.4633,0.6434,0.8217,多周期共振看多 ⬆⬆⬆,0.3145,0.5821,0.5625
600176,中国巨石,2165.31,True,54.52,61.83,17,54.44,-18.34,21.51,-11.82,0.225,2026-07-14,2026-07-14,40.27,0.1002,0.2319,1.1025,0.3529,0.6726,0.0,0.4632,0.7941,0.8971,多周期共振看多 ⬆⬆⬆,0.5048,0.75,0.5625
600379,宝光股份,43.95,True,13.31,14.4,14,22.98,-10.95,6.25,-7.57,0.1899,2026-07-14,2026-07-14,40.13,0.79,0.8919,0.9082,0.874,0.6696,0.0,0.4628,0.0446,0.5223,月线看多，日线反弹（等待周线确认）,0.1773,-0.1361,0.166
600060,海信视像,353.52,True,27.19,26.48,15,7.65,-5.98,1.78,2.66,0.3793,2026-06-26,2026-07-14,70.31,0.1027,-0.7556,0.4359,0.0616,0.6597,0.2736,0.4627,0.6823,0.8412,多周期共振看多 ⬆⬆⬆,0.3152,0.6669,0.5625
603010,万盛股份,0.0,True,14.29,15.64,12,25.19,-8.66,4.82,-8.66,0.095,2026-07-14,2026-07-14,50.93,0.6441,-0.1586,0.6834,0.523,0.9095,0.0,0.4625,0.5437,0.7718,上升趋势中的日线整理,0.1379,0.7315,0.5625
603658,安图生物,182.11,True,31.87,30.46,10,4.63,-6.73,-0.69,4.63,0.3241,2026-07-02,2026-07-14,62.77,0.5415,-0.0141,0.3516,0.5193,0.8273,0.414,0.4616,-0.2402,0.3799,多周期方向不一致，观望,-0.0289,-0.4684,-0.5625
603698,航天工程,191.4,True,35.71,38.3,17,30.83,-10.6,8.46,-6.77,0.3129,2026-07-14,2026-07-14,47.53,0.5985,-0.7944,1.0026,0.3591,0.834,0.0,0.4613,0.3639,0.682,多周期共振看多 ⬆⬆⬆,0.2562,0.2877,0.2925
600353,旭光电子,0.0,True,41.28,43.18,17,69.55,-10.55,25.17,-4.4,0.4106,2026-07-14,2026-07-14,34.92,0.2852,-0.507,1.2373,0.1711,0.5537,0.0,0.4612,0.766,0.883,多周期共振看多 ⬆⬆⬆,0.4868,0.7038,0.5625
000153,丰原药业,25.47,True,5.55,5.3,5,4.63,-6.9,-1.53,4.63,0.2151,2026-07-09,2026-07-14,56.63,0.4262,1.2086,0.3887,0.6557,0.9639,0.3521,0.4606,-0.3193,0.3404,多周期方向不一致，观望,-0.128,-0.7315,-0.5625
600839,四川长虹,329.97,True,7.15,6.83,7,8.35,-9.97,-2.3,4.75,0.1938,2026-07-09,2026-07-14,58.42,0.7026,2.8084,0.5248,0.8216,0.9239,0.1253,0.4604,-0.3057,0.3471,多周期方向不一致，观望,-0.0689,-0.7223,-0.5625
603986,兆易创新,3903.93,True,583.99,670.81,17,45.34,-17.48,14.2,-12.94,0.1969,2026-07-14,2026-07-14,39.71,-0.0913,1.2879,1.1846,0.4,0.6602,0.0,0.4598,0.7737,0.8869,多周期共振看多 ⬆⬆⬆,0.4957,0.7131,0.5625
600166,福田汽车,0.0,True,3.07,3.09,14,5.35,-5.04,0.83,-0.68,0.2811,2026-07-14,2026-07-14,52.08,0.4418,-0.1723,0.4334,0.3961,0.9352,0.2777,0.4595,0.0234,0.5117,多周期方向不一致，观望,0.1243,-0.1835,0.18
603021,*ST华鹏,23.68,True,7.4,6.73,10,12.25,-17.83,-0.93,9.9,0.3834,2026-06-30,2026-07-14,62.26,-0.1203,0.7168,0.6359,0.4,0.8387,0.0,0.4591,0.1065,0.5533,多周期方向不一致，观望,0.105,0.0856,0.2925
605305,中际联合,85.43,True,40.2,41.93,15,17.57,-6.69,4.09,-4.13,0.2377,2026-07-14,2026-07-14,41.86,0.6443,1.0768,0.7328,0.7866,0.7081,0.0,0.4587,-0.0092,0.4954,多周期方向不一致，观望,0.1067,-0.106,-0.0259
003026,中晶科技,50.99,True,35.27,38.65,17,27.43,-8.75,8.46,-8.75,0.2632,2026-07-14,2026-07-14,45.49,0.3585,-0.5097,0.9,0.2151,0.7887,0.0,0.4586,0.7469,0.8735,多周期共振看多 ⬆⬆⬆,0.3947,0.7408,0.5625
600523,贵航股份,46.75,True,11.57,11.03,6,4.91,-6.8,-2.3,4.91,0.2086,2026-07-08,2026-07-14,61.51,0.4682,0.7468,0.3225,0.6809,0.8553,0.4625,0.4585,-0.3189,0.3406,多周期方向不一致，观望,-0.1151,-0.7408,-0.5625
600756,浪潮软件,46.51,True,14.35,13.09,5,13.79,-10.29,-2.8,9.59,0.2493,2026-07-07,2026-07-14,62.71,0.6859,1.988,0.582,0.8115,0.8288,0.03,0.4579,-0.2524,0.3738,多周期方向不一致，观望,-0.0065,-0.5412,-0.5625
603496,恒为科技,76.47,True,23.88,24.26,11,15.14,-12.83,1.3,-1.58,0.1679,2026-07-14,2026-07-14,45.24,0.7454,0.9069,0.806,0.8472,0.7831,0.0,0.4571,-0.0414,0.4793,⚠️⚠️ 逆大势反弹，大概率是下跌中继,0.2121,-0.4073,-0.5625
600513,联环药业,50.87,True,17.82,15.46,5,15.3,-12.18,-3.73,15.3,0.2362,2026-07-09,2026-07-14,63.85,0.6889,6.716,0.7404,0.8133,0.8033,0.0,0.4564,-0.1806,0.4097,多周期方向不一致，观望,-0.1371,-0.4827,-0.1938
002274,华昌化工,51.02,True,5.44,5.05,4,14.48,-10.51,-3.26,7.77,0.1762,2026-07-08,2026-07-14,61.66,0.8155,1.7159,0.5538,0.8893,0.852,0.077,0.4554,-0.2867,0.3567,多周期方向不一致，观望,-0.1364,-0.581,-0.5625
000545,金浦钛业,24.83,True,2.52,2.58,14,13.34,-6.45,2.1,-2.34,0.2233,2026-07-14,2026-07-14,44.17,0.6188,0.7496,0.8298,0.7713,0.7593,0.0,0.4553,-0.0384,0.4808,⚠️⚠️ 逆大势反弹，大概率是下跌中继,0.2163,-0.4213,-0.495
603730,岱美股份,245.15,True,11.41,11.74,7,11.58,-12.49,-4.18,-2.82,0.0,2026-07-14,2026-07-14,49.7,0.768,0.4331,0.8497,0.834,0.8823,0.0,0.455,0.2465,0.6232,上升趋势中的日线回调（关注买点）,-0.36,0.5748,0.5625
600079,ST人福,271.45,True,17.59,17.02,9,4.62,-5.33,-0.61,3.36,0.2752,2026-07-01,2026-07-14,57.22,0.1328,0.3737,0.3076,0.4291,0.9507,0.4873,0.4546,-0.2412,0.3794,多周期方向不一致，观望,-0.0025,-0.4955,-0.5625
603595,ST东尼,67.27,True,28.94,32.07,18,35.55,-11.46,13.09,-9.77,0.2921,2026-07-14,2026-07-14,38.97,-0.1085,0.1102,0.7515,0.2441,0.6439,0.0,0.4539,0.7672,0.8836,多周期共振看多 ⬆⬆⬆,0.5005,0.6946,0.5625
600203,福日电子,71.4,True,12.04,12.47,11,8.59,-11.51,0.06,-3.48,0.1006,2026-07-14,2026-07-14,48.71,0.6988,0.9653,0.6339,0.8193,0.8601,0.0,0.4534,0.0428,0.5214,多周期方向不一致，观望,-0.0423,0.203,0.0216
000066,中国长城,542.86,True,16.83,18.41,15,17.08,-15.4,2.33,-8.58,0.0825,2026-07-14,2026-07-14,41.03,0.8495,1.3208,0.8609,0.9097,0.6895,0.0,0.4514,0.1303,0.5652,多周期方向不一致，观望,0.1254,0.0153,0.45
003009,中天火箭,93.05,True,56.5,58.9,16,14.56,-8.86,3.05,-4.08,0.2288,2026-07-14,2026-07-14,49.29,0.5704,0.4392,0.8914,0.7179,0.873,0.0,0.451,-0.1374,0.4313,多周期方向不一致，观望,0.0084,-0.1161,-0.495
002019,亿帆医药,85.85,True,10.19,9.84,7,3.71,-5.93,-0.96,3.56,0.2511,2026-07-09,2026-07-14,54.14,0.1961,1.9682,0.375,0.5177,0.9809,0.375,0.4505,-0.3041,0.3479,多周期方向不一致，观望,-0.1037,-0.6854,-0.5625
600420,国药现代,119.36,True,8.9,8.47,9,6.32,-9.57,-1.32,5.13,0.2432,2026-07-01,2026-07-14,59.42,0.421,1.2652,0.4583,0.6526,0.9019,0.2361,0.4499,-0.2995,0.3503,多周期方向不一致，观望,-0.0264,-0.7315,-0.5625
600745,*ST闻泰,254.14,True,19.95,17.89,7,18.52,-17.04,-2.75,11.52,0.2927,2026-07-06,2026-07-14,71.34,0.7979,0.8673,0.6708,0.8787,0.6369,0.0,0.4492,-0.2795,0.3602,多周期方向不一致，观望,0.0981,-0.75,-0.5625
002137,实益达,38.62,True,9.74,10.8,16,15.16,-9.85,5.32,-9.85,0.1414,2026-07-14,2026-07-14,47.0,0.6632,-0.8546,0.8798,0.3979,0.8222,0.0,0.4488,0.6281,0.814,多周期共振看多 ⬆⬆⬆,0.4917,0.544,0.415
603980,吉华集团,40.95,True,6.05,6.3,15,18.74,-7.26,5.25,-4.02,0.2694,2026-07-14,2026-07-14,29.65,0.7111,0.737,0.5194,0.8267,0.4366,0.1344,0.4487,-0.0113,0.4944,多周期方向不一致，观望,0.2257,-0.1241,-0.119
003018,金富科技,156.98,True,66.13,67.98,16,28.07,-7.77,7.44,-2.72,0.3727,2026-07-14,2026-07-14,40.76,0.1865,-0.5069,0.8159,0.1119,0.6835,0.0,0.4485,0.6944,0.8472,多周期共振看多 ⬆⬆⬆,0.2492,0.75,0.5625
603139,康惠股份,40.93,True,40.98,41.28,14,17.02,-5.11,3.32,-0.74,0.2874,2026-07-14,2026-07-14,50.67,0.0345,-0.3342,0.6559,0.087,0.9038,0.0,0.4482,0.6718,0.8359,多周期共振看多 ⬆⬆⬆,0.1914,0.75,0.5625
002119,康强电子,112.55,True,29.99,34.74,17,31.96,-13.97,14.37,-13.68,0.1785,2026-07-14,2026-07-14,44.77,0.4093,-0.3541,0.858,0.304,0.7726,0.0,0.4481,0.7427,0.8714,多周期共振看多 ⬆⬆⬆,0.4397,0.6929,0.5625
603459,红板科技,74.7,True,94.5,93.39,10,22.42,-20.88,-0.53,1.19,0.1756,2026-07-13,2026-07-14,55.19,0.7113,-0.0545,0.936,0.605,0.9957,0.0,0.448,0.0,0.5,周线日线方向不一致,0.0,,
603391,力聚热能,13.55,True,59.57,55.41,9,7.51,-10.05,-2.2,7.51,0.276,2026-07-01,2026-07-14,79.12,0.4189,1.0598,0.2994,0.6514,0.4639,0.501,0.4456,-0.0972,0.4514,多周期方向不一致，观望,-0.0291,-0.4577,0.0552
603676,卫信康,39.38,True,9.05,8.56,9,5.72,-7.19,-1.27,5.72,0.2785,2026-07-01,2026-07-14,63.57,0.3095,0.6076,0.383,0.5857,0.8096,0.3617,0.4452,-0.3051,0.3475,多周期方向不一致，观望,-0.0336,-0.75,-0.5625
603387,基蛋生物,42.55,True,8.39,8.05,10,4.34,-7.75,-1.48,4.18,0.256,2026-06-30,2026-07-14,55.82,0.0317,0.6658,0.4206,0.419,0.9817,0.299,0.4449,-0.1427,0.4286,多周期方向不一致，观望,0.0138,-0.4967,-0.1424
002004,华邦健康,80.61,True,4.28,4.13,5,3.59,-6.44,-1.58,3.59,0.2043,2026-07-10,2026-07-14,54.9,0.4895,0.5726,0.3022,0.6937,0.9978,0.4964,0.4447,-0.6375,0.1813,多周期共振看空 ⬇⬇⬇,-0.2359,-0.7038,-0.495
000651,格力电器,2163.52,True,39.18,37.81,9,3.62,-4.33,-0.5,3.62,0.2971,2026-07-01,2026-07-14,70.41,-0.0141,0.2978,0.1773,0.3191,0.6575,0.7045,0.4437,-0.027,0.4865,多周期方向不一致，观望,0.0355,-0.0304,-0.1186
002345,潮宏基,84.12,True,9.7,9.7,15,12.36,-5.86,3.74,-0.05,0.3311,2026-07-14,2026-07-14,58.37,0.5973,-0.2235,0.5917,0.469,0.9251,0.0138,0.4434,-0.1191,0.4405,多周期方向不一致，观望,0.1895,-0.1235,-0.5625
600845,宝信软件,399.07,True,18.7,18.14,10,12.78,-13.62,-2.86,3.07,0.1645,2026-06-30,2026-07-14,59.86,0.6517,0.5518,0.5677,0.791,0.892,0.0538,0.4429,-0.2308,0.3846,多周期方向不一致，观望,0.018,-0.4673,-0.5625
000962,东方钽业,322.03,True,64.0,72.79,14,45.45,-19.11,9.97,-12.08,0.17,2026-07-14,2026-07-14,40.08,0.4891,-0.225,1.0409,0.4034,0.6684,0.0,0.4426,0.6853,0.8427,多周期共振看多 ⬆⬆⬆,0.2798,0.7038,0.5625
603283,赛腾股份,215.99,True,61.27,68.7,19,36.97,-10.81,15.34,-10.81,0.282,2026-07-14,2026-07-14,39.51,0.0407,-0.1136,0.8773,0.179,0.6558,0.0,0.4425,0.7895,0.8947,多周期共振看多 ⬆⬆⬆,0.5147,0.7315,0.5625
000691,亚太实业,35.59,True,11.01,11.76,16,34.52,-10.18,11.73,-6.38,0.3451,2026-07-14,2026-07-14,24.9,0.5553,-0.4103,0.7665,0.369,0.3311,0.0,0.4397,0.7017,0.8508,多周期共振看多 ⬆⬆⬆,0.4545,0.5902,0.5625
600118,中国卫星,971.18,True,82.13,79.88,12,14.7,-8.93,0.91,2.82,0.2841,2026-07-08,2026-07-14,59.25,0.6384,-0.3391,0.8072,0.4474,0.9055,0.0,0.4397,0.0337,0.5169,多周期方向不一致，观望,0.2581,-0.1855,0.1125
002861,瀛通通讯,28.61,True,19.05,20.99,17,20.78,-9.23,7.05,-9.23,0.2162,2026-07-14,2026-07-14,36.94,0.1868,0.2564,0.6134,0.4147,0.5986,0.0,0.4397,0.6168,0.8084,多周期共振看多 ⬆⬆⬆,0.4513,0.5637,0.405
603707,健友股份,126.83,True,7.85,7.31,8,7.35,-9.33,-2.65,7.35,0.2447,2026-07-09,2026-07-14,64.54,0.4114,1.3042,0.4142,0.6469,0.788,0.3096,0.4379,-0.3127,0.3437,多周期方向不一致，观望,-0.1045,-0.7223,-0.5625
600062,华润双鹤,175.04,True,16.86,16.56,8,2.85,-6.51,-0.65,1.84,0.2412,2026-07-10,2026-07-14,54.18,0.1483,0.7873,0.3872,0.489,0.9819,0.3547,0.4374,-0.3236,0.3382,多周期方向不一致，观望,-0.1282,-0.75,-0.5625
600594,益佰制药,27.22,True,3.47,3.17,5,9.31,-10.66,-3.22,9.31,0.2318,2026-07-09,2026-07-14,63.56,0.4738,1.0957,0.4863,0.6843,0.8098,0.1895,0.4371,-0.2776,0.3612,多周期方向不一致，观望,-0.121,-0.5542,-0.5625
601968,宝钢包装,56.01,True,4.39,4.12,5,6.59,-7.32,-3.08,6.59,0.2015,2026-07-09,2026-07-14,65.31,0.7486,3.9379,0.3315,0.8492,0.771,0.4474,0.4363,-0.6348,0.1826,多周期共振看空 ⬇⬇⬇,-0.1967,-0.7315,-0.495
002080,中材科技,1214.12,True,72.35,80.94,14,35.18,-17.45,8.15,-10.62,0.161,2026-07-14,2026-07-14,39.84,0.333,-0.045,1.096,0.3818,0.6631,0.0,0.4362,0.697,0.8485,多周期共振看多 ⬆⬆⬆,0.256,0.75,0.5625
603338,浙江鼎力,258.79,True,51.11,47.57,9,14.75,-9.65,-0.83,7.45,0.3085,2026-07-01,2026-07-14,73.27,0.567,0.4124,0.5818,0.7052,0.5941,0.0303,0.4357,-0.1204,0.4398,多周期方向不一致，观望,0.0511,-0.1828,-0.3904
603004,鼎龙科技,12.45,True,21.14,22.64,18,15.87,-6.64,6.91,-6.64,0.293,2026-07-14,2026-07-14,38.59,0.7575,-0.3494,0.436,0.5148,0.6354,0.2733,0.435,-0.0276,0.4862,多周期方向不一致，观望,0.3219,0.0526,-0.45
002215,诺 普 信,71.61,True,8.86,8.89,8,10.64,-8.92,-0.65,-0.34,0.1071,2026-07-14,2026-07-14,47.37,0.8131,1.0007,0.509,0.8878,0.8304,0.1517,0.435,-0.3155,0.3422,多周期方向不一致，观望,-0.1298,-0.7131,-0.5625
002007,华兰生物,206.13,True,13.1,12.74,8,2.84,-5.93,-0.76,2.84,0.2678,2026-07-09,2026-07-14,54.32,-0.0486,1.3786,0.3639,0.4,0.985,0.3935,0.4348,-0.3013,0.3493,多周期方向不一致，观望,-0.0701,-0.7018,-0.5625
000790,华神科技,0.0,True,3.78,3.66,7,4.15,-5.94,-2.12,3.15,0.1933,2026-07-09,2026-07-14,58.77,0.4497,0.6908,0.4064,0.6698,0.9162,0.3227,0.4345,-0.4174,0.2913,多周期共振看空 ⬇⬇⬇,-0.1507,-0.4506,-0.3375
605186,健麾信息,43.52,True,32.0,32.69,12,23.05,-5.42,5.42,-2.12,0.2734,2026-07-14,2026-07-14,38.07,0.4015,-0.7211,0.5518,0.2409,0.6238,0.0803,0.4336,0.6148,0.8074,多周期共振看多 ⬆⬆⬆,0.1886,0.6271,0.5625
002055,ST得润,39.2,True,6.6,6.46,10,9.14,-14.95,-1.21,2.1,0.1813,2026-06-30,2026-07-14,54.87,0.2619,-0.4455,0.4845,0.1789,0.9971,0.1925,0.4332,0.3936,0.6968,多周期共振看多 ⬆⬆⬆,0.1977,0.3582,0.3375
002701,奥瑞金,119.43,True,4.67,4.49,7,8.04,-8.13,-2.08,3.99,0.1664,2026-07-03,2026-07-14,59.84,0.6849,0.577,0.3579,0.811,0.8925,0.4034,0.433,-0.6268,0.1866,多周期共振看空 ⬇⬇⬇,-0.1641,-0.6744,-0.5625
601686,友发集团,75.15,True,5.08,4.99,6,1.76,-6.02,-2.15,1.76,0.1673,2026-07-09,2026-07-14,55.42,0.4243,-0.0901,0.2069,0.4186,0.9906,0.6551,0.4327,-0.3229,0.3386,多周期方向不一致，观望,-0.1247,-0.75,-0.5625
002386,天原股份,75.35,True,5.79,5.96,13,8.48,-7.09,1.25,-2.85,0.1757,2026-07-14,2026-07-14,42.92,0.5381,1.0541,0.5631,0.7228,0.7317,0.0615,0.4325,-0.0451,0.4774,多周期方向不一致，观望,-0.0267,-0.1718,-0.0036
600352,浙江龙盛,399.51,True,12.28,11.95,19,15.34,-2.14,5.36,2.8,0.5125,2026-07-09,2026-07-14,49.9,-0.1385,-0.1779,0.6961,0.1289,0.8867,0.0,0.4314,-0.0488,0.4756,多周期方向不一致，观望,0.2997,-0.1337,-0.3375
600877,电科芯片,170.5,True,14.4,15.85,14,19.53,-9.91,5.64,-9.17,0.1345,2026-07-14,2026-07-14,39.53,0.7572,1.863,0.7862,0.8543,0.6563,0.0,0.4313,-0.0268,0.4866,⚠️⚠️ 逆大势反弹，大概率是下跌中继,0.2079,-0.351,-0.3375
603067,振华股份,296.54,True,39.25,41.98,14,29.42,-15.15,7.49,-6.49,0.2477,2026-07-14,2026-07-14,46.67,0.4397,-0.1435,1.1467,0.4064,0.815,0.0,0.4308,0.2234,0.6117,月线看多，日线反弹（等待周线确认）,0.2944,0.097,0.5625
603358,华达科技,184.34,True,39.92,40.86,18,12.36,-6.19,4.42,-2.3,0.3393,2026-07-14,2026-07-14,51.9,-0.0445,0.2375,0.7038,0.295,0.9311,0.0,0.4299,0.0355,0.5178,⚠️ 月线空头下的短期反弹，不宜追高,0.2511,0.3706,-0.18
605507,国邦医药,0.0,True,15.4,15.26,7,3.5,-5.44,-1.14,0.88,0.1811,2026-07-13,2026-07-14,53.52,0.2903,0.4548,0.4112,0.5561,0.9671,0.3147,0.4299,-0.2975,0.3513,多周期方向不一致，观望,-0.1272,-0.7038,-0.495
601996,丰林集团,26.57,True,2.37,2.27,2,4.34,-16.28,-7.49,4.34,0.0,2026-07-10,2026-07-14,54.88,0.6701,0.5758,0.4995,0.8021,0.9973,0.1675,0.4299,-0.1752,0.4124,月线震荡，中短期走弱,-0.3589,-0.1711,-0.1101
002845,同兴达,38.66,True,15.45,15.73,12,5.5,-8.97,0.26,-1.79,0.188,2026-07-14,2026-07-14,43.68,0.0481,0.6408,0.6655,0.4288,0.7484,0.0,0.4295,0.401,0.7005,上升趋势中的日线整理,0.0289,0.4543,0.5625
002730,电光科技,100.66,True,29.09,29.03,9,9.63,-10.21,-1.78,0.21,0.1039,2026-07-13,2026-07-14,43.27,0.6214,0.4883,0.593,0.7682,0.7394,0.0117,0.4294,0.0603,0.5302,多周期方向不一致，观望,-0.2047,-0.122,0.5625
002648,卫星化学,796.85,True,23.67,23.73,10,9.88,-6.9,0.45,-0.23,0.1646,2026-07-14,2026-07-14,39.45,0.6965,0.9658,0.6622,0.8179,0.6544,0.0,0.4293,-0.0547,0.4727,月线看多，中短期调整中,-0.1642,-0.2998,0.18
002842,翔鹭钨业,102.63,True,38.23,44.43,15,41.23,-21.1,9.97,-13.96,0.1388,2026-07-14,2026-07-14,37.73,0.2995,0.5231,1.1155,0.5797,0.6162,0.0,0.4291,0.433,0.7165,上升趋势中的日线整理,0.1456,0.5498,0.45
603950,长源东谷,210.64,True,65.04,75.3,14,27.09,-14.57,6.98,-13.63,0.0565,2026-07-14,2026-07-14,43.47,0.4415,-0.0279,1.0374,0.4538,0.7438,0.0,0.4291,0.6788,0.8394,多周期共振看多 ⬆⬆⬆,0.22,0.7408,0.5625
600567,山鹰国际,84.52,True,1.34,1.36,13,6.35,-2.99,0.62,-1.8,0.2539,2026-07-14,2026-07-14,48.0,0.7126,-0.6606,0.2943,0.4276,0.8444,0.5096,0.4274,-0.295,0.3525,多周期方向不一致，观望,-0.0964,-0.6515,-0.5625
002921,联诚精密,32.3,True,25.15,26.23,14,19.17,-12.44,2.11,-4.1,0.173,2026-07-14,2026-07-14,46.12,0.5036,0.265,0.8688,0.6081,0.8026,0.0,0.4273,0.0669,0.5334,多周期方向不一致，观望,0.025,-0.1775,0.45
601636,旗滨集团,205.63,True,6.95,8.19,14,34.36,-17.85,7.98,-15.18,0.0428,2026-07-14,2026-07-14,44.69,0.4543,0.1578,1.0447,0.5357,0.7709,0.0,0.4272,0.5327,0.7663,多周期共振看多 ⬆⬆⬆,0.1751,0.5706,0.45
600500,中化国际,224.27,True,6.25,7.66,13,44.0,-24.01,8.25,-18.46,0.0,2026-07-14,2026-07-14,34.38,0.683,1.8282,0.897,0.8098,0.5417,0.0,0.4257,0.46,0.73,上升趋势中的日线整理,-0.049,0.6744,0.5625
603855,华荣股份,53.85,True,16.05,16.39,8,7.53,-6.18,-1.22,-2.09,0.0932,2026-07-14,2026-07-14,55.87,0.6101,0.6326,0.3614,0.7661,0.9806,0.3976,0.4254,-0.5407,0.2297,多周期共振看空 ⬇⬇⬇,-0.155,-0.4931,-0.5625
600707,彩虹股份,404.69,True,11.28,13.47,14,40.38,-19.88,8.73,-16.28,0.034,2026-07-14,2026-07-14,40.98,0.6256,-0.2172,1.1677,0.4885,0.6884,0.0,0.4249,0.7101,0.855,多周期共振看多 ⬆⬆⬆,0.3003,0.7408,0.5625
002644,佛慈制药,39.27,True,7.69,7.28,6,5.62,-7.74,-1.49,5.62,0.2636,2026-07-10,2026-07-14,57.69,0.0478,1.6218,0.4077,0.4287,0.9402,0.3205,0.4242,-0.3097,0.3452,多周期方向不一致，观望,-0.1409,-0.6779,-0.5625
603111,康尼机电,49.5,True,5.91,5.86,9,3.42,-3.82,-0.74,0.88,0.2403,2026-07-02,2026-07-14,55.56,0.2315,-0.1442,0.2351,0.2812,0.9877,0.6081,0.4241,-0.3058,0.3471,多周期方向不一致，观望,-0.1156,-0.6825,-0.5625
603290,斯达半导,0.0,True,116.25,132.85,14,22.65,-12.5,4.28,-12.5,0.0173,2026-07-14,2026-07-14,34.6,0.7977,0.3337,0.7707,0.8121,0.5466,0.0,0.4241,0.3961,0.6981,上升趋势中的日线整理,0.0816,0.509,0.45
002976,瑞玛精密,29.22,True,24.0,24.91,12,12.88,-17.88,0.37,-3.64,0.1093,2026-07-14,2026-07-14,43.12,0.2123,1.0584,0.9318,0.5274,0.7361,0.0,0.4234,0.3975,0.6987,上升趋势中的日线整理,-0.1069,0.5615,0.5625
600579,中化装备,37.91,True,7.68,7.69,19,15.7,-3.0,6.33,-0.11,0.4578,2026-07-14,2026-07-14,56.84,0.1896,-0.5701,0.6818,0.1138,0.9592,0.0,0.4227,-0.05,0.475,多周期方向不一致，观望,0.362,-0.0799,-0.45
600085,同仁堂,339.44,True,24.75,23.25,5,6.46,-8.09,-1.83,6.46,0.2328,2026-07-09,2026-07-14,69.04,0.357,1.8432,0.3498,0.6142,0.688,0.4169,0.422,-0.3244,0.3378,多周期方向不一致，观望,-0.1324,-0.75,-0.5625
600201,生物股份,132.41,True,11.91,12.06,11,6.1,-3.37,0.62,-1.21,0.2363,2026-07-14,2026-07-14,44.63,0.6321,-0.1575,0.3991,0.5163,0.7696,0.3349,0.4217,-0.2114,0.3943,多周期方向不一致，观望,0.0031,-0.5944,-0.3375
002439,启明星辰,94.28,True,12.94,13.02,4,3.71,-12.66,-3.24,-0.58,0.0,2026-07-14,2026-07-14,45.77,0.7576,0.5114,0.395,0.8546,0.7948,0.3416,0.4216,-0.2215,0.3892,多周期方向不一致，观望,-0.1485,-0.3513,-0.495
000541,佛山照明,60.83,True,4.98,5.1,14,9.77,-4.42,1.62,-2.26,0.2416,2026-07-14,2026-07-14,52.24,0.5781,-0.1312,0.4979,0.4944,0.9386,0.1702,0.4207,-0.2679,0.366,多周期方向不一致，观望,0.0317,-0.6423,-0.5625
600378,昊华科技,597.42,True,55.7,66.9,16,40.19,-18.44,16.89,-16.74,0.086,2026-07-14,2026-07-14,40.95,0.4547,-0.2906,1.1226,0.3566,0.6879,0.0,0.4201,0.7585,0.8792,多周期共振看多 ⬆⬆⬆,0.4675,0.7038,0.5625
000550,江铃汽车,83.01,True,16.01,16.15,8,6.3,-5.35,-1.13,-0.89,0.1341,2026-07-14,2026-07-14,44.41,0.5891,0.4208,0.2501,0.7217,0.7646,0.5831,0.4192,-0.5072,0.2464,多周期共振看空 ⬇⬇⬇,-0.1634,-0.4122,-0.5625
603324,盛剑科技,54.52,True,36.92,44.66,17,42.9,-17.34,16.2,-17.34,0.0871,2026-07-14,2026-07-14,37.89,0.3545,-0.0225,1.0182,0.4037,0.6198,0.0,0.4182,0.7473,0.8737,多周期共振看多 ⬆⬆⬆,0.4173,0.7223,0.5625
002436,兴森科技,620.07,True,40.85,46.67,15,31.29,-17.44,7.42,-12.47,0.1123,2026-07-14,2026-07-14,36.44,0.401,-0.0702,1.0427,0.4125,0.5875,0.0,0.4181,0.7102,0.8551,多周期共振看多 ⬆⬆⬆,0.3113,0.7315,0.5625
600405,动力源,27.39,True,4.47,4.37,8,9.03,-10.35,-2.4,2.19,0.1221,2026-06-29,2026-07-14,55.14,0.5468,1.8935,0.7351,0.7281,0.9968,0.0,0.4178,-0.3118,0.3441,多周期方向不一致，观望,-0.1,-0.7223,-0.5625
002348,高乐股份,101.2,True,11.2,11.0,1,1.8,-18.35,-9.4,1.8,0.0,2026-07-13,2026-07-14,51.04,0.7086,0.3268,0.6079,0.7559,0.9119,0.0,0.4178,0.0388,0.5194,多周期方向不一致，观望,-0.301,-0.134,0.5625
002884,凌霄泵业,43.12,True,15.79,15.68,7,4.07,-5.86,-1.72,0.68,0.1418,2026-07-13,2026-07-14,56.07,0.2726,0.3596,0.2689,0.5074,0.9761,0.5518,0.4176,-0.4241,0.288,多周期共振看空 ⬇⬇⬇,-0.1915,-0.4967,-0.2713
600222,太龙药业,43.74,True,7.82,7.45,5,6.58,-15.43,-3.24,4.93,0.1219,2026-07-13,2026-07-14,59.54,0.2862,0.1197,0.7393,0.4196,0.8991,0.0,0.4167,0.2908,0.6454,上升趋势中的日线整理,-0.0403,0.2273,0.5625
002815,崇达技术,130.95,True,16.85,17.29,9,16.12,-16.01,-1.14,-2.55,0.051,2026-07-14,2026-07-14,45.35,0.5706,-0.0584,0.9147,0.519,0.7854,0.0,0.4166,0.4377,0.7188,上升趋势中的日线整理,-0.0126,0.5852,0.5625
603040,新坐标,116.11,True,59.14,64.91,16,11.72,-8.93,2.92,-8.89,0.1055,2026-07-14,2026-07-14,41.75,0.5129,0.668,0.6308,0.7077,0.7056,0.0,0.4159,0.0947,0.5474,月线震荡，中短期走强,0.1846,0.2235,-0.0634
603998,方盛制药,43.38,True,9.88,9.39,5,5.27,-7.65,-1.61,5.27,0.224,2026-07-10,2026-07-14,55.77,0.4617,2.5011,0.4666,0.677,0.9829,0.2223,0.4153,-0.6559,0.172,多周期共振看空 ⬇⬇⬇,-0.1722,-0.7315,-0.5625
002452,长高电气,55.18,True,10.71,11.97,11,17.16,-10.52,2.4,-10.52,0.0,2026-07-14,2026-07-14,39.74,0.7337,0.3058,0.7155,0.7625,0.6608,0.0,0.4142,0.3006,0.6503,上升趋势中的日线整理,-0.0202,0.3481,0.45
603577,汇金通,33.91,True,10.0,9.33,9,7.16,-11.64,-3.1,7.16,0.2448,2026-07-13,2026-07-14,62.11,0.5537,1.8207,0.6103,0.7322,0.8419,0.0,0.4134,-0.4624,0.2688,多周期共振看空 ⬇⬇⬇,-0.1598,-0.5521,-0.3272
002859,洁美科技,331.9,True,77.49,92.62,15,27.56,-21.86,6.13,-16.34,0.0,2026-07-14,2026-07-14,41.76,0.7647,-0.4447,1.0659,0.481,0.7058,0.0,0.4122,0.6812,0.8406,多周期共振看多 ⬆⬆⬆,0.2153,0.75,0.5625
603298,杭叉集团,0.0,True,25.07,24.92,10,7.31,-4.02,0.16,0.62,0.2362,2026-07-09,2026-07-14,60.64,0.2324,0.0314,0.4145,0.352,0.8747,0.3092,0.4121,-0.1303,0.4349,多周期方向不一致，观望,0.0254,-0.3197,-0.2746
000589,贵州轮胎,67.01,True,4.34,4.25,4,3.34,-6.88,-2.64,2.02,0.1078,2026-07-13,2026-07-14,57.65,0.6231,0.2647,0.288,0.6797,0.9412,0.52,0.411,-0.6039,0.1981,多周期共振看空 ⬇⬇⬇,-0.2086,-0.6535,-0.495
002132,恒星科技,65.62,True,4.69,5.35,11,12.22,-12.38,0.43,-12.38,0.0,2026-07-14,2026-07-14,38.2,0.7025,0.3471,0.6899,0.7603,0.6266,0.0,0.4107,0.3169,0.6584,上升趋势中的日线整理,-0.0322,0.2881,0.5625
600889,*ST京化,55.98,True,15.28,15.71,9,6.22,-5.25,-0.59,-2.74,0.1231,2026-07-14,2026-07-14,48.58,0.6659,-0.462,0.3256,0.4148,0.8573,0.4574,0.4106,-0.0691,0.4655,月线压制，周线反弹受阻,-0.187,0.1619,-0.495
603917,合力科技,25.6,True,12.56,12.41,14,9.49,-5.52,2.14,1.22,0.323,2026-06-30,2026-07-14,53.74,0.1665,-0.4582,0.4614,0.1166,0.9719,0.2309,0.4098,-0.0346,0.4827,⚠️⚠️ 逆大势反弹，大概率是下跌中继,0.198,-0.2664,-0.5625
002698,博实股份,102.56,True,12.15,12.03,10,13.71,-11.37,-0.25,1.02,0.1783,2026-07-13,2026-07-14,53.7,0.7141,-0.1332,0.6187,0.5752,0.9712,0.0,0.4093,-0.2394,0.3803,多周期方向不一致，观望,0.0203,-0.5073,-0.5625
603515,欧普照明,128.12,True,17.4,17.07,6,2.22,-6.02,-2.1,1.94,0.1652,2026-07-08,2026-07-14,56.8,-0.1973,0.6772,0.2435,0.4,0.9599,0.5941,0.4085,-0.3956,0.3022,多周期共振看空 ⬇⬇⬇,-0.1542,-0.3998,-0.3375
000521,长虹美菱,47.88,True,5.47,5.53,12,11.21,-7.99,1.21,-1.02,0.1956,2026-07-14,2026-07-14,54.84,0.761,-0.4186,0.6958,0.4892,0.9964,0.0,0.4084,-0.1809,0.4095,多周期方向不一致，观望,-0.0556,-0.1849,-0.5625
002272,川润股份,82.57,True,20.23,22.64,17,14.89,-10.64,4.36,-10.64,0.1136,2026-07-14,2026-07-14,36.39,0.479,-0.2028,0.609,0.4063,0.5864,0.0,0.4084,0.6405,0.8202,多周期共振看多 ⬆⬆⬆,0.1681,0.701,0.5625
002370,亚太药业,0.0,True,5.4,5.38,11,8.43,-10.76,-1.49,0.3,0.1451,2026-07-09,2026-07-14,45.59,0.6305,0.841,0.7463,0.7783,0.791,0.0,0.4078,-0.28,0.36,多周期方向不一致，观望,-0.0932,-0.5883,-0.5625
002456,欧菲光,295.6,True,8.91,9.21,9,3.75,-5.82,-0.81,-3.25,0.1001,2026-07-14,2026-07-14,47.15,0.4847,0.5093,0.6963,0.6908,0.8255,0.0,0.4077,-0.0742,0.4629,多周期方向不一致，观望,-0.0853,0.0395,-0.2925
002235,安妮股份,52.42,True,9.47,8.58,8,10.43,-17.77,-6.49,10.43,0.2151,2026-07-02,2026-07-14,66.67,0.3585,1.2819,0.718,0.6151,0.7407,0.0,0.407,-0.1332,0.4334,月线震荡，中短期走弱,-0.1858,-0.368,0.0794
002986,宇新股份,35.77,True,11.85,12.1,16,12.75,-6.5,1.7,-2.08,0.2576,2026-07-14,2026-07-14,27.87,0.4236,2.4061,0.4886,0.6542,0.3971,0.1856,0.4069,-0.0344,0.4828,⚠️⚠️ 逆大势反弹，大概率是下跌中继,0.2298,-0.5315,-0.3213
600525,ST长园,66.07,True,5.01,5.02,8,4.94,-6.77,-1.07,-0.24,0.1547,2026-07-14,2026-07-14,53.74,0.1255,0.026,0.3695,0.2857,0.972,0.3841,0.4063,-0.0518,0.4741,多周期方向不一致，观望,-0.1274,-0.2987,0.18
002654,万润科技,139.21,True,16.47,18.58,15,29.56,-12.04,7.5,-11.36,0.1421,2026-07-14,2026-07-14,40.49,0.4348,-0.4245,0.8209,0.2911,0.6775,0.0,0.4059,0.6271,0.8135,多周期共振看多 ⬆⬆⬆,0.2298,0.6187,0.5625
000711,ST京蓝,122.87,True,5.16,5.1,6,10.1,-20.71,-5.92,1.13,0.0,2026-07-13,2026-07-14,51.76,0.4387,0.2182,0.7682,0.5505,0.9281,0.0,0.4057,0.2507,0.6253,上升趋势中的日线回调（关注买点）,-0.2723,0.5136,0.5625
600050,中国联通,1304.7,True,4.21,4.14,3,1.72,-5.45,-2.1,1.72,0.127,2026-07-09,2026-07-14,58.0,0.436,0.1714,0.1886,0.5302,0.9333,0.6856,0.4053,-0.5792,0.2104,多周期共振看空 ⬇⬇⬇,-0.241,-0.504,-0.5625
002079,苏州固锝,94.23,True,11.62,13.85,16,15.42,-16.12,4.99,-16.12,0.0,2026-07-14,2026-07-14,33.11,0.3781,1.2337,0.6828,0.6268,0.5136,0.0,0.4043,0.6151,0.8075,多周期共振看多 ⬆⬆⬆,0.2203,0.7131,0.45
600228,返利科技,28.12,True,6.76,7.77,11,52.75,-17.39,7.45,-12.99,0.0367,2026-07-14,2026-07-14,36.33,0.207,1.9348,1.1704,0.5242,0.5851,0.0,0.4042,0.6049,0.8024,多周期共振看多 ⬆⬆⬆,0.2203,0.5782,0.5625
603271,永杰新材,42.21,True,44.63,45.67,8,17.7,-7.23,-0.5,-2.29,0.0576,2026-07-14,2026-07-14,47.03,0.8854,-0.0369,0.7457,0.7165,0.8229,0.0,0.4038,-0.0414,0.4793,月线看多，中短期调整中,-0.1853,-0.2183,0.18
002145,钛能化学,169.77,True,4.46,4.63,14,12.33,-8.38,2.16,-3.74,0.183,2026-07-14,2026-07-14,38.17,0.8038,0.2215,0.6279,0.7708,0.626,0.0,0.4032,-0.1979,0.4011,多周期方向不一致，观望,-0.0182,-0.2916,-0.5625
002008,大族激光,1143.29,True,119.5,135.59,11,16.5,-13.66,1.01,-11.87,0.0,2026-07-14,2026-07-14,27.91,0.6835,1.3298,0.8893,0.8101,0.3979,0.0,0.4031,0.4514,0.7257,上升趋势中的日线整理,-0.0709,0.6708,0.5625
000951,中国重汽,252.15,True,21.57,21.0,14,7.28,-11.37,-0.8,2.7,0.2705,2026-07-13,2026-07-14,60.18,-0.0117,0.2829,0.601,0.3132,0.885,0.0,0.4025,0.008,0.504,多周期方向不一致，观望,0.0233,-0.2774,0.2925
002046,国机精工,306.28,True,57.77,67.23,17,25.01,-16.29,7.56,-14.08,0.1074,2026-07-14,2026-07-14,34.26,0.4745,-0.2402,0.8902,0.3886,0.5392,0.0,0.4011,0.6822,0.8411,多周期共振看多 ⬆⬆⬆,0.2286,0.7408,0.5625
600183,生益科技,3541.47,True,147.9,165.03,13,31.65,-18.98,6.58,-10.38,0.1118,2026-07-14,2026-07-14,37.96,0.3844,-0.0363,0.9585,0.4161,0.6214,0.0,0.401,0.5282,0.7641,上升趋势中的日线整理,0.091,0.7315,0.5625
000423,东阿阿胶,313.41,True,49.07,46.37,8,5.83,-9.28,-2.25,5.83,0.2342,2026-07-03,2026-07-14,76.39,0.2052,1.1081,0.3329,0.5231,0.5246,0.4452,0.4007,-0.1791,0.4104,多周期方向不一致，观望,-0.1052,-0.5846,-0.1126
000902,新洋丰,144.33,True,12.63,12.19,4,3.6,-6.32,-1.99,3.6,0.1853,2026-07-13,2026-07-14,52.63,0.4368,0.7231,0.4343,0.6621,0.9474,0.2762,0.4007,-0.6561,0.1719,多周期共振看空 ⬇⬇⬇,-0.2837,-0.7038,-0.495
600436,片仔癀,763.92,True,126.62,114.09,4,10.98,-8.41,-2.37,10.98,0.2545,2026-07-09,2026-07-14,69.69,0.7102,2.9058,0.511,0.8261,0.6735,0.1483,0.4004,-0.6562,0.1719,多周期共振看空 ⬇⬇⬇,-0.1512,-0.75,-0.5625
601163,三角轮胎,103.12,True,12.89,12.72,7,4.22,-7.47,-2.17,1.36,0.1466,2026-07-13,2026-07-14,58.55,0.4512,0.1174,0.2479,0.5177,0.9212,0.5868,0.4,-0.5554,0.2223,多周期共振看空 ⬇⬇⬇,-0.1984,-0.5555,-0.495
001324,长青科技,26.51,True,19.21,19.02,15,8.95,-6.57,1.6,0.98,0.322,2026-06-29,2026-07-14,53.52,-0.0629,-0.297,0.4847,0.0812,0.9672,0.1922,0.3992,-0.0234,0.4883,⚠️⚠️ 逆大势反弹，大概率是下跌中继,0.1858,-0.2373,-0.3679
600961,株冶集团,195.1,True,25.95,30.26,14,34.43,-15.97,7.62,-14.23,0.0574,2026-07-14,2026-07-14,24.5,0.6675,0.1788,0.8987,0.672,0.3223,0.0,0.3979,0.5835,0.7917,多周期共振看多 ⬆⬆⬆,0.1923,0.5551,0.5625
000700,模塑科技,128.89,True,14.04,15.25,8,14.01,-9.84,-1.09,-7.94,0.0,2026-07-14,2026-07-14,47.71,0.5861,-0.1981,0.7952,0.4724,0.8379,0.0,0.3976,0.4192,0.7096,上升趋势中的日线整理,-0.0962,0.6087,0.5625
002299,圣农发展,197.05,True,16.17,15.88,5,4.85,-6.79,-1.73,1.83,0.1399,2026-07-13,2026-07-14,58.89,0.3167,0.3441,0.3387,0.5277,0.9135,0.4355,0.3976,-0.4435,0.2782,多周期共振看空 ⬇⬇⬇,-0.1822,-0.5969,-0.2216
603559,中通国脉,33.35,True,8.31,8.44,5,16.91,-10.9,-2.98,-1.59,0.0,2026-07-14,2026-07-14,50.52,0.357,2.161,0.8613,0.6142,0.9005,0.0,0.3972,0.1146,0.5573,多周期方向不一致，观望,-0.124,0.1152,0.495
002870,香山股份,49.71,True,38.32,39.08,4,1.87,-4.85,-1.75,-1.93,0.0672,2026-07-14,2026-07-14,41.96,0.3969,0.1584,0.3077,0.5015,0.7103,0.4871,0.3964,-0.0346,0.4827,月线看多，中短期调整中,-0.359,-0.1821,0.3249
002258,利尔化学,102.53,True,12.83,13.45,16,10.35,-4.63,2.72,-4.63,0.224,2026-07-14,2026-07-14,37.93,0.3147,1.8008,0.6796,0.5888,0.6207,0.0,0.3951,-0.064,0.468,多周期方向不一致，观望,0.1021,-0.0313,-0.3375
600989,宝丰能源,1615.54,True,22.03,21.08,1,4.52,-9.34,-6.12,4.52,0.0297,2026-07-13,2026-07-14,47.04,0.5116,1.2444,0.4131,0.707,0.8231,0.3115,0.3946,-0.2826,0.3587,月线震荡，中短期走弱,-0.5605,-0.5821,0.1125
002636,金安国纪,693.02,True,95.68,104.98,15,65.81,-17.21,26.64,-8.86,0.2672,2026-07-14,2026-07-14,35.99,-0.5758,-0.4254,1.016,0.0298,0.5775,0.0,0.3945,0.7742,0.8871,多周期共振看多 ⬆⬆⬆,0.4538,0.75,0.5625
605376,博迁新材,513.52,True,196.3,229.44,15,33.93,-19.78,10.19,-14.44,0.1276,2026-07-14,2026-07-14,42.0,0.1213,-0.2542,1.0485,0.1711,0.711,0.0,0.3944,0.7221,0.861,多周期共振看多 ⬆⬆⬆,0.3204,0.75,0.5625
000921,海信家电,233.66,True,25.45,26.49,11,11.67,-8.35,-0.37,-3.93,0.0674,2026-07-14,2026-07-14,38.21,0.7338,-0.6194,0.3497,0.4403,0.6268,0.4172,0.3943,0.2019,0.6009,上升趋势中的日线回调（关注买点）,-0.2092,0.5206,0.3375
002206,海 利 得,55.49,True,5.25,5.37,12,4.87,-5.24,-0.1,-2.21,0.2046,2026-07-14,2026-07-14,38.84,0.6873,-0.2647,0.3331,0.5065,0.641,0.4449,0.3942,-0.2726,0.3637,多周期方向不一致，观望,-0.1248,-0.5962,-0.495
002837,英维克,792.79,True,70.13,75.56,12,20.96,-11.38,2.58,-7.19,0.0759,2026-07-14,2026-07-14,36.6,0.7398,0.4078,0.7325,0.807,0.591,0.0,0.3941,-0.03,0.485,多周期方向不一致，观望,-0.0162,-0.3431,0.225
002162,悦心健康,35.09,True,3.82,3.54,4,7.85,-7.43,-2.87,7.85,0.2252,2026-07-13,2026-07-14,63.33,0.5488,2.4045,0.49,0.7293,0.8148,0.1834,0.3935,-0.6837,0.1582,多周期共振看空 ⬇⬇⬇,-0.2541,-0.7223,-0.5625
002900,哈三联,16.39,True,10.17,9.78,5,4.04,-7.58,-1.91,4.04,0.199,2026-07-13,2026-07-14,54.44,0.3649,1.7467,0.4846,0.619,0.9876,0.1923,0.3934,-0.6599,0.17,多周期共振看空 ⬇⬇⬇,-0.1607,-0.75,-0.5625
000915,华特达因,58.52,True,24.99,25.34,9,3.26,-4.17,-0.29,-1.36,0.1853,2026-07-14,2026-07-14,40.82,0.5959,0.5975,0.3245,0.7576,0.6849,0.4592,0.3932,-0.7001,0.15,多周期共振看空 ⬇⬇⬇,-0.264,-0.75,-0.5625
603031,安孚科技,159.96,True,50.88,51.23,2,3.92,-11.41,-5.13,-0.68,0.0,2026-07-14,2026-07-14,45.77,0.6578,-0.0187,0.7674,0.5872,0.795,0.0,0.3931,0.2517,0.6259,上升趋势中的日线回调（关注买点）,-0.3808,0.6101,0.5625
600552,凯盛科技,194.87,True,20.63,25.29,14,37.77,-21.21,9.46,-18.43,0.0,2026-07-14,2026-07-14,34.15,0.7622,-0.3737,1.1393,0.5078,0.5367,0.0,0.393,0.6875,0.8438,多周期共振看多 ⬆⬆⬆,0.264,0.7223,0.5625
000636,风华高科,687.38,True,59.41,68.33,13,33.57,-21.28,7.87,-13.06,0.0772,2026-07-14,2026-07-14,39.13,0.4059,-0.2736,1.0554,0.3341,0.6474,0.0,0.3927,0.645,0.8225,多周期共振看多 ⬆⬆⬆,0.1765,0.7038,0.5625
603005,晶方科技,263.22,True,40.36,46.27,13,17.1,-12.78,2.21,-12.78,0.0,2026-07-14,2026-07-14,36.17,0.7273,-0.1219,0.8647,0.5876,0.5815,0.0,0.3922,0.4993,0.7497,上升趋势中的日线整理,0.0247,0.7131,0.5625
002555,三七互娱,287.15,True,18.09,18.57,11,6.18,-8.01,-0.46,-2.61,0.1166,2026-07-14,2026-07-14,49.01,0.6715,-0.2214,0.438,0.5143,0.8669,0.2699,0.3911,-0.2299,0.3851,多周期方向不一致，观望,-0.0494,-0.4732,-0.495
002014,永新股份,65.15,True,10.81,10.76,14,8.22,-3.59,1.13,0.45,0.3275,2026-07-10,2026-07-14,48.45,0.2497,-0.1216,0.5509,0.3012,0.8545,0.0818,0.3907,-0.2335,0.3832,多周期方向不一致，观望,0.0576,-0.5809,-0.495
002643,万润股份,148.96,True,16.51,18.93,18,28.45,-13.07,10.68,-12.79,0.2167,2026-07-14,2026-07-14,34.28,0.4339,-0.3821,0.7258,0.3075,0.5395,0.0,0.3906,0.4655,0.7328,多周期共振看多 ⬆⬆⬆,0.4452,0.1915,0.45
600879,航天电子,637.09,True,19.31,20.59,11,13.36,-7.24,0.23,-6.2,0.0256,2026-07-14,2026-07-14,50.26,0.4962,0.5268,0.8086,0.6977,0.8947,0.0,0.3905,-0.1272,0.4364,多周期方向不一致，观望,0.1029,-0.4193,-0.228
002490,山东墨龙,49.03,True,9.05,7.02,6,28.89,-17.38,-4.58,28.89,0.2308,2026-07-08,2026-07-14,83.65,0.9285,0.018,0.8141,0.7643,0.3634,0.0,0.3897,-0.0951,0.4525,多周期方向不一致，观望,-0.1169,-0.5429,0.225
603125,常青科技,98.78,True,24.4,29.04,15,20.46,-16.56,6.37,-15.98,0.0,2026-07-14,2026-07-14,28.89,0.4083,0.3897,0.7724,0.6009,0.4199,0.0,0.3895,0.6505,0.8253,多周期共振看多 ⬆⬆⬆,0.1584,0.7315,0.5625
002752,昇兴股份,59.7,True,6.12,6.04,6,5.39,-10.16,-3.05,1.4,0.0816,2026-07-13,2026-07-14,48.51,0.1856,0.815,0.4031,0.5114,0.8559,0.3282,0.3891,-0.1906,0.4047,月线震荡，中短期走弱,-0.1902,-0.4156,-0.0621
002203,海亮股份,432.03,True,19.53,22.05,11,23.75,-17.41,2.74,-11.42,0.0,2026-07-14,2026-07-14,27.92,0.7683,0.3669,0.7538,0.8077,0.3981,0.0,0.3888,0.3405,0.6703,上升趋势中的日线整理,-0.1468,0.4478,0.5625
605358,立昂微,454.67,True,58.88,67.48,14,16.89,-16.42,2.1,-12.74,0.0,2026-07-14,2026-07-14,42.12,0.7586,-0.4317,0.8755,0.4825,0.7139,0.0,0.3885,0.4794,0.7397,上升趋势中的日线整理,-0.0461,0.7223,0.5625
002152,广电运通,247.47,True,9.97,9.78,5,8.81,-7.41,-2.01,1.9,0.102,2026-07-07,2026-07-14,52.01,0.6561,1.1416,0.5152,0.7936,0.9336,0.1413,0.3875,-0.6481,0.1759,多周期共振看空 ⬇⬇⬇,-0.1522,-0.7315,-0.5625
002407,多氟多,389.22,True,36.08,43.85,17,37.91,-17.72,10.25,-17.72,0.0774,2026-07-14,2026-07-14,39.45,0.1436,-0.029,1.049,0.2746,0.6544,0.0,0.3873,0.688,0.844,多周期共振看多 ⬆⬆⬆,0.2974,0.6946,0.5625
600941,中国移动,828.74,True,91.8,89.38,3,2.71,-7.81,-3.47,2.71,0.0888,2026-07-09,2026-07-14,61.22,0.2404,0.3813,0.2035,0.4968,0.8619,0.6608,0.3869,-0.4756,0.2622,多周期共振看空 ⬇⬇⬇,-0.3088,-0.218,-0.5625
600613,神奇制药,23.92,True,4.99,4.7,5,6.1,-7.8,-2.53,6.1,0.218,2026-07-09,2026-07-14,58.33,0.2863,2.5161,0.4355,0.5718,0.9259,0.2742,0.3868,-0.6742,0.1629,多周期共振看空 ⬇⬇⬇,-0.2083,-0.7408,-0.5625
000818,航锦科技,84.32,True,12.81,13.83,12,14.41,-14.46,0.65,-7.39,0.0224,2026-07-14,2026-07-14,46.53,0.7146,0.4992,0.8873,0.8285,0.8118,0.0,0.3865,-0.2618,0.3691,多周期方向不一致，观望,-0.1339,-0.4733,-0.5625
002032,苏 泊 尔,343.38,True,42.95,41.63,8,5.63,-7.84,-2.58,3.17,0.1479,2026-07-02,2026-07-14,62.57,0.2185,-0.1497,0.2716,0.2712,0.8318,0.5473,0.386,-0.1373,0.4314,多周期方向不一致，观望,-0.1387,-0.2419,-0.2429
003036,泰坦股份,163.64,True,75.55,88.58,13,41.57,-18.26,7.51,-14.71,0.027,2026-07-14,2026-07-14,38.39,0.6621,-0.3389,0.9023,0.4617,0.6309,0.0,0.3855,0.5233,0.7616,上升趋势中的日线整理,0.0546,0.75,0.5625
600835,上海机电,169.37,True,21.0,21.02,10,4.94,-11.92,-1.53,-0.12,0.1282,2026-07-14,2026-07-14,51.57,0.73,-0.2847,0.5316,0.5241,0.9239,0.114,0.3854,-0.2631,0.3684,多周期方向不一致，观望,0.0613,-0.6467,-0.5625
600612,老凤祥,111.62,True,35.2,33.81,6,4.11,-7.63,-2.26,4.11,0.1959,2026-07-09,2026-07-14,62.63,0.1948,2.1266,0.258,0.5169,0.8304,0.5699,0.3854,-0.6665,0.1668,多周期共振看空 ⬇⬇⬇,-0.1778,-0.75,-0.5625
600528,中铁工业,153.29,True,6.9,6.86,1,0.63,-6.31,-2.79,0.63,0.0581,2026-07-13,2026-07-14,50.86,0.5997,0.3405,0.23,0.696,0.908,0.6166,0.3853,-0.7536,0.1232,多周期共振看空 ⬇⬇⬇,-0.4389,-0.7175,-0.5625
002635,安洁科技,63.4,True,16.03,19.01,16,25.53,-17.73,4.14,-15.68,0.0,2026-07-14,2026-07-14,43.69,0.3219,0.3616,0.9271,0.5377,0.7486,0.0,0.3851,0.3224,0.6612,上升趋势中的日线整理,0.1357,0.2711,0.45
603075,热威股份,9.27,True,22.48,22.4,6,1.06,-9.4,-4.08,0.35,0.0336,2026-07-13,2026-07-14,53.17,0.2229,-0.2419,0.2083,0.237,0.9594,0.6528,0.3847,-0.0555,0.4723,月线看多，中短期调整中,-0.2814,-0.2236,0.2005
002975,博杰股份,171.03,True,124.52,132.55,11,13.62,-17.34,-1.52,-6.06,0.0,2026-07-14,2026-07-14,34.98,0.6863,0.0074,0.9272,0.6148,0.5551,0.0,0.3843,0.4244,0.7122,上升趋势中的日线整理,-0.1411,0.6608,0.5625
603378,*ST亚士,24.0,True,5.6,5.27,8,14.11,-12.03,-1.6,6.23,0.243,2026-07-02,2026-07-14,67.97,0.4938,-0.156,0.6299,0.4339,0.7119,0.0,0.3839,-0.0603,0.4698,多周期方向不一致，观望,0.1864,0.1376,-0.5625
002957,科瑞技术,189.08,True,45.16,51.4,5,6.27,-19.56,-6.97,-12.15,0.0,2026-07-14,2026-07-14,33.92,0.8402,0.1354,0.8037,0.7583,0.5315,0.0,0.3838,0.2192,0.6096,上升趋势中的日线回调（关注买点）,-0.3739,0.4949,0.5625
600531,豫光金铅,154.79,True,12.8,14.21,15,26.82,-12.97,4.83,-9.95,0.1108,2026-07-14,2026-07-14,36.36,0.9103,0.1409,0.8782,0.8025,0.5859,0.0,0.3835,-0.1853,0.4073,多周期方向不一致，观望,-0.0489,-0.4352,-0.3375
603002,宏昌电子,206.4,True,18.2,22.28,15,40.53,-23.43,10.27,-18.33,0.0304,2026-07-14,2026-07-14,30.39,0.7673,-0.4721,1.0073,0.4716,0.4532,0.0,0.3832,0.6941,0.8471,多周期共振看多 ⬆⬆⬆,0.2484,0.75,0.5625
002367,康力电梯,45.29,True,5.7,6.28,13,20.63,-9.29,5.64,-9.24,0.1169,2026-07-14,2026-07-14,33.71,0.5682,1.3467,0.692,0.7409,0.5269,0.0,0.3822,-0.0406,0.4797,⚠️⚠️ 逆大势反弹，大概率是下跌中继,0.1502,-0.4524,-0.45
003017,大洋生物,18.24,True,21.94,22.33,8,8.24,-5.84,-0.58,-1.75,0.0983,2026-07-14,2026-07-14,49.52,0.8867,-0.0955,0.4333,0.6939,0.8782,0.2779,0.3818,-0.568,0.216,多周期共振看空 ⬇⬇⬇,-0.259,-0.4639,-0.5625
002606,大连电瓷,57.7,True,13.7,13.55,2,1.15,-14.26,-4.69,1.08,0.0,2026-07-13,2026-07-14,44.38,0.3831,0.6795,0.5207,0.6299,0.7639,0.1322,0.3809,0.0169,0.5084,月线看多，中短期调整中,-0.329,-0.1998,0.5625
002252,上海莱士,316.9,True,4.81,4.55,3,5.66,-11.54,-4.86,5.66,0.0855,2026-07-09,2026-07-14,60.9,0.7099,0.3086,0.3475,0.7493,0.8688,0.4208,0.3806,-0.7389,0.1305,多周期共振看空 ⬇⬇⬇,-0.3634,-0.75,-0.5625
002175,*ST东智,33.71,True,2.64,2.44,9,19.98,-16.6,-1.33,8.02,0.3105,2026-07-01,2026-07-14,65.56,0.3789,-0.1603,0.7301,0.3632,0.7653,0.0,0.3801,-0.2041,0.398,多周期方向不一致，观望,0.1034,-0.4232,-0.5625
600388,龙净环保,208.29,True,16.4,15.69,6,4.52,-11.79,-4.76,4.52,0.0933,2026-07-06,2026-07-14,59.2,-0.1752,0.524,0.4113,0.4,0.9067,0.3145,0.38,-0.1635,0.4183,月线震荡，中短期走弱,-0.3004,-0.3904,0.0984
603416,信捷电气,74.66,True,53.5,55.56,7,10.01,-9.59,-1.12,-3.7,0.0,2026-07-14,2026-07-14,47.93,0.6976,0.1276,0.553,0.6696,0.843,0.0784,0.3795,-0.1095,0.4452,多周期方向不一致，观望,-0.2136,-0.1458,-0.1525
605060,XD联德股,0.0,True,45.4,51.68,14,12.8,-14.66,1.48,-12.14,0.0,2026-07-14,2026-07-14,43.76,0.6573,0.3913,0.8758,0.7509,0.7502,0.0,0.3794,-0.0666,0.4667,多周期方向不一致，观望,-0.0911,-0.5071,0.2925
600566,济川药业,231.95,True,25.25,23.85,4,5.85,-10.77,-3.48,5.85,0.1546,2026-07-08,2026-07-14,50.99,-0.3085,0.224,0.506,0.2896,0.9109,0.1567,0.3794,-0.018,0.491,多周期方向不一致，观望,-0.1787,-0.0762,0.1504
601677,明泰铝业,198.8,True,15.99,16.16,0,-1.05,-9.24,-5.55,-1.05,0.0,2026-07-14,2026-07-14,39.19,0.6211,0.5243,0.513,0.7727,0.6488,0.1451,0.3793,-0.0966,0.4517,月线看多，中短期调整中,-0.6975,-0.1998,0.3375
603933,睿能科技,47.74,True,23.0,23.13,7,6.84,-8.59,-1.22,-0.54,0.1102,2026-07-14,2026-07-14,46.68,0.202,4.8808,0.7072,0.5212,0.815,0.0,0.3791,-0.044,0.478,多周期方向不一致，观望,-0.0613,-0.321,0.18
600362,江西铜业,910.0,True,43.85,44.67,7,20.82,-11.15,-0.73,-1.84,0.047,2026-07-14,2026-07-14,42.8,0.8737,1.062,0.8523,0.9242,0.729,0.0,0.3788,-0.4359,0.2821,多周期共振看空 ⬇⬇⬇,-0.1759,-0.4697,-0.3375
603989,艾华集团,151.22,True,37.92,44.6,14,49.4,-22.11,14.04,-14.97,0.0984,2026-07-14,2026-07-14,35.03,0.2211,-0.2836,1.1814,0.2192,0.5563,0.0,0.3782,0.7713,0.8857,多周期共振看多 ⬆⬆⬆,0.468,0.7315,0.5625
002594,比亚迪,3144.23,True,90.18,85.46,8,5.52,-12.87,-3.47,5.52,0.1786,2026-07-02,2026-07-14,61.7,-0.1775,0.7363,0.4374,0.4,0.8511,0.271,0.3781,-0.2823,0.3589,多周期方向不一致，观望,-0.1463,-0.5529,-0.5625
600237,铜峰电子,61.52,True,9.85,11.95,13,18.22,-19.77,2.84,-17.57,0.0,2026-07-14,2026-07-14,39.23,0.7575,-0.3177,1.0124,0.5274,0.6496,0.0,0.3779,0.4002,0.7001,上升趋势中的日线整理,0.0341,0.5602,0.45
601008,连云港,52.35,True,4.22,4.2,3,1.21,-8.57,-3.4,0.45,0.0418,2026-07-13,2026-07-14,47.19,0.6639,0.3108,0.2838,0.7227,0.8265,0.5271,0.3777,-0.648,0.176,多周期共振看空 ⬇⬇⬇,-0.3235,-0.5843,-0.5625
600160,巨化股份,0.0,True,42.85,48.44,16,26.08,-13.71,11.38,-11.54,0.216,2026-07-14,2026-07-14,32.12,0.3224,-0.6071,0.7995,0.1935,0.4916,0.0,0.3777,0.604,0.802,多周期共振看多 ⬆⬆⬆,0.3292,0.4829,0.5625
600316,洪都航空,187.96,True,26.21,27.61,9,6.66,-6.34,-0.92,-5.06,0.0139,2026-07-14,2026-07-14,47.59,0.4856,0.4079,0.4243,0.6545,0.8354,0.2928,0.377,-0.3011,0.3495,多周期方向不一致，观望,-0.0776,-0.6946,-0.5625
002579,中京电子,94.86,True,16.26,19.14,13,22.57,-16.57,3.41,-15.04,0.0,2026-07-14,2026-07-14,40.41,0.5897,-0.3363,1.12,0.4193,0.6757,0.0,0.3769,0.5336,0.7668,上升趋势中的日线整理,0.1093,0.7298,0.5625
002929,润建股份,122.77,True,56.7,63.28,6,15.45,-21.42,-4.06,-10.39,0.0,2026-07-14,2026-07-14,41.47,0.7461,0.2321,0.8827,0.7405,0.6994,0.0,0.376,-0.0159,0.492,月线看多，中短期调整中,-0.3909,-0.1906,0.45
600171,上海贝岭,187.16,True,26.4,29.17,13,14.02,-9.49,1.87,-9.49,0.0164,2026-07-14,2026-07-14,33.51,0.8724,1.4174,0.6137,0.9234,0.5224,0.0,0.3758,-0.1369,0.4315,多周期方向不一致，观望,-0.0682,-0.2508,-0.2925
603520,司太立,40.33,True,9.2,9.92,10,13.05,-12.04,-0.51,-7.28,0.0,2026-07-14,2026-07-14,42.56,0.8017,0.3202,0.5331,0.8091,0.7236,0.1114,0.3755,-0.2482,0.3759,多周期共振看空 ⬇⬇⬇,-0.201,-0.2156,-0.1575
002741,光华科技,0.0,True,29.5,34.8,14,37.77,-21.66,7.71,-15.22,0.0349,2026-07-14,2026-07-14,38.65,0.4728,-0.1976,1.0545,0.4046,0.6366,0.0,0.3754,0.5079,0.754,上升趋势中的日线整理,0.1263,0.6485,0.5625
601058,赛轮轮胎,425.48,True,12.94,12.14,9,7.48,-7.68,-0.45,6.59,0.3002,2026-07-02,2026-07-14,65.49,0.2923,-0.0678,0.5776,0.3483,0.767,0.0374,0.3749,-0.2293,0.3853,多周期方向不一致，观望,-0.0039,-0.4419,-0.5625
600265,*ST景谷,28.36,True,21.85,22.24,3,4.86,-13.02,-4.13,-1.75,0.0,2026-07-14,2026-07-14,52.88,0.4156,-0.7011,0.4247,0.2493,0.953,0.2922,0.3744,0.2193,0.6097,上升趋势中的日线回调（关注买点）,-0.279,0.5263,0.45
000887,中鼎股份,256.43,True,19.51,19.08,7,8.25,-17.53,-4.71,2.27,0.0502,2026-07-09,2026-07-14,54.63,0.4371,-0.1189,0.7977,0.4147,0.9918,0.0,0.3728,0.0086,0.5043,多周期方向不一致，观望,-0.0489,0.204,-0.1244
000059,华锦股份,70.69,True,4.42,4.08,4,8.47,-11.34,-4.03,8.47,0.1745,2026-07-10,2026-07-14,63.69,0.4807,2.21,0.5406,0.6884,0.8068,0.099,0.3725,-0.5875,0.2062,多周期共振看空 ⬇⬇⬇,-0.1815,-0.6407,-0.495
603221,爱丽家居,28.39,True,11.72,11.13,7,7.69,-15.26,-4.48,5.34,0.1329,2026-07-03,2026-07-14,60.23,0.3902,0.0942,0.5753,0.4718,0.8837,0.0411,0.3719,-0.1918,0.4041,多周期方向不一致，观望,-0.1629,-0.1408,-0.5625
002538,ST司特,51.18,True,6.0,6.02,11,8.45,-7.85,0.5,-0.3,0.2138,2026-07-14,2026-07-14,52.48,0.0642,-0.0465,0.4889,0.2199,0.9439,0.1852,0.3716,-0.1732,0.4134,多周期方向不一致，观望,0.0049,-0.4282,-0.3375
601233,桐昆股份,488.23,True,20.56,22.28,15,15.22,-13.86,3.6,-7.71,0.1361,2026-07-14,2026-07-14,34.41,0.4733,-0.1505,0.7554,0.4238,0.5425,0.0,0.371,0.312,0.656,上升趋势中的日线整理,0.0548,0.471,0.2925
600817,宇通重工,48.21,True,9.11,9.07,6,1.79,-5.43,-2.29,0.49,0.1297,2026-07-09,2026-07-14,50.81,0.53,-0.0514,0.2609,0.4975,0.9068,0.5651,0.3709,-0.6804,0.1598,多周期共振看空 ⬇⬇⬇,-0.3102,-0.6669,-0.5625
603101,汇嘉时代,32.36,True,6.88,6.66,7,4.26,-10.28,-3.36,3.26,0.1109,2026-07-13,2026-07-14,58.9,0.3484,0.8419,0.4201,0.609,0.9134,0.2998,0.3706,-0.6117,0.1941,多周期共振看空 ⬇⬇⬇,-0.1913,-0.6179,-0.5625
603050,科林电气,76.95,True,19.08,19.54,3,6.94,-9.27,-3.71,-2.35,0.0,2026-07-14,2026-07-14,48.46,0.7832,-0.5595,0.3432,0.4699,0.8547,0.428,0.3704,-0.157,0.4215,月线震荡，中短期走弱,-0.3182,-0.3233,0.0682
600936,北投科技,78.71,True,4.71,4.54,2,3.72,-17.61,-9.17,3.72,0.0,2026-07-13,2026-07-14,56.6,0.5953,-0.3216,0.5067,0.4286,0.9644,0.1556,0.3703,-0.005,0.4975,月线看多，中短期调整中,-0.2967,-0.2194,0.45
603083,剑桥科技,551.81,True,200.23,220.12,13,30.63,-15.83,5.28,-9.03,0.1129,2026-07-14,2026-07-14,27.04,0.1237,0.2033,0.9115,0.3556,0.3788,0.0,0.3702,0.667,0.8335,多周期共振看多 ⬆⬆⬆,0.179,0.75,0.5625
603408,建霖家居,44.71,True,9.99,9.99,4,2.43,-4.47,-1.05,-0.04,0.1369,2026-07-14,2026-07-14,48.83,0.4475,0.1012,0.2589,0.509,0.8628,0.5685,0.3702,-0.6711,0.1644,多周期共振看空 ⬇⬇⬇,-0.1894,-0.75,-0.5625
603228,景旺电子,678.39,True,69.12,71.39,5,4.4,-14.29,-4.08,-3.17,0.0,2026-07-14,2026-07-14,46.54,0.7547,-0.1953,0.8566,0.5747,0.8119,0.0,0.3701,0.0672,0.5336,多周期方向不一致，观望,-0.3915,0.0684,0.5625
002853,皮阿诺,29.71,True,23.08,21.31,4,8.31,-14.28,-6.13,8.31,0.118,2026-07-08,2026-07-14,64.14,0.0228,0.7503,0.4073,0.4137,0.7969,0.3212,0.3698,-0.1999,0.4001,月线震荡，中短期走弱,-0.3432,-0.4902,0.1125
002180,奔图科技,207.04,True,15.22,15.37,11,10.57,-13.83,0.49,-0.97,0.1629,2026-07-14,2026-07-14,58.05,0.3722,0.0144,0.6645,0.4291,0.9322,0.0,0.3691,-0.2437,0.3781,多周期方向不一致，观望,0.1236,-0.6146,-0.5625
603197,保隆科技,62.54,True,29.62,28.5,4,5.2,-10.31,-3.24,3.94,0.1135,2026-07-13,2026-07-14,53.85,0.4106,0.9729,0.5102,0.6464,0.9744,0.1497,0.3682,-0.6502,0.1749,多周期共振看空 ⬇⬇⬇,-0.3559,-0.5614,-0.5625
600031,三一重工,1578.78,True,18.63,18.35,12,5.52,-6.28,-0.44,1.53,0.2711,2026-07-02,2026-07-14,60.46,-0.0355,-0.127,0.4118,0.1492,0.8788,0.3137,0.368,-0.2513,0.3743,多周期方向不一致，观望,-0.0107,-0.5331,-0.5625
603508,思维列控,82.85,True,21.73,21.69,8,3.0,-5.37,-1.41,0.16,0.1704,2026-07-02,2026-07-14,51.66,0.2788,-0.0053,0.2375,0.3652,0.9258,0.6042,0.368,-0.6439,0.178,多周期共振看空 ⬇⬇⬇,-0.2093,-0.6733,-0.5625
002239,奥特佳,65.18,True,2.43,2.45,4,2.02,-6.5,-2.47,-0.84,0.0519,2026-07-14,2026-07-14,51.52,0.5081,0.3618,0.3356,0.6496,0.9226,0.4407,0.3677,-0.6823,0.1588,多周期共振看空 ⬇⬇⬇,-0.2506,-0.7223,-0.5625
002571,德力股份,31.62,True,10.6,10.55,1,0.47,-12.68,-7.04,0.47,0.0,2026-07-13,2026-07-14,46.41,0.5839,0.2412,0.5123,0.6468,0.8091,0.1461,0.3673,-0.1843,0.4078,月线震荡，中短期走弱,-0.3805,-0.4059,0.1125
002528,*ST英飞,47.36,True,4.51,4.44,7,6.39,-10.25,-2.52,1.59,0.1032,2026-07-10,2026-07-14,50.34,-0.1236,0.0866,0.4645,0.2346,0.8964,0.2258,0.3665,0.0524,0.5262,多周期方向不一致，观望,-0.1221,-0.2275,0.5625
600161,天坛生物,243.61,True,12.32,12.02,3,2.46,-9.47,-3.43,2.46,0.0854,2026-07-10,2026-07-14,55.66,0.5236,0.1887,0.3412,0.5896,0.9853,0.4314,0.3658,-0.749,0.1255,多周期共振看空 ⬇⬇⬇,-0.3893,-0.75,-0.5625
600997,开滦股份,82.25,True,5.18,5.03,6,3.22,-10.77,-3.69,3.01,0.0869,2026-07-10,2026-07-14,58.27,0.5304,0.1746,0.3519,0.5881,0.9273,0.4134,0.3654,-0.6701,0.1649,多周期共振看空 ⬇⬇⬇,-0.23,-0.7131,-0.5625
001218,丽臣实业,27.66,True,23.43,23.74,7,8.71,-10.41,-1.37,-1.29,0.0748,2026-07-14,2026-07-14,45.45,0.3588,0.4589,0.671,0.5988,0.7879,0.0,0.3651,-0.1623,0.4189,月线震荡，中短期走弱,-0.1797,-0.4534,0.0619
600866,星湖科技,60.15,True,4.79,4.64,4,3.34,-7.77,-2.72,3.34,0.1421,2026-07-10,2026-07-14,54.76,0.1812,0.3795,0.3225,0.4605,0.9947,0.4624,0.3646,-0.7243,0.1378,多周期共振看空 ⬇⬇⬇,-0.3582,-0.7223,-0.5625
002353,杰瑞股份,1000.21,True,144.74,158.18,16,16.64,-12.54,3.28,-8.5,0.1242,2026-07-14,2026-07-14,43.55,-0.3808,-0.2258,0.884,0.1097,0.7455,0.0,0.3645,0.5482,0.7741,上升趋势中的日线整理,0.1301,0.75,0.5625
002484,江海股份,707.17,True,86.19,97.68,15,30.46,-19.81,6.78,-11.76,0.1142,2026-07-14,2026-07-14,39.1,0.0123,-0.2555,1.0989,0.1052,0.6468,0.0,0.3643,0.6957,0.8478,多周期共振看多 ⬆⬆⬆,0.2634,0.7408,0.5625
002577,雷柏科技,48.19,True,17.17,18.59,15,6.79,-7.66,0.82,-7.66,0.1028,2026-07-14,2026-07-14,37.91,0.5268,-0.1049,0.4898,0.4741,0.6203,0.1837,0.3641,0.0165,0.5082,多周期方向不一致，观望,0.0407,0.2626,-0.225
603638,艾迪精密,182.48,True,20.72,23.8,13,16.58,-12.94,0.6,-12.94,0.0,2026-07-14,2026-07-14,41.59,0.5724,0.3548,0.8484,0.6853,0.7019,0.0,0.364,-0.0269,0.4865,多周期方向不一致，观望,-0.136,-0.091,0.0894
603639,海利尔,35.76,True,10.52,10.36,3,1.56,-6.61,-2.74,1.56,0.0992,2026-07-13,2026-07-14,52.51,0.1827,0.8176,0.2627,0.5096,0.9447,0.5621,0.364,-0.7247,0.1376,多周期共振看空 ⬇⬇⬇,-0.3808,-0.7038,-0.5625
603679,华体科技,32.52,True,18.3,19.82,15,19.39,-8.53,5.0,-7.66,0.1721,2026-07-14,2026-07-14,34.53,0.2658,-0.3282,0.6452,0.2282,0.5452,0.0,0.3637,0.4776,0.7388,上升趋势中的日线整理,0.1118,0.5821,0.5625
000913,钱江摩托,54.77,True,10.53,10.7,4,6.86,-8.54,-3.6,-1.63,0.0,2026-07-14,2026-07-14,44.1,0.7079,0.6102,0.3195,0.8247,0.7578,0.4675,0.3623,-0.7046,0.1477,多周期共振看空 ⬇⬇⬇,-0.5149,-0.5448,-0.5625
603606,东方电缆,335.94,True,40.73,40.7,7,7.96,-6.36,-1.13,0.06,0.1042,2026-07-13,2026-07-14,54.41,0.6075,-0.6571,0.49,0.3645,0.9869,0.1834,0.3619,-0.2693,0.3654,多周期方向不一致，观望,-0.125,-0.5143,-0.5625
000510,新金路,107.73,True,17.76,22.26,15,29.49,-24.18,8.8,-20.2,0.0,2026-07-14,2026-07-14,24.45,0.3593,0.5958,0.8285,0.6156,0.3212,0.0,0.3614,0.5209,0.7605,多周期共振看多 ⬆⬆⬆,0.1571,0.5602,0.45
002791,坚朗五金,30.85,True,14.17,13.98,6,8.42,-10.02,-3.32,1.39,0.0474,2026-07-06,2026-07-14,56.53,0.688,0.1653,0.4401,0.6789,0.966,0.2665,0.3611,-0.6833,0.1583,多周期共振看空 ⬇⬇⬇,-0.2208,-0.75,-0.5625
002211,ST宏达,15.61,True,3.61,3.87,13,9.83,-8.48,1.49,-6.63,0.0808,2026-07-14,2026-07-14,37.82,0.6238,-0.3399,0.6012,0.4383,0.6182,0.0,0.3609,0.2499,0.625,上升趋势中的日线整理,-0.0146,0.2117,0.45
000404,长虹华意,51.26,True,7.4,7.78,8,9.37,-8.28,-0.72,-4.85,0.0,2026-07-14,2026-07-14,50.43,0.7321,-0.4318,0.5724,0.4665,0.8985,0.0459,0.3603,0.0208,0.5104,月线看多，中短期调整中,-0.1871,-0.1906,0.45
600066,宇通客车,634.29,True,28.65,27.65,8,5.09,-14.96,-4.3,3.61,0.11,2026-07-02,2026-07-14,66.34,-0.3917,0.8339,0.4813,0.4,0.748,0.1978,0.3602,-0.0781,0.4609,月线看多，中短期调整中,-0.2366,-0.3493,0.18
002078,太阳纸业,376.05,True,13.54,12.56,9,7.78,-8.93,-1.72,7.78,0.304,2026-07-03,2026-07-14,81.86,-0.2503,0.3351,0.3086,0.3341,0.4032,0.4857,0.36,-0.2566,0.3717,多周期方向不一致，观望,-0.0739,-0.5697,-0.495
600688,上海石化,214.73,True,2.93,2.96,8,3.73,-5.0,-1.15,-1.18,0.132,2026-07-14,2026-07-14,39.24,0.5227,-0.4108,0.3478,0.3493,0.6498,0.4203,0.3594,-0.1163,0.4419,多周期方向不一致，观望,-0.0886,-0.0979,-0.3375
000925,众合科技,51.41,True,7.66,8.82,14,18.72,-13.1,2.95,-13.1,0.0,2026-07-14,2026-07-14,35.64,0.8445,0.1877,0.7725,0.7818,0.5698,0.0,0.3593,-0.06,0.47,多周期方向不一致，观望,-0.0149,-0.0935,-0.1575
603678,火炬电子,266.36,True,56.01,70.7,16,29.23,-24.74,11.06,-20.78,0.0,2026-07-14,2026-07-14,40.76,0.164,-0.0361,1.0937,0.284,0.6834,0.0,0.3591,0.5987,0.7994,多周期共振看多 ⬆⬆⬆,0.2025,0.5798,0.5625
002876,三利谱,43.18,True,28.99,32.33,13,13.35,-10.32,1.73,-10.32,0.0,2026-07-14,2026-07-14,24.03,0.8577,-0.1323,0.5921,0.6617,0.3117,0.0132,0.3591,0.4291,0.7146,上升趋势中的日线整理,0.0583,0.6145,0.45
603186,华正新材,277.53,True,177.01,211.44,13,57.65,-24.08,18.35,-16.28,0.0498,2026-07-14,2026-07-14,27.04,0.2248,0.0518,1.0984,0.3556,0.3787,0.0,0.3587,0.7265,0.8633,多周期共振看多 ⬆⬆⬆,0.364,0.7223,0.5625
600141,兴发集团,390.57,True,32.5,40.18,16,38.62,-22.39,11.16,-19.11,0.0267,2026-07-14,2026-07-14,28.85,0.657,3.0534,0.9349,0.7942,0.4189,0.0,0.3586,0.031,0.5155,多周期方向不一致，观望,0.1199,0.1012,-0.0675
603668,天马科技,55.79,True,11.03,12.0,13,12.99,-8.07,3.16,-8.07,0.084,2026-07-14,2026-07-14,39.86,0.724,0.1675,0.5919,0.7014,0.6636,0.0135,0.3585,-0.2633,0.3684,多周期方向不一致，观望,0.0017,-0.5962,-0.5625
605268,王力安防,0.0,True,9.2,9.15,3,2.64,-8.27,-4.35,0.58,0.0103,2026-07-09,2026-07-14,51.02,0.4603,0.3084,0.3323,0.5995,0.9116,0.4461,0.3583,-0.5682,0.2159,多周期共振看空 ⬇⬇⬇,-0.4581,-0.5186,-0.3375
002552,宝鼎科技,214.47,True,58.2,64.81,11,29.31,-16.61,4.54,-10.2,0.0334,2026-07-14,2026-07-14,33.39,-0.0436,0.4828,1.1479,0.3931,0.5198,0.0,0.3577,0.5289,0.7645,上升趋势中的日线整理,0.1037,0.7223,0.5625
002428,云南锗业,618.88,True,94.77,108.52,17,35.91,-17.11,9.78,-12.67,0.1982,2026-07-14,2026-07-14,31.44,0.1245,-0.5277,0.9287,0.0747,0.4765,0.0,0.3572,0.6907,0.8454,多周期共振看多 ⬆⬆⬆,0.2398,0.75,0.5625
002655,共达电声,123.75,True,34.01,42.11,12,28.48,-21.14,4.27,-19.23,0.0,2026-07-14,2026-07-14,19.33,0.4995,0.6825,0.937,0.6997,0.2072,0.0,0.3571,0.4884,0.7442,上升趋势中的日线整理,-0.0511,0.75,0.5625
601568,北元化工,139.43,True,3.51,3.51,2,4.33,-7.01,-2.98,-0.09,0.0249,2026-07-14,2026-07-14,45.76,0.7282,0.1816,0.259,0.7096,0.7947,0.5684,0.3569,-0.7482,0.1259,多周期共振看空 ⬇⬇⬇,-0.5307,-0.6946,-0.495
002690,美亚光电,61.59,True,14.2,14.46,4,2.34,-5.87,-1.9,-1.77,0.0545,2026-07-14,2026-07-14,52.02,0.3697,0.3178,0.2602,0.549,0.9337,0.5664,0.3568,-0.7284,0.1358,多周期共振看空 ⬇⬇⬇,-0.3364,-0.75,-0.5625
002290,禾盛新材,187.75,True,75.95,85.14,9,8.13,-12.65,-1.59,-10.8,0.0,2026-07-14,2026-07-14,37.87,0.7005,0.1352,0.7359,0.6744,0.6193,0.0,0.3568,0.0322,0.5161,多周期方向不一致，观望,-0.2266,-0.1144,0.45
601500,通用股份,62.53,True,3.95,3.81,4,3.72,-8.88,-3.63,3.72,0.1057,2026-07-13,2026-07-14,61.54,0.2143,0.7112,0.3091,0.5286,0.8547,0.4848,0.3562,-0.6634,0.1683,多周期共振看空 ⬇⬇⬇,-0.3577,-0.589,-0.5625
601698,中国卫通,1221.27,True,28.91,30.09,7,8.18,-9.33,-1.84,-3.92,0.0,2026-07-14,2026-07-14,49.86,0.4787,0.3551,0.7038,0.6292,0.8858,0.0,0.3562,-0.22,0.39,多周期方向不一致，观望,-0.1347,-0.514,-0.3375
600595,中孚实业,254.9,True,6.36,5.92,1,7.46,-15.8,-7.17,7.46,0.0232,2026-07-13,2026-07-14,57.36,0.5627,2.4428,0.703,0.7376,0.9475,0.0,0.3556,-0.5278,0.2361,多周期共振看空 ⬇⬇⬇,-0.3958,-0.4833,-0.3375
002168,ST惠程,27.92,True,3.56,3.64,5,4.54,-3.75,-1.09,-2.26,0.0752,2026-07-14,2026-07-14,47.14,0.8642,-0.6063,0.3048,0.5185,0.8254,0.492,0.3546,-0.5576,0.2212,多周期共振看空 ⬇⬇⬇,-0.2927,-0.4121,-0.5625
600210,紫江企业,97.07,True,6.4,6.36,4,1.65,-4.56,-1.77,0.59,0.1252,2026-07-13,2026-07-14,42.86,0.1951,0.7222,0.1872,0.5171,0.7302,0.6879,0.3542,-0.7208,0.1396,多周期共振看空 ⬇⬇⬇,-0.3386,-0.7315,-0.5625
600888,新疆众和,174.88,True,11.26,13.68,16,33.91,-22.67,8.98,-17.68,0.0371,2026-07-14,2026-07-14,32.79,0.3752,-0.2477,1.0211,0.3261,0.5065,0.0,0.354,0.6136,0.8068,多周期共振看多 ⬆⬆⬆,0.1977,0.6167,0.5625
603389,亚振家居,145.3,True,55.3,58.72,5,3.36,-6.19,-1.86,-5.83,0.0,2026-07-14,2026-07-14,40.29,0.1992,0.6789,0.487,0.5195,0.6731,0.1883,0.3536,0.0393,0.5196,多周期方向不一致，观望,-0.2942,-0.1374,0.5625
600740,山西焦化,89.16,True,3.48,3.37,1,3.23,-13.03,-5.95,3.23,0.0,2026-07-13,2026-07-14,56.04,0.7754,0.0594,0.3836,0.689,0.9768,0.3606,0.3533,-0.7368,0.1316,多周期共振看空 ⬇⬇⬇,-0.5122,-0.6854,-0.495
002179,中航光电,751.78,True,35.86,41.44,16,17.09,-15.22,4.03,-13.47,0.0185,2026-07-14,2026-07-14,33.6,0.2774,0.8944,0.6018,0.5665,0.5245,0.0,0.3528,0.2422,0.6211,上升趋势中的日线整理,0.0867,0.2835,0.2713
002529,海源复材,0.0,True,6.68,7.18,2,4.63,-11.28,-5.8,-6.96,0.0,2026-07-14,2026-07-14,33.62,0.7704,1.4409,0.6014,0.8622,0.5249,0.0,0.3523,-0.1913,0.4043,月线震荡，中短期走弱,-0.5883,-0.1788,0.0399
601138,工业富联,13017.72,True,65.6,69.95,7,6.73,-12.2,-3.52,-6.22,0.0,2026-07-14,2026-07-14,34.03,0.6693,-0.0421,0.7124,0.5848,0.534,0.0,0.3513,0.2343,0.6171,上升趋势中的日线回调（关注买点）,-0.2207,0.4142,0.5625
603856,东宏股份,33.45,True,11.86,13.04,18,10.64,-9.06,3.96,-9.06,0.159,2026-07-14,2026-07-14,33.41,0.2602,0.1107,0.4834,0.4004,0.5202,0.1943,0.3505,0.002,0.501,多周期方向不一致，观望,0.1814,0.0783,-0.225
600182,S佳通,22.61,True,13.3,13.72,11,8.87,-7.33,-0.21,-3.05,0.1166,2026-07-14,2026-07-14,46.94,0.4881,0.1999,0.4352,0.5728,0.821,0.2746,0.3504,-0.5977,0.2011,多周期共振看空 ⬇⬇⬇,-0.2349,-0.5498,-0.5625
002641,公元股份,45.25,True,3.99,3.99,5,2.37,-9.42,-2.54,-0.08,0.0673,2026-07-14,2026-07-14,53.16,0.6755,-0.6808,0.3561,0.4053,0.9592,0.4065,0.35,-0.4861,0.257,多周期共振看空 ⬇⬇⬇,-0.1746,-0.4238,-0.495
600690,海尔智家,1271.24,True,20.33,20.18,13,2.59,-5.27,-0.6,0.76,0.2948,2026-07-09,2026-07-14,67.37,0.0926,-0.4902,0.3031,0.0595,0.7251,0.4949,0.3493,-0.2744,0.3628,多周期方向不一致，观望,-0.0609,-0.5914,-0.5625
600846,同济科技,71.04,True,11.37,10.35,10,12.41,-13.56,-2.01,9.9,0.3564,2026-06-30,2026-07-14,61.76,-0.4813,-0.2224,0.6888,0.111,0.8497,0.0,0.3491,-0.2595,0.3702,多周期方向不一致，观望,0.0639,-0.6331,-0.5625
002600,领益智造,933.8,True,12.97,16.19,14,16.3,-19.87,2.68,-19.87,0.0,2026-07-14,2026-07-14,30.41,0.6223,1.0015,0.9441,0.7734,0.4535,0.0,0.349,0.0107,0.5053,多周期方向不一致，观望,-0.004,-0.1022,0.1526
600367,红星发展,128.21,True,39.82,52.19,14,38.39,-28.73,6.17,-23.71,0.0,2026-07-14,2026-07-14,37.4,0.6398,-0.6256,1.1166,0.3839,0.609,0.0,0.3488,0.4457,0.7228,上升趋势中的日线整理,-0.1376,0.7131,0.5625
002430,杭氧股份,0.0,True,25.33,27.68,14,18.77,-9.3,3.2,-8.5,0.0902,2026-07-14,2026-07-14,43.7,0.7359,-0.316,0.7425,0.5151,0.7488,0.0,0.3485,-0.1512,0.4244,多周期方向不一致，观望,-0.0878,-0.3642,-0.225
002493,荣盛石化,1054.27,True,11.29,11.45,9,6.79,-6.07,0.18,-1.4,0.1456,2026-07-14,2026-07-14,41.07,0.4347,0.0957,0.6315,0.4991,0.6905,0.0,0.3473,-0.1985,0.4007,多周期方向不一致，观望,-0.1436,-0.4118,-0.3375
002022,科华生物,26.18,True,5.09,4.83,3,5.32,-9.87,-4.27,5.32,0.112,2026-07-09,2026-07-14,56.34,0.1416,1.1669,0.4037,0.485,0.9703,0.3272,0.347,-0.6952,0.1524,多周期共振看空 ⬇⬇⬇,-0.3072,-0.7021,-0.5625
002955,鸿合科技,55.07,True,28.15,33.57,17,25.11,-16.15,10.12,-16.15,0.1167,2026-07-14,2026-07-14,34.5,0.28,-0.3317,0.7017,0.2353,0.5445,0.0,0.3467,0.4634,0.7317,多周期共振看多 ⬆⬆⬆,0.3375,0.3917,0.3375
601126,四方股份,433.99,True,52.6,62.88,2,5.09,-19.72,-10.0,-16.35,0.0,2026-07-14,2026-07-14,27.58,0.7339,0.4917,0.7682,0.837,0.3906,0.0,0.3467,-0.0341,0.4829,多周期方向不一致，观望,-0.6705,-0.0252,0.45
002642,荣联科技,45.98,True,6.95,6.58,5,8.49,-15.89,-7.66,5.63,0.0289,2026-07-07,2026-07-14,57.55,0.5524,0.5002,0.5644,0.7314,0.9432,0.0594,0.3462,-0.6498,0.1751,多周期共振看空 ⬇⬇⬇,-0.4219,-0.5041,-0.5625
603722,阿科力,32.01,True,33.45,38.42,13,16.56,-12.94,1.27,-12.94,0.0,2026-07-14,2026-07-14,40.59,0.4826,2.6123,0.8669,0.6896,0.6797,0.0,0.346,-0.1509,0.4245,多周期方向不一致，观望,-0.1048,-0.1908,-0.3825
002480,新筑股份,40.61,True,5.29,5.26,1,0.67,-10.74,-6.24,0.67,0.0,2026-07-13,2026-07-14,56.04,0.3237,1.2416,0.3736,0.5942,0.9768,0.3773,0.3453,-0.6625,0.1688,多周期共振看空 ⬇⬇⬇,-0.4265,-0.528,-0.5625
002360,ST同德,18.23,True,5.6,5.14,6,9.06,-18.32,-5.63,9.06,0.1811,2026-07-09,2026-07-14,56.58,0.0991,-0.0747,0.6299,0.2296,0.9648,0.0,0.3453,-0.1974,0.4013,月线震荡，中短期走弱,-0.2493,-0.5625,0.1125
000935,四川双马,195.21,True,25.57,25.99,7,5.82,-11.02,-2.81,-1.62,0.0117,2026-07-14,2026-07-14,51.73,0.4026,-0.5175,0.4171,0.2416,0.9273,0.3048,0.3452,-0.0098,0.4951,月线看多，中短期调整中,-0.1793,-0.2307,0.3375
600801,华新建材,254.65,True,18.98,17.67,9,7.41,-14.29,-2.39,7.41,0.2688,2026-07-10,2026-07-14,58.96,-0.1644,0.8305,0.7327,0.4,0.912,0.0,0.3451,-0.6186,0.1907,多周期共振看空 ⬇⬇⬇,-0.1767,-0.7131,-0.495
603931,格林达,112.99,True,56.62,56.9,6,4.74,-7.39,-1.74,-0.49,0.0886,2026-07-14,2026-07-14,45.81,0.0577,-0.1161,0.7621,0.1882,0.7958,0.0,0.3444,0.2867,0.6433,上升趋势中的日线回调（关注买点）,-0.1951,0.5685,0.5625
605589,圣泉集团,0.0,True,51.95,61.5,13,32.11,-19.42,5.34,-15.53,0.0,2026-07-14,2026-07-14,31.98,0.6979,-0.6965,0.8759,0.4187,0.4884,0.0,0.3441,0.4968,0.7484,上升趋势中的日线整理,-0.0258,0.75,0.5625
002843,泰嘉股份,52.72,True,21.07,21.95,9,10.75,-10.63,-1.17,-4.01,0.0137,2026-07-14,2026-07-14,49.6,0.6663,-0.5176,0.5494,0.3998,0.88,0.0843,0.3439,-0.0445,0.4778,多周期方向不一致，观望,-0.0717,-0.314,0.18
600110,诺德股份,210.65,True,12.14,14.9,16,42.98,-23.08,9.52,-18.51,0.0297,2026-07-14,2026-07-14,35.91,0.2898,-0.2091,1.0367,0.2902,0.5757,0.0,0.3438,0.5243,0.7621,上升趋势中的日线整理,0.0574,0.75,0.5625
600223,福瑞达,55.61,True,5.47,5.27,5,3.83,-10.98,-4.29,3.83,0.0847,2026-07-09,2026-07-14,61.79,0.2286,1.0159,0.3132,0.5371,0.8491,0.478,0.3436,-0.7156,0.1422,多周期共振看空 ⬇⬇⬇,-0.3037,-0.75,-0.5625
000698,ST沈化,24.67,True,3.14,3.12,4,5.3,-10.01,-4.0,0.77,0.0,2026-07-13,2026-07-14,55.06,0.4057,0.4469,0.3995,0.6222,0.9988,0.3341,0.3436,-0.7124,0.1438,多周期共振看空 ⬇⬇⬇,-0.3816,-0.6762,-0.5625
002873,新天药业,18.98,True,7.92,7.67,4,3.25,-10.05,-4.49,3.25,0.0694,2026-07-10,2026-07-14,55.61,0.2167,0.6488,0.4042,0.53,0.9865,0.3264,0.3433,-0.7134,0.1433,多周期共振看空 ⬇⬇⬇,-0.4188,-0.6464,-0.5625
002902,铭普光磁,46.18,True,26.0,29.61,5,8.59,-19.13,-7.92,-12.2,0.0,2026-07-14,2026-07-14,34.86,0.8751,-0.0685,0.8589,0.6977,0.5525,0.0,0.3433,-0.0331,0.4834,月线看多，中短期调整中,-0.5307,-0.1525,0.45
002662,峰璟股份,0.0,True,3.29,3.65,14,14.77,-12.26,2.54,-9.81,0.0408,2026-07-14,2026-07-14,30.23,0.619,0.3979,0.4819,0.7306,0.4496,0.1969,0.343,-0.2202,0.3899,多周期方向不一致，观望,-0.1034,-0.3844,-0.495
603938,三孚股份,192.27,True,50.25,62.12,15,35.38,-23.01,8.54,-19.1,0.0,2026-07-14,2026-07-14,27.47,0.6437,-0.7755,1.0422,0.3862,0.3881,0.0,0.3424,0.6555,0.8277,多周期共振看多 ⬆⬆⬆,0.171,0.7315,0.5625
002382,蓝帆医疗,54.08,True,5.42,5.31,1,2.1,-12.64,-7.22,2.1,0.0,2026-07-13,2026-07-14,50.68,0.4406,0.4425,0.3899,0.6414,0.9039,0.3502,0.3423,-0.6527,0.1737,多周期共振看空 ⬇⬇⬇,-0.6115,-0.5729,-0.3375
603187,海容冷链,46.34,True,12.12,11.93,4,2.24,-8.28,-2.17,1.59,0.1225,2026-07-13,2026-07-14,53.24,-0.153,0.3693,0.292,0.3477,0.9609,0.5133,0.3422,-0.6764,0.1618,多周期共振看空 ⬇⬇⬇,-0.2355,-0.7223,-0.5625
002377,国创高新,23.29,True,2.67,2.7,6,9.08,-8.59,-2.57,-1.02,0.0057,2026-07-14,2026-07-14,51.58,0.7637,-0.0191,0.5061,0.6506,0.924,0.1564,0.3419,-0.5533,0.2233,多周期共振看空 ⬇⬇⬇,-0.3027,-0.619,-0.3375
600527,江南高纤,36.37,True,2.1,2.18,0,-1.9,-8.9,-5.73,-3.82,0.0,2026-07-14,2026-07-14,36.07,0.7149,0.2923,0.4247,0.7459,0.5792,0.2922,0.3419,-0.3874,0.3063,多周期共振看空 ⬇⬇⬇,-0.3805,-0.3048,-0.2205
002134,天津普林,64.23,True,25.94,28.68,13,6.96,-10.4,-0.26,-9.55,0.0,2026-07-14,2026-07-14,40.17,0.496,-0.2316,0.52,0.4049,0.6704,0.1334,0.3416,0.174,0.587,上升趋势中的日线回调（关注买点）,-0.2071,0.1999,0.5625
603284,林平发展,6.74,True,36.48,37.45,3,4.64,-7.22,-3.26,-2.59,0.0,2026-07-14,2026-07-14,43.6,0.5227,-0.0307,0.3903,0.5013,0.7466,0.3495,0.341,-0.2496,0.3752,周线日线方向不一致,-0.384,,
000715,中兴商业,23.64,True,4.86,4.75,3,2.22,-6.12,-2.38,2.22,0.126,2026-07-13,2026-07-14,47.62,0.5211,-0.028,0.3649,0.5015,0.836,0.3918,0.341,-0.6932,0.1534,多周期共振看空 ⬇⬇⬇,-0.2786,-0.7223,-0.5625
000612,焦作万方,129.59,True,10.87,10.82,6,5.94,-10.42,-3.05,0.47,0.0598,2026-07-13,2026-07-14,34.93,0.7712,1.3987,0.6154,0.8627,0.5541,0.0,0.34,-0.4687,0.2656,多周期共振看空 ⬇⬇⬇,-0.2827,-0.4502,-0.3375
600252,中恒集团,69.73,True,2.19,1.92,3,13.94,-15.09,-5.5,13.94,0.1603,2026-07-09,2026-07-14,67.47,0.4924,3.5042,0.5388,0.6954,0.7229,0.102,0.3399,-0.7273,0.1364,多周期共振看空 ⬇⬇⬇,-0.3336,-0.75,-0.5625
603203,快克智能,183.0,True,56.5,65.09,14,32.62,-15.54,8.07,-13.2,0.0945,2026-07-14,2026-07-14,37.89,0.0615,-0.4708,1.0394,0.0486,0.6197,0.0,0.3396,0.6688,0.8344,多周期共振看多 ⬆⬆⬆,0.1835,0.75,0.5625
002237,恒邦股份,152.03,True,12.75,13.69,13,14.47,-10.18,0.4,-6.89,0.0444,2026-07-14,2026-07-14,37.43,0.6494,0.2509,0.729,0.69,0.6096,0.0,0.3395,-0.2259,0.3871,多周期方向不一致，观望,-0.1266,-0.547,-0.3375
600545,卓郎智能,89.75,True,5.02,6.39,6,20.23,-24.31,-4.68,-21.39,0.0,2026-07-14,2026-07-14,38.53,0.7547,-0.215,1.1326,0.5668,0.634,0.0,0.3394,0.0472,0.5236,多周期方向不一致，观望,-0.3441,0.0524,0.45
600345,长江通信,116.36,True,55.0,62.67,13,28.33,-12.24,5.38,-12.24,0.0355,2026-07-14,2026-07-14,26.93,0.4934,-0.252,0.8695,0.3952,0.3762,0.0,0.3388,0.5418,0.7709,上升趋势中的日线整理,0.1106,0.75,0.5625
600645,中源协和,85.88,True,18.36,18.03,5,6.9,-10.39,-3.32,1.83,0.0671,2026-07-13,2026-07-14,53.54,0.3704,0.4272,0.519,0.5931,0.9675,0.135,0.3376,-0.6784,0.1608,多周期共振看空 ⬇⬇⬇,-0.3052,-0.6669,-0.5625
603175,超颖电子,37.32,True,82.06,88.41,10,16.65,-11.4,-0.36,-7.19,0.0,2026-07-14,2026-07-14,36.89,0.6174,0.8165,0.7026,0.7704,0.5975,0.0,0.3374,-0.2501,0.375,周线日线共振看空,-0.2118,-0.2055,
000690,宝新能源,99.16,True,4.56,4.81,1,1.82,-11.74,-7.1,-5.21,0.0,2026-07-14,2026-07-14,30.23,0.88,-0.4374,0.3612,0.553,0.4496,0.398,0.3369,-0.0475,0.4763,月线看多，中短期调整中,-0.48,-0.1525,0.3375
601966,玲珑轮胎,157.47,True,10.76,10.66,1,0.98,-11.4,-5.3,0.98,0.0,2026-07-13,2026-07-14,56.95,0.3354,0.5509,0.2943,0.6013,0.9567,0.5095,0.3366,-0.8247,0.0877,多周期共振看空 ⬇⬇⬇,-0.5833,-0.75,-0.5625
002432,九安医疗,283.35,True,60.9,65.81,4,2.06,-17.14,-5.87,-7.46,0.0,2026-07-14,2026-07-14,39.79,0.5058,0.2898,0.8333,0.6194,0.6621,0.0,0.3362,-0.0957,0.4521,月线看多，中短期调整中,-0.6807,-0.3221,0.45
600563,法拉电子,311.99,True,138.66,164.81,11,15.99,-18.85,-0.7,-15.87,0.0,2026-07-14,2026-07-14,28.93,0.8386,-0.3076,0.849,0.5801,0.4206,0.0,0.336,0.2548,0.6274,上升趋势中的日线整理,-0.1412,0.3328,0.45
002379,宏桥控股,198.75,True,17.49,15.55,2,12.48,-16.68,-9.96,12.48,0.0327,2026-07-10,2026-07-14,58.02,0.5558,3.6812,0.7301,0.7335,0.9328,0.0,0.3349,-0.6924,0.1538,多周期共振看空 ⬇⬇⬇,-0.5605,-0.7038,-0.3375
600227,赤天化,33.86,True,2.65,2.56,1,3.58,-13.3,-7.57,3.58,0.0,2026-07-13,2026-07-14,50.48,0.5713,-0.1767,0.6343,0.4721,0.8995,0.0,0.3349,-0.1556,0.4222,月线看多，中短期调整中,-0.4398,-0.544,0.18
002099,海翔药业,85.05,True,5.26,5.26,5,3.26,-8.83,-2.0,0.06,0.0929,2026-07-13,2026-07-14,53.38,0.2946,-0.1345,0.4114,0.323,0.964,0.3143,0.3346,-0.4712,0.2644,多周期共振看空 ⬇⬇⬇,-0.1624,-0.559,-0.3375
002980,华盛昌,94.05,True,92.85,109.91,5,11.32,-21.75,-5.23,-15.52,0.0,2026-07-14,2026-07-14,37.36,0.4318,-0.0961,0.9694,0.4206,0.6079,0.0,0.3344,0.2727,0.6363,上升趋势中的日线回调（关注买点）,-0.3233,0.6313,0.5625
000933,神火股份,554.66,True,24.68,22.73,3,8.58,-18.51,-9.76,8.58,0.018,2026-07-09,2026-07-14,56.75,0.4847,3.119,0.7232,0.6908,0.9611,0.0,0.3337,-0.6319,0.184,多周期共振看空 ⬇⬇⬇,-0.496,-0.6261,-0.3375
002551,尚荣医疗,17.66,True,2.89,2.81,4,2.79,-8.2,-3.68,2.79,0.087,2026-07-13,2026-07-14,55.42,0.0686,0.563,0.4132,0.4412,0.9906,0.3114,0.3327,-0.6909,0.1546,多周期共振看空 ⬇⬇⬇,-0.2618,-0.7315,-0.5625
603165,荣晟环保,43.03,True,13.76,13.92,1,1.51,-14.56,-5.65,-1.12,0.0,2026-07-14,2026-07-14,52.42,0.2561,0.0297,0.5792,0.3655,0.9427,0.0346,0.3327,-0.0821,0.4589,月线看多，中短期调整中,-0.3887,-0.2379,0.18
603687,大胜达,84.98,True,15.45,18.04,13,11.32,-20.74,-0.51,-14.36,0.0,2026-07-14,2026-07-14,40.89,0.5692,-0.149,0.8862,0.4819,0.6864,0.0,0.3326,0.0659,0.533,多周期方向不一致，观望,-0.1913,0.0037,0.45
002066,瑞泰科技,47.15,True,20.41,21.23,0,-2.07,-9.3,-6.11,-3.87,0.0,2026-07-14,2026-07-14,33.76,0.5179,0.1264,0.4609,0.5613,0.5281,0.2318,0.3324,-0.0579,0.4711,月线看多，中短期调整中,-0.4702,-0.2102,0.3375
002139,拓邦股份,104.75,True,9.78,9.71,8,5.56,-9.37,-2.43,0.68,0.1149,2026-07-02,2026-07-14,53.71,0.5272,-0.316,0.4088,0.3899,0.9713,0.3187,0.3323,-0.6623,0.1689,多周期共振看空 ⬇⬇⬇,-0.167,-0.75,-0.5625
002520,日发精机,43.33,True,6.04,6.98,18,17.09,-13.73,4.38,-13.47,0.0589,2026-07-14,2026-07-14,30.61,0.5629,0.0005,0.8353,0.538,0.458,0.0,0.3323,0.1065,0.5533,多周期方向不一致，观望,0.1475,0.2174,0.1244
601608,中信重工,234.93,True,5.13,4.93,3,12.32,-9.85,-4.71,4.15,0.0339,2026-07-09,2026-07-14,53.5,0.5079,4.1982,0.6668,0.7048,0.9666,0.0,0.3323,-0.7108,0.1446,多周期共振看空 ⬇⬇⬇,-0.3807,-0.7408,-0.495
000960,锡业股份,599.43,True,36.43,40.82,13,16.44,-16.77,1.23,-10.75,0.0,2026-07-14,2026-07-14,26.58,0.716,-0.1907,0.8298,0.5533,0.3684,0.0,0.3321,0.3298,0.6649,上升趋势中的日线整理,-0.0094,0.4148,0.45
603297,永新光学,122.36,True,110.5,126.64,8,17.56,-12.74,-0.25,-12.74,0.0,2026-07-14,2026-07-14,32.06,0.7639,-0.0394,0.6966,0.6426,0.4901,0.0,0.3314,0.035,0.5175,多周期方向不一致，观望,-0.2624,-0.0713,0.45
002365,永安药业,26.71,True,10.89,10.66,4,2.17,-8.51,-3.44,2.17,0.0926,2026-07-13,2026-07-14,49.09,0.44,1.9763,0.5285,0.664,0.8687,0.1192,0.3312,-0.7732,0.1134,多周期共振看空 ⬇⬇⬇,-0.4513,-0.75,-0.5625
000823,超声电子,100.84,True,16.95,21.91,15,42.94,-26.38,8.94,-22.65,0.0,2026-07-14,2026-07-14,33.55,0.5621,-0.491,1.2078,0.3409,0.5233,0.0,0.3312,0.4763,0.7381,上升趋势中的日线整理,0.1207,0.6837,0.45
601100,恒立液压,1444.06,True,107.7,111.33,8,6.06,-7.6,-1.9,-3.26,0.0371,2026-07-14,2026-07-14,48.25,0.3835,-0.4374,0.5678,0.2552,0.85,0.0537,0.3309,0.0873,0.5436,多周期方向不一致，观望,-0.2579,0.0424,0.5625
600459,贵研铂业,0.0,True,20.48,25.19,14,20.71,-21.4,2.27,-18.71,0.0,2026-07-14,2026-07-14,32.31,0.7117,-0.2827,0.8282,0.5139,0.4958,0.0,0.3309,0.2302,0.6151,上升趋势中的日线整理,-0.1003,0.4159,0.2679
601869,长飞光纤,1626.08,True,400.18,481.19,13,29.41,-21.05,3.66,-16.84,0.0,2026-07-14,2026-07-14,23.4,0.38,0.1443,0.9304,0.4858,0.2977,0.0,0.3306,0.5104,0.7552,上升趋势中的日线整理,0.039,0.7298,0.5625
600155,华创云信,118.42,True,5.35,5.53,9,4.38,-4.98,-0.42,-3.18,0.1214,2026-07-14,2026-07-14,40.32,0.6029,0.0774,0.3864,0.5927,0.6738,0.356,0.3304,-0.69,0.155,多周期共振看空 ⬇⬇⬇,-0.2381,-0.75,-0.5625
002897,意华股份,139.59,True,75.69,85.21,9,14.87,-11.17,-0.21,-11.17,0.0,2026-07-14,2026-07-14,34.17,-0.054,0.3873,0.9753,0.3549,0.537,0.0,0.3303,0.4299,0.7149,上升趋势中的日线整理,-0.0348,0.584,0.5625
000807,云铝股份,866.29,True,24.98,23.36,1,6.95,-14.97,-8.51,6.95,0.0,2026-07-13,2026-07-14,51.77,0.4592,2.8674,0.698,0.6755,0.9282,0.0,0.33,-0.5548,0.2226,多周期共振看空 ⬇⬇⬇,-0.4182,-0.5233,-0.3375
600522,中天科技,1462.45,True,42.85,53.62,13,33.2,-23.54,4.48,-20.09,0.0,2026-07-14,2026-07-14,27.7,0.4718,-0.181,0.9078,0.4107,0.3934,0.0,0.33,0.511,0.7555,上升趋势中的日线整理,0.0171,0.75,0.5625
603236,移远通信,203.29,True,50.45,51.07,5,5.67,-13.89,-3.97,-1.22,0.0,2026-07-14,2026-07-14,52.31,0.4199,0.4564,0.7058,0.6345,0.9402,0.0,0.3298,-0.5048,0.2476,多周期共振看空 ⬇⬇⬇,-0.2015,-0.3743,-0.5625
002068,黑猫股份,73.72,True,10.03,12.5,13,38.11,-21.05,8.89,-19.75,0.0,2026-07-14,2026-07-14,30.24,0.5832,-0.0348,1.0455,0.536,0.4498,0.0,0.3298,0.2414,0.6207,月线震荡，中短期走强,0.1955,0.6098,0.0342
600718,东软集团,92.01,True,7.69,7.54,3,5.93,-8.82,-3.71,2.0,0.0478,2026-07-09,2026-07-14,51.45,0.3454,0.6082,0.4542,0.6073,0.9212,0.243,0.3298,-0.7475,0.1262,多周期共振看空 ⬇⬇⬇,-0.3853,-0.75,-0.5625
603311,金海高科,66.64,True,28.25,33.8,7,17.69,-18.11,-4.24,-16.43,0.0,2026-07-14,2026-07-14,32.24,0.833,-0.6498,0.7366,0.4998,0.4942,0.0,0.3297,0.2451,0.6226,上升趋势中的日线回调（关注买点）,-0.4552,0.6515,0.5625
600217,中再资环,48.74,True,2.94,2.96,0,-0.56,-10.63,-5.79,-0.56,0.0,2026-07-14,2026-07-14,47.3,0.5773,0.4598,0.3684,0.7303,0.8288,0.386,0.3297,-0.8339,0.0831,多周期共振看空 ⬇⬇⬇,-0.607,-0.75,-0.5625
000157,中联重科,504.07,True,7.13,7.28,7,4.19,-5.97,-1.11,-1.99,0.0938,2026-07-14,2026-07-14,46.15,0.2378,-0.2692,0.3493,0.235,0.8034,0.4179,0.3296,-0.2623,0.3689,多周期方向不一致，观望,-0.1051,-0.5678,-0.495
605018,长华集团,57.21,True,12.17,13.88,2,2.71,-13.95,-6.77,-12.34,0.0,2026-07-14,2026-07-14,39.04,0.8647,-0.863,0.6021,0.5188,0.6453,0.0,0.3294,0.0311,0.5155,多周期方向不一致，观望,-0.5213,0.1444,0.4391
600587,新华医疗,74.44,True,12.27,12.07,4,1.67,-8.0,-2.79,1.67,0.0979,2026-07-10,2026-07-14,53.65,-0.085,0.8842,0.3529,0.4,0.97,0.4119,0.3294,-0.7336,0.1332,多周期共振看空 ⬇⬇⬇,-0.3497,-0.75,-0.5625
002106,莱宝高科,77.54,True,11.0,14.03,15,27.69,-25.06,3.47,-21.6,0.0,2026-07-14,2026-07-14,37.97,0.6101,-0.2085,1.1068,0.4827,0.6215,0.0,0.3287,0.1111,0.5555,多周期方向不一致，观望,-0.0347,0.4228,0.0953
601038,一拖股份,84.66,True,11.57,11.38,9,11.49,-12.52,-2.45,1.71,0.1247,2026-07-01,2026-07-14,56.43,0.204,0.069,0.4826,0.35,0.9682,0.1956,0.3287,-0.5483,0.2258,多周期共振看空 ⬇⬇⬇,-0.2236,-0.5184,-0.495
002273,水晶光电,425.79,True,31.26,34.78,7,10.34,-15.11,-3.5,-10.12,0.0,2026-07-14,2026-07-14,40.1,0.3109,0.301,0.8772,0.5069,0.6689,0.0,0.328,0.0101,0.505,多周期方向不一致，观望,-0.3735,-0.0856,0.45
002233,塔牌集团,86.35,True,7.36,7.4,7,4.5,-7.98,-3.0,-0.59,0.05,2026-07-14,2026-07-14,51.18,0.3418,0.0759,0.3333,0.4355,0.9152,0.4445,0.3278,-0.648,0.176,多周期共振看空 ⬇⬇⬇,-0.2521,-0.7131,-0.495
603666,亿嘉和,52.74,True,25.66,27.77,8,9.8,-11.12,-1.84,-7.61,0.0,2026-07-14,2026-07-14,43.6,0.5941,1.0376,0.8085,0.7565,0.7468,0.0,0.3278,-0.4844,0.2578,多周期共振看空 ⬇⬇⬇,-0.1708,-0.3557,-0.5625
002333,罗普斯金,31.99,True,4.8,4.82,6,2.74,-5.81,-1.69,-0.37,0.1125,2026-07-14,2026-07-14,52.63,0.1874,-0.015,0.3011,0.3065,0.9474,0.4982,0.3269,-0.6804,0.1598,多周期共振看空 ⬇⬇⬇,-0.2456,-0.7223,-0.5625
600105,永鼎股份,710.53,True,48.6,58.07,13,29.83,-22.94,2.87,-16.31,0.0,2026-07-14,2026-07-14,30.18,0.2568,0.0197,1.0901,0.3619,0.4486,0.0,0.3268,0.497,0.7485,上升趋势中的日线整理,-0.0017,0.7298,0.5625
601015,陕西黑猫,63.11,True,3.09,3.02,1,2.4,-16.43,-9.26,2.4,0.0,2026-07-13,2026-07-14,57.83,0.6362,0.1827,0.4542,0.6548,0.9371,0.243,0.3268,-0.7523,0.1239,多周期共振看空 ⬇⬇⬇,-0.5838,-0.658,-0.495
603229,奥翔药业,69.5,True,8.37,8.12,3,3.04,-12.65,-6.08,3.04,0.0,2026-07-13,2026-07-14,55.0,0.3672,0.3759,0.4631,0.5707,1.0,0.2282,0.3267,-0.6818,0.1591,多周期共振看空 ⬇⬇⬇,-0.5029,-0.5048,-0.5625
603180,金牌家居,22.89,True,14.84,14.48,3,2.73,-11.73,-5.86,2.51,0.0,2026-07-13,2026-07-14,53.92,0.8904,-0.0831,0.5116,0.701,0.9761,0.1474,0.3266,-0.7983,0.1008,多周期共振看空 ⬇⬇⬇,-0.5265,-0.7408,-0.5625
000408,藏格矿业,1113.6,True,70.98,71.92,4,4.45,-10.41,-3.77,-1.31,0.0,2026-07-14,2026-07-14,45.95,0.3795,0.2969,0.5779,0.5465,0.7989,0.0368,0.3265,-0.2504,0.3748,月线震荡，中短期走弱,-0.3559,-0.4747,-0.062
600703,三安光电,746.86,True,14.97,18.62,12,30.14,-19.62,5.15,-19.62,0.0,2026-07-14,2026-07-14,17.24,0.4543,0.6364,0.9053,0.6726,0.1609,0.0,0.3265,0.3431,0.6715,上升趋势中的日线整理,0.1049,0.5521,0.2491
600356,恒丰纸业,24.02,True,8.04,7.86,3,2.3,-8.88,-4.01,2.3,0.0418,2026-07-13,2026-07-14,55.79,0.1413,0.2366,0.3327,0.3794,0.9825,0.4455,0.3263,-0.6322,0.1839,多周期共振看空 ⬇⬇⬇,-0.342,-0.5337,-0.5625
002581,*ST未名,15.31,True,3.82,3.44,2,10.98,-17.61,-8.49,10.98,0.0695,2026-07-10,2026-07-14,63.69,0.6483,0.5873,0.7025,0.789,0.8068,0.0,0.3263,-0.7871,0.1064,多周期共振看空 ⬇⬇⬇,-0.487,-0.75,-0.5625
000731,四川美丰,31.83,True,5.8,5.48,5,5.75,-10.1,-3.58,5.75,0.1339,2026-07-07,2026-07-14,69.23,0.26,0.2911,0.3423,0.4724,0.6838,0.4295,0.3262,-0.6315,0.1843,多周期共振看空 ⬇⬇⬇,-0.1849,-0.6669,-0.5625
002532,天山铝业,503.09,True,12.25,11.54,1,6.12,-16.77,-10.07,6.12,0.0,2026-07-13,2026-07-14,53.77,0.4508,2.3054,0.713,0.6705,0.9726,0.0,0.3258,-0.6334,0.1833,多周期共振看空 ⬇⬇⬇,-0.463,-0.6577,-0.3375
603605,珀莱雅,227.21,True,57.38,59.24,5,9.12,-11.14,-3.59,-3.14,0.0,2026-07-14,2026-07-14,53.28,0.1701,0.3588,0.3759,0.4456,0.9618,0.3735,0.3258,-0.5593,0.2203,多周期共振看空 ⬇⬇⬇,-0.4572,-0.2749,-0.5625
000682,东方电子,159.8,True,11.92,12.59,4,6.73,-8.58,-2.68,-5.35,0.0,2026-07-14,2026-07-14,24.79,0.8526,0.3554,0.5248,0.8537,0.3286,0.1253,0.3257,-0.255,0.3725,月线震荡，中短期走弱,-0.2991,-0.4809,-0.1199
001266,宏英智能,22.55,True,38.78,47.0,9,9.73,-21.82,-3.09,-17.48,0.0,2026-07-14,2026-07-14,23.53,0.7161,0.3223,0.7341,0.7586,0.3007,0.0,0.3252,0.027,0.5135,多周期方向不一致，观望,-0.3247,-0.0529,0.45
603014,威高血净,33.48,True,32.99,34.54,13,12.24,-5.04,1.84,-4.49,0.1405,2026-07-14,2026-07-14,44.88,0.7929,-0.1543,0.6437,0.614,0.7751,0.0,0.3251,-0.649,0.1755,多周期共振看空 ⬇⬇⬇,-0.2117,-0.6825,-0.5625
603663,三祥新材,308.4,True,72.79,87.18,15,39.96,-18.7,12.17,-16.51,0.0759,2026-07-14,2026-07-14,15.5,0.613,-0.6373,0.8863,0.3678,0.1223,0.0,0.325,0.6829,0.8415,多周期共振看多 ⬆⬆⬆,0.2971,0.6837,0.5625
603629,利通电子,407.62,True,113.0,126.37,6,17.68,-18.95,-3.2,-10.58,0.0,2026-07-14,2026-07-14,30.34,0.407,0.0951,1.0715,0.4823,0.452,0.0,0.3244,0.2814,0.6407,上升趋势中的日线回调（关注买点）,-0.2677,0.6129,0.5625
001312,福恩股份,9.96,True,17.43,18.94,2,0.72,-9.3,-4.2,-7.97,0.0,2026-07-14,2026-07-14,30.8,0.4011,-0.0183,0.34,0.4333,0.4621,0.4333,0.3243,0.0,0.5,周线日线方向不一致,0.0,,
000055,方大集团,22.84,True,3.38,3.41,4,4.06,-9.51,-4.41,-0.98,0.0,2026-07-14,2026-07-14,44.57,0.788,0.1176,0.4378,0.7198,0.7681,0.2704,0.3241,-0.6973,0.1513,多周期共振看空 ⬇⬇⬇,-0.4768,-0.5613,-0.5625
002222,福晶科技,342.31,True,73.12,87.6,5,6.94,-19.9,-6.57,-16.53,0.0,2026-07-14,2026-07-14,31.05,0.789,-0.0434,0.8115,0.656,0.4679,0.0,0.3238,-0.0205,0.4898,月线看多，中短期调整中,-0.461,-0.1525,0.45
002696,百洋股份,17.55,True,5.25,5.28,2,4.38,-9.19,-4.13,-0.63,0.0,2026-07-14,2026-07-14,52.27,0.6699,0.2914,0.6313,0.7185,0.9394,0.0,0.3233,-0.6904,0.1548,多周期共振看空 ⬇⬇⬇,-0.35,-0.7223,-0.495
002392,北京利尔,84.5,True,7.3,8.05,9,11.93,-15.17,-0.87,-9.35,0.0,2026-07-14,2026-07-14,33.53,0.7403,0.7315,0.8947,0.8442,0.5229,0.0,0.3232,-0.3923,0.3039,多周期共振看空 ⬇⬇⬇,-0.2463,-0.2236,-0.4275
603899,晨光股份,197.9,True,21.61,21.34,6,2.29,-6.62,-1.93,1.26,0.147,2026-07-09,2026-07-14,62.75,-0.0771,0.227,0.2626,0.2908,0.8278,0.5624,0.323,-0.6772,0.1614,多周期共振看空 ⬇⬇⬇,-0.2052,-0.75,-0.5625
002871,伟隆股份,28.33,True,18.98,20.72,9,10.41,-9.5,-0.76,-8.38,0.0,2026-07-14,2026-07-14,38.63,0.6704,-0.5695,0.6357,0.4023,0.6362,0.0,0.3229,0.176,0.588,上升趋势中的日线回调（关注买点）,-0.2195,0.3296,0.45
601311,XD骆驼股,90.57,True,7.72,7.66,2,1.3,-8.2,-2.72,0.8,0.0537,2026-07-13,2026-07-14,51.35,0.3506,-0.1154,0.301,0.3642,0.9189,0.4984,0.3226,-0.6325,0.1838,多周期共振看空 ⬇⬇⬇,-0.3309,-0.544,-0.5625
600995,南网储能,384.8,True,12.04,12.36,0,-2.6,-13.29,-7.76,-2.6,0.0,2026-07-14,2026-07-14,43.75,0.5501,-0.3714,0.34,0.3815,0.75,0.4334,0.3225,-0.2774,0.3613,月线震荡，中短期走弱,-0.4375,-0.4402,-0.1172
600309,万华化学,2178.81,True,69.6,70.49,7,3.53,-5.28,-1.49,-1.26,0.1171,2026-07-14,2026-07-14,34.26,0.3244,0.1336,0.4661,0.4481,0.5391,0.2232,0.3224,-0.2444,0.3778,多周期方向不一致，观望,-0.1379,-0.6184,-0.3375
002913,奥士康,157.87,True,52.33,60.75,13,24.23,-18.37,3.41,-13.86,0.0,2026-07-14,2026-07-14,25.21,0.5327,0.007,0.6612,0.5224,0.3381,0.0,0.322,0.3346,0.6673,上升趋势中的日线整理,0.006,0.4139,0.45
600615,鑫源智造,20.07,True,8.91,9.61,4,6.9,-12.57,-3.29,-7.3,0.0,2026-07-14,2026-07-14,41.19,0.8034,0.7046,0.7241,0.882,0.6932,0.0,0.3219,-0.6679,0.166,多周期共振看空 ⬇⬇⬇,-0.4726,-0.5004,-0.5625
000630,铜陵有色,689.75,True,6.19,6.6,8,16.98,-12.18,-1.43,-6.2,0.0,2026-07-14,2026-07-14,34.31,0.8835,-0.1598,0.587,0.6662,0.5402,0.0216,0.3218,-0.1574,0.4213,多周期方向不一致，观望,-0.2642,-0.1277,-0.3375
000777,中核科技,61.84,True,16.13,18.14,11,22.76,-11.26,0.68,-11.06,0.0,2026-07-14,2026-07-14,40.08,0.7543,0.8302,0.8698,0.8526,0.6685,0.0,0.3215,-0.5948,0.2026,多周期共振看空 ⬇⬇⬇,-0.22,-0.6237,-0.495
001358,兴欣新材,11.1,True,22.34,25.06,9,13.43,-10.87,-0.82,-10.87,0.0,2026-07-14,2026-07-14,38.94,0.7164,0.8511,0.6551,0.8299,0.6431,0.0,0.3213,-0.5289,0.2355,多周期共振看空 ⬇⬇⬇,-0.257,-0.4472,-0.495
001226,拓山重工,0.0,True,46.38,48.11,4,7.26,-12.68,-3.55,-3.59,0.0,2026-07-14,2026-07-14,39.14,0.7568,-0.3127,0.6887,0.529,0.6476,0.0,0.3211,-0.0546,0.4727,多周期方向不一致，观望,-0.3348,-0.1255,0.1725
600495,晋西车轴,0.0,True,3.64,3.58,3,2.11,-9.81,-4.68,1.78,0.0223,2026-07-09,2026-07-14,54.17,0.2366,0.0802,0.2982,0.374,0.9815,0.5031,0.321,-0.6643,0.1678,多周期共振看空 ⬇⬇⬇,-0.3106,-0.6313,-0.5625
603256,宏和科技,1812.68,True,206.05,241.91,13,31.04,-22.23,8.18,-14.82,0.0407,2026-07-14,2026-07-14,32.88,0.1022,-0.1503,0.9966,0.2012,0.5085,0.0,0.321,0.538,0.769,上升趋势中的日线整理,0.0991,0.75,0.5625
600184,光电股份,0.0,True,20.25,26.23,13,16.97,-25.62,-2.38,-22.79,0.0,2026-07-14,2026-07-14,36.06,0.7834,-0.423,1.015,0.5008,0.5791,0.0,0.3209,0.0707,0.5353,多周期方向不一致，观望,-0.21,0.0406,0.45
002706,良信股份,93.45,True,10.22,10.88,0,-3.47,-14.69,-9.44,-6.07,0.0,2026-07-14,2026-07-14,33.46,0.7508,-0.1104,0.5641,0.6063,0.5214,0.0598,0.3206,-0.079,0.4605,多周期方向不一致，观望,-0.4987,-0.1294,0.2094
603115,海星股份,219.3,True,90.66,108.74,11,23.15,-21.8,0.76,-16.62,0.0,2026-07-14,2026-07-14,32.46,0.1801,0.046,1.0499,0.3264,0.499,0.0,0.3206,0.4436,0.7218,上升趋势中的日线整理,-0.0829,0.6608,0.5625
002508,老板电器,141.43,True,15.15,15.13,1,0.15,-9.67,-4.13,0.15,0.0,2026-07-13,2026-07-14,53.64,0.5539,-0.1031,0.2958,0.4911,0.9699,0.507,0.3204,-0.792,0.104,多周期共振看空 ⬇⬇⬇,-0.5319,-0.7223,-0.5625
603178,圣龙股份,35.23,True,14.9,15.55,4,14.03,-15.27,-5.03,-4.18,0.0,2026-07-14,2026-07-14,46.46,0.4708,1.1815,0.8506,0.6825,0.8102,0.0,0.3203,-0.502,0.249,多周期共振看空 ⬇⬇⬇,-0.2464,-0.3971,-0.495
600720,中交设计,51.16,True,5.07,5.07,1,0.08,-11.93,-6.91,0.08,0.0,2026-07-13,2026-07-14,49.55,0.6567,-0.0787,0.2889,0.5626,0.8789,0.5186,0.3203,-0.807,0.0965,多周期共振看空 ⬇⬇⬇,-0.538,-0.75,-0.5625
600992,贵绳股份,25.86,True,10.55,9.44,4,24.45,-17.92,-8.6,11.79,0.0987,2026-07-08,2026-07-14,61.55,0.3889,3.4504,0.8375,0.6333,0.8544,0.0,0.3201,-0.7149,0.1426,多周期共振看空 ⬇⬇⬇,-0.3235,-0.7315,-0.5625
603335,迪生力,28.21,True,6.59,8.21,15,21.34,-21.69,4.01,-19.75,0.0,2026-07-14,2026-07-14,34.95,0.5638,-0.2758,0.9279,0.428,0.5544,0.0,0.3196,0.2069,0.6035,上升趋势中的日线回调（关注买点）,-0.1817,0.4011,0.45
001388,信通电子,27.42,True,32.44,28.29,3,14.68,-13.72,-6.3,14.68,0.1403,2026-07-10,2026-07-14,60.29,0.3082,1.5321,0.7202,0.5849,0.8824,0.0,0.3188,-0.7808,0.1096,多周期共振看空 ⬇⬇⬇,-0.4707,-0.75,-0.5625
002150,正泰电源,85.04,True,23.72,25.38,4,4.52,-18.07,-6.23,-6.56,0.0,2026-07-14,2026-07-14,41.46,0.7253,-0.4116,0.4683,0.4705,0.6992,0.2196,0.3186,-0.2185,0.3907,月线看多，中短期调整中,-0.7771,-0.5544,0.18
002391,长青股份,23.39,True,5.15,5.1,3,2.44,-6.19,-2.22,0.94,0.0926,2026-07-13,2026-07-14,50.0,-0.1115,0.2682,0.2996,0.3073,0.8889,0.5006,0.3185,-0.6331,0.1835,多周期共振看空 ⬇⬇⬇,-0.3356,-0.6087,-0.495
603880,南卫股份,19.74,True,6.83,7.41,5,6.99,-9.37,-3.89,-7.85,0.0,2026-07-14,2026-07-14,46.19,0.0097,0.4726,0.8763,0.3948,0.8042,0.0,0.3181,-0.0518,0.4741,月线看多，中短期调整中,-0.493,-0.1617,0.3375
603776,永安行,53.71,True,19.13,20.81,13,7.7,-8.94,0.69,-8.05,0.0288,2026-07-14,2026-07-14,27.91,0.5467,-0.0823,0.3965,0.4951,0.398,0.3392,0.3173,-0.0723,0.4638,多周期方向不一致，观望,-0.1049,-0.08,-0.1478
603077,和邦生物,202.25,True,2.29,2.32,3,2.54,-10.5,-3.06,-1.14,0.0,2026-07-14,2026-07-14,41.56,0.4318,1.3106,0.5872,0.6591,0.7013,0.0214,0.3173,-0.3745,0.3127,月线震荡，中短期走弱,-0.6903,-0.544,-0.1232
603630,拉芳家化,29.41,True,13.06,13.33,9,7.23,-7.21,-0.94,-2.05,0.0872,2026-07-14,2026-07-14,43.63,0.3678,0.0912,0.5864,0.4572,0.7473,0.0226,0.3172,-0.3182,0.3409,多周期方向不一致，观望,-0.133,-0.7223,-0.5625
600875,东方电气,619.71,True,27.38,29.39,0,-0.18,-12.23,-6.55,-6.84,0.0,2026-07-14,2026-07-14,34.69,0.6672,-0.1754,0.477,0.5302,0.5488,0.205,0.3168,-0.1364,0.4318,月线看多，中短期调整中,-0.4311,-0.4598,0.18
002615,哈尔斯,20.7,True,6.85,6.98,6,7.01,-16.95,-5.35,-1.89,0.0,2026-07-14,2026-07-14,57.45,0.3811,0.6461,0.6794,0.6287,0.9456,0.0,0.3165,-0.6084,0.1958,多周期共振看空 ⬇⬇⬇,-0.3903,-0.4402,-0.5625
001380,华纬科技,37.21,True,15.99,16.16,3,5.3,-8.61,-3.41,-1.06,0.0,2026-07-14,2026-07-14,43.12,0.6513,0.6879,0.5152,0.7908,0.736,0.1413,0.3164,-0.7306,0.1347,多周期共振看空 ⬇⬇⬇,-0.3422,-0.75,-0.5625
600660,福耀玻璃,1015.51,True,50.7,50.62,7,5.34,-7.5,-1.91,0.16,0.1166,2026-07-09,2026-07-14,58.99,0.3228,-0.137,0.3967,0.3389,0.9113,0.3388,0.3159,-0.6598,0.1701,多周期共振看空 ⬇⬇⬇,-0.2037,-0.7131,-0.5625
002950,奥美医疗,38.24,True,8.9,9.24,8,9.67,-8.38,-1.74,-3.64,0.0,2026-07-14,2026-07-14,30.45,0.8383,0.473,0.6281,0.8922,0.4544,0.0,0.3158,-0.4464,0.2768,多周期共振看空 ⬇⬇⬇,-0.2151,-0.4592,-0.3375
603124,江南新材,112.53,True,145.0,175.03,13,33.5,-22.06,4.27,-17.16,0.0,2026-07-14,2026-07-14,26.16,0.6696,-0.4467,0.7685,0.4231,0.3591,0.0,0.3155,0.416,0.708,上升趋势中的日线整理,-0.143,0.6406,0.5625
002849,威星智能,32.83,True,15.0,16.29,8,8.07,-9.42,-1.65,-7.95,0.0,2026-07-14,2026-07-14,36.93,0.57,1.782,0.5178,0.742,0.5984,0.137,0.3154,-0.4913,0.2543,多周期共振看空 ⬇⬇⬇,-0.3606,-0.4333,-0.3375
002805,丰元股份,59.08,True,21.19,26.2,16,33.72,-19.14,8.47,-19.14,0.0,2026-07-14,2026-07-14,23.16,0.361,0.1625,0.9395,0.4816,0.2925,0.0,0.3153,0.4011,0.7006,上升趋势中的日线整理,0.1365,0.4747,0.45
001296,长江材料,14.26,True,18.49,19.41,7,13.81,-11.5,-1.5,-4.76,0.0,2026-07-14,2026-07-14,39.82,0.8078,3.6159,0.8584,0.8847,0.6626,0.0,0.3152,-0.689,0.1555,多周期共振看空 ⬇⬇⬇,-0.3249,-0.7408,-0.495
601678,滨化股份,105.84,True,5.18,6.18,16,26.4,-18.04,3.8,-16.19,0.0,2026-07-14,2026-07-14,40.08,0.6839,-0.6857,0.9152,0.4104,0.6685,0.0,0.3152,0.0626,0.5313,多周期方向不一致，观望,-0.0764,0.0454,0.2952
000695,滨海能源,26.64,True,12.01,12.86,1,0.41,-11.47,-5.59,-6.65,0.0,2026-07-14,2026-07-14,32.32,0.883,-0.0671,0.5529,0.7029,0.4961,0.0785,0.3151,-0.262,0.369,月线震荡，中短期走弱,-0.659,-0.2167,-0.0992
002983,芯瑞达,28.66,True,22.36,25.04,12,10.8,-11.94,0.22,-10.72,0.0,2026-07-14,2026-07-14,37.57,0.7552,-0.3334,0.6066,0.5198,0.6127,0.0,0.3151,-0.0464,0.4768,多周期方向不一致，观望,-0.1121,-0.1487,0.0407
603990,麦迪科技,58.64,True,19.21,21.27,10,11.85,-11.67,0.42,-9.68,0.0,2026-07-14,2026-07-14,36.1,0.3296,-0.3636,0.5021,0.2523,0.5799,0.1631,0.3147,0.2877,0.6439,上升趋势中的日线回调（关注买点）,-0.245,0.6146,0.5625
002402,和而泰,192.02,True,23.46,24.71,7,9.16,-13.79,-2.53,-5.05,0.0,2026-07-14,2026-07-14,48.57,0.535,1.7854,0.7624,0.721,0.8571,0.0,0.3144,-0.667,0.1665,多周期共振看空 ⬇⬇⬇,-0.233,-0.7038,-0.5625
002602,世纪华通,923.01,True,13.58,13.67,7,5.18,-10.26,-2.59,-0.67,0.0433,2026-07-14,2026-07-14,54.94,0.4355,-0.1485,0.4333,0.4019,0.9986,0.2778,0.3144,-0.6521,0.1739,多周期共振看空 ⬇⬇⬇,-0.1515,-0.7408,-0.5625
600722,金牛化工,55.51,True,8.16,8.37,0,-2.52,-14.94,-10.3,-2.52,0.0,2026-07-14,2026-07-14,39.17,0.7531,-0.2804,0.476,0.5397,0.6481,0.2067,0.3142,-0.2932,0.3534,月线震荡，中短期走弱,-0.625,-0.5625,0.1125
603656,泰禾智能,32.13,True,17.56,17.63,1,0.43,-7.14,-2.73,-0.41,0.0297,2026-07-14,2026-07-14,44.05,0.6847,-0.2646,0.2773,0.505,0.7568,0.5379,0.3139,-0.7068,0.1466,多周期共振看空 ⬇⬇⬇,-0.281,-0.75,-0.5625
603330,天洋新材,31.46,True,7.27,7.98,10,11.87,-11.07,-0.13,-8.95,0.0,2026-07-14,2026-07-14,42.12,0.659,-0.6855,0.6906,0.3954,0.7137,0.0,0.3139,0.0222,0.5111,月线压制，周线反弹受阻,-0.1781,0.4771,-0.1661
002148,北纬科技,27.15,True,6.02,6.21,5,12.06,-8.73,-2.73,-3.1,0.0,2026-07-14,2026-07-14,48.55,0.5911,0.8609,0.7655,0.7546,0.8566,0.0,0.3139,-0.724,0.138,多周期共振看空 ⬇⬇⬇,-0.3682,-0.7131,-0.5625
603803,瑞斯康达,47.59,True,11.2,11.8,0,-0.09,-15.83,-5.89,-5.07,0.0,2026-07-14,2026-07-14,34.92,0.6158,0.0823,0.6086,0.6024,0.5537,0.0,0.3138,-0.1181,0.441,月线看多，中短期调整中,-0.4996,-0.314,0.18
002996,顺博合金,28.65,True,6.25,6.13,3,1.99,-9.15,-3.54,1.99,0.0775,2026-07-13,2026-07-14,54.05,0.0695,0.4576,0.4224,0.4248,0.979,0.296,0.3135,-0.7688,0.1156,多周期共振看空 ⬇⬇⬇,-0.4831,-0.7131,-0.5625
603153,上海建科,54.11,True,13.4,13.22,4,1.37,-8.64,-3.42,1.37,0.0757,2026-07-13,2026-07-14,52.52,-0.0004,0.1595,0.2651,0.2638,0.9448,0.5581,0.3133,-0.6774,0.1613,多周期共振看空 ⬇⬇⬇,-0.283,-0.6837,-0.5625
002767,先锋电子,22.37,True,17.18,17.55,7,12.61,-6.49,-0.86,-2.11,0.0485,2026-07-14,2026-07-14,47.81,0.4118,0.4439,0.6911,0.6246,0.8402,0.0,0.313,-0.6203,0.1899,多周期共振看空 ⬇⬇⬇,-0.1811,-0.7131,-0.495
605259,绿田机械,30.86,True,17.89,18.05,5,3.08,-3.63,-1.27,-0.87,0.1254,2026-07-14,2026-07-14,46.9,0.2969,-0.2555,0.2734,0.276,0.82,0.5444,0.3129,-0.6586,0.1707,多周期共振看空 ⬇⬇⬇,-0.1574,-0.75,-0.5625
605066,天正电气,32.81,True,6.53,6.8,6,5.07,-10.84,-2.21,-4.03,0.0,2026-07-14,2026-07-14,33.92,0.7036,1.104,0.4963,0.8221,0.5316,0.1729,0.3124,-0.5927,0.2036,多周期共振看空 ⬇⬇⬇,-0.3155,-0.6946,-0.3375
603968,醋化股份,19.22,True,9.4,9.6,0,-2.04,-11.93,-7.59,-2.04,0.0,2026-07-14,2026-07-14,41.25,0.7795,-0.1648,0.3534,0.6018,0.6944,0.411,0.3124,-0.6254,0.1873,多周期共振看空 ⬇⬇⬇,-0.625,-0.5012,-0.3375
002191,劲嘉股份,51.9,True,3.7,3.87,11,9.09,-5.09,0.09,-4.5,0.1004,2026-07-14,2026-07-14,25.49,0.8416,-0.5747,0.477,0.505,0.3442,0.2049,0.3123,-0.1277,0.4361,多周期方向不一致，观望,0.0043,-0.1151,-0.45
002225,濮耐股份,38.8,True,4.09,4.4,15,13.6,-8.47,3.99,-6.97,0.164,2026-07-14,2026-07-14,41.98,0.5339,-0.6509,0.7191,0.3203,0.7108,0.0,0.312,-0.2628,0.3686,多周期方向不一致，观望,0.0131,-0.6037,-0.5625
002202,金风科技,644.78,True,19.17,22.3,7,10.16,-14.04,-1.72,-14.04,0.0,2026-07-14,2026-07-14,41.57,0.5209,0.777,0.8928,0.7125,0.7015,0.0,0.3116,-0.4893,0.2553,多周期共振看空 ⬇⬇⬇,-0.3448,-0.5193,-0.2606
002935,天奥电子,72.55,True,17.53,21.37,17,11.07,-17.97,3.39,-17.97,0.0,2026-07-14,2026-07-14,36.17,0.4967,0.0473,0.6699,0.5169,0.5816,0.0,0.3114,-0.0337,0.4832,多周期方向不一致，观望,-0.0146,0.0218,-0.1575
603085,天成自控,42.73,True,10.76,11.11,0,-1.48,-12.51,-6.61,-3.12,0.0,2026-07-14,2026-07-14,43.75,0.7052,-0.5221,0.3676,0.4231,0.75,0.3874,0.3106,-0.4018,0.2991,多周期共振看空 ⬇⬇⬇,-0.4622,-0.217,-0.27
002971,和远气体,79.1,True,49.13,63.91,16,60.5,-24.91,21.61,-23.12,0.0,2026-07-14,2026-07-14,31.01,0.0187,-0.186,1.1006,0.1368,0.4669,0.0,0.3105,0.7052,0.8526,多周期共振看多 ⬆⬆⬆,0.3415,0.6946,0.5625
603219,富佳股份,82.3,True,14.66,15.1,5,10.2,-11.31,-3.07,-2.88,0.0,2026-07-14,2026-07-14,47.41,0.6338,0.1846,0.5907,0.6541,0.8313,0.0155,0.3102,-0.575,0.2125,多周期共振看空 ⬇⬇⬇,-0.3249,-0.4228,-0.5625
600761,安徽合力,143.49,True,16.11,16.62,5,5.35,-4.2,-1.43,-3.07,0.0429,2026-07-14,2026-07-14,42.09,0.6461,-0.0667,0.4084,0.561,0.7131,0.3193,0.3102,-0.6304,0.1848,多周期共振看空 ⬇⬇⬇,-0.3591,-0.5153,-0.5625
000633,合金投资,18.99,True,4.93,4.96,0,-0.65,-9.91,-5.64,-0.65,0.0,2026-07-14,2026-07-14,47.0,0.4327,0.2953,0.3417,0.5778,0.8222,0.4304,0.3101,-0.7748,0.1126,多周期共振看空 ⬇⬇⬇,-0.477,-0.7315,-0.5625
000751,锌业股份,66.97,True,4.75,5.46,13,18.14,-18.25,2.19,-13.01,0.0,2026-07-14,2026-07-14,29.2,0.7797,0.3721,0.8253,0.8166,0.4267,0.0,0.31,-0.3387,0.3306,多周期共振看空 ⬇⬇⬇,-0.1749,-0.3694,-0.225
605009,XD豪悦护,50.53,True,23.5,22.84,10,9.22,-8.37,-0.77,2.87,0.2118,2026-06-30,2026-07-14,64.71,-0.0425,-0.3983,0.411,0.0407,0.7841,0.315,0.3091,-0.2937,0.3531,多周期方向不一致，观望,-0.1005,-0.6423,-0.5625
002584,西陇科学,38.18,True,8.15,9.43,18,33.97,-14.86,8.18,-13.55,0.1523,2026-07-14,2026-07-14,30.94,0.4019,-0.2718,0.9986,0.3324,0.4654,0.0,0.3089,0.0155,0.5078,⚠️ 月线空头下的短期反弹，不宜追高,0.1868,0.309,-0.2925
601600,中国铝业,1169.82,True,8.86,8.72,1,1.57,-17.98,-10.68,1.57,0.0,2026-07-13,2026-07-14,46.33,0.5315,1.6466,0.6384,0.7189,0.8072,0.0,0.3088,-0.6483,0.1759,多周期共振看空 ⬇⬇⬇,-0.5605,-0.6068,-0.3375
002182,宝武镁业,103.77,True,11.99,13.78,8,15.65,-13.43,-1.18,-13.0,0.0,2026-07-14,2026-07-14,43.77,0.5859,0.4014,0.7528,0.7121,0.7505,0.0,0.3085,-0.5718,0.2141,多周期共振看空 ⬇⬇⬇,-0.3808,-0.5929,-0.3375
002960,青鸟智控,79.01,True,8.16,8.53,7,4.31,-5.17,-1.37,-4.29,0.0316,2026-07-14,2026-07-14,42.06,0.805,-0.8163,0.3443,0.483,0.7124,0.4262,0.3082,-0.5791,0.2105,多周期共振看空 ⬇⬇⬇,-0.371,-0.4598,-0.495
603662,柯力传感,164.71,True,58.65,68.28,13,15.37,-14.61,0.93,-14.11,0.0,2026-07-14,2026-07-14,38.45,0.7684,-0.4944,0.7949,0.4633,0.6321,0.0,0.3081,-0.0347,0.4827,多周期方向不一致，观望,-0.0598,0.1237,-0.225
603507,振江股份,58.93,True,32.42,34.04,0,-0.55,-12.49,-6.39,-4.77,0.0,2026-07-14,2026-07-14,31.82,0.1333,0.5663,0.4166,0.48,0.4849,0.3056,0.308,-0.1307,0.4346,月线看多，中短期调整中,-0.548,-0.3325,0.18
601388,怡球资源,63.84,True,2.9,2.96,0,-1.99,-11.32,-6.8,-1.99,0.0,2026-07-14,2026-07-14,37.33,0.5991,0.4333,0.442,0.7327,0.6074,0.2633,0.3078,-0.6497,0.1751,多周期共振看空 ⬇⬇⬇,-0.616,-0.5625,-0.3375
000637,茂化实华,13.38,True,3.67,3.64,1,0.84,-11.38,-7.07,0.84,0.0,2026-07-13,2026-07-14,48.86,0.2591,1.0165,0.3818,0.5555,0.8636,0.3637,0.3078,-0.7538,0.1231,多周期共振看空 ⬇⬇⬇,-0.6115,-0.6375,-0.495
603406,天富龙,9.5,True,25.91,26.61,0,-1.74,-8.92,-4.88,-2.62,0.0,2026-07-14,2026-07-14,39.57,0.5064,0.4181,0.2918,0.6711,0.6571,0.5136,0.3075,-0.8129,0.0936,周线日线共振看空,-0.5927,-0.75,
002059,云南旅游,41.88,True,4.26,4.28,3,1.45,-7.08,-2.57,-0.57,0.0462,2026-07-14,2026-07-14,50.6,0.5872,-0.6888,0.289,0.3523,0.9023,0.5184,0.3067,-0.7183,0.1408,多周期共振看空 ⬇⬇⬇,-0.3214,-0.7408,-0.5625
002282,博深股份,28.89,True,5.72,5.8,0,-0.05,-6.77,-3.67,-1.46,0.0,2026-07-14,2026-07-14,39.52,0.6644,0.1574,0.3075,0.6616,0.6559,0.4876,0.3066,-0.783,0.1085,多周期共振看空 ⬇⬇⬇,-0.4873,-0.7408,-0.5625
600312,平高电气,235.15,True,17.33,17.65,0,-1.81,-9.48,-5.7,-1.81,0.0,2026-07-14,2026-07-14,39.44,0.5548,0.2307,0.363,0.6251,0.6541,0.3949,0.3066,-0.6483,0.1759,多周期共振看空 ⬇⬇⬇,-0.557,-0.6098,-0.3375
601882,海天精工,98.76,True,18.92,19.84,5,5.27,-10.95,-3.37,-4.63,0.0,2026-07-14,2026-07-14,45.48,-0.1104,0.6748,0.6477,0.4,0.7885,0.0,0.3065,-0.1344,0.4328,月线震荡，中短期走弱,-0.4343,-0.2011,0.1215
001400,江顺科技,38.91,True,84.16,108.72,9,10.63,-22.59,-2.62,-22.59,0.0,2026-07-14,2026-07-14,37.14,0.5069,0.0007,0.9633,0.5044,0.6031,0.0,0.3064,-0.0797,0.4602,月线看多，中短期调整中,-0.4285,-0.3048,0.2925
003031,中瓷电子,469.48,True,138.02,164.7,12,29.09,-20.52,3.51,-16.2,0.0,2026-07-14,2026-07-14,24.41,0.5157,-0.2598,0.9342,0.4055,0.3202,0.0,0.3062,0.4167,0.7084,上升趋势中的日线整理,-0.0219,0.5387,0.5625
600423,*ST柳化,20.05,True,2.51,2.39,8,7.74,-12.5,-3.8,5.17,0.1616,2026-07-07,2026-07-14,61.18,0.3157,0.002,0.5489,0.3902,0.8627,0.0852,0.306,-0.6678,0.1661,多周期共振看空 ⬇⬇⬇,-0.181,-0.75,-0.5625
603966,法兰泰克,41.73,True,8.03,8.62,2,5.58,-10.53,-3.82,-6.81,0.0,2026-07-14,2026-07-14,31.76,0.5872,0.6832,0.439,0.7523,0.4835,0.2684,0.3058,-0.5524,0.2238,多周期共振看空 ⬇⬇⬇,-0.563,-0.394,-0.3375
001322,箭牌家居,48.08,True,6.12,6.09,10,5.69,-9.45,-2.11,0.42,0.1168,2026-07-13,2026-07-14,59.9,0.5709,-0.8119,0.4353,0.3426,0.8911,0.2745,0.3055,-0.6734,0.1633,多周期共振看空 ⬇⬇⬇,-0.1955,-0.75,-0.5625
603192,汇得科技,25.94,True,18.61,17.7,2,5.15,-10.71,-4.72,5.15,0.0813,2026-07-10,2026-07-14,58.37,0.0122,2.6693,0.3979,0.4073,0.9252,0.3368,0.3055,-0.7829,0.1085,多周期共振看空 ⬇⬇⬇,-0.4762,-0.75,-0.5625
002111,威海广泰,45.01,True,9.21,9.2,3,0.19,-7.91,-4.13,0.16,0.0225,2026-07-13,2026-07-14,50.59,0.0676,0.3575,0.3278,0.3836,0.9021,0.4537,0.3054,-0.6701,0.1649,多周期共振看空 ⬇⬇⬇,-0.4608,-0.5152,-0.5625
002617,露笑科技,130.31,True,6.94,9.19,14,14.21,-24.51,0.64,-24.51,0.0,2026-07-14,2026-07-14,31.45,0.354,1.0589,0.8414,0.6124,0.4766,0.0,0.3053,-0.1092,0.4454,月线震荡，中短期走弱,-0.1702,-0.2213,0.0
000156,华数传媒,109.47,True,6.44,6.54,3,0.63,-6.98,-2.04,-1.6,0.0476,2026-07-14,2026-07-14,41.91,0.4707,-0.187,0.2631,0.4076,0.7092,0.5616,0.3053,-0.624,0.188,多周期共振看空 ⬇⬇⬇,-0.2798,-0.5691,-0.5625
002403,爱仕达,27.87,True,9.38,9.64,7,20.52,-14.53,-3.23,-2.7,0.0,2026-07-14,2026-07-14,54.21,0.4796,0.1422,0.8301,0.5447,0.9823,0.0,0.3047,-0.6128,0.1936,多周期共振看空 ⬇⬇⬇,-0.3145,-0.5148,-0.5625
600239,ST云城,22.64,True,1.41,1.37,9,5.92,-12.95,-2.47,2.84,0.1526,2026-07-01,2026-07-14,61.54,-0.2587,-0.1094,0.5105,0.1562,0.8547,0.1492,0.3045,-0.325,0.3375,多周期方向不一致，观望,-0.1355,-0.75,-0.5625
002848,高斯贝尔,22.0,True,13.3,13.83,6,3.78,-20.19,-4.84,-3.81,0.0,2026-07-14,2026-07-14,38.66,0.5178,-0.4839,0.4563,0.3171,0.6368,0.2395,0.3045,-0.0274,0.4863,月线看多，中短期调整中,-0.2898,-0.2194,0.3375
003003,天元股份,12.04,True,10.22,10.29,0,-0.67,-10.12,-5.59,-0.67,0.0,2026-07-14,2026-07-14,47.79,0.3214,0.2706,0.3257,0.501,0.8397,0.4572,0.3045,-0.7389,0.1305,多周期共振看空 ⬇⬇⬇,-0.607,-0.6087,-0.495
603848,好太太,54.45,True,13.53,14.02,9,5.14,-5.06,-0.57,-3.47,0.0942,2026-07-14,2026-07-14,39.88,0.2819,-0.0489,0.5362,0.3496,0.664,0.1063,0.3041,-0.2346,0.3827,多周期方向不一致，观望,-0.0454,-0.4299,-0.5625
002681,奋达科技,75.8,True,4.83,4.69,3,6.22,-10.76,-5.51,2.92,0.0,2026-07-09,2026-07-14,45.09,0.661,0.3581,0.6634,0.7398,0.7798,0.0,0.304,-0.6876,0.1562,多周期共振看空 ⬇⬇⬇,-0.3073,-0.6854,-0.5625
603838,*ST四通,25.99,True,8.12,9.03,10,6.26,-10.1,-1.15,-10.1,0.0,2026-07-14,2026-07-14,22.82,0.2286,1.5167,0.4047,0.5372,0.2849,0.3255,0.3037,-0.0318,0.4841,月线看多，中短期调整中,-0.2728,-0.2102,0.2925
600691,潞化科技,53.93,True,2.27,2.33,0,-2.45,-12.7,-7.35,-2.45,0.0,2026-07-14,2026-07-14,41.33,0.5553,0.4923,0.4742,0.7301,0.6963,0.2097,0.3037,-0.7419,0.129,多周期共振看空 ⬇⬇⬇,-0.5785,-0.6398,-0.495
002785,万里石,75.06,True,38.79,41.3,10,10.2,-12.13,-2.29,-6.07,0.0,2026-07-14,2026-07-14,37.59,0.2024,0.6444,0.5458,0.5214,0.613,0.0904,0.3036,-0.2137,0.3931,月线震荡，中短期走弱,-0.3964,-0.3521,-0.0263
601222,林洋能源,110.02,True,5.39,5.54,0,-2.02,-10.2,-6.11,-2.76,0.0,2026-07-14,2026-07-14,37.31,0.7885,-0.5362,0.1918,0.4731,0.607,0.6804,0.3036,-0.6005,0.1997,多周期共振看空 ⬇⬇⬇,-0.5665,-0.4968,-0.3375
603350,安乃达,12.46,True,28.23,30.77,11,7.05,-8.6,-0.86,-8.26,0.0,2026-07-14,2026-07-14,33.64,0.6061,0.871,0.4685,0.7637,0.5254,0.2192,0.3035,-0.5994,0.2003,多周期共振看空 ⬇⬇⬇,-0.2947,-0.5022,-0.5625
600308,华泰股份,49.15,True,3.24,3.15,4,2.84,-8.9,-3.82,2.84,0.0841,2026-07-09,2026-07-14,57.97,-0.2804,0.1162,0.3235,0.2465,0.934,0.4608,0.3031,-0.6611,0.1694,多周期共振看空 ⬇⬇⬇,-0.2966,-0.7038,-0.495
601798,蓝科高新,24.96,True,7.04,7.2,2,2.68,-9.52,-4.63,-2.16,0.0,2026-07-14,2026-07-14,48.44,0.7411,-0.0663,0.4967,0.6181,0.8542,0.1721,0.303,-0.7275,0.1362,多周期共振看空 ⬇⬇⬇,-0.3558,-0.7315,-0.5625
603677,奇精机械,26.77,True,13.9,13.28,2,4.64,-16.22,-9.17,4.64,0.0,2026-07-10,2026-07-14,52.36,0.3263,1.1559,0.5466,0.5958,0.9413,0.0891,0.3029,-0.731,0.1345,多周期共振看空 ⬇⬇⬇,-0.5188,-0.5994,-0.5625
000657,中钨高新,1086.64,True,74.79,89.67,14,42.18,-23.16,9.42,-16.59,0.0435,2026-07-14,2026-07-14,26.85,0.3229,-0.4474,0.9482,0.2148,0.3745,0.0,0.3026,0.5232,0.7616,上升趋势中的日线整理,0.1081,0.7038,0.5625
603032,德新科技,46.74,True,20.07,25.01,14,18.25,-20.97,0.62,-19.75,0.0,2026-07-14,2026-07-14,33.63,0.5245,-0.1493,0.9351,0.4549,0.5251,0.0,0.3024,0.061,0.5305,多周期方向不一致，观望,-0.2164,0.0037,0.45
002157,正邦科技,228.96,True,2.94,2.92,6,2.42,-8.35,-2.65,0.75,0.0982,2026-07-09,2026-07-14,58.23,-0.0182,-0.1517,0.4002,0.1393,0.9283,0.3329,0.3023,-0.4205,0.2898,多周期共振看空 ⬇⬇⬇,-0.2202,-0.398,-0.3375
002601,龙佰集团,305.3,True,15.36,16.4,16,15.4,-6.36,4.99,-6.36,0.2203,2026-07-14,2026-07-14,29.08,0.4001,-0.2126,0.5734,0.355,0.424,0.0444,0.3021,-0.224,0.388,多周期方向不一致，观望,0.0323,-0.4497,-0.5625
000710,贝瑞基因,25.93,True,7.87,7.77,4,1.76,-9.79,-4.38,1.24,0.026,2026-07-13,2026-07-14,50.49,0.1346,0.654,0.4976,0.4807,0.8997,0.1707,0.302,-0.6321,0.184,多周期共振看空 ⬇⬇⬇,-0.3457,-0.5304,-0.5625
000912,泸天化,53.47,True,3.41,3.37,1,1.23,-9.44,-4.92,1.23,0.0,2026-07-13,2026-07-14,50.62,0.7951,-0.5035,0.3542,0.477,0.9026,0.4097,0.302,-0.7584,0.1208,多周期共振看空 ⬇⬇⬇,-0.589,-0.6669,-0.495
002705,新宝股份,91.91,True,11.38,11.3,3,1.67,-8.62,-3.4,0.75,0.0431,2026-07-13,2026-07-14,55.86,0.181,-0.2835,0.2762,0.1952,0.981,0.5396,0.302,-0.6086,0.1957,多周期共振看空 ⬇⬇⬇,-0.3759,-0.4529,-0.5625
605100,华丰股份,81.34,True,34.19,38.25,12,13.89,-12.92,1.55,-10.61,0.0,2026-07-14,2026-07-14,31.32,0.7231,-0.433,0.6297,0.4606,0.4737,0.0,0.302,0.1108,0.5554,多周期方向不一致，观望,-0.0599,0.0885,0.45
603978,深圳新星,44.82,True,21.23,27.38,10,20.32,-25.28,-2.01,-22.46,0.0,2026-07-14,2026-07-14,31.41,0.5922,0.1987,0.9017,0.6348,0.4758,0.0,0.3016,-0.1742,0.4129,月线震荡，中短期走弱,-0.3983,-0.2442,0.0
002962,五方光电,28.45,True,13.6,17.35,4,13.58,-23.73,-8.48,-21.63,0.0,2026-07-14,2026-07-14,33.89,0.9195,-0.5284,0.9474,0.5517,0.531,0.0,0.3015,-0.1077,0.4461,多周期方向不一致，观望,-0.4296,-0.1052,0.0
000534,万泽股份,139.81,True,27.82,29.57,5,8.25,-11.4,-3.97,-5.93,0.0,2026-07-14,2026-07-14,45.09,0.5161,-0.1349,0.7652,0.4557,0.7797,0.0,0.3014,-0.2534,0.3733,月线震荡，中短期走弱,-0.4781,-0.5544,0.1125
000922,佳电股份,81.42,True,11.55,13.36,13,11.26,-16.06,0.2,-13.56,0.0,2026-07-14,2026-07-14,22.46,0.5092,0.3218,0.6337,0.6342,0.277,0.0,0.3011,0.0615,0.5308,多周期方向不一致，观望,-0.1531,-0.0484,0.45
600526,菲达环保,37.71,True,4.32,4.26,1,1.31,-8.19,-4.21,1.31,0.0235,2026-07-13,2026-07-14,50.65,0.2405,-0.0024,0.2501,0.3433,0.9033,0.5832,0.3011,-0.7474,0.1263,多周期共振看空 ⬇⬇⬇,-0.4498,-0.6946,-0.5625
600585,海螺水泥,671.0,True,16.87,16.96,1,0.3,-8.56,-4.29,-0.53,0.0,2026-07-14,2026-07-14,53.37,0.0721,0.3521,0.2637,0.3841,0.9639,0.5605,0.301,-0.8115,0.0943,多周期共振看空 ⬇⬇⬇,-0.5926,-0.7131,-0.5625
000629,钒钛股份,284.29,True,3.06,3.25,8,8.85,-9.34,-1.67,-5.93,0.0,2026-07-14,2026-07-14,40.71,0.7079,0.0219,0.54,0.6335,0.6824,0.1,0.301,-0.5045,0.2478,多周期共振看空 ⬇⬇⬇,-0.3459,-0.4747,-0.3375
603286,日盈电子,58.05,True,49.94,50.95,4,7.33,-18.82,-6.79,-1.97,0.0,2026-07-14,2026-07-14,49.71,0.3516,0.252,0.8861,0.5118,0.8824,0.0,0.3009,-0.4704,0.2648,多周期共振看空 ⬇⬇⬇,-0.3747,-0.3752,-0.3375
600249,两面针,26.18,True,4.76,4.75,1,0.17,-11.39,-5.06,0.17,0.0,2026-07-13,2026-07-14,46.15,0.5413,-0.015,0.3918,0.5187,0.8034,0.347,0.3008,-0.6655,0.1673,多周期共振看空 ⬇⬇⬇,-0.4692,-0.498,-0.5625
002445,中南文化,64.13,True,2.71,2.91,0,-5.71,-13.02,-8.82,-7.02,0.0,2026-07-14,2026-07-14,28.77,0.7302,-0.3717,0.3251,0.4894,0.417,0.4581,0.3007,-0.2445,0.3778,月线震荡，中短期走弱,-0.575,-0.351,0.022
002421,达实智能,0.0,True,2.93,3.5,0,-5.56,-23.27,-16.96,-16.3,0.0,2026-07-14,2026-07-14,10.81,0.9423,2.2928,0.7085,0.9654,0.018,0.0,0.3006,-0.1618,0.4191,多周期方向不一致，观望,-0.5351,-0.1187,-0.134
600375,汉马科技,56.46,True,3.86,3.86,4,2.35,-9.46,-3.83,0.08,0.0068,2026-07-13,2026-07-14,55.45,0.4685,-0.0379,0.4272,0.466,0.9899,0.2881,0.3,-0.7803,0.1099,多周期共振看空 ⬇⬇⬇,-0.5019,-0.7223,-0.5625
601208,东材科技,544.99,True,53.95,66.3,13,33.11,-25.99,5.02,-18.63,0.0,2026-07-14,2026-07-14,27.37,0.3247,-0.2776,0.9751,0.2838,0.3861,0.0,0.2999,0.4818,0.7409,上升趋势中的日线整理,-0.0711,0.75,0.5625
601016,节能风电,199.26,True,3.3,3.66,0,-3.05,-16.0,-10.52,-9.89,0.0,2026-07-14,2026-07-14,39.35,0.6176,-0.4268,0.5547,0.3998,0.6523,0.0755,0.2997,-0.0851,0.4575,月线看多，中短期调整中,-0.5783,-0.2471,0.3375
002742,冀衡医药,18.81,True,3.59,3.55,4,2.12,-15.94,-6.29,1.2,0.0,2026-07-13,2026-07-14,54.35,0.5221,-0.0488,0.6151,0.4938,0.9855,0.0,0.2997,-0.5751,0.2125,多周期共振看空 ⬇⬇⬇,-0.3255,-0.4225,-0.5625
601728,中国电信,4463.71,True,5.75,5.53,3,3.91,-10.59,-4.12,3.91,0.0657,2026-07-09,2026-07-14,70.93,0.4476,-0.4949,0.267,0.2706,0.646,0.5549,0.2994,-0.4149,0.2925,多周期共振看空 ⬇⬇⬇,-0.1873,-0.3013,-0.45
603135,中重科技,68.37,True,10.86,12.8,12,10.64,-15.15,0.54,-15.15,0.0,2026-07-14,2026-07-14,37.1,0.5902,-0.6304,0.7384,0.3541,0.6023,0.0,0.2993,0.1048,0.5524,多周期方向不一致，观望,-0.0008,0.4693,-0.0078
603733,仙鹤股份,151.27,True,20.88,24.84,12,20.74,-16.12,-1.01,-15.93,0.0,2026-07-14,2026-07-14,36.97,0.7284,-0.403,0.7813,0.4759,0.5993,0.0,0.2992,-0.0871,0.4565,多周期方向不一致，观望,-0.3255,0.0537,-0.1575
002614,奥佳华,20.34,True,4.61,4.58,1,0.72,-9.13,-4.59,0.72,0.0,2026-07-13,2026-07-14,52.63,0.3783,-0.064,0.2851,0.4013,0.9474,0.5249,0.2989,-0.8076,0.0962,多周期共振看空 ⬇⬇⬇,-0.5394,-0.75,-0.5625
603859,能科科技,102.09,True,41.72,48.29,11,10.57,-15.79,-0.44,-13.61,0.0,2026-07-14,2026-07-14,34.5,0.6089,-0.2486,0.7444,0.4659,0.5443,0.0,0.2988,-0.0083,0.4959,月线压制，周线反弹受阻,-0.2947,0.4185,-0.225
603688,石英股份,335.41,True,61.92,74.58,13,19.26,-20.31,0.47,-16.97,0.0,2026-07-14,2026-07-14,30.23,0.6249,-0.5882,0.7918,0.375,0.4496,0.0,0.2983,0.2469,0.6235,上升趋势中的日线回调（关注买点）,-0.1589,0.4036,0.5625
003012,东鹏控股,52.3,True,4.61,4.56,2,1.17,-7.96,-3.53,1.17,0.0432,2026-07-13,2026-07-14,52.87,0.2359,-0.1383,0.2736,0.2862,0.9527,0.5439,0.2982,-0.7542,0.1229,多周期共振看空 ⬇⬇⬇,-0.4026,-0.75,-0.5625
002543,万和电气,43.4,True,6.56,6.44,3,1.89,-9.16,-4.39,1.89,0.037,2026-07-13,2026-07-14,55.84,0.1486,0.0679,0.3206,0.3163,0.9812,0.4657,0.2978,-0.7622,0.1189,多周期共振看空 ⬇⬇⬇,-0.4232,-0.75,-0.5625
002734,利民股份,67.19,True,15.47,17.16,13,14.81,-12.24,0.92,-9.82,0.0,2026-07-14,2026-07-14,23.68,0.6332,0.5493,0.6795,0.7799,0.304,0.0,0.2977,-0.231,0.3845,多周期方向不一致，观望,-0.0705,-0.4599,-0.495
001259,利仁科技,28.1,True,59.11,65.14,2,1.96,-13.36,-5.57,-9.26,0.0,2026-07-14,2026-07-14,27.92,0.6772,-0.6022,0.5779,0.4063,0.3982,0.0369,0.2975,0.2228,0.6114,上升趋势中的日线回调（关注买点）,-0.4652,0.5852,0.5625
605006,山东玻纤,108.11,True,16.54,20.4,12,36.5,-25.81,1.09,-18.92,0.0,2026-07-14,2026-07-14,33.58,0.4755,-0.5435,1.1697,0.2853,0.5239,0.0,0.2974,0.2937,0.6469,上升趋势中的日线回调（关注买点）,-0.252,0.6406,0.5625
603768,常青股份,23.18,True,9.74,9.79,2,2.44,-12.04,-5.45,-0.56,0.0,2026-07-14,2026-07-14,48.62,0.6318,-0.2069,0.4069,0.4963,0.8582,0.3219,0.2974,-0.7025,0.1487,多周期共振看空 ⬇⬇⬇,-0.5023,-0.551,-0.5625
002686,亿利达,28.75,True,5.5,5.42,2,1.48,-12.98,-6.79,1.48,0.0,2026-07-10,2026-07-14,51.05,-0.3105,0.71,0.38,0.4,0.9122,0.3666,0.2974,-0.6484,0.1758,多周期共振看空 ⬇⬇⬇,-0.538,-0.469,-0.495
601112,振石股份,27.65,True,15.6,17.09,7,6.2,-10.57,-2.31,-8.72,0.0,2026-07-14,2026-07-14,28.32,0.8259,-0.2792,0.5155,0.5838,0.4072,0.1408,0.2973,-0.1568,0.4216,周线日线方向不一致,-0.5225,0.0,
603063,禾望电气,187.85,True,40.64,47.42,2,4.83,-16.79,-8.44,-14.3,0.0,2026-07-14,2026-07-14,35.26,0.4746,-0.0797,0.8121,0.4529,0.5614,0.0,0.2973,-0.0201,0.4899,多周期方向不一致，观望,-0.4944,-0.1144,0.45
603325,博隆技术,18.15,True,53.11,52.77,5,2.46,-10.07,-3.06,0.65,0.0557,2026-07-13,2026-07-14,52.08,0.1174,1.2255,0.5085,0.4704,0.935,0.1524,0.2972,-0.7524,0.1238,多周期共振看空 ⬇⬇⬇,-0.398,-0.75,-0.5625
600617,国新能源,50.6,True,2.85,2.8,1,1.75,-16.64,-8.56,1.75,0.0,2026-07-13,2026-07-14,53.33,0.3051,-0.1141,0.3739,0.3374,0.963,0.3768,0.2968,-0.6221,0.189,多周期共振看空 ⬇⬇⬇,-0.6025,-0.5133,-0.3375
600104,上汽集团,1155.28,True,10.05,10.11,0,-0.56,-12.06,-6.79,-0.56,0.0,2026-07-14,2026-07-14,49.19,0.7034,-0.4936,0.2386,0.4246,0.8709,0.6023,0.2967,-0.8322,0.0839,多周期共振看空 ⬇⬇⬇,-0.6025,-0.75,-0.5625
603738,泰晶科技,166.09,True,43.04,55.69,14,27.67,-25.67,6.61,-22.72,0.0,2026-07-14,2026-07-14,29.88,0.2998,-0.3486,0.9458,0.2404,0.4418,0.0,0.2967,0.4589,0.7294,上升趋势中的日线整理,-0.0394,0.6633,0.5625
002254,泰和新材,114.5,True,13.46,16.64,12,21.11,-20.05,0.18,-19.09,0.0,2026-07-14,2026-07-14,24.15,0.7809,-0.6168,0.8904,0.4686,0.3145,0.0,0.2967,0.2462,0.6231,上升趋势中的日线回调（关注买点）,-0.2385,0.4695,0.5625
601700,风范股份,51.93,True,4.56,4.53,1,0.6,-12.29,-6.11,0.6,0.0,2026-07-13,2026-07-14,48.57,0.1027,1.6262,0.4315,0.4616,0.8571,0.2809,0.2967,-0.6187,0.1906,多周期共振看空 ⬇⬇⬇,-0.5935,-0.5135,-0.3375
000930,中粮科技,85.21,True,4.59,4.52,1,1.56,-11.07,-5.16,1.56,0.0,2026-07-13,2026-07-14,49.5,-0.4034,0.8931,0.2887,0.4,0.8779,0.5188,0.2965,-0.7368,0.1316,多周期共振看空 ⬇⬇⬇,-0.5122,-0.6854,-0.495
002427,尤夫股份,39.87,True,4.05,4.61,10,15.51,-13.17,-0.31,-12.06,0.0,2026-07-14,2026-07-14,40.06,0.7375,0.42,0.8896,0.8105,0.6679,0.0,0.2963,-0.7282,0.1359,多周期共振看空 ⬇⬇⬇,-0.4617,-0.6423,-0.5625
600668,尖峰集团,29.65,True,7.18,7.22,5,4.58,-7.89,-2.76,-0.56,0.0388,2026-07-14,2026-07-14,54.69,0.4032,0.0395,0.5598,0.4577,0.9931,0.0669,0.296,-0.7027,0.1487,多周期共振看空 ⬇⬇⬇,-0.3028,-0.7223,-0.5625
002993,奥海科技,120.42,True,50.5,64.09,11,11.24,-22.55,-1.88,-21.21,0.0,2026-07-14,2026-07-14,33.91,0.3617,0.0325,0.8689,0.43,0.5313,0.0,0.2957,0.0402,0.5201,多周期方向不一致，观望,-0.2772,-0.0356,0.45
000012,南  玻Ａ,77.39,True,3.95,4.58,14,16.71,-15.02,2.49,-13.78,0.0,2026-07-14,2026-07-14,37.22,0.7692,-0.383,0.9094,0.5083,0.6048,0.0,0.2957,-0.1739,0.4131,多周期方向不一致，观望,0.0114,-0.3241,-0.45
600219,南山铝业,477.72,True,4.16,4.23,0,-1.76,-13.53,-7.91,-1.76,0.0,2026-07-14,2026-07-14,41.41,0.4298,0.8549,0.4853,0.6579,0.6979,0.1911,0.2957,-0.6775,0.1613,多周期共振看空 ⬇⬇⬇,-0.6025,-0.6351,-0.3375
002824,和胜股份,58.56,True,25.89,33.82,14,39.83,-23.44,9.54,-23.44,0.0,2026-07-14,2026-07-14,15.81,0.4161,-0.2441,0.7871,0.352,0.1292,0.0,0.2954,0.6446,0.8223,多周期共振看多 ⬆⬆⬆,0.1538,0.7223,0.5625
002630,*ST华西,19.16,True,1.78,1.8,8,12.88,-9.29,-0.54,-1.22,0.0832,2026-07-14,2026-07-14,38.18,0.6528,0.0249,0.5023,0.6016,0.6263,0.1628,0.2953,-0.6818,0.1591,多周期共振看空 ⬇⬇⬇,-0.261,-0.7122,-0.5625
603226,菲林格尔,170.53,True,47.97,52.54,10,13.77,-10.19,0.2,-8.69,0.0,2026-07-14,2026-07-14,34.29,0.421,-0.6456,0.6123,0.2526,0.5398,0.0,0.2951,0.3088,0.6544,上升趋势中的日线回调（关注买点）,-0.2053,0.6515,0.5625
603816,XD顾家家,181.93,True,22.4,22.06,2,1.54,-14.95,-7.87,1.54,0.0,2026-07-10,2026-07-14,61.54,-0.0165,0.7481,0.2825,0.4,0.8547,0.5292,0.2951,-0.7284,0.1358,多周期共振看空 ⬇⬇⬇,-0.469,-0.7038,-0.495
000030,富奥股份,67.0,True,4.01,4.02,0,-0.36,-7.79,-4.26,-0.36,0.0,2026-07-14,2026-07-14,47.37,0.6788,-0.562,0.2463,0.4073,0.8304,0.5895,0.2946,-0.7628,0.1186,多周期共振看空 ⬇⬇⬇,-0.4462,-0.7315,-0.5625
002138,顺络电子,382.41,True,50.55,64.57,14,32.42,-24.85,8.13,-21.71,0.0,2026-07-14,2026-07-14,31.75,0.1527,-0.2418,0.9857,0.1949,0.4834,0.0,0.2943,0.4623,0.7311,上升趋势中的日线整理,0.0022,0.6363,0.5625
000523,红棉股份,36.57,True,2.76,2.69,1,2.56,-12.32,-6.19,2.56,0.0,2026-07-13,2026-07-14,54.0,-0.3462,0.381,0.3174,0.3524,0.9778,0.4711,0.2943,-0.7595,0.1203,多周期共振看空 ⬇⬇⬇,-0.538,-0.7131,-0.495
603333,福华尚纬,48.79,True,7.85,7.95,3,4.27,-10.13,-4.32,-1.27,0.0,2026-07-14,2026-07-14,51.99,0.5192,-0.6409,0.5671,0.3115,0.9331,0.0549,0.2935,-0.3141,0.3429,多周期共振看空 ⬇⬇⬇,-0.3323,-0.2323,-0.1732
002035,华帝股份,36.76,True,4.7,4.64,1,1.28,-7.7,-3.15,1.28,0.0581,2026-07-13,2026-07-14,52.22,-0.2626,0.1072,0.2716,0.2429,0.9383,0.5473,0.2933,-0.7456,0.1272,多周期共振看空 ⬇⬇⬇,-0.4667,-0.6762,-0.5625
600392,盛和资源,424.89,True,24.24,28.44,15,38.02,-18.51,6.8,-14.76,0.0397,2026-07-14,2026-07-14,26.01,0.7607,-0.3254,0.9215,0.5263,0.3558,0.0,0.2931,-0.0191,0.4904,多周期方向不一致，观望,0.1063,0.0289,-0.2039
002981,朝阳科技,26.02,True,21.4,20.43,3,4.75,-25.02,-11.66,4.75,0.0,2026-07-10,2026-07-14,58.75,0.9245,-0.6799,0.7567,0.5547,0.9167,0.0,0.2931,-0.6424,0.1788,多周期共振看空 ⬇⬇⬇,-0.3467,-0.5521,-0.5625
002638,勤上股份,49.64,True,3.67,3.95,3,7.62,-11.83,-4.33,-7.04,0.0,2026-07-14,2026-07-14,43.38,0.3906,-0.2642,0.706,0.3286,0.7418,0.0,0.2931,-0.0711,0.4645,月线看多，中短期调整中,-0.598,-0.276,0.45
600330,天通股份,283.32,True,22.97,28.96,9,13.42,-26.74,-5.05,-20.69,0.0,2026-07-14,2026-07-14,28.92,0.7363,-0.332,0.8927,0.509,0.4204,0.0,0.293,0.0254,0.5127,多周期方向不一致，观望,-0.387,-0.0067,0.45
603890,春秋电子,100.76,True,22.55,25.09,7,12.45,-14.38,-3.07,-10.11,0.0,2026-07-14,2026-07-14,23.32,0.7078,-0.5888,0.6942,0.4247,0.2959,0.0,0.2929,0.3085,0.6542,上升趋势中的日线回调（关注买点）,-0.1851,0.6331,0.5625
002566,益盛药业,15.16,True,6.54,6.31,1,3.66,-8.98,-4.77,3.66,0.0507,2026-07-13,2026-07-14,53.27,-0.1782,1.5586,0.4439,0.4,0.9615,0.2602,0.2928,-0.7812,0.1094,多周期共振看空 ⬇⬇⬇,-0.5816,-0.656,-0.5625
002302,西部建设,55.42,True,4.39,4.47,0,-1.88,-9.15,-5.79,-1.88,0.0,2026-07-14,2026-07-14,39.53,0.3063,0.4939,0.2541,0.5813,0.6563,0.5765,0.2927,-0.8374,0.0813,多周期共振看空 ⬇⬇⬇,-0.616,-0.75,-0.5625
600789,鲁抗医药,72.74,True,7.2,7.02,2,2.56,-7.38,-3.25,2.56,0.0805,2026-07-13,2026-07-14,49.23,-0.1065,3.3124,0.5387,0.4,0.8718,0.1022,0.2926,-0.6202,0.1899,多周期共振看空 ⬇⬇⬇,-0.2878,-0.554,-0.5625
603337,杰克科技,171.03,True,36.62,38.87,8,7.17,-8.61,-2.13,-5.8,0.0,2026-07-14,2026-07-14,39.83,0.4895,0.4572,0.6355,0.6766,0.6628,0.0,0.2922,-0.5404,0.2298,多周期共振看空 ⬇⬇⬇,-0.2926,-0.3744,-0.5625
002749,国光股份,44.36,True,8.15,8.09,1,0.76,-10.12,-5.24,0.76,0.0,2026-07-13,2026-07-14,55.81,-0.1855,0.4638,0.326,0.3855,0.9819,0.4566,0.2916,-0.8278,0.0861,多周期共振看空 ⬇⬇⬇,-0.5913,-0.75,-0.5625
001208,华菱线缆,44.69,True,14.02,14.66,3,7.98,-10.05,-4.34,-4.37,0.0,2026-07-14,2026-07-14,45.6,0.2512,2.1898,0.7152,0.5507,0.7912,0.0,0.2916,-0.4975,0.2512,多周期共振看空 ⬇⬇⬇,-0.3145,-0.4863,-0.3375
002213,大为股份,64.89,True,31.39,36.15,9,12.3,-18.12,-2.78,-13.17,0.0,2026-07-14,2026-07-14,31.31,0.8355,-0.6982,0.7687,0.5013,0.4736,0.0,0.2915,-0.0383,0.4808,月线看多，中短期调整中,-0.5047,-0.1998,0.45
002997,瑞鹄模具,58.51,True,27.95,29.21,9,6.05,-7.64,-0.96,-4.31,0.0579,2026-07-14,2026-07-14,42.4,0.5761,-0.1663,0.4726,0.4792,0.72,0.2123,0.2914,-0.608,0.196,多周期共振看空 ⬇⬇⬇,-0.237,-0.5706,-0.5625
002833,弘亚数控,47.71,True,16.28,17.82,8,7.56,-10.66,-1.76,-8.64,0.0,2026-07-14,2026-07-14,36.18,0.5113,0.2356,0.5951,0.601,0.5819,0.0082,0.2913,-0.3362,0.3319,多周期共振看空 ⬇⬇⬇,-0.4005,-0.2382,-0.1575
000573,粤宏远Ａ,23.04,True,3.64,3.68,1,0.47,-13.08,-7.6,-1.1,0.0,2026-07-14,2026-07-14,41.59,0.1898,1.1703,0.4732,0.5139,0.7021,0.2113,0.2913,-0.5035,0.2483,多周期共振看空 ⬇⬇⬇,-0.4613,-0.4413,-0.27
600741,华域汽车,509.16,True,16.15,16.1,2,0.82,-6.13,-2.15,0.32,0.0785,2026-07-13,2026-07-14,43.49,0.3482,-0.1837,0.2888,0.3354,0.7443,0.5187,0.2911,-0.7046,0.1477,多周期共振看空 ⬇⬇⬇,-0.3614,-0.6762,-0.5625
603787,新日股份,21.66,True,9.41,9.47,2,1.44,-7.03,-3.32,-0.64,0.0125,2026-07-14,2026-07-14,46.54,0.5556,-0.2404,0.297,0.4372,0.8121,0.505,0.291,-0.7797,0.1102,多周期共振看空 ⬇⬇⬇,-0.4679,-0.75,-0.5625
002723,小崧股份,26.12,True,8.24,8.75,12,9.93,-7.45,0.04,-5.84,0.046,2026-07-14,2026-07-14,33.91,0.5154,-0.1728,0.5678,0.4401,0.5313,0.0536,0.2909,-0.1674,0.4163,月线震荡，中短期走弱,-0.188,-0.3521,-0.0493
605158,华达新材,32.17,True,6.29,6.54,8,5.02,-9.55,-1.6,-3.84,0.0299,2026-07-14,2026-07-14,38.57,0.5753,-0.0286,0.4088,0.5338,0.6349,0.3187,0.2909,-0.6153,0.1924,多周期共振看空 ⬇⬇⬇,-0.2432,-0.5814,-0.5625
601216,君正集团,374.65,True,4.44,4.41,3,0.69,-10.33,-3.53,0.69,0.0326,2026-07-13,2026-07-14,47.66,0.1027,0.1485,0.3269,0.321,0.837,0.4551,0.2908,-0.634,0.183,多周期共振看空 ⬇⬇⬇,-0.3018,-0.6398,-0.495
603172,万丰股份,21.93,True,16.44,17.26,0,-1.55,-10.57,-6.29,-4.73,0.0,2026-07-14,2026-07-14,35.5,0.5398,0.3943,0.4702,0.6816,0.5668,0.2163,0.2906,-0.6194,0.1903,多周期共振看空 ⬇⬇⬇,-0.5275,-0.5717,-0.3375
002595,豪迈科技,528.76,True,45.9,47.46,1,1.66,-9.39,-4.56,-3.28,0.0,2026-07-14,2026-07-14,38.22,0.5764,0.0773,0.3575,0.5767,0.6272,0.4042,0.2905,-0.6745,0.1628,多周期共振看空 ⬇⬇⬇,-0.5683,-0.6577,-0.3375
002242,九阳股份,61.93,True,8.13,8.17,0,-0.07,-7.31,-3.58,-0.51,0.0,2026-07-14,2026-07-14,45.76,0.6113,-0.4269,0.2617,0.396,0.7947,0.5639,0.2905,-0.7147,0.1426,多周期共振看空 ⬇⬇⬇,-0.5105,-0.5706,-0.5625
603810,丰山集团,18.8,True,11.37,11.52,0,-1.27,-9.98,-6.2,-1.27,0.0,2026-07-14,2026-07-14,43.34,0.469,0.3301,0.39,0.6134,0.741,0.3501,0.2904,-0.8273,0.0863,多周期共振看空 ⬇⬇⬇,-0.6115,-0.7315,-0.5625
002376,新北洋,48.02,True,6.1,5.91,3,3.16,-8.68,-3.79,3.16,0.0817,2026-07-09,2026-07-14,59.22,0.0972,-0.2106,0.2452,0.174,0.9061,0.5913,0.2903,-0.7127,0.1436,多周期共振看空 ⬇⬇⬇,-0.3392,-0.7131,-0.5625
605099,共创草坪,125.86,True,31.35,32.49,0,-1.97,-14.61,-8.44,-3.51,0.0,2026-07-14,2026-07-14,39.62,0.7883,-0.7681,0.3173,0.473,0.6582,0.4712,0.2902,-0.6022,0.1989,多周期共振看空 ⬇⬇⬇,-0.6685,-0.4131,-0.3375
002585,双星新材,84.06,True,9.48,12.23,10,30.0,-26.03,0.04,-22.51,0.0,2026-07-14,2026-07-14,25.11,0.6727,-0.7943,0.959,0.4036,0.3358,0.0,0.2902,0.2727,0.6363,上升趋势中的日线回调（关注买点）,-0.2805,0.5944,0.5625
000810,创维数字,116.84,True,10.52,12.26,15,14.94,-14.23,3.81,-14.23,0.0,2026-07-14,2026-07-14,38.97,-0.0547,2.923,0.8283,0.4,0.6437,0.0,0.29,-0.0921,0.454,多周期方向不一致，观望,0.0829,-0.0936,-0.3825
002572,索菲亚,50.62,True,7.77,7.77,1,0.05,-11.8,-6.48,0.05,0.0,2026-07-13,2026-07-14,54.26,-0.4404,0.4838,0.3452,0.3935,0.9835,0.4247,0.2897,-0.8322,0.0839,多周期共振看空 ⬇⬇⬇,-0.6025,-0.75,-0.5625
600516,方大炭素,204.52,True,5.08,5.82,13,17.4,-14.71,1.11,-12.67,0.0,2026-07-14,2026-07-14,34.41,0.8717,-0.6717,0.7661,0.523,0.5425,0.0,0.2896,-0.1714,0.4143,多周期方向不一致，观望,-0.1157,-0.2718,-0.3825
000619,海螺新材,15.91,True,4.42,4.56,0,-3.13,-12.31,-8.45,-3.13,0.0,2026-07-14,2026-07-14,38.32,0.3902,0.8138,0.332,0.6341,0.6293,0.4467,0.289,-0.815,0.0925,多周期共振看空 ⬇⬇⬇,-0.625,-0.6929,-0.5625
605183,确成股份,57.82,True,14.02,14.98,10,10.39,-8.24,-0.45,-6.42,0.0125,2026-07-14,2026-07-14,36.6,0.7662,-0.0681,0.4529,0.6325,0.5912,0.2452,0.289,-0.6359,0.182,多周期共振看空 ⬇⬇⬇,-0.2765,-0.5981,-0.5625
600794,保税科技,36.24,True,3.02,2.99,2,1.12,-7.21,-3.12,1.12,0.0599,2026-07-13,2026-07-14,53.23,0.0757,-0.0297,0.3116,0.2336,0.9606,0.4806,0.2887,-0.7447,0.1276,多周期共振看空 ⬇⬇⬇,-0.3782,-0.75,-0.5625
600935,华塑股份,78.92,True,2.25,2.28,5,2.98,-6.44,-2.14,-1.29,0.0633,2026-07-14,2026-07-14,41.67,0.597,-0.3017,0.4462,0.4375,0.7037,0.2564,0.2887,-0.5922,0.2039,多周期共振看空 ⬇⬇⬇,-0.3896,-0.63,-0.3375
603205,健尔康,8.69,True,21.01,21.03,1,0.33,-9.6,-4.52,-0.11,0.0,2026-07-14,2026-07-14,47.08,0.571,-0.1435,0.3496,0.4852,0.8241,0.4173,0.2886,-0.7902,0.1049,多周期共振看空 ⬇⬇⬇,-0.5273,-0.7223,-0.5625
603529,爱玛科技,169.09,True,19.95,19.91,3,1.27,-7.99,-2.44,0.18,0.0662,2026-07-13,2026-07-14,54.62,0.2251,-0.519,0.2435,0.135,0.9916,0.5942,0.2886,-0.7317,0.1341,多周期共振看空 ⬇⬇⬇,-0.3449,-0.75,-0.5625
600433,冠豪高新,53.91,True,3.08,3.25,0,-0.28,-13.56,-7.7,-5.32,0.0,2026-07-14,2026-07-14,39.29,0.3198,0.0974,0.3449,0.4309,0.6508,0.4251,0.2886,-0.5014,0.2493,多周期共振看空 ⬇⬇⬇,-0.6595,-0.2667,-0.27
603366,日出东方,51.63,True,6.35,6.74,6,7.88,-9.71,-3.57,-5.73,0.0,2026-07-14,2026-07-14,48.61,0.5098,0.3257,0.6279,0.6362,0.8579,0.0,0.2886,-0.7385,0.1307,多周期共振看空 ⬇⬇⬇,-0.581,-0.5626,-0.5625
002523,天桥起重,44.46,True,3.15,3.06,1,2.86,-10.12,-5.76,2.86,0.0095,2026-07-13,2026-07-14,51.89,0.2541,1.7263,0.5133,0.5524,0.9308,0.1445,0.2885,-0.8315,0.0842,多周期共振看空 ⬇⬇⬇,-0.6115,-0.7408,-0.5625
002030,达安基因,73.12,True,5.21,5.18,1,0.49,-15.17,-7.82,0.49,0.0,2026-07-13,2026-07-14,46.54,0.5487,-0.1438,0.4087,0.4717,0.812,0.3189,0.2878,-0.6817,0.1592,多周期共振看空 ⬇⬇⬇,-0.4299,-0.5673,-0.5625
603906,龙蟠科技,117.16,True,20.81,26.29,14,16.65,-21.64,2.15,-20.85,0.0,2026-07-14,2026-07-14,28.33,0.4052,0.1919,0.9892,0.5199,0.4074,0.0,0.2877,-0.0194,0.4903,月线看多，中短期调整中,-0.254,-0.1671,0.2925
001258,立新能源,61.13,True,6.55,7.02,0,-6.49,-20.99,-14.06,-6.72,0.0,2026-07-14,2026-07-14,31.79,0.8381,-0.624,0.3114,0.5029,0.4843,0.4809,0.2874,-0.4709,0.2646,多周期共振看空 ⬇⬇⬇,-0.5935,-0.2563,-0.27
600792,云煤能源,36.96,True,3.33,3.39,2,1.95,-19.16,-9.95,-1.83,0.0,2026-07-14,2026-07-14,48.72,0.8099,-0.3733,0.5106,0.5366,0.8604,0.149,0.2873,-0.7122,0.1439,多周期共振看空 ⬇⬇⬇,-0.521,-0.6237,-0.495
002940,昂利康,48.75,True,26.31,27.81,4,7.18,-21.26,-7.38,-5.39,0.0,2026-07-14,2026-07-14,43.06,0.7712,-0.1527,0.7296,0.6016,0.7346,0.0,0.2871,-0.5477,0.2262,多周期共振看空 ⬇⬇⬇,-0.3754,-0.3195,-0.5625
603382,海阳科技,19.06,True,16.5,17.59,0,-4.99,-12.87,-9.31,-6.19,0.0,2026-07-14,2026-07-14,30.84,0.6278,0.8011,0.3458,0.7767,0.463,0.4237,0.2871,-0.8409,0.0796,多周期共振看空 ⬇⬇⬇,-0.625,-0.75,-0.5625
002228,合兴包装,36.88,True,3.05,3.05,2,0.19,-6.32,-3.42,0.05,0.0369,2026-07-13,2026-07-14,50.59,-0.0929,0.3461,0.3515,0.3384,0.902,0.4142,0.2869,-0.7483,0.1259,多周期共振看空 ⬇⬇⬇,-0.477,-0.7408,-0.495
002199,*ST东晶,26.42,True,11.44,12.17,1,1.33,-12.28,-6.34,-6.03,0.0,2026-07-14,2026-07-14,41.7,0.1958,-0.4921,0.4848,0.1207,0.7045,0.1921,0.2869,0.1032,0.5516,上升趋势中的日线回调（关注买点）,-0.4825,0.1979,0.5625
603281,江瀚新材,107.05,True,20.64,25.94,13,17.25,-22.98,1.17,-20.43,0.0,2026-07-14,2026-07-14,26.05,0.3059,1.0571,0.7886,0.5835,0.3566,0.0,0.2868,-0.067,0.4665,多周期方向不一致，观望,-0.3664,-0.1156,0.1351
603045,福达合金,90.48,True,66.8,76.89,8,18.7,-13.12,-1.66,-13.12,0.0,2026-07-14,2026-07-14,20.29,0.7274,-0.5496,0.8631,0.4364,0.2287,0.0,0.2868,0.3215,0.6607,上升趋势中的日线回调（关注买点）,-0.1663,0.6608,0.5625
001696,宗申动力,158.22,True,17.75,21.14,12,41.21,-18.33,9.91,-16.02,0.038,2026-07-14,2026-07-14,28.55,0.8184,-0.7702,0.752,0.4911,0.4122,0.0,0.2867,-0.0779,0.4611,多周期方向不一致，观望,-0.0309,0.134,-0.45
603936,博敏电子,111.71,True,17.72,23.81,13,21.1,-27.84,-1.03,-25.56,0.0,2026-07-14,2026-07-14,17.08,0.693,-0.0653,0.7371,0.5897,0.1573,0.0,0.2866,0.1609,0.5805,上升趋势中的日线回调（关注买点）,-0.2288,0.287,0.45
002166,莱茵生物,47.71,True,6.46,6.58,0,-1.81,-15.65,-8.81,-1.81,0.0,2026-07-14,2026-07-14,52.17,-0.3076,0.7009,0.3688,0.4,0.9372,0.3854,0.2864,-0.7815,0.1093,多周期共振看空 ⬇⬇⬇,-0.616,-0.6946,-0.495
600783,鲁信创投,123.27,True,16.56,19.9,3,5.69,-16.8,-6.14,-16.8,0.0,2026-07-14,2026-07-14,39.8,0.518,0.378,0.9901,0.662,0.6623,0.0,0.2864,-0.5628,0.2186,多周期共振看空 ⬇⬇⬇,-0.5115,-0.4611,-0.3375
001267,汇绿生态,0.0,True,42.62,50.54,6,12.45,-20.84,-6.48,-15.67,0.0,2026-07-14,2026-07-14,17.42,0.8527,-0.0216,0.7715,0.703,0.165,0.0,0.2864,-0.0317,0.4842,月线看多，中短期调整中,-0.5124,-0.1617,0.45
003037,三和管桩,33.85,True,5.65,5.85,5,6.41,-13.65,-6.57,-3.45,0.0,2026-07-14,2026-07-14,47.6,0.5139,0.2587,0.5336,0.6118,0.8355,0.1107,0.2861,-0.7813,0.1094,多周期共振看空 ⬇⬇⬇,-0.4829,-0.7408,-0.5625
002798,帝欧水华,26.15,True,5.06,5.39,0,-1.11,-16.23,-9.7,-6.07,0.0,2026-07-14,2026-07-14,40.08,0.6387,0.152,0.6312,0.644,0.6685,0.0,0.2856,-0.548,0.226,多周期共振看空 ⬇⬇⬇,-0.4612,-0.314,-0.495
603009,北特科技,152.96,True,45.2,46.46,10,16.5,-16.1,-1.48,-2.71,0.0544,2026-07-14,2026-07-14,53.21,0.3055,-0.2189,0.6499,0.2957,0.9603,0.0,0.2856,-0.4708,0.2646,多周期共振看空 ⬇⬇⬇,-0.1988,-0.3694,-0.495
000553,安道麦A,126.92,True,5.83,5.76,3,1.44,-8.99,-2.73,1.21,0.0716,2026-07-13,2026-07-14,47.17,-0.1579,-0.0557,0.3713,0.1777,0.826,0.3812,0.2855,-0.4687,0.2656,多周期共振看空 ⬇⬇⬇,-0.1848,-0.3093,-0.5625
002088,鲁阳节能,37.8,True,7.47,7.89,6,4.76,-7.37,-3.01,-5.36,0.0,2026-07-14,2026-07-14,40.33,0.8188,-0.2915,0.3263,0.5747,0.674,0.4561,0.2851,-0.8121,0.0939,多周期共振看空 ⬇⬇⬇,-0.5617,-0.7408,-0.5625
603611,诺力股份,43.53,True,16.9,17.03,4,5.3,-8.61,-2.32,-0.74,0.028,2026-07-14,2026-07-14,51.11,0.5259,-0.4054,0.3773,0.3534,0.9136,0.3712,0.2851,-0.7448,0.1276,多周期共振看空 ⬇⬇⬇,-0.3786,-0.75,-0.5625
002786,银宝山新,36.22,True,7.33,7.78,1,0.57,-8.44,-4.73,-5.82,0.0,2026-07-14,2026-07-14,42.86,0.8048,-0.6619,0.4375,0.4829,0.7302,0.2708,0.2849,-0.5866,0.2067,多周期共振看空 ⬇⬇⬇,-0.5371,-0.2664,-0.5625
600426,华鲁恒升,517.47,True,18.82,19.2,0,-0.19,-10.79,-5.9,-2.0,0.0,2026-07-14,2026-07-14,39.69,0.3749,1.3181,0.4783,0.6249,0.6597,0.2028,0.2849,-0.6744,0.1628,多周期共振看空 ⬇⬇⬇,-0.6025,-0.6283,-0.3375
600458,时代新材,103.35,True,11.9,15.5,15,26.62,-25.73,3.08,-23.22,0.0,2026-07-14,2026-07-14,33.43,0.6714,-0.3251,0.8613,0.4728,0.5206,0.0,0.2848,-0.1031,0.4485,多周期方向不一致，观望,-0.2473,-0.0164,-0.225
001367,海森药业,0.0,True,19.01,19.37,4,3.07,-8.02,-2.61,-1.84,0.023,2026-07-14,2026-07-14,46.46,0.3735,0.0321,0.4177,0.4369,0.8103,0.3038,0.2846,-0.6932,0.1534,多周期共振看空 ⬇⬇⬇,-0.4401,-0.5838,-0.5625
002306,ST云网,14.87,True,1.83,1.96,4,2.74,-10.65,-4.58,-6.68,0.0,2026-07-14,2026-07-14,43.64,0.3971,-0.054,0.3761,0.4167,0.7475,0.3732,0.2846,-0.5853,0.2073,多周期共振看空 ⬇⬇⬇,-0.5996,-0.4349,-0.3375
603052,可川科技,124.37,True,66.19,79.46,2,4.29,-20.71,-8.92,-16.7,0.0,2026-07-14,2026-07-14,25.04,0.6768,-0.0668,0.6497,0.5794,0.3343,0.0,0.2846,-0.0512,0.4744,月线看多，中短期调整中,-0.587,-0.1906,0.45
003042,中农联合,15.26,True,12.38,12.63,0,-1.97,-10.59,-6.91,-1.97,0.0,2026-07-14,2026-07-14,41.32,0.4965,0.1996,0.375,0.5777,0.6961,0.3751,0.2845,-0.7839,0.108,多周期共振看空 ⬇⬇⬇,-0.6115,-0.7038,-0.495
001386,马可波罗,15.49,True,14.4,14.74,4,2.77,-8.02,-3.82,-2.32,0.0,2026-07-14,2026-07-14,43.9,0.4559,-0.1988,0.3316,0.394,0.7534,0.4473,0.2844,-0.617,0.1915,周线日线共振看空,-0.589,-0.45,
002799,环球印务,19.59,True,6.12,6.25,0,-2.03,-10.91,-7.81,-2.03,0.0,2026-07-14,2026-07-14,41.78,0.3434,0.3007,0.3,0.5263,0.7062,0.5001,0.2843,-0.815,0.0925,多周期共振看空 ⬇⬇⬇,-0.625,-0.6929,-0.5625
002872,ST天圣,10.32,True,4.8,4.81,4,3.81,-11.15,-4.03,-0.18,0.0,2026-07-14,2026-07-14,51.57,0.1471,-0.6425,0.4193,0.0882,0.9238,0.3012,0.2842,-0.2173,0.3913,月线震荡，中短期走弱,-0.4574,-0.3129,-0.0254
600518,康美药业,182.46,True,1.32,1.29,2,2.09,-14.34,-6.44,2.09,0.0,2026-07-10,2026-07-14,50.0,0.3309,0.2678,0.4491,0.5056,0.8889,0.2515,0.2842,-0.8036,0.0982,多周期共振看空 ⬇⬇⬇,-0.5292,-0.75,-0.5625
601609,金田股份,177.19,True,10.25,11.28,2,2.97,-14.78,-5.82,-9.16,0.0,2026-07-14,2026-07-14,35.39,0.8613,-0.2309,0.6107,0.6244,0.5643,0.0,0.2841,-0.4034,0.2983,多周期共振看空 ⬇⬇⬇,-0.5343,-0.2221,-0.2066
001319,铭科精技,13.01,True,20.5,21.15,5,3.95,-13.56,-4.95,-3.07,0.0,2026-07-14,2026-07-14,47.63,0.4265,0.2836,0.5757,0.5694,0.8363,0.0405,0.284,-0.6753,0.1623,多周期共振看空 ⬇⬇⬇,-0.4334,-0.5502,-0.5625
603949,雪龙集团,32.14,True,15.29,17.37,18,13.21,-11.95,5.1,-11.95,0.115,2026-07-14,2026-07-14,32.63,0.3791,-0.396,0.7683,0.2691,0.503,0.0,0.284,-0.0382,0.4809,⚠️⚠️ 逆大势反弹，大概率是下跌中继,0.2511,-0.38,-0.5625
603683,晶华新材,78.34,True,27.18,30.34,9,8.74,-10.43,-0.8,-10.43,0.0,2026-07-14,2026-07-14,33.95,0.1143,-0.1103,0.6242,0.2244,0.5322,0.0,0.2837,0.2721,0.6361,上升趋势中的日线整理,-0.1028,0.5024,0.2925
002521,齐峰新材,28.42,True,6.78,6.97,8,5.41,-9.45,-2.39,-2.67,0.0037,2026-07-14,2026-07-14,51.42,0.0968,2.731,0.5492,0.4581,0.9204,0.0846,0.2836,-0.6454,0.1773,多周期共振看空 ⬇⬇⬇,-0.4225,-0.4938,-0.5625
600549,厦门钨业,972.3,True,62.57,77.01,14,47.21,-23.63,9.94,-18.75,0.0026,2026-07-14,2026-07-14,23.15,0.4364,-0.517,0.9086,0.2619,0.2922,0.0,0.2835,0.4923,0.7461,多周期共振看多 ⬆⬆⬆,0.1617,0.4933,0.45
603293,埃泰克,12.67,True,36.1,40.24,2,1.63,-13.78,-5.05,-10.28,0.0,2026-07-14,2026-07-14,30.25,0.3744,-0.2385,0.4497,0.3292,0.4501,0.2505,0.2834,0.0,0.5,周线日线方向不一致,0.0,,
603267,鸿远电子,131.28,True,56.81,70.33,12,14.72,-22.29,-2.37,-19.22,0.0,2026-07-14,2026-07-14,26.41,0.5152,-0.3072,0.777,0.3862,0.3646,0.0,0.2831,0.2092,0.6046,上升趋势中的日线回调（关注买点）,-0.2288,0.4494,0.45
002335,科华数据,223.12,True,33.82,38.51,7,12.12,-13.44,-1.92,-12.18,0.0,2026-07-14,2026-07-14,36.75,0.7667,-0.0626,0.6044,0.635,0.5945,0.0,0.2827,-0.468,0.266,多周期共振看空 ⬇⬇⬇,-0.3767,-0.3231,-0.3825
000528,柳    工,162.35,True,7.98,7.94,5,2.11,-8.86,-3.5,0.54,0.0538,2026-07-13,2026-07-14,56.12,0.222,-0.3067,0.3383,0.2105,0.9751,0.4362,0.2826,-0.7242,0.1379,多周期共振看空 ⬇⬇⬇,-0.3581,-0.7223,-0.5625
600343,航天动力,143.34,True,22.46,25.6,8,16.31,-12.43,-1.11,-12.28,0.0,2026-07-14,2026-07-14,44.99,0.7732,-0.5719,0.9308,0.4639,0.7776,0.0,0.2825,-0.4154,0.2923,多周期共振看空 ⬇⬇⬇,-0.2146,-0.3916,-0.3375
003011,海象新材,13.77,True,17.92,18.91,2,8.0,-11.38,-4.95,-5.24,0.0,2026-07-14,2026-07-14,38.94,0.6988,0.1225,0.7904,0.6683,0.643,0.0,0.2822,-0.5833,0.2083,多周期共振看空 ⬇⬇⬇,-0.5218,-0.4972,-0.3375
000723,美锦能源,148.12,True,3.37,3.48,0,-3.1,-14.98,-9.06,-3.19,0.0,2026-07-14,2026-07-14,46.0,0.5303,0.0709,0.4071,0.5465,0.8,0.3216,0.2822,-0.8339,0.0831,多周期共振看空 ⬇⬇⬇,-0.607,-0.75,-0.5625
000401,金隅冀东,93.15,True,3.54,3.52,1,0.44,-10.59,-4.97,0.44,0.0,2026-07-13,2026-07-14,50.65,-0.2038,0.3792,0.2876,0.3517,0.9033,0.5207,0.2818,-0.8086,0.0957,多周期共振看空 ⬇⬇⬇,-0.5852,-0.7131,-0.5625
003010,若羽臣,50.5,True,22.33,23.49,5,5.43,-8.62,-2.41,-4.92,0.0,2026-07-14,2026-07-14,47.15,0.5122,0.0588,0.4391,0.5309,0.8256,0.2682,0.2817,-0.8011,0.0994,多周期共振看空 ⬇⬇⬇,-0.5659,-0.7131,-0.5625
605033,美邦股份,23.62,True,17.47,17.6,1,0.32,-9.66,-5.17,-0.76,0.0,2026-07-14,2026-07-14,44.99,0.2689,0.2628,0.3353,0.4665,0.7776,0.4412,0.2816,-0.7793,0.1104,多周期共振看空 ⬇⬇⬇,-0.5962,-0.6392,-0.5625
002246,北化股份,99.65,True,18.15,18.85,0,-2.17,-12.38,-6.0,-3.69,0.0,2026-07-14,2026-07-14,40.61,0.1634,0.5194,0.4127,0.4981,0.6802,0.3121,0.2814,-0.6115,0.1942,多周期共振看空 ⬇⬇⬇,-0.561,-0.5256,-0.3375
001387,雪祺电气,13.62,True,11.69,12.68,15,6.55,-9.83,0.28,-7.84,0.0497,2026-07-14,2026-07-14,30.71,0.4007,0.566,0.535,0.6404,0.4601,0.1083,0.2812,-0.5331,0.2334,多周期共振看空 ⬇⬇⬇,-0.172,-0.4617,-0.5625
002671,龙泉股份,20.9,True,3.79,3.83,1,0.47,-9.17,-5.32,-0.98,0.0,2026-07-14,2026-07-14,48.57,0.0142,0.429,0.2977,0.3801,0.8571,0.5039,0.2811,-0.7909,0.1045,多周期共振看空 ⬇⬇⬇,-0.5184,-0.7315,-0.5625
603029,天鹅股份,17.22,True,14.19,14.62,0,-0.52,-8.9,-5.65,-2.93,0.0,2026-07-14,2026-07-14,37.37,0.4516,0.4743,0.4121,0.6607,0.6082,0.3131,0.2806,-0.7929,0.1035,多周期共振看空 ⬇⬇⬇,-0.6115,-0.656,-0.5625
605399,晨光新材,0.0,True,11.33,13.65,9,9.41,-16.99,-0.7,-16.99,0.0,2026-07-14,2026-07-14,37.86,0.3849,0.7625,0.8173,0.6309,0.6191,0.0,0.2805,-0.5085,0.2458,多周期共振看空 ⬇⬇⬇,-0.3346,-0.4932,-0.3375
000737,北方铜业,238.45,True,12.52,13.51,8,10.62,-13.17,-2.39,-7.32,0.0,2026-07-14,2026-07-14,31.02,0.8073,0.1638,0.5563,0.7499,0.4671,0.0728,0.2805,-0.5749,0.2126,多周期共振看空 ⬇⬇⬇,-0.3981,-0.4273,-0.495
603579,荣泰健康,35.12,True,17.47,18.24,8,8.49,-9.96,-1.89,-4.22,0.0,2026-07-14,2026-07-14,41.39,0.586,0.0375,0.5182,0.5666,0.6976,0.1363,0.2803,-0.6099,0.1951,多周期共振看空 ⬇⬇⬇,-0.3974,-0.4373,-0.5625
000789,万年青,31.34,True,3.93,3.95,0,-0.43,-9.75,-4.4,-0.43,0.0,2026-07-14,2026-07-14,47.37,-0.2707,0.4889,0.2791,0.3956,0.8304,0.5349,0.2801,-0.8167,0.0917,多周期共振看空 ⬇⬇⬇,-0.5628,-0.75,-0.5625
001283,豪鹏科技,48.06,True,46.48,49.08,3,2.99,-14.82,-5.24,-5.29,0.0,2026-07-14,2026-07-14,40.99,0.319,0.8246,0.7328,0.5914,0.6887,0.0,0.2799,-0.5331,0.2334,多周期共振看空 ⬇⬇⬇,-0.5203,-0.2307,-0.495
600004,白云机场,178.69,True,7.55,7.57,2,1.71,-8.01,-3.6,-0.2,0.0038,2026-07-14,2026-07-14,52.52,0.0773,0.1056,0.2921,0.2886,0.9448,0.5132,0.2799,-0.7758,0.1121,多周期共振看空 ⬇⬇⬇,-0.4581,-0.75,-0.5625
002998,优彩资源,19.26,True,7.12,7.04,5,5.74,-13.31,-5.55,1.08,0.0,2026-07-13,2026-07-14,50.29,0.1168,0.9461,0.6185,0.4701,0.8952,0.0,0.2799,-0.5871,0.2065,多周期共振看空 ⬇⬇⬇,-0.4466,-0.4125,-0.495
603660,苏州科达,55.03,True,9.63,11.57,8,12.3,-18.85,-3.07,-16.77,0.0,2026-07-14,2026-07-14,17.79,0.7018,0.0565,0.7139,0.6437,0.1731,0.0,0.2799,0.0014,0.5007,多周期方向不一致，观望,-0.35,-0.1437,0.45
600303,曙光股份,17.14,True,2.53,2.58,0,-2.05,-17.8,-11.43,-2.05,0.0,2026-07-14,2026-07-14,44.87,0.8549,-0.4625,0.491,0.5279,0.7749,0.1817,0.2799,-0.6807,0.1597,多周期共振看空 ⬇⬇⬇,-0.538,-0.4724,-0.5625
002611,东方精工,152.7,True,15.21,17.51,8,3.71,-13.13,-1.75,-13.13,0.0,2026-07-14,2026-07-14,29.69,0.3832,0.9937,0.457,0.6299,0.4375,0.2384,0.2798,-0.4854,0.2573,多周期共振看空 ⬇⬇⬇,-0.3343,-0.3302,-0.45
603011,合锻智能,111.84,True,22.62,31.02,10,36.76,-29.93,1.27,-27.07,0.0,2026-07-14,2026-07-14,23.8,0.7604,-0.7521,0.8942,0.4562,0.3067,0.0,0.2796,0.139,0.5695,上升趋势中的日线回调（关注买点）,-0.3495,0.3169,0.45
002588,史丹利,70.58,True,8.22,8.34,3,1.36,-7.56,-2.49,-1.45,0.0369,2026-07-14,2026-07-14,40.85,0.3683,0.0398,0.3962,0.4369,0.6856,0.3397,0.2794,-0.6464,0.1768,多周期共振看空 ⬇⬇⬇,-0.3362,-0.6375,-0.495
605319,无锡振华,81.19,True,23.32,23.66,6,3.24,-11.62,-4.79,-1.43,0.0,2026-07-14,2026-07-14,47.64,0.2439,-0.4374,0.5095,0.1714,0.8365,0.1508,0.2791,-0.166,0.417,月线震荡，中短期走弱,-0.3235,-0.3325,0.0518
002715,登云股份,19.4,True,14.06,14.06,6,8.18,-10.72,-3.95,0.02,0.0,2026-07-13,2026-07-14,52.13,0.3032,0.1677,0.6341,0.449,0.9362,0.0,0.2791,-0.6088,0.1956,多周期共振看空 ⬇⬇⬇,-0.2391,-0.5706,-0.5625
603038,华立股份,39.76,True,14.8,15.27,7,2.71,-7.23,-2.02,-3.11,0.0504,2026-07-14,2026-07-14,44.42,0.2327,-0.024,0.4347,0.33,0.7648,0.2754,0.2791,-0.5544,0.2228,多周期共振看空 ⬇⬇⬇,-0.3242,-0.378,-0.5625
002444,巨星科技,326.82,True,28.5,30.68,9,9.48,-8.27,-0.96,-7.12,0.0,2026-07-14,2026-07-14,47.59,-0.0463,3.1156,0.5607,0.4,0.8353,0.0655,0.279,-0.4624,0.2688,多周期共振看空 ⬇⬇⬇,-0.3177,-0.4065,-0.3375
002947,恒铭达,134.81,True,67.98,77.91,2,1.59,-16.98,-7.81,-12.75,0.0,2026-07-14,2026-07-14,28.04,0.3212,0.1739,0.58,0.4623,0.4009,0.0333,0.2789,-0.0161,0.4919,多周期方向不一致，观望,-0.4957,-0.096,0.45
605005,合兴股份,61.87,True,15.43,15.83,3,2.42,-5.83,-1.88,-2.55,0.026,2026-07-14,2026-07-14,37.71,0.4317,-0.0718,0.2795,0.4303,0.6158,0.5342,0.2787,-0.6878,0.1561,多周期共振看空 ⬇⬇⬇,-0.3615,-0.6392,-0.5625
001326,联域股份,12.49,True,52.0,61.32,5,10.56,-17.56,-6.1,-15.2,0.0,2026-07-14,2026-07-14,20.34,0.7362,-0.1356,0.6333,0.5875,0.2297,0.0,0.2787,0.014,0.507,多周期方向不一致，观望,-0.3472,-0.091,0.45
002959,小熊电器,45.67,True,32.67,32.48,3,0.63,-10.64,-4.83,0.58,0.0,2026-07-13,2026-07-14,53.52,0.0439,0.0983,0.2854,0.2657,0.9671,0.5243,0.2785,-0.7772,0.1114,多周期共振看空 ⬇⬇⬇,-0.4724,-0.7408,-0.5625
000967,盈峰环境,0.0,True,8.26,9.85,5,12.26,-17.29,-4.8,-16.18,0.0,2026-07-14,2026-07-14,30.24,0.6175,-0.1571,0.879,0.5077,0.4498,0.0,0.2785,-0.1243,0.4379,月线看多，中短期调整中,-0.6764,-0.3048,0.2925
605118,力鼎光电,124.87,True,30.54,33.98,10,12.96,-11.87,-0.79,-10.14,0.0,2026-07-14,2026-07-14,39.16,0.4654,0.2832,0.7616,0.5925,0.6479,0.0,0.2785,-0.4976,0.2512,多周期共振看空 ⬇⬇⬇,-0.3133,-0.4875,-0.3375
002169,智光电气,100.6,True,13.26,14.16,1,1.36,-11.84,-6.78,-6.34,0.0,2026-07-14,2026-07-14,19.22,0.7782,-0.2329,0.5266,0.5738,0.2049,0.1223,0.2784,-0.0342,0.4829,月线看多，中短期调整中,-0.4314,-0.2433,0.45
001231,农心科技,9.57,True,18.72,18.95,0,-1.21,-9.49,-5.96,-1.21,0.0,2026-07-14,2026-07-14,44.11,0.1807,0.4262,0.3908,0.4789,0.7579,0.3487,0.2783,-0.7281,0.136,多周期共振看空 ⬇⬇⬇,-0.6115,-0.581,-0.495
002230,科大讯飞,901.55,True,41.18,41.37,3,4.34,-13.55,-4.46,-0.46,0.0,2026-07-14,2026-07-14,44.74,0.4491,-0.1213,0.4101,0.4209,0.7719,0.3166,0.2781,-0.6283,0.1859,多周期共振看空 ⬇⬇⬇,-0.2736,-0.5838,-0.5625
601177,杭齿前进,51.63,True,12.83,13.29,5,14.71,-16.3,-6.35,-3.48,0.0,2026-07-14,2026-07-14,48.7,0.7032,-0.234,0.714,0.5283,0.8599,0.0,0.278,-0.653,0.1735,多周期共振看空 ⬇⬇⬇,-0.4449,-0.4914,-0.5625
002645,华宏科技,146.31,True,21.51,27.51,9,24.13,-27.38,-5.49,-21.82,0.0,2026-07-14,2026-07-14,17.21,0.833,-0.4404,0.8309,0.5237,0.1602,0.0,0.2778,0.1922,0.5961,上升趋势中的日线回调（关注买点）,-0.3863,0.4148,0.5625
002970,锐明技术,70.4,True,55.7,58.01,3,3.87,-15.51,-6.68,-3.98,0.0,2026-07-14,2026-07-14,39.41,0.3258,0.0761,0.6837,0.4259,0.6536,0.0,0.2777,-0.244,0.378,月线震荡，中短期走弱,-0.3386,-0.4679,-0.0619
002380,科远智慧,42.43,True,29.84,34.5,0,-2.71,-16.36,-8.01,-13.5,0.0,2026-07-14,2026-07-14,27.41,0.5586,-0.2359,0.5293,0.4408,0.3868,0.1178,0.2776,-0.0426,0.4787,月线看多，中短期调整中,-0.5731,-0.1617,0.45
600983,惠而浦,55.95,True,7.3,7.3,3,3.0,-11.02,-4.4,-0.07,0.0,2026-07-14,2026-07-14,53.03,0.7289,-0.7425,0.4714,0.4374,0.9562,0.2143,0.2775,-0.7986,0.1007,多周期共振看空 ⬇⬇⬇,-0.5595,-0.7131,-0.5625
603310,巍华新材,28.42,True,14.65,15.19,4,6.02,-7.05,-2.21,-3.54,0.0,2026-07-14,2026-07-14,43.83,0.7173,-0.5338,0.4004,0.4304,0.7518,0.3327,0.2774,-0.6381,0.1809,多周期共振看空 ⬇⬇⬇,-0.4327,-0.4691,-0.5625
000831,中国稀土,502.81,True,47.38,54.42,9,21.64,-18.17,-0.63,-12.93,0.0,2026-07-14,2026-07-14,23.58,0.8497,0.0556,0.6884,0.732,0.3017,0.0,0.2772,-0.3155,0.3422,多周期共振看空 ⬇⬇⬇,-0.2703,-0.2367,-0.225
002050,三花智控,1545.15,True,41.94,43.98,3,8.81,-8.33,-3.64,-4.65,0.0,2026-07-14,2026-07-14,45.23,0.6999,-0.3606,0.6311,0.4757,0.7829,0.0,0.2772,-0.4833,0.2583,多周期共振看空 ⬇⬇⬇,-0.4101,-0.3535,-0.3571
600261,阳光照明,39.65,True,2.97,3.08,2,1.42,-6.98,-3.02,-3.68,0.0,2026-07-14,2026-07-14,35.48,0.6116,-0.1588,0.3144,0.5034,0.5663,0.476,0.2772,-0.6485,0.1758,多周期共振看空 ⬇⬇⬇,-0.4831,-0.5162,-0.495
002319,乐通股份,22.25,True,10.62,10.73,6,4.93,-14.4,-3.7,-0.99,0.0,2026-07-14,2026-07-14,54.2,0.4783,-0.2844,0.6016,0.3732,0.9821,0.0,0.2771,-0.5592,0.2204,多周期共振看空 ⬇⬇⬇,-0.1738,-0.5175,-0.5625
603530,神马电力,200.44,True,46.89,51.29,3,3.35,-11.1,-3.72,-8.58,0.0,2026-07-14,2026-07-14,32.24,0.5388,-0.2847,0.4954,0.4094,0.4942,0.1743,0.277,-0.1715,0.4143,月线看多，中短期调整中,-0.5496,-0.5256,0.18
600619,海立股份,102.43,True,12.98,14.47,5,7.25,-10.31,-3.35,-10.31,0.0,2026-07-14,2026-07-14,36.92,0.5973,0.4145,0.4805,0.7242,0.5982,0.1992,0.277,-0.8203,0.0898,多周期共振看空 ⬇⬇⬇,-0.7275,-0.6167,-0.5625
002760,凤形股份,17.61,True,16.31,16.85,0,-1.74,-12.91,-6.6,-3.22,0.0,2026-07-14,2026-07-14,38.57,0.4457,0.1936,0.3809,0.5449,0.6348,0.3651,0.277,-0.7099,0.1451,多周期共振看空 ⬇⬇⬇,-0.5922,-0.5577,-0.495
000680,山推股份,128.84,True,9.8,10.16,4,6.04,-7.07,-2.94,-3.57,0.0,2026-07-14,2026-07-14,48.56,0.4597,-0.6158,0.3705,0.2758,0.8569,0.3826,0.2768,-0.5612,0.2194,多周期共振看空 ⬇⬇⬇,-0.2886,-0.6485,-0.3375
002170,芭田股份,85.32,True,10.84,11.1,5,2.11,-6.1,-1.79,-2.38,0.0579,2026-07-14,2026-07-14,34.47,0.2876,0.3165,0.4503,0.4992,0.5438,0.2495,0.2766,-0.5769,0.2116,多周期共振看空 ⬇⬇⬇,-0.39,-0.5962,-0.3375
600959,江苏有线,148.02,True,2.96,2.99,0,-0.35,-11.37,-6.54,-0.89,0.0,2026-07-14,2026-07-14,44.44,0.5095,-0.3482,0.2677,0.3664,0.7654,0.5538,0.2765,-0.7361,0.132,多周期共振看空 ⬇⬇⬇,-0.5425,-0.6577,-0.495
601766,中国中车,1340.46,True,5.51,5.43,7,1.56,-7.05,-2.28,1.56,0.1606,2026-07-09,2026-07-14,65.06,-0.073,-0.2856,0.2724,0.0858,0.7764,0.5461,0.2764,-0.6798,0.1601,多周期共振看空 ⬇⬇⬇,-0.2117,-0.75,-0.5625
003007,直真科技,25.88,True,35.66,38.97,4,4.97,-12.16,-3.79,-8.5,0.0,2026-07-14,2026-07-14,39.62,0.4122,0.3502,0.6287,0.5874,0.6583,0.0,0.2764,-0.5183,0.2409,多周期共振看空 ⬇⬇⬇,-0.5211,-0.3549,-0.3375
600202,哈空调,17.17,True,4.48,4.65,0,-2.23,-10.49,-6.88,-3.61,0.0,2026-07-14,2026-07-14,40.91,0.3309,0.3377,0.3873,0.5336,0.6869,0.3545,0.2759,-0.7545,0.1228,多周期共振看空 ⬇⬇⬇,-0.6115,-0.5717,-0.5625
002001,新 和 成,874.61,True,28.8,29.28,6,4.58,-8.24,-1.47,-1.64,0.078,2026-07-14,2026-07-14,39.29,0.027,-0.0624,0.5493,0.1912,0.651,0.0845,0.2758,-0.1356,0.4322,月线看多，中短期调整中,-0.2841,-0.5821,0.18
000702,正虹科技,13.73,True,5.15,5.16,0,-0.2,-11.69,-6.55,-0.2,0.0,2026-07-14,2026-07-14,51.03,-0.388,1.9469,0.4069,0.4,0.9119,0.3218,0.2757,-0.7864,0.1068,多周期共振看空 ⬇⬇⬇,-0.607,-0.6456,-0.5625
002817,黄山胶囊,17.98,True,6.2,6.11,2,1.51,-9.27,-5.02,1.51,0.0,2026-07-13,2026-07-14,50.56,-0.1543,0.4576,0.3913,0.383,0.9014,0.3478,0.2756,-0.7681,0.1159,多周期共振看空 ⬇⬇⬇,-0.5588,-0.6467,-0.5625
002052,同洲电子,57.56,True,8.35,8.22,1,1.53,-12.34,-7.12,1.53,0.0,2026-07-13,2026-07-14,51.41,0.1441,0.5347,0.5556,0.4865,0.9202,0.074,0.2752,-0.7399,0.13,多周期共振看空 ⬇⬇⬇,-0.4218,-0.7021,-0.5625
002063,远光软件,90.76,True,5.13,5.16,1,0.2,-11.13,-4.81,-0.55,0.0,2026-07-14,2026-07-14,47.92,0.3247,-0.2524,0.2375,0.2938,0.8426,0.6042,0.2752,-0.7631,0.1184,多周期共振看空 ⬇⬇⬇,-0.5114,-0.6762,-0.5625
601702,华峰铝业,146.38,True,14.66,14.82,0,-1.07,-20.11,-11.51,-1.07,0.0,2026-07-14,2026-07-14,46.6,0.5975,-0.2056,0.4596,0.4763,0.8134,0.234,0.2751,-0.7248,0.1376,多周期共振看空 ⬇⬇⬇,-0.589,-0.5931,-0.495
603896,寿仙谷,28.73,True,14.49,14.02,2,3.33,-14.3,-5.42,3.33,0.0,2026-07-10,2026-07-14,53.73,0.0086,0.6793,0.4655,0.4051,0.9717,0.2242,0.275,-0.7939,0.103,多周期共振看空 ⬇⬇⬇,-0.5043,-0.75,-0.5625
002688,金河生物,37.3,True,4.99,4.91,4,3.18,-7.65,-2.77,1.59,0.087,2026-07-13,2026-07-14,51.03,0.0041,-0.0207,0.377,0.1942,0.9119,0.3717,0.2747,-0.7134,0.1433,多周期共振看空 ⬇⬇⬇,-0.3302,-0.7223,-0.5625
600235,民丰特纸,18.34,True,5.22,5.22,1,0.08,-9.81,-5.74,0.08,0.0,2026-07-13,2026-07-14,48.51,0.0913,0.336,0.3458,0.3892,0.8557,0.4236,0.2747,-0.7911,0.1044,多周期共振看空 ⬇⬇⬇,-0.607,-0.656,-0.5625
002992,宝明科技,59.53,True,38.1,42.42,8,10.7,-10.18,-2.06,-10.18,0.0,2026-07-14,2026-07-14,30.21,0.8403,-0.0474,0.4481,0.6852,0.4492,0.2532,0.2746,-0.6415,0.1793,多周期共振看空 ⬇⬇⬇,-0.3731,-0.5277,-0.5625
002389,航天彩虹,166.42,True,16.9,17.98,2,1.37,-8.34,-3.26,-6.0,0.0,2026-07-14,2026-07-14,39.87,0.2128,0.5826,0.409,0.5277,0.6639,0.3184,0.2745,-0.6994,0.1503,多周期共振看空 ⬇⬇⬇,-0.3689,-0.6585,-0.5625
002443,金洲管道,46.8,True,9.01,10.24,2,0.56,-15.05,-6.87,-12.04,0.0,2026-07-14,2026-07-14,26.08,0.6252,-0.1061,0.6195,0.5327,0.3573,0.0,0.2744,-0.0855,0.4572,多周期方向不一致，观望,-0.6659,-0.1424,0.3375
603728,鸣志电器,233.32,True,55.7,60.55,5,9.86,-10.01,-2.85,-8.0,0.0,2026-07-14,2026-07-14,43.88,0.6828,-0.2319,0.7122,0.5169,0.7529,0.0,0.274,-0.5385,0.2308,多周期共振看空 ⬇⬇⬇,-0.3373,-0.3318,-0.5625
601065,江盐集团,43.52,True,6.77,6.84,0,-0.54,-9.29,-4.35,-0.99,0.0,2026-07-14,2026-07-14,47.31,-0.3156,0.2934,0.2211,0.3173,0.8292,0.6314,0.2738,-0.8177,0.0912,多周期共振看空 ⬇⬇⬇,-0.5871,-0.7315,-0.5625
600883,博闻科技,16.88,True,7.15,7.26,0,-1.52,-9.64,-6.41,-1.52,0.0,2026-07-14,2026-07-14,43.88,-0.038,0.5522,0.3849,0.4,0.7528,0.3586,0.2738,-0.64,0.18,多周期共振看空 ⬇⬇⬇,-0.5345,-0.4534,-0.495
603551,奥普科技,35.37,True,9.31,9.17,3,1.79,-11.19,-4.55,1.54,0.0065,2026-07-13,2026-07-14,56.17,0.2463,-0.3119,0.3115,0.223,0.974,0.4808,0.2737,-0.7359,0.1321,多周期共振看空 ⬇⬇⬇,-0.4525,-0.6669,-0.5625
601992,金隅集团,115.84,True,1.39,1.4,0,-0.89,-10.8,-5.5,-0.89,0.0,2026-07-14,2026-07-14,50.0,0.0204,0.1588,0.2597,0.2758,0.8889,0.5672,0.2736,-0.7731,0.1134,多周期共振看空 ⬇⬇⬇,-0.5622,-0.7223,-0.495
605588,冠石科技,39.77,True,54.4,61.98,14,18.42,-12.6,3.88,-12.23,0.0139,2026-07-14,2026-07-14,32.4,0.5003,-0.4867,0.6505,0.3055,0.4977,0.0,0.2735,0.0683,0.5342,多周期方向不一致，观望,-0.0253,0.038,0.2838
002984,森麒麟,96.81,True,13.56,13.79,2,3.51,-9.02,-3.52,-1.65,0.0,2026-07-14,2026-07-14,44.12,0.482,-0.185,0.2887,0.4152,0.7582,0.5188,0.2732,-0.8036,0.0982,多周期共振看空 ⬇⬇⬇,-0.5292,-0.75,-0.5625
002574,明牌珠宝,22.6,True,4.28,4.33,0,-1.19,-10.04,-6.12,-1.19,0.0,2026-07-14,2026-07-14,45.36,-0.54,0.5344,0.2967,0.4,0.7858,0.5055,0.2732,-0.8014,0.0993,多周期共振看空 ⬇⬇⬇,-0.556,-0.7223,-0.5625
603215,比依股份,26.31,True,14.05,14.58,3,1.94,-8.38,-3.64,-3.64,0.0,2026-07-14,2026-07-14,44.93,0.5995,-0.3844,0.3438,0.4059,0.7762,0.4271,0.2726,-0.7419,0.129,多周期共振看空 ⬇⬇⬇,-0.3817,-0.7408,-0.5625
603486,科沃斯,289.77,True,50.54,51.13,2,1.02,-12.3,-6.36,-1.15,0.0,2026-07-14,2026-07-14,50.63,0.5555,-0.5766,0.3893,0.3333,0.9028,0.3512,0.2724,-0.7186,0.1407,多周期共振看空 ⬇⬇⬇,-0.4884,-0.5983,-0.5625
603766,隆鑫通用,252.17,True,12.28,12.12,8,11.05,-11.77,-2.0,1.32,0.1104,2026-07-13,2026-07-14,58.46,-0.4886,-0.0761,0.5669,0.1696,0.9232,0.0551,0.2724,-0.5089,0.2455,多周期共振看空 ⬇⬇⬇,-0.2119,-0.5994,-0.3375
603833,欧派家居,192.55,True,31.61,31.8,4,1.35,-11.22,-4.7,-0.58,0.0,2026-07-14,2026-07-14,52.96,0.3484,-0.3655,0.3026,0.2628,0.9546,0.4956,0.2723,-0.7843,0.1079,多周期共振看空 ⬇⬇⬇,-0.5122,-0.7223,-0.5625
001325,元创股份,0.0,True,34.4,36.96,1,0.33,-9.69,-4.4,-6.92,0.0,2026-07-14,2026-07-14,35.43,0.4818,0.0007,0.4079,0.4893,0.565,0.3201,0.2722,-0.5397,0.2302,周线日线共振看空,-0.6595,-0.27,
603190,亚通精工,9.83,True,23.92,24.39,4,4.62,-10.05,-3.56,-1.95,0.0,2026-07-14,2026-07-14,45.49,0.1644,0.0894,0.4351,0.3344,0.7888,0.2749,0.2721,-0.5251,0.2374,多周期共振看空 ⬇⬇⬇,-0.3601,-0.508,-0.3375
601956,东贝集团,28.59,True,4.6,4.72,5,3.84,-8.53,-3.26,-2.61,0.0,2026-07-14,2026-07-14,47.14,0.1512,0.3057,0.3845,0.413,0.8254,0.3591,0.2721,-0.7614,0.1193,多周期共振看空 ⬇⬇⬇,-0.421,-0.75,-0.5625
600192,长城电工,27.3,True,6.18,6.82,5,12.31,-12.24,-5.11,-9.43,0.0,2026-07-14,2026-07-14,30.86,0.7801,0.4249,0.8129,0.8381,0.4635,0.0,0.2719,-0.7219,0.1391,多周期共振看空 ⬇⬇⬇,-0.5572,-0.5464,-0.5625
002073,软控股份,53.13,True,5.24,5.28,2,0.97,-7.31,-3.19,-0.82,0.0177,2026-07-14,2026-07-14,48.08,0.2442,-0.137,0.2765,0.2917,0.8462,0.5391,0.2718,-0.7814,0.1093,多周期共振看空 ⬇⬇⬇,-0.4723,-0.75,-0.5625
603266,天龙股份,31.94,True,16.06,16.98,3,3.92,-10.33,-4.3,-5.39,0.0,2026-07-14,2026-07-14,40.43,0.5899,0.1674,0.5276,0.6209,0.6761,0.1207,0.2718,-0.7267,0.1366,多周期共振看空 ⬇⬇⬇,-0.5307,-0.5798,-0.5625
002226,江南化工,120.0,True,4.53,4.6,0,-1.11,-10.37,-4.85,-1.53,0.0,2026-07-14,2026-07-14,45.54,0.541,-0.4816,0.3056,0.3319,0.7899,0.4907,0.2715,-0.6993,0.1503,多周期共振看空 ⬇⬇⬇,-0.5308,-0.5195,-0.5625
603332,苏州龙杰,22.35,True,10.33,10.57,0,-0.37,-8.57,-4.9,-2.29,0.0,2026-07-14,2026-07-14,39.54,0.4792,-0.0246,0.3386,0.4777,0.6565,0.4356,0.2715,-0.7284,0.1358,多周期共振看空 ⬇⬇⬇,-0.595,-0.5283,-0.5625
002316,亚联发展,13.77,True,4.04,4.18,0,-2.79,-13.02,-7.84,-3.33,0.0,2026-07-14,2026-07-14,41.48,0.5861,0.1147,0.492,0.5975,0.6996,0.18,0.2713,-0.7689,0.1155,多周期共振看空 ⬇⬇⬇,-0.616,-0.5994,-0.5625
002149,西部材料,188.13,True,38.54,48.85,0,-4.17,-21.49,-12.95,-21.11,0.0,2026-07-14,2026-07-14,32.32,0.6355,-0.1508,0.7943,0.521,0.496,0.0,0.2712,-0.2596,0.3702,月线震荡，中短期走弱,-0.8255,-0.209,0.0441
603758,秦安股份,41.51,True,9.46,9.66,4,5.11,-11.27,-5.26,-2.05,0.0,2026-07-14,2026-07-14,51.16,0.1977,0.409,0.5263,0.4822,0.9146,0.1228,0.2711,-0.7985,0.1008,多周期共振看空 ⬇⬇⬇,-0.5484,-0.7223,-0.5625
603667,五洲新春,216.65,True,59.16,64.61,4,13.13,-15.6,-5.82,-8.43,0.0,2026-07-14,2026-07-14,42.03,0.6897,-0.3445,0.7773,0.4761,0.7117,0.0,0.271,-0.4475,0.2762,多周期共振看空 ⬇⬇⬇,-0.5195,-0.3145,-0.2237
002583,海能达,0.0,True,7.95,8.21,5,7.88,-11.69,-3.73,-3.13,0.0,2026-07-14,2026-07-14,40.45,0.845,-0.7181,0.4199,0.507,0.6768,0.3001,0.271,-0.6953,0.1523,多周期共振看空 ⬇⬇⬇,-0.3181,-0.6929,-0.5625
000809,和展能源,25.32,True,3.07,3.3,1,5.62,-14.96,-9.73,-6.89,0.0,2026-07-14,2026-07-14,26.74,0.9076,-0.6878,0.3374,0.5446,0.3721,0.4376,0.2709,-0.5007,0.2496,多周期共振看空 ⬇⬇⬇,-0.702,-0.2287,-0.27
605128,上海沿浦,68.17,True,21.71,24.13,9,10.01,-10.02,0.41,-10.02,0.0,2026-07-14,2026-07-14,28.37,0.6292,-0.4178,0.4444,0.4104,0.4083,0.2593,0.2708,-0.1875,0.4062,多周期方向不一致，观望,-0.129,-0.2638,-0.45
001393,维通利,21.74,True,45.25,52.9,0,-5.96,-24.61,-11.71,-14.47,0.0,2026-07-14,2026-07-14,24.54,0.7663,-0.4459,0.5944,0.4814,0.3232,0.0093,0.2707,0.0,0.5,周线日线方向不一致,0.0,,
600990,四创电子,44.74,True,16.63,18.38,6,9.79,-9.53,-1.54,-9.53,0.0,2026-07-14,2026-07-14,42.06,0.4884,1.5462,0.6294,0.6931,0.7124,0.0,0.2707,-0.7982,0.1009,多周期共振看空 ⬇⬇⬇,-0.537,-0.7315,-0.5625
002470,金正大,0.0,True,1.9,2.03,0,-2.06,-10.18,-6.01,-6.54,0.0,2026-07-14,2026-07-14,38.82,0.6457,-0.4753,0.5735,0.3973,0.6405,0.0441,0.2706,-0.2746,0.3627,月线震荡，中短期走弱,-0.4058,-0.5533,-0.0219
002351,漫步者,48.77,True,9.36,9.49,0,-1.36,-11.7,-6.28,-1.36,0.0,2026-07-14,2026-07-14,37.95,0.6001,-0.0979,0.3089,0.5209,0.621,0.4852,0.2704,-0.8038,0.0981,多周期共振看空 ⬇⬇⬇,-0.616,-0.6762,-0.5625
002401,中远海科,42.85,True,11.54,12.02,1,0.25,-8.09,-4.43,-3.96,0.0,2026-07-14,2026-07-14,33.07,0.802,-0.2775,0.2606,0.5702,0.5126,0.5657,0.2701,-0.819,0.0905,多周期共振看空 ⬇⬇⬇,-0.5687,-0.75,-0.5625
002378,章源钨业,329.73,True,27.59,33.14,12,26.57,-20.89,1.69,-16.75,0.0,2026-07-14,2026-07-14,26.42,0.7758,-0.6816,0.8784,0.4655,0.3649,0.0,0.27,-0.0223,0.4889,月线看多，中短期调整中,-0.2043,-0.2237,0.2925
002489,浙江永强,51.46,True,2.69,2.84,0,-4.99,-17.75,-11.61,-5.18,0.0,2026-07-14,2026-07-14,37.5,0.7612,-0.424,0.3236,0.4871,0.6111,0.4607,0.27,-0.7209,0.1396,多周期共振看空 ⬇⬇⬇,-0.571,-0.5325,-0.5625
603398,*ST沐邦,50.52,True,11.65,14.14,15,6.41,-17.59,-0.22,-17.59,0.0,2026-07-14,2026-07-14,23.45,-0.5022,0.5746,0.5562,0.4,0.2988,0.0729,0.2699,0.1019,0.551,多周期方向不一致，观望,-0.0517,0.0423,0.45
603407,长裕集团,23.15,True,64.47,81.95,15,54.85,-21.79,17.67,-21.33,0.0,2026-07-14,2026-07-14,27.76,0.487,-0.161,1.1335,0.4278,0.3947,0.0,0.2698,0.0,0.5,周线日线方向不一致,0.0,,
603985,恒润股份,88.52,True,20.08,22.9,9,6.53,-14.49,-2.45,-12.32,0.0,2026-07-14,2026-07-14,35.32,0.5304,-0.5689,0.6235,0.3182,0.5627,0.0,0.2694,-0.0295,0.4853,月线看多，中短期调整中,-0.4448,-0.209,0.45
000881,中广核技,55.85,True,6.18,6.47,0,-2.37,-12.95,-7.07,-4.45,0.0,2026-07-14,2026-07-14,38.78,0.7664,-0.5102,0.3021,0.4599,0.6395,0.4965,0.2694,-0.7449,0.1275,多周期共振看空 ⬇⬇⬇,-0.6115,-0.5506,-0.5625
002564,天沃科技,35.39,True,4.12,4.41,0,-2.73,-10.09,-7.21,-6.55,0.0,2026-07-14,2026-07-14,36.8,0.487,0.4367,0.426,0.6669,0.5956,0.29,0.2692,-0.86,0.07,多周期共振看空 ⬇⬇⬇,-0.6955,-0.7315,-0.5625
600335,国机汽车,74.97,True,5.04,4.99,2,0.97,-10.07,-4.06,0.97,0.014,2026-07-13,2026-07-14,47.29,-0.2721,0.2506,0.3183,0.3002,0.8286,0.4695,0.2691,-0.7311,0.1345,多周期共振看空 ⬇⬇⬇,-0.3757,-0.7223,-0.5625
600482,中国动力,0.0,True,31.48,32.81,6,7.69,-13.31,-3.8,-4.04,0.0,2026-07-14,2026-07-14,44.88,0.2265,-0.393,0.6234,0.1787,0.7751,0.0,0.2691,-0.0634,0.4683,月线看多，中短期调整中,-0.2079,-0.3037,0.18
603527,众源新材,31.6,True,9.97,12.1,7,9.68,-22.49,-7.73,-17.59,0.0,2026-07-14,2026-07-14,27.99,0.8174,-0.3736,0.7085,0.541,0.3999,0.0,0.2691,-0.1927,0.4037,多周期方向不一致，观望,-0.5288,-0.1237,-0.27
600449,宁夏建材,58.34,True,12.2,12.46,6,11.76,-13.13,-3.55,-2.06,0.0,2026-07-14,2026-07-14,49.48,0.4667,-0.2737,0.6033,0.3705,0.8774,0.0,0.269,-0.4935,0.2532,多周期共振看空 ⬇⬇⬇,-0.2807,-0.2815,-0.5625
603168,莎普爱思,18.81,True,5.05,4.97,1,1.69,-11.17,-5.89,1.69,0.0,2026-07-13,2026-07-14,52.6,-0.0994,1.2575,0.4425,0.4,0.9466,0.2624,0.269,-0.8339,0.0831,多周期共振看空 ⬇⬇⬇,-0.607,-0.75,-0.5625
605298,必得科技,84.86,True,45.56,51.87,7,8.01,-13.76,-3.39,-12.17,0.0,2026-07-14,2026-07-14,18.36,0.6407,-0.1823,0.4774,0.5115,0.1857,0.2044,0.2689,-0.0533,0.4733,月线看多，中短期调整中,-0.5433,-0.2379,0.45
002283,天润工业,86.24,True,8.6,9.78,5,5.74,-15.88,-5.05,-12.03,0.0,2026-07-14,2026-07-14,32.74,0.6498,-0.4771,0.7874,0.399,0.5054,0.0,0.2688,-0.0946,0.4527,月线看多，中短期调整中,-0.5022,-0.1998,0.18
000801,四川九洲,0.0,True,10.96,11.67,5,9.66,-10.26,-3.37,-6.09,0.0,2026-07-14,2026-07-14,50.0,0.6687,-0.1422,0.6916,0.5443,0.8889,0.0,0.2687,-0.7876,0.1062,多周期共振看空 ⬇⬇⬇,-0.4882,-0.75,-0.5625
603303,得邦照明,106.98,True,22.43,26.63,7,24.46,-21.97,-3.4,-15.77,0.0,2026-07-14,2026-07-14,30.45,0.3967,-0.785,0.7296,0.238,0.4544,0.0,0.2687,0.2235,0.6118,上升趋势中的日线回调（关注买点）,-0.5292,0.6423,0.5625
002023,海特高新,73.79,True,9.96,12.42,14,17.2,-19.8,2.12,-19.8,0.0,2026-07-14,2026-07-14,16.58,0.5073,0.5622,0.6459,0.7044,0.1462,0.0,0.2685,-0.1547,0.4226,多周期方向不一致，观望,-0.1878,-0.1364,-0.3825
603556,海兴电力,109.07,True,22.43,21.73,4,5.07,-11.53,-5.06,3.22,0.0182,2026-07-09,2026-07-14,61.28,-0.1896,1.0912,0.5051,0.4,0.8605,0.1581,0.2684,-0.6957,0.1522,多周期共振看空 ⬇⬇⬇,-0.353,-0.7315,-0.495
002722,物产金轮,26.68,True,12.0,12.08,1,0.67,-7.8,-4.18,-0.66,0.0,2026-07-14,2026-07-14,48.05,-0.1934,0.2308,0.2948,0.2923,0.8455,0.5087,0.2682,-0.7436,0.1282,多周期共振看空 ⬇⬇⬇,-0.508,-0.6363,-0.5625
002092,中泰化学,106.63,True,4.14,4.01,1,3.14,-12.96,-5.88,3.14,0.0,2026-07-13,2026-07-14,53.62,0.2434,-0.1041,0.4553,0.3044,0.9694,0.2412,0.2682,-0.698,0.151,多周期共振看空 ⬇⬇⬇,-0.607,-0.6762,-0.3375
600955,维远股份,78.38,True,14.25,15.37,6,3.97,-7.31,-2.17,-7.31,0.0,2026-07-14,2026-07-14,29.51,0.5576,0.217,0.4671,0.6214,0.4336,0.2215,0.2681,-0.5469,0.2265,多周期共振看空 ⬇⬇⬇,-0.4753,-0.4571,-0.3375
600289,ST信通,31.47,True,5.56,5.54,9,8.79,-12.65,-3.03,0.35,0.0762,2026-07-07,2026-07-14,52.51,-0.1575,-0.5189,0.4961,0.0,0.9447,0.1732,0.268,-0.311,0.3445,多周期方向不一致，观望,-0.1497,-0.6762,-0.5625
603076,乐惠国际,24.49,True,20.29,21.09,0,-0.42,-12.37,-6.77,-3.8,0.0,2026-07-14,2026-07-14,44.44,0.4876,-0.3043,0.4347,0.3708,0.7654,0.2755,0.2679,-0.5893,0.2053,多周期共振看空 ⬇⬇⬇,-0.6025,-0.4413,-0.3375
601137,博威合金,170.22,True,18.54,22.46,9,17.44,-20.56,-2.49,-17.44,0.0,2026-07-14,2026-07-14,13.99,0.7124,-0.0523,0.4495,0.6066,0.0886,0.2509,0.2676,-0.137,0.4315,多周期方向不一致，观望,-0.3907,-0.1138,-0.1533
603352,至信股份,10.95,True,24.66,26.51,0,-1.7,-10.55,-6.27,-6.98,0.0,2026-07-14,2026-07-14,31.31,0.3544,-0.3164,0.3196,0.2861,0.4736,0.4673,0.2675,-0.2598,0.3701,周线日线方向不一致,-0.866,0.0,
600760,中航沈飞,1099.56,True,38.86,40.69,3,3.06,-4.74,-2.06,-4.49,0.0,2026-07-14,2026-07-14,39.57,0.7195,-0.3951,0.2539,0.4737,0.6572,0.5768,0.2674,-0.869,0.0655,多周期共振看空 ⬇⬇⬇,-0.7889,-0.6711,-0.5625
002591,恒大高新,13.72,True,6.14,6.45,0,-4.86,-14.03,-8.71,-4.86,0.0,2026-07-14,2026-07-14,34.72,-0.7347,0.5458,0.3642,0.4,0.5492,0.393,0.2672,-0.4758,0.2621,多周期共振看空 ⬇⬇⬇,-0.5755,-0.215,-0.3375
603386,骏亚科技,47.38,True,14.52,17.85,14,15.31,-23.55,-0.11,-18.64,0.0,2026-07-14,2026-07-14,19.81,0.7217,-0.2839,0.7265,0.5194,0.218,0.0,0.2672,0.0451,0.5225,多周期方向不一致，观望,-0.1785,0.0265,0.3247
600241,时代万恒,20.22,True,6.87,6.82,2,5.41,-10.84,-5.86,0.7,0.0,2026-07-13,2026-07-14,50.19,0.1631,0.5213,0.64,0.4979,0.8931,0.0,0.2671,-0.7318,0.1341,多周期共振看空 ⬇⬇⬇,-0.607,-0.5256,-0.5625
600963,岳阳林纸,53.61,True,3.05,3.15,0,-3.17,-14.98,-9.22,-3.17,0.0,2026-07-14,2026-07-14,44.44,-0.2529,0.9339,0.3298,0.4,0.7654,0.4503,0.2671,-0.7822,0.1089,多周期共振看空 ⬇⬇⬇,-0.607,-0.7038,-0.495
600844,金煤科技,22.21,True,2.7,2.55,1,6.01,-12.48,-7.17,6.01,0.0086,2026-07-13,2026-07-14,60.53,0.5814,-0.4644,0.5412,0.3631,0.8772,0.098,0.2671,-0.5957,0.2021,多周期共振看空 ⬇⬇⬇,-0.3987,-0.63,-0.3375
605058,澳弘电子,39.53,True,27.66,34.24,6,7.03,-25.11,-7.35,-19.23,0.0,2026-07-14,2026-07-14,21.04,0.8528,-0.2491,0.6668,0.612,0.2454,0.0,0.267,-0.1379,0.431,多周期方向不一致，观望,-0.5737,-0.1144,0.0
600768,宁波富邦,19.07,True,14.26,15.37,5,3.86,-8.78,-2.94,-7.2,0.0,2026-07-14,2026-07-14,35.17,0.2239,0.8933,0.5062,0.5343,0.5594,0.1563,0.2668,-0.5172,0.2414,多周期共振看空 ⬇⬇⬇,-0.4568,-0.4076,-0.3375
603188,亚邦股份,22.12,True,3.88,4.05,0,-0.72,-8.49,-5.13,-4.3,0.0,2026-07-14,2026-07-14,36.22,0.3371,0.3697,0.4277,0.5501,0.5827,0.2871,0.2665,-0.6772,0.1614,多周期共振看空 ⬇⬇⬇,-0.6233,-0.6167,-0.3375
000576,甘化科工,28.02,True,6.46,7.02,5,14.96,-8.82,-2.64,-8.0,0.0,2026-07-14,2026-07-14,44.2,0.4486,1.2424,0.7232,0.6691,0.7599,0.0,0.2663,-0.8518,0.0741,多周期共振看空 ⬇⬇⬇,-0.6529,-0.75,-0.5625
603709,中源家居,16.84,True,13.46,13.99,0,-3.17,-10.21,-6.76,-3.82,0.0,2026-07-14,2026-07-14,38.46,0.2669,0.1664,0.3606,0.4267,0.6325,0.399,0.2662,-0.6316,0.1842,多周期共振看空 ⬇⬇⬇,-0.6031,-0.5337,-0.3375
603201,常润股份,29.74,True,15.79,15.79,8,19.27,-22.2,-5.79,-0.01,0.0,2026-07-14,2026-07-14,37.49,0.2831,1.7612,1.0894,0.5698,0.6109,0.0,0.2661,-0.5161,0.2419,多周期共振看空 ⬇⬇⬇,-0.3359,-0.3964,-0.45
002395,双象股份,32.16,True,11.99,12.33,0,-0.24,-13.1,-6.97,-2.75,0.0,2026-07-14,2026-07-14,44.51,0.6925,-0.6176,0.3604,0.4155,0.7668,0.3993,0.266,-0.7761,0.1119,多周期共振看空 ⬇⬇⬇,-0.6559,-0.581,-0.5625
002171,楚江新材,174.93,True,10.84,13.55,11,25.65,-21.57,1.24,-19.98,0.0,2026-07-14,2026-07-14,22.57,0.8892,-0.525,0.8474,0.5335,0.2794,0.0,0.2659,-0.0613,0.4693,多周期方向不一致，观望,-0.2067,-0.0249,-0.0675
600685,中船防务,206.51,True,25.14,26.28,4,8.43,-7.8,-1.73,-4.32,0.0,2026-07-14,2026-07-14,45.61,0.0624,1.2984,0.6351,0.4374,0.7913,0.0,0.2657,-0.5241,0.2379,多周期共振看空 ⬇⬇⬇,-0.1936,-0.6485,-0.3375
002338,奥普光电,114.19,True,47.58,53.84,7,7.96,-11.62,-1.14,-11.62,0.0,2026-07-14,2026-07-14,35.91,0.3271,0.2481,0.5877,0.4955,0.5757,0.0204,0.2655,-0.3764,0.3118,多周期共振看空 ⬇⬇⬇,-0.2754,-0.2762,-0.315
002135,东南网架,62.32,True,5.97,6.76,2,4.57,-13.77,-5.3,-11.69,0.0,2026-07-14,2026-07-14,22.9,0.7407,-0.2974,0.5598,0.5254,0.2866,0.0669,0.2654,-0.1149,0.4425,月线看多，中短期调整中,-0.5032,-0.2956,0.18
000581,威孚高科,138.46,True,17.44,17.53,5,3.62,-7.39,-2.82,-0.5,0.0534,2026-07-14,2026-07-14,48.32,-0.0361,-0.1402,0.2563,0.1439,0.8515,0.5728,0.2654,-0.7153,0.1423,多周期共振看空 ⬇⬇⬇,-0.3567,-0.7038,-0.5625
002885,京泉华,74.14,True,31.25,39.61,4,8.71,-23.16,-6.14,-21.11,0.0,2026-07-14,2026-07-14,18.13,0.5996,0.0364,0.8483,0.5743,0.1806,0.0,0.2652,-0.0143,0.4929,多周期方向不一致，观望,-0.4662,-0.1133,0.45
600195,中牧股份,63.82,True,6.25,6.15,2,1.68,-8.94,-3.49,1.68,0.0469,2026-07-13,2026-07-14,54.05,-0.334,-0.1427,0.314,0.1429,0.979,0.4767,0.265,-0.777,0.1115,多周期共振看空 ⬇⬇⬇,-0.4933,-0.7223,-0.5625
603328,依顿电子,103.34,True,10.35,12.56,8,15.19,-21.37,-3.64,-17.58,0.0,2026-07-14,2026-07-14,24.77,0.8526,-0.7357,0.6867,0.5116,0.3281,0.0,0.2648,-0.094,0.453,多周期方向不一致，观望,-0.388,-0.0805,0.0
600038,中直股份,164.62,True,24.61,25.72,3,2.75,-7.66,-3.32,-4.3,0.0,2026-07-14,2026-07-14,38.41,0.6583,-0.3094,0.2662,0.4712,0.6314,0.5564,0.2646,-0.8398,0.0801,多周期共振看空 ⬇⬇⬇,-0.622,-0.75,-0.5625
002028,思源电气,989.5,True,162.0,172.52,3,5.87,-13.5,-5.63,-6.1,0.0,2026-07-14,2026-07-14,36.56,0.0519,1.4702,0.7306,0.4311,0.5902,0.0,0.2645,-0.282,0.359,月线震荡，中短期走弱,-0.5023,-0.63,0.1125
600586,金晶科技,58.11,True,4.1,4.4,0,-0.85,-12.76,-7.04,-6.84,0.0,2026-07-14,2026-07-14,39.17,0.8588,-0.4661,0.4489,0.5288,0.6481,0.2519,0.2644,-0.7102,0.1449,多周期共振看空 ⬇⬇⬇,-0.421,-0.705,-0.495
002446,盛路通信,74.6,True,8.8,10.73,12,13.75,-17.99,0.3,-17.99,0.0,2026-07-14,2026-07-14,30.82,0.4907,-0.1724,0.814,0.4255,0.4626,0.0,0.2643,-0.1215,0.4393,多周期方向不一致，观望,-0.1291,-0.1983,-0.225
002295,精艺股份,20.94,True,8.36,8.87,0,-0.48,-11.68,-7.01,-5.78,0.0,2026-07-14,2026-07-14,30.65,0.6721,0.0503,0.357,0.6234,0.4588,0.4051,0.2642,-0.7585,0.1208,多周期共振看空 ⬇⬇⬇,-0.557,-0.6271,-0.5625
603059,倍加洁,24.22,True,24.11,25.1,2,0.87,-7.39,-3.86,-3.94,0.0,2026-07-14,2026-07-14,37.61,0.5196,0.0394,0.3586,0.5275,0.6136,0.4023,0.2642,-0.7884,0.1058,多周期共振看空 ⬇⬇⬇,-0.6444,-0.6854,-0.495
600114,东睦股份,197.43,True,32.03,37.91,9,10.17,-19.33,-3.85,-15.5,0.0,2026-07-14,2026-07-14,24.14,0.5937,-0.3736,0.5752,0.4068,0.3143,0.0413,0.264,0.0509,0.5254,多周期方向不一致，观望,-0.3907,0.1085,0.45
002677,浙江美大,39.87,True,7.23,6.16,2,17.47,-15.04,-7.78,17.47,0.0873,2026-07-07,2026-07-09,68.14,0.1644,1.7717,0.7096,0.4986,0.7081,0.0,0.264,-0.7453,0.1274,多周期共振看空 ⬇⬇⬇,-0.5448,-0.676,-0.495
000422,湖北宜化,135.41,True,12.8,13.7,11,11.16,-8.37,0.49,-6.58,0.0227,2026-07-14,2026-07-14,37.95,0.7796,-0.7273,0.6345,0.4678,0.6212,0.0,0.264,-0.4363,0.2818,多周期共振看空 ⬇⬇⬇,-0.2278,-0.4261,-0.3375
605318,法狮龙,109.57,True,87.15,111.32,11,30.35,-26.18,0.83,-21.71,0.0,2026-07-14,2026-07-14,24.96,0.6828,-0.8158,0.6739,0.4097,0.3325,0.0,0.2637,0.0549,0.5274,多周期方向不一致，观望,-0.2797,0.0312,0.45
600558,大西洋,42.46,True,4.73,5.04,3,0.69,-9.87,-5.14,-6.21,0.0,2026-07-14,2026-07-14,32.38,0.6979,-0.1749,0.2799,0.5488,0.4974,0.5335,0.2634,-0.7946,0.1027,多周期共振看空 ⬇⬇⬇,-0.7282,-0.6271,-0.495
603282,亚光股份,18.72,True,13.99,14.58,3,3.93,-8.41,-3.87,-4.04,0.0,2026-07-14,2026-07-14,40.24,0.6915,-0.0649,0.5049,0.5889,0.672,0.1586,0.2634,-0.7681,0.1159,多周期共振看空 ⬇⬇⬇,-0.4813,-0.7131,-0.5625
000856,冀东装备,16.37,True,7.21,7.46,0,-1.92,-12.66,-8.0,-3.38,0.0,2026-07-14,2026-07-14,42.29,0.5181,-0.0188,0.4152,0.5033,0.7176,0.3081,0.2633,-0.8063,0.0968,多周期共振看空 ⬇⬇⬇,-0.6115,-0.6854,-0.5625
001282,三联锻造,24.5,True,16.04,19.44,11,20.5,-18.56,1.03,-17.51,0.0,2026-07-14,2026-07-14,19.94,0.8332,0.8548,0.7563,0.8999,0.2209,0.0,0.2633,-0.5985,0.2007,多周期共振看空 ⬇⬇⬇,-0.2769,-0.5155,-0.5625
000503,国新健康,63.16,True,6.45,6.51,1,1.84,-10.4,-4.55,-0.95,0.0,2026-07-14,2026-07-14,43.4,0.4071,-0.1334,0.3661,0.3909,0.7421,0.3898,0.2633,-0.7211,0.1395,多周期共振看空 ⬇⬇⬇,-0.3284,-0.7408,-0.5625
000738,航发控制,220.03,True,16.73,18.04,2,1.78,-7.34,-2.92,-7.28,0.0,2026-07-14,2026-07-14,38.65,0.4727,-0.0605,0.449,0.4594,0.6367,0.2517,0.2633,-0.5942,0.2029,多周期共振看空 ⬇⬇⬇,-0.5277,-0.5161,-0.3375
002247,聚力文化,13.96,True,2.17,2.19,0,-0.94,-10.1,-6.28,-0.94,0.0,2026-07-14,2026-07-14,46.55,0.0944,0.5685,0.4356,0.4567,0.8123,0.2739,0.2627,-0.8231,0.0884,多周期共振看空 ⬇⬇⬇,-0.6115,-0.7223,-0.5625
600425,青松建化,53.76,True,3.35,3.36,0,-0.39,-7.29,-2.98,-0.39,0.0096,2026-07-14,2026-07-14,45.0,-0.1563,0.1646,0.2296,0.2658,0.7778,0.6173,0.2626,-0.7751,0.1124,多周期共振看空 ⬇⬇⬇,-0.4563,-0.75,-0.5625
002381,双箭股份,17.16,True,5.33,5.32,3,0.65,-6.74,-3.47,0.25,0.0515,2026-07-13,2026-07-14,50.5,-0.1062,-0.0935,0.2934,0.1626,0.8999,0.5109,0.2624,-0.7729,0.1135,多周期共振看空 ⬇⬇⬇,-0.4937,-0.7131,-0.5625
603225,新凤鸣,290.66,True,17.42,20.0,13,16.88,-15.23,2.19,-12.88,0.0,2026-07-14,2026-07-14,30.07,0.4444,-0.295,0.7231,0.3486,0.4461,0.0,0.2623,0.0051,0.5026,多周期方向不一致，观望,-0.0387,0.1584,-0.1026
603385,惠达卫浴,19.07,True,5.01,5.06,0,-0.79,-9.01,-5.5,-0.97,0.0,2026-07-14,2026-07-14,46.28,-0.087,0.7295,0.3645,0.4,0.8062,0.3925,0.2623,-0.8231,0.0884,多周期共振看空 ⬇⬇⬇,-0.6115,-0.7223,-0.5625
603901,永创智能,53.74,True,9.91,10.55,5,8.06,-10.76,-3.07,-6.06,0.0,2026-07-14,2026-07-14,44.97,0.2509,0.5745,0.5443,0.5505,0.7771,0.0928,0.2623,-0.7895,0.1053,多周期共振看空 ⬇⬇⬇,-0.6707,-0.6652,-0.495
600802,福建水泥,19.34,True,4.22,4.3,0,-1.8,-11.42,-7.18,-1.8,0.0,2026-07-14,2026-07-14,46.49,0.0407,0.9787,0.388,0.4244,0.8109,0.3534,0.2622,-0.8374,0.0813,多周期共振看空 ⬇⬇⬇,-0.616,-0.75,-0.5625
600582,天地科技,197.41,True,4.77,4.69,5,2.0,-13.32,-4.64,1.72,0.0167,2026-07-10,2026-07-14,55.0,0.3324,-0.5088,0.3607,0.1994,1.0,0.3988,0.2621,-0.781,0.1095,多周期共振看空 ⬇⬇⬇,-0.4714,-0.75,-0.5625
603399,永杉锂业,78.84,True,15.39,19.87,15,20.29,-25.67,3.43,-22.55,0.0,2026-07-14,2026-07-14,25.02,0.6722,-0.5407,0.9492,0.4033,0.3337,0.0,0.262,0.0503,0.5252,多周期方向不一致，观望,-0.2268,-0.0347,0.45
603173,福斯达,50.77,True,31.73,35.06,10,11.34,-9.49,0.88,-9.49,0.0,2026-07-14,2026-07-14,35.94,0.7038,-0.1079,0.5355,0.5791,0.5765,0.1074,0.2617,-0.6106,0.1947,多周期共振看空 ⬇⬇⬇,-0.1816,-0.6238,-0.5625
002652,扬子新材,19.92,True,3.89,4.32,1,0.14,-14.7,-9.44,-9.94,0.0,2026-07-14,2026-07-14,39.84,-0.2454,0.4652,0.7455,0.3861,0.6631,0.0,0.2616,-0.3207,0.3397,月线震荡，中短期走弱,-0.8845,-0.2667,-0.0533
000878,云南铜业,307.16,True,15.33,16.42,5,10.67,-12.61,-4.09,-6.66,0.0,2026-07-14,2026-07-14,31.47,0.8087,0.0893,0.606,0.7209,0.4771,0.0,0.2615,-0.634,0.183,多周期共振看空 ⬇⬇⬇,-0.5018,-0.4682,-0.495
002498,汉缆股份,192.95,True,5.8,6.72,0,-3.83,-16.32,-9.85,-13.75,0.0,2026-07-14,2026-07-14,17.19,0.7362,-0.3013,0.4233,0.5212,0.1599,0.2944,0.2613,-0.1708,0.4146,月线看多，中短期调整中,-0.7605,-0.3417,0.18
000778,新兴铸管,141.33,True,3.63,3.76,0,-1.43,-9.72,-4.95,-3.47,0.0,2026-07-14,2026-07-14,28.33,0.2597,0.3163,0.2558,0.4823,0.4074,0.5737,0.2608,-0.6333,0.1834,多周期共振看空 ⬇⬇⬇,-0.519,-0.6096,-0.3375
002790,瑞尔特,14.39,True,5.52,5.59,0,-0.91,-9.39,-5.32,-1.27,0.0,2026-07-14,2026-07-14,46.67,0.3729,-0.1572,0.3268,0.3609,0.8148,0.4553,0.2607,-0.8339,0.0831,多周期共振看空 ⬇⬇⬇,-0.607,-0.75,-0.5625
000852,石化机械,48.08,True,5.06,5.14,0,-1.64,-10.51,-6.32,-1.64,0.0,2026-07-14,2026-07-14,42.31,-0.3947,0.6825,0.3046,0.4,0.7179,0.4923,0.2604,-0.8122,0.0939,多周期共振看空 ⬇⬇⬇,-0.616,-0.6946,-0.5625
002361,神剑股份,87.45,True,10.81,13.66,0,-3.34,-23.1,-11.27,-20.88,0.0,2026-07-14,2026-07-14,31.28,0.6817,-0.5436,0.7737,0.409,0.4729,0.0,0.2604,-0.1386,0.4307,月线看多，中短期调整中,-0.6337,-0.2969,0.18
002491,通鼎互联,245.41,True,20.86,28.45,12,40.53,-30.57,3.38,-26.69,0.0,2026-07-14,2026-07-14,13.94,0.194,0.0011,1.1237,0.3168,0.0876,0.0,0.2602,0.4697,0.7349,上升趋势中的日线整理,-0.0845,0.7298,0.5625
603289,泰瑞机器,24.59,True,8.38,8.43,0,-0.53,-14.6,-8.4,-0.53,0.0,2026-07-14,2026-07-14,48.06,0.3393,-0.3411,0.3818,0.2671,0.8457,0.3637,0.2601,-0.6527,0.1737,多周期共振看空 ⬇⬇⬇,-0.538,-0.4783,-0.495
601717,中创智领,227.78,True,14.77,14.93,0,-1.06,-12.97,-6.06,-1.06,0.0,2026-07-14,2026-07-14,46.9,0.3827,-0.08,0.3818,0.3976,0.8201,0.3637,0.2601,-0.8304,0.0848,多周期共振看空 ⬇⬇⬇,-0.598,-0.75,-0.5625
000868,安凯客车,31.94,True,3.4,3.43,0,-1.0,-10.45,-5.57,-1.0,0.0,2026-07-14,2026-07-14,48.53,0.38,-0.2324,0.3381,0.3351,0.8562,0.4365,0.2601,-0.8322,0.0839,多周期共振看空 ⬇⬇⬇,-0.6025,-0.75,-0.5625
600080,ST金花,18.36,True,4.92,4.72,8,4.45,-12.28,-4.87,4.29,0.1129,2026-07-09,2026-07-14,59.87,0.2519,-0.5381,0.471,0.1512,0.8918,0.215,0.26,-0.6747,0.1627,多周期共振看空 ⬇⬇⬇,-0.2527,-0.7038,-0.5625
603499,翔港科技,49.9,True,11.78,13.69,12,11.93,-13.95,0.66,-13.95,0.0,2026-07-14,2026-07-14,22.8,0.6377,0.5398,0.5668,0.7826,0.2844,0.0553,0.2599,-0.5585,0.2208,多周期共振看空 ⬇⬇⬇,-0.2679,-0.5029,-0.495
601360,三六零,617.36,True,8.82,8.89,1,1.5,-10.41,-5.05,-0.75,0.0,2026-07-14,2026-07-14,47.01,0.0657,0.1977,0.378,0.3185,0.8224,0.37,0.2598,-0.7139,0.1431,多周期共振看空 ⬇⬇⬇,-0.4964,-0.581,-0.5625
603086,先达股份,23.35,True,5.37,5.44,1,0.24,-8.93,-4.9,-1.34,0.0,2026-07-14,2026-07-14,45.1,-0.0575,0.6113,0.3487,0.4,0.78,0.4188,0.2598,-0.8322,0.0839,多周期共振看空 ⬇⬇⬇,-0.6025,-0.75,-0.5625
000070,特发信息,140.25,True,16.37,20.05,11,31.88,-19.69,1.55,-18.35,0.0,2026-07-14,2026-07-14,16.91,0.454,0.1704,0.9698,0.5405,0.1536,0.0,0.2596,0.028,0.514,多周期方向不一致，观望,-0.1484,-0.1998,0.45
002326,永太科技,148.38,True,18.36,23.32,13,18.73,-22.15,1.03,-21.26,0.0,2026-07-14,2026-07-14,31.15,0.6296,0.0418,0.8566,0.5945,0.4699,0.0,0.2596,-0.4386,0.2807,多周期共振看空 ⬇⬇⬇,-0.3324,-0.3416,-0.3375
000050,深天马Ａ,172.7,True,7.09,8.96,13,27.13,-20.89,2.88,-20.89,0.0,2026-07-14,2026-07-14,14.2,0.8638,0.0159,0.8288,0.7246,0.0934,0.0,0.2595,-0.1952,0.4024,多周期方向不一致，观望,-0.0658,-0.3518,-0.45
600537,*ST亿晶,28.76,True,2.43,2.63,5,4.88,-11.54,-3.25,-7.53,0.0,2026-07-14,2026-07-14,40.66,0.2327,0.8915,0.5537,0.5396,0.6813,0.0772,0.2595,-0.6663,0.1668,多周期共振看空 ⬇⬇⬇,-0.4689,-0.5,-0.5625
603681,永冠新材,44.12,True,18.56,22.21,6,16.01,-17.4,-5.09,-16.42,0.0,2026-07-14,2026-07-14,13.45,0.863,-0.5271,0.4522,0.5178,0.0767,0.2464,0.2594,-0.0427,0.4787,多周期方向不一致，观望,-0.4329,-0.1042,0.2877
603601,再升科技,109.09,True,9.55,12.05,0,-7.97,-23.41,-17.31,-20.73,0.0,2026-07-14,2026-07-14,27.13,0.7043,-0.377,0.8608,0.4718,0.3806,0.0,0.2593,-0.1368,0.4316,月线看多，中短期调整中,-0.7245,-0.2102,0.18
603583,捷昌驱动,88.49,True,23.15,23.32,3,5.85,-11.43,-4.06,-0.75,0.0,2026-07-14,2026-07-14,51.32,0.2072,0.1086,0.5093,0.3678,0.9182,0.1512,0.2592,-0.7375,0.1312,多周期共振看空 ⬇⬇⬇,-0.3597,-0.75,-0.5625
002429,兆驰股份,443.84,True,9.81,10.82,5,3.21,-12.78,-4.49,-9.36,0.0,2026-07-14,2026-07-14,37.93,-0.0914,0.0915,0.7151,0.2366,0.6207,0.0,0.2592,-0.0498,0.4751,月线看多，中短期调整中,-0.4373,-0.1998,0.3375
002827,高争民爆,66.68,True,24.16,24.54,1,0.99,-9.91,-6.12,-1.53,0.0,2026-07-14,2026-07-14,37.26,0.4218,1.4099,0.5127,0.6531,0.6058,0.1455,0.2592,-0.8144,0.0928,多周期共振看空 ⬇⬇⬇,-0.557,-0.75,-0.5625
002064,华峰化学,490.25,True,9.9,10.29,11,7.7,-7.35,0.44,-3.83,0.1109,2026-07-14,2026-07-14,39.5,0.0725,-0.0135,0.7018,0.2381,0.6556,0.0,0.2589,-0.3626,0.3187,多周期共振看空 ⬇⬇⬇,-0.1535,-0.3278,-0.3375
002005,ST德豪,43.8,True,2.5,2.48,1,0.85,-17.56,-7.29,0.85,0.0,2026-07-10,2026-07-14,45.45,-0.1802,2.9751,0.557,0.4,0.7879,0.0717,0.2587,-0.5734,0.2133,多周期共振看空 ⬇⬇⬇,-0.52,-0.4771,-0.3375
000519,中兵红箭,210.83,True,15.14,19.79,15,14.86,-23.5,0.02,-23.5,0.0,2026-07-14,2026-07-14,20.55,0.4559,0.8179,0.7833,0.6735,0.2345,0.0,0.2586,-0.29,0.355,多周期共振看空 ⬇⬇⬇,-0.2215,-0.2225,-0.225
002342,巨力索具,85.54,True,8.96,10.19,6,10.92,-15.99,-4.42,-12.05,0.0,2026-07-14,2026-07-14,43.78,0.6556,-0.6538,0.9415,0.3934,0.7507,0.0,0.2585,-0.4623,0.2689,多周期共振看空 ⬇⬇⬇,-0.2553,-0.4598,-0.3375
002058,威尔泰,25.92,True,18.11,20.21,0,-0.12,-17.01,-10.41,-10.41,0.0,2026-07-14,2026-07-14,27.76,0.4891,3.9885,0.6336,0.6935,0.3947,0.0,0.2583,-0.5167,0.2416,多周期共振看空 ⬇⬇⬇,-0.738,-0.2498,-0.2532
600698,湖南天雁,47.34,True,5.7,6.04,2,0.84,-9.91,-5.45,-5.57,0.0,2026-07-14,2026-07-14,36.53,0.798,-0.8324,0.348,0.4788,0.5895,0.4201,0.2581,-0.7449,0.1275,多周期共振看空 ⬇⬇⬇,-0.6381,-0.5278,-0.5625
001369,双欣材料,24.31,True,11.72,13.57,7,8.6,-16.79,-5.03,-13.64,0.0,2026-07-14,2026-07-14,12.65,0.8884,-0.619,0.3513,0.5331,0.0589,0.4146,0.2579,-0.1924,0.4038,周线日线方向不一致,-0.6412,0.0,
002313,日海智能,29.31,True,7.83,7.81,3,2.17,-13.26,-6.19,0.23,0.0,2026-07-13,2026-07-14,49.41,0.0784,0.7688,0.6548,0.4471,0.8757,0.0,0.2575,-0.7063,0.1468,多周期共振看空 ⬇⬇⬇,-0.5119,-0.551,-0.5625
000570,苏常柴Ａ,27.01,True,4.86,4.89,0,-0.68,-9.57,-5.47,-0.68,0.0,2026-07-14,2026-07-14,46.36,-0.0784,0.105,0.3128,0.242,0.8081,0.4786,0.2574,-0.6805,0.1598,多周期共振看空 ⬇⬇⬇,-0.5751,-0.4402,-0.5625
002692,远程股份,26.13,True,3.64,3.85,0,-3.21,-12.68,-7.94,-5.42,0.0,2026-07-14,2026-07-14,37.29,0.4311,0.1694,0.4027,0.5264,0.6064,0.3288,0.2573,-0.7744,0.1128,多周期共振看空 ⬇⬇⬇,-0.616,-0.6115,-0.5625
002896,中大力德,140.26,True,71.37,76.84,2,6.15,-12.92,-4.32,-7.12,0.0,2026-07-14,2026-07-14,43.81,0.7406,-0.6132,0.6995,0.4444,0.7512,0.0,0.2571,-0.5557,0.2222,多周期共振看空 ⬇⬇⬇,-0.4138,-0.3041,-0.5625
002580,圣阳股份,78.87,True,17.45,20.58,5,12.84,-17.51,-6.96,-15.22,0.0,2026-07-14,2026-07-14,20.92,0.8362,-0.5565,0.9477,0.5017,0.2427,0.0,0.2569,-0.0391,0.4804,月线看多，中短期调整中,-0.4309,-0.2667,0.45
600075,新疆天业,72.07,True,4.22,4.27,0,-0.63,-13.71,-6.9,-1.17,0.0,2026-07-14,2026-07-14,49.41,-0.5656,0.5605,0.5694,0.4,0.8758,0.051,0.2569,-0.6762,0.1619,多周期共振看空 ⬇⬇⬇,-0.607,-0.6283,-0.3375
600198,大唐电信,95.82,True,7.36,8.95,14,9.1,-17.77,-0.66,-17.77,0.0,2026-07-14,2026-07-14,32.08,0.7772,-0.3859,0.6415,0.512,0.4907,0.0,0.2563,-0.3574,0.3213,多周期共振看空 ⬇⬇⬇,-0.2037,-0.2283,-0.3825
002136,安 纳 达,24.6,True,11.47,12.96,11,7.43,-14.8,-1.11,-11.47,0.0,2026-07-14,2026-07-14,23.81,0.7076,-0.12,0.4964,0.5766,0.3069,0.1727,0.2562,-0.3796,0.3102,多周期共振看空 ⬇⬇⬇,-0.3705,-0.2468,-0.27
600721,百花医药,26.46,True,6.88,6.87,3,2.63,-10.95,-4.28,0.16,0.0,2026-07-13,2026-07-14,45.78,0.7245,-0.5325,0.438,0.4347,0.7951,0.2701,0.2562,-0.8157,0.0922,多周期共振看空 ⬇⬇⬇,-0.571,-0.7408,-0.5625
002863,今飞凯达,25.72,True,4.29,4.41,0,-1.98,-10.18,-6.01,-2.69,0.0,2026-07-14,2026-07-14,41.74,-0.1742,0.5017,0.3166,0.4,0.7053,0.4723,0.2562,-0.8147,0.0927,多周期共振看空 ⬇⬇⬇,-0.6115,-0.7038,-0.5625
600658,电子城,43.85,True,3.92,4.0,0,-0.2,-12.75,-6.48,-1.88,0.0,2026-07-14,2026-07-14,46.21,0.2279,0.123,0.5122,0.386,0.8047,0.1463,0.2558,-0.654,0.173,多周期共振看空 ⬇⬇⬇,-0.449,-0.49,-0.5625
002877,智能自控,16.64,True,6.92,7.25,0,-2.63,-9.97,-6.32,-4.49,0.0,2026-07-14,2026-07-14,38.15,0.8124,-0.6489,0.3494,0.4874,0.6256,0.4177,0.2557,-0.8189,0.0906,多周期共振看空 ⬇⬇⬇,-0.6115,-0.7131,-0.5625
002917,金奥博,25.72,True,9.87,10.57,0,-1.31,-14.83,-9.76,-6.6,0.0,2026-07-14,2026-07-14,37.68,0.8011,-0.6578,0.3768,0.4807,0.6151,0.3719,0.2557,-0.7591,0.1205,多周期共振看空 ⬇⬇⬇,-0.548,-0.6361,-0.5625
600765,中航重机,199.65,True,12.86,13.29,2,1.06,-6.57,-2.69,-3.2,0.0,2026-07-14,2026-07-14,42.27,0.2017,0.1255,0.3358,0.3712,0.717,0.4403,0.2555,-0.7624,0.1188,多周期共振看空 ⬇⬇⬇,-0.4453,-0.7315,-0.5625
000599,青岛双星,35.85,True,4.39,4.41,0,-0.45,-10.96,-6.87,-0.45,0.0,2026-07-14,2026-07-14,46.23,0.0449,0.1917,0.309,0.3036,0.805,0.485,0.2554,-0.7969,0.1015,多周期共振看空 ⬇⬇⬇,-0.616,-0.6609,-0.5625
002153,石基信息,118.7,True,7.42,7.49,3,2.67,-10.88,-4.2,-0.96,0.0,2026-07-14,2026-07-14,48.1,0.3754,-0.3904,0.3573,0.2691,0.8466,0.4046,0.2554,-0.727,0.1365,多周期共振看空 ⬇⬇⬇,-0.3759,-0.7131,-0.5625
603927,中科软,106.95,True,12.87,13.17,0,-1.57,-12.76,-6.23,-2.28,0.0,2026-07-14,2026-07-14,38.36,0.2167,0.3258,0.3318,0.4604,0.6301,0.4469,0.2553,-0.8081,0.0959,多周期共振看空 ⬇⬇⬇,-0.5515,-0.7408,-0.5625
002328,新朋股份,40.7,True,7.13,7.54,0,-1.5,-16.64,-8.22,-5.39,0.0,2026-07-14,2026-07-14,34.87,-0.311,-0.1957,0.3617,0.1217,0.5528,0.3972,0.2553,-0.1336,0.4332,月线看多，中短期调整中,-0.598,-0.3037,0.18
600751,海航科技,71.79,True,2.79,2.95,0,-1.33,-7.87,-4.43,-5.49,0.0,2026-07-14,2026-07-14,31.34,0.5266,0.068,0.3168,0.5432,0.4743,0.472,0.2553,-0.7733,0.1134,多周期共振看空 ⬇⬇⬇,-0.5701,-0.6485,-0.5625
001233,海安集团,16.82,True,44.61,45.8,0,-0.25,-14.21,-5.99,-2.6,0.0,2026-07-14,2026-07-14,39.3,0.0195,2.0626,0.4509,0.4117,0.651,0.2485,0.2552,-0.5968,0.2016,周线日线共振看空,-0.5525,-0.45,
002522,浙江众成,0.0,True,4.97,6.63,12,14.96,-29.54,-4.8,-25.07,0.0,2026-07-14,2026-07-14,23.71,0.7554,-0.4411,0.8517,0.4768,0.3047,0.0,0.2552,-0.0869,0.4566,多周期方向不一致，观望,-0.312,-0.1144,0.0
600609,金杯汽车,41.09,True,3.15,3.2,0,-1.42,-7.28,-4.79,-1.58,0.0,2026-07-14,2026-07-14,46.58,0.0124,0.2507,0.3113,0.3077,0.8128,0.4812,0.2549,-0.8136,0.0932,多周期共振看空 ⬇⬇⬇,-0.5549,-0.75,-0.5625
603701,德宏股份,52.51,True,20.09,22.02,0,-0.46,-10.62,-5.18,-8.78,0.0,2026-07-14,2026-07-14,36.54,0.3971,-0.4427,0.4824,0.2612,0.5897,0.196,0.2548,-0.2439,0.378,月线震荡，中短期走弱,-0.7274,-0.276,0.0797
600099,林海股份,18.06,True,8.24,8.35,0,-0.82,-10.3,-6.26,-1.32,0.0,2026-07-14,2026-07-14,46.46,0.1483,0.1272,0.4004,0.3399,0.8101,0.3327,0.2547,-0.7444,0.1278,多周期共振看空 ⬇⬇⬇,-0.607,-0.5533,-0.5625
002516,旷达科技,78.72,True,5.39,5.62,3,2.52,-8.92,-4.26,-4.07,0.0,2026-07-14,2026-07-14,31.82,0.5317,-0.3719,0.2629,0.3703,0.4848,0.5618,0.2546,-0.5866,0.2067,多周期共振看空 ⬇⬇⬇,-0.4934,-0.3713,-0.495
000338,潍柴动力,1369.57,True,27.65,28.4,2,3.55,-13.53,-5.35,-2.65,0.0,2026-07-14,2026-07-14,42.71,0.0513,-0.2777,0.6462,0.1197,0.727,0.0,0.2545,-0.028,0.486,月线看多，中短期调整中,-0.3267,-0.1906,0.3375
600456,宝钛股份,131.01,True,27.42,28.17,2,4.08,-12.55,-5.12,-2.65,0.0,2026-07-14,2026-07-14,42.71,0.5899,-0.112,0.5652,0.5091,0.7269,0.0581,0.2544,-0.6983,0.1508,多周期共振看空 ⬇⬇⬇,-0.4059,-0.6918,-0.495
002476,新叶股份,27.17,True,4.44,4.89,5,2.93,-12.94,-4.95,-9.23,0.0,2026-07-14,2026-07-14,26.28,0.4922,0.4891,0.4188,0.691,0.3618,0.302,0.2544,-0.746,0.127,多周期共振看空 ⬇⬇⬇,-0.7095,-0.5365,-0.495
600602,云赛智联,176.72,True,16.45,16.74,4,3.25,-12.22,-4.9,-1.75,0.0,2026-07-14,2026-07-14,42.73,0.1903,0.6808,0.6257,0.5142,0.7274,0.0,0.2544,-0.6602,0.1699,多周期共振看空 ⬇⬇⬇,-0.3789,-0.5637,-0.5625
600854,春兰股份,22.03,True,4.24,4.22,2,0.59,-8.97,-4.93,0.46,0.0,2026-07-13,2026-07-14,50.86,0.1107,-0.2792,0.3853,0.1548,0.908,0.3578,0.2543,-0.5891,0.2055,多周期共振看空 ⬇⬇⬇,-0.3597,-0.424,-0.5625
002952,亚世光电,25.67,True,19.5,21.64,0,-3.95,-13.24,-8.64,-9.9,0.0,2026-07-14,2026-07-14,28.69,0.6897,-0.1003,0.4915,0.5737,0.4154,0.1808,0.2542,-0.5277,0.2362,多周期共振看空 ⬇⬇⬇,-0.7269,-0.2667,-0.27
600774,汉商集团,19.55,True,6.63,6.59,1,0.62,-9.84,-5.11,0.62,0.0,2026-07-13,2026-07-14,49.3,-0.2641,0.4828,0.4594,0.3931,0.8734,0.2344,0.254,-0.8324,0.0838,多周期共振看空 ⬇⬇⬇,-0.603,-0.75,-0.5625
603879,永悦科技,15.81,True,4.4,4.51,0,-0.4,-9.4,-5.13,-2.37,0.0,2026-07-14,2026-07-14,45.52,0.1181,0.5383,0.4953,0.4709,0.7893,0.1745,0.254,-0.8079,0.0961,多周期共振看空 ⬇⬇⬇,-0.607,-0.6929,-0.5625
600530,交大昂立,40.92,True,5.28,5.45,1,1.64,-17.18,-8.92,-3.19,0.0,2026-07-14,2026-07-14,44.3,0.2485,0.0847,0.6271,0.383,0.7623,0.0,0.2539,-0.4964,0.2518,多周期共振看空 ⬇⬇⬇,-0.3491,-0.3867,-0.405
000985,大庆华科,18.86,True,14.55,14.79,0,-1.62,-10.2,-6.56,-1.62,0.0,2026-07-14,2026-07-14,41.67,-0.1753,0.518,0.3561,0.4,0.7037,0.4066,0.2537,-0.7798,0.1101,多周期共振看空 ⬇⬇⬇,-0.6115,-0.6946,-0.495
605258,协和电子,23.44,True,26.64,31.91,6,4.76,-22.0,-7.17,-16.51,0.0,2026-07-14,2026-07-14,25.55,0.7105,0.1598,0.6298,0.6902,0.3456,0.0,0.2537,-0.4897,0.2551,多周期共振看空 ⬇⬇⬇,-0.6502,-0.249,-0.27
603260,合盛硅业,443.33,True,37.5,45.88,14,26.84,-18.94,5.48,-18.26,0.0,2026-07-14,2026-07-14,29.12,0.768,-0.511,0.7731,0.4608,0.4248,0.0,0.2537,-0.2171,0.3915,多周期方向不一致，观望,-0.1376,-0.3864,-0.45
600336,澳柯玛,47.72,True,5.98,6.32,0,-2.87,-15.07,-8.96,-5.45,0.0,2026-07-14,2026-07-14,41.26,0.491,-0.3967,0.4112,0.3359,0.6947,0.3147,0.2537,-0.5933,0.2033,多周期共振看空 ⬇⬇⬇,-0.5146,-0.3679,-0.495
000060,中金岭南,286.45,True,6.45,7.38,10,14.39,-17.97,-2.31,-12.58,0.0,2026-07-14,2026-07-14,22.95,0.7414,-0.445,0.7122,0.4668,0.2878,0.0,0.2535,-0.0645,0.4677,多周期方向不一致，观望,-0.2682,-0.1106,0.0571
603208,江山欧派,18.41,True,10.47,10.92,0,-1.75,-12.41,-6.34,-4.08,0.0,2026-07-14,2026-07-14,36.56,0.3483,0.1968,0.3995,0.4877,0.5903,0.3342,0.2535,-0.7281,0.136,多周期共振看空 ⬇⬇⬇,-0.4023,-0.6929,-0.5625
002006,精工科技,71.37,True,13.73,14.61,6,5.25,-12.56,-4.36,-6.02,0.0,2026-07-14,2026-07-14,44.09,0.4065,0.0496,0.5046,0.4637,0.7575,0.1589,0.2535,-0.7505,0.1248,多周期共振看空 ⬇⬇⬇,-0.4598,-0.6929,-0.5625
002465,海格通信,279.51,True,11.28,12.74,1,4.97,-14.61,-8.83,-11.44,0.0,2026-07-14,2026-07-14,40.08,0.1064,0.7435,0.7184,0.4639,0.6684,0.0,0.2534,-0.5168,0.2416,多周期共振看空 ⬇⬇⬇,-0.4499,-0.4127,-0.3375
603801,志邦家居,24.19,True,5.57,5.69,0,-2.17,-12.14,-8.1,-2.17,0.0,2026-07-14,2026-07-14,42.64,-0.4425,2.8032,0.336,0.4,0.7252,0.4399,0.2531,-0.8374,0.0813,多周期共振看空 ⬇⬇⬇,-0.616,-0.75,-0.5625
601179,中国西电,637.66,True,12.44,14.62,6,7.96,-15.94,-4.15,-14.93,0.0,2026-07-14,2026-07-14,11.29,0.7014,0.2401,0.7088,0.7169,0.0287,0.0,0.2528,-0.1595,0.4203,月线看多，中短期调整中,-0.5383,-0.4783,0.18
001323,慕思股份,50.7,True,16.29,16.75,0,-2.73,-14.4,-7.39,-2.73,0.0,2026-07-14,2026-07-14,42.76,-0.7334,1.0786,0.3443,0.4,0.728,0.4261,0.2526,-0.8339,0.0831,多周期共振看空 ⬇⬇⬇,-0.607,-0.75,-0.5625
002599,盛通股份,20.93,True,5.26,5.34,0,-0.11,-14.26,-7.17,-1.44,0.0,2026-07-14,2026-07-14,47.59,-0.0174,0.4483,0.4172,0.3793,0.8353,0.3046,0.2526,-0.8322,0.0839,多周期共振看空 ⬇⬇⬇,-0.6025,-0.75,-0.5625
600406,国电南瑞,1761.0,True,21.99,22.58,3,1.95,-6.07,-2.22,-2.63,0.0118,2026-07-14,2026-07-14,43.87,0.0954,-0.1926,0.2934,0.1802,0.7527,0.5111,0.2524,-0.6095,0.1952,多周期共振看空 ⬇⬇⬇,-0.432,-0.6317,-0.3375
600363,联创光电,130.17,True,28.87,33.36,6,9.01,-13.45,-3.55,-13.45,0.0,2026-07-14,2026-07-14,43.68,0.4633,0.3218,0.8288,0.6067,0.7486,0.0,0.2524,-0.8498,0.0751,多周期共振看空 ⬇⬇⬇,-0.6478,-0.75,-0.5625
603195,公牛集团,664.08,True,36.89,38.44,1,0.45,-4.39,-2.56,-4.02,0.0,2026-07-14,2026-07-14,23.91,0.4261,0.2059,0.2095,0.538,0.3091,0.6509,0.2524,-0.7333,0.1334,多周期共振看空 ⬇⬇⬇,-0.7364,-0.4854,-0.495
603100,川仪股份,86.4,True,16.89,17.49,6,3.08,-8.9,-3.24,-3.46,0.0,2026-07-14,2026-07-14,50.57,0.0737,0.1484,0.4414,0.3036,0.9015,0.2643,0.2523,-0.7604,0.1198,多周期共振看空 ⬇⬇⬇,-0.4507,-0.7223,-0.5625
002846,英联股份,25.16,True,9.67,10.96,4,2.93,-14.47,-6.48,-11.77,0.0,2026-07-14,2026-07-14,17.39,0.6817,0.6038,0.3319,0.809,0.1643,0.4468,0.2523,-0.8306,0.0847,多周期共振看空 ⬇⬇⬇,-0.7095,-0.6548,-0.5625
603008,ST喜临门,28.98,True,7.87,8.34,4,5.07,-10.3,-4.21,-5.68,0.0,2026-07-14,2026-07-14,36.99,0.8115,-0.5714,0.3394,0.4869,0.5997,0.4344,0.2523,-0.8282,0.0859,多周期共振看空 ⬇⬇⬇,-0.6031,-0.7408,-0.5625
600165,ST宁科,19.64,True,2.68,2.71,5,5.49,-8.75,-2.93,-1.27,0.0066,2026-07-14,2026-07-14,45.74,0.5179,-0.6019,0.4327,0.3107,0.7943,0.2789,0.2521,-0.6721,0.1639,多周期共振看空 ⬇⬇⬇,-0.3031,-0.7223,-0.495
603058,永吉股份,34.91,True,8.42,9.04,2,0.22,-8.88,-4.85,-6.85,0.0,2026-07-14,2026-07-14,33.0,0.8294,-0.3628,0.4659,0.5525,0.5112,0.2235,0.2519,-0.6607,0.1697,多周期共振看空 ⬇⬇⬇,-0.5222,-0.6669,-0.3375
600551,时代出版,45.36,True,6.69,6.77,0,-0.89,-4.77,-2.81,-1.24,0.0151,2026-07-14,2026-07-14,46.59,-0.1624,-0.1325,0.1881,0.147,0.8131,0.6865,0.2518,-0.7822,0.1089,多周期共振看空 ⬇⬇⬇,-0.5067,-0.7223,-0.5625
001336,楚环科技,10.66,True,21.61,22.69,0,-3.72,-10.65,-7.4,-4.75,0.0,2026-07-14,2026-07-14,33.33,0.6372,-0.3996,0.3604,0.4225,0.5185,0.3993,0.2514,-0.6062,0.1969,多周期共振看空 ⬇⬇⬇,-0.6025,-0.4783,-0.3375
603321,梅轮电梯,20.05,True,5.82,5.96,0,-1.13,-8.2,-4.67,-2.36,0.0,2026-07-14,2026-07-14,41.14,-0.0433,0.4841,0.3432,0.3936,0.692,0.428,0.2507,-0.7967,0.1017,多周期共振看空 ⬇⬇⬇,-0.5781,-0.6929,-0.5625
002743,富煌钢构,16.9,True,3.89,4.03,0,-2.94,-11.48,-7.26,-3.4,0.0,2026-07-14,2026-07-14,40.0,0.2814,0.3961,0.457,0.5273,0.6667,0.2383,0.2504,-0.8315,0.0842,多周期共振看空 ⬇⬇⬇,-0.6115,-0.7408,-0.5625
600361,创新新材,130.64,True,3.5,3.68,0,-0.38,-12.47,-6.62,-4.77,0.0,2026-07-14,2026-07-14,29.49,0.743,-0.2519,0.3462,0.545,0.433,0.4231,0.2502,-0.7289,0.1356,多周期共振看空 ⬇⬇⬇,-0.756,-0.4589,-0.495
600588,用友网络,314.36,True,9.2,9.41,1,1.96,-14.09,-5.74,-2.18,0.0,2026-07-14,2026-07-14,46.15,0.0667,0.0694,0.3998,0.2678,0.8034,0.3337,0.2502,-0.6575,0.1713,多周期共振看空 ⬇⬇⬇,-0.3748,-0.5612,-0.5625
603628,清源股份,24.66,True,9.06,9.5,0,-2.74,-8.81,-5.81,-4.66,0.0,2026-07-14,2026-07-14,35.71,0.5474,-0.2234,0.2661,0.4391,0.5714,0.5565,0.25,-0.8332,0.0834,多周期共振看空 ⬇⬇⬇,-0.616,-0.7408,-0.5625
002533,金杯电工,66.0,True,10.35,10.84,1,0.56,-10.38,-5.24,-4.51,0.0,2026-07-14,2026-07-14,35.84,0.5549,-0.2542,0.3828,0.4313,0.5743,0.362,0.2499,-0.6692,0.1654,多周期共振看空 ⬇⬇⬇,-0.5763,-0.6392,-0.3375
002535,林州重机,17.02,True,2.28,2.29,0,-0.04,-11.59,-6.48,-0.61,0.0,2026-07-14,2026-07-14,54.17,0.2418,-0.0171,0.5624,0.3382,0.9815,0.0627,0.2499,-0.7696,0.1152,多周期共振看空 ⬇⬇⬇,-0.4421,-0.75,-0.5625
603585,苏利股份,25.67,True,9.48,9.77,0,-0.99,-8.99,-5.65,-2.93,0.0,2026-07-14,2026-07-14,39.08,-0.3523,0.7736,0.3387,0.4,0.6461,0.4355,0.2498,-0.7654,0.1173,多周期共振看空 ⬇⬇⬇,-0.607,-0.6669,-0.495
002809,红墙股份,12.75,True,7.5,7.75,0,-2.99,-10.19,-6.69,-3.21,0.0,2026-07-14,2026-07-14,38.18,0.7578,-0.8183,0.4032,0.4547,0.6263,0.328,0.2498,-0.743,0.1285,多周期共振看空 ⬇⬇⬇,-0.5997,-0.5564,-0.5625
002065,东华软件,200.65,True,6.9,7.1,4,1.29,-8.26,-2.14,-2.76,0.022,2026-07-14,2026-07-14,37.04,0.2597,-0.0242,0.3232,0.3462,0.6008,0.4614,0.2497,-0.6991,0.1504,多周期共振看空 ⬇⬇⬇,-0.3141,-0.7047,-0.5625
603773,沃格光电,246.7,True,109.8,146.06,12,37.0,-26.73,5.05,-24.82,0.0,2026-07-14,2026-07-14,18.78,0.1831,-0.3109,0.9311,0.1855,0.195,0.0,0.2496,0.4658,0.7329,上升趋势中的日线整理,-0.1198,0.75,0.5625
002633,申科股份,21.42,True,14.33,15.48,0,-1.59,-8.69,-5.92,-7.43,0.0,2026-07-14,2026-07-14,27.6,0.2402,0.4001,0.387,0.5041,0.3912,0.355,0.2496,-0.5634,0.2183,多周期共振看空 ⬇⬇⬇,-0.5696,-0.4125,-0.3375
002109,ST兴化,33.18,True,2.6,2.57,7,6.77,-12.55,-4.08,1.25,0.0406,2026-07-13,2026-07-14,51.49,0.133,-0.1567,0.495,0.2171,0.9219,0.175,0.2495,-0.6953,0.1523,多周期共振看空 ⬇⬇⬇,-0.4165,-0.6762,-0.495
002094,青岛金王,29.97,True,4.34,4.49,0,-3.37,-11.13,-6.54,-3.37,0.0,2026-07-14,2026-07-14,39.18,0.1107,0.4279,0.3336,0.4376,0.6483,0.444,0.2495,-0.8374,0.0813,多周期共振看空 ⬇⬇⬇,-0.616,-0.75,-0.5625
002915,中欣氟材,48.4,True,16.8,19.84,11,13.64,-17.39,-2.31,-15.34,0.0,2026-07-14,2026-07-14,37.95,0.8992,-0.7488,0.8346,0.5395,0.6211,0.0,0.2495,-0.6128,0.1936,多周期共振看空 ⬇⬇⬇,-0.4138,-0.4296,-0.5625
600052,东望时代,30.05,True,3.56,3.68,3,3.4,-13.11,-4.72,-3.18,0.0,2026-07-14,2026-07-14,51.97,0.4299,-0.393,0.6135,0.3007,0.9326,0.0,0.2495,-0.6046,0.1977,多周期共振看空 ⬇⬇⬇,-0.3422,-0.4729,-0.5625
603969,银龙股份,60.24,True,7.09,7.45,8,6.7,-11.31,-3.06,-4.79,0.0,2026-07-14,2026-07-14,46.23,-0.2433,1.6261,0.5616,0.4,0.8051,0.064,0.2494,-0.6622,0.1689,多周期共振看空 ⬇⬇⬇,-0.2226,-0.7021,-0.5625
600243,*ST海华,14.26,True,3.25,3.53,1,2.41,-14.57,-5.84,-7.91,0.0,2026-07-14,2026-07-14,31.54,0.7615,-0.2787,0.4924,0.5454,0.4786,0.1793,0.2494,-0.595,0.2025,多周期共振看空 ⬇⬇⬇,-0.5521,-0.3394,-0.495
000536,华映科技,88.14,True,3.19,3.49,4,11.92,-15.6,-5.98,-8.57,0.0,2026-07-14,2026-07-14,46.29,0.6645,-0.3916,0.877,0.442,0.8064,0.0,0.2491,-0.6821,0.1589,多周期共振看空 ⬇⬇⬇,-0.4895,-0.5171,-0.5625
600100,同方股份,225.81,True,6.74,6.84,1,1.11,-10.13,-4.84,-1.51,0.0,2026-07-14,2026-07-14,47.96,0.2885,-0.1996,0.3812,0.2933,0.8435,0.3647,0.2491,-0.7806,0.1097,多周期共振看空 ⬇⬇⬇,-0.5242,-0.7038,-0.5625
002095,生 意 宝,32.37,True,12.86,13.19,2,3.59,-7.06,-3.3,-2.48,0.0,2026-07-14,2026-07-14,37.75,0.5851,-0.0378,0.4639,0.536,0.6166,0.2269,0.249,-0.787,0.1065,多周期共振看空 ⬇⬇⬇,-0.4866,-0.75,-0.5625
001311,多利科技,28.45,True,16.06,17.34,5,11.53,-14.66,-6.81,-7.38,0.0,2026-07-14,2026-07-14,43.93,0.2171,1.7003,0.6823,0.5302,0.7541,0.0,0.2489,-0.7625,0.1188,多周期共振看空 ⬇⬇⬇,-0.5458,-0.7131,-0.495
000953,中哲精化,19.55,True,5.34,5.39,0,-0.89,-10.63,-6.81,-0.89,0.0,2026-07-14,2026-07-14,45.51,0.1033,0.249,0.3821,0.3616,0.7892,0.3632,0.2489,-0.8248,0.0876,多周期共振看空 ⬇⬇⬇,-0.616,-0.7223,-0.5625
603375,盛景微,26.62,True,41.74,47.82,9,4.79,-12.72,-1.59,-12.72,0.0,2026-07-14,2026-07-14,37.65,0.1243,-0.2698,0.6677,0.1667,0.6145,0.0,0.2488,-0.0138,0.4931,月线看多，中短期调整中,-0.4239,-0.1525,0.45
605555,德昌股份,57.02,True,11.78,12.97,0,-1.8,-20.09,-8.97,-9.2,0.0,2026-07-14,2026-07-14,40.96,0.3023,0.9434,0.5991,0.5814,0.688,0.0015,0.2485,-0.7691,0.1154,多周期共振看空 ⬇⬇⬇,-0.6178,-0.5983,-0.5625
600067,冠城新材,39.52,True,2.84,3.02,7,15.99,-13.29,-2.2,-5.93,0.0,2026-07-14,2026-07-14,32.22,0.8499,-0.194,0.4936,0.6323,0.4938,0.1773,0.2482,-0.7602,0.1199,多周期共振看空 ⬇⬇⬇,-0.5074,-0.7408,-0.495
603322,超讯通信,43.81,True,27.8,28.62,6,8.47,-14.44,-3.76,-2.86,0.0,2026-07-14,2026-07-14,46.39,0.0164,0.3573,0.7945,0.3527,0.8086,0.0,0.2482,-0.5495,0.2253,多周期共振看空 ⬇⬇⬇,-0.1757,-0.4945,-0.5625
603615,茶花股份,39.63,True,16.39,17.2,5,7.99,-11.85,-4.63,-4.73,0.0,2026-07-14,2026-07-14,48.23,0.0023,1.8225,0.7396,0.4014,0.8495,0.0,0.2482,-0.676,0.162,多周期共振看空 ⬇⬇⬇,-0.5516,-0.4504,-0.5625
605088,冠盛股份,0.0,True,27.47,29.51,3,2.0,-12.91,-5.84,-6.9,0.0,2026-07-14,2026-07-14,42.63,-0.143,0.4947,0.4404,0.3979,0.725,0.2659,0.2481,-0.7347,0.1326,多周期共振看空 ⬇⬇⬇,-0.6989,-0.4532,-0.5625
000795,英洛华,92.09,True,8.25,9.12,11,10.85,-11.77,-0.72,-9.52,0.0,2026-07-14,2026-07-14,37.77,0.7933,-0.4801,0.7261,0.484,0.6172,0.0,0.2481,-0.5301,0.2349,多周期共振看空 ⬇⬇⬇,-0.2554,-0.3836,-0.5625
603916,苏博特,45.65,True,10.86,13.2,6,10.94,-19.5,-4.12,-17.76,0.0,2026-07-14,2026-07-14,17.0,0.8331,-0.3691,0.678,0.5522,0.1556,0.0,0.248,-0.0859,0.4571,多周期方向不一致，观望,-0.379,-0.0529,0.0
001223,欧克科技,24.1,True,34.51,44.85,11,14.85,-24.4,-2.82,-23.06,0.0,2026-07-14,2026-07-14,14.63,0.8762,-0.368,0.8233,0.5785,0.103,0.0,0.2479,-0.0658,0.4671,多周期方向不一致，观望,-0.304,-0.0774,0.0487
001333,光华股份,24.13,True,18.85,19.2,3,2.18,-11.32,-6.02,-1.84,0.0,2026-07-14,2026-07-14,47.05,0.3576,-0.4263,0.3602,0.2441,0.8233,0.3997,0.2479,-0.7153,0.1423,多周期共振看空 ⬇⬇⬇,-0.5574,-0.5994,-0.495
603392,万泰生物,359.21,True,28.41,28.07,4,2.17,-16.33,-7.1,1.21,0.0,2026-07-09,2026-07-14,56.93,0.1971,-0.2928,0.3723,0.2012,0.9572,0.3795,0.2479,-0.7909,0.1045,多周期共振看空 ⬇⬇⬇,-0.529,-0.7223,-0.5625
600078,澄星股份,68.44,True,10.33,12.96,12,15.09,-24.76,-2.95,-20.27,0.0,2026-07-14,2026-07-14,22.59,0.8044,-0.6705,0.8083,0.4827,0.2798,0.0,0.2477,-0.1262,0.4369,月线震荡，中短期走弱,-0.3366,-0.209,0.0734
000768,中航西飞,543.07,True,19.56,20.35,3,5.07,-4.7,-1.86,-3.89,0.0,2026-07-14,2026-07-14,44.2,0.4741,-0.543,0.3357,0.2845,0.76,0.4405,0.2477,-0.7378,0.1311,多周期共振看空 ⬇⬇⬇,-0.3929,-0.7223,-0.5625
603599,广信股份,87.48,True,9.61,9.86,1,0.86,-10.11,-4.7,-2.5,0.0,2026-07-14,2026-07-14,34.57,0.56,-0.2111,0.3861,0.4516,0.546,0.3565,0.2475,-0.6828,0.1586,多周期共振看空 ⬇⬇⬇,-0.6025,-0.6467,-0.3375
603041,美思德,19.12,True,10.44,10.7,0,-2.4,-10.16,-6.53,-2.4,0.0,2026-07-14,2026-07-14,37.77,0.2065,-0.0479,0.2842,0.3047,0.6171,0.5263,0.2475,-0.6689,0.1655,多周期共振看空 ⬇⬇⬇,-0.6025,-0.4587,-0.495
600807,济高发展,19.12,True,2.43,2.42,1,0.62,-11.4,-5.82,0.62,0.0,2026-07-13,2026-07-14,50.62,0.3327,-0.2656,0.4611,0.2934,0.9026,0.2315,0.2474,-0.7584,0.1208,多周期共振看空 ⬇⬇⬇,-0.424,-0.7408,-0.5625
603977,国泰集团,73.0,True,11.75,14.07,9,16.8,-16.51,-0.48,-16.51,0.0,2026-07-14,2026-07-14,36.77,0.607,-0.2241,0.682,0.4746,0.5949,0.0,0.2473,-0.4947,0.2527,多周期共振看空 ⬇⬇⬇,-0.4019,-0.5177,-0.225
000428,华天酒店,31.38,True,3.08,3.14,0,-1.82,-9.69,-5.44,-1.88,0.0,2026-07-14,2026-07-14,39.13,0.3656,-0.1968,0.3388,0.3406,0.6473,0.4353,0.2473,-0.6916,0.1542,多周期共振看空 ⬇⬇⬇,-0.623,-0.6485,-0.3375
000830,鲁西化工,225.26,True,11.83,12.42,7,4.21,-8.36,-1.33,-4.75,0.0045,2026-07-14,2026-07-14,40.45,0.4971,-0.042,0.5451,0.4815,0.6768,0.0916,0.2473,-0.6882,0.1559,多周期共振看空 ⬇⬇⬇,-0.3874,-0.6854,-0.495
603179,新泉股份,314.96,True,44.1,48.82,4,6.7,-11.69,-4.32,-9.66,0.0,2026-07-14,2026-07-14,38.99,0.7426,-0.3949,0.6759,0.4876,0.6443,0.0,0.2473,-0.5752,0.2124,多周期共振看空 ⬇⬇⬇,-0.4804,-0.3575,-0.495
002886,沃特股份,45.06,True,21.55,27.37,8,10.61,-24.18,-5.05,-21.26,0.0,2026-07-14,2026-07-14,18.41,0.7373,-0.357,0.6631,0.4996,0.1869,0.0,0.2472,-0.0456,0.4772,多周期方向不一致，观望,-0.4088,-0.0437,0.1936
605117,德业股份,1091.16,True,85.7,97.0,1,1.88,-14.93,-7.09,-11.65,0.0,2026-07-14,2026-07-14,32.92,0.1971,-0.144,0.6252,0.2607,0.5093,0.0,0.2471,-0.0513,0.4743,月线看多，中短期调整中,-0.5985,-0.1813,0.45
002090,金智科技,35.88,True,9.01,9.14,2,3.02,-11.13,-4.94,-1.38,0.0,2026-07-14,2026-07-14,40.52,0.3681,0.3537,0.5549,0.5624,0.6782,0.0751,0.2471,-0.7971,0.1014,多周期共振看空 ⬇⬇⬇,-0.5557,-0.7131,-0.5625
002678,珠江钢琴,55.93,True,4.12,4.4,0,-5.82,-20.33,-13.6,-6.32,0.0,2026-07-14,2026-07-14,31.58,0.7142,-0.4951,0.4007,0.4305,0.4795,0.3321,0.247,-0.5542,0.2229,多周期共振看空 ⬇⬇⬇,-0.6025,-0.364,-0.3375
600131,国网信通,169.7,True,14.19,14.74,0,-1.62,-9.78,-5.23,-3.76,0.0,2026-07-14,2026-07-14,36.83,0.4547,-0.1132,0.3815,0.4275,0.5962,0.3641,0.247,-0.7149,0.1426,多周期共振看空 ⬇⬇⬇,-0.4667,-0.6762,-0.495
002189,中光学,49.18,True,18.83,20.52,7,9.26,-8.46,-1.35,-8.25,0.0,2026-07-14,2026-07-14,38.92,0.6405,-0.6901,0.5251,0.3843,0.6428,0.1248,0.2469,-0.5105,0.2448,多周期共振看空 ⬇⬇⬇,-0.3145,-0.47,-0.3825
601929,吉视传媒,76.43,True,2.19,2.28,1,1.61,-13.85,-7.64,-3.88,0.0,2026-07-14,2026-07-14,44.44,0.0823,0.3287,0.4847,0.3809,0.7654,0.1921,0.2469,-0.7068,0.1466,多周期共振看空 ⬇⬇⬇,-0.5414,-0.5268,-0.5625
601877,正泰电器,514.68,True,23.95,25.34,0,-0.52,-8.13,-5.08,-5.47,0.0,2026-07-14,2026-07-14,29.21,0.6113,-0.3148,0.2808,0.4409,0.4269,0.5321,0.2469,-0.6683,0.1658,多周期共振看空 ⬇⬇⬇,-0.5525,-0.6577,-0.3375
603212,赛伍技术,47.77,True,10.92,12.42,4,7.69,-24.09,-11.51,-12.11,0.0,2026-07-14,2026-07-14,41.58,0.7224,-0.5231,0.8533,0.4335,0.7018,0.0,0.2467,-0.5619,0.2191,多周期共振看空 ⬇⬇⬇,-0.648,-0.342,-0.3375
000677,ST海龙,15.21,True,1.76,1.63,2,8.01,-20.44,-9.61,8.01,0.0,2026-07-13,2026-07-14,57.84,-0.0777,1.198,0.8248,0.4,0.9368,0.0,0.2467,-0.7902,0.1049,多周期共振看空 ⬇⬇⬇,-0.538,-0.7131,-0.5625
002578,闽发铝业,26.09,True,3.03,3.24,0,-3.94,-13.49,-9.31,-6.51,0.0,2026-07-14,2026-07-14,27.91,0.7779,-0.0721,0.4512,0.6379,0.3979,0.248,0.2466,-0.7236,0.1382,多周期共振看空 ⬇⬇⬇,-0.774,-0.5893,-0.3375
002909,集泰股份,18.03,True,4.74,5.04,0,-3.22,-9.68,-7.39,-5.93,0.0,2026-07-14,2026-07-14,26.45,0.4445,0.3821,0.3392,0.6195,0.3655,0.4347,0.2466,-0.8046,0.0977,多周期共振看空 ⬇⬇⬇,-0.575,-0.7131,-0.5625
600409,三友化工,118.49,True,5.74,6.22,9,7.81,-12.29,-1.65,-7.67,0.0,2026-07-14,2026-07-14,28.69,0.324,0.7142,0.5573,0.5944,0.4154,0.0712,0.2465,-0.5348,0.2326,多周期共振看空 ⬇⬇⬇,-0.2965,-0.5837,-0.3375
000533,顺钠股份,57.94,True,8.46,9.58,0,-3.29,-13.99,-9.79,-11.73,0.0,2026-07-14,2026-07-14,20.39,0.7089,-0.3411,0.4022,0.4889,0.231,0.3296,0.2465,-0.3509,0.3246,月线震荡，中短期走弱,-0.783,-0.6208,0.1125
002526,山东矿机,44.99,True,2.54,2.63,0,-2.53,-12.37,-6.88,-3.53,0.0,2026-07-14,2026-07-14,42.11,-0.3144,0.6567,0.3688,0.4,0.7135,0.3853,0.2463,-0.8339,0.0831,多周期共振看空 ⬇⬇⬇,-0.607,-0.75,-0.5625
002721,金一文化,59.84,True,2.25,2.27,0,-0.92,-10.33,-6.26,-0.92,0.0,2026-07-14,2026-07-14,46.55,0.1452,0.0206,0.3455,0.2954,0.8123,0.4242,0.2463,-0.8163,0.0918,多周期共振看空 ⬇⬇⬇,-0.607,-0.7112,-0.5625
002103,广博股份,23.21,True,5.98,6.03,0,-0.9,-11.1,-5.61,-0.9,0.0,2026-07-14,2026-07-14,48.99,0.0411,0.0635,0.3286,0.2501,0.8665,0.4524,0.2462,-0.8322,0.0839,多周期共振看空 ⬇⬇⬇,-0.6025,-0.75,-0.5625
603319,美湖股份,104.66,True,30.86,33.18,2,1.53,-14.12,-5.76,-6.99,0.0,2026-07-14,2026-07-14,37.84,0.6113,-0.52,0.4733,0.3668,0.6186,0.2112,0.2461,-0.5289,0.2355,多周期共振看空 ⬇⬇⬇,-0.3659,-0.3538,-0.495
600973,宝胜股份,77.35,True,5.64,6.56,4,8.56,-14.02,-3.69,-14.02,0.0,2026-07-14,2026-07-14,32.53,0.7558,-0.4201,0.5513,0.4854,0.5008,0.0812,0.246,-0.4743,0.2629,多周期共振看空 ⬇⬇⬇,-0.5099,-0.3354,-0.27
600850,电科数字,118.11,True,14.47,15.13,1,1.89,-14.96,-7.34,-4.39,0.0,2026-07-14,2026-07-14,39.62,0.4973,-0.2448,0.4344,0.4005,0.6583,0.276,0.246,-0.6832,0.1584,多周期共振看空 ⬇⬇⬇,-0.4,-0.5961,-0.5625
000008,神州高铁,70.62,True,2.6,2.43,1,6.93,-9.87,-3.44,6.93,0.1584,2026-07-06,2026-07-14,53.95,-0.3749,-0.5016,0.5241,0.0,0.9766,0.1266,0.246,-0.6851,0.1574,多周期共振看空 ⬇⬇⬇,-0.4041,-0.5969,-0.5625
000509,华塑控股,32.84,True,3.06,3.6,0,-6.63,-18.58,-13.38,-15.11,0.0,2026-07-14,2026-07-14,21.62,0.7701,-0.5609,0.4825,0.4621,0.2583,0.1958,0.2459,-0.2385,0.3808,月线震荡，中短期走弱,-0.5755,-0.196,-0.1125
605299,舒华体育,49.33,True,12.1,13.52,0,-7.21,-12.55,-10.24,-10.5,0.0,2026-07-14,2026-07-14,14.04,0.57,-0.603,0.2586,0.342,0.0897,0.569,0.2457,-0.1448,0.4276,月线看多，中短期调整中,-0.625,-0.3337,0.18
002373,千方科技,96.84,True,7.03,7.31,0,-0.01,-8.21,-3.82,-3.8,0.0,2026-07-14,2026-07-14,35.0,0.4428,-0.0721,0.3023,0.4368,0.5556,0.4962,0.2457,-0.7967,0.1017,多周期共振看空 ⬇⬇⬇,-0.5116,-0.75,-0.5625
603326,我乐家居,19.92,True,6.24,6.4,0,-2.54,-9.56,-6.34,-2.54,0.0,2026-07-14,2026-07-14,40.0,0.1639,0.2095,0.3145,0.3821,0.6667,0.4758,0.2456,-0.8273,0.0863,多周期共振看空 ⬇⬇⬇,-0.6115,-0.7315,-0.5625
600818,ST中路,13.42,True,5.64,5.73,7,5.23,-9.33,-0.99,-1.53,0.0844,2026-07-14,2026-07-14,47.42,0.293,-0.4747,0.5382,0.1859,0.8316,0.1029,0.2455,-0.6168,0.1916,多周期共振看空 ⬇⬇⬇,-0.1543,-0.6608,-0.5625
603035,常熟汽饰,39.2,True,10.7,10.9,2,1.92,-8.93,-4.31,-1.84,0.0,2026-07-14,2026-07-14,46.21,0.1002,0.0547,0.329,0.282,0.8047,0.4517,0.2454,-0.8154,0.0923,多周期共振看空 ⬇⬇⬇,-0.5594,-0.75,-0.5625
603285,键邦股份,25.08,True,40.26,47.14,10,15.8,-15.23,-0.21,-14.59,0.0,2026-07-14,2026-07-14,30.45,0.3046,-0.331,1.0024,0.2503,0.4544,0.0,0.2454,0.0172,0.5086,多周期方向不一致，观望,-0.3367,-0.0856,0.45
600596,新安股份,155.61,True,11.53,14.74,12,19.36,-24.06,0.76,-21.77,0.0,2026-07-14,2026-07-14,19.94,0.7302,-0.5411,0.9118,0.4381,0.2208,0.0,0.2452,-0.0041,0.498,多周期方向不一致，观望,-0.1807,0.0556,0.0811
603276,恒兴新材,11.25,True,14.87,15.81,5,4.53,-6.22,-2.43,-5.95,0.0,2026-07-14,2026-07-14,29.76,0.798,-0.8849,0.3791,0.4788,0.4392,0.3681,0.2451,-0.6268,0.1866,多周期共振看空 ⬇⬇⬇,-0.5077,-0.4475,-0.495
600037,歌华有线,88.24,True,6.34,6.4,0,-0.99,-8.46,-4.16,-0.99,0.0,2026-07-14,2026-07-14,44.03,-0.1629,0.0094,0.2548,0.2037,0.7562,0.5753,0.2451,-0.7328,0.1336,多周期共振看空 ⬇⬇⬇,-0.5342,-0.5902,-0.5625
600063,皖维高新,119.39,True,5.77,7.46,11,16.52,-26.51,-2.57,-22.7,0.0,2026-07-14,2026-07-14,25.11,0.8819,-0.6738,0.7995,0.5291,0.3358,0.0,0.2451,-0.2884,0.3558,多周期共振看空 ⬇⬇⬇,-0.327,-0.196,-0.1575
002932,*ST明德,22.62,True,14.49,14.55,3,1.7,-7.1,-3.45,-0.4,0.0253,2026-07-14,2026-07-14,54.41,-0.2686,-0.435,0.2667,0.026,0.9869,0.5556,0.2449,-0.7719,0.114,多周期共振看空 ⬇⬇⬇,-0.4588,-0.7408,-0.5625
000952,广济药业,19.64,True,5.71,5.73,0,-0.31,-11.22,-6.39,-0.31,0.0,2026-07-14,2026-07-14,45.5,-0.0715,0.9224,0.4733,0.4,0.7889,0.2112,0.2449,-0.7968,0.1016,多周期共振看空 ⬇⬇⬇,-0.616,-0.6606,-0.5625
002823,凯中精密,29.02,True,13.26,14.88,0,-3.1,-19.97,-10.76,-10.88,0.0,2026-07-14,2026-07-14,32.3,0.7824,-0.7561,0.4759,0.4695,0.4956,0.2068,0.2447,-0.5536,0.2232,多周期共振看空 ⬇⬇⬇,-0.648,-0.1663,-0.495
605365,立达信,67.17,True,13.38,14.38,0,-2.51,-11.39,-7.47,-6.93,0.0,2026-07-14,2026-07-14,31.86,0.4955,-0.1741,0.3624,0.4277,0.4858,0.396,0.2444,-0.6285,0.1858,多周期共振看空 ⬇⬇⬇,-0.6955,-0.5152,-0.27
600218,全柴动力,31.84,True,7.31,7.47,0,-2.16,-8.81,-5.5,-2.16,0.0,2026-07-14,2026-07-14,41.15,-0.163,0.4006,0.3197,0.3603,0.6921,0.4671,0.2443,-0.8266,0.0867,多周期共振看空 ⬇⬇⬇,-0.6205,-0.7223,-0.5625
603409,汇通控股,9.46,True,17.55,19.05,0,-7.03,-21.81,-14.82,-7.85,0.0,2026-07-14,2026-07-14,32.61,0.7507,-0.3236,0.4771,0.521,0.5024,0.2049,0.2438,-0.6496,0.1752,多周期共振看空 ⬇⬇⬇,-0.607,-0.4125,-0.495
002115,三维通信,77.91,True,10.44,10.76,2,7.22,-13.43,-6.35,-2.93,0.0,2026-07-14,2026-07-14,44.31,0.237,0.0588,0.6852,0.3657,0.7625,0.0,0.2437,-0.5502,0.2249,多周期共振看空 ⬇⬇⬇,-0.5241,-0.4226,-0.3375
600742,富维股份,53.43,True,7.19,7.39,0,-1.11,-8.29,-4.16,-2.69,0.0,2026-07-14,2026-07-14,40.66,0.1785,0.1146,0.3248,0.3529,0.6813,0.4586,0.2436,-0.8006,0.0997,多周期共振看空 ⬇⬇⬇,-0.5861,-0.6946,-0.5625
603105,芯能科技,33.1,True,6.62,6.99,0,-4.76,-13.25,-9.34,-5.35,0.0,2026-07-14,2026-07-14,33.53,0.4059,-0.004,0.3203,0.442,0.5229,0.4662,0.2435,-0.7598,0.1201,多周期共振看空 ⬇⬇⬇,-0.625,-0.6392,-0.495
002108,沧州明珠,68.06,True,4.13,4.31,0,-1.29,-10.8,-6.04,-4.18,0.0,2026-07-14,2026-07-14,30.5,0.2131,0.2993,0.4394,0.4476,0.4555,0.2676,0.2432,-0.531,0.2345,多周期共振看空 ⬇⬇⬇,-0.5435,-0.3636,-0.3375
002560,通达股份,41.17,True,6.5,7.53,1,0.29,-16.18,-8.35,-13.66,0.0,2026-07-14,2026-07-14,14.4,0.5553,0.0554,0.4355,0.5553,0.0979,0.2741,0.2432,-0.2795,0.3602,月线震荡，中短期走弱,-0.7406,-0.276,-0.0288
000880,潍柴重机,51.44,True,22.66,23.73,1,1.02,-17.53,-8.18,-4.5,0.0,2026-07-14,2026-07-14,40.18,0.3823,0.0391,0.5689,0.445,0.6706,0.0519,0.2431,-0.6135,0.1932,多周期共振看空 ⬇⬇⬇,-0.435,-0.413,-0.5625
603600,永艺股份,30.37,True,9.19,9.28,1,0.91,-8.22,-4.45,-0.99,0.0,2026-07-14,2026-07-14,44.75,-0.0451,0.0674,0.3162,0.227,0.7722,0.4731,0.243,-0.724,0.138,多周期共振看空 ⬇⬇⬇,-0.5238,-0.5798,-0.5625
603488,展鹏科技,24.47,True,8.38,10.3,6,11.5,-23.67,-9.09,-18.61,0.0,2026-07-14,2026-07-14,25.22,0.8203,-0.2367,0.7795,0.5975,0.3383,0.0,0.243,-0.418,0.291,多周期共振看空 ⬇⬇⬇,-0.579,-0.1525,-0.27
603376,大明电子,7.66,True,23.93,25.12,0,-1.01,-8.48,-5.59,-4.73,0.0,2026-07-14,2026-07-14,35.13,0.1632,0.0202,0.2916,0.306,0.5584,0.5139,0.243,-0.627,0.1865,周线日线共振看空,-0.607,-0.45,
000635,英 力 特,21.61,True,5.89,6.27,0,-1.19,-9.88,-6.13,-6.06,0.0,2026-07-14,2026-07-14,32.86,0.7917,-0.7824,0.3527,0.475,0.5079,0.4121,0.2428,-0.7566,0.1217,多周期共振看空 ⬇⬇⬇,-0.4088,-0.75,-0.5625
002831,裕同科技,197.2,True,27.61,32.37,13,27.07,-17.0,4.28,-14.71,0.0,2026-07-14,2026-07-14,6.97,0.5581,-0.683,0.6524,0.3349,0.0,0.0,0.2427,0.406,0.703,上升趋势中的日线整理,0.0298,0.4665,0.5625
601231,环旭电子,690.4,True,28.9,32.46,0,-5.16,-20.2,-11.31,-10.98,0.0,2026-07-14,2026-07-14,32.03,0.5276,-0.5068,0.7855,0.3166,0.4895,0.0,0.2426,-0.1533,0.4234,月线看多，中短期调整中,-0.729,-0.2852,0.18
605398,新炬网络,32.71,True,20.1,20.68,1,0.05,-14.56,-7.41,-2.79,0.0,2026-07-14,2026-07-14,42.09,0.5277,-0.6224,0.3544,0.3166,0.7131,0.4094,0.2426,-0.7491,0.1255,多周期共振看空 ⬇⬇⬇,-0.4111,-0.7315,-0.5625
002796,世嘉科技,73.73,True,32.38,37.42,0,-2.18,-18.01,-10.55,-13.47,0.0,2026-07-14,2026-07-14,32.01,0.2732,0.0798,0.5785,0.3958,0.489,0.0358,0.2426,-0.3076,0.3462,月线震荡，中短期走弱,-0.6197,-0.544,0.0412
002829,星网宇达,26.93,True,18.44,18.08,3,12.87,-17.77,-10.09,2.0,0.0,2026-07-09,2026-07-14,50.33,0.5711,-0.5129,0.7918,0.3426,0.8963,0.0,0.2425,-0.684,0.158,多周期共振看空 ⬇⬇⬇,-0.5763,-0.4469,-0.5625
002637,赞宇科技,47.94,True,10.31,10.87,4,7.27,-10.53,-3.98,-5.12,0.0,2026-07-14,2026-07-14,40.22,0.5427,-0.4673,0.5292,0.3387,0.6716,0.118,0.2424,-0.5034,0.2483,多周期共振看空 ⬇⬇⬇,-0.4127,-0.4151,-0.3375
603348,文灿股份,42.23,True,13.43,13.87,0,-1.76,-11.31,-6.5,-3.14,0.0,2026-07-14,2026-07-14,41.42,0.207,0.1315,0.3555,0.3768,0.6982,0.4075,0.2424,-0.8273,0.0863,多周期共振看空 ⬇⬇⬇,-0.6115,-0.7315,-0.5625
603194,中力股份,53.1,True,33.6,35.25,10,8.42,-7.76,-1.43,-4.67,0.0067,2026-07-14,2026-07-14,43.98,0.3381,-0.7489,0.5236,0.2028,0.755,0.1274,0.2422,-0.4113,0.2944,多周期共振看空 ⬇⬇⬇,-0.2268,-0.2596,-0.45
002011,盾安环境,107.45,True,10.14,10.49,3,2.5,-10.3,-4.75,-3.3,0.0,2026-07-14,2026-07-14,47.33,0.2262,-0.3734,0.3681,0.1864,0.8296,0.3865,0.242,-0.6668,0.1666,多周期共振看空 ⬇⬇⬇,-0.4457,-0.5209,-0.5625
002098,浔兴股份,23.13,True,6.46,6.55,0,-1.16,-7.83,-4.65,-1.31,0.0,2026-07-14,2026-07-14,44.36,0.0465,0.0907,0.2863,0.2642,0.7636,0.5228,0.2419,-0.8217,0.0892,多周期共振看空 ⬇⬇⬇,-0.5757,-0.75,-0.5625
002802,洪汇新材,15.75,True,10.52,10.99,0,-3.13,-11.2,-7.13,-4.26,0.0,2026-07-14,2026-07-14,35.29,0.3519,0.0339,0.3914,0.4247,0.5621,0.3477,0.2417,-0.6983,0.1508,多周期共振看空 ⬇⬇⬇,-0.625,-0.4366,-0.5625
002669,康达新材,38.45,True,12.7,16.29,12,13.05,-23.38,-2.83,-22.05,0.0,2026-07-14,2026-07-14,23.43,0.7148,-0.6726,0.7067,0.4289,0.2984,0.0,0.2417,-0.1106,0.4447,月线震荡，中短期走弱,-0.2522,-0.1556,0.0
000910,大亚圣象,29.06,True,5.31,5.4,0,-1.72,-12.09,-6.7,-1.72,0.0,2026-07-14,2026-07-14,40.57,-0.5338,0.3557,0.3001,0.3423,0.6792,0.4998,0.2414,-0.8311,0.0845,多周期共振看空 ⬇⬇⬇,-0.5998,-0.75,-0.5625
600328,中盐化工,87.83,True,5.99,6.26,2,0.35,-8.66,-4.48,-4.25,0.0,2026-07-14,2026-07-14,31.01,0.5194,-0.0477,0.3352,0.4926,0.4669,0.4414,0.2412,-0.7721,0.1139,多周期共振看空 ⬇⬇⬇,-0.6025,-0.6854,-0.495
600618,氯碱化工,73.63,True,9.82,10.4,10,4.19,-8.24,-0.94,-5.55,0.0425,2026-07-14,2026-07-14,36.8,0.6746,-0.6901,0.5095,0.4047,0.5955,0.1509,0.2408,-0.6585,0.1708,多周期共振看空 ⬇⬇⬇,-0.3005,-0.6946,-0.495
002806,华锋股份,25.87,True,14.86,18.57,9,15.7,-21.4,-2.32,-19.97,0.0,2026-07-14,2026-07-14,10.88,0.8313,-0.7174,0.6088,0.4988,0.0195,0.0,0.2407,0.1043,0.5522,上升趋势中的日线回调（关注买点）,-0.3535,0.2036,0.45
002810,山东赫达,66.13,True,20.48,23.82,16,11.39,-17.46,0.47,-14.0,0.0,2026-07-14,2026-07-14,24.64,0.1993,0.0726,0.5878,0.3487,0.3253,0.0203,0.2407,-0.0384,0.4808,月线看多，中短期调整中,-0.2433,-0.2667,0.2925
002082,ST万邦,65.76,True,11.58,12.03,4,6.61,-19.28,-7.38,-3.77,0.0,2026-07-14,2026-07-14,43.19,-0.262,0.6704,0.6261,0.4,0.7376,0.0,0.2405,-0.6009,0.1996,多周期共振看空 ⬇⬇⬇,-0.5447,-0.5163,-0.3375
603659,璞泰来,512.46,True,23.9,27.6,3,5.01,-16.69,-4.03,-13.39,0.0,2026-07-14,2026-07-14,29.1,0.309,0.1816,0.5696,0.458,0.4245,0.0506,0.2405,-0.359,0.3205,月线震荡，中短期走弱,-0.7932,-0.4598,-0.067
001279,强邦新材,10.25,True,25.62,27.06,9,4.84,-10.75,-1.96,-5.34,0.0,2026-07-14,2026-07-14,36.9,0.7504,-0.247,0.5882,0.5515,0.5977,0.0197,0.2404,-0.6921,0.1539,多周期共振看空 ⬇⬇⬇,-0.3099,-0.6929,-0.5625
603006,联明股份,28.35,True,11.15,13.45,12,8.15,-17.12,-1.01,-17.08,0.0,2026-07-14,2026-07-14,18.73,0.735,-0.0612,0.5767,0.6165,0.1939,0.0388,0.2403,-0.3279,0.336,多周期共振看空 ⬇⬇⬇,-0.2686,-0.1755,-0.315
600884,杉杉股份,223.52,True,12.18,13.32,5,4.24,-12.75,-3.29,-8.57,0.0,2026-07-14,2026-07-14,23.86,0.2519,0.0521,0.4743,0.372,0.308,0.2095,0.2402,-0.2112,0.3944,月线震荡，中短期走弱,-0.596,-0.2638,0.0647
603809,豪能股份,81.72,True,8.88,9.13,1,2.11,-12.76,-6.16,-2.74,0.0,2026-07-14,2026-07-14,46.88,0.617,-0.5488,0.4796,0.3702,0.8197,0.2007,0.2402,-0.8151,0.0924,多周期共振看空 ⬇⬇⬇,-0.6685,-0.656,-0.5625
002483,润邦股份,44.71,True,5.05,5.08,1,0.23,-9.39,-4.83,-0.64,0.0,2026-07-14,2026-07-14,46.51,-0.1164,0.056,0.3022,0.2224,0.8114,0.4964,0.2401,-0.8059,0.0971,多周期共振看空 ⬇⬇⬇,-0.5674,-0.7223,-0.5625
001301,尚太科技,129.94,True,49.96,60.68,10,4.14,-21.27,-4.26,-17.67,0.0,2026-07-14,2026-07-14,23.98,-0.6192,0.3943,0.6655,0.3577,0.3106,0.0,0.24,-0.0253,0.4874,多周期方向不一致，观望,-0.3152,-0.1267,0.2857
601279,英利汽车,48.53,True,3.06,3.12,0,-1.88,-9.96,-6.14,-1.88,0.0,2026-07-14,2026-07-14,40.62,-0.4647,0.3613,0.3051,0.3445,0.6806,0.4914,0.24,-0.8409,0.0796,多周期共振看空 ⬇⬇⬇,-0.625,-0.75,-0.5625
603699,纽威股份,325.93,True,42.99,50.05,1,1.36,-14.1,-5.87,-14.1,0.0,2026-07-14,2026-07-14,31.58,-0.3576,1.981,0.4794,0.4,0.4796,0.201,0.2399,-0.4569,0.2716,多周期共振看空 ⬇⬇⬇,-0.5911,-0.2275,-0.27
603680,今创集团,74.77,True,9.54,10.17,0,-1.39,-11.11,-7.11,-6.18,0.0,2026-07-14,2026-07-14,38.94,-0.048,0.5611,0.4012,0.4,0.6432,0.3314,0.2397,-0.7597,0.1201,多周期共振看空 ⬇⬇⬇,-0.682,-0.5902,-0.495
002012,凯恩股份,27.78,True,5.94,6.54,0,-3.16,-13.09,-8.44,-9.2,0.0,2026-07-14,2026-07-14,20.61,0.723,-0.513,0.383,0.4338,0.2357,0.3617,0.2397,-0.3489,0.3256,多周期共振看空 ⬇⬇⬇,-0.4815,-0.2004,-0.1537
002021,中捷资源,28.57,True,2.39,2.49,4,1.8,-12.22,-3.44,-4.09,0.0,2026-07-14,2026-07-14,41.58,0.308,0.0592,0.6199,0.4085,0.7019,0.0,0.2394,-0.5806,0.2097,多周期共振看空 ⬇⬇⬇,-0.3277,-0.6577,-0.3375
600143,金发科技,377.04,True,14.31,15.66,2,6.19,-8.63,-3.2,-8.63,0.0,2026-07-14,2026-07-14,37.69,0.4296,0.0504,0.556,0.4779,0.6154,0.0734,0.2393,-0.6476,0.1762,多周期共振看空 ⬇⬇⬇,-0.4865,-0.4439,-0.5625
601633,长城汽车,934.89,True,15.03,15.42,4,2.97,-10.25,-4.26,-2.55,0.0,2026-07-14,2026-07-14,41.04,0.639,-0.6853,0.3857,0.3834,0.6898,0.3571,0.2391,-0.8139,0.0931,多周期共振看空 ⬇⬇⬇,-0.5665,-0.7408,-0.5625
603306,华懋科技,281.72,True,85.5,101.3,9,9.92,-18.33,-3.26,-15.6,0.0,2026-07-14,2026-07-14,21.27,0.3621,-0.0959,0.6374,0.3789,0.2503,0.0,0.239,0.0056,0.5028,多周期方向不一致，观望,-0.352,-0.1237,0.45
002410,广联达,131.1,True,8.35,8.41,0,-0.57,-12.0,-5.96,-0.7,0.0,2026-07-14,2026-07-14,45.45,0.207,-0.1634,0.3115,0.2588,0.7879,0.4808,0.239,-0.8323,0.0838,多周期共振看空 ⬇⬇⬇,-0.6029,-0.75,-0.5625
001300,三柏硕,27.81,True,11.41,12.02,0,-4.77,-20.64,-13.11,-5.11,0.0,2026-07-14,2026-07-14,32.13,0.3579,0.3594,0.5149,0.5585,0.4919,0.1419,0.239,-0.6855,0.1573,多周期共振看空 ⬇⬇⬇,-0.6115,-0.4875,-0.495
603113,金能科技,35.55,True,4.19,4.35,0,-3.67,-12.56,-7.19,-3.67,0.0,2026-07-14,2026-07-14,39.32,-0.6221,0.9709,0.3773,0.4,0.6515,0.3712,0.2389,-0.8074,0.0963,多周期共振看空 ⬇⬇⬇,-0.625,-0.6762,-0.5625
000957,中通客车,54.73,True,9.23,9.61,1,1.18,-7.39,-3.36,-3.92,0.0,2026-07-14,2026-07-14,35.86,0.6217,-0.4466,0.3144,0.3944,0.5748,0.476,0.2389,-0.7902,0.1049,多周期共振看空 ⬇⬇⬇,-0.7365,-0.5429,-0.5625
603868,飞科电器,131.2,True,30.12,31.23,0,-2.19,-12.27,-6.13,-3.56,0.0,2026-07-14,2026-07-14,32.38,0.7235,-0.6693,0.3945,0.4341,0.4974,0.3425,0.2388,-0.6553,0.1724,多周期共振看空 ⬇⬇⬇,-0.5165,-0.435,-0.5625
600169,ST太重,67.0,True,2.01,2.02,0,-0.3,-12.86,-5.26,-0.3,0.0,2026-07-14,2026-07-14,50.0,-0.3544,0.0068,0.3572,0.2027,0.8889,0.4046,0.2386,-0.8059,0.0971,多周期共振看空 ⬇⬇⬇,-0.5891,-0.7038,-0.5625
002387,维信诺,103.79,True,7.44,8.36,8,6.53,-11.04,-1.46,-11.04,0.0,2026-07-14,2026-07-14,39.34,0.5943,-0.5523,0.5734,0.3566,0.652,0.0443,0.2383,-0.4815,0.2592,多周期共振看空 ⬇⬇⬇,-0.202,-0.4352,-0.45
603248,锡华科技,13.2,True,18.46,21.01,0,-5.69,-13.05,-10.06,-12.13,0.0,2026-07-14,2026-07-14,22.71,0.3872,-0.3161,0.3639,0.3059,0.2824,0.3935,0.2383,-0.2363,0.3819,周线日线方向不一致,-0.7875,0.0,
603026,石大胜华,152.56,True,65.56,85.61,11,12.56,-24.33,-3.13,-23.42,0.0,2026-07-14,2026-07-14,16.2,0.7511,-0.3587,0.7793,0.5072,0.1377,0.0,0.2382,-0.0715,0.4642,月线看多，中短期调整中,-0.3723,-0.314,0.2925
002919,名臣健康,46.16,True,17.47,19.66,3,9.84,-12.03,-4.98,-11.12,0.0,2026-07-14,2026-07-14,37.11,0.4439,0.0737,0.659,0.4959,0.6025,0.0,0.2382,-0.6106,0.1947,多周期共振看空 ⬇⬇⬇,-0.7412,-0.3691,-0.3375
600055,万东医疗,74.59,True,10.61,10.76,0,-0.0,-13.85,-6.6,-1.43,0.0,2026-07-14,2026-07-14,45.31,-0.0594,0.2426,0.3968,0.2971,0.7847,0.3386,0.2382,-0.7821,0.1089,多周期共振看空 ⬇⬇⬇,-0.4956,-0.7315,-0.5625
002881,美格智能,65.12,True,35.78,38.23,0,-1.59,-17.52,-7.64,-6.4,0.0,2026-07-14,2026-07-14,41.65,0.482,-0.2109,0.719,0.4049,0.7033,0.0,0.2378,-0.5895,0.2052,多周期共振看空 ⬇⬇⬇,-0.3874,-0.4011,-0.5625
600469,风神股份,39.1,True,5.36,5.44,1,2.32,-8.86,-3.07,-1.38,0.0,2026-07-14,2026-07-14,46.41,0.0563,-0.1437,0.3495,0.1763,0.809,0.4175,0.2378,-0.6841,0.1579,多周期共振看空 ⬇⬇⬇,-0.3447,-0.7131,-0.495
600346,恒力石化,1101.62,True,15.65,17.48,14,7.53,-14.89,-0.18,-10.47,0.0,2026-07-14,2026-07-14,31.86,0.2317,1.0058,0.6702,0.539,0.4858,0.0,0.2376,-0.5445,0.2278,多周期共振看空 ⬇⬇⬇,-0.2136,-0.6762,-0.3375
600496,精工钢构,63.09,True,3.17,3.24,0,-2.19,-12.22,-7.21,-2.28,0.0,2026-07-14,2026-07-14,47.14,-0.2336,-0.0006,0.3433,0.1997,0.8254,0.4278,0.2376,-0.7517,0.1241,多周期共振看空 ⬇⬇⬇,-0.5845,-0.656,-0.495
002865,钧达股份,109.05,True,47.66,57.64,0,-5.53,-20.56,-12.97,-17.32,0.0,2026-07-14,2026-07-14,31.18,0.4596,1.0111,0.7388,0.6757,0.4706,0.0,0.2376,-0.7454,0.1273,多周期共振看空 ⬇⬇⬇,-0.8935,-0.5348,-0.3375
603308,应流股份,363.7,True,53.56,60.29,6,7.41,-17.49,-4.28,-11.17,0.0,2026-07-14,2026-07-14,29.34,0.2584,-0.1067,0.6977,0.3123,0.4297,0.0,0.2375,-0.1152,0.4424,月线看多，中短期调整中,-0.4726,-0.3233,0.18
600135,乐凯胶片,39.45,True,7.13,8.01,0,-2.68,-11.95,-7.81,-10.98,0.0,2026-07-14,2026-07-14,27.0,0.8211,-0.6104,0.3872,0.4927,0.3779,0.3546,0.2373,-0.6273,0.1864,多周期共振看空 ⬇⬇⬇,-0.7227,-0.4217,-0.3375
600933,爱柯迪,133.32,True,13.59,14.6,4,4.17,-9.3,-2.76,-6.94,0.0,2026-07-14,2026-07-14,38.14,0.4173,-0.0036,0.4635,0.449,0.6253,0.2275,0.2373,-0.752,0.124,多周期共振看空 ⬇⬇⬇,-0.5188,-0.6456,-0.5625
600076,康欣新材,41.68,True,3.1,3.35,5,5.05,-13.49,-4.2,-7.45,0.0,2026-07-14,2026-07-14,43.33,0.3578,-0.3156,0.896,0.2884,0.7407,0.0,0.2372,-0.4525,0.2737,多周期共振看空 ⬇⬇⬇,-0.4501,-0.4012,-0.2074
003025,思进智能,27.92,True,12.33,14.47,7,13.85,-18.04,-4.19,-14.8,0.0,2026-07-14,2026-07-14,30.47,0.742,-0.5733,0.5878,0.4452,0.4548,0.0203,0.2372,-0.3768,0.3116,多周期共振看空 ⬇⬇⬇,-0.3182,-0.1728,-0.3825
003023,彩虹集团,19.66,True,18.7,20.28,0,-2.02,-13.82,-9.45,-7.81,0.0,2026-07-14,2026-07-14,29.37,0.0372,0.2892,0.3639,0.338,0.4305,0.3935,0.2366,-0.479,0.2605,多周期共振看空 ⬇⬇⬇,-0.598,-0.2701,-0.27
002114,罗平锌电,20.83,True,6.44,7.13,2,5.61,-14.89,-5.26,-9.73,0.0,2026-07-14,2026-07-14,33.14,0.5949,0.1794,0.7271,0.6287,0.5142,0.0,0.2366,-0.7305,0.1347,多周期共振看空 ⬇⬇⬇,-0.5282,-0.6577,-0.495
603567,珍宝岛,45.28,True,4.82,4.74,2,1.73,-29.57,-15.44,1.73,0.0,2026-07-10,2026-07-14,58.23,-0.4485,0.3207,0.7332,0.3283,0.9283,0.0,0.2366,-0.7465,0.1267,多周期共振看空 ⬇⬇⬇,-0.5155,-0.6363,-0.5625
002425,凯撒文化,24.38,True,2.65,2.7,1,0.95,-9.93,-5.21,-1.85,0.0,2026-07-14,2026-07-14,46.34,-0.4223,0.13,0.4037,0.252,0.8076,0.3271,0.2365,-0.7417,0.1291,多周期共振看空 ⬇⬇⬇,-0.4789,-0.6572,-0.5625
603997,继峰股份,149.62,True,11.76,12.3,2,3.19,-15.34,-7.42,-4.35,0.0,2026-07-14,2026-07-14,38.28,0.3872,-0.341,0.373,0.2959,0.6284,0.3783,0.2365,-0.6384,0.1808,多周期共振看空 ⬇⬇⬇,-0.648,-0.3526,-0.495
002238,天威视讯,43.9,True,5.47,5.61,0,-0.92,-10.11,-6.51,-2.47,0.0,2026-07-14,2026-07-14,38.81,0.2467,-0.0113,0.3542,0.3435,0.6401,0.4096,0.2364,-0.7543,0.1229,多周期共振看空 ⬇⬇⬇,-0.4028,-0.75,-0.5625
600580,卧龙电驱,492.52,True,31.62,34.17,3,7.92,-14.3,-6.28,-7.47,0.0,2026-07-14,2026-07-14,41.0,0.5783,-0.2534,0.6616,0.4456,0.689,0.0,0.2364,-0.6482,0.1759,多周期共振看空 ⬇⬇⬇,-0.5695,-0.3739,-0.5625
601616,广电电气,28.17,True,3.3,3.5,0,-4.09,-11.14,-7.59,-5.75,0.0,2026-07-14,2026-07-14,29.13,0.4659,0.0696,0.3972,0.5073,0.425,0.338,0.2363,-0.7021,0.149,多周期共振看空 ⬇⬇⬇,-0.607,-0.6854,-0.3375
000683,博源化工,183.15,True,5.48,5.76,0,-3.09,-12.58,-7.42,-4.92,0.0,2026-07-14,2026-07-14,33.78,-0.017,1.4173,0.3814,0.4,0.5285,0.3643,0.236,-0.6779,0.1611,多周期共振看空 ⬇⬇⬇,-0.6115,-0.6283,-0.3375
603829,洛凯股份,27.7,True,14.87,16.66,0,-4.31,-16.62,-12.7,-10.76,0.0,2026-07-14,2026-07-14,28.91,0.2725,0.4967,0.5088,0.5622,0.4201,0.152,0.2356,-0.6406,0.1797,多周期共振看空 ⬇⬇⬇,-0.625,-0.5348,-0.3375
001368,通达创智,22.85,True,21.14,21.4,0,-0.13,-10.67,-6.34,-1.23,0.0,2026-07-14,2026-07-14,41.11,0.0111,0.1291,0.3582,0.2583,0.6914,0.403,0.2354,-0.6825,0.1588,多周期共振看空 ⬇⬇⬇,-0.607,-0.4848,-0.495
603158,腾龙股份,50.7,True,10.33,12.04,0,-4.47,-16.04,-10.73,-14.18,0.0,2026-07-14,2026-07-14,27.21,0.5033,-0.6266,0.6098,0.302,0.3825,0.0,0.2352,-0.0609,0.4696,月线看多，中短期调整中,-0.6182,-0.2102,0.45
000590,古汉医药,19.89,True,8.31,8.57,0,-3.04,-11.47,-6.97,-3.04,0.0,2026-07-14,2026-07-14,39.3,-0.7563,1.237,0.4021,0.4,0.6511,0.3298,0.2351,-0.8046,0.0977,多周期共振看空 ⬇⬇⬇,-0.575,-0.7131,-0.5625
600623,华谊集团,151.02,True,8.05,8.37,7,8.29,-9.57,-1.64,-3.78,0.0,2026-07-14,2026-07-14,44.32,0.3633,-0.2179,0.6308,0.3308,0.7627,0.0,0.2348,-0.5663,0.2168,多周期共振看空 ⬇⬇⬇,-0.3341,-0.6208,-0.3375
002927,泰永长征,34.72,True,15.73,19.31,6,6.58,-18.96,-7.13,-18.54,0.0,2026-07-14,2026-07-14,15.56,0.7941,-0.2528,0.6522,0.5753,0.1236,0.0,0.2346,-0.1919,0.4041,月线震荡，中短期走弱,-0.4087,-0.1823,-0.1125
000893,亚钾国际,332.03,True,40.9,42.07,4,3.51,-10.9,-4.61,-2.78,0.0,2026-07-14,2026-07-14,38.6,0.2036,0.6385,0.6783,0.5221,0.6357,0.0,0.2345,-0.7219,0.1391,多周期共振看空 ⬇⬇⬇,-0.6793,-0.6669,-0.3375
603216,梦天家居,43.65,True,19.6,21.05,0,-2.01,-9.06,-6.33,-6.91,0.0,2026-07-14,2026-07-14,32.4,0.5762,-0.2167,0.3828,0.459,0.4978,0.3619,0.2344,-0.7461,0.127,多周期共振看空 ⬇⬇⬇,-0.4822,-0.7315,-0.495
002241,歌尔股份,683.56,True,21.73,22.41,1,0.03,-10.32,-5.67,-3.05,0.0,2026-07-14,2026-07-14,38.73,0.2121,0.2123,0.514,0.4122,0.6385,0.1434,0.2343,-0.6658,0.1671,多周期共振看空 ⬇⬇⬇,-0.553,-0.4267,-0.5625
002448,中原内配,65.31,True,11.25,12.28,5,3.64,-12.37,-3.35,-8.42,0.0,2026-07-14,2026-07-14,31.78,0.0052,0.8076,0.4961,0.4031,0.4839,0.1732,0.2341,-0.4918,0.2541,多周期共振看空 ⬇⬇⬇,-0.5111,-0.4704,-0.1725
600152,维科技术,42.75,True,8.08,9.78,1,4.73,-20.85,-10.03,-17.38,0.0,2026-07-14,2026-07-14,27.91,0.3987,-0.2867,0.7044,0.3245,0.3979,0.0,0.2341,-0.1243,0.4379,月线看多，中短期调整中,-0.545,-0.3048,0.18
600732,爱旭股份,238.1,True,11.31,12.71,16,11.88,-12.37,2.04,-11.01,0.0302,2026-07-14,2026-07-14,34.38,0.6231,-0.8294,0.5128,0.3739,0.5417,0.1453,0.2341,-0.564,0.218,多周期共振看空 ⬇⬇⬇,-0.2593,-0.4548,-0.5625
603151,邦基科技,19.35,True,11.3,11.39,1,3.59,-10.38,-5.46,-0.79,0.0,2026-07-14,2026-07-14,47.89,-0.1428,2.1473,0.5426,0.4,0.8419,0.0957,0.2341,-0.854,0.073,多周期共振看空 ⬇⬇⬇,-0.6586,-0.75,-0.5625
002151,北斗星通,132.49,True,29.92,31.68,1,1.65,-8.13,-4.77,-5.54,0.0,2026-07-14,2026-07-14,41.85,-0.268,2.2787,0.6025,0.4,0.7078,0.0,0.2338,-0.6192,0.1904,多周期共振看空 ⬇⬇⬇,-0.5486,-0.5531,-0.3375
603159,上海亚虹,27.02,True,19.3,20.11,4,2.54,-33.3,-14.7,-4.03,0.0,2026-07-14,2026-07-14,41.6,-0.1819,0.6402,0.8135,0.4,0.7023,0.0,0.2336,-0.6142,0.1929,多周期共振看空 ⬇⬇⬇,-0.475,-0.4478,-0.495
603112,华翔股份,81.96,True,15.33,16.93,0,-3.99,-13.78,-9.46,-9.45,0.0,2026-07-14,2026-07-14,27.44,0.5484,-0.247,0.3986,0.4302,0.3876,0.3357,0.2335,-0.5541,0.2229,多周期共振看空 ⬇⬇⬇,-0.839,-0.2287,-0.27
603028,赛福天,18.39,True,6.47,6.8,0,-3.4,-11.91,-8.03,-4.85,0.0,2026-07-14,2026-07-14,39.53,-0.0892,0.5661,0.4706,0.4,0.6563,0.2157,0.2333,-0.734,0.133,多周期共振看空 ⬇⬇⬇,-0.616,-0.5902,-0.495
002196,方正电机,53.33,True,10.92,12.51,5,8.18,-14.3,-5.38,-12.71,0.0,2026-07-14,2026-07-14,31.07,0.6977,-0.2215,0.8217,0.53,0.4682,0.0,0.2332,-0.5447,0.2277,多周期共振看空 ⬇⬇⬇,-0.5429,-0.3944,-0.3375
000020,深华发Ａ,18.84,True,10.4,11.04,0,-1.84,-9.19,-5.84,-5.84,0.0,2026-07-14,2026-07-14,35.07,0.0783,0.4278,0.3617,0.4181,0.5571,0.3971,0.233,-0.7912,0.1044,多周期共振看空 ⬇⬇⬇,-0.616,-0.6485,-0.5625
002609,捷顺科技,33.04,True,7.2,7.46,5,2.36,-6.36,-2.18,-3.44,0.0197,2026-07-14,2026-07-14,31.79,0.5868,-0.5147,0.2946,0.3521,0.4843,0.5089,0.2329,-0.7352,0.1324,多周期共振看空 ⬇⬇⬇,-0.3862,-0.7223,-0.5625
600130,波导股份,29.18,True,3.89,4.41,1,3.61,-13.6,-6.51,-11.75,0.0,2026-07-14,2026-07-14,19.18,0.6523,-0.2817,0.507,0.4787,0.204,0.155,0.2328,-0.2727,0.3637,月线震荡，中短期走弱,-0.72,-0.2483,-0.0512
600980,北矿科技,32.12,True,16.97,19.2,2,3.1,-14.33,-5.81,-11.59,0.0,2026-07-14,2026-07-14,25.23,0.8323,-0.1112,0.4468,0.6549,0.3384,0.2554,0.2328,-0.7957,0.1022,多周期共振看空 ⬇⬇⬇,-0.6295,-0.6467,-0.5625
603439,三力制药,46.24,True,11.45,13.47,3,1.73,-15.71,-7.89,-14.97,0.0,2026-07-14,2026-07-14,18.25,0.6267,-0.4255,0.5026,0.4058,0.1834,0.1623,0.2327,-0.1376,0.4312,多周期方向不一致，观望,-0.5655,-0.1203,0.0
002105,信隆健康,18.48,True,5.07,5.1,0,-0.53,-9.89,-6.2,-0.53,0.0,2026-07-14,2026-07-14,48.15,-0.2905,0.1206,0.4003,0.2482,0.8477,0.3328,0.2327,-0.8189,0.0906,多周期共振看空 ⬇⬇⬇,-0.6115,-0.7131,-0.5625
002540,亚太科技,40.68,True,4.74,4.8,0,-0.27,-9.48,-4.43,-1.35,0.0,2026-07-14,2026-07-14,43.24,-0.1974,0.0904,0.2959,0.2362,0.7387,0.5069,0.2324,-0.8104,0.0948,多周期共振看空 ⬇⬇⬇,-0.5575,-0.7408,-0.5625
605001,威奥股份,21.61,True,5.5,5.64,0,-1.29,-9.51,-5.55,-2.45,0.0,2026-07-14,2026-07-14,41.89,0.2316,-0.0244,0.3779,0.3292,0.7087,0.3702,0.2323,-0.8147,0.0927,多周期共振看空 ⬇⬇⬇,-0.6115,-0.7038,-0.5625
002355,兴民智通,25.22,True,4.08,4.38,0,-4.7,-14.64,-9.56,-6.84,0.0,2026-07-14,2026-07-14,34.58,0.3993,-0.0373,0.3501,0.4247,0.5462,0.4164,0.2323,-0.8098,0.0951,多周期共振看空 ⬇⬇⬇,-0.6205,-0.6854,-0.5625
002398,垒知集团,22.55,True,3.76,3.86,0,-2.57,-8.99,-5.73,-2.57,0.0,2026-07-14,2026-07-14,38.27,-0.0043,0.2993,0.2765,0.3197,0.6283,0.5392,0.2322,-0.8392,0.0804,多周期共振看空 ⬇⬇⬇,-0.6205,-0.75,-0.5625
603395,红四方,13.48,True,20.74,20.98,0,-1.14,-9.68,-5.39,-1.14,0.0,2026-07-14,2026-07-14,43.78,0.4422,-0.6415,0.3237,0.2653,0.7506,0.4604,0.2322,-0.8357,0.0822,多周期共振看空 ⬇⬇⬇,-0.6115,-0.75,-0.5625
002943,宇晶股份,75.45,True,39.95,46.69,0,-4.56,-18.24,-10.95,-14.43,0.0,2026-07-14,2026-07-14,28.8,0.0629,0.3962,0.8959,0.3963,0.4179,0.0,0.2322,-0.2781,0.3609,月线震荡，中短期走弱,-0.7155,-0.209,-0.1125
002383,合众思壮,49.38,True,6.67,6.91,2,2.24,-9.44,-5.33,-3.5,0.0,2026-07-14,2026-07-14,45.39,-0.0205,0.4033,0.4889,0.3613,0.7864,0.1851,0.232,-0.8139,0.0931,多周期共振看空 ⬇⬇⬇,-0.6384,-0.679,-0.5625
600860,京城股份,35.26,True,7.94,8.39,1,0.65,-9.07,-4.83,-5.34,0.0,2026-07-14,2026-07-14,41.99,0.3235,0.0078,0.4376,0.3972,0.711,0.2706,0.232,-0.8495,0.0752,多周期共振看空 ⬇⬇⬇,-0.6685,-0.7315,-0.5625
600570,恒生电子,388.39,True,20.51,21.62,2,0.99,-10.29,-4.33,-5.12,0.0,2026-07-14,2026-07-14,34.15,0.5131,-0.0898,0.4459,0.4719,0.5366,0.2569,0.232,-0.7486,0.1257,多周期共振看空 ⬇⬇⬇,-0.4314,-0.7131,-0.5625
002724,海洋王,27.42,True,4.83,4.94,1,0.05,-7.72,-4.28,-2.29,0.0,2026-07-14,2026-07-14,43.8,0.2724,-0.3013,0.3352,0.2429,0.7511,0.4413,0.2319,-0.7883,0.1058,多周期共振看空 ⬇⬇⬇,-0.5223,-0.7223,-0.5625
603273,天元智能,7.57,True,13.51,13.62,3,3.65,-11.25,-4.23,-0.84,0.0,2026-07-14,2026-07-14,48.71,0.1639,0.0397,0.5278,0.3142,0.8602,0.1204,0.2318,-0.7768,0.1116,多周期共振看空 ⬇⬇⬇,-0.4606,-0.75,-0.5625
603227,雪峰科技,76.84,True,7.17,7.3,0,-1.76,-11.79,-6.85,-1.76,0.0,2026-07-14,2026-07-14,37.39,0.0472,0.0894,0.2502,0.2641,0.6087,0.583,0.2317,-0.766,0.117,多周期共振看空 ⬇⬇⬇,-0.616,-0.5931,-0.5625
600815,厦工股份,44.35,True,2.5,2.68,1,0.03,-15.14,-9.83,-6.66,0.0,2026-07-14,2026-07-14,43.86,0.2447,0.0036,0.6076,0.3483,0.7524,0.0,0.2313,-0.6097,0.1951,多周期共振看空 ⬇⬇⬇,-0.6775,-0.4217,-0.3375
000595,宝塔实业,55.68,True,4.89,5.85,2,3.51,-19.33,-11.08,-16.34,0.0,2026-07-14,2026-07-14,36.26,0.0354,0.6004,0.8298,0.4213,0.5835,0.0,0.2312,-0.5246,0.2377,多周期共振看空 ⬇⬇⬇,-0.785,-0.2102,-0.27
601011,宝泰隆,50.0,True,2.61,2.7,1,1.39,-10.3,-5.08,-3.15,0.0,2026-07-14,2026-07-14,39.81,0.7818,-0.6057,0.6604,0.4691,0.6624,0.0,0.2311,-0.6968,0.1516,多周期共振看空 ⬇⬇⬇,-0.463,-0.6395,-0.495
601012,隆基绿能,888.91,True,11.73,12.54,2,0.79,-9.02,-4.62,-6.47,0.0,2026-07-14,2026-07-14,38.54,0.5942,-0.6723,0.3544,0.3565,0.6341,0.4094,0.231,-0.8105,0.0948,多周期共振看空 ⬇⬇⬇,-0.5469,-0.75,-0.5625
002868,绿康生化,25.47,True,23.8,24.31,3,5.66,-13.73,-6.67,-2.1,0.0,2026-07-14,2026-07-14,48.21,0.0971,0.0237,0.6807,0.2677,0.8492,0.0,0.231,-0.5994,0.2003,多周期共振看空 ⬇⬇⬇,-0.4084,-0.6297,-0.3375
002270,华明装备,160.42,True,17.9,19.46,4,2.82,-9.1,-4.52,-8.02,0.0,2026-07-14,2026-07-14,31.56,0.6391,-0.042,0.5436,0.5667,0.4792,0.094,0.2308,-0.7101,0.145,多周期共振看空 ⬇⬇⬇,-0.6058,-0.7038,-0.3375
603867,新化股份,64.81,True,30.05,36.07,9,6.37,-17.73,-4.62,-16.68,0.0,2026-07-14,2026-07-14,28.16,0.4362,-0.5428,0.7877,0.2617,0.4035,0.0,0.2307,-0.0574,0.4713,多周期方向不一致，观望,-0.394,-0.0948,0.18
603022,新通联,15.96,True,7.98,8.28,0,-3.59,-11.91,-8.09,-3.59,0.0,2026-07-14,2026-07-14,38.67,-0.0141,0.2474,0.3682,0.299,0.637,0.3863,0.2304,-0.709,0.1455,多周期共振看空 ⬇⬇⬇,-0.607,-0.5429,-0.495
002125,湘潭电化,72.4,True,11.5,14.45,6,23.94,-25.44,-8.61,-20.44,0.0,2026-07-14,2026-07-14,15.24,0.957,-0.8244,0.5942,0.5742,0.1163,0.0097,0.2303,-0.2237,0.3881,多周期方向不一致，观望,-0.465,-0.0897,-0.495
002161,远 望 谷,36.98,True,5.0,5.55,4,2.76,-12.2,-5.06,-9.93,0.0,2026-07-14,2026-07-14,33.46,0.6994,0.0604,0.7156,0.6438,0.5214,0.0,0.2303,-0.8135,0.0932,多周期共振看空 ⬇⬇⬇,-0.587,-0.7223,-0.5625
002783,凯龙股份,31.72,True,6.88,7.24,2,0.54,-7.21,-3.93,-4.97,0.0,2026-07-14,2026-07-14,42.56,0.3822,-0.2413,0.4244,0.3328,0.7236,0.2926,0.2301,-0.7942,0.1029,多周期共振看空 ⬇⬇⬇,-0.5483,-0.7131,-0.5625
002733,雄韬股份,81.67,True,22.14,29.37,8,20.18,-28.17,-7.57,-24.63,0.0,2026-07-14,2026-07-14,22.81,0.5021,-0.5443,0.7115,0.3012,0.2847,0.0,0.2301,0.017,0.5085,多周期方向不一致，观望,-0.4086,-0.0252,0.45
600320,振华重工,134.39,True,4.06,4.22,0,-1.39,-6.72,-4.78,-3.8,0.0,2026-07-14,2026-07-14,36.56,0.1212,-0.0782,0.304,0.2414,0.5902,0.4934,0.2299,-0.65,0.175,多周期共振看空 ⬇⬇⬇,-0.5615,-0.6098,-0.3375
001308,康冠科技,87.17,True,17.89,20.16,5,2.19,-12.0,-3.08,-11.24,0.0,2026-07-14,2026-07-14,24.92,0.4626,-0.3257,0.3926,0.3473,0.3315,0.3456,0.2296,-0.3935,0.3033,多周期共振看空 ⬇⬇⬇,-0.4219,-0.2783,-0.225
000039,中集集团,177.21,True,7.7,8.34,0,-3.45,-12.86,-9.07,-7.69,0.0,2026-07-14,2026-07-14,29.96,0.5764,-0.1356,0.4524,0.4916,0.4436,0.246,0.2292,-0.6825,0.1588,多周期共振看空 ⬇⬇⬇,-0.7,-0.5625,-0.3375
600560,金自天正,23.46,True,10.49,11.25,0,-2.43,-10.21,-7.11,-6.74,0.0,2026-07-14,2026-07-14,33.54,0.7913,-0.5341,0.3483,0.4748,0.5232,0.4195,0.2291,-0.89,0.055,多周期共振看空 ⬇⬇⬇,-0.783,-0.7223,-0.5625
600487,亨通光电,1825.02,True,74.38,98.24,12,29.25,-29.62,0.88,-24.29,0.0,2026-07-14,2026-07-14,18.24,-0.2521,-0.011,0.8953,0.1956,0.1832,0.0,0.229,0.2994,0.6497,上升趋势中的日线回调（关注买点）,-0.2295,0.6406,0.5625
603025,大豪科技,144.08,True,12.99,13.83,0,-1.17,-11.02,-5.13,-6.08,0.0,2026-07-14,2026-07-14,35.98,0.3229,0.0502,0.42,0.4138,0.5774,0.3001,0.229,-0.7631,0.1184,多周期共振看空 ⬇⬇⬇,-0.7465,-0.4748,-0.5625
603150,万朗磁塑,50.32,True,58.86,71.13,10,12.98,-18.26,-1.42,-17.25,0.0,2026-07-14,2026-07-14,13.29,0.2732,0.0325,0.5253,0.3769,0.073,0.1246,0.2289,0.0405,0.5202,多周期方向不一致，观望,-0.4415,0.1066,0.45
002903,宇环数控,32.2,True,30.19,43.72,9,18.29,-32.85,-4.87,-30.95,0.0,2026-07-14,2026-07-14,16.62,-0.207,0.6464,0.8429,0.4,0.1471,0.0,0.2288,0.0136,0.5068,多周期方向不一致，观望,-0.4918,0.0313,0.45
600293,三峡新材,32.02,True,2.76,3.02,6,9.53,-23.28,-10.58,-8.58,0.0,2026-07-14,2026-07-14,32.5,0.8938,-0.553,0.8821,0.5363,0.5,0.0,0.2288,-0.6279,0.186,多周期共振看空 ⬇⬇⬇,-0.4912,-0.464,-0.495
600682,南京新百,63.44,True,5.45,5.51,3,1.52,-10.73,-3.45,-1.08,0.0,2026-07-14,2026-07-14,42.51,0.2281,-0.0663,0.4622,0.3104,0.7225,0.2297,0.2288,-0.7169,0.1416,多周期共振看空 ⬇⬇⬇,-0.3286,-0.7315,-0.5625
002658,雪迪龙,25.14,True,7.01,7.87,10,5.4,-13.3,-1.84,-10.9,0.0,2026-07-14,2026-07-14,30.23,0.7051,-0.8061,0.4617,0.4231,0.4496,0.2305,0.2287,-0.5715,0.2142,多周期共振看空 ⬇⬇⬇,-0.4034,-0.5727,-0.3375
001396,誉帆科技,7.36,True,32.41,36.32,0,-1.66,-13.92,-8.26,-10.76,0.0,2026-07-14,2026-07-14,29.54,-0.1902,0.0682,0.44,0.2273,0.4342,0.2667,0.2286,-0.2694,0.3653,周线日线方向不一致,-0.898,0.0,
603528,多伦科技,39.6,True,5.61,6.07,0,-2.07,-11.2,-7.35,-7.6,0.0,2026-07-14,2026-07-14,32.11,0.6264,-0.1049,0.4117,0.5339,0.4912,0.3138,0.2285,-0.8667,0.0666,多周期共振看空 ⬇⬇⬇,-0.691,-0.75,-0.5625
600819,耀皮玻璃,39.78,True,5.04,5.77,2,1.49,-16.28,-8.34,-12.58,0.0,2026-07-14,2026-07-14,35.63,0.3265,0.4815,0.7014,0.5885,0.5696,0.0,0.2283,-0.7984,0.1008,多周期共振看空 ⬇⬇⬇,-0.559,-0.7131,-0.5625
600006,东风股份,104.6,True,5.23,5.33,0,-1.87,-9.94,-5.9,-1.87,0.0,2026-07-14,2026-07-14,41.94,-0.2876,0.0277,0.2797,0.2111,0.7097,0.5339,0.2282,-0.7906,0.1047,多周期共振看空 ⬇⬇⬇,-0.607,-0.6548,-0.5625
002067,景兴纸业,52.43,True,3.92,3.94,4,3.38,-15.52,-7.8,-0.47,0.0,2026-07-14,2026-07-14,50.54,0.165,-0.1224,0.671,0.25,0.9008,0.0,0.228,-0.6567,0.1717,多周期共振看空 ⬇⬇⬇,-0.4228,-0.5185,-0.5625
603888,新华网,114.37,True,16.95,17.62,4,2.63,-7.23,-3.5,-3.81,0.0,2026-07-14,2026-07-14,32.65,0.4291,-0.6299,0.3185,0.2575,0.5033,0.4692,0.228,-0.5671,0.2164,多周期共振看空 ⬇⬇⬇,-0.2858,-0.5065,-0.495
600081,东风科技,51.21,True,9.26,9.49,0,-1.14,-11.19,-6.17,-2.45,0.0,2026-07-14,2026-07-14,41.11,0.2599,-0.1771,0.3772,0.2851,0.6914,0.3714,0.2279,-0.7601,0.12,多周期共振看空 ⬇⬇⬇,-0.5935,-0.5994,-0.5625
001225,和泰机电,8.17,True,38.83,41.02,1,1.89,-14.06,-7.18,-5.34,0.0,2026-07-14,2026-07-14,37.63,0.4764,-0.1589,0.6338,0.4223,0.6141,0.0,0.2276,-0.5917,0.2041,多周期共振看空 ⬇⬇⬇,-0.3857,-0.4749,-0.495
000400,许继电气,200.82,True,19.85,21.38,0,-3.21,-11.55,-6.3,-7.16,0.0,2026-07-14,2026-07-14,23.42,0.6016,-0.0832,0.2567,0.5277,0.2982,0.5722,0.2275,-0.8396,0.0802,多周期共振看空 ⬇⬇⬇,-0.765,-0.6946,-0.495
002942,新农股份,20.18,True,14.54,14.94,0,-0.72,-9.17,-5.45,-2.7,0.0,2026-07-14,2026-07-14,41.06,-0.1389,0.2494,0.3807,0.2998,0.6901,0.3655,0.2272,-0.7822,0.1089,多周期共振看空 ⬇⬇⬇,-0.607,-0.7038,-0.495
605378,野马电池,0.0,True,13.25,14.72,4,10.28,-13.26,-6.54,-9.99,0.0,2026-07-14,2026-07-14,18.3,0.7988,0.7945,0.5605,0.8793,0.1844,0.0659,0.2271,-0.8637,0.0681,多周期共振看空 ⬇⬇⬇,-0.705,-0.7315,-0.5625
600215,派斯林,26.13,True,5.72,6.09,3,10.46,-9.97,-3.49,-6.11,0.0,2026-07-14,2026-07-14,45.83,0.6196,-0.5102,0.6238,0.3718,0.7963,0.0,0.2271,-0.7337,0.1331,多周期共振看空 ⬇⬇⬇,-0.4635,-0.6528,-0.5625
002469,三维化学,35.6,True,5.66,5.96,4,11.75,-12.52,-5.12,-4.96,0.0,2026-07-14,2026-07-14,33.54,0.8559,-0.7896,0.4218,0.5135,0.5231,0.297,0.227,-0.8713,0.0644,多周期共振看空 ⬇⬇⬇,-0.7245,-0.7315,-0.5625
001379,腾达科技,10.2,True,15.15,16.0,0,-2.25,-9.97,-7.0,-5.34,0.0,2026-07-14,2026-07-14,36.36,-0.1926,0.4839,0.3677,0.3935,0.5859,0.3872,0.227,-0.8266,0.0867,多周期共振看空 ⬇⬇⬇,-0.6205,-0.7223,-0.5625
002895,川恒股份,176.45,True,29.43,30.26,2,2.94,-9.94,-3.46,-2.73,0.0,2026-07-14,2026-07-14,37.8,0.5368,-0.2577,0.6413,0.419,0.6178,0.0,0.227,-0.5961,0.202,多周期共振看空 ⬇⬇⬇,-0.52,-0.5268,-0.3375
002985,北摩高科,81.58,True,24.65,27.59,4,2.13,-11.07,-4.52,-10.65,0.0,2026-07-14,2026-07-14,31.5,0.4441,0.1188,0.4543,0.514,0.4778,0.2429,0.2269,-0.7751,0.1124,多周期共振看空 ⬇⬇⬇,-0.8157,-0.6669,-0.3375
002442,龙星科技,23.15,True,4.71,5.18,3,2.97,-16.99,-6.12,-8.99,0.0,2026-07-14,2026-07-14,28.99,0.8517,-0.1583,0.6807,0.6477,0.4219,0.0,0.2268,-0.7281,0.136,多周期共振看空 ⬇⬇⬇,-0.5114,-0.5994,-0.5625
002666,德联集团,19.73,True,3.94,4.04,0,-2.44,-8.67,-5.61,-2.44,0.0,2026-07-14,2026-07-14,39.53,-0.3577,0.2393,0.3144,0.2957,0.6563,0.4759,0.2267,-0.8283,0.0858,多周期共振看空 ⬇⬇⬇,-0.625,-0.7223,-0.5625
000727,冠捷科技,101.46,True,2.24,2.57,2,2.72,-14.34,-7.0,-12.79,0.0,2026-07-14,2026-07-14,25.27,0.8191,-0.8087,0.5698,0.4915,0.3394,0.0503,0.2263,-0.4234,0.2883,多周期共振看空 ⬇⬇⬇,-0.5131,-0.1758,-0.315
002534,西子洁能,144.11,True,17.46,18.88,9,8.25,-17.98,-3.79,-7.55,0.0,2026-07-14,2026-07-14,31.38,-0.6838,-0.1842,0.7494,0.1263,0.4751,0.0,0.2261,0.0368,0.5184,多周期方向不一致，观望,-0.3663,0.0257,0.45
002598,ST章鼓,19.03,True,6.64,6.66,3,1.89,-10.81,-3.46,-0.25,0.0,2026-07-14,2026-07-14,47.42,-0.6056,-0.0506,0.4083,0.1798,0.8315,0.3195,0.2261,-0.732,0.134,多周期共振看空 ⬇⬇⬇,-0.3458,-0.75,-0.5625
603685,晨丰科技,54.88,True,27.24,29.23,1,0.51,-10.51,-5.69,-6.82,0.0,2026-07-14,2026-07-14,37.23,-0.1155,-0.3784,0.5189,0.0487,0.605,0.1351,0.226,-0.1039,0.4481,月线看多，中短期调整中,-0.5203,-0.2287,0.18
603806,福斯特,388.96,True,14.91,15.88,6,2.02,-15.06,-4.64,-6.12,0.0,2026-07-14,2026-07-14,40.17,0.4892,-0.352,0.6591,0.3528,0.6705,0.0,0.2257,-0.5637,0.2182,多周期共振看空 ⬇⬇⬇,-0.5292,-0.5152,-0.27
603586,金麒麟,25.27,True,12.89,13.5,2,10.58,-24.99,-12.31,-4.49,0.0,2026-07-14,2026-07-14,43.89,0.6818,-0.4944,0.6081,0.4114,0.7531,0.0,0.2257,-0.7564,0.1218,多周期共振看空 ⬇⬇⬇,-0.553,-0.626,-0.5625
002513,蓝丰生化,13.85,True,4.79,4.94,0,-2.7,-11.29,-7.5,-2.94,0.0,2026-07-14,2026-07-14,43.31,0.5779,-0.502,0.4725,0.3467,0.7403,0.2126,0.2256,-0.8085,0.0958,多周期共振看空 ⬇⬇⬇,-0.5957,-0.7038,-0.5625
601238,广汽集团,364.75,True,4.94,5.26,0,-3.11,-12.46,-6.85,-6.07,0.0,2026-07-14,2026-07-14,35.38,-0.4671,0.5658,0.3381,0.4,0.5641,0.4364,0.2254,-0.8632,0.0684,多周期共振看空 ⬇⬇⬇,-0.682,-0.75,-0.5625
002322,理工能科,35.07,True,9.98,10.01,0,-0.31,-9.27,-4.86,-0.31,0.0,2026-07-14,2026-07-14,44.81,-0.1562,-0.1149,0.2921,0.154,0.7736,0.5132,0.2254,-0.782,0.109,多周期共振看空 ⬇⬇⬇,-0.5709,-0.6669,-0.5625
603355,莱克电气,145.3,True,25.34,27.81,14,15.87,-12.45,0.75,-8.87,0.0198,2026-07-14,2026-07-14,37.64,0.2463,-0.2124,0.8309,0.2628,0.6143,0.0,0.2252,-0.4036,0.2982,多周期共振看空 ⬇⬇⬇,-0.1746,-0.3998,-0.3375
603082,北自科技,14.15,True,34.9,40.15,12,26.24,-15.3,3.51,-13.08,0.0,2026-07-14,2026-07-14,9.5,0.7824,-0.2808,0.7163,0.5571,0.0,0.0,0.2251,-0.0904,0.4548,多周期方向不一致，观望,0.0705,-0.2329,-0.225
603788,宁波高发,30.11,True,13.5,13.92,0,-0.54,-7.48,-4.68,-3.02,0.0,2026-07-14,2026-07-14,39.26,0.1736,-0.1952,0.2826,0.2261,0.6503,0.529,0.2249,-0.7663,0.1169,多周期共振看空 ⬇⬇⬇,-0.7262,-0.4993,-0.5625
002882,金龙羽,42.32,True,17.15,19.29,0,-0.98,-12.45,-6.88,-11.11,0.0,2026-07-14,2026-07-14,23.89,0.6456,0.1623,0.3977,0.6523,0.3087,0.3371,0.2248,-0.8854,0.0573,多周期共振看空 ⬇⬇⬇,-0.7605,-0.7315,-0.5625
002623,亚玛顿,28.26,True,14.67,15.98,2,2.05,-12.03,-7.23,-8.21,0.0,2026-07-14,2026-07-14,42.79,0.1183,0.213,0.7372,0.3562,0.7286,0.0,0.2247,-0.6468,0.1766,多周期共振看空 ⬇⬇⬇,-0.4937,-0.5034,-0.495
000877,天山股份,258.82,True,3.64,3.76,0,-3.13,-9.28,-5.97,-3.13,0.0,2026-07-14,2026-07-14,35.82,0.0662,0.1218,0.2351,0.2884,0.5738,0.6082,0.2247,-0.8392,0.0804,多周期共振看空 ⬇⬇⬇,-0.6205,-0.75,-0.5625
603072,天和磁材,41.28,True,32.7,37.98,17,13.43,-15.96,0.67,-13.91,0.0,2026-07-14,2026-07-14,28.81,0.6558,-0.1604,0.6433,0.5293,0.4179,0.0,0.2247,-0.5509,0.2246,多周期共振看空 ⬇⬇⬇,-0.2046,-0.473,-0.5625
601026,道生天合,15.11,True,13.6,14.52,0,-0.01,-9.49,-5.48,-6.33,0.0,2026-07-14,2026-07-14,36.49,0.3242,-0.2633,0.3475,0.2892,0.5887,0.4208,0.2246,-0.7095,0.1452,周线日线共振看空,-0.756,-0.45,
000822,山东海化,36.52,True,4.08,4.16,0,-1.9,-10.34,-6.97,-1.9,0.0,2026-07-14,2026-07-14,40.78,0.0661,0.0892,0.3405,0.2753,0.6839,0.4326,0.2245,-0.8115,0.0943,多周期共振看空 ⬇⬇⬇,-0.625,-0.6854,-0.5625
002204,大连重工,98.5,True,5.1,5.34,0,-0.96,-6.2,-4.04,-4.54,0.0,2026-07-14,2026-07-14,34.29,-0.003,0.3618,0.2649,0.3447,0.5397,0.5584,0.2242,-0.8523,0.0739,多周期共振看空 ⬇⬇⬇,-0.7652,-0.7223,-0.495
000525,红太阳,44.47,True,4.0,4.11,0,-0.52,-12.11,-6.34,-2.64,0.0,2026-07-14,2026-07-14,41.84,0.3357,-0.2384,0.4248,0.3061,0.7075,0.2919,0.2242,-0.7783,0.1109,多周期共振看空 ⬇⬇⬇,-0.529,-0.6946,-0.5625
002243,力合科创,82.48,True,6.85,6.78,1,1.0,-18.55,-10.41,1.0,0.0,2026-07-13,2026-07-14,44.87,0.6056,-0.7469,0.5322,0.3633,0.7749,0.1131,0.2241,-0.809,0.0955,多周期共振看空 ⬇⬇⬇,-0.6205,-0.6837,-0.5625
002076,星光股份,20.95,True,2.01,2.33,2,2.37,-14.81,-6.48,-13.79,0.0,2026-07-14,2026-07-14,28.97,0.2043,-0.1117,0.6957,0.2779,0.4216,0.0,0.2241,-0.1581,0.4209,多周期方向不一致，观望,-0.657,-0.0352,-0.0967
603119,浙江荣泰,150.89,True,56.93,66.8,3,6.2,-15.12,-4.82,-14.77,0.0,2026-07-14,2026-07-14,33.97,0.774,-0.5172,0.6965,0.4644,0.5327,0.0,0.224,-0.5902,0.2049,多周期共振看空 ⬇⬇⬇,-0.456,-0.3437,-0.5625
002672,东江环保,30.32,True,3.35,3.53,5,11.53,-10.06,-3.15,-5.11,0.0,2026-07-14,2026-07-14,36.0,0.6657,-0.1627,0.9383,0.5343,0.5778,0.0,0.2239,-0.757,0.1215,多周期共振看空 ⬇⬇⬇,-0.4097,-0.75,-0.5625
600271,航天信息,120.07,True,6.48,6.72,1,1.11,-8.12,-4.44,-3.63,0.0,2026-07-14,2026-07-14,41.55,0.0443,0.1866,0.3749,0.3012,0.701,0.3752,0.2238,-0.8329,0.0836,多周期共振看空 ⬇⬇⬇,-0.6152,-0.7408,-0.5625
600810,神马股份,64.41,True,5.96,6.34,11,10.81,-11.76,-0.01,-5.98,0.0253,2026-07-14,2026-07-14,28.02,0.6137,-0.1523,0.4941,0.5073,0.4004,0.1765,0.2237,-0.7048,0.1476,多周期共振看空 ⬇⬇⬇,-0.319,-0.7131,-0.5625
002255,海陆重工,51.42,True,8.06,9.12,8,4.94,-13.41,-3.02,-11.66,0.0,2026-07-14,2026-07-14,36.44,0.6495,-0.1557,0.5499,0.5274,0.5875,0.0835,0.2236,-0.827,0.0865,多周期共振看空 ⬇⬇⬇,-0.7003,-0.7223,-0.495
601778,晶科科技,137.01,True,3.68,4.28,0,-9.95,-18.1,-13.24,-13.97,0.0,2026-07-14,2026-07-14,22.15,0.5428,-0.1038,0.4214,0.4842,0.2699,0.2977,0.2234,-0.5496,0.2252,多周期共振看空 ⬇⬇⬇,-0.774,-0.3048,-0.2396
603500,祥和实业,32.0,True,9.62,11.5,9,19.19,-19.6,-2.17,-16.34,0.0,2026-07-14,2026-07-14,31.44,0.7985,-0.8975,0.6698,0.4791,0.4765,0.0,0.2232,-0.5528,0.2236,多周期共振看空 ⬇⬇⬇,-0.2785,-0.4813,-0.495
600481,双良节能,86.7,True,4.2,4.65,3,5.39,-15.37,-7.31,-9.71,0.0,2026-07-14,2026-07-14,46.64,0.5991,-0.6876,0.7283,0.3595,0.8142,0.0,0.2231,-0.7678,0.1161,多周期共振看空 ⬇⬇⬇,-0.787,-0.5179,-0.495
002053,云南能投,85.17,True,9.25,9.51,1,5.04,-18.54,-7.96,-2.71,0.0,2026-07-14,2026-07-14,49.33,0.0375,0.0275,0.7419,0.2335,0.874,0.0,0.2231,-0.6376,0.1812,多周期共振看空 ⬇⬇⬇,-0.4308,-0.4695,-0.5625
002613,北玻股份,24.99,True,3.23,3.98,5,8.01,-22.95,-11.61,-18.94,0.0,2026-07-14,2026-07-14,15.42,0.9007,-0.7898,0.6995,0.5404,0.1205,0.0,0.2231,-0.2248,0.3876,多周期方向不一致，观望,-0.5145,-0.1198,-0.4275
001268,联合精密,19.99,True,21.19,26.99,9,3.86,-21.49,-4.39,-21.49,0.0,2026-07-14,2026-07-14,23.8,-0.3872,0.7866,0.8226,0.4,0.3066,0.0,0.2229,-0.2251,0.3875,月线震荡，中短期走弱,-0.5656,-0.1594,-0.1125
001288,运机集团,0.0,True,23.0,24.93,8,9.5,-11.7,-1.96,-7.74,0.0,2026-07-14,2026-07-14,27.4,0.5341,-0.0295,0.5309,0.5087,0.3867,0.1152,0.2228,-0.5873,0.2063,多周期共振看空 ⬇⬇⬇,-0.3307,-0.5124,-0.495
603618,杭电股份,232.92,True,33.69,46.26,14,29.78,-32.16,2.29,-27.17,0.0,2026-07-14,2026-07-14,19.81,-0.1134,-0.1629,1.0518,0.1348,0.218,0.0,0.2227,0.3046,0.6523,上升趋势中的日线回调（关注买点）,-0.1688,0.6061,0.5625
002358,森源电气,48.16,True,5.18,5.6,0,-2.09,-9.87,-6.16,-7.44,0.0,2026-07-14,2026-07-14,22.45,0.6816,-0.1342,0.3863,0.5553,0.2766,0.3562,0.2227,-0.7241,0.138,多周期共振看空 ⬇⬇⬇,-0.774,-0.5906,-0.3375
002264,新 华 都,38.11,True,5.82,5.9,0,-0.37,-10.94,-5.08,-1.35,0.0,2026-07-14,2026-07-14,42.86,0.0316,0.0278,0.348,0.2301,0.7302,0.4201,0.2226,-0.7993,0.1003,多周期共振看空 ⬇⬇⬇,-0.64,-0.7131,-0.495
603039,泛微网络,94.91,True,30.85,35.89,3,20.18,-19.96,-7.17,-14.04,0.0,2026-07-14,2026-07-14,34.68,0.7177,-0.54,0.6411,0.4306,0.5486,0.0,0.2225,-0.5673,0.2163,多周期共振看空 ⬇⬇⬇,-0.4548,-0.2945,-0.5625
002664,信质集团,65.86,True,16.36,18.11,4,7.98,-11.75,-3.36,-9.67,0.0,2026-07-14,2026-07-14,38.53,0.4794,-0.053,0.6375,0.4664,0.634,0.0,0.2224,-0.7279,0.1361,多周期共振看空 ⬇⬇⬇,-0.506,-0.6035,-0.5625
001217,华尔泰,27.8,True,8.47,8.87,0,-0.38,-9.56,-5.1,-4.54,0.0,2026-07-14,2026-07-14,37.61,0.1674,0.218,0.4126,0.3876,0.6135,0.3124,0.2224,-0.8273,0.0863,多周期共振看空 ⬇⬇⬇,-0.6115,-0.7315,-0.5625
002043,兔 宝 宝,88.59,True,10.97,11.45,1,0.35,-8.07,-4.38,-4.2,0.0,2026-07-14,2026-07-14,40.38,0.2585,-0.5373,0.3343,0.1551,0.6751,0.4428,0.2223,-0.6342,0.1829,多周期共振看空 ⬇⬇⬇,-0.6725,-0.4799,-0.3375
002205,国统股份,18.44,True,9.92,10.51,0,-0.12,-13.25,-8.48,-5.62,0.0,2026-07-14,2026-07-14,38.03,-0.1857,0.9857,0.4611,0.4,0.6229,0.2316,0.2222,-0.795,0.1025,多周期共振看空 ⬇⬇⬇,-0.6505,-0.6271,-0.5625
603331,百达精工,21.29,True,10.53,10.95,0,-0.66,-12.15,-7.17,-3.85,0.0,2026-07-14,2026-07-14,42.96,0.0626,0.11,0.4876,0.2816,0.7324,0.1874,0.2222,-0.7021,0.149,多周期共振看空 ⬇⬇⬇,-0.607,-0.6854,-0.3375
600151,航天机电,135.68,True,9.46,11.08,0,-0.03,-14.63,-7.7,-14.63,0.0,2026-07-14,2026-07-14,36.05,0.1005,0.8402,0.7053,0.4603,0.5789,0.0,0.2221,-0.6546,0.1727,多周期共振看空 ⬇⬇⬇,-0.6299,-0.5613,-0.3375
002899,英派斯,30.42,True,20.58,22.12,0,-2.09,-13.73,-8.61,-6.97,0.0,2026-07-14,2026-07-14,35.35,0.3726,0.018,0.5277,0.4308,0.5633,0.1205,0.222,-0.6857,0.1572,多周期共振看空 ⬇⬇⬇,-0.774,-0.506,-0.3375
002651,利君股份,40.77,True,7.21,7.58,1,1.69,-8.59,-3.85,-4.84,0.0,2026-07-14,2026-07-14,41.3,0.0281,0.1991,0.3799,0.2965,0.6955,0.3669,0.2219,-0.8272,0.0864,多周期共振看空 ⬇⬇⬇,-0.622,-0.7223,-0.5625
605122,四方新材,18.24,True,10.58,11.08,0,-3.95,-10.09,-7.44,-4.54,0.0,2026-07-14,2026-07-14,33.66,0.09,0.1995,0.3554,0.3338,0.5257,0.4077,0.2219,-0.7157,0.1421,多周期共振看空 ⬇⬇⬇,-0.6115,-0.4863,-0.5625
603088,宁波精达,37.96,True,8.67,9.84,4,1.6,-13.19,-3.59,-11.9,0.0,2026-07-14,2026-07-14,25.86,0.4926,0.1001,0.5081,0.5356,0.3525,0.1532,0.2218,-0.6278,0.1861,多周期共振看空 ⬇⬇⬇,-0.5588,-0.5634,-0.3375
601218,吉鑫科技,39.44,True,4.07,4.37,0,-4.46,-10.86,-8.22,-6.79,0.0,2026-07-14,2026-07-14,31.45,0.1302,0.0915,0.3362,0.3147,0.4767,0.4397,0.2218,-0.6532,0.1734,多周期共振看空 ⬇⬇⬇,-0.625,-0.5625,-0.3375
600610,中毅达,44.15,True,6.23,6.72,0,-1.97,-12.74,-8.82,-7.31,0.0,2026-07-14,2026-07-14,30.6,0.7933,-0.6589,0.4078,0.476,0.4578,0.3203,0.2214,-0.7961,0.1019,多周期共振看空 ⬇⬇⬇,-0.616,-0.6592,-0.5625
600831,广电网络,21.54,True,3.03,3.08,1,0.87,-14.18,-7.35,-1.56,0.0,2026-07-14,2026-07-14,44.58,-0.0156,-0.0609,0.3657,0.1756,0.7684,0.3905,0.2214,-0.7445,0.1277,多周期共振看空 ⬇⬇⬇,-0.5454,-0.6063,-0.5625
600841,动力新科,63.62,True,6.1,6.4,2,2.78,-11.17,-6.04,-4.72,0.0,2026-07-14,2026-07-14,42.23,0.1293,0.2257,0.5947,0.3678,0.7162,0.0088,0.2213,-0.6844,0.1578,多周期共振看空 ⬇⬇⬇,-0.5938,-0.6577,-0.3375
000707,双环科技,23.63,True,4.29,4.42,0,-2.41,-9.29,-5.11,-2.88,0.0,2026-07-14,2026-07-14,35.78,0.2911,-0.0793,0.3197,0.343,0.5729,0.4671,0.2213,-0.8392,0.0804,多周期共振看空 ⬇⬇⬇,-0.6205,-0.75,-0.5625
000917,电广传媒,90.72,True,6.4,6.82,3,4.05,-11.61,-5.07,-6.21,0.0,2026-07-14,2026-07-14,30.77,0.7814,-0.3159,0.5588,0.5424,0.4615,0.0687,0.2212,-0.7068,0.1466,多周期共振看空 ⬇⬇⬇,-0.499,-0.6307,-0.495
603937,丽岛新材,22.18,True,10.62,13.41,6,9.56,-24.95,-4.1,-20.79,0.0,2026-07-14,2026-07-14,30.26,-0.1304,1.3355,0.765,0.4,0.4503,0.0,0.2211,-0.4118,0.2941,多周期共振看空 ⬇⬇⬇,-0.5421,-0.283,-0.1575
002096,易普力,109.53,True,8.83,9.1,0,-2.92,-12.51,-7.07,-2.92,0.0,2026-07-14,2026-07-14,31.91,0.6493,-0.6567,0.3257,0.3896,0.487,0.4572,0.2207,-0.8079,0.0961,多周期共振看空 ⬇⬇⬇,-0.5403,-0.75,-0.5625
603881,数据港,208.19,True,24.15,25.33,1,3.29,-15.82,-7.57,-4.65,0.0,2026-07-14,2026-07-14,40.23,-0.2255,0.343,0.7534,0.3372,0.6718,0.0,0.2206,-0.5812,0.2094,多周期共振看空 ⬇⬇⬇,-0.4834,-0.5256,-0.3375
603210,泰鸿万立,31.25,True,13.43,13.6,2,1.08,-8.22,-2.72,-1.28,0.012,2026-07-14,2026-07-14,41.4,0.4707,-0.4431,0.495,0.3052,0.6978,0.175,0.2204,-0.7311,0.1345,多周期共振看空 ⬇⬇⬇,-0.3434,-0.75,-0.5625
603429,*ST集友,38.76,True,7.39,8.79,7,14.9,-16.86,-5.2,-15.91,0.0,2026-07-14,2026-07-14,20.49,0.5537,0.7581,0.6443,0.7322,0.2331,0.0,0.22,-0.691,0.1545,多周期共振看空 ⬇⬇⬇,-0.582,-0.4574,-0.5625
002093,国脉科技,62.26,True,6.18,6.51,0,-1.75,-10.1,-5.39,-5.03,0.0,2026-07-14,2026-07-14,37.84,-0.1808,0.3504,0.3502,0.3401,0.6186,0.4163,0.2199,-0.8607,0.0696,多周期共振看空 ⬇⬇⬇,-0.6757,-0.75,-0.5625
000973,佛塑科技,83.06,True,11.72,14.14,8,9.07,-18.41,-3.44,-17.1,0.0,2026-07-14,2026-07-14,25.13,0.3536,-0.2047,0.7296,0.3303,0.3363,0.0,0.2198,-0.1739,0.4131,月线看多，中短期调整中,-0.71,-0.3994,0.18
002537,海联金汇,61.11,True,5.22,5.52,0,-3.01,-10.13,-6.05,-5.43,0.0,2026-07-14,2026-07-14,33.8,0.2948,0.0849,0.3739,0.4108,0.529,0.3768,0.2197,-0.8357,0.0822,多周期共振看空 ⬇⬇⬇,-0.6115,-0.75,-0.5625
002593,日上集团,22.76,True,4.06,4.14,0,-1.33,-10.65,-5.83,-1.83,0.0,2026-07-14,2026-07-14,45.71,-0.1199,-0.0061,0.3578,0.1976,0.7937,0.4037,0.2195,-0.8357,0.0822,多周期共振看空 ⬇⬇⬇,-0.6115,-0.75,-0.5625
002112,三变科技,38.26,True,14.6,16.38,2,3.46,-11.75,-5.15,-10.88,0.0,2026-07-14,2026-07-14,19.64,0.8033,-0.2191,0.4539,0.5944,0.2143,0.2436,0.2194,-0.6479,0.176,多周期共振看空 ⬇⬇⬇,-0.6036,-0.5691,-0.3375
603279,景津装备,70.61,True,12.25,12.43,0,-0.81,-11.67,-6.26,-1.45,0.0,2026-07-14,2026-07-14,49.25,0.0423,-0.4998,0.2842,0.0255,0.8722,0.5263,0.2193,-0.7544,0.1228,多周期共振看空 ⬇⬇⬇,-0.6025,-0.6467,-0.495
002836,新宏泽,21.04,True,9.13,9.62,0,-2.94,-10.47,-6.99,-5.09,0.0,2026-07-14,2026-07-14,36.02,0.0325,0.2809,0.3515,0.3319,0.5781,0.4142,0.2192,-0.8025,0.0988,多周期共振看空 ⬇⬇⬇,-0.616,-0.7408,-0.495
002240,盛新锂能,301.99,True,33.08,42.24,7,9.36,-25.42,-6.44,-21.68,0.0,2026-07-14,2026-07-14,20.93,0.575,-0.5969,0.8202,0.345,0.2429,0.0,0.219,-0.0914,0.4543,月线看多，中短期调整中,-0.5376,-0.2667,0.2925
600391,航发科技,93.59,True,28.35,32.52,5,6.77,-15.44,-4.0,-12.83,0.0,2026-07-14,2026-07-14,39.06,-0.2269,0.4154,0.8044,0.3662,0.6459,0.0,0.219,-0.6087,0.1956,多周期共振看空 ⬇⬇⬇,-0.5376,-0.5394,-0.3375
603920,世运电路,292.92,True,40.65,47.76,0,-0.75,-21.36,-12.7,-14.89,0.0,2026-07-14,2026-07-14,29.64,0.5554,-0.0199,0.6854,0.5253,0.4364,0.0,0.2189,-0.6131,0.1935,多周期共振看空 ⬇⬇⬇,-0.72,-0.3929,-0.3375
001328,登康口腔,42.89,True,26.52,26.74,3,4.93,-11.87,-3.89,-0.83,0.0,2026-07-14,2026-07-14,49.37,0.0138,-0.132,0.4321,0.1555,0.8748,0.2799,0.2189,-0.771,0.1145,多周期共振看空 ⬇⬇⬇,-0.4763,-0.7237,-0.5625
600498,烽火通信,640.13,True,50.34,67.87,13,39.03,-25.83,6.64,-25.83,0.0,2026-07-14,2026-07-14,14.83,0.3356,-0.5281,0.893,0.2014,0.1073,0.0,0.2189,0.3006,0.6503,上升趋势中的日线整理,-0.0377,0.363,0.45
002765,蓝黛科技,41.11,True,6.9,7.45,3,4.54,-11.26,-4.78,-7.4,0.0,2026-07-14,2026-07-14,40.27,0.3351,0.1123,0.5471,0.4459,0.6726,0.0882,0.2186,-0.842,0.079,多周期共振看空 ⬇⬇⬇,-0.6278,-0.75,-0.5625
600416,湘电股份,127.66,True,8.65,9.88,1,0.02,-14.06,-6.19,-12.47,0.0,2026-07-14,2026-07-14,23.87,0.4567,0.8678,0.4985,0.674,0.3082,0.1691,0.2186,-0.8346,0.0827,多周期共振看空 ⬇⬇⬇,-0.839,-0.5526,-0.5625
002054,德美化工,26.19,True,6.82,7.05,1,1.66,-9.92,-4.45,-3.25,0.0,2026-07-14,2026-07-14,33.82,-0.0522,0.5999,0.4882,0.4,0.5294,0.1863,0.2185,-0.6767,0.1617,多周期共振看空 ⬇⬇⬇,-0.5573,-0.672,-0.3375
603000,人民网,169.06,True,15.29,15.38,1,1.42,-11.28,-5.49,-0.56,0.0,2026-07-14,2026-07-14,47.42,0.0931,-0.2101,0.4204,0.1718,0.8316,0.2993,0.2183,-0.7658,0.1171,多周期共振看空 ⬇⬇⬇,-0.4646,-0.7223,-0.5625
000665,湖北广电,42.41,True,3.73,3.78,1,0.71,-10.49,-6.35,-1.24,0.0,2026-07-14,2026-07-14,43.33,0.1401,-0.235,0.3723,0.1901,0.7407,0.3795,0.2182,-0.7513,0.1244,多周期共振看空 ⬇⬇⬇,-0.406,-0.7408,-0.5625
002278,神开股份,26.87,True,7.49,7.82,0,-3.44,-10.17,-6.45,-4.24,0.0,2026-07-14,2026-07-14,36.75,-0.435,0.249,0.3545,0.2996,0.5945,0.4091,0.2182,-0.7745,0.1128,多周期共振看空 ⬇⬇⬇,-0.625,-0.604,-0.5625
003022,联泓新科,265.42,True,19.89,24.71,10,12.99,-22.95,-2.76,-19.49,0.0,2026-07-14,2026-07-14,19.09,0.4178,-0.4181,0.5576,0.2834,0.202,0.0706,0.218,-0.0086,0.4957,多周期方向不一致，观望,-0.3495,-0.0867,0.3484
603232,格尔软件,32.66,True,14.12,15.21,0,-2.88,-17.81,-11.2,-7.16,0.0,2026-07-14,2026-07-14,26.33,0.7043,-0.2751,0.5165,0.5126,0.363,0.1391,0.2179,-0.624,0.188,多周期共振看空 ⬇⬇⬇,-0.4607,-0.4816,-0.495
603657,春光科技,29.66,True,21.94,24.21,6,13.32,-17.39,-3.86,-9.38,0.0,2026-07-14,2026-07-14,46.62,0.2297,-0.2315,0.7454,0.2452,0.8138,0.0,0.2179,-0.6259,0.187,多周期共振看空 ⬇⬇⬇,-0.4736,-0.4071,-0.5625
002892,科力尔,45.25,True,9.03,9.5,0,-0.06,-14.12,-6.28,-4.93,0.0,2026-07-14,2026-07-14,38.62,0.588,-0.536,0.4867,0.3528,0.6359,0.1888,0.2178,-0.7366,0.1317,多周期共振看空 ⬇⬇⬇,-0.4349,-0.6837,-0.5625
002531,天顺风能,136.15,True,7.62,8.39,0,-5.74,-14.0,-10.74,-9.14,0.0,2026-07-14,2026-07-14,24.43,-0.0887,0.0753,0.407,0.2301,0.3206,0.3216,0.2177,-0.2689,0.3656,月线震荡，中短期走弱,-0.7875,-0.3325,0.1037
002890,弘宇股份,22.51,True,13.94,14.54,5,8.49,-10.63,-2.02,-4.1,0.0,2026-07-14,2026-07-14,47.52,-0.255,-0.3443,0.4798,0.0623,0.8339,0.2004,0.2175,-0.5205,0.2398,多周期共振看空 ⬇⬇⬇,-0.5747,-0.3139,-0.3375
002337,赛象科技,25.58,True,4.35,4.56,0,-2.51,-10.94,-6.59,-4.63,0.0,2026-07-14,2026-07-14,38.66,0.007,0.1754,0.3379,0.2744,0.6368,0.4369,0.2172,-0.8147,0.0927,多周期共振看空 ⬇⬇⬇,-0.6115,-0.7038,-0.5625
603131,上海沪工,50.7,True,15.05,17.43,4,4.65,-13.64,-4.75,-13.64,0.0,2026-07-14,2026-07-14,40.74,0.0443,1.3848,0.8238,0.4266,0.6832,0.0,0.2168,-0.7677,0.1161,多周期共振看空 ⬇⬇⬇,-0.5912,-0.6179,-0.5625
002160,常铝股份,37.31,True,3.62,3.89,1,3.74,-16.39,-9.37,-6.99,0.0,2026-07-14,2026-07-14,32.26,0.655,-0.1885,0.6763,0.5176,0.4946,0.0,0.2168,-0.6875,0.1562,多周期共振看空 ⬇⬇⬇,-0.5705,-0.5269,-0.495
002880,卫光生物,48.06,True,21.19,21.21,1,3.52,-12.28,-5.5,-0.09,0.0,2026-07-14,2026-07-14,48.73,-0.4153,0.0339,0.4812,0.2136,0.8606,0.1981,0.2167,-0.7994,0.1003,多周期共振看空 ⬇⬇⬇,-0.5831,-0.6946,-0.5625
601727,上海电气,831.37,True,6.59,6.99,0,-3.46,-11.22,-5.95,-5.78,0.0,2026-07-14,2026-07-14,30.94,0.5784,-0.521,0.2728,0.347,0.4652,0.5454,0.2165,-0.8176,0.0912,多周期共振看空 ⬇⬇⬇,-0.664,-0.6652,-0.5625
000565,渝三峡Ａ,24.93,True,5.75,5.93,0,-0.09,-10.29,-6.25,-3.07,0.0,2026-07-14,2026-07-14,42.62,0.1002,-0.1349,0.3769,0.2061,0.725,0.3719,0.2165,-0.7654,0.1173,多周期共振看空 ⬇⬇⬇,-0.607,-0.5994,-0.5625
002198,ST嘉应,17.2,True,3.39,3.3,6,3.42,-16.71,-6.23,2.87,0.0114,2026-07-09,2026-07-14,55.84,0.1307,-0.2944,0.6233,0.1606,0.9812,0.0,0.2163,-0.7314,0.1343,多周期共振看空 ⬇⬇⬇,-0.3873,-0.7131,-0.5625
603107,上海汽配,25.05,True,11.48,11.71,0,-1.3,-9.15,-4.95,-1.95,0.0,2026-07-14,2026-07-14,39.0,-0.0921,0.02,0.2718,0.208,0.6445,0.547,0.216,-0.8156,0.0922,多周期共振看空 ⬇⬇⬇,-0.5924,-0.7223,-0.5625
002031,巨轮智能,99.51,True,5.2,5.66,2,5.23,-16.91,-6.53,-8.05,0.0,2026-07-14,2026-07-14,39.6,0.6287,-0.612,0.8231,0.3772,0.6578,0.0,0.216,-0.6647,0.1677,多周期共振看空 ⬇⬇⬇,-0.5469,-0.4296,-0.5625
002660,茂硕电源,21.57,True,6.29,6.65,0,-4.32,-10.0,-7.38,-5.42,0.0,2026-07-14,2026-07-14,33.33,0.3614,-0.0381,0.3847,0.4016,0.5185,0.3589,0.216,-0.8241,0.0879,多周期共振看空 ⬇⬇⬇,-0.625,-0.7131,-0.5625
605196,华通线缆,127.55,True,25.26,27.41,0,-5.24,-25.37,-16.85,-7.84,0.0,2026-07-14,2026-07-14,38.28,-0.1673,1.3495,0.8661,0.4,0.6285,0.0,0.2157,-0.6686,0.1657,多周期共振看空 ⬇⬇⬇,-0.575,-0.6392,-0.3375
002253,川大智胜,19.57,True,9.32,10.15,0,-2.74,-12.03,-6.77,-8.19,0.0,2026-07-14,2026-07-14,37.2,-0.2744,1.5924,0.5769,0.4,0.6045,0.0386,0.2157,-0.671,0.1645,多周期共振看空 ⬇⬇⬇,-0.756,-0.3317,-0.495
002977,*ST天箭,15.55,True,23.33,23.37,7,10.16,-17.7,-4.81,-0.15,0.0,2026-07-14,2026-07-14,51.92,0.2516,-0.4925,0.7191,0.1539,0.9316,0.0,0.2157,-0.6389,0.1805,多周期共振看空 ⬇⬇⬇,-0.1931,-0.6762,-0.5625
000158,常山北明,201.35,True,12.68,13.41,0,-0.73,-13.58,-6.56,-5.46,0.0,2026-07-14,2026-07-14,34.46,0.4058,-0.2733,0.3771,0.3341,0.5435,0.3715,0.2151,-0.7633,0.1184,多周期共振看空 ⬇⬇⬇,-0.4475,-0.7315,-0.5625
000403,派林生物,87.2,True,9.27,9.55,0,-1.09,-22.46,-11.62,-2.93,0.0,2026-07-14,2026-07-14,49.35,-0.0695,0.2167,0.5893,0.2867,0.8744,0.0179,0.215,-0.8023,0.0988,多周期共振看空 ⬇⬇⬇,-0.571,-0.7113,-0.5625
002340,格林美,328.42,True,6.47,6.84,1,4.09,-10.01,-4.63,-5.44,0.0,2026-07-14,2026-07-14,28.8,0.6923,-0.4037,0.4659,0.4539,0.4177,0.2235,0.2149,-0.6872,0.1564,多周期共振看空 ⬇⬇⬇,-0.527,-0.5637,-0.495
603421,鼎信通讯,37.04,True,5.68,6.15,0,-2.45,-11.1,-7.38,-7.69,0.0,2026-07-14,2026-07-14,28.12,0.2706,0.256,0.3938,0.4647,0.4028,0.3436,0.2145,-0.7859,0.107,多周期共振看空 ⬇⬇⬇,-0.7,-0.6323,-0.495
603616,韩建河山,19.48,True,5.07,5.92,5,5.87,-14.37,-4.51,-14.37,0.0,2026-07-14,2026-07-14,28.91,0.7302,-0.3358,0.7034,0.5038,0.4203,0.0,0.2144,-0.5951,0.2025,多周期共振看空 ⬇⬇⬇,-0.4866,-0.5533,-0.3375
002879,长缆科技,17.43,True,12.71,13.59,0,-0.45,-10.73,-6.57,-6.48,0.0,2026-07-14,2026-07-14,34.38,0.1957,0.0996,0.3745,0.3573,0.5418,0.3758,0.2144,-0.8072,0.0964,多周期共振看空 ⬇⬇⬇,-0.682,-0.6946,-0.495
600410,华胜天成,163.93,True,14.95,16.34,2,4.16,-15.15,-7.37,-8.53,0.0,2026-07-14,2026-07-14,34.03,0.27,0.2775,0.6951,0.473,0.534,0.0,0.2143,-0.6835,0.1583,多周期共振看空 ⬇⬇⬇,-0.613,-0.6392,-0.3375
002362,汉王科技,30.1,True,14.5,15.85,4,5.25,-13.59,-6.28,-8.53,0.0,2026-07-14,2026-07-14,31.35,0.8636,-0.842,0.4873,0.5182,0.4744,0.1878,0.2143,-0.8339,0.0831,多周期共振看空 ⬇⬇⬇,-0.7021,-0.6684,-0.5625
002545,东方铁塔,183.31,True,16.22,17.61,0,-1.94,-15.81,-8.92,-7.87,0.0,2026-07-14,2026-07-14,31.3,0.5017,-0.1396,0.5653,0.4452,0.4734,0.0578,0.2142,-0.6127,0.1936,多周期共振看空 ⬇⬇⬇,-0.5527,-0.5354,-0.3375
002667,*ST威领,25.81,True,10.91,12.38,0,-8.94,-36.53,-22.94,-11.85,0.0,2026-07-14,2026-07-14,36.56,-0.4374,25.3894,0.7789,0.4,0.5901,0.0,0.2142,-0.6347,0.1826,多周期共振看空 ⬇⬇⬇,-0.6205,-0.5256,-0.3375
600847,万里股份,18.21,True,11.88,13.48,2,2.61,-14.39,-6.67,-11.9,0.0,2026-07-14,2026-07-14,18.5,0.741,-0.3555,0.499,0.5024,0.1889,0.1683,0.2141,-0.4524,0.2738,多周期共振看空 ⬇⬇⬇,-0.6012,-0.209,-0.27
002951,金时科技,50.9,True,12.69,14.63,2,8.39,-22.66,-11.87,-13.28,0.0,2026-07-14,2026-07-14,36.71,0.4876,-0.3858,0.7875,0.3383,0.5935,0.0,0.214,-0.5417,0.2292,多周期共振看空 ⬇⬇⬇,-0.511,-0.2575,-0.495
603161,科华控股,23.73,True,12.44,13.75,8,8.28,-10.98,-2.37,-9.52,0.0,2026-07-14,2026-07-14,23.83,0.712,-0.4867,0.4374,0.4325,0.3074,0.271,0.214,-0.5654,0.2173,多周期共振看空 ⬇⬇⬇,-0.4231,-0.5424,-0.3375
603400,华之杰,13.71,True,48.98,54.49,0,-6.17,-17.55,-10.48,-10.1,0.0,2026-07-14,2026-07-14,21.21,0.3785,-0.0225,0.3823,0.4181,0.2491,0.3629,0.2139,-0.547,0.2265,多周期共振看空 ⬇⬇⬇,-0.664,-0.2956,-0.3375
600071,凤凰光学,0.0,True,15.21,16.71,2,3.55,-10.63,-3.55,-8.96,0.0,2026-07-14,2026-07-14,28.88,0.7462,-0.3726,0.4489,0.4987,0.4195,0.2519,0.2138,-0.7922,0.1039,多周期共振看空 ⬇⬇⬇,-0.5432,-0.7131,-0.5625
000859,国风新材,72.21,True,8.06,10.03,9,10.04,-21.71,-5.98,-19.62,0.0,2026-07-14,2026-07-14,22.49,0.8434,-0.7755,0.848,0.506,0.2775,0.0,0.2137,-0.4333,0.2833,多周期共振看空 ⬇⬇⬇,-0.3907,-0.2799,-0.3375
002454,松芝股份,41.67,True,4.75,4.99,0,-1.68,-11.76,-6.97,-4.9,0.0,2026-07-14,2026-07-14,36.03,0.0312,0.0234,0.3597,0.2281,0.5784,0.4004,0.2136,-0.6707,0.1647,多周期共振看空 ⬇⬇⬇,-0.607,-0.4587,-0.495
002291,遥望科技,40.85,True,4.7,4.93,0,-3.09,-11.29,-7.64,-4.67,0.0,2026-07-14,2026-07-14,34.48,0.4526,-0.3247,0.3639,0.3417,0.5441,0.3936,0.2135,-0.8065,0.0968,多周期共振看空 ⬇⬇⬇,-0.625,-0.6744,-0.5625
601890,亚星锚链,76.66,True,7.99,8.4,2,0.61,-6.42,-3.15,-4.88,0.0,2026-07-14,2026-07-14,37.55,0.2105,-0.1055,0.401,0.2841,0.6122,0.3317,0.2133,-0.7478,0.1261,多周期共振看空 ⬇⬇⬇,-0.562,-0.6669,-0.495
601908,京运通,70.26,True,2.91,3.06,0,-2.22,-14.07,-8.09,-4.9,0.0,2026-07-14,2026-07-14,45.45,0.0464,-0.2614,0.4267,0.1233,0.7879,0.2889,0.2133,-0.6676,0.1662,多周期共振看空 ⬇⬇⬇,-0.5057,-0.5387,-0.495
000625,长安汽车,573.74,True,6.94,7.15,0,-1.51,-9.81,-4.96,-2.94,0.0,2026-07-14,2026-07-14,47.37,0.1408,-0.4467,0.319,0.1058,0.8304,0.4683,0.2133,-0.8343,0.0828,多周期共振看空 ⬇⬇⬇,-0.6081,-0.75,-0.5625
603166,福达股份,68.04,True,10.62,13.61,10,21.35,-25.4,-2.11,-21.98,0.0,2026-07-14,2026-07-14,21.66,0.5792,0.1789,0.9169,0.6191,0.2591,0.0,0.2132,-0.5957,0.2021,多周期共振看空 ⬇⬇⬇,-0.3799,-0.4212,-0.5625
601515,衢州东峰,61.78,True,3.21,3.38,0,-0.68,-15.1,-8.33,-5.11,0.0,2026-07-14,2026-07-14,32.26,-0.1703,0.6939,0.4878,0.4,0.4946,0.187,0.213,-0.6791,0.1604,多周期共振看空 ⬇⬇⬇,-0.607,-0.4098,-0.5625
002518,科士达,218.14,True,38.6,47.79,6,7.68,-22.35,-5.6,-19.24,0.0,2026-07-14,2026-07-14,34.42,0.2221,-0.1008,0.8486,0.293,0.5427,0.0,0.213,-0.4163,0.2918,多周期共振看空 ⬇⬇⬇,-0.4273,-0.3237,-0.225
002632,道明光学,49.46,True,8.61,9.2,0,-0.33,-11.53,-6.08,-6.39,0.0,2026-07-14,2026-07-14,35.38,-0.0306,0.9847,0.5711,0.4,0.564,0.0482,0.2129,-0.6525,0.1738,多周期共振看空 ⬇⬇⬇,-0.4027,-0.5939,-0.495
603048,浙江黎明,25.62,True,17.44,18.56,1,0.52,-9.39,-4.54,-6.02,0.0,2026-07-14,2026-07-14,37.67,0.259,-0.4754,0.4153,0.1652,0.615,0.3079,0.2127,-0.5472,0.2264,多周期共振看空 ⬇⬇⬇,-0.5388,-0.4034,-0.3375
002334,英威腾,49.91,True,6.79,7.4,0,-2.46,-16.04,-9.49,-8.26,0.0,2026-07-14,2026-07-14,25.12,0.8204,-0.7326,0.3884,0.4922,0.336,0.3527,0.2124,-0.7741,0.1129,多周期共振看空 ⬇⬇⬇,-0.729,-0.5139,-0.5625
603897,长城科技,55.26,True,26.77,33.08,1,0.86,-23.28,-14.39,-19.08,0.0,2026-07-14,2026-07-14,25.5,0.0098,0.1165,0.7728,0.2525,0.3444,0.0,0.2124,-0.1184,0.4408,月线看多，中短期调整中,-0.5566,-0.2667,0.18
000410,沈阳机床,88.5,True,4.49,4.79,1,0.37,-11.31,-5.72,-6.23,0.0,2026-07-14,2026-07-14,39.64,0.4182,-0.1421,0.4695,0.3941,0.6588,0.2175,0.2122,-0.8973,0.0514,多周期共振看空 ⬇⬇⬇,-0.7695,-0.75,-0.5625
002363,隆基机械,25.44,True,6.12,6.25,0,-0.96,-10.35,-5.65,-2.09,0.0,2026-07-14,2026-07-14,42.77,-0.0504,-0.035,0.3436,0.186,0.7282,0.4274,0.2121,-0.8165,0.0917,多周期共振看空 ⬇⬇⬇,-0.6054,-0.7131,-0.5625
603023,威帝股份,19.81,True,3.55,3.72,0,-1.35,-11.65,-7.23,-4.49,0.0,2026-07-14,2026-07-14,35.16,0.1854,0.0357,0.4951,0.3255,0.559,0.1748,0.212,-0.6354,0.1823,多周期共振看空 ⬇⬇⬇,-0.4841,-0.4865,-0.495
603277,银都股份,61.77,True,10.13,10.3,4,3.15,-11.27,-4.44,-1.61,0.0,2026-07-14,2026-07-14,47.22,-0.2676,-0.2741,0.3379,0.0904,0.8272,0.4369,0.2119,-0.7917,0.1042,多周期共振看空 ⬇⬇⬇,-0.4988,-0.75,-0.5625
002987,京北方,95.35,True,9.42,10.2,0,-1.9,-14.36,-8.24,-7.62,0.0,2026-07-14,2026-07-14,27.27,0.7776,-0.5426,0.3683,0.4666,0.3838,0.3862,0.2118,-0.8214,0.0893,多周期共振看空 ⬇⬇⬇,-0.575,-0.75,-0.5625
600268,国电南自,105.81,True,10.42,11.53,0,-1.23,-11.9,-5.78,-9.63,0.0,2026-07-14,2026-07-14,20.77,0.3173,0.1279,0.3232,0.4415,0.2394,0.4613,0.2117,-0.6695,0.1653,多周期共振看空 ⬇⬇⬇,-0.765,-0.4783,-0.3375
003015,日久光电,27.18,True,10.99,12.15,5,4.18,-11.16,-3.0,-9.51,0.0,2026-07-14,2026-07-14,35.5,0.6102,-0.3847,0.4909,0.4123,0.5668,0.1819,0.2116,-0.7924,0.1038,多周期共振看空 ⬇⬇⬇,-0.5329,-0.7223,-0.5625
600550,保变电气,192.07,True,10.43,11.69,2,1.98,-12.87,-6.28,-10.77,0.0,2026-07-14,2026-07-14,20.06,0.7355,-0.0302,0.4929,0.6292,0.2236,0.1784,0.2116,-0.725,0.1375,多周期共振看空 ⬇⬇⬇,-0.698,-0.6577,-0.3375
600468,百利电气,54.93,True,5.05,5.54,2,2.81,-12.31,-6.56,-8.83,0.0,2026-07-14,2026-07-14,39.52,0.4407,-0.1813,0.5756,0.3919,0.6559,0.0407,0.2114,-0.7554,0.1223,多周期共振看空 ⬇⬇⬇,-0.765,-0.6669,-0.3375
002372,伟星新材,112.23,True,7.63,8.32,0,-1.39,-10.53,-6.69,-8.27,0.0,2026-07-14,2026-07-14,32.04,-0.4729,1.6795,0.3435,0.4,0.4898,0.4274,0.2112,-0.8797,0.0601,多周期共振看空 ⬇⬇⬇,-0.857,-0.7038,-0.495
600326,西藏天路,85.43,True,6.27,6.65,0,-3.23,-10.82,-7.09,-5.69,0.0,2026-07-14,2026-07-14,35.29,-0.1245,0.2677,0.3321,0.3071,0.5621,0.4466,0.2112,-0.8332,0.0834,多周期共振看空 ⬇⬇⬇,-0.616,-0.7408,-0.5625
600724,宁波富达,75.71,True,5.24,5.6,0,-3.24,-18.11,-9.05,-6.43,0.0,2026-07-14,2026-07-14,42.38,-0.049,-0.0577,0.705,0.1769,0.7196,0.0,0.2111,-0.4575,0.2712,多周期共振看空 ⬇⬇⬇,-0.4573,-0.276,-0.3375
600103,青山纸业,61.28,True,2.77,3.12,0,-3.75,-15.35,-10.46,-11.33,0.0,2026-07-14,2026-07-14,26.13,0.7134,-0.472,0.4426,0.4392,0.3584,0.2623,0.2111,-0.6536,0.1732,多周期共振看空 ⬇⬇⬇,-0.7785,-0.3417,-0.4275
002298,中电鑫龙,45.2,True,6.84,7.57,0,-5.17,-16.0,-8.97,-9.65,0.0,2026-07-14,2026-07-14,28.46,0.4597,-0.0152,0.4571,0.4697,0.4103,0.2381,0.211,-0.7465,0.1267,多周期共振看空 ⬇⬇⬇,-0.566,-0.5931,-0.5625
600651,飞乐音响,135.63,True,5.41,5.63,0,-0.98,-10.99,-6.32,-3.9,0.0,2026-07-14,2026-07-14,39.84,0.0008,0.1024,0.34,0.2414,0.6631,0.4334,0.211,-0.8405,0.0797,多周期共振看空 ⬇⬇⬇,-0.6455,-0.7315,-0.5625
600714,金瑞矿业,43.75,True,15.18,20.14,0,-3.77,-31.57,-20.75,-24.62,0.0,2026-07-14,2026-07-14,19.12,0.206,-0.0088,0.6891,0.3201,0.2026,0.0,0.2108,-0.069,0.4655,月线看多，中短期调整中,-0.675,-0.1998,0.45
002339,积成电子,31.16,True,6.51,7.03,0,-4.71,-12.46,-8.61,-7.42,0.0,2026-07-14,2026-07-14,29.32,0.2974,-0.0354,0.3742,0.3643,0.4293,0.3763,0.2107,-0.7134,0.1433,多周期共振看空 ⬇⬇⬇,-0.625,-0.6946,-0.3375
002587,奥拓电子,29.09,True,5.46,6.72,11,11.68,-20.9,-3.09,-18.77,0.0,2026-07-14,2026-07-14,30.23,0.5757,-0.5332,0.7324,0.3454,0.4495,0.0,0.2107,-0.4066,0.2967,多周期共振看空 ⬇⬇⬇,-0.4529,-0.348,-0.1575
603042,华脉科技,25.7,True,12.31,14.12,7,9.83,-21.39,-6.27,-12.8,0.0,2026-07-14,2026-07-14,23.76,0.7853,-0.4165,0.8206,0.5046,0.3058,0.0,0.2106,-0.4898,0.2551,多周期共振看空 ⬇⬇⬇,-0.6307,-0.3001,-0.2358
001269,欧晶科技,34.35,True,17.85,21.58,4,5.63,-19.0,-11.26,-17.29,0.0,2026-07-14,2026-07-14,32.63,0.7915,-0.7292,0.7818,0.4749,0.5028,0.0,0.2105,-0.6795,0.1603,多周期共振看空 ⬇⬇⬇,-0.6432,-0.3795,-0.5625
002309,中利集团,59.91,True,2.49,2.79,0,-5.39,-15.37,-11.28,-10.78,0.0,2026-07-14,2026-07-14,23.91,0.3877,0.0276,0.448,0.4437,0.3092,0.2534,0.2105,-0.5996,0.2002,多周期共振看空 ⬇⬇⬇,-0.575,-0.4875,-0.3375
002562,兄弟科技,35.14,True,4.32,4.49,0,-2.23,-8.52,-5.22,-3.73,0.0,2026-07-14,2026-07-14,34.17,-0.1407,0.325,0.3537,0.33,0.537,0.4105,0.2104,-0.8173,0.0913,多周期共振看空 ⬇⬇⬇,-0.575,-0.7408,-0.5625
002248,华东数控,25.8,True,8.39,9.1,1,0.58,-11.99,-6.25,-7.75,0.0,2026-07-14,2026-07-14,36.31,0.4882,-0.342,0.4676,0.3561,0.5846,0.2206,0.2104,-0.7647,0.1176,多周期共振看空 ⬇⬇⬇,-0.673,-0.6087,-0.495
002190,成飞集成,76.19,True,21.24,24.07,1,0.64,-12.21,-6.14,-11.77,0.0,2026-07-14,2026-07-14,25.92,0.7171,-0.2146,0.4841,0.5445,0.3537,0.1932,0.2103,-0.7678,0.1161,多周期共振看空 ⬇⬇⬇,-0.6631,-0.5565,-0.5625
000697,炼石航空,55.71,True,8.53,10.15,2,2.34,-18.67,-7.38,-15.93,0.0,2026-07-14,2026-07-14,10.18,0.6512,-0.5786,0.4827,0.3907,0.004,0.1955,0.2103,-0.1036,0.4482,月线看多，中短期调整中,-0.6975,-0.1998,0.3041
003027,同兴科技,16.84,True,16.06,17.56,0,-2.44,-16.08,-10.24,-8.54,0.0,2026-07-14,2026-07-14,38.71,0.2715,-0.017,0.5532,0.3561,0.6381,0.0779,0.2103,-0.7156,0.1422,多周期共振看空 ⬇⬇⬇,-0.765,-0.422,-0.495
603206,嘉环科技,41.08,True,13.46,16.0,8,7.24,-17.45,-6.15,-15.88,0.0,2026-07-14,2026-07-14,20.22,0.9016,-0.7965,0.5185,0.541,0.2272,0.1358,0.2102,-0.5654,0.2173,多周期共振看空 ⬇⬇⬇,-0.553,-0.2737,-0.495
002759,天际股份,98.79,True,19.72,25.06,4,3.02,-21.3,-7.94,-21.3,0.0,2026-07-13,2026-07-13,21.32,0.7513,0.1437,0.7332,0.7083,0.2515,0.0,0.2101,-0.7542,0.1229,多周期共振看空 ⬇⬇⬇,-0.788,-0.4871,-0.495
002297,博云新材,122.13,True,21.31,27.51,15,42.37,-22.54,8.85,-22.54,0.0,2026-07-14,2026-07-14,4.02,0.2087,-0.4892,0.8911,0.1296,0.0,0.0,0.2101,0.4734,0.7367,上升趋势中的日线整理,0.0941,0.5865,0.5625
603090,宏盛股份,47.2,True,47.2,53.71,2,0.93,-14.7,-8.34,-12.12,0.0,2026-07-14,2026-07-14,28.75,0.3002,0.195,0.6225,0.4581,0.4166,0.0,0.21,-0.553,0.2235,多周期共振看空 ⬇⬇⬇,-0.5106,-0.4403,-0.3375
600876,凯盛新能,26.27,True,6.64,7.58,3,13.03,-16.15,-8.59,-12.41,0.0,2026-07-14,2026-07-14,26.45,0.6532,0.1052,0.7521,0.634,0.3655,0.0,0.2098,-0.7749,0.1125,多周期共振看空 ⬇⬇⬇,-0.513,-0.7008,-0.5625
001356,富岭股份,0.0,True,8.41,8.6,0,-1.91,-10.41,-6.02,-2.23,0.0,2026-07-14,2026-07-14,42.35,0.236,-0.6442,0.294,0.1416,0.7188,0.51,0.2097,-0.8196,0.0902,多周期共振看空 ⬇⬇⬇,-0.6025,-0.7223,-0.5625
603876,鼎胜新材,190.13,True,20.46,24.84,6,10.43,-19.46,-3.98,-17.65,0.0,2026-07-14,2026-07-14,20.05,0.3812,-0.3736,0.5888,0.2793,0.2233,0.0186,0.2096,-0.0533,0.4733,月线看多，中短期调整中,-0.5775,-0.209,0.45
603655,朗博科技,29.47,True,27.8,29.87,0,-0.37,-13.88,-8.73,-6.93,0.0,2026-07-14,2026-07-14,39.15,0.5241,-0.3874,0.6151,0.3595,0.6479,0.0,0.2096,-0.6762,0.1619,多周期共振看空 ⬇⬇⬇,-0.6267,-0.454,-0.495
002037,保利联合,28.94,True,5.98,6.31,0,-3.33,-9.2,-6.69,-5.22,0.0,2026-07-14,2026-07-14,34.97,-0.1464,0.2177,0.3187,0.2871,0.5548,0.4689,0.2095,-0.8241,0.0879,多周期共振看空 ⬇⬇⬇,-0.625,-0.7131,-0.5625
000561,烽火电子,53.33,True,6.87,7.41,1,0.84,-7.83,-4.86,-7.29,0.0,2026-07-14,2026-07-14,40.37,-0.0742,0.7093,0.5386,0.4,0.6749,0.1023,0.2095,-0.8554,0.0723,多周期共振看空 ⬇⬇⬇,-0.6728,-0.7408,-0.5625
002085,万丰奥威,214.45,True,10.1,11.43,5,9.63,-13.83,-4.73,-11.61,0.0,2026-07-14,2026-07-14,25.95,0.8763,-0.6445,0.4392,0.5258,0.3545,0.2679,0.2095,-0.8049,0.0976,多周期共振看空 ⬇⬇⬇,-0.5717,-0.7164,-0.5625
600178,东安动力,39.28,True,8.42,9.52,15,8.03,-11.54,0.62,-11.54,0.0,2026-07-14,2026-07-14,37.26,0.6364,-0.6431,0.6615,0.3818,0.6058,0.0,0.2093,-0.6638,0.1681,多周期共振看空 ⬇⬇⬇,-0.2965,-0.6423,-0.5625
003029,吉大正元,27.49,True,15.61,16.49,0,-2.61,-10.75,-6.39,-5.32,0.0,2026-07-14,2026-07-14,33.77,-0.4021,0.3875,0.3515,0.355,0.5283,0.4142,0.2089,-0.8625,0.0687,多周期共振看空 ⬇⬇⬇,-0.691,-0.7408,-0.5625
002953,日丰股份,23.6,True,8.7,9.07,0,-2.79,-9.52,-5.96,-4.03,0.0,2026-07-14,2026-07-14,35.38,-0.4345,0.1527,0.309,0.2611,0.5639,0.485,0.2084,-0.8154,0.0923,多周期共振看空 ⬇⬇⬇,-0.6025,-0.7131,-0.5625
000720,新能泰山,40.08,True,3.19,3.68,0,-8.9,-18.58,-14.32,-13.23,0.0,2026-07-14,2026-07-14,17.95,0.7992,-0.4129,0.456,0.5143,0.1766,0.2399,0.2084,-0.5599,0.2201,多周期共振看空 ⬇⬇⬇,-0.7785,-0.2933,-0.27
002300,太阳电缆,43.63,True,6.04,6.74,0,-6.37,-13.7,-9.95,-10.37,0.0,2026-07-14,2026-07-14,19.3,0.2085,0.2615,0.3313,0.4297,0.2066,0.4479,0.2084,-0.6266,0.1867,多周期共振看空 ⬇⬇⬇,-0.7,-0.4397,-0.3375
000530,冰山冷热,29.05,True,4.84,5.19,0,-3.95,-14.49,-7.98,-6.66,0.0,2026-07-14,2026-07-14,32.93,0.7091,-0.787,0.4827,0.4255,0.5095,0.1955,0.2083,-0.7821,0.1089,多周期共振看空 ⬇⬇⬇,-0.5514,-0.6837,-0.5625
002777,久远银海,48.7,True,12.04,12.43,0,-1.58,-10.59,-5.87,-3.14,0.0,2026-07-14,2026-07-14,39.64,-0.1376,0.0872,0.3456,0.2349,0.6588,0.424,0.2081,-0.8409,0.0796,多周期共振看空 ⬇⬇⬇,-0.625,-0.75,-0.5625
600640,国脉文化,79.71,True,10.07,10.18,1,2.1,-10.69,-5.4,-1.09,0.0,2026-07-14,2026-07-14,45.25,-0.0184,-0.486,0.3335,0.0056,0.7833,0.4442,0.2081,-0.6391,0.1804,多周期共振看空 ⬇⬇⬇,-0.3939,-0.5045,-0.5625
002801,微光股份,31.68,True,27.36,28.89,2,4.63,-11.29,-4.28,-5.29,0.0,2026-07-14,2026-07-14,40.94,0.3955,-0.3874,0.5005,0.2824,0.6876,0.1658,0.2081,-0.7449,0.1275,多周期共振看空 ⬇⬇⬇,-0.5501,-0.6031,-0.5625
003006,百亚股份,55.8,True,13.02,14.36,2,1.84,-11.06,-4.91,-9.31,0.0,2026-07-14,2026-07-14,39.49,-0.3603,3.167,0.5237,0.4,0.6553,0.1272,0.2079,-0.8651,0.0675,多周期共振看空 ⬇⬇⬇,-0.7086,-0.7315,-0.5625
002835,同为股份,14.29,True,11.23,11.74,0,-0.86,-8.92,-5.08,-4.31,0.0,2026-07-14,2026-07-14,38.69,0.176,-0.1483,0.3272,0.2463,0.6375,0.4546,0.2078,-0.8604,0.0698,多周期共振看空 ⬇⬇⬇,-0.6749,-0.75,-0.5625
603109,神驰机电,34.31,True,16.43,16.97,0,-1.52,-13.38,-7.37,-3.16,0.0,2026-07-14,2026-07-14,40.92,0.2939,-0.3562,0.3973,0.2339,0.6871,0.3378,0.2077,-0.8075,0.0963,多周期共振看空 ⬇⬇⬇,-0.5717,-0.7223,-0.5625
600506,统一股份,34.57,True,13.85,14.55,0,-2.76,-14.33,-8.61,-4.83,0.0,2026-07-14,2026-07-14,31.93,0.2121,0.2795,0.606,0.439,0.4873,0.0,0.2076,-0.6266,0.1867,多周期共振看空 ⬇⬇⬇,-0.5182,-0.4379,-0.495
000936,华西股份,44.12,True,4.98,5.36,0,-5.43,-12.07,-7.9,-7.09,0.0,2026-07-14,2026-07-14,24.82,0.51,-0.1835,0.3168,0.4326,0.3293,0.4721,0.2075,-0.8048,0.0976,多周期共振看空 ⬇⬇⬇,-0.6205,-0.6744,-0.5625
603089,正裕工业,20.09,True,8.37,8.72,0,-3.27,-13.08,-7.92,-4.06,0.0,2026-07-14,2026-07-14,37.32,-0.1681,0.2788,0.4006,0.3115,0.6072,0.3323,0.2072,-0.8357,0.0822,多周期共振看空 ⬇⬇⬇,-0.6115,-0.75,-0.5625
600678,ST金顶,20.8,True,5.96,6.52,11,9.21,-8.64,0.39,-8.64,0.0,2026-07-14,2026-07-14,40.0,0.3655,-0.319,0.6519,0.2917,0.6667,0.0,0.2071,-0.61,0.195,多周期共振看空 ⬇⬇⬇,-0.1802,-0.6238,-0.5625
603275,众辰科技,14.78,True,35.58,39.07,3,3.56,-11.25,-4.47,-8.93,0.0,2026-07-14,2026-07-14,35.94,0.5311,-0.4178,0.4846,0.3515,0.5764,0.1923,0.207,-0.7521,0.124,多周期共振看空 ⬇⬇⬇,-0.7278,-0.4667,-0.5625
000733,振华科技,243.25,True,43.9,54.04,13,13.03,-20.92,-0.27,-18.77,0.0,2026-07-14,2026-07-14,33.45,0.2807,-0.4691,0.8576,0.1808,0.521,0.0,0.207,-0.2583,0.3709,多周期共振看空 ⬇⬇⬇,-0.1857,-0.1836,-0.225
603280,南方路机,26.67,True,24.6,25.88,0,-0.01,-8.61,-4.87,-4.96,0.0,2026-07-14,2026-07-14,37.9,0.3849,-0.3526,0.3663,0.2899,0.62,0.3895,0.2068,-0.8649,0.0675,多周期共振看空 ⬇⬇⬇,-0.6865,-0.75,-0.5625
600960,渤海汽车,35.07,True,3.69,3.97,3,2.97,-9.2,-4.41,-7.11,0.0,2026-07-14,2026-07-14,44.19,0.1366,0.1354,0.5375,0.3361,0.7597,0.1041,0.2067,-0.879,0.0605,多周期共振看空 ⬇⬇⬇,-0.7334,-0.7408,-0.5625
003019,宸展光电,44.73,True,26.15,30.04,0,-3.78,-19.6,-11.51,-12.95,0.0,2026-07-14,2026-07-14,30.95,0.6026,-0.6746,0.6878,0.3616,0.4655,0.0,0.2066,-0.4846,0.2577,多周期共振看空 ⬇⬇⬇,-0.6224,-0.194,-0.3375
603033,三维股份,82.22,True,8.12,9.13,5,9.23,-13.14,-5.24,-11.04,0.0,2026-07-14,2026-07-14,42.04,0.5464,-0.506,0.7815,0.3278,0.712,0.0,0.2066,-0.7258,0.1371,多周期共振看空 ⬇⬇⬇,-0.7663,-0.3759,-0.5625
002122,ST汇洲,46.71,True,2.35,2.41,4,2.8,-14.89,-5.12,-2.57,0.0,2026-07-14,2026-07-14,50.6,-0.556,-0.2382,0.4932,0.1047,0.9023,0.1781,0.2065,-0.7405,0.1297,多周期共振看空 ⬇⬇⬇,-0.4106,-0.7131,-0.5625
603982,泉峰汽车,18.98,True,5.59,5.79,0,-3.07,-11.78,-7.3,-3.45,0.0,2026-07-14,2026-07-14,40.74,-0.1007,0.085,0.3867,0.234,0.6831,0.3554,0.2064,-0.8273,0.0863,多周期共振看空 ⬇⬇⬇,-0.6115,-0.7315,-0.5625
601689,拓普集团,944.69,True,54.36,57.54,3,3.68,-14.65,-6.24,-5.53,0.0,2026-07-14,2026-07-14,43.71,0.2404,-0.2499,0.7251,0.2443,0.7492,0.0,0.2062,-0.6399,0.18,多周期共振看空 ⬇⬇⬇,-0.5243,-0.3945,-0.5625
603861,白云电器,65.33,True,12.36,13.83,2,4.61,-19.52,-9.57,-10.6,0.0,2026-07-14,2026-07-14,43.92,0.351,-0.3787,0.9681,0.2591,0.7538,0.0,0.2062,-0.6693,0.1653,多周期共振看空 ⬇⬇⬇,-0.6433,-0.5821,-0.3375
600281,华阳新材,20.42,True,3.97,4.25,0,-1.44,-12.69,-8.44,-6.58,0.0,2026-07-14,2026-07-14,34.04,0.501,0.101,0.5778,0.541,0.5343,0.037,0.2061,-0.8875,0.0563,多周期共振看空 ⬇⬇⬇,-0.7875,-0.7131,-0.5625
002813,路畅科技,22.17,True,18.5,19.49,0,-1.97,-10.54,-6.55,-5.08,0.0,2026-07-14,2026-07-14,38.06,0.1458,-0.0936,0.387,0.25,0.6236,0.355,0.2061,-0.7839,0.108,多周期共振看空 ⬇⬇⬇,-0.6115,-0.6363,-0.5625
002474,榕基软件,0.0,True,5.63,5.93,0,-1.68,-15.78,-9.06,-5.11,0.0,2026-07-14,2026-07-14,37.66,0.255,-0.1499,0.4153,0.293,0.6147,0.3079,0.2061,-0.8043,0.0978,多周期共振看空 ⬇⬇⬇,-0.6205,-0.6733,-0.5625
002779,中坚科技,117.87,True,71.09,76.69,10,12.36,-10.12,0.76,-7.3,0.0,2026-07-14,2026-07-14,47.19,0.307,-0.5928,0.7005,0.1842,0.8265,0.0,0.206,-0.6384,0.1808,多周期共振看空 ⬇⬇⬇,-0.2275,-0.6456,-0.5625
002795,永和智控,25.85,True,5.95,6.84,0,-0.22,-14.76,-7.52,-12.98,0.0,2026-07-14,2026-07-14,28.36,0.6532,-0.5484,0.5747,0.3919,0.4081,0.0421,0.2059,-0.5035,0.2483,多周期共振看空 ⬇⬇⬇,-0.6203,-0.3048,-0.27
600746,江苏索普,67.03,True,5.74,5.49,1,4.46,-12.7,-6.94,4.46,0.0,2026-07-13,2026-07-14,55.56,0.0654,-0.6277,0.4996,0.0392,0.9877,0.1673,0.2057,-0.736,0.132,多周期共振看空 ⬇⬇⬇,-0.607,-0.6023,-0.495
603193,润本股份,19.07,True,18.45,19.26,0,-3.67,-13.94,-6.99,-4.19,0.0,2026-07-14,2026-07-14,38.11,-0.0097,-0.1344,0.2947,0.1462,0.6246,0.5089,0.2055,-0.747,0.1265,多周期共振看空 ⬇⬇⬇,-0.607,-0.5589,-0.5625
601567,三星电气,189.56,True,13.49,14.57,1,4.45,-10.1,-4.09,-7.4,0.0,2026-07-14,2026-07-14,32.35,0.6451,-0.3723,0.4824,0.4381,0.4967,0.1961,0.2054,-0.8105,0.0948,多周期共振看空 ⬇⬇⬇,-0.6222,-0.6854,-0.5625
002855,捷荣技术,22.23,True,9.03,9.73,0,-2.95,-12.38,-8.39,-7.15,0.0,2026-07-14,2026-07-14,33.67,0.3795,-0.1436,0.4313,0.3703,0.526,0.2812,0.2053,-0.8063,0.0968,多周期共振看空 ⬇⬇⬇,-0.6115,-0.6854,-0.5625
002969,嘉美包装,133.7,True,12.24,13.95,0,-6.12,-15.59,-11.66,-12.26,0.0,2026-07-14,2026-07-14,27.58,0.6269,-0.3918,0.4924,0.4195,0.3907,0.1793,0.2052,-0.642,0.179,多周期共振看空 ⬇⬇⬇,-0.485,-0.6577,-0.3375
000420,吉林化纤,89.96,True,3.66,4.05,0,-0.52,-12.03,-4.98,-9.62,0.0,2026-07-14,2026-07-14,26.43,0.2893,-0.1231,0.4085,0.3243,0.3651,0.3192,0.2049,-0.5731,0.2134,多周期共振看空 ⬇⬇⬇,-0.55,-0.4506,-0.3375
002164,宁波东力,51.38,True,10.71,11.99,1,0.17,-13.25,-6.5,-10.68,0.0,2026-07-14,2026-07-14,34.48,0.6869,-0.6958,0.5736,0.4121,0.5439,0.0439,0.2048,-0.7087,0.1457,多周期共振看空 ⬇⬇⬇,-0.572,-0.5048,-0.5625
603220,中贝通信,83.29,True,19.18,21.75,4,6.76,-16.05,-6.5,-11.83,0.0,2026-07-14,2026-07-14,25.47,0.8018,-0.6968,0.57,0.4811,0.3437,0.0499,0.2047,-0.5847,0.2077,多周期共振看空 ⬇⬇⬇,-0.6242,-0.4125,-0.3375
002906,华阳集团,122.02,True,23.26,25.63,3,1.73,-13.25,-5.83,-9.23,0.0,2026-07-14,2026-07-14,32.44,0.7434,-0.6419,0.6011,0.446,0.4986,0.0,0.2046,-0.6749,0.1625,多周期共振看空 ⬇⬇⬇,-0.6012,-0.4054,-0.5625
600096,云天化,505.88,True,27.75,30.38,10,11.45,-13.41,-1.01,-8.67,0.0,2026-07-14,2026-07-14,21.99,0.7851,-0.3802,0.614,0.519,0.2664,0.0,0.2046,-0.5135,0.2433,多周期共振看空 ⬇⬇⬇,-0.3608,-0.4818,-0.3375
002438,江苏神通,59.83,True,12.76,14.42,0,-3.07,-12.85,-6.87,-11.53,0.0,2026-07-14,2026-07-14,22.79,0.7189,-0.3468,0.4152,0.4926,0.2843,0.308,0.2045,-0.7397,0.1301,多周期共振看空 ⬇⬇⬇,-0.7544,-0.6415,-0.3375
000839,国安股份,94.08,True,2.4,2.6,2,2.87,-13.0,-5.84,-7.87,0.0,2026-07-14,2026-07-14,28.0,0.7291,-0.3527,0.6058,0.4964,0.4,0.0,0.2044,-0.6386,0.1807,多周期共振看空 ⬇⬇⬇,-0.5323,-0.6098,-0.3375
603344,星德胜,12.77,True,23.64,24.98,0,-4.38,-18.65,-9.81,-5.36,0.0,2026-07-14,2026-07-14,40.75,0.3437,-0.4493,0.5032,0.2265,0.6834,0.1613,0.2042,-0.6781,0.1609,多周期共振看空 ⬇⬇⬇,-0.4827,-0.514,-0.5625
603578,三星新材,22.91,True,12.7,12.7,1,5.08,-13.47,-6.55,-0.01,0.0,2026-07-14,2026-07-14,39.12,-0.0366,0.0519,0.7593,0.2208,0.6471,0.0,0.2042,-0.4964,0.2518,多周期共振看空 ⬇⬇⬇,-0.2995,-0.4967,-0.3375
603218,日月股份,97.34,True,9.46,10.17,0,-2.22,-9.16,-5.85,-7.02,0.0,2026-07-14,2026-07-14,30.26,-0.154,0.2949,0.266,0.318,0.4503,0.5566,0.2038,-0.8637,0.0681,多周期共振看空 ⬇⬇⬇,-0.7695,-0.6762,-0.5625
001278,一彬科技,12.57,True,14.73,15.85,0,-2.47,-12.06,-7.46,-7.08,0.0,2026-07-14,2026-07-14,30.26,0.4433,-0.2615,0.4006,0.3613,0.4502,0.3324,0.2038,-0.7538,0.1231,多周期共振看空 ⬇⬇⬇,-0.6115,-0.6375,-0.495
600486,扬农化工,0.0,True,49.47,52.19,0,-0.26,-7.64,-4.47,-5.22,0.0,2026-07-14,2026-07-14,26.83,0.4338,-0.1317,0.3895,0.4076,0.374,0.3508,0.2037,-0.7518,0.1241,多周期共振看空 ⬇⬇⬇,-0.5506,-0.6854,-0.495
603390,通达电气,34.48,True,9.82,10.82,0,-3.07,-12.7,-7.52,-9.22,0.0,2026-07-14,2026-07-14,22.33,0.3502,0.0826,0.3397,0.4432,0.2741,0.4339,0.2037,-0.7553,0.1224,多周期共振看空 ⬇⬇⬇,-0.738,-0.4649,-0.5625
601399,国机重装,221.46,True,3.07,3.42,0,-1.21,-11.32,-5.83,-10.17,0.0,2026-07-14,2026-07-14,29.91,0.0788,0.3338,0.3923,0.3808,0.4424,0.3462,0.2036,-0.7883,0.1058,多周期共振看空 ⬇⬇⬇,-0.774,-0.7315,-0.3375
002451,摩恩电气,28.9,True,6.58,7.18,0,-3.87,-10.33,-7.24,-8.41,0.0,2026-07-14,2026-07-14,21.64,0.3487,0.1178,0.3251,0.4563,0.2586,0.4582,0.2035,-0.7793,0.1104,多周期共振看空 ⬇⬇⬇,-0.783,-0.7041,-0.3375
002218,拓日新能,48.57,True,3.5,3.84,0,-4.66,-12.06,-8.41,-8.75,0.0,2026-07-14,2026-07-14,32.17,0.4481,-0.4178,0.3814,0.3017,0.4928,0.3643,0.2034,-0.7384,0.1308,多周期共振看空 ⬇⬇⬇,-0.7,-0.6854,-0.3375
600273,嘉化能源,84.71,True,6.46,6.69,1,0.21,-6.11,-3.68,-3.5,0.0,2026-07-14,2026-07-14,38.36,0.1029,-0.2505,0.3168,0.1616,0.6303,0.4721,0.2032,-0.7667,0.1166,多周期共振看空 ⬇⬇⬇,-0.5565,-0.7131,-0.495
605255,天普股份,106.27,True,79.26,74.98,3,5.71,-15.69,-5.82,5.71,0.0449,2026-07-13,2026-07-14,49.32,-0.0879,-0.1951,0.948,0.1219,0.8737,0.0,0.2032,-0.726,0.137,多周期共振看空 ⬇⬇⬇,-0.3519,-0.7315,-0.5625
603790,雅运股份,41.62,True,21.75,23.69,2,1.97,-14.67,-6.34,-8.18,0.0,2026-07-14,2026-07-14,33.87,-0.0687,-0.3846,0.6657,0.0462,0.5305,0.0,0.2032,-0.085,0.4575,月线看多，中短期调整中,-0.461,-0.1894,0.18
000425,徐工机械,739.85,True,8.22,8.4,1,2.21,-11.02,-4.72,-2.16,0.0,2026-07-14,2026-07-14,51.81,-0.0197,-0.7924,0.4564,0.0,0.929,0.2393,0.203,-0.6821,0.1589,多周期共振看空 ⬇⬇⬇,-0.443,-0.5569,-0.5625
002649,博彦科技,43.02,True,8.02,8.31,0,-1.45,-10.79,-5.76,-3.48,0.0,2026-07-14,2026-07-14,39.74,0.3106,-0.4426,0.3372,0.2093,0.6608,0.438,0.2028,-0.8558,0.0721,多周期共振看空 ⬇⬇⬇,-0.6631,-0.75,-0.5625
603160,汇顶科技,251.16,True,53.9,58.58,12,7.15,-7.99,-0.38,-7.99,0.0087,2026-07-14,2026-07-14,36.16,0.2748,-0.2583,0.4857,0.2615,0.5814,0.1904,0.2024,-0.6703,0.1648,多周期共振看空 ⬇⬇⬇,-0.1874,-0.75,-0.5625
002738,中矿资源,373.82,True,52.56,58.74,10,10.22,-13.91,-2.06,-10.53,0.0,2026-07-14,2026-07-14,38.86,0.2872,-0.1362,0.7937,0.3179,0.6414,0.0,0.2023,-0.6599,0.17,多周期共振看空 ⬇⬇⬇,-0.6313,-0.5717,-0.3375
001212,中旗新材,0.0,True,36.87,44.61,0,-0.58,-18.82,-8.51,-17.35,0.0,2026-07-14,2026-07-14,14.1,0.7367,0.0782,0.529,0.6733,0.0911,0.1183,0.2019,-0.6663,0.1668,多周期共振看空 ⬇⬇⬇,-0.7335,-0.3407,-0.495
600207,安彩高科,47.28,True,4.34,5.41,0,-0.75,-23.61,-13.57,-19.79,0.0,2026-07-14,2026-07-14,22.39,0.799,-0.4706,0.6839,0.4911,0.2754,0.0,0.2015,-0.5043,0.2479,多周期共振看空 ⬇⬇⬇,-0.6885,-0.2483,-0.27
000903,ST云动,32.84,True,1.71,1.86,10,8.89,-9.6,-0.84,-8.26,0.0,2026-07-14,2026-07-14,33.85,0.3919,-0.33,0.4322,0.3031,0.5299,0.2797,0.2013,-0.7344,0.1328,多周期共振看空 ⬇⬇⬇,-0.3735,-0.7315,-0.5625
002912,中新赛克,28.58,True,17.62,18.67,0,-1.73,-10.92,-5.55,-5.61,0.0,2026-07-14,2026-07-14,35.74,-0.0828,0.1612,0.3284,0.2645,0.5721,0.4526,0.2011,-0.8632,0.0684,多周期共振看空 ⬇⬇⬇,-0.682,-0.75,-0.5625
600111,北方稀土,1439.88,True,39.83,47.42,7,9.2,-18.72,-3.01,-16.01,0.0,2026-07-14,2026-07-14,19.04,0.5228,0.1463,0.5709,0.5722,0.2008,0.0485,0.201,-0.587,0.2065,多周期共振看空 ⬇⬇⬇,-0.5188,-0.508,-0.3375
002212,天融信,64.64,True,5.54,5.83,0,-2.24,-11.05,-6.1,-5.01,0.0,2026-07-14,2026-07-14,39.07,0.0911,0.1123,0.4425,0.2996,0.646,0.2626,0.2008,-0.8583,0.0709,多周期共振看空 ⬇⬇⬇,-0.691,-0.7315,-0.5625
002117,东港股份,40.21,True,7.68,8.14,0,-3.4,-12.39,-6.71,-5.6,0.0,2026-07-14,2026-07-14,35.82,0.3349,-0.3625,0.3348,0.2559,0.5738,0.442,0.2007,-0.8464,0.0768,多周期共振看空 ⬇⬇⬇,-0.682,-0.7131,-0.5625
000890,法尔胜,29.57,True,7.05,8.07,0,-1.61,-18.38,-13.43,-12.63,0.0,2026-07-14,2026-07-14,34.9,0.0835,-0.552,0.7265,0.0501,0.5534,0.0,0.2005,-0.1404,0.4298,月线看多，中短期调整中,-0.5131,-0.4087,0.18
600444,国机通用,18.7,True,12.77,13.33,0,-1.83,-8.21,-5.62,-4.18,0.0,2026-07-14,2026-07-14,37.2,-0.004,0.0541,0.3383,0.2217,0.6045,0.4361,0.2005,-0.8248,0.0876,多周期共振看空 ⬇⬇⬇,-0.616,-0.7223,-0.5625
000547,航天发展,240.59,True,15.14,18.3,1,0.03,-17.28,-6.36,-17.28,0.0,2026-07-14,2026-07-14,34.36,-0.0083,1.0697,0.7794,0.4,0.5414,0.0,0.2004,-0.6862,0.1569,多周期共振看空 ⬇⬇⬇,-0.6289,-0.6316,-0.3375
002074,国轩高科,435.05,True,25.05,27.52,0,-1.3,-11.17,-7.09,-8.99,0.0,2026-07-14,2026-07-14,21.51,0.6307,-0.0897,0.3795,0.5426,0.2557,0.3676,0.2004,-0.8661,0.067,多周期共振看空 ⬇⬇⬇,-0.765,-0.6854,-0.5625
600478,科力远,77.28,True,4.64,5.17,2,1.88,-13.27,-7.12,-10.31,0.0,2026-07-14,2026-07-14,20.13,0.6886,0.0013,0.481,0.6137,0.2252,0.1983,0.2002,-0.8095,0.0953,多周期共振看空 ⬇⬇⬇,-0.765,-0.6283,-0.495
002725,跃岭股份,26.96,True,10.83,12.33,0,-2.73,-14.6,-8.07,-12.19,0.0,2026-07-14,2026-07-14,26.02,0.8164,-0.5082,0.595,0.4899,0.3559,0.0084,0.2002,-0.6159,0.192,多周期共振看空 ⬇⬇⬇,-0.5322,-0.4024,-0.495
600299,安迪苏,245.15,True,7.96,8.52,0,-6.42,-19.62,-10.65,-6.53,0.0,2026-07-14,2026-07-14,31.58,-0.5455,0.4167,0.5213,0.3667,0.4795,0.1312,0.2001,-0.6664,0.1668,多周期共振看空 ⬇⬇⬇,-0.625,-0.5913,-0.3375
600490,鹏欣资源,118.16,True,5.93,6.34,4,2.67,-15.3,-6.93,-6.48,0.0,2026-07-14,2026-07-14,36.33,0.0956,0.132,0.6436,0.3102,0.5851,0.0,0.2001,-0.5974,0.2013,多周期共振看空 ⬇⬇⬇,-0.4591,-0.4245,-0.495
600212,绿能慧充,26.24,True,4.94,5.33,0,-2.14,-11.63,-7.96,-7.25,0.0,2026-07-14,2026-07-14,34.54,0.1724,0.2402,0.5095,0.3995,0.5452,0.1508,0.2001,-0.813,0.0935,多周期共振看空 ⬇⬇⬇,-0.575,-0.7315,-0.5625
002771,真视通,20.85,True,11.95,13.36,1,1.23,-18.69,-8.82,-10.53,0.0,2026-07-14,2026-07-14,34.62,0.4254,-0.1558,0.6109,0.3929,0.5471,0.0,0.2,-0.6855,0.1573,多周期共振看空 ⬇⬇⬇,-0.6078,-0.4231,-0.5625
002753,永东股份,17.57,True,5.94,5.99,1,0.1,-10.25,-4.42,-0.87,0.0,2026-07-14,2026-07-14,38.97,-0.0114,-0.1314,0.3842,0.1474,0.6438,0.3596,0.1998,-0.698,0.151,多周期共振看空 ⬇⬇⬇,-0.3861,-0.6407,-0.5625
603383,顶点软件,52.62,True,25.62,27.62,0,-0.71,-10.36,-5.35,-7.24,0.0,2026-07-14,2026-07-14,32.4,0.6239,-0.486,0.4959,0.3799,0.4979,0.1735,0.1998,-0.7459,0.127,多周期共振看空 ⬇⬇⬇,-0.6054,-0.558,-0.5625
002209,达 意 隆,15.86,True,10.14,10.62,0,-1.48,-9.94,-6.51,-4.47,0.0,2026-07-14,2026-07-14,33.22,0.4283,-0.2612,0.4304,0.3525,0.516,0.2827,0.1996,-0.8122,0.0939,多周期共振看空 ⬇⬇⬇,-0.616,-0.6946,-0.5625
000572,海马汽车,57.48,True,3.5,3.79,1,2.05,-13.17,-8.24,-7.57,0.0,2026-07-14,2026-07-14,38.95,-0.323,0.8504,0.6062,0.4,0.6433,0.0,0.1995,-0.8162,0.0919,多周期共振看空 ⬇⬇⬇,-0.5615,-0.75,-0.5625
001238,浙江正特,37.63,True,25.93,27.82,3,0.73,-13.32,-4.3,-6.8,0.0,2026-07-14,2026-07-14,33.03,-0.4192,1.2385,0.4881,0.4,0.5117,0.1866,0.1991,-0.8105,0.0948,多周期共振看空 ⬇⬇⬇,-0.5469,-0.75,-0.5625
001335,信凯科技,8.28,True,32.41,41.1,6,4.32,-24.7,-9.36,-21.13,0.0,2026-07-14,2026-07-14,23.7,0.3202,0.1384,0.6173,0.4475,0.3044,0.0,0.1989,-0.4898,0.2551,多周期共振看空 ⬇⬇⬇,-0.6285,-0.3127,-0.225
605566,福莱蒽特,36.4,True,27.3,37.47,7,21.39,-30.5,-9.64,-27.13,0.0,2026-07-14,2026-07-14,5.97,0.7152,-0.6471,0.7802,0.4291,0.0,0.0,0.1989,-0.0952,0.4524,多周期方向不一致，观望,-0.4372,-0.0437,0.0
003021,兆威机电,169.85,True,81.9,90.13,2,5.51,-15.88,-6.47,-9.13,0.0,2026-07-14,2026-07-14,42.01,0.2502,-0.1245,0.7475,0.3003,0.7114,0.0,0.1988,-0.7437,0.1281,多周期共振看空 ⬇⬇⬇,-0.552,-0.5988,-0.5625
600892,大晟文化,18.18,True,3.25,3.5,1,3.19,-9.77,-4.51,-7.2,0.0,2026-07-14,2026-07-14,34.72,0.045,0.1154,0.5337,0.2732,0.5494,0.1105,0.1988,-0.5947,0.2026,多周期共振看空 ⬇⬇⬇,-0.5584,-0.3333,-0.495
002703,浙江世宝,73.72,True,12.58,14.39,0,-1.75,-16.03,-10.45,-12.56,0.0,2026-07-14,2026-07-14,26.13,0.5664,-0.253,0.4749,0.4386,0.3585,0.2085,0.1985,-0.7111,0.1445,多周期共振看空 ⬇⬇⬇,-0.8705,-0.4792,-0.3375
002920,德赛西威,482.07,True,80.8,84.19,4,4.9,-13.13,-6.44,-4.02,0.0,2026-07-14,2026-07-14,45.18,0.0246,-0.1307,0.4781,0.1624,0.7819,0.2031,0.1984,-0.7732,0.1134,多周期共振看空 ⬇⬇⬇,-0.473,-0.7315,-0.5625
600633,浙数文化,127.57,True,10.06,10.43,1,0.22,-10.57,-5.58,-3.56,0.0,2026-07-14,2026-07-14,41.48,-0.0958,-0.2497,0.3455,0.1001,0.6996,0.4241,0.1984,-0.7515,0.1243,多周期共振看空 ⬇⬇⬇,-0.6122,-0.5644,-0.5625
002271,东方雨虹,205.62,True,10.74,11.88,2,1.03,-11.69,-4.8,-9.58,0.0,2026-07-14,2026-07-14,36.26,-0.3623,0.3401,0.4948,0.336,0.5835,0.1753,0.1983,-0.792,0.104,多周期共振看空 ⬇⬇⬇,-0.848,-0.6762,-0.3375
002165,红 宝 丽,40.96,True,5.63,6.46,6,6.47,-18.27,-6.48,-12.86,0.0,2026-07-14,2026-07-14,23.62,0.9049,-0.808,0.6507,0.5429,0.3026,0.0,0.1982,-0.646,0.177,多周期共振看空 ⬇⬇⬇,-0.5004,-0.4959,-0.495
600592,龙溪股份,52.9,True,13.24,14.48,1,1.44,-22.34,-13.37,-8.55,0.0,2026-07-14,2026-07-14,42.09,0.4012,-0.2266,0.7044,0.3501,0.713,0.0,0.1981,-0.8312,0.0844,多周期共振看空 ⬇⬇⬇,-0.6775,-0.6837,-0.5625
600637,东方明珠,259.54,True,7.72,8.28,0,-2.52,-11.19,-6.4,-6.77,0.0,2026-07-14,2026-07-14,28.11,0.2088,-0.1631,0.3175,0.26,0.4024,0.4708,0.198,-0.6914,0.1543,多周期共振看空 ⬇⬇⬇,-0.6775,-0.4439,-0.495
002931,锋龙股份,106.42,True,52.88,67.81,14,21.84,-22.87,2.98,-22.02,0.0,2026-07-14,2026-07-14,33.27,0.4613,-0.5343,1.119,0.2768,0.517,0.0,0.1979,-0.4799,0.2601,多周期共振看空 ⬇⬇⬇,-0.1699,-0.5717,-0.3375
603191,望变电气,45.01,True,13.64,15.89,0,-3.36,-20.76,-9.54,-14.16,0.0,2026-07-14,2026-07-14,15.86,0.7307,0.1547,0.5697,0.7003,0.1301,0.0506,0.1978,-0.7347,0.1326,多周期共振看空 ⬇⬇⬇,-0.7228,-0.6577,-0.3375
002862,实丰文化,16.27,True,12.65,13.26,0,-4.24,-14.65,-9.36,-4.59,0.0,2026-07-14,2026-07-14,35.15,-0.2844,0.0466,0.3724,0.2186,0.5589,0.3794,0.1977,-0.7428,0.1286,多周期共振看空 ⬇⬇⬇,-0.6115,-0.5459,-0.5625
002639,雪人集团,77.84,True,11.8,13.38,0,-1.3,-13.53,-7.43,-11.82,0.0,2026-07-14,2026-07-14,34.72,0.3634,-0.0455,0.602,0.3998,0.5492,0.0,0.1976,-0.7176,0.1412,多周期共振看空 ⬇⬇⬇,-0.7736,-0.5766,-0.3375
003038,鑫铂股份,17.09,True,10.42,11.41,1,0.35,-9.97,-5.42,-8.65,0.0,2026-07-14,2026-07-14,23.53,0.4972,0.0743,0.3751,0.5281,0.3007,0.3749,0.1974,-0.9265,0.0368,多周期共振看空 ⬇⬇⬇,-0.866,-0.7315,-0.5625
603095,越剑智能,33.21,True,12.86,14.66,0,-6.32,-18.52,-13.34,-12.26,0.0,2026-07-14,2026-07-14,25.0,0.3313,-0.0019,0.4754,0.398,0.3333,0.2077,0.1971,-0.6262,0.1869,多周期共振看空 ⬇⬇⬇,-0.765,-0.4506,-0.27
603948,建业股份,32.81,True,20.19,24.34,9,8.68,-17.04,-1.36,-17.04,0.0,2026-07-14,2026-07-14,25.02,0.158,0.7764,0.7755,0.4948,0.3337,0.0,0.197,-0.6161,0.192,多周期共振看空 ⬇⬇⬇,-0.4678,-0.4581,-0.495
001221,悍高集团,13.09,True,36.36,40.65,0,-0.78,-11.61,-7.71,-10.56,0.0,2026-07-14,2026-07-14,28.26,-0.4156,0.4452,0.3706,0.3781,0.4058,0.3824,0.1969,-0.8223,0.0888,多周期共振看空 ⬇⬇⬇,-0.8935,-0.7038,-0.3375
002812,恩捷股份,441.77,True,53.7,64.53,9,7.01,-19.33,-3.0,-16.78,0.0,2026-07-14,2026-07-14,25.71,0.07,-0.1911,0.6889,0.1656,0.3491,0.0,0.1968,-0.1095,0.4452,月线看多，中短期调整中,-0.5938,-0.3048,0.2925
000045,深纺织Ａ,42.32,True,9.26,10.11,0,-1.06,-10.78,-5.99,-8.38,0.0,2026-07-14,2026-07-14,30.77,0.3943,-0.1767,0.3966,0.3659,0.4615,0.339,0.1966,-0.8377,0.0811,多周期共振看空 ⬇⬇⬇,-0.76,-0.6946,-0.495
002097,山河智能,73.48,True,6.85,7.41,0,-3.96,-11.39,-7.08,-7.59,0.0,2026-07-14,2026-07-14,30.1,-0.3384,0.2253,0.2977,0.2901,0.4467,0.5038,0.1963,-0.8325,0.0837,多周期共振看空 ⬇⬇⬇,-0.625,-0.7315,-0.5625
002709,天赐材料,575.99,True,38.17,49.7,11,10.2,-25.98,-2.98,-23.2,0.0,2026-07-14,2026-07-14,20.57,0.2124,-0.2524,0.8674,0.2264,0.2349,0.0,0.1961,-0.0752,0.4624,月线看多，中短期调整中,-0.4814,-0.2379,0.2925
600262,北方股份,32.74,True,19.26,20.48,2,0.54,-8.39,-4.27,-5.98,0.0,2026-07-14,2026-07-14,35.59,-0.4603,0.2596,0.3934,0.3038,0.5687,0.3444,0.1961,-0.8756,0.0622,多周期共振看空 ⬇⬇⬇,-0.8249,-0.7223,-0.495
603007,顺景科技,34.62,True,4.98,5.75,8,14.78,-15.53,-3.14,-13.41,0.0,2026-07-14,2026-07-14,20.42,0.7449,-0.2827,0.7342,0.5339,0.2316,0.0,0.1958,-0.5655,0.2172,多周期共振看空 ⬇⬇⬇,-0.4323,-0.5348,-0.3375
600331,宏达股份,213.97,True,10.53,11.49,0,-4.63,-16.15,-9.94,-8.37,0.0,2026-07-14,2026-07-14,37.25,0.1085,0.0592,0.586,0.2888,0.6057,0.0233,0.1957,-0.642,0.179,多周期共振看空 ⬇⬇⬇,-0.607,-0.5533,-0.3375
603081,大丰实业,35.79,True,8.47,8.9,0,-1.28,-10.62,-6.54,-4.88,0.0,2026-07-14,2026-07-14,35.03,0.0926,-0.1473,0.279,0.1966,0.5561,0.535,0.1952,-0.8481,0.076,多周期共振看空 ⬇⬇⬇,-0.6865,-0.7131,-0.5625
605151,西上海,24.19,True,17.98,18.66,2,5.14,-10.7,-5.54,-3.66,0.0,2026-07-14,2026-07-14,29.49,0.1224,0.1629,0.661,0.3386,0.4331,0.0,0.1951,-0.5009,0.2495,多周期共振看空 ⬇⬇⬇,-0.3525,-0.3037,-0.495
603626,科森科技,87.78,True,15.82,18.98,0,-0.76,-18.96,-11.46,-16.66,0.0,2026-07-14,2026-07-14,30.86,0.3576,-0.4769,0.6827,0.2238,0.4636,0.0,0.1945,-0.3584,0.3208,月线震荡，中短期走弱,-0.7207,-0.4598,-0.1272
600800,渤海化学,33.62,True,3.03,3.25,0,-3.04,-12.36,-8.98,-6.75,0.0,2026-07-14,2026-07-14,31.3,-0.2054,0.467,0.5043,0.3868,0.4734,0.1596,0.1944,-0.7598,0.1201,多周期共振看空 ⬇⬇⬇,-0.625,-0.6392,-0.495
002792,通宇通讯,98.0,True,29.01,34.37,0,-0.47,-15.6,-9.04,-15.6,0.0,2026-07-14,2026-07-14,33.75,0.1145,0.2745,0.6875,0.3785,0.5277,0.0,0.1944,-0.6837,0.1582,多周期共振看空 ⬇⬇⬇,-0.7928,-0.4855,-0.3375
002184,海得控制,22.04,True,9.17,9.73,1,1.08,-15.83,-8.8,-5.72,0.0,2026-07-14,2026-07-14,42.76,0.3285,-0.3331,0.583,0.2638,0.728,0.0283,0.1943,-0.7638,0.1181,多周期共振看空 ⬇⬇⬇,-0.5812,-0.6179,-0.5625
002888,惠威科技,12.89,True,17.2,20.44,12,15.8,-18.3,0.41,-15.84,0.0,2026-07-14,2026-07-14,19.34,0.3239,0.0793,0.655,0.4261,0.2077,0.0,0.1941,-0.3785,0.3107,多周期共振看空 ⬇⬇⬇,-0.2436,-0.2405,-0.3825
002501,*ST利源,46.46,True,1.31,1.32,1,0.57,-16.21,-6.79,-0.91,0.0,2026-07-14,2026-07-14,51.79,-0.0422,-0.4367,0.5616,0.0253,0.9286,0.064,0.194,-0.6543,0.1729,多周期共振看空 ⬇⬇⬇,-0.4219,-0.5139,-0.5625
002766,索菱股份,29.31,True,3.42,3.65,0,-3.65,-15.71,-10.77,-6.35,0.0,2026-07-14,2026-07-14,35.14,0.1407,-0.2067,0.3798,0.2017,0.5586,0.3671,0.1935,-0.7389,0.1305,多周期共振看空 ⬇⬇⬇,-0.616,-0.5334,-0.5625
001360,南矿集团,18.96,True,15.11,18.11,7,9.36,-19.77,-5.66,-16.57,0.0,2026-07-14,2026-07-14,11.99,0.7182,-0.0321,0.4965,0.6181,0.0443,0.1725,0.193,-0.6361,0.182,多周期共振看空 ⬇⬇⬇,-0.6585,-0.496,-0.3375
000949,新乡化纤,89.94,True,5.43,6.32,6,7.46,-20.22,-4.98,-14.1,0.0,2026-07-14,2026-07-14,24.93,-0.2529,0.8352,0.744,0.4,0.3318,0.0,0.1923,-0.5,0.25,多周期共振看空 ⬇⬇⬇,-0.463,-0.4321,-0.27
000546,金圆股份,30.86,True,4.43,4.95,2,3.52,-13.53,-5.41,-10.44,0.0,2026-07-14,2026-07-14,21.84,0.6934,-0.3307,0.564,0.4838,0.2631,0.06,0.192,-0.6021,0.199,多周期共振看空 ⬇⬇⬇,-0.5921,-0.4783,-0.3375
603633,徕木股份,25.95,True,6.08,7.07,1,0.02,-16.59,-9.23,-13.95,0.0,2026-07-14,2026-07-14,26.63,0.7567,-0.5036,0.5373,0.454,0.3695,0.1045,0.192,-0.7172,0.1414,多周期共振看空 ⬇⬇⬇,-0.4941,-0.5902,-0.5625
603767,中马传动,42.68,True,13.83,14.93,2,0.89,-18.56,-9.04,-7.39,0.0,2026-07-14,2026-07-14,37.08,0.3781,-0.4095,0.5191,0.263,0.6018,0.1348,0.192,-0.7152,0.1424,多周期共振看空 ⬇⬇⬇,-0.4782,-0.5994,-0.5625
002279,久其软件,45.03,True,5.66,5.94,0,-1.54,-15.44,-8.24,-4.65,0.0,2026-07-14,2026-07-14,35.93,0.1643,-0.1937,0.3963,0.2211,0.5762,0.3395,0.1919,-0.7818,0.1091,多周期共振看空 ⬇⬇⬇,-0.625,-0.6876,-0.495
600686,金龙汽车,75.86,True,10.58,11.82,1,1.77,-11.84,-5.54,-10.5,0.0,2026-07-14,2026-07-14,32.4,0.0225,1.122,0.4861,0.4135,0.4978,0.1898,0.1917,-0.8769,0.0615,多周期共振看空 ⬇⬇⬇,-0.839,-0.7131,-0.495
601096,宏盛华源,67.36,True,4.1,4.36,0,-3.34,-8.39,-6.2,-6.0,0.0,2026-07-14,2026-07-14,27.27,0.3928,-0.511,0.2581,0.2357,0.3838,0.5698,0.1914,-0.7624,0.1188,多周期共振看空 ⬇⬇⬇,-0.783,-0.6669,-0.3375
002140,东华科技,61.73,True,8.73,9.28,0,-0.09,-8.42,-4.09,-5.98,0.0,2026-07-14,2026-07-14,22.49,0.1283,0.1884,0.254,0.3523,0.2774,0.5767,0.1912,-0.8288,0.0856,多周期共振看空 ⬇⬇⬇,-0.7695,-0.6669,-0.495
002519,银河电子,56.89,True,5.09,5.84,1,0.47,-12.9,-6.75,-12.9,0.0,2026-07-14,2026-07-14,34.18,-0.3039,2.0621,0.632,0.4,0.5373,0.0,0.1911,-0.7559,0.122,多周期共振看空 ⬇⬇⬇,-0.9205,-0.5348,-0.3375
002315,焦点科技,58.81,True,22.37,23.7,0,-0.86,-10.54,-5.56,-5.59,0.0,2026-07-14,2026-07-14,36.0,0.0486,-0.2716,0.2909,0.1205,0.5778,0.5152,0.1911,-0.7693,0.1154,多周期共振看空 ⬇⬇⬇,-0.6609,-0.5618,-0.5625
000586,汇源通信,22.48,True,11.76,13.55,0,-3.93,-16.7,-10.18,-13.2,0.0,2026-07-14,2026-07-14,19.61,0.5658,-0.1911,0.4737,0.4631,0.2135,0.2105,0.1909,-0.6381,0.1809,多周期共振看空 ⬇⬇⬇,-0.774,-0.469,-0.27
000837,秦川机床,96.41,True,9.57,11.28,5,4.26,-15.18,-4.53,-15.18,0.0,2026-07-14,2026-07-14,33.39,0.4414,-0.3827,0.6238,0.3118,0.5197,0.0,0.1908,-0.596,0.202,多周期共振看空 ⬇⬇⬇,-0.5074,-0.3124,-0.5625
001306,夏厦精密,7.86,True,50.69,56.91,2,6.15,-12.22,-6.07,-10.94,0.0,2026-07-14,2026-07-14,37.63,0.2137,0.0548,0.6973,0.3501,0.614,0.0,0.1905,-0.7728,0.1136,多周期共振看空 ⬇⬇⬇,-0.5936,-0.6271,-0.5625
002177,御银股份,34.76,True,5.15,5.72,0,-0.45,-13.02,-8.39,-10.02,0.0,2026-07-14,2026-07-14,24.24,0.7408,-0.1606,0.555,0.5803,0.3165,0.075,0.1901,-0.8472,0.0764,多周期共振看空 ⬇⬇⬇,-0.7058,-0.6946,-0.5625
002374,中锐股份,31.04,True,2.86,3.22,8,5.84,-12.91,-3.86,-11.24,0.0,2026-07-14,2026-07-14,24.82,0.6863,-0.596,0.6068,0.4118,0.3293,0.0,0.1898,-0.5353,0.2324,多周期共振看空 ⬇⬇⬇,-0.493,-0.4165,-0.3375
003005,竞业达,15.53,True,12.23,13.37,0,-3.37,-12.31,-7.32,-8.54,0.0,2026-07-14,2026-07-14,36.74,-0.438,1.8355,0.5261,0.4,0.5943,0.1231,0.1898,-0.9332,0.0334,多周期共振看空 ⬇⬇⬇,-0.8615,-0.75,-0.5625
600501,航天晨光,59.85,True,13.99,15.69,0,-1.56,-11.92,-8.4,-10.84,0.0,2026-07-14,2026-07-14,37.24,-0.3118,0.7375,0.6182,0.4,0.6054,0.0,0.1896,-0.8499,0.0751,多周期共振看空 ⬇⬇⬇,-0.691,-0.7131,-0.5625
603712,七一二,86.85,True,11.25,12.56,1,0.22,-10.46,-6.55,-10.46,0.0,2026-07-14,2026-07-14,35.74,0.0682,0.7487,0.5454,0.4409,0.572,0.091,0.1893,-0.9502,0.0249,多周期共振看空 ⬇⬇⬇,-0.916,-0.7408,-0.5625
002694,*ST顾地,14.81,True,2.06,2.16,1,2.42,-12.41,-5.61,-4.54,0.0,2026-07-14,2026-07-14,44.09,0.3812,-0.3987,0.575,0.2693,0.7575,0.0416,0.1891,-0.8604,0.0698,多周期共振看空 ⬇⬇⬇,-0.675,-0.75,-0.5625
603895,天永智能,30.5,True,28.22,30.09,6,4.95,-16.4,-6.11,-6.21,0.0,2026-07-14,2026-07-14,39.45,0.1906,-0.6131,0.5947,0.1143,0.6545,0.0088,0.1891,-0.4628,0.2686,多周期共振看空 ⬇⬇⬇,-0.4906,-0.3267,-0.27
600624,ST复华,24.73,True,3.64,3.65,3,7.14,-15.04,-5.12,-0.34,0.0,2026-07-14,2026-07-14,49.07,0.0887,-0.2859,0.5653,0.1389,0.8682,0.0579,0.189,-0.7983,0.1008,多周期共振看空 ⬇⬇⬇,-0.5373,-0.7315,-0.5625
002197,证通电子,29.26,True,5.48,5.9,0,-0.85,-11.26,-5.93,-7.05,0.0,2026-07-14,2026-07-14,34.78,0.1679,0.0415,0.4558,0.3173,0.5507,0.2404,0.1888,-0.8506,0.0747,多周期共振看空 ⬇⬇⬇,-0.682,-0.7223,-0.5625
603171,税友股份,152.86,True,37.66,40.79,0,-2.39,-15.55,-8.53,-7.68,0.0,2026-07-14,2026-07-14,34.36,-0.0402,0.0924,0.4769,0.237,0.5412,0.2052,0.1884,-0.6854,0.1573,多周期共振看空 ⬇⬇⬇,-0.631,-0.4706,-0.495
002369,卓翼科技,29.1,True,5.14,5.52,0,-3.93,-11.03,-7.5,-6.81,0.0,2026-07-14,2026-07-14,31.85,0.002,0.1911,0.3755,0.2776,0.4855,0.3742,0.1882,-0.8206,0.0897,多周期共振看空 ⬇⬇⬇,-0.616,-0.7131,-0.5625
601777,千里科技,337.73,True,7.47,8.38,0,-6.74,-14.28,-11.0,-10.9,0.0,2026-07-14,2026-07-14,23.45,0.4058,-0.1562,0.3965,0.381,0.2989,0.3391,0.1882,-0.7338,0.1331,多周期共振看空 ⬇⬇⬇,-0.756,-0.4023,-0.5625
600589,大位科技,111.48,True,7.54,9.5,2,4.51,-20.64,-6.86,-20.64,0.0,2026-07-14,2026-07-14,23.64,0.5482,-0.1603,0.6909,0.4648,0.3032,0.0,0.1881,-0.6024,0.1988,多周期共振看空 ⬇⬇⬇,-0.5808,-0.4887,-0.3375
002178,延华智能,30.25,True,4.25,4.55,0,-5.65,-15.64,-10.52,-6.61,0.0,2026-07-14,2026-07-14,32.79,-0.3162,0.1896,0.3837,0.2759,0.5064,0.3605,0.1879,-0.8341,0.083,多周期共振看空 ⬇⬇⬇,-0.625,-0.735,-0.5625
000409,云鼎科技,47.3,True,8.01,8.43,0,-2.69,-9.8,-6.17,-4.94,0.0,2026-07-14,2026-07-14,36.7,0.0919,-0.3508,0.3279,0.1148,0.5933,0.4535,0.1878,-0.7558,0.1221,多周期共振看空 ⬇⬇⬇,-0.625,-0.5629,-0.5625
603130,云中马,48.4,True,35.2,40.67,2,0.82,-14.3,-5.25,-13.45,0.0,2026-07-14,2026-07-14,31.93,-0.0433,0.3192,0.6321,0.3277,0.4874,0.0,0.1877,-0.6077,0.1961,多周期共振看空 ⬇⬇⬇,-0.5399,-0.3778,-0.495
002988,豪美新材,50.31,True,20.14,22.87,1,5.15,-14.27,-9.64,-11.94,0.0,2026-07-14,2026-07-14,33.39,0.3128,0.2042,0.6446,0.4693,0.5198,0.0,0.1874,-0.8755,0.0623,多周期共振看空 ⬇⬇⬇,-0.857,-0.6271,-0.5625
002596,海南瑞泽,31.76,True,2.77,3.02,0,-2.6,-16.8,-10.32,-8.32,0.0,2026-07-14,2026-07-14,38.97,0.2124,-0.0633,0.6536,0.3021,0.6438,0.0,0.1873,-0.7578,0.1211,多周期共振看空 ⬇⬇⬇,-0.5553,-0.6271,-0.5625
600230,沧州大化,52.57,True,12.7,13.78,3,3.79,-10.15,-4.58,-7.86,0.0,2026-07-14,2026-07-14,27.98,0.1092,0.2966,0.5378,0.3842,0.3997,0.1037,0.1873,-0.6789,0.1606,多周期共振看空 ⬇⬇⬇,-0.5785,-0.6588,-0.3375
000488,ST晨鸣,33.04,True,1.95,2.01,1,0.73,-10.61,-4.47,-2.77,0.0,2026-07-14,2026-07-14,42.37,-0.4077,-0.661,0.3626,0.0,0.7194,0.3956,0.187,-0.684,0.158,多周期共振看空 ⬇⬇⬇,-0.6595,-0.6006,-0.3375
002284,亚太股份,66.04,True,9.02,9.81,1,1.52,-13.41,-7.12,-8.03,0.0,2026-07-14,2026-07-14,37.25,0.0011,0.0522,0.426,0.2216,0.6055,0.2901,0.1869,-0.8181,0.0909,多周期共振看空 ⬇⬇⬇,-0.6775,-0.7223,-0.495
002506,协鑫集成,146.11,True,2.5,2.94,0,-0.42,-16.69,-8.6,-14.92,0.0,2026-07-14,2026-07-14,26.36,0.4351,-0.0816,0.5036,0.4284,0.3636,0.1607,0.1867,-0.7566,0.1217,多周期共振看空 ⬇⬇⬇,-0.7896,-0.6485,-0.3375
603312,西典新能,16.49,True,32.39,34.64,6,2.19,-10.6,-3.82,-6.49,0.0,2026-07-14,2026-07-14,30.64,0.4322,-0.3182,0.4426,0.3321,0.4586,0.2623,0.1866,-0.7984,0.1008,多周期共振看空 ⬇⬇⬇,-0.516,-0.75,-0.5625
603037,凯众股份,25.55,True,9.6,10.41,0,-4.65,-14.76,-9.77,-7.77,0.0,2026-07-14,2026-07-14,31.27,0.1493,-0.1759,0.3615,0.2193,0.4727,0.3975,0.1862,-0.7466,0.1267,多周期共振看空 ⬇⬇⬇,-0.616,-0.6179,-0.495
002685,华东重机,54.81,True,5.44,6.28,0,-4.13,-15.75,-9.21,-13.31,0.0,2026-07-14,2026-07-14,23.11,0.5273,0.0008,0.5996,0.5167,0.2912,0.0006,0.1861,-0.6883,0.1558,多周期共振看空 ⬇⬇⬇,-0.8103,-0.3233,-0.495
002778,中晟高科,18.27,True,14.8,15.89,0,-3.57,-11.4,-7.21,-6.87,0.0,2026-07-14,2026-07-14,27.67,0.4727,-0.2424,0.4614,0.3866,0.3927,0.231,0.186,-0.7866,0.1067,多周期共振看空 ⬇⬇⬇,-0.5509,-0.6941,-0.5625
600319,亚星化学,22.49,True,5.8,6.39,0,-3.82,-10.36,-6.8,-9.21,0.0,2026-07-14,2026-07-14,22.22,-0.3179,0.4191,0.3248,0.3676,0.2716,0.4586,0.1858,-0.7949,0.1025,多周期共振看空 ⬇⬇⬇,-0.6396,-0.6363,-0.5625
600869,远东股份,476.05,True,21.45,29.96,12,30.63,-33.06,2.42,-28.41,0.0,2026-07-14,2026-07-14,7.2,0.1936,-0.5543,0.8099,0.1161,0.0,0.0,0.1857,0.2994,0.6497,上升趋势中的日线回调（关注买点）,-0.2295,0.6406,0.5625
002544,普天科技,108.67,True,15.97,18.16,1,1.97,-12.08,-7.34,-12.08,0.0,2026-07-14,2026-07-14,36.24,-0.3905,1.5924,0.6459,0.4,0.5831,0.0,0.1857,-0.8541,0.073,多周期共振看空 ⬇⬇⬇,-0.691,-0.7223,-0.5625
000889,中嘉博创,26.01,True,2.99,3.42,3,10.81,-14.72,-7.56,-12.53,0.0,2026-07-14,2026-07-14,14.78,0.7326,-0.2203,0.7096,0.5514,0.1063,0.0,0.1854,-0.5263,0.2369,多周期共振看空 ⬇⬇⬇,-0.4931,-0.3065,-0.4275
600894,广日股份,64.42,True,7.64,7.76,1,0.84,-5.61,-3.01,-1.51,0.0,2026-07-14,2026-07-14,40.64,-0.0459,-0.2872,0.3612,0.0851,0.6809,0.398,0.1852,-0.79,0.105,多周期共振看空 ⬇⬇⬇,-0.6237,-0.6392,-0.5625
603912,佳力图,38.2,True,7.05,7.86,0,-0.55,-15.13,-7.88,-10.25,0.0,2026-07-14,2026-07-14,29.18,0.2402,0.1037,0.5881,0.3856,0.4262,0.0198,0.1852,-0.6623,0.1689,多周期共振看空 ⬇⬇⬇,-0.6898,-0.3694,-0.495
603596,伯特利,202.96,True,22.61,25.81,1,2.76,-16.82,-8.03,-12.4,0.0,2026-07-14,2026-07-14,36.53,-0.2897,0.6842,0.6307,0.4,0.5895,0.0,0.1851,-0.8666,0.0667,多周期共振看空 ⬇⬇⬇,-0.8665,-0.5994,-0.5625
603636,南威软件,40.92,True,7.05,8.21,0,-0.24,-14.12,-7.85,-14.12,0.0,2026-07-14,2026-07-14,21.85,0.2385,0.5856,0.5425,0.5431,0.2632,0.0958,0.1851,-0.7807,0.1097,多周期共振看空 ⬇⬇⬇,-0.7849,-0.4805,-0.5625
605218,伟时电子,28.8,True,13.53,16.14,5,3.58,-17.06,-4.79,-16.17,0.0,2026-07-14,2026-07-14,22.64,0.7676,-0.7217,0.5165,0.4606,0.2808,0.1391,0.185,-0.705,0.1475,多周期共振看空 ⬇⬇⬇,-0.5821,-0.4881,-0.5625
600302,ST标准,24.46,True,7.07,8.34,1,5.52,-20.05,-10.93,-15.27,0.0,2026-07-14,2026-07-14,34.48,-0.1363,0.4433,0.6906,0.3773,0.5441,0.0,0.1848,-0.7782,0.1109,多周期共振看空 ⬇⬇⬇,-0.8255,-0.6652,-0.3375
002933,新兴装备,29.26,True,25.06,26.88,1,0.8,-10.12,-4.24,-6.79,0.0,2026-07-14,2026-07-14,35.76,0.2385,-0.2687,0.4222,0.2356,0.5723,0.2963,0.1844,-0.8257,0.0872,多周期共振看空 ⬇⬇⬇,-0.586,-0.75,-0.5625
603356,华菱精工,20.4,True,15.3,17.25,6,5.86,-11.7,-3.71,-11.29,0.0,2026-07-14,2026-07-14,31.18,0.2368,-0.2462,0.8348,0.2436,0.4707,0.0,0.1844,-0.479,0.2605,多周期共振看空 ⬇⬇⬇,-0.4801,-0.3037,-0.3375
603926,铁流股份,37.3,True,16.16,18.07,3,3.95,-12.71,-7.1,-10.56,0.0,2026-07-14,2026-07-14,36.58,0.3762,-0.4724,0.6419,0.2368,0.5907,0.0,0.1843,-0.6135,0.1932,多周期共振看空 ⬇⬇⬇,-0.7932,-0.331,-0.3375
000766,通化金马,162.68,True,16.84,20.33,6,8.53,-28.87,-11.55,-17.18,0.0,2026-07-14,2026-07-14,27.77,-0.3829,1.2409,0.8692,0.4,0.3948,0.0,0.1842,-0.6402,0.1799,多周期共振看空 ⬇⬇⬇,-0.597,-0.3329,-0.5625
000901,航天科技,119.17,True,14.93,17.33,2,1.83,-13.84,-4.69,-13.84,0.0,2026-07-14,2026-07-14,35.95,-0.2571,2.1868,0.721,0.4,0.5768,0.0,0.1842,-0.8583,0.0709,多周期共振看空 ⬇⬇⬇,-0.8128,-0.6946,-0.495
002825,纳尔股份,20.63,True,8.04,8.41,0,-4.46,-13.17,-8.28,-4.46,0.0,2026-07-14,2026-07-14,33.5,0.0155,-0.0283,0.3507,0.198,0.5221,0.4156,0.1841,-0.803,0.0985,多周期共振看空 ⬇⬇⬇,-0.616,-0.6744,-0.5625
002691,*ST冀凯,13.54,True,4.03,4.25,0,-0.75,-18.5,-9.08,-5.09,0.0,2026-07-14,2026-07-14,42.5,0.4868,-0.5398,0.6153,0.2921,0.7222,0.0,0.1841,-0.8614,0.0693,多周期共振看空 ⬇⬇⬇,-0.6775,-0.75,-0.5625
600855,航天长峰,55.79,True,11.93,13.83,1,0.62,-13.74,-6.45,-13.74,0.0,2026-07-14,2026-07-14,33.19,-0.0907,0.5622,0.5827,0.4,0.5154,0.0288,0.1836,-0.8126,0.0937,多周期共振看空 ⬇⬇⬇,-0.907,-0.5136,-0.495
603703,盛洋科技,38.68,True,9.32,10.86,0,-2.41,-15.15,-8.4,-14.14,0.0,2026-07-14,2026-07-14,21.81,0.4815,-0.04,0.5311,0.4729,0.2625,0.1148,0.1833,-0.6974,0.1513,多周期共振看空 ⬇⬇⬇,-0.6676,-0.4656,-0.495
600255,鑫科材料,55.63,True,3.08,3.63,7,9.83,-24.09,-8.96,-15.1,0.0,2026-07-14,2026-07-14,17.44,0.8666,-0.672,0.7241,0.5199,0.1654,0.0,0.1833,-0.5636,0.2182,多周期共振看空 ⬇⬇⬇,-0.4687,-0.2744,-0.5625
603960,克来机电,39.8,True,15.18,17.99,2,0.97,-17.38,-9.96,-15.63,0.0,2026-07-14,2026-07-14,22.25,0.7785,-0.3792,0.587,0.5154,0.2722,0.0217,0.183,-0.705,0.1475,多周期共振看空 ⬇⬇⬇,-0.762,-0.5589,-0.3375
002716,湖南白银,177.85,True,7.65,8.35,2,3.1,-12.82,-5.88,-8.34,0.0,2026-07-14,2026-07-14,32.69,0.1573,-0.0046,0.6492,0.2925,0.5043,0.0,0.1829,-0.61,0.195,多周期共振看空 ⬇⬇⬇,-0.5531,-0.5291,-0.3375
600571,信雅达,42.98,True,9.39,9.98,0,-2.87,-11.21,-6.27,-5.89,0.0,2026-07-14,2026-07-14,34.98,0.1747,-0.094,0.4244,0.2672,0.5552,0.2927,0.1827,-0.8667,0.0666,多周期共振看空 ⬇⬇⬇,-0.691,-0.75,-0.5625
002296,辉煌科技,30.39,True,8.75,9.06,0,-0.65,-9.64,-4.55,-3.45,0.0,2026-07-14,2026-07-14,40.0,-0.0218,-0.2653,0.3909,0.0939,0.6667,0.3484,0.1826,-0.7678,0.1161,多周期共振看空 ⬇⬇⬇,-0.6023,-0.6762,-0.495
603613,国联股份,126.09,True,17.5,18.88,0,-1.28,-16.08,-8.83,-7.29,0.0,2026-07-14,2026-07-14,30.0,0.4257,-0.3792,0.4183,0.3037,0.4444,0.3029,0.1825,-0.8012,0.0994,多周期共振看空 ⬇⬇⬇,-0.7,-0.5983,-0.5625
003002,壶化股份,29.66,True,16.22,18.32,0,-3.69,-15.84,-10.41,-11.46,0.0,2026-07-14,2026-07-14,20.25,0.4725,-0.1349,0.3983,0.4295,0.2277,0.3362,0.1825,-0.7697,0.1151,多周期共振看空 ⬇⬇⬇,-0.575,-0.6363,-0.5625
002625,光启技术,591.21,True,27.44,31.22,1,0.06,-17.99,-9.88,-12.11,0.0,2026-07-14,2026-07-14,33.49,0.0176,1.1131,0.5596,0.4106,0.5221,0.0673,0.1824,-0.8779,0.061,多周期共振看空 ⬇⬇⬇,-0.7737,-0.7038,-0.5625
002708,光洋股份,55.7,True,10.78,13.05,4,4.71,-22.87,-7.32,-17.42,0.0,2026-07-14,2026-07-14,24.66,0.4083,-0.1366,0.7613,0.3903,0.3257,0.0,0.1823,-0.5571,0.2214,多周期共振看空 ⬇⬇⬇,-0.6522,-0.2379,-0.4275
003040,楚天龙,45.73,True,10.01,10.92,0,-3.71,-12.91,-8.2,-8.35,0.0,2026-07-14,2026-07-14,28.66,0.1586,0.0828,0.3946,0.3283,0.4146,0.3424,0.1822,-0.8392,0.0804,多周期共振看空 ⬇⬇⬇,-0.6205,-0.75,-0.5625
603258,电魂网络,27.2,True,11.27,12.12,0,-3.3,-10.82,-6.87,-7.02,0.0,2026-07-14,2026-07-14,32.93,-0.3962,0.1365,0.375,0.2546,0.5095,0.375,0.1821,-0.8618,0.0691,多周期共振看空 ⬇⬇⬇,-0.7,-0.7315,-0.5625
000969,安泰科技,186.71,True,17.93,23.45,14,14.04,-24.34,0.16,-23.55,0.0,2026-07-14,2026-07-14,16.44,0.6049,-0.4537,0.6624,0.3814,0.1432,0.0,0.1817,-0.3281,0.3359,多周期共振看空 ⬇⬇⬇,-0.2885,-0.2489,-0.225
002530,金财互联,45.18,True,6.5,6.96,0,-2.45,-10.47,-6.5,-6.62,0.0,2026-07-14,2026-07-14,30.21,0.545,-0.5772,0.3937,0.327,0.4491,0.3438,0.1812,-0.8875,0.0563,多周期共振看空 ⬇⬇⬇,-0.7875,-0.7131,-0.5625
002918,蒙娜丽莎,18.96,True,8.85,10.19,0,-2.25,-15.26,-11.23,-13.18,0.0,2026-07-14,2026-07-14,23.01,0.6752,-0.2692,0.6139,0.4974,0.2891,0.0,0.1808,-0.6962,0.1519,多周期共振看空 ⬇⬇⬇,-0.4993,-0.5396,-0.5625
603869,ST智知,40.37,True,8.17,8.38,1,0.27,-14.77,-7.25,-2.47,0.0,2026-07-14,2026-07-14,46.08,-0.0888,-0.6677,0.4593,0.0,0.8017,0.2345,0.1808,-0.7032,0.1484,多周期共振看空 ⬇⬇⬇,-0.6595,-0.4852,-0.495
001332,锡装股份,20.95,True,31.18,38.3,0,-0.87,-22.68,-12.1,-18.59,0.0,2026-07-14,2026-07-14,7.32,0.515,-0.3492,0.3543,0.3693,0.0,0.4094,0.1804,-0.4751,0.2624,多周期共振看空 ⬇⬇⬇,-0.693,-0.1802,-0.27
000681,视觉中国,115.69,True,17.11,19.93,3,4.64,-14.15,-6.81,-14.15,0.0,2026-07-14,2026-07-14,20.8,0.7467,-0.6738,0.5539,0.448,0.24,0.0769,0.1801,-0.6253,0.1874,多周期共振看空 ⬇⬇⬇,-0.5731,-0.388,-0.495
603617,君禾股份,24.33,True,6.29,6.98,7,5.28,-12.69,-3.29,-9.85,0.0,2026-07-14,2026-07-14,31.67,0.4347,-0.5465,0.4474,0.2608,0.4815,0.2544,0.18,-0.759,0.1205,多周期共振看空 ⬇⬇⬇,-0.6135,-0.5798,-0.5625
002324,普利特,75.14,True,9.68,11.79,8,5.36,-19.21,-4.07,-17.89,0.0,2026-07-14,2026-07-14,15.77,0.3386,0.2869,0.4462,0.5179,0.1281,0.2564,0.1798,-0.7493,0.1254,多周期共振看空 ⬇⬇⬇,-0.6957,-0.5556,-0.495
600764,中国海防,121.38,True,17.08,18.15,2,0.23,-10.87,-5.37,-5.9,0.0,2026-07-14,2026-07-14,39.39,-0.0237,-0.1086,0.4056,0.1566,0.6532,0.324,0.1796,-0.857,0.0715,多周期共振看空 ⬇⬇⬇,-0.6663,-0.75,-0.5625
003028,振邦智能,15.2,True,21.55,23.05,2,2.18,-13.12,-7.13,-6.52,0.0,2026-07-14,2026-07-14,38.34,0.1356,-0.2497,0.511,0.1815,0.6298,0.1484,0.1793,-0.7302,0.1349,多周期共振看空 ⬇⬇⬇,-0.6685,-0.4694,-0.5625
002232,启明信息,55.85,True,13.67,14.36,3,1.25,-9.75,-4.14,-4.82,0.0,2026-07-14,2026-07-14,41.45,0.0567,-0.2191,0.4764,0.1463,0.699,0.2059,0.1791,-0.8052,0.0974,多周期共振看空 ⬇⬇⬇,-0.5981,-0.6946,-0.5625
002176,江特电机,140.74,True,8.26,10.01,1,0.62,-20.22,-8.26,-17.49,0.0,2026-07-14,2026-07-14,15.57,0.7999,-0.6728,0.5495,0.48,0.1237,0.0841,0.1786,-0.5551,0.2224,多周期共振看空 ⬇⬇⬇,-0.747,-0.314,-0.2658
600446,金证股份,93.0,True,9.88,10.65,0,-3.81,-15.07,-8.78,-7.24,0.0,2026-07-14,2026-07-14,34.3,0.5042,-0.3388,0.6447,0.367,0.54,0.0,0.1786,-0.8063,0.0968,多周期共振看空 ⬇⬇⬇,-0.6115,-0.6854,-0.5625
603778,国晟科技,64.61,True,10.05,12.52,0,-8.87,-30.54,-20.81,-19.74,0.0,2026-07-14,2026-07-14,28.46,-0.0597,-0.3428,0.9015,0.0629,0.4103,0.0,0.1785,-0.1649,0.4175,月线看多，中短期调整中,-0.625,-0.4294,0.18
002331,皖通科技,27.47,True,6.81,7.43,0,-3.34,-12.55,-8.32,-8.4,0.0,2026-07-14,2026-07-14,23.5,0.2152,-0.1104,0.3569,0.285,0.3,0.4051,0.1784,-0.7125,0.1437,多周期共振看空 ⬇⬇⬇,-0.7605,-0.4191,-0.495
600734,*ST实达,37.02,True,1.7,1.74,1,0.85,-21.42,-8.79,-2.44,0.0,2026-07-14,2026-07-14,46.51,0.3023,-0.5593,0.6331,0.1814,0.8114,0.0,0.1784,-0.8363,0.0818,多周期共振看空 ⬇⬇⬇,-0.613,-0.75,-0.5625
605222,起帆电缆,80.52,True,19.5,22.8,1,2.77,-18.76,-11.08,-14.47,0.0,2026-07-14,2026-07-14,31.49,-0.0618,-0.331,0.5984,0.0676,0.4775,0.0027,0.1775,-0.263,0.3685,月线震荡，中短期走弱,-0.8345,-0.2667,0.0981
603106,恒银科技,33.42,True,6.42,7.12,4,8.16,-11.82,-3.69,-9.89,0.0,2026-07-14,2026-07-14,27.54,0.5874,-0.0573,0.6601,0.5295,0.3898,0.0,0.1774,-0.8959,0.052,多周期共振看空 ⬇⬇⬇,-0.766,-0.75,-0.5625
601865,福莱特,175.84,True,9.25,10.15,0,-1.07,-9.89,-5.35,-8.91,0.0,2026-07-14,2026-07-14,33.8,0.3459,-0.3969,0.3611,0.2488,0.529,0.3982,0.1773,-0.9332,0.0334,多周期共振看空 ⬇⬇⬇,-0.8615,-0.75,-0.5625
002922,伊戈尔,101.6,True,26.95,31.88,0,-4.53,-18.33,-10.76,-15.46,0.0,2026-07-14,2026-07-14,27.98,0.3734,-0.1847,0.6548,0.3501,0.3996,0.0,0.177,-0.6237,0.1881,多周期共振看空 ⬇⬇⬇,-0.738,-0.4008,-0.3375
000997,新 大 陆,0.0,True,15.61,16.7,0,-3.48,-15.67,-8.19,-6.55,0.0,2026-07-14,2026-07-14,28.54,0.3543,-0.1934,0.4593,0.3352,0.4121,0.2345,0.1768,-0.8039,0.0981,多周期共振看空 ⬇⬇⬇,-0.6505,-0.6467,-0.5625
002017,东信和平,74.95,True,12.92,14.64,1,0.05,-12.85,-6.39,-11.75,0.0,2026-07-14,2026-07-14,14.05,0.5304,-0.0084,0.3186,0.5149,0.0901,0.469,0.1767,-0.8938,0.0531,多周期共振看空 ⬇⬇⬇,-0.7605,-0.75,-0.5625
603070,万控智造,44.75,True,11.16,13.22,2,10.75,-19.47,-11.99,-15.6,0.0,2026-07-14,2026-07-14,21.76,0.7438,-0.7022,0.7996,0.4463,0.2614,0.0,0.1765,-0.6157,0.1921,多周期共振看空 ⬇⬇⬇,-0.693,-0.4217,-0.3375
002312,川发龙蟒,151.46,True,8.04,9.06,12,15.54,-12.58,0.55,-11.27,0.0,2026-07-14,2026-07-14,25.92,0.6997,-0.7873,0.6749,0.4198,0.3537,0.0,0.1756,-0.6913,0.1543,多周期共振看空 ⬇⬇⬇,-0.3994,-0.6146,-0.5625
603381,永臻股份,20.08,True,14.13,15.54,0,-4.47,-15.06,-9.9,-9.06,0.0,2026-07-14,2026-07-14,26.96,-0.0332,0.006,0.2989,0.2024,0.3769,0.5018,0.1756,-0.7724,0.1138,多周期共振看空 ⬇⬇⬇,-0.625,-0.6669,-0.495
002104,恒宝股份,57.09,True,9.52,10.47,0,-2.79,-10.42,-6.83,-9.09,0.0,2026-07-14,2026-07-14,36.22,-0.3546,0.2804,0.5494,0.3122,0.5827,0.0844,0.1752,-0.8649,0.0675,多周期共振看空 ⬇⬇⬇,-0.6865,-0.75,-0.5625
601212,白银有色,354.69,True,4.79,5.25,1,0.26,-13.98,-8.15,-8.74,0.0,2026-07-14,2026-07-14,30.21,0.0064,0.3145,0.6119,0.3297,0.4491,0.0,0.1751,-0.6658,0.1671,多周期共振看空 ⬇⬇⬇,-0.557,-0.6483,-0.3375
002121,科陆电子,71.71,True,5.08,5.4,0,-2.83,-17.47,-12.79,-5.84,0.0,2026-07-14,2026-07-14,37.56,-0.1324,-0.052,0.5087,0.1792,0.6125,0.1521,0.1748,-0.745,0.1275,多周期共振看空 ⬇⬇⬇,-0.6205,-0.6105,-0.495
600776,东方通信,115.58,True,12.09,13.62,3,2.63,-16.32,-8.1,-11.22,0.0,2026-07-14,2026-07-14,28.33,0.5484,-0.5907,0.5949,0.3291,0.4074,0.0086,0.1748,-0.624,0.188,多周期共振看空 ⬇⬇⬇,-0.7095,-0.4258,-0.3375
001255,博菲电气,18.1,True,23.43,25.97,0,-4.0,-11.63,-8.39,-9.77,0.0,2026-07-14,2026-07-14,26.49,-0.1691,0.2366,0.3456,0.2946,0.3664,0.424,0.1747,-0.8526,0.0737,多周期共振看空 ⬇⬇⬇,-0.7875,-0.7038,-0.495
002857,三晖电气,19.52,True,15.18,16.74,0,-0.09,-11.85,-6.16,-9.3,0.0,2026-07-14,2026-07-14,30.7,0.526,-0.5135,0.4977,0.3156,0.4599,0.1705,0.1742,-0.7995,0.1003,多周期共振看空 ⬇⬇⬇,-0.6157,-0.6669,-0.5625
600089,XD特变电,975.19,True,19.3,21.78,1,1.18,-12.94,-6.79,-11.39,0.0,2026-07-14,2026-07-14,10.17,0.5957,0.0478,0.4308,0.5765,0.0038,0.282,0.1741,-0.7596,0.1202,多周期共振看空 ⬇⬇⬇,-0.765,-0.6762,-0.3375
603918,金桥信息,33.88,True,9.28,9.81,0,-2.75,-12.3,-7.03,-5.37,0.0,2026-07-14,2026-07-14,35.32,-0.0851,-0.1002,0.3592,0.1599,0.5626,0.4013,0.1735,-0.8642,0.0679,多周期共振看空 ⬇⬇⬇,-0.6955,-0.7408,-0.5625
001239,永达股份,14.08,True,12.35,13.58,8,11.89,-10.75,-1.31,-9.07,0.0,2026-07-14,2026-07-14,27.09,0.4928,-0.7558,0.4667,0.2957,0.3797,0.2222,0.1734,-0.7191,0.1405,多周期共振看空 ⬇⬇⬇,-0.3557,-0.7131,-0.5625
000659,珠海中富,34.2,True,2.66,3.09,0,-6.51,-17.76,-11.13,-13.93,0.0,2026-07-14,2026-07-14,18.48,-0.7031,1.2699,0.3868,0.4,0.1884,0.3553,0.1733,-0.7641,0.1179,多周期共振看空 ⬇⬇⬇,-0.7875,-0.6669,-0.3375
002689,ST远智,27.01,True,2.59,2.64,2,2.59,-14.66,-6.44,-2.06,0.0,2026-07-14,2026-07-14,46.88,-0.1187,-0.4818,0.4381,0.0073,0.8194,0.2699,0.1731,-0.8261,0.087,多周期共振看空 ⬇⬇⬇,-0.6085,-0.7315,-0.5625
000678,襄阳轴承,36.86,True,8.02,8.81,0,-1.22,-19.97,-12.79,-9.01,0.0,2026-07-14,2026-07-14,39.26,0.4108,-0.4501,0.6539,0.2664,0.6502,0.0,0.173,-0.8228,0.0886,多周期共振看空 ⬇⬇⬇,-0.6775,-0.6652,-0.5625
603320,迪贝电气,24.53,True,16.45,18.4,0,-1.91,-14.52,-9.12,-10.62,0.0,2026-07-14,2026-07-14,27.9,0.192,0.0354,0.6049,0.3293,0.3977,0.0,0.1729,-0.6208,0.1896,多周期共振看空 ⬇⬇⬇,-0.729,-0.4021,-0.3375
603239,浙江仙通,37.03,True,13.68,14.95,0,-4.93,-17.75,-11.76,-8.49,0.0,2026-07-14,2026-07-14,35.57,-0.0013,-0.2069,0.4818,0.1172,0.5683,0.197,0.1727,-0.6456,0.1772,多周期共振看空 ⬇⬇⬇,-0.616,-0.5533,-0.3375
002624,完美世界,193.74,True,10.6,11.81,0,-1.97,-14.04,-7.65,-10.21,0.0,2026-07-14,2026-07-14,42.68,0.0775,-0.1469,0.6633,0.1877,0.7262,0.0,0.1726,-0.7907,0.1047,多周期共振看空 ⬇⬇⬇,-0.6503,-0.6854,-0.495
603737,三棵树,0.0,True,22.38,24.49,0,-4.04,-11.85,-8.77,-8.61,0.0,2026-07-14,2026-07-14,27.83,-0.1253,0.0278,0.3296,0.2111,0.3962,0.4506,0.1725,-0.7934,0.1033,多周期共振看空 ⬇⬇⬇,-0.625,-0.7131,-0.495
002229,鸿博股份,46.55,True,9.44,10.63,0,-6.37,-22.27,-14.34,-11.17,0.0,2026-07-14,2026-07-14,29.53,0.5417,-0.4654,0.5397,0.3388,0.4341,0.1005,0.1724,-0.7645,0.1178,多周期共振看空 ⬇⬇⬇,-0.625,-0.5821,-0.5625
001216,华瓷股份,33.69,True,13.72,15.1,4,13.48,-11.13,-3.99,-9.15,0.0,2026-07-14,2026-07-14,18.49,0.7626,-0.6908,0.6464,0.4575,0.1886,0.0,0.1723,-0.5801,0.21,多周期共振看空 ⬇⬇⬇,-0.5139,-0.497,-0.3375
002497,雅化集团,0.0,True,18.67,21.37,8,11.7,-16.04,-3.25,-12.63,0.0,2026-07-14,2026-07-14,34.83,-0.4415,0.0246,0.9494,0.2098,0.5518,0.0,0.1723,-0.6191,0.1905,多周期共振看空 ⬇⬇⬇,-0.6765,-0.4433,-0.3375
603327,福蓉科技,80.92,True,7.74,9.28,8,10.37,-19.63,-7.29,-16.57,0.0,2026-07-14,2026-07-14,17.92,0.4938,-0.0779,0.7622,0.4651,0.176,0.0,0.1723,-0.5771,0.2115,多周期共振看空 ⬇⬇⬇,-0.5365,-0.3134,-0.495
002459,晶澳科技,234.12,True,7.08,8.03,2,7.24,-13.36,-5.52,-11.86,0.0,2026-07-14,2026-07-14,36.64,0.5952,-0.6725,0.5919,0.3571,0.592,0.0136,0.1723,-0.9139,0.043,多周期共振看空 ⬇⬇⬇,-0.812,-0.75,-0.5625
600435,北方导航,152.45,True,10.08,11.22,2,0.46,-10.17,-3.99,-10.17,0.0,2026-07-14,2026-07-14,33.89,0.0696,0.1147,0.4869,0.2876,0.5308,0.1885,0.1717,-0.8748,0.0626,多周期共振看空 ⬇⬇⬇,-0.898,-0.5904,-0.5625
002455,百川股份,42.42,True,6.42,7.41,0,-0.46,-16.88,-7.66,-13.34,0.0,2026-07-14,2026-07-14,29.55,0.6205,-0.5529,0.674,0.3723,0.4343,0.0,0.1715,-0.7452,0.1274,多周期共振看空 ⬇⬇⬇,-0.7605,-0.6485,-0.3375
002735,王子新材,32.95,True,11.56,15.89,7,30.31,-30.44,-6.18,-27.26,0.0,2026-07-14,2026-07-14,18.08,0.6873,-0.7711,0.7721,0.4124,0.1796,0.0,0.1714,-0.5041,0.248,多周期共振看空 ⬇⬇⬇,-0.4372,-0.3506,-0.3825
603169,兰石重装,78.12,True,5.98,7.0,4,7.5,-16.01,-7.05,-14.6,0.0,2026-07-14,2026-07-14,25.53,0.6364,-0.3507,0.6874,0.4415,0.3452,0.0,0.1712,-0.7513,0.1244,多周期共振看空 ⬇⬇⬇,-0.7185,-0.5404,-0.495
601106,中国一重,198.19,True,2.89,3.25,0,-3.23,-11.93,-6.85,-10.99,0.0,2026-07-14,2026-07-14,23.33,-0.4917,0.2405,0.3497,0.2962,0.2963,0.4172,0.1712,-0.7939,0.103,多周期共振看空 ⬇⬇⬇,-0.8615,-0.6688,-0.3375
603826,坤彩科技,143.78,True,16.88,19.94,3,3.45,-20.42,-10.57,-15.33,0.0,2026-07-14,2026-07-14,18.12,-0.1562,-0.1489,0.5477,0.1405,0.1804,0.0872,0.1708,-0.1442,0.4279,月线看多，中短期调整中,-0.7335,-0.2379,0.18
002908,德生科技,20.08,True,6.24,6.61,0,-2.93,-10.21,-5.85,-5.55,0.0,2026-07-14,2026-07-14,35.52,-0.0786,-0.0625,0.3967,0.175,0.5671,0.3388,0.1708,-0.8649,0.0675,多周期共振看空 ⬇⬇⬇,-0.6865,-0.75,-0.5625
002527,新时达,56.12,True,10.61,12.9,1,0.93,-19.34,-7.79,-17.77,0.0,2026-07-14,2026-07-14,26.09,0.5968,-0.7008,0.6486,0.3581,0.3576,0.0,0.1708,-0.6359,0.182,多周期共振看空 ⬇⬇⬇,-0.5068,-0.4006,-0.5625
603516,淳中科技,221.64,True,109.04,123.55,10,16.91,-20.19,-1.1,-11.74,0.0,2026-07-14,2026-07-14,32.88,0.4422,-0.7505,0.8247,0.2653,0.5084,0.0,0.1707,-0.6688,0.1656,多周期共振看空 ⬇⬇⬇,-0.2374,-0.7038,-0.5625
002045,国光电器,41.4,True,7.37,7.98,0,-4.32,-11.28,-7.24,-7.61,0.0,2026-07-14,2026-07-14,28.85,-0.1947,-0.0009,0.295,0.1996,0.4188,0.5083,0.1702,-0.8667,0.0666,多周期共振看空 ⬇⬇⬇,-0.691,-0.75,-0.5625
603092,德力佳,16.93,True,48.97,53.72,0,-3.17,-10.34,-7.38,-8.84,0.0,2026-07-14,2026-07-14,24.16,0.1804,-0.1601,0.3526,0.2442,0.3147,0.4123,0.1696,-0.7414,0.1293,周线日线共振看空,-0.8615,-0.4089,
603278,大业股份,31.78,True,9.3,11.01,1,0.5,-16.56,-9.23,-15.53,0.0,2026-07-14,2026-07-14,32.08,0.3772,-0.6612,0.726,0.2263,0.4906,0.0,0.1693,-0.5966,0.2017,多周期共振看空 ⬇⬇⬇,-0.5869,-0.3132,-0.495
000559,万向钱潮,372.86,True,11.25,12.89,1,4.51,-14.4,-7.69,-12.72,0.0,2026-07-14,2026-07-14,31.54,0.3125,-0.3663,0.5907,0.241,0.4786,0.0155,0.1686,-0.6231,0.1885,多周期共振看空 ⬇⬇⬇,-0.6954,-0.436,-0.3375
002512,ST达华,37.43,True,3.42,3.52,0,-0.54,-22.2,-11.51,-2.79,0.0,2026-07-14,2026-07-14,44.13,-0.2614,-0.2841,0.7627,0.0863,0.7585,0.0,0.1685,-0.7003,0.1498,多周期共振看空 ⬇⬇⬇,-0.4975,-0.5503,-0.5625
001382,新亚电缆,9.53,True,15.13,16.54,0,-0.6,-20.32,-11.6,-8.53,0.0,2026-07-14,2026-07-14,30.96,0.1798,-0.0792,0.4563,0.2762,0.4657,0.2395,0.168,-0.8486,0.0757,多周期共振看空 ⬇⬇⬇,-0.774,-0.6392,-0.5625
603718,*ST海利,18.69,True,2.88,2.89,0,-0.23,-15.46,-6.86,-0.23,0.0,2026-07-14,2026-07-14,44.63,0.1286,-0.3047,0.6134,0.1553,0.7695,0.0,0.1673,-0.8339,0.0831,多周期共振看空 ⬇⬇⬇,-0.607,-0.75,-0.5625
603915,国茂股份,87.92,True,13.39,14.7,1,4.68,-11.51,-5.35,-8.92,0.0,2026-07-14,2026-07-14,36.47,0.198,-0.312,0.5667,0.194,0.5883,0.0555,0.167,-0.7245,0.1377,多周期共振看空 ⬇⬇⬇,-0.5916,-0.5227,-0.5625
001373,翔腾新材,11.22,True,26.73,30.95,0,-2.06,-18.63,-9.6,-13.64,0.0,2026-07-14,2026-07-14,23.63,0.0316,0.3148,0.528,0.3448,0.3029,0.12,0.1668,-0.6765,0.1618,多周期共振看空 ⬇⬇⬇,-0.729,-0.5244,-0.3375
002265,建设工业,169.21,True,16.38,17.8,0,-1.09,-11.53,-6.87,-7.97,0.0,2026-07-14,2026-07-14,36.12,0.1624,-0.5169,0.4496,0.0975,0.5805,0.2507,0.1666,-0.7203,0.1398,多周期共振看空 ⬇⬇⬇,-0.6093,-0.4983,-0.5625
001207,联科科技,42.72,True,14.6,15.77,1,0.25,-14.49,-8.01,-7.44,0.0,2026-07-14,2026-07-14,37.69,-0.0374,-0.1606,0.5589,0.1358,0.6154,0.0685,0.1664,-0.6795,0.1603,多周期共振看空 ⬇⬇⬇,-0.6175,-0.6266,-0.3375
002227,*ST特迅,15.49,True,6.3,6.66,0,-1.74,-16.26,-8.97,-5.34,0.0,2026-07-14,2026-07-14,38.03,0.3053,-0.7063,0.5161,0.1832,0.6228,0.1398,0.1664,-0.8213,0.0893,多周期共振看空 ⬇⬇⬇,-0.607,-0.7223,-0.5625
603015,弘讯科技,41.23,True,10.2,11.68,7,7.32,-14.38,-3.77,-12.68,0.0,2026-07-14,2026-07-14,13.31,0.7975,-0.6433,0.5398,0.4785,0.0737,0.1003,0.1664,-0.6029,0.1986,多周期共振看空 ⬇⬇⬇,-0.4519,-0.4427,-0.495
002866,传艺科技,25.32,True,13.97,16.14,0,-5.47,-16.76,-10.21,-13.44,0.0,2026-07-14,2026-07-14,21.27,0.1885,-0.0482,0.4613,0.2938,0.2505,0.2311,0.1663,-0.6255,0.1873,多周期共振看空 ⬇⬇⬇,-0.774,-0.4413,-0.27
002201,九鼎新材,50.45,True,8.38,10.73,9,16.87,-25.41,-4.98,-21.88,0.0,2026-07-14,2026-07-14,11.36,0.8797,-0.6003,0.8643,0.5278,0.0301,0.0,0.1662,-0.5514,0.2243,多周期共振看空 ⬇⬇⬇,-0.5535,-0.4,-0.3375
603189,*ST网达,24.66,True,9.15,10.5,2,2.16,-14.86,-7.03,-12.85,0.0,2026-07-14,2026-07-14,34.18,0.3275,-0.1063,0.5636,0.354,0.5373,0.0607,0.166,-0.9314,0.0343,多周期共振看空 ⬇⬇⬇,-0.857,-0.75,-0.5625
600843,上工申贝,32.05,True,6.83,8.11,13,10.21,-15.75,0.14,-15.75,0.0,2026-07-14,2026-07-14,25.99,0.6497,-0.6954,0.7159,0.3898,0.3553,0.0,0.1659,-0.7232,0.1384,多周期共振看空 ⬇⬇⬇,-0.4381,-0.6515,-0.5625
600733,北汽蓝谷,253.89,True,4.57,5.03,0,-1.39,-14.37,-9.89,-9.15,0.0,2026-07-14,2026-07-14,27.27,-0.0515,0.2232,0.4171,0.2893,0.3838,0.3049,0.1658,-0.8409,0.0796,多周期共振看空 ⬇⬇⬇,-0.625,-0.75,-0.5625
002347,泰尔股份,26.45,True,5.36,5.91,0,-1.95,-11.61,-8.74,-9.33,0.0,2026-07-14,2026-07-14,33.33,-0.2687,0.0464,0.4732,0.2186,0.5185,0.2113,0.1657,-0.8153,0.0923,多周期共振看空 ⬇⬇⬇,-0.783,-0.6258,-0.495
002553,南方精工,38.28,True,14.94,16.21,1,0.7,-13.43,-7.14,-7.83,0.0,2026-07-14,2026-07-14,38.45,0.266,-0.6393,0.5041,0.1596,0.6322,0.1598,0.1654,-0.8184,0.0908,多周期共振看空 ⬇⬇⬇,-0.578,-0.7408,-0.5625
002318,久立特材,173.56,True,18.18,22.57,11,7.26,-21.07,-3.03,-19.44,0.0,2026-07-14,2026-07-14,20.04,-0.3322,0.7905,0.5288,0.4,0.2232,0.1186,0.1654,-0.6795,0.1603,多周期共振看空 ⬇⬇⬇,-0.5382,-0.6946,-0.3375
600480,凌云股份,0.0,True,8.34,8.93,0,-0.33,-17.66,-7.87,-6.58,0.0,2026-07-14,2026-07-14,40.0,0.1285,-0.3136,0.5804,0.1516,0.6667,0.0327,0.1653,-0.746,0.127,多周期共振看空 ⬇⬇⬇,-0.646,-0.5233,-0.5625
603396,金辰股份,32.36,True,23.36,26.25,0,-4.88,-13.08,-8.38,-11.01,0.0,2026-07-14,2026-07-14,24.17,0.1307,0.0609,0.3451,0.3028,0.3149,0.4249,0.165,-0.8825,0.0588,多周期共振看空 ⬇⬇⬇,-0.875,-0.6946,-0.495
603334,丰倍生物,9.87,True,31.02,35.97,0,-1.25,-16.08,-8.62,-13.76,0.0,2026-07-14,2026-07-14,21.87,0.0937,0.0476,0.3944,0.2753,0.2637,0.3427,0.1648,-0.7128,0.1436,周线日线共振看空,-0.774,-0.4397,
002249,大洋电机,129.22,True,6.94,7.74,3,8.72,-11.4,-5.11,-10.32,0.0,2026-07-14,2026-07-14,38.2,0.0988,0.0104,0.662,0.2635,0.6267,0.0,0.1647,-0.8557,0.0721,多周期共振看空 ⬇⬇⬇,-0.7739,-0.6548,-0.5625
002418,康盛股份,39.09,True,3.44,4.0,3,8.05,-17.06,-8.41,-13.94,0.0,2026-07-14,2026-07-14,21.39,0.5934,-0.3491,0.7724,0.4164,0.2532,0.0,0.1646,-0.6536,0.1732,多周期共振看空 ⬇⬇⬇,-0.7462,-0.3019,-0.495
002276,万马股份,94.47,True,9.38,10.28,0,-0.34,-10.37,-6.54,-8.74,0.0,2026-07-14,2026-07-14,29.11,0.2686,-0.0693,0.4469,0.3334,0.4246,0.2552,0.1645,-0.9314,0.0343,多周期共振看空 ⬇⬇⬇,-0.857,-0.75,-0.5625
600986,浙文互联,95.64,True,6.43,7.14,0,-2.41,-14.03,-8.99,-10.01,0.0,2026-07-14,2026-07-14,27.94,-0.2308,0.1915,0.48,0.2766,0.3987,0.2001,0.1645,-0.765,0.1175,多周期共振看空 ⬇⬇⬇,-0.691,-0.5941,-0.495
603181,皇马科技,77.53,True,13.17,15.6,15,15.7,-17.25,3.57,-15.6,0.0,2026-07-14,2026-07-14,13.47,0.393,-0.1475,0.551,0.3768,0.0771,0.0816,0.1639,-0.4498,0.2751,多周期共振看空 ⬇⬇⬇,-0.1509,-0.4093,-0.45
600775,南京熊猫,59.05,True,8.79,9.73,2,1.12,-10.81,-6.08,-9.69,0.0,2026-07-14,2026-07-14,25.07,0.3339,0.0297,0.57,0.4122,0.3348,0.0499,0.1628,-0.7989,0.1005,多周期共振看空 ⬇⬇⬇,-0.6498,-0.7038,-0.495
603489,八方股份,62.03,True,26.44,28.84,0,-1.73,-17.45,-8.65,-8.32,0.0,2026-07-14,2026-07-14,31.53,0.1574,-0.4288,0.5493,0.1229,0.4784,0.0845,0.1628,-0.5355,0.2323,多周期共振看空 ⬇⬇⬇,-0.747,-0.2667,-0.27
603418,友升股份,18.0,True,43.51,46.96,5,4.85,-13.45,-4.41,-7.35,0.0,2026-07-14,2026-07-14,28.66,0.2561,-0.6143,0.5101,0.1537,0.4147,0.1498,0.1627,-0.5618,0.2191,周线日线共振看空,-0.5917,-0.3623,
000555,神州信息,94.83,True,9.73,10.54,0,-3.32,-13.18,-8.19,-7.65,0.0,2026-07-14,2026-07-14,23.05,0.2266,-0.169,0.3639,0.2684,0.2901,0.3935,0.1622,-0.795,0.1025,多周期共振看空 ⬇⬇⬇,-0.607,-0.6644,-0.5625
002488,金固股份,77.29,True,8.4,9.23,2,0.89,-11.84,-5.65,-8.96,0.0,2026-07-14,2026-07-14,31.84,-0.1332,0.2046,0.5082,0.2819,0.4854,0.153,0.1621,-0.8588,0.0706,多周期共振看空 ⬇⬇⬇,-0.9025,-0.619,-0.495
603138,海量数据,36.82,True,12.77,14.27,0,-5.17,-16.02,-9.95,-10.51,0.0,2026-07-14,2026-07-14,28.33,0.1387,-0.1827,0.43,0.2102,0.4073,0.2833,0.162,-0.7558,0.1221,多周期共振看空 ⬇⬇⬇,-0.7875,-0.6485,-0.3375
600699,均胜电子,283.18,True,20.29,22.34,0,-0.49,-14.48,-8.67,-9.16,0.0,2026-07-14,2026-07-14,36.26,0.2323,-0.3606,0.5458,0.1951,0.5836,0.0903,0.162,-0.7888,0.1056,多周期共振看空 ⬇⬇⬇,-0.7557,-0.5233,-0.5625
002263,大东南,52.59,True,2.8,3.49,7,12.86,-24.14,-8.03,-19.81,0.0,2026-07-14,2026-07-14,13.22,0.8372,-0.6342,0.6748,0.5023,0.0715,0.0,0.1615,-0.5977,0.2011,多周期共振看空 ⬇⬇⬇,-0.5955,-0.4657,-0.3375
600966,博汇纸业,61.36,True,4.59,4.97,1,0.17,-12.01,-7.02,-7.63,0.0,2026-07-14,2026-07-14,35.4,-0.1549,-0.1282,0.4468,0.1487,0.5645,0.2553,0.1615,-0.8275,0.0862,多周期共振看空 ⬇⬇⬇,-0.907,-0.7038,-0.3375
603602,纵横通信,24.05,True,10.41,11.5,0,-0.5,-13.83,-8.22,-9.49,0.0,2026-07-14,2026-07-14,21.89,0.5604,-0.5893,0.4062,0.3362,0.2643,0.323,0.1612,-0.8235,0.0882,多周期共振看空 ⬇⬇⬇,-0.756,-0.5994,-0.5625
002366,融发核电,93.07,True,5.03,5.66,0,-0.54,-12.82,-7.15,-11.07,0.0,2026-07-14,2026-07-14,35.43,0.3223,-0.2647,0.547,0.2875,0.565,0.0884,0.161,-0.9206,0.0397,多周期共振看空 ⬇⬇⬇,-0.8615,-0.7223,-0.5625
002434,万里扬,75.4,True,5.75,6.25,2,1.23,-13.69,-6.79,-8.02,0.0,2026-07-14,2026-07-14,36.89,0.3057,-0.403,0.4982,0.2222,0.5975,0.1696,0.1598,-0.9297,0.0352,多周期共振看空 ⬇⬇⬇,-0.8525,-0.75,-0.5625
002026,山东威达,44.58,True,10.12,11.13,0,-0.62,-11.56,-5.76,-9.05,0.0,2026-07-14,2026-07-14,26.85,0.1474,-0.0613,0.3551,0.2639,0.3745,0.4082,0.1597,-0.9206,0.0397,多周期共振看空 ⬇⬇⬇,-0.8615,-0.7223,-0.5625
002592,ST八菱,16.0,True,6.09,6.29,2,3.37,-10.47,-4.72,-3.11,0.0,2026-07-14,2026-07-14,39.47,0.1555,-0.3523,0.5683,0.1524,0.655,0.0528,0.1592,-0.7983,0.1008,多周期共振看空 ⬇⬇⬇,-0.6482,-0.7038,-0.495
603272,*ST联翔,18.68,True,18.03,25.09,0,-9.69,-34.3,-22.42,-28.15,0.0,2026-07-14,2026-07-14,27.76,-0.2597,-0.0526,0.8975,0.179,0.3946,0.0,0.1591,-0.4873,0.2563,多周期共振看空 ⬇⬇⬇,-0.749,-0.159,-0.27
603799,华友钴业,781.47,True,41.4,47.5,2,5.33,-17.9,-5.86,-12.84,0.0,2026-07-14,2026-07-14,19.76,0.4762,0.0178,0.5716,0.4929,0.2168,0.0474,0.1591,-0.814,0.093,多周期共振看空 ⬇⬇⬇,-0.7335,-0.6652,-0.495
603533,掌阅科技,79.26,True,18.06,19.99,1,0.13,-17.27,-8.2,-9.67,0.0,2026-07-14,2026-07-14,23.91,0.4133,-0.2038,0.6085,0.3665,0.3092,0.0,0.1589,-0.6864,0.1568,多周期共振看空 ⬇⬇⬇,-0.6313,-0.63,-0.3375
002467,二六三,60.28,True,4.41,4.77,0,-3.67,-13.8,-8.03,-7.48,0.0,2026-07-14,2026-07-14,33.81,-0.1809,0.0413,0.5522,0.2165,0.5291,0.0796,0.1588,-0.7748,0.1126,多周期共振看空 ⬇⬇⬇,-0.631,-0.6669,-0.495
000980,众泰汽车,83.2,True,1.65,1.97,0,-6.66,-20.36,-13.15,-16.33,0.0,2026-07-14,2026-07-14,20.78,-0.1328,2.0962,0.5041,0.4,0.2395,0.1598,0.1583,-0.7885,0.1058,多周期共振看空 ⬇⬇⬇,-0.7335,-0.5417,-0.5625
600556,天下秀,76.65,True,4.24,4.49,0,-2.29,-11.2,-7.1,-5.67,0.0,2026-07-14,2026-07-14,36.24,0.0555,-0.5704,0.4524,0.0333,0.5831,0.2459,0.1582,-0.6844,0.1578,多周期共振看空 ⬇⬇⬇,-0.3938,-0.6717,-0.495
601799,星宇股份,258.48,True,90.48,102.07,0,-6.24,-22.37,-11.28,-11.35,0.0,2026-07-14,2026-07-14,26.83,-0.4809,0.4061,0.5722,0.3624,0.3741,0.0464,0.1578,-0.8031,0.0984,多周期共振看空 ⬇⬇⬇,-0.8255,-0.5625,-0.495
002048,宁波华翔,151.68,True,21.37,24.31,4,6.15,-15.99,-6.24,-12.09,0.0,2026-07-14,2026-07-14,36.79,0.1283,-0.3451,0.6459,0.139,0.5954,0.0,0.1575,-0.6768,0.1616,多周期共振看空 ⬇⬇⬇,-0.572,-0.4347,-0.5625
600967,内蒙一机,172.9,True,10.16,10.99,0,-1.65,-9.25,-5.4,-7.58,0.0,2026-07-14,2026-07-14,35.1,-0.0138,-0.2479,0.3826,0.1008,0.5578,0.3623,0.1574,-0.8614,0.0693,多周期共振看空 ⬇⬇⬇,-0.6775,-0.75,-0.5625
603798,康普顿,30.88,True,12.04,14.24,2,1.36,-17.21,-5.92,-15.46,0.0,2026-07-14,2026-07-14,26.62,0.1496,-0.1651,0.6425,0.2237,0.3692,0.0,0.1573,-0.5426,0.2287,多周期共振看空 ⬇⬇⬇,-0.5619,-0.2835,-0.4275
002426,胜利精密,106.16,True,3.12,3.78,11,14.63,-19.34,-0.27,-17.49,0.0,2026-07-14,2026-07-14,14.29,0.56,-0.4148,0.5738,0.3701,0.0952,0.0436,0.1572,-0.4837,0.2581,多周期共振看空 ⬇⬇⬇,-0.3068,-0.4176,-0.3825
002478,常宝股份,42.71,True,5.91,6.32,0,-2.23,-8.69,-5.56,-6.43,0.0,2026-07-14,2026-07-14,31.69,-0.1715,-0.4528,0.3421,0.0189,0.4821,0.4299,0.1563,-0.7021,0.149,多周期共振看空 ⬇⬇⬇,-0.607,-0.6854,-0.3375
603612,索通发展,78.25,True,15.71,17.97,1,0.94,-15.02,-7.8,-12.58,0.0,2026-07-14,2026-07-14,10.66,0.2771,0.2684,0.36,0.4736,0.0146,0.4,0.1562,-0.8456,0.0772,多周期共振看空 ⬇⬇⬇,-0.7695,-0.7038,-0.495
002487,大金重工,275.71,True,43.7,53.95,0,-4.37,-22.44,-11.78,-19.0,0.0,2026-07-14,2026-07-14,21.23,-0.1221,0.3401,0.569,0.3361,0.2496,0.0517,0.1556,-0.6339,0.183,多周期共振看空 ⬇⬇⬇,-0.774,-0.4598,-0.27
002782,可立克,78.83,True,16.2,20.89,0,-2.64,-25.04,-12.66,-22.47,0.0,2026-07-14,2026-07-14,10.37,0.5351,-0.1094,0.6576,0.4773,0.0083,0.0,0.1552,-0.5321,0.2339,多周期共振看空 ⬇⬇⬇,-0.6731,-0.4125,-0.18
000819,岳阳兴长,40.88,True,11.17,11.96,0,-6.62,-15.25,-9.8,-6.62,0.0,2026-07-14,2026-07-14,31.53,-0.0724,-0.2416,0.395,0.1034,0.4784,0.3417,0.1551,-0.7719,0.114,多周期共振看空 ⬇⬇⬇,-0.625,-0.5983,-0.5625
002130,沃尔核材,188.33,True,16.42,18.38,1,0.09,-12.18,-6.16,-10.66,0.0,2026-07-14,2026-07-14,32.99,0.1218,-0.0998,0.5766,0.2331,0.5109,0.039,0.1546,-0.7804,0.1098,多周期共振看空 ⬇⬇⬇,-0.5755,-0.6593,-0.5625
002057,中钢天源,64.33,True,8.54,11.53,15,27.01,-29.75,4.59,-25.9,0.0,2026-07-14,2026-07-14,27.45,-0.0801,-0.0825,0.8992,0.167,0.3878,0.0,0.1545,-0.4962,0.2519,多周期共振看空 ⬇⬇⬇,-0.2518,-0.4248,-0.45
600797,浙大网新,63.71,True,6.2,6.56,0,-2.83,-14.17,-7.84,-5.52,0.0,2026-07-14,2026-07-14,35.98,-0.0773,-0.3487,0.3924,0.0605,0.5774,0.346,0.1537,-0.8368,0.0816,多周期共振看空 ⬇⬇⬇,-0.625,-0.7408,-0.5625
002195,岩山科技,334.7,True,5.96,6.59,0,-3.14,-10.68,-6.94,-9.61,0.0,2026-07-14,2026-07-14,24.88,0.1097,-0.1228,0.3853,0.2167,0.3308,0.3579,0.1533,-0.8038,0.0981,多周期共振看空 ⬇⬇⬇,-0.857,-0.6946,-0.3375
600476,*ST湘邮,0.0,True,8.74,9.16,0,-1.96,-17.55,-9.34,-4.54,0.0,2026-07-14,2026-07-14,41.51,-0.0987,-0.2874,0.5877,0.085,0.7002,0.0205,0.1532,-0.7675,0.1163,多周期共振看空 ⬇⬇⬇,-0.58,-0.6271,-0.5625
600996,贵广网络,79.92,True,6.41,7.49,2,5.71,-25.23,-11.83,-14.43,0.0,2026-07-14,2026-07-14,22.6,0.6289,-0.3773,0.7232,0.4264,0.2801,0.0,0.1531,-0.7933,0.1033,多周期共振看空 ⬇⬇⬇,-0.729,-0.5561,-0.5625
603121,华培动力,37.61,True,11.11,12.6,0,-4.26,-19.64,-13.02,-11.82,0.0,2026-07-14,2026-07-14,30.69,0.065,0.0717,0.6048,0.2677,0.4598,0.0,0.1524,-0.7605,0.1198,多周期共振看空 ⬇⬇⬇,-0.616,-0.6485,-0.495
601127,赛力斯,831.24,True,53.38,61.07,0,-4.23,-14.7,-10.59,-12.59,0.0,2026-07-14,2026-07-14,27.58,-0.3668,0.3094,0.4589,0.3238,0.3907,0.2351,0.1521,-0.9579,0.0211,多周期共振看空 ⬇⬇⬇,-0.925,-0.75,-0.5625
600072,中船科技,87.86,True,8.11,8.78,0,-0.4,-13.73,-9.66,-7.67,0.0,2026-07-14,2026-07-14,38.62,-0.0066,-0.2353,0.5572,0.1059,0.6359,0.0713,0.1509,-0.7826,0.1087,多周期共振看空 ⬇⬇⬇,-0.6955,-0.5613,-0.5625
002514,*ST宝馨,0.0,True,2.03,2.36,0,-12.54,-35.18,-25.0,-14.02,0.0,2026-07-14,2026-07-14,32.31,-0.0087,0.1751,0.7223,0.2701,0.4957,0.0,0.1507,-0.8213,0.0893,多周期共振看空 ⬇⬇⬇,-0.607,-0.7223,-0.5625
002405,四维图新,0.0,True,6.22,6.67,0,-1.79,-14.28,-10.27,-6.78,0.0,2026-07-14,2026-07-14,33.17,-0.026,-0.3643,0.3713,0.0543,0.515,0.3811,0.15,-0.8101,0.0949,多周期共振看空 ⬇⬇⬇,-0.7,-0.6854,-0.495
002471,中超控股,69.33,True,5.16,6.09,0,-3.61,-15.29,-10.31,-15.23,0.0,2026-07-14,2026-07-14,33.13,-0.0535,0.0233,0.691,0.2093,0.5139,0.0,0.1499,-0.7524,0.1238,多周期共振看空 ⬇⬇⬇,-0.8011,-0.6295,-0.3375
603036,如通股份,25.5,True,12.38,14.25,11,12.22,-16.2,-0.37,-13.11,0.0,2026-07-14,2026-07-14,22.24,0.4621,-0.5792,0.4941,0.2772,0.272,0.1764,0.1497,-0.7135,0.1432,多周期共振看空 ⬇⬇⬇,-0.3197,-0.7315,-0.5625
002453,华软科技,24.35,True,4.04,4.6,0,-1.81,-16.81,-10.91,-12.11,0.0,2026-07-14,2026-07-14,27.72,0.0642,0.2028,0.6918,0.3197,0.3938,0.0,0.1493,-0.7893,0.1053,多周期共振看空 ⬇⬇⬇,-0.7425,-0.5359,-0.5625
600389,江山股份,76.05,True,17.66,20.1,0,-2.89,-15.27,-9.48,-12.13,0.0,2026-07-14,2026-07-14,18.07,-0.5879,2.024,0.5128,0.4,0.1793,0.1453,0.1488,-0.7811,0.1094,多周期共振看空 ⬇⬇⬇,-0.9205,-0.5902,-0.3375
000016,*ST康佳A,37.68,True,2.36,2.5,0,-0.45,-23.16,-11.18,-5.56,0.0,2026-07-14,2026-07-14,45.58,-0.1346,-0.4243,0.7023,0.0303,0.7906,0.0,0.1478,-0.8151,0.0924,多周期共振看空 ⬇⬇⬇,-0.6685,-0.656,-0.5625
000821,ST京机,43.9,True,7.26,7.89,0,-0.66,-17.53,-7.79,-7.99,0.0,2026-07-14,2026-07-14,43.13,-0.3401,-0.3088,0.5763,0.0765,0.7363,0.0396,0.1475,-0.8579,0.0711,多周期共振看空 ⬇⬇⬇,-0.6685,-0.75,-0.5625
002466,天齐锂业,698.76,True,47.35,58.51,7,6.64,-23.13,-4.44,-19.08,0.0,2026-07-14,2026-07-14,18.76,0.3489,-0.433,0.7206,0.2362,0.1947,0.0,0.1473,-0.4328,0.2836,多周期共振看空 ⬇⬇⬇,-0.6135,-0.2459,-0.1794
603202,天有为,25.39,True,50.56,53.38,1,1.16,-19.55,-9.74,-5.28,0.0,2026-07-14,2026-07-14,38.34,-0.0471,-0.3935,0.4671,0.0426,0.6298,0.2214,0.1471,-0.8245,0.0877,多周期共振看空 ⬇⬇⬇,-0.5935,-0.7408,-0.5625
603062,麦加芯彩,13.44,True,36.25,40.06,4,1.38,-10.13,-4.52,-9.51,0.0,2026-07-14,2026-07-14,31.21,-0.116,-0.2252,0.4226,0.1099,0.4713,0.2957,0.147,-0.8023,0.0988,多周期共振看空 ⬇⬇⬇,-0.8105,-0.506,-0.5625
603217,元利科技,42.18,True,20.27,22.36,1,2.72,-12.58,-6.44,-9.36,0.0,2026-07-14,2026-07-14,30.34,-0.1303,-0.4783,0.4791,0.0087,0.4519,0.2015,0.1465,-0.5456,0.2272,多周期共振看空 ⬇⬇⬇,-0.756,-0.2812,-0.27
601606,长城军工,187.43,True,25.88,28.45,0,-3.39,-13.26,-8.0,-9.03,0.0,2026-07-14,2026-07-14,34.44,-0.1323,-0.2859,0.4178,0.0856,0.5432,0.3036,0.1459,-0.8649,0.0675,多周期共振看空 ⬇⬇⬇,-0.6865,-0.75,-0.5625
603370,华新精科,11.35,True,32.43,37.16,0,-0.31,-15.58,-8.09,-12.73,0.0,2026-07-14,2026-07-14,26.6,0.2416,-0.2918,0.4594,0.2283,0.3689,0.2343,0.1449,-0.8361,0.082,周线日线共振看空,-0.7335,-0.6652,
002449,国星光电,39.71,True,6.42,7.45,1,0.72,-15.28,-5.96,-13.84,0.0,2026-07-14,2026-07-14,21.6,0.6434,-0.6524,0.5652,0.386,0.2578,0.058,0.1446,-0.8169,0.0916,多周期共振看空 ⬇⬇⬇,-0.7355,-0.6024,-0.5625
605166,聚合顺,0.0,True,8.16,9.45,3,4.07,-15.17,-5.33,-13.62,0.0,2026-07-14,2026-07-14,15.61,0.6862,-0.4143,0.604,0.446,0.1247,0.0,0.1432,-0.7178,0.1411,多周期共振看空 ⬇⬇⬇,-0.7192,-0.3986,-0.5625
002194,武汉凡谷,42.86,True,8.39,10.28,6,7.5,-21.55,-9.48,-18.37,0.0,2026-07-14,2026-07-14,12.61,0.7809,-0.7633,0.7004,0.4686,0.0579,0.0,0.1429,-0.6762,0.1619,多周期共振看空 ⬇⬇⬇,-0.591,-0.4171,-0.5625
002036,联创电子,64.38,True,6.1,7.38,0,-4.61,-17.7,-11.06,-17.38,0.0,2026-07-14,2026-07-14,25.64,0.474,-0.3389,0.677,0.3488,0.3476,0.0,0.1425,-0.8351,0.0825,多周期共振看空 ⬇⬇⬇,-0.812,-0.5769,-0.5625
603822,ST嘉澳,48.69,True,63.38,69.01,2,1.32,-13.91,-7.04,-8.15,0.0,2026-07-14,2026-07-14,38.19,-0.0429,-0.3569,0.5938,0.0572,0.6265,0.0104,0.1424,-0.7122,0.1439,多周期共振看空 ⬇⬇⬇,-0.5323,-0.614,-0.495
600893,航发动力,874.69,True,32.82,37.67,2,1.42,-12.87,-5.24,-12.87,0.0,2026-07-14,2026-07-14,26.77,-0.0535,0.0794,0.5485,0.2318,0.3727,0.0858,0.1423,-0.7482,0.1259,多周期共振看空 ⬇⬇⬇,-0.7359,-0.6762,-0.3375
603887,城地香江,51.23,True,8.51,9.63,0,-4.88,-15.34,-10.71,-11.6,0.0,2026-07-14,2026-07-14,20.21,-0.1242,0.3574,0.49,0.343,0.227,0.1834,0.1419,-0.8324,0.0838,多周期共振看空 ⬇⬇⬇,-0.7,-0.6669,-0.5625
603097,江苏华辰,36.17,True,16.1,18.41,9,4.06,-14.2,-3.01,-12.56,0.0,2026-07-14,2026-07-14,11.18,0.3171,-0.3992,0.3799,0.2306,0.0263,0.3668,0.1419,-0.559,0.2205,多周期共振看空 ⬇⬇⬇,-0.3727,-0.5716,-0.3375
603610,麒盛科技,47.94,True,13.58,17.36,11,6.46,-22.32,-3.73,-21.76,0.0,2026-07-14,2026-07-14,20.79,-0.0476,-0.0424,0.6872,0.183,0.2398,0.0,0.1404,-0.4577,0.2712,多周期共振看空 ⬇⬇⬇,-0.4394,-0.3142,-0.315
603360,百傲化学,96.05,True,13.6,16.5,0,-0.55,-18.39,-11.74,-17.6,0.0,2026-07-14,2026-07-14,29.09,0.2508,-0.0835,0.6943,0.3171,0.4241,0.0,0.1393,-0.9022,0.0489,多周期共振看空 ⬇⬇⬇,-0.7822,-0.75,-0.5625
000981,山子高科,247.35,True,2.6,2.92,0,-5.42,-13.82,-9.94,-10.82,0.0,2026-07-14,2026-07-14,30.09,-0.0421,-0.1485,0.4561,0.1406,0.4464,0.2398,0.139,-0.8407,0.0796,多周期共振看空 ⬇⬇⬇,-0.7785,-0.6854,-0.495
002547,*ST春兴,25.85,True,2.34,2.6,0,-2.1,-25.69,-14.44,-9.97,0.0,2026-07-14,2026-07-14,36.94,-0.1586,-0.3104,0.7838,0.0758,0.5987,0.0,0.1385,-0.7314,0.1343,多周期共振看空 ⬇⬇⬇,-0.544,-0.5787,-0.5625
000792,盐湖股份,1341.4,True,25.35,28.88,9,3.52,-15.82,-3.53,-12.21,0.0,2026-07-14,2026-07-14,21.93,0.3654,-0.4634,0.546,0.2339,0.2651,0.0899,0.1382,-0.659,0.1705,多周期共振看空 ⬇⬇⬇,-0.6398,-0.5625,-0.3375
002565,顺灏股份,105.57,True,9.96,11.95,0,-5.41,-17.97,-11.75,-16.68,0.0,2026-07-14,2026-07-14,28.26,0.106,-0.186,0.6309,0.1892,0.4057,0.0,0.1378,-0.6875,0.1562,多周期共振看空 ⬇⬇⬇,-0.866,-0.4313,-0.3375
002388,新亚制程,21.26,True,4.2,5.1,3,3.52,-21.47,-5.34,-17.58,0.0,2026-07-14,2026-07-14,20.78,0.1884,-0.1374,0.6042,0.2581,0.2395,0.0,0.1375,-0.6005,0.1997,多周期共振看空 ⬇⬇⬇,-0.462,-0.4288,-0.495
002757,南兴股份,46.99,True,16.66,18.82,0,-5.8,-19.45,-10.65,-11.47,0.0,2026-07-14,2026-07-14,28.73,0.1473,-0.5117,0.6044,0.0884,0.4163,0.0,0.1373,-0.5423,0.2288,多周期共振看空 ⬇⬇⬇,-0.664,-0.2852,-0.3375
603305,旭升集团,129.79,True,11.23,12.51,0,-1.68,-15.71,-8.58,-10.21,0.0,2026-07-14,2026-07-14,34.56,-0.0446,-0.2359,0.5504,0.1056,0.5458,0.0826,0.1357,-0.804,0.098,多周期共振看空 ⬇⬇⬇,-0.83,-0.5607,-0.495
002539,云图控股,90.31,True,10.15,11.4,5,4.37,-14.15,-3.91,-10.96,0.0,2026-07-14,2026-07-14,15.25,0.3565,-0.2949,0.5319,0.2959,0.1168,0.1135,0.1355,-0.6203,0.1899,多周期共振看空 ⬇⬇⬇,-0.5081,-0.5902,-0.3375
603992,松霖科技,0.0,True,24.46,30.25,12,10.21,-22.83,-2.05,-19.13,0.0,2026-07-14,2026-07-14,22.76,0.2409,-0.3206,0.5765,0.2163,0.2835,0.0392,0.1353,-0.6352,0.1824,多周期共振看空 ⬇⬇⬇,-0.4844,-0.4858,-0.495
603988,中电电机,36.1,True,15.35,16.98,0,-3.35,-14.87,-9.62,-9.59,0.0,2026-07-14,2026-07-14,32.72,-0.0671,-0.325,0.4631,0.07,0.5049,0.2282,0.135,-0.8206,0.0897,多周期共振看空 ⬇⬇⬇,-0.616,-0.7131,-0.5625
601615,明阳智能,227.73,True,10.07,11.31,0,-1.06,-21.45,-11.41,-10.95,0.0,2026-07-14,2026-07-14,34.63,0.1891,-0.4183,0.62,0.1462,0.5473,0.0,0.1347,-0.8128,0.0936,多周期共振看空 ⬇⬇⬇,-0.6854,-0.7038,-0.495
002214,*ST大立,61.95,True,12.95,14.35,4,1.99,-15.41,-3.62,-9.79,0.0,2026-07-14,2026-07-14,33.27,-0.191,-0.5043,0.5215,0.0,0.5172,0.1309,0.1338,-0.6548,0.1726,多周期共振看空 ⬇⬇⬇,-0.6735,-0.5244,-0.3375
002869,金溢科技,23.33,True,14.81,16.78,5,4.52,-14.7,-6.55,-11.72,0.0,2026-07-14,2026-07-14,17.44,0.5769,-0.5679,0.4825,0.3462,0.1654,0.1959,0.1313,-0.8589,0.0706,多周期共振看空 ⬇⬇⬇,-0.6817,-0.7408,-0.5625
000592,平潭发展,110.69,True,5.78,6.73,1,5.25,-17.17,-10.88,-14.08,0.0,2026-07-14,2026-07-14,35.97,-0.0779,-0.3121,0.7315,0.0752,0.5771,0.0,0.1302,-0.7715,0.1143,多周期共振看空 ⬇⬇⬇,-0.774,-0.6946,-0.3375
603786,科博达,159.93,True,39.6,43.29,0,-1.75,-12.58,-6.09,-8.53,0.0,2026-07-14,2026-07-14,31.04,0.0654,-0.5384,0.3507,0.0392,0.4676,0.4156,0.1276,-0.9355,0.0323,多周期共振看空 ⬇⬇⬇,-0.889,-0.7315,-0.5625
002460,赣锋锂业,636.5,True,52.55,63.58,5,2.89,-20.75,-6.23,-17.35,0.0,2026-07-14,2026-07-14,14.67,0.4971,-0.5321,0.5843,0.2983,0.1038,0.0262,0.1274,-0.6035,0.1982,多周期共振看空 ⬇⬇⬇,-0.696,-0.4598,-0.27
603922,ST金鸿顺,22.76,True,12.7,13.88,6,4.43,-14.4,-6.01,-8.48,0.0,2026-07-14,2026-07-14,27.55,-0.1374,0.0436,0.6222,0.2174,0.39,0.0,0.1273,-0.7973,0.1013,多周期共振看空 ⬇⬇⬇,-0.6101,-0.6669,-0.5625
605286,同力天启,39.33,True,23.41,26.53,0,-2.27,-16.84,-10.98,-11.75,0.0,2026-07-14,2026-07-14,31.15,0.0606,-0.2758,0.5524,0.126,0.4699,0.0793,0.1264,-0.818,0.091,多周期共振看空 ⬇⬇⬇,-0.6955,-0.6392,-0.5625
603863,松炀资源,24.7,True,12.07,13.27,0,-3.68,-16.59,-9.27,-9.04,0.0,2026-07-14,2026-07-14,31.43,-0.0399,-0.08,0.699,0.168,0.4762,0.0,0.125,-0.8404,0.0798,多周期共振看空 ⬇⬇⬇,-0.6235,-0.75,-0.5625
002729,好利科技,23.93,True,13.64,17.19,6,8.91,-23.82,-7.75,-20.63,0.0,2026-07-14,2026-07-14,17.28,0.0003,0.1173,0.7516,0.2471,0.1619,0.0,0.1244,-0.5946,0.2027,多周期共振看空 ⬇⬇⬇,-0.6495,-0.4125,-0.3375
600590,泰豪科技,71.2,True,8.44,10.19,0,-6.21,-18.55,-12.86,-17.17,0.0,2026-07-14,2026-07-14,18.25,0.1353,-0.1685,0.5019,0.2138,0.1833,0.1635,0.123,-0.7088,0.1456,多周期共振看空 ⬇⬇⬇,-0.875,-0.4702,-0.3375
603185,弘元绿能,93.91,True,13.83,15.91,0,-0.51,-13.81,-6.93,-13.06,0.0,2026-07-14,2026-07-14,23.7,0.3791,-0.6542,0.4673,0.2274,0.3044,0.2211,0.1218,-0.9314,0.0343,多周期共振看空 ⬇⬇⬇,-0.857,-0.75,-0.5625
002510,天汽模,52.25,True,5.2,5.66,0,-2.88,-15.05,-7.9,-8.12,0.0,2026-07-14,2026-07-14,30.31,0.0413,-0.4168,0.5278,0.058,0.4514,0.1203,0.1216,-0.7584,0.1208,多周期共振看空 ⬇⬇⬇,-0.7237,-0.4839,-0.5625
002590,万安科技,45.39,True,9.17,10.13,0,-3.47,-11.62,-7.93,-9.45,0.0,2026-07-14,2026-07-14,25.99,0.0633,-0.4541,0.3255,0.0563,0.3554,0.4575,0.1206,-0.9181,0.0409,多周期共振看空 ⬇⬇⬇,-0.866,-0.7131,-0.5625
600577,精达股份,174.72,True,8.09,9.74,0,-6.59,-20.62,-13.17,-16.94,0.0,2026-07-14,2026-07-14,21.43,-0.1002,-0.1581,0.508,0.1368,0.254,0.1533,0.1187,-0.6966,0.1517,多周期共振看空 ⬇⬇⬇,-0.747,-0.5533,-0.3375
002898,赛隆退,0.41,True,0.4,3.64,1,0.42,-96.98,-62.52,-89.0,0.0,2026-07-14,2026-07-14,1.4,-0.6834,3.9642,3.4629,0.4,0.0,0.0,0.1171,-0.7036,0.1482,多周期共振看空 ⬇⬇⬇,-0.6465,-0.6548,-0.3375
002657,中科金财,50.02,True,14.88,19.72,15,15.09,-26.99,-1.34,-24.54,0.0,2026-07-14,2026-07-14,22.23,0.2995,-0.5244,0.9135,0.1797,0.2718,0.0,0.1148,-0.6954,0.1523,多周期共振看空 ⬇⬇⬇,-0.3412,-0.6733,-0.5625
002368,太极股份,84.1,True,13.56,14.93,7,8.2,-13.42,-4.51,-9.19,0.0,2026-07-14,2026-07-14,24.14,-0.0217,-0.2524,0.4841,0.099,0.3143,0.1932,0.1045,-0.8542,0.0729,多周期共振看空 ⬇⬇⬇,-0.659,-0.75,-0.5625
002217,ST合力泰,108.46,True,1.49,1.99,2,4.07,-28.52,-15.06,-25.03,0.0,2026-07-14,2026-07-14,20.74,0.228,-0.3892,0.8575,0.1811,0.2387,0.0,0.1,-0.776,0.112,多周期共振看空 ⬇⬇⬇,-0.747,-0.5026,-0.5625
002731,ST萃华,5.31,True,2.31,5.14,0,-0.03,-55.08,-22.65,-55.08,0.0,2026-07-14,2026-07-14,0.0,0.58,-0.9783,0.5968,0.348,0.0,0.0053,0.0813,-0.9108,0.0446,周线日线共振看空,-0.7695,-0.75,
600418,江淮汽车,491.4,True,22.5,26.68,0,-9.98,-21.56,-14.78,-15.68,0.0,2026-07-14,2026-07-14,26.02,-0.2063,-0.4538,0.6624,0.0185,0.356,0.0,0.0796,-0.8199,0.0901,多周期共振看空 ⬇⬇⬇,-0.625,-0.7038,-0.5625
