code,name,market_cap,is_tech,latest_close,latest_ma20,days_above_ma20,max_distance_above_ma20_pct,min_distance_above_ma20_pct,avg_distance_above_ma20_pct,latest_distance_above_ma20_pct,ma20_strength_score,last_breach_date,latest_date,rsi,volume_price_corr,volume_change_22d,volatility_20d,volume_price_score,rsi_score,volatility_score,composite_score,trend_score,trend_normalized,trend_phase,daily_trend_score,weekly_trend_score,monthly_trend_score
002422,科伦药业,639.18,True,49.22,44.36,21,26.76,-1.1,11.37,10.96,0.8341,2026-06-26,2026-07-22,58.18,0.8231,1.6415,0.8881,0.8939,0.9294,0.0,0.8043,0.8874,0.9437,多周期共振看多 ⬆⬆⬆,0.866,0.7131,0.495
000938,紫光股份,1284.17,True,44.9,33.98,19,32.15,-5.27,14.19,32.15,0.8023,2026-06-29,2026-07-22,74.64,0.916,2.6505,1.0217,0.9496,0.5637,0.0,0.7417,0.8125,0.9062,多周期共振看多 ⬆⬆⬆,0.74,0.589,0.5625
000977,浪潮信息,1327.04,True,90.47,76.9,22,30.83,0.63,12.02,17.64,0.85,2026-06-16,2026-07-22,75.89,0.8352,1.7676,0.8771,0.9011,0.5357,0.0,0.7309,0.7225,0.8613,多周期共振看多 ⬆⬆⬆,0.6935,0.4985,0.495
000739,普洛药业,241.32,True,20.84,18.44,21,18.47,-1.73,7.72,13.02,0.7789,2026-06-26,2026-07-22,71.71,0.8358,2.0071,0.5376,0.9015,0.6287,0.1041,0.7154,0.5735,0.7868,多周期共振看多 ⬆⬆⬆,0.7625,0.2243,0.3825
002821,凯莱英,520.84,True,164.28,164.24,22,36.13,0.02,16.72,0.02,0.6006,2026-06-17,2026-07-22,54.55,0.5635,0.8866,0.9805,0.7381,0.9901,0.0,0.7006,0.7944,0.8972,多周期共振看多 ⬆⬆⬆,0.538,0.7223,0.5625
002841,视源股份,249.62,True,47.88,43.33,17,42.05,-7.28,13.45,10.51,0.7705,2026-06-29,2026-07-22,73.86,0.8951,2.7465,0.7893,0.937,0.5809,0.0,0.6983,0.5408,0.7704,多周期共振看多 ⬆⬆⬆,0.5683,0.544,0.1575
002415,海康威视,3223.23,True,35.63,34.08,20,9.95,-1.76,4.04,4.54,0.5905,2026-07-17,2026-07-22,61.61,0.4664,0.3298,0.3489,0.6117,0.8531,0.4185,0.6904,0.7682,0.8841,多周期共振看多 ⬆⬆⬆,0.6263,0.5891,0.5625
002440,闰土股份,118.77,True,12.55,10.81,18,22.19,-7.99,6.87,16.1,0.7082,2026-07-13,2026-07-22,61.39,0.773,0.3712,0.8809,0.8122,0.858,0.0,0.6869,0.4664,0.7332,多周期共振看多 ⬆⬆⬆,0.6845,0.2134,0.225
002653,海思科,382.14,True,71.19,69.29,22,45.23,2.74,17.12,2.74,0.6684,2026-06-18,2026-07-22,39.96,0.7413,2.9652,0.9549,0.8448,0.6657,0.0,0.6787,0.6748,0.8374,多周期共振看多 ⬆⬆⬆,0.553,0.514,0.495
002396,星网锐捷,261.99,True,34.59,25.75,16,42.03,-10.96,16.8,34.33,0.7545,2026-06-30,2026-07-22,80.36,0.8649,6.4564,0.9281,0.9189,0.4365,0.0,0.674,0.5872,0.7936,多周期共振看多 ⬆⬆⬆,0.671,0.4005,0.315
002317,众生药业,211.73,True,27.8,27.53,20,27.45,-0.83,11.19,0.99,0.593,2026-07-21,2026-07-22,53.11,0.7177,0.032,0.9358,0.6434,0.958,0.0,0.6718,0.7717,0.8859,多周期共振看多 ⬆⬆⬆,0.5335,0.6762,0.5625
002860,星帅尔,56.51,True,16.43,15.83,22,24.79,0.61,8.59,3.81,0.6598,2026-06-12,2026-07-22,60.2,0.6314,0.1527,0.6433,0.64,0.8844,0.0,0.6649,0.6504,0.8252,多周期共振看多 ⬆⬆⬆,0.539,0.63,0.3375
002603,以岭药业,237.31,True,17.24,16.05,19,12.12,-2.86,4.15,7.39,0.6117,2026-07-09,2026-07-22,65.51,0.9176,1.7078,0.5363,0.9506,0.7664,0.1061,0.6395,0.1225,0.5613,多周期方向不一致，观望,0.5817,0.0397,0.0
003033,征和工业,55.53,True,68.77,63.59,17,23.64,-9.59,8.83,8.14,0.6949,2026-07-20,2026-07-22,64.37,0.492,0.5148,0.8122,0.6952,0.7918,0.0,0.6361,0.3588,0.6794,多周期共振看多 ⬆⬆⬆,0.4898,0.2112,0.1575
002774,快意电梯,43.25,True,15.35,14.87,21,22.06,-0.83,11.35,3.22,0.6646,2026-07-20,2026-07-22,55.44,0.1586,0.0001,0.846,0.2952,0.9902,0.0,0.6314,0.7955,0.8978,多周期共振看多 ⬆⬆⬆,0.5515,0.7131,0.5625
000703,恒逸石化,576.44,True,15.16,14.56,17,25.15,-5.78,5.18,4.11,0.5027,2026-07-16,2026-07-22,50.63,0.6035,0.8011,0.8919,0.7621,0.9028,0.0,0.6267,0.5043,0.7521,多周期共振看多 ⬆⬆⬆,0.3493,0.404,0.405
000989,九芝堂,63.03,True,9.08,8.56,19,20.79,-4.93,4.83,6.09,0.5751,2026-06-30,2026-07-22,61.27,0.9503,3.4787,0.6497,0.9702,0.8608,0.0,0.6233,0.0209,0.5104,⚠️ 月线空头下的短期反弹，不宜追高,0.5503,0.1648,-0.3976
000513,丽珠集团,175.56,True,30.9,30.32,19,5.16,-3.5,1.66,1.92,0.4804,2026-06-30,2026-07-22,57.74,0.7616,0.4794,0.3503,0.8487,0.9392,0.4161,0.6184,-0.0239,0.488,⚠️⚠️ 逆大势反弹，大概率是下跌中继,0.3389,-0.1824,-0.5625
002250,联化科技,147.22,True,16.45,14.89,15,15.61,-5.93,4.76,10.51,0.6076,2026-07-13,2026-07-22,57.29,0.6335,0.3326,0.8142,0.7132,0.9492,0.0,0.6139,0.1729,0.5865,月线看多，日线反弹（等待周线确认）,0.4538,0.0917,0.225
002156,通富微电,1136.57,True,74.9,71.44,15,17.34,-11.74,4.01,4.85,0.4601,2026-07-21,2026-07-22,57.28,0.6905,0.2079,0.9786,0.6975,0.9494,0.0,0.6124,0.5397,0.7698,上升趋势中的日线整理,0.1259,0.7315,0.5625
002141,贤丰控股,53.4,True,5.17,5.33,19,47.92,-7.65,16.95,-2.94,0.4788,2026-07-22,2026-07-22,54.81,0.3066,0.4236,1.255,0.5534,0.9957,0.0,0.6092,0.644,0.822,多周期共振看多 ⬆⬆⬆,0.5703,0.364,0.5625
002901,大博医疗,126.44,True,43.84,44.28,21,11.22,-0.99,4.25,-0.99,0.4665,2026-07-22,2026-07-22,52.69,0.769,0.478,0.4324,0.8526,0.9487,0.2794,0.6059,0.0012,0.5006,⚠️ 月线空头下的短期反弹，不宜追高,0.3287,0.1821,-0.45
000650,仁和药业,70.83,True,5.32,5.19,16,7.5,-4.63,1.66,2.42,0.4094,2026-07-01,2026-07-22,59.48,0.8027,0.4132,0.2747,0.8469,0.9004,0.5421,0.6026,-0.0312,0.4844,⚠️⚠️ 逆大势反弹，大概率是下跌中继,0.3112,-0.2994,-0.5625
002262,恩华药业,191.6,True,21.68,20.08,17,9.23,-5.55,2.92,7.95,0.5706,2026-06-30,2026-07-22,67.84,0.7506,0.6456,0.4284,0.8503,0.7147,0.286,0.601,-0.0088,0.4956,⚠️⚠️ 逆大势反弹，大概率是下跌中继,0.557,-0.1952,-0.45
001229,魅视科技,27.19,True,36.87,37.86,17,42.41,-9.01,16.59,-2.63,0.4548,2026-07-22,2026-07-22,49.0,0.326,1.8538,1.0176,0.5956,0.8667,0.0,0.5997,0.713,0.8565,多周期共振看多 ⬆⬆⬆,0.5925,0.4967,0.5625
002793,罗欣药业,53.65,True,4.94,4.44,16,15.86,-7.33,5.15,11.26,0.6333,2026-06-30,2026-07-22,66.38,0.7833,1.7866,0.7652,0.87,0.747,0.0,0.5982,-0.0226,0.4887,多周期方向不一致，观望,0.5786,-0.1455,-0.45
000597,东北制药,65.67,True,4.66,4.54,16,9.31,-4.97,2.12,2.63,0.4212,2026-07-01,2026-07-22,60.0,0.8376,0.576,0.3892,0.9026,0.8889,0.3513,0.5954,-0.0398,0.4801,⚠️⚠️ 逆大势反弹，大概率是下跌中继,0.2346,-0.3976,-0.5625
002412,汉森制药,33.41,True,6.71,6.08,12,14.44,-9.17,1.52,10.41,0.4788,2026-07-08,2026-07-22,62.95,0.8781,3.3399,0.7196,0.9269,0.8233,0.0,0.5903,0.1025,0.5513,月线看多，日线反弹（等待周线确认）,0.239,0.0443,0.1691
002432,九安医疗,379.85,True,81.64,67.36,9,21.21,-16.27,-0.49,21.21,0.3809,2026-07-14,2026-07-22,63.83,0.699,1.6602,0.9887,0.8194,0.8038,0.0,0.5899,0.5294,0.7647,多周期共振看多 ⬆⬆⬆,0.2608,0.3775,0.5625
002275,桂林三金,74.26,True,13.15,13.07,15,6.91,-5.14,2.03,0.62,0.3492,2026-07-01,2026-07-22,55.3,0.7465,0.5382,0.3461,0.8479,0.9933,0.4232,0.5863,-0.035,0.4825,⚠️⚠️ 逆大势反弹，大概率是下跌中继,0.2655,-0.3319,-0.5625
002541,鸿路钢构,100.67,True,20.29,19.03,17,19.6,-7.15,6.49,6.62,0.5981,2026-06-30,2026-07-22,63.3,0.5589,0.9129,0.6422,0.7353,0.8156,0.0,0.585,0.0896,0.5448,多周期方向不一致，观望,0.5278,0.0529,-0.1116
001395,亚联机械,15.45,True,29.7,27.19,10,28.62,-11.14,4.0,9.25,0.4903,2026-07-08,2026-07-22,63.15,0.9292,7.2104,0.8966,0.9575,0.8189,0.0,0.5824,-0.0325,0.4838,多周期方向不一致，观望,0.329,0.0252,-0.45
002287,奇正藏药,117.79,True,20.63,20.27,15,9.82,-6.44,1.74,1.75,0.3505,2026-07-01,2026-07-22,58.42,0.8582,0.5674,0.3983,0.9149,0.9239,0.3361,0.5795,-0.0467,0.4767,⚠️⚠️ 逆大势反弹，大概率是下跌中继,0.3076,-0.5902,-0.5625
002223,鱼跃医疗,262.62,True,27.87,26.55,17,6.84,-3.41,2.19,4.96,0.5215,2026-07-09,2026-07-22,65.56,0.6996,0.0456,0.2582,0.638,0.7653,0.5696,0.5762,-0.0368,0.4816,⚠️⚠️ 逆大势反弹，大概率是下跌中继,0.4442,-0.5194,-0.5625
002511,中顺洁柔,89.58,True,7.08,6.97,15,5.12,-5.42,0.69,1.56,0.3527,2026-07-01,2026-07-22,60.58,0.7281,0.3544,0.221,0.7787,0.8761,0.6317,0.5745,-0.0528,0.4736,⚠️⚠️ 逆大势反弹，大概率是下跌中继,0.1789,-0.5962,-0.5625
002558,巨人网络,532.53,True,28.02,28.38,20,12.27,-1.25,6.77,-1.25,0.4913,2026-07-22,2026-07-22,51.02,0.7784,0.3947,0.7197,0.8249,0.9115,0.0,0.5721,-0.0156,0.4922,⚠️⚠️ 逆大势反弹，大概率是下跌中继,0.605,-0.2526,-0.5625
002345,潮宏基,90.02,True,10.38,9.86,15,12.36,-5.86,2.8,5.27,0.4471,2026-07-14,2026-07-22,55.36,0.6341,0.5625,0.5979,0.7805,0.992,0.0035,0.5652,0.0064,0.5032,多周期方向不一致，观望,0.453,0.0897,-0.45
000948,南天信息,56.0,True,14.39,12.95,12,16.89,-7.6,2.61,11.09,0.5062,2026-07-07,2026-07-22,70.53,0.9341,2.0439,0.5987,0.9604,0.6549,0.0021,0.5643,-0.0249,0.4875,⚠️⚠️ 逆大势反弹，大概率是下跌中继,0.3478,-0.322,-0.45
002900,哈三联,17.72,True,11.0,10.03,11,22.03,-7.58,1.32,9.67,0.4498,2026-07-13,2026-07-22,59.67,0.7634,1.6624,0.8578,0.858,0.8962,0.0,0.5626,-0.027,0.4865,⚠️⚠️ 逆大势反弹，大概率是下跌中继,0.1548,-0.197,-0.45
000518,四环生物,35.72,True,3.47,3.61,14,20.05,-6.19,5.7,-3.88,0.2682,2026-07-22,2026-07-22,53.25,0.728,-0.1353,0.5457,0.5827,0.961,0.0904,0.562,0.6946,0.8473,多周期共振看多 ⬆⬆⬆,0.35,0.664,0.5625
002737,葵花药业,77.15,True,13.21,12.48,14,11.67,-8.58,2.34,5.84,0.4272,2026-07-02,2026-07-22,70.87,0.8609,0.6649,0.4315,0.9165,0.6472,0.2809,0.5615,-0.0008,0.4996,⚠️ 月线空头下的短期反弹，不宜追高,0.308,0.1763,-0.45
600085,同仁堂,356.45,True,25.99,24.13,11,14.63,-8.09,1.8,7.71,0.4129,2026-07-09,2026-07-22,68.79,0.8306,0.591,0.4101,0.8984,0.6935,0.3165,0.5608,-0.0276,0.4862,⚠️⚠️ 逆大势反弹，大概率是下跌中继,0.3483,-0.2618,-0.5625
002349,精华制药,53.98,True,6.63,6.56,15,7.72,-7.13,1.04,1.01,0.3302,2026-07-01,2026-07-22,56.13,0.8381,0.2702,0.3964,0.8109,0.9749,0.3393,0.56,-0.051,0.4745,⚠️⚠️ 逆大势反弹，大概率是下跌中继,0.1625,-0.5484,-0.5625
000999,华润三九,418.33,True,25.16,24.1,12,8.71,-7.66,0.92,4.38,0.3418,2026-07-09,2026-07-22,62.3,0.7879,0.7603,0.3787,0.8727,0.8377,0.3688,0.56,-0.0372,0.4814,⚠️⚠️ 逆大势反弹，大概率是下跌中继,0.2068,-0.3228,-0.5625
002864,盘龙药业,21.85,True,22.16,21.56,15,14.64,-8.21,2.49,2.78,0.3703,2026-07-02,2026-07-22,56.9,0.8766,1.2665,0.6567,0.926,0.9577,0.0,0.5599,-0.0404,0.4798,⚠️⚠️ 逆大势反弹，大概率是下跌中继,0.1798,-0.4283,-0.495
002020,京新药业,102.37,True,14.14,14.01,20,20.96,-4.49,6.93,0.92,0.5144,2026-06-26,2026-07-22,46.21,0.6864,0.7648,0.7583,0.8118,0.8047,0.0,0.5592,-0.0258,0.4871,⚠️⚠️ 逆大势反弹，大概率是下跌中继,0.3385,-0.2196,-0.5625
002268,电科网安,121.89,True,14.42,14.01,16,17.14,-7.68,3.0,2.95,0.4033,2026-06-30,2026-07-22,58.04,0.8233,0.8604,0.6824,0.894,0.9325,0.0,0.5584,-0.0499,0.475,⚠️⚠️ 逆大势反弹，大概率是下跌中继,0.2837,-0.6313,-0.5625
001388,信通电子,27.09,True,21.65,20.09,9,35.08,-10.56,2.51,7.76,0.4,2026-07-10,2026-07-22,58.87,0.8366,1.5341,1.0648,0.9019,0.9141,0.0,0.556,-0.0517,0.4742,⚠️⚠️ 逆大势反弹，大概率是下跌中继,0.2787,-0.6608,-0.5625
000661,长春高新,309.46,True,77.44,69.76,15,11.93,-6.05,3.28,11.02,0.5729,2026-07-09,2026-07-22,67.58,0.6772,0.3243,0.5551,0.736,0.7204,0.0748,0.5555,-0.0326,0.4837,⚠️⚠️ 逆大势反弹，大概率是下跌中继,0.5608,-0.5396,-0.5625
002365,永安药业,30.61,True,12.48,11.09,10,21.71,-8.51,1.7,12.51,0.4517,2026-07-13,2026-07-22,64.87,0.8305,1.1563,0.7138,0.8983,0.7807,0.0,0.5534,-0.0307,0.4847,⚠️⚠️ 逆大势反弹，大概率是下跌中继,0.2686,-0.2528,-0.5625
002332,仙琚制药,82.21,True,8.35,8.35,11,6.19,-3.99,0.27,0.02,0.2502,2026-07-10,2026-07-22,49.02,0.8759,0.7597,0.2473,0.9255,0.8671,0.5878,0.5509,-0.1845,0.4078,多周期方向不一致，观望,0.0382,-0.2812,-0.5625
002439,启明星辰,104.41,True,14.33,13.1,10,9.38,-7.06,-0.11,9.38,0.426,2026-07-14,2026-07-22,70.95,0.8875,1.0837,0.4227,0.9325,0.6456,0.2956,0.5508,-0.1193,0.4404,多周期方向不一致，观望,0.0915,-0.2775,-0.3254
002292,奥飞娱乐,74.81,True,7.35,7.32,15,14.05,-9.4,4.03,0.46,0.3508,2026-07-01,2026-07-22,53.92,0.8182,1.2475,0.6578,0.8909,0.976,0.0,0.5499,-0.0395,0.4803,⚠️⚠️ 逆大势反弹，大概率是下跌中继,0.2755,-0.4254,-0.5625
000566,海南海药,67.56,True,5.21,5.16,19,44.17,-7.44,12.9,1.03,0.578,2026-07-21,2026-07-22,41.65,0.4753,3.3241,1.2977,0.6852,0.7033,0.0,0.5439,0.0236,0.5118,多周期方向不一致，观望,0.4898,0.134,-0.45
000333,美的集团,5834.91,True,84.8,79.59,17,7.38,-5.31,2.33,6.54,0.5227,2026-06-30,2026-07-22,81.95,-0.1306,0.0659,0.2348,0.2264,0.4011,0.6086,0.5435,0.7633,0.8817,多周期共振看多 ⬆⬆⬆,0.568,0.6283,0.5625
000538,云南白药,917.49,True,51.75,49.43,11,6.85,-4.26,0.8,4.7,0.3622,2026-07-09,2026-07-22,68.85,0.817,0.1254,0.2352,0.7404,0.6922,0.6081,0.5426,-0.0302,0.4849,⚠️⚠️ 逆大势反弹，大概率是下跌中继,0.189,-0.2873,-0.4494
600062,华润双鹤,178.16,True,17.16,16.75,12,5.28,-6.51,0.44,2.45,0.3299,2026-07-10,2026-07-22,56.05,0.7211,0.5762,0.4133,0.8327,0.9767,0.3112,0.5406,-0.2206,0.3897,多周期方向不一致，观望,0.0538,-0.4534,-0.5625
000623,吉林敖东,218.07,True,18.31,18.03,20,6.64,-1.49,2.72,1.53,0.5052,2026-07-13,2026-07-22,52.7,0.6391,-0.3595,0.4148,0.4396,0.9488,0.3087,0.5378,0.0005,0.5002,多周期方向不一致，观望,0.354,0.1487,-0.45
000800,一汽解放,310.01,True,6.3,6.14,15,4.27,-3.9,1.04,2.62,0.4163,2026-07-13,2026-07-22,61.54,0.5446,-0.0211,0.2479,0.5183,0.8547,0.5868,0.5345,-0.0475,0.4763,⚠️⚠️ 逆大势反弹，大概率是下跌中继,0.1798,-0.4959,-0.5625
002303,美盈森,39.55,True,4.09,4.35,19,26.41,-5.96,12.65,-5.96,0.4034,2026-07-22,2026-07-22,46.21,0.4672,0.1004,0.848,0.5205,0.8047,0.0,0.5327,0.4952,0.7476,多周期共振看多 ⬆⬆⬆,0.5192,0.3733,0.27
002550,千红制药,62.87,True,6.68,6.7,19,12.59,-1.55,6.15,-0.37,0.4632,2026-07-22,2026-07-22,49.14,0.4898,0.7073,0.6419,0.6939,0.8697,0.0,0.5287,-0.0362,0.4819,⚠️⚠️ 逆大势反弹，大概率是下跌中继,0.2553,-0.346,-0.5625
002773,康弘药业,148.69,True,21.65,22.13,20,13.82,-3.72,4.84,-2.15,0.3988,2026-07-22,2026-07-22,48.5,0.6674,0.966,0.6134,0.8004,0.8555,0.0,0.5283,-0.0383,0.4808,⚠️⚠️ 逆大势反弹，大概率是下跌中继,0.2225,-0.358,-0.5625
002546,新联电子,59.85,True,7.47,7.63,18,16.36,-6.35,4.41,-2.04,0.3456,2026-07-22,2026-07-22,50.79,0.8345,0.4204,0.7735,0.8689,0.9064,0.0,0.5235,-0.1193,0.4404,多周期方向不一致，观望,0.083,-0.4746,-0.1211
002294,信立泰,383.52,True,34.41,35.98,16,25.04,-4.36,7.25,-4.36,0.3267,2026-07-22,2026-07-22,46.07,0.8801,0.8974,0.9317,0.9281,0.8016,0.0,0.5233,-0.0443,0.4778,⚠️⚠️ 逆大势反弹，大概率是下跌中继,0.311,-0.5483,-0.5625
000651,格力电器,2256.29,True,40.86,38.77,15,5.64,-2.69,1.68,5.4,0.4811,2026-07-01,2026-07-22,80.69,0.3782,0.0202,0.1639,0.435,0.4292,0.7269,0.5222,0.2303,0.6151,月线震荡，中短期走强,0.4392,0.2725,0.125
002490,山东墨龙,42.09,True,7.77,7.16,10,28.89,-17.38,-1.48,8.5,0.3348,2026-07-08,2026-07-22,59.32,0.8886,1.8819,0.9818,0.9332,0.904,0.0,0.5211,-0.2123,0.3939,多周期方向不一致，观望,-0.0223,-0.6055,-0.3087
002032,苏 泊 尔,359.13,True,44.92,42.62,14,7.22,-7.39,0.79,5.39,0.3779,2026-07-02,2026-07-22,69.81,0.4079,0.3035,0.2823,0.5662,0.671,0.5295,0.5174,0.0973,0.5486,月线看多，日线反弹（等待周线确认）,0.2903,-0.0227,0.1711
002414,高德红外,470.37,True,13.84,13.28,14,10.51,-7.61,1.2,4.18,0.3734,2026-07-17,2026-07-22,59.15,0.6344,1.1609,0.7075,0.7806,0.9078,0.0,0.5168,-0.1002,0.4499,多周期方向不一致，观望,0.0813,-0.1725,-0.3375
600060,海信视像,353.91,True,27.22,26.92,15,7.58,-5.9,1.67,1.11,0.3573,2026-07-20,2026-07-22,53.56,0.0314,-0.3291,0.4073,0.0872,0.968,0.3212,0.5133,0.6905,0.8453,多周期共振看多 ⬆⬆⬆,0.3146,0.6854,0.5625
002019,亿帆医药,85.35,True,10.13,10.0,13,10.34,-5.93,0.83,1.34,0.3024,2026-07-09,2026-07-22,54.14,0.7959,0.2997,0.4842,0.7974,0.9809,0.1931,0.5118,-0.2388,0.3806,多周期方向不一致，观望,0.1486,-0.6146,-0.5625
002399,海普瑞,120.11,True,9.63,9.51,16,10.48,-6.22,2.5,1.23,0.3864,2026-06-30,2026-07-22,54.37,0.4332,0.1664,0.4601,0.5265,0.9861,0.2332,0.5112,-0.0501,0.4749,⚠️⚠️ 逆大势反弹，大概率是下跌中继,0.3024,-0.6515,-0.5625
003010,若羽臣,56.4,True,24.94,24.14,11,13.95,-8.62,0.68,3.3,0.2745,2026-07-14,2026-07-22,49.3,0.7981,1.2295,0.6663,0.8789,0.8734,0.0,0.5076,-0.0521,0.4739,⚠️⚠️ 逆大势反弹，大概率是下跌中继,0.2367,-0.6331,-0.5625
002536,飞龙股份,261.58,True,48.05,50.25,18,22.14,-11.81,8.05,-4.38,0.378,2026-07-22,2026-07-22,50.97,0.1041,-0.1033,1.0272,0.2211,0.9104,0.0,0.5069,0.7016,0.8508,多周期共振看多 ⬆⬆⬆,0.2785,0.7408,0.5625
002162,悦心健康,34.99,True,3.81,3.62,10,10.02,-7.43,0.5,5.21,0.3018,2026-07-13,2026-07-22,62.96,0.8035,0.5341,0.4668,0.8821,0.823,0.222,0.5066,-0.2482,0.3759,多周期方向不一致，观望,0.133,-0.6423,-0.5625
000423,东阿阿胶,328.55,True,51.44,47.81,13,10.12,-9.28,0.71,7.6,0.4145,2026-07-03,2026-07-22,75.41,0.6395,-0.0712,0.2994,0.5552,0.5464,0.501,0.5046,0.0971,0.5485,月线看多，日线反弹（等待周线确认）,0.3074,-0.092,0.225
002252,上海莱士,341.27,True,5.18,4.7,9,13.13,-11.54,-0.06,10.1,0.3916,2026-07-09,2026-07-22,72.41,0.8489,0.2693,0.383,0.8171,0.613,0.3616,0.5041,-0.2394,0.3803,多周期方向不一致，观望,0.1484,-0.6169,-0.5625
002923,润都股份,26.71,True,10.35,10.54,14,14.33,-7.63,3.0,-1.8,0.2527,2026-07-22,2026-07-22,47.0,0.8705,0.5785,0.6986,0.9223,0.8223,0.0,0.5028,-0.0463,0.4768,⚠️⚠️ 逆大势反弹，大概率是下跌中继,0.1612,-0.457,-0.5625
000680,山推股份,141.99,True,10.8,10.17,8,6.19,-7.07,-1.48,6.19,0.274,2026-07-17,2026-07-22,58.85,0.703,0.3989,0.424,0.7813,0.9144,0.2934,0.5004,-0.2368,0.3816,多周期方向不一致，观望,-0.077,-0.6375,-0.3375
002274,华昌化工,50.36,True,5.37,5.15,10,14.48,-10.51,0.27,4.33,0.274,2026-07-08,2026-07-22,61.73,0.8812,0.707,0.5527,0.9287,0.8503,0.0789,0.4974,-0.2476,0.3762,多周期方向不一致，观望,0.0155,-0.539,-0.5625
002152,广电运通,254.17,True,10.24,9.82,11,8.81,-7.41,-0.19,4.31,0.2892,2026-07-07,2026-07-22,61.7,0.8498,0.9169,0.5299,0.9099,0.8511,0.1168,0.4974,-0.2857,0.3571,多周期方向不一致，观望,-0.0596,-0.6423,-0.5625
002829,星网宇达,31.93,True,21.86,18.44,8,18.54,-16.87,-2.7,18.54,0.3098,2026-07-15,2026-07-22,62.43,0.8143,2.907,0.9998,0.8886,0.8348,0.0,0.4973,-0.1883,0.4058,多周期方向不一致，观望,0.1102,-0.3598,-0.5625
002979,雷赛智能,128.55,True,57.7,60.17,12,31.4,-11.37,5.64,-4.1,0.2294,2026-07-22,2026-07-22,43.32,0.5708,0.2275,0.8498,0.6335,0.7404,0.0,0.4973,0.5254,0.7627,上升趋势中的日线整理,0.1147,0.7038,0.5625
001206,依依股份,20.73,True,19.4,20.14,20,19.85,-3.66,9.55,-3.66,0.4655,2026-07-22,2026-07-22,52.24,0.7428,-0.6219,0.9176,0.4457,0.9388,0.0,0.4969,0.0188,0.5094,⚠️ 月线空头下的短期反弹，不宜追高,0.7055,0.1721,-0.5625
002644,佛慈制药,38.71,True,7.58,7.38,11,9.01,-7.74,0.45,2.64,0.2678,2026-07-10,2026-07-22,61.29,0.6184,0.5083,0.3866,0.771,0.8602,0.3556,0.4963,-0.2227,0.3886,多周期方向不一致，观望,0.0426,-0.4531,-0.5625
002004,华邦健康,80.23,True,4.26,4.18,9,7.07,-6.44,-0.09,1.97,0.2283,2026-07-10,2026-07-22,55.91,0.7024,0.1888,0.3276,0.6969,0.9797,0.4541,0.4951,-0.2408,0.3796,多周期方向不一致，观望,0.0164,-0.5774,-0.495
600079,ST人福,272.06,True,17.63,17.27,15,4.62,-4.38,1.0,2.1,0.3892,2026-07-01,2026-07-22,57.19,0.3326,-0.2636,0.2762,0.2941,0.9513,0.5396,0.4916,-0.045,0.4775,⚠️⚠️ 逆大势反弹，大概率是下跌中继,0.1875,-0.4548,-0.5625
000059,华锦股份,72.45,True,4.53,4.18,10,9.17,-11.34,-0.03,8.5,0.3709,2026-07-10,2026-07-22,63.57,0.514,0.4745,0.497,0.6982,0.8095,0.1717,0.4911,-0.1868,0.4066,多周期方向不一致，观望,0.1416,-0.4474,-0.495
002007,华兰生物,207.55,True,13.19,12.88,13,6.71,-5.93,0.61,2.37,0.3439,2026-07-09,2026-07-22,58.12,0.5939,0.0178,0.3819,0.5634,0.9306,0.3634,0.4902,-0.213,0.3935,多周期方向不一致，观望,0.1286,-0.4839,-0.5625
000990,诚志股份,108.03,True,8.89,8.83,11,9.43,-8.32,-0.12,0.65,0.1881,2026-07-09,2026-07-22,51.51,0.7565,0.6266,0.5625,0.8539,0.9224,0.0624,0.4896,-0.0578,0.4711,多周期方向不一致，观望,0.0253,-0.3704,0.0945
002043,兔 宝 宝,101.34,True,12.55,11.47,6,9.41,-8.07,-2.12,9.41,0.2776,2026-07-15,2026-07-22,68.29,0.7062,0.7818,0.3988,0.8237,0.7047,0.3353,0.4872,-0.2004,0.3998,多周期方向不一致，观望,-0.0394,-0.5098,-0.3375
002333,罗普斯金,33.19,True,4.98,4.79,9,3.87,-5.81,-1.02,3.87,0.2776,2026-07-21,2026-07-22,57.14,0.3592,2.8395,0.3331,0.6155,0.9524,0.4449,0.483,-0.2859,0.357,多周期方向不一致，观望,-0.0606,-0.6423,-0.5625
002371,北方华创,5539.84,True,764.0,794.14,14,30.77,-15.15,6.85,-3.8,0.2991,2026-07-22,2026-07-22,41.02,-0.1445,1.0764,0.8606,0.4,0.6892,0.0,0.4818,0.6694,0.8347,多周期共振看多 ⬆⬆⬆,0.1959,0.7408,0.5625
000731,四川美丰,32.22,True,5.87,5.58,11,10.17,-10.1,-0.39,5.15,0.2941,2026-07-07,2026-07-22,72.93,0.7141,0.531,0.3414,0.8285,0.6015,0.4309,0.4816,-0.2449,0.3775,多周期方向不一致，观望,0.096,-0.5962,-0.5625
003020,立方制药,27.56,True,16.35,17.07,12,31.81,-6.26,5.76,-4.21,0.2297,2026-07-22,2026-07-22,50.79,0.8537,4.4911,1.0172,0.9122,0.9065,0.0,0.4813,-0.248,0.376,多周期方向不一致，观望,0.0238,-0.5479,-0.5625
000919,金陵药业,37.74,True,6.07,6.12,12,6.78,-5.07,0.78,-0.87,0.25,2026-07-22,2026-07-22,49.3,0.8049,0.0367,0.3809,0.6976,0.8732,0.3652,0.4795,-0.22,0.39,多周期方向不一致，观望,0.0647,-0.46,-0.5625
000550,江铃汽车,84.51,True,16.3,16.03,8,3.49,-5.35,-1.36,1.69,0.2049,2026-07-14,2026-07-22,57.41,0.3722,0.6471,0.2593,0.6233,0.9465,0.5679,0.4786,-0.2501,0.375,多周期方向不一致，观望,-0.0937,-0.4564,-0.5625
002001,新 和 成,928.97,True,30.59,29.45,9,4.58,-4.61,-0.3,3.86,0.3097,2026-07-17,2026-07-22,52.4,0.6782,-0.2934,0.4042,0.4896,0.9422,0.3263,0.4777,-0.0967,0.4516,多周期方向不一致，观望,-0.0053,-0.6006,0.18
002884,凌霄泵业,43.56,True,15.95,15.79,13,4.07,-5.86,-0.39,0.98,0.2756,2026-07-13,2026-07-22,57.45,0.5457,-0.2357,0.2442,0.4331,0.9455,0.593,0.4767,-0.1495,0.4253,多周期方向不一致，观望,0.028,-0.464,-0.2171
002642,荣联科技,45.85,True,6.93,6.68,11,13.87,-15.1,-1.83,3.79,0.224,2026-07-07,2026-07-22,61.36,0.8257,0.5065,0.6163,0.8954,0.8587,0.0,0.4736,-0.2117,0.3942,多周期方向不一致，观望,0.0722,-0.4298,-0.5625
002236,大华股份,397.17,True,16.61,16.56,13,5.19,-4.17,0.38,0.31,0.3003,2026-07-21,2026-07-22,51.29,0.5096,0.0161,0.3294,0.5122,0.9175,0.451,0.4736,-0.2134,0.3933,多周期方向不一致，观望,-0.0123,-0.365,-0.5625
002493,荣盛石化,1135.51,True,12.16,11.35,8,7.11,-6.07,-0.27,7.11,0.3333,2026-07-17,2026-07-22,61.49,0.6619,0.0849,0.5658,0.6311,0.8558,0.0571,0.4736,-0.0938,0.4531,多周期方向不一致，观望,-0.0287,-0.053,-0.3349
000063,中兴通讯,1510.36,True,37.5,37.28,9,8.64,-9.9,-0.28,0.58,0.1506,2026-07-21,2026-07-22,56.04,0.5799,0.6437,0.7483,0.7479,0.977,0.0,0.4713,0.0402,0.5201,多周期方向不一致，观望,-0.1661,0.2672,0.052
002115,三维通信,85.07,True,11.4,10.65,7,9.65,-13.43,-3.52,7.06,0.1998,2026-07-15,2026-07-22,57.86,0.7211,1.3855,0.7484,0.8326,0.9364,0.0,0.468,-0.1915,0.4042,多周期方向不一致，观望,-0.1411,-0.3833,-0.3375
002690,美亚光电,63.37,True,14.61,14.48,10,3.54,-5.87,-0.58,0.87,0.2365,2026-07-14,2026-07-22,52.94,0.4789,0.2344,0.3122,0.5811,0.9542,0.4797,0.4678,-0.2836,0.3582,多周期方向不一致，观望,-0.0271,-0.6608,-0.5625
002379,宏桥控股,211.25,True,18.59,16.07,8,19.3,-16.68,-2.19,15.68,0.3225,2026-07-10,2026-07-22,73.6,0.8826,0.6322,0.7374,0.9295,0.5868,0.0,0.4673,-0.2267,0.3866,多周期方向不一致，观望,0.0631,-0.7131,-0.3375
000813,德展健康,68.77,True,3.28,3.22,18,10.85,-3.92,2.91,1.99,0.4439,2026-06-30,2026-07-22,55.86,0.1786,-0.287,0.4529,0.1924,0.981,0.2452,0.4645,-0.0309,0.4845,⚠️⚠️ 逆大势反弹，大概率是下跌中继,0.3741,-0.3464,-0.5625
002768,国恩股份,129.55,True,50.1,53.63,17,19.38,-15.85,4.68,-6.58,0.2232,2026-07-22,2026-07-22,46.66,0.1395,0.3696,0.8366,0.4316,0.8147,0.0,0.4645,0.5124,0.7562,上升趋势中的日线整理,0.1077,0.6762,0.5625
002063,远光软件,94.12,True,5.32,5.19,7,7.03,-9.26,-1.51,2.58,0.1589,2026-07-14,2026-07-22,58.49,0.7861,0.0414,0.2892,0.6882,0.9224,0.518,0.4627,-0.3026,0.3487,多周期方向不一致，观望,-0.0851,-0.6946,-0.5625
002180,奔图科技,231.79,True,17.04,16.03,17,10.57,-11.02,4.36,6.33,0.5378,2026-07-14,2026-07-22,56.75,0.1525,-0.2687,0.6502,0.184,0.9612,0.0,0.4625,-0.0389,0.4805,⚠️⚠️ 逆大势反弹，大概率是下跌中继,0.4327,-0.549,-0.5625
002701,奥瑞金,118.41,True,4.63,4.57,13,8.04,-7.04,0.55,1.37,0.2702,2026-07-03,2026-07-22,60.95,0.6057,0.0125,0.3465,0.5684,0.8677,0.4225,0.4623,-0.239,0.3805,多周期方向不一致，观望,0.1133,-0.5852,-0.5625
000030,富奥股份,69.34,True,4.15,4.04,6,5.85,-7.79,-1.83,2.79,0.1465,2026-07-14,2026-07-22,59.38,0.7523,0.196,0.2955,0.7297,0.9028,0.5075,0.4618,-0.3143,0.3428,多周期方向不一致，观望,-0.1242,-0.7127,-0.5625
002648,卫星化学,824.11,True,24.48,23.81,11,9.88,-6.9,1.01,2.8,0.277,2026-07-21,2026-07-22,48.64,0.6881,-0.0004,0.5535,0.6127,0.8587,0.0775,0.461,-0.0498,0.4751,多周期方向不一致，观望,0.0794,-0.4671,0.18
002881,美格智能,78.24,True,42.99,37.77,5,13.82,-17.53,-4.21,13.82,0.2242,2026-07-15,2026-07-22,65.16,0.8009,0.7134,0.8017,0.8806,0.7742,0.0,0.4605,-0.1923,0.4038,多周期方向不一致，观望,-0.0773,-0.3544,-0.4248
002014,永新股份,65.27,True,10.83,10.81,16,8.22,-3.59,1.41,0.22,0.3666,2026-07-17,2026-07-22,39.29,0.1319,0.4511,0.3657,0.4596,0.6508,0.3905,0.459,-0.0365,0.4818,⚠️⚠️ 逆大势反弹，大概率是下跌中继,0.1661,-0.3422,-0.495
002599,盛通股份,24.06,True,5.82,5.42,6,12.84,-14.26,-2.24,7.3,0.2219,2026-07-14,2026-07-22,63.26,0.8237,0.2929,0.4848,0.8114,0.8165,0.192,0.4572,-0.3068,0.3466,多周期方向不一致，观望,-0.0422,-0.75,-0.5625
002517,恺英网络,303.39,True,16.06,16.44,18,12.31,-2.31,4.58,-2.31,0.3739,2026-07-22,2026-07-22,47.3,0.5469,-0.0753,0.6124,0.498,0.8289,0.0,0.456,-0.0408,0.4796,⚠️⚠️ 逆大势反弹，大概率是下跌中继,0.1974,-0.3845,-0.5625
002675,东诚药业,93.96,True,12.64,12.78,13,4.66,-2.11,0.88,-1.07,0.2936,2026-07-22,2026-07-22,46.29,0.6449,-0.0266,0.3862,0.5763,0.8064,0.3563,0.4554,-0.2367,0.3816,多周期方向不一致，观望,-0.0479,-0.4367,-0.5625
002064,华峰化学,546.7,True,11.04,10.29,10,7.7,-7.35,0.36,7.25,0.3793,2026-07-20,2026-07-22,59.57,0.4886,-0.2223,0.6059,0.4043,0.8983,0.0,0.4549,0.004,0.502,多周期方向不一致，观望,0.0393,-0.1043,0.0882
000915,华特达因,59.04,True,25.21,25.35,10,3.26,-4.17,-0.09,-0.54,0.224,2026-07-22,2026-07-22,49.43,0.7249,-0.0697,0.3208,0.607,0.8763,0.4654,0.4541,-0.2998,0.3501,多周期方向不一致，观望,-0.0584,-0.7051,-0.5625
002078,太阳纸业,405.22,True,14.59,13.02,13,12.02,-8.93,1.53,12.02,0.4951,2026-07-03,2026-07-22,80.61,0.2905,-0.0742,0.3088,0.3446,0.4309,0.4853,0.4528,-0.0225,0.4888,多周期方向不一致，观望,0.4738,-0.1225,-0.3825
002601,龙佰集团,328.35,True,16.52,16.36,12,15.4,-6.36,3.02,0.97,0.2906,2026-07-20,2026-07-22,46.38,0.771,-0.7803,0.4171,0.4626,0.8084,0.3048,0.4526,-0.0307,0.4847,⚠️⚠️ 逆大势反弹，大概率是下跌中继,0.2156,-0.2074,-0.5625
002555,三七互娱,299.22,True,18.85,18.87,14,6.18,-4.74,1.21,-0.11,0.3149,2026-07-22,2026-07-22,44.64,0.627,0.0618,0.4556,0.6009,0.7698,0.2406,0.4501,-0.2328,0.3836,多周期方向不一致，观望,0.1331,-0.6423,-0.495
002393,力生制药,42.33,True,14.1,14.64,14,5.59,-3.7,1.16,-3.7,0.2251,2026-07-22,2026-07-22,41.37,0.6617,0.4725,0.4225,0.786,0.6971,0.2959,0.4489,-0.2798,0.3601,多周期方向不一致，观望,-0.1044,-0.5777,-0.5625
002728,特一药业,43.21,True,8.62,9.25,18,14.64,-7.19,5.87,-6.83,0.2623,2026-07-22,2026-07-22,41.27,0.7172,0.8311,0.7831,0.8303,0.6949,0.0,0.4487,-0.2024,0.3988,多周期方向不一致，观望,0.1367,-0.5119,-0.495
000100,TCL科技,1035.92,True,5.15,5.3,13,23.26,-7.85,4.11,-2.76,0.2408,2026-07-22,2026-07-22,37.12,0.7183,-0.43,0.8673,0.459,0.6027,0.0,0.4483,0.551,0.7755,多周期共振看多 ⬆⬆⬆,0.2106,0.4679,0.5625
001258,立新能源,102.76,True,11.01,7.42,5,48.41,-19.1,-2.45,48.41,0.2683,2026-07-15,2026-07-22,86.12,0.8159,2.0598,0.7921,0.8896,0.3084,0.0,0.4466,0.1354,0.5677,月线看多，日线反弹（等待周线确认）,0.1917,-0.0616,0.45
600050,中国联通,1363.58,True,4.4,4.17,9,6.16,-5.45,-0.54,5.62,0.3067,2026-07-09,2026-07-22,82.69,0.7119,0.0018,0.1939,0.6279,0.3846,0.6768,0.4462,-0.1744,0.4128,多周期方向不一致，观望,0.0052,-0.3211,-0.45
000156,华数传媒,111.68,True,6.57,6.52,8,3.58,-4.7,-0.73,0.73,0.2113,2026-07-14,2026-07-22,57.14,0.505,-0.0263,0.287,0.4924,0.9524,0.5216,0.4457,-0.2897,0.3551,多周期方向不一致，观望,-0.0875,-0.6361,-0.5625
000153,丰原药业,24.14,True,5.26,5.36,9,8.27,-6.9,0.34,-1.89,0.1429,2026-07-22,2026-07-22,49.06,0.6845,0.352,0.4257,0.7515,0.8679,0.2905,0.4422,-0.2814,0.3593,多周期方向不一致，观望,-0.0267,-0.6515,-0.5625
000902,新洋丰,158.05,True,13.83,12.47,9,10.9,-6.32,1.04,10.9,0.4191,2026-07-13,2026-07-22,75.44,0.4757,-0.2565,0.3743,0.3828,0.5458,0.3761,0.4411,-0.0457,0.4772,⚠️⚠️ 逆大势反弹，大概率是下跌中继,0.2807,-0.6153,-0.495
002299,圣农发展,197.54,True,16.21,15.9,10,4.85,-6.79,-0.74,1.92,0.2398,2026-07-17,2026-07-22,48.47,0.448,-0.0222,0.34,0.4599,0.8548,0.4334,0.44,-0.1636,0.4182,多周期方向不一致，观望,0.0162,-0.5246,-0.2085
000921,海信家电,235.5,True,25.65,26.0,6,2.54,-8.35,-2.65,-1.34,0.0497,2026-07-22,2026-07-22,45.56,0.7362,-0.1039,0.3948,0.6002,0.7903,0.342,0.4391,0.2111,0.6056,上升趋势中的日线回调（关注买点）,-0.1946,0.539,0.3375
002073,软控股份,54.66,True,5.39,5.29,8,3.58,-7.31,-1.41,1.96,0.197,2026-07-14,2026-07-22,52.83,0.5479,-0.1455,0.2673,0.4706,0.9518,0.5545,0.4363,-0.3209,0.3396,多周期方向不一致，观望,-0.1142,-0.75,-0.5625
000690,宝新能源,106.11,True,4.88,4.69,3,4.96,-11.74,-5.7,4.13,0.0083,2026-07-17,2026-07-22,58.43,0.7422,-0.0553,0.3195,0.6232,0.9238,0.4675,0.436,-0.0118,0.4941,月线看多，中短期调整中,-0.237,-0.1906,0.3375
000912,泸天化,54.57,True,3.48,3.38,7,6.06,-9.44,-2.37,3.02,0.1357,2026-07-13,2026-07-22,54.32,0.7532,-0.1453,0.3628,0.5938,0.9849,0.3953,0.4349,-0.2949,0.3526,多周期方向不一致，观望,-0.1354,-0.6854,-0.495
002258,利尔化学,110.12,True,13.78,13.32,12,6.9,-4.63,0.55,3.46,0.3366,2026-07-21,2026-07-22,49.48,0.3876,-0.0774,0.6516,0.4016,0.8774,0.0,0.434,-0.0311,0.4844,多周期方向不一致，观望,-0.0202,0.1054,-0.225
002185,华天科技,612.03,True,18.42,21.47,17,22.29,-22.19,6.27,-14.2,0.0722,2026-07-22,2026-07-22,45.47,0.4113,0.1823,1.1041,0.5197,0.7882,0.0,0.4314,0.5008,0.7504,上升趋势中的日线整理,0.0294,0.7131,0.5625
002022,科华生物,24.89,True,4.84,4.87,8,9.21,-9.87,-1.2,-0.64,0.0813,2026-07-22,2026-07-22,53.47,0.7842,0.1055,0.4102,0.7127,0.966,0.3164,0.4305,-0.3038,0.3481,多周期方向不一致，观望,-0.0825,-0.7021,-0.5625
600037,歌华有线,91.58,True,6.58,6.42,6,6.87,-6.88,-1.45,2.48,0.1506,2026-07-14,2026-07-22,57.65,0.7379,0.3292,0.3735,0.7745,0.9412,0.3776,0.4299,-0.5926,0.2037,多周期共振看空 ⬇⬇⬇,-0.1639,-0.5994,-0.5625
002674,兴业科技,59.01,True,20.17,27.39,17,70.87,-27.51,23.07,-26.36,0.0,2026-07-22,2026-07-22,32.39,0.517,21.4045,1.2975,0.7102,0.4975,0.0,0.4267,0.6804,0.8402,多周期共振看多 ⬆⬆⬆,0.3662,0.619,0.5625
002594,比亚迪,3192.69,True,91.57,87.36,14,9.59,-12.87,-0.15,4.82,0.3394,2026-07-02,2026-07-22,64.75,0.1817,-0.0529,0.4261,0.2879,0.7833,0.2898,0.4255,-0.0429,0.4785,⚠️⚠️ 逆大势反弹，大概率是下跌中继,0.181,-0.4092,-0.5625
002038,双鹭药业,47.28,True,5.55,6.09,16,21.69,-8.84,6.25,-8.84,0.1899,2026-07-22,2026-07-22,38.22,0.825,0.9188,1.0803,0.895,0.6272,0.0,0.4247,-0.2427,0.3786,多周期方向不一致，观望,0.0656,-0.5607,-0.5625
002508,老板电器,145.17,True,15.55,15.22,7,6.78,-9.67,-1.94,2.18,0.1293,2026-07-13,2026-07-22,53.11,0.6679,-0.0711,0.348,0.5723,0.9579,0.42,0.424,-0.3191,0.3405,多周期方向不一致，观望,-0.1269,-0.7315,-0.5625
000301,东方盛虹,781.77,True,11.83,11.99,10,15.26,-6.17,-0.09,-1.31,0.1241,2026-07-22,2026-07-22,48.14,0.8083,0.1425,0.7913,0.742,0.8475,0.0,0.4236,-0.1133,0.4434,月线震荡，中短期走弱,-0.1609,-0.1919,-0.051
000908,石药景峰,55.07,True,6.26,6.46,12,20.01,-19.57,1.48,-3.04,0.1519,2026-07-22,2026-07-22,50.12,0.7269,-0.0479,0.9524,0.617,0.8916,0.0,0.4229,-0.0383,0.4808,多周期方向不一致，观望,-0.1454,-0.2237,0.18
002139,拓邦股份,102.72,True,9.59,9.72,13,5.56,-7.9,-0.57,-1.38,0.2046,2026-07-22,2026-07-22,49.64,0.4844,0.1424,0.4222,0.5476,0.8808,0.2963,0.4227,-0.2797,0.3601,多周期方向不一致，观望,-0.0072,-0.6608,-0.5625
002351,漫步者,51.9,True,9.96,9.5,6,8.12,-11.7,-2.8,4.8,0.1454,2026-07-14,2026-07-22,64.49,0.8757,0.3575,0.3587,0.8684,0.7891,0.4022,0.4216,-0.634,0.183,多周期共振看空 ⬇⬇⬇,-0.1805,-0.6762,-0.5625
000889,中嘉博创,34.71,True,3.99,3.3,4,21.02,-14.72,-5.46,21.02,0.1772,2026-07-17,2026-07-22,68.45,0.6889,0.272,0.8117,0.7221,0.7011,0.0,0.4208,-0.0556,0.4722,月线看多，中短期调整中,-0.2623,-0.3325,0.2925
002745,木林森,116.52,True,10.95,11.84,15,20.01,-16.72,4.68,-7.54,0.1671,2026-07-22,2026-07-22,44.17,0.2388,-0.012,0.9388,0.3385,0.7594,0.0,0.4181,0.4909,0.7454,上升趋势中的日线整理,0.0532,0.6669,0.5625
000815,美利云,112.15,True,16.13,13.92,4,15.87,-15.99,-7.25,15.87,0.1325,2026-07-20,2026-07-22,61.43,0.7476,0.1669,0.8638,0.7153,0.8572,0.0,0.4171,-0.154,0.423,月线看多，中短期调整中,-0.5292,-0.4598,0.18
002153,石基信息,122.7,True,7.67,7.46,8,3.58,-10.88,-2.21,2.79,0.1693,2026-07-17,2026-07-22,54.24,0.4992,-0.0052,0.4222,0.4975,0.9831,0.2963,0.4141,-0.3058,0.3471,多周期方向不一致，观望,-0.0693,-0.7223,-0.5625
000788,北大医药,30.28,True,5.08,5.18,11,8.13,-8.27,-0.18,-1.96,0.1525,2026-07-22,2026-07-22,46.21,0.75,0.0544,0.4812,0.6718,0.8046,0.1981,0.4139,-0.2538,0.3731,多周期方向不一致，观望,-0.0809,-0.4838,-0.5625
000589,贵州轮胎,65.62,True,4.25,4.26,9,3.51,-6.88,-1.37,-0.12,0.1569,2026-07-22,2026-07-22,54.22,0.4293,-0.2545,0.2636,0.3558,0.9826,0.5606,0.4108,-0.2867,0.3567,多周期方向不一致，观望,-0.1167,-0.6652,-0.495
002588,史丹利,73.33,True,8.54,8.3,6,3.85,-7.56,-1.52,2.84,0.1897,2026-07-17,2026-07-22,57.89,0.4609,-0.1434,0.3844,0.4192,0.9357,0.3593,0.408,-0.2724,0.3638,多周期方向不一致，观望,-0.1224,-0.5975,-0.495
002895,川恒股份,200.67,True,33.47,30.47,8,9.83,-7.35,-1.19,9.83,0.3509,2026-07-14,2026-07-22,62.06,0.3975,-0.4539,0.4781,0.2569,0.843,0.2032,0.4079,-0.1642,0.4179,多周期方向不一致，观望,-0.015,-0.4661,-0.2428
000933,神火股份,561.86,True,25.0,22.94,9,12.08,-18.51,-4.5,8.99,0.2554,2026-07-09,2026-07-22,66.44,0.6623,0.0324,0.6401,0.6103,0.7458,0.0,0.4077,-0.2233,0.3883,多周期方向不一致，观望,-0.1148,-0.5455,-0.3375
002025,航天电器,315.67,True,69.55,76.38,14,32.51,-16.24,7.12,-8.95,0.1772,2026-07-22,2026-07-22,35.65,0.5449,0.2897,0.8482,0.6428,0.5699,0.0,0.4068,0.1165,0.5583,多周期方向不一致，观望,0.1283,-0.1605,0.5625
002437,誉衡药业,59.43,True,2.83,2.9,15,13.18,-10.65,4.04,-2.48,0.2776,2026-07-22,2026-07-22,44.76,0.3973,0.2934,0.6563,0.5557,0.7725,0.0,0.4066,-0.2299,0.3851,多周期方向不一致，观望,0.0495,-0.4905,-0.5625
002959,小熊电器,45.55,True,32.58,32.57,9,4.15,-10.64,-2.09,0.04,0.1113,2026-07-13,2026-07-22,50.72,0.3361,0.2216,0.2757,0.4903,0.9048,0.5405,0.4064,-0.3187,0.3407,多周期方向不一致，观望,-0.114,-0.7408,-0.5625
000049,德赛电池,91.25,True,23.73,24.04,11,6.06,-4.79,0.15,-1.27,0.212,2026-07-22,2026-07-22,48.55,0.5234,-0.0812,0.4835,0.4816,0.8566,0.1941,0.4061,-0.2136,0.3932,多周期方向不一致，观望,-0.0292,-0.3547,-0.5592
600066,宇通客车,685.88,True,30.98,28.82,14,13.16,-11.4,1.06,7.49,0.4365,2026-07-02,2026-07-22,69.74,0.1146,-0.4824,0.4251,0.0758,0.6725,0.2915,0.4058,0.0372,0.5186,⚠️ 月线看多但周线走弱，日线仅为反弹,0.3289,-0.338,0.2925
002092,中泰化学,108.69,True,4.22,4.03,7,7.02,-12.96,-2.6,4.68,0.1632,2026-07-13,2026-07-22,53.72,0.4659,-0.0689,0.4331,0.452,0.9715,0.2781,0.4056,-0.2586,0.3707,多周期方向不一致，观望,-0.1222,-0.6946,-0.3375
002123,梦网科技,55.26,True,7.67,8.06,13,18.54,-7.66,2.05,-4.84,0.137,2026-07-22,2026-07-22,45.21,0.6407,1.0532,0.8235,0.7844,0.7824,0.0,0.4042,-0.2893,0.3553,多周期方向不一致，观望,-0.0566,-0.6608,-0.5625
600031,三一重工,1682.17,True,19.85,18.47,14,7.45,-6.26,0.75,7.45,0.4485,2026-07-02,2026-07-22,72.02,-0.0623,-0.2381,0.3605,0.1048,0.6219,0.3991,0.4028,-0.0871,0.4565,多周期方向不一致，观望,0.2227,-0.1238,-0.45
002605,姚记科技,59.7,True,17.65,19.28,14,8.97,-8.43,2.0,-8.43,0.0698,2026-07-22,2026-07-22,43.65,0.69,1.1357,0.5406,0.814,0.7477,0.099,0.4024,-0.2272,0.3864,多周期方向不一致，观望,-0.0198,-0.4194,-0.5625
002102,ST能特,48.99,True,2.3,2.33,14,11.97,-7.22,2.82,-1.29,0.2611,2026-07-22,2026-07-22,46.15,0.2179,0.3404,0.4837,0.4669,0.8034,0.1939,0.4023,-0.2743,0.3629,多周期方向不一致，观望,-0.0138,-0.6313,-0.5625
000528,柳    工,170.69,True,8.39,8.0,11,4.89,-8.86,-1.38,4.89,0.2745,2026-07-13,2026-07-22,59.2,0.3215,-0.4198,0.3233,0.225,0.9068,0.4612,0.4015,-0.2636,0.3682,多周期方向不一致，观望,0.0431,-0.6331,-0.5625
000408,藏格矿业,1201.15,True,76.56,70.67,3,8.34,-10.41,-3.61,8.34,0.1837,2026-07-20,2026-07-22,61.98,0.4566,0.0893,0.5059,0.5097,0.8449,0.1568,0.4012,-0.1866,0.4067,月线震荡，中短期走弱,-0.2174,-0.5533,0.1125
600004,白云机场,187.44,True,7.92,7.58,6,5.37,-8.01,-2.08,4.43,0.175,2026-07-14,2026-07-22,72.17,0.5626,0.0089,0.2276,0.5411,0.6184,0.6206,0.4012,-0.3147,0.3427,多周期方向不一致，观望,-0.0824,-0.75,-0.5625
000951,中国重汽,256.71,True,21.96,21.04,12,7.28,-11.37,-0.65,4.36,0.2838,2026-07-20,2026-07-22,50.88,0.037,0.0508,0.5947,0.2425,0.9084,0.0088,0.4002,0.035,0.5175,多周期方向不一致，观望,0.0054,-0.1431,0.2925
002067,景兴纸业,55.11,True,4.12,3.91,9,5.3,-15.52,-3.94,5.3,0.1774,2026-07-20,2026-07-22,57.65,0.5906,1.0954,0.689,0.7544,0.941,0.0,0.4,-0.562,0.219,多周期共振看空 ⬇⬇⬇,-0.1869,-0.5124,-0.5625
002107,沃华医药,34.06,True,5.96,6.21,13,13.36,-7.51,1.81,-4.01,0.1518,2026-07-22,2026-07-22,42.91,0.824,0.0453,0.6242,0.7125,0.7313,0.0,0.3995,-0.1864,0.4068,多周期方向不一致，观望,-0.0865,-0.4075,-0.3375
002111,威海广泰,44.77,True,9.16,8.95,9,3.83,-7.87,-1.89,2.39,0.1948,2026-07-13,2026-07-22,56.69,0.2939,-0.1404,0.3537,0.3202,0.9624,0.4105,0.3995,-0.267,0.3665,多周期方向不一致，观望,-0.1013,-0.5244,-0.5625
001322,箭牌家居,47.45,True,6.04,6.21,14,5.69,-8.63,0.31,-2.74,0.1924,2026-07-22,2026-07-22,36.13,0.4631,0.1895,0.4485,0.5536,0.5806,0.2526,0.3987,-0.0569,0.4716,⚠️⚠️ 逆大势反弹，大概率是下跌中继,0.1631,-0.6608,-0.5625
000893,亚钾国际,393.32,True,48.45,42.39,7,14.3,-9.11,-2.27,14.3,0.3045,2026-07-16,2026-07-22,65.92,0.5254,-0.2609,0.5678,0.4109,0.7574,0.0536,0.3976,-0.1591,0.4204,多周期方向不一致，观望,-0.0243,-0.6854,0.0067
002409,雅克科技,477.34,True,149.86,185.04,16,54.21,-30.17,13.22,-19.01,0.0292,2026-07-22,2026-07-22,28.8,0.3562,0.4172,1.1605,0.5806,0.4178,0.0,0.3932,0.6451,0.8226,多周期共振看多 ⬆⬆⬆,0.1552,0.7223,0.5625
002035,华帝股份,36.21,True,4.63,4.64,6,5.46,-7.7,-1.48,-0.27,0.0961,2026-07-22,2026-07-22,50.53,0.5534,0.2788,0.2784,0.6436,0.9006,0.5361,0.3907,-0.6439,0.178,多周期共振看空 ⬇⬇⬇,-0.1738,-0.7038,-0.5625
000957,中通客车,58.22,True,9.82,9.55,6,4.21,-7.39,-2.2,2.85,0.1505,2026-07-14,2026-07-22,55.47,0.3997,-0.2014,0.3823,0.3592,0.9897,0.3628,0.3906,-0.2887,0.3557,多周期方向不一致，观望,-0.1355,-0.5902,-0.5625
000756,新华制药,67.25,True,13.48,14.12,17,14.37,-4.82,5.64,-4.51,0.2988,2026-07-22,2026-07-22,36.95,0.2647,1.6239,0.7181,0.5588,0.5988,0.0,0.3898,-0.2119,0.3941,多周期方向不一致，观望,0.0937,-0.4491,-0.5625
002698,博实股份,100.28,True,11.88,12.3,13,13.71,-4.11,2.5,-3.41,0.184,2026-07-22,2026-07-22,37.55,0.7585,0.1865,0.6383,0.7297,0.6121,0.0,0.3874,-0.2445,0.3778,多周期方向不一致，观望,-0.0467,-0.4721,-0.5625
003012,东鹏控股,50.83,True,4.48,4.55,7,4.36,-7.96,-1.7,-1.52,0.0762,2026-07-22,2026-07-22,49.46,0.1057,0.6407,0.2636,0.4634,0.8769,0.5607,0.3874,-0.3262,0.3369,多周期方向不一致，观望,-0.1415,-0.75,-0.5625
002315,焦点科技,64.97,True,24.71,23.72,6,6.49,-10.54,-2.46,4.16,0.1393,2026-07-14,2026-07-22,54.31,0.7088,0.0607,0.4505,0.6496,0.9847,0.2491,0.3868,-0.6606,0.1697,多周期共振看空 ⬇⬇⬇,-0.1948,-0.7223,-0.5625
002693,双成药业,34.97,True,8.51,9.63,14,17.8,-11.61,2.75,-11.61,0.0012,2026-07-22,2026-07-22,31.12,0.8422,0.622,0.8943,0.9053,0.4693,0.0,0.3868,0.0795,0.5397,多周期方向不一致，观望,-0.0434,-0.0633,0.45
000581,威孚高科,134.17,True,16.9,16.84,10,3.64,-7.37,-1.07,0.37,0.2039,2026-07-17,2026-07-22,53.18,0.0748,-0.124,0.2791,0.1953,0.9597,0.5348,0.3847,-0.3034,0.3483,多周期方向不一致，观望,-0.0675,-0.7131,-0.5625
000768,中航西飞,568.33,True,20.47,20.19,5,1.81,-4.7,-1.84,1.41,0.1562,2026-07-17,2026-07-22,51.69,0.4459,-0.3803,0.2991,0.3154,0.9265,0.5015,0.3839,-0.3217,0.3392,多周期方向不一致，观望,-0.1401,-0.7315,-0.5625
001288,运机集团,38.88,True,25.6,23.77,5,9.5,-14.0,-3.61,7.72,0.1822,2026-07-20,2026-07-22,54.77,0.369,0.9209,0.7822,0.6214,0.9948,0.0,0.38,-0.5853,0.2073,多周期共振看空 ⬇⬇⬇,-0.3389,-0.5008,-0.495
002965,祥鑫科技,80.93,True,42.5,49.36,18,31.19,-17.0,9.42,-13.9,0.1744,2026-07-22,2026-07-22,30.04,0.2032,0.0542,0.8141,0.3436,0.4453,0.0,0.3788,0.5275,0.7637,多周期共振看多 ⬆⬆⬆,0.2238,0.63,0.3375
000695,滨海能源,28.46,True,12.83,12.37,2,3.7,-9.86,-4.74,3.7,0.0571,2026-07-20,2026-07-22,53.01,0.7018,-0.3617,0.5311,0.4764,0.9558,0.1148,0.3788,-0.108,0.446,月线看多，中短期调整中,-0.5419,-0.2297,0.18
002688,金河生物,36.4,True,4.87,4.92,9,5.61,-7.65,-0.75,-1.08,0.1457,2026-07-22,2026-07-22,48.11,0.4564,-0.1319,0.3965,0.421,0.847,0.3391,0.378,-0.2872,0.3564,多周期方向不一致，观望,-0.0781,-0.6331,-0.5625
002239,奥特佳,65.18,True,2.43,2.46,7,2.02,-4.8,-0.95,-1.08,0.1519,2026-07-22,2026-07-22,42.86,0.4707,-0.029,0.3449,0.4708,0.7302,0.4252,0.3777,-0.3126,0.3437,多周期方向不一致，观望,-0.0933,-0.7315,-0.5625
000913,钱江摩托,55.76,True,10.72,10.55,6,4.64,-8.54,-3.29,1.6,0.0741,2026-07-14,2026-07-22,55.87,0.7628,-0.4446,0.2568,0.4799,0.9807,0.5719,0.3776,-0.5593,0.2203,多周期共振看空 ⬇⬇⬇,-0.178,-0.5142,-0.5625
000021,深科技,633.13,True,40.22,51.25,15,46.22,-32.56,8.02,-21.52,0.0,2026-07-22,2026-07-22,31.11,0.6291,0.1475,1.186,0.6365,0.4691,0.0,0.3773,0.4373,0.7187,上升趋势中的日线整理,-0.1059,0.664,0.5625
000811,冰轮环境,420.32,True,42.96,50.27,16,49.99,-20.54,16.29,-14.53,0.1412,2026-07-22,2026-07-22,39.83,-0.1852,-0.2669,1.0647,0.0932,0.6629,0.0,0.3773,0.735,0.8675,多周期共振看多 ⬆⬆⬆,0.3533,0.75,0.5625
000830,鲁西化工,240.5,True,12.63,12.26,7,4.21,-8.36,-1.69,3.04,0.1921,2026-07-20,2026-07-22,46.48,0.5987,-0.3905,0.4417,0.403,0.8107,0.2639,0.3748,-0.2917,0.3541,多周期方向不一致，观望,-0.1079,-0.6946,-0.495
002376,新北洋,47.39,True,6.02,5.91,9,5.01,-8.68,-1.58,1.78,0.1743,2026-07-09,2026-07-22,61.7,0.5169,-0.1533,0.2352,0.4488,0.8511,0.6079,0.3738,-0.6536,0.1732,多周期共振看空 ⬇⬇⬇,-0.1876,-0.7131,-0.5625
002668,TCL智家,105.05,True,9.69,10.55,17,12.8,-8.18,3.41,-8.18,0.1513,2026-07-22,2026-07-22,23.41,0.3475,0.374,0.4368,0.5581,0.2981,0.2721,0.3731,0.1533,0.5766,多周期方向不一致，观望,0.1244,0.566,0.0012
001328,登康口腔,47.8,True,29.56,26.95,6,9.68,-11.87,-2.06,9.68,0.2861,2026-07-14,2026-07-22,65.81,0.2037,-0.0775,0.476,0.2912,0.7599,0.2067,0.3698,-0.2714,0.3643,多周期方向不一致，观望,-0.0024,-0.6282,-0.5625
002242,九阳股份,62.38,True,8.19,8.15,6,3.95,-7.31,-1.75,0.5,0.1219,2026-07-14,2026-07-22,47.95,0.3845,-0.2642,0.2832,0.325,0.8432,0.5281,0.369,-0.2948,0.3526,多周期方向不一致，观望,-0.1453,-0.6087,-0.5625
002410,广联达,139.43,True,8.88,8.41,6,7.52,-12.0,-2.84,5.59,0.1643,2026-07-14,2026-07-22,61.74,0.6577,-0.0566,0.3852,0.572,0.8502,0.358,0.3684,-0.6687,0.1657,多周期共振看空 ⬇⬇⬇,-0.1834,-0.75,-0.5625
002870,香山股份,50.69,True,39.07,38.79,5,3.81,-5.05,-1.48,0.73,0.1398,2026-07-21,2026-07-22,45.3,0.3339,-0.382,0.4415,0.2475,0.7844,0.2642,0.3682,0.0617,0.5309,多周期方向不一致，观望,-0.0896,-0.1021,0.45
002175,*ST东智,31.66,True,2.48,2.52,12,19.98,-16.6,1.97,-1.63,0.1996,2026-07-22,2026-07-22,49.64,0.3492,-0.016,0.7311,0.4031,0.8809,0.0,0.3677,-0.2396,0.3802,多周期方向不一致，观望,-0.0839,-0.4187,-0.5625
000807,云铝股份,887.09,True,25.58,23.57,7,11.57,-14.97,-3.88,8.53,0.2274,2026-07-13,2026-07-22,69.82,0.6173,-0.2463,0.5744,0.4718,0.6706,0.0426,0.3671,-0.2028,0.3986,多周期方向不一致，观望,-0.1058,-0.4631,-0.3375
001369,双欣材料,27.61,True,13.31,12.86,4,7.27,-16.79,-7.05,3.54,0.0,2026-07-17,2026-07-22,48.12,0.5405,0.2417,0.5661,0.621,0.8471,0.0566,0.3665,-0.1235,0.4383,周线日线方向不一致,-0.4118,0.0,
002384,东山精密,3015.25,True,217.5,244.39,11,18.04,-12.05,0.97,-11.0,0.0,2026-07-22,2026-07-22,48.9,-0.2777,0.4095,1.0688,0.3638,0.8645,0.0,0.3663,0.3112,0.6556,上升趋势中的日线回调（关注买点）,-0.2068,0.6608,0.5625
002264,新 华 都,39.42,True,6.02,5.91,6,6.22,-10.94,-2.32,1.88,0.0971,2026-07-14,2026-07-22,53.37,0.7082,-0.1584,0.4012,0.5616,0.9639,0.3314,0.365,-0.6333,0.1834,多周期共振看空 ⬇⬇⬇,-0.2037,-0.7223,-0.495
002382,蓝帆医疗,54.58,True,5.47,5.36,7,11.78,-10.93,-2.61,2.0,0.0963,2026-07-13,2026-07-22,55.61,0.7474,-0.1509,0.5521,0.5881,0.9865,0.0799,0.3641,-0.5067,0.2466,多周期共振看空 ⬇⬇⬇,-0.1813,-0.6208,-0.3375
000404,长虹华意,51.89,True,7.49,7.76,8,9.37,-5.68,-0.09,-3.44,0.0412,2026-07-22,2026-07-22,38.85,0.7752,-0.1021,0.5993,0.6243,0.6411,0.0012,0.3639,0.0428,0.5214,多周期方向不一致，观望,-0.1319,-0.1487,0.45
002953,日丰股份,27.74,True,9.86,8.87,2,11.17,-9.52,-4.3,11.17,0.1899,2026-07-20,2026-07-22,66.35,0.5526,2.5829,0.4956,0.7316,0.7478,0.1739,0.3633,-0.7568,0.1216,多周期共振看空 ⬇⬇⬇,-0.4417,-0.7223,-0.5625
002938,鹏鼎控股,2112.33,True,91.41,98.78,4,4.75,-14.42,-5.53,-7.46,0.0,2026-07-22,2026-07-22,48.92,0.6656,-0.7149,0.8538,0.3994,0.8649,0.0,0.3631,0.228,0.614,上升趋势中的日线回调（关注买点）,-0.4423,0.5829,0.5625
002167,东方锆业,129.74,True,17.1,20.22,12,48.44,-25.52,12.07,-15.43,0.0553,2026-07-22,2026-07-22,16.33,0.5073,30.7666,1.0649,0.7044,0.1406,0.0,0.3624,0.471,0.7355,上升趋势中的日线整理,0.0609,0.6087,0.5625
002350,北京科锐,72.63,True,13.69,14.2,8,12.38,-9.24,-1.55,-3.58,0.0,2026-07-22,2026-07-22,50.77,0.5478,-0.0288,0.7659,0.5171,0.9061,0.0,0.3621,-0.0179,0.491,月线看多，中短期调整中,-0.324,-0.2575,0.45
002851,麦格米特,607.59,True,131.74,152.88,9,13.84,-21.55,-2.57,-13.83,0.0,2026-07-22,2026-07-22,43.04,0.4625,-0.0186,0.9754,0.4701,0.7342,0.0,0.361,0.2545,0.6272,上升趋势中的日线回调（关注买点）,-0.3626,0.6037,0.5625
002677,浙江美大,34.52,True,6.26,6.21,6,27.81,-15.04,-4.05,0.76,0.0131,2026-07-07,2026-07-22,54.58,0.3006,3.6669,0.9488,0.5804,0.9907,0.0,0.3603,-0.2668,0.3666,多周期方向不一致，观望,-0.125,-0.5704,-0.495
600100,同方股份,235.86,True,7.04,6.74,2,4.43,-10.13,-3.19,4.43,0.1121,2026-07-21,2026-07-22,57.07,0.3958,0.9384,0.4456,0.6375,0.9541,0.2574,0.36,-0.7601,0.12,多周期共振看空 ⬇⬇⬇,-0.4717,-0.7038,-0.5625
000931,中 关 村,30.72,True,4.09,4.22,13,6.94,-3.12,1.11,-3.12,0.225,2026-07-22,2026-07-22,44.74,0.693,-0.3809,0.3958,0.4635,0.7719,0.3403,0.3597,-0.6026,0.1987,多周期共振看空 ⬇⬇⬇,-0.1503,-0.6331,-0.5625
001365,天海电子,22.14,True,38.5,41.8,10,18.75,-11.67,0.02,-7.9,0.0,2026-07-22,2026-07-22,46.01,0.6832,-0.0941,1.121,0.5723,0.8003,0.0,0.3595,0.0,0.5,周线日线方向不一致,0.0,,
002879,长缆科技,20.46,True,14.92,13.22,2,12.89,-10.73,-5.03,12.89,0.1562,2026-07-20,2026-07-22,62.58,0.5803,4.1103,0.6393,0.7482,0.8316,0.0,0.357,-0.7137,0.1431,多周期共振看空 ⬇⬇⬇,-0.4946,-0.6496,-0.495
002101,广东鸿图,56.29,True,8.5,9.04,19,8.15,-5.96,3.1,-5.96,0.2786,2026-07-22,2026-07-22,36.95,-0.1908,0.0494,0.3123,0.2198,0.5988,0.4795,0.357,-0.2665,0.3668,多周期方向不一致，观望,0.0389,-0.6423,-0.5625
002747,埃斯顿,258.12,True,32.99,39.6,16,30.12,-16.69,7.31,-16.69,0.02,2026-07-22,2026-07-22,38.94,0.4249,-0.2998,1.0919,0.335,0.6432,0.0,0.3547,0.4813,0.7407,上升趋势中的日线整理,0.0242,0.6669,0.5625
002373,千方科技,101.67,True,7.38,7.2,4,3.57,-6.45,-2.39,2.46,0.1281,2026-07-17,2026-07-22,55.67,0.4575,-0.0871,0.3443,0.4397,0.9851,0.4261,0.3521,-0.7175,0.1412,多周期共振看空 ⬇⬇⬇,-0.3085,-0.75,-0.5625
002649,博彦科技,46.72,True,8.71,8.3,5,6.63,-10.79,-2.58,4.92,0.138,2026-07-15,2026-07-22,60.92,0.7133,-0.1853,0.4222,0.5538,0.8683,0.2963,0.352,-0.6805,0.1598,多周期共振看空 ⬇⬇⬇,-0.2135,-0.75,-0.5625
002543,万和电气,41.88,True,6.33,6.43,7,3.82,-9.16,-2.21,-1.54,0.0501,2026-07-22,2026-07-22,50.63,0.5327,0.0552,0.2917,0.5417,0.903,0.5139,0.3515,-0.6695,0.1653,多周期共振看空 ⬇⬇⬇,-0.1854,-0.75,-0.5625
002791,坚朗五金,30.35,True,13.94,14.07,9,8.42,-10.02,-0.86,-0.95,0.0981,2026-07-22,2026-07-22,54.08,0.6815,-0.1525,0.4805,0.5479,0.9795,0.1991,0.3515,-0.6348,0.1826,多周期共振看空 ⬇⬇⬇,-0.2006,-0.6608,-0.5625
000612,焦作万方,126.85,True,10.64,10.58,8,5.22,-10.42,-2.91,0.61,0.1071,2026-07-17,2026-07-22,51.06,0.7166,-0.5328,0.4459,0.43,0.9124,0.2569,0.3512,-0.4357,0.2822,多周期共振看空 ⬇⬇⬇,-0.1977,-0.4506,-0.3375
002428,云南锗业,491.08,True,75.2,99.35,11,35.91,-34.82,-1.22,-24.31,0.0,2026-07-22,2026-07-22,28.56,0.6463,1.0251,0.9739,0.7878,0.4124,0.0,0.35,0.0445,0.5222,多周期方向不一致，观望,-0.3442,0.0406,0.45
002166,莱茵生物,47.05,True,6.37,6.49,4,12.3,-15.65,-5.74,-1.8,0.0,2026-07-22,2026-07-22,47.83,0.8101,0.553,0.5583,0.8861,0.8406,0.0695,0.3487,-0.6923,0.1538,多周期共振看空 ⬇⬇⬇,-0.4447,-0.6453,-0.495
000625,长安汽车,596.07,True,7.21,7.02,6,3.97,-9.8,-2.71,2.71,0.1304,2026-07-14,2026-07-22,56.29,0.4667,-0.2465,0.3223,0.3814,0.9713,0.4629,0.3484,-0.672,0.164,多周期共振看空 ⬇⬇⬇,-0.1919,-0.75,-0.5625
000816,智慧农业,34.55,True,2.4,2.39,8,3.79,-10.29,-2.05,0.42,0.1172,2026-07-20,2026-07-22,49.21,0.4246,-0.3567,0.3849,0.3121,0.8713,0.3585,0.3484,-0.3254,0.3373,多周期方向不一致，观望,-0.1376,-0.75,-0.5625
002532,天山铝业,507.2,True,12.35,11.57,7,10.43,-16.77,-5.03,6.75,0.1543,2026-07-13,2026-07-22,63.0,0.5824,0.0528,0.6045,0.5706,0.8221,0.0,0.3483,-0.4837,0.2581,多周期共振看空 ⬇⬇⬇,-0.1552,-0.5926,-0.3375
002705,新宝股份,90.94,True,11.26,11.28,8,2.46,-8.62,-1.78,-0.18,0.1287,2026-07-22,2026-07-22,49.33,-0.0416,-0.1116,0.2635,0.1554,0.8739,0.5609,0.348,-0.2711,0.3644,多周期方向不一致，观望,-0.1409,-0.5083,-0.5625
002261,拓维信息,329.28,True,28.73,29.25,9,10.92,-8.56,-0.5,-1.79,0.0859,2026-07-22,2026-07-22,46.73,0.6958,0.2747,0.7569,0.7274,0.8162,0.0,0.3476,-0.5685,0.2157,多周期共振看空 ⬇⬇⬇,-0.203,-0.5129,-0.5625
002538,ST司特,51.44,True,6.03,6.09,13,8.45,-3.46,1.29,-1.02,0.2731,2026-07-22,2026-07-22,45.69,0.1009,-0.47,0.4296,0.0725,0.793,0.2841,0.3471,-0.1732,0.4134,多周期方向不一致，观望,-0.0027,-0.4215,-0.3375
002987,京北方,110.42,True,10.89,9.82,2,10.87,-14.36,-6.97,10.87,0.1075,2026-07-20,2026-07-22,65.03,0.6465,1.6787,0.5193,0.7879,0.7772,0.1344,0.3465,-0.7871,0.1064,多周期共振看空 ⬇⬇⬇,-0.487,-0.75,-0.5625
000725,京东方Ａ,2136.17,True,6.04,7.37,14,32.26,-22.22,5.66,-18.04,0.0,2026-07-22,2026-07-22,22.97,0.8848,-0.3247,0.9669,0.601,0.2882,0.0,0.3445,0.4483,0.7241,上升趋势中的日线整理,-0.0846,0.6744,0.5625
002475,立讯精密,4333.51,True,59.16,62.97,3,7.57,-11.52,-4.87,-6.05,0.0,2026-07-22,2026-07-22,47.19,0.8359,-0.4911,0.7548,0.5051,0.8264,0.0,0.3438,-0.0497,0.4752,月线看多，中短期调整中,-0.5799,-0.1894,0.45
002095,生 意 宝,33.23,True,13.2,13.05,7,2.9,-7.06,-2.02,1.14,0.1476,2026-07-14,2026-07-22,52.79,0.6497,-0.7134,0.3596,0.3898,0.9508,0.4007,0.3432,-0.6937,0.1532,多周期共振看空 ⬇⬇⬇,-0.2474,-0.75,-0.5625
001356,富岭股份,17.2,True,8.57,8.5,6,3.82,-10.41,-3.76,0.85,0.0443,2026-07-14,2026-07-22,53.17,0.4558,0.0069,0.2998,0.4763,0.9593,0.5004,0.3403,-0.6978,0.1511,多周期共振看空 ⬇⬇⬇,-0.2902,-0.7223,-0.5625
000683,博源化工,205.21,True,6.14,5.64,4,8.77,-12.58,-5.46,8.77,0.1463,2026-07-16,2026-07-22,62.26,0.4705,-0.1135,0.4043,0.4369,0.8386,0.3261,0.34,-0.5971,0.2015,多周期共振看空 ⬇⬇⬇,-0.3591,-0.6669,-0.3375
000157,中联重科,517.5,True,7.32,7.03,6,4.1,-6.02,-1.34,4.1,0.2315,2026-07-17,2026-07-22,63.18,0.0203,-0.5199,0.3385,0.0122,0.8181,0.4359,0.3396,-0.1891,0.4054,多周期方向不一致，观望,-0.0484,-0.4524,-0.3375
002537,海联金汇,65.09,True,5.56,5.39,3,5.58,-10.13,-4.55,3.11,0.0425,2026-07-20,2026-07-22,52.51,0.4275,0.5471,0.4551,0.6565,0.9448,0.2415,0.3394,-0.7639,0.118,多周期共振看空 ⬇⬇⬇,-0.4274,-0.75,-0.5625
002749,国光股份,44.09,True,8.1,8.09,7,3.75,-8.96,-2.8,0.19,0.0783,2026-07-13,2026-07-22,51.3,0.3695,-0.0844,0.2459,0.3879,0.9177,0.5902,0.3375,-0.682,0.159,多周期共振看空 ⬇⬇⬇,-0.2175,-0.75,-0.5625
000070,特发信息,114.54,True,13.37,17.54,6,31.88,-31.29,-7.77,-23.76,0.0,2026-07-22,2026-07-22,27.28,0.7645,0.4403,0.8034,0.8348,0.384,0.0,0.3372,-0.0987,0.4506,月线看多，中短期调整中,-0.6015,-0.2471,0.2925
000665,湖北广电,41.96,True,3.69,3.72,4,2.88,-10.49,-4.23,-0.71,0.0,2026-07-22,2026-07-22,48.96,0.5601,0.2944,0.3489,0.6538,0.8657,0.4185,0.3369,-0.7244,0.1378,多周期共振看空 ⬇⬇⬇,-0.3368,-0.7408,-0.5625
002523,天桥起重,44.46,True,3.15,3.06,7,5.87,-10.12,-2.88,2.91,0.112,2026-07-13,2026-07-22,56.07,0.6715,-0.2813,0.4909,0.4904,0.9761,0.1818,0.3364,-0.6789,0.1606,多周期共振看空 ⬇⬇⬇,-0.2096,-0.75,-0.5625
002424,ST百灵,50.8,True,4.41,4.5,11,5.78,-3.64,0.55,-1.91,0.2123,2026-07-22,2026-07-22,43.48,0.4722,-0.6813,0.3566,0.2833,0.744,0.4057,0.3357,-0.4949,0.2525,多周期共振看空 ⬇⬇⬇,-0.187,-0.365,-0.5625
002157,正邦科技,225.84,True,2.9,2.92,8,2.99,-8.35,-1.44,-0.62,0.1211,2026-07-22,2026-07-22,48.08,0.2871,-0.4582,0.3764,0.189,0.8462,0.3726,0.3352,-0.2252,0.3874,多周期方向不一致，观望,-0.1152,-0.3962,-0.495
002132,恒星科技,60.17,True,4.3,5.12,11,12.22,-21.61,-3.27,-16.04,0.0,2026-07-22,2026-07-22,27.74,0.5894,0.6484,0.7848,0.7536,0.3943,0.0,0.3351,0.0016,0.5008,多周期方向不一致，观望,-0.417,-0.0856,0.45
002096,易普力,111.89,True,9.02,8.75,6,3.76,-11.28,-4.14,3.11,0.0787,2026-07-14,2026-07-22,58.17,0.6117,-0.3762,0.274,0.4165,0.9296,0.5433,0.3337,-0.7361,0.132,多周期共振看空 ⬇⬇⬇,-0.3562,-0.75,-0.5625
002233,塔牌集团,85.09,True,7.25,7.37,9,4.5,-7.98,-1.74,-1.64,0.0925,2026-07-22,2026-07-22,49.76,0.1407,0.3335,0.3473,0.4179,0.8836,0.4211,0.3329,-0.6241,0.188,多周期共振看空 ⬇⬇⬇,-0.1802,-0.7223,-0.495
002241,歌尔股份,704.01,True,22.38,22.2,6,5.16,-10.32,-3.21,0.82,0.0508,2026-07-15,2026-07-22,54.27,0.4637,0.0913,0.5358,0.5148,0.9839,0.107,0.3328,-0.5496,0.2252,多周期共振看空 ⬇⬇⬇,-0.1671,-0.5022,-0.5625
002755,奥赛康,122.24,True,13.17,14.05,14,14.99,-6.42,3.65,-6.28,0.1572,2026-07-22,2026-07-22,35.27,0.2786,0.3744,0.6132,0.517,0.5615,0.0,0.3305,-0.2342,0.3829,多周期方向不一致，观望,-0.0278,-0.4433,-0.5625
003043,华亚智能,62.27,True,66.23,87.09,14,30.27,-31.66,3.19,-23.95,0.0,2026-07-22,2026-07-22,23.98,0.3011,0.8435,1.0687,0.5806,0.3106,0.0,0.3301,0.3389,0.6694,上升趋势中的日线回调（关注买点）,-0.1785,0.7298,0.5625
002445,中南文化,65.07,True,2.75,2.79,0,-1.35,-13.02,-7.75,-1.35,0.0,2026-07-22,2026-07-22,41.43,0.682,-0.4151,0.3261,0.4431,0.6984,0.4565,0.3298,-0.2737,0.3631,月线震荡，中短期走弱,-0.625,-0.4783,0.0939
000017,深中华A,22.75,True,5.16,5.74,15,17.64,-11.23,3.97,-10.14,0.0843,2026-07-22,2026-07-22,33.72,0.6671,0.2021,0.7776,0.6811,0.5271,0.0,0.3292,-0.2913,0.3543,多周期方向不一致，观望,-0.1117,-0.6221,-0.5625
600038,中直股份,173.52,True,25.94,25.36,3,2.3,-7.66,-3.16,2.3,0.0913,2026-07-17,2026-07-22,55.69,0.299,-0.1926,0.2722,0.3023,0.9846,0.5463,0.329,-0.6893,0.1553,多周期共振看空 ⬇⬇⬇,-0.2361,-0.75,-0.5625
001389,广合科技,254.13,True,166.8,191.34,9,23.25,-17.71,-1.17,-12.83,0.0,2026-07-22,2026-07-22,38.88,0.5307,-0.1032,1.1152,0.4771,0.6418,0.0,0.3288,0.0965,0.5483,多周期方向不一致，观望,-0.1751,0.0117,0.5625
000525,红太阳,47.36,True,4.26,4.05,6,5.08,-12.11,-3.96,5.08,0.1234,2026-07-14,2026-07-22,59.48,0.272,-0.0102,0.3713,0.3591,0.9004,0.3812,0.3271,-0.639,0.1805,多周期共振看空 ⬇⬇⬇,-0.1503,-0.7131,-0.5625
002907,华森制药,41.78,True,12.44,13.71,17,11.45,-9.26,4.79,-9.26,0.1587,2026-07-22,2026-07-22,37.01,0.7167,-0.5168,0.7392,0.43,0.6002,0.0,0.3267,-0.1755,0.4123,多周期方向不一致，观望,0.1233,-0.3147,-0.5625
000790,华神科技,22.17,True,3.56,3.67,9,6.18,-5.84,-0.56,-3.04,0.104,2026-07-22,2026-07-22,42.73,0.4902,-0.4214,0.44,0.3256,0.7273,0.2666,0.3266,-0.2434,0.3783,多周期方向不一致，观望,-0.1344,-0.4598,-0.495
000503,国新健康,62.28,True,6.36,6.4,3,5.32,-10.4,-3.69,-0.59,0.0,2026-07-22,2026-07-22,51.61,0.4369,0.3875,0.4517,0.6171,0.9247,0.2472,0.326,-0.6866,0.1567,多周期共振看空 ⬇⬇⬇,-0.24,-0.7408,-0.5625
000710,贝瑞基因,25.27,True,7.67,7.76,8,6.79,-9.57,-1.79,-1.2,0.0869,2026-07-22,2026-07-22,46.81,0.519,-0.3381,0.5313,0.3761,0.818,0.1145,0.326,-0.2757,0.3621,多周期方向不一致，观望,-0.1372,-0.5319,-0.5625
000970,中科三环,158.17,True,13.01,14.88,17,15.03,-18.99,3.45,-12.57,0.0424,2026-07-22,2026-07-22,35.55,0.7417,-0.3616,0.9221,0.5004,0.5677,0.0,0.3258,0.0227,0.5113,多周期方向不一致，观望,0.0418,0.3565,-0.2925
600096,云天化,539.61,True,29.6,29.42,8,11.45,-13.41,-2.51,0.62,0.0799,2026-07-21,2026-07-22,40.43,0.868,-0.5721,0.4507,0.5208,0.6761,0.2489,0.3253,-0.4332,0.2834,多周期共振看空 ⬇⬇⬇,-0.1715,-0.4676,-0.3375
000737,北方铜业,252.35,True,13.25,12.77,4,3.8,-13.19,-4.81,3.8,0.0715,2026-07-20,2026-07-22,51.33,0.701,-0.3656,0.5147,0.4744,0.9184,0.1422,0.325,-0.5461,0.2269,多周期共振看空 ⬇⬇⬇,-0.3453,-0.4093,-0.495
002059,云南旅游,41.78,True,4.25,4.27,4,2.64,-7.08,-1.95,-0.51,0.0791,2026-07-22,2026-07-22,47.13,0.4247,-0.2003,0.2466,0.3747,0.825,0.5891,0.324,-0.659,0.1705,多周期共振看空 ⬇⬇⬇,-0.1692,-0.7408,-0.5625
000400,许继电气,219.74,True,21.72,20.89,3,4.86,-8.56,-4.35,3.95,0.0691,2026-07-17,2026-07-22,57.88,0.4782,-0.2381,0.3414,0.3917,0.9359,0.431,0.3234,-0.6731,0.1634,多周期共振看空 ⬇⬇⬇,-0.3293,-0.702,-0.495
000839,国安股份,103.48,True,2.64,2.5,2,5.39,-9.86,-5.07,5.39,0.0895,2026-07-21,2026-07-22,52.69,0.5264,-0.059,0.5794,0.4922,0.9486,0.0344,0.3233,-0.5817,0.2092,多周期共振看空 ⬇⬇⬇,-0.3647,-0.6283,-0.3375
000510,新金路,93.78,True,15.46,20.06,9,29.0,-32.72,-3.98,-22.93,0.0,2026-07-22,2026-07-22,21.22,0.5409,1.8115,0.878,0.7245,0.2494,0.0,0.3233,0.1276,0.5638,上升趋势中的日线回调（关注买点）,-0.368,0.2943,0.45
002463,沪电股份,2196.43,True,114.23,133.79,7,13.37,-15.45,-2.58,-14.62,0.0,2026-07-22,2026-07-22,40.56,0.2762,-0.1466,1.0003,0.307,0.6791,0.0,0.3221,0.2702,0.6351,上升趋势中的日线回调（关注买点）,-0.3674,0.6608,0.5625
001314,亿道信息,58.19,True,46.89,58.21,16,9.15,-19.44,1.08,-19.44,0.0,2026-07-22,2026-07-22,30.82,0.0903,2.275,0.7544,0.4542,0.4626,0.0,0.3213,0.2888,0.6444,上升趋势中的日线整理,-0.0961,0.6048,0.2278
002452,长高电气,54.67,True,10.61,11.71,11,17.16,-13.71,-0.02,-9.38,0.0,2026-07-22,2026-07-22,33.67,0.7289,-0.2209,0.6433,0.549,0.5259,0.0,0.3209,0.0581,0.5291,多周期方向不一致，观望,-0.1197,-0.0921,0.45
003026,中晶科技,40.45,True,27.98,36.49,11,27.43,-28.9,-0.18,-23.33,0.0,2026-07-22,2026-07-22,30.14,0.8593,-0.4345,1.0161,0.5418,0.4476,0.0,0.3205,0.1597,0.5798,上升趋势中的日线回调（关注买点）,-0.234,0.2875,0.45
002245,蔚蓝锂芯,271.52,True,16.9,19.21,9,9.7,-20.42,-4.24,-12.04,0.0,2026-07-22,2026-07-22,42.66,0.5864,-0.4007,1.0176,0.3916,0.7258,0.0,0.3201,0.0634,0.5317,多周期方向不一致，观望,-0.3567,0.0221,0.5625
002551,尚荣医疗,16.93,True,2.77,2.82,8,6.61,-8.13,-1.35,-1.81,0.0789,2026-07-22,2026-07-22,47.67,0.1744,-0.1255,0.3972,0.2544,0.8372,0.338,0.3194,-0.3165,0.3417,多周期方向不一致，观望,-0.1134,-0.7315,-0.5625
000997,新 大 陆,174.39,True,17.31,16.41,4,9.19,-12.81,-4.39,5.5,0.0915,2026-07-17,2026-07-22,58.44,0.4589,0.0911,0.557,0.5118,0.9236,0.0716,0.3184,-0.6571,0.1714,多周期共振看空 ⬇⬇⬇,-0.2742,-0.6467,-0.5625
002545,东方铁塔,204.9,True,18.13,16.57,1,9.4,-15.81,-7.32,9.4,0.0681,2026-07-21,2026-07-22,58.11,0.4119,0.1145,0.6492,0.4929,0.9309,0.0,0.3183,-0.5225,0.2388,多周期共振看空 ⬇⬇⬇,-0.4044,-0.4643,-0.3375
002066,瑞泰科技,45.99,True,19.91,20.48,0,-2.07,-9.07,-5.35,-2.77,0.0,2026-07-22,2026-07-22,42.0,0.5448,-0.5694,0.4373,0.3269,0.711,0.2712,0.3182,-0.048,0.476,月线看多，中短期调整中,-0.3601,-0.2575,0.3375
002572,索菲亚,51.73,True,7.94,7.79,7,6.01,-11.8,-2.93,1.92,0.0861,2026-07-13,2026-07-22,51.85,0.3381,-0.1345,0.3609,0.349,0.93,0.3986,0.318,-0.6561,0.1719,多周期共振看空 ⬇⬇⬇,-0.151,-0.75,-0.5625
002595,豪迈科技,558.71,True,48.5,46.85,3,3.51,-6.63,-3.02,3.51,0.1233,2026-07-20,2026-07-22,58.31,0.2017,-0.2538,0.3431,0.2195,0.9264,0.4281,0.3167,-0.5678,0.2161,多周期共振看空 ⬇⬇⬇,-0.3543,-0.6465,-0.2978
002170,芭田股份,87.21,True,11.08,10.94,5,2.11,-6.1,-1.88,1.23,0.1456,2026-07-20,2026-07-22,48.16,0.2636,-0.4196,0.3389,0.1903,0.848,0.4351,0.3164,-0.4889,0.2555,多周期共振看空 ⬇⬇⬇,-0.2135,-0.5539,-0.3375
000066,中国长城,492.54,True,15.27,17.65,12,17.08,-19.87,-0.51,-13.46,0.0,2026-07-22,2026-07-22,39.67,0.7552,-0.3023,0.8437,0.5322,0.6594,0.0,0.3162,-0.1132,0.4434,月线震荡，中短期走弱,-0.3462,-0.1998,0.116
000711,ST京蓝,108.35,True,4.55,4.87,6,10.1,-20.71,-6.41,-6.52,0.0,2026-07-22,2026-07-22,42.72,0.5106,-0.2327,0.8314,0.4133,0.7271,0.0,0.3153,-0.0115,0.4943,多周期方向不一致，观望,-0.4288,-0.1329,0.45
002346,柘中股份,66.38,True,16.93,19.63,16,21.92,-14.13,3.58,-13.76,0.0,2026-07-22,2026-07-22,38.08,0.487,0.2036,0.7952,0.5736,0.624,0.0,0.3151,-0.146,0.427,月线震荡，中短期走弱,-0.2181,-0.2872,-0.0165
000630,铜陵有色,679.72,True,6.1,6.15,2,3.31,-12.18,-6.67,-0.75,0.0,2026-07-22,2026-07-22,47.44,0.8805,-0.5468,0.5054,0.5283,0.832,0.1577,0.3141,-0.4572,0.2714,多周期共振看空 ⬇⬇⬇,-0.3696,-0.3506,-0.3375
000831,中国稀土,523.82,True,49.36,50.31,3,8.66,-18.17,-6.72,-1.88,0.0,2026-07-22,2026-07-22,40.4,0.8311,-0.6663,0.5273,0.4987,0.6756,0.1212,0.3131,-0.201,0.3995,月线震荡，中短期走弱,-0.432,-0.221,-0.0844
001359,平安电工,51.6,True,85.58,111.05,14,51.7,-24.47,9.96,-22.94,0.0,2026-07-22,2026-07-22,29.01,0.1022,0.3619,0.868,0.4061,0.4225,0.0,0.313,0.3472,0.6736,上升趋势中的日线回调（关注买点）,-0.1698,0.75,0.5625
000555,神州信息,104.77,True,10.75,10.09,2,6.49,-11.27,-6.5,6.49,0.053,2026-07-20,2026-07-22,58.33,0.4166,1.4894,0.5749,0.6499,0.9259,0.0419,0.3122,-0.814,0.093,多周期共振看空 ⬇⬇⬇,-0.556,-0.75,-0.5625
000930,中粮科技,84.84,True,4.57,4.46,7,4.08,-11.14,-3.14,2.44,0.1045,2026-07-13,2026-07-22,58.14,-0.0511,0.0391,0.293,0.2156,0.9302,0.5116,0.3111,-0.6329,0.1835,多周期共振看空 ⬇⬇⬇,-0.2241,-0.7038,-0.495
002203,海亮股份,406.59,True,18.38,20.07,5,13.89,-19.43,-6.16,-8.44,0.0,2026-07-22,2026-07-22,37.81,0.7165,-0.6136,0.7232,0.4299,0.6181,0.0,0.3102,0.0519,0.526,多周期方向不一致，观望,-0.3932,0.0025,0.5625
000425,徐工机械,790.25,True,8.78,8.36,6,6.34,-11.02,-3.05,5.09,0.1463,2026-07-17,2026-07-22,61.51,-0.0363,-0.2814,0.4028,0.0875,0.8554,0.3287,0.3101,-0.3001,0.3499,多周期方向不一致，观望,-0.111,-0.6614,-0.5625
002129,TCL中环,352.66,True,8.73,10.34,11,18.65,-16.04,-0.57,-15.57,0.0,2026-07-22,2026-07-22,28.94,0.9254,-0.3618,0.8209,0.6105,0.4208,0.0,0.3093,-0.0073,0.4964,多周期方向不一致，观望,-0.1128,-0.0157,0.0802
002848,高斯贝尔,20.86,True,12.61,13.46,6,3.78,-10.53,-3.43,-6.32,0.0,2026-07-22,2026-07-22,35.15,0.672,-0.6539,0.4257,0.4032,0.5589,0.2905,0.3089,-0.0768,0.4616,月线看多，中短期调整中,-0.5093,-0.2667,0.3375
002279,久其软件,47.33,True,5.95,5.75,4,3.51,-15.44,-6.93,3.51,0.0,2026-07-17,2026-07-22,53.85,0.128,0.4089,0.3892,0.4404,0.9744,0.3513,0.3086,-0.6859,0.1571,多周期共振看空 ⬇⬇⬇,-0.3169,-0.7408,-0.495
002065,东华软件,204.14,True,7.02,6.98,4,1.29,-5.71,-1.69,0.62,0.1302,2026-07-21,2026-07-22,49.46,0.0539,0.2398,0.3736,0.3283,0.8768,0.3773,0.3086,-0.7227,0.1386,多周期共振看空 ⬇⬇⬇,-0.3649,-0.7131,-0.5625
003031,中瓷电子,369.27,True,108.56,144.76,7,25.97,-34.6,-6.89,-25.01,0.0,2026-07-22,2026-07-22,24.88,0.4335,0.5495,0.8828,0.6601,0.3307,0.0,0.3085,0.0151,0.5075,多周期方向不一致，观望,-0.4507,0.0025,0.45
002008,大族激光,1003.89,True,104.93,124.86,7,16.5,-29.14,-4.45,-15.96,0.0,2026-07-22,2026-07-22,35.42,0.6737,-0.3005,0.8972,0.4841,0.565,0.0,0.3081,0.0121,0.506,多周期方向不一致，观望,-0.5054,-0.0763,0.5625
000786,北新建材,326.08,True,19.3,18.1,5,6.66,-11.78,-5.52,6.66,0.1079,2026-07-15,2026-07-22,59.07,-0.204,0.3077,0.3809,0.3231,0.9096,0.3651,0.3078,-0.6972,0.1514,多周期共振看空 ⬇⬇⬇,-0.3104,-0.7038,-0.5625
002897,意华股份,119.34,True,64.71,77.32,4,7.94,-28.21,-7.79,-16.31,0.0,2026-07-22,2026-07-22,35.62,0.4428,0.0205,0.9308,0.4738,0.5694,0.0,0.3061,0.007,0.5035,多周期方向不一致，观望,-0.4262,-0.054,0.45
002925,盈趣科技,147.01,True,20.11,22.49,9,13.11,-17.74,-0.17,-10.58,0.0,2026-07-22,2026-07-22,35.21,0.6226,-0.5955,0.8042,0.3736,0.5601,0.0,0.3058,0.1762,0.5881,上升趋势中的日线回调（关注买点）,-0.2196,0.3304,0.45
002150,正泰电源,77.9,True,21.73,24.22,4,4.52,-13.89,-5.88,-10.29,0.0,2026-07-22,2026-07-22,28.63,0.4513,0.3662,0.4693,0.6173,0.4141,0.2178,0.3058,-0.2126,0.3937,月线看多，中短期调整中,-0.723,-0.5729,0.18
001386,马可波罗,15.46,True,14.38,14.39,1,0.74,-8.02,-4.02,-0.06,0.0,2026-07-22,2026-07-22,50.97,-0.2089,0.2694,0.3217,0.3078,0.9106,0.4638,0.3057,-0.5101,0.245,周线日线共振看空,-0.396,-0.45,
002237,恒邦股份,156.44,True,13.12,13.18,8,7.66,-10.18,-2.38,-0.43,0.0573,2026-07-22,2026-07-22,41.83,0.6909,-0.1924,0.5634,0.5376,0.7073,0.0611,0.3042,-0.4612,0.2694,多周期共振看空 ⬇⬇⬇,-0.2325,-0.4768,-0.3375
002850,科达利,369.43,True,176.22,192.69,10,18.52,-12.37,0.34,-8.55,0.0,2026-07-22,2026-07-22,37.77,0.6408,-0.4502,0.8283,0.4044,0.6171,0.0,0.3033,0.0389,0.5194,多周期方向不一致，观望,-0.209,-0.1,0.45
002056,横店东磁,352.63,True,21.7,27.57,12,17.55,-23.2,-0.36,-21.29,0.0,2026-07-22,2026-07-22,26.84,0.7975,-0.7123,0.9157,0.4785,0.3741,0.0,0.3032,0.2108,0.6054,上升趋势中的日线回调（关注买点）,-0.225,0.4513,0.45
002436,兴森科技,531.43,True,35.01,42.32,9,25.8,-30.13,-3.51,-17.27,0.0,2026-07-22,2026-07-22,34.62,0.1634,0.0905,0.9961,0.3342,0.5472,0.0,0.3026,0.2298,0.6149,上升趋势中的日线回调（关注买点）,-0.3947,0.5483,0.5625
002593,日上集团,22.7,True,4.05,4.09,5,4.5,-10.65,-3.71,-1.03,0.0,2026-07-22,2026-07-22,50.0,0.6423,-0.2113,0.3963,0.5009,0.8889,0.3395,0.3013,-0.7289,0.1356,多周期共振看空 ⬇⬇⬇,-0.3376,-0.75,-0.5625
002191,劲嘉股份,50.64,True,3.61,3.78,6,9.09,-5.1,-1.81,-4.41,0.0,2026-07-22,2026-07-22,24.0,0.8759,-0.7488,0.315,0.5255,0.3111,0.475,0.3008,-0.188,0.406,多周期方向不一致，观望,-0.2643,-0.1498,-0.45
002074,国轩高科,486.63,True,28.02,26.61,4,6.66,-11.16,-5.18,5.3,0.0742,2026-07-16,2026-07-22,59.33,0.3864,-0.0758,0.4315,0.4015,0.9038,0.2808,0.3002,-0.7281,0.136,多周期共振看空 ⬇⬇⬇,-0.4002,-0.6946,-0.5625
002319,乐通股份,22.75,True,10.86,10.53,7,4.93,-14.4,-3.29,3.16,0.108,2026-07-20,2026-07-22,52.29,-0.2213,0.8388,0.669,0.4,0.9398,0.0,0.2998,-0.6287,0.1856,多周期共振看空 ⬇⬇⬇,-0.2229,-0.6283,-0.5625
002472,双环传动,276.61,True,36.95,41.19,12,12.03,-12.68,-1.3,-10.3,0.0,2026-07-22,2026-07-22,36.08,0.8265,-0.4201,0.7581,0.5279,0.5796,0.0,0.2997,-0.1424,0.4288,多周期方向不一致，观望,-0.353,-0.1059,-0.2173
002322,理工能科,34.68,True,9.87,9.94,5,3.49,-9.27,-2.94,-0.67,0.0319,2026-07-22,2026-07-22,50.0,0.3597,-0.2323,0.2846,0.3229,0.8889,0.5256,0.2993,-0.686,0.157,多周期共振看空 ⬇⬇⬇,-0.3031,-0.6854,-0.5625
600104,上汽集团,1210.45,True,10.53,10.12,6,5.05,-12.06,-3.24,4.05,0.1155,2026-07-14,2026-07-22,64.44,0.2538,-0.2545,0.2618,0.2505,0.7901,0.5636,0.2992,-0.6834,0.1583,多周期共振看空 ⬇⬇⬇,-0.2211,-0.75,-0.5625
002281,光迅科技,1496.74,True,191.9,220.27,8,19.78,-25.21,-3.48,-12.88,0.0,2026-07-22,2026-07-22,42.34,-0.0178,-0.0815,1.0839,0.1674,0.7187,0.0,0.2985,0.2575,0.6288,上升趋势中的日线回调（关注买点）,-0.3828,0.6313,0.5625
002609,捷顺科技,33.04,True,7.2,7.38,6,2.36,-4.83,-1.43,-2.41,0.0911,2026-07-22,2026-07-22,41.04,0.6225,-0.4334,0.3173,0.4001,0.6898,0.4712,0.2979,-0.6803,0.1598,多周期共振看空 ⬇⬇⬇,-0.2455,-0.7223,-0.5625
002174,游族网络,108.6,True,11.09,12.11,17,13.41,-12.03,2.83,-8.44,0.1302,2026-07-22,2026-07-22,42.54,0.0919,-0.3626,0.6579,0.1101,0.7231,0.0,0.2979,0.0268,0.5134,多周期方向不一致，观望,-0.0675,0.2882,-0.1125
003004,声迅股份,39.45,True,57.39,73.38,17,19.5,-23.08,3.5,-21.79,0.0,2026-07-22,2026-07-22,33.51,0.3942,-0.4551,0.9685,0.2545,0.5223,0.0,0.2972,0.3439,0.672,上升趋势中的日线回调（关注买点）,-0.1827,0.75,0.5625
000778,新兴铸管,146.79,True,3.77,3.69,3,2.38,-9.72,-3.93,2.28,0.0572,2026-07-17,2026-07-22,58.06,0.015,-0.2317,0.2639,0.1163,0.9319,0.5601,0.297,-0.5139,0.243,多周期共振看空 ⬇⬇⬇,-0.3025,-0.5326,-0.3375
000682,东方电子,154.71,True,11.54,12.1,3,6.15,-7.97,-3.24,-4.66,0.0,2026-07-22,2026-07-22,37.55,0.8256,-0.7168,0.3521,0.4953,0.6121,0.4132,0.2964,-0.4868,0.2566,多周期共振看空 ⬇⬇⬇,-0.46,-0.4057,-0.27
000401,金隅冀东,93.94,True,3.57,3.5,7,4.38,-10.59,-3.25,1.87,0.0847,2026-07-13,2026-07-22,58.46,0.2579,-0.4078,0.2861,0.1916,0.9231,0.5232,0.2961,-0.6673,0.1663,多周期共振看空 ⬇⬇⬇,-0.212,-0.7223,-0.5625
000960,锡业股份,524.89,True,31.9,37.2,8,16.44,-24.42,-6.03,-14.25,0.0,2026-07-22,2026-07-22,28.79,0.8147,-0.2876,0.7223,0.5738,0.4176,0.0,0.2956,-0.0543,0.4728,月线看多，中短期调整中,-0.4965,-0.1525,0.3194
002947,恒铭达,115.31,True,58.15,69.05,0,-2.29,-25.53,-12.79,-15.78,0.0,2026-07-22,2026-07-22,35.3,0.53,-0.1045,0.7312,0.4762,0.5622,0.0,0.2953,-0.0741,0.4629,多周期方向不一致，观望,-0.738,-0.1433,0.45
002030,达安基因,73.12,True,5.21,5.13,6,4.4,-14.56,-3.99,1.49,0.033,2026-07-21,2026-07-22,50.72,0.4467,-0.3577,0.4266,0.3249,0.905,0.289,0.2932,-0.5707,0.2147,多周期共振看空 ⬇⬇⬇,-0.2543,-0.4738,-0.5625
002377,国创高新,21.55,True,2.47,2.68,8,9.08,-8.43,-1.7,-7.66,0.0,2026-07-22,2026-07-22,44.23,0.7544,-0.1885,0.5033,0.5773,0.7607,0.1612,0.2929,-0.622,0.189,多周期共振看空 ⬇⬇⬇,-0.4682,-0.6283,-0.3375
000812,陕西金叶,24.03,True,3.18,3.2,6,4.79,-10.08,-3.44,-0.58,0.0183,2026-07-22,2026-07-22,50.0,0.5185,-0.3851,0.3222,0.3571,0.8889,0.463,0.2924,-0.7134,0.1433,多周期共振看空 ⬇⬇⬇,-0.2979,-0.75,-0.5625
001270,铖昌科技,205.03,True,100.11,139.61,12,20.01,-30.25,0.09,-28.29,0.0,2026-07-22,2026-07-22,31.05,0.435,0.1947,1.1609,0.5389,0.4678,0.0,0.292,-0.0877,0.4561,多周期方向不一致，观望,-0.3328,-0.1002,0.0
000599,青岛双星,34.96,True,4.28,4.35,5,3.7,-10.96,-4.47,-1.58,0.0,2026-07-22,2026-07-22,48.33,0.4262,-0.1206,0.3275,0.4075,0.8519,0.4542,0.2918,-0.7034,0.1483,多周期共振看空 ⬇⬇⬇,-0.3055,-0.7215,-0.5625
002340,格林美,325.88,True,6.42,6.53,0,-0.94,-10.01,-5.42,-1.67,0.0,2026-07-22,2026-07-22,47.1,0.7118,-0.6272,0.3533,0.4271,0.8245,0.4112,0.2909,-0.6743,0.1628,多周期共振看空 ⬇⬇⬇,-0.5324,-0.5306,-0.495
000677,ST海龙,13.56,True,1.57,1.63,5,21.18,-20.44,-4.99,-3.53,0.0,2026-07-22,2026-07-22,49.26,0.6797,0.0777,0.9806,0.6389,0.8725,0.0,0.2894,-0.7542,0.1229,多周期共振看空 ⬇⬇⬇,-0.4241,-0.7315,-0.5625
000789,万年青,30.78,True,3.86,3.91,4,3.7,-9.75,-3.08,-1.29,0.0,2026-07-22,2026-07-22,48.68,0.1257,0.2021,0.2834,0.3563,0.8596,0.5276,0.288,-0.7197,0.1401,多周期共振看空 ⬇⬇⬇,-0.3141,-0.75,-0.5625
002496,辉丰股份,21.85,True,1.85,2.0,2,5.68,-18.72,-6.77,-7.31,0.0,2026-07-22,2026-07-22,40.22,0.5791,-0.6097,0.6774,0.3475,0.6715,0.0,0.2878,-0.0593,0.4703,月线看多，中短期调整中,-0.5435,-0.1539,0.3375
002302,西部建设,55.67,True,4.41,4.41,5,2.22,-9.15,-3.87,-0.03,0.0231,2026-07-22,2026-07-22,52.22,0.2024,-0.1654,0.2665,0.2553,0.9383,0.5558,0.2877,-0.733,0.1335,多周期共振看空 ⬇⬇⬇,-0.3482,-0.75,-0.5625
000691,亚太实业,30.19,True,9.34,11.22,10,34.52,-16.79,2.85,-16.79,0.0,2026-07-22,2026-07-22,26.18,0.6631,-0.6566,0.5903,0.3978,0.3595,0.0161,0.2874,0.2188,0.6094,上升趋势中的日线回调（关注买点）,-0.4043,0.5194,0.5625
002681,奋达科技,69.2,True,4.41,4.62,5,6.22,-10.57,-3.22,-4.62,0.0,2026-07-22,2026-07-22,47.21,0.6768,0.0419,0.6662,0.6229,0.8269,0.0,0.2869,-0.6939,0.1531,多周期共振看空 ⬇⬇⬇,-0.3234,-0.6854,-0.5625
600006,东风股份,104.6,True,5.23,5.24,4,1.28,-9.94,-4.13,-0.25,0.0,2026-07-22,2026-07-22,51.61,-0.1171,0.2476,0.2924,0.2991,0.9247,0.5127,0.2868,-0.7041,0.148,多周期共振看空 ⬇⬇⬇,-0.3851,-0.6548,-0.5625
000878,云南铜业,313.57,True,15.65,15.43,1,1.41,-12.61,-6.68,1.41,0.0,2026-07-21,2026-07-22,48.44,0.721,-0.4127,0.5192,0.4675,0.8542,0.1346,0.2868,-0.5867,0.2067,多周期共振看空 ⬇⬇⬇,-0.4075,-0.4451,-0.495
000338,潍柴动力,1330.79,True,26.85,27.2,2,3.55,-12.43,-5.14,-1.28,0.0,2026-07-22,2026-07-22,51.68,-0.0965,-0.1034,0.7007,0.1587,0.9262,0.0,0.2865,-0.0729,0.4636,月线看多，中短期调整中,-0.5214,-0.2379,0.3375
002581,*ST未名,13.39,True,3.34,3.41,5,16.51,-16.89,-4.4,-2.12,0.0,2026-07-22,2026-07-22,47.74,0.7943,-0.0028,0.757,0.6754,0.8386,0.0,0.2858,-0.8003,0.0998,多周期共振看空 ⬇⬇⬇,-0.5208,-0.75,-0.5625
002957,科瑞技术,160.14,True,38.25,45.63,1,4.13,-31.01,-13.03,-16.17,0.0,2026-07-22,2026-07-22,34.55,0.5464,-0.2749,0.9936,0.4179,0.5456,0.0,0.2858,-0.0373,0.4814,多周期方向不一致，观望,-0.675,-0.0356,0.45
002583,海能达,100.83,True,7.86,7.95,2,0.23,-11.69,-4.95,-1.08,0.0,2026-07-22,2026-07-22,48.48,0.6438,-0.4061,0.3713,0.4238,0.8552,0.3812,0.2853,-0.7269,0.1366,多周期共振看空 ⬇⬇⬇,-0.3434,-0.7408,-0.5625
002053,云南能投,87.1,True,9.46,9.41,6,5.21,-18.54,-5.15,0.52,0.0,2026-07-15,2026-07-22,43.75,0.45,0.3183,0.7492,0.5973,0.75,0.0,0.2851,-0.5752,0.2124,多周期共振看空 ⬇⬇⬇,-0.2717,-0.4688,-0.5625
002204,大连重工,98.69,True,5.11,5.22,0,-0.94,-6.2,-3.69,-2.16,0.0,2026-07-22,2026-07-22,41.03,0.2197,0.3772,0.2707,0.4827,0.6895,0.5489,0.2849,-0.7596,0.1202,多周期共振看空 ⬇⬇⬇,-0.5276,-0.7223,-0.495
002552,宝鼎科技,151.27,True,41.05,57.35,5,20.82,-28.42,-7.81,-28.42,0.0,2026-07-22,2026-07-22,30.79,-0.0854,0.3137,1.0129,0.3255,0.4619,0.0,0.2849,0.2043,0.6021,上升趋势中的日线回调（关注买点）,-0.5938,0.6331,0.5625
002230,科大讯飞,893.89,True,40.83,41.09,5,4.34,-10.4,-2.04,-0.62,0.055,2026-07-22,2026-07-22,49.29,0.4262,-0.389,0.3826,0.3001,0.8731,0.3623,0.2844,-0.6742,0.1629,多周期共振看空 ⬇⬇⬇,-0.2326,-0.7199,-0.5625
002353,杰瑞股份,848.8,True,122.83,146.89,10,9.6,-23.81,-4.09,-16.38,0.0,2026-07-22,2026-07-22,40.57,-0.617,0.1562,0.9837,0.2625,0.6794,0.0,0.284,0.037,0.5185,多周期方向不一致，观望,-0.372,0.0313,0.45
002950,奥美医疗,37.64,True,8.76,9.08,7,9.67,-6.28,-1.07,-3.54,0.0267,2026-07-22,2026-07-22,39.54,0.8377,-0.7209,0.5109,0.5026,0.6565,0.1484,0.2834,-0.5078,0.2461,多周期共振看空 ⬇⬇⬇,-0.3019,-0.5198,-0.3375
002160,常铝股份,36.9,True,3.58,3.65,0,-1.82,-16.39,-9.5,-1.82,0.0,2026-07-22,2026-07-22,40.43,0.9145,-0.7546,0.3988,0.5487,0.6761,0.3353,0.2828,-0.6947,0.1527,多周期共振看空 ⬇⬇⬇,-0.616,-0.5039,-0.495
002787,华源控股,51.23,True,20.65,27.39,10,17.86,-25.9,-3.18,-24.6,0.0,2026-07-22,2026-07-22,20.56,0.5825,0.0411,0.9344,0.5659,0.2347,0.0,0.2826,0.0741,0.5371,多周期方向不一致，观望,-0.3372,0.0521,0.5625
002777,久远银海,49.43,True,12.22,12.2,4,2.91,-10.59,-3.99,0.15,0.0035,2026-07-17,2026-07-22,50.56,0.3107,0.0032,0.3775,0.3877,0.9014,0.3709,0.2823,-0.7487,0.1256,多周期共振看空 ⬇⬇⬇,-0.3884,-0.75,-0.5625
002289,宇顺电子,93.31,True,34.0,42.51,14,16.64,-24.37,-0.29,-20.02,0.0,2026-07-22,2026-07-22,31.35,-0.2881,1.8803,0.8788,0.4,0.4745,0.0,0.282,0.0465,0.5232,多周期方向不一致，观望,-0.1869,-0.0856,0.45
001222,源飞宠物,14.88,True,13.17,13.51,4,4.52,-10.21,-3.77,-2.51,0.0,2026-07-22,2026-07-22,44.74,0.1543,0.6495,0.369,0.4926,0.7721,0.385,0.282,-0.7668,0.1166,多周期共振看空 ⬇⬇⬇,-0.4349,-0.75,-0.5625
002752,昇兴股份,54.82,True,5.62,5.94,8,5.39,-10.16,-2.09,-5.41,0.0,2026-07-22,2026-07-22,43.83,0.4261,-0.1723,0.4287,0.3867,0.7517,0.2855,0.2817,-0.4955,0.2522,多周期共振看空 ⬇⬇⬇,-0.4929,-0.3966,-0.27
002585,双星新材,68.1,True,7.68,10.42,4,16.73,-31.61,-13.0,-26.27,0.0,2026-07-22,2026-07-22,26.53,0.8441,-0.6698,0.8995,0.5065,0.3674,0.0,0.2805,-0.0075,0.4963,多周期方向不一致，观望,-0.534,-0.0252,0.45
000060,中金岭南,278.46,True,6.27,6.8,4,5.68,-17.97,-7.42,-7.81,0.0,2026-07-22,2026-07-22,30.0,0.8233,-0.6789,0.5139,0.494,0.4444,0.1435,0.2798,-0.2,0.4,月线震荡，中短期走弱,-0.4832,-0.1905,-0.0675
002873,新天药业,17.35,True,7.24,7.67,7,9.26,-10.05,-2.01,-5.56,0.0,2026-07-22,2026-07-22,41.43,0.5934,0.0347,0.4745,0.5699,0.6984,0.2091,0.2797,-0.6796,0.1602,多周期共振看空 ⬇⬇⬇,-0.3171,-0.6594,-0.5625
002859,洁美科技,259.13,True,60.5,83.68,9,27.56,-34.11,-6.09,-27.7,0.0,2026-07-22,2026-07-22,19.69,0.7805,-0.503,1.0555,0.4683,0.2154,0.0,0.2795,0.2282,0.6141,上升趋势中的日线回调（关注买点）,-0.3773,0.6406,0.45
000551,创元科技,59.94,True,12.37,17.14,14,28.07,-30.26,1.69,-27.81,0.0,2026-07-22,2026-07-22,20.08,0.6512,0.1064,0.9112,0.6333,0.224,0.0,0.2792,-0.0488,0.4756,多周期方向不一致，观望,-0.21,-0.0344,0.0
000523,红棉股份,35.65,True,2.69,2.67,7,5.05,-12.32,-3.49,0.58,0.0387,2026-07-13,2026-07-22,56.82,0.0648,-0.3011,0.2798,0.1184,0.9596,0.5337,0.2788,-0.6301,0.185,多周期共振看空 ⬇⬇⬇,-0.1955,-0.7223,-0.495
001216,华瓷股份,33.59,True,13.68,14.08,2,13.48,-11.13,-6.41,-2.87,0.0,2026-07-22,2026-07-22,35.56,0.8953,-0.7383,0.3983,0.5372,0.5681,0.3361,0.2783,-0.5835,0.2082,多周期共振看空 ⬇⬇⬇,-0.5278,-0.4926,-0.3375
600081,东风科技,51.32,True,9.28,9.32,4,3.08,-11.19,-4.09,-0.44,0.0,2026-07-22,2026-07-22,51.11,0.4625,-0.3342,0.4108,0.3438,0.9136,0.3153,0.2781,-0.6737,0.1632,多周期共振看空 ⬇⬇⬇,-0.3719,-0.5994,-0.5625
000428,华天酒店,30.77,True,3.02,3.09,1,2.11,-8.31,-3.64,-2.38,0.0,2026-07-22,2026-07-22,44.12,0.3804,-0.26,0.2911,0.3243,0.7582,0.5148,0.2775,-0.6201,0.19,多周期共振看空 ⬇⬇⬇,-0.4181,-0.6669,-0.3375
002168,ST惠程,26.98,True,3.44,3.6,4,4.02,-4.55,-1.63,-4.55,0.0,2026-07-22,2026-07-22,38.37,0.5633,-0.2574,0.328,0.435,0.6305,0.4534,0.2771,-0.5981,0.201,多周期共振看空 ⬇⬇⬇,-0.3946,-0.4138,-0.5625
002364,中恒电气,217.44,True,38.96,49.93,10,6.44,-26.3,-4.18,-21.97,0.0,2026-07-22,2026-07-22,35.08,0.4369,-0.3269,0.8688,0.3314,0.5574,0.0,0.2771,0.0174,0.5087,多周期方向不一致，观望,-0.4615,0.0221,0.45
002226,江南化工,121.32,True,4.58,4.53,6,1.83,-10.37,-3.11,0.99,0.0804,2026-07-14,2026-07-22,44.93,0.038,-0.1581,0.2842,0.1596,0.7762,0.5263,0.2762,-0.5908,0.2046,多周期共振看空 ⬇⬇⬇,-0.2383,-0.5316,-0.5625
000657,中钨高新,844.29,True,58.11,78.79,8,31.23,-32.45,-5.82,-26.25,0.0,2026-07-22,2026-07-22,19.02,0.672,-0.1118,0.8604,0.5585,0.2004,0.0,0.2762,0.0756,0.5378,上升趋势中的日线回调（关注买点）,-0.423,0.1666,0.45
002636,金安国纪,481.31,True,66.45,96.78,9,50.0,-31.34,4.39,-31.34,0.0,2026-07-22,2026-07-22,22.04,-0.4885,1.4337,0.9327,0.4,0.2676,0.0,0.2758,0.2454,0.6227,上升趋势中的日线回调（关注买点）,-0.4648,0.6608,0.5625
000698,ST沈化,24.28,True,3.09,3.13,8,5.3,-10.01,-1.66,-1.31,0.0622,2026-07-22,2026-07-22,34.85,0.4036,-0.7321,0.3814,0.2422,0.5522,0.3644,0.2756,-0.2863,0.3569,多周期方向不一致，观望,-0.1163,-0.5962,-0.5625
002036,联创电子,76.31,True,7.23,6.83,2,5.8,-17.7,-10.59,5.8,0.0,2026-07-20,2026-07-22,48.7,0.3315,1.6581,0.8595,0.5989,0.8601,0.0,0.275,-0.7905,0.1048,多周期共振看空 ⬇⬇⬇,-0.5515,-0.7021,-0.5625
002457,青龙管业,32.16,True,9.65,12.66,12,18.13,-23.81,-1.8,-23.81,0.0,2026-07-22,2026-07-22,34.4,0.6341,-0.3228,0.8769,0.4513,0.5423,0.0,0.2748,-0.1742,0.4129,多周期方向不一致，观望,-0.386,-0.0973,-0.3375
000818,航锦科技,82.87,True,12.59,13.82,12,14.41,-10.47,1.15,-8.92,0.0,2026-07-22,2026-07-22,29.3,0.6682,-0.0388,0.8064,0.5854,0.4289,0.0,0.2745,-0.2557,0.3721,多周期方向不一致，观望,-0.1199,-0.4588,-0.5625
002614,奥佳华,19.72,True,4.47,4.55,5,4.25,-9.13,-2.69,-1.86,0.0049,2026-07-22,2026-07-22,45.63,0.3547,-0.2293,0.2818,0.3211,0.7918,0.5303,0.274,-0.7082,0.1459,多周期共振看空 ⬇⬇⬇,-0.2846,-0.75,-0.5625
000751,锌业股份,61.33,True,4.35,5.11,9,18.14,-19.72,-3.06,-14.85,0.0,2026-07-22,2026-07-22,19.51,0.8725,0.5001,0.6827,0.9235,0.2114,0.0,0.2738,-0.541,0.2295,多周期共振看空 ⬇⬇⬇,-0.5453,-0.4967,-0.225
000920,沃顿科技,56.14,True,11.88,13.44,11,19.8,-19.08,-1.7,-11.59,0.0,2026-07-22,2026-07-22,36.32,0.3192,-0.3001,1.0945,0.2715,0.5849,0.0,0.2734,0.0506,0.5253,多周期方向不一致，观望,-0.1993,0.3787,0.0144
002984,森麒麟,100.59,True,14.09,13.69,6,3.75,-9.02,-2.53,2.96,0.1373,2026-07-14,2026-07-22,65.12,0.0781,-0.3864,0.2724,0.0923,0.7752,0.546,0.2734,-0.6576,0.1712,多周期共振看空 ⬇⬇⬇,-0.155,-0.75,-0.5625
002215,诺 普 信,69.1,True,8.55,8.72,4,4.21,-8.92,-2.26,-1.94,0.0138,2026-07-22,2026-07-22,48.34,0.413,-0.0296,0.4971,0.4359,0.8521,0.1715,0.2718,-0.7158,0.1421,多周期共振看空 ⬇⬇⬇,-0.3472,-0.7131,-0.5625
002103,广博股份,23.17,True,5.97,6.01,5,4.39,-11.1,-2.9,-0.7,0.0136,2026-07-22,2026-07-22,45.21,0.3664,-0.192,0.3353,0.343,0.7823,0.4411,0.2717,-0.6994,0.1503,多周期共振看空 ⬇⬇⬇,-0.262,-0.75,-0.5625
002145,钛能化学,164.44,True,4.32,4.53,10,11.88,-8.38,-0.19,-4.56,0.0403,2026-07-22,2026-07-22,31.65,0.8868,-0.679,0.4825,0.5321,0.4812,0.1958,0.2713,-0.512,0.244,多周期共振看空 ⬇⬇⬇,-0.2103,-0.3825,-0.5625
001382,新亚电缆,9.49,True,15.06,15.45,0,-1.43,-20.32,-11.72,-2.49,0.0,2026-07-22,2026-07-22,40.87,0.8313,-0.6709,0.3612,0.4988,0.6859,0.398,0.2712,-0.7703,0.1149,多周期共振看空 ⬇⬇⬇,-0.5515,-0.6577,-0.5625
002138,顺络电子,331.65,True,43.84,57.19,8,22.66,-36.11,-6.5,-23.35,0.0,2026-07-22,2026-07-22,22.79,0.2374,0.2222,0.9977,0.4313,0.2843,0.0,0.2704,0.1321,0.566,上升趋势中的日线回调（关注买点）,-0.405,0.3412,0.45
002718,友邦吊顶,77.68,True,82.65,103.6,10,21.0,-20.22,-0.64,-20.22,0.0,2026-07-22,2026-07-22,28.38,-0.369,0.1383,0.7165,0.2553,0.4085,0.0,0.2701,0.262,0.631,上升趋势中的日线回调（关注买点）,-0.389,0.6515,0.5625
002158,汉钟精机,139.21,True,26.09,32.96,14,19.41,-26.42,1.94,-20.84,0.0,2026-07-22,2026-07-22,26.05,0.6122,-0.4056,0.8099,0.4051,0.3566,0.0,0.2697,0.0817,0.5409,多周期方向不一致，观望,-0.2145,0.0929,0.45
002528,*ST英飞,43.79,True,4.17,4.37,6,1.59,-10.25,-3.17,-4.64,0.0,2026-07-22,2026-07-22,45.45,-0.3821,-0.5395,0.4421,0.0,0.7879,0.2631,0.2695,-0.0003,0.4999,月线看多，中短期调整中,-0.3374,-0.2748,0.5625
002199,*ST东晶,22.52,True,9.75,11.62,1,1.33,-17.12,-7.7,-16.09,0.0,2026-07-21,2026-07-21,28.28,0.0694,0.4637,0.5838,0.4271,0.4063,0.027,0.2693,-0.0383,0.4808,多周期方向不一致，观望,-0.5664,-0.1329,0.45
000723,美锦能源,156.47,True,3.56,3.41,4,4.4,-14.98,-6.72,4.4,0.0055,2026-07-17,2026-07-22,56.31,0.2517,-0.1312,0.3826,0.2985,0.9709,0.3623,0.2692,-0.7917,0.1042,多周期共振看空 ⬇⬇⬇,-0.4988,-0.75,-0.5625
000039,中集集团,185.95,True,8.08,8.01,1,0.93,-12.41,-7.6,0.93,0.0,2026-07-21,2026-07-22,54.3,0.2362,-0.1041,0.4857,0.3001,0.9844,0.1905,0.269,-0.6617,0.1692,多周期共振看空 ⬇⬇⬇,-0.625,-0.581,-0.3375
000962,东方钽业,252.09,True,50.1,68.2,9,45.45,-32.3,1.23,-26.54,0.0,2026-07-22,2026-07-22,19.73,0.6578,-0.1508,1.0333,0.5344,0.2161,0.0,0.2689,0.0365,0.5182,多周期方向不一致，观望,-0.3082,-0.0252,0.45
000917,电广传媒,91.71,True,6.47,6.61,2,4.05,-9.16,-4.05,-2.07,0.0,2026-07-22,2026-07-22,44.83,0.8374,-0.6965,0.5028,0.5024,0.7739,0.1621,0.2687,-0.7128,0.1436,多周期共振看空 ⬇⬇⬇,-0.4637,-0.6741,-0.495
002632,道明光学,45.72,True,7.96,8.98,3,15.67,-11.53,-4.78,-11.31,0.0,2026-07-22,2026-07-22,44.48,0.1993,3.1802,0.9401,0.5196,0.7661,0.0,0.268,-0.6063,0.1969,多周期共振看空 ⬇⬇⬇,-0.3308,-0.554,-0.495
003037,三和管桩,31.03,True,5.18,5.71,5,6.41,-13.65,-5.12,-9.25,0.0,2026-07-22,2026-07-22,41.1,0.7888,-0.027,0.522,0.6625,0.691,0.1299,0.2679,-0.85,0.075,多周期共振看空 ⬇⬇⬇,-0.659,-0.7408,-0.5625
002213,大为股份,56.83,True,27.49,31.98,3,6.34,-31.8,-10.79,-14.04,0.0,2026-07-22,2026-07-22,35.05,0.5751,-0.7432,1.0295,0.3451,0.5568,0.0,0.2676,-0.0797,0.4602,月线看多，中短期调整中,-0.6795,-0.2471,0.45
002093,国脉科技,64.38,True,6.39,6.35,3,1.31,-10.1,-4.43,0.71,0.0071,2026-07-20,2026-07-22,50.79,0.0994,0.1534,0.3968,0.321,0.9065,0.3386,0.2671,-0.7524,0.1238,多周期共振看空 ⬇⬇⬇,-0.398,-0.75,-0.5625
001309,德明利,754.69,True,457.2,765.58,13,38.54,-40.28,2.2,-40.28,0.0,2026-07-22,2026-07-22,26.57,0.0039,0.6878,1.1754,0.4023,0.3682,0.0,0.267,0.0508,0.5254,多周期方向不一致，观望,-0.3117,0.0406,0.45
001380,华纬科技,35.17,True,15.11,15.94,5,5.3,-6.45,-2.04,-5.22,0.0,2026-07-22,2026-07-22,44.3,0.5205,0.0912,0.5625,0.5488,0.7621,0.0626,0.2668,-0.7083,0.1458,多周期共振看空 ⬇⬇⬇,-0.2848,-0.75,-0.5625
002571,德力股份,29.98,True,10.05,10.28,1,0.47,-10.98,-5.73,-2.28,0.0,2026-07-22,2026-07-22,38.12,0.4605,-0.5959,0.4462,0.2763,0.625,0.2563,0.2666,-0.2639,0.368,月线震荡，中短期走弱,-0.4211,-0.4961,-0.0301
002313,日海智能,27.89,True,7.45,7.69,6,3.73,-13.26,-3.81,-3.16,0.0,2026-07-22,2026-07-22,46.86,0.31,0.3181,0.6414,0.5133,0.819,0.0,0.2665,-0.6724,0.1638,多周期共振看空 ⬇⬇⬇,-0.3913,-0.5798,-0.5625
002386,天原股份,72.23,True,5.55,5.92,11,8.48,-7.09,0.36,-6.18,0.0294,2026-07-22,2026-07-22,29.1,0.6269,-0.7098,0.4182,0.3762,0.4245,0.303,0.2658,-0.2978,0.3511,多周期共振看空 ⬇⬇⬇,-0.1945,-0.2615,-0.2263
000738,航发控制,228.32,True,17.36,17.52,1,1.78,-7.34,-3.58,-0.92,0.0,2026-07-22,2026-07-22,45.98,0.4741,-0.3815,0.4461,0.3319,0.7995,0.2564,0.265,-0.5756,0.2122,多周期共振看空 ⬇⬇⬇,-0.3464,-0.6307,-0.3375
002309,中利集团,66.65,True,2.77,2.69,4,6.56,-15.37,-8.37,2.99,0.0,2026-07-17,2026-07-22,50.0,0.2648,0.1189,0.7475,0.4065,0.8889,0.0,0.2649,-0.598,0.201,多周期共振看空 ⬇⬇⬇,-0.505,-0.544,-0.3375
000868,安凯客车,31.28,True,3.33,3.38,2,2.27,-10.45,-4.25,-1.36,0.0,2026-07-22,2026-07-22,45.31,0.4156,-0.3211,0.2804,0.3209,0.7847,0.5326,0.2647,-0.7639,0.118,多周期共振看空 ⬇⬇⬇,-0.4274,-0.75,-0.5625
002981,朝阳科技,26.36,True,21.68,20.48,8,6.86,-25.02,-7.2,5.87,0.0938,2026-07-10,2026-07-22,63.57,0.4592,-0.4046,0.6489,0.3137,0.8096,0.0,0.2645,-0.5827,0.2087,多周期共振看空 ⬇⬇⬇,-0.1937,-0.5521,-0.5625
002980,华盛昌,88.61,True,87.48,102.35,1,5.35,-21.75,-8.6,-14.53,0.0,2026-07-22,2026-07-22,41.86,0.1368,-0.3524,1.0801,0.1411,0.7079,0.0,0.2642,0.0387,0.5193,多周期方向不一致，观望,-0.4501,-0.0067,0.5625
002197,证通电子,37.22,True,6.97,5.81,2,19.9,-9.98,-3.29,19.9,0.1997,2026-07-20,2026-07-22,67.71,0.2688,-0.2122,0.7272,0.2764,0.7175,0.0,0.2642,-0.6686,0.1657,多周期共振看空 ⬇⬇⬇,-0.2391,-0.7021,-0.5625
002998,优彩资源,18.64,True,6.89,7.03,7,9.96,-13.31,-2.48,-1.95,0.0006,2026-07-22,2026-07-22,37.9,0.4647,0.2225,0.7188,0.5678,0.62,0.0,0.2641,-0.5409,0.2295,多周期共振看空 ⬇⬇⬇,-0.2622,-0.469,-0.495
002533,金杯电工,66.06,True,10.36,10.56,1,0.56,-9.99,-4.14,-1.86,0.0,2026-07-22,2026-07-22,43.7,0.455,-0.3462,0.3414,0.3345,0.7488,0.431,0.2638,-0.6682,0.1659,多周期共振看空 ⬇⬇⬇,-0.5523,-0.6577,-0.3375
002408,齐翔腾达,130.68,True,4.75,4.84,4,2.87,-7.37,-1.89,-1.76,0.0458,2026-07-22,2026-07-22,41.14,0.2568,0.0497,0.4567,0.3739,0.692,0.2389,0.2636,-0.6212,0.1894,多周期共振看空 ⬇⬇⬇,-0.4964,-0.6023,-0.3375
002876,三利谱,37.85,True,25.41,30.29,8,13.35,-21.92,-4.13,-16.11,0.0,2026-07-22,2026-07-22,20.33,0.8406,-0.477,0.5448,0.5135,0.2296,0.0919,0.2636,-0.0615,0.4693,多周期方向不一致，观望,-0.414,-0.0067,0.0911
002297,博云新材,97.89,True,17.08,24.27,10,42.37,-36.59,-2.74,-29.61,0.0,2026-07-22,2026-07-22,11.85,0.6568,0.1614,0.7191,0.6586,0.0411,0.0,0.2633,0.0033,0.5017,多周期方向不一致，观望,-0.3855,-0.1052,0.45
002119,康强电子,83.8,True,22.33,31.97,11,29.29,-35.46,-0.64,-30.16,0.0,2026-07-22,2026-07-22,16.7,0.6974,-0.1724,1.0276,0.5495,0.1489,0.0,0.2628,0.0445,0.5222,多周期方向不一致，观望,-0.3172,0.3312,0.1365
002902,铭普光磁,38.71,True,21.79,26.02,0,-3.38,-23.98,-13.75,-16.25,0.0,2026-07-22,2026-07-22,29.59,0.6856,-0.604,0.8417,0.4114,0.4353,0.0,0.2624,-0.0811,0.4595,月线看多，中短期调整中,-0.7425,-0.1998,0.45
002077,大港股份,70.4,True,12.13,17.08,13,10.86,-32.59,-2.76,-28.99,0.0,2026-07-22,2026-07-22,25.1,0.2034,0.5574,0.7881,0.5221,0.3356,0.0,0.2623,-0.1393,0.4304,多周期方向不一致，观望,-0.3757,-0.1329,-0.1575
002243,力合科创,80.2,True,6.66,6.67,5,4.48,-16.16,-5.96,-0.2,0.0,2026-07-22,2026-07-22,48.59,0.4683,-0.0483,0.5625,0.4617,0.8577,0.0626,0.2616,-0.7251,0.1375,多周期共振看空 ⬇⬇⬇,-0.3946,-0.6929,-0.5625
002206,海 利 得,54.22,True,5.13,5.28,7,2.68,-5.24,-1.23,-2.79,0.0972,2026-07-22,2026-07-22,31.11,0.5784,-0.6249,0.2881,0.347,0.4691,0.5198,0.2615,-0.6751,0.1624,多周期共振看空 ⬇⬇⬇,-0.3432,-0.6946,-0.495
000403,派林生物,90.02,True,9.57,9.34,6,7.79,-22.46,-8.58,2.5,0.0,2026-07-14,2026-07-22,57.0,0.5855,-0.5569,0.5033,0.3513,0.9556,0.1612,0.261,-0.7502,0.1249,多周期共振看空 ⬇⬇⬇,-0.4375,-0.7113,-0.5625
002724,海洋王,27.08,True,4.77,4.87,4,2.01,-7.72,-3.22,-2.14,0.0,2026-07-22,2026-07-22,42.34,0.5141,-0.3654,0.3302,0.3623,0.7186,0.4497,0.2609,-0.7147,0.1426,多周期共振看空 ⬇⬇⬇,-0.323,-0.7315,-0.5625
000541,佛山照明,58.76,True,4.81,5.06,10,9.77,-4.9,0.6,-4.9,0.0828,2026-07-22,2026-07-22,25.0,0.7314,-0.4788,0.3083,0.4473,0.3333,0.4862,0.2606,-0.6187,0.1906,多周期共振看空 ⬇⬇⬇,-0.1916,-0.6331,-0.5625
002282,博深股份,27.83,True,5.51,5.72,2,0.67,-6.77,-2.9,-3.65,0.0,2026-07-22,2026-07-22,41.46,0.524,-0.3999,0.2672,0.3545,0.6992,0.5546,0.2605,-0.7662,0.1169,多周期共振看空 ⬇⬇⬇,-0.4442,-0.7408,-0.5625
002389,航天彩虹,168.89,True,17.15,17.57,3,1.37,-8.34,-3.2,-2.4,0.0,2026-07-22,2026-07-22,45.53,0.3539,-0.1032,0.4405,0.371,0.7896,0.2658,0.2599,-0.6742,0.1629,多周期共振看空 ⬇⬇⬇,-0.3246,-0.641,-0.5625
000636,风华高科,477.85,True,41.3,60.64,7,24.44,-34.02,-7.05,-31.89,0.0,2026-07-22,2026-07-22,26.52,0.1737,-0.1401,1.1297,0.2482,0.3672,0.0,0.2596,0.2393,0.6197,上升趋势中的日线回调（关注买点）,-0.4328,0.6129,0.5625
002853,皮阿诺,24.7,True,19.19,20.79,7,13.26,-14.28,-4.57,-7.72,0.0,2026-07-22,2026-07-22,47.26,0.4863,-0.1712,0.6401,0.4233,0.828,0.0,0.2593,-0.5965,0.2017,多周期共振看空 ⬇⬇⬇,-0.6342,-0.4299,-0.3375
002125,湘潭电化,75.29,True,11.96,12.59,0,-1.6,-25.44,-15.96,-5.0,0.0,2026-07-22,2026-07-22,32.09,0.9134,-0.6865,0.5501,0.548,0.4908,0.0832,0.259,-0.4602,0.2699,多周期共振看空 ⬇⬇⬇,-0.4165,-0.1594,-0.495
002716,湖南白银,173.95,True,7.49,7.78,0,-0.83,-14.12,-8.21,-3.73,0.0,2026-07-22,2026-07-22,40.43,0.2929,0.3272,0.6209,0.5066,0.6763,0.0,0.2588,-0.552,0.224,多周期共振看空 ⬇⬇⬇,-0.4376,-0.5005,-0.3375
002741,光华科技,95.9,True,22.3,30.7,8,20.91,-30.33,-6.24,-27.35,0.0,2026-07-22,2026-07-22,24.09,0.6708,-0.6289,0.9199,0.4025,0.313,0.0,0.2587,0.0498,0.5249,多周期方向不一致，观望,-0.4365,0.1432,0.45
002137,实益达,27.24,True,6.87,9.96,11,15.16,-32.93,-3.86,-31.04,0.0,2026-07-22,2026-07-22,32.19,0.6325,-0.5569,1.017,0.3795,0.4932,0.0,0.2586,-0.1301,0.435,多周期方向不一致，观望,-0.3127,-0.1463,-0.1575
600075,新疆天业,74.46,True,4.36,4.23,6,3.65,-13.71,-4.12,2.98,0.0667,2026-07-14,2026-07-22,49.67,-0.1972,-0.0379,0.5266,0.1849,0.8815,0.1224,0.2578,-0.549,0.2255,多周期共振看空 ⬇⬇⬇,-0.2358,-0.6669,-0.3375
002831,裕同科技,188.55,True,26.4,30.28,7,27.07,-21.12,-2.13,-12.81,0.0,2026-07-22,2026-07-22,28.17,0.5775,-0.6914,0.6081,0.3465,0.4038,0.0,0.2575,0.0206,0.5103,多周期方向不一致，观望,-0.4328,0.0117,0.45
002635,安洁科技,51.1,True,12.92,17.73,11,25.53,-30.25,-2.93,-27.13,0.0,2026-07-22,2026-07-22,22.23,0.3856,0.1548,1.0351,0.4933,0.2718,0.0,0.2573,-0.057,0.4715,多周期方向不一致，观望,-0.2618,-0.0263,0.0
000887,中鼎股份,221.73,True,16.87,18.19,5,7.46,-17.53,-6.72,-7.25,0.0,2026-07-22,2026-07-22,46.1,0.7184,-0.762,0.8055,0.4311,0.8023,0.0,0.2572,-0.595,0.2025,多周期共振看空 ⬇⬇⬇,-0.4182,-0.3867,-0.5625
002212,天融信,65.34,True,5.6,5.63,0,-0.5,-11.05,-5.54,-0.5,0.0,2026-07-22,2026-07-22,46.7,0.2837,0.2911,0.5049,0.4867,0.8156,0.1585,0.2565,-0.8325,0.0837,多周期共振看空 ⬇⬇⬇,-0.625,-0.7315,-0.5625
000545,金浦钛业,23.45,True,2.38,2.53,11,13.34,-6.11,0.77,-6.11,0.0415,2026-07-22,2026-07-22,39.51,0.7379,-0.6879,0.6439,0.4427,0.6557,0.0,0.2563,-0.5444,0.2278,多周期共振看空 ⬇⬇⬇,-0.2467,-0.49,-0.495
002940,昂利康,46.19,True,24.93,27.35,6,7.31,-12.99,-3.85,-8.84,0.0,2026-07-22,2026-07-22,38.18,0.6685,-0.0886,0.8839,0.5657,0.6262,0.0,0.2562,-0.6065,0.1967,多周期共振看空 ⬇⬇⬇,-0.507,-0.3358,-0.5625
002815,崇达技术,93.02,True,11.97,15.63,3,4.32,-23.73,-8.86,-23.41,0.0,2026-07-22,2026-07-22,36.47,0.4053,-0.3909,1.0015,0.2868,0.5882,0.0,0.2558,-0.1183,0.4409,多周期方向不一致，观望,-0.5327,-0.0633,0.0
002606,大连电瓷,52.1,True,12.37,13.18,2,1.15,-8.81,-3.58,-6.11,0.0,2026-07-22,2026-07-22,40.14,0.0954,-0.2445,0.5611,0.1595,0.6698,0.0648,0.2554,-0.0676,0.4662,月线看多，中短期调整中,-0.623,-0.2379,0.45
001339,智微智能,124.08,True,76.64,92.98,14,26.67,-22.73,2.97,-17.58,0.0,2026-07-22,2026-07-22,32.84,-0.0961,-0.332,0.7622,0.0672,0.5076,0.0,0.2554,0.3263,0.6632,上升趋势中的日线回调（关注买点）,-0.219,0.7221,0.5625
001312,福恩股份,9.65,True,16.88,18.19,2,0.72,-8.04,-4.7,-7.22,0.0,2026-07-22,2026-07-22,24.11,0.2468,-0.3722,0.3395,0.1992,0.3135,0.4342,0.2553,0.0,0.5,周线日线方向不一致,0.0,,
002045,国光电器,42.63,True,7.59,7.77,4,5.51,-10.22,-5.23,-2.37,0.0,2026-07-22,2026-07-22,44.56,0.1727,1.0245,0.514,0.5036,0.768,0.1434,0.254,-0.8097,0.0952,多周期共振看空 ⬇⬇⬇,-0.545,-0.75,-0.5625
003009,中天火箭,84.83,True,51.51,57.57,10,8.22,-10.53,-0.98,-10.53,0.0,2026-07-22,2026-07-22,37.86,0.6103,-0.2867,0.9028,0.4515,0.6192,0.0,0.2536,-0.4367,0.2817,多周期共振看空 ⬇⬇⬇,-0.2892,-0.2169,-0.495
002645,华宏科技,118.15,True,17.37,22.72,3,8.03,-34.17,-17.75,-23.54,0.0,2026-07-22,2026-07-22,22.29,0.71,-0.4621,0.8016,0.4412,0.2732,0.0,0.2534,-0.0065,0.4968,多周期方向不一致，观望,-0.561,0.0025,0.45
002767,先锋电子,20.38,True,15.65,17.45,10,12.61,-10.3,-0.79,-10.3,0.0,2026-07-22,2026-07-22,46.92,0.3447,0.1589,0.7968,0.4704,0.8204,0.0,0.2533,-0.7109,0.1446,多周期共振看空 ⬇⬇⬇,-0.4133,-0.7131,-0.495
002721,金一文化,59.84,True,2.25,2.24,4,2.17,-10.33,-3.78,0.25,0.0118,2026-07-20,2026-07-22,47.69,0.2338,-0.3037,0.3584,0.2188,0.8376,0.4026,0.2522,-0.6882,0.1559,多周期共振看空 ⬇⬇⬇,-0.2763,-0.7131,-0.5625
002484,江海股份,582.62,True,71.01,89.84,9,21.85,-28.65,-4.4,-20.96,0.0,2026-07-22,2026-07-22,31.21,-0.2063,-0.2108,1.0704,0.1157,0.4714,0.0,0.2519,0.2643,0.6321,上升趋势中的日线回调（关注买点）,-0.3907,0.6608,0.5625
002986,宇新股份,33.84,True,11.21,11.98,15,12.75,-8.91,1.28,-6.4,0.1106,2026-07-22,2026-07-22,31.38,0.2414,-0.2447,0.3998,0.247,0.4751,0.3337,0.2519,-0.4822,0.2589,多周期共振看空 ⬇⬇⬇,-0.2118,-0.5408,-0.3375
002480,新筑股份,39.23,True,5.11,5.15,2,1.02,-10.74,-4.75,-0.87,0.0,2026-07-22,2026-07-22,43.27,0.2472,-0.2542,0.2996,0.2466,0.7393,0.5007,0.2518,-0.668,0.166,多周期共振看空 ⬇⬇⬇,-0.4262,-0.5403,-0.5625
002766,索菱股份,29.99,True,3.5,3.59,2,8.99,-14.28,-6.28,-2.49,0.0,2026-07-22,2026-07-22,45.88,0.37,0.2581,0.5903,0.5252,0.7974,0.0162,0.2514,-0.7994,0.1003,多周期共振看空 ⬇⬇⬇,-0.5508,-0.7223,-0.5625
000935,四川双马,175.82,True,23.03,25.79,9,7.91,-10.72,-1.55,-10.72,0.0,2026-07-22,2026-07-22,38.64,-0.2668,0.4834,0.6916,0.3934,0.6365,0.0,0.2509,-0.3863,0.3069,多周期共振看空 ⬇⬇⬇,-0.3759,-0.2569,-0.27
002126,银轮股份,322.03,True,40.5,49.2,9,11.16,-17.69,-1.59,-17.69,0.0,2026-07-22,2026-07-22,34.57,0.2844,-0.3715,0.8212,0.2221,0.546,0.0,0.2507,-0.005,0.4975,多周期方向不一致，观望,-0.3847,-0.1421,0.45
002238,天威视讯,43.98,True,5.48,5.53,5,3.64,-9.68,-3.89,-0.92,0.0,2026-07-22,2026-07-22,50.0,0.303,-0.5662,0.3362,0.1818,0.8889,0.4397,0.2506,-0.7046,0.1477,多周期共振看空 ⬇⬇⬇,-0.2753,-0.75,-0.5625
002444,巨星科技,340.81,True,29.72,30.67,9,9.48,-8.27,-0.7,-3.08,0.0486,2026-07-22,2026-07-22,38.17,0.0225,-0.0545,0.5726,0.1917,0.626,0.0457,0.2505,-0.2068,0.3966,多周期方向不一致，观望,-0.1231,-0.4658,-0.3375
002052,同洲电子,56.81,True,8.24,8.08,4,2.43,-12.34,-4.72,1.97,0.0,2026-07-20,2026-07-22,45.92,0.5915,-0.3418,0.577,0.4182,0.7982,0.0384,0.2503,-0.6553,0.1724,多周期共振看空 ⬇⬇⬇,-0.2049,-0.7021,-0.5625
002421,达实智能,54.29,True,2.71,3.12,0,-10.96,-23.27,-17.85,-13.2,0.0,2026-07-22,2026-07-22,21.3,0.8533,-0.7272,0.5398,0.512,0.251,0.1003,0.249,-0.2082,0.3959,多周期方向不一致，观望,-0.6885,-0.1002,-0.225
002866,传艺科技,26.4,True,14.57,15.09,1,2.7,-16.76,-9.72,-3.43,0.0,2026-07-22,2026-07-22,40.09,0.1152,2.3304,0.6794,0.4691,0.6687,0.0,0.2484,-0.5662,0.2169,多周期共振看空 ⬇⬇⬇,-0.556,-0.4979,-0.27
002362,汉王科技,29.42,True,14.17,14.91,0,-4.32,-13.59,-8.53,-4.95,0.0,2026-07-22,2026-07-22,36.34,0.8415,-0.8132,0.407,0.5049,0.5854,0.3217,0.2483,-0.7812,0.1094,多周期共振看空 ⬇⬇⬇,-0.4934,-0.7315,-0.5625
000922,佳电股份,75.92,True,10.77,12.33,8,10.19,-18.47,-5.31,-12.66,0.0,2026-07-22,2026-07-22,25.57,0.5882,-0.7,0.5277,0.3529,0.3461,0.1204,0.2477,-0.0944,0.4528,多周期方向不一致，观望,-0.537,-0.1045,0.1498
002929,润建股份,111.49,True,51.48,60.29,6,15.44,-19.32,-4.48,-14.61,0.0,2026-07-22,2026-07-22,18.86,0.7119,-0.3604,0.9121,0.483,0.197,0.0,0.2467,-0.0352,0.4824,月线看多，中短期调整中,-0.4432,-0.2379,0.45
002872,ST天圣,9.99,True,4.65,4.77,7,3.81,-11.15,-2.69,-2.52,0.0,2026-07-22,2026-07-22,45.33,0.2749,-0.8292,0.4368,0.165,0.7852,0.272,0.2463,-0.4533,0.2733,多周期共振看空 ⬇⬇⬇,-0.458,-0.4113,-0.1924
002084,海鸥住工,20.75,True,3.22,3.57,18,8.35,-9.89,2.71,-9.73,0.1108,2026-07-22,2026-07-22,31.36,0.2007,-0.4692,0.4502,0.1327,0.4746,0.2497,0.246,-0.2797,0.3601,多周期方向不一致，观望,-0.0952,-0.5852,-0.5625
002837,英维克,684.04,True,60.51,71.03,8,20.96,-24.25,-2.1,-14.8,0.0,2026-07-22,2026-07-22,37.04,0.6164,-0.2896,0.8635,0.454,0.6009,0.0,0.2456,-0.4825,0.2588,多周期共振看空 ⬇⬇⬇,-0.5058,-0.4019,-0.225
001393,维通利,20.18,True,42.0,48.21,0,-5.96,-17.9,-11.72,-12.88,0.0,2026-07-22,2026-07-22,17.45,0.7073,-0.4996,0.5363,0.4246,0.1655,0.1062,0.2454,0.0,0.5,周线日线方向不一致,0.0,,
002005,ST德豪,39.77,True,2.27,2.37,1,0.85,-17.56,-7.36,-4.12,0.0,2026-07-22,2026-07-22,47.62,0.1009,0.2839,0.565,0.3741,0.836,0.0583,0.2453,-0.6863,0.1568,多周期共振看空 ⬇⬇⬇,-0.765,-0.5152,-0.3375
002429,兆驰股份,360.14,True,7.96,9.81,2,3.21,-25.56,-9.14,-18.83,0.0,2026-07-22,2026-07-22,34.47,0.3661,-0.2491,0.8179,0.32,0.5438,0.0,0.2451,-0.2041,0.398,月线震荡，中短期走弱,-0.6738,-0.2379,0.1294
002301,齐心集团,50.26,True,7.0,7.76,12,10.16,-9.76,0.78,-9.76,0.0,2026-07-22,2026-07-22,36.63,-0.3343,-0.0272,0.5963,0.1891,0.5919,0.0062,0.2448,-0.0593,0.4703,多周期方向不一致，观望,-0.0343,-0.0514,-0.18
002971,和远气体,60.05,True,37.3,56.01,10,54.11,-36.42,-0.73,-33.4,0.0,2026-07-22,2026-07-22,5.42,0.6773,-0.3472,0.9763,0.4675,0.0,0.0,0.2448,0.21,0.605,上升趋势中的日线回调（关注买点）,-0.372,0.5748,0.45
002686,亿利达,26.82,True,5.13,5.32,5,4.67,-12.98,-4.46,-3.54,0.0,2026-07-22,2026-07-22,46.49,0.2434,-0.2417,0.4263,0.2494,0.8108,0.2894,0.2442,-0.6496,0.1752,多周期共振看空 ⬇⬇⬇,-0.4749,-0.5256,-0.495
002085,万丰奥威,214.24,True,10.09,10.66,0,-0.7,-13.83,-8.28,-5.37,0.0,2026-07-22,2026-07-22,37.32,0.8601,-0.6092,0.4741,0.5161,0.6071,0.2098,0.2442,-0.7682,0.1159,多周期共振看空 ⬇⬇⬇,-0.4654,-0.727,-0.5625
002165,红 宝 丽,42.93,True,5.9,6.02,2,5.06,-18.27,-8.73,-2.02,0.0,2026-07-22,2026-07-22,39.58,0.6945,-0.3701,0.6396,0.4687,0.6574,0.0,0.2438,-0.5883,0.2058,多周期共振看空 ⬇⬇⬇,-0.3597,-0.4896,-0.495
000852,石化机械,47.89,True,5.04,5.02,3,2.95,-10.51,-4.91,0.41,0.0,2026-07-21,2026-07-22,51.16,-0.1062,-0.1118,0.3313,0.1553,0.9147,0.4479,0.2437,-0.7549,0.1225,多周期共振看空 ⬇⬇⬇,-0.4584,-0.7038,-0.5625
002566,益盛药业,13.49,True,5.82,6.23,4,5.95,-8.98,-3.22,-6.54,0.0,2026-07-22,2026-07-22,38.43,0.2294,0.2904,0.442,0.4538,0.6317,0.2634,0.2436,-0.746,0.127,多周期共振看空 ⬇⬇⬇,-0.4806,-0.6652,-0.5625
002265,建设工业,169.32,True,16.39,17.06,0,-1.09,-11.53,-6.77,-3.91,0.0,2026-07-22,2026-07-22,41.22,0.4519,-0.2281,0.4843,0.3799,0.6939,0.1929,0.2434,-0.6475,0.1763,多周期共振看空 ⬇⬇⬇,-0.3982,-0.5192,-0.5625
002483,润邦股份,43.11,True,4.87,5.01,3,0.99,-9.39,-3.63,-2.72,0.0,2026-07-22,2026-07-22,46.09,-0.0894,0.0763,0.2992,0.2305,0.8021,0.5014,0.2433,-0.7857,0.1072,多周期共振看空 ⬇⬇⬇,-0.505,-0.7315,-0.5625
002108,沧州明珠,67.73,True,4.11,4.18,4,1.99,-10.8,-5.15,-1.6,0.0,2026-07-22,2026-07-22,49.64,0.2704,-0.5877,0.4744,0.1623,0.8809,0.2093,0.2433,-0.5374,0.2313,多周期共振看空 ⬇⬇⬇,-0.5404,-0.3803,-0.3375
002579,中京电子,69.95,True,11.99,17.12,9,22.57,-38.0,-6.85,-29.96,0.0,2026-07-22,2026-07-22,21.34,0.6657,-0.5593,1.1419,0.3994,0.2521,0.0,0.2429,0.0017,0.5009,多周期方向不一致，观望,-0.3863,0.0117,0.327
002920,德赛西威,491.5,True,82.38,83.28,7,4.9,-13.0,-3.57,-1.08,0.0,2026-07-22,2026-07-22,51.76,0.4335,-0.4337,0.5322,0.2866,0.928,0.113,0.2427,-0.721,0.1395,多周期共振看空 ⬇⬇⬇,-0.3391,-0.7315,-0.5625
000573,粤宏远Ａ,21.33,True,3.37,3.55,3,1.83,-13.08,-6.59,-4.95,0.0,2026-07-22,2026-07-22,44.83,0.4536,-0.4895,0.483,0.2764,0.7739,0.195,0.2426,-0.5865,0.2067,多周期共振看空 ⬇⬇⬇,-0.4349,-0.4887,-0.4275
000988,华工科技,1140.76,True,113.51,149.39,7,13.69,-31.54,-6.19,-24.02,0.0,2026-07-22,2026-07-22,28.65,0.1592,-0.091,1.0314,0.2591,0.4144,0.0,0.2426,0.0285,0.5142,多周期方向不一致，观望,-0.4154,0.0313,0.45
002833,弘亚数控,45.72,True,15.6,17.29,8,7.56,-10.66,-2.79,-9.78,0.0,2026-07-22,2026-07-22,22.74,0.7693,-0.1443,0.5805,0.6038,0.283,0.0325,0.2426,-0.391,0.3045,多周期共振看空 ⬇⬇⬇,-0.5662,-0.2165,-0.1575
002391,长青股份,23.07,True,4.97,5.08,5,2.44,-6.19,-1.24,-2.11,0.0745,2026-07-22,2026-07-22,40.24,-0.2747,-0.2363,0.2843,0.1055,0.6721,0.5262,0.2425,-0.6347,0.1826,多周期共振看空 ⬇⬇⬇,-0.2955,-0.6467,-0.495
003018,金富科技,111.33,True,39.13,52.9,11,28.07,-30.88,-0.04,-26.02,0.0,2026-07-22,2026-07-22,28.81,0.056,0.0042,0.9035,0.2353,0.4181,0.0,0.2422,0.0597,0.5299,多周期方向不一致，观望,-0.2661,0.0406,0.45
000672,上峰材料,144.05,True,14.86,19.53,12,29.13,-25.71,2.77,-23.9,0.0,2026-07-22,2026-07-22,23.13,0.2068,-0.086,0.8135,0.2897,0.2918,0.0,0.2422,0.1237,0.5618,上升趋势中的日线回调（关注买点）,-0.2475,0.178,0.45
002291,遥望科技,41.54,True,4.78,4.83,4,2.99,-10.76,-5.09,-0.97,0.0,2026-07-22,2026-07-22,45.77,0.3107,-0.3107,0.3695,0.2621,0.795,0.3841,0.242,-0.7445,0.1277,多周期共振看空 ⬇⬇⬇,-0.455,-0.6837,-0.5625
002580,圣阳股份,69.03,True,15.26,18.64,5,12.84,-24.52,-9.92,-18.15,0.0,2026-07-22,2026-07-22,15.94,0.8802,-0.5422,0.7815,0.5281,0.1321,0.0,0.2419,-0.0684,0.4658,月线看多，中短期调整中,-0.5387,-0.314,0.45
002520,日发精机,36.45,True,5.08,6.53,12,17.09,-23.81,-2.69,-22.18,0.0,2026-07-22,2026-07-22,25.26,0.6626,-0.4028,0.7672,0.4364,0.339,0.0,0.2417,-0.1717,0.4142,多周期方向不一致，观望,-0.303,-0.1123,-0.3825
002148,北纬科技,26.15,True,5.8,6.1,6,12.06,-8.73,-2.14,-4.99,0.0,2026-07-22,2026-07-22,47.93,0.715,-0.4686,0.766,0.4416,0.8428,0.0,0.2411,-0.7894,0.1053,多周期共振看空 ⬇⬇⬇,-0.5359,-0.7131,-0.5625
002271,东方雨虹,215.76,True,11.27,11.5,2,1.03,-11.69,-4.79,-1.96,0.0,2026-07-22,2026-07-22,42.6,-0.3136,0.4238,0.5426,0.3695,0.7245,0.0956,0.2409,-0.6103,0.1949,多周期共振看空 ⬇⬇⬇,-0.4487,-0.6192,-0.3375
002562,兄弟科技,34.57,True,4.25,4.36,0,-0.4,-8.52,-4.61,-2.61,0.0,2026-07-22,2026-07-22,41.53,0.4952,-0.2897,0.3724,0.3813,0.7006,0.3793,0.2408,-0.8274,0.0863,多周期共振看空 ⬇⬇⬇,-0.601,-0.7408,-0.5625
002372,伟星新材,118.4,True,8.05,8.13,1,1.19,-10.53,-5.49,-0.99,0.0,2026-07-22,2026-07-22,39.34,-0.605,0.6275,0.4188,0.4,0.6521,0.302,0.2407,-0.7388,0.1306,多周期共振看空 ⬇⬇⬇,-0.4849,-0.7131,-0.495
002655,共达电声,96.9,True,26.63,37.69,8,28.48,-35.46,-4.92,-29.34,0.0,2026-07-22,2026-07-22,17.35,0.3798,0.0198,0.8085,0.4358,0.1634,0.0,0.2407,0.0326,0.5163,多周期方向不一致，观望,-0.405,0.0406,0.45
002916,深南电路,2246.92,True,337.98,405.98,11,12.2,-21.74,-2.33,-16.75,0.0,2026-07-22,2026-07-22,36.29,-0.0712,-0.287,0.9034,0.0852,0.5842,0.0,0.2399,0.0818,0.5409,多周期方向不一致，观望,-0.3397,0.0883,0.5625
002838,道恩股份,113.57,True,27.0,31.48,6,4.68,-18.3,-3.89,-14.22,0.0,2026-07-22,2026-07-22,36.07,-0.22,-0.0058,0.8535,0.1977,0.5793,0.0,0.2397,-0.094,0.453,多周期方向不一致，观望,-0.5104,-0.1005,0.1248
002539,云图控股,92.18,True,10.36,10.76,3,4.37,-14.15,-6.11,-3.71,0.0,2026-07-22,2026-07-22,36.94,0.2392,0.1014,0.4001,0.384,0.5988,0.3331,0.2391,-0.6866,0.1567,多周期共振看空 ⬇⬇⬇,-0.6503,-0.6142,-0.3375
002179,中航光电,719.29,True,34.31,39.36,11,17.09,-19.55,-1.27,-12.83,0.0,2026-07-22,2026-07-22,22.81,0.6133,-0.5506,0.5837,0.368,0.2846,0.0272,0.2388,-0.0418,0.4791,多周期方向不一致，观望,-0.2707,0.0129,0.0353
001400,江顺科技,31.65,True,68.46,97.84,7,10.63,-33.91,-9.93,-30.03,0.0,2026-07-22,2026-07-22,23.0,0.6188,-0.3892,0.9859,0.4156,0.2888,0.0,0.2385,-0.1035,0.4482,月线看多，中短期调整中,-0.5052,-0.3521,0.2925
000629,钒钛股份,281.5,True,3.03,3.19,7,8.85,-8.05,-1.98,-4.9,0.0,2026-07-22,2026-07-22,23.75,0.8194,-0.6853,0.4326,0.4917,0.3056,0.2789,0.2382,-0.4706,0.2647,多周期共振看空 ⬇⬇⬇,-0.3567,-0.391,-0.3375
002976,瑞玛精密,23.62,True,19.4,24.5,12,12.88,-20.82,-0.29,-20.82,0.0,2026-07-22,2026-07-22,27.15,0.5605,-0.6022,0.8369,0.3363,0.3812,0.0,0.2381,-0.091,0.4545,多周期方向不一致，观望,-0.3449,-0.1044,0.0
002574,明牌珠宝,21.7,True,4.11,4.24,2,2.45,-10.04,-4.76,-2.95,0.0,2026-07-22,2026-07-22,46.43,-0.2693,0.0476,0.304,0.2191,0.8095,0.4933,0.2379,-0.8131,0.0934,多周期共振看空 ⬇⬇⬇,-0.5753,-0.7315,-0.5625
002835,同为股份,14.13,True,11.1,11.5,1,0.65,-8.92,-3.92,-3.46,0.0,2026-07-22,2026-07-22,38.05,0.0284,0.5333,0.3778,0.4171,0.6233,0.3703,0.2379,-0.8087,0.0957,多周期共振看空 ⬇⬇⬇,-0.5423,-0.75,-0.5625
002478,常宝股份,41.85,True,5.79,6.02,0,-2.8,-8.69,-6.18,-3.88,0.0,2026-07-22,2026-07-22,39.02,-0.2127,0.3151,0.3567,0.326,0.645,0.4054,0.2378,-0.7175,0.1412,多周期共振看空 ⬇⬇⬇,-0.625,-0.7038,-0.3375
002826,易明医药,28.5,True,15.43,16.53,12,12.72,-6.66,0.58,-6.66,0.039,2026-07-22,2026-07-22,24.58,0.6728,0.0034,0.7081,0.605,0.3241,0.0,0.2374,-0.5513,0.2243,多周期共振看空 ⬇⬇⬇,-0.2043,-0.4741,-0.5625
000410,沈阳机床,90.86,True,4.61,4.65,2,0.37,-11.31,-5.11,-0.87,0.0,2026-07-22,2026-07-22,37.75,0.6213,-0.3425,0.4387,0.4358,0.6166,0.2689,0.237,-0.7566,0.1217,多周期共振看空 ⬇⬇⬇,-0.4088,-0.75,-0.5625
000822,山东海化,36.07,True,4.03,4.05,0,-0.26,-10.34,-5.57,-0.41,0.0,2026-07-22,2026-07-22,42.39,0.1967,-0.124,0.3148,0.2684,0.7198,0.4753,0.2365,-0.7812,0.1094,多周期共振看空 ⬇⬇⬇,-0.5256,-0.7038,-0.5625
002937,兴瑞科技,103.98,True,32.99,41.39,13,19.41,-20.29,2.3,-20.29,0.0,2026-07-22,2026-07-22,23.66,0.1496,-0.3715,0.6439,0.1412,0.3036,0.0,0.2362,0.2995,0.6498,上升趋势中的日线回调（关注买点）,-0.2528,0.6608,0.5625
000055,方大集团,21.69,True,3.21,3.31,2,0.66,-9.51,-5.35,-2.89,0.0,2026-07-22,2026-07-22,41.76,0.4676,-0.6089,0.3966,0.2806,0.7057,0.339,0.236,-0.6791,0.1604,多周期共振看空 ⬇⬇⬇,-0.4301,-0.5613,-0.5625
002270,华明装备,156.84,True,17.5,18.4,1,1.16,-9.1,-5.82,-4.89,0.0,2026-07-22,2026-07-22,43.84,0.337,-0.2272,0.5089,0.3113,0.7519,0.1518,0.2351,-0.6412,0.1794,多周期共振看空 ⬇⬇⬇,-0.4912,-0.6508,-0.3375
000700,模塑科技,99.79,True,10.87,14.29,5,14.01,-23.94,-5.97,-23.94,0.0,2026-07-22,2026-07-22,20.18,0.6957,-0.4382,0.906,0.4422,0.2262,0.0,0.235,-0.0988,0.4506,多周期方向不一致，观望,-0.434,-0.0713,0.009
000422,湖北宜化,134.67,True,12.73,13.44,9,11.16,-8.37,-0.89,-5.26,0.0,2026-07-22,2026-07-22,24.43,0.8512,-0.4361,0.5373,0.5363,0.3207,0.1045,0.2348,-0.4481,0.276,多周期共振看空 ⬇⬇⬇,-0.2555,-0.4283,-0.3375
001233,海安集团,16.16,True,42.84,43.57,0,-1.67,-14.21,-6.72,-1.67,0.0,2026-07-22,2026-07-22,40.9,-0.3611,0.3035,0.4746,0.3214,0.6866,0.209,0.2342,-0.6319,0.184,周线日线共振看空,-0.616,-0.45,
002054,德美化工,24.92,True,6.49,6.82,1,1.66,-9.92,-4.32,-4.89,0.0,2026-07-22,2026-07-22,37.04,0.4171,-0.1324,0.4684,0.3973,0.6008,0.2193,0.2341,-0.6589,0.1705,多周期共振看空 ⬇⬇⬇,-0.5741,-0.6185,-0.3375
002842,翔鹭钨业,83.6,True,31.14,39.86,9,29.88,-30.51,-4.17,-21.87,0.0,2026-07-22,2026-07-22,18.1,0.6988,-0.5644,1.0141,0.4193,0.1801,0.0,0.2339,-0.0154,0.4923,多周期方向不一致，观望,-0.3953,-0.0212,0.2925
002955,鸿合科技,57.23,True,29.25,31.94,11,18.61,-16.81,0.35,-8.44,0.0,2026-07-22,2026-07-22,18.48,0.0821,0.1094,0.7202,0.293,0.1884,0.0,0.2331,0.1701,0.585,上升趋势中的日线回调（关注买点）,-0.2389,0.439,0.3375
002921,联诚精密,26.59,True,20.7,25.78,15,19.17,-19.96,1.07,-19.69,0.0,2026-07-22,2026-07-22,27.72,0.2381,-0.1722,0.9411,0.274,0.3938,0.0,0.2326,-0.0499,0.475,月线看多，中短期调整中,-0.3385,-0.2156,0.2683
002272,川润股份,66.12,True,16.2,21.32,13,14.89,-27.81,-1.51,-24.03,0.0,2026-07-22,2026-07-22,19.78,0.5718,-0.6053,0.7261,0.3431,0.2174,0.0,0.232,0.0461,0.5231,多周期方向不一致，观望,-0.2684,-0.0171,0.45
000409,云鼎科技,48.06,True,8.14,8.25,0,-0.24,-9.8,-4.66,-1.3,0.0,2026-07-22,2026-07-22,43.56,0.2091,-0.3209,0.317,0.1971,0.7457,0.4717,0.2318,-0.7335,0.1332,多周期共振看空 ⬇⬇⬇,-0.5731,-0.5583,-0.5625
002602,世纪华通,868.63,True,12.78,13.77,9,5.18,-9.41,-1.22,-7.21,0.0,2026-07-22,2026-07-22,42.36,0.2711,-0.0396,0.5079,0.3468,0.719,0.1535,0.2316,-0.6876,0.1562,多周期共振看空 ⬇⬇⬇,-0.2426,-0.7408,-0.5625
002090,金智科技,33.37,True,8.38,8.92,2,3.02,-8.8,-3.56,-6.05,0.0,2026-07-22,2026-07-22,44.82,0.7354,-0.4214,0.5318,0.4727,0.7737,0.1137,0.2314,-0.9246,0.0377,多周期共振看空 ⬇⬇⬇,-0.8825,-0.7131,-0.5625
000823,超声电子,80.55,True,13.54,19.54,9,42.94,-37.7,-5.05,-30.71,0.0,2026-07-22,2026-07-22,16.87,0.7012,-0.452,1.0704,0.4399,0.1526,0.0,0.2313,-0.0364,0.4818,多周期方向不一致，观望,-0.3817,-0.016,0.1833
002892,科力尔,44.75,True,8.93,9.19,1,0.31,-14.12,-5.41,-2.8,0.0,2026-07-22,2026-07-22,42.91,0.4247,-0.2335,0.4992,0.3614,0.7313,0.1681,0.2311,-0.7415,0.1292,多周期共振看空 ⬇⬇⬇,-0.4474,-0.6837,-0.5625
001237,惠康科技,18.09,True,51.91,60.52,6,13.28,-15.09,-5.14,-14.23,0.0,2026-07-22,2026-07-22,10.34,0.8731,-0.564,0.7141,0.5239,0.0076,0.0,0.2309,0.0,0.5,周线日线方向不一致,0.0,,
002448,中原内配,61.13,True,10.53,11.51,3,3.64,-16.4,-6.06,-8.5,0.0,2026-07-22,2026-07-22,41.24,-0.3218,0.6311,0.6485,0.4,0.6941,0.0,0.2309,-0.6259,0.187,多周期共振看空 ⬇⬇⬇,-0.6138,-0.512,-0.3375
002049,紫光国微,562.72,True,66.24,78.89,14,13.43,-23.32,-0.8,-16.03,0.0,2026-07-22,2026-07-22,27.98,0.3408,0.019,0.65,0.4121,0.3996,0.0,0.2307,-0.2931,0.3534,多周期共振看空 ⬇⬇⬇,-0.237,-0.216,-0.225
002273,水晶光电,367.08,True,26.95,32.32,7,10.34,-24.32,-6.91,-16.62,0.0,2026-07-22,2026-07-22,22.53,0.3546,-0.1906,0.958,0.3365,0.2785,0.0,0.2307,-0.0271,0.4864,多周期方向不一致，观望,-0.509,-0.1329,0.45
002177,御银股份,35.23,True,5.22,5.39,0,-0.45,-12.37,-7.81,-3.15,0.0,2026-07-22,2026-07-22,38.13,0.5972,-0.4205,0.4413,0.3901,0.625,0.2645,0.2306,-0.7409,0.1295,多周期共振看空 ⬇⬇⬇,-0.4821,-0.6527,-0.5625
002783,凯龙股份,31.82,True,6.9,7.13,2,0.54,-7.21,-3.22,-3.2,0.0,2026-07-22,2026-07-22,34.03,0.5382,-0.2571,0.4062,0.4201,0.534,0.323,0.2304,-0.7283,0.1359,多周期共振看空 ⬇⬇⬇,-0.3685,-0.7223,-0.5625
002786,银宝山新,34.93,True,7.07,7.64,3,3.71,-8.44,-3.89,-7.5,0.0,2026-07-22,2026-07-22,38.44,0.5026,-0.2985,0.5608,0.3822,0.6319,0.0654,0.2298,-0.5837,0.2082,多周期共振看空 ⬇⬇⬇,-0.5227,-0.2723,-0.5625
000877,天山股份,257.4,True,3.62,3.68,1,0.32,-9.28,-4.72,-1.51,0.0,2026-07-22,2026-07-22,47.83,0.0323,-0.2595,0.2584,0.1156,0.8406,0.5694,0.2296,-0.8127,0.0937,多周期共振看空 ⬇⬇⬇,-0.5527,-0.75,-0.5625
002600,领益智造,873.35,True,12.13,14.89,10,16.3,-26.88,-4.19,-18.52,0.0,2026-07-22,2026-07-22,23.94,0.8341,-0.4979,0.8885,0.5013,0.3098,0.0,0.2293,-0.3398,0.3301,多周期共振看空 ⬇⬇⬇,-0.441,-0.2113,-0.1575
000881,中广核技,55.4,True,6.13,6.28,0,-1.3,-12.95,-5.87,-2.32,0.0,2026-07-22,2026-07-22,36.56,0.5446,-0.5638,0.2865,0.3267,0.5902,0.5225,0.2293,-0.8147,0.0927,多周期共振看空 ⬇⬇⬇,-0.6115,-0.7038,-0.5625
002406,远东传动,37.1,True,6.16,6.41,1,1.36,-13.27,-5.34,-3.95,0.0,2026-07-22,2026-07-22,44.55,0.3881,-0.493,0.4351,0.2357,0.7677,0.2749,0.2289,-0.6867,0.1567,多周期共振看空 ⬇⬇⬇,-0.664,-0.3775,-0.5625
001285,瑞立科密,16.23,True,39.1,40.75,1,0.03,-9.59,-4.55,-4.06,0.0,2026-07-22,2026-07-22,31.06,0.5347,-0.4322,0.3725,0.348,0.4681,0.3791,0.2289,-0.5903,0.2048,周线日线共振看空,-0.5409,-0.45,
002348,高乐股份,85.2,True,9.43,10.48,2,1.8,-18.35,-8.52,-10.01,0.0,2026-07-22,2026-07-22,37.26,-0.4254,-0.2833,0.6788,0.0867,0.6057,0.0,0.2288,-0.0353,0.4824,月线看多，中短期调整中,-0.5094,-0.1813,0.45
002488,金固股份,83.27,True,9.05,8.92,4,1.55,-11.84,-4.88,1.51,0.0083,2026-07-20,2026-07-22,48.45,-0.0677,0.0613,0.5019,0.2245,0.8545,0.1635,0.2286,-0.7063,0.1468,多周期共振看空 ⬇⬇⬇,-0.5005,-0.6283,-0.495
001367,海森药业,21.37,True,17.57,18.89,5,4.21,-8.1,-3.04,-7.01,0.0,2026-07-22,2026-07-22,37.55,0.5581,-0.1698,0.4936,0.467,0.6123,0.1773,0.2284,-0.7964,0.1018,多周期共振看空 ⬇⬇⬇,-0.6724,-0.6115,-0.5625
002540,亚太科技,39.31,True,4.58,4.73,2,0.79,-9.48,-3.4,-3.09,0.0,2026-07-22,2026-07-22,41.49,-0.3954,0.1109,0.2915,0.2444,0.6998,0.5142,0.2283,-0.8155,0.0922,多周期共振看空 ⬇⬇⬇,-0.5599,-0.75,-0.5625
002420,毅昌科技,19.55,True,4.83,5.33,2,4.36,-9.38,-3.71,-9.38,0.0,2026-07-22,2026-07-22,33.33,0.7123,-0.1907,0.4254,0.5511,0.5185,0.291,0.2282,-0.9111,0.0444,多周期共振看空 ⬇⬇⬇,-0.848,-0.7131,-0.5625
002771,真视通,19.84,True,11.37,12.53,1,1.23,-18.69,-9.49,-9.23,0.0,2026-07-22,2026-07-22,39.6,0.6115,-0.3328,0.6287,0.4338,0.6577,0.0,0.228,-0.6591,0.1704,多周期共振看空 ⬇⬇⬇,-0.5364,-0.4264,-0.5625
002470,金正大,60.46,True,1.84,1.94,0,-2.06,-10.18,-6.46,-5.18,0.0,2026-07-22,2026-07-22,29.09,0.7191,-0.4526,0.5141,0.4504,0.4242,0.1432,0.228,-0.5203,0.2399,多周期共振看空 ⬇⬇⬇,-0.443,-0.6006,-0.1631
001267,汇绿生态,194.8,True,32.01,43.83,4,12.45,-32.71,-12.8,-26.97,0.0,2026-07-22,2026-07-22,20.92,0.6061,-0.4634,0.7516,0.3783,0.2428,0.0,0.2278,-0.0741,0.4629,月线看多，中短期调整中,-0.693,-0.209,0.45
001323,慕思股份,48.4,True,15.55,16.27,1,1.87,-14.4,-6.04,-4.44,0.0,2026-07-22,2026-07-22,37.44,-0.3364,1.4414,0.3674,0.4,0.6097,0.3876,0.2278,-0.8597,0.0701,多周期共振看空 ⬇⬇⬇,-0.673,-0.75,-0.5625
002722,物产金轮,25.48,True,11.46,11.92,3,2.14,-7.8,-2.8,-3.83,0.0,2026-07-22,2026-07-22,41.81,-0.2244,-0.0718,0.284,0.1713,0.7069,0.5267,0.2275,-0.7239,0.1381,多周期共振看空 ⬇⬇⬇,-0.4576,-0.6363,-0.5625
002913,奥士康,134.09,True,43.9,53.8,7,16.96,-31.08,-7.24,-18.4,0.0,2026-07-22,2026-07-22,29.25,-0.2557,-0.0432,0.8391,0.1827,0.4277,0.0,0.2274,0.0133,0.5067,多周期方向不一致，观望,-0.4597,0.0025,0.45
002975,博杰股份,117.3,True,85.4,117.33,6,13.62,-33.85,-9.74,-27.22,0.0,2026-07-22,2026-07-22,29.76,0.1787,-0.3311,1.0243,0.1748,0.4392,0.0,0.2273,0.0118,0.5059,多周期方向不一致，观望,-0.501,0.0313,0.45
003022,联泓新科,243.93,True,18.28,21.88,4,7.23,-22.95,-10.79,-16.44,0.0,2026-07-22,2026-07-22,24.38,0.5739,-0.5934,0.5725,0.3443,0.3195,0.0458,0.2273,-0.1525,0.4238,多周期方向不一致，观望,-0.6255,-0.134,0.0
002028,思源电气,942.29,True,154.27,162.08,1,1.83,-13.5,-6.85,-4.82,0.0,2026-07-22,2026-07-22,49.69,-0.1661,-0.4776,0.6576,0.009,0.8819,0.0,0.227,-0.2566,0.3717,月线震荡，中短期走弱,-0.3809,-0.6485,0.1125
002843,泰嘉股份,44.71,True,17.87,20.98,9,10.75,-22.38,-3.4,-14.84,0.0,2026-07-22,2026-07-22,30.17,0.3569,0.1265,0.7663,0.4647,0.4482,0.0,0.2269,-0.4662,0.2669,多周期共振看空 ⬇⬇⬇,-0.479,-0.3441,-0.27
002235,安妮股份,39.08,True,7.06,8.49,10,10.43,-17.77,-4.69,-16.85,0.0,2026-07-22,2026-07-22,34.71,0.3735,-0.0463,0.8027,0.4056,0.549,0.0,0.2268,-0.4936,0.2532,多周期共振看空 ⬇⬇⬇,-0.4233,-0.3845,-0.3375
002972,科安达,17.49,True,12.99,16.89,13,29.55,-24.69,5.65,-23.09,0.0,2026-07-22,2026-07-22,16.07,0.0079,0.0535,0.7059,0.2261,0.1349,0.0,0.2258,0.2824,0.6412,上升趋势中的日线回调（关注买点）,-0.2365,0.7021,0.45
002927,泰永长征,29.82,True,13.51,16.94,2,2.64,-23.27,-12.64,-20.26,0.0,2026-07-22,2026-07-22,17.21,0.7867,-0.7406,0.4964,0.472,0.1602,0.1727,0.2256,-0.2807,0.3597,月线震荡，中短期走弱,-0.6975,-0.2331,-0.1125
002378,章源钨业,271.29,True,22.7,29.02,6,15.49,-28.85,-10.34,-21.78,0.0,2026-07-22,2026-07-22,14.22,0.8381,-0.7465,0.7298,0.5028,0.0938,0.0,0.2255,-0.1135,0.4432,月线看多，中短期调整中,-0.492,-0.4113,0.2925
002522,浙江众成,39.1,True,4.32,5.84,6,14.96,-29.54,-12.89,-25.97,0.0,2026-07-22,2026-07-22,12.1,0.9041,-0.4701,0.7559,0.5544,0.0467,0.0,0.2253,-0.1405,0.4297,多周期方向不一致，观望,-0.561,-0.1367,0.0
002140,东华科技,61.02,True,8.63,8.97,0,-1.33,-8.42,-4.68,-3.82,0.0,2026-07-22,2026-07-22,35.47,0.1183,-0.0189,0.2455,0.2634,0.5659,0.5908,0.2247,-0.7757,0.1122,多周期共振看空 ⬇⬇⬇,-0.6118,-0.6854,-0.495
000420,吉林化纤,88.74,True,3.61,3.85,0,-0.52,-12.03,-6.17,-6.17,0.0,2026-07-22,2026-07-22,29.09,0.6713,-0.4172,0.4006,0.4359,0.4242,0.3324,0.2246,-0.676,0.162,多周期共振看空 ⬇⬇⬇,-0.7479,-0.5071,-0.3375
002706,良信股份,81.11,True,8.87,10.02,0,-6.07,-15.13,-10.36,-11.51,0.0,2026-07-22,2026-07-22,36.23,0.3491,-0.4406,0.628,0.2332,0.5829,0.0,0.2245,-0.277,0.3615,月线震荡，中短期走弱,-0.7484,-0.1772,-0.1125
001207,联科科技,41.67,True,14.24,15.14,1,0.25,-14.49,-7.1,-5.93,0.0,2026-07-22,2026-07-22,39.69,0.59,-0.3253,0.5915,0.4239,0.6597,0.0141,0.2243,-0.6864,0.1568,多周期共振看空 ⬇⬇⬇,-0.6775,-0.5904,-0.3375
000819,岳阳兴长,41.95,True,11.46,11.41,1,0.45,-15.25,-8.23,0.45,0.0,2026-07-21,2026-07-22,47.16,-0.2524,-0.0069,0.4193,0.1972,0.8258,0.3011,0.2239,-0.7564,0.1218,多周期共振看空 ⬇⬇⬇,-0.5515,-0.6271,-0.5625
002082,ST万邦,54.23,True,9.55,11.38,4,6.61,-17.63,-7.01,-16.11,0.0,2026-07-22,2026-07-22,38.3,0.0493,3.8412,0.6681,0.4296,0.629,0.0,0.2238,-0.6515,0.1743,多周期共振看空 ⬇⬇⬇,-0.6085,-0.5729,-0.3375
001226,拓山重工,12.6,True,37.14,45.14,3,3.29,-17.8,-6.82,-17.72,0.0,2026-07-22,2026-07-22,32.15,0.3839,-0.7549,0.778,0.2303,0.4921,0.0,0.2235,-0.1713,0.4143,多周期方向不一致，观望,-0.5474,-0.1264,-0.1575
002418,康盛股份,36.14,True,3.18,3.63,2,8.05,-17.51,-10.19,-12.32,0.0,2026-07-22,2026-07-22,26.57,0.855,-0.1811,0.6133,0.6406,0.3683,0.0,0.2233,-0.6804,0.1598,多周期共振看空 ⬇⬇⬇,-0.7785,-0.3331,-0.495
002996,顺博合金,27.64,True,6.03,6.07,5,3.35,-9.15,-2.37,-0.67,0.0527,2026-07-22,2026-07-22,42.95,0.1406,-0.3964,0.4101,0.1258,0.7322,0.3165,0.2227,-0.6784,0.1608,多周期共振看空 ⬇⬇⬇,-0.2512,-0.7131,-0.5625
002669,康达新材,33.33,True,11.01,14.35,7,6.55,-30.65,-11.52,-23.25,0.0,2026-07-22,2026-07-22,11.63,0.9001,-0.6412,0.7514,0.54,0.0362,0.0,0.2227,-0.1261,0.437,多周期方向不一致，观望,-0.4867,-0.1371,0.0
002906,华阳集团,121.55,True,23.17,24.46,1,0.51,-11.55,-5.82,-5.28,0.0,2026-07-22,2026-07-22,35.64,0.6109,-0.6215,0.4593,0.3665,0.5698,0.2345,0.2227,-0.676,0.162,多周期共振看空 ⬇⬇⬇,-0.5213,-0.4763,-0.5625
002224,三 力 士,26.21,True,3.25,3.33,3,1.56,-8.08,-3.22,-2.43,0.0,2026-07-22,2026-07-22,41.46,0.256,-0.3933,0.3033,0.1963,0.6992,0.4945,0.2224,-0.7698,0.1151,多周期共振看空 ⬇⬇⬇,-0.4643,-0.7315,-0.5625
002011,盾安环境,107.21,True,10.1,10.35,3,2.5,-9.49,-3.15,-2.42,0.0,2026-07-22,2026-07-22,34.17,0.3145,-0.2819,0.3661,0.276,0.5371,0.3899,0.2223,-0.6196,0.1902,多周期共振看空 ⬇⬇⬇,-0.2987,-0.5433,-0.5625
001221,悍高集团,13.42,True,37.27,38.71,0,-0.78,-11.61,-7.33,-3.71,0.0,2026-07-22,2026-07-22,40.5,-0.4754,1.8299,0.5703,0.4,0.6779,0.0494,0.2221,-0.7165,0.1417,多周期共振看空 ⬇⬇⬇,-0.6115,-0.7131,-0.3375
002354,天娱数科,101.77,True,6.26,8.2,12,27.24,-23.66,1.43,-23.66,0.0,2026-07-22,2026-07-22,18.81,0.3533,-0.2064,1.0688,0.3294,0.1957,0.0,0.2216,0.0107,0.5053,月线压制，周线反弹受阻,-0.2744,0.4693,-0.1575
000570,苏常柴Ａ,26.06,True,4.69,4.82,3,1.43,-9.57,-3.64,-2.68,0.0,2026-07-22,2026-07-22,44.26,0.0161,-0.2464,0.3341,0.1111,0.7614,0.4432,0.2216,-0.6732,0.1634,多周期共振看空 ⬇⬇⬇,-0.4903,-0.4967,-0.5625
002050,三花智控,1415.94,True,38.36,42.18,3,8.81,-15.37,-4.38,-9.05,0.0,2026-07-22,2026-07-22,36.1,0.6705,-0.4091,0.7305,0.4387,0.58,0.0,0.2215,-0.6256,0.1872,多周期共振看空 ⬇⬇⬇,-0.4824,-0.4665,-0.495
002885,京泉华,60.67,True,25.57,34.29,3,6.98,-35.07,-12.65,-25.42,0.0,2026-07-22,2026-07-22,16.45,0.69,-0.5923,0.7893,0.414,0.1434,0.0,0.2215,-0.0625,0.4688,多周期方向不一致，观望,-0.6795,-0.1421,0.45
002638,勤上股份,45.18,True,3.34,3.79,3,7.62,-15.23,-5.44,-11.84,0.0,2026-07-22,2026-07-22,24.84,0.4374,-0.4146,0.7715,0.2966,0.3297,0.0,0.2205,-0.1061,0.447,月线看多，中短期调整中,-0.7372,-0.3233,0.45
002672,东江环保,28.51,True,3.15,3.39,3,11.53,-10.06,-3.74,-7.16,0.0,2026-07-22,2026-07-22,36.63,0.8139,-0.4699,0.5423,0.5004,0.5919,0.0962,0.2205,-0.8236,0.0882,多周期共振看空 ⬇⬇⬇,-0.5806,-0.75,-0.5625
600055,万东医疗,73.54,True,10.46,10.57,3,2.98,-13.85,-4.43,-1.08,0.0,2026-07-22,2026-07-22,42.8,0.0393,0.0055,0.4092,0.2258,0.729,0.3179,0.2202,-0.7284,0.1358,多周期共振看空 ⬇⬇⬇,-0.3471,-0.7408,-0.5625
000008,神州高铁,61.93,True,2.28,2.38,2,6.93,-9.87,-3.17,-4.3,0.0,2026-07-22,2026-07-22,46.51,0.0553,0.1183,0.5446,0.2805,0.8114,0.0923,0.2197,-0.7383,0.1309,多周期共振看空 ⬇⬇⬇,-0.5808,-0.5623,-0.5625
002983,芯瑞达,22.48,True,17.54,23.04,8,10.8,-27.95,-5.93,-23.87,0.0,2026-07-22,2026-07-22,17.29,0.8012,-0.5292,0.7404,0.4807,0.162,0.0,0.2196,-0.2067,0.3967,月线震荡，中短期走弱,-0.4473,-0.3113,0.0
000521,长虹美菱,41.84,True,4.78,5.39,8,11.21,-11.34,-1.75,-11.34,0.0,2026-07-22,2026-07-22,24.65,0.8167,-0.0813,0.7181,0.6575,0.3256,0.0,0.2195,-0.687,0.1565,多周期共振看空 ⬇⬇⬇,-0.309,-0.6825,-0.5625
002098,浔兴股份,22.05,True,6.16,6.45,3,2.38,-7.83,-3.34,-4.5,0.0,2026-07-22,2026-07-22,39.1,-0.2144,0.0869,0.2918,0.2347,0.6467,0.5136,0.2194,-0.8074,0.0963,多周期共振看空 ⬇⬇⬇,-0.5391,-0.75,-0.5625
000595,宝塔实业,57.16,True,5.02,5.38,2,3.51,-19.33,-11.44,-6.73,0.0,2026-07-22,2026-07-22,40.58,0.2222,-0.1295,0.8997,0.2815,0.6795,0.0,0.2193,-0.5112,0.2444,多周期共振看空 ⬇⬇⬇,-0.738,-0.2209,-0.27
002630,*ST华西,18.3,True,1.7,1.74,3,6.72,-9.29,-3.13,-2.24,0.0,2026-07-22,2026-07-22,42.55,0.3726,-0.5281,0.4302,0.2236,0.7234,0.2831,0.2192,-0.6988,0.1506,多周期共振看空 ⬇⬇⬇,-0.3187,-0.7001,-0.5625
002076,星光股份,18.76,True,1.8,2.13,1,2.37,-17.03,-9.96,-15.51,0.0,2026-07-22,2026-07-22,18.07,0.759,-0.7448,0.6052,0.4554,0.1794,0.0,0.2187,-0.194,0.403,多周期方向不一致，观望,-0.7065,-0.1346,-0.1125
002810,山东赫达,61.0,True,18.89,21.97,11,11.39,-18.8,-4.65,-14.04,0.0,2026-07-22,2026-07-22,19.24,0.433,-0.2687,0.5721,0.3523,0.2053,0.0466,0.2184,-0.1,0.45,月线看多，中短期调整中,-0.5302,-0.314,0.2925
002169,智光电气,80.95,True,10.67,13.1,1,1.36,-22.92,-8.91,-18.54,0.0,2026-07-22,2026-07-22,18.24,0.4616,-0.428,0.4826,0.3058,0.183,0.1957,0.218,-0.1217,0.4391,月线看多，中短期调整中,-0.5236,-0.3417,0.2112
000809,和展能源,23.51,True,2.85,3.1,0,-3.33,-14.96,-10.33,-8.06,0.0,2026-07-22,2026-07-22,32.1,0.3692,-0.7,0.3167,0.2215,0.4911,0.4721,0.218,-0.5778,0.2111,多周期共振看空 ⬇⬇⬇,-0.889,-0.2379,-0.27
000715,中兴商业,21.79,True,4.48,4.73,5,3.62,-6.12,-1.46,-5.25,0.0,2026-07-22,2026-07-22,38.79,0.1572,-0.0609,0.3688,0.27,0.6398,0.3853,0.2175,-0.7679,0.116,多周期共振看空 ⬇⬇⬇,-0.47,-0.7223,-0.5625
000766,通化金马,153.79,True,15.92,18.06,1,8.53,-28.87,-15.44,-11.86,0.0,2026-07-22,2026-07-22,35.37,0.1311,0.3546,0.8843,0.4205,0.5637,0.0,0.2174,-0.61,0.195,多周期共振看空 ⬇⬇⬇,-0.475,-0.371,-0.5625
002046,国机精工,253.53,True,47.82,63.34,11,25.01,-24.5,-1.23,-24.5,0.0,2026-07-22,2026-07-22,19.89,0.3263,-0.3117,0.7961,0.2711,0.2198,0.0,0.2173,0.0405,0.5202,多周期方向不一致，观望,-0.3538,0.0313,0.45
002962,五方光电,24.12,True,11.53,15.62,4,13.58,-31.24,-12.93,-26.2,0.0,2026-07-22,2026-07-22,9.85,0.9232,-0.5247,0.8863,0.5539,0.0,0.0,0.2167,-0.1525,0.4238,多周期方向不一致，观望,-0.615,-0.1433,0.0
002896,中大力德,122.83,True,62.5,72.86,2,6.15,-16.86,-6.58,-14.22,0.0,2026-07-22,2026-07-22,32.67,0.7849,-0.5456,0.7704,0.471,0.5038,0.0,0.2162,-0.6282,0.1859,多周期共振看空 ⬇⬇⬇,-0.5289,-0.3649,-0.5625
002559,亚威股份,45.11,True,8.95,11.77,13,39.24,-24.94,3.94,-23.94,0.0,2026-07-22,2026-07-22,9.96,0.5601,-0.0553,1.0412,0.5139,0.0,0.0,0.2159,-0.0949,0.4526,多周期方向不一致，观望,-0.2238,-0.0677,-0.1575
000635,英 力 特,21.31,True,5.81,6.05,0,-2.18,-9.88,-5.95,-3.92,0.0,2026-07-22,2026-07-22,31.75,0.4742,-0.4455,0.2729,0.3063,0.4832,0.5451,0.2157,-0.7803,0.1099,多周期共振看空 ⬇⬇⬇,-0.4695,-0.75,-0.5625
002401,中远海科,42.11,True,11.34,11.63,1,0.0,-8.09,-4.52,-2.46,0.0,2026-07-22,2026-07-22,43.24,0.1369,-0.3097,0.2792,0.1583,0.7387,0.5347,0.2147,-0.8502,0.0749,多周期共振看空 ⬇⬇⬇,-0.6487,-0.75,-0.5625
002434,万里扬,68.84,True,5.25,5.89,1,0.8,-13.69,-8.37,-10.84,0.0,2026-07-22,2026-07-22,31.51,0.3137,0.5425,0.5021,0.5882,0.4779,0.1631,0.2144,-0.9297,0.0352,多周期共振看空 ⬇⬇⬇,-0.8525,-0.75,-0.5625
600105,永鼎股份,0.0,True,35.58,51.2,7,29.83,-33.29,-8.21,-30.51,0.0,2026-07-22,2026-07-22,23.23,0.0501,-0.035,1.0135,0.2161,0.294,0.0,0.2144,0.0168,0.5084,多周期方向不一致，观望,-0.4418,0.0025,0.45
002654,万润科技,99.99,True,11.83,17.17,10,29.56,-35.02,-1.52,-31.1,0.0,2026-07-22,2026-07-22,17.47,0.5028,-0.3501,0.987,0.3616,0.166,0.0,0.2142,-0.0639,0.4681,多周期方向不一致，观望,-0.294,-0.0289,0.0
002106,莱宝高科,66.54,True,9.44,12.73,9,27.69,-28.0,-6.43,-25.86,0.0,2026-07-22,2026-07-22,14.27,0.7786,-0.6926,1.0092,0.4672,0.0949,0.0,0.2141,-0.1487,0.4256,月线震荡，中短期走弱,-0.3773,-0.1763,0.0
000534,万泽股份,122.47,True,24.37,27.98,4,8.25,-16.71,-5.83,-12.91,0.0,2026-07-22,2026-07-22,30.27,0.4871,-0.6094,0.7083,0.2923,0.4504,0.0,0.2138,-0.2974,0.3513,月线震荡，中短期走弱,-0.5223,-0.6023,0.0504
002824,和胜股份,54.01,True,23.88,29.45,8,33.14,-33.44,-5.7,-18.92,0.0,2026-07-22,2026-07-22,26.03,0.1716,-0.3529,0.8035,0.1618,0.3562,0.0,0.2134,0.0211,0.5105,多周期方向不一致，观望,-0.432,0.0129,0.45
001211,双枪科技,17.0,True,18.21,21.76,0,-9.74,-24.82,-20.06,-16.31,0.0,2026-07-22,2026-07-22,23.09,-0.0047,1.0061,0.7026,0.4,0.2909,0.0,0.2131,-0.2845,0.3578,月线震荡，中短期走弱,-0.7515,-0.1998,-0.1125
001301,尚太科技,132.91,True,51.1,56.36,5,3.47,-21.27,-7.98,-9.33,0.0,2026-07-22,2026-07-22,26.39,-0.4631,-0.0288,0.6644,0.1885,0.3643,0.0,0.213,-0.0344,0.4828,月线看多，中短期调整中,-0.5076,-0.1788,0.45
002202,金风科技,588.95,True,17.51,20.97,6,10.16,-21.66,-5.21,-16.51,0.0,2026-07-22,2026-07-22,27.44,0.7289,-0.3828,0.9095,0.4842,0.3876,0.0,0.2124,-0.5407,0.2297,多周期共振看空 ⬇⬇⬇,-0.4925,-0.4286,-0.3375
002733,雄韬股份,65.95,True,17.88,24.69,2,5.32,-32.82,-18.39,-27.59,0.0,2026-07-22,2026-07-22,19.84,0.5971,-0.4062,0.7926,0.3958,0.2188,0.0,0.2123,-0.1972,0.4014,月线震荡，中短期走弱,-0.657,-0.1525,0.0527
000949,新乡化纤,95.74,True,5.78,5.93,4,7.46,-20.22,-7.12,-2.51,0.0,2026-07-22,2026-07-22,35.05,-0.1453,0.2496,0.7092,0.2999,0.5566,0.0,0.2121,-0.4508,0.2746,多周期共振看空 ⬇⬇⬇,-0.3125,-0.4887,-0.2342
002099,海翔药业,80.52,True,4.98,5.24,7,3.26,-5.11,-1.35,-4.94,0.0267,2026-07-22,2026-07-22,34.81,0.1114,-0.2632,0.4145,0.1616,0.5514,0.3092,0.2117,-0.5384,0.2308,多周期共振看空 ⬇⬇⬇,-0.3765,-0.523,-0.3375
002951,金时科技,44.97,True,11.21,13.42,2,8.39,-22.66,-12.78,-16.49,0.0,2026-07-22,2026-07-22,37.69,0.5537,-0.5507,0.7942,0.3322,0.6154,0.0,0.2116,-0.5774,0.2113,多周期共振看空 ⬇⬇⬇,-0.569,-0.2863,-0.495
002430,杭氧股份,222.68,True,22.77,26.58,8,18.77,-16.97,-1.34,-14.34,0.0,2026-07-22,2026-07-22,22.73,0.851,-0.5931,0.7058,0.5106,0.2829,0.0,0.2115,-0.4642,0.2679,多周期共振看空 ⬇⬇⬇,-0.4018,-0.4509,-0.225
000953,中哲精化,18.31,True,5.0,5.3,3,4.4,-10.63,-4.5,-5.58,0.0,2026-07-22,2026-07-22,38.24,0.1737,-0.0237,0.4049,0.2948,0.6275,0.3252,0.2113,-0.7945,0.1028,多周期共振看空 ⬇⬇⬇,-0.5382,-0.7223,-0.5625
001225,和泰机电,7.55,True,35.89,39.18,1,1.89,-14.37,-6.14,-8.4,0.0,2026-07-22,2026-07-22,31.96,0.2569,0.2344,0.5556,0.4479,0.488,0.074,0.2112,-0.6717,0.1642,多周期共振看空 ⬇⬇⬇,-0.5626,-0.4991,-0.495
002249,大洋电机,126.18,True,6.77,7.36,3,8.72,-11.82,-5.93,-7.98,0.0,2026-07-22,2026-07-22,40.48,0.432,-0.0741,0.6926,0.4295,0.6772,0.0,0.2111,-0.8108,0.0946,多周期共振看空 ⬇⬇⬇,-0.6587,-0.6548,-0.5625
002801,微光股份,30.31,True,26.17,27.66,2,4.63,-11.29,-5.13,-5.39,0.0,2026-07-22,2026-07-22,34.95,0.6939,-0.5153,0.5176,0.4164,0.5543,0.1374,0.2111,-0.7527,0.1236,多周期共振看空 ⬇⬇⬇,-0.5636,-0.6087,-0.5625
003036,泰坦股份,110.05,True,50.81,77.32,7,18.42,-34.29,-8.81,-34.29,0.0,2026-07-22,2026-07-22,21.24,0.1299,-0.4579,0.891,0.0948,0.2498,0.0,0.2109,0.2356,0.6178,上升趋势中的日线回调（关注买点）,-0.4687,0.6313,0.5625
002136,安 纳 达,24.41,True,11.38,12.3,7,6.12,-14.8,-3.98,-7.51,0.0,2026-07-22,2026-07-22,20.06,0.5957,-0.6676,0.374,0.3574,0.2236,0.3766,0.2108,-0.455,0.2725,多周期共振看空 ⬇⬇⬇,-0.5377,-0.2691,-0.27
002827,高争民爆,65.88,True,23.87,23.97,3,2.51,-9.91,-4.36,-0.43,0.0,2026-07-22,2026-07-22,45.36,0.3662,-0.6647,0.4407,0.2197,0.7858,0.2655,0.2106,-0.822,0.089,多周期共振看空 ⬇⬇⬇,-0.5764,-0.75,-0.5625
002845,同兴达,29.9,True,11.95,14.86,8,5.5,-19.57,-3.59,-19.57,0.0,2026-07-22,2026-07-22,23.35,0.3686,-0.3068,0.7602,0.2984,0.2967,0.0,0.2103,-0.1512,0.4244,多周期方向不一致，观望,-0.4927,-0.085,-0.1575
002021,中捷资源,26.18,True,2.19,2.42,4,1.8,-9.56,-3.32,-9.56,0.0,2026-07-22,2026-07-22,30.38,0.6618,-0.5325,0.472,0.3971,0.4529,0.2133,0.2102,-0.668,0.166,多周期共振看空 ⬇⬇⬇,-0.5411,-0.6669,-0.3375
002715,登云股份,16.97,True,12.3,13.78,8,8.18,-10.72,-3.14,-10.71,0.0,2026-07-22,2026-07-22,41.9,0.479,-0.3445,0.6537,0.3496,0.7089,0.0,0.2101,-0.7293,0.1354,多周期共振看空 ⬇⬇⬇,-0.548,-0.5706,-0.5625
001326,联域股份,10.76,True,44.79,55.06,1,0.64,-19.2,-11.22,-18.66,0.0,2026-07-22,2026-07-22,23.53,0.368,-0.4276,0.5323,0.2498,0.3008,0.1128,0.21,-0.1704,0.4148,月线震荡，中短期走弱,-0.5654,-0.1633,0.0751
002094,青岛金王,29.28,True,4.24,4.37,1,0.98,-11.13,-5.27,-3.03,0.0,2026-07-22,2026-07-22,39.05,0.1295,-0.1543,0.3073,0.2159,0.6455,0.4878,0.21,-0.8301,0.085,多周期共振看空 ⬇⬇⬇,-0.5972,-0.75,-0.5625
002806,华锋股份,21.01,True,12.07,16.38,4,9.34,-27.53,-11.17,-26.29,0.0,2026-07-22,2026-07-22,5.08,0.7643,-0.6021,0.5518,0.4586,0.0,0.0804,0.2087,-0.1286,0.4357,多周期方向不一致，观望,-0.552,-0.0921,0.0
001223,欧克科技,19.5,True,27.93,39.23,6,14.85,-32.4,-11.53,-28.81,0.0,2026-07-22,2026-07-22,4.01,0.8351,-0.5194,0.6855,0.5011,0.0,0.0,0.2086,-0.133,0.4335,多周期方向不一致，观望,-0.5565,-0.1074,0.0
002080,中材科技,840.4,True,50.08,73.68,9,35.18,-34.33,-2.35,-32.03,0.0,2026-07-22,2026-07-22,23.23,0.159,-0.3077,1.0233,0.1723,0.2939,0.0,0.2084,0.0389,0.5194,多周期方向不一致，观望,-0.3727,0.0406,0.45
002296,辉煌科技,29.52,True,8.5,8.82,0,-0.65,-9.64,-3.93,-3.67,0.0,2026-07-22,2026-07-22,38.93,0.4128,-0.5315,0.382,0.2477,0.643,0.3633,0.2082,-0.7927,0.1037,多周期共振看空 ⬇⬇⬇,-0.6555,-0.6854,-0.495
002031,巨轮智能,101.17,True,4.6,5.36,2,5.23,-16.17,-6.67,-14.11,0.0,2026-07-22,2026-07-22,32.46,0.8082,-0.5434,0.7583,0.4849,0.499,0.0,0.2076,-0.7137,0.1431,多周期共振看空 ⬇⬇⬇,-0.6311,-0.4652,-0.5625
600078,澄星股份,60.29,True,9.1,11.65,7,15.09,-26.34,-9.56,-21.92,0.0,2026-07-22,2026-07-22,18.7,0.8836,-0.7397,0.6987,0.5301,0.1933,0.0,0.2072,-0.4226,0.2887,多周期共振看空 ⬇⬇⬇,-0.6008,-0.2563,-0.1575
002392,北京利尔,78.6,True,6.79,7.58,7,11.93,-15.17,-3.74,-10.38,0.0,2026-07-22,2026-07-22,21.24,0.9013,-0.8236,0.7459,0.5408,0.2498,0.0,0.2067,-0.5113,0.2444,多周期共振看空 ⬇⬇⬇,-0.566,-0.2112,-0.4275
002105,信隆健康,17.17,True,4.71,5.02,3,5.26,-9.24,-4.11,-6.24,0.0,2026-07-22,2026-07-22,41.05,0.1713,-0.1288,0.419,0.2512,0.6901,0.3016,0.2065,-0.8196,0.0902,多周期共振看空 ⬇⬇⬇,-0.6134,-0.7131,-0.5625
001378,德冠新材,13.6,True,16.12,19.02,9,9.22,-15.25,-2.3,-15.25,0.0,2026-07-22,2026-07-22,29.82,0.4305,-0.3365,0.7314,0.3237,0.4404,0.0,0.2064,-0.3948,0.3026,多周期共振看空 ⬇⬇⬇,-0.4667,-0.1977,-0.27
002624,完美世界,187.34,True,10.25,11.38,0,-1.97,-14.04,-7.66,-9.97,0.0,2026-07-22,2026-07-22,29.37,0.6849,-0.1736,0.693,0.5415,0.4303,0.0,0.2062,-0.7329,0.1336,多周期共振看空 ⬇⬇⬇,-0.4806,-0.7038,-0.495
002360,ST同德,16.21,True,4.98,5.15,9,14.24,-18.32,-2.51,-3.39,0.0,2026-07-22,2026-07-22,46.62,0.2741,-0.4964,0.8103,0.1659,0.8139,0.0,0.2062,-0.5927,0.2036,多周期共振看空 ⬇⬇⬇,-0.4146,-0.6098,-0.3375
002370,亚太药业,34.97,True,4.69,5.36,13,8.43,-12.51,-0.32,-12.51,0.0,2026-07-22,2026-07-22,26.18,0.5387,-0.0082,0.7628,0.5199,0.3596,0.0,0.2062,-0.6141,0.193,多周期共振看空 ⬇⬇⬇,-0.3082,-0.5229,-0.5625
002342,巨力索具,67.21,True,7.04,9.43,6,10.92,-29.21,-7.83,-25.32,0.0,2026-07-22,2026-07-22,21.85,0.6115,-0.0114,1.019,0.5624,0.2633,0.0,0.2059,-0.5684,0.2158,多周期共振看空 ⬇⬇⬇,-0.57,-0.4231,-0.3375
000727,冠捷科技,96.93,True,2.14,2.39,0,-2.03,-14.34,-8.87,-10.46,0.0,2026-07-22,2026-07-22,15.87,0.8927,-0.6081,0.4606,0.5356,0.1305,0.2323,0.2058,-0.553,0.2235,多周期共振看空 ⬇⬇⬇,-0.747,-0.2602,-0.315
002228,合兴包装,34.83,True,2.88,3.02,4,3.04,-6.32,-2.32,-4.59,0.0,2026-07-22,2026-07-22,42.55,-0.1649,-0.1508,0.3743,0.1397,0.7234,0.3761,0.2053,-0.7503,0.1249,多周期共振看空 ⬇⬇⬇,-0.482,-0.7408,-0.495
002530,金财互联,45.67,True,6.57,6.72,0,-1.12,-10.47,-6.01,-2.25,0.0,2026-07-22,2026-07-22,40.74,0.3234,-0.5445,0.3477,0.194,0.6831,0.4205,0.2052,-0.8247,0.0877,多周期共振看空 ⬇⬇⬇,-0.6265,-0.7131,-0.5625
002358,森源电气,46.49,True,5.0,5.32,0,-2.38,-9.9,-6.28,-6.0,0.0,2026-07-22,2026-07-22,27.93,0.4041,-0.3749,0.2981,0.2925,0.3984,0.5032,0.2043,-0.7141,0.143,多周期共振看空 ⬇⬇⬇,-0.7,-0.6319,-0.3375
002564,天沃科技,34.61,True,4.03,4.25,0,-2.67,-10.09,-6.32,-5.08,0.0,2026-07-22,2026-07-22,36.8,0.4746,-0.5504,0.3801,0.2847,0.5956,0.3666,0.2042,-0.8301,0.085,多周期共振看空 ⬇⬇⬇,-0.6188,-0.7315,-0.5625
600099,林海股份,16.65,True,7.6,8.15,2,0.79,-10.3,-4.75,-6.78,0.0,2026-07-22,2026-07-22,36.6,-0.3607,0.1928,0.3961,0.2771,0.5912,0.3398,0.2039,-0.7934,0.1033,多周期共振看空 ⬇⬇⬇,-0.6775,-0.6006,-0.5625
002164,宁波东力,50.42,True,10.51,11.31,1,0.17,-13.25,-8.08,-7.09,0.0,2026-07-22,2026-07-22,35.71,0.7189,-0.5776,0.6176,0.4314,0.5714,0.0,0.2039,-0.745,0.1275,多周期共振看空 ⬇⬇⬇,-0.6543,-0.514,-0.5625
001296,长江材料,12.17,True,15.78,18.35,5,8.71,-14.83,-4.3,-14.02,0.0,2026-07-22,2026-07-22,33.08,0.8349,-0.8522,0.6851,0.5009,0.513,0.0,0.2037,-0.7871,0.1064,多周期共振看空 ⬇⬇⬇,-0.5657,-0.75,-0.495
002510,天汽模,52.85,True,5.26,5.38,0,-2.32,-15.05,-7.59,-2.32,0.0,2026-07-22,2026-07-22,33.55,0.3854,-0.1942,0.5281,0.3535,0.5233,0.1198,0.2037,-0.6597,0.1702,多周期共振看空 ⬇⬇⬇,-0.4434,-0.5074,-0.5625
002615,哈尔斯,18.79,True,6.22,6.88,7,7.01,-16.95,-4.66,-9.53,0.0,2026-07-22,2026-07-22,30.69,0.659,-0.3355,0.6523,0.4612,0.4598,0.0,0.2032,-0.6639,0.168,多周期共振看空 ⬇⬇⬇,-0.521,-0.4501,-0.5625
000158,常山北明,197.22,True,12.42,12.79,0,-2.09,-13.58,-7.03,-2.87,0.0,2026-07-22,2026-07-22,41.24,0.1489,-0.2763,0.403,0.1788,0.6943,0.3283,0.2031,-0.7567,0.1216,多周期共振看空 ⬇⬇⬇,-0.4307,-0.7315,-0.5625
002469,三维化学,34.91,True,5.55,5.68,0,-1.3,-12.52,-6.88,-2.3,0.0,2026-07-22,2026-07-22,33.33,0.505,-0.5266,0.3462,0.303,0.5185,0.4231,0.203,-0.8219,0.0891,多周期共振看空 ⬇⬇⬇,-0.6085,-0.7222,-0.5625
002908,德生科技,20.28,True,6.3,6.44,0,-0.53,-10.21,-4.79,-2.11,0.0,2026-07-22,2026-07-22,40.88,0.2673,-0.3838,0.3804,0.2068,0.6861,0.366,0.2028,-0.8245,0.0877,多周期共振看空 ⬇⬇⬇,-0.5829,-0.75,-0.5625
000012,南  玻Ａ,73.47,True,3.73,4.33,10,16.58,-15.95,-2.28,-13.87,0.0,2026-07-22,2026-07-22,19.71,0.8981,-0.5845,0.7093,0.5389,0.2158,0.0,0.2027,-0.4998,0.2501,多周期共振看空 ⬇⬇⬇,-0.3264,-0.3687,-0.45
002658,雪迪龙,24.74,True,6.9,7.55,8,5.4,-13.3,-4.19,-8.55,0.0,2026-07-22,2026-07-22,17.83,0.8495,-0.5116,0.4457,0.5097,0.1739,0.2572,0.2024,-0.6105,0.1947,多周期共振看空 ⬇⬇⬇,-0.6135,-0.4785,-0.3375
002748,世龙实业,22.58,True,9.41,10.73,11,8.8,-12.28,-0.76,-12.28,0.0,2026-07-22,2026-07-22,33.41,0.5153,-0.5344,0.5219,0.3092,0.5202,0.1302,0.2023,-0.6046,0.1977,多周期共振看空 ⬇⬇⬇,-0.3738,-0.5134,-0.495
002790,瑞尔特,13.56,True,5.2,5.49,2,2.17,-9.39,-3.9,-5.33,0.0,2026-07-22,2026-07-22,38.41,0.122,-0.1929,0.3148,0.196,0.6312,0.4753,0.2022,-0.8334,0.0833,多周期共振看空 ⬇⬇⬇,-0.6058,-0.75,-0.5625
000678,襄阳轴承,35.21,True,7.66,8.36,0,-1.22,-19.97,-10.58,-8.32,0.0,2026-07-22,2026-07-22,34.06,0.8357,-0.6888,0.6026,0.5014,0.5346,0.0,0.2021,-0.827,0.0865,多周期共振看空 ⬇⬇⬇,-0.6775,-0.6744,-0.5625
002335,科华数据,202.27,True,30.66,36.04,5,12.12,-20.36,-5.83,-14.93,0.0,2026-07-22,2026-07-22,19.63,0.7748,-0.2114,0.6555,0.5803,0.2139,0.0,0.2018,-0.5711,0.2144,多周期共振看空 ⬇⬇⬇,-0.6368,-0.3269,-0.3825
002498,汉缆股份,178.65,True,5.37,6.11,0,-6.71,-16.32,-11.71,-12.11,0.0,2026-07-22,2026-07-22,22.33,0.1274,-0.4144,0.3668,0.1107,0.274,0.3886,0.2018,-0.2024,0.3988,月线看多，中短期调整中,-0.7875,-0.469,0.18
002097,山河智能,72.62,True,6.77,7.07,0,-4.12,-11.39,-7.21,-4.24,0.0,2026-07-22,2026-07-22,34.46,0.0863,0.0127,0.3136,0.2569,0.5436,0.4774,0.2016,-0.8325,0.0837,多周期共振看空 ⬇⬇⬇,-0.625,-0.7315,-0.5625
003028,振邦智能,14.15,True,20.01,22.03,2,2.18,-13.12,-6.68,-9.17,0.0,2026-07-22,2026-07-22,35.75,0.5572,-0.3573,0.5208,0.3914,0.5722,0.1319,0.2015,-0.8064,0.0968,多周期共振看空 ⬇⬇⬇,-0.8525,-0.479,-0.5625
003021,兆威机电,159.73,True,77.02,85.31,2,5.51,-15.88,-7.56,-9.72,0.0,2026-07-22,2026-07-22,35.22,0.7078,-0.6177,0.797,0.4247,0.5605,0.0,0.2015,-0.7402,0.1299,多周期共振看空 ⬇⬇⬇,-0.5424,-0.5994,-0.5625
002799,环球印务,18.63,True,5.82,6.1,3,2.9,-10.91,-5.56,-4.6,0.0,2026-07-22,2026-07-22,41.48,0.0179,-0.1729,0.3343,0.1416,0.6995,0.4428,0.2014,-0.8089,0.0956,多周期共振看空 ⬇⬇⬇,-0.5988,-0.7021,-0.5625
002917,金奥博,24.67,True,9.47,10.17,0,-1.31,-14.83,-7.79,-6.88,0.0,2026-07-22,2026-07-22,27.7,0.6844,-0.5557,0.3797,0.4106,0.3934,0.3672,0.2012,-0.8136,0.0932,多周期共振看空 ⬇⬇⬇,-0.682,-0.641,-0.5625
002254,泰和新材,94.59,True,11.12,14.82,6,21.11,-28.78,-10.29,-24.95,0.0,2026-07-22,2026-07-22,8.01,0.7472,-0.696,0.6789,0.4483,0.0,0.0,0.2008,-0.1107,0.4446,多周期方向不一致，观望,-0.483,-0.0725,0.0
001696,宗申动力,129.7,True,14.55,18.72,6,30.36,-25.73,-6.3,-22.25,0.0,2026-07-22,2026-07-22,24.83,0.8042,-0.6169,0.7437,0.4825,0.3295,0.0,0.2007,-0.5615,0.2193,多周期共振看空 ⬇⬇⬇,-0.4875,-0.3662,-0.45
002753,永东股份,16.92,True,5.72,5.88,4,1.46,-10.25,-3.43,-2.64,0.0,2026-07-22,2026-07-22,44.76,0.0286,-0.4496,0.3516,0.0373,0.7725,0.414,0.2006,-0.7127,0.1436,多周期共振看空 ⬇⬇⬇,-0.3553,-0.6993,-0.5625
000880,潍柴重机,47.77,True,21.04,22.52,1,1.02,-14.12,-7.09,-6.56,0.0,2026-07-22,2026-07-22,42.4,0.3807,-0.6705,0.5928,0.2284,0.7201,0.0121,0.2005,-0.635,0.1825,多周期共振看空 ⬇⬇⬇,-0.5206,-0.3868,-0.5625
002526,山东矿机,43.92,True,2.48,2.55,0,-0.9,-12.37,-5.85,-2.94,0.0,2026-07-22,2026-07-22,39.44,0.3248,-0.4591,0.3469,0.2112,0.6541,0.4218,0.2001,-0.8597,0.0701,多周期共振看空 ⬇⬇⬇,-0.673,-0.75,-0.5625
600072,中船科技,89.16,True,8.23,8.4,0,-0.4,-13.52,-7.76,-2.06,0.0,2026-07-22,2026-07-22,43.49,0.2858,-0.2914,0.5468,0.2549,0.7443,0.0887,0.1996,-0.7749,0.1125,多周期共振看空 ⬇⬇⬇,-0.6205,-0.6087,-0.5625
002283,天润工业,74.41,True,7.42,8.98,3,3.64,-21.75,-8.0,-17.37,0.0,2026-07-22,2026-07-22,31.43,0.1669,-0.6823,0.7014,0.1001,0.4763,0.0,0.1993,-0.1377,0.4312,月线看多，中短期调整中,-0.6868,-0.2471,0.18
000637,茂化实华,12.36,True,3.39,3.56,3,1.78,-11.38,-5.08,-4.9,0.0,2026-07-22,2026-07-22,35.63,0.052,-0.0803,0.3482,0.1991,0.5696,0.4197,0.1991,-0.7454,0.1273,多周期共振看空 ⬇⬇⬇,-0.5794,-0.6467,-0.495
002403,爱仕达,23.33,True,7.85,9.36,7,20.52,-16.15,-3.88,-16.15,0.0,2026-07-22,2026-07-22,29.67,0.4922,0.0747,0.8363,0.5252,0.4372,0.0,0.199,-0.7727,0.1136,多周期共振看空 ⬇⬇⬇,-0.6485,-0.5798,-0.5625
000561,烽火电子,54.41,True,7.01,7.19,1,0.84,-7.83,-4.68,-2.45,0.0,2026-07-22,2026-07-22,45.49,0.2019,-0.294,0.5315,0.2035,0.7886,0.1142,0.199,-0.771,0.1145,多周期共振看空 ⬇⬇⬇,-0.4563,-0.7408,-0.5625
002666,德联集团,18.57,True,3.71,3.92,0,-0.11,-8.67,-4.99,-5.39,0.0,2026-07-22,2026-07-22,35.05,-0.4471,0.0671,0.2877,0.2268,0.5567,0.5204,0.1989,-0.8565,0.0717,多周期共振看空 ⬇⬇⬇,-0.6865,-0.7315,-0.5625
002246,北化股份,99.98,True,18.21,18.24,0,-0.16,-12.38,-5.5,-0.16,0.0,2026-07-22,2026-07-22,43.72,-0.1819,-0.3178,0.4491,0.0729,0.7494,0.2514,0.1989,-0.6257,0.1871,多周期共振看空 ⬇⬇⬇,-0.5315,-0.5821,-0.3375
000985,大庆华科,17.61,True,13.58,14.41,1,1.01,-10.2,-5.21,-5.78,0.0,2026-07-22,2026-07-22,37.43,-0.2219,-0.0496,0.3178,0.1802,0.6097,0.4703,0.1985,-0.8079,0.0961,多周期共振看空 ⬇⬇⬇,-0.673,-0.7038,-0.495
002474,榕基软件,29.61,True,5.6,5.69,0,-0.7,-15.78,-8.16,-1.56,0.0,2026-07-22,2026-07-22,42.25,0.0793,-0.2711,0.3469,0.1391,0.7167,0.4218,0.1985,-0.8318,0.0841,多周期共振看空 ⬇⬇⬇,-0.691,-0.6733,-0.5625
002990,盛视科技,67.17,True,48.67,63.75,12,42.8,-25.79,7.57,-23.65,0.0,2026-07-22,2026-07-22,15.49,0.3674,-0.5697,0.8513,0.2204,0.1219,0.0,0.1984,0.0882,0.5441,多周期方向不一致，观望,-0.1638,-0.0344,0.5625
000016,*ST康佳A,39.44,True,2.47,2.45,4,8.58,-23.16,-7.04,0.75,0.0,2026-07-21,2026-07-22,47.68,0.2533,-0.453,0.8017,0.1708,0.8374,0.0,0.1983,-0.6914,0.1543,多周期共振看空 ⬇⬇⬇,-0.3513,-0.656,-0.5625
600067,冠城新材,34.65,True,2.49,2.8,1,5.58,-13.29,-7.41,-11.12,0.0,2026-07-22,2026-07-22,25.26,0.784,-0.6671,0.4337,0.4704,0.3392,0.2772,0.1982,-0.7957,0.1022,多周期共振看空 ⬇⬇⬇,-0.5984,-0.7408,-0.495
600089,XD特变电,999.44,True,19.78,20.5,0,-3.5,-12.94,-7.76,-3.5,0.0,2026-07-22,2026-07-22,31.83,0.2899,-0.5484,0.2965,0.174,0.4851,0.5059,0.1981,-0.6803,0.1598,多周期共振看空 ⬇⬇⬇,-0.566,-0.6725,-0.3375
000792,盐湖股份,1390.61,True,26.28,27.27,4,3.3,-15.82,-6.42,-3.64,0.0,2026-07-22,2026-07-22,29.52,0.3424,-0.2571,0.4514,0.3026,0.4337,0.2477,0.198,-0.619,0.1905,多周期共振看空 ⬇⬇⬇,-0.5292,-0.6098,-0.297
000488,ST晨鸣,32.02,True,1.89,1.95,1,0.73,-10.61,-4.19,-3.18,0.0,2026-07-22,2026-07-22,35.29,-0.0049,-0.14,0.3489,0.144,0.5621,0.4184,0.198,-0.6554,0.1723,多周期共振看空 ⬇⬇⬇,-0.541,-0.6392,-0.3375
001256,炜冈科技,22.6,True,21.14,26.31,14,21.06,-19.64,2.2,-19.64,0.0,2026-07-22,2026-07-22,9.16,0.6092,-0.5285,0.6462,0.3655,0.0,0.0,0.1979,-0.0013,0.4994,多周期方向不一致，观望,-0.2248,0.0372,0.1498
002660,茂硕电源,20.27,True,5.91,6.37,0,-1.81,-10.0,-6.65,-7.24,0.0,2026-07-22,2026-07-22,34.15,0.2418,-0.0847,0.3813,0.3112,0.5366,0.3646,0.1975,-0.8534,0.0733,多周期共振看空 ⬇⬇⬇,-0.7,-0.7131,-0.5625
002641,公元股份,42.86,True,3.78,3.93,4,1.64,-9.42,-2.88,-3.89,0.0,2026-07-22,2026-07-22,40.51,-0.1029,-0.613,0.3163,0.0,0.6779,0.4729,0.1974,-0.6128,0.1936,多周期共振看空 ⬇⬇⬇,-0.3797,-0.5263,-0.495
002817,黄山胶囊,16.36,True,5.64,6.03,5,3.27,-9.27,-3.22,-6.41,0.0,2026-07-22,2026-07-22,37.64,-0.1668,0.1586,0.3969,0.2634,0.6142,0.3385,0.1973,-0.8506,0.0747,多周期共振看空 ⬇⬇⬇,-0.7595,-0.656,-0.5625
001368,通达创智,20.59,True,19.05,20.86,1,1.94,-10.67,-4.91,-8.66,0.0,2026-07-22,2026-07-22,37.65,0.0757,0.0509,0.4212,0.2657,0.6144,0.298,0.1973,-0.8227,0.0887,多周期共振看空 ⬇⬇⬇,-0.907,-0.5357,-0.495
003040,楚天龙,46.83,True,10.25,10.4,0,-0.91,-12.91,-7.47,-1.42,0.0,2026-07-22,2026-07-22,43.54,-0.0268,-0.1676,0.3852,0.133,0.7453,0.358,0.1972,-0.8158,0.0921,多周期共振看空 ⬇⬇⬇,-0.5605,-0.75,-0.5625
002880,卫光生物,44.86,True,19.78,20.86,3,4.05,-12.28,-3.67,-5.18,0.0,2026-07-22,2026-07-22,39.72,-0.0524,0.124,0.5044,0.2496,0.6604,0.1593,0.1969,-0.7441,0.128,多周期共振看空 ⬇⬇⬇,-0.4305,-0.7038,-0.5625
002195,岩山科技,331.9,True,5.91,6.23,0,-3.5,-10.74,-7.3,-5.18,0.0,2026-07-22,2026-07-22,38.57,0.1812,-0.1952,0.4808,0.2306,0.6348,0.1987,0.1967,-0.7158,0.1421,多周期共振看空 ⬇⬇⬇,-0.6205,-0.7038,-0.3375
002459,晶澳科技,241.06,True,7.29,7.66,2,7.24,-13.36,-6.61,-4.89,0.0,2026-07-22,2026-07-22,20.07,0.7979,-0.0525,0.5911,0.6577,0.2237,0.0149,0.1963,-0.762,0.119,多周期共振看空 ⬇⬇⬇,-0.4226,-0.75,-0.5625
002355,兴民智通,25.1,True,4.06,4.23,1,1.12,-12.97,-7.17,-3.96,0.0,2026-07-22,2026-07-22,37.14,0.4114,-0.5439,0.3996,0.2468,0.6032,0.3341,0.1962,-0.8163,0.0918,多周期共振看空 ⬇⬇⬇,-0.6265,-0.6946,-0.5625
002383,合众思壮,46.94,True,6.34,6.71,2,2.24,-9.44,-4.66,-5.58,0.0,2026-07-22,2026-07-22,40.75,0.499,-0.5433,0.5092,0.2994,0.6834,0.1513,0.1961,-0.8511,0.0745,多周期共振看空 ⬇⬇⬇,-0.6511,-0.75,-0.5625
002454,松芝股份,39.22,True,4.47,4.8,0,-1.48,-10.79,-6.16,-6.79,0.0,2026-07-22,2026-07-22,37.24,0.0928,-0.2113,0.3821,0.1711,0.6054,0.3631,0.1959,-0.7232,0.1384,多周期共振看空 ⬇⬇⬇,-0.6865,-0.506,-0.495
000547,航天发展,221.68,True,13.95,16.62,1,0.03,-23.27,-10.53,-16.05,0.0,2026-07-22,2026-07-22,31.0,0.267,0.2206,0.8196,0.4484,0.4666,0.0,0.1959,-0.7104,0.1448,多周期共振看空 ⬇⬇⬇,-0.783,-0.5527,-0.3375
002823,凯中精密,26.05,True,11.9,13.72,0,-5.58,-19.97,-12.15,-13.23,0.0,2026-07-22,2026-07-22,24.73,0.6876,-0.7423,0.5033,0.4126,0.3273,0.1611,0.1956,-0.6169,0.1915,多周期共振看空 ⬇⬇⬇,-0.7985,-0.1765,-0.495
000681,视觉中国,109.53,True,16.2,18.38,1,1.19,-15.85,-10.07,-11.87,0.0,2026-07-22,2026-07-22,22.07,0.7777,-0.7151,0.4835,0.4666,0.2682,0.1942,0.1952,-0.6624,0.1688,多周期共振看空 ⬇⬇⬇,-0.693,-0.3668,-0.495
001208,华菱线缆,39.43,True,12.37,13.9,3,7.98,-13.5,-6.26,-11.01,0.0,2026-07-22,2026-07-22,40.93,0.3489,-0.2802,0.7604,0.2973,0.6874,0.0,0.1949,-0.7416,0.1292,多周期共振看空 ⬇⬇⬇,-0.6975,-0.6946,-0.3375
002425,凯撒文化,22.91,True,2.49,2.65,3,1.3,-9.45,-3.79,-6.09,0.0,2026-07-22,2026-07-22,35.71,-0.2401,0.1801,0.4175,0.272,0.5714,0.3041,0.1949,-0.8048,0.0976,多周期共振看空 ⬇⬇⬇,-0.5989,-0.6929,-0.5625
002374,中锐股份,29.19,True,2.69,3.06,8,5.84,-16.32,-5.15,-12.11,0.0,2026-07-22,2026-07-22,24.06,0.6775,-0.5184,0.5155,0.4065,0.3124,0.1408,0.1948,-0.5798,0.2101,多周期共振看空 ⬇⬇⬇,-0.618,-0.4071,-0.3375
002617,露笑科技,109.65,True,5.84,8.24,12,14.21,-33.21,-7.39,-29.14,0.0,2026-07-22,2026-07-22,19.18,0.7105,-0.6013,0.862,0.4263,0.204,0.0,0.1947,-0.3696,0.3152,多周期共振看空 ⬇⬇⬇,-0.4395,-0.2782,-0.1575
002290,禾盛新材,144.12,True,58.3,77.92,8,8.13,-32.46,-6.69,-25.18,0.0,2026-07-22,2026-07-22,24.47,-0.1627,-0.175,0.9178,0.13,0.3216,0.0,0.1946,-0.0368,0.4816,月线看多，中短期调整中,-0.5407,-0.1617,0.45
000795,英洛华,91.53,True,8.2,8.68,5,5.1,-11.77,-4.23,-5.58,0.0,2026-07-22,2026-07-22,24.66,0.81,-0.8069,0.6346,0.486,0.3258,0.0,0.1945,-0.6123,0.1939,多周期共振看空 ⬇⬇⬇,-0.4812,-0.3708,-0.5625
600063,皖维高新,110.9,True,5.36,6.59,5,7.14,-26.51,-11.8,-18.63,0.0,2026-07-22,2026-07-22,12.79,0.92,-0.7273,0.7205,0.552,0.0621,0.0,0.1945,-0.4017,0.2992,多周期共振看空 ⬇⬇⬇,-0.5242,-0.276,-0.1575
002381,双箭股份,15.84,True,4.92,5.25,5,2.13,-6.74,-2.7,-6.25,0.0,2026-07-22,2026-07-22,34.11,-0.3857,0.0685,0.2899,0.2274,0.5357,0.5168,0.1944,-0.865,0.0675,多周期共振看空 ⬇⬇⬇,-0.7191,-0.7223,-0.5625
002337,赛象科技,23.93,True,4.07,4.4,0,-1.21,-10.94,-6.01,-7.57,0.0,2026-07-22,2026-07-22,32.06,-0.2347,0.201,0.3262,0.2804,0.4902,0.4563,0.1942,-0.8481,0.076,多周期共振看空 ⬇⬇⬇,-0.6865,-0.7131,-0.5625
002222,福晶科技,269.28,True,57.52,76.19,1,2.28,-30.82,-13.6,-24.5,0.0,2026-07-22,2026-07-22,22.69,0.284,-0.3777,0.8761,0.2193,0.2819,0.0,0.1939,-0.1383,0.4309,月线看多，中短期调整中,-0.729,-0.1998,0.1659
003025,思进智能,24.45,True,10.8,12.98,1,1.49,-18.04,-11.12,-16.76,0.0,2026-07-22,2026-07-22,20.26,0.7755,-0.6921,0.5319,0.4653,0.2279,0.1135,0.1938,-0.5584,0.2208,多周期共振看空 ⬇⬇⬇,-0.6065,-0.3248,-0.3825
002263,大东南,50.72,True,2.7,3.04,2,6.25,-24.14,-14.31,-11.05,0.0,2026-07-22,2026-07-22,21.98,0.8894,-0.8464,0.5589,0.5336,0.2662,0.0686,0.1935,-0.6798,0.1601,多周期共振看空 ⬇⬇⬇,-0.7335,-0.5278,-0.3375
002863,今飞凯达,24.22,True,4.04,4.29,1,0.13,-10.18,-5.18,-5.78,0.0,2026-07-22,2026-07-22,36.67,0.0818,-0.1188,0.3321,0.2015,0.5926,0.4466,0.1933,-0.8446,0.0777,多周期共振看空 ⬇⬇⬇,-0.6775,-0.7131,-0.5625
002135,东南网架,57.93,True,5.55,6.31,0,-1.09,-13.77,-7.05,-12.04,0.0,2026-07-22,2026-07-22,28.74,0.0934,-0.6528,0.4663,0.056,0.4166,0.2229,0.1933,-0.2212,0.3894,月线震荡，中短期走弱,-0.5954,-0.3429,0.1097
000720,新能泰山,39.71,True,3.16,3.39,0,-4.79,-18.58,-13.15,-6.87,0.0,2026-07-22,2026-07-22,34.04,-0.0187,0.0886,0.5326,0.2354,0.5343,0.1124,0.1932,-0.5622,0.2189,多周期共振看空 ⬇⬇⬇,-0.625,-0.4298,-0.27
000801,四川九洲,109.83,True,10.81,11.54,5,9.66,-10.26,-2.93,-6.32,0.0,2026-07-22,2026-07-22,24.27,0.7622,-0.1992,0.6904,0.5776,0.3171,0.0,0.1931,-0.7602,0.1199,多周期共振看空 ⬇⬇⬇,-0.418,-0.75,-0.5625
002521,齐峰新材,27.25,True,6.5,6.87,8,5.41,-9.45,-2.25,-5.37,0.0,2026-07-22,2026-07-22,30.95,0.2479,-0.0216,0.5537,0.3401,0.4656,0.0772,0.193,-0.621,0.1895,多周期共振看空 ⬇⬇⬇,-0.3561,-0.4971,-0.5625
002868,绿康生化,23.01,True,21.5,23.63,4,5.66,-13.73,-4.78,-9.02,0.0,2026-07-22,2026-07-22,37.89,0.3955,-0.3593,0.6922,0.2935,0.6198,0.0,0.1928,-0.671,0.1645,多周期共振看空 ⬇⬇⬇,-0.4295,-0.6115,-0.495
002613,北玻股份,22.98,True,2.97,3.46,1,1.63,-22.95,-16.48,-14.05,0.0,2026-07-22,2026-07-22,14.42,0.93,-0.8088,0.5322,0.558,0.0983,0.113,0.1927,-0.5599,0.2201,多周期共振看空 ⬇⬇⬇,-0.693,-0.209,-0.4275
002577,雷柏科技,45.19,True,16.1,18.04,11,6.77,-10.78,-1.73,-10.78,0.0,2026-07-22,2026-07-22,22.13,0.1254,-0.668,0.4646,0.0752,0.2695,0.2257,0.1925,-0.0841,0.458,多周期方向不一致，观望,-0.3,0.1124,-0.225
002591,恒大高新,11.87,True,5.31,6.06,0,-4.86,-14.03,-8.89,-12.31,0.0,2026-07-22,2026-07-22,25.65,-0.6915,0.2937,0.3967,0.3175,0.3479,0.3389,0.192,-0.6606,0.1697,多周期共振看空 ⬇⬇⬇,-0.8525,-0.3837,-0.3375
001279,强邦新材,9.34,True,23.36,26.37,9,4.84,-11.41,-1.99,-11.41,0.0,2026-07-22,2026-07-22,27.24,0.4808,-0.2874,0.4282,0.3735,0.3831,0.2863,0.1918,-0.752,0.124,多周期共振看空 ⬇⬇⬇,-0.4637,-0.6929,-0.5625
002625,光启技术,618.58,True,28.71,29.19,0,-1.64,-17.99,-10.72,-1.64,0.0,2026-07-22,2026-07-22,42.1,0.2858,-0.3443,0.523,0.2338,0.7133,0.1283,0.1916,-0.7995,0.1003,多周期共振看空 ⬇⬇⬇,-0.5726,-0.7038,-0.5625
002637,赞宇科技,42.59,True,9.16,10.4,0,-2.91,-11.92,-6.4,-11.92,0.0,2026-07-22,2026-07-22,21.95,0.5276,-0.629,0.4044,0.3165,0.2656,0.326,0.1911,-0.5573,0.2213,多周期共振看空 ⬇⬇⬇,-0.548,-0.4177,-0.3375
002933,新兴装备,27.53,True,23.58,25.7,0,-0.2,-10.12,-5.64,-8.24,0.0,2026-07-22,2026-07-22,33.49,0.4759,-0.4583,0.4086,0.3022,0.522,0.319,0.1909,-0.8377,0.0811,多周期共振看空 ⬇⬇⬇,-0.6166,-0.75,-0.5625
002633,申科股份,18.46,True,12.35,14.6,0,-1.59,-15.41,-7.19,-15.41,0.0,2026-07-22,2026-07-22,22.78,-0.4834,0.3523,0.4199,0.3409,0.284,0.3001,0.1908,-0.6001,0.2,多周期共振看空 ⬇⬇⬇,-0.6086,-0.4598,-0.3375
000576,甘化科工,26.77,True,6.17,6.81,5,14.96,-9.34,-3.4,-9.34,0.0,2026-07-22,2026-07-22,32.38,0.5856,-0.0912,0.7322,0.5149,0.4973,0.0,0.1904,-0.8972,0.0514,多周期共振看空 ⬇⬇⬇,-0.7692,-0.75,-0.5625
000707,双环科技,22.96,True,4.17,4.3,0,-1.12,-9.29,-4.34,-3.08,0.0,2026-07-22,2026-07-22,33.33,0.1529,-0.2198,0.3017,0.2038,0.5185,0.4972,0.1903,-0.8239,0.0881,多周期共振看空 ⬇⬇⬇,-0.5813,-0.75,-0.5625
600071,凤凰光学,39.98,True,14.2,15.91,2,3.55,-11.22,-5.0,-10.73,0.0,2026-07-22,2026-07-22,19.41,0.8349,-0.483,0.3787,0.5077,0.2091,0.3688,0.1903,-0.8359,0.0821,多周期共振看空 ⬇⬇⬇,-0.6445,-0.7223,-0.5625
002211,ST宏达,12.97,True,3.0,3.71,10,9.83,-19.75,-2.36,-19.18,0.0,2026-07-22,2026-07-22,12.96,0.6068,-0.4728,0.631,0.375,0.0658,0.0,0.1902,-0.1574,0.4213,多周期方向不一致，观望,-0.4683,-0.1329,-0.1575
002623,亚玛顿,25.85,True,13.42,15.08,2,2.05,-13.64,-8.02,-10.98,0.0,2026-07-22,2026-07-22,37.54,0.2438,-0.045,0.7268,0.3283,0.6121,0.0,0.1901,-0.739,0.1305,多周期共振看空 ⬇⬇⬇,-0.6936,-0.5347,-0.495
002871,伟隆股份,22.42,True,15.02,19.54,8,10.41,-23.32,-5.08,-23.11,0.0,2026-07-22,2026-07-22,10.48,0.7284,-0.5368,0.5961,0.4371,0.0107,0.0064,0.1899,-0.1977,0.4012,月线震荡，中短期走弱,-0.593,-0.1562,0.0
002977,*ST天箭,13.2,True,19.8,22.54,8,10.16,-17.7,-4.42,-12.17,0.0,2026-07-22,2026-07-22,36.46,0.2765,-0.0188,0.7337,0.3584,0.588,0.0,0.1892,-0.7653,0.1174,多周期共振看空 ⬇⬇⬇,-0.5063,-0.6854,-0.5625
002407,多氟多,321.26,True,29.78,40.84,11,37.91,-33.28,0.2,-27.08,0.0,2026-07-22,2026-07-22,11.02,0.3753,-0.3867,1.0618,0.2705,0.0227,0.0,0.1891,0.0531,0.5265,多周期方向不一致，观望,-0.2572,0.0037,0.45
000973,佛塑科技,79.94,True,11.28,12.92,2,3.99,-18.41,-8.43,-12.71,0.0,2026-07-22,2026-07-22,32.37,0.1294,-0.6178,0.745,0.0776,0.4971,0.0,0.1891,-0.2076,0.3962,月线看多，中短期调整中,-0.738,-0.536,0.18
002284,亚太股份,62.31,True,8.51,9.37,1,1.52,-13.41,-6.92,-9.14,0.0,2026-07-22,2026-07-22,32.69,0.3372,0.042,0.4891,0.4191,0.5043,0.1849,0.189,-0.9118,0.0441,多周期共振看空 ⬇⬇⬇,-0.907,-0.7315,-0.495
002068,黑猫股份,55.34,True,7.53,11.56,11,38.11,-39.3,-0.26,-34.89,0.0,2026-07-22,2026-07-22,11.94,0.5207,-0.4076,0.9578,0.3494,0.0431,0.0,0.189,-0.0986,0.4507,多周期方向不一致，观望,-0.2618,-0.0517,-0.1575
000967,盈峰环境,238.39,True,7.1,9.03,5,12.26,-24.67,-8.63,-21.35,0.0,2026-07-22,2026-07-22,12.31,0.617,-0.5023,0.8265,0.3702,0.0514,0.0,0.1887,-0.144,0.428,月线看多，中短期调整中,-0.6915,-0.3521,0.2591
002643,万润股份,117.29,True,13.0,17.82,13,28.45,-28.87,2.18,-27.06,0.0,2026-07-22,2026-07-22,9.76,0.5136,-0.101,0.6918,0.4678,0.0,0.0,0.1886,-0.2399,0.38,多周期共振看空 ⬇⬇⬇,-0.2377,-0.166,-0.1575
002398,垒知集团,21.77,True,3.63,3.77,1,1.39,-8.99,-4.48,-3.83,0.0,2026-07-22,2026-07-22,39.78,-0.0811,-0.2762,0.2863,0.0895,0.6619,0.5229,0.1885,-0.8476,0.0762,多周期共振看空 ⬇⬇⬇,-0.6421,-0.75,-0.5625
002196,方正电机,47.47,True,9.72,11.65,5,8.18,-20.46,-6.92,-16.55,0.0,2026-07-22,2026-07-22,23.9,0.7835,-0.5049,0.7345,0.4701,0.3089,0.0,0.1884,-0.6156,0.1922,多周期共振看空 ⬇⬇⬇,-0.7146,-0.403,-0.3375
003011,海象新材,12.65,True,16.46,18.25,2,8.0,-10.88,-4.45,-9.79,0.0,2026-07-22,2026-07-22,35.92,0.5454,-0.6149,0.6654,0.3272,0.576,0.0,0.1884,-0.7078,0.1461,多周期共振看空 ⬇⬇⬇,-0.5845,-0.5595,-0.495
001396,誉帆科技,6.84,True,30.12,33.97,0,-1.66,-13.92,-8.93,-11.35,0.0,2026-07-22,2026-07-22,19.4,0.2852,-0.4729,0.4342,0.182,0.2089,0.2764,0.1882,-0.2571,0.3715,周线日线方向不一致,-0.857,0.0,
002427,尤夫股份,38.59,True,3.92,4.5,10,15.51,-13.24,-1.89,-12.9,0.0,2026-07-22,2026-07-22,20.76,0.8187,-0.2369,0.8137,0.5965,0.2392,0.0,0.1878,-0.7393,0.1304,多周期共振看空 ⬇⬇⬇,-0.3859,-0.7315,-0.5625
000697,炼石航空,50.68,True,7.76,9.14,0,-2.9,-18.67,-11.22,-15.14,0.0,2026-07-22,2026-07-22,10.8,0.4294,-0.5888,0.3526,0.2576,0.0178,0.4123,0.1878,-0.2613,0.3694,月线震荡，中短期走弱,-0.747,-0.2379,0.0
000533,顺钠股份,54.04,True,7.89,8.81,0,-7.73,-13.99,-11.18,-10.48,0.0,2026-07-22,2026-07-22,24.18,0.0917,-0.405,0.3567,0.093,0.315,0.4056,0.1877,-0.3497,0.3251,月线震荡，中短期走弱,-0.575,-0.6392,-0.0434
002276,万马股份,95.07,True,9.44,9.81,0,-0.34,-10.37,-6.35,-3.8,0.0,2026-07-22,2026-07-22,40.57,0.3005,-0.4679,0.4389,0.1932,0.6794,0.2684,0.1875,-0.8392,0.0804,多周期共振看空 ⬇⬇⬇,-0.6205,-0.75,-0.5625
002942,新农股份,18.65,True,13.44,14.53,1,0.01,-9.17,-4.82,-7.48,0.0,2026-07-22,2026-07-22,36.67,-0.3458,0.0744,0.3594,0.2298,0.5928,0.401,0.1875,-0.8999,0.05,多周期共振看空 ⬇⬇⬇,-0.898,-0.7131,-0.495
002993,奥海科技,92.85,True,38.94,56.47,6,8.83,-36.74,-11.35,-31.05,0.0,2026-07-22,2026-07-22,16.76,0.3689,-0.4057,0.872,0.259,0.1501,0.0,0.1874,-0.0958,0.4521,多周期方向不一致，观望,-0.45,-0.0356,0.0
002631,德尔未来,50.95,True,6.42,9.29,14,34.54,-32.07,4.64,-30.91,0.0,2026-07-22,2026-07-22,2.82,0.3651,-0.4009,0.7392,0.2587,0.0,0.0,0.1871,0.0825,0.5413,多周期方向不一致，观望,-0.1875,0.0733,0.45
002943,宇晶股份,60.81,True,32.2,41.55,0,-4.56,-30.43,-14.08,-22.5,0.0,2026-07-22,2026-07-22,23.9,0.414,-0.123,0.9066,0.3992,0.3088,0.0,0.187,-0.5135,0.2433,多周期共振看空 ⬇⬇⬇,-0.747,-0.2183,-0.27
002405,四维图新,145.35,True,6.17,6.38,0,-1.79,-14.28,-8.12,-3.29,0.0,2026-07-22,2026-07-22,42.21,-0.0237,-0.2238,0.4158,0.1105,0.7158,0.307,0.187,-0.785,0.1075,多周期共振看空 ⬇⬇⬇,-0.625,-0.6946,-0.495
002678,珠江钢琴,53.22,True,3.92,4.18,0,-1.99,-20.33,-11.31,-6.31,0.0,2026-07-22,2026-07-22,31.68,0.0539,-0.3093,0.3331,0.1087,0.4818,0.4449,0.1868,-0.6137,0.1931,多周期共振看空 ⬇⬇⬇,-0.7,-0.4113,-0.3375
002312,川发龙蟒,152.59,True,8.1,8.75,11,15.54,-12.58,-1.8,-7.39,0.0,2026-07-22,2026-07-22,21.43,0.7885,-0.3942,0.5156,0.5154,0.254,0.1406,0.1866,-0.7491,0.1255,多周期共振看空 ⬇⬇⬇,-0.4753,-0.6764,-0.5625
002229,鸿博股份,46.31,True,9.39,9.83,0,-4.45,-22.27,-13.69,-4.45,0.0,2026-07-22,2026-07-22,36.5,0.4626,-0.4381,0.541,0.3023,0.5889,0.0984,0.1865,-0.7771,0.1114,多周期共振看空 ⬇⬇⬇,-0.625,-0.6098,-0.5625
001260,坤泰股份,16.68,True,14.5,15.88,0,-0.09,-11.05,-5.87,-8.66,0.0,2026-07-22,2026-07-22,34.89,-0.6046,0.2403,0.4531,0.2961,0.5532,0.2449,0.1861,-0.8448,0.0776,多周期共振看空 ⬇⬇⬇,-0.857,-0.6271,-0.495
002805,丰元股份,44.97,True,16.13,23.33,11,30.89,-33.99,-3.04,-30.86,0.0,2026-07-22,2026-07-22,8.94,0.4961,-0.5275,0.7213,0.2976,0.0,0.0,0.1857,0.0096,0.5048,多周期方向不一致，观望,-0.3532,-0.1052,0.45
600080,ST金花,16.8,True,4.5,4.73,10,7.26,-12.06,-1.93,-4.81,0.0,2026-07-22,2026-07-22,37.84,0.2452,-0.7393,0.4636,0.1471,0.6186,0.2274,0.1851,-0.679,0.1605,多周期共振看空 ⬇⬇⬇,-0.2421,-0.7223,-0.5625
002802,洪汇新材,14.86,True,9.93,10.57,1,2.3,-11.2,-6.34,-6.08,0.0,2026-07-22,2026-07-22,39.95,0.0072,-0.1736,0.441,0.1349,0.6655,0.2649,0.1849,-0.7467,0.1266,多周期共振看空 ⬇⬇⬇,-0.679,-0.4967,-0.5625
001311,多利科技,25.79,True,14.56,16.63,5,11.53,-14.66,-6.29,-12.45,0.0,2026-07-22,2026-07-22,39.85,0.374,-0.2255,0.7261,0.3342,0.6632,0.0,0.1848,-0.8521,0.074,多周期共振看空 ⬇⬇⬇,-0.7648,-0.7223,-0.495
002109,ST兴化,31.4,True,2.46,2.56,9,6.77,-12.55,-2.4,-3.74,0.0,2026-07-22,2026-07-22,36.11,0.2895,-0.6159,0.4803,0.1737,0.5802,0.1995,0.1846,-0.6569,0.1715,多周期共振看空 ⬇⬇⬇,-0.2966,-0.6946,-0.495
600052,东望时代,29.21,True,3.46,3.61,4,3.4,-10.82,-3.16,-4.09,0.0,2026-07-22,2026-07-22,34.95,0.1303,-0.417,0.4228,0.1114,0.5545,0.2953,0.1845,-0.6042,0.1979,多周期共振看空 ⬇⬇⬇,-0.319,-0.492,-0.5625
002651,利君股份,39.87,True,7.05,7.32,1,1.73,-8.61,-3.93,-3.75,0.0,2026-07-22,2026-07-22,38.91,-0.0282,-0.1773,0.4045,0.1291,0.6425,0.3258,0.1843,-0.7637,0.1181,多周期共振看空 ⬇⬇⬇,-0.4592,-0.7223,-0.5625
000925,众合科技,44.36,True,6.61,8.37,10,18.72,-23.9,-2.55,-21.04,0.0,2026-07-22,2026-07-22,11.75,0.8633,-0.4898,0.7062,0.5221,0.0389,0.0,0.1841,-0.4092,0.2954,多周期共振看空 ⬇⬇⬇,-0.3182,-0.3117,-0.315
002130,沃尔核材,179.27,True,15.63,17.05,0,-3.59,-13.77,-8.53,-8.33,0.0,2026-07-22,2026-07-22,34.04,0.4644,-0.1943,0.5957,0.4009,0.5342,0.0071,0.184,-0.8159,0.0921,多周期共振看空 ⬇⬇⬇,-0.5793,-0.7342,-0.5625
003029,吉大正元,26.75,True,15.19,15.87,0,-2.29,-10.75,-5.78,-4.31,0.0,2026-07-22,2026-07-22,40.1,0.0795,-0.3009,0.3543,0.1273,0.6688,0.4096,0.1839,-0.8625,0.0687,多周期共振看空 ⬇⬇⬇,-0.691,-0.7408,-0.5625
000782,恒申新材,31.53,True,5.97,7.39,10,12.39,-20.44,-2.65,-19.26,0.0,2026-07-22,2026-07-22,9.05,0.4894,-0.7137,0.5806,0.2936,0.0,0.0324,0.1838,-0.0256,0.4872,多周期方向不一致，观望,-0.5243,-0.1133,0.45
002919,名臣健康,43.78,True,16.57,18.85,3,9.84,-14.98,-5.09,-12.1,0.0,2026-07-22,2026-07-22,35.41,0.3553,-0.4692,0.7783,0.2255,0.5647,0.0,0.1834,-0.5715,0.2142,多周期共振看空 ⬇⬇⬇,-0.6385,-0.3713,-0.3375
002709,天赐材料,532.08,True,35.26,44.27,7,10.2,-27.72,-9.65,-20.36,0.0,2026-07-22,2026-07-22,15.01,0.4621,-0.6012,0.7888,0.2773,0.1113,0.0,0.1831,-0.1123,0.4439,月线看多，中短期调整中,-0.6322,-0.2852,0.2925
001277,速达股份,11.48,True,25.21,27.35,1,0.04,-8.45,-5.55,-7.82,0.0,2026-07-22,2026-07-22,29.96,0.3131,-0.22,0.3025,0.2999,0.4436,0.4958,0.1831,-0.9436,0.0282,多周期共振看空 ⬇⬇⬇,-0.9205,-0.7223,-0.5625
002456,欧菲光,226.59,True,6.83,8.68,7,3.75,-21.33,-4.9,-21.33,0.0,2026-07-22,2026-07-22,22.03,0.3282,0.1797,0.7729,0.4688,0.2674,0.0,0.183,-0.6068,0.1966,多周期共振看空 ⬇⬇⬇,-0.4645,-0.4854,-0.45
002598,ST章鼓,17.31,True,6.04,6.5,5,1.89,-10.81,-3.26,-7.05,0.0,2026-07-22,2026-07-22,36.46,-0.2735,0.0315,0.4241,0.2126,0.588,0.2932,0.1829,-0.8169,0.0916,多周期共振看空 ⬇⬇⬇,-0.5634,-0.75,-0.5625
002970,锐明技术,60.68,True,48.01,53.18,0,-0.01,-17.26,-9.56,-9.73,0.0,2026-07-22,2026-07-22,41.34,-0.0128,-0.1654,0.8451,0.1339,0.6965,0.0,0.1827,-0.5887,0.2056,多周期共振看空 ⬇⬇⬇,-0.559,-0.4771,-0.3375
002662,峰璟股份,45.15,True,3.01,3.47,9,14.65,-13.33,-1.78,-13.33,0.0,2026-07-22,2026-07-22,22.76,0.6074,-0.7914,0.4487,0.3645,0.2836,0.2522,0.1825,-0.6656,0.1672,多周期共振看空 ⬇⬇⬇,-0.5905,-0.4617,-0.495
002112,三变科技,34.59,True,13.2,15.18,1,0.08,-14.7,-7.92,-13.06,0.0,2026-07-22,2026-07-22,17.79,0.5873,-0.7139,0.3212,0.3524,0.1731,0.4646,0.1824,-0.6842,0.1579,多周期共振看空 ⬇⬇⬇,-0.7436,-0.5288,-0.3375
002209,达 意 隆,15.06,True,9.54,10.31,1,2.07,-9.94,-5.19,-7.5,0.0,2026-07-22,2026-07-22,36.8,0.3621,-0.4699,0.4339,0.2293,0.5956,0.2768,0.1823,-0.8446,0.0777,多周期共振看空 ⬇⬇⬇,-0.6775,-0.7131,-0.5625
003007,直真科技,24.21,True,33.35,37.06,4,4.97,-13.73,-4.9,-10.0,0.0,2026-07-22,2026-07-22,21.74,0.5323,-0.1779,0.6747,0.4482,0.2608,0.0,0.1822,-0.5724,0.2138,多周期共振看空 ⬇⬇⬇,-0.6945,-0.3252,-0.3375
000777,中核科技,62.15,True,16.21,17.17,6,9.43,-11.24,-3.0,-5.59,0.0,2026-07-22,2026-07-22,24.49,0.7865,-0.8024,0.5891,0.4719,0.322,0.0182,0.182,-0.7003,0.1498,多周期共振看空 ⬇⬇⬇,-0.3539,-0.7408,-0.495
002692,远程股份,24.55,True,3.42,3.69,0,-1.07,-12.68,-6.72,-7.42,0.0,2026-07-22,2026-07-22,33.88,0.1475,-0.1605,0.3933,0.2243,0.5308,0.3444,0.1819,-0.8163,0.0918,多周期共振看空 ⬇⬇⬇,-0.691,-0.6392,-0.5625
002667,*ST威领,19.28,True,8.15,10.65,0,-8.94,-36.53,-23.72,-23.46,0.0,2026-07-22,2026-07-22,27.74,-0.0856,32.8247,0.8974,0.4,0.3943,0.0,0.1819,-0.658,0.171,多周期共振看空 ⬇⬇⬇,-0.625,-0.5729,-0.3375
002201,九鼎新材,43.23,True,7.18,9.18,4,15.82,-27.69,-13.29,-21.74,0.0,2026-07-22,2026-07-22,17.67,0.8865,-0.7728,0.6551,0.5319,0.1705,0.0,0.181,-0.6079,0.1961,多周期共振看空 ⬇⬇⬇,-0.7065,-0.3929,-0.3375
002553,南方精工,36.13,True,14.1,15.44,1,0.7,-13.43,-7.48,-8.7,0.0,2026-07-22,2026-07-22,32.55,0.5811,-0.4429,0.5301,0.3715,0.5011,0.1165,0.1809,-0.8415,0.0792,多周期共振看空 ⬇⬇⬇,-0.6265,-0.75,-0.5625
002205,国统股份,16.6,True,8.93,10.02,0,-0.12,-13.25,-7.68,-10.86,0.0,2026-07-22,2026-07-22,34.81,0.3396,-0.2939,0.4498,0.2862,0.5514,0.2503,0.1806,-0.8755,0.0623,多周期共振看空 ⬇⬇⬇,-0.857,-0.6271,-0.5625
002912,中新赛克,27.76,True,17.11,18.05,0,-1.73,-9.21,-4.83,-5.2,0.0,2026-07-22,2026-07-22,33.1,-0.4398,0.0446,0.3405,0.2178,0.5134,0.4324,0.1805,-0.8667,0.0666,多周期共振看空 ⬇⬇⬇,-0.691,-0.75,-0.5625
000633,合金投资,17.64,True,4.58,4.85,2,3.59,-9.91,-4.37,-5.6,0.0,2026-07-22,2026-07-22,37.4,0.0098,-0.2968,0.3381,0.0871,0.609,0.4365,0.1805,-0.7751,0.1124,多周期共振看空 ⬇⬇⬇,-0.4778,-0.7315,-0.5625
002363,隆基机械,23.95,True,5.76,6.1,1,1.45,-10.35,-4.57,-5.53,0.0,2026-07-22,2026-07-22,40.0,0.0245,-0.301,0.3506,0.0943,0.6667,0.4156,0.1803,-0.841,0.0795,多周期共振看空 ⬇⬇⬇,-0.6683,-0.7131,-0.5625
002467,二六三,59.32,True,4.34,4.5,0,-3.56,-13.8,-7.84,-3.56,0.0,2026-07-22,2026-07-22,42.29,0.0315,-0.0129,0.5866,0.2137,0.7175,0.0224,0.1802,-0.7791,0.1104,多周期共振看空 ⬇⬇⬇,-0.6205,-0.6854,-0.495
002671,龙泉股份,18.97,True,3.44,3.74,2,0.47,-9.17,-4.3,-8.08,0.0,2026-07-22,2026-07-22,33.68,-0.1955,0.0232,0.301,0.2093,0.5263,0.4983,0.18,-0.9249,0.0375,多周期共振看空 ⬇⬇⬇,-0.8511,-0.7408,-0.5625
002862,实丰文化,15.3,True,11.9,12.72,0,-0.39,-14.65,-7.69,-6.42,0.0,2026-07-22,2026-07-22,37.53,-0.3754,-0.1768,0.3872,0.1293,0.6118,0.3547,0.18,-0.7851,0.1074,多周期共振看空 ⬇⬇⬇,-0.691,-0.5706,-0.5625
000509,华塑控股,29.83,True,2.78,3.24,0,-10.99,-19.64,-14.98,-14.14,0.0,2026-07-22,2026-07-22,16.95,0.3399,-0.3747,0.4882,0.2541,0.1544,0.1863,0.1799,-0.3019,0.349,月线震荡，中短期走弱,-0.72,-0.2852,-0.1125
000910,大亚圣象,26.92,True,4.92,5.26,1,1.31,-12.09,-5.23,-6.48,0.0,2026-07-22,2026-07-22,36.13,-0.5279,-0.0945,0.2988,0.1622,0.5808,0.502,0.1798,-0.9196,0.0402,多周期共振看空 ⬇⬇⬇,-0.8268,-0.75,-0.5625
002813,路畅科技,21.51,True,17.95,18.88,0,-0.6,-10.54,-5.41,-4.94,0.0,2026-07-22,2026-07-22,34.43,0.1278,-0.2162,0.37,0.1902,0.5429,0.3833,0.1795,-0.8263,0.0868,多周期共振看空 ⬇⬇⬇,-0.6865,-0.6652,-0.5625
002366,融发核电,94.18,True,5.09,5.4,0,-0.54,-12.82,-7.02,-5.65,0.0,2026-07-22,2026-07-22,30.72,0.57,-0.3393,0.576,0.4063,0.4605,0.04,0.1794,-0.7997,0.1002,多周期共振看空 ⬇⬇⬇,-0.5515,-0.7223,-0.5625
002334,英威腾,44.47,True,6.05,6.83,0,-6.82,-16.04,-10.76,-11.44,0.0,2026-07-22,2026-07-22,24.35,0.6076,-0.7396,0.3816,0.3645,0.3189,0.364,0.1786,-0.8287,0.0857,多周期共振看空 ⬇⬇⬇,-0.848,-0.532,-0.5625
002909,集泰股份,16.2,True,4.26,4.79,0,-2.94,-11.06,-7.33,-11.06,0.0,2026-07-22,2026-07-22,24.83,0.3939,-0.0769,0.3671,0.4056,0.3295,0.3881,0.1786,-0.9258,0.0371,多周期共振看空 ⬇⬇⬇,-0.875,-0.7223,-0.5625
600103,青山纸业,58.18,True,2.63,2.88,0,-8.36,-15.35,-11.31,-8.73,0.0,2026-07-22,2026-07-22,28.0,0.3567,-0.3862,0.4626,0.2595,0.4,0.2289,0.1783,-0.6517,0.1742,多周期共振看空 ⬇⬇⬇,-0.625,-0.469,-0.4275
002184,海得控制,22.47,True,9.05,9.37,1,1.08,-15.83,-7.14,-3.45,0.0,2026-07-22,2026-07-22,23.67,0.6434,-0.3259,0.5693,0.4557,0.3039,0.0511,0.1781,-0.7102,0.1449,多周期共振看空 ⬇⬇⬇,-0.444,-0.6179,-0.5625
001325,元创股份,6.49,True,33.11,35.34,1,0.33,-9.69,-5.25,-6.3,0.0,2026-07-22,2026-07-22,26.52,0.2551,-0.4627,0.4,0.168,0.3672,0.3333,0.178,-0.5522,0.2239,周线日线共振看空,-0.682,-0.27,
001218,丽臣实业,24.31,True,20.59,22.97,6,2.1,-10.41,-3.19,-10.36,0.0,2026-07-22,2026-07-22,28.68,0.3767,-0.5042,0.5032,0.226,0.4152,0.1614,0.1777,-0.5673,0.2163,多周期共振看空 ⬇⬇⬇,-0.5239,-0.4603,-0.3375
002037,保利联合,27.87,True,5.76,6.11,0,-1.46,-9.2,-5.84,-5.69,0.0,2026-07-22,2026-07-22,32.73,-0.4456,-0.0804,0.3035,0.1679,0.5051,0.4941,0.1775,-0.8499,0.0751,多周期共振看空 ⬇⬇⬇,-0.691,-0.7131,-0.5625
002248,华东数控,23.77,True,7.73,8.63,1,0.58,-10.49,-6.58,-10.43,0.0,2026-07-22,2026-07-22,24.32,0.6971,-0.7352,0.4436,0.4183,0.3183,0.2606,0.1774,-0.8406,0.0797,多周期共振看空 ⬇⬇⬇,-0.857,-0.6179,-0.495
002402,和而泰,165.99,True,20.28,23.75,7,9.16,-17.59,-3.6,-14.61,0.0,2026-07-22,2026-07-22,29.97,0.4797,-0.0588,0.8629,0.4643,0.4438,0.0,0.1774,-0.8563,0.0719,多周期共振看空 ⬇⬇⬇,-0.7182,-0.7038,-0.5625
002278,神开股份,25.76,True,7.18,7.54,0,-2.14,-10.17,-6.07,-4.74,0.0,2026-07-22,2026-07-22,36.59,-0.1655,-0.2425,0.352,0.103,0.5908,0.4133,0.1772,-0.7867,0.1067,多周期共振看空 ⬇⬇⬇,-0.7,-0.5666,-0.5625
002798,帝欧水华,25.84,True,5.0,5.15,0,-1.11,-16.23,-7.77,-2.95,0.0,2026-07-22,2026-07-22,34.95,0.3673,-0.4716,0.6109,0.2318,0.5544,0.0,0.1771,-0.619,0.1905,多周期共振看空 ⬇⬇⬇,-0.4949,-0.4413,-0.495
002171,楚江新材,145.08,True,8.99,11.84,5,15.44,-29.04,-10.31,-24.05,0.0,2026-07-22,2026-07-22,10.2,0.8448,-0.7669,0.7248,0.5069,0.0044,0.0,0.1769,-0.4008,0.2996,多周期共振看空 ⬇⬇⬇,-0.5107,-0.2182,-0.225
002529,海源复材,15.05,True,5.79,6.69,0,-1.09,-13.5,-7.89,-13.5,0.0,2026-07-22,2026-07-22,24.27,0.4453,-0.5702,0.4159,0.2672,0.3171,0.3069,0.1769,-0.6383,0.1809,多周期共振看空 ⬇⬇⬇,-0.839,-0.2563,-0.4275
002149,西部材料,156.74,True,32.11,42.6,0,-5.61,-29.34,-17.76,-24.62,0.0,2026-07-22,2026-07-22,22.29,0.6441,-0.5431,0.7882,0.3864,0.2731,0.0,0.1766,-0.5336,0.2332,多周期共振看空 ⬇⬇⬇,-0.765,-0.2471,-0.27
002596,海南瑞泽,31.19,True,2.72,2.86,0,-3.59,-16.8,-9.98,-4.75,0.0,2026-07-22,2026-07-22,25.24,0.5107,-0.2213,0.5676,0.4179,0.3387,0.054,0.1765,-0.7064,0.1468,多周期共振看空 ⬇⬇⬇,-0.4234,-0.6271,-0.5625
002985,北摩高科,78.33,True,23.67,25.94,0,-0.94,-11.07,-6.92,-8.77,0.0,2026-07-22,2026-07-22,32.12,0.4364,-0.4618,0.4687,0.2771,0.4916,0.2189,0.1764,-0.7972,0.1014,多周期共振看空 ⬇⬇⬇,-0.8615,-0.6762,-0.3375
000952,广济药业,17.68,True,5.14,5.58,2,3.82,-11.22,-4.98,-7.82,0.0,2026-07-22,2026-07-22,36.22,-0.0251,0.2582,0.4872,0.3033,0.5828,0.188,0.1764,-0.9239,0.038,多周期共振看空 ⬇⬇⬇,-0.8935,-0.7021,-0.5625
002190,成飞集成,75.87,True,21.15,22.54,0,-2.35,-12.21,-7.86,-6.18,0.0,2026-07-22,2026-07-22,28.81,0.4092,-0.3287,0.4494,0.3141,0.418,0.251,0.1762,-0.7956,0.1022,多周期共振看空 ⬇⬇⬇,-0.5088,-0.75,-0.5625
002689,ST远智,25.45,True,2.44,2.61,5,3.02,-14.66,-4.31,-6.35,0.0,2026-07-22,2026-07-22,35.16,0.0936,-0.067,0.4987,0.2293,0.5592,0.1688,0.1762,-0.7632,0.1184,多周期共振看空 ⬇⬇⬇,-0.4472,-0.7315,-0.5625
000559,万向钱潮,347.01,True,10.47,12.0,1,4.51,-15.96,-8.77,-12.77,0.0,2026-07-22,2026-07-22,27.5,0.6411,-0.563,0.6162,0.3847,0.3889,0.0,0.1762,-0.6722,0.1639,多周期共振看空 ⬇⬇⬇,-0.7695,-0.4802,-0.3375
002886,沃特股份,35.92,True,17.18,23.42,3,10.09,-32.4,-13.91,-26.64,0.0,2026-07-22,2026-07-22,12.56,0.5127,-0.5901,0.6992,0.3076,0.057,0.0,0.176,-0.1527,0.4236,多周期方向不一致，观望,-0.639,-0.1237,0.0
002104,恒宝股份,55.41,True,9.24,9.9,0,-3.48,-10.68,-7.47,-6.67,0.0,2026-07-22,2026-07-22,36.47,-0.146,0.2359,0.5642,0.2943,0.5882,0.0597,0.1757,-0.8187,0.0907,多周期共振看空 ⬇⬇⬇,-0.5679,-0.75,-0.5625
002576,通达动力,20.55,True,12.68,13.9,1,1.14,-10.95,-7.11,-8.74,0.0,2026-07-22,2026-07-22,34.08,0.483,-0.5132,0.4829,0.2898,0.5352,0.1952,0.1757,-0.8563,0.0719,多周期共振看空 ⬇⬇⬇,-0.8615,-0.581,-0.5625
002009,天奇股份,55.02,True,15.54,18.49,3,5.6,-18.08,-7.83,-15.93,0.0,2026-07-22,2026-07-22,20.75,0.7629,-0.4672,0.6772,0.4709,0.2389,0.0,0.1755,-0.6362,0.1819,多周期共振看空 ⬇⬇⬇,-0.7283,-0.4365,-0.3375
002465,海格通信,239.86,True,9.68,11.72,1,4.97,-20.62,-10.58,-17.38,0.0,2026-07-22,2026-07-22,33.72,0.3307,-0.5099,0.7545,0.1984,0.5272,0.0,0.1751,-0.5495,0.2253,多周期共振看空 ⬇⬇⬇,-0.6007,-0.3554,-0.3375
000859,国风新材,64.33,True,7.18,8.78,3,10.04,-24.57,-12.81,-18.2,0.0,2026-07-22,2026-07-22,17.18,0.834,-0.5119,0.8328,0.5004,0.1596,0.0,0.1751,-0.5916,0.2042,多周期共振看空 ⬇⬇⬇,-0.6345,-0.4189,-0.3375
002218,拓日新能,48.15,True,3.47,3.65,0,-4.66,-12.06,-7.96,-4.93,0.0,2026-07-22,2026-07-22,30.21,0.1397,-0.2839,0.3758,0.1703,0.4491,0.3737,0.1746,-0.7134,0.1433,多周期共振看空 ⬇⬇⬇,-0.625,-0.6946,-0.3375
001231,农心科技,8.61,True,16.89,18.35,0,-0.27,-9.49,-5.12,-7.97,0.0,2026-07-22,2026-07-22,33.39,-0.2664,0.0179,0.383,0.2071,0.5198,0.3617,0.1746,-0.8475,0.0762,多周期共振看空 ⬇⬇⬇,-0.907,-0.5902,-0.495
001360,南矿集团,16.64,True,13.26,16.01,2,6.21,-20.15,-11.4,-17.16,0.0,2026-07-22,2026-07-22,12.44,0.5491,-0.1553,0.4038,0.4673,0.0542,0.327,0.1743,-0.6803,0.1598,多周期共振看空 ⬇⬇⬇,-0.756,-0.5097,-0.3375
001282,三联锻造,21.64,True,14.17,17.55,7,20.5,-21.41,-5.83,-19.24,0.0,2026-07-22,2026-07-22,18.87,0.8567,-0.7763,0.565,0.514,0.1972,0.0584,0.1741,-0.713,0.1435,多周期共振看空 ⬇⬇⬇,-0.6188,-0.4741,-0.5625
003017,大洋生物,16.13,True,19.4,21.93,8,8.24,-11.55,-1.27,-11.55,0.0,2026-07-22,2026-07-22,15.14,0.6554,-0.328,0.4463,0.462,0.1143,0.2561,0.174,-0.6896,0.1552,多周期共振看空 ⬇⬇⬇,-0.6042,-0.4352,-0.5625
002534,西子洁能,103.58,True,12.55,16.75,3,6.59,-25.06,-10.73,-25.06,0.0,2026-07-22,2026-07-22,31.34,-0.1959,0.0252,0.8337,0.2101,0.4742,0.0,0.1739,-0.5138,0.2431,多周期共振看空 ⬇⬇⬇,-0.74,-0.3375,-0.1575
002438,江苏神通,56.88,True,12.13,13.46,0,-3.3,-12.95,-8.36,-9.9,0.0,2026-07-22,2026-07-22,17.07,0.6604,-0.6304,0.3694,0.3962,0.157,0.3843,0.1737,-0.7403,0.1299,多周期共振看空 ⬇⬇⬇,-0.7875,-0.6145,-0.3375
002395,双象股份,30.14,True,11.24,12.04,1,0.1,-13.1,-5.23,-6.64,0.0,2026-07-22,2026-07-22,29.65,0.3428,-0.4626,0.38,0.2206,0.4367,0.3667,0.1737,-0.7807,0.1097,多周期共振看空 ⬇⬇⬇,-0.657,-0.5902,-0.5625
002812,恩捷股份,393.54,True,47.84,58.74,5,3.25,-21.0,-8.31,-18.55,0.0,2026-07-22,2026-07-22,23.39,0.1807,-0.5035,0.6749,0.1084,0.2975,0.0,0.1737,-0.1412,0.4294,月线看多，中短期调整中,-0.7147,-0.3521,0.2925
002368,太极股份,84.91,True,13.66,13.94,2,3.95,-13.42,-7.23,-2.0,0.0,2026-07-22,2026-07-22,46.13,-0.1051,-0.401,0.4606,0.0396,0.803,0.2323,0.1735,-0.8251,0.0875,多周期共振看空 ⬇⬇⬇,-0.5845,-0.75,-0.5625
002369,卓翼科技,28.25,True,4.99,5.25,0,-3.29,-11.03,-7.15,-4.96,0.0,2026-07-22,2026-07-22,37.01,-0.0772,-0.2231,0.3646,0.1107,0.6003,0.3923,0.1734,-0.8241,0.0879,多周期共振看空 ⬇⬇⬇,-0.625,-0.7131,-0.5625
001387,雪祺电气,12.14,True,10.42,12.19,11,6.55,-14.5,-2.12,-14.5,0.0,2026-07-22,2026-07-22,20.63,0.5447,-0.5389,0.3864,0.3268,0.2362,0.3559,0.1733,-0.7043,0.1478,多周期共振看空 ⬇⬇⬇,-0.5177,-0.5417,-0.5625
002316,亚联发展,12.4,True,3.64,4.01,0,-0.71,-11.82,-6.69,-9.31,0.0,2026-07-22,2026-07-22,32.45,-0.2725,0.2363,0.4633,0.2945,0.4989,0.2278,0.1727,-0.8706,0.0647,多周期共振看空 ⬇⬇⬇,-0.866,-0.6087,-0.5625
001238,浙江正特,33.66,True,23.19,26.41,1,0.43,-13.32,-6.32,-12.2,0.0,2026-07-22,2026-07-22,30.17,-0.5039,0.7887,0.4968,0.4,0.4482,0.172,0.1726,-0.9349,0.0326,多周期共振看空 ⬇⬇⬇,-0.866,-0.75,-0.5625
002489,浙江永强,48.97,True,2.56,2.73,0,-1.18,-17.75,-9.0,-6.21,0.0,2026-07-22,2026-07-22,29.09,0.212,-0.5577,0.2788,0.1272,0.4242,0.5353,0.1725,-0.7607,0.1196,多周期共振看空 ⬇⬇⬇,-0.673,-0.5325,-0.5625
002816,*ST和科,21.0,True,21.0,27.36,14,13.33,-23.25,0.75,-23.25,0.0,2026-07-22,2026-07-22,26.18,-0.1818,-0.5236,0.7067,0.0,0.3595,0.0,0.1723,-0.0532,0.4734,多周期方向不一致，观望,-0.2651,-0.0067,0.0
001268,联合精密,17.14,True,18.17,24.08,5,3.23,-30.46,-10.92,-24.55,0.0,2026-07-22,2026-07-22,27.99,-0.2922,0.0715,0.8695,0.2286,0.3997,0.0,0.1722,-0.4677,0.2661,多周期共振看空 ⬇⬇⬇,-0.6645,-0.1883,-0.27
001308,康冠科技,82.54,True,16.94,19.18,5,2.19,-12.01,-5.19,-11.7,0.0,2026-07-22,2026-07-22,11.78,0.5366,-0.4158,0.395,0.3556,0.0395,0.3417,0.1718,-0.5151,0.2424,多周期共振看空 ⬇⬇⬇,-0.4797,-0.3384,-0.3825
002114,罗平锌电,19.5,True,6.03,6.64,0,-0.29,-14.89,-7.64,-9.21,0.0,2026-07-22,2026-07-22,22.02,0.8253,-0.6159,0.558,0.4952,0.2671,0.0699,0.1716,-0.7956,0.1022,多周期共振看空 ⬇⬇⬇,-0.765,-0.5978,-0.495
002587,奥拓电子,26.64,True,5.0,6.17,7,11.68,-20.9,-8.2,-18.92,0.0,2026-07-22,2026-07-22,11.85,0.8187,-0.5687,0.7135,0.4912,0.041,0.0,0.1715,-0.4629,0.2686,多周期共振看空 ⬇⬇⬇,-0.5737,-0.3682,-0.1575
002809,红墙股份,11.68,True,6.87,7.47,0,-0.68,-10.19,-5.92,-8.08,0.0,2026-07-22,2026-07-22,31.86,0.2675,-0.5037,0.3696,0.1605,0.4857,0.3839,0.1713,-0.7765,0.1118,多周期共振看空 ⬇⬇⬇,-0.6762,-0.5646,-0.5625
002765,蓝黛科技,36.76,True,6.17,7.03,3,4.54,-12.25,-6.53,-12.25,0.0,2026-07-22,2026-07-22,33.22,0.481,-0.2275,0.5746,0.3976,0.5161,0.0424,0.1709,-0.9223,0.0388,多周期共振看空 ⬇⬇⬇,-0.8337,-0.75,-0.5625
002696,百洋股份,15.68,True,4.69,5.17,4,4.38,-9.34,-3.36,-9.34,0.0,2026-07-22,2026-07-22,24.32,0.4665,-0.1149,0.5592,0.434,0.3183,0.068,0.1705,-0.7666,0.1167,多周期共振看空 ⬇⬇⬇,-0.5348,-0.7315,-0.495
002855,捷荣技术,20.9,True,8.49,9.21,0,-1.56,-12.38,-8.09,-7.84,0.0,2026-07-22,2026-07-22,38.1,0.0905,-0.3369,0.4273,0.1195,0.6243,0.2878,0.1705,-0.8067,0.0967,多周期共振看空 ⬇⬇⬇,-0.6127,-0.6854,-0.5625
000856,冀东装备,15.35,True,6.76,7.24,1,0.72,-12.66,-5.93,-6.57,0.0,2026-07-22,2026-07-22,36.84,0.1782,-0.4075,0.4058,0.1439,0.5965,0.3236,0.1704,-0.8421,0.079,多周期共振看空 ⬇⬇⬇,-0.682,-0.7038,-0.5625
002079,苏州固锝,71.44,True,8.81,12.57,12,15.42,-35.2,-4.0,-29.93,0.0,2026-07-22,2026-07-22,18.93,-0.2336,-0.1837,0.8076,0.1265,0.1984,0.0,0.1704,-0.077,0.4615,多周期方向不一致，观望,-0.3165,-0.0671,0.0
002997,瑞鹄模具,52.77,True,25.21,27.94,5,6.05,-11.37,-3.36,-9.76,0.0,2026-07-22,2026-07-22,33.78,0.3719,-0.4926,0.5239,0.2261,0.5284,0.1268,0.1704,-0.734,0.133,多周期共振看空 ⬇⬇⬇,-0.5602,-0.5706,-0.5625
002742,冀衡医药,17.19,True,3.28,3.49,5,3.57,-15.94,-4.84,-6.15,0.0,2026-07-22,2026-07-22,39.37,-0.0467,-0.4057,0.5002,0.0377,0.6527,0.1663,0.1701,-0.6156,0.1922,多周期共振看空 ⬇⬇⬇,-0.4542,-0.4011,-0.5625
000050,深天马Ａ,153.21,True,6.29,8.06,9,27.13,-28.18,-5.49,-21.95,0.0,2026-07-22,2026-07-22,8.89,0.8961,-0.7226,0.5403,0.5377,0.0,0.0996,0.17,-0.5803,0.2098,多周期共振看空 ⬇⬇⬇,-0.3907,-0.4906,-0.45
002338,奥普光电,92.83,True,38.68,49.84,7,7.96,-26.13,-5.84,-22.4,0.0,2026-07-22,2026-07-22,18.74,0.3253,0.0066,0.691,0.3978,0.1942,0.0,0.1698,-0.5111,0.2445,多周期共振看空 ⬇⬇⬇,-0.5955,-0.2978,-0.315
002194,武汉凡谷,41.18,True,8.06,9.03,2,2.88,-21.55,-13.99,-10.75,0.0,2026-07-22,2026-07-22,23.74,0.7197,-0.7418,0.5798,0.4318,0.3054,0.0337,0.1697,-0.7269,0.1366,多周期共振看空 ⬇⬇⬇,-0.7425,-0.3987,-0.5625
002361,神剑股份,74.27,True,9.18,12.08,0,-4.05,-28.71,-16.11,-24.01,0.0,2026-07-22,2026-07-22,19.91,0.6688,-0.4956,0.8348,0.403,0.2203,0.0,0.1696,-0.5524,0.2238,多周期共振看空 ⬇⬇⬇,-0.774,-0.2806,-0.27
002952,亚世光电,22.7,True,17.24,20.16,0,-3.95,-14.57,-9.04,-14.5,0.0,2026-07-22,2026-07-22,18.21,0.4927,-0.2629,0.4791,0.3905,0.1824,0.2014,0.1696,-0.6476,0.1762,多周期共振看空 ⬇⬇⬇,-0.875,-0.4033,-0.27
600076,康欣新材,35.76,True,2.66,3.14,3,5.05,-16.95,-6.87,-15.27,0.0,2026-07-22,2026-07-22,21.34,0.6304,-0.8514,0.8094,0.3783,0.252,0.0,0.1691,-0.5549,0.2226,多周期共振看空 ⬇⬇⬇,-0.5535,-0.4076,-0.3375
000530,冰山冷热,27.07,True,4.51,4.98,0,-3.95,-14.49,-7.47,-9.5,0.0,2026-07-22,2026-07-22,19.7,0.7286,-0.6089,0.4036,0.4372,0.2155,0.3274,0.1688,-0.8697,0.0651,多周期共振看空 ⬇⬇⬇,-0.7761,-0.6837,-0.5625
002328,新朋股份,35.33,True,6.19,7.12,0,-1.5,-14.1,-7.87,-13.03,0.0,2026-07-22,2026-07-22,23.48,-0.1199,0.0804,0.4311,0.2322,0.2996,0.2815,0.1685,-0.6083,0.1959,多周期共振看空 ⬇⬇⬇,-0.8615,-0.3418,-0.2568
002006,精工科技,66.95,True,12.88,14.25,6,5.25,-9.96,-3.65,-9.63,0.0,2026-07-22,2026-07-22,23.24,0.6337,-0.2269,0.5477,0.4895,0.2942,0.0872,0.1682,-0.8604,0.0698,多周期共振看空 ⬇⬇⬇,-0.7415,-0.6929,-0.5625
003002,壶化股份,26.49,True,14.49,16.86,0,-5.53,-15.84,-11.3,-14.04,0.0,2026-07-22,2026-07-22,23.79,0.0027,0.5585,0.4058,0.4016,0.3063,0.3236,0.1682,-0.9235,0.0383,多周期共振看空 ⬇⬇⬇,-0.925,-0.6744,-0.5625
000619,海螺新材,14.87,True,4.13,4.41,0,-0.17,-12.31,-6.71,-6.43,0.0,2026-07-22,2026-07-22,33.63,0.0579,-0.3318,0.3056,0.102,0.5251,0.4907,0.1681,-0.8407,0.0796,多周期共振看空 ⬇⬇⬇,-0.691,-0.6929,-0.5625
002535,林州重机,15.52,True,2.08,2.24,2,2.43,-11.59,-4.63,-7.25,0.0,2026-07-22,2026-07-22,36.47,0.0837,-0.3052,0.4393,0.1282,0.5882,0.2678,0.1678,-0.7828,0.1086,多周期共振看空 ⬇⬇⬇,-0.476,-0.75,-0.5625
002578,闽发铝业,23.85,True,2.77,3.02,0,-6.51,-13.49,-9.85,-8.43,0.0,2026-07-22,2026-07-22,27.06,0.1955,-0.3847,0.3561,0.1634,0.3791,0.4065,0.1678,-0.6992,0.1504,多周期共振看空 ⬇⬇⬇,-0.7,-0.5991,-0.3375
000565,渝三峡Ａ,22.81,True,5.26,5.73,0,-0.09,-10.29,-5.58,-8.2,0.0,2026-07-22,2026-07-22,30.51,-0.4383,0.0869,0.3875,0.2348,0.4557,0.3542,0.1673,-0.8671,0.0665,多周期共振看空 ⬇⬇⬇,-0.857,-0.6087,-0.5625
001269,欧晶科技,32.19,True,16.73,19.52,0,-8.96,-19.0,-14.9,-14.28,0.0,2026-07-22,2026-07-22,19.72,0.847,-0.762,0.7521,0.5082,0.216,0.0,0.1668,-0.7379,0.131,多周期共振看空 ⬇⬇⬇,-0.693,-0.4653,-0.5625
002527,新时达,52.04,True,9.84,11.76,0,-0.39,-19.34,-11.35,-16.32,0.0,2026-07-22,2026-07-22,23.55,0.7065,-0.7342,0.6416,0.4239,0.3011,0.0,0.1668,-0.705,0.1475,多周期共振看空 ⬇⬇⬇,-0.5195,-0.5417,-0.5625
002232,启明信息,55.03,True,13.47,14.01,3,1.25,-9.75,-3.59,-3.85,0.0,2026-07-22,2026-07-22,31.37,0.3999,-0.4213,0.4946,0.2714,0.4749,0.1757,0.1667,-0.8112,0.0944,多周期共振看空 ⬇⬇⬇,-0.6027,-0.7038,-0.5625
002198,ST嘉应,15.17,True,2.99,3.24,8,3.42,-16.71,-4.57,-7.62,0.0,2026-07-22,2026-07-22,38.1,0.3485,-0.5889,0.5892,0.2091,0.6243,0.018,0.1665,-0.7664,0.1168,多周期共振看空 ⬇⬇⬇,-0.4555,-0.7315,-0.5625
002178,延华智能,29.25,True,4.11,4.32,0,-2.68,-15.64,-9.43,-4.78,0.0,2026-07-22,2026-07-22,36.45,-0.009,-0.2895,0.3301,0.0842,0.5877,0.4498,0.1662,-0.8702,0.0649,多周期共振看空 ⬇⬇⬇,-0.7,-0.75,-0.5625
001266,宏英智能,17.3,True,29.76,41.08,5,9.73,-32.73,-10.94,-27.55,0.0,2026-07-22,2026-07-22,14.03,0.3225,-0.4061,0.6461,0.2311,0.0896,0.0,0.1662,-0.1481,0.4259,多周期方向不一致，观望,-0.6202,-0.1329,0.0134
002134,天津普林,50.58,True,20.43,26.53,8,6.96,-26.63,-6.1,-23.0,0.0,2026-07-22,2026-07-22,13.56,0.3778,-0.4316,0.647,0.254,0.0791,0.0,0.1654,-0.1783,0.4108,月线震荡，中短期走弱,-0.4905,-0.179,0.0
002664,信质集团,58.49,True,14.53,17.01,3,7.98,-14.55,-5.8,-14.55,0.0,2026-07-22,2026-07-22,29.42,0.5242,-0.29,0.6571,0.3985,0.4315,0.0,0.1653,-0.833,0.0835,多周期共振看空 ⬇⬇⬇,-0.7627,-0.6146,-0.5625
000590,古汉医药,18.72,True,7.82,8.26,1,1.19,-11.47,-6.19,-5.36,0.0,2026-07-22,2026-07-22,37.59,-0.4706,-0.1742,0.4298,0.1303,0.6131,0.2837,0.1651,-0.8506,0.0747,多周期共振看空 ⬇⬇⬇,-0.682,-0.7223,-0.5625
000969,安泰科技,162.03,True,15.56,20.65,8,12.72,-29.25,-9.61,-24.64,0.0,2026-07-22,2026-07-22,5.98,0.7612,-0.683,0.6122,0.4567,0.0,0.0,0.1648,-0.4125,0.2938,多周期共振看空 ⬇⬇⬇,-0.501,-0.2521,-0.225
002247,聚力文化,12.61,True,1.96,2.13,2,1.35,-10.1,-5.05,-7.96,0.0,2026-07-22,2026-07-22,33.33,-0.2133,0.0939,0.4111,0.2376,0.5185,0.3148,0.1647,-0.9366,0.0317,多周期共振看空 ⬇⬇⬇,-0.9025,-0.7223,-0.5625
002935,天奥电子,60.05,True,14.51,19.63,11,11.07,-26.56,-5.29,-26.08,0.0,2026-07-22,2026-07-22,9.13,0.6012,-0.3693,0.6998,0.413,0.0,0.0,0.1647,-0.3432,0.3284,多周期共振看空 ⬇⬇⬇,-0.4762,-0.1886,-0.1575
002730,电光科技,73.22,True,21.16,26.67,5,6.89,-24.91,-6.95,-20.65,0.0,2026-07-22,2026-07-22,24.28,-0.2939,-0.4918,0.6853,0.0033,0.3172,0.0,0.1647,-0.0681,0.4659,月线看多，中短期调整中,-0.6041,-0.2563,0.45
002516,旷达科技,73.76,True,5.05,5.39,0,-2.61,-8.92,-5.4,-6.28,0.0,2026-07-22,2026-07-22,27.42,0.1058,-0.458,0.3089,0.0803,0.3871,0.4851,0.1646,-0.6645,0.1678,多周期共振看空 ⬇⬇⬇,-0.5725,-0.4748,-0.495
002117,东港股份,39.53,True,7.55,7.88,1,0.1,-12.39,-5.97,-4.24,0.0,2026-07-22,2026-07-22,41.84,-0.0514,-0.5543,0.3739,0.0,0.7076,0.3769,0.1646,-0.8341,0.083,多周期共振看空 ⬇⬇⬇,-0.6505,-0.7131,-0.5625
002331,皖通科技,25.13,True,6.25,6.97,0,-3.34,-12.55,-9.02,-10.39,0.0,2026-07-22,2026-07-22,22.7,0.4171,-0.4985,0.3399,0.2509,0.2822,0.4335,0.1642,-0.7731,0.1134,多周期共振看空 ⬇⬇⬇,-0.875,-0.4542,-0.495
002877,智能自控,15.63,True,6.5,7.0,0,-0.59,-9.89,-5.6,-7.09,0.0,2026-07-22,2026-07-22,34.63,0.1259,-0.3223,0.3392,0.1466,0.5474,0.4347,0.164,-0.9275,0.0363,多周期共振看空 ⬇⬇⬇,-0.89,-0.7131,-0.5625
002339,积成电子,30.64,True,6.4,6.7,0,-3.8,-12.46,-7.67,-4.5,0.0,2026-07-22,2026-07-22,33.53,-0.003,-0.4058,0.322,0.0377,0.523,0.4633,0.164,-0.7468,0.1266,多周期共振看空 ⬇⬇⬇,-0.7,-0.7038,-0.3375
002531,天顺风能,108.28,True,6.06,7.5,0,-5.74,-22.87,-13.38,-19.16,0.0,2026-07-22,2026-07-22,18.9,-0.6492,0.6452,0.5401,0.4,0.1977,0.0998,0.1637,-0.6476,0.1762,多周期共振看空 ⬇⬇⬇,-0.7875,-0.4783,-0.27
002295,精艺股份,18.63,True,7.44,8.33,0,-3.46,-11.68,-8.27,-10.64,0.0,2026-07-22,2026-07-22,28.2,-0.0927,0.0749,0.3506,0.23,0.4043,0.4157,0.1629,-0.8825,0.0588,多周期共振看空 ⬇⬇⬇,-0.875,-0.6271,-0.5625
000981,山子高科,235.93,True,2.48,2.69,0,-5.7,-13.82,-10.67,-7.96,0.0,2026-07-22,2026-07-22,33.33,0.2787,-0.4075,0.4976,0.2042,0.5185,0.1706,0.1626,-0.785,0.1075,多周期共振看空 ⬇⬇⬇,-0.625,-0.6946,-0.495
002491,通鼎互联,193.65,True,16.46,24.25,7,40.53,-36.35,-9.4,-32.13,0.0,2026-07-22,2026-07-22,14.32,0.0934,-0.3806,0.7306,0.1038,0.0959,0.0,0.1624,0.0177,0.5089,多周期方向不一致，观望,-0.4372,0.0025,0.45
002240,盛新锂能,252.42,True,27.65,36.78,2,2.04,-32.58,-14.79,-24.83,0.0,2026-07-22,2026-07-22,15.25,0.4369,-0.4883,0.7462,0.2668,0.1167,0.0,0.1618,-0.2721,0.3639,月线震荡，中短期走弱,-0.7515,-0.314,0.0434
002960,青鸟智控,73.1,True,7.55,8.27,1,0.63,-8.72,-3.16,-8.72,0.0,2026-07-22,2026-07-22,23.4,-0.0528,-0.061,0.3745,0.1756,0.2979,0.3759,0.1614,-0.648,0.176,多周期共振看空 ⬇⬇⬇,-0.4817,-0.5163,-0.495
000936,华西股份,42.08,True,4.75,5.1,0,-4.34,-11.21,-7.25,-6.91,0.0,2026-07-22,2026-07-22,24.07,0.3933,-0.5599,0.3075,0.236,0.3128,0.4875,0.1612,-0.8534,0.0733,多周期共振看空 ⬇⬇⬇,-0.7,-0.7131,-0.5625
000733,振华科技,216.76,True,39.12,48.82,8,12.7,-25.42,-7.96,-19.88,0.0,2026-07-22,2026-07-22,16.01,0.591,-0.6153,0.8057,0.3546,0.1336,0.0,0.1612,-0.4379,0.2811,多周期共振看空 ⬇⬇⬇,-0.432,-0.3671,-0.225
000702,正虹科技,12.29,True,4.61,5.05,2,2.76,-11.69,-4.73,-8.72,0.0,2026-07-22,2026-07-22,32.35,-0.0049,0.0259,0.4121,0.2104,0.4967,0.3132,0.1606,-0.8982,0.0509,多周期共振看空 ⬇⬇⬇,-0.8935,-0.6456,-0.5625
001358,兴欣新材,9.78,True,19.67,23.77,8,13.43,-17.5,-3.97,-17.25,0.0,2026-07-22,2026-07-22,1.78,0.7862,-0.1462,0.6558,0.6132,0.0,0.0,0.1604,-0.6977,0.1512,多周期共振看空 ⬇⬇⬇,-0.6593,-0.4734,-0.495
002725,跃岭股份,24.4,True,9.8,11.36,0,-2.73,-16.31,-9.73,-13.71,0.0,2026-07-22,2026-07-22,24.13,0.6661,-0.4977,0.6018,0.4006,0.314,0.0,0.16,-0.7376,0.1312,多周期共振看空 ⬇⬇⬇,-0.6813,-0.5422,-0.495
001259,利仁科技,20.77,True,43.69,58.82,1,1.96,-29.26,-10.56,-25.73,0.0,2026-07-22,2026-07-22,12.51,0.2314,-0.646,0.5917,0.1388,0.0559,0.0139,0.16,-0.0206,0.4897,多周期方向不一致，观望,-0.624,-0.0056,0.45
002922,伊戈尔,88.9,True,23.58,28.31,0,-7.03,-22.42,-13.91,-16.7,0.0,2026-07-22,2026-07-22,26.92,0.3926,-0.3301,0.6455,0.3035,0.3759,0.0,0.1599,-0.6574,0.1713,多周期共振看空 ⬇⬇⬇,-0.783,-0.4363,-0.3375
002903,宇环数控,24.59,True,23.05,35.52,3,9.6,-41.79,-18.23,-35.11,0.0,2026-07-22,2026-07-22,10.53,-0.6371,-0.0306,0.8845,0.1878,0.0117,0.0,0.159,-0.0423,0.4788,多周期方向不一致，观望,-0.63,-0.096,0.45
002560,通达股份,34.33,True,5.42,6.72,1,0.29,-21.9,-12.34,-19.38,0.0,2026-07-22,2026-07-22,15.19,0.4373,-0.3659,0.4495,0.316,0.1154,0.2508,0.1584,-0.5771,0.2115,多周期共振看空 ⬇⬇⬇,-0.7875,-0.3233,-0.27
002759,天际股份,63.27,True,12.63,21.0,4,3.02,-46.48,-16.35,-39.87,0.0,2026-07-22,2026-07-22,6.23,0.4461,1.8906,0.9282,0.6677,0.0,0.0,0.1582,-0.8024,0.0988,多周期共振看空 ⬇⬇⬇,-0.7605,-0.6167,-0.495
002703,浙江世宝,69.27,True,11.82,13.38,0,-1.75,-14.45,-10.01,-11.65,0.0,2026-07-22,2026-07-22,29.09,0.4002,-0.5348,0.5593,0.2401,0.4242,0.0678,0.1574,-0.6879,0.1561,多周期共振看空 ⬇⬇⬇,-0.7875,-0.4993,-0.3375
000519,中兵红箭,187.16,True,13.44,17.62,9,11.64,-27.86,-8.74,-23.74,0.0,2026-07-22,2026-07-22,9.91,0.7695,-0.7592,0.648,0.4617,0.0,0.0,0.157,-0.4823,0.2589,多周期共振看空 ⬇⬇⬇,-0.4178,-0.3193,-0.3825
002442,龙星科技,21.38,True,4.35,4.91,3,2.97,-12.49,-5.52,-11.33,0.0,2026-07-22,2026-07-22,13.67,0.851,-0.8159,0.5211,0.5106,0.0815,0.1316,0.1567,-0.7667,0.1166,多周期共振看空 ⬇⬇⬇,-0.6103,-0.5994,-0.5625
002189,中光学,43.43,True,16.63,19.78,7,9.26,-15.91,-3.45,-15.91,0.0,2026-07-22,2026-07-22,9.31,0.7236,-0.6504,0.441,0.4341,0.0,0.2649,0.1567,-0.6528,0.1736,多周期共振看空 ⬇⬇⬇,-0.6507,-0.4944,-0.3825
002449,国星光电,36.61,True,5.92,6.89,0,-1.21,-15.36,-8.53,-14.03,0.0,2026-07-22,2026-07-22,11.45,0.8626,-0.6542,0.4289,0.5175,0.0323,0.2851,0.1565,-0.8426,0.0787,多周期共振看空 ⬇⬇⬇,-0.7605,-0.6375,-0.5625
002012,凯恩股份,23.66,True,5.06,6.03,0,-6.56,-16.75,-10.27,-16.04,0.0,2026-07-22,2026-07-22,15.96,0.4249,-0.5611,0.4009,0.255,0.1325,0.3318,0.1565,-0.5801,0.21,多周期共振看空 ⬇⬇⬇,-0.8232,-0.2993,-0.27
001332,锡装股份,18.49,True,27.52,33.4,0,-6.23,-22.68,-16.68,-17.6,0.0,2026-07-22,2026-07-22,16.38,0.331,-0.5547,0.3974,0.1986,0.1417,0.3376,0.1561,-0.5093,0.2454,多周期共振看空 ⬇⬇⬇,-0.747,-0.209,-0.27
002446,盛路通信,61.72,True,7.28,9.6,6,7.96,-26.55,-8.32,-24.19,0.0,2026-07-22,2026-07-22,14.09,0.5847,-0.6467,0.7832,0.3508,0.0909,0.0,0.1554,-0.4269,0.2865,多周期共振看空 ⬇⬇⬇,-0.5282,-0.2605,-0.225
002592,ST八菱,14.61,True,5.56,6.09,2,3.37,-11.18,-4.57,-8.74,0.0,2026-07-22,2026-07-22,28.7,0.3443,-0.1523,0.5477,0.3457,0.4156,0.0872,0.1552,-0.8804,0.0598,多周期共振看空 ⬇⬇⬇,-0.848,-0.7131,-0.495
002048,宁波华翔,130.87,True,18.48,22.2,1,1.07,-19.33,-10.54,-16.76,0.0,2026-07-22,2026-07-22,25.69,0.4344,-0.2075,0.7089,0.3776,0.3487,0.0,0.1551,-0.7816,0.1092,多周期共振看空 ⬇⬇⬇,-0.7605,-0.5034,-0.5625
001217,华尔泰,27.6,True,8.41,8.66,0,-0.38,-9.56,-4.36,-2.94,0.0,2026-07-22,2026-07-22,23.33,0.404,-0.4133,0.3946,0.2771,0.2963,0.3423,0.1548,-0.8342,0.0829,多周期共振看空 ⬇⬇⬇,-0.6294,-0.7315,-0.5625
002915,中欣氟材,44.28,True,15.37,18.52,6,13.64,-17.39,-7.03,-17.02,0.0,2026-07-22,2026-07-22,12.83,0.8781,-0.6277,0.8782,0.5269,0.0629,0.0,0.1542,-0.6848,0.1576,多周期共振看空 ⬇⬇⬇,-0.4773,-0.5334,-0.5625
000020,深华发Ａ,17.39,True,9.6,10.53,0,-3.24,-9.19,-6.47,-8.85,0.0,2026-07-22,2026-07-22,23.94,0.2614,-0.2508,0.3392,0.2565,0.3099,0.4346,0.1539,-0.8989,0.0505,多周期共振看空 ⬇⬇⬇,-0.8705,-0.6669,-0.5625
002518,科士达,186.5,True,33.0,42.82,4,7.68,-28.22,-10.69,-22.94,0.0,2026-07-22,2026-07-22,16.87,0.3381,-0.1362,0.8924,0.3484,0.1526,0.0,0.1535,-0.5121,0.244,多周期共振看空 ⬇⬇⬇,-0.66,-0.3348,-0.225
002388,新亚制程,18.78,True,3.71,4.62,3,3.52,-23.0,-9.58,-19.71,0.0,2026-07-22,2026-07-22,19.39,0.4497,-0.1138,0.6184,0.4243,0.2087,0.0,0.1534,-0.7019,0.1491,多周期共振看空 ⬇⬇⬇,-0.702,-0.446,-0.495
002176,江特电机,128.47,True,7.54,8.95,0,-1.11,-20.22,-12.42,-15.74,0.0,2026-07-22,2026-07-22,11.76,0.6666,-0.5436,0.5055,0.3999,0.0392,0.1574,0.1529,-0.5895,0.2052,多周期共振看空 ⬇⬇⬇,-0.7875,-0.3506,-0.27
002778,中晟高科,16.59,True,13.44,15.08,0,-2.94,-11.4,-7.46,-10.89,0.0,2026-07-22,2026-07-22,27.49,0.3376,-0.4656,0.4111,0.2163,0.3887,0.3149,0.1528,-0.8417,0.0791,多周期共振看空 ⬇⬇⬇,-0.654,-0.7269,-0.5625
002506,协鑫集成,140.85,True,2.41,2.72,0,-0.42,-17.14,-10.22,-11.53,0.0,2026-07-22,2026-07-22,18.18,0.5692,-0.3464,0.5109,0.4029,0.1818,0.1485,0.1528,-0.7589,0.1205,多周期共振看空 ⬇⬇⬇,-0.774,-0.6669,-0.3375
003042,中农联合,14.02,True,11.37,12.27,1,1.11,-10.59,-5.48,-7.35,0.0,2026-07-22,2026-07-22,35.18,-0.0787,-0.3525,0.3983,0.059,0.5595,0.3361,0.1524,-0.8157,0.0922,多周期共振看空 ⬇⬇⬇,-0.682,-0.7131,-0.495
002182,宝武镁业,95.38,True,11.02,13.1,7,15.65,-18.01,-4.42,-15.85,0.0,2026-07-22,2026-07-22,11.44,0.8037,-0.4281,0.7159,0.511,0.0321,0.0,0.1524,-0.637,0.1815,多周期共振看空 ⬇⬇⬇,-0.5903,-0.5565,-0.3375
002931,锋龙股份,86.94,True,43.2,59.75,8,15.61,-29.63,-8.15,-27.7,0.0,2026-07-22,2026-07-22,19.45,0.4668,-0.426,1.0319,0.3097,0.2099,0.0,0.1523,-0.5293,0.2354,多周期共振看空 ⬇⬇⬇,-0.3899,-0.4917,-0.3375
002708,光洋股份,47.12,True,9.12,11.59,2,3.51,-23.43,-12.05,-21.29,0.0,2026-07-22,2026-07-22,21.65,0.5205,-0.6379,0.6965,0.3123,0.2589,0.0,0.1515,-0.5983,0.2008,多周期共振看空 ⬇⬇⬇,-0.747,-0.2471,-0.4275
002501,*ST利源,42.91,True,1.21,1.28,1,1.8,-16.21,-6.49,-5.84,0.0,2026-07-22,2026-07-22,39.62,0.2133,-0.5717,0.5456,0.128,0.6583,0.0906,0.1515,-0.8553,0.0724,多周期共振看空 ⬇⬇⬇,-0.6941,-0.7223,-0.5625
002639,雪人集团,73.22,True,11.1,12.46,0,-2.12,-13.99,-9.35,-10.89,0.0,2026-07-22,2026-07-22,18.12,0.7012,-0.4905,0.5689,0.4245,0.1804,0.0519,0.1515,-0.7253,0.1374,多周期共振看空 ⬇⬇⬇,-0.7785,-0.5892,-0.3375
001336,楚环科技,9.48,True,19.16,21.64,0,-2.49,-11.45,-6.89,-11.45,0.0,2026-07-22,2026-07-22,28.11,0.1577,-0.5239,0.3814,0.0946,0.4024,0.3643,0.1511,-0.7166,0.1417,多周期共振看空 ⬇⬇⬇,-0.875,-0.4875,-0.3375
001379,腾达科技,9.49,True,14.1,15.37,0,-2.25,-9.97,-6.27,-8.27,0.0,2026-07-22,2026-07-22,32.87,0.0361,-0.3305,0.3698,0.0895,0.5081,0.3837,0.1505,-0.8558,0.0721,多周期共振看空 ⬇⬇⬇,-0.6955,-0.7223,-0.5625
002151,北斗星通,119.52,True,26.99,30.11,1,1.65,-12.41,-6.08,-10.36,0.0,2026-07-22,2026-07-22,36.03,0.0334,-0.1593,0.6415,0.1563,0.5785,0.0,0.1498,-0.7457,0.1271,多周期共振看空 ⬇⬇⬇,-0.7639,-0.6467,-0.3375
002735,王子新材,28.25,True,9.91,13.13,1,3.05,-31.72,-19.14,-24.52,0.0,2026-07-22,2026-07-22,11.63,0.7978,-0.6371,0.6914,0.4787,0.0362,0.0,0.1498,-0.6111,0.1945,多周期共振看空 ⬇⬇⬇,-0.57,-0.4721,-0.3825
002253,川大智胜,17.91,True,8.53,9.61,0,-2.74,-12.32,-8.0,-11.23,0.0,2026-07-22,2026-07-22,22.95,0.3441,-0.0502,0.6339,0.3864,0.2878,0.0,0.1495,-0.7673,0.1164,多周期共振看空 ⬇⬇⬇,-0.875,-0.4413,-0.495
002471,中超控股,64.49,True,4.8,5.55,0,-3.61,-16.7,-12.77,-13.52,0.0,2026-07-22,2026-07-22,32.17,0.3103,-0.478,0.7013,0.1949,0.4926,0.0,0.1494,-0.7074,0.1463,多周期共振看空 ⬇⬇⬇,-0.7875,-0.5423,-0.3375
002547,*ST春兴,20.88,True,1.89,2.35,0,-6.14,-25.69,-15.82,-19.44,0.0,2026-07-22,2026-07-22,28.74,-0.5691,0.3517,0.8984,0.3407,0.4163,0.0,0.1493,-0.85,0.075,多周期共振看空 ⬇⬇⬇,-0.848,-0.5787,-0.5625
002760,凤形股份,15.98,True,14.8,16.38,2,6.99,-11.15,-4.87,-9.62,0.0,2026-07-22,2026-07-22,36.25,-0.101,-0.2007,0.6147,0.1197,0.5833,0.0,0.1487,-0.7017,0.1492,多周期共振看空 ⬇⬇⬇,-0.6884,-0.4572,-0.495
000553,安道麦A,110.81,True,5.09,5.54,3,1.44,-9.17,-3.97,-8.17,0.0,2026-07-22,2026-07-22,26.09,-0.4392,-0.167,0.4149,0.1332,0.3575,0.3085,0.1487,-0.6996,0.1502,多周期共振看空 ⬇⬇⬇,-0.6119,-0.4506,-0.5625
002347,泰尔股份,24.82,True,5.03,5.58,0,-1.95,-11.61,-8.46,-9.91,0.0,2026-07-22,2026-07-22,32.65,0.1763,-0.3548,0.4931,0.1639,0.5034,0.1781,0.148,-0.8251,0.0875,多周期共振看空 ⬇⬇⬇,-0.6955,-0.7223,-0.495
002836,新宏泽,18.62,True,8.08,9.18,0,-2.38,-11.94,-7.06,-11.94,0.0,2026-07-22,2026-07-22,24.5,-0.3867,0.146,0.3919,0.2584,0.3223,0.3469,0.1472,-0.9,0.05,多周期共振看空 ⬇⬇⬇,-0.866,-0.7408,-0.495
002676,顺威股份,32.54,True,4.52,4.9,1,0.53,-12.13,-5.5,-7.74,0.0,2026-07-22,2026-07-22,26.35,0.4081,-0.4635,0.4391,0.2595,0.3634,0.2682,0.1469,-0.8909,0.0545,多周期共振看空 ⬇⬇⬇,-0.7855,-0.7223,-0.5625
002380,科远智慧,38.61,True,27.15,31.52,0,-2.71,-20.18,-10.27,-13.85,0.0,2026-07-22,2026-07-22,22.98,-0.0435,-0.4251,0.6172,0.03,0.2884,0.0,0.1467,-0.2206,0.3897,月线震荡，中短期走弱,-0.738,-0.1998,0.0907
003005,竞业达,14.91,True,11.74,12.79,0,-2.27,-12.31,-7.21,-8.2,0.0,2026-07-22,2026-07-22,33.01,-0.3158,0.0571,0.5485,0.2228,0.5114,0.0858,0.1467,-0.8649,0.0675,多周期共振看空 ⬇⬇⬇,-0.6865,-0.75,-0.5625
000837,秦川机床,86.84,True,8.62,10.39,2,4.26,-18.52,-8.91,-17.05,0.0,2026-07-22,2026-07-22,16.73,0.7274,-0.5703,0.6271,0.4364,0.1496,0.0,0.1459,-0.7106,0.1447,多周期共振看空 ⬇⬇⬇,-0.702,-0.3975,-0.5625
000546,金圆股份,27.52,True,3.95,4.58,1,1.03,-15.04,-8.11,-13.82,0.0,2026-07-22,2026-07-22,14.29,0.5939,-0.7176,0.4367,0.3563,0.0952,0.2721,0.1457,-0.7364,0.1318,多周期共振看空 ⬇⬇⬇,-0.8705,-0.5348,-0.3375
002584,西陇科学,32.7,True,6.98,8.87,12,33.97,-25.07,1.06,-21.32,0.0,2026-07-22,2026-07-22,15.58,0.4629,-0.5551,0.8517,0.2777,0.124,0.0,0.1449,-0.4342,0.2829,多周期共振看空 ⬇⬇⬇,-0.1974,-0.335,-0.45
002023,海特高新,63.05,True,8.51,11.26,9,17.2,-27.55,-5.88,-24.42,0.0,2026-07-22,2026-07-22,7.03,0.6459,-0.7194,0.555,0.3875,0.0,0.0751,0.1444,-0.5248,0.2376,多周期共振看空 ⬇⬇⬇,-0.5543,-0.2958,-0.3825
002225,濮耐股份,32.73,True,3.45,4.18,9,13.6,-19.32,-1.92,-17.54,0.0,2026-07-22,2026-07-22,17.95,0.7149,-0.7589,0.7139,0.429,0.1766,0.0,0.1444,-0.7428,0.1286,多周期共振看空 ⬇⬇⬇,-0.4401,-0.6929,-0.5625
002318,久立特材,180.12,True,18.88,20.8,8,5.91,-21.07,-7.48,-9.24,0.0,2026-07-22,2026-07-22,20.55,-0.5945,0.1476,0.4666,0.259,0.2344,0.2224,0.1438,-0.7236,0.1382,多周期共振看空 ⬇⬇⬇,-0.6405,-0.7038,-0.3375
002782,可立克,68.64,True,14.01,17.85,0,-5.15,-28.27,-17.18,-21.52,0.0,2026-07-22,2026-07-22,16.41,0.5647,-0.616,0.5481,0.3388,0.1425,0.0865,0.1431,-0.6375,0.1813,多周期共振看空 ⬇⬇⬇,-0.738,-0.431,-0.3375
000045,深纺织Ａ,39.62,True,8.67,9.57,0,-2.1,-10.78,-7.09,-9.41,0.0,2026-07-22,2026-07-22,15.61,0.4681,-0.327,0.3635,0.3501,0.1247,0.3942,0.1423,-0.8867,0.0566,多周期共振看空 ⬇⬇⬇,-0.875,-0.7038,-0.495
002825,纳尔股份,19.14,True,7.46,8.08,0,-1.26,-13.17,-7.03,-7.71,0.0,2026-07-22,2026-07-22,29.7,-0.2182,-0.3551,0.3339,0.0579,0.4378,0.4434,0.142,-0.8365,0.0817,多周期共振看空 ⬇⬇⬇,-0.691,-0.6837,-0.5625
002932,*ST明德,21.62,True,13.85,14.41,5,1.75,-6.89,-2.39,-3.89,0.0,2026-07-22,2026-07-22,30.92,-0.0113,-0.5264,0.2697,0.0,0.4649,0.5504,0.1419,-0.863,0.0685,多周期共振看空 ⬇⬇⬇,-0.6924,-0.7408,-0.5625
002795,永和智控,22.59,True,5.2,6.3,0,-0.22,-21.17,-9.57,-17.42,0.0,2026-07-22,2026-07-22,19.15,-0.2176,0.2742,0.6768,0.3097,0.2033,0.0,0.1417,-0.6055,0.1972,多周期共振看空 ⬇⬇⬇,-0.7754,-0.3962,-0.27
002512,ST达华,33.27,True,3.04,3.33,2,3.31,-22.2,-9.64,-8.65,0.0,2026-07-22,2026-07-22,40.21,-0.2662,-0.4311,0.7738,0.0276,0.6714,0.0,0.1417,-0.7164,0.1418,多周期共振看空 ⬇⬇⬇,-0.5295,-0.5582,-0.5625
002738,中矿资源,337.48,True,47.45,54.5,7,10.22,-20.96,-6.68,-12.94,0.0,2026-07-22,2026-07-22,17.62,0.3775,-0.1107,0.809,0.3822,0.1694,0.0,0.1417,-0.6815,0.1593,多周期共振看空 ⬇⬇⬇,-0.6315,-0.619,-0.3375
000536,华映科技,82.62,True,2.99,3.33,4,11.92,-15.6,-6.12,-10.3,0.0,2026-07-22,2026-07-22,11.51,0.7805,-0.346,0.8133,0.5299,0.0336,0.0,0.1409,-0.7608,0.1196,多周期共振看空 ⬇⬇⬇,-0.4647,-0.7113,-0.5625
002443,金洲管道,41.12,True,7.9,9.35,0,-0.38,-18.68,-9.82,-15.49,0.0,2026-07-22,2026-07-22,14.58,0.2919,-0.4491,0.6111,0.1955,0.1017,0.0,0.1409,-0.308,0.346,月线震荡，中短期走弱,-0.8255,-0.2078,-0.12
001306,夏厦精密,7.05,True,45.51,53.09,2,6.15,-16.78,-7.99,-14.28,0.0,2026-07-22,2026-07-22,29.63,0.3419,-0.4201,0.7041,0.2371,0.4362,0.0,0.1408,-0.7768,0.1116,多周期共振看空 ⬇⬇⬇,-0.604,-0.6271,-0.5625
000890,法尔胜,26.3,True,6.27,7.34,0,-1.61,-18.52,-14.17,-14.59,0.0,2026-07-22,2026-07-22,15.88,0.0964,-0.4119,0.7513,0.0931,0.1307,0.0,0.1407,-0.1802,0.4099,月线看多，中短期调整中,-0.575,-0.5452,0.18
002413,雷科防务,97.03,True,7.49,8.84,1,0.17,-17.61,-8.65,-15.29,0.0,2026-07-22,2026-07-22,28.02,0.336,-0.4387,0.6833,0.2261,0.4005,0.0,0.1407,-0.7166,0.1417,多周期共振看空 ⬇⬇⬇,-0.7544,-0.5908,-0.3375
003003,天元股份,10.81,True,9.18,10.05,2,1.55,-10.12,-4.34,-8.65,0.0,2026-07-22,2026-07-22,29.68,-0.1937,-0.3224,0.3423,0.071,0.4374,0.4296,0.1407,-0.8566,0.0717,多周期共振看空 ⬇⬇⬇,-0.898,-0.6179,-0.495
001324,长青科技,23.78,True,17.23,18.91,14,8.95,-8.87,1.16,-8.87,0.0304,2026-07-22,2026-07-22,21.98,0.037,-0.6333,0.4879,0.0222,0.2661,0.1869,0.1397,-0.4598,0.2701,多周期共振看空 ⬇⬇⬇,-0.2395,-0.2428,-0.5625
002055,ST得润,30.59,True,5.15,6.23,10,9.14,-17.38,-2.28,-17.38,0.0,2026-07-22,2026-07-22,21.32,0.0115,-0.3703,0.5505,0.0588,0.2515,0.0825,0.1394,-0.3465,0.3267,多周期共振看空 ⬇⬇⬇,-0.3716,-0.218,-0.225
002326,永太科技,131.31,True,16.24,21.39,9,18.73,-26.18,-5.83,-24.07,0.0,2026-07-22,2026-07-22,3.41,0.6919,-0.6036,0.8361,0.4152,0.0,0.0,0.139,-0.5526,0.2237,多周期共振看空 ⬇⬇⬇,-0.5272,-0.4252,-0.3375
001335,信凯科技,7.31,True,28.6,36.28,2,1.01,-24.7,-15.12,-21.16,0.0,2026-07-22,2026-07-22,4.25,0.5191,-0.2452,0.6299,0.4134,0.0,0.0,0.1387,-0.5517,0.2242,多周期共振看空 ⬇⬇⬇,-0.7425,-0.351,-0.225
002298,中电鑫龙,44.2,True,6.69,7.15,0,-5.17,-13.0,-8.17,-6.42,0.0,2026-07-22,2026-07-22,32.02,0.0128,-0.4203,0.436,0.0396,0.4893,0.2734,0.138,-0.7654,0.1173,多周期共振看空 ⬇⬇⬇,-0.625,-0.584,-0.5625
002785,万里石,62.75,True,32.43,39.57,10,10.2,-19.29,-3.49,-18.04,0.0,2026-07-22,2026-07-22,20.19,0.2356,-0.3588,0.5802,0.1978,0.2264,0.033,0.1375,-0.5144,0.2428,多周期共振看空 ⬇⬇⬇,-0.65,-0.3035,-0.27
002513,蓝丰生化,12.52,True,4.33,4.74,0,-1.49,-11.29,-6.88,-8.64,0.0,2026-07-22,2026-07-22,33.53,-0.1221,-0.1724,0.4529,0.131,0.5229,0.2452,0.1375,-0.9334,0.0333,多周期共振看空 ⬇⬇⬇,-0.916,-0.7038,-0.5625
002918,蒙娜丽莎,18.27,True,8.53,9.47,0,-5.84,-15.26,-10.87,-9.92,0.0,2026-07-22,2026-07-22,27.58,0.1413,-0.6136,0.4696,0.0848,0.3906,0.2174,0.1369,-0.683,0.1585,多周期共振看空 ⬇⬇⬇,-0.4704,-0.5354,-0.5625
002451,摩恩电气,27.23,True,6.2,6.8,0,-3.87,-10.33,-7.56,-8.78,0.0,2026-07-22,2026-07-22,25.14,-0.1716,-0.3073,0.3093,0.0771,0.3364,0.4845,0.1368,-0.8199,0.0901,多周期共振看空 ⬇⬇⬇,-0.7,-0.707,-0.495
002882,金龙羽,40.77,True,16.52,17.96,0,-2.31,-12.45,-8.6,-8.03,0.0,2026-07-22,2026-07-22,29.41,-0.0836,-0.2254,0.4266,0.1098,0.4314,0.2889,0.1365,-0.8325,0.0837,多周期共振看空 ⬇⬇⬇,-0.625,-0.7315,-0.5625
002453,华软科技,22.48,True,3.73,4.24,0,-1.81,-16.81,-11.29,-11.95,0.0,2026-07-22,2026-07-22,20.0,0.4614,-0.3382,0.5355,0.3416,0.2222,0.1075,0.1349,-0.8199,0.0901,多周期共振看空 ⬇⬇⬇,-0.7695,-0.5798,-0.5625
002255,海陆重工,48.87,True,7.66,8.67,6,4.94,-13.41,-5.55,-11.61,0.0,2026-07-22,2026-07-22,12.82,0.7198,-0.4103,0.552,0.4678,0.0627,0.08,0.1348,-0.8089,0.0956,多周期共振看空 ⬇⬇⬇,-0.654,-0.7223,-0.495
002590,万安科技,42.37,True,8.56,9.56,0,-3.47,-11.62,-8.3,-10.41,0.0,2026-07-22,2026-07-22,23.55,0.0861,-0.1697,0.3476,0.1838,0.3011,0.4206,0.1342,-0.9181,0.0409,多周期共振看空 ⬇⬇⬇,-0.866,-0.7131,-0.5625
002723,小崧股份,20.83,True,6.57,8.35,10,9.93,-23.65,-2.85,-21.29,0.0,2026-07-22,2026-07-22,22.0,0.2005,-0.4155,0.6484,0.1541,0.2667,0.0,0.1333,-0.4999,0.25,多周期共振看空 ⬇⬇⬇,-0.4622,-0.4325,-0.27
002796,世嘉科技,62.3,True,27.36,33.67,0,-2.18,-26.19,-12.95,-18.75,0.0,2026-07-22,2026-07-22,23.63,0.2703,-0.2799,0.7588,0.2502,0.3029,0.0,0.1331,-0.699,0.1505,多周期共振看空 ⬇⬇⬇,-0.7875,-0.5913,-0.27
001255,博菲电气,16.35,True,21.16,24.29,0,-4.0,-12.89,-9.15,-12.89,0.0,2026-07-22,2026-07-22,22.86,0.1099,-0.183,0.3715,0.1927,0.2858,0.3808,0.1331,-0.8909,0.0545,多周期共振看空 ⬇⬇⬇,-0.875,-0.7131,-0.495
000810,创维数字,104.51,True,9.41,11.6,11,14.94,-19.09,-1.17,-18.87,0.0,2026-07-22,2026-07-22,25.81,-0.2177,-0.376,0.7973,0.0496,0.3513,0.0,0.133,-0.4367,0.2817,多周期共振看空 ⬇⬇⬇,-0.4335,-0.2057,-0.3825
002300,太阳电缆,42.33,True,5.86,6.33,0,-6.37,-12.98,-9.42,-7.38,0.0,2026-07-22,2026-07-22,20.28,-0.1638,-0.4411,0.3127,0.0235,0.2284,0.4788,0.1329,-0.6318,0.1841,多周期共振看空 ⬇⬇⬇,-0.625,-0.5154,-0.3375
002367,康力电梯,40.36,True,5.08,6.16,12,20.63,-17.78,2.59,-17.6,0.0,2026-07-22,2026-07-22,0.93,0.4587,-0.6079,0.4638,0.2752,0.0,0.2271,0.1317,-0.5686,0.2157,多周期共振看空 ⬇⬇⬇,-0.2515,-0.584,-0.45
002988,豪美新材,47.41,True,18.98,21.43,1,5.15,-14.27,-9.29,-11.42,0.0,2026-07-22,2026-07-22,28.32,0.4234,-0.6754,0.6214,0.2541,0.4071,0.0,0.1312,-0.8456,0.0772,多周期共振看空 ⬇⬇⬇,-0.7695,-0.6363,-0.5625
003027,同兴科技,14.96,True,14.27,16.39,0,-2.44,-16.08,-10.79,-12.91,0.0,2026-07-22,2026-07-22,15.22,0.638,-0.4665,0.5534,0.3962,0.1159,0.0776,0.1308,-0.789,0.1055,多周期共振看空 ⬇⬇⬇,-0.866,-0.4967,-0.495
002519,银河电子,53.87,True,4.82,5.45,1,0.47,-14.11,-8.49,-11.54,0.0,2026-07-22,2026-07-22,33.33,-0.0588,-0.3122,0.6537,0.0751,0.5185,0.0,0.1307,-0.697,0.1515,多周期共振看空 ⬇⬇⬇,-0.7875,-0.5193,-0.3375
003015,日久光电,25.0,True,10.11,11.55,3,4.18,-12.86,-5.45,-12.45,0.0,2026-07-22,2026-07-22,15.34,0.7004,-0.5231,0.5233,0.4203,0.1186,0.1278,0.1307,-0.8714,0.0643,多周期共振看空 ⬇⬇⬇,-0.7355,-0.7223,-0.5625
002611,东方精工,140.76,True,14.02,16.35,2,1.48,-16.88,-6.23,-14.27,0.0,2026-07-22,2026-07-22,25.44,0.1649,-0.5641,0.4922,0.0989,0.343,0.1797,0.1303,-0.6711,0.1644,多周期共振看空 ⬇⬇⬇,-0.7065,-0.4194,-0.45
001373,翔腾新材,9.98,True,23.78,27.93,0,-2.44,-18.63,-11.94,-14.85,0.0,2026-07-22,2026-07-22,20.88,-0.4478,0.066,0.5082,0.2264,0.2417,0.1531,0.1303,-0.7324,0.1338,多周期共振看空 ⬇⬇⬇,-0.8615,-0.5337,-0.3375
002857,三晖电气,18.0,True,14.0,15.91,0,-0.09,-12.0,-6.43,-12.0,0.0,2026-07-22,2026-07-22,27.68,-0.2964,0.098,0.651,0.2392,0.3928,0.0,0.1298,-0.8155,0.0922,多周期共振看空 ⬇⬇⬇,-0.646,-0.6762,-0.5625
002992,宝明科技,53.98,True,34.55,39.14,3,3.56,-19.63,-6.9,-11.72,0.0,2026-07-22,2026-07-22,28.87,0.3066,-0.4728,0.6064,0.1948,0.4194,0.0,0.1297,-0.7771,0.1114,多周期共振看空 ⬇⬇⬇,-0.6724,-0.5691,-0.5625
002387,维信诺,86.07,True,6.17,7.76,6,6.53,-23.08,-6.75,-20.46,0.0,2026-07-22,2026-07-22,9.84,0.7145,-0.7622,0.65,0.4287,0.0,0.0,0.1296,-0.6493,0.1754,多周期共振看空 ⬇⬇⬇,-0.528,-0.5244,-0.45
002017,东信和平,72.28,True,12.46,13.62,0,-0.44,-12.85,-8.56,-8.54,0.0,2026-07-22,2026-07-22,23.31,-0.2231,-0.087,0.3633,0.1652,0.2959,0.3946,0.1288,-0.9043,0.0479,多周期共振看空 ⬇⬇⬇,-0.7875,-0.75,-0.5625
002497,雅化集团,177.9,True,16.79,19.72,6,11.7,-19.71,-7.5,-14.86,0.0,2026-07-22,2026-07-22,30.48,-0.0616,-0.2928,0.8627,0.0829,0.4552,0.0,0.1281,-0.6541,0.1729,多周期共振看空 ⬇⬇⬇,-0.6953,-0.5041,-0.3375
003023,彩虹集团,17.74,True,16.88,19.17,0,-2.02,-12.97,-8.65,-11.93,0.0,2026-07-22,2026-07-22,22.75,0.092,-0.5482,0.4131,0.0552,0.2834,0.3115,0.1278,-0.6554,0.1723,多周期共振看空 ⬇⬇⬇,-0.9115,-0.3891,-0.27
002122,ST汇洲,44.72,True,2.25,2.35,4,2.8,-14.89,-4.63,-4.34,0.0,2026-07-22,2026-07-22,33.33,-0.0005,-0.663,0.455,0.0,0.5185,0.2417,0.1278,-0.7931,0.1034,多周期共振看空 ⬇⬇⬇,-0.5455,-0.7131,-0.5625
002757,南兴股份,43.04,True,15.26,17.29,0,-5.8,-15.66,-10.85,-11.73,0.0,2026-07-22,2026-07-22,29.66,0.0555,-0.4818,0.6289,0.0406,0.4369,0.0,0.1276,-0.5682,0.2159,多周期共振看空 ⬇⬇⬇,-0.7785,-0.244,-0.3375
002685,华东重机,48.56,True,4.82,5.76,0,-4.13,-17.78,-10.19,-16.35,0.0,2026-07-22,2026-07-22,18.06,0.4838,-0.6407,0.5172,0.2903,0.1791,0.138,0.1275,-0.7697,0.1151,多周期共振看空 ⬇⬇⬇,-0.8705,-0.4506,-0.495
002652,扬子新材,17.1,True,3.34,4.0,1,0.14,-18.83,-10.0,-16.58,0.0,2026-07-22,2026-07-22,22.03,0.0176,-0.0723,0.7678,0.1816,0.2673,0.0,0.1267,-0.5975,0.2012,多周期共振看空 ⬇⬇⬇,-0.8615,-0.3048,-0.27
002088,鲁阳节能,34.81,True,6.88,7.56,0,-1.29,-8.93,-5.26,-8.93,0.0,2026-07-22,2026-07-22,20.59,0.24,-0.565,0.2899,0.144,0.2353,0.5168,0.1249,-0.9272,0.0364,多周期共振看空 ⬇⬇⬇,-0.857,-0.7408,-0.5625
002792,通宇通讯,84.49,True,25.01,31.29,0,-0.47,-26.29,-11.5,-20.06,0.0,2026-07-22,2026-07-22,26.19,0.1011,-0.3318,0.7773,0.1279,0.3597,0.0,0.1243,-0.642,0.179,多周期共振看空 ⬇⬇⬇,-0.7785,-0.4063,-0.3375
001239,永达股份,12.76,True,11.19,12.63,2,6.0,-11.38,-5.97,-11.38,0.0,2026-07-22,2026-07-22,24.68,0.0329,-0.3435,0.3405,0.0824,0.3261,0.4325,0.124,-0.877,0.0615,多周期共振看空 ⬇⬇⬇,-0.7604,-0.7131,-0.5625
001333,光华股份,21.43,True,16.74,18.72,3,2.18,-10.9,-4.71,-10.58,0.0,2026-07-22,2026-07-22,26.54,0.1056,-0.6791,0.3996,0.0633,0.3676,0.334,0.1239,-0.8186,0.0907,多周期共振看空 ⬇⬇⬇,-0.8112,-0.6087,-0.495
002426,胜利精密,82.68,True,2.43,3.32,6,14.63,-31.84,-9.81,-26.71,0.0,2026-07-22,2026-07-22,11.36,0.6012,-0.5914,0.6331,0.3607,0.0303,0.0,0.1238,-0.623,0.1885,多周期共振看空 ⬇⬇⬇,-0.579,-0.4905,-0.3825
002455,百川股份,38.66,True,5.85,6.82,0,-0.46,-16.88,-9.75,-14.22,0.0,2026-07-22,2026-07-22,15.67,0.6254,-0.56,0.6009,0.3753,0.126,0.0,0.1237,-0.7624,0.1188,多周期共振看空 ⬇⬇⬇,-0.783,-0.6669,-0.3375
000901,航天科技,106.8,True,13.38,16.02,2,1.83,-19.83,-8.17,-16.51,0.0,2026-07-22,2026-07-22,30.74,0.1406,-0.2689,0.7418,0.1768,0.4609,0.0,0.1231,-0.8508,0.0746,多周期共振看空 ⬇⬇⬇,-0.783,-0.7038,-0.495
000586,汇源通信,19.41,True,10.15,12.21,0,-3.93,-18.62,-12.36,-16.85,0.0,2026-07-22,2026-07-22,17.47,0.2152,-0.2413,0.5123,0.2326,0.1661,0.1461,0.1231,-0.7032,0.1484,多周期共振看空 ⬇⬇⬇,-0.875,-0.5256,-0.27
003019,宸展光电,36.81,True,21.52,27.3,0,-3.78,-23.3,-12.69,-21.18,0.0,2026-07-22,2026-07-22,15.88,0.477,-0.4297,0.7052,0.3143,0.1306,0.0,0.1226,-0.6786,0.1607,多周期共振看空 ⬇⬇⬇,-0.8345,-0.2811,-0.495
002217,ST合力泰,102.64,True,1.41,1.69,0,-4.97,-28.52,-18.89,-16.35,0.0,2026-07-22,2026-07-22,36.36,-0.4447,-0.6665,0.7316,0.0,0.5859,0.0,0.1224,-0.7236,0.1382,多周期共振看空 ⬇⬇⬇,-0.6205,-0.496,-0.5625
002565,顺灏股份,93.17,True,8.79,10.8,0,-5.41,-23.42,-14.14,-18.65,0.0,2026-07-22,2026-07-22,19.9,0.3855,-0.5559,0.6706,0.2313,0.22,0.0,0.1211,-0.6649,0.1675,多周期共振看空 ⬇⬇⬇,-0.7785,-0.4565,-0.3375
002869,金溢科技,21.25,True,13.49,15.39,2,4.52,-14.7,-9.62,-12.34,0.0,2026-07-22,2026-07-22,20.61,0.3037,-0.3572,0.4248,0.2393,0.2357,0.2919,0.1211,-0.9307,0.0347,多周期共振看空 ⬇⬇⬇,-0.866,-0.7408,-0.5625
002121,科陆电子,65.36,True,4.63,5.06,0,-2.83,-17.47,-10.96,-8.49,0.0,2026-07-22,2026-07-22,34.03,-0.1147,-0.5421,0.5313,0.0,0.534,0.1144,0.1208,-0.7659,0.117,多周期共振看空 ⬇⬇⬇,-0.6205,-0.6564,-0.495
001278,一彬科技,11.39,True,13.35,15.02,0,-2.47,-11.13,-7.26,-11.13,0.0,2026-07-22,2026-07-22,22.81,-0.0246,-0.1289,0.4297,0.1484,0.2847,0.2838,0.1186,-0.8572,0.0714,多周期共振看空 ⬇⬇⬇,-0.866,-0.6467,-0.495
002514,*ST宝馨,8.03,True,1.45,2.01,0,-12.54,-35.18,-24.47,-27.72,0.0,2026-07-22,2026-07-22,18.71,-0.3038,4.2795,0.8172,0.4,0.1934,0.0,0.1183,-0.9258,0.0371,多周期共振看空 ⬇⬇⬇,-0.875,-0.7223,-0.5625
002161,远 望 谷,34.17,True,4.62,5.22,2,2.28,-12.2,-6.47,-11.52,0.0,2026-07-22,2026-07-22,25.41,0.3768,-0.4936,0.6284,0.2286,0.3425,0.0,0.118,-0.8329,0.0836,多周期共振看空 ⬇⬇⬇,-0.6261,-0.7315,-0.5625
003006,百亚股份,57.39,True,13.39,14.01,1,0.32,-11.06,-5.02,-4.4,0.0,2026-07-22,2026-07-22,30.73,-0.2556,-0.4296,0.5433,0.0282,0.4607,0.0945,0.1177,-0.7316,0.1342,多周期共振看空 ⬇⬇⬇,-0.3662,-0.7315,-0.5625
002544,普天科技,103.7,True,15.24,17.0,1,1.97,-12.69,-8.47,-10.33,0.0,2026-07-22,2026-07-22,35.75,-0.2346,-0.2934,0.6493,0.0826,0.5722,0.0,0.1159,-0.8917,0.0541,多周期共振看空 ⬇⬇⬇,-0.7875,-0.7223,-0.5625
002865,钧达股份,95.26,True,41.63,51.42,0,-5.53,-23.7,-14.51,-19.03,0.0,2026-07-22,2026-07-22,24.12,0.2303,-0.4538,0.7309,0.1567,0.3138,0.0,0.1151,-0.7065,0.1467,多周期共振看空 ⬇⬇⬇,-0.783,-0.544,-0.3375
002846,英联股份,23.41,True,9.0,10.11,0,-1.73,-14.47,-9.16,-10.97,0.0,2026-07-22,2026-07-22,23.1,-0.431,-0.2586,0.3631,0.0966,0.2912,0.3948,0.1141,-0.9072,0.0464,多周期共振看空 ⬇⬇⬇,-0.8615,-0.6929,-0.5625
000659,珠海中富,29.96,True,2.33,2.81,0,-9.13,-17.76,-12.96,-17.1,0.0,2026-07-22,2026-07-22,14.02,-0.4309,0.1144,0.4408,0.2457,0.0893,0.2654,0.1132,-0.8067,0.0967,多周期共振看空 ⬇⬇⬇,-0.875,-0.6854,-0.3375
002734,利民股份,55.86,True,12.86,15.96,9,14.81,-21.65,-3.95,-19.41,0.0,2026-07-22,2026-07-22,19.53,0.1899,-0.5837,0.5204,0.114,0.2117,0.1327,0.1123,-0.6442,0.1779,多周期共振看空 ⬇⬇⬇,-0.5497,-0.4497,-0.495
002058,威尔泰,21.17,True,14.79,18.24,0,-6.72,-20.62,-12.95,-18.93,0.0,2026-07-22,2026-07-22,20.24,-0.347,-0.2023,0.5179,0.1191,0.2277,0.1368,0.1119,-0.6776,0.1612,多周期共振看空 ⬇⬇⬇,-0.7695,-0.4021,-0.4275
002743,富煌钢构,14.25,True,3.28,3.82,0,-2.94,-14.21,-7.51,-14.21,0.0,2026-07-22,2026-07-22,26.62,-0.4379,-0.1814,0.4712,0.1275,0.3694,0.2146,0.1107,-0.9332,0.0334,多周期共振看空 ⬇⬇⬇,-0.8615,-0.75,-0.5625
002861,瀛通通讯,22.6,True,15.05,20.16,14,20.78,-26.73,1.33,-25.36,0.0,2026-07-22,2026-07-22,7.16,-0.1978,-0.5634,0.6397,0.0,0.0,0.0,0.1101,-0.1192,0.4404,多周期方向不一致，观望,-0.2795,-0.1267,-0.1575
001319,铭科精技,11.09,True,17.47,20.23,3,3.95,-13.63,-6.38,-13.63,0.0,2026-07-22,2026-07-22,20.38,0.463,-0.6123,0.6082,0.2778,0.2308,0.0,0.1095,-0.8452,0.0774,多周期共振看空 ⬇⬇⬇,-0.8157,-0.5959,-0.5625
002466,天齐锂业,648.14,True,43.92,53.06,3,6.64,-23.19,-9.71,-17.23,0.0,2026-07-22,2026-07-22,21.13,-0.0222,-0.3003,0.7131,0.0799,0.2474,0.0,0.1095,-0.5485,0.2258,多周期共振看空 ⬇⬇⬇,-0.7425,-0.299,-0.27
000980,众泰汽车,75.64,True,1.5,1.78,0,-8.32,-20.36,-14.28,-15.92,0.0,2026-07-22,2026-07-22,19.51,-0.2824,0.0333,0.5425,0.2133,0.2114,0.0958,0.1091,-0.799,0.1005,多周期共振看空 ⬇⬇⬇,-0.7605,-0.5417,-0.5625
001283,豪鹏科技,41.32,True,39.96,46.01,3,2.99,-16.07,-6.56,-13.14,0.0,2026-07-22,2026-07-22,25.52,0.0208,-0.2422,0.7135,0.1156,0.3448,0.0,0.1089,-0.7276,0.1362,多周期共振看空 ⬇⬇⬇,-0.7897,-0.4272,-0.495
002657,中科金财,45.61,True,13.57,17.55,9,15.09,-26.99,-10.11,-22.67,0.0,2026-07-22,2026-07-22,15.12,0.5382,-0.691,0.7737,0.3229,0.1138,0.0,0.1087,-0.7837,0.1082,多周期共振看空 ⬇⬇⬇,-0.5677,-0.6733,-0.5625
000592,平潭发展,104.76,True,5.47,6.19,1,5.25,-17.2,-11.55,-11.6,0.0,2026-07-22,2026-07-22,16.81,0.2271,-0.2333,0.7697,0.243,0.1514,0.0,0.1081,-0.7054,0.1473,多周期共振看空 ⬇⬇⬇,-0.5615,-0.7315,-0.3375
001212,中旗新材,56.71,True,32.62,39.95,0,-0.58,-26.3,-12.42,-18.34,0.0,2026-07-22,2026-07-22,14.1,0.3321,-0.3954,0.5488,0.2411,0.0912,0.0853,0.107,-0.7077,0.1462,多周期共振看空 ⬇⬇⬇,-0.774,-0.3969,-0.495
002476,新叶股份,25.28,True,4.13,4.57,1,2.93,-12.94,-7.51,-9.61,0.0,2026-07-22,2026-07-22,13.91,0.2902,-0.4293,0.3691,0.2024,0.087,0.3849,0.105,-0.8958,0.0521,多周期共振看空 ⬇⬇⬇,-0.866,-0.7315,-0.495
001300,三柏硕,23.35,True,9.58,11.22,0,-3.34,-20.64,-12.45,-14.62,0.0,2026-07-22,2026-07-22,26.96,-0.3635,-0.3275,0.5398,0.069,0.3769,0.1003,0.1048,-0.8045,0.0978,多周期共振看空 ⬇⬇⬇,-0.8615,-0.5348,-0.495
002306,ST云网,13.25,True,1.63,1.88,2,1.69,-13.07,-6.55,-13.07,0.0,2026-07-22,2026-07-22,16.07,-0.1514,-0.3611,0.4085,0.0556,0.1349,0.3192,0.1026,-0.6853,0.1573,多周期共振看空 ⬇⬇⬇,-0.848,-0.4417,-0.3375
002460,赣锋锂业,574.48,True,47.43,56.83,1,2.9,-21.89,-11.44,-16.54,0.0,2026-07-22,2026-07-22,13.4,0.2606,-0.4766,0.509,0.1657,0.0757,0.1516,0.1024,-0.6579,0.171,多周期共振看空 ⬇⬇⬇,-0.7695,-0.5163,-0.27
002729,好利科技,20.91,True,11.92,15.68,6,8.91,-26.79,-10.9,-23.98,0.0,2026-07-22,2026-07-22,11.88,0.3749,-0.5165,0.5994,0.2249,0.0418,0.0009,0.1023,-0.5923,0.2038,多周期共振看空 ⬇⬇⬇,-0.6773,-0.3837,-0.3375
002890,弘宇股份,19.12,True,11.84,13.97,5,8.49,-15.23,-4.03,-15.23,0.0,2026-07-22,2026-07-22,17.09,0.0229,-0.1828,0.5376,0.1406,0.1575,0.1041,0.1023,-0.6789,0.1606,多周期共振看空 ⬇⬇⬇,-0.7737,-0.334,-0.495
002026,山东威达,40.61,True,9.22,10.44,0,-2.37,-11.7,-7.7,-11.7,0.0,2026-07-22,2026-07-22,17.38,0.2068,-0.4913,0.3546,0.1276,0.1639,0.4091,0.1009,-0.9206,0.0397,多周期共振看空 ⬇⬇⬇,-0.8615,-0.7223,-0.5625
000572,海马汽车,56.0,True,3.41,3.61,1,2.05,-13.17,-7.83,-5.47,0.0,2026-07-22,2026-07-22,26.28,-0.0598,-0.1994,0.643,0.1202,0.3618,0.0,0.1,-0.8266,0.0867,多周期共振看空 ⬇⬇⬇,-0.5883,-0.75,-0.5625
000821,ST京机,40.33,True,6.67,7.44,0,-0.66,-17.53,-8.88,-10.34,0.0,2026-07-22,2026-07-22,27.67,0.137,-0.3736,0.5732,0.1327,0.3926,0.0446,0.0987,-0.9297,0.0352,多周期共振看空 ⬇⬇⬇,-0.8525,-0.75,-0.5625
002849,威星智能,28.78,True,13.15,15.16,3,1.91,-16.2,-6.32,-13.24,0.0,2026-07-22,2026-07-22,19.09,0.0644,-0.4281,0.5494,0.0674,0.202,0.0843,0.0976,-0.637,0.1815,多周期共振看空 ⬇⬇⬇,-0.729,-0.4376,-0.3375
002899,英派斯,26.88,True,18.19,20.87,0,-2.09,-15.6,-8.73,-12.83,0.0,2026-07-22,2026-07-22,18.5,0.0591,-0.3793,0.5143,0.0837,0.1889,0.1428,0.096,-0.7072,0.1464,多周期共振看空 ⬇⬇⬇,-0.774,-0.5533,-0.3375
002214,*ST大立,57.36,True,11.99,13.49,1,1.36,-15.41,-6.17,-11.09,0.0,2026-07-22,2026-07-22,24.95,-0.228,-0.6164,0.5488,0.0,0.3322,0.0853,0.0955,-0.7033,0.1483,多周期共振看空 ⬇⬇⬇,-0.7425,-0.5717,-0.3375
002731,ST萃华,4.39,True,1.91,3.67,0,-5.47,-57.15,-35.21,-48.0,0.0,2026-07-22,2026-07-22,11.61,-0.4286,3.1102,0.9372,0.4,0.0358,0.0,0.0953,-0.9208,0.0396,周线日线共振看空,-0.7875,-0.75,
002779,中坚科技,94.01,True,56.7,71.69,5,8.64,-20.91,-5.86,-20.91,0.0,2026-07-22,2026-07-22,16.99,0.3722,-0.549,0.7153,0.2233,0.1553,0.0,0.095,-0.7837,0.1082,多周期共振看空 ⬇⬇⬇,-0.5892,-0.6548,-0.5625
002057,中钢天源,57.63,True,7.65,10.22,9,16.22,-29.75,-8.23,-25.12,0.0,2026-07-22,2026-07-22,10.08,0.2676,-0.5609,0.7681,0.1605,0.0017,0.0,0.0882,-0.5533,0.2233,多周期共振看空 ⬇⬇⬇,-0.4088,-0.4156,-0.45
003038,鑫铂股份,15.61,True,9.52,10.72,0,-1.75,-11.32,-7.55,-11.21,0.0,2026-07-22,2026-07-22,19.48,-0.0638,-0.6831,0.3132,0.0,0.2106,0.4779,0.0881,-0.93,0.035,多周期共振看空 ⬇⬇⬇,-0.875,-0.7315,-0.5625
002969,嘉美包装,113.05,True,10.35,12.66,0,-6.12,-20.82,-12.98,-18.24,0.0,2026-07-22,2026-07-22,22.03,-0.0275,-0.3661,0.5559,0.0536,0.2673,0.0735,0.0871,-0.7684,0.1158,多周期共振看空 ⬇⬇⬇,-0.7875,-0.6762,-0.3375
002694,*ST顾地,12.58,True,1.75,2.06,1,2.42,-15.72,-6.69,-14.86,0.0,2026-07-22,2026-07-22,25.74,-0.5004,-0.2448,0.6395,0.1021,0.3498,0.0,0.0817,-0.9297,0.0352,多周期共振看空 ⬇⬇⬇,-0.8525,-0.75,-0.5625
002487,大金重工,234.2,True,37.12,47.72,0,-4.37,-26.81,-14.74,-22.21,0.0,2026-07-22,2026-07-22,17.39,-0.3999,-0.318,0.6153,0.0728,0.1643,0.0,0.0811,-0.6649,0.1675,多周期共振看空 ⬇⬇⬇,-0.7875,-0.5163,-0.27
002888,惠威科技,10.56,True,14.1,18.62,9,15.8,-24.26,-6.12,-24.26,0.0,2026-07-22,2026-07-22,5.62,-0.0254,-0.4302,0.525,0.0279,0.0,0.125,0.0767,-0.5308,0.2346,多周期共振看空 ⬇⬇⬇,-0.5363,-0.3243,-0.3825
000903,ST云动,30.53,True,1.59,1.77,4,3.43,-10.1,-4.89,-10.07,0.0,2026-07-22,2026-07-22,20.37,-0.1432,-0.4803,0.4432,0.0079,0.2305,0.2613,0.0754,-0.8949,0.0525,多周期共振看空 ⬇⬇⬇,-0.785,-0.7315,-0.5625
002324,普利特,66.29,True,8.54,10.6,3,4.49,-20.77,-9.81,-19.4,0.0,2026-07-22,2026-07-22,9.09,0.1347,-0.3467,0.4563,0.1421,0.0,0.2395,0.0737,-0.8291,0.0855,多周期共振看空 ⬇⬇⬇,-0.738,-0.6946,-0.495
002691,*ST冀凯,11.29,True,3.36,3.99,0,-0.75,-18.5,-8.92,-15.84,0.0,2026-07-22,2026-07-22,23.89,0.0866,-0.5553,0.6159,0.052,0.3086,0.0,0.0655,-0.9297,0.0352,多周期共振看空 ⬇⬇⬇,-0.8525,-0.75,-0.5625
002227,*ST特迅,13.35,True,5.43,6.33,0,-1.74,-14.56,-8.01,-14.26,0.0,2026-07-22,2026-07-22,17.78,-0.4946,-0.3199,0.5142,0.072,0.1728,0.143,0.0648,-0.9188,0.0406,多周期共振看空 ⬇⬇⬇,-0.857,-0.7223,-0.5625
