code,name,market_cap,is_tech,latest_close,latest_ma20,days_above_ma20,max_distance_above_ma20_pct,min_distance_above_ma20_pct,avg_distance_above_ma20_pct,latest_distance_above_ma20_pct,ma20_strength_score,last_breach_date,latest_date,rsi,volume_price_corr,volume_change_22d,volatility_20d,volume_price_score,rsi_score,volatility_score,composite_score
002901,大博医疗,133.16,True,45.58,41.84,19,8.95,-2.36,2.24,8.95,0.6554,从未跌破（观测期内）,2026-07-06,68.38,0.8924,2.9803,0.2809,0.9355,0.7026,0.5318,0.7163
002768,国恩股份,141.19,True,54.6,50.84,20,19.92,-3.02,8.93,7.39,0.7261,从未跌破（观测期内）,2026-07-06,60.07,0.8139,2.2699,0.5203,0.8883,0.8873,0.1329,0.7099
605020,永和股份,210.07,True,41.77,38.0,20,30.41,-3.53,8.84,9.91,0.787,从未跌破（观测期内）,2026-07-06,59.89,0.7728,0.4465,0.9474,0.8423,0.8912,0.0,0.7036
603379,三美股份,436.19,True,71.45,68.23,20,27.09,-2.92,9.02,4.72,0.6616,从未跌破（观测期内）,2026-07-06,54.15,0.9212,0.9357,0.885,0.9527,0.981,0.0,0.699
003043,华亚智能,87.61,True,93.86,86.26,22,30.27,7.1,17.92,8.8,0.8201,从未跌破（观测期内）,2026-07-06,57.47,0.3641,0.5187,0.9214,0.6185,0.9452,0.0,0.6717
603650,彤程新材,514.25,True,83.69,74.36,18,46.5,-7.64,17.81,12.55,0.7864,从未跌破（观测期内）,2026-07-06,66.81,0.7262,2.1697,0.985,0.8357,0.7375,0.0,0.671
002119,康强电子,131.87,True,35.14,33.75,22,31.96,1.62,18.93,4.11,0.7028,从未跌破（观测期内）,2026-07-06,53.51,0.6366,0.6495,0.8961,0.782,0.9668,0.0,0.67
600366,宁波韵升,177.06,True,16.11,14.54,19,17.59,-4.37,7.67,10.82,0.7441,从未跌破（观测期内）,2026-07-06,66.29,0.7846,2.01,0.736,0.8708,0.749,0.0,0.6651
002141,贤丰控股,58.36,True,5.65,4.45,16,47.92,-12.26,15.96,26.91,0.7545,从未跌破（观测期内）,2026-07-06,70.1,0.8508,5.9372,1.1971,0.9105,0.6646,0.0,0.6623
000970,中科三环,189.29,True,15.57,14.53,20,21.64,-5.98,11.26,7.14,0.7467,从未跌破（观测期内）,2026-07-06,61.46,0.5777,4.9283,0.8842,0.7466,0.8565,0.0,0.6566
002167,东方锆业,181.64,True,23.94,18.69,21,48.44,-2.16,22.16,28.08,0.8341,从未跌破（观测期内）,2026-07-06,72.87,0.6754,0.499,1.0259,0.8048,0.6028,0.0,0.6554
000513,丽珠集团,177.2,True,31.19,29.66,13,5.16,-3.5,0.44,5.16,0.4315,从未跌破（观测期内）,2026-07-06,54.98,0.7609,2.257,0.3479,0.8565,0.9996,0.4202,0.6497
603261,立航科技,40.87,True,52.73,44.07,15,45.53,-8.46,13.48,19.66,0.7386,从未跌破（观测期内）,2026-07-06,69.73,0.7931,4.8562,0.9302,0.8759,0.6726,0.0,0.6489
001229,魅视科技,26.03,True,35.29,30.04,20,29.05,-1.83,9.72,17.47,0.8112,从未跌破（观测期内）,2026-07-06,73.12,0.6993,2.5325,0.718,0.8196,0.5973,0.0,0.6488
002409,雅克科技,593.89,True,186.45,165.69,20,54.21,-6.02,23.12,12.53,0.8182,从未跌破（观测期内）,2026-07-06,64.45,0.3801,0.6768,1.0735,0.6281,0.79,0.0,0.6423
603087,甘李药业,376.48,True,67.09,57.05,19,17.6,-2.74,3.47,17.6,0.6719,从未跌破（观测期内）,2026-07-06,70.66,0.9054,2.7598,0.5748,0.9433,0.652,0.042,0.6413
603257,中国瑞林,19.96,True,80.17,72.26,22,19.57,1.13,9.02,10.94,0.8283,从未跌破（观测期内）,2026-07-06,69.27,0.6392,-0.0962,0.4521,0.545,0.6828,0.2465,0.6411
603991,领先股份,137.52,True,153.59,128.59,17,27.17,-12.55,8.13,19.44,0.7238,从未跌破（观测期内）,2026-07-06,73.69,0.8876,2.4242,0.7997,0.9326,0.5847,0.0,0.6396
002674,兴业科技,83.61,True,28.58,21.88,22,70.87,1.67,24.75,30.59,0.85,从未跌破（观测期内）,2026-07-06,72.81,0.523,4.8951,1.0703,0.7138,0.6042,0.0,0.6393
002440,闰土股份,104.38,True,11.03,10.15,15,22.19,-9.65,5.88,8.68,0.6026,从未跌破（观测期内）,2026-07-06,59.6,0.7874,2.0966,0.8464,0.8724,0.8978,0.0,0.6387
603155,新亚强,93.38,True,29.57,24.52,22,30.25,0.6,13.65,20.6,0.85,从未跌破（观测期内）,2026-07-06,66.79,0.595,0.1095,1.0754,0.6008,0.738,0.0,0.6378
002422,科伦药业,619.83,True,47.73,38.51,21,26.76,-1.1,7.23,23.95,0.7649,从未跌破（观测期内）,2026-07-06,79.96,0.9442,1.9739,0.6573,0.9665,0.4454,0.0,0.6367
605208,永茂泰,56.72,True,17.19,15.73,19,9.25,-4.44,4.32,9.25,0.6708,从未跌破（观测期内）,2026-07-06,60.72,0.457,1.6323,0.5051,0.6742,0.8729,0.1582,0.6352
000021,深科技,839.02,True,53.3,47.71,19,46.22,-6.54,14.28,11.72,0.8023,从未跌破（观测期内）,2026-07-06,68.33,0.901,-0.1254,0.9169,0.6904,0.7038,0.0,0.6343
002931,锋龙股份,160.2,True,79.6,69.72,18,21.83,-4.2,8.9,14.17,0.7589,从未跌破（观测期内）,2026-07-06,62.94,0.43,2.097,0.9725,0.658,0.8235,0.0,0.6328
603049,中策橡胶,246.94,True,48.9,45.24,7,8.08,-3.56,-0.41,8.08,0.37,从未跌破（观测期内）,2026-07-06,56.6,0.9119,2.5893,0.3808,0.9472,0.9644,0.3654,0.6325
600470,六国化工,34.9,True,6.69,5.93,15,16.0,-9.25,3.07,12.79,0.5653,从未跌破（观测期内）,2026-07-06,60.44,0.8693,4.3619,0.9326,0.9216,0.8791,0.0,0.6323
603976,正川股份,41.58,True,27.31,26.59,21,20.48,-1.7,10.1,2.71,0.6517,从未跌破（观测期内）,2026-07-06,55.37,0.4788,1.9269,0.9423,0.6873,0.9919,0.0,0.6309
002653,海思科,374.95,True,69.85,56.76,12,45.23,-8.76,9.16,23.06,0.6699,从未跌破（观测期内）,2026-07-06,72.51,0.9378,4.7675,0.8459,0.9627,0.6109,0.0,0.6308
600141,兴发集团,473.49,True,39.4,39.2,17,38.62,-14.21,13.19,0.52,0.5333,从未跌破（观测期内）,2026-07-06,54.41,0.7861,1.3973,0.9848,0.8717,0.9869,0.0,0.6286
600378,昊华科技,733.74,True,68.41,65.49,22,50.38,4.45,27.98,4.45,0.7113,从未跌破（观测期内）,2026-07-06,60.18,0.4763,0.4192,1.1481,0.6535,0.8849,0.0,0.6249
600176,中国巨石,2534.27,True,63.81,57.2,20,54.44,-5.85,23.88,11.56,0.8182,从未跌破（观测期内）,2026-07-06,67.75,0.5078,0.2794,0.9632,0.6164,0.7167,0.0,0.6247
002520,日发精机,55.1,True,7.68,6.93,20,17.09,-1.75,6.01,10.85,0.7264,从未跌破（观测期内）,2026-07-06,64.79,0.513,6.9557,0.6681,0.7078,0.7824,0.0,0.624
603135,中重科技,90.53,True,14.38,13.18,16,31.46,-7.23,6.54,9.13,0.6463,从未跌破（观测期内）,2026-07-06,66.29,0.7634,3.8632,0.8819,0.858,0.749,0.0,0.6228
603065,宿迁联盛,77.13,True,18.41,16.29,22,68.7,7.76,40.8,12.98,0.85,从未跌破（观测期内）,2026-07-06,69.08,0.3625,0.4084,0.9531,0.5809,0.6871,0.0,0.6226
002668,TCL智家,117.84,True,10.87,10.18,18,12.8,-4.01,4.83,6.74,0.5773,从未跌破（观测期内）,2026-07-06,61.81,0.6412,1.8753,0.4998,0.7847,0.8487,0.167,0.6219
001359,平安电工,66.55,True,110.39,104.45,17,51.7,-7.87,19.12,5.68,0.6625,从未跌破（观测期内）,2026-07-06,62.77,0.6089,1.3686,0.929,0.7653,0.8274,0.0,0.6218
603269,海鸥股份,75.72,True,17.53,16.19,16,11.29,-2.98,2.46,8.3,0.5527,从未跌破（观测期内）,2026-07-06,51.14,0.7846,1.0284,0.7913,0.8708,0.9142,0.0,0.6216
002407,多氟多,494.72,True,45.86,42.6,17,37.91,-8.9,10.94,7.65,0.7116,从未跌破（观测期内）,2026-07-06,58.16,0.3266,2.2753,0.9539,0.596,0.9297,0.0,0.6196
003009,中天火箭,106.01,True,64.37,59.48,17,14.56,-12.45,3.73,8.22,0.5694,从未跌破（观测期内）,2026-07-06,50.95,0.7248,3.4637,0.8463,0.8349,0.91,0.0,0.6185
603669,灵康药业,42.53,True,5.97,5.24,20,24.95,-5.86,11.79,13.96,0.8182,从未跌破（观测期内）,2026-07-06,79.52,0.6134,2.6712,0.568,0.7681,0.455,0.0533,0.6183
002955,鸿合科技,71.35,True,36.47,33.18,22,25.11,2.38,15.22,9.91,0.8477,从未跌破（观测期内）,2026-07-06,64.44,0.0844,0.7014,0.5666,0.4506,0.7903,0.0556,0.6181
600206,有研新材,430.81,True,50.89,46.65,18,68.64,-6.63,28.18,9.09,0.7636,从未跌破（观测期内）,2026-07-06,66.4,0.4877,0.399,1.0375,0.6522,0.7466,0.0,0.6178
002821,凯莱英,513.93,True,162.1,134.78,12,36.13,-6.63,9.73,20.27,0.6843,从未跌破（观测期内）,2026-07-06,75.38,0.8898,3.4836,0.7534,0.9339,0.5471,0.0,0.6166
000725,京东方Ａ,2744.49,True,7.76,7.09,22,32.26,1.75,18.65,9.43,0.8357,从未跌破（观测期内）,2026-07-06,68.57,0.6104,0.0079,0.8658,0.5694,0.6985,0.0,0.6163
603456,九洲药业,136.09,True,15.3,13.21,16,15.83,-4.99,3.17,15.83,0.5838,从未跌破（观测期内）,2026-07-06,79.54,0.9317,3.2297,0.392,0.959,0.4547,0.3467,0.6162
002211,ST宏达,18.34,True,4.24,3.88,14,9.83,-5.42,1.95,9.36,0.5274,从未跌破（观测期内）,2026-07-06,63.38,0.66,0.6286,0.4312,0.796,0.8138,0.2813,0.6149
603339,四方科技,46.26,True,14.95,13.78,13,16.47,-3.47,3.26,8.51,0.501,从未跌破（观测期内）,2026-07-06,67.58,0.9355,2.3022,0.4823,0.9613,0.7205,0.1962,0.6143
002056,横店东磁,500.18,True,30.78,28.03,22,31.71,1.14,11.47,9.8,0.845,从未跌破（观测期内）,2026-07-06,67.19,0.5266,0.014,0.8819,0.5215,0.7291,0.0,0.6142
603662,柯力传感,205.57,True,73.2,69.69,17,15.37,-2.84,4.41,5.03,0.5197,从未跌破（观测期内）,2026-07-06,59.49,0.8373,1.9834,0.7199,0.9024,0.9003,0.0,0.6136
002805,丰元股份,76.53,True,27.45,25.44,15,33.72,-12.51,8.93,7.9,0.6595,从未跌破（观测期内）,2026-07-06,65.18,0.6319,1.8211,0.8654,0.7791,0.7738,0.0,0.6133
002643,万润股份,180.44,True,20.0,17.91,15,28.45,-15.98,8.42,11.65,0.6992,从未跌破（观测期内）,2026-07-06,72.77,0.7485,0.5089,0.6911,0.8491,0.6051,0.0,0.613
603726,朗迪集团,62.62,True,33.9,29.17,15,24.63,-12.05,5.69,16.23,0.6309,从未跌破（观测期内）,2026-07-06,71.07,0.8783,1.205,0.7226,0.927,0.6428,0.0,0.6127
001309,德明利,1543.39,True,935.0,769.44,15,38.54,-11.1,11.38,21.52,0.7386,从未跌破（观测期内）,2026-07-06,73.98,0.6708,0.7222,0.8493,0.8025,0.5782,0.0,0.6117
600601,方正科技,625.13,True,14.99,13.53,14,12.83,-6.4,3.89,10.8,0.5699,从未跌破（观测期内）,2026-07-06,60.72,0.7527,0.4548,0.7758,0.8335,0.8728,0.0,0.6109
603690,至纯科技,127.07,True,33.18,31.14,15,25.15,-6.45,8.07,6.54,0.6038,从未跌破（观测期内）,2026-07-06,70.38,0.9121,1.0835,0.6453,0.9473,0.6582,0.0,0.61
600267,海正药业,129.24,True,10.95,9.98,12,9.69,-9.71,-0.03,9.69,0.4324,从未跌破（观测期内）,2026-07-06,64.45,0.8849,2.8152,0.4152,0.931,0.79,0.308,0.6099
002559,亚威股份,66.78,True,13.25,11.44,14,39.24,-9.25,7.66,15.84,0.6643,从未跌破（观测期内）,2026-07-06,68.44,0.6859,1.7853,0.835,0.8116,0.7013,0.0,0.6089
600889,*ST京化,60.45,True,16.5,15.82,12,6.22,-5.25,-0.09,4.3,0.3596,从未跌破（观测期内）,2026-07-06,53.92,0.6859,1.0595,0.3373,0.8115,0.9759,0.4378,0.6076
002935,天奥电子,93.12,True,22.5,21.32,17,11.07,-9.68,3.35,5.55,0.493,从未跌破（观测期内）,2026-07-06,51.84,0.7936,1.3723,0.5853,0.8761,0.9297,0.0246,0.6059
002584,西陇科学,43.84,True,9.36,9.12,18,33.97,-9.77,8.73,2.59,0.5692,从未跌破（观测期内）,2026-07-06,57.07,0.576,2.505,0.9828,0.7456,0.954,0.0,0.6049
603380,易德龙,73.67,True,45.92,40.82,14,21.32,-9.68,5.3,12.5,0.6053,从未跌破（观测期内）,2026-07-06,66.18,0.7447,0.6676,0.7909,0.8468,0.7516,0.0,0.6042
002747,埃斯顿,360.14,True,46.03,36.91,22,32.1,1.06,14.93,24.7,0.85,从未跌破（观测期内）,2026-07-06,77.14,0.4059,0.7996,0.9438,0.6435,0.508,0.0,0.6025
000623,吉林敖东,223.43,True,18.76,17.77,15,6.62,-5.97,1.5,5.57,0.4434,从未跌破（观测期内）,2026-07-06,58.15,0.6964,0.7304,0.4634,0.8178,0.9299,0.2276,0.6019
002965,祥鑫科技,103.41,True,54.31,44.72,21,31.19,-0.95,14.77,21.44,0.8341,从未跌破（观测期内）,2026-07-06,82.04,0.5847,3.2587,0.6947,0.7508,0.3992,0.0,0.6012
603078,江化微,222.51,True,57.7,47.65,22,29.97,3.88,17.67,21.09,0.85,从未跌破（观测期内）,2026-07-06,76.03,0.4367,0.3869,0.8157,0.6168,0.5326,0.0,0.6007
002457,青龙管业,46.89,True,14.07,12.85,17,9.45,-4.35,2.54,9.45,0.5967,从未跌破（观测期内）,2026-07-06,60.92,0.5843,0.8478,0.6963,0.7506,0.8684,0.0,0.6
002345,潮宏基,92.01,True,10.61,9.45,11,12.36,-7.52,1.62,12.33,0.4656,从未跌破（观测期内）,2026-07-06,56.98,0.8028,1.4079,0.6604,0.8817,0.956,0.0,0.5979
000521,长虹美菱,53.74,True,6.14,5.52,14,11.21,-7.99,1.67,11.21,0.5163,从未跌破（观测期内）,2026-07-06,60.35,0.7644,4.1142,0.6295,0.8586,0.8811,0.0,0.5974
002158,汉钟精机,194.59,True,36.47,32.58,14,19.41,-12.48,4.83,11.94,0.5934,从未跌破（观测期内）,2026-07-06,72.97,0.9314,1.3088,0.6711,0.9589,0.6006,0.0,0.5972
603283,赛腾股份,239.68,True,67.99,63.85,18,36.97,-6.21,15.35,6.49,0.6986,从未跌破（观测期内）,2026-07-06,65.67,0.5365,0.3421,0.8285,0.6588,0.763,0.0,0.5967
002371,北方华创,5826.98,True,803.6,745.49,18,30.77,-5.98,10.63,7.79,0.7312,从未跌破（观测期内）,2026-07-06,65.1,0.6127,0.0573,0.6091,0.5905,0.7755,0.0,0.5952
600851,海欣股份,65.18,True,8.83,8.38,13,28.45,-8.96,5.32,5.41,0.4753,从未跌破（观测期内）,2026-07-06,62.21,0.9099,3.5163,0.802,0.9459,0.8397,0.0,0.5945
600460,士兰微,775.79,True,46.62,43.44,19,35.24,-4.22,15.88,7.31,0.735,从未跌破（观测期内）,2026-07-06,70.36,0.8308,-0.0694,0.8161,0.6707,0.6587,0.0,0.5934
605111,新洁能,333.76,True,80.36,74.77,18,40.78,-3.18,13.37,7.48,0.7233,从未跌破（观测期内）,2026-07-06,64.06,0.7489,-0.1818,0.9448,0.5766,0.7987,0.0,0.5932
002631,德尔未来,85.23,True,10.74,9.2,20,34.54,-12.31,13.08,16.71,0.8182,从未跌破（观测期内）,2026-07-06,74.69,0.4244,0.3979,0.7624,0.6138,0.5624,0.0,0.5932
603040,新坐标,135.13,True,68.83,64.53,19,11.72,-2.48,4.66,6.66,0.621,从未跌破（观测期内）,2026-07-06,57.23,0.5802,0.1751,0.6062,0.6181,0.9505,0.0,0.593
600531,豫光金铅,176.19,True,14.57,14.14,15,26.84,-16.73,3.25,3.02,0.3952,从未跌破（观测期内）,2026-07-06,54.32,0.9166,1.4245,0.8906,0.95,0.985,0.0,0.5926
603211,晋拓股份,107.45,True,39.53,33.67,19,23.16,-4.37,9.06,17.4,0.7787,从未跌破（观测期内）,2026-07-06,68.86,0.2842,1.8104,0.9795,0.5705,0.6919,0.0,0.5925
603898,好莱客,43.49,True,13.97,13.66,16,20.78,-1.02,5.49,2.29,0.4489,从未跌破（观测期内）,2026-07-06,58.99,0.8584,0.7867,0.5957,0.915,0.9113,0.0071,0.5917
002068,黑猫股份,96.58,True,13.14,12.24,16,38.11,-6.3,12.75,7.31,0.6874,从未跌破（观测期内）,2026-07-06,66.21,0.6119,0.23,0.8856,0.6592,0.751,0.0,0.5899
603259,药明康德,3041.39,True,122.97,109.5,14,22.27,-6.7,6.26,12.3,0.6291,从未跌破（观测期内）,2026-07-06,79.15,0.7734,1.6973,0.4837,0.864,0.4633,0.1938,0.5894
002971,和远气体,103.67,True,64.39,62.44,22,60.5,3.13,30.87,3.13,0.6782,从未跌破（观测期内）,2026-07-06,56.79,0.1664,1.4556,1.108,0.4998,0.9602,0.0,0.5883
002675,东诚药业,96.12,True,12.93,12.62,11,2.52,-2.43,0.11,2.44,0.3401,从未跌破（观测期内）,2026-07-06,59.54,0.6009,1.1749,0.2763,0.7606,0.8991,0.5394,0.5869
603061,金海通,401.94,True,462.0,384.71,19,45.27,-6.84,15.07,20.09,0.8023,从未跌破（观测期内）,2026-07-06,72.72,0.6189,0.0059,0.8181,0.5737,0.6062,0.0,0.5856
000691,亚太实业,38.08,True,11.78,11.29,22,34.52,1.96,14.62,4.32,0.7079,从未跌破（观测期内）,2026-07-06,59.84,0.6908,-0.2981,0.721,0.4952,0.8923,0.0,0.5854
000739,普洛药业,213.76,True,18.46,16.58,12,11.32,-7.01,0.49,11.32,0.4532,从未跌破（观测期内）,2026-07-06,70.83,0.8357,1.3497,0.4084,0.9014,0.6481,0.3193,0.5842
000703,恒逸石化,577.2,True,15.18,13.79,10,25.15,-7.81,2.38,10.06,0.4686,从未跌破（观测期内）,2026-07-06,60.92,0.8183,1.2477,0.8311,0.891,0.8684,0.0,0.5839
603324,盛剑科技,67.8,True,45.91,42.02,20,42.9,-3.97,18.75,9.25,0.7995,从未跌破（观测期内）,2026-07-06,64.92,0.6464,-0.3893,0.9514,0.4321,0.7796,0.0,0.5838
000800,一汽解放,312.47,True,6.35,6.08,8,4.38,-3.89,-0.44,4.38,0.3061,从未跌破（观测期内）,2026-07-06,55.24,0.6815,0.9588,0.362,0.8089,0.9946,0.3966,0.583
000551,创元科技,96.42,True,19.9,17.09,11,28.07,-12.01,5.27,16.47,0.5569,从未跌破（观测期内）,2026-07-06,71.96,0.9007,2.3346,0.6876,0.9404,0.6231,0.0,0.5825
600885,宏发股份,588.09,True,38.0,34.29,13,12.21,-5.96,1.61,10.82,0.497,从未跌破（观测期内）,2026-07-06,65.02,0.8547,1.1809,0.6278,0.9128,0.7773,0.0,0.5824
002303,美盈森,41.48,True,4.29,3.73,15,26.41,-7.99,8.45,15.11,0.6999,从未跌破（观测期内）,2026-07-06,78.38,0.7038,3.3765,0.6923,0.8223,0.4805,0.0,0.5816
603032,德新科技,69.28,True,29.75,25.16,15,18.25,-8.05,3.24,18.25,0.5697,从未跌破（观测期内）,2026-07-06,70.47,0.8115,0.6568,0.7649,0.8869,0.6562,0.0,0.5808
002773,康弘药业,160.09,True,23.31,20.63,10,13.01,-4.52,0.68,13.01,0.4337,从未跌破（观测期内）,2026-07-06,66.79,0.9403,1.0576,0.526,0.9642,0.738,0.1233,0.5806
603980,吉华集团,42.44,True,6.27,6.16,15,18.74,-5.96,4.94,1.77,0.4064,从未跌破（观测期内）,2026-07-06,59.46,0.783,0.4566,0.5017,0.8524,0.9009,0.1638,0.5804
000811,冰轮环境,524.71,True,53.63,43.09,15,49.99,-11.62,17.74,24.46,0.7386,从未跌破（观测期内）,2026-07-06,77.1,0.5461,0.5986,0.987,0.7277,0.509,0.0,0.5792
002415,海康威视,3060.4,True,33.83,32.38,14,9.95,-4.62,2.3,4.47,0.4008,从未跌破（观测期内）,2026-07-06,64.86,0.8417,0.5689,0.4551,0.905,0.781,0.2415,0.579
000012,南  玻Ａ,90.52,True,4.62,4.6,19,16.71,-4.12,6.27,0.41,0.4694,从未跌破（观测期内）,2026-07-06,58.47,0.7081,1.2221,0.8383,0.8248,0.9228,0.0,0.5785
002635,安洁科技,83.14,True,21.02,18.78,16,25.53,-8.94,5.55,11.94,0.6432,从未跌破（观测期内）,2026-07-06,65.35,0.4454,1.3897,0.8666,0.6672,0.77,0.0,0.5781
000050,深天马Ａ,209.96,True,8.62,9.03,18,27.13,-5.22,7.83,-4.58,0.3677,从未跌破（观测期内）,2026-07-06,55.28,0.8791,0.5271,0.8096,0.9275,0.9939,0.0,0.5777
600160,巨化股份,1324.23,True,49.05,47.37,22,26.08,3.54,16.25,3.54,0.6886,从未跌破（观测期内）,2026-07-06,54.37,0.4337,-0.1046,0.8529,0.4183,0.986,0.0,0.5772
603928,兴业股份,54.0,True,15.85,12.62,11,29.59,-9.88,4.44,25.61,0.536,从未跌破（观测期内）,2026-07-06,69.71,0.8503,15.3966,0.9115,0.9102,0.6731,0.0,0.5766
603181,皇马科技,92.54,True,15.72,15.74,17,15.7,-8.54,5.81,-0.13,0.4124,从未跌破（观测期内）,2026-07-06,51.82,0.702,1.4877,0.5192,0.8212,0.9293,0.1347,0.5763
603072,天和磁材,49.56,True,39.26,38.62,16,13.43,-5.07,2.7,1.66,0.382,从未跌破（观测期内）,2026-07-06,52.71,0.822,0.7123,0.5602,0.8932,0.949,0.0663,0.5759
603595,ST东尼,76.94,True,33.1,30.47,22,35.55,2.94,15.73,8.62,0.8155,从未跌破（观测期内）,2026-07-06,66.37,-0.0075,3.3623,0.6345,0.4,0.7472,0.0,0.5757
603330,天洋新材,37.21,True,8.6,8.21,15,30.76,-9.75,6.07,4.75,0.5091,从未跌破（观测期内）,2026-07-06,52.93,0.5382,1.6807,0.8106,0.7229,0.9539,0.0,0.5752
603004,鼎龙科技,13.54,True,22.99,22.02,17,15.87,-8.66,6.44,4.4,0.5414,从未跌破（观测期内）,2026-07-06,62.88,0.8188,0.0558,0.5399,0.7136,0.8249,0.1001,0.575
000925,众合科技,61.14,True,9.11,8.85,14,18.77,-6.42,4.21,2.96,0.4021,从未跌破（观测期内）,2026-07-06,57.85,0.8407,0.61,0.7356,0.9044,0.9366,0.0,0.5743
002577,雷柏科技,53.66,True,19.12,18.54,12,6.79,-5.38,0.63,3.14,0.3274,从未跌破（观测期内）,2026-07-06,55.06,0.7197,0.654,0.4614,0.8318,0.9986,0.231,0.5733
002536,飞龙股份,299.42,True,55.0,45.65,15,22.14,-11.63,5.49,20.47,0.626,从未跌破（观测期内）,2026-07-06,65.3,0.6027,0.2819,0.8771,0.6744,0.7711,0.0,0.5732
002787,华源控股,73.8,True,29.75,28.9,19,17.86,-4.48,6.62,2.94,0.5412,从未跌破（观测期内）,2026-07-06,59.97,0.5157,0.9246,0.7754,0.7094,0.8896,0.0,0.5718
600352,浙江龙盛,408.29,True,12.55,11.58,15,15.34,-8.29,3.68,8.37,0.54,从未跌破（观测期内）,2026-07-06,58.54,0.477,1.49,0.7077,0.6862,0.9212,0.0,0.5718
603811,诚意药业,35.28,True,7.7,7.51,12,3.33,-6.2,-0.86,2.57,0.286,从未跌破（观测期内）,2026-07-06,51.3,0.7023,1.2726,0.3282,0.8214,0.9177,0.453,0.5713
002354,天娱数科,137.05,True,8.43,8.38,19,27.24,-10.34,10.66,0.58,0.5669,从未跌破（观测期内）,2026-07-06,55.64,0.3094,1.1433,1.2789,0.5856,0.9859,0.0,0.5703
605228,神通科技,71.14,True,14.91,13.38,11,11.43,-8.99,0.53,11.43,0.4383,从未跌破（观测期内）,2026-07-06,71.54,0.8342,2.5226,0.4286,0.9005,0.6324,0.2856,0.5698
002472,双环传动,349.97,True,46.75,41.92,12,12.03,-10.17,0.28,11.53,0.4478,从未跌破（观测期内）,2026-07-06,60.76,0.7743,2.5716,0.7086,0.8646,0.872,0.0,0.5697
601678,滨化股份,127.5,True,6.24,6.22,17,26.4,-8.67,6.04,0.39,0.4312,从未跌破（观测期内）,2026-07-06,52.37,0.7248,1.6453,0.9377,0.8349,0.9416,0.0,0.5695
002937,兴瑞科技,134.68,True,42.73,41.12,21,19.46,-0.47,10.77,3.9,0.6817,从未跌破（观测期内）,2026-07-06,56.85,0.2708,0.0133,0.5481,0.3678,0.9588,0.0866,0.5694
603607,京华激光,45.52,True,25.5,22.5,11,20.37,-8.23,2.24,13.32,0.4811,从未跌破（观测期内）,2026-07-06,66.31,0.8349,2.5807,0.7012,0.9009,0.7487,0.0,0.5674
001256,炜冈科技,31.17,True,29.15,25.79,17,21.06,-8.08,5.51,13.03,0.6582,从未跌破（观测期内）,2026-07-06,75.18,0.5779,3.2449,0.573,0.7467,0.5516,0.045,0.5671
603698,航天工程,211.02,True,39.37,35.55,12,30.83,-13.97,2.84,10.74,0.5118,从未跌破（观测期内）,2026-07-06,66.99,0.7695,1.0635,0.7884,0.8617,0.7336,0.0,0.5669
002605,姚记科技,64.57,True,19.09,18.57,9,2.79,-5.04,-0.31,2.79,0.2973,从未跌破（观测期内）,2026-07-06,52.25,0.5793,0.734,0.3085,0.7476,0.939,0.4859,0.5665
002603,以岭药业,217.49,True,15.8,15.18,9,4.09,-7.19,-0.81,4.09,0.2784,从未跌破（观测期内）,2026-07-06,54.42,0.6797,0.6691,0.377,0.8078,0.987,0.3717,0.5665
600178,东安动力,47.67,True,10.22,9.74,17,12.38,-9.62,1.98,4.98,0.4445,从未跌破（观测期内）,2026-07-06,51.18,0.7009,3.402,0.773,0.8206,0.9151,0.0,0.566
600276,恒瑞医药,3621.36,True,56.77,49.81,12,13.97,-8.71,1.38,13.97,0.4753,从未跌破（观测期内）,2026-07-06,76.22,0.8615,1.2039,0.4365,0.9169,0.5284,0.2726,0.5659
600380,健康元,187.52,True,10.25,9.68,8,5.9,-5.54,-0.99,5.9,0.315,从未跌破（观测期内）,2026-07-06,57.03,0.5644,1.0598,0.3439,0.7386,0.9548,0.4269,0.5657
603270,金帝股份,22.08,True,31.22,30.99,17,14.13,-6.83,3.77,0.73,0.3829,从未跌破（观测期内）,2026-07-06,57.26,0.816,3.1025,0.6825,0.8896,0.9498,0.0,0.5655
603006,联明股份,35.9,True,14.12,13.71,14,8.15,-7.05,1.21,2.99,0.3376,从未跌破（观测期内）,2026-07-06,62.9,0.8561,0.437,0.4266,0.8885,0.8245,0.289,0.5654
002132,恒星科技,78.77,True,5.63,5.4,12,7.95,-3.58,1.33,4.27,0.3775,从未跌破（观测期内）,2026-07-06,57.84,0.6734,0.9952,0.4972,0.804,0.9368,0.1713,0.5651
601233,桐昆股份,562.56,True,23.69,22.54,20,15.22,-1.57,6.3,5.12,0.6037,从未跌破（观测期内）,2026-07-06,50.92,0.4214,0.2853,0.8357,0.5669,0.9094,0.0,0.5651
002990,盛视科技,98.7,True,71.51,60.74,14,42.8,-19.64,10.2,17.73,0.7227,从未跌破（观测期内）,2026-07-06,76.57,0.6334,0.2576,0.823,0.6831,0.5206,0.0,0.564
603906,龙蟠科技,163.21,True,28.99,26.08,12,16.65,-13.33,1.4,11.16,0.4758,从未跌破（观测期内）,2026-07-06,63.94,0.7519,1.194,0.733,0.8511,0.8013,0.0,0.5634
600843,上工申贝,41.71,True,8.89,8.35,15,10.21,-11.54,1.81,6.45,0.4452,从未跌破（观测期内）,2026-07-06,56.5,0.61,1.9327,0.6862,0.766,0.9667,0.0,0.5629
603986,兆易创新,4373.88,True,654.29,636.05,22,45.34,1.1,18.68,2.87,0.6717,从未跌破（观测期内）,2026-07-06,61.07,0.4509,0.0336,1.0291,0.484,0.8651,0.0,0.5627
605178,时空科技,110.46,True,111.49,80.42,12,53.64,-6.25,14.66,38.63,0.6909,从未跌破（观测期内）,2026-07-06,84.39,0.7792,0.829,0.823,0.8675,0.3469,0.0,0.5626
000931,中 关 村,32.29,True,4.3,4.17,11,6.94,-6.41,-0.93,3.15,0.2592,从未跌破（观测期内）,2026-07-06,60.18,0.8071,0.8395,0.3602,0.8843,0.885,0.3997,0.5617
600707,彩虹股份,485.05,True,13.52,13.2,19,40.38,-10.05,13.18,2.45,0.6136,从未跌破（观测期内）,2026-07-06,61.5,0.4813,0.2145,1.1916,0.5746,0.8556,0.0,0.5602
002326,永太科技,192.42,True,23.81,23.87,15,18.73,-2.55,4.76,-0.26,0.3511,从未跌破（观测期内）,2026-07-06,56.5,0.843,1.0144,0.7654,0.9058,0.9668,0.0,0.5602
603125,常青科技,117.48,True,29.02,28.39,15,20.46,-7.94,7.38,2.23,0.4789,从未跌破（观测期内）,2026-07-06,61.89,0.6589,0.6115,0.7171,0.7953,0.8469,0.0,0.5598
603120,肯特催化,21.27,True,56.12,52.84,12,14.82,-6.41,2.27,6.2,0.4026,从未跌破（观测期内）,2026-07-06,49.88,0.8094,5.2804,0.8887,0.8856,0.8862,0.0,0.5597
600360,华微电子,133.77,True,13.93,12.89,16,16.97,-9.42,6.15,8.06,0.6097,从未跌破（观测期内）,2026-07-06,67.45,0.8923,-0.1431,0.8515,0.6781,0.7233,0.0,0.5581
605288,凯迪股份,85.19,True,86.68,78.99,19,23.0,-8.25,8.95,9.73,0.7693,从未跌破（观测期内）,2026-07-06,65.55,0.464,-0.2286,0.8296,0.387,0.7656,0.0,0.5576
603019,中科曙光,1383.46,True,94.56,90.04,12,22.15,-14.29,1.32,5.02,0.3493,从未跌破（观测期内）,2026-07-06,59.76,0.9261,0.8121,0.6874,0.9557,0.8941,0.0,0.5575
605008,长鸿高科,79.0,True,12.23,11.29,10,8.35,-9.02,-0.65,8.35,0.3748,从未跌破（观测期内）,2026-07-06,60.36,0.5408,1.3218,0.4013,0.7245,0.881,0.3311,0.5569
600520,三佳科技,60.76,True,38.35,32.95,13,26.47,-12.01,4.95,16.4,0.5807,从未跌破（观测期内）,2026-07-06,76.05,0.7831,0.5964,0.7254,0.8699,0.5321,0.0,0.5562
002179,中航光电,918.03,True,43.79,40.72,16,17.09,-8.85,4.5,7.53,0.5554,从未跌破（观测期内）,2026-07-06,67.59,0.6896,0.2533,0.5575,0.7151,0.7203,0.0709,0.5556
603990,麦迪科技,70.21,True,23.0,21.52,15,25.79,-4.58,5.59,6.85,0.5496,从未跌破（观测期内）,2026-07-06,60.44,0.6821,0.0183,0.5781,0.6166,0.8791,0.0365,0.5553
603068,博通集成,59.44,True,39.16,36.37,12,14.22,-11.78,1.95,7.67,0.4315,从未跌破（观测期内）,2026-07-06,69.81,0.8638,1.3905,0.5268,0.9183,0.6708,0.122,0.5546
002393,力生制药,45.51,True,15.16,14.39,7,5.33,-7.11,-1.57,5.33,0.2428,从未跌破（观测期内）,2026-07-06,59.75,0.7662,1.8668,0.3459,0.8597,0.8944,0.4235,0.5545
603800,洪田股份,175.86,True,84.55,78.65,21,24.47,-1.78,10.52,7.5,0.7716,从未跌破（观测期内）,2026-07-06,60.31,0.107,0.0329,0.9412,0.2774,0.882,0.0,0.5544
600497,驰宏锌锗,541.84,True,10.75,10.65,15,26.3,-15.64,6.62,0.98,0.4288,从未跌破（观测期内）,2026-07-06,55.56,0.8093,0.136,0.858,0.74,0.9877,0.0,0.554
605116,奥锐特,85.5,True,21.05,19.41,9,8.47,-10.47,-0.82,8.47,0.3345,从未跌破（观测期内）,2026-07-06,60.43,0.7318,1.1276,0.4631,0.8391,0.8794,0.2282,0.5537
002600,领益智造,1168.51,True,16.23,16.06,14,16.3,-11.54,3.22,1.07,0.33,从未跌破（观测期内）,2026-07-06,55.05,0.8093,1.098,0.9205,0.8856,0.999,0.0,0.5532
000100,TCL科技,992.95,True,5.19,5.09,22,23.26,1.62,8.92,1.98,0.6225,从未跌破（观测期内）,2026-07-06,58.93,0.6808,-0.3089,0.8228,0.4849,0.9126,0.0,0.5527
600172,黄河旋风,236.75,True,18.55,15.05,18,30.25,-6.25,10.9,23.26,0.7864,从未跌破（观测期内）,2026-07-06,72.69,0.5367,-0.1376,0.962,0.467,0.607,0.0,0.5527
002907,华森制药,46.14,True,13.74,12.94,13,11.45,-5.64,3.02,6.21,0.4376,从未跌破（观测期内）,2026-07-06,64.56,0.7906,2.1607,0.6037,0.8744,0.7876,0.0,0.5511
603268,松发股份,381.01,True,163.35,147.71,14,10.73,-5.17,1.74,10.58,0.5348,从未跌破（观测期内）,2026-07-06,54.2,0.2711,1.3501,0.6324,0.5626,0.9822,0.0,0.551
002601,龙佰集团,338.49,True,17.03,16.1,16,15.4,-12.35,3.64,5.77,0.4898,从未跌破（观测期内）,2026-07-06,60.21,0.5201,1.1127,0.6019,0.7121,0.8841,0.0,0.5508
603444,吉比特,260.43,True,361.5,340.8,10,8.15,-8.19,0.07,6.07,0.3126,从未跌破（观测期内）,2026-07-06,61.57,0.7486,0.2535,0.333,0.7506,0.8539,0.4451,0.5502
002317,众生药业,220.79,True,28.99,23.62,11,22.74,-7.96,3.17,22.74,0.5043,从未跌破（观测期内）,2026-07-06,72.96,0.854,2.0403,0.697,0.9124,0.6009,0.0,0.55
002816,*ST和科,28.01,True,28.01,27.33,17,13.33,-1.42,4.67,2.5,0.4656,从未跌破（观测期内）,2026-07-06,58.64,0.3869,0.716,0.515,0.6321,0.9191,0.1416,0.5493
002850,科达利,469.4,True,223.91,193.4,14,18.52,-9.96,2.21,15.77,0.5279,从未跌破（观测期内）,2026-07-06,66.63,0.5982,2.5033,0.6549,0.7589,0.7416,0.0,0.5492
600584,长电科技,1701.55,True,95.09,87.41,18,29.8,-7.73,10.28,8.78,0.7559,从未跌破（观测期内）,2026-07-06,65.06,0.5161,-0.3594,0.9738,0.3659,0.7764,0.0,0.5491
600196,复星医药,510.13,True,24.08,22.31,7,7.94,-7.93,-1.34,7.94,0.2958,从未跌破（观测期内）,2026-07-06,63.59,0.7757,1.1609,0.3911,0.8654,0.809,0.3481,0.5487
600458,时代新材,138.96,True,16.0,16.16,21,26.62,-1.0,11.88,-1.0,0.5592,从未跌破（观测期内）,2026-07-06,50.52,0.2997,0.9408,0.7957,0.5798,0.9004,0.0,0.5487
601636,旗滨集团,232.85,True,7.87,8.08,18,34.36,-2.57,11.85,-2.57,0.472,从未跌破（观测期内）,2026-07-06,54.33,0.4175,0.6915,1.1073,0.6505,0.9852,0.0,0.5485
600182,S佳通,25.45,True,14.97,13.75,9,8.87,-7.33,-0.54,8.87,0.377,从未跌破（观测期内）,2026-07-06,60.53,0.4901,2.4642,0.4069,0.6941,0.8772,0.3219,0.548
603010,万盛股份,92.69,True,16.24,15.21,10,25.19,-7.35,4.16,6.74,0.4315,从未跌破（观测期内）,2026-07-06,62.7,0.7252,0.7316,0.7181,0.8351,0.8289,0.0,0.5472
603519,立霸股份,39.31,True,14.76,14.46,16,18.06,-6.69,6.58,2.11,0.4719,从未跌破（观测期内）,2026-07-06,56.06,0.4054,1.3183,0.5937,0.6432,0.9764,0.0105,0.5464
000301,东方盛虹,912.62,True,13.81,11.98,9,15.26,-7.5,-0.88,15.26,0.3712,从未跌破（观测期内）,2026-07-06,59.81,0.7928,4.5432,0.6212,0.8757,0.893,0.0,0.546
603856,东宏股份,38.78,True,13.75,12.84,17,10.64,-2.44,4.11,7.05,0.577,从未跌破（观测期内）,2026-07-06,62.82,0.4172,-0.0827,0.4203,0.4173,0.8262,0.2996,0.5453
002860,星帅尔,60.4,True,17.56,14.07,15,24.79,-8.42,3.58,24.79,0.578,从未跌破（观测期内）,2026-07-06,81.01,0.8643,3.2241,0.6059,0.9186,0.422,0.0,0.5453
603127,昭衍新药,259.96,True,41.24,35.87,12,17.75,-15.42,1.46,14.98,0.4774,从未跌破（观测期内）,2026-07-06,74.16,0.9246,1.4271,0.6,0.9547,0.5743,0.0,0.5445
600346,恒力石化,1319.13,True,18.74,17.74,14,7.53,-13.03,-0.6,5.64,0.3486,从未跌破（观测期内）,2026-07-06,51.47,0.797,0.9997,0.6228,0.8782,0.9216,0.0,0.5433
600888,新疆众和,212.31,True,13.67,13.35,22,33.91,0.05,13.74,2.37,0.6592,从未跌破（观测期内）,2026-07-06,60.45,0.4289,-0.1058,0.9113,0.415,0.8789,0.0,0.5432
000519,中兵红箭,284.78,True,20.45,20.21,19,14.86,-1.75,4.23,1.2,0.4622,从未跌破（观测期内）,2026-07-06,54.53,0.9063,-0.2576,0.6206,0.6407,0.9895,0.0,0.5429
002427,尤夫股份,49.82,True,5.06,4.66,9,15.51,-10.41,-0.49,8.57,0.3452,从未跌破（观测期内）,2026-07-06,59.03,0.8134,2.0725,0.7346,0.8881,0.9105,0.0,0.5422
605377,华旺科技,54.0,True,9.7,8.65,10,12.14,-10.44,-0.65,12.14,0.3929,从未跌破（观测期内）,2026-07-06,64.05,0.8353,3.7875,0.7811,0.9012,0.7988,0.0,0.5422
600961,株冶集团,213.89,True,28.45,29.41,14,34.43,-15.78,7.28,-3.27,0.3228,从未跌破（观测期内）,2026-07-06,54.04,0.7815,0.6025,0.9415,0.8689,0.9787,0.0,0.5421
002517,恺英网络,326.62,True,17.29,15.4,10,12.31,-10.76,-0.91,12.31,0.3863,从未跌破（观测期内）,2026-07-06,72.69,0.7922,0.9853,0.4128,0.8753,0.6069,0.3119,0.5415
600392,盛和资源,466.43,True,26.61,28.44,17,38.02,-6.44,10.79,-6.44,0.3594,从未跌破（观测期内）,2026-07-06,50.48,0.7815,1.3415,0.9336,0.8689,0.8996,0.0,0.5409
002332,仙琚制药,83.29,True,8.46,8.31,8,2.7,-3.99,-0.77,1.86,0.2434,从未跌破（观测期内）,2026-07-06,43.7,0.7106,0.7725,0.2529,0.8264,0.749,0.5784,0.5405
000672,上峰材料,201.93,True,20.83,19.43,14,29.13,-8.58,8.57,7.21,0.6171,从未跌破（观测期内）,2026-07-06,68.24,0.7075,-0.0425,0.6652,0.6075,0.7057,0.0,0.5399
603173,福斯达,60.42,True,37.76,35.06,9,11.34,-8.45,0.62,7.71,0.3514,从未跌破（观测期内）,2026-07-06,65.19,0.7681,0.7597,0.4822,0.8608,0.7735,0.1963,0.5399
605389,长龄液压,166.13,True,93.78,91.21,15,15.2,-5.85,3.63,2.82,0.3999,从未跌破（观测期内）,2026-07-06,58.02,0.6198,0.3511,0.5411,0.7123,0.9328,0.0982,0.5393
603949,雪龙集团,38.59,True,18.36,16.57,14,13.21,-10.19,1.78,10.82,0.5173,从未跌破（观测期内）,2026-07-06,75.74,0.6897,2.1833,0.5171,0.8138,0.5392,0.1382,0.5389
603351,威尔药业,36.11,True,26.66,25.39,8,9.19,-3.96,-0.13,5.0,0.2906,从未跌破（观测期内）,2026-07-06,55.74,0.8389,5.0585,0.6107,0.9033,0.9835,0.0,0.5388
002289,宇顺电子,135.95,True,49.54,42.86,14,16.64,-7.85,2.86,15.59,0.5443,从未跌破（观测期内）,2026-07-06,70.92,0.6078,1.139,0.6391,0.7647,0.6462,0.0,0.5381
000566,海南海药,83.38,True,6.43,4.46,10,44.17,-9.98,6.57,44.17,0.5735,从未跌破（观测期内）,2026-07-06,83.77,0.9097,22.0563,0.9091,0.9458,0.3607,0.0,0.538
002145,钛能化学,175.86,True,4.62,4.6,14,12.33,-5.76,2.73,0.48,0.303,从未跌破（观测期内）,2026-07-06,55.56,0.7895,0.9987,0.6138,0.8737,0.9877,0.0,0.5371
603207,小方制药,12.97,True,23.76,22.4,7,6.1,-8.86,-1.94,6.1,0.2265,从未跌破（观测期内）,2026-07-06,59.92,0.7238,0.9612,0.3638,0.8343,0.8908,0.3936,0.5364
600877,电科芯片,198.92,True,16.8,15.12,10,19.53,-13.79,1.8,11.11,0.4541,从未跌破（观测期内）,2026-07-06,72.19,0.874,0.7834,0.611,0.9244,0.618,0.0,0.5363
603335,迪生力,35.75,True,8.35,8.4,18,21.34,-4.22,8.21,-0.56,0.4775,从未跌破（观测期内）,2026-07-06,45.64,0.5771,0.8645,1.0304,0.7463,0.792,0.0,0.536
000977,浪潮信息,1022.53,True,69.71,63.92,13,10.59,-14.21,-0.82,9.06,0.4128,从未跌破（观测期内）,2026-07-06,59.63,0.7713,0.2548,0.7079,0.7647,0.8972,0.0,0.5357
001206,依依股份,18.98,True,17.76,17.81,15,17.55,-8.98,3.21,-0.3,0.3112,从未跌破（观测期内）,2026-07-06,51.2,0.8505,1.0361,0.6977,0.9103,0.9155,0.0,0.5352
000545,金浦钛业,26.7,True,2.71,2.52,10,13.34,-11.58,-1.2,7.75,0.3228,从未跌破（观测期内）,2026-07-06,52.87,0.7685,1.0055,0.8993,0.8611,0.9527,0.0,0.535
002728,特一药业,47.77,True,9.53,8.54,9,14.55,-8.68,0.12,11.53,0.3961,从未跌破（观测期内）,2026-07-06,66.58,0.8516,4.3521,0.6349,0.911,0.7426,0.0,0.5347
603580,艾艾精工,40.09,True,30.68,24.93,11,23.05,-8.99,2.26,23.05,0.4815,从未跌破（观测期内）,2026-07-06,73.93,0.8373,13.6142,0.6848,0.9024,0.5794,0.0,0.5341
603014,威高血净,36.03,True,35.5,34.29,13,12.24,-11.53,0.63,3.52,0.3106,从未跌破（观测期内）,2026-07-06,51.29,0.8409,0.988,0.8158,0.9045,0.9174,0.0,0.5338
002049,紫光国微,706.8,True,83.2,79.76,13,13.43,-11.79,1.6,4.31,0.3546,从未跌破（观测期内）,2026-07-06,64.61,0.8812,0.3515,0.5317,0.8693,0.7865,0.1138,0.5335
002654,万润科技,158.57,True,18.76,18.0,15,29.53,-13.75,6.81,4.24,0.5147,从未跌破（观测期内）,2026-07-06,60.27,0.6354,0.0565,0.8242,0.6039,0.8829,0.0,0.5334
002745,木林森,123.75,True,11.63,11.2,16,20.01,-8.32,6.2,3.85,0.5058,从未跌破（观测期内）,2026-07-06,61.66,0.7076,0.0446,0.7032,0.6424,0.8521,0.0,0.5333
002367,康力电梯,53.79,True,6.77,6.08,11,20.63,-8.3,4.78,11.39,0.5445,从未跌破（观测期内）,2026-07-06,74.49,0.6776,1.4583,0.6178,0.8066,0.5669,0.0,0.5328
603725,天安新材,44.51,True,14.6,11.84,12,23.26,-11.2,2.13,23.26,0.4943,从未跌破（观测期内）,2026-07-06,77.03,0.8841,2.1566,0.7934,0.9305,0.5105,0.0,0.5324
603668,天马科技,61.3,True,12.12,11.77,11,12.99,-11.1,1.32,3.0,0.2831,从未跌破（观测期内）,2026-07-06,57.55,0.8152,1.093,0.568,0.8891,0.9433,0.0533,0.5322
600688,上海石化,219.86,True,3.0,3.01,13,18.24,-4.81,1.96,-0.38,0.2463,从未跌破（观测期内）,2026-07-06,50.0,0.7643,1.3531,0.4359,0.8586,0.8889,0.2736,0.532
600529,山东药玻,124.03,True,18.69,18.51,9,6.69,-4.33,-0.24,0.97,0.2338,从未跌破（观测期内）,2026-07-06,56.23,0.8097,-0.0725,0.2819,0.6568,0.9726,0.5301,0.5318
603566,普莱柯,36.51,True,10.55,10.1,8,4.5,-6.63,-1.41,4.5,0.2549,从未跌破（观测期内）,2026-07-06,56.99,0.5037,0.5529,0.3497,0.7022,0.9557,0.4171,0.5312
603950,长源东谷,286.49,True,88.46,71.44,11,27.09,-12.47,4.55,23.82,0.5388,从未跌破（观测期内）,2026-07-06,70.91,0.5753,0.6623,0.9084,0.7452,0.6465,0.0,0.5311
002550,千红制药,65.23,True,6.93,6.17,8,12.59,-7.77,0.05,12.39,0.3785,从未跌破（观测期内）,2026-07-06,67.22,0.8891,3.9483,0.6353,0.9334,0.7284,0.0,0.5304
000756,新华制药,74.19,True,14.87,13.14,9,14.37,-9.31,-0.11,13.14,0.3905,从未跌破（观测期内）,2026-07-06,65.41,0.7995,6.2005,0.7139,0.8797,0.7686,0.0,0.5298
605060,XD联德股,137.44,True,57.52,51.01,11,12.8,-12.73,-0.1,12.75,0.4224,从未跌破（观测期内）,2026-07-06,62.74,0.6271,0.7631,0.8221,0.7763,0.828,0.0,0.5287
603350,安乃达,14.08,True,31.9,30.97,10,7.05,-11.3,-1.86,2.99,0.1874,从未跌破（观测期内）,2026-07-06,57.98,0.7783,0.6005,0.3992,0.867,0.9338,0.3346,0.5286
000962,东方钽业,342.16,True,68.0,70.54,15,45.45,-11.14,12.37,-3.6,0.3988,从未跌破（观测期内）,2026-07-06,55.58,0.624,0.2777,1.0724,0.6855,0.9872,0.0,0.5283
605305,中际联合,100.71,True,47.39,40.31,11,17.57,-9.74,0.96,17.57,0.4491,从未跌破（观测期内）,2026-07-06,70.97,0.7933,1.3042,0.6584,0.876,0.6451,0.0,0.5276
001339,智微智能,156.31,True,96.55,91.46,14,26.67,-7.6,7.9,5.57,0.5593,从未跌破（观测期内）,2026-07-06,64.98,0.7402,-0.1334,0.8046,0.5907,0.7783,0.0,0.5271
603638,艾迪精密,220.76,True,25.11,24.03,12,16.58,-10.44,0.87,4.48,0.3247,从未跌破（观测期内）,2026-07-06,51.25,0.7576,3.3727,0.7214,0.8545,0.9167,0.0,0.5269
000989,九芝堂,58.45,True,8.42,7.99,7,5.34,-6.94,-1.21,5.34,0.2622,从未跌破（观测期内）,2026-07-06,57.38,0.5389,1.0865,0.399,0.7234,0.947,0.335,0.5254
002386,天原股份,78.73,True,6.05,5.93,12,8.48,-9.08,0.35,2.02,0.2503,从未跌破（观测期内）,2026-07-06,54.72,0.6987,0.8957,0.5136,0.8192,0.9937,0.1439,0.5253
000915,华特达因,59.55,True,25.43,25.5,9,3.26,-3.75,-0.15,-0.29,0.2203,从未跌破（观测期内）,2026-07-06,46.92,0.6737,0.5979,0.3129,0.8042,0.8204,0.4784,0.525
603203,快克智能,198.39,True,61.25,63.7,19,32.62,-7.09,12.22,-3.85,0.456,从未跌破（观测期内）,2026-07-06,54.38,0.293,0.5334,1.0225,0.5758,0.9863,0.0,0.5236
000810,创维数字,135.61,True,12.21,11.91,14,14.94,-13.88,2.14,2.49,0.3385,从未跌破（观测期内）,2026-07-06,62.75,0.8141,2.0011,0.6184,0.8885,0.8277,0.0,0.5231
600812,华北制药,79.61,True,4.64,4.41,7,5.2,-8.89,-1.79,5.2,0.2315,从未跌破（观测期内）,2026-07-06,55.64,0.5061,1.1248,0.3735,0.7037,0.9858,0.3775,0.5223
003004,声迅股份,49.96,True,72.68,70.19,22,26.83,2.03,12.82,3.55,0.6887,从未跌破（观测期内）,2026-07-06,59.56,-0.1181,0.1664,0.7128,0.2665,0.8987,0.0,0.5218
605186,健麾信息,45.86,True,33.72,32.67,18,25.21,-4.64,10.2,3.23,0.6171,从未跌破（观测期内）,2026-07-06,58.39,0.3548,-0.1333,0.6349,0.3595,0.9246,0.0,0.5217
002301,齐心集团,60.02,True,8.36,7.59,8,10.16,-9.08,-2.0,10.16,0.3274,从未跌破（观测期内）,2026-07-06,55.32,0.5994,0.7662,0.5984,0.7596,0.9929,0.0026,0.5198
002662,峰璟股份,54.0,True,3.6,3.61,14,14.77,-9.67,2.14,-0.26,0.2698,从未跌破（观测期内）,2026-07-06,53.52,0.691,0.4791,0.5347,0.8063,0.9671,0.1088,0.5192
003017,大洋生物,19.05,True,22.91,22.29,6,8.24,-10.29,-2.68,2.76,0.0974,从未跌破（观测期内）,2026-07-06,54.83,0.8773,1.46,0.4037,0.9264,0.9963,0.3272,0.5189
603313,梦百合,34.12,True,5.98,5.52,9,14.77,-8.72,-0.28,8.29,0.3436,从未跌破（观测期内）,2026-07-06,62.11,0.7447,0.9937,0.7221,0.8468,0.842,0.0,0.5175
600171,上海贝岭,202.54,True,28.57,28.73,12,14.02,-9.45,1.12,-0.57,0.2046,从未跌破（观测期内）,2026-07-06,56.1,0.9156,0.6357,0.59,0.9493,0.9757,0.0167,0.5168
000782,恒申新材,41.35,True,7.83,7.72,12,12.39,-7.23,0.55,1.47,0.2497,从未跌破（观测期内）,2026-07-06,54.55,0.654,0.4979,0.5162,0.7915,0.9899,0.1397,0.5167
600572,康恩贝,104.56,True,4.13,3.99,7,3.57,-3.03,-0.8,3.57,0.2761,从未跌破（观测期内）,2026-07-06,59.7,0.3868,0.2233,0.2145,0.5214,0.8955,0.6426,0.5163
600379,宝光股份,55.18,True,16.71,13.59,10,22.98,-17.49,0.9,22.98,0.4317,从未跌破（观测期内）,2026-07-06,74.61,0.8662,1.2783,0.7642,0.9197,0.5641,0.0,0.5154
002038,双鹭药业,55.2,True,6.48,5.59,8,21.65,-10.81,-1.22,15.9,0.3469,从未跌破（观测期内）,2026-07-06,65.04,0.8086,3.1324,0.7856,0.8852,0.7769,0.0,0.5154
002353,杰瑞股份,1182.44,True,171.11,156.12,19,16.64,-5.21,5.3,9.6,0.6749,从未跌破（观测期内）,2026-07-06,58.89,-0.4584,0.1255,0.7194,0.2502,0.9136,0.0,0.5152
002452,长高电气,71.26,True,13.83,11.8,9,17.16,-6.8,2.35,17.16,0.4519,从未跌破（观测期内）,2026-07-06,74.02,0.7905,1.769,0.6064,0.8743,0.5773,0.0,0.5148
600060,海信视像,363.01,True,27.92,26.29,13,9.1,-5.98,1.42,6.18,0.4167,从未跌破（观测期内）,2026-07-06,54.01,0.5319,0.0674,0.5362,0.5461,0.978,0.1064,0.5148
002275,桂林三金,75.21,True,13.5,12.63,3,6.91,-5.43,-2.2,6.91,0.2219,从未跌破（观测期内）,2026-07-06,63.06,0.6366,0.7635,0.335,0.782,0.8208,0.4417,0.5147
600353,旭光电子,374.62,True,45.2,39.56,22,69.55,7.21,30.62,14.25,0.85,从未跌破（观测期内）,2026-07-06,67.19,-0.0127,-0.2257,1.0986,0.1097,0.7292,0.0,0.5133
000541,佛山照明,63.28,True,5.18,5.03,14,9.77,-6.19,0.78,2.97,0.3237,从未跌破（观测期内）,2026-07-06,61.11,0.643,0.393,0.5007,0.743,0.8642,0.1655,0.5129
600285,羚锐制药,120.72,True,21.31,20.3,9,4.98,-5.15,-0.76,4.98,0.3214,从未跌破（观测期内）,2026-07-06,53.44,0.0833,0.9435,0.2888,0.45,0.9654,0.5187,0.5119
002262,恩华药业,180.73,True,20.45,19.2,5,6.51,-5.55,-2.17,6.51,0.235,从未跌破（观测期内）,2026-07-06,58.9,0.534,1.396,0.3815,0.7204,0.9134,0.3641,0.5114
603661,恒林股份,51.29,True,36.88,36.44,19,16.83,-4.9,7.25,1.21,0.5139,从未跌破（观测期内）,2026-07-06,55.49,0.4912,-0.1689,0.8298,0.4272,0.9891,0.0,0.5102
000333,美的集团,5489.79,True,80.0,76.74,12,4.45,-5.31,-0.48,4.25,0.3462,从未跌破（观测期内）,2026-07-06,58.7,0.1026,1.1875,0.3088,0.4615,0.9177,0.4853,0.5102
603983,丸美生物,124.79,True,31.12,24.03,7,29.48,-8.69,3.08,29.48,0.4383,从未跌破（观测期内）,2026-07-06,78.84,0.9344,4.1456,0.6921,0.9606,0.4703,0.0,0.5095
603260,合盛硅业,513.55,True,43.44,45.96,16,26.84,-10.65,7.9,-5.48,0.3151,从未跌破（观测期内）,2026-07-06,44.84,0.851,1.0497,0.829,0.9106,0.7743,0.0,0.5086
002972,科安达,25.52,True,18.95,16.4,21,29.55,-0.77,16.55,15.57,0.8341,从未跌破（观测期内）,2026-07-06,83.66,0.2806,0.0057,0.5629,0.3707,0.363,0.0618,0.5082
600552,凯盛科技,222.45,True,23.55,24.98,20,37.77,-5.74,16.32,-5.74,0.4247,从未跌破（观测期内）,2026-07-06,56.21,0.5409,0.1202,1.1327,0.5726,0.9731,0.0,0.5076
002312,川发龙蟒,175.57,True,9.32,9.12,11,15.54,-13.2,0.12,2.22,0.2336,从未跌破（观测期内）,2026-07-06,54.61,0.7708,0.5342,0.6256,0.8625,0.9913,0.0,0.5073
002718,友邦吊顶,99.16,True,105.51,107.73,21,21.0,-2.06,11.11,-2.06,0.5326,从未跌破（观测期内）,2026-07-06,45.65,0.2691,0.1654,0.4867,0.4276,0.7922,0.1888,0.5067
600867,通化东宝,164.32,True,8.39,7.77,8,7.92,-7.82,-1.16,7.92,0.2963,从未跌破（观测期内）,2026-07-06,63.05,0.7205,1.0728,0.5374,0.8323,0.8211,0.1043,0.5065
603678,火炬电子,365.85,True,76.93,70.33,22,54.63,6.02,24.54,9.39,0.8346,从未跌破（观测期内）,2026-07-06,61.22,-0.2662,-0.5989,1.0956,0.0,0.8618,0.0,0.5062
600211,西藏药业,125.8,True,39.03,37.16,9,5.04,-8.87,-1.72,5.04,0.2458,从未跌破（观测期内）,2026-07-06,60.07,0.5397,1.6006,0.4034,0.7238,0.8874,0.3276,0.5059
000795,英洛华,103.14,True,9.24,9.32,15,10.85,-8.46,1.76,-0.86,0.2674,从未跌破（观测期内）,2026-07-06,49.61,0.8192,0.849,0.6785,0.8915,0.8801,0.0,0.5059
003026,中晶科技,50.9,True,35.21,37.36,17,27.43,-6.69,9.47,-5.76,0.3631,从未跌破（观测期内）,2026-07-06,51.35,0.5105,0.8224,0.9379,0.7063,0.9189,0.0,0.5056
002225,濮耐股份,41.27,True,4.35,4.41,19,14.4,-6.88,6.12,-1.44,0.4194,从未跌破（观测期内）,2026-07-06,52.7,0.318,1.1601,0.8319,0.5908,0.9488,0.0,0.5052
605007,五洲特纸,71.52,True,15.07,13.31,6,13.25,-9.44,-2.0,13.25,0.2955,从未跌破（观测期内）,2026-07-06,72.63,0.7963,0.5909,0.4167,0.8778,0.6082,0.3055,0.5051
002245,蔚蓝锂芯,359.4,True,22.37,20.39,13,9.7,-10.01,0.62,9.7,0.4649,从未跌破（观测期内）,2026-07-06,60.63,0.4566,0.2362,0.7963,0.5684,0.875,0.0,0.503
603956,威派格,34.31,True,6.02,5.28,8,26.28,-18.05,-1.07,14.03,0.3506,从未跌破（观测期内）,2026-07-06,67.63,0.7884,2.0423,0.8547,0.8731,0.7193,0.0,0.5024
600332,白云山,303.67,True,21.6,20.8,7,3.84,-5.43,-1.12,3.84,0.267,从未跌破（观测期内）,2026-07-06,53.04,0.1628,0.8293,0.2847,0.4977,0.9564,0.5256,0.5014
601369,陕鼓动力,154.41,True,9.05,8.92,9,5.18,-8.2,-0.69,1.5,0.2052,从未跌破（观测期内）,2026-06-26,54.07,0.6763,1.9042,0.514,0.8058,0.9794,0.1433,0.5009
603358,华达科技,204.24,True,44.23,39.74,17,12.36,-5.45,4.04,11.31,0.6215,从未跌破（观测期内）,2026-07-06,66.47,0.2663,0.1027,0.5884,0.4009,0.7452,0.0194,0.5008
000700,模塑科技,153.77,True,16.75,15.41,11,21.15,-9.84,2.01,8.69,0.4424,从未跌破（观测期内）,2026-07-06,55.99,0.6956,-0.2605,0.7537,0.5131,0.9779,0.0,0.5008
002558,巨人网络,521.51,True,27.44,25.7,11,10.6,-10.08,-0.57,6.77,0.3301,从未跌破（观测期内）,2026-07-06,69.64,0.7751,1.0016,0.5331,0.8651,0.6748,0.1115,0.5
002993,奥海科技,161.71,True,67.82,66.48,16,11.24,-3.92,2.78,2.02,0.3931,从未跌破（观测期内）,2026-07-06,53.29,0.3353,0.5767,0.8497,0.6012,0.962,0.0,0.4999
002916,深南电路,2926.49,True,440.2,423.38,22,14.53,0.27,6.56,3.97,0.6288,从未跌破（观测期内）,2026-07-06,58.27,0.2716,-0.2796,0.7408,0.2511,0.9273,0.0,0.4997
600579,中化装备,36.58,True,7.41,7.38,16,15.7,-8.52,4.71,0.36,0.3813,从未跌破（观测期内）,2026-07-06,59.23,0.4393,1.816,0.7675,0.6636,0.906,0.0,0.4996
603855,华荣股份,59.15,True,17.63,16.4,4,7.53,-6.18,-2.74,7.53,0.2379,从未跌破（观测期内）,2026-07-06,61.68,0.476,2.3087,0.3494,0.6856,0.8517,0.4176,0.4995
002129,TCL中环,404.77,True,10.02,10.44,17,18.65,-6.63,5.12,-3.98,0.299,从未跌破（观测期内）,2026-07-06,48.15,0.7428,0.4853,0.8158,0.8398,0.8477,0.0,0.4991
000017,深中华A,26.58,True,6.03,5.4,7,16.41,-10.34,-0.01,11.73,0.3611,从未跌破（观测期内）,2026-07-06,71.88,0.8291,0.6012,0.58,0.8974,0.625,0.0333,0.4988
000404,长虹华意,58.6,True,8.46,7.74,6,9.37,-10.54,-2.76,9.37,0.2609,从未跌破（观测期内）,2026-07-06,65.27,0.7097,0.8994,0.4668,0.8258,0.7717,0.222,0.4985
600732,爱旭股份,274.95,True,13.06,12.76,17,11.88,-15.46,1.9,2.35,0.3767,从未跌破（观测期内）,2026-07-06,53.52,0.3913,0.3821,0.57,0.5877,0.9672,0.05,0.4985
002925,盈趣科技,164.41,True,22.49,22.79,20,13.11,-1.32,5.34,-1.32,0.4421,从未跌破（观测期内）,2026-07-06,53.86,0.7697,-0.4674,0.5728,0.4749,0.9747,0.0454,0.4973
002648,卫星化学,831.52,True,24.7,23.89,10,9.88,-7.33,0.18,3.4,0.2487,从未跌破（观测期内）,2026-07-06,56.52,0.6817,0.9983,0.611,0.809,0.9663,0.0,0.495
002392,北京利尔,98.16,True,8.48,8.12,9,11.93,-16.1,-2.41,4.46,0.1943,从未跌破（观测期内）,2026-07-06,54.97,0.7822,1.2648,0.8124,0.8693,0.9994,0.0,0.4949
002185,华天科技,662.54,True,19.94,19.48,17,19.89,-8.33,6.49,2.35,0.4914,从未跌破（观测期内）,2026-07-06,62.23,0.8482,-0.482,0.7636,0.5161,0.8394,0.0,0.4935
002826,易明医药,33.81,True,18.3,16.33,6,12.72,-13.59,-3.0,12.09,0.2703,从未跌破（观测期内）,2026-07-06,59.11,0.6868,1.7494,0.7536,0.8121,0.9086,0.0,0.4929
002020,京新药业,108.09,True,14.93,12.69,8,20.96,-9.77,-0.35,17.67,0.3686,从未跌破（观测期内）,2026-07-06,71.97,0.7914,6.0503,0.5933,0.8748,0.6228,0.0112,0.4924
600110,诺德股份,249.69,True,14.39,14.66,20,42.98,-1.85,14.7,-1.85,0.522,从未跌破（观测期内）,2026-07-06,50.7,0.2894,0.0894,1.004,0.4094,0.9045,0.0,0.492
002921,联诚精密,36.11,True,28.11,25.4,10,19.17,-15.56,-1.79,10.65,0.3643,从未跌破（观测期内）,2026-07-06,63.38,0.5551,0.7821,0.7726,0.7331,0.8137,0.0,0.4917
002493,荣盛石化,1145.78,True,12.27,11.49,9,6.79,-8.15,-0.43,6.79,0.3172,从未跌破（观测期内）,2026-07-06,52.69,0.4977,1.0424,0.64,0.6986,0.9487,0.0,0.4913
600155,华创云信,124.84,True,5.64,5.52,9,4.38,-8.7,-1.79,2.24,0.1739,从未跌破（观测期内）,2026-07-06,54.37,0.6284,0.3175,0.4116,0.704,0.9861,0.314,0.4899
002046,国机精工,371.18,True,70.01,66.78,22,25.01,0.86,11.78,4.84,0.721,从未跌破（观测期内）,2026-07-06,61.21,0.1268,-0.3986,0.8703,0.1166,0.8619,0.0,0.4899
600671,天目药业,22.52,True,18.49,17.07,9,8.66,-10.39,-1.9,8.35,0.3043,从未跌破（观测期内）,2026-07-06,67.84,0.7281,1.493,0.5385,0.8369,0.7147,0.1026,0.4892
603290,斯达半导,303.44,True,126.71,128.57,13,22.65,-14.45,3.16,-1.45,0.2495,从未跌破（观测期内）,2026-07-06,57.07,0.8808,0.1596,0.788,0.7923,0.9541,0.0,0.4887
002137,实益达,41.19,True,10.39,10.43,18,18.83,-5.23,7.42,-0.4,0.4618,从未跌破（观测期内）,2026-07-06,52.42,0.1029,1.0818,0.8821,0.4618,0.9426,0.0,0.4887
002734,利民股份,76.53,True,17.62,17.05,15,14.81,-8.64,2.23,3.36,0.3786,从未跌破（观测期内）,2026-07-06,67.13,0.6051,1.1874,0.6753,0.7631,0.7305,0.0,0.4883
002810,山东赫达,79.46,True,24.61,24.12,15,11.39,-13.86,0.55,2.03,0.303,从未跌破（观测期内）,2026-07-06,47.23,0.6247,1.4673,0.5708,0.7748,0.8272,0.0487,0.4877
002258,利尔化学,109.72,True,13.73,13.29,18,10.35,-4.57,3.61,3.33,0.4862,从未跌破（观测期内）,2026-07-06,50.32,0.5726,-0.2208,0.6792,0.4552,0.896,0.0,0.4875
600201,生物股份,141.64,True,12.74,12.01,7,6.1,-14.01,-2.02,6.1,0.2136,从未跌破（观测期内）,2026-07-06,53.93,0.4063,1.4247,0.4167,0.6438,0.9761,0.3055,0.4874
002693,双成药业,41.59,True,10.12,9.15,6,17.8,-14.47,-4.53,10.58,0.2322,从未跌破（观测期内）,2026-07-06,62.5,0.8468,1.5001,0.6412,0.9081,0.8333,0.0,0.4866
001387,雪祺电气,15.47,True,13.28,12.61,14,6.55,-10.71,-1.02,5.33,0.3305,从未跌破（观测期内）,2026-07-06,67.66,0.5147,1.3543,0.466,0.7088,0.7187,0.2234,0.4866
603367,辰欣药业,63.25,True,13.97,13.27,6,5.78,-7.27,-2.18,5.28,0.2068,从未跌破（观测期内）,2026-07-06,56.49,0.4512,1.6446,0.4298,0.6707,0.9668,0.2837,0.4863
000650,仁和药业,72.03,True,5.41,5.2,4,4.0,-4.69,-1.68,4.0,0.2024,从未跌破（观测期内）,2026-07-06,53.85,0.1735,0.7971,0.2638,0.5041,0.9744,0.5603,0.4859
002106,莱宝高科,92.84,True,13.17,14.41,21,27.69,-8.63,11.53,-8.63,0.3684,从未跌破（观测期内）,2026-07-06,49.58,0.5313,0.3296,1.0769,0.6506,0.8796,0.0,0.4859
605100,华丰股份,89.55,True,37.64,38.32,13,13.89,-10.94,2.5,-1.79,0.2246,从未跌破（观测期内）,2026-07-06,56.59,0.6843,0.7972,0.7052,0.8106,0.9647,0.0,0.4854
603091,众鑫股份,22.21,True,50.45,48.03,9,7.03,-15.65,-4.14,5.04,0.1658,从未跌破（观测期内）,2026-07-06,60.1,0.7417,0.4594,0.4622,0.8288,0.8866,0.2296,0.4853
605588,冠石科技,44.89,True,61.41,60.7,14,18.42,-15.38,2.98,1.17,0.3267,从未跌破（观测期内）,2026-07-06,60.14,0.532,0.4755,0.6913,0.7094,0.8857,0.0,0.4852
002986,宇新股份,36.73,True,12.17,11.84,11,12.75,-10.95,-1.11,2.8,0.2174,从未跌破（观测期内）,2026-07-06,61.15,0.7531,0.3768,0.5034,0.8026,0.8634,0.1609,0.4844
600521,华海药业,251.54,True,16.8,14.64,5,14.78,-10.34,-3.18,14.78,0.25,从未跌破（观测期内）,2026-07-06,72.42,0.8618,5.812,0.4734,0.9171,0.6129,0.211,0.4835
603823,百合花,274.22,True,65.86,49.52,22,53.3,14.16,36.43,33.0,0.85,从未跌破（观测期内）,2026-07-06,77.34,-0.1049,-0.0785,0.8905,0.1686,0.5037,0.0,0.4829
001282,三联锻造,28.74,True,18.82,19.54,11,20.5,-11.9,1.8,-3.69,0.1277,从未跌破（观测期内）,2026-07-06,54.11,0.8948,0.9778,0.6988,0.9369,0.9802,0.0,0.4813
002430,杭氧股份,255.63,True,26.14,27.67,16,18.77,-10.72,3.81,-5.54,0.2111,从未跌破（观测期内）,2026-07-06,49.37,0.8066,1.4453,0.7835,0.884,0.8749,0.0,0.4804
603858,步长制药,163.99,True,15.55,15.07,13,3.33,-4.66,-0.57,3.19,0.3389,从未跌破（观测期内）,2026-07-06,50.12,0.3837,0.1082,0.4072,0.4735,0.8916,0.3213,0.4804
002923,润都股份,28.18,True,10.92,10.02,4,9.13,-12.94,-4.53,8.93,0.1735,从未跌破（观测期内）,2026-07-06,60.21,0.724,2.2041,0.5007,0.8344,0.8842,0.1654,0.4796
603728,鸣志电器,272.65,True,65.09,61.88,7,9.86,-10.01,-2.15,5.19,0.1888,从未跌破（观测期内）,2026-07-06,55.07,0.694,0.7148,0.6484,0.8164,0.9984,0.0,0.4793
001400,江顺科技,53.25,True,115.19,113.13,10,10.63,-13.55,-0.71,1.82,0.1869,从未跌破（观测期内）,2026-07-06,53.89,0.7268,1.995,0.8716,0.8361,0.9754,0.0,0.4789
002250,联化科技,139.26,True,15.56,14.22,7,10.66,-8.58,-0.94,9.43,0.3238,从未跌破（观测期内）,2026-07-06,61.91,0.5013,1.6036,0.5818,0.7008,0.8464,0.0303,0.4785
603341,龙旗科技,104.6,True,39.29,38.7,16,12.16,-6.6,2.53,1.51,0.3556,从未跌破（观测期内）,2026-07-06,57.16,0.6658,-0.3247,0.4865,0.4696,0.9519,0.1892,0.4784
603893,瑞芯微,744.8,True,176.12,175.97,12,7.73,-11.56,-1.32,0.08,0.1599,从未跌破（观测期内）,2026-07-06,55.15,0.778,0.2174,0.4963,0.7538,0.9968,0.1728,0.4777
605369,拱东医疗,40.04,True,18.16,17.09,10,12.52,-13.27,-2.74,6.27,0.2475,从未跌破（观测期内）,2026-07-06,58.18,0.6668,0.4185,0.7105,0.7675,0.9293,0.0,0.4767
002294,信立泰,443.93,True,39.83,32.43,6,25.04,-9.54,-0.48,22.81,0.3335,从未跌破（观测期内）,2026-07-06,76.81,0.9341,5.2127,0.6351,0.9605,0.5153,0.0,0.4766
002182,宝武镁业,127.06,True,14.68,13.86,7,15.65,-13.34,-2.23,5.9,0.2032,从未跌破（观测期内）,2026-07-06,55.57,0.647,1.7671,0.7249,0.7882,0.9873,0.0,0.4758
002107,沃华医药,37.37,True,6.54,6.0,4,10.93,-9.66,-3.93,8.97,0.1898,从未跌破（观测期内）,2026-07-06,61.04,0.62,1.2576,0.4693,0.772,0.8658,0.2178,0.4747
000938,紫光股份,952.69,True,33.31,27.52,8,21.02,-12.86,-1.37,21.02,0.343,从未跌破（观测期内）,2026-07-06,71.17,0.7482,0.4576,0.768,0.8319,0.6406,0.0,0.4733
603399,永杉锂业,106.81,True,20.85,20.5,16,20.29,-15.36,6.87,1.72,0.4692,从未跌破（观测期内）,2026-07-06,48.42,0.4637,-0.0512,0.9526,0.4577,0.8538,0.0,0.4729
603917,合力科技,27.03,True,13.26,12.12,8,9.49,-5.52,-0.01,9.42,0.3774,从未跌破（观测期内）,2026-07-06,64.69,0.5805,-0.0707,0.463,0.52,0.7846,0.2283,0.4721
603082,北自科技,15.82,True,39.0,39.28,12,26.24,-17.36,2.93,-0.72,0.2463,从未跌破（观测期内）,2026-07-06,63.48,0.7403,0.5984,0.7358,0.8442,0.8115,0.0,0.4719
002126,银轮股份,438.92,True,55.2,49.66,6,11.16,-10.27,-2.22,11.16,0.29,从未跌破（观测期内）,2026-07-06,61.4,0.5599,1.9277,0.68,0.736,0.8577,0.0,0.4715
002841,视源股份,204.16,True,39.16,34.75,5,12.7,-10.49,-3.15,12.7,0.2507,从未跌破（观测期内）,2026-07-06,70.83,0.7828,2.2564,0.505,0.8697,0.6483,0.1584,0.4711
603590,康辰药业,52.55,True,33.21,29.91,4,11.03,-15.38,-6.32,11.03,0.1556,从未跌破（观测期内）,2026-07-06,64.52,0.8095,3.3702,0.4812,0.8857,0.7884,0.1979,0.471
600567,山鹰国际,87.04,True,1.38,1.37,14,6.35,-5.85,0.44,0.84,0.3187,从未跌破（观测期内）,2026-07-06,45.16,0.5017,1.4082,0.5545,0.701,0.7814,0.0758,0.4704
000066,中国长城,607.05,True,18.82,17.58,11,17.08,-20.12,-2.86,7.03,0.2793,从未跌破（观测期内）,2026-07-06,61.21,0.8378,0.101,0.821,0.7431,0.862,0.0,0.4699
002079,苏州固锝,112.31,True,13.85,13.43,14,15.42,-8.83,4.71,3.1,0.4179,从未跌破（观测期内）,2026-07-06,66.06,0.78,-0.3248,0.5306,0.5381,0.7541,0.1156,0.4698
002272,川润股份,93.14,True,22.82,22.12,14,14.89,-12.63,3.32,3.18,0.3854,从未跌破（观测期内）,2026-07-06,62.95,0.4509,0.0642,0.4976,0.4962,0.8234,0.1707,0.4685
002755,奥赛康,140.89,True,15.18,13.28,6,14.99,-18.24,-4.41,14.26,0.2352,从未跌破（观测期内）,2026-07-06,73.5,0.865,0.6546,0.4933,0.919,0.5889,0.1778,0.4683
603110,东方材料,44.55,True,22.14,22.66,10,15.31,-10.83,0.55,-2.29,0.1156,从未跌破（观测期内）,2026-07-06,51.98,0.7421,1.0973,0.5033,0.8452,0.933,0.1611,0.4683
603002,宏昌电子,243.49,True,21.47,21.76,20,40.53,-7.73,15.05,-1.31,0.5354,从未跌破（观测期内）,2026-07-06,56.76,0.3597,-0.4218,1.1083,0.2471,0.9608,0.0,0.4681
000818,航锦科技,101.43,True,15.41,13.47,8,14.41,-16.19,-3.75,14.41,0.2836,从未跌破（观测期内）,2026-07-06,64.65,0.647,2.564,0.8154,0.7882,0.7857,0.0,0.4676
001270,铖昌科技,326.44,True,159.39,137.18,7,20.01,-11.24,0.06,16.19,0.3628,从未跌破（观测期内）,2026-07-06,68.41,0.5459,0.5571,0.8181,0.7276,0.702,0.0,0.4674
000422,湖北宜化,149.05,True,14.09,13.71,11,11.16,-11.11,-0.34,2.74,0.235,从未跌破（观测期内）,2026-07-06,53.99,0.7674,0.126,0.6763,0.7108,0.9776,0.0,0.4672
605183,确成股份,63.14,True,15.31,15.06,10,10.39,-7.05,-0.77,1.68,0.2019,从未跌破（观测期内）,2026-07-06,49.14,0.8433,0.0186,0.4662,0.7134,0.8698,0.223,0.4665
600216,浙江医药,122.25,True,12.85,11.86,3,8.34,-10.32,-4.34,8.34,0.1582,从未跌破（观测期内）,2026-07-06,59.04,0.4118,2.5317,0.3635,0.6471,0.9102,0.3942,0.4662
001358,兴欣新材,12.86,True,25.87,25.16,8,13.43,-12.72,-2.38,2.83,0.1387,从未跌破（观测期内）,2026-07-06,52.59,0.8072,1.7535,0.6383,0.8843,0.9464,0.0,0.4658
603757,大元泵业,147.73,True,79.19,62.75,12,32.08,-18.38,7.47,26.2,0.6278,从未跌破（观测期内）,2026-07-06,76.98,0.4903,-0.1114,0.9751,0.4497,0.5115,0.0,0.4658
600862,中航高科,258.55,True,18.56,18.1,12,6.5,-8.58,-0.73,2.52,0.2371,从未跌破（观测期内）,2026-07-06,46.44,0.6333,0.3824,0.5007,0.7329,0.8099,0.1655,0.4649
603520,司太立,44.41,True,10.13,9.89,10,13.05,-15.81,-3.31,2.43,0.1371,从未跌破（观测期内）,2026-07-06,59.9,0.7926,0.3614,0.4938,0.8202,0.8912,0.177,0.4647
000629,钒钛股份,314.02,True,3.38,3.27,7,8.85,-11.37,-2.96,3.49,0.1246,从未跌破（观测期内）,2026-07-06,55.28,0.6707,0.7095,0.5383,0.8024,0.9937,0.1028,0.4646
000680,山推股份,143.83,True,10.94,10.32,3,6.04,-8.33,-3.96,6.04,0.1556,从未跌破（观测期内）,2026-07-06,54.55,0.4468,1.984,0.4516,0.6681,0.9899,0.2473,0.4643
600150,中国船舶,2285.29,True,37.64,35.4,4,6.33,-8.53,-2.85,6.33,0.1779,从未跌破（观测期内）,2026-07-06,56.52,0.4873,1.4579,0.5031,0.6924,0.9663,0.1614,0.4617
603111,康尼机电,51.68,True,6.06,5.86,3,3.42,-5.44,-2.06,3.42,0.164,从未跌破（观测期内）,2026-07-06,51.79,0.1828,0.6592,0.2744,0.5097,0.9286,0.5427,0.4601
002077,大港股份,103.01,True,17.75,17.63,12,10.86,-11.56,1.16,0.69,0.2373,从未跌破（观测期内）,2026-07-06,58.61,0.8026,-0.0427,0.5426,0.6645,0.9198,0.0957,0.4594
600215,派斯林,31.43,True,6.88,6.23,2,10.46,-9.97,-3.69,10.46,0.2141,从未跌破（观测期内）,2026-07-06,59.02,0.5161,1.2999,0.5436,0.7096,0.9107,0.094,0.4593
002896,中大力德,165.12,True,84.02,80.52,6,17.12,-12.93,-0.97,4.35,0.1797,从未跌破（观测期内）,2026-07-06,55.56,0.8766,0.0841,0.7842,0.7596,0.9877,0.0,0.4593
002833,弘亚数控,54.69,True,18.7,18.05,7,7.56,-7.94,-2.12,3.6,0.1503,从未跌破（观测期内）,2026-07-06,57.44,0.6384,0.7756,0.543,0.783,0.9458,0.0949,0.4593
003020,立方制药,27.61,True,16.38,15.52,4,5.57,-8.18,-3.06,5.57,0.1471,从未跌破（观测期内）,2026-07-06,59.72,0.587,1.8209,0.4688,0.7522,0.8951,0.2187,0.4587
000751,锌业股份,74.44,True,5.28,5.46,13,18.14,-16.71,2.12,-3.29,0.1777,从未跌破（观测期内）,2026-07-06,48.43,0.7855,0.4774,0.9016,0.8622,0.8541,0.0,0.4575
002338,奥普光电,130.99,True,54.58,53.83,6,7.96,-16.02,-3.55,1.39,0.0415,从未跌破（观测期内）,2026-07-06,53.51,0.7709,0.6071,0.4762,0.8625,0.9668,0.2064,0.4566
603700,宁水集团,22.42,True,11.21,11.04,10,5.88,-8.5,-0.91,1.58,0.1757,从未跌破（观测期内）,2026-07-06,63.2,0.5461,0.2229,0.3267,0.6168,0.8177,0.4555,0.4564
601163,三角轮胎,109.2,True,13.65,13.1,2,4.2,-8.29,-4.27,4.2,0.0967,从未跌破（观测期内）,2026-07-06,52.77,0.4413,0.3406,0.2909,0.601,0.9504,0.5152,0.4563
600166,福田汽车,253.36,True,3.2,3.07,10,5.35,-5.83,-0.66,4.29,0.2893,从未跌破（观测期内）,2026-07-06,50.94,0.5306,-0.1519,0.4234,0.4576,0.9099,0.2944,0.4562
000597,东北制药,64.54,True,4.58,4.4,4,4.1,-7.43,-2.32,4.1,0.1618,从未跌破（观测期内）,2026-07-06,51.11,0.5248,0.2218,0.37,0.6036,0.9136,0.3834,0.4558
600129,太极集团,78.96,True,14.32,13.18,5,8.64,-11.02,-3.77,8.64,0.2014,从未跌破（观测期内）,2026-07-06,58.45,0.4614,2.4151,0.5148,0.6768,0.9233,0.142,0.4557
001696,宗申动力,177.74,True,19.94,21.6,16,41.21,-10.57,16.26,-7.68,0.3125,从未跌破（观测期内）,2026-07-06,38.12,0.7041,4.3196,0.9624,0.8224,0.6249,0.0,0.4556
002555,三七互娱,300.33,True,18.92,18.42,7,6.18,-9.03,-2.25,2.7,0.1337,从未跌破（观测期内）,2026-07-06,56.16,0.4229,0.7696,0.427,0.6538,0.9743,0.2883,0.455
601089,福元医药,86.78,True,18.08,16.67,5,8.44,-9.88,-3.43,8.44,0.2049,从未跌破（观测期内）,2026-07-06,64.75,0.5028,3.071,0.4375,0.7017,0.7834,0.2708,0.4547
002223,鱼跃医疗,249.24,True,26.45,25.66,7,3.76,-7.02,-1.98,3.07,0.1886,从未跌破（观测期内）,2026-07-06,52.59,0.2287,0.2557,0.2825,0.4395,0.9464,0.5291,0.4539
600372,中航机载,535.67,True,11.07,10.92,4,2.87,-8.77,-2.64,1.34,0.0824,从未跌破（观测期内）,2026-07-06,48.96,0.4911,0.5434,0.3064,0.6947,0.8658,0.4893,0.4532
603977,国泰集团,91.2,True,14.68,14.11,11,16.8,-12.7,0.72,4.01,0.2933,从未跌破（观测期内）,2026-07-06,63.11,0.5851,0.3348,0.6927,0.685,0.8198,0.0,0.4525
603375,盛景微,32.47,True,50.91,48.59,9,4.78,-10.53,-1.2,4.78,0.2694,从未跌破（观测期内）,2026-07-06,52.83,0.665,0.0464,0.7214,0.6175,0.9518,0.0,0.4525
002723,小崧股份,28.41,True,8.96,8.72,12,9.93,-8.1,-0.65,2.71,0.2423,从未跌破（观测期内）,2026-07-06,60.06,0.5085,0.2318,0.4878,0.5978,0.8876,0.187,0.452
002191,劲嘉股份,53.02,True,3.78,3.92,16,9.09,-3.46,1.66,-3.46,0.2688,从未跌破（观测期内）,2026-07-06,50.68,0.7733,-0.2991,0.4894,0.5444,0.9039,0.1843,0.452
000651,格力电器,2153.58,True,39.0,37.7,3,3.45,-4.33,-1.64,3.45,0.1871,从未跌破（观测期内）,2026-07-06,61.49,-0.0518,1.0747,0.1775,0.4,0.8557,0.7042,0.4516
003033,征和工业,51.72,True,64.06,54.21,8,18.18,-16.16,-2.81,18.18,0.307,从未跌破（观测期内）,2026-07-06,77.19,0.8438,0.5584,0.7623,0.9063,0.5068,0.0,0.4507
002793,罗欣药业,51.47,True,4.74,4.09,4,15.86,-11.24,-3.58,15.86,0.2241,从未跌破（观测期内）,2026-07-06,66.32,0.7327,2.3301,0.6033,0.8396,0.7484,0.0,0.4492
002436,兴森科技,687.47,True,45.29,45.64,20,31.29,-0.78,11.67,-0.78,0.5487,从未跌破（观测期内）,2026-07-06,57.01,0.21,-0.429,0.869,0.1544,0.9554,0.0,0.4492
603859,能科科技,118.68,True,48.5,50.84,16,26.83,-6.89,5.71,-4.6,0.2822,从未跌破（观测期内）,2026-07-06,43.94,0.5619,1.9972,0.9017,0.7371,0.7541,0.0,0.448
002102,ST能特,49.98,True,2.3,2.21,4,7.09,-7.22,-2.36,3.86,0.1338,从未跌破（观测期内）,2026-07-06,54.29,0.3817,0.3724,0.3874,0.578,0.9841,0.3544,0.448
600351,亚宝药业,43.46,True,6.28,6.02,6,4.32,-5.95,-1.67,4.32,0.232,从未跌破（观测期内）,2026-07-06,51.31,0.1268,0.4387,0.3655,0.4516,0.918,0.3908,0.4479
605507,国邦医药,124.63,True,15.93,15.49,10,3.5,-5.44,-0.51,2.84,0.29,从未跌破（观测期内）,2026-07-06,49.29,0.3083,0.1693,0.4241,0.4527,0.873,0.2931,0.4477
002377,国创高新,25.74,True,2.95,2.7,2,9.08,-11.71,-5.72,9.08,0.1218,从未跌破（观测期内）,2026-07-06,58.43,0.5825,2.1892,0.4939,0.7495,0.9238,0.1768,0.4474
002861,瀛通通讯,32.98,True,21.96,20.13,13,20.78,-4.02,6.32,9.07,0.5914,从未跌破（观测期内）,2026-07-06,72.61,0.3644,-0.4906,0.4674,0.2224,0.6088,0.221,0.4471
603611,诺力股份,46.27,True,17.96,17.2,3,5.3,-8.61,-3.15,4.39,0.1263,从未跌破（观测期内）,2026-07-06,55.48,0.2744,0.7797,0.3722,0.5646,0.9894,0.3797,0.4465
600618,氯碱化工,80.23,True,10.7,10.52,10,4.19,-11.34,-1.71,1.73,0.1655,从未跌破（观测期内）,2026-07-06,47.14,0.6419,1.6519,0.524,0.7851,0.8253,0.1267,0.4465
600557,康缘药业,71.05,True,12.55,11.93,5,6.76,-9.45,-2.36,5.23,0.1752,从未跌破（观测期内）,2026-07-06,55.06,0.3467,1.0497,0.5038,0.608,0.9986,0.1604,0.4459
603496,恒为科技,76.82,True,23.99,23.49,7,15.14,-19.42,-4.08,2.14,0.0628,从未跌破（观测期内）,2026-07-06,54.67,0.8142,1.4421,0.692,0.8885,0.9927,0.0,0.4458
603666,亿嘉和,59.62,True,29.01,27.81,6,9.8,-11.12,-3.19,4.3,0.1232,从未跌破（观测期内）,2026-07-06,58.89,0.7587,2.5424,0.6238,0.8552,0.9135,0.0,0.4458
603271,永杰新材,43.13,True,45.6,45.6,8,17.7,-9.11,-1.29,0.0,0.095,从未跌破（观测期内）,2026-07-06,50.82,0.8973,0.4158,0.7258,0.9047,0.9072,0.0,0.4456
603663,三祥新材,345.47,True,81.54,85.99,21,39.96,-5.18,22.61,-5.18,0.4547,从未跌破（观测期内）,2026-07-06,55.0,0.1174,-0.0526,0.9038,0.2494,0.9999,0.0,0.4442
000919,金陵药业,38.74,True,6.23,6.04,5,3.08,-6.86,-2.28,3.08,0.1628,从未跌破（观测期内）,2026-07-06,51.97,0.1324,0.9637,0.311,0.4794,0.9327,0.4816,0.4438
002057,中钢天源,89.27,True,11.85,11.93,21,27.01,-0.66,12.05,-0.66,0.5676,从未跌破（观测期内）,2026-07-06,48.47,0.2063,-0.3586,0.7595,0.1804,0.8548,0.0,0.4431
002287,奇正藏药,118.19,True,20.7,19.68,3,5.2,-6.69,-2.97,5.2,0.1647,从未跌破（观测期内）,2026-07-06,54.82,0.0748,1.7073,0.3354,0.4449,0.996,0.4411,0.4425
600265,*ST景谷,29.33,True,22.6,22.79,7,21.36,-13.02,-1.47,-0.85,0.0534,从未跌破（观测期内）,2026-07-06,45.33,0.8723,2.7383,0.4669,0.9234,0.7851,0.2218,0.4425
600535,天士力,215.58,True,14.43,13.94,7,3.52,-5.84,-1.09,3.52,0.2521,从未跌破（观测期内）,2026-07-06,48.66,-0.0675,1.6221,0.3209,0.4,0.8592,0.4651,0.4424
002698,博实股份,112.52,True,13.33,12.13,5,13.71,-12.51,-3.33,9.93,0.2445,从未跌破（观测期内）,2026-07-06,67.42,0.6623,1.7737,0.6003,0.7974,0.724,0.0,0.4419
002636,金安国纪,701.06,True,96.79,100.54,21,65.81,-3.73,38.63,-3.73,0.4908,从未跌破（观测期内）,2026-07-06,49.64,-0.401,0.192,1.0434,0.2768,0.8809,0.0,0.4417
002837,英维克,837.22,True,74.06,74.35,11,20.96,-14.77,1.37,-0.39,0.1995,从未跌破（观测期内）,2026-07-06,54.31,0.7614,-0.0015,0.7393,0.6562,0.9847,0.0,0.4408
605366,宏柏新材,84.93,True,10.99,11.51,8,30.74,-12.74,1.88,-4.55,0.0607,从未跌破（观测期内）,2026-07-06,53.27,0.8241,1.3466,1.0002,0.8945,0.9616,0.0,0.4402
600562,国睿科技,295.81,True,23.82,21.57,3,10.45,-12.06,-4.94,10.45,0.1741,从未跌破（观测期内）,2026-07-06,61.57,0.483,2.813,0.4916,0.6898,0.8541,0.1807,0.44
600062,华润双鹤,177.85,True,17.13,16.66,8,2.85,-6.51,-1.04,2.85,0.256,从未跌破（观测期内）,2026-07-06,50.96,-0.0506,1.8852,0.3786,0.4,0.9101,0.3691,0.4398
601100,恒立液压,1575.46,True,117.5,114.72,13,7.92,-7.6,0.32,2.42,0.2838,从未跌破（观测期内）,2026-07-06,51.78,0.2732,0.3888,0.5573,0.5194,0.9284,0.0712,0.4397
002064,华峰化学,550.66,True,11.12,10.32,10,7.7,-7.35,0.03,7.7,0.3723,从未跌破（观测期内）,2026-07-06,51.75,0.0328,1.4144,0.7327,0.4197,0.9277,0.0,0.4394
603038,华立股份,42.53,True,15.83,15.48,6,2.71,-7.23,-2.14,2.28,0.1673,从未跌破（观测期内）,2026-07-06,55.13,0.2698,0.371,0.4219,0.5103,0.9972,0.2968,0.4384
603298,杭叉集团,347.1,True,26.5,24.7,5,7.31,-9.96,-2.17,7.31,0.2249,从未跌破（观测期内）,2026-07-06,57.98,0.2994,0.3759,0.4856,0.53,0.9338,0.1907,0.4378
600079,ST人福,271.6,True,17.6,16.99,3,4.62,-5.33,-1.82,3.57,0.1686,从未跌破（观测期内）,2026-07-06,54.09,0.0075,1.8842,0.3082,0.4045,0.9799,0.4863,0.4375
000777,中核科技,67.79,True,17.68,18.12,11,22.76,-10.43,0.32,-2.4,0.1229,从未跌破（观测期内）,2026-07-06,48.59,0.7777,2.2101,0.9428,0.8666,0.8576,0.0,0.4373
603281,江瀚新材,128.62,True,24.8,26.28,13,17.25,-12.99,2.91,-5.64,0.1386,从未跌破（观测期内）,2026-07-06,46.58,0.7928,2.5982,0.7196,0.8757,0.8128,0.0,0.4369
600479,千金药业,40.64,True,9.71,9.39,4,3.36,-5.29,-2.15,3.36,0.1728,从未跌破（观测期内）,2026-07-06,59.29,-0.1917,0.3721,0.202,0.3488,0.9048,0.6633,0.4368
600879,航天电子,709.68,True,21.51,20.52,7,8.53,-12.45,-1.66,4.83,0.1933,从未跌破（观测期内）,2026-07-06,59.23,0.6071,0.315,0.5788,0.6903,0.906,0.0354,0.4364
603838,*ST四通,28.77,True,8.99,9.1,10,6.26,-10.94,-1.71,-1.24,0.0854,从未跌破（观测期内）,2026-07-06,51.43,0.5859,0.2245,0.3706,0.6413,0.9206,0.3823,0.436
002084,海鸥住工,22.82,True,3.54,3.44,14,8.35,-9.73,0.62,3.03,0.3138,从未跌破（观测期内）,2026-07-06,63.83,0.3006,0.0051,0.3852,0.3824,0.8038,0.358,0.4356
002202,金风科技,804.21,True,23.91,22.48,7,10.16,-11.82,-2.49,6.38,0.2087,从未跌破（观测期内）,2026-07-06,60.35,0.5937,0.3681,0.6759,0.7034,0.881,0.0,0.4355
603818,曲美家居,21.63,True,3.15,3.0,4,13.62,-12.78,-4.54,5.07,0.077,从未跌破（观测期内）,2026-07-06,58.27,0.7663,0.7093,0.5876,0.8598,0.9274,0.0206,0.4343
002774,快意电梯,44.6,True,15.83,12.97,14,22.06,-9.95,5.64,22.06,0.6138,从未跌破（观测期内）,2026-07-06,89.26,0.3007,0.4502,0.6234,0.5605,0.2386,0.0,0.4334
000951,中国重汽,265.24,True,22.69,21.15,15,7.28,-11.37,-0.42,7.28,0.4102,从未跌破（观测期内）,2026-07-06,54.04,0.0899,0.0985,0.6063,0.2933,0.9786,0.0,0.4332
002446,盛路通信,90.37,True,10.66,10.96,17,13.75,-8.67,3.32,-2.75,0.2845,从未跌破（观测期内）,2026-07-06,49.62,0.3261,0.4409,0.7024,0.572,0.8805,0.0,0.4329
002444,巨星科技,386.1,True,33.67,30.75,7,9.48,-6.63,-2.05,9.48,0.2973,从未跌破（观测期内）,2026-07-06,62.74,0.3554,0.0681,0.4478,0.4405,0.8281,0.2536,0.4327
002290,禾盛新材,218.18,True,88.26,84.97,9,8.13,-15.61,-3.2,3.88,0.16,从未跌破（观测期内）,2026-07-06,58.16,0.5466,0.503,0.6419,0.728,0.9298,0.0,0.432
000576,甘化科工,33.36,True,7.69,7.09,3,14.96,-11.41,-4.51,8.41,0.1453,从未跌破（观测期内）,2026-07-06,57.65,0.5667,8.251,0.63,0.74,0.941,0.0,0.4313
600237,铜峰电子,70.96,True,11.36,11.98,18,23.48,-6.8,9.22,-5.2,0.3869,从未跌破（观测期内）,2026-07-06,53.78,0.5426,-0.4947,1.0464,0.3277,0.9728,0.0,0.4312
002831,裕同科技,218.69,True,30.62,32.43,14,27.07,-7.3,6.82,-5.59,0.2533,从未跌破（观测期内）,2026-07-06,50.39,0.3353,0.6065,0.681,0.6012,0.8976,0.0,0.4312
002484,江海股份,791.02,True,96.41,97.68,21,54.32,-1.3,18.72,-1.3,0.5517,从未跌破（观测期内）,2026-07-06,56.98,-0.4063,-0.3097,1.0188,0.0761,0.956,0.0,0.4309
600228,返利科技,28.79,True,6.92,7.63,11,52.75,-9.35,10.29,-9.35,0.1913,从未跌破（观测期内）,2026-07-06,53.54,0.3997,6.5654,1.082,0.6398,0.9676,0.0,0.43
002080,中材科技,1285.11,True,76.58,78.37,14,35.18,-12.15,9.27,-2.28,0.3975,从未跌破（观测期内）,2026-07-06,55.64,0.3754,-0.3271,1.142,0.2944,0.9859,0.0,0.4298
603948,建业股份,41.81,True,25.73,24.96,9,8.68,-8.61,-0.22,3.07,0.2144,从未跌破（观测期内）,2026-07-06,48.65,0.4809,2.1287,0.7167,0.6886,0.8589,0.0,0.4297
002174,游族网络,121.33,True,12.39,11.78,14,13.41,-12.75,2.46,5.18,0.4139,从未跌破（观测期内）,2026-07-06,65.4,0.2485,0.2299,0.6806,0.4411,0.7688,0.0,0.4296
000999,华润三九,403.7,True,24.28,23.76,9,2.78,-7.66,-1.16,2.19,0.2362,从未跌破（观测期内）,2026-07-06,47.99,-0.1731,0.5672,0.3377,0.4,0.8443,0.4372,0.4289
002424,ST百灵,52.64,True,4.57,4.46,5,3.47,-6.64,-2.3,2.55,0.1429,从未跌破（观测期内）,2026-07-06,54.89,0.1917,1.3371,0.4311,0.515,0.9975,0.2814,0.4276
603310,巍华新材,30.5,True,15.72,15.38,4,6.02,-7.05,-2.75,2.21,0.1043,从未跌破（观测期内）,2026-07-06,49.34,0.5972,0.1859,0.3892,0.6327,0.8743,0.3514,0.4274
002001,新 和 成,943.85,True,31.08,29.72,9,4.58,-8.24,-0.9,4.58,0.2924,从未跌破（观测期内）,2026-07-06,53.47,-0.1622,0.9012,0.5316,0.4,0.966,0.114,0.4273
002738,中矿资源,451.42,True,63.47,59.99,9,10.22,-18.63,-3.27,5.8,0.2064,从未跌破（观测期内）,2026-07-06,51.51,0.4005,1.5371,0.7896,0.6403,0.9225,0.0,0.4271
002428,云南锗业,687.71,True,105.31,104.93,17,35.91,-11.63,10.67,0.36,0.5295,从未跌破（观测期内）,2026-07-06,52.93,0.1359,-0.4695,0.98,0.0937,0.954,0.0,0.426
002101,广东鸿图,61.32,True,9.26,8.9,10,8.11,-7.81,-0.56,4.0,0.2452,从未跌破（观测期内）,2026-07-06,64.98,0.4865,-0.089,0.3685,0.4563,0.7783,0.3859,0.4257
002032,苏 泊 尔,344.58,True,43.1,41.56,2,3.71,-7.84,-4.86,3.71,0.0621,从未跌破（观测期内）,2026-07-06,53.7,0.25,0.3509,0.2642,0.4904,0.9711,0.5597,0.4256
603408,建霖家居,45.97,True,10.27,10.03,4,2.43,-6.21,-2.11,2.43,0.1505,从未跌破（观测期内）,2026-07-06,54.26,0.3467,-0.1727,0.2643,0.3389,0.9835,0.5595,0.4256
605376,博迁新材,572.22,True,218.74,224.8,21,33.93,-2.69,17.86,-2.69,0.5167,从未跌破（观测期内）,2026-07-06,56.06,-0.0806,-0.2654,1.0981,0.0938,0.9765,0.0,0.4255
002023,海特高新,91.57,True,12.36,12.47,14,17.2,-9.72,3.03,-0.86,0.2771,从未跌破（观测期内）,2026-07-06,51.55,0.529,0.0068,0.6353,0.5201,0.9233,0.0,0.4255
603658,安图生物,177.88,True,31.13,30.41,4,2.38,-6.73,-2.23,2.38,0.1385,从未跌破（观测期内）,2026-07-06,44.64,0.48,0.3892,0.3794,0.6437,0.7698,0.3677,0.4254
603730,岱美股份,264.49,True,12.31,12.3,13,11.58,-11.76,-0.72,0.07,0.1906,从未跌破（观测期内）,2026-07-06,41.31,0.7749,0.4337,0.8282,0.8384,0.6959,0.0,0.425
603213,镇洋发展,63.0,True,14.16,14.2,9,5.96,-4.96,-0.04,-0.29,0.1914,从未跌破（观测期内）,2026-07-06,39.9,0.8079,-0.4802,0.2315,0.4927,0.6645,0.6142,0.4248
603989,艾华集团,176.14,True,44.17,42.17,20,49.4,-6.95,20.38,4.74,0.6867,从未跌破（观测期内）,2026-07-06,66.57,-0.0457,-0.4858,1.1363,0.0057,0.743,0.0,0.4247
603285,键邦股份,30.4,True,48.8,47.28,9,15.8,-20.37,-0.84,3.23,0.2027,从未跌破（观测期内）,2026-07-06,52.31,0.3699,1.8672,0.9505,0.6219,0.9403,0.0,0.4246
600316,洪都航空,207.32,True,28.91,27.47,5,6.66,-11.64,-3.74,5.23,0.1168,从未跌破（观测期内）,2026-07-06,60.85,0.4771,0.2235,0.3609,0.5757,0.87,0.3986,0.4244
002297,博云新材,157.6,True,27.5,26.84,15,42.37,-15.67,9.45,2.45,0.5362,从未跌破（观测期内）,2026-07-06,62.73,0.1473,-0.2802,0.7533,0.1763,0.8282,0.0,0.4242
002748,世龙实业,26.57,True,11.07,10.86,6,3.72,-9.4,-2.49,1.91,0.1236,从未跌破（观测期内）,2026-07-06,51.0,0.3046,0.704,0.4141,0.5827,0.911,0.3098,0.4238
601058,赛轮轮胎,425.81,True,12.95,12.09,5,7.14,-7.68,-2.18,7.14,0.2501,从未跌破（观测期内）,2026-07-06,49.91,0.2439,2.6131,0.5617,0.5463,0.8869,0.0638,0.4236
000049,德赛电池,96.94,True,25.21,23.77,4,6.06,-11.83,-3.7,6.06,0.1245,从未跌破（观测期内）,2026-07-06,61.72,0.4777,0.4131,0.4379,0.6518,0.8506,0.2701,0.4234
002008,大族激光,1253.03,True,130.97,134.41,11,16.5,-11.31,0.84,-2.56,0.1319,从未跌破（观测期内）,2026-07-06,53.78,0.864,-0.0359,0.8512,0.7041,0.9729,0.0,0.4234
002292,奥飞娱乐,75.32,True,7.4,6.8,3,14.05,-10.66,-5.06,8.86,0.1425,从未跌破（观测期内）,2026-07-06,61.54,0.575,1.6203,0.566,0.745,0.8547,0.0567,0.4227
603118,共进股份,105.65,True,13.42,12.4,4,8.22,-13.18,-4.7,8.22,0.1517,从未跌破（观测期内）,2026-07-06,56.16,0.5341,0.3695,0.7423,0.6683,0.9743,0.0,0.4226
600488,津药药业,59.51,True,5.45,4.97,4,9.74,-13.09,-5.56,9.74,0.168,从未跌破（观测期内）,2026-07-06,60.95,0.5456,0.5807,0.8609,0.7274,0.8678,0.0,0.4226
603129,春风动力,413.18,True,269.2,239.63,12,12.34,-6.65,1.59,12.34,0.4807,从未跌破（观测期内）,2026-07-06,84.41,0.049,0.9198,0.3852,0.4294,0.3465,0.3581,0.4226
001389,广合科技,292.13,True,191.74,197.13,13,23.26,-5.85,4.13,-2.73,0.2417,从未跌破（观测期内）,2026-07-06,49.76,0.8338,-0.2608,0.9376,0.596,0.8835,0.0,0.4224
002437,誉衡药业,63.63,True,3.03,2.71,5,11.97,-10.74,-4.16,11.97,0.2255,从未跌破（观测期内）,2026-07-06,65.22,0.481,1.4056,0.5804,0.6886,0.7729,0.0327,0.4219
002299,圣农发展,203.75,True,16.72,15.95,3,4.85,-7.56,-3.36,4.85,0.1352,从未跌破（观测期内）,2026-07-06,53.41,0.2579,0.1328,0.3114,0.4078,0.9646,0.4811,0.4211
600203,福日电子,75.01,True,12.65,12.16,8,5.3,-11.51,-2.19,4.02,0.1901,从未跌破（观测期内）,2026-07-06,59.07,0.5999,0.2303,0.6196,0.652,0.9096,0.0,0.421
000510,新金路,125.63,True,20.71,22.04,20,29.49,-6.02,14.88,-6.02,0.4176,从未跌破（观测期内）,2026-07-06,47.89,0.4035,-0.2612,1.012,0.3376,0.8419,0.0,0.4198
600818,ST中路,13.83,True,5.81,5.75,8,5.23,-9.33,-1.82,1.07,0.1421,从未跌破（观测期内）,2026-07-06,51.95,0.4352,0.3814,0.5079,0.6137,0.9322,0.1535,0.4197
002370,亚太药业,42.95,True,5.76,5.36,6,8.43,-11.38,-4.22,7.49,0.1772,从未跌破（观测期内）,2026-07-06,59.22,0.4498,1.2859,0.7153,0.6699,0.9062,0.0,0.4196
600761,安徽合力,151.51,True,17.01,16.72,5,5.35,-8.29,-2.62,1.74,0.102,从未跌破（观测期内）,2026-07-06,50.29,0.5782,0.2148,0.4363,0.6329,0.8953,0.2729,0.419
002690,美亚光电,64.28,True,14.82,14.48,2,2.34,-7.94,-3.7,2.34,0.054,从未跌破（观测期内）,2026-07-06,52.82,0.4544,0.0762,0.2756,0.5031,0.9516,0.5406,0.4188
600660,福耀玻璃,1077.21,True,53.78,51.05,2,5.34,-7.5,-2.74,5.34,0.1638,从未跌破（观测期内）,2026-07-06,54.53,-0.1001,1.8225,0.3805,0.4,0.9895,0.3659,0.4183
600329,达仁堂,227.35,True,40.09,38.07,4,5.3,-7.45,-2.6,5.3,0.1762,从未跌破（观测期内）,2026-07-06,56.67,0.0778,0.4018,0.3885,0.4074,0.963,0.3524,0.4178
603819,神力股份,29.61,True,13.6,11.83,3,14.95,-13.02,-5.73,14.95,0.1544,从未跌破（观测期内）,2026-07-06,69.62,0.8191,0.3808,0.5596,0.8438,0.6752,0.0673,0.4178
601798,蓝科高新,25.42,True,7.17,7.35,3,2.68,-10.62,-5.2,-2.48,0.0,从未跌破（观测期内）,2026-07-06,46.25,0.911,0.5944,0.523,0.9466,0.8056,0.1283,0.417
603938,三孚股份,232.29,True,60.71,62.88,21,35.38,-3.45,17.47,-3.45,0.4979,从未跌破（观测期内）,2026-07-06,55.76,-0.015,-0.288,1.0304,0.0848,0.9832,0.0,0.417
603610,麒盛科技,62.62,True,17.74,18.22,13,7.19,-6.57,1.0,-2.63,0.1902,从未跌破（观测期内）,2026-07-06,52.4,0.2168,1.1746,0.5211,0.5301,0.9422,0.1315,0.4168
603630,拉芳家化,31.57,True,14.02,13.27,6,7.23,-10.59,-3.37,5.65,0.1524,从未跌破（观测期内）,2026-07-06,55.28,0.3776,0.6598,0.5985,0.6266,0.9938,0.0025,0.4167
001296,长江材料,14.82,True,19.22,19.76,6,13.78,-9.48,-1.98,-2.74,0.0,从未跌破（观测期内）,2026-07-06,50.39,0.9142,2.0636,0.7383,0.9485,0.8975,0.0,0.4166
002237,恒邦股份,158.58,True,13.3,13.69,13,14.47,-11.69,-0.37,-2.83,0.1269,从未跌破（观测期内）,2026-07-06,47.78,0.6521,0.9711,0.7718,0.7912,0.8396,0.0,0.4165
002845,同兴达,38.24,True,15.28,15.63,14,5.5,-8.97,0.56,-2.21,0.2257,从未跌破（观测期内）,2026-07-06,52.95,0.233,0.4949,0.6631,0.5378,0.9545,0.0,0.4156
002019,亿帆医药,86.11,True,10.22,9.85,3,3.71,-5.93,-2.16,3.71,0.1675,从未跌破（观测期内）,2026-07-06,52.3,-0.0888,1.378,0.3585,0.4,0.9399,0.4026,0.4154
600703,三安光电,865.59,True,17.35,18.32,16,30.14,-13.29,8.16,-5.3,0.3259,从未跌破（观测期内）,2026-07-06,58.95,0.4303,-0.1207,0.99,0.4099,0.9123,0.0,0.4153
600031,三一重工,1600.81,True,18.89,18.43,8,4.6,-6.28,-1.4,2.52,0.2099,从未跌破（观测期内）,2026-07-06,47.56,0.3564,0.3548,0.498,0.5558,0.8346,0.1701,0.4153
600343,航天动力,165.61,True,25.95,25.59,7,16.31,-22.16,-5.18,1.39,0.0166,从未跌破（观测期内）,2026-07-06,56.53,0.7686,0.6194,0.6881,0.8612,0.9661,0.0,0.4152
002233,塔牌集团,91.52,True,7.8,7.46,2,4.5,-7.98,-4.83,4.5,0.0868,从未跌破（观测期内）,2026-07-06,51.5,0.2107,0.8945,0.3429,0.5264,0.9222,0.4285,0.415
002915,中欣氟材,57.61,True,20.0,20.79,12,13.64,-8.51,0.23,-3.79,0.102,从未跌破（观测期内）,2026-07-06,42.48,0.8641,1.623,0.8057,0.9185,0.7218,0.0,0.4148
002538,ST司特,55.27,True,6.48,5.98,7,8.45,-7.85,-1.24,8.45,0.3151,从未跌破（观测期内）,2026-07-06,62.63,0.1073,0.1126,0.4192,0.3094,0.8304,0.3014,0.4147
603033,三维股份,103.38,True,10.21,9.53,5,9.23,-13.14,-4.54,7.18,0.1455,从未跌破（观测期内）,2026-07-06,59.55,0.509,10.5376,0.7177,0.7054,0.8989,0.0,0.4143
603559,中通国脉,36.03,True,8.98,8.48,4,16.91,-10.9,-4.56,5.93,0.0978,从未跌破（观测期内）,2026-07-06,54.63,0.5113,1.7383,0.7431,0.7068,0.9919,0.0,0.4142
600499,科达制造,314.34,True,16.39,14.81,3,10.66,-11.47,-3.98,10.66,0.1981,从未跌破（观测期内）,2026-07-06,55.92,0.2566,1.9075,0.6174,0.554,0.9796,0.0,0.4137
002884,凌霄泵业,44.76,True,16.39,15.75,2,4.07,-5.86,-3.22,4.07,0.1355,从未跌破（观测期内）,2026-07-06,48.64,-0.0595,1.9991,0.2495,0.4,0.8587,0.5842,0.4136
603225,新凤鸣,338.55,True,20.29,20.46,19,16.88,-3.19,7.89,-0.83,0.4786,从未跌破（观测期内）,2026-07-06,46.57,0.1756,-0.1723,0.8519,0.2364,0.8127,0.0,0.4131
603301,振德医疗,232.21,True,88.0,86.07,14,5.17,-10.02,-0.11,2.24,0.286,从未跌破（观测期内）,2026-07-06,55.17,-0.1757,-0.1839,0.3293,0.1264,0.9963,0.4511,0.4129
002138,顺络电子,461.69,True,61.03,65.52,20,33.76,-6.86,19.12,-6.86,0.3968,从未跌破（观测期内）,2026-07-06,49.73,-0.3984,0.2681,0.9761,0.3072,0.8828,0.0,0.4121
600370,*ST三房,69.59,True,1.73,1.55,16,19.21,-11.68,4.25,11.4,0.6107,从未跌破（观测期内）,2026-07-06,63.86,-0.107,-0.4296,0.6075,0.0282,0.8032,0.0,0.412
603255,鼎际得,20.37,True,33.58,32.8,16,10.14,-10.61,2.08,2.37,0.366,从未跌破（观测期内）,2026-07-06,51.22,0.4464,-0.4569,0.556,0.2851,0.916,0.0734,0.4119
000589,贵州轮胎,68.56,True,4.44,4.3,1,3.34,-6.88,-3.9,3.34,0.0809,从未跌破（观测期内）,2026-07-06,44.79,0.5012,0.223,0.2929,0.5899,0.7731,0.5119,0.4113
603139,康惠股份,40.46,True,40.51,40.61,16,17.02,-6.12,3.78,-0.26,0.3425,从未跌破（观测期内）,2026-07-06,52.6,0.2401,-0.0149,0.7895,0.3381,0.9466,0.0,0.4109
000538,云南白药,873.7,True,49.28,48.84,6,1.68,-4.26,-1.25,0.9,0.183,从未跌破（观测期内）,2026-07-06,44.7,0.1309,0.1831,0.2184,0.3518,0.7711,0.6359,0.4107
600288,大恒科技,61.76,True,14.14,12.9,5,9.65,-10.81,-2.82,9.65,0.2599,从未跌破（观测期内）,2026-07-06,63.31,0.6925,-0.1243,0.591,0.5658,0.8153,0.015,0.4107
603676,卫信康,39.21,True,9.01,8.53,3,5.66,-8.56,-3.9,5.66,0.137,从未跌破（观测期内）,2026-07-06,56.73,0.0468,0.8953,0.3753,0.4281,0.9616,0.3744,0.4103
605133,嵘泰股份,103.51,True,36.69,35.92,9,11.24,-10.49,-1.5,2.14,0.1593,从未跌破（观测期内）,2026-07-06,51.52,0.553,0.29,0.834,0.6478,0.9227,0.0,0.4102
600835,上海机电,174.69,True,21.66,20.79,5,4.94,-14.22,-4.69,4.16,0.0663,从未跌破（观测期内）,2026-07-06,58.36,0.7283,0.2819,0.5556,0.7497,0.9254,0.074,0.4101
000922,佳电股份,91.99,True,13.05,13.47,13,11.26,-10.55,1.19,-3.09,0.1592,从未跌破（观测期内）,2026-07-06,47.75,0.648,0.3134,0.6327,0.7141,0.8388,0.0,0.41
603416,信捷电气,81.98,True,58.75,55.3,3,10.01,-9.59,-3.0,6.23,0.1285,从未跌破（观测期内）,2026-07-06,58.79,0.6872,0.1059,0.5539,0.6547,0.9159,0.0769,0.4098
603284,林平发展,7.3,True,39.52,37.92,2,4.64,-10.1,-5.01,4.21,0.0454,从未跌破（观测期内）,2026-07-06,51.8,0.3226,0.5861,0.3711,0.5935,0.9288,0.3815,0.4095
002249,大洋电机,161.43,True,8.67,7.97,2,8.72,-12.21,-5.97,8.72,0.1064,从未跌破（观测期内）,2026-07-06,61.11,0.4375,2.2041,0.4859,0.6625,0.8642,0.1901,0.4095
002156,通富微电,1004.25,True,66.18,67.49,12,17.34,-11.6,2.71,-1.94,0.2102,从未跌破（观测期内）,2026-07-06,55.17,0.7535,-0.3721,0.8501,0.5032,0.9962,0.0,0.4091
002871,伟隆股份,31.57,True,21.15,21.02,14,10.41,-5.35,1.04,0.6,0.2974,从未跌破（观测期内）,2026-07-06,50.62,0.4325,-0.0634,0.7737,0.4342,0.9026,0.0,0.408
603687,大胜达,98.84,True,17.97,18.83,19,13.26,-5.28,6.13,-4.55,0.3417,从未跌破（观测期内）,2026-07-06,47.61,0.6901,-0.5995,0.8079,0.4141,0.8358,0.0,0.4074
600096,云天化,552.18,True,30.29,30.89,10,11.45,-7.74,-0.09,-1.94,0.1081,从未跌破（观测期内）,2026-07-06,46.46,0.7897,0.3336,0.6022,0.8072,0.8103,0.0,0.4071
000920,沃顿科技,57.7,True,12.21,14.09,20,19.8,-13.32,8.82,-13.32,0.2055,从未跌破（观测期内）,2026-07-06,40.26,0.6017,0.63,0.9465,0.761,0.6725,0.0,0.407
603338,浙江鼎力,268.31,True,52.99,46.66,3,13.57,-9.65,-4.79,13.57,0.178,从未跌破（观测期内）,2026-07-06,63.32,0.4634,3.81,0.5879,0.6781,0.815,0.0202,0.4068
002859,洁美科技,368.31,True,85.99,93.21,21,50.51,-7.74,17.68,-7.74,0.3905,从未跌破（观测期内）,2026-07-06,51.87,0.3518,-0.3831,1.1668,0.2578,0.9304,0.0,0.4067
603978,深圳新星,57.29,True,27.14,28.0,10,20.32,-17.93,-1.51,-3.07,0.0447,从未跌破（观测期内）,2026-07-06,53.48,0.6314,1.4381,0.8181,0.7788,0.9663,0.0,0.4058
603337,杰克科技,193.99,True,40.95,39.47,8,7.17,-8.38,-1.72,3.76,0.2032,从未跌破（观测期内）,2026-07-06,55.47,0.541,-0.0705,0.5905,0.4964,0.9895,0.0158,0.4056
603366,日出东方,58.95,True,7.25,6.85,5,7.88,-12.51,-5.44,5.83,0.0894,从未跌破（观测期内）,2026-07-06,54.23,0.4216,2.2759,0.5622,0.653,0.9828,0.063,0.405
603067,振华股份,368.17,True,48.73,39.68,11,29.42,-16.57,4.62,22.82,0.5405,从未跌破（观测期内）,2026-07-06,70.61,0.3881,-0.5512,1.0563,0.2328,0.6531,0.0,0.405
600623,华谊集团,167.15,True,8.91,8.44,7,8.29,-10.61,-3.15,5.59,0.1723,从未跌破（观测期内）,2026-07-06,52.17,0.3196,2.6376,0.5982,0.5918,0.9372,0.0031,0.4048
002579,中京电子,104.49,True,17.91,18.84,17,34.54,-6.92,9.01,-4.95,0.372,从未跌破（观测期内）,2026-07-06,54.53,0.3863,-0.7174,1.0958,0.2318,0.9895,0.0,0.4047
002655,共达电声,148.82,True,40.9,41.55,14,28.48,-8.64,7.0,-1.57,0.3586,从未跌破（观测期内）,2026-07-06,58.48,0.4265,-0.3755,0.9166,0.3057,0.9227,0.0,0.4044
603508,思维列控,85.29,True,22.37,21.72,2,3.0,-9.07,-3.59,3.0,0.0742,从未跌破（观测期内）,2026-07-06,55.87,0.0431,0.2742,0.2221,0.3356,0.9806,0.6299,0.4042
002148,北纬科技,31.52,True,6.99,6.24,2,12.06,-12.83,-5.67,12.06,0.1401,从未跌破（观测期内）,2026-07-06,62.14,0.527,6.1837,0.5971,0.7162,0.8413,0.0049,0.4041
002983,芯瑞达,31.22,True,24.36,25.56,12,10.79,-9.06,1.49,-4.68,0.1125,从未跌破（观测期内）,2026-07-06,49.02,0.7439,0.1195,0.5519,0.6941,0.8671,0.0802,0.404
002014,永新股份,66.9,True,11.1,10.69,11,8.22,-6.71,-0.04,3.8,0.3027,从未跌破（观测期内）,2026-07-06,54.01,0.3963,-0.3783,0.5392,0.2864,0.978,0.1014,0.4035
600165,ST宁科,20.96,True,2.86,2.74,3,5.49,-9.55,-4.46,4.46,0.0836,从未跌破（观测期内）,2026-07-06,50.57,0.3699,1.7569,0.4631,0.6219,0.9017,0.2281,0.4035
002364,中恒电气,302.44,True,54.19,52.44,13,6.22,-11.86,-0.04,3.34,0.3091,从未跌破（观测期内）,2026-07-06,57.12,0.3915,-0.1988,0.761,0.3554,0.953,0.0,0.4031
000823,超声电子,119.4,True,20.07,22.05,21,42.94,-8.99,16.13,-8.99,0.3593,从未跌破（观测期内）,2026-07-06,49.96,0.344,-0.2013,1.2388,0.3258,0.8879,0.0,0.4028
002876,三利谱,45.43,True,30.5,32.5,19,13.35,-6.15,4.93,-6.15,0.2865,从未跌破（观测期内）,2026-07-06,46.71,0.8325,-0.5539,0.5997,0.4995,0.8158,0.0006,0.4027
605158,华达新材,34.37,True,6.72,6.56,8,5.02,-13.95,-3.85,2.43,0.0919,从未跌破（观测期内）,2026-07-06,55.32,0.5122,-0.0896,0.4029,0.4715,0.9929,0.3284,0.4025
600420,国药现代,120.57,True,8.99,8.46,3,6.32,-9.57,-2.8,6.32,0.1672,从未跌破（观测期内）,2026-07-06,57.6,0.0634,2.1813,0.4502,0.438,0.9423,0.2497,0.4023
002950,奥美医疗,40.43,True,9.41,9.27,8,9.67,-14.59,-3.97,1.5,0.0656,从未跌破（观测期内）,2026-07-06,55.11,0.8307,0.0091,0.5974,0.702,0.9976,0.0043,0.4019
600793,宜宾纸业,31.15,True,17.61,13.47,5,30.73,-12.19,-3.33,30.73,0.2463,从未跌破（观测期内）,2026-07-06,70.66,0.4825,5.0658,0.8999,0.6895,0.6519,0.0,0.4013
603051,鹿山新材,35.45,True,21.93,20.5,2,7.04,-12.14,-5.47,6.99,0.0698,从未跌破（观测期内）,2026-07-06,54.99,0.4795,1.58,0.5958,0.6877,0.9999,0.007,0.4009
603386,骏亚科技,56.13,True,17.2,18.64,20,15.31,-7.72,6.64,-7.72,0.2911,从未跌破（观测期内）,2026-07-06,44.14,0.6008,-0.0775,0.6154,0.5295,0.7586,0.0,0.4005
002843,泰嘉股份,59.97,True,23.97,21.64,4,10.75,-16.1,-5.12,10.75,0.1856,从未跌破（观测期内）,2026-07-06,62.87,0.4053,0.608,0.6223,0.6432,0.8252,0.0,0.4001
001279,强邦新材,11.31,True,28.28,26.97,7,4.84,-14.71,-4.94,4.84,0.1088,从未跌破（观测期内）,2026-07-06,57.02,0.7152,0.0763,0.603,0.6597,0.9551,0.0,0.3995
600645,中源协和,90.93,True,19.44,18.19,2,6.9,-10.97,-5.98,6.9,0.076,从未跌破（观测期内）,2026-07-06,57.34,0.3332,2.5469,0.4834,0.5999,0.948,0.1943,0.3991
600933,爱柯迪,148.23,True,15.11,14.78,4,4.17,-11.66,-3.88,2.23,0.0251,从未跌破（观测期内）,2026-07-06,55.79,0.5863,0.013,0.3905,0.557,0.9824,0.3492,0.3981
002346,柘中股份,76.7,True,19.08,18.83,11,21.92,-19.11,-0.66,1.33,0.1918,从未跌破（观测期内）,2026-07-06,63.77,0.7512,-0.0236,0.803,0.6413,0.805,0.0,0.398
603606,东方电缆,346.75,True,42.04,40.62,6,7.96,-15.64,-4.31,3.5,0.0754,从未跌破（观测期内）,2026-07-06,52.84,0.4523,0.6611,0.5647,0.6714,0.9521,0.0588,0.3973
003011,海象新材,15.18,True,19.75,19.27,2,8.0,-12.22,-6.2,2.47,0.0,从未跌破（观测期内）,2026-07-06,52.68,0.7153,1.4905,0.7462,0.8292,0.9485,0.0,0.397
002979,雷赛智能,163.2,True,73.27,55.76,7,31.41,-10.98,0.9,31.41,0.384,从未跌破（观测期内）,2026-07-06,84.82,0.5006,2.7394,0.6726,0.7003,0.3374,0.0,0.3962
002025,航天电器,417.88,True,92.07,69.48,9,32.51,-13.82,3.43,32.51,0.4789,从未跌破（观测期内）,2026-07-06,81.59,0.5458,-0.0914,0.7991,0.4909,0.4091,0.0,0.3961
001378,德冠新材,16.86,True,19.99,19.47,7,4.19,-8.61,-2.8,2.68,0.1407,从未跌破（观测期内）,2026-07-06,46.22,0.5239,1.4265,0.6578,0.7143,0.8049,0.0,0.3958
000837,秦川机床,118.87,True,11.8,11.91,9,8.79,-11.42,-1.36,-0.94,0.092,从未跌破（观测期内）,2026-07-06,44.86,0.6765,1.1829,0.5907,0.8059,0.7747,0.0155,0.3955
002546,新联电子,55.37,True,6.91,7.13,10,9.15,-13.6,-3.01,-3.11,0.0062,从未跌破（观测期内）,2026-07-06,49.34,0.7636,0.4888,0.5812,0.8537,0.8743,0.0314,0.3955
605009,XD豪悦护,52.25,True,24.3,22.57,4,9.22,-10.11,-4.11,7.69,0.1531,从未跌破（观测期内）,2026-07-06,59.11,0.054,0.73,0.4245,0.4324,0.9087,0.2925,0.395
603848,好太太,58.07,True,14.43,13.94,5,5.14,-8.57,-2.69,3.48,0.1253,从未跌破（观测期内）,2026-07-06,54.63,0.3457,0.2693,0.5316,0.5151,0.9918,0.1141,0.3944
002050,三花智控,1700.26,True,46.15,44.95,2,8.81,-8.33,-4.35,2.66,0.0177,从未跌破（观测期内）,2026-07-06,51.06,0.6593,0.8237,0.5775,0.7956,0.9125,0.0375,0.3941
002521,齐峰新材,30.98,True,7.39,7.01,5,5.41,-9.45,-3.59,5.41,0.1336,从未跌破（观测期内）,2026-07-06,56.65,0.1527,0.9621,0.5035,0.4916,0.9633,0.1608,0.3931
002139,拓邦股份,106.36,True,9.93,9.73,2,5.56,-10.38,-4.65,2.07,0.0046,从未跌破（观测期内）,2026-07-06,53.99,0.4905,0.3172,0.4399,0.6212,0.9776,0.2669,0.3927
603679,华体科技,32.68,True,18.39,19.68,18,19.39,-6.55,6.66,-6.55,0.2893,从未跌破（观测期内）,2026-07-06,44.0,0.1716,1.42,0.6482,0.503,0.7554,0.0,0.3926
605118,力鼎光电,141.55,True,34.62,33.44,7,8.19,-16.99,-5.09,3.53,0.0724,从未跌破（观测期内）,2026-07-06,56.29,0.4601,0.5552,0.6015,0.6761,0.9713,0.0,0.3922
600894,广日股份,67.45,True,8.0,7.93,4,2.2,-5.61,-1.86,0.84,0.1208,从未跌破（观测期内）,2026-07-06,48.78,0.2434,0.0621,0.286,0.3709,0.8618,0.5233,0.3919
600222,太龙药业,46.31,True,8.07,7.57,7,10.62,-15.43,-2.49,6.58,0.2136,从未跌破（观测期内）,2026-07-06,52.56,0.5622,-0.1712,0.7088,0.4688,0.9458,0.0,0.3918
002976,瑞玛精密,31.1,True,25.55,24.46,9,12.88,-17.88,-2.55,4.46,0.1909,从未跌破（观测期内）,2026-07-06,57.81,0.2836,0.3537,1.1035,0.5116,0.9376,0.0,0.3918
603005,晶方科技,277.76,True,42.59,46.83,19,19.33,-9.05,8.67,-9.05,0.2928,从未跌破（观测期内）,2026-07-06,47.72,0.5722,-0.2948,0.834,0.4254,0.8383,0.0,0.3911
600118,中国卫星,983.24,True,83.15,78.32,7,10.06,-11.76,-2.86,6.16,0.194,从未跌破（观测期内）,2026-07-06,60.36,0.6453,-0.0943,0.61,0.5494,0.8809,0.0,0.3911
600690,海尔智家,1286.87,True,20.58,20.29,10,2.59,-5.27,-0.98,1.41,0.249,从未跌破（观测期内）,2026-07-06,45.62,0.2419,-0.2286,0.3226,0.2537,0.7915,0.4624,0.3907
600482,中国动力,803.41,True,35.42,32.89,4,7.69,-13.6,-4.96,7.69,0.132,从未跌破（观测期内）,2026-07-06,61.03,0.4311,0.7724,0.6777,0.6586,0.8661,0.0,0.3907
002268,电科网安,117.32,True,13.88,13.19,4,7.42,-11.21,-4.62,5.24,0.0792,从未跌破（观测期内）,2026-07-06,55.99,0.304,0.7835,0.5302,0.5824,0.978,0.1163,0.3903
002709,天赐材料,739.42,True,49.0,51.59,11,10.2,-12.83,-0.93,-5.02,0.0261,从未跌破（观测期内）,2026-07-06,49.97,0.6804,0.6684,0.7392,0.8082,0.8882,0.0,0.3901
002007,华兰生物,206.13,True,13.1,12.74,4,2.79,-5.93,-1.94,2.79,0.1717,从未跌破（观测期内）,2026-07-06,49.58,-0.2235,0.3475,0.357,0.339,0.8796,0.4049,0.3901
002196,方正电机,64.37,True,13.18,12.91,5,8.18,-15.96,-6.11,2.11,0.0,从未跌破（观测期内）,2026-07-06,52.77,0.6912,0.4581,0.756,0.7979,0.9504,0.0,0.3896
002009,天奇股份,72.54,True,20.49,20.76,3,5.58,-15.61,-6.62,-1.29,0.0,从未跌破（观测期内）,2026-07-06,49.5,0.7559,1.0871,0.7054,0.8535,0.8777,0.0,0.3889
000070,特发信息,160.98,True,18.79,20.32,13,31.88,-12.27,5.37,-7.53,0.1526,从未跌破（观测期内）,2026-07-06,49.94,0.3358,0.5966,1.0411,0.6015,0.8875,0.0,0.3889
002741,光华科技,134.81,True,31.62,34.24,19,37.77,-7.65,12.62,-7.65,0.3611,从未跌破（观测期内）,2026-07-06,48.28,0.3943,-0.3524,1.0894,0.2956,0.8508,0.0,0.3885
000661,长春高新,277.57,True,69.46,66.22,6,6.22,-14.54,-5.74,4.89,0.0741,从未跌破（观测期内）,2026-07-06,60.72,0.454,0.2969,0.4563,0.5911,0.8729,0.2394,0.3879
600990,四创电子,51.78,True,19.25,18.33,2,5.02,-11.47,-4.29,5.02,0.0718,从未跌破（观测期内）,2026-07-06,52.33,0.2838,4.46,0.4869,0.5703,0.9406,0.1885,0.3877
002399,海普瑞,120.35,True,9.65,9.15,4,5.46,-7.07,-3.0,5.46,0.1578,从未跌破（观测期内）,2026-07-06,60.42,0.1161,0.3384,0.4117,0.405,0.8796,0.3139,0.3874
001322,箭牌家居,49.34,True,6.28,6.12,5,5.69,-9.45,-4.84,2.68,0.0287,从未跌破（观测期内）,2026-07-06,51.46,0.5431,0.2574,0.4637,0.6288,0.9213,0.2271,0.387
002180,奔图科技,224.04,True,16.47,14.97,6,10.34,-13.83,-3.78,10.02,0.2509,从未跌破（观测期内）,2026-07-06,67.26,0.4459,0.2395,0.6831,0.5633,0.7275,0.0,0.3867
002349,精华制药,54.14,True,6.65,6.42,3,3.6,-7.58,-3.66,3.6,0.1092,从未跌破（观测期内）,2026-07-06,53.23,0.0404,0.4038,0.3829,0.3858,0.9606,0.3619,0.3865
002123,梦网科技,58.07,True,8.06,7.67,4,6.0,-15.62,-6.75,5.06,0.0215,从未跌破（观测期内）,2026-07-06,58.66,0.553,0.4056,0.5172,0.6941,0.9186,0.138,0.3865
600678,ST金顶,22.54,True,6.46,6.5,11,9.21,-9.66,-0.04,-0.68,0.1569,从未跌破（观测期内）,2026-07-06,52.52,0.3239,0.358,0.6304,0.5375,0.9448,0.0,0.3861
002842,翔鹭钨业,109.1,True,40.64,44.63,19,41.23,-8.95,15.59,-8.95,0.3286,从未跌破（观测期内）,2026-07-06,47.19,0.3625,-0.1509,1.16,0.3572,0.8264,0.0,0.386
603166,福达股份,83.49,True,13.03,14.37,11,21.35,-10.97,3.13,-9.35,0.0196,从未跌破（观测期内）,2026-07-06,47.87,0.7315,3.8197,0.8238,0.8389,0.8415,0.0,0.3858
002658,雪迪龙,28.51,True,7.95,8.11,10,5.4,-12.65,-1.42,-2.03,0.0727,从未跌破（观测期内）,2026-07-06,41.39,0.6371,0.3555,0.4565,0.7245,0.6976,0.2392,0.3856
603937,丽岛新材,30.48,True,14.59,13.82,5,6.36,-10.25,-3.43,5.56,0.1327,从未跌破（观测期内）,2026-07-06,61.33,0.3984,-0.1008,0.3569,0.3987,0.8594,0.4052,0.3854
600580,卧龙电驱,590.5,True,37.91,35.13,2,7.92,-14.3,-6.96,7.92,0.0559,从未跌破（观测期内）,2026-07-06,59.37,0.535,1.1808,0.5932,0.721,0.9028,0.0114,0.3849
600997,开滦股份,83.84,True,5.28,5.12,5,6.4,-10.77,-3.71,3.22,0.0672,从未跌破（观测期内）,2026-07-06,50.0,0.8111,-0.4114,0.4035,0.5221,0.8889,0.3274,0.3843
002737,葵花药业,74.46,True,12.75,12.18,2,4.68,-8.6,-3.15,4.68,0.1327,从未跌破（观测期内）,2026-07-06,51.99,-0.0451,0.7544,0.4222,0.4,0.9331,0.2964,0.3842
600406,国电南瑞,1854.69,True,23.16,22.72,2,1.95,-10.64,-4.04,1.95,0.0157,从未跌破（观测期内）,2026-07-06,52.11,0.5741,-0.2827,0.2702,0.4314,0.9358,0.5496,0.3837
002254,泰和新材,129.04,True,15.17,17.81,18,26.83,-14.85,9.43,-14.85,0.151,从未跌破（观测期内）,2026-07-06,41.36,0.5554,0.7463,1.1291,0.7332,0.6969,0.0,0.3831
603667,五洲新春,251.0,True,68.54,67.03,4,13.13,-15.6,-6.19,2.25,0.0,从未跌破（观测期内）,2026-07-06,52.06,0.8022,0.2479,0.7556,0.7805,0.9347,0.0,0.3821
603026,石大胜华,188.23,True,80.89,89.22,11,12.56,-14.83,-0.93,-9.34,0.0,从未跌破（观测期内）,2026-07-06,45.76,0.8162,0.9491,0.7433,0.8897,0.7947,0.0,0.3814
600449,宁夏建材,66.95,True,14.0,12.53,2,11.76,-13.13,-6.19,11.76,0.1271,从未跌破（观测期内）,2026-07-06,60.36,0.3576,0.6504,0.5989,0.6146,0.881,0.0019,0.381
600750,华润江中,149.47,True,23.77,23.45,9,7.99,-7.34,-0.28,1.37,0.1813,从未跌破（观测期内）,2026-07-06,49.66,0.1067,-0.0397,0.3215,0.2482,0.8814,0.4642,0.3805
002031,巨轮智能,107.55,True,5.62,5.86,1,5.23,-16.91,-7.76,-4.07,0.0,从未跌破（观测期内）,2026-07-06,46.37,0.7901,0.5396,0.7896,0.8741,0.8083,0.0,0.3802
002864,盘龙药业,20.7,True,28.09,27.05,3,3.86,-8.19,-3.64,3.86,0.1165,从未跌破（观测期内）,2026-07-06,52.91,-0.0256,0.6909,0.4314,0.4,0.9535,0.2811,0.3795
600664,哈药股份,80.09,True,3.18,3.1,3,2.7,-9.35,-4.08,2.7,0.0594,从未跌破（观测期内）,2026-07-06,50.55,0.1775,0.401,0.3675,0.4669,0.9011,0.3875,0.3788
002657,中科金财,64.97,True,19.33,21.06,17,15.09,-8.23,4.68,-8.23,0.1818,从未跌破（观测期内）,2026-07-06,39.3,0.5651,0.4061,0.7971,0.7015,0.6512,0.0,0.3783
002696,百洋股份,17.85,True,5.34,5.36,1,4.38,-10.04,-6.1,-0.3,0.0,从未跌破（观测期内）,2026-07-06,48.81,0.7025,1.1694,0.6248,0.8215,0.8624,0.0,0.3779
000156,华数传媒,111.85,True,6.58,6.55,3,0.63,-9.64,-3.87,0.4,0.0138,从未跌破（观测期内）,2026-07-06,53.08,0.2966,0.0964,0.2932,0.4165,0.9573,0.5113,0.3778
001380,华纬科技,38.77,True,16.66,16.36,2,5.3,-11.19,-5.17,1.85,0.0,从未跌破（观测期内）,2026-07-06,52.36,0.4903,0.2892,0.4526,0.6098,0.9414,0.2456,0.3776
000534,万泽股份,162.75,True,32.49,30.01,4,8.25,-15.97,-6.02,8.25,0.1195,从未跌破（观测期内）,2026-07-06,56.71,0.3436,0.359,0.7304,0.5497,0.9619,0.0,0.3776
603766,隆鑫通用,277.64,True,13.52,12.17,4,11.05,-11.77,-4.44,11.05,0.2027,从未跌破（观测期内）,2026-07-06,60.54,-0.4939,1.7758,0.5162,0.4,0.8769,0.1396,0.3774
002403,爱仕达,35.01,True,11.78,9.77,4,20.52,-14.53,-4.88,20.52,0.1915,从未跌破（观测期内）,2026-07-06,69.46,0.4332,0.7205,0.6873,0.6599,0.6787,0.0,0.3773
000830,鲁西化工,249.45,True,13.1,12.57,7,4.21,-11.77,-2.39,4.21,0.1604,从未跌破（观测期内）,2026-07-06,50.0,0.3429,0.1467,0.529,0.4644,0.8889,0.1184,0.3758
603901,永创智能,59.82,True,11.03,10.78,5,8.06,-9.71,-3.86,2.36,0.0446,从未跌破（观测期内）,2026-07-06,51.23,0.268,0.9214,0.4621,0.5608,0.9163,0.2299,0.3758
000157,中联重科,515.38,True,7.29,7.37,10,4.19,-5.97,-0.26,-1.09,0.1818,从未跌破（观测期内）,2026-07-06,39.24,0.3199,0.0949,0.3383,0.4299,0.6498,0.4361,0.3756
002255,海陆重工,60.42,True,9.47,9.35,8,4.94,-11.75,-3.35,1.24,0.0746,从未跌破（观测期内）,2026-07-06,42.9,0.664,0.4403,0.5774,0.7745,0.7312,0.0376,0.3754
601038,一拖股份,89.05,True,12.17,11.3,3,7.73,-12.52,-5.58,7.73,0.1082,从未跌破（观测期内）,2026-07-06,55.03,-0.2217,0.4281,0.4438,0.3712,0.9994,0.2603,0.375
603459,红板科技,75.04,True,94.92,91.35,10,22.42,-20.88,-1.4,3.91,0.2216,从未跌破（观测期内）,2026-07-06,61.08,0.6656,-0.3678,1.0077,0.4523,0.8649,0.0,0.3747
002701,奥瑞金,117.38,True,4.59,4.46,1,2.82,-8.13,-4.7,2.82,0.0424,从未跌破（观测期内）,2026-07-06,53.77,-0.08,0.7437,0.3477,0.4,0.9727,0.4205,0.3746
000536,华映科技,99.75,True,3.61,3.59,6,11.92,-15.6,-5.87,0.45,0.0,从未跌破（观测期内）,2026-07-06,50.41,0.6318,1.0689,0.899,0.7791,0.898,0.0,0.3744
002885,京泉华,94.26,True,39.73,41.18,4,8.71,-15.74,-4.49,-3.51,0.0,从未跌破（观测期内）,2026-07-06,50.88,0.6167,0.5104,0.7986,0.77,0.9085,0.0,0.3742
002374,中锐股份,34.84,True,3.21,3.32,9,5.84,-9.71,-2.53,-3.27,0.0012,从未跌破（观测期内）,2026-07-06,51.26,0.705,0.2268,0.5522,0.7138,0.9169,0.0797,0.3742
002387,维信诺,113.13,True,8.11,8.52,13,10.15,-6.44,0.93,-4.77,0.1378,从未跌破（观测期内）,2026-07-06,45.45,0.4885,0.3804,0.6472,0.6452,0.7879,0.0,0.374
603179,新泉股份,377.95,True,52.92,50.15,3,6.7,-11.26,-4.22,5.52,0.0921,从未跌破（观测期内）,2026-07-06,50.51,0.6099,0.1565,0.6558,0.6285,0.9003,0.0,0.374
001324,长青科技,27.45,True,19.89,18.55,9,8.95,-10.63,-1.45,7.2,0.2868,从未跌破（观测期内）,2026-07-06,65.22,0.1778,0.0584,0.5124,0.3301,0.7728,0.1459,0.3737
603276,恒兴新材,12.22,True,16.15,16.23,7,4.53,-9.95,-2.26,-0.51,0.0696,从未跌破（观测期内）,2026-07-06,39.69,0.8176,0.231,0.5277,0.783,0.6597,0.1205,0.3736
000921,海信家电,242.11,True,26.37,27.28,17,14.95,-3.92,3.67,-3.34,0.2787,从未跌破（观测期内）,2026-07-06,33.12,0.7899,-0.395,0.4795,0.516,0.5138,0.2008,0.3733
603916,苏博特,54.68,True,13.01,13.88,6,10.94,-11.96,-1.68,-6.29,0.0,从未跌破（观测期内）,2026-07-06,42.54,0.856,0.5567,0.7648,0.9136,0.7231,0.0,0.373
002261,拓维信息,344.98,True,30.1,29.16,5,3.9,-14.73,-3.62,3.23,0.0698,从未跌破（观测期内）,2026-07-06,49.6,0.4594,1.1326,0.6608,0.6756,0.8801,0.0,0.3729
002136,安 纳 达,27.51,True,12.83,13.09,11,7.43,-14.27,-2.14,-2.0,0.0715,从未跌破（观测期内）,2026-07-06,38.5,0.7675,1.1248,0.5917,0.8605,0.6333,0.0138,0.3724
603656,泰禾智能,32.44,True,17.73,17.92,3,3.55,-7.14,-2.19,-1.08,0.043,从未跌破（观测期内）,2026-07-06,44.44,0.8011,-0.4812,0.2804,0.4882,0.7654,0.5327,0.3722
002059,云南旅游,42.76,True,4.35,4.38,5,5.76,-7.08,-2.09,-0.75,0.0654,从未跌破（观测期内）,2026-07-06,36.96,0.747,0.0501,0.3642,0.6682,0.599,0.393,0.372
002171,楚江新材,205.43,True,12.73,14.04,17,25.65,-9.35,7.94,-9.35,0.2352,从未跌破（观测期内）,2026-07-06,44.75,0.8225,-0.5512,0.8112,0.4935,0.7722,0.0,0.3719
000969,安泰科技,236.91,True,22.75,24.14,14,14.04,-6.94,3.75,-5.75,0.1729,从未跌破（观测期内）,2026-07-06,43.62,0.6326,0.0832,0.6889,0.6128,0.7472,0.0,0.3718
003018,金富科技,160.95,True,67.8,65.38,15,28.07,-16.32,5.41,3.7,0.4663,从未跌破（观测期内）,2026-07-06,58.42,-0.0391,-0.6212,0.7716,0.0,0.924,0.0,0.3713
603998,方盛制药,42.68,True,9.72,9.45,2,3.0,-7.65,-3.08,2.87,0.0967,从未跌破（观测期内）,2026-07-06,49.83,-0.0447,1.7283,0.3808,0.4,0.8852,0.3653,0.3705
603618,杭电股份,304.9,True,44.1,47.76,19,29.78,-7.67,10.02,-7.67,0.3605,从未跌破（观测期内）,2026-07-06,51.87,-0.1873,-0.0986,0.9976,0.1606,0.9304,0.0,0.3704
002767,先锋电子,25.83,True,19.84,17.62,3,12.59,-7.71,-2.39,12.59,0.2634,从未跌破（观测期内）,2026-07-06,63.45,0.3914,-0.0968,0.5883,0.3961,0.8122,0.0195,0.3697
603992,松霖科技,138.27,True,31.21,31.96,16,10.21,-4.66,2.81,-2.33,0.2934,从未跌破（观测期内）,2026-07-06,36.94,0.4354,0.158,0.5988,0.5245,0.5986,0.002,0.3685
601956,东贝集团,30.58,True,4.92,4.79,3,3.84,-8.53,-4.9,2.8,0.041,从未跌破（观测期内）,2026-07-06,51.54,0.0391,0.4594,0.3393,0.4073,0.9231,0.4344,0.368
002402,和而泰,207.73,True,25.38,24.67,5,9.16,-17.19,-6.27,2.89,0.0,从未跌破（观测期内）,2026-07-06,52.33,0.5292,1.1776,0.644,0.7175,0.9406,0.0,0.3675
603501,豪威集团,1170.56,True,97.0,91.48,5,11.93,-13.45,-3.12,6.04,0.1526,从未跌破（观测期内）,2026-07-06,62.51,0.766,-0.4242,0.5319,0.4899,0.8332,0.1136,0.3672
605589,圣泉集团,488.1,True,57.7,62.71,19,32.11,-10.78,13.82,-7.99,0.3526,从未跌破（观测期内）,2026-07-06,42.97,0.4427,-0.3675,1.0433,0.3186,0.7326,0.0,0.3672
000813,德展健康,67.94,True,3.24,3.07,6,5.52,-15.25,-5.37,5.52,0.0991,从未跌破（观测期内）,2026-07-06,57.27,0.251,0.2674,0.5079,0.4576,0.9495,0.1535,0.367
603075,热威股份,9.36,True,22.7,22.53,2,0.76,-9.91,-5.87,0.76,0.0,从未跌破（观测期内）,2026-07-06,47.72,0.7026,-0.7709,0.2253,0.4216,0.8382,0.6245,0.3667
002236,大华股份,397.88,True,16.64,16.33,6,2.78,-7.21,-2.29,1.89,0.1522,从未跌破（观测期内）,2026-07-06,56.88,0.0393,-0.1139,0.3246,0.178,0.9583,0.459,0.3659
600685,中船防务,223.1,True,27.16,26.14,2,3.92,-11.43,-4.57,3.92,0.0329,从未跌破（观测期内）,2026-07-06,50.88,0.2089,0.7091,0.4453,0.5253,0.9085,0.2578,0.3649
600516,方大炭素,221.43,True,5.5,6.02,18,17.4,-8.63,6.56,-8.63,0.2346,从未跌破（观测期内）,2026-07-06,43.57,0.5917,-0.1696,0.8105,0.4872,0.746,0.0,0.3648
603933,睿能科技,47.44,True,22.86,23.03,5,2.46,-11.08,-3.3,-0.76,0.0,从未跌破（观测期内）,2026-07-06,48.81,0.4766,0.2847,0.4311,0.5999,0.8625,0.2815,0.3647
600315,上海家化,120.13,True,17.87,17.62,5,3.21,-7.88,-2.16,1.44,0.1263,从未跌破（观测期内）,2026-07-06,41.76,0.2937,0.1688,0.3527,0.4437,0.7058,0.4121,0.3644
603222,济民健康,45.58,True,8.68,8.06,5,7.76,-14.81,-6.05,7.76,0.1224,从未跌破（观测期内）,2026-07-06,57.11,0.1647,1.5518,0.6995,0.4988,0.9531,0.0,0.3643
600409,三友化工,129.02,True,6.25,6.35,9,7.81,-10.35,-1.48,-1.6,0.0663,从未跌破（观测期内）,2026-07-06,45.17,0.5208,0.4553,0.5693,0.6946,0.7816,0.0511,0.3642
603987,康德莱,32.24,True,7.38,7.16,4,3.18,-5.85,-2.19,3.09,0.1606,从未跌破（观测期内）,2026-07-06,52.41,0.1797,-0.3951,0.3043,0.1498,0.9424,0.4928,0.3641
002168,ST惠程,29.41,True,3.75,3.68,5,4.54,-7.96,-2.04,1.97,0.1265,从未跌破（观测期内）,2026-07-06,38.64,0.7682,-0.3641,0.3708,0.5153,0.6364,0.382,0.364
603355,莱克电气,150.52,True,26.25,27.9,13,15.87,-15.81,-0.5,-5.9,0.0469,从未跌破（观测期内）,2026-07-06,43.5,0.6397,0.625,0.7274,0.7838,0.7445,0.0,0.3636
603088,宁波精达,44.05,True,10.06,10.07,4,1.6,-11.86,-4.14,-0.05,0.0,从未跌破（观测期内）,2026-07-06,51.49,0.3597,0.3841,0.4566,0.5695,0.9219,0.239,0.3626
002283,天润工业,102.99,True,10.27,9.91,4,5.74,-19.04,-6.83,3.64,0.0,从未跌破（观测期内）,2026-07-06,55.62,0.4347,0.4998,0.7699,0.6607,0.9862,0.0,0.3624
002851,麦格米特,694.66,True,151.59,159.89,17,25.88,-8.12,8.15,-5.19,0.3444,从未跌破（观测期内）,2026-07-06,51.38,0.2684,-0.555,0.9835,0.161,0.9195,0.0,0.3619
603707,健友股份,122.95,True,7.61,7.36,3,3.57,-9.33,-4.84,3.4,0.0535,从未跌破（观测期内）,2026-07-06,53.37,-0.2649,1.3502,0.4096,0.4,0.9637,0.3173,0.3617
002664,信质集团,76.97,True,19.12,18.43,3,7.98,-15.85,-5.37,3.76,0.0075,从未跌破（观测期内）,2026-07-06,47.13,0.6225,0.5689,0.6617,0.7735,0.8252,0.0,0.3614
605259,绿田机械,32.25,True,18.7,18.14,4,3.08,-4.65,-1.33,3.08,0.2036,从未跌破（观测期内）,2026-07-06,55.17,0.0045,-0.4752,0.2906,0.0126,0.9962,0.5157,0.3612
001368,通达创智,23.87,True,22.06,22.09,0,-0.13,-11.65,-8.32,-0.13,0.0,从未跌破（观测期内）,2026-07-06,41.43,0.3159,0.8155,0.3036,0.5895,0.6984,0.4939,0.3612
603387,基蛋生物,42.25,True,8.33,7.98,4,4.34,-9.9,-4.7,4.34,0.0773,从未跌破（观测期内）,2026-07-06,54.75,0.0314,0.3514,0.4343,0.3594,0.9945,0.2761,0.3611
603499,翔港科技,56.43,True,13.32,13.67,12,11.93,-16.5,-0.74,-2.57,0.1081,从未跌破（观测期内）,2026-07-06,43.24,0.7626,0.0524,0.7367,0.6786,0.7386,0.0,0.3606
600955,维远股份,85.36,True,15.52,15.61,6,3.97,-11.91,-3.13,-0.56,0.0079,从未跌破（观测期内）,2026-07-06,46.48,0.628,0.2504,0.4956,0.6769,0.8106,0.174,0.3606
000960,锡业股份,664.92,True,40.41,40.85,14,16.44,-11.6,2.85,-1.08,0.2669,从未跌破（观测期内）,2026-07-06,47.82,0.5342,-0.4436,0.9223,0.3431,0.8405,0.0,0.3606
603175,超颖电子,38.89,True,85.53,88.77,10,16.65,-13.68,-0.95,-3.65,0.0442,从未跌破（观测期内）,2026-07-06,49.94,0.6461,0.1835,0.7369,0.6611,0.8875,0.0,0.3605
002342,巨力索具,96.42,True,10.1,10.36,5,10.92,-26.95,-9.6,-2.49,0.0,从未跌破（观测期内）,2026-07-06,48.43,0.5963,0.7222,0.7609,0.7578,0.8539,0.0,0.3602
002170,芭田股份,89.73,True,11.4,11.22,5,2.11,-7.6,-2.65,1.65,0.114,从未跌破（观测期内）,2026-07-06,45.24,0.1689,0.5212,0.4702,0.5013,0.7832,0.2164,0.36
003037,三和管桩,36.84,True,6.15,5.98,1,2.82,-13.65,-8.47,2.82,0.0,从未跌破（观测期内）,2026-07-06,46.67,0.5784,0.1775,0.4307,0.618,0.8148,0.2822,0.3598
001218,丽臣实业,28.9,True,24.48,23.98,6,8.71,-10.41,-2.14,2.1,0.116,从未跌破（观测期内）,2026-07-06,47.84,0.3007,1.9589,0.6461,0.5804,0.8408,0.0,0.3597
605123,派克新材,120.25,True,99.24,97.92,4,4.32,-12.4,-4.57,1.35,0.0,从未跌破（观测期内）,2026-07-06,53.56,0.6713,0.0444,0.5574,0.6205,0.9681,0.0709,0.3594
002609,捷顺科技,34.09,True,7.43,7.53,5,2.36,-8.13,-3.04,-1.38,0.0235,从未跌破（观测期内）,2026-07-06,48.12,0.4448,-0.1477,0.2865,0.4078,0.8472,0.5224,0.3592
000790,华神科技,23.41,True,3.76,3.67,4,4.15,-10.29,-4.73,2.34,0.0305,从未跌破（观测期内）,2026-07-06,51.85,0.4187,0.0079,0.4105,0.4544,0.93,0.3158,0.3592
600612,老凤祥,110.23,True,34.76,34.06,2,2.07,-7.63,-3.69,2.07,0.0711,从未跌破（观测期内）,2026-07-06,42.98,-0.1213,0.8221,0.2633,0.4,0.7329,0.5612,0.3592
002779,中坚科技,132.91,True,80.16,78.65,14,12.75,-8.71,3.06,1.92,0.3474,从未跌破（观测期内）,2026-07-06,44.39,0.1409,-0.0387,0.6837,0.2691,0.7643,0.0,0.3591
002206,海 利 得,57.39,True,5.43,5.38,12,4.87,-6.71,-0.51,1.0,0.2588,从未跌破（观测期内）,2026-07-06,46.34,0.2371,-0.4419,0.3908,0.1655,0.8076,0.3487,0.3587
002408,齐翔腾达,137.83,True,5.01,4.95,4,1.44,-8.52,-3.82,1.26,0.0396,从未跌破（观测期内）,2026-07-06,51.09,0.1184,0.2587,0.3342,0.3745,0.9132,0.443,0.3586
600563,法拉电子,345.69,True,153.64,167.81,14,15.99,-9.81,3.89,-8.44,0.109,从未跌破（观测期内）,2026-07-06,48.13,0.7526,-0.1744,0.9278,0.5818,0.8473,0.0,0.3585
603219,富佳股份,90.78,True,16.17,15.24,5,10.2,-12.59,-4.84,6.08,0.1105,从未跌破（观测期内）,2026-07-06,57.28,0.3736,-0.0736,0.497,0.3948,0.9494,0.1716,0.3585
002456,欧菲光,300.24,True,9.05,9.18,11,9.97,-5.91,0.03,-1.46,0.1671,从未跌破（观测期内）,2026-07-06,51.43,0.7107,-0.5757,0.6649,0.4264,0.9206,0.0,0.3576
603309,维力医疗,35.4,True,12.13,11.57,4,5.01,-12.01,-3.93,4.84,0.0949,从未跌破（观测期内）,2026-07-06,56.88,0.3642,-0.4903,0.3117,0.2224,0.9581,0.4805,0.3573
603297,永新光学,134.04,True,121.05,126.42,8,17.56,-15.09,-1.56,-4.25,0.0,从未跌破（观测期内）,2026-07-06,49.85,0.7768,0.1349,0.6938,0.72,0.8857,0.0,0.3571
000581,威孚高科,145.05,True,18.27,17.63,2,3.62,-8.81,-4.62,3.62,0.0696,从未跌破（观测期内）,2026-07-06,50.89,-0.1537,0.2195,0.2986,0.2878,0.9087,0.5024,0.3569
603776,永安行,59.24,True,21.1,20.8,13,7.7,-8.9,0.62,1.45,0.2664,从未跌破（观测期内）,2026-07-06,58.1,0.1373,-0.7536,0.4269,0.0824,0.9311,0.2884,0.3566
002602,世纪华通,957.67,True,14.09,13.79,5,2.17,-10.26,-3.31,2.17,0.0876,从未跌破（观测期内）,2026-07-06,51.54,0.0305,0.4035,0.4318,0.3797,0.923,0.2804,0.3566
603722,阿科力,41.69,True,43.56,37.56,11,15.97,-10.45,-0.73,15.97,0.4067,从未跌破（观测期内）,2026-07-06,71.68,0.4524,-0.5815,0.6959,0.2714,0.6293,0.0,0.3564
000682,东方电子,165.83,True,12.37,12.69,4,6.75,-12.25,-3.91,-2.55,0.0,从未跌破（观测期内）,2026-07-06,49.29,0.8553,-0.1131,0.5423,0.6679,0.8732,0.0962,0.356
600771,广誉远,69.8,True,14.26,13.69,3,4.15,-9.57,-4.66,4.15,0.079,从未跌破（观测期内）,2026-07-06,50.53,-0.1049,0.5085,0.4229,0.4,0.9007,0.2952,0.356
603048,浙江黎明,28.08,True,19.12,19.15,2,1.59,-12.76,-4.92,-0.14,0.0,从未跌破（观测期内）,2026-07-06,48.64,0.66,0.0557,0.4827,0.6183,0.8586,0.1955,0.3556
000153,丰原药业,24.96,True,5.44,5.31,2,2.46,-8.42,-3.7,2.46,0.0655,从未跌破（观测期内）,2026-07-06,50.7,-0.226,0.3175,0.3366,0.327,0.9045,0.439,0.3547
601985,中国核电,1673.06,True,8.86,9.03,10,2.89,-3.11,-0.13,-1.92,0.2015,从未跌破（观测期内）,2026-07-06,34.15,0.4135,-0.5162,0.1817,0.2481,0.5366,0.6971,0.3545
600615,鑫源智造,21.69,True,9.63,9.64,4,6.9,-13.64,-5.52,-0.13,0.0,从未跌破（观测期内）,2026-07-06,54.79,0.7543,-0.0776,0.6815,0.6215,0.9953,0.0,0.3544
000738,航发控制,240.68,True,18.3,18.4,2,1.78,-9.88,-4.07,-0.54,0.0,从未跌破（观测期内）,2026-07-06,44.19,0.6005,0.262,0.4581,0.6651,0.7598,0.2365,0.3537
603579,荣泰健康,38.2,True,19.0,18.47,7,8.49,-10.59,-3.16,2.88,0.1044,从未跌破（观测期内）,2026-07-06,46.51,0.5153,0.0222,0.5199,0.518,0.8114,0.1335,0.3536
002239,奥特佳,65.99,True,2.46,2.47,4,2.02,-8.63,-3.66,-0.55,0.01,从未跌破（观测期内）,2026-07-06,48.21,0.2957,0.1583,0.3222,0.4408,0.8492,0.4631,0.3535
603097,江苏华辰,41.3,True,18.38,18.72,9,4.06,-12.79,-2.92,-1.84,0.0244,从未跌破（观测期内）,2026-07-06,54.67,0.0891,0.1279,0.3242,0.3046,0.9926,0.4597,0.3534
002890,弘宇股份,24.98,True,15.47,14.71,4,8.49,-10.63,-3.6,5.17,0.1029,从未跌破（观测期内）,2026-07-06,50.95,-0.4377,0.6838,0.4811,0.4,0.91,0.1982,0.3529
600619,海立股份,113.01,True,14.32,14.81,5,7.25,-16.04,-4.67,-3.3,0.0,从未跌破（观测期内）,2026-07-06,40.74,0.7202,0.2821,0.4805,0.745,0.6831,0.1992,0.3527
600560,金自天正,24.94,True,11.15,11.78,0,-2.43,-11.27,-7.32,-5.31,0.0,从未跌破（观测期内）,2026-07-06,35.23,0.6268,0.2923,0.333,0.693,0.5607,0.445,0.3521
002134,天津普林,70.59,True,28.51,28.89,12,6.96,-11.38,-0.54,-1.32,0.1469,从未跌破（观测期内）,2026-07-06,46.83,0.1701,0.6494,0.5833,0.5021,0.8183,0.0279,0.3521
002919,名臣健康,58.28,True,22.06,20.08,2,9.84,-14.3,-7.08,9.84,0.101,从未跌破（观测期内）,2026-07-06,58.75,0.1263,0.5615,0.5631,0.4758,0.9166,0.0615,0.3519
603215,比依股份,28.14,True,15.03,14.74,2,1.94,-10.7,-5.57,1.94,0.0,从未跌破（观测期内）,2026-07-06,50.45,0.2709,0.1527,0.3352,0.4236,0.8989,0.4413,0.3519
002333,罗普斯金,33.13,True,4.97,4.84,2,2.74,-5.81,-3.07,2.74,0.1,从未跌破（观测期内）,2026-07-06,50.48,0.1731,-0.249,0.2775,0.2042,0.8995,0.5375,0.3516
000698,ST沈化,25.85,True,3.29,3.17,3,5.3,-10.01,-5.35,3.67,0.0268,从未跌破（观测期内）,2026-07-06,51.69,-0.1015,0.91,0.3779,0.4,0.9263,0.3702,0.3515
603639,海利尔,36.27,True,10.67,10.51,2,1.48,-6.61,-3.58,1.48,0.071,从未跌破（观测期内）,2026-07-06,44.72,-0.1124,0.2403,0.2218,0.2961,0.7716,0.6303,0.3513
603538,美诺华,100.07,True,41.58,37.21,3,11.74,-18.31,-10.38,11.74,0.0382,从未跌破（观测期内）,2026-07-06,55.83,0.2613,1.6031,0.7855,0.5568,0.9816,0.0,0.3508
600500,中化国际,250.46,True,6.98,7.81,16,44.0,-10.66,14.52,-10.66,0.238,从未跌破（观测期内）,2026-07-06,38.71,0.6889,-0.2552,1.0849,0.5113,0.638,0.0,0.3506
002786,银宝山新,38.59,True,7.81,8.05,3,3.32,-8.44,-3.69,-3.01,0.0,从未跌破（观测期内）,2026-07-06,41.77,0.791,-0.0731,0.4087,0.6454,0.7059,0.3188,0.3504
603106,恒银科技,37.11,True,7.13,7.29,4,8.16,-11.46,-4.5,-2.13,0.0,从未跌破（观测期内）,2026-07-06,47.78,0.5652,0.4313,0.5826,0.7117,0.8397,0.0291,0.3502
002617,露笑科技,168.42,True,8.97,9.14,11,14.21,-12.69,0.3,-1.89,0.1354,从未跌破（观测期内）,2026-07-06,50.24,0.7015,-0.3831,0.6719,0.4676,0.8943,0.0,0.3499
001306,夏厦精密,9.36,True,60.37,59.45,2,6.15,-13.78,-6.08,1.55,0.0,从未跌破（观测期内）,2026-07-06,49.56,0.4942,1.5139,0.6041,0.6965,0.879,0.0,0.3499
000063,中兴通讯,1461.22,True,36.28,37.24,12,6.04,-5.9,0.5,-2.58,0.1809,从未跌破（观测期内）,2026-07-06,46.69,0.6362,-0.3775,0.5735,0.4307,0.8153,0.0441,0.3497
000518,四环生物,36.34,True,3.53,3.25,5,8.72,-13.03,-4.55,8.72,0.1838,从未跌破（观测期内）,2026-07-06,67.68,0.7084,-0.6686,0.4951,0.425,0.7183,0.1748,0.3496
601686,友发集团,74.56,True,5.04,5.01,2,0.6,-6.42,-3.4,0.6,0.0544,从未跌破（观测期内）,2026-07-06,42.17,0.6924,-0.9025,0.2776,0.4155,0.7149,0.5373,0.3492
002870,香山股份,51.11,True,39.4,39.59,5,1.87,-6.75,-1.79,-0.49,0.108,从未跌破（观测期内）,2026-07-06,43.57,0.1678,0.1877,0.3494,0.3758,0.7461,0.4177,0.349
002785,万里石,81.36,True,42.05,41.67,10,10.2,-20.9,-4.57,0.92,0.0677,从未跌破（观测期内）,2026-07-06,58.76,0.394,0.0467,0.502,0.4551,0.9164,0.1633,0.3486
601890,亚星锚链,82.03,True,8.55,8.54,2,0.61,-9.65,-4.36,0.14,0.0,从未跌破（观测期内）,2026-07-06,41.75,0.4813,0.2833,0.3733,0.6021,0.7055,0.3778,0.3483
600422,昆药集团,63.96,True,8.45,8.23,3,2.72,-8.95,-3.16,2.72,0.1041,从未跌破（观测期内）,2026-07-06,48.46,0.1159,0.1749,0.3966,0.3395,0.8547,0.3389,0.3483
603583,捷昌驱动,92.81,True,24.28,23.85,2,5.85,-11.43,-5.32,1.82,0.0,从未跌破（观测期内）,2026-07-06,46.92,0.3571,1.0245,0.4789,0.6142,0.8205,0.2019,0.348
600668,尖峰集团,32.0,True,7.75,7.41,5,4.6,-9.68,-4.52,4.6,0.1015,从未跌破（观测期内）,2026-07-06,53.76,0.1356,0.208,0.514,0.3646,0.9725,0.1434,0.3477
000990,诚志股份,108.64,True,8.94,8.77,2,1.89,-11.52,-6.16,1.89,0.0,从未跌破（观测期内）,2026-07-06,47.62,0.1705,0.7238,0.3802,0.5023,0.836,0.3663,0.3477
603733,仙鹤股份,168.8,True,23.3,26.27,18,20.74,-11.29,7.28,-11.29,0.1861,从未跌破（观测期内）,2026-07-06,39.48,0.3835,0.3382,0.8419,0.5654,0.6551,0.0,0.3468
600525,ST长园,67.65,True,5.13,5.01,4,4.94,-7.73,-2.68,2.43,0.1067,从未跌破（观测期内）,2026-07-06,50.41,0.2577,-0.2718,0.3489,0.2459,0.8981,0.4185,0.3466
000788,北大医药,31.53,True,5.29,5.19,7,2.29,-8.42,-2.65,1.99,0.1423,从未跌破（观测期内）,2026-07-06,44.51,0.377,-0.044,0.4634,0.4086,0.7669,0.2276,0.3466
002270,华明装备,177.99,True,19.86,19.87,4,2.82,-16.78,-6.24,-0.07,0.0,从未跌破（观测期内）,2026-07-06,45.48,0.5901,0.8368,0.6727,0.7541,0.7884,0.0,0.3462
000715,中兴商业,23.54,True,4.84,4.8,1,0.89,-7.65,-3.79,0.89,0.0232,从未跌破（观测期内）,2026-07-06,45.6,0.6178,-0.2342,0.3629,0.477,0.7911,0.3952,0.346
002588,史丹利,73.75,True,8.59,8.47,3,1.36,-9.15,-3.54,1.36,0.0544,从未跌破（观测期内）,2026-07-06,43.51,0.2018,1.22,0.4196,0.5211,0.7446,0.3006,0.346
000902,新洋丰,142.51,True,12.47,12.24,3,1.87,-12.77,-4.43,1.87,0.012,从未跌破（观测期内）,2026-07-06,44.07,0.3206,0.5019,0.4336,0.5924,0.7572,0.2774,0.3459
000528,柳    工,168.25,True,8.27,8.1,2,2.11,-8.86,-4.27,2.11,0.0384,从未跌破（观测期内）,2026-07-06,44.8,0.1069,0.525,0.3604,0.4641,0.7733,0.3993,0.3459
603186,华正新材,292.46,True,186.53,206.87,19,57.65,-9.83,28.11,-9.83,0.3065,从未跌破（观测期内）,2026-07-06,49.79,-0.2572,-0.0424,1.1081,0.1831,0.8843,0.0,0.3452
600817,宇通重工,49.06,True,9.27,9.14,2,1.79,-6.25,-3.71,1.42,0.0604,从未跌破（观测期内）,2026-07-06,47.85,0.317,-0.2524,0.2781,0.2893,0.8411,0.5364,0.3452
002977,*ST天箭,17.22,True,25.84,23.46,2,10.16,-17.7,-8.27,10.16,0.075,从未跌破（观测期内）,2026-07-06,57.26,0.1667,1.7989,0.677,0.5,0.9497,0.0,0.3449
603787,新日股份,22.42,True,9.74,9.6,2,1.44,-9.02,-5.13,1.44,0.0077,从未跌破（观测期内）,2026-07-06,44.67,0.645,-0.3742,0.2869,0.4374,0.7704,0.5219,0.3448
002004,华邦健康,78.91,True,4.19,4.17,3,1.98,-6.44,-2.48,0.42,0.0754,从未跌破（观测期内）,2026-07-06,38.54,0.2402,0.269,0.3017,0.4518,0.6343,0.4971,0.3445
002201,九鼎新材,56.47,True,9.38,11.42,9,16.87,-17.88,-1.38,-17.88,0.0,从未跌破（观测期内）,2026-07-06,37.47,0.815,0.872,0.8573,0.889,0.6104,0.0,0.3443
600841,动力新科,70.82,True,6.79,6.61,2,2.78,-11.17,-6.93,2.78,0.0,从未跌破（观测期内）,2026-07-06,46.79,0.5235,0.3393,0.5299,0.6498,0.8175,0.1168,0.3435
600198,大唐电信,109.1,True,8.38,9.26,19,9.1,-9.52,3.01,-9.52,0.1615,从未跌破（观测期内）,2026-07-06,38.46,0.3418,0.5811,0.671,0.6051,0.6325,0.0,0.3424
600993,马应龙,99.62,True,23.15,22.84,1,1.36,-7.49,-3.07,1.36,0.0599,从未跌破（观测期内）,2026-07-06,46.53,-0.3947,0.3502,0.3169,0.3401,0.8119,0.4719,0.3421
002274,华昌化工,46.8,True,4.99,5.03,0,-0.73,-10.94,-7.28,-0.73,0.0,从未跌破（观测期内）,2026-07-06,37.31,0.3921,0.6793,0.3535,0.6352,0.607,0.4109,0.3418
603880,南卫股份,22.81,True,7.89,7.53,4,4.75,-9.37,-4.55,4.75,0.1077,从未跌破（观测期内）,2026-07-06,55.36,-0.4613,1.4608,0.8161,0.4,0.9919,0.0,0.3415
002644,佛慈制药,38.04,True,7.45,7.31,4,1.91,-7.74,-2.62,1.91,0.1279,从未跌破（观测期内）,2026-07-06,47.73,-0.5712,0.1506,0.3698,0.2602,0.8384,0.3837,0.3414
601177,杭齿前进,61.93,True,15.39,13.42,2,14.71,-18.8,-10.37,14.71,0.0227,从未跌破（观测期内）,2026-07-06,65.06,0.7149,0.1896,0.597,0.7048,0.7765,0.005,0.3413
603161,科华控股,26.38,True,13.83,14.27,14,8.28,-7.61,1.47,-3.06,0.1861,从未跌破（观测期内）,2026-07-06,45.44,0.4091,-0.5554,0.4111,0.2455,0.7875,0.3149,0.3405
002483,润邦股份,46.3,True,5.23,5.22,1,0.23,-9.39,-5.24,0.23,0.0,从未跌破（观测期内）,2026-07-06,39.0,0.5624,-0.0606,0.269,0.5132,0.6444,0.5517,0.3399
601311,XD骆驼股,90.21,True,7.69,7.69,1,1.3,-10.15,-4.92,-0.04,0.0,从未跌破（观测期内）,2026-07-06,45.63,0.2961,0.2178,0.342,0.4648,0.7918,0.4301,0.3391
603615,茶花股份,45.78,True,18.93,17.53,4,7.99,-12.87,-6.5,7.99,0.1011,从未跌破（观测期内）,2026-07-06,62.94,0.142,0.4312,0.5237,0.4577,0.8235,0.1272,0.3386
002273,水晶光电,484.22,True,35.55,35.44,7,10.34,-13.43,-3.14,0.31,0.0408,从未跌破（观测期内）,2026-07-06,52.43,0.3212,0.355,0.8663,0.5347,0.9428,0.0,0.3385
603190,亚通精工,10.65,True,25.91,24.76,2,4.62,-10.05,-5.01,4.62,0.0685,从未跌破（观测期内）,2026-07-06,48.97,0.0477,0.2812,0.3901,0.3411,0.866,0.3498,0.3384
603809,豪能股份,86.51,True,9.4,9.58,2,2.11,-12.76,-5.96,-1.84,0.0,从未跌破（观测期内）,2026-07-06,41.21,0.4916,1.5428,0.4964,0.695,0.6936,0.1727,0.3384
603926,铁流股份,45.24,True,19.6,18.85,3,3.95,-13.84,-7.76,3.95,0.0,从未跌破（观测期内）,2026-07-06,52.8,0.3179,0.5226,0.5984,0.5907,0.951,0.0027,0.3383
002623,亚玛顿,32.29,True,16.76,16.72,2,2.05,-14.09,-8.34,0.22,0.0,从未跌破（观测期内）,2026-07-06,46.1,0.3576,1.8348,0.5033,0.6146,0.8023,0.1612,0.3383
002511,中顺洁柔,88.57,True,7.0,6.84,3,2.32,-8.68,-3.7,2.32,0.0723,从未跌破（观测期内）,2026-07-06,46.15,0.1661,-0.0754,0.276,0.2695,0.8034,0.54,0.338
002587,奥拓电子,33.88,True,6.36,7.02,14,11.68,-9.45,0.88,-9.45,0.0272,从未跌破（观测期内）,2026-07-06,44.47,0.4913,1.5031,0.6854,0.6948,0.7661,0.0,0.3378
600892,大晟文化,19.74,True,3.53,3.58,1,3.19,-9.77,-4.82,-1.53,0.0,从未跌破（观测期内）,2026-07-06,48.06,0.1676,3.0144,0.427,0.5006,0.8458,0.2884,0.3376
002672,东江环保,30.77,True,3.4,3.58,5,11.53,-10.06,-3.78,-5.12,0.0,从未跌破（观测期内）,2026-07-06,47.62,0.4674,1.0725,0.918,0.6804,0.836,0.0,0.3373
600549,厦门钨业,1100.81,True,70.84,77.49,20,47.21,-8.59,18.95,-8.59,0.3535,从未跌破（观测期内）,2026-07-06,49.6,-0.0225,-0.3144,0.9619,0.0743,0.88,0.0,0.336
603077,和邦生物,205.78,True,2.33,2.37,3,2.54,-11.03,-3.49,-1.69,0.0,从未跌破（观测期内）,2026-07-06,42.03,0.6361,0.0881,0.4426,0.6169,0.7118,0.2623,0.3359
002929,润建股份,138.03,True,63.75,63.72,6,15.45,-23.66,-7.83,0.05,0.0,从未跌破（观测期内）,2026-07-06,52.63,0.7229,-0.1248,0.8735,0.5838,0.9474,0.0,0.3354
603012,创力集团,55.47,True,8.58,7.95,5,10.78,-17.73,-6.19,7.99,0.1244,从未跌破（观测期内）,2026-07-06,64.74,0.1931,0.6685,0.7006,0.5158,0.7836,0.0,0.3354
002940,昂利康,56.32,True,30.4,28.36,4,7.18,-23.81,-10.91,7.18,0.0,从未跌破（观测期内）,2026-07-06,58.54,0.6058,0.1014,0.6572,0.6041,0.9214,0.0,0.3353
600721,百花医药,27.0,True,7.02,7.18,5,5.55,-10.95,-3.64,-2.18,0.0,从未跌破（观测期内）,2026-07-06,36.78,0.7741,0.9468,0.6101,0.8645,0.595,0.0,0.3351
600893,航发动力,1031.4,True,38.7,38.75,2,1.42,-13.06,-5.7,-0.14,0.0,从未跌破（观测期内）,2026-07-06,52.1,0.1864,0.5406,0.5206,0.5118,0.9357,0.1323,0.3349
002824,和胜股份,68.49,True,30.28,33.37,19,39.83,-9.26,14.73,-9.26,0.3209,从未跌破（观测期内）,2026-07-06,46.26,0.0967,-0.1938,0.9028,0.1805,0.8058,0.0,0.3346
600423,*ST柳化,20.61,True,2.58,2.4,3,7.74,-12.5,-6.83,7.5,0.0646,从未跌破（观测期内）,2026-07-06,55.68,0.2684,-0.0731,0.4867,0.3318,0.9848,0.1888,0.3341
600391,航发科技,114.82,True,34.78,33.32,5,6.77,-20.09,-6.03,4.39,0.0384,从未跌破（观测期内）,2026-07-06,48.09,0.3286,1.5182,0.8001,0.5972,0.8464,0.0,0.334
002729,好利科技,30.67,True,17.48,18.39,6,8.91,-15.04,-4.02,-4.94,0.0,从未跌破（观测期内）,2026-07-06,54.71,0.2345,1.4131,0.6191,0.5407,0.9934,0.0,0.3339
002897,意华股份,151.41,True,82.1,85.45,14,27.11,-9.57,3.94,-3.92,0.2232,从未跌破（观测期内）,2026-07-06,46.4,0.363,-0.2155,1.0513,0.3316,0.8089,0.0,0.3339
600241,时代万恒,21.81,True,7.41,7.03,1,5.41,-11.65,-7.63,5.41,0.0,从未跌破（观测期内）,2026-07-06,54.51,0.1478,2.3951,0.5455,0.4887,0.9891,0.0908,0.3336
000792,盐湖股份,1547.77,True,29.25,30.1,9,3.52,-12.39,-2.52,-2.82,0.0243,从未跌破（观测期内）,2026-07-06,38.72,0.615,0.6548,0.5843,0.769,0.6382,0.0262,0.3335
001308,康冠科技,99.49,True,20.42,20.64,8,2.35,-5.36,-1.11,-1.05,0.1515,从未跌破（观测期内）,2026-07-06,51.91,0.2173,-0.4948,0.3858,0.1324,0.9313,0.357,0.3335
600183,生益科技,3694.0,True,154.27,165.55,19,31.65,-7.25,15.24,-6.81,0.3819,从未跌破（观测期内）,2026-07-06,44.44,0.1417,-0.4461,0.8812,0.1066,0.7653,0.0,0.3325
603660,苏州科达,63.95,True,11.19,11.89,8,12.3,-11.12,-1.77,-5.87,0.0,从未跌破（观测期内）,2026-07-06,50.61,0.7628,-0.1249,0.6197,0.6077,0.9024,0.0,0.3324
002157,正邦科技,235.19,True,3.02,2.95,2,2.42,-8.35,-4.41,2.42,0.0478,从未跌破（观测期内）,2026-07-06,46.24,-0.1349,0.5168,0.3942,0.4,0.8053,0.343,0.3316
600143,金发科技,425.79,True,16.16,15.99,2,6.19,-9.87,-3.28,1.04,0.0213,从未跌破（观测期内）,2026-07-06,44.6,0.4616,0.8953,0.6141,0.677,0.7689,0.0,0.3315
600760,中航沈飞,1155.31,True,40.83,41.39,3,3.06,-9.87,-3.15,-1.34,0.0,从未跌破（观测期内）,2026-07-06,36.37,0.7204,-0.0247,0.3698,0.6223,0.5861,0.3837,0.3304
002765,蓝黛科技,47.55,True,7.98,7.63,2,4.54,-11.39,-6.4,4.54,0.0033,从未跌破（观测期内）,2026-07-06,49.38,0.2151,3.4747,0.5127,0.529,0.8751,0.1456,0.3304
003010,若羽臣,55.7,True,24.63,23.89,5,5.43,-12.07,-3.85,3.11,0.061,从未跌破（观测期内）,2026-07-06,46.4,0.4839,-0.2586,0.4103,0.3869,0.8089,0.3161,0.3303
002528,*ST英飞,47.68,True,4.54,4.57,11,6.39,-10.25,-1.44,-0.62,0.1236,从未跌破（观测期内）,2026-07-06,37.2,0.1031,9.8238,0.4234,0.4619,0.6043,0.2943,0.3299
002543,万和电气,44.0,True,6.65,6.57,1,1.28,-9.16,-6.07,1.28,0.0,从未跌破（观测期内）,2026-07-06,43.15,-0.2568,1.5043,0.2699,0.4,0.7367,0.5501,0.3299
002817,黄山胶囊,18.13,True,6.25,6.25,1,0.0,-11.24,-7.13,0.0,0.0,从未跌破（观测期内）,2026-07-06,46.06,-0.6184,0.5788,0.3224,0.4,0.8013,0.4626,0.3297
601869,长飞光纤,1795.77,True,441.94,492.65,19,29.41,-10.29,11.22,-10.29,0.2949,从未跌破（观测期内）,2026-07-06,48.75,0.1668,-0.3551,0.8972,0.158,0.8611,0.0,0.3297
605358,立昂微,459.38,True,59.49,70.23,20,27.41,-15.29,11.5,-15.29,0.1858,从未跌破（观测期内）,2026-07-06,40.19,0.4835,-0.0165,0.8838,0.4835,0.6708,0.0,0.3294
000710,贝瑞基因,26.53,True,8.05,7.91,2,1.76,-14.53,-7.22,1.76,0.0,从未跌破（观测期内）,2026-07-06,50.21,-0.0151,3.0873,0.3972,0.4,0.8935,0.338,0.3294
603768,常青股份,24.46,True,10.28,10.04,1,2.44,-12.04,-6.68,2.44,0.0,从未跌破（观测期内）,2026-07-06,47.93,0.5049,-0.1941,0.3873,0.4253,0.8429,0.3545,0.3281
600367,红星发展,153.52,True,47.68,56.09,20,66.24,-15.0,28.89,-15.0,0.1933,从未跌破（观测期内）,2026-07-06,43.93,-0.2511,2.3086,1.131,0.4,0.754,0.0,0.3281
002078,太阳纸业,356.89,True,12.85,12.63,5,2.29,-8.93,-3.18,1.75,0.0948,从未跌破（观测期内）,2026-07-06,41.96,-0.3979,0.3918,0.365,0.3567,0.7101,0.3916,0.3279
002530,金财互联,47.41,True,6.82,7.34,0,-0.42,-10.47,-5.71,-7.05,0.0,从未跌破（观测期内）,2026-07-06,29.44,0.7511,0.3467,0.4243,0.7893,0.4319,0.2928,0.3276
603378,*ST亚士,23.02,True,5.37,5.24,7,8.24,-12.03,-2.82,2.55,0.1045,从未跌破（观测期内）,2026-07-06,51.52,0.6694,-0.4924,0.6309,0.4047,0.9226,0.0,0.3275
603389,亚振家居,152.4,True,58.0,59.08,5,3.36,-8.07,-2.43,-1.82,0.0385,从未跌破（观测期内）,2026-07-06,46.54,0.1337,1.5824,0.4816,0.4802,0.812,0.1974,0.3275
001266,宏英智能,26.66,True,45.85,48.36,9,9.73,-7.86,-0.73,-5.18,0.0,从未跌破（观测期内）,2026-07-06,50.49,0.8238,-0.2604,0.6049,0.5901,0.8998,0.0,0.3275
002960,青鸟智控,82.49,True,8.52,8.69,8,4.31,-13.7,-1.72,-1.94,0.056,从未跌破（观测期内）,2026-07-06,40.08,0.6572,0.0986,0.5487,0.6338,0.6684,0.0855,0.3273
002900,哈三联,16.14,True,10.02,9.82,3,2.0,-8.09,-3.7,2.0,0.0588,从未跌破（观测期内）,2026-07-06,50.0,0.0894,0.1959,0.4295,0.332,0.8889,0.2841,0.3269
600469,风神股份,41.21,True,5.65,5.52,1,2.32,-8.86,-3.96,2.32,0.0467,从未跌破（观测期内）,2026-07-06,43.08,-0.4654,1.1182,0.3551,0.4,0.735,0.4081,0.3269
001367,海森药业,24.21,True,19.9,19.69,4,3.07,-12.91,-4.23,1.08,0.0038,从未跌破（观测期内）,2026-07-06,43.59,0.3348,2.1726,0.4982,0.6009,0.7465,0.1697,0.3265
603100,川仪股份,92.28,True,18.04,17.75,5,3.08,-8.9,-4.51,1.64,0.043,从未跌破（观测期内）,2026-07-06,50.39,-0.0363,0.262,0.387,0.3048,0.8975,0.355,0.3261
603210,泰鸿万立,32.37,True,13.91,13.96,4,1.08,-8.22,-2.13,-0.39,0.0793,从未跌破（观测期内）,2026-07-06,43.65,0.6182,-0.2559,0.4904,0.4686,0.7478,0.1826,0.3258
600459,贵研铂业,177.47,True,23.36,26.08,20,20.71,-10.43,10.14,-10.43,0.3073,从未跌破（观测期内）,2026-07-06,43.32,0.2492,-0.3265,0.8803,0.2189,0.7405,0.0,0.3257
603515,欧普照明,126.5,True,17.18,17.17,1,0.05,-6.16,-3.64,0.05,0.024,从未跌破（观测期内）,2026-07-06,39.55,-0.3569,1.639,0.2615,0.4,0.6567,0.5642,0.3255
002715,登云股份,20.69,True,14.99,14.13,2,6.11,-10.72,-6.98,6.11,0.0322,从未跌破（观测期内）,2026-07-06,54.34,-0.0384,1.643,0.5385,0.4,0.9854,0.1025,0.3253
603009,北特科技,179.02,True,52.9,45.92,6,16.5,-16.1,-4.27,15.21,0.2388,从未跌破（观测期内）,2026-07-06,73.89,0.3902,0.0466,0.5991,0.4528,0.5803,0.0015,0.325
001226,拓山重工,16.47,True,48.55,49.9,8,7.26,-8.7,-1.22,-2.71,0.0599,从未跌破（观测期内）,2026-07-06,46.14,0.7376,-0.6404,0.4816,0.4425,0.8032,0.1974,0.3248
000908,石药景峰,63.08,True,7.17,6.16,3,16.42,-19.57,-7.95,16.42,0.0991,从未跌破（观测期内）,2026-07-06,58.33,-0.0642,5.8902,0.8532,0.4,0.9259,0.0,0.3248
600363,联创光电,154.56,True,34.28,33.88,5,9.01,-13.89,-5.42,1.18,0.0,从未跌破（观测期内）,2026-07-06,49.39,0.5812,0.1245,0.7433,0.5985,0.8752,0.0,0.3247
002164,宁波东力,57.0,True,11.88,12.82,4,7.51,-11.68,-3.8,-7.3,0.0,从未跌破（观测期内）,2026-07-06,33.48,0.8003,0.5431,0.6272,0.8802,0.5217,0.0,0.3244
600416,湘电股份,141.23,True,9.57,10.14,1,0.02,-16.83,-7.47,-5.61,0.0,从未跌破（观测期内）,2026-07-06,44.39,0.6514,-0.0095,0.502,0.587,0.7641,0.1633,0.3241
001311,多利科技,31.67,True,17.88,17.64,1,1.35,-14.66,-9.6,1.35,0.0,从未跌破（观测期内）,2026-07-06,46.34,-0.3079,0.7283,0.3494,0.4,0.8075,0.4177,0.3241
002463,沪电股份,2477.16,True,128.83,139.63,19,19.83,-7.73,6.64,-7.73,0.275,从未跌破（观测期内）,2026-07-06,47.52,0.1697,-0.2825,0.8553,0.1888,0.8338,0.0,0.324
002848,高斯贝尔,23.09,True,13.96,13.76,2,3.78,-20.19,-7.93,1.48,0.0,从未跌破（观测期内）,2026-07-06,58.19,0.3464,0.3587,0.6253,0.5513,0.9291,0.0,0.3237
603486,科沃斯,303.3,True,52.9,53.83,1,1.02,-12.29,-7.97,-1.72,0.0,从未跌破（观测期内）,2026-07-06,41.5,0.3826,0.4087,0.4585,0.5931,0.6999,0.2359,0.3236
600884,杉杉股份,241.13,True,13.14,13.63,5,4.24,-11.1,-3.34,-3.61,0.0,从未跌破（观测期内）,2026-07-06,42.75,0.6852,-0.1374,0.4442,0.5562,0.7277,0.2596,0.3235
601689,拓普集团,1052.61,True,60.57,59.84,6,3.68,-14.65,-5.78,1.21,0.0,从未跌破（观测期内）,2026-07-06,47.87,0.3675,1.0327,0.6478,0.6205,0.8415,0.0,0.3234
002189,中光学,53.9,True,20.64,20.74,7,9.26,-11.05,-1.96,-0.46,0.0507,从未跌破（观测期内）,2026-07-06,51.17,0.4574,-0.2276,0.5031,0.3834,0.9149,0.1615,0.3233
003021,兆威机电,197.8,True,95.38,95.07,5,5.51,-15.88,-4.9,0.32,0.0,从未跌破（观测期内）,2026-07-06,46.08,0.4196,1.5499,0.6863,0.6518,0.8017,0.0,0.3233
600679,上海凤凰,31.14,True,9.06,9.24,2,3.77,-9.33,-5.0,-1.97,0.0,从未跌破（观测期内）,2026-07-06,40.1,0.8433,-0.8479,0.3488,0.506,0.669,0.4187,0.3231
002055,ST得润,40.75,True,6.86,6.29,4,9.14,-14.97,-4.51,9.14,0.1793,从未跌破（观测期内）,2026-07-06,65.98,0.3991,-0.3202,0.5128,0.3114,0.7559,0.1454,0.3226
600345,长江通信,119.91,True,56.68,62.59,19,28.33,-9.44,9.04,-9.44,0.2923,从未跌破（观测期内）,2026-07-06,46.51,0.2445,-0.4341,0.8756,0.173,0.8114,0.0,0.3225
600768,宁波富邦,20.8,True,15.55,15.53,5,3.86,-11.92,-4.63,0.13,0.0,从未跌破（观测期内）,2026-07-06,49.59,0.5142,-0.1567,0.4614,0.4458,0.8799,0.231,0.3221
600613,神奇制药,23.1,True,4.82,4.74,2,1.75,-8.69,-4.59,1.75,0.0252,从未跌破（观测期内）,2026-07-06,48.91,-0.321,0.2997,0.3643,0.3199,0.8646,0.3928,0.3219
603282,亚光股份,19.46,True,14.54,14.88,3,3.93,-11.0,-4.94,-2.28,0.0,从未跌破（观测期内）,2026-07-06,49.29,0.437,0.013,0.4781,0.4674,0.8731,0.2032,0.3219
002389,航天彩虹,178.44,True,18.12,18.25,1,0.65,-9.2,-4.88,-0.72,0.0,从未跌破（观测期内）,2026-07-06,40.88,0.2577,0.366,0.3627,0.501,0.6862,0.3955,0.3218
002412,汉森制药,30.57,True,6.14,5.9,2,4.07,-9.17,-4.54,4.07,0.0652,从未跌破（观测期内）,2026-07-06,46.54,0.4049,-0.0951,0.4717,0.4049,0.8121,0.2139,0.3218
600594,益佰制药,26.05,True,3.29,3.18,2,3.36,-10.66,-6.59,3.36,0.0,从未跌破（观测期内）,2026-07-06,50.0,-0.2577,0.5545,0.4244,0.4,0.8889,0.2926,0.3217
600309,万华化学,2223.26,True,71.02,70.69,6,3.53,-9.63,-3.11,0.47,0.0605,从未跌破（观测期内）,2026-07-06,44.82,0.3183,0.2658,0.5267,0.4973,0.7739,0.1222,0.3216
600063,皖维高新,145.04,True,7.01,7.99,17,22.22,-12.3,7.6,-12.3,0.153,从未跌破（观测期内）,2026-07-06,41.65,0.4321,0.0433,0.8386,0.4766,0.7033,0.0,0.321
002365,永安药业,26.81,True,10.93,10.82,3,1.01,-9.26,-4.97,1.01,0.0,从未跌破（观测期内）,2026-07-06,50.77,-0.0061,0.7922,0.4421,0.4,0.9059,0.2632,0.3207
605399,晨光新材,41.09,True,13.19,13.58,6,9.41,-16.18,-2.91,-2.86,0.0,从未跌破（观测期内）,2026-07-06,47.02,0.744,-0.0557,0.6474,0.6241,0.8227,0.0,0.3206
603256,宏和科技,1929.51,True,219.33,242.07,19,31.04,-9.39,16.82,-9.39,0.3175,从未跌破（观测期内）,2026-07-06,47.51,-0.2511,-0.2319,1.0324,0.1072,0.8336,0.0,0.3205
600596,新安股份,183.14,True,13.57,15.36,18,19.36,-13.6,8.74,-11.63,0.2141,从未跌破（观测期内）,2026-07-06,42.59,0.4829,-0.3248,0.9105,0.3598,0.7242,0.0,0.3204
002395,双象股份,33.9,True,12.64,12.78,0,-1.1,-13.1,-8.97,-1.1,0.0,从未跌破（观测期内）,2026-07-06,38.91,0.9188,-0.3588,0.4406,0.6078,0.6424,0.2656,0.3203
002090,金智科技,37.35,True,9.38,9.28,2,3.02,-12.78,-7.01,1.11,0.0,从未跌破（观测期内）,2026-07-06,49.39,0.1763,0.9891,0.5248,0.5058,0.8753,0.1253,0.3203
603398,*ST沐邦,62.27,True,14.36,14.13,13,6.41,-7.82,-0.09,1.62,0.266,从未跌破（观测期内）,2026-07-06,62.74,-0.0299,-0.4764,0.4165,0.0094,0.828,0.3059,0.3202
600085,同仁堂,325.18,True,23.71,23.34,1,1.58,-8.09,-3.65,1.58,0.0426,从未跌破（观测期内）,2026-07-06,44.49,-0.4935,0.2895,0.3168,0.3158,0.7664,0.4719,0.32
002418,康盛股份,45.23,True,3.98,4.22,3,8.05,-17.77,-9.09,-5.69,0.0,从未跌破（观测期内）,2026-07-06,43.42,0.4737,0.5703,0.7,0.6842,0.7427,0.0,0.3196
002838,道恩股份,137.38,True,32.66,33.07,8,4.03,-14.12,-2.52,-1.24,0.0334,从未跌破（观测期内）,2026-07-06,39.97,0.4669,1.3972,0.5878,0.6801,0.666,0.0204,0.3196
000595,宝塔实业,73.1,True,6.42,6.2,2,3.51,-19.33,-10.8,3.51,0.0,从未跌破（观测期内）,2026-07-06,51.08,0.2464,4.1683,0.729,0.5478,0.9128,0.0,0.3195
002611,东方精工,175.69,True,17.5,17.87,10,3.71,-6.65,-1.08,-2.06,0.1473,从未跌破（观测期内）,2026-07-06,38.9,0.7173,-0.5314,0.5057,0.4304,0.6422,0.1572,0.3185
002391,长青股份,23.8,True,5.24,5.14,2,2.44,-9.17,-4.11,1.92,0.0357,从未跌破（观测期内）,2026-07-06,47.93,-0.3082,0.0582,0.2828,0.2233,0.843,0.5286,0.318
000831,中国稀土,542.71,True,51.14,56.49,14,21.64,-9.48,3.84,-9.48,0.0819,从未跌破（观测期内）,2026-07-06,38.59,0.8101,-0.1351,0.738,0.6321,0.6352,0.0,0.3178
002992,宝明科技,62.84,True,40.22,43.35,8,10.7,-10.59,-1.99,-7.22,0.0,从未跌破（观测期内）,2026-07-06,30.85,0.8326,1.548,0.6581,0.8996,0.4633,0.0,0.3175
603013,亚普股份,88.13,True,17.34,16.96,2,3.82,-13.09,-7.54,2.27,0.0,从未跌破（观测期内）,2026-07-06,43.99,0.2837,1.1876,0.5052,0.5702,0.7554,0.158,0.3173
600161,天坛生物,244.4,True,12.36,12.24,1,1.01,-9.47,-4.49,1.01,0.0104,从未跌破（观测期内）,2026-07-06,44.34,-0.028,1.0071,0.3595,0.4,0.763,0.4009,0.3169
000657,中钨高新,1169.02,True,80.46,90.1,20,42.18,-10.7,17.89,-10.7,0.3007,从未跌破（观测期内）,2026-07-06,45.49,-0.0394,-0.1126,0.962,0.155,0.7887,0.0,0.3168
600405,动力源,28.25,True,4.61,4.36,6,6.52,-10.35,-3.4,5.61,0.1507,从未跌破（观测期内）,2026-07-03,58.45,0.3994,-0.3853,0.691,0.2855,0.9232,0.0,0.3163
001312,福恩股份,10.96,True,19.18,19.38,2,0.72,-12.09,-5.4,-1.04,0.0,从未跌破（观测期内）,2026-07-06,44.42,0.558,-0.4065,0.3194,0.3722,0.7649,0.4677,0.3162
002318,久立特材,223.78,True,23.44,23.45,11,7.26,-11.63,-1.57,-0.06,0.1344,从未跌破（观测期内）,2026-07-06,49.87,0.2487,-0.4636,0.4226,0.1638,0.8859,0.2957,0.3162
600192,长城电工,28.32,True,6.41,7.02,5,12.31,-13.05,-5.88,-8.65,0.0,从未跌破（观测期内）,2026-07-06,43.54,0.735,0.0682,0.6854,0.6683,0.7452,0.0,0.3161
002135,东南网架,69.84,True,6.69,6.95,2,4.57,-16.07,-6.27,-3.72,0.0,从未跌破（观测期内）,2026-07-06,45.56,0.8057,-0.2546,0.5499,0.5816,0.7903,0.0835,0.316
601026,道生天合,16.04,True,14.44,14.88,0,-0.01,-16.02,-7.17,-2.93,0.0,从未跌破（观测期内）,2026-07-06,34.43,0.3571,0.8874,0.3858,0.6142,0.5429,0.357,0.3157
600071,凤凰光学,46.12,True,16.38,17.06,2,3.55,-9.32,-3.35,-3.99,0.0,从未跌破（观测期内）,2026-07-06,46.72,0.5396,-0.1974,0.4347,0.4448,0.8159,0.2755,0.3157
000060,中金岭南,327.75,True,7.38,7.67,11,14.34,-8.37,0.22,-3.73,0.0873,从未跌破（观测期内）,2026-07-06,42.58,0.5876,-0.0216,0.7189,0.5439,0.7241,0.0,0.3157
002150,正泰电源,96.26,True,26.85,25.72,3,4.52,-18.07,-9.08,4.4,0.0,从未跌破（观测期内）,2026-07-06,55.91,0.531,-0.3529,0.4996,0.3774,0.9798,0.1674,0.3154
002460,赣锋锂业,761.01,True,62.83,67.57,5,2.89,-15.13,-4.38,-7.02,0.0,从未跌破（观测期内）,2026-07-06,33.95,0.7242,0.5124,0.6051,0.8345,0.5322,0.0,0.3151
603217,元利科技,49.73,True,23.9,23.27,1,2.72,-16.98,-7.57,2.72,0.0,从未跌破（观测期内）,2026-07-06,47.83,0.3844,-0.1015,0.4026,0.39,0.8406,0.3289,0.315
603767,中马传动,48.18,True,15.61,15.56,2,0.89,-20.04,-12.13,0.32,0.0,从未跌破（观测期内）,2026-07-06,44.89,0.4268,0.0948,0.4573,0.494,0.7753,0.2378,0.3142
002708,光洋股份,67.27,True,13.02,13.9,5,4.91,-11.33,-3.51,-6.35,0.0,从未跌破（观测期内）,2026-07-06,47.07,0.4778,0.2762,0.63,0.5971,0.8237,0.0,0.314
600731,湖南海利,29.52,True,5.45,5.4,2,0.85,-8.93,-3.96,0.85,0.0192,从未跌破（观测期内）,2026-07-06,43.7,0.4554,-0.3322,0.315,0.3403,0.7488,0.4751,0.3138
002630,*ST华西,18.62,True,1.73,1.84,13,12.88,-6.47,1.48,-6.16,0.0899,从未跌破（观测期内）,2026-07-06,37.14,0.2707,4.6549,0.5338,0.5624,0.6032,0.1104,0.3138
603392,万泰生物,363.64,True,28.76,28.67,1,0.3,-17.28,-10.61,0.3,0.0,从未跌破（观测期内）,2026-07-06,52.89,-0.4663,0.3982,0.468,0.3593,0.9531,0.2201,0.3135
002501,*ST利源,47.88,True,1.35,1.39,7,15.49,-16.21,-3.66,-3.16,0.0,从未跌破（观测期内）,2026-07-06,34.62,0.4841,5.0196,0.4742,0.6905,0.547,0.2096,0.3135
002533,金杯电工,70.97,True,11.13,11.07,1,0.56,-13.69,-6.99,0.56,0.0,从未跌破（观测期内）,2026-07-06,44.59,0.2067,0.3428,0.4228,0.4611,0.7688,0.2953,0.3133
002801,微光股份,34.98,True,30.21,29.65,2,4.63,-11.29,-4.73,1.88,0.0,从未跌破（观测期内）,2026-07-06,45.21,0.3206,0.3675,0.5124,0.5393,0.7825,0.1459,0.3132
000903,ST云动,36.48,True,1.9,1.91,12,8.89,-7.14,0.44,-0.42,0.2004,从未跌破（观测期内）,2026-07-06,37.04,0.4358,-0.5641,0.4102,0.2615,0.6008,0.3163,0.3131
002459,晶澳科技,265.53,True,8.03,8.4,2,7.24,-16.37,-5.67,-4.42,0.0,从未跌破（观测期内）,2026-07-06,39.69,0.5386,0.6955,0.6742,0.7232,0.6598,0.0,0.3128
002165,红 宝 丽,45.84,True,6.3,6.97,7,6.47,-18.12,-4.92,-9.61,0.0,从未跌破（观测期内）,2026-07-06,29.19,0.8486,1.0487,0.8078,0.9092,0.4264,0.0,0.3126
603915,国茂股份,100.14,True,15.25,15.26,1,4.68,-11.51,-5.37,-0.07,0.0,从未跌破（观测期内）,2026-07-06,43.66,0.3935,0.7581,0.5848,0.6361,0.7481,0.0254,0.3125
002161,远 望 谷,40.38,True,5.46,5.71,4,2.81,-12.84,-5.65,-4.37,0.0,从未跌破（观测期内）,2026-07-06,47.6,0.4967,0.208,0.6969,0.5813,0.8356,0.0,0.3124
002265,建设工业,192.04,True,18.59,18.8,0,-1.11,-11.51,-6.84,-1.11,0.0,从未跌破（观测期内）,2026-07-06,36.24,0.255,1.0811,0.37,0.553,0.5831,0.3833,0.3124
002340,格林美,349.74,True,6.8,7.0,1,4.09,-14.9,-6.18,-2.86,0.0,从未跌破（观测期内）,2026-07-06,36.4,0.4975,0.5535,0.5198,0.6985,0.5867,0.1336,0.312
603286,日盈电子,63.43,True,54.57,52.75,2,7.33,-18.82,-8.62,3.45,0.0,从未跌破（观测期内）,2026-07-06,47.44,0.3038,1.5651,0.7765,0.5823,0.832,0.0,0.312
603124,江南新材,125.03,True,161.1,181.87,19,33.5,-11.42,14.37,-11.42,0.2668,从未跌破（观测期内）,2026-07-06,34.7,0.2359,0.0983,0.9729,0.3808,0.549,0.0,0.3117
600217,中再资环,49.9,True,3.01,3.05,0,-1.21,-10.63,-6.29,-1.21,0.0,从未跌破（观测期内）,2026-07-06,41.89,-0.1118,0.8045,0.3204,0.4,0.7087,0.466,0.3116
603153,上海建科,54.47,True,13.49,13.41,2,0.56,-8.64,-4.89,0.56,0.0094,从未跌破（观测期内）,2026-07-06,42.24,-0.3633,0.2783,0.254,0.3113,0.7165,0.5767,0.3114
601728,中国电信,4323.98,True,5.57,5.69,2,1.89,-10.59,-4.5,-2.07,0.0,从未跌破（观测期内）,2026-07-06,30.65,0.5443,0.1274,0.3007,0.5775,0.4588,0.4988,0.3109
000550,江铃汽车,87.93,True,16.96,16.91,8,6.28,-5.32,-1.37,0.27,0.1527,从未跌破（观测期内）,2026-07-06,30.7,0.6147,-0.4327,0.3645,0.3958,0.46,0.3924,0.3109
600513,联环药业,45.53,True,15.95,15.65,2,1.92,-12.16,-7.14,1.92,0.0,从未跌破（观测期内）,2026-07-06,49.26,-0.3288,0.6903,0.4556,0.4,0.8725,0.2407,0.3106
001314,亿道信息,71.62,True,57.58,56.95,13,9.15,-8.84,0.61,1.11,0.2498,从未跌破（观测期内）,2026-07-06,58.74,0.181,-0.7288,0.6295,0.1086,0.9168,0.0,0.3104
603530,神马电力,228.74,True,53.51,52.45,3,3.35,-11.13,-4.33,2.02,0.0172,从未跌破（观测期内）,2026-07-06,49.57,0.3999,-0.2072,0.4472,0.3571,0.8793,0.2546,0.3102
002006,精工科技,81.14,True,15.61,15.03,4,5.25,-14.01,-6.69,3.84,0.0,从未跌破（观测期内）,2026-07-06,53.07,0.1907,0.1303,0.4924,0.3665,0.9572,0.1794,0.31
603931,格林达,119.22,True,59.74,57.04,10,12.35,-7.39,0.19,4.74,0.2822,从未跌破（观测期内）,2026-07-06,58.75,-0.0945,-0.3655,0.7823,0.0538,0.9166,0.0,0.3097
002466,天齐锂业,869.35,True,58.91,61.51,7,6.64,-14.15,-2.5,-4.22,0.0,从未跌破（观测期内）,2026-07-06,41.38,0.6757,0.1877,0.6528,0.6805,0.6973,0.0,0.3096
603325,博隆技术,18.81,True,55.04,55.54,9,3.51,-10.07,-2.03,-0.89,0.0929,从未跌破（观测期内）,2026-07-06,42.27,0.0628,0.454,0.5037,0.4193,0.7171,0.1604,0.3095
603194,中力股份,53.62,True,33.93,36.42,15,8.61,-6.83,1.15,-6.83,0.1147,从未跌破（观测期内）,2026-07-06,36.42,0.2478,1.0482,0.5648,0.5487,0.5871,0.0587,0.3093
601208,东材科技,632.07,True,62.57,67.84,19,33.11,-7.77,13.75,-7.77,0.3581,从未跌破（观测期内）,2026-07-06,47.36,-0.1381,-0.6057,0.9267,0.0,0.8303,0.0,0.3093
002877,智能自控,17.51,True,7.28,7.56,0,-0.58,-9.98,-6.33,-3.74,0.0,从未跌破（观测期内）,2026-07-06,31.87,0.7891,-0.218,0.339,0.5863,0.486,0.435,0.309
603158,腾龙股份,60.22,True,12.27,12.91,4,9.17,-15.3,-7.67,-4.94,0.0,从未跌破（观测期内）,2026-07-06,41.89,0.7016,0.12,0.6227,0.669,0.7088,0.0,0.309
003015,日久光电,29.01,True,11.73,12.49,5,4.18,-10.25,-2.85,-6.1,0.0,从未跌破（观测期内）,2026-07-06,34.0,0.4753,0.6296,0.476,0.6852,0.5332,0.2066,0.3089
002669,康达新材,47.41,True,15.66,17.26,18,23.32,-9.26,5.52,-9.26,0.1929,从未跌破（观测期内）,2026-07-06,46.84,0.2486,-0.1946,0.9913,0.2713,0.8187,0.0,0.3087
002812,恩捷股份,534.73,True,65.0,66.17,8,7.01,-15.55,-3.42,-1.77,0.0,从未跌破（观测期内）,2026-07-06,44.57,0.6098,0.136,0.6399,0.6203,0.7682,0.0,0.3087
002752,昇兴股份,59.6,True,6.11,6.02,1,1.41,-11.61,-6.46,1.41,0.0,从未跌破（观测期内）,2026-07-06,45.03,-0.387,0.7961,0.3896,0.4,0.7784,0.3507,0.3083
002932,*ST明德,23.12,True,14.81,14.79,3,1.7,-7.62,-4.24,0.14,0.0205,从未跌破（观测期内）,2026-07-06,47.14,-0.4827,-0.0035,0.2587,0.1986,0.8253,0.5689,0.3082
001268,联合精密,27.27,True,28.65,28.05,9,3.86,-11.31,-3.15,2.14,0.1208,从未跌破（观测期内）,2026-07-06,44.08,0.056,2.9774,0.7747,0.4336,0.7572,0.0,0.3082
603738,泰晶科技,199.66,True,51.74,56.31,14,27.67,-11.22,9.86,-8.11,0.2665,从未跌破（观测期内）,2026-07-06,43.81,0.2599,-0.3772,1.0154,0.2051,0.7514,0.0,0.3082
000030,富奥股份,68.34,True,4.09,4.12,1,1.95,-7.79,-4.81,-0.74,0.0,从未跌破（观测期内）,2026-07-06,39.68,0.6474,-0.1385,0.4285,0.5331,0.6596,0.2859,0.3081
002880,卫光生物,50.87,True,22.43,21.67,1,3.52,-12.28,-7.39,3.52,0.0,从未跌破（观测期内）,2026-07-06,48.28,-0.6089,1.074,0.4485,0.4,0.8507,0.2525,0.308
002527,新时达,69.39,True,13.12,13.89,6,14.42,-13.53,-2.21,-5.54,0.0,从未跌破（观测期内）,2026-07-06,44.1,0.8882,-0.2687,0.6899,0.6255,0.7579,0.0,0.3079
000733,振华科技,286.91,True,51.78,55.07,18,20.5,-7.18,5.4,-5.98,0.272,从未跌破（观测期内）,2026-07-06,50.32,0.0469,-0.3715,0.9496,0.0796,0.8961,0.0,0.3079
002980,华盛昌,112.47,True,111.04,115.82,11,20.04,-13.46,1.45,-4.13,0.108,从未跌破（观测期内）,2026-07-06,48.82,0.2124,0.1019,0.9051,0.3682,0.8626,0.0,0.3078
600866,星湖科技,59.77,True,4.76,4.66,2,2.19,-12.46,-5.54,2.19,0.0,从未跌破（观测期内）,2026-07-06,49.5,0.1741,-0.1723,0.3093,0.2356,0.8779,0.4846,0.3072
003028,振邦智能,16.95,True,24.03,23.97,2,2.18,-13.12,-7.86,0.26,0.0,从未跌破（观测期内）,2026-07-06,44.51,0.1803,0.6175,0.4931,0.5082,0.767,0.1782,0.3072
002205,国统股份,20.48,True,11.02,11.03,0,-0.12,-13.25,-9.39,-0.12,0.0,从未跌破（观测期内）,2026-07-06,43.67,-0.3051,0.7777,0.3714,0.4,0.7481,0.381,0.3068
002592,ST八菱,17.52,True,6.67,6.47,2,3.37,-10.47,-5.47,3.16,0.0115,从未跌破（观测期内）,2026-07-06,48.86,-0.1008,0.8832,0.486,0.4,0.8636,0.19,0.3058
000801,四川九洲,122.02,True,12.01,11.92,5,9.66,-10.26,-4.27,0.78,0.0,从未跌破（观测期内）,2026-07-06,47.84,0.4464,0.2053,0.6308,0.5499,0.8409,0.0,0.3057
002959,小熊电器,46.62,True,33.35,33.14,2,0.63,-10.64,-6.32,0.63,0.0,从未跌破（观测期内）,2026-07-06,43.15,-0.3363,0.302,0.2874,0.3208,0.7367,0.5209,0.3057
603197,保隆科技,62.31,True,29.51,28.7,3,5.2,-12.57,-5.79,2.8,0.0,从未跌破（观测期内）,2026-07-06,50.57,0.1338,-0.066,0.3525,0.2539,0.9016,0.4125,0.3057
003007,直真科技,29.43,True,40.55,39.49,4,4.97,-16.66,-6.78,2.69,0.0,从未跌破（观测期内）,2026-07-06,53.17,0.4197,-0.0644,0.5707,0.4261,0.9594,0.0489,0.3057
600111,北方稀土,1710.29,True,47.31,49.02,7,9.2,-7.51,-1.21,-3.48,0.027,从未跌破（观测期内）,2026-07-06,41.04,0.8651,-0.3998,0.5315,0.5592,0.6898,0.1141,0.3057
002406,远东传动,42.4,True,7.04,7.11,0,-0.97,-13.34,-8.28,-0.97,0.0,从未跌破（观测期内）,2026-07-06,39.33,0.7791,-0.675,0.3663,0.4674,0.6517,0.3896,0.3056
002541,鸿路钢构,92.84,True,18.71,17.39,6,7.62,-8.66,-2.85,7.62,0.2146,从未跌破（观测期内）,2026-07-06,63.06,-0.0574,-0.3421,0.4413,0.0632,0.8208,0.2645,0.3055
603216,梦天家居,47.32,True,21.25,21.91,0,-2.01,-13.56,-7.52,-3.0,0.0,从未跌破（观测期内）,2026-07-06,37.65,0.5203,0.0565,0.4043,0.5348,0.6145,0.3261,0.3055
603376,大明电子,8.01,True,25.04,25.81,0,-1.01,-12.86,-6.87,-2.98,0.0,从未跌破（观测期内）,2026-07-06,33.82,0.6819,-0.1828,0.3379,0.5361,0.5292,0.4368,0.3054
605500,森林包装,27.14,True,6.55,6.64,0,-1.37,-23.75,-14.87,-1.37,0.0,从未跌破（观测期内）,2026-07-06,38.33,0.7463,-0.6542,0.3312,0.4478,0.6296,0.4479,0.3051
600335,国机汽车,76.01,True,5.11,5.08,1,0.49,-10.07,-5.41,0.49,0.0,从未跌破（观测期内）,2026-07-06,40.16,-0.5991,0.5069,0.3158,0.4,0.6703,0.4736,0.3051
603187,海容冷链,46.95,True,12.28,12.01,2,2.24,-8.28,-3.64,2.24,0.0705,从未跌破（观测期内）,2026-07-06,45.39,-0.2979,-0.0455,0.3039,0.1818,0.7864,0.4935,0.3049
002671,龙泉股份,21.28,True,3.86,3.93,0,-1.67,-9.17,-6.85,-1.67,0.0,从未跌破（观测期内）,2026-07-06,32.81,0.6206,-0.2679,0.2515,0.4652,0.5069,0.5808,0.3048
603086,先达股份,24.39,True,5.61,5.6,1,0.24,-10.87,-6.51,0.24,0.0,从未跌破（观测期内）,2026-07-06,40.3,-0.5418,0.4756,0.3101,0.3902,0.6733,0.4832,0.3047
002240,盛新锂能,378.22,True,41.43,46.01,9,9.36,-14.36,-2.56,-9.95,0.0,从未跌破（观测期内）,2026-07-06,31.72,0.807,0.371,0.8478,0.8326,0.4827,0.0,0.3047
600966,博汇纸业,69.52,True,5.2,5.19,1,0.13,-12.09,-7.09,0.13,0.0,从未跌破（观测期内）,2026-07-06,46.39,0.0345,1.1628,0.4491,0.4207,0.8086,0.2515,0.3046
603050,科林电气,79.09,True,19.61,19.7,3,6.94,-16.14,-6.89,-0.46,0.0,从未跌破（观测期内）,2026-07-06,45.7,0.75,-0.435,0.4925,0.476,0.7934,0.1791,0.3046
003031,中瓷电子,514.62,True,151.29,165.0,12,29.09,-11.36,5.68,-8.31,0.1251,从未跌破（观测期内）,2026-07-06,50.34,0.4567,-0.4353,0.8888,0.2999,0.8963,0.0,0.3043
603331,百达精工,22.48,True,11.12,11.44,0,-0.66,-12.21,-8.45,-2.84,0.0,从未跌破（观测期内）,2026-07-06,37.69,0.2077,1.6581,0.4018,0.5246,0.6152,0.3304,0.3038
600104,上汽集团,1179.42,True,10.26,10.42,0,-1.54,-12.06,-8.39,-1.54,0.0,从未跌破（观测期内）,2026-07-06,35.2,-0.17,0.7927,0.2339,0.4,0.5599,0.6102,0.3035
603035,常熟汽饰,41.65,True,11.37,11.18,2,1.92,-8.93,-4.92,1.67,0.0202,从未跌破（观测期内）,2026-07-06,44.17,-0.4277,0.1787,0.2976,0.2715,0.7593,0.504,0.3034
603058,永吉股份,36.32,True,8.76,9.36,1,0.22,-12.36,-5.37,-6.43,0.0,从未跌破（观测期内）,2026-07-06,27.72,0.7326,0.3647,0.4877,0.7855,0.3938,0.1872,0.3032
002095,生 意 宝,32.65,True,12.97,13.42,2,3.59,-9.55,-4.44,-3.39,0.0,从未跌破（观测期内）,2026-07-06,41.61,0.425,0.1113,0.4494,0.4995,0.7024,0.251,0.303
601112,振石股份,29.62,True,16.71,17.45,7,6.2,-12.81,-2.72,-4.22,0.0,从未跌破（观测期内）,2026-07-06,41.54,0.774,-0.0693,0.5855,0.6367,0.701,0.0241,0.303
605066,天正电气,34.01,True,6.77,6.82,6,5.07,-13.84,-3.72,-0.71,0.0,从未跌破（观测期内）,2026-07-06,50.61,0.6518,-0.5152,0.5021,0.3911,0.9024,0.1631,0.3027
002553,南方精工,42.68,True,16.66,17.16,2,0.7,-13.43,-7.0,-2.9,0.0,从未跌破（观测期内）,2026-07-06,36.82,0.4724,1.2943,0.5506,0.6834,0.5961,0.0823,0.3024
600854,春兰股份,22.54,True,4.34,4.31,1,0.59,-11.5,-7.24,0.59,0.0,从未跌破（观测期内）,2026-07-06,45.38,-0.2972,0.2863,0.3344,0.3145,0.7862,0.4427,0.3023
603683,晶华新材,84.16,True,29.1,30.92,15,17.99,-9.16,3.18,-5.9,0.1708,从未跌破（观测期内）,2026-07-06,43.04,0.4545,-0.3105,0.608,0.3485,0.7342,0.0,0.3023
600960,渤海汽车,39.73,True,4.18,4.06,2,2.97,-10.51,-5.56,2.97,0.008,从未跌破（观测期内）,2026-07-06,49.67,-0.1825,2.831,0.5102,0.4,0.8816,0.1497,0.302
002252,上海莱士,305.02,True,4.63,4.66,0,-0.71,-11.54,-6.12,-0.71,0.0,从未跌破（观测期内）,2026-07-06,38.79,-0.0112,1.8591,0.3037,0.4,0.6398,0.4939,0.302
000935,四川双马,203.08,True,26.6,25.9,4,2.68,-17.48,-7.09,2.68,0.0,从未跌破（观测期内）,2026-07-06,45.14,0.2361,-0.0597,0.335,0.3178,0.7808,0.4417,0.3019
603822,ST嘉澳,56.2,True,73.15,73.94,8,8.1,-13.04,-2.55,-1.07,0.037,从未跌破（观测期内）,2026-07-06,43.37,0.1162,1.0564,0.5154,0.4697,0.7416,0.1411,0.3017
600582,天地科技,201.14,True,4.86,4.85,7,2.29,-13.32,-4.23,0.13,0.0089,从未跌破（观测期内）,2026-07-06,37.06,0.1225,0.6885,0.3628,0.4735,0.6014,0.3953,0.3015
002335,科华数据,250.3,True,37.94,38.99,7,12.12,-15.51,-2.61,-2.68,0.0,从未跌破（观测期内）,2026-07-06,45.59,0.7804,-0.2391,0.725,0.5726,0.7909,0.0,0.3013
002319,乐通股份,23.48,True,11.21,10.87,5,3.09,-14.4,-4.53,3.09,0.049,从未跌破（观测期内）,2026-07-06,50.97,0.6203,-0.4338,0.6975,0.3987,0.9104,0.0,0.3013
002771,真视通,24.94,True,14.29,14.12,5,8.8,-18.69,-6.41,1.23,0.0,从未跌破（观测期内）,2026-07-06,47.41,0.357,0.3152,0.7286,0.5403,0.8312,0.0,0.3013
600223,福瑞达,55.0,True,5.41,5.34,1,1.22,-10.98,-6.76,1.22,0.0,从未跌破（观测期内）,2026-07-06,41.84,-0.3405,0.3943,0.319,0.3577,0.7076,0.4683,0.3012
603758,秦安股份,45.55,True,10.38,9.88,3,5.11,-13.36,-8.05,5.11,0.0,从未跌破（观测期内）,2026-07-06,49.68,-0.0665,1.6917,0.5008,0.4,0.8817,0.1654,0.3012
002442,龙星科技,25.36,True,5.16,5.28,3,2.97,-18.41,-8.52,-2.33,0.0,从未跌破（观测期内）,2026-07-06,48.92,0.8038,-0.4271,0.7043,0.5115,0.8649,0.0,0.3008
600624,ST复华,27.11,True,3.99,3.72,2,7.14,-15.04,-7.9,7.14,0.0129,从未跌破（观测期内）,2026-07-06,50.97,-0.0098,4.5361,0.5457,0.4,0.9104,0.0905,0.3008
600528,中铁工业,153.73,True,6.92,6.94,0,-0.27,-6.31,-3.88,-0.27,0.0,从未跌破（观测期内）,2026-07-06,38.58,0.2991,-0.0965,0.2462,0.3409,0.6352,0.5897,0.3007
000988,华工科技,1504.46,True,149.7,163.14,15,13.69,-8.24,2.94,-8.24,0.1062,从未跌破（观测期内）,2026-07-06,44.95,0.6856,-0.5206,0.8338,0.4114,0.7766,0.0,0.3006
603899,晨光股份,202.12,True,22.07,21.58,3,2.29,-6.62,-2.36,2.29,0.1218,从未跌破（观测期内）,2026-07-06,45.22,-0.148,-0.3863,0.2646,0.0455,0.7827,0.559,0.3005
603119,浙江荣泰,184.41,True,69.58,70.24,5,6.2,-8.47,-2.15,-0.94,0.0506,从未跌破（观测期内）,2026-07-06,45.04,0.7749,-0.4178,0.6013,0.4978,0.7788,0.0,0.3004
002378,章源钨业,362.96,True,30.37,34.64,17,26.57,-12.34,7.85,-12.34,0.1582,从未跌破（观测期内）,2026-07-06,37.75,0.6367,-0.3196,0.9811,0.4542,0.6167,0.0,0.3002
002162,悦心健康,33.16,True,3.61,3.57,2,2.56,-9.26,-5.16,1.12,0.0,从未跌破（观测期内）,2026-07-06,47.13,0.1682,-0.1434,0.3038,0.2436,0.825,0.4936,0.2999
000768,中航西飞,571.66,True,20.59,20.6,3,5.07,-10.0,-3.3,-0.06,0.0,从未跌破（观测期内）,2026-07-06,41.46,0.4365,0.2801,0.5344,0.5739,0.6991,0.1094,0.2997
002892,科力尔,47.01,True,9.38,9.89,0,-0.06,-14.12,-6.46,-5.16,0.0,从未跌破（观测期内）,2026-07-06,37.27,0.6335,0.2232,0.5561,0.6694,0.6059,0.0731,0.2995
002759,天际股份,117.37,True,23.43,26.32,4,3.02,-20.5,-8.09,-10.99,0.0,从未跌破（观测期内）,2026-07-06,39.31,0.4611,0.5143,0.7248,0.6767,0.6514,0.0,0.2994
603578,三星新材,22.04,True,12.22,12.93,1,2.76,-13.47,-8.15,-5.47,0.0,从未跌破（观测期内）,2026-07-06,43.75,0.3265,0.5715,0.6543,0.5959,0.75,0.0,0.299
603616,韩建河山,22.06,True,5.74,6.28,9,14.42,-10.32,-1.09,-8.67,0.0,从未跌破（观测期内）,2026-07-06,42.13,0.4255,0.4232,0.8611,0.6246,0.7139,0.0,0.2989
002248,华东数控,28.29,True,9.2,9.42,1,0.58,-17.82,-8.42,-2.35,0.0,从未跌破（观测期内）,2026-07-06,42.14,0.0882,0.4767,0.4196,0.4436,0.7142,0.3007,0.2988
600481,双良节能,99.08,True,4.8,4.83,3,5.39,-23.06,-10.66,-0.58,0.0,从未跌破（观测期内）,2026-07-06,46.67,0.562,0.0132,0.6018,0.5425,0.8148,0.0,0.2986
601065,江盐集团,45.51,True,6.96,7.0,0,-0.54,-9.29,-4.87,-0.54,0.0,从未跌破（观测期内）,2026-07-06,36.36,-0.3526,0.4289,0.2462,0.3715,0.5859,0.5897,0.2985
000912,泸天化,53.0,True,3.38,3.47,0,-2.47,-9.44,-6.25,-2.61,0.0,从未跌破（观测期内）,2026-07-06,32.56,0.6195,-0.1725,0.31,0.5027,0.5013,0.4833,0.2984
603308,应流股份,425.83,True,62.71,62.15,6,7.4,-15.31,-4.25,0.9,0.0117,从未跌破（观测期内）,2026-07-06,52.13,0.2774,0.1446,0.6129,0.4243,0.9363,0.0,0.298
600980,北矿科技,35.73,True,18.88,20.15,2,3.1,-9.82,-4.44,-6.29,0.0,从未跌破（观测期内）,2026-07-06,36.47,0.5368,0.0871,0.4366,0.557,0.5881,0.2723,0.2977
603352,至信股份,11.86,True,26.69,27.51,0,-1.7,-11.89,-6.92,-2.97,0.0,从未跌破（观测期内）,2026-07-06,34.04,0.745,-0.4005,0.3264,0.4868,0.5343,0.456,0.297
603160,汇顶科技,266.31,True,57.15,58.37,11,7.15,-16.08,-2.41,-2.08,0.0627,从未跌破（观测期内）,2026-07-06,48.56,0.3596,-0.0451,0.5965,0.3977,0.857,0.0058,0.2968
600433,冠豪高新,57.93,True,3.31,3.36,0,-0.28,-15.54,-10.58,-1.43,0.0,从未跌破（观测期内）,2026-07-06,36.84,0.5062,-0.167,0.3277,0.4369,0.5965,0.4538,0.2966
600436,片仔癀,693.51,True,114.95,114.49,1,0.4,-8.41,-4.8,0.4,0.0,从未跌破（观测期内）,2026-07-06,44.54,-0.3668,0.3529,0.3687,0.3412,0.7674,0.3855,0.2966
603332,苏州龙杰,23.34,True,10.79,10.85,0,-0.37,-11.75,-6.63,-0.52,0.0,从未跌破（观测期内）,2026-07-06,42.59,0.532,-0.5765,0.3123,0.3192,0.7241,0.4795,0.2965
600764,中国海防,132.75,True,18.68,18.64,2,0.23,-10.87,-6.75,0.23,0.0,从未跌破（观测期内）,2026-07-06,41.02,-0.2158,0.9714,0.3666,0.4,0.6893,0.3889,0.2962
002497,雅化集团,237.45,True,22.41,21.86,6,5.21,-15.95,-4.39,2.53,0.0489,从未跌破（观测期内）,2026-07-06,47.72,0.0592,1.061,0.7273,0.4355,0.8383,0.0,0.2961
603273,天元智能,7.93,True,14.15,13.91,3,3.65,-11.96,-6.16,1.7,0.0,从未跌破（观测期内）,2026-07-06,47.91,-0.0797,1.3785,0.4896,0.4,0.8424,0.184,0.2961
600794,保税科技,36.36,True,3.03,3.03,0,-0.03,-7.21,-4.23,-0.03,0.0,从未跌破（观测期内）,2026-07-06,40.98,-0.0244,0.3379,0.3025,0.3352,0.6885,0.4958,0.2959
002480,新筑股份,39.99,True,5.21,5.44,1,2.58,-10.74,-6.25,-4.14,0.0,从未跌破（观测期内）,2026-07-06,32.46,0.7789,-0.6158,0.2846,0.4674,0.499,0.5256,0.2955
002088,鲁阳节能,40.22,True,7.95,8.08,6,4.76,-8.21,-3.46,-1.55,0.0045,从未跌破（观测期内）,2026-07-06,26.32,0.6425,0.478,0.4927,0.7767,0.3626,0.1789,0.2953
002109,ST兴化,34.71,True,2.72,2.61,3,6.77,-12.55,-5.9,4.29,0.0116,从未跌破（观测期内）,2026-07-06,50.49,0.0644,0.1711,0.465,0.3071,0.8997,0.2249,0.2951
002242,九阳股份,62.84,True,8.25,8.3,0,-0.07,-12.94,-6.06,-0.58,0.0,从未跌破（观测期内）,2026-07-06,39.87,0.5156,-0.4418,0.2837,0.3327,0.6639,0.5272,0.295
002641,公元股份,44.68,True,3.94,4.08,9,4.94,-9.42,-1.93,-3.35,0.0455,从未跌破（观测期内）,2026-07-06,34.34,0.738,-0.5413,0.3684,0.4428,0.541,0.386,0.295
601568,北元化工,139.82,True,3.52,3.61,3,4.33,-7.01,-2.34,-2.47,0.0,从未跌破（观测期内）,2026-07-06,30.67,0.6236,-0.1779,0.2903,0.503,0.4593,0.5161,0.295
002614,奥佳华,20.52,True,4.65,4.69,0,-0.75,-9.13,-5.55,-0.75,0.0,从未跌破（观测期内）,2026-07-06,39.53,0.0727,0.1682,0.2564,0.3109,0.6563,0.5726,0.2949
002099,海翔药业,87.63,True,5.42,5.29,4,3.26,-8.83,-2.92,2.47,0.101,从未跌破（观测期内）,2026-07-06,50.27,0.1045,-0.3249,0.4307,0.1327,0.895,0.2822,0.2949
603810,丰山集团,19.38,True,11.72,11.92,0,-1.67,-11.93,-7.75,-1.67,0.0,从未跌破（观测期内）,2026-07-06,37.05,-0.16,0.4246,0.2716,0.3698,0.6012,0.5473,0.2948
002112,三变科技,41.78,True,15.94,16.91,2,3.46,-12.96,-5.63,-5.73,0.0,从未跌破（观测期内）,2026-07-06,38.3,0.5496,0.0438,0.4724,0.5473,0.6289,0.2127,0.2945
002067,景兴纸业,56.05,True,4.19,4.05,2,3.38,-16.19,-10.17,3.38,0.0,从未跌破（观测期内）,2026-07-06,47.5,0.0682,1.4881,0.5294,0.4409,0.8333,0.1176,0.2945
601179,中国西电,718.65,True,14.02,14.87,6,7.96,-16.2,-4.67,-5.73,0.0,从未跌破（观测期内）,2026-07-06,45.06,0.6889,-0.1464,0.8036,0.5547,0.7791,0.0,0.2945
002073,软控股份,54.55,True,5.38,5.37,2,0.97,-7.51,-4.29,0.15,0.0082,从未跌破（观测期内）,2026-07-06,42.34,0.2749,-0.2084,0.2925,0.2816,0.7187,0.5125,0.2943
002540,亚太科技,41.97,True,4.89,4.9,0,-0.27,-9.48,-5.71,-0.27,0.0,从未跌破（观测期内）,2026-07-06,36.36,-0.3528,0.6011,0.292,0.4,0.5859,0.5133,0.2942
603169,兰石重装,85.17,True,6.52,7.38,4,7.5,-11.59,-5.63,-11.59,0.0,从未跌破（观测期内）,2026-07-06,39.61,0.579,0.257,0.655,0.6502,0.6581,0.0,0.2942
003025,思进智能,32.58,True,14.39,15.46,12,13.85,-11.8,0.72,-6.92,0.0361,从未跌破（观测期内）,2026-07-06,32.51,0.7635,0.0219,0.5479,0.6669,0.5002,0.0869,0.2942
000702,正虹科技,14.16,True,5.31,5.33,0,-0.38,-11.69,-8.5,-0.38,0.0,从未跌破（观测期内）,2026-07-06,44.53,-0.5393,0.3006,0.3577,0.3202,0.7672,0.4038,0.2941
002388,新亚制程,26.02,True,5.14,5.32,4,3.52,-9.32,-2.4,-3.37,0.0,从未跌破（观测期内）,2026-07-06,49.13,0.3814,-0.0681,0.5209,0.4016,0.8696,0.1319,0.2941
601567,三星电气,202.63,True,14.42,14.84,1,4.45,-15.19,-6.02,-2.81,0.0,从未跌破（观测期内）,2026-07-06,41.81,0.5297,0.0669,0.534,0.5446,0.7068,0.11,0.294
002324,普利特,88.81,True,11.44,12.3,8,5.36,-13.57,-2.82,-7.01,0.0,从未跌破（观测期内）,2026-07-06,29.76,0.5956,0.3668,0.4797,0.7041,0.4392,0.2006,0.2939
603090,宏盛股份,54.8,True,54.8,56.66,2,0.93,-14.7,-7.24,-3.29,0.0,从未跌破（观测期内）,2026-07-06,41.59,0.3561,0.8002,0.6513,0.6136,0.7019,0.0,0.2938
002827,高争民爆,67.34,True,24.4,25.38,1,0.99,-12.81,-7.05,-3.86,0.0,从未跌破（观测期内）,2026-07-06,40.49,0.4491,0.0694,0.464,0.4972,0.6776,0.2267,0.2938
000695,滨海能源,27.37,True,12.34,13.08,1,0.41,-14.25,-7.18,-5.64,0.0,从未跌破（观测期内）,2026-07-06,42.76,0.8457,-0.4473,0.5362,0.5285,0.728,0.1063,0.2937
605128,上海沿浦,73.76,True,23.49,24.52,13,10.01,-4.21,2.79,-4.21,0.18,从未跌破（观测期内）,2026-07-06,41.18,0.2882,-0.5372,0.441,0.1729,0.6928,0.265,0.2935
002895,川恒股份,189.22,True,31.56,30.78,2,2.94,-9.94,-3.95,2.52,0.0365,从未跌破（观测期内）,2026-07-06,46.41,0.4173,0.0445,0.6589,0.4682,0.809,0.0,0.2935
600081,东风科技,53.04,True,9.59,9.81,0,-1.14,-11.19,-7.5,-2.26,0.0,从未跌破（观测期内）,2026-07-06,37.99,0.3166,0.1012,0.3545,0.4304,0.6221,0.4092,0.2934
600545,卓郎智能,106.02,True,5.93,6.57,8,20.23,-17.77,-1.14,-9.78,0.0,从未跌破（观测期内）,2026-07-06,49.6,0.7026,-0.3807,1.1551,0.4693,0.8799,0.0,0.2933
000839,国安股份,98.0,True,2.5,2.68,2,2.87,-14.5,-6.99,-6.68,0.0,从未跌破（观测期内）,2026-07-06,42.86,0.5693,0.0485,0.5724,0.561,0.7302,0.0459,0.2932
603275,众辰科技,16.72,True,40.26,40.15,3,3.55,-13.82,-6.13,0.27,0.0,从未跌破（观测期内）,2026-07-06,48.63,0.4046,-0.2032,0.4753,0.3615,0.8584,0.2078,0.2932
600078,澄星股份,85.27,True,12.87,13.59,12,15.09,-11.65,0.56,-5.3,0.0724,从未跌破（观测期内）,2026-07-06,45.32,0.3564,0.0362,0.7334,0.4283,0.7849,0.0,0.293
000612,焦作万方,126.02,True,10.57,11.01,5,5.94,-11.97,-3.68,-3.97,0.0,从未跌破（观测期内）,2026-07-06,39.24,0.8493,-0.1451,0.6692,0.6516,0.6498,0.0,0.2928
600239,ST云城,23.28,True,1.45,1.37,3,5.69,-12.95,-4.69,5.69,0.0889,从未跌破（观测期内）,2026-07-06,53.33,-0.0405,-0.2694,0.4341,0.0922,0.963,0.2765,0.2927
603168,莎普爱思,18.74,True,5.03,5.12,0,-1.26,-11.17,-7.72,-1.68,0.0,从未跌破（观测期内）,2026-07-06,41.61,-0.6944,0.5639,0.3917,0.4,0.7025,0.3472,0.2926
600210,紫江企业,96.01,True,6.33,6.44,3,1.65,-4.56,-2.02,-1.65,0.0471,从未跌破（观测期内）,2026-07-06,28.77,0.1247,0.2582,0.2166,0.3781,0.417,0.639,0.2926
603500,祥和实业,34.89,True,10.49,12.42,15,27.12,-15.54,7.55,-15.54,0.0387,从未跌破（观测期内）,2026-07-06,29.49,0.6129,0.4828,0.7783,0.7608,0.4331,0.0,0.2923
002176,江特电机,168.34,True,9.88,10.73,1,0.62,-14.75,-6.88,-7.91,0.0,从未跌破（观测期内）,2026-07-06,32.04,0.6248,0.2534,0.4997,0.6762,0.4898,0.1671,0.2921
002217,ST合力泰,138.31,True,1.9,2.22,2,4.07,-26.67,-12.44,-14.45,0.0,从未跌破（观测期内）,2026-07-06,36.77,0.4865,0.646,0.7898,0.6919,0.595,0.0,0.292
600130,波导股份,31.43,True,4.19,4.6,1,3.61,-14.36,-7.29,-8.82,0.0,从未跌破（观测期内）,2026-07-06,37.43,0.775,-0.3828,0.4318,0.5119,0.6095,0.2803,0.2919
603036,如通股份,28.84,True,14.0,14.68,13,12.22,-8.39,1.78,-4.63,0.1356,从未跌破（观测期内）,2026-07-06,45.38,0.059,0.2148,0.7074,0.3213,0.7861,0.0,0.2918
002439,启明星辰,92.17,True,12.65,13.0,0,-0.49,-12.66,-6.42,-2.67,0.0,从未跌破（观测期内）,2026-07-06,48.91,0.0634,-0.0033,0.3626,0.2367,0.8647,0.3956,0.2915
603277,银都股份,66.22,True,10.86,10.53,2,3.15,-11.27,-5.89,3.15,0.0096,从未跌破（观测期内）,2026-07-06,51.68,-0.3449,-0.1462,0.3326,0.1415,0.9262,0.4457,0.2913
603059,倍加洁,26.0,True,25.88,25.66,2,0.87,-11.58,-5.3,0.87,0.0,从未跌破（观测期内）,2026-07-06,45.39,0.3757,-0.3538,0.3491,0.2839,0.7864,0.4182,0.291
002651,利君股份,43.43,True,7.68,7.76,1,1.69,-9.66,-4.88,-1.09,0.0,从未跌破（观测期内）,2026-07-06,37.7,0.0082,0.6347,0.334,0.4049,0.6157,0.4433,0.2909
600435,北方导航,168.48,True,11.14,11.61,2,0.46,-10.78,-4.16,-4.08,0.0,从未跌破（观测期内）,2026-07-06,31.68,0.5845,0.0541,0.3943,0.5723,0.4817,0.3428,0.2908
001333,光华股份,25.69,True,20.07,19.74,2,1.69,-12.87,-8.48,1.69,0.0,从未跌破（观测期内）,2026-07-06,45.18,0.2195,-0.0289,0.3826,0.3201,0.7817,0.3623,0.2907
000546,金圆股份,34.49,True,4.95,5.13,2,3.52,-17.0,-6.53,-3.59,0.0,从未跌破（观测期内）,2026-07-06,38.31,0.5701,0.2005,0.5633,0.6223,0.6291,0.0612,0.2906
603657,春光科技,35.62,True,26.35,24.55,6,13.32,-18.24,-5.96,7.33,0.1297,从未跌破（观测期内）,2026-07-06,65.95,-0.0335,0.373,0.8123,0.3492,0.7566,0.0,0.2905
002551,尚荣医疗,17.66,True,2.89,2.85,2,1.37,-9.13,-5.85,1.37,0.0,从未跌破（观测期内）,2026-07-06,48.65,-0.367,0.0657,0.3516,0.2263,0.8589,0.414,0.2904
000423,东阿阿胶,303.64,True,47.54,47.0,4,2.48,-9.28,-2.87,1.16,0.0591,从未跌破（观测期内）,2026-07-06,42.83,-0.0132,0.0093,0.3212,0.2037,0.7296,0.4646,0.2902
603021,*ST华鹏,22.91,True,7.16,6.63,7,12.25,-17.83,-3.05,7.96,0.2342,从未跌破（观测期内）,2026-07-06,60.12,-0.2584,-0.309,0.6459,0.0764,0.8863,0.0,0.2901
600810,神马股份,66.47,True,6.15,6.47,11,10.81,-13.62,0.69,-4.88,0.0703,从未跌破（观测期内）,2026-07-06,45.05,0.2323,-0.1211,0.4675,0.291,0.779,0.2208,0.2898
003042,中农联合,15.81,True,12.82,13.1,0,-2.12,-12.03,-8.32,-2.12,0.0,从未跌破（观测期内）,2026-07-06,38.99,0.6103,-0.6626,0.3222,0.3662,0.6442,0.4629,0.2898
600587,新华医疗,75.28,True,12.41,12.23,2,1.5,-8.0,-3.76,1.5,0.0517,从未跌破（观测期内）,2026-07-06,47.06,-0.3816,-0.1177,0.3366,0.1529,0.8235,0.439,0.2895
001216,华瓷股份,34.4,True,14.01,15.57,4,13.48,-11.06,-2.76,-10.01,0.0,从未跌破（观测期内）,2026-07-06,40.77,0.6518,0.049,0.6555,0.6107,0.6837,0.0,0.2894
600936,北投科技,76.87,True,4.6,4.73,2,10.47,-17.61,-9.27,-2.66,0.0,从未跌破（观测期内）,2026-07-06,37.3,0.9237,-0.7372,0.4821,0.5542,0.6067,0.1965,0.2894
605277,新亚电子,66.85,True,17.51,18.18,6,5.98,-11.13,-2.61,-3.67,0.0,从未跌破（观测期内）,2026-07-06,46.97,0.8325,-0.6236,0.6271,0.4995,0.8216,0.0,0.2892
600983,惠而浦,57.33,True,7.48,7.53,3,3.0,-11.02,-4.56,-0.6,0.0,从未跌破（观测期内）,2026-07-06,37.17,0.4131,0.2092,0.4584,0.5315,0.6039,0.236,0.2891
600850,电科数字,120.23,True,14.73,15.38,0,-3.55,-16.04,-9.3,-4.25,0.0,从未跌破（观测期内）,2026-07-06,40.64,0.7553,-0.8142,0.4419,0.4532,0.6809,0.2635,0.289
002276,万马股份,104.33,True,10.36,10.7,0,-0.34,-12.7,-7.16,-3.13,0.0,从未跌破（观测期内）,2026-07-06,38.94,0.1446,0.8225,0.4458,0.4867,0.6431,0.257,0.2889
000778,新兴铸管,149.9,True,3.85,3.95,0,-1.46,-9.8,-4.84,-2.45,0.0,从未跌破（观测期内）,2026-07-06,33.8,0.2276,0.2134,0.2906,0.4219,0.529,0.5157,0.2886
601011,宝泰隆,52.3,True,2.73,2.81,5,11.94,-10.3,-2.26,-2.93,0.0,从未跌破（观测期内）,2026-07-06,43.94,0.9175,-0.6575,0.6532,0.5505,0.7542,0.0,0.2885
600633,浙数文化,131.5,True,10.37,10.68,0,-2.87,-11.41,-7.29,-2.87,0.0,从未跌破（观测期内）,2026-07-06,37.87,0.4334,0.0337,0.4149,0.4735,0.6194,0.3085,0.2885
600195,中牧股份,64.64,True,6.28,6.3,1,0.48,-8.94,-4.09,-0.24,0.0,从未跌破（观测期内）,2026-07-06,36.9,-0.5612,0.905,0.3255,0.4,0.5979,0.4575,0.2882
603221,爱丽家居,28.54,True,11.78,11.26,3,4.61,-15.26,-6.4,4.61,0.0031,从未跌破（观测期内）,2026-07-06,44.52,0.1561,1.4473,0.5608,0.4937,0.7671,0.0653,0.2879
000559,万向钱潮,434.84,True,13.12,13.51,1,4.51,-16.83,-8.23,-2.88,0.0,从未跌破（观测期内）,2026-07-06,41.56,0.2803,0.6969,0.5782,0.5682,0.7014,0.0363,0.2878
002873,新天药业,18.84,True,7.86,7.82,2,0.69,-10.96,-6.74,0.51,0.0,从未跌破（观测期内）,2026-07-06,46.9,-0.2451,0.1363,0.3594,0.2545,0.8201,0.4011,0.2878
600881,亚泰集团,48.81,True,1.51,1.6,11,15.05,-6.09,1.65,-5.89,0.0689,从未跌破（观测期内）,2026-07-06,35.0,0.8651,-0.3076,0.7056,0.596,0.5556,0.0,0.2877
002361,神剑股份,103.47,True,12.79,15.39,4,11.65,-16.91,-5.9,-16.91,0.0,从未跌破（观测期内）,2026-07-06,24.01,0.832,0.5601,0.8363,0.8992,0.3113,0.0,0.2871
603289,泰瑞机器,24.12,True,8.22,8.72,0,-3.34,-14.72,-11.19,-5.7,0.0,从未跌破（观测期内）,2026-07-06,34.72,0.7314,-0.4098,0.3668,0.4749,0.5493,0.3887,0.2869
603385,惠达卫浴,19.68,True,5.17,5.21,0,-0.79,-10.17,-6.88,-0.79,0.0,从未跌破（观测期内）,2026-07-06,41.59,-0.6575,0.2931,0.3322,0.3172,0.7021,0.4463,0.2867
600973,宝胜股份,86.67,True,6.32,6.74,5,8.56,-10.48,-2.46,-6.23,0.0,从未跌破（观测期内）,2026-07-06,45.14,0.6694,-0.1986,0.6201,0.5222,0.7808,0.0,0.2867
605005,合兴股份,63.32,True,15.79,15.93,3,2.42,-10.2,-3.78,-0.91,0.0,从未跌破（观测期内）,2026-07-06,43.2,0.3773,-0.5715,0.2701,0.2264,0.7378,0.5498,0.2866
603577,汇金通,32.76,True,9.66,9.34,5,5.43,-11.96,-6.37,3.38,0.0049,从未跌破（观测期内）,2026-07-06,49.35,0.3788,-0.1921,0.5119,0.3505,0.8746,0.1469,0.2865
603799,华友钴业,885.48,True,46.91,49.49,2,5.33,-16.69,-5.77,-5.22,0.0,从未跌破（观测期内）,2026-07-06,35.22,0.5404,0.4315,0.6057,0.6969,0.5604,0.0,0.2863
603798,康普顿,37.83,True,14.75,14.96,2,1.36,-11.72,-5.28,-1.39,0.0,从未跌破（观测期内）,2026-07-06,39.71,0.3882,0.4586,0.6238,0.6164,0.6602,0.0,0.2861
600037,歌华有线,89.07,True,6.4,6.5,0,-1.57,-11.35,-6.24,-1.57,0.0,从未跌破（观测期内）,2026-07-06,37.62,0.311,-0.2329,0.2402,0.2934,0.6139,0.5997,0.2861
000880,潍柴重机,54.6,True,24.05,24.35,0,-1.24,-20.29,-11.44,-1.24,0.0,从未跌破（观测期内）,2026-07-06,43.16,0.4112,0.1245,0.5422,0.4965,0.7368,0.0963,0.2859
603278,大业股份,37.25,True,10.9,11.95,2,0.5,-14.7,-7.2,-8.8,0.0,从未跌破（观测期内）,2026-07-06,34.77,0.7258,0.1696,0.8241,0.7033,0.5504,0.0,0.2859
002599,盛通股份,21.85,True,5.49,5.55,0,-0.11,-14.26,-8.47,-1.07,0.0,从未跌破（观测期内）,2026-07-06,40.13,-0.2501,0.6202,0.393,0.4,0.6696,0.345,0.2857
600148,长春一东,21.71,True,15.34,15.64,0,-1.19,-11.25,-6.62,-1.92,0.0,从未跌破（观测期内）,2026-07-06,37.82,0.3498,-0.0273,0.3507,0.399,0.6183,0.4155,0.2857
600740,山西焦化,87.62,True,3.42,3.49,3,6.46,-13.03,-5.56,-1.94,0.0,从未跌破（观测期内）,2026-07-06,33.65,0.8685,-0.4403,0.4236,0.545,0.5256,0.294,0.2855
603015,弘讯科技,45.96,True,11.37,12.35,13,7.32,-7.95,0.48,-7.95,0.0537,从未跌破（观测期内）,2026-07-06,39.04,0.4801,0.1259,0.5991,0.5384,0.6452,0.0015,0.2854
003036,泰坦股份,176.31,True,81.4,89.49,19,45.07,-9.04,19.98,-9.04,0.3263,从未跌破（观测期内）,2026-07-06,43.53,0.0383,-0.5145,1.0172,0.023,0.745,0.0,0.2853
603151,邦基科技,20.11,True,11.74,11.84,0,-0.81,-13.86,-7.94,-0.81,0.0,从未跌破（观测期内）,2026-07-06,41.59,-0.3749,0.3336,0.3539,0.3334,0.7019,0.4102,0.2853
605099,共创草坪,133.33,True,33.21,33.95,0,-2.17,-14.61,-10.64,-2.17,0.0,从未跌破（观测期内）,2026-07-06,37.31,0.7186,-0.3628,0.4307,0.4861,0.6068,0.2821,0.2852
002962,五方光电,33.93,True,16.22,18.86,9,13.58,-14.02,-1.31,-14.02,0.0,从未跌破（观测期内）,2026-07-06,46.11,0.763,-0.3977,1.0289,0.4987,0.8024,0.0,0.2852
002997,瑞鹄模具,61.54,True,29.4,29.0,7,6.05,-15.34,-3.73,1.38,0.0527,从未跌破（观测期内）,2026-07-06,47.09,0.3243,0.0048,0.609,0.3965,0.8243,0.0,0.2851
002879,长缆科技,19.25,True,14.04,14.1,0,-0.45,-11.87,-7.68,-0.45,0.0,从未跌破（观测期内）,2026-07-06,36.82,-0.1854,1.3142,0.3367,0.4,0.5961,0.4388,0.285
002722,物产金轮,27.97,True,12.58,12.49,1,0.69,-10.03,-6.31,0.69,0.0,从未跌破（观测期内）,2026-07-06,43.44,-0.5423,0.0328,0.2683,0.2131,0.7432,0.5528,0.2848
603966,法兰泰克,45.27,True,8.71,8.83,2,5.58,-10.53,-4.3,-1.36,0.0,从未跌破（观测期内）,2026-07-06,40.65,0.3738,0.0563,0.4527,0.4468,0.681,0.2455,0.2847
605378,野马电池,36.35,True,13.91,15.39,4,10.28,-13.26,-6.1,-9.59,0.0,从未跌破（观测期内）,2026-07-06,36.86,0.6109,0.1575,0.5687,0.6295,0.5968,0.0522,0.2846
002203,海亮股份,449.95,True,20.34,22.53,12,23.75,-12.85,4.6,-9.72,0.0629,从未跌破（观测期内）,2026-07-06,35.27,0.7498,-0.1538,0.9454,0.5883,0.5617,0.0,0.2846
002074,国轩高科,464.44,True,26.75,28.57,0,-1.3,-15.58,-8.27,-6.38,0.0,从未跌破（观测期内）,2026-07-06,34.52,0.4544,0.1277,0.4217,0.5237,0.545,0.2972,0.2845
002987,京北方,98.28,True,9.71,10.89,2,2.46,-14.36,-6.42,-10.82,0.0,从未跌破（观测期内）,2026-07-06,20.91,0.7449,0.2088,0.3879,0.7305,0.2424,0.3536,0.2841
605033,美邦股份,24.48,True,18.11,18.05,1,0.32,-11.34,-7.13,0.32,0.0,从未跌破（观测期内）,2026-07-06,41.97,-0.2561,0.1869,0.3071,0.2748,0.7105,0.4881,0.284
002688,金河生物,38.05,True,5.09,4.93,2,3.18,-9.67,-5.09,3.18,0.0308,从未跌破（观测期内）,2026-07-06,52.0,-0.1255,-0.171,0.3917,0.1316,0.9333,0.3472,0.284
600050,中国联通,1273.71,True,4.11,4.19,0,-0.79,-5.46,-3.1,-1.82,0.0,从未跌破（观测期内）,2026-07-06,29.82,0.3783,-0.1966,0.1646,0.3483,0.4405,0.7256,0.284
002594,比亚迪,3052.18,True,87.54,86.34,2,2.15,-12.87,-5.22,1.39,0.0,从未跌破（观测期内）,2026-07-06,43.48,-0.5212,0.3115,0.3836,0.3246,0.7439,0.3607,0.284
601677,明泰铝业,202.41,True,16.28,16.6,1,3.41,-9.24,-5.36,-1.92,0.0,从未跌破（观测期内）,2026-07-06,43.58,0.3858,-0.0932,0.4575,0.3942,0.7462,0.2376,0.2834
600273,嘉化能源,89.96,True,6.86,6.85,1,0.21,-6.11,-4.09,0.21,0.0198,从未跌破（观测期内）,2026-07-06,40.76,-0.2163,0.1129,0.2905,0.2452,0.6837,0.5158,0.2833
600255,鑫科材料,59.06,True,3.27,4.01,13,28.56,-18.71,0.74,-18.42,0.0,从未跌破（观测期内）,2026-07-06,24.24,0.7994,1.3922,0.7118,0.8797,0.3165,0.0,0.2832
603617,君禾股份,25.79,True,6.67,7.24,7,5.28,-7.83,-1.5,-7.83,0.0,从未跌破（观测期内）,2026-07-06,29.74,0.341,0.7007,0.4235,0.6046,0.4387,0.2942,0.283
600468,百利电气,59.61,True,5.48,5.78,2,2.79,-15.06,-7.51,-5.15,0.0,从未跌破（观测期内）,2026-07-06,42.02,0.2166,0.5696,0.5676,0.53,0.7115,0.0539,0.2829
600261,阳光照明,40.32,True,3.02,3.16,2,1.42,-4.46,-2.08,-4.46,0.0,从未跌破（观测期内）,2026-07-06,38.27,0.5822,-0.5727,0.3212,0.3493,0.6283,0.4646,0.2827
002566,益盛药业,14.65,True,6.32,6.48,0,-0.96,-10.35,-6.28,-2.52,0.0,从未跌破（观测期内）,2026-07-06,38.39,-0.4029,0.8179,0.374,0.4,0.6309,0.3767,0.2827
603551,奥普科技,36.32,True,9.56,9.39,2,1.79,-11.19,-5.61,1.79,0.0,从未跌破（观测期内）,2026-07-06,45.32,0.1263,-0.2106,0.2886,0.1916,0.7849,0.519,0.2827
600268,国电南自,116.48,True,11.47,11.93,0,-1.23,-15.17,-6.84,-3.88,0.0,从未跌破（观测期内）,2026-07-06,30.2,0.6092,-0.1057,0.352,0.5232,0.4488,0.4133,0.2826
002872,ST天圣,10.92,True,5.08,4.89,2,3.81,-11.15,-5.21,3.81,0.0342,从未跌破（观测期内）,2026-07-06,46.53,0.0954,-0.1783,0.3599,0.1859,0.8117,0.4001,0.2825
605255,天普股份,102.99,True,76.81,76.12,2,2.62,-18.75,-9.61,0.91,0.0,从未跌破（观测期内）,2026-07-06,51.01,-0.274,1.2361,0.8596,0.4,0.9114,0.0,0.2823
603115,海星股份,248.25,True,102.63,108.92,14,23.15,-11.62,4.92,-5.77,0.2013,从未跌破（观测期内）,2026-07-06,52.26,0.0903,-0.6302,1.0684,0.0542,0.939,0.0,0.2819
002111,威海广泰,45.45,True,9.3,9.34,1,0.19,-10.87,-6.22,-0.39,0.0,从未跌破（观测期内）,2026-07-06,39.53,-0.366,0.2705,0.3057,0.3082,0.6563,0.4905,0.2819
603191,望变电气,51.54,True,15.62,16.52,0,-3.36,-21.87,-11.09,-5.47,0.0,从未跌破（观测期内）,2026-07-06,41.91,0.8708,-0.5248,0.5627,0.5225,0.7092,0.0621,0.2818
002666,德联集团,20.23,True,4.04,4.18,0,-3.2,-9.49,-6.11,-3.36,0.0,从未跌破（观测期内）,2026-07-06,28.4,0.2995,0.2928,0.2978,0.4968,0.4088,0.5036,0.2815
002539,云图控股,99.83,True,11.22,11.76,5,4.37,-11.69,-3.76,-4.6,0.0,从未跌破（观测期内）,2026-07-06,38.22,0.4838,0.1904,0.5427,0.5664,0.627,0.0955,0.2813
002030,达安基因,72.56,True,5.17,5.32,0,-2.71,-17.02,-10.23,-2.81,0.0,从未跌破（观测期内）,2026-07-06,42.14,0.6446,-0.6626,0.4339,0.3868,0.7142,0.2768,0.281
002694,*ST顾地,15.6,True,2.17,2.24,1,2.42,-12.41,-5.71,-3.06,0.0,从未跌破（观测期内）,2026-07-06,41.49,0.3172,0.2415,0.523,0.4869,0.6998,0.1284,0.2809
002633,申科股份,23.62,True,15.8,16.09,0,-1.59,-11.47,-6.64,-1.8,0.0,从未跌破（观测期内）,2026-07-06,35.77,0.2827,0.0059,0.3064,0.372,0.5727,0.4893,0.2809
605488,福莱新材,90.13,True,32.66,32.52,5,6.92,-19.8,-6.19,0.45,0.0,从未跌破（观测期内）,2026-07-06,44.59,0.1799,1.9392,0.908,0.5079,0.7686,0.0,0.2807
000338,潍柴动力,1464.67,True,29.57,28.71,1,2.98,-15.73,-7.32,2.98,0.0,从未跌破（观测期内）,2026-07-06,50.6,-0.2706,0.5126,0.6776,0.4,0.9023,0.0,0.2805
002425,凯撒文化,24.85,True,2.7,2.77,0,-0.57,-12.79,-7.08,-2.58,0.0,从未跌破（观测期内）,2026-07-06,39.19,0.1783,0.0421,0.3208,0.3238,0.6486,0.4653,0.2805
002383,合众思壮,51.53,True,6.96,7.09,1,1.03,-11.24,-7.28,-1.87,0.0,从未跌破（观测期内）,2026-07-06,39.11,-0.1436,0.8506,0.3957,0.4,0.6469,0.3405,0.2804
605018,长华集团,67.36,True,14.33,15.08,8,34.26,-13.95,1.76,-4.97,0.047,从未跌破（观测期内）,2026-07-06,43.06,0.7016,-0.408,0.7991,0.4578,0.7347,0.0,0.2802
600875,东方电气,673.8,True,29.77,30.27,0,-0.18,-15.65,-8.1,-1.65,0.0,从未跌破（观测期内）,2026-07-06,42.87,0.1809,0.3916,0.5299,0.4652,0.7305,0.1168,0.2799
603165,荣晟环保,44.88,True,14.35,14.42,1,1.51,-14.56,-6.3,-0.48,0.0,从未跌破（观测期内）,2026-07-06,40.07,0.2417,0.6686,0.5621,0.545,0.6683,0.0631,0.2794
601700,风范股份,51.02,True,4.48,4.65,0,-1.74,-12.29,-7.63,-3.75,0.0,从未跌破（观测期内）,2026-07-06,37.66,0.2445,0.2413,0.4172,0.4432,0.6147,0.3047,0.2794
002063,远光软件,90.76,True,5.13,5.23,0,-1.78,-13.58,-7.46,-1.87,0.0,从未跌破（观测期内）,2026-07-06,36.56,0.4535,-0.3497,0.2871,0.3322,0.5902,0.5216,0.2793
600478,科力远,83.61,True,5.02,5.42,2,1.88,-13.63,-7.44,-7.29,0.0,从未跌破（观测期内）,2026-07-06,35.55,0.6661,-0.1295,0.4857,0.5478,0.5677,0.1905,0.2791
605199,ST葫芦娃,24.09,True,6.02,5.94,2,1.35,-14.96,-6.87,1.35,0.0,从未跌破（观测期内）,2026-07-06,42.11,-0.1989,1.5365,0.4557,0.4,0.7135,0.2405,0.2788
001278,一彬科技,13.42,True,15.73,16.5,0,-2.47,-15.46,-9.07,-4.67,0.0,从未跌破（观测期内）,2026-07-06,37.97,0.6739,-0.5586,0.387,0.4044,0.6217,0.3551,0.2787
600789,鲁抗医药,70.72,True,7.0,7.09,1,2.25,-10.23,-5.43,-1.2,0.0,从未跌破（观测期内）,2026-07-06,45.85,-0.3018,1.2242,0.5231,0.4,0.7967,0.1282,0.2786
600356,恒丰纸业,24.41,True,8.17,7.99,1,2.23,-8.88,-5.79,2.23,0.0,从未跌破（观测期内）,2026-07-06,45.12,-0.2447,-0.0123,0.3049,0.1951,0.7804,0.4918,0.2786
002906,华阳集团,134.3,True,25.6,26.21,3,1.73,-15.66,-6.99,-2.32,0.0,从未跌破（观测期内）,2026-07-06,47.75,0.4367,-0.0493,0.619,0.4423,0.839,0.0,0.2784
002868,绿康生化,28.12,True,26.28,24.87,2,5.66,-19.97,-11.36,5.66,0.0,从未跌破（观测期内）,2026-07-06,50.04,-0.0598,1.1936,0.6498,0.4,0.8899,0.0,0.278
603348,文灿股份,44.09,True,14.02,14.34,0,-1.76,-12.44,-8.07,-2.23,0.0,从未跌破（观测期内）,2026-07-06,35.53,-0.1985,0.5432,0.342,0.4,0.5673,0.43,0.278
002615,哈尔斯,22.57,True,7.47,7.24,3,7.01,-16.95,-5.74,3.18,0.0,从未跌破（观测期内）,2026-07-06,49.85,0.0051,1.485,0.6265,0.4031,0.8856,0.0,0.2779
002011,盾安环境,115.82,True,10.93,10.66,3,2.5,-12.17,-6.79,2.5,0.0,从未跌破（观测期内）,2026-07-06,45.38,0.108,0.0251,0.3924,0.2748,0.7863,0.346,0.2779
600184,光电股份,138.16,True,23.71,27.52,14,16.97,-13.86,2.36,-13.86,0.0,从未跌破（观测期内）,2026-07-06,42.62,0.5906,-0.0592,0.9871,0.5307,0.725,0.0,0.2777
600527,江南高纤,37.06,True,2.14,2.26,0,-1.9,-12.2,-6.91,-5.14,0.0,从未跌破（观测期内）,2026-07-06,33.87,0.714,-0.4367,0.3675,0.4537,0.5305,0.3874,0.2776
600486,扬农化工,215.15,True,53.24,53.7,0,-0.26,-8.98,-4.76,-0.85,0.0,从未跌破（观测期内）,2026-07-06,39.9,-0.0554,0.9521,0.424,0.4,0.6645,0.2934,0.2769
600362,江西铜业,870.36,True,41.94,44.93,7,20.82,-10.16,-0.43,-6.66,0.0,从未跌破（观测期内）,2026-07-06,40.67,0.8565,-0.3822,0.8816,0.561,0.6817,0.0,0.2766
600807,济高发展,18.65,True,2.37,2.48,0,-1.46,-11.4,-7.01,-4.53,0.0,从未跌破（观测期内）,2026-07-06,39.74,0.5295,-0.2848,0.4263,0.4038,0.661,0.2895,0.2766
600989,宝丰能源,1549.54,True,21.13,21.74,0,-2.82,-11.7,-8.14,-2.82,0.0,从未跌破（观测期内）,2026-07-06,39.07,0.222,0.0424,0.3604,0.3501,0.6459,0.3994,0.2766
601008,连云港,53.22,True,4.29,4.29,3,1.21,-8.57,-3.62,0.03,0.0231,从未跌破（观测期内）,2026-07-06,32.97,0.6565,-0.5035,0.333,0.3939,0.5104,0.445,0.2765
603109,神驰机电,36.49,True,17.47,17.74,2,3.38,-13.38,-6.91,-1.52,0.0,从未跌破（观测期内）,2026-07-06,38.91,0.7309,-0.5722,0.4467,0.4385,0.6425,0.2555,0.2765
002849,威星智能,34.71,True,15.86,16.65,8,8.09,-8.09,-1.41,-4.76,0.0,从未跌破（观测期内）,2026-07-06,32.73,0.7836,0.0779,0.6237,0.7013,0.5051,0.0,0.2763
001223,欧克科技,28.11,True,40.25,47.36,16,14.85,-15.01,3.18,-15.01,0.0,从未跌破（观测期内）,2026-07-06,42.03,0.652,-0.14,0.8754,0.5352,0.7118,0.0,0.2761
600860,京城股份,37.3,True,8.4,8.62,1,0.65,-11.38,-6.2,-2.54,0.0,从未跌破（观测期内）,2026-07-06,38.84,0.224,0.0591,0.3666,0.3581,0.641,0.389,0.2761
002705,新宝股份,94.17,True,11.66,11.47,2,1.67,-8.62,-4.64,1.67,0.034,从未跌破（观测期内）,2026-07-06,47.01,-0.1604,-0.3912,0.2514,0.0435,0.8224,0.5809,0.2761
600745,*ST闻泰,223.56,True,17.55,17.67,5,9.9,-17.04,-4.98,-0.66,0.0,从未跌破（观测期内）,2026-07-06,46.21,0.3521,0.1235,0.6472,0.4607,0.8048,0.0,0.2761
002379,宏桥控股,172.39,True,15.17,16.21,0,-6.41,-16.68,-12.77,-6.41,0.0,从未跌破（观测期内）,2026-07-06,33.64,0.4151,0.3956,0.5249,0.6073,0.5253,0.1252,0.2757
600682,南京新百,65.3,True,5.61,5.66,5,3.67,-10.73,-2.84,-0.8,0.0249,从未跌破（观测期内）,2026-07-06,45.74,0.3655,-0.0491,0.5756,0.3996,0.7943,0.0407,0.2748
600774,汉商集团,19.82,True,6.72,6.77,0,-0.56,-11.19,-6.75,-0.74,0.0,从未跌破（观测期内）,2026-07-06,43.58,-0.5119,0.2718,0.4069,0.3087,0.7462,0.3219,0.2747
600610,中毅达,47.06,True,6.64,7.22,0,-0.69,-17.97,-9.06,-8.05,0.0,从未跌破（观测期内）,2026-07-06,19.44,0.7671,0.3438,0.4669,0.7977,0.2099,0.2218,0.2747
002815,崇达技术,127.14,True,16.36,17.63,14,16.12,-16.01,2.09,-7.22,0.0945,从未跌破（观测期内）,2026-07-06,38.88,0.5766,-0.2806,0.8868,0.4337,0.6419,0.0,0.2746
603969,银龙股份,68.82,True,8.1,7.59,4,6.65,-11.95,-5.52,6.65,0.0919,从未跌破（观测期内）,2026-07-06,55.6,-0.227,-0.2552,0.5368,0.0979,0.9867,0.1053,0.2744
002420,毅昌科技,22.58,True,5.58,5.62,2,4.36,-13.06,-5.41,-0.69,0.0,从未跌破（观测期内）,2026-07-06,45.96,0.4336,-0.1142,0.559,0.4145,0.7991,0.0684,0.2737
603861,白云电器,73.05,True,13.82,14.68,5,10.38,-19.52,-7.2,-5.89,0.0,从未跌破（观测期内）,2026-07-06,44.07,0.7743,-0.4403,0.9483,0.4884,0.7571,0.0,0.2735
002749,国光股份,44.91,True,8.25,8.31,0,-0.72,-10.12,-6.57,-0.72,0.0,从未跌破（观测期内）,2026-07-06,35.48,-0.484,0.8577,0.3589,0.4,0.5663,0.4019,0.2735
002790,瑞尔特,14.83,True,5.69,5.75,0,-0.91,-10.0,-7.01,-0.98,0.0,从未跌破（观测期内）,2026-07-06,39.01,0.3058,-0.2283,0.3146,0.2921,0.6446,0.4756,0.2733
603131,上海沪工,59.67,True,17.71,17.98,3,4.65,-13.21,-6.07,-1.49,0.0,从未跌破（观测期内）,2026-07-06,44.31,0.3151,0.1581,0.5697,0.4523,0.7624,0.0506,0.2731
600252,中恒集团,62.09,True,1.95,1.97,0,-0.15,-15.09,-6.9,-1.07,0.0,从未跌破（观测期内）,2026-07-06,42.86,-0.502,0.4357,0.4663,0.3743,0.7302,0.2229,0.273
000635,英 力 特,22.82,True,6.22,6.54,0,-1.19,-9.88,-6.13,-4.91,0.0,从未跌破（观测期内）,2026-07-06,33.33,0.5534,-0.0394,0.4399,0.5163,0.5185,0.2668,0.2728
600831,广电网络,22.04,True,3.1,3.17,0,-1.75,-14.18,-9.6,-2.25,0.0,从未跌破（观测期内）,2026-07-06,39.71,0.3185,-0.3654,0.2822,0.245,0.6601,0.5296,0.2727
002224,三 力 士,27.26,True,3.38,3.47,0,-1.26,-8.08,-4.92,-2.52,0.0,从未跌破（观测期内）,2026-07-06,36.84,-0.5207,0.245,0.2843,0.298,0.5965,0.5262,0.2727
600801,华新建材,240.83,True,17.95,17.87,8,2.55,-14.29,-3.11,0.43,0.0726,从未跌破（观测期内）,2026-07-06,42.33,-0.4308,1.5333,0.6718,0.4,0.7184,0.0,0.2727
001238,浙江正特,40.58,True,27.96,28.99,4,0.73,-9.14,-3.58,-3.54,0.0,从未跌破（观测期内）,2026-07-06,32.92,0.6292,-0.0067,0.4924,0.5748,0.5093,0.1793,0.2725
002360,ST同德,17.29,True,5.31,5.24,2,3.38,-18.32,-7.48,1.29,0.0,从未跌破（观测期内）,2026-07-06,46.06,0.1682,0.3114,0.577,0.4255,0.8013,0.0384,0.2724
001396,誉帆科技,8.5,True,37.43,38.06,0,-1.66,-13.92,-9.57,-1.66,0.0,从未跌破（观测期内）,2026-07-06,38.47,0.1377,0.1337,0.3527,0.3361,0.6326,0.4122,0.2724
002529,海源复材,18.04,True,6.94,7.44,2,4.63,-10.63,-5.56,-6.72,0.0,从未跌破（观测期内）,2026-07-06,38.48,0.3036,0.7898,0.6147,0.5821,0.6329,0.0,0.2721
601616,广电电气,28.68,True,3.36,3.64,0,-4.09,-14.27,-8.77,-7.72,0.0,从未跌破（观测期内）,2026-07-06,30.84,0.3883,0.1681,0.3837,0.5002,0.4631,0.3604,0.2717
603266,天龙股份,34.49,True,17.34,17.32,3,3.92,-11.07,-5.34,0.14,0.0,从未跌破（观测期内）,2026-07-06,48.72,0.3106,-0.1526,0.5273,0.3254,0.8606,0.1212,0.2716
600775,南京熊猫,65.57,True,9.76,10.12,2,1.12,-11.88,-6.56,-3.55,0.0,从未跌破（观测期内）,2026-07-06,41.39,0.0672,0.7669,0.5123,0.4403,0.6975,0.1462,0.2715
002590,万安科技,50.34,True,10.17,10.67,0,-0.02,-11.59,-7.11,-4.69,0.0,从未跌破（观测期内）,2026-07-06,27.97,0.6654,-0.2381,0.339,0.504,0.3992,0.435,0.2711
002998,优彩资源,19.64,True,7.26,7.18,3,5.74,-13.92,-8.49,1.16,0.0,从未跌破（观测期内）,2026-07-06,47.65,-0.0895,4.1071,0.586,0.4,0.8366,0.0233,0.2708
603677,奇精机械,25.42,True,13.2,13.92,0,-2.87,-16.22,-10.37,-5.14,0.0,从未跌破（观测期内）,2026-07-06,33.86,0.6384,-0.3268,0.394,0.4523,0.5303,0.3433,0.2706
605333,沪光股份,82.14,True,17.7,18.03,0,-0.4,-12.43,-8.35,-1.82,0.0,从未跌破（观测期内）,2026-07-06,34.97,-0.472,0.6305,0.3616,0.4,0.5548,0.3974,0.2706
600839,四川长虹,310.13,True,6.72,6.82,4,2.03,-13.58,-5.77,-1.45,0.0,从未跌破（观测期内）,2026-07-06,46.45,0.2061,-0.1175,0.4425,0.2767,0.8099,0.2625,0.2705
002689,ST远智,28.58,True,2.74,2.72,2,2.59,-14.66,-7.98,0.62,0.0,从未跌破（观测期内）,2026-07-06,42.11,-0.3745,0.3946,0.4475,0.3578,0.7135,0.2541,0.2703
603321,梅轮电梯,20.81,True,6.04,6.12,0,-1.13,-9.43,-5.6,-1.38,0.0,从未跌破（观测期内）,2026-07-06,41.79,-0.5223,-0.015,0.2779,0.194,0.7065,0.5369,0.2703
002571,德力股份,30.9,True,10.36,11.08,3,5.02,-12.68,-5.41,-6.51,0.0,从未跌破（观测期内）,2026-07-06,40.59,0.6755,-0.5562,0.4682,0.4053,0.6798,0.2197,0.2702
603628,清源股份,26.07,True,9.58,9.86,0,-2.74,-11.65,-6.62,-2.79,0.0,从未跌破（观测期内）,2026-07-06,29.07,0.4756,-0.1013,0.304,0.4448,0.4238,0.4934,0.27
000973,佛塑科技,93.9,True,13.25,14.68,8,9.07,-13.9,-2.75,-9.74,0.0,从未跌破（观测期内）,2026-07-06,34.07,0.75,0.0037,0.6227,0.6515,0.5348,0.0,0.2698
000948,南天信息,46.04,True,11.8,12.38,1,0.03,-9.39,-5.29,-4.69,0.0,从未跌破（观测期内）,2026-07-06,34.07,0.3259,-0.0824,0.3125,0.3626,0.535,0.4791,0.2695
002471,中超控股,80.34,True,5.98,6.66,3,4.64,-14.93,-7.39,-10.15,0.0,从未跌破（观测期内）,2026-07-06,28.68,0.5758,1.6231,0.651,0.7455,0.415,0.0,0.2694
000957,中通客车,58.34,True,9.84,9.91,1,1.22,-9.45,-4.08,-0.75,0.0,从未跌破（观测期内）,2026-07-06,32.43,0.5425,-0.3486,0.3084,0.386,0.4985,0.486,0.2691
605268,王力安防,41.63,True,9.45,9.58,0,-1.31,-8.5,-6.22,-1.31,0.0,从未跌破（观测期内）,2026-07-06,39.05,0.2062,-0.2181,0.2767,0.2365,0.6455,0.5388,0.269
002271,东方雨虹,236.06,True,12.33,12.2,2,1.03,-12.56,-5.82,1.03,0.0,从未跌破（观测期内）,2026-07-06,46.87,0.1048,-0.1841,0.3692,0.1892,0.8193,0.3847,0.2689
603890,春秋电子,105.23,True,23.55,25.64,11,31.73,-9.9,3.04,-8.17,0.0469,从未跌破（观测期内）,2026-07-06,48.42,0.527,-0.8175,0.8452,0.3162,0.8538,0.0,0.2686
600609,金杯汽车,42.14,True,3.23,3.29,0,-1.42,-8.62,-5.83,-1.82,0.0,从未跌破（观测期内）,2026-07-06,34.33,0.2796,-0.0818,0.2939,0.3351,0.5406,0.5102,0.2684
600550,保变电气,209.57,True,11.38,12.14,2,1.98,-14.28,-6.69,-6.28,0.0,从未跌破（观测期内）,2026-07-06,36.3,0.7664,-0.3733,0.5054,0.5105,0.5845,0.1577,0.2682
000731,四川美丰,29.47,True,5.37,5.54,0,-2.58,-10.1,-6.04,-3.06,0.0,从未跌破（观测期内）,2026-07-06,30.94,-0.4685,0.6494,0.2993,0.4,0.4652,0.5012,0.2682
603709,中源家居,17.63,True,14.09,14.55,0,-3.17,-11.83,-8.05,-3.17,0.0,从未跌破（观测期内）,2026-07-06,36.22,0.0069,0.3025,0.319,0.3251,0.5827,0.4684,0.2681
603556,海兴电力,111.4,True,22.12,22.09,1,0.12,-14.24,-8.08,0.12,0.0,从未跌破（观测期内）,2026-07-06,39.81,-0.5327,0.3692,0.4056,0.3477,0.6625,0.3239,0.268
601882,海天精工,107.74,True,20.64,20.24,4,5.27,-12.93,-4.52,1.97,0.0082,从未跌破（观测期内）,2026-07-06,48.99,0.1574,0.0981,0.5693,0.3337,0.8665,0.0512,0.2677
603041,美思德,19.65,True,10.73,11.08,0,-2.96,-10.83,-7.93,-3.18,0.0,从未跌破（观测期内）,2026-07-06,35.09,0.3248,-0.2587,0.2668,0.2914,0.5575,0.5553,0.2676
003023,彩虹集团,21.65,True,20.6,21.33,0,-3.41,-17.12,-11.37,-3.41,0.0,从未跌破（观测期内）,2026-07-06,31.47,-0.1111,0.7611,0.3116,0.4,0.477,0.4807,0.2675
000428,华天酒店,31.79,True,3.12,3.23,0,-2.44,-9.69,-6.25,-3.3,0.0,从未跌破（观测期内）,2026-07-06,36.59,0.3675,-0.2387,0.3294,0.325,0.5908,0.4509,0.267
600935,华塑股份,79.62,True,2.27,2.31,5,2.98,-7.72,-3.07,-1.63,0.0127,从未跌破（观测期内）,2026-07-06,43.9,0.3077,-0.2527,0.4389,0.2835,0.7534,0.2684,0.2669
600765,中航重机,205.86,True,13.26,13.47,2,1.06,-9.8,-4.17,-1.57,0.0,从未跌破（观测期内）,2026-07-06,38.12,0.1077,0.1879,0.3725,0.3398,0.625,0.3792,0.2668
002282,博深股份,29.54,True,5.85,5.94,0,-0.05,-6.77,-3.74,-1.56,0.0,从未跌破（观测期内）,2026-07-06,40.94,0.239,-0.4211,0.2589,0.175,0.6877,0.5686,0.2666
603029,天鹅股份,17.96,True,14.8,15.06,0,-0.52,-11.7,-7.23,-1.72,0.0,从未跌破（观测期内）,2026-07-06,43.55,0.0154,0.049,0.359,0.2288,0.7455,0.4017,0.2666
601216,君正集团,404.18,True,4.79,4.9,1,0.62,-10.42,-4.35,-2.18,0.0,从未跌破（观测期内）,2026-07-06,34.09,-0.0373,0.617,0.3633,0.4,0.5354,0.3946,0.2663
603701,德宏股份,57.68,True,22.07,22.7,0,-0.46,-9.31,-5.22,-2.78,0.0,从未跌破（观测期内）,2026-07-06,45.21,0.4952,-0.5059,0.4579,0.2971,0.7823,0.2368,0.2663
002384,东山精密,3111.74,True,224.46,242.62,16,21.18,-8.67,6.0,-7.49,0.2174,从未跌破（观测期内）,2026-07-06,45.67,0.0371,-0.3487,0.88,0.0828,0.7926,0.0,0.2662
001239,永达股份,14.74,True,12.93,13.83,9,11.89,-9.98,-0.94,-6.48,0.0,从未跌破（观测期内）,2026-07-06,36.53,0.5587,-0.0007,0.542,0.535,0.5895,0.0967,0.2662
002766,索菱股份,30.94,True,3.61,3.85,0,-3.65,-16.2,-11.98,-6.22,0.0,从未跌破（观测期内）,2026-07-06,29.7,0.842,-0.5266,0.3916,0.5052,0.4378,0.3474,0.266
001326,联域股份,14.21,True,59.18,64.95,9,10.56,-10.58,-1.07,-8.88,0.0,从未跌破（观测期内）,2026-07-06,40.32,0.7631,-0.3573,0.5901,0.5149,0.6738,0.0165,0.266
000816,智慧农业,35.41,True,2.46,2.43,2,1.11,-10.29,-5.79,1.11,0.0,从未跌破（观测期内）,2026-07-06,44.93,0.2653,-0.3051,0.3944,0.2371,0.7762,0.3427,0.2659
002204,大连重工,104.29,True,5.4,5.48,0,-0.96,-8.12,-4.57,-1.43,0.0,从未跌破（观测期内）,2026-07-06,33.68,-0.1673,0.2338,0.2512,0.2935,0.5263,0.5814,0.2658
002238,天威视讯,44.06,True,5.49,5.79,0,-2.71,-11.13,-8.17,-5.17,0.0,从未跌破（观测期内）,2026-07-06,34.48,0.0927,0.2132,0.313,0.3409,0.5441,0.4784,0.2658
603228,景旺电子,662.39,True,67.78,73.64,5,4.4,-10.56,-3.13,-7.95,0.0,从未跌破（观测期内）,2026-07-06,37.34,0.6463,-0.0293,0.8198,0.5761,0.6076,0.0,0.2655
002863,今飞凯达,26.74,True,4.46,4.57,0,-1.98,-10.18,-6.45,-2.45,0.0,从未跌破（观测期内）,2026-07-06,31.96,-0.4935,0.4169,0.2956,0.3668,0.488,0.5074,0.2654
600169,ST太重,68.0,True,2.04,2.09,0,-0.54,-12.86,-5.15,-2.3,0.0,从未跌破（观测期内）,2026-07-06,32.14,-0.6138,0.6764,0.3321,0.4,0.4921,0.4465,0.2654
002552,宝鼎科技,216.83,True,58.84,65.25,17,35.18,-9.82,14.16,-9.82,0.275,从未跌破（观测期内）,2026-07-06,44.96,-0.0181,-0.524,1.2136,0.0,0.7769,0.0,0.2654
002724,海洋王,28.39,True,5.0,5.07,1,0.05,-7.72,-4.36,-1.46,0.0,从未跌破（观测期内）,2026-07-06,39.09,-0.0724,0.0595,0.2801,0.2238,0.6465,0.5331,0.2652
002350,北京科锐,73.22,True,13.8,14.25,2,4.41,-11.95,-5.91,-3.14,0.0,从未跌破（观测期内）,2026-07-06,29.22,0.8252,-0.2625,0.4712,0.5901,0.4271,0.2147,0.2652
601015,陕西黑猫,62.09,True,3.04,3.18,3,13.27,-16.43,-8.14,-4.54,0.0,从未跌破（观测期内）,2026-07-06,30.23,0.9198,-0.7537,0.4507,0.5519,0.4496,0.2488,0.2652
000599,青岛双星,35.45,True,4.34,4.59,0,-4.63,-10.96,-7.93,-5.36,0.0,从未跌破（观测期内）,2026-07-06,21.11,0.4176,0.095,0.2256,0.4886,0.2469,0.6239,0.2651
000410,沈阳机床,95.4,True,4.84,5.0,1,0.37,-11.31,-5.57,-3.2,0.0,从未跌破（观测期内）,2026-07-06,38.07,0.1594,0.1861,0.4086,0.3701,0.6237,0.3189,0.2651
600066,宇通客车,649.57,True,29.34,27.92,2,5.09,-14.96,-6.92,5.09,0.0,从未跌破（观测期内）,2026-07-06,55.18,-0.1912,-0.1181,0.4899,0.1528,0.9959,0.1836,0.2649
600080,ST金花,18.44,True,4.94,4.76,3,4.45,-13.15,-7.58,3.69,0.0,从未跌破（观测期内）,2026-07-06,51.85,0.1748,-0.2685,0.4836,0.1975,0.93,0.194,0.2645
002373,千方科技,97.67,True,7.09,7.42,0,-0.01,-11.07,-5.36,-4.51,0.0,从未跌破（观测期内）,2026-07-06,33.33,0.4734,-0.3528,0.3005,0.3429,0.5185,0.4991,0.2643
605398,新炬网络,32.72,True,20.11,21.63,1,0.66,-14.56,-7.36,-7.02,0.0,从未跌破（观测期内）,2026-07-06,29.18,0.8321,-0.1941,0.5062,0.6216,0.4263,0.1563,0.2641
000901,航天科技,135.85,True,17.02,17.88,1,1.78,-12.71,-5.6,-4.81,0.0,从未跌破（观测期内）,2026-07-06,38.34,-0.0077,0.8728,0.4475,0.4,0.6298,0.2542,0.2641
001217,华尔泰,29.44,True,8.97,9.17,0,-0.38,-10.1,-6.0,-2.21,0.0,从未跌破（观测期内）,2026-07-06,36.94,-0.1065,0.6775,0.4231,0.4,0.5987,0.2949,0.264
002791,坚朗五金,30.04,True,13.8,13.96,0,-1.12,-10.37,-7.1,-1.12,0.0,从未跌破（观测期内）,2026-07-06,37.46,-0.1254,0.1965,0.3107,0.2786,0.6102,0.4821,0.264
002580,圣阳股份,86.87,True,19.22,21.49,5,12.84,-20.55,-7.62,-10.57,0.0,从未跌破（观测期内）,2026-07-06,42.65,0.7926,-0.5019,0.9359,0.4756,0.7255,0.0,0.264
002513,蓝丰生化,14.34,True,4.96,5.19,0,-1.66,-11.29,-8.01,-4.43,0.0,从未跌破（观测期内）,2026-07-06,28.32,0.6804,0.1015,0.5188,0.6489,0.4071,0.1353,0.2639
600592,龙溪股份,60.25,True,15.08,15.62,5,2.63,-22.34,-12.63,-3.43,0.0,从未跌破（观测期内）,2026-07-06,46.33,0.0161,0.5509,0.755,0.4097,0.8074,0.0,0.2639
002065,东华软件,200.94,True,6.91,7.18,3,1.28,-11.0,-4.01,-3.75,0.0,从未跌破（观测期内）,2026-07-06,37.4,0.3047,-0.0587,0.3914,0.3593,0.609,0.3476,0.2638
603293,埃泰克,14.27,True,40.66,41.13,2,1.63,-15.81,-7.0,-1.14,0.0,从未跌破（观测期内）,2026-07-06,47.23,0.2233,-0.1381,0.4865,0.2788,0.8273,0.1892,0.2635
603083,剑桥科技,541.7,True,196.56,215.78,14,30.63,-10.64,6.73,-8.91,0.1682,从未跌破（观测期内）,2026-07-06,48.43,0.1691,-0.5502,0.9733,0.1015,0.8541,0.0,0.2635
603319,美湖股份,115.68,True,34.11,34.58,6,25.17,-14.12,-1.34,-1.36,0.028,从未跌破（观测期内）,2026-07-06,44.63,0.6548,-0.6636,0.6955,0.3929,0.7697,0.0,0.2634
603406,天富龙,9.7,True,26.45,27.36,0,-1.74,-10.12,-5.87,-3.32,0.0,从未跌破（观测期内）,2026-07-06,25.67,0.5274,-0.0799,0.3093,0.4845,0.3482,0.4845,0.2634
603803,瑞斯康达,48.14,True,11.33,12.04,0,-0.09,-16.57,-8.22,-5.94,0.0,从未跌破（观测期内）,2026-07-06,42.5,0.7195,-0.3911,0.6435,0.4753,0.7223,0.0,0.2633
000561,烽火电子,57.36,True,7.39,7.64,0,-0.56,-10.38,-5.76,-3.28,0.0,从未跌破（观测期内）,2026-07-06,36.73,0.0581,0.365,0.4027,0.3808,0.5939,0.3289,0.2633
600308,华泰股份,48.54,True,3.2,3.2,1,0.08,-8.9,-5.83,0.08,0.0,从未跌破（观测期内）,2026-07-06,39.02,-0.5961,0.1514,0.3235,0.2605,0.645,0.4609,0.2633
002681,奋达科技,69.52,True,4.43,4.8,0,-1.39,-10.95,-7.12,-7.74,0.0,从未跌破（观测期内）,2026-07-06,39.7,0.7091,-0.4634,0.5149,0.4401,0.66,0.1418,0.2633
002284,亚太股份,74.1,True,10.12,10.19,1,1.52,-13.41,-8.24,-0.71,0.0,从未跌破（观测期内）,2026-07-06,37.74,-0.2149,0.7647,0.4401,0.4,0.6165,0.2664,0.2633
603081,大丰实业,38.07,True,9.01,9.24,0,-1.28,-10.62,-7.92,-2.52,0.0,从未跌破（观测期内）,2026-07-06,33.51,-0.3805,0.2948,0.2831,0.3179,0.5224,0.5282,0.2632
001277,速达股份,12.96,True,28.45,29.52,1,0.04,-11.25,-6.75,-3.63,0.0,从未跌破（观测期内）,2026-07-06,37.08,0.0897,0.1168,0.3295,0.3005,0.6019,0.4508,0.2631
601388,怡球资源,64.06,True,2.91,3.07,0,-2.38,-11.32,-7.65,-5.29,0.0,从未跌破（观测期内）,2026-07-06,29.79,0.215,0.4584,0.4129,0.5124,0.4397,0.3118,0.2628
600844,金煤科技,20.9,True,2.54,2.65,0,-4.15,-12.48,-8.7,-4.15,0.0,从未跌破（观测期内）,2026-07-06,31.43,0.315,0.0821,0.3521,0.4219,0.4762,0.4131,0.2627
000949,新乡化纤,102.37,True,6.18,6.65,6,7.46,-10.86,-3.34,-7.08,0.0,从未跌破（观测期内）,2026-07-06,39.7,0.3482,0.2806,0.5983,0.5212,0.6599,0.0028,0.2627
603007,顺景科技,39.27,True,5.65,5.86,8,14.78,-18.87,-4.84,-3.57,0.0,从未跌破（观测期内）,2026-07-06,46.53,0.6689,-0.5079,0.7972,0.4013,0.8118,0.0,0.2627
600522,中天科技,1639.24,True,48.03,55.32,19,33.2,-13.18,12.81,-13.18,0.2227,从未跌破（观测期内）,2026-07-06,45.9,-0.1772,-0.359,0.9704,0.0564,0.7978,0.0,0.2627
603042,华脉科技,26.74,True,12.81,14.9,7,9.83,-14.04,-3.33,-14.04,0.0,从未跌破（观测期内）,2026-07-06,38.75,0.7522,-0.2815,0.7414,0.5387,0.639,0.0,0.2625
603267,鸿远电子,151.38,True,65.51,72.36,17,26.12,-9.47,4.08,-9.47,0.1358,从未跌破（观测期内）,2026-07-06,46.76,0.2972,-0.6391,0.9044,0.1783,0.817,0.0,0.2623
002496,辉丰股份,26.81,True,2.27,2.15,3,5.68,-18.72,-8.52,5.68,0.0,从未跌破（观测期内）,2026-07-06,46.39,-0.262,4.0688,0.6745,0.4,0.8087,0.0,0.2617
002942,新农股份,21.29,True,15.34,15.45,0,-0.72,-9.48,-6.24,-0.72,0.0,从未跌破（观测期内）,2026-07-06,40.39,-0.5868,0.1077,0.3366,0.2431,0.6754,0.439,0.2617
603028,赛福天,19.13,True,6.73,7.13,0,-3.4,-13.4,-9.32,-5.56,0.0,从未跌破（观测期内）,2026-07-06,34.8,-0.4577,0.6702,0.3944,0.4,0.5512,0.3427,0.2616
601633,长城汽车,980.92,True,15.77,16.34,5,2.94,-10.23,-4.3,-3.5,0.0,从未跌破（观测期内）,2026-07-06,33.22,0.5548,-0.2063,0.4177,0.4504,0.516,0.3038,0.2614
601279,英利汽车,49.32,True,3.11,3.24,0,-4.04,-9.96,-6.38,-4.04,0.0,从未跌破（观测期内）,2026-07-06,26.98,-0.4995,0.5046,0.2568,0.4,0.3774,0.572,0.2613
002917,金奥博,27.75,True,10.65,11.19,0,-1.31,-14.83,-9.91,-4.82,0.0,从未跌破（观测期内）,2026-07-06,33.64,0.5825,-0.3306,0.3928,0.4172,0.5254,0.3453,0.2612
002085,万丰奥威,240.14,True,11.31,12.16,6,9.63,-11.28,-2.58,-6.99,0.0,从未跌破（观测期内）,2026-07-06,20.5,0.809,0.431,0.6306,0.8578,0.2333,0.0,0.2611
000881,中广核技,58.56,True,6.48,6.72,2,0.7,-12.95,-6.94,-3.59,0.0,从未跌破（观测期内）,2026-07-06,30.52,0.8426,-0.7919,0.4263,0.5055,0.456,0.2894,0.261
002510,天汽模,55.47,True,5.52,6.03,0,-1.23,-15.05,-6.9,-8.46,0.0,从未跌破（观测期内）,2026-07-06,31.12,0.4062,0.5118,0.5751,0.6437,0.4693,0.0416,0.261
002518,科士达,268.16,True,47.45,49.64,6,7.68,-17.11,-4.8,-4.4,0.0,从未跌破（观测期内）,2026-07-06,47.49,0.1704,0.1872,0.791,0.3771,0.8331,0.0,0.2609
000400,许继电气,213.57,True,21.11,21.92,0,-3.21,-15.44,-7.99,-3.72,0.0,从未跌破（观测期内）,2026-07-06,31.5,0.6444,-0.4775,0.3342,0.3957,0.4779,0.443,0.2609
002730,电光科技,95.68,True,27.65,29.38,8,9.63,-10.61,-2.14,-5.9,0.0,从未跌破（观测期内）,2026-07-06,37.27,0.78,-0.2762,0.6419,0.5575,0.606,0.0,0.2606
601698,中国卫通,1266.47,True,29.98,30.7,5,5.47,-10.98,-2.83,-2.36,0.0,从未跌破（观测期内）,2026-07-06,38.59,0.5229,-0.073,0.5507,0.4845,0.6353,0.0822,0.2605
603879,永悦科技,16.49,True,4.59,4.65,0,-0.4,-10.8,-6.35,-1.26,0.0,从未跌破（观测期内）,2026-07-06,42.28,-0.4583,0.2387,0.4273,0.2955,0.7174,0.2878,0.2605
601096,宏盛华源,70.65,True,4.3,4.54,0,-3.34,-10.76,-6.58,-5.22,0.0,从未跌破（观测期内）,2026-07-06,28.26,0.1958,0.1988,0.2797,0.397,0.4058,0.5338,0.2605
600586,金晶科技,59.81,True,4.22,4.58,0,-0.85,-12.76,-7.67,-7.83,0.0,从未跌破（观测期内）,2026-07-06,35.71,0.7914,-0.5258,0.4905,0.4749,0.5714,0.1825,0.2604
002396,星网锐捷,194.96,True,25.74,19.63,4,31.11,-20.57,-5.81,31.11,0.1684,从未跌破（观测期内）,2026-07-06,78.46,0.2672,0.0696,0.9267,0.3882,0.4787,0.0,0.2601
600375,汉马科技,58.21,True,3.98,3.91,2,1.73,-11.64,-6.43,1.73,0.0,从未跌破（观测期内）,2026-07-06,34.78,0.203,1.9073,0.522,0.5218,0.5507,0.13,0.2601
002066,瑞泰科技,49.66,True,21.5,21.95,0,-2.07,-9.3,-6.48,-2.07,0.0,从未跌破（观测期内）,2026-07-06,45.52,-0.0107,0.0559,0.4135,0.2224,0.7893,0.3109,0.2601
000565,渝三峡Ａ,26.23,True,6.05,6.14,0,-0.09,-13.75,-8.17,-1.4,0.0,从未跌破（观测期内）,2026-07-06,39.19,-0.1362,0.1319,0.3317,0.2528,0.6486,0.4472,0.26
002227,*ST特迅,16.82,True,6.84,6.96,0,-1.74,-16.26,-9.79,-1.74,0.0,从未跌破（观测期内）,2026-07-06,50.22,-0.1571,0.0086,0.4804,0.2035,0.8938,0.1993,0.2595
003019,宸展光电,45.72,True,26.73,31.74,1,2.29,-19.71,-10.44,-15.78,0.0,从未跌破（观测期内）,2026-07-06,36.4,0.7188,-0.1581,0.8149,0.568,0.5867,0.0,0.2593
603328,依顿电子,122.81,True,12.3,13.32,14,15.19,-10.06,2.42,-7.67,0.0914,从未跌破（观测期内）,2026-07-06,36.11,0.7104,-0.6473,0.7524,0.4262,0.5802,0.0,0.2591
600426,华鲁恒升,549.92,True,26.0,26.05,0,-0.18,-12.96,-7.97,-0.18,0.0,从未跌破（观测期内）,2026-07-06,39.2,0.0359,1.4498,0.5052,0.4216,0.6488,0.1581,0.2589
003029,吉大正元,28.79,True,16.35,17.12,0,-3.35,-10.84,-7.54,-4.47,0.0,从未跌破（观测期内）,2026-07-06,30.05,-0.5251,2.2938,0.3208,0.4,0.4455,0.4653,0.2589
002591,恒大高新,14.35,True,6.42,6.78,0,-5.34,-14.03,-9.82,-5.34,0.0,从未跌破（观测期内）,2026-07-06,31.11,-0.5845,0.489,0.3358,0.3956,0.4691,0.4403,0.2588
002806,华锋股份,30.07,True,17.27,19.39,15,25.87,-10.94,5.99,-10.94,0.1149,从未跌破（观测期内）,2026-07-06,40.54,0.5138,-0.7379,0.7131,0.3083,0.6786,0.0,0.2588
002598,ST章鼓,19.54,True,6.82,6.85,1,1.84,-10.85,-5.52,-0.42,0.0,从未跌破（观测期内）,2026-07-06,41.4,0.2046,0.1426,0.503,0.3798,0.6977,0.1617,0.2587
600076,康欣新材,44.77,True,3.33,3.44,4,5.05,-13.49,-4.77,-3.27,0.0,从未跌破（观测期内）,2026-07-06,46.7,0.1689,0.2016,0.8026,0.382,0.8155,0.0,0.2586
002153,石基信息,119.34,True,7.46,7.63,0,-1.14,-11.02,-6.44,-2.2,0.0,从未跌破（观测期内）,2026-07-06,36.52,0.5149,-0.3724,0.398,0.36,0.5893,0.3367,0.2583
002082,ST万邦,67.57,True,11.9,12.18,0,-2.15,-20.62,-12.57,-2.29,0.0,从未跌破（观测期内）,2026-07-06,45.63,-0.0376,2.7241,0.6694,0.4,0.7917,0.0,0.2583
603833,欧派家居,198.16,True,32.53,32.29,1,0.76,-13.83,-8.0,0.76,0.0,从未跌破（观测期内）,2026-07-06,44.12,0.2459,-0.7057,0.3215,0.1475,0.7583,0.4641,0.2582
605365,立达信,71.89,True,14.32,15.03,0,-2.51,-18.28,-9.82,-4.72,0.0,从未跌破（观测期内）,2026-07-06,31.17,0.4827,-0.2538,0.3331,0.3881,0.4704,0.4449,0.2578
002981,朝阳科技,26.47,True,21.77,22.37,7,11.83,-25.02,-9.33,-2.69,0.0,从未跌破（观测期内）,2026-07-06,34.69,0.926,-0.4099,0.7967,0.5916,0.5486,0.0,0.2576
601766,中国中车,1323.43,True,5.44,5.5,4,0.58,-7.05,-2.91,-1.02,0.0421,从未跌破（观测期内）,2026-07-06,36.44,-0.1653,-0.0971,0.2683,0.1612,0.5876,0.5529,0.2576
600720,中交设计,51.66,True,5.12,5.26,0,-2.58,-11.93,-8.05,-2.58,0.0,从未跌破（观测期内）,2026-07-06,28.57,-0.0074,0.4254,0.2703,0.3701,0.4127,0.5495,0.2575
002753,永东股份,17.75,True,6.0,6.15,1,0.1,-10.25,-4.95,-2.43,0.0,从未跌破（观测期内）,2026-07-06,40.56,-0.392,0.1773,0.3857,0.2709,0.679,0.3571,0.2571
601500,通用股份,62.37,True,3.94,3.86,2,2.02,-8.88,-5.47,2.02,0.0159,从未跌破（观测期内）,2026-07-06,42.7,-0.0635,-0.211,0.2957,0.1156,0.7266,0.5072,0.2567
600617,国新能源,49.72,True,2.8,2.92,0,-1.03,-16.64,-9.84,-4.04,0.0,从未跌破（观测期内）,2026-07-06,31.17,0.7455,-0.6852,0.3974,0.4473,0.4704,0.3377,0.2566
600640,国脉文化,80.42,True,10.16,10.4,0,-2.35,-12.18,-7.68,-2.35,0.0,从未跌破（观测期内）,2026-07-06,37.67,0.3326,-0.3947,0.3073,0.2417,0.615,0.4878,0.2566
002455,百川股份,48.97,True,7.41,7.84,0,-0.46,-14.31,-7.18,-5.46,0.0,从未跌破（观测期内）,2026-07-06,40.05,0.1477,0.726,0.5964,0.4886,0.6678,0.0061,0.2566
002913,奥士康,169.09,True,56.05,60.91,14,24.23,-7.98,5.9,-7.98,0.1708,从未跌破（观测期内）,2026-07-06,40.69,0.3442,-0.5279,0.771,0.2065,0.6821,0.0,0.2564
603600,永艺股份,31.56,True,9.55,9.46,1,0.91,-9.75,-6.36,0.91,0.0,从未跌破（观测期内）,2026-07-06,43.87,-0.3198,-0.0947,0.3388,0.1621,0.7527,0.4354,0.2564
002381,双箭股份,17.58,True,5.46,5.42,2,0.65,-8.72,-4.58,0.65,0.0159,从未跌破（观测期内）,2026-07-06,44.44,-0.1898,-0.3855,0.2587,0.0458,0.7654,0.5688,0.2562
002809,红墙股份,13.17,True,7.75,8.09,0,-2.99,-13.15,-7.64,-4.23,0.0,从未跌破（观测期内）,2026-07-06,33.94,0.5952,-0.2563,0.4561,0.4546,0.5321,0.2398,0.2561
600845,宝信软件,387.97,True,18.18,17.84,4,1.95,-14.79,-8.61,1.88,0.0,从未跌破（观测期内）,2026-07-06,49.9,0.0268,-0.0247,0.4915,0.2062,0.8866,0.1808,0.256
002798,帝欧水华,28.11,True,5.44,5.7,0,-1.11,-19.26,-12.32,-4.62,0.0,从未跌破（观测期内）,2026-07-06,36.82,0.5277,0.0768,0.6131,0.5473,0.596,0.0,0.256
002508,老板电器,143.02,True,15.32,15.52,0,-1.28,-9.67,-4.6,-1.28,0.0,从未跌破（观测期内）,2026-07-06,36.61,0.1949,-0.1959,0.2876,0.2386,0.5914,0.5207,0.256
000868,安凯客车,32.32,True,3.44,3.56,0,-2.73,-10.45,-6.39,-3.4,0.0,从未跌破（观测期内）,2026-07-06,29.07,0.316,0.1083,0.3478,0.4329,0.4238,0.4204,0.256
600099,林海股份,18.67,True,8.52,8.63,0,-0.82,-12.23,-8.02,-1.32,0.0,从未跌破（观测期内）,2026-07-06,39.51,0.0333,-0.0352,0.3072,0.2059,0.6558,0.4881,0.2559
002362,汉王科技,31.28,True,15.07,17.05,8,11.56,-13.59,-3.25,-11.62,0.0,从未跌破（观测期内）,2026-07-06,21.2,0.8227,0.3273,0.7102,0.8245,0.2488,0.0,0.2559
600249,两面针,26.02,True,4.73,4.88,0,-0.08,-11.39,-6.03,-3.01,0.0,从未跌破（观测期内）,2026-07-06,39.75,0.1652,-0.0424,0.3881,0.2822,0.6611,0.3531,0.2557
600819,耀皮玻璃,41.18,True,5.5,6.17,3,1.49,-12.08,-6.31,-10.82,0.0,从未跌破（观测期内）,2026-07-06,32.44,0.3733,0.5557,0.6652,0.624,0.4987,0.0,0.2557
002358,森源电气,51.04,True,5.49,5.8,0,-2.09,-11.96,-6.97,-5.34,0.0,从未跌破（观测期内）,2026-07-06,36.67,0.2879,-0.0777,0.3929,0.3416,0.5926,0.3452,0.2557
600320,振华重工,139.36,True,4.21,4.34,0,-1.39,-9.05,-5.57,-2.95,0.0,从未跌破（观测期内）,2026-07-06,28.57,0.3936,-0.02,0.3358,0.4281,0.4127,0.4403,0.2556
002465,海格通信,318.66,True,12.86,13.26,0,-1.89,-14.61,-9.98,-3.0,0.0,从未跌破（观测期内）,2026-07-06,38.42,0.6733,-0.2976,0.5703,0.4849,0.6317,0.0495,0.255
002487,大金重工,328.96,True,52.14,58.04,0,-4.37,-20.61,-11.51,-10.16,0.0,从未跌破（观测期内）,2026-07-06,34.07,0.4025,0.2015,0.5302,0.5221,0.535,0.1164,0.255
605218,伟时电子,33.76,True,15.86,16.86,5,3.58,-11.1,-3.62,-5.95,0.0,从未跌破（观测期内）,2026-07-06,36.5,0.5084,-0.1834,0.4828,0.4317,0.5888,0.1954,0.255
002313,日海智能,29.09,True,7.77,8.01,1,0.54,-13.26,-8.19,-3.01,0.0,从未跌破（观测期内）,2026-07-06,44.85,-0.0753,1.125,0.6152,0.4,0.7743,0.0,0.2549
002835,同为股份,15.11,True,11.87,12.08,0,-0.86,-9.11,-6.08,-1.73,0.0,从未跌破（观测期内）,2026-07-06,39.02,-0.087,0.0492,0.3163,0.2197,0.6448,0.4728,0.2548
003012,东鹏控股,52.64,True,4.64,4.62,1,0.47,-7.96,-4.76,0.47,0.0,从未跌破（观测期内）,2026-07-06,47.42,-0.0826,-0.4523,0.2674,0.0191,0.8316,0.5544,0.2543
600566,济川药业,214.22,True,23.32,24.21,0,-0.72,-10.77,-4.44,-3.67,0.0,从未跌破（观测期内）,2026-07-06,38.49,-0.5782,1.193,0.4898,0.4,0.6331,0.1836,0.2542
002434,万里扬,84.97,True,6.48,6.58,2,1.23,-13.69,-6.01,-1.5,0.0,从未跌破（观测期内）,2026-07-06,33.2,0.2986,0.8369,0.5748,0.5792,0.5156,0.042,0.2542
002226,江南化工,123.44,True,4.66,4.71,0,-1.11,-11.58,-6.34,-1.11,0.0,从未跌破（观测期内）,2026-07-06,43.9,0.0233,-0.0773,0.3697,0.1831,0.7534,0.3838,0.254
600131,国网信通,171.13,True,14.31,15.02,0,-1.62,-14.14,-7.16,-4.71,0.0,从未跌破（观测期内）,2026-07-06,36.28,0.4525,-0.2422,0.4258,0.3746,0.5839,0.2903,0.254
000525,红太阳,44.92,True,4.04,4.24,0,-0.52,-12.11,-7.8,-4.76,0.0,从未跌破（观测期内）,2026-07-06,33.07,0.5669,-0.4402,0.3584,0.3641,0.5127,0.4026,0.2539
603089,正裕工业,21.15,True,8.81,9.16,0,-3.27,-13.08,-8.2,-3.84,0.0,从未跌破（观测期内）,2026-07-06,32.08,-0.2107,0.3874,0.3321,0.355,0.4907,0.4465,0.2539
600038,中直股份,173.45,True,25.93,26.51,3,2.75,-7.66,-3.29,-2.17,0.0,从未跌破（观测期内）,2026-07-06,28.07,0.6428,-0.4535,0.311,0.4043,0.4015,0.4816,0.2536
002996,顺博合金,28.6,True,6.24,6.21,2,0.42,-9.77,-5.12,0.42,0.0,从未跌破（观测期内）,2026-07-06,41.06,-0.1637,0.03,0.3507,0.212,0.6902,0.4156,0.2534
002881,美格智能,68.37,True,37.57,39.97,0,-0.08,-17.52,-6.99,-6.0,0.0,从未跌破（观测期内）,2026-07-06,43.33,0.7011,-0.6509,0.7107,0.4207,0.7407,0.0,0.2533
600741,华域汽车,512.32,True,16.25,16.31,1,0.82,-6.13,-2.47,-0.4,0.0397,从未跌破（观测期内）,2026-07-06,38.32,-0.118,-0.126,0.3033,0.1496,0.6294,0.4946,0.2533
002328,新朋股份,43.55,True,7.63,7.77,0,-1.5,-18.15,-10.73,-1.8,0.0,从未跌破（观测期内）,2026-07-06,36.08,0.6473,-0.5621,0.4386,0.3884,0.5795,0.269,0.2533
000059,华锦股份,68.29,True,4.27,4.11,1,3.82,-11.34,-6.43,3.82,0.0,从未跌破（观测期内）,2026-07-06,50.63,0.0391,-0.0488,0.5133,0.204,0.903,0.1445,0.2533
600551,时代出版,46.38,True,6.84,6.92,0,-0.89,-6.94,-3.47,-1.11,0.0,从未跌破（观测期内）,2026-07-06,32.32,-0.3375,0.0152,0.1908,0.2061,0.4961,0.682,0.253
601968,宝钢包装,52.69,True,4.13,4.15,0,-0.37,-8.91,-5.71,-0.37,0.0,从未跌破（观测期内）,2026-07-06,36.14,0.2166,-0.1604,0.319,0.2658,0.581,0.4684,0.2529
002401,中远海科,43.45,True,11.7,12.37,1,0.25,-10.69,-5.12,-5.45,0.0,从未跌破（观测期内）,2026-07-06,22.03,0.6516,-0.306,0.2712,0.4685,0.2673,0.5479,0.2528
001208,华菱线缆,44.53,True,13.97,14.98,0,-2.03,-10.98,-6.56,-6.73,0.0,从未跌破（观测期内）,2026-07-06,26.08,0.2405,0.565,0.4194,0.5443,0.3573,0.301,0.2527
002846,英联股份,27.42,True,10.54,11.51,4,2.93,-12.87,-6.25,-8.4,0.0,从未跌破（观测期内）,2026-07-06,22.85,0.6166,0.0711,0.4163,0.5984,0.2855,0.3061,0.2526
002576,通达动力,24.17,True,14.92,15.3,1,1.14,-13.64,-8.18,-2.5,0.0,从未跌破（观测期内）,2026-07-06,34.96,0.3808,-0.0388,0.4461,0.4129,0.5546,0.2565,0.2526
603869,ST智知,41.51,True,8.4,8.57,0,-0.63,-15.74,-9.94,-1.95,0.0,从未跌破（观测期内）,2026-07-06,45.96,-0.4537,0.1002,0.4699,0.2401,0.7992,0.2168,0.2524
600995,南网储能,396.94,True,12.42,12.86,2,5.28,-13.29,-7.44,-3.4,0.0,从未跌破（观测期内）,2026-07-06,28.78,0.8362,-0.777,0.4281,0.5017,0.4173,0.2866,0.2519
002544,普天科技,120.37,True,17.69,18.93,0,-3.68,-16.62,-9.29,-6.53,0.0,从未跌破（观测期内）,2026-07-06,30.94,0.0424,0.6534,0.3899,0.4254,0.4652,0.3501,0.2519
600067,冠城新材,40.22,True,2.89,3.14,8,15.99,-9.06,-0.67,-7.92,0.0,从未跌破（观测期内）,2026-07-06,17.76,0.8474,0.4035,0.6841,0.8698,0.1724,0.0,0.2519
000503,国新健康,61.59,True,6.29,6.72,1,1.84,-10.4,-4.43,-6.4,0.0,从未跌破（观测期内）,2026-07-06,31.25,0.3804,-0.1022,0.3593,0.3874,0.4722,0.4012,0.2515
603045,福达合金,95.58,True,70.57,80.52,14,25.68,-12.99,5.7,-12.35,0.0563,从未跌破（观测期内）,2026-07-06,42.31,0.5538,-0.48,1.0534,0.3403,0.718,0.0,0.2512
603712,七一二,96.19,True,12.46,13.05,0,-1.28,-10.87,-7.47,-4.51,0.0,从未跌破（观测期内）,2026-07-06,34.9,-0.2432,0.4147,0.4039,0.3659,0.5532,0.3268,0.2511
603320,迪贝电气,28.32,True,18.99,19.36,0,-1.91,-16.09,-9.92,-1.91,0.0,从未跌破（观测期内）,2026-07-06,42.3,-0.1168,0.7992,0.5707,0.4,0.7177,0.0488,0.2509
600698,湖南天雁,49.91,True,6.01,6.32,3,3.46,-12.56,-5.48,-4.94,0.0,从未跌破（观测期内）,2026-07-06,21.68,0.7351,0.1347,0.4994,0.6949,0.2595,0.1677,0.2508
002215,诺 普 信,71.37,True,8.83,8.97,6,10.64,-8.92,-1.52,-1.53,0.0229,从未跌破（观测期内）,2026-07-06,28.77,0.8008,-0.2781,0.5367,0.5692,0.4172,0.1055,0.2507
600530,交大昂立,44.87,True,5.79,5.7,1,1.64,-17.18,-10.84,1.64,0.0,从未跌破（观测期内）,2026-07-06,42.42,0.0593,0.4744,0.6121,0.4254,0.7205,0.0,0.2505
601238,广汽集团,392.07,True,5.31,5.5,0,-3.4,-12.46,-6.92,-3.4,0.0,从未跌破（观测期内）,2026-07-06,26.02,-0.7245,0.8451,0.2827,0.4,0.3559,0.5288,0.2505
000893,亚钾国际,362.88,True,44.7,44.01,4,3.51,-10.9,-3.91,1.57,0.0358,从未跌破（观测期内）,2026-07-06,41.11,-0.108,0.4795,0.6857,0.3918,0.6913,0.0,0.2505
002105,信隆健康,18.77,True,5.15,5.27,0,-1.81,-10.26,-7.63,-2.3,0.0,从未跌破（观测期内）,2026-07-06,38.13,-0.5159,0.1298,0.3513,0.2519,0.6251,0.4146,0.2502
603229,奥翔药业,70.41,True,8.48,8.33,2,1.84,-12.65,-7.97,1.84,0.0,从未跌破（观测期内）,2026-07-06,51.45,-0.0432,-0.2791,0.4246,0.0884,0.9211,0.2924,0.2502
603528,多伦科技,41.72,True,5.91,6.38,0,-2.07,-13.46,-8.15,-7.41,0.0,从未跌破（观测期内）,2026-07-06,24.58,0.4257,1.4058,0.5158,0.6554,0.324,0.1404,0.2497
002190,成飞集成,84.55,True,23.57,25.13,1,0.64,-14.42,-6.77,-6.21,0.0,从未跌破（观测期内）,2026-07-06,33.76,0.6904,-0.1446,0.5804,0.5564,0.528,0.0327,0.2496
002218,拓日新能,51.62,True,3.72,4.05,0,-5.05,-14.03,-9.3,-8.1,0.0,从未跌破（观测期内）,2026-07-06,25.0,0.4559,-0.039,0.3274,0.4579,0.3333,0.4543,0.2493
003038,鑫铂股份,18.53,True,11.3,11.93,1,0.35,-9.64,-4.68,-5.31,0.0,从未跌破（观测期内）,2026-07-06,30.06,0.4638,-0.2017,0.3572,0.3976,0.4458,0.4046,0.2493
600585,海螺水泥,687.95,True,17.2,17.3,0,-0.6,-8.56,-5.33,-0.6,0.0,从未跌破（观测期内）,2026-07-06,41.55,-0.3487,-0.2804,0.2525,0.0878,0.7011,0.5792,0.2491
002908,德生科技,21.21,True,6.59,6.85,0,-2.93,-10.21,-6.27,-3.84,0.0,从未跌破（观测期内）,2026-07-06,34.92,-0.2941,0.2757,0.3573,0.3103,0.5538,0.4044,0.249
600075,新疆天业,75.48,True,4.42,4.45,0,-0.63,-14.55,-8.88,-0.63,0.0,从未跌破（观测期内）,2026-07-06,39.01,-0.725,1.8493,0.5203,0.4,0.6447,0.1328,0.2489
603516,淳中科技,235.38,True,115.8,127.29,14,16.91,-9.03,3.61,-9.03,0.0874,从未跌破（观测期内）,2026-07-06,45.4,0.2548,-0.3167,0.8322,0.2262,0.7867,0.0,0.2489
002988,豪美新材,59.8,True,23.94,24.06,1,5.15,-18.69,-11.47,-0.51,0.0,从未跌破（观测期内）,2026-07-06,43.48,-0.0565,1.1733,0.6704,0.4,0.744,0.0,0.2488
600487,亨通光电,2068.62,True,84.6,105.46,18,32.19,-19.78,15.03,-19.78,0.0418,从未跌破（观测期内）,2026-07-06,39.69,-0.3486,1.8431,0.8773,0.4,0.6597,0.0,0.2487
002103,广博股份,23.64,True,6.09,6.2,0,-1.12,-11.36,-7.51,-1.77,0.0,从未跌破（观测期内）,2026-07-06,38.28,-0.2279,-0.0513,0.2873,0.1795,0.6285,0.5212,0.2487
601865,福莱特,189.53,True,9.97,10.5,0,-1.07,-13.09,-5.85,-5.09,0.0,从未跌破（观测期内）,2026-07-06,33.85,-0.2229,0.2949,0.3475,0.3179,0.5299,0.4208,0.2486
002448,中原内配,73.55,True,12.67,12.53,5,3.64,-12.1,-4.17,1.11,0.0071,从未跌破（观测期内）,2026-07-06,44.54,0.0396,0.2639,0.5608,0.3293,0.7675,0.0654,0.2485
001267,汇绿生态,267.83,True,44.01,52.94,6,12.45,-17.68,-4.96,-16.86,0.0,从未跌破（观测期内）,2026-07-06,36.63,0.79,-0.3858,0.8293,0.5197,0.5918,0.0,0.2483
002092,中泰化学,105.34,True,4.09,4.14,0,-1.29,-13.85,-8.26,-1.29,0.0,从未跌破（观测期内）,2026-07-06,36.81,0.1544,0.1255,0.4266,0.3428,0.5957,0.289,0.2482
603599,广信股份,91.48,True,10.05,10.4,1,0.9,-10.08,-5.03,-3.41,0.0,从未跌破（观测期内）,2026-07-06,32.28,0.3276,0.1433,0.4588,0.4539,0.495,0.2354,0.2478
001283,豪鹏科技,51.58,True,49.88,49.86,3,2.99,-16.03,-6.14,0.03,0.0,从未跌破（观测期内）,2026-07-06,54.16,0.3427,-0.62,0.6777,0.2056,0.9813,0.0,0.2477
002228,合兴包装,36.64,True,3.03,3.09,0,-0.35,-8.4,-5.07,-1.89,0.0,从未跌破（观测期内）,2026-07-06,38.71,-0.1666,-0.0689,0.2925,0.1724,0.638,0.5125,0.2476
600218,全柴动力,32.58,True,7.48,7.72,0,-3.15,-8.81,-6.19,-3.15,0.0,从未跌破（观测期内）,2026-07-06,29.68,-0.4684,0.2925,0.2763,0.317,0.4373,0.5394,0.2476
603025,大豪科技,150.96,True,13.61,14.14,0,-1.17,-11.96,-6.05,-3.78,0.0,从未跌破（观测期内）,2026-07-06,39.44,0.1859,0.0292,0.4569,0.3232,0.6543,0.2385,0.2474
600227,赤天化,31.94,True,2.5,2.68,0,-3.74,-13.3,-8.72,-6.84,0.0,从未跌破（观测期内）,2026-07-06,31.18,0.6781,-0.214,0.5088,0.5212,0.4707,0.152,0.2473
603356,华菱精工,21.73,True,16.3,17.7,5,5.86,-9.47,-3.52,-7.92,0.0,从未跌破（观测期内）,2026-07-06,43.13,-0.0148,2.4339,0.7337,0.4,0.7363,0.0,0.2473
001336,楚环科技,11.23,True,22.77,23.65,0,-3.72,-11.91,-8.55,-3.72,0.0,从未跌破（观测期内）,2026-07-06,37.68,0.1109,-0.2274,0.2787,0.1756,0.6151,0.5355,0.2472
002985,北摩高科,90.02,True,27.2,28.55,4,2.13,-11.75,-4.94,-4.73,0.0,从未跌破（观测期内）,2026-07-06,28.27,0.3774,0.8134,0.5631,0.6264,0.406,0.0615,0.247
600847,万里股份,20.26,True,13.22,14.25,2,2.61,-9.72,-5.09,-7.21,0.0,从未跌破（观测期内）,2026-07-06,37.52,0.5714,-0.2277,0.5538,0.4518,0.6116,0.077,0.2468
605166,聚合顺,29.08,True,9.24,9.79,3,4.07,-11.63,-4.44,-5.66,0.0,从未跌破（观测期内）,2026-07-06,44.03,0.5919,-0.4323,0.6185,0.3822,0.7562,0.0,0.2468
000711,ST京蓝,119.3,True,5.01,5.17,1,0.98,-20.71,-8.7,-3.13,0.0,从未跌破（观测期内）,2026-07-06,37.67,0.3312,0.2393,0.6979,0.4945,0.6148,0.0,0.2466
603703,盛洋科技,42.54,True,10.25,11.46,0,-2.41,-14.05,-7.6,-10.57,0.0,从未跌破（观测期内）,2026-07-06,31.21,0.3404,0.3885,0.5504,0.5596,0.4713,0.0827,0.2466
002122,ST汇洲,50.69,True,2.55,2.48,2,2.8,-14.89,-6.45,2.8,0.0,从未跌破（观测期内）,2026-07-06,42.05,-0.488,0.2713,0.4928,0.3085,0.7121,0.1786,0.2464
600876,凯盛新能,28.13,True,7.11,8.11,3,13.03,-15.39,-5.8,-12.36,0.0,从未跌破（观测期内）,2026-07-06,36.78,0.4473,0.0993,0.7001,0.5081,0.595,0.0,0.246
601966,玲珑轮胎,160.84,True,10.99,11.02,0,-0.32,-11.4,-5.6,-0.32,0.0,从未跌破（观测期内）,2026-07-06,34.78,-0.5255,0.0413,0.2733,0.2165,0.5507,0.5445,0.246
000889,中嘉博创,27.23,True,3.13,3.58,3,10.81,-16.55,-7.99,-12.63,0.0,从未跌破（观测期内）,2026-07-06,40.71,0.7285,-0.6317,0.7082,0.4371,0.6824,0.0,0.2458
603391,力聚热能,12.93,True,56.83,54.79,3,3.72,-15.11,-7.0,3.71,0.0,从未跌破（观测期内）,2026-07-06,44.73,0.1031,-0.3116,0.3715,0.1372,0.7718,0.3809,0.2458
000530,冰山冷热,31.09,True,5.18,5.58,5,12.76,-14.49,-4.72,-7.11,0.0,从未跌破（观测期内）,2026-07-06,37.3,0.8287,-0.6808,0.6533,0.4972,0.6066,0.0,0.2456
002021,中捷资源,29.53,True,2.47,2.52,4,1.8,-14.04,-5.46,-2.16,0.0,从未跌破（观测期内）,2026-07-06,42.15,0.1495,0.3027,0.6971,0.4108,0.7144,0.0,0.2456
002595,豪迈科技,558.59,True,48.49,48.62,1,1.66,-10.34,-5.41,-0.28,0.0,从未跌破（观测期内）,2026-07-06,46.36,0.1234,-0.2683,0.431,0.1668,0.8081,0.2816,0.2455
002334,英威腾,51.89,True,7.06,7.89,2,5.64,-16.04,-7.22,-10.56,0.0,从未跌破（观测期内）,2026-07-06,25.98,0.8277,-0.6727,0.3997,0.4966,0.3552,0.3338,0.2453
002296,辉煌科技,30.95,True,8.91,9.27,0,-0.96,-9.92,-5.87,-3.92,0.0,从未跌破（观测期内）,2026-07-06,36.03,-0.3978,0.2199,0.3698,0.2879,0.5785,0.3837,0.2452
603101,汇嘉时代,31.94,True,6.79,6.69,3,2.96,-10.28,-6.39,1.51,0.0,从未跌破（观测期内）,2026-07-06,46.56,0.0462,-0.3625,0.3523,0.0827,0.8125,0.4129,0.2451
000917,电广传媒,92.56,True,6.5,6.95,3,4.05,-14.73,-6.55,-6.53,0.0,从未跌破（观测期内）,2026-07-06,40.77,0.6052,-0.4922,0.533,0.3662,0.6837,0.1117,0.2451
000633,合金投资,19.22,True,4.99,5.11,0,-2.34,-11.14,-7.26,-2.34,0.0,从未跌破（观测期内）,2026-07-06,34.55,-0.1006,0.2108,0.3413,0.2843,0.5455,0.4311,0.2448
002498,汉缆股份,212.25,True,6.38,7.16,0,-3.83,-15.68,-9.72,-10.93,0.0,从未跌破（观测期内）,2026-07-06,26.42,0.7338,-0.3061,0.431,0.5178,0.365,0.2817,0.2447
001325,元创股份,7.36,True,37.53,37.93,1,0.33,-12.72,-5.79,-1.06,0.0,从未跌破（观测期内）,2026-07-06,38.25,0.3543,-0.2649,0.4317,0.3066,0.6277,0.2805,0.2443
600303,曙光股份,17.55,True,2.59,2.79,3,3.34,-17.8,-10.35,-7.3,0.0,从未跌破（观测期内）,2026-07-06,23.26,0.9035,-0.4165,0.4339,0.5755,0.2946,0.2769,0.2443
002209,达 意 隆,16.9,True,10.8,11.02,0,-1.48,-11.02,-6.99,-2.01,0.0,从未跌破（观测期内）,2026-07-06,42.22,0.2241,-0.2097,0.447,0.2506,0.716,0.255,0.2441
002114,罗平锌电,22.38,True,6.92,7.4,2,5.61,-16.51,-5.92,-6.47,0.0,从未跌破（观测期内）,2026-07-06,39.95,0.3665,0.0601,0.7432,0.444,0.6657,0.0,0.2441
002562,兄弟科技,36.93,True,4.54,4.64,0,-2.23,-10.72,-5.92,-2.23,0.0,从未跌破（观测期内）,2026-07-06,32.67,-0.4449,0.2143,0.3126,0.2857,0.5039,0.479,0.2441
603613,国联股份,135.68,True,18.83,19.69,0,-1.28,-16.55,-10.43,-4.36,0.0,从未跌破（观测期内）,2026-07-06,40.54,-0.3767,0.1753,0.4372,0.2701,0.6788,0.2714,0.244
002306,ST云网,16.82,True,2.07,2.04,5,2.74,-10.65,-3.6,1.5,0.0486,从未跌破（观测期内）,2026-07-06,41.38,0.2521,-0.5522,0.4108,0.1513,0.6973,0.3154,0.244
603529,爱玛科技,169.94,True,20.05,20.19,3,1.11,-7.99,-2.76,-0.68,0.0377,从未跌破（观测期内）,2026-07-06,34.76,0.3092,-0.5323,0.3107,0.1855,0.5502,0.4821,0.2438
603790,雅运股份,45.37,True,23.71,24.74,2,1.97,-14.67,-6.01,-4.16,0.0,从未跌破（观测期内）,2026-07-06,42.34,-0.3044,0.6638,0.7049,0.4,0.7187,0.0,0.2437
603786,科博达,178.14,True,44.11,44.91,0,-1.75,-12.58,-7.03,-1.77,0.0,从未跌破（观测期内）,2026-07-06,32.06,-0.3479,0.4905,0.4137,0.3962,0.4901,0.3106,0.2437
600523,贵航股份,44.73,True,11.07,11.04,2,1.2,-9.68,-5.18,0.29,0.0,从未跌破（观测期内）,2026-07-06,38.86,-0.072,-0.1358,0.2848,0.1457,0.6413,0.5254,0.2435
000690,宝新能源,101.98,True,4.69,5.01,2,4.7,-11.74,-6.27,-6.38,0.0,从未跌破（观测期内）,2026-07-06,27.27,0.7664,-0.7154,0.3928,0.4599,0.3838,0.3453,0.2435
002380,科远智慧,49.32,True,34.68,36.32,0,-2.71,-13.75,-7.49,-4.52,0.0,从未跌破（观测期内）,2026-07-06,38.76,0.4916,-0.4069,0.4697,0.3322,0.639,0.2172,0.2434
603280,南方路机,28.55,True,26.34,26.7,0,-0.01,-9.06,-5.55,-1.34,0.0,从未跌破（观测期内）,2026-07-06,38.83,-0.002,-0.0111,0.3344,0.1956,0.6407,0.4427,0.2434
002578,闽发铝业,26.95,True,3.13,3.42,0,-3.79,-13.49,-8.86,-8.57,0.0,从未跌破（观测期内）,2026-07-06,24.53,0.7793,-0.1825,0.4795,0.5946,0.3229,0.2008,0.2433
002376,新北洋,46.2,True,5.87,5.98,0,-1.47,-8.68,-5.68,-1.83,0.0,从未跌破（观测期内）,2026-07-06,36.27,-0.3076,-0.0642,0.27,0.1743,0.5839,0.5501,0.2429
000570,苏常柴Ａ,27.67,True,4.98,5.02,0,-0.77,-10.89,-7.43,-0.77,0.0,从未跌破（观测期内）,2026-07-06,38.46,-0.2563,-0.1054,0.2928,0.1578,0.6325,0.512,0.2428
002953,日丰股份,24.36,True,8.98,9.35,0,-2.79,-11.0,-7.05,-4.0,0.0,从未跌破（观测期内）,2026-07-06,31.16,-0.1372,0.3033,0.3288,0.3213,0.4703,0.4519,0.2422
002184,海得控制,23.44,True,9.75,10.26,1,1.08,-15.83,-8.59,-5.01,0.0,从未跌破（观测期内）,2026-07-06,40.85,0.2662,0.064,0.5658,0.3854,0.6855,0.0569,0.242
603888,新华网,115.18,True,17.07,18.14,6,2.63,-9.6,-2.88,-5.91,0.0,从未跌破（观测期内）,2026-07-06,27.05,0.5736,-0.3832,0.3259,0.3909,0.3789,0.4568,0.242
002927,泰永长征,40.13,True,18.18,20.2,6,6.58,-15.43,-5.05,-9.98,0.0,从未跌破（观测期内）,2026-07-06,39.86,0.7286,-0.5535,0.7589,0.4371,0.6636,0.0,0.242
002882,金龙羽,46.77,True,18.95,20.24,0,-0.98,-14.67,-7.41,-6.35,0.0,从未跌破（观测期内）,2026-07-06,25.65,0.544,0.2976,0.5567,0.6455,0.3479,0.0722,0.2418
002792,通宇通讯,112.73,True,33.37,36.36,0,-0.47,-16.45,-9.77,-8.22,0.0,从未跌破（观测期内）,2026-07-06,35.13,0.4678,-0.0194,0.5527,0.4729,0.5583,0.0788,0.2417
002760,凤形股份,18.42,True,17.06,17.36,0,-1.74,-15.41,-9.49,-1.74,0.0,从未跌破（观测期内）,2026-07-06,42.63,0.035,-0.2155,0.3482,0.1348,0.725,0.4197,0.2417
002382,蓝帆医疗,53.38,True,5.35,5.47,0,-2.27,-12.64,-9.15,-2.27,0.0,从未跌破（观测期内）,2026-07-06,42.14,0.0279,-0.1561,0.3593,0.1543,0.7142,0.4011,0.2416
002692,远程股份,27.2,True,3.79,4.01,0,-3.68,-14.0,-9.7,-5.58,0.0,从未跌破（观测期内）,2026-07-06,31.9,0.1858,0.0738,0.3643,0.341,0.4866,0.3929,0.2415
600727,鲁北化工,37.05,True,7.01,7.4,2,0.68,-12.47,-5.5,-5.25,0.0,从未跌破（观测期内）,2026-07-06,36.04,0.7383,-0.6742,0.5399,0.443,0.5787,0.1002,0.2415
600105,永鼎股份,731.73,True,50.05,59.54,19,29.83,-15.94,9.76,-15.94,0.1479,从未跌破（观测期内）,2026-07-06,46.87,-0.0095,-0.316,1.0653,0.0736,0.8194,0.0,0.2414
605001,威奥股份,22.59,True,5.75,5.83,0,-1.29,-9.51,-6.45,-1.33,0.0,从未跌破（观测期内）,2026-07-06,39.07,-0.3926,-0.059,0.3278,0.1764,0.6461,0.4537,0.2414
000697,炼石航空,62.76,True,9.61,10.66,2,2.34,-12.92,-6.17,-9.88,0.0,从未跌破（观测期内）,2026-07-06,29.82,0.6052,-0.1224,0.5013,0.5142,0.4404,0.1646,0.2413
000707,双环科技,24.45,True,4.44,4.55,0,-2.41,-9.93,-6.12,-2.49,0.0,从未跌破（观测期内）,2026-07-06,36.79,-0.0199,-0.0049,0.3113,0.198,0.5954,0.4812,0.2408
002232,启明信息,59.28,True,14.51,14.68,3,1.25,-12.32,-5.9,-1.15,0.0,从未跌破（观测期内）,2026-07-06,41.19,0.0447,0.1604,0.4838,0.291,0.6931,0.1937,0.2404
000967,盈峰环境,339.8,True,10.12,10.32,5,12.28,-16.14,-5.54,-1.95,0.0,从未跌破（观测期内）,2026-07-06,48.36,0.4469,-0.4731,0.8517,0.2789,0.8524,0.0,0.2402
600476,*ST湘邮,15.25,True,9.47,9.66,0,-1.96,-17.55,-10.13,-1.96,0.0,从未跌破（观测期内）,2026-07-06,41.36,-0.5228,0.1724,0.4657,0.269,0.6969,0.2239,0.2402
603305,旭升集团,148.62,True,12.86,13.16,0,-1.68,-15.71,-9.03,-2.26,0.0,从未跌破（观测期内）,2026-07-06,40.22,0.0226,0.3082,0.5137,0.3368,0.6715,0.1438,0.2401
001301,尚太科技,153.21,True,58.98,63.75,14,5.36,-7.49,0.23,-7.49,0.0849,从未跌破（观测期内）,2026-07-06,38.83,0.1805,0.0101,0.6605,0.3123,0.6406,0.0,0.2401
603112,华翔股份,88.05,True,16.47,17.8,0,-2.98,-13.78,-9.65,-7.46,0.0,从未跌破（观测期内）,2026-07-06,34.27,0.7871,-0.453,0.5619,0.4911,0.5392,0.0635,0.2401
600235,民丰特纸,18.48,True,5.26,5.36,0,-1.96,-9.97,-7.56,-1.96,0.0,从未跌破（观测期内）,2026-07-06,38.84,0.0967,-0.2636,0.3057,0.1526,0.641,0.4906,0.2399
002104,恒宝股份,60.81,True,10.14,10.93,0,-2.79,-11.95,-7.51,-7.21,0.0,从未跌破（观测期内）,2026-07-06,28.7,-0.2405,0.9082,0.3727,0.4,0.4155,0.3789,0.2399
002035,华帝股份,36.68,True,4.69,4.72,0,-0.61,-8.13,-4.55,-0.61,0.0,从未跌破（观测期内）,2026-07-06,37.08,-0.3539,-0.1658,0.2555,0.1337,0.6017,0.5742,0.2399
002177,御银股份,36.58,True,5.42,6.0,0,-0.45,-16.6,-9.38,-9.59,0.0,从未跌破（观测期内）,2026-07-06,36.16,0.5348,-0.2238,0.5378,0.4314,0.5814,0.1036,0.2397
603395,红四方,13.6,True,20.93,21.63,0,-3.22,-10.7,-6.66,-3.22,0.0,从未跌破（观测期内）,2026-07-06,31.12,0.3852,-0.2736,0.3399,0.3217,0.4693,0.4335,0.2393
603195,公牛集团,691.09,True,38.38,39.31,2,0.49,-5.13,-1.92,-2.36,0.0316,从未跌破（观测期内）,2026-07-06,37.25,-0.0899,-0.4039,0.2164,0.0384,0.6056,0.6393,0.2393
603016,新宏泰,50.34,True,33.98,35.68,0,-4.26,-18.97,-11.35,-4.77,0.0,从未跌破（观测期内）,2026-07-06,37.21,0.179,-0.089,0.3988,0.2718,0.6046,0.3354,0.2392
002096,易普力,112.14,True,9.04,9.35,3,12.22,-15.42,-6.55,-3.32,0.0,从未跌破（观测期内）,2026-07-06,43.5,0.6015,-0.6652,0.6119,0.3609,0.7444,0.0,0.2391
600262,北方股份,35.94,True,21.14,21.03,2,0.54,-9.56,-4.96,0.52,0.0,从未跌破（观测期内）,2026-07-06,38.5,-0.5038,0.0203,0.359,0.2081,0.6333,0.4017,0.2389
000815,美利云,93.86,True,13.5,15.58,5,7.91,-17.97,-7.06,-13.34,0.0,从未跌破（观测期内）,2026-07-06,35.22,0.7523,-0.364,0.7751,0.5058,0.5604,0.0,0.2385
600328,中盐化工,91.2,True,6.22,6.46,2,0.35,-10.25,-5.08,-3.66,0.0,从未跌破（观测期内）,2026-07-06,31.76,0.2834,-0.1457,0.3446,0.3118,0.4837,0.4257,0.2385
603188,亚邦股份,23.26,True,4.08,4.19,0,-0.72,-10.23,-5.73,-2.72,0.0,从未跌破（观测期内）,2026-07-06,37.01,-0.2746,0.1337,0.3797,0.2535,0.6002,0.3672,0.2385
600289,ST信通,32.54,True,5.75,5.56,4,8.79,-12.65,-4.88,3.34,0.0251,从未跌破（观测期内）,2026-07-06,55.16,-0.3062,-0.5062,0.484,0.0,0.9965,0.1934,0.2384
603000,人民网,167.07,True,15.11,15.85,0,-3.27,-11.28,-6.56,-4.64,0.0,从未跌破（观测期内）,2026-07-06,32.28,0.4863,-0.4618,0.3494,0.3071,0.4952,0.4176,0.2384
600230,沧州大化,57.25,True,13.83,14.25,3,3.79,-11.32,-4.82,-2.96,0.0,从未跌破（观测期内）,2026-07-06,38.21,0.0554,0.3701,0.5302,0.3813,0.627,0.1163,0.2382
002398,垒知集团,23.47,True,3.85,3.99,0,-3.34,-8.99,-6.44,-3.52,0.0,从未跌破（观测期内）,2026-07-06,29.58,-0.0912,0.1009,0.2356,0.2404,0.4351,0.6073,0.2382
600518,康美药业,179.69,True,1.3,1.33,0,-2.44,-14.34,-7.77,-2.44,0.0,从未跌破（观测期内）,2026-07-06,40.0,-0.3216,0.1572,0.4433,0.2629,0.6667,0.2612,0.2382
605318,法狮龙,122.61,True,97.52,119.92,16,30.35,-18.68,9.73,-18.68,0.0308,从未跌破（观测期内）,2026-07-06,20.92,0.5157,0.5263,0.9016,0.7094,0.2426,0.0,0.2382
001222,源飞宠物,15.57,True,13.78,14.12,0,-1.53,-13.11,-7.8,-2.37,0.0,从未跌破（观测期内）,2026-07-06,34.45,-0.2278,0.0943,0.32,0.2377,0.5434,0.4667,0.2381
000859,国风新材,83.32,True,9.3,10.81,15,10.04,-16.75,0.98,-13.97,0.0,从未跌破（观测期内）,2026-07-06,37.58,0.6644,-0.3417,0.8769,0.462,0.613,0.0,0.2381
002721,金一文化,59.84,True,2.25,2.34,0,-1.04,-12.95,-8.26,-3.76,0.0,从未跌破（观测期内）,2026-07-06,29.09,-0.4812,0.3862,0.3428,0.3545,0.4242,0.4286,0.2378
603985,恒润股份,98.44,True,22.33,23.55,9,6.53,-9.99,-1.69,-5.16,0.0,从未跌破（观测期内）,2026-07-06,39.81,0.3632,0.0085,0.6194,0.4213,0.6624,0.0,0.2378
600742,富维股份,55.8,True,7.51,7.59,0,-1.11,-8.29,-4.7,-1.11,0.0,从未跌破（观测期内）,2026-07-06,37.36,-0.0303,-0.1357,0.2808,0.1457,0.6079,0.5321,0.2378
002198,ST嘉应,17.41,True,3.43,3.38,2,2.99,-16.71,-8.14,1.37,0.0,从未跌破（观测期内）,2026-07-06,46.15,-0.077,0.1645,0.5574,0.2658,0.8034,0.0709,0.2378
603218,日月股份,104.23,True,10.13,10.52,0,-2.22,-11.69,-6.45,-3.75,0.0,从未跌破（观测期内）,2026-07-06,29.56,0.2023,-0.1134,0.2732,0.276,0.4346,0.5447,0.2376
001379,腾达科技,10.78,True,16.02,16.62,0,-2.25,-12.68,-8.45,-3.64,0.0,从未跌破（观测期内）,2026-07-06,31.27,-0.3384,0.1841,0.3017,0.2736,0.4726,0.4972,0.2375
000877,天山股份,267.35,True,3.76,3.89,0,-3.37,-9.28,-6.46,-3.37,0.0,从未跌破（观测期内）,2026-07-06,26.23,-0.499,0.2554,0.2408,0.3022,0.3607,0.5987,0.2375
002478,常宝股份,44.81,True,6.2,6.54,0,-2.23,-10.93,-6.11,-5.19,0.0,从未跌破（观测期内）,2026-07-06,28.48,0.329,-0.1364,0.3221,0.3428,0.4106,0.4631,0.2373
002574,明牌珠宝,22.49,True,4.26,4.48,0,-4.03,-10.04,-7.45,-4.92,0.0,从未跌破（观测期内）,2026-07-06,23.91,-0.5157,0.4818,0.2911,0.3927,0.3092,0.5148,0.2372
603279,景津装备,73.2,True,12.7,12.8,0,-0.81,-13.48,-8.74,-0.81,0.0,从未跌破（观测期内）,2026-07-06,30.83,0.2263,-0.1858,0.2828,0.2615,0.4628,0.5287,0.2372
002432,九安医疗,294.52,True,63.3,67.68,4,2.06,-17.14,-5.45,-6.48,0.0,从未跌破（观测期内）,2026-07-06,45.48,0.3901,-0.2908,0.8218,0.3177,0.7884,0.0,0.2371
600967,内蒙一机,189.07,True,11.11,11.48,0,-1.61,-10.9,-6.28,-3.21,0.0,从未跌破（观测期内）,2026-07-06,31.52,-0.033,0.2487,0.3337,0.2995,0.4783,0.4438,0.2371
603816,XD顾家家,179.16,True,22.06,22.98,0,-4.02,-14.95,-9.63,-4.02,0.0,从未跌破（观测期内）,2026-07-06,26.37,-0.6605,0.3375,0.278,0.335,0.3638,0.5367,0.237
002531,天顺风能,142.05,True,7.95,8.95,0,-5.74,-17.79,-11.41,-11.15,0.0,从未跌破（观测期内）,2026-07-06,23.21,0.3055,0.4854,0.4647,0.5775,0.2937,0.2255,0.2369
002445,中南文化,66.73,True,2.82,3.07,0,-3.4,-13.02,-8.69,-8.23,0.0,从未跌破（观测期内）,2026-07-06,25.32,0.6957,-0.5976,0.3429,0.4174,0.3404,0.4286,0.2367
605088,冠盛股份,62.67,True,31.15,30.73,2,2.0,-12.91,-6.0,1.36,0.0,从未跌破（观测期内）,2026-07-06,39.57,-0.3867,0.0444,0.397,0.2177,0.6571,0.3383,0.2366
605122,四方新材,19.17,True,11.12,11.58,0,-3.95,-10.09,-8.15,-3.95,0.0,从未跌破（观测期内）,2026-07-06,31.14,0.0573,-0.0048,0.2618,0.2325,0.4698,0.5636,0.2366
000408,藏格矿业,1172.28,True,74.72,73.94,4,4.45,-10.41,-4.23,1.06,0.0141,从未跌破（观测期内）,2026-07-06,38.95,0.0662,0.3899,0.5871,0.3956,0.6434,0.0216,0.2365
002413,雷科防务,120.86,True,9.33,9.94,1,0.17,-12.26,-5.79,-6.18,0.0,从未跌破（观测期内）,2026-07-06,36.26,0.0477,0.2661,0.4563,0.335,0.5836,0.2395,0.2364
002022,科华生物,25.2,True,4.9,4.91,0,-0.19,-9.87,-6.4,-0.19,0.0,从未跌破（观测期内）,2026-07-06,43.57,-0.3914,-0.2779,0.3406,0.0888,0.746,0.4323,0.2363
000553,安道麦A,127.79,True,5.87,5.8,2,1.44,-11.86,-5.04,1.22,0.0,从未跌破（观测期内）,2026-07-06,44.51,-0.2679,-0.1571,0.4057,0.1371,0.7669,0.3238,0.2362
600052,东望时代,31.24,True,3.7,3.71,2,3.4,-13.11,-7.33,-0.36,0.0,从未跌破（观测期内）,2026-07-06,51.46,0.1063,-0.2056,0.5739,0.1815,0.9214,0.0435,0.2362
002351,漫步者,48.41,True,9.29,9.79,0,-1.58,-11.7,-6.78,-5.06,0.0,从未跌破（观测期内）,2026-07-06,30.8,0.5658,-0.5276,0.3646,0.3395,0.4623,0.3923,0.2362
603201,常润股份,29.38,True,15.6,16.87,14,19.27,-22.2,0.13,-7.52,0.0381,从未跌破（观测期内）,2026-07-06,43.2,0.0765,0.1168,0.9729,0.2926,0.7378,0.0,0.2359
603680,今创集团,81.66,True,10.42,10.57,0,-1.39,-14.33,-9.19,-1.44,0.0,从未跌破（观测期内）,2026-07-06,33.79,-0.4845,0.2783,0.3915,0.3113,0.5286,0.3475,0.2357
000665,湖北广电,41.96,True,3.69,3.92,0,-4.09,-10.49,-7.33,-5.89,0.0,从未跌破（观测期内）,2026-07-06,25.61,0.376,-0.1037,0.3201,0.3841,0.3469,0.4665,0.2354
601608,中信重工,220.28,True,4.81,5.03,0,-2.16,-9.85,-6.47,-4.39,0.0,从未跌破（观测期内）,2026-07-06,30.51,0.0491,0.1321,0.3063,0.2823,0.4557,0.4896,0.2352
600212,绿能慧充,27.36,True,5.15,5.62,0,-2.14,-11.63,-7.88,-8.35,0.0,从未跌破（观测期内）,2026-07-06,32.29,-0.1943,1.2173,0.4561,0.4,0.4954,0.2398,0.235
603936,博敏电子,133.2,True,21.13,24.92,14,21.1,-15.22,4.6,-15.22,0.0,从未跌破（观测期内）,2026-07-06,36.38,0.6678,-0.324,0.8056,0.4711,0.5863,0.0,0.235
603232,格尔软件,33.17,True,14.34,15.88,1,1.6,-18.64,-12.43,-9.67,0.0,从未跌破（观测期内）,2026-07-06,30.92,0.8639,-0.7914,0.5507,0.5183,0.4648,0.0821,0.2349
001258,立新能源,65.33,True,7.0,7.49,1,6.89,-21.09,-14.7,-6.49,0.0,从未跌破（观测期内）,2026-07-06,25.0,0.9167,-0.804,0.4777,0.55,0.3333,0.2038,0.2347
002523,天桥起重,43.05,True,3.05,3.17,0,-1.96,-10.12,-6.07,-3.79,0.0,从未跌破（观测期内）,2026-07-06,33.33,0.0663,0.0115,0.3211,0.2444,0.5185,0.4648,0.2345
002677,浙江美大,33.2,True,6.02,6.19,0,-0.32,-15.04,-9.49,-2.74,0.0,从未跌破（观测期内）,2026-07-06,34.88,-0.2653,2.0957,0.5046,0.4,0.553,0.1591,0.2345
603968,醋化股份,19.49,True,9.53,10.02,0,-3.97,-11.93,-8.5,-4.85,0.0,从未跌破（观测期内）,2026-07-06,23.41,0.7481,-0.7185,0.3494,0.4489,0.2981,0.4177,0.2345
002213,大为股份,72.74,True,35.19,37.74,10,12.3,-8.74,0.15,-6.77,0.0,从未跌破（观测期内）,2026-07-06,38.52,0.6624,-0.4159,0.6991,0.431,0.6338,0.0,0.2345
603868,飞科电器,134.51,True,30.88,32.37,0,-2.19,-12.27,-6.76,-4.6,0.0,从未跌破（观测期内）,2026-07-06,32.0,0.5694,-0.7639,0.3965,0.3416,0.4889,0.3392,0.2341
002076,星光股份,23.97,True,2.3,2.45,3,3.41,-13.1,-3.84,-6.05,0.0,从未跌破（观测期内）,2026-07-06,40.15,-0.2766,1.2494,0.6949,0.4,0.6699,0.0,0.234
002957,科瑞技术,190.0,True,45.38,54.0,9,25.09,-15.96,-1.0,-15.96,0.0,从未跌破（观测期内）,2026-07-06,36.39,0.7779,-0.6743,0.8248,0.4667,0.5865,0.0,0.234
600495,晋西车轴,42.89,True,3.55,3.66,0,-1.67,-9.76,-6.24,-3.02,0.0,从未跌破（观测期内）,2026-07-06,32.47,0.1847,-0.171,0.3059,0.2424,0.4993,0.4901,0.234
600425,青松建化,54.24,True,3.38,3.42,0,-0.87,-7.29,-3.89,-1.08,0.0,从未跌破（观测期内）,2026-07-06,35.19,-0.3992,-0.1859,0.2384,0.1256,0.5597,0.6027,0.2338
002857,三晖电气,21.37,True,16.62,17.2,0,-0.09,-16.8,-7.88,-3.37,0.0,从未跌破（观测期内）,2026-07-06,41.64,0.5345,-0.5891,0.5482,0.3207,0.7031,0.0864,0.2337
603008,ST喜临门,30.09,True,8.17,8.7,10,5.52,-10.3,-1.72,-6.04,0.0,从未跌破（观测期内）,2026-07-06,23.98,0.7457,-0.5924,0.3623,0.4474,0.3107,0.3962,0.2334
600846,同济科技,71.54,True,11.45,10.19,4,12.41,-13.8,-6.46,12.41,0.1521,从未跌破（观测期内）,2026-07-06,63.68,-0.2789,-0.3902,0.6667,0.0439,0.8072,0.0,0.2333
603205,健尔康,8.94,True,21.63,21.67,0,-0.18,-10.61,-6.64,-0.18,0.0,从未跌破（观测期内）,2026-07-06,40.31,-0.0077,-0.1043,0.3652,0.1583,0.6737,0.3913,0.233
000678,襄阳轴承,41.27,True,8.98,9.57,0,-1.22,-19.97,-12.24,-6.13,0.0,从未跌破（观测期内）,2026-07-06,39.91,-0.3841,0.5771,0.6727,0.4,0.6647,0.0,0.2329
603655,朗博科技,31.29,True,29.52,31.28,0,-0.37,-14.66,-10.2,-5.62,0.0,从未跌破（观测期内）,2026-07-06,35.0,-0.2305,1.2085,0.5131,0.4,0.5556,0.1448,0.2328
001259,利仁科技,30.3,True,63.74,67.72,4,6.75,-11.57,-3.41,-5.88,0.0,从未跌破（观测期内）,2026-07-06,37.61,0.5982,-0.3426,0.5818,0.4219,0.6135,0.0304,0.2327
002241,歌尔股份,674.85,True,21.47,22.91,0,-2.49,-11.01,-6.53,-6.3,0.0,从未跌破（观测期内）,2026-07-06,36.34,0.6294,-0.5914,0.515,0.3777,0.5853,0.1417,0.2327
601222,林洋能源,111.25,True,5.45,5.74,1,0.71,-10.2,-6.08,-5.09,0.0,从未跌破（观测期内）,2026-07-06,17.78,0.7872,-0.7371,0.2808,0.4723,0.1728,0.532,0.2324
603062,麦加芯彩,15.26,True,41.17,41.1,3,1.38,-14.66,-6.11,0.18,0.0,从未跌破（观测期内）,2026-07-06,45.13,-0.0106,-0.3216,0.3673,0.0713,0.7807,0.3878,0.2321
002581,*ST未名,13.35,True,3.33,3.54,0,-3.71,-19.62,-11.96,-5.87,0.0,从未跌破（观测期内）,2026-07-06,42.48,0.1379,0.0914,0.5685,0.3193,0.7219,0.0525,0.2321
600004,白云机场,179.63,True,7.59,7.77,2,1.71,-8.01,-3.61,-2.26,0.0,从未跌破（观测期内）,2026-07-06,28.32,-0.2645,0.2635,0.3036,0.3054,0.4072,0.4939,0.2319
601717,中创智领,232.1,True,15.05,15.5,0,-0.65,-12.97,-5.83,-2.91,0.0,从未跌破（观测期内）,2026-07-06,32.58,-0.1656,0.2466,0.3734,0.2987,0.5019,0.3776,0.2317
600312,平高电气,239.36,True,17.64,18.15,0,-2.6,-12.95,-7.03,-2.82,0.0,从未跌破（观测期内）,2026-07-06,34.12,0.4605,-0.4953,0.38,0.2782,0.5359,0.3666,0.2317
002686,亿利达,28.38,True,5.43,5.61,0,-2.92,-13.89,-9.77,-3.15,0.0,从未跌破（观测期内）,2026-07-06,31.69,-0.5271,0.2418,0.3559,0.2967,0.482,0.4068,0.2316
002449,国星光电,44.72,True,7.23,7.74,3,2.18,-11.61,-3.9,-6.64,0.0,从未跌破（观测期内）,2026-07-06,44.32,0.3579,-0.293,0.5812,0.2975,0.7627,0.0313,0.2316
002347,泰尔股份,28.86,True,5.85,6.26,0,-1.95,-13.64,-9.31,-6.5,0.0,从未跌破（观测期内）,2026-07-06,33.0,0.2274,-0.033,0.4058,0.3232,0.5111,0.3236,0.2316
603327,福蓉科技,88.24,True,8.44,9.85,9,10.37,-19.63,-4.25,-14.28,0.0,从未跌破（观测期内）,2026-07-06,30.69,0.2636,0.628,0.836,0.5582,0.4598,0.0,0.2315
002606,大连电瓷,55.89,True,13.27,13.67,0,-1.61,-17.12,-7.35,-2.93,0.0,从未跌破（观测期内）,2026-07-06,42.78,0.3417,-0.6919,0.4622,0.205,0.7284,0.2297,0.2314
002222,福晶科技,376.91,True,80.51,92.03,5,6.95,-16.03,-5.31,-12.52,0.0,从未跌破（观测期内）,2026-07-06,36.38,0.7603,-0.5226,0.8247,0.4562,0.5862,0.0,0.2313
002489,浙江永强,54.14,True,2.83,3.03,0,-3.33,-17.75,-11.88,-6.74,0.0,从未跌破（观测期内）,2026-07-06,25.0,0.6184,-0.6183,0.3144,0.371,0.3333,0.476,0.2308
000016,*ST康佳A,40.87,True,2.56,2.65,0,-0.45,-23.16,-11.73,-3.43,0.0,从未跌破（观测期内）,2026-07-06,39.73,-0.0614,0.487,0.6282,0.3948,0.6606,0.0,0.2308
603585,苏利股份,27.8,True,14.37,14.52,0,-1.03,-11.99,-6.86,-1.03,0.0,从未跌破（观测期内）,2026-07-06,33.46,-0.022,0.0259,0.3041,0.2104,0.5213,0.4932,0.2308
603596,伯特利,239.67,True,26.7,26.7,1,2.76,-16.82,-9.24,-0.01,0.0,从未跌破（观测期内）,2026-07-06,40.61,0.2103,0.1297,0.6374,0.3781,0.6803,0.0,0.2306
001323,慕思股份,52.57,True,16.89,17.48,1,0.21,-14.4,-8.07,-3.37,0.0,从未跌破（观测期内）,2026-07-06,31.5,-0.1494,0.5647,0.461,0.4,0.4778,0.2316,0.2303
600558,大西洋,44.52,True,4.96,5.24,4,0.69,-9.87,-3.76,-5.41,0.0,从未跌破（观测期内）,2026-07-06,25.0,0.3716,-0.0953,0.3305,0.3848,0.3333,0.4492,0.2303
603180,金牌家居,22.89,True,14.84,15.0,2,2.73,-11.73,-7.83,-1.05,0.0,从未跌破（观测期内）,2026-07-06,37.43,0.5999,-0.3183,0.6455,0.4327,0.6096,0.0,0.2301
002855,捷荣技术,23.1,True,9.38,10.21,0,-2.95,-12.38,-8.39,-8.1,0.0,从未跌破（观测期内）,2026-07-06,30.12,0.4979,-0.2659,0.4303,0.3924,0.4471,0.2828,0.2299
002886,沃特股份,53.63,True,25.65,29.02,11,10.61,-11.6,0.35,-11.6,0.0,从未跌破（观测期内）,2026-07-06,37.22,0.6254,-0.3503,0.712,0.4351,0.6049,0.0,0.2298
603439,三力制药,54.28,True,13.44,14.4,9,20.3,-15.71,-1.67,-6.64,0.0,从未跌破（观测期内）,2026-07-06,38.33,0.6263,-0.4983,0.5609,0.3764,0.6296,0.0651,0.2298
603022,新通联,16.6,True,8.3,8.67,0,-4.28,-12.15,-9.37,-4.28,0.0,从未跌破（观测期内）,2026-07-06,33.01,-0.548,0.0413,0.3067,0.2165,0.5114,0.4889,0.2298
600501,航天晨光,66.01,True,15.43,16.62,0,-2.61,-14.58,-9.28,-7.18,0.0,从未跌破（观测期内）,2026-07-06,27.47,-0.6483,0.7652,0.3918,0.4,0.3883,0.3471,0.2297
002235,安妮股份,51.15,True,9.24,8.82,2,4.78,-17.77,-9.34,4.78,0.0,从未跌破（观测期内）,2026-07-06,44.06,0.433,-0.3664,0.6656,0.3132,0.757,0.0,0.2297
002291,遥望科技,41.63,True,4.79,5.14,0,-5.32,-14.22,-8.85,-6.75,0.0,从未跌破（观测期内）,2026-07-06,28.1,0.4862,-0.3842,0.3411,0.3381,0.4022,0.4315,0.2297
002742,冀衡医药,19.49,True,3.72,3.68,2,1.49,-15.94,-8.56,1.06,0.0,从未跌破（观测期内）,2026-07-06,32.28,0.203,1.5972,0.6933,0.5218,0.4951,0.0,0.2295
600456,宝钛股份,131.39,True,27.5,28.95,2,4.08,-12.55,-5.82,-5.01,0.0,从未跌破（观测期内）,2026-07-06,36.64,0.2665,0.1094,0.5598,0.4036,0.5921,0.067,0.2294
600855,航天长峰,63.97,True,13.68,14.39,1,0.62,-17.02,-8.2,-4.91,0.0,从未跌破（观测期内）,2026-07-06,32.65,0.122,0.116,0.405,0.3196,0.5034,0.325,0.2293
002169,智光电气,105.23,True,13.87,14.74,1,1.36,-11.84,-5.98,-5.92,0.0,从未跌破（观测期内）,2026-07-06,38.62,0.428,-0.3621,0.5041,0.312,0.636,0.1599,0.2292
002676,顺威股份,37.37,True,5.19,5.28,4,2.92,-12.13,-4.35,-1.72,0.0,从未跌破（观测期内）,2026-07-06,33.33,0.2265,0.4155,0.6031,0.5021,0.5185,0.0,0.2292
600691,潞化科技,54.88,True,2.31,2.46,0,-3.05,-12.7,-6.91,-5.93,0.0,从未跌破（观测期内）,2026-07-06,30.14,0.3732,-0.2521,0.3641,0.3231,0.4475,0.3932,0.2292
000572,海马汽车,62.24,True,3.79,4.01,1,2.05,-11.77,-8.2,-5.42,0.0,从未跌破（观测期内）,2026-07-06,34.06,-0.277,4.6239,0.5111,0.4,0.5346,0.1481,0.2291
601016,节能风电,217.38,True,3.6,3.87,1,0.69,-16.41,-10.51,-7.04,0.0,从未跌破（观测期内）,2026-07-06,35.66,0.7668,-0.6845,0.6064,0.4601,0.5703,0.0,0.2291
601609,金田股份,196.72,True,11.38,11.73,3,2.97,-14.78,-5.21,-3.0,0.0,从未跌破（观测期内）,2026-07-06,38.15,0.6934,-0.5309,0.716,0.416,0.6256,0.0,0.2291
002888,惠威科技,14.88,True,19.86,20.78,12,15.8,-10.46,1.65,-4.45,0.1209,从未跌破（观测期内）,2026-07-06,50.65,-0.065,-0.5132,0.6089,0.0,0.9033,0.0,0.229
002743,富煌钢构,17.69,True,4.07,4.2,0,-2.94,-11.48,-8.18,-3.21,0.0,从未跌破（观测期内）,2026-07-06,37.86,-0.5293,0.0374,0.3971,0.2149,0.619,0.3382,0.2283
001319,铭科精技,14.04,True,22.13,21.95,5,3.95,-13.56,-4.63,0.81,0.0,从未跌破（观测期内）,2026-07-06,40.54,0.2651,-0.0759,0.5589,0.3287,0.6787,0.0684,0.2282
603788,宁波高发,31.54,True,14.14,14.33,0,-0.54,-7.48,-5.19,-1.34,0.0,从未跌破（观测期内）,2026-07-06,34.77,0.2334,-0.7166,0.2674,0.14,0.5504,0.5543,0.2282
002454,松芝股份,44.39,True,5.06,5.18,0,-1.68,-14.13,-8.86,-2.27,0.0,从未跌破（观测期内）,2026-07-06,33.06,-0.2818,0.2268,0.3883,0.2907,0.5124,0.3528,0.2281
003040,楚天龙,47.92,True,10.49,11.48,0,-3.71,-12.91,-8.5,-8.62,0.0,从未跌破（观测期内）,2026-07-06,27.79,-0.163,0.4192,0.3726,0.3677,0.3954,0.3791,0.2279
603192,汇得科技,24.88,True,17.85,18.12,0,-1.1,-10.71,-6.5,-1.5,0.0,从未跌破（观测期内）,2026-07-06,35.73,-0.4355,-0.0494,0.3265,0.1802,0.5718,0.4559,0.2278
002151,北斗星通,137.23,True,30.99,32.58,0,-0.55,-12.21,-6.14,-4.87,0.0,从未跌破（观测期内）,2026-07-06,37.23,-0.1988,0.1637,0.4386,0.2655,0.6052,0.269,0.2278
002813,路畅科技,23.17,True,19.33,20.2,0,-1.97,-10.54,-7.66,-4.31,0.0,从未跌破（观测期内）,2026-07-06,36.56,-0.0805,-0.0116,0.3575,0.1953,0.5901,0.4042,0.2275
603409,汇通控股,10.26,True,19.04,20.82,0,-2.99,-21.81,-14.13,-8.56,0.0,从未跌破（观测期内）,2026-07-06,38.68,-0.4411,0.8729,0.665,0.4,0.6374,0.0,0.2275
600444,国机通用,19.8,True,13.52,13.77,0,-1.83,-9.58,-6.5,-1.83,0.0,从未跌破（观测期内）,2026-07-06,36.73,-0.4581,-0.2597,0.2613,0.0961,0.5939,0.5645,0.2275
603629,利通电子,446.14,True,123.41,125.06,7,17.68,-26.14,-4.49,-1.32,0.0,从未跌破（观测期内）,2026-07-06,51.82,0.2607,-0.4764,1.1517,0.1659,0.9293,0.0,0.2273
000786,北新建材,315.09,True,18.65,19.43,0,-3.99,-11.78,-8.05,-3.99,0.0,从未跌破（观测期内）,2026-07-06,22.17,-0.177,0.96,0.3071,0.4,0.2704,0.4882,0.2273
603897,长城科技,66.14,True,32.04,36.16,1,0.86,-23.89,-14.51,-11.39,0.0,从未跌破（观测期内）,2026-07-06,38.6,-0.0749,1.3792,0.8244,0.4,0.6356,0.0,0.2271
601399,国机重装,240.93,True,3.34,3.57,0,-1.21,-8.99,-4.92,-6.48,0.0,从未跌破（观测期内）,2026-07-06,30.69,-0.3534,0.2648,0.3663,0.3059,0.4598,0.3895,0.2269
002488,金固股份,88.79,True,9.65,9.56,2,0.89,-11.84,-6.38,0.89,0.0,从未跌破（观测期内）,2026-07-06,46.17,0.1174,-0.1595,0.5438,0.2067,0.8039,0.0937,0.2265
601126,四方股份,502.97,True,60.96,67.24,2,5.09,-16.2,-8.07,-9.34,0.0,从未跌破（观测期内）,2026-07-06,38.24,0.2857,0.0807,0.7481,0.4037,0.6276,0.0,0.2265
002048,宁波华翔,181.0,True,25.5,25.92,7,6.15,-15.99,-4.07,-1.64,0.0,从未跌破（观测期内）,2026-07-06,34.87,0.1054,1.1863,0.7505,0.4632,0.5526,0.0,0.2263
002253,川大智胜,21.25,True,10.12,10.65,0,-1.57,-12.03,-5.49,-4.94,0.0,从未跌破（观测期内）,2026-07-06,36.7,-0.5116,0.7926,0.57,0.4,0.5933,0.0501,0.2262
002984,森麒麟,100.09,True,14.02,14.1,2,3.51,-9.02,-4.51,-0.53,0.0,从未跌破（观测期内）,2026-07-06,28.49,0.2441,0.1563,0.4328,0.409,0.4109,0.2787,0.2262
002938,鹏鼎控股,2200.61,True,95.29,106.95,12,14.08,-14.42,1.32,-10.9,0.0,从未跌破（观测期内）,2026-07-06,43.56,0.4364,-0.386,0.8568,0.3074,0.7459,0.0,0.226
603601,再升科技,126.46,True,11.07,13.26,0,-7.97,-23.42,-16.9,-16.53,0.0,从未跌破（观测期内）,2026-07-06,33.89,0.7965,-0.5071,0.8167,0.4779,0.5309,0.0,0.2257
603178,圣龙股份,35.13,True,14.86,15.62,0,-0.42,-15.27,-9.58,-4.87,0.0,从未跌破（观测期内）,2026-07-06,36.4,-0.0953,1.0165,0.567,0.4,0.5867,0.055,0.2256
002716,湖南白银,200.17,True,8.61,8.68,2,3.1,-16.5,-6.8,-0.83,0.0,从未跌破（观测期内）,2026-07-06,34.71,0.1032,2.6658,0.6145,0.4619,0.5492,0.0,0.2253
002369,卓翼科技,29.95,True,5.29,5.76,0,-3.93,-11.95,-8.14,-8.16,0.0,从未跌破（观测期内）,2026-07-06,26.28,-0.238,0.4776,0.38,0.391,0.3618,0.3667,0.2251
603011,合锻智能,143.87,True,29.1,33.19,16,41.12,-12.32,16.49,-12.32,0.1966,从未跌破（观测期内）,2026-07-06,39.57,0.0987,-0.6169,1.0503,0.0592,0.6571,0.0,0.2249
000878,云南铜业,320.18,True,15.98,16.88,5,10.67,-12.19,-3.77,-5.35,0.0,从未跌破（观测期内）,2026-07-06,34.65,0.7203,-0.4269,0.6908,0.4614,0.5478,0.0,0.2249
603982,泉峰汽车,19.76,True,5.82,6.04,0,-3.07,-11.78,-8.3,-3.68,0.0,从未跌破（观测期内）,2026-07-06,32.21,-0.2374,0.0594,0.3195,0.2238,0.4937,0.4674,0.2248
002117,东港股份,42.77,True,8.17,8.53,0,-2.16,-12.39,-6.52,-4.21,0.0,从未跌破（观测期内）,2026-07-06,29.38,0.0203,0.2138,0.3435,0.2977,0.4308,0.4275,0.2247
601012,隆基绿能,935.89,True,12.35,12.98,2,0.79,-14.93,-5.15,-4.82,0.0,从未跌破（观测期内）,2026-07-06,34.35,0.5,-0.312,0.5097,0.3752,0.541,0.1506,0.2246
002593,日上集团,23.2,True,4.14,4.27,0,-1.33,-10.65,-6.77,-2.99,0.0,从未跌破（观测期内）,2026-07-06,29.59,-0.3927,0.2673,0.3576,0.3069,0.4354,0.4041,0.2244
001360,南矿集团,21.14,True,16.85,18.88,7,9.36,-14.91,-4.34,-10.73,0.0,从未跌破（观测期内）,2026-07-06,30.3,0.5789,-0.0304,0.6807,0.5352,0.4512,0.0,0.224
603023,威帝股份,21.21,True,3.8,3.85,0,-1.35,-14.43,-9.23,-1.35,0.0,从未跌破（观测期内）,2026-07-06,40.38,-0.3481,-0.0898,0.4086,0.1641,0.6752,0.3191,0.2239
600941,中国移动,794.44,True,88.0,91.11,4,1.81,-7.81,-3.38,-3.42,0.0,从未跌破（观测期内）,2026-07-06,27.15,-0.2128,-0.082,0.1763,0.1672,0.381,0.7062,0.2239
002975,博杰股份,165.43,True,120.44,134.47,13,15.78,-10.43,1.92,-10.43,0.0,从未跌破（观测期内）,2026-07-06,42.72,0.5217,-0.6288,0.9226,0.313,0.727,0.0,0.2237
605151,西上海,25.67,True,19.08,19.11,2,5.14,-11.12,-6.82,-0.17,0.0,从未跌破（观测期内）,2026-07-06,48.11,-0.2521,0.0435,0.6432,0.2174,0.8468,0.0,0.2237
002247,聚力文化,14.09,True,2.19,2.26,0,-2.06,-11.68,-8.04,-3.23,0.0,从未跌破（观测期内）,2026-07-06,35.59,0.1244,-0.1891,0.3596,0.199,0.5687,0.4007,0.2236
605286,同力天启,43.61,True,25.96,28.11,0,-2.27,-20.36,-13.25,-7.64,0.0,从未跌破（观测期内）,2026-07-06,33.82,-0.0654,1.162,0.5295,0.4,0.5294,0.1176,0.2235
000039,中集集团,188.49,True,8.19,8.75,0,-6.43,-14.11,-10.5,-6.43,0.0,从未跌破（观测期内）,2026-07-06,28.16,0.2299,0.1927,0.4442,0.415,0.4035,0.2596,0.2234
603922,ST金鸿顺,22.1,True,12.33,14.4,6,4.43,-14.4,-4.48,-14.4,0.0,从未跌破（观测期内）,2026-07-06,38.94,-0.3706,0.448,0.6546,0.3792,0.643,0.0,0.2234
600271,航天信息,122.48,True,6.61,6.88,0,-2.18,-9.71,-5.91,-3.88,0.0,从未跌破（观测期内）,2026-07-06,32.43,-0.1898,0.0024,0.3072,0.2009,0.4985,0.4879,0.2231
002243,力合科创,80.68,True,6.7,7.09,2,4.14,-19.43,-10.91,-5.45,0.0,从未跌破（观测期内）,2026-07-06,37.97,0.5777,-0.7317,0.552,0.3466,0.6215,0.0801,0.223
000930,中粮科技,83.54,True,4.5,4.65,0,-3.2,-11.07,-6.22,-3.2,0.0,从未跌破（观测期内）,2026-07-06,29.13,-0.6478,0.0519,0.2686,0.2208,0.425,0.5523,0.223
601606,长城军工,206.26,True,28.48,30.03,0,-3.39,-13.26,-8.5,-5.16,0.0,从未跌破（观测期内）,2026-07-06,26.64,-0.0416,0.7514,0.404,0.4,0.3698,0.3266,0.223
002175,*ST东智,36.64,True,2.87,2.39,6,19.98,-16.6,-5.31,19.98,0.2128,从未跌破（观测期内）,2026-07-06,68.99,-0.1211,-0.8729,0.6965,0.0,0.6891,0.0,0.2229
000723,美锦能源,150.75,True,3.43,3.69,3,5.99,-14.98,-7.34,-7.16,0.0,从未跌破（观测期内）,2026-07-06,26.42,0.6433,-0.5753,0.3865,0.386,0.3648,0.3558,0.2228
603226,菲林格尔,184.89,True,52.01,53.53,14,13.77,-7.71,2.88,-2.85,0.2235,从未跌破（观测期内）,2026-07-06,35.15,0.1443,-0.5184,0.7043,0.0866,0.559,0.0,0.2228
000636,风华高科,676.85,True,58.5,68.67,19,57.93,-14.81,21.72,-14.81,0.182,从未跌破（观测期内）,2026-07-06,43.76,-0.2118,-0.5972,1.0941,0.0,0.7503,0.0,0.2228
000637,茂化实华,13.31,True,3.65,3.79,0,-3.63,-11.38,-8.0,-3.66,0.0,从未跌破（观测期内）,2026-07-06,34.88,-0.2226,-0.1054,0.3094,0.1579,0.553,0.4844,0.2227
002140,东华科技,65.55,True,9.27,9.57,0,-0.09,-7.11,-3.77,-3.12,0.0,从未跌破（观测期内）,2026-07-06,27.27,-0.2638,0.0851,0.2505,0.2341,0.3838,0.5825,0.2227
002475,立讯精密,4591.72,True,62.88,67.37,4,7.57,-10.67,-3.54,-6.66,0.0,从未跌破（观测期内）,2026-07-06,43.6,0.4887,-0.5066,0.8141,0.2932,0.7467,0.0,0.2226
000737,北方铜业,252.92,True,13.28,13.8,8,10.62,-10.03,-1.85,-3.74,0.0,从未跌破（观测期内）,2026-07-06,33.46,0.7881,-0.5187,0.7131,0.4729,0.5213,0.0,0.2225
000158,常山北明,205.48,True,12.94,14.05,0,-0.73,-13.58,-6.99,-7.92,0.0,从未跌破（观测期内）,2026-07-06,18.7,0.5535,0.3525,0.5383,0.6731,0.1934,0.1028,0.2224
605319,无锡振华,80.49,True,23.12,24.64,9,8.89,-11.62,-2.67,-6.17,0.0,从未跌破（观测期内）,2026-07-06,23.05,0.6443,-0.6953,0.3299,0.3866,0.29,0.4502,0.2222
002264,新 华 都,39.48,True,6.03,6.05,0,-0.37,-10.94,-6.93,-0.37,0.0,从未跌破（观测期内）,2026-07-06,40.0,-0.2607,-0.2695,0.3371,0.0922,0.6667,0.4382,0.2221
603507,振江股份,60.38,True,33.22,35.43,0,-0.55,-15.97,-7.43,-6.23,0.0,从未跌破（观测期内）,2026-07-06,23.83,0.1648,0.3148,0.3824,0.4248,0.3073,0.3627,0.2221
002725,跃岭股份,29.13,True,11.7,12.9,0,-2.73,-16.36,-8.86,-9.32,0.0,从未跌破（观测期内）,2026-07-06,33.74,0.5972,-0.3762,0.5424,0.4078,0.5275,0.096,0.2219
000856,冀东装备,17.16,True,7.56,7.77,0,-1.92,-12.66,-9.75,-2.76,0.0,从未跌破（观测期内）,2026-07-06,39.72,-0.0095,-0.2351,0.3478,0.106,0.6604,0.4203,0.2216
600006,东风股份,107.4,True,5.37,5.51,0,-2.48,-9.94,-7.09,-2.48,0.0,从未跌破（观测期内）,2026-07-06,26.53,-0.2127,0.0793,0.2393,0.2317,0.3673,0.6012,0.2216
603789,ST星农,18.17,True,6.99,5.68,4,23.1,-6.31,-0.94,23.1,0.29,从未跌破（观测期内）,2026-07-06,80.48,-0.33,-0.3928,0.5679,0.0429,0.4338,0.0535,0.2215
603107,上海汽配,25.96,True,11.9,12.06,0,-1.3,-9.15,-5.57,-1.3,0.0,从未跌破（观测期内）,2026-07-06,35.17,-0.4251,-0.2595,0.2582,0.0962,0.5593,0.5696,0.2214
603488,展鹏科技,28.03,True,9.6,11.41,12,11.5,-15.84,-2.29,-15.84,0.0,从未跌破（观测期内）,2026-07-06,27.85,0.5773,0.0506,0.6893,0.5666,0.3967,0.0,0.221
600480,凌云股份,112.58,True,9.28,9.31,0,-0.33,-17.66,-8.73,-0.33,0.0,从未跌破（观测期内）,2026-07-06,41.19,-0.0169,0.2202,0.5591,0.2881,0.6932,0.0682,0.2209
603239,浙江仙通,40.61,True,15.0,16.11,0,-4.93,-17.75,-12.55,-6.88,0.0,从未跌破（观测期内）,2026-07-06,29.81,-0.6606,0.6301,0.4693,0.4,0.4402,0.2178,0.2207
003003,天元股份,12.27,True,10.42,10.58,0,-0.73,-10.93,-7.39,-1.47,0.0,从未跌破（观测期内）,2026-07-06,41.74,0.0409,-0.4726,0.3174,0.0355,0.7053,0.471,0.2206
002298,中电鑫龙,48.7,True,7.37,7.93,0,-5.17,-19.21,-11.04,-7.03,0.0,从未跌破（观测期内）,2026-07-06,31.76,0.3816,-0.2509,0.4335,0.3286,0.4837,0.2775,0.2205
000547,航天发展,281.27,True,17.7,19.25,1,0.03,-16.06,-6.81,-8.04,0.0,从未跌破（观测期内）,2026-07-06,34.92,0.0652,0.7659,0.6349,0.4391,0.5537,0.0,0.2205
600959,江苏有线,148.02,True,2.96,3.07,0,-3.71,-11.64,-8.59,-3.71,0.0,从未跌破（观测期内）,2026-07-06,27.78,0.261,-0.3188,0.2639,0.2291,0.3951,0.5602,0.2203
002281,光迅科技,1631.48,True,209.03,234.24,14,25.1,-10.76,5.05,-10.76,0.0799,从未跌破（观测期内）,2026-07-06,44.85,0.2225,-0.6219,0.9299,0.1335,0.7745,0.0,0.2202
000727,冠捷科技,109.62,True,2.42,2.7,6,3.77,-11.34,-3.97,-10.52,0.0,从未跌破（观测期内）,2026-07-06,38.52,0.5971,-0.4614,0.7038,0.3737,0.6339,0.0,0.2202
605006,山东玻纤,112.37,True,17.21,21.56,18,36.5,-20.17,11.2,-20.17,0.0322,从未跌破（观测期内）,2026-07-06,39.76,0.2692,-0.1555,1.2252,0.2993,0.6613,0.0,0.22
603311,金海高科,73.57,True,31.19,36.49,13,41.24,-14.52,7.79,-14.52,0.0386,从未跌破（观测期内）,2026-07-06,32.17,0.7058,-0.6406,0.7732,0.4235,0.4927,0.0,0.2199
601002,晋亿实业,43.05,True,4.51,4.63,0,-1.97,-10.88,-6.55,-2.63,0.0,从未跌破（观测期内）,2026-07-06,32.14,0.0245,-0.0628,0.3039,0.1896,0.4921,0.4935,0.2198
603130,云中马,58.32,True,42.41,42.8,4,0.92,-12.26,-3.14,-0.91,0.0132,从未跌破（观测期内）,2026-07-06,41.98,-0.3158,0.145,0.5685,0.258,0.7107,0.0525,0.2198
002372,伟星新材,126.49,True,8.6,8.72,0,-1.39,-10.41,-6.32,-1.39,0.0,从未跌破（观测期内）,2026-07-06,32.7,-0.1751,-0.0388,0.3094,0.1845,0.5045,0.4844,0.2197
002451,摩恩电气,30.96,True,7.05,7.51,0,-3.87,-12.37,-7.93,-6.11,0.0,从未跌破（观测期内）,2026-07-06,27.47,-0.2439,0.2444,0.3296,0.2978,0.3883,0.4507,0.2197
002519,银河电子,62.7,True,5.61,6.11,0,-3.35,-13.86,-7.56,-8.12,0.0,从未跌破（观测期内）,2026-07-06,30.05,-0.1237,0.2131,0.3632,0.2852,0.4457,0.3947,0.2196
605222,起帆电缆,93.73,True,22.7,24.28,1,2.77,-22.97,-13.09,-6.49,0.0,从未跌破（观测期内）,2026-07-06,35.85,-0.2215,1.8027,0.5834,0.4,0.5745,0.0276,0.219
603863,松炀资源,27.03,True,13.21,14.14,0,-3.68,-16.59,-9.4,-6.58,0.0,从未跌破（观测期内）,2026-07-06,36.74,-0.6385,0.9124,0.6424,0.4,0.5942,0.0,0.2188
600815,厦工股份,47.9,True,2.7,2.84,1,0.03,-16.49,-12.07,-4.78,0.0,从未跌破（观测期内）,2026-07-06,33.64,-0.2558,0.7101,0.545,0.4,0.5253,0.0916,0.2188
002652,扬子新材,21.15,True,4.13,4.51,1,0.14,-18.06,-12.04,-8.49,0.0,从未跌破（观测期内）,2026-07-06,36.68,-0.3524,1.5466,0.6573,0.4,0.593,0.0,0.2186
002491,通鼎互联,283.88,True,24.13,29.2,18,40.53,-17.38,11.5,-17.38,0.1019,从未跌破（观测期内）,2026-07-06,50.0,-0.1748,-0.5151,1.1253,0.0,0.8889,0.0,0.2186
600135,乐凯胶片,43.1,True,7.79,8.46,0,-2.68,-16.47,-8.7,-7.89,0.0,从未跌破（观测期内）,2026-07-06,18.73,0.6308,-0.1315,0.4074,0.5259,0.1939,0.321,0.2184
000020,深华发Ａ,19.82,True,10.94,11.46,0,-1.84,-9.0,-5.9,-4.52,0.0,从未跌破（观测期内）,2026-07-06,32.65,-0.4239,0.007,0.3321,0.2028,0.5032,0.4464,0.2183
600319,亚星化学,24.85,True,6.41,6.7,0,-3.82,-10.18,-6.43,-4.36,0.0,从未跌破（观测期内）,2026-07-06,31.65,-0.286,-0.0274,0.301,0.189,0.481,0.4983,0.2182
002823,凯中精密,32.96,True,15.06,16.07,4,19.24,-19.97,-6.12,-6.31,0.0,从未跌破（观测期内）,2026-07-06,28.62,0.9013,-0.7733,0.6174,0.5408,0.4138,0.0,0.218
002045,国光电器,43.59,True,7.76,8.31,0,-4.32,-13.97,-8.71,-6.65,0.0,从未跌破（观测期内）,2026-07-06,24.44,-0.5423,0.292,0.3015,0.3168,0.321,0.4975,0.218
002152,广电运通,233.32,True,9.4,9.73,0,-0.63,-9.88,-5.13,-3.4,0.0,从未跌破（观测期内）,2026-07-06,32.38,-0.0036,0.0525,0.3477,0.221,0.4974,0.4204,0.2178
603829,洛凯股份,30.68,True,16.47,18.11,0,-4.31,-20.95,-14.4,-9.04,0.0,从未跌破（观测期内）,2026-07-06,26.44,0.4499,-0.0606,0.4673,0.4457,0.3654,0.2212,0.2177
600718,东软集团,87.94,True,7.35,7.64,0,-3.07,-8.82,-5.45,-3.83,0.0,从未跌破（观测期内）,2026-07-06,29.2,-0.2008,-0.0586,0.2482,0.1766,0.4266,0.5863,0.2174
603206,嘉环科技,45.2,True,14.81,17.18,8,7.24,-16.12,-3.52,-13.78,0.0,从未跌破（观测期内）,2026-07-06,27.66,0.7708,-0.2678,0.6838,0.5554,0.3926,0.0,0.2174
002363,隆基机械,26.15,True,6.29,6.45,0,-2.22,-10.35,-7.13,-2.44,0.0,从未跌破（观测期内）,2026-07-06,31.58,-0.3673,-0.0385,0.2989,0.1846,0.4795,0.5019,0.2173
000720,新能泰山,43.1,True,3.43,4.02,0,-2.55,-18.58,-12.85,-14.69,0.0,从未跌破（观测期内）,2026-07-06,19.4,0.9535,-0.7954,0.4704,0.5721,0.209,0.216,0.2172
001386,马可波罗,15.87,True,14.76,15.19,4,2.77,-10.94,-4.61,-2.83,0.0,从未跌破（观测期内）,2026-07-06,24.15,0.4011,-0.0735,0.3942,0.4113,0.3144,0.343,0.2171
603737,三棵树,218.95,True,24.73,25.77,0,-4.04,-14.87,-9.72,-4.04,0.0,从未跌破（观测期内）,2026-07-06,23.81,0.2073,0.1717,0.3706,0.3931,0.3069,0.3823,0.217
600963,岳阳林纸,56.24,True,3.2,3.31,0,-3.26,-14.98,-10.9,-3.26,0.0,从未跌破（观测期内）,2026-07-06,26.76,-0.5988,0.2748,0.3408,0.3099,0.3725,0.432,0.2168
001395,亚联机械,12.8,True,24.61,25.48,4,4.91,-11.14,-4.74,-3.43,0.0,从未跌破（观测期内）,2026-07-06,24.45,0.0497,1.0341,0.4199,0.4298,0.321,0.3001,0.2167
600637,东方明珠,271.31,True,8.07,8.54,0,-4.72,-13.31,-7.56,-5.45,0.0,从未跌破（观测期内）,2026-07-06,27.91,0.1691,-0.22,0.2651,0.2135,0.3979,0.5582,0.2167
601929,吉视传媒,77.12,True,2.21,2.35,0,-3.9,-15.85,-10.19,-5.9,0.0,从未跌破（观测期内）,2026-07-06,32.81,0.4334,-0.4487,0.4198,0.2806,0.5069,0.3003,0.2166
001288,运机集团,37.33,True,24.58,25.42,8,9.5,-10.57,-1.88,-3.31,0.0,从未跌破（观测期内）,2026-07-06,39.79,0.4194,-0.3082,0.5919,0.3284,0.6621,0.0135,0.2165
001231,农心科技,9.79,True,19.15,19.57,0,-2.1,-11.76,-7.62,-2.12,0.0,从未跌破（观测期内）,2026-07-06,38.15,-0.1067,-0.3065,0.3123,0.0774,0.6255,0.4794,0.2164
000590,古汉医药,20.35,True,8.5,8.95,0,-3.69,-11.47,-6.95,-5.04,0.0,从未跌破（观测期内）,2026-07-06,30.13,-0.5337,0.0513,0.3137,0.2205,0.4474,0.4772,0.2162
002920,德赛西威,504.56,True,84.57,85.68,1,0.35,-15.36,-9.24,-1.3,0.0,从未跌破（观测期内）,2026-07-06,38.91,-0.0384,-0.033,0.4357,0.1868,0.6424,0.2738,0.2162
603876,鼎胜新材,220.33,True,23.71,25.84,6,10.43,-14.09,-2.62,-8.26,0.0,从未跌破（观测期内）,2026-07-06,37.2,0.5269,-0.3381,0.6138,0.3809,0.6046,0.0,0.2161
002017,东信和平,80.52,True,13.88,15.39,1,0.05,-10.51,-5.82,-9.81,0.0,从未跌破（观测期内）,2026-07-06,14.53,0.4094,0.2015,0.3423,0.5262,0.1007,0.4296,0.2161
601231,环旭电子,708.32,True,29.65,34.62,2,10.02,-20.2,-9.0,-14.37,0.0,从未跌破（观测期内）,2026-07-06,32.16,0.6438,-0.2905,0.8774,0.4701,0.4925,0.0,0.216
603326,我乐家居,20.62,True,6.46,6.63,0,-2.63,-9.56,-7.27,-2.63,0.0,从未跌破（观测期内）,2026-07-06,36.11,-0.2705,-0.2987,0.2807,0.0805,0.5802,0.5322,0.216
002660,茂硕电源,22.33,True,6.51,6.95,0,-4.74,-11.86,-8.24,-6.28,0.0,从未跌破（观测期内）,2026-07-06,28.32,0.2829,-0.2053,0.3496,0.2876,0.4072,0.4173,0.2159
603867,新化股份,77.84,True,36.09,38.12,11,6.37,-12.07,-0.96,-5.31,0.0364,从未跌破（观测期内）,2026-07-06,42.9,0.0716,-0.0581,0.6769,0.2197,0.7311,0.0,0.2157
600992,贵绳股份,21.76,True,8.88,9.57,0,-1.8,-17.92,-13.15,-7.19,0.0,从未跌破（观测期内）,2026-07-06,28.33,0.6009,-0.3047,0.5025,0.4387,0.4073,0.1625,0.2155
603895,天永智能,33.45,True,30.95,30.4,3,4.95,-16.4,-9.67,1.8,0.0,从未跌破（观测期内）,2026-07-06,51.41,0.1515,-0.6868,0.5654,0.0909,0.9203,0.0577,0.2154
002691,*ST冀凯,14.41,True,4.29,4.45,0,-0.75,-18.5,-10.14,-3.58,0.0,从未跌破（观测期内）,2026-07-06,43.1,0.3944,-0.5011,0.564,0.2366,0.7356,0.0601,0.2153
002322,理工能科,35.67,True,10.15,10.26,0,-1.07,-9.27,-5.8,-1.07,0.0,从未跌破（观测期内）,2026-07-06,34.15,-0.3788,-0.1853,0.2939,0.1259,0.5366,0.5102,0.2153
601727,上海电气,871.74,True,6.91,7.17,0,-3.53,-14.12,-7.67,-3.6,0.0,从未跌破（观测期内）,2026-07-06,35.76,0.1801,-0.3994,0.3452,0.1483,0.5725,0.4247,0.2153
002115,三维通信,76.12,True,10.12,11.12,0,-3.2,-13.43,-8.0,-9.03,0.0,从未跌破（观测期内）,2026-07-06,28.69,0.2987,-0.0643,0.4244,0.3535,0.4153,0.2927,0.2153
002638,勤上股份,52.75,True,3.9,4.05,3,7.62,-11.83,-4.25,-3.64,0.0,从未跌破（观测期内）,2026-07-06,45.32,-0.0032,0.0811,0.6974,0.2324,0.7849,0.0,0.2151
002545,东方铁塔,205.58,True,18.19,18.55,0,-1.94,-15.81,-10.24,-1.94,0.0,从未跌破（观测期内）,2026-07-06,34.97,-0.123,1.0679,0.5838,0.4,0.5549,0.027,0.215
001356,富岭股份,17.5,True,8.72,8.89,0,-1.91,-12.17,-7.73,-1.91,0.0,从未跌破（观测期内）,2026-07-06,31.67,0.1297,-0.2762,0.2933,0.1673,0.4815,0.5112,0.2148
603113,金能科技,36.4,True,4.29,4.55,0,-3.73,-12.56,-7.12,-5.72,0.0,从未跌破（观测期内）,2026-07-06,25.66,-0.5889,0.2817,0.3323,0.3127,0.3481,0.4462,0.2147
002795,永和智控,28.93,True,6.66,7.16,0,-0.22,-17.43,-8.51,-6.93,0.0,从未跌破（观测期内）,2026-07-06,39.67,0.4406,-0.4595,0.5498,0.2806,0.6593,0.0836,0.2146
002703,浙江世宝,82.34,True,14.05,15.21,0,-1.75,-17.48,-11.24,-7.64,0.0,从未跌破（观测期内）,2026-07-06,29.98,0.2676,-0.0307,0.4455,0.3483,0.444,0.2575,0.2145
601218,吉鑫科技,41.47,True,4.28,4.59,0,-4.46,-13.51,-9.27,-6.68,0.0,从未跌破（观测期内）,2026-07-06,22.86,-0.023,0.3234,0.3017,0.3294,0.2857,0.4972,0.2141
603322,超讯通信,46.82,True,29.71,28.75,4,3.41,-16.05,-7.14,3.34,0.0,从未跌破（观测期内）,2026-07-06,53.98,-0.1845,-0.316,0.6367,0.0736,0.9774,0.0,0.2139
002230,科大讯飞,889.95,True,40.65,41.66,0,-0.99,-13.56,-6.85,-2.42,0.0,从未跌破（观测期内）,2026-07-06,46.39,0.0242,-0.4071,0.4432,0.0517,0.8088,0.2613,0.2139
002565,顺灏股份,120.3,True,11.35,13.18,0,-1.9,-14.43,-9.82,-13.87,0.0,从未跌破（观测期内）,2026-07-06,26.07,0.5693,0.034,0.5869,0.5552,0.3571,0.0218,0.2135
600243,*ST海华,15.67,True,3.57,3.75,6,6.52,-14.57,-3.29,-4.71,0.0,从未跌破（观测期内）,2026-07-06,39.19,0.4049,-0.6019,0.5082,0.2429,0.6486,0.153,0.2134
000789,万年青,31.58,True,3.96,4.06,0,-2.29,-9.75,-4.83,-2.35,0.0,从未跌破（观测期内）,2026-07-06,32.53,-0.6128,-0.1956,0.2688,0.1218,0.5007,0.5519,0.2134
600588,用友网络,314.02,True,9.19,9.69,0,-2.27,-14.09,-6.71,-5.19,0.0,从未跌破（观测期内）,2026-07-06,32.97,0.3997,-0.5329,0.3964,0.2398,0.5106,0.3394,0.213
002246,北化股份,102.12,True,18.6,19.7,0,-2.17,-12.38,-6.08,-5.57,0.0,从未跌破（观测期内）,2026-07-06,31.73,0.398,-0.3406,0.4374,0.3025,0.4829,0.2709,0.2129
601106,中国一重,214.65,True,3.13,3.41,0,-3.23,-10.75,-6.71,-8.12,0.0,从未跌破（观测期内）,2026-07-06,21.52,-0.6185,0.4761,0.3442,0.3904,0.256,0.4264,0.2128
002532,天山铝业,476.81,True,11.61,12.17,0,-4.59,-16.77,-11.88,-4.59,0.0,从未跌破（观测期内）,2026-07-06,33.27,0.0266,1.4285,0.5785,0.416,0.5172,0.0358,0.2128
000812,陕西金叶,24.11,True,3.19,3.33,0,-2.96,-10.08,-6.86,-4.07,0.0,从未跌破（观测期内）,2026-07-06,32.14,-0.3139,-0.1016,0.3025,0.1593,0.4921,0.4958,0.2126
601138,工业富联,12618.86,True,63.59,71.7,10,11.33,-12.2,-0.96,-11.32,0.0,从未跌破（观测期内）,2026-07-06,35.8,0.6526,-0.6816,0.7166,0.3916,0.5734,0.0,0.2126
605117,德业股份,1223.83,True,96.12,101.48,1,1.88,-10.19,-6.08,-5.28,0.0,从未跌破（观测期内）,2026-07-06,44.48,0.3357,-0.4517,0.5836,0.2207,0.7663,0.0273,0.2125
000952,广济药业,19.71,True,5.73,5.93,0,-2.56,-11.22,-7.86,-3.32,0.0,从未跌破（观测期内）,2026-07-06,37.7,-0.4519,-0.0147,0.4364,0.1941,0.6155,0.2726,0.2125
002097,山河智能,78.84,True,7.35,7.82,0,-3.95,-11.46,-7.07,-5.96,0.0,从未跌破（观测期内）,2026-07-06,20.25,-0.6046,0.2935,0.2496,0.3174,0.2277,0.5839,0.2125
002952,亚世光电,27.37,True,20.79,22.71,0,-3.95,-17.27,-9.75,-8.45,0.0,从未跌破（观测期内）,2026-07-06,33.52,0.5777,-0.602,0.5147,0.3466,0.5227,0.1422,0.2125
600783,鲁信创投,149.24,True,20.05,20.91,6,5.69,-14.89,-3.73,-4.1,0.0,从未跌破（观测期内）,2026-07-06,44.82,0.2396,-0.2827,0.9015,0.2307,0.7738,0.0,0.2124
603258,电魂网络,28.67,True,11.88,12.68,0,-5.08,-10.82,-7.18,-6.34,0.0,从未跌破（观测期内）,2026-07-06,30.57,-0.4949,0.0762,0.3474,0.2305,0.4571,0.421,0.2122
002564,天沃科技,37.62,True,4.38,4.59,0,-2.73,-13.72,-8.51,-4.61,0.0,从未跌破（观测期内）,2026-07-06,36.69,0.031,-0.0617,0.4201,0.1939,0.5931,0.2998,0.2121
603208,江山欧派,19.22,True,10.93,11.32,0,-1.75,-12.41,-7.43,-3.43,0.0,从未跌破（观测期内）,2026-07-06,38.94,-0.2259,-0.1401,0.4108,0.144,0.6431,0.3154,0.2119
600055,万东医疗,75.37,True,10.72,11.11,0,-3.03,-13.85,-8.18,-3.51,0.0,从未跌破（观测期内）,2026-07-06,32.31,-0.461,0.0468,0.3678,0.2187,0.4957,0.387,0.2119
002799,环球印务,19.84,True,6.2,6.53,0,-4.99,-12.81,-9.43,-4.99,0.0,从未跌破（观测期内）,2026-07-06,24.11,-0.496,0.0645,0.2296,0.2258,0.3135,0.6174,0.2118
002469,三维化学,37.05,True,5.89,6.3,5,11.75,-12.52,-3.14,-6.58,0.0,从未跌破（观测期内）,2026-07-06,22.89,0.7879,-0.1373,0.6354,0.6178,0.2863,0.0,0.2117
000619,海螺新材,16.38,True,4.55,4.8,0,-5.0,-12.31,-9.06,-5.15,0.0,从未跌破（观测期内）,2026-07-06,31.58,-0.2026,-0.058,0.3143,0.1768,0.4795,0.4761,0.2115
600293,三峡新材,30.16,True,2.6,3.38,12,23.12,-23.01,-1.86,-23.01,0.0,从未跌破（观测期内）,2026-07-06,18.58,0.7881,0.0508,0.7651,0.6932,0.1906,0.0,0.2114
000822,山东海化,36.88,True,4.12,4.34,0,-4.6,-10.71,-7.67,-5.06,0.0,从未跌破（观测期内）,2026-07-06,23.23,-0.0299,0.3052,0.3121,0.3221,0.2941,0.4798,0.2113
600570,恒生电子,397.48,True,20.99,21.95,2,0.99,-13.89,-6.2,-4.39,0.0,从未跌破（观测期内）,2026-07-06,37.59,0.25,-0.2599,0.4916,0.246,0.6132,0.1807,0.2113
002783,凯龙股份,34.08,True,7.39,7.38,3,0.9,-9.82,-4.19,0.09,0.001,从未跌破（观测期内）,2026-07-06,45.85,0.1615,-0.5944,0.4908,0.0969,0.7967,0.1819,0.2113
002195,岩山科技,358.85,True,6.39,6.87,0,-3.14,-12.99,-7.38,-6.99,0.0,从未跌破（观测期内）,2026-07-06,29.82,-0.1856,0.1795,0.3794,0.2718,0.4405,0.3676,0.2112
600589,大位科技,136.17,True,9.21,9.91,2,4.51,-17.22,-7.26,-7.04,0.0,从未跌破（观测期内）,2026-07-06,40.99,0.489,-0.6497,0.7186,0.2934,0.6888,0.0,0.2111
600734,*ST实达,40.07,True,1.84,1.82,1,0.85,-21.42,-9.54,0.85,0.0,从未跌破（观测期内）,2026-07-06,44.32,-0.0425,0.0734,0.5951,0.2294,0.7626,0.0081,0.2111
001260,坤泰股份,19.2,True,16.7,17.09,0,-2.06,-11.05,-7.86,-2.26,0.0,从未跌破（观测期内）,2026-07-06,35.98,-0.2399,-0.2381,0.3231,0.1047,0.5774,0.4615,0.2109
002212,天融信,65.69,True,5.63,6.03,0,-3.59,-11.92,-7.37,-6.69,0.0,从未跌破（观测期内）,2026-07-06,26.9,-0.1354,0.6575,0.4574,0.4,0.3756,0.2376,0.2108
000683,博源化工,202.53,True,5.76,6.05,0,-3.09,-14.34,-8.23,-4.76,0.0,从未跌破（观测期内）,2026-07-06,28.21,-0.3931,2.5006,0.4804,0.4,0.4046,0.1994,0.2108
603092,德力佳,18.68,True,54.03,55.82,0,-3.17,-16.62,-9.3,-3.21,0.0,从未跌破（观测期内）,2026-07-06,30.21,0.2631,-0.2013,0.3934,0.2774,0.4491,0.3444,0.2108
002414,高德红外,418.71,True,12.32,13.06,10,6.53,-12.36,-1.15,-5.63,0.0,从未跌破（观测期内）,2026-07-06,33.65,0.1498,0.0481,0.4866,0.3091,0.5256,0.1889,0.2107
002912,中新赛克,30.11,True,18.56,19.13,0,-1.73,-12.64,-7.32,-2.97,0.0,从未跌破（观测期内）,2026-07-06,36.55,-0.1767,-0.2293,0.3378,0.1083,0.59,0.437,0.2106
600410,华胜天成,164.47,True,15.0,17.07,2,4.16,-17.0,-8.71,-12.14,0.0,从未跌破（观测期内）,2026-07-06,31.63,0.5344,-0.1586,0.6027,0.4572,0.4806,0.0,0.2104
002706,良信股份,95.46,True,10.44,11.43,0,-0.32,-14.69,-8.7,-8.66,0.0,从未跌破（观测期内）,2026-07-06,32.9,0.7243,-0.5097,0.6637,0.4346,0.509,0.0,0.2104
002516,旷达科技,80.74,True,5.54,5.81,3,2.52,-7.85,-3.22,-4.64,0.0,从未跌破（观测期内）,2026-07-06,20.87,0.511,-0.2769,0.3477,0.3958,0.2415,0.4206,0.2104
600336,澳柯玛,50.75,True,6.36,6.68,0,-2.87,-15.07,-9.13,-4.74,0.0,从未跌破（观测期内）,2026-07-06,26.94,0.2144,0.1744,0.4588,0.3984,0.3765,0.2353,0.2102
603659,璞泰来,579.79,True,27.04,28.4,3,5.01,-12.96,-4.05,-4.8,0.0,从未跌破（观测期内）,2026-07-06,40.38,0.3128,-0.3472,0.5494,0.2488,0.6751,0.0844,0.2099
002476,新叶股份,29.13,True,4.76,5.1,5,2.93,-9.69,-4.0,-6.69,0.0,从未跌破（观测期内）,2026-07-06,30.43,0.1415,0.102,0.4503,0.3257,0.4541,0.2496,0.2097
603912,佳力图,42.16,True,7.78,8.22,0,-0.55,-16.81,-9.09,-5.38,0.0,从未跌破（观测期内）,2026-07-06,38.36,0.0313,0.1005,0.5246,0.259,0.6301,0.1256,0.2096
000630,铜陵有色,702.01,True,6.3,6.77,10,16.98,-9.97,0.72,-6.96,0.003,从未跌破（观测期内）,2026-07-06,26.71,0.8302,-0.4041,0.7966,0.5364,0.3714,0.0,0.2096
600089,XD特变电,1078.77,True,21.35,22.69,1,1.18,-12.42,-6.26,-5.91,0.0,从未跌破（观测期内）,2026-07-06,34.62,0.4218,-0.4103,0.4887,0.289,0.5471,0.1855,0.2095
600536,中国软件,234.11,True,27.75,30.08,0,-6.05,-20.12,-11.82,-7.74,0.0,从未跌破（观测期内）,2026-07-06,34.24,-0.3406,0.2588,0.4965,0.3035,0.5386,0.1725,0.2095
001285,瑞立科密,17.98,True,43.34,43.33,1,0.03,-10.64,-5.68,0.03,0.0,从未跌破（观测期内）,2026-07-06,41.75,-0.1654,-0.3022,0.4054,0.0791,0.7056,0.3243,0.2095
002443,金洲管道,53.45,True,10.29,10.74,2,0.56,-15.05,-6.15,-4.16,0.0,从未跌破（观测期内）,2026-07-06,44.42,0.3252,-0.426,0.6145,0.2247,0.7649,0.0,0.2092
600100,同方股份,227.82,True,6.8,6.95,0,-1.36,-13.27,-7.26,-2.09,0.0,从未跌破（观测期内）,2026-07-06,38.36,0.0118,-0.2051,0.3926,0.125,0.6303,0.3457,0.2092
002426,胜利精密,120.45,True,3.54,3.88,14,14.63,-8.74,3.34,-8.74,0.0877,从未跌破（观测期内）,2026-07-06,40.59,0.2433,-0.4833,0.6584,0.1526,0.6797,0.0,0.2092
002410,广联达,130.16,True,8.29,8.66,0,-3.93,-12.0,-7.23,-4.32,0.0,从未跌破（观测期内）,2026-07-06,29.35,0.3607,-0.6085,0.3246,0.2164,0.43,0.4589,0.2089
603390,通达电气,37.4,True,10.67,11.27,0,-3.07,-14.46,-8.34,-5.35,0.0,从未跌破（观测期内）,2026-07-06,32.79,0.1326,-0.2144,0.3647,0.1938,0.5065,0.3922,0.2086
603121,华培动力,42.28,True,12.49,13.68,0,-4.26,-19.64,-14.03,-8.68,0.0,从未跌破（观测期内）,2026-07-06,33.62,-0.713,0.4308,0.56,0.3723,0.525,0.0667,0.2081
002300,太阳电缆,48.03,True,6.65,7.22,0,-6.41,-15.94,-11.07,-7.88,0.0,从未跌破（观测期内）,2026-07-06,18.99,0.4798,-0.1939,0.3384,0.4103,0.1997,0.436,0.2079
002902,铭普光磁,47.61,True,26.8,31.64,5,8.59,-17.66,-6.01,-15.29,0.0,从未跌破（观测期内）,2026-07-06,31.63,0.7003,-0.4337,0.8321,0.4467,0.4806,0.0,0.2078
002649,博彦科技,43.98,True,8.2,8.54,0,-3.53,-11.56,-7.19,-4.03,0.0,从未跌破（观测期内）,2026-07-06,34.85,0.2763,-0.562,0.3774,0.1658,0.5522,0.371,0.2075
603236,移远通信,200.91,True,49.86,52.73,9,7.36,-13.89,-2.45,-5.44,0.0,从未跌破（观测期内）,2026-07-06,36.13,0.5968,-0.6407,0.5927,0.3581,0.5807,0.0122,0.2075
003006,百亚股份,63.99,True,14.93,14.88,2,1.84,-11.06,-4.19,0.32,0.0,从未跌破（观测期内）,2026-07-06,38.35,-0.1032,0.1699,0.542,0.2679,0.6299,0.0967,0.2075
000985,大庆华科,19.17,True,14.79,15.39,0,-3.92,-10.2,-7.24,-3.92,0.0,从未跌破（观测期内）,2026-07-06,34.48,-0.2725,-0.2612,0.3014,0.0955,0.5441,0.4976,0.2073
000681,视觉中国,123.73,True,18.3,21.31,8,13.23,-14.12,-1.71,-14.12,0.0,从未跌破（观测期内）,2026-07-06,30.69,0.768,-0.6112,0.7775,0.4608,0.4599,0.0,0.2072
000807,云铝股份,793.46,True,22.88,24.55,0,-1.9,-14.97,-9.63,-6.8,0.0,从未跌破（观测期内）,2026-07-06,34.12,-0.1307,0.5446,0.6195,0.4,0.5361,0.0,0.2072
600202,哈空调,17.86,True,4.66,4.83,0,-2.23,-11.91,-8.56,-3.43,0.0,从未跌破（观测期内）,2026-07-06,36.43,0.087,-0.4097,0.3295,0.0883,0.5874,0.4509,0.2072
603988,中电电机,38.97,True,16.57,18.03,0,-3.35,-14.87,-10.29,-8.08,0.0,从未跌破（观测期内）,2026-07-06,24.57,-0.5575,0.513,0.431,0.4,0.3238,0.2817,0.207
600526,菲达环保,37.19,True,4.26,4.35,0,-1.92,-8.19,-5.71,-2.02,0.0,从未跌破（观测期内）,2026-07-06,30.3,0.0222,-0.3194,0.2199,0.0856,0.4512,0.6335,0.2067
002026,山东威达,49.95,True,11.34,11.62,0,-0.62,-10.75,-4.59,-2.37,0.0,从未跌破（观测期内）,2026-07-06,33.73,-0.2168,-0.2324,0.3029,0.1071,0.5273,0.4952,0.2065
603960,克来机电,45.49,True,17.35,19.41,2,0.97,-15.65,-7.22,-10.63,0.0,从未跌破（观测期内）,2026-07-06,35.3,0.3892,-0.3208,0.5298,0.3052,0.5622,0.117,0.2063
600802,福建水泥,19.61,True,4.28,4.49,0,-3.84,-11.42,-8.01,-4.63,0.0,从未跌破（观测期内）,2026-07-06,27.72,-0.4843,0.0456,0.3084,0.2183,0.3938,0.4859,0.2062
000592,平潭发展,123.71,True,6.46,7.24,1,5.25,-19.18,-11.71,-10.77,0.0,从未跌破（观测期内）,2026-07-06,33.89,-0.2122,0.8019,0.6656,0.4,0.531,0.0,0.2062
603039,泛微网络,113.43,True,36.87,39.54,8,20.18,-19.96,-2.03,-6.75,0.0,从未跌破（观测期内）,2026-07-06,23.66,0.7378,-0.1514,0.7961,0.5821,0.3035,0.0,0.2062
002012,凯恩股份,29.27,True,6.26,6.91,0,-0.41,-10.69,-6.75,-9.35,0.0,从未跌破（观测期内）,2026-07-06,23.12,0.8014,-0.7051,0.4903,0.4808,0.2916,0.1828,0.206
600800,渤海化学,34.85,True,3.14,3.44,0,-6.24,-13.01,-9.57,-8.76,0.0,从未跌破（观测期内）,2026-07-06,17.81,-0.1859,0.3958,0.2737,0.3583,0.1735,0.5438,0.2059
000488,ST晨鸣,34.22,True,2.02,2.05,1,0.73,-10.61,-5.82,-1.39,0.0,从未跌破（观测期内）,2026-07-06,38.1,-0.1927,-0.1584,0.4139,0.1367,0.6243,0.3102,0.2056
603881,数据港,198.01,True,22.97,26.21,0,-3.65,-15.97,-8.9,-12.35,0.0,从未跌破（观测期内）,2026-07-06,33.75,-0.2622,0.5901,0.6561,0.4,0.5277,0.0,0.2055
601127,赛力斯,934.01,True,59.98,64.79,0,-5.64,-14.7,-11.1,-7.42,0.0,从未跌破（观测期内）,2026-07-06,27.14,-0.2412,0.1413,0.3397,0.2565,0.3809,0.4338,0.2054
600556,天下秀,78.28,True,4.33,4.72,0,-1.25,-11.2,-7.22,-8.29,0.0,从未跌破（观测期内）,2026-07-06,28.26,0.3381,-0.0729,0.4766,0.3737,0.4058,0.2057,0.2054
600361,创新新材,135.12,True,3.62,3.82,0,-0.38,-12.47,-6.56,-5.26,0.0,从未跌破（观测期内）,2026-07-06,22.94,0.6788,-0.3803,0.4652,0.4551,0.2875,0.2247,0.205
601615,明阳智能,256.23,True,11.33,12.01,0,-2.88,-23.23,-14.13,-5.68,0.0,从未跌破（观测期内）,2026-07-06,37.85,0.2104,-0.1935,0.5246,0.2488,0.6189,0.1256,0.2048
002537,海联金汇,64.04,True,5.47,5.72,0,-3.01,-11.44,-7.14,-4.36,0.0,从未跌破（观测期内）,2026-07-06,30.13,0.0154,0.0828,0.3813,0.2423,0.4473,0.3645,0.2047
002098,浔兴股份,24.09,True,6.73,6.82,0,-1.22,-10.77,-6.24,-1.31,0.0,从未跌破（观测期内）,2026-07-06,37.14,-0.2709,-0.4492,0.284,0.0203,0.6032,0.5267,0.2047
002028,思源电气,1064.02,True,174.2,178.28,3,5.87,-13.5,-5.62,-2.29,0.0,从未跌破（观测期内）,2026-07-06,48.06,0.0867,-0.2752,0.6758,0.1419,0.8457,0.0,0.2046
000409,云鼎科技,49.31,True,8.35,8.73,0,-3.3,-9.8,-6.19,-4.4,0.0,从未跌破（观测期内）,2026-07-06,32.5,0.1292,-0.366,0.3131,0.1311,0.5,0.4781,0.2045
603489,八方股份,65.97,True,28.12,30.65,0,-1.73,-12.08,-7.75,-8.26,0.0,从未跌破（观测期内）,2026-07-06,28.38,-0.2308,0.1255,0.3602,0.2502,0.4085,0.3997,0.2042
603688,石英股份,357.72,True,66.04,77.45,16,19.26,-14.73,5.53,-14.73,0.0246,从未跌破（观测期内）,2026-07-06,38.48,0.1874,-0.1029,0.8387,0.2713,0.6328,0.0,0.2042
603533,掌阅科技,80.49,True,18.34,20.67,1,0.13,-18.18,-9.21,-11.27,0.0,从未跌破（观测期内）,2026-07-06,37.35,0.4985,-0.422,0.647,0.3303,0.6078,0.0,0.2041
002278,神开股份,28.02,True,7.81,8.18,0,-3.44,-10.17,-6.83,-4.55,0.0,从未跌破（观测期内）,2026-07-06,26.78,-0.0412,0.0784,0.313,0.2314,0.3728,0.4783,0.2041
603382,海阳科技,20.37,True,17.64,18.67,0,-4.99,-12.87,-10.11,-5.5,0.0,从未跌破（观测期内）,2026-07-06,27.99,0.0497,0.02,0.3414,0.2378,0.3998,0.431,0.2041
603303,得邦照明,123.77,True,25.95,28.65,13,24.88,-21.97,5.25,-9.43,0.1024,从未跌破（观测期内）,2026-07-06,25.26,0.1214,0.2699,0.8264,0.3808,0.3391,0.0,0.204
600728,佳都科技,89.78,True,4.21,4.48,0,-2.3,-10.58,-6.46,-5.94,0.0,从未跌破（观测期内）,2026-07-06,28.42,-0.2191,-0.0848,0.2781,0.1661,0.4094,0.5364,0.2039
002058,威尔泰,28.55,True,19.95,21.64,0,-0.12,-14.82,-9.3,-7.79,0.0,从未跌破（观测期内）,2026-07-06,34.41,0.0783,0.2299,0.5572,0.3389,0.5425,0.0713,0.2039
600498,烽火通信,737.29,True,57.98,69.71,18,39.03,-16.82,13.59,-16.82,0.1158,从未跌破（观测期内）,2026-07-06,40.22,-0.15,-0.2693,0.9929,0.0923,0.6715,0.0,0.2037
601702,华峰铝业,148.38,True,14.86,15.84,2,10.96,-20.11,-10.42,-6.18,0.0,从未跌破（观测期内）,2026-07-06,24.04,0.7554,-0.5577,0.488,0.4532,0.312,0.1867,0.2037
002094,青岛金王,30.86,True,4.47,4.67,0,-3.97,-11.13,-7.45,-4.21,0.0,从未跌破（观测期内）,2026-07-06,27.18,-0.0337,0.0345,0.3045,0.2138,0.3819,0.4925,0.2037
002624,完美世界,212.02,True,11.6,12.6,1,0.45,-14.04,-6.0,-7.9,0.0,从未跌破（观测期内）,2026-07-06,35.44,-0.1711,0.4054,0.6057,0.3621,0.5654,0.0,0.2036
002337,赛象科技,26.87,True,4.57,4.76,0,-2.51,-10.94,-7.15,-3.93,0.0,从未跌破（观测期内）,2026-07-06,29.09,-0.3795,-0.0488,0.3066,0.1805,0.4242,0.4889,0.2033
603333,福华尚纬,48.29,True,7.77,8.14,1,4.27,-10.13,-5.11,-4.6,0.0,从未跌破（观测期内）,2026-07-06,37.25,0.3454,-0.373,0.531,0.258,0.6055,0.115,0.2029
600756,浪潮软件,40.19,True,12.4,12.99,0,-2.34,-12.22,-7.28,-4.56,0.0,从未跌破（观测期内）,2026-07-06,35.1,0.0919,-0.2523,0.389,0.1543,0.5577,0.3516,0.2029
600722,金牛化工,55.45,True,8.15,9.02,0,-0.52,-14.94,-10.57,-9.68,0.0,从未跌破（观测期内）,2026-07-06,26.49,0.6568,-0.1906,0.7039,0.5178,0.3664,0.0,0.2028
002197,证通电子,30.81,True,5.77,6.08,0,-0.85,-13.42,-7.49,-5.15,0.0,从未跌破（观测期内）,2026-07-06,37.69,-0.0856,-0.117,0.4359,0.1532,0.6153,0.2736,0.2024
002302,西部建设,56.3,True,4.46,4.62,0,-3.47,-9.15,-6.69,-3.47,0.0,从未跌破（观测期内）,2026-07-06,24.29,-0.0198,-0.1522,0.184,0.1391,0.3175,0.6933,0.2023
000401,金隅冀东,93.15,True,3.54,3.64,0,-1.04,-10.59,-4.85,-2.65,0.0,从未跌破（观测期内）,2026-07-06,29.87,-0.4685,-0.2057,0.2619,0.1177,0.4416,0.5634,0.2023
603334,丰倍生物,11.53,True,36.23,38.39,0,-1.25,-10.74,-7.53,-5.62,0.0,从未跌破（观测期内）,2026-07-06,25.02,-0.33,0.2817,0.371,0.3127,0.3339,0.3817,0.2022
002037,保利联合,30.19,True,6.24,6.58,0,-3.33,-10.58,-7.38,-5.22,0.0,从未跌破（观测期内）,2026-07-06,25.58,-0.1855,0.0113,0.2733,0.2045,0.3463,0.5444,0.2021
600595,中孚实业,237.67,True,5.93,6.15,0,-1.6,-15.8,-8.25,-3.52,0.0,从未跌破（观测期内）,2026-07-06,36.61,0.2011,0.0356,0.6349,0.3349,0.5913,0.0,0.202
603421,鼎信通讯,39.0,True,5.98,6.41,0,-2.45,-13.36,-8.51,-6.77,0.0,从未跌破（观测期内）,2026-07-06,31.25,0.1454,-0.191,0.3805,0.2108,0.4722,0.3658,0.202
002572,索菲亚,51.86,True,7.96,8.01,0,-0.61,-13.57,-9.27,-0.61,0.0,从未跌破（观测期内）,2026-07-06,36.76,-0.5755,-0.3731,0.3199,0.0507,0.5948,0.4668,0.2017
002506,协鑫集成,163.64,True,2.8,3.13,0,-0.42,-15.81,-8.48,-10.49,0.0,从未跌破（观测期内）,2026-07-06,27.62,-0.015,0.3906,0.4628,0.3563,0.3915,0.2287,0.2017
600883,博闻科技,17.14,True,7.26,7.53,0,-3.12,-9.64,-7.29,-3.57,0.0,从未跌破（观测期内）,2026-07-06,36.59,-0.1051,-0.3759,0.3153,0.0496,0.5908,0.4745,0.2017
605180,华生科技,20.6,True,12.19,13.06,2,1.53,-11.28,-5.82,-6.69,0.0,从未跌破（观测期内）,2026-07-06,31.48,0.3535,-0.2503,0.4882,0.3119,0.4773,0.1863,0.2014
000819,岳阳兴长,43.08,True,11.77,12.71,0,-7.19,-15.25,-9.94,-7.4,0.0,从未跌破（观测期内）,2026-07-06,27.14,0.337,-0.1511,0.4425,0.3417,0.381,0.2625,0.201
600072,中船科技,93.93,True,8.67,9.25,0,-5.06,-17.51,-11.89,-6.26,0.0,从未跌破（观测期内）,2026-07-06,23.45,0.219,-0.0084,0.3632,0.328,0.2989,0.3947,0.201
605298,必得科技,93.93,True,50.43,54.01,7,8.01,-6.7,-1.66,-6.63,0.0,从未跌破（观测期内）,2026-07-06,29.78,0.6495,-0.4498,0.5575,0.4098,0.4396,0.0708,0.201
000555,神州信息,97.46,True,10.0,10.96,0,-3.32,-16.33,-9.48,-8.78,0.0,从未跌破（观测期内）,2026-07-06,24.34,0.2354,0.0321,0.406,0.3541,0.3188,0.3233,0.2008
603626,科森科技,103.54,True,18.66,20.67,0,-0.76,-17.1,-9.93,-9.73,0.0,从未跌破（观测期内）,2026-07-06,32.12,0.4491,-0.1511,0.6403,0.409,0.4915,0.0,0.2006
000821,ST京机,48.25,True,7.98,8.39,2,1.15,-17.53,-6.64,-4.88,0.0,从未跌破（观测期内）,2026-07-06,36.04,-0.003,0.2146,0.5478,0.2858,0.5787,0.087,0.2003
603633,徕木股份,28.85,True,6.76,7.53,3,4.13,-16.59,-6.39,-10.17,0.0,从未跌破（观测期内）,2026-07-06,27.05,0.7849,-0.8253,0.5757,0.4709,0.379,0.0405,0.1996
600658,电子城,44.3,True,3.96,4.13,0,-1.7,-12.75,-8.32,-4.05,0.0,从未跌破（观测期内）,2026-07-06,37.5,-0.1234,-0.0371,0.4755,0.1852,0.6111,0.2076,0.1996
600103,青山纸业,67.03,True,3.03,3.36,0,-3.75,-15.01,-9.88,-9.79,0.0,从未跌破（观测期内）,2026-07-06,21.0,0.7096,-0.7274,0.4233,0.4258,0.2444,0.2946,0.1995
601360,三六零,598.46,True,8.55,9.05,0,-2.04,-11.94,-7.13,-5.48,0.0,从未跌破（观测期内）,2026-07-06,32.31,-0.0121,-0.0398,0.3841,0.1841,0.4959,0.3599,0.1992
000420,吉林化纤,98.81,True,4.02,4.2,0,-0.52,-10.05,-4.96,-4.19,0.0,从未跌破（观测期内）,2026-07-06,39.53,-0.0319,-0.2999,0.4085,0.08,0.6563,0.3191,0.1991
002642,荣联科技,41.02,True,6.2,6.66,0,-6.4,-17.12,-12.5,-6.91,0.0,从未跌破（观测期内）,2026-07-06,27.27,0.4079,-0.5399,0.3561,0.2448,0.3838,0.4065,0.1989
002339,积成电子,32.6,True,6.81,7.39,0,-4.71,-13.62,-9.63,-7.83,0.0,从未跌破（观测期内）,2026-07-06,25.23,-0.2641,0.2796,0.3879,0.3119,0.3384,0.3535,0.1987
000055,方大集团,22.57,True,3.34,3.56,9,4.06,-9.51,-2.42,-6.07,0.0,从未跌破（观测期内）,2026-07-06,21.43,0.536,-0.8933,0.3304,0.3216,0.254,0.4493,0.1986
603076,乐惠国际,25.77,True,21.35,21.86,0,-0.42,-12.37,-8.44,-2.32,0.0,从未跌破（观测期内）,2026-07-06,42.27,0.0069,-0.4606,0.4007,0.0199,0.7171,0.3322,0.1982
002315,焦点科技,62.78,True,23.88,24.3,0,-0.86,-13.32,-7.44,-1.72,0.0,从未跌破（观测期内）,2026-07-06,37.6,-0.118,-0.4914,0.3028,0.0034,0.6133,0.4953,0.1978
002802,洪汇新材,16.36,True,10.93,11.5,0,-3.13,-11.2,-7.74,-4.93,0.0,从未跌破（观测期内）,2026-07-06,27.83,0.0132,0.0193,0.3416,0.2156,0.3963,0.4306,0.1977
600219,南山铝业,481.17,True,4.19,4.41,0,-3.65,-13.53,-8.73,-5.04,0.0,从未跌破（观测期内）,2026-07-06,29.87,0.3627,-0.2698,0.4737,0.3097,0.4416,0.2105,0.1973
002583,海能达,102.75,True,8.01,8.58,8,7.88,-11.69,-2.67,-6.61,0.0,从未跌破（观测期内）,2026-07-06,22.51,0.7856,-0.3327,0.5718,0.5383,0.278,0.0471,0.1972
603383,顶点软件,55.97,True,27.25,28.38,0,-0.71,-12.19,-6.12,-3.97,0.0,从未跌破（观测期内）,2026-07-06,39.13,0.3356,-0.552,0.5311,0.2013,0.6473,0.1148,0.197
603896,寿仙谷,28.41,True,14.33,14.56,1,0.04,-14.3,-5.24,-1.56,0.0,从未跌破（观测期内）,2026-07-06,36.36,-0.3029,-0.1248,0.4307,0.1501,0.5859,0.2822,0.197
002263,大东南,57.85,True,3.08,3.8,9,12.86,-18.88,-2.41,-18.88,0.0,从未跌破（观测期内）,2026-07-06,25.57,0.7288,-0.3161,0.8487,0.5108,0.346,0.0,0.1969
605299,舒华体育,53.48,True,13.12,14.45,0,-7.21,-18.25,-11.63,-9.21,0.0,从未跌破（观测期内）,2026-07-06,9.82,0.7482,-0.5726,0.2639,0.4489,0.0,0.5601,0.1962
603429,*ST集友,43.43,True,8.28,9.31,9,14.9,-15.87,-1.06,-11.03,0.0,从未跌破（观测期内）,2026-07-06,40.18,0.4138,-0.6358,0.6538,0.2483,0.6706,0.0,0.1962
603296,华勤技术,568.52,True,71.19,73.67,4,4.35,-10.67,-3.48,-3.37,0.0,从未跌破（观测期内）,2026-07-06,44.28,0.2537,-0.4446,0.6949,0.1744,0.7619,0.0,0.196
603806,福斯特,392.09,True,15.03,16.29,7,2.02,-12.79,-3.52,-7.72,0.0,从未跌破（观测期内）,2026-07-06,38.76,0.2543,-0.2051,0.6668,0.2705,0.6391,0.0,0.1955
002005,ST德豪,44.68,True,2.55,2.58,0,-1.06,-17.56,-7.04,-1.07,0.0,从未跌破（观测期内）,2026-07-06,39.8,-0.3827,-0.1241,0.4984,0.1503,0.6621,0.1694,0.1954
002093,国脉科技,64.58,True,6.41,6.71,0,-2.48,-10.35,-6.51,-4.47,0.0,从未跌破（观测期内）,2026-07-06,24.83,-0.1193,0.1266,0.3333,0.2506,0.3295,0.4445,0.1952
002052,同洲电子,55.08,True,7.99,8.53,0,-1.72,-14.01,-9.53,-6.34,0.0,从未跌破（观测期内）,2026-07-06,34.97,-0.2497,0.1964,0.5432,0.2785,0.5549,0.0947,0.1948
603718,*ST海利,19.08,True,2.94,3.0,0,-0.56,-15.46,-7.73,-1.85,0.0,从未跌破（观测期内）,2026-07-06,45.1,-0.2118,-0.2248,0.5548,0.1101,0.78,0.0753,0.1948
603927,中科软,105.63,True,12.71,13.73,0,-2.08,-12.76,-6.47,-7.45,0.0,从未跌破（观测期内）,2026-07-06,22.73,-0.332,0.2354,0.3415,0.2941,0.2828,0.4309,0.1947
002853,皮阿诺,25.9,True,20.12,21.77,0,-5.25,-14.28,-9.24,-7.59,0.0,从未跌破（观测期内）,2026-07-06,17.8,-0.2006,0.7096,0.36,0.4,0.1733,0.3999,0.1946
603400,华之杰,14.9,True,53.2,57.38,0,-6.17,-20.68,-12.35,-7.28,0.0,从未跌破（观测期内）,2026-07-06,30.59,-0.151,0.1407,0.445,0.2563,0.4577,0.2583,0.1943
600330,天通股份,309.47,True,25.09,30.52,9,13.42,-17.78,-0.98,-17.78,0.0,从未跌破（观测期内）,2026-07-06,36.6,0.506,-0.5484,0.9717,0.3036,0.5911,0.0,0.1941
601877,正泰电器,539.61,True,25.11,26.13,0,-0.52,-14.2,-6.14,-3.89,0.0,从未跌破（观测期内）,2026-07-06,25.61,0.3328,-0.3329,0.3681,0.2665,0.3469,0.3865,0.194
000852,石化机械,47.8,True,5.03,5.34,0,-3.26,-12.32,-7.87,-5.84,0.0,从未跌破（观测期内）,2026-07-06,20.0,-0.4342,0.1423,0.2592,0.2569,0.2222,0.568,0.1939
603344,星德胜,13.4,True,24.8,26.66,0,-0.3,-18.65,-8.85,-6.97,0.0,从未跌破（观测期内）,2026-07-06,25.91,0.5796,-0.7617,0.4548,0.3477,0.3535,0.2421,0.1939
002685,华东重机,62.17,True,6.17,6.59,0,-4.13,-17.98,-10.39,-6.44,0.0,从未跌破（观测期内）,2026-07-06,39.75,0.2666,-0.4605,0.529,0.1757,0.6611,0.1184,0.1939
002405,四维图新,152.18,True,6.46,7.05,0,-7.83,-15.02,-12.03,-8.32,0.0,从未跌破（观测期内）,2026-07-06,20.69,0.479,-0.3221,0.3738,0.3586,0.2375,0.377,0.1937
600751,海航科技,75.65,True,2.94,3.03,0,-1.33,-12.16,-5.52,-2.94,0.0,从未跌破（观测期内）,2026-07-06,27.69,0.4382,-0.4154,0.4377,0.2967,0.3932,0.2706,0.1934
002043,兔 宝 宝,93.35,True,11.56,11.75,0,-1.58,-9.92,-5.58,-1.58,0.0,从未跌破（观测期内）,2026-07-06,35.1,0.1979,-0.5019,0.3914,0.1187,0.5578,0.3476,0.1934
600686,金龙汽车,87.26,True,12.17,12.27,1,1.77,-11.12,-6.35,-0.84,0.0,从未跌破（观测期内）,2026-07-06,30.38,0.3154,-0.1515,0.5191,0.3286,0.4529,0.1348,0.193
601799,星宇股份,292.14,True,102.26,109.81,0,-4.54,-22.37,-10.39,-6.87,0.0,从未跌破（观测期内）,2026-07-06,31.62,-0.7157,0.4284,0.5837,0.3714,0.4805,0.0271,0.193
603567,珍宝岛,44.81,True,4.77,5.2,0,-4.26,-29.57,-17.12,-8.29,0.0,从未跌破（观测期内）,2026-07-06,30.9,-0.8309,2.9224,0.7726,0.4,0.4644,0.0,0.1929
000659,珠海中富,37.67,True,2.93,3.34,0,-6.51,-12.61,-9.83,-12.39,0.0,从未跌破（观测期内）,2026-07-06,16.33,-0.5559,0.9849,0.3409,0.4,0.1406,0.4318,0.1929
603193,润本股份,19.93,True,19.29,20.12,0,-3.04,-13.94,-7.02,-4.1,0.0,从未跌破（观测期内）,2026-07-06,28.3,0.232,-0.4027,0.3343,0.1781,0.4067,0.4428,0.1923
001388,信通电子,22.81,True,26.98,28.9,1,0.27,-17.26,-9.8,-6.66,0.0,从未跌破（观测期内）,2026-07-06,35.84,-0.1267,0.0787,0.5218,0.2315,0.5743,0.1304,0.1923
603312,西典新能,17.09,True,33.57,35.25,6,2.19,-11.7,-4.15,-4.78,0.0,从未跌破（观测期内）,2026-07-06,35.98,0.2458,-0.4941,0.4453,0.1498,0.5773,0.2578,0.1916
603370,华新精科,12.76,True,36.47,39.8,0,-0.31,-14.0,-5.79,-8.37,0.0,从未跌破（观测期内）,2026-07-06,23.28,0.2,0.1577,0.4529,0.3831,0.2951,0.2452,0.1916
601212,白银有色,388.75,True,5.25,5.52,1,0.26,-14.67,-8.59,-4.89,0.0,从未跌破（观测期内）,2026-07-06,29.47,-0.1603,3.8454,0.5797,0.4,0.4327,0.0338,0.1916
003005,竞业达,17.22,True,13.56,14.11,0,-3.89,-12.31,-7.17,-3.89,0.0,从未跌破（观测期内）,2026-07-06,31.79,-0.2703,-0.211,0.3392,0.1156,0.4843,0.4347,0.191
603185,弘元绿能,102.6,True,15.11,16.76,0,-0.51,-17.12,-7.09,-9.86,0.0,从未跌破（观测期内）,2026-07-06,24.88,0.2308,0.2539,0.5427,0.44,0.3307,0.0955,0.1905
002438,江苏神通,66.67,True,14.22,15.06,0,-0.32,-11.16,-5.58,-5.59,0.0,从未跌破（观测期内）,2026-07-06,38.95,0.1604,-0.3991,0.49,0.1366,0.6432,0.1833,0.1903
000910,大亚圣象,29.71,True,5.43,5.59,0,-2.8,-12.09,-7.73,-2.8,0.0,从未跌破（观测期内）,2026-07-06,32.84,-0.1192,-0.3008,0.3245,0.0797,0.5075,0.4591,0.1903
600776,东方通信,123.04,True,12.87,14.72,6,5.86,-16.32,-4.89,-12.54,0.0,从未跌破（观测期内）,2026-07-06,28.14,0.6393,-0.3653,0.616,0.4375,0.4031,0.0,0.19
603105,芯能科技,34.5,True,6.9,7.36,0,-4.76,-13.73,-10.25,-6.31,0.0,从未跌破（观测期内）,2026-07-06,24.14,0.1426,-0.1408,0.321,0.2292,0.3142,0.465,0.1899
600746,江苏索普,64.0,True,5.48,5.72,0,-3.83,-12.84,-8.67,-4.2,0.0,从未跌破（观测期内）,2026-07-06,25.79,-0.0199,0.088,0.3578,0.2352,0.3508,0.4037,0.1895
002637,赞宇科技,50.96,True,10.96,11.29,7,8.67,-10.53,-2.14,-2.91,0.0,从未跌破（观测期内）,2026-07-06,34.09,0.5492,-0.7159,0.6748,0.3295,0.5352,0.0,0.1894
000425,徐工机械,761.45,True,8.46,8.64,2,2.66,-11.02,-4.99,-2.04,0.0,从未跌破（观测期内）,2026-07-06,39.35,-0.0012,-0.0881,0.5288,0.1648,0.6522,0.1186,0.1894
002199,*ST东晶,27.9,True,12.08,12.66,1,1.33,-12.28,-6.05,-4.6,0.0,从未跌破（观测期内）,2026-07-06,37.4,0.188,-0.223,0.5544,0.2236,0.6089,0.076,0.1891
002678,珠江钢琴,58.65,True,4.32,4.84,2,3.07,-20.33,-12.04,-10.69,0.0,从未跌破（观测期内）,2026-07-06,12.33,0.7005,-0.2851,0.3911,0.5062,0.0518,0.3482,0.1891
002933,新兴装备,31.7,True,27.15,27.75,1,0.8,-10.12,-3.48,-2.17,0.0,从未跌破（观测期内）,2026-07-06,38.52,-0.088,-0.3566,0.4084,0.0574,0.6337,0.3193,0.189
002470,金正大,65.71,True,2.0,2.12,0,-2.06,-13.38,-6.68,-5.59,0.0,从未跌破（观测期内）,2026-07-06,39.39,0.0915,-0.1794,0.5497,0.1831,0.6532,0.0838,0.189
603685,晨丰科技,59.53,True,29.55,30.16,1,0.68,-10.5,-5.31,-2.04,0.0,从未跌破（观测期内）,2026-07-06,36.79,-0.0256,-0.2458,0.4252,0.1017,0.5954,0.2914,0.1882
002316,亚联发展,14.21,True,4.17,4.36,0,-2.79,-13.02,-9.16,-4.31,0.0,从未跌破（观测期内）,2026-07-06,38.97,0.0124,-0.3493,0.4303,0.0678,0.6438,0.2829,0.1881
002421,达实智能,63.51,True,3.17,4.09,6,35.03,-23.27,-5.93,-22.57,0.0,从未跌破（观测期内）,2026-07-06,30.37,0.65,-0.7705,0.9243,0.39,0.4528,0.0,0.1881
600151,航天机电,152.46,True,10.63,11.5,0,-2.48,-17.77,-9.49,-7.53,0.0,从未跌破（观测期内）,2026-07-06,37.69,0.0648,-0.1557,0.5169,0.1766,0.6153,0.1385,0.188
600506,统一股份,36.17,True,14.49,15.34,0,-2.76,-14.33,-8.56,-5.53,0.0,从未跌破（观测期内）,2026-07-06,34.97,-0.1603,0.1021,0.5336,0.2408,0.5548,0.1106,0.1878
000045,深纺织Ａ,44.97,True,9.84,10.52,0,-1.06,-8.2,-5.4,-6.46,0.0,从未跌破（观测期内）,2026-07-06,32.79,0.0218,-0.1827,0.3943,0.14,0.5065,0.3429,0.1877
601778,晶科科技,150.41,True,4.04,4.62,0,-10.32,-19.91,-14.12,-12.54,0.0,从未跌破（观测期内）,2026-07-06,15.33,0.7619,-0.4254,0.4318,0.487,0.1184,0.2804,0.1875
002782,可立克,97.41,True,20.02,22.72,0,-2.64,-17.04,-9.6,-11.89,0.0,从未跌破（观测期内）,2026-07-06,33.97,0.45,-0.3664,0.6813,0.3235,0.5327,0.0,0.1874
600699,均胜电子,308.55,True,22.77,23.38,0,-0.49,-15.82,-9.7,-2.62,0.0,从未跌破（观测期内）,2026-07-06,37.4,-0.0078,0.0171,0.5448,0.2068,0.6089,0.0921,0.1873
002836,新宏泽,22.14,True,9.61,10.05,0,-2.94,-10.47,-7.63,-4.35,0.0,从未跌破（观测期内）,2026-07-06,31.87,-0.3672,-0.2495,0.3398,0.1002,0.4861,0.4337,0.1873
600299,安迪苏,259.63,True,8.43,9.28,0,-6.41,-19.64,-10.35,-9.17,0.0,从未跌破（观测期内）,2026-07-06,23.68,-0.7911,1.4331,0.4945,0.4,0.3039,0.1758,0.1872
000953,中哲精化,19.84,True,5.42,5.58,0,-2.94,-12.5,-8.63,-2.94,0.0,从未跌破（观测期内）,2026-07-06,36.18,-0.1113,-0.4498,0.3384,0.0201,0.5819,0.436,0.1868
600792,云煤能源,36.74,True,3.31,3.64,5,10.76,-19.16,-7.53,-9.14,0.0,从未跌破（观测期内）,2026-07-06,19.42,0.8905,-0.7656,0.5549,0.5343,0.2094,0.0752,0.1867
002778,中晟高科,19.61,True,15.89,16.57,0,-3.57,-12.66,-7.55,-4.12,0.0,从未跌破（观测期内）,2026-07-06,31.52,0.0726,0.0154,0.4876,0.2497,0.4783,0.1873,0.1862
603070,万控智造,48.88,True,12.19,14.52,4,10.75,-19.47,-8.07,-16.06,0.0,从未跌破（观测期内）,2026-07-06,31.68,0.443,-0.2672,0.9301,0.3589,0.4819,0.0,0.1861
001328,登康口腔,44.08,True,27.26,27.64,4,4.93,-11.87,-3.59,-1.38,0.0,从未跌破（观测期内）,2026-07-06,34.13,-0.2653,-0.0245,0.4766,0.1902,0.5363,0.2057,0.1857
002645,华宏科技,165.84,True,24.38,30.22,15,25.96,-19.32,6.57,-19.32,0.0,从未跌破（观测期内）,2026-07-06,34.47,0.5107,-0.5495,0.8021,0.3064,0.5438,0.0,0.1854
603172,万丰股份,22.87,True,17.15,17.97,0,-1.55,-13.02,-7.34,-4.55,0.0,从未跌破（观测期内）,2026-07-06,34.47,-0.0422,-0.045,0.4767,0.182,0.5437,0.2054,0.1851
603997,继峰股份,153.69,True,12.08,13.03,6,10.31,-15.34,-4.43,-7.28,0.0,从未跌破（观测期内）,2026-07-06,19.13,0.6263,-0.8001,0.3977,0.3758,0.2029,0.3371,0.1851
603605,珀莱雅,233.07,True,58.86,61.71,11,11.72,-11.14,0.08,-4.61,0.0616,从未跌破（观测期内）,2026-07-06,27.72,0.1922,-0.3871,0.4344,0.1605,0.3939,0.276,0.1849
603248,锡华科技,15.07,True,21.07,22.61,0,-5.69,-15.83,-10.24,-6.8,0.0,从未跌破（观测期内）,2026-07-06,19.35,0.2225,-0.0386,0.3456,0.3181,0.2078,0.4239,0.1847
600326,西藏天路,90.33,True,6.63,6.92,0,-3.23,-12.45,-8.38,-4.16,0.0,从未跌破（观测期内）,2026-07-06,30.0,-0.3357,-0.373,0.2715,0.0508,0.4444,0.5476,0.1837
001369,双欣材料,26.99,True,13.01,14.44,10,8.6,-9.88,-1.79,-9.88,0.0,从未跌破（观测期内）,2026-07-06,16.42,0.8594,-0.3415,0.5591,0.5791,0.1427,0.0681,0.1835
002869,金溢科技,24.97,True,15.85,17.78,6,4.52,-10.89,-3.84,-10.83,0.0,从未跌破（观测期内）,2026-07-06,29.06,0.5697,-0.6424,0.5493,0.3418,0.4235,0.0845,0.1828
600537,*ST亿晶,31.84,True,2.69,2.62,5,4.88,-22.12,-6.95,2.55,0.0,从未跌破（观测期内）,2026-07-06,49.19,0.0236,-0.4517,0.6585,0.0335,0.871,0.0,0.1826
603220,中贝通信,86.51,True,19.92,22.78,4,6.76,-19.12,-7.44,-12.56,0.0,从未跌破（观测期内）,2026-07-06,29.59,0.5521,-0.3743,0.7158,0.3815,0.4353,0.0,0.1824
000573,粤宏远Ａ,22.09,True,3.49,3.86,0,-2.93,-13.08,-7.4,-9.66,0.0,从未跌破（观测期内）,2026-07-06,16.09,0.3811,-0.3621,0.2628,0.2838,0.1354,0.562,0.1823
600477,杭萧钢构,55.2,True,2.34,2.46,0,-3.1,-9.8,-6.49,-4.88,0.0,从未跌破（观测期内）,2026-07-06,21.74,-0.4747,-0.0503,0.2599,0.1799,0.2609,0.5668,0.1822
603031,安孚科技,152.95,True,48.65,52.82,5,10.97,-10.17,-3.25,-7.89,0.0,从未跌破（观测期内）,2026-07-06,41.56,0.1669,-0.3314,0.7984,0.1676,0.7013,0.0,0.1822
000913,钱江摩托,54.61,True,10.5,11.0,4,6.86,-8.54,-3.61,-4.52,0.0,从未跌破（观测期内）,2026-07-06,18.82,0.5548,-0.2676,0.4565,0.4258,0.1959,0.2392,0.1815
002777,久远银海,49.07,True,12.13,12.84,0,-3.45,-13.25,-7.67,-5.51,0.0,从未跌破（观测期内）,2026-07-06,28.57,-0.3158,-0.2183,0.3171,0.1127,0.4127,0.4715,0.1814
600571,信雅达,44.91,True,9.81,10.32,0,-2.87,-12.9,-7.38,-4.96,0.0,从未跌破（观测期内）,2026-07-06,33.33,-0.1418,-0.2233,0.4,0.1107,0.5185,0.3333,0.1814
001225,和泰机电,8.85,True,42.07,42.42,1,1.89,-14.06,-8.66,-0.82,0.0,从未跌破（观测期内）,2026-07-06,45.68,0.0971,-0.4778,0.5759,0.0671,0.7928,0.0401,0.1814
603773,沃格光电,277.23,True,123.39,153.23,18,49.48,-19.48,21.99,-19.48,0.0495,从未跌破（观测期内）,2026-07-06,43.54,-0.2516,-0.3757,1.0603,0.0497,0.7454,0.0,0.1813
002429,兆驰股份,476.86,True,10.54,10.99,3,1.77,-12.78,-5.2,-4.05,0.0,从未跌破（观测期内）,2026-07-06,41.76,-0.0685,-0.0982,0.6776,0.1607,0.7057,0.0,0.1813
605555,德昌股份,62.93,True,13.0,13.89,4,3.2,-20.09,-6.84,-6.41,0.0,从未跌破（观测期内）,2026-07-06,37.41,0.371,-0.4634,0.6135,0.2372,0.6092,0.0,0.1811
002632,道明光学,49.92,True,8.69,9.57,0,-0.33,-10.79,-5.58,-9.16,0.0,从未跌破（观测期内）,2026-07-06,30.25,0.1801,-0.1729,0.4752,0.2389,0.4499,0.208,0.1809
002160,常铝股份,38.34,True,3.72,4.16,1,3.74,-16.39,-7.67,-10.54,0.0,从未跌破（观测期内）,2026-07-06,39.44,0.3337,-0.5221,0.6668,0.2002,0.6541,0.0,0.1809
002522,浙江众成,52.85,True,5.84,7.21,18,14.96,-19.03,3.36,-19.03,0.0,从未跌破（观测期内）,2026-07-06,33.47,0.4685,-0.4395,0.8534,0.3053,0.5216,0.0,0.1806
000625,长安汽车,593.59,True,7.18,7.33,0,-1.82,-9.81,-6.08,-2.09,0.0,从未跌破（观测期内）,2026-07-06,34.78,-0.3863,-0.4995,0.319,0.0002,0.5507,0.4684,0.1805
000533,顺钠股份,63.15,True,9.22,10.23,0,-3.29,-13.31,-9.57,-9.89,0.0,从未跌破（观测期内）,2026-07-06,21.05,0.5429,-0.4929,0.4046,0.3286,0.2456,0.3257,0.1801
600666,奥瑞德,91.83,True,3.67,4.34,3,4.94,-15.42,-7.53,-15.42,0.0,从未跌破（观测期内）,2026-07-06,25.99,0.6042,-0.4652,0.5412,0.3764,0.3553,0.098,0.1799
000523,红棉股份,35.12,True,2.65,2.77,0,-4.31,-12.32,-7.93,-4.31,0.0,从未跌破（观测期内）,2026-07-06,25.0,-0.2793,-0.0896,0.3133,0.1642,0.3333,0.4778,0.1794
002560,通达股份,45.98,True,7.26,7.98,1,0.29,-14.83,-8.11,-9.04,0.0,从未跌破（观测期内）,2026-07-06,25.94,0.3055,-0.2569,0.4466,0.2805,0.3543,0.2557,0.1793
603381,永臻股份,21.96,True,15.45,16.36,0,-4.47,-19.51,-12.21,-5.55,0.0,从未跌破（观测期内）,2026-07-06,21.07,-0.3816,-0.0279,0.2698,0.1888,0.246,0.5503,0.179
600496,精工钢构,65.67,True,3.3,3.38,0,-0.15,-12.22,-7.19,-2.5,0.0,从未跌破（观测期内）,2026-07-06,30.86,-0.3815,-0.3025,0.3338,0.079,0.4636,0.4437,0.179
000586,汇源通信,24.57,True,12.85,14.45,0,-3.93,-14.86,-9.68,-11.09,0.0,从未跌破（观测期内）,2026-07-06,20.98,0.6321,-0.7154,0.4588,0.3792,0.2439,0.2353,0.1789
002309,中利集团,63.52,True,2.64,3.01,0,-5.39,-15.41,-11.54,-12.35,0.0,从未跌破（观测期内）,2026-07-06,18.95,0.3609,-0.205,0.3778,0.3346,0.1988,0.3703,0.1789
002368,太极股份,83.3,True,13.43,15.51,7,8.2,-13.42,-2.89,-13.42,0.0,从未跌破（观测期内）,2026-07-06,25.69,-0.0633,0.2682,0.4705,0.3073,0.3488,0.2158,0.1789
603138,海量数据,38.32,True,13.29,15.38,0,-1.16,-16.02,-7.89,-13.57,0.0,从未跌破（观测期内）,2026-07-06,18.45,0.5693,-0.7541,0.3777,0.3416,0.1877,0.3705,0.1785
002918,蒙娜丽莎,21.42,True,10.0,10.93,0,-2.25,-18.78,-12.09,-8.54,0.0,从未跌破（观测期内）,2026-07-06,34.05,0.4438,-0.6813,0.5798,0.2663,0.5345,0.0337,0.1785
000933,神火股份,506.12,True,22.52,23.91,0,-4.03,-18.51,-11.47,-5.8,0.0,从未跌破（观测期内）,2026-07-06,32.62,0.0064,0.1978,0.5717,0.283,0.5028,0.0471,0.1784
002036,联创电子,73.78,True,6.99,7.92,0,-1.61,-17.7,-8.87,-11.79,0.0,从未跌破（观测期内）,2026-07-06,34.9,0.4507,-0.4985,0.6941,0.2711,0.5532,0.0,0.1784
603150,万朗磁塑,59.55,True,69.66,75.12,13,12.98,-7.27,3.52,-7.27,0.113,从未跌破（观测期内）,2026-07-06,26.53,0.0644,-0.1913,0.5266,0.1621,0.3674,0.1223,0.1776
002295,精艺股份,21.51,True,8.59,9.3,0,-0.48,-11.68,-7.12,-7.64,0.0,从未跌破（观测期内）,2026-07-06,24.07,0.1606,-0.1881,0.3633,0.2211,0.3128,0.3945,0.177
002366,融发核电,104.73,True,5.66,5.92,0,-0.54,-14.06,-7.68,-4.42,0.0,从未跌破（观测期内）,2026-07-06,38.16,0.209,-0.4476,0.5403,0.1464,0.6259,0.0996,0.1767
002909,集泰股份,18.87,True,4.96,5.29,0,-3.22,-11.19,-7.71,-6.18,0.0,从未跌破（观测期内）,2026-07-06,24.6,-0.2864,-0.0621,0.3285,0.1751,0.3245,0.4525,0.1766
603636,南威软件,45.04,True,7.76,8.65,0,-0.24,-16.74,-8.4,-10.26,0.0,从未跌破（观测期内）,2026-07-06,25.17,0.6334,-0.3598,0.679,0.4361,0.3371,0.0,0.1764
002331,皖通科技,28.52,True,7.07,7.9,0,-3.34,-11.46,-7.18,-10.53,0.0,从未跌破（观测期内）,2026-07-06,21.53,-0.2324,0.0162,0.3063,0.2065,0.2562,0.4895,0.1763
600490,鹏欣资源,122.15,True,6.13,6.62,4,2.67,-15.86,-7.75,-7.37,0.0,从未跌破（观测期内）,2026-07-06,27.15,-0.2248,1.1383,0.7612,0.4,0.3812,0.0,0.1762
603887,城地香江,56.29,True,9.35,10.23,0,-4.88,-17.94,-12.06,-8.62,0.0,从未跌破（观测期内）,2026-07-06,28.69,-0.4311,0.1297,0.4796,0.2519,0.4154,0.2006,0.1761
600389,江山股份,86.3,True,20.04,21.45,0,-2.89,-15.27,-8.74,-6.59,0.0,从未跌破（观测期内）,2026-07-06,23.17,-0.7041,1.2258,0.53,0.4,0.2926,0.1166,0.176
600725,云维股份,39.69,True,3.22,3.43,1,0.25,-16.28,-8.23,-6.22,0.0,从未跌破（观测期内）,2026-07-06,33.58,-0.4894,0.0368,0.5302,0.2147,0.5239,0.1163,0.1759
603918,金桥信息,35.23,True,9.65,10.22,0,-4.3,-12.3,-8.17,-5.59,0.0,从未跌破（观测期内）,2026-07-06,27.94,-0.2446,-0.2167,0.3313,0.1133,0.3986,0.4478,0.1752
002194,武汉凡谷,46.08,True,9.02,11.25,9,7.5,-19.84,-4.64,-19.84,0.0,从未跌破（观测期内）,2026-07-06,26.82,0.6479,-0.4681,0.7652,0.4015,0.3739,0.0,0.1752
002899,英派斯,33.25,True,22.5,23.42,0,-2.09,-13.91,-9.26,-3.91,0.0,从未跌破（观测期内）,2026-07-06,39.59,0.123,-0.6505,0.5004,0.0738,0.6576,0.166,0.1749
002865,钧达股份,125.57,True,54.88,61.92,0,-6.09,-23.69,-15.1,-11.37,0.0,从未跌破（观测期内）,2026-07-06,30.37,0.2803,-0.1129,0.5865,0.323,0.4527,0.0224,0.1747
600207,安彩高科,52.18,True,4.79,6.01,1,4.61,-20.26,-8.68,-20.26,0.0,从未跌破（观测期内）,2026-07-06,25.7,0.694,-0.4921,0.688,0.4196,0.3488,0.0,0.1747
001373,翔腾新材,12.59,True,30.0,32.99,0,-2.06,-15.29,-8.35,-9.07,0.0,从未跌破（观测期内）,2026-07-06,28.89,0.1517,-0.1054,0.4882,0.2489,0.4199,0.1863,0.1741
002534,西子洁能,142.87,True,17.31,19.52,11,8.25,-16.26,-0.92,-11.31,0.0,从未跌破（观测期内）,2026-07-06,32.46,-0.5227,0.2413,0.7016,0.2965,0.499,0.0,0.1739
002279,久其软件,44.55,True,5.6,6.33,1,1.3,-15.44,-7.19,-11.49,0.0,从未跌破（观测期内）,2026-07-06,15.18,0.7415,-0.6165,0.4464,0.4449,0.1152,0.256,0.1727
002054,德美化工,26.73,True,6.96,7.24,1,1.66,-9.92,-5.17,-3.85,0.0,从未跌破（观测期内）,2026-07-06,34.72,-0.2755,-0.3017,0.4285,0.0793,0.5494,0.2858,0.1726
603037,凯众股份,27.68,True,10.4,11.05,0,-4.65,-14.76,-10.33,-5.89,0.0,从未跌破（观测期内）,2026-07-06,24.52,-0.0794,-0.0004,0.3689,0.1998,0.3227,0.3852,0.1723
002922,伊戈尔,118.68,True,31.48,33.86,0,-4.53,-17.65,-10.84,-7.03,0.0,从未跌破（观测期内）,2026-07-06,33.38,0.1114,0.014,0.7291,0.2724,0.5195,0.0,0.172
001269,欧晶科技,39.98,True,20.78,24.12,10,15.79,-18.68,-3.82,-13.85,0.0,从未跌破（观测期内）,2026-07-06,23.14,0.756,-0.6993,0.7918,0.4536,0.292,0.0,0.1718
002535,林州重机,17.24,True,2.31,2.36,0,-0.04,-14.58,-9.3,-2.3,0.0,从未跌破（观测期内）,2026-07-06,39.76,0.138,-0.559,0.5256,0.0828,0.6613,0.1239,0.1716
003002,壶化股份,32.36,True,17.7,19.66,0,-3.69,-15.84,-9.85,-9.98,0.0,从未跌破（观测期内）,2026-07-06,28.47,-0.3395,-0.1323,0.3911,0.1471,0.4104,0.3482,0.1711
000509,华塑控股,36.27,True,3.38,3.95,3,9.16,-17.65,-8.69,-14.41,0.0,从未跌破（观测期内）,2026-07-06,25.16,0.6912,-0.7914,0.7311,0.4147,0.3368,0.0,0.171
000887,中鼎股份,245.13,True,18.65,19.79,10,12.01,-17.53,-2.3,-5.78,0.0,从未跌破（观测期内）,2026-07-06,27.44,0.4738,-0.2796,0.6636,0.3725,0.3875,0.0,0.1706
605177,东亚药业,19.86,True,17.47,18.55,3,5.79,-20.72,-9.52,-5.83,0.0,从未跌破（观测期内）,2026-07-06,31.55,0.4962,-0.7632,0.7253,0.2977,0.4789,0.0,0.1702
603189,*ST网达,29.11,True,10.8,11.04,2,2.16,-14.86,-5.98,-2.14,0.0,从未跌破（观测期内）,2026-07-06,42.77,0.0523,-0.6655,0.5353,0.0314,0.7283,0.1078,0.1697
001255,博菲电气,19.88,True,25.73,27.43,0,-4.0,-11.79,-8.67,-6.18,0.0,从未跌破（观测期内）,2026-07-06,25.07,-0.4357,-0.1513,0.329,0.1395,0.335,0.4517,0.1696
603527,众源新材,34.49,True,10.88,13.08,10,9.68,-16.8,-2.7,-16.8,0.0,从未跌破（观测期内）,2026-07-06,24.71,0.6946,-0.5824,0.7635,0.4168,0.327,0.0,0.1696
603801,志邦家居,24.67,True,5.68,5.96,0,-4.67,-13.22,-9.86,-4.67,0.0,从未跌破（观测期内）,2026-07-06,24.03,-0.6547,-0.1906,0.2955,0.1238,0.3118,0.5075,0.1694
601137,博威合金,200.79,True,21.87,23.91,15,18.61,-8.52,5.45,-8.52,0.1619,从未跌破（观测期内）,2026-07-06,23.23,0.3044,-0.5645,0.6035,0.1827,0.294,0.0,0.1692
002526,山东矿机,46.76,True,2.64,2.76,0,-2.52,-12.32,-7.0,-4.42,0.0,从未跌破（观测期内）,2026-07-06,28.57,-0.3453,-0.2714,0.3447,0.0914,0.4127,0.4256,0.1692
605336,*ST帅电,20.54,True,11.2,14.7,0,-0.0,-23.83,-8.33,-23.83,0.0,从未跌破（观测期内）,2026-07-06,21.78,-0.557,1.9131,0.535,0.4,0.2618,0.1083,0.1686
601777,千里科技,376.61,True,8.33,8.93,0,-6.74,-17.92,-12.06,-6.74,0.0,从未跌破（观测期内）,2026-07-06,23.19,0.0334,0.2795,0.497,0.3318,0.2932,0.1717,0.1674
002053,云南能投,87.93,True,9.55,9.95,2,5.04,-18.54,-8.16,-4.02,0.0,从未跌破（观测期内）,2026-07-06,39.63,-0.0215,-0.1422,0.7512,0.1431,0.6584,0.0,0.1674
001221,悍高集团,15.15,True,42.07,42.4,0,-0.78,-18.92,-9.83,-0.78,0.0,从未跌破（观测期内）,2026-07-06,32.9,0.0606,-0.3641,0.4293,0.0907,0.5089,0.2845,0.1671
603602,纵横通信,25.72,True,11.13,12.22,0,-0.5,-13.83,-6.29,-8.95,0.0,从未跌破（观测期内）,2026-07-06,25.24,0.3035,-0.5201,0.3846,0.1821,0.3386,0.3589,0.1671
002613,北玻股份,26.85,True,3.47,4.47,11,22.39,-22.45,-2.81,-22.45,0.0,从未跌破（观测期内）,2026-07-06,27.08,0.5915,-0.4762,0.9531,0.3644,0.3796,0.0,0.167
600281,华阳新材,20.68,True,4.02,4.53,0,-1.44,-12.69,-7.28,-11.17,0.0,从未跌破（观测期内）,2026-07-06,28.21,-0.0992,0.1977,0.5371,0.2791,0.4046,0.1049,0.1664
603063,禾望电气,204.12,True,44.16,50.09,2,4.83,-16.18,-6.79,-11.85,0.0,从未跌破（观测期内）,2026-07-06,41.19,-0.0038,-0.2299,0.778,0.1081,0.6931,0.0,0.1656
600797,浙大网新,64.94,True,6.32,6.92,0,-5.12,-14.16,-8.65,-8.66,0.0,从未跌破（观测期内）,2026-07-06,23.04,0.3958,-0.724,0.4076,0.2375,0.2897,0.3207,0.1654
002355,兴民智通,26.52,True,4.29,4.61,0,-5.77,-16.73,-11.44,-6.99,0.0,从未跌破（观测期内）,2026-07-06,19.05,-0.189,0.1014,0.3402,0.2406,0.2011,0.4329,0.1653
603227,雪峰科技,77.38,True,7.22,7.57,0,-2.89,-11.79,-7.19,-4.67,0.0,从未跌破（观测期内）,2026-07-06,22.3,0.1693,-0.553,0.2591,0.1016,0.2734,0.5682,0.1653
002166,莱茵生物,48.6,True,6.58,6.92,0,-4.96,-15.65,-10.03,-4.96,0.0,从未跌破（观测期内）,2026-07-06,24.14,-0.6291,-0.1722,0.3228,0.1311,0.3142,0.462,0.1649
603212,赛伍技术,51.32,True,11.73,13.93,10,9.71,-24.09,-6.01,-15.77,0.0,从未跌破（观测期内）,2026-07-06,26.28,0.6168,-0.6147,0.8964,0.3701,0.3619,0.0,0.1649
601992,金隅集团,115.84,True,1.39,1.45,0,-1.02,-10.8,-5.67,-3.97,0.0,从未跌破（观测期内）,2026-07-06,20.83,0.0641,-0.3539,0.2306,0.0969,0.2407,0.6157,0.1647
000890,法尔胜,31.59,True,7.53,8.9,0,-1.61,-18.18,-12.21,-15.43,0.0,从未跌破（观测期内）,2026-07-06,25.75,0.4913,-0.2922,0.6385,0.3779,0.3501,0.0,0.1645
603699,纽威股份,387.49,True,51.11,51.88,1,1.36,-11.99,-5.84,-1.49,0.0,从未跌破（观测期内）,2026-07-06,40.09,-0.1949,-0.2734,0.5685,0.0906,0.6686,0.0524,0.1642
002829,星网宇达,25.21,True,17.26,18.76,0,-3.4,-20.91,-13.13,-7.98,0.0,从未跌破（观测期内）,2026-07-06,28.08,0.2373,-0.0477,0.5888,0.3233,0.4018,0.0187,0.164
000677,ST海龙,14.51,True,1.68,1.71,0,-1.78,-20.44,-12.43,-1.78,0.0,从未跌破（观测期内）,2026-07-06,43.02,-0.1233,-0.3386,0.5968,0.0645,0.7339,0.0053,0.1637
002490,山东墨龙,34.67,True,6.4,7.19,3,7.91,-17.38,-8.58,-10.96,0.0,从未跌破（观测期内）,2026-07-06,17.5,0.8661,-0.6607,0.7816,0.5197,0.1667,0.0,0.1632
001212,中旗新材,72.88,True,41.92,47.58,0,-0.58,-11.89,-6.36,-11.89,0.0,从未跌破（观测期内）,2026-07-06,30.67,0.4742,-0.6197,0.6054,0.2845,0.4593,0.0,0.163
603920,世运电路,308.49,True,42.81,52.24,0,-0.75,-18.28,-9.99,-18.04,0.0,从未跌破（观测期内）,2026-07-06,23.3,0.5813,-0.3352,0.7242,0.4147,0.2955,0.0,0.1628
000008,神州高铁,64.1,True,2.36,2.43,0,-0.49,-9.87,-3.9,-2.84,0.0,从未跌破（观测期内）,2026-07-06,31.48,-0.2868,-0.4076,0.3689,0.0369,0.4774,0.3851,0.1625
002125,湘潭电化,80.77,True,12.83,16.28,12,23.94,-21.17,1.67,-21.17,0.0,从未跌破（观测期内）,2026-07-06,14.58,0.8802,-0.3992,0.8271,0.5684,0.1017,0.0,0.1624
002130,沃尔核材,212.42,True,18.52,19.2,1,0.12,-12.39,-6.2,-3.57,0.0,从未跌破（观测期内）,2026-07-06,36.21,-0.0117,-0.0419,0.6404,0.1833,0.5825,0.0,0.1623
600602,云赛智联,166.09,True,15.46,16.95,1,1.18,-16.45,-8.33,-8.8,0.0,从未跌破（观测期内）,2026-07-06,31.61,0.1642,-0.3136,0.5098,0.1731,0.4803,0.1503,0.1619
603202,天有为,26.03,True,51.83,57.72,2,1.31,-19.55,-8.38,-10.21,0.0,从未跌破（观测期内）,2026-07-06,17.68,-0.3668,1.161,0.4911,0.4,0.1707,0.1815,0.1614
002467,二六三,60.41,True,4.42,4.99,0,-4.07,-14.62,-9.35,-11.43,0.0,从未跌破（观测期内）,2026-07-06,19.86,0.2491,-0.1126,0.4371,0.3044,0.2192,0.2714,0.1607
001335,信凯科技,9.27,True,36.3,45.48,8,4.32,-20.19,-3.17,-20.19,0.0,从未跌破（观测期内）,2026-07-06,23.5,-0.3161,0.7868,0.6776,0.4,0.3,0.0,0.16
002943,宇晶股份,82.36,True,43.61,49.65,0,-4.29,-17.8,-10.83,-12.16,0.0,从未跌破（观测期内）,2026-07-06,34.5,-0.3808,-0.0008,0.8708,0.1997,0.5444,0.0,0.1588
002585,双星新材,91.69,True,10.34,12.86,16,30.49,-19.59,11.09,-19.59,0.0147,从未跌破（观测期内）,2026-07-06,36.33,0.2296,-0.6088,1.074,0.1377,0.5852,0.0,0.1574
603052,可川科技,135.47,True,72.1,85.0,2,4.29,-15.48,-6.85,-15.17,0.0,从未跌破（观测期内）,2026-07-06,27.44,0.53,-0.6415,0.7056,0.318,0.3875,0.0,0.157
002149,西部材料,217.27,True,44.51,54.5,0,-3.44,-18.33,-9.86,-18.33,0.0,从未跌破（观测期内）,2026-07-06,25.38,0.4362,-0.2773,0.7612,0.3508,0.3417,0.0,0.156
603095,越剑智能,36.24,True,14.03,16.06,0,-6.32,-18.52,-13.16,-12.66,0.0,从未跌破（观测期内）,2026-07-06,18.37,-0.3306,0.2975,0.4452,0.319,0.186,0.258,0.1557
603085,天成自控,43.76,True,11.02,11.45,0,-1.48,-14.87,-8.67,-3.76,0.0,从未跌破（观测期内）,2026-07-06,23.68,0.5247,-0.4704,0.5486,0.3266,0.3039,0.0857,0.1553
000997,新 大 陆,166.03,True,16.48,17.21,0,-4.23,-19.0,-10.87,-4.23,0.0,从未跌破（观测期内）,2026-07-06,36.33,0.1692,-0.5537,0.5537,0.1015,0.5851,0.0772,0.154
001233,海安集团,17.19,True,45.57,47.82,0,-0.25,-13.14,-6.5,-4.7,0.0,从未跌破（观测期内）,2026-07-06,24.46,0.3087,-0.2431,0.5299,0.288,0.3214,0.1168,0.1538
605058,澳弘电子,44.58,True,31.19,36.67,6,7.03,-14.95,-3.39,-14.95,0.0,从未跌破（观测期内）,2026-07-06,22.76,0.6458,-0.5209,0.6826,0.3875,0.2834,0.0,0.1536
605258,协和电子,25.59,True,29.08,34.06,6,4.76,-14.61,-3.8,-14.61,0.0,从未跌破（观测期内）,2026-07-06,28.04,0.3944,-0.359,0.6262,0.293,0.4009,0.0,0.1534
002825,纳尔股份,21.43,True,8.35,8.81,0,-5.03,-13.17,-8.8,-5.26,0.0,从未跌破（观测期内）,2026-07-06,26.44,-0.041,-0.2231,0.3901,0.1108,0.3654,0.3499,0.1532
605566,福莱蒽特,42.27,True,31.7,42.39,13,21.39,-25.82,1.25,-25.21,0.0,从未跌破（观测期内）,2026-07-06,24.41,0.4493,-0.2838,0.8401,0.3561,0.3202,0.0,0.1531
002862,实丰文化,16.87,True,13.12,13.98,0,-5.76,-14.65,-10.54,-6.15,0.0,从未跌破（观测期内）,2026-07-06,26.18,-0.2898,-0.3726,0.3293,0.051,0.3595,0.4511,0.1523
000936,华西股份,46.42,True,5.22,5.59,0,-5.43,-15.1,-9.47,-6.66,0.0,从未跌破（观测期内）,2026-07-06,25.35,0.1554,-0.4601,0.3778,0.1092,0.3412,0.3703,0.1511
600996,贵广网络,77.68,True,6.23,8.28,3,5.71,-24.78,-6.82,-24.78,0.0,从未跌破（观测期内）,2026-07-06,22.66,0.3755,-0.1182,0.6735,0.378,0.2812,0.0,0.1508
603171,税友股份,157.24,True,38.74,42.62,0,-5.48,-15.55,-10.47,-9.1,0.0,从未跌破（观测期内）,2026-07-06,25.24,0.2121,-0.7865,0.4022,0.1273,0.3387,0.3296,0.149
000766,通化金马,167.31,True,17.32,23.02,12,8.53,-24.95,-3.32,-24.75,0.0,从未跌破（观测期内）,2026-07-06,20.91,-0.3613,1.0505,0.7254,0.4,0.2425,0.0,0.1485
002348,高乐股份,96.41,True,10.67,11.41,1,6.05,-18.35,-10.51,-6.48,0.0,从未跌破（观测期内）,2026-07-06,30.62,0.3749,-0.4959,0.6423,0.2266,0.4581,0.0,0.1483
603396,金辰股份,35.74,True,25.8,27.74,0,-4.88,-14.17,-8.96,-7.01,0.0,从未跌破（观测期内）,2026-07-06,18.97,-0.1487,-0.2101,0.2838,0.116,0.1992,0.527,0.1479
002596,海南瑞泽,33.94,True,2.96,3.28,0,-1.21,-16.8,-8.16,-9.67,0.0,从未跌破（观测期内）,2026-07-06,30.0,-0.1837,0.0878,0.6085,0.2351,0.4444,0.0,0.1477
600724,宁波富达,79.18,True,5.48,5.97,0,-3.24,-18.11,-9.48,-8.25,0.0,从未跌破（观测期内）,2026-07-06,32.81,-0.413,-0.0453,0.6808,0.1819,0.5068,0.0,0.1468
002757,南兴股份,50.04,True,17.74,19.88,0,-6.82,-21.65,-12.73,-10.75,0.0,从未跌破（观测期内）,2026-07-06,30.27,-0.0468,0.0656,0.7053,0.2262,0.4503,0.0,0.1466
601996,丰林集团,24.44,True,2.18,2.37,0,-1.6,-16.28,-9.44,-8.0,0.0,从未跌破（观测期内）,2026-07-06,20.0,0.5674,-0.4571,0.5504,0.3576,0.2222,0.0827,0.1463
002121,科陆电子,73.83,True,5.25,5.76,0,-5.93,-19.03,-13.62,-8.78,0.0,从未跌破（观测期内）,2026-07-06,19.72,0.2318,-0.3188,0.4015,0.2115,0.216,0.3309,0.1457
603612,索通发展,86.42,True,17.35,19.07,1,0.94,-10.45,-6.69,-9.01,0.0,从未跌破（观测期内）,2026-07-06,23.04,-0.0533,-0.1121,0.4084,0.1552,0.2897,0.3194,0.1447
601600,中国铝业,1119.64,True,8.48,9.33,0,-1.79,-17.98,-10.67,-9.14,0.0,从未跌破（观测期内）,2026-07-06,22.96,0.2597,-0.0804,0.5801,0.3236,0.2881,0.0331,0.1435
002866,传艺科技,27.82,True,15.35,17.16,0,-5.47,-15.7,-10.53,-10.57,0.0,从未跌破（观测期内）,2026-07-06,24.37,0.2826,-0.6634,0.4546,0.1696,0.3193,0.2423,0.1426
600446,金证股份,96.57,True,10.26,11.18,0,-3.81,-15.07,-9.4,-8.21,0.0,从未跌破（观测期内）,2026-07-06,35.59,0.0958,-0.3565,0.6806,0.1149,0.5687,0.0,0.1425
600869,远东股份,568.38,True,25.61,32.39,18,32.0,-20.93,16.52,-20.93,0.013,从未跌破（观测期内）,2026-07-06,32.65,-0.2599,-0.1352,0.9417,0.1459,0.5032,0.0,0.1423
002667,*ST威领,27.57,True,11.65,14.88,3,7.42,-36.53,-18.53,-21.73,0.0,从未跌破（观测期内）,2026-07-06,19.23,-0.0987,5.6006,0.5964,0.4,0.205,0.0059,0.1419
002474,榕基软件,30.04,True,5.68,6.36,0,-1.68,-15.78,-8.63,-10.66,0.0,从未跌破（观测期内）,2026-07-06,15.42,0.5127,-0.4541,0.4553,0.326,0.1205,0.2411,0.1417
600651,飞乐音响,139.39,True,5.56,5.85,0,-4.77,-10.99,-7.19,-4.89,0.0,从未跌破（观测期内）,2026-07-06,25.6,-0.0868,-0.4482,0.3321,0.0207,0.3467,0.4464,0.1415
002108,沧州明珠,67.9,True,4.12,4.48,0,-1.29,-13.24,-6.99,-8.06,0.0,从未跌破（观测期内）,2026-07-06,23.85,0.0302,-0.2128,0.4167,0.133,0.3077,0.3055,0.1406
001300,三柏硕,28.91,True,11.86,13.23,0,-2.39,-20.64,-12.22,-10.38,0.0,从未跌破（观测期内）,2026-07-06,15.53,0.0181,0.2744,0.4567,0.3206,0.1229,0.2389,0.1406
600388,龙净环保,196.22,True,15.45,15.93,0,-2.2,-11.79,-7.74,-3.0,0.0,从未跌破（观测期内）,2026-07-06,29.22,-0.3172,-0.4076,0.4182,0.037,0.427,0.303,0.1401
603272,*ST联翔,23.42,True,22.6,29.97,4,20.21,-34.3,-13.9,-24.58,0.0,从未跌破（观测期内）,2026-07-06,25.4,0.2214,-0.1177,0.6914,0.2857,0.3422,0.0,0.1399
603418,友升股份,18.89,True,45.66,48.52,5,4.85,-13.45,-3.77,-5.89,0.0,从未跌破（观测期内）,2026-07-06,36.09,-0.1143,-0.3923,0.5509,0.0431,0.5798,0.0818,0.139
002229,鸿博股份,49.17,True,9.97,11.96,0,-1.15,-22.27,-12.46,-16.66,0.0,从未跌破（观测期内）,2026-07-06,18.78,0.6143,-0.4922,0.5764,0.3717,0.1952,0.0394,0.1379
603681,永冠新材,49.07,True,20.64,23.63,9,18.45,-12.65,0.08,-12.65,0.0,从未跌破（观测期内）,2026-07-06,14.51,0.7597,-0.4729,0.7005,0.4667,0.1002,0.0,0.1367
600418,江淮汽车,543.82,True,24.9,29.38,0,-9.98,-21.45,-15.71,-15.26,0.0,从未跌破（观测期内）,2026-07-06,17.25,-0.1621,0.1345,0.4362,0.2538,0.1611,0.273,0.1366
000809,和展能源,26.23,True,3.18,3.56,1,5.62,-14.96,-7.84,-10.65,0.0,从未跌破（观测期内）,2026-07-06,13.16,0.7653,-0.6626,0.5694,0.4592,0.0702,0.051,0.1365
002453,华软科技,27.12,True,4.5,4.96,0,-1.81,-15.3,-9.53,-9.34,0.0,从未跌破（观测期内）,2026-07-06,36.03,-0.1758,-0.3057,0.6571,0.0777,0.5785,0.0,0.1351
002733,雄韬股份,92.7,True,25.13,32.62,14,20.18,-22.95,2.25,-22.95,0.0,从未跌破（观测期内）,2026-07-06,14.69,0.4865,-0.0894,0.9076,0.4561,0.1041,0.0,0.1349
603306,华懋科技,303.76,True,92.19,104.08,9,9.92,-15.44,-2.1,-11.43,0.0,从未跌破（观测期内）,2026-07-06,35.08,0.1494,-0.5426,0.6539,0.0896,0.5573,0.0,0.1339
600114,东睦股份,222.95,True,36.17,40.15,15,13.73,-10.63,2.91,-9.9,0.0639,从未跌破（观测期内）,2026-07-06,28.86,0.1331,-0.464,0.62,0.0942,0.4191,0.0,0.1329
603778,国晟科技,67.24,True,10.46,15.06,1,0.34,-30.54,-17.31,-30.54,0.0,从未跌破（观测期内）,2026-07-06,17.43,0.1827,0.2198,0.9834,0.3975,0.1652,0.0,0.1324
002735,王子新材,39.94,True,14.01,17.85,13,30.31,-21.52,6.9,-21.52,0.0,从未跌破（观测期内）,2026-07-06,26.78,0.3796,-0.4953,0.7914,0.2296,0.3729,0.0,0.132
002903,宇环数控,43.47,True,40.75,47.34,13,18.29,-13.93,2.4,-13.93,0.0,从未跌破（观测期内）,2026-07-06,33.6,0.1466,-0.4556,0.8389,0.1057,0.5244,0.0,0.1313
002639,雪人集团,86.08,True,13.05,14.13,0,-1.3,-13.53,-6.54,-7.62,0.0,从未跌破（观测期内）,2026-07-06,34.13,0.0428,-0.3936,0.5789,0.0682,0.5362,0.0351,0.1296
603826,坤彩科技,160.26,True,24.46,28.62,3,3.46,-17.09,-8.21,-14.54,0.0,从未跌破（观测期内）,2026-07-06,16.68,0.0191,0.1444,0.4719,0.2692,0.1485,0.2136,0.129
600331,宏达股份,228.4,True,11.24,12.13,0,-4.63,-17.6,-11.31,-7.37,0.0,从未跌破（观测期内）,2026-07-06,28.34,-0.2122,-0.1381,0.5589,0.1447,0.4076,0.0685,0.128
003027,同兴科技,18.09,True,17.25,18.86,0,-2.44,-16.08,-9.87,-8.55,0.0,从未跌破（观测期内）,2026-07-06,30.42,-0.2822,-0.2784,0.54,0.0886,0.4539,0.1001,0.1279
600733,北汽蓝谷,263.33,True,4.74,5.4,0,-1.39,-14.37,-9.26,-12.23,0.0,从未跌破（观测期内）,2026-07-06,10.39,-0.2338,0.1262,0.3472,0.2505,0.0087,0.4213,0.1275
601908,京运通,71.47,True,2.96,3.2,0,-4.08,-14.07,-9.03,-7.49,0.0,从未跌破（观测期内）,2026-07-06,26.26,0.008,-0.3896,0.4286,0.049,0.3614,0.2856,0.1274
002970,锐明技术,67.24,True,53.2,60.87,3,3.87,-15.51,-6.53,-12.6,0.0,从未跌破（观测期内）,2026-07-06,23.57,0.4377,-0.4885,0.6796,0.2672,0.3014,0.0,0.1271
002951,金时科技,54.11,True,13.49,15.41,3,38.95,-22.66,-8.95,-12.44,0.0,从未跌破（观测期内）,2026-07-06,20.17,0.5314,-0.7509,0.6459,0.3189,0.226,0.0,0.1249
002796,世嘉科技,79.52,True,34.92,39.84,0,-2.18,-17.06,-10.25,-12.34,0.0,从未跌破（观测期内）,2026-07-06,29.45,0.2147,-0.4795,0.5844,0.137,0.4323,0.0259,0.1246
002214,*ST大立,67.98,True,14.21,14.76,4,1.99,-18.89,-5.15,-3.76,0.0,从未跌破（观测期内）,2026-07-06,29.27,0.0957,-0.7244,0.502,0.0574,0.4282,0.1633,0.1245
001211,双枪科技,21.33,True,22.85,29.62,4,8.22,-24.08,-10.93,-22.84,0.0,从未跌破（观测期内）,2026-07-06,0.4,0.5626,-0.1033,0.654,0.4963,0.0,0.0,0.1241
002625,光启技术,665.55,True,30.89,33.53,1,0.06,-17.99,-9.05,-7.88,0.0,从未跌破（观测期内）,2026-07-06,25.66,-0.2692,0.0345,0.6536,0.2138,0.348,0.0,0.1231
600986,浙文互联,99.06,True,6.66,7.56,0,-2.41,-15.53,-9.88,-11.86,0.0,从未跌破（观测期内）,2026-07-06,19.63,-0.0139,-0.2926,0.3707,0.0829,0.2141,0.3822,0.1209
601515,衢州东峰,61.78,True,3.21,3.57,0,-0.68,-15.1,-8.64,-10.13,0.0,从未跌破（观测期内）,2026-07-06,24.24,-0.47,-0.1706,0.5143,0.1318,0.3165,0.1429,0.1177
002512,ST达华,35.79,True,3.27,3.77,0,-5.57,-22.2,-12.39,-13.22,0.0,从未跌破（观测期内）,2026-07-06,29.5,-0.0872,-0.2166,0.5907,0.1133,0.4333,0.0155,0.1173
600590,泰豪科技,83.01,True,9.84,11.1,0,-6.21,-16.7,-11.63,-11.36,0.0,从未跌破（观测期内）,2026-07-06,21.92,0.1528,-0.4509,0.4558,0.1113,0.2648,0.2403,0.1168
002969,嘉美包装,146.26,True,13.39,14.81,0,-6.12,-24.94,-13.77,-9.57,0.0,从未跌破（观测期内）,2026-07-06,17.28,0.4751,-0.3705,0.6738,0.3368,0.1617,0.0,0.1165
000403,派林生物,91.25,True,9.7,10.38,3,8.09,-22.46,-9.0,-6.52,0.0,从未跌破（观测期内）,2026-07-06,27.29,-0.4148,-0.1813,0.5733,0.1275,0.3843,0.0445,0.1154
001207,联科科技,43.45,True,14.85,16.51,0,-4.98,-14.49,-8.76,-10.05,0.0,从未跌破（观测期内）,2026-07-06,21.96,-0.1341,-0.2146,0.4661,0.1141,0.2658,0.2231,0.1152
002178,延华智能,31.1,True,4.37,4.9,0,-0.96,-15.64,-9.56,-10.8,0.0,从未跌破（观测期内）,2026-07-06,16.0,0.1083,-0.2202,0.4315,0.1769,0.1333,0.2808,0.113
603360,百傲化学,113.7,True,16.1,17.98,0,-0.55,-16.32,-10.39,-10.46,0.0,从未跌破（观测期内）,2026-07-06,29.5,-0.0396,-0.2751,0.6765,0.0899,0.4332,0.0,0.1091
000981,山子高科,266.37,True,2.8,3.1,0,-5.42,-16.02,-10.19,-9.71,0.0,从未跌破（观测期内）,2026-07-06,22.11,-0.3398,-0.3334,0.4454,0.0666,0.269,0.2576,0.1091
002947,恒铭达,146.98,True,74.12,82.31,2,1.59,-16.98,-5.67,-9.95,0.0,从未跌破（观测期内）,2026-07-06,26.33,-0.0058,-0.1948,0.6424,0.1221,0.3629,0.0,0.1031
605196,华通线缆,147.2,True,29.15,30.76,0,-4.05,-25.37,-15.14,-5.24,0.0,从未跌破（观测期内）,2026-07-06,31.21,0.0138,-0.7014,0.6414,0.0083,0.4714,0.0,0.0964
002547,*ST春兴,27.18,True,2.46,2.92,4,6.07,-25.69,-10.6,-15.77,0.0,从未跌破（观测期内）,2026-07-06,22.98,0.0567,-0.2278,0.6153,0.1429,0.2885,0.0,0.0934
600152,维科技术,47.99,True,9.07,10.49,1,4.73,-14.32,-8.54,-13.52,0.0,从未跌破（观测期内）,2026-07-06,31.0,-0.0235,-0.5122,0.7083,0.0,0.4667,0.0,0.0933
002514,*ST宝馨,12.24,True,2.21,2.78,1,1.64,-35.18,-22.38,-20.55,0.0,从未跌破（观测期内）,2026-07-06,23.6,0.0193,-0.2373,0.586,0.1167,0.3023,0.0234,0.0931
600302,ST标准,27.58,True,7.97,9.19,7,8.53,-17.63,-6.51,-13.25,0.0,从未跌破（观测期内）,2026-07-06,20.67,0.1228,-0.3488,0.5551,0.1342,0.2372,0.0748,0.0922
600577,精达股份,202.37,True,9.37,10.62,0,-6.59,-19.28,-12.74,-11.75,0.0,从未跌破（观测期内）,2026-07-06,18.09,-0.2902,0.0311,0.6024,0.2125,0.1797,0.0,0.0891
001332,锡装股份,23.46,True,34.91,42.36,3,2.86,-17.59,-7.07,-17.59,0.0,从未跌破（观测期内）,2026-07-06,4.38,0.5222,-0.6015,0.5624,0.3133,0.0,0.0627,0.0877
603586,金麒麟,26.27,True,13.4,15.13,8,10.58,-24.99,-8.63,-11.41,0.0,从未跌破（观测期内）,2026-07-06,15.13,0.2936,-0.3064,0.6534,0.2536,0.114,0.0,0.0862
000980,众泰汽车,96.82,True,1.92,2.16,0,-2.82,-15.58,-10.74,-11.17,0.0,从未跌破（观测期内）,2026-07-06,7.27,0.0893,0.154,0.5829,0.3152,0.0,0.0285,0.0831
003022,联泓新科,296.51,True,22.22,25.81,11,12.99,-13.9,1.02,-13.9,0.0,从未跌破（观测期内）,2026-07-06,22.39,0.0974,-0.3959,0.5898,0.1001,0.2754,0.017,0.0827
603159,上海亚虹,23.79,True,16.99,22.5,6,5.19,-33.3,-11.36,-24.5,0.0,从未跌破（观测期内）,2026-07-06,14.76,-0.3534,-0.0566,0.8628,0.1774,0.1059,0.0,0.0655
001382,新亚电缆,10.08,True,16.0,18.16,0,-0.6,-20.32,-8.91,-11.87,0.0,从未跌破（观测期内）,2026-07-06,13.79,-0.1496,-0.5207,0.4221,0.0,0.0843,0.2965,0.0613
600714,金瑞矿业,49.62,True,17.22,24.14,3,15.54,-28.67,-11.74,-28.67,0.0,从未跌破（观测期内）,2026-07-06,10.35,-0.0103,-0.0599,0.6246,0.176,0.0078,0.0,0.0456
