code,name,market_cap,is_tech,latest_close,latest_ma20,days_above_ma20,max_distance_above_ma20_pct,min_distance_above_ma20_pct,avg_distance_above_ma20_pct,latest_distance_above_ma20_pct,ma20_strength_score,last_breach_date,latest_date,rsi,volume_price_corr,volume_change_22d,volatility_20d,volume_price_score,rsi_score,volatility_score,composite_score,trend_score,trend_normalized,trend_phase,daily_trend_score,weekly_trend_score,monthly_trend_score
603259,药明康德,3252.36,True,131.5,118.32,20,22.27,-1.07,9.73,11.14,0.8115,2026-06-17,2026-07-15,64.58,0.7788,0.8769,0.5536,0.8673,0.787,0.0773,0.7774,0.8774,0.9387,多周期共振看多 ⬆⬆⬆,0.785,0.6929,0.5625
002422,科伦药业,637.23,True,49.07,41.55,21,26.76,-1.1,9.5,18.09,0.8216,2026-06-26,2026-07-15,70.12,0.9522,1.8212,0.7583,0.9713,0.664,0.0,0.7756,0.8822,0.9411,多周期共振看多 ⬆⬆⬆,0.8525,0.7131,0.495
002185,华天科技,767.86,True,23.11,21.79,21,22.29,-2.9,10.51,6.05,0.7352,2026-06-15,2026-07-15,52.25,0.7225,1.1138,0.9272,0.8335,0.9388,0.0,0.76,0.8555,0.9278,多周期共振看多 ⬆⬆⬆,0.7505,0.6744,0.5625
002821,凯莱英,620.61,True,195.75,153.8,19,36.13,-4.74,15.89,27.27,0.8023,2026-06-17,2026-07-15,70.17,0.8436,2.7423,0.8492,0.9062,0.6629,0.0,0.759,0.9013,0.9506,多周期共振看多 ⬆⬆⬆,0.812,0.7223,0.5625
002536,飞龙股份,304.32,True,55.9,49.47,22,22.14,1.4,10.29,13.0,0.85,2026-06-12,2026-07-15,55.25,0.3771,0.7572,0.949,0.6263,0.9944,0.0,0.7582,0.8301,0.915,多周期共振看多 ⬆⬆⬆,0.6079,0.7408,0.5625
002653,海思科,397.92,True,74.13,63.92,18,45.23,-3.39,14.91,15.97,0.7864,2026-06-18,2026-07-15,67.32,0.919,3.137,0.9052,0.9514,0.7261,0.0,0.7501,0.7201,0.86,多周期共振看多 ⬆⬆⬆,0.68,0.5048,0.495
002674,兴业科技,84.0,True,28.71,26.85,22,70.87,4.62,30.29,6.93,0.7732,2026-05-12,2026-07-15,54.45,0.5745,1.3864,1.2328,0.7447,0.9877,0.0,0.7475,0.7475,0.8738,多周期共振看多 ⬆⬆⬆,0.5705,0.5913,0.5625
605208,永茂泰,62.49,True,18.94,16.77,20,16.29,-4.44,7.37,12.95,0.7525,2026-06-29,2026-07-15,73.45,0.8763,0.9324,0.56,0.9258,0.59,0.0667,0.74,0.871,0.9355,多周期共振看多 ⬆⬆⬆,0.7775,0.6854,0.5625
002317,众生药业,253.54,True,33.29,26.12,18,27.45,-7.96,9.73,27.45,0.7796,2026-06-22,2026-07-15,74.62,0.8747,1.0018,0.8656,0.9248,0.564,0.0,0.7358,0.8592,0.9296,多周期共振看多 ⬆⬆⬆,0.803,0.6375,0.5625
002141,贤丰控股,57.95,True,5.61,5.11,21,47.92,-6.25,20.64,9.71,0.8268,2026-07-13,2026-07-15,53.61,0.4818,0.8496,1.2516,0.6891,0.969,0.0,0.735,0.6299,0.815,多周期共振看多 ⬆⬆⬆,0.5895,0.3167,0.5625
000977,浪潮信息,1242.41,True,84.7,72.02,20,30.83,-2.24,9.31,17.6,0.801,2026-06-16,2026-07-15,66.96,0.8361,2.3752,0.7547,0.9017,0.7342,0.0,0.7328,0.6164,0.8082,多周期共振看多 ⬆⬆⬆,0.578,0.3644,0.495
000938,紫光股份,1016.18,True,35.53,30.94,15,31.01,-5.95,8.9,14.82,0.7112,2026-06-29,2026-07-15,64.94,0.9222,1.9763,0.8371,0.9533,0.7792,0.0,0.7318,0.6875,0.8438,多周期共振看多 ⬆⬆⬆,0.5128,0.509,0.5625
600360,华微电子,137.42,True,14.31,14.37,19,22.68,-4.89,10.29,-0.4,0.5423,2026-07-15,2026-07-15,51.74,0.9363,0.8891,0.9042,0.9618,0.9275,0.0,0.7313,0.8969,0.9485,多周期共振看多 ⬆⬆⬆,0.7685,0.75,0.5625
002156,通富微电,1194.39,True,78.71,71.35,16,17.34,-5.19,4.68,10.31,0.6216,2026-07-08,2026-07-15,51.04,0.8106,1.0169,0.8295,0.8863,0.9121,0.0,0.7225,0.7755,0.8878,多周期共振看多 ⬆⬆⬆,0.4895,0.7223,0.5625
600267,海正药业,141.4,True,11.98,10.49,19,14.2,-1.92,4.7,14.2,0.6908,2026-06-22,2026-07-15,68.61,0.9256,2.6149,0.4471,0.9553,0.6975,0.2548,0.7189,0.5236,0.7618,多周期共振看多 ⬆⬆⬆,0.4713,0.3643,0.3825
603893,瑞芯微,890.19,True,210.5,190.69,19,17.45,-5.06,5.64,10.39,0.6933,2026-06-17,2026-07-15,63.07,0.7121,0.9407,0.5155,0.8272,0.8208,0.1408,0.7182,0.6604,0.8302,多周期共振看多 ⬆⬆⬆,0.6186,0.5838,0.3375
603127,昭衍新药,319.08,True,50.62,39.68,19,27.57,-7.47,9.66,27.57,0.7938,2026-06-17,2026-07-15,72.11,0.7874,1.2918,0.7755,0.8724,0.6198,0.0,0.7169,0.6905,0.8453,多周期共振看多 ⬆⬆⬆,0.662,0.3876,0.5625
603757,大元泵业,143.64,True,77.0,71.57,19,32.08,-9.78,14.99,7.59,0.742,2026-06-17,2026-07-15,55.11,0.2385,2.3086,0.9532,0.5431,0.9976,0.0,0.7152,0.8744,0.9372,多周期共振看多 ⬆⬆⬆,0.7325,0.7315,0.5625
002774,快意电梯,46.13,True,16.37,14.31,21,22.06,-7.44,11.07,14.43,0.8341,2026-06-15,2026-07-15,61.81,0.1343,2.3873,0.7934,0.4806,0.8487,0.0,0.7107,0.8964,0.9482,多周期共振看多 ⬆⬆⬆,0.821,0.7038,0.5625
605178,时空科技,98.39,True,99.3,92.86,19,53.64,-3.88,20.23,6.93,0.7256,2026-06-17,2026-07-15,57.69,0.5424,1.7165,0.9944,0.7255,0.9403,0.0,0.7094,0.6444,0.8222,多周期共振看多 ⬆⬆⬆,0.4435,0.4737,0.5625
603991,领先股份,132.75,True,148.26,144.17,22,27.17,1.79,13.86,2.84,0.671,2026-06-10,2026-07-15,62.19,0.5097,0.4512,0.8977,0.6863,0.8402,0.0,0.699,0.8751,0.9375,多周期共振看多 ⬆⬆⬆,0.7685,0.7021,0.5625
002860,星帅尔,56.86,True,16.53,15.24,22,24.79,0.61,8.43,8.5,0.7731,2026-06-12,2026-07-15,69.15,0.6369,0.3789,0.6501,0.7337,0.6855,0.0,0.6947,0.7058,0.8529,多周期共振看多 ⬆⬆⬆,0.737,0.5821,0.3375
001229,魅视科技,29.56,True,40.08,35.64,20,42.41,-1.83,18.03,12.46,0.8182,2026-06-23,2026-07-15,68.08,0.4767,0.2841,0.9471,0.5997,0.7093,0.0,0.6929,0.769,0.8845,多周期共振看多 ⬆⬆⬆,0.7685,0.469,0.5625
002901,大博医疗,139.1,True,48.23,43.36,22,11.22,0.56,4.16,11.22,0.7663,2026-06-08,2026-07-15,73.15,0.8481,1.9303,0.3441,0.9089,0.5968,0.4265,0.6815,0.1012,0.5506,多周期方向不一致，观望,0.6514,0.122,-0.2357
603065,宿迁联盛,88.78,True,21.19,19.5,22,68.7,6.46,36.91,8.65,0.8162,2026-06-02,2026-07-15,52.82,-0.3092,3.181,1.1058,0.4,0.9515,0.0,0.681,0.7068,0.8534,多周期共振看多 ⬆⬆⬆,0.6115,0.4667,0.5625
002303,美盈森,48.44,True,5.01,4.17,22,26.41,0.02,14.21,20.19,0.85,2026-06-12,2026-07-15,70.21,0.4281,11.9913,0.7575,0.6568,0.6619,0.0,0.6784,0.542,0.771,多周期共振看多 ⬆⬆⬆,0.7985,0.2367,0.27
001206,依依股份,23.06,True,21.58,19.15,21,17.55,-0.3,8.08,12.7,0.786,2026-07-06,2026-07-15,58.67,0.7658,1.3388,0.7868,0.8595,0.9185,0.0,0.6748,0.0348,0.5174,多周期方向不一致，观望,0.662,0.0356,-0.45
603261,立航科技,40.87,True,52.73,51.1,22,45.53,1.32,19.66,3.19,0.6798,2026-06-11,2026-07-15,51.15,0.2177,5.6098,0.9452,0.5306,0.9145,0.0,0.6729,0.805,0.9025,多周期共振看多 ⬆⬆⬆,0.5435,0.7408,0.5625
603669,灵康药业,57.77,True,8.11,5.95,22,36.29,8.54,16.86,36.29,0.85,2026-06-05,2026-07-15,89.81,0.808,3.4294,0.6397,0.8848,0.2265,0.0,0.6702,0.6338,0.8169,多周期共振看多 ⬆⬆⬆,0.839,0.3363,0.3375
002841,视源股份,251.24,True,48.19,40.07,12,42.05,-7.28,9.42,20.26,0.6764,2026-06-29,2026-07-15,75.05,0.9294,3.1768,0.7813,0.9577,0.5544,0.0,0.6658,0.5052,0.7526,多周期共振看多 ⬆⬆⬆,0.4985,0.5256,0.1575
603928,兴业股份,46.71,True,13.71,14.28,17,36.8,-4.47,12.53,-3.98,0.4209,2026-07-15,2026-07-15,57.27,0.8864,6.6775,1.2494,0.9318,0.9495,0.0,0.6637,0.6687,0.8343,多周期共振看多 ⬆⬆⬆,0.479,0.4967,0.5625
603019,中科曙光,1415.65,True,96.76,96.68,19,22.15,-3.13,6.97,0.08,0.4784,2026-06-17,2026-07-15,49.02,0.9259,1.1876,0.7419,0.9555,0.8672,0.0,0.6619,0.5773,0.7887,多周期共振看多 ⬆⬆⬆,0.5915,0.4242,0.3375
603456,九洲药业,140.1,True,15.89,14.01,22,15.83,0.54,6.62,13.43,0.7915,2026-06-11,2026-07-15,71.79,0.8571,1.5857,0.4955,0.9143,0.6269,0.1741,0.6594,0.0213,0.5107,多周期方向不一致，观望,0.522,0.096,-0.45
002747,埃斯顿,320.0,True,40.9,39.67,20,30.12,-2.33,12.27,3.11,0.646,2026-07-14,2026-07-15,55.87,0.4655,0.018,1.0124,0.4865,0.9806,0.0,0.6582,0.7601,0.88,多周期共振看多 ⬆⬆⬆,0.547,0.6392,0.5625
001314,亿道信息,76.89,True,61.96,59.14,18,9.15,-4.73,2.99,4.77,0.5376,2026-07-14,2026-07-15,53.7,0.3762,1.6097,0.5602,0.6257,0.9712,0.0664,0.6579,0.7535,0.8767,多周期共振看多 ⬆⬆⬆,0.4762,0.6854,0.5625
000518,四环生物,40.46,True,3.93,3.49,11,20.05,-11.72,2.52,12.59,0.4879,2026-06-30,2026-07-15,72.11,0.8311,0.9412,0.5036,0.8987,0.6198,0.1607,0.6564,0.7697,0.8849,多周期共振看多 ⬆⬆⬆,0.5428,0.664,0.5625
002693,双成药业,45.04,True,10.96,9.53,13,17.8,-10.94,1.63,15.03,0.4975,2026-06-26,2026-07-15,71.28,0.9236,4.1571,0.7427,0.9542,0.6382,0.0,0.6561,0.7623,0.8811,多周期共振看多 ⬆⬆⬆,0.49,0.6929,0.5625
603087,甘李药业,391.07,True,69.69,60.64,20,17.6,-2.74,6.6,14.93,0.7332,2026-06-26,2026-07-15,69.28,0.8918,4.1201,0.6654,0.9351,0.6827,0.0,0.6528,0.1472,0.5736,多周期方向不一致，观望,0.6105,0.1237,0.0
605377,华旺科技,54.83,True,9.85,9.2,17,13.13,-10.44,4.8,7.08,0.5674,2026-06-22,2026-07-15,61.56,0.7338,0.2821,0.8209,0.7531,0.8543,0.0,0.6503,0.6105,0.8053,多周期共振看多 ⬆⬆⬆,0.5232,0.3308,0.5625
002907,华森制药,50.74,True,15.11,13.7,19,11.45,-2.79,6.38,10.31,0.7364,2026-07-08,2026-07-15,61.9,0.7465,7.9791,0.7055,0.8479,0.8466,0.0,0.6475,0.0399,0.52,多周期方向不一致，观望,0.671,0.0504,-0.45
600851,海欣股份,67.47,True,9.14,8.87,17,28.45,-3.28,7.53,3.03,0.5346,2026-07-14,2026-07-15,41.16,0.8399,6.026,0.8285,0.9039,0.6924,0.0,0.6429,0.583,0.7915,多周期共振看多 ⬆⬆⬆,0.2833,0.476,0.5625
000739,普洛药业,237.04,True,20.47,17.49,19,17.04,-1.73,4.87,17.04,0.6815,2026-06-26,2026-07-15,78.28,0.8391,4.4548,0.4594,0.9035,0.4827,0.2343,0.6346,0.2291,0.6146,月线看多，日线反弹（等待周线确认）,0.4704,0.1496,0.3825
000811,冰轮环境,492.62,True,50.35,50.1,21,49.99,-0.43,22.66,0.5,0.5967,2026-07-13,2026-07-15,45.68,0.2614,0.6974,1.0712,0.5569,0.7928,0.0,0.6345,0.8017,0.9008,多周期共振看多 ⬆⬆⬆,0.5245,0.75,0.5625
002558,巨人网络,561.8,True,29.56,27.22,17,12.27,-5.64,4.71,8.6,0.6031,2026-07-14,2026-07-15,57.43,0.8852,0.9032,0.7027,0.9311,0.9459,0.0,0.6306,-0.0279,0.486,⚠️⚠️ 逆大势反弹，大概率是下跌中继,0.6072,-0.4891,-0.5625
002603,以岭药业,240.07,True,17.44,15.56,15,12.12,-2.86,2.08,12.12,0.577,2026-07-09,2026-07-15,69.02,0.9448,4.0551,0.4407,0.9669,0.6885,0.2656,0.6295,0.0656,0.5328,多周期方向不一致，观望,0.3702,-0.0289,0.0
603313,梦百合,45.25,True,7.93,6.32,16,38.96,-7.64,10.52,25.48,0.7545,2026-06-24,2026-07-15,74.17,0.9304,5.1812,0.9207,0.9582,0.5739,0.0,0.6279,-0.0094,0.4953,多周期方向不一致，观望,0.5135,-0.0313,-0.45
002605,姚记科技,70.18,True,20.75,19.15,15,8.97,-1.41,2.55,8.37,0.5568,2026-06-30,2026-07-15,63.64,0.9131,2.2357,0.4252,0.9478,0.8081,0.2913,0.6277,-0.0344,0.4828,多周期方向不一致，观望,0.3908,-0.0363,-0.45
000566,海南海药,66.78,True,5.15,4.87,16,44.17,-6.38,11.5,5.67,0.6464,2026-07-14,2026-07-15,55.17,0.6887,3.3781,1.2082,0.8132,0.9963,0.0,0.6271,-0.0312,0.4844,多周期方向不一致，观望,0.357,0.0067,-0.45
002396,星网锐捷,208.44,True,27.52,22.97,11,42.03,-13.6,9.14,19.81,0.6535,2026-06-30,2026-07-15,75.11,0.8109,3.8785,0.8773,0.8865,0.553,0.0,0.6244,0.3449,0.6724,多周期共振看多 ⬆⬆⬆,0.4018,0.2561,0.1575
603110,东方材料,49.34,True,24.52,23.05,13,15.31,-8.77,2.42,6.4,0.4272,2026-07-13,2026-07-15,51.19,0.5216,2.3851,0.6744,0.713,0.9154,0.0,0.6234,0.7227,0.8614,多周期共振看多 ⬆⬆⬆,0.3757,0.7038,0.5625
002038,双鹭药业,56.99,True,6.69,5.96,15,21.65,-10.81,4.95,12.33,0.6125,2026-06-26,2026-07-15,61.59,0.8964,4.2597,1.0564,0.9378,0.8535,0.0,0.6215,-0.0226,0.4887,⚠️⚠️ 逆大势反弹，大概率是下跌中继,0.4543,-0.3691,-0.45
002675,东诚药业,99.17,True,13.34,12.75,15,4.66,-2.11,0.92,4.66,0.4793,2026-07-09,2026-07-15,57.28,0.7151,2.3894,0.3171,0.8291,0.9493,0.4715,0.6214,-0.0217,0.4891,⚠️⚠️ 逆大势反弹，大概率是下跌中继,0.2842,-0.2066,-0.45
603268,松发股份,374.27,True,160.46,151.52,16,12.55,-5.11,3.76,5.9,0.5004,2026-07-01,2026-07-15,63.33,0.63,0.0524,0.5727,0.5989,0.8149,0.0455,0.6199,0.7856,0.8928,多周期共振看多 ⬆⬆⬆,0.6194,0.6331,0.5625
002546,新联电子,68.26,True,8.52,7.5,16,16.36,-7.22,3.15,13.58,0.5832,2026-07-07,2026-07-15,60.9,0.8768,3.0415,0.75,0.9261,0.8688,0.0,0.6198,0.034,0.517,⚠️ 月线看多但周线走弱，日线仅为反弹,0.557,-0.4868,0.225
002415,海康威视,3084.82,True,34.1,33.61,20,9.95,-1.17,4.38,1.45,0.5271,2026-07-13,2026-07-15,48.0,0.5554,-0.0124,0.4526,0.5282,0.8443,0.2457,0.6188,0.6304,0.8152,多周期共振看多 ⬆⬆⬆,0.3612,0.5133,0.5625
600288,大恒科技,67.53,True,15.46,14.23,12,29.22,-4.5,6.3,8.67,0.5653,2026-07-03,2026-07-15,64.04,0.918,1.5512,0.8074,0.9508,0.7992,0.0,0.6185,0.1112,0.5556,多周期方向不一致，观望,0.407,0.0725,0.0675
600276,恒瑞医药,3667.93,True,57.5,52.75,19,13.97,-2.49,5.75,9.01,0.6827,2026-06-17,2026-07-15,68.71,0.6464,0.9359,0.4718,0.7879,0.6954,0.2136,0.6175,0.0358,0.5179,多周期方向不一致，观望,0.6575,0.0114,-0.4176
000623,吉林敖东,222.23,True,18.66,17.84,19,6.64,-1.49,2.87,4.6,0.5649,2026-07-13,2026-07-15,55.3,0.6651,0.6493,0.4802,0.799,0.9932,0.1996,0.6174,-0.0469,0.4766,多周期方向不一致，观望,0.2992,-0.0125,-0.45
603068,博通集成,58.26,True,38.38,38.59,18,14.23,-3.55,6.23,-0.55,0.4321,2026-07-15,2026-07-15,47.66,0.6954,1.2358,0.471,0.8172,0.837,0.2151,0.6174,0.4183,0.7091,多周期共振看多 ⬆⬆⬆,0.3511,0.3842,0.2342
002851,麦格米特,772.75,True,168.63,163.5,14,25.88,-8.8,4.96,3.14,0.4253,2026-07-13,2026-07-15,48.05,0.5005,0.556,0.8298,0.7003,0.8455,0.0,0.6173,0.7822,0.8911,多周期共振看多 ⬆⬆⬆,0.5391,0.6946,0.5625
003004,声迅股份,51.95,True,75.57,75.45,22,19.5,0.16,9.72,0.16,0.5981,2026-04-10,2026-07-15,58.4,0.3183,-0.1782,0.806,0.3197,0.9245,0.0,0.6117,0.8368,0.9184,多周期共振看多 ⬆⬆⬆,0.625,0.7408,0.5625
600572,康恩贝,110.39,True,4.36,4.06,14,7.36,-2.84,1.19,7.36,0.5098,2026-06-30,2026-07-15,70.0,0.8314,1.5657,0.2537,0.8989,0.6667,0.5772,0.6095,-0.047,0.4765,多周期方向不一致，观望,0.2434,-0.1469,-0.2685
000970,中科三环,186.98,True,15.38,15.2,22,19.96,0.26,9.89,1.19,0.6271,2026-06-05,2026-07-15,51.83,0.6596,-0.3125,0.8019,0.4708,0.9296,0.0,0.6092,0.5,0.75,多周期共振看多 ⬆⬆⬆,0.5425,0.364,0.27
002773,康弘药业,161.12,True,23.46,21.53,17,13.82,-3.72,3.87,8.94,0.5907,2026-06-26,2026-07-15,65.58,0.8994,1.0732,0.5575,0.9396,0.7649,0.0709,0.609,-0.0239,0.488,⚠️⚠️ 逆大势反弹，大概率是下跌中继,0.5003,-0.3222,-0.5625
002728,特一药业,51.08,True,10.19,9.06,16,14.64,-5.17,5.29,12.45,0.6367,2026-06-26,2026-07-15,66.87,0.8411,5.4363,0.7113,0.9047,0.7361,0.0,0.6071,-0.0023,0.4989,⚠️⚠️ 逆大势反弹，大概率是下跌中继,0.5795,-0.1586,-0.3825
002979,雷赛智能,137.77,True,61.84,59.61,14,31.4,-8.33,6.47,3.74,0.4779,2026-06-29,2026-07-15,62.76,0.6151,0.1758,0.7781,0.6394,0.8275,0.0,0.6069,0.692,0.846,多周期共振看多 ⬆⬆⬆,0.3185,0.6854,0.5625
600211,西藏药业,129.15,True,40.07,37.89,15,5.76,-4.06,1.11,5.76,0.4748,2026-07-09,2026-07-15,63.38,0.8789,0.5332,0.3847,0.9274,0.8137,0.3589,0.6068,-0.0324,0.4838,⚠️⚠️ 逆大势反弹，大概率是下跌中继,0.2453,-0.4279,-0.3992
002294,信立泰,430.78,True,38.65,34.38,13,25.04,-7.29,4.89,12.41,0.5791,2026-06-26,2026-07-15,64.28,0.9458,1.4714,0.7709,0.9675,0.7938,0.0,0.6062,-0.0408,0.4796,⚠️⚠️ 逆大势反弹，大概率是下跌中继,0.4318,-0.5852,-0.5625
002668,TCL智家,116.33,True,10.73,10.57,22,12.8,0.34,5.72,1.53,0.5713,2026-06-10,2026-07-15,58.06,0.451,-0.3914,0.4468,0.314,0.9319,0.2553,0.6052,0.6458,0.8229,多周期共振看多 ⬆⬆⬆,0.5594,0.6023,0.3375
003033,征和工业,56.52,True,70.0,60.04,13,23.64,-14.14,5.14,16.59,0.5853,2026-06-30,2026-07-15,76.22,0.8196,1.0464,0.6403,0.8918,0.5285,0.0,0.6029,0.3572,0.6786,多周期共振看多 ⬆⬆⬆,0.5127,0.1882,0.1575
000513,丽珠集团,177.94,True,31.32,29.92,17,5.16,-3.5,1.17,4.66,0.5062,2026-06-30,2026-07-15,60.86,0.7234,0.3262,0.3271,0.7645,0.8697,0.4548,0.6026,-0.0248,0.4876,⚠️⚠️ 逆大势反弹，大概率是下跌中继,0.29,-0.2711,-0.45
605007,五洲特纸,74.46,True,15.69,14.06,13,14.64,-6.42,3.73,11.61,0.5502,2026-06-26,2026-07-15,83.97,0.803,0.5414,0.4102,0.8818,0.3561,0.3163,0.6005,0.3926,0.6963,多周期共振看多 ⬆⬆⬆,0.4738,0.2317,0.225
600812,华北制药,85.27,True,4.97,4.51,14,10.24,-4.64,1.59,10.24,0.5551,2026-06-30,2026-07-15,68.48,0.8162,1.9638,0.4095,0.8897,0.7003,0.3174,0.6001,-0.0492,0.4754,⚠️⚠️ 逆大势反弹，大概率是下跌中继,0.3108,-0.6408,-0.5625
002550,千红制药,67.96,True,7.22,6.5,15,12.59,-5.15,4.58,11.15,0.6032,2026-06-26,2026-07-15,63.93,0.7929,3.9656,0.6717,0.8757,0.8015,0.0,0.5999,-0.0116,0.4942,⚠️⚠️ 逆大势反弹，大概率是下跌中继,0.5537,-0.2461,-0.45
002020,京新药业,110.84,True,15.31,13.48,15,20.96,-4.84,5.21,13.57,0.6188,2026-06-26,2026-07-15,66.55,0.8218,3.3797,0.6764,0.8931,0.7434,0.0,0.599,-0.0144,0.4928,多周期方向不一致，观望,0.4783,-0.0234,-0.45
603726,朗迪集团,52.36,True,28.36,31.03,19,24.63,-8.6,8.76,-8.6,0.3062,2026-07-15,2026-07-15,48.86,0.6569,0.6197,0.8641,0.7941,0.8637,0.0,0.5979,0.7413,0.8706,多周期共振看多 ⬆⬆⬆,0.4556,0.6762,0.5625
603725,天安新材,39.97,True,13.11,12.35,14,23.26,-11.18,4.06,6.12,0.4773,2026-07-14,2026-07-15,56.72,0.6159,-0.2929,0.9154,0.4524,0.9617,0.0,0.5978,0.7592,0.8796,多周期共振看多 ⬆⬆⬆,0.4694,0.7038,0.5625
603858,步长制药,169.26,True,16.05,15.3,19,4.9,-4.51,1.4,4.9,0.5439,2026-06-30,2026-07-15,60.95,0.6163,0.4143,0.3925,0.7355,0.8678,0.3458,0.5957,-0.0348,0.4826,⚠️⚠️ 逆大势反弹，大概率是下跌中继,0.2673,-0.4418,-0.45
002440,闰土股份,106.84,True,11.29,10.59,18,22.19,-7.99,7.28,6.64,0.6343,2026-07-13,2026-07-15,47.65,0.4825,0.7946,0.9048,0.6895,0.8366,0.0,0.5948,0.1293,0.5646,月线看多，日线反弹（等待周线确认）,0.5099,-0.1342,0.225
002517,恺英网络,324.55,True,17.18,16.04,16,12.31,-4.96,3.41,7.11,0.5174,2026-07-14,2026-07-15,57.68,0.7715,0.6213,0.5729,0.8629,0.9405,0.0452,0.5938,-0.0365,0.4818,⚠️⚠️ 逆大势反弹，大概率是下跌中继,0.293,-0.3833,-0.5625
002745,木林森,127.16,True,11.95,12.04,20,20.01,-2.6,8.74,-0.71,0.5189,2026-07-15,2026-07-15,45.23,0.1595,0.6684,0.837,0.4957,0.7828,0.0,0.5934,0.7695,0.8847,多周期共振看多 ⬆⬆⬆,0.5712,0.6392,0.5625
600380,健康元,192.46,True,10.52,9.83,14,6.99,-3.96,1.15,6.99,0.4924,2026-06-30,2026-07-15,64.98,0.6949,1.0562,0.3457,0.8169,0.7782,0.4238,0.5909,-0.0346,0.4827,⚠️⚠️ 逆大势反弹，大概率是下跌中继,0.2367,-0.4111,-0.45
600196,复星医药,526.23,True,24.84,22.88,14,8.59,-4.12,1.85,8.59,0.5219,2026-06-26,2026-07-15,67.59,0.7683,2.0795,0.4081,0.861,0.7202,0.3198,0.5896,-0.0334,0.4833,⚠️⚠️ 逆大势反弹，大概率是下跌中继,0.3663,-0.501,-0.45
603444,吉比特,263.99,True,366.44,350.14,15,9.09,-3.29,2.8,4.65,0.452,2026-07-14,2026-07-15,58.71,0.7818,0.4178,0.4661,0.8362,0.9175,0.2232,0.5846,-0.0258,0.4871,⚠️⚠️ 逆大势反弹，大概率是下跌中继,0.3527,-0.2303,-0.5625
002965,祥鑫科技,94.67,True,49.72,49.03,22,31.19,1.42,15.4,1.42,0.6354,2026-06-10,2026-07-15,57.01,0.3815,-0.5344,0.6121,0.2289,0.9553,0.0,0.5839,0.6335,0.8167,多周期共振看多 ⬆⬆⬆,0.5515,0.5821,0.3375
000756,新华制药,75.68,True,15.17,13.85,16,14.37,-7.62,4.63,9.57,0.6097,2026-06-26,2026-07-15,62.65,0.6384,4.9225,0.7544,0.783,0.8301,0.0,0.5835,-0.0442,0.4779,多周期方向不一致，观望,0.4389,-0.1207,-0.45
600488,津药药业,76.21,True,6.98,5.18,11,34.74,-13.13,2.35,34.74,0.4837,2026-06-30,2026-07-15,75.83,0.8027,0.8786,0.9572,0.8816,0.5371,0.0,0.5824,0.4432,0.7216,多周期共振看多 ⬆⬆⬆,0.3655,0.2107,0.45
000989,九芝堂,69.35,True,9.99,8.27,14,20.79,-4.93,2.7,20.79,0.5404,2026-06-30,2026-07-15,75.82,0.9475,13.139,0.5716,0.9685,0.5374,0.0473,0.5821,0.128,0.564,多周期方向不一致，观望,0.524,0.1135,0.0
603789,ST星农,16.74,True,6.44,6.03,11,23.1,-6.31,4.25,6.79,0.4509,2026-06-23,2026-07-15,63.77,0.6224,0.3356,0.7678,0.7077,0.8051,0.0,0.5799,0.4582,0.7291,多周期共振看多 ⬆⬆⬆,0.3471,0.5521,0.1575
000063,中兴通讯,1588.9,True,39.45,37.7,12,8.64,-5.9,1.02,4.65,0.3481,2026-07-08,2026-07-15,53.47,0.8309,0.0241,0.5697,0.7082,0.966,0.0504,0.5782,0.4573,0.7287,多周期共振看多 ⬆⬆⬆,0.335,0.4929,0.225
002393,力生制药,45.87,True,15.28,14.58,13,5.33,-3.66,0.8,4.82,0.417,2026-07-09,2026-07-15,60.59,0.7226,4.0596,0.3878,0.8335,0.8757,0.3536,0.5774,-0.0493,0.4753,⚠️⚠️ 逆大势反弹，大概率是下跌中继,0.2121,-0.5592,-0.5625
600671,天目药业,24.09,True,19.78,18.15,16,18.66,-7.74,4.19,8.99,0.584,2026-06-29,2026-07-15,69.76,0.7145,3.8867,0.6831,0.8287,0.6719,0.0,0.5752,0.0675,0.5337,⚠️ 月线看多但周线走弱，日线仅为反弹,0.4717,-0.2005,0.225
000021,深科技,743.95,True,47.26,52.91,20,46.22,-10.68,15.7,-10.68,0.3013,2026-07-15,2026-07-15,43.24,0.7573,0.2698,1.0605,0.7623,0.7388,0.0,0.5748,0.7691,0.8845,多周期共振看多 ⬆⬆⬆,0.529,0.6744,0.5625
600521,华海药业,252.89,True,16.89,15.41,12,14.78,-6.93,2.74,9.63,0.5,2026-06-30,2026-07-15,70.25,0.8523,4.2703,0.4738,0.9114,0.6612,0.2103,0.5745,-0.0239,0.488,多周期方向不一致，观望,0.3362,0.0566,-0.45
002158,汉钟精机,169.57,True,31.78,34.64,18,19.41,-8.25,8.07,-8.25,0.2819,2026-07-15,2026-07-15,39.2,0.7661,0.6068,0.7949,0.8597,0.6489,0.0,0.5733,0.7558,0.8779,多周期共振看多 ⬆⬆⬆,0.4607,0.7038,0.5625
600584,长电科技,1654.49,True,92.46,96.55,20,29.8,-4.24,11.8,-4.24,0.4623,2026-07-15,2026-07-15,41.58,0.3376,0.2805,1.0486,0.5148,0.7018,0.0,0.5724,0.8041,0.9021,多周期共振看多 ⬆⬆⬆,0.5845,0.7038,0.5625
603207,小方制药,13.34,True,24.43,22.89,14,6.75,-3.86,1.38,6.75,0.4763,2026-06-30,2026-07-15,66.96,0.7008,1.2577,0.3846,0.8205,0.7343,0.3591,0.5719,-0.0494,0.4753,⚠️⚠️ 逆大势反弹，大概率是下跌中继,0.3286,-0.6608,-0.5625
002384,东山精密,3638.96,True,262.49,251.17,15,21.18,-8.67,5.69,4.51,0.4936,2026-07-13,2026-07-15,46.43,-0.1126,0.748,0.9439,0.4,0.8095,0.0,0.5717,0.7777,0.8888,多周期共振看多 ⬆⬆⬆,0.4628,0.75,0.5625
002223,鱼跃医疗,258.85,True,27.47,25.93,12,5.95,-5.32,0.27,5.95,0.4105,2026-07-09,2026-07-15,62.37,0.5633,0.8791,0.2634,0.738,0.8363,0.5611,0.5704,-0.0553,0.4723,⚠️⚠️ 逆大势反弹，大概率是下跌中继,0.1984,-0.6608,-0.5625
000931,中 关 村,32.82,True,4.37,4.23,14,6.94,-3.68,0.94,3.4,0.3943,2026-07-13,2026-07-15,48.76,0.7854,0.9495,0.4542,0.8712,0.8613,0.243,0.5643,-0.0536,0.4732,⚠️⚠️ 逆大势反弹，大概率是下跌中继,0.1922,-0.6238,-0.5625
603811,诚意药业,35.79,True,7.81,7.53,13,3.74,-3.87,0.29,3.74,0.391,2026-07-14,2026-07-15,55.24,0.6263,2.8718,0.3399,0.7758,0.9947,0.4335,0.5641,-0.2072,0.3964,多周期方向不一致，观望,0.0247,-0.3695,-0.5625
603519,立霸股份,38.75,True,14.55,14.36,22,18.03,1.24,8.84,1.33,0.6043,2026-06-11,2026-07-15,50.97,-0.1322,-0.4476,0.501,0.021,0.9105,0.165,0.5633,0.798,0.899,多周期共振看多 ⬆⬆⬆,0.692,0.5983,0.5625
001256,炜冈科技,26.46,True,24.75,26.94,19,21.06,-8.14,7.17,-8.14,0.2779,2026-07-15,2026-07-15,49.56,0.4889,0.3156,0.5338,0.6196,0.8791,0.1104,0.5629,0.7019,0.8509,多周期共振看多 ⬆⬆⬆,0.4229,0.6177,0.5625
002346,柘中股份,79.05,True,20.16,20.06,16,21.92,-15.09,4.87,0.49,0.3885,2026-07-08,2026-07-15,40.16,0.6588,2.6774,0.8449,0.7953,0.6703,0.0,0.5624,0.4898,0.7449,多周期共振看多 ⬆⬆⬆,0.3975,0.2408,0.495
603211,晋拓股份,95.13,True,35.0,35.28,19,23.14,-2.32,8.83,-0.81,0.5029,2026-07-15,2026-07-15,50.44,0.2948,-0.3071,1.046,0.254,0.8987,0.0,0.561,0.7962,0.8981,多周期共振看多 ⬆⬆⬆,0.5102,0.75,0.5625
600285,羚锐制药,129.84,True,22.92,20.81,12,10.16,-5.15,1.68,10.16,0.4829,2026-07-01,2026-07-15,85.71,0.744,1.0836,0.3104,0.8464,0.3175,0.4827,0.5603,0.2019,0.6009,月线震荡，中短期走强,0.3646,0.3663,0.0
603222,济民健康,50.15,True,9.55,8.48,12,23.62,-14.81,1.63,12.63,0.4817,2026-06-29,2026-07-15,67.76,0.8227,3.8635,0.927,0.8936,0.7165,0.0,0.56,0.0341,0.5171,多周期方向不一致，观望,0.344,-0.2123,0.0675
002262,恩华药业,187.8,True,21.25,19.49,12,9.02,-5.55,0.47,9.02,0.4522,2026-06-30,2026-07-15,67.56,0.7048,1.7483,0.4069,0.8229,0.7209,0.3219,0.5597,-0.0464,0.4768,⚠️⚠️ 逆大势反弹，大概率是下跌中继,0.2008,-0.4942,-0.5625
603501,豪威集团,1340.95,True,111.12,96.82,12,15.11,-8.63,2.94,14.77,0.5144,2026-06-29,2026-07-15,72.64,0.8162,2.0638,0.5292,0.8897,0.6081,0.118,0.5594,-0.0068,0.4966,多周期方向不一致，观望,0.3838,0.091,-0.45
605008,长鸿高科,78.48,True,12.15,11.53,16,8.35,-1.47,2.11,5.34,0.5033,2026-06-30,2026-07-15,68.4,0.5137,1.0125,0.3599,0.7082,0.7021,0.4002,0.5589,-0.0327,0.4837,⚠️⚠️ 逆大势反弹，大概率是下跌中继,0.1842,-0.3305,-0.45
002559,亚威股份,55.39,True,10.99,12.04,17,39.24,-11.78,9.12,-8.71,0.2806,2026-07-15,2026-07-15,49.0,0.5778,0.362,0.9196,0.6915,0.8666,0.0,0.5576,0.6412,0.8206,多周期共振看多 ⬆⬆⬆,0.3836,0.5179,0.5625
605228,神通科技,65.75,True,13.78,13.73,15,11.43,-1.09,3.03,0.33,0.3581,2026-06-29,2026-07-15,57.45,0.6619,0.5648,0.4713,0.7972,0.9455,0.2146,0.5536,-0.0126,0.4937,⚠️⚠️ 逆大势反弹，大概率是下跌中继,0.2144,-0.2047,-0.2193
600867,通化东宝,168.43,True,8.6,7.99,15,7.92,-5.92,1.84,7.59,0.4867,2026-06-26,2026-07-15,66.67,0.6627,1.8565,0.5386,0.7976,0.7407,0.1023,0.5517,-0.0017,0.4991,多周期方向不一致，观望,0.2874,-0.3371,0.0835
002174,游族网络,122.8,True,12.54,12.32,20,13.41,-2.72,5.39,1.76,0.5222,2026-07-13,2026-07-15,50.7,0.3411,0.2031,0.5531,0.4859,0.9045,0.0781,0.5509,0.2288,0.6144,月线震荡，中短期走强,0.4598,0.4581,-0.0832
603061,金海通,325.24,True,373.84,424.31,19,45.27,-11.89,16.45,-11.89,0.2549,2026-07-15,2026-07-15,46.41,0.3979,0.9184,1.011,0.6388,0.8091,0.0,0.5503,0.7979,0.899,多周期共振看多 ⬆⬆⬆,0.5147,0.75,0.5625
605116,奥锐特,84.08,True,20.7,19.77,13,8.47,-2.1,1.83,4.73,0.4283,2026-07-09,2026-07-15,61.95,0.7323,0.364,0.4943,0.785,0.8455,0.1761,0.5498,-0.0413,0.4793,⚠️⚠️ 逆大势反弹，大概率是下跌中继,0.1909,-0.4561,-0.495
603129,春风动力,415.57,True,270.76,251.24,18,12.34,-4.39,5.0,7.77,0.6057,2026-06-18,2026-07-15,74.03,-0.2042,0.2131,0.3684,0.2852,0.577,0.386,0.5493,0.4828,0.7414,多周期共振看多 ⬆⬆⬆,0.626,0.187,0.3375
600535,天士力,228.42,True,15.29,13.98,11,9.39,-5.84,-0.04,9.39,0.4547,2026-07-02,2026-07-15,70.7,0.6088,1.653,0.3598,0.7653,0.6511,0.4003,0.5462,-0.0472,0.4764,多周期方向不一致，观望,0.0629,-0.0177,-0.2435
000017,深中华A,25.96,True,5.89,5.71,14,17.64,-3.94,4.89,3.23,0.4259,2026-06-26,2026-07-15,62.88,0.7893,0.5616,0.7152,0.8736,0.825,0.0,0.5458,-0.0438,0.4781,⚠️⚠️ 逆大势反弹，大概率是下跌中继,0.3359,-0.5603,-0.5625
603367,辰欣药业,71.22,True,15.73,13.56,12,16.03,-6.33,1.22,16.03,0.4714,2026-07-09,2026-07-15,71.97,0.8793,6.148,0.583,0.9276,0.6228,0.0284,0.5438,-0.0351,0.4824,⚠️⚠️ 逆大势反弹，大概率是下跌中继,0.3324,-0.5035,-0.45
001389,广合科技,299.38,True,196.5,195.92,13,23.25,-13.77,2.52,0.29,0.2772,2026-07-14,2026-07-15,48.79,0.5095,1.517,0.963,0.7057,0.8619,0.0,0.5433,0.5175,0.7588,上升趋势中的日线整理,0.037,0.75,0.5625
002793,罗欣药业,53.32,True,4.91,4.28,11,15.86,-7.33,2.5,14.79,0.4874,2026-06-30,2026-07-15,72.99,0.8722,2.3884,0.6159,0.9233,0.6003,0.0,0.5432,-0.0219,0.489,⚠️⚠️ 逆大势反弹，大概率是下跌中继,0.4163,-0.3233,-0.45
600129,太极集团,99.14,True,17.98,14.23,12,30.15,-11.02,4.51,26.35,0.5536,2026-06-29,2026-07-15,82.01,0.9585,8.0152,0.7176,0.9751,0.3997,0.0,0.5429,-0.0255,0.4873,多周期方向不一致，观望,0.4415,-0.0406,-0.45
600332,白云山,315.48,True,22.44,21.01,13,6.81,-5.43,0.51,6.81,0.4499,2026-07-01,2026-07-15,70.2,0.6021,0.7824,0.3012,0.7612,0.6621,0.498,0.5421,-0.1541,0.4229,多周期方向不一致，观望,0.1487,-0.3547,-0.45
003020,立方制药,36.93,True,21.91,16.62,10,31.81,-6.26,4.46,31.81,0.5205,2026-07-08,2026-07-15,80.24,0.918,24.9091,0.7546,0.9508,0.4391,0.0,0.5418,0.0366,0.5183,多周期方向不一致，观望,0.4085,-0.0221,-0.1671
603566,普莱柯,36.44,True,10.53,10.2,14,4.5,-4.0,0.6,3.25,0.3995,2026-07-09,2026-07-15,55.81,0.4561,0.2245,0.3424,0.5634,0.9821,0.4294,0.5409,-0.0549,0.4726,⚠️⚠️ 逆大势反弹，大概率是下跌中继,0.2064,-0.6608,-0.5625
003043,华亚智能,77.5,True,83.03,91.05,19,30.27,-8.8,13.35,-8.8,0.3322,2026-07-15,2026-07-15,47.28,0.6132,-0.2805,0.9509,0.4557,0.8284,0.0,0.5405,0.8032,0.9016,多周期共振看多 ⬆⬆⬆,0.5282,0.75,0.5625
001378,德冠新材,17.37,True,20.6,19.49,10,9.22,-8.61,-0.79,5.68,0.2924,2026-07-09,2026-07-15,59.78,0.7976,0.8679,0.6597,0.8786,0.8937,0.0,0.54,0.1404,0.5702,多周期方向不一致，观望,0.043,0.1305,0.45
002123,梦网科技,61.46,True,8.53,8.03,11,18.54,-11.28,0.98,6.24,0.3556,2026-06-30,2026-07-15,61.43,0.8697,0.8228,0.6517,0.9218,0.8572,0.0,0.5385,-0.0486,0.4757,⚠️⚠️ 逆大势反弹，大概率是下跌中继,0.3478,-0.6608,-0.5625
603351,威尔药业,35.65,True,26.32,25.52,10,9.19,-3.96,0.59,3.14,0.2976,2026-07-14,2026-07-15,56.19,0.9143,2.5554,0.6448,0.9486,0.9737,0.0,0.5381,-0.0955,0.4522,多周期方向不一致，观望,0.1084,-0.0627,-0.45
002250,联化科技,145.52,True,16.26,14.31,11,13.64,-5.93,1.72,13.64,0.468,2026-07-13,2026-07-15,66.39,0.6423,1.6704,0.7658,0.7854,0.7469,0.0,0.5365,0.0158,0.5079,⚠️ 月线看多但周线走弱，日线仅为反弹,0.1729,-0.2732,0.225
002292,奥飞娱乐,80.92,True,7.95,7.05,10,14.05,-10.66,0.88,12.81,0.4311,2026-07-01,2026-07-15,70.05,0.8763,1.5857,0.6444,0.9258,0.6655,0.0,0.5364,-0.023,0.4885,⚠️⚠️ 逆大势反弹，大概率是下跌中继,0.2173,-0.1748,-0.45
002923,润都股份,30.48,True,11.81,10.33,11,14.33,-7.63,1.1,14.33,0.4524,2026-06-30,2026-07-15,71.46,0.879,4.2183,0.6049,0.9274,0.6343,0.0,0.5361,-0.0417,0.4792,⚠️⚠️ 逆大势反弹，大概率是下跌中继,0.3023,-0.4902,-0.5625
603800,洪田股份,164.76,True,79.21,80.86,18,16.66,-6.76,5.96,-2.04,0.3844,2026-07-15,2026-07-15,44.27,0.4211,-0.0614,0.8489,0.4281,0.7615,0.0,0.5356,0.7637,0.8819,多周期共振看多 ⬆⬆⬆,0.4915,0.6946,0.5625
600557,康缘药业,75.19,True,13.28,12.15,12,9.29,-9.45,0.66,9.29,0.4396,2026-06-30,2026-07-15,67.94,0.7532,3.4494,0.5626,0.8519,0.7124,0.0623,0.5355,-0.0387,0.4807,⚠️⚠️ 逆大势反弹，大概率是下跌中继,0.1916,-0.4522,-0.45
002107,沃华医药,39.71,True,6.95,6.13,11,13.36,-7.51,0.45,13.36,0.4363,2026-06-30,2026-07-15,70.38,0.8508,1.779,0.5764,0.9105,0.6581,0.0394,0.5346,-0.0486,0.4757,多周期方向不一致，观望,0.1636,-0.3483,-0.0055
600529,山东药玻,125.22,True,18.87,18.44,6,2.34,-4.33,-0.88,2.34,0.2341,2026-07-13,2026-07-15,61.11,0.7026,0.7977,0.2393,0.8215,0.8642,0.6012,0.5329,-0.1313,0.4344,多周期方向不一致，观望,0.0038,-0.0177,-0.5625
603213,镇洋发展,63.58,True,14.29,14.1,7,4.95,-4.96,-0.73,1.32,0.2024,2026-07-08,2026-07-15,58.38,0.8293,-0.4016,0.3148,0.537,0.9248,0.4754,0.5326,0.4261,0.713,上升趋势中的日线整理,0.0073,0.5379,0.5625
603296,华勤技术,624.5,True,78.2,75.57,9,10.51,-10.49,-0.25,3.49,0.2242,2026-07-07,2026-07-15,51.59,0.5842,0.7231,0.7472,0.7505,0.9243,0.0,0.5325,0.4122,0.7061,上升趋势中的日线整理,0.0881,0.4327,0.5625
002925,盈趣科技,165.8,True,22.68,23.04,14,13.11,-7.79,3.03,-1.58,0.259,2026-07-15,2026-07-15,42.48,0.679,0.3033,0.6839,0.7287,0.7217,0.0,0.5324,0.606,0.803,多周期共振看多 ⬆⬆⬆,0.166,0.6271,0.5625
603380,易德龙,65.83,True,41.03,43.26,17,21.32,-5.14,7.94,-5.14,0.3403,2026-07-15,2026-07-15,42.76,0.4255,0.6902,0.9701,0.6553,0.7281,0.0,0.5299,0.5007,0.7504,多周期共振看多 ⬆⬆⬆,0.2783,0.5244,0.3375
000650,仁和药业,74.56,True,5.6,5.24,11,6.85,-4.69,0.14,6.85,0.415,2026-07-01,2026-07-15,69.42,0.5905,0.9075,0.2796,0.7543,0.6795,0.534,0.5291,-0.2128,0.3936,多周期方向不一致，观望,0.0906,-0.5629,-0.45
002816,*ST和科,28.21,True,28.21,28.23,19,13.33,-2.75,5.06,-0.09,0.452,2026-07-15,2026-07-15,54.83,0.0944,-0.3214,0.5993,0.1281,0.9962,0.0011,0.529,0.7459,0.873,多周期共振看多 ⬆⬆⬆,0.4136,0.7223,0.5625
603538,美诺华,131.4,True,39.0,28.16,10,38.47,-18.04,0.77,38.47,0.4283,2026-07-01,2026-07-15,76.96,0.8206,4.2755,1.0029,0.8924,0.512,0.0,0.5282,0.1552,0.5776,月线看多，日线反弹（等待周线确认）,0.3631,-0.1276,0.45
000919,金陵药业,40.41,True,6.5,6.09,9,6.78,-5.07,0.04,6.78,0.383,2026-07-09,2026-07-15,64.97,0.648,1.5667,0.3544,0.7888,0.7784,0.4093,0.5281,-0.2178,0.3911,多周期方向不一致，观望,0.092,-0.4737,-0.5625
603155,新亚强,78.19,True,24.76,25.77,19,30.25,-4.66,11.21,-3.93,0.454,2026-07-15,2026-07-15,53.62,0.2414,-0.5671,1.1067,0.1448,0.9694,0.0,0.5277,0.7374,0.8687,多周期共振看多 ⬆⬆⬆,0.5102,0.6208,0.5625
002268,电科网安,121.89,True,14.42,13.74,11,17.14,-7.68,1.32,4.91,0.3308,2026-06-30,2026-07-15,60.96,0.8318,0.8755,0.6545,0.8991,0.8676,0.0,0.5274,-0.0546,0.4727,⚠️⚠️ 逆大势反弹，大概率是下跌中继,0.2148,-0.6608,-0.5625
000703,恒逸石化,550.59,True,14.48,14.2,13,25.15,-5.78,4.13,1.99,0.36,2026-07-13,2026-07-15,45.0,0.7541,0.4528,0.9327,0.8336,0.7777,0.0,0.527,0.0851,0.5425,多周期方向不一致，观望,0.1403,-0.1514,0.405
002755,奥赛康,134.3,True,14.47,13.89,13,14.99,-10.47,2.46,4.19,0.3732,2026-06-26,2026-07-15,64.15,0.6691,1.0376,0.5161,0.8014,0.7966,0.1399,0.5261,-0.0368,0.4816,⚠️⚠️ 逆大势反弹，大概率是下跌中继,0.2039,-0.3125,-0.5625
002101,广东鸿图,60.59,True,9.15,8.91,17,8.15,-5.73,2.36,2.73,0.4215,2026-06-22,2026-07-15,56.79,0.2744,0.3041,0.3682,0.4863,0.9602,0.3863,0.5256,-0.0459,0.477,⚠️⚠️ 逆大势反弹，大概率是下跌中继,0.396,-0.6515,-0.5625
603590,康辰药业,58.32,True,36.86,31.05,11,18.69,-11.18,1.21,18.69,0.4553,2026-06-30,2026-07-15,77.49,0.8704,2.0982,0.5555,0.9222,0.5003,0.0742,0.5249,-0.029,0.4855,⚠️⚠️ 逆大势反弹，大概率是下跌中继,0.4318,-0.4733,-0.45
600862,中航高科,275.55,True,19.78,18.7,18,7.51,-3.02,3.07,5.75,0.5633,2026-07-02,2026-07-15,73.67,0.6865,-0.1815,0.3691,0.5393,0.5851,0.3848,0.5236,-0.0361,0.4819,⚠️⚠️ 逆大势反弹，大概率是下跌中继,0.3441,-0.4194,-0.5625
601089,福元医药,88.42,True,18.42,16.99,12,8.44,-6.67,0.3,8.43,0.4194,2026-06-30,2026-07-15,67.74,0.6015,1.6313,0.4852,0.7609,0.717,0.1914,0.523,-0.0534,0.4733,⚠️⚠️ 逆大势反弹，大概率是下跌中继,0.2404,-0.6608,-0.5625
002864,盘龙药业,22.58,True,30.65,27.64,10,10.87,-8.19,0.35,10.87,0.4178,2026-07-02,2026-07-15,65.59,0.8454,4.7704,0.5971,0.9072,0.7646,0.0048,0.5222,-0.1983,0.4008,多周期方向不一致，观望,0.1306,-0.4887,-0.495
002258,利尔化学,110.52,True,13.83,13.45,16,10.35,-4.63,2.6,2.85,0.4093,2026-07-14,2026-07-15,54.98,0.3545,0.7977,0.734,0.6127,0.9996,0.0,0.5218,0.0118,0.5059,多周期方向不一致，观望,0.1636,0.1368,-0.225
603580,艾艾精工,48.52,True,37.13,26.23,13,41.56,-8.99,6.26,41.56,0.6132,2026-06-26,2026-07-15,79.93,0.3234,-0.8858,0.7755,0.1941,0.446,0.0,0.5205,0.8468,0.9234,多周期共振看多 ⬆⬆⬆,0.6508,0.7408,0.5625
002541,鸿路钢构,104.0,True,20.96,17.87,12,17.3,-8.69,1.69,17.3,0.4832,2026-06-30,2026-07-15,79.35,0.5557,0.8676,0.4724,0.7334,0.459,0.2126,0.5185,0.094,0.547,多周期方向不一致，观望,0.3588,0.024,0.0815
603650,彤程新材,457.48,True,74.45,82.14,19,46.5,-9.36,18.46,-9.36,0.3182,2026-07-15,2026-07-15,47.42,0.6496,-0.638,0.9748,0.3898,0.8315,0.0,0.518,0.7593,0.8797,多周期共振看多 ⬆⬆⬆,0.5147,0.6652,0.5625
605020,永和股份,184.87,True,36.76,39.11,16,30.41,-10.2,6.69,-6.01,0.2715,2026-07-15,2026-07-15,46.4,0.6232,-0.1647,1.0239,0.508,0.8089,0.0,0.5172,0.7025,0.8513,多周期共振看多 ⬆⬆⬆,0.3583,0.6744,0.5625
002921,联诚精密,34.08,True,26.53,26.35,15,19.17,-9.15,2.71,0.7,0.3238,2026-07-14,2026-07-15,53.39,0.4757,1.4186,0.8868,0.6854,0.9641,0.0,0.5168,0.1033,0.5516,多周期方向不一致，观望,0.0807,-0.1775,0.5625
600479,千金药业,42.02,True,10.04,9.45,11,6.25,-5.29,-0.44,6.25,0.3693,2026-06-30,2026-07-15,74.01,0.6038,0.4748,0.2207,0.7522,0.5775,0.6321,0.5167,-0.1548,0.4226,多周期方向不一致，观望,0.0819,-0.4233,-0.3273
603956,威派格,32.48,True,5.7,5.65,15,26.28,-14.6,5.26,0.94,0.3937,2026-06-24,2026-07-15,56.62,0.6233,0.2006,0.8422,0.6542,0.9639,0.0,0.5156,-0.0232,0.4884,⚠️⚠️ 逆大势反弹，大概率是下跌中继,0.2243,-0.1851,-0.45
001339,智微智能,144.43,True,89.21,97.58,18,26.67,-8.57,9.27,-8.57,0.3038,2026-07-15,2026-07-15,33.81,0.3798,0.7128,0.8876,0.6279,0.529,0.0,0.5155,0.7552,0.8776,多周期共振看多 ⬆⬆⬆,0.4052,0.75,0.5625
002332,仙琚制药,85.76,True,8.71,8.27,8,5.3,-3.99,-0.43,5.3,0.3316,2026-07-10,2026-07-15,72.73,0.7715,0.3767,0.2275,0.8136,0.6061,0.6208,0.5154,-0.1985,0.4007,多周期方向不一致，观望,-0.0557,-0.3748,-0.45
001359,平安电工,66.08,True,109.61,115.74,19,51.7,-5.3,20.2,-5.3,0.4198,2026-07-15,2026-07-15,38.13,0.2246,0.0539,0.9346,0.3563,0.6251,0.0,0.5145,0.7885,0.8942,多周期共振看多 ⬆⬆⬆,0.5012,0.7408,0.5625
002301,齐心集团,57.73,True,8.04,7.8,14,10.16,-9.08,1.81,3.05,0.3453,2026-07-13,2026-07-15,59.2,0.0082,0.5753,0.5421,0.4049,0.9066,0.0965,0.514,0.4704,0.7352,多周期共振看多 ⬆⬆⬆,0.1878,0.4904,0.3825
002399,海普瑞,126.09,True,10.11,9.31,11,8.65,-6.91,0.16,8.65,0.4048,2026-06-30,2026-07-15,67.89,0.4768,0.7763,0.4213,0.6861,0.7135,0.2978,0.5139,-0.0528,0.4736,⚠️⚠️ 逆大势反弹，大概率是下跌中继,0.2533,-0.6608,-0.5625
002287,奇正藏药,122.47,True,21.45,19.9,10,7.81,-6.44,-0.09,7.81,0.3854,2026-07-01,2026-07-15,68.6,0.687,2.6283,0.3614,0.8122,0.6977,0.3977,0.5123,-0.281,0.3595,多周期方向不一致，观望,0.0902,-0.75,-0.5625
002409,雅克科技,545.63,True,171.3,188.48,21,54.21,-9.11,23.34,-9.11,0.3563,2026-07-15,2026-07-15,47.07,0.4875,-0.5415,1.1017,0.2925,0.8238,0.0,0.5122,0.786,0.893,多周期共振看多 ⬆⬆⬆,0.538,0.7038,0.5625
603700,宁水集团,23.34,True,11.67,11.27,15,5.88,-5.3,1.48,3.57,0.4029,2026-07-08,2026-07-15,52.76,0.2531,0.2726,0.3764,0.4609,0.9502,0.3726,0.5121,-0.0458,0.4771,⚠️⚠️ 逆大势反弹，大概率是下跌中继,0.2767,-0.6146,-0.495
002737,葵花药业,78.49,True,13.44,12.28,9,9.42,-8.6,-0.53,9.42,0.3691,2026-07-02,2026-07-15,68.26,0.6588,0.6929,0.4342,0.7953,0.7052,0.2764,0.512,-0.1296,0.4352,多周期方向不一致，观望,0.0579,-0.1695,-0.45
002349,精华制药,56.26,True,6.91,6.47,10,6.73,-7.13,-0.85,6.73,0.3378,2026-07-01,2026-07-15,65.96,0.7359,1.7429,0.3666,0.8415,0.7565,0.389,0.5116,-0.2835,0.3583,多周期方向不一致，观望,0.0279,-0.7077,-0.5625
603818,曲美家居,22.86,True,3.33,3.12,11,13.62,-11.13,1.36,6.85,0.3802,2026-06-30,2026-07-15,61.69,0.588,1.218,0.618,0.7528,0.8514,0.0,0.5116,-0.0456,0.4772,⚠️⚠️ 逆大势反弹，大概率是下跌中继,0.2682,-0.5359,-0.5625
600793,宜宾纸业,25.47,True,14.4,14.46,11,40.96,-12.19,4.2,-0.42,0.2694,2026-07-15,2026-07-15,58.39,0.7802,1.9352,1.1137,0.8681,0.9246,0.0,0.5114,-0.0543,0.4728,⚠️⚠️ 逆大势反弹，大概率是下跌中继,0.1872,-0.6313,-0.5625
002850,科达利,404.35,True,192.88,196.14,15,18.52,-5.91,3.39,-1.66,0.2819,2026-07-15,2026-07-15,54.66,0.6436,-0.0821,0.7587,0.5533,0.9925,0.0,0.511,0.3352,0.6676,上升趋势中的日线整理,0.0266,0.2853,0.5625
603819,神力股份,28.09,True,12.9,12.34,10,14.95,-10.88,0.79,4.5,0.2914,2026-07-02,2026-07-15,63.39,0.724,0.851,0.5665,0.8344,0.8136,0.0558,0.5101,0.0259,0.513,多周期方向不一致，观望,0.1794,-0.1793,0.1395
002437,誉衡药业,65.94,True,3.14,2.82,12,13.18,-10.65,1.72,11.17,0.4838,2026-06-29,2026-07-15,70.9,0.5596,1.5458,0.6189,0.7357,0.6468,0.0,0.51,-0.0346,0.4827,⚠️⚠️ 逆大势反弹，大概率是下跌中继,0.3959,-0.4352,-0.5625
603341,龙旗科技,106.3,True,39.93,40.09,18,12.16,-1.68,4.02,-0.4,0.4012,2026-07-15,2026-07-15,43.38,0.6926,0.2065,0.5277,0.6981,0.7417,0.1204,0.509,0.0058,0.5029,⚠️ 月线空头下的短期反弹，不宜追高,0.2595,0.1808,-0.3375
002472,双环传动,0.0,True,42.39,42.03,15,12.03,-10.17,0.79,0.85,0.2796,2026-06-29,2026-07-15,58.26,0.774,-0.0964,0.6963,0.6258,0.9275,0.0,0.5078,0.2768,0.6384,上升趋势中的日线整理,0.0224,0.3623,0.3375
000100,TCL科技,1009.94,True,5.02,5.26,17,23.26,-7.85,6.5,-4.64,0.3171,2026-07-15,2026-07-15,45.45,0.6642,-0.3107,0.8975,0.4742,0.7879,0.0,0.5068,0.5889,0.7944,多周期共振看多 ⬆⬆⬆,0.3631,0.4206,0.5625
600329,达仁堂,219.58,True,38.72,36.59,11,8.06,-7.46,0.7,5.83,0.3603,2026-06-30,2026-07-15,66.2,0.4938,1.2389,0.4034,0.6963,0.7511,0.3277,0.5064,-0.0908,0.4546,多周期方向不一致，观望,0.1239,-0.4445,-0.0608
603607,京华激光,40.88,True,22.9,23.38,15,20.37,-8.23,4.66,-2.06,0.3037,2026-07-15,2026-07-15,50.28,0.6835,0.3318,0.7714,0.7429,0.8951,0.0,0.5057,0.0538,0.5269,多周期方向不一致，观望,0.1038,0.0192,0.1285
000725,京东方Ａ,0.0,True,6.38,7.56,19,32.26,-15.55,12.7,-15.55,0.1635,2026-07-15,2026-07-15,40.21,0.797,0.0332,0.9774,0.6915,0.6712,0.0,0.5055,0.7402,0.8701,多周期共振看多 ⬆⬆⬆,0.5102,0.6271,0.5625
603387,基蛋生物,46.81,True,9.23,8.11,11,13.79,-7.75,-0.52,13.79,0.413,2026-06-30,2026-07-15,73.6,0.6805,2.2372,0.545,0.8083,0.5867,0.0916,0.5053,-0.0195,0.4903,多周期方向不一致，观望,0.0792,-0.3787,0.225
600750,华润江中,159.91,True,25.43,23.48,9,8.33,-7.34,-0.71,8.33,0.3592,2026-07-03,2026-07-15,69.97,0.6317,0.0671,0.3718,0.6059,0.6673,0.3804,0.5051,0.104,0.552,多周期方向不一致，观望,0.1207,0.1288,0.225
000597,东北制药,67.64,True,4.8,4.45,11,7.76,-4.97,0.44,7.76,0.4304,2026-07-01,2026-07-15,65.49,0.7767,-0.0777,0.3723,0.6349,0.7668,0.3796,0.5042,-0.2389,0.3805,多周期方向不一致，观望,0.1253,-0.5952,-0.5625
002412,汉森制药,33.9,True,6.81,5.95,7,14.44,-9.17,-0.9,14.44,0.3388,2026-07-08,2026-07-15,68.81,0.7892,5.0527,0.5962,0.8735,0.693,0.0064,0.5029,-0.0245,0.4878,多周期方向不一致，观望,-0.0202,-0.3154,0.225
603118,共进股份,101.32,True,12.87,12.95,10,15.03,-12.34,1.62,-0.59,0.1847,2026-07-15,2026-07-15,52.78,0.796,1.8673,0.8609,0.8776,0.9506,0.0,0.5022,0.0295,0.5148,⚠️ 月线看多但周线走弱，日线仅为反弹,0.2426,-0.2006,0.18
000661,长春高新,287.92,True,72.05,67.24,10,7.16,-9.75,-0.7,7.16,0.3205,2026-07-09,2026-07-15,62.82,0.7822,0.1397,0.4919,0.7252,0.8263,0.1802,0.5013,-0.0545,0.4728,⚠️⚠️ 逆大势反弹，大概率是下跌中继,0.1813,-0.6305,-0.5625
002748,世龙实业,26.71,True,11.13,10.92,11,8.8,-4.7,0.35,1.88,0.2906,2026-07-14,2026-07-15,53.33,0.7801,0.1355,0.4841,0.7223,0.963,0.1931,0.5002,-0.1615,0.4193,多周期方向不一致，观望,0.0692,-0.4804,-0.2889
002102,ST能特,54.32,True,2.5,2.28,11,11.97,-7.22,1.64,9.43,0.4519,2026-06-30,2026-07-15,74.39,0.4262,0.7118,0.4228,0.6557,0.5691,0.2953,0.5002,-0.051,0.4745,⚠️⚠️ 逆大势反弹，大概率是下跌中继,0.2703,-0.6406,-0.5625
002275,桂林三金,76.16,True,13.67,12.81,10,6.91,-5.43,0.26,6.68,0.3553,2026-07-01,2026-07-15,64.88,0.7105,0.0011,0.3251,0.6268,0.7805,0.4582,0.4995,-0.1622,0.4189,多周期方向不一致，观望,0.13,-0.3743,-0.45
603012,创力集团,54.76,True,8.47,8.13,11,10.78,-14.96,-1.49,4.14,0.2412,2026-07-13,2026-07-15,59.62,0.6457,0.4788,0.733,0.779,0.8974,0.0,0.4992,0.0913,0.5456,多周期方向不一致，观望,0.072,-0.1106,0.45
600664,哈药股份,113.08,True,4.49,3.25,7,38.28,-7.07,2.49,38.28,0.4237,2026-07-09,2026-07-15,85.24,0.6963,1.7711,0.7565,0.8178,0.328,0.0,0.4987,0.2707,0.6353,多周期共振看多 ⬆⬆⬆,0.3181,0.1648,0.1575
000788,北大医药,33.38,True,5.6,5.18,11,8.13,-8.27,-0.5,8.13,0.4076,2026-07-09,2026-07-15,66.48,0.5716,1.4821,0.4616,0.7429,0.7449,0.2306,0.498,-0.2614,0.3693,多周期方向不一致，观望,-0.0048,-0.5825,-0.5625
002289,宇顺电子,112.38,True,40.95,44.59,18,16.64,-8.16,4.68,-8.16,0.1993,2026-07-15,2026-07-15,37.38,0.4473,1.6749,0.8097,0.6684,0.6085,0.0,0.4975,0.702,0.851,多周期共振看多 ⬆⬆⬆,0.3334,0.6946,0.5625
603309,维力医疗,36.08,True,12.36,11.69,11,5.76,-4.98,-0.26,5.76,0.3578,2026-06-30,2026-07-15,67.1,0.5033,0.5275,0.3385,0.702,0.7311,0.4359,0.4969,-0.2326,0.3837,多周期方向不一致，观望,0.0909,-0.6054,-0.495
600216,浙江医药,119.21,True,12.53,11.68,10,8.33,-6.83,-0.66,7.26,0.3453,2026-07-01,2026-07-15,63.66,0.6394,0.3806,0.4257,0.7359,0.8076,0.2905,0.4937,-0.2578,0.3711,多周期方向不一致，观望,0.0297,-0.5962,-0.5625
002084,海鸥住工,23.65,True,3.67,3.6,21,8.35,-2.79,4.46,1.97,0.5626,2026-06-15,2026-07-15,59.18,0.2203,-0.6124,0.36,0.1322,0.907,0.4001,0.4936,-0.0216,0.4892,⚠️⚠️ 逆大势反弹，大概率是下跌中继,0.409,-0.1999,-0.5625
002424,ST百灵,54.71,True,4.75,4.49,10,5.78,-6.22,-0.37,5.78,0.3469,2026-07-09,2026-07-15,65.0,0.4525,0.7601,0.4093,0.6715,0.7778,0.3179,0.4936,-0.1456,0.4272,多周期方向不一致，观望,0.0573,-0.32,-0.3693
600839,四川长虹,343.35,True,7.44,6.84,8,8.7,-8.04,-1.45,8.7,0.3221,2026-07-09,2026-07-15,61.84,0.7451,2.3697,0.5349,0.8471,0.848,0.1085,0.4934,-0.2853,0.3574,多周期方向不一致，观望,0.0361,-0.7223,-0.5625
002838,道恩股份,140.2,True,33.33,32.99,11,4.68,-7.13,-0.44,1.04,0.2315,2026-07-13,2026-07-15,50.52,0.3066,0.9782,0.6847,0.5839,0.9005,0.0,0.4933,0.3755,0.6877,上升趋势中的日线整理,-0.0163,0.4268,0.5625
600771,广誉远,74.89,True,15.3,13.86,10,10.39,-9.57,-0.94,10.39,0.3857,2026-07-01,2026-07-15,70.66,0.6926,1.8535,0.4589,0.8156,0.6521,0.2351,0.4908,-0.2745,0.3628,多周期方向不一致，观望,0.1018,-0.7315,-0.5625
000908,石药景峰,65.98,True,7.5,6.25,10,20.01,-19.57,-2.47,20.01,0.3472,2026-07-01,2026-07-15,72.24,0.671,0.7847,0.9264,0.8026,0.617,0.0,0.4906,0.0668,0.5334,多周期方向不一致，观望,0.0937,-0.2367,0.45
000813,德展健康,72.34,True,3.45,3.14,13,9.84,-7.95,0.33,9.84,0.4609,2026-06-30,2026-07-15,71.3,0.3861,1.1088,0.5443,0.6316,0.6379,0.0929,0.4897,-0.0389,0.4805,⚠️⚠️ 逆大势反弹，大概率是下跌中继,0.2442,-0.3884,-0.5625
002019,亿帆医药,88.13,True,10.46,9.87,8,6.02,-5.93,-0.63,6.02,0.3245,2026-07-09,2026-07-15,61.37,0.4858,2.0143,0.3802,0.6915,0.8584,0.3663,0.4894,-0.2933,0.3533,多周期方向不一致，观望,-0.0481,-0.6854,-0.5625
002511,中顺洁柔,91.73,True,7.25,6.9,10,5.12,-5.42,-0.65,5.12,0.3318,2026-07-01,2026-07-15,74.56,0.5774,0.9559,0.2131,0.7464,0.5653,0.6449,0.4891,-0.2723,0.3639,多周期方向不一致，观望,0.0145,-0.6467,-0.5625
002718,友邦吊顶,101.97,True,108.5,109.16,15,21.0,-9.05,6.71,-0.61,0.3913,2026-07-15,2026-07-15,39.66,0.2747,-0.1802,0.5894,0.2928,0.6591,0.0177,0.4889,0.699,0.8495,多周期共振看多 ⬆⬆⬆,0.2827,0.7315,0.5625
000948,南天信息,52.69,True,13.54,12.55,7,11.19,-7.6,-1.01,7.91,0.2838,2026-07-07,2026-07-15,62.47,0.8313,2.1525,0.5409,0.8988,0.8339,0.0984,0.4878,-0.2965,0.3518,多周期方向不一致，观望,-0.0001,-0.7408,-0.5625
603379,三美股份,393.76,True,64.5,69.4,16,27.09,-10.99,6.44,-7.06,0.2389,2026-07-15,2026-07-15,46.64,0.859,-0.1999,0.8705,0.6354,0.8142,0.0,0.4876,0.3337,0.6668,多周期共振看多 ⬆⬆⬆,0.1968,0.1823,0.3825
600155,华创云信,125.73,True,5.68,5.53,10,4.38,-4.03,-0.07,2.68,0.2961,2026-07-14,2026-07-15,48.25,0.6233,1.1974,0.4454,0.774,0.85,0.2577,0.487,-0.2789,0.3606,多周期方向不一致，观望,-0.003,-0.6608,-0.5625
600422,昆药集团,66.92,True,8.84,8.24,8,8.38,-8.95,-1.25,7.23,0.2856,2026-07-09,2026-07-15,65.28,0.7749,3.4299,0.4506,0.8649,0.7716,0.249,0.4864,-0.3035,0.3483,多周期方向不一致，观望,-0.0251,-0.75,-0.5625
600885,宏发股份,509.47,True,32.92,35.21,15,12.21,-6.51,2.52,-6.51,0.1389,2026-07-15,2026-07-15,43.89,0.8831,-0.0149,0.6552,0.7239,0.7531,0.0,0.4863,0.4948,0.7474,上升趋势中的日线整理,0.1425,0.6006,0.5625
002350,北京科锐,77.46,True,14.6,14.25,8,9.55,-9.24,-1.91,2.46,0.1412,2026-07-07,2026-07-15,57.46,0.7015,0.8464,0.563,0.8209,0.9454,0.0617,0.4854,0.0471,0.5235,多周期方向不一致，观望,-0.1357,-0.239,0.5625
002345,潮宏基,89.24,True,10.29,9.71,15,12.36,-5.86,3.7,6.0,0.4811,2026-07-14,2026-07-15,62.08,0.5987,-0.1936,0.6262,0.4818,0.8427,0.0,0.4849,-0.058,0.471,多周期方向不一致，观望,0.1994,0.024,-0.45
003009,中天火箭,94.48,True,57.37,58.73,15,14.56,-8.86,2.52,-2.31,0.244,2026-07-15,2026-07-15,54.13,0.6283,0.5108,0.8807,0.777,0.9806,0.0,0.4848,-0.1269,0.4365,多周期方向不一致，观望,0.0058,-0.0679,-0.495
001395,亚联机械,15.65,True,30.1,25.54,6,24.32,-11.14,-1.17,17.86,0.3163,2026-07-08,2026-07-15,74.17,0.8497,6.7163,0.7383,0.9098,0.574,0.0,0.4847,-0.0257,0.4871,⚠️⚠️ 逆大势反弹，大概率是下跌中继,0.1659,-0.1812,-0.45
000990,诚志股份,116.18,True,9.56,8.74,6,9.43,-8.32,-2.38,9.43,0.2746,2026-07-09,2026-07-15,66.25,0.6456,0.9048,0.5162,0.7874,0.7499,0.1396,0.484,-0.0587,0.4707,多周期方向不一致，观望,-0.1002,-0.3521,0.18
000551,创元科技,72.54,True,14.97,17.88,15,28.07,-16.29,7.28,-16.29,0.0134,2026-07-15,2026-07-15,41.96,0.75,0.5082,0.8934,0.85,0.7103,0.0,0.4824,0.6147,0.8074,多周期共振看多 ⬆⬆⬆,0.2643,0.6744,0.45
600370,*ST三房,75.22,True,1.87,1.69,22,19.21,0.7,9.82,10.55,0.8559,2026-06-11,2026-07-15,73.42,0.1464,-0.5171,0.673,0.0879,0.5907,0.0,0.4818,-0.0495,0.4753,多周期方向不一致，观望,0.4756,-0.1302,-0.495
603998,方盛制药,44.65,True,10.17,9.42,6,8.0,-7.65,-1.22,8.0,0.3001,2026-07-10,2026-07-15,62.87,0.6604,1.9602,0.4708,0.7962,0.8251,0.2154,0.4807,-0.3106,0.3447,多周期方向不一致，观望,-0.0833,-0.7315,-0.5625
002826,易明医药,31.74,True,17.18,16.69,12,12.72,-6.38,1.16,2.92,0.2931,2026-07-13,2026-07-15,58.6,0.653,1.1672,0.7266,0.7918,0.9199,0.0,0.48,-0.2342,0.3829,多周期方向不一致，观望,0.0833,-0.5382,-0.5625
000153,丰原药业,26.16,True,5.7,5.32,6,7.12,-6.9,-1.04,7.12,0.2916,2026-07-09,2026-07-15,63.74,0.5922,1.325,0.3967,0.7553,0.8057,0.3388,0.48,-0.3059,0.347,多周期方向不一致，观望,-0.0588,-0.7315,-0.5625
601985,中国核电,1691.94,True,8.96,8.94,6,2.89,-3.11,-0.81,0.18,0.1793,2026-07-14,2026-07-15,48.86,0.5287,-0.4329,0.1848,0.344,0.8636,0.6921,0.4792,0.2628,0.6314,上升趋势中的日线整理,-0.0029,0.2447,0.4404
002168,ST惠程,29.09,True,3.71,3.64,6,4.54,-3.75,-0.99,2.04,0.1986,2026-07-14,2026-07-15,56.47,0.8642,0.3139,0.335,0.8441,0.9673,0.4417,0.4789,-0.5103,0.2449,多周期共振看空 ⬇⬇⬇,-0.2039,-0.3842,-0.5625
600513,联环药业,54.66,True,19.15,15.61,6,22.71,-12.18,-2.26,22.71,0.2889,2026-07-09,2026-07-15,70.99,0.8216,5.4345,0.7789,0.893,0.6446,0.0,0.4784,-0.0685,0.4657,多周期方向不一致，观望,0.0407,-0.4486,0.1125
000915,华特达因,60.3,True,25.75,25.34,9,3.26,-4.17,-0.25,1.61,0.2599,2026-07-14,2026-07-15,48.38,0.6084,0.372,0.343,0.7139,0.8529,0.4284,0.4783,-0.306,0.347,多周期方向不一致，观望,-0.0381,-0.75,-0.5625
600201,生物股份,135.74,True,12.21,12.05,12,6.1,-3.37,0.73,1.34,0.3189,2026-07-14,2026-07-15,51.79,0.6297,-0.061,0.4096,0.5534,0.9287,0.3174,0.4773,-0.2011,0.3994,多周期方向不一致，观望,0.0557,-0.5944,-0.3375
000541,佛山照明,61.2,True,5.01,5.08,14,9.77,-3.64,1.75,-1.43,0.271,2026-07-15,2026-07-15,51.15,0.5608,0.2095,0.3391,0.6203,0.9143,0.4348,0.4766,-0.2752,0.3624,多周期方向不一致，观望,-0.0055,-0.6423,-0.5625
603987,康德莱,32.93,True,7.54,7.18,10,4.97,-5.04,-0.36,4.97,0.3475,2026-07-09,2026-07-15,63.89,0.4372,0.2689,0.321,0.5699,0.8025,0.4649,0.4763,-0.2706,0.3647,多周期方向不一致，观望,0.018,-0.6423,-0.5625
600993,马应龙,104.91,True,24.38,22.9,7,6.45,-7.49,-0.95,6.45,0.2801,2026-07-07,2026-07-15,68.7,0.6351,0.7823,0.3431,0.781,0.6955,0.4282,0.4752,-0.2978,0.3511,多周期方向不一致，观望,-0.0363,-0.7156,-0.5625
603270,金帝股份,20.78,True,29.38,30.92,13,14.13,-8.32,2.0,-4.98,0.1325,2026-07-15,2026-07-15,51.69,0.7795,-0.4444,0.8182,0.49,0.9265,0.0,0.4746,0.5829,0.7914,多周期共振看多 ⬆⬆⬆,0.1549,0.5859,0.5625
000333,美的集团,5675.38,True,82.67,77.28,12,6.97,-5.31,0.22,6.97,0.4088,2026-06-30,2026-07-15,79.41,-0.0102,-0.2263,0.2527,0.1095,0.4575,0.5788,0.4742,0.6251,0.8125,多周期共振看多 ⬆⬆⬆,0.2351,0.6098,0.5625
002555,三七互娱,299.69,True,18.88,18.63,12,6.18,-8.01,-0.08,1.36,0.2487,2026-07-14,2026-07-15,49.34,0.6867,0.2859,0.4573,0.7264,0.8743,0.2378,0.4736,-0.2096,0.3952,多周期方向不一致，观望,0.0742,-0.4899,-0.495
002937,兴瑞科技,129.98,True,41.24,42.81,18,19.46,-6.35,9.14,-3.67,0.4229,2026-07-15,2026-07-15,45.16,-0.1085,-0.718,0.5218,0.0,0.7814,0.1303,0.4736,0.732,0.866,多周期共振看多 ⬆⬆⬆,0.3458,0.75,0.5625
603976,正川股份,42.43,True,26.72,27.28,18,20.48,-7.71,7.12,-2.05,0.4131,2026-07-15,2026-07-15,49.09,-0.0096,-0.5308,0.8845,0.0,0.8688,0.0,0.4713,0.7367,0.8683,多周期共振看多 ⬆⬆⬆,0.4117,0.7038,0.5625
002900,哈三联,18.03,True,11.19,9.82,6,13.94,-7.58,-1.06,13.94,0.3392,2026-07-13,2026-07-15,68.54,0.7482,3.201,0.5949,0.8489,0.699,0.0085,0.4695,-0.2623,0.3689,多周期方向不一致，观望,-0.0492,-0.6608,-0.45
002025,航天电器,319.34,True,70.36,75.36,14,32.51,-7.78,8.61,-6.64,0.272,2026-07-15,2026-07-15,46.66,0.626,-0.3629,0.8241,0.4304,0.8146,0.0,0.4694,0.4364,0.7182,多周期共振看多 ⬆⬆⬆,0.2233,0.2053,0.5625
000999,华润三九,419.0,True,25.2,23.67,9,6.48,-7.66,-0.66,6.48,0.3357,2026-07-09,2026-07-15,68.49,0.4447,0.7835,0.3658,0.6668,0.7002,0.3903,0.4691,-0.2719,0.364,多周期方向不一致，观望,-0.0136,-0.6208,-0.5625
603051,鹿山新材,36.09,True,22.33,21.02,9,12.14,-12.14,-0.04,6.21,0.2975,2026-07-02,2026-07-15,66.08,0.6934,0.3344,0.6272,0.7498,0.7537,0.0,0.4688,-0.0679,0.4661,多周期方向不一致，观望,0.0739,-0.2863,-0.0756
600166,福田汽车,247.81,True,3.13,3.09,14,5.35,-5.04,0.83,1.21,0.3284,2026-07-14,2026-07-15,51.06,0.4542,-0.2642,0.4299,0.3668,0.9125,0.2835,0.4678,0.0455,0.5228,多周期方向不一致，观望,0.1121,-0.1888,0.2925
002274,华昌化工,52.43,True,5.59,5.07,5,14.48,-10.51,-2.45,10.34,0.2683,2026-07-08,2026-07-15,67.68,0.8393,1.4468,0.5557,0.9036,0.7183,0.0739,0.4677,-0.2692,0.3654,多周期方向不一致，观望,-0.0466,-0.581,-0.5625
600366,宁波韵升,151.67,True,13.8,15.11,19,17.59,-8.99,7.39,-8.68,0.27,2026-07-15,2026-07-15,40.08,0.496,0.0155,0.7918,0.5038,0.6685,0.0,0.4676,0.4845,0.7422,多周期共振看多 ⬆⬆⬆,0.4243,0.4533,0.2479
603898,好莱客,41.55,True,13.84,14.12,18,20.78,-8.12,5.59,-2.01,0.3758,2026-07-15,2026-07-15,47.04,0.7025,-0.2592,0.8805,0.5178,0.8231,0.0,0.4676,0.0226,0.5113,⚠️ 月线空头下的短期反弹，不宜追高,0.3641,0.171,-0.225
603338,浙江鼎力,265.83,True,52.5,47.83,10,14.75,-9.65,-0.13,9.76,0.3999,2026-07-01,2026-07-15,76.04,0.5706,1.0916,0.5801,0.7424,0.5325,0.0331,0.4672,-0.0753,0.4623,多周期方向不一致，观望,0.0335,-0.1227,-0.237
603676,卫信康,40.47,True,9.3,8.6,10,8.15,-7.19,-0.74,8.15,0.3559,2026-07-01,2026-07-15,68.73,0.4349,0.5905,0.3883,0.6609,0.6949,0.3528,0.4672,-0.29,0.355,多周期方向不一致，观望,0.0441,-0.75,-0.5625
600352,浙江龙盛,415.13,True,12.76,12.02,19,15.34,-2.14,5.54,6.15,0.6026,2026-07-09,2026-07-15,50.1,-0.0143,-0.2794,0.7012,0.0883,0.891,0.0,0.4672,0.0809,0.5404,多周期方向不一致，观望,0.5861,-0.0334,-0.1132
600745,*ST闻泰,252.61,True,19.83,17.95,8,18.52,-17.04,-1.87,10.5,0.3305,2026-07-06,2026-07-15,69.83,0.8142,0.7712,0.6677,0.8885,0.6704,0.0,0.4669,-0.2839,0.358,多周期方向不一致，观望,0.0754,-0.75,-0.5625
603257,中国瑞林,17.26,True,69.3,73.49,15,19.57,-7.19,6.45,-5.7,0.2576,2026-07-15,2026-07-15,45.11,0.5275,-0.6195,0.6413,0.3165,0.7802,0.0,0.4665,0.6715,0.8357,多周期共振看多 ⬆⬆⬆,0.2982,0.6577,0.5625
600436,片仔癀,774.18,True,128.32,114.7,5,11.87,-8.41,-1.68,11.87,0.2874,2026-07-09,2026-07-15,69.94,0.7937,1.5741,0.5037,0.8762,0.668,0.1605,0.4647,-0.3041,0.3479,多周期方向不一致，观望,-0.0284,-0.75,-0.5625
002236,大华股份,396.21,True,16.57,16.53,12,5.19,-4.88,-0.07,0.23,0.2598,2026-07-14,2026-07-15,48.78,0.5783,0.0219,0.3447,0.5557,0.8618,0.4256,0.4633,-0.1811,0.4094,多周期方向不一致，观望,0.0926,-0.3128,-0.5625
603980,吉华集团,41.96,True,6.2,6.32,15,18.74,-7.26,5.17,-1.91,0.3203,2026-07-15,2026-07-15,37.37,0.7352,0.0852,0.5237,0.6752,0.6083,0.1272,0.4632,0.0248,0.5124,多周期方向不一致，观望,0.1808,-0.0621,0.0163
002791,坚朗五金,32.63,True,14.99,14.02,7,8.42,-10.02,-2.65,6.92,0.2181,2026-07-06,2026-07-15,63.2,0.7385,0.9369,0.4734,0.8431,0.8177,0.2111,0.4627,-0.3211,0.3395,多周期方向不一致，观望,-0.1156,-0.75,-0.5625
603577,汇金通,34.46,True,10.16,9.35,10,8.68,-11.64,-2.2,8.68,0.321,2026-07-13,2026-07-15,68.72,0.6488,3.0854,0.6113,0.7893,0.6952,0.0,0.4627,-0.1656,0.4172,多周期方向不一致，观望,-0.0506,-0.4438,-0.2407
603049,中策橡胶,241.99,True,47.92,46.19,13,8.08,-2.43,1.7,3.74,0.3944,2026-07-01,2026-07-15,67.22,0.6003,-0.4401,0.3146,0.3841,0.7285,0.4756,0.4621,-0.1193,0.4404,多周期方向不一致，观望,0.1123,-0.1708,-0.45
600062,华润双鹤,179.09,True,17.25,16.58,8,4.04,-6.51,-0.53,4.04,0.2937,2026-07-10,2026-07-15,61.95,0.3791,1.2901,0.3907,0.6274,0.8455,0.3488,0.4619,-0.3069,0.3466,多周期方向不一致，观望,-0.09,-0.7094,-0.5625
000651,格力电器,2199.42,True,39.83,37.94,10,4.98,-4.33,-0.24,4.98,0.3458,2026-07-01,2026-07-15,73.54,0.077,0.2564,0.173,0.3488,0.5879,0.7117,0.461,0.0248,0.5124,多周期方向不一致，观望,0.0731,0.0705,-0.0242
600613,神奇制药,24.49,True,5.11,4.72,6,8.33,-7.8,-1.96,8.33,0.2834,2026-07-09,2026-07-15,63.95,0.5326,2.2297,0.4418,0.7196,0.801,0.2636,0.4606,-0.3185,0.3407,多周期方向不一致，观望,-0.1129,-0.7408,-0.5625
600222,太龙药业,44.13,True,7.89,7.44,6,6.58,-15.43,-2.91,6.02,0.1731,2026-07-13,2026-07-15,62.11,0.339,0.5251,0.733,0.6034,0.8419,0.0,0.4606,0.2936,0.6468,上升趋势中的日线整理,-0.064,0.2549,0.5625
603658,安图生物,185.48,True,32.46,30.51,11,6.39,-6.73,-0.37,6.39,0.3805,2026-07-02,2026-07-15,67.44,0.61,-0.2046,0.3503,0.4842,0.7236,0.4161,0.4605,-0.2048,0.3976,多周期方向不一致，观望,-0.0109,-0.4408,-0.45
600079,ST人福,273.14,True,17.7,17.05,10,4.62,-5.33,-0.38,3.79,0.3033,2026-07-01,2026-07-15,65.08,0.2538,1.0242,0.3031,0.5523,0.7759,0.4948,0.4603,-0.256,0.372,多周期方向不一致，观望,0.0351,-0.593,-0.5625
002370,亚太药业,41.38,True,5.55,5.4,12,8.43,-10.76,-0.93,2.7,0.2353,2026-07-09,2026-07-15,58.26,0.6321,1.9132,0.7476,0.7792,0.9275,0.0,0.4587,-0.2548,0.3726,多周期方向不一致，观望,-0.0058,-0.5526,-0.5625
000902,新洋丰,149.25,True,13.06,12.22,5,6.9,-6.32,-1.43,6.9,0.2807,2026-07-13,2026-07-15,60.43,0.4875,0.3631,0.4365,0.6377,0.8793,0.2725,0.4586,-0.2986,0.3507,多周期方向不一致，观望,-0.1329,-0.7038,-0.495
003026,中晶科技,50.16,True,34.7,38.64,16,27.43,-10.2,7.83,-10.2,0.1955,2026-07-15,2026-07-15,42.78,0.6226,-0.5941,0.9018,0.3736,0.7284,0.0,0.4585,0.7273,0.8637,多周期共振看多 ⬆⬆⬆,0.3444,0.7408,0.5625
002245,蔚蓝锂芯,330.0,True,20.54,20.3,12,9.7,-10.01,-0.8,1.18,0.2004,2026-07-13,2026-07-15,47.81,0.4725,-0.056,0.8502,0.4611,0.8402,0.0,0.4585,0.4412,0.7206,上升趋势中的日线整理,-0.0794,0.6515,0.5625
600520,三佳科技,48.32,True,30.5,34.82,17,26.47,-12.41,7.22,-12.41,0.1406,2026-07-15,2026-07-15,44.55,0.6484,-0.3745,0.8787,0.4393,0.7677,0.0,0.4577,0.6997,0.8498,多周期共振看多 ⬆⬆⬆,0.3403,0.6837,0.5625
603391,力聚热能,13.41,True,58.95,55.53,10,7.51,-8.87,-1.46,6.15,0.2765,2026-07-01,2026-07-15,78.5,0.48,1.0658,0.2854,0.688,0.4777,0.5244,0.457,-0.1014,0.4493,多周期方向不一致，观望,0.0331,-0.4716,-0.0025
000935,四川双马,214.76,True,28.13,26.07,8,7.91,-8.26,-1.95,7.91,0.2826,2026-07-14,2026-07-15,65.16,0.5656,0.1016,0.5488,0.58,0.7743,0.0853,0.4553,0.0385,0.5192,多周期方向不一致，观望,-0.0834,-0.2095,0.45
000691,亚太实业,36.08,True,11.16,11.76,15,34.52,-10.18,10.9,-5.11,0.361,2026-07-15,2026-07-15,28.93,0.6015,-0.4894,0.7373,0.3651,0.4207,0.0,0.4549,0.6837,0.8418,多周期共振看多 ⬆⬆⬆,0.4082,0.5902,0.5625
002414,高德红外,452.7,True,13.32,13.28,15,10.51,-7.61,1.5,0.26,0.2982,2026-07-08,2026-07-15,46.14,0.4881,0.3594,0.6903,0.6366,0.8032,0.0,0.4533,-0.0716,0.4642,多周期方向不一致，观望,0.1388,-0.0964,-0.3375
603339,四方科技,40.04,True,12.94,14.48,17,16.47,-10.66,5.33,-10.66,0.1372,2026-07-15,2026-07-15,39.83,0.8499,7.1779,0.855,0.9099,0.6628,0.0,0.4528,0.042,0.521,⚠️ 月线空头下的短期反弹，不宜追高,0.4393,0.4431,-0.3398
000672,上峰材料,174.39,True,17.99,20.52,16,29.13,-12.32,9.24,-12.32,0.1775,2026-07-15,2026-07-15,34.38,0.2218,1.8965,0.8903,0.5331,0.5418,0.0,0.4527,0.6921,0.846,多周期共振看多 ⬆⬆⬆,0.2973,0.7038,0.5625
603139,康惠股份,40.89,True,40.94,41.32,14,17.02,-5.11,3.46,-0.93,0.2859,2026-07-15,2026-07-15,53.68,0.1134,-0.6257,0.6536,0.0681,0.9706,0.0,0.4527,0.6618,0.8309,多周期共振看多 ⬆⬆⬆,0.1657,0.75,0.5625
603630,拉芳家化,31.87,True,14.15,13.38,10,7.23,-7.21,-0.42,5.78,0.3093,2026-07-14,2026-07-15,60.27,0.468,2.9499,0.6566,0.6808,0.8829,0.0,0.4523,-0.273,0.3635,多周期方向不一致，观望,-0.0053,-0.6331,-0.5625
600420,国药现代,121.91,True,9.09,8.5,10,6.99,-9.57,-0.91,6.99,0.3112,2026-07-01,2026-07-15,66.67,0.4672,0.7405,0.4609,0.6803,0.7407,0.2318,0.4515,-0.2976,0.3512,多周期方向不一致，观望,-0.0257,-0.7237,-0.5625
002870,香山股份,52.06,True,40.13,39.03,5,2.82,-4.85,-1.56,2.82,0.1993,2026-07-14,2026-07-15,56.6,0.3862,-0.1577,0.3498,0.3686,0.9644,0.417,0.4514,0.0524,0.5262,多周期方向不一致，观望,-0.1854,-0.0609,0.45
603707,健友股份,129.09,True,7.99,7.35,9,8.74,-9.33,-2.11,8.74,0.309,2026-07-09,2026-07-15,66.16,0.488,0.3151,0.4048,0.6189,0.752,0.3254,0.4502,-0.2927,0.3537,多周期方向不一致，观望,-0.0021,-0.7223,-0.5625
001270,铖昌科技,249.06,True,121.61,144.82,12,20.01,-16.03,4.22,-16.03,0.0,2026-07-15,2026-07-15,48.19,0.5872,1.1706,1.0984,0.7523,0.8486,0.0,0.4501,0.3784,0.6892,上升趋势中的日线整理,0.0819,0.4627,0.45
600756,浪潮软件,45.8,True,14.13,13.13,6,13.79,-10.29,-2.03,7.64,0.2358,2026-07-07,2026-07-15,64.35,0.7082,2.4347,0.5859,0.8249,0.7922,0.0235,0.4498,-0.2564,0.3718,多周期方向不一致，观望,-0.0265,-0.542,-0.5625
600881,亚泰集团,54.3,True,1.68,1.56,8,7.93,-8.06,-1.21,7.93,0.2953,2026-07-10,2026-07-15,59.57,0.8273,-0.3205,0.6405,0.5682,0.8983,0.0,0.4492,-0.1026,0.4487,多周期方向不一致，观望,0.0228,-0.0206,-0.45
600372,中航机载,547.28,True,11.31,11.04,11,5.06,-3.72,0.12,2.47,0.3276,2026-07-02,2026-07-15,56.76,0.5101,-0.4629,0.3165,0.3209,0.961,0.4725,0.4492,-0.2372,0.3814,多周期方向不一致，观望,0.0673,-0.6054,-0.495
600594,益佰制药,27.38,True,3.49,3.19,6,9.51,-10.66,-2.45,9.51,0.2719,2026-07-09,2026-07-15,68.75,0.6149,1.2406,0.4815,0.769,0.6944,0.1975,0.449,-0.2825,0.3588,多周期方向不一致，观望,-0.0467,-0.6392,-0.5625
002644,佛慈制药,40.14,True,7.86,7.3,7,7.73,-7.74,-1.09,7.73,0.3239,2026-07-10,2026-07-15,64.14,0.2851,0.9682,0.4144,0.571,0.797,0.3094,0.4487,-0.305,0.3475,多周期方向不一致，观望,-0.085,-0.7054,-0.5625
600085,同仁堂,346.3,True,25.25,23.32,6,8.29,-8.09,-1.4,8.29,0.2877,2026-07-09,2026-07-15,72.18,0.5084,0.9737,0.3479,0.7051,0.6182,0.4201,0.4484,-0.3097,0.3452,多周期方向不一致，观望,-0.0571,-0.75,-0.5625
603091,众鑫股份,20.71,True,47.04,49.22,14,7.03,-8.04,0.68,-4.43,0.1452,2026-07-15,2026-07-15,53.29,0.4202,0.7904,0.4753,0.6521,0.962,0.2079,0.4474,-0.133,0.4335,多周期方向不一致，观望,0.1219,-0.3514,-0.3375
600206,有研新材,403.38,True,47.65,54.28,20,68.64,-12.21,29.2,-12.21,0.263,2026-07-15,2026-07-15,41.76,0.2669,-0.4657,1.1521,0.1739,0.7057,0.0,0.4473,0.822,0.911,多周期共振看多 ⬆⬆⬆,0.598,0.7315,0.5625
002129,TCL中环,391.44,True,9.69,10.64,16,18.65,-8.93,4.32,-8.93,0.1392,2026-07-15,2026-07-15,46.5,0.8916,-0.561,0.8294,0.5349,0.8111,0.0,0.4465,0.4083,0.7042,上升趋势中的日线整理,0.1004,0.5244,0.45
002986,宇新股份,36.16,True,11.98,12.14,16,12.75,-6.5,1.82,-1.35,0.2824,2026-07-15,2026-07-15,37.98,0.3994,0.8729,0.4889,0.6397,0.6219,0.1852,0.4452,-0.0344,0.4828,⚠️⚠️ 逆大势反弹，大概率是下跌中继,0.1638,-0.5315,-0.2642
600060,海信视像,350.53,True,26.96,26.51,15,7.58,-5.98,1.51,1.7,0.355,2026-06-26,2026-07-15,63.29,-0.0675,-0.7452,0.4282,0.0,0.8158,0.2863,0.4451,0.5005,0.7502,上升趋势中的日线整理,0.0825,0.6669,0.5625
603040,新坐标,122.27,True,62.28,64.77,15,11.72,-8.93,2.72,-3.84,0.2107,2026-07-15,2026-07-15,48.31,0.5255,-0.1677,0.6628,0.4482,0.8512,0.0,0.4435,0.3039,0.652,上升趋势中的日线整理,0.1419,0.3226,0.345
000049,德赛电池,94.1,True,24.47,24.06,9,6.06,-6.01,-0.45,1.7,0.2295,2026-07-13,2026-07-15,48.13,0.5126,0.2091,0.4518,0.5912,0.8474,0.247,0.4422,-0.1741,0.4129,多周期方向不一致，观望,0.0184,-0.3836,-0.3976
000538,云南白药,900.65,True,50.8,48.61,7,4.51,-4.26,-0.62,4.51,0.2922,2026-07-09,2026-07-15,72.39,0.4689,0.1669,0.2215,0.5481,0.6135,0.6308,0.4416,-0.2866,0.3567,多周期方向不一致，观望,-0.0429,-0.6604,-0.5625
600761,安徽合力,149.9,True,16.83,16.63,6,5.35,-3.5,-1.18,1.22,0.1729,2026-07-14,2026-07-15,55.58,0.6548,0.0621,0.437,0.6177,0.9871,0.2717,0.4416,-0.2725,0.3638,多周期方向不一致，观望,-0.1401,-0.5153,-0.5625
605158,华达新材,34.21,True,6.69,6.55,9,5.02,-6.61,-1.07,2.18,0.2211,2026-07-14,2026-07-15,44.4,0.5375,1.9196,0.4688,0.7225,0.7644,0.2187,0.4411,-0.2497,0.3751,多周期方向不一致，观望,-0.0679,-0.4768,-0.5625
600889,*ST京化,56.71,True,15.48,15.68,8,6.22,-5.25,-0.75,-1.29,0.1415,2026-07-15,2026-07-15,55.42,0.6903,-0.4457,0.3285,0.4359,0.9907,0.4525,0.4405,-0.0636,0.4682,月线压制，周线反弹受阻,-0.1508,0.1701,-0.495
000800,一汽解放,310.01,True,6.3,6.09,13,4.27,-3.9,0.59,3.41,0.3975,2026-07-13,2026-07-15,61.72,0.3945,-0.599,0.2916,0.2367,0.8507,0.5141,0.4389,-0.2535,0.3732,多周期方向不一致，观望,0.0967,-0.6348,-0.5625
603021,*ST华鹏,24.0,True,7.5,6.8,11,12.25,-17.83,-0.26,10.36,0.4185,2026-06-30,2026-07-15,65.7,-0.1704,0.2056,0.6181,0.2823,0.7623,0.0,0.4388,0.1393,0.5696,月线看多，日线反弹（等待周线确认）,0.1718,0.1288,0.2925
603271,永杰新材,41.63,True,44.02,45.39,8,17.7,-7.23,-0.54,-3.02,0.0383,2026-07-15,2026-07-15,46.45,0.8904,0.6468,0.6469,0.9343,0.8101,0.0,0.4386,-0.0498,0.4751,月线看多，中短期调整中,-0.2308,-0.2194,0.18
600612,老凤祥,109.15,True,34.42,32.56,7,5.7,-7.63,-1.92,5.7,0.2474,2026-07-09,2026-07-15,68.26,0.3098,0.5191,0.2615,0.5859,0.7053,0.5641,0.4383,-0.3227,0.3387,多周期方向不一致，观望,-0.1236,-0.75,-0.5625
603078,江化微,154.83,True,40.15,48.19,17,23.92,-16.69,8.8,-16.69,0.0731,2026-07-15,2026-07-15,43.29,0.7688,-0.6026,0.9577,0.4613,0.7399,0.0,0.4382,0.7039,0.8519,多周期共振看多 ⬆⬆⬆,0.3167,0.7131,0.5625
000920,沃顿科技,60.78,True,12.86,13.79,14,19.8,-19.08,2.83,-6.74,0.1251,2026-07-15,2026-07-15,47.75,0.5882,-0.178,0.9982,0.4817,0.839,0.0,0.4376,0.423,0.7115,多周期共振看多 ⬆⬆⬆,0.1589,0.351,0.4425
002701,奥瑞金,122.75,True,4.8,4.51,8,8.04,-8.13,-1.57,6.43,0.2488,2026-07-03,2026-07-15,67.19,0.6502,0.0775,0.3593,0.6211,0.7292,0.4012,0.4372,-0.2893,0.3553,多周期方向不一致，观望,-0.0403,-0.6744,-0.5625
002007,华兰生物,209.6,True,13.32,12.76,9,4.39,-5.93,-0.5,4.39,0.3211,2026-07-09,2026-07-15,59.15,0.1031,0.2894,0.3616,0.3776,0.9078,0.3973,0.4372,-0.2839,0.358,多周期方向不一致，观望,-0.0325,-0.6576,-0.5625
002132,恒星科技,67.72,True,4.84,5.33,11,12.22,-12.38,0.14,-9.25,0.0,2026-07-15,2026-07-15,45.39,0.6894,0.3544,0.7019,0.7554,0.7865,0.0,0.4346,0.3241,0.6621,上升趋势中的日线整理,-0.1109,0.3744,0.5625
002631,德尔未来,67.14,True,8.46,9.71,19,34.54,-12.86,12.13,-12.86,0.2308,2026-07-15,2026-07-15,36.98,0.2676,-0.2296,0.8701,0.2687,0.5995,0.0,0.4342,0.77,0.885,多周期共振看多 ⬆⬆⬆,0.4862,0.7131,0.5625
600525,ST长园,66.2,True,5.02,5.02,9,4.94,-6.77,-0.84,0.07,0.1875,2026-07-14,2026-07-15,61.07,0.1132,0.4663,0.3695,0.4545,0.8651,0.3841,0.4338,-0.0524,0.4738,多周期方向不一致，观望,-0.1303,-0.2987,0.18
603520,司太立,42.79,True,9.76,9.93,10,13.05,-10.76,-0.04,-1.72,0.1151,2026-07-15,2026-07-15,42.27,0.7877,0.7068,0.5705,0.8726,0.7171,0.0492,0.4327,-0.1105,0.4447,多周期方向不一致，观望,-0.1313,-0.2156,-0.1575
000790,华神科技,23.97,True,3.85,3.67,8,4.85,-5.94,-1.65,4.85,0.2563,2026-07-09,2026-07-15,60.5,0.4512,-0.0393,0.4102,0.455,0.8777,0.3164,0.4324,-0.1898,0.4051,多周期方向不一致，观望,-0.0539,-0.4506,-0.3375
600660,福耀玻璃,1059.58,True,52.9,50.73,8,5.34,-7.5,-1.61,4.28,0.2354,2026-07-09,2026-07-15,64.94,0.3858,0.6932,0.4078,0.6315,0.7792,0.3204,0.432,-0.3105,0.3448,多周期方向不一致，观望,-0.104,-0.7131,-0.5625
002767,先锋电子,23.76,True,18.25,17.57,8,12.61,-6.49,-0.68,3.88,0.2154,2026-07-14,2026-07-15,55.35,0.4329,0.4758,0.7268,0.6501,0.9922,0.0,0.4313,-0.2976,0.3512,多周期方向不一致，观望,-0.1166,-0.7131,-0.495
600172,黄河旋风,179.57,True,14.07,16.54,18,30.25,-14.92,11.39,-14.92,0.1635,2026-07-15,2026-07-15,35.38,0.5443,-0.3728,1.1091,0.3775,0.5639,0.0,0.431,0.7751,0.8876,多周期共振看多 ⬆⬆⬆,0.5102,0.7038,0.5625
000921,海信家电,241.01,True,26.25,26.39,10,9.83,-8.35,-0.93,-0.53,0.1227,2026-07-15,2026-07-15,42.56,0.7995,-0.8021,0.3732,0.4797,0.7236,0.3779,0.4288,0.1978,0.5989,上升趋势中的日线回调（关注买点）,-0.2254,0.5206,0.3375
000715,中兴商业,23.93,True,4.92,4.76,4,3.44,-6.12,-1.99,3.44,0.1753,2026-07-13,2026-07-15,52.38,0.5944,0.6241,0.3641,0.7567,0.9418,0.3932,0.4288,-0.6457,0.1771,多周期共振看空 ⬇⬇⬇,-0.1566,-0.7223,-0.5625
002786,银宝山新,0.0,True,8.06,7.77,2,3.71,-8.44,-4.3,3.71,0.0835,2026-07-14,2026-07-15,56.99,0.7846,0.1693,0.574,0.7385,0.9558,0.0434,0.4281,-0.1388,0.4306,多周期方向不一致，观望,-0.2948,-0.0648,-0.2925
002167,东方锆业,132.93,True,17.52,20.51,17,48.44,-14.6,19.61,-14.6,0.1555,2026-07-15,2026-07-15,35.42,0.6197,-0.3851,1.1883,0.4178,0.565,0.0,0.4276,0.701,0.8505,多周期共振看多 ⬆⬆⬆,0.4863,0.5613,0.5625
002787,华源控股,65.62,True,26.45,28.92,14,17.86,-15.65,2.87,-8.55,0.0807,2026-07-15,2026-07-15,39.53,0.7604,-0.2645,0.8542,0.5504,0.6561,0.0,0.4269,0.5534,0.7767,上升趋势中的日线整理,0.1456,0.75,0.5625
002439,启明星辰,96.47,True,13.24,13.02,5,3.71,-11.06,-2.59,1.66,0.0872,2026-07-14,2026-07-15,51.79,0.7874,-0.089,0.3922,0.6369,0.9286,0.3464,0.4264,-0.2081,0.396,多周期方向不一致，观望,-0.0799,-0.3513,-0.495
000059,华锦股份,71.01,True,4.44,4.08,5,8.85,-11.34,-3.33,8.85,0.2177,2026-07-10,2026-07-15,65.81,0.5334,0.772,0.5336,0.7201,0.7599,0.1106,0.4253,-0.2721,0.3639,多周期方向不一致，观望,-0.1192,-0.5988,-0.495
002884,凌霄泵业,43.8,True,16.04,15.68,8,4.07,-5.86,-1.51,2.28,0.1995,2026-07-13,2026-07-15,63.66,0.3483,0.3341,0.2616,0.5426,0.8075,0.5639,0.4252,-0.3657,0.3171,多周期共振看空 ⬇⬇⬇,-0.1599,-0.48,-0.1867
002235,安妮股份,52.09,True,9.41,8.58,9,10.43,-17.77,-5.7,9.72,0.2437,2026-07-02,2026-07-15,64.86,0.4249,0.3901,0.7048,0.611,0.7808,0.0,0.4249,-0.1005,0.4497,多周期方向不一致，观望,-0.1416,-0.3647,0.0442
603508,思维列控,84.64,True,22.2,21.72,9,3.0,-4.97,-1.07,2.22,0.248,2026-07-02,2026-07-15,66.87,0.3106,0.2057,0.2479,0.4687,0.7362,0.5868,0.4246,-0.3007,0.3497,多周期方向不一致，观望,-0.1001,-0.6733,-0.5625
600567,山鹰国际,85.78,True,1.36,1.36,12,3.98,-2.99,0.32,-0.22,0.2807,2026-07-15,2026-07-15,50.0,0.5737,-0.8511,0.2969,0.3442,0.8889,0.5052,0.4245,-0.2991,0.3505,多周期方向不一致，观望,-0.1173,-0.6515,-0.5625
001365,天海电子,22.61,True,39.32,42.41,10,18.75,-16.29,-0.8,-7.3,0.0,2026-07-15,2026-07-15,48.93,0.7456,1.2797,1.0521,0.8474,0.8652,0.0,0.4242,0.0,0.5,周线日线方向不一致,0.0,,
000782,恒申新材,0.0,True,7.31,7.73,12,12.39,-5.42,1.05,-5.42,0.1086,2026-07-15,2026-07-15,40.47,0.6048,-0.1363,0.5229,0.5083,0.677,0.1285,0.4242,0.4042,0.7021,上升趋势中的日线整理,-0.0227,0.5067,0.5625
002162,悦心健康,35.91,True,3.91,3.55,5,10.02,-7.43,-2.19,10.02,0.2863,2026-07-13,2026-07-15,68.55,0.7581,4.0748,0.4956,0.8548,0.6989,0.174,0.4232,-0.647,0.1765,多周期共振看空 ⬇⬇⬇,-0.16,-0.7223,-0.5625
002126,银轮股份,390.58,True,49.12,51.03,11,11.16,-5.55,1.2,-3.74,0.1198,2026-07-15,2026-07-15,49.12,0.3041,0.1057,0.7387,0.4248,0.8693,0.0,0.4223,0.3678,0.6839,上升趋势中的日线整理,-0.0066,0.3985,0.5625
600118,中国卫星,874.1,True,73.92,79.81,12,14.7,-8.93,0.82,-7.38,0.0269,2026-07-15,2026-07-15,52.56,0.5686,0.4558,0.889,0.7235,0.9457,0.0,0.4204,0.006,0.503,多周期方向不一致，观望,0.2302,-0.2833,0.1125
600460,士兰微,641.83,True,38.57,46.91,18,35.24,-17.78,14.4,-17.78,0.0918,2026-07-15,2026-07-15,28.79,0.5574,0.1247,0.7849,0.5843,0.4175,0.0,0.4201,0.7049,0.8524,多周期共振看多 ⬆⬆⬆,0.427,0.6208,0.5625
002972,科安达,21.57,True,16.02,17.62,18,29.55,-9.09,15.47,-9.09,0.309,2026-07-15,2026-07-15,42.35,-0.1466,-0.491,0.613,0.0036,0.719,0.0,0.4199,0.7487,0.8743,多周期共振看多 ⬆⬆⬆,0.4315,0.7131,0.5625
603004,鼎龙科技,12.35,True,20.98,22.63,17,15.87,-7.29,6.49,-7.29,0.2506,2026-07-15,2026-07-15,39.97,0.7876,-0.4321,0.4366,0.4997,0.6661,0.2723,0.4195,-0.0621,0.4689,多周期方向不一致，观望,0.1955,0.0095,-0.45
000545,金浦钛业,25.13,True,2.55,2.58,14,13.34,-4.49,2.34,-1.05,0.2719,2026-07-15,2026-07-15,47.06,0.5967,0.0137,0.8308,0.5635,0.8235,0.0,0.4192,-0.1891,0.4054,多周期方向不一致，观望,0.097,-0.4195,-0.495
603120,肯特催化,19.18,True,50.6,52.8,10,14.82,-5.92,1.36,-4.17,0.0888,2026-07-15,2026-07-15,50.63,0.6157,-0.5731,0.8895,0.3694,0.9029,0.0,0.4176,0.4532,0.7266,上升趋势中的日线整理,-0.0087,0.622,0.5625
002976,瑞玛精密,29.47,True,24.21,25.07,12,12.88,-17.88,0.33,-3.45,0.1129,2026-07-15,2026-07-15,39.13,0.276,0.8524,0.8709,0.5656,0.6473,0.0,0.4175,0.387,0.6935,上升趋势中的日线整理,-0.0936,0.523,0.5625
002004,华邦健康,83.43,True,4.43,4.14,5,7.07,-6.44,-1.3,7.07,0.2812,2026-07-10,2026-07-15,66.98,0.5714,0.225,0.3172,0.6328,0.7338,0.4714,0.4172,-0.6074,0.1963,多周期共振看空 ⬇⬇⬇,-0.1718,-0.6927,-0.495
603269,海鸥股份,64.32,True,14.89,16.36,16,11.29,-9.0,2.26,-9.0,0.0861,2026-07-15,2026-07-15,42.16,0.8033,-0.5078,0.7358,0.482,0.7148,0.0,0.4165,0.4962,0.7481,上升趋势中的日线整理,0.0873,0.6515,0.5625
603730,岱美股份,236.56,True,11.01,11.58,6,11.58,-12.49,-4.45,-4.96,0.0,2026-07-15,2026-07-15,49.63,0.7892,-0.0239,0.8343,0.664,0.8807,0.0,0.4165,0.2127,0.6063,上升趋势中的日线回调（关注买点）,-0.374,0.4731,0.5625
002281,光迅科技,1677.84,True,214.97,238.68,13,25.1,-10.76,3.62,-9.93,0.049,2026-07-15,2026-07-15,37.83,0.3989,0.1432,1.0121,0.4966,0.6185,0.0,0.4153,0.6682,0.8341,多周期共振看多 ⬆⬆⬆,0.1821,0.75,0.5625
002211,ST宏达,15.7,True,3.63,3.86,12,9.83,-8.48,1.18,-6.02,0.0698,2026-07-15,2026-07-15,44.2,0.6655,0.0453,0.5862,0.6174,0.7601,0.023,0.4153,0.2364,0.6182,上升趋势中的日线整理,-0.0743,0.2276,0.45
603408,建霖家居,45.65,True,10.2,10.0,5,2.43,-4.47,-0.93,2.01,0.2031,2026-07-14,2026-07-15,55.8,0.4952,0.1282,0.2697,0.5484,0.9821,0.5504,0.4152,-0.6626,0.1687,多周期共振看空 ⬇⬇⬇,-0.1676,-0.75,-0.5625
600690,海尔智家,1314.39,True,21.02,20.19,13,4.1,-5.27,-0.53,4.1,0.3764,2026-07-09,2026-07-15,69.21,0.1071,0.0878,0.3249,0.2994,0.6843,0.4586,0.4149,-0.2508,0.3746,多周期方向不一致，观望,-0.0588,-0.4893,-0.5625
600353,旭光电子,307.9,True,37.15,43.3,16,69.55,-14.2,23.73,-14.2,0.1495,2026-07-15,2026-07-15,34.94,0.592,-0.5836,1.2614,0.3552,0.5541,0.0,0.4141,0.7211,0.8605,多周期共振看多 ⬆⬆⬆,0.3715,0.7038,0.5625
603010,万盛股份,74.2,True,13.0,15.58,12,25.19,-16.54,4.41,-16.54,0.0,2026-07-15,2026-07-15,36.02,0.5962,0.4837,0.7501,0.7512,0.5783,0.0,0.414,0.4164,0.7082,上升趋势中的日线整理,-0.0127,0.6424,0.45
002056,横店东磁,418.28,True,25.74,28.75,17,17.55,-16.1,5.36,-10.46,0.1429,2026-07-15,2026-07-15,36.84,0.5439,-0.318,0.893,0.3991,0.5964,0.0,0.4136,0.6112,0.8056,多周期共振看多 ⬆⬆⬆,0.2681,0.551,0.5625
603111,康尼机电,49.84,True,5.95,5.86,10,3.42,-3.82,-0.59,1.54,0.2751,2026-07-02,2026-07-15,64.29,0.2293,-0.0604,0.2288,0.3134,0.7937,0.6186,0.4136,-0.3,0.35,多周期方向不一致，观望,-0.0505,-0.7131,-0.5625
603031,安孚科技,161.6,True,51.4,51.14,3,3.92,-11.41,-4.67,0.51,0.0,2026-07-14,2026-07-15,38.2,0.6698,0.5397,0.7676,0.8019,0.6266,0.0,0.4134,0.2721,0.6361,上升趋势中的日线回调（关注买点）,-0.3062,0.6146,0.5625
603201,常润股份,31.83,True,16.9,15.79,8,19.27,-22.2,-5.8,7.05,0.1584,2026-07-14,2026-07-15,49.82,0.3645,2.6825,1.1123,0.6187,0.885,0.0,0.4131,-0.1275,0.4363,多周期方向不一致，观望,-0.129,-0.3041,-0.1457
002360,ST同德,19.17,True,5.89,5.16,7,14.24,-18.32,-4.61,14.24,0.2461,2026-07-09,2026-07-15,66.2,0.2745,0.495,0.6537,0.5627,0.7512,0.0,0.4123,-0.0936,0.4532,月线看多，中短期调整中,-0.1598,-0.5337,0.225
001218,丽臣实业,0.0,True,23.94,23.72,7,8.71,-10.41,-1.37,0.92,0.1302,2026-07-14,2026-07-15,51.02,0.415,0.7304,0.6672,0.649,0.9115,0.0,0.412,-0.1486,0.4257,月线震荡，中短期走弱,-0.185,-0.4534,0.1125
002690,美亚光电,64.89,True,14.96,14.45,5,3.54,-5.87,-1.47,3.54,0.2106,2026-07-14,2026-07-15,61.49,0.4399,0.5665,0.3042,0.6639,0.8558,0.493,0.4119,-0.6938,0.1531,多周期共振看空 ⬇⬇⬇,-0.2476,-0.75,-0.5625
002364,中恒电气,271.91,True,48.72,52.88,12,6.44,-7.87,0.2,-7.87,0.0367,2026-07-15,2026-07-15,38.06,0.4403,0.3046,0.823,0.586,0.6235,0.0,0.4117,0.5195,0.7597,上升趋势中的日线整理,0.0537,0.7408,0.5625
603690,至纯科技,107.54,True,28.08,32.64,18,25.15,-13.96,8.52,-13.96,0.1504,2026-07-15,2026-07-15,29.73,0.7497,-0.2359,0.6984,0.5554,0.4385,0.0,0.4113,0.5143,0.7571,多周期共振看多 ⬆⬆⬆,0.4072,0.4771,0.3043
603298,杭叉集团,336.88,True,25.72,24.97,11,7.31,-4.02,0.45,3.0,0.3207,2026-07-09,2026-07-15,63.4,0.2356,-0.2716,0.4153,0.2327,0.8134,0.3078,0.4109,-0.0773,0.4613,多周期方向不一致，观望,0.1,-0.2923,-0.1333
605305,中际联合,83.31,True,39.2,41.99,15,17.57,-6.64,4.09,-6.64,0.175,2026-07-15,2026-07-15,41.97,0.6332,0.2423,0.7359,0.6769,0.7104,0.0,0.4096,-0.0785,0.4607,多周期方向不一致，观望,0.0386,-0.2172,-0.161
002365,永安药业,29.39,True,11.98,10.71,5,11.89,-8.51,-2.63,11.89,0.2827,2026-07-13,2026-07-15,63.85,0.7016,3.1513,0.6352,0.821,0.8033,0.0,0.4096,-0.6791,0.1604,多周期共振看空 ⬇⬇⬇,-0.21,-0.75,-0.5625
002119,康强电子,106.32,True,28.33,34.5,16,31.96,-17.87,12.31,-17.87,0.0577,2026-07-15,2026-07-15,39.27,0.7224,-0.7998,0.8763,0.4335,0.6505,0.0,0.4087,0.657,0.8285,多周期共振看多 ⬆⬆⬆,0.22,0.6929,0.5625
002938,鹏鼎控股,2380.84,True,103.03,103.29,7,10.78,-14.42,-3.11,-0.25,0.0272,2026-07-15,2026-07-15,40.83,0.6599,0.0041,0.8803,0.5976,0.6852,0.0,0.4086,0.4249,0.7125,上升趋势中的日线整理,-0.1288,0.6515,0.5625
603075,热威股份,9.33,True,22.62,22.38,7,1.06,-9.4,-3.62,1.06,0.0789,2026-07-13,2026-07-15,56.72,0.2072,-0.1171,0.2073,0.2775,0.9619,0.6546,0.4084,-0.0436,0.4782,月线看多，中短期调整中,-0.276,-0.2056,0.2344
605186,健麾信息,43.14,True,31.72,32.62,11,16.63,-5.42,4.24,-2.75,0.2123,2026-07-15,2026-07-15,40.87,0.3426,-0.8863,0.5277,0.2055,0.6859,0.1206,0.4076,0.5032,0.7516,上升趋势中的日线整理,0.137,0.6271,0.5625
605111,新洁能,269.05,True,64.78,79.11,18,40.78,-18.12,10.83,-18.12,0.0834,2026-07-15,2026-07-15,36.94,0.54,-0.277,0.944,0.4132,0.5988,0.0,0.4074,0.6795,0.8397,多周期共振看多 ⬆⬆⬆,0.2992,0.6744,0.5625
000988,华工科技,1459.34,True,145.21,163.06,12,13.69,-10.95,1.28,-10.95,0.0,2026-07-15,2026-07-15,37.95,0.7609,-0.0264,0.8864,0.646,0.621,0.0,0.4074,0.4805,0.7402,上升趋势中的日线整理,0.0397,0.6515,0.5625
002386,天原股份,76.52,True,5.88,5.96,13,8.48,-7.09,1.26,-1.34,0.2141,2026-07-15,2026-07-15,43.72,0.5363,-0.0089,0.5656,0.5182,0.7494,0.0574,0.4064,-0.037,0.4815,多周期方向不一致，观望,-0.0784,-0.1752,0.0796
002457,青龙管业,38.99,True,11.7,13.41,17,18.13,-12.73,4.51,-12.73,0.065,2026-07-15,2026-07-15,44.37,0.7622,0.1279,0.8451,0.7085,0.7639,0.0,0.4063,0.0444,0.5222,⚠️ 月线空头下的短期反弹，不宜追高,0.32,0.5706,-0.3375
000156,华数传媒,113.38,True,6.67,6.54,4,1.96,-5.99,-1.64,1.96,0.1672,2026-07-14,2026-07-15,52.63,0.4694,0.0962,0.2637,0.5201,0.9474,0.5606,0.4053,-0.576,0.212,多周期共振看空 ⬇⬇⬇,-0.1825,-0.5471,-0.5625
600497,驰宏锌锗,475.81,True,9.44,10.87,15,26.3,-18.51,6.14,-13.18,0.0624,2026-07-15,2026-07-15,26.97,0.7359,0.4424,0.8492,0.8185,0.377,0.0,0.4049,0.3275,0.6638,上升趋势中的日线整理,0.0557,0.3528,0.45
002636,金安国纪,686.58,True,94.79,104.65,14,65.81,-17.21,23.46,-9.42,0.2373,2026-07-15,2026-07-15,36.98,-0.5349,-0.2144,1.0045,0.1142,0.5996,0.0,0.4044,0.7633,0.8817,多周期共振看多 ⬆⬆⬆,0.426,0.75,0.5625
603416,信捷电气,76.49,True,54.81,55.52,7,10.01,-9.05,-0.74,-1.27,0.0611,2026-07-15,2026-07-15,53.25,0.7039,-0.0708,0.5593,0.594,0.9611,0.0679,0.4038,-0.0744,0.4628,多周期方向不一致，观望,-0.1939,-0.1454,-0.0156
000066,中国长城,0.0,True,16.51,18.4,15,17.08,-10.72,2.57,-10.3,0.0454,2026-07-15,2026-07-15,31.9,0.832,0.5334,0.8603,0.8992,0.4867,0.0,0.4036,0.0969,0.5484,多周期方向不一致，观望,0.0169,-0.0386,0.45
002872,ST天圣,10.7,True,4.98,4.8,5,3.81,-11.15,-3.7,3.73,0.0906,2026-07-14,2026-07-15,60.24,0.1961,0.507,0.4428,0.5177,0.8835,0.262,0.4029,-0.0928,0.4536,月线看多，中短期调整中,-0.3535,-0.3129,0.174
000157,中联重科,520.33,True,7.36,7.26,7,4.19,-5.97,-1.05,1.32,0.177,2026-07-14,2026-07-15,50.51,0.2456,0.1276,0.3708,0.3984,0.9001,0.3821,0.4024,-0.2287,0.3856,多周期方向不一致，观望,-0.1384,-0.5492,-0.3375
600183,生益科技,3649.94,True,152.43,163.68,12,31.65,-18.98,5.48,-6.87,0.156,2026-07-15,2026-07-15,35.11,0.3977,-0.0219,0.9185,0.4298,0.558,0.0,0.4021,0.4849,0.7425,上升趋势中的日线整理,-0.0404,0.7315,0.5625
601369,陕鼓动力,155.27,True,9.1,8.9,10,5.77,-8.2,-0.49,2.3,0.2496,2026-06-25,2026-07-15,56.97,0.5534,-0.4648,0.5275,0.3462,0.9562,0.1208,0.402,-0.1807,0.4097,多周期方向不一致，观望,-0.0471,-0.4165,-0.3375
601968,宝钢包装,56.77,True,4.45,4.13,6,7.7,-7.32,-2.65,7.7,0.237,2026-07-09,2026-07-15,70.71,0.653,-0.2951,0.2949,0.4737,0.651,0.5084,0.4011,-0.3059,0.347,多周期方向不一致，观望,-0.1378,-0.7315,-0.495
603668,天马科技,56.9,True,11.25,12.0,13,12.99,-8.07,2.93,-6.29,0.1229,2026-07-15,2026-07-15,42.51,0.7029,0.6254,0.5899,0.8217,0.7225,0.0169,0.4011,-0.2813,0.3594,多周期方向不一致，观望,-0.0909,-0.5962,-0.5625
001226,拓山重工,16.51,True,48.67,48.04,5,7.26,-12.68,-3.44,1.32,0.0265,2026-07-14,2026-07-15,49.34,0.7519,0.0067,0.713,0.6538,0.8742,0.0,0.4,0.0412,0.5206,多周期方向不一致，观望,-0.2934,-0.0223,0.4548
601002,晋亿实业,47.63,True,4.99,4.54,3,10.15,-10.88,-4.1,9.96,0.1943,2026-07-10,2026-07-15,69.01,0.5994,2.6122,0.4858,0.7597,0.6886,0.1904,0.3995,-0.4646,0.2677,多周期共振看空 ⬇⬇⬇,-0.2275,-0.4887,-0.3375
603496,恒为科技,73.01,True,22.8,24.25,11,15.14,-7.38,1.61,-5.97,0.0661,2026-07-15,2026-07-15,43.6,0.7183,0.8864,0.8232,0.831,0.7466,0.0,0.3994,-0.1887,0.4057,多周期方向不一致，观望,0.1498,-0.3952,-0.5625
605369,拱东医疗,38.1,True,17.28,17.5,14,12.52,-10.94,1.27,-1.25,0.2233,2026-07-15,2026-07-15,37.39,0.5273,0.4362,0.7093,0.6909,0.6088,0.0,0.3991,-0.1791,0.4104,多周期方向不一致，观望,-0.0447,-0.254,-0.495
002077,大港股份,93.03,True,16.03,18.4,16,10.86,-12.87,3.77,-12.87,0.0269,2026-07-15,2026-07-15,35.2,0.6481,0.5718,0.6332,0.7888,0.56,0.0,0.3979,0.1842,0.5921,多周期方向不一致，观望,0.1371,0.5555,0.1367
600989,宝丰能源,1618.47,True,22.07,21.08,2,4.7,-9.34,-5.57,4.7,0.0417,2026-07-13,2026-07-15,58.62,0.5734,0.1834,0.4106,0.6174,0.9195,0.3157,0.3976,-0.2636,0.3682,月线震荡，中短期走弱,-0.486,-0.5821,0.1125
603986,兆易创新,3822.37,True,571.79,672.76,16,45.34,-17.48,13.47,-15.01,0.1293,2026-07-15,2026-07-15,30.83,-0.2449,0.3602,1.1866,0.3441,0.4628,0.0,0.3974,0.7629,0.8815,多周期共振看多 ⬆⬆⬆,0.468,0.7131,0.5625
603197,保隆科技,63.75,True,30.19,28.55,5,5.73,-7.62,-2.51,5.73,0.1889,2026-07-13,2026-07-15,59.96,0.5057,2.0562,0.5112,0.7034,0.8897,0.1479,0.3972,-0.5868,0.2066,多周期共振看空 ⬇⬇⬇,-0.2719,-0.4942,-0.5625
601058,赛轮轮胎,438.3,True,13.33,12.19,10,9.34,-7.68,0.01,9.34,0.3927,2026-07-02,2026-07-15,65.64,0.2322,-0.1879,0.5539,0.2642,0.7636,0.0768,0.3966,-0.1703,0.4148,多周期方向不一致，观望,0.056,-0.3467,-0.45
600379,宝光股份,43.03,True,13.03,14.42,14,22.98,-9.67,6.31,-9.67,0.1389,2026-07-15,2026-07-15,38.47,0.7781,0.0305,0.9103,0.6791,0.6327,0.0,0.3965,-0.0073,0.4964,多周期方向不一致，观望,0.099,-0.1671,0.0501
600470,六国化工,29.84,True,5.72,6.22,18,16.0,-9.68,5.92,-8.11,0.2315,2026-07-15,2026-07-15,41.24,0.8164,-0.4728,1.0029,0.5007,0.6943,0.0,0.3956,-0.0252,0.4874,⚠️⚠️ 逆大势反弹，大概率是下跌中继,0.1676,-0.2867,-0.3375
000711,ST京蓝,111.21,True,4.67,5.05,6,10.1,-20.71,-5.92,-7.58,0.0,2026-07-15,2026-07-15,48.35,0.4112,0.876,0.8327,0.6467,0.8523,0.0,0.3946,0.0997,0.5498,多周期方向不一致，观望,-0.3166,0.1472,0.5625
000913,钱江摩托,57.0,True,10.96,10.65,5,6.86,-8.54,-3.42,2.91,0.0797,2026-07-14,2026-07-15,64.04,0.7495,0.9541,0.3578,0.8497,0.799,0.4036,0.3945,-0.6763,0.1618,多周期共振看空 ⬇⬇⬇,-0.4702,-0.5209,-0.5625
002490,山东墨龙,44.15,True,8.15,7.04,6,28.89,-17.38,-4.22,15.82,0.2398,2026-07-08,2026-07-15,70.27,0.9089,-0.3874,0.8788,0.5904,0.6607,0.0,0.394,-0.1607,0.4196,多周期方向不一致，观望,-0.1022,-0.5717,-0.0469
600707,彩虹股份,381.01,True,10.62,13.43,14,40.38,-20.94,8.24,-20.94,0.0,2026-07-15,2026-07-15,38.03,0.6523,-0.3504,1.1359,0.4512,0.6228,0.0,0.3938,0.6813,0.8407,多周期共振看多 ⬆⬆⬆,0.2265,0.7408,0.5625
002861,瀛通通讯,28.92,True,19.26,21.03,17,20.78,-9.23,6.81,-8.41,0.2304,2026-07-15,2026-07-15,35.56,0.1819,-0.2388,0.6135,0.2136,0.568,0.0,0.3937,0.5731,0.7866,多周期共振看多 ⬆⬆⬆,0.3394,0.5637,0.405
002698,博实股份,103.74,True,12.29,12.07,11,13.71,-11.37,0.34,1.83,0.2293,2026-07-13,2026-07-15,57.04,0.7095,-0.4931,0.6173,0.4285,0.9548,0.0,0.3936,-0.2331,0.3835,多周期方向不一致，观望,0.0556,-0.5099,-0.5625
600835,上海机电,163.08,True,20.22,21.02,10,4.94,-9.56,-1.16,-3.81,0.0625,2026-07-15,2026-07-15,48.92,0.7208,0.2335,0.549,0.7259,0.8649,0.0851,0.3928,-0.2747,0.3627,多周期方向不一致，观望,0.0018,-0.6467,-0.5625
600228,返利科技,28.96,True,6.96,7.79,11,52.75,-17.39,7.26,-10.69,0.0892,2026-07-15,2026-07-15,30.24,0.1536,2.4593,1.1721,0.4922,0.4497,0.0,0.3926,0.6,0.8,多周期共振看多 ⬆⬆⬆,0.1784,0.6033,0.5625
600845,宝信软件,402.06,True,18.84,18.18,11,12.78,-11.88,-2.07,3.65,0.2144,2026-06-30,2026-07-15,62.64,0.6233,-0.1557,0.5678,0.5117,0.8301,0.0536,0.3924,-0.2334,0.3833,多周期方向不一致，观望,0.0047,-0.4673,-0.5625
002354,天娱数科,125.02,True,7.69,8.49,16,27.24,-9.46,6.78,-9.46,0.1876,2026-07-15,2026-07-15,47.41,0.0806,-0.5159,1.1429,0.0483,0.8313,0.0,0.3922,0.6127,0.8064,多周期共振看多 ⬆⬆⬆,0.2357,0.5821,0.5625
605507,国邦医药,122.75,True,15.69,15.27,7,2.84,-5.44,-1.17,2.76,0.2291,2026-07-13,2026-07-15,56.62,0.1919,-0.0487,0.409,0.2956,0.964,0.3184,0.3921,-0.2971,0.3515,多周期方向不一致，观望,-0.125,-0.7038,-0.495
003017,大洋生物,18.18,True,21.86,22.32,8,8.24,-5.49,-0.41,-2.05,0.0998,2026-07-15,2026-07-15,51.94,0.8892,-0.0963,0.433,0.695,0.9321,0.2784,0.392,-0.5566,0.2217,多周期共振看空 ⬇⬇⬇,-0.2298,-0.4639,-0.5625
603950,长源东谷,204.46,True,63.13,75.33,14,27.09,-16.2,6.75,-16.2,0.0,2026-07-15,2026-07-15,41.34,0.4213,0.0948,1.029,0.4907,0.6964,0.0,0.3919,0.5146,0.7573,上升趋势中的日线整理,0.1002,0.6882,0.5625
603067,振华股份,287.33,True,38.03,41.93,14,29.42,-12.99,7.76,-9.29,0.1844,2026-07-15,2026-07-15,39.91,0.4158,-0.0323,1.147,0.4366,0.6646,0.0,0.3906,0.1859,0.5929,月线看多，日线反弹（等待周线确认）,0.2467,-0.0153,0.5625
002215,诺 普 信,72.58,True,8.98,8.86,8,10.64,-8.92,-0.85,1.39,0.1512,2026-07-14,2026-07-15,53.75,0.7928,-0.4955,0.4977,0.4774,0.9721,0.1706,0.3902,-0.3081,0.3459,多周期方向不一致，观望,-0.0916,-0.7131,-0.5625
600992,贵绳股份,27.82,True,11.35,9.5,5,24.45,-17.92,-6.94,19.44,0.156,2026-07-08,2026-07-15,67.3,0.5716,4.4735,0.8742,0.7429,0.7267,0.0,0.3898,-0.3166,0.3417,多周期方向不一致，观望,-0.1377,-0.7113,-0.5625
002382,蓝帆医疗,0.0,True,5.96,5.33,2,11.78,-12.64,-6.22,11.78,0.1263,2026-07-13,2026-07-15,66.49,0.7464,1.0748,0.5229,0.8478,0.7446,0.1286,0.3883,-0.5499,0.225,多周期共振看空 ⬇⬇⬇,-0.4912,-0.5729,-0.2146
002152,广电运通,247.47,True,9.97,9.78,6,8.81,-7.41,-1.61,1.94,0.1305,2026-07-07,2026-07-15,53.08,0.6586,0.3583,0.5142,0.7385,0.9573,0.1429,0.388,-0.654,0.173,多周期共振看空 ⬇⬇⬇,-0.1673,-0.7315,-0.5625
600227,赤天化,37.31,True,2.92,2.56,2,13.93,-13.3,-6.63,13.93,0.1161,2026-07-13,2026-07-15,65.57,0.6151,0.2249,0.7348,0.659,0.765,0.0,0.3878,-0.1488,0.4256,月线看多，中短期调整中,-0.4022,-0.544,0.18
002752,昇兴股份,59.99,True,6.15,6.03,7,5.39,-10.16,-2.62,2.0,0.1226,2026-07-13,2026-07-15,53.44,0.1909,0.0793,0.4036,0.3462,0.9653,0.3273,0.3872,-0.1713,0.4143,月线震荡，中短期走弱,-0.1835,-0.3831,-0.0355
000550,江铃汽车,84.51,True,16.3,16.11,8,6.3,-5.35,-1.14,1.19,0.186,2026-07-14,2026-07-15,53.06,0.5874,-0.5,0.2518,0.3525,0.9569,0.5803,0.3866,-0.5306,0.2347,多周期共振看空 ⬇⬇⬇,-0.2108,-0.4229,-0.5625
600405,动力源,26.05,True,4.25,4.36,8,9.03,-10.35,-2.31,-2.48,0.0077,2026-07-15,2026-07-15,54.25,0.5909,0.6282,0.7528,0.7545,0.9834,0.0,0.3864,-0.3146,0.3427,多周期方向不一致，观望,-0.1145,-0.7223,-0.5625
002139,拓邦股份,105.18,True,9.82,9.71,9,5.56,-7.9,-1.96,1.15,0.162,2026-07-02,2026-07-15,57.56,0.5114,-0.2961,0.3983,0.3884,0.943,0.3362,0.3858,-0.3248,0.3376,多周期方向不一致，观望,-0.1346,-0.75,-0.5625
603101,汇嘉时代,33.45,True,7.11,6.67,8,6.54,-10.28,-2.73,6.54,0.2224,2026-07-13,2026-07-15,64.8,0.3805,0.7367,0.436,0.6283,0.7822,0.2733,0.385,-0.6169,0.1915,多周期共振看空 ⬇⬇⬇,-0.2046,-0.6179,-0.5625
001309,德明利,1093.41,True,662.4,822.73,17,38.54,-19.49,11.77,-19.49,0.0333,2026-07-15,2026-07-15,34.5,0.6184,-0.8262,1.0822,0.371,0.5445,0.0,0.3848,0.7514,0.8757,多周期共振看多 ⬆⬆⬆,0.3955,0.75,0.5625
600801,华新建材,259.08,True,19.31,17.68,9,9.2,-14.29,-2.02,9.2,0.3228,2026-07-10,2026-07-15,62.05,-0.1385,0.3927,0.735,0.3571,0.8433,0.0,0.3846,-0.281,0.3595,多周期方向不一致，观望,-0.055,-0.6929,-0.495
603917,合力科技,25.19,True,12.36,12.42,14,9.49,-4.45,2.36,-0.52,0.294,2026-07-15,2026-07-15,50.41,0.1413,-0.2098,0.4658,0.2009,0.898,0.2237,0.3843,-0.2091,0.3954,多周期方向不一致，观望,0.0022,-0.3587,-0.5625
605389,长龄液压,148.71,True,83.95,92.12,15,15.2,-11.95,3.24,-8.87,0.0979,2026-07-15,2026-07-15,36.73,0.5807,-0.4019,0.6473,0.3877,0.5941,0.0,0.3842,0.5053,0.7527,上升趋势中的日线整理,0.0431,0.7131,0.5625
000404,长虹华意,52.3,True,7.55,7.77,8,9.37,-5.66,-0.47,-2.78,0.046,2026-07-15,2026-07-15,52.78,0.7627,-0.5788,0.5773,0.4576,0.9506,0.0378,0.3841,0.0588,0.5294,多周期方向不一致，观望,-0.1322,-0.1906,0.5625
600176,中国巨石,2104.94,True,53.0,62.0,16,54.44,-18.34,20.49,-14.51,0.1418,2026-07-15,2026-07-15,31.63,0.1243,-0.1041,1.075,0.2329,0.4808,0.0,0.3841,0.7832,0.8916,多周期共振看多 ⬆⬆⬆,0.477,0.75,0.5625
603559,中通国脉,32.66,True,8.14,8.42,5,16.91,-10.07,-2.64,-3.34,0.0,2026-07-15,2026-07-15,49.07,0.3334,2.4579,0.8643,0.6,0.8683,0.0,0.3837,0.0677,0.5339,多周期方向不一致，观望,-0.296,0.0562,0.495
603083,剑桥科技,573.5,True,208.1,220.62,13,30.63,-15.83,5.22,-5.67,0.1954,2026-07-15,2026-07-15,31.46,0.2551,-0.1346,0.9187,0.2992,0.4769,0.0,0.3832,0.5455,0.7728,上升趋势中的日线整理,0.1218,0.75,0.5625
600523,贵航股份,46.67,True,11.55,11.04,7,4.91,-6.8,-1.84,4.61,0.2219,2026-07-08,2026-07-15,66.26,0.4032,-0.2194,0.3163,0.3542,0.7498,0.4728,0.3829,-0.3136,0.3432,多周期方向不一致，观望,-0.0876,-0.7408,-0.5625
603661,恒林股份,45.13,True,32.45,37.36,16,15.58,-13.14,4.15,-13.14,0.0299,2026-07-15,2026-07-15,40.87,0.6238,-0.1998,0.9589,0.4944,0.6861,0.0,0.3827,0.3754,0.6877,多周期共振看多 ⬆⬆⬆,0.1858,0.431,0.2348
601163,三角轮胎,104.0,True,13.0,12.72,8,4.22,-5.06,-1.73,2.2,0.1975,2026-07-13,2026-07-15,61.92,0.4722,-0.2158,0.245,0.397,0.8461,0.5917,0.3825,-0.5381,0.2309,多周期共振看空 ⬇⬇⬇,-0.1587,-0.5517,-0.495
002272,川润股份,83.14,True,20.37,22.6,17,14.89,-10.64,3.97,-9.86,0.1232,2026-07-15,2026-07-15,35.86,0.5783,-0.5013,0.6094,0.347,0.5747,0.0,0.3823,0.5179,0.759,上升趋势中的日线整理,0.0952,0.701,0.5625
003018,金富科技,147.95,True,52.0,56.56,16,28.07,-8.06,7.2,-8.06,0.233,2026-07-15,2026-07-15,32.54,0.3281,-0.4348,0.8422,0.2229,0.5008,0.0,0.3821,0.5401,0.7701,上升趋势中的日线整理,0.1053,0.75,0.5625
603301,振德医疗,223.77,True,84.8,87.62,18,5.17,-3.22,1.98,-3.22,0.3405,2026-07-15,2026-07-15,41.27,0.0685,-0.6729,0.351,0.0411,0.6949,0.415,0.3816,0.004,0.502,多周期方向不一致，观望,-0.0441,-0.2372,0.2925
002014,永新股份,65.69,True,10.9,10.77,14,8.22,-3.59,1.14,1.19,0.3463,2026-07-10,2026-07-15,58.59,0.2331,-0.4339,0.551,0.1663,0.9201,0.0817,0.3814,-0.2154,0.3923,多周期方向不一致，观望,0.1215,-0.5558,-0.495
002577,雷柏科技,48.92,True,17.43,18.55,15,6.79,-7.66,0.57,-6.02,0.1296,2026-07-15,2026-07-15,41.0,0.5611,-0.1861,0.4941,0.4622,0.6888,0.1765,0.3813,0.0317,0.5159,多周期方向不一致，观望,-0.0626,0.3056,-0.1125
603290,斯达半导,250.75,True,104.71,131.86,14,22.65,-20.59,3.83,-20.59,0.0,2026-07-15,2026-07-15,30.3,0.6695,0.8095,0.8033,0.8017,0.4511,0.0,0.3805,0.2197,0.6099,上升趋势中的日线整理,-0.0388,0.2213,0.3825
600315,上海家化,121.74,True,18.11,17.47,10,3.64,-7.88,-1.18,3.64,0.2782,2026-07-13,2026-07-15,65.27,0.2851,-0.3252,0.3092,0.241,0.7718,0.4847,0.3805,-0.3231,0.3385,多周期方向不一致，观望,-0.1255,-0.75,-0.5625
002055,ST得润,37.9,True,6.38,6.46,10,9.14,-10.68,-0.59,-1.31,0.1117,2026-07-15,2026-07-15,57.41,0.3823,-0.4675,0.4718,0.2424,0.9465,0.2136,0.3802,0.0794,0.5397,多周期方向不一致，观望,0.0621,0.2364,0.0594
002538,ST司特,52.37,True,6.14,6.03,12,8.45,-7.85,0.67,1.86,0.2884,2026-07-14,2026-07-15,56.87,0.0309,-0.2174,0.4937,0.1316,0.9584,0.1772,0.3794,-0.1596,0.4202,多周期方向不一致，观望,0.066,-0.4206,-0.3375
002299,圣农发展,199.24,True,16.35,15.89,6,4.85,-6.79,-1.49,2.88,0.1836,2026-07-13,2026-07-15,61.02,0.3096,-0.0655,0.3304,0.3596,0.8662,0.4493,0.3779,-0.3913,0.3044,多周期共振看空 ⬇⬇⬇,-0.1511,-0.568,-0.1625
600252,中恒集团,69.73,True,2.19,1.93,4,13.94,-15.09,-4.77,13.35,0.1944,2026-07-09,2026-07-15,72.73,0.7827,3.3527,0.5248,0.8696,0.6061,0.1253,0.3772,-0.6677,0.1662,多周期共振看空 ⬇⬇⬇,-0.1808,-0.75,-0.5625
603255,鼎际得,18.95,True,31.23,33.18,16,10.14,-7.85,2.91,-5.87,0.1835,2026-07-15,2026-07-15,42.62,0.0187,0.9058,0.6772,0.4112,0.7249,0.0,0.3772,0.0494,0.5247,多周期方向不一致，观望,0.0394,0.2957,-0.1125
001324,长青科技,26.19,True,18.98,19.08,15,8.95,-6.57,1.84,-0.51,0.2996,2026-07-15,2026-07-15,56.13,-0.0455,-0.52,0.4873,0.0,0.9748,0.1879,0.3767,-0.0257,0.4871,⚠️⚠️ 逆大势反弹，大概率是下跌中继,0.1772,-0.2365,-0.405
603283,赛腾股份,202.53,True,57.45,68.7,18,36.97,-16.38,14.53,-16.38,0.1269,2026-07-15,2026-07-15,32.79,0.3576,-0.5485,0.9019,0.2146,0.5065,0.0,0.3766,0.7571,0.8785,多周期共振看多 ⬆⬆⬆,0.4315,0.7315,0.5625
000690,宝新能源,101.55,True,4.67,4.76,1,1.82,-11.74,-6.94,-1.97,0.0,2026-07-15,2026-07-15,40.66,0.8741,-0.4999,0.3184,0.5245,0.6813,0.4694,0.3765,-0.02,0.49,月线看多，中短期调整中,-0.3272,-0.1525,0.3375
600645,中源协和,88.6,True,18.94,18.05,6,6.9,-10.39,-2.78,4.93,0.1657,2026-07-13,2026-07-15,58.57,0.4478,0.7136,0.5308,0.6687,0.9208,0.1153,0.3763,-0.6546,0.1727,多周期共振看空 ⬇⬇⬇,-0.2442,-0.6669,-0.5625
000700,模塑科技,129.72,True,14.13,15.15,8,14.01,-9.84,-1.14,-6.75,0.0,2026-07-15,2026-07-15,51.21,0.6155,-0.479,0.7922,0.3777,0.9158,0.0,0.3761,0.3055,0.6527,上升趋势中的日线回调（关注买点）,-0.1683,0.6087,0.5625
600378,昊华科技,558.06,True,52.03,66.6,15,40.19,-21.88,14.44,-21.88,0.0,2026-07-15,2026-07-15,37.54,0.6173,-0.5625,1.1419,0.3704,0.6121,0.0,0.376,0.6808,0.8404,多周期共振看多 ⬆⬆⬆,0.2683,0.7038,0.5625
002916,深南电路,2507.86,True,377.23,431.12,16,14.53,-12.5,4.07,-12.5,0.0438,2026-07-15,2026-07-15,37.06,-0.1267,0.4912,0.9131,0.3965,0.6014,0.0,0.3759,0.5455,0.7728,上升趋势中的日线整理,0.1219,0.75,0.5625
603997,继峰股份,158.78,True,12.48,12.21,3,3.19,-15.34,-7.26,2.25,0.0,2026-07-14,2026-07-15,54.62,0.4435,0.7603,0.4498,0.6661,0.9915,0.2503,0.3758,-0.4491,0.2754,多周期共振看空 ⬇⬇⬇,-0.4414,-0.2712,-0.3375
601686,友发集团,75.89,True,5.13,4.99,7,2.71,-6.02,-1.91,2.71,0.2062,2026-07-09,2026-07-15,62.96,0.267,-0.4214,0.2004,0.1917,0.823,0.666,0.3751,-0.3209,0.3396,多周期方向不一致，观望,-0.1142,-0.75,-0.5625
600037,歌华有线,94.64,True,6.8,6.41,1,6.08,-6.88,-3.5,6.08,0.1496,2026-07-14,2026-07-15,60.69,0.3444,1.9184,0.3682,0.6067,0.8735,0.3863,0.3748,-0.6887,0.1557,多周期共振看空 ⬇⬇⬇,-0.421,-0.5902,-0.5625
000589,贵州轮胎,67.94,True,4.4,4.25,5,3.51,-6.88,-2.35,3.51,0.1597,2026-07-13,2026-07-15,60.44,0.5794,-0.1917,0.2871,0.471,0.8791,0.5215,0.3741,-0.6162,0.1919,多周期共振看空 ⬇⬇⬇,-0.2264,-0.6652,-0.495
000807,云铝股份,905.13,True,26.1,23.39,2,11.57,-14.97,-7.9,11.57,0.0844,2026-07-13,2026-07-15,62.98,0.6714,0.8551,0.6871,0.8029,0.8227,0.0,0.3735,-0.4861,0.257,多周期共振看空 ⬇⬇⬇,-0.4254,-0.4542,-0.2495
600160,巨化股份,1139.29,True,42.2,48.22,15,26.08,-13.71,10.05,-12.48,0.1768,2026-07-15,2026-07-15,30.99,0.4402,-0.5968,0.8004,0.2641,0.4665,0.0,0.3734,0.5805,0.7903,多周期共振看多 ⬆⬆⬆,0.2687,0.4829,0.5625
603855,华荣股份,53.99,True,16.09,16.35,8,7.53,-6.18,-1.08,-1.59,0.1119,2026-07-15,2026-07-15,55.29,0.6149,-0.1619,0.3568,0.5042,0.9935,0.4053,0.373,-0.6075,0.1962,多周期共振看空 ⬇⬇⬇,-0.3261,-0.4931,-0.5625
002742,冀衡医药,19.02,True,3.63,3.53,5,2.79,-15.94,-6.1,2.79,0.0,2026-07-13,2026-07-15,58.52,0.766,1.5384,0.561,0.8596,0.9218,0.065,0.3729,-0.5503,0.2248,多周期共振看空 ⬇⬇⬇,-0.3072,-0.3837,-0.5625
002630,*ST华西,19.27,True,1.79,1.79,7,12.88,-9.29,-0.68,-0.06,0.0929,2026-07-15,2026-07-15,47.83,0.6547,-0.115,0.4595,0.5468,0.8406,0.2342,0.3729,-0.3111,0.3445,多周期方向不一致，观望,-0.1205,-0.7015,-0.5625
002594,比亚迪,3199.32,True,91.76,85.57,9,7.24,-12.87,-3.03,7.24,0.2484,2026-07-02,2026-07-15,66.0,-0.1193,0.3342,0.4388,0.3337,0.7556,0.2687,0.3729,-0.2684,0.3658,多周期方向不一致，观望,-0.1006,-0.5335,-0.5599
002261,拓维信息,322.4,True,28.13,29.68,10,10.92,-8.56,0.35,-5.22,0.0373,2026-07-15,2026-07-15,49.01,0.6992,0.1387,0.6796,0.675,0.8668,0.0,0.3722,-0.2321,0.384,多周期方向不一致，观望,0.1173,-0.5582,-0.5625
002175,*ST东智,33.2,True,2.6,2.45,10,19.98,-16.6,-0.75,6.06,0.2918,2026-07-01,2026-07-15,68.28,0.3686,-0.0186,0.7284,0.4137,0.705,0.0,0.372,-0.2324,0.3838,多周期方向不一致，观望,0.0151,-0.4722,-0.5625
600566,济川药业,237.65,True,25.87,23.91,5,8.21,-10.77,-2.99,8.21,0.2201,2026-07-08,2026-07-15,61.76,-0.2944,-0.0563,0.5097,0.1775,0.8498,0.1505,0.3717,0.0209,0.5104,多周期方向不一致，观望,-0.1321,-0.0199,0.225
002873,新天药业,19.58,True,8.17,7.68,5,6.35,-10.05,-3.87,6.35,0.1605,2026-07-10,2026-07-15,65.07,0.468,0.915,0.4183,0.6808,0.7763,0.3028,0.3715,-0.6763,0.1618,多周期共振看空 ⬇⬇⬇,-0.2638,-0.6978,-0.5625
600741,华域汽车,524.61,True,16.64,16.11,3,3.31,-6.13,-1.93,3.31,0.1651,2026-07-13,2026-07-15,51.18,0.3693,0.1231,0.2895,0.4708,0.9152,0.5174,0.371,-0.6936,0.1532,多周期共振看空 ⬇⬇⬇,-0.3334,-0.6762,-0.5625
601008,连云港,52.98,True,4.27,4.19,4,1.85,-8.57,-3.23,1.85,0.0906,2026-07-13,2026-07-15,59.49,0.6562,-0.2054,0.2646,0.5116,0.9001,0.559,0.3707,-0.5979,0.2011,多周期共振看空 ⬇⬇⬇,-0.264,-0.5252,-0.5625
002859,洁美科技,310.66,True,72.53,91.8,14,27.56,-21.86,4.96,-20.99,0.0,2026-07-15,2026-07-15,33.53,0.845,-0.5972,1.0485,0.507,0.523,0.0,0.3705,0.5253,0.7627,上升趋势中的日线整理,0.0606,0.75,0.5625
002950,奥美医疗,39.48,True,9.19,9.24,8,9.67,-7.8,-1.39,-0.58,0.0907,2026-07-15,2026-07-15,39.88,0.837,0.4276,0.6382,0.8732,0.6641,0.0,0.3704,-0.4483,0.2759,多周期共振看空 ⬇⬇⬇,-0.1748,-0.4979,-0.3375
600265,*ST景谷,28.52,True,21.97,22.19,3,4.86,-13.02,-4.17,-0.98,0.0,2026-07-15,2026-07-15,57.91,0.3961,-0.7251,0.4245,0.2377,0.9353,0.2926,0.3702,0.2247,0.6123,上升趋势中的日线回调（关注买点）,-0.258,0.5263,0.45
002452,长高电气,54.15,True,10.51,11.93,11,17.16,-11.93,2.16,-11.93,0.0,2026-07-15,2026-07-15,30.67,0.7297,0.2107,0.7173,0.7221,0.4594,0.0,0.3697,0.2507,0.6253,上升趋势中的日线整理,-0.1098,0.2952,0.45
600031,三一重工,1623.69,True,19.16,18.38,12,5.52,-6.28,-0.29,4.27,0.3392,2026-07-02,2026-07-15,63.48,-0.0985,-0.2806,0.4116,0.0878,0.8116,0.314,0.3696,-0.2224,0.3888,多周期方向不一致，观望,0.0601,-0.4664,-0.5625
600587,新华医疗,77.17,True,12.72,12.09,5,5.23,-8.0,-2.42,5.23,0.1983,2026-07-10,2026-07-15,63.13,0.2686,1.4259,0.369,0.5611,0.8194,0.3849,0.3694,-0.7093,0.1453,多周期共振看空 ⬇⬇⬇,-0.2875,-0.75,-0.5625
600552,凯盛科技,178.34,True,18.88,25.14,14,37.77,-24.9,8.44,-24.9,0.0,2026-07-15,2026-07-15,32.98,0.8405,-0.5284,1.1495,0.5043,0.5107,0.0,0.3694,0.5354,0.7677,上升趋势中的日线整理,0.1235,0.7223,0.5625
002099,海翔药业,85.21,True,5.27,5.26,6,3.26,-8.83,-1.83,0.26,0.1177,2026-07-13,2026-07-15,45.67,0.2874,0.8451,0.4024,0.5724,0.7927,0.3293,0.3694,-0.4576,0.2712,多周期共振看空 ⬇⬇⬇,-0.1656,-0.5263,-0.3375
600721,百花医药,29.11,True,7.57,6.88,3,10.04,-10.95,-3.95,10.04,0.2219,2026-07-13,2026-07-15,65.15,0.7141,0.1735,0.5572,0.6978,0.7744,0.0714,0.3692,-0.6821,0.1589,多周期共振看空 ⬇⬇⬇,-0.3604,-0.6278,-0.5625
002145,钛能化学,169.77,True,4.46,4.62,14,12.33,-8.38,2.09,-3.56,0.1861,2026-07-15,2026-07-15,33.91,0.8089,-0.093,0.5795,0.6482,0.5313,0.0341,0.3684,-0.2016,0.3992,多周期方向不一致，观望,-0.0367,-0.2921,-0.5625
002206,海 利 得,56.13,True,5.31,5.36,12,4.87,-5.24,-0.06,-0.89,0.2392,2026-07-15,2026-07-15,44.17,0.6934,-0.5204,0.3364,0.416,0.7593,0.4393,0.3682,-0.5569,0.2216,多周期共振看空 ⬇⬇⬇,-0.155,-0.5962,-0.495
002022,科华生物,26.79,True,5.21,4.84,4,7.6,-9.87,-3.61,7.6,0.1798,2026-07-09,2026-07-15,66.19,0.3836,0.8576,0.4098,0.6301,0.7514,0.317,0.3681,-0.6505,0.1748,多周期共振看空 ⬇⬇⬇,-0.1925,-0.7021,-0.5625
000503,国新健康,64.92,True,6.63,6.48,2,2.29,-10.4,-4.31,2.29,0.0275,2026-07-14,2026-07-15,55.41,0.4651,0.7971,0.36,0.679,0.9908,0.4,0.3678,-0.7192,0.1404,多周期共振看空 ⬇⬇⬇,-0.3236,-0.7408,-0.5625
603378,*ST亚士,23.1,True,5.39,5.27,9,14.11,-12.03,-1.27,2.32,0.1692,2026-07-02,2026-07-15,58.33,0.4991,-0.4498,0.6365,0.3195,0.9259,0.0,0.3673,-0.0901,0.455,多周期方向不一致，观望,0.1381,0.0483,-0.5625
600941,中国移动,837.77,True,92.8,89.37,4,3.84,-7.81,-3.23,3.84,0.1281,2026-07-09,2026-07-15,68.45,0.2802,0.0482,0.2027,0.3874,0.7011,0.6621,0.3666,-0.3656,0.3172,多周期共振看空 ⬇⬇⬇,-0.1962,-0.1853,-0.45
600388,龙净环保,214.64,True,16.9,15.71,7,7.58,-11.79,-4.23,7.58,0.1951,2026-07-06,2026-07-15,75.35,-0.0597,0.6169,0.369,0.4,0.5479,0.3849,0.3665,-0.1415,0.4293,月线震荡，中短期走弱,-0.2342,-0.3874,0.1125
600423,*ST柳化,20.53,True,2.57,2.39,9,7.74,-12.5,-3.09,7.51,0.2537,2026-07-07,2026-07-15,71.6,0.3399,0.2834,0.5547,0.5173,0.631,0.0754,0.3659,-0.3269,0.3366,多周期方向不一致，观望,-0.1452,-0.75,-0.5625
605268,王力安防,40.66,True,9.23,9.12,4,2.64,-8.27,-3.99,1.21,0.0455,2026-07-09,2026-07-15,57.22,0.5253,0.0461,0.3286,0.5336,0.9506,0.4524,0.3656,-0.5405,0.2298,多周期共振看空 ⬇⬇⬇,-0.376,-0.5282,-0.3375
600877,电科芯片,163.4,True,13.8,15.85,14,19.53,-12.92,5.5,-12.92,0.0373,2026-07-15,2026-07-15,33.79,0.7396,0.4806,0.8018,0.836,0.5287,0.0,0.3655,-0.1374,0.4313,多周期方向不一致，观望,0.0996,-0.352,-0.3375
600718,东软集团,92.72,True,7.75,7.53,4,5.93,-8.82,-3.31,2.94,0.0903,2026-07-09,2026-07-15,55.32,0.4006,1.2332,0.4548,0.6404,0.9929,0.242,0.3651,-0.7054,0.1473,多周期共振看空 ⬇⬇⬇,-0.2774,-0.75,-0.5625
603459,红板科技,67.23,True,85.05,93.34,10,22.42,-15.0,0.01,-8.88,0.0,2026-07-15,2026-07-15,43.76,0.7756,-0.0698,0.9897,0.6374,0.7503,0.0,0.365,0.0,0.5,周线日线方向不一致,0.0,,
600935,华塑股份,79.97,True,2.28,2.28,6,2.98,-6.44,-1.96,0.09,0.118,2026-07-14,2026-07-15,55.0,0.6007,-0.2086,0.4407,0.477,1.0,0.2655,0.3646,-0.5421,0.2289,多周期共振看空 ⬇⬇⬇,-0.215,-0.6697,-0.3375
603229,奥翔药业,71.07,True,8.56,8.13,4,5.31,-12.65,-5.32,5.31,0.0633,2026-07-13,2026-07-15,59.25,0.5266,0.8004,0.4696,0.7159,0.9056,0.2174,0.3646,-0.6411,0.1794,多周期共振看空 ⬇⬇⬇,-0.3986,-0.5048,-0.5625
000581,威孚高科,136.31,True,17.17,16.82,6,3.64,-7.37,-2.41,2.06,0.1426,2026-07-14,2026-07-15,55.75,0.0238,0.4284,0.2681,0.3856,0.9834,0.5532,0.3638,-0.6717,0.1642,多周期共振看空 ⬇⬇⬇,-0.2449,-0.7038,-0.5625
002484,江海股份,0.0,True,87.86,97.3,14,30.46,-19.81,5.93,-9.7,0.1286,2026-07-15,2026-07-15,30.45,0.0157,0.0856,1.0392,0.2436,0.4544,0.0,0.3621,0.6534,0.8267,多周期共振看多 ⬆⬆⬆,0.1548,0.7408,0.5625
002508,老板电器,149.18,True,15.98,15.12,2,5.65,-9.67,-3.76,5.65,0.1252,2026-07-13,2026-07-15,64.34,0.529,0.3396,0.3566,0.6532,0.7925,0.4057,0.362,-0.725,0.1375,多周期共振看空 ⬇⬇⬇,-0.36,-0.7223,-0.5625
002990,盛视科技,76.19,True,55.2,65.95,16,42.8,-16.3,14.55,-16.3,0.0971,2026-07-15,2026-07-15,28.34,0.168,0.2544,0.9067,0.4026,0.4075,0.0,0.3615,0.5261,0.7631,多周期共振看多 ⬆⬆⬆,0.3587,0.2862,0.5625
002584,西陇科学,38.55,True,8.23,9.41,17,33.97,-14.86,7.6,-12.57,0.1463,2026-07-15,2026-07-15,35.13,0.3831,0.2405,0.9933,0.526,0.5585,0.0,0.3614,0.0282,0.5141,多周期方向不一致，观望,0.1208,0.3129,-0.2925
603187,海容冷链,47.8,True,12.5,11.93,5,4.74,-8.28,-1.86,4.74,0.2133,2026-07-13,2026-07-15,63.4,0.0435,0.6713,0.3125,0.4261,0.8134,0.4792,0.3612,-0.6631,0.1684,多周期共振看空 ⬇⬇⬇,-0.2014,-0.7223,-0.5625
002614,奥佳华,20.7,True,4.69,4.57,2,2.56,-9.13,-4.26,2.56,0.0447,2026-07-13,2026-07-15,61.7,0.4989,0.5925,0.2904,0.6993,0.8511,0.516,0.3608,-0.7738,0.1131,多周期共振看空 ⬇⬇⬇,-0.4528,-0.75,-0.5625
002456,欧菲光,284.32,True,8.57,9.17,9,3.75,-6.54,-0.85,-6.54,0.0143,2026-07-15,2026-07-15,48.06,0.3695,1.2016,0.6857,0.6217,0.8458,0.0,0.3608,-0.1581,0.4209,多周期方向不一致，观望,-0.1588,-0.1089,-0.45
603698,航天工程,172.27,True,32.14,38.35,17,30.83,-16.2,8.21,-16.2,0.0708,2026-07-15,2026-07-15,39.28,0.6016,-0.1776,1.0744,0.4899,0.6507,0.0,0.3603,0.1482,0.5741,月线看多，日线反弹（等待周线确认）,0.3107,0.046,0.2925
600495,晋西车轴,45.67,True,3.78,3.58,4,5.66,-9.81,-4.14,5.66,0.1299,2026-07-09,2026-07-15,70.67,0.4106,0.936,0.3287,0.6463,0.6519,0.4522,0.3592,-0.6163,0.1919,多周期共振看空 ⬇⬇⬇,-0.2202,-0.6032,-0.5625
600595,中孚实业,258.91,True,6.46,5.92,2,9.05,-15.8,-6.67,9.05,0.0911,2026-07-13,2026-07-15,63.97,0.6291,0.4354,0.6763,0.7516,0.8007,0.0,0.3592,-0.5088,0.2456,多周期共振看空 ⬇⬇⬇,-0.3489,-0.4817,-0.3375
600375,汉马科技,57.92,True,3.96,3.84,5,3.03,-9.46,-3.29,3.03,0.1069,2026-07-13,2026-07-15,59.66,0.4841,0.3665,0.4355,0.6371,0.8964,0.2741,0.3591,-0.6979,0.1511,多周期共振看空 ⬇⬇⬇,-0.2905,-0.7223,-0.5625
601233,桐昆股份,492.03,True,20.72,22.18,14,15.22,-13.86,2.83,-6.57,0.1291,2026-07-15,2026-07-15,33.36,0.5074,-0.2705,0.7522,0.3962,0.5192,0.0,0.359,0.3052,0.6526,上升趋势中的日线整理,0.0075,0.4937,0.2925
603005,晶方科技,241.3,True,37.0,45.91,13,17.1,-19.41,1.36,-19.41,0.0,2026-07-15,2026-07-15,32.19,0.7499,-0.296,0.9092,0.5315,0.4932,0.0,0.3585,0.426,0.713,上升趋势中的日线整理,-0.066,0.7131,0.45
603776,永安行,55.23,True,19.67,20.74,13,7.7,-8.94,0.54,-5.17,0.0932,2026-07-15,2026-07-15,39.53,0.5912,-0.5219,0.3799,0.3547,0.6561,0.3668,0.3582,-0.0062,0.4969,多周期方向不一致，观望,-0.0734,-0.0861,0.1217
001388,信通电子,30.16,True,35.68,28.58,4,24.83,-11.11,-4.55,24.83,0.2,2026-07-10,2026-07-15,71.6,0.7018,6.2461,0.7932,0.8211,0.6312,0.0,0.3581,-0.6863,0.1568,多周期共振看空 ⬇⬇⬇,-0.2285,-0.75,-0.5625
603050,科林电气,76.91,True,19.07,19.49,3,6.94,-9.27,-3.53,-2.16,0.0,2026-07-15,2026-07-15,46.34,0.74,-0.87,0.3432,0.444,0.8076,0.428,0.3579,-0.1584,0.4208,月线震荡，中短期走弱,-0.3202,-0.3233,0.0654
002137,实益达,34.77,True,8.77,10.75,16,15.16,-18.43,4.56,-18.43,0.0,2026-07-15,2026-07-15,38.31,0.6651,-0.1385,0.944,0.5437,0.6292,0.0,0.3576,0.2359,0.6179,月线震荡，中短期走强,0.324,0.5152,0.0
000710,贝瑞基因,26.69,True,8.1,7.78,5,4.17,-9.57,-3.74,4.17,0.1244,2026-07-13,2026-07-15,56.69,0.2457,1.2769,0.5087,0.5474,0.9625,0.1522,0.3573,-0.5927,0.2036,多周期共振看空 ⬇⬇⬇,-0.2523,-0.5239,-0.5625
000887,中鼎股份,253.02,True,19.25,18.92,8,8.25,-17.53,-4.61,1.73,0.0554,2026-07-09,2026-07-15,55.15,0.433,-0.276,0.7979,0.3494,0.9967,0.0,0.3572,-0.0306,0.4847,多周期方向不一致，观望,-0.1407,0.1848,-0.1987
002642,荣联科技,46.31,True,7.0,6.58,6,8.49,-15.1,-6.64,6.46,0.0908,2026-07-07,2026-07-15,62.26,0.5909,0.8515,0.561,0.7546,0.8386,0.0651,0.357,-0.6276,0.1862,多周期共振看空 ⬇⬇⬇,-0.3945,-0.4788,-0.5625
600936,北投科技,79.54,True,4.76,4.53,3,5.04,-17.61,-8.32,5.04,0.0,2026-07-13,2026-07-15,63.33,0.5651,-0.1819,0.5078,0.4663,0.8148,0.1536,0.3568,0.008,0.504,月线看多，中短期调整中,-0.2248,-0.2194,0.45
600817,宇通重工,49.17,True,9.29,9.07,7,2.39,-5.43,-1.97,2.39,0.1968,2026-07-09,2026-07-15,60.9,0.483,-0.4242,0.2583,0.3201,0.8688,0.5695,0.3564,-0.6318,0.1841,多周期共振看空 ⬇⬇⬇,-0.1857,-0.6669,-0.5625
603515,欧普照明,127.83,True,17.36,17.04,7,2.22,-6.02,-1.96,1.85,0.1783,2026-07-08,2026-07-15,56.23,-0.2157,-0.1928,0.2435,0.1229,0.9727,0.5942,0.3562,-0.4177,0.2912,多周期共振看空 ⬇⬇⬇,-0.1864,-0.4207,-0.3375
002643,万润股份,144.9,True,16.06,18.89,18,28.45,-14.97,10.23,-14.97,0.162,2026-07-15,2026-07-15,34.21,0.5648,-0.3774,0.7114,0.3879,0.5379,0.0,0.3561,0.1942,0.5971,月线看多，日线反弹（等待周线确认）,0.255,0.124,0.45
601869,长飞光纤,1728.77,True,425.45,479.26,12,29.41,-21.05,2.87,-11.23,0.0,2026-07-15,2026-07-15,29.13,0.2123,0.6206,0.9535,0.5274,0.4251,0.0,0.3559,0.4936,0.7468,上升趋势中的日线整理,-0.0356,0.75,0.5625
002602,世纪华通,969.23,True,14.26,13.72,8,5.18,-10.26,-2.32,3.92,0.1746,2026-07-14,2026-07-15,56.37,0.3649,-0.5193,0.4285,0.219,0.9695,0.2859,0.3557,-0.3163,0.3418,多周期方向不一致，观望,-0.1014,-0.7408,-0.5625
002049,紫光国微,613.69,True,72.24,82.83,17,13.43,-12.79,3.8,-12.79,0.0458,2026-07-15,2026-07-15,30.41,0.4444,1.1893,0.56,0.6666,0.4535,0.0667,0.3556,0.0706,0.5353,多周期方向不一致，观望,0.1486,0.4078,-0.225
002955,鸿合科技,56.37,True,28.81,33.37,16,25.11,-16.15,8.41,-13.67,0.123,2026-07-15,2026-07-15,41.8,0.3884,-0.6006,0.709,0.233,0.7067,0.0,0.3555,0.328,0.664,上升趋势中的日线整理,0.1094,0.4206,0.3375
605018,长华集团,58.95,True,12.54,13.77,1,0.25,-13.95,-7.3,-8.9,0.0,2026-07-15,2026-07-15,44.74,0.8639,-0.7325,0.6174,0.5183,0.7719,0.0,0.3551,0.0854,0.5427,上升趋势中的日线回调（关注买点）,-0.4505,0.2233,0.45
002348,高乐股份,98.03,True,10.85,10.93,1,1.8,-18.35,-8.68,-0.71,0.0,2026-07-15,2026-07-15,48.88,0.7127,-0.3763,0.6153,0.4771,0.8641,0.0,0.3548,0.0386,0.5193,多周期方向不一致，观望,-0.3021,-0.134,0.5625
002030,达安基因,74.8,True,5.33,5.18,2,2.83,-14.56,-7.0,2.83,0.0,2026-07-13,2026-07-15,59.31,0.59,0.4505,0.4154,0.7342,0.9042,0.3077,0.3545,-0.6696,0.1652,多周期共振看空 ⬇⬇⬇,-0.3769,-0.5862,-0.5625
002008,大族激光,1094.11,True,114.36,134.48,11,16.5,-14.96,0.77,-14.96,0.0,2026-07-15,2026-07-15,25.56,0.6769,0.2465,0.8171,0.7047,0.3458,0.0,0.354,0.2897,0.6449,上升趋势中的日线回调（关注买点）,-0.1626,0.5507,0.5625
002239,奥特佳,66.52,True,2.48,2.45,5,2.02,-6.15,-2.12,1.22,0.1296,2026-07-14,2026-07-15,46.67,0.5067,0.1124,0.3438,0.549,0.8148,0.427,0.3532,-0.6831,0.1584,多周期共振看空 ⬇⬇⬇,-0.2527,-0.7223,-0.5625
605288,凯迪股份,67.86,True,69.05,80.23,16,23.0,-16.93,5.7,-13.93,0.0487,2026-07-15,2026-07-15,39.27,0.5238,-0.0409,0.8379,0.498,0.6504,0.0,0.3531,0.1304,0.5652,月线震荡，中短期走强,0.1927,0.3406,-0.0675
600249,两面针,27.06,True,4.92,4.73,2,3.94,-11.39,-4.7,3.94,0.0489,2026-07-13,2026-07-15,60.87,0.5984,0.2477,0.3743,0.6581,0.8696,0.3761,0.3531,-0.6899,0.1551,多周期共振看空 ⬇⬇⬇,-0.4142,-0.5988,-0.5625
002730,电光科技,93.84,True,27.12,28.85,9,9.63,-10.21,-1.72,-5.98,0.0,2026-07-15,2026-07-15,36.96,0.5485,0.4034,0.6363,0.6904,0.5992,0.0,0.353,0.0004,0.5002,月线看多，中短期调整中,-0.2788,-0.209,0.45
600345,长江通信,119.51,True,56.49,62.31,12,28.33,-12.24,4.6,-9.34,0.0725,2026-07-15,2026-07-15,26.95,0.6566,-0.4768,0.8395,0.4033,0.3767,0.0,0.3527,0.55,0.775,上升趋势中的日线整理,0.1353,0.75,0.5625
002377,国创高新,23.73,True,2.72,2.7,7,9.08,-8.59,-2.26,0.85,0.0761,2026-07-14,2026-07-15,55.1,0.7578,-0.3147,0.5035,0.5288,0.9977,0.1609,0.3513,-0.5442,0.2279,多周期共振看空 ⬇⬇⬇,-0.2795,-0.619,-0.3375
603803,瑞斯康达,45.08,True,10.61,11.66,0,-0.09,-11.05,-5.58,-9.02,0.0,2026-07-15,2026-07-15,34.0,0.5489,0.5706,0.4964,0.7293,0.5334,0.1727,0.3508,-0.139,0.4305,月线看多，中短期调整中,-0.6158,-0.314,0.18
603638,艾迪精密,185.12,True,21.02,23.62,13,16.58,-12.94,0.22,-11.02,0.0,2026-07-15,2026-07-15,44.68,0.5733,0.0423,0.8518,0.5609,0.7707,0.0,0.3505,-0.0182,0.4909,多周期方向不一致，观望,-0.1822,-0.091,0.1672
600585,海螺水泥,702.02,True,17.65,16.96,2,4.05,-8.56,-3.92,4.05,0.0809,2026-07-14,2026-07-15,57.42,0.1902,0.4734,0.3128,0.5035,0.9462,0.4786,0.3495,-0.7225,0.1387,多周期共振看空 ⬇⬇⬇,-0.3643,-0.7131,-0.5625
603002,宏昌电子,206.06,True,18.17,22.14,14,40.53,-23.43,9.26,-17.93,0.006,2026-07-15,2026-07-15,21.89,0.8516,-0.3346,0.9343,0.5771,0.2642,0.0,0.3494,0.5399,0.77,上升趋势中的日线整理,0.1047,0.75,0.5625
600818,ST中路,0.0,True,5.7,5.72,7,5.23,-9.33,-0.81,-0.42,0.1191,2026-07-15,2026-07-15,53.26,0.293,0.4516,0.5387,0.5565,0.9614,0.1022,0.3492,-0.6177,0.1911,多周期共振看空 ⬇⬇⬇,-0.1567,-0.6608,-0.5625
002032,苏 泊 尔,350.33,True,43.82,41.73,9,5.63,-7.84,-2.08,5.02,0.2169,2026-07-02,2026-07-15,68.29,0.0331,-0.7442,0.2756,0.0198,0.7046,0.5407,0.3489,-0.0394,0.4803,多周期方向不一致，观望,-0.017,-0.1866,0.0281
603284,林平发展,6.81,True,36.88,37.35,3,4.64,-7.22,-3.01,-1.27,0.0,2026-07-15,2026-07-15,49.45,0.5575,-0.2208,0.3929,0.4462,0.8768,0.3452,0.3488,-0.252,0.374,周线日线方向不一致,-0.3877,,
002641,公元股份,45.81,True,4.04,3.99,5,2.37,-9.42,-2.59,1.38,0.1045,2026-07-14,2026-07-15,69.12,0.6423,-0.5409,0.3585,0.3854,0.6863,0.4025,0.3488,-0.2227,0.3886,多周期方向不一致，观望,-0.1428,-0.3615,-0.495
601100,恒立液压,1482.68,True,110.58,111.07,7,6.06,-7.6,-1.92,-0.44,0.0916,2026-07-15,2026-07-15,49.56,0.3813,-0.6485,0.5772,0.2288,0.8791,0.038,0.3487,0.1186,0.5593,多周期方向不一致，观望,-0.1572,0.0934,0.5625
603766,隆鑫通用,260.8,True,12.7,12.18,9,11.05,-11.77,-1.62,4.27,0.2096,2026-07-13,2026-07-15,60.0,-0.4912,-0.0428,0.4812,0.1829,0.8889,0.1981,0.3485,-0.2329,0.3836,多周期方向不一致，观望,-0.1014,-0.5994,-0.3375
603337,杰克科技,179.43,True,38.42,38.77,8,7.17,-8.61,-1.95,-0.91,0.0726,2026-07-15,2026-07-15,49.12,0.4852,0.7103,0.6443,0.6911,0.8693,0.0,0.3481,-0.5384,0.2308,多周期共振看空 ⬇⬇⬇,-0.284,-0.3773,-0.5625
600794,保税科技,37.08,True,3.09,2.99,3,3.52,-7.21,-2.77,3.52,0.1333,2026-07-13,2026-07-15,59.7,0.1547,0.3897,0.3233,0.4487,0.8955,0.4612,0.3478,-0.699,0.1505,多周期共振看空 ⬇⬇⬇,-0.261,-0.75,-0.5625
002975,博杰股份,153.93,True,112.07,131.31,11,13.62,-17.34,-1.93,-14.65,0.0,2026-07-15,2026-07-15,27.22,0.6316,0.1825,0.9835,0.652,0.3826,0.0,0.3472,0.2751,0.6376,上升趋势中的日线回调（关注买点）,-0.3482,0.6608,0.5625
600210,紫江企业,99.8,True,6.58,6.36,5,3.52,-4.56,-1.61,3.52,0.2102,2026-07-13,2026-07-15,55.88,0.1191,-0.2297,0.2114,0.1796,0.9804,0.6476,0.3471,-0.7093,0.1453,多周期共振看空 ⬇⬇⬇,-0.309,-0.7315,-0.5625
600527,江南高纤,36.89,True,2.13,2.17,0,-1.9,-8.9,-5.43,-1.96,0.0,2026-07-15,2026-07-15,43.1,0.706,-0.161,0.4291,0.5592,0.7356,0.2849,0.347,-0.2296,0.3852,月线震荡，中短期走弱,-0.4158,-0.2655,-0.1498
600050,中国联通,1323.29,True,4.27,4.14,4,3.21,-5.45,-1.86,3.21,0.1775,2026-07-09,2026-07-15,68.63,0.3718,-0.2157,0.1954,0.3368,0.6972,0.6744,0.3469,-0.5659,0.2171,多周期共振看空 ⬇⬇⬇,-0.2109,-0.5005,-0.5625
603358,华达科技,177.04,True,38.34,40.92,17,12.36,-6.32,4.07,-6.32,0.2143,2026-07-15,2026-07-15,39.8,-0.0654,0.1932,0.7107,0.2773,0.6622,0.0,0.3468,0.022,0.511,⚠️ 月线空头下的短期反弹，不宜追高,0.202,0.3706,-0.2925
600579,中化装备,34.45,True,6.98,7.7,19,15.7,-9.31,6.05,-9.31,0.2207,2026-07-15,2026-07-15,37.74,0.1828,0.0591,0.7647,0.3333,0.6164,0.0,0.3464,-0.0314,0.4843,⚠️⚠️ 逆大势反弹，大概率是下跌中继,0.292,-0.3993,-0.45
000951,中国重汽,251.1,True,21.48,21.0,14,7.28,-11.37,-0.69,2.29,0.2627,2026-07-13,2026-07-15,63.48,-0.0237,-0.2399,0.5963,0.104,0.8116,0.0061,0.3461,-0.007,0.4965,多周期方向不一致，观望,-0.0384,-0.2902,0.2925
002815,崇达技术,119.76,True,15.41,17.09,8,16.12,-16.01,-1.69,-9.85,0.0,2026-07-15,2026-07-15,37.41,0.5533,-0.161,0.9512,0.4676,0.609,0.0,0.346,0.2889,0.6444,上升趋势中的日线回调（关注买点）,-0.1724,0.5563,0.5625
603324,盛剑科技,51.58,True,34.93,44.63,16,42.9,-21.73,14.82,-21.73,0.0,2026-07-15,2026-07-15,31.2,0.5218,-0.7206,1.0309,0.3131,0.4712,0.0,0.3458,0.6999,0.8499,多周期共振看多 ⬆⬆⬆,0.2958,0.7223,0.5625
605133,嵘泰股份,88.05,True,31.21,35.59,9,11.24,-12.32,-0.81,-12.32,0.0,2026-07-15,2026-07-15,41.2,0.4649,1.1606,0.9315,0.6789,0.6934,0.0,0.3457,-0.1529,0.4235,月线震荡，中短期走弱,-0.2758,-0.1716,-0.1058
603330,天洋新材,32.23,True,7.45,7.95,9,8.59,-11.07,-0.95,-6.28,0.0,2026-07-15,2026-07-15,47.73,0.6407,-0.3783,0.6951,0.4331,0.8384,0.0,0.3456,0.0659,0.533,多周期方向不一致，观望,-0.1522,0.4483,-0.028
603595,ST东尼,64.62,True,27.8,32.12,17,35.55,-13.44,12.16,-13.44,0.1845,2026-07-15,2026-07-15,31.74,0.0123,-0.5476,0.7677,0.0074,0.4832,0.0,0.3455,0.7292,0.8646,多周期共振看多 ⬆⬆⬆,0.4031,0.6946,0.5625
002180,奔图科技,215.06,True,15.81,15.46,12,10.57,-11.69,1.22,2.25,0.2776,2026-07-14,2026-07-15,68.91,0.3385,-0.2143,0.665,0.3174,0.6908,0.0,0.345,-0.2427,0.3786,多周期方向不一致，观望,0.1289,-0.6146,-0.5625
001367,海森药业,23.79,True,19.56,19.3,5,3.07,-8.02,-2.38,1.33,0.1202,2026-07-14,2026-07-15,53.92,0.3737,0.1195,0.4336,0.472,0.976,0.2773,0.3443,-0.6827,0.1587,多周期共振看空 ⬇⬇⬇,-0.4132,-0.5838,-0.5625
600528,中铁工业,156.62,True,7.05,6.86,2,2.84,-6.31,-2.51,2.84,0.1256,2026-07-13,2026-07-15,60.66,0.561,-0.3917,0.238,0.3799,0.8743,0.6033,0.344,-0.689,0.1555,多周期共振看空 ⬇⬇⬇,-0.3557,-0.6469,-0.5625
001387,雪祺电气,13.86,True,11.9,12.63,15,6.55,-9.83,0.38,-5.81,0.1047,2026-07-15,2026-07-15,36.61,0.3928,0.1214,0.3938,0.4842,0.5914,0.3437,0.3437,-0.2608,0.3696,多周期方向不一致，观望,-0.1427,-0.4617,-0.5625
002843,泰嘉股份,51.29,True,20.5,21.86,9,10.75,-10.63,-0.97,-6.22,0.0,2026-07-15,2026-07-15,50.46,0.708,-0.4107,0.5523,0.4605,0.8991,0.0795,0.3433,-0.1331,0.4335,月线震荡，中短期走弱,-0.2831,-0.301,0.0961
603085,天成自控,43.4,True,10.93,11.04,0,-0.98,-12.51,-6.17,-0.98,0.0,2026-07-15,2026-07-15,50.41,0.6981,-0.4426,0.3465,0.4418,0.8981,0.4226,0.343,-0.3785,0.3107,多周期共振看空 ⬇⬇⬇,-0.441,-0.1986,-0.2552
000030,富奥股份,68.51,True,4.1,4.02,1,2.03,-7.79,-3.9,2.03,0.0414,2026-07-14,2026-07-15,55.56,0.6274,-0.2667,0.2616,0.4698,0.9877,0.5639,0.3429,-0.7442,0.1279,多周期共振看空 ⬇⬇⬇,-0.3986,-0.7315,-0.5625
600844,金煤科技,24.44,True,2.97,2.56,2,16.15,-12.48,-6.09,16.15,0.1297,2026-07-13,2026-07-15,73.74,0.6822,1.0357,0.6478,0.8093,0.5836,0.0,0.3429,-0.5633,0.2183,多周期共振看空 ⬇⬇⬇,-0.3156,-0.63,-0.3375
002379,宏桥控股,212.05,True,18.66,15.64,3,19.3,-16.68,-8.55,19.3,0.084,2026-07-10,2026-07-15,66.4,0.7112,2.0713,0.7566,0.8267,0.7466,0.0,0.3421,-0.6833,0.1583,多周期共振看空 ⬇⬇⬇,-0.5372,-0.7038,-0.3375
605358,立昂微,409.19,True,52.99,66.72,13,16.89,-20.58,0.65,-20.58,0.0,2026-07-15,2026-07-15,34.2,0.7922,-0.4418,0.9364,0.4986,0.5378,0.0,0.3412,0.2862,0.6431,上升趋势中的日线回调（关注买点）,-0.2725,0.6331,0.5625
603335,迪生力,27.32,True,6.38,8.09,14,21.34,-21.69,2.53,-21.14,0.0,2026-07-15,2026-07-15,22.58,0.6173,2.106,0.9298,0.7704,0.2796,0.0,0.3412,0.1618,0.5809,上升趋势中的日线回调（关注买点）,-0.2615,0.3179,0.45
603077,和邦生物,204.9,True,2.32,2.31,4,2.54,-10.5,-2.9,0.43,0.0503,2026-07-14,2026-07-15,45.45,0.3692,0.3996,0.5894,0.5814,0.7879,0.0177,0.3411,-0.2814,0.3593,月线震荡，中短期走弱,-0.4022,-0.544,-0.0571
002606,大连电瓷,0.0,True,13.32,13.51,2,1.15,-8.98,-4.11,-1.42,0.0,2026-07-15,2026-07-15,43.23,0.3786,0.074,0.5202,0.4568,0.7384,0.133,0.3406,0.0019,0.501,月线看多，中短期调整中,-0.2814,-0.1998,0.45
000925,众合科技,51.81,True,7.72,8.78,14,18.72,-13.1,2.52,-12.03,0.0,2026-07-15,2026-07-15,35.11,0.8413,0.0035,0.7671,0.7062,0.5581,0.0,0.3406,-0.0751,0.4625,多周期方向不一致，观望,-0.117,-0.0724,-0.1575
002940,昂利康,53.62,True,28.94,27.85,5,7.18,-18.23,-6.24,3.9,0.0211,2026-07-14,2026-07-15,53.47,0.7337,-0.0214,0.8149,0.6317,0.9659,0.0,0.3405,-0.4961,0.252,多周期共振看空 ⬇⬇⬇,-0.3186,-0.2547,-0.5625
002391,长青股份,24.04,True,5.18,5.1,4,2.44,-6.19,-1.96,1.55,0.1272,2026-07-13,2026-07-15,55.75,-0.0929,0.2088,0.2945,0.2835,0.9833,0.5091,0.3405,-0.6221,0.189,多周期共振看空 ⬇⬇⬇,-0.3076,-0.6087,-0.495
601636,旗滨集团,193.79,True,6.55,8.13,14,34.36,-19.41,7.19,-19.41,0.0,2026-07-15,2026-07-15,34.95,0.4529,0.0177,0.9934,0.4788,0.5544,0.0,0.3404,0.2916,0.6458,上升趋势中的日线整理,0.0311,0.5706,0.1601
600601,方正科技,488.34,True,11.71,13.68,15,12.83,-14.43,3.35,-14.43,0.0,2026-07-15,2026-07-15,37.23,0.5486,-0.3592,0.8548,0.3855,0.605,0.0,0.3401,0.3783,0.6892,上升趋势中的日线整理,-0.0309,0.5592,0.45
002066,瑞泰科技,47.19,True,20.43,21.14,0,-2.07,-9.3,-5.88,-3.35,0.0,2026-07-15,2026-07-15,41.22,0.6219,-0.2854,0.4596,0.4589,0.6937,0.2339,0.3401,-0.0333,0.4834,月线看多，中短期调整中,-0.3337,-0.2102,0.3375
002551,尚荣医疗,18.03,True,2.95,2.81,5,4.85,-8.2,-3.22,4.85,0.1533,2026-07-13,2026-07-15,60.47,0.2106,0.3007,0.4197,0.4466,0.8786,0.3005,0.34,-0.657,0.1715,多周期共振看空 ⬇⬇⬇,-0.1749,-0.7315,-0.5625
002960,青鸟智控,79.3,True,8.19,8.48,6,4.31,-5.17,-1.53,-3.39,0.0338,2026-07-15,2026-07-15,49.21,0.841,-0.7675,0.34,0.5046,0.8713,0.4333,0.3399,-0.5613,0.2193,多周期共振看空 ⬇⬇⬇,-0.3254,-0.4598,-0.495
603938,三孚股份,188.4,True,49.24,61.7,14,35.38,-23.01,7.25,-20.2,0.0,2026-07-15,2026-07-15,28.02,0.7353,-0.7103,1.0254,0.4412,0.4005,0.0,0.3397,0.5309,0.7654,上升趋势中的日线整理,0.0992,0.7315,0.5625
603579,荣泰健康,35.61,True,17.71,18.18,8,8.49,-9.96,-1.88,-2.56,0.0259,2026-07-15,2026-07-15,52.77,0.6369,0.0025,0.5146,0.5832,0.9504,0.1423,0.3396,-0.5329,0.2335,多周期共振看空 ⬇⬇⬇,-0.2061,-0.432,-0.5625
002233,塔牌集团,86.85,True,7.4,7.4,8,4.5,-7.98,-2.72,0.06,0.0894,2026-07-14,2026-07-15,55.45,0.29,0.0275,0.325,0.385,0.9901,0.4584,0.3395,-0.6696,0.1652,多周期共振看空 ⬇⬇⬇,-0.3074,-0.7131,-0.495
000619,海螺新材,16.13,True,4.48,4.54,0,-1.38,-12.31,-8.15,-1.38,0.0,2026-07-15,2026-07-15,45.63,0.6838,0.3924,0.3363,0.7672,0.7918,0.4395,0.3393,-0.815,0.0925,多周期共振看空 ⬇⬇⬇,-0.625,-0.6929,-0.5625
002648,卫星化学,788.77,True,23.43,23.78,9,9.88,-6.9,0.33,-1.47,0.1146,2026-07-15,2026-07-15,38.34,0.7001,-0.4087,0.6452,0.4566,0.6298,0.0,0.3385,-0.0532,0.4734,多周期方向不一致，观望,-0.1333,-0.2998,0.18
000933,神火股份,573.32,True,25.51,22.76,4,12.08,-18.51,-8.98,12.08,0.0892,2026-07-09,2026-07-15,66.5,0.6084,0.4942,0.7029,0.7627,0.7445,0.0,0.3385,-0.6199,0.19,多周期共振看空 ⬇⬇⬇,-0.4675,-0.6242,-0.3375
002520,日发精机,43.41,True,6.05,6.94,17,17.09,-13.73,3.72,-12.78,0.0439,2026-07-15,2026-07-15,32.35,0.5554,0.0992,0.8215,0.5729,0.4967,0.0,0.3384,0.0888,0.5444,多周期方向不一致，观望,0.0429,0.22,0.1335
002581,*ST未名,0.0,True,3.98,3.45,3,15.23,-16.89,-7.0,15.23,0.1228,2026-07-10,2026-07-15,69.46,0.72,1.3379,0.6956,0.832,0.6786,0.0,0.3382,-0.7348,0.1326,多周期共振看空 ⬇⬇⬇,-0.3528,-0.75,-0.5625
001258,立新能源,63.84,True,6.84,6.97,0,-1.86,-20.99,-13.21,-1.86,0.0,2026-07-15,2026-07-15,44.21,0.768,-0.1722,0.3616,0.5919,0.7602,0.3974,0.3381,-0.4727,0.2636,多周期共振看空 ⬇⬇⬇,-0.598,-0.2563,-0.27
600171,上海贝岭,183.19,True,25.84,29.09,13,14.02,-11.18,1.7,-11.18,0.0,2026-07-15,2026-07-15,26.41,0.8464,0.6368,0.6166,0.9079,0.3647,0.0,0.3381,-0.185,0.4075,多周期方向不一致，观望,-0.1092,-0.2694,-0.45
600731,湖南海利,29.58,True,5.46,5.36,5,2.7,-5.98,-1.94,1.91,0.1553,2026-07-13,2026-07-15,55.1,0.5438,-0.5525,0.3892,0.3263,0.9977,0.3514,0.338,-0.6689,0.1655,多周期共振看空 ⬇⬇⬇,-0.2269,-0.7131,-0.5625
002588,史丹利,72.9,True,8.49,8.33,4,1.94,-7.56,-2.33,1.94,0.1356,2026-07-14,2026-07-15,51.9,0.338,-0.0191,0.4089,0.3952,0.9311,0.3186,0.3377,-0.6283,0.1859,多周期共振看空 ⬇⬇⬇,-0.3181,-0.6133,-0.495
002135,东南网架,64.93,True,6.22,6.7,2,4.57,-13.77,-5.02,-7.13,0.0,2026-07-15,2026-07-15,33.94,0.7222,0.0281,0.4915,0.6445,0.5321,0.1808,0.3376,-0.1138,0.4431,月线看多，中短期调整中,-0.4971,-0.2956,0.18
002529,海源复材,17.24,True,6.63,7.09,2,4.63,-11.28,-5.71,-6.5,0.0,2026-07-15,2026-07-15,35.62,0.8208,0.0132,0.5192,0.6978,0.5693,0.1347,0.3372,-0.2098,0.3951,月线震荡，中短期走弱,-0.5977,-0.1935,0.0005
600961,株冶集团,186.15,True,24.76,30.14,14,34.43,-17.84,6.87,-17.84,0.0,2026-07-15,2026-07-15,23.9,0.6657,0.0474,0.9092,0.6184,0.309,0.0,0.337,0.3355,0.6678,上升趋势中的日线整理,-0.0042,0.425,0.45
600789,鲁抗医药,74.16,True,7.34,6.98,3,5.09,-6.93,-2.7,5.09,0.1623,2026-07-13,2026-07-15,55.26,-0.01,2.8646,0.5467,0.4,0.9942,0.0889,0.3369,-0.5983,0.2008,多周期共振看空 ⬇⬇⬇,-0.2349,-0.551,-0.5625
002528,*ST英飞,46.84,True,4.46,4.42,7,6.39,-10.25,-2.69,0.8,0.0859,2026-07-10,2026-07-15,55.64,-0.1345,-0.4322,0.4457,0.0271,0.9858,0.2572,0.3361,0.051,0.5255,多周期方向不一致，观望,-0.1294,-0.2275,0.5625
603990,麦迪科技,57.87,True,18.96,21.08,9,11.85,-11.67,-0.55,-10.04,0.0,2026-07-15,2026-07-15,37.04,0.4544,-0.3595,0.4593,0.3288,0.6008,0.2344,0.336,0.253,0.6265,上升趋势中的日线回调（关注买点）,-0.3811,0.6146,0.5625
603041,美思德,19.67,True,10.74,10.66,1,0.76,-10.16,-6.11,0.76,0.0,2026-07-14,2026-07-15,53.64,0.2948,0.309,0.3057,0.5005,0.9697,0.4905,0.3358,-0.6707,0.1647,多周期共振看空 ⬇⬇⬇,-0.607,-0.4587,-0.495
002998,优彩资源,19.91,True,7.36,7.04,6,5.74,-13.31,-4.85,4.58,0.0888,2026-07-13,2026-07-15,56.82,0.1832,1.68,0.6297,0.5099,0.9596,0.0,0.3358,-0.4943,0.2529,多周期共振看空 ⬇⬇⬇,-0.3924,-0.4125,-0.3375
002853,皮阿诺,31.13,True,24.19,21.36,5,13.26,-14.28,-5.1,13.26,0.2021,2026-07-08,2026-07-15,88.14,0.2074,2.6759,0.4415,0.5245,0.2636,0.2642,0.3356,-0.1667,0.4167,月线震荡，中短期走弱,-0.1979,-0.5031,0.1125
600066,宇通客车,645.58,True,29.16,27.79,9,5.09,-14.96,-3.7,4.92,0.1738,2026-07-02,2026-07-15,69.77,-0.4027,-0.1085,0.4106,0.1566,0.6718,0.3157,0.3353,-0.0442,0.4779,多周期方向不一致，观望,-0.1222,-0.2694,0.18
002579,中京电子,85.35,True,14.63,19.03,13,22.57,-23.12,2.67,-23.12,0.0,2026-07-15,2026-07-15,28.96,0.645,-0.291,1.1724,0.4706,0.4213,0.0,0.3351,0.4222,0.7111,上升趋势中的日线整理,-0.0971,0.7298,0.45
601388,怡球资源,67.14,True,3.05,2.95,1,3.53,-11.32,-6.37,3.53,0.0,2026-07-14,2026-07-15,52.44,0.3977,0.5714,0.486,0.6386,0.9431,0.1901,0.3351,-0.6246,0.1877,多周期共振看空 ⬇⬇⬇,-0.5515,-0.5625,-0.3375
002095,生 意 宝,33.33,True,13.24,13.16,3,3.59,-7.06,-3.01,0.6,0.0605,2026-07-14,2026-07-15,47.25,0.6069,0.3931,0.4773,0.7214,0.8278,0.2045,0.3347,-0.7787,0.1107,多周期共振看空 ⬇⬇⬇,-0.4655,-0.75,-0.5625
002876,三利谱,42.3,True,28.4,32.15,13,13.35,-11.66,1.26,-11.66,0.0,2026-07-15,2026-07-15,23.5,0.8746,-0.3744,0.5901,0.575,0.3,0.0165,0.3345,0.3828,0.6914,上升趋势中的日线整理,-0.0145,0.5568,0.45
000957,中通客车,58.1,True,9.8,9.58,2,2.25,-7.39,-3.26,2.25,0.0795,2026-07-14,2026-07-15,52.79,0.49,-0.051,0.3841,0.4736,0.9508,0.3598,0.3344,-0.7026,0.1487,多周期共振看空 ⬇⬇⬇,-0.5118,-0.5429,-0.5625
002333,罗普斯金,32.26,True,4.84,4.81,7,2.74,-5.81,-1.53,0.64,0.1573,2026-07-14,2026-07-15,60.67,0.194,-0.0129,0.2991,0.3112,0.8739,0.5015,0.3342,-0.6516,0.1742,多周期共振看空 ⬇⬇⬇,-0.1718,-0.7223,-0.5625
000912,泸天化,55.04,True,3.51,3.36,2,4.31,-9.44,-4.57,4.31,0.0719,2026-07-13,2026-07-15,60.71,0.7207,-0.2447,0.3609,0.5345,0.873,0.3984,0.3342,-0.7202,0.1399,多周期共振看空 ⬇⬇⬇,-0.4912,-0.6669,-0.495
601608,中信重工,232.18,True,5.07,4.92,4,12.32,-9.85,-4.28,3.14,0.0351,2026-07-09,2026-07-15,53.28,0.5149,2.2068,0.6679,0.7089,0.9617,0.0,0.3337,-0.7033,0.1483,多周期共振看空 ⬇⬇⬇,-0.3615,-0.7408,-0.495
603032,德新科技,46.88,True,20.13,24.79,14,18.25,-20.97,0.13,-18.78,0.0,2026-07-15,2026-07-15,35.79,0.5433,0.1263,0.9152,0.5765,0.5731,0.0,0.3335,0.0577,0.5289,多周期方向不一致，观望,-0.2335,0.0037,0.45
600237,铜峰电子,58.28,True,9.33,11.84,13,18.22,-21.23,2.18,-21.23,0.0,2026-07-15,2026-07-15,28.32,0.8262,-0.4542,0.9907,0.514,0.4071,0.0,0.3333,0.3552,0.6776,上升趋势中的日线整理,-0.1022,0.5602,0.45
002367,康力电梯,45.05,True,5.67,6.3,13,20.63,-10.02,5.48,-10.02,0.0933,2026-07-15,2026-07-15,27.94,0.5471,0.7274,0.6885,0.7283,0.3986,0.0,0.3333,-0.2011,0.3994,多周期方向不一致，观望,0.0392,-0.4676,-0.45
603297,永新光学,116.71,True,105.4,125.75,8,17.56,-16.18,-0.48,-16.18,0.0,2026-07-15,2026-07-15,30.35,0.7507,0.128,0.7084,0.7016,0.4522,0.0,0.3333,0.0014,0.5007,月线看多，中短期调整中,-0.3301,-0.1606,0.45
002073,软控股份,54.55,True,5.38,5.28,3,1.96,-7.31,-2.87,1.96,0.1049,2026-07-14,2026-07-15,55.65,0.2495,0.0152,0.2953,0.3558,0.9855,0.5079,0.3332,-0.744,0.128,多周期共振看空 ⬇⬇⬇,-0.3765,-0.75,-0.5625
000423,东阿阿胶,319.67,True,50.05,46.47,8,7.7,-9.28,-2.02,7.7,0.2752,2026-07-03,2026-07-15,83.76,0.1468,-0.1755,0.329,0.2179,0.3609,0.4517,0.333,-0.1392,0.4304,多周期方向不一致，观望,-0.0515,-0.5643,-0.0034
603192,汇得科技,28.54,True,20.47,17.77,3,15.2,-10.71,-3.78,15.2,0.2032,2026-07-10,2026-07-15,74.03,0.4797,2.4519,0.5352,0.6878,0.577,0.1081,0.3328,-0.7049,0.1476,多周期共振看空 ⬇⬇⬇,-0.2761,-0.75,-0.5625
600316,洪都航空,189.89,True,26.48,27.57,9,6.66,-6.34,-0.85,-3.96,0.0453,2026-07-15,2026-07-15,50.59,0.5206,-0.4305,0.425,0.3402,0.9021,0.2916,0.3328,-0.3068,0.3466,多周期方向不一致，观望,-0.1065,-0.6946,-0.5625
600682,南京新百,65.3,True,5.61,5.5,4,1.96,-10.73,-3.33,1.96,0.0722,2026-07-14,2026-07-15,52.0,0.2682,0.4908,0.4758,0.5572,0.9333,0.2071,0.3326,-0.6898,0.1551,多周期共振看空 ⬇⬇⬇,-0.2591,-0.7315,-0.5625
600536,中国软件,265.58,True,31.48,29.1,4,11.63,-20.12,-8.04,8.2,0.0675,2026-07-09,2026-07-15,61.95,0.8272,-0.1351,0.5037,0.6423,0.8455,0.1606,0.3324,-0.6738,0.1631,多周期共振看空 ⬇⬇⬇,-0.2846,-0.6744,-0.5625
002191,劲嘉股份,52.04,True,3.71,3.87,10,9.09,-5.09,-0.11,-4.08,0.0869,2026-07-15,2026-07-15,32.14,0.8516,-0.6817,0.4704,0.5109,0.4921,0.2161,0.3324,-0.1306,0.4347,多周期方向不一致，观望,-0.017,-0.1097,-0.45
001312,福恩股份,10.11,True,17.68,18.84,2,0.72,-8.04,-4.05,-6.15,0.0,2026-07-15,2026-07-15,35.92,0.4322,-0.1666,0.347,0.3927,0.576,0.4216,0.3321,0.0,0.5,周线日线方向不一致,0.0,,
002078,太阳纸业,387.44,True,13.95,12.61,9,10.64,-8.93,-1.34,10.64,0.3596,2026-07-03,2026-07-15,91.09,-0.184,0.0975,0.3099,0.239,0.1981,0.4835,0.3308,-0.2237,0.3881,多周期方向不一致，观望,-0.0157,-0.4747,-0.495
000525,红太阳,46.14,True,4.15,4.08,1,1.69,-12.11,-5.96,1.69,0.0,2026-07-14,2026-07-15,56.0,0.3562,0.5635,0.4024,0.6137,0.9778,0.3293,0.3303,-0.7765,0.1118,多周期共振看空 ⬇⬇⬇,-0.5245,-0.6946,-0.5625
601677,明泰铝业,201.41,True,16.2,16.14,1,0.34,-9.24,-5.24,0.34,0.0,2026-07-14,2026-07-15,45.08,0.5789,-0.3714,0.5039,0.3988,0.7795,0.1601,0.3302,-0.06,0.47,月线看多，中短期调整中,-0.494,-0.1998,0.3375
000680,山推股份,133.57,True,10.16,10.15,5,6.04,-7.07,-2.71,0.11,0.0605,2026-07-14,2026-07-15,54.98,0.4253,-0.2747,0.39,0.3453,0.9996,0.3501,0.33,-0.5368,0.2316,多周期共振看空 ⬇⬇⬇,-0.2261,-0.6485,-0.3375
601568,北元化工,142.6,True,3.59,3.51,2,2.4,-7.01,-3.07,2.4,0.0917,2026-07-14,2026-07-15,53.03,0.5661,-0.502,0.2673,0.3397,0.9562,0.5545,0.3295,-0.7186,0.1407,多周期共振看空 ⬇⬇⬇,-0.4547,-0.6946,-0.495
605259,绿田机械,30.86,True,17.89,18.04,5,3.08,-3.63,-1.17,-0.85,0.13,2026-07-15,2026-07-15,52.57,0.3105,-0.3167,0.2644,0.2596,0.946,0.5593,0.3294,-0.675,0.1625,多周期共振看空 ⬇⬇⬇,-0.1994,-0.75,-0.5625
603677,奇精机械,26.96,True,14.0,13.27,3,5.53,-16.22,-8.36,5.53,0.0,2026-07-10,2026-07-15,56.07,0.4577,2.2365,0.5442,0.6746,0.9762,0.0931,0.3294,-0.6904,0.1548,多周期共振看空 ⬇⬇⬇,-0.4147,-0.5994,-0.5625
605060,XD联德股,105.99,True,44.36,51.33,14,12.8,-14.66,1.15,-13.58,0.0,2026-07-15,2026-07-15,44.13,0.6772,-0.2528,0.8684,0.5052,0.7585,0.0,0.3293,-0.0839,0.4581,月线看多，中短期调整中,-0.2157,-0.5071,0.2925
000962,东方钽业,300.3,True,59.68,72.56,14,45.45,-19.11,9.24,-17.76,0.0099,2026-07-15,2026-07-15,29.39,0.5634,-0.4438,1.0538,0.3605,0.431,0.0,0.3292,0.5159,0.758,上升趋势中的日线整理,0.1095,0.6837,0.5625
002571,德力股份,30.58,True,10.25,10.48,1,0.47,-12.68,-6.95,-2.18,0.0,2026-07-15,2026-07-15,47.51,0.6888,-0.4077,0.4918,0.4502,0.8335,0.1803,0.3291,-0.2317,0.3841,月线震荡，中短期走弱,-0.4146,-0.4957,0.0721
002552,宝鼎科技,205.11,True,55.66,64.05,10,29.31,-16.61,3.34,-13.1,0.0,2026-07-15,2026-07-15,33.85,-0.0785,0.338,1.0893,0.3352,0.53,0.0,0.3285,0.4559,0.7279,上升趋势中的日线整理,-0.1173,0.7223,0.5625
600846,同济科技,70.29,True,11.25,10.42,11,12.41,-13.56,-1.2,7.99,0.3447,2026-06-30,2026-07-15,61.87,-0.5227,-0.4455,0.6683,0.0218,0.8473,0.0,0.3285,-0.2507,0.3747,多周期方向不一致，观望,0.1093,-0.6331,-0.5625
002705,新宝股份,0.0,True,11.38,11.27,4,1.67,-8.62,-3.09,1.0,0.0705,2026-07-13,2026-07-15,59.33,0.1319,0.1582,0.2717,0.3424,0.9038,0.5472,0.3283,-0.6127,0.1936,多周期共振看空 ⬇⬇⬇,-0.3473,-0.4865,-0.5625
600308,华泰股份,49.3,True,3.25,3.15,5,3.31,-8.9,-3.48,3.31,0.1108,2026-07-09,2026-07-15,62.12,-0.1728,0.4724,0.3218,0.389,0.8418,0.4637,0.3281,-0.6447,0.1776,多周期共振看空 ⬇⬇⬇,-0.2546,-0.7038,-0.495
003036,泰坦股份,152.6,True,70.45,87.19,12,41.57,-19.2,5.51,-19.2,0.0,2026-07-15,2026-07-15,31.48,0.7443,-0.5455,0.8539,0.4466,0.4774,0.0,0.328,0.3362,0.6681,上升趋势中的日线回调（关注买点）,-0.213,0.75,0.5625
603135,中重科技,67.3,True,10.69,12.68,12,10.64,-15.71,-0.14,-15.71,0.0,2026-07-15,2026-07-15,40.28,0.7875,-0.745,0.7261,0.4725,0.6728,0.0,0.3277,0.0586,0.5293,多周期方向不一致，观望,-0.0885,0.4279,-0.0945
002741,光华科技,121.98,True,28.61,34.43,13,37.77,-21.66,6.54,-16.91,0.0,2026-07-15,2026-07-15,32.16,0.595,-0.6791,0.985,0.357,0.4925,0.0,0.3277,0.4593,0.7297,上升趋势中的日线整理,-0.021,0.6485,0.5625
603787,新日股份,22.28,True,9.68,9.46,3,2.33,-7.03,-2.98,2.33,0.1035,2026-07-14,2026-07-15,57.92,0.4765,-0.2482,0.3168,0.3866,0.9351,0.472,0.3275,-0.7465,0.1267,多周期共振看空 ⬇⬇⬇,-0.3829,-0.75,-0.5625
600203,福日电子,64.28,True,10.84,12.39,11,8.59,-12.51,0.01,-12.51,0.0,2026-07-15,2026-07-15,37.21,0.4192,1.0758,0.6685,0.6515,0.6047,0.0,0.3273,-0.1499,0.425,多周期方向不一致，观望,-0.1109,-0.0687,-0.495
003010,若羽臣,55.54,True,24.56,23.49,6,5.43,-8.62,-2.09,4.54,0.1801,2026-07-14,2026-07-15,60.12,0.4945,-0.0598,0.5669,0.4728,0.8863,0.0552,0.3272,-0.6786,0.1607,多周期共振看空 ⬇⬇⬇,-0.2518,-0.7131,-0.5625
002282,博深股份,29.44,True,5.83,5.8,1,0.6,-6.77,-3.51,0.6,0.0357,2026-07-14,2026-07-15,48.0,0.7131,-0.1136,0.3159,0.5824,0.8444,0.4735,0.3269,-0.7945,0.1028,多周期共振看空 ⬇⬇⬇,-0.5167,-0.7408,-0.5625
600688,上海石化,208.14,True,2.84,2.96,8,3.73,-5.0,-1.27,-4.02,0.0561,2026-07-15,2026-07-15,37.35,0.4788,-0.0669,0.3612,0.4605,0.6078,0.398,0.3266,-0.3061,0.3469,多周期共振看空 ⬇⬇⬇,-0.1698,-0.1897,-0.3375
603890,春秋电子,103.93,True,23.26,25.01,7,12.45,-14.38,-3.05,-7.0,0.0,2026-07-15,2026-07-15,29.27,0.7968,-0.4276,0.6941,0.507,0.4282,0.0,0.3263,0.2855,0.6427,上升趋势中的日线回调（关注买点）,-0.2751,0.6331,0.5625
600732,爱旭股份,261.89,True,12.44,12.68,15,11.88,-12.37,1.78,-1.9,0.2356,2026-07-15,2026-07-15,43.55,0.7141,-0.515,0.6298,0.4284,0.7455,0.0,0.3263,-0.5355,0.2323,多周期共振看空 ⬇⬇⬇,-0.1863,-0.4548,-0.5625
603666,亿嘉和,52.72,True,25.65,27.68,8,9.8,-9.88,-1.66,-7.32,0.0,2026-07-15,2026-07-15,46.26,0.5383,0.6391,0.7915,0.723,0.8059,0.0,0.326,-0.516,0.242,多周期共振看空 ⬇⬇⬇,-0.2519,-0.3557,-0.5625
601500,通用股份,63.64,True,4.02,3.81,5,5.53,-8.88,-3.14,5.53,0.1651,2026-07-13,2026-07-15,66.27,0.2188,0.0126,0.3102,0.3363,0.7497,0.483,0.3255,-0.6168,0.1916,多周期共振看空 ⬇⬇⬇,-0.2382,-0.589,-0.5625
603629,利通电子,404.33,True,112.09,126.15,6,17.68,-14.63,-2.85,-11.14,0.0,2026-07-15,2026-07-15,32.41,0.4094,0.0264,1.0679,0.4562,0.498,0.0,0.3254,0.2754,0.6377,上升趋势中的日线回调（关注买点）,-0.2912,0.6129,0.5625
000812,陕西金叶,25.09,True,3.32,3.21,2,3.31,-10.08,-5.51,3.31,0.0274,2026-07-13,2026-07-15,57.32,0.2381,0.6736,0.3492,0.5429,0.9485,0.418,0.3251,-0.8063,0.0968,多周期共振看空 ⬇⬇⬇,-0.5361,-0.75,-0.5625
000856,冀东装备,16.68,True,7.35,7.43,0,-1.02,-12.66,-7.56,-1.02,0.0,2026-07-15,2026-07-15,50.0,0.6714,0.2137,0.4215,0.6883,0.8889,0.2975,0.325,-0.8063,0.0968,多周期共振看空 ⬇⬇⬇,-0.6115,-0.6854,-0.5625
002035,华帝股份,37.85,True,4.84,4.64,2,4.32,-7.7,-2.83,4.32,0.1415,2026-07-13,2026-07-15,65.59,-0.06,0.5951,0.2912,0.4,0.7646,0.5147,0.3249,-0.7097,0.1452,多周期共振看空 ⬇⬇⬇,-0.3747,-0.6762,-0.5625
002655,共达电声,123.53,True,33.95,41.94,12,28.48,-21.14,3.79,-19.06,0.0,2026-07-15,2026-07-15,20.66,0.4962,0.0522,0.9267,0.5186,0.237,0.0,0.3245,0.482,0.741,上升趋势中的日线整理,-0.0706,0.75,0.5625
002523,天桥起重,45.31,True,3.21,3.06,2,4.94,-10.12,-5.25,4.94,0.066,2026-07-13,2026-07-15,57.55,0.3559,1.9615,0.5178,0.6135,0.9434,0.1369,0.3242,-0.7877,0.1062,多周期共振看空 ⬇⬇⬇,-0.4992,-0.7408,-0.5625
603639,海利尔,36.2,True,10.65,10.36,4,2.85,-6.61,-2.53,2.85,0.144,2026-07-13,2026-07-15,59.53,0.1674,-0.0915,0.2616,0.2638,0.8992,0.564,0.3242,-0.7045,0.1477,多周期共振看空 ⬇⬇⬇,-0.329,-0.7038,-0.5625
603683,晶华新材,81.85,True,28.4,30.15,8,8.74,-10.43,-1.17,-5.79,0.0,2026-07-15,2026-07-15,40.75,0.0623,0.2231,0.6312,0.3266,0.6834,0.0,0.3241,0.2501,0.625,上升趋势中的日线回调（关注买点）,-0.173,0.584,0.405
603333,福华尚纬,49.6,True,7.98,7.93,4,4.27,-10.13,-4.06,0.58,0.0057,2026-07-14,2026-07-15,55.84,0.5166,-0.4779,0.5656,0.3188,0.9813,0.0573,0.3235,-0.1594,0.4203,月线震荡，中短期走弱,-0.2673,-0.2225,-0.0843
000528,柳    工,167.64,True,8.24,7.94,6,3.84,-8.86,-3.18,3.84,0.1497,2026-07-13,2026-07-15,62.96,0.2471,0.0697,0.348,0.3761,0.823,0.42,0.3235,-0.6966,0.1517,多周期共振看空 ⬇⬇⬇,-0.2871,-0.7223,-0.5625
001326,联域股份,12.63,True,52.58,60.59,5,10.56,-17.56,-6.52,-13.21,0.0,2026-07-15,2026-07-15,23.51,0.7937,0.2055,0.6164,0.7584,0.3003,0.0,0.3231,0.011,0.5055,多周期方向不一致，观望,-0.3625,-0.091,0.45
002264,新 华 都,40.27,True,6.15,5.89,1,4.35,-10.94,-4.59,4.35,0.0461,2026-07-14,2026-07-15,60.0,0.2577,1.2245,0.4074,0.5546,0.8889,0.321,0.3228,-0.7392,0.1304,多周期共振看空 ⬇⬇⬇,-0.486,-0.7131,-0.495
603856,东宏股份,33.9,True,12.02,13.01,17,10.64,-9.06,3.41,-7.62,0.1652,2026-07-15,2026-07-15,37.33,0.3381,-0.5391,0.4862,0.2028,0.6073,0.1897,0.3228,-0.0192,0.4904,多周期方向不一致，观望,0.0311,0.1138,-0.225
603045,福达合金,91.83,True,67.8,75.87,8,18.7,-13.12,-2.14,-10.64,0.0,2026-07-15,2026-07-15,26.2,0.755,-0.3142,0.77,0.5273,0.36,0.0,0.3224,0.3034,0.6517,上升趋势中的日线回调（关注买点）,-0.2373,0.6608,0.5625
600526,菲达环保,38.33,True,4.39,4.26,2,3.08,-8.19,-3.81,3.08,0.0802,2026-07-13,2026-07-15,60.53,0.2655,0.0558,0.2577,0.3816,0.8772,0.5706,0.3222,-0.7348,0.1326,多周期共振看空 ⬇⬇⬇,-0.4174,-0.6946,-0.5625
603933,睿能科技,44.87,True,21.62,23.03,7,6.84,-7.95,-1.11,-6.12,0.0,2026-07-15,2026-07-15,44.27,0.0661,1.7256,0.7342,0.4397,0.7616,0.0,0.3221,-0.0406,0.4797,多周期方向不一致，观望,-0.0439,-0.321,0.18
603190,亚通精工,9.59,True,16.66,17.12,4,4.66,-10.08,-3.45,-2.68,0.0,2026-07-15,2026-07-15,49.66,0.1736,0.9084,0.4355,0.5042,0.8813,0.2742,0.322,-0.5076,0.2462,多周期共振看空 ⬇⬇⬇,-0.3396,-0.4871,-0.3375
002225,濮耐股份,38.51,True,4.06,4.39,14,13.6,-8.47,3.44,-7.47,0.1219,2026-07-15,2026-07-15,44.72,0.6569,-0.7485,0.7194,0.3942,0.7715,0.0,0.322,-0.2726,0.3637,多周期方向不一致，观望,-0.0376,-0.6037,-0.5625
002929,润建股份,123.1,True,56.84,63.06,6,15.45,-15.75,-3.54,-9.87,0.0,2026-07-15,2026-07-15,36.08,0.7594,-0.2533,0.8828,0.5543,0.5795,0.0,0.3215,-0.0104,0.4948,月线看多，中短期调整中,-0.3605,-0.1906,0.45
603014,威高血净,33.81,True,33.32,34.46,12,12.24,-5.04,1.28,-3.32,0.14,2026-07-15,2026-07-15,51.9,0.7891,-0.6715,0.645,0.4734,0.9311,0.0,0.3214,-0.6394,0.1803,多周期共振看空 ⬇⬇⬇,-0.1871,-0.6825,-0.5625
002638,勤上股份,49.91,True,3.69,3.93,3,7.62,-11.83,-4.28,-6.06,0.0,2026-07-15,2026-07-15,46.41,0.4496,-0.141,0.7067,0.4133,0.8091,0.0,0.3214,-0.0613,0.4693,月线看多，中短期调整中,-0.5436,-0.276,0.45
002046,国机精工,304.32,True,57.4,66.97,16,25.01,-16.29,6.57,-14.3,0.0614,2026-07-15,2026-07-15,23.21,0.5383,-0.4794,0.8901,0.3312,0.2935,0.0,0.3212,0.5402,0.7701,上升趋势中的日线整理,0.1165,0.7408,0.5625
600518,康美药业,189.37,True,1.37,1.29,3,5.91,-14.34,-5.83,5.91,0.0532,2026-07-10,2026-07-15,64.86,0.4586,1.0097,0.4644,0.6751,0.7808,0.226,0.3211,-0.7571,0.1215,多周期共振看空 ⬇⬇⬇,-0.4101,-0.75,-0.5625
601311,XD骆驼股,92.21,True,7.86,7.65,3,2.77,-8.2,-2.24,2.77,0.1305,2026-07-13,2026-07-15,63.38,0.3463,-0.2498,0.2951,0.3079,0.8138,0.5082,0.321,-0.621,0.1895,多周期共振看空 ⬇⬇⬇,-0.3015,-0.544,-0.5625
603583,捷昌驱动,92.73,True,24.26,23.3,4,5.85,-11.43,-3.51,4.12,0.0993,2026-07-14,2026-07-15,59.64,0.2562,0.6026,0.5404,0.5537,0.8968,0.0993,0.3209,-0.7125,0.1437,多周期共振看空 ⬇⬇⬇,-0.2958,-0.75,-0.5625
002871,伟隆股份,27.7,True,18.56,20.62,9,10.41,-9.99,-1.05,-9.99,0.0,2026-07-15,2026-07-15,37.18,0.7285,-0.7158,0.6338,0.4371,0.6039,0.0,0.3208,0.1422,0.5711,上升趋势中的日线回调（关注买点）,-0.2782,0.2666,0.45
603153,上海建科,54.47,True,13.49,13.21,5,2.13,-8.64,-3.13,2.13,0.111,2026-07-13,2026-07-15,60.31,0.0395,0.15,0.2635,0.2837,0.882,0.5609,0.3207,-0.6615,0.1693,多周期共振看空 ⬇⬇⬇,-0.2422,-0.6837,-0.5625
601700,风范股份,52.5,True,4.61,4.52,2,2.08,-12.29,-5.59,2.08,0.0,2026-07-13,2026-07-15,57.48,0.1764,1.6322,0.4273,0.5059,0.9449,0.2878,0.3205,-0.6094,0.1953,多周期共振看空 ⬇⬇⬇,-0.598,-0.4892,-0.3375
603311,金海高科,66.73,True,28.29,33.18,6,17.69,-18.11,-5.62,-14.73,0.0,2026-07-15,2026-07-15,29.71,0.8344,-0.7404,0.7059,0.5007,0.438,0.0,0.3204,0.2369,0.6184,上升趋势中的日线回调（关注买点）,-0.4875,0.6515,0.5625
001231,农心科技,9.54,True,18.66,18.87,0,-1.13,-9.49,-5.68,-1.13,0.0,2026-07-15,2026-07-15,47.54,0.4091,0.4648,0.3907,0.6314,0.8342,0.3488,0.3203,-0.7281,0.136,多周期共振看空 ⬇⬇⬇,-0.6115,-0.581,-0.495
600150,中国船舶,2083.12,True,34.31,35.55,8,6.33,-6.71,-0.82,-3.48,0.0589,2026-07-15,2026-07-15,46.45,0.1902,-0.0342,0.5769,0.3004,0.81,0.0385,0.3198,-0.0665,0.4667,多周期方向不一致，观望,-0.2121,-0.145,0.0344
603228,景旺电子,643.64,True,65.58,70.76,5,4.4,-14.29,-4.21,-7.32,0.0,2026-07-15,2026-07-15,38.71,0.7705,-0.3844,0.8711,0.5085,0.638,0.0,0.3198,-0.0212,0.4894,多周期方向不一致，观望,-0.4224,-0.0511,0.3201
603266,天龙股份,32.68,True,16.43,16.91,3,3.92,-9.77,-3.96,-2.86,0.0,2026-07-15,2026-07-15,48.05,0.6018,0.3165,0.5347,0.6877,0.8456,0.1088,0.3197,-0.6444,0.1778,多周期共振看空 ⬇⬇⬇,-0.3197,-0.5798,-0.5625
600995,南网储能,386.4,True,12.09,12.29,0,-1.66,-13.29,-7.47,-1.66,0.0,2026-07-15,2026-07-15,46.61,0.5189,-0.4792,0.341,0.3197,0.8136,0.4317,0.3196,-0.2764,0.3618,月线震荡，中短期走弱,-0.458,-0.4402,-0.0964
603738,泰晶科技,155.71,True,40.35,54.94,13,27.67,-26.55,4.94,-26.55,0.0,2026-07-15,2026-07-15,22.87,0.345,0.6238,0.9619,0.607,0.286,0.0,0.319,0.2375,0.6188,上升趋势中的日线回调（关注买点）,-0.3087,0.5004,0.5625
601222,林洋能源,110.84,True,5.43,5.51,0,-1.49,-10.2,-6.08,-1.49,0.0,2026-07-15,2026-07-15,44.62,0.7312,-0.7626,0.1948,0.4387,0.7692,0.6753,0.319,-0.6135,0.1932,多周期共振看空 ⬇⬇⬇,-0.5755,-0.5175,-0.3375
605199,ST葫芦娃,25.17,True,6.29,5.76,5,9.23,-14.96,-5.46,9.23,0.1738,2026-07-10,2026-07-15,67.73,0.2725,4.6551,0.5732,0.5635,0.7172,0.0447,0.319,-0.663,0.1685,多周期共振看空 ⬇⬇⬇,-0.3579,-0.5879,-0.5625
002962,五方光电,27.57,True,13.18,17.12,4,13.58,-23.73,-9.0,-23.01,0.0,2026-07-15,2026-07-15,33.92,0.9494,-0.3017,0.9401,0.649,0.5315,0.0,0.3189,-0.1249,0.4375,多周期方向不一致，观望,-0.5179,-0.1052,0.0
600182,S佳通,22.86,True,13.45,13.68,10,8.87,-7.33,-0.31,-1.69,0.132,2026-07-15,2026-07-15,52.38,0.4957,-0.5164,0.4378,0.2974,0.9418,0.2703,0.3188,-0.5884,0.2058,多周期共振看空 ⬇⬇⬇,-0.211,-0.5498,-0.5625
603679,华体科技,31.61,True,17.79,19.74,14,19.39,-9.88,4.23,-9.88,0.0815,2026-07-15,2026-07-15,29.93,0.3418,-0.4484,0.6517,0.2257,0.4429,0.0,0.3186,0.4609,0.7305,上升趋势中的日线整理,0.0612,0.5821,0.5625
601992,金隅集团,118.35,True,1.42,1.4,1,1.61,-10.8,-5.24,1.61,0.0,2026-07-14,2026-07-15,56.0,0.0382,0.4934,0.2757,0.4203,0.9778,0.5405,0.3182,-0.7323,0.1339,多周期共振看空 ⬇⬇⬇,-0.4574,-0.7223,-0.495
600668,尖峰集团,30.31,True,7.34,7.22,6,4.58,-7.89,-2.41,1.65,0.1176,2026-07-14,2026-07-15,45.69,0.4266,0.3403,0.5638,0.592,0.7932,0.0604,0.3178,-0.6871,0.1564,多周期共振看空 ⬇⬇⬇,-0.2628,-0.7223,-0.5625
002157,正邦科技,232.85,True,2.99,2.91,7,2.59,-8.35,-2.42,2.59,0.1603,2026-07-09,2026-07-15,63.75,-0.0014,0.0047,0.4048,0.2019,0.8056,0.3254,0.3178,-0.3921,0.3039,多周期共振看空 ⬇⬇⬇,-0.1534,-0.3927,-0.3375
603529,爱玛科技,175.95,True,20.76,19.91,4,4.25,-7.99,-2.22,4.25,0.1787,2026-07-13,2026-07-15,66.51,0.1976,-0.0234,0.2823,0.3092,0.7443,0.5295,0.3178,-0.698,0.151,多周期共振看空 ⬇⬇⬇,-0.2584,-0.75,-0.5625
600367,红星发展,117.91,True,36.62,51.2,13,36.9,-28.73,3.13,-28.47,0.0,2026-07-15,2026-07-15,32.06,0.6977,-0.6118,1.1171,0.4186,0.4903,0.0,0.3176,0.2827,0.6413,上升趋势中的日线回调（关注买点）,-0.2752,0.6238,0.5625
603008,ST喜临门,30.02,True,8.15,8.28,3,5.07,-10.3,-4.46,-1.55,0.0,2026-07-15,2026-07-15,46.98,0.8266,-0.0844,0.3735,0.6622,0.8218,0.3775,0.3176,-0.8069,0.0966,多周期共振看空 ⬇⬇⬇,-0.5485,-0.7408,-0.5625
001380,华纬科技,37.77,True,16.23,16.14,4,5.3,-7.74,-2.99,0.54,0.0551,2026-07-14,2026-07-15,51.71,0.6543,-0.0748,0.5163,0.5627,0.9268,0.1395,0.3175,-0.7163,0.1418,多周期共振看空 ⬇⬇⬇,-0.3054,-0.75,-0.5625
002059,云南旅游,42.57,True,4.33,4.28,3,1.45,-7.08,-2.58,1.25,0.092,2026-07-14,2026-07-15,57.65,0.4121,-0.3658,0.2888,0.3009,0.9412,0.5186,0.3174,-0.7077,0.1462,多周期共振看空 ⬇⬇⬇,-0.2942,-0.7408,-0.5625
002150,正泰电源,83.53,True,23.3,25.25,4,4.52,-13.93,-5.75,-7.72,0.0,2026-07-15,2026-07-15,41.87,0.7667,-0.5847,0.4699,0.46,0.7083,0.2168,0.3173,-0.221,0.3895,月线看多，中短期调整中,-0.7912,-0.5544,0.18
600997,开滦股份,84.47,True,5.32,5.04,7,5.61,-10.77,-3.39,5.61,0.1668,2026-07-10,2026-07-15,65.52,0.4067,-0.2721,0.3512,0.3352,0.7663,0.4146,0.3172,-0.6506,0.1747,多周期共振看空 ⬇⬇⬇,-0.18,-0.7131,-0.5625
603125,常青科技,96.51,True,23.84,28.82,15,20.46,-17.27,5.76,-17.27,0.0,2026-07-15,2026-07-15,27.16,0.4503,-0.2692,0.6749,0.3625,0.3813,0.0,0.3172,0.5002,0.7501,上升趋势中的日线整理,0.0061,0.7315,0.5625
600545,卓郎智能,86.53,True,4.84,6.3,6,20.23,-24.31,-4.93,-23.16,0.0,2026-07-15,2026-07-15,36.05,0.7721,-0.4035,1.0636,0.5019,0.5789,0.0,0.317,0.0381,0.5191,多周期方向不一致，观望,-0.3554,0.0221,0.45
002242,九阳股份,63.83,True,8.38,8.16,1,2.65,-7.31,-3.24,2.65,0.081,2026-07-14,2026-07-15,54.36,0.4587,-0.5384,0.2868,0.2752,0.9858,0.522,0.3169,-0.6999,0.1501,多周期共振看空 ⬇⬇⬇,-0.4726,-0.5706,-0.5625
002252,上海莱士,324.8,True,4.93,4.56,4,8.09,-11.54,-4.32,8.09,0.158,2026-07-09,2026-07-15,66.91,0.6613,-0.5664,0.3445,0.3968,0.7354,0.4258,0.3169,-0.7018,0.1491,多周期共振看空 ⬇⬇⬇,-0.2682,-0.75,-0.5625
601015,陕西黑猫,63.73,True,3.12,3.01,2,3.69,-16.43,-8.76,3.69,0.0,2026-07-13,2026-07-15,59.3,0.5676,0.143,0.4486,0.5978,0.9044,0.2524,0.3167,-0.7101,0.145,多周期共振看空 ⬇⬇⬇,-0.4795,-0.6547,-0.495
600303,曙光股份,17.41,True,2.57,2.57,1,0.18,-17.8,-11.01,0.18,0.0,2026-07-14,2026-07-15,49.37,0.8717,-0.278,0.4814,0.6118,0.8748,0.1977,0.3163,-0.6564,0.1718,多周期共振看空 ⬇⬇⬇,-0.5099,-0.4431,-0.5625
603880,南卫股份,19.77,True,6.84,7.39,5,6.99,-9.37,-3.92,-7.41,0.0,2026-07-15,2026-07-15,41.88,0.0969,0.5013,0.8763,0.4581,0.7085,0.0,0.316,-0.0549,0.4726,月线看多，中短期调整中,-0.5099,-0.1617,0.3375
000408,藏格矿业,1121.76,True,71.5,71.68,3,4.45,-10.41,-3.85,-0.26,0.0,2026-07-15,2026-07-15,52.82,0.3623,-0.1891,0.5325,0.3418,0.9515,0.1125,0.316,-0.2507,0.3747,月线震荡，中短期走弱,-0.3849,-0.4892,-0.0235
603178,圣龙股份,33.83,True,14.31,15.42,4,14.03,-15.27,-4.83,-7.17,0.0,2026-07-15,2026-07-15,46.55,0.4794,1.3471,0.8553,0.6876,0.8122,0.0,0.3159,-0.5475,0.2263,多周期共振看空 ⬇⬇⬇,-0.3631,-0.3971,-0.495
601138,工业富联,12624.81,True,63.62,69.48,7,6.73,-12.2,-3.78,-8.44,0.0,2026-07-15,2026-07-15,31.82,0.701,-0.3737,0.7182,0.4711,0.4849,0.0,0.3156,0.1889,0.5945,上升趋势中的日线回调（关注买点）,-0.298,0.3279,0.5625
002080,中材科技,1134.75,True,67.62,80.58,14,35.18,-17.45,7.72,-16.08,0.0137,2026-07-15,2026-07-15,27.39,0.4615,-0.4163,1.0632,0.3104,0.3864,0.0,0.3156,0.5314,0.7657,上升趋势中的日线整理,0.079,0.75,0.5625
600195,中牧股份,66.58,True,6.52,6.14,3,6.15,-8.94,-3.21,6.15,0.1641,2026-07-13,2026-07-15,67.3,-0.0302,1.0323,0.3496,0.4,0.7268,0.4174,0.3156,-0.715,0.1425,多周期共振看空 ⬇⬇⬇,-0.3345,-0.7223,-0.5625
002445,中南文化,65.07,True,2.75,2.89,0,-4.79,-13.02,-8.56,-4.79,0.0,2026-07-15,2026-07-15,35.21,0.7299,-0.475,0.3211,0.448,0.5603,0.4649,0.3156,-0.2359,0.3821,月线震荡，中短期走弱,-0.625,-0.351,0.0939
002436,兴森科技,587.59,True,38.71,46.4,14,31.29,-17.44,6.58,-16.57,0.0,2026-07-15,2026-07-15,27.83,0.5555,-0.5019,0.9937,0.3333,0.3962,0.0,0.3153,0.514,0.757,上升趋势中的日线整理,0.0478,0.7315,0.5625
002696,百洋股份,17.98,True,5.38,5.26,3,4.38,-9.19,-3.7,2.23,0.0382,2026-07-14,2026-07-15,58.66,0.705,-0.0611,0.5757,0.5985,0.9187,0.0405,0.3152,-0.6625,0.1688,多周期共振看空 ⬇⬇⬇,-0.2785,-0.7223,-0.495
603188,亚邦股份,22.52,True,3.95,4.04,0,-0.72,-8.49,-4.94,-2.14,0.0,2026-07-15,2026-07-15,44.17,0.396,0.455,0.4311,0.6196,0.7593,0.2814,0.3152,-0.606,0.197,多周期共振看空 ⬇⬇⬇,-0.427,-0.6283,-0.3375
600740,山西焦化,91.47,True,3.57,3.37,2,6.04,-13.03,-5.61,6.04,0.0456,2026-07-13,2026-07-15,63.16,0.701,-0.2234,0.3871,0.5313,0.8187,0.3549,0.3151,-0.7052,0.1474,多周期共振看空 ⬇⬇⬇,-0.4311,-0.6854,-0.495
603656,泰禾智能,31.87,True,17.42,17.58,1,0.43,-7.14,-2.68,-0.91,0.0173,2026-07-15,2026-07-15,48.95,0.6665,-0.3808,0.2697,0.4476,0.8655,0.5506,0.3148,-0.7182,0.1409,多周期共振看空 ⬇⬇⬇,-0.3102,-0.75,-0.5625
605100,华丰股份,79.53,True,33.43,38.1,12,13.89,-12.92,1.29,-12.26,0.0,2026-07-15,2026-07-15,33.43,0.7489,-0.369,0.6211,0.5017,0.5206,0.0,0.3148,0.091,0.5455,多周期方向不一致，观望,-0.0876,0.0253,0.45
002932,*ST明德,22.87,True,14.65,14.53,4,1.7,-6.89,-3.09,0.82,0.0802,2026-07-14,2026-07-15,57.95,-0.2571,0.2693,0.2697,0.3077,0.9344,0.5505,0.3146,-0.7293,0.1354,多周期共振看空 ⬇⬇⬇,-0.3494,-0.7408,-0.5625
002290,禾盛新材,177.21,True,71.69,84.61,9,8.13,-15.27,-1.71,-15.27,0.0,2026-07-15,2026-07-15,33.01,0.708,-0.1803,0.7595,0.5527,0.5113,0.0,0.3145,0.0186,0.5093,多周期方向不一致，观望,-0.2963,-0.1144,0.45
002079,苏州固锝,87.99,True,10.85,13.75,16,15.42,-21.09,4.33,-21.09,0.0,2026-07-15,2026-07-15,25.58,-0.1049,1.1269,0.6853,0.4,0.3461,0.0,0.3144,0.4599,0.7299,上升趋势中的日线整理,0.0621,0.7025,0.4387
603205,健尔康,8.86,True,21.44,21.0,2,2.09,-9.6,-4.11,2.09,0.0309,2026-07-14,2026-07-15,56.16,0.5016,-0.1953,0.352,0.4229,0.9743,0.4133,0.3144,-0.7349,0.1326,多周期共振看空 ⬇⬇⬇,-0.3854,-0.7223,-0.5625
002654,万润科技,128.65,True,15.22,18.5,15,29.56,-17.73,6.72,-17.73,0.0,2026-07-15,2026-07-15,26.62,0.738,-0.612,0.8623,0.4428,0.3694,0.0,0.3143,0.3625,0.6813,上升趋势中的日线整理,0.0856,0.4181,0.45
002848,高斯贝尔,22.02,True,13.31,13.81,6,3.78,-16.5,-4.09,-3.59,0.0,2026-07-15,2026-07-15,36.15,0.6308,-0.517,0.4201,0.3785,0.5811,0.2998,0.3141,-0.03,0.485,月线看多，中短期调整中,-0.3043,-0.2194,0.3375
002833,弘亚数控,48.82,True,16.66,17.77,8,7.56,-10.66,-1.71,-6.23,0.0,2026-07-15,2026-07-15,45.35,0.5379,-0.1599,0.6018,0.4588,0.7855,0.0,0.3141,-0.1635,0.4183,月线震荡，中短期走弱,-0.3515,-0.201,-0.0473
002064,华峰化学,511.54,True,10.33,10.28,11,7.7,-7.35,0.41,0.53,0.2193,2026-07-14,2026-07-15,44.95,0.0717,-0.2589,0.7188,0.1394,0.7766,0.0,0.3138,-0.1707,0.4147,多周期方向不一致，观望,-0.1047,-0.323,-0.3375
003042,中农联合,15.4,True,12.49,12.58,0,-0.72,-10.59,-6.6,-0.72,0.0,2026-07-15,2026-07-15,48.79,0.6847,-0.0224,0.3771,0.6019,0.862,0.3715,0.3138,-0.7839,0.108,多周期共振看空 ⬇⬇⬇,-0.6115,-0.7038,-0.495
603662,柯力传感,164.03,True,58.41,67.75,13,15.37,-14.61,0.39,-13.78,0.0,2026-07-15,2026-07-15,39.6,0.7995,-0.5548,0.7781,0.4797,0.6577,0.0,0.3138,-0.0463,0.4768,多周期方向不一致，观望,-0.1127,0.1181,-0.225
603969,银龙股份,66.27,True,7.8,7.45,9,6.7,-11.31,-2.47,4.69,0.1986,2026-07-14,2026-07-15,61.45,-0.1874,1.0554,0.672,0.4,0.8567,0.0,0.3137,-0.6355,0.1823,多周期共振看空 ⬇⬇⬇,-0.1541,-0.7021,-0.5625
603507,振江股份,58.2,True,24.63,25.7,0,-0.55,-12.48,-6.2,-4.17,0.0,2026-07-15,2026-07-15,38.08,0.0023,1.5137,0.4061,0.4014,0.624,0.3232,0.3136,-0.1405,0.4297,月线看多，中短期调整中,-0.6025,-0.3325,0.18
603931,格林达,106.17,True,53.2,56.7,6,4.74,-7.39,-1.76,-6.18,0.0,2026-07-15,2026-07-15,47.14,0.1634,-0.361,0.764,0.1536,0.8254,0.0,0.3131,0.2682,0.6341,上升趋势中的日线回调（关注买点）,-0.2676,0.5685,0.5625
603722,阿科力,30.96,True,32.35,38.24,13,16.56,-15.4,0.89,-15.4,0.0,2026-07-15,2026-07-15,40.03,0.4655,0.7018,0.8581,0.6793,0.6674,0.0,0.3129,-0.3848,0.3076,多周期共振看空 ⬇⬇⬇,-0.1755,-0.3127,-0.3825
002480,新筑股份,40.61,True,5.29,5.24,2,1.02,-10.74,-5.86,1.02,0.0,2026-07-13,2026-07-15,56.04,0.3543,0.0287,0.3713,0.424,0.9768,0.3812,0.3126,-0.6545,0.1728,多周期共振看空 ⬇⬇⬇,-0.4237,-0.5128,-0.5625
000636,风华高科,630.57,True,54.5,67.53,12,33.57,-21.28,6.14,-19.3,0.0,2026-07-15,2026-07-15,28.02,0.5939,-0.497,1.0381,0.3576,0.4004,0.0,0.3125,0.4473,0.7237,上升趋势中的日线整理,-0.1219,0.7038,0.5625
000818,航锦科技,84.78,True,12.88,13.83,12,14.41,-10.95,1.0,-6.87,0.044,2026-07-15,2026-07-15,38.07,0.7182,-0.1645,0.8873,0.5651,0.6238,0.0,0.3124,-0.2592,0.3704,多周期方向不一致，观望,-0.1291,-0.466,-0.5625
601996,丰林集团,25.89,True,2.31,2.26,3,4.34,-16.28,-7.31,2.42,0.0,2026-07-10,2026-07-15,56.25,0.5727,-0.5131,0.5009,0.3436,0.9722,0.1651,0.3122,-0.3508,0.3246,多周期共振看空 ⬇⬇⬇,-0.3444,-0.2287,-0.2471
603687,大胜达,79.75,True,14.5,17.86,12,11.32,-20.74,-1.67,-18.82,0.0,2026-07-15,2026-07-15,40.59,0.5967,-0.408,0.9055,0.3948,0.6799,0.0,0.312,0.0484,0.5242,多周期方向不一致，观望,-0.2811,0.0037,0.45
600161,天坛生物,248.95,True,12.59,12.03,4,4.65,-9.47,-3.12,4.65,0.1498,2026-07-10,2026-07-15,62.19,0.3777,-0.3061,0.3435,0.3042,0.8403,0.4275,0.312,-0.7006,0.1497,多周期共振看空 ⬇⬇⬇,-0.2652,-0.75,-0.5625
603389,亚振家居,135.84,True,51.7,58.35,5,3.36,-11.4,-2.1,-11.4,0.0,2026-07-15,2026-07-15,35.1,0.1095,2.0844,0.5345,0.4657,0.5577,0.1091,0.3119,-0.0064,0.4968,月线看多，中短期调整中,-0.3608,-0.171,0.45
002532,天山铝业,523.62,True,12.75,11.55,2,10.43,-16.77,-9.18,10.43,0.0522,2026-07-13,2026-07-15,61.28,0.4411,0.3151,0.6977,0.5907,0.8605,0.0,0.3116,-0.6105,0.1947,多周期共振看空 ⬇⬇⬇,-0.4453,-0.6225,-0.3375
002688,金河生物,37.97,True,5.08,4.91,5,3.39,-7.65,-2.31,3.39,0.1558,2026-07-13,2026-07-15,59.71,0.0506,0.1265,0.3823,0.281,0.8953,0.3629,0.3115,-0.696,0.152,多周期共振看空 ⬇⬇⬇,-0.2858,-0.7223,-0.5625
603100,川仪股份,87.98,True,17.2,17.46,6,3.08,-8.9,-3.08,-1.51,0.0167,2026-07-15,2026-07-15,55.78,0.2057,0.4182,0.4464,0.4907,0.9826,0.256,0.3107,-0.7237,0.1381,多周期共振看空 ⬇⬇⬇,-0.3567,-0.7223,-0.5625
002306,ST云网,14.87,True,1.83,1.95,3,1.69,-10.65,-4.97,-5.96,0.0,2026-07-15,2026-07-15,45.28,0.548,-0.0439,0.3751,0.5112,0.7841,0.3748,0.3106,-0.5742,0.2129,多周期共振看空 ⬇⬇⬇,-0.6098,-0.4019,-0.3375
600356,恒丰纸业,24.2,True,8.1,7.86,4,3.06,-8.88,-3.63,3.06,0.0781,2026-07-13,2026-07-15,61.2,0.1693,-0.0235,0.3123,0.2922,0.8622,0.4795,0.3106,-0.5881,0.206,多周期共振看空 ⬇⬇⬇,-0.2291,-0.5337,-0.5625
603186,华正新材,271.29,True,173.03,209.78,12,57.65,-24.08,16.16,-17.52,0.0029,2026-07-15,2026-07-15,20.38,0.2644,-0.0767,1.0339,0.328,0.2307,0.0,0.3106,0.6759,0.8379,多周期共振看多 ⬆⬆⬆,0.2342,0.7223,0.5625
601600,中国铝业,1185.66,True,8.98,8.67,2,3.59,-17.98,-10.44,3.59,0.0,2026-07-13,2026-07-15,53.04,0.5039,0.2422,0.6168,0.5992,0.9565,0.0,0.3105,-0.6226,0.1887,多周期共振看空 ⬇⬇⬇,-0.556,-0.5543,-0.3375
002902,铭普光磁,45.12,True,25.4,29.06,5,8.59,-19.13,-8.31,-12.61,0.0,2026-07-15,2026-07-15,35.08,0.8871,-0.5262,0.8137,0.5323,0.5572,0.0,0.3104,-0.0373,0.4814,月线看多，中短期调整中,-0.5542,-0.1525,0.45
000816,智慧农业,35.56,True,2.47,2.4,5,3.11,-10.29,-3.64,3.11,0.0985,2026-07-13,2026-07-15,59.42,0.3653,-0.0724,0.4189,0.3902,0.9018,0.3018,0.3102,-0.7026,0.1487,多周期共振看空 ⬇⬇⬇,-0.2703,-0.75,-0.5625
001322,箭牌家居,48.16,True,6.13,6.1,11,5.69,-9.45,-1.96,0.48,0.1382,2026-07-13,2026-07-15,59.9,0.5208,-0.7187,0.4171,0.3125,0.8911,0.3048,0.31,-0.6646,0.1677,多周期共振看空 ⬇⬇⬇,-0.1728,-0.75,-0.5625
000809,和展能源,25.9,True,3.14,3.26,0,-0.41,-14.96,-10.15,-3.62,0.0,2026-07-15,2026-07-15,37.04,0.8648,-0.7345,0.3574,0.5189,0.6008,0.4044,0.3098,-0.3959,0.3021,多周期共振看空 ⬇⬇⬇,-0.503,-0.2287,-0.2102
600746,江苏索普,73.69,True,6.31,5.5,2,14.73,-12.7,-5.99,14.73,0.1319,2026-07-13,2026-07-15,69.72,0.4428,2.4782,0.6189,0.6657,0.6728,0.0,0.3098,-0.7108,0.1446,多周期共振看空 ⬇⬇⬇,-0.5425,-0.6023,-0.495
000008,神州高铁,68.72,True,2.53,2.43,2,6.93,-9.87,-3.16,4.07,0.0986,2026-07-06,2026-07-15,51.9,0.0837,5.294,0.5335,0.4502,0.9311,0.1109,0.3097,-0.6855,0.1573,多周期共振看空 ⬇⬇⬇,-0.3503,-0.6439,-0.5625
000428,华天酒店,31.89,True,3.13,3.13,0,-0.08,-9.69,-5.14,-0.08,0.0,2026-07-15,2026-07-15,47.06,0.4723,0.0772,0.3372,0.5142,0.8235,0.438,0.3094,-0.6862,0.1569,多周期共振看空 ⬇⬇⬇,-0.6091,-0.6485,-0.3375
603989,艾华集团,139.41,True,34.96,44.64,14,49.4,-22.11,13.37,-21.68,0.0,2026-07-15,2026-07-15,22.68,0.2779,-0.2398,1.1756,0.2708,0.2817,0.0,0.3094,0.7042,0.8521,多周期共振看多 ⬆⬆⬆,0.296,0.7315,0.5625
002243,力合科创,84.41,True,7.01,6.77,2,3.61,-16.16,-9.4,3.61,0.0,2026-07-13,2026-07-15,54.02,0.3918,1.6783,0.531,0.6351,0.9782,0.115,0.3091,-0.809,0.0955,多周期共振看空 ⬇⬇⬇,-0.6205,-0.6837,-0.5625
605366,宏柏新材,71.02,True,9.19,11.37,8,30.74,-19.35,0.52,-19.16,0.0,2026-07-15,2026-07-15,24.67,0.7823,0.0261,1.0233,0.6799,0.3261,0.0,0.3082,-0.0133,0.4934,月线看多，中短期调整中,-0.3812,-0.1867,0.45
001296,长江材料,13.99,True,18.14,19.37,7,13.81,-11.5,-1.47,-6.37,0.0,2026-07-15,2026-07-15,37.09,0.8153,1.8106,0.861,0.8892,0.6021,0.0,0.3082,-0.6799,0.1601,多周期共振看空 ⬇⬇⬇,-0.3015,-0.7408,-0.495
000789,万年青,32.22,True,4.04,3.94,1,2.58,-9.75,-4.17,2.58,0.0471,2026-07-14,2026-07-15,58.02,-0.2079,0.6735,0.2998,0.4,0.9328,0.5003,0.3077,-0.8113,0.0943,多周期共振看空 ⬇⬇⬇,-0.5491,-0.75,-0.5625
002430,杭氧股份,243.9,True,24.94,27.57,13,18.77,-9.52,2.76,-9.52,0.0376,2026-07-15,2026-07-15,38.11,0.785,-0.4718,0.7309,0.4823,0.6246,0.0,0.3072,-0.1535,0.4233,多周期方向不一致，观望,-0.0996,-0.3642,-0.225
002106,莱宝高科,74.3,True,10.54,13.88,14,27.69,-25.06,2.36,-24.09,0.0,2026-07-15,2026-07-15,36.07,0.6376,-0.3354,1.1109,0.4484,0.5794,0.0,0.3072,0.0449,0.5224,多周期方向不一致，观望,-0.1348,0.3127,0.0
603352,至信股份,11.25,True,24.82,26.33,0,-1.7,-10.55,-6.11,-5.72,0.0,2026-07-15,2026-07-15,36.65,0.1182,0.1753,0.3232,0.341,0.5923,0.4613,0.3069,-0.1698,0.4151,周线日线方向不一致,-0.566,0.0,
002148,北纬科技,27.01,True,5.99,6.19,5,12.06,-8.73,-2.5,-3.29,0.0,2026-07-15,2026-07-15,49.86,0.6098,0.3422,0.7645,0.7027,0.8859,0.0,0.3067,-0.7338,0.1331,多周期共振看空 ⬇⬇⬇,-0.3934,-0.7131,-0.5625
002686,亿利达,28.23,True,5.4,5.39,3,1.48,-12.98,-6.32,0.13,0.0,2026-07-10,2026-07-15,55.3,-0.2348,0.5102,0.383,0.4,0.9933,0.3617,0.3066,-0.6686,0.1657,多周期共振看空 ⬇⬇⬇,-0.5897,-0.469,-0.495
002111,威海广泰,46.19,True,9.45,9.18,4,2.89,-7.91,-3.66,2.89,0.109,2026-07-13,2026-07-15,57.79,0.0266,0.0493,0.3428,0.2357,0.9379,0.4287,0.3065,-0.6552,0.1724,多周期共振看空 ⬇⬇⬇,-0.4226,-0.5152,-0.5625
603227,雪峰科技,78.77,True,7.35,7.27,1,1.08,-11.79,-6.54,1.08,0.0,2026-07-14,2026-07-15,59.22,0.1845,0.3038,0.2706,0.4322,0.9061,0.5491,0.3065,-0.766,0.117,多周期共振看空 ⬇⬇⬇,-0.616,-0.5931,-0.5625
000055,方大集团,23.11,True,3.42,3.4,4,4.06,-9.51,-4.55,0.66,0.0,2026-07-14,2026-07-15,48.91,0.7471,-0.3152,0.4382,0.5222,0.8647,0.2697,0.3065,-0.6371,0.1815,多周期共振看空 ⬇⬇⬇,-0.3224,-0.5613,-0.5625
000573,粤宏远Ａ,23.36,True,3.69,3.66,2,0.83,-13.08,-7.29,0.83,0.0,2026-07-14,2026-07-15,48.6,0.2394,0.308,0.476,0.4669,0.8577,0.2066,0.3065,-0.4895,0.2552,多周期共振看空 ⬇⬇⬇,-0.4254,-0.4413,-0.27
603203,快克智能,167.72,True,51.78,64.74,13,32.62,-20.01,6.96,-20.01,0.0,2026-07-15,2026-07-15,31.52,0.3634,-0.4822,1.0698,0.2252,0.4783,0.0,0.3063,0.5164,0.7582,上升趋势中的日线整理,0.0337,0.75,0.5625
603076,乐惠国际,24.86,True,20.6,21.03,0,-0.42,-12.37,-6.47,-2.03,0.0,2026-07-15,2026-07-15,50.14,0.6367,-0.2818,0.4379,0.4693,0.8921,0.2701,0.306,-0.5893,0.2053,多周期共振看空 ⬇⬇⬇,-0.6025,-0.4413,-0.3375
002543,万和电气,43.6,True,6.59,6.43,4,2.48,-9.16,-4.01,2.48,0.0684,2026-07-13,2026-07-15,58.55,0.1216,0.1261,0.3169,0.3234,0.9211,0.4718,0.3058,-0.7177,0.1411,多周期共振看空 ⬇⬇⬇,-0.3091,-0.75,-0.5625
002351,漫步者,51.01,True,9.79,9.47,1,3.42,-11.7,-5.86,3.42,0.0015,2026-07-14,2026-07-15,56.64,0.4871,-0.0767,0.3556,0.4616,0.9636,0.4074,0.3057,-0.7787,0.1107,多周期共振看空 ⬇⬇⬇,-0.5515,-0.6762,-0.5625
603180,金牌家居,22.77,True,14.76,14.47,3,2.73,-11.73,-5.82,2.04,0.0,2026-07-13,2026-07-15,56.66,0.843,-0.4413,0.437,0.5293,0.9631,0.2717,0.3054,-0.777,0.1115,多周期共振看空 ⬇⬇⬇,-0.4718,-0.7408,-0.5625
002096,易普力,114.62,True,9.24,9.07,1,1.86,-11.31,-6.42,1.86,0.0,2026-07-14,2026-07-15,54.78,0.7499,-0.5628,0.3399,0.45,0.995,0.4334,0.3053,-0.818,0.091,多周期共振看空 ⬇⬇⬇,-0.5662,-0.75,-0.5625
002983,芯瑞达,27.05,True,21.11,24.83,12,10.8,-14.97,-0.25,-14.97,0.0,2026-07-15,2026-07-15,35.55,0.7587,-0.3535,0.6046,0.5138,0.5678,0.0,0.3052,-0.0621,0.4689,多周期方向不一致，观望,-0.1488,-0.1453,0.0
600081,东风科技,52.7,True,9.53,9.45,1,0.87,-11.19,-5.71,0.87,0.0,2026-07-14,2026-07-15,52.67,0.3128,0.2563,0.3891,0.4902,0.9483,0.3515,0.3052,-0.7619,0.119,多周期共振看空 ⬇⬇⬇,-0.598,-0.5994,-0.5625
000633,合金投资,19.22,True,4.99,4.94,1,0.92,-9.91,-5.31,0.92,0.0,2026-07-14,2026-07-15,54.08,0.5205,-0.2024,0.3454,0.4313,0.9796,0.4243,0.3052,-0.7636,0.1182,多周期共振看空 ⬇⬇⬇,-0.4484,-0.7315,-0.5625
002063,远光软件,92.7,True,5.24,5.15,2,1.67,-9.26,-4.23,1.67,0.0173,2026-07-14,2026-07-15,55.88,0.2924,-0.1838,0.2501,0.3019,0.9804,0.5831,0.3048,-0.7289,0.1356,多周期共振看空 ⬇⬇⬇,-0.4238,-0.6762,-0.5625
002228,合兴包装,37.85,True,3.13,3.05,3,2.74,-6.32,-3.02,2.74,0.1209,2026-07-13,2026-07-15,55.43,-0.0716,0.099,0.3652,0.2396,0.9903,0.3913,0.3048,-0.7362,0.1319,多周期共振看空 ⬇⬇⬇,-0.4459,-0.7408,-0.495
601016,节能风电,199.87,True,3.31,3.62,0,-3.05,-16.0,-10.19,-8.66,0.0,2026-07-15,2026-07-15,41.06,0.6555,-0.5186,0.5494,0.3933,0.6902,0.0843,0.3047,-0.0872,0.4564,月线看多，中短期调整中,-0.59,-0.2471,0.3375
002715,登云股份,19.62,True,14.22,14.04,7,8.18,-10.72,-3.49,1.25,0.0555,2026-07-13,2026-07-15,58.0,0.3439,0.2171,0.6356,0.4932,0.9334,0.0,0.3044,-0.6069,0.1966,多周期共振看空 ⬇⬇⬇,-0.2512,-0.556,-0.5625
002407,多氟多,365.49,True,33.88,43.58,16,37.91,-22.26,8.81,-22.26,0.0,2026-07-15,2026-07-15,37.75,0.2219,-0.4651,1.0676,0.1471,0.6167,0.0,0.3043,0.4588,0.7294,上升趋势中的日线整理,0.0549,0.6946,0.45
601360,三六零,629.96,True,9.0,8.87,2,1.5,-10.41,-4.54,1.46,0.0063,2026-07-14,2026-07-15,51.0,0.0884,0.4686,0.3867,0.4405,0.911,0.3556,0.304,-0.6655,0.1673,多周期共振看空 ⬇⬇⬇,-0.4065,-0.5517,-0.5625
603219,富佳股份,82.97,True,14.78,15.06,5,10.2,-8.37,-2.64,-1.83,0.0,2026-07-15,2026-07-15,51.43,0.6326,-0.083,0.5853,0.5464,0.9206,0.0245,0.304,-0.567,0.2165,多周期共振看空 ⬇⬇⬇,-0.3178,-0.4112,-0.5625
000521,长虹美菱,44.64,True,5.1,5.5,11,11.21,-7.99,0.66,-7.24,0.0105,2026-07-15,2026-07-15,50.66,0.7185,-0.2124,0.7349,0.5461,0.9036,0.0,0.304,-0.5512,0.2244,多周期共振看空 ⬇⬇⬇,-0.1634,-0.5089,-0.5625
002475,立讯精密,4429.47,True,60.47,65.81,3,7.57,-11.27,-3.69,-8.11,0.0,2026-07-15,2026-07-15,33.15,0.7515,-0.3202,0.7748,0.5228,0.5144,0.0,0.304,-0.0219,0.489,月线看多，中短期调整中,-0.4704,-0.1513,0.45
002706,良信股份,91.07,True,9.96,10.76,0,-3.47,-14.69,-9.16,-7.46,0.0,2026-07-15,2026-07-15,35.8,0.7627,-0.4083,0.5559,0.4943,0.5734,0.0735,0.3039,-0.1062,0.4469,多周期方向不一致，观望,-0.5012,-0.1163,0.0793
002199,*ST东晶,26.77,True,11.59,12.09,1,1.33,-12.28,-6.32,-4.13,0.0,2026-07-15,2026-07-15,45.18,0.2252,-0.6516,0.4898,0.1351,0.7818,0.1836,0.3039,0.1298,0.5649,上升趋势中的日线回调（关注买点）,-0.4196,0.2334,0.5625
603293,埃泰克,12.75,True,36.32,39.96,2,1.63,-10.28,-4.84,-9.11,0.0,2026-07-15,2026-07-15,34.74,0.4907,-0.3515,0.448,0.3538,0.5497,0.2534,0.3036,0.0,0.5,周线日线方向不一致,0.0,,
605118,力鼎光电,125.85,True,30.78,33.89,10,12.96,-10.14,-0.67,-9.17,0.0,2026-07-15,2026-07-15,42.88,0.4612,0.4579,0.7624,0.6599,0.7307,0.0,0.3035,-0.5049,0.2475,多周期共振看空 ⬇⬇⬇,-0.3321,-0.4875,-0.3375
002203,海亮股份,413.89,True,18.71,21.76,10,23.75,-17.41,1.39,-14.04,0.0,2026-07-15,2026-07-15,27.45,0.783,-0.7927,0.762,0.4698,0.3879,0.0,0.3035,0.2108,0.6054,上升趋势中的日线回调（关注买点）,-0.2152,0.3305,0.5625
603838,*ST四通,25.89,True,8.09,8.97,10,6.26,-10.1,-1.43,-9.8,0.0,2026-07-15,2026-07-15,22.54,0.1673,1.25,0.3493,0.5004,0.2787,0.4179,0.3033,-0.0429,0.4785,月线看多，中短期调整中,-0.3344,-0.2102,0.2925
000768,中航西飞,550.56,True,19.83,20.29,2,1.81,-4.7,-2.2,-2.29,0.0156,2026-07-15,2026-07-15,48.11,0.7083,-0.3961,0.3339,0.4665,0.8469,0.4435,0.3033,-0.7287,0.1356,多周期共振看空 ⬇⬇⬇,-0.3696,-0.7223,-0.5625
002601,龙佰集团,310.07,True,15.6,16.41,15,15.4,-6.36,4.68,-4.96,0.2318,2026-07-15,2026-07-15,31.52,0.5093,-0.6972,0.5719,0.3056,0.4781,0.0468,0.3032,-0.2308,0.3846,多周期方向不一致，观望,-0.0035,-0.449,-0.5625
000637,茂化实华,13.45,True,3.69,3.63,2,1.67,-11.38,-6.67,1.67,0.0,2026-07-13,2026-07-15,55.56,0.3654,0.0511,0.3828,0.4397,0.9877,0.362,0.3031,-0.7538,0.1231,多周期共振看空 ⬇⬇⬇,-0.6115,-0.6375,-0.495
605376,博迁新材,482.57,True,184.47,228.02,14,33.93,-19.78,9.09,-19.1,0.0,2026-07-15,2026-07-15,31.09,0.2236,-0.3277,1.0123,0.2031,0.4687,0.0,0.303,0.5368,0.7684,上升趋势中的日线整理,0.0953,0.75,0.5625
603009,北特科技,154.92,True,45.78,46.58,10,16.5,-15.15,-0.82,-1.71,0.0958,2026-07-15,2026-07-15,50.17,0.2849,-0.411,0.6508,0.2065,0.8926,0.0,0.303,-0.2074,0.3963,多周期方向不一致，观望,-0.0979,-0.3326,-0.495
605009,XD豪悦护,51.39,True,23.9,22.92,11,9.22,-8.37,-0.27,4.26,0.2747,2026-06-30,2026-07-15,73.02,-0.0676,-0.3969,0.4015,0.0412,0.5996,0.3309,0.3026,-0.2886,0.3557,多周期方向不一致，观望,-0.0746,-0.6423,-0.5625
002092,中泰化学,110.49,True,4.29,4.01,2,7.02,-12.96,-5.27,7.02,0.084,2026-07-13,2026-07-15,64.96,0.2677,0.2754,0.4737,0.4707,0.7786,0.2105,0.3025,-0.6371,0.1815,多周期共振看空 ⬇⬇⬇,-0.451,-0.6762,-0.3375
002153,石基信息,120.62,True,7.54,7.48,4,2.67,-10.88,-3.86,0.78,0.0335,2026-07-14,2026-07-15,53.55,0.3582,-0.2033,0.3547,0.3336,0.9679,0.4089,0.3025,-0.6827,0.1587,多周期共振看空 ⬇⬇⬇,-0.2622,-0.7131,-0.5625
603332,苏州龙杰,22.91,True,10.59,10.55,1,0.41,-8.57,-4.53,0.41,0.0,2026-07-14,2026-07-15,48.84,0.3782,0.1163,0.3532,0.4734,0.863,0.4113,0.3022,-0.7048,0.1476,多周期共振看空 ⬇⬇⬇,-0.5761,-0.4927,-0.5625
603310,巍华新材,28.4,True,14.64,15.13,4,6.02,-7.05,-2.14,-3.23,0.0,2026-07-15,2026-07-15,48.36,0.7313,-0.3703,0.4,0.4907,0.8524,0.3333,0.3019,-0.6593,0.1704,多周期共振看空 ⬇⬇⬇,-0.4371,-0.5118,-0.5625
003012,东鹏控股,53.21,True,4.69,4.56,3,2.86,-7.96,-3.15,2.86,0.1023,2026-07-13,2026-07-15,59.34,0.1755,-0.1984,0.2769,0.2259,0.9035,0.5385,0.3018,-0.708,0.146,多周期共振看空 ⬇⬇⬇,-0.2841,-0.75,-0.5625
601177,杭齿前进,52.8,True,13.12,13.25,5,14.71,-14.08,-5.66,-1.01,0.0,2026-07-15,2026-07-15,53.56,0.7072,-0.1519,0.7187,0.5636,0.9681,0.0,0.3018,-0.649,0.1755,多周期共振看空 ⬇⬇⬇,-0.4048,-0.5168,-0.5625
002067,景兴纸业,53.5,True,4.0,3.93,5,3.38,-15.52,-7.08,1.79,0.0,2026-07-14,2026-07-15,55.74,0.206,0.5101,0.6741,0.5236,0.9836,0.0,0.3013,-0.6073,0.1964,多周期共振看空 ⬇⬇⬇,-0.2959,-0.5185,-0.5625
002980,华盛昌,103.45,True,102.14,108.89,5,11.32,-21.75,-5.2,-6.2,0.0,2026-07-15,2026-07-15,35.73,0.4716,-0.6479,0.9896,0.2829,0.5718,0.0,0.301,0.269,0.6345,上升趋势中的日线回调（关注买点）,-0.3379,0.6313,0.5625
002443,金洲管道,46.8,True,9.01,10.11,2,0.56,-15.05,-7.06,-10.87,0.0,2026-07-15,2026-07-15,35.39,0.6806,-0.4021,0.5297,0.4475,0.5642,0.1172,0.301,-0.079,0.4605,多周期方向不一致，观望,-0.6303,-0.1444,0.3375
601038,一拖股份,85.98,True,11.75,11.38,10,11.49,-12.52,-2.01,3.23,0.1897,2026-07-01,2026-07-15,60.67,0.1798,-0.3368,0.4818,0.1732,0.874,0.197,0.3007,-0.5329,0.2335,多周期共振看空 ⬇⬇⬇,-0.2016,-0.5033,-0.495
002403,爱仕达,0.0,True,9.25,9.6,7,20.52,-14.53,-3.1,-3.66,0.0,2026-07-15,2026-07-15,54.38,0.5086,0.2035,0.8199,0.5865,0.9861,0.0,0.3006,-0.717,0.1415,多周期共振看空 ⬇⬇⬇,-0.5059,-0.5798,-0.5625
002566,益盛药业,15.3,True,6.6,6.3,2,4.68,-8.98,-4.3,4.68,0.0853,2026-07-13,2026-07-15,59.57,-0.0026,1.0602,0.4405,0.4,0.8983,0.2658,0.3004,-0.732,0.134,多周期共振看空 ⬇⬇⬇,-0.4553,-0.656,-0.5625
000612,焦作万方,129.23,True,10.84,10.81,7,5.94,-10.42,-2.99,0.28,0.0712,2026-07-13,2026-07-15,41.19,0.7603,-0.3123,0.5912,0.5312,0.6932,0.0146,0.3003,-0.4617,0.2692,多周期共振看空 ⬇⬇⬇,-0.2737,-0.4427,-0.3375
603325,博隆技术,18.29,True,53.5,52.65,5,2.41,-10.07,-3.1,1.61,0.0803,2026-07-13,2026-07-15,59.06,0.2066,0.3166,0.5044,0.4506,0.9098,0.1593,0.3,-0.7332,0.1334,多周期共振看空 ⬇⬇⬇,-0.3487,-0.75,-0.5625
000698,ST沈化,25.3,True,3.22,3.12,5,5.3,-10.01,-3.56,3.37,0.0748,2026-07-13,2026-07-15,62.64,0.4123,-0.0795,0.4103,0.4156,0.8303,0.3161,0.3,-0.6936,0.1532,多周期共振看空 ⬇⬇⬇,-0.3333,-0.6762,-0.5625
000599,青岛双星,36.75,True,4.5,4.4,1,2.34,-10.96,-6.4,2.34,0.0,2026-07-14,2026-07-15,54.55,0.0892,0.3631,0.3205,0.3987,0.9899,0.4658,0.2998,-0.7997,0.1002,多周期共振看空 ⬇⬇⬇,-0.5515,-0.7223,-0.5625
000778,新兴铸管,143.67,True,3.69,3.75,0,-1.43,-9.72,-4.84,-1.48,0.0,2026-07-15,2026-07-15,39.66,0.2913,0.281,0.2667,0.4872,0.659,0.5555,0.2996,-0.618,0.191,多周期共振看空 ⬇⬇⬇,-0.517,-0.5775,-0.3375
603678,火炬电子,262.89,True,55.28,70.08,15,29.23,-24.74,9.3,-21.12,0.0,2026-07-15,2026-07-15,33.56,0.3117,-0.5434,1.0685,0.187,0.5235,0.0,0.2993,0.4668,0.7334,上升趋势中的日线整理,0.082,0.5798,0.5625
605099,共创草坪,125.5,True,31.26,32.34,0,-1.97,-14.61,-7.98,-3.34,0.0,2026-07-15,2026-07-15,43.38,0.7603,-0.7156,0.3065,0.4562,0.7417,0.4891,0.2993,-0.6167,0.1916,多周期共振看空 ⬇⬇⬇,-0.673,-0.4411,-0.3375
603968,醋化股份,19.45,True,9.51,9.54,0,-0.28,-11.93,-7.36,-0.28,0.0,2026-07-15,2026-07-15,47.21,0.7374,-0.6694,0.3571,0.4425,0.8269,0.4049,0.2992,-0.6304,0.1848,多周期共振看空 ⬇⬇⬇,-0.625,-0.5123,-0.3375
002895,川恒股份,186.52,True,31.11,30.2,3,3.01,-9.94,-3.12,3.01,0.0852,2026-07-14,2026-07-15,50.7,0.5309,-0.3074,0.6757,0.3956,0.9045,0.0,0.2992,-0.529,0.2355,多周期共振看空 ⬇⬇⬇,-0.3569,-0.5192,-0.3375
002489,浙江永强,52.42,True,2.74,2.82,0,-2.66,-17.75,-11.18,-2.66,0.0,2026-07-15,2026-07-15,44.83,0.7158,-0.2672,0.3367,0.5226,0.7739,0.4388,0.2991,-0.7227,0.1386,多周期共振看空 ⬇⬇⬇,-0.5755,-0.5325,-0.5625
002877,智能自控,17.17,True,7.14,7.21,0,-0.91,-9.97,-6.04,-0.91,0.0,2026-07-15,2026-07-15,49.72,0.8351,-0.4411,0.3747,0.5246,0.8826,0.3755,0.2989,-0.8078,0.0961,多周期共振看空 ⬇⬇⬇,-0.5832,-0.7131,-0.5625
603768,常青股份,23.75,True,9.98,9.78,3,2.44,-12.04,-5.06,2.09,0.0,2026-07-14,2026-07-15,57.69,0.6031,-0.3384,0.4184,0.4265,0.9402,0.3027,0.2989,-0.6619,0.169,多周期共振看空 ⬇⬇⬇,-0.3981,-0.551,-0.5625
603681,永冠新材,46.62,True,19.61,21.85,5,16.01,-17.4,-5.88,-10.24,0.0,2026-07-15,2026-07-15,26.49,0.8594,-0.536,0.5252,0.5157,0.3664,0.1247,0.2988,0.0261,0.5131,多周期方向不一致，观望,-0.4366,0.0388,0.45
000823,超声电子,94.48,True,15.88,21.7,14,42.94,-26.83,7.35,-26.83,0.0,2026-07-15,2026-07-15,23.27,0.6644,-0.5821,1.2244,0.3986,0.295,0.0,0.2987,0.398,0.699,上升趋势中的日线整理,-0.1166,0.6837,0.45
002291,遥望科技,42.59,True,4.9,4.9,0,-0.06,-10.76,-7.13,-0.06,0.0,2026-07-15,2026-07-15,46.88,0.3352,0.455,0.3906,0.5831,0.8194,0.3491,0.2986,-0.8065,0.0968,多周期共振看空 ⬇⬇⬇,-0.625,-0.6744,-0.5625
600110,诺德股份,202.32,True,11.66,14.7,15,42.98,-23.08,7.86,-20.67,0.0,2026-07-15,2026-07-15,30.67,0.3934,-0.6475,0.9637,0.236,0.4593,0.0,0.2985,0.4589,0.7294,上升趋势中的日线整理,-0.1406,0.75,0.5625
603277,银都股份,63.35,True,10.39,10.28,5,3.15,-11.27,-4.12,1.04,0.0278,2026-07-14,2026-07-15,51.1,-0.1695,1.037,0.3502,0.4,0.9134,0.4164,0.2984,-0.7483,0.1259,多周期共振看空 ⬇⬇⬇,-0.3875,-0.75,-0.5625
603611,诺力股份,43.87,True,17.03,17.01,5,5.3,-8.61,-2.18,0.13,0.0681,2026-07-14,2026-07-15,55.68,0.4686,-0.6831,0.3782,0.2812,0.9848,0.3697,0.2984,-0.7039,0.1481,多周期共振看空 ⬇⬇⬇,-0.2735,-0.75,-0.5625
603879,永悦科技,16.1,True,4.48,4.49,0,-0.3,-9.4,-4.86,-0.3,0.0,2026-07-15,2026-07-15,54.01,0.2485,0.5569,0.4998,0.5491,0.9781,0.1671,0.2983,-0.7993,0.1003,多周期共振看空 ⬇⬇⬇,-0.5956,-0.6837,-0.5625
000731,四川美丰,32.0,True,5.83,5.49,6,6.28,-10.1,-3.16,6.28,0.1734,2026-07-07,2026-07-15,80.65,0.301,0.2303,0.3384,0.4727,0.4301,0.436,0.2982,-0.652,0.174,多周期共振看空 ⬇⬇⬇,-0.2375,-0.6669,-0.5625
603606,东方电缆,325.72,True,39.49,40.64,7,7.96,-6.36,-1.04,-2.82,0.0361,2026-07-15,2026-07-15,50.88,0.6605,-0.6056,0.5001,0.3963,0.9085,0.1665,0.298,-0.5602,0.2199,多周期共振看空 ⬇⬇⬇,-0.2021,-0.4955,-0.5625
003037,三和管桩,33.97,True,5.67,5.83,5,6.41,-13.65,-6.27,-2.67,0.0,2026-07-15,2026-07-15,51.27,0.5786,0.1733,0.534,0.6165,0.9171,0.11,0.2978,-0.7922,0.1039,多周期共振看空 ⬇⬇⬇,-0.5108,-0.7408,-0.5625
600551,时代出版,46.31,True,6.83,6.76,1,1.07,-4.77,-2.7,1.07,0.0842,2026-07-14,2026-07-15,52.53,-0.2771,-0.0286,0.2071,0.1886,0.945,0.6548,0.2978,-0.779,0.1105,多周期共振看空 ⬇⬇⬇,-0.4986,-0.7223,-0.5625
600362,江西铜业,877.41,True,42.28,44.46,7,20.82,-11.15,-0.85,-4.9,0.0,2026-07-15,2026-07-15,43.4,0.8968,-0.4067,0.8589,0.5754,0.7421,0.0,0.2978,-0.4286,0.2857,多周期共振看空 ⬇⬇⬇,-0.1798,-0.4503,-0.3375
002353,杰瑞股份,929.79,True,134.55,157.28,15,16.64,-14.45,2.55,-14.45,0.0,2026-07-15,2026-07-15,37.67,-0.341,-0.2697,0.9162,0.0921,0.6149,0.0,0.2976,0.4955,0.7478,上升趋势中的日线整理,-0.0297,0.75,0.5625
000665,湖北广电,43.55,True,3.83,3.76,2,1.74,-10.49,-5.91,1.74,0.0,2026-07-14,2026-07-15,51.04,0.1864,0.3919,0.3884,0.4686,0.912,0.3527,0.2975,-0.7466,0.1267,多周期共振看空 ⬇⬇⬇,-0.3939,-0.7408,-0.5625
002845,同兴达,35.56,True,14.21,15.66,12,5.5,-9.24,0.25,-9.24,0.0004,2026-07-15,2026-07-15,38.78,-0.0596,0.3187,0.6982,0.3275,0.6395,0.0,0.2974,0.087,0.5435,多周期方向不一致，观望,0.0246,0.277,0.0844
002927,泰永长征,34.32,True,15.55,18.97,6,6.58,-18.96,-7.63,-18.05,0.0,2026-07-15,2026-07-15,17.27,0.8695,0.1551,0.5021,0.7837,0.1615,0.1632,0.2974,-0.1991,0.4004,月线震荡，中短期走弱,-0.4367,-0.1823,-0.1125
002088,鲁阳节能,37.49,True,7.41,7.83,5,4.76,-7.37,-3.35,-5.42,0.0,2026-07-15,2026-07-15,41.95,0.7983,-0.1655,0.3156,0.6128,0.7101,0.474,0.2974,-0.8323,0.0838,多周期共振看空 ⬇⬇⬇,-0.6137,-0.7408,-0.5625
002829,星网宇达,25.02,True,17.13,17.96,3,12.87,-17.63,-9.49,-4.61,0.0,2026-07-15,2026-07-15,48.72,0.4056,1.0317,0.8267,0.6433,0.8604,0.0,0.2972,-0.6838,0.1581,多周期共振看空 ⬇⬇⬇,-0.5807,-0.4427,-0.5625
002957,科瑞技术,176.77,True,42.22,50.75,5,6.27,-19.56,-7.38,-16.81,0.0,2026-07-15,2026-07-15,22.78,0.848,-0.3552,0.8242,0.5667,0.2839,0.0,0.2972,0.1298,0.5649,上升趋势中的日线回调（关注买点）,-0.3934,0.3234,0.45
002381,双箭股份,17.23,True,5.35,5.3,4,0.85,-6.74,-3.26,0.85,0.0823,2026-07-13,2026-07-15,58.24,-0.0196,0.1127,0.2939,0.2451,0.928,0.5102,0.2972,-0.734,0.133,多周期共振看空 ⬇⬇⬇,-0.3939,-0.7131,-0.5625
603667,五洲新春,217.16,True,59.3,64.25,4,13.13,-10.51,-5.46,-7.71,0.0,2026-07-15,2026-07-15,44.27,0.7164,-0.2165,0.7776,0.5432,0.7616,0.0,0.2969,-0.4077,0.2962,多周期共振看空 ⬇⬇⬇,-0.4578,-0.2919,-0.2117
002593,日上集团,24.16,True,4.31,4.12,1,4.5,-10.65,-5.3,4.5,0.0438,2026-07-14,2026-07-15,58.4,0.1326,1.9897,0.4296,0.4796,0.9244,0.284,0.2967,-0.8357,0.0822,多周期共振看空 ⬇⬇⬇,-0.6115,-0.75,-0.5625
002971,和远气体,76.14,True,47.29,63.31,15,60.5,-25.3,18.19,-25.3,0.0,2026-07-15,2026-07-15,30.89,0.2981,-0.7659,1.091,0.1789,0.4643,0.0,0.2966,0.5297,0.7649,上升趋势中的日线整理,0.1386,0.6946,0.5625
002395,双象股份,32.64,True,12.17,12.28,0,-0.24,-13.1,-6.47,-0.93,0.0,2026-07-15,2026-07-15,52.48,0.6499,-0.4721,0.3646,0.4011,0.944,0.3923,0.2964,-0.717,0.1415,多周期共振看空 ⬇⬇⬇,-0.5045,-0.581,-0.5625
603193,润本股份,19.88,True,19.24,19.16,1,0.39,-13.94,-6.79,0.39,0.0,2026-07-14,2026-07-15,55.98,-0.0442,0.4221,0.3378,0.3688,0.9782,0.437,0.2964,-0.7428,0.1286,多周期共振看空 ⬇⬇⬇,-0.607,-0.5497,-0.5625
002237,恒邦股份,151.43,True,12.7,13.65,13,14.47,-10.18,0.26,-6.94,0.0399,2026-07-15,2026-07-15,40.23,0.649,-0.0345,0.7289,0.5756,0.6718,0.0,0.2963,-0.4525,0.2737,多周期共振看空 ⬇⬇⬇,-0.1756,-0.5065,-0.3375
002681,奋达科技,76.42,True,4.87,4.69,4,6.22,-10.57,-4.85,3.88,0.0395,2026-07-09,2026-07-15,53.03,0.6336,-0.2091,0.6569,0.4965,0.9562,0.0,0.2961,-0.6679,0.166,多周期共振看空 ⬇⬇⬇,-0.2568,-0.6854,-0.5625
601126,四方股份,409.49,True,49.63,61.76,2,5.09,-19.72,-10.35,-19.64,0.0,2026-07-15,2026-07-15,20.24,0.813,0.0763,0.7696,0.7183,0.2275,0.0,0.2958,-0.0562,0.4719,多周期方向不一致，观望,-0.6795,-0.1144,0.45
600477,杭萧钢构,55.91,True,2.37,2.37,1,0.13,-9.8,-5.52,0.13,0.0,2026-07-14,2026-07-15,50.0,-0.3119,0.4294,0.3575,0.3718,0.8889,0.4041,0.2955,-0.621,0.1895,多周期共振看空 ⬇⬇⬇,-0.5605,-0.547,-0.3375
603398,*ST沐邦,52.9,True,12.2,14.06,15,6.41,-17.59,-0.48,-13.26,0.0,2026-07-15,2026-07-15,32.64,-0.6672,1.2011,0.5769,0.4,0.503,0.0385,0.2954,0.0885,0.5443,多周期方向不一致，观望,-0.1325,0.0526,0.45
000917,电广传媒,94.69,True,6.68,6.8,3,4.05,-9.16,-4.63,-1.8,0.0,2026-07-15,2026-07-15,40.3,0.7849,0.1899,0.5824,0.7469,0.6733,0.0293,0.2953,-0.6638,0.1681,多周期共振看空 ⬇⬇⬇,-0.3863,-0.6327,-0.495
603350,安乃达,12.16,True,27.56,30.63,11,7.05,-10.02,-1.04,-10.02,0.0,2026-07-15,2026-07-15,34.36,0.5435,0.946,0.4733,0.7261,0.5412,0.2111,0.2953,-0.6178,0.1911,多周期共振看空 ⬇⬇⬇,-0.3406,-0.5034,-0.5625
002827,高争民爆,68.17,True,24.7,24.47,2,0.99,-9.91,-5.68,0.95,0.0,2026-07-14,2026-07-15,48.0,0.4542,0.5066,0.5205,0.6725,0.8444,0.1325,0.2952,-0.8339,0.0831,多周期共振看空 ⬇⬇⬇,-0.607,-0.75,-0.5625
001259,利仁科技,26.59,True,55.93,64.71,2,1.96,-13.57,-5.92,-13.57,0.0,2026-07-15,2026-07-15,23.9,0.709,-0.4852,0.5271,0.4313,0.309,0.1215,0.2952,0.2033,0.6017,上升趋势中的日线回调（关注买点）,-0.5418,0.5852,0.5625
600335,国机汽车,77.05,True,5.18,4.99,3,3.84,-10.07,-3.69,3.84,0.098,2026-07-13,2026-07-15,60.0,-0.2418,0.1363,0.3286,0.2545,0.8889,0.4524,0.2951,-0.7105,0.1447,多周期共振看空 ⬇⬇⬇,-0.3229,-0.7223,-0.5625
601678,滨化股份,104.21,True,5.1,6.13,15,26.4,-18.04,2.9,-16.77,0.0,2026-07-15,2026-07-15,34.51,0.7216,-0.571,0.9076,0.433,0.5446,0.0,0.2951,0.0145,0.5072,多周期方向不一致，观望,-0.1906,0.0167,0.2102
002315,焦点科技,62.42,True,23.74,23.64,1,0.44,-10.54,-5.08,0.44,0.0,2026-07-14,2026-07-15,52.84,0.0337,0.9214,0.3751,0.4202,0.952,0.3749,0.2948,-0.7563,0.1219,多周期共振看空 ⬇⬇⬇,-0.607,-0.5795,-0.5625
603868,飞科电器,132.6,True,30.44,31.11,0,-2.16,-12.27,-5.98,-2.16,0.0,2026-07-15,2026-07-15,43.35,0.7859,-0.3047,0.3663,0.5497,0.7412,0.3896,0.2947,-0.723,0.1385,多周期共振看空 ⬇⬇⬇,-0.571,-0.537,-0.5625
002470,金正大,63.09,True,1.92,2.02,0,-2.06,-10.18,-5.96,-4.81,0.0,2026-07-15,2026-07-15,42.68,0.6196,-0.3085,0.5722,0.4484,0.7263,0.0463,0.2947,-0.2684,0.3658,月线震荡，中短期走弱,-0.4363,-0.5533,0.025
002493,荣盛石化,1036.53,True,11.1,11.42,9,6.79,-6.07,0.08,-2.82,0.106,2026-07-15,2026-07-15,43.58,0.4596,-0.1936,0.6282,0.3984,0.7462,0.0,0.2946,-0.4307,0.2846,多周期共振看空 ⬇⬇⬇,-0.1689,-0.4643,-0.3375
603226,菲林格尔,165.8,True,46.64,51.91,9,13.77,-10.19,-0.7,-10.16,0.0,2026-07-15,2026-07-15,34.71,0.4337,-0.5543,0.6079,0.2602,0.5491,0.0,0.294,0.2771,0.6385,上升趋势中的日线回调（关注买点）,-0.3296,0.6515,0.5625
603486,科沃斯,305.02,True,53.2,51.09,3,4.13,-11.34,-5.62,4.13,0.0203,2026-07-14,2026-07-15,57.85,0.514,-0.2997,0.4356,0.3885,0.9367,0.274,0.294,-0.6614,0.1693,多周期共振看空 ⬇⬇⬇,-0.3417,-0.5983,-0.5625
002238,天威视讯,45.1,True,5.62,5.59,1,0.46,-10.11,-6.06,0.46,0.0,2026-07-14,2026-07-15,50.0,0.3359,0.1367,0.3709,0.4562,0.8889,0.3818,0.2938,-0.7514,0.1243,多周期共振看空 ⬇⬇⬇,-0.3955,-0.75,-0.5625
000881,中广核技,55.76,True,6.17,6.42,0,-2.37,-12.95,-6.8,-3.91,0.0,2026-07-15,2026-07-15,42.86,0.7585,-0.3307,0.3007,0.5228,0.7302,0.4989,0.2936,-0.7628,0.1186,多周期共振看空 ⬇⬇⬇,-0.6115,-0.5899,-0.5625
603859,能科科技,99.49,True,40.66,47.77,10,10.57,-15.79,-1.59,-14.88,0.0,2026-07-15,2026-07-15,36.28,0.6958,-0.8691,0.7465,0.4175,0.5839,0.0,0.2934,-0.0212,0.4894,月线压制，周线反弹受阻,-0.3215,0.3493,-0.225
603236,移远通信,204.42,True,50.73,50.74,4,5.67,-13.89,-4.01,-0.02,0.0,2026-07-15,2026-07-15,52.31,0.4662,-0.0766,0.7039,0.4491,0.9402,0.0,0.2932,-0.5011,0.2495,多周期共振看空 ⬇⬇⬇,-0.2173,-0.3525,-0.5625
603168,莎普爱思,19.3,True,5.18,4.96,2,4.36,-11.17,-5.37,4.36,0.0306,2026-07-13,2026-07-15,59.12,0.1351,0.5818,0.4521,0.4811,0.9085,0.2466,0.2928,-0.7884,0.1058,多周期共振看空 ⬇⬇⬇,-0.4902,-0.75,-0.5625
605255,天普股份,116.9,True,87.19,75.18,4,15.98,-15.69,-4.49,15.98,0.2013,2026-07-13,2026-07-15,53.34,-0.1565,0.1008,0.9481,0.2403,0.9631,0.0,0.2928,-0.6809,0.1596,多周期共振看空 ⬇⬇⬇,-0.2486,-0.7315,-0.5518
605177,东亚药业,18.58,True,16.35,17.02,0,-3.78,-20.72,-11.2,-3.92,0.0,2026-07-15,2026-07-15,46.69,0.8078,-0.4663,0.5178,0.4982,0.8153,0.1369,0.2923,-0.5466,0.2267,多周期共振看空 ⬇⬇⬇,-0.4283,-0.4967,-0.3375
600192,长城电工,27.52,True,6.23,6.76,5,12.31,-12.24,-5.01,-7.78,0.0,2026-07-15,2026-07-15,34.29,0.7943,0.8188,0.7163,0.8766,0.5397,0.0,0.2921,-0.7137,0.1431,多周期共振看空 ⬇⬇⬇,-0.5324,-0.5497,-0.5625
600165,ST宁科,18.62,True,2.54,2.7,5,5.49,-8.75,-3.0,-5.93,0.0,2026-07-15,2026-07-15,43.88,0.3109,1.0355,0.4671,0.5866,0.7528,0.2216,0.292,-0.6829,0.1586,多周期共振看空 ⬇⬇⬇,-0.3309,-0.7223,-0.495
601609,金田股份,179.09,True,10.36,11.17,2,2.97,-14.78,-6.06,-7.22,0.0,2026-07-15,2026-07-15,42.34,0.859,-0.6913,0.6119,0.5154,0.7188,0.0,0.2919,-0.3518,0.3241,多周期共振看空 ⬇⬇⬇,-0.4852,-0.207,-0.1503
002342,巨力索具,78.57,True,8.23,10.08,6,10.92,-18.34,-4.53,-18.34,0.0,2026-07-15,2026-07-15,42.24,0.4259,0.9398,0.9762,0.6556,0.7163,0.0,0.2918,-0.5744,0.2128,多周期共振看空 ⬇⬇⬇,-0.5641,-0.4414,-0.3375
603663,三祥新材,290.69,True,68.61,86.46,14,39.96,-20.65,10.29,-20.65,0.0,2026-07-15,2026-07-15,15.22,0.7128,-0.6065,0.8239,0.4277,0.1159,0.0,0.2917,0.5106,0.7553,上升趋势中的日线整理,0.0933,0.6837,0.5625
002222,福晶科技,326.82,True,69.81,86.09,5,6.94,-19.9,-7.05,-18.91,0.0,2026-07-15,2026-07-15,25.33,0.833,-0.2458,0.7952,0.6015,0.3408,0.0,0.2917,-0.0378,0.4811,月线看多，中短期调整中,-0.557,-0.1525,0.45
600691,潞化科技,56.3,True,2.37,2.32,1,2.35,-12.7,-7.11,2.35,0.0,2026-07-14,2026-07-15,51.25,0.4496,0.1475,0.5067,0.5287,0.9167,0.1556,0.2915,-0.7385,0.1307,多周期共振看空 ⬇⬇⬇,-0.538,-0.6669,-0.495
601728,中国电信,4564.63,True,5.88,5.53,4,6.34,-10.59,-3.76,6.34,0.1354,2026-07-09,2026-07-15,77.08,0.1498,-0.6085,0.2768,0.0899,0.5093,0.5387,0.2913,-0.1806,0.4097,多周期方向不一致，观望,-0.1455,-0.2193,-0.45
000677,ST海龙,15.55,True,1.8,1.62,3,10.77,-20.44,-8.51,10.77,0.085,2026-07-13,2026-07-15,58.65,0.1453,2.0391,0.8085,0.4872,0.9188,0.0,0.2912,-0.756,0.122,多周期共振看空 ⬇⬇⬇,-0.4502,-0.7131,-0.5625
600500,中化国际,215.3,True,6.0,7.51,12,44.0,-24.01,5.92,-20.12,0.0,2026-07-15,2026-07-15,21.18,0.7578,-0.8836,0.7977,0.4547,0.2484,0.0,0.2912,0.3037,0.6519,上升趋势中的日线回调（关注买点）,-0.252,0.6744,0.5625
600104,上汽集团,1188.61,True,10.34,10.09,1,2.47,-12.06,-6.28,2.47,0.0,2026-07-14,2026-07-15,56.6,0.5736,-0.5512,0.2615,0.3442,0.9644,0.5641,0.2909,-0.8322,0.0839,多周期共振看空 ⬇⬇⬇,-0.6025,-0.75,-0.5625
002723,小崧股份,25.74,True,8.12,8.75,12,9.93,-7.35,0.06,-7.15,0.0135,2026-07-15,2026-07-15,35.01,0.5199,-0.0648,0.5699,0.486,0.5559,0.0501,0.2907,-0.1914,0.4043,月线震荡，中短期走弱,-0.1966,-0.3521,-0.1228
600617,国新能源,51.14,True,2.88,2.79,2,3.1,-16.64,-7.98,3.1,0.0,2026-07-13,2026-07-15,60.56,0.2469,0.0038,0.3724,0.3497,0.8764,0.3793,0.2907,-0.5889,0.2056,多周期共振看空 ⬇⬇⬇,-0.5151,-0.5152,-0.3375
603215,比依股份,26.44,True,14.12,14.53,3,1.94,-8.13,-3.39,-2.83,0.0,2026-07-15,2026-07-15,45.71,0.6313,-0.2308,0.3424,0.4865,0.7937,0.4294,0.2907,-0.7487,0.1256,多周期共振看空 ⬇⬇⬇,-0.3993,-0.7408,-0.5625
001358,兴欣新材,11.09,True,22.31,24.88,9,13.43,-10.87,-0.99,-10.32,0.0,2026-07-15,2026-07-15,41.32,0.7359,0.0568,0.6391,0.6643,0.6959,0.0,0.2905,-0.574,0.213,多周期共振看空 ⬇⬇⬇,-0.3726,-0.4472,-0.495
002909,集泰股份,18.22,True,4.79,5.0,0,-3.22,-9.68,-7.21,-4.24,0.0,2026-07-15,2026-07-15,35.58,0.6475,0.2871,0.345,0.7034,0.5684,0.425,0.2904,-0.8241,0.0879,多周期共振看空 ⬇⬇⬇,-0.625,-0.7131,-0.5625
600217,中再资环,49.73,True,3.0,2.95,1,1.76,-10.63,-5.41,1.76,0.0,2026-07-14,2026-07-15,54.67,0.5244,-0.2612,0.3737,0.4102,0.9926,0.3772,0.2901,-0.8286,0.0857,多周期共振看空 ⬇⬇⬇,-0.5934,-0.75,-0.5625
603985,恒润股份,83.59,True,18.96,22.62,9,6.53,-16.18,-3.09,-16.18,0.0,2026-07-15,2026-07-15,32.8,0.4992,-0.0843,0.6417,0.4658,0.5066,0.0,0.2898,-0.0347,0.4827,月线看多，中短期调整中,-0.4739,-0.209,0.45
001368,通达创智,23.02,True,21.3,21.34,0,-0.13,-10.67,-5.97,-0.17,0.0,2026-07-15,2026-07-15,49.15,0.1845,0.2108,0.3593,0.395,0.87,0.4011,0.2898,-0.6784,0.1608,多周期共振看空 ⬇⬇⬇,-0.607,-0.4758,-0.495
000930,中粮科技,86.69,True,4.67,4.51,2,3.56,-11.07,-4.83,3.56,0.0472,2026-07-13,2026-07-15,56.86,-0.4254,0.083,0.2959,0.2332,0.9586,0.5069,0.2897,-0.7244,0.1378,多周期共振看空 ⬇⬇⬇,-0.4803,-0.6854,-0.495
601633,长城汽车,969.1,True,15.58,15.36,4,2.97,-10.25,-4.27,1.45,0.0256,2026-07-14,2026-07-15,53.68,0.6488,-0.7178,0.409,0.3893,0.9706,0.3183,0.2896,-0.7866,0.1067,多周期共振看空 ⬇⬇⬇,-0.4963,-0.7408,-0.5625
600879,航天电子,573.42,True,17.38,20.45,11,13.36,-15.01,-0.2,-15.01,0.0,2026-07-15,2026-07-15,44.85,0.3732,0.1551,0.8805,0.4859,0.7745,0.0,0.2895,-0.3912,0.3044,多周期共振看空 ⬇⬇⬇,-0.1641,-0.3816,-0.3375
001393,维通利,21.57,True,44.9,52.09,0,-5.96,-19.2,-11.22,-13.81,0.0,2026-07-15,2026-07-15,26.23,0.8017,-0.5308,0.5163,0.481,0.3606,0.1395,0.2892,0.0,0.5,周线日线方向不一致,0.0,,
603899,晨光股份,202.39,True,22.1,21.33,6,3.59,-6.62,-1.83,3.59,0.2029,2026-07-09,2026-07-15,65.97,-0.2115,-0.2717,0.2733,0.0913,0.7563,0.5445,0.2891,-0.6632,0.1684,多周期共振看空 ⬇⬇⬇,-0.1693,-0.75,-0.5625
600959,江苏有线,151.52,True,3.03,2.98,1,1.68,-10.68,-5.95,1.68,0.0,2026-07-14,2026-07-15,53.03,0.4196,-0.3945,0.2824,0.294,0.9562,0.5293,0.2889,-0.7302,0.1349,多周期共振看空 ⬇⬇⬇,-0.5275,-0.6577,-0.495
002273,水晶光电,405.63,True,29.78,34.48,7,10.34,-15.11,-3.51,-13.62,0.0,2026-07-15,2026-07-15,36.78,0.3212,-0.0462,0.874,0.3743,0.595,0.0,0.2887,-0.0036,0.4982,多周期方向不一致，观望,-0.4437,-0.0856,0.45
002115,三维通信,77.84,True,10.43,10.68,2,7.22,-13.43,-6.07,-2.33,0.0,2026-07-15,2026-07-15,47.8,0.1937,1.9643,0.6784,0.5162,0.84,0.0,0.2887,-0.5245,0.2378,多周期共振看空 ⬇⬇⬇,-0.4822,-0.4019,-0.3375
600223,福瑞达,56.42,True,5.55,5.22,6,6.37,-10.95,-3.81,6.37,0.1605,2026-07-09,2026-07-15,68.99,0.1532,-0.0968,0.3123,0.2532,0.6891,0.4796,0.2885,-0.693,0.1535,多周期共振看空 ⬇⬇⬇,-0.2457,-0.75,-0.5625
002425,凯撒文化,25.03,True,2.72,2.69,2,0.95,-9.93,-4.78,0.95,0.0,2026-07-14,2026-07-15,52.94,-0.3413,0.8682,0.4163,0.4,0.9542,0.3062,0.2884,-0.7232,0.1384,多周期共振看空 ⬇⬇⬇,-0.4153,-0.6709,-0.5625
600330,天通股份,288.99,True,23.43,28.51,9,13.42,-26.74,-5.6,-17.83,0.0,2026-07-15,2026-07-15,18.78,0.698,0.0972,0.8736,0.6577,0.1951,0.0,0.2884,0.0207,0.5103,多周期方向不一致，观望,-0.4112,-0.0067,0.45
605589,圣泉集团,408.07,True,48.24,60.56,12,32.11,-20.35,3.65,-20.35,0.0,2026-07-15,2026-07-15,16.58,0.8718,-0.6234,0.8778,0.5231,0.1461,0.0,0.2881,0.2926,0.6463,上升趋势中的日线回调（关注买点）,-0.2797,0.6608,0.5625
002993,奥海科技,116.22,True,48.74,62.94,10,11.24,-22.56,-2.96,-22.56,0.0,2026-07-15,2026-07-15,23.83,0.3276,0.4333,0.7656,0.5699,0.3074,0.0,0.2879,0.0226,0.5113,多周期方向不一致，观望,-0.3674,-0.0356,0.45
002724,海洋王,28.22,True,4.97,4.93,2,0.87,-7.72,-4.0,0.87,0.0352,2026-07-14,2026-07-15,52.76,0.2517,-0.0665,0.3522,0.3244,0.9501,0.413,0.2878,-0.7714,0.1143,多周期共振看空 ⬇⬇⬇,-0.4791,-0.7223,-0.5625
603331,百达精工,22.24,True,11.0,10.9,1,0.88,-12.15,-6.67,0.88,0.0,2026-07-14,2026-07-15,53.0,0.1126,0.8648,0.5194,0.4676,0.9555,0.1343,0.2878,-0.6997,0.1502,多周期共振看空 ⬇⬇⬇,-0.6007,-0.6854,-0.3375
600658,电子城,44.74,True,4.0,3.98,1,0.53,-12.75,-6.09,0.53,0.0,2026-07-14,2026-07-15,52.67,0.3011,0.156,0.5188,0.4431,0.9483,0.1353,0.2877,-0.6533,0.1734,多周期共振看空 ⬇⬇⬇,-0.4473,-0.49,-0.5625
603709,中源家居,17.38,True,13.89,13.94,0,-0.35,-10.21,-6.43,-0.35,0.0,2026-07-15,2026-07-15,49.59,0.2287,0.0571,0.3835,0.3601,0.8799,0.3609,0.2877,-0.6187,0.1906,多周期共振看空 ⬇⬇⬇,-0.5701,-0.5337,-0.3375
000012,南  玻Ａ,76.02,True,3.88,4.55,14,16.71,-15.02,2.01,-14.72,0.0,2026-07-15,2026-07-15,32.82,0.7786,-0.2733,0.8299,0.5578,0.5071,0.0,0.2875,-0.2011,0.3994,多周期方向不一致，观望,-0.0617,-0.381,-0.45
603000,人民网,174.92,True,15.82,15.35,2,3.04,-11.28,-5.01,3.04,0.0261,2026-07-14,2026-07-15,54.63,0.1059,0.2453,0.4398,0.3616,0.9918,0.267,0.2875,-0.7451,0.1275,多周期共振看空 ⬇⬇⬇,-0.4116,-0.7223,-0.5625
603286,日盈电子,56.13,True,48.29,50.53,4,7.33,-18.82,-6.46,-4.43,0.0,2026-07-15,2026-07-15,49.78,0.4249,-0.0353,0.8902,0.4408,0.8839,0.0,0.2874,-0.4667,0.2666,多周期共振看空 ⬇⬇⬇,-0.3558,-0.3832,-0.3375
603600,永艺股份,31.42,True,9.51,9.28,2,2.53,-8.22,-4.03,2.53,0.0529,2026-07-14,2026-07-15,55.32,-0.0451,0.0387,0.3351,0.2155,0.9929,0.4415,0.2872,-0.719,0.1405,多周期共振看空 ⬇⬇⬇,-0.5109,-0.5798,-0.5625
001282,三联锻造,25.18,True,16.49,19.31,11,20.5,-18.56,0.8,-14.6,0.0,2026-07-15,2026-07-15,26.73,0.8209,1.8258,0.7103,0.8925,0.3718,0.0,0.2868,-0.5795,0.2102,多周期共振看空 ⬇⬇⬇,-0.2686,-0.4809,-0.5625
002076,星光股份,21.16,True,2.03,2.31,2,2.37,-14.81,-6.87,-11.95,0.0,2026-07-15,2026-07-15,37.08,0.2937,0.1774,0.6997,0.4472,0.6017,0.0,0.2866,-0.1447,0.4276,多周期方向不一致，观望,-0.6435,-0.039,-0.0456
002117,东港股份,41.26,True,7.88,8.09,0,-2.58,-12.39,-6.62,-2.58,0.0,2026-07-15,2026-07-15,44.66,0.4825,0.1073,0.3494,0.5324,0.7702,0.4176,0.2866,-0.8171,0.0914,多周期共振看空 ⬇⬇⬇,-0.607,-0.7131,-0.5625
002283,天润工业,84.94,True,8.47,9.72,5,5.74,-13.33,-4.91,-12.84,0.0,2026-07-15,2026-07-15,34.99,0.6715,-0.3829,0.7883,0.4497,0.5553,0.0,0.2862,-0.096,0.452,月线看多，中短期调整中,-0.5103,-0.1998,0.18
603556,海兴电力,113.06,True,23.25,21.75,5,6.92,-11.53,-4.32,6.92,0.1443,2026-07-09,2026-07-15,68.09,-0.0098,1.4429,0.521,0.4,0.7092,0.1317,0.2862,-0.6531,0.1734,多周期共振看空 ⬇⬇⬇,-0.2437,-0.7315,-0.495
002842,翔鹭钨业,96.54,True,35.96,43.91,14,41.23,-21.1,8.38,-18.11,0.0,2026-07-15,2026-07-15,26.06,0.5098,-0.6287,1.0953,0.3059,0.3569,0.0,0.2859,0.3698,0.6849,上升趋势中的日线整理,0.0482,0.4693,0.45
603605,珀莱雅,237.59,True,60.0,58.92,5,7.23,-11.14,-3.92,1.83,0.0272,2026-07-14,2026-07-15,61.78,-0.0608,-0.2254,0.4201,0.1098,0.8493,0.2998,0.2859,-0.2128,0.3936,多周期方向不一致，观望,-0.2654,-0.1454,-0.5625
600875,东方电气,598.66,True,26.45,29.16,0,-0.18,-10.46,-6.42,-9.29,0.0,2026-07-15,2026-07-15,32.44,0.7101,-0.4963,0.4871,0.4275,0.4987,0.1882,0.2858,-0.1467,0.4266,月线看多，中短期调整中,-0.4884,-0.4598,0.18
002373,千方科技,99.6,True,7.23,7.29,0,-0.01,-6.45,-3.48,-0.78,0.0,2026-07-15,2026-07-15,43.92,0.4341,0.0627,0.3195,0.4855,0.7537,0.4676,0.2858,-0.7691,0.1154,多周期共振看空 ⬇⬇⬇,-0.4407,-0.75,-0.5625
002837,英维克,765.77,True,67.74,75.29,12,20.96,-11.38,2.52,-10.02,0.0032,2026-07-15,2026-07-15,28.96,0.7859,-0.3934,0.7288,0.5142,0.4214,0.0,0.2857,-0.0506,0.4747,多周期方向不一致，观望,-0.13,-0.3359,0.225
603281,江瀚新材,107.77,True,20.78,25.67,13,17.25,-22.98,0.43,-19.06,0.0,2026-07-15,2026-07-15,28.25,0.3412,0.3119,0.7829,0.5295,0.4056,0.0,0.2856,-0.0494,0.4753,多周期方向不一致，观望,-0.3157,-0.1156,0.169
002790,瑞尔特,0.0,True,5.61,5.58,1,0.63,-9.39,-5.02,0.63,0.0,2026-07-14,2026-07-15,55.08,0.4004,-0.227,0.3331,0.3494,0.9981,0.4449,0.2856,-0.8279,0.0861,多周期共振看空 ⬇⬇⬇,-0.5915,-0.75,-0.5625
603790,雅运股份,42.65,True,22.29,23.53,2,1.97,-14.67,-6.19,-5.25,0.0,2026-07-15,2026-07-15,47.11,-0.0207,0.0929,0.6755,0.2372,0.8247,0.0,0.2855,-0.0852,0.4574,月线看多，中短期调整中,-0.4621,-0.1894,0.18
601929,吉视传媒,77.82,True,2.23,2.26,1,1.61,-12.2,-7.08,-1.48,0.0,2026-07-15,2026-07-15,48.0,0.1046,0.7957,0.4623,0.4627,0.8444,0.2296,0.2855,-0.6531,0.1734,多周期共振看空 ⬇⬇⬇,-0.4121,-0.5196,-0.5625
605319,无锡振华,81.22,True,23.33,23.51,5,3.24,-11.62,-4.82,-0.78,0.0,2026-07-15,2026-07-15,47.95,0.2637,-0.3949,0.5086,0.2003,0.8434,0.1524,0.2851,-0.1738,0.4131,月线震荡，中短期走弱,-0.3568,-0.3325,0.0542
601112,振石股份,27.33,True,15.42,16.96,7,6.2,-10.57,-2.58,-9.08,0.0,2026-07-15,2026-07-15,30.56,0.8372,-0.6613,0.515,0.5023,0.4569,0.1417,0.285,-0.1852,0.4074,周线日线方向不一致,-0.6172,0.0,
002919,名臣健康,48.69,True,18.43,19.56,3,9.84,-12.03,-4.7,-5.75,0.0,2026-07-15,2026-07-15,44.08,0.4465,0.3023,0.6951,0.5888,0.7573,0.0,0.285,-0.5709,0.2146,多周期共振看空 ⬇⬇⬇,-0.6394,-0.3691,-0.3375
002996,顺博合金,28.92,True,6.31,6.12,4,3.16,-9.15,-3.17,3.16,0.1222,2026-07-13,2026-07-15,56.68,0.0396,-0.051,0.4238,0.2033,0.9626,0.2937,0.2848,-0.7298,0.1351,多周期共振看空 ⬇⬇⬇,-0.383,-0.7131,-0.5625
603810,丰山集团,18.75,True,11.34,11.47,0,-1.12,-9.98,-5.87,-1.12,0.0,2026-07-15,2026-07-15,49.3,0.5951,-0.18,0.3899,0.4851,0.8732,0.3501,0.2846,-0.8273,0.0863,多周期共振看空 ⬇⬇⬇,-0.6115,-0.7315,-0.5625
000536,华映科技,87.04,True,3.15,3.46,4,11.92,-15.6,-5.8,-9.09,0.0,2026-07-15,2026-07-15,49.77,0.689,-0.1407,0.8754,0.5571,0.8837,0.0,0.2845,-0.6755,0.1623,多周期共振看空 ⬇⬇⬇,-0.4821,-0.5089,-0.5625
002734,利民股份,68.76,True,15.83,17.13,13,14.81,-12.24,0.91,-7.58,0.0401,2026-07-15,2026-07-15,30.59,0.6301,-0.1402,0.5813,0.522,0.4575,0.0311,0.2844,-0.2302,0.3849,多周期方向不一致，观望,-0.0954,-0.4352,-0.495
002427,尤夫股份,40.76,True,4.14,4.59,10,15.51,-13.17,-0.47,-9.75,0.0,2026-07-15,2026-07-15,42.53,0.7511,0.108,0.8943,0.6939,0.7229,0.0,0.2843,-0.703,0.1485,多周期共振看空 ⬇⬇⬇,-0.3969,-0.6423,-0.5625
603029,天鹅股份,17.47,True,14.4,14.56,0,-0.52,-8.9,-5.3,-1.12,0.0,2026-07-15,2026-07-15,47.39,0.5215,-0.0023,0.4144,0.512,0.831,0.3094,0.2839,-0.7929,0.1035,多周期共振看空 ⬇⬇⬇,-0.6115,-0.656,-0.5625
002799,环球印务,20.07,True,6.27,6.22,1,0.77,-10.91,-7.35,0.77,0.0,2026-07-14,2026-07-15,52.05,0.3722,-0.1397,0.3177,0.3674,0.9346,0.4705,0.2838,-0.815,0.0925,多周期共振看空 ⬇⬇⬇,-0.625,-0.6929,-0.5625
002322,理工能科,35.74,True,10.17,9.99,1,1.81,-9.27,-4.52,1.81,0.0157,2026-07-14,2026-07-15,53.52,-0.0888,0.2016,0.298,0.2806,0.9671,0.5034,0.2838,-0.7794,0.1103,多周期共振看空 ⬇⬇⬇,-0.5642,-0.6669,-0.5625
601956,东贝集团,29.03,True,4.67,4.71,5,3.84,-8.53,-3.03,-0.94,0.0265,2026-07-15,2026-07-15,52.9,0.2272,-0.0338,0.3894,0.3228,0.9533,0.351,0.2837,-0.7354,0.1323,多周期共振看空 ⬇⬇⬇,-0.3545,-0.75,-0.5625
000810,创维数字,116.95,True,10.53,12.21,15,14.94,-14.23,3.76,-13.78,0.0,2026-07-15,2026-07-15,37.84,-0.3639,1.9673,0.7868,0.4,0.6186,0.0,0.2835,-0.1146,0.4427,多周期方向不一致，观望,-0.0341,-0.0919,-0.3825
000422,湖北宜化,137.2,True,12.97,13.66,11,11.16,-8.37,0.36,-5.08,0.0571,2026-07-15,2026-07-15,38.46,0.8412,-0.6457,0.6345,0.5047,0.6325,0.0,0.2834,-0.4365,0.2818,多周期共振看空 ⬇⬇⬇,-0.2024,-0.4484,-0.3375
000868,安凯客车,32.41,True,3.45,3.42,1,0.89,-10.45,-5.4,0.89,0.0,2026-07-14,2026-07-15,55.07,0.3811,-0.1938,0.344,0.3511,0.9984,0.4267,0.2834,-0.8339,0.0831,多周期共振看空 ⬇⬇⬇,-0.607,-0.75,-0.5625
600615,鑫源智造,19.73,True,8.76,9.55,4,6.9,-12.57,-3.15,-8.25,0.0,2026-07-15,2026-07-15,43.41,0.8174,-0.0889,0.6217,0.6549,0.7425,0.0,0.2833,-0.6721,0.1639,多周期共振看空 ⬇⬇⬇,-0.4892,-0.4953,-0.5625
002313,日海智能,29.73,True,7.94,7.79,4,2.17,-13.26,-5.58,1.96,0.0,2026-07-13,2026-07-15,53.41,0.1172,0.6445,0.645,0.4703,0.9648,0.0,0.2831,-0.6453,0.1774,多周期共振看空 ⬇⬇⬇,-0.3556,-0.551,-0.5625
600105,永鼎股份,688.01,True,47.06,57.48,12,29.83,-22.94,1.96,-18.13,0.0,2026-07-15,2026-07-15,23.1,0.3144,-0.2097,1.0243,0.3048,0.2911,0.0,0.2829,0.4261,0.713,上升趋势中的日线整理,-0.0935,0.6244,0.5625
605500,森林包装,26.44,True,6.38,6.43,0,-0.83,-19.73,-8.57,-0.83,0.0,2026-07-15,2026-07-15,47.9,0.6267,-0.4271,0.3765,0.4052,0.8423,0.3725,0.2827,-0.6953,0.1523,多周期共振看空 ⬇⬇⬇,-0.607,-0.4453,-0.5625
002169,智光电气,94.91,True,12.51,14.02,1,1.36,-11.84,-6.84,-10.76,0.0,2026-07-15,2026-07-15,17.79,0.7011,0.0617,0.5506,0.6454,0.1732,0.0823,0.2826,-0.0458,0.4771,月线看多，中短期调整中,-0.4955,-0.2433,0.45
603848,好太太,53.92,True,13.4,13.99,9,5.14,-5.06,-0.58,-4.21,0.0751,2026-07-15,2026-07-15,41.21,0.3113,0.1403,0.5371,0.4429,0.6936,0.1049,0.2825,-0.5449,0.2275,多周期共振看空 ⬇⬇⬇,-0.2404,-0.4291,-0.5625
002809,红墙股份,12.87,True,7.57,7.71,0,-1.76,-10.19,-6.32,-1.76,0.0,2026-07-15,2026-07-15,45.05,0.8351,-0.8238,0.4066,0.5011,0.7789,0.3224,0.2825,-0.7343,0.1329,多周期共振看空 ⬇⬇⬇,-0.5775,-0.5564,-0.5625
603801,志邦家居,24.67,True,5.68,5.66,1,0.26,-12.14,-7.71,0.26,0.0,2026-07-14,2026-07-15,51.97,-0.3651,0.8585,0.3463,0.4,0.9326,0.4228,0.2825,-0.8374,0.0813,多周期共振看空 ⬇⬇⬇,-0.616,-0.75,-0.5625
000960,锡业股份,551.38,True,33.51,40.41,13,16.44,-17.08,0.53,-17.08,0.0,2026-07-15,2026-07-15,25.7,0.7835,-0.4933,0.87,0.4728,0.3489,0.0,0.2825,0.0852,0.5426,多周期方向不一致，观望,-0.2013,0.0969,0.45
600336,澳柯玛,47.4,True,5.94,6.27,0,-2.87,-15.07,-8.81,-5.23,0.0,2026-07-15,2026-07-15,43.81,0.5385,-0.2161,0.395,0.4367,0.7514,0.3417,0.2824,-0.6142,0.1929,多周期共振看空 ⬇⬇⬇,-0.5662,-0.3695,-0.495
000510,新金路,0.0,True,18.29,22.02,14,29.49,-24.18,7.36,-16.95,0.0,2026-07-15,2026-07-15,18.68,0.3677,-0.1166,0.78,0.374,0.193,0.0,0.2822,0.4279,0.7139,上升趋势中的日线整理,-0.0467,0.589,0.5625
600792,云煤能源,37.4,True,3.37,3.35,3,1.95,-19.16,-9.89,0.6,0.0,2026-07-14,2026-07-15,51.85,0.761,-0.5093,0.5106,0.4566,0.93,0.149,0.2822,-0.7081,0.146,多周期共振看空 ⬇⬇⬇,-0.4384,-0.6854,-0.495
002574,明牌珠宝,23.02,True,4.36,4.31,1,1.05,-10.04,-5.8,1.05,0.0,2026-07-14,2026-07-15,52.0,-0.5312,0.3539,0.3079,0.3415,0.9333,0.4869,0.282,-0.7997,0.1002,多周期共振看空 ⬇⬇⬇,-0.5515,-0.7223,-0.5625
600774,汉商集团,20.02,True,6.79,6.58,2,3.16,-9.84,-4.7,3.16,0.0398,2026-07-13,2026-07-15,56.48,-0.1248,0.5473,0.4677,0.4,0.9671,0.2205,0.282,-0.8161,0.0919,多周期共振看空 ⬇⬇⬇,-0.5614,-0.75,-0.5625
002198,ST嘉应,17.05,True,3.36,3.28,7,3.42,-16.71,-5.81,2.31,0.024,2026-07-09,2026-07-15,60.99,0.2845,0.8366,0.6219,0.5707,0.8668,0.0,0.282,-0.7549,0.1225,多周期共振看空 ⬇⬇⬇,-0.4475,-0.7131,-0.5625
603806,福斯特,384.79,True,14.75,15.75,6,2.02,-15.06,-4.35,-6.35,0.0,2026-07-15,2026-07-15,41.23,0.3557,0.6198,0.6043,0.6134,0.694,0.0,0.282,-0.5585,0.2208,多周期共振看空 ⬇⬇⬇,-0.5159,-0.5152,-0.27
001400,江顺科技,38.71,True,83.73,107.26,9,10.63,-22.59,-3.4,-21.94,0.0,2026-07-15,2026-07-15,37.57,0.5344,-0.3626,0.9531,0.3756,0.6126,0.0,0.2819,-0.0807,0.4597,月线看多，中短期调整中,-0.4342,-0.3048,0.2925
002105,信隆健康,18.99,True,5.21,5.09,1,2.44,-9.89,-5.74,2.44,0.0,2026-07-14,2026-07-15,54.48,-0.0877,1.4692,0.4146,0.4,0.9885,0.309,0.2818,-0.8189,0.0906,多周期共振看空 ⬇⬇⬇,-0.6115,-0.7131,-0.5625
605001,威奥股份,21.29,True,5.42,5.61,0,-1.29,-9.51,-5.41,-3.38,0.0,2026-07-15,2026-07-15,45.26,0.2004,0.5162,0.3778,0.5202,0.7835,0.3704,0.2818,-0.8147,0.0927,多周期共振看空 ⬇⬇⬇,-0.6115,-0.7038,-0.5625
002918,蒙娜丽莎,20.03,True,9.35,10.1,0,-2.25,-15.26,-10.96,-7.38,0.0,2026-07-15,2026-07-15,37.1,0.6835,0.3919,0.6604,0.7669,0.6023,0.0,0.2816,-0.6965,0.1517,多周期共振看空 ⬇⬇⬇,-0.5001,-0.5396,-0.5625
002134,天津普林,60.88,True,24.59,28.46,13,6.96,-13.6,-0.71,-13.6,0.0,2026-07-15,2026-07-15,29.02,0.5898,-0.4247,0.5458,0.384,0.4226,0.0903,0.2814,0.0571,0.5285,多周期方向不一致，观望,-0.2955,0.0544,0.45
603124,江南新材,103.77,True,133.71,171.59,12,33.5,-22.08,2.16,-22.08,0.0,2026-07-15,2026-07-15,18.99,0.6381,-0.2999,0.7796,0.4629,0.1997,0.0,0.2813,0.2702,0.6351,上升趋势中的日线回调（关注买点）,-0.344,0.6406,0.5625
600184,光电股份,112.58,True,19.32,25.82,13,16.97,-25.62,-3.3,-25.16,0.0,2026-07-15,2026-07-15,26.29,0.8111,-0.6251,1.0153,0.4867,0.362,0.0,0.281,0.0347,0.5173,多周期方向不一致，观望,-0.2887,0.0406,0.3593
600698,湖南天雁,47.67,True,5.74,5.99,1,0.18,-9.91,-5.68,-4.19,0.0,2026-07-15,2026-07-15,41.67,0.7639,-0.7272,0.3456,0.4584,0.7037,0.4239,0.281,-0.6692,0.1654,多周期共振看空 ⬇⬇⬇,-0.4501,-0.5225,-0.5625
002432,九安医疗,311.69,True,66.99,65.61,5,2.1,-16.27,-5.0,2.1,0.0071,2026-07-14,2026-07-15,43.52,0.4179,-0.8052,0.8857,0.2507,0.7449,0.0,0.281,-0.0643,0.4678,月线看多，中短期调整中,-0.6376,-0.3221,0.5625
000401,金隅冀东,95.26,True,3.62,3.51,2,2.99,-10.59,-4.76,2.99,0.0343,2026-07-13,2026-07-15,57.32,-0.254,0.1364,0.3014,0.2546,0.9485,0.4976,0.281,-0.7779,0.111,多周期共振看空 ⬇⬇⬇,-0.5065,-0.7131,-0.5625
600425,青松建化,54.72,True,3.41,3.36,1,1.61,-7.29,-2.8,1.61,0.0727,2026-07-14,2026-07-15,56.9,-0.2601,-0.2024,0.2404,0.119,0.9579,0.5994,0.2807,-0.7486,0.1257,多周期共振看空 ⬇⬇⬇,-0.3883,-0.75,-0.5625
002817,黄山胶囊,18.19,True,6.27,6.1,3,2.71,-9.27,-4.55,2.71,0.0421,2026-07-13,2026-07-15,58.43,-0.0162,0.2875,0.3932,0.315,0.9237,0.3446,0.2806,-0.7446,0.1277,多周期共振看空 ⬇⬇⬇,-0.4984,-0.6467,-0.5625
603225,新凤鸣,299.84,True,17.97,19.82,12,16.88,-15.23,1.26,-9.32,0.0,2026-07-15,2026-07-15,30.85,0.474,-0.2126,0.7311,0.3994,0.4633,0.0,0.2799,0.0439,0.522,多周期方向不一致，观望,-0.1253,0.233,0.0675
603439,三力制药,47.01,True,11.64,13.28,2,1.73,-15.71,-8.46,-12.38,0.0,2026-07-15,2026-07-15,24.61,0.5965,-0.1247,0.4754,0.508,0.3247,0.2076,0.2798,-0.13,0.435,多周期方向不一致，观望,-0.5745,-0.079,0.0
002885,京泉华,70.54,True,29.73,38.94,4,8.71,-23.64,-6.5,-23.64,0.0,2026-07-15,2026-07-15,18.3,0.6313,0.1674,0.7506,0.6457,0.1844,0.0,0.2797,-0.0167,0.4916,多周期方向不一致，观望,-0.4786,-0.1133,0.45
002068,黑猫股份,67.1,True,9.13,12.45,13,38.11,-26.67,7.74,-26.67,0.0,2026-07-15,2026-07-15,15.58,0.571,0.1045,1.0948,0.5844,0.124,0.0,0.2794,0.1513,0.5756,多周期方向不一致，观望,0.0645,0.6098,0.0
600588,用友网络,318.12,True,9.31,9.37,1,1.96,-14.09,-5.43,-0.68,0.0,2026-07-15,2026-07-15,51.03,0.1135,0.1566,0.4002,0.3307,0.9117,0.333,0.2791,-0.6566,0.1717,多周期共振看空 ⬇⬇⬇,-0.3922,-0.5444,-0.5625
002671,龙泉股份,20.95,True,3.8,3.81,1,0.47,-9.17,-5.04,-0.38,0.0,2026-07-15,2026-07-15,52.24,0.1066,0.1013,0.2984,0.3045,0.9386,0.5026,0.2791,-0.7828,0.1086,多周期共振看空 ⬇⬇⬇,-0.4976,-0.7315,-0.5625
600459,贵研铂业,148.52,True,19.55,24.8,13,20.71,-21.4,0.75,-21.17,0.0,2026-07-15,2026-07-15,25.21,0.8222,-0.7377,0.7874,0.4933,0.338,0.0,0.2787,0.0349,0.5174,多周期方向不一致，观望,-0.1973,0.2951,0.0275
001266,宏英智能,21.06,True,36.21,46.3,9,9.73,-21.82,-3.72,-21.79,0.0,2026-07-15,2026-07-15,17.7,0.6694,0.1068,0.6443,0.6444,0.171,0.0,0.2787,-0.0063,0.4969,多周期方向不一致，观望,-0.4955,-0.0529,0.45
002230,科大讯飞,905.27,True,41.35,41.38,3,4.34,-10.54,-3.85,-0.07,0.0,2026-07-15,2026-07-15,49.02,0.5574,-0.4643,0.4099,0.3487,0.8672,0.3169,0.2786,-0.6231,0.1885,多周期共振看空 ⬇⬇⬇,-0.2721,-0.5737,-0.5625
605005,合兴股份,62.48,True,15.58,15.81,3,2.42,-4.88,-1.68,-1.45,0.0645,2026-07-15,2026-07-15,41.23,0.4601,-0.3976,0.2809,0.317,0.6941,0.5318,0.2786,-0.6917,0.1542,多周期共振看空 ⬇⬇⬇,-0.3715,-0.6392,-0.5625
603688,石英股份,310.38,True,57.3,73.43,12,19.26,-21.96,-0.58,-21.96,0.0,2026-07-15,2026-07-15,21.7,0.8367,-0.6528,0.7906,0.502,0.2601,0.0,0.2785,0.1127,0.5564,上升趋势中的日线回调（关注买点）,-0.3215,0.2045,0.45
605006,山东玻纤,103.6,True,15.85,19.99,11,36.5,-25.81,-0.61,-20.72,0.0,2026-07-15,2026-07-15,27.28,0.5167,-0.5538,1.097,0.31,0.3841,0.0,0.2784,0.2702,0.6351,上升趋势中的日线回调（关注买点）,-0.3442,0.6406,0.5625
002721,金一文化,60.63,True,2.28,2.26,1,0.73,-10.33,-5.78,0.73,0.0,2026-07-14,2026-07-15,54.55,0.1776,0.0137,0.346,0.3121,0.9899,0.4233,0.2783,-0.7998,0.1001,多周期共振看空 ⬇⬇⬇,-0.5648,-0.7112,-0.5625
001222,源飞宠物,15.56,True,13.77,13.62,1,1.12,-10.21,-5.62,1.12,0.0,2026-07-14,2026-07-15,52.14,-0.3066,1.2544,0.3769,0.4,0.9364,0.3718,0.2782,-0.8357,0.0822,多周期共振看空 ⬇⬇⬇,-0.6115,-0.75,-0.5625
003011,海象新材,13.83,True,18.0,18.86,2,8.0,-11.02,-4.64,-4.56,0.0,2026-07-15,2026-07-15,42.9,0.7427,-0.1557,0.7905,0.5834,0.7312,0.0,0.2781,-0.5861,0.207,多周期共振看空 ⬇⬇⬇,-0.4631,-0.5537,-0.3375
002917,金奥博,26.18,True,10.05,10.49,0,-1.31,-14.83,-9.44,-4.24,0.0,2026-07-15,2026-07-15,45.54,0.7966,-0.7707,0.3863,0.4779,0.7897,0.3562,0.278,-0.7731,0.1134,多周期共振看空 ⬇⬇⬇,-0.6025,-0.6202,-0.5625
600522,中天科技,1389.07,True,40.7,52.64,12,33.21,-23.54,3.07,-22.68,0.0,2026-07-15,2026-07-15,14.68,0.5689,-0.3629,0.8859,0.3962,0.104,0.0,0.2779,0.4641,0.732,上升趋势中的日线整理,-0.125,0.75,0.5625
002678,珠江钢琴,57.02,True,4.2,4.35,0,-3.41,-20.33,-13.37,-3.41,0.0,2026-07-15,2026-07-15,41.76,0.6938,-0.5536,0.4012,0.4163,0.7057,0.3313,0.2778,-0.5559,0.2221,多周期共振看空 ⬇⬇⬇,-0.607,-0.364,-0.3375
600239,ST云城,22.8,True,1.42,1.37,10,5.92,-12.95,-2.1,3.61,0.1968,2026-07-01,2026-07-15,68.75,-0.2229,0.2505,0.5105,0.3002,0.6944,0.1492,0.2778,-0.6828,0.1586,多周期共振看空 ⬇⬇⬇,-0.2195,-0.75,-0.5625
003003,天元股份,12.29,True,10.43,10.27,1,1.55,-10.12,-5.15,1.55,0.0,2026-07-14,2026-07-15,59.17,0.3138,-0.1812,0.3358,0.3158,0.9072,0.4403,0.2777,-0.7245,0.1377,多周期共振看空 ⬇⬇⬇,-0.57,-0.6087,-0.495
600722,金牛化工,54.83,True,8.06,8.31,0,-2.52,-14.94,-10.26,-2.99,0.0,2026-07-15,2026-07-15,40.69,0.5138,-0.4531,0.4707,0.327,0.6821,0.2155,0.2776,-0.2932,0.3534,月线震荡，中短期走弱,-0.625,-0.5625,0.1125
601766,中国中车,1362.36,True,5.6,5.42,7,3.33,-7.05,-2.15,3.33,0.2023,2026-07-09,2026-07-15,66.67,-0.2112,-0.385,0.2793,0.046,0.7407,0.5345,0.2775,-0.656,0.172,多周期共振看空 ⬇⬇⬇,-0.1508,-0.75,-0.5625
002469,三维化学,35.98,True,5.72,5.9,3,6.09,-12.52,-5.79,-3.08,0.0,2026-07-15,2026-07-15,46.88,0.8258,-0.7905,0.4236,0.4955,0.8194,0.294,0.2774,-0.792,0.104,多周期共振看空 ⬇⬇⬇,-0.521,-0.7315,-0.5625
600760,中航沈飞,1125.88,True,39.79,40.55,2,0.63,-4.74,-2.28,-1.88,0.0315,2026-07-15,2026-07-15,49.14,0.4214,-0.5647,0.2688,0.2529,0.8697,0.552,0.2772,-0.748,0.126,多周期共振看空 ⬇⬇⬇,-0.4744,-0.6748,-0.5625
000630,铜陵有色,675.27,True,6.06,6.52,7,16.98,-12.18,-2.19,-7.11,0.0,2026-07-15,2026-07-15,36.28,0.8883,-0.615,0.5883,0.533,0.5841,0.0195,0.2771,-0.3525,0.3237,多周期共振看空 ⬇⬇⬇,-0.2913,-0.1875,-0.3375
603599,广信股份,91.03,True,10.0,9.82,2,1.83,-10.11,-4.54,1.83,0.0243,2026-07-14,2026-07-15,48.81,0.4702,-0.3567,0.4113,0.3394,0.8624,0.3144,0.2769,-0.6726,0.1637,多周期共振看空 ⬇⬇⬇,-0.5765,-0.6467,-0.3375
000657,中钨高新,1014.14,True,69.8,88.54,13,42.18,-23.16,7.62,-21.17,0.0,2026-07-15,2026-07-15,16.7,0.5825,-0.5894,0.9338,0.3495,0.1489,0.0,0.2768,0.4768,0.7384,上升趋势中的日线整理,-0.0326,0.7038,0.5625
002224,三 力 士,27.5,True,3.41,3.37,1,1.11,-8.08,-3.99,1.11,0.0251,2026-07-14,2026-07-15,53.75,-0.1546,0.1573,0.3258,0.2629,0.9722,0.4569,0.2768,-0.7983,0.1008,多周期共振看空 ⬇⬇⬇,-0.548,-0.7223,-0.5625
603179,新泉股份,321.75,True,45.05,48.55,4,6.7,-11.69,-4.13,-7.2,0.0,2026-07-15,2026-07-15,45.87,0.7616,-0.3802,0.6707,0.5049,0.7972,0.0,0.2767,-0.5512,0.2244,多周期共振看空 ⬇⬇⬇,-0.4283,-0.3494,-0.495
603035,常熟汽饰,40.12,True,10.95,10.87,3,1.92,-8.93,-4.09,0.7,0.0172,2026-07-14,2026-07-15,53.26,0.1856,-0.0819,0.3406,0.2786,0.9614,0.4323,0.2765,-0.7744,0.1128,多周期共振看空 ⬇⬇⬇,-0.4545,-0.75,-0.5625
603400,华之杰,13.96,True,49.84,54.01,0,-6.17,-16.34,-10.03,-7.72,0.0,2026-07-15,2026-07-15,28.45,0.5389,0.1829,0.3874,0.5965,0.4101,0.3544,0.2763,-0.5195,0.2403,多周期共振看空 ⬇⬇⬇,-0.5935,-0.2956,-0.3375
000625,长安汽车,591.11,True,7.15,7.13,1,0.27,-9.81,-4.63,0.27,0.0,2026-07-14,2026-07-15,53.49,0.1286,0.0822,0.3378,0.3101,0.9664,0.437,0.2763,-0.7954,0.1023,多周期共振看空 ⬇⬇⬇,-0.5083,-0.75,-0.5625
002880,卫光生物,48.74,True,21.49,21.16,2,3.52,-12.28,-5.02,1.56,0.0,2026-07-14,2026-07-15,55.6,-0.3855,0.5335,0.4839,0.4,0.9867,0.1935,0.2761,-0.7701,0.1149,多周期共振看空 ⬇⬇⬇,-0.508,-0.6946,-0.5625
002213,大为股份,60.13,True,29.09,35.66,8,12.3,-18.43,-3.72,-18.43,0.0,2026-07-15,2026-07-15,26.86,0.8514,-0.6601,0.8009,0.5108,0.3747,0.0,0.2759,-0.0599,0.4701,月线看多，中短期调整中,-0.6245,-0.1998,0.45
002897,意华股份,130.96,True,71.01,84.36,9,14.87,-15.82,-0.87,-15.82,0.0,2026-07-15,2026-07-15,32.31,0.0377,-0.0522,0.993,0.2017,0.4958,0.0,0.2758,0.2889,0.6444,上升趋势中的日线回调（关注买点）,-0.2048,0.584,0.5625
603366,日出东方,52.36,True,6.44,6.71,6,7.88,-9.71,-3.39,-3.97,0.0,2026-07-15,2026-07-15,50.76,0.5514,0.0462,0.6306,0.5493,0.9059,0.0,0.2756,-0.7614,0.1193,多周期共振看空 ⬇⬇⬇,-0.53,-0.6566,-0.5625
600720,中交设计,52.37,True,5.19,5.05,2,2.73,-11.93,-6.45,2.73,0.0,2026-07-13,2026-07-15,60.36,0.5635,-0.4988,0.2922,0.3386,0.8809,0.5131,0.2755,-0.8053,0.0973,多周期共振看空 ⬇⬇⬇,-0.5335,-0.75,-0.5625
600361,创新新材,132.88,True,3.56,3.65,0,-0.38,-12.47,-6.52,-2.4,0.0,2026-07-15,2026-07-15,41.43,0.7214,-0.5363,0.3547,0.4328,0.6984,0.4088,0.2755,-0.6536,0.1732,多周期共振看空 ⬇⬇⬇,-0.548,-0.4717,-0.495
002428,云南锗业,573.56,True,87.83,107.85,16,35.91,-18.56,8.65,-18.56,0.0066,2026-07-15,2026-07-15,22.27,0.3479,-0.6523,0.9627,0.2087,0.2727,0.0,0.2755,0.527,0.7635,上升趋势中的日线整理,0.0658,0.75,0.5625
002226,江南化工,122.91,True,4.64,4.59,1,1.18,-10.37,-4.44,1.18,0.0,2026-07-14,2026-07-15,60.0,0.4597,-0.5963,0.3048,0.2758,0.8889,0.492,0.2754,-0.698,0.151,多周期共振看空 ⬇⬇⬇,-0.5041,-0.5395,-0.5625
603221,爱丽家居,27.64,True,11.41,11.1,8,7.69,-15.26,-4.34,2.81,0.089,2026-07-03,2026-07-15,62.86,0.3708,-0.469,0.5768,0.2349,0.8252,0.0386,0.2753,-0.4086,0.2957,多周期共振看空 ⬇⬇⬇,-0.1609,-0.1975,-0.5625
603429,*ST集友,42.64,True,8.13,8.71,7,14.9,-16.86,-5.5,-6.64,0.0,2026-07-15,2026-07-15,36.32,0.5819,0.5846,0.7396,0.7492,0.5849,0.0,0.2753,-0.6981,0.1509,多周期共振看空 ⬇⬇⬇,-0.5961,-0.4609,-0.5625
600482,中国动力,695.67,True,30.67,32.77,6,7.69,-11.89,-3.49,-6.41,0.0,2026-07-15,2026-07-15,44.18,0.3978,-0.5817,0.6281,0.2387,0.7595,0.0,0.2751,-0.0924,0.4538,月线看多，中短期调整中,-0.3688,-0.3037,0.18
601966,玲珑轮胎,159.08,True,10.87,10.63,2,2.3,-11.4,-5.1,2.3,0.0,2026-07-13,2026-07-15,60.26,0.2847,-0.1367,0.2831,0.3162,0.8831,0.5282,0.2749,-0.7885,0.1058,多周期共振看空 ⬇⬇⬇,-0.4905,-0.75,-0.5625
603158,腾龙股份,50.89,True,10.37,11.86,0,-4.47,-16.04,-10.69,-12.53,0.0,2026-07-15,2026-07-15,29.82,0.4638,-0.2264,0.5262,0.3877,0.4404,0.1231,0.2748,-0.0488,0.4756,月线看多，中短期调整中,-0.5511,-0.2102,0.45
002585,双星新材,81.94,True,9.24,12.0,9,30.0,-26.03,-1.41,-22.97,0.0,2026-07-15,2026-07-15,18.33,0.757,-0.7364,0.8621,0.4542,0.1851,0.0,0.2747,0.2491,0.6245,上升趋势中的日线回调（关注买点）,-0.3727,0.5944,0.5625
603038,华立股份,38.74,True,14.42,15.21,7,2.71,-7.23,-2.1,-5.19,0.0,2026-07-15,2026-07-15,42.37,0.1215,0.3492,0.4318,0.4126,0.7194,0.2803,0.2746,-0.5507,0.2247,多周期共振看空 ⬇⬇⬇,-0.3355,-0.3603,-0.5625
000889,中嘉博创,28.62,True,3.29,3.39,3,10.81,-14.72,-7.12,-3.08,0.0,2026-07-15,2026-07-15,37.9,0.7405,-0.2821,0.77,0.5315,0.6201,0.0,0.2746,-0.3973,0.3014,多周期共振看空 ⬇⬇⬇,-0.3462,-0.3065,-0.27
002600,领益智造,915.11,True,12.71,16.04,14,16.3,-20.75,2.11,-20.75,0.0,2026-07-15,2026-07-15,28.48,0.6688,-0.3399,0.9272,0.4653,0.4106,0.0,0.2746,-0.0402,0.4799,多周期方向不一致，观望,-0.1482,-0.1022,0.0525
600586,金晶科技,57.12,True,4.03,4.36,0,-0.85,-12.76,-6.84,-7.54,0.0,2026-07-15,2026-07-15,41.96,0.8621,-0.655,0.4288,0.5173,0.7103,0.2853,0.2745,-0.7123,0.1438,多周期共振看空 ⬇⬇⬇,-0.4222,-0.7085,-0.495
002599,盛通股份,22.33,True,5.61,5.33,1,5.31,-14.26,-6.55,5.31,0.0,2026-07-14,2026-07-15,61.29,0.1837,1.4989,0.4873,0.5102,0.8602,0.1878,0.2744,-0.8034,0.0983,多周期共振看空 ⬇⬇⬇,-0.5287,-0.75,-0.5625
600727,鲁北化工,37.32,True,7.06,7.07,0,-0.17,-12.47,-6.22,-0.17,0.0,2026-07-15,2026-07-15,46.33,0.5672,-0.4691,0.5362,0.3527,0.8073,0.1064,0.2744,-0.4229,0.2885,多周期共振看空 ⬇⬇⬇,-0.3699,-0.2748,-0.3375
002591,恒大高新,13.48,True,6.03,6.4,0,-4.86,-14.03,-8.52,-5.71,0.0,2026-07-15,2026-07-15,37.43,-0.7184,0.4856,0.3573,0.3942,0.6096,0.4045,0.2743,-0.4914,0.2543,多周期共振看空 ⬇⬇⬇,-0.58,-0.2453,-0.3375
000570,苏常柴Ａ,27.28,True,4.91,4.88,1,0.63,-9.57,-5.06,0.63,0.0,2026-07-14,2026-07-15,54.9,-0.1385,-0.036,0.3164,0.1856,0.9978,0.4727,0.2742,-0.6788,0.1606,多周期共振看空 ⬇⬇⬇,-0.5706,-0.4402,-0.5625
000553,安道麦A,118.43,True,5.44,5.73,3,1.44,-8.99,-2.8,-5.09,0.0,2026-07-15,2026-07-15,42.61,-0.4153,1.4864,0.4375,0.4,0.7247,0.2709,0.2741,-0.5338,0.2331,多周期共振看空 ⬇⬇⬇,-0.3124,-0.3429,-0.5625
603289,泰瑞机器,24.35,True,8.3,8.38,0,-0.53,-13.49,-7.78,-0.9,0.0,2026-07-15,2026-07-15,53.8,0.33,-0.4391,0.3612,0.2223,0.9734,0.398,0.2739,-0.6509,0.1745,多周期共振看空 ⬇⬇⬇,-0.5335,-0.4783,-0.495
002595,豪迈科技,538.2,True,46.72,47.39,1,1.66,-7.98,-4.2,-1.41,0.0,2026-07-15,2026-07-15,45.26,0.6101,-0.5463,0.3547,0.3661,0.7835,0.4089,0.2738,-0.663,0.1685,多周期共振看空 ⬇⬇⬇,-0.539,-0.6577,-0.3375
002302,西部建设,56.55,True,4.48,4.46,1,0.5,-9.15,-5.45,0.5,0.0,2026-07-14,2026-07-15,48.31,0.2833,-0.0464,0.2692,0.3514,0.8514,0.5513,0.2737,-0.8357,0.0822,多周期共振看空 ⬇⬇⬇,-0.6115,-0.75,-0.5625
600963,岳阳林纸,54.84,True,3.12,3.13,0,-0.43,-14.98,-8.81,-0.43,0.0,2026-07-15,2026-07-15,52.0,-0.1794,0.2912,0.3408,0.3165,0.9333,0.432,0.2737,-0.7822,0.1089,多周期共振看空 ⬇⬇⬇,-0.607,-0.7038,-0.495
600312,平高电气,233.53,True,17.21,17.55,0,-1.81,-8.52,-5.36,-1.96,0.0,2026-07-15,2026-07-15,39.72,0.5637,-0.181,0.3609,0.4658,0.6604,0.3984,0.2736,-0.6678,0.1661,多周期共振看空 ⬇⬇⬇,-0.607,-0.6098,-0.3375
002406,远东传动,38.84,True,6.45,6.55,1,1.36,-13.27,-6.65,-1.59,0.0,2026-07-15,2026-07-15,50.23,0.5554,-0.5941,0.4284,0.3333,0.8941,0.2859,0.2736,-0.646,0.177,多周期共振看空 ⬇⬇⬇,-0.5665,-0.3718,-0.5625
002380,科远智慧,40.74,True,28.65,34.06,0,-2.71,-16.36,-8.23,-15.88,0.0,2026-07-15,2026-07-15,28.98,0.5795,-0.3231,0.5376,0.4185,0.4218,0.104,0.2734,-0.072,0.464,月线看多，中短期调整中,-0.6219,-0.1617,0.3517
002138,顺络电子,361.23,True,47.75,63.89,13,32.42,-25.27,6.29,-25.27,0.0,2026-07-15,2026-07-15,24.85,0.2903,-0.3275,0.9995,0.2432,0.33,0.0,0.2733,0.4014,0.7007,上升趋势中的日线整理,-0.1485,0.6075,0.5625
002058,威尔泰,24.77,True,17.31,19.84,0,-0.12,-17.01,-10.52,-12.75,0.0,2026-07-15,2026-07-15,28.21,0.4561,2.4232,0.4912,0.6736,0.4046,0.1813,0.2733,-0.5222,0.2389,多周期共振看空 ⬇⬇⬇,-0.7425,-0.2412,-0.27
600456,宝钛股份,133.87,True,28.02,28.04,2,4.08,-12.55,-4.87,-0.08,0.0,2026-07-15,2026-07-15,53.94,0.5824,-0.3889,0.573,0.3939,0.9765,0.045,0.2731,-0.6535,0.1733,多周期共振看空 ⬇⬇⬇,-0.3599,-0.6327,-0.495
600449,宁夏建材,58.0,True,12.13,12.41,6,11.76,-13.13,-3.34,-2.26,0.0,2026-07-15,2026-07-15,51.16,0.4895,-0.3055,0.6023,0.3715,0.9146,0.0,0.2729,-0.509,0.2455,多周期共振看空 ⬇⬇⬇,-0.2867,-0.3105,-0.5625
002896,中大力德,139.3,True,70.88,76.36,2,6.15,-12.92,-4.41,-7.18,0.0,2026-07-15,2026-07-15,47.45,0.7765,-0.6518,0.6991,0.4659,0.8323,0.0,0.2729,-0.5612,0.2194,多周期共振看空 ⬇⬇⬇,-0.3997,-0.3283,-0.5625
002161,远 望 谷,37.35,True,5.05,5.52,4,2.76,-12.2,-4.94,-8.51,0.0,2026-07-15,2026-07-15,35.66,0.6715,0.7261,0.7136,0.8029,0.5702,0.0,0.2728,-0.7863,0.1069,多周期共振看空 ⬇⬇⬇,-0.5171,-0.7223,-0.5625
002001,新 和 成,880.69,True,29.0,29.35,6,4.58,-8.24,-1.49,-1.19,0.089,2026-07-15,2026-07-15,44.13,-0.0117,-0.5072,0.4516,0.0,0.7585,0.2473,0.2727,-0.1404,0.4298,月线看多，中短期调整中,-0.311,-0.5821,0.18
600309,万华化学,2194.15,True,70.09,70.49,7,3.53,-5.28,-1.38,-0.57,0.1376,2026-07-15,2026-07-15,38.72,0.314,-0.3914,0.4364,0.2318,0.6382,0.2727,0.2726,-0.5042,0.2479,多周期共振看空 ⬇⬇⬇,-0.1775,-0.6184,-0.3375
002392,北京利尔,82.88,True,7.16,8.01,9,11.93,-15.17,-0.9,-10.59,0.0,2026-07-15,2026-07-15,37.89,0.7526,-0.3224,0.8948,0.5226,0.6198,0.0,0.2725,-0.4003,0.2999,多周期共振看空 ⬇⬇⬇,-0.2716,-0.2194,-0.4275
002849,威星智能,32.26,True,14.74,16.12,8,8.07,-9.42,-1.9,-8.58,0.0,2026-07-15,2026-07-15,39.17,0.5823,-0.1,0.5107,0.5094,0.6482,0.1488,0.2724,-0.5324,0.2338,多周期共振看空 ⬇⬇⬇,-0.475,-0.4254,-0.3375
603023,威帝股份,20.43,True,3.66,3.7,0,-1.15,-11.65,-6.76,-1.15,0.0,2026-07-15,2026-07-15,49.56,0.2454,0.1285,0.5108,0.3987,0.8791,0.1487,0.2723,-0.6337,0.1831,多周期共振看空 ⬇⬇⬇,-0.4585,-0.5048,-0.495
002564,天沃科技,35.9,True,4.18,4.38,0,-2.73,-10.09,-7.07,-4.5,0.0,2026-07-15,2026-07-15,40.31,0.6453,0.0427,0.4259,0.6042,0.6736,0.2902,0.2721,-0.8308,0.0846,多周期共振看空 ⬇⬇⬇,-0.6205,-0.7315,-0.5625
600854,春兰股份,22.34,True,4.3,4.21,3,2.03,-8.97,-4.47,2.03,0.0375,2026-07-13,2026-07-15,55.56,0.0918,-0.2913,0.3891,0.1385,0.9877,0.3514,0.2718,-0.6038,0.1981,多周期共振看空 ⬇⬇⬇,-0.3349,-0.4774,-0.5625
600618,氯碱化工,74.83,True,9.98,10.35,10,4.19,-8.24,-1.06,-3.56,0.0878,2026-07-15,2026-07-15,41.18,0.7112,-0.6517,0.5144,0.4267,0.6928,0.1427,0.2718,-0.6646,0.1677,多周期共振看空 ⬇⬇⬇,-0.3162,-0.6946,-0.495
603586,金麒麟,25.33,True,12.92,13.27,1,10.58,-24.99,-12.71,-2.67,0.0,2026-07-15,2026-07-15,50.14,0.8067,-0.7491,0.5316,0.484,0.892,0.114,0.2718,-0.7617,0.1191,多周期共振看空 ⬇⬇⬇,-0.5665,-0.626,-0.5625
600080,ST金花,18.74,True,5.02,4.72,9,6.36,-12.28,-4.02,6.36,0.2015,2026-07-09,2026-07-15,69.18,0.1679,-0.1882,0.4709,0.2254,0.6849,0.2152,0.2718,-0.6638,0.1681,多周期共振看空 ⬇⬇⬇,-0.2247,-0.7038,-0.5625
002316,亚联发展,13.77,True,4.04,4.16,0,-2.79,-13.02,-7.53,-2.83,0.0,2026-07-15,2026-07-15,45.9,0.7127,-0.254,0.492,0.526,0.7978,0.18,0.2718,-0.7689,0.1155,多周期共振看空 ⬇⬇⬇,-0.616,-0.5994,-0.5625
600983,惠而浦,57.33,True,7.48,7.27,4,3.0,-11.02,-4.26,2.85,0.0461,2026-07-14,2026-07-15,63.08,0.6839,-0.4361,0.4832,0.4359,0.8205,0.1947,0.2717,-0.7753,0.1124,多周期共振看空 ⬇⬇⬇,-0.4997,-0.7131,-0.5625
603303,得邦照明,107.03,True,22.44,26.1,6,23.44,-21.97,-5.15,-14.04,0.0,2026-07-15,2026-07-15,30.84,0.3957,-0.7561,0.7314,0.2374,0.4632,0.0,0.2717,0.2376,0.6188,上升趋势中的日线回调（关注买点）,-0.474,0.6423,0.5625
603888,新华网,116.73,True,17.3,17.55,4,2.63,-7.23,-3.37,-1.42,0.0032,2026-07-15,2026-07-15,40.3,0.417,-0.2697,0.328,0.3423,0.6733,0.4534,0.2717,-0.5524,0.2238,多周期共振看空 ⬇⬇⬇,-0.2588,-0.4973,-0.495
002074,国轩高科,455.89,True,26.25,27.32,0,-1.3,-11.17,-6.79,-3.92,0.0,2026-07-15,2026-07-15,34.84,0.4696,0.4079,0.4048,0.6449,0.5521,0.3253,0.2714,-0.7833,0.1084,多周期共振看空 ⬇⬇⬇,-0.5525,-0.6854,-0.5625
002795,永和智控,26.93,True,6.2,6.77,0,-0.22,-14.76,-7.38,-8.41,0.0,2026-07-15,2026-07-15,36.79,0.5956,-0.0788,0.5559,0.5259,0.5952,0.0735,0.2714,-0.443,0.2785,多周期共振看空 ⬇⬇⬇,-0.5579,-0.3048,-0.1907
600052,东望时代,30.81,True,3.65,3.66,3,3.4,-12.26,-4.13,-0.23,0.0,2026-07-15,2026-07-15,51.2,0.429,-0.357,0.4936,0.3146,0.9156,0.1773,0.2711,-0.575,0.2125,多周期共振看空 ⬇⬇⬇,-0.2616,-0.477,-0.5625
600293,三峡新材,31.9,True,2.75,2.97,6,9.53,-23.28,-10.86,-7.31,0.0,2026-07-15,2026-07-15,38.01,0.8651,-0.2179,0.8783,0.6319,0.6225,0.0,0.2708,-0.5918,0.2041,多周期共振看空 ⬇⬇⬇,-0.4545,-0.416,-0.495
003007,直真科技,25.82,True,35.57,38.7,4,4.97,-10.18,-3.6,-8.09,0.0,2026-07-15,2026-07-15,44.4,0.4844,0.0145,0.6093,0.4965,0.7644,0.0,0.2708,-0.5453,0.2273,多周期共振看空 ⬇⬇⬇,-0.5903,-0.3549,-0.3375
600888,新疆众和,167.89,True,10.81,13.59,15,33.91,-22.67,7.92,-20.48,0.0,2026-07-15,2026-07-15,19.93,0.4301,-0.4661,0.9605,0.2716,0.2207,0.0,0.2706,0.4654,0.7327,上升趋势中的日线整理,0.0681,0.5879,0.5625
002749,国光股份,44.85,True,8.24,8.07,2,2.04,-10.12,-4.94,2.04,0.0102,2026-07-13,2026-07-15,58.09,-0.1215,0.2138,0.3119,0.2855,0.9314,0.4801,0.2705,-0.8194,0.0903,多周期共振看空 ⬇⬇⬇,-0.5699,-0.75,-0.5625
600563,法拉电子,295.99,True,131.55,162.98,11,15.99,-19.28,-1.13,-19.28,0.0,2026-07-15,2026-07-15,17.85,0.8783,-0.4952,0.8157,0.5289,0.1745,0.0,0.2704,0.1073,0.5536,上升趋势中的日线回调（关注买点）,-0.3305,0.1938,0.45
600558,大西洋,42.82,True,4.77,5.0,3,0.69,-9.87,-5.25,-4.7,0.0,2026-07-15,2026-07-15,36.89,0.7132,-0.2808,0.2819,0.5156,0.5976,0.5301,0.2703,-0.8036,0.0982,多周期共振看空 ⬇⬇⬇,-0.7515,-0.6271,-0.495
603375,盛景微,25.82,True,40.49,47.4,8,4.79,-14.59,-2.27,-14.59,0.0,2026-07-15,2026-07-15,38.27,0.3371,-0.3238,0.6719,0.2727,0.6282,0.0,0.2702,-0.0285,0.4858,月线看多，中短期调整中,-0.5054,-0.1525,0.45
600537,*ST亿晶,28.65,True,2.42,2.61,5,4.88,-9.55,-3.05,-7.16,0.0,2026-07-15,2026-07-15,45.12,0.2582,1.7918,0.512,0.5549,0.7805,0.1467,0.2702,-0.7801,0.1099,多周期共振看空 ⬇⬇⬇,-0.7607,-0.5,-0.5625
003023,彩虹集团,19.7,True,18.74,20.12,0,-2.02,-13.82,-9.2,-6.87,0.0,2026-07-15,2026-07-15,32.51,0.204,0.3307,0.3646,0.4547,0.5003,0.3924,0.2701,-0.4807,0.2596,多周期共振看空 ⬇⬇⬇,-0.6025,-0.2701,-0.27
603165,荣晟环保,43.44,True,13.89,13.84,2,1.51,-14.56,-5.46,0.36,0.0,2026-07-14,2026-07-15,60.53,0.1723,-0.6649,0.5815,0.1034,0.8771,0.0308,0.27,-0.0821,0.4589,月线看多，中短期调整中,-0.3884,-0.2379,0.18
000534,万泽股份,134.38,True,26.74,29.42,5,8.25,-11.4,-3.98,-9.12,0.0,2026-07-15,2026-07-15,43.32,0.5362,-0.4919,0.7719,0.325,0.7406,0.0,0.2699,-0.2491,0.3755,月线震荡，中短期走弱,-0.4614,-0.5544,0.1125
001323,慕思股份,50.92,True,16.36,16.64,0,-1.7,-14.4,-7.19,-1.7,0.0,2026-07-15,2026-07-15,48.07,-0.7261,1.3418,0.3463,0.4,0.8459,0.4229,0.2699,-0.8339,0.0831,多周期共振看空 ⬇⬇⬇,-0.607,-0.75,-0.5625
002992,宝明科技,57.34,True,36.7,41.82,8,10.7,-12.23,-2.42,-12.23,0.0,2026-07-15,2026-07-15,26.29,0.81,0.065,0.3963,0.712,0.3619,0.3395,0.2695,-0.6891,0.1554,多周期共振看空 ⬇⬇⬇,-0.5176,-0.5083,-0.5625
002065,东华软件,201.23,True,6.92,7.08,4,1.29,-5.71,-1.87,-2.25,0.055,2026-07-15,2026-07-15,41.62,0.2896,-0.1569,0.3215,0.311,0.7026,0.4642,0.2691,-0.6911,0.1544,多周期共振看空 ⬇⬇⬇,-0.3317,-0.672,-0.5625
002913,奥士康,147.77,True,48.98,59.92,12,24.23,-18.37,2.41,-18.26,0.0,2026-07-15,2026-07-15,22.81,0.5545,-0.289,0.6271,0.4171,0.2846,0.0,0.2691,0.1441,0.572,上升趋势中的日线回调（关注买点）,-0.2334,0.2345,0.45
001369,双欣材料,24.4,True,11.76,13.36,6,8.6,-16.79,-5.79,-12.0,0.0,2026-07-15,2026-07-15,16.05,0.889,-0.7668,0.3464,0.5334,0.1344,0.4227,0.269,-0.2007,0.3997,周线日线方向不一致,-0.669,0.0,
002410,广联达,133.77,True,8.52,8.39,1,1.51,-12.0,-5.53,1.51,0.0,2026-07-14,2026-07-15,53.23,0.1681,-0.0987,0.3129,0.2614,0.9608,0.4784,0.2689,-0.803,0.0985,多周期共振看空 ⬇⬇⬇,-0.5278,-0.75,-0.5625
002806,华锋股份,26.31,True,15.11,18.29,9,15.7,-21.4,-3.0,-17.38,0.0,2026-07-15,2026-07-15,11.41,0.8568,-0.6515,0.4616,0.5141,0.0313,0.2307,0.2689,0.1063,0.5532,上升趋势中的日线回调（关注买点）,-0.3953,0.2461,0.45
603276,恒兴新材,11.18,True,14.78,15.7,4,2.2,-6.22,-2.91,-5.84,0.0,2026-07-15,2026-07-15,37.31,0.7827,-0.8725,0.3783,0.4696,0.607,0.3695,0.2688,-0.6252,0.1874,多周期共振看空 ⬇⬇⬇,-0.5462,-0.4109,-0.495
002981,朝阳科技,26.44,True,21.75,20.37,3,6.78,-25.02,-11.48,6.78,0.0,2026-07-10,2026-07-15,63.79,0.8366,-0.7899,0.6773,0.5019,0.8046,0.0,0.2685,-0.6203,0.1899,多周期共振看空 ⬇⬇⬇,-0.2902,-0.5521,-0.5625
000635,英 力 特,22.01,True,6.0,6.22,0,-1.19,-9.88,-6.09,-3.53,0.0,2026-07-15,2026-07-15,39.58,0.8166,-0.7261,0.344,0.49,0.6574,0.4267,0.2682,-0.7684,0.1158,多周期共振看空 ⬇⬇⬇,-0.4389,-0.75,-0.5625
002805,丰元股份,56.79,True,20.37,26.01,16,33.72,-21.69,7.58,-21.69,0.0,2026-07-15,2026-07-15,22.89,0.4456,-0.4051,0.8696,0.3053,0.2865,0.0,0.2681,0.3129,0.6564,上升趋势中的日线整理,-0.0058,0.3678,0.45
002831,裕同科技,201.98,True,28.28,32.25,12,27.07,-17.0,3.59,-12.3,0.0,2026-07-15,2026-07-15,14.27,0.6492,-0.6399,0.6585,0.3895,0.0949,0.0,0.2678,0.4054,0.7027,上升趋势中的日线整理,-0.0517,0.5348,0.5625
000777,中核科技,61.88,True,16.14,17.83,11,22.77,-11.24,0.58,-9.48,0.0,2026-07-15,2026-07-15,44.43,0.7573,-0.2647,0.7803,0.5485,0.7651,0.0,0.2678,-0.653,0.1735,多周期共振看空 ⬇⬇⬇,-0.2441,-0.731,-0.495
002649,博彦科技,44.41,True,8.28,8.28,0,-0.02,-10.79,-5.3,-0.02,0.0,2026-07-15,2026-07-15,50.0,0.2496,0.0391,0.3607,0.3654,0.8889,0.3988,0.2677,-0.8288,0.0856,多周期共振看空 ⬇⬇⬇,-0.5938,-0.75,-0.5625
605588,冠石科技,36.62,True,50.1,61.39,14,18.42,-18.39,3.32,-18.39,0.0,2026-07-15,2026-07-15,27.04,0.5271,-0.1784,0.5897,0.4449,0.3787,0.0171,0.2673,-0.0417,0.4792,多周期方向不一致，观望,-0.1416,-0.0621,0.0
601717,中创智领,231.48,True,15.01,14.84,1,1.12,-12.97,-5.88,1.12,0.0,2026-07-14,2026-07-15,53.77,0.3583,-0.2313,0.3878,0.3224,0.9727,0.3537,0.267,-0.8304,0.0848,多周期共振看空 ⬇⬇⬇,-0.598,-0.75,-0.5625
600469,风神股份,39.68,True,5.44,5.42,2,2.32,-8.86,-2.9,0.39,0.0401,2026-07-14,2026-07-15,56.03,0.0771,-0.2616,0.3543,0.1416,0.9771,0.4095,0.267,-0.6865,0.1568,多周期共振看空 ⬇⬇⬇,-0.3507,-0.7131,-0.495
002692,远程股份,26.63,True,3.71,3.82,0,-2.87,-12.68,-7.52,-2.87,0.0,2026-07-15,2026-07-15,45.13,0.4135,-0.0107,0.4029,0.4438,0.7807,0.3285,0.2669,-0.7744,0.1128,多周期共振看空 ⬇⬇⬇,-0.616,-0.6115,-0.5625
600343,航天动力,128.98,True,20.21,25.39,8,16.31,-20.41,-1.52,-20.41,0.0,2026-07-15,2026-07-15,42.02,0.6654,-0.2969,0.9926,0.4805,0.7115,0.0,0.2668,-0.4885,0.2558,多周期共振看空 ⬇⬇⬇,-0.308,-0.4721,-0.3375
600549,厦门钨业,902.52,True,58.08,75.99,13,47.21,-23.63,8.2,-23.57,0.0,2026-07-15,2026-07-15,15.07,0.6567,-0.6556,0.848,0.394,0.1126,0.0,0.2664,0.3658,0.6829,上升趋势中的日线整理,0.0079,0.4933,0.45
002136,安 纳 达,25.07,True,11.69,12.86,11,7.43,-14.8,-1.26,-9.07,0.0,2026-07-15,2026-07-15,28.19,0.699,-0.1436,0.5062,0.562,0.4043,0.1563,0.2664,-0.378,0.311,多周期共振看空 ⬇⬇⬇,-0.3662,-0.2468,-0.27
002108,沧州明珠,71.03,True,4.31,4.28,1,0.58,-10.8,-5.77,0.58,0.0,2026-07-14,2026-07-15,41.78,0.184,0.1931,0.4743,0.3876,0.7062,0.2095,0.2662,-0.5061,0.247,多周期共振看空 ⬇⬇⬇,-0.6025,-0.3565,-0.2393
002997,瑞鹄模具,57.77,True,27.6,29.07,9,6.05,-7.64,-1.01,-5.05,0.0365,2026-07-15,2026-07-15,43.26,0.6425,-0.7019,0.4691,0.3855,0.7391,0.2182,0.2661,-0.6371,0.1815,多周期共振看空 ⬇⬇⬇,-0.3116,-0.5706,-0.5625
002935,天奥电子,70.56,True,17.05,21.13,16,11.07,-19.31,2.05,-19.31,0.0,2026-07-15,2026-07-15,30.75,0.5152,-0.2512,0.6723,0.4086,0.4611,0.0,0.2658,-0.0805,0.4597,多周期方向不一致，观望,-0.196,-0.0282,-0.1575
002182,宝武镁业,103.69,True,11.98,13.68,8,15.65,-13.43,-1.34,-12.44,0.0,2026-07-15,2026-07-15,45.71,0.6023,-0.1876,0.7507,0.4864,0.7936,0.0,0.2658,-0.6044,0.1978,多周期共振看空 ⬇⬇⬇,-0.5033,-0.5595,-0.3375
600433,冠豪高新,55.48,True,3.17,3.24,0,-0.28,-13.56,-7.25,-2.02,0.0,2026-07-15,2026-07-15,48.28,-0.0218,-0.0823,0.3662,0.1671,0.8506,0.3896,0.2657,-0.4739,0.2631,多周期共振看空 ⬇⬇⬇,-0.589,-0.2667,-0.27
000877,天山股份,263.8,True,3.71,3.74,0,-0.83,-9.28,-5.8,-0.83,0.0,2026-07-15,2026-07-15,44.29,0.0413,0.3472,0.2506,0.3636,0.7619,0.5824,0.2654,-0.8392,0.0804,多周期共振看空 ⬇⬇⬇,-0.6205,-0.75,-0.5625
600807,济高发展,19.28,True,2.45,2.41,2,1.62,-11.4,-5.43,1.62,0.0,2026-07-13,2026-07-15,54.43,0.3428,-0.2634,0.4624,0.3003,0.9873,0.2293,0.2652,-0.7272,0.1364,多周期共振看空 ⬇⬇⬇,-0.3442,-0.7408,-0.5625
000695,滨海能源,26.15,True,11.79,12.8,1,0.41,-10.94,-5.43,-7.87,0.0,2026-07-15,2026-07-15,34.5,0.8961,-0.4416,0.5518,0.561,0.5445,0.0804,0.265,-0.4957,0.2521,多周期共振看空 ⬇⬇⬇,-0.7958,-0.2167,-0.1907
002179,中航光电,732.07,True,34.92,41.28,16,17.09,-15.41,3.57,-15.41,0.0,2026-07-15,2026-07-15,30.76,0.3544,-0.2664,0.6076,0.3061,0.4613,0.0,0.265,0.0768,0.5384,多周期方向不一致，观望,-0.0008,0.21,0.1283
002050,三花智控,1528.94,True,41.5,43.53,3,8.81,-8.33,-3.48,-4.65,0.0,2026-07-15,2026-07-15,44.76,0.7226,-0.5715,0.6301,0.4336,0.7724,0.0,0.2649,-0.5013,0.2494,多周期共振看空 ⬇⬇⬇,-0.3962,-0.3849,-0.3773
002722,物产金轮,27.11,True,12.19,12.06,2,1.12,-7.8,-3.78,1.12,0.0312,2026-07-14,2026-07-15,55.69,-0.1555,-0.1738,0.3019,0.1305,0.9847,0.4968,0.2648,-0.744,0.128,多周期共振看空 ⬇⬇⬇,-0.509,-0.6363,-0.5625
600640,国脉文化,80.9,True,10.22,10.16,2,2.1,-9.97,-4.89,0.64,0.0,2026-07-14,2026-07-15,52.96,-0.0631,-0.1371,0.3387,0.1452,0.9548,0.4355,0.2648,-0.6081,0.196,多周期共振看空 ⬇⬇⬇,-0.327,-0.4938,-0.5625
601702,华峰铝业,144.39,True,14.46,14.69,0,-1.07,-20.11,-11.21,-1.58,0.0,2026-07-15,2026-07-15,48.48,0.5922,-0.4634,0.4367,0.37,0.8552,0.2722,0.2648,-0.7179,0.1411,多周期共振看空 ⬇⬇⬇,-0.5935,-0.5741,-0.495
600076,康欣新材,41.01,True,3.05,3.33,5,5.05,-13.49,-4.28,-8.34,0.0,2026-07-15,2026-07-15,46.43,0.4328,-0.1481,0.8965,0.4004,0.8095,0.0,0.2648,-0.4941,0.253,多周期共振看空 ⬇⬇⬇,-0.4603,-0.4012,-0.2902
000852,石化机械,0.0,True,5.11,5.11,0,-0.08,-10.51,-6.04,-0.08,0.0,2026-07-15,2026-07-15,53.85,-0.4288,0.0721,0.3041,0.2288,0.9744,0.4931,0.2647,-0.8122,0.0939,多周期共振看空 ⬇⬇⬇,-0.616,-0.6946,-0.5625
601908,京运通,70.26,True,2.91,3.03,0,-2.22,-14.07,-7.84,-4.06,0.0,2026-07-15,2026-07-15,47.06,0.1473,0.1314,0.4247,0.3409,0.8235,0.2922,0.2646,-0.6507,0.1747,多周期共振看空 ⬇⬇⬇,-0.4485,-0.5506,-0.495
002677,浙江美大,39.87,True,7.23,6.16,2,17.47,-15.04,-7.78,17.47,0.0873,2026-07-07,2026-07-09,68.14,0.1644,1.7717,0.7096,0.4986,0.7081,0.0,0.264,-0.7453,0.1274,多周期共振看空 ⬇⬇⬇,-0.5448,-0.676,-0.495
600406,国电南瑞,1774.61,True,22.16,22.54,3,1.95,-4.58,-2.02,-1.68,0.0459,2026-07-15,2026-07-15,47.46,0.1502,-0.4795,0.2948,0.0983,0.8324,0.5087,0.264,-0.5616,0.2192,多周期共振看空 ⬇⬇⬇,-0.279,-0.6577,-0.3375
603399,永杉锂业,73.05,True,14.26,19.55,14,20.29,-27.05,1.55,-27.05,0.0,2026-07-15,2026-07-15,22.61,0.7723,-0.6762,0.9713,0.4634,0.2802,0.0,0.2639,0.0334,0.5167,多周期方向不一致，观望,-0.2647,-0.0763,0.45
000533,顺钠股份,57.39,True,8.38,9.44,0,-3.29,-13.99,-9.85,-11.24,0.0,2026-07-15,2026-07-15,21.83,0.7816,-0.3199,0.3901,0.541,0.2629,0.3498,0.2638,-0.3509,0.3246,月线震荡，中短期走弱,-0.783,-0.6208,0.1125
001336,楚环科技,10.77,True,21.83,22.56,0,-3.23,-10.57,-7.07,-3.23,0.0,2026-07-15,2026-07-15,40.5,0.6076,-0.5593,0.3601,0.3646,0.6778,0.3998,0.2636,-0.6079,0.1961,多周期共振看空 ⬇⬇⬇,-0.607,-0.4783,-0.3375
600499,科达制造,280.77,True,14.64,14.79,7,10.66,-11.02,-1.32,-1.02,0.0543,2026-07-15,2026-07-15,51.55,0.1875,-0.3406,0.6202,0.1763,0.9234,0.0,0.2635,-0.4122,0.2939,多周期共振看空 ⬇⬇⬇,-0.2688,-0.4794,-0.1961
605066,天正电气,32.91,True,6.55,6.78,6,5.07,-9.6,-1.87,-3.46,0.0029,2026-07-15,2026-07-15,36.92,0.7445,-0.3407,0.4832,0.5104,0.5981,0.1947,0.2634,-0.5902,0.2049,多周期共振看空 ⬇⬇⬇,-0.3092,-0.6946,-0.3375
000702,正虹科技,13.97,True,5.24,5.15,1,1.74,-11.69,-6.07,1.74,0.0,2026-07-14,2026-07-15,58.87,-0.2512,0.3542,0.4131,0.3417,0.9141,0.3116,0.2633,-0.7864,0.1068,多周期共振看空 ⬇⬇⬇,-0.607,-0.6456,-0.5625
002645,华宏科技,137.74,True,20.25,26.85,8,24.13,-27.38,-6.98,-24.57,0.0,2026-07-15,2026-07-15,16.56,0.8574,-0.6156,0.7201,0.5144,0.1458,0.0,0.2632,0.1078,0.5539,上升趋势中的日线回调（关注买点）,-0.4185,0.2709,0.45
002358,森源电气,48.35,True,5.2,5.55,0,-2.09,-9.87,-6.02,-6.25,0.0,2026-07-15,2026-07-15,28.46,0.7178,-0.1075,0.3503,0.5877,0.4101,0.4162,0.2632,-0.6597,0.1702,多周期共振看空 ⬇⬇⬇,-0.5615,-0.6312,-0.3375
601208,东材科技,520.14,True,51.49,65.29,12,33.11,-25.99,3.47,-21.14,0.0,2026-07-15,2026-07-15,20.98,0.4905,-0.5133,0.8957,0.2943,0.244,0.0,0.2631,0.3414,0.6707,上升趋势中的日线回调（关注买点）,-0.1924,0.75,0.5625
002952,亚世光电,0.0,True,19.67,21.42,0,-3.95,-13.24,-8.42,-8.16,0.0,2026-07-15,2026-07-15,33.53,0.7394,-0.2619,0.4857,0.5389,0.523,0.1905,0.2631,-0.5373,0.2314,多周期共振看空 ⬇⬇⬇,-0.7515,-0.2667,-0.27
601065,江盐集团,44.35,True,6.9,6.82,1,1.11,-9.29,-4.11,1.11,0.0037,2026-07-14,2026-07-15,62.64,-0.3869,0.1113,0.2297,0.2445,0.8303,0.6172,0.2631,-0.7857,0.1072,多周期共振看空 ⬇⬇⬇,-0.505,-0.7315,-0.5625
000488,ST晨鸣,32.87,True,1.94,2.0,1,0.73,-10.61,-4.46,-2.78,0.0,2026-07-15,2026-07-15,50.0,-0.3959,0.0926,0.3612,0.237,0.8889,0.3981,0.263,-0.6606,0.1697,多周期共振看空 ⬇⬇⬇,-0.5995,-0.6006,-0.3375
603809,豪能股份,82.83,True,9.0,9.09,1,2.11,-12.76,-6.17,-0.97,0.0,2026-07-15,2026-07-15,52.96,0.5877,-0.6423,0.4825,0.3526,0.9547,0.1958,0.263,-0.7625,0.1188,多周期共振看空 ⬇⬇⬇,-0.5335,-0.656,-0.5625
600169,ST太重,68.0,True,2.04,2.01,1,1.64,-12.86,-5.12,1.64,0.0,2026-07-14,2026-07-15,65.12,-0.2801,0.6994,0.3639,0.4,0.7752,0.3936,0.263,-0.7808,0.1096,多周期共振看空 ⬇⬇⬇,-0.5248,-0.7038,-0.5625
000682,东方电子,158.59,True,11.83,12.57,4,6.73,-7.18,-2.56,-5.86,0.0,2026-07-15,2026-07-15,28.52,0.8596,-0.3584,0.5253,0.5724,0.4117,0.1245,0.2629,-0.4066,0.2967,多周期共振看空 ⬇⬇⬇,-0.2954,-0.4809,-0.1596
603701,德宏股份,50.31,True,19.25,21.81,0,-0.46,-11.76,-5.35,-11.76,0.0,2026-07-15,2026-07-15,34.84,0.4043,-0.1599,0.4775,0.3786,0.552,0.2042,0.2629,-0.3283,0.3358,月线震荡，中短期走弱,-0.8066,-0.276,-0.136
603406,天富龙,9.56,True,26.08,26.46,0,-1.43,-8.92,-4.67,-1.43,0.0,2026-07-15,2026-07-15,47.94,0.472,-0.4256,0.2937,0.313,0.8431,0.5106,0.2628,-0.8183,0.0908,周线日线共振看空,-0.6025,-0.75,
603385,惠达卫浴,19.22,True,5.05,5.05,1,0.09,-9.01,-5.21,0.09,0.0,2026-07-14,2026-07-15,52.17,0.0678,0.1516,0.3662,0.3013,0.9372,0.3897,0.2627,-0.8172,0.0914,多周期共振看空 ⬇⬇⬇,-0.5964,-0.7223,-0.5625
603052,可川科技,119.62,True,63.66,78.07,2,4.29,-20.71,-9.23,-18.46,0.0,2026-07-15,2026-07-15,22.55,0.7153,-0.2857,0.6487,0.5149,0.2789,0.0,0.2627,-0.057,0.4715,月线看多，中短期调整中,-0.6195,-0.1906,0.45
603151,邦基科技,20.07,True,11.72,11.37,2,3.59,-10.38,-5.01,3.07,0.0145,2026-07-14,2026-07-15,56.42,-0.0627,1.213,0.5609,0.4,0.9684,0.0651,0.2626,-0.7884,0.1058,多周期共振看空 ⬇⬇⬇,-0.4902,-0.75,-0.5625
603660,苏州科达,54.52,True,9.54,11.45,8,12.3,-18.85,-3.46,-16.68,0.0,2026-07-15,2026-07-15,19.18,0.7352,-0.2505,0.65,0.5409,0.204,0.0,0.2626,-0.0094,0.4953,多周期方向不一致，观望,-0.4118,-0.1382,0.45
601137,博威合金,173.98,True,18.95,22.08,8,17.44,-20.56,-3.66,-14.19,0.0,2026-07-15,2026-07-15,20.22,0.7784,-0.7289,0.4525,0.4671,0.227,0.2459,0.2624,-0.117,0.4415,多周期方向不一致，观望,-0.423,-0.1138,-0.0379
002984,森麒麟,98.74,True,13.83,13.73,3,3.51,-9.02,-3.47,0.75,0.0387,2026-07-14,2026-07-15,49.33,0.3587,-0.6167,0.2853,0.2152,0.874,0.5245,0.2623,-0.807,0.0965,多周期共振看空 ⬇⬇⬇,-0.5381,-0.75,-0.5625
002760,凤形股份,17.65,True,16.34,16.77,0,-1.74,-11.45,-6.13,-2.55,0.0,2026-07-15,2026-07-15,45.58,0.4981,-0.3683,0.376,0.3516,0.7906,0.3733,0.2623,-0.7118,0.1441,多周期共振看空 ⬇⬇⬇,-0.5976,-0.5571,-0.495
000509,华塑控股,32.73,True,3.05,3.54,0,-6.63,-18.58,-13.51,-13.94,0.0,2026-07-15,2026-07-15,23.53,0.8359,-0.6581,0.4654,0.5015,0.3007,0.2244,0.2622,-0.2455,0.3772,月线震荡，中短期走弱,-0.6027,-0.196,-0.1125
603159,上海亚虹,27.22,True,19.44,19.71,3,2.54,-33.3,-14.86,-1.38,0.0,2026-07-15,2026-07-15,52.82,-0.2292,0.3766,0.8146,0.3506,0.9515,0.0,0.262,-0.6071,0.1965,多周期共振看空 ⬇⬇⬇,-0.4795,-0.4283,-0.495
600560,金自天正,23.82,True,10.65,11.18,0,-2.43,-10.21,-6.88,-4.7,0.0,2026-07-15,2026-07-15,39.94,0.8027,-0.5835,0.3509,0.4816,0.6652,0.4151,0.2617,-0.8071,0.0964,多周期共振看空 ⬇⬇⬇,-0.5705,-0.7223,-0.5625
003031,中瓷电子,439.14,True,129.1,163.11,12,29.09,-20.85,2.72,-20.85,0.0,2026-07-15,2026-07-15,21.53,0.5767,-0.4813,0.9173,0.3535,0.2562,0.0,0.2616,0.2197,0.6099,上升趋势中的日线回调（关注买点）,-0.2149,0.3601,0.5625
603407,长裕集团,21.43,True,59.67,81.79,15,54.85,-27.04,16.99,-27.04,0.0,2026-07-15,2026-07-15,24.08,0.4871,-0.1123,1.1155,0.4473,0.3129,0.0,0.2614,0.0,0.5,周线日线方向不一致,0.0,,
603685,晨丰科技,54.84,True,27.22,29.0,1,0.51,-10.51,-5.61,-6.13,0.0,2026-07-15,2026-07-15,38.44,-0.0498,0.0073,0.5155,0.2029,0.632,0.1408,0.2614,-0.1045,0.4477,月线看多，中短期调整中,-0.5239,-0.2287,0.18
600633,浙数文化,131.75,True,10.39,10.4,1,0.22,-10.45,-5.11,-0.13,0.0,2026-07-15,2026-07-15,48.99,-0.097,0.1883,0.3692,0.2753,0.8664,0.3846,0.2613,-0.6977,0.1512,多周期共振看空 ⬇⬇⬇,-0.5117,-0.5322,-0.5625
600038,中直股份,168.91,True,25.25,25.59,2,2.13,-7.66,-3.51,-1.34,0.0,2026-07-15,2026-07-15,46.94,0.5022,-0.5966,0.2842,0.3013,0.8209,0.5264,0.2613,-0.7979,0.101,多周期共振看空 ⬇⬇⬇,-0.5147,-0.75,-0.5625
000922,佳电股份,81.0,True,11.49,13.21,13,11.26,-16.06,-0.21,-13.03,0.0,2026-07-15,2026-07-15,23.8,0.5431,-0.4103,0.5216,0.3617,0.3067,0.1307,0.2611,0.0375,0.5188,多周期方向不一致，观望,-0.2763,-0.0484,0.45
605398,新炬网络,32.48,True,19.96,20.56,1,0.05,-14.56,-7.02,-2.89,0.0,2026-07-15,2026-07-15,46.4,0.5733,-0.5385,0.3536,0.344,0.809,0.4106,0.261,-0.762,0.119,多周期共振看空 ⬇⬇⬇,-0.4441,-0.7315,-0.5625
002361,神剑股份,85.92,True,10.62,13.39,0,-3.34,-23.1,-11.9,-20.69,0.0,2026-07-15,2026-07-15,31.5,0.6801,-0.5749,0.7672,0.4081,0.4778,0.0,0.261,-0.1383,0.4309,月线看多，中短期调整中,-0.6739,-0.2611,0.18
605298,必得科技,85.64,True,45.98,51.41,6,4.59,-13.76,-4.24,-10.57,0.0,2026-07-15,2026-07-15,23.06,0.6478,-0.691,0.4758,0.3887,0.2902,0.2071,0.2604,-0.0529,0.4736,月线看多，中短期调整中,-0.5416,-0.2379,0.45
600392,盛和资源,418.22,True,23.86,28.18,14,38.02,-18.51,5.63,-15.33,0.0,2026-07-15,2026-07-15,22.42,0.7899,-0.4313,0.8383,0.5014,0.276,0.0,0.2603,-0.0515,0.4743,多周期方向不一致，观望,0.013,-0.0126,-0.225
002516,旷达科技,79.01,True,5.41,5.58,3,2.52,-8.92,-4.22,-2.99,0.0,2026-07-15,2026-07-15,38.14,0.5355,-0.5377,0.2623,0.3213,0.6254,0.5628,0.2603,-0.6324,0.1838,多周期共振看空 ⬇⬇⬇,-0.4902,-0.4748,-0.495
002328,新朋股份,40.07,True,7.02,7.48,0,-1.5,-12.42,-7.74,-6.17,0.0,2026-07-15,2026-07-15,35.78,-0.2343,-0.1504,0.3613,0.1398,0.5728,0.3979,0.2602,-0.1479,0.426,月线看多，中短期调整中,-0.6775,-0.3037,0.18
603578,三星新材,23.23,True,12.88,12.67,2,5.08,-13.47,-5.88,1.63,0.0,2026-07-14,2026-07-15,51.08,-0.0311,0.2278,0.7493,0.2911,0.9129,0.0,0.2599,-0.4818,0.2591,多周期共振看空 ⬇⬇⬇,-0.2622,-0.4967,-0.3375
600114,东睦股份,192.13,True,31.17,37.35,8,10.17,-19.33,-4.69,-16.54,0.0,2026-07-15,2026-07-15,24.36,0.6544,-0.6198,0.5739,0.3926,0.3191,0.0435,0.2593,0.0287,0.5143,多周期方向不一致，观望,-0.423,0.0388,0.45
600006,东风股份,106.6,True,5.33,5.31,1,0.41,-9.94,-5.59,0.41,0.0,2026-07-14,2026-07-15,49.21,-0.2555,0.1363,0.2906,0.2545,0.8713,0.5157,0.2593,-0.7906,0.1047,多周期共振看空 ⬇⬇⬇,-0.607,-0.6548,-0.5625
002689,ST远智,28.26,True,2.71,2.64,3,2.77,-14.66,-5.92,2.77,0.0,2026-07-14,2026-07-15,60.0,-0.0675,0.4722,0.4738,0.3889,0.8889,0.2103,0.2587,-0.7877,0.1062,多周期共振看空 ⬇⬇⬇,-0.5102,-0.7315,-0.5625
002580,圣阳股份,76.66,True,16.96,20.35,5,12.84,-17.51,-7.12,-16.66,0.0,2026-07-15,2026-07-15,20.54,0.86,-0.4948,0.9495,0.5181,0.2342,0.0,0.2587,-0.0401,0.4799,月线看多，中短期调整中,-0.4367,-0.2667,0.45
603282,亚光股份,18.92,True,14.14,14.55,3,3.93,-8.41,-3.63,-2.79,0.0,2026-07-15,2026-07-15,36.9,0.7367,-0.0395,0.5045,0.6263,0.5977,0.1591,0.2585,-0.7787,0.1107,多周期共振看空 ⬇⬇⬇,-0.5085,-0.7131,-0.5625
000523,红棉股份,37.1,True,2.8,2.68,2,4.28,-12.32,-5.7,4.28,0.0206,2026-07-13,2026-07-15,67.39,-0.2912,0.3291,0.3221,0.3316,0.7246,0.4631,0.2584,-0.7531,0.1235,多周期共振看空 ⬇⬇⬇,-0.5217,-0.7131,-0.495
000338,潍柴动力,1310.97,True,26.45,28.32,2,3.55,-12.43,-5.03,-6.61,0.0,2026-07-15,2026-07-15,41.3,0.0329,-0.0722,0.6464,0.1909,0.6955,0.0,0.2583,-0.0739,0.4631,月线看多，中短期调整中,-0.5819,-0.1906,0.3375
603058,永吉股份,35.37,True,8.53,8.96,2,0.22,-8.88,-4.99,-4.85,0.0,2026-07-15,2026-07-15,37.88,0.817,-0.6876,0.4722,0.4902,0.6196,0.213,0.2582,-0.6323,0.1839,多周期共振看空 ⬇⬇⬇,-0.4496,-0.6669,-0.3375
000723,美锦能源,151.63,True,3.45,3.46,0,-0.19,-14.98,-8.92,-0.19,0.0,2026-07-15,2026-07-15,46.0,0.5065,-0.1655,0.4206,0.4377,0.8,0.299,0.2582,-0.8339,0.0831,多周期共振看空 ⬇⬇⬇,-0.607,-0.75,-0.5625
600679,上海凤凰,31.96,True,9.3,9.01,2,3.2,-9.33,-4.39,3.2,0.0429,2026-07-13,2026-07-15,63.03,0.1981,-0.295,0.3175,0.2009,0.8215,0.4708,0.2581,-0.7218,0.1391,多周期共振看空 ⬇⬇⬇,-0.3196,-0.75,-0.5625
601216,君正集团,378.87,True,4.49,4.4,3,2.1,-10.33,-3.46,2.1,0.0664,2026-07-13,2026-07-15,53.33,-0.1925,-0.5174,0.3284,0.0,0.963,0.4527,0.2581,-0.6123,0.1939,多周期共振看空 ⬇⬇⬇,-0.2958,-0.5971,-0.495
000795,英洛华,92.43,True,8.28,9.05,10,10.85,-11.77,-1.26,-8.49,0.0,2026-07-15,2026-07-15,39.91,0.8177,-0.638,0.7057,0.4906,0.6647,0.0,0.2581,-0.5174,0.2413,多周期共振看空 ⬇⬇⬇,-0.2311,-0.3765,-0.5625
002662,峰璟股份,49.8,True,3.32,3.64,14,14.77,-12.26,2.39,-8.69,0.0652,2026-07-15,2026-07-15,18.92,0.6171,0.0959,0.4783,0.6087,0.1982,0.2028,0.258,-0.466,0.267,多周期共振看空 ⬇⬇⬇,-0.1837,-0.3718,-0.495
002669,康达新材,36.87,True,12.18,16.04,12,13.05,-24.09,-3.86,-24.09,0.0,2026-07-15,2026-07-15,23.23,0.8638,-0.7836,0.6737,0.5183,0.2939,0.0,0.2578,-0.1197,0.4401,月线震荡，中短期走弱,-0.288,-0.1556,0.0
001325,元创股份,6.79,True,34.62,36.66,1,0.33,-9.69,-4.36,-5.56,0.0,2026-07-15,2026-07-15,39.55,0.4917,-0.4431,0.4023,0.3178,0.6568,0.3295,0.2578,-0.4982,0.2509,周线日线共振看空,-0.5845,-0.27,
605128,上海沿浦,67.1,True,21.37,23.95,8,10.01,-10.76,-0.18,-10.76,0.0,2026-07-15,2026-07-15,32.88,0.6865,-0.6583,0.4409,0.4119,0.5085,0.2651,0.2577,-0.4198,0.2901,多周期共振看空 ⬇⬇⬇,-0.2099,-0.2927,-0.45
002959,小熊电器,46.89,True,33.54,32.45,4,3.36,-10.64,-4.37,3.36,0.0714,2026-07-13,2026-07-15,64.32,-0.055,-0.0362,0.3031,0.1855,0.7929,0.4949,0.2575,-0.7558,0.1221,多周期共振看空 ⬇⬇⬇,-0.4174,-0.7408,-0.5625
600426,华鲁恒升,523.24,True,19.03,19.13,0,-0.19,-10.79,-5.74,-0.51,0.0,2026-07-15,2026-07-15,45.17,0.3297,-0.0455,0.4581,0.3796,0.7816,0.2365,0.2575,-0.6744,0.1628,多周期共振看空 ⬇⬇⬇,-0.6025,-0.6283,-0.3375
601012,隆基绿能,909.37,True,12.0,12.48,2,0.79,-9.02,-4.6,-3.82,0.0,2026-07-15,2026-07-15,40.62,0.5186,-0.2079,0.3694,0.428,0.6803,0.3844,0.2574,-0.7491,0.1255,多周期共振看空 ⬇⬇⬇,-0.3895,-0.75,-0.5625
600130,波导股份,29.02,True,3.87,4.36,1,3.61,-13.6,-6.47,-11.31,0.0,2026-07-15,2026-07-15,21.71,0.6702,-0.1401,0.4866,0.5461,0.2601,0.189,0.257,-0.2815,0.3593,月线震荡，中短期走弱,-0.7245,-0.2483,-0.0769
002337,赛象科技,25.93,True,4.41,4.53,0,-2.51,-10.94,-6.43,-2.7,0.0,2026-07-15,2026-07-15,45.22,0.1596,0.1859,0.3455,0.3701,0.7826,0.4241,0.257,-0.8147,0.0927,多周期共振看空 ⬇⬇⬇,-0.6115,-0.7038,-0.5625
603172,万丰股份,22.18,True,16.63,17.14,0,-1.55,-10.57,-6.13,-2.98,0.0,2026-07-15,2026-07-15,42.78,0.5681,-0.341,0.4725,0.4045,0.7284,0.2125,0.257,-0.6354,0.1823,多周期共振看空 ⬇⬇⬇,-0.5684,-0.5717,-0.3375
002444,巨星科技,334.27,True,29.15,30.63,9,9.48,-8.27,-0.93,-4.84,0.0,2026-07-15,2026-07-15,39.69,-0.0515,0.9415,0.5542,0.4,0.6597,0.0763,0.2568,-0.4385,0.2807,多周期共振看空 ⬇⬇⬇,-0.3332,-0.3406,-0.3375
000910,大亚圣象,29.11,True,5.32,5.37,0,-1.01,-12.09,-6.39,-1.01,0.0,2026-07-15,2026-07-15,44.0,-0.5008,0.394,0.3006,0.3576,0.7556,0.499,0.2566,-0.8253,0.0873,多周期共振看空 ⬇⬇⬇,-0.5848,-0.75,-0.5625
603499,翔港科技,51.68,True,12.2,13.58,12,11.93,-13.95,0.47,-10.13,0.0,2026-07-15,2026-07-15,30.37,0.601,0.1095,0.5765,0.6044,0.4526,0.0392,0.2566,-0.4887,0.2556,多周期共振看空 ⬇⬇⬇,-0.2804,-0.4963,-0.3375
000737,北方铜业,242.83,True,12.75,13.41,7,10.62,-13.17,-2.67,-4.93,0.0,2026-07-15,2026-07-15,39.52,0.8126,-0.4692,0.5614,0.4999,0.6561,0.0644,0.2565,-0.5868,0.2066,多周期共振看空 ⬇⬇⬇,-0.4376,-0.4195,-0.495
603530,神马电力,195.14,True,45.65,50.9,3,3.35,-11.1,-3.98,-10.32,0.0,2026-07-15,2026-07-15,29.24,0.6019,-0.6005,0.5005,0.3611,0.4275,0.1658,0.2563,-0.1729,0.4135,月线看多，中短期调整中,-0.5575,-0.5256,0.18
001260,坤泰股份,18.49,True,16.08,16.39,0,-1.89,-11.05,-6.19,-1.89,0.0,2026-07-15,2026-07-15,46.6,0.2131,0.0714,0.415,0.3564,0.8133,0.3084,0.2562,-0.7431,0.1285,多周期共振看空 ⬇⬇⬇,-0.607,-0.6179,-0.495
000576,甘化科工,28.5,True,6.57,6.99,5,14.96,-8.82,-2.65,-5.95,0.0,2026-07-15,2026-07-15,47.74,0.4614,0.2097,0.7252,0.5608,0.8386,0.0,0.2561,-0.8545,0.0727,多周期共振看空 ⬇⬇⬇,-0.6597,-0.75,-0.5625
002109,ST兴化,33.18,True,2.6,2.56,8,6.77,-12.55,-3.83,1.38,0.0662,2026-07-13,2026-07-15,59.09,0.1547,-0.1885,0.4926,0.2174,0.9091,0.1791,0.2561,-0.6925,0.1537,多周期共振看空 ⬇⬇⬇,-0.4092,-0.6762,-0.495
600496,精工钢构,64.68,True,3.25,3.23,1,0.54,-12.22,-6.94,0.54,0.0,2026-07-14,2026-07-15,53.95,-0.2092,-0.053,0.3417,0.1788,0.9766,0.4305,0.2561,-0.7534,0.1233,多周期共振看空 ⬇⬇⬇,-0.589,-0.656,-0.495
603208,江山欧派,18.7,True,10.63,10.88,0,-1.75,-12.41,-6.11,-2.29,0.0,2026-07-15,2026-07-15,43.23,0.4821,-0.2621,0.3953,0.3844,0.7385,0.3412,0.256,-0.7264,0.1368,多周期共振看空 ⬇⬇⬇,-0.3979,-0.6929,-0.5625
603728,鸣志电器,228.75,True,54.61,60.17,5,9.86,-10.01,-2.96,-9.24,0.0,2026-07-15,2026-07-15,43.57,0.7011,-0.4108,0.714,0.4563,0.746,0.0,0.2559,-0.5784,0.2108,多周期共振看空 ⬇⬇⬇,-0.3653,-0.3955,-0.5625
001311,多利科技,29.16,True,16.46,17.24,5,11.53,-14.66,-6.49,-4.55,0.0,2026-07-15,2026-07-15,49.27,0.2457,0.3214,0.6892,0.476,0.8726,0.0,0.2559,-0.7616,0.1192,多周期共振看空 ⬇⬇⬇,-0.5433,-0.7131,-0.495
605033,美邦股份,23.94,True,17.71,17.55,2,0.89,-9.66,-4.81,0.89,0.0,2026-07-14,2026-07-15,53.51,0.2136,-0.3355,0.3407,0.194,0.9669,0.4322,0.2557,-0.7711,0.1144,多周期共振看空 ⬇⬇⬇,-0.5751,-0.6392,-0.5625
600596,新安股份,157.5,True,11.67,14.53,11,19.36,-24.06,-0.52,-19.66,0.0,2026-07-15,2026-07-15,21.4,0.7641,-0.4769,0.8864,0.4677,0.2533,0.0,0.2556,-0.0077,0.4961,多周期方向不一致，观望,-0.3091,0.0865,0.1445
603601,再升科技,106.58,True,9.33,11.8,0,-7.97,-22.35,-17.2,-20.91,0.0,2026-07-15,2026-07-15,28.1,0.7292,-0.5931,0.8441,0.4375,0.4023,0.0,0.2556,-0.1376,0.4312,月线看多，中短期调整中,-0.729,-0.2102,0.18
603088,宁波精达,38.97,True,8.9,9.76,4,1.6,-13.19,-3.51,-8.81,0.0,2026-07-15,2026-07-15,32.38,0.5373,0.0746,0.469,0.5522,0.4973,0.2183,0.2556,-0.6099,0.1951,多周期共振看空 ⬇⬇⬇,-0.5128,-0.5634,-0.3375
603901,永创智能,52.77,True,9.73,10.49,5,8.06,-10.76,-3.09,-7.25,0.0,2026-07-15,2026-07-15,46.3,0.3337,0.2945,0.5465,0.518,0.8067,0.0892,0.2555,-0.8244,0.0878,多周期共振看空 ⬇⬇⬇,-0.7602,-0.6652,-0.495
001267,汇绿生态,247.68,True,40.7,49.92,6,12.45,-20.84,-6.75,-18.48,0.0,2026-07-15,2026-07-15,14.1,0.8713,-0.2967,0.7792,0.6041,0.0912,0.0,0.2554,-0.033,0.4835,月线看多，中短期调整中,-0.5197,-0.1617,0.45
002021,中捷资源,28.69,True,2.4,2.48,4,1.8,-7.85,-3.04,-3.38,0.0,2026-07-15,2026-07-15,37.23,0.256,0.7293,0.608,0.5536,0.6052,0.0,0.2554,-0.5687,0.2157,多周期共振看空 ⬇⬇⬇,-0.2971,-0.6577,-0.3375
603833,欧派家居,195.78,True,32.14,31.74,5,1.35,-11.22,-4.36,1.27,0.0196,2026-07-14,2026-07-15,58.2,0.1464,-0.2973,0.3103,0.1689,0.9288,0.4828,0.2554,-0.7746,0.1127,多周期共振看空 ⬇⬇⬇,-0.4871,-0.7223,-0.5625
002028,思源电气,971.67,True,159.08,171.79,3,5.87,-13.5,-5.5,-7.4,0.0,2026-07-15,2026-07-15,34.35,0.0364,0.6062,0.7301,0.4218,0.5411,0.0,0.2553,-0.2818,0.3591,月线震荡，中短期走弱,-0.5013,-0.63,0.1125
603949,雪龙集团,28.92,True,13.76,17.22,18,13.21,-20.08,4.6,-20.08,0.0,2026-07-15,2026-07-15,29.68,0.3913,0.0209,0.756,0.4432,0.4373,0.0,0.2552,-0.1925,0.4037,多周期方向不一致，观望,0.1162,-0.3833,-0.5625
603194,中力股份,52.99,True,33.53,35.08,9,6.16,-7.76,-2.01,-4.41,0.0,2026-07-15,2026-07-15,49.95,0.2945,-0.6618,0.5166,0.1767,0.8878,0.139,0.2551,-0.4188,0.2906,多周期共振看空 ⬇⬇⬇,-0.2388,-0.2657,-0.45
000403,派林生物,91.9,True,9.77,9.45,1,3.37,-22.46,-11.42,3.37,0.0,2026-07-14,2026-07-15,56.09,0.0106,0.8176,0.6334,0.4064,0.9758,0.0,0.2551,-0.7806,0.1097,多周期共振看空 ⬇⬇⬇,-0.5155,-0.7113,-0.5625
600055,万东医疗,75.79,True,10.78,10.72,1,0.54,-13.85,-6.16,0.54,0.0,2026-07-14,2026-07-15,54.36,-0.0434,0.0237,0.3981,0.2095,0.9858,0.3365,0.255,-0.7473,0.1264,多周期共振看空 ⬇⬇⬇,-0.4064,-0.7315,-0.5625
605183,确成股份,59.31,True,14.38,14.94,10,10.39,-8.24,-0.48,-3.76,0.0776,2026-07-15,2026-07-15,27.89,0.7744,-0.406,0.4628,0.5022,0.3975,0.2287,0.2549,-0.6103,0.1949,多周期共振看空 ⬇⬇⬇,-0.2432,-0.5703,-0.5625
603059,倍加洁,24.39,True,24.28,24.72,2,0.87,-7.38,-3.76,-1.78,0.0,2026-07-15,2026-07-15,46.37,0.4349,-0.3413,0.3677,0.3244,0.8083,0.3871,0.2548,-0.7607,0.1196,多周期共振看空 ⬇⬇⬇,-0.5734,-0.6854,-0.495
002813,路畅科技,22.52,True,18.79,19.38,0,-1.97,-10.54,-6.28,-3.03,0.0,2026-07-15,2026-07-15,45.05,0.2777,0.0339,0.3912,0.3802,0.7788,0.348,0.2547,-0.7839,0.108,多周期共振看空 ⬇⬇⬇,-0.6115,-0.6363,-0.5625
002824,和胜股份,57.4,True,25.38,33.34,13,39.83,-23.87,7.92,-23.87,0.0,2026-07-15,2026-07-15,11.59,0.6014,-0.6072,0.6741,0.3609,0.0353,0.0,0.2546,0.4167,0.7084,上升趋势中的日线整理,-0.1049,0.7223,0.45
002227,*ST特迅,15.62,True,6.35,6.61,0,-1.74,-16.26,-8.51,-4.0,0.0,2026-07-15,2026-07-15,46.74,0.3804,0.048,0.4788,0.4474,0.8164,0.202,0.2545,-0.8213,0.0893,多周期共振看空 ⬇⬇⬇,-0.607,-0.7223,-0.5625
002615,哈尔斯,20.67,True,6.84,6.94,6,7.01,-16.95,-5.35,-1.46,0.0,2026-07-15,2026-07-15,59.25,0.5101,-0.3576,0.6723,0.363,0.9056,0.0,0.2544,-0.6325,0.1838,多周期共振看空 ⬇⬇⬇,-0.3972,-0.4872,-0.5625
002012,凯恩股份,27.5,True,5.88,6.48,0,-3.16,-13.09,-8.45,-9.26,0.0,2026-07-15,2026-07-15,22.22,0.7843,-0.4341,0.383,0.4969,0.2716,0.3616,0.2542,-0.3768,0.3116,多周期共振看空 ⬇⬇⬇,-0.4938,-0.2004,-0.2045
002248,华东数控,26.04,True,8.47,9.03,1,0.58,-10.27,-5.98,-6.16,0.0,2026-07-15,2026-07-15,41.31,0.5715,-0.1802,0.4644,0.4708,0.6958,0.2261,0.2542,-0.7354,0.1323,多周期共振看空 ⬇⬇⬇,-0.598,-0.6087,-0.495
002886,沃特股份,43.7,True,20.9,26.9,8,10.61,-24.18,-5.9,-22.29,0.0,2026-07-15,2026-07-15,18.89,0.7663,-0.271,0.6405,0.5513,0.1976,0.0,0.2542,-0.0859,0.4571,多周期方向不一致，观望,-0.4365,-0.0437,0.0401
002823,凯中精密,28.85,True,13.18,14.67,0,-3.1,-19.97,-10.89,-10.15,0.0,2026-07-15,2026-07-15,34.49,0.8015,-0.8017,0.4759,0.4809,0.5443,0.2069,0.2539,-0.5566,0.2217,多周期共振看空 ⬇⬇⬇,-0.6615,-0.1612,-0.495
603966,法兰泰克,41.78,True,8.04,8.56,2,5.58,-10.53,-3.95,-6.09,0.0,2026-07-15,2026-07-15,39.06,0.6174,-0.5066,0.4388,0.3704,0.6458,0.2687,0.2539,-0.5515,0.2243,多周期共振看空 ⬇⬇⬇,-0.6007,-0.3597,-0.3375
600103,青山纸业,61.95,True,2.8,3.08,0,-3.75,-15.35,-10.37,-9.06,0.0,2026-07-15,2026-07-15,29.09,0.7028,-0.2009,0.4293,0.5413,0.4242,0.2845,0.2538,-0.5725,0.2137,多周期共振看空 ⬇⬇⬇,-0.5705,-0.3417,-0.4275
002947,恒铭达,125.25,True,63.16,76.6,2,1.59,-17.54,-8.32,-17.54,0.0,2026-07-15,2026-07-15,24.24,0.3876,-0.013,0.613,0.4273,0.3164,0.0,0.2534,-0.0359,0.482,多周期方向不一致，观望,-0.5971,-0.096,0.45
603978,深圳新星,42.54,True,20.15,27.05,10,20.32,-25.51,-2.66,-25.51,0.0,2026-07-15,2026-07-15,32.27,0.6389,-0.5225,0.8988,0.3834,0.4948,0.0,0.2534,-0.1803,0.4098,月线震荡，中短期走弱,-0.4214,-0.2448,0.0
603007,顺景科技,35.87,True,5.16,5.73,8,14.78,-15.47,-2.88,-9.88,0.0,2026-07-15,2026-07-15,30.89,0.7444,-0.0508,0.7407,0.6263,0.4643,0.0,0.2532,-0.5334,0.2333,多周期共振看空 ⬇⬇⬇,-0.3501,-0.5348,-0.3375
600892,大晟文化,18.63,True,3.33,3.49,1,3.19,-8.52,-4.28,-4.64,0.0,2026-07-15,2026-07-15,41.43,0.0404,0.9123,0.5419,0.4243,0.6984,0.0968,0.2532,-0.5685,0.2157,多周期共振看空 ⬇⬇⬇,-0.496,-0.3293,-0.495
603628,清源股份,24.9,True,9.15,9.45,0,-2.74,-8.81,-5.69,-3.17,0.0,2026-07-15,2026-07-15,42.0,0.5367,-0.4188,0.272,0.3545,0.7111,0.5467,0.2531,-0.8332,0.0834,多周期共振看空 ⬇⬇⬇,-0.616,-0.7408,-0.5625
601882,海天精工,99.23,True,19.01,19.73,5,5.27,-10.95,-3.16,-3.66,0.0,2026-07-15,2026-07-15,48.86,-0.0501,-0.3166,0.6435,0.0733,0.8635,0.0,0.2531,-0.1286,0.4357,月线震荡，中短期走弱,-0.4451,-0.1976,0.1468
603115,海星股份,217.87,True,90.07,107.82,11,23.15,-21.8,0.54,-16.46,0.0,2026-07-15,2026-07-15,20.54,0.2084,-0.1458,0.978,0.2667,0.2342,0.0,0.253,0.3159,0.658,上升趋势中的日线回调（关注买点）,-0.1884,0.6608,0.5625
002319,乐通股份,22.29,True,10.64,10.67,6,4.93,-14.4,-3.6,-0.24,0.0,2026-07-15,2026-07-15,56.58,0.4062,-0.5625,0.5487,0.2437,0.965,0.0855,0.2529,-0.5931,0.2035,多周期共振看空 ⬇⬇⬇,-0.2865,-0.4954,-0.5625
002284,亚太股份,67.95,True,9.28,9.73,1,1.52,-13.41,-6.88,-4.62,0.0,2026-07-15,2026-07-15,45.75,0.0142,0.745,0.4465,0.4085,0.7944,0.2559,0.2529,-0.7888,0.1056,多周期共振看空 ⬇⬇⬇,-0.6025,-0.7223,-0.495
002170,芭田股份,85.32,True,10.84,11.07,5,2.11,-6.1,-1.77,-2.07,0.0663,2026-07-15,2026-07-15,40.81,0.3118,-0.3308,0.4461,0.2548,0.6846,0.2565,0.2526,-0.5731,0.2134,多周期共振看空 ⬇⬇⬇,-0.4139,-0.5672,-0.3375
603322,超讯通信,43.78,True,27.78,28.55,6,8.47,-14.15,-3.22,-2.69,0.0,2026-07-15,2026-07-15,50.73,0.0093,0.2493,0.793,0.3053,0.9051,0.0,0.2525,-0.5548,0.2226,多周期共振看空 ⬇⬇⬇,-0.1893,-0.4945,-0.5625
002526,山东矿机,45.52,True,2.57,2.62,0,-1.76,-12.37,-6.73,-1.76,0.0,2026-07-15,2026-07-15,47.3,-0.2206,0.3726,0.3747,0.349,0.8288,0.3754,0.2524,-0.8339,0.0831,多周期共振看空 ⬇⬇⬇,-0.607,-0.75,-0.5625
001288,运机集团,35.69,True,23.5,24.78,8,9.5,-11.7,-1.94,-5.18,0.0,2026-07-15,2026-07-15,35.91,0.5507,-0.0108,0.5392,0.5261,0.5757,0.1013,0.2524,-0.5948,0.2026,多周期共振看空 ⬇⬇⬇,-0.3557,-0.5074,-0.495
002521,齐峰新材,28.17,True,6.72,6.95,8,5.41,-9.45,-2.31,-3.34,0.0,2026-07-15,2026-07-15,54.31,0.1146,-0.028,0.5465,0.2576,0.9846,0.0891,0.2523,-0.6463,0.1769,多周期共振看空 ⬇⬇⬇,-0.4177,-0.5,-0.5625
600099,林海股份,18.3,True,8.35,8.32,1,0.35,-10.3,-5.86,0.35,0.0,2026-07-14,2026-07-15,52.87,0.1738,-0.1991,0.4049,0.2247,0.9526,0.3251,0.2523,-0.7444,0.1278,多周期共振看空 ⬇⬇⬇,-0.607,-0.5533,-0.5625
003025,思进智能,27.58,True,12.18,14.21,6,13.85,-18.04,-5.18,-14.28,0.0,2026-07-15,2026-07-15,32.93,0.7699,-0.7153,0.564,0.462,0.5095,0.06,0.2521,-0.3819,0.309,多周期共振看空 ⬇⬇⬇,-0.3427,-0.1632,-0.3825
600004,白云机场,182.24,True,7.7,7.54,2,2.1,-8.01,-3.54,2.1,0.0596,2026-07-14,2026-07-15,52.52,-0.0331,-0.3259,0.2994,0.0696,0.9448,0.5011,0.2521,-0.7721,0.1139,多周期共振看空 ⬇⬇⬇,-0.4485,-0.75,-0.5625
000952,广济药业,20.12,True,5.85,5.71,1,2.39,-11.22,-5.96,2.39,0.0,2026-07-14,2026-07-15,52.63,-0.0839,0.2658,0.4826,0.3063,0.9474,0.1956,0.2521,-0.7668,0.1166,多周期共振看空 ⬇⬇⬇,-0.5515,-0.65,-0.5625
603906,龙蟠科技,111.36,True,19.78,25.99,14,16.65,-23.9,1.28,-23.9,0.0,2026-07-15,2026-07-15,28.04,0.4679,-0.2894,0.9713,0.365,0.4009,0.0,0.2519,-0.0497,0.4752,月线看多，中短期调整中,-0.3184,-0.2563,0.2925
600531,豫光金铅,145.84,True,12.06,14.15,15,26.82,-14.74,4.2,-14.74,0.0,2026-07-15,2026-07-15,25.11,0.9054,-0.2575,0.901,0.6403,0.3357,0.0,0.2519,-0.4117,0.2942,多周期共振看空 ⬇⬇⬇,-0.1577,-0.4321,-0.3375
600243,*ST海华,14.31,True,3.26,3.5,0,-0.35,-14.57,-6.26,-6.9,0.0,2026-07-15,2026-07-15,37.17,0.7513,-0.5741,0.4919,0.4508,0.6037,0.1802,0.2518,-0.5759,0.2121,多周期共振看空 ⬇⬇⬇,-0.5032,-0.3394,-0.495
002672,东江环保,31.14,True,3.44,3.51,5,11.53,-10.06,-2.99,-1.94,0.0,2026-07-15,2026-07-15,36.0,0.6873,0.0806,0.8687,0.6446,0.5778,0.0,0.2518,-0.71,0.145,多周期共振看空 ⬇⬇⬇,-0.2893,-0.75,-0.5625
603867,新化股份,64.25,True,29.79,35.6,8,6.37,-17.73,-5.37,-16.32,0.0,2026-07-15,2026-07-15,31.69,0.5149,-0.5803,0.7857,0.3089,0.4821,0.0,0.2517,-0.0592,0.4704,多周期方向不一致，观望,-0.4029,-0.0948,0.18
000985,大庆华科,19.01,True,14.66,14.72,0,-0.44,-10.2,-6.31,-0.44,0.0,2026-07-15,2026-07-15,48.06,0.0055,0.2036,0.3586,0.2848,0.8458,0.4023,0.2516,-0.7798,0.1101,多周期共振看空 ⬇⬇⬇,-0.6115,-0.6946,-0.495
603081,大丰实业,36.5,True,8.64,8.86,0,-1.28,-10.62,-6.28,-2.5,0.0,2026-07-15,2026-07-15,43.22,0.1791,0.0668,0.2922,0.3342,0.7381,0.513,0.2515,-0.8189,0.0906,多周期共振看空 ⬇⬇⬇,-0.6115,-0.7131,-0.5625
002160,常铝股份,37.62,True,3.65,3.84,1,3.74,-16.39,-9.33,-5.07,0.0,2026-07-15,2026-07-15,39.81,0.7022,-0.2225,0.5503,0.5323,0.6626,0.0828,0.2512,-0.703,0.1485,多周期共振看空 ⬇⬇⬇,-0.6205,-0.5182,-0.495
603011,合锻智能,109.32,True,22.11,30.39,9,36.76,-29.93,-0.91,-27.25,0.0,2026-07-15,2026-07-15,14.25,0.8006,-0.6554,0.8871,0.4804,0.0944,0.0,0.251,0.1265,0.5633,上升趋势中的日线回调（关注买点）,-0.3817,0.3023,0.45
002166,莱茵生物,51.41,True,6.96,6.56,1,6.11,-15.65,-8.16,6.11,0.0,2026-07-14,2026-07-15,64.32,-0.0364,5.0605,0.4724,0.4,0.7928,0.2126,0.2506,-0.7564,0.1218,多周期共振看空 ⬇⬇⬇,-0.5515,-0.6946,-0.495
600609,金杯汽车,42.01,True,3.22,3.19,1,0.91,-7.28,-4.53,0.91,0.0085,2026-07-14,2026-07-15,49.35,-0.0761,0.058,0.3244,0.2232,0.8745,0.4593,0.2504,-0.7911,0.1044,多周期共振看空 ⬇⬇⬇,-0.4973,-0.75,-0.5625
603212,赛伍技术,47.69,True,10.9,12.17,3,6.3,-24.09,-12.34,-10.42,0.0,2026-07-15,2026-07-15,43.59,0.7026,-0.7152,0.8553,0.4216,0.7464,0.0,0.2504,-0.5672,0.2164,多周期共振看空 ⬇⬇⬇,-0.6615,-0.342,-0.3375
605058,澳弘电子,37.47,True,26.22,33.55,6,7.03,-25.11,-8.17,-21.84,0.0,2026-07-15,2026-07-15,20.16,0.8679,-0.4334,0.6734,0.5474,0.2257,0.0,0.2504,-0.1432,0.4284,多周期方向不一致，观望,-0.606,-0.1102,0.0
002125,湘潭电化,74.09,True,11.77,14.05,5,23.94,-25.44,-10.1,-16.21,0.0,2026-07-15,2026-07-15,20.3,0.9564,-0.7197,0.5701,0.5738,0.2289,0.0499,0.2504,-0.2296,0.3852,多周期方向不一致，观望,-0.4972,-0.0882,-0.495
002637,赞宇科技,48.4,True,10.41,10.78,3,5.91,-10.53,-4.46,-3.39,0.0,2026-07-15,2026-07-15,45.03,0.5135,-0.6772,0.533,0.3081,0.7784,0.1117,0.2502,-0.515,0.2425,多周期共振看空 ⬇⬇⬇,-0.4425,-0.4151,-0.3375
002533,金杯电工,66.32,True,10.4,10.78,1,0.56,-9.99,-4.93,-3.53,0.0,2026-07-15,2026-07-15,41.18,0.5746,-0.5299,0.3803,0.3447,0.6928,0.3661,0.25,-0.6759,0.1621,多周期共振看空 ⬇⬇⬇,-0.5935,-0.6392,-0.3375
600802,福建水泥,19.48,True,4.25,4.28,0,-0.62,-11.42,-6.92,-0.62,0.0,2026-07-15,2026-07-15,48.28,0.1925,0.0462,0.3894,0.334,0.8506,0.351,0.2498,-0.8374,0.0813,多周期共振看空 ⬇⬇⬇,-0.616,-0.75,-0.5625
000060,中金岭南,0.0,True,6.26,7.29,9,14.39,-17.97,-3.0,-14.18,0.0,2026-07-15,2026-07-15,23.1,0.7756,-0.7025,0.711,0.4654,0.2912,0.0,0.2497,-0.0965,0.4517,多周期方向不一致，观望,-0.2873,-0.1106,-0.0675
603409,汇通控股,9.44,True,17.52,18.86,0,-7.03,-21.81,-14.18,-7.13,0.0,2026-07-15,2026-07-15,38.09,0.7529,-0.7773,0.4673,0.4517,0.6241,0.2212,0.2497,-0.6514,0.1743,多周期共振看空 ⬇⬇⬇,-0.6115,-0.4125,-0.495
603042,华脉科技,24.89,True,11.92,13.91,7,9.83,-21.39,-6.44,-14.29,0.0,2026-07-15,2026-07-15,23.94,0.5122,1.3078,0.7181,0.7073,0.3098,0.0,0.2494,-0.5086,0.2457,多周期共振看空 ⬇⬇⬇,-0.6495,-0.2911,-0.27
600841,动力新科,62.48,True,5.99,6.36,2,2.78,-11.17,-5.94,-5.85,0.0,2026-07-15,2026-07-15,43.25,0.1467,0.7302,0.5941,0.488,0.7389,0.0098,0.2493,-0.6809,0.1596,多周期共振看空 ⬇⬇⬇,-0.5849,-0.6577,-0.3375
002090,金智科技,35.52,True,8.92,9.1,2,3.02,-8.97,-4.52,-2.0,0.0,2026-07-15,2026-07-15,43.65,0.4047,0.1909,0.5501,0.5192,0.7479,0.0832,0.2493,-0.8002,0.0999,多周期共振看空 ⬇⬇⬇,-0.5636,-0.7131,-0.5625
002326,永太科技,147.97,True,18.31,23.11,13,18.73,-22.15,0.2,-20.78,0.0,2026-07-15,2026-07-15,27.61,0.6408,0.0888,0.8485,0.62,0.3913,0.0,0.2493,-0.4668,0.2666,多周期共振看空 ⬇⬇⬇,-0.4047,-0.3416,-0.3375
603936,博敏电子,104.77,True,16.62,23.37,12,21.1,-28.88,-2.53,-28.88,0.0,2026-07-15,2026-07-15,16.58,0.7644,-0.6142,0.7442,0.4586,0.1461,0.0,0.2492,0.0844,0.5422,多周期方向不一致，观望,-0.252,0.1372,0.45
603022,新通联,16.26,True,8.13,8.23,0,-1.23,-11.91,-7.72,-1.23,0.0,2026-07-15,2026-07-15,48.11,0.1459,-0.1091,0.3773,0.2439,0.847,0.3712,0.2491,-0.7107,0.1447,多周期共振看空 ⬇⬇⬇,-0.6115,-0.5429,-0.495
002778,中晟高科,18.43,True,14.93,15.78,0,-3.57,-11.4,-7.13,-5.37,0.0,2026-07-15,2026-07-15,31.29,0.5891,0.1086,0.452,0.5969,0.473,0.2467,0.249,-0.7282,0.1359,多周期共振看空 ⬇⬇⬇,-0.4012,-0.6941,-0.5625
600235,民丰特纸,18.58,True,5.29,5.2,2,1.63,-9.81,-5.34,1.63,0.0,2026-07-13,2026-07-15,56.25,0.1205,-0.2524,0.3505,0.1713,0.9722,0.4159,0.249,-0.7816,0.1092,多周期共振看空 ⬇⬇⬇,-0.5824,-0.656,-0.5625
600623,华谊集团,152.15,True,8.11,8.34,7,8.29,-9.57,-1.65,-2.78,0.0245,2026-07-15,2026-07-15,51.48,0.3816,-0.4828,0.6306,0.2358,0.9217,0.0,0.249,-0.5506,0.2247,多周期共振看空 ⬇⬇⬇,-0.2938,-0.6208,-0.3375
000839,国安股份,95.64,True,2.44,2.59,2,2.87,-10.47,-5.52,-5.94,0.0,2026-07-15,2026-07-15,35.16,0.7423,-0.1219,0.6103,0.5966,0.5592,0.0,0.2489,-0.6346,0.1827,多周期共振看空 ⬇⬇⬇,-0.5219,-0.6098,-0.3375
002915,中欣氟材,46.93,True,16.29,19.57,10,13.64,-17.39,-3.23,-16.76,0.0,2026-07-15,2026-07-15,39.9,0.9075,-0.7377,0.8371,0.5445,0.6644,0.0,0.2489,-0.6776,0.1612,多周期共振看空 ⬇⬇⬇,-0.4418,-0.5481,-0.5625
000973,佛塑科技,88.16,True,12.44,13.96,7,9.07,-18.41,-3.96,-10.87,0.0,2026-07-15,2026-07-15,34.43,0.3033,-0.1711,0.7431,0.3135,0.5429,0.0,0.2489,-0.1623,0.4189,月线看多，中短期调整中,-0.6457,-0.3994,0.18
603210,泰鸿万立,31.69,True,13.62,13.59,2,1.08,-8.22,-2.73,0.23,0.05,2026-07-14,2026-07-15,46.13,0.4631,-0.4402,0.4817,0.3018,0.8029,0.1972,0.2489,-0.7332,0.1334,多周期共振看空 ⬇⬇⬇,-0.3488,-0.75,-0.5625
603896,寿仙谷,29.86,True,15.06,13.99,3,7.64,-14.3,-5.01,7.64,0.1135,2026-07-10,2026-07-15,66.67,0.011,0.1368,0.4896,0.2613,0.7407,0.184,0.2485,-0.7384,0.1308,多周期共振看空 ⬇⬇⬇,-0.3622,-0.75,-0.5625
001333,光华股份,24.41,True,19.07,19.16,3,2.18,-11.32,-5.6,-0.44,0.0,2026-07-15,2026-07-15,50.37,0.2779,-0.6425,0.3536,0.1667,0.8972,0.4106,0.2485,-0.6836,0.1582,多周期共振看空 ⬇⬇⬇,-0.4759,-0.5994,-0.495
603107,上海汽配,25.44,True,11.66,11.67,0,-0.09,-9.15,-4.7,-0.09,0.0,2026-07-15,2026-07-15,50.91,-0.0233,-0.0683,0.2782,0.1727,0.9091,0.5363,0.2484,-0.8091,0.0954,多周期共振看空 ⬇⬇⬇,-0.5757,-0.7223,-0.5625
002777,久远银海,49.88,True,12.33,12.37,0,-0.33,-10.59,-5.49,-0.33,0.0,2026-07-15,2026-07-15,49.1,-0.1589,0.1862,0.3594,0.2745,0.8688,0.401,0.2483,-0.8158,0.0921,多周期共振看空 ⬇⬇⬇,-0.5605,-0.75,-0.5625
002247,聚力文化,14.09,True,2.19,2.18,1,0.32,-10.1,-5.89,0.32,0.0,2026-07-14,2026-07-15,53.7,0.1122,-0.0005,0.4377,0.2672,0.9712,0.2706,0.2483,-0.8231,0.0884,多周期共振看空 ⬇⬇⬇,-0.6115,-0.7223,-0.5625
002197,证通电子,30.44,True,5.7,5.87,0,-0.85,-9.98,-5.55,-2.85,0.0,2026-07-15,2026-07-15,43.78,0.1101,0.724,0.4842,0.4661,0.7506,0.193,0.2474,-0.8213,0.0893,多周期共振看空 ⬇⬇⬇,-0.607,-0.7223,-0.5625
603816,XD顾家家,187.16,True,22.94,22.0,3,4.26,-14.95,-7.45,4.26,0.0,2026-07-10,2026-07-15,68.92,0.1075,0.0443,0.2886,0.2822,0.6908,0.519,0.2473,-0.7175,0.1412,多周期共振看空 ⬇⬇⬇,-0.4412,-0.7038,-0.495
600135,乐凯胶片,39.23,True,7.09,7.91,0,-2.68,-11.95,-7.99,-10.32,0.0,2026-07-15,2026-07-15,30.05,0.8061,-0.6584,0.3869,0.4837,0.4455,0.3552,0.2473,-0.6145,0.1927,多周期共振看空 ⬇⬇⬇,-0.7204,-0.3956,-0.3375
603248,锡华科技,0.0,True,18.58,20.74,0,-5.69,-13.05,-9.99,-10.4,0.0,2026-07-15,2026-07-15,26.84,0.4312,-0.4319,0.3704,0.2859,0.3742,0.3827,0.247,-0.2363,0.3819,周线日线方向不一致,-0.7875,0.0,
600850,电科数字,119.09,True,14.59,15.09,1,1.89,-13.46,-6.81,-3.29,0.0,2026-07-15,2026-07-15,42.32,0.519,-0.375,0.4356,0.3614,0.7181,0.274,0.247,-0.6829,0.1586,多周期共振看空 ⬇⬇⬇,-0.3994,-0.5961,-0.5625
600728,佳都科技,90.85,True,4.26,4.32,0,-1.42,-9.0,-5.11,-1.42,0.0,2026-07-15,2026-07-15,44.55,-0.193,0.2576,0.3158,0.303,0.7677,0.4736,0.247,-0.8093,0.0953,多周期共振看空 ⬇⬇⬇,-0.544,-0.75,-0.5625
002279,久其软件,45.82,True,5.76,5.88,0,-1.54,-15.44,-8.2,-2.11,0.0,2026-07-15,2026-07-15,44.87,0.1315,0.1495,0.4063,0.3387,0.7749,0.3228,0.247,-0.754,0.123,多周期共振看空 ⬇⬇⬇,-0.5517,-0.6892,-0.495
002562,兄弟科技,36.2,True,4.45,4.47,0,-0.4,-8.52,-4.99,-0.4,0.0,2026-07-15,2026-07-15,45.38,-0.1473,0.3895,0.3755,0.3558,0.7862,0.3742,0.2469,-0.8368,0.0816,多周期共振看空 ⬇⬇⬇,-0.625,-0.7408,-0.5625
001223,欧克科技,23.31,True,33.38,44.26,11,14.85,-24.58,-3.75,-24.58,0.0,2026-07-15,2026-07-15,15.17,0.8825,-0.3789,0.8243,0.5779,0.1148,0.0,0.2469,-0.0869,0.4566,多周期方向不一致，观望,-0.3488,-0.083,0.0
000590,古汉医药,20.11,True,8.4,8.53,0,-1.49,-11.47,-6.72,-1.49,0.0,2026-07-15,2026-07-15,43.68,-0.7274,0.8823,0.4049,0.4,0.7485,0.3252,0.2468,-0.8241,0.0879,多周期共振看空 ⬇⬇⬇,-0.625,-0.7131,-0.5625
603173,福斯达,51.65,True,32.28,34.97,10,11.34,-9.49,0.66,-7.68,0.0,2026-07-15,2026-07-15,40.32,0.724,-0.4486,0.5404,0.455,0.6739,0.0993,0.2468,-0.6415,0.1793,多周期共振看空 ⬇⬇⬇,-0.2609,-0.6238,-0.5625
000751,锌业股份,64.57,True,4.58,5.43,13,18.14,-18.25,1.58,-15.6,0.0,2026-07-15,2026-07-15,29.29,0.784,-0.3579,0.8299,0.5272,0.4287,0.0,0.2468,-0.3838,0.3081,多周期共振看空 ⬇⬇⬇,-0.2906,-0.3694,-0.225
600815,厦工股份,45.59,True,2.57,2.66,1,0.03,-15.14,-9.38,-3.22,0.0,2026-07-15,2026-07-15,47.9,0.2196,0.0192,0.6219,0.3394,0.8422,0.0,0.2467,-0.5804,0.2098,多周期共振看空 ⬇⬇⬇,-0.6025,-0.4217,-0.3375
002987,京北方,97.78,True,9.66,10.1,0,-1.9,-14.36,-8.23,-4.35,0.0,2026-07-15,2026-07-15,36.78,0.7653,-0.3729,0.3887,0.51,0.5951,0.3521,0.2464,-0.8409,0.0796,多周期共振看空 ⬇⬇⬇,-0.625,-0.75,-0.5625
001308,康冠科技,87.75,True,18.01,20.04,5,2.19,-12.0,-3.29,-10.11,0.0,2026-07-15,2026-07-15,29.98,0.5737,-0.5296,0.3918,0.3442,0.444,0.3469,0.2462,-0.3916,0.3042,多周期共振看空 ⬇⬇⬇,-0.4333,-0.2642,-0.225
601279,英利汽车,49.32,True,3.11,3.1,1,0.18,-9.96,-5.91,0.18,0.0,2026-07-14,2026-07-15,47.69,-0.42,0.1626,0.3145,0.265,0.8376,0.4759,0.2461,-0.8409,0.0796,多周期共振看空 ⬇⬇⬇,-0.625,-0.75,-0.5625
002253,川大智胜,20.3,True,9.67,10.09,0,-2.74,-12.03,-6.77,-4.13,0.0,2026-07-15,2026-07-15,47.41,-0.2163,1.1198,0.5973,0.4,0.8313,0.0045,0.2461,-0.6727,0.1637,多周期共振看空 ⬇⬇⬇,-0.7605,-0.3317,-0.495
001207,联科科技,43.63,True,14.91,15.63,1,0.25,-14.49,-7.84,-4.59,0.0,2026-07-15,2026-07-15,44.49,0.0426,0.5515,0.5696,0.4256,0.7665,0.0507,0.246,-0.6736,0.1632,多周期共振看空 ⬇⬇⬇,-0.6025,-0.6266,-0.3375
002766,索菱股份,29.99,True,3.5,3.63,0,-3.51,-15.71,-10.22,-3.51,0.0,2026-07-15,2026-07-15,43.12,0.1984,0.0579,0.3956,0.3422,0.736,0.3407,0.246,-0.735,0.1325,多周期共振看空 ⬇⬇⬇,-0.616,-0.5248,-0.5625
603718,*ST海利,19.08,True,2.94,2.88,1,2.21,-15.46,-6.4,2.21,0.0,2026-07-14,2026-07-15,53.57,0.1998,0.1954,0.6155,0.398,0.9683,0.0,0.2456,-0.8339,0.0831,多周期共振看空 ⬇⬇⬇,-0.607,-0.75,-0.5625
000880,潍柴重机,52.1,True,22.95,23.6,1,1.02,-14.19,-7.51,-2.76,0.0,2026-07-15,2026-07-15,44.29,0.3997,-0.1832,0.5702,0.3665,0.7619,0.0497,0.2456,-0.5755,0.2122,多周期共振看空 ⬇⬇⬇,-0.3376,-0.413,-0.5625
601026,道生天合,15.29,True,13.76,14.42,0,-0.01,-8.91,-5.26,-4.58,0.0,2026-07-15,2026-07-15,42.61,0.3604,-0.6393,0.3446,0.2163,0.7246,0.4256,0.2455,-0.5918,0.2041,周线日线共振看空,-0.5435,-0.45,
603016,新宏泰,43.6,True,29.43,33.35,0,-4.26,-13.89,-9.96,-11.77,0.0,2026-07-15,2026-07-15,25.7,0.6593,-0.5496,0.4393,0.3956,0.3489,0.2678,0.2454,-0.303,0.3485,月线震荡，中短期走弱,-0.783,-0.3233,-0.0241
600328,中盐化工,89.59,True,6.11,6.22,2,0.35,-8.66,-4.43,-1.73,0.0,2026-07-15,2026-07-15,41.5,0.4761,-0.3464,0.3457,0.3471,0.6999,0.4239,0.2451,-0.7738,0.1131,多周期共振看空 ⬇⬇⬇,-0.607,-0.6854,-0.495
002149,西部材料,185.64,True,38.03,47.82,0,-4.17,-21.49,-13.56,-20.47,0.0,2026-07-15,2026-07-15,32.5,0.665,-0.5406,0.7946,0.399,0.5,0.0,0.245,-0.2784,0.3608,月线震荡，中短期走弱,-0.83,-0.209,-0.0155
600602,云赛智联,178.33,True,16.6,16.68,4,3.25,-12.22,-4.4,-0.48,0.0,2026-07-15,2026-07-15,47.21,0.1942,0.2094,0.6253,0.4003,0.827,0.0,0.245,-0.6726,0.1637,多周期共振看空 ⬇⬇⬇,-0.4106,-0.5637,-0.5625
603927,中科软,107.95,True,12.99,13.1,0,-0.87,-12.76,-6.1,-0.87,0.0,2026-07-15,2026-07-15,47.51,0.156,-0.0993,0.3303,0.2539,0.8335,0.4496,0.245,-0.8063,0.0968,多周期共振看空 ⬇⬇⬇,-0.547,-0.7408,-0.5625
001283,豪鹏科技,46.86,True,45.32,48.69,3,2.99,-14.06,-4.88,-6.93,0.0,2026-07-15,2026-07-15,40.18,0.2547,0.2406,0.6321,0.449,0.6706,0.0,0.2449,-0.564,0.218,多周期共振看空 ⬇⬇⬇,-0.5229,-0.2964,-0.495
600562,国睿科技,262.65,True,21.15,21.38,4,10.45,-8.68,-1.89,-1.08,0.0,2026-07-15,2026-07-15,52.03,0.4034,-0.348,0.6604,0.3029,0.9339,0.0,0.2449,-0.6462,0.1769,多周期共振看空 ⬇⬇⬇,-0.2561,-0.6381,-0.5625
002977,*ST天箭,15.82,True,23.74,23.3,8,10.16,-17.7,-4.03,1.91,0.0742,2026-07-14,2026-07-15,57.85,0.2379,-0.3674,0.6977,0.1958,0.9366,0.0,0.2448,-0.6565,0.1718,多周期共振看空 ⬇⬇⬇,-0.2383,-0.6762,-0.5625
002633,申科股份,21.46,True,14.36,15.37,0,-1.59,-8.69,-5.89,-6.56,0.0,2026-07-15,2026-07-15,31.97,0.3654,-0.0677,0.3877,0.3922,0.4882,0.3538,0.2448,-0.5377,0.2312,多周期共振看空 ⬇⬇⬇,-0.5038,-0.4125,-0.3375
002122,ST汇洲,46.71,True,2.35,2.4,4,2.8,-14.89,-5.04,-1.96,0.0,2026-07-15,2026-07-15,59.15,-0.4713,0.2284,0.4925,0.2914,0.9077,0.1791,0.2448,-0.74,0.13,多周期共振看空 ⬇⬇⬇,-0.4093,-0.7131,-0.5625
603395,红四方,13.77,True,21.19,20.92,1,1.28,-9.68,-5.08,1.28,0.0,2026-07-14,2026-07-15,53.67,0.2559,-0.4594,0.3327,0.1698,0.9704,0.4455,0.2446,-0.8357,0.0822,多周期共振看空 ⬇⬇⬇,-0.6115,-0.75,-0.5625
603033,三维股份,83.74,True,8.27,9.07,5,9.23,-13.14,-5.22,-8.83,0.0,2026-07-15,2026-07-15,45.58,0.5816,-0.2902,0.7852,0.4329,0.7907,0.0,0.2444,-0.6867,0.1567,多周期共振看空 ⬇⬇⬇,-0.6763,-0.367,-0.5625
002846,英联股份,25.91,True,9.96,10.82,4,2.93,-14.47,-6.61,-7.95,0.0,2026-07-15,2026-07-15,26.98,0.5855,0.1504,0.3293,0.6115,0.3774,0.4512,0.2441,-0.8397,0.0801,多周期共振看空 ⬇⬇⬇,-0.7328,-0.6548,-0.5625
603130,云中马,53.25,True,38.72,40.37,2,0.82,-14.3,-5.31,-4.08,0.0,2026-07-15,2026-07-15,43.5,-0.0132,0.9693,0.7462,0.4,0.7444,0.0,0.2441,-0.5806,0.2097,多周期共振看空 ⬇⬇⬇,-0.4803,-0.3694,-0.495
603285,键邦股份,23.63,True,37.93,46.45,10,15.8,-18.34,-0.85,-18.34,0.0,2026-07-15,2026-07-15,27.36,0.3743,-0.3177,1.0129,0.2975,0.3858,0.0,0.244,0.0134,0.5067,多周期方向不一致，观望,-0.3563,-0.0856,0.45
002011,盾安环境,108.3,True,10.22,10.45,3,2.5,-9.61,-4.38,-2.18,0.0,2026-07-15,2026-07-15,44.36,0.2759,-0.338,0.3671,0.2303,0.7636,0.3882,0.2439,-0.6445,0.1778,多周期共振看空 ⬇⬇⬇,-0.3976,-0.5131,-0.5625
002098,浔兴股份,23.48,True,6.56,6.53,1,0.5,-7.83,-4.42,0.5,0.0,2026-07-14,2026-07-15,53.08,0.0099,-0.1863,0.2935,0.1314,0.9573,0.5108,0.2436,-0.8187,0.0907,多周期共振看空 ⬇⬇⬇,-0.568,-0.75,-0.5625
002623,亚玛顿,28.38,True,14.73,15.84,2,2.05,-12.03,-7.13,-7.01,0.0,2026-07-15,2026-07-15,44.91,0.1938,0.2481,0.7318,0.4155,0.7758,0.0,0.2435,-0.6481,0.1759,多周期共振看空 ⬇⬇⬇,-0.4971,-0.5034,-0.495
002005,ST德豪,41.35,True,2.36,2.46,1,0.85,-17.56,-7.31,-4.05,0.0,2026-07-15,2026-07-15,43.86,-0.1544,2.6808,0.5761,0.4,0.7524,0.0398,0.2434,-0.6278,0.1861,多周期共振看空 ⬇⬇⬇,-0.6595,-0.4771,-0.3375
605488,福莱新材,76.36,True,27.67,30.35,3,6.92,-19.8,-7.49,-8.82,0.0,2026-07-15,2026-07-15,49.08,0.3438,-0.2152,0.8702,0.3202,0.8683,0.0,0.2431,-0.6096,0.1952,多周期共振看空 ⬇⬇⬇,-0.5336,-0.3873,-0.495
000801,四川九洲,112.16,True,11.04,11.62,5,9.66,-10.26,-3.41,-5.03,0.0,2026-07-15,2026-07-15,50.29,0.6847,-0.6144,0.689,0.4108,0.8954,0.0,0.2429,-0.7888,0.1056,多周期共振看空 ⬇⬇⬇,-0.4912,-0.75,-0.5625
601698,中国卫通,1175.65,True,27.83,29.87,6,8.18,-9.33,-2.4,-6.84,0.0,2026-07-15,2026-07-15,49.59,0.3564,-0.5319,0.7118,0.2138,0.8798,0.0,0.2427,-0.4566,0.2717,多周期共振看空 ⬇⬇⬇,-0.1904,-0.5028,-0.3375
002825,纳尔股份,20.89,True,8.14,8.36,0,-2.57,-13.17,-7.94,-2.57,0.0,2026-07-15,2026-07-15,42.25,0.1173,0.1982,0.3565,0.3496,0.7166,0.4059,0.2426,-0.803,0.0985,多周期共振看空 ⬇⬇⬇,-0.616,-0.6744,-0.5625
603280,南方路机,27.19,True,25.08,25.75,0,-0.01,-8.61,-4.73,-2.61,0.0,2026-07-15,2026-07-15,44.05,0.4576,-0.2938,0.3772,0.3571,0.7566,0.3713,0.2426,-0.8357,0.0822,多周期共振看空 ⬇⬇⬇,-0.6115,-0.75,-0.5625
603195,公牛集团,679.02,True,37.72,38.35,1,0.45,-4.39,-2.58,-1.63,0.0232,2026-07-15,2026-07-15,40.67,0.3022,-0.5401,0.2265,0.1813,0.6815,0.6225,0.2425,-0.7219,0.1391,多周期共振看空 ⬇⬇⬇,-0.6402,-0.5429,-0.495
605299,舒华体育,49.04,True,12.03,13.35,0,-7.21,-12.55,-10.14,-9.9,0.0,2026-07-15,2026-07-15,14.71,0.5184,-0.5831,0.2546,0.3111,0.1046,0.5756,0.2424,-0.1448,0.4276,月线看多，中短期调整中,-0.625,-0.3337,0.18
002535,林州重机,17.24,True,2.31,2.29,1,1.05,-11.59,-5.94,1.05,0.0,2026-07-14,2026-07-15,54.79,0.2797,-0.193,0.5655,0.2906,0.9954,0.0575,0.2423,-0.7671,0.1164,多周期共振看空 ⬇⬇⬇,-0.4356,-0.75,-0.5625
002863,今飞凯达,26.14,True,4.36,4.39,0,-0.65,-10.18,-5.8,-0.65,0.0,2026-07-15,2026-07-15,47.83,-0.114,0.0895,0.3253,0.2358,0.8406,0.4579,0.2422,-0.8147,0.0927,多周期共振看空 ⬇⬇⬇,-0.6115,-0.7038,-0.5625
002052,同洲电子,55.15,True,8.0,8.16,1,1.53,-12.34,-6.8,-1.98,0.0,2026-07-15,2026-07-15,48.34,0.2162,0.1334,0.5565,0.383,0.8521,0.0725,0.2419,-0.7585,0.1208,多周期共振看空 ⬇⬇⬇,-0.4696,-0.7021,-0.5625
600619,海立股份,103.38,True,13.1,14.37,5,7.25,-10.31,-3.39,-8.84,0.0,2026-07-15,2026-07-15,41.16,0.5963,-0.24,0.4835,0.4618,0.6924,0.1941,0.2419,-0.7901,0.1049,多周期共振看空 ⬇⬇⬇,-0.6502,-0.6167,-0.5625
002355,兴民智通,26.15,True,4.23,4.34,0,-2.61,-12.97,-9.02,-2.61,0.0,2026-07-15,2026-07-15,43.7,0.3758,-0.1886,0.385,0.35,0.7488,0.3583,0.2417,-0.8115,0.0943,多周期共振看空 ⬇⬇⬇,-0.625,-0.6854,-0.5625
002398,垒知集团,0.0,True,3.83,3.84,0,-0.38,-8.99,-5.48,-0.38,0.0,2026-07-15,2026-07-15,47.5,0.061,-0.0347,0.2885,0.2227,0.8333,0.5191,0.2416,-0.8392,0.0804,多周期共振看空 ⬇⬇⬇,-0.6205,-0.75,-0.5625
002254,泰和新材,111.01,True,13.05,16.44,11,21.11,-20.64,-1.54,-20.64,0.0,2026-07-15,2026-07-15,5.61,0.7968,-0.7498,0.8894,0.4781,0.0,0.0,0.2413,0.1656,0.5828,上升趋势中的日线回调（关注买点）,-0.3307,0.3902,0.45
002298,中电鑫龙,46.12,True,6.98,7.49,0,-5.17,-13.0,-8.56,-6.83,0.0,2026-07-15,2026-07-15,36.36,0.3642,0.1869,0.4473,0.4933,0.5859,0.2545,0.2412,-0.766,0.117,多周期共振看空 ⬇⬇⬇,-0.616,-0.5931,-0.5625
002045,国光电器,42.58,True,7.58,7.92,0,-4.29,-10.22,-6.92,-4.29,0.0,2026-07-15,2026-07-15,38.21,-0.2569,1.528,0.3191,0.4,0.6268,0.4682,0.2412,-0.8374,0.0813,多周期共振看空 ⬇⬇⬇,-0.616,-0.75,-0.5625
600933,爱柯迪,134.59,True,13.72,14.55,4,4.17,-9.3,-2.62,-5.7,0.0,2026-07-15,2026-07-15,41.34,0.4616,-0.1583,0.461,0.4137,0.6965,0.2317,0.2411,-0.7543,0.1229,多周期共振看空 ⬇⬇⬇,-0.5246,-0.6456,-0.5625
001386,马可波罗,15.62,True,14.52,14.66,3,2.77,-8.02,-3.92,-0.97,0.0,2026-07-15,2026-07-15,45.67,0.2422,-0.7577,0.3267,0.1453,0.7927,0.4555,0.2411,-0.6195,0.1902,周线日线共振看空,-0.5935,-0.45,
600078,澄星股份,70.1,True,10.58,12.79,12,15.09,-24.76,-3.5,-17.29,0.0,2026-07-15,2026-07-15,16.41,0.8622,-0.7261,0.8103,0.5173,0.1423,0.0,0.241,-0.0705,0.4647,月线看多，中短期调整中,-0.3695,-0.209,0.1902
600444,国机通用,18.93,True,12.93,13.26,0,-1.83,-8.21,-5.4,-2.46,0.0,2026-07-15,2026-07-15,44.06,0.1047,0.1232,0.3419,0.3121,0.7569,0.4302,0.2409,-0.8248,0.0876,多周期共振看空 ⬇⬇⬇,-0.616,-0.7223,-0.5625
603279,景津装备,72.05,True,12.5,12.38,1,0.93,-11.67,-5.87,0.93,0.0,2026-07-14,2026-07-15,58.65,-0.1423,-0.2404,0.2908,0.1038,0.919,0.5153,0.2408,-0.7544,0.1228,多周期共振看空 ⬇⬇⬇,-0.6025,-0.6467,-0.495
600725,云维股份,39.07,True,3.17,3.2,0,-1.06,-16.28,-8.97,-1.06,0.0,2026-07-15,2026-07-15,52.89,0.0378,0.1016,0.5983,0.2633,0.9532,0.0028,0.2407,-0.6413,0.1794,多周期共振看空 ⬇⬇⬇,-0.4402,-0.6946,-0.3375
603386,骏亚科技,45.46,True,13.93,17.65,13,15.31,-23.55,-1.19,-21.09,0.0,2026-07-15,2026-07-15,18.93,0.7572,-0.6748,0.7346,0.4543,0.1985,0.0,0.2406,-0.0399,0.48,多周期方向不一致，观望,-0.2707,-0.0479,0.1045
603657,春光科技,32.62,True,24.13,24.19,6,13.32,-15.88,-3.08,-0.24,0.0123,2026-07-15,2026-07-15,55.76,0.2742,-0.406,0.7881,0.2021,0.9831,0.0,0.2405,-0.6086,0.1957,多周期共振看空 ⬇⬇⬇,-0.4327,-0.4042,-0.5625
000050,深天马Ａ,163.68,True,6.72,8.88,13,27.13,-24.35,2.01,-24.35,0.0,2026-07-15,2026-07-15,14.12,0.8301,0.2004,0.8235,0.7782,0.0915,0.0,0.2404,-0.4318,0.2841,多周期共振看空 ⬇⬇⬇,-0.1823,-0.3428,-0.45
002270,华明装备,161.23,True,17.99,19.31,4,2.82,-9.1,-4.49,-6.82,0.0,2026-07-15,2026-07-15,36.68,0.6794,-0.3548,0.5334,0.4657,0.5928,0.111,0.2403,-0.623,0.1885,多周期共振看空 ⬇⬇⬇,-0.4141,-0.6768,-0.3375
603615,茶花股份,38.09,True,15.75,17.1,5,7.99,-11.85,-4.47,-7.91,0.0,2026-07-15,2026-07-15,47.31,0.0089,0.9521,0.746,0.4053,0.8292,0.0,0.24,-0.7234,0.1383,多周期共振看空 ⬇⬇⬇,-0.6651,-0.4574,-0.5625
603758,秦安股份,41.6,True,9.48,9.62,4,5.11,-11.27,-4.86,-1.42,0.0,2026-07-15,2026-07-15,53.59,0.2562,-0.1658,0.5264,0.2874,0.9687,0.1227,0.2399,-0.8009,0.0996,多周期共振看空 ⬇⬇⬇,-0.5547,-0.7223,-0.5625
603105,芯能科技,33.5,True,6.7,6.94,0,-3.45,-13.25,-8.96,-3.45,0.0,2026-07-15,2026-07-15,40.37,0.3535,-0.2419,0.3271,0.3153,0.6749,0.4549,0.2398,-0.7598,0.1201,多周期共振看空 ⬇⬇⬇,-0.625,-0.6392,-0.495
603567,珍宝岛,46.78,True,4.98,4.71,3,5.67,-29.57,-14.49,5.67,0.0,2026-07-10,2026-07-15,62.79,-0.333,1.267,0.7054,0.4,0.8269,0.0,0.2398,-0.714,0.143,多周期共振看空 ⬇⬇⬇,-0.4322,-0.6363,-0.5625
601877,正泰电器,516.61,True,24.04,25.17,0,-0.52,-8.13,-5.04,-4.47,0.0,2026-07-15,2026-07-15,30.93,0.6527,-0.558,0.2833,0.3916,0.4652,0.5278,0.2397,-0.6895,0.1552,多周期共振看空 ⬇⬇⬇,-0.607,-0.6577,-0.3375
603275,众辰科技,14.93,True,35.95,38.75,3,3.56,-10.22,-4.29,-7.22,0.0,2026-07-15,2026-07-15,40.25,0.6045,-0.4021,0.4485,0.4018,0.6722,0.2526,0.2397,-0.734,0.133,多周期共振看空 ⬇⬇⬇,-0.6749,-0.4723,-0.5625
000410,沈阳机床,90.67,True,4.6,4.75,1,0.37,-11.31,-5.64,-3.18,0.0,2026-07-15,2026-07-15,45.61,0.4339,-0.1917,0.4753,0.3837,0.7914,0.2078,0.2394,-0.8144,0.0928,多周期共振看空 ⬇⬇⬇,-0.557,-0.75,-0.5625
002906,华阳集团,124.54,True,23.74,25.5,3,1.73,-11.55,-5.54,-6.9,0.0,2026-07-15,2026-07-15,39.5,0.7608,-0.4258,0.6069,0.4861,0.6555,0.0,0.2392,-0.6509,0.1745,多周期共振看空 ⬇⬇⬇,-0.5437,-0.4021,-0.5625
002676,顺威股份,34.85,True,4.84,5.02,3,2.92,-12.13,-4.78,-3.64,0.0,2026-07-15,2026-07-15,51.02,0.3473,-0.3925,0.4423,0.2514,0.9116,0.2628,0.2391,-0.7937,0.1032,多周期共振看空 ⬇⬇⬇,-0.5361,-0.7223,-0.5625
000720,新能泰山,40.71,True,3.24,3.62,0,-8.9,-18.58,-14.05,-10.45,0.0,2026-07-15,2026-07-15,23.21,0.7831,-0.2781,0.429,0.5586,0.2937,0.285,0.2391,-0.5617,0.2192,多周期共振看空 ⬇⬇⬇,-0.783,-0.2933,-0.27
600320,振华重工,137.04,True,4.14,4.2,0,-1.39,-6.72,-4.55,-1.51,0.0,2026-07-15,2026-07-15,42.86,0.0895,-0.1563,0.301,0.1912,0.7302,0.4983,0.2389,-0.6695,0.1653,多周期共振看空 ⬇⬇⬇,-0.6115,-0.6098,-0.3375
002184,海得控制,22.47,True,9.35,9.65,1,1.08,-15.83,-8.43,-3.11,0.0,2026-07-15,2026-07-15,48.72,0.3694,-0.2064,0.5769,0.3391,0.8605,0.0385,0.2389,-0.6944,0.1528,多周期共振看空 ⬇⬇⬇,-0.4034,-0.6179,-0.5625
600570,恒生电子,394.83,True,20.85,21.53,2,0.99,-8.2,-4.0,-3.16,0.0,2026-07-15,2026-07-15,37.61,0.5274,-0.2067,0.4521,0.4337,0.6135,0.2465,0.2389,-0.7159,0.1421,多周期共振看空 ⬇⬇⬇,-0.3474,-0.7131,-0.5625
603082,北自科技,14.17,True,34.93,40.15,12,26.24,-13.08,3.61,-12.99,0.0,2026-07-15,2026-07-15,11.21,0.7906,-0.1868,0.6993,0.5996,0.0269,0.0,0.2387,-0.0823,0.4588,多周期方向不一致，观望,0.1011,-0.2235,-0.225
600202,哈空调,17.6,True,4.59,4.63,0,-0.89,-10.49,-6.52,-0.89,0.0,2026-07-15,2026-07-15,47.79,0.3108,-0.359,0.399,0.2429,0.8399,0.335,0.2387,-0.7545,0.1228,多周期共振看空 ⬇⬇⬇,-0.6115,-0.5717,-0.5625
603039,泛微网络,95.8,True,31.14,35.23,2,20.18,-19.96,-8.5,-11.61,0.0,2026-07-15,2026-07-15,40.85,0.6584,-0.6327,0.5802,0.395,0.6856,0.0329,0.2387,-0.5717,0.2142,多周期共振看空 ⬇⬇⬇,-0.4712,-0.2901,-0.5625
000565,渝三峡Ａ,25.1,True,5.79,5.9,0,-0.09,-10.29,-5.98,-1.9,0.0,2026-07-15,2026-07-15,46.59,0.1618,-0.1134,0.3782,0.2518,0.8131,0.3697,0.2386,-0.7654,0.1173,多周期共振看空 ⬇⬇⬇,-0.607,-0.5994,-0.5625
002196,方正电机,53.58,True,10.97,12.42,5,8.18,-14.3,-5.27,-11.67,0.0,2026-07-15,2026-07-15,34.76,0.7358,-0.3681,0.8221,0.4942,0.5503,0.0,0.2384,-0.5443,0.2278,多周期共振看空 ⬇⬇⬇,-0.5511,-0.3863,-0.3375
002802,洪汇新材,15.87,True,10.6,10.91,0,-2.86,-11.2,-6.96,-2.86,0.0,2026-07-15,2026-07-15,42.36,0.3114,-0.2364,0.3937,0.2923,0.7191,0.3438,0.2382,-0.7,0.15,多周期共振看空 ⬇⬇⬇,-0.625,-0.4402,-0.5625
000893,亚钾国际,341.53,True,42.07,41.99,4,3.51,-10.9,-4.74,0.19,0.0,2026-07-14,2026-07-15,46.97,0.1792,0.078,0.5947,0.3387,0.8216,0.0088,0.238,-0.6311,0.1845,多周期共振看空 ⬇⬇⬇,-0.4463,-0.6669,-0.3375
603788,宁波高发,30.23,True,13.55,13.86,0,-0.54,-7.48,-4.49,-2.26,0.0,2026-07-15,2026-07-15,41.69,0.1946,-0.3157,0.279,0.1905,0.7043,0.535,0.2378,-0.6758,0.1621,多周期共振看空 ⬇⬇⬇,-0.5239,-0.4738,-0.5625
603895,天永智能,30.32,True,28.05,29.95,6,4.95,-14.04,-5.65,-6.35,0.0,2026-07-15,2026-07-15,44.64,0.2256,-0.1909,0.5934,0.259,0.7697,0.0109,0.2377,-0.4452,0.2774,多周期共振看空 ⬇⬇⬇,-0.4467,-0.3255,-0.27
603006,联明股份,27.71,True,10.9,13.35,12,8.15,-18.35,-1.6,-18.35,0.0,2026-07-15,2026-07-15,17.87,0.776,-0.04,0.5793,0.6496,0.1749,0.0346,0.2377,-0.3754,0.3123,多周期共振看空 ⬇⬇⬇,-0.3902,-0.1757,-0.315
600075,新疆天业,74.8,True,4.38,4.26,1,2.94,-13.71,-6.42,2.94,0.0,2026-07-14,2026-07-15,59.17,-0.5413,0.2281,0.5829,0.2912,0.9073,0.0285,0.2377,-0.6762,0.1619,多周期共振看空 ⬇⬇⬇,-0.607,-0.6283,-0.3375
002363,隆基机械,25.86,True,6.22,6.22,0,-0.06,-10.35,-5.35,-0.06,0.0,2026-07-15,2026-07-15,51.32,0.006,-0.0671,0.3517,0.1767,0.9181,0.4138,0.2375,-0.8153,0.0923,多周期共振看空 ⬇⬇⬇,-0.6023,-0.7131,-0.5625
003006,百亚股份,58.37,True,13.62,14.26,2,1.84,-11.06,-5.01,-4.51,0.0,2026-07-15,2026-07-15,48.33,-0.3929,0.8393,0.5457,0.4,0.8518,0.0904,0.2372,-0.8371,0.0815,多周期共振看空 ⬇⬇⬇,-0.6368,-0.7315,-0.5625
603977,国泰集团,71.57,True,11.52,13.98,9,16.8,-17.58,-0.83,-17.58,0.0,2026-07-15,2026-07-15,33.74,0.6182,-0.1617,0.6635,0.5062,0.5276,0.0,0.2372,-0.5453,0.2273,多周期共振看空 ⬇⬇⬇,-0.5022,-0.5429,-0.225
002209,达 意 隆,16.08,True,10.28,10.56,0,-1.48,-9.94,-6.25,-2.67,0.0,2026-07-15,2026-07-15,46.06,0.4786,-0.3942,0.4346,0.3295,0.8013,0.2757,0.2371,-0.8122,0.0939,多周期共振看空 ⬇⬇⬇,-0.616,-0.6946,-0.5625
603680,今创集团,73.83,True,9.42,10.07,0,-1.39,-11.11,-6.91,-6.5,0.0,2026-07-15,2026-07-15,40.14,-0.014,0.4172,0.4014,0.3669,0.6697,0.331,0.237,-0.7597,0.1201,多周期共振看空 ⬇⬇⬇,-0.682,-0.5902,-0.495
002202,金风科技,635.03,True,18.88,22.16,7,10.16,-14.79,-1.98,-14.79,0.0,2026-07-15,2026-07-15,41.59,0.5851,-0.4994,0.889,0.3513,0.7021,0.0,0.2365,-0.5126,0.2437,多周期共振看空 ⬇⬇⬇,-0.3928,-0.4596,-0.3303
600783,鲁信创投,118.13,True,15.87,19.66,3,5.69,-19.27,-6.75,-19.27,0.0,2026-07-15,2026-07-15,41.12,0.6033,-0.5265,0.9896,0.362,0.6916,0.0,0.2364,-0.5176,0.2412,多周期共振看空 ⬇⬇⬇,-0.5217,-0.3529,-0.3375
000830,鲁西化工,230.21,True,12.09,12.38,7,4.21,-8.36,-1.35,-2.38,0.0633,2026-07-15,2026-07-15,42.42,0.5154,-0.5622,0.5479,0.3092,0.7204,0.0869,0.2364,-0.6896,0.1552,多周期共振看空 ⬇⬇⬇,-0.3911,-0.6854,-0.495
601567,三星电气,194.34,True,13.83,14.49,1,4.45,-8.25,-3.84,-4.57,0.0,2026-07-15,2026-07-15,40.19,0.7633,-0.6423,0.4938,0.458,0.671,0.1769,0.2363,-0.7894,0.1053,多周期共振看空 ⬇⬇⬇,-0.5683,-0.6854,-0.5625
600685,中船防务,210.29,True,25.6,26.21,4,8.43,-7.8,-1.49,-2.34,0.017,2026-07-15,2026-07-15,49.27,0.0633,-0.0687,0.6392,0.2105,0.8727,0.0,0.2358,-0.5379,0.231,多周期共振看空 ⬇⬇⬇,-0.2288,-0.6485,-0.3375
002151,北斗星通,130.28,True,29.42,31.48,1,1.65,-8.13,-4.78,-6.54,0.0,2026-07-15,2026-07-15,42.84,-0.2644,0.4419,0.6039,0.3768,0.7298,0.0,0.2358,-0.5922,0.2039,多周期共振看空 ⬇⬇⬇,-0.531,-0.5089,-0.3375
002296,辉煌科技,30.39,True,8.75,9.02,0,-0.65,-9.64,-4.34,-3.02,0.0,2026-07-15,2026-07-15,44.21,0.0091,0.1871,0.3912,0.2803,0.7602,0.348,0.2358,-0.7527,0.1236,多周期共振看空 ⬇⬇⬇,-0.5637,-0.6762,-0.495
002598,ST章鼓,19.28,True,6.73,6.63,4,1.89,-10.81,-3.12,1.46,0.0578,2026-07-14,2026-07-15,58.2,-0.5745,-0.4142,0.4063,0.0343,0.9289,0.3228,0.2356,-0.6821,0.1589,多周期共振看空 ⬇⬇⬇,-0.2176,-0.75,-0.5625
600141,兴发集团,383.36,True,31.9,39.84,15,38.62,-22.39,9.86,-19.94,0.0,2026-07-15,2026-07-15,13.73,0.8074,-0.7183,0.9125,0.4844,0.083,0.0,0.2354,0.0083,0.5041,多周期方向不一致，观望,0.0545,0.0574,-0.0675
001285,瑞立科密,16.74,True,40.34,41.87,1,0.03,-9.59,-4.77,-3.64,0.0,2026-07-15,2026-07-15,43.08,0.0908,-0.2343,0.382,0.1608,0.7352,0.3633,0.2352,-0.5485,0.2258,周线日线共振看空,-0.4654,-0.45,
603328,依顿电子,96.05,True,9.62,12.33,7,15.19,-21.96,-4.85,-21.96,0.0,2026-07-15,2026-07-15,18.83,0.8362,-0.5696,0.7077,0.5017,0.1963,0.0,0.2352,-0.1567,0.4216,多周期方向不一致，观望,-0.5248,-0.0815,-0.1575
001208,华菱线缆,42.77,True,13.42,14.54,3,7.98,-10.05,-4.6,-7.68,0.0,2026-07-15,2026-07-15,45.5,0.1689,-0.0446,0.7272,0.2835,0.7888,0.0,0.2351,-0.5193,0.2404,多周期共振看空 ⬇⬇⬇,-0.3691,-0.4874,-0.3375
603026,石大胜华,148.3,True,63.73,84.24,11,12.56,-24.35,-4.08,-24.35,0.0,2026-07-15,2026-07-15,17.46,0.7954,-0.6123,0.7273,0.4772,0.1657,0.0,0.2351,-0.0818,0.4591,月线看多，中短期调整中,-0.4294,-0.314,0.2925
002798,帝欧水华,26.2,True,5.07,5.34,0,-1.11,-16.23,-9.44,-5.1,0.0,2026-07-15,2026-07-15,44.95,0.513,-0.7711,0.6288,0.3078,0.7768,0.0,0.2349,-0.5455,0.2273,多周期共振看空 ⬇⬇⬇,-0.455,-0.314,-0.495
600973,宝胜股份,77.89,True,5.68,6.5,4,8.56,-14.02,-3.85,-12.66,0.0,2026-07-15,2026-07-15,30.14,0.7723,-0.7029,0.5316,0.4634,0.4476,0.1139,0.2349,-0.4908,0.2546,多周期共振看空 ⬇⬇⬇,-0.562,-0.3269,-0.27
603025,大豪科技,143.19,True,12.91,13.73,0,-1.17,-10.16,-4.9,-5.97,0.0,2026-07-15,2026-07-15,38.51,0.3916,-0.1006,0.4001,0.3947,0.6336,0.3331,0.2348,-0.7801,0.1099,多周期共振看空 ⬇⬇⬇,-0.7902,-0.4748,-0.5625
600215,派斯林,26.77,True,5.86,6.06,3,10.46,-9.97,-3.37,-3.31,0.0,2026-07-15,2026-07-15,47.12,0.6315,-0.5167,0.6308,0.3789,0.8249,0.0,0.2348,-0.7177,0.1411,多周期共振看空 ⬇⬇⬇,-0.4225,-0.6528,-0.5625
002660,茂硕电源,21.99,True,6.41,6.6,0,-2.89,-10.0,-7.06,-2.89,0.0,2026-07-15,2026-07-15,42.78,0.3356,-0.1616,0.3832,0.3367,0.7284,0.3613,0.2347,-0.8241,0.0879,多周期共振看空 ⬇⬇⬇,-0.625,-0.7131,-0.5625
600071,凤凰光学,43.17,True,15.33,16.61,2,3.55,-10.63,-3.52,-7.71,0.0,2026-07-15,2026-07-15,32.79,0.7661,-0.3629,0.4318,0.5145,0.5064,0.2803,0.2347,-0.7773,0.1114,多周期共振看空 ⬇⬇⬇,-0.5049,-0.7131,-0.5625
002362,汉王科技,30.27,True,14.58,15.65,3,5.25,-13.59,-6.76,-6.83,0.0,2026-07-15,2026-07-15,37.39,0.8501,-0.7998,0.4893,0.51,0.6086,0.1844,0.2346,-0.8169,0.0916,多周期共振看空 ⬇⬇⬇,-0.6277,-0.6948,-0.5625
002725,跃岭股份,27.09,True,10.88,12.17,0,-2.73,-14.6,-7.97,-10.61,0.0,2026-07-15,2026-07-15,31.73,0.8476,-0.4165,0.5698,0.542,0.483,0.0504,0.2346,-0.6103,0.1949,多周期共振看空 ⬇⬇⬇,-0.538,-0.3852,-0.495
603488,展鹏科技,24.18,True,8.28,10.11,5,11.5,-23.67,-10.09,-18.11,0.0,2026-07-15,2026-07-15,26.91,0.8915,-0.5718,0.7719,0.5349,0.3757,0.0,0.2345,-0.4306,0.2847,多周期共振看空 ⬇⬇⬇,-0.6112,-0.1525,-0.27
605122,四方新材,18.51,True,10.74,11.02,0,-2.57,-10.09,-7.16,-2.57,0.0,2026-07-15,2026-07-15,42.55,0.1095,-0.0237,0.3632,0.2562,0.7234,0.3947,0.2345,-0.7174,0.1413,多周期共振看空 ⬇⬇⬇,-0.616,-0.4863,-0.5625
002334,英威腾,49.17,True,6.69,7.31,0,-2.46,-16.04,-9.47,-8.43,0.0,2026-07-15,2026-07-15,28.42,0.8428,-0.7823,0.3418,0.5057,0.4092,0.4304,0.2344,-0.7689,0.1155,多周期共振看空 ⬇⬇⬇,-0.738,-0.4949,-0.5625
002043,兔 宝 宝,91.98,True,11.39,11.42,1,0.35,-8.07,-4.28,-0.24,0.0,2026-07-15,2026-07-15,48.2,0.0147,-0.302,0.3642,0.088,0.8488,0.393,0.234,-0.6022,0.1989,多周期共振看空 ⬇⬇⬇,-0.5972,-0.4741,-0.3375
002530,金财互联,45.95,True,6.61,6.91,0,-2.45,-10.47,-6.5,-4.35,0.0,2026-07-15,2026-07-15,38.12,0.5498,-0.2904,0.4016,0.4137,0.6249,0.3307,0.234,-0.8046,0.0977,多周期共振看空 ⬇⬇⬇,-0.575,-0.7131,-0.5625
605399,晨光新材,34.86,True,11.19,13.51,9,9.41,-17.16,-1.14,-17.16,0.0,2026-07-15,2026-07-15,38.63,0.4676,-0.2081,0.8029,0.3973,0.6362,0.0,0.2337,-0.5293,0.2354,多周期共振看空 ⬇⬇⬇,-0.4069,-0.477,-0.3375
000967,盈峰环境,271.3,True,8.08,9.75,5,12.26,-17.29,-4.99,-17.12,0.0,2026-07-15,2026-07-15,20.23,0.6391,-0.3168,0.8793,0.4568,0.2274,0.0,0.2336,-0.1346,0.4327,月线看多，中短期调整中,-0.7332,-0.3048,0.2925
600148,长春一东,20.69,True,14.62,14.98,0,-1.19,-9.86,-5.74,-2.43,0.0,2026-07-15,2026-07-15,46.39,0.4051,-0.5669,0.3798,0.243,0.8087,0.3669,0.2336,-0.7839,0.108,多周期共振看空 ⬇⬇⬇,-0.6115,-0.6363,-0.5625
600703,三安光电,710.94,True,14.25,18.49,12,30.14,-22.95,4.72,-22.95,0.0,2026-07-15,2026-07-15,16.33,0.5986,-0.5287,0.8395,0.3592,0.1408,0.0,0.2335,0.1248,0.5624,多周期方向不一致，观望,0.002,0.5468,0.0
002082,ST万邦,66.89,True,11.78,11.97,4,6.61,-17.63,-6.58,-1.6,0.0,2026-07-15,2026-07-15,50.69,-0.2649,0.1036,0.5999,0.2415,0.9042,0.0002,0.2334,-0.6041,0.198,多周期共振看空 ⬇⬇⬇,-0.553,-0.5163,-0.3375
002664,信质集团,65.22,True,16.2,17.94,4,7.98,-11.33,-3.27,-9.72,0.0,2026-07-15,2026-07-15,40.81,0.5321,-0.0786,0.6365,0.4878,0.6848,0.0,0.2333,-0.7356,0.1322,多周期共振看空 ⬇⬇⬇,-0.5601,-0.5742,-0.5625
603166,福达股份,69.39,True,10.83,13.41,10,21.35,-25.4,-2.9,-19.26,0.0,2026-07-15,2026-07-15,27.02,0.6176,0.1661,0.8284,0.637,0.3783,0.0,0.2333,-0.6067,0.1966,多周期共振看空 ⬇⬇⬇,-0.408,-0.4212,-0.5625
002421,达实智能,58.9,True,2.94,3.44,0,-9.67,-23.27,-17.37,-14.53,0.0,2026-07-15,2026-07-15,14.78,0.9339,-0.797,0.6878,0.5604,0.1063,0.0,0.2331,-0.1594,0.4203,多周期方向不一致，观望,-0.5433,-0.1187,-0.1162
000697,炼石航空,54.86,True,8.4,9.98,2,2.34,-18.67,-7.75,-15.8,0.0,2026-07-15,2026-07-15,10.37,0.6703,-0.5939,0.3511,0.4022,0.0082,0.4149,0.2331,-0.1203,0.4399,月线看多，中短期调整中,-0.702,-0.1998,0.2286
603260,合盛硅业,447.35,True,37.84,45.22,13,26.84,-18.94,4.3,-16.32,0.0,2026-07-15,2026-07-15,27.02,0.7818,-0.3103,0.6617,0.5449,0.3783,0.0,0.233,-0.462,0.269,多周期共振看空 ⬇⬇⬇,-0.2089,-0.3864,-0.45
600363,联创光电,129.36,True,28.69,33.03,6,9.01,-13.45,-3.64,-13.13,0.0,2026-07-15,2026-07-15,43.89,0.469,0.1171,0.8214,0.5282,0.753,0.0,0.233,-0.8846,0.0577,多周期共振看空 ⬇⬇⬇,-0.737,-0.75,-0.5625
603112,华翔股份,80.3,True,15.02,16.74,0,-3.99,-13.78,-9.35,-10.3,0.0,2026-07-15,2026-07-15,27.95,0.5373,-0.2968,0.3785,0.4036,0.399,0.3691,0.233,-0.5559,0.2221,多周期共振看空 ⬇⬇⬇,-0.8435,-0.2287,-0.27
001696,宗申动力,154.92,True,17.38,20.82,11,40.42,-18.33,7.28,-16.52,0.0,2026-07-15,2026-07-15,16.27,0.8475,-0.7479,0.7301,0.5085,0.1393,0.0,0.2329,-0.1175,0.4413,多周期方向不一致，观望,-0.1782,0.0862,-0.45
002053,云南能投,86.46,True,9.39,9.45,1,5.04,-18.54,-7.65,-0.61,0.0,2026-07-15,2026-07-15,56.81,0.0997,-0.1058,0.7457,0.2175,0.9597,0.0,0.2328,-0.6369,0.1815,多周期共振看空 ⬇⬇⬇,-0.4227,-0.475,-0.5625
002006,精工科技,71.78,True,13.81,14.54,6,5.25,-9.96,-4.02,-5.03,0.0,2026-07-15,2026-07-15,47.03,0.464,-0.2695,0.5052,0.3706,0.8228,0.158,0.2327,-0.8449,0.0776,多周期共振看空 ⬇⬇⬇,-0.7017,-0.6929,-0.5625
002855,捷荣技术,22.51,True,9.14,9.62,0,-2.95,-12.38,-8.13,-5.02,0.0,2026-07-15,2026-07-15,38.95,0.4508,-0.212,0.3901,0.3857,0.6433,0.3498,0.2326,-0.808,0.096,多周期共振看空 ⬇⬇⬇,-0.616,-0.6854,-0.5625
001301,尚太科技,135.22,True,51.99,59.95,9,4.14,-21.27,-4.89,-13.27,0.0,2026-07-15,2026-07-15,30.85,-0.6031,-0.034,0.6814,0.1864,0.4633,0.0,0.2326,0.0063,0.5031,多周期方向不一致，观望,-0.3448,-0.1267,0.45
601727,上海电气,826.32,True,6.55,6.95,0,-3.46,-9.31,-5.7,-5.81,0.0,2026-07-15,2026-07-15,31.62,0.6918,-0.7207,0.2712,0.4151,0.4804,0.5481,0.2325,-0.8193,0.0903,多周期共振看空 ⬇⬇⬇,-0.6685,-0.6652,-0.5625
002691,*ST冀凯,13.64,True,4.06,4.21,0,-0.75,-18.5,-8.66,-3.49,0.0,2026-07-15,2026-07-15,48.62,0.5207,-0.2847,0.5817,0.3985,0.8582,0.0305,0.2325,-0.8322,0.0839,多周期共振看空 ⬇⬇⬇,-0.6025,-0.75,-0.5625
603773,沃格光电,224.79,True,100.05,143.51,11,37.0,-30.28,2.82,-30.28,0.0,2026-07-15,2026-07-15,13.04,0.4952,-0.7239,0.8763,0.2971,0.0675,0.0,0.2324,0.3026,0.6513,上升趋势中的日线回调（关注买点）,-0.3447,0.75,0.5625
603326,我乐家居,20.11,True,6.3,6.38,0,-1.24,-9.56,-6.08,-1.24,0.0,2026-07-15,2026-07-15,47.48,0.1294,-0.2105,0.3166,0.1934,0.8329,0.4723,0.2324,-0.8273,0.0863,多周期共振看空 ⬇⬇⬇,-0.6115,-0.7315,-0.5625
603113,金能科技,36.49,True,4.3,4.32,0,-0.51,-12.56,-6.98,-0.51,0.0,2026-07-15,2026-07-15,45.6,-0.6313,0.1877,0.3943,0.2751,0.7911,0.3428,0.232,-0.8074,0.0963,多周期共振看空 ⬇⬇⬇,-0.625,-0.6762,-0.5625
002892,科力尔,45.55,True,9.09,9.43,0,-0.06,-14.12,-6.22,-3.57,0.0,2026-07-15,2026-07-15,44.44,0.5179,-0.7531,0.4799,0.3107,0.7654,0.2002,0.2319,-0.7203,0.1398,多周期共振看空 ⬇⬇⬇,-0.393,-0.6837,-0.5625
002420,毅昌科技,21.49,True,5.31,5.48,2,4.36,-7.91,-3.56,-3.17,0.0,2026-07-15,2026-07-15,40.33,0.651,-0.1877,0.5857,0.5155,0.674,0.0239,0.2316,-0.8002,0.0999,多周期共振看空 ⬇⬇⬇,-0.5744,-0.7038,-0.5625
603048,浙江黎明,25.57,True,17.41,18.42,1,0.52,-9.39,-4.5,-5.5,0.0,2026-07-15,2026-07-15,41.81,0.2875,-0.595,0.3764,0.1725,0.7069,0.3726,0.2313,-0.5723,0.2138,多周期共振看空 ⬇⬇⬇,-0.5632,-0.4375,-0.3375
002103,广博股份,23.87,True,6.15,6.02,1,2.11,-11.1,-5.12,2.11,0.0,2026-07-14,2026-07-15,58.44,-0.0424,-0.1417,0.3471,0.1433,0.9235,0.4214,0.2313,-0.8246,0.0877,多周期共振看空 ⬇⬇⬇,-0.5832,-0.75,-0.5625
002451,摩恩电气,29.12,True,6.63,7.11,0,-3.87,-10.33,-7.13,-6.82,0.0,2026-07-15,2026-07-15,27.81,0.3835,-0.0179,0.316,0.4229,0.3959,0.4734,0.2313,-0.6802,0.1599,多周期共振看空 ⬇⬇⬇,-0.5705,-0.6684,-0.3375
002054,德美化工,26.5,True,6.9,7.01,1,1.66,-9.92,-4.31,-1.63,0.0,2026-07-15,2026-07-15,46.51,-0.0062,0.1386,0.4918,0.2555,0.8114,0.1803,0.2312,-0.6771,0.1614,多周期共振看空 ⬇⬇⬇,-0.5793,-0.654,-0.3375
600883,博闻科技,17.05,True,7.22,7.23,0,-0.2,-9.64,-6.1,-0.2,0.0,2026-07-15,2026-07-15,47.21,0.0237,-0.1609,0.3866,0.1499,0.8268,0.3557,0.2311,-0.6678,0.1661,多周期共振看空 ⬇⬇⬇,-0.589,-0.4679,-0.495
001319,铭科精技,12.93,True,20.37,21.0,4,3.95,-13.56,-5.15,-3.02,0.0,2026-07-15,2026-07-15,50.88,0.4135,-0.6931,0.5727,0.2481,0.9085,0.0456,0.231,-0.6758,0.1621,多周期共振看空 ⬇⬇⬇,-0.435,-0.55,-0.5625
603013,亚普股份,82.64,True,16.26,16.53,2,3.82,-10.43,-5.02,-1.65,0.0,2026-07-15,2026-07-15,49.12,0.3212,-0.2442,0.5156,0.295,0.8693,0.1406,0.2309,-0.7806,0.1097,多周期共振看空 ⬇⬇⬇,-0.58,-0.656,-0.5625
002540,亚太科技,41.11,True,4.79,4.79,1,0.02,-9.48,-4.19,0.02,0.0,2026-07-14,2026-07-15,49.53,-0.275,-0.1777,0.2995,0.1289,0.8785,0.5009,0.2308,-0.8152,0.0924,多周期共振看空 ⬇⬇⬇,-0.5697,-0.7408,-0.5625
600678,ST金顶,21.25,True,6.09,6.5,11,9.21,-8.64,0.39,-6.26,0.0283,2026-07-15,2026-07-15,35.79,0.3556,0.0789,0.6285,0.4449,0.5731,0.0,0.2307,-0.6215,0.1892,多周期共振看空 ⬇⬇⬇,-0.2095,-0.6238,-0.5625
000425,徐工机械,755.15,True,8.39,8.37,2,2.21,-11.02,-4.52,0.21,0.0,2026-07-14,2026-07-15,56.81,-0.1682,-0.2483,0.4646,0.1007,0.9598,0.2257,0.2307,-0.648,0.176,多周期共振看空 ⬇⬇⬇,-0.351,-0.5609,-0.5625
601798,蓝科高新,25.07,True,7.07,7.18,2,2.68,-8.81,-4.27,-1.54,0.0,2026-07-15,2026-07-15,29.79,0.7572,-0.2173,0.497,0.5674,0.4397,0.1717,0.2303,-0.7304,0.1348,多周期共振看空 ⬇⬇⬇,-0.3631,-0.7315,-0.5625
603258,电魂网络,28.09,True,11.64,12.05,0,-3.3,-10.82,-6.71,-3.37,0.0,2026-07-15,2026-07-15,38.89,-0.322,0.969,0.4017,0.4,0.642,0.3305,0.2303,-0.8325,0.0837,多周期共振看空 ⬇⬇⬇,-0.625,-0.7315,-0.5625
600610,中毅达,44.3,True,6.25,6.65,0,-3.13,-12.74,-9.0,-5.95,0.0,2026-07-15,2026-07-15,35.15,0.7364,-0.6052,0.4086,0.4419,0.5589,0.319,0.2303,-0.7906,0.1047,多周期共振看空 ⬇⬇⬇,-0.6205,-0.6433,-0.5625
003028,振邦智能,15.32,True,21.72,22.87,2,2.18,-13.12,-6.88,-5.02,0.0,2026-07-15,2026-07-15,44.74,0.2019,-0.0411,0.5034,0.3047,0.772,0.161,0.2302,-0.7009,0.1496,多周期共振看空 ⬇⬇⬇,-0.598,-0.4654,-0.5625
002613,北玻股份,24.99,True,3.23,3.9,5,8.01,-22.95,-12.15,-17.23,0.0,2026-07-15,2026-07-15,16.85,0.9263,-0.804,0.6908,0.5558,0.1522,0.0,0.2302,-0.2302,0.3849,多周期方向不一致，观望,-0.5422,-0.1198,-0.4275
002658,雪迪龙,25.17,True,7.02,7.81,10,5.4,-13.3,-2.25,-10.06,0.0,2026-07-15,2026-07-15,28.08,0.7822,-0.7894,0.4628,0.4693,0.4018,0.2287,0.2296,-0.5794,0.2103,多周期共振看空 ⬇⬇⬇,-0.4651,-0.5373,-0.3375
600860,京城股份,34.95,True,7.87,8.33,1,0.65,-9.07,-4.76,-5.51,0.0,2026-07-15,2026-07-15,43.38,0.4411,-0.2662,0.4326,0.3582,0.7418,0.279,0.2296,-0.8495,0.0752,多周期共振看空 ⬇⬇⬇,-0.6685,-0.7315,-0.5625
000831,中国稀土,490.5,True,46.22,53.68,8,21.64,-18.17,-1.6,-13.9,0.0,2026-07-15,2026-07-15,23.0,0.885,-0.7153,0.6602,0.531,0.2888,0.0,0.2296,-0.3592,0.3204,多周期共振看空 ⬇⬇⬇,-0.3825,-0.2367,-0.225
002783,凯龙股份,32.32,True,7.01,7.22,2,0.54,-7.21,-3.82,-2.87,0.0,2026-07-15,2026-07-15,47.54,0.3936,-0.4828,0.4294,0.243,0.8342,0.2843,0.2295,-0.7816,0.1092,多周期共振看空 ⬇⬇⬇,-0.5159,-0.7131,-0.5625
002218,拓日新能,49.4,True,3.56,3.8,0,-4.66,-12.06,-8.26,-6.22,0.0,2026-07-15,2026-07-15,37.07,0.4329,-0.3285,0.3774,0.3283,0.6015,0.3709,0.2293,-0.7092,0.1454,多周期共振看空 ⬇⬇⬇,-0.625,-0.6854,-0.3375
600831,广电网络,21.75,True,3.06,3.07,1,0.87,-14.18,-6.74,-0.28,0.0,2026-07-15,2026-07-15,49.38,0.0443,-0.2336,0.368,0.1331,0.8752,0.3867,0.2293,-0.7382,0.1309,多周期共振看空 ⬇⬇⬇,-0.5053,-0.6267,-0.5625
002483,润邦股份,45.06,True,5.09,5.07,2,0.4,-9.39,-4.6,0.4,0.0,2026-07-14,2026-07-15,52.46,-0.1413,-0.3387,0.2996,0.0645,0.9435,0.5007,0.2293,-0.8018,0.0991,多周期共振看空 ⬇⬇⬇,-0.557,-0.7223,-0.5625
600063,皖维高新,118.35,True,5.72,7.34,10,16.52,-26.51,-3.81,-22.04,0.0,2026-07-15,2026-07-15,20.09,0.9028,-0.6631,0.7543,0.5417,0.2243,0.0,0.229,-0.3042,0.3479,多周期共振看空 ⬇⬇⬇,-0.3675,-0.196,-0.1575
002624,完美世界,205.44,True,11.24,11.7,0,-1.97,-14.04,-7.62,-3.94,0.0,2026-07-15,2026-07-15,44.16,0.0757,0.3523,0.7068,0.3863,0.7591,0.0,0.229,-0.6966,0.1517,多周期共振看空 ⬇⬇⬇,-0.409,-0.6854,-0.495
600067,冠城新材,39.11,True,2.81,2.98,6,15.99,-13.29,-3.01,-5.64,0.0,2026-07-15,2026-07-15,33.72,0.8384,-0.8003,0.4848,0.5031,0.5271,0.1921,0.2288,-0.7609,0.1195,多周期共振看空 ⬇⬇⬇,-0.5092,-0.7408,-0.495
002810,山东赫达,67.26,True,20.83,23.38,16,11.39,-17.45,0.09,-10.9,0.0,2026-07-15,2026-07-15,30.58,0.2767,-0.4061,0.5999,0.2036,0.4573,0.0001,0.2286,-0.0455,0.4773,月线看多，中短期调整中,-0.2827,-0.2667,0.2925
001328,登康口腔,44.75,True,27.67,26.66,3,4.19,-11.87,-3.94,3.8,0.0732,2026-07-14,2026-07-15,63.16,-0.0929,-0.1704,0.4521,0.1318,0.8187,0.2465,0.2285,-0.7381,0.131,多周期共振看空 ⬇⬇⬇,-0.3946,-0.7214,-0.5625
001269,欧晶科技,34.92,True,18.15,21.12,3,5.63,-19.0,-12.11,-14.07,0.0,2026-07-15,2026-07-15,37.33,0.7815,-0.6533,0.7906,0.4689,0.6073,0.0,0.2285,-0.6509,0.1745,多周期共振看空 ⬇⬇⬇,-0.57,-0.3795,-0.5625
002513,蓝丰生化,13.82,True,4.78,4.9,0,-2.5,-11.29,-7.29,-2.5,0.0,2026-07-15,2026-07-15,46.26,0.5083,-0.493,0.4726,0.3078,0.8057,0.2123,0.2284,-0.8019,0.0991,多周期共振看空 ⬇⬇⬇,-0.5787,-0.7038,-0.5625
605180,华生科技,19.5,True,11.54,12.32,2,1.53,-11.74,-6.46,-6.37,0.0,2026-07-15,2026-07-15,36.53,0.709,-0.3876,0.5104,0.4704,0.5896,0.1494,0.2284,-0.7528,0.1236,多周期共振看空 ⬇⬇⬇,-0.7515,-0.4478,-0.5625
601616,广电电气,28.34,True,3.32,3.47,0,-4.09,-11.14,-7.28,-4.34,0.0,2026-07-15,2026-07-15,35.16,0.4433,-0.344,0.3518,0.3284,0.5592,0.4137,0.2282,-0.7021,0.149,多周期共振看空 ⬇⬇⬇,-0.607,-0.6854,-0.3375
002232,启明信息,56.3,True,13.78,14.29,3,1.25,-9.75,-3.95,-3.58,0.0,2026-07-15,2026-07-15,47.13,0.1314,0.0575,0.4787,0.3018,0.825,0.2022,0.228,-0.8108,0.0946,多周期共振看空 ⬇⬇⬇,-0.6123,-0.6946,-0.5625
603086,先达股份,23.7,True,5.45,5.42,2,0.46,-8.93,-4.66,0.46,0.0,2026-07-14,2026-07-15,52.74,-0.0493,-0.2143,0.3543,0.1143,0.9498,0.4094,0.228,-0.8261,0.087,多周期共振看空 ⬇⬇⬇,-0.587,-0.75,-0.5625
600819,耀皮玻璃,39.86,True,5.05,5.68,2,1.49,-16.28,-8.56,-11.17,0.0,2026-07-15,2026-07-15,37.3,0.3716,0.3461,0.6953,0.5614,0.6067,0.0,0.228,-0.8023,0.0988,多周期共振看空 ⬇⬇⬇,-0.569,-0.7131,-0.5625
600481,双良节能,85.25,True,4.13,4.61,3,5.39,-15.37,-7.11,-10.37,0.0,2026-07-15,2026-07-15,44.75,0.6632,-0.6048,0.7253,0.3979,0.7722,0.0,0.2279,-0.7399,0.13,多周期共振看空 ⬇⬇⬇,-0.7299,-0.5056,-0.495
600219,南山铝业,476.57,True,4.15,4.21,0,-1.37,-13.53,-7.68,-1.37,0.0,2026-07-15,2026-07-15,44.17,0.354,-0.3798,0.4807,0.2605,0.7593,0.1988,0.2279,-0.664,0.168,多周期共振看空 ⬇⬇⬇,-0.6025,-0.6055,-0.3375
002879,长缆科技,17.65,True,12.87,13.49,0,-0.45,-10.73,-6.35,-4.58,0.0,2026-07-15,2026-07-15,40.31,0.2917,-0.1642,0.3773,0.3093,0.6735,0.3711,0.2278,-0.778,0.111,多周期共振看空 ⬇⬇⬇,-0.607,-0.6946,-0.495
003002,壶化股份,30.44,True,16.65,18.08,0,-3.69,-15.84,-10.37,-7.92,0.0,2026-07-15,2026-07-15,31.46,0.5428,-0.1392,0.3846,0.47,0.477,0.3589,0.2278,-0.7892,0.1054,多周期共振看空 ⬇⬇⬇,-0.625,-0.6363,-0.5625
603918,金桥信息,34.76,True,9.52,9.75,0,-2.31,-12.3,-6.71,-2.31,0.0,2026-07-15,2026-07-15,44.91,-0.1217,0.1689,0.3768,0.2675,0.7757,0.3721,0.2277,-0.835,0.0825,多周期共振看空 ⬇⬇⬇,-0.6205,-0.7408,-0.5625
600241,时代万恒,20.25,True,6.88,6.8,3,5.41,-10.84,-5.46,1.14,0.0,2026-07-13,2026-07-15,53.2,0.1913,-0.1871,0.6371,0.2399,0.96,0.0,0.2275,-0.7161,0.142,多周期共振看空 ⬇⬇⬇,-0.5667,-0.5256,-0.5625
002596,海南瑞泽,0.0,True,2.82,2.98,0,-3.55,-16.8,-10.45,-5.48,0.0,2026-07-15,2026-07-15,43.94,0.3238,-0.0316,0.6621,0.3816,0.7542,0.0,0.2275,-0.6958,0.1521,多周期共振看空 ⬇⬇⬇,-0.3962,-0.6271,-0.5625
002765,蓝黛科技,39.62,True,6.65,7.38,3,4.54,-11.26,-4.86,-9.9,0.0,2026-07-15,2026-07-15,39.6,0.2754,0.6951,0.5543,0.5652,0.6579,0.0761,0.2273,-0.9366,0.0317,多周期共振看空 ⬇⬇⬇,-0.8703,-0.75,-0.5625
600751,海航科技,73.85,True,2.87,2.94,0,-1.33,-7.87,-4.29,-2.28,0.0,2026-07-15,2026-07-15,36.11,0.4871,-0.4787,0.3378,0.3008,0.5802,0.437,0.2272,-0.7092,0.1454,多周期共振看空 ⬇⬇⬇,-0.4057,-0.6485,-0.5625
000738,航发控制,0.0,True,16.92,17.94,2,1.78,-7.34,-3.13,-5.7,0.0,2026-07-15,2026-07-15,42.48,0.3711,-0.7423,0.4523,0.2227,0.7217,0.2462,0.227,-0.6036,0.1982,多周期共振看空 ⬇⬇⬇,-0.5518,-0.5161,-0.3375
603232,格尔软件,32.08,True,13.87,15.08,0,-2.88,-17.16,-10.75,-8.0,0.0,2026-07-15,2026-07-15,29.94,0.7324,-0.3212,0.5172,0.511,0.4431,0.1379,0.227,-0.6435,0.1783,多周期共振看空 ⬇⬇⬇,-0.5168,-0.4764,-0.495
603767,中马传动,43.27,True,14.02,14.82,2,0.89,-15.88,-8.44,-5.38,0.0,2026-07-15,2026-07-15,42.93,0.4541,-0.3607,0.521,0.3282,0.7319,0.1317,0.2269,-0.6937,0.1532,多周期共振看空 ⬇⬇⬇,-0.4232,-0.5994,-0.5625
603551,奥普科技,36.05,True,9.49,9.17,4,3.52,-11.19,-4.17,3.52,0.0706,2026-07-13,2026-07-15,63.56,-0.2641,-0.5567,0.3096,0.0,0.8098,0.4841,0.2269,-0.7129,0.1436,多周期共振看空 ⬇⬇⬇,-0.3937,-0.6669,-0.5625
601096,宏盛华源,68.35,True,4.16,4.33,0,-3.34,-8.26,-6.0,-3.95,0.0,2026-07-15,2026-07-15,34.09,0.3807,-0.4518,0.2578,0.2477,0.5354,0.5703,0.2269,-0.6795,0.1603,多周期共振看空 ⬇⬇⬇,-0.5705,-0.6669,-0.3375
000707,双环科技,23.74,True,4.31,4.39,0,-1.92,-9.29,-4.94,-1.92,0.0,2026-07-15,2026-07-15,41.41,0.2786,-0.2324,0.3179,0.2742,0.6981,0.4701,0.2267,-0.8392,0.0804,多周期共振看空 ⬇⬇⬇,-0.6205,-0.75,-0.5625
002617,露笑科技,125.61,True,6.69,9.08,14,14.21,-26.3,-0.27,-26.3,0.0,2026-07-15,2026-07-15,32.36,0.5003,-0.5835,0.8426,0.3002,0.4969,0.0,0.2265,-0.2649,0.3675,多周期共振看空 ⬇⬇⬇,-0.2373,-0.2213,-0.1575
002295,精艺股份,20.74,True,8.28,8.78,0,-0.48,-11.68,-7.03,-5.68,0.0,2026-07-15,2026-07-15,33.48,0.6461,-0.5639,0.3428,0.3877,0.5218,0.4287,0.2264,-0.778,0.111,多周期共振看空 ⬇⬇⬇,-0.607,-0.6271,-0.5625
600580,卧龙电驱,489.72,True,31.44,33.98,3,7.92,-12.92,-5.97,-7.47,0.0,2026-07-15,2026-07-15,43.51,0.6078,-0.429,0.6616,0.3931,0.7447,0.0,0.2264,-0.7116,0.1442,多周期共振看空 ⬇⬇⬇,-0.5716,-0.5116,-0.5625
002522,浙江众成,44.07,True,4.87,6.51,11,14.96,-29.54,-6.0,-25.15,0.0,2026-07-15,2026-07-15,14.8,0.795,-0.4818,0.8493,0.4843,0.1066,0.0,0.2263,-0.0925,0.4537,多周期方向不一致，观望,-0.3442,-0.1116,0.0
001211,双枪科技,19.55,True,20.94,24.64,2,8.22,-24.82,-16.4,-15.02,0.0,2026-07-15,2026-07-15,11.29,0.775,-0.4572,0.5322,0.4821,0.0287,0.1131,0.2262,-0.0867,0.4567,月线看多，中短期调整中,-0.6975,-0.1525,0.3375
603489,八方股份,61.16,True,26.07,28.51,0,-1.73,-17.45,-8.62,-8.54,0.0,2026-07-15,2026-07-15,33.39,-0.0174,2.6559,0.5377,0.4,0.5198,0.1039,0.2262,-0.5373,0.2314,多周期共振看空 ⬇⬇⬇,-0.7515,-0.2667,-0.27
601238,广汽集团,375.09,True,5.08,5.22,0,-2.67,-12.46,-6.78,-2.67,0.0,2026-07-15,2026-07-15,42.86,-0.4325,0.2027,0.3627,0.2811,0.7302,0.3955,0.2261,-0.8339,0.0831,多周期共振看空 ⬇⬇⬇,-0.607,-0.75,-0.5625
002835,同为股份,14.47,True,11.37,11.68,0,-0.86,-8.92,-4.88,-2.67,0.0,2026-07-15,2026-07-15,43.64,0.2293,-0.2351,0.3327,0.2435,0.7475,0.4455,0.2261,-0.8339,0.0831,多周期共振看空 ⬇⬇⬇,-0.607,-0.75,-0.5625
603161,科华控股,23.31,True,12.22,13.65,7,8.28,-10.98,-2.99,-10.49,0.0,2026-07-15,2026-07-15,25.12,0.7293,-0.2918,0.4392,0.5209,0.3361,0.2681,0.2261,-0.6427,0.1786,多周期共振看空 ⬇⬇⬇,-0.587,-0.5719,-0.3375
000822,山东海化,36.52,True,4.08,4.13,0,-1.32,-10.34,-6.75,-1.32,0.0,2026-07-15,2026-07-15,45.16,0.0658,-0.0764,0.3386,0.2089,0.7814,0.4356,0.2261,-0.8115,0.0943,多周期共振看空 ⬇⬇⬇,-0.625,-0.6854,-0.5625
002009,天奇股份,61.5,True,17.37,19.65,3,5.58,-14.15,-6.1,-11.61,0.0,2026-07-15,2026-07-15,36.93,0.5915,-0.3652,0.6375,0.4088,0.5985,0.0,0.2261,-0.5638,0.2181,多周期共振看空 ⬇⬇⬇,-0.5494,-0.4306,-0.3375
002868,绿康生化,25.84,True,24.15,24.2,3,5.66,-13.73,-6.06,-0.2,0.0,2026-07-15,2026-07-15,54.67,0.1263,-0.3445,0.6833,0.138,0.9926,0.0,0.226,-0.6042,0.1979,多周期共振看空 ⬇⬇⬇,-0.399,-0.6485,-0.3375
002796,世嘉科技,73.09,True,32.1,36.91,0,-2.18,-18.01,-10.37,-13.04,0.0,2026-07-15,2026-07-15,28.6,0.325,-0.0491,0.5702,0.3754,0.4134,0.0496,0.226,-0.3282,0.3359,月线震荡，中短期走弱,-0.6561,-0.544,0.0032
001356,富岭股份,17.26,True,8.6,8.57,1,0.36,-10.41,-5.66,0.36,0.0,2026-07-14,2026-07-15,52.58,0.0436,-0.4037,0.3085,0.0647,0.9462,0.4859,0.226,-0.8196,0.0902,多周期共振看空 ⬇⬇⬇,-0.6025,-0.7223,-0.5625
002297,博云新材,122.82,True,21.43,27.39,15,42.37,-22.54,7.91,-21.75,0.0,2026-07-15,2026-07-15,5.08,0.3474,-0.6194,0.881,0.2084,0.0,0.0,0.226,0.4745,0.7372,上升趋势中的日线整理,0.0802,0.6013,0.5625
605196,华通线缆,125.84,True,24.92,26.98,0,-5.24,-25.37,-16.71,-7.64,0.0,2026-07-15,2026-07-15,42.03,-0.2121,0.9206,0.8653,0.4,0.7119,0.0,0.2258,-0.6881,0.1559,多周期共振看空 ⬇⬇⬇,-0.625,-0.6392,-0.3375
002189,中光学,49.25,True,18.86,20.41,7,9.26,-8.46,-1.45,-7.59,0.0,2026-07-15,2026-07-15,31.07,0.6797,-0.7571,0.5054,0.4078,0.4682,0.1577,0.2258,-0.5338,0.2331,多周期共振看空 ⬇⬇⬇,-0.3878,-0.4582,-0.3825
000819,岳阳兴长,41.95,True,11.46,11.86,0,-3.34,-15.25,-9.54,-3.34,0.0,2026-07-15,2026-07-15,40.46,-0.0381,0.2887,0.4049,0.3155,0.677,0.3251,0.2257,-0.7719,0.114,多周期共振看空 ⬇⬇⬇,-0.625,-0.5983,-0.5625
002666,德联集团,19.98,True,3.99,4.02,0,-0.68,-8.67,-5.4,-0.68,0.0,2026-07-15,2026-07-15,46.43,-0.3823,-0.0505,0.3191,0.1798,0.8095,0.4682,0.2257,-0.8283,0.0858,多周期共振看空 ⬇⬇⬇,-0.625,-0.7223,-0.5625
000878,云南铜业,301.95,True,15.07,16.29,5,10.67,-12.61,-4.35,-7.47,0.0,2026-07-15,2026-07-15,33.77,0.837,-0.694,0.6046,0.5022,0.5282,0.0,0.2255,-0.6337,0.1831,多周期共振看空 ⬇⬇⬇,-0.5173,-0.4544,-0.495
002094,青岛金王,30.17,True,4.37,4.46,0,-2.06,-11.13,-6.32,-2.06,0.0,2026-07-15,2026-07-15,43.62,0.0503,0.0365,0.3349,0.2448,0.747,0.4418,0.2255,-0.8374,0.0813,多周期共振看空 ⬇⬇⬇,-0.616,-0.75,-0.5625
600212,绿能慧充,26.82,True,5.05,5.28,0,-2.14,-11.63,-7.81,-4.44,0.0,2026-07-15,2026-07-15,41.49,0.2543,0.1906,0.5176,0.4288,0.6998,0.1374,0.2254,-0.8325,0.0837,多周期共振看空 ⬇⬇⬇,-0.625,-0.7315,-0.5625
002442,龙星科技,23.2,True,4.72,5.15,3,2.97,-16.99,-5.77,-8.4,0.0,2026-07-15,2026-07-15,32.62,0.8733,-0.394,0.6805,0.5664,0.5027,0.0,0.2252,-0.708,0.146,多周期共振看空 ⬇⬇⬇,-0.4599,-0.5994,-0.5625
003022,联泓新科,263.28,True,19.73,24.28,9,12.99,-22.95,-3.73,-18.74,0.0,2026-07-15,2026-07-15,18.87,0.5172,-0.6864,0.5227,0.3103,0.1972,0.1288,0.2251,-0.0358,0.4821,多周期方向不一致，观望,-0.4417,-0.0867,0.3078
002733,雄韬股份,79.16,True,21.46,28.62,7,20.18,-28.17,-9.25,-25.02,0.0,2026-07-15,2026-07-15,14.05,0.6045,-0.3382,0.7112,0.4274,0.0901,0.0,0.2249,0.0074,0.5037,多周期方向不一致，观望,-0.4576,-0.0252,0.45
000530,冰山冷热,29.35,True,4.89,5.15,0,-3.95,-14.49,-7.82,-5.06,0.0,2026-07-15,2026-07-15,37.34,0.7328,-0.7648,0.486,0.4397,0.6076,0.19,0.2249,-0.7851,0.1074,多周期共振看空 ⬇⬇⬇,-0.5591,-0.6837,-0.5625
002204,大连重工,100.24,True,5.19,5.32,0,-0.96,-6.2,-3.96,-2.41,0.0,2026-07-15,2026-07-15,40.91,0.0156,-0.0289,0.2774,0.1978,0.6869,0.5377,0.2249,-0.772,0.114,多周期共振看空 ⬇⬇⬇,-0.5592,-0.7223,-0.495
600894,广日股份,65.26,True,7.74,7.75,1,0.84,-5.61,-2.89,-0.1,0.0318,2026-07-15,2026-07-15,46.24,-0.0392,-0.2803,0.363,0.0879,0.8053,0.3949,0.2248,-0.701,0.1495,多周期共振看空 ⬇⬇⬇,-0.3954,-0.6392,-0.5625
605117,德业股份,1087.34,True,85.4,96.15,1,1.88,-14.93,-7.25,-11.18,0.0,2026-07-15,2026-07-15,33.02,0.2102,-0.4438,0.6201,0.1486,0.5117,0.0,0.2247,-0.0542,0.4729,月线看多，中短期调整中,-0.6148,-0.1813,0.45
603585,苏利股份,25.94,True,9.58,9.72,0,-0.99,-8.99,-5.46,-1.4,0.0,2026-07-15,2026-07-15,46.61,-0.4442,-0.1196,0.3434,0.1522,0.8135,0.4277,0.2245,-0.7654,0.1173,多周期共振看空 ⬇⬇⬇,-0.607,-0.6669,-0.495
001217,华尔泰,28.32,True,8.63,8.83,0,-0.38,-9.56,-4.99,-2.25,0.0,2026-07-15,2026-07-15,46.02,0.1874,-0.1211,0.4196,0.264,0.8004,0.3007,0.2245,-0.8273,0.0863,多周期共振看空 ⬇⬇⬇,-0.6115,-0.7315,-0.5625
603109,神驰机电,34.59,True,16.56,16.88,0,-1.52,-13.38,-7.09,-1.87,0.0,2026-07-15,2026-07-15,44.86,0.3022,-0.3272,0.3997,0.2505,0.7747,0.3339,0.2243,-0.8033,0.0983,多周期共振看空 ⬇⬇⬇,-0.5608,-0.7223,-0.5625
603421,鼎信通讯,37.04,True,5.68,6.1,0,-2.45,-10.13,-7.19,-6.89,0.0,2026-07-15,2026-07-15,31.47,0.2142,0.2651,0.386,0.4345,0.4771,0.3567,0.2242,-0.7598,0.1201,多周期共振看空 ⬇⬇⬇,-0.625,-0.6392,-0.495
002454,松芝股份,42.38,True,4.83,4.96,0,-1.68,-10.79,-6.56,-2.65,0.0,2026-07-15,2026-07-15,42.22,0.1001,-0.1898,0.3678,0.1842,0.716,0.3871,0.2241,-0.6707,0.1647,多周期共振看空 ⬇⬇⬇,-0.607,-0.4587,-0.495
601231,环旭电子,651.7,True,27.28,31.98,0,-5.16,-20.2,-11.25,-14.71,0.0,2026-07-15,2026-07-15,30.31,0.5746,-0.4924,0.7951,0.3478,0.4514,0.0,0.224,-0.3064,0.3468,月线震荡，中短期走弱,-0.821,-0.3744,0.0482
002908,德生科技,20.4,True,6.34,6.57,0,-2.93,-10.21,-5.71,-3.44,0.0,2026-07-15,2026-07-15,41.9,-0.0261,0.3064,0.4044,0.3226,0.7089,0.3259,0.224,-0.8357,0.0822,多周期共振看空 ⬇⬇⬇,-0.6115,-0.75,-0.5625
002881,美格智能,64.61,True,35.5,37.9,0,-1.59,-17.52,-7.45,-6.33,0.0,2026-07-15,2026-07-15,44.78,0.4917,-0.4434,0.7057,0.3177,0.773,0.0,0.2237,-0.6465,0.1768,多周期共振看空 ⬇⬇⬇,-0.5393,-0.3961,-0.5625
002338,奥普光电,108.67,True,45.28,53.33,7,7.96,-15.09,-1.47,-15.09,0.0,2026-07-15,2026-07-15,33.53,0.3541,-0.1725,0.5832,0.3435,0.523,0.028,0.2237,-0.4099,0.2951,多周期共振看空 ⬇⬇⬇,-0.3564,-0.2803,-0.315
002031,巨轮智能,111.73,True,5.08,5.62,2,5.23,-12.15,-6.19,-9.54,0.0,2026-07-15,2026-07-15,40.52,0.6663,-0.5177,0.8247,0.3998,0.6783,0.0,0.2236,-0.6649,0.1675,多周期共振看空 ⬇⬇⬇,-0.5536,-0.4242,-0.5625
603392,万泰生物,367.69,True,29.08,28.08,5,3.57,-16.33,-6.29,3.57,0.0115,2026-07-09,2026-07-15,60.3,-0.0007,-0.3093,0.3757,0.0763,0.8821,0.3739,0.2236,-0.7185,0.1407,多周期共振看空 ⬇⬇⬇,-0.3433,-0.7223,-0.5625
002743,富煌钢构,16.25,True,3.74,4.0,0,-2.94,-11.48,-7.2,-6.39,0.0,2026-07-15,2026-07-15,40.56,0.0233,2.4341,0.4715,0.414,0.6791,0.2141,0.2235,-0.8607,0.0696,多周期共振看空 ⬇⬇⬇,-0.6865,-0.7408,-0.5625
002446,盛路通信,72.32,True,8.53,10.57,11,13.75,-19.28,-0.66,-19.28,0.0,2026-07-15,2026-07-15,30.24,0.5665,-0.4853,0.7083,0.3458,0.4497,0.0,0.2235,-0.3051,0.3475,多周期共振看空 ⬇⬇⬇,-0.2883,-0.1985,-0.225
603063,禾望电气,169.22,True,36.61,46.67,2,4.83,-21.56,-8.69,-21.56,0.0,2026-07-15,2026-07-15,20.33,0.4262,-0.2854,0.8472,0.3415,0.2296,0.0,0.2234,-0.035,0.4825,多周期方向不一致，观望,-0.5708,-0.1144,0.45
001396,誉帆科技,7.35,True,32.35,35.95,0,-1.66,-13.92,-8.22,-10.02,0.0,2026-07-15,2026-07-15,33.52,-0.0324,-0.186,0.44,0.1256,0.5226,0.2666,0.2232,-0.2558,0.3721,周线日线方向不一致,-0.8525,0.0,
603306,华懋科技,264.42,True,80.25,100.0,9,9.92,-19.75,-3.92,-19.75,0.0,2026-07-15,2026-07-15,19.97,0.3959,-0.2386,0.6572,0.3421,0.2215,0.0,0.2231,-0.0287,0.4857,多周期方向不一致，观望,-0.5279,-0.1237,0.45
002093,国脉科技,63.67,True,6.32,6.47,0,-1.75,-10.1,-5.18,-2.27,0.0,2026-07-15,2026-07-15,45.16,-0.1978,0.0734,0.3651,0.2294,0.7814,0.3914,0.223,-0.8339,0.0831,多周期共振看空 ⬇⬇⬇,-0.607,-0.75,-0.5625
002587,奥拓电子,28.55,True,5.36,6.64,11,11.68,-20.9,-3.76,-19.28,0.0,2026-07-15,2026-07-15,31.52,0.6107,-0.4689,0.7179,0.3789,0.4781,0.0,0.2228,-0.3979,0.3011,多周期共振看空 ⬇⬇⬇,-0.4305,-0.348,-0.1575
002920,德赛西威,494.72,True,82.92,83.9,4,4.9,-13.0,-5.9,-1.17,0.0,2026-07-15,2026-07-15,51.27,0.0415,-0.072,0.4902,0.1961,0.9172,0.183,0.2226,-0.7796,0.1102,多周期共振看空 ⬇⬇⬇,-0.4892,-0.7315,-0.5625
000859,国风新材,70.96,True,7.92,9.84,8,10.04,-21.71,-6.95,-19.54,0.0,2026-07-15,2026-07-15,24.42,0.8727,-0.7921,0.8209,0.5236,0.3205,0.0,0.2223,-0.4439,0.2781,多周期共振看空 ⬇⬇⬇,-0.423,-0.2755,-0.3375
002694,*ST顾地,15.02,True,2.09,2.14,1,2.42,-12.41,-5.51,-2.47,0.0,2026-07-15,2026-07-15,51.76,0.3952,-0.3832,0.5683,0.2838,0.9281,0.0528,0.2222,-0.8322,0.0839,多周期共振看空 ⬇⬇⬇,-0.6025,-0.75,-0.5625
002112,三变科技,37.66,True,14.37,16.2,2,3.46,-11.75,-5.27,-11.28,0.0,2026-07-15,2026-07-15,21.1,0.8402,-0.3874,0.4209,0.5491,0.2467,0.2985,0.2218,-0.6388,0.1806,多周期共振看空 ⬇⬇⬇,-0.6087,-0.5447,-0.3375
605365,立达信,66.82,True,13.31,14.26,0,-2.51,-11.39,-7.38,-6.64,0.0,2026-07-15,2026-07-15,34.12,0.4357,-0.3499,0.3622,0.3215,0.536,0.3963,0.2218,-0.7002,0.1499,多周期共振看空 ⬇⬇⬇,-0.6955,-0.5152,-0.4275
000953,中哲精化,19.88,True,5.43,5.37,1,1.03,-10.63,-6.42,1.03,0.0,2026-07-14,2026-07-15,52.29,0.0131,-0.2387,0.3815,0.1124,0.9397,0.3641,0.2217,-0.8248,0.0876,多周期共振看空 ⬇⬇⬇,-0.616,-0.7223,-0.5625
002474,榕基软件,29.88,True,5.65,5.87,0,-1.68,-15.78,-9.06,-3.69,0.0,2026-07-15,2026-07-15,42.86,0.3153,-0.2581,0.4154,0.286,0.7302,0.3077,0.2217,-0.806,0.097,多周期共振看空 ⬇⬇⬇,-0.625,-0.6733,-0.5625
003029,吉大正元,27.67,True,15.71,16.38,0,-2.61,-10.75,-6.23,-4.07,0.0,2026-07-15,2026-07-15,39.52,-0.291,0.2684,0.3544,0.3074,0.656,0.4093,0.2216,-0.8332,0.0834,多周期共振看空 ⬇⬇⬇,-0.616,-0.7408,-0.5625
600458,时代新材,100.66,True,11.59,15.2,14,26.62,-25.73,1.22,-23.77,0.0,2026-07-15,2026-07-15,21.25,0.7228,-0.4529,0.7511,0.4525,0.25,0.0,0.2213,-0.2537,0.3731,多周期共振看空 ⬇⬇⬇,-0.1875,-0.1719,-0.225
600530,交大昂立,41.23,True,5.32,5.42,1,1.64,-17.18,-8.55,-1.89,0.0,2026-07-15,2026-07-15,44.54,0.246,-0.3325,0.6176,0.2146,0.7675,0.0,0.2211,-0.4957,0.2521,多周期共振看空 ⬇⬇⬇,-0.3473,-0.3867,-0.405
600516,方大炭素,205.32,True,5.1,5.77,12,17.4,-14.71,0.31,-11.63,0.0,2026-07-15,2026-07-15,20.36,0.8834,-0.6768,0.7658,0.5301,0.2302,0.0,0.221,-0.356,0.322,多周期共振看空 ⬇⬇⬇,-0.1577,-0.2647,-0.3825
002534,西子洁能,140.56,True,17.03,18.69,8,8.25,-17.98,-4.35,-8.86,0.0,2026-07-15,2026-07-15,32.46,-0.6192,-0.2837,0.7426,0.0865,0.4991,0.0,0.2209,0.0299,0.515,多周期方向不一致，观望,-0.3218,-0.0428,0.45
600986,浙文互联,99.21,True,6.67,7.07,0,-2.41,-14.03,-8.72,-5.7,0.0,2026-07-15,2026-07-15,36.63,-0.2459,0.6475,0.5024,0.4,0.5918,0.1626,0.2208,-0.7136,0.1432,多周期共振看空 ⬇⬇⬇,-0.5988,-0.5601,-0.495
603733,仙鹤股份,144.46,True,19.94,24.41,11,17.78,-18.32,-2.78,-18.32,0.0,2026-07-15,2026-07-15,20.0,0.6629,-0.5205,0.7318,0.3977,0.2222,0.0,0.2207,-0.1376,0.4312,多周期方向不一致，观望,-0.4453,-0.0657,-0.1575
600810,神马股份,65.17,True,6.03,6.32,10,10.81,-11.76,-0.3,-4.52,0.0386,2026-07-15,2026-07-15,32.18,0.656,-0.5447,0.485,0.3936,0.4928,0.1917,0.2206,-0.7026,0.1487,多周期共振看空 ⬇⬇⬇,-0.3133,-0.7131,-0.5625
002429,兆驰股份,419.41,True,9.27,10.7,5,3.21,-13.33,-4.51,-13.33,0.0,2026-07-15,2026-07-15,34.97,0.0334,-0.2984,0.6928,0.1007,0.5549,0.0,0.2205,-0.0631,0.4684,月线看多，中短期调整中,-0.511,-0.1998,0.3375
002374,中锐股份,31.25,True,2.88,3.21,8,5.84,-12.91,-3.91,-10.18,0.0,2026-07-15,2026-07-15,26.67,0.6989,-0.2314,0.6076,0.5268,0.3704,0.0,0.2203,-0.5247,0.2376,多周期共振看空 ⬇⬇⬇,-0.4658,-0.4165,-0.3375
002205,国统股份,18.58,True,10.0,10.44,0,-0.12,-13.25,-8.24,-4.26,0.0,2026-07-15,2026-07-15,43.64,-0.0415,0.2037,0.4639,0.2815,0.7476,0.2268,0.2202,-0.7675,0.1163,多周期共振看空 ⬇⬇⬇,-0.5801,-0.6271,-0.5625
000020,深华发Ａ,18.9,True,10.43,10.96,0,-1.84,-9.19,-5.74,-4.8,0.0,2026-07-15,2026-07-15,38.24,0.2326,-0.1251,0.3489,0.2895,0.6275,0.4185,0.22,-0.7912,0.1044,多周期共振看空 ⬇⬇⬇,-0.616,-0.6485,-0.5625
002537,海联金汇,62.63,True,5.35,5.49,0,-2.53,-10.13,-5.86,-2.53,0.0,2026-07-15,2026-07-15,41.78,0.2817,-0.1975,0.3869,0.29,0.7062,0.3552,0.22,-0.8357,0.0822,多周期共振看空 ⬇⬇⬇,-0.6115,-0.75,-0.5625
001279,强邦新材,10.24,True,25.6,27.03,9,4.84,-8.58,-1.71,-5.29,0.0,2026-07-15,2026-07-15,31.94,0.7592,-0.3237,0.5865,0.526,0.4877,0.0225,0.2198,-0.6861,0.1569,多周期共振看空 ⬇⬇⬇,-0.2945,-0.6929,-0.5625
000936,华西股份,44.03,True,4.97,5.32,0,-5.43,-11.21,-7.64,-6.49,0.0,2026-07-15,2026-07-15,28.81,0.4032,-0.0354,0.3176,0.4277,0.4181,0.4707,0.2197,-0.8048,0.0976,多周期共振看空 ⬇⬇⬇,-0.6205,-0.6744,-0.5625
601689,拓普集团,947.12,True,54.5,57.23,3,3.68,-14.65,-6.03,-4.77,0.0,2026-07-15,2026-07-15,46.86,0.3044,-0.241,0.7245,0.2863,0.819,0.0,0.2196,-0.6839,0.1581,多周期共振看空 ⬇⬇⬇,-0.5174,-0.4971,-0.5625
002241,歌尔股份,699.92,True,22.25,22.36,1,0.03,-10.32,-5.27,-0.48,0.0,2026-07-15,2026-07-15,41.85,0.2029,-0.0957,0.5226,0.2835,0.7079,0.129,0.2195,-0.6506,0.1747,多周期共振看空 ⬇⬇⬇,-0.4815,-0.4546,-0.5625
600326,西藏天路,86.38,True,6.34,6.6,0,-3.23,-10.82,-6.84,-3.98,0.0,2026-07-15,2026-07-15,40.33,-0.0958,0.171,0.3366,0.2684,0.674,0.439,0.2195,-0.8332,0.0834,多周期共振看空 ⬇⬇⬇,-0.616,-0.7408,-0.5625
000409,云鼎科技,47.89,True,8.11,8.39,0,-2.69,-9.8,-5.98,-3.29,0.0,2026-07-15,2026-07-15,35.51,0.1495,0.0009,0.3321,0.2901,0.567,0.4465,0.2193,-0.7473,0.1264,多周期共振看空 ⬇⬇⬇,-0.625,-0.5441,-0.5625
002246,北化股份,100.14,True,18.24,18.73,0,-2.59,-12.38,-6.02,-2.59,0.0,2026-07-15,2026-07-15,43.31,0.0907,-0.2886,0.4146,0.139,0.7402,0.309,0.2192,-0.6044,0.1978,多周期共振看空 ⬇⬇⬇,-0.5429,-0.5256,-0.3375
002652,扬子新材,19.92,True,3.89,4.27,1,0.14,-14.7,-9.27,-8.9,0.0,2026-07-15,2026-07-15,41.18,-0.1372,-0.1403,0.7174,0.1439,0.6928,0.0,0.2192,-0.308,0.346,月线震荡，中短期走弱,-0.8345,-0.2667,-0.0533
600198,大唐电信,95.3,True,7.32,8.83,13,9.1,-17.77,-1.63,-17.14,0.0,2026-07-15,2026-07-15,24.14,0.8058,-0.6012,0.6254,0.4835,0.3142,0.0,0.219,-0.3982,0.3009,多周期共振看空 ⬇⬇⬇,-0.3096,-0.2274,-0.3825
001225,和泰机电,8.23,True,39.1,40.84,1,1.89,-14.06,-6.79,-4.26,0.0,2026-07-15,2026-07-15,42.32,0.4942,-0.4743,0.6321,0.3068,0.7183,0.0,0.219,-0.6012,0.1994,多周期共振看空 ⬇⬇⬇,-0.4202,-0.4661,-0.495
002438,江苏神通,60.02,True,12.8,14.28,0,-3.07,-12.85,-6.95,-10.35,0.0,2026-07-15,2026-07-15,27.85,0.7524,-0.6276,0.398,0.4515,0.3966,0.3367,0.2189,-0.7164,0.1418,多周期共振看空 ⬇⬇⬇,-0.7332,-0.6085,-0.3375
600289,ST信通,29.94,True,5.29,5.53,9,8.79,-12.65,-2.72,-4.31,0.0,2026-07-15,2026-07-15,52.51,-0.1331,-0.2679,0.5261,0.0928,0.9447,0.1232,0.2186,-0.6316,0.1842,多周期共振看空 ⬇⬇⬇,-0.1744,-0.6762,-0.5625
603382,海阳科技,19.57,True,16.95,17.47,0,-2.95,-12.87,-9.03,-2.95,0.0,2026-07-15,2026-07-15,40.48,0.4833,-0.6528,0.3656,0.29,0.6774,0.3906,0.2185,-0.8409,0.0796,多周期共振看空 ⬇⬇⬇,-0.625,-0.75,-0.5625
600230,沧州大化,53.94,True,13.03,13.69,3,3.79,-10.15,-4.6,-4.82,0.0,2026-07-15,2026-07-15,37.53,0.0792,0.2189,0.5501,0.3351,0.6117,0.0832,0.2182,-0.5914,0.2043,多周期共振看空 ⬇⬇⬇,-0.3891,-0.6287,-0.3375
600506,统一股份,34.55,True,13.84,14.44,0,-2.76,-14.33,-8.45,-4.15,0.0,2026-07-15,2026-07-15,37.83,0.3044,0.0272,0.6062,0.3935,0.6184,0.0,0.2182,-0.6258,0.1871,多周期共振看空 ⬇⬇⬇,-0.5565,-0.4034,-0.495
603881,数据港,207.32,True,24.05,25.2,1,3.29,-14.97,-7.06,-4.57,0.0,2026-07-15,2026-07-15,42.85,-0.215,0.187,0.7534,0.2748,0.7299,0.0,0.2182,-0.57,0.215,多周期共振看空 ⬇⬇⬇,-0.4545,-0.5256,-0.3375
002164,宁波东力,52.1,True,10.86,11.87,1,0.17,-13.25,-6.75,-8.53,0.0,2026-07-15,2026-07-15,38.08,0.6844,-0.7868,0.5799,0.4106,0.6239,0.0335,0.2181,-0.6878,0.1561,多周期共振看空 ⬇⬇⬇,-0.5184,-0.5048,-0.5625
001278,一彬科技,12.69,True,14.88,15.75,0,-2.47,-10.89,-7.16,-5.52,0.0,2026-07-15,2026-07-15,36.98,0.4756,-0.4074,0.403,0.3224,0.5996,0.3283,0.218,-0.7538,0.1231,多周期共振看空 ⬇⬇⬇,-0.6115,-0.6375,-0.495
002970,锐明技术,67.26,True,53.22,57.3,3,3.87,-15.51,-6.69,-7.12,0.0,2026-07-15,2026-07-15,39.15,0.3704,-0.3235,0.6883,0.2928,0.6478,0.0,0.218,-0.502,0.249,多周期共振看空 ⬇⬇⬇,-0.4048,-0.4679,-0.2885
002836,新宏泽,21.5,True,9.33,9.56,0,-2.43,-10.47,-6.82,-2.43,0.0,2026-07-15,2026-07-15,44.71,0.062,-0.1117,0.366,0.1925,0.7712,0.39,0.2179,-0.8025,0.0988,多周期共振看空 ⬇⬇⬇,-0.616,-0.7408,-0.495
002703,浙江世宝,74.19,True,12.66,14.23,0,-1.75,-14.45,-10.22,-11.0,0.0,2026-07-15,2026-07-15,29.7,0.6457,-0.3327,0.4781,0.4544,0.4378,0.2032,0.2178,-0.6726,0.1637,多周期共振看空 ⬇⬇⬇,-0.783,-0.4696,-0.3375
603119,浙江荣泰,146.33,True,55.21,65.9,2,6.2,-16.22,-5.58,-16.22,0.0,2026-07-15,2026-07-15,33.71,0.7807,-0.7343,0.6971,0.4684,0.5269,0.0,0.2177,-0.6399,0.18,多周期共振看空 ⬇⬇⬇,-0.5074,-0.409,-0.5625
603216,梦天家居,44.36,True,19.92,20.92,0,-2.01,-9.06,-6.17,-4.79,0.0,2026-07-15,2026-07-15,31.77,0.5628,-0.3941,0.3917,0.3801,0.4837,0.3472,0.2176,-0.7255,0.1372,多周期共振看空 ⬇⬇⬇,-0.4294,-0.7315,-0.495
002890,弘宇股份,22.27,True,13.79,14.47,5,8.49,-10.63,-2.11,-4.71,0.0,2026-07-15,2026-07-15,50.09,-0.164,-0.4232,0.4781,0.0307,0.8908,0.2031,0.2175,-0.5406,0.2297,多周期共振看空 ⬇⬇⬇,-0.6262,-0.3139,-0.3375
000815,美利云,90.66,True,13.04,14.74,5,7.91,-15.99,-6.46,-11.56,0.0,2026-07-15,2026-07-15,27.08,0.8451,-0.5585,0.6399,0.5071,0.3796,0.0,0.2173,-0.5281,0.2359,多周期共振看空 ⬇⬇⬇,-0.662,-0.3233,-0.27
002931,锋龙股份,103.16,True,51.26,66.78,13,21.84,-23.24,1.61,-23.24,0.0,2026-07-15,2026-07-15,36.59,0.5039,-0.4187,1.045,0.3348,0.5909,0.0,0.2172,-0.5072,0.2464,多周期共振看空 ⬇⬇⬇,-0.2397,-0.5717,-0.3375
600876,凯盛新能,26.19,True,6.62,7.48,3,13.03,-16.15,-8.87,-11.54,0.0,2026-07-15,2026-07-15,32.16,0.7015,-0.0924,0.7439,0.5839,0.4925,0.0,0.217,-0.7889,0.1055,多周期共振看空 ⬇⬇⬇,-0.5121,-0.7325,-0.5625
002214,*ST大立,62.67,True,13.1,14.22,4,1.99,-15.41,-3.7,-7.9,0.0,2026-07-15,2026-07-15,39.16,-0.1764,0.3175,0.5258,0.327,0.6479,0.1237,0.217,-0.6639,0.168,多周期共振看空 ⬇⬇⬇,-0.6967,-0.5244,-0.3375
600486,扬农化工,205.41,True,50.83,51.99,0,-0.26,-7.64,-4.36,-2.23,0.0,2026-07-15,2026-07-15,38.46,0.4076,-0.3597,0.3989,0.3007,0.6325,0.3352,0.2166,-0.7752,0.1124,多周期共振看空 ⬇⬇⬇,-0.6106,-0.6854,-0.495
605318,法狮龙,109.7,True,87.25,109.07,10,30.35,-26.18,-1.38,-20.0,0.0,2026-07-15,2026-07-15,9.17,0.7234,-0.8211,0.678,0.4341,0.0,0.0,0.2165,0.0376,0.5188,多周期方向不一致，观望,-0.372,0.034,0.45
600884,杉杉股份,222.78,True,12.14,13.22,5,4.24,-12.75,-3.47,-8.2,0.0,2026-07-15,2026-07-15,26.7,0.3335,-0.486,0.4594,0.2057,0.3711,0.2343,0.2165,-0.2295,0.3852,月线震荡，中短期走弱,-0.616,-0.2922,0.0487
603160,汇顶科技,251.4,True,53.95,58.42,12,7.15,-7.99,-0.38,-7.64,0.0174,2026-07-15,2026-07-15,36.46,0.3316,-0.2071,0.4857,0.3161,0.588,0.1905,0.2164,-0.6742,0.1629,多周期共振看空 ⬇⬇⬇,-0.1974,-0.75,-0.5625
001233,海安集团,16.25,True,43.1,45.43,0,-0.25,-14.21,-6.1,-5.12,0.0,2026-07-15,2026-07-15,38.47,-0.2061,0.1211,0.4497,0.2485,0.6326,0.2506,0.2163,-0.627,0.1865,周线日线共振看空,-0.607,-0.45,
603273,天元智能,7.56,True,13.49,13.57,3,3.65,-11.25,-3.96,-0.58,0.0,2026-07-15,2026-07-15,56.06,0.1744,-0.405,0.5222,0.1427,0.9764,0.1297,0.2163,-0.7729,0.1135,多周期共振看空 ⬇⬇⬇,-0.4505,-0.75,-0.5625
000400,许继电气,202.34,True,20.0,21.24,0,-3.21,-8.56,-6.04,-5.84,0.0,2026-07-15,2026-07-15,27.98,0.6309,-0.4585,0.2567,0.3952,0.3996,0.5722,0.2162,-0.8396,0.0802,多周期共振看空 ⬇⬇⬇,-0.765,-0.6946,-0.495
002942,新农股份,20.58,True,14.83,14.87,0,-0.28,-9.17,-5.25,-0.28,0.0,2026-07-15,2026-07-15,49.17,-0.1906,-0.2153,0.3883,0.1139,0.8705,0.3528,0.2159,-0.7822,0.1089,多周期共振看空 ⬇⬇⬇,-0.607,-0.7038,-0.495
601218,吉鑫科技,39.73,True,4.1,4.33,0,-4.46,-10.86,-8.0,-5.26,0.0,2026-07-15,2026-07-15,35.9,0.1531,-0.1997,0.3369,0.2119,0.5755,0.4385,0.2159,-0.6532,0.1734,多周期共振看空 ⬇⬇⬇,-0.625,-0.5625,-0.3375
002372,伟星新材,115.17,True,7.83,8.27,0,-1.39,-10.53,-6.8,-5.34,0.0,2026-07-15,2026-07-15,39.63,-0.5699,0.1736,0.3373,0.2694,0.6585,0.4378,0.2157,-0.8456,0.0772,多周期共振看空 ⬇⬇⬇,-0.7695,-0.7038,-0.495
603926,铁流股份,37.44,True,16.22,17.89,3,3.95,-12.71,-7.01,-9.32,0.0,2026-07-15,2026-07-15,40.37,0.4415,-0.3502,0.6246,0.3248,0.6749,0.0,0.2157,-0.6042,0.1979,多周期共振看空 ⬇⬇⬇,-0.7977,-0.3066,-0.3375
002339,积成电子,31.26,True,6.53,6.96,0,-4.71,-12.46,-8.37,-6.18,0.0,2026-07-15,2026-07-15,33.53,0.321,-0.1931,0.371,0.3153,0.5228,0.3816,0.2155,-0.7134,0.1433,多周期共振看空 ⬇⬇⬇,-0.625,-0.6946,-0.3375
600797,浙大网新,64.84,True,6.31,6.51,0,-2.83,-14.17,-7.57,-3.11,0.0,2026-07-15,2026-07-15,42.93,-0.011,0.155,0.4024,0.262,0.7317,0.3293,0.2155,-0.8368,0.0816,多周期共振看空 ⬇⬇⬇,-0.625,-0.7408,-0.5625
002340,格林美,323.85,True,6.38,6.78,1,4.09,-10.01,-4.68,-5.96,0.0,2026-07-15,2026-07-15,31.43,0.7039,-0.5105,0.4637,0.4224,0.4762,0.2271,0.2155,-0.7047,0.1477,多周期共振看空 ⬇⬇⬇,-0.6021,-0.5377,-0.495
002862,实丰文化,16.43,True,12.78,13.16,0,-2.92,-14.65,-9.0,-2.92,0.0,2026-07-15,2026-07-15,42.51,-0.1424,-0.0252,0.3775,0.1899,0.7226,0.3708,0.2152,-0.746,0.127,多周期共振看空 ⬇⬇⬇,-0.616,-0.549,-0.5625
600651,飞乐音响,135.38,True,5.4,5.59,0,-0.98,-10.99,-6.19,-3.42,0.0,2026-07-15,2026-07-15,38.02,0.1187,-0.0144,0.3399,0.2655,0.6226,0.4334,0.2148,-0.8003,0.0998,多周期共振看空 ⬇⬇⬇,-0.5425,-0.7315,-0.5625
601179,中国西电,619.72,True,12.09,14.41,6,7.96,-16.13,-4.21,-16.13,0.0,2026-07-15,2026-07-15,10.78,0.7108,-0.2521,0.5855,0.5256,0.0174,0.0241,0.2147,-0.1639,0.4181,月线看多，中短期调整中,-0.5626,-0.4783,0.18
603321,梅轮电梯,20.4,True,5.92,5.94,0,-0.39,-8.2,-4.41,-0.39,0.0,2026-07-15,2026-07-15,46.58,-0.0208,-0.1874,0.3506,0.125,0.813,0.4156,0.2146,-0.7913,0.1043,多周期共振看空 ⬇⬇⬇,-0.5644,-0.6929,-0.5625
603916,苏博特,44.76,True,10.65,13.05,5,10.94,-19.5,-4.97,-18.38,0.0,2026-07-15,2026-07-15,6.88,0.8505,-0.8614,0.6778,0.5103,0.0,0.0,0.2145,-0.1004,0.4498,多周期方向不一致，观望,-0.453,-0.0529,0.0
600096,云天化,513.72,True,28.18,30.26,10,11.45,-13.41,-1.17,-6.88,0.0,2026-07-15,2026-07-15,26.21,0.8368,-0.5569,0.6158,0.5021,0.3602,0.0,0.2145,-0.5196,0.2402,多周期共振看空 ⬇⬇⬇,-0.386,-0.4736,-0.3375
603869,ST智知,41.01,True,8.3,8.34,1,0.27,-13.61,-6.61,-0.49,0.0,2026-07-15,2026-07-15,53.47,-0.1055,-0.7542,0.4334,0.0,0.966,0.2776,0.2143,-0.6672,0.1664,多周期共振看空 ⬇⬇⬇,-0.589,-0.4852,-0.4764
000045,深纺织Ａ,42.46,True,9.29,10.02,0,-1.06,-10.78,-6.0,-7.27,0.0,2026-07-15,2026-07-15,33.96,0.4481,-0.1712,0.39,0.4003,0.5323,0.35,0.2143,-0.8449,0.0776,多周期共振看空 ⬇⬇⬇,-0.7785,-0.6946,-0.495
002545,东方铁塔,185.35,True,16.4,17.44,0,-1.94,-15.81,-8.75,-5.95,0.0,2026-07-15,2026-07-15,38.66,0.4907,-0.588,0.5511,0.2944,0.637,0.0815,0.214,-0.5887,0.2056,多周期共振看空 ⬇⬇⬇,-0.5349,-0.4978,-0.3375
603121,华培动力,38.56,True,11.39,12.41,0,-4.26,-19.64,-12.68,-8.22,0.0,2026-07-15,2026-07-15,37.18,0.2155,0.3436,0.6019,0.4667,0.6041,0.0,0.2139,-0.7605,0.1198,多周期共振看空 ⬇⬇⬇,-0.616,-0.6485,-0.495
003015,日久光电,27.26,True,11.02,12.05,5,4.18,-11.16,-3.16,-8.56,0.0,2026-07-15,2026-07-15,36.36,0.6671,-0.5774,0.4923,0.4003,0.5859,0.1795,0.2139,-0.776,0.112,多周期共振看空 ⬇⬇⬇,-0.4908,-0.7223,-0.5625
603383,顶点软件,53.6,True,26.1,27.47,0,-0.71,-10.36,-5.2,-5.0,0.0,2026-07-15,2026-07-15,36.45,0.6234,-0.533,0.5033,0.3741,0.5879,0.1612,0.2138,-0.7222,0.1389,多周期共振看空 ⬇⬇⬇,-0.5445,-0.558,-0.5625
600178,东安动力,40.12,True,8.6,9.46,14,8.03,-11.54,-0.11,-9.1,0.0,2026-07-15,2026-07-15,35.24,0.7158,-0.8516,0.6606,0.4295,0.5608,0.0,0.2136,-0.6514,0.1743,多周期共振看空 ⬇⬇⬇,-0.2647,-0.6423,-0.5625
002165,红 宝 丽,41.18,True,5.66,6.36,5,6.47,-18.27,-7.13,-10.96,0.0,2026-07-15,2026-07-15,26.91,0.9493,-0.825,0.6549,0.5696,0.3757,0.0,0.2135,-0.6546,0.1727,多周期共振看空 ⬇⬇⬇,-0.5162,-0.5012,-0.495
603982,泉峰汽车,19.25,True,5.67,5.76,0,-1.48,-11.78,-6.97,-1.48,0.0,2026-07-15,2026-07-15,45.96,-0.0255,-0.0322,0.3923,0.1871,0.7992,0.3462,0.2135,-0.8273,0.0863,多周期共振看空 ⬇⬇⬇,-0.6115,-0.7315,-0.5625
603699,纽威股份,304.62,True,40.18,49.26,1,1.36,-18.43,-6.22,-18.43,0.0,2026-07-15,2026-07-15,25.35,-0.5989,2.6472,0.5007,0.4,0.3412,0.1654,0.2135,-0.4735,0.2632,多周期共振看空 ⬇⬇⬇,-0.6337,-0.2275,-0.27
603533,掌阅科技,81.68,True,18.61,19.89,1,0.13,-13.54,-7.7,-6.45,0.0,2026-07-15,2026-07-15,31.86,0.4334,-0.0222,0.6222,0.4512,0.4858,0.0,0.2134,-0.5976,0.2012,多周期共振看空 ⬇⬇⬇,-0.4036,-0.63,-0.3375
002592,ST八菱,15.95,True,6.07,6.26,2,3.37,-10.47,-4.57,-2.97,0.0,2026-07-15,2026-07-15,44.68,0.2153,-0.0204,0.5681,0.321,0.7707,0.0532,0.2134,-0.7738,0.1131,多周期共振看空 ⬇⬇⬇,-0.5856,-0.7038,-0.495
002951,金时科技,50.9,True,12.69,14.42,2,8.39,-22.66,-11.8,-12.01,0.0,2026-07-15,2026-07-15,37.98,0.4692,-0.4114,0.7694,0.317,0.6217,0.0,0.2133,-0.5467,0.2267,多周期共振看空 ⬇⬇⬇,-0.524,-0.2575,-0.495
600299,安迪苏,0.0,True,7.89,8.43,0,-6.38,-19.62,-10.63,-6.38,0.0,2026-07-15,2026-07-15,33.22,-0.5208,0.5857,0.5146,0.4,0.5161,0.1423,0.2133,-0.6664,0.1668,多周期共振看空 ⬇⬇⬇,-0.625,-0.5913,-0.3375
002271,东方雨虹,211.36,True,11.04,11.79,2,1.03,-11.69,-4.73,-6.36,0.0,2026-07-15,2026-07-15,35.96,-0.3787,0.6818,0.5014,0.4,0.577,0.1643,0.2132,-0.7578,0.1211,多周期共振看空 ⬇⬇⬇,-0.7605,-0.6762,-0.3375
001277,速达股份,12.43,True,27.29,28.25,1,0.04,-8.45,-5.82,-3.4,0.0,2026-07-15,2026-07-15,37.78,0.1666,0.023,0.3775,0.3091,0.6174,0.3708,0.213,-0.8283,0.0858,多周期共振看空 ⬇⬇⬇,-0.625,-0.7223,-0.5625
600410,华胜天成,159.54,True,14.55,16.17,2,4.16,-15.15,-7.34,-10.02,0.0,2026-07-15,2026-07-15,35.81,0.2702,0.184,0.6951,0.4357,0.5736,0.0,0.213,-0.6817,0.1592,多周期共振看空 ⬇⬇⬇,-0.6085,-0.6392,-0.3375
603376,大明电子,7.75,True,24.22,24.99,0,-1.01,-8.48,-5.36,-3.1,0.0,2026-07-15,2026-07-15,41.25,-0.025,-0.3561,0.2983,0.0575,0.6944,0.5029,0.2127,-0.6257,0.1871,周线日线共振看空,-0.6047,-0.45,
002801,微光股份,31.34,True,27.06,28.7,2,4.63,-11.29,-4.31,-5.7,0.0,2026-07-15,2026-07-15,45.82,0.382,-0.6009,0.5008,0.2292,0.7959,0.1654,0.2126,-0.7535,0.1233,多周期共振看空 ⬇⬇⬇,-0.5656,-0.6087,-0.5625
603028,赛福天,18.39,True,6.47,6.75,0,-3.4,-11.91,-7.76,-4.15,0.0,2026-07-15,2026-07-15,42.32,0.0624,0.0251,0.4687,0.2475,0.7183,0.2188,0.2122,-0.7358,0.1321,多周期共振看空 ⬇⬇⬇,-0.6205,-0.5902,-0.495
600980,北矿科技,32.25,True,17.04,18.97,2,3.1,-14.33,-6.18,-10.18,0.0,2026-07-15,2026-07-15,27.23,0.843,-0.6243,0.4202,0.5058,0.3829,0.2996,0.2121,-0.812,0.094,多周期共振看空 ⬇⬇⬇,-0.6712,-0.6467,-0.5625
600319,亚星化学,22.91,True,5.91,6.34,0,-3.82,-10.36,-6.88,-6.71,0.0,2026-07-15,2026-07-15,27.95,-0.3353,1.1432,0.339,0.4,0.3989,0.4351,0.212,-0.7709,0.1145,多周期共振看空 ⬇⬇⬇,-0.5781,-0.6363,-0.5625
600582,天地科技,199.07,True,4.81,4.67,5,2.9,-13.32,-4.6,2.9,0.0453,2026-07-10,2026-07-15,66.67,0.115,-0.504,0.3564,0.069,0.7407,0.406,0.2117,-0.7389,0.1305,多周期共振看空 ⬇⬇⬇,-0.3634,-0.75,-0.5625
003019,宸展光电,44.37,True,25.94,29.68,0,-3.78,-16.22,-11.19,-12.61,0.0,2026-07-15,2026-07-15,30.99,0.6571,-0.6288,0.6518,0.3943,0.4665,0.0,0.2117,-0.4971,0.2515,多周期共振看空 ⬇⬇⬇,-0.6545,-0.194,-0.3375
600742,富维股份,54.17,True,7.29,7.35,0,-0.86,-8.29,-4.04,-0.86,0.0,2026-07-15,2026-07-15,47.19,0.072,-0.3859,0.3299,0.0889,0.8265,0.4502,0.2116,-0.8014,0.0993,多周期共振看空 ⬇⬇⬇,-0.5883,-0.6946,-0.5625
002632,道明光学,50.26,True,8.75,9.13,0,-0.33,-11.53,-5.95,-4.17,0.0,2026-07-15,2026-07-15,34.74,-0.0514,0.91,0.5735,0.4,0.5498,0.0441,0.2115,-0.6429,0.1785,多周期共振看空 ⬇⬇⬇,-0.3985,-0.5764,-0.495
605151,西上海,24.31,True,18.07,18.6,2,5.14,-10.24,-5.18,-2.87,0.0,2026-07-15,2026-07-15,40.65,0.1679,-0.1449,0.6613,0.2428,0.681,0.0,0.2115,-0.5135,0.2433,多周期共振看空 ⬇⬇⬇,-0.3848,-0.3037,-0.495
002779,中坚科技,114.94,True,69.32,76.01,9,12.36,-10.12,-0.13,-8.8,0.0,2026-07-15,2026-07-15,46.9,0.3452,-0.3972,0.7025,0.2483,0.8199,0.0,0.211,-0.6931,0.1534,多周期共振看空 ⬇⬇⬇,-0.3677,-0.6456,-0.5625
003005,竞业达,15.8,True,12.44,13.26,0,-3.37,-12.31,-7.33,-6.22,0.0,2026-07-15,2026-07-15,42.32,-0.4528,0.4931,0.5332,0.3973,0.7183,0.1113,0.2109,-0.899,0.0505,多周期共振看空 ⬇⬇⬇,-0.774,-0.75,-0.5625
002753,永东股份,17.92,True,6.06,5.98,2,1.34,-10.25,-4.22,1.34,0.0142,2026-07-14,2026-07-15,59.63,-0.0423,-0.4719,0.3926,0.0112,0.897,0.3456,0.2108,-0.7184,0.1408,多周期共振看空 ⬇⬇⬇,-0.3644,-0.7041,-0.5625
600100,同方股份,225.14,True,6.72,6.82,1,1.11,-10.13,-4.46,-1.53,0.0,2026-07-15,2026-07-15,46.39,0.2167,-0.6053,0.3803,0.13,0.8087,0.3662,0.2107,-0.7859,0.107,多周期共振看空 ⬇⬇⬇,-0.5377,-0.7038,-0.5625
000683,博源化工,185.82,True,5.56,5.72,0,-2.79,-12.58,-7.41,-2.79,0.0,2026-07-15,2026-07-15,38.41,0.0684,-0.1072,0.3849,0.1982,0.6313,0.3585,0.2104,-0.6779,0.1611,多周期共振看空 ⬇⬇⬇,-0.6115,-0.6283,-0.3375
600281,华阳新材,20.63,True,4.01,4.2,0,-1.44,-12.69,-8.49,-4.58,0.0,2026-07-15,2026-07-15,37.68,0.5959,-0.2753,0.5745,0.4474,0.6151,0.0426,0.2104,-0.8046,0.0977,多周期共振看空 ⬇⬇⬇,-0.575,-0.7131,-0.5625
002240,盛新锂能,284.01,True,31.11,41.35,6,9.36,-25.42,-7.94,-24.77,0.0,2026-07-15,2026-07-15,20.02,0.5594,-0.5505,0.8231,0.3356,0.2226,0.0,0.2103,-0.1218,0.4391,月线看多，中短期调整中,-0.7065,-0.2667,0.2925
002912,中新赛克,28.84,True,17.78,18.57,0,-1.73,-9.21,-5.24,-4.24,0.0,2026-07-15,2026-07-15,42.36,-0.1465,0.0058,0.3313,0.2023,0.7191,0.4478,0.2102,-0.8632,0.0684,多周期共振看空 ⬇⬇⬇,-0.682,-0.75,-0.5625
002903,宇环数控,30.76,True,28.84,42.5,8,18.29,-32.85,-6.41,-32.15,0.0,2026-07-15,2026-07-15,16.3,-0.2044,0.2624,0.7755,0.305,0.1401,0.0,0.2102,0.0253,0.5127,多周期方向不一致，观望,-0.432,0.0313,0.45
002037,保利联合,29.47,True,6.09,6.27,0,-2.91,-9.2,-6.53,-2.91,0.0,2026-07-15,2026-07-15,39.87,-0.1196,0.0464,0.3309,0.2186,0.6638,0.4485,0.2101,-0.8241,0.0879,多周期共振看空 ⬇⬇⬇,-0.625,-0.7131,-0.5625
600990,四创电子,44.68,True,16.61,18.25,6,9.79,-9.53,-1.79,-8.99,0.0,2026-07-15,2026-07-15,43.14,0.5081,-0.2999,0.6263,0.3849,0.7365,0.0,0.2095,-0.8232,0.0884,多周期共振看空 ⬇⬇⬇,-0.6012,-0.7315,-0.5625
600768,宁波富邦,18.78,True,14.04,15.28,5,3.86,-8.51,-2.91,-8.14,0.0,2026-07-15,2026-07-15,28.97,0.2531,0.0135,0.5064,0.3572,0.4216,0.156,0.2094,-0.5274,0.2363,多周期共振看空 ⬇⬇⬇,-0.5143,-0.3807,-0.3375
603037,凯众股份,25.68,True,9.65,10.31,0,-4.65,-14.76,-9.55,-6.38,0.0,2026-07-15,2026-07-15,35.33,0.3141,-0.3076,0.3596,0.2654,0.563,0.4007,0.2093,-0.7466,0.1267,多周期共振看空 ⬇⬇⬇,-0.616,-0.6179,-0.495
003027,同兴科技,16.63,True,15.86,17.35,0,-2.44,-16.08,-10.3,-8.59,0.0,2026-07-15,2026-07-15,38.71,0.3901,-0.2279,0.5532,0.3429,0.6381,0.078,0.2092,-0.7035,0.1482,多周期共振看空 ⬇⬇⬇,-0.7695,-0.3915,-0.495
600550,保变电气,189.68,True,10.3,11.53,2,1.98,-12.87,-6.32,-10.67,0.0,2026-07-15,2026-07-15,20.89,0.7548,-0.2954,0.4082,0.5347,0.2419,0.3197,0.2088,-0.7309,0.1346,多周期共振看空 ⬇⬇⬇,-0.713,-0.6577,-0.3375
603218,日月股份,98.98,True,9.62,10.1,0,-2.22,-9.16,-5.7,-4.72,0.0,2026-07-15,2026-07-15,36.64,-0.1173,-0.0449,0.2632,0.182,0.592,0.5614,0.2087,-0.7808,0.1096,多周期共振看空 ⬇⬇⬇,-0.557,-0.6762,-0.5625
002491,通鼎互联,239.65,True,20.37,28.17,12,40.53,-30.57,2.33,-27.68,0.0,2026-07-15,2026-07-15,7.82,0.2494,-0.3409,1.0773,0.2133,0.0,0.0,0.2087,0.3285,0.6643,上升趋势中的日线回调（关注买点）,-0.2195,0.7298,0.5625
601011,宝泰隆,49.81,True,2.6,2.68,1,1.39,-10.3,-5.18,-3.08,0.0,2026-07-15,2026-07-15,34.38,0.7483,-0.5136,0.6594,0.449,0.5417,0.0,0.2086,-0.6996,0.1502,多周期共振看空 ⬇⬇⬇,-0.4703,-0.6395,-0.495
001300,三柏硕,27.79,True,11.4,11.89,0,-4.1,-20.64,-13.0,-4.1,0.0,2026-07-15,2026-07-15,40.24,0.3904,-0.4737,0.4827,0.2448,0.672,0.1955,0.2086,-0.6855,0.1573,多周期共振看空 ⬇⬇⬇,-0.6115,-0.4875,-0.495
600487,亨通光电,1743.32,True,71.05,96.43,11,29.25,-29.62,-1.03,-26.32,0.0,2026-07-15,2026-07-15,12.68,-0.2929,-0.0029,0.8267,0.1989,0.0594,0.0,0.2082,0.2759,0.638,上升趋势中的日线回调（关注买点）,-0.3217,0.6406,0.5625
603348,文灿股份,43.08,True,13.7,13.8,0,-0.75,-11.31,-6.13,-0.75,0.0,2026-07-15,2026-07-15,47.86,0.0002,-0.2352,0.3669,0.1061,0.8414,0.3886,0.2079,-0.8273,0.0863,多周期共振看空 ⬇⬇⬇,-0.6115,-0.7315,-0.5625
605555,德昌股份,57.12,True,11.8,12.8,0,-1.8,-20.09,-9.2,-7.82,0.0,2026-07-15,2026-07-15,46.28,0.3428,-0.3174,0.5827,0.2787,0.8063,0.0288,0.2077,-0.7751,0.1124,多周期共振看空 ⬇⬇⬇,-0.6332,-0.5983,-0.5625
002865,钧达股份,105.87,True,46.27,56.57,0,-5.53,-18.21,-12.86,-18.21,0.0,2026-07-15,2026-07-15,31.72,0.5443,-0.051,0.7125,0.5062,0.4826,0.0,0.2077,-0.7276,0.1362,多周期共振看空 ⬇⬇⬇,-0.848,-0.5348,-0.3375
601890,亚星锚链,77.81,True,8.11,8.37,2,0.61,-6.42,-3.04,-3.05,0.0,2026-07-15,2026-07-15,43.48,0.2148,-0.4526,0.4066,0.1478,0.744,0.3223,0.2076,-0.726,0.137,多周期共振看空 ⬇⬇⬇,-0.506,-0.6669,-0.495
603876,鼎胜新材,194.77,True,20.96,24.56,6,10.43,-19.46,-4.61,-14.67,0.0,2026-07-15,2026-07-15,13.25,0.374,-0.0789,0.5997,0.3929,0.0723,0.0005,0.2072,-0.0583,0.4708,月线看多，中短期调整中,-0.6052,-0.209,0.45
002985,北摩高科,82.34,True,24.88,27.3,4,2.13,-11.07,-4.84,-8.86,0.0,2026-07-15,2026-07-15,35.53,0.5201,-0.4367,0.4598,0.3373,0.5673,0.2337,0.2072,-0.7501,0.125,多周期共振看空 ⬇⬇⬇,-0.7515,-0.6669,-0.3375
603396,金辰股份,32.75,True,23.64,25.96,0,-4.88,-13.08,-8.39,-8.92,0.0,2026-07-15,2026-07-15,30.57,0.2408,0.1129,0.3506,0.3897,0.4572,0.4156,0.207,-0.8484,0.0758,多周期共振看空 ⬇⬇⬇,-0.7875,-0.6946,-0.495
002140,东华科技,62.93,True,8.9,9.23,0,-0.09,-8.42,-4.14,-3.59,0.0,2026-07-15,2026-07-15,33.13,0.1638,-0.2086,0.2692,0.2148,0.5141,0.5513,0.207,-0.7459,0.127,多周期共振看空 ⬇⬇⬇,-0.557,-0.6669,-0.495
002933,新兴装备,29.84,True,25.56,26.72,1,0.8,-10.12,-4.32,-4.33,0.0,2026-07-15,2026-07-15,43.32,0.2728,-0.3579,0.4329,0.2205,0.7405,0.2785,0.2069,-0.8089,0.0956,多周期共振看空 ⬇⬇⬇,-0.5429,-0.75,-0.5625
002177,御银股份,35.23,True,5.22,5.68,0,-0.45,-12.37,-8.17,-8.07,0.0,2026-07-15,2026-07-15,29.41,0.7671,-0.3778,0.5605,0.5092,0.4314,0.0658,0.2068,-0.7307,0.1346,多周期共振看空 ⬇⬇⬇,-0.5025,-0.6128,-0.5625
600571,信雅达,43.81,True,9.57,9.92,0,-2.87,-11.21,-5.98,-3.55,0.0,2026-07-15,2026-07-15,41.19,0.2119,-0.1322,0.434,0.2742,0.6932,0.2767,0.2068,-0.8374,0.0813,多周期共振看空 ⬇⬇⬇,-0.616,-0.75,-0.5625
600218,全柴动力,32.02,True,7.35,7.44,0,-1.16,-8.81,-5.28,-1.16,0.0,2026-07-15,2026-07-15,42.56,-0.1276,-0.1241,0.3217,0.1504,0.7236,0.4638,0.2067,-0.8266,0.0867,多周期共振看空 ⬇⬇⬇,-0.6205,-0.7223,-0.5625
000420,吉林化纤,90.95,True,3.7,4.02,0,-0.52,-12.03,-5.04,-7.9,0.0,2026-07-15,2026-07-15,32.28,0.349,-0.4599,0.408,0.2255,0.4952,0.32,0.2064,-0.56,0.22,多周期共振看空 ⬇⬇⬇,-0.5597,-0.4135,-0.3375
603220,中贝通信,78.86,True,18.16,21.44,4,6.76,-16.05,-6.62,-15.31,0.0,2026-07-15,2026-07-15,25.19,0.8031,-0.3971,0.5772,0.5231,0.3376,0.038,0.2064,-0.6215,0.1892,多周期共振看空 ⬇⬇⬇,-0.7186,-0.4125,-0.3375
000572,海马汽车,58.14,True,3.54,3.75,1,2.05,-13.17,-8.09,-5.64,0.0,2026-07-15,2026-07-15,41.71,-0.285,0.5737,0.6092,0.4,0.7047,0.0,0.2062,-0.8357,0.0822,多周期共振看空 ⬇⬇⬇,-0.6115,-0.75,-0.5625
603267,鸿远电子,123.63,True,53.5,69.39,12,14.72,-22.9,-3.03,-22.9,0.0,2026-07-15,2026-07-15,8.63,0.6392,-0.5592,0.758,0.3835,0.0,0.0,0.206,0.0344,0.5172,多周期方向不一致，观望,-0.3384,0.2988,0.1423
002899,英派斯,30.12,True,20.38,21.92,0,-2.09,-13.73,-8.44,-7.03,0.0,2026-07-15,2026-07-15,39.14,0.3172,-0.394,0.5246,0.2327,0.6476,0.1257,0.2059,-0.6028,0.1986,多周期共振看空 ⬇⬇⬇,-0.5615,-0.506,-0.3375
603169,兰石重装,79.68,True,6.1,6.9,4,7.5,-16.01,-7.23,-11.61,0.0,2026-07-15,2026-07-15,32.18,0.6587,-0.2893,0.5656,0.4795,0.493,0.0574,0.2058,-0.7586,0.1207,多周期共振看空 ⬇⬇⬇,-0.7372,-0.5404,-0.495
603312,西典新能,16.85,True,33.1,34.41,6,2.19,-10.6,-3.59,-3.81,0.0,2026-07-15,2026-07-15,39.24,0.4665,-0.5005,0.4134,0.2799,0.6498,0.311,0.2057,-0.8307,0.0847,多周期共振看空 ⬇⬇⬇,-0.5987,-0.75,-0.5625
000890,法尔胜,29.62,True,7.06,7.95,0,-1.61,-18.38,-13.41,-11.18,0.0,2026-07-15,2026-07-15,36.61,0.087,-0.5989,0.7287,0.0522,0.5913,0.0,0.2057,-0.1478,0.4261,月线看多，中短期调整中,-0.5545,-0.4087,0.18
002501,*ST利源,46.1,True,1.3,1.31,1,0.57,-16.21,-6.81,-0.91,0.0,2026-07-15,2026-07-15,55.77,-0.0073,-0.4191,0.5616,0.0323,0.9829,0.064,0.2057,-0.6367,0.1816,多周期共振看空 ⬇⬇⬇,-0.3768,-0.5139,-0.5625
600765,中航重机,202.91,True,13.07,13.24,2,1.06,-6.57,-2.65,-1.3,0.0232,2026-07-15,2026-07-15,46.77,-0.0134,-0.636,0.3428,0.0,0.8172,0.4287,0.2056,-0.7349,0.1326,多周期共振看空 ⬇⬇⬇,-0.3746,-0.7315,-0.5625
002667,*ST威领,23.42,True,9.9,12.06,0,-8.94,-36.53,-23.23,-17.92,0.0,2026-07-15,2026-07-15,35.11,-0.4471,11.2375,0.8139,0.4,0.5579,0.0,0.2055,-0.6657,0.1672,多周期共振看空 ⬇⬇⬇,-0.7,-0.5256,-0.3375
600699,均胜电子,290.86,True,20.84,22.13,0,-0.49,-14.48,-8.32,-5.85,0.0,2026-07-15,2026-07-15,39.87,0.2786,-0.1967,0.5573,0.2885,0.6639,0.0711,0.2052,-0.6733,0.1633,多周期共振看空 ⬇⬇⬇,-0.4596,-0.5233,-0.5625
600131,国网信通,172.21,True,14.4,14.7,0,-1.62,-7.99,-4.88,-2.05,0.0,2026-07-15,2026-07-15,33.43,0.4408,-0.5195,0.3856,0.2645,0.5206,0.3573,0.2051,-0.6934,0.1533,多周期共振看空 ⬇⬇⬇,-0.4116,-0.6762,-0.495
605333,沪光股份,74.62,True,16.08,17.16,0,-0.4,-12.23,-6.92,-6.29,0.0,2026-07-15,2026-07-15,40.38,-0.2867,0.1009,0.3916,0.2404,0.6751,0.3474,0.2051,-0.8322,0.0839,多周期共振看空 ⬇⬇⬇,-0.6025,-0.75,-0.5625
600273,嘉化能源,86.81,True,6.62,6.67,1,0.21,-6.11,-3.51,-0.8,0.012,2026-07-15,2026-07-15,44.25,-0.0166,-0.334,0.3308,0.0664,0.7612,0.4486,0.2049,-0.7686,0.1157,多周期共振看空 ⬇⬇⬇,-0.5614,-0.7131,-0.495
002171,楚江新材,166.7,True,10.33,13.35,10,25.65,-22.6,-0.32,-22.6,0.0,2026-07-15,2026-07-15,13.84,0.9009,-0.6897,0.8336,0.5405,0.0854,0.0,0.2048,-0.3289,0.3356,多周期共振看空 ⬇⬇⬇,-0.372,-0.1789,-0.225
002519,银河电子,57.56,True,5.15,5.78,1,0.47,-12.9,-6.86,-10.88,0.0,2026-07-15,2026-07-15,36.89,-0.3312,0.5564,0.6281,0.4,0.5976,0.0,0.2047,-0.7198,0.1401,多周期共振看空 ⬇⬇⬇,-0.8705,-0.4983,-0.3375
002943,宇晶股份,73.01,True,38.66,45.89,0,-4.56,-18.24,-10.93,-15.75,0.0,2026-07-15,2026-07-15,27.89,0.1874,-0.0603,0.8859,0.2883,0.3975,0.0,0.2046,-0.3016,0.3492,月线震荡，中短期走弱,-0.8075,-0.209,-0.1125
000586,汇源通信,22.37,True,11.7,13.34,0,-3.93,-16.7,-10.06,-12.33,0.0,2026-07-15,2026-07-15,21.32,0.6262,-0.2567,0.44,0.4731,0.2516,0.2667,0.2043,-0.6381,0.1809,多周期共振看空 ⬇⬇⬇,-0.774,-0.469,-0.27
000997,新 大 陆,159.78,True,15.86,16.62,0,-3.48,-13.72,-7.68,-4.56,0.0,2026-07-15,2026-07-15,33.6,0.4029,-0.1722,0.4613,0.3728,0.5244,0.2312,0.2043,-0.7764,0.1118,多周期共振看空 ⬇⬇⬇,-0.58,-0.6467,-0.5625
600478,科力远,77.95,True,4.68,5.1,2,1.88,-13.27,-7.15,-8.32,0.0,2026-07-15,2026-07-15,25.56,0.6982,-0.4245,0.368,0.4491,0.3459,0.3867,0.2042,-0.8095,0.0953,多周期共振看空 ⬇⬇⬇,-0.765,-0.6283,-0.495
002085,万丰奥威,215.51,True,10.15,11.27,4,9.63,-13.83,-5.57,-9.92,0.0,2026-07-15,2026-07-15,24.33,0.877,-0.7681,0.443,0.5262,0.3185,0.2616,0.2042,-0.7997,0.1002,多周期共振看空 ⬇⬇⬇,-0.5983,-0.6823,-0.5625
600271,航天信息,121.55,True,6.56,6.7,1,1.11,-8.12,-4.25,-2.04,0.0,2026-07-15,2026-07-15,44.98,0.0009,-0.2027,0.3796,0.1195,0.7772,0.3673,0.2041,-0.7848,0.1076,多周期共振看空 ⬇⬇⬇,-0.4919,-0.7408,-0.5625
603097,江苏华辰,35.54,True,15.82,18.26,9,4.06,-14.2,-3.16,-13.36,0.0,2026-07-15,2026-07-15,10.93,0.3234,0.2769,0.3294,0.5048,0.0206,0.4509,0.2041,-0.5606,0.2197,多周期共振看空 ⬇⬇⬇,-0.3767,-0.5716,-0.3375
603920,世运电路,283.12,True,39.29,46.79,0,-0.75,-21.36,-12.78,-16.03,0.0,2026-07-15,2026-07-15,29.53,0.6255,-0.3071,0.6717,0.4524,0.4339,0.0,0.2037,-0.6149,0.1925,多周期共振看空 ⬇⬇⬇,-0.7245,-0.3929,-0.3375
002023,海特高新,73.35,True,9.9,12.29,14,17.2,-19.8,1.39,-19.47,0.0,2026-07-15,2026-07-15,17.57,0.5542,-0.379,0.6385,0.3809,0.1683,0.0,0.2034,-0.1844,0.4078,多周期方向不一致，观望,-0.3401,-0.1364,-0.3825
600207,安彩高科,46.95,True,4.31,5.29,0,-0.75,-23.61,-13.89,-18.57,0.0,2026-07-15,2026-07-15,23.2,0.8153,-0.6374,0.6412,0.4892,0.2933,0.0,0.2033,-0.5079,0.246,多周期共振看空 ⬇⬇⬇,-0.6975,-0.2483,-0.27
002953,日丰股份,23.93,True,8.82,9.01,0,-2.09,-9.52,-5.71,-2.09,0.0,2026-07-15,2026-07-15,43.28,-0.314,-0.2543,0.3047,0.0983,0.7396,0.4922,0.2029,-0.8154,0.0923,多周期共振看空 ⬇⬇⬇,-0.6025,-0.7131,-0.5625
603528,多伦科技,40.1,True,5.68,6.02,0,-4.23,-11.2,-7.51,-5.58,0.0,2026-07-15,2026-07-15,37.99,0.4923,-0.6105,0.4185,0.2954,0.622,0.3025,0.2029,-0.8374,0.0813,多周期共振看空 ⬇⬇⬇,-0.616,-0.75,-0.5625
600734,*ST实达,36.59,True,1.68,1.73,1,0.85,-21.42,-8.41,-2.83,0.0,2026-07-15,2026-07-15,50.63,0.3313,-0.3725,0.632,0.2498,0.903,0.0,0.2029,-0.8597,0.0701,多周期共振看空 ⬇⬇⬇,-0.673,-0.75,-0.5625
002178,延华智能,30.39,True,4.27,4.5,0,-5.07,-15.64,-10.44,-5.07,0.0,2026-07-15,2026-07-15,38.18,-0.2421,0.1611,0.388,0.2644,0.6263,0.3534,0.2029,-0.8341,0.083,多周期共振看空 ⬇⬇⬇,-0.625,-0.735,-0.5625
603616,韩建河山,19.25,True,5.01,5.87,4,5.87,-14.63,-5.35,-14.63,0.0,2026-07-15,2026-07-15,30.14,0.7173,-0.7754,0.7031,0.4304,0.4476,0.0,0.2028,-0.6035,0.1982,多周期共振看空 ⬇⬇⬇,-0.5081,-0.5533,-0.3375
605088,冠盛股份,49.8,True,24.75,29.14,3,2.0,-15.07,-6.45,-15.07,0.0,2026-07-15,2026-07-15,34.34,-0.3506,1.4294,0.5388,0.4,0.5408,0.1021,0.2026,-0.7501,0.125,多周期共振看空 ⬇⬇⬇,-0.724,-0.4655,-0.5625
603089,正裕工业,20.07,True,8.36,8.66,0,-3.27,-13.08,-7.66,-3.52,0.0,2026-07-15,2026-07-15,42.06,-0.0502,0.0205,0.4005,0.2082,0.7125,0.3325,0.2023,-0.8357,0.0822,多周期共振看空 ⬇⬇⬇,-0.6115,-0.75,-0.5625
002465,海格通信,265.63,True,10.72,12.58,1,4.97,-14.77,-8.9,-14.77,0.0,2026-07-15,2026-07-15,38.69,0.0476,0.0765,0.7302,0.2592,0.6375,0.0,0.202,-0.5636,0.2182,多周期共振看空 ⬇⬇⬇,-0.6115,-0.3771,-0.3375
603861,白云电器,63.75,True,12.06,13.6,2,4.61,-19.52,-9.78,-11.35,0.0,2026-07-15,2026-07-15,45.2,0.3476,-0.5766,0.8809,0.2086,0.7822,0.0,0.202,-0.6565,0.1718,多周期共振看空 ⬇⬇⬇,-0.6105,-0.5821,-0.3375
002560,通达股份,37.94,True,5.99,7.41,1,0.29,-19.12,-8.85,-19.12,0.0,2026-07-15,2026-07-15,13.11,0.3379,0.6001,0.4902,0.6028,0.0691,0.1831,0.2018,-0.5791,0.2105,多周期共振看空 ⬇⬇⬇,-0.848,-0.276,-0.27
002512,ST达华,37.87,True,3.46,3.48,0,-0.52,-22.2,-11.0,-0.52,0.0,2026-07-15,2026-07-15,49.25,-0.1878,-0.0774,0.7442,0.1691,0.8721,0.0,0.2018,-0.7029,0.1486,多周期共振看空 ⬇⬇⬇,-0.4975,-0.5558,-0.5625
600498,烽火通信,604.78,True,47.56,66.56,12,39.03,-28.54,4.63,-28.54,0.0,2026-07-15,2026-07-15,9.38,0.518,-0.6476,0.8141,0.3108,0.0,0.0,0.2017,0.116,0.558,上升趋势中的日线回调（关注买点）,-0.3305,0.2231,0.45
600637,东方明珠,263.24,True,7.83,8.23,0,-2.52,-10.13,-6.11,-4.88,0.0,2026-07-15,2026-07-15,31.09,0.2008,-0.2934,0.3124,0.2031,0.4686,0.4793,0.2015,-0.6587,0.1707,多周期共振看空 ⬇⬇⬇,-0.607,-0.4323,-0.495
603633,徕木股份,25.82,True,6.05,6.95,1,0.02,-16.59,-9.4,-13.01,0.0,2026-07-15,2026-07-15,28.12,0.7757,-0.535,0.5216,0.4654,0.4028,0.1306,0.2014,-0.7214,0.1393,多周期共振看空 ⬇⬇⬇,-0.5048,-0.5902,-0.5625
600955,维远股份,70.56,True,12.83,15.22,6,3.97,-15.73,-2.69,-15.73,0.0,2026-07-15,2026-07-15,24.8,0.147,1.32,0.5752,0.4882,0.3289,0.0414,0.2014,-0.5977,0.2011,多周期共振看空 ⬇⬇⬇,-0.5941,-0.467,-0.3375
000016,*ST康佳A,41.51,True,2.6,2.48,1,4.67,-23.16,-10.41,4.67,0.0,2026-07-14,2026-07-15,57.23,-0.1131,-0.1419,0.8018,0.1432,0.9504,0.0,0.2013,-0.7595,0.1203,多周期共振看空 ⬇⬇⬇,-0.5258,-0.656,-0.5625
000039,中集集团,177.21,True,7.7,8.27,0,-3.45,-12.41,-8.8,-6.88,0.0,2026-07-15,2026-07-15,28.9,0.5816,-0.6009,0.4495,0.349,0.4199,0.2509,0.2012,-0.6532,0.1734,多周期共振看空 ⬇⬇⬇,-0.625,-0.5625,-0.3375
000681,视觉中国,116.23,True,17.19,19.71,3,4.64,-14.15,-7.28,-12.8,0.0,2026-07-15,2026-07-15,23.84,0.8127,-0.7397,0.5516,0.4876,0.3075,0.0807,0.201,-0.6059,0.1971,多周期共振看空 ⬇⬇⬇,-0.5448,-0.3697,-0.495
000595,宝塔实业,56.25,True,4.94,5.77,2,3.51,-19.33,-10.97,-14.44,0.0,2026-07-15,2026-07-15,38.63,0.0566,-0.0033,0.8322,0.2326,0.6362,0.0,0.2009,-0.5282,0.2359,多周期共振看空 ⬇⬇⬇,-0.794,-0.2102,-0.27
002771,真视通,0.0,True,11.75,13.2,1,1.23,-18.69,-9.01,-10.99,0.0,2026-07-15,2026-07-15,37.52,0.4836,-0.3748,0.6025,0.3403,0.6116,0.0,0.2008,-0.6716,0.1642,多周期共振看空 ⬇⬇⬇,-0.5815,-0.4151,-0.5625
605218,伟时电子,28.84,True,13.55,15.91,5,3.58,-17.06,-5.22,-14.84,0.0,2026-07-15,2026-07-15,24.87,0.7949,-0.6163,0.4905,0.477,0.3305,0.1825,0.2006,-0.7012,0.1494,多周期共振看空 ⬇⬇⬇,-0.5753,-0.4854,-0.5625
600666,奥瑞德,84.82,True,3.39,3.99,3,4.94,-18.95,-9.08,-15.09,0.0,2026-07-15,2026-07-15,17.75,0.7457,-0.1268,0.5792,0.5967,0.1723,0.0347,0.2005,-0.5849,0.2076,多周期共振看空 ⬇⬇⬇,-0.7417,-0.3798,-0.27
603272,*ST联翔,0.0,True,16.23,24.18,0,-10.3,-34.3,-23.47,-32.89,0.0,2026-07-15,2026-07-15,27.1,-0.3697,0.7948,0.8825,0.4,0.38,0.0,0.2004,-0.4926,0.2537,多周期共振看空 ⬇⬇⬇,-0.7625,-0.159,-0.27
002389,航天彩虹,168.49,True,17.11,17.88,2,1.37,-8.34,-3.29,-4.28,0.0,2026-07-15,2026-07-15,44.54,0.119,-0.4871,0.4108,0.0766,0.7674,0.3154,0.2001,-0.6951,0.1524,多周期共振看空 ⬇⬇⬇,-0.4018,-0.6207,-0.5625
605566,福莱蒽特,35.16,True,26.37,36.26,6,21.39,-30.51,-11.46,-27.28,0.0,2026-07-15,2026-07-15,7.33,0.7301,-0.6923,0.7553,0.4381,0.0,0.0,0.1999,-0.1015,0.4492,多周期方向不一致，观望,-0.4695,-0.0437,0.0
603191,望变电气,43.79,True,13.27,15.64,0,-3.36,-16.62,-9.28,-15.17,0.0,2026-07-15,2026-07-15,16.03,0.7301,-0.1124,0.3995,0.5931,0.1339,0.3342,0.1997,-0.779,0.1105,多周期共振看空 ⬇⬇⬇,-0.8363,-0.6577,-0.3375
603106,恒银科技,34.04,True,6.54,7.09,4,8.16,-11.82,-3.64,-7.75,0.0,2026-07-15,2026-07-15,31.17,0.6104,-0.0065,0.6656,0.5636,0.4704,0.0,0.1997,-0.8686,0.0657,多周期共振看空 ⬇⬇⬇,-0.696,-0.75,-0.5625
002309,中利集团,65.93,True,2.74,2.76,0,-0.81,-15.37,-10.76,-0.81,0.0,2026-07-15,2026-07-15,43.52,0.3199,-0.6329,0.5896,0.1919,0.7449,0.0174,0.1995,-0.6191,0.1905,多周期共振看空 ⬇⬇⬇,-0.625,-0.4875,-0.3375
600556,天下秀,76.65,True,4.24,4.46,0,-2.29,-11.2,-6.98,-4.89,0.0,2026-07-15,2026-07-15,38.85,0.017,-0.0689,0.4487,0.1826,0.6411,0.2521,0.1995,-0.6671,0.1664,多周期共振看空 ⬇⬇⬇,-0.3901,-0.6367,-0.495
001268,联合精密,20.23,True,21.44,26.59,9,3.86,-21.49,-5.23,-19.37,0.0,2026-07-15,2026-07-15,26.36,-0.4381,0.1202,0.8274,0.2481,0.3636,0.0,0.1993,-0.2387,0.3806,月线震荡，中短期走弱,-0.6187,-0.1594,-0.1125
001306,夏厦精密,7.89,True,50.93,56.38,2,6.15,-12.22,-6.1,-9.66,0.0,2026-07-15,2026-07-15,42.17,0.2725,-0.1158,0.6929,0.3172,0.7149,0.0,0.199,-0.7736,0.1132,多周期共振看空 ⬇⬇⬇,-0.5958,-0.6271,-0.5625
603527,众源新材,30.78,True,9.71,11.84,6,9.68,-22.49,-8.61,-18.01,0.0,2026-07-15,2026-07-15,9.61,0.8244,-0.754,0.6898,0.4947,0.0,0.0,0.199,-0.1998,0.4001,多周期方向不一致，观望,-0.5655,-0.1237,-0.27
603613,国联股份,129.05,True,17.91,18.76,0,-1.28,-13.92,-8.31,-4.55,0.0,2026-07-15,2026-07-15,35.99,0.4008,-0.4095,0.429,0.2767,0.5776,0.2851,0.199,-0.7719,0.114,多周期共振看空 ⬇⬇⬇,-0.625,-0.5983,-0.5625
001332,锡装股份,20.59,True,30.64,37.53,0,-0.87,-22.68,-12.77,-18.36,0.0,2026-07-15,2026-07-15,7.65,0.5761,-0.2071,0.3533,0.4628,0.0,0.4111,0.1989,-0.4786,0.2607,多周期共振看空 ⬇⬇⬇,-0.702,-0.1802,-0.27
600446,金证股份,95.54,True,10.15,10.57,0,-3.81,-15.07,-8.42,-3.98,0.0,2026-07-15,2026-07-15,38.67,0.4976,-0.2566,0.6563,0.3959,0.6372,0.0,0.1988,-0.808,0.096,多周期共振看空 ⬇⬇⬇,-0.616,-0.6854,-0.5625
002278,神开股份,26.87,True,7.49,7.77,0,-3.44,-10.17,-6.35,-3.62,0.0,2026-07-15,2026-07-15,40.19,-0.4716,-0.1725,0.3526,0.131,0.6708,0.4123,0.1987,-0.7546,0.1227,多周期共振看空 ⬇⬇⬇,-0.625,-0.5602,-0.5625
001239,永达股份,13.95,True,12.24,13.43,7,11.89,-10.75,-1.76,-8.89,0.0,2026-07-15,2026-07-15,29.81,0.5119,-0.6285,0.3471,0.3072,0.4401,0.4214,0.1986,-0.7682,0.1159,多周期共振看空 ⬇⬇⬇,-0.4816,-0.7131,-0.5625
600589,大位科技,112.22,True,7.59,9.38,2,4.51,-20.64,-6.97,-19.08,0.0,2026-07-15,2026-07-15,25.15,0.5468,-0.081,0.6942,0.4957,0.3366,0.0,0.1984,-0.6095,0.1952,多周期共振看空 ⬇⬇⬇,-0.599,-0.4887,-0.3375
601778,晶科科技,133.66,True,3.59,4.2,0,-9.95,-15.73,-13.08,-14.61,0.0,2026-07-15,2026-07-15,19.35,0.5548,-0.2669,0.4085,0.4261,0.2079,0.3192,0.1984,-0.5993,0.2003,多周期共振看空 ⬇⬇⬇,-0.866,-0.3048,-0.27
001216,华瓷股份,32.9,True,13.4,14.98,4,13.48,-11.13,-4.28,-10.55,0.0,2026-07-15,2026-07-15,19.76,0.7474,-0.1885,0.641,0.5731,0.2169,0.0,0.1984,-0.59,0.205,多周期共振看空 ⬇⬇⬇,-0.5401,-0.4963,-0.3375
002785,万里石,73.08,True,37.77,41.22,10,10.2,-12.13,-2.13,-8.36,0.0,2026-07-15,2026-07-15,32.0,0.2586,-0.437,0.5536,0.1804,0.4888,0.0774,0.1982,-0.3512,0.3244,多周期共振看空 ⬇⬇⬇,-0.347,-0.3135,-0.161
002114,罗平锌电,20.57,True,6.36,7.05,2,5.61,-14.89,-5.42,-9.78,0.0,2026-07-15,2026-07-15,36.31,0.6336,-0.598,0.7121,0.3802,0.5846,0.0,0.1982,-0.7242,0.1379,多周期共振看空 ⬇⬇⬇,-0.5414,-0.6327,-0.495
603516,淳中科技,199.49,True,98.14,121.73,10,16.91,-20.19,-1.66,-19.38,0.0,2026-07-15,2026-07-15,29.31,0.2823,0.3461,0.7936,0.5078,0.4291,0.0,0.1981,-0.7429,0.1285,多周期共振看空 ⬇⬇⬇,-0.4274,-0.7038,-0.5625
002229,鸿博股份,46.55,True,9.44,10.45,0,-6.37,-22.27,-14.38,-9.7,0.0,2026-07-15,2026-07-15,32.73,0.5917,-0.3619,0.5352,0.4102,0.5052,0.1079,0.198,-0.7645,0.1178,多周期共振看空 ⬇⬇⬇,-0.625,-0.5821,-0.5625
000546,金圆股份,30.66,True,4.4,4.9,2,3.52,-13.53,-5.56,-10.13,0.0,2026-07-15,2026-07-15,25.5,0.6969,-0.3993,0.5634,0.4585,0.3445,0.061,0.198,-0.6121,0.194,多周期共振看空 ⬇⬇⬇,-0.6177,-0.4783,-0.3375
002639,雪人集团,77.11,True,11.69,13.21,0,-1.3,-13.53,-7.64,-11.48,0.0,2026-07-15,2026-07-15,36.28,0.442,-0.3046,0.5918,0.3433,0.584,0.0137,0.1979,-0.6782,0.1609,多周期共振看空 ⬇⬇⬇,-0.7095,-0.5449,-0.3375
002190,成飞集成,76.16,True,21.23,23.82,1,0.64,-12.21,-6.51,-10.88,0.0,2026-07-15,2026-07-15,29.02,0.6969,-0.7299,0.4852,0.4181,0.4228,0.1913,0.1977,-0.7475,0.1262,多周期共振看空 ⬇⬇⬇,-0.619,-0.5498,-0.5625
600468,百利电气,54.71,True,5.03,5.49,2,2.81,-11.15,-6.38,-8.38,0.0,2026-07-15,2026-07-15,41.53,0.4587,-0.5118,0.5586,0.2752,0.7006,0.0691,0.1976,-0.7554,0.1223,多周期共振看空 ⬇⬇⬇,-0.765,-0.6669,-0.3375
600480,凌云股份,101.79,True,8.39,8.84,0,-0.33,-17.66,-7.64,-5.11,0.0,2026-07-15,2026-07-15,45.99,0.2189,-0.3145,0.5734,0.2056,0.7997,0.0443,0.1976,-0.7429,0.1285,多周期共振看空 ⬇⬇⬇,-0.638,-0.5233,-0.5625
603937,丽岛新材,21.72,True,10.4,13.22,6,9.56,-24.95,-4.74,-21.36,0.0,2026-07-15,2026-07-15,28.24,-0.0898,0.3434,0.756,0.3373,0.4053,0.0,0.1976,-0.445,0.2775,多周期共振看空 ⬇⬇⬇,-0.6272,-0.283,-0.1575
603960,克来机电,39.99,True,15.25,17.71,2,0.97,-17.38,-10.15,-13.89,0.0,2026-07-15,2026-07-15,26.77,0.7941,-0.5035,0.541,0.4765,0.3727,0.0983,0.1975,-0.708,0.146,多周期共振看空 ⬇⬇⬇,-0.7695,-0.5589,-0.3375
600714,金瑞矿业,43.2,True,14.99,19.5,0,-3.77,-31.57,-21.59,-23.12,0.0,2026-07-15,2026-07-15,20.07,0.2178,-0.229,0.6909,0.2391,0.2237,0.0,0.1975,-0.0706,0.4647,月线看多，中短期调整中,-0.684,-0.1998,0.45
000837,秦川机床,96.11,True,9.54,11.14,5,4.26,-15.18,-5.17,-14.33,0.0,2026-07-15,2026-07-15,36.33,0.511,-0.599,0.6191,0.3066,0.5851,0.0,0.1974,-0.6136,0.1932,多周期共振看空 ⬇⬇⬇,-0.54,-0.3232,-0.5625
605123,派克新材,95.85,True,79.1,94.72,4,4.32,-16.49,-4.28,-16.49,0.0,2026-07-15,2026-07-15,34.08,0.432,-0.4819,0.6841,0.2664,0.5351,0.0,0.1974,-0.4892,0.2554,多周期共振看空 ⬇⬇⬇,-0.4842,-0.3226,-0.3375
002048,宁波华翔,151.76,True,21.43,23.95,4,6.15,-15.99,-6.64,-10.53,0.0,2026-07-15,2026-07-15,40.69,0.2396,-0.159,0.6484,0.2802,0.6819,0.0,0.197,-0.6904,0.1548,多周期共振看空 ⬇⬇⬇,-0.5954,-0.4446,-0.5625
002611,东方精工,150.8,True,15.02,17.34,7,3.71,-13.37,-2.4,-13.37,0.0,2026-07-15,2026-07-15,31.51,0.3525,-0.7197,0.4571,0.2115,0.478,0.2382,0.1969,-0.527,0.2365,多周期共振看空 ⬇⬇⬇,-0.4386,-0.3323,-0.45
601127,赛力斯,870.32,True,55.89,60.42,0,-4.23,-14.7,-10.39,-7.5,0.0,2026-07-15,2026-07-15,33.3,-0.44,0.5162,0.5,0.4,0.5178,0.1666,0.1967,-0.8214,0.0893,多周期共振看空 ⬇⬇⬇,-0.575,-0.75,-0.5625
002527,新时达,57.97,True,10.96,12.74,1,0.93,-19.34,-8.13,-13.98,0.0,2026-07-15,2026-07-15,33.91,0.6062,-0.4511,0.6577,0.3832,0.5314,0.0,0.1965,-0.6788,0.1606,多周期共振看空 ⬇⬇⬇,-0.4522,-0.5417,-0.5625
603344,星德胜,12.38,True,22.92,24.66,0,-4.38,-18.65,-9.79,-7.06,0.0,2026-07-15,2026-07-15,39.64,0.3987,-0.5802,0.5056,0.2392,0.6588,0.1574,0.1963,-0.7291,0.1355,多周期共振看空 ⬇⬇⬇,-0.6136,-0.514,-0.5625
600800,渤海化学,33.74,True,3.04,3.22,0,-3.04,-12.36,-8.85,-5.65,0.0,2026-07-15,2026-07-15,34.91,-0.2259,0.3421,0.5059,0.3368,0.5535,0.1569,0.1961,-0.7598,0.1201,多周期共振看空 ⬇⬇⬇,-0.6249,-0.6392,-0.495
600847,万里股份,18.0,True,11.74,13.37,2,2.61,-14.39,-7.13,-12.19,0.0,2026-07-15,2026-07-15,18.97,0.675,-0.619,0.487,0.405,0.1994,0.1883,0.196,-0.4698,0.2651,多周期共振看空 ⬇⬇⬇,-0.6458,-0.209,-0.27
605258,协和电子,22.74,True,25.84,31.37,6,4.76,-22.0,-7.7,-17.64,0.0,2026-07-15,2026-07-15,24.04,0.739,-0.5095,0.6163,0.4434,0.312,0.0,0.1959,-0.5165,0.2418,多周期共振看空 ⬇⬇⬇,-0.678,-0.2841,-0.27
603150,万朗磁塑,49.72,True,58.16,70.05,9,12.98,-18.26,-2.62,-16.98,0.0,2026-07-15,2026-07-15,13.63,0.3233,-0.6101,0.5147,0.194,0.0807,0.1421,0.1957,0.0444,0.5222,多周期方向不一致，观望,-0.3863,0.0761,0.45
600624,ST复华,24.93,True,3.67,3.64,4,7.14,-15.04,-4.85,0.81,0.0,2026-07-14,2026-07-15,56.16,0.0962,-0.4123,0.5657,0.0928,0.9741,0.0571,0.1957,-0.7973,0.1013,多周期共振看空 ⬇⬇⬇,-0.5346,-0.7315,-0.5625
000519,中兵红箭,206.52,True,14.83,19.51,14,14.86,-24.0,-1.17,-24.0,0.0,2026-07-15,2026-07-15,19.41,0.5368,-0.3391,0.7556,0.3865,0.209,0.0,0.1955,-0.3054,0.3473,多周期共振看空 ⬇⬇⬇,-0.261,-0.2225,-0.225
000969,安泰科技,181.61,True,17.44,23.07,13,14.04,-24.39,-1.34,-24.39,0.0,2026-07-15,2026-07-15,11.19,0.69,-0.1919,0.6324,0.5372,0.0264,0.0,0.1954,-0.3282,0.3359,多周期共振看空 ⬇⬇⬇,-0.3117,-0.2292,-0.225
002651,利君股份,41.67,True,7.37,7.54,1,1.69,-8.59,-3.83,-2.26,0.0,2026-07-15,2026-07-15,47.2,-0.1668,-0.3582,0.3926,0.0567,0.8267,0.3457,0.1954,-0.796,0.102,多周期共振看空 ⬇⬇⬇,-0.542,-0.7223,-0.5625
002969,嘉美包装,133.59,True,12.23,13.77,0,-6.12,-15.59,-11.62,-11.17,0.0,2026-07-15,2026-07-15,29.25,0.5753,-0.521,0.4924,0.3452,0.4277,0.1794,0.1954,-0.6461,0.1769,多周期共振看空 ⬇⬇⬇,-0.4955,-0.6577,-0.3375
002347,泰尔股份,26.99,True,5.47,5.85,0,-1.95,-11.61,-8.52,-6.55,0.0,2026-07-15,2026-07-15,39.29,-0.2023,0.1075,0.4772,0.243,0.6508,0.2047,0.1952,-0.7722,0.1139,多周期共振看空 ⬇⬇⬇,-0.5705,-0.7131,-0.495
603626,科森科技,84.73,True,15.27,18.66,0,-0.76,-18.96,-11.65,-18.15,0.0,2026-07-15,2026-07-15,31.44,0.4686,-0.3065,0.6849,0.3586,0.4765,0.0,0.1952,-0.5836,0.2082,多周期共振看空 ⬇⬇⬇,-0.7626,-0.3552,-0.2737
002335,科华数据,214.88,True,32.57,38.19,7,12.12,-14.71,-2.03,-14.71,0.0,2026-07-15,2026-07-15,17.25,0.7678,-0.2934,0.6138,0.5433,0.1612,0.0,0.195,-0.5026,0.2487,多周期共振看空 ⬇⬇⬇,-0.4655,-0.3231,-0.3825
000158,常山北明,0.0,True,12.59,13.29,0,-0.86,-13.58,-6.77,-5.28,0.0,2026-07-15,2026-07-15,39.7,0.236,-0.5924,0.3737,0.1416,0.66,0.3772,0.1946,-0.7632,0.1184,多周期共振看空 ⬇⬇⬇,-0.4472,-0.7315,-0.5625
002553,南方精工,38.3,True,14.95,16.07,1,0.7,-13.43,-7.25,-6.94,0.0,2026-07-15,2026-07-15,42.63,0.3465,-0.4423,0.5033,0.231,0.7251,0.1612,0.1946,-0.8121,0.0939,多周期共振看空 ⬇⬇⬇,-0.5617,-0.7408,-0.5625
603390,通达电气,33.18,True,9.45,10.69,0,-3.07,-11.62,-7.47,-11.62,0.0,2026-07-15,2026-07-15,22.41,0.03,0.9799,0.3394,0.418,0.2757,0.4343,0.1941,-0.7945,0.1028,多周期共振看空 ⬇⬇⬇,-0.83,-0.4723,-0.5625
605378,野马电池,34.86,True,13.34,14.59,4,10.28,-13.26,-6.65,-8.55,0.0,2026-07-15,2026-07-15,26.17,0.8364,-0.3,0.5597,0.5818,0.3594,0.0672,0.194,-0.8637,0.0681,多周期共振看空 ⬇⬇⬇,-0.705,-0.7315,-0.5625
603171,税友股份,156.59,True,38.58,40.45,0,-2.39,-15.55,-8.27,-4.62,0.0,2026-07-15,2026-07-15,43.61,-0.1112,-0.2102,0.4904,0.1159,0.7468,0.1827,0.194,-0.676,0.162,多周期共振看空 ⬇⬇⬇,-0.616,-0.4628,-0.495
001379,腾达科技,10.3,True,15.3,15.9,0,-2.25,-9.97,-6.73,-3.8,0.0,2026-07-15,2026-07-15,41.4,-0.0572,-0.1343,0.3724,0.1463,0.6978,0.3794,0.1936,-0.8266,0.0867,多周期共振看空 ⬇⬇⬇,-0.6205,-0.7223,-0.5625
601515,衢州东峰,61.97,True,3.22,3.35,0,-0.68,-15.1,-8.15,-3.84,0.0,2026-07-15,2026-07-15,38.32,-0.1212,0.0213,0.4871,0.2085,0.6293,0.1882,0.1936,-0.6907,0.1547,多周期共振看空 ⬇⬇⬇,-0.607,-0.4352,-0.5625
600143,金发科技,376.52,True,14.29,15.54,2,6.19,-8.63,-3.29,-8.04,0.0,2026-07-15,2026-07-15,38.18,0.4817,-0.5655,0.5562,0.289,0.6261,0.073,0.1936,-0.7234,0.1383,多周期共振看空 ⬇⬇⬇,-0.5275,-0.5753,-0.5625
603202,天有为,25.89,True,51.56,52.73,0,-0.46,-19.55,-9.89,-2.22,0.0,2026-07-15,2026-07-15,49.7,-0.0043,-0.2603,0.4788,0.0959,0.8823,0.2019,0.1934,-0.8262,0.0869,多周期共振看空 ⬇⬇⬇,-0.598,-0.7408,-0.5625
002097,山河智能,74.55,True,6.95,7.35,0,-3.96,-11.39,-7.08,-5.44,0.0,2026-07-15,2026-07-15,37.3,-0.3355,-0.0925,0.3096,0.163,0.6066,0.484,0.1929,-0.8325,0.0837,多周期共振看空 ⬇⬇⬇,-0.625,-0.7315,-0.5625
002709,天赐材料,566.63,True,37.55,48.96,11,10.2,-25.98,-3.84,-23.31,0.0,2026-07-15,2026-07-15,20.92,0.3347,-0.4888,0.8176,0.2053,0.2427,0.0,0.1929,-0.0766,0.4617,月线看多，中短期调整中,-0.489,-0.2379,0.2925
000903,ST云动,32.45,True,1.69,1.85,9,8.89,-9.6,-1.48,-8.53,0.0,2026-07-15,2026-07-15,37.93,0.3649,-0.5917,0.4323,0.2189,0.6207,0.2795,0.1929,-0.7753,0.1124,多周期共振看空 ⬇⬇⬇,-0.4783,-0.7315,-0.5625
603778,国晟科技,63.19,True,9.83,12.21,0,-9.92,-30.54,-21.29,-19.51,0.0,2026-07-15,2026-07-15,28.75,0.011,-0.2076,0.859,0.1236,0.4167,0.0,0.1928,-0.1553,0.4224,月线看多，中短期调整中,-0.625,-0.3837,0.18
603070,万控智造,44.67,True,11.14,12.93,2,10.75,-19.47,-12.14,-13.84,0.0,2026-07-15,2026-07-15,26.12,0.7613,-0.687,0.7496,0.4568,0.3582,0.0,0.1927,-0.6192,0.1904,多周期共振看空 ⬇⬇⬇,-0.702,-0.4217,-0.3375
603602,纵横通信,24.19,True,10.47,11.38,0,-0.5,-13.83,-8.33,-8.0,0.0,2026-07-15,2026-07-15,30.42,0.5715,-0.488,0.4008,0.3477,0.4537,0.3321,0.1926,-0.8253,0.0873,多周期共振看空 ⬇⬇⬇,-0.7605,-0.5994,-0.5625
600775,南京熊猫,59.46,True,8.85,9.65,2,1.12,-10.81,-6.04,-8.26,0.0,2026-07-15,2026-07-15,31.78,0.4231,-0.0646,0.5672,0.428,0.4839,0.0546,0.1925,-0.7694,0.1153,多周期共振看空 ⬇⬇⬇,-0.5742,-0.7038,-0.495
600409,三友化工,120.35,True,5.83,6.18,9,7.81,-12.29,-1.69,-5.7,0.0,2026-07-15,2026-07-15,29.29,0.3451,-0.2201,0.5617,0.319,0.4286,0.0639,0.1921,-0.5387,0.2307,多周期共振看空 ⬇⬇⬇,-0.3528,-0.544,-0.3375
603356,华菱精工,20.28,True,15.21,17.07,6,5.86,-11.7,-4.15,-10.92,0.0,2026-07-15,2026-07-15,36.43,0.328,-0.6672,0.8081,0.1968,0.5874,0.0,0.1919,-0.4845,0.2578,多周期共振看空 ⬇⬇⬇,-0.4942,-0.3037,-0.3375
002255,海陆重工,51.17,True,8.02,9.04,8,4.94,-13.41,-3.23,-11.23,0.0,2026-07-15,2026-07-15,32.69,0.6923,-0.562,0.5501,0.4154,0.5042,0.0831,0.1918,-0.8019,0.0991,多周期共振看空 ⬇⬇⬇,-0.636,-0.7223,-0.495
002455,百川股份,42.89,True,6.49,7.31,0,-0.46,-16.88,-7.81,-11.26,0.0,2026-07-15,2026-07-15,33.7,0.6188,-0.4151,0.6653,0.4053,0.5266,0.0,0.1917,-0.747,0.1265,多周期共振看空 ⬇⬇⬇,-0.765,-0.6485,-0.3375
002448,中原内配,64.73,True,11.15,12.19,5,3.64,-12.37,-3.44,-8.55,0.0,2026-07-15,2026-07-15,33.93,-0.0619,-0.0844,0.4954,0.1663,0.5318,0.1743,0.1917,-0.5099,0.245,多周期共振看空 ⬇⬇⬇,-0.5078,-0.4704,-0.2149
002812,恩捷股份,452.13,True,54.96,63.79,9,7.01,-19.33,-3.52,-13.84,0.0,2026-07-15,2026-07-15,29.52,0.113,-0.478,0.6862,0.0766,0.4337,0.0,0.1917,-0.1095,0.4452,月线看多，中短期调整中,-0.594,-0.3048,0.2925
002176,江特电机,138.18,True,8.11,9.83,1,0.62,-20.22,-8.83,-17.48,0.0,2026-07-15,2026-07-15,17.46,0.8149,-0.672,0.5162,0.489,0.1658,0.1396,0.1915,-0.5606,0.2197,多周期共振看空 ⬇⬇⬇,-0.756,-0.314,-0.27
603095,越剑智能,33.63,True,13.02,14.4,0,-6.32,-18.52,-13.26,-9.57,0.0,2026-07-15,2026-07-15,30.14,0.3417,-0.4296,0.4768,0.2332,0.4475,0.2053,0.1912,-0.5451,0.2274,多周期共振看空 ⬇⬇⬇,-0.557,-0.4506,-0.27
003021,兆威机电,170.04,True,81.99,89.33,2,5.51,-15.88,-6.53,-8.22,0.0,2026-07-15,2026-07-15,44.8,0.3299,-0.4919,0.7481,0.2012,0.7734,0.0,0.1909,-0.723,0.1385,多周期共振看空 ⬇⬇⬇,-0.4982,-0.5994,-0.5625
600592,龙溪股份,53.74,True,13.45,14.35,1,1.44,-22.34,-12.68,-6.29,0.0,2026-07-15,2026-07-15,45.52,0.3967,-0.5988,0.6999,0.238,0.7894,0.0,0.1908,-0.802,0.099,多周期共振看空 ⬇⬇⬇,-0.6025,-0.6837,-0.5625
603418,友升股份,18.2,True,44.0,46.63,5,4.85,-13.45,-4.55,-5.65,0.0,2026-07-15,2026-07-15,37.35,0.2625,-0.704,0.5143,0.1575,0.6078,0.1428,0.1907,-0.5697,0.2152,周线日线共振看空,-0.6059,-0.3623,
002506,协鑫集成,146.7,True,2.51,2.9,0,-0.42,-16.69,-8.67,-13.37,0.0,2026-07-15,2026-07-15,25.69,0.5141,-0.1971,0.4943,0.4296,0.3486,0.1762,0.1904,-0.7233,0.1383,多周期共振看空 ⬇⬇⬇,-0.7044,-0.6485,-0.3375
002449,国星光电,39.58,True,6.4,7.36,1,0.72,-15.28,-6.03,-13.0,0.0,2026-07-15,2026-07-15,22.98,0.7338,-0.761,0.4015,0.4403,0.2884,0.3308,0.1893,-0.8011,0.0994,多周期共振看空 ⬇⬇⬇,-0.7245,-0.5771,-0.5625
603131,上海沪工,50.1,True,14.87,17.26,4,4.65,-13.83,-5.09,-13.83,0.0,2026-07-15,2026-07-15,41.83,0.0295,0.1249,0.8238,0.2677,0.7072,0.0,0.1893,-0.7623,0.1189,多周期共振看空 ⬇⬇⬇,-0.5774,-0.6179,-0.5625
603897,长城科技,54.62,True,26.46,32.48,1,0.86,-20.96,-14.18,-18.53,0.0,2026-07-15,2026-07-15,28.61,0.0951,-0.4301,0.7556,0.085,0.4135,0.0,0.189,-0.1203,0.4399,月线看多，中短期调整中,-0.5672,-0.2667,0.18
605286,同力天启,39.55,True,23.54,26.2,0,-2.27,-14.59,-10.67,-10.14,0.0,2026-07-15,2026-07-15,33.84,0.1123,0.2485,0.5418,0.3667,0.5299,0.097,0.1889,-0.7888,0.1056,多周期共振看空 ⬇⬇⬇,-0.6205,-0.6392,-0.5625
001382,新亚电缆,9.64,True,15.3,16.3,0,-0.6,-20.32,-11.83,-6.11,0.0,2026-07-15,2026-07-15,38.41,0.263,-0.3643,0.4651,0.2121,0.6313,0.2249,0.1889,-0.7658,0.1171,多周期共振看空 ⬇⬇⬇,-0.5615,-0.6392,-0.5625
603319,美湖股份,96.39,True,28.42,32.79,1,0.13,-14.12,-6.43,-13.33,0.0,2026-07-15,2026-07-15,30.03,0.4482,-0.5741,0.5234,0.2689,0.4451,0.1277,0.1887,-0.5567,0.2217,多周期共振看空 ⬇⬇⬇,-0.4467,-0.3457,-0.495
002265,建设工业,171.28,True,16.58,17.65,0,-1.09,-11.53,-6.9,-6.08,0.0,2026-07-15,2026-07-15,40.03,0.2049,-0.5126,0.4556,0.123,0.6674,0.2407,0.1879,-0.6872,0.1564,多周期共振看空 ⬇⬇⬇,-0.5116,-0.5093,-0.5625
600255,鑫科材料,55.63,True,3.08,3.56,6,9.83,-24.09,-9.79,-13.5,0.0,2026-07-15,2026-07-15,19.23,0.8741,-0.5978,0.7044,0.5244,0.2051,0.0,0.1878,-0.5825,0.2087,多周期共振看空 ⬇⬇⬇,-0.4965,-0.2922,-0.5625
002518,科士达,217.69,True,38.52,47.18,6,7.68,-22.35,-5.69,-18.35,0.0,2026-07-15,2026-07-15,23.53,0.262,-0.0162,0.8276,0.3507,0.3006,0.0,0.1878,-0.4194,0.2903,多周期共振看空 ⬇⬇⬇,-0.4353,-0.3237,-0.225
003040,楚天龙,46.19,True,10.11,10.82,0,-3.71,-12.91,-8.08,-6.58,0.0,2026-07-15,2026-07-15,32.6,0.2748,-0.1781,0.3973,0.2937,0.5023,0.3379,0.1877,-0.8409,0.0796,多周期共振看空 ⬇⬇⬇,-0.625,-0.75,-0.5625
600869,远东股份,453.41,True,20.43,29.28,11,30.63,-33.06,-0.34,-30.23,0.0,2026-07-15,2026-07-15,6.99,0.2691,-0.6281,0.7832,0.1615,0.0,0.0,0.1876,0.2424,0.6212,上升趋势中的日线回调（关注买点）,-0.3217,0.6406,0.45
603381,永臻股份,20.2,True,14.21,15.39,0,-4.47,-13.27,-9.57,-7.65,0.0,2026-07-15,2026-07-15,30.57,0.0558,-0.0778,0.3012,0.2023,0.4571,0.498,0.1873,-0.7724,0.1138,多周期共振看空 ⬇⬇⬇,-0.625,-0.6669,-0.495
000821,ST京机,44.44,True,7.35,7.81,0,-0.66,-17.53,-7.89,-5.84,0.0,2026-07-15,2026-07-15,49.7,-0.1907,-0.0862,0.5796,0.1655,0.8822,0.034,0.1866,-0.8579,0.0711,多周期共振看空 ⬇⬇⬇,-0.6685,-0.75,-0.5625
000678,襄阳轴承,37.23,True,8.1,8.72,0,-1.22,-19.97,-12.32,-7.08,0.0,2026-07-15,2026-07-15,42.58,0.4336,-0.5239,0.6499,0.2602,0.7241,0.0,0.1864,-0.7936,0.1032,多周期共振看空 ⬇⬇⬇,-0.6025,-0.6652,-0.5625
002383,合众思壮,48.79,True,6.59,6.87,2,2.24,-9.44,-5.13,-4.12,0.0,2026-07-15,2026-07-15,46.38,0.022,-0.2689,0.4896,0.1056,0.8084,0.184,0.1857,-0.8004,0.0998,多周期共振看空 ⬇⬇⬇,-0.6687,-0.6234,-0.5625
603062,麦加芯彩,13.58,True,36.62,39.82,4,1.38,-10.13,-4.58,-8.03,0.0,2026-07-15,2026-07-15,38.36,-0.0221,-0.0346,0.426,0.1861,0.6302,0.29,0.1855,-0.8023,0.0988,多周期共振看空 ⬇⬇⬇,-0.8105,-0.506,-0.5625
002476,新叶股份,27.11,True,4.43,4.84,5,2.93,-12.94,-5.27,-8.5,0.0,2026-07-15,2026-07-15,29.5,0.497,-0.5409,0.415,0.2982,0.4333,0.3083,0.1855,-0.7597,0.1201,多周期共振看空 ⬇⬇⬇,-0.7328,-0.5466,-0.495
000559,万向钱潮,372.2,True,11.23,12.76,1,4.51,-14.0,-7.59,-12.0,0.0,2026-07-15,2026-07-15,32.73,0.3905,-0.3848,0.5914,0.2803,0.5051,0.0143,0.1854,-0.5831,0.2085,多周期共振看空 ⬇⬇⬇,-0.6383,-0.397,-0.3375
603278,大业股份,31.92,True,9.34,10.83,1,0.5,-16.56,-9.32,-13.79,0.0,2026-07-15,2026-07-15,35.11,0.4183,-0.6422,0.7174,0.251,0.5581,0.0,0.185,-0.5915,0.2042,多周期共振看空 ⬇⬇⬇,-0.5296,-0.351,-0.495
002988,豪美新材,51.06,True,20.44,22.65,1,5.15,-14.27,-9.45,-9.75,0.0,2026-07-15,2026-07-15,38.15,0.3298,-0.1071,0.6504,0.355,0.6256,0.0,0.1847,-0.8414,0.0793,多周期共振看空 ⬇⬇⬇,-0.7695,-0.6271,-0.5625
002276,万马股份,95.27,True,9.46,10.19,0,-0.34,-10.37,-6.4,-7.2,0.0,2026-07-15,2026-07-15,34.38,0.3271,-0.1796,0.4492,0.3244,0.5419,0.2513,0.1841,-0.8973,0.0514,多周期共振看空 ⬇⬇⬇,-0.7695,-0.75,-0.5625
605277,新亚电子,56.46,True,14.79,17.55,6,5.98,-15.71,-4.11,-15.71,0.0,2026-07-15,2026-07-15,19.11,0.8219,-0.382,0.5691,0.5403,0.2025,0.0516,0.184,-0.6769,0.1616,多周期共振看空 ⬇⬇⬇,-0.5995,-0.4114,-0.5625
603320,迪贝电气,24.56,True,16.47,18.16,0,-1.91,-14.52,-8.92,-9.28,0.0,2026-07-15,2026-07-15,32.52,0.3,-0.3055,0.5444,0.2578,0.5004,0.0927,0.1831,-0.6226,0.1887,多周期共振看空 ⬇⬇⬇,-0.7335,-0.4021,-0.3375
002539,云图控股,92.09,True,10.35,11.32,5,4.37,-14.15,-4.15,-8.53,0.0,2026-07-15,2026-07-15,21.83,0.3323,0.0794,0.5382,0.4312,0.2629,0.1031,0.1829,-0.6248,0.1876,多周期共振看空 ⬇⬇⬇,-0.5197,-0.5902,-0.3375
000733,振华科技,236.04,True,42.6,53.38,13,13.03,-20.92,-0.86,-20.19,0.0,2026-07-15,2026-07-15,24.74,0.3834,-0.5869,0.7874,0.23,0.3275,0.0,0.1828,-0.2985,0.3508,多周期共振看空 ⬇⬇⬇,-0.2141,-0.2475,-0.225
002882,金龙羽,42.57,True,17.25,19.05,0,-0.98,-12.45,-7.14,-9.47,0.0,2026-07-15,2026-07-15,27.57,0.6344,-0.6838,0.3982,0.3807,0.3906,0.3364,0.1825,-0.8871,0.0565,多周期共振看空 ⬇⬇⬇,-0.765,-0.7315,-0.5625
000547,航天发展,235.03,True,14.79,18.04,1,0.03,-18.03,-7.01,-18.03,0.0,2026-07-15,2026-07-15,34.97,0.0893,0.0617,0.7784,0.2783,0.5549,0.0,0.1825,-0.6513,0.1744,多周期共振看空 ⬇⬇⬇,-0.6357,-0.5491,-0.3375
002478,常宝股份,42.79,True,5.92,6.27,0,-2.23,-8.69,-5.58,-5.55,0.0,2026-07-15,2026-07-15,35.76,-0.2017,-0.2982,0.341,0.0807,0.5724,0.4317,0.1824,-0.7021,0.149,多周期共振看空 ⬇⬇⬇,-0.607,-0.6854,-0.3375
002792,通宇通讯,96.72,True,28.63,33.97,0,-0.47,-15.71,-9.11,-15.71,0.0,2026-07-15,2026-07-15,35.37,0.0669,0.0763,0.6872,0.2707,0.5638,0.0,0.1821,-0.653,0.1735,多周期共振看空 ⬇⬇⬇,-0.7765,-0.4322,-0.3375
002405,四维图新,145.11,True,6.16,6.61,0,-1.79,-14.28,-9.93,-6.84,0.0,2026-07-15,2026-07-15,33.33,-0.0092,0.0234,0.3704,0.2094,0.5185,0.3827,0.1817,-0.8101,0.0949,多周期共振看空 ⬇⬇⬇,-0.7,-0.6854,-0.495
603072,天和磁材,41.37,True,32.77,37.68,16,13.43,-15.96,-0.09,-13.03,0.0,2026-07-15,2026-07-15,21.88,0.6967,-0.6846,0.6404,0.418,0.2641,0.0,0.1816,-0.5326,0.2337,多周期共振看空 ⬇⬇⬇,-0.1748,-0.4582,-0.5625
002738,中矿资源,350.85,True,49.33,58.12,10,10.22,-15.12,-2.63,-15.12,0.0,2026-07-15,2026-07-15,37.63,0.3133,-0.3798,0.8165,0.236,0.6141,0.0,0.1816,-0.6616,0.1692,多周期共振看空 ⬇⬇⬇,-0.6358,-0.5717,-0.3375
002369,卓翼科技,29.16,True,5.15,5.47,0,-3.93,-11.03,-7.31,-5.8,0.0,2026-07-15,2026-07-15,34.46,0.0924,-0.1555,0.3679,0.1933,0.5435,0.3869,0.1811,-0.8224,0.0888,多周期共振看空 ⬇⬇⬇,-0.6205,-0.7131,-0.5625
002857,三晖电气,19.15,True,14.89,16.57,0,-0.09,-11.85,-6.09,-10.11,0.0,2026-07-15,2026-07-15,29.91,0.5595,-0.6126,0.465,0.3357,0.4424,0.2251,0.1807,-0.8021,0.0989,多周期共振看空 ⬇⬇⬇,-0.6223,-0.6669,-0.5625
603617,君禾股份,25.1,True,6.49,6.92,7,5.28,-12.69,-3.56,-6.17,0.0,2026-07-15,2026-07-15,31.38,0.4274,-0.417,0.4642,0.2896,0.4751,0.2263,0.1806,-0.7698,0.1151,多周期共振看空 ⬇⬇⬇,-0.6412,-0.5798,-0.5625
605166,聚合顺,26.22,True,8.33,9.33,3,4.07,-15.17,-5.43,-10.7,0.0,2026-07-15,2026-07-15,20.77,0.7224,-0.5334,0.4664,0.4334,0.2394,0.2226,0.1804,-0.7156,0.1422,多周期共振看空 ⬇⬇⬇,-0.7425,-0.3738,-0.5625
002459,晶澳科技,237.43,True,7.18,7.96,2,7.24,-13.36,-5.8,-9.77,0.0,2026-07-15,2026-07-15,38.34,0.5776,-0.6151,0.5972,0.3466,0.6297,0.0047,0.1804,-0.8704,0.0648,多周期共振看空 ⬇⬇⬇,-0.7005,-0.75,-0.5625
600960,渤海汽车,35.55,True,3.74,3.95,3,2.97,-9.2,-4.28,-5.38,0.0,2026-07-15,2026-07-15,38.06,0.1988,-0.0422,0.5412,0.3024,0.6237,0.0979,0.1799,-0.8714,0.0643,多周期共振看空 ⬇⬇⬇,-0.7138,-0.7408,-0.5625
603915,国茂股份,89.43,True,13.62,14.58,1,4.68,-11.51,-5.22,-6.56,0.0,2026-07-15,2026-07-15,41.85,0.2537,-0.4875,0.5711,0.1572,0.7078,0.0482,0.1799,-0.7005,0.1497,多周期共振看空 ⬇⬇⬇,-0.5294,-0.5233,-0.5625
603703,盛洋科技,37.56,True,9.05,10.69,0,-2.41,-15.35,-8.46,-15.35,0.0,2026-07-15,2026-07-15,23.6,0.5482,-0.292,0.503,0.4121,0.3022,0.1616,0.1797,-0.7134,0.1433,多周期共振看空 ⬇⬇⬇,-0.7085,-0.4656,-0.495
603090,宏盛股份,45.87,True,45.87,52.89,2,0.93,-14.7,-8.4,-13.27,0.0,2026-07-15,2026-07-15,30.12,0.3749,-0.3715,0.5717,0.2763,0.447,0.0472,0.1796,-0.5798,0.2101,多周期共振看空 ⬇⬇⬇,-0.5793,-0.4403,-0.3375
603189,*ST网达,24.39,True,9.05,10.38,2,2.16,-14.86,-7.31,-12.78,0.0,2026-07-15,2026-07-15,37.59,0.3464,-0.1139,0.5627,0.3623,0.613,0.0622,0.1792,-0.9314,0.0343,多周期共振看空 ⬇⬇⬇,-0.857,-0.75,-0.5625
603239,浙江仙通,37.31,True,13.78,14.77,0,-4.93,-17.75,-11.49,-6.67,0.0,2026-07-15,2026-07-15,40.46,0.0991,-0.4815,0.4814,0.0668,0.677,0.1976,0.179,-0.6456,0.1772,多周期共振看空 ⬇⬇⬇,-0.616,-0.5533,-0.3375
603610,麒盛科技,49.74,True,14.09,17.15,11,6.46,-22.32,-4.36,-17.86,0.0,2026-07-15,2026-07-15,25.07,-0.0078,0.1776,0.6823,0.271,0.335,0.0,0.1789,-0.4045,0.2977,多周期共振看空 ⬇⬇⬇,-0.3795,-0.2488,-0.315
600389,江山股份,76.01,True,17.65,19.81,0,-2.89,-15.27,-9.71,-10.92,0.0,2026-07-15,2026-07-15,26.45,-0.5947,0.5159,0.5148,0.4,0.3656,0.142,0.1788,-0.7616,0.1192,多周期共振看空 ⬇⬇⬇,-0.8705,-0.5902,-0.3375
600391,航发科技,93.06,True,28.19,32.2,5,6.77,-15.44,-4.32,-12.46,0.0,2026-07-15,2026-07-15,41.02,-0.1292,-0.1643,0.803,0.1343,0.6894,0.0,0.1786,-0.6131,0.1935,多周期共振看空 ⬇⬇⬇,-0.5491,-0.5394,-0.3375
001212,中旗新材,62.93,True,36.2,44.02,0,-0.58,-18.82,-8.88,-17.77,0.0,2026-07-15,2026-07-15,15.16,0.7564,-0.3037,0.5191,0.5324,0.1146,0.1348,0.1786,-0.6681,0.1659,多周期共振看空 ⬇⬇⬇,-0.738,-0.3407,-0.495
603912,佳力图,37.5,True,6.92,7.77,0,-0.55,-12.92,-7.69,-10.95,0.0,2026-07-15,2026-07-15,27.43,0.3311,-0.0098,0.5808,0.3947,0.3874,0.0321,0.1779,-0.6989,0.1506,多周期共振看空 ⬇⬇⬇,-0.7836,-0.3694,-0.495
600776,东方通信,117.01,True,12.24,13.43,3,2.63,-16.32,-8.34,-8.87,0.0,2026-07-15,2026-07-15,27.73,0.5201,-0.4251,0.58,0.342,0.394,0.0333,0.1778,-0.6247,0.1876,多周期共振看空 ⬇⬇⬇,-0.7272,-0.4122,-0.3375
600262,北方股份,32.71,True,19.24,20.34,2,0.54,-8.39,-4.26,-5.43,0.0,2026-07-15,2026-07-15,39.62,-0.4192,-0.181,0.3932,0.1276,0.6583,0.3446,0.1778,-0.847,0.0765,多周期共振看空 ⬇⬇⬇,-0.7515,-0.7223,-0.495
600152,维科技术,41.85,True,7.91,9.61,1,4.73,-20.85,-10.3,-17.69,0.0,2026-07-15,2026-07-15,11.91,0.4485,-0.401,0.6913,0.3087,0.0425,0.0,0.1773,-0.1268,0.4366,月线看多，中短期调整中,-0.5589,-0.3048,0.18
603138,海量数据,36.62,True,12.7,14.09,0,-5.17,-16.02,-10.07,-9.87,0.0,2026-07-15,2026-07-15,31.09,0.1807,-0.1721,0.4289,0.2396,0.4686,0.2852,0.1772,-0.7558,0.1221,多周期共振看空 ⬇⬇⬇,-0.7875,-0.6485,-0.3375
003038,鑫铂股份,17.18,True,10.48,11.3,1,0.35,-9.97,-5.66,-7.22,0.0,2026-07-15,2026-07-15,27.41,0.4791,-0.3768,0.3748,0.3368,0.3868,0.3754,0.1762,-0.8941,0.0529,多周期共振看空 ⬇⬇⬇,-0.783,-0.7315,-0.5625
603618,杭电股份,224.9,True,32.53,45.54,14,29.78,-32.16,1.13,-28.56,0.0,2026-07-15,2026-07-15,12.5,-0.0104,-0.3455,0.9708,0.0618,0.0556,0.0,0.1756,0.2391,0.6196,上升趋势中的日线回调（关注买点）,-0.1965,0.5221,0.45
601865,福莱特,176.23,True,9.27,10.08,0,-1.07,-9.89,-5.38,-8.0,0.0,2026-07-15,2026-07-15,27.13,0.3026,-0.1296,0.3612,0.3297,0.3807,0.398,0.1755,-0.899,0.0505,多周期共振看空 ⬇⬇⬇,-0.774,-0.75,-0.5625
603786,科博达,164.01,True,40.61,42.94,0,-1.75,-12.58,-5.99,-5.43,0.0,2026-07-15,2026-07-15,40.73,0.1013,-0.4051,0.3699,0.0987,0.6828,0.3836,0.1753,-0.8819,0.059,多周期共振看空 ⬇⬇⬇,-0.7515,-0.7315,-0.5625
603737,三棵树,202.58,True,22.88,24.27,0,-4.04,-11.85,-8.55,-5.73,0.0,2026-07-15,2026-07-15,33.22,-0.1437,-0.124,0.3479,0.1504,0.5161,0.4202,0.1753,-0.7934,0.1033,多周期共振看空 ⬇⬇⬇,-0.625,-0.7131,-0.495
002249,大洋电机,129.96,True,6.98,7.67,3,8.72,-11.4,-5.06,-9.03,0.0,2026-07-15,2026-07-15,40.25,0.1548,-0.0368,0.6577,0.2781,0.6722,0.0,0.1752,-0.8498,0.0751,多周期共振看空 ⬇⬇⬇,-0.7589,-0.6548,-0.5625
001373,翔腾新材,11.17,True,26.63,30.48,0,-2.06,-18.63,-9.65,-12.63,0.0,2026-07-15,2026-07-15,26.28,0.0539,0.1899,0.4906,0.3083,0.3617,0.1823,0.1749,-0.6741,0.1629,多周期共振看空 ⬇⬇⬇,-0.7335,-0.5154,-0.3375
002036,联创电子,64.38,True,6.1,7.26,0,-4.61,-17.7,-11.15,-16.02,0.0,2026-07-15,2026-07-15,30.49,0.5226,-0.2709,0.6474,0.4052,0.4553,0.0,0.1749,-0.7952,0.1024,多周期共振看空 ⬇⬇⬇,-0.729,-0.5603,-0.5625
603206,嘉环科技,40.65,True,13.32,15.74,7,7.24,-17.45,-6.92,-15.39,0.0,2026-07-15,2026-07-15,8.59,0.9015,-0.7841,0.5107,0.5409,0.0,0.1489,0.1748,-0.5858,0.2071,多周期共振看空 ⬇⬇⬇,-0.6052,-0.2737,-0.495
603826,坤彩科技,141.39,True,16.6,19.51,3,3.45,-20.42,-11.14,-14.92,0.0,2026-07-15,2026-07-15,18.91,-0.1143,-0.1616,0.5339,0.1354,0.1979,0.1102,0.1746,-0.1458,0.4271,月线看多，中短期调整中,-0.7425,-0.2379,0.18
002735,王子新材,32.35,True,11.35,15.39,6,30.31,-30.44,-8.17,-26.24,0.0,2026-07-15,2026-07-15,18.47,0.7129,-0.8182,0.6174,0.4277,0.1883,0.0,0.1744,-0.5148,0.2426,多周期共振看空 ⬇⬇⬇,-0.4695,-0.3466,-0.3825
002434,万里扬,74.22,True,5.66,6.18,2,1.23,-13.69,-6.99,-8.38,0.0,2026-07-15,2026-07-15,40.29,0.314,-0.381,0.4961,0.236,0.6731,0.1731,0.1743,-0.9297,0.0352,多周期共振看空 ⬇⬇⬇,-0.8525,-0.75,-0.5625
002418,康盛股份,39.09,True,3.44,3.95,3,8.05,-17.06,-8.3,-12.9,0.0,2026-07-15,2026-07-15,24.16,0.6173,-0.3805,0.7621,0.4182,0.3146,0.0,0.1741,-0.6536,0.1732,多周期共振看空 ⬇⬇⬇,-0.7462,-0.3019,-0.495
600686,金龙汽车,76.87,True,10.72,11.5,1,1.76,-11.84,-5.67,-6.75,0.0,2026-07-15,2026-07-15,39.44,-0.0754,-0.0406,0.4846,0.1838,0.6543,0.1923,0.1736,-0.8445,0.0777,多周期共振看空 ⬇⬇⬇,-0.756,-0.7131,-0.495
002121,科陆电子,69.45,True,4.92,5.33,0,-2.83,-17.47,-12.39,-7.76,0.0,2026-07-15,2026-07-15,36.45,-0.1465,0.0327,0.5122,0.2131,0.5878,0.1464,0.1734,-0.776,0.112,多周期共振看空 ⬇⬇⬇,-0.7,-0.6105,-0.495
000786,北新建材,0.0,True,17.75,18.22,0,-2.58,-11.78,-7.92,-2.58,0.0,2026-07-15,2026-07-15,43.43,-0.5727,-0.4467,0.3939,0.0213,0.7428,0.3435,0.1731,-0.8157,0.0922,多周期共振看空 ⬇⬇⬇,-0.625,-0.6946,-0.5625
600476,*ST湘邮,14.19,True,8.81,9.08,0,-1.96,-17.55,-8.97,-2.93,0.0,2026-07-15,2026-07-15,48.64,0.0159,-0.374,0.5809,0.0599,0.8587,0.0318,0.1728,-0.7692,0.1154,多周期共振看空 ⬇⬇⬇,-0.5845,-0.6271,-0.5625
002201,九鼎新材,48.7,True,8.09,10.55,9,16.87,-25.41,-5.88,-23.33,0.0,2026-07-15,2026-07-15,12.77,0.8921,-0.6817,0.8557,0.5352,0.0615,0.0,0.1727,-0.5486,0.2257,多周期共振看空 ⬇⬇⬇,-0.5767,-0.3738,-0.3375
002331,皖通科技,27.47,True,6.81,7.36,0,-3.34,-12.55,-8.33,-7.49,0.0,2026-07-15,2026-07-15,24.48,0.2728,-0.3245,0.356,0.2339,0.3218,0.4067,0.1726,-0.7047,0.1477,多周期共振看空 ⬇⬇⬇,-0.765,-0.3981,-0.495
600490,鹏欣资源,117.17,True,5.88,6.26,4,2.67,-15.3,-7.02,-6.06,0.0,2026-07-15,2026-07-15,42.36,0.0611,-0.3768,0.642,0.0859,0.7191,0.0,0.1722,-0.6225,0.1887,多周期共振看空 ⬇⬇⬇,-0.5192,-0.428,-0.495
002869,金溢科技,23.63,True,15.0,16.58,5,4.52,-14.7,-6.85,-9.51,0.0,2026-07-15,2026-07-15,23.21,0.593,-0.2639,0.4726,0.4503,0.2936,0.2124,0.1718,-0.868,0.066,多周期共振看空 ⬇⬇⬇,-0.705,-0.7408,-0.5625
002366,融发核电,92.7,True,5.01,5.59,0,-0.54,-12.82,-7.14,-10.45,0.0,2026-07-15,2026-07-15,35.59,0.4006,-0.3215,0.5401,0.3117,0.5686,0.0999,0.1718,-0.8864,0.0568,多周期共振看空 ⬇⬇⬇,-0.774,-0.7223,-0.5625
002531,天顺风能,0.0,True,6.86,8.25,0,-5.74,-16.87,-10.99,-16.87,0.0,2026-07-15,2026-07-15,19.94,-0.4119,0.7151,0.5076,0.4,0.2208,0.154,0.1715,-0.656,0.172,多周期共振看空 ⬇⬇⬇,-0.875,-0.4217,-0.27
002467,二六三,59.87,True,4.38,4.72,0,-3.67,-13.8,-7.84,-7.16,0.0,2026-07-15,2026-07-15,37.57,-0.1516,0.063,0.5482,0.2252,0.6126,0.0863,0.1708,-0.7982,0.1009,多周期共振看空 ⬇⬇⬇,-0.691,-0.6669,-0.495
601777,千里科技,344.06,True,7.61,8.28,0,-6.74,-14.28,-10.9,-8.14,0.0,2026-07-15,2026-07-15,27.52,0.2679,-0.4487,0.412,0.1813,0.3893,0.3133,0.1707,-0.6423,0.1789,多周期共振看空 ⬇⬇⬇,-0.548,-0.3794,-0.5625
603636,南威软件,38.59,True,6.65,8.06,0,-0.24,-17.5,-8.11,-17.5,0.0,2026-07-15,2026-07-15,23.83,0.0545,0.7771,0.5258,0.4327,0.3072,0.1236,0.1706,-0.7948,0.1026,多周期共振看空 ⬇⬇⬇,-0.821,-0.4805,-0.5625
600893,航发动力,898.15,True,33.7,37.38,2,1.42,-12.87,-5.27,-9.85,0.0,2026-07-15,2026-07-15,32.68,-0.1903,0.1142,0.541,0.2457,0.504,0.0983,0.1704,-0.7135,0.1432,多周期共振看空 ⬇⬇⬇,-0.6469,-0.6762,-0.3375
603659,璞泰来,499.81,True,23.31,27.28,3,5.01,-16.69,-4.45,-14.54,0.0,2026-07-15,2026-07-15,28.94,0.4267,-0.5282,0.5627,0.256,0.4209,0.0621,0.1703,-0.6021,0.199,多周期共振看空 ⬇⬇⬇,-0.7977,-0.4598,-0.1797
000949,新乡化纤,92.93,True,5.61,6.25,6,7.46,-20.22,-5.22,-10.27,0.0,2026-07-15,2026-07-15,29.83,-0.2062,0.0264,0.7531,0.2105,0.4408,0.0,0.1699,-0.5068,0.2466,多周期共振看空 ⬇⬇⬇,-0.4803,-0.4321,-0.27
001360,南矿集团,18.87,True,15.04,17.83,7,9.36,-19.77,-6.1,-15.66,0.0,2026-07-15,2026-07-15,13.56,0.7415,-0.5138,0.458,0.4449,0.079,0.2367,0.1694,-0.6409,0.1795,多周期共振看空 ⬇⬇⬇,-0.6773,-0.4905,-0.3375
603217,元利科技,40.79,True,19.6,22.14,1,2.72,-12.58,-6.46,-11.49,0.0,2026-07-15,2026-07-15,29.28,-0.2041,-0.0872,0.487,0.1651,0.4285,0.1883,0.1693,-0.5743,0.2128,多周期共振看空 ⬇⬇⬇,-0.848,-0.2654,-0.27
603036,如通股份,25.32,True,12.29,14.12,10,12.22,-16.2,-1.13,-12.97,0.0,2026-07-15,2026-07-15,24.36,0.5871,-0.7693,0.4839,0.3523,0.3191,0.1934,0.169,-0.7493,0.1254,多周期共振看空 ⬇⬇⬇,-0.4116,-0.7315,-0.5625
603015,弘讯科技,41.07,True,10.16,11.56,6,6.18,-14.38,-4.66,-12.14,0.0,2026-07-15,2026-07-15,13.91,0.8091,-0.935,0.531,0.4854,0.0868,0.115,0.1689,-0.6213,0.1894,多周期共振看空 ⬇⬇⬇,-0.5061,-0.4368,-0.495
600416,湘电股份,126.47,True,8.57,9.77,1,0.02,-12.47,-6.11,-12.3,0.0,2026-07-15,2026-07-15,24.53,0.4893,-0.3341,0.3849,0.36,0.323,0.3584,0.1688,-0.8995,0.0503,多周期共振看空 ⬇⬇⬇,-0.839,-0.6953,-0.5625
002708,光洋股份,54.25,True,10.5,12.88,4,4.71,-22.87,-7.65,-18.49,0.0,2026-07-15,2026-07-15,26.48,0.495,-0.6037,0.7403,0.297,0.3662,0.0,0.1686,-0.5654,0.2173,多周期共振看空 ⬇⬇⬇,-0.6735,-0.2379,-0.4275
002026,山东威达,44.67,True,10.14,11.0,0,-0.61,-11.58,-5.93,-7.8,0.0,2026-07-15,2026-07-15,30.43,0.2505,-0.3262,0.3489,0.2198,0.4541,0.4185,0.1681,-0.8864,0.0568,多周期共振看空 ⬇⬇⬇,-0.774,-0.7223,-0.5625
600331,宏达股份,214.58,True,10.56,11.37,0,-4.63,-16.15,-9.84,-7.16,0.0,2026-07-15,2026-07-15,38.07,0.0691,-0.2776,0.5802,0.1304,0.6237,0.0329,0.1677,-0.642,0.179,多周期共振看空 ⬇⬇⬇,-0.607,-0.5533,-0.3375
000555,神州信息,93.76,True,9.62,10.45,0,-3.32,-11.27,-7.95,-7.91,0.0,2026-07-15,2026-07-15,24.37,0.2288,-0.1672,0.3617,0.2704,0.3193,0.3971,0.1673,-0.795,0.1025,多周期共振看空 ⬇⬇⬇,-0.607,-0.6644,-0.5625
002497,雅化集团,191.47,True,18.07,21.13,8,11.7,-16.04,-3.84,-14.48,0.0,2026-07-15,2026-07-15,36.61,-0.3661,-0.1101,0.9529,0.156,0.5913,0.0,0.1672,-0.6218,0.1891,多周期共振看空 ⬇⬇⬇,-0.7038,-0.4259,-0.3375
002263,大东南,52.97,True,2.82,3.42,7,12.86,-24.14,-8.74,-17.52,0.0,2026-07-15,2026-07-15,15.43,0.8435,-0.6617,0.6587,0.5061,0.1207,0.0,0.1664,-0.6232,0.1884,多周期共振看空 ⬇⬇⬇,-0.6232,-0.4979,-0.3375
002104,恒宝股份,57.09,True,9.52,10.37,0,-2.79,-10.42,-6.85,-8.16,0.0,2026-07-15,2026-07-15,37.13,-0.2967,0.0797,0.5482,0.2319,0.6029,0.0864,0.166,-0.8357,0.0822,多周期共振看空 ⬇⬇⬇,-0.6115,-0.75,-0.5625
002488,金固股份,77.75,True,8.45,9.16,2,0.89,-11.84,-5.62,-7.71,0.0,2026-07-15,2026-07-15,39.75,-0.1016,-0.1077,0.5105,0.1569,0.6611,0.1491,0.1655,-0.8393,0.0803,多周期共振看空 ⬇⬇⬇,-0.8525,-0.619,-0.495
600724,宁波富达,76.44,True,5.29,5.54,0,-3.24,-18.11,-9.07,-4.44,0.0,2026-07-15,2026-07-15,34.59,0.0257,-0.3506,0.7076,0.0752,0.5464,0.0,0.1652,-0.4545,0.2727,多周期共振看空 ⬇⬇⬇,-0.4497,-0.276,-0.3375
603500,祥和实业,31.8,True,9.56,11.32,8,19.19,-19.6,-3.58,-15.53,0.0,2026-07-15,2026-07-15,13.83,0.8128,-0.8655,0.6695,0.4877,0.0851,0.0,0.1652,-0.5606,0.2197,多周期共振看空 ⬇⬇⬇,-0.2984,-0.4813,-0.495
002922,伊戈尔,97.3,True,25.81,31.29,0,-4.53,-18.33,-10.87,-17.51,0.0,2026-07-15,2026-07-15,27.35,0.4849,-0.3952,0.6447,0.3329,0.3854,0.0,0.165,-0.6748,0.1626,多周期共振看空 ⬇⬇⬇,-0.83,-0.4341,-0.3375
002195,岩山科技,336.39,True,5.99,6.53,0,-3.14,-10.68,-6.84,-8.29,0.0,2026-07-15,2026-07-15,27.8,0.1541,-0.2475,0.3714,0.1935,0.3957,0.381,0.1649,-0.7697,0.1151,多周期共振看空 ⬇⬇⬇,-0.7695,-0.6946,-0.3375
600733,北汽蓝谷,259.44,True,4.67,4.96,0,-1.39,-14.37,-9.85,-5.86,0.0,2026-07-15,2026-07-15,32.24,-0.0959,0.0056,0.4222,0.2022,0.4942,0.2963,0.1641,-0.8409,0.0796,多周期共振看空 ⬇⬇⬇,-0.625,-0.75,-0.5625
603327,福蓉科技,81.44,True,7.79,9.13,8,10.37,-19.63,-7.68,-14.66,0.0,2026-07-15,2026-07-15,21.03,0.5468,-0.3684,0.761,0.3808,0.2452,0.0,0.1639,-0.5924,0.2038,多周期共振看空 ⬇⬇⬇,-0.5783,-0.3113,-0.495
002888,惠威科技,12.77,True,17.04,20.32,12,15.8,-18.3,-0.14,-16.16,0.0,2026-07-15,2026-07-15,19.96,0.4408,-0.6042,0.6525,0.2645,0.2213,0.0,0.1638,-0.378,0.311,多周期共振看空 ⬇⬇⬇,-0.2425,-0.2405,-0.3825
605222,起帆电缆,78.37,True,18.98,22.48,1,2.77,-15.86,-10.94,-15.56,0.0,2026-07-15,2026-07-15,31.24,0.0273,-0.5225,0.5945,0.0164,0.472,0.0092,0.1625,-0.2999,0.35,月线震荡，中短期走弱,-0.839,-0.2667,-0.0222
002510,天汽模,52.55,True,5.23,5.61,0,-2.88,-15.05,-7.89,-6.72,0.0,2026-07-15,2026-07-15,35.09,0.1856,-0.3278,0.5282,0.1803,0.5575,0.1197,0.1623,-0.7551,0.1225,多周期共振看空 ⬇⬇⬇,-0.7231,-0.4773,-0.5625
600764,中国海防,123.15,True,17.33,18.05,2,0.23,-10.87,-5.21,-3.96,0.0,2026-07-15,2026-07-15,44.05,-0.09,-0.5311,0.4124,0.0,0.7566,0.3126,0.1621,-0.8614,0.0693,多周期共振看空 ⬇⬇⬇,-0.6775,-0.75,-0.5625
002426,胜利精密,95.61,True,2.81,3.72,11,14.63,-24.4,-1.25,-24.4,0.0,2026-07-15,2026-07-15,12.97,0.4994,-0.0843,0.5907,0.4659,0.0661,0.0154,0.1621,-0.5407,0.2297,多周期共振看空 ⬇⬇⬇,-0.4407,-0.428,-0.3825
001221,悍高集团,0.0,True,37.18,40.29,0,-0.78,-11.61,-7.61,-7.72,0.0,2026-07-15,2026-07-15,33.89,-0.4886,-0.4112,0.3846,0.0355,0.5309,0.3591,0.1619,-0.6858,0.1571,多周期共振看空 ⬇⬇⬇,-0.5435,-0.7038,-0.3375
601106,中国一重,200.25,True,2.92,3.21,0,-3.23,-11.93,-6.95,-9.13,0.0,2026-07-15,2026-07-15,26.37,-0.4571,-0.0538,0.3545,0.1785,0.3639,0.4092,0.1612,-0.7597,0.1201,多周期共振看空 ⬇⬇⬇,-0.774,-0.6688,-0.3375
000659,珠海中富,34.97,True,2.72,3.05,0,-6.51,-17.76,-11.16,-10.89,0.0,2026-07-15,2026-07-15,19.35,-0.7238,0.3453,0.4033,0.3381,0.2079,0.3278,0.1611,-0.7641,0.1179,多周期共振看空 ⬇⬇⬇,-0.7875,-0.6669,-0.3375
002782,可立克,77.07,True,15.84,20.4,0,-2.64,-25.04,-12.9,-22.36,0.0,2026-07-15,2026-07-15,11.29,0.5733,-0.3503,0.4897,0.4038,0.0286,0.1839,0.161,-0.5399,0.23,多周期共振看空 ⬇⬇⬇,-0.693,-0.4125,-0.18
600966,博汇纸业,62.3,True,4.66,4.94,1,0.17,-12.01,-6.91,-5.68,0.0,2026-07-15,2026-07-15,40.0,-0.2009,-0.4062,0.4531,0.0375,0.6667,0.2449,0.1602,-0.7739,0.113,多周期共振看空 ⬇⬇⬇,-0.7695,-0.7038,-0.3375
002590,万安科技,45.78,True,9.25,10.03,0,-3.47,-11.62,-7.84,-7.76,0.0,2026-07-15,2026-07-15,31.87,0.1528,-0.3826,0.3304,0.1386,0.4861,0.4494,0.1601,-0.884,0.058,多周期共振看空 ⬇⬇⬇,-0.7785,-0.7131,-0.5625
001238,浙江正特,36.33,True,25.03,27.6,2,0.43,-13.32,-4.75,-9.31,0.0,2026-07-15,2026-07-15,31.24,-0.5636,0.138,0.4903,0.2552,0.4721,0.1829,0.1601,-0.8405,0.0797,多周期共振看空 ⬇⬇⬇,-0.6238,-0.75,-0.5625
000980,众泰汽车,84.21,True,1.67,1.94,0,-6.66,-20.36,-13.07,-13.94,0.0,2026-07-15,2026-07-15,25.0,-0.3126,0.3575,0.5092,0.343,0.3333,0.1514,0.16,-0.7902,0.1049,多周期共振看空 ⬇⬇⬇,-0.738,-0.5417,-0.5625
600843,上工申贝,31.53,True,6.72,8.04,12,10.21,-16.4,-0.89,-16.4,0.0,2026-07-15,2026-07-15,24.21,0.7056,-0.8224,0.709,0.4234,0.3157,0.0,0.1594,-0.7812,0.1094,多周期共振看空 ⬇⬇⬇,-0.4826,-0.7408,-0.5625
002547,*ST春兴,24.75,True,2.24,2.55,0,-4.06,-25.69,-14.9,-12.17,0.0,2026-07-15,2026-07-15,37.91,-0.1078,0.0956,0.7864,0.2382,0.6202,0.0,0.1592,-0.8519,0.0741,多周期共振看空 ⬇⬇⬇,-0.853,-0.5787,-0.5625
603370,华新精科,0.0,True,32.54,36.62,0,-0.31,-15.58,-8.55,-11.15,0.0,2026-07-15,2026-07-15,32.76,0.3285,-0.4945,0.461,0.1993,0.5057,0.2316,0.1587,-0.8411,0.0795,周线日线共振看空,-0.7425,-0.6652,
002312,川发龙蟒,152.59,True,8.1,9.02,12,15.54,-12.58,0.17,-10.21,0.0,2026-07-15,2026-07-15,18.68,0.7344,-0.7462,0.6762,0.4406,0.1928,0.0,0.1585,-0.6681,0.1659,多周期共振看空 ⬇⬇⬇,-0.3399,-0.6146,-0.5625
600111,北方稀土,1430.12,True,39.56,46.8,6,9.2,-18.72,-3.71,-15.47,0.0,2026-07-15,2026-07-15,18.74,0.5555,-0.625,0.5504,0.3333,0.1943,0.0827,0.1584,-0.5652,0.2174,多周期共振看空 ⬇⬇⬇,-0.5,-0.4762,-0.3375
002466,天齐锂业,699.94,True,47.43,57.68,7,6.64,-23.13,-5.2,-17.78,0.0,2026-07-15,2026-07-15,19.97,0.2795,-0.2378,0.7198,0.2726,0.2214,0.0,0.1577,-0.4401,0.28,多周期共振看空 ⬇⬇⬇,-0.6412,-0.2459,-0.1718
601615,明阳智能,231.12,True,10.22,11.2,0,-1.06,-18.73,-10.83,-8.73,0.0,2026-07-15,2026-07-15,37.62,0.1795,-0.2636,0.6152,0.2022,0.6137,0.0,0.1565,-0.8084,0.0958,多周期共振看空 ⬇⬇⬇,-0.6743,-0.7038,-0.495
002388,新亚制程,21.05,True,4.16,5.03,3,3.52,-21.47,-5.71,-17.35,0.0,2026-07-15,2026-07-15,21.92,0.2158,-0.0326,0.5668,0.3165,0.2648,0.0553,0.1564,-0.6172,0.1914,多周期共振看空 ⬇⬇⬇,-0.5119,-0.4228,-0.495
001335,信凯科技,8.17,True,31.99,40.26,5,2.15,-24.7,-10.49,-20.54,0.0,2026-07-15,2026-07-15,24.88,0.368,-0.6688,0.6135,0.2208,0.3306,0.0,0.1561,-0.5015,0.2493,多周期共振看空 ⬇⬇⬇,-0.6653,-0.3069,-0.225
002300,太阳电缆,43.77,True,6.06,6.66,0,-6.37,-12.98,-9.74,-9.01,0.0,2026-07-15,2026-07-15,23.81,0.1223,-0.4644,0.3248,0.0876,0.3069,0.4587,0.156,-0.6272,0.1864,多周期共振看空 ⬇⬇⬇,-0.625,-0.5053,-0.3375
001255,博菲电气,18.23,True,23.59,25.69,0,-4.0,-11.63,-8.41,-8.17,0.0,2026-07-15,2026-07-15,31.16,-0.1098,-0.185,0.3492,0.126,0.4703,0.418,0.156,-0.8526,0.0737,多周期共振看空 ⬇⬇⬇,-0.7875,-0.7038,-0.495
002387,维信诺,93.46,True,6.7,8.27,8,6.53,-19.01,-2.03,-19.01,0.0,2026-07-15,2026-07-15,15.08,0.5083,-0.2135,0.6584,0.4196,0.1128,0.0,0.1557,-0.5613,0.2193,多周期共振看空 ⬇⬇⬇,-0.3025,-0.5244,-0.45
603185,弘元绿能,94.93,True,13.98,15.69,0,-0.51,-13.81,-7.11,-10.9,0.0,2026-07-15,2026-07-15,26.97,0.3561,-0.2206,0.473,0.3254,0.3772,0.2116,0.1554,-0.899,0.0505,多周期共振看空 ⬇⬇⬇,-0.774,-0.75,-0.5625
000561,烽火电子,53.64,True,6.91,7.36,1,0.84,-7.83,-4.9,-6.06,0.0,2026-07-15,2026-07-15,41.88,-0.0804,-0.2301,0.5398,0.1079,0.7083,0.1004,0.1553,-0.8607,0.0696,多周期共振看空 ⬇⬇⬇,-0.6865,-0.7408,-0.5625
603360,百傲化学,96.75,True,13.7,16.23,0,-0.55,-18.39,-11.86,-15.6,0.0,2026-07-15,2026-07-15,34.8,0.3192,-0.2675,0.6988,0.2845,0.5511,0.0,0.1548,-0.8785,0.0608,多周期共振看空 ⬇⬇⬇,-0.7212,-0.75,-0.5625
600346,恒力石化,1072.76,True,15.24,17.35,14,7.53,-14.89,-0.68,-12.18,0.0,2026-07-15,2026-07-15,31.13,0.3207,-0.4433,0.6624,0.2151,0.4696,0.0,0.1545,-0.6713,0.1643,多周期共振看空 ⬇⬇⬇,-0.3549,-0.6762,-0.495
600967,内蒙一机,176.14,True,10.35,10.91,0,-1.65,-9.25,-5.4,-5.12,0.0,2026-07-15,2026-07-15,39.66,-0.0729,-0.4976,0.3932,0.0009,0.659,0.3446,0.1545,-0.8322,0.0839,多周期共振看空 ⬇⬇⬇,-0.6025,-0.75,-0.5625
002759,天际股份,88.92,True,17.75,24.61,4,3.02,-27.86,-8.67,-27.86,0.0,2026-07-15,2026-07-15,17.72,0.8195,-0.9933,0.7892,0.4917,0.1715,0.0,0.1544,-0.757,0.1215,多周期共振看空 ⬇⬇⬇,-0.788,-0.4933,-0.495
002194,武汉凡谷,42.96,True,8.41,10.06,6,7.5,-21.55,-10.02,-16.43,0.0,2026-07-15,2026-07-15,13.81,0.7899,-0.7235,0.5584,0.474,0.0846,0.0693,0.1542,-0.6819,0.1591,多周期共振看空 ⬇⬇⬇,-0.6232,-0.402,-0.5625
002757,南兴股份,47.1,True,16.7,18.61,0,-5.8,-15.66,-10.23,-10.27,0.0,2026-07-15,2026-07-15,32.95,0.1538,-0.7733,0.5893,0.0923,0.51,0.0179,0.1537,-0.544,0.228,多周期共振看空 ⬇⬇⬇,-0.6685,-0.2852,-0.3375
002212,天融信,64.06,True,5.49,5.79,0,-2.24,-11.05,-6.03,-5.19,0.0,2026-07-15,2026-07-15,40.58,-0.0164,-0.4059,0.4414,0.0376,0.6795,0.2644,0.1536,-0.8583,0.0709,多周期共振看空 ⬇⬇⬇,-0.691,-0.7315,-0.5625
002324,普利特,75.07,True,9.67,11.62,8,5.36,-19.21,-4.6,-16.77,0.0,2026-07-15,2026-07-15,16.48,0.4128,-0.2918,0.43,0.3309,0.144,0.2833,0.1529,-0.7056,0.1472,多周期共振看空 ⬇⬇⬇,-0.6315,-0.5144,-0.495
600072,中船科技,88.73,True,8.19,8.7,0,-0.4,-13.52,-9.31,-5.88,0.0,2026-07-15,2026-07-15,41.64,-0.0511,-0.3885,0.5612,0.0446,0.7032,0.0647,0.1517,-0.7533,0.1234,多周期共振看空 ⬇⬇⬇,-0.6205,-0.5613,-0.5625
600151,航天机电,131.95,True,9.2,10.95,0,-0.03,-16.0,-7.8,-16.0,0.0,2026-07-15,2026-07-15,34.75,0.1254,-0.3907,0.7069,0.119,0.55,0.0,0.1506,-0.6451,0.1774,多周期共振看空 ⬇⬇⬇,-0.6055,-0.5613,-0.3375
603181,皇马科技,77.12,True,13.1,15.44,14,15.7,-17.25,2.49,-15.15,0.0,2026-07-15,2026-07-15,10.95,0.5038,-0.6895,0.4963,0.3023,0.0211,0.1728,0.1497,-0.4494,0.2753,多周期共振看空 ⬇⬇⬇,-0.1743,-0.3884,-0.45
002544,普天科技,107.17,True,15.75,17.94,1,1.97,-12.23,-7.48,-12.23,0.0,2026-07-15,2026-07-15,35.89,-0.4153,0.2016,0.638,0.2806,0.5754,0.0,0.1497,-0.9418,0.0291,多周期共振看空 ⬇⬇⬇,-0.916,-0.7223,-0.5625
603092,德力佳,16.72,True,48.37,53.24,0,-3.17,-10.34,-7.34,-9.14,0.0,2026-07-15,2026-07-15,29.2,0.0625,-0.4493,0.3516,0.0578,0.4266,0.414,0.1493,-0.7414,0.1293,周线日线共振看空,-0.8615,-0.4089,
002453,华软科技,24.59,True,4.08,4.54,0,-1.81,-16.81,-10.94,-10.1,0.0,2026-07-15,2026-07-15,33.33,0.135,-0.1232,0.6919,0.2317,0.5185,0.0,0.1477,-0.8111,0.0944,多周期共振看空 ⬇⬇⬇,-0.747,-0.5798,-0.5625
000981,山子高科,243.54,True,2.56,2.88,0,-5.42,-13.82,-9.87,-10.96,0.0,2026-07-15,2026-07-15,30.36,0.0355,-0.1462,0.4474,0.1628,0.4524,0.2544,0.1473,-0.8288,0.0856,多周期共振看空 ⬇⬇⬇,-0.7785,-0.6592,-0.495
002866,传艺科技,25.28,True,13.95,15.92,0,-5.47,-16.76,-10.15,-12.35,0.0,2026-07-15,2026-07-15,17.77,0.2495,-0.2677,0.4435,0.2426,0.1727,0.2609,0.1473,-0.6255,0.1873,多周期共振看空 ⬇⬇⬇,-0.774,-0.4413,-0.27
000766,通化金马,165.67,True,17.15,19.96,5,8.53,-28.87,-12.46,-14.1,0.0,2026-07-15,2026-07-15,17.2,-0.352,1.3556,0.8786,0.4,0.16,0.0,0.1472,-0.6545,0.1728,多周期共振看空 ⬇⬇⬇,-0.6337,-0.3329,-0.5625
002017,东信和平,75.24,True,12.97,14.47,1,0.05,-12.85,-6.71,-10.38,0.0,2026-07-15,2026-07-15,15.92,0.5621,-0.685,0.3217,0.3373,0.1316,0.4638,0.1466,-0.8955,0.0523,多周期共振看空 ⬇⬇⬇,-0.765,-0.75,-0.5625
002716,湖南白银,173.2,True,7.45,8.25,2,3.1,-12.82,-6.07,-9.74,0.0,2026-07-15,2026-07-15,34.11,0.1601,-0.5581,0.6485,0.0961,0.5359,0.0,0.1465,-0.6247,0.1876,多周期共振看空 ⬇⬇⬇,-0.621,-0.5032,-0.3375
002565,顺灏股份,104.3,True,9.84,11.77,0,-5.41,-17.97,-12.03,-16.4,0.0,2026-07-15,2026-07-15,29.51,0.256,-0.4143,0.631,0.1878,0.4335,0.0,0.1452,-0.6589,0.1705,多周期共振看空 ⬇⬇⬇,-0.866,-0.3683,-0.3375
000792,盐湖股份,1337.17,True,25.27,28.58,8,3.52,-15.82,-4.16,-11.59,0.0,2026-07-15,2026-07-15,24.27,0.3851,-0.5981,0.5432,0.231,0.3172,0.0947,0.1447,-0.6681,0.1659,多周期共振看空 ⬇⬇⬇,-0.663,-0.5625,-0.3375
002413,雷科防务,107.0,True,8.26,9.44,1,0.17,-13.11,-5.83,-12.46,0.0,2026-07-15,2026-07-15,37.95,-0.0961,-0.3359,0.6611,0.0656,0.6211,0.0,0.1438,-0.6996,0.1502,多周期共振看空 ⬇⬇⬇,-0.6221,-0.6669,-0.3375
601606,长城军工,189.31,True,26.14,28.15,0,-3.39,-13.26,-8.02,-7.15,0.0,2026-07-15,2026-07-15,37.96,-0.1336,-0.5558,0.4239,0.0,0.6214,0.2935,0.1429,-0.8374,0.0813,多周期共振看空 ⬇⬇⬇,-0.616,-0.75,-0.5625
603887,城地香江,51.59,True,8.57,9.51,0,-4.88,-15.04,-10.46,-9.88,0.0,2026-07-15,2026-07-15,25.55,-0.0581,0.1045,0.4919,0.2418,0.3454,0.1802,0.1428,-0.8031,0.0984,多周期共振看空 ⬇⬇⬇,-0.625,-0.6669,-0.5625
600996,贵广网络,80.17,True,6.43,7.33,2,5.71,-25.23,-12.27,-12.32,0.0,2026-07-15,2026-07-15,19.44,0.6649,-0.5487,0.6688,0.3989,0.2097,0.0,0.1427,-0.7482,0.1259,多周期共振看空 ⬇⬇⬇,-0.6735,-0.5046,-0.5625
603988,中电电机,35.63,True,15.15,16.77,0,-3.35,-14.87,-9.64,-9.65,0.0,2026-07-15,2026-07-15,34.58,0.0246,-0.3077,0.463,0.0917,0.5462,0.2284,0.1419,-0.8499,0.0751,多周期共振看空 ⬇⬇⬇,-0.691,-0.7131,-0.5625
603305,旭升集团,129.79,True,11.23,12.37,0,-1.68,-15.71,-8.47,-9.19,0.0,2026-07-15,2026-07-15,37.98,0.0415,-0.372,0.5404,0.0761,0.6218,0.0993,0.1418,-0.8129,0.0936,多周期共振看空 ⬇⬇⬇,-0.8345,-0.5764,-0.495
600089,XD特变电,966.09,True,19.12,21.55,1,1.18,-12.94,-6.88,-11.28,0.0,2026-07-15,2026-07-15,10.3,0.6309,-0.4669,0.4228,0.3918,0.0067,0.2953,0.1389,-0.7596,0.1202,多周期共振看空 ⬇⬇⬇,-0.765,-0.6762,-0.3375
002130,沃尔核材,183.86,True,16.03,18.15,1,0.09,-12.18,-6.31,-11.68,0.0,2026-07-15,2026-07-15,33.03,0.2192,-0.4555,0.5709,0.1493,0.5117,0.0486,0.1386,-0.7828,0.1086,多周期共振看空 ⬇⬇⬇,-0.5818,-0.6593,-0.5625
002368,太极股份,83.73,True,13.5,14.76,7,8.2,-13.42,-4.88,-8.51,0.0,2026-07-15,2026-07-15,26.08,0.0546,-0.1432,0.434,0.1755,0.3573,0.2767,0.1379,-0.8274,0.0863,多周期共振看空 ⬇⬇⬇,-0.5902,-0.75,-0.5625
600501,航天晨光,59.34,True,13.87,15.5,0,-1.56,-11.92,-8.49,-10.5,0.0,2026-07-15,2026-07-15,38.88,-0.2412,-0.2177,0.6181,0.1129,0.6418,0.0,0.1376,-0.8499,0.0751,多周期共振看空 ⬇⬇⬇,-0.691,-0.7131,-0.5625
601399,国机重装,222.18,True,3.08,3.38,0,-1.21,-11.32,-6.07,-8.98,0.0,2026-07-15,2026-07-15,29.91,0.0717,-0.5486,0.3913,0.043,0.4424,0.3479,0.1362,-0.7883,0.1058,多周期共振看空 ⬇⬇⬇,-0.774,-0.7315,-0.3375
603822,ST嘉澳,48.25,True,62.8,68.34,1,1.32,-13.91,-7.41,-8.11,0.0,2026-07-15,2026-07-15,39.56,-0.094,-0.7124,0.5936,0.0,0.6568,0.0106,0.1358,-0.71,0.145,多周期共振看空 ⬇⬇⬇,-0.5345,-0.6072,-0.495
000901,航天科技,116.7,True,14.62,17.13,2,1.83,-14.68,-5.06,-14.68,0.0,2026-07-15,2026-07-15,36.27,-0.2152,-0.1589,0.7197,0.1364,0.5837,0.0,0.135,-0.8387,0.0806,多周期共振看空 ⬇⬇⬇,-0.7626,-0.6946,-0.495
002460,赣锋锂业,0.0,True,51.5,62.41,5,2.9,-20.76,-7.0,-17.48,0.0,2026-07-15,2026-07-15,16.08,0.5232,-0.5194,0.581,0.3139,0.1352,0.0317,0.1347,-0.6125,0.1937,多周期共振看空 ⬇⬇⬇,-0.7192,-0.4598,-0.27
603948,建业股份,32.63,True,20.08,24.08,8,8.68,-17.04,-2.26,-16.61,0.0,2026-07-15,2026-07-15,26.87,0.2118,-0.4244,0.771,0.1573,0.375,0.0,0.1345,-0.6253,0.1874,多周期共振看空 ⬇⬇⬇,-0.4944,-0.4556,-0.495
603612,索通发展,78.1,True,15.68,17.71,1,0.94,-15.02,-8.09,-11.44,0.0,2026-07-15,2026-07-15,12.05,0.3841,-0.3187,0.3399,0.303,0.0456,0.4335,0.1301,-0.8456,0.0772,多周期共振看空 ⬇⬇⬇,-0.7695,-0.7038,-0.495
002514,*ST宝馨,10.14,True,1.83,2.29,0,-12.54,-35.18,-24.8,-20.16,0.0,2026-07-15,2026-07-15,30.43,-0.1342,0.0311,0.727,0.2125,0.4541,0.0,0.1291,-0.8523,0.0739,多周期共振看空 ⬇⬇⬇,-0.6865,-0.7223,-0.5625
002898,赛隆退,0.38,True,0.38,3.09,0,-4.7,-96.98,-66.53,-87.7,0.0,2026-07-15,2026-07-15,1.47,-0.6651,35.0785,3.4629,0.4,0.0,0.0,0.127,-0.6243,0.1879,多周期共振看空 ⬇⬇⬇,-0.443,-0.6548,-0.3375
603799,华友钴业,752.78,True,39.88,46.84,2,5.33,-17.9,-6.25,-14.87,0.0,2026-07-15,2026-07-15,20.44,0.5369,-0.5352,0.5724,0.3222,0.2319,0.0459,0.1268,-0.8157,0.0922,多周期共振看空 ⬇⬇⬇,-0.738,-0.6652,-0.495
603596,伯特利,206.19,True,22.97,25.54,1,2.76,-16.82,-7.96,-10.07,0.0,2026-07-15,2026-07-15,41.35,-0.2492,-0.4794,0.6377,0.0082,0.6967,0.0,0.125,-0.8489,0.0756,多周期共振看空 ⬇⬇⬇,-0.821,-0.5994,-0.5625
603992,松霖科技,107.04,True,24.16,29.83,11,10.21,-22.83,-3.32,-19.02,0.0,2026-07-15,2026-07-15,22.78,0.2749,-0.7261,0.5707,0.1649,0.284,0.0488,0.1247,-0.646,0.177,多周期共振看空 ⬇⬇⬇,-0.5122,-0.4858,-0.495
600435,北方导航,152.6,True,10.09,11.12,2,0.46,-10.17,-4.4,-9.26,0.0,2026-07-15,2026-07-15,35.38,0.0085,-0.5086,0.4876,0.0051,0.564,0.1874,0.1241,-0.8417,0.0791,多周期共振看空 ⬇⬇⬇,-0.8525,-0.5567,-0.5625
603798,康普顿,29.9,True,11.66,14.03,2,1.36,-17.21,-6.6,-16.88,0.0,2026-07-15,2026-07-15,25.52,0.0407,-0.4131,0.6425,0.0592,0.3448,0.0,0.121,-0.5405,0.2298,多周期共振看空 ⬇⬇⬇,-0.5822,-0.2614,-0.4275
000592,平潭发展,111.08,True,5.8,6.63,1,5.25,-17.17,-10.83,-12.57,0.0,2026-07-15,2026-07-15,36.98,-0.0657,-0.4603,0.73,0.0159,0.5996,0.0,0.1206,-0.7799,0.11,多周期共振看空 ⬇⬇⬇,-0.774,-0.7131,-0.3375
002471,中超控股,68.92,True,5.13,5.99,0,-3.61,-15.29,-10.77,-14.32,0.0,2026-07-15,2026-07-15,33.23,-0.0124,-0.4442,0.6903,0.0223,0.5162,0.0,0.1188,-0.7046,0.1477,多周期共振看空 ⬇⬇⬇,-0.7908,-0.5333,-0.3375
601212,白银有色,347.28,True,4.69,5.18,1,0.26,-13.98,-8.22,-9.47,0.0,2026-07-15,2026-07-15,32.22,0.0019,-0.5615,0.6105,0.0011,0.4938,0.0,0.1179,-0.6512,0.1744,多周期共振看空 ⬇⬇⬇,-0.607,-0.5734,-0.3375
002318,久立特材,173.37,True,18.16,22.32,11,7.26,-21.07,-3.73,-18.64,0.0,2026-07-15,2026-07-15,17.27,-0.4106,0.0105,0.5301,0.2042,0.1616,0.1165,0.1179,-0.6705,0.1648,多周期共振看空 ⬇⬇⬇,-0.5152,-0.6946,-0.3375
603922,ST金鸿顺,22.85,True,12.75,13.79,6,4.43,-14.4,-5.75,-7.52,0.0,2026-07-15,2026-07-15,29.43,-0.1199,-0.3018,0.5904,0.0793,0.4318,0.0159,0.1178,-0.7151,0.1425,多周期共振看空 ⬇⬇⬇,-0.3994,-0.6669,-0.5625
603712,七一二,87.85,True,11.38,12.46,1,0.22,-10.46,-6.63,-8.66,0.0,2026-07-15,2026-07-15,38.78,-0.0404,-0.4401,0.5502,0.024,0.6395,0.0829,0.1177,-0.9307,0.0347,多周期共振看空 ⬇⬇⬇,-0.866,-0.7408,-0.5625
002657,中科金财,49.44,True,14.71,19.42,14,15.09,-26.99,-2.95,-24.25,0.0,2026-07-15,2026-07-15,22.23,0.3549,-0.7016,0.9043,0.213,0.2718,0.0,0.1172,-0.7296,0.1352,多周期共振看空 ⬇⬇⬇,-0.429,-0.6733,-0.5625
002217,ST合力泰,105.55,True,1.45,1.94,2,4.07,-28.52,-15.61,-25.32,0.0,2026-07-15,2026-07-15,21.88,0.2417,-0.2513,0.84,0.2445,0.2639,0.0,0.1163,-0.7777,0.1112,多周期共振看空 ⬇⬇⬇,-0.7515,-0.5026,-0.5625
603863,松炀资源,24.86,True,12.15,13.14,0,-3.68,-16.59,-9.35,-7.53,0.0,2026-07-15,2026-07-15,33.23,0.0842,-0.4405,0.6993,0.0744,0.5161,0.0,0.1157,-0.8131,0.0934,多周期共振看空 ⬇⬇⬇,-0.5537,-0.75,-0.5625
002625,光启技术,595.09,True,27.62,30.7,0,-0.75,-17.99,-10.34,-10.05,0.0,2026-07-15,2026-07-15,37.05,0.0069,-0.4499,0.5646,0.0242,0.601,0.0589,0.1155,-0.8829,0.0585,多周期共振看空 ⬇⬇⬇,-0.7866,-0.7038,-0.5625
600855,航天长峰,55.18,True,11.8,13.67,1,0.62,-13.74,-6.63,-13.69,0.0,2026-07-15,2026-07-15,34.65,-0.0999,-0.489,0.5823,0.0044,0.5478,0.0295,0.1141,-0.775,0.1125,多周期共振看空 ⬇⬇⬇,-0.857,-0.4737,-0.495
603334,丰倍生物,9.73,True,30.57,35.4,0,-1.25,-16.08,-9.05,-13.65,0.0,2026-07-15,2026-07-15,16.44,0.0748,-0.3759,0.3817,0.0945,0.143,0.3639,0.1126,-0.7128,0.1436,周线日线共振看空,-0.774,-0.4397,
605336,*ST帅电,18.47,True,10.07,12.68,0,-0.0,-27.84,-14.62,-20.56,0.0,2026-07-15,2026-07-15,3.07,-0.191,0.3082,0.5808,0.3233,0.0,0.032,0.1122,-0.6456,0.1772,多周期共振看空 ⬇⬇⬇,-0.747,-0.2837,-0.495
002729,好利科技,23.48,True,13.38,16.99,6,8.91,-23.82,-8.27,-21.23,0.0,2026-07-15,2026-07-15,11.79,0.0815,0.0546,0.7315,0.2707,0.0398,0.0,0.1106,-0.5963,0.2018,多周期共振看空 ⬇⬇⬇,-0.654,-0.4125,-0.3375
600577,精达股份,170.62,True,7.9,9.54,0,-6.59,-20.62,-13.42,-17.23,0.0,2026-07-15,2026-07-15,22.72,-0.0695,-0.3452,0.5051,0.0619,0.2826,0.1581,0.1094,-0.6896,0.1552,多周期共振看空 ⬇⬇⬇,-0.7515,-0.534,-0.3375
002057,中钢天源,63.13,True,8.38,11.35,14,27.01,-29.75,2.53,-26.15,0.0,2026-07-15,2026-07-15,21.57,0.0394,-0.5599,0.8989,0.0237,0.257,0.0,0.1092,-0.4729,0.2636,多周期共振看空 ⬇⬇⬇,-0.192,-0.4248,-0.45
002487,大金重工,271.23,True,42.99,53.09,0,-4.37,-22.44,-11.95,-19.02,0.0,2026-07-15,2026-07-15,22.01,-0.0064,-0.2937,0.5583,0.0825,0.2668,0.0696,0.1092,-0.6339,0.183,多周期共振看空 ⬇⬇⬇,-0.774,-0.4598,-0.27
601799,星宇股份,261.83,True,91.65,100.74,0,-6.24,-22.37,-11.25,-9.03,0.0,2026-07-15,2026-07-15,29.96,-0.4133,-0.4023,0.579,0.0391,0.4435,0.0351,0.1065,-0.7707,0.1146,多周期共振看空 ⬇⬇⬇,-0.7425,-0.5625,-0.495
600590,泰豪科技,70.02,True,8.3,10.01,0,-6.21,-18.55,-13.09,-17.09,0.0,2026-07-15,2026-07-15,19.01,0.1084,-0.4348,0.4985,0.0911,0.2003,0.1692,0.1059,-0.6746,0.1627,多周期共振看空 ⬇⬇⬇,-0.7875,-0.4702,-0.3375
002731,ST萃华,4.8,True,2.09,4.88,0,-0.03,-57.15,-24.99,-57.15,0.0,2026-07-15,2026-07-15,0.0,-0.0063,2.3633,0.5216,0.4,0.0,0.1307,0.1042,-0.9108,0.0446,周线日线共振看空,-0.7695,-0.75,
600418,江淮汽车,491.4,True,22.5,26.16,0,-9.98,-21.56,-14.63,-13.98,0.0,2026-07-15,2026-07-15,26.35,-0.1274,-0.2687,0.6456,0.0925,0.3634,0.0,0.0955,-0.8199,0.0901,多周期共振看空 ⬇⬇⬇,-0.625,-0.7038,-0.5625
