code,name,market_cap,is_tech,latest_close,latest_ma20,days_above_ma20,max_distance_above_ma20_pct,min_distance_above_ma20_pct,avg_distance_above_ma20_pct,latest_distance_above_ma20_pct,ma20_strength_score,last_breach_date,latest_date,rsi,volume_price_corr,volume_change_22d,volatility_20d,volume_price_score,rsi_score,volatility_score,composite_score
603155,新亚强,84.88,False,26.88,24.03,22,30.25,0.6,12.79,11.85,0.85,从未跌破（观测期内）,2026-07-03,61.15,0.7684,3.7467,1.0362,0.8611,0.8634,0.0,0.7279
603379,三美股份,458.65,False,75.13,67.67,20,27.09,-2.92,8.9,11.02,0.7906,从未跌破（观测期内）,2026-07-03,61.5,0.9213,2.51,0.8581,0.9528,0.8555,0.0,0.7255
603976,正川股份,44.16,False,29.0,26.34,20,20.48,-2.29,9.87,10.09,0.8149,从未跌破（观测期内）,2026-07-03,54.49,0.5502,1.4898,0.9124,0.7301,0.9886,0.0,0.7062
002901,大博医疗,130.85,False,45.37,42.09,18,7.8,-2.35,1.74,7.8,0.6071,从未跌破（观测期内）,2026-07-03,66.81,0.8383,1.7711,0.2801,0.903,0.7376,0.5332,0.6961
600909,华安证券,543.62,False,10.82,9.55,22,46.11,1.58,19.49,13.27,0.85,从未跌破（观测期内）,2026-07-03,70.83,0.7881,1.7578,0.8925,0.8729,0.6483,0.0,0.6879
002768,国恩股份,141.19,False,54.6,50.29,20,19.92,-3.02,8.66,8.56,0.7488,从未跌破（观测期内）,2026-07-03,67.84,0.825,1.4045,0.5189,0.895,0.7146,0.1352,0.6865
600999,招商证券,1619.48,False,21.82,19.4,20,21.06,-0.2,8.14,12.46,0.7716,从未跌破（观测期内）,2026-07-03,74.5,0.8757,2.2601,0.4868,0.9254,0.5668,0.1887,0.6817
605020,永和股份,224.86,False,44.71,37.64,20,30.41,-3.53,8.85,18.79,0.7894,从未跌破（观测期内）,2026-07-03,67.84,0.7829,1.7423,0.9027,0.8698,0.7146,0.0,0.6761
000970,中科三环,200.35,False,16.48,14.33,19,21.64,-6.09,10.66,15.03,0.8023,从未跌破（观测期内）,2026-07-03,65.08,0.6565,6.4776,0.8427,0.7939,0.776,0.0,0.6746
002119,康强电子,146.51,True,39.04,33.24,22,31.96,1.62,18.86,17.46,0.85,从未跌破（观测期内）,2026-07-03,70.14,0.6661,1.775,0.7793,0.7996,0.6636,0.0,0.6726
600998,九州通,249.1,False,4.94,4.78,18,3.88,-2.83,1.21,3.33,0.5033,从未跌破（观测期内）,2026-07-03,56.52,0.6333,1.1475,0.2785,0.78,0.9662,0.5359,0.6699
603087,甘李药业,342.25,False,60.99,56.42,18,8.1,-2.74,2.62,8.1,0.631,从未跌破（观测期内）,2026-07-03,63.16,0.8066,0.798,0.47,0.884,0.8188,0.2166,0.6697
600630,龙头股份,40.87,False,9.62,9.24,22,16.54,1.18,8.33,4.14,0.7029,从未跌破（观测期内）,2026-07-03,58.08,0.6669,2.8918,0.6828,0.8001,0.9316,0.0,0.6675
000021,深科技,880.11,True,55.91,46.94,19,46.22,-6.54,13.91,19.11,0.8023,从未跌破（观测期内）,2026-07-03,75.09,0.9041,0.4991,0.91,0.9421,0.5535,0.0,0.6671
002141,贤丰控股,53.09,False,5.14,4.33,15,47.92,-12.26,14.44,18.8,0.7386,从未跌破（观测期内）,2026-07-03,68.6,0.8699,9.5134,1.1816,0.922,0.6978,0.0,0.6655
600378,昊华科技,815.26,True,76.01,64.39,22,50.38,11.84,28.31,18.05,0.85,从未跌破（观测期内）,2026-07-03,67.83,0.5419,0.5282,1.0635,0.7251,0.715,0.0,0.6643
600460,士兰微,786.27,True,47.25,42.81,19,35.24,-4.22,15.85,10.37,0.8023,从未跌破（观测期内）,2026-07-03,74.98,0.8502,0.5706,0.8335,0.9101,0.5559,0.0,0.6596
000100,TCL科技,1080.96,True,5.65,5.07,22,23.26,1.62,9.19,11.45,0.8299,从未跌破（观测期内）,2026-07-03,69.64,0.5877,1.1164,0.7586,0.7526,0.6746,0.0,0.655
003043,华亚智能,90.76,True,100.07,85.01,22,30.27,0.79,17.55,17.72,0.85,从未跌破（观测期内）,2026-07-03,66.51,0.4414,1.1957,0.8724,0.6648,0.7442,0.0,0.655
001229,魅视科技,26.02,True,35.28,29.63,20,29.05,-1.83,9.06,19.07,0.7948,从未跌破（观测期内）,2026-07-03,72.22,0.7446,3.6599,0.719,0.8467,0.6173,0.0,0.6531
600906,财达证券,165.48,False,7.79,7.33,21,14.42,-3.26,6.37,6.23,0.6735,从未跌破（观测期内）,2026-07-03,60.47,0.6877,0.6264,0.7143,0.8126,0.8784,0.0,0.6482
601678,滨化股份,141.6,False,6.93,6.17,17,26.4,-8.67,6.04,12.28,0.6716,从未跌破（观测期内）,2026-07-03,62.33,0.7414,3.8138,0.8455,0.8448,0.8372,0.0,0.6473
603991,领先股份,135.8,False,151.67,126.24,16,27.17,-12.55,6.9,20.14,0.677,从未跌破（观测期内）,2026-07-03,68.95,0.9077,0.8377,0.8228,0.9446,0.6899,0.0,0.6449
002584,西陇科学,46.61,False,9.95,9.03,17,33.97,-9.77,8.25,10.15,0.7267,从未跌破（观测期内）,2026-07-03,63.32,0.6074,6.4872,0.9458,0.7644,0.815,0.0,0.6448
603261,*ST立航,39.75,False,51.29,43.08,14,45.53,-8.46,12.33,19.05,0.7227,从未跌破（观测期内）,2026-07-03,69.9,0.809,2.9619,0.941,0.8854,0.6688,0.0,0.6442
002971,和远气体,111.89,False,71.54,61.18,21,60.5,-2.75,30.6,16.93,0.8341,从未跌破（观测期内）,2026-07-03,63.44,0.3125,1.9577,1.0025,0.5875,0.8124,0.0,0.643
600458,时代新材,142.87,True,16.45,16.07,22,26.62,2.34,12.03,2.38,0.6594,从未跌破（观测期内）,2026-07-03,54.15,0.5387,1.801,0.7871,0.7232,0.9811,0.0,0.6408
600392,盛和资源,507.44,False,28.95,28.3,17,38.02,-5.43,10.84,2.29,0.5777,从未跌破（观测期内）,2026-07-03,57.46,0.8012,1.1773,0.8754,0.8807,0.9453,0.0,0.6403
002935,天奥电子,96.02,True,23.2,21.14,16,11.07,-9.68,2.7,9.72,0.565,从未跌破（观测期内）,2026-07-03,58.11,0.7967,1.4232,0.5668,0.878,0.9308,0.0553,0.64
002167,东方锆业,189.98,False,25.04,18.18,21,48.44,-2.16,21.47,37.76,0.8341,从未跌破（观测期内）,2026-07-03,77.74,0.7121,2.9654,1.0118,0.8272,0.4947,0.0,0.6394
603650,彤程新材,547.37,False,89.08,72.91,17,46.5,-7.64,16.91,22.17,0.7705,从未跌破（观测期内）,2026-07-03,74.08,0.7612,2.3637,0.9342,0.8567,0.576,0.0,0.6376
603065,宿迁联盛,78.77,False,18.8,15.84,22,68.7,4.34,40.41,18.66,0.85,从未跌破（观测期内）,2026-07-03,70.09,0.4305,5.8015,0.9539,0.6583,0.6646,0.0,0.6375
002736,国信证券,994.89,False,10.35,10.03,15,5.83,-3.87,1.29,3.2,0.4112,从未跌破（观测期内）,2026-07-03,57.71,0.8295,0.7268,0.366,0.8977,0.9399,0.3899,0.6354
600366,宁波韵升,184.97,False,16.83,14.36,18,17.59,-4.37,7.03,17.17,0.7122,从未跌破（观测期内）,2026-07-03,72.14,0.8389,3.585,0.7058,0.9034,0.6191,0.0,0.6345
600141,兴发集团,479.37,False,39.89,38.67,16,38.62,-14.21,13.06,3.15,0.5832,从未跌破（观测期内）,2026-07-03,59.51,0.8059,1.834,0.9838,0.8836,0.8997,0.0,0.6341
002354,天娱数科,152.33,False,9.37,8.29,18,27.24,-10.34,10.24,12.99,0.7864,从未跌破（观测期内）,2026-07-03,62.62,0.3457,1.2984,1.2372,0.6074,0.8307,0.0,0.6325
600888,新疆众和,220.54,False,14.2,13.22,22,33.91,0.05,14.24,7.44,0.786,从未跌破（观测期内）,2026-07-03,64.91,0.4633,0.4239,0.8919,0.6476,0.7798,0.0,0.6323
000962,东方钽业,380.2,False,75.56,69.92,16,45.45,-11.14,12.62,8.06,0.706,从未跌破（观测期内）,2026-07-03,65.58,0.6379,0.4954,1.0211,0.7809,0.765,0.0,0.6306
002674,兴业科技,84.93,True,29.03,21.19,22,70.87,0.7,23.39,36.98,0.85,从未跌破（观测期内）,2026-07-03,74.72,0.5138,4.8773,1.0609,0.7083,0.5617,0.0,0.6294
601377,兴业证券,532.84,False,6.17,6.04,16,6.07,-2.29,1.88,2.23,0.4321,从未跌破（观测期内）,2026-07-03,54.55,0.7422,0.5018,0.4118,0.8453,0.9899,0.3137,0.6292
603608,天创时尚,110.42,False,25.98,23.9,17,38.63,-3.4,14.49,8.7,0.7379,从未跌破（观测期内）,2026-07-03,48.38,0.4371,0.4722,0.7926,0.6511,0.8528,0.0,0.6285
603456,九洲药业,130.21,False,14.64,13.06,15,12.17,-4.99,2.28,12.13,0.5456,从未跌破（观测期内）,2026-07-03,74.87,0.9361,1.3941,0.3726,0.9617,0.5585,0.3789,0.6272
600707,彩虹股份,538.87,False,15.02,13.1,18,40.38,-10.05,13.06,14.63,0.7864,从未跌破（观测期内）,2026-07-03,70.69,0.5414,0.8138,1.1347,0.7249,0.6513,0.0,0.626
001359,平安电工,70.59,False,117.08,102.49,16,51.7,-8.59,18.47,14.24,0.7545,从未跌破（观测期内）,2026-07-03,71.87,0.6474,0.7903,0.8824,0.7885,0.6251,0.0,0.624
002422,科伦药业,623.08,False,47.98,37.85,20,26.76,-1.1,6.14,26.76,0.7216,从未跌破（观测期内）,2026-07-03,77.6,0.9009,2.1028,0.6521,0.9406,0.4978,0.0,0.6233
603335,迪生力,37.08,False,8.66,8.32,18,21.34,-4.22,8.16,4.03,0.5911,从未跌破（观测期内）,2026-07-03,54.8,0.6098,0.4576,1.0169,0.7489,0.9956,0.0,0.6228
000012,南  玻Ａ,99.93,False,5.1,4.59,19,16.71,-4.12,6.31,11.14,0.71,从未跌破（观测期内）,2026-07-03,70.83,0.7279,1.8592,0.7633,0.8367,0.6481,0.0,0.6228
603283,赛腾股份,239.89,False,68.05,62.9,18,36.97,-6.21,15.09,8.19,0.7411,从未跌破（观测期内）,2026-07-03,69.08,0.5766,1.412,0.8299,0.746,0.6872,0.0,0.6204
002409,雅克科技,635.45,True,199.5,162.11,20,54.21,-6.02,22.74,23.06,0.8182,从未跌破（观测期内）,2026-07-03,71.11,0.4179,0.815,1.0356,0.6507,0.6421,0.0,0.6184
603898,好莱客,46.76,False,15.02,13.58,16,20.78,-1.02,5.41,10.56,0.6399,从未跌破（观测期内）,2026-07-03,71.14,0.8621,0.3442,0.5241,0.8549,0.6414,0.1265,0.6169
002057,中钢天源,94.39,False,12.53,11.84,22,27.01,2.52,12.28,5.85,0.7464,从未跌破（观测期内）,2026-07-03,57.19,0.1868,1.3696,0.7223,0.5121,0.9514,0.0,0.6168
600259,中稀有色,344.04,False,102.26,100.15,17,26.82,-4.36,6.34,2.11,0.4817,从未跌破（观测期内）,2026-07-03,56.18,0.8613,1.2484,0.8101,0.9168,0.9737,0.0,0.6166
000783,长江证券,551.9,False,9.98,8.59,14,28.51,-10.8,7.14,16.24,0.6513,从未跌破（观测期内）,2026-07-03,71.43,0.8585,1.2925,0.7897,0.9151,0.6349,0.0,0.6163
000776,广发证券,1400.44,False,23.72,21.6,16,17.57,-3.74,7.32,9.81,0.6828,从未跌破（观测期内）,2026-07-03,67.27,0.7034,0.3565,0.5758,0.7646,0.7274,0.0404,0.6158
601881,中国银河,973.52,False,13.44,12.56,14,6.98,-4.24,1.25,6.98,0.4742,从未跌破（观测期内）,2026-07-03,60.83,0.8256,1.6262,0.4878,0.8954,0.8704,0.187,0.6157
601133,柏诚股份,196.02,False,37.38,33.47,16,38.74,-6.03,9.55,11.7,0.7434,从未跌破（观测期内）,2026-07-03,63.53,0.5962,0.1658,0.9643,0.624,0.8105,0.0,0.6155
002106,莱宝高科,103.13,False,14.63,14.43,22,27.69,0.39,12.32,1.41,0.6354,从未跌破（观测期内）,2026-07-03,59.88,0.5527,0.9839,1.0222,0.7316,0.8916,0.0,0.6154
603163,圣晖集成,125.4,False,125.4,119.38,16,33.29,-10.32,7.03,5.04,0.5564,从未跌破（观测期内）,2026-07-03,57.37,0.683,0.6242,0.8984,0.8098,0.9474,0.0,0.6145
002931,锋龙股份,151.62,False,75.34,68.72,17,21.83,-10.68,7.77,9.63,0.7056,从未跌破（观测期内）,2026-07-03,60.52,0.378,2.9975,0.9626,0.6268,0.8774,0.0,0.6144
605111,新洁能,335.46,False,80.77,73.75,18,40.78,-3.18,13.75,9.53,0.7745,从未跌破（观测期内）,2026-07-03,68.13,0.767,-0.0314,0.9788,0.6476,0.7083,0.0,0.6134
600322,津投城开,33.94,False,3.07,2.7,17,15.19,-6.24,3.04,13.66,0.5966,从未跌破（观测期内）,2026-07-03,61.68,0.6943,0.8889,0.8631,0.8166,0.8516,0.0,0.6131
600531,豫光金铅,184.29,False,15.24,14.04,14,26.84,-16.73,2.72,8.55,0.5045,从未跌破（观测期内）,2026-07-03,60.98,0.9132,1.2851,0.8785,0.9479,0.8671,0.0,0.6122
603588,高能环境,301.6,False,19.8,16.66,20,33.37,-3.6,15.04,18.84,0.8182,从未跌破（观测期内）,2026-07-03,81.37,0.6801,1.6752,0.6809,0.8081,0.414,0.0,0.6121
600226,亨通股份,273.64,False,9.2,9.06,22,45.78,1.49,20.81,1.49,0.6372,从未跌破（观测期内）,2026-07-03,62.57,0.6037,0.8371,0.9317,0.7622,0.8317,0.0,0.6118
002072,凯瑞德,35.43,False,9.64,8.73,17,18.19,-5.6,5.7,10.39,0.6628,从未跌破（观测期内）,2026-07-03,62.72,0.5366,0.6599,0.7327,0.7219,0.8284,0.0,0.6113
002407,多氟多,532.26,False,49.34,41.97,16,37.91,-8.9,10.23,17.56,0.7545,从未跌破（观测期内）,2026-07-03,65.1,0.3586,1.2666,0.8953,0.6152,0.7757,0.0,0.6107
600030,中信证券,3525.11,False,28.95,27.34,17,10.62,-2.64,4.12,5.9,0.54,从未跌破（观测期内）,2026-07-03,63.35,0.7398,0.2948,0.436,0.7618,0.8144,0.2733,0.6103
603061,金海通,411.28,False,472.73,376.42,18,45.27,-6.84,14.08,25.59,0.7864,从未跌破（观测期内）,2026-07-03,77.66,0.6394,1.0536,0.8661,0.7836,0.4965,0.0,0.6098
002549,凯美特气,130.3,False,18.82,18.27,15,24.77,-11.85,5.24,3.02,0.445,从未跌破（观测期内）,2026-07-03,55.39,0.8871,3.7678,0.9288,0.9322,0.9913,0.0,0.6093
603181,皇马科技,93.54,True,15.89,15.63,17,15.7,-8.54,5.56,1.67,0.4512,从未跌破（观测期内）,2026-07-03,54.58,0.7381,1.1678,0.5217,0.8429,0.9906,0.1305,0.6089
000725,京东方Ａ,2963.77,False,8.38,7.02,22,32.26,1.75,18.97,19.33,0.85,从未跌破（观测期内）,2026-07-03,79.67,0.6072,0.3696,0.8122,0.7121,0.4518,0.0,0.6084
002056,横店东磁,533.34,False,32.82,27.92,22,31.71,1.14,12.2,17.55,0.85,从未跌破（观测期内）,2026-07-03,77.46,0.4526,0.6069,0.8474,0.6715,0.5008,0.0,0.608
603986,兆易创新,4530.84,True,677.77,627.74,22,45.34,1.1,19.22,7.97,0.7993,从未跌破（观测期内）,2026-07-03,65.61,0.3847,0.272,1.0686,0.5396,0.7641,0.0,0.6074
001309,德明利,1455.75,False,881.91,754.22,14,38.54,-11.1,10.13,16.93,0.7227,从未跌破（观测期内）,2026-07-03,72.7,0.6447,0.7956,0.8997,0.7868,0.6066,0.0,0.6071
600206,有研新材,459.68,False,54.3,45.56,17,68.64,-6.63,27.64,19.18,0.7705,从未跌破（观测期内）,2026-07-03,73.21,0.5297,1.7457,0.9893,0.7178,0.5954,0.0,0.6067
002371,北方华创,5916.9,True,816.0,735.45,17,30.77,-5.98,10.27,10.95,0.7705,从未跌破（观测期内）,2026-07-03,68.38,0.507,0.3131,0.6289,0.6294,0.7027,0.0,0.6061
600397,江钨装备,253.92,False,25.65,20.86,19,57.97,-2.09,26.82,22.98,0.8023,从未跌破（观测期内）,2026-07-03,77.23,0.5578,2.2177,0.9084,0.7347,0.506,0.0,0.6058
601211,国泰海通,2614.35,False,19.37,17.5,22,11.38,3.62,7.55,10.69,0.8603,从未跌破（观测期内）,2026-07-03,69.11,0.3577,-0.3763,0.3673,0.2641,0.6863,0.3878,0.6056
000050,深天马Ａ,220.44,False,9.05,9.03,19,27.13,-5.22,8.16,0.19,0.5109,从未跌破（观测期内）,2026-07-03,62.11,0.8851,0.979,0.8022,0.9311,0.8421,0.0,0.6056
600851,海欣股份,67.55,False,9.15,8.31,12,28.45,-8.96,4.9,10.14,0.5634,从未跌破（观测期内）,2026-07-03,67.77,0.9125,1.4118,0.7845,0.9475,0.7163,0.0,0.6055
600889,*ST京化,61.44,False,16.77,15.79,12,6.22,-5.25,-0.21,6.22,0.4087,从未跌破（观测期内）,2026-07-03,59.49,0.6303,2.6891,0.3313,0.7782,0.9003,0.4478,0.6052
002326,永太科技,208.59,True,25.81,23.78,15,18.73,-2.79,4.64,8.55,0.5685,从未跌破（观测期内）,2026-07-03,66.05,0.8461,6.7809,0.7014,0.9077,0.7544,0.0,0.6052
002293,罗莱生活,91.91,False,11.07,10.07,12,9.91,-6.43,0.17,9.91,0.4556,从未跌破（观测期内）,2026-07-03,64.45,0.7681,0.7832,0.4031,0.8608,0.79,0.3281,0.6046
000672,上峰材料,205.41,False,21.19,19.2,13,29.13,-8.58,8.11,10.36,0.6595,从未跌破（观测期内）,2026-07-03,72.03,0.7735,0.8074,0.6561,0.8641,0.6216,0.0,0.6041
601636,旗滨集团,249.12,False,8.42,8.03,18,34.36,-7.04,11.65,4.85,0.6576,从未跌破（观测期内）,2026-07-03,61.52,0.4665,1.4942,1.0921,0.6799,0.8551,0.0,0.604
603078,江化微,216.96,False,56.26,46.84,22,29.97,3.88,17.22,20.11,0.85,从未跌破（观测期内）,2026-07-03,75.7,0.3917,0.4512,0.8665,0.6155,0.5401,0.0,0.6019
603270,金帝股份,24.26,False,34.3,30.92,16,14.13,-6.83,3.48,10.92,0.5914,从未跌破（观测期内）,2026-07-03,69.18,0.8528,4.5165,0.672,0.9117,0.685,0.0,0.6015
002631,德尔未来,86.58,False,10.91,9.04,19,34.54,-12.31,11.94,20.71,0.8023,从未跌破（观测期内）,2026-07-03,77.68,0.5414,2.669,0.8018,0.7249,0.496,0.0,0.6013
002965,祥鑫科技,100.16,True,52.6,43.89,21,31.19,-0.95,13.86,19.85,0.8341,从未跌破（观测期内）,2026-07-03,81.33,0.5638,3.1634,0.6945,0.7383,0.4149,0.0,0.6012
603260,合盛硅业,538.73,False,45.57,45.65,16,26.84,-11.58,7.62,-0.18,0.4406,从未跌破（观测期内）,2026-07-03,53.74,0.8687,2.4629,0.8158,0.9212,0.9721,0.0,0.601
603257,中国瑞林,20.92,False,84.0,71.43,22,19.57,1.13,8.7,17.61,0.8176,从未跌破（观测期内）,2026-07-03,82.21,0.4872,0.2058,0.4045,0.5746,0.3953,0.3258,0.5986
601156,东航物流,168.14,False,17.8,16.65,14,7.34,-2.37,1.3,6.9,0.4952,从未跌破（观测期内）,2026-07-03,61.86,0.5814,0.4238,0.3954,0.7183,0.8475,0.341,0.5983
603135,中重科技,91.66,True,14.56,13.16,15,31.46,-7.23,6.11,10.64,0.6414,从未跌破（观测期内）,2026-07-03,71.9,0.7781,7.1219,0.945,0.8669,0.6245,0.0,0.5982
603004,鼎龙科技,13.81,True,23.45,21.82,16,15.87,-8.66,5.93,7.46,0.5894,从未跌破（观测期内）,2026-07-03,73.2,0.8387,1.4621,0.5301,0.9032,0.5956,0.1165,0.5981
603072,天和磁材,50.56,False,40.05,38.49,15,13.43,-5.07,2.5,4.06,0.4164,从未跌破（观测期内）,2026-07-03,56.41,0.8535,1.2896,0.5612,0.9121,0.9686,0.0646,0.598
601878,浙商证券,445.95,False,9.75,9.43,13,6.06,-5.01,0.28,3.38,0.3455,从未跌破（观测期内）,2026-07-03,57.43,0.8251,0.6595,0.4126,0.895,0.9461,0.3123,0.598
600552,XD凯盛科,239.84,False,25.39,24.89,21,37.77,-2.37,16.66,2.01,0.6344,从未跌破（观测期内）,2026-07-03,63.2,0.5769,0.4379,1.1379,0.7213,0.8179,0.0,0.5977
002668,TCL智家,118.06,False,10.89,10.12,17,12.8,-4.01,4.5,7.63,0.5736,从未跌破（观测期内）,2026-07-03,66.32,0.6523,0.459,0.5046,0.775,0.7485,0.1589,0.5967
603669,灵康药业,43.59,False,6.12,5.14,19,24.95,-5.86,11.06,18.99,0.8023,从未跌破（观测期内）,2026-07-03,85.93,0.6644,4.0761,0.5489,0.7986,0.3127,0.0851,0.5959
601066,中信建投,1839.57,False,28.32,27.02,22,16.29,1.32,8.15,4.82,0.7035,从未跌破（观测期内）,2026-07-03,60.87,0.8795,-0.4143,0.6032,0.562,0.8696,0.0,0.5958
600061,国投资本,420.09,False,6.57,6.36,14,5.2,-4.17,0.87,3.26,0.3866,从未跌破（观测期内）,2026-07-03,57.39,0.7345,0.3923,0.3939,0.7976,0.947,0.3435,0.595
002821,凯莱英,525.66,False,165.8,132.44,11,36.13,-6.63,8.62,25.19,0.6405,从未跌破（观测期内）,2026-07-03,76.4,0.8898,2.6212,0.7577,0.9339,0.5245,0.0,0.5946
600160,巨化股份,1332.32,False,49.35,46.86,22,26.08,5.31,16.56,5.31,0.7326,从未跌破（观测期内）,2026-07-03,60.85,0.4571,0.0883,0.8511,0.5096,0.8699,0.0,0.5944
603324,盛剑科技,71.2,True,48.21,41.24,20,42.9,-3.97,18.79,16.91,0.8182,从未跌破（观测期内）,2026-07-03,69.4,0.6984,-0.2464,0.9429,0.5205,0.6801,0.0,0.5934
601688,华泰证券,1548.3,False,21.19,20.32,22,10.81,0.2,4.99,4.31,0.638,从未跌破（观测期内）,2026-07-03,58.07,0.4703,0.0632,0.5014,0.5074,0.9318,0.1644,0.5931
603690,至纯科技,125.15,True,32.68,30.79,14,25.15,-7.45,7.43,6.15,0.5623,从未跌破（观测期内）,2026-07-03,71.07,0.9282,0.6382,0.6556,0.9569,0.6429,0.0,0.5927
603505,金石资源,186.35,False,22.14,19.75,14,24.77,-13.27,1.15,12.09,0.5014,从未跌破（观测期内）,2026-07-03,62.79,0.8448,5.2628,0.8003,0.9069,0.8268,0.0,0.5926
600110,诺德股份,273.29,False,15.75,14.51,21,42.98,-0.87,15.29,8.58,0.7985,从未跌破（观测期内）,2026-07-03,62.44,0.2692,0.1584,0.9425,0.4248,0.8346,0.0,0.5925
603211,晋拓股份,97.69,False,35.94,33.07,18,23.16,-6.82,7.96,8.67,0.7021,从未跌破（观测期内）,2026-07-03,64.47,0.3625,0.4867,0.9353,0.6122,0.7895,0.0,0.5918
002211,ST宏达,18.16,False,4.2,3.85,13,9.83,-5.42,1.38,8.99,0.4937,从未跌破（观测期内）,2026-07-03,63.64,0.6468,0.4824,0.4519,0.781,0.8081,0.2468,0.5914
601788,光大证券,583.66,False,14.94,14.46,14,5.62,-6.97,0.28,3.3,0.3426,从未跌破（观测期内）,2026-07-03,56.96,0.7571,0.6084,0.4023,0.8543,0.9565,0.3295,0.5913
603929,亚翔集成,503.29,False,235.89,227.85,19,32.8,-15.02,15.92,3.53,0.6405,从未跌破（观测期内）,2026-07-03,55.65,0.2532,0.9036,1.0275,0.5519,0.9857,0.0,0.5913
603661,恒林股份,55.35,False,39.8,36.33,19,16.83,-4.9,7.68,9.56,0.7332,从未跌破（观测期内）,2026-07-03,61.55,0.4969,0.0241,0.8024,0.5078,0.8545,0.0,0.5911
002842,翔鹭钨业,121.21,False,45.15,44.24,19,41.23,-3.89,15.9,2.05,0.6035,从未跌破（观测期内）,2026-07-03,56.05,0.3603,0.916,1.1051,0.6162,0.9766,0.0,0.5908
003009,中天火箭,102.96,False,62.52,59.03,16,14.56,-12.45,2.83,5.91,0.473,从未跌破（观测期内）,2026-07-03,52.8,0.7414,3.6183,0.9043,0.8448,0.9512,0.0,0.5907
000779,甘咨询,39.04,False,8.4,7.73,15,8.63,-7.21,0.83,8.63,0.5169,从未跌破（观测期内）,2026-07-03,85.05,0.7198,1.7739,0.1641,0.8319,0.3323,0.7264,0.5901
001206,依依股份,19.92,False,18.64,17.73,15,17.55,-8.98,2.89,5.15,0.4396,从未跌破（观测期内）,2026-07-03,58.59,0.8586,1.1733,0.6688,0.9151,0.9203,0.0,0.5887
605208,永茂泰,55.66,False,16.87,15.61,18,8.63,-4.44,3.82,8.08,0.6123,从未跌破（观测期内）,2026-07-03,60.31,0.2863,1.0036,0.5054,0.5718,0.882,0.1576,0.5879
600369,西南证券,275.77,False,4.15,4.03,14,5.36,-4.89,0.3,2.86,0.3532,从未跌破（观测期内）,2026-07-03,56.25,0.7843,0.3663,0.4129,0.8171,0.9722,0.3119,0.5868
000925,众合科技,65.5,True,9.76,8.82,13,18.77,-11.19,3.57,10.6,0.5461,从未跌破（观测期内）,2026-07-03,68.52,0.8548,2.2037,0.6886,0.9129,0.6995,0.0,0.5866
000823,超声电子,132.02,True,22.19,21.93,22,42.94,1.19,16.66,1.19,0.6296,从未跌破（观测期内）,2026-07-03,58.56,0.332,0.6607,1.1751,0.5992,0.9208,0.0,0.5858
002520,日发精机,55.39,False,7.72,6.86,19,17.09,-10.61,5.04,12.5,0.6782,从未跌破（观测期内）,2026-07-03,68.14,0.4855,2.0872,0.6657,0.6913,0.7079,0.0,0.5857
600497,驰宏锌锗,551.92,False,10.95,10.56,15,26.3,-15.64,6.61,3.74,0.4975,从未跌破（观测期内）,2026-07-03,63.23,0.8147,0.7539,0.8766,0.8888,0.817,0.0,0.5846
600601,方正科技,630.55,True,15.12,13.4,13,12.83,-6.4,3.23,12.83,0.5376,从未跌破（观测期内）,2026-07-03,64.65,0.7459,0.7946,0.7786,0.8476,0.7855,0.0,0.584
002654,万润科技,160.68,True,19.01,17.81,14,29.53,-13.75,6.28,6.71,0.5475,从未跌破（观测期内）,2026-07-03,63.3,0.6765,0.5866,0.8431,0.8059,0.8155,0.0,0.5836
600360,华微电子,143.66,True,14.96,12.84,16,16.97,-9.42,6.28,16.48,0.6615,从未跌破（观测期内）,2026-07-03,79.58,0.8543,1.9233,0.8339,0.9126,0.4538,0.0,0.5835
002258,利尔化学,109.88,False,13.75,13.26,18,10.35,-4.57,3.72,3.7,0.4975,从未跌破（观测期内）,2026-07-03,54.29,0.5847,1.2384,0.6814,0.7508,0.9842,0.0,0.5835
600961,株冶集团,225.47,False,29.99,29.21,14,34.43,-15.78,7.13,2.67,0.4676,从未跌破（观测期内）,2026-07-03,60.06,0.7859,0.793,0.9254,0.8715,0.8875,0.0,0.5824
002577,雷柏科技,55.38,True,19.73,18.48,11,6.79,-5.38,0.39,6.77,0.3964,从未跌破（观测期内）,2026-07-03,61.9,0.7636,0.827,0.443,0.8582,0.8466,0.2617,0.5817
002345,潮宏基,91.23,False,10.52,9.36,10,12.36,-7.52,0.95,12.36,0.4329,从未跌破（观测期内）,2026-07-03,58.3,0.8199,2.0969,0.664,0.8919,0.9267,0.0,0.5815
002773,康弘药业,153.43,False,22.34,20.49,9,9.02,-4.52,-0.02,9.02,0.4014,从未跌破（观测期内）,2026-07-03,63.38,0.9076,0.759,0.5123,0.9445,0.8138,0.1462,0.5814
002600,领益智造,1297.39,False,18.02,16.0,13,16.3,-11.54,2.94,12.62,0.5303,从未跌破（观测期内）,2026-07-03,68.18,0.8513,2.1209,0.8335,0.9108,0.7072,0.0,0.5813
000513,丽珠集团,172.66,False,30.39,29.56,12,3.44,-3.5,0.12,2.8,0.355,从未跌破（观测期内）,2026-07-03,49.63,0.6474,0.8679,0.3383,0.7885,0.8806,0.4362,0.5807
002068,黑猫股份,104.37,False,14.2,12.13,16,38.11,-6.3,12.67,17.11,0.7545,从未跌破（观测期内）,2026-07-03,74.64,0.6247,0.2228,0.8252,0.664,0.5635,0.0,0.5805
002440,闰土股份,99.75,False,10.54,10.04,14,22.19,-9.65,5.16,5.0,0.4766,从未跌破（观测期内）,2026-07-03,61.95,0.8037,1.1596,0.8375,0.8822,0.8455,0.0,0.5803
000795,英洛华,108.61,False,9.73,9.32,15,10.85,-8.46,1.79,4.42,0.4008,从未跌破（观测期内）,2026-07-03,54.43,0.8167,2.5209,0.6529,0.89,0.9873,0.0,0.5803
002745,木林森,127.27,False,11.96,11.12,16,20.01,-8.32,6.13,7.55,0.5964,从未跌破（观测期内）,2026-07-03,70.25,0.7458,0.4719,0.7005,0.8363,0.6612,0.0,0.5799
605228,神通科技,68.99,True,14.46,13.26,10,9.06,-9.39,-0.42,9.06,0.378,从未跌破（观测期内）,2026-07-03,63.26,0.8042,2.3035,0.4229,0.8825,0.8165,0.2951,0.5794
603662,柯力传感,224.66,False,80.0,69.34,16,15.37,-2.84,4.08,15.37,0.6132,从未跌破（观测期内）,2026-07-03,75.89,0.8436,3.4819,0.6517,0.9061,0.5357,0.0,0.5789
000032,深桑达Ａ,238.63,False,20.97,21.43,14,35.78,-15.11,11.61,-2.14,0.4191,从未跌破（观测期内）,2026-07-03,56.28,0.7791,1.4147,0.9866,0.8674,0.9716,0.0,0.5788
002643,万润股份,182.7,False,20.25,17.63,14,28.45,-15.98,7.23,14.87,0.6535,从未跌破（观测期内）,2026-07-03,78.28,0.8047,1.1187,0.6834,0.8828,0.4827,0.0,0.5787
603339,四方科技,44.28,True,14.31,13.7,12,16.47,-3.47,2.76,4.49,0.3722,从未跌破（观测期内）,2026-07-03,64.68,0.936,2.9265,0.4709,0.9616,0.7848,0.2151,0.5785
002816,*ST和科,29.49,False,29.49,27.18,16,13.33,-1.72,4.48,8.5,0.5894,从未跌破（观测期内）,2026-07-03,64.3,0.4577,0.3282,0.4704,0.6059,0.7934,0.2159,0.5783
000521,长虹美菱,51.46,False,5.88,5.49,13,9.61,-7.99,1.14,7.09,0.4287,从未跌破（观测期内）,2026-07-03,55.45,0.725,1.3417,0.6132,0.835,0.9901,0.0,0.5782
603040,新坐标,140.78,False,71.71,64.19,19,11.72,-2.48,4.47,11.72,0.6997,从未跌破（观测期内）,2026-07-03,71.95,0.4588,2.02,0.5816,0.6753,0.6234,0.0307,0.578
002158,汉钟精机,191.92,False,35.97,32.18,13,19.41,-12.48,3.88,11.77,0.5537,从未跌破（观测期内）,2026-07-03,74.01,0.9381,0.8727,0.6766,0.9629,0.5775,0.0,0.5777
600276,恒瑞医药,3473.37,False,54.45,49.33,11,10.61,-8.71,0.38,10.39,0.4344,从未跌破（观测期内）,2026-07-03,69.55,0.8197,0.7968,0.4189,0.8918,0.6766,0.3019,0.5773
000620,盈新发展,168.18,False,3.6,3.16,13,24.58,-6.04,3.93,13.83,0.5551,从未跌破（观测期内）,2026-07-03,66.67,0.7126,1.6866,0.8462,0.8275,0.7407,0.0,0.5771
600177,雅戈尔,352.62,False,7.83,7.5,18,4.83,-2.92,1.46,4.34,0.5267,从未跌破（观测期内）,2026-07-03,65.09,0.4853,-0.0818,0.2138,0.4585,0.7757,0.6437,0.577
000728,国元证券,328.59,False,7.53,7.2,13,9.69,-5.31,1.88,4.62,0.3779,从未跌破（观测期内）,2026-07-03,66.01,0.8385,0.4137,0.37,0.8686,0.7553,0.3834,0.5769
002024,ST易购,116.59,False,1.26,1.21,8,4.76,-5.81,-1.16,4.18,0.2624,从未跌破（观测期内）,2026-07-03,56.0,0.6495,0.9679,0.2881,0.7897,0.9778,0.5198,0.5759
603120,肯特催化,21.71,False,57.27,52.65,12,14.82,-6.41,2.17,8.78,0.4648,从未跌破（观测期内）,2026-07-03,49.16,0.7654,2.5842,0.9202,0.8592,0.8701,0.0,0.5747
002675,东诚药业,96.05,False,12.92,12.6,10,2.52,-2.43,-0.08,2.52,0.3229,从未跌破（观测期内）,2026-07-03,58.05,0.5267,0.4905,0.2766,0.7123,0.9322,0.539,0.5745
600713,南京医药,65.78,False,5.1,4.91,12,3.91,-3.59,0.34,3.91,0.3692,从未跌破（观测期内）,2026-07-03,62.75,0.7266,0.2383,0.2871,0.7313,0.8279,0.5214,0.5743
000691,亚太实业,37.6,False,11.63,11.15,22,34.52,1.96,14.73,4.27,0.7067,从未跌破（观测期内）,2026-07-03,62.13,0.7051,-0.3341,0.724,0.4895,0.8415,0.0,0.5733
002653,海思科,410.48,False,76.47,55.65,11,45.23,-8.76,7.81,37.42,0.6203,从未跌破（观测期内）,2026-07-03,82.01,0.9624,2.8364,0.7653,0.9775,0.3998,0.0,0.5725
600267,海正药业,124.28,False,10.53,9.91,11,7.21,-9.71,-0.85,6.22,0.3093,从未跌破（观测期内）,2026-07-03,61.44,0.8439,0.8241,0.3968,0.9063,0.8568,0.3386,0.5724
603020,爱普股份,50.15,False,13.35,13.15,20,30.86,-8.11,13.32,1.55,0.6069,从未跌破（观测期内）,2026-07-03,52.67,0.2651,1.3635,0.9,0.5591,0.9481,0.0,0.5721
002747,埃斯顿,350.28,False,44.77,36.16,22,32.1,1.06,14.22,23.8,0.85,从未跌破（观测期内）,2026-07-03,76.9,0.188,1.6593,0.9497,0.5128,0.5134,0.0,0.5709
002910,庄园牧场,19.0,False,11.11,10.91,15,25.26,-11.47,3.74,1.81,0.3773,从未跌破（观测期内）,2026-07-03,56.76,0.847,4.7412,0.8481,0.9082,0.961,0.0,0.5702
002955,鸿合科技,72.68,True,37.15,32.72,22,25.11,2.38,14.88,13.54,0.85,从未跌破（观测期内）,2026-07-03,68.8,0.2741,-0.0235,0.5901,0.3551,0.6934,0.0165,0.5699
603049,中策橡胶,235.57,False,46.65,45.06,6,3.75,-3.56,-0.86,3.54,0.2514,从未跌破（观测期内）,2026-07-03,51.69,0.8026,1.0082,0.346,0.8816,0.9264,0.4234,0.5697
002963,豪尔赛,25.95,False,21.1,19.95,17,23.81,-11.65,6.12,5.79,0.5681,从未跌破（观测期内）,2026-07-03,59.96,0.4301,0.5295,0.722,0.6581,0.8898,0.0,0.5697
603859,能科科技,127.98,True,52.3,50.68,16,26.83,-6.89,5.81,3.2,0.4799,从未跌破（观测期内）,2026-07-03,51.88,0.6092,1.9555,0.9126,0.7655,0.9306,0.0,0.5695
002225,濮耐股份,43.35,False,4.57,4.39,19,14.4,-9.11,5.77,4.06,0.5483,从未跌破（观测期内）,2026-07-03,59.29,0.4613,0.8388,0.8102,0.6768,0.9046,0.0,0.5694
000166,申万宏源,1027.62,False,4.56,4.48,12,4.27,-4.77,0.35,1.72,0.3052,从未跌破（观测期内）,2026-07-03,51.13,0.7228,0.6157,0.3763,0.8337,0.914,0.3728,0.5692
603259,药明康德,3069.84,False,124.12,108.18,13,22.27,-6.7,5.53,14.74,0.5951,从未跌破（观测期内）,2026-07-03,80.77,0.765,0.8559,0.48,0.859,0.4274,0.1999,0.5683
000811,冰轮环境,515.13,False,52.65,41.96,14,49.99,-11.62,16.52,25.49,0.7227,从未跌破（观测期内）,2026-07-03,78.33,0.5511,0.6469,1.0028,0.7307,0.4815,0.0,0.5681
600176,中国巨石,2815.86,False,70.9,55.86,20,54.44,-5.85,23.35,26.94,0.8182,从未跌破（观测期内）,2026-07-03,80.58,0.4923,0.3054,0.873,0.6175,0.4315,0.0,0.568
601696,中银证券,351.42,False,12.65,12.25,15,15.97,-10.09,3.43,3.24,0.4055,从未跌破（观测期内）,2026-07-03,59.14,0.8246,1.1864,0.6873,0.8948,0.9079,0.0,0.5675
000686,东北证券,201.51,False,8.61,8.14,14,9.77,-6.78,1.99,5.77,0.4168,从未跌破（观测期内）,2026-07-03,64.77,0.7465,0.757,0.4714,0.8479,0.7828,0.2143,0.5674
002937,兴瑞科技,143.94,True,45.67,40.72,21,19.46,-0.47,10.67,12.15,0.8341,从未跌破（观测期内）,2026-07-03,74.12,0.3164,-0.104,0.4743,0.3483,0.5751,0.2096,0.5672
601108,财通证券,423.51,False,9.12,8.15,13,14.73,-7.54,2.34,11.88,0.5154,从未跌破（观测期内）,2026-07-03,70.85,0.8027,1.1188,0.5563,0.8816,0.6479,0.0728,0.5671
601233,桐昆股份,542.38,False,22.84,22.4,20,15.22,-1.57,6.08,1.95,0.519,从未跌破（观测期内）,2026-07-03,52.2,0.4785,1.0228,0.8311,0.6871,0.9378,0.0,0.5669
605198,安德利,179.09,False,66.2,67.42,14,43.85,-4.35,9.2,-1.81,0.4075,从未跌破（观测期内）,2026-07-03,51.45,0.8938,0.3464,0.9324,0.8748,0.9211,0.0,0.5659
603380,易德龙,69.2,False,43.13,40.27,13,21.32,-9.68,4.35,7.1,0.4932,从未跌破（观测期内）,2026-07-03,64.21,0.7298,0.5916,0.7688,0.8379,0.7953,0.0,0.5658
600172,黄河旋风,215.18,False,16.86,14.79,18,30.25,-6.25,11.08,13.97,0.7864,从未跌破（观测期内）,2026-07-03,70.27,0.5177,-0.0882,0.9616,0.4753,0.6608,0.0,0.5655
603980,吉华集团,43.39,False,6.41,6.13,14,18.74,-5.96,4.62,4.6,0.4532,从未跌破（观测期内）,2026-07-03,69.19,0.7971,0.6774,0.4908,0.8783,0.6846,0.1819,0.5651
002303,美盈森,41.58,False,4.3,3.67,14,26.41,-7.99,7.53,17.12,0.6609,从未跌破（观测期内）,2026-07-03,80.4,0.7559,2.4965,0.6894,0.8535,0.4355,0.0,0.5649
600958,东方证券,714.08,False,9.56,9.36,13,5.63,-6.95,0.07,2.1,0.2825,从未跌破（观测期内）,2026-07-03,56.35,0.7601,0.3962,0.3839,0.8145,0.97,0.3602,0.5647
002926,华西证券,219.98,False,8.38,8.15,13,5.3,-6.84,0.11,2.76,0.3175,从未跌破（观测期内）,2026-07-03,56.7,0.7772,0.2606,0.39,0.7706,0.9623,0.35,0.5646
000739,普洛药业,211.22,False,18.24,16.47,11,10.77,-7.01,-0.2,10.77,0.4229,从未跌破（观测期内）,2026-07-03,71.83,0.8124,1.609,0.408,0.8874,0.626,0.32,0.5642
600641,先导基电,442.14,False,47.51,34.68,16,43.38,-11.64,15.05,36.98,0.7545,从未跌破（观测期内）,2026-07-03,87.1,0.6964,5.6943,0.831,0.8179,0.2868,0.0,0.5636
600470,六国化工,31.71,False,6.08,5.87,14,16.0,-9.25,2.1,3.55,0.364,从未跌破（观测期内）,2026-07-03,51.25,0.8964,2.1671,0.8718,0.9378,0.9166,0.0,0.5634
000759,中百集团,41.31,False,6.3,6.13,19,13.89,-5.02,5.34,2.76,0.5049,从未跌破（观测期内）,2026-07-03,56.81,0.6443,0.2222,0.9579,0.6755,0.9597,0.0,0.5628
603928,兴业股份,50.08,False,14.7,12.4,10,29.59,-9.88,3.01,18.59,0.4842,从未跌破（观测期内）,2026-07-03,66.88,0.8108,14.824,0.8835,0.8865,0.736,0.0,0.5625
601628,中国人寿,8050.38,False,38.66,35.66,16,10.57,-6.24,2.85,8.4,0.5367,从未跌破（观测期内）,2026-07-03,59.69,0.4457,0.5855,0.5932,0.6674,0.8958,0.0113,0.5624
002129,TCL中环,418.91,False,10.37,10.41,17,18.65,-6.63,5.13,-0.34,0.3901,从未跌破（观测期内）,2026-07-03,53.04,0.7639,0.63,0.8064,0.8583,0.9565,0.0,0.5619
605288,凯迪股份,93.54,False,95.18,78.19,19,23.0,-8.25,8.74,21.72,0.7708,从未跌破（观测期内）,2026-07-03,80.78,0.4459,1.2796,0.7401,0.6675,0.427,0.0,0.5606
002192,融捷股份,237.33,False,91.59,86.35,15,11.94,-13.27,1.78,6.07,0.4348,从未跌破（观测期内）,2026-07-03,52.05,0.6619,0.6177,0.7813,0.7972,0.9344,0.0,0.5601
603607,京华激光,44.88,True,25.14,22.3,10,20.37,-8.23,1.32,12.73,0.4421,从未跌破（观测期内）,2026-07-03,65.65,0.8614,2.6825,0.7017,0.9168,0.7632,0.0,0.5587
003026,中晶科技,52.43,True,36.27,37.18,17,27.43,-6.69,9.5,-2.44,0.4469,从未跌破（观测期内）,2026-07-03,55.97,0.5594,2.8665,0.9313,0.7356,0.9784,0.0,0.5583
603351,威尔药业,37.46,False,27.66,25.33,7,9.19,-4.47,-0.56,9.19,0.3711,从未跌破（观测期内）,2026-07-03,58.76,0.8293,2.729,0.5929,0.8976,0.9164,0.0118,0.5579
600962,国投中鲁,70.8,False,27.0,26.15,13,17.85,-7.04,2.68,3.23,0.3547,从未跌破（观测期内）,2026-07-03,52.84,0.8367,1.2106,0.7768,0.902,0.9519,0.0,0.5577
000520,凤凰航运,46.05,False,4.55,4.26,15,19.64,-12.94,3.42,6.9,0.4964,从未跌破（观测期内）,2026-07-03,58.85,0.5077,5.7634,0.865,0.7046,0.9145,0.0,0.5576
002860,星帅尔,54.9,False,15.96,13.85,14,15.22,-8.42,2.23,15.22,0.5284,从未跌破（观测期内）,2026-07-03,76.82,0.8102,4.3814,0.517,0.8861,0.5151,0.1384,0.5567
002907,华森制药,46.24,False,13.77,12.85,12,11.45,-5.64,2.52,7.15,0.4327,从未跌破（观测期内）,2026-07-03,64.45,0.833,2.7058,0.603,0.8998,0.7899,0.0,0.556
002990,盛视科技,97.79,True,70.85,59.5,13,42.8,-19.64,8.57,19.07,0.671,从未跌破（观测期内）,2026-07-03,78.56,0.6618,0.4254,0.8301,0.7673,0.4765,0.0,0.5555
002430,杭氧股份,268.84,False,27.49,27.6,16,18.77,-10.72,3.57,-0.4,0.3337,从未跌破（观测期内）,2026-07-03,54.63,0.8243,2.652,0.76,0.8946,0.9918,0.0,0.5555
002972,科安达,25.33,False,18.81,16.09,20,29.55,-3.16,15.7,16.94,0.8182,从未跌破（观测期内）,2026-07-03,86.16,0.3773,0.973,0.5674,0.6264,0.3076,0.0543,0.5535
002636,金安国纪,774.66,False,106.95,98.61,22,65.81,8.46,39.21,8.46,0.8115,从未跌破（观测期内）,2026-07-03,61.59,-0.4103,0.0825,0.9493,0.233,0.8535,0.0,0.5535
002787,华源控股,73.43,False,29.6,28.8,19,17.86,-4.48,6.86,2.76,0.5427,从未跌破（观测期内）,2026-07-03,61.69,0.5273,0.3583,0.8385,0.6597,0.8514,0.0,0.5523
002317,众生药业,208.99,False,27.44,23.26,10,17.96,-7.96,2.09,17.96,0.4614,从未跌破（观测期内）,2026-07-03,68.93,0.864,1.0451,0.6867,0.9184,0.6904,0.0,0.5523
603668,天马科技,64.19,True,12.69,11.71,10,12.99,-11.1,0.75,8.34,0.3862,从未跌破（观测期内）,2026-07-03,64.98,0.841,0.8255,0.5372,0.9046,0.7783,0.1047,0.552
601162,天风证券,316.41,False,3.68,3.35,12,12.0,-10.44,-0.1,9.69,0.4306,从未跌破（观测期内）,2026-07-03,65.29,0.8352,3.0511,0.6391,0.9011,0.7712,0.0,0.5518
002500,山西证券,193.13,False,5.38,5.14,14,5.33,-6.3,0.27,4.77,0.3845,从未跌破（观测期内）,2026-07-03,61.48,0.7201,0.1383,0.3833,0.6874,0.856,0.3612,0.551
002605,姚记科技,64.1,True,18.95,18.55,8,2.46,-5.04,-0.64,2.14,0.2557,从未跌破（观测期内）,2026-07-03,54.89,0.5397,0.5754,0.3289,0.7238,0.9975,0.4518,0.5505
603713,密尔克卫,125.29,False,79.23,63.91,18,29.82,-7.99,10.81,23.97,0.7864,从未跌破（观测期内）,2026-07-03,75.88,0.6007,-0.1148,0.8052,0.5145,0.5361,0.0,0.5504
603906,龙蟠科技,164.96,True,29.3,25.83,11,16.65,-13.33,0.41,13.43,0.4351,从未跌破（观测期内）,2026-07-03,65.22,0.811,1.303,0.7288,0.8866,0.7729,0.0,0.5503
600885,宏发股份,589.48,False,38.09,34.05,13,12.21,-5.96,1.3,11.85,0.4893,从未跌破（观测期内）,2026-07-03,67.65,0.8168,0.3796,0.6545,0.8419,0.7188,0.0,0.55
603444,吉比特,257.92,False,358.02,339.47,9,8.15,-8.19,-0.54,5.46,0.2662,从未跌破（观测期内）,2026-07-03,61.26,0.8248,0.3191,0.3375,0.8225,0.861,0.4376,0.5499
603811,诚意药业,34.83,False,7.6,7.5,11,3.33,-6.2,-1.18,1.39,0.2326,从未跌破（观测期内）,2026-07-03,57.87,0.6737,1.1288,0.3263,0.8042,0.9363,0.4561,0.5498
002485,ST雪发,31.82,False,5.85,5.04,14,18.92,-4.43,4.91,16.19,0.5955,从未跌破（观测期内）,2026-07-03,74.39,0.5093,1.1562,0.5159,0.7056,0.5691,0.1401,0.5495
603519,立霸股份,39.95,False,15.0,14.34,15,18.06,-6.69,6.2,4.57,0.508,从未跌破（观测期内）,2026-07-03,61.15,0.4632,1.1445,0.5864,0.6779,0.8634,0.0226,0.5487
605116,XD奥锐特,84.69,False,20.85,19.28,8,8.12,-10.47,-1.62,8.12,0.2898,从未跌破（观测期内）,2026-07-03,56.31,0.6954,0.7042,0.4633,0.8172,0.9709,0.2278,0.5486
600179,安通控股,177.28,False,4.59,4.58,17,6.55,-3.24,2.32,0.23,0.4031,从未跌破（观测期内）,2026-07-03,50.75,0.6533,0.6224,0.568,0.792,0.9056,0.0534,0.5484
000571,新大洲A,55.68,False,6.84,5.92,13,18.86,-7.41,4.3,15.56,0.5642,从未跌破（观测期内）,2026-07-03,73.53,0.697,1.2732,0.8332,0.8182,0.5882,0.0,0.5479
002805,丰元股份,74.33,False,26.66,25.11,14,33.72,-12.51,8.12,6.18,0.5803,从未跌破（观测期内）,2026-07-03,65.12,0.6558,0.1202,0.8638,0.6416,0.775,0.0,0.5475
000519,中兵红箭,278.79,False,20.02,20.15,19,14.86,-1.75,4.63,-0.63,0.4228,从未跌破（观测期内）,2026-07-03,54.66,0.8964,-0.0538,0.6235,0.7163,0.9925,0.0,0.5467
603330,天洋新材,37.86,False,8.75,8.21,15,30.76,-9.75,6.79,6.57,0.5727,从未跌破（观测期内）,2026-07-03,52.66,0.5089,0.0161,0.8649,0.5118,0.948,0.0,0.5466
000703,恒逸石化,553.63,False,14.56,13.7,9,25.15,-7.81,1.67,6.29,0.3422,从未跌破（观测期内）,2026-07-03,58.03,0.8216,0.9693,0.822,0.893,0.9327,0.0,0.5466
600843,上工申贝,41.2,False,8.78,8.28,14,10.21,-11.54,1.07,6.0,0.3996,从未跌破（观测期内）,2026-07-03,51.93,0.6669,0.7159,0.6862,0.8002,0.9317,0.0,0.5462
000623,吉林敖东,220.09,False,18.48,17.68,14,6.62,-5.97,1.09,4.52,0.3901,从未跌破（观测期内）,2026-07-03,58.83,0.7127,0.1488,0.4624,0.6871,0.9148,0.2293,0.5452
603032,德新科技,64.28,True,27.6,24.93,15,10.7,-8.05,2.63,10.7,0.5544,从未跌破（观测期内）,2026-07-03,69.41,0.7123,0.3059,0.7342,0.7497,0.6798,0.0,0.5451
002803,吉宏股份,71.8,False,24.13,23.44,14,22.69,-10.2,5.14,2.94,0.4248,从未跌破（观测期内）,2026-07-03,61.54,0.694,0.8546,0.6268,0.8164,0.8546,0.0,0.5449
603726,朗迪集团,65.48,False,35.45,28.73,14,24.63,-12.05,4.63,23.38,0.5884,从未跌破（观测期内）,2026-07-03,82.04,0.8636,1.7258,0.6929,0.9181,0.3992,0.0,0.5447
601990,南京证券,284.8,False,6.73,6.63,11,3.79,-7.24,-1.4,1.49,0.2173,从未跌破（观测期内）,2026-07-03,52.75,0.7553,0.5049,0.3851,0.8532,0.9499,0.3582,0.5439
002083,孚日股份,96.65,False,10.21,10.28,13,22.59,-10.31,3.52,-0.71,0.277,从未跌破（观测期内）,2026-07-03,56.26,0.9251,1.7457,0.7897,0.955,0.972,0.0,0.5439
601901,方正证券,602.59,False,7.32,6.93,13,11.08,-7.53,1.02,5.61,0.3726,从未跌破（观测期内）,2026-07-03,64.95,0.7618,0.2482,0.4062,0.7564,0.7788,0.3231,0.5424
000048,京基智农,112.42,False,21.24,19.55,22,36.04,1.02,19.44,8.64,0.8161,从未跌破（观测期内）,2026-07-03,60.03,0.146,-0.3364,0.9556,0.153,0.8881,0.0,0.5423
603125,常青科技,116.88,True,28.87,28.15,14,20.46,-7.94,7.11,2.55,0.4643,从未跌破（观测期内）,2026-07-03,65.55,0.6895,1.2817,0.7175,0.8137,0.7655,0.0,0.5422
603730,岱美股份,279.32,False,13.0,12.3,13,11.58,-11.76,-0.59,5.71,0.3349,从未跌破（观测期内）,2026-07-03,53.25,0.773,1.3319,0.8026,0.8638,0.961,0.0,0.5421
002415,海康威视,3075.78,True,34.0,32.26,13,9.95,-4.85,1.88,5.41,0.3915,从未跌破（观测期内）,2026-07-03,67.41,0.8631,0.2494,0.4575,0.8176,0.7243,0.2375,0.5415
600352,浙江龙盛,393.0,False,12.08,11.48,14,15.34,-8.29,3.06,5.23,0.4298,从未跌破（观测期内）,2026-07-03,58.21,0.5584,0.8466,0.702,0.7351,0.9286,0.0,0.5414
000751,锌业股份,79.38,False,5.63,5.45,13,18.14,-16.71,2.13,3.36,0.344,从未跌破（观测期内）,2026-07-03,57.8,0.7752,1.209,0.8739,0.8651,0.9377,0.0,0.5414
600178,东安动力,46.74,False,10.02,9.67,16,12.38,-9.62,1.36,3.62,0.3789,从未跌破（观测期内）,2026-07-03,49.78,0.7508,2.6978,0.7725,0.8505,0.884,0.0,0.541
002559,亚威股份,71.77,False,14.24,11.27,13,39.24,-9.49,6.51,26.32,0.6196,从未跌破（观测期内）,2026-07-03,78.96,0.6632,1.4806,0.772,0.7979,0.4676,0.0,0.5408
601995,中金公司,1063.58,False,36.38,34.5,13,9.63,-5.3,1.8,5.46,0.4006,从未跌破（观测期内）,2026-07-03,67.69,0.8201,0.1164,0.3945,0.7386,0.7179,0.3425,0.5398
002925,盈趣科技,174.14,True,23.82,22.79,21,13.11,-0.59,5.79,4.51,0.6218,从未跌破（观测期内）,2026-07-03,64.14,0.7136,-0.4214,0.5332,0.4596,0.7969,0.1113,0.5397
603156,养元饮品,561.71,False,44.57,44.04,14,14.47,-10.62,2.19,1.21,0.3078,从未跌破（观测期内）,2026-07-03,60.22,0.8104,0.2775,0.4385,0.7972,0.8841,0.2691,0.5396
601319,中国人保,2573.59,False,7.25,6.93,13,5.63,-6.11,0.5,4.56,0.3655,从未跌破（观测期内）,2026-07-03,53.98,0.6477,0.3407,0.5348,0.7249,0.9773,0.1087,0.5392
603995,甬金股份,86.32,False,23.74,21.9,19,22.0,-3.82,8.45,8.42,0.7239,从未跌破（观测期内）,2026-07-03,69.63,0.5065,-0.1141,0.6131,0.4583,0.6749,0.0,0.5391
002458,益生股份,87.55,False,9.06,8.19,9,15.69,-7.51,-0.48,10.59,0.3812,从未跌破（观测期内）,2026-07-03,64.0,0.8066,6.2169,0.5784,0.884,0.8,0.036,0.5389
002601,龙佰集团,332.13,False,16.71,15.95,15,15.4,-12.35,2.89,4.79,0.4309,从未跌破（观测期内）,2026-07-03,60.39,0.6015,0.9227,0.6025,0.7609,0.8801,0.0,0.5386
605289,罗曼股份,206.74,False,135.66,128.44,15,26.91,-5.35,9.42,5.62,0.6146,从未跌破（观测期内）,2026-07-03,65.9,0.4247,0.2744,0.8276,0.5646,0.7578,0.0,0.5386
002916,深南电路,3021.43,False,454.48,420.02,22,14.53,0.27,6.66,8.2,0.7383,从未跌破（观测期内）,2026-07-03,64.98,0.097,0.2218,0.759,0.3469,0.7782,0.0,0.5377
000551,创元科技,99.33,True,20.5,16.84,10,28.07,-12.01,4.14,21.7,0.5126,从未跌破（观测期内）,2026-07-03,78.7,0.9155,4.187,0.6701,0.9493,0.4733,0.0,0.537
603010,万盛股份,96.35,False,16.88,15.1,9,25.19,-7.35,3.74,11.77,0.4867,从未跌破（观测期内）,2026-07-03,70.39,0.7376,0.8595,0.697,0.8426,0.658,0.0,0.5369
002876,三利谱,47.05,False,31.59,32.61,20,13.35,-3.13,5.4,-3.13,0.4116,从未跌破（观测期内）,2026-07-03,56.68,0.6828,0.2582,0.5974,0.713,0.9628,0.0043,0.5361
000920,沃顿科技,63.33,True,13.4,14.09,21,19.8,-4.88,9.66,-4.88,0.4536,从未跌破（观测期内）,2026-07-03,45.27,0.6529,0.852,0.885,0.7918,0.7837,0.0,0.5361
002472,双环传动,351.91,False,47.01,41.96,11,12.04,-10.17,-0.46,12.04,0.4139,从未跌破（观测期内）,2026-07-03,64.06,0.7382,1.3441,0.7165,0.8429,0.7986,0.0,0.536
002145,钛能化学,178.52,False,4.69,4.59,13,12.33,-5.76,2.58,2.27,0.3281,从未跌破（观测期内）,2026-07-03,58.61,0.7971,1.2603,0.6102,0.8782,0.9199,0.0,0.5348
603006,联明股份,37.68,False,14.82,13.7,13,8.15,-7.05,1.05,8.15,0.4469,从未跌破（观测期内）,2026-07-03,75.96,0.8427,0.3141,0.4358,0.8313,0.5342,0.2737,0.5345
000700,模塑科技,161.57,True,17.6,15.44,11,21.15,-9.84,2.27,14.01,0.4817,从未跌破（观测期内）,2026-07-03,69.56,0.7088,0.6832,0.7403,0.8253,0.6764,0.0,0.5343
603014,威高血净,36.51,False,35.98,34.08,12,12.24,-11.53,0.13,5.58,0.3337,从未跌破（观测期内）,2026-07-03,48.48,0.8592,3.6284,0.8243,0.9155,0.8551,0.0,0.5334
002673,西部证券,299.46,False,6.7,6.53,11,4.23,-7.2,-0.82,2.59,0.2545,从未跌破（观测期内）,2026-07-03,57.14,0.7115,0.279,0.376,0.7385,0.9524,0.3734,0.5329
002687,乔治白,23.36,False,5.65,4.61,10,22.6,-7.66,3.62,22.6,0.4995,从未跌破（观测期内）,2026-07-03,72.67,0.7409,1.5631,0.7854,0.8445,0.6074,0.0,0.5324
002132,恒星科技,77.79,True,5.56,5.41,11,7.95,-3.58,1.08,2.75,0.3184,从未跌破（观测期内）,2026-07-03,58.85,0.678,1.2122,0.5216,0.8068,0.9144,0.1307,0.5315
002718,友邦吊顶,104.31,False,110.99,106.84,22,21.0,3.03,11.77,3.89,0.6972,从未跌破（观测期内）,2026-07-03,63.25,0.2881,-0.4041,0.4557,0.2112,0.8167,0.2405,0.5311
601236,红塔证券,328.06,False,6.99,6.85,10,3.57,-5.76,-0.25,2.09,0.2738,从未跌破（观测期内）,2026-07-03,55.14,0.5233,0.569,0.427,0.714,0.997,0.2884,0.5307
603068,博通集成,59.12,False,38.95,36.08,11,14.22,-11.78,1.23,7.95,0.4046,从未跌破（观测期内）,2026-07-03,72.99,0.87,1.1331,0.527,0.922,0.6002,0.1216,0.5306
002810,山东赫达,82.4,False,25.52,23.99,14,11.39,-13.86,-0.04,6.4,0.3817,从未跌破（观测期内）,2026-07-03,61.51,0.6245,0.7931,0.5488,0.7747,0.8553,0.0854,0.5302
600579,中化装备,39.04,False,7.91,7.34,15,15.7,-8.52,4.34,7.71,0.54,从未跌破（观测期内）,2026-07-03,68.68,0.4986,2.1108,0.7233,0.6992,0.696,0.0,0.53
002517,恺英网络,319.63,True,16.92,15.29,9,10.68,-10.76,-1.88,10.68,0.3461,从未跌破（观测期内）,2026-07-03,72.03,0.7909,0.7052,0.4098,0.8746,0.6215,0.3169,0.5289
603903,中持股份,36.13,False,14.15,12.27,9,15.3,-10.33,1.13,15.3,0.4215,从未跌破（观测期内）,2026-07-03,70.8,0.87,4.3666,0.6215,0.922,0.6489,0.0,0.5289
002393,力生制药,45.33,False,15.1,14.36,6,5.19,-7.11,-2.07,5.19,0.2179,从未跌破（观测期内）,2026-07-03,60.15,0.6699,1.1448,0.3459,0.802,0.8856,0.4235,0.5283
603358,华达科技,203.36,True,44.04,39.44,17,12.36,-5.45,3.78,11.68,0.615,从未跌破（观测期内）,2026-07-03,65.86,0.3041,0.3158,0.5882,0.5088,0.7586,0.0196,0.5279
603127,昭衍新药,255.67,False,40.56,35.43,11,17.75,-15.42,0.25,14.47,0.4313,从未跌破（观测期内）,2026-07-03,73.47,0.9151,0.5389,0.614,0.9491,0.5895,0.0,0.5277
603725,天安新材,42.38,False,13.9,11.76,12,18.23,-11.2,1.31,18.23,0.4736,从未跌破（观测期内）,2026-07-03,74.84,0.8421,0.8017,0.847,0.9053,0.5592,0.0,0.5276
600667,太极实业,626.63,False,29.96,21.94,22,56.12,9.35,29.9,36.52,0.85,从未跌破（观测期内）,2026-07-03,79.14,0.2695,0.0435,1.0382,0.3791,0.4635,0.0,0.5275
600857,宁波中百,47.78,False,21.3,16.98,17,35.48,-4.33,9.86,25.43,0.7669,从未跌破（观测期内）,2026-07-03,75.67,0.5675,-0.227,0.8232,0.4497,0.5406,0.0,0.5273
603886,元祖股份,31.46,False,13.11,12.68,21,16.42,-0.6,6.96,3.37,0.5923,从未跌破（观测期内）,2026-07-03,57.18,-0.0267,1.5093,0.6689,0.4,0.9516,0.0,0.5272
002741,光华科技,142.15,True,33.34,34.06,20,37.77,-2.1,13.48,-2.1,0.5156,从未跌破（观测期内）,2026-07-03,56.29,0.3706,0.2105,1.0706,0.5065,0.9714,0.0,0.5272
000750,国海证券,219.1,False,3.78,3.68,13,5.21,-6.78,-0.38,2.63,0.2934,从未跌破（观测期内）,2026-07-03,58.2,0.7215,0.2888,0.4552,0.7484,0.929,0.2414,0.5265
603019,中科曙光,1355.96,False,92.68,89.43,11,22.15,-14.29,0.72,3.63,0.2837,从未跌破（观测期内）,2026-07-03,60.95,0.9284,1.0451,0.6947,0.9571,0.8677,0.0,0.5263
600826,兰生股份,70.02,False,9.52,9.31,15,13.96,-4.82,2.84,2.29,0.3671,从未跌破（观测期内）,2026-07-03,46.97,0.7648,1.4206,0.6175,0.8589,0.8215,0.0,0.5258
603917,合力科技,26.91,True,13.2,12.06,7,9.49,-5.52,-0.66,9.49,0.359,从未跌破（观测期内）,2026-07-03,68.08,0.7074,0.4903,0.4637,0.8206,0.7093,0.2271,0.5247
002386,天原股份,80.95,False,6.22,5.92,11,8.48,-9.08,0.05,5.13,0.3044,从未跌破（观测期内）,2026-07-03,60.3,0.678,0.8961,0.5012,0.8068,0.8822,0.1647,0.5246
600196,复星医药,493.4,False,23.29,22.21,6,4.88,-7.93,-2.02,4.88,0.1975,从未跌破（观测期内）,2026-07-03,58.06,0.6877,0.589,0.3762,0.8126,0.932,0.3729,0.5245
002861,瀛通通讯,33.31,False,22.18,19.93,13,20.78,-4.02,5.99,11.29,0.6067,从未跌破（观测期内）,2026-07-03,75.91,0.3992,0.3134,0.4656,0.5649,0.5352,0.224,0.5245
605389,长龄液压,176.3,False,99.52,90.77,14,15.2,-5.92,3.23,9.64,0.5446,从未跌破（观测期内）,2026-07-03,71.15,0.6009,0.1063,0.4902,0.603,0.641,0.183,0.5242
002728,特一药业,46.97,False,9.37,8.48,8,14.55,-8.68,-0.73,10.44,0.359,从未跌破（观测期内）,2026-07-03,65.71,0.854,3.0429,0.635,0.9124,0.7619,0.0,0.5241
001400,江顺科技,57.89,True,125.21,113.18,9,10.63,-15.57,-1.5,10.63,0.3558,从未跌破（观测期内）,2026-07-03,63.6,0.7991,2.2568,0.8839,0.8794,0.8089,0.0,0.524
002550,千红制药,64.38,False,6.84,6.12,7,12.59,-7.77,-0.81,11.72,0.341,从未跌破（观测期内）,2026-07-03,65.31,0.8848,2.7363,0.6353,0.9309,0.771,0.0,0.5233
603055,台华新材,77.17,False,8.7,8.16,5,6.62,-5.48,-1.73,6.62,0.2646,从未跌破（观测期内）,2026-07-03,56.67,0.6138,2.8078,0.4692,0.7683,0.963,0.2181,0.5232
603173,福斯达,62.1,False,38.81,34.86,8,11.34,-8.45,-0.03,11.34,0.3766,从未跌破（观测期内）,2026-07-03,73.11,0.8098,1.9964,0.474,0.8859,0.5976,0.2099,0.5231
000810,创维数字,143.38,False,12.91,11.85,13,14.94,-13.88,1.66,8.91,0.4711,从未跌破（观测期内）,2026-07-03,76.04,0.799,1.1293,0.5762,0.8794,0.5325,0.0396,0.5208
002670,国盛证券,200.81,False,12.37,11.69,10,7.06,-8.91,-0.24,5.82,0.3001,从未跌破（观测期内）,2026-07-03,58.03,0.7618,3.0415,0.6162,0.8571,0.9327,0.0,0.5208
601099,太平洋,236.53,False,3.47,3.34,11,6.47,-8.83,-0.95,3.78,0.2459,从未跌破（观测期内）,2026-07-03,58.82,0.7483,0.4357,0.466,0.8233,0.915,0.2233,0.5207
000756,新华制药,72.29,False,14.49,13.04,8,14.37,-9.31,-0.99,11.13,0.3524,从未跌破（观测期内）,2026-07-03,64.35,0.8057,7.2096,0.7113,0.8834,0.7922,0.0,0.5203
002939,长城证券,305.51,False,8.48,8.32,11,4.84,-10.58,-1.75,1.86,0.1777,从未跌破（观测期内）,2026-07-03,55.65,0.7555,0.4175,0.414,0.8203,0.9857,0.3101,0.5198
605008,长鸿高科,76.22,False,11.8,11.22,9,5.18,-9.02,-1.35,5.18,0.2708,从未跌破（观测期内）,2026-07-03,58.74,0.4979,1.1938,0.3869,0.6987,0.917,0.3551,0.5197
002603,以岭药业,215.01,False,15.62,15.13,8,3.21,-7.19,-1.27,3.21,0.2291,从未跌破（观测期内）,2026-07-03,54.74,0.6646,0.2355,0.3785,0.693,0.9942,0.3692,0.5191
002452,长高电气,66.62,False,12.93,11.68,8,13.63,-6.8,1.47,10.74,0.4141,从未跌破（观测期内）,2026-07-03,71.71,0.7923,0.5125,0.5666,0.8754,0.6288,0.0557,0.5186
002046,国机精工,381.68,False,71.99,66.01,22,25.01,0.86,11.77,9.05,0.8263,从未跌破（观测期内）,2026-07-03,68.55,0.1473,-0.238,0.8677,0.1932,0.6988,0.0,0.5186
603580,*ST艾艾,39.37,False,30.13,24.55,10,22.72,-8.99,1.1,22.72,0.4365,从未跌破（观测期内）,2026-07-03,72.7,0.817,4.7377,0.6875,0.8902,0.6066,0.0,0.5185
002179,中航光电,887.84,False,42.35,40.42,15,17.09,-8.85,3.94,4.77,0.4564,从未跌破（观测期内）,2026-07-03,69.03,0.711,0.3414,0.5701,0.7632,0.6883,0.0498,0.5185
000931,中 关 村,31.99,False,4.26,4.16,10,6.94,-6.41,-1.31,2.37,0.2143,从未跌破（观测期内）,2026-07-03,58.18,0.8085,0.1566,0.3611,0.7478,0.9293,0.3982,0.5182
600516,方大炭素,233.1,False,5.79,6.04,19,17.4,-4.07,7.06,-4.07,0.377,从未跌破（观测期内）,2026-07-03,51.31,0.5577,2.9222,0.865,0.7346,0.918,0.0,0.518
603698,航天工程,226.46,False,42.25,35.24,11,30.83,-15.34,1.65,19.89,0.4663,从未跌破（观测期内）,2026-07-03,74.17,0.7774,1.7598,0.7337,0.8664,0.5741,0.0,0.5179
600428,中远海特,211.03,False,8.63,8.05,16,7.26,-4.93,1.56,7.26,0.5226,从未跌破（观测期内）,2026-07-03,61.35,0.4817,-0.1404,0.4853,0.4328,0.8589,0.1911,0.5177
603350,安乃达,14.26,False,32.32,30.91,9,7.05,-11.3,-2.44,4.55,0.1961,从未跌破（观测期内）,2026-07-03,61.8,0.8069,1.8657,0.4065,0.8841,0.8489,0.3226,0.5176
603638,XD艾迪精,243.11,False,27.9,23.93,11,16.58,-10.77,0.18,16.58,0.4295,从未跌破（观测期内）,2026-07-03,70.4,0.759,5.7113,0.6279,0.8554,0.6579,0.0,0.5172
603207,小方制药,12.88,False,23.59,22.33,6,5.65,-8.86,-2.58,5.65,0.1897,从未跌破（观测期内）,2026-07-03,60.25,0.7018,0.9831,0.365,0.8211,0.8833,0.3916,0.5165
600877,电科芯片,198.33,True,16.75,14.98,9,19.53,-13.79,0.69,11.81,0.4105,从未跌破（观测期内）,2026-07-03,73.71,0.8987,0.9439,0.6105,0.9392,0.5843,0.0,0.5159
601336,新华保险,1324.67,False,63.52,60.69,15,8.92,-7.25,1.56,4.66,0.3939,从未跌破（观测期内）,2026-07-03,53.5,0.6155,0.2211,0.6676,0.6577,0.9667,0.0,0.5153
002171,楚江新材,211.24,False,13.09,14.05,18,25.65,-6.82,8.77,-6.82,0.335,从未跌破（观测期内）,2026-07-03,47.43,0.7667,0.7446,0.8059,0.86,0.8317,0.0,0.5153
603949,雪龙集团,37.94,False,18.05,16.43,13,13.21,-10.19,0.87,9.88,0.4755,从未跌破（观测期内）,2026-07-03,76.8,0.6774,0.8486,0.5188,0.8065,0.5155,0.1354,0.5152
600380,健康元,183.68,False,10.04,9.65,7,4.04,-5.54,-1.43,4.04,0.2532,从未跌破（观测期内）,2026-07-03,54.44,0.3341,0.8452,0.3389,0.6005,0.9875,0.4351,0.5142
600182,S佳通,25.01,False,14.71,13.69,8,7.45,-7.33,-0.99,7.45,0.3313,从未跌破（观测期内）,2026-07-03,60.32,0.375,2.8978,0.4039,0.625,0.8818,0.3269,0.5142
601555,东吴证券,404.95,False,8.15,7.82,13,6.63,-8.23,-0.2,4.19,0.3154,从未跌破（观测期内）,2026-07-03,58.94,0.6097,0.2278,0.4358,0.6569,0.9124,0.2737,0.5139
605296,神农集团,150.73,False,29.1,26.44,6,12.54,-11.72,-1.26,10.08,0.3138,从未跌破（观测期内）,2026-07-03,66.1,0.7967,0.6279,0.531,0.878,0.7533,0.1151,0.513
603269,海鸥股份,68.85,False,15.94,16.09,16,11.29,-2.98,2.16,-0.92,0.3209,从未跌破（观测期内）,2026-07-03,48.15,0.7667,0.6757,0.7134,0.86,0.8477,0.0,0.5129
000777,中核科技,72.27,True,18.85,18.09,11,22.76,-10.43,0.05,4.19,0.2811,从未跌破（观测期内）,2026-07-03,58.71,0.7786,1.7224,0.9109,0.8672,0.9176,0.0,0.5127
002536,飞龙股份,282.87,False,51.96,44.87,14,22.14,-11.63,4.11,15.81,0.5754,从未跌破（观测期内）,2026-07-03,66.08,0.3963,0.2127,0.8909,0.5229,0.7537,0.0,0.5116
000422,湖北宜化,150.11,False,14.19,13.66,10,11.16,-11.11,-0.82,3.89,0.2357,从未跌破（观测期内）,2026-07-03,55.8,0.803,1.393,0.676,0.8818,0.9822,0.0,0.5112
000566,海南海药,79.62,False,6.14,4.34,9,42.81,-9.98,4.18,41.54,0.4977,从未跌破（观测期内）,2026-07-03,81.74,0.8717,17.1205,0.9082,0.923,0.4057,0.0,0.511
002208,合肥城建,154.35,False,19.22,17.25,10,19.98,-20.86,-3.02,11.44,0.3335,从未跌破（观测期内）,2026-07-03,65.09,0.8136,0.5871,0.9557,0.8882,0.7758,0.0,0.5106
603856,东宏股份,38.95,False,13.81,12.75,16,10.64,-2.44,3.75,8.31,0.5817,从未跌破（观测期内）,2026-07-03,65.59,0.4715,-0.4135,0.4181,0.3175,0.7646,0.3032,0.5104
002191,劲嘉股份,54.29,False,3.87,3.92,16,9.09,-2.14,1.79,-1.28,0.3316,从未跌破（观测期内）,2026-07-03,52.08,0.7614,0.0115,0.4998,0.6614,0.9352,0.167,0.5101
002427,尤夫股份,48.73,False,4.95,4.64,8,15.51,-10.41,-1.32,6.75,0.263,从未跌破（观测期内）,2026-07-03,59.03,0.8099,2.8087,0.7324,0.8859,0.9105,0.0,0.5088
603313,梦百合,33.44,False,5.86,5.49,8,14.77,-8.72,-0.96,6.65,0.2695,从未跌破（观测期内）,2026-07-03,58.57,0.7775,0.5082,0.72,0.8665,0.9207,0.0,0.5086
605178,时空科技,118.96,True,120.06,78.14,11,53.64,-8.05,12.54,53.64,0.675,从未跌破（观测期内）,2026-07-03,95.99,0.804,0.9413,0.7413,0.8824,0.0892,0.0,0.5084
002332,仙琚制药,82.51,False,8.38,8.3,7,2.7,-3.99,-0.89,0.97,0.2049,从未跌破（观测期内）,2026-07-03,41.09,0.6755,0.5446,0.2525,0.8053,0.6908,0.5792,0.5083
001389,广合科技,309.28,True,203.0,196.24,13,23.26,-5.85,4.08,3.45,0.3949,从未跌破（观测期内）,2026-07-03,58.09,0.7976,-0.0563,0.9307,0.656,0.9314,0.0,0.5082
002915,中欣氟材,61.53,False,21.36,20.8,12,13.64,-9.77,-0.04,2.68,0.257,从未跌破（观测期内）,2026-07-03,48.9,0.8804,3.314,0.7775,0.9283,0.8645,0.0,0.5077
603223,恒通股份,99.87,False,14.15,10.83,11,30.62,-7.68,7.4,30.62,0.6099,从未跌破（观测期内）,2026-07-03,95.04,0.7869,1.3078,0.5072,0.8721,0.1103,0.1547,0.5073
603067,振华股份,334.7,False,44.3,39.05,10,29.42,-16.57,3.03,13.43,0.4848,从未跌破（观测期内）,2026-07-03,68.7,0.6761,0.2261,1.039,0.6961,0.6955,0.0,0.5071
605366,宏柏新材,92.2,False,11.93,11.51,8,30.74,-12.74,1.63,3.69,0.2603,从未跌破（观测期内）,2026-07-03,59.85,0.8305,2.0056,0.9629,0.8983,0.8923,0.0,0.5071
605186,健麾信息,45.23,True,33.26,32.42,18,25.21,-4.64,10.56,2.58,0.6009,从未跌破（观测期内）,2026-07-03,46.25,0.3765,-0.009,0.6363,0.4223,0.8055,0.0,0.507
603281,江瀚新材,132.3,False,25.51,26.23,13,17.25,-12.99,2.86,-2.74,0.2096,从未跌破（观测期内）,2026-07-03,54.94,0.8229,3.5159,0.7103,0.8937,0.9987,0.0,0.507
002446,盛路通信,94.02,True,11.09,10.96,17,13.75,-8.67,3.16,1.19,0.3791,从未跌破（观测期内）,2026-07-03,55.8,0.3896,0.8888,0.7465,0.6338,0.9823,0.0,0.5065
603166,福达股份,91.24,False,14.24,14.39,11,21.35,-10.97,3.07,-1.07,0.2248,从未跌破（观测期内）,2026-07-03,56.0,0.8071,5.1479,0.8329,0.8843,0.9777,0.0,0.5065
002120,韵达股份,191.71,False,6.81,6.43,3,8.1,-8.07,-2.87,5.95,0.1335,从未跌破（观测期内）,2026-07-03,61.49,0.842,0.5154,0.3773,0.9052,0.8558,0.3711,0.5065
000963,华东医药,526.78,False,30.05,28.43,10,5.69,-8.13,-0.75,5.69,0.3077,从未跌破（观测期内）,2026-07-03,54.64,0.4157,2.0178,0.5106,0.6494,0.9919,0.149,0.5062
003017,大洋生物,19.63,False,23.61,22.28,5,8.24,-10.29,-3.24,5.95,0.1474,从未跌破（观测期内）,2026-07-03,62.27,0.8437,1.6719,0.3908,0.9062,0.8385,0.3486,0.5055
600171,上海贝岭,204.38,False,28.83,28.67,12,14.02,-9.45,0.81,0.54,0.2248,从未跌破（观测期内）,2026-07-03,60.02,0.9175,0.9409,0.6085,0.9505,0.8886,0.0,0.5053
001339,智微智能,157.85,True,97.5,90.55,13,26.67,-7.6,7.49,7.68,0.5859,从未跌破（观测期内）,2026-07-03,67.53,0.7412,-0.3462,0.8006,0.5062,0.7217,0.0,0.5052
600688,上海石化,214.0,False,2.92,3.04,14,18.24,-4.81,2.24,-3.82,0.1831,从未跌破（观测期内）,2026-07-03,50.68,0.7433,0.553,0.4416,0.846,0.9041,0.264,0.5052
603938,三孚股份,247.94,False,64.8,62.48,22,35.38,3.71,18.04,3.71,0.6928,从未跌破（观测期内）,2026-07-03,61.9,0.0592,-0.0031,1.0416,0.2343,0.8467,0.0,0.505
603983,丸美生物,116.93,False,29.16,23.63,6,26.22,-8.69,1.51,23.42,0.3831,从未跌破（观测期内）,2026-07-03,75.8,0.9615,4.842,0.6655,0.9769,0.5377,0.0,0.505
000915,华特达因,59.39,False,25.36,25.5,9,3.26,-3.75,-0.22,-0.55,0.211,从未跌破（观测期内）,2026-07-03,47.31,0.6629,0.3354,0.3146,0.7319,0.8291,0.4757,0.5046
601375,中原证券,140.31,False,4.07,4.0,11,4.66,-5.41,0.53,1.74,0.3028,从未跌破（观测期内）,2026-07-03,56.49,0.5527,0.155,0.4338,0.5936,0.9669,0.277,0.5045
603386,骏亚科技,60.89,True,18.66,18.66,21,15.31,-0.03,7.29,-0.03,0.5469,从未跌破（观测期内）,2026-07-03,60.23,0.5789,-0.4032,0.55,0.3861,0.8838,0.0833,0.5045
603722,阿科力,37.9,False,39.6,37.13,10,6.66,-10.45,-1.72,6.66,0.2825,从未跌破（观测期内）,2026-06-26,61.91,0.8125,1.2177,0.6685,0.8875,0.8465,0.0,0.5042
601019,山东出版,144.41,False,6.92,6.65,2,4.12,-4.76,-2.46,4.12,0.1657,从未跌破（观测期内）,2026-07-03,53.9,0.5108,0.3645,0.2823,0.6523,0.9756,0.5295,0.5039
600379,宝光股份,51.61,False,15.63,13.38,9,17.34,-17.49,-0.77,16.77,0.374,从未跌破（观测期内）,2026-07-03,72.46,0.8774,0.6734,0.7385,0.9265,0.6121,0.0,0.5036
600584,长电科技,1626.22,True,90.88,86.44,18,29.8,-7.73,10.7,5.14,0.6648,从未跌破（观测期内）,2026-07-03,65.65,0.4288,-0.2962,0.9947,0.3388,0.7633,0.0,0.5033
601958,金钼股份,806.97,False,25.01,26.22,17,24.06,-8.08,7.8,-4.61,0.3503,从未跌破（观测期内）,2026-07-03,48.63,0.8021,0.2105,0.983,0.7654,0.8584,0.0,0.5032
002378,章源钨业,392.24,False,32.82,34.6,18,26.57,-5.16,8.49,-5.16,0.3697,从未跌破（观测期内）,2026-07-03,47.0,0.604,0.542,0.9539,0.7624,0.8222,0.0,0.5029
600058,五矿发展,115.23,False,10.75,10.69,16,14.62,-11.23,2.27,0.59,0.3261,从未跌破（观测期内）,2026-07-03,53.95,0.5104,0.7964,0.8032,0.7062,0.9768,0.0,0.5024
000987,越秀资本,407.58,False,8.13,7.69,10,7.7,-10.11,-1.08,5.72,0.2751,从未跌破（观测期内）,2026-07-03,61.66,0.7832,0.7522,0.5854,0.8699,0.8521,0.0243,0.5016
601369,陕鼓动力,154.41,False,9.05,8.92,9,5.18,-8.2,-0.69,1.5,0.2052,从未跌破（观测期内）,2026-06-26,54.07,0.6763,1.9042,0.514,0.8058,0.9794,0.1433,0.5009
603290,斯达半导,309.76,False,129.35,127.87,13,22.65,-14.45,3.02,1.15,0.3112,从未跌破（观测期内）,2026-07-03,63.2,0.8807,0.3024,0.8261,0.8494,0.8177,0.0,0.5004
002038,双鹭药业,54.44,False,6.39,5.55,7,21.65,-10.81,-2.28,15.2,0.3044,从未跌破（观测期内）,2026-07-03,63.21,0.7674,2.2947,0.7859,0.8604,0.8175,0.0,0.5004
002850,科达利,474.12,False,226.16,190.82,13,18.52,-10.49,1.01,18.52,0.4822,从未跌破（观测期内）,2026-07-03,69.01,0.4619,1.2853,0.6498,0.6771,0.6887,0.0,0.4999
600520,三佳科技,57.19,True,36.1,32.51,12,26.47,-12.01,3.94,11.03,0.5394,从未跌破（观测期内）,2026-07-03,76.66,0.7892,0.1206,0.7044,0.7217,0.5186,0.0,0.4999
000056,*ST皇庭,20.24,False,2.24,1.91,22,24.59,1.95,13.22,17.28,0.85,从未跌破（观测期内）,2026-07-03,76.0,0.0534,-0.0576,0.6686,0.209,0.5333,0.0,0.4989
603203,快克智能,190.13,True,58.7,63.18,20,32.62,-7.09,12.78,-7.09,0.3909,从未跌破（观测期内）,2026-07-03,54.25,0.3479,0.4347,1.0221,0.5826,0.9833,0.0,0.4987
603992,松霖科技,145.18,True,32.77,32.03,16,10.21,-4.66,2.7,2.3,0.4018,从未跌破（观测期内）,2026-07-03,47.52,0.4731,0.5457,0.6736,0.6839,0.8339,0.0,0.4984
002662,峰璟股份,56.25,False,3.75,3.6,14,14.77,-9.67,1.8,4.31,0.3756,从未跌破（观测期内）,2026-07-03,66.23,0.7044,0.1941,0.5082,0.7003,0.7506,0.153,0.4984
603727,博迈科,47.81,False,16.97,16.12,13,23.2,-12.81,1.52,5.29,0.3772,从未跌破（观测期内）,2026-07-03,67.66,0.6902,0.67,0.6884,0.8141,0.7186,0.0,0.4981
002137,实益达,41.31,False,10.42,10.43,19,18.83,-5.23,8.29,-0.1,0.5071,从未跌破（观测期内）,2026-07-03,59.41,0.0985,0.6285,0.8848,0.4591,0.9019,0.0,0.498
002468,申通快递,238.8,False,16.31,14.17,5,18.35,-10.46,-1.88,15.11,0.2826,从未跌破（观测期内）,2026-07-03,70.16,0.8236,0.5585,0.4857,0.8941,0.6631,0.1905,0.4978
600671,天目药业,22.48,False,18.46,16.99,8,8.66,-10.39,-2.68,8.66,0.2768,从未跌破（观测期内）,2026-07-03,64.61,0.7651,2.4216,0.5401,0.8591,0.7864,0.0998,0.4977
002023,海特高新,94.09,False,12.7,12.44,14,17.2,-9.72,2.88,2.07,0.3465,从未跌破（观测期内）,2026-07-03,60.38,0.5519,0.7027,0.6398,0.7312,0.8804,0.0,0.4975
002289,*ST宇顺,128.35,False,46.77,42.4,13,16.64,-7.85,2.11,10.31,0.5096,从未跌破（观测期内）,2026-07-03,67.1,0.5347,0.1713,0.6305,0.5893,0.7312,0.0,0.4974
603466,风语筑,69.18,False,11.63,10.82,9,11.89,-11.78,-0.89,7.48,0.3079,从未跌破（观测期内）,2026-07-03,51.63,0.5946,0.6472,0.8394,0.7568,0.9251,0.0,0.4974
603002,宏昌电子,253.81,True,22.38,21.52,21,40.53,-7.73,15.43,4.0,0.6841,从未跌破（观测期内）,2026-07-03,63.88,0.3286,-0.3631,1.1125,0.252,0.8026,0.0,0.4972
600862,中航高科,260.5,False,18.7,18.06,11,6.5,-8.62,-1.24,3.56,0.2329,从未跌破（观测期内）,2026-07-03,50.51,0.6583,1.1866,0.4995,0.795,0.9002,0.1675,0.4971
600109,国金证券,330.15,False,8.91,8.58,15,7.47,-11.24,0.16,3.85,0.3388,从未跌破（观测期内）,2026-07-03,57.84,0.4001,0.3253,0.474,0.5702,0.937,0.21,0.4969
605305,中际联合,97.72,False,45.98,39.88,10,15.31,-9.74,-0.14,15.31,0.4057,从未跌破（观测期内）,2026-07-03,71.25,0.7113,1.095,0.6574,0.8268,0.6389,0.0,0.4968
002155,湖南黄金,405.16,False,25.93,24.99,9,17.12,-10.13,0.01,3.77,0.2378,从未跌破（观测期内）,2026-07-03,56.63,0.7246,0.8432,0.718,0.8348,0.9638,0.0,0.4966
002080,中材科技,1427.92,True,85.09,77.68,14,35.18,-12.15,9.14,9.55,0.69,从未跌破（观测期内）,2026-07-03,65.91,0.3249,-0.3098,1.0692,0.271,0.7576,0.0,0.4953
000989,九芝堂,57.68,False,8.31,7.97,6,4.25,-6.94,-1.71,4.25,0.2126,从未跌破（观测期内）,2026-07-03,57.02,0.4568,0.4992,0.3981,0.6737,0.9551,0.3365,0.495
002367,康力电梯,55.7,False,7.01,6.02,10,20.63,-8.3,4.09,16.41,0.5114,从未跌破（观测期内）,2026-07-03,81.18,0.7045,0.6575,0.5957,0.8227,0.4182,0.0071,0.4949
002254,泰和新材,141.89,False,16.68,17.83,18,26.83,-6.47,10.02,-6.47,0.3747,从未跌破（观测期内）,2026-07-03,44.45,0.6064,0.873,1.1263,0.7638,0.7656,0.0,0.494
001256,炜冈科技,31.79,True,29.73,25.56,16,21.06,-10.0,4.46,16.32,0.6162,从未跌破（观测期内）,2026-07-03,86.64,0.5868,3.8383,0.6467,0.7521,0.297,0.0,0.4939
603679,华体科技,36.3,True,20.43,19.58,18,19.39,-4.99,6.82,4.32,0.5649,从未跌破（观测期内）,2026-07-03,62.39,0.2675,-0.1147,0.5129,0.3147,0.8357,0.1451,0.4935
600511,国药股份,149.07,False,26.94,26.64,11,3.1,-3.56,0.14,1.13,0.2924,从未跌破（观测期内）,2026-07-03,48.8,0.4143,0.0039,0.2344,0.4502,0.8623,0.6093,0.4933
002275,桂林三金,73.37,False,13.17,12.61,2,4.47,-5.43,-2.67,4.47,0.1557,从未跌破（观测期内）,2026-07-03,56.55,0.4644,0.6735,0.3279,0.6786,0.9656,0.4536,0.4931
002266,浙富控股,256.66,False,5.3,4.92,10,7.69,-13.35,-1.95,7.69,0.3027,从未跌破（观测期内）,2026-07-03,61.97,0.6803,1.2289,0.6129,0.8082,0.8451,0.0,0.4921
603678,火炬电子,406.51,True,85.48,69.63,22,59.18,6.02,26.8,22.76,0.85,从未跌破（观测期内）,2026-07-03,74.83,-0.2625,-0.1067,1.0226,0.1573,0.5593,0.0,0.4912
603823,百合花,249.32,False,59.88,47.71,22,53.3,14.16,36.01,25.51,0.85,从未跌破（观测期内）,2026-07-03,74.19,-0.2996,-0.1365,0.8905,0.1454,0.5736,0.0,0.4911
605358,立昂微,499.38,False,64.67,70.6,21,27.41,-8.39,12.62,-8.39,0.3743,从未跌破（观测期内）,2026-07-03,48.23,0.4741,0.6623,0.8524,0.6845,0.8496,0.0,0.4907
001358,兴欣新材,13.52,False,27.2,25.13,7,13.43,-12.72,-3.03,8.25,0.2418,从未跌破（观测期内）,2026-07-03,60.8,0.7978,3.535,0.6126,0.8787,0.8711,0.0,0.4906
002859,洁美科技,399.49,True,93.27,93.24,22,50.51,0.04,20.0,0.04,0.6009,从未跌破（观测期内）,2026-07-03,60.55,0.304,-0.2081,1.1714,0.2992,0.8767,0.0,0.4905
001282,三联锻造,29.61,False,19.39,19.49,11,20.5,-12.4,1.4,-0.52,0.197,从未跌破（观测期内）,2026-07-03,60.22,0.8988,2.4747,0.6878,0.9393,0.8841,0.0,0.4904
000541,佛山照明,64.01,False,5.24,5.02,13,9.77,-6.19,0.45,4.39,0.3319,从未跌破（观测期内）,2026-07-03,64.25,0.673,0.2214,0.4979,0.6924,0.7945,0.1701,0.4903
600529,山东药玻,123.83,False,18.66,18.56,9,6.69,-4.33,-0.1,0.53,0.2221,从未跌破（观测期内）,2026-07-03,57.4,0.7894,-0.3158,0.2994,0.5473,0.9467,0.501,0.4902
000034,神州数码,237.51,False,27.97,25.52,13,11.23,-16.68,-2.02,9.62,0.3968,从未跌破（观测期内）,2026-07-03,70.77,0.6697,0.6332,0.7501,0.8018,0.6496,0.0,0.4891
600237,铜峰电子,73.77,True,11.81,12.02,19,23.48,-6.8,10.09,-1.73,0.5089,从未跌破（观测期内）,2026-07-03,61.03,0.4996,-0.1273,1.0383,0.4488,0.866,0.0,0.489
600353,旭光电子,369.07,True,44.53,38.62,22,69.55,7.21,30.45,15.31,0.85,从未跌破（观测期内）,2026-07-03,68.91,-0.0138,-0.394,1.1045,0.0424,0.6909,0.0,0.4888
603005,晶方科技,282.91,True,43.38,46.99,20,19.33,-7.68,9.5,-7.68,0.3639,从未跌破（观测期内）,2026-07-03,53.83,0.5235,0.1995,0.8382,0.5939,0.9739,0.0,0.4888
600390,五矿资本,215.01,False,4.78,4.69,10,3.75,-7.68,-1.64,2.02,0.2122,从未跌破（观测期内）,2026-07-03,54.12,0.6188,0.3683,0.4875,0.7186,0.9804,0.1875,0.4887
600812,华北制药,78.75,False,4.59,4.4,6,4.37,-8.89,-2.37,4.37,0.1844,从未跌破（观测期内）,2026-07-03,54.26,0.4089,0.5658,0.3737,0.6453,0.9836,0.3772,0.4884
603119,浙江荣泰,198.28,False,74.81,70.45,5,6.2,-8.47,-2.27,6.2,0.2259,从未跌破（观测期内）,2026-07-03,51.42,0.6691,0.7314,0.5456,0.8015,0.9204,0.0906,0.4884
000668,荣丰控股,32.16,False,21.9,21.61,22,17.48,1.33,7.71,1.33,0.5811,从未跌破（观测期内）,2026-07-03,56.45,0.0309,0.0746,0.8191,0.2484,0.9677,0.0,0.4881
000301,东方盛虹,829.35,False,12.55,11.88,8,5.61,-7.5,-1.81,5.61,0.2575,从未跌破（观测期内）,2026-07-03,56.74,0.4862,1.2232,0.5206,0.6917,0.9613,0.1324,0.4881
600298,安琪酵母,318.17,False,37.12,35.6,13,4.76,-4.96,0.19,4.26,0.3774,从未跌破（观测期内）,2026-07-03,52.2,0.3065,-0.0536,0.3652,0.3624,0.9378,0.3913,0.4878
605007,五洲特纸,70.66,False,14.89,13.22,5,12.64,-9.44,-2.85,12.64,0.2584,从未跌破（观测期内）,2026-07-03,72.56,0.7798,0.9398,0.4184,0.8679,0.6098,0.3026,0.4877
000831,中国稀土,577.83,True,54.45,56.65,15,21.64,-6.08,4.29,-3.89,0.2487,从未跌破（观测期内）,2026-07-03,47.46,0.808,0.8985,0.7057,0.8848,0.8325,0.0,0.4872
002392,北京利尔,101.17,False,8.74,8.13,8,11.98,-16.11,-3.32,7.56,0.2333,从未跌破（观测期内）,2026-07-03,60.71,0.7938,2.1889,0.8142,0.8763,0.8732,0.0,0.487
000657,中钨高新,1302.26,False,89.63,89.8,21,42.18,-0.19,19.08,-0.19,0.5793,从未跌破（观测期内）,2026-07-03,57.81,-0.0824,0.174,0.9081,0.2696,0.9376,0.0,0.4866
600567,山鹰国际,88.94,False,1.41,1.37,13,6.35,-5.85,0.28,3.15,0.3541,从未跌破（观测期内）,2026-07-03,45.16,0.5187,0.4775,0.5481,0.7022,0.7814,0.0865,0.4864
002079,苏州固锝,114.18,False,14.08,13.35,13,15.42,-8.83,4.41,5.44,0.4531,从未跌破（观测期内）,2026-07-03,73.06,0.785,-0.0145,0.5253,0.6652,0.5986,0.1244,0.4859
600572,康恩贝,103.3,False,4.08,3.98,6,2.47,-3.03,-1.07,2.47,0.2333,从未跌破（观测期内）,2026-07-03,57.81,0.3511,0.0511,0.2108,0.4311,0.9375,0.6487,0.4859
002709,天赐材料,815.47,False,54.04,51.57,11,10.2,-12.83,-1.05,4.78,0.2682,从未跌破（观测期内）,2026-07-03,58.42,0.6671,0.4278,0.6538,0.7714,0.9241,0.0,0.485
600054,黄山旅游,56.41,False,10.99,10.87,9,1.83,-3.52,-0.6,1.09,0.2578,从未跌破（观测期内）,2026-07-03,48.44,0.4796,0.1595,0.3073,0.5516,0.8542,0.4878,0.485
002049,紫光国微,694.56,True,81.76,79.35,12,13.43,-11.79,1.23,3.04,0.2978,从未跌破（观测期内）,2026-07-03,66.62,0.8774,0.2124,0.5425,0.8114,0.7417,0.0959,0.4847
603687,大胜达,103.96,False,18.9,18.86,20,14.12,-5.28,6.98,0.21,0.4991,从未跌破（观测期内）,2026-07-03,52.66,0.6367,-0.5217,0.7879,0.382,0.9479,0.0,0.4847
605369,拱东医疗,41.01,False,18.6,17.04,9,12.52,-13.27,-3.52,9.16,0.2842,从未跌破（观测期内）,2026-07-03,62.2,0.6824,1.2192,0.7053,0.8094,0.8401,0.0,0.484
002986,宇新股份,36.76,False,12.18,11.82,10,12.75,-10.95,-1.66,3.09,0.1949,从未跌破（观测期内）,2026-07-03,56.3,0.7671,0.2532,0.5145,0.7615,0.9711,0.1425,0.4839
603595,ST东尼,83.68,False,36.0,30.0,22,35.55,2.94,15.87,20.0,0.85,从未跌破（观测期内）,2026-07-03,79.64,0.0019,-0.0264,0.5782,0.1906,0.4525,0.0363,0.4836
002723,小崧股份,30.34,False,9.57,8.71,11,9.93,-8.1,-0.97,9.93,0.399,从未跌破（观测期内）,2026-07-03,74.39,0.5002,0.3953,0.4203,0.6582,0.569,0.2995,0.4829
603001,奥康国际,45.95,False,11.46,11.06,20,29.88,-4.27,9.08,3.66,0.6367,从未跌破（观测期内）,2026-07-03,54.51,0.2008,-0.9972,0.9707,0.1205,0.9891,0.0,0.4826
603139,康惠股份,41.51,False,41.56,40.49,16,17.02,-6.12,3.76,2.64,0.4146,从未跌破（观测期内）,2026-07-03,61.11,0.289,0.52,0.784,0.5734,0.8642,0.0,0.482
001387,雪祺电气,15.59,False,13.38,12.56,13,6.55,-10.71,-1.68,6.55,0.3287,从未跌破（观测期内）,2026-07-03,68.45,0.5094,0.9405,0.466,0.7056,0.7012,0.2234,0.4816
001296,长江材料,15.96,False,20.7,19.79,6,13.78,-9.48,-2.2,4.6,0.1555,从未跌破（观测期内）,2026-07-03,58.73,0.9048,3.5265,0.6889,0.9429,0.917,0.0,0.4813
002061,浙江交科,92.79,False,3.57,3.48,3,2.54,-5.84,-2.16,2.54,0.1379,从未跌破（观测期内）,2026-07-03,46.91,0.5717,0.5778,0.2955,0.743,0.8203,0.5075,0.4811
000837,秦川机床,125.22,False,12.43,11.92,9,8.79,-11.42,-1.56,4.26,0.2146,从未跌破（观测期内）,2026-07-03,52.36,0.6824,2.9049,0.5827,0.8095,0.9414,0.0288,0.4808
600155,华创云信,125.51,True,5.67,5.51,8,4.38,-8.7,-2.2,2.9,0.1638,从未跌破（观测期内）,2026-07-03,58.58,0.6162,0.4148,0.4109,0.7357,0.9204,0.3152,0.4808
600198,大唐电信,118.09,False,9.07,9.29,19,9.1,-4.62,3.41,-2.38,0.3773,从未跌破（观测期内）,2026-07-03,48.41,0.3857,0.6988,0.6224,0.6314,0.8536,0.0,0.4795
601198,东兴证券,445.43,False,13.78,13.12,11,7.27,-5.86,0.25,5.05,0.3394,从未跌破（观测期内）,2026-07-03,65.86,0.5396,0.0061,0.3585,0.5262,0.7587,0.4025,0.4794
601100,恒立液压,1631.24,False,121.66,114.71,13,7.92,-7.6,0.22,6.06,0.3729,从未跌破（观测期内）,2026-07-03,59.98,0.2623,1.9651,0.5483,0.5574,0.8894,0.0861,0.4793
000017,深中华A,26.85,False,6.09,5.36,6,16.41,-10.34,-0.89,13.59,0.3232,从未跌破（观测期内）,2026-07-03,74.87,0.8815,1.1492,0.577,0.9289,0.5585,0.0384,0.479
002272,川润股份,94.93,False,23.26,21.92,13,14.89,-12.63,2.91,6.09,0.4319,从未跌破（观测期内）,2026-07-03,68.07,0.4629,0.2479,0.5199,0.5769,0.7096,0.1335,0.4789
000782,恒申新材,41.3,False,7.82,7.69,11,12.39,-7.23,0.22,1.68,0.2249,从未跌破（观测期内）,2026-07-03,55.27,0.6839,0.1749,0.5224,0.6803,0.994,0.1294,0.4782
000510,新金路,133.64,False,22.03,21.93,21,29.49,-2.9,15.97,0.47,0.5958,从未跌破（观测期内）,2026-07-03,58.97,0.3786,-0.5178,0.9954,0.2272,0.9117,0.0,0.4775
002237,恒邦股份,163.71,False,13.73,13.69,13,14.47,-11.69,-0.56,0.33,0.2011,从未跌破（观测期内）,2026-07-03,54.58,0.6597,2.3258,0.7652,0.7958,0.9907,0.0,0.4775
605377,华旺科技,49.1,True,8.82,8.58,9,11.53,-10.44,-1.4,2.74,0.1768,从未跌破（观测期内）,2026-07-03,56.39,0.7519,1.0304,0.7043,0.8511,0.9691,0.0,0.4773
603728,鸣志电器,284.92,False,68.02,61.92,6,9.86,-10.01,-2.56,9.86,0.2876,从未跌破（观测期内）,2026-07-03,63.74,0.6735,1.0227,0.6392,0.8041,0.8059,0.0,0.4772
001257,盛龙股份,38.11,False,27.83,28.38,14,30.32,-7.77,6.37,-1.93,0.3337,从未跌破（观测期内）,2026-07-03,50.64,0.7329,0.0285,0.916,0.6511,0.903,0.0,0.4769
603310,巍华新材,30.65,False,15.8,15.38,3,6.02,-7.05,-3.07,2.7,0.0975,从未跌破（观测期内）,2026-07-03,54.1,0.5923,0.9518,0.3888,0.7554,0.98,0.3521,0.4766
002635,安洁科技,92.4,True,23.36,18.61,15,25.53,-8.94,4.9,25.53,0.6112,从未跌破（观测期内）,2026-07-03,84.47,0.4171,0.5301,0.7626,0.6502,0.3452,0.0,0.4761
603091,众鑫股份,22.38,False,50.85,47.9,8,7.03,-15.65,-4.98,6.17,0.1568,从未跌破（观测期内）,2026-07-03,62.13,0.7335,2.2594,0.4604,0.8401,0.8416,0.2326,0.476
001696,宗申动力,178.01,False,19.97,21.32,16,41.21,-10.57,16.17,-6.33,0.3462,从未跌破（观测期内）,2026-07-03,38.27,0.7439,3.6184,0.9596,0.8464,0.6281,0.0,0.4757
603978,深圳新星,63.67,False,30.16,27.98,10,20.32,-17.93,-1.77,7.8,0.3098,从未跌破（观测期内）,2026-07-03,64.17,0.617,2.0656,0.7436,0.7702,0.7963,0.0,0.4757
002734,利民股份,73.97,False,17.03,17.03,15,14.81,-8.64,2.12,-0.01,0.2913,从未跌破（观测期内）,2026-07-03,61.96,0.5917,0.6827,0.6643,0.755,0.8453,0.0,0.4743
600228,返利科技,30.0,True,7.21,7.6,11,52.75,-6.45,10.66,-5.18,0.2956,从未跌破（观测期内）,2026-07-03,57.07,0.4289,10.6792,1.0681,0.6574,0.9539,0.0,0.4734
600400,红豆股份,79.28,False,3.46,2.97,10,19.04,-11.32,2.46,16.6,0.4706,从未跌破（观测期内）,2026-07-03,73.48,0.6298,0.2272,0.7103,0.6688,0.5893,0.0,0.4733
600703,三安光电,909.5,False,18.23,18.3,16,30.14,-13.29,8.23,-0.38,0.4508,从未跌破（观测期内）,2026-07-03,68.09,0.4381,0.3548,0.9726,0.6048,0.709,0.0,0.4733
600166,福田汽车,247.02,True,3.12,3.06,9,5.35,-5.83,-1.09,1.98,0.2065,从未跌破（观测期内）,2026-07-03,50.94,0.5102,0.3608,0.4171,0.6504,0.9099,0.3048,0.4729
600732,爱旭股份,280.49,False,13.36,12.67,16,11.88,-15.46,1.27,5.46,0.4229,从未跌破（观测期内）,2026-07-03,57.71,0.4639,-0.1084,0.5727,0.435,0.9398,0.0455,0.4727
605376,博迁新材,622.87,False,238.1,222.78,22,33.93,4.98,19.2,6.88,0.7719,从未跌破（观测期内）,2026-07-03,65.49,-0.1127,-0.397,1.0686,0.0412,0.767,0.0,0.4725
600576,祥源文旅,41.27,False,6.25,5.83,8,11.35,-8.4,-0.12,7.24,0.3052,从未跌破（观测期内）,2026-07-03,51.24,0.7006,0.1198,0.7527,0.6683,0.9164,0.0,0.4724
002084,海鸥住工,23.33,False,3.62,3.42,13,8.35,-9.73,0.05,5.76,0.352,从未跌破（观测期内）,2026-07-03,62.5,0.3964,-0.0055,0.377,0.4356,0.8333,0.3716,0.4721
002185,华天科技,648.25,True,19.51,19.39,17,19.89,-8.33,7.13,0.62,0.4644,从未跌破（观测期内）,2026-07-03,64.22,0.7911,-0.4168,0.7971,0.508,0.7951,0.0,0.4718
603026,石大胜华,209.15,False,89.88,89.37,11,12.56,-14.83,-0.97,0.57,0.1651,从未跌破（观测期内）,2026-07-03,53.73,0.8118,0.3964,0.6445,0.8456,0.9718,0.0,0.4718
601136,首创证券,401.25,False,14.68,14.21,8,4.46,-10.32,-2.51,3.27,0.1494,从未跌破（观测期内）,2026-07-03,56.55,0.6305,0.3191,0.431,0.7059,0.9656,0.2816,0.4716
600367,红星发展,170.58,False,52.98,56.18,21,66.24,-5.7,31.91,-5.7,0.4416,从未跌破（观测期内）,2026-07-03,49.95,0.1145,0.5359,1.0802,0.4687,0.8877,0.0,0.4714
002515,金字火腿,105.45,False,9.57,9.16,18,43.25,-3.52,17.28,4.42,0.647,从未跌破（观测期内）,2026-07-03,65.18,0.3021,-0.3762,0.8486,0.2308,0.7738,0.0,0.4713
002774,快意电梯,40.55,False,14.39,12.77,13,17.57,-9.95,4.41,12.65,0.5671,从未跌破（观测期内）,2026-07-03,86.19,0.4618,0.6962,0.5453,0.6771,0.307,0.0911,0.4712
002008,大族激光,1240.3,True,129.64,134.26,11,16.5,-11.31,0.79,-3.44,0.1087,从未跌破（观测期内）,2026-07-03,55.64,0.8656,0.5724,0.8709,0.9194,0.9858,0.0,0.4705
002312,川发龙蟒,173.31,False,9.2,9.08,10,15.54,-13.2,-0.44,1.34,0.1816,从未跌破（观测期内）,2026-07-03,53.85,0.7946,0.3359,0.6258,0.8111,0.9744,0.0,0.4703
603233,大参林,194.17,False,17.05,15.73,5,8.38,-8.19,-2.34,8.38,0.2506,从未跌破（观测期内）,2026-07-03,53.7,0.5768,0.107,0.4862,0.5889,0.9712,0.1896,0.4702
603337,杰克科技,199.96,True,42.21,39.38,7,7.17,-8.38,-2.01,7.17,0.271,从未跌破（观测期内）,2026-07-03,60.49,0.5355,3.5189,0.5782,0.7213,0.878,0.0364,0.4698
002558,巨人网络,516.0,True,27.15,25.62,10,10.6,-10.13,-1.34,5.98,0.2753,从未跌破（观测期内）,2026-07-03,71.7,0.7823,1.1465,0.5363,0.8694,0.629,0.1061,0.4692
600118,中国卫星,1020.49,False,86.3,78.41,6,10.06,-11.76,-3.67,10.06,0.2537,从未跌破（观测期内）,2026-07-03,62.14,0.6627,0.9165,0.628,0.7976,0.8413,0.0,0.4691
600704,物产中大,252.87,False,4.89,4.79,5,2.3,-5.2,-1.52,2.07,0.1751,从未跌破（观测期内）,2026-07-03,56.82,0.494,-0.0024,0.2673,0.4954,0.9596,0.5544,0.469
600761,安徽合力,154.18,False,17.31,16.72,4,5.35,-8.29,-3.04,3.54,0.1208,从未跌破（观测期内）,2026-07-03,56.6,0.5712,1.2128,0.4313,0.7427,0.9644,0.2812,0.469
002223,鱼跃医疗,250.65,False,26.6,25.64,6,3.76,-7.02,-2.33,3.76,0.1863,从未跌破（观测期内）,2026-07-03,55.48,0.1647,0.4206,0.2815,0.4671,0.9893,0.5308,0.4688
603499,翔港科技,58.8,True,13.88,13.64,12,11.93,-16.5,-1.28,1.72,0.2019,从未跌破（观测期内）,2026-07-03,57.74,0.7654,0.3491,0.7187,0.7989,0.9392,0.0,0.4683
000922,佳电股份,93.83,False,13.31,13.44,13,11.26,-10.55,1.2,-0.97,0.2124,从未跌破（观测期内）,2026-07-03,56.93,0.6503,0.4414,0.6284,0.7668,0.957,0.0,0.4681
600621,华鑫股份,140.14,False,13.21,12.87,11,5.32,-10.03,-1.77,2.67,0.1973,从未跌破（观测期内）,2026-07-03,59.76,0.728,0.0551,0.4184,0.6588,0.8943,0.3027,0.4679
600060,海信视像,357.81,False,27.52,26.17,12,9.1,-5.98,1.07,5.15,0.3694,从未跌破（观测期内）,2026-07-03,49.01,0.6349,-0.1427,0.5369,0.5238,0.8669,0.1052,0.4679
002250,联化科技,140.06,True,15.65,14.14,6,10.66,-8.58,-1.71,10.66,0.3026,从未跌破（观测期内）,2026-07-03,60.69,0.4449,3.4799,0.5808,0.667,0.8735,0.032,0.4673
601872,招商轮船,1372.67,False,17.0,17.19,11,34.52,-15.0,3.07,-1.1,0.2243,从未跌破（观测期内）,2026-07-03,55.1,0.5192,0.5884,0.9157,0.7115,0.9977,0.0,0.4671
002983,芯瑞达,32.31,True,25.21,25.58,12,10.79,-9.06,1.31,-1.44,0.1875,从未跌破（观测期内）,2026-07-03,56.32,0.7348,0.3756,0.6418,0.7912,0.9706,0.0,0.4669
002693,双成药业,42.0,False,10.22,9.11,5,17.8,-14.47,-5.4,12.2,0.1945,从未跌破（观测期内）,2026-07-03,62.35,0.8101,1.1284,0.6387,0.8861,0.8366,0.0,0.4666
002102,ST能特,51.5,False,2.37,2.21,3,7.09,-7.22,-2.69,7.09,0.1979,从未跌破（观测期内）,2026-07-03,60.32,0.3503,1.2192,0.3703,0.6102,0.8818,0.3828,0.4655
600211,西藏药业,125.0,False,38.78,37.09,8,4.57,-8.87,-2.17,4.57,0.2135,从未跌破（观测期内）,2026-07-03,61.54,0.3981,0.6846,0.4032,0.6389,0.8547,0.3281,0.4653
002579,中京电子,114.17,True,19.57,18.88,18,34.54,-6.92,10.6,3.65,0.6276,从未跌破（观测期内）,2026-07-03,63.3,0.3371,-0.4955,1.1047,0.204,0.8157,0.0,0.4652
603838,*ST四通,29.51,False,9.22,9.08,10,6.26,-10.94,-1.98,1.5,0.147,从未跌破（观测期内）,2026-07-03,55.6,0.6069,0.1165,0.3751,0.6108,0.9867,0.3748,0.4651
603956,威派格,35.33,False,6.2,5.24,7,26.28,-18.05,-2.24,18.33,0.3054,从未跌破（观测期内）,2026-07-03,71.7,0.7796,1.9325,0.8433,0.8677,0.6289,0.0,0.4649
603663,三祥新材,363.48,False,85.79,85.18,22,39.96,0.72,24.33,0.72,0.6179,从未跌破（观测期内）,2026-07-03,61.06,0.1503,-0.2799,0.8851,0.1782,0.8654,0.0,0.4648
000955,欣龙控股,23.9,False,4.44,4.44,11,17.03,-10.28,0.86,-0.08,0.1944,从未跌破（观测期内）,2026-07-03,56.29,0.6141,1.3133,0.7967,0.7684,0.9713,0.0,0.4641
002658,雪迪龙,29.8,False,8.31,8.11,10,5.4,-12.87,-1.91,2.45,0.1726,从未跌破（观测期内）,2026-07-03,51.36,0.6586,0.1885,0.4266,0.6706,0.9192,0.2891,0.4639
600867,通化东宝,161.19,False,8.23,7.75,7,7.44,-7.82,-1.67,6.19,0.2245,从未跌破（观测期内）,2026-07-03,61.89,0.6801,0.3661,0.536,0.7545,0.8469,0.1067,0.4638
603225,新凤鸣,330.37,False,19.8,20.45,20,16.88,-3.19,8.46,-3.19,0.4498,从未跌破（观测期内）,2026-07-03,49.36,0.1596,0.3486,0.8605,0.4352,0.8746,0.0,0.4636
605133,嵘泰股份,109.63,False,38.86,35.86,8,11.24,-10.49,-1.95,8.35,0.2875,从未跌破（观测期内）,2026-07-03,62.75,0.5515,0.6599,0.8064,0.7309,0.8278,0.0,0.4633
603738,泰晶科技,206.49,True,53.51,55.94,14,27.67,-11.22,9.94,-4.35,0.3626,从未跌破（观测期内）,2026-07-03,52.02,0.2094,0.4957,1.0087,0.5239,0.9337,0.0,0.4628
002182,宝武镁业,132.25,False,15.28,13.83,6,15.65,-13.34,-2.81,10.5,0.2751,从未跌破（观测期内）,2026-07-03,63.58,0.6035,1.3408,0.7079,0.7621,0.8094,0.0,0.4625
000977,浪潮信息,973.24,True,66.35,63.54,12,10.59,-14.21,-1.58,4.42,0.2619,从未跌破（观测期内）,2026-07-03,61.71,0.7248,0.2887,0.6937,0.7503,0.8509,0.0,0.4625
002828,贝肯能源,20.94,False,10.42,9.72,11,14.6,-12.55,-0.52,7.2,0.3419,从未跌破（观测期内）,2026-07-03,62.23,0.3852,1.0697,0.7114,0.6311,0.8394,0.0,0.4624
002830,名雕股份,15.79,False,17.01,16.16,12,13.56,-9.46,1.35,5.26,0.3562,从未跌破（观测期内）,2026-07-03,51.18,0.5119,0.1008,0.9747,0.5474,0.9151,0.0,0.4623
600676,交运股份,69.42,False,6.75,6.6,10,7.34,-11.99,-1.75,2.31,0.1732,从未跌破（观测期内）,2026-07-03,53.98,0.627,0.4716,0.5765,0.7648,0.9773,0.0392,0.4618
603368,柳药集团,61.89,False,15.58,15.47,8,2.91,-6.23,-0.69,0.73,0.2062,从未跌破（观测期内）,2026-07-03,45.24,0.3515,0.4851,0.3153,0.6049,0.7832,0.4745,0.4615
600372,中航机载,543.89,False,11.24,10.93,3,2.87,-8.86,-3.11,2.87,0.0893,从未跌破（观测期内）,2026-07-03,52.21,0.4246,1.4823,0.3037,0.6548,0.9381,0.4938,0.4611
600769,祥龙电业,81.67,False,21.78,18.69,13,30.65,-17.6,4.73,16.51,0.575,从未跌破（观测期内）,2026-07-03,72.16,0.3803,-0.0005,0.8061,0.428,0.6186,0.0,0.4607
603610,麒盛科技,65.3,True,18.5,18.27,13,7.19,-6.57,1.04,1.24,0.289,从未跌破（观测期内）,2026-07-03,59.22,0.2737,1.5947,0.5088,0.5642,0.9062,0.152,0.4607
605588,冠石科技,44.77,True,61.25,60.26,13,18.42,-15.38,2.44,1.64,0.3087,从未跌破（观测期内）,2026-07-03,63.31,0.5493,0.4141,0.6928,0.6952,0.8152,0.0,0.4604
001390,古麒绒材,24.04,False,20.24,18.67,14,10.55,-10.26,1.86,8.4,0.4791,从未跌破（观测期内）,2026-07-03,78.02,0.4981,0.0347,0.429,0.5128,0.4885,0.285,0.4603
000938,紫光股份,866.03,True,30.28,27.25,7,11.13,-12.86,-2.67,11.13,0.2946,从未跌破（观测期内）,2026-07-03,67.78,0.6605,0.6398,0.6907,0.7963,0.7161,0.0,0.4601
000415,渤海租赁,237.83,False,4.41,4.16,13,7.73,-11.68,0.13,6.0,0.36,从未跌破（观测期内）,2026-07-03,59.86,0.125,0.5639,0.5255,0.475,0.8919,0.1242,0.4598
603082,北自科技,16.14,True,39.8,39.19,12,26.24,-17.36,2.46,1.57,0.2915,从未跌破（观测期内）,2026-07-03,68.03,0.7524,0.3826,0.7308,0.8045,0.7105,0.0,0.4598
002832,比音勒芬,81.47,False,20.92,20.82,18,9.55,-4.64,3.02,0.46,0.4128,从未跌破（观测期内）,2026-07-03,46.84,0.4101,-0.0669,0.4959,0.4193,0.8188,0.1735,0.4597
603271,永杰新材,43.55,False,46.05,45.54,7,17.7,-9.11,-1.48,1.12,0.1024,从未跌破（观测期内）,2026-07-03,52.34,0.8879,0.4723,0.7244,0.9216,0.9409,0.0,0.4596
600549,厦门钨业,1166.23,False,75.05,77.02,21,47.21,-2.56,19.78,-2.56,0.5202,从未跌破（观测期内）,2026-07-03,58.91,-0.0943,0.187,0.9436,0.2748,0.913,0.0,0.4594
002779,中坚科技,135.4,True,81.66,78.26,13,12.75,-8.71,2.65,4.34,0.3816,从未跌破（观测期内）,2026-07-03,48.99,0.215,0.9455,0.7224,0.529,0.8664,0.0,0.4582
600096,云天化,557.84,True,30.6,30.86,10,11.45,-7.74,-0.14,-0.86,0.1341,从未跌破（观测期内）,2026-07-03,53.46,0.752,0.4848,0.6036,0.8451,0.9657,0.0,0.4581
002025,航天电器,379.89,False,83.7,68.12,8,23.43,-13.82,1.58,22.88,0.4167,从未跌破（观测期内）,2026-07-03,78.14,0.6273,0.7497,0.7699,0.7764,0.4857,0.0,0.4579
603367,辰欣药业,63.43,False,14.01,13.24,5,5.78,-7.27,-2.69,5.78,0.1994,从未跌破（观测期内）,2026-07-03,58.26,0.3325,1.5444,0.4305,0.5995,0.9276,0.2825,0.4575
000793,*ST华闻,70.35,False,2.64,2.51,9,5.49,-6.73,-0.69,5.26,0.3041,从未跌破（观测期内）,2026-07-03,64.2,0.4746,0.1277,0.4295,0.5358,0.7956,0.2841,0.4573
002657,中科金财,72.2,False,21.48,21.04,17,15.09,-7.75,4.7,2.08,0.44,从未跌破（观测期内）,2026-07-03,49.65,0.5905,-0.3345,0.6998,0.4205,0.8811,0.0,0.4573
002993,奥海科技,156.95,True,65.82,66.36,16,11.24,-3.92,2.74,-0.81,0.3211,从未跌破（观测期内）,2026-07-03,51.77,0.3837,0.3525,0.8556,0.5712,0.9282,0.0,0.4569
002138,顺络电子,490.74,True,64.87,65.25,21,33.76,-0.58,20.05,-0.58,0.5695,从未跌破（观测期内）,2026-07-03,58.56,-0.2489,-0.0548,0.9976,0.1781,0.9209,0.0,0.4565
003004,声迅股份,50.05,False,72.81,69.67,22,32.47,2.03,14.14,4.51,0.7126,从未跌破（观测期内）,2026-07-03,61.42,-0.0022,-0.7386,0.7119,0.0,0.8572,0.0,0.4565
600918,中泰证券,249.13,False,5.46,5.33,7,3.27,-8.62,-2.05,2.38,0.1561,从未跌破（观测期内）,2026-07-03,53.49,0.4461,0.3546,0.407,0.6095,0.9664,0.3217,0.4564
002989,中天精装,60.28,False,30.47,32.23,11,28.53,-10.57,3.86,-5.45,0.1351,从未跌破（观测期内）,2026-07-03,58.26,0.8128,0.434,0.8627,0.8613,0.9276,0.0,0.4549
000951,中国重汽,261.27,False,22.35,21.09,15,6.69,-11.37,-0.57,5.95,0.3733,从未跌破（观测期内）,2026-07-03,56.27,0.072,0.5316,0.6077,0.4432,0.9718,0.0,0.4545
603948,建业股份,42.67,False,26.26,24.89,8,8.68,-8.61,-0.44,5.52,0.2549,从未跌破（观测期内）,2026-07-03,51.56,0.4468,2.8153,0.712,0.6681,0.9236,0.0,0.4537
002338,奥普光电,136.08,False,56.7,53.76,5,7.96,-16.02,-4.18,5.46,0.1117,从未跌破（观测期内）,2026-07-03,62.62,0.7571,0.4241,0.4533,0.8239,0.8307,0.2446,0.4535
002739,儒意电影,205.58,False,9.79,8.7,7,12.49,-9.52,-1.52,12.49,0.3233,从未跌破（观测期内）,2026-07-03,77.48,0.5717,1.679,0.4469,0.743,0.5004,0.2552,0.4534
600763,通策医疗,159.59,False,35.68,34.54,4,3.31,-9.34,-3.34,3.31,0.0918,从未跌破（观测期内）,2026-07-03,56.32,0.533,0.3791,0.3815,0.6714,0.9707,0.3641,0.4533
002831,裕同科技,224.34,True,31.41,32.25,14,27.07,-7.3,7.02,-2.59,0.3334,从未跌破（观测期内）,2026-07-03,55.73,0.3711,0.1689,0.7049,0.4902,0.9838,0.0,0.4527
002628,成都路桥,40.7,False,5.4,4.96,4,9.92,-9.84,-3.13,8.77,0.2047,从未跌破（观测期内）,2026-07-03,62.19,0.6846,1.982,0.6153,0.8108,0.8402,0.0,0.4526
002896,中大力德,168.26,False,85.62,80.66,5,17.12,-12.93,-1.21,6.15,0.2032,从未跌破（观测期内）,2026-07-03,61.11,0.8476,0.2124,0.8574,0.7935,0.8641,0.0,0.4525
002436,兴森科技,703.86,True,46.37,45.28,21,31.29,-0.24,12.28,2.42,0.6445,从未跌破（观测期内）,2026-07-03,61.19,0.1438,-0.5039,0.911,0.0863,0.8626,0.0,0.4519
603373,安邦护卫,22.8,False,35.85,36.44,15,14.66,-3.78,4.32,-1.61,0.3065,从未跌破（观测期内）,2026-07-03,59.26,0.4248,0.2783,0.5763,0.5662,0.9052,0.0395,0.4511
002202,金风科技,827.09,True,24.59,22.43,6,10.16,-11.82,-3.11,9.63,0.2585,从未跌破（观测期内）,2026-07-03,63.37,0.5642,0.8718,0.6753,0.7385,0.8141,0.0,0.4509
002587,奥拓电子,36.06,True,6.77,7.06,14,11.68,-4.67,1.11,-4.09,0.1809,从未跌破（观测期内）,2026-07-03,52.57,0.5933,3.2844,0.671,0.756,0.9461,0.0,0.4506
002444,巨星科技,380.71,True,33.2,30.63,6,8.38,-6.63,-2.65,8.38,0.2597,从未跌破（观测期内）,2026-07-03,65.46,0.3761,1.3383,0.4529,0.6257,0.7675,0.2452,0.4506
000333,美的集团,5349.8,False,77.96,76.63,12,4.45,-5.31,-0.58,1.73,0.2849,从未跌破（观测期内）,2026-07-03,46.04,0.0036,1.1195,0.2966,0.4021,0.801,0.5057,0.4505
000404,长虹华意,56.32,False,8.13,7.71,5,8.13,-10.54,-3.53,5.5,0.1287,从未跌破（观测期内）,2026-07-03,62.95,0.7188,0.3902,0.4504,0.7874,0.8234,0.2493,0.4504
600343,航天动力,178.83,False,28.02,25.59,6,16.31,-22.16,-6.2,9.5,0.178,从未跌破（观测期内）,2026-07-03,62.85,0.7568,1.0963,0.6367,0.8541,0.8256,0.0,0.4498
600879,航天电子,734.75,True,22.27,20.52,6,8.53,-12.45,-2.44,8.53,0.2477,从未跌破（观测期内）,2026-07-03,63.78,0.5985,0.5343,0.6491,0.7591,0.8049,0.0,0.4498
600770,综艺股份,79.17,False,6.09,6.16,7,14.68,-15.13,-2.08,-1.09,0.0321,从未跌破（观测期内）,2026-07-03,55.84,0.9053,0.5218,0.5803,0.9432,0.9813,0.0328,0.4498
605016,百龙创园,105.97,False,25.23,25.03,14,4.59,-9.65,-0.42,0.8,0.2502,从未跌破（观测期内）,2026-07-03,50.0,0.1545,0.2008,0.2874,0.373,0.8889,0.5209,0.4493
605100,华丰股份,93.19,False,39.17,38.15,13,13.89,-10.94,2.34,2.67,0.3319,从未跌破（观测期内）,2026-07-03,63.41,0.7006,-0.0151,0.6904,0.6143,0.8131,0.0,0.449
600063,皖维高新,157.87,False,7.63,8.05,18,22.22,-5.26,8.52,-5.26,0.3677,从未跌破（观测期内）,2026-07-03,52.44,0.4531,-0.0523,0.8714,0.451,0.9432,0.0,0.4485
600316,洪都航空,209.68,False,29.24,27.44,4,6.66,-11.64,-4.51,6.57,0.1151,从未跌破（观测期内）,2026-07-03,61.85,0.4854,0.8139,0.3601,0.6913,0.8478,0.3999,0.4484
002020,京新药业,109.97,False,15.19,12.56,7,20.96,-9.77,-1.51,20.96,0.3235,从未跌破（观测期内）,2026-07-03,75.09,0.6957,5.177,0.5852,0.8174,0.5535,0.0247,0.4482
002826,易明医药,33.44,False,18.1,16.22,5,12.72,-13.59,-4.0,11.57,0.2296,从未跌破（观测期内）,2026-07-03,63.85,0.6367,1.875,0.7536,0.782,0.8034,0.0,0.448
600739,辽宁成大,157.56,False,10.35,10.27,5,2.54,-8.91,-3.04,0.77,0.0604,从未跌破（观测期内）,2026-07-03,50.49,0.7425,0.3316,0.4046,0.7782,0.8998,0.3257,0.4475
000650,仁和药业,71.5,False,5.37,5.2,3,3.36,-4.69,-2.0,3.36,0.1735,从未跌破（观测期内）,2026-07-03,53.4,-0.0137,1.717,0.2628,0.4,0.9644,0.562,0.4466
600079,ST人福,274.22,False,17.77,16.99,2,4.62,-5.33,-2.12,4.62,0.1811,从未跌破（观测期内）,2026-07-03,54.92,-0.2036,1.3093,0.3061,0.4,0.9983,0.4899,0.4456
603990,麦迪科技,66.21,True,21.69,21.51,15,26.74,-4.58,6.49,0.85,0.4221,从未跌破（观测期内）,2026-07-03,46.39,0.6549,-0.5092,0.5359,0.393,0.8087,0.1068,0.4448
603950,长源东谷,271.14,False,83.72,70.25,10,27.09,-12.47,3.06,19.17,0.4857,从未跌破（观测期内）,2026-07-03,71.54,0.5191,-0.0424,0.9551,0.4945,0.6325,0.0,0.4444
002262,恩华药业,176.58,False,19.98,19.14,4,4.37,-5.55,-2.61,4.37,0.1727,从未跌破（观测期内）,2026-07-03,55.38,0.2441,0.3383,0.3748,0.4817,0.9916,0.3753,0.4441
002923,润都股份,28.13,False,10.9,9.99,3,9.13,-12.94,-5.47,9.13,0.1392,从未跌破（观测期内）,2026-07-03,60.84,0.5967,1.8768,0.5007,0.758,0.8703,0.1654,0.4441
603231,索宝蛋白,16.78,False,15.79,15.02,3,5.13,-7.47,-3.66,5.13,0.1311,从未跌破（观测期内）,2026-07-03,55.56,0.0791,0.7333,0.2714,0.4475,0.9877,0.5477,0.444
600500,中化国际,264.1,False,7.36,7.75,17,44.0,-6.46,15.22,-5.02,0.395,从未跌破（观测期内）,2026-07-03,44.83,0.6786,-0.2056,1.0597,0.5249,0.7739,0.0,0.444
000969,安泰科技,250.55,True,24.06,24.1,14,14.04,-6.94,3.92,-0.16,0.3169,从未跌破（观测期内）,2026-07-03,49.0,0.6413,-0.0225,0.6551,0.5758,0.8666,0.0,0.444
605580,恒盛能源,73.84,False,26.37,26.79,17,19.73,-6.98,5.13,-1.56,0.3596,从未跌破（观测期内）,2026-07-03,51.6,0.6581,-0.3349,0.8668,0.4609,0.9244,0.0,0.4439
603858,步长制药,161.35,False,15.3,15.05,12,3.33,-4.66,-0.85,1.69,0.2814,从未跌破（观测期内）,2026-07-03,50.97,0.3874,-0.0766,0.4063,0.4018,0.9104,0.3229,0.4435
000593,德龙汇能,80.37,False,22.42,22.54,10,20.44,-10.5,1.2,-0.54,0.1757,从未跌破（观测期内）,2026-07-03,55.85,0.5131,1.3363,0.8467,0.7078,0.9811,0.0,0.4434
603297,永新光学,140.75,False,127.11,126.52,8,17.56,-15.09,-1.83,0.47,0.0931,从未跌破（观测期内）,2026-07-03,57.5,0.7806,0.625,0.6704,0.8684,0.9444,0.0,0.4432
603733,仙鹤股份,179.67,False,24.8,26.38,19,20.74,-5.98,8.46,-5.98,0.3642,从未跌破（观测期内）,2026-07-03,39.13,0.451,0.6857,0.8148,0.6706,0.6473,0.0,0.4428
002189,中光学,55.89,False,21.4,20.74,7,9.26,-11.05,-2.25,3.19,0.1349,从未跌破（观测期内）,2026-07-03,56.54,0.4469,0.609,0.4852,0.6682,0.9657,0.1913,0.4428
002107,沃华医药,37.94,False,6.64,5.99,3,10.93,-9.66,-4.68,10.93,0.1807,从未跌破（观测期内）,2026-07-03,63.8,0.5006,1.9857,0.4646,0.7003,0.8044,0.2257,0.4421
605028,世茂能源,38.4,False,24.0,21.74,3,10.4,-12.23,-4.95,10.4,0.1814,从未跌破（观测期内）,2026-07-03,61.69,0.6272,1.7035,0.58,0.7763,0.8513,0.0334,0.4419
002387,维信诺,115.09,False,8.25,8.57,13,10.15,-6.44,1.05,-3.77,0.1696,从未跌破（观测期内）,2026-07-03,54.5,0.5081,1.4615,0.7457,0.7049,0.9888,0.0,0.4418
600459,贵研铂业,189.93,False,25.0,26.14,21,20.71,-4.36,11.28,-4.36,0.4751,从未跌破（观测期内）,2026-07-03,50.7,0.1394,-0.0024,0.8491,0.2827,0.9044,0.0,0.4416
002648,卫星化学,808.63,False,24.02,23.83,9,9.88,-7.33,-0.23,0.82,0.1579,从未跌破（观测期内）,2026-07-03,49.37,0.6875,1.6801,0.6071,0.8125,0.875,0.0,0.4413
600346,恒力石化,1252.96,False,17.8,17.65,13,7.53,-13.03,-1.32,0.84,0.1949,从未跌破（观测期内）,2026-07-03,52.34,0.7786,0.0795,0.5986,0.699,0.9409,0.0024,0.4412
002294,信立泰,446.72,False,40.08,32.06,5,25.04,-11.1,-2.02,25.04,0.279,从未跌破（观测期内）,2026-07-03,78.07,0.8804,3.8828,0.6321,0.9282,0.4874,0.0,0.4411
003020,立方制药,27.39,False,16.25,15.49,3,4.89,-8.18,-3.66,4.89,0.1098,从未跌破（观测期内）,2026-07-03,57.26,0.4951,1.6883,0.4686,0.6971,0.9499,0.219,0.441
002976,瑞玛精密,32.75,True,26.9,24.4,8,12.88,-17.88,-2.89,10.26,0.3049,从未跌破（观测期内）,2026-07-03,54.23,0.2656,0.3193,1.0947,0.4871,0.9828,0.0,0.4403
002050,三花智控,1804.89,True,48.99,45.02,1,8.81,-10.64,-4.95,8.81,0.1436,从未跌破（观测期内）,2026-07-03,62.35,0.6617,1.8246,0.5374,0.797,0.8366,0.1043,0.4396
002077,大港股份,101.44,False,17.48,17.57,11,10.86,-11.56,0.98,-0.53,0.1863,从未跌破（观测期内）,2026-07-03,62.93,0.8124,0.1933,0.564,0.7647,0.8238,0.06,0.4395
603666,亿嘉和,62.17,False,30.25,27.8,5,9.8,-11.12,-3.64,8.8,0.2083,从未跌破（观测期内）,2026-07-03,64.9,0.6657,1.8545,0.6098,0.7994,0.78,0.0,0.4392
000536,华映科技,109.97,True,3.98,3.62,5,11.92,-15.6,-6.27,9.94,0.1715,从未跌破（观测期内）,2026-07-03,61.11,0.6513,2.2851,0.8371,0.7908,0.8642,0.0,0.4391
603209,兴通股份,42.82,False,13.32,12.96,6,2.79,-6.73,-2.64,2.79,0.1655,从未跌破（观测期内）,2026-07-03,57.35,0.3825,0.0479,0.3157,0.4486,0.9478,0.4739,0.439
600895,张江高科,536.16,False,34.62,33.52,7,13.34,-15.89,-2.48,3.29,0.1316,从未跌破（观测期内）,2026-07-03,51.39,0.7617,0.3069,0.5704,0.7798,0.9198,0.0493,0.4389
603186,华正新材,313.57,False,199.99,203.73,20,57.65,-1.95,28.82,-1.83,0.5223,从未跌破（观测期内）,2026-07-03,57.48,-0.2296,-0.0912,1.0598,0.1635,0.9449,0.0,0.4388
603658,安图生物,177.26,False,31.02,30.4,3,2.16,-6.73,-2.51,2.03,0.1127,从未跌破（观测期内）,2026-07-03,48.76,0.4479,0.5995,0.3839,0.6687,0.8613,0.3602,0.4386
603648,畅联股份,33.16,False,9.15,8.82,7,4.99,-7.53,-2.74,3.71,0.1614,从未跌破（观测期内）,2026-07-03,55.91,0.5116,0.1155,0.4407,0.5531,0.9798,0.2656,0.4386
002563,森马服饰,122.49,False,5.55,5.32,2,4.32,-5.97,-2.9,4.32,0.1446,从未跌破（观测期内）,2026-07-03,51.09,0.2458,0.3995,0.3173,0.5073,0.9132,0.4712,0.438
002617,露笑科技,171.8,True,9.15,9.12,11,14.21,-12.69,0.14,0.3,0.186,从未跌破（观测期内）,2026-07-03,57.44,0.694,0.2033,0.6713,0.6977,0.9458,0.0,0.438
000717,中南股份,53.32,False,2.2,2.1,3,7.57,-7.94,-3.61,4.64,0.1075,从未跌破（观测期内）,2026-07-03,52.63,0.3873,0.5454,0.4116,0.6324,0.9474,0.314,0.4377
603987,康德莱,32.24,False,7.38,7.15,3,3.18,-5.85,-2.57,3.18,0.144,从未跌破（观测期内）,2026-07-03,52.69,0.2813,0.2406,0.305,0.465,0.9488,0.4917,0.4373
603501,豪威集团,1234.52,False,102.3,91.4,4,11.93,-13.45,-3.4,11.93,0.2286,从未跌破（观测期内）,2026-07-03,76.7,0.8032,1.4159,0.5127,0.8819,0.5179,0.1456,0.4373
603989,艾华集团,191.53,False,48.03,41.73,20,49.4,-6.95,20.87,15.1,0.8182,从未跌破（观测期内）,2026-07-03,75.42,-0.0863,-0.5582,1.0826,0.0,0.5462,0.0,0.4365
002841,视源股份,199.88,False,38.34,34.57,4,10.89,-10.49,-3.97,10.89,0.2144,从未跌破（观测期内）,2026-07-03,69.17,0.5898,1.7257,0.5016,0.7539,0.6851,0.164,0.4358
002136,安 纳 达,27.86,False,12.99,13.07,11,7.43,-14.27,-2.48,-0.63,0.0971,从未跌破（观测期内）,2026-07-03,53.73,0.7236,0.4106,0.5897,0.7984,0.9719,0.0171,0.4354
002921,联诚精密,38.47,True,29.95,25.28,9,19.17,-15.56,-2.73,18.49,0.325,从未跌破（观测期内）,2026-07-03,72.67,0.5596,1.3669,0.7315,0.7358,0.6074,0.0,0.4354
002738,中矿资源,457.04,False,64.26,59.74,8,10.22,-18.63,-4.22,7.57,0.211,从未跌破（观测期内）,2026-07-03,54.72,0.3483,1.1474,0.7869,0.609,0.9938,0.0,0.4354
002714,牧原股份,1210.5,False,36.9,34.66,5,8.05,-11.22,-4.33,6.47,0.1331,从未跌破（观测期内）,2026-07-03,58.93,0.4741,0.3675,0.4339,0.6315,0.9126,0.2769,0.4352
000818,航锦科技,95.97,True,14.58,13.38,7,12.61,-16.19,-5.01,8.94,0.2097,从未跌破（观测期内）,2026-07-03,63.08,0.5812,1.1834,0.7939,0.7487,0.8204,0.0,0.4351
605128,上海沿浦,76.24,False,24.28,24.47,13,10.01,-3.74,2.81,-0.79,0.2672,从未跌破（观测期内）,2026-07-03,53.88,0.1292,0.1931,0.4225,0.3548,0.9751,0.2958,0.435
002838,道恩股份,144.36,False,34.32,33.06,8,4.03,-14.12,-2.78,3.82,0.1533,从未跌破（观测期内）,2026-07-03,53.72,0.4593,0.7803,0.5581,0.6756,0.9716,0.0699,0.435
603818,曲美家居,21.9,False,3.19,3.0,3,13.62,-12.78,-5.25,6.48,0.0783,从未跌破（观测期内）,2026-07-03,56.92,0.7233,2.9464,0.5857,0.834,0.9573,0.0239,0.4348
600521,华海药业,230.73,False,15.41,14.54,4,5.97,-10.34,-4.13,5.97,0.1323,从未跌破（观测期内）,2026-07-03,63.8,0.3979,0.6895,0.3556,0.6388,0.8044,0.4074,0.4346
600872,中炬高新,144.95,False,18.8,17.69,2,7.01,-10.28,-4.31,6.25,0.1022,从未跌破（观测期内）,2026-07-03,63.92,0.4705,1.3404,0.3506,0.6823,0.8018,0.4156,0.4342
603416,信捷电气,84.96,False,60.88,55.34,2,10.01,-9.59,-3.59,10.01,0.1977,从未跌破（观测期内）,2026-07-03,68.39,0.6695,1.5138,0.5446,0.8017,0.7025,0.0924,0.4339
600525,ST长园,69.24,False,5.25,5.0,3,4.94,-7.73,-2.83,4.94,0.155,从未跌破（观测期内）,2026-07-03,60.66,0.2764,0.4286,0.3512,0.5373,0.8743,0.4147,0.4334
002168,ST惠程,29.96,False,3.82,3.67,4,4.54,-7.96,-2.35,4.02,0.1562,从未跌破（观测期内）,2026-07-03,52.53,0.7525,-0.3958,0.3654,0.4932,0.945,0.391,0.4334
603355,莱克电气,163.99,False,28.6,27.86,13,15.87,-15.81,-0.9,2.65,0.2504,从未跌破（观测期内）,2026-07-03,54.52,0.6467,-0.1182,0.6555,0.5408,0.9893,0.0,0.4332
603341,龙旗科技,103.82,True,39.0,38.67,16,12.16,-6.6,2.66,0.84,0.3421,从未跌破（观测期内）,2026-07-03,60.81,0.6229,-0.6892,0.4862,0.3738,0.8708,0.1897,0.4329
605168,三人行,107.92,False,51.19,50.7,9,18.8,-15.56,-2.34,0.98,0.109,从未跌破（观测期内）,2026-07-03,60.01,0.7441,0.5512,0.6905,0.8465,0.8886,0.0,0.4329
002611,东方精工,182.52,False,18.18,17.91,10,3.71,-6.65,-1.09,1.48,0.2353,从未跌破（观测期内）,2026-07-03,47.52,0.6881,-0.0234,0.5164,0.6035,0.8337,0.1394,0.4326
600557,康缘药业,72.02,False,12.72,11.91,4,6.76,-9.45,-2.76,6.76,0.1979,从未跌破（观测期内）,2026-07-03,57.69,0.2713,1.7118,0.5017,0.5628,0.9402,0.1639,0.4325
000545,金浦钛业,24.24,False,2.46,2.5,9,13.34,-11.58,-1.99,-1.68,0.0515,从未跌破（观测期内）,2026-07-03,52.6,0.8157,1.1327,0.8279,0.8894,0.9467,0.0,0.4323
600933,爱柯迪,150.98,False,15.39,14.77,3,4.17,-11.66,-4.4,4.17,0.0467,从未跌破（观测期内）,2026-07-03,61.3,0.5831,1.2708,0.3845,0.7499,0.8599,0.3591,0.432
002690,美亚光电,64.11,False,14.78,14.49,1,2.0,-7.94,-4.09,2.0,0.0282,从未跌破（观测期内）,2026-07-03,55.49,0.3765,0.356,0.2777,0.5683,0.9892,0.5372,0.4318
002463,沪电股份,2602.52,False,135.35,139.85,20,19.83,-6.86,7.54,-3.22,0.4263,从未跌破（观测期内）,2026-07-03,55.01,0.0519,0.0315,0.8598,0.2437,0.9999,0.0,0.4314
002203,海亮股份,481.58,False,21.77,22.46,12,23.75,-12.85,4.91,-3.09,0.2365,从未跌破（观测期内）,2026-07-03,44.44,0.7472,0.2141,0.9147,0.734,0.7654,0.0,0.4312
601456,国联民生,394.8,False,9.02,9.12,11,6.41,-5.95,0.38,-1.05,0.1871,从未跌破（观测期内）,2026-07-03,42.11,0.5892,0.2376,0.3948,0.6485,0.7135,0.342,0.431
603611,诺力股份,46.73,False,18.14,17.23,2,5.3,-8.61,-3.52,5.3,0.1371,从未跌破（观测期内）,2026-07-03,56.28,0.1814,1.4927,0.3826,0.5088,0.9716,0.3624,0.4307
002567,唐人神,50.25,False,3.51,3.37,3,5.97,-11.58,-5.43,4.09,0.0143,从未跌破（观测期内）,2026-07-03,53.7,0.5455,0.8996,0.4057,0.7273,0.9712,0.3239,0.4304
002245,蔚蓝锂芯,326.78,True,20.34,20.3,13,9.46,-10.01,0.47,0.19,0.2231,从未跌破（观测期内）,2026-07-03,55.6,0.4815,0.2152,0.7158,0.575,0.9866,0.0,0.4303
600784,鲁银投资,52.7,False,7.8,6.97,3,11.88,-10.6,-4.82,11.88,0.1772,从未跌破（观测期内）,2026-07-03,64.58,0.6783,0.4495,0.5795,0.7868,0.7872,0.0342,0.4301
002767,先锋电子,23.49,True,18.04,17.56,2,2.75,-10.1,-3.42,2.75,0.0787,从未跌破（观测期内）,2026-07-03,46.95,0.7308,1.3214,0.503,0.8385,0.8211,0.1617,0.4296
603298,杭叉集团,344.09,False,26.27,24.61,4,6.75,-9.96,-2.92,6.75,0.1855,从未跌破（观测期内）,2026-07-03,59.51,0.3104,1.4348,0.4852,0.5863,0.8998,0.1913,0.4294
603520,司太立,45.38,False,10.35,9.87,9,13.05,-15.81,-4.11,4.82,0.1609,从未跌破（观测期内）,2026-07-03,63.32,0.7932,0.0413,0.4866,0.6924,0.8152,0.1891,0.4289
002297,博云新材,158.06,True,27.58,26.49,14,42.37,-15.67,8.77,4.11,0.5449,从未跌破（观测期内）,2026-07-03,64.39,0.1594,-0.2158,0.7593,0.2093,0.7913,0.0,0.4286
600203,福日电子,76.02,True,12.82,12.17,7,5.3,-11.51,-2.52,5.3,0.2049,从未跌破（观测期内）,2026-07-03,64.36,0.5824,0.4955,0.6312,0.7476,0.792,0.0,0.4273
603757,大元泵业,134.3,False,71.99,61.5,11,32.08,-18.38,6.07,17.06,0.5767,从未跌破（观测期内）,2026-07-03,75.31,0.4934,-0.3746,0.9664,0.3462,0.5487,0.0,0.427
002353,杰瑞股份,1115.75,False,161.46,155.09,19,16.64,-5.21,4.91,4.1,0.5277,从未跌破（观测期内）,2026-07-03,59.03,-0.5186,-0.1652,0.7085,0.1339,0.9104,0.0,0.4266
002493,荣盛石化,1090.69,False,11.68,11.45,8,6.43,-8.15,-0.98,2.03,0.1744,从未跌破（观测期内）,2026-07-03,52.85,0.4384,0.971,0.6302,0.6631,0.9523,0.0,0.426
603977,国泰集团,96.23,False,15.49,14.11,11,16.8,-12.7,0.8,9.77,0.4394,从未跌破（观测期内）,2026-07-03,72.9,0.5546,-0.0346,0.6694,0.5189,0.6022,0.0,0.4259
000960,锡业股份,666.07,False,40.48,40.78,15,16.44,-11.6,3.41,-0.73,0.3058,从未跌破（观测期内）,2026-07-03,55.26,0.5606,-0.2946,0.9588,0.4185,0.9943,0.0,0.4258
603399,永杉锂业,102.46,False,20.0,20.32,15,20.29,-15.36,6.14,-1.57,0.3528,从未跌破（观测期内）,2026-07-03,48.49,0.4522,-0.0438,0.961,0.4538,0.8554,0.0,0.4256
000028,国药一致,107.06,False,20.36,19.8,2,2.8,-5.38,-2.69,2.8,0.1232,从未跌破（观测期内）,2026-07-03,53.46,0.2791,0.1285,0.2872,0.4188,0.9658,0.5214,0.4254
605018,长华集团,70.13,False,14.92,15.24,9,34.26,-13.95,2.68,-2.07,0.1585,从未跌破（观测期内）,2026-07-03,45.35,0.6968,0.5968,0.8202,0.8181,0.7855,0.0,0.425
600690,海尔智家,1286.87,False,20.58,20.28,9,2.59,-5.27,-1.09,1.48,0.234,从未跌破（观测期内）,2026-07-03,44.03,0.2687,0.2053,0.3228,0.4434,0.7563,0.4621,0.425
002833,弘亚数控,55.62,False,19.02,18.04,6,7.56,-9.01,-2.69,5.42,0.1647,从未跌破（观测期内）,2026-07-03,61.47,0.6215,0.2947,0.5402,0.6908,0.8561,0.0996,0.4247
603700,宁水集团,23.02,False,11.51,11.05,9,5.88,-8.5,-1.28,4.21,0.2164,从未跌破（观测期内）,2026-07-03,74.77,0.5629,0.3154,0.3612,0.6639,0.5607,0.3981,0.4244
603129,春风动力,403.55,False,262.93,237.61,11,10.66,-6.65,0.74,10.66,0.4435,从未跌破（观测期内）,2026-07-03,80.31,0.0293,0.4975,0.3809,0.4166,0.4375,0.3652,0.4238
601021,春秋航空,457.08,False,46.72,46.18,9,3.9,-6.04,-0.72,1.17,0.2255,从未跌破（观测期内）,2026-07-03,54.87,0.5473,-0.3915,0.436,0.3718,0.9971,0.2733,0.4236
003025,思进智能,34.1,True,15.06,15.47,12,13.85,-11.8,0.87,-2.67,0.1458,从未跌破（观测期内）,2026-07-03,41.82,0.7653,0.4965,0.5637,0.8578,0.707,0.0605,0.4232
603893,瑞芯微,761.28,True,180.03,175.83,11,7.73,-11.56,-1.53,2.39,0.1964,从未跌破（观测期内）,2026-07-03,66.71,0.7949,-0.003,0.4889,0.6757,0.7399,0.1851,0.4232
002484,江海股份,803.73,False,97.96,97.36,22,54.32,0.62,20.89,0.62,0.6155,从未跌破（观测期内）,2026-07-03,61.4,-0.4296,-0.4473,1.0477,0.0211,0.8577,0.0,0.423
605183,确成股份,61.82,False,14.99,15.03,9,10.39,-7.05,-1.12,-0.29,0.1253,从未跌破（观测期内）,2026-07-03,52.75,0.8529,-0.2987,0.4608,0.5923,0.9501,0.232,0.423
601919,中远海控,1722.76,False,13.72,13.71,7,4.07,-4.82,-1.48,0.04,0.1433,从未跌破（观测期内）,2026-07-03,41.33,0.5696,0.1375,0.2939,0.5968,0.6963,0.5102,0.4223
600265,*ST景谷,31.28,False,24.1,22.98,8,24.82,-13.02,-0.31,4.86,0.2411,从未跌破（观测期内）,2026-07-03,54.19,0.6115,-0.5888,0.4495,0.3669,0.9819,0.2508,0.4222
002772,众兴菌业,51.58,False,13.88,12.53,2,10.74,-14.1,-5.86,10.74,0.1353,从未跌破（观测期内）,2026-07-03,59.01,0.5641,2.2255,0.5958,0.7385,0.9109,0.0069,0.422
000800,一汽解放,304.6,False,6.19,6.07,7,4.08,-3.89,-0.75,1.95,0.2289,从未跌破（观测期内）,2026-07-03,44.06,0.6886,-0.3629,0.352,0.468,0.7568,0.4133,0.4219
600288,大恒科技,56.13,True,12.85,12.86,4,2.73,-10.81,-3.44,-0.1,0.0121,从未跌破（观测期内）,2026-07-03,57.73,0.6433,0.6486,0.4691,0.786,0.9393,0.2182,0.4219
000850,华茂股份,38.11,False,4.04,3.74,2,8.14,-8.38,-4.86,8.14,0.1528,从未跌破（观测期内）,2026-07-03,61.68,0.2835,1.6248,0.4106,0.5701,0.8515,0.3157,0.4213
600183,生益科技,3849.88,True,160.78,164.7,20,31.65,-7.25,16.87,-2.38,0.5086,从未跌破（观测期内）,2026-07-03,54.03,-0.0232,-0.2833,0.8812,0.0867,0.9785,0.0,0.4208
605060,联德股份,125.78,False,52.64,50.95,10,12.8,-15.21,-1.37,3.32,0.2077,从未跌破（观测期内）,2026-07-03,58.13,0.664,0.0207,0.773,0.6067,0.9304,0.0,0.4208
600062,华润双鹤,177.23,False,17.07,16.64,7,2.57,-6.51,-1.3,2.57,0.2313,从未跌破（观测期内）,2026-07-03,48.95,-0.1773,1.0038,0.381,0.4,0.8656,0.3651,0.4204
002301,齐心集团,58.09,False,8.09,7.54,7,7.25,-9.08,-2.48,7.25,0.2431,从未跌破（观测期内）,2026-07-03,61.7,0.5369,0.2019,0.5914,0.6029,0.8511,0.0143,0.4203
600439,瑞贝卡,25.36,False,2.24,2.24,5,13.88,-13.04,-5.33,0.11,0.0,从未跌破（观测期内）,2026-07-03,47.76,0.8744,0.982,0.5155,0.9247,0.8391,0.1408,0.4201
003013,地铁设计,57.77,False,14.35,15.3,15,10.82,-6.18,2.96,-6.18,0.158,从未跌破（观测期内）,2026-07-03,48.02,0.5857,0.9619,0.6235,0.7514,0.8449,0.0,0.42
600180,*ST瑞茂,15.21,False,1.4,1.29,2,8.36,-19.79,-8.88,8.36,0.0187,从未跌破（观测期内）,2026-07-03,55.88,0.7754,1.4879,0.6725,0.8653,0.9804,0.0,0.4199
603124,江南新材,133.98,False,172.63,182.21,20,33.5,-5.26,15.5,-5.26,0.4367,从未跌破（观测期内）,2026-07-03,47.47,0.2613,-0.1064,1.0014,0.3142,0.8326,0.0,0.4198
002755,奥赛康,140.52,False,15.14,13.17,5,14.99,-18.24,-5.81,14.99,0.1844,从未跌破（观测期内）,2026-07-03,71.49,0.8318,0.186,0.4965,0.7735,0.6336,0.1726,0.4197
600864,哈投股份,112.35,False,5.4,5.32,8,3.04,-8.69,-2.44,1.52,0.1363,从未跌破（观测期内）,2026-07-03,54.74,0.6803,-0.2069,0.4612,0.5254,0.9942,0.2313,0.4194
600563,法拉电子,353.38,True,157.06,168.46,15,15.99,-9.81,4.6,-6.77,0.1845,从未跌破（观测期内）,2026-07-03,56.47,0.7426,-0.0934,0.926,0.6082,0.9674,0.0,0.4193
603566,普莱柯,36.16,False,10.45,10.07,7,3.77,-6.63,-1.87,3.77,0.2143,从未跌破（观测期内）,2026-07-03,56.69,0.3484,-0.2473,0.3492,0.3101,0.9624,0.418,0.4184
605123,派克新材,124.08,False,102.4,98.16,3,4.32,-12.72,-5.21,4.32,0.0256,从未跌破（观测期内）,2026-07-03,54.89,0.6753,0.5602,0.5712,0.8052,0.9977,0.048,0.4182
002456,欧菲光,307.21,True,9.26,9.22,12,9.97,-5.91,0.46,0.38,0.2301,从未跌破（观测期内）,2026-07-03,56.64,0.7336,-0.2669,0.6636,0.5334,0.9637,0.0,0.4181
002196,方正电机,68.33,False,13.99,12.93,4,8.18,-15.96,-6.74,8.18,0.0995,从未跌破（观测期内）,2026-07-03,60.5,0.6841,1.3553,0.74,0.8105,0.8778,0.0,0.418
000629,钒钛股份,311.23,False,3.35,3.26,6,8.85,-11.37,-3.38,2.7,0.0784,从未跌破（观测期内）,2026-07-03,58.96,0.5931,1.3733,0.5407,0.7559,0.9121,0.0988,0.4176
600817,XD宇通重,49.27,False,9.31,9.15,1,1.79,-6.25,-4.05,1.79,0.0535,从未跌破（观测期内）,2026-07-03,51.81,0.3703,0.2412,0.2786,0.5186,0.9292,0.5357,0.4173
600818,ST中路,14.4,False,6.05,5.75,7,5.23,-9.33,-2.01,5.23,0.227,从未跌破（观测期内）,2026-07-03,58.37,0.4263,0.0053,0.4929,0.4579,0.925,0.1786,0.4171
002403,爱仕达,31.83,False,10.71,9.72,3,10.23,-14.53,-6.18,10.23,0.1431,从未跌破（观测期内）,2026-07-03,56.96,0.4572,1.9208,0.6281,0.6743,0.9565,0.0,0.4171
603683,晶华新材,86.98,False,30.18,31.26,16,18.01,-9.15,3.85,-3.46,0.2641,从未跌破（观测期内）,2026-07-03,50.03,0.4425,0.1703,0.6741,0.5336,0.8896,0.0,0.417
002822,ST中装,36.66,False,3.43,2.81,7,22.09,-14.86,-1.44,22.09,0.3253,从未跌破（观测期内）,2026-07-03,77.55,0.5521,3.4991,0.5848,0.7312,0.4989,0.0254,0.4165
002428,云南锗业,686.14,True,105.07,103.94,16,35.91,-11.63,10.64,1.09,0.5317,从未跌破（观测期内）,2026-07-03,58.62,0.1173,-0.4795,0.9939,0.0786,0.9196,0.0,0.4163
002669,康达新材,52.34,False,17.29,17.31,19,23.32,-2.15,6.33,-0.09,0.4583,从未跌破（观测期内）,2026-07-03,59.98,0.2017,-0.2571,0.9281,0.2182,0.8894,0.0,0.4157
002029,七 匹 狼,57.36,False,8.62,8.18,3,5.44,-15.55,-5.93,5.44,0.0354,从未跌破（观测期内）,2026-07-03,56.29,0.5646,1.7524,0.5098,0.7387,0.9713,0.1503,0.4156
002555,三七互娱,308.11,False,19.41,18.45,6,6.18,-9.03,-2.52,5.19,0.1774,从未跌破（观测期内）,2026-07-03,63.43,0.2993,0.4415,0.4277,0.5562,0.8126,0.2872,0.4156
001324,长青科技,27.53,True,19.95,18.48,8,8.95,-10.63,-2.08,7.96,0.2744,从未跌破（观测期内）,2026-07-03,63.28,0.2863,0.2718,0.5117,0.4805,0.816,0.1472,0.4152
603179,新泉股份,381.88,False,53.47,50.11,2,6.7,-11.26,-4.61,6.7,0.1117,从未跌破（观测期内）,2026-07-03,59.24,0.5924,0.6885,0.6578,0.7554,0.9058,0.0,0.4147
600783,鲁信创投,165.84,True,22.28,21.08,7,5.69,-14.89,-3.45,5.69,0.1674,从未跌破（观测期内）,2026-07-03,53.65,0.3579,1.1523,0.8342,0.6147,0.9699,0.0,0.4146
603667,五洲新春,278.86,False,76.15,67.31,3,13.13,-15.6,-6.79,13.13,0.128,从未跌破（观测期内）,2026-07-03,68.64,0.8263,0.941,0.6728,0.8958,0.6969,0.0,0.4145
600363,联创光电,165.97,True,36.81,33.98,4,9.01,-13.89,-5.96,8.33,0.123,从未跌破（观测期内）,2026-07-03,60.8,0.6066,0.6956,0.7006,0.764,0.8711,0.0,0.4144
002134,天津普林,72.1,False,29.12,28.79,12,6.96,-11.38,-0.85,1.13,0.1979,从未跌破（观测期内）,2026-07-03,55.48,0.2442,0.4482,0.5769,0.5258,0.9893,0.0384,0.4142
603618,杭电股份,338.77,False,49.0,47.64,20,29.78,-3.04,10.93,2.85,0.6393,从未跌破（观测期内）,2026-07-03,64.44,-0.1995,-0.5223,0.9369,0.0,0.7903,0.0,0.4138
000651,格力电器,2116.59,False,38.33,37.67,3,1.74,-4.33,-1.79,1.74,0.1506,从未跌破（观测期内）,2026-07-03,47.98,-0.3171,0.2738,0.1704,0.3095,0.8441,0.7161,0.4138
603848,好太太,58.51,False,14.54,13.94,4,5.14,-8.57,-3.2,4.27,0.1193,从未跌破（观测期内）,2026-07-03,55.26,0.3409,2.1474,0.5366,0.6045,0.9943,0.1057,0.4136
002824,和胜股份,72.56,False,32.08,33.27,19,39.83,-3.59,15.02,-3.59,0.4625,从未跌破（观测期内）,2026-07-03,57.84,0.129,-0.2822,0.8788,0.1645,0.937,0.0,0.4135
600955,维远股份,86.95,False,15.81,15.61,6,3.97,-11.91,-3.47,1.27,0.0434,从未跌破（观测期内）,2026-07-03,51.33,0.5634,0.7322,0.4911,0.7381,0.9184,0.1815,0.4128
600039,四川路桥,734.78,False,8.45,8.21,7,2.91,-4.87,-1.13,2.91,0.2388,从未跌破（观测期内）,2026-07-03,57.81,0.0752,-0.2901,0.21,0.1291,0.9375,0.65,0.4128
003010,若羽臣,55.9,False,24.72,23.85,4,5.43,-12.07,-4.4,3.66,0.0464,从未跌破（观测期内）,2026-07-03,49.14,0.5292,0.4325,0.4104,0.6905,0.8698,0.3159,0.4126
000157,中联重科,506.9,False,7.17,7.38,10,4.19,-5.97,-0.35,-2.87,0.1337,从未跌破（观测期内）,2026-07-03,44.83,0.3271,0.3982,0.339,0.5556,0.7739,0.4351,0.4124
002552,宝鼎科技,240.93,True,65.38,65.22,18,41.75,-7.12,16.51,0.24,0.5425,从未跌破（观测期内）,2026-07-03,56.11,-0.1039,-0.5701,1.1529,0.0,0.9753,0.0,0.412
600539,狮头股份,38.71,False,16.83,15.35,10,13.28,-13.58,-0.63,9.65,0.3844,从未跌破（观测期内）,2026-07-03,52.77,0.3806,-0.395,0.9213,0.2703,0.9504,0.0,0.4114
600111,北方稀土,1755.84,True,48.57,49.13,7,9.2,-7.51,-1.24,-1.14,0.0847,从未跌破（观测期内）,2026-07-03,47.53,0.8565,0.1306,0.5238,0.7662,0.834,0.127,0.4113
001205,盛航股份,22.99,False,13.81,14.0,5,2.34,-4.27,-1.47,-1.39,0.1033,从未跌破（观测期内）,2026-07-03,47.96,-0.1085,0.5923,0.1969,0.4,0.8436,0.6718,0.4108
603256,宏和科技,2093.75,True,238.0,240.9,20,31.04,-2.31,18.22,-1.2,0.5381,从未跌破（观测期内）,2026-07-03,57.92,-0.3396,-0.416,0.9813,0.0336,0.9351,0.0,0.4107
000679,大连友谊,22.27,False,6.25,6.5,6,16.92,-7.99,-0.99,-3.79,0.0,从未跌破（观测期内）,2026-07-03,51.5,0.8418,1.9647,0.6793,0.9051,0.9222,0.0,0.4107
002958,青农商行,153.94,False,2.83,2.85,5,1.96,-4.55,-1.24,-0.81,0.1212,从未跌破（观测期内）,2026-07-03,34.88,0.6067,0.0959,0.1961,0.6024,0.553,0.6731,0.4106
600129,太极集团,77.69,False,14.09,13.15,4,7.12,-11.02,-4.31,7.12,0.1445,从未跌破（观测期内）,2026-07-03,57.32,0.2699,1.4714,0.5124,0.562,0.9484,0.146,0.4099
002364,中恒电气,295.24,False,52.9,52.37,13,7.45,-11.86,0.14,1.01,0.2485,从未跌破（观测期内）,2026-07-03,62.82,0.4281,0.3102,0.7584,0.5809,0.8263,0.0,0.4099
002139,拓邦股份,110.11,False,10.28,9.74,1,5.56,-10.38,-5.13,5.56,0.071,从未跌破（观测期内）,2026-07-03,62.54,0.4835,2.6533,0.4304,0.6901,0.8324,0.2827,0.4098
600150,中国船舶,2255.54,False,37.15,35.32,3,5.19,-8.53,-3.43,5.19,0.1338,从未跌破（观测期内）,2026-07-03,58.19,0.3214,1.5162,0.5112,0.5928,0.9291,0.148,0.4098
601869,长飞光纤,1930.43,True,475.08,492.63,20,29.41,-5.55,12.29,-3.56,0.4791,从未跌破（观测期内）,2026-07-03,56.13,0.0672,-0.3689,0.8665,0.0928,0.9749,0.0,0.4098
603890,春秋电子,104.74,True,23.44,26.02,12,38.08,-9.9,5.14,-9.9,0.072,从未跌破（观测期内）,2026-07-03,52.52,0.6064,7.4108,0.886,0.7638,0.9449,0.0,0.4087
600618,氯碱化工,78.21,False,10.43,10.5,9,4.19,-11.34,-2.16,-0.64,0.0749,从未跌破（观测期内）,2026-07-03,47.57,0.6059,1.2366,0.5168,0.7635,0.8348,0.1386,0.4086
603933,睿能科技,49.08,True,23.65,23.08,5,2.46,-11.08,-3.62,2.46,0.0664,从未跌破（观测期内）,2026-07-03,60.33,0.4879,0.3943,0.4291,0.6505,0.8815,0.2848,0.4082
600615,鑫源智造,22.21,False,9.86,9.66,4,6.9,-13.64,-6.0,2.06,0.0,从未跌破（观测期内）,2026-07-03,54.89,0.7245,0.9016,0.6775,0.8347,0.9977,0.0,0.4082
603284,林平发展,7.34,False,39.71,37.95,1,4.64,-10.1,-5.53,4.64,0.0439,从未跌破（观测期内）,2026-07-03,55.77,0.2432,1.087,0.3708,0.5459,0.983,0.382,0.408
002546,新联电子,58.17,True,7.26,7.14,10,9.15,-13.6,-3.28,1.64,0.1179,从未跌破（观测期内）,2026-07-03,60.2,0.7345,0.1223,0.5538,0.6896,0.8844,0.077,0.408
000089,深圳机场,130.43,False,6.36,6.2,3,2.5,-5.98,-2.93,2.5,0.1263,从未跌破（观测期内）,2026-07-03,50.5,0.0166,0.3774,0.2524,0.361,0.8999,0.5794,0.4076
603075,热威股份,9.37,False,22.71,22.62,2,1.24,-9.91,-5.85,0.4,0.0,从未跌破（观测期内）,2026-07-03,51.74,0.8184,-0.4279,0.2327,0.5199,0.9275,0.6122,0.4073
000597,东北制药,63.56,False,4.51,4.39,3,2.75,-7.43,-2.8,2.75,0.1067,从未跌破（观测期内）,2026-07-03,49.62,0.5205,0.0113,0.3667,0.5168,0.8804,0.3888,0.4063
002423,中粮资本,207.37,False,9.0,8.84,7,2.36,-7.07,-2.59,1.84,0.1405,从未跌破（观测期内）,2026-07-03,51.77,0.3103,1.1003,0.5291,0.5862,0.9282,0.1181,0.4061
000516,国际医学,87.77,False,4.0,4.0,3,0.69,-9.27,-3.92,0.13,0.0113,从未跌破（观测期内）,2026-07-03,52.78,0.3234,0.7981,0.3494,0.594,0.9506,0.4176,0.4058
002311,海大集团,746.12,False,45.39,43.29,6,6.59,-6.38,-1.52,4.85,0.2085,从未跌破（观测期内）,2026-07-03,54.17,0.0743,-0.0687,0.3135,0.2171,0.9816,0.4775,0.4056
605259,绿田机械,31.91,False,18.5,18.15,4,1.92,-4.65,-1.39,1.92,0.1773,从未跌破（观测期内）,2026-07-03,57.38,0.1717,-0.075,0.2924,0.273,0.9472,0.5126,0.4055
603235,天新药业,102.18,False,23.34,22.48,3,3.83,-6.16,-3.1,3.83,0.1383,从未跌破（观测期内）,2026-07-03,53.27,-0.0367,0.3726,0.3182,0.3491,0.9616,0.4697,0.4054
600143,金发科技,448.18,True,17.01,16.02,1,6.19,-9.87,-3.6,6.19,0.1287,从未跌破（观测期内）,2026-07-03,60.24,0.5095,0.9252,0.5977,0.7057,0.8836,0.0039,0.4052
603579,荣泰健康,37.96,False,18.88,18.43,6,8.49,-10.59,-3.68,2.42,0.064,从未跌破（观测期内）,2026-07-03,50.84,0.5203,0.583,0.5204,0.7122,0.9076,0.1326,0.405
600222,太龙药业,45.39,False,7.91,7.6,7,10.62,-15.43,-2.43,4.04,0.1514,从未跌破（观测期内）,2026-07-03,50.14,0.5889,0.275,0.7037,0.6633,0.892,0.0,0.4048
003033,征和工业,48.36,True,59.89,54.03,8,14.85,-16.16,-3.11,10.84,0.2995,从未跌破（观测期内）,2026-07-03,73.91,0.7564,0.0546,0.8049,0.6757,0.5797,0.0,0.4046
002845,同兴达,38.89,False,15.54,15.65,14,5.5,-8.97,0.63,-0.68,0.2671,从未跌破（观测期内）,2026-07-03,60.09,0.2732,0.2919,0.6611,0.4807,0.887,0.0,0.4044
003011,海象新材,16.06,False,20.9,19.35,1,8.0,-12.22,-6.81,8.0,0.0457,从未跌破（观测期内）,2026-07-03,58.0,0.659,1.8938,0.7382,0.7954,0.9333,0.0,0.4038
002437,誉衡药业,62.16,False,2.96,2.7,4,9.81,-10.74,-5.01,9.81,0.1837,从未跌破（观测期内）,2026-07-03,61.82,0.3658,1.221,0.5779,0.6195,0.8485,0.0369,0.4036
003036,泰坦股份,190.2,False,87.81,89.54,20,45.07,-6.28,21.69,-1.93,0.5199,从未跌破（观测期内）,2026-07-03,53.97,-0.0955,-0.6121,1.0348,0.0,0.9771,0.0,0.4034
001380,华纬科技,40.17,True,17.26,16.39,1,5.3,-11.19,-5.67,5.3,0.043,从未跌破（观测期内）,2026-07-03,59.56,0.4422,2.0994,0.4399,0.6653,0.8988,0.2668,0.4033
603066,XD音飞储,31.62,False,10.75,10.32,2,4.14,-8.3,-4.49,4.14,0.0743,从未跌破（观测期内）,2026-07-03,60.32,0.2433,0.4166,0.3241,0.5126,0.8817,0.4598,0.4032
000026,飞亚达,79.8,False,21.89,21.16,6,3.44,-9.18,-3.29,3.44,0.1369,从未跌破（观测期内）,2026-07-03,60.16,0.5462,0.3417,0.579,0.6644,0.8852,0.035,0.4032
600835,上海机电,176.06,False,21.83,20.8,4,4.94,-14.22,-5.32,4.94,0.054,从未跌破（观测期内）,2026-07-03,61.83,0.7085,0.4422,0.5552,0.802,0.8482,0.0747,0.4029
603901,永创智能,63.18,True,11.65,10.78,4,8.06,-9.71,-4.38,8.06,0.1612,从未跌破（观测期内）,2026-07-03,63.75,0.2161,1.1244,0.4205,0.5297,0.8056,0.2991,0.4029
002793,罗欣药业,46.8,False,4.31,4.06,3,6.07,-12.25,-4.86,6.07,0.0911,从未跌破（观测期内）,2026-07-03,53.8,0.2983,0.6034,0.4934,0.579,0.9733,0.1777,0.4025
001313,粤海饲料,54.32,False,7.77,7.44,3,15.61,-17.39,-6.4,4.44,0.0,从未跌破（观测期内）,2026-07-03,54.21,0.7052,1.0632,0.7479,0.8231,0.9825,0.0,0.4023
002698,博实股份,115.98,False,13.74,12.08,4,13.71,-12.51,-4.29,13.71,0.2065,从未跌破（观测期内）,2026-07-03,72.18,0.6265,4.1849,0.593,0.7759,0.6183,0.0117,0.402
002424,ST百灵,52.76,False,4.58,4.46,4,3.47,-6.64,-2.5,2.75,0.1326,从未跌破（观测期内）,2026-07-03,54.48,0.055,1.205,0.4317,0.433,0.9884,0.2805,0.401
600165,ST宁科,21.18,False,2.89,2.74,2,5.49,-9.55,-4.82,5.49,0.1012,从未跌破（观测期内）,2026-07-03,53.49,0.2181,1.8078,0.4623,0.5309,0.9664,0.2296,0.4009
600031,三一重工,1572.85,False,18.56,18.41,7,4.6,-7.75,-1.87,0.79,0.1348,从未跌破（观测期内）,2026-07-03,47.13,0.3855,0.6176,0.5039,0.6313,0.825,0.1602,0.4008
600548,深高速,148.81,False,8.68,8.47,1,2.5,-5.39,-2.56,2.5,0.1082,从未跌破（观测期内）,2026-07-03,50.86,-0.1443,0.4097,0.2602,0.3639,0.9079,0.5663,0.4008
600619,海立股份,115.06,False,14.58,14.84,5,7.25,-16.04,-5.18,-1.75,0.0,从未跌破（观测期内）,2026-07-03,46.64,0.7125,0.532,0.477,0.8275,0.8141,0.2051,0.4005
002299,圣农发展,199.0,False,16.33,15.92,2,2.54,-7.56,-3.76,2.54,0.0681,从未跌破（观测期内）,2026-07-03,48.96,0.2307,0.4043,0.3012,0.5001,0.8657,0.498,0.4001
000848,承德露露,80.79,False,7.99,7.68,2,4.01,-6.26,-3.26,4.01,0.1301,从未跌破（观测期内）,2026-07-03,53.29,0.282,-0.2111,0.2649,0.2847,0.962,0.5584,0.3994
002681,奋达科技,74.07,True,4.72,4.84,0,-1.39,-10.95,-7.19,-2.45,0.0,从未跌破（观测期内）,2026-07-03,47.7,0.742,0.6225,0.5182,0.8452,0.8378,0.1363,0.3993
601890,亚星锚链,82.6,False,8.61,8.56,1,0.61,-9.78,-4.81,0.61,0.0,从未跌破（观测期内）,2026-07-03,49.78,0.4377,0.5133,0.3729,0.6626,0.884,0.3785,0.3992
001279,强邦新材,11.19,False,27.98,26.95,6,3.83,-14.71,-5.69,3.83,0.0489,从未跌破（观测期内）,2026-07-03,57.45,0.7265,0.3128,0.604,0.761,0.9455,0.0,0.3989
002126,银轮股份,423.1,False,53.21,49.4,5,7.71,-10.27,-3.04,7.71,0.2022,从未跌破（观测期内）,2026-07-03,61.24,0.3054,1.1057,0.6728,0.5832,0.8612,0.0,0.3989
002346,柘中股份,79.21,False,20.2,19.21,10,21.91,-19.1,-1.06,5.13,0.261,从未跌破（观测期内）,2026-07-03,68.58,0.7633,-0.0962,0.7941,0.6195,0.6981,0.0,0.3989
603459,红板科技,77.39,True,97.9,91.53,10,22.42,-20.88,-1.42,6.96,0.2976,从未跌破（观测期内）,2026-07-03,66.97,0.6921,-0.2102,1.0419,0.5312,0.734,0.0,0.3986
603213,镇洋发展,62.82,False,14.12,14.2,10,5.96,-4.96,0.13,-0.58,0.2016,从未跌破（观测期内）,2026-07-03,35.75,0.7645,-0.6174,0.2455,0.4587,0.5721,0.5908,0.3984
601020,华钰矿业,194.91,False,23.77,23.66,12,10.72,-18.89,-3.94,0.48,0.1045,从未跌破（观测期内）,2026-07-03,58.62,0.4834,0.5346,0.8111,0.6901,0.9197,0.0,0.3982
600596,新安股份,179.5,False,13.3,15.39,19,19.36,-13.6,9.95,-13.6,0.2109,从未跌破（观测期内）,2026-07-03,45.23,0.3896,0.4867,0.9075,0.6285,0.7828,0.0,0.398
002333,罗普斯金,32.99,False,4.95,4.84,1,2.34,-5.81,-3.44,2.34,0.075,从未跌破（观测期内）,2026-07-03,50.94,0.2338,0.2066,0.2786,0.4229,0.9099,0.5356,0.398
002101,广东鸿图,61.52,False,9.29,8.89,9,8.11,-7.81,-1.0,4.55,0.2319,从未跌破（观测期内）,2026-07-03,67.98,0.5312,-0.2489,0.369,0.4191,0.7115,0.3851,0.3976
002950,奥美医疗,40.51,False,9.43,9.26,7,9.67,-15.8,-4.75,1.81,0.0378,从未跌破（观测期内）,2026-07-03,54.85,0.8355,0.0698,0.5973,0.7292,0.9966,0.0045,0.3974
600987,航民股份,66.05,False,6.47,6.35,3,1.85,-5.74,-2.22,1.85,0.1319,从未跌破（观测期内）,2026-07-03,50.32,-0.1748,0.417,0.3058,0.3668,0.896,0.4903,0.3972
002997,瑞鹄模具,64.41,False,30.77,29.01,6,6.05,-15.34,-4.17,6.05,0.1424,从未跌破（观测期内）,2026-07-03,57.7,0.3247,0.6196,0.5865,0.5948,0.9401,0.0226,0.3971
002239,奥特佳,67.86,False,2.53,2.48,4,2.02,-8.63,-3.86,2.02,0.0711,从未跌破（观测期内）,2026-07-03,56.86,0.1563,0.3068,0.3096,0.4165,0.9586,0.4841,0.3969
002031,巨轮智能,119.03,True,6.22,5.91,1,5.23,-16.91,-8.19,5.23,0.0,从未跌破（观测期内）,2026-07-03,60.57,0.8115,0.8441,0.7277,0.8869,0.8761,0.0,0.3969
000685,中山公用,141.49,False,11.35,11.01,10,6.27,-10.96,-2.23,3.05,0.1797,从未跌破（观测期内）,2026-07-03,60.55,0.4986,-0.2511,0.4034,0.3987,0.8766,0.3277,0.396
002538,ST司特,52.2,False,6.12,5.94,6,4.47,-7.85,-1.92,2.98,0.1591,从未跌破（观测期内）,2026-07-03,53.55,-0.0596,0.3279,0.3765,0.3312,0.9677,0.3725,0.3959
603800,洪田股份,159.87,False,76.86,78.25,21,24.98,-1.78,11.32,-1.78,0.5397,从未跌破（观测期内）,2026-07-03,59.55,-0.1234,-0.6236,0.8745,0.0,0.899,0.0,0.3957
002033,丽江股份,46.76,False,8.51,8.49,5,1.89,-3.79,-1.19,0.27,0.1587,从未跌破（观测期内）,2026-07-03,40.98,0.6074,-0.2034,0.3074,0.4831,0.6885,0.4877,0.3951
002206,海 利 得,57.39,False,5.43,5.37,11,4.87,-6.71,-0.64,1.06,0.2415,从未跌破（观测期内）,2026-07-03,55.1,0.3103,-0.562,0.3911,0.1862,0.9977,0.3482,0.3949
600329,达仁堂,226.67,False,39.97,38.03,3,5.1,-7.45,-3.07,5.1,0.157,从未跌破（观测期内）,2026-07-03,58.15,-0.0002,0.4342,0.3909,0.3737,0.9301,0.3485,0.3945
600976,健民集团,44.93,False,29.31,27.11,4,8.11,-10.71,-5.07,8.11,0.1397,从未跌破（观测期内）,2026-07-03,60.36,0.4149,1.4245,0.6039,0.649,0.8808,0.0,0.3943
601798,蓝科高新,26.24,False,7.4,7.4,3,2.68,-10.62,-5.09,-0.03,0.0,从未跌破（观测期内）,2026-07-03,51.82,0.6389,0.9445,0.5506,0.7833,0.9293,0.0824,0.3941
002897,意华股份,143.3,False,77.7,85.92,15,27.11,-9.57,5.18,-9.57,0.1289,从未跌破（观测期内）,2026-07-03,49.08,0.4589,1.041,1.0382,0.6753,0.8685,0.0,0.3941
002384,东山精密,3226.39,True,232.73,242.47,17,21.18,-8.67,6.52,-4.02,0.333,从未跌破（观测期内）,2026-07-03,54.1,-0.0626,0.1484,0.9065,0.2594,0.9801,0.0,0.3941
600409,三友化工,130.05,False,6.3,6.36,9,7.81,-10.35,-1.8,-0.89,0.076,从未跌破（观测期内）,2026-07-03,52.76,0.5079,0.4264,0.5812,0.6753,0.9502,0.0313,0.394
603855,华荣股份,55.36,False,16.5,16.37,3,1.06,-6.18,-3.32,0.79,0.0672,从未跌破（观测期内）,2026-07-03,50.65,-0.0196,0.5416,0.2548,0.4,0.9034,0.5753,0.3938
002655,共达电声,148.06,False,40.69,41.4,15,28.48,-8.64,7.25,-1.7,0.3774,从未跌破（观测期内）,2026-07-03,61.68,0.4245,-0.411,0.9178,0.2903,0.8516,0.0,0.3938
600332,白云山,297.91,True,21.19,20.77,6,2.01,-5.43,-1.4,2.01,0.2078,从未跌破（观测期内）,2026-07-03,49.44,-0.0535,0.0479,0.2777,0.2191,0.8763,0.5371,0.3937
603630,拉芳家化,31.66,False,14.06,13.25,5,7.23,-10.59,-3.96,6.12,0.1337,从未跌破（观测期内）,2026-07-03,57.22,0.3307,0.9156,0.5982,0.5984,0.9507,0.003,0.3937
601827,三峰环境,125.23,False,7.49,7.51,2,3.53,-6.49,-2.42,-0.27,0.0466,从未跌破（观测期内）,2026-07-03,46.85,0.7712,-0.7971,0.2188,0.4627,0.8188,0.6353,0.3934
600351,XD亚宝药,42.9,False,6.2,6.01,5,3.17,-5.95,-2.05,3.17,0.1873,从未跌破（观测期内）,2026-07-03,51.56,-0.0665,0.2461,0.3641,0.2985,0.9236,0.3932,0.3933
000417,合百集团,64.82,False,8.32,7.86,9,15.48,-13.86,-0.88,5.85,0.2674,从未跌破（观测期内）,2026-07-03,66.38,0.7063,-0.2609,0.5723,0.5194,0.7471,0.0462,0.3932
603408,建霖家居,45.56,False,10.18,10.02,3,1.58,-6.21,-2.41,1.58,0.1117,从未跌破（观测期内）,2026-07-03,47.21,0.3951,-0.1042,0.2636,0.3954,0.8268,0.5607,0.393
600673,东阳光,1088.06,False,36.25,34.32,8,8.35,-13.89,-2.9,5.61,0.1952,从未跌破（观测期内）,2026-07-03,61.72,0.7332,-0.1515,0.8647,0.5793,0.8506,0.0,0.393
603045,福达合金,102.8,False,75.9,81.15,15,25.68,-12.99,6.52,-6.47,0.2399,从未跌破（观测期内）,2026-07-03,52.37,0.3625,0.0424,1.0634,0.4345,0.9415,0.0,0.3929
600729,重百集团,37.51,False,19.49,19.52,6,4.83,-5.45,-0.93,-0.14,0.1382,从未跌破（观测期内）,2026-07-03,44.2,0.7656,-0.6313,0.3174,0.4594,0.7599,0.471,0.3928
002374,中锐股份,37.11,False,3.42,3.33,9,5.84,-9.71,-2.4,2.72,0.1536,从未跌破（观测期内）,2026-07-03,60.4,0.6869,-0.1918,0.5151,0.5354,0.8801,0.1415,0.3925
603398,*ST沐邦,62.1,False,14.32,14.11,12,6.41,-7.82,-0.29,1.51,0.2416,从未跌破（观测期内）,2026-07-03,63.95,-0.0026,0.3997,0.4173,0.3599,0.801,0.3044,0.3925
603109,神驰机电,36.74,False,17.59,17.92,3,3.38,-13.38,-6.83,-1.87,0.0,从未跌破（观测期内）,2026-07-03,41.57,0.7593,0.9402,0.4479,0.8556,0.7015,0.2535,0.3922
003021,兆威机电,209.04,False,100.8,95.54,4,5.51,-15.88,-5.27,5.51,0.0696,从未跌破（观测期内）,2026-07-03,54.0,0.4547,1.3701,0.7018,0.6728,0.9779,0.0,0.3916
001287,中电港,217.41,False,28.61,28.32,13,14.4,-7.95,3.08,1.04,0.3098,从未跌破（观测期内）,2026-07-03,64.43,0.6162,-0.3281,0.6605,0.4385,0.7904,0.0,0.3916
002156,通富微电,983.31,True,64.8,67.52,13,17.34,-11.6,3.31,-4.03,0.1887,从未跌破（观测期内）,2026-07-03,57.93,0.7674,-0.3608,0.8728,0.5161,0.9349,0.0,0.3915
603776,永安行,59.97,False,21.36,20.76,12,7.7,-8.9,0.5,2.89,0.2831,从未跌破（观测期内）,2026-07-03,59.76,0.1383,-0.1532,0.424,0.2217,0.8941,0.2934,0.3915
601089,福元医药,84.38,False,17.58,16.62,4,5.75,-9.88,-4.2,5.75,0.119,从未跌破（观测期内）,2026-07-03,59.23,0.1288,0.9247,0.4275,0.4773,0.9061,0.2875,0.3913
601928,凤凰传媒,226.75,False,8.91,9.01,9,3.05,-3.48,-0.61,-1.09,0.1902,从未跌破（观测期内）,2026-07-03,36.21,0.4703,-0.1776,0.217,0.4111,0.5824,0.6383,0.3911
605599,菜百股份,115.27,False,14.82,14.48,4,2.34,-6.98,-3.37,2.34,0.1044,从未跌破（观测期内）,2026-07-03,42.38,0.5201,0.1018,0.3318,0.5528,0.7196,0.447,0.3909
605189,富春染织,38.24,False,16.05,13.39,3,19.9,-17.4,-7.26,19.9,0.1163,从未跌破（观测期内）,2026-07-03,70.69,0.7593,2.8297,0.7,0.8556,0.6513,0.0,0.3907
002370,亚太药业,42.65,False,5.72,5.35,5,8.43,-11.38,-4.91,6.86,0.1282,从未跌破（观测期内）,2026-07-03,58.78,0.3744,1.1691,0.7151,0.6247,0.916,0.0,0.3906
603559,ST通脉,39.77,False,9.91,8.48,4,16.91,-10.9,-4.52,16.91,0.2005,从未跌破（观测期内）,2026-07-03,73.8,0.6259,3.1753,0.6824,0.7755,0.5822,0.0,0.3905
002377,国创高新,24.86,False,2.85,2.7,1,5.56,-11.71,-6.61,5.56,0.032,从未跌破（观测期内）,2026-07-03,53.16,0.3732,1.0479,0.4807,0.6239,0.9592,0.1988,0.3904
000903,ST云动,37.45,True,1.95,1.9,12,8.89,-7.14,0.33,2.39,0.2666,从未跌破（观测期内）,2026-07-03,48.21,0.4194,-0.7057,0.3969,0.2516,0.8492,0.3385,0.3902
000790,华神科技,23.85,True,3.83,3.68,3,4.15,-10.91,-5.33,4.15,0.0481,从未跌破（观测期内）,2026-07-03,52.83,0.4045,0.214,0.4068,0.5283,0.9518,0.322,0.39
000576,甘化科工,35.31,False,8.14,7.08,2,14.96,-11.41,-5.3,14.96,0.1493,从未跌破（观测期内）,2026-07-03,67.05,0.5453,2.8424,0.5921,0.7272,0.7323,0.0131,0.39
603110,东方材料,42.5,False,21.12,22.59,10,15.31,-10.83,0.17,-6.49,0.0011,从未跌破（观测期内）,2026-07-03,49.95,0.8057,0.0979,0.4752,0.7226,0.8877,0.2079,0.3898
002287,奇正藏药,115.33,False,20.2,19.65,2,2.81,-6.69,-3.44,2.81,0.0953,从未跌破（观测期内）,2026-07-03,51.16,-0.3737,0.9961,0.3256,0.4,0.9146,0.4573,0.3896
002457,青龙管业,42.63,False,12.79,12.76,16,8.32,-4.35,2.03,0.22,0.344,从未跌破（观测期内）,2026-07-03,47.86,0.5052,-0.4208,0.6104,0.3348,0.8414,0.0,0.3896
002086,东方海洋,28.31,False,1.79,1.77,3,1.81,-10.32,-3.65,1.16,0.0413,从未跌破（观测期内）,2026-07-03,46.51,0.4813,0.3357,0.3805,0.623,0.8114,0.3658,0.3894
002811,郑中设计,33.51,False,11.86,11.72,7,3.11,-9.3,-2.68,1.16,0.1048,从未跌破（观测期内）,2026-07-03,39.85,0.416,0.3817,0.3443,0.6023,0.6633,0.4261,0.3891
603477,巨星农牧,77.58,False,15.21,14.1,5,9.28,-15.31,-6.45,7.86,0.1149,从未跌破（观测期内）,2026-07-03,61.08,0.4214,0.3763,0.5227,0.6033,0.8649,0.1288,0.3891
601607,上海医药,449.62,False,16.12,15.99,1,0.84,-5.2,-1.7,0.84,0.1042,从未跌破（观测期内）,2026-07-03,46.67,-0.5399,0.5047,0.2624,0.4,0.8148,0.5626,0.389
002014,永新股份,66.72,False,11.07,10.65,10,8.22,-6.71,-0.46,3.97,0.2785,从未跌破（观测期内）,2026-07-03,53.43,0.4587,-0.5452,0.5393,0.2752,0.9651,0.1012,0.3884
000049,德赛电池,96.02,True,24.97,23.73,3,5.22,-11.83,-4.23,5.22,0.0891,从未跌破（观测期内）,2026-07-03,63.91,0.3439,0.8131,0.4378,0.6063,0.8019,0.2703,0.3881
002100,天康生物,88.47,False,6.48,6.21,5,6.34,-11.35,-3.95,4.31,0.0908,从未跌破（观测期内）,2026-07-03,55.06,0.2424,0.1106,0.3852,0.3897,0.9986,0.3581,0.3872
601229,上海银行,1267.45,False,8.92,9.0,12,4.09,-3.92,-0.04,-0.93,0.2571,从未跌破（观测期内）,2026-07-03,35.71,0.1833,-0.0058,0.2281,0.3076,0.5714,0.6198,0.387
002236,大华股份,401.71,True,16.8,16.35,5,2.78,-7.21,-2.5,2.78,0.1584,从未跌破（观测期内）,2026-07-03,61.21,0.049,0.2552,0.3267,0.3315,0.8619,0.4555,0.3869
600420,国药现代,119.63,False,8.92,8.45,2,5.51,-9.57,-3.12,5.51,0.1387,从未跌破（观测期内）,2026-07-03,53.61,-0.0595,2.497,0.4508,0.4,0.9691,0.2487,0.3866
001326,联域股份,14.98,False,62.39,65.46,10,10.56,-10.58,-0.32,-4.68,0.034,从未跌破（观测期内）,2026-07-03,47.96,0.7729,0.3278,0.578,0.7949,0.8435,0.0366,0.3865
002837,英维克,807.49,False,71.43,73.94,11,20.96,-14.77,0.92,-3.4,0.113,从未跌破（观测期内）,2026-07-03,56.26,0.7516,-0.1592,0.7549,0.5873,0.9721,0.0,0.3864
605167,利柏特,89.74,False,17.6,15.14,10,16.67,-15.48,-2.63,16.23,0.3434,从未跌破（观测期内）,2026-07-03,74.57,0.3022,0.4067,0.6541,0.544,0.5652,0.0,0.3864
603008,ST喜临门,30.97,False,8.41,8.74,11,6.56,-10.3,-1.15,-3.73,0.0532,从未跌破（观测期内）,2026-07-03,31.22,0.7217,2.0167,0.3511,0.833,0.4716,0.4149,0.3861
601117,中国化学,457.26,False,7.55,7.65,6,9.48,-8.63,-1.14,-1.37,0.0362,从未跌破（观测期内）,2026-07-03,50.56,0.7669,0.2168,0.5839,0.7469,0.9013,0.0268,0.3855
603215,比依股份,28.08,False,15.0,14.77,1,1.53,-10.7,-6.0,1.53,0.0,从未跌破（观测期内）,2026-07-03,53.39,0.1753,0.666,0.3357,0.5052,0.9642,0.4404,0.3852
000830,鲁西化工,243.54,False,12.79,12.53,6,4.04,-11.77,-2.95,2.07,0.0796,从未跌破（观测期内）,2026-07-03,51.18,0.336,0.5356,0.5234,0.6016,0.915,0.1277,0.3844
600184,光电股份,150.52,False,25.83,27.67,14,16.97,-6.64,2.96,-6.64,0.1306,从未跌破（观测期内）,2026-07-03,51.8,0.6083,0.0508,0.9457,0.5853,0.9289,0.0,0.3844
002664,信质集团,80.03,False,19.88,18.41,2,7.98,-16.84,-6.31,7.98,0.0735,从未跌破（观测期内）,2026-07-03,63.04,0.6132,0.4852,0.654,0.762,0.8214,0.0,0.3842
601033,永兴股份,32.95,False,13.73,13.86,1,0.55,-6.39,-2.75,-0.91,0.0236,从未跌破（观测期内）,2026-07-03,46.45,0.7879,-0.4723,0.2333,0.4838,0.81,0.6112,0.3841
002851,麦格米特,676.47,False,147.62,159.64,18,25.88,-8.12,9.34,-7.53,0.3315,从未跌破（观测期内）,2026-07-03,55.52,0.1987,-0.2666,0.9966,0.2126,0.9885,0.0,0.3835
002007,华兰生物,202.67,False,12.88,12.74,3,1.12,-5.93,-2.21,1.12,0.1154,从未跌破（观测期内）,2026-07-03,49.44,-0.28,0.5093,0.3524,0.4,0.8765,0.4127,0.3834
002123,梦网科技,57.28,True,7.95,7.67,3,6.0,-15.62,-7.62,3.66,0.0,从未跌破（观测期内）,2026-07-03,58.5,0.514,0.8967,0.5152,0.7084,0.9223,0.1413,0.3828
603937,丽岛新材,30.69,False,14.69,13.81,4,6.36,-10.25,-3.92,6.36,0.1342,从未跌破（观测期内）,2026-07-03,64.96,0.4434,-0.036,0.3587,0.4516,0.7787,0.4022,0.3827
000733,振华科技,305.25,True,55.09,55.27,19,20.5,-7.18,6.19,-0.32,0.4489,从未跌破（观测期内）,2026-07-03,60.31,0.0084,-0.2453,0.9454,0.1069,0.882,0.0,0.3827
002940,昂利康,54.36,False,29.34,28.42,3,3.23,-23.81,-11.57,3.23,0.0,从未跌破（观测期内）,2026-07-03,56.71,0.6445,0.4337,0.7257,0.7601,0.9621,0.0,0.3824
600423,*ST柳化,20.69,False,2.59,2.4,2,7.74,-12.5,-7.44,7.74,0.0445,从未跌破（观测期内）,2026-07-03,56.32,0.2953,0.4802,0.4875,0.5693,0.9706,0.1874,0.3824
603167,渤海轮渡,42.22,False,9.0,8.96,6,0.42,-4.69,-1.02,0.42,0.1896,从未跌破（观测期内）,2026-07-03,46.85,0.1897,-0.4305,0.1711,0.1416,0.8188,0.7148,0.3822
601163,三角轮胎,105.6,False,13.2,13.11,1,0.71,-8.29,-4.67,0.71,0.0057,从未跌破（观测期内）,2026-07-03,53.94,0.3663,-0.0489,0.263,0.4002,0.9765,0.5617,0.3819
603759,海天股份,35.56,False,7.7,7.31,2,5.39,-9.32,-5.8,5.39,0.0577,从未跌破（观测期内）,2026-07-03,54.74,0.1893,4.7846,0.4752,0.5136,0.9943,0.208,0.3815
002019,亿帆医药,84.5,False,10.03,9.85,2,1.87,-5.93,-2.51,1.87,0.1087,从未跌破（观测期内）,2026-07-03,49.63,-0.3308,0.8345,0.3522,0.4,0.8806,0.4129,0.3815
603316,诚邦股份,56.66,False,21.44,20.94,9,15.78,-11.52,-1.19,2.4,0.1734,从未跌破（观测期内）,2026-07-03,58.9,0.7849,-0.3855,0.7212,0.5167,0.9134,0.0,0.3812
600285,羚锐制药,117.43,False,20.73,20.27,8,2.28,-5.15,-1.02,2.28,0.2419,从未跌破（观测期内）,2026-07-03,48.85,-0.0991,-0.1876,0.2785,0.125,0.8634,0.5359,0.3811
603318,水发燃气,42.6,False,9.28,9.59,11,24.16,-13.18,-0.16,-3.25,0.0896,从未跌破（观测期内）,2026-07-03,50.72,0.5558,0.3091,1.068,0.6571,0.905,0.0,0.3811
001306,夏厦精密,9.81,True,63.29,59.62,1,6.15,-13.78,-6.76,6.15,0.0169,从未跌破（观测期内）,2026-07-03,56.03,0.5251,1.9531,0.6443,0.7151,0.9772,0.0,0.381
600679,上海凤凰,31.62,False,9.2,9.32,3,3.77,-9.33,-4.79,-1.26,0.0,从未跌破（观测期内）,2026-07-03,42.78,0.8599,-0.0564,0.3527,0.6934,0.7284,0.4121,0.3808
603268,松发股份,346.38,False,148.5,146.65,13,10.73,-10.4,0.79,1.26,0.2688,从未跌破（观测期内）,2026-07-03,50.59,0.0324,0.2174,0.535,0.3064,0.9019,0.1084,0.3807
603993,洛阳钼业,3233.75,False,18.52,18.6,8,13.71,-10.25,-0.55,-0.45,0.1023,从未跌破（观测期内）,2026-07-03,47.36,0.7923,0.0489,0.844,0.695,0.8302,0.0,0.3807
003015,日久光电,30.17,False,12.2,12.53,5,4.18,-10.69,-3.06,-2.66,0.0,从未跌破（观测期内）,2026-07-03,47.73,0.5279,0.7402,0.4655,0.7168,0.8385,0.2241,0.3805
002164,宁波东力,61.94,False,12.91,12.89,4,7.51,-11.68,-3.95,0.17,0.0,从未跌破（观测期内）,2026-07-03,45.24,0.8242,2.11,0.6478,0.8945,0.7831,0.0,0.3802
002586,ST围海,43.94,False,4.04,3.73,3,8.48,-14.52,-7.01,8.24,0.0785,从未跌破（观测期内）,2026-07-03,54.79,0.192,1.7611,0.5168,0.5152,0.9954,0.1386,0.3801
000063,中兴通讯,1465.25,True,36.38,37.38,12,6.04,-5.9,0.55,-2.68,0.1806,从未跌破（观测期内）,2026-07-03,50.1,0.6041,-0.1325,0.5908,0.5094,0.8911,0.0153,0.3801
002009,天奇股份,77.86,False,21.99,20.83,3,5.58,-15.99,-7.29,5.58,0.0048,从未跌破（观测期内）,2026-07-03,63.3,0.7661,1.58,0.6653,0.8597,0.8155,0.0,0.3799
600216,浙江医药,116.93,False,12.29,11.83,2,3.92,-10.32,-5.12,3.92,0.0388,从未跌破（观测期内）,2026-07-03,54.17,-0.1602,1.6904,0.3277,0.4,0.9815,0.4539,0.3799
600345,长江通信,124.57,True,58.88,62.55,20,28.33,-5.87,9.47,-5.87,0.4082,从未跌破（观测期内）,2026-07-03,51.59,0.1456,-0.4027,0.8689,0.1263,0.9242,0.0,0.3797
603583,捷昌驱动,96.86,False,25.34,23.94,1,5.85,-11.43,-5.87,5.85,0.0495,从未跌破（观测期内）,2026-07-03,57.67,0.333,2.0303,0.5146,0.5998,0.9407,0.1423,0.3793
002174,游族网络,120.74,True,12.33,11.69,13,13.41,-12.75,2.05,5.43,0.394,从未跌破（观测期内）,2026-07-03,71.76,0.2895,0.0263,0.6854,0.3842,0.6276,0.0,0.3792
002541,鸿路钢构,90.8,False,18.3,17.37,6,5.35,-8.66,-3.13,5.35,0.1626,从未跌破（观测期内）,2026-07-03,61.4,0.0793,0.8033,0.4774,0.4476,0.8579,0.2044,0.3791
600406,国电南瑞,1833.07,False,22.89,22.71,1,0.8,-10.64,-4.45,0.8,0.0,从未跌破（观测期内）,2026-07-03,51.51,0.6533,-0.3538,0.2718,0.4505,0.9224,0.5469,0.3791
001312,福恩股份,11.11,False,19.44,19.43,2,0.72,-12.09,-5.89,0.06,0.0,从未跌破（观测期内）,2026-07-03,52.2,0.5719,-0.1475,0.3187,0.4842,0.9378,0.4688,0.3789
605158,华达新材,34.62,False,6.77,6.56,7,5.02,-13.95,-4.56,3.27,0.0792,从未跌破（观测期内）,2026-07-03,61.27,0.5488,-0.0643,0.4041,0.5035,0.8606,0.3266,0.3787
603338,浙江鼎力,261.63,False,51.67,46.56,2,10.97,-9.65,-5.72,10.97,0.1522,从未跌破（观测期内）,2026-07-03,60.83,0.2619,4.1838,0.5828,0.5571,0.8704,0.0287,0.3786
603033,三维股份,100.75,False,9.95,9.52,4,9.23,-13.14,-5.31,4.57,0.0451,从未跌破（观测期内）,2026-07-03,56.1,0.435,3.2137,0.7125,0.661,0.9755,0.0,0.3784
000698,ST沈化,26.32,False,3.35,3.18,2,5.3,-10.01,-5.72,5.3,0.057,从未跌破（观测期内）,2026-07-03,54.76,-0.1917,1.0925,0.3733,0.4,0.9947,0.3779,0.3784
000661,长春高新,275.57,False,68.96,66.17,5,6.22,-14.54,-6.57,4.21,0.0206,从未跌破（观测期内）,2026-07-03,56.52,0.3978,0.3094,0.456,0.5624,0.9662,0.24,0.3781
603219,富佳股份,94.2,False,16.78,15.23,4,10.2,-12.59,-5.29,10.2,0.1814,从未跌破（观测期内）,2026-07-03,65.65,0.3836,0.179,0.4901,0.5018,0.7632,0.1832,0.3781
002044,美年健康,190.61,False,4.92,5.18,3,3.78,-13.69,-5.14,-4.97,0.0,从未跌破（观测期内）,2026-07-03,48.8,0.6461,0.3333,0.4995,0.721,0.8621,0.1675,0.3778
603255,鼎际得,20.31,False,33.47,32.61,15,10.14,-10.61,1.59,2.65,0.3445,从未跌破（观测期内）,2026-07-03,56.39,0.2346,-0.6068,0.5576,0.1408,0.9692,0.0706,0.3774
001322,箭牌家居,49.57,False,6.31,6.12,4,5.69,-9.45,-5.37,3.1,0.0167,从未跌破（观测期内）,2026-07-03,45.69,0.5165,2.683,0.4636,0.7099,0.7931,0.2274,0.3769
002871,伟隆股份,31.11,False,20.84,21.01,14,10.41,-5.35,1.37,-0.81,0.2628,从未跌破（观测期内）,2026-07-03,53.74,0.4091,-0.3416,0.7722,0.3088,0.9719,0.0,0.3767
002162,悦心健康,33.71,False,3.67,3.58,1,2.56,-9.26,-5.61,2.56,0.0109,从未跌破（观测期内）,2026-07-03,48.81,0.2193,0.4364,0.3077,0.5061,0.8624,0.4872,0.3765
600029,南方航空,702.15,False,5.21,5.27,7,5.55,-6.3,-1.09,-1.08,0.115,从未跌破（观测期内）,2026-07-03,48.28,0.6009,-0.194,0.4416,0.483,0.8506,0.264,0.3764
600760,中航沈飞,1177.94,False,41.63,41.37,3,3.06,-9.87,-3.42,0.63,0.0257,从未跌破（观测期内）,2026-07-03,34.35,0.6678,0.5265,0.369,0.8007,0.5411,0.3849,0.3764
600269,赣粤高速,98.09,False,4.2,4.13,2,1.72,-5.22,-2.55,1.72,0.1047,从未跌破（观测期内）,2026-07-03,50.0,0.255,-0.178,0.255,0.2818,0.8889,0.5751,0.3764
002801,微光股份,36.0,False,31.09,29.71,1,4.63,-11.29,-5.11,4.63,0.0459,从未跌破（观测期内）,2026-07-03,53.13,0.3009,1.7341,0.5159,0.5805,0.9583,0.1401,0.3762
603210,泰鸿万立,32.6,False,14.01,14.02,4,1.08,-10.58,-2.6,-0.06,0.0588,从未跌破（观测期内）,2026-07-03,43.27,0.6315,0.329,0.492,0.7105,0.7393,0.18,0.376
002091,江苏国泰,119.54,False,7.46,7.54,0,-1.06,-11.01,-6.58,-1.06,0.0,从未跌破（观测期内）,2026-07-03,48.31,0.6321,-0.165,0.291,0.5133,0.8514,0.515,0.3759
001308,康冠科技,102.08,True,20.95,20.69,9,4.16,-5.36,-0.87,1.28,0.2241,从未跌破（观测期内）,2026-07-03,61.59,0.3742,-0.4693,0.3759,0.2368,0.8536,0.3735,0.3756
000581,威孚高科,142.59,False,17.96,17.65,1,1.74,-8.81,-4.96,1.74,0.0178,从未跌破（观测期内）,2026-07-03,52.99,-0.2001,0.5125,0.2908,0.4,0.9554,0.5154,0.3755
605009,豪悦护理,54.75,False,25.46,23.31,3,9.22,-10.1,-4.75,9.22,0.1595,从未跌破（观测期内）,2026-07-03,62.62,-0.0337,1.0892,0.4208,0.4,0.8306,0.2987,0.3747
002634,*ST棒杰,20.56,False,4.65,4.65,11,10.19,-10.67,-0.92,-0.1,0.1495,从未跌破（观测期内）,2026-07-03,48.61,0.2809,0.5847,0.5965,0.5686,0.858,0.0059,0.3744
002708,光洋股份,70.73,False,13.69,14.05,5,4.91,-11.33,-3.51,-2.53,0.0,从未跌破（观测期内）,2026-07-03,54.69,0.5046,2.6807,0.7201,0.7028,0.9931,0.0,0.3743
000738,航发控制,246.6,False,18.75,18.42,2,1.78,-11.08,-4.55,1.78,0.0,从未跌破（观测期内）,2026-07-03,43.77,0.5765,0.7669,0.4498,0.7459,0.7505,0.2503,0.3741
603266,天龙股份,35.92,False,18.06,17.38,2,3.92,-11.07,-5.64,3.92,0.0274,从未跌破（观测期内）,2026-07-03,56.94,0.3268,0.866,0.5089,0.5961,0.9568,0.1518,0.3741
002402,和而泰,219.84,False,26.86,24.68,4,9.16,-17.19,-7.08,8.84,0.1078,从未跌破（观测期内）,2026-07-03,64.22,0.4795,1.0208,0.61,0.6877,0.7951,0.0,0.3741
603111,康尼机电,50.75,False,5.95,5.86,2,1.59,-5.44,-2.42,1.59,0.1028,从未跌破（观测期内）,2026-07-03,50.46,-0.017,0.2128,0.2731,0.2851,0.8991,0.5449,0.3739
002273,水晶光电,503.7,False,36.98,35.47,6,10.34,-13.43,-3.33,4.25,0.1185,从未跌破（观测期内）,2026-07-03,59.94,0.3226,1.1461,0.8598,0.5935,0.8902,0.0,0.3738
000833,粤桂股份,106.62,False,23.5,23.95,9,8.17,-14.36,-1.54,-1.86,0.0581,从未跌破（观测期内）,2026-07-03,47.23,0.6177,0.4244,0.7803,0.7404,0.8274,0.0,0.3738
000567,海德股份,120.03,False,6.16,5.86,8,5.77,-10.56,-2.13,5.14,0.2025,从未跌破（观测期内）,2026-07-03,63.3,0.2826,0.091,0.4885,0.4059,0.8156,0.1858,0.3735
601686,友发集团,74.56,False,5.04,5.02,2,2.65,-6.42,-3.31,0.38,0.044,从未跌破（观测期内）,2026-07-03,43.53,0.8452,-0.8531,0.2803,0.5071,0.7451,0.5329,0.3734
600019,宝钢股份,1197.05,False,5.59,5.56,4,1.97,-6.51,-2.26,0.45,0.097,从未跌破（观测期内）,2026-07-03,39.09,0.7761,-0.4359,0.2719,0.4913,0.6465,0.5468,0.373
002342,巨力索具,104.63,False,10.96,10.41,5,10.92,-28.06,-10.76,5.3,0.0,从未跌破（观测期内）,2026-07-03,57.95,0.5727,1.0831,0.7078,0.7436,0.9345,0.0,0.3728
003031,中瓷电子,533.98,True,156.98,164.54,12,29.09,-11.36,5.81,-4.6,0.2211,从未跌破（观测期内）,2026-07-03,55.21,0.4275,-0.2914,0.8847,0.3399,0.9953,0.0,0.3725
601208,东材科技,643.49,True,63.7,67.55,20,33.11,-5.7,14.75,-5.7,0.4258,从未跌破（观测期内）,2026-07-03,52.48,-0.3019,-0.3665,0.943,0.0534,0.9439,0.0,0.3724
600301,华锡有色,170.41,False,61.89,61.91,12,16.79,-5.06,3.79,-0.03,0.2848,从未跌破（观测期内）,2026-07-03,48.33,0.468,-0.3209,0.8295,0.3525,0.8517,0.0,0.3724
600370,*ST三房,66.37,False,1.65,1.54,15,19.21,-11.68,3.32,7.49,0.5088,从未跌破（观测期内）,2026-07-03,62.03,-0.1425,-0.5873,0.6031,0.0,0.8439,0.0,0.3723
603609,禾丰股份,57.49,False,6.33,6.0,3,5.46,-7.01,-4.07,5.46,0.1275,从未跌破（观测期内）,2026-07-03,56.21,0.1185,0.0206,0.3729,0.2794,0.973,0.3785,0.3722
603717,天域生物,21.27,False,7.33,6.37,3,15.08,-9.46,-4.39,15.08,0.188,从未跌破（观测期内）,2026-07-03,62.0,0.1855,4.5225,0.7813,0.5113,0.8444,0.0,0.3719
603285,键邦股份,28.98,False,46.52,46.98,8,15.8,-20.37,-1.38,-0.97,0.0685,从未跌破（观测期内）,2026-07-03,52.16,0.3805,1.5786,0.9414,0.6283,0.9368,0.0,0.3718
600071,凤凰光学,47.7,False,16.94,17.15,2,3.55,-9.32,-3.42,-1.23,0.0,从未跌破（观测期内）,2026-07-03,54.4,0.4937,0.0601,0.4222,0.5202,0.9867,0.2963,0.3718
600479,千金药业,40.22,False,9.61,9.39,3,2.32,-5.29,-2.4,2.32,0.1347,从未跌破（观测期内）,2026-07-03,55.73,-0.2701,-0.2896,0.2002,0.0842,0.9839,0.6663,0.3717
002200,交投生态,12.88,False,6.58,6.39,2,2.9,-14.53,-7.45,2.9,0.0,从未跌破（观测期内）,2026-07-03,46.83,0.7175,4.753,0.7702,0.8305,0.8185,0.0,0.3713
603496,恒为科技,72.78,True,22.73,23.42,6,15.14,-19.42,-5.06,-2.96,0.0,从未跌破（观测期内）,2026-07-03,53.77,0.8555,-0.0162,0.6645,0.7069,0.9727,0.0,0.3712
603276,恒兴新材,12.27,False,16.22,16.24,7,4.53,-9.95,-2.6,-0.1,0.0667,从未跌破（观测期内）,2026-07-03,36.49,0.8245,0.4117,0.5557,0.8594,0.5888,0.0738,0.3704
002548,金新农,32.58,False,4.05,3.88,3,7.47,-11.25,-5.29,4.27,0.0236,从未跌破（观测期内）,2026-07-03,51.59,0.3457,1.5699,0.5029,0.6074,0.9243,0.1619,0.3704
603915,国茂股份,105.26,False,16.03,15.31,1,4.68,-11.51,-5.83,4.68,0.0285,从未跌破（观测期内）,2026-07-03,57.82,0.4588,0.4437,0.5683,0.6528,0.9374,0.0529,0.37
600272,开开实业,17.79,False,11.12,10.79,1,3.07,-8.8,-4.26,3.07,0.0586,从未跌破（观测期内）,2026-07-03,50.15,0.1026,1.3241,0.3897,0.4616,0.8922,0.3505,0.3698
001227,兰州银行,86.04,False,2.04,2.07,6,1.24,-3.73,-1.1,-1.43,0.1397,从未跌破（观测期内）,2026-07-03,34.62,0.5705,-0.3847,0.1702,0.3884,0.547,0.7164,0.3698
603406,天富龙,9.83,False,26.82,27.5,0,-1.74,-10.12,-6.15,-2.47,0.0,从未跌破（观测期内）,2026-07-03,38.74,0.4656,0.534,0.3111,0.6794,0.6387,0.4815,0.3698
002420,毅昌科技,23.43,True,5.79,5.63,2,4.36,-13.06,-5.94,2.85,0.0,从未跌破（观测期内）,2026-07-03,53.1,0.4472,0.4761,0.5461,0.6588,0.9577,0.0898,0.3697
605090,九丰能源,254.33,False,36.1,36.03,7,4.81,-10.67,-3.65,0.19,0.0287,从未跌破（观测期内）,2026-07-03,47.07,0.4915,0.6663,0.5223,0.6949,0.8239,0.1296,0.3694
000429,粤高速Ａ,181.03,False,13.89,13.63,13,3.83,-4.29,0.38,1.88,0.3415,从未跌破（观测期内）,2026-07-03,71.43,-0.6865,-0.2901,0.2609,0.084,0.6349,0.5652,0.3694
000988,华工科技,1547.18,True,153.95,163.5,16,13.69,-5.84,3.41,-5.84,0.1939,从未跌破（观测期内）,2026-07-03,51.25,0.5557,-0.2553,0.8284,0.4313,0.9167,0.0,0.3687
603916,苏博特,55.44,False,13.19,13.9,6,10.94,-11.96,-1.69,-5.12,0.0,从未跌破（观测期内）,2026-07-03,42.01,0.8408,0.7,0.7673,0.9045,0.7114,0.0,0.3684
603194,中力股份,55.75,False,35.28,36.49,15,8.61,-6.8,1.39,-3.32,0.2179,从未跌破（观测期内）,2026-07-03,38.2,0.2859,1.2146,0.5481,0.5715,0.6267,0.0864,0.3683
603676,卫信康,38.34,False,8.81,8.52,2,3.46,-8.56,-4.46,3.46,0.0728,从未跌破（观测期内）,2026-07-03,50.75,-0.2479,0.9482,0.3686,0.4,0.9055,0.3856,0.3681
001872,招商港口,479.97,False,20.85,20.28,1,2.82,-9.19,-4.78,2.82,0.0341,从未跌破（观测期内）,2026-07-03,54.28,-0.1278,1.0576,0.3695,0.4,0.984,0.3842,0.3681
002929,润建股份,149.38,False,68.99,63.88,5,15.45,-23.66,-8.57,8.01,0.0656,从未跌破（观测期内）,2026-07-03,62.33,0.7076,0.175,0.8278,0.6945,0.837,0.0,0.3673
002201,九鼎新材,62.07,False,10.31,11.48,9,16.87,-14.85,-1.21,-10.2,0.0,从未跌破（观测期内）,2026-07-03,45.77,0.8595,0.2928,0.7967,0.8328,0.7949,0.0,0.3672
002992,宝明科技,64.35,True,41.19,43.44,8,10.7,-10.59,-2.14,-5.18,0.0,从未跌破（观测期内）,2026-07-03,47.58,0.8562,0.2163,0.6543,0.8002,0.835,0.0,0.3671
002324,普利特,93.46,False,12.04,12.34,8,5.36,-13.57,-3.08,-2.42,0.0,从未跌破（观测期内）,2026-07-03,49.86,0.5808,0.173,0.4583,0.6177,0.8857,0.2362,0.367
600028,中国石化,4453.37,False,4.7,4.69,6,1.94,-5.31,-1.73,0.14,0.1427,从未跌破（观测期内）,2026-07-03,43.56,0.3986,-0.2717,0.2874,0.3305,0.7459,0.521,0.367
000921,海信家电,241.74,False,26.33,27.3,18,14.95,-3.92,4.18,-3.55,0.302,从未跌破（观测期内）,2026-07-03,31.51,0.7722,-0.4537,0.4801,0.4818,0.4781,0.1998,0.3668
000070,特发信息,154.13,True,17.99,20.38,13,31.88,-12.27,5.48,-11.72,0.0508,从未跌破（观测期内）,2026-07-03,52.67,0.3792,0.5087,1.0642,0.6275,0.9481,0.0,0.3668
000935,四川双马,201.17,False,26.35,25.89,3,1.79,-17.48,-7.78,1.79,0.0,从未跌破（观测期内）,2026-07-03,53.08,0.2215,0.2643,0.3377,0.4386,0.9573,0.4372,0.3667
603088,宁波精达,44.84,False,10.24,10.08,4,1.6,-12.12,-4.69,1.6,0.0,从未跌破（观测期内）,2026-07-03,59.18,0.3368,0.6186,0.4616,0.6021,0.9072,0.2307,0.3666
603959,ST百利,22.85,False,4.66,4.27,13,10.19,-14.36,-1.26,9.21,0.4057,从未跌破（观测期内）,2026-07-03,69.15,0.2239,-0.2222,0.5773,0.2455,0.6855,0.0378,0.3664
002960,青鸟智控,84.82,False,8.76,8.7,8,4.31,-13.7,-2.24,0.63,0.0876,从未跌破（观测期内）,2026-07-03,46.8,0.6712,0.1708,0.645,0.671,0.8178,0.0,0.3664
002394,联发股份,33.9,False,10.49,9.4,3,11.58,-12.31,-6.4,11.58,0.1377,从未跌破（观测期内）,2026-07-03,66.87,0.3007,0.3673,0.4727,0.5273,0.7363,0.2121,0.366
603013,亚普股份,89.75,False,17.66,17.01,1,3.82,-13.09,-7.98,3.82,0.0,从未跌破（观测期内）,2026-07-03,54.51,0.2886,0.8276,0.5019,0.5732,0.9892,0.1636,0.3657
000919,金陵药业,38.43,False,6.18,6.04,4,2.34,-6.86,-2.71,2.34,0.1219,从未跌破（观测期内）,2026-07-03,53.8,-0.0574,-0.0025,0.3103,0.199,0.9733,0.4828,0.3656
600333,长春燃气,33.44,False,5.49,5.37,2,2.21,-8.1,-4.09,2.21,0.0567,从未跌破（观测期内）,2026-07-03,50.36,0.3938,-0.1003,0.3425,0.3962,0.8969,0.4292,0.3655
603038,华立股份,42.72,False,15.9,15.48,5,2.71,-7.23,-2.38,2.71,0.1612,从未跌破（观测期内）,2026-07-03,53.86,0.2213,-0.176,0.438,0.2624,0.9747,0.27,0.3655
001367,海森药业,24.66,False,20.27,19.67,3,3.07,-12.91,-4.75,3.07,0.0246,从未跌破（观测期内）,2026-07-03,50.64,0.3206,2.4697,0.4934,0.5924,0.9032,0.1777,0.3652
002609,捷顺科技,34.51,True,7.52,7.55,5,2.36,-8.13,-3.22,-0.37,0.0436,从未跌破（观测期内）,2026-07-03,53.46,0.2724,-0.1428,0.2885,0.3064,0.9658,0.5192,0.3651
605118,力鼎光电,147.85,False,36.16,33.42,6,8.19,-16.99,-6.0,8.19,0.15,从未跌破（观测期内）,2026-07-03,63.42,0.4311,0.2324,0.5814,0.5516,0.8128,0.0309,0.3651
002569,*ST步森,22.7,False,16.21,15.47,6,4.78,-14.28,-3.03,4.78,0.1476,从未跌破（观测期内）,2026-07-03,48.4,0.1416,0.9322,0.5435,0.485,0.8533,0.0941,0.3651
601038,一拖股份,87.66,False,11.98,11.31,2,5.96,-12.52,-6.05,5.96,0.0652,从未跌破（观测期内）,2026-07-03,55.28,-0.2669,1.1174,0.4399,0.4,0.9938,0.2668,0.3649
600825,新华传媒,50.89,False,4.87,4.85,5,2.4,-10.78,-5.22,0.48,0.0,从未跌破（观测期内）,2026-07-03,50.24,0.5726,0.8643,0.7336,0.7435,0.8942,0.0,0.3647
600012,皖通高速,190.11,False,16.31,16.1,8,5.08,-6.11,-1.12,1.29,0.1971,从未跌破（观测期内）,2026-07-03,48.01,0.3846,-0.4552,0.3818,0.2487,0.8447,0.3636,0.3645
603161,科华控股,27.03,False,14.17,14.31,14,8.28,-7.61,1.6,-0.99,0.244,从未跌破（观测期内）,2026-07-03,47.92,0.3262,-0.7776,0.404,0.1957,0.8427,0.3267,0.3641
601000,唐山港,249.48,False,4.21,4.21,2,1.9,-4.94,-2.28,0.1,0.0795,从未跌破（观测期内）,2026-07-03,48.78,0.4327,-0.4339,0.2468,0.286,0.8618,0.5887,0.364
600362,江西铜业,898.17,False,43.28,45.05,8,20.82,-10.16,0.06,-3.93,0.0303,从未跌破（观测期内）,2026-07-03,50.36,0.86,-0.0671,0.8844,0.6892,0.8969,0.0,0.3638
603051,鹿山新材,35.41,False,21.91,20.47,1,7.04,-12.14,-6.26,7.04,0.0558,从未跌破（观测期内）,2026-07-03,58.54,0.3798,0.5753,0.5996,0.6279,0.9213,0.0007,0.3637
002511,中顺洁柔,88.06,False,6.96,6.84,2,1.7,-8.68,-4.08,1.7,0.0401,从未跌破（观测期内）,2026-07-03,50.7,0.1373,0.1491,0.2754,0.342,0.9045,0.5411,0.3636
002064,华峰化学,517.48,False,10.45,10.28,9,6.58,-7.35,-0.45,1.7,0.2041,从未跌破（观测期内）,2026-07-03,50.89,-0.1572,1.7011,0.7011,0.4,0.9087,0.0,0.3634
000901,航天科技,145.99,True,18.29,17.97,1,1.78,-12.71,-5.94,1.78,0.0,从未跌破（观测期内）,2026-07-03,50.11,0.2083,1.1241,0.3844,0.525,0.8913,0.3593,0.3634
001278,一彬科技,13.83,True,16.21,16.62,0,-2.47,-15.46,-9.08,-2.47,0.0,从未跌破（观测期内）,2026-07-03,42.15,0.5938,0.2582,0.378,0.6595,0.7145,0.37,0.3633
002527,新时达,73.78,False,13.95,14.0,7,14.42,-13.53,-1.73,-0.39,0.0583,从未跌破（观测期内）,2026-07-03,53.16,0.8923,-0.3609,0.6772,0.591,0.959,0.0,0.3629
600927,永安期货,186.67,False,12.87,12.68,6,2.83,-12.48,-4.27,1.52,0.0267,从未跌破（观测期内）,2026-07-03,55.78,0.6222,-0.2575,0.4481,0.4703,0.9826,0.2531,0.3628
002576,通达动力,25.18,False,15.54,15.37,1,1.14,-13.69,-8.69,1.14,0.0,从未跌破（观测期内）,2026-07-03,45.43,0.4191,0.7315,0.4306,0.6515,0.7874,0.2824,0.3627
000507,珠海港,43.13,False,4.78,4.81,3,1.24,-7.64,-3.11,-0.67,0.0318,从未跌破（观测期内）,2026-07-03,50.0,0.6491,-0.71,0.3022,0.3894,0.8889,0.4964,0.3623
603558,健盛集团,40.84,False,11.92,11.52,5,3.45,-4.93,-2.22,3.45,0.1834,从未跌破（观测期内）,2026-07-03,48.55,0.1568,-0.2954,0.3069,0.1759,0.8567,0.4885,0.362
601985,中国核电,1673.06,True,8.86,9.04,11,2.89,-3.11,0.08,-1.99,0.2195,从未跌破（观测期内）,2026-07-03,34.68,0.4377,-0.6347,0.2061,0.2626,0.5484,0.6565,0.3616
603131,上海沪工,63.68,False,18.9,18.06,3,4.65,-13.5,-6.61,4.65,0.0103,从未跌破（观测期内）,2026-07-03,51.9,0.3734,1.1304,0.539,0.624,0.9312,0.1016,0.3616
601689,拓普集团,1084.93,True,62.43,60.22,5,3.68,-14.65,-6.15,3.68,0.0258,从未跌破（观测期内）,2026-07-03,53.52,0.3842,1.1224,0.642,0.6305,0.9671,0.0,0.3614
002323,*ST雅博,30.11,False,1.42,1.38,11,18.97,-13.13,0.85,2.6,0.2614,从未跌破（观测期内）,2026-07-03,44.83,0.6663,-0.7619,0.5916,0.3998,0.7739,0.014,0.3614
601658,邮储银行,3582.87,False,4.94,4.99,8,4.19,-2.85,-0.13,-0.95,0.1996,从未跌破（观测期内）,2026-07-03,34.88,0.3228,-0.2014,0.2296,0.3131,0.553,0.6174,0.3613
002870,香山股份,50.79,False,39.15,39.59,5,1.87,-6.75,-1.94,-1.12,0.0879,从未跌破（观测期内）,2026-07-03,44.64,0.1754,0.3284,0.3487,0.4366,0.7698,0.4188,0.3611
002590,万安科技,51.43,True,10.39,10.76,0,-0.02,-11.59,-7.31,-3.47,0.0,从未跌破（观测期内）,2026-07-03,38.08,0.6322,0.2818,0.3467,0.692,0.6239,0.4221,0.3611
601956,东贝集团,30.96,False,4.98,4.8,2,3.84,-8.53,-5.37,3.84,0.0517,从未跌破（观测期内）,2026-07-03,53.17,-0.0352,0.3532,0.3471,0.3413,0.9594,0.4216,0.3611
600678,ST金顶,24.78,False,7.1,6.5,11,9.21,-9.66,-0.22,9.21,0.3997,从未跌破（观测期内）,2026-07-03,69.37,0.3197,-0.5913,0.5322,0.1918,0.6808,0.113,0.3609
603021,*ST华鹏,23.9,False,7.47,6.65,7,12.25,-17.83,-3.01,12.25,0.2862,从未跌破（观测期内）,2026-07-03,59.77,-0.0591,0.1757,0.6364,0.2703,0.894,0.0,0.3608
605589,圣泉集团,471.18,False,55.7,62.43,20,32.11,-10.78,15.16,-10.78,0.2986,从未跌破（观测期内）,2026-07-03,47.36,0.3823,-0.3226,1.0459,0.3003,0.8303,0.0,0.3606
002623,亚玛顿,33.04,False,17.15,16.81,1,2.05,-14.71,-9.02,2.05,0.0,从未跌破（观测期内）,2026-07-03,47.93,0.4781,1.0772,0.5188,0.6869,0.8429,0.1354,0.3606
603486,科沃斯,313.51,False,54.68,54.13,1,1.02,-12.29,-8.38,1.02,0.0,从未跌破（观测期内）,2026-07-03,50.66,0.3168,1.3322,0.4713,0.5901,0.9036,0.2144,0.3604
600829,人民同泰,48.71,False,8.4,8.24,1,1.98,-7.63,-4.0,1.98,0.0507,从未跌破（观测期内）,2026-07-03,50.0,-0.4501,0.6531,0.3507,0.4,0.8889,0.4155,0.3604
000788,北大医药,31.29,False,5.25,5.18,6,2.29,-8.42,-3.08,1.32,0.0997,从未跌破（观测期内）,2026-07-03,51.27,0.3874,-0.054,0.4635,0.4109,0.9171,0.2276,0.3601
603175,超颖电子,38.98,True,85.71,88.59,10,16.65,-13.68,-1.2,-3.25,0.0478,从未跌破（观测期内）,2026-07-03,51.8,0.6451,0.0833,0.7429,0.6204,0.929,0.0,0.36
605507,国邦医药,123.3,False,15.76,15.49,9,3.5,-5.44,-0.66,1.76,0.2465,从未跌破（观测期内）,2026-07-03,45.02,0.2904,-0.3242,0.4225,0.2446,0.7783,0.2958,0.3598
600064,南京高科,127.01,False,7.34,7.34,6,2.84,-5.15,-1.54,-0.03,0.1398,从未跌破（观测期内）,2026-07-03,42.99,0.3433,-0.3742,0.2275,0.2563,0.7331,0.6208,0.3598
002696,百洋股份,17.92,False,5.36,5.38,1,4.38,-10.09,-6.55,-0.31,0.0,从未跌破（观测期内）,2026-07-03,46.95,0.6341,2.8457,0.6299,0.7804,0.821,0.0,0.3593
002884,凌霄泵业,43.25,False,15.84,15.75,1,0.57,-5.86,-3.53,0.57,0.045,从未跌破（观测期内）,2026-07-03,42.59,-0.3851,0.7174,0.2151,0.4,0.7241,0.6415,0.3591
600560,金自天正,25.88,False,11.57,11.86,0,-2.43,-11.27,-7.5,-2.43,0.0,从未跌破（观测期内）,2026-07-03,41.08,0.4726,0.3554,0.3421,0.6257,0.6906,0.4298,0.359
002737,葵花药业,73.18,False,12.53,12.18,1,2.87,-8.6,-3.54,2.87,0.0792,从未跌破（观测期内）,2026-07-03,51.07,-0.2117,0.6073,0.4241,0.4,0.9128,0.2932,0.3582
002255,海陆重工,60.29,False,9.45,9.35,7,4.94,-11.75,-3.81,1.05,0.0424,从未跌破（观测期内）,2026-07-03,53.49,0.6108,0.0044,0.5778,0.5682,0.9665,0.037,0.3579
002286,保龄宝,32.57,False,8.81,8.86,6,4.59,-7.74,-2.34,-0.53,0.0767,从未跌破（观测期内）,2026-07-03,39.21,0.2933,0.4171,0.3546,0.5428,0.649,0.409,0.3575
600535,天士力,209.15,False,14.0,13.93,6,2.6,-5.84,-1.32,0.52,0.1626,从未跌破（观测期内）,2026-07-03,44.02,-0.2951,0.1684,0.3031,0.2674,0.7561,0.4948,0.3573
000030,富奥股份,68.34,False,4.09,4.13,1,1.95,-7.79,-4.96,-1.06,0.0,从未跌破（观测期内）,2026-07-03,42.42,0.5808,0.3297,0.4288,0.6803,0.7205,0.2854,0.357
000801,四川九洲,125.98,False,12.4,11.94,4,9.66,-10.26,-4.44,3.87,0.0494,从未跌破（观测期内）,2026-07-03,50.46,0.3805,2.1316,0.6218,0.6283,0.899,0.0,0.3567
002786,银宝山新,40.27,False,8.15,8.1,3,3.32,-8.44,-3.82,0.57,0.0283,从未跌破（观测期内）,2026-07-03,50.22,0.7891,-0.1862,0.533,0.599,0.8939,0.1116,0.3566
001378,德冠新材,16.79,False,19.91,19.49,6,4.19,-8.61,-3.05,2.13,0.1109,从未跌破（观测期内）,2026-07-03,43.93,0.4089,1.4272,0.6589,0.6453,0.754,0.0,0.3565
603508,思维列控,84.64,False,22.2,21.72,1,2.23,-9.07,-4.11,2.23,0.032,从未跌破（观测期内）,2026-07-03,55.41,-0.0412,0.0138,0.2241,0.2055,0.9909,0.6266,0.3564
000736,中交地产,29.59,False,3.96,4.09,0,-1.52,-18.86,-13.23,-3.28,0.0,从未跌破（观测期内）,2026-07-03,42.51,0.7452,1.2767,0.6446,0.8471,0.7225,0.0,0.3563
002890,弘宇股份,25.72,False,15.93,14.68,3,8.49,-10.63,-4.2,8.49,0.1639,从未跌破（观测期内）,2026-07-03,56.65,-0.4766,0.1489,0.4675,0.2596,0.9634,0.2208,0.3562
603998,方盛制药,42.72,False,9.73,9.45,1,3.0,-7.65,-3.42,3.0,0.0858,从未跌破（观测期内）,2026-07-03,47.76,-0.2046,1.2197,0.3836,0.4,0.839,0.3607,0.3562
603309,维力医疗,35.37,False,12.12,11.54,3,5.01,-12.01,-4.7,5.01,0.0679,从未跌破（观测期内）,2026-07-03,57.04,0.3209,-0.3216,0.312,0.2639,0.9547,0.48,0.3561
600894,广日股份,66.95,False,7.94,7.96,4,2.2,-5.61,-1.81,-0.19,0.0942,从未跌破（观测期内）,2026-07-03,50.3,0.3173,-0.3757,0.2837,0.2401,0.8955,0.5272,0.3559
605069,正和生态,31.9,False,15.07,12.87,10,34.66,-26.03,0.85,17.06,0.4305,从未跌破（观测期内）,2026-07-03,75.52,0.2146,-0.0757,0.9859,0.2985,0.544,0.0,0.3556
603500,祥和实业,35.99,False,10.82,12.5,15,27.12,-13.43,8.17,-13.43,0.1071,从未跌破（观测期内）,2026-07-03,36.71,0.6254,1.2359,0.8564,0.7752,0.5934,0.0,0.3554
600745,*ST闻泰,232.48,False,18.25,17.86,6,9.9,-17.04,-4.53,2.19,0.037,从未跌破（观测期内）,2026-07-03,54.86,0.2748,20.7455,0.6597,0.5649,0.997,0.0,0.3554
601311,骆驼股份,95.85,False,8.17,8.06,1,1.31,-10.12,-5.2,1.31,0.0,从未跌破（观测期内）,2026-07-03,53.13,0.1396,0.2732,0.3386,0.3931,0.9583,0.4357,0.3553
600650,锦江在线,39.56,False,10.13,10.15,0,-0.21,-13.67,-8.29,-0.21,0.0,从未跌破（观测期内）,2026-07-03,46.45,0.158,0.4631,0.3076,0.48,0.8099,0.4873,0.3551
000518,四环生物,35.62,False,3.46,3.25,5,12.79,-13.03,-4.36,6.61,0.1357,从未跌破（观测期内）,2026-07-03,66.67,0.8646,-0.5074,0.5084,0.5188,0.7407,0.1527,0.355
600925,苏能股份,68.42,False,4.26,4.27,4,4.48,-9.66,-4.56,-0.21,0.0,从未跌破（观测期内）,2026-07-03,42.57,0.911,-0.6452,0.3055,0.5466,0.7239,0.4908,0.355
001266,宏英智能,27.36,True,47.05,48.39,9,9.73,-7.86,-0.61,-2.78,0.0585,从未跌破（观测期内）,2026-07-03,54.39,0.8181,-0.3852,0.5996,0.5367,0.9865,0.0007,0.355
002843,泰嘉股份,58.87,False,23.53,21.59,3,8.99,-16.1,-6.14,8.99,0.1188,从未跌破（观测期内）,2026-07-03,64.37,0.3242,2.0197,0.6195,0.5945,0.7917,0.0,0.3545
000999,华润三九,399.55,False,24.03,23.76,8,2.78,-7.66,-1.28,1.15,0.1943,从未跌破（观测期内）,2026-07-03,43.95,-0.2324,0.1012,0.3382,0.2405,0.7545,0.4363,0.3542
002150,正泰电源,96.44,False,26.9,25.74,2,4.52,-18.07,-9.59,4.52,0.0,从未跌破（观测期内）,2026-07-03,61.89,0.6783,0.1494,0.5284,0.6668,0.8469,0.1194,0.354
002073,软控股份,55.16,False,5.44,5.39,1,0.97,-7.51,-4.6,0.97,0.0102,从未跌破（观测期内）,2026-07-03,49.57,0.2568,0.1018,0.2994,0.3948,0.8792,0.501,0.3538
002797,第一创业,283.24,False,6.74,6.55,8,3.74,-11.87,-3.91,2.92,0.1026,从未跌破（观测期内）,2026-07-03,59.0,0.539,-0.3601,0.4573,0.3794,0.9111,0.2378,0.3538
600897,厦门空港,62.12,False,14.9,15.08,8,8.33,-3.2,0.23,-1.21,0.1558,从未跌破（观测期内）,2026-07-03,26.71,0.9231,-0.4171,0.3194,0.587,0.3714,0.4677,0.3535
002967,广电计量,104.52,False,19.1,18.38,3,3.93,-16.02,-6.19,3.93,0.0,从未跌破（观测期内）,2026-07-03,65.26,0.621,0.1899,0.4529,0.6486,0.7721,0.2452,0.3533
600081,东风科技,53.92,True,9.75,9.86,0,-1.14,-11.19,-7.8,-1.14,0.0,从未跌破（观测期内）,2026-07-03,43.73,0.2759,0.7212,0.3522,0.5656,0.7495,0.413,0.3532
000559,万向钱潮,471.3,False,14.22,13.61,1,4.51,-16.83,-8.65,4.51,0.0,从未跌破（观测期内）,2026-07-03,59.56,0.3509,1.3438,0.5169,0.6105,0.8986,0.1385,0.3531
603228,景旺电子,702.97,True,71.97,73.81,5,4.4,-10.56,-2.92,-2.5,0.0,从未跌破（观测期内）,2026-07-03,48.83,0.6771,0.2898,0.815,0.7222,0.863,0.0,0.3531
603267,鸿远电子,158.59,True,68.63,72.82,18,26.12,-8.24,5.53,-5.76,0.2806,从未跌破（观测期内）,2026-07-03,56.69,0.2733,-0.4269,0.9305,0.1932,0.9624,0.0,0.353
603352,至信股份,12.09,False,27.22,27.69,0,-1.7,-12.18,-7.34,-1.7,0.0,从未跌破（观测期内）,2026-07-03,43.27,0.7183,-0.1532,0.3493,0.5697,0.7394,0.4179,0.353
000589,贵州轮胎,66.09,False,4.28,4.3,0,-0.43,-6.88,-4.16,-0.43,0.0,从未跌破（观测期内）,2026-07-03,41.11,0.4342,0.135,0.257,0.5145,0.6914,0.5717,0.3527
000959,首钢股份,265.28,False,3.56,3.35,5,9.12,-11.56,-4.45,6.28,0.1255,从未跌破（观测期内）,2026-07-03,61.98,0.2667,0.2264,0.5165,0.4506,0.8448,0.1392,0.3527
000758,中色股份,129.47,False,6.53,6.78,9,11.35,-10.07,-1.07,-3.72,0.0233,从未跌破（观测期内）,2026-07-03,42.24,0.8054,0.293,0.6785,0.8005,0.7164,0.0,0.3527
600056,中国医药,136.38,False,9.12,9.02,1,1.14,-7.89,-4.07,1.14,0.0276,从未跌破（观测期内）,2026-07-03,51.27,-0.1812,0.3395,0.3031,0.3358,0.9171,0.4948,0.3526
603278,大业股份,41.39,False,12.11,12.05,2,0.5,-14.7,-7.45,0.5,0.0,从未跌破（观测期内）,2026-07-03,52.72,0.7834,-0.0474,0.759,0.651,0.9494,0.0,0.3526
603083,剑桥科技,577.0,True,209.37,215.55,15,30.63,-10.64,7.34,-2.87,0.3505,从未跌破（观测期内）,2026-07-03,58.43,0.0637,-0.319,0.9719,0.1107,0.9237,0.0,0.3526
002039,黔源电力,87.56,False,20.48,20.04,4,7.47,-9.52,-2.65,2.21,0.0758,从未跌破（观测期内）,2026-07-03,43.79,0.7628,-0.5133,0.3698,0.4577,0.7508,0.3837,0.3524
002717,*ST岭南,18.39,False,1.07,1.06,10,16.88,-13.95,-1.02,0.61,0.1489,从未跌破（观测期内）,2026-07-03,35.94,0.5159,1.2911,0.7223,0.7095,0.5764,0.0,0.3522
002318,久立特材,227.69,False,23.85,23.42,11,7.26,-13.35,-2.17,1.82,0.1661,从未跌破（观测期内）,2026-07-03,55.12,0.2695,-0.5264,0.4175,0.1617,0.9973,0.3042,0.352
002059,云南旅游,42.86,True,4.36,4.39,5,5.76,-7.08,-2.1,-0.72,0.0661,从未跌破（观测期内）,2026-07-03,37.36,0.6977,-0.0621,0.3784,0.5938,0.6081,0.3694,0.3519
002975,博杰股份,168.12,False,122.4,135.06,14,21.67,-9.38,3.37,-9.38,0.0727,从未跌破（观测期内）,2026-07-03,50.52,0.5153,0.1541,0.9602,0.5708,0.9003,0.0,0.3519
601333,广深铁路,165.05,False,2.92,2.89,4,0.88,-5.69,-1.64,0.88,0.1464,从未跌破（观测期内）,2026-07-03,45.45,0.2424,-0.4171,0.2361,0.1786,0.7879,0.6064,0.3518
601008,连云港,52.85,True,4.26,4.31,2,1.21,-8.57,-3.69,-1.14,0.0,从未跌破（观测期内）,2026-07-03,39.6,0.6613,0.0503,0.3363,0.6169,0.6579,0.4395,0.3517
000078,ST海王,39.12,False,1.49,1.5,0,-0.73,-16.99,-9.33,-0.73,0.0,从未跌破（观测期内）,2026-07-03,43.08,0.6971,1.3792,0.6223,0.8183,0.735,0.0,0.3516
600973,宝胜股份,90.78,False,6.62,6.81,5,8.56,-10.48,-2.34,-2.72,0.0,从未跌破（观测期内）,2026-07-03,54.69,0.5987,0.1301,0.7125,0.6113,0.9932,0.0,0.3515
603053,成都燃气,78.84,False,8.87,8.78,1,1.06,-7.54,-4.42,1.06,0.0213,从未跌破（观测期内）,2026-07-03,44.87,0.5407,-0.3444,0.235,0.3867,0.7749,0.6083,0.3514
002401,中远海科,44.26,False,11.92,12.42,1,0.25,-10.69,-5.31,-4.06,0.0,从未跌破（观测期内）,2026-07-03,33.19,0.6153,0.2372,0.2718,0.6641,0.5153,0.547,0.3511
600916,中国黄金,123.98,False,7.38,7.29,2,1.21,-8.4,-4.66,1.21,0.012,从未跌破（观测期内）,2026-07-03,45.1,0.1931,1.9909,0.3545,0.5158,0.78,0.4092,0.3511
603565,中谷物流,216.1,False,10.29,10.09,12,3.97,-10.74,-1.1,1.94,0.2336,从未跌破（观测期内）,2026-07-03,57.43,-0.3994,-0.304,0.4049,0.0784,0.946,0.3251,0.351
601326,秦港股份,155.57,False,3.27,3.31,6,3.11,-5.16,-1.3,-1.27,0.1147,从未跌破（观测期内）,2026-07-03,34.37,0.5288,-0.1209,0.2826,0.4689,0.5417,0.529,0.3508
002906,华阳集团,138.92,False,26.48,26.34,3,1.73,-15.66,-7.15,0.51,0.0,从未跌破（观测期内）,2026-07-03,54.41,0.3548,0.721,0.612,0.6129,0.9869,0.0,0.3506
002705,新宝股份,93.85,False,11.62,11.49,1,1.1,-8.62,-4.94,1.1,0.0099,从未跌破（观测期内）,2026-07-03,49.8,0.0866,0.1935,0.2506,0.3294,0.8844,0.5823,0.3505
002807,江阴银行,104.09,False,3.85,3.91,7,2.9,-5.72,-1.06,-1.51,0.1235,从未跌破（观测期内）,2026-07-03,31.15,0.7248,-0.4929,0.2098,0.4377,0.4699,0.6503,0.3504
000799,酒鬼酒,131.52,False,40.48,40.96,10,7.93,-10.82,-1.44,-1.16,0.094,从未跌破（观测期内）,2026-07-03,57.29,0.8005,-0.4714,0.6313,0.4917,0.949,0.0,0.3503
603286,日盈电子,66.21,True,56.96,53.07,1,7.33,-18.82,-9.55,7.33,0.0,从未跌破（观测期内）,2026-07-03,54.22,0.3569,1.353,0.7686,0.6141,0.9827,0.0,0.3501
603836,海程邦达,23.29,False,8.35,8.25,2,2.0,-9.15,-6.01,1.24,0.0,从未跌破（观测期内）,2026-07-03,49.71,-0.2335,0.7344,0.3057,0.4,0.8824,0.4904,0.35
603656,泰禾智能,31.96,True,17.47,18.0,4,6.23,-7.14,-1.86,-2.92,0.0036,从未跌破（观测期内）,2026-07-03,39.78,0.7557,-0.2747,0.2792,0.5435,0.6618,0.5346,0.3499
600233,圆通速递,588.75,False,17.2,16.5,3,8.69,-9.94,-5.57,4.24,0.0143,从未跌破（观测期内）,2026-07-03,50.24,0.2843,0.6389,0.5095,0.5706,0.8943,0.1508,0.3498
000929,*ST兰黄,16.81,False,9.05,9.44,0,-0.06,-12.69,-6.67,-4.1,0.0,从未跌破（观测期内）,2026-07-03,45.36,0.2885,0.9817,0.4046,0.5731,0.7858,0.3257,0.3493
603332,苏州龙杰,23.47,False,10.85,10.89,0,-0.37,-11.75,-7.02,-0.37,0.0,从未跌破（观测期内）,2026-07-03,43.58,0.6742,-0.2171,0.3178,0.5177,0.7462,0.4704,0.3492
603387,基蛋生物,41.94,False,8.27,7.98,3,3.59,-9.9,-5.2,3.59,0.0454,从未跌破（观测期内）,2026-07-03,55.26,-0.0898,0.4072,0.4349,0.3629,0.9942,0.2751,0.349
600339,中油工程,174.75,False,3.13,3.25,0,-1.5,-12.63,-6.68,-3.78,0.0,从未跌破（观测期内）,2026-07-03,39.24,0.8254,-0.2779,0.3092,0.5841,0.6498,0.4846,0.3487
002003,伟星股份,89.74,False,8.78,8.74,3,2.58,-6.61,-2.86,0.45,0.0655,从未跌破（观测期内）,2026-07-03,41.4,0.4278,-0.2031,0.2439,0.3754,0.6978,0.5935,0.3486
002962,五方光电,36.84,False,17.61,19.14,10,13.58,-11.84,-0.37,-7.97,0.0,从未跌破（观测期内）,2026-07-03,51.08,0.7497,0.0348,1.029,0.6638,0.913,0.0,0.3485
603378,*ST亚士,23.19,False,5.41,5.25,7,12.19,-12.03,-2.38,3.07,0.1284,从未跌破（观测期内）,2026-07-03,52.31,0.7261,-0.5274,0.6338,0.4357,0.9402,0.0,0.3483
002595,豪迈科技,570.81,True,49.55,48.74,1,1.66,-10.34,-5.71,1.66,0.0,从未跌破（观测期内）,2026-07-03,55.82,0.0712,0.5975,0.4354,0.4427,0.9818,0.2743,0.3482
603606,东方电缆,360.85,False,43.75,40.52,5,7.96,-15.64,-4.99,7.96,0.1539,从未跌破（观测期内）,2026-07-03,59.42,0.4041,-0.1675,0.5515,0.3754,0.9017,0.0808,0.3479
002268,电科网安,114.53,False,13.55,13.18,3,7.42,-11.21,-5.23,2.79,0.0,从未跌破（观测期内）,2026-07-03,55.31,0.2005,0.6027,0.5245,0.5203,0.9931,0.1258,0.3476
603682,锦和商管,42.38,False,8.97,8.05,4,11.48,-14.02,-4.48,11.48,0.2016,从未跌破（观测期内）,2026-07-03,56.59,0.0478,0.1642,0.6735,0.2944,0.9646,0.0,0.3472
002090,金智科技,37.88,True,9.59,9.31,1,3.02,-12.78,-7.35,3.02,0.0,从未跌破（观测期内）,2026-07-03,55.0,0.1834,0.5599,0.522,0.5101,1.0,0.13,0.347
600517,国网英大,273.34,False,4.78,4.84,2,0.98,-11.36,-5.15,-1.31,0.0,从未跌破（观测期内）,2026-07-03,49.21,0.5242,-0.1589,0.3606,0.451,0.8713,0.399,0.3468
603050,科林电气,83.2,False,20.63,19.72,3,6.94,-16.14,-7.37,4.62,0.0,从未跌破（观测期内）,2026-07-03,48.95,0.7513,-0.218,0.469,0.5636,0.8656,0.2183,0.3468
000153,丰原药业,24.92,False,5.43,5.31,1,2.21,-8.42,-4.12,2.21,0.0416,从未跌破（观测期内）,2026-07-03,50.0,-0.2827,0.3847,0.3445,0.3539,0.8889,0.4258,0.3467
002161,远 望 谷,41.57,False,5.62,5.74,4,2.81,-12.84,-5.89,-2.06,0.0,从未跌破（观测期内）,2026-07-03,51.25,0.422,0.7597,0.6915,0.6532,0.9166,0.0,0.3466
002399,海普瑞,119.11,False,9.55,9.14,3,4.47,-7.07,-3.5,4.47,0.1183,从未跌破（观测期内）,2026-07-03,57.54,-0.007,0.144,0.4155,0.2576,0.9435,0.3075,0.3465
000582,北部湾港,242.86,False,11.26,11.41,2,15.38,-12.27,-6.35,-1.31,0.0,从未跌破（观测期内）,2026-07-03,50.43,0.8781,-0.7397,0.46,0.5269,0.8986,0.2333,0.3464
002806,华锋股份,31.91,False,18.33,19.52,16,25.87,-6.14,7.24,-6.08,0.2835,从未跌破（观测期内）,2026-07-03,56.9,0.276,-0.7515,0.701,0.1656,0.9578,0.0,0.3463
600215,派斯林,28.56,False,6.25,6.22,1,0.54,-9.97,-4.52,0.54,0.0,从未跌破（观测期内）,2026-07-03,50.25,0.2928,0.3234,0.4356,0.505,0.8944,0.2739,0.3462
600435,北方导航,173.01,False,11.44,11.65,2,0.46,-10.78,-4.44,-1.8,0.0,从未跌破（观测期内）,2026-07-03,35.37,0.5597,0.4592,0.3875,0.7195,0.5639,0.3542,0.3458
603366,日出东方,57.4,False,7.06,6.84,4,7.88,-12.51,-6.07,3.16,0.0,从未跌破（观测期内）,2026-07-03,52.55,0.302,2.154,0.5545,0.5812,0.9457,0.0759,0.3458
002412,汉森制药,30.12,False,6.05,5.9,1,2.52,-9.17,-4.97,2.52,0.017,从未跌破（观测期内）,2026-07-03,51.46,0.4246,0.0843,0.4695,0.4884,0.9214,0.2175,0.3458
002748,世龙实业,25.82,False,10.76,10.84,5,3.72,-9.4,-2.96,-0.78,0.0264,从未跌破（观测期内）,2026-07-03,44.98,0.2787,0.3827,0.402,0.5203,0.7774,0.33,0.3456
601199,江南水务,53.87,False,5.76,5.66,9,4.98,-8.04,-1.34,1.83,0.1883,从未跌破（观测期内）,2026-07-03,58.23,0.0644,-0.3693,0.3533,0.0909,0.9283,0.4111,0.3454
002683,广东宏大,206.83,False,31.03,29.75,3,4.31,-13.84,-7.19,4.31,0.0,从未跌破（观测期内）,2026-07-03,54.76,-0.2317,0.5847,0.4149,0.4,0.9948,0.3086,0.3452
600757,长江传媒,88.71,False,7.31,7.53,6,1.05,-3.84,-1.34,-2.95,0.0949,从未跌破（观测期内）,2026-07-03,35.25,-0.0948,1.1797,0.22,0.4,0.561,0.6333,0.3452
601868,中国能建,862.6,False,2.66,2.71,1,1.87,-10.29,-4.76,-1.94,0.0,从未跌破（观测期内）,2026-07-03,50.7,0.7958,-0.463,0.4353,0.4923,0.9045,0.2746,0.3452
000001,平安银行,1996.84,False,10.29,10.6,11,6.05,-5.72,-0.3,-2.96,0.1474,从未跌破（观测期内）,2026-07-03,24.04,0.5611,-0.025,0.2318,0.5267,0.3121,0.6137,0.3451
002864,盘龙药业,20.19,False,27.4,27.04,2,1.34,-8.19,-4.04,1.34,0.0437,从未跌破（观测期内）,2026-07-03,51.19,-0.1252,0.4985,0.4215,0.3994,0.9154,0.2974,0.345
000972,*ST中基,28.07,False,3.64,3.46,3,6.71,-10.07,-3.24,5.25,0.1338,从未跌破（观测期内）,2026-07-03,55.1,-0.0974,0.3753,0.583,0.3501,0.9977,0.0284,0.3449
603077,和邦生物,205.78,False,2.33,2.37,3,2.54,-11.03,-3.72,-1.81,0.0,从未跌破（观测期内）,2026-07-03,43.66,0.5224,0.2738,0.4427,0.6229,0.748,0.2621,0.3447
603288,XD海天味,1891.16,False,34.01,33.76,5,2.95,-6.38,-1.68,0.74,0.1336,从未跌破（观测期内）,2026-07-03,46.31,0.3778,-0.456,0.3253,0.2443,0.8069,0.4578,0.3446
603660,苏州科达,63.61,False,11.13,11.91,8,12.3,-11.12,-1.85,-6.55,0.0,从未跌破（观测期内）,2026-07-03,50.0,0.7797,-0.0021,0.6237,0.667,0.8889,0.0,0.3445
002724,海洋王,28.96,False,5.1,5.1,1,0.05,-7.72,-4.47,0.05,0.0002,从未跌破（观测期内）,2026-07-03,46.73,-0.1124,0.658,0.2761,0.4,0.8162,0.5398,0.3443
601058,赛轮轮胎,403.78,False,12.28,12.06,4,3.4,-7.68,-2.64,1.82,0.1105,从未跌破（观测期内）,2026-07-03,48.82,0.071,1.8517,0.5323,0.4426,0.8627,0.1129,0.3443
600416,湘电股份,146.84,False,9.95,10.2,1,0.02,-16.83,-7.69,-2.41,0.0,从未跌破（观测期内）,2026-07-03,52.65,0.6085,-0.1445,0.4884,0.5073,0.9477,0.186,0.3443
600350,山东高速,573.86,False,11.87,10.9,7,8.91,-8.7,-1.2,8.91,0.3153,从未跌破（观测期内）,2026-07-03,67.53,-0.354,-0.1951,0.4268,0.1219,0.7215,0.2886,0.3442
003028,振邦智能,17.36,True,24.61,24.08,1,2.18,-13.12,-8.16,2.18,0.0,从未跌破（观测期内）,2026-07-03,50.88,0.2399,0.5148,0.4941,0.544,0.9084,0.1765,0.3441
000066,中国长城,551.89,False,17.11,17.49,10,17.08,-20.12,-3.79,-2.2,0.0094,从未跌破（观测期内）,2026-07-03,57.48,0.8503,-0.2616,0.7647,0.6055,0.945,0.0,0.3441
002762,*ST金比,18.2,False,8.61,8.45,5,2.86,-9.23,-3.53,1.94,0.0779,从未跌破（观测期内）,2026-07-03,60.07,-0.0341,0.5286,0.459,0.4,0.8873,0.2349,0.3439
002051,中工国际,129.02,False,10.52,11.97,16,15.96,-12.08,4.26,-12.08,0.0589,从未跌破（观测期内）,2026-07-03,50.27,0.4507,0.2376,1.0271,0.5655,0.8949,0.0,0.3439
603128,华贸物流,69.12,False,5.28,5.22,1,1.13,-4.12,-2.38,1.13,0.0934,从未跌破（观测期内）,2026-07-03,48.68,0.0387,-0.2042,0.2033,0.1415,0.8596,0.6612,0.3439
600685,中船防务,222.36,False,27.07,26.13,1,3.58,-11.43,-5.11,3.58,0.0063,从未跌破（观测期内）,2026-07-03,56.49,0.0676,1.1756,0.4497,0.4406,0.9669,0.2505,0.3436
601169,北京银行,1063.49,False,5.03,5.08,7,2.71,-3.87,-0.85,-0.96,0.1625,从未跌破（观测期内）,2026-07-03,33.78,0.1462,-0.0203,0.1885,0.2796,0.5285,0.6858,0.3435
603301,振德医疗,226.96,False,86.01,85.67,13,5.17,-10.02,-0.44,0.4,0.2135,从未跌破（观测期内）,2026-07-03,51.63,-0.1556,-0.3948,0.351,0.0421,0.9252,0.415,0.3432
002267,陕天然气,76.62,False,6.89,6.81,1,1.15,-6.02,-3.86,1.15,0.0454,从未跌破（观测期内）,2026-07-03,45.54,0.1218,0.0425,0.222,0.29,0.7897,0.6301,0.3431
603767,中马传动,48.76,False,15.8,15.66,1,0.89,-20.04,-12.99,0.89,0.0,从未跌破（观测期内）,2026-07-03,48.92,0.443,0.2547,0.4889,0.5677,0.8648,0.1851,0.3427
002597,金禾实业,116.85,False,20.6,20.72,11,7.45,-12.08,-1.22,-0.56,0.1306,从未跌破（观测期内）,2026-07-03,37.72,0.4469,1.3083,0.6302,0.6681,0.6161,0.0,0.3425
603787,新日股份,22.23,False,9.66,9.62,1,0.37,-9.02,-5.54,0.37,0.0,从未跌破（观测期内）,2026-07-03,43.52,0.7098,-0.396,0.2944,0.4675,0.745,0.5093,0.3422
000636,风华高科,731.58,False,63.23,68.73,20,58.11,-8.0,25.03,-8.0,0.3682,从未跌破（观测期内）,2026-07-03,53.84,-0.39,-0.5227,1.0822,0.0,0.9742,0.0,0.3421
000726,鲁  泰Ａ,33.59,False,5.7,5.67,3,0.56,-4.64,-2.19,0.56,0.1081,从未跌破（观测期内）,2026-07-03,45.36,0.1843,-0.2386,0.2497,0.2151,0.7858,0.5838,0.3418
002249,大洋电机,155.1,False,8.33,7.96,1,4.65,-12.21,-6.89,4.65,0.0,从未跌破（观测期内）,2026-07-03,58.64,0.1678,1.2487,0.469,0.5007,0.9192,0.2183,0.3418
600449,宁夏建材,63.12,False,13.2,12.47,1,5.85,-13.13,-6.92,5.85,0.0167,从未跌破（观测期内）,2026-07-03,53.47,0.2267,0.9036,0.5688,0.536,0.966,0.0519,0.3417
002849,威星智能,35.85,True,16.38,16.69,8,8.09,-9.22,-1.61,-1.88,0.0402,从未跌破（观测期内）,2026-07-03,50.42,0.785,-0.2204,0.6269,0.5828,0.8982,0.0,0.3414
601866,中远海发,222.37,False,2.29,2.35,0,-1.77,-7.57,-4.77,-2.7,0.0,从未跌破（观测期内）,2026-07-03,40.0,0.4501,0.0964,0.2767,0.5086,0.6667,0.5388,0.3413
605488,福莱新材,96.26,False,34.88,32.62,4,6.92,-19.8,-6.51,6.92,0.0738,从未跌破（观测期内）,2026-07-03,52.02,0.1667,3.0251,0.8791,0.5,0.9339,0.0,0.3413
600839,四川长虹,316.12,False,6.85,6.84,4,2.03,-13.58,-6.24,0.16,0.0,从未跌破（观测期内）,2026-07-03,51.92,0.1026,0.5248,0.4418,0.4616,0.9316,0.2636,0.3413
603389,*ST亚振,152.37,False,57.99,59.3,6,3.36,-8.07,-2.33,-2.21,0.0453,从未跌破（观测期内）,2026-07-03,50.32,0.1032,1.1761,0.4861,0.4619,0.896,0.1898,0.3413
603197,保隆科技,63.83,True,30.23,28.74,2,5.2,-12.57,-6.37,5.2,0.0217,从未跌破（观测期内）,2026-07-03,62.31,0.1435,0.2933,0.343,0.4034,0.8375,0.4283,0.3413
605399,晨光新材,41.9,False,13.45,13.57,6,9.41,-16.18,-3.24,-0.87,0.0,从未跌破（观测期内）,2026-07-03,51.78,0.7425,-0.0587,0.6428,0.622,0.9284,0.0,0.3412
600156,华升股份,38.28,False,9.52,8.99,2,5.89,-20.15,-11.09,5.86,0.0,从未跌破（观测期内）,2026-07-03,56.86,0.4634,0.07,0.5082,0.5061,0.9586,0.153,0.3412
002872,ST天圣,10.81,False,5.03,4.9,1,2.62,-11.15,-5.46,2.62,0.0,从未跌破（观测期内）,2026-07-03,46.15,0.1328,0.775,0.3575,0.4797,0.8034,0.4042,0.3412
600771,广誉远,69.17,False,14.13,13.71,2,3.09,-9.57,-5.04,3.09,0.0446,从未跌破（观测期内）,2026-07-03,50.32,-0.1843,0.8333,0.4243,0.4,0.896,0.2928,0.341
600026,中远海能,664.92,False,17.37,18.55,7,21.87,-18.41,-4.28,-6.36,0.0,从未跌破（观测期内）,2026-07-03,49.59,0.54,0.3373,0.9402,0.6589,0.8799,0.0,0.3407
600192,长城电工,29.2,False,6.61,7.06,5,12.31,-13.05,-6.0,-6.31,0.0,从未跌破（观测期内）,2026-07-03,46.99,0.7064,0.2027,0.6792,0.7049,0.8221,0.0,0.3407
600523,贵航股份,45.25,False,11.2,11.07,1,1.2,-9.68,-5.57,1.2,0.0,从未跌破（观测期内）,2026-07-03,46.43,-0.0831,0.6997,0.2852,0.4,0.8095,0.5247,0.3406
601882,海天精工,111.19,False,21.3,20.23,3,5.27,-12.93,-5.11,5.27,0.0609,从未跌破（观测期内）,2026-07-03,58.25,0.1539,1.3034,0.5707,0.4923,0.9278,0.0489,0.3403
603100,川仪股份,93.66,False,18.31,17.78,4,3.08,-8.9,-4.73,2.99,0.0625,从未跌破（观测期内）,2026-07-03,50.39,-0.1159,0.3164,0.3838,0.3266,0.8975,0.3603,0.3402
000949,新乡化纤,105.18,False,6.35,6.68,6,7.46,-10.99,-3.51,-4.91,0.0,从未跌破（观测期内）,2026-07-03,46.15,0.526,0.6377,0.5979,0.7156,0.8034,0.0036,0.3401
002283,天润工业,102.69,True,10.24,9.93,3,5.74,-19.04,-7.43,3.12,0.0,从未跌破（观测期内）,2026-07-03,57.94,0.3947,0.4388,0.7715,0.6123,0.9346,0.0,0.34
002758,浙农股份,41.93,False,8.09,8.08,7,2.09,-7.43,-2.24,0.1,0.1267,从未跌破（观测期内）,2026-07-03,48.0,-0.1173,-0.0278,0.308,0.1889,0.8444,0.4866,0.3398
000601,韶能股份,69.27,False,6.6,6.75,3,17.44,-19.4,-8.41,-2.25,0.0,从未跌破（观测期内）,2026-07-03,48.07,0.8672,-0.0942,0.8,0.6826,0.8459,0.0,0.3398
000950,重药控股,91.94,False,5.32,5.19,1,2.54,-12.61,-6.82,2.54,0.0,从未跌破（观测期内）,2026-07-03,53.52,0.024,0.2488,0.3288,0.314,0.9671,0.4519,0.3397
000538,云南白药,866.26,True,48.86,48.82,5,1.68,-4.26,-1.42,0.08,0.1437,从未跌破（观测期内）,2026-07-03,39.44,0.1174,-0.1215,0.2169,0.2218,0.6543,0.6385,0.3396
002270,华明装备,180.5,False,20.14,19.91,4,2.82,-16.78,-6.82,1.16,0.0,从未跌破（观测期内）,2026-07-03,50.06,0.6463,0.1448,0.6716,0.6457,0.8903,0.0,0.3395
001223,欧克科技,29.85,True,42.75,47.67,17,14.85,-10.32,4.04,-10.32,0.1135,从未跌破（观测期内）,2026-07-03,49.54,0.6172,-0.244,0.8534,0.4727,0.8786,0.0,0.3393
600587,新华医疗,75.35,False,12.42,12.25,1,1.4,-8.0,-3.96,1.4,0.0369,从未跌破（观测期内）,2026-07-03,46.77,-0.3161,0.4635,0.3417,0.3854,0.8171,0.4305,0.3391
600133,东湖高新,84.13,False,7.89,8.1,3,2.06,-10.67,-4.45,-2.55,0.0,从未跌破（观测期内）,2026-07-03,47.69,0.3894,0.0166,0.3538,0.4403,0.8374,0.4103,0.3391
600980,北矿科技,37.32,True,19.72,20.26,2,3.1,-9.82,-4.46,-2.65,0.0,从未跌破（观测期内）,2026-07-03,39.76,0.4511,0.4396,0.4199,0.6465,0.6612,0.3002,0.3389
002945,华林证券,370.17,False,13.71,13.9,5,2.53,-8.69,-3.12,-1.35,0.0147,从未跌破（观测期内）,2026-07-03,48.72,0.502,0.0488,0.4776,0.5207,0.8605,0.2039,0.3388
603819,神力股份,26.91,False,12.36,11.77,2,5.01,-13.02,-6.95,5.01,0.0,从未跌破（观测期内）,2026-07-03,59.2,0.656,-0.3231,0.4344,0.4644,0.9066,0.276,0.3388
600779,水井坊,139.62,False,28.64,29.21,1,1.05,-9.75,-4.95,-1.96,0.0,从未跌破（观测期内）,2026-07-03,47.85,0.8325,-0.7464,0.4178,0.4995,0.8412,0.3037,0.3387
603035,常熟汽饰,41.87,False,11.43,11.22,1,1.92,-8.93,-5.2,1.92,0.0163,从未跌破（观测期内）,2026-07-03,45.3,-0.4483,1.9284,0.2989,0.4,0.7844,0.5019,0.3387
601368,绿城水务,38.14,False,4.32,4.31,1,0.27,-7.33,-4.23,0.27,0.0082,从未跌破（观测期内）,2026-07-03,45.05,0.3947,-0.1034,0.2775,0.3955,0.779,0.5374,0.3386
003018,金富科技,157.34,True,66.28,64.55,14,28.07,-16.32,4.7,2.69,0.4073,从未跌破（观测期内）,2026-07-03,60.47,-0.0812,-0.5823,0.7715,0.0,0.8785,0.0,0.3386
600975,新五丰,60.11,False,4.81,4.59,3,4.87,-10.18,-6.08,4.87,0.04,从未跌破（观测期内）,2026-07-03,52.08,0.0156,1.9406,0.4688,0.4093,0.9352,0.2187,0.3382
605266,健之佳,24.76,False,16.02,15.98,1,0.25,-9.44,-4.84,0.25,0.0,从未跌破（观测期内）,2026-07-03,41.96,0.276,0.4346,0.3551,0.5394,0.7101,0.4082,0.3381
000755,山西高速,66.62,False,4.54,4.45,2,4.06,-9.88,-5.4,2.1,0.0,从未跌破（观测期内）,2026-07-03,52.07,0.6995,-0.6288,0.4152,0.4197,0.9348,0.3081,0.3381
002961,瑞达期货,96.77,False,20.29,20.16,7,4.91,-16.63,-5.07,0.64,0.0005,从未跌破（观测期内）,2026-07-03,54.2,0.6622,-0.0832,0.6307,0.564,0.9823,0.0,0.3377
603009,北特科技,180.51,True,53.34,45.79,5,16.5,-16.1,-5.26,16.5,0.1979,从未跌破（观测期内）,2026-07-03,76.22,0.3481,0.5732,0.5981,0.6088,0.5285,0.0032,0.3376
603779,威龙股份,27.4,False,8.25,7.94,1,3.94,-24.45,-14.26,3.94,0.0,从未跌破（观测期内）,2026-07-03,54.95,0.4102,-0.235,0.4012,0.3521,0.999,0.3313,0.3375
002892,科力尔,49.91,False,9.96,9.97,0,-0.06,-14.12,-6.61,-0.06,0.0,从未跌破（观测期内）,2026-07-03,41.87,0.6377,0.8331,0.6397,0.7826,0.7082,0.0,0.3373
000630,铜陵有色,720.95,False,6.47,6.78,11,16.98,-9.97,1.37,-4.55,0.0956,从未跌破（观测期内）,2026-07-03,40.48,0.8259,-0.1042,0.7984,0.6538,0.6774,0.0,0.3372
603936,XD博敏电,143.6,False,22.78,24.94,14,21.1,-8.66,5.27,-8.66,0.1379,从未跌破（观测期内）,2026-07-03,47.79,0.6169,-0.2842,0.7599,0.4565,0.8398,0.0,0.3372
600078,澄星股份,84.21,False,12.71,13.64,12,15.09,-11.65,0.44,-6.84,0.0308,从未跌破（观测期内）,2026-07-03,49.13,0.3382,1.2472,0.7311,0.6029,0.8695,0.0,0.337
603960,克来机电,48.19,False,18.38,19.63,2,0.97,-15.65,-6.89,-6.37,0.0,从未跌破（观测期内）,2026-07-03,42.13,0.4739,0.5978,0.5081,0.6844,0.714,0.1531,0.3369
601698,中国卫通,1320.12,False,31.25,30.8,5,5.47,-11.0,-3.22,1.45,0.0588,从未跌破（观测期内）,2026-07-03,39.24,0.5208,0.5622,0.5788,0.7125,0.6498,0.0353,0.3369
605089,味知香,28.52,False,20.67,21.22,6,4.54,-7.68,-2.36,-2.6,0.0119,从未跌破（观测期内）,2026-07-03,50.15,0.5786,-0.2322,0.4398,0.4542,0.8922,0.267,0.3368
603356,华菱精工,24.03,False,18.02,17.77,5,5.86,-9.47,-3.39,1.38,0.0692,从未跌破（观测期内）,2026-07-03,48.35,0.3524,0.3565,0.6497,0.554,0.8522,0.0,0.3366
002554,惠博普,41.2,False,3.09,3.15,6,3.74,-5.8,-1.48,-1.8,0.0826,从未跌破（观测期内）,2026-07-03,45.33,0.1608,0.0186,0.3181,0.3039,0.7852,0.4698,0.3365
600234,科新发展,68.33,False,26.03,26.78,11,15.8,-11.09,1.28,-2.8,0.1369,从未跌破（观测期内）,2026-07-03,55.91,0.4609,-0.3347,0.665,0.3427,0.9798,0.0,0.3364
603048,浙江黎明,28.39,False,19.33,19.23,2,1.59,-12.76,-5.43,0.52,0.0,从未跌破（观测期内）,2026-07-03,49.17,0.6493,0.1468,0.6057,0.6483,0.8705,0.0,0.3362
002886,沃特股份,58.48,False,27.97,29.16,12,10.61,-10.13,1.13,-4.07,0.1175,从未跌破（观测期内）,2026-07-03,51.99,0.6005,-0.3753,0.649,0.4102,0.933,0.0,0.3362
002785,万里石,85.58,False,44.23,41.61,9,10.2,-20.9,-5.18,6.29,0.171,从未跌破（观测期内）,2026-07-03,65.89,0.3451,-0.1415,0.4861,0.3505,0.7581,0.1898,0.3361
603809,豪能股份,90.37,False,9.82,9.62,2,2.11,-12.76,-6.22,2.11,0.0,从未跌破（观测期内）,2026-07-03,40.4,0.4769,3.6537,0.4825,0.6862,0.6755,0.1958,0.336
000680,山推股份,135.67,False,10.32,10.31,2,0.33,-8.33,-4.53,0.1,0.0035,从未跌破（观测期内）,2026-07-03,46.43,0.3145,0.2424,0.3948,0.4856,0.8095,0.3421,0.336
600337,ST美克,46.27,False,3.22,3.08,11,7.86,-7.43,-0.45,4.51,0.2959,从未跌破（观测期内）,2026-07-03,65.09,0.172,-0.6542,0.4535,0.1032,0.7757,0.2441,0.3359
603511,爱慕股份,49.31,False,12.27,12.28,0,-0.05,-7.74,-4.95,-0.05,0.0,从未跌破（观测期内）,2026-07-03,44.68,0.0176,0.8268,0.2839,0.4106,0.7707,0.5269,0.3358
603275,众辰科技,17.3,True,41.65,40.22,2,3.55,-13.9,-6.77,3.55,0.0,从未跌破（观测期内）,2026-07-03,57.66,0.4159,0.0043,0.4614,0.4512,0.9409,0.2311,0.3357
002349,精华制药,53.33,False,6.55,6.42,2,2.0,-7.58,-4.02,2.0,0.059,从未跌破（观测期内）,2026-07-03,52.2,-0.0314,0.1917,0.3786,0.2767,0.9377,0.369,0.3357
600017,日照港,79.97,False,2.6,2.62,0,-0.24,-5.59,-2.87,-0.88,0.0125,从未跌破（观测期内）,2026-07-03,41.18,0.5955,-0.2591,0.2853,0.4537,0.6928,0.5245,0.3357
600562,国睿科技,280.41,True,22.58,21.48,2,5.1,-12.06,-5.89,5.1,0.0197,从未跌破（观测期内）,2026-07-03,57.01,-0.0534,0.6026,0.4534,0.4,0.9554,0.2443,0.3356
002932,*ST明德,23.55,False,15.09,14.84,2,1.7,-7.62,-4.42,1.7,0.0451,从未跌破（观测期内）,2026-07-03,57.8,-0.4923,-0.0478,0.2622,0.1809,0.9378,0.5631,0.3353
002234,民和股份,21.37,False,7.09,6.88,2,3.01,-9.43,-5.79,3.01,0.0146,从未跌破（观测期内）,2026-07-03,47.72,0.5445,-0.1804,0.4077,0.4545,0.8381,0.3205,0.3352
600545,卓郎智能,111.92,True,6.26,6.62,9,20.23,-17.77,-0.24,-5.41,0.0019,从未跌破（观测期内）,2026-07-03,56.39,0.6758,-0.1114,1.1498,0.5609,0.9692,0.0,0.3348
601022,宁波远洋,103.51,False,7.91,7.87,3,2.9,-8.3,-3.09,0.48,0.0354,从未跌破（观测期内）,2026-07-03,54.55,0.6691,-0.5066,0.5145,0.4015,0.9899,0.1425,0.3339
603688,石英股份,375.11,False,69.25,77.62,16,19.26,-10.78,5.84,-10.78,0.1309,从未跌破（观测期内）,2026-07-03,48.36,0.189,0.327,0.8373,0.4442,0.8524,0.0,0.3339
603289,泰瑞机器,24.94,False,8.5,8.79,0,-3.34,-14.72,-11.47,-3.34,0.0,从未跌破（观测期内）,2026-07-03,40.08,0.7355,-0.2061,0.3585,0.5589,0.6685,0.4024,0.3338
002109,ST兴化,35.61,False,2.79,2.61,2,6.77,-12.55,-6.26,6.77,0.0645,从未跌破（观测期内）,2026-07-03,50.98,0.1148,0.2279,0.4572,0.36,0.9107,0.238,0.3337
002819,东方中科,50.16,False,21.1,21.85,4,3.33,-14.87,-6.66,-3.42,0.0,从未跌破（观测期内）,2026-07-03,50.07,0.4377,-0.0037,0.4399,0.4612,0.8906,0.2669,0.3334
600015,华夏银行,1024.79,False,6.66,6.73,12,3.16,-5.6,-0.4,-1.05,0.2248,从未跌破（观测期内）,2026-07-03,37.4,-0.0067,-0.177,0.2427,0.1292,0.609,0.5956,0.3334
000792,盐湖股份,1556.24,False,29.41,30.11,9,3.52,-12.39,-2.83,-2.32,0.0214,从未跌破（观测期内）,2026-07-03,40.83,0.5584,0.6649,0.584,0.735,0.6852,0.0267,0.3334
600900,长江电力,6618.65,False,27.05,27.11,9,3.17,-4.3,-0.53,-0.23,0.2093,从未跌破（观测期内）,2026-07-03,35.32,-0.005,-0.1824,0.1793,0.1271,0.5627,0.7012,0.3332
002361,神剑股份,114.96,False,14.21,15.59,4,11.65,-15.16,-5.82,-8.88,0.0,从未跌破（观测期内）,2026-07-03,34.1,0.8409,0.8067,0.8593,0.9046,0.5355,0.0,0.3332
603707,健友股份,123.44,False,7.64,7.38,2,3.57,-9.33,-5.21,3.57,0.048,从未跌破（观测期内）,2026-07-03,47.64,-0.3656,1.1964,0.4133,0.4,0.8364,0.3111,0.3331
002388,新亚制程,27.48,False,5.43,5.34,4,3.52,-9.32,-2.36,1.65,0.1021,从未跌破（观测期内）,2026-07-03,63.35,0.4729,-0.1866,0.4914,0.4091,0.8144,0.181,0.3331
603118,共进股份,96.05,False,12.2,12.4,3,2.51,-13.18,-5.58,-1.6,0.0,从未跌破（观测期内）,2026-07-03,50.66,0.4858,0.2954,0.6465,0.6096,0.9036,0.0,0.3331
000563,陕国投Ａ,146.26,False,2.86,2.89,2,0.87,-5.01,-2.46,-0.99,0.0413,从未跌破（观测期内）,2026-07-03,43.75,0.3487,-0.0356,0.3285,0.395,0.75,0.4524,0.3331
603369,今世缘,312.82,False,25.09,24.61,2,3.19,-9.61,-5.24,1.96,0.0,从未跌破（观测期内）,2026-07-03,50.22,-0.0245,0.5603,0.3833,0.4,0.8937,0.3611,0.3329
000550,江铃汽车,86.17,True,16.62,16.92,7,6.28,-5.32,-1.48,-1.78,0.0835,从未跌破（观测期内）,2026-07-03,39.52,0.6202,-0.3562,0.3572,0.4297,0.6561,0.4047,0.3328
603577,汇金通,33.44,False,9.86,9.35,4,5.43,-11.96,-6.97,5.43,0.025,从未跌破（观测期内）,2026-07-03,59.1,0.396,0.0821,0.5064,0.4704,0.9088,0.1559,0.3328
002626,金达威,86.3,False,14.15,13.96,3,1.33,-7.12,-3.96,1.33,0.055,从未跌破（观测期内）,2026-07-03,48.08,-0.2146,0.3375,0.3689,0.335,0.8463,0.3852,0.3328
002276,万马股份,107.96,False,10.72,10.76,0,-0.34,-12.7,-7.48,-0.34,0.0,从未跌破（观测期内）,2026-07-03,48.96,0.1342,1.5639,0.4426,0.4805,0.8657,0.2624,0.3326
002408,齐翔腾达,136.18,False,4.95,4.95,3,1.44,-8.52,-4.18,-0.07,0.0,从未跌破（观测期内）,2026-07-03,52.48,0.0042,0.2609,0.3317,0.3069,0.9441,0.4472,0.3326
600708,光明地产,71.21,False,3.2,3.11,9,17.34,-12.99,-2.93,2.96,0.144,从未跌破（观测期内）,2026-07-03,60.54,0.5618,-0.3479,0.6813,0.3979,0.8768,0.0,0.3324
605318,法狮龙,130.76,False,104.0,119.96,16,30.35,-13.3,10.4,-13.3,0.172,从未跌破（观测期内）,2026-07-03,28.6,0.5379,1.2019,0.9046,0.7227,0.4133,0.0,0.3322
001216,华瓷股份,35.92,False,14.63,15.66,4,13.48,-11.06,-2.48,-6.55,0.0,从未跌破（观测期内）,2026-07-03,45.41,0.6293,0.2997,0.6414,0.6975,0.7868,0.0,0.3317
603262,技源集团,10.34,False,25.84,27.62,12,10.58,-12.0,0.39,-6.44,0.0395,从未跌破（观测期内）,2026-07-03,47.52,0.3265,1.0425,0.7643,0.5959,0.8339,0.0,0.3316
603282,亚光股份,19.98,False,14.93,14.92,3,3.93,-11.0,-5.28,0.03,0.0,从未跌破（观测期内）,2026-07-03,50.92,0.364,0.1391,0.4752,0.474,0.9093,0.208,0.3316
603011,合锻智能,155.49,True,31.45,33.37,17,41.12,-5.75,18.8,-5.75,0.3768,从未跌破（观测期内）,2026-07-03,50.67,-0.0986,-0.777,1.0174,0.0,0.9038,0.0,0.3315
603331,百达精工,23.15,False,11.45,11.53,0,-0.66,-13.06,-8.91,-0.66,0.0,从未跌破（观测期内）,2026-07-03,43.81,0.2192,3.2011,0.4074,0.5315,0.7513,0.321,0.3313
600208,衢州发展,251.84,False,2.96,2.96,11,7.31,-25.3,-5.69,0.15,0.0365,从未跌破（观测期内）,2026-07-03,49.52,0.3863,0.2986,0.5873,0.5512,0.8783,0.0212,0.3313
600860,京城股份,38.68,False,8.71,8.65,1,0.65,-11.38,-6.54,0.65,0.0,从未跌破（观测期内）,2026-07-03,46.82,0.0936,0.4136,0.3509,0.4216,0.8182,0.4151,0.3313
600105,永鼎股份,797.23,False,54.53,59.81,20,29.83,-8.82,10.71,-8.82,0.3476,从未跌破（观测期内）,2026-07-03,53.04,-0.1221,-0.4919,1.0257,0.0032,0.9565,0.0,0.3311
000881,中广核技,58.11,False,6.43,6.79,3,3.55,-12.95,-6.62,-5.3,0.0,从未跌破（观测期内）,2026-07-03,38.86,0.877,-0.2291,0.4235,0.6345,0.6413,0.2942,0.331
002483,润邦股份,45.59,False,5.15,5.24,0,-0.45,-9.39,-5.46,-1.77,0.0,从未跌破（观测期内）,2026-07-03,35.11,0.4948,0.12,0.2681,0.5449,0.5579,0.5532,0.3308
600522,中天科技,1713.98,True,50.22,55.23,20,33.2,-9.06,13.68,-9.06,0.3416,从未跌破（观测期内）,2026-07-03,51.97,-0.3036,-0.4249,0.9543,0.03,0.9327,0.0,0.3307
000902,新洋丰,140.11,False,12.26,12.24,2,0.38,-12.77,-4.91,0.19,0.0,从未跌破（观测期内）,2026-07-03,48.7,0.1856,0.3799,0.4299,0.4633,0.86,0.2835,0.3304
603703,盛洋科技,45.86,True,11.05,11.6,0,-2.41,-14.05,-7.6,-4.75,0.0,从未跌破（观测期内）,2026-07-03,48.61,0.3559,0.3542,0.5212,0.5552,0.858,0.1314,0.3301
002885,京泉华,94.0,False,39.62,41.28,4,8.71,-15.74,-4.57,-4.02,0.0,从未跌破（观测期内）,2026-07-03,54.53,0.6331,-0.1272,0.809,0.529,0.9895,0.0,0.3301
605500,森林包装,27.27,False,6.58,6.67,0,-1.4,-23.75,-15.8,-1.4,0.0,从未跌破（观测期内）,2026-07-03,41.94,0.809,-0.5925,0.3332,0.4854,0.7097,0.4447,0.33
600261,阳光照明,41.12,False,3.08,3.17,2,1.42,-4.32,-1.9,-2.98,0.0181,从未跌破（观测期内）,2026-07-03,42.86,0.7102,-0.6797,0.3191,0.4261,0.7302,0.4681,0.33
600681,百川能源,45.82,False,3.42,3.41,1,0.22,-8.77,-5.5,0.22,0.0,从未跌破（观测期内）,2026-07-03,41.03,0.3896,0.0334,0.281,0.4471,0.6895,0.5317,0.3294
002248,华东数控,29.27,False,9.52,9.47,1,0.58,-18.69,-9.16,0.58,0.0,从未跌破（观测期内）,2026-07-03,49.5,0.0539,0.6796,0.4171,0.4324,0.8778,0.3049,0.3294
601512,中新集团,120.96,False,8.07,8.13,0,-0.62,-7.53,-4.6,-0.74,0.0,从未跌破（观测期内）,2026-07-03,43.48,0.7445,-0.5002,0.3251,0.4467,0.744,0.4581,0.3292
601083,锦江航运,20.01,False,10.31,10.39,6,1.9,-7.24,-2.91,-0.73,0.0635,从未跌破（观测期内）,2026-07-03,47.21,0.4203,-0.3314,0.3663,0.3196,0.8269,0.3894,0.3291
002630,*ST华西,19.49,False,1.81,1.85,13,12.88,-6.47,1.56,-2.14,0.1925,从未跌破（观测期内）,2026-07-03,47.83,0.3011,-0.3348,0.5109,0.2468,0.8406,0.1486,0.3291
600892,*ST大晟,19.8,False,3.54,3.59,1,3.19,-9.77,-4.77,-1.46,0.0,从未跌破（观测期内）,2026-07-03,51.47,0.0277,3.4913,0.4378,0.4166,0.9216,0.2703,0.329
002516,旷达科技,82.2,True,5.64,5.84,3,2.52,-7.85,-3.18,-3.35,0.0,从未跌破（观测期内）,2026-07-03,42.96,0.4669,0.0176,0.3573,0.4871,0.7324,0.4045,0.3289
601339,百隆东方,108.57,False,7.24,7.01,5,5.83,-10.31,-2.7,3.27,0.1066,从未跌破（观测期内）,2026-07-03,52.66,0.5279,-0.4239,0.5606,0.3472,0.9481,0.0657,0.3289
600855,航天长峰,68.09,False,14.56,14.47,1,0.62,-17.02,-8.67,0.62,0.0,从未跌破（观测期内）,2026-07-03,44.65,0.2274,0.2945,0.3559,0.4543,0.7701,0.4068,0.3286
601801,皖新传媒,101.03,False,5.16,5.22,0,-1.22,-8.38,-4.55,-1.22,0.0,从未跌破（观测期内）,2026-07-03,40.26,-0.2085,0.4949,0.2223,0.398,0.6724,0.6294,0.3284
603516,淳中科技,241.1,True,118.61,128.24,14,16.91,-7.51,3.75,-7.51,0.1286,从未跌破（观测期内）,2026-07-03,54.69,0.2102,-0.0319,0.8699,0.3134,0.9931,0.0,0.3284
001218,丽臣实业,28.48,False,24.12,23.96,5,8.71,-10.41,-2.49,0.66,0.0564,从未跌破（观测期内）,2026-07-03,47.13,0.272,2.2508,0.6482,0.5632,0.8251,0.0,0.3284
002790,瑞尔特,14.91,False,5.72,5.77,0,-0.91,-10.0,-7.37,-0.91,0.0,从未跌破（观测期内）,2026-07-03,37.93,0.2266,0.5451,0.3194,0.536,0.6207,0.4677,0.3283
002075,沙钢股份,75.69,False,3.45,3.57,2,4.54,-12.34,-5.77,-3.46,0.0,从未跌破（观测期内）,2026-07-03,46.43,0.7381,-0.202,0.4966,0.5621,0.8095,0.1723,0.3283
600850,电科数字,122.11,False,14.96,15.51,1,4.88,-16.04,-8.89,-3.55,0.0,从未跌破（观测期内）,2026-07-03,46.04,0.8576,-0.7129,0.4419,0.5145,0.8009,0.2635,0.3283
603376,大明电子,8.22,True,25.68,25.94,0,-1.01,-12.86,-7.15,-1.01,0.0,从未跌破（观测期内）,2026-07-03,39.48,0.6289,-0.0789,0.358,0.5458,0.6551,0.4033,0.328
600130,波导股份,32.62,False,4.35,4.62,1,3.61,-14.36,-7.37,-5.95,0.0,从未跌破（观测期内）,2026-07-03,44.51,0.7454,-0.3287,0.4174,0.5157,0.7669,0.3044,0.328
002271,东方雨虹,235.48,False,12.3,12.23,1,0.58,-12.56,-6.36,0.58,0.0,从未跌破（观测期内）,2026-07-03,49.87,0.175,0.1662,0.3688,0.3715,0.886,0.3853,0.3279
603325,博隆技术,19.19,True,56.13,55.71,9,3.51,-10.07,-2.2,0.75,0.1292,从未跌破（观测期内）,2026-07-03,42.86,0.05,1.2141,0.5097,0.43,0.7303,0.1505,0.3278
002389,航天彩虹,181.29,False,18.41,18.29,1,0.65,-9.2,-5.21,0.65,0.0,从未跌破（观测期内）,2026-07-03,43.65,0.1767,0.415,0.3591,0.472,0.7478,0.4014,0.3278
000908,景峰医药,60.53,False,6.88,6.16,3,11.72,-19.57,-8.69,11.72,0.0806,从未跌破（观测期内）,2026-07-03,54.0,-0.385,5.9817,0.8395,0.4,0.9777,0.0,0.3278
600580,卧龙电驱,581.78,False,37.35,35.23,1,6.01,-14.3,-7.54,6.01,0.0,从未跌破（观测期内）,2026-07-03,62.16,0.6057,0.1867,0.6011,0.6381,0.8408,0.0,0.3277
000060,中金岭南,321.09,False,7.23,7.67,12,14.34,-8.37,0.67,-5.73,0.0644,从未跌破（观测期内）,2026-07-03,45.71,0.7048,-0.1246,0.732,0.5731,0.7937,0.0,0.3277
002441,众业达,32.28,False,8.1,8.17,0,-0.84,-14.1,-7.23,-0.91,0.0,从未跌破（观测期内）,2026-07-03,50.24,0.2472,0.0145,0.3586,0.3541,0.8943,0.4023,0.3277
600881,亚泰集团,50.1,False,1.55,1.61,12,15.05,-6.09,1.94,-3.82,0.144,从未跌破（观测期内）,2026-07-03,32.81,0.8608,-0.1058,0.7892,0.6741,0.5069,0.0,0.3275
000715,中兴商业,23.25,True,4.78,4.81,0,-0.23,-7.65,-4.09,-0.64,0.0,从未跌破（观测期内）,2026-07-03,48.09,0.5996,-0.3408,0.391,0.4234,0.8465,0.3483,0.3274
600612,老凤祥,108.23,False,34.13,34.1,1,0.08,-7.63,-3.94,0.08,0.0109,从未跌破（观测期内）,2026-07-03,40.69,-0.2186,0.5869,0.2545,0.4,0.6819,0.5758,0.3271
600845,宝信软件,389.46,True,18.25,17.9,3,1.95,-14.79,-9.14,1.95,0.0,从未跌破（观测期内）,2026-07-03,53.17,0.0531,0.6833,0.4916,0.4319,0.9594,0.1806,0.3269
000887,中鼎股份,250.39,False,19.05,19.96,11,12.01,-17.53,-1.73,-4.56,0.0177,从未跌破（观测期内）,2026-07-03,43.48,0.4718,0.7635,0.7155,0.6831,0.7441,0.0,0.3267
002521,齐峰新材,30.39,False,7.25,7.01,4,4.71,-9.45,-3.9,3.39,0.0719,从未跌破（观测期内）,2026-07-03,53.68,0.0751,0.1708,0.4986,0.3134,0.9708,0.169,0.3266
603059,倍加洁,25.88,False,25.76,25.69,1,0.28,-11.58,-5.86,0.28,0.0,从未跌破（观测期内）,2026-07-03,42.28,0.4376,0.0512,0.3505,0.483,0.7173,0.4158,0.3266
000088,盐 田 港,131.26,False,4.15,4.17,1,0.33,-5.46,-2.42,-0.4,0.0498,从未跌破（观测期内）,2026-07-03,41.67,0.3885,-0.4178,0.2026,0.266,0.7037,0.6623,0.3265
600866,星湖科技,58.64,True,4.67,4.66,1,0.19,-12.46,-6.12,0.19,0.0,从未跌破（观测期内）,2026-07-03,46.32,0.218,0.0781,0.3016,0.362,0.807,0.4973,0.3265
600990,四创电子,51.46,True,19.13,18.32,1,4.45,-11.47,-5.02,4.45,0.0325,从未跌破（观测期内）,2026-07-03,52.15,-0.001,1.4733,0.4957,0.4,0.9367,0.1739,0.3264
600928,西安银行,152.16,False,3.44,3.46,4,1.74,-5.98,-1.63,-0.51,0.1007,从未跌破（观测期内）,2026-07-03,40.7,0.2743,-0.0531,0.3447,0.3434,0.6822,0.4255,0.3264
002713,*ST东易,67.34,False,12.79,11.35,8,13.23,-18.79,-3.65,12.69,0.286,从未跌破（观测期内）,2026-07-03,74.19,0.4297,-0.3195,0.5411,0.33,0.5735,0.0982,0.3263
003007,直真科技,30.08,True,41.44,39.48,3,4.97,-16.66,-7.65,4.97,0.0,从未跌破（观测期内）,2026-07-03,56.98,0.4221,0.1289,0.5647,0.5048,0.9559,0.0588,0.3262
002180,奔图科技,222.68,True,16.37,14.91,5,10.34,-13.83,-4.63,9.81,0.2089,从未跌破（观测期内）,2026-07-03,68.73,0.4506,-0.1405,0.6896,0.4141,0.6949,0.0,0.3261
600755,厦门国贸,118.76,False,5.57,5.53,3,0.64,-7.37,-2.73,0.64,0.0706,从未跌破（观测期内）,2026-07-03,54.74,-0.2148,-0.3994,0.244,0.0402,0.9942,0.5933,0.3261
601010,ST文峰,29.75,False,1.61,1.53,2,5.13,-13.46,-5.41,5.13,0.025,从未跌破（观测期内）,2026-07-03,51.85,0.5871,-0.4035,0.4704,0.3909,0.93,0.2159,0.3261
600312,平高电气,240.04,False,17.69,18.22,0,-2.6,-12.95,-7.24,-2.93,0.0,从未跌破（观测期内）,2026-07-03,43.18,0.5699,-0.1091,0.3836,0.4983,0.7374,0.3606,0.3261
601860,紫金银行,88.43,False,2.49,2.56,10,4.87,-5.95,-0.15,-2.81,0.1374,从未跌破（观测期内）,2026-07-03,28.89,0.3956,-0.1324,0.2355,0.3844,0.4198,0.6076,0.3261
600010,包钢股份,704.66,False,2.25,2.33,3,4.74,-7.44,-3.55,-3.6,0.0,从未跌破（观测期内）,2026-07-03,39.71,0.5119,0.1974,0.4106,0.5861,0.6601,0.3156,0.3259
600262,北方股份,36.02,False,21.19,21.08,1,0.54,-9.56,-5.32,0.54,0.0,从未跌破（观测期内）,2026-07-03,47.38,-0.5174,0.5691,0.3615,0.4,0.8307,0.3975,0.3258
601186,中国铁建,704.0,False,6.12,6.24,4,1.93,-5.28,-1.83,-1.88,0.0664,从未跌破（观测期内）,2026-07-03,36.94,0.4136,-0.2769,0.2202,0.3374,0.5986,0.6329,0.3256
000990,诚志股份,107.55,False,8.85,8.79,1,0.69,-11.52,-6.62,0.69,0.0,从未跌破（观测期内）,2026-07-03,47.12,0.0335,0.9275,0.3787,0.4201,0.8248,0.3688,0.3253
605277,新亚电子,66.35,True,17.38,18.24,7,5.98,-11.13,-2.33,-4.7,0.0,从未跌破（观测期内）,2026-07-03,54.21,0.8576,-0.6741,0.6286,0.5146,0.9824,0.0,0.3251
000156,华数传媒,110.15,False,6.48,6.56,2,0.63,-9.64,-4.18,-1.21,0.0,从未跌破（观测期内）,2026-07-03,50.0,0.2311,-0.1571,0.2874,0.2758,0.8889,0.5211,0.3249
002292,奥飞娱乐,78.68,False,7.73,6.78,2,14.05,-10.66,-5.83,14.05,0.136,从未跌破（观测期内）,2026-07-03,71.0,0.4329,0.1132,0.5391,0.505,0.6445,0.1015,0.3248
002335,科华数据,250.37,True,37.95,39.01,7,12.12,-15.51,-2.85,-2.73,0.0,从未跌破（观测期内）,2026-07-03,56.29,0.7614,-0.3371,0.7357,0.522,0.9712,0.0,0.3247
002672,东江环保,31.5,False,3.48,3.6,5,11.53,-10.06,-3.8,-3.25,0.0,从未跌破（观测期内）,2026-07-03,48.61,0.3541,1.0472,0.915,0.6125,0.858,0.0,0.3247
600173,卧龙新能,43.15,False,6.16,6.37,0,-0.77,-11.09,-5.72,-3.34,0.0,从未跌破（观测期内）,2026-07-03,36.99,0.7665,-0.3549,0.2987,0.5179,0.5997,0.5022,0.3247
000407,胜利股份,34.86,False,3.98,3.92,1,1.53,-8.63,-5.98,1.53,0.0,从未跌破（观测期内）,2026-07-03,43.75,-0.1102,1.0461,0.3014,0.4,0.75,0.4977,0.3247
603939,益丰药房,241.99,False,19.96,19.53,2,3.61,-9.18,-3.82,2.19,0.039,从未跌破（观测期内）,2026-07-03,40.35,0.2738,0.6489,0.4695,0.5643,0.6744,0.2176,0.3242
002959,小熊电器,46.65,False,33.37,33.26,1,0.32,-10.64,-6.48,0.32,0.0,从未跌破（观测期内）,2026-07-03,42.84,-0.3931,0.5895,0.2873,0.4,0.7297,0.5211,0.3241
000820,*ST节能,9.27,False,3.12,3.0,1,4.16,-17.12,-10.58,4.16,0.0,从未跌破（观测期内）,2026-07-03,47.79,0.3146,1.5064,0.5645,0.5888,0.8397,0.0592,0.324
002261,拓维信息,334.43,True,29.18,29.07,4,3.9,-14.73,-4.19,0.36,0.0,从未跌破（观测期内）,2026-07-03,47.1,0.3928,1.1607,0.6583,0.6357,0.8244,0.0,0.3238
002978,安宁股份,98.52,False,26.68,26.59,7,6.3,-10.52,-3.12,0.33,0.0644,从未跌破（观测期内）,2026-07-03,48.95,0.5526,-0.229,0.5403,0.44,0.8655,0.0995,0.3238
002765,蓝黛科技,47.13,True,7.91,7.64,1,3.48,-11.39,-7.11,3.48,0.0,从未跌破（观测期内）,2026-07-03,52.71,0.09,1.3029,0.5183,0.454,0.9492,0.1362,0.3238
605222,起帆电缆,104.14,False,25.22,24.54,1,2.77,-22.97,-13.63,2.77,0.0,从未跌破（观测期内）,2026-07-03,53.4,-0.0555,1.0908,0.477,0.4,0.9645,0.205,0.3237
603160,汇顶科技,275.07,True,59.03,58.28,11,7.15,-16.08,-2.89,1.3,0.1351,从未跌破（观测期内）,2026-07-03,60.11,0.3487,-0.1443,0.5836,0.3515,0.8865,0.0273,0.3233
600289,ST信通,33.05,False,5.84,5.58,3,8.79,-12.65,-5.06,4.71,0.0388,从未跌破（观测期内）,2026-07-03,58.82,-0.2457,0.4512,0.4817,0.3805,0.915,0.1972,0.3232
600753,*ST海钦,27.34,False,11.87,11.57,2,2.62,-15.43,-7.25,2.62,0.0,从未跌破（观测期内）,2026-07-03,59.41,0.2303,0.4222,0.5365,0.507,0.9019,0.1058,0.323
001212,中旗新材,77.69,False,44.69,48.13,0,-0.58,-10.36,-5.86,-7.14,0.0,从未跌破（观测期内）,2026-07-03,42.72,0.5976,0.3145,0.5746,0.6844,0.7271,0.0423,0.3229
002913,奥士康,172.41,False,57.15,60.69,14,24.23,-6.86,6.17,-5.84,0.2311,从未跌破（观测期内）,2026-07-03,52.17,0.2859,-0.5938,0.7816,0.1716,0.9371,0.0,0.3228
603665,康隆达,44.45,False,27.75,26.58,3,4.4,-9.58,-4.58,4.4,0.0703,从未跌破（观测期内）,2026-07-03,58.35,0.4294,-0.1735,0.5511,0.3883,0.9256,0.0815,0.3225
600613,神奇制药,23.06,False,4.81,4.74,1,1.38,-8.69,-4.98,1.38,0.0007,从未跌破（观测期内）,2026-07-03,47.48,-0.3421,0.4869,0.3724,0.3948,0.8329,0.3794,0.3225
600664,哈药股份,79.08,False,3.14,3.1,2,1.4,-9.35,-4.52,1.4,0.0095,从未跌破（观测期内）,2026-07-03,48.86,0.0737,0.2604,0.3647,0.3484,0.8636,0.3921,0.3224
605066,天正电气,34.92,False,6.95,6.82,6,5.07,-13.84,-3.93,1.89,0.0446,从未跌破（观测期内）,2026-07-03,60.31,0.6763,-0.5798,0.494,0.4058,0.8821,0.1767,0.3222
002606,大连电瓷,56.77,False,13.48,13.7,0,-1.61,-17.12,-7.54,-1.61,0.0,从未跌破（观测期内）,2026-07-03,55.2,0.5862,-0.6524,0.4598,0.3517,0.9956,0.2336,0.3221
002001,新 和 成,911.05,False,30.0,29.75,8,3.07,-8.24,-1.22,0.83,0.1821,从未跌破（观测期内）,2026-07-03,49.6,-0.2208,0.0586,0.5303,0.2234,0.8799,0.1162,0.3221
600768,宁波富邦,21.08,False,15.76,15.56,4,3.86,-11.92,-4.96,1.31,0.0,从未跌破（观测期内）,2026-07-03,54.69,0.4328,-0.2636,0.4609,0.3542,0.9931,0.2318,0.322
002756,永兴材料,233.29,False,60.27,60.59,4,4.19,-15.81,-4.23,-0.52,0.0,从未跌破（观测期内）,2026-07-03,40.53,0.5739,1.6817,0.7112,0.7444,0.6784,0.0,0.3218
002328,新朋股份,43.95,False,7.7,7.82,0,-1.5,-18.15,-11.01,-1.5,0.0,从未跌破（观测期内）,2026-07-03,48.91,0.7672,-0.7166,0.4648,0.4603,0.8647,0.2253,0.3218
001238,浙江正特,41.12,False,28.33,29.0,4,0.73,-9.14,-3.74,-2.32,0.0,从未跌破（观测期内）,2026-07-03,33.29,0.6109,0.8243,0.4936,0.7666,0.5175,0.1774,0.3217
000534,万泽股份,160.34,False,32.01,30.01,3,6.65,-15.97,-7.07,6.65,0.0373,从未跌破（观测期内）,2026-07-03,55.56,0.3002,0.1418,0.731,0.4369,0.9875,0.0,0.3216
603615,茶花股份,45.61,False,18.86,17.54,3,7.52,-12.87,-7.2,7.52,0.0557,从未跌破（观测期内）,2026-07-03,61.97,0.0743,0.5442,0.5235,0.4446,0.8451,0.1276,0.3216
603926,铁流股份,44.34,False,19.21,18.93,2,1.47,-13.84,-8.4,1.47,0.0,从未跌破（观测期内）,2026-07-03,49.8,0.294,1.9952,0.5976,0.5764,0.8844,0.004,0.3216
600488,津药药业,57.0,False,5.22,4.95,3,8.17,-13.09,-6.4,5.4,0.0227,从未跌破（观测期内）,2026-07-03,58.85,0.4593,0.1062,0.87,0.5181,0.9145,0.0,0.3215
605077,华康股份,33.39,False,11.15,11.69,0,-4.58,-26.62,-17.66,-4.58,0.0,从未跌破（观测期内）,2026-07-03,35.91,0.9475,-0.6892,0.3436,0.5685,0.5757,0.4274,0.3214
603768,常青股份,23.84,False,10.02,10.08,0,-0.61,-12.04,-6.92,-0.61,0.0,从未跌破（观测期内）,2026-07-03,40.94,0.6072,-0.1441,0.3722,0.5067,0.6876,0.3797,0.3211
603530,神马电力,221.0,False,51.7,52.45,2,3.35,-11.13,-4.83,-1.42,0.0,从未跌破（观测期内）,2026-07-03,45.51,0.4364,0.0669,0.4353,0.4886,0.789,0.2745,0.3211
600604,市北高新,57.71,False,4.1,4.13,0,-0.76,-12.7,-6.75,-0.76,0.0,从未跌破（观测期内）,2026-07-03,41.67,0.6713,-0.6125,0.2819,0.4028,0.7037,0.5302,0.321
002296,辉煌科技,32.09,True,9.24,9.33,0,-0.96,-9.92,-5.99,-0.96,0.0,从未跌破（观测期内）,2026-07-03,46.12,-0.4028,0.892,0.3582,0.4,0.8027,0.403,0.321
600020,中原高速,84.5,False,3.76,3.85,5,1.34,-5.12,-1.8,-2.4,0.0722,从未跌破（观测期内）,2026-07-03,34.37,0.5934,-0.4688,0.2358,0.3685,0.5417,0.6069,0.3204
603191,望变电气,52.2,False,15.82,16.63,0,-3.36,-21.87,-11.08,-4.89,0.0,从未跌破（观测期内）,2026-07-03,50.55,0.8808,-0.7313,0.5682,0.5285,0.9011,0.0531,0.3203
603043,广州酒家,74.92,False,13.32,13.46,8,2.99,-9.13,-2.7,-1.04,0.0704,从未跌破（观测期内）,2026-07-03,36.07,0.598,-0.3827,0.301,0.4057,0.5792,0.4984,0.3202
601177,杭齿前进,57.59,False,14.31,13.38,1,6.91,-18.8,-11.34,6.91,0.0,从未跌破（观测期内）,2026-07-03,59.74,0.7341,-0.3445,0.538,0.5027,0.8946,0.1033,0.3201
000655,金岭矿业,38.94,False,6.54,6.76,2,1.02,-7.76,-4.44,-3.18,0.0,从未跌破（观测期内）,2026-07-03,36.84,0.6179,-0.0247,0.3581,0.5608,0.5965,0.4032,0.32
600694,大商股份,53.6,False,14.15,14.08,1,0.52,-7.64,-3.72,0.52,0.0228,从未跌破（观测期内）,2026-07-03,41.8,0.3794,-0.1611,0.2849,0.3632,0.7067,0.5251,0.32
601921,浙版传媒,153.33,False,6.9,7.09,7,3.62,-6.18,-1.2,-2.69,0.0795,从未跌破（观测期内）,2026-07-03,31.03,0.7404,-0.6805,0.2657,0.4443,0.4674,0.5572,0.3199
603569,XD长久物,33.37,False,5.53,5.5,3,1.21,-7.3,-3.68,0.62,0.0435,从未跌破（观测期内）,2026-07-03,37.84,0.6257,-0.2119,0.3757,0.4906,0.6186,0.3738,0.3199
600461,洪城环境,114.55,False,8.92,8.84,1,0.92,-7.11,-4.64,0.92,0.0068,从未跌破（观测期内）,2026-07-03,47.5,0.1191,-0.1281,0.2187,0.2202,0.8333,0.6355,0.3198
001270,铖昌科技,334.48,True,163.32,136.09,6,20.01,-11.24,-0.98,20.01,0.3208,从未跌破（观测期内）,2026-07-03,70.9,0.4137,-0.5894,0.8091,0.2482,0.6466,0.0,0.3197
600527,江南高纤,38.1,False,2.2,2.27,0,-1.9,-12.2,-7.08,-3.0,0.0,从未跌破（观测期内）,2026-07-03,42.62,0.6933,-0.398,0.3583,0.4567,0.725,0.4029,0.3196
603153,上海建科,54.31,False,13.45,13.45,1,0.0,-8.64,-5.17,0.0,0.0,从未跌破（观测期内）,2026-07-03,40.0,-0.4057,0.7691,0.2563,0.4,0.6667,0.5729,0.3193
603280,南方路机,29.05,False,26.8,26.8,0,-0.01,-9.32,-5.91,-0.01,0.0,从未跌破（观测期内）,2026-07-03,44.56,-0.0491,0.8233,0.3371,0.4,0.7681,0.4382,0.3193
000528,柳    工,166.01,False,8.16,8.11,1,0.59,-8.86,-4.59,0.59,0.0,从未跌破（观测期内）,2026-07-03,44.55,0.034,0.8676,0.3577,0.4204,0.7677,0.4039,0.3192
002839,张家港行,98.9,False,4.05,4.14,4,1.26,-6.64,-1.99,-2.19,0.0425,从未跌破（观测期内）,2026-07-03,32.88,0.4015,-0.024,0.2302,0.4313,0.5084,0.6164,0.319
000885,城发环境,79.62,False,12.4,12.52,5,0.94,-5.53,-1.99,-0.96,0.0941,从未跌破（观测期内）,2026-07-03,36.67,0.275,-0.2617,0.2087,0.2603,0.5926,0.6522,0.319
002697,红旗连锁,50.17,False,4.38,4.42,0,-0.84,-8.92,-4.43,-0.84,0.0,从未跌破（观测期内）,2026-07-03,40.51,0.6566,-0.6305,0.2603,0.394,0.6779,0.5661,0.319
001201,东瑞股份,23.04,False,11.44,11.0,3,4.07,-9.63,-4.59,4.04,0.0597,从未跌破（观测期内）,2026-07-03,54.51,0.0128,-0.1867,0.3453,0.133,0.9891,0.4246,0.3186
002233,塔牌集团,88.23,False,7.52,7.47,1,0.63,-7.98,-5.27,0.63,0.0,从未跌破（观测期内）,2026-07-03,47.74,0.0712,0.1852,0.3146,0.3168,0.8387,0.4756,0.3183
002327,富安娜,31.67,False,6.45,6.38,3,2.05,-7.81,-2.6,1.06,0.0812,从未跌破（观测期内）,2026-07-03,40.83,0.3486,-0.2085,0.3314,0.3257,0.6851,0.4476,0.3181
600167,联美控股,131.47,False,5.81,5.77,1,0.68,-12.3,-7.79,0.68,0.0,从未跌破（观测期内）,2026-07-03,45.68,0.5937,-0.2179,0.4316,0.4691,0.7929,0.2807,0.3179
000682,东方电子,165.7,True,12.36,12.72,4,6.75,-12.25,-3.91,-2.81,0.0,从未跌破（观测期内）,2026-07-03,50.69,0.8096,-0.4878,0.5432,0.4906,0.9042,0.0946,0.3177
000900,现代投资,55.25,False,3.64,3.62,1,0.46,-5.35,-2.68,0.46,0.0654,从未跌破（观测期内）,2026-07-03,46.55,0.1451,-0.3425,0.2341,0.15,0.8123,0.6099,0.3176
603613,国联股份,141.51,False,19.64,19.9,0,-1.28,-16.55,-10.64,-1.28,0.0,从未跌破（观测期内）,2026-07-03,48.85,-0.363,1.1997,0.4208,0.4,0.8634,0.2987,0.3175
002165,红 宝 丽,45.26,False,6.22,6.99,7,6.47,-18.12,-5.28,-10.96,0.0,从未跌破（观测期内）,2026-07-03,30.32,0.8467,0.5044,0.807,0.908,0.4515,0.0,0.3173
603985,恒润股份,100.38,False,22.77,23.6,9,6.53,-11.09,-1.96,-3.51,0.0063,从未跌破（观测期内）,2026-07-03,46.21,0.3585,0.6361,0.6225,0.6151,0.8047,0.0,0.3172
002135,东南网架,69.52,False,6.66,6.99,2,4.57,-16.07,-6.74,-4.67,0.0,从未跌破（观测期内）,2026-07-03,50.37,0.7746,-0.2852,0.5996,0.5507,0.8971,0.0006,0.3172
603626,科森科技,115.03,True,20.73,20.89,0,-0.76,-17.1,-10.13,-0.76,0.0,从未跌破（观测期内）,2026-07-03,47.63,0.4986,0.1121,0.5446,0.544,0.8361,0.0923,0.3171
002215,诺 普 信,71.37,False,8.83,8.97,6,10.64,-8.92,-1.53,-1.57,0.0218,从未跌破（观测期内）,2026-07-03,38.67,0.7919,-0.0319,0.5389,0.6624,0.6371,0.1019,0.317
600623,华谊集团,159.84,False,8.52,8.41,6,8.29,-10.61,-3.69,1.25,0.0345,从未跌破（观测期内）,2026-07-03,48.17,0.1854,2.0248,0.5769,0.5113,0.8482,0.0385,0.317
001319,铭科精技,14.53,False,22.9,22.03,4,3.95,-13.56,-4.82,3.95,0.0423,从未跌破（观测期内）,2026-07-03,43.01,0.2847,1.6218,0.5574,0.5708,0.7336,0.0709,0.317
002383,合众思壮,53.38,False,7.21,7.14,1,1.03,-11.24,-7.68,1.03,0.0,从未跌破（观测期内）,2026-07-03,47.03,-0.143,0.8264,0.3907,0.4,0.8228,0.3488,0.3169
600201,生物股份,136.86,False,12.31,11.93,6,3.44,-14.15,-2.94,3.16,0.101,从未跌破（观测期内）,2026-07-03,50.97,0.08,-0.1608,0.4063,0.1837,0.9106,0.3228,0.3169
002434,万里扬,87.47,False,6.67,6.62,2,1.23,-13.69,-6.04,0.8,0.0,从未跌破（观测期内）,2026-07-03,44.78,0.5764,0.188,0.5721,0.6211,0.7728,0.0466,0.3168
002127,南极电商,55.05,False,2.76,2.72,3,2.06,-9.27,-5.31,1.45,0.002,从未跌破（观测期内）,2026-07-03,51.16,0.122,-0.2274,0.2505,0.1823,0.9147,0.5824,0.3167
603319,美湖股份,117.01,False,34.5,35.03,7,25.17,-14.12,-0.28,-1.51,0.0667,从未跌破（观测期内）,2026-07-03,42.31,0.7192,-0.1156,0.696,0.5853,0.7179,0.0,0.3166
603639,海利尔,35.93,False,10.57,10.53,1,0.39,-6.61,-3.85,0.39,0.0317,从未跌破（观测期内）,2026-07-03,41.15,-0.1217,0.2033,0.2201,0.2813,0.6921,0.6331,0.3164
600405,动力源,28.25,False,4.61,4.36,6,6.52,-10.35,-3.4,5.61,0.1507,从未跌破（观测期内）,2026-07-03,58.45,0.3994,-0.3853,0.691,0.2855,0.9232,0.0,0.3163
600377,宁沪高速,456.64,False,12.01,12.11,6,3.04,-5.74,-2.22,-0.86,0.0834,从未跌破（观测期内）,2026-07-03,36.68,0.1938,-0.0675,0.2323,0.2893,0.593,0.6128,0.3162
601026,道生天合,16.56,False,14.91,14.91,0,-0.01,-16.02,-7.23,-0.01,0.0,从未跌破（观测期内）,2026-07-03,48.35,-0.0118,0.4538,0.3984,0.3815,0.8522,0.3359,0.3162
000532,华金资本,38.03,False,11.07,11.49,1,3.39,-10.26,-4.77,-3.65,0.0,从未跌破（观测期内）,2026-07-03,44.48,0.839,-0.6802,0.4524,0.5034,0.7661,0.246,0.316
002099,海翔药业,88.44,False,5.47,5.3,3,3.26,-8.83,-3.04,3.26,0.1065,从未跌破（观测期内）,2026-07-03,52.75,0.2856,-0.6701,0.4379,0.1714,0.9499,0.2702,0.316
603106,恒银科技,37.32,True,7.17,7.3,4,8.16,-11.46,-4.9,-1.81,0.0,从未跌破（观测期内）,2026-07-03,50.46,0.5147,0.046,0.5831,0.5272,0.8991,0.0282,0.3159
603429,*ST集友,45.37,False,8.65,9.35,10,14.9,-15.87,-0.38,-7.5,0.0,从未跌破（观测期内）,2026-07-03,44.42,0.4193,0.6253,0.6396,0.6516,0.765,0.0,0.3159
601665,齐鲁银行,360.62,False,5.86,6.1,7,5.39,-5.93,-1.12,-3.9,0.0286,从未跌破（观测期内）,2026-07-03,26.77,0.4064,0.4506,0.3043,0.6241,0.3727,0.4928,0.3159
601518,吉林高速,53.88,False,2.85,2.93,6,6.39,-5.85,-1.69,-2.73,0.0284,从未跌破（观测期内）,2026-07-03,37.5,0.5887,-0.2875,0.3092,0.4382,0.6111,0.4846,0.3158
603115,海星股份,258.82,False,107.0,108.95,15,23.15,-11.62,5.73,-1.79,0.3372,从未跌破（观测期内）,2026-07-03,59.31,-0.0076,-0.5159,1.0659,0.0,0.9043,0.0,0.3157
000876,新 希 望,305.1,False,6.78,6.53,3,4.61,-14.79,-9.45,3.8,0.0,从未跌破（观测期内）,2026-07-03,55.71,-0.1673,3.2427,0.5243,0.4,0.9841,0.1262,0.3157
600108,亚盛集团,60.74,False,3.12,3.39,7,10.26,-13.7,-4.45,-7.84,0.0,从未跌破（观测期内）,2026-07-03,37.57,0.6572,0.4456,0.7181,0.7726,0.6126,0.0,0.3157
600848,上海临港,185.53,False,7.75,7.91,1,1.32,-9.34,-6.13,-1.99,0.0,从未跌破（观测期内）,2026-07-03,35.25,0.8042,-0.7596,0.269,0.4825,0.5612,0.5516,0.3156
601179,中国西电,732.49,False,14.29,14.92,6,7.96,-16.2,-4.6,-4.23,0.0,从未跌破（观测期内）,2026-07-03,54.97,0.5798,-0.2121,0.8113,0.463,0.9992,0.0,0.3156
601086,国芳集团,46.09,False,6.92,6.99,0,-0.97,-13.77,-7.56,-0.97,0.0,从未跌破（观测期内）,2026-07-03,44.85,0.7015,-0.7311,0.3783,0.4209,0.7743,0.3695,0.3155
600283,钱江水利,45.76,False,8.16,8.17,0,-0.16,-6.26,-4.03,-0.16,0.0009,从未跌破（观测期内）,2026-07-03,38.46,0.5052,-0.469,0.1608,0.3155,0.6325,0.732,0.3155
605333,沪光股份,83.76,False,18.05,18.12,0,-0.4,-12.43,-8.74,-0.4,0.0,从未跌破（观测期内）,2026-07-03,44.79,-0.49,1.3714,0.3575,0.4,0.773,0.4042,0.3152
001288,运机集团,38.51,False,25.36,25.42,8,9.5,-11.14,-2.23,-0.23,0.0658,从未跌破（观测期内）,2026-07-03,55.15,0.4108,-0.2693,0.581,0.3387,0.9966,0.0316,0.3151
000828,东莞控股,100.63,False,9.68,9.72,1,0.49,-4.54,-1.87,-0.41,0.0676,从未跌破（观测期内）,2026-07-03,44.02,0.1723,-0.242,0.2602,0.2066,0.756,0.5663,0.3148
002651,利君股份,44.78,False,7.92,7.79,1,1.69,-9.66,-5.23,1.69,0.0,从未跌破（观测期内）,2026-07-03,42.86,-0.0432,1.1926,0.3248,0.4,0.7302,0.4587,0.3148
603018,华设集团,43.99,False,5.37,5.43,0,-1.14,-6.72,-4.77,-1.14,0.0,从未跌破（观测期内）,2026-07-03,39.45,-0.7455,2.1806,0.2645,0.4,0.6544,0.5592,0.3148
600018,上港集团,1129.79,False,4.86,4.91,0,-0.14,-4.48,-2.05,-0.94,0.0404,从未跌破（观测期内）,2026-07-03,38.16,0.2664,-0.1407,0.2096,0.3035,0.6257,0.6506,0.3148
001228,永泰运,22.84,False,28.6,26.47,3,8.07,-13.11,-5.23,8.07,0.1186,从未跌破（观测期内）,2026-07-03,63.05,-0.0163,0.144,0.4454,0.2576,0.8211,0.2576,0.3147
600846,同济科技,68.29,True,10.93,10.18,4,7.34,-13.8,-6.99,7.34,0.0724,从未跌破（观测期内）,2026-07-03,56.31,0.0162,0.3913,0.6506,0.3663,0.9709,0.0,0.3147
601228,广州港,219.55,False,2.91,2.96,0,-0.78,-5.65,-2.83,-1.59,0.0051,从未跌破（观测期内）,2026-07-03,37.5,0.2372,-0.0285,0.169,0.3309,0.6111,0.7184,0.3147
002154,报 喜 鸟,45.78,False,3.88,3.83,1,1.28,-8.41,-4.25,1.28,0.0183,从未跌破（观测期内）,2026-07-03,47.46,-0.2765,0.6154,0.4366,0.4,0.8324,0.2724,0.3147
603293,埃泰克,14.72,False,41.95,41.28,2,1.63,-15.81,-7.52,1.63,0.0,从未跌破（观测期内）,2026-07-03,57.16,0.1843,0.1575,0.4768,0.3736,0.9519,0.2054,0.3146
001239,永达股份,15.12,False,13.26,13.84,9,11.89,-9.98,-1.08,-4.19,0.0115,从未跌破（观测期内）,2026-07-03,42.35,0.5589,0.1672,0.539,0.6022,0.719,0.1017,0.3142
002553,南方精工,44.48,False,17.36,17.24,2,0.7,-13.43,-7.44,0.7,0.0,从未跌破（观测期内）,2026-07-03,40.45,0.4311,3.1648,0.5433,0.6587,0.6766,0.0946,0.3142
000710,贝瑞基因,26.46,True,8.03,7.92,1,1.34,-14.53,-7.88,1.34,0.0,从未跌破（观测期内）,2026-07-03,49.37,-0.2749,0.3853,0.3972,0.3541,0.8749,0.338,0.3142
600246,万通发展,290.56,False,15.37,17.58,20,27.76,-12.58,7.6,-12.58,0.1935,从未跌破（观测期内）,2026-07-03,47.34,0.1598,-0.0325,0.899,0.2829,0.8299,0.0,0.3141
600502,安徽建工,77.07,False,4.49,4.53,0,-0.77,-8.44,-4.71,-0.77,0.0,从未跌破（观测期内）,2026-07-03,48.68,0.0285,-0.0159,0.2422,0.2107,0.8596,0.5963,0.3141
002539,云图控股,98.41,True,11.06,11.79,5,4.37,-11.69,-3.86,-6.17,0.0,从未跌破（观测期内）,2026-07-03,41.21,0.4048,0.7237,0.5414,0.6429,0.6936,0.0976,0.3141
000757,浩物股份,20.46,False,3.84,3.73,3,2.83,-11.71,-7.01,2.83,0.0,从未跌破（观测期内）,2026-07-03,48.67,0.0639,1.071,0.4701,0.4384,0.8594,0.2165,0.314
605005,合兴股份,63.96,False,15.95,15.95,3,2.42,-10.79,-4.23,0.02,0.0,从未跌破（观测期内）,2026-07-03,50.0,0.3538,-0.5302,0.2678,0.2123,0.8889,0.5536,0.3139
001333,光华股份,25.52,False,19.94,19.82,1,0.61,-12.87,-9.1,0.61,0.0,从未跌破（观测期内）,2026-07-03,42.55,0.1848,0.4365,0.4088,0.4855,0.7234,0.3186,0.3138
001226,拓山重工,16.36,False,48.21,49.99,9,7.26,-8.7,-1.07,-3.56,0.0584,从未跌破（观测期内）,2026-07-03,44.13,0.7324,-0.6021,0.4843,0.4395,0.7584,0.1928,0.3138
002006,精工科技,82.44,True,15.86,15.07,3,5.25,-14.01,-7.4,5.25,0.0,从未跌破（观测期内）,2026-07-03,59.6,0.176,0.3162,0.496,0.4321,0.8977,0.1734,0.3136
600764,中国海防,133.17,False,18.74,18.72,1,0.12,-10.87,-7.1,0.12,0.0,从未跌破（观测期内）,2026-07-03,45.16,-0.3438,1.1753,0.3709,0.4,0.7812,0.3818,0.3135
002730,电光科技,96.06,True,27.76,29.46,8,9.63,-10.61,-2.07,-5.76,0.0,从未跌破（观测期内）,2026-07-03,49.59,0.7773,-0.2914,0.6463,0.5498,0.8797,0.0,0.3134
000526,学大教育,32.94,False,27.46,26.49,3,3.65,-16.46,-7.28,3.65,0.0,从未跌破（观测期内）,2026-07-03,58.29,0.2098,0.1361,0.4682,0.3804,0.9269,0.2197,0.3134
001202,炬申股份,16.73,False,14.32,14.13,1,1.33,-10.07,-6.6,1.33,0.0,从未跌破（观测期内）,2026-07-03,48.24,-0.4602,0.2444,0.3258,0.2978,0.8498,0.457,0.313
002528,*ST英飞,47.05,False,4.48,4.58,12,6.39,-10.25,-1.3,-2.25,0.1022,从未跌破（观测期内）,2026-07-03,37.95,0.0178,1.5564,0.4206,0.4107,0.6212,0.299,0.3126
002395,双象股份,33.68,False,12.56,12.92,0,-2.78,-18.04,-9.74,-2.78,0.0,从未跌破（观测期内）,2026-07-03,40.92,0.9126,-0.5971,0.4479,0.5476,0.6872,0.2534,0.3124
605033,美邦股份,24.47,False,18.1,18.12,0,-0.09,-11.34,-7.61,-0.09,0.0,从未跌破（观测期内）,2026-07-03,41.36,-0.2346,0.6484,0.3089,0.4,0.697,0.4851,0.3122
603686,福龙马,57.7,False,13.89,13.9,0,-0.05,-12.98,-8.4,-0.05,0.0,从未跌破（观测期内）,2026-07-03,43.75,-0.2198,1.604,0.3514,0.4,0.75,0.4143,0.3121
600893,航发动力,1047.66,False,39.31,38.93,2,1.42,-13.06,-6.17,0.97,0.0,从未跌破（观测期内）,2026-07-03,51.93,0.0367,1.0177,0.5192,0.422,0.9317,0.1347,0.312
002792,通宇通讯,123.78,False,36.64,36.81,0,-0.47,-16.45,-10.09,-0.47,0.0,从未跌破（观测期内）,2026-07-03,48.37,0.5484,-0.0503,0.5429,0.5089,0.8526,0.0952,0.312
002459,晶澳科技,273.47,True,8.27,8.42,2,7.24,-16.37,-6.07,-1.8,0.0,从未跌破（观测期内）,2026-07-03,40.82,0.4989,1.2044,0.6704,0.6994,0.685,0.0,0.3118
002917,金奥博,29.1,False,11.17,11.32,0,-1.31,-14.83,-9.97,-1.31,0.0,从未跌破（观测期内）,2026-07-03,38.65,0.5588,0.0438,0.4152,0.5528,0.6367,0.308,0.3117
603590,康辰药业,50.17,False,31.71,29.77,3,6.51,-15.38,-7.23,6.51,0.0297,从未跌破（观测期内）,2026-07-03,58.51,0.3963,-0.2849,0.4623,0.3238,0.922,0.2296,0.3117
002920,德赛西威,515.96,True,86.48,86.18,1,0.35,-15.36,-9.45,0.35,0.0,从未跌破（观测期内）,2026-07-03,48.93,-0.0181,0.7188,0.4454,0.4,0.865,0.2576,0.3116
002592,ST八菱,17.6,False,6.7,6.48,1,3.37,-10.47,-5.87,3.37,0.0067,从未跌破（观测期内）,2026-07-03,50.75,-0.1609,1.6013,0.4888,0.4,0.9055,0.1854,0.3116
000798,中水渔业,27.51,False,7.52,7.52,1,0.04,-10.19,-6.96,0.04,0.0,从未跌破（观测期内）,2026-07-03,40.12,0.309,-0.0023,0.2751,0.3845,0.6694,0.5415,0.3112
002030,达安基因,73.26,True,5.22,5.37,0,-2.71,-17.02,-10.25,-2.71,0.0,从未跌破（观测期内）,2026-07-03,44.94,0.763,-0.7829,0.4339,0.4578,0.7764,0.2768,0.3112
002413,雷科防务,129.15,False,9.97,10.01,1,0.17,-12.26,-6.04,-0.38,0.0,从未跌破（观测期内）,2026-07-03,43.71,0.0953,0.6041,0.4116,0.4572,0.7491,0.314,0.3112
002889,东方嘉盛,28.34,False,11.28,11.03,3,2.3,-10.85,-6.02,2.3,0.0,从未跌破（观测期内）,2026-07-03,46.27,0.0043,1.7909,0.4028,0.4026,0.806,0.3287,0.3111
600375,汉马科技,57.19,True,3.91,3.92,1,0.87,-11.64,-6.99,-0.31,0.0,从未跌破（观测期内）,2026-07-03,48.98,0.1143,0.9158,0.518,0.4686,0.8662,0.1367,0.3109
002406,远东传动,41.85,False,6.95,7.16,0,-2.67,-13.34,-8.4,-2.94,0.0,从未跌破（观测期内）,2026-07-03,43.75,0.807,-0.6307,0.4411,0.4842,0.75,0.2649,0.3108
001301,尚太科技,158.95,True,61.19,63.93,15,13.17,-5.98,1.17,-4.29,0.1875,从未跌破（观测期内）,2026-07-03,46.05,0.3882,-0.3283,0.6567,0.3016,0.801,0.0,0.3106
000525,红太阳,45.36,False,4.08,4.27,0,-0.52,-12.11,-7.87,-4.38,0.0,从未跌破（观测期内）,2026-07-03,34.68,0.5425,0.0935,0.3591,0.5629,0.5484,0.4015,0.3106
600550,保变电气,213.06,False,11.57,12.22,2,1.98,-14.28,-6.89,-5.28,0.0,从未跌破（观测期内）,2026-07-03,44.31,0.751,-0.2544,0.5169,0.5489,0.7624,0.1386,0.3105
002284,亚太股份,76.22,False,10.41,10.25,1,1.52,-13.41,-8.62,1.52,0.0,从未跌破（观测期内）,2026-07-03,47.94,-0.2393,1.4122,0.4324,0.4,0.843,0.2793,0.3105
603012,创力集团,57.02,False,8.82,7.96,4,10.78,-17.73,-6.76,10.78,0.1446,从未跌破（观测期内）,2026-07-03,68.5,0.0843,1.309,0.6953,0.4506,0.7,0.0,0.3105
000895,双汇发展,807.16,False,23.3,23.39,0,-0.4,-6.71,-4.28,-0.4,0.0,从未跌破（观测期内）,2026-07-03,36.7,-0.2732,0.4918,0.2297,0.3967,0.5933,0.6171,0.3104
002530,金财互联,49.08,False,7.06,7.39,0,-0.42,-10.65,-5.88,-4.46,0.0,从未跌破（观测期内）,2026-07-03,34.74,0.6801,0.0448,0.4243,0.626,0.5498,0.2928,0.3104
600499,科达制造,296.69,False,15.47,14.73,2,4.99,-11.47,-4.76,4.99,0.062,从未跌破（观测期内）,2026-07-03,50.91,-0.0806,1.558,0.5854,0.4,0.909,0.0243,0.3103
002357,富临运业,28.56,False,9.11,9.56,0,-0.16,-12.48,-6.9,-4.7,0.0,从未跌破（观测期内）,2026-07-03,45.07,0.2029,0.2928,0.4214,0.4388,0.7793,0.2976,0.3102
600997,开滦股份,81.93,False,5.16,5.14,5,6.4,-10.77,-3.69,0.29,0.0,从未跌破（观测期内）,2026-07-03,40.0,0.8304,-0.6381,0.3906,0.4982,0.6667,0.349,0.3102
600750,华润江中,146.58,False,23.31,23.51,9,9.48,-7.34,0.09,-0.84,0.1243,从未跌破（观测期内）,2026-07-03,46.81,0.1675,-0.4885,0.3182,0.1051,0.818,0.4696,0.3101
002480,新筑股份,39.76,False,5.18,5.48,1,2.58,-10.74,-6.12,-5.41,0.0,从未跌破（观测期内）,2026-07-03,31.86,0.7629,-0.1888,0.3316,0.5822,0.4857,0.4474,0.3098
600793,宜宾纸业,28.32,False,16.01,13.26,4,20.7,-12.19,-5.17,20.7,0.1844,从未跌破（观测期内）,2026-07-03,63.06,-0.1184,0.2178,0.8428,0.2871,0.821,0.0,0.3097
601137,博威合金,208.23,False,22.68,24.05,16,18.61,-7.92,6.35,-5.71,0.2706,从未跌破（观测期内）,2026-07-03,39.39,0.2051,-0.1005,0.6395,0.2828,0.653,0.0,0.3096
603107,上海汽配,26.05,False,11.94,12.11,0,-1.41,-9.15,-5.77,-1.41,0.0,从未跌破（观测期内）,2026-07-03,38.43,-0.4298,0.7292,0.267,0.4,0.6318,0.555,0.3096
600721,百花医药,26.76,False,6.96,7.18,5,5.55,-10.95,-3.85,-3.06,0.0,从未跌破（观测期内）,2026-07-03,33.6,0.7381,0.4388,0.6094,0.8184,0.5245,0.0,0.3095
600886,国投电力,1000.35,False,13.42,13.44,6,4.36,-5.28,-1.42,-0.16,0.1303,从未跌破（观测期内）,2026-07-03,36.91,0.2856,-0.5654,0.2203,0.1714,0.598,0.6328,0.3095
600742,富维股份,55.8,False,7.51,7.61,0,-1.34,-8.29,-4.98,-1.36,0.0,从未跌破（观测期内）,2026-07-03,39.11,-0.0769,0.7876,0.2808,0.4,0.6468,0.5321,0.3092
002232,启明信息,60.71,True,14.86,14.71,3,1.25,-12.32,-6.36,1.02,0.0,从未跌破（观测期内）,2026-07-03,49.16,0.0323,1.2815,0.4788,0.4194,0.8702,0.2019,0.3092
001220,世盟股份,6.72,False,29.74,29.85,0,-0.37,-11.78,-6.21,-0.37,0.0,从未跌破（观测期内）,2026-07-03,43.99,0.378,-0.2285,0.3028,0.3354,0.7553,0.4954,0.3092
603617,君禾股份,26.84,False,6.94,7.27,7,5.28,-5.3,-1.24,-4.51,0.0219,从未跌破（观测期内）,2026-07-03,41.88,0.4735,-0.1143,0.4037,0.4384,0.7085,0.3272,0.3091
603025,大豪科技,155.95,True,14.06,14.23,0,-1.17,-11.96,-6.1,-1.17,0.0,从未跌破（观测期内）,2026-07-03,52.42,0.1562,0.0911,0.448,0.3302,0.9427,0.2533,0.3091
002689,ST远智,29.31,False,2.81,2.74,1,2.59,-14.66,-8.12,2.59,0.0,从未跌破（观测期内）,2026-07-03,48.39,-0.4047,0.4865,0.4418,0.3946,0.853,0.2636,0.3088
603813,*ST原尚,36.28,False,34.55,37.15,10,11.83,-7.26,-0.04,-7.0,0.0,从未跌破（观测期内）,2026-07-03,40.7,0.4799,0.8988,0.6182,0.6879,0.6821,0.0,0.3084
600668,尖峰集团,31.3,False,7.58,7.41,4,2.31,-9.68,-5.1,2.31,0.0274,从未跌破（观测期内）,2026-07-03,51.5,0.1057,0.243,0.5089,0.3606,0.9223,0.1518,0.3083
600884,杉杉股份,239.85,False,13.07,13.66,5,4.24,-11.1,-3.57,-4.32,0.0,从未跌破（观测期内）,2026-07-03,43.04,0.6705,-0.2793,0.4449,0.4906,0.7342,0.2585,0.3083
603170,宝立食品,47.28,False,11.82,11.81,4,0.97,-5.49,-2.01,0.09,0.1151,从未跌破（观测期内）,2026-07-03,43.49,0.0332,-0.0582,0.3433,0.1966,0.7443,0.4278,0.3082
002010,传化智联,129.59,False,4.7,4.72,0,-0.41,-8.68,-5.44,-0.41,0.0,从未跌破（观测期内）,2026-07-03,44.16,0.3119,-0.2163,0.2759,0.3006,0.759,0.5401,0.308
000957,中通客车,58.46,False,9.86,9.92,1,1.22,-9.45,-4.39,-0.61,0.0,从未跌破（观测期内）,2026-07-03,35.65,0.5335,-0.09,0.3085,0.4841,0.57,0.4858,0.3079
603042,华脉科技,27.7,True,13.27,15.04,7,9.83,-11.79,-3.0,-11.79,0.0,从未跌破（观测期内）,2026-07-03,46.28,0.7593,-0.1736,0.7351,0.5861,0.8062,0.0,0.3078
603165,荣晟环保,45.97,False,14.7,14.48,1,1.51,-14.56,-6.61,1.51,0.0,从未跌破（观测期内）,2026-07-03,44.13,0.3034,0.7005,0.5579,0.582,0.7585,0.0701,0.3077
000711,ST京蓝,125.26,False,5.26,5.21,2,3.71,-20.71,-8.39,0.98,0.0,从未跌破（观测期内）,2026-07-03,46.0,0.4719,0.2693,0.6983,0.5909,0.8,0.0,0.3077
600498,烽火通信,787.26,True,61.91,69.63,18,39.03,-11.09,14.15,-11.09,0.2592,从未跌破（观测期内）,2026-07-03,48.81,-0.1697,-0.184,0.9876,0.1264,0.8624,0.0,0.3077
003041,真爱美家,60.61,False,44.3,45.16,1,1.6,-18.84,-10.45,-1.9,0.0,从未跌破（观测期内）,2026-07-03,46.92,0.7076,-0.4926,0.4538,0.4275,0.8204,0.2436,0.3075
605299,舒华体育,55.28,False,13.56,14.61,0,-7.21,-21.59,-12.19,-7.21,0.0,从未跌破（观测期内）,2026-07-03,16.05,0.7793,0.2653,0.252,0.7737,0.1344,0.58,0.3073
603216,梦天家居,48.03,False,21.57,22.01,0,-2.01,-13.56,-7.95,-2.01,0.0,从未跌破（观测期内）,2026-07-03,40.07,0.4059,0.1426,0.4071,0.5006,0.6683,0.3215,0.307
000816,智慧农业,35.56,False,2.47,2.44,1,1.08,-10.29,-6.05,1.08,0.0,从未跌破（观测期内）,2026-07-03,44.29,0.3819,-0.0134,0.4056,0.4238,0.7619,0.3239,0.3069
600103,青山纸业,68.36,False,3.09,3.4,0,-3.75,-15.01,-9.72,-9.12,0.0,从未跌破（观测期内）,2026-07-03,30.48,0.7633,0.0786,0.4264,0.6894,0.455,0.2894,0.3068
603773,沃格光电,308.03,False,137.1,153.68,19,49.48,-10.79,24.43,-10.79,0.2825,从未跌破（观测期内）,2026-07-03,53.6,-0.3887,-0.5231,1.0319,0.0,0.9688,0.0,0.3068
002721,金一文化,61.96,False,2.33,2.35,0,-1.04,-12.95,-8.46,-1.04,0.0,从未跌破（观测期内）,2026-07-03,41.51,-0.5478,0.4845,0.3284,0.3938,0.7002,0.4527,0.3064
600765,中航重机,210.98,False,13.59,13.5,2,1.06,-9.8,-4.48,0.68,0.0,从未跌破（观测期内）,2026-07-03,43.13,0.0911,0.3609,0.3629,0.399,0.7362,0.3952,0.3063
003035,南网能源,219.32,False,5.79,6.11,0,-3.54,-11.89,-8.44,-5.24,0.0,从未跌破（观测期内）,2026-07-03,37.04,0.7223,-0.4233,0.3195,0.4641,0.6008,0.4674,0.3063
002322,理工能科,35.77,False,10.18,10.31,0,-1.23,-9.27,-5.89,-1.23,0.0,从未跌破（观测期内）,2026-07-03,39.17,-0.3005,0.6486,0.2938,0.4,0.6482,0.5103,0.3062
002867,周大生,129.28,False,11.98,11.85,1,1.11,-6.44,-2.88,1.11,0.0714,从未跌破（观测期内）,2026-07-03,43.41,0.1116,-0.228,0.2592,0.1758,0.7425,0.568,0.3062
002508,老板电器,142.09,False,15.22,15.59,0,-1.82,-9.67,-4.75,-2.36,0.0,从未跌破（观测期内）,2026-07-03,34.73,0.2101,0.4354,0.3163,0.5002,0.5496,0.4729,0.3059
601838,成都银行,779.45,False,18.39,18.79,11,6.02,-6.48,-0.56,-2.11,0.1343,从未跌破（观测期内）,2026-07-03,28.68,0.6169,-0.5306,0.294,0.3702,0.4151,0.5101,0.3058
600066,宇通客车,639.83,False,28.9,27.98,2,3.29,-14.96,-7.13,3.29,0.0,从未跌破（观测期内）,2026-07-03,50.24,-0.1455,0.5608,0.4919,0.4,0.8941,0.1801,0.3058
002598,ST章鼓,20.03,False,6.99,6.86,1,1.84,-10.85,-5.85,1.84,0.0,从未跌破（观测期内）,2026-07-03,50.23,0.1868,0.2438,0.5019,0.4096,0.894,0.1634,0.3057
002216,三全食品,76.86,False,12.19,12.0,3,1.71,-6.29,-3.33,1.58,0.0804,从未跌破（观测期内）,2026-07-03,44.36,0.2685,-0.3895,0.3221,0.2053,0.7636,0.4631,0.3057
000410,沈阳机床,99.34,False,5.04,5.02,1,0.37,-11.31,-5.82,0.37,0.0,从未跌破（观测期内）,2026-07-03,45.4,0.0846,0.318,0.3872,0.3779,0.7866,0.3547,0.305
603488,展鹏科技,30.08,True,10.3,11.53,13,11.5,-15.16,-1.54,-10.68,0.0,从未跌破（观测期内）,2026-07-03,36.34,0.5862,1.7683,0.6761,0.7517,0.5852,0.0,0.305
002465,海格通信,322.13,True,13.0,13.41,0,-1.89,-14.61,-10.13,-3.06,0.0,从未跌破（观测期内）,2026-07-03,41.9,0.7058,0.0737,0.6335,0.653,0.709,0.0,0.305
600710,苏美达,134.2,False,10.27,10.32,0,-0.52,-9.29,-5.01,-0.52,0.0,从未跌破（观测期内）,2026-07-03,40.93,-0.4005,0.5845,0.3303,0.4,0.6873,0.4495,0.3049
600538,国发股份,31.4,False,5.99,5.93,3,1.6,-9.9,-4.84,0.95,0.0,从未跌破（观测期内）,2026-07-03,57.25,0.0442,-0.1368,0.312,0.1718,0.95,0.48,0.3049
601519,大智慧,176.44,False,8.87,8.91,3,2.32,-16.28,-6.5,-0.42,0.0,从未跌破（观测期内）,2026-07-03,51.69,0.4269,0.0557,0.6887,0.4784,0.9265,0.0,0.3049
600592,龙溪股份,64.41,False,16.12,15.89,6,2.63,-22.34,-12.43,1.44,0.0,从未跌破（观测期内）,2026-07-03,55.52,0.0475,1.4548,0.7368,0.4285,0.9885,0.0,0.3048
600268,国电南自,119.12,False,11.73,11.98,0,-1.23,-15.17,-7.01,-2.07,0.0,从未跌破（观测期内）,2026-07-03,41.98,0.5289,-0.2966,0.348,0.3987,0.7108,0.4201,0.3048
002594,比亚迪,3084.61,True,88.47,86.61,1,2.15,-12.87,-5.36,2.15,0.0,从未跌破（观测期内）,2026-07-03,43.74,-0.5271,0.5118,0.3826,0.4,0.7497,0.3624,0.3043
600320,振华重工,139.69,False,4.22,4.36,0,-1.39,-9.05,-5.76,-3.11,0.0,从未跌破（观测期内）,2026-07-03,42.5,0.2818,0.0152,0.3359,0.3752,0.7222,0.4401,0.3043
603883,老百姓,87.04,False,11.47,11.37,2,0.87,-7.35,-3.52,0.87,0.0404,从未跌破（观测期内）,2026-07-03,43.82,-0.1633,0.1931,0.3264,0.2772,0.7515,0.4559,0.3041
002319,乐通股份,23.46,False,11.2,10.91,5,2.63,-14.4,-4.67,2.63,0.0397,从未跌破（观测期内）,2026-07-03,47.11,0.6618,-0.2598,0.7021,0.4931,0.8246,0.0,0.3041
603758,秦安股份,44.89,False,10.23,9.9,2,3.37,-13.36,-8.87,3.37,0.0,从未跌破（观测期内）,2026-07-03,50.32,-0.1669,2.2835,0.5013,0.4,0.896,0.1644,0.3039
003000,劲仔食品,31.55,False,10.24,10.33,8,2.68,-8.17,-1.82,-0.89,0.1178,从未跌破（观测期内）,2026-07-03,37.89,0.3194,-0.2645,0.3548,0.2858,0.6199,0.4086,0.3038
600635,大众公用,109.81,False,4.54,4.62,0,-1.63,-11.89,-8.29,-1.63,0.0,从未跌破（观测期内）,2026-07-03,38.24,0.3801,-0.0893,0.2791,0.3923,0.6275,0.5349,0.3038
002442,龙星科技,25.9,True,5.27,5.3,3,2.97,-18.41,-9.04,-0.56,0.0,从未跌破（观测期内）,2026-07-03,51.66,0.7903,-0.5266,0.7009,0.4742,0.9258,0.0,0.3037
603007,顺景科技,41.71,True,6.0,5.87,8,14.78,-18.87,-5.25,2.17,0.0503,从未跌破（观测期内）,2026-07-03,58.9,0.6727,-0.6614,0.7719,0.4036,0.9132,0.0,0.3037
600038,中直股份,175.33,False,26.21,26.56,3,2.75,-7.66,-3.53,-1.31,0.0,从未跌破（观测期内）,2026-07-03,28.28,0.6347,0.0536,0.3122,0.6022,0.4062,0.4796,0.3037
603162,海通发展,40.62,False,9.63,9.67,0,-0.38,-15.84,-9.88,-0.38,0.0,从未跌破（观测期内）,2026-07-03,46.95,-0.2304,0.7698,0.4425,0.4,0.8212,0.2625,0.3036
001215,千味央厨,36.3,False,37.46,39.65,7,5.67,-11.78,-3.17,-5.54,0.0,从未跌破（观测期内）,2026-07-03,40.57,0.4518,0.9475,0.8647,0.6711,0.6792,0.0,0.3036
002877,智能自控,17.87,True,7.43,7.63,0,-0.58,-9.98,-6.58,-2.63,0.0,从未跌破（观测期内）,2026-07-03,38.42,0.7485,-0.0741,0.5107,0.6195,0.6315,0.1488,0.3035
600528,中铁工业,152.4,True,6.86,6.96,0,-1.37,-6.31,-4.06,-1.37,0.0,从未跌破（观测期内）,2026-07-03,40.0,0.2621,-0.0801,0.2445,0.3252,0.6667,0.5925,0.3035
600585,海螺水泥,685.55,False,17.14,17.38,0,-1.36,-8.56,-5.46,-1.36,0.0,从未跌破（观测期内）,2026-07-03,37.67,-0.3795,0.4394,0.2539,0.3758,0.6149,0.5769,0.3035
002985,北摩高科,93.92,False,28.38,28.65,4,2.13,-11.75,-5.17,-0.94,0.0,从未跌破（观测期内）,2026-07-03,41.03,0.3444,0.9791,0.5445,0.6067,0.6895,0.0925,0.3034
600833,第一医药,21.8,False,9.77,9.69,1,0.84,-9.8,-5.96,0.84,0.0,从未跌破（观测期内）,2026-07-03,44.69,-0.3438,0.3652,0.3495,0.3461,0.7709,0.4174,0.3033
601112,振石股份,30.4,False,17.15,17.45,7,6.2,-12.81,-3.04,-1.74,0.0,从未跌破（观测期内）,2026-07-03,47.89,0.7642,-0.3534,0.5775,0.5172,0.842,0.0376,0.3033
600469,风神股份,39.83,False,5.46,5.53,0,-0.53,-8.86,-4.24,-1.33,0.0,从未跌破（观测期内）,2026-07-03,41.27,-0.5428,0.4667,0.33,0.3867,0.6949,0.4501,0.3032
600971,恒源煤电,87.0,False,7.25,7.49,9,11.97,-10.14,-1.36,-3.17,0.0301,从未跌破（观测期内）,2026-07-03,35.06,0.8104,-0.6573,0.3676,0.4862,0.557,0.3874,0.3031
002589,瑞康医药,36.05,False,2.64,2.64,1,0.13,-9.84,-5.38,0.13,0.0,从未跌破（观测期内）,2026-07-03,45.88,-0.2601,0.6611,0.4263,0.4,0.7974,0.2896,0.3029
601567,三星电气,205.58,False,14.63,14.88,1,4.45,-15.19,-6.42,-1.65,0.0,从未跌破（观测期内）,2026-07-03,49.83,0.4023,-0.0151,0.5321,0.4353,0.885,0.1131,0.3028
600935,华塑股份,80.67,False,2.3,2.31,5,2.98,-7.72,-3.18,-0.54,0.0372,从未跌破（观测期内）,2026-07-03,48.19,0.191,-0.013,0.4369,0.3094,0.8487,0.2718,0.3028
600731,湖南海利,29.41,False,5.43,5.41,1,0.36,-8.93,-4.36,0.36,0.0,从未跌破（观测期内）,2026-07-03,42.74,0.4426,-0.2949,0.3183,0.3476,0.7274,0.4694,0.3028
603132,金徽股份,161.66,False,16.53,16.5,5,4.2,-11.65,-3.9,0.21,0.0045,从未跌破（观测期内）,2026-07-03,47.11,0.5318,-0.0452,0.557,0.501,0.8246,0.0717,0.3027
600365,ST通葡,10.98,False,2.57,2.5,2,2.82,-9.4,-6.19,2.82,0.0013,从未跌破（观测期内）,2026-07-03,51.52,-0.4214,0.0457,0.3486,0.2183,0.9226,0.4191,0.3025
001267,汇绿生态,278.11,False,45.7,53.46,6,12.45,-17.68,-4.35,-14.52,0.0,从未跌破（观测期内）,2026-07-03,44.4,0.7567,-0.1393,0.834,0.5983,0.7644,0.0,0.3025
002761,浙江建投,75.18,False,6.95,7.06,0,-1.52,-9.3,-6.4,-1.52,0.0,从未跌破（观测期内）,2026-07-03,36.88,0.0834,0.3914,0.2749,0.4066,0.5973,0.5418,0.3024
603101,汇嘉时代,32.5,True,6.91,6.71,2,2.96,-10.28,-6.84,2.96,0.0,从未跌破（观测期内）,2026-07-03,50.56,0.126,-0.0852,0.3529,0.2415,0.9012,0.4119,0.3024
002703,浙江世宝,88.38,False,15.08,15.35,0,-1.75,-17.48,-11.29,-1.75,0.0,从未跌破（观测期内）,2026-07-03,45.63,0.2623,0.0375,0.3965,0.3724,0.7918,0.3391,0.3023
002620,*ST瑞和,17.95,False,5.68,5.59,2,1.56,-25.69,-16.37,1.56,0.0,从未跌破（观测期内）,2026-07-03,47.58,0.6406,-0.2016,0.5625,0.5037,0.8351,0.0625,0.3023
002715,登云股份,20.33,True,14.73,14.16,1,4.04,-10.72,-7.52,4.04,0.0,从未跌破（观测期内）,2026-07-03,51.84,-0.2442,1.2442,0.5348,0.4,0.9297,0.1087,0.3022
605300,佳禾食品,41.03,False,9.03,9.14,6,11.81,-11.06,-5.18,-1.25,0.0,从未跌破（观测期内）,2026-07-03,48.67,0.5115,0.0361,0.6362,0.5214,0.8593,0.0,0.3022
600120,浙江东方,150.62,False,4.41,4.51,1,0.1,-9.36,-4.72,-2.11,0.0,从未跌破（观测期内）,2026-07-03,46.34,0.0836,0.0103,0.2918,0.2543,0.8076,0.5137,0.3021
002911,佛燃能源,131.77,False,10.4,10.24,1,1.6,-8.79,-6.27,1.6,0.0,从未跌破（观测期内）,2026-07-03,48.85,-0.3691,0.0225,0.2915,0.209,0.8633,0.5142,0.302
001314,亿道信息,73.89,True,59.4,56.89,13,9.15,-8.84,0.61,4.41,0.3324,从未跌破（观测期内）,2026-07-03,66.51,0.1343,-0.7378,0.6196,0.0806,0.7442,0.0,0.302
000062,深圳华强,325.8,False,31.18,31.37,5,7.91,-10.87,-2.2,-0.6,0.0415,从未跌破（观测期内）,2026-07-03,57.75,0.6498,-0.588,0.7716,0.3899,0.9389,0.0,0.3018
000735,罗 牛 山,58.01,False,5.04,5.03,2,0.79,-12.58,-6.65,0.22,0.0,从未跌破（观测期内）,2026-07-03,41.38,0.0347,0.4085,0.3352,0.3842,0.6973,0.4413,0.3017
002492,恒基达鑫,22.44,False,5.64,5.7,0,-0.17,-15.7,-8.28,-0.98,0.0,从未跌破（观测期内）,2026-07-03,43.71,0.2739,0.0107,0.3614,0.3686,0.7491,0.3976,0.3016
002524,光正眼科,18.59,False,3.64,3.54,3,2.93,-9.98,-6.11,2.93,0.0021,从未跌破（观测期内）,2026-07-03,49.59,-0.137,0.8143,0.5006,0.4,0.8797,0.1657,0.3016
600841,动力新科,69.99,False,6.71,6.64,1,1.09,-11.17,-7.3,1.09,0.0,从未跌破（观测期内）,2026-07-03,48.21,0.7447,-0.4837,0.5269,0.4533,0.8492,0.1219,0.3015
002242,九阳股份,63.3,False,8.31,8.32,0,-0.07,-12.94,-6.52,-0.07,0.0,从未跌破（观测期内）,2026-07-03,38.18,0.5049,-0.2869,0.2832,0.3882,0.6263,0.528,0.3015
002809,红墙股份,13.26,False,7.8,8.14,0,-2.99,-13.15,-7.99,-4.19,0.0,从未跌破（观测期内）,2026-07-03,40.09,0.5124,0.079,0.4684,0.539,0.6686,0.2193,0.3014
002543,万和电气,42.74,False,6.46,6.59,0,-1.94,-9.16,-6.43,-1.94,0.0,从未跌破（观测期内）,2026-07-03,35.66,-0.3514,1.4521,0.252,0.4,0.5702,0.5801,0.301
000719,中原传媒,75.79,False,11.36,11.33,1,0.26,-9.25,-5.72,0.26,0.0,从未跌破（观测期内）,2026-07-03,42.29,0.0619,0.1295,0.259,0.2889,0.7175,0.5683,0.301
002692,远程股份,27.99,False,3.9,4.05,0,-3.68,-14.0,-10.01,-3.68,0.0,从未跌破（观测期内）,2026-07-03,38.74,0.0874,0.5258,0.3599,0.4524,0.6386,0.4002,0.3009
600645,中源协和,86.77,False,18.55,18.21,1,1.9,-10.97,-6.77,1.9,0.0,从未跌破（观测期内）,2026-07-03,48.56,0.0167,0.4089,0.4553,0.3736,0.8568,0.2412,0.3009
600186,莲花控股,210.43,False,11.82,12.98,16,29.72,-12.12,9.03,-8.93,0.257,从未跌破（观测期内）,2026-07-03,51.21,-0.1006,-0.3501,1.0579,0.06,0.9157,0.0,0.3009
603825,ST华扬,18.34,False,7.24,6.95,2,4.13,-16.83,-9.1,4.13,0.0,从未跌破（观测期内）,2026-07-03,56.31,-0.5279,0.3371,0.508,0.3349,0.971,0.1534,0.3009
002095,生 意 宝,33.0,False,13.11,13.47,2,3.59,-9.55,-4.67,-2.67,0.0,从未跌破（观测期内）,2026-07-03,45.45,0.3571,0.0232,0.451,0.4235,0.7879,0.2483,0.3007
603062,麦加芯彩,15.19,True,40.96,41.17,2,1.38,-14.66,-6.64,-0.51,0.0,从未跌破（观测期内）,2026-07-03,42.07,-0.0171,0.5743,0.3674,0.4,0.7126,0.3876,0.3007
600874,创业环保,67.8,False,5.51,5.64,3,1.51,-6.2,-2.48,-2.25,0.0122,从未跌破（观测期内）,2026-07-03,31.87,0.4949,-0.2521,0.2021,0.3961,0.486,0.6631,0.3006
603966,法兰泰克,45.11,False,8.68,8.85,2,5.58,-10.53,-4.54,-1.89,0.0,从未跌破（观测期内）,2026-07-03,44.41,0.3301,0.1134,0.4527,0.4434,0.7647,0.2455,0.3006
002065,东华软件,205.88,True,7.08,7.2,3,1.28,-11.0,-4.21,-1.64,0.0,从未跌破（观测期内）,2026-07-03,52.9,0.0796,-0.0626,0.3829,0.2227,0.9533,0.3618,0.3006
600810,神马股份,67.66,False,6.26,6.45,11,10.81,-13.62,0.3,-2.93,0.1092,从未跌破（观测期内）,2026-07-03,45.81,0.2725,-0.276,0.4623,0.2531,0.7958,0.2295,0.3005
600513,联环药业,45.39,False,15.9,15.69,1,1.37,-12.16,-7.73,1.37,0.0,从未跌破（观测期内）,2026-07-03,50.0,-0.3624,0.375,0.459,0.35,0.8889,0.2349,0.3005
002980,华盛昌,107.09,False,105.73,116.52,12,20.04,-13.46,2.45,-9.26,0.0206,从未跌破（观测期内）,2026-07-03,49.35,0.3117,0.2063,0.8824,0.4696,0.8744,0.0,0.3005
600609,金杯汽车,42.53,True,3.26,3.31,0,-1.42,-8.62,-6.12,-1.42,0.0,从未跌破（观测期内）,2026-07-03,35.94,0.2546,0.2353,0.3061,0.4469,0.5764,0.4898,0.3005
002454,松芝股份,44.92,False,5.12,5.21,0,-1.68,-14.13,-9.29,-1.68,0.0,从未跌破（观测期内）,2026-07-03,43.18,-0.3055,0.9227,0.388,0.4,0.7374,0.3534,0.3005
002112,三变科技,43.06,True,16.43,17.0,2,3.46,-12.96,-5.78,-3.32,0.0,从未跌破（观测期内）,2026-07-03,47.66,0.5053,-0.2701,0.463,0.3951,0.837,0.2284,0.3004
002893,京能热力,19.43,False,9.58,9.98,2,5.72,-14.47,-7.87,-4.04,0.0,从未跌破（观测期内）,2026-07-03,41.85,0.873,-0.7836,0.4885,0.5238,0.7078,0.1858,0.3004
600106,重庆路桥,61.27,False,4.61,4.88,0,-1.51,-10.12,-6.68,-5.44,0.0,从未跌破（观测期内）,2026-07-03,32.11,0.2916,0.4003,0.3266,0.5351,0.4913,0.4557,0.3004
603869,ST智知,42.4,False,8.58,8.63,0,-0.63,-15.74,-10.07,-0.63,0.0,从未跌破（观测期内）,2026-07-03,49.02,-0.5571,0.4376,0.4671,0.375,0.8671,0.2214,0.3004
002880,卫光生物,48.88,False,21.55,21.73,0,-0.83,-12.28,-7.76,-0.83,0.0,从未跌破（观测期内）,2026-07-03,44.84,-0.6544,1.1869,0.4189,0.4,0.7742,0.3018,0.3001
601007,金陵饭店,24.61,False,6.31,6.32,0,-0.21,-7.23,-4.28,-0.21,0.0,从未跌破（观测期内）,2026-07-03,39.2,0.5691,-0.4237,0.2907,0.372,0.6489,0.5155,0.3001
600468,百利电气,62.65,False,5.76,5.82,2,2.79,-15.06,-7.71,-0.98,0.0,从未跌破（观测期内）,2026-07-03,50.45,0.1609,0.3253,0.5454,0.4266,0.8989,0.0911,0.3001
603518,锦泓集团,28.18,False,8.19,7.87,1,4.13,-12.32,-7.4,4.13,0.0,从未跌破（观测期内）,2026-07-03,46.72,-0.0362,0.9346,0.4524,0.4,0.8159,0.246,0.3001
600648,外高桥,96.37,False,8.47,8.57,0,-1.11,-8.66,-6.45,-1.11,0.0,从未跌破（观测期内）,2026-07-03,38.92,-0.0715,0.4305,0.2861,0.3722,0.6426,0.5231,0.3
603205,健尔康,8.88,False,21.48,21.75,0,-1.24,-10.61,-6.97,-1.24,0.0,从未跌破（观测期内）,2026-07-03,41.96,0.0174,0.4726,0.3679,0.3995,0.7102,0.3869,0.2999
002350,北京科锐,72.15,False,13.6,14.28,2,4.41,-11.95,-6.17,-4.78,0.0,从未跌破（观测期内）,2026-07-03,42.54,0.8129,-0.5405,0.4671,0.4877,0.723,0.2215,0.2998
603236,移远通信,208.73,True,51.8,53.1,10,7.5,-13.89,-1.86,-2.45,0.0513,从未跌破（观测期内）,2026-07-03,42.16,0.6121,-0.0885,0.5871,0.5319,0.7147,0.0215,0.2996
002701,奥瑞金,113.8,False,4.45,4.48,0,-0.58,-8.13,-4.99,-0.58,0.0,从未跌破（观测期内）,2026-07-03,42.57,-0.2067,0.3652,0.327,0.3461,0.7239,0.4551,0.2996
600936,北投科技,76.03,True,4.55,4.79,3,18.12,-17.61,-8.33,-5.1,0.0,从未跌破（观测期内）,2026-07-03,38.76,0.941,-0.6825,0.4778,0.5646,0.6391,0.2037,0.2995
600743,华远控股,51.14,False,2.18,2.25,1,3.08,-12.65,-5.65,-2.96,0.0,从未跌破（观测期内）,2026-07-03,46.15,0.8517,-0.7349,0.5558,0.511,0.8034,0.0736,0.2995
600546,山煤国际,250.98,False,12.66,12.45,4,6.73,-14.99,-5.87,1.67,0.0,从未跌破（观测期内）,2026-07-03,43.27,0.8187,-0.5516,0.4848,0.4912,0.7393,0.1921,0.2995
002334,英威腾,53.36,False,7.26,8.0,3,5.64,-16.04,-6.68,-9.24,0.0,从未跌破（观测期内）,2026-07-03,33.07,0.8264,-0.2653,0.402,0.5897,0.5126,0.33,0.2995
600119,*ST长投,17.83,False,4.88,4.69,1,4.15,-15.61,-10.95,4.15,0.0,从未跌破（观测期内）,2026-07-03,50.95,0.0566,0.4246,0.5345,0.4038,0.9101,0.1091,0.2993
002115,三维通信,80.41,True,10.69,11.23,0,-3.2,-13.43,-8.11,-4.83,0.0,从未跌破（观测期内）,2026-07-03,37.8,0.2796,0.4043,0.4263,0.5295,0.6177,0.2895,0.2993
605006,山东玻纤,119.62,False,18.32,21.62,19,36.5,-15.25,12.4,-15.25,0.171,从未跌破（观测期内）,2026-07-03,44.96,0.2336,-0.0949,1.2046,0.3022,0.7768,0.0,0.2993
002529,海源复材,18.93,False,7.28,7.48,2,4.63,-10.63,-5.3,-2.67,0.0,从未跌破（观测期内）,2026-07-03,48.59,0.1843,1.1838,0.6017,0.5106,0.8576,0.0,0.2992
603317,天味食品,149.12,False,14.04,13.59,4,5.64,-13.32,-4.91,3.28,0.0306,从未跌破（观测期内）,2026-07-03,52.04,-0.4089,0.5291,0.6138,0.4,0.9343,0.0,0.2991
002491,通鼎互联,299.65,False,25.47,29.24,19,40.53,-12.89,12.52,-12.89,0.23,从未跌破（观测期内）,2026-07-03,54.65,-0.2688,-0.4142,1.1421,0.0343,0.9923,0.0,0.299
600908,无锡银行,104.76,False,5.24,5.36,6,1.94,-5.93,-1.75,-2.26,0.0815,从未跌破（观测期内）,2026-07-03,34.51,0.3606,-0.2673,0.2803,0.3095,0.5447,0.5329,0.2989
002580,圣阳股份,92.8,False,20.53,21.62,5,12.84,-20.55,-7.71,-5.05,0.0,从未跌破（观测期内）,2026-07-03,49.37,0.8261,-0.535,0.9278,0.4956,0.8748,0.0,0.2989
002282,博深股份,29.49,False,5.84,5.96,0,-0.05,-6.77,-3.78,-2.06,0.0,从未跌破（观测期内）,2026-07-03,38.93,0.2514,-0.0207,0.2614,0.3426,0.6429,0.5643,0.2989
001298,好上好,81.73,False,20.06,20.43,2,0.39,-10.76,-4.39,-1.83,0.0,从未跌破（观测期内）,2026-07-03,50.11,0.3463,-0.288,0.4103,0.2926,0.8913,0.3161,0.2988
600095,湘财股份,222.73,False,7.79,7.85,4,2.37,-11.6,-4.42,-0.79,0.0,从未跌破（观测期内）,2026-07-03,48.89,0.5276,-0.155,0.5509,0.4546,0.8642,0.0819,0.2988
001210,金房能源,29.66,False,22.23,23.41,13,23.72,-8.49,3.35,-5.06,0.1641,从未跌破（观测期内）,2026-07-03,39.41,0.6405,-0.4373,0.6926,0.4094,0.6535,0.0,0.2987
603788,宁波高发,31.92,False,14.31,14.39,0,-0.54,-7.48,-5.38,-0.54,0.0,从未跌破（观测期内）,2026-07-03,44.82,0.4086,-0.4751,0.2796,0.2551,0.7737,0.5339,0.2986
603363,傲农生物,61.82,False,2.88,2.83,3,3.45,-11.41,-7.34,1.62,0.0,从未跌破（观测期内）,2026-07-03,45.68,0.075,0.4332,0.458,0.4182,0.7929,0.2367,0.2986
601059,信达证券,536.72,False,16.55,15.87,6,5.54,-11.36,-2.67,4.31,0.147,从未跌破（观测期内）,2026-07-03,68.9,0.0317,-0.1409,0.357,0.1627,0.6911,0.4049,0.2984
603081,大丰实业,38.79,False,9.18,9.3,0,-1.28,-10.62,-8.25,-1.28,0.0,从未跌破（观测期内）,2026-07-03,36.78,-0.3845,1.5432,0.2828,0.4,0.5951,0.5286,0.2983
600830,香溢融通,37.16,False,8.18,8.22,6,3.79,-15.76,-4.04,-0.43,0.0,从未跌破（观测期内）,2026-07-03,47.01,0.4914,-0.4702,0.3718,0.3068,0.8224,0.3804,0.2982
000737,北方铜业,258.07,False,13.55,13.83,9,10.62,-10.03,-1.57,-1.99,0.0541,从未跌破（观测期内）,2026-07-03,45.65,0.7877,-0.5341,0.7156,0.4726,0.7922,0.0,0.2982
600887,伊利股份,1548.31,False,24.6,24.82,0,-0.06,-4.66,-2.37,-0.9,0.0308,从未跌破（观测期内）,2026-07-03,36.69,-0.1882,0.1834,0.2045,0.2733,0.5931,0.6591,0.2982
603086,先达股份,24.35,False,5.6,5.61,0,-0.23,-10.87,-6.96,-0.23,0.0,从未跌破（观测期内）,2026-07-03,38.41,-0.5721,0.7337,0.3123,0.4,0.6312,0.4796,0.2982
002982,湘佳股份,15.69,False,12.06,12.03,5,1.62,-13.34,-5.44,0.23,0.0,从未跌破（观测期内）,2026-07-03,38.6,0.6639,0.2139,0.7214,0.6839,0.6355,0.0,0.2981
002813,路畅科技,23.91,True,19.95,20.35,0,-1.97,-10.54,-7.9,-1.97,0.0,从未跌破（观测期内）,2026-07-03,40.7,-0.1783,0.4974,0.3523,0.399,0.6823,0.4129,0.2981
600919,江苏银行,2046.17,False,11.15,11.36,11,4.77,-5.41,-0.0,-1.88,0.1927,从未跌破（观测期内）,2026-07-03,32.21,-0.0134,-0.1719,0.2425,0.1312,0.4936,0.5958,0.298
603097,江苏华辰,41.95,False,18.67,18.73,9,4.06,-12.79,-3.06,-0.31,0.0588,从未跌破（观测期内）,2026-07-03,63.94,0.1594,-0.2923,0.3229,0.1787,0.8014,0.4619,0.2978
002523,天桥起重,44.18,False,3.13,3.19,0,-1.96,-10.12,-6.11,-1.96,0.0,从未跌破（观测期内）,2026-07-03,39.73,-0.0475,0.4507,0.3174,0.3803,0.6606,0.4711,0.2978
603969,银龙股份,68.56,False,8.07,7.6,3,6.24,-11.95,-6.17,6.24,0.058,从未跌破（观测期内）,2026-07-03,56.73,-0.0953,0.1708,0.5393,0.2683,0.9616,0.1012,0.2978
600340,*ST华幸,47.5,False,1.22,1.25,12,13.02,-11.08,1.24,-2.56,0.1579,从未跌破（观测期内）,2026-07-03,35.9,0.5437,-0.404,0.4875,0.3646,0.5755,0.1876,0.2976
002798,帝欧水华,29.35,False,5.68,5.74,0,-1.11,-19.26,-12.97,-1.11,0.0,从未跌破（观测期内）,2026-07-03,37.7,0.503,0.4866,0.599,0.6964,0.6155,0.0017,0.2975
600759,ST洲际,87.85,False,2.12,2.29,0,-2.17,-24.74,-12.13,-7.44,0.0,从未跌破（观测期内）,2026-07-03,33.0,0.619,41.1309,0.5901,0.7714,0.5111,0.0165,0.2975
001317,三羊马,41.4,False,48.43,46.57,4,5.34,-20.55,-9.6,3.99,0.0,从未跌破（观测期内）,2026-07-03,51.89,0.4237,-0.0231,0.8637,0.445,0.9309,0.0,0.2974
600493,凤竹纺织,15.97,False,5.87,5.77,1,1.74,-11.22,-8.63,1.74,0.0,从未跌破（观测期内）,2026-07-03,45.81,-0.4383,1.2831,0.4472,0.4,0.7958,0.2546,0.2973
601991,大唐发电,950.78,False,7.67,7.89,11,21.98,-13.8,-0.05,-2.76,0.1048,从未跌破（观测期内）,2026-07-03,45.83,0.5448,-0.3579,0.9182,0.3837,0.7963,0.0,0.2971
600871,石化油服,281.78,False,2.08,2.15,0,-3.44,-8.87,-6.2,-3.44,0.0,从未跌破（观测期内）,2026-07-03,28.95,0.6152,-0.2339,0.2244,0.4756,0.4211,0.6259,0.297
002352,顺丰控股,1548.82,False,32.47,32.64,0,-0.52,-8.32,-4.38,-0.52,0.0,从未跌破（观测期内）,2026-07-03,35.57,-0.1971,0.7075,0.2671,0.4,0.5683,0.5548,0.2969
601168,西部矿业,696.31,False,29.22,29.52,5,6.48,-13.67,-3.77,-1.01,0.0,从未跌破（观测期内）,2026-07-03,45.84,0.3928,0.287,0.7261,0.5505,0.7966,0.0,0.2969
603311,金海高科,77.84,False,33.0,36.97,14,41.24,-10.92,10.24,-10.74,0.2041,从未跌破（观测期内）,2026-07-03,36.79,0.6408,-0.723,0.7989,0.3845,0.5953,0.0,0.2968
002265,建设工业,191.01,True,18.49,18.87,0,-1.99,-11.51,-7.26,-1.99,0.0,从未跌破（观测期内）,2026-07-03,34.02,0.2143,1.2833,0.3686,0.5286,0.5338,0.3857,0.2968
600217,中再资环,49.4,False,2.98,3.07,0,-2.79,-10.63,-6.39,-2.79,0.0,从未跌破（观测期内）,2026-07-03,38.36,-0.1362,0.8839,0.3168,0.4,0.6301,0.472,0.2968
002021,中捷资源,30.84,False,2.58,2.53,4,1.8,-14.04,-5.82,1.8,0.0,从未跌破（观测期内）,2026-07-03,55.97,0.0724,0.4014,0.6814,0.404,0.9784,0.0,0.2967
002114,罗平锌电,22.83,False,7.06,7.43,2,5.61,-16.51,-6.04,-4.95,0.0,从未跌破（观测期内）,2026-07-03,44.74,0.2838,0.4964,0.7406,0.5688,0.7719,0.0,0.2966
002644,佛慈制药,37.43,False,7.33,7.32,3,0.43,-7.74,-2.81,0.19,0.0713,从未跌破（观测期内）,2026-07-03,46.01,-0.5704,0.0028,0.3688,0.2011,0.8002,0.3853,0.2966
002048,宁波华翔,186.11,False,26.22,25.94,7,6.15,-15.99,-4.56,1.07,0.0243,从未跌破（观测期内）,2026-07-03,47.1,0.1466,2.0032,0.7466,0.488,0.8244,0.0,0.2966
002230,科大讯飞,908.78,True,41.51,41.93,0,-0.99,-13.56,-6.85,-0.99,0.0,从未跌破（观测期内）,2026-07-03,54.77,0.0499,0.0018,0.4409,0.2306,0.9949,0.2652,0.2964
603766,隆鑫通用,264.09,False,12.86,12.13,3,6.02,-11.77,-5.19,6.02,0.0691,从未跌破（观测期内）,2026-07-03,52.58,-0.6665,0.0082,0.485,0.2033,0.9462,0.1917,0.2964
603877,太平鸟,59.84,False,12.75,12.84,8,7.35,-8.26,-1.41,-0.74,0.1098,从未跌破（观测期内）,2026-07-03,40.73,0.6742,-0.5852,0.5416,0.4045,0.6829,0.0973,0.2962
000612,焦作万方,128.16,False,10.75,11.04,5,5.94,-11.97,-3.52,-2.6,0.0,从未跌破（观测期内）,2026-07-03,42.8,0.764,-0.1421,0.6725,0.6016,0.7288,0.0,0.2962
000159,国际实业,26.77,False,5.57,5.84,3,3.28,-13.57,-7.9,-4.54,0.0,从未跌破（观测期内）,2026-07-03,35.43,0.8065,-0.4331,0.3785,0.5106,0.5652,0.3692,0.2961
000813,德展健康,66.89,False,3.19,3.06,5,4.13,-15.25,-6.25,4.13,0.0266,从未跌破（观测期内）,2026-07-03,54.72,0.1922,-0.1571,0.5056,0.2525,0.9937,0.1574,0.2961
600236,桂冠电力,751.98,False,9.54,9.48,3,5.9,-11.96,-6.94,0.68,0.0,从未跌破（观测期内）,2026-07-03,47.6,0.6607,-0.5798,0.4807,0.3964,0.8356,0.1989,0.296
000561,烽火电子,59.31,True,7.64,7.68,0,-0.56,-10.38,-6.08,-0.56,0.0,从未跌破（观测期内）,2026-07-03,42.44,0.0266,1.4465,0.4085,0.416,0.7209,0.3191,0.296
605598,上海港湾,101.41,False,41.73,38.03,5,9.74,-22.53,-10.9,9.74,0.0505,从未跌破（观测期内）,2026-07-03,69.08,0.2264,2.5602,0.5826,0.5359,0.6872,0.029,0.296
002498,汉缆股份,221.56,False,6.66,7.24,0,-3.83,-15.68,-9.78,-8.02,0.0,从未跌破（观测期内）,2026-07-03,38.55,0.736,-0.3606,0.4217,0.4974,0.6345,0.2972,0.2958
600059,古越龙山,69.28,False,7.6,7.68,0,-0.42,-5.51,-3.6,-0.98,0.0,从未跌破（观测期内）,2026-07-03,39.85,0.3641,-0.3319,0.2333,0.2857,0.6633,0.6111,0.2958
002063,远光软件,91.29,True,5.16,5.25,0,-1.78,-13.58,-7.67,-1.78,0.0,从未跌破（观测期内）,2026-07-03,44.55,0.3274,-0.3518,0.2872,0.2557,0.7679,0.5214,0.2957
600073,光明肉业,46.32,False,4.94,4.89,2,1.02,-7.48,-4.73,1.02,0.0177,从未跌破（观测期内）,2026-07-03,46.02,-0.1605,0.0057,0.2883,0.2023,0.8004,0.5195,0.2957
000599,青岛双星,36.02,False,4.41,4.62,0,-4.63,-10.96,-7.99,-4.63,0.0,从未跌破（观测期内）,2026-07-03,27.27,0.3206,0.2988,0.2363,0.5119,0.3838,0.6062,0.2957
603538,美诺华,93.4,False,38.81,37.11,2,5.65,-18.31,-11.58,4.57,0.0,从未跌破（观测期内）,2026-07-03,51.03,0.0882,1.5291,0.7739,0.4529,0.9119,0.0,0.2956
002373,千方科技,99.19,True,7.2,7.45,0,-0.01,-11.07,-5.58,-3.39,0.0,从未跌破（观测期内）,2026-07-03,43.15,0.4462,-0.4412,0.2983,0.2912,0.7367,0.5028,0.2956
603601,再升科技,140.51,True,12.3,13.53,0,-7.97,-23.42,-16.55,-9.11,0.0,从未跌破（观测期内）,2026-07-03,42.58,0.8611,-0.2841,0.8011,0.603,0.7239,0.0,0.2955
600603,广汇物流,53.98,False,4.59,4.51,1,1.82,-12.27,-7.19,1.82,0.0,从未跌破（观测期内）,2026-07-03,47.25,0.0638,0.1471,0.378,0.2971,0.8278,0.37,0.2954
002900,哈三联,16.03,False,9.95,9.82,2,1.37,-8.09,-4.08,1.29,0.0226,从未跌破（观测期内）,2026-07-03,50.55,0.0514,0.0552,0.4288,0.2529,0.901,0.2853,0.2953
603036,如通股份,29.4,False,14.27,14.65,13,12.22,-9.95,1.53,-2.59,0.1805,从未跌破（观测期内）,2026-07-03,47.36,0.1006,-0.0803,0.7042,0.2282,0.8302,0.0,0.2953
002365,永安药业,26.69,False,10.88,10.84,2,0.42,-9.26,-5.4,0.36,0.0,从未跌破（观测期内）,2026-07-03,48.38,-0.0685,0.35,0.4416,0.34,0.8529,0.264,0.2952
002522,浙江众成,54.21,False,5.99,7.28,18,14.96,-17.76,4.17,-17.76,0.0,从未跌破（观测期内）,2026-07-03,41.73,0.3614,1.789,0.8607,0.6169,0.7051,0.0,0.2952
000926,福星股份,31.62,False,2.01,2.07,3,4.76,-11.12,-5.08,-2.71,0.0,从未跌破（观测期内）,2026-07-03,37.1,0.8533,-0.7382,0.4135,0.512,0.6022,0.3108,0.295
603680,今创集团,82.13,False,10.48,10.63,0,-1.39,-14.33,-9.73,-1.39,0.0,从未跌破（观测期内）,2026-07-03,42.15,-0.4991,1.218,0.3915,0.4,0.7145,0.3476,0.295
603596,伯特利,248.2,False,27.65,26.91,1,2.76,-16.82,-9.44,2.76,0.0,从未跌破（观测期内）,2026-07-03,50.48,0.2451,0.2826,0.6317,0.4601,0.8996,0.0,0.2949
600831,广电网络,22.32,True,3.14,3.2,0,-1.75,-14.18,-9.93,-1.75,0.0,从未跌破（观测期内）,2026-07-03,40.91,0.4206,-0.344,0.2849,0.3147,0.6869,0.5251,0.2948
600795,国电电力,841.84,False,4.72,4.84,3,4.33,-6.52,-2.43,-2.48,0.0,从未跌破（观测期内）,2026-07-03,32.1,0.6912,-0.6907,0.2287,0.4147,0.4911,0.6189,0.2947
603192,汇得科技,25.11,True,18.01,18.21,0,-1.1,-10.71,-6.81,-1.1,0.0,从未跌破（观测期内）,2026-07-03,38.98,-0.4711,0.8696,0.3366,0.4,0.6441,0.439,0.2947
600076,康欣新材,45.98,False,3.42,3.46,4,5.05,-13.49,-4.88,-1.03,0.0,从未跌破（观测期内）,2026-07-03,48.86,0.1458,0.977,0.7989,0.4875,0.8635,0.0,0.2946
601811,新华文轩,90.75,False,11.46,11.7,0,-0.94,-8.99,-4.43,-2.04,0.0,从未跌破（观测期内）,2026-07-03,36.78,0.4902,-0.3333,0.259,0.3608,0.595,0.5683,0.2944
002153,石基信息,121.1,True,7.57,7.66,0,-1.14,-11.02,-6.81,-1.14,0.0,从未跌破（观测期内）,2026-07-03,41.71,0.4624,-0.1702,0.3959,0.4094,0.7048,0.3401,0.2943
600368,五洲交通,55.85,False,3.47,3.51,2,2.61,-9.03,-4.05,-1.03,0.0,从未跌破（观测期内）,2026-07-03,35.71,0.5917,-0.632,0.2354,0.355,0.5714,0.6077,0.2942
605098,行动教育,66.04,False,55.38,55.4,8,7.5,-5.02,-0.9,-0.04,0.1737,从未跌破（观测期内）,2026-07-03,48.17,-0.0741,-0.0568,0.5568,0.1773,0.8482,0.072,0.2942
603218,日月股份,106.39,False,10.34,10.58,0,-2.22,-11.69,-6.61,-2.22,0.0,从未跌破（观测期内）,2026-07-03,41.06,0.154,-0.004,0.2668,0.2908,0.6903,0.5553,0.2941
002641,公元股份,44.79,False,3.95,4.09,10,4.94,-9.42,-1.74,-3.43,0.0631,从未跌破（观测期内）,2026-07-03,33.33,0.7228,-0.4953,0.3752,0.4356,0.5185,0.3747,0.294
600735,ST新华锦,28.08,False,6.6,6.26,4,5.86,-13.05,-3.79,5.47,0.1059,从未跌破（观测期内）,2026-07-03,54.75,0.1371,-0.4113,0.5065,0.1178,0.9945,0.1558,0.294
002173,创新医疗,77.4,False,18.39,17.42,4,6.24,-19.8,-8.4,5.57,0.0,从未跌破（观测期内）,2026-07-03,55.71,0.4808,-0.251,0.712,0.3881,0.9843,0.0,0.2939
600115,中国东航,646.95,False,3.8,3.91,3,3.78,-10.78,-3.71,-2.91,0.0,从未跌破（观测期内）,2026-07-03,46.71,0.5673,-0.1939,0.5403,0.4628,0.8158,0.0995,0.2938
603180,金牌家居,23.86,False,15.47,15.06,2,2.73,-11.73,-8.1,2.73,0.0,从未跌破（观测期内）,2026-07-03,34.17,0.575,2.2059,0.6305,0.745,0.5371,0.0,0.2937
002362,汉王科技,32.28,True,15.55,17.11,8,11.56,-13.59,-3.18,-9.12,0.0,从未跌破（观测期内）,2026-07-03,25.97,0.8174,0.6934,0.7043,0.8905,0.3549,0.0,0.2936
603587,地素时尚,55.97,False,11.84,11.76,1,0.67,-7.73,-4.66,0.67,0.0144,从未跌破（观测期内）,2026-07-03,43.48,0.3537,-0.4616,0.2716,0.2275,0.744,0.5474,0.2936
603375,盛景微,29.52,False,46.28,48.4,9,3.94,-10.53,-1.41,-4.38,0.0418,从未跌破（观测期内）,2026-07-03,39.07,0.6359,0.0222,0.6313,0.5904,0.646,0.0,0.2935
002445,中南文化,69.1,False,2.92,3.11,0,-0.84,-13.02,-8.36,-6.06,0.0,从未跌破（观测期内）,2026-07-03,33.78,0.7784,-0.4545,0.3345,0.4853,0.5285,0.4424,0.2934
603701,德宏股份,58.31,False,22.31,22.74,0,-0.46,-9.31,-5.17,-1.91,0.0,从未跌破（观测期内）,2026-07-03,46.85,0.457,-0.1641,0.4906,0.4085,0.8188,0.1823,0.2932
001356,富岭股份,17.38,False,8.66,8.93,0,-3.02,-12.17,-8.14,-3.02,0.0,从未跌破（观测期内）,2026-07-03,32.04,0.1219,0.5844,0.2921,0.4732,0.4899,0.5132,0.2932
000709,河钢股份,205.67,False,1.99,2.06,0,-0.89,-7.63,-4.48,-3.37,0.0,从未跌破（观测期内）,2026-07-03,31.43,0.3406,0.1806,0.2853,0.4766,0.4762,0.5246,0.2931
603657,春光科技,36.1,True,26.7,24.52,5,13.32,-18.24,-6.91,8.9,0.1292,从未跌破（观测期内）,2026-07-03,68.18,-0.0429,0.5226,0.8108,0.4,0.7072,0.0,0.2931
002540,亚太科技,42.14,True,4.91,5.0,0,-1.84,-9.4,-5.89,-1.84,0.0,从未跌破（观测期内）,2026-07-03,37.86,-0.4121,0.4163,0.2893,0.3665,0.6192,0.5178,0.2931
603199,九华旅游,35.5,False,32.07,31.93,3,1.22,-4.82,-2.47,0.44,0.0909,从未跌破（观测期内）,2026-07-03,38.36,-0.0425,0.0153,0.2831,0.2061,0.6302,0.5281,0.2931
603348,文灿股份,44.59,False,14.18,14.43,0,-1.76,-12.44,-8.35,-1.76,0.0,从未跌破（观测期内）,2026-07-03,39.24,-0.3936,1.1567,0.3477,0.4,0.6499,0.4205,0.2931
603506,南都物业,19.0,False,10.12,10.14,0,-0.2,-13.0,-7.89,-0.2,0.0,从未跌破（观测期内）,2026-07-03,44.44,-0.2114,0.2432,0.3378,0.2973,0.7654,0.4371,0.293
603229,奥翔药业,70.24,False,8.46,8.36,1,1.14,-12.65,-8.31,1.14,0.0,从未跌破（观测期内）,2026-07-03,48.95,0.2043,-0.0453,0.4247,0.3044,0.8656,0.2921,0.293
000524,岭南控股,59.96,False,8.95,9.11,2,1.49,-7.66,-2.82,-1.77,0.0103,从未跌破（观测期内）,2026-06-23,43.08,0.1497,-0.1282,0.2711,0.2385,0.735,0.5482,0.293
002936,郑州银行,118.8,False,1.69,1.72,2,0.9,-5.09,-2.01,-1.97,0.032,从未跌破（观测期内）,2026-07-03,32.0,0.2864,-0.1275,0.191,0.3209,0.4889,0.6817,0.293
601018,宁波港,638.1,False,3.28,3.28,1,0.05,-6.28,-3.48,0.05,0.0343,从未跌破（观测期内）,2026-07-03,41.38,0.1431,-0.1917,0.2497,0.2092,0.6973,0.5838,0.293
601929,吉视传媒,79.22,False,2.27,2.37,0,-3.9,-15.85,-10.3,-4.12,0.0,从未跌破（观测期内）,2026-07-03,38.33,0.4821,-0.0152,0.4155,0.4832,0.6296,0.3075,0.2928
600050,中国联通,1261.31,False,4.07,4.2,0,-0.79,-5.46,-3.21,-2.98,0.0,从未跌破（观测期内）,2026-07-03,28.57,0.3471,-0.009,0.1642,0.4047,0.4127,0.7263,0.2927
002448,中原内配,71.46,False,12.31,12.54,4,3.64,-12.1,-4.72,-1.85,0.0,从未跌破（观测期内）,2026-07-03,49.33,0.0373,1.4719,0.5507,0.4224,0.874,0.0821,0.2927
603786,科博达,178.83,False,44.28,45.07,0,-1.75,-12.58,-7.36,-1.75,0.0,从未跌破（观测期内）,2026-07-03,42.97,-0.3628,2.1829,0.4154,0.4,0.7327,0.3077,0.2927
600967,内蒙一机,192.98,False,11.34,11.52,0,-1.61,-10.9,-6.55,-1.61,0.0,从未跌破（观测期内）,2026-07-03,38.06,-0.0706,0.9217,0.3284,0.4,0.6235,0.4527,0.2926
000595,*ST宝实,71.05,False,6.24,6.23,2,2.94,-19.33,-10.82,0.18,0.0,从未跌破（观测期内）,2026-07-03,50.47,0.3137,0.154,0.7374,0.4498,0.8993,0.0,0.2923
603273,天元智能,7.94,True,14.17,13.95,2,3.65,-12.03,-6.79,1.61,0.0,从未跌破（观测期内）,2026-07-03,47.51,-0.1245,2.4514,0.4978,0.4,0.8336,0.1703,0.2923
601918,新集能源,237.81,False,9.18,9.31,7,21.18,-13.06,-2.1,-1.43,0.023,从未跌破（观测期内）,2026-07-03,38.64,0.8647,-0.7642,0.4962,0.5188,0.6365,0.1731,0.2922
000712,锦龙股份,81.06,False,9.05,8.99,3,1.78,-20.22,-7.78,0.68,0.0,从未跌破（观测期内）,2026-07-03,54.02,0.6209,-0.5761,0.587,0.3725,0.9782,0.0217,0.292
600239,ST云城,23.28,True,1.45,1.38,2,5.42,-12.95,-5.13,5.42,0.0746,从未跌破（观测期内）,2026-07-03,53.33,0.1006,-0.3544,0.4412,0.1186,0.963,0.2647,0.2918
600218,全柴动力,32.71,False,7.51,7.76,0,-3.28,-8.81,-6.37,-3.28,0.0,从未跌破（观测期内）,2026-07-03,34.97,-0.5036,0.5309,0.2772,0.4,0.5549,0.5379,0.2917
603187,海容冷链,46.53,False,12.17,12.03,1,1.2,-8.28,-3.94,1.2,0.0317,从未跌破（观测期内）,2026-07-03,46.34,-0.2734,-0.0685,0.3029,0.1726,0.8076,0.4952,0.2916
000695,滨海能源,28.08,False,12.66,13.16,1,0.41,-14.25,-7.14,-3.81,0.0,从未跌破（观测期内）,2026-07-03,46.1,0.7608,-0.5508,0.5321,0.4565,0.8022,0.1131,0.2915
002390,信邦制药,52.82,False,2.74,2.79,0,-1.79,-9.41,-4.94,-1.79,0.0,从未跌破（观测期内）,2026-07-03,38.24,-0.4254,0.4191,0.304,0.3677,0.6275,0.4934,0.2914
002228,合兴包装,37.37,False,3.09,3.1,0,-0.35,-8.4,-5.32,-0.35,0.0,从未跌破（观测期内）,2026-07-03,44.83,-0.2965,0.0848,0.2874,0.2339,0.7739,0.521,0.2914
601669,中国电建,624.82,False,4.78,4.89,0,-0.06,-11.04,-5.46,-2.18,0.0,从未跌破（观测期内）,2026-07-03,48.41,0.3781,-0.3728,0.395,0.2778,0.8536,0.3416,0.2914
603803,瑞斯康达,47.46,False,11.17,12.13,0,-0.09,-16.57,-8.52,-7.94,0.0,从未跌破（观测期内）,2026-07-03,47.12,0.7675,-0.3882,0.6421,0.5052,0.8249,0.0,0.2913
603333,福华尚纬,49.47,False,7.96,8.2,1,4.27,-10.13,-5.07,-2.88,0.0,从未跌破（观测期内）,2026-07-03,40.21,0.3417,0.3913,0.5344,0.5615,0.6714,0.1094,0.2911
601158,重庆水务,192.48,False,4.01,4.03,0,-0.14,-4.88,-2.33,-0.41,0.0448,从未跌破（观测期内）,2026-07-03,41.94,0.187,-0.5272,0.187,0.1122,0.7097,0.6883,0.2911
002471,中超控股,87.46,False,6.51,6.75,3,4.64,-14.93,-7.42,-3.61,0.0,从未跌破（观测期内）,2026-07-03,34.67,0.6822,0.289,0.7139,0.7249,0.5481,0.0,0.2909
002729,好利科技,31.23,True,17.8,18.46,6,8.91,-15.04,-3.9,-3.6,0.0,从未跌破（观测期内）,2026-06-26,49.04,0.6888,-0.3622,0.6267,0.4684,0.8676,0.0,0.2906
002475,立讯精密,4705.64,True,64.44,67.66,5,7.57,-10.67,-3.14,-4.76,0.0,从未跌破（观测期内）,2026-07-03,50.77,0.4729,-0.1152,0.854,0.4377,0.9061,0.0,0.2906
002376,新北洋,46.6,False,5.92,6.01,0,-1.47,-8.68,-5.83,-1.47,0.0,从未跌破（观测期内）,2026-07-03,40.0,-0.3612,0.2534,0.2722,0.3014,0.6667,0.5464,0.2906
600642,申能股份,438.49,False,8.96,9.27,2,6.34,-10.58,-3.66,-3.3,0.0,从未跌破（观测期内）,2026-07-03,34.7,0.7629,-0.7469,0.3347,0.4578,0.549,0.4421,0.2905
002766,索菱股份,32.14,False,3.75,3.89,0,-3.65,-16.2,-12.02,-3.65,0.0,从未跌破（观测期内）,2026-07-03,35.23,0.8673,-0.5439,0.4069,0.5204,0.5606,0.3218,0.2905
002176,江特电机,173.28,False,10.17,10.79,1,0.62,-14.75,-7.16,-5.72,0.0,从未跌破（观测期内）,2026-07-03,36.29,0.5673,0.12,0.4936,0.5884,0.5843,0.1773,0.2905
603089,正裕工业,21.43,True,8.93,9.23,0,-3.27,-13.08,-8.34,-3.27,0.0,从未跌破（观测期内）,2026-07-03,37.86,-0.2248,0.9925,0.3338,0.4,0.6191,0.4436,0.2904
003038,鑫铂股份,18.66,False,11.38,12.0,1,0.35,-9.64,-4.85,-5.13,0.0,从未跌破（观测期内）,2026-07-03,33.24,0.4137,0.2374,0.3945,0.5432,0.5163,0.3425,0.2904
000400,许继电气,214.18,False,21.17,22.02,0,-2.68,-15.44,-7.94,-3.85,0.0,从未跌破（观测期内）,2026-07-03,41.58,0.5567,-0.447,0.3554,0.3552,0.7018,0.4077,0.2903
600278,东方创业,53.18,False,6.18,6.26,3,3.05,-8.75,-4.19,-1.24,0.0,从未跌破（观测期内）,2026-07-03,47.93,0.2709,-0.2097,0.3921,0.2787,0.8429,0.3464,0.2902
002290,禾盛新材,212.59,False,86.0,84.71,8,8.13,-15.61,-3.63,1.52,0.0745,从未跌破（观测期内）,2026-07-03,60.22,0.4811,-0.3862,0.684,0.3341,0.884,0.0,0.2901
000506,招金黄金,128.81,False,13.87,13.42,6,9.1,-15.13,-4.45,3.37,0.0684,从未跌破（观测期内）,2026-07-03,50.8,0.4843,-0.4121,0.9331,0.3257,0.9066,0.0,0.2901
603922,ST金鸿顺,24.19,False,13.5,14.55,6,4.43,-13.17,-4.1,-7.23,0.0,从未跌破（观测期内）,2026-07-03,52.25,-0.3036,0.9237,0.5907,0.4,0.9388,0.0155,0.2901
603677,奇精机械,26.29,False,13.65,14.05,1,1.65,-16.22,-10.06,-2.87,0.0,从未跌破（观测期内）,2026-07-03,37.88,0.5454,-0.1943,0.3852,0.4496,0.6195,0.3579,0.29
001965,招商公路,635.34,False,9.35,9.62,4,3.89,-5.63,-1.91,-2.85,0.0212,从未跌破（观测期内）,2026-07-03,41.84,0.1551,-0.1093,0.2895,0.2494,0.7076,0.5175,0.29
600853,龙建股份,32.24,False,3.18,3.26,0,-2.59,-9.68,-6.84,-2.59,0.0,从未跌破（观测期内）,2026-07-03,34.92,0.2211,0.2567,0.3186,0.4354,0.5538,0.469,0.29
000708,中信特钢,662.18,False,13.12,13.39,2,0.98,-6.65,-3.14,-2.03,0.0,从未跌破（观测期内）,2026-07-03,30.13,0.4118,0.008,0.2483,0.4503,0.4472,0.5861,0.2899
603866,桃李面包,61.91,False,3.87,4.02,0,-0.76,-12.52,-7.18,-3.83,0.0,从未跌破（观测期内）,2026-07-03,38.38,-0.1789,0.4558,0.3278,0.3823,0.6308,0.4537,0.2898
600148,长春一东,21.96,False,15.52,15.71,0,-1.19,-11.25,-6.96,-1.19,0.0,从未跌破（观测期内）,2026-07-03,36.26,0.252,0.2734,0.3688,0.4606,0.5836,0.3853,0.2897
603879,永悦科技,16.71,True,4.65,4.67,0,-0.4,-10.8,-6.73,-0.4,0.0,从未跌破（观测期内）,2026-07-03,43.15,-0.4774,0.7396,0.4305,0.4,0.7367,0.2825,0.2897
605365,立达信,74.15,False,14.77,15.15,0,-2.51,-19.65,-10.5,-2.51,0.0,从未跌破（观测期内）,2026-07-03,34.58,0.445,-0.0569,0.3229,0.4443,0.5463,0.4619,0.2896
605398,新炬网络,33.6,True,20.65,21.85,1,0.66,-14.56,-7.51,-5.47,0.0,从未跌破（观测期内）,2026-07-03,40.44,0.803,-0.3806,0.5125,0.5295,0.6764,0.1458,0.2895
603015,弘讯科技,48.51,True,12.0,12.42,13,7.32,-5.32,0.6,-3.41,0.1773,从未跌破（观测期内）,2026-07-03,35.92,0.4946,-0.2489,0.5835,0.3972,0.576,0.0275,0.2895
600583,海油工程,228.14,False,5.16,5.33,0,-2.33,-8.05,-5.26,-3.14,0.0,从未跌破（观测期内）,2026-07-03,32.29,0.5217,-0.2362,0.2568,0.4185,0.4954,0.572,0.2895
601328,交通银行,1697.32,False,6.51,6.74,12,5.82,-5.27,-0.17,-3.46,0.1502,从未跌破（观测期内）,2026-07-03,23.97,0.2805,-0.135,0.2458,0.3143,0.3104,0.5903,0.2893
600136,ST明诚,28.37,False,1.46,1.43,2,2.35,-15.28,-7.39,2.35,0.0,从未跌破（观测期内）,2026-07-03,48.78,-0.589,0.2184,0.4207,0.2874,0.8618,0.2988,0.289
002615,哈尔斯,23.51,False,7.78,7.27,2,7.01,-16.95,-6.17,7.01,0.0528,从未跌破（观测期内）,2026-07-03,47.77,-0.0465,0.8303,0.6115,0.4,0.8392,0.0,0.289
002004,华邦健康,78.35,False,4.16,4.17,2,1.98,-6.44,-2.64,-0.34,0.0393,从未跌破（观测期内）,2026-07-03,39.18,0.2059,-0.1219,0.3005,0.2748,0.6483,0.4992,0.289
600161,天坛生物,240.84,False,12.18,12.27,0,-0.71,-9.47,-4.7,-0.71,0.0,从未跌破（观测期内）,2026-07-03,38.76,-0.1113,1.0825,0.3556,0.4,0.6392,0.4073,0.2889
601618,中国中冶,453.46,False,2.54,2.6,1,0.11,-7.94,-4.41,-2.48,0.0,从未跌破（观测期内）,2026-07-03,37.93,-0.2426,0.37,0.2893,0.348,0.6207,0.5178,0.2888
002391,长青股份,23.93,False,5.27,5.14,1,2.44,-9.17,-4.54,2.44,0.0291,从未跌破（观测期内）,2026-07-03,50.0,-0.3333,-0.2964,0.2851,0.0814,0.8889,0.5248,0.2885
000768,中航西飞,582.77,False,20.99,20.62,3,5.07,-10.0,-3.52,1.81,0.0423,从未跌破（观测期内）,2026-07-03,35.82,0.312,0.4227,0.5299,0.5563,0.5738,0.1168,0.2883
600025,华能水电,1712.2,False,9.19,9.19,6,5.01,-7.77,-1.72,-0.04,0.1091,从未跌破（观测期内）,2026-07-03,37.14,0.2308,-0.5862,0.2423,0.1385,0.6032,0.5962,0.2883
002111,威海广泰,45.89,False,9.39,9.37,1,0.19,-10.87,-6.57,0.19,0.0,从未跌破（观测期内）,2026-07-03,44.12,-0.4324,0.1398,0.3091,0.2559,0.7582,0.4848,0.2883
002645,华宏科技,174.68,True,25.68,30.56,16,25.96,-17.95,7.97,-15.96,0.0547,从未跌破（观测期内）,2026-07-03,40.82,0.4099,0.1788,0.8064,0.5175,0.6848,0.0,0.2882
000498,山东路桥,71.74,False,4.95,4.97,0,-0.49,-5.85,-3.22,-0.49,0.0194,从未跌破（观测期内）,2026-07-03,41.89,0.1236,-0.3349,0.1863,0.1402,0.7087,0.6895,0.288
600399,抚顺特钢,83.62,False,4.24,4.32,1,1.72,-13.52,-6.83,-1.9,0.0,从未跌破（观测期内）,2026-07-03,47.33,0.4666,-0.1567,0.5288,0.4173,0.8296,0.1186,0.288
601101,昊华能源,164.16,False,11.4,11.69,8,24.26,-12.23,0.53,-2.52,0.0776,从未跌破（观测期内）,2026-07-03,37.95,0.829,-0.7308,0.5669,0.4974,0.621,0.0552,0.2879
002612,朗姿股份,30.33,False,11.92,11.85,1,0.6,-14.11,-8.72,0.6,0.0,从未跌破（观测期内）,2026-07-03,47.75,-0.196,-0.0546,0.2979,0.1782,0.8389,0.5035,0.2879
003039,顺控发展,70.95,False,11.49,11.7,0,-1.2,-9.12,-5.4,-1.78,0.0,从未跌破（观测期内）,2026-07-03,35.68,0.3507,-0.0812,0.2829,0.3779,0.5707,0.5285,0.2879
603600,永艺股份,28.23,False,9.41,9.5,0,-0.94,-9.75,-6.72,-0.94,0.0,从未跌破（观测期内）,2026-07-03,41.32,-0.2256,0.3233,0.3346,0.3293,0.6961,0.4423,0.2879
600309,万华化学,2165.66,False,69.18,70.76,5,3.53,-9.63,-3.35,-2.23,0.0,从未跌破（观测期内）,2026-07-03,44.8,0.2623,0.2315,0.5173,0.45,0.7734,0.1379,0.2878
600452,涪陵电力,149.2,False,9.71,10.06,0,-3.44,-17.27,-11.98,-3.44,0.0,从未跌破（观测期内）,2026-07-03,33.19,0.7838,-0.3915,0.3748,0.5137,0.5153,0.3753,0.2878
000488,ST晨鸣,35.07,False,2.07,2.06,1,0.73,-10.61,-6.0,0.73,0.0,从未跌破（观测期内）,2026-07-03,41.38,-0.1721,1.1201,0.4067,0.4,0.6973,0.3222,0.2878
003019,宸展光电,50.08,False,29.28,32.29,2,7.29,-19.71,-9.4,-9.32,0.0,从未跌破（观测期内）,2026-07-03,46.54,0.6649,-0.2429,0.7743,0.5018,0.8119,0.0,0.2878
605166,聚合顺,29.62,False,9.41,9.85,3,4.07,-11.63,-4.24,-4.46,0.0,从未跌破（观测期内）,2026-07-03,48.0,0.635,-0.2656,0.6174,0.4748,0.8444,0.0,0.2876
600475,华光环能,137.19,False,14.55,14.84,5,3.23,-17.0,-5.57,-1.98,0.0,从未跌破（观测期内）,2026-07-03,51.37,0.3635,-0.32,0.4749,0.2901,0.9193,0.2085,0.2876
605555,德昌股份,66.32,False,13.7,14.04,5,3.2,-20.09,-6.48,-2.41,0.0,从未跌破（观测期内）,2026-07-03,38.97,0.3831,1.5998,0.595,0.6299,0.6437,0.0083,0.2875
603182,嘉华股份,20.06,False,12.19,12.29,0,-0.78,-10.01,-6.04,-0.78,0.0,从未跌破（观测期内）,2026-07-03,39.33,0.2346,-0.0117,0.308,0.3361,0.6518,0.4867,0.2874
600011,华能国际,780.84,False,7.1,7.42,7,15.97,-11.02,-2.16,-4.27,0.0,从未跌破（观测期内）,2026-07-03,31.47,0.7873,-0.704,0.3046,0.4724,0.4771,0.4923,0.2874
002998,优彩资源,20.18,False,7.46,7.21,2,5.74,-13.92,-9.0,3.46,0.0,从未跌破（观测期内）,2026-07-03,51.0,-0.1612,3.7353,0.5797,0.4,0.9111,0.0339,0.2873
002478,常宝股份,46.11,False,6.38,6.58,0,-2.23,-10.96,-6.37,-2.97,0.0,从未跌破（观测期内）,2026-07-03,34.31,0.3433,0.0703,0.3174,0.4341,0.5401,0.471,0.2872
000973,佛塑科技,97.51,True,13.76,14.71,8,9.07,-13.9,-2.91,-6.48,0.0,从未跌破（观测期内）,2026-07-03,39.31,0.735,-0.0329,0.6116,0.6279,0.6513,0.0,0.2872
002883,*ST中设,13.68,False,8.92,8.78,2,1.61,-9.84,-4.94,1.61,0.0,从未跌破（观测期内）,2026-07-03,53.41,0.1147,-0.2397,0.3958,0.1729,0.9646,0.3403,0.2872
002557,洽洽食品,97.53,False,19.34,19.25,4,1.41,-11.02,-4.07,0.49,0.0101,从未跌破（观测期内）,2026-07-03,42.83,0.3522,-0.2126,0.3776,0.3263,0.7297,0.3707,0.2871
002055,ST得润,40.15,False,6.76,6.26,4,7.92,-14.97,-4.75,7.92,0.1428,从未跌破（观测期内）,2026-07-03,68.44,0.4916,-0.5899,0.5369,0.2949,0.7013,0.1052,0.2869
600992,贵绳股份,23.04,False,9.4,9.74,0,-1.8,-17.92,-12.96,-3.47,0.0,从未跌破（观测期内）,2026-07-03,37.55,0.6873,-0.1753,0.4849,0.5423,0.6122,0.1918,0.2868
000978,桂林旅游,25.93,False,5.54,5.72,3,1.51,-12.89,-7.2,-3.17,0.0,从未跌破（观测期内）,2026-07-03,33.33,0.5965,-0.1812,0.3533,0.4854,0.5185,0.4112,0.2867
603391,力聚热能,12.92,False,56.79,54.75,2,3.72,-15.11,-7.68,3.72,0.0,从未跌破（观测期内）,2026-07-03,53.79,0.1581,-0.3763,0.3768,0.1443,0.9732,0.372,0.2865
600037,歌华有线,88.1,False,6.33,6.52,0,-2.7,-11.35,-6.57,-2.94,0.0,从未跌破（观测期内）,2026-07-03,37.62,0.3075,-0.2373,0.2349,0.2895,0.6139,0.6086,0.2864
001230,劲旅环境,18.25,False,16.59,17.42,4,6.05,-13.28,-2.78,-4.76,0.0,从未跌破（观测期内）,2026-07-03,41.58,0.1244,0.4382,0.4658,0.4499,0.7017,0.2237,0.2864
603789,ST星农,16.51,False,6.35,5.61,3,13.24,-6.31,-2.22,13.24,0.2426,从未跌破（观测期内）,2026-07-03,65.09,-0.4237,-0.8354,0.4638,0.0,0.7757,0.227,0.2862
002881,美格智能,70.46,True,38.72,40.29,0,-0.08,-17.52,-6.87,-3.9,0.0,从未跌破（观测期内）,2026-07-03,46.42,0.6638,-0.2537,0.7191,0.4968,0.8094,0.0,0.2861
002852,道道全,21.46,False,7.51,7.53,0,-0.28,-7.37,-4.81,-0.28,0.0,从未跌破（观测期内）,2026-07-03,43.02,0.1199,-0.0651,0.2888,0.2459,0.7339,0.5187,0.2861
002281,光迅科技,1696.26,True,217.33,235.17,15,25.1,-7.59,5.9,-7.59,0.1965,从未跌破（观测期内）,2026-07-03,53.6,0.0533,-0.4423,0.9276,0.055,0.9688,0.0,0.2861
603392,万泰生物,361.87,False,28.62,28.91,0,-1.02,-17.28,-11.12,-1.02,0.0,从未跌破（观测期内）,2026-07-03,44.33,-0.5057,0.8562,0.4669,0.4,0.7629,0.2219,0.2859
002759,天际股份,124.78,False,24.91,26.49,4,3.02,-20.5,-8.43,-5.96,0.0,从未跌破（观测期内）,2026-07-03,44.08,0.3746,0.2815,0.6965,0.5374,0.7574,0.0,0.2858
600605,汇通能源,57.97,False,28.1,29.73,4,6.66,-10.26,-3.36,-5.47,0.0,从未跌破（观测期内）,2026-07-03,41.7,0.6439,-0.0954,0.5685,0.5482,0.7045,0.0525,0.2858
002479,富春环保,38.32,False,4.44,4.63,1,0.12,-12.29,-7.88,-4.12,0.0,从未跌破（观测期内）,2026-07-03,33.98,0.783,-0.5141,0.3532,0.4698,0.5329,0.4113,0.2857
002426,胜利精密,124.54,True,3.66,3.89,14,14.63,-6.1,3.57,-5.99,0.1625,从未跌破（观测期内）,2026-07-03,53.89,0.1708,-0.6386,0.6764,0.1025,0.9752,0.0,0.2857
002060,广东建工,48.29,False,3.09,3.2,1,0.34,-8.29,-5.41,-3.47,0.0,从未跌破（观测期内）,2026-07-03,24.24,0.8054,-0.5732,0.1937,0.4832,0.3165,0.6771,0.2857
002746,仙坛股份,38.61,False,5.44,5.35,2,1.66,-8.61,-5.34,1.66,0.0085,从未跌破（观测期内）,2026-07-03,46.49,0.1324,-0.3027,0.278,0.1583,0.8109,0.5367,0.2857
002252,上海莱士,303.71,False,4.61,4.69,0,-1.68,-11.54,-6.22,-1.68,0.0,从未跌破（观测期内）,2026-07-03,35.25,-0.0894,1.3241,0.3066,0.4,0.561,0.4891,0.2856
000554,泰山石油,21.16,False,5.89,6.15,0,-4.17,-11.29,-7.87,-4.17,0.0,从未跌破（观测期内）,2026-07-03,24.59,0.6725,-0.1286,0.269,0.552,0.3242,0.5516,0.2856
600807,济高发展,19.28,False,2.45,2.5,0,-1.46,-11.4,-7.07,-1.98,0.0,从未跌破（观测期内）,2026-07-03,40.26,0.4735,-0.1005,0.4394,0.4439,0.6724,0.2677,0.2856
002908,德生科技,21.4,True,6.65,6.9,0,-2.93,-10.21,-6.45,-3.55,0.0,从未跌破（观测期内）,2026-07-03,38.74,-0.3091,0.823,0.369,0.4,0.6387,0.385,0.2855
603880,南卫股份,22.05,False,7.63,7.54,3,1.26,-9.37,-4.86,1.26,0.014,从未跌破（观测期内）,2026-07-03,50.48,-0.5155,1.5962,0.8069,0.4,0.8996,0.0,0.2855
600699,均胜电子,317.76,True,23.45,23.56,0,-0.49,-15.82,-9.91,-0.49,0.0,从未跌破（观测期内）,2026-07-03,47.29,0.0292,1.3661,0.5384,0.4175,0.8287,0.1026,0.2855
600149,廊坊发展,18.1,False,4.76,4.85,0,-1.91,-12.58,-10.01,-1.91,0.0,从未跌破（观测期内）,2026-07-03,37.14,0.6856,-0.5075,0.352,0.4113,0.6032,0.4133,0.2855
002204,大连重工,105.07,False,5.44,5.49,0,-0.96,-8.12,-4.82,-0.96,0.0,从未跌破（观测期内）,2026-07-03,40.4,-0.1087,0.1294,0.2507,0.2518,0.6756,0.5821,0.2854
002028,思源电气,1024.02,False,167.65,178.44,3,5.87,-13.5,-5.65,-6.05,0.0,从未跌破（观测期内）,2026-07-03,47.05,0.1916,0.4186,0.7145,0.4824,0.8234,0.0,0.2853
600748,上实发展,68.99,False,3.74,3.96,0,-5.06,-15.15,-10.1,-5.47,0.0,从未跌破（观测期内）,2026-07-03,36.75,0.4588,-0.199,0.3303,0.3957,0.5945,0.4494,0.2852
002518,科士达,270.14,False,47.8,49.81,6,7.68,-17.11,-4.96,-4.03,0.0,从未跌破（观测期内）,2026-07-03,53.76,0.1438,0.1899,0.7909,0.3622,0.9724,0.0,0.285
002957,科瑞技术,201.38,True,48.1,54.72,10,30.33,-12.26,1.1,-12.1,0.0,从未跌破（观测期内）,2026-07-03,47.17,0.7978,-0.5062,0.8346,0.4787,0.8261,0.0,0.2849
002671,龙泉股份,21.23,False,3.85,3.95,0,-2.46,-9.17,-7.11,-2.46,0.0,从未跌破（观测期内）,2026-07-03,30.3,0.6543,-0.3799,0.2619,0.4406,0.4512,0.5634,0.2849
002656,*ST摩登,20.94,False,3.05,3.09,1,1.73,-15.24,-6.12,-1.44,0.0,从未跌破（观测期内）,2026-07-03,43.36,-0.267,1.6403,0.4539,0.4,0.7414,0.2435,0.2848
603217,元利科技,47.44,True,22.8,23.28,0,-1.14,-16.98,-8.33,-2.05,0.0,从未跌破（观测期内）,2026-07-03,43.21,0.4699,-0.4332,0.3599,0.3087,0.738,0.4001,0.2848
605378,野马电池,37.35,True,14.29,15.49,4,10.28,-13.26,-6.09,-7.77,0.0,从未跌破（观测期内）,2026-07-03,39.89,0.5673,0.0824,0.5653,0.5733,0.6642,0.0578,0.2848
002599,盛通股份,22.21,False,5.58,5.59,0,-0.11,-14.26,-8.8,-0.11,0.0,从未跌破（观测期内）,2026-07-03,40.4,-0.2373,0.8997,0.4012,0.4,0.6755,0.3314,0.2848
601800,中国交建,695.17,False,5.93,6.07,1,1.35,-6.99,-3.36,-2.27,0.0,从未跌破（观测期内）,2026-07-03,36.81,0.4544,-0.2803,0.2985,0.3605,0.5957,0.5025,0.2846
603222,济民健康,42.85,False,8.16,8.05,4,3.99,-14.81,-6.75,1.33,0.0,从未跌破（观测期内）,2026-07-03,50.27,0.0367,1.251,0.6594,0.422,0.8949,0.0,0.2845
600053,*ST九鼎,37.02,False,8.54,8.1,2,5.48,-14.33,-7.09,5.48,0.0,从未跌破（观测期内）,2026-07-03,64.66,0.5806,-0.5783,0.4385,0.3484,0.7854,0.2692,0.2845
603329,上海雅仕,19.71,False,9.55,9.57,0,-0.19,-10.93,-6.95,-0.19,0.0,从未跌破（观测期内）,2026-07-03,41.4,0.1001,0.0337,0.2936,0.2736,0.6977,0.5107,0.2845
601390,中国中铁,869.86,False,4.28,4.45,1,0.25,-7.88,-4.14,-3.89,0.0,从未跌破（观测期内）,2026-07-03,38.4,0.256,0.0271,0.3322,0.3645,0.6311,0.4464,0.2843
603659,璞泰来,602.94,False,28.12,28.43,3,5.01,-12.96,-4.12,-1.1,0.0,从未跌破（观测期内）,2026-07-03,48.98,0.2812,0.0407,0.5409,0.385,0.8662,0.0985,0.2843
000906,浙商中拓,37.17,False,5.3,5.41,0,-1.95,-9.84,-7.24,-1.95,0.0,从未跌破（观测期内）,2026-07-03,39.34,0.0626,0.2548,0.3245,0.3394,0.6521,0.4591,0.2842
600693,东百集团,70.99,False,8.17,8.6,2,1.27,-15.2,-8.43,-4.99,0.0,从未跌破（观测期内）,2026-07-03,35.1,0.9481,-0.7129,0.4782,0.5689,0.5577,0.203,0.2842
600482,中国动力,761.9,False,33.59,33.0,3,6.56,-13.6,-5.45,1.79,0.0,从未跌破（观测期内）,2026-07-03,57.91,0.347,-0.0499,0.6685,0.3882,0.9354,0.0,0.2841
002240,盛新锂能,384.33,False,42.1,46.11,9,9.36,-14.36,-2.71,-8.71,0.0,从未跌破（观测期内）,2026-07-03,33.84,0.7955,0.0866,0.8507,0.712,0.5297,0.0,0.2839
002888,惠威科技,15.58,True,20.8,20.79,12,15.8,-11.0,1.35,0.03,0.2255,从未跌破（观测期内）,2026-07-03,56.41,-0.1165,-0.6255,0.6257,0.0,0.9686,0.0,0.2839
002347,泰尔股份,30.54,False,6.19,6.31,0,-1.95,-13.72,-9.64,-1.95,0.0,从未跌破（观测期内）,2026-07-03,41.18,0.333,-0.0845,0.3862,0.366,0.6928,0.3563,0.2835
600080,ST金花,18.66,False,5.0,4.79,2,4.45,-13.15,-7.93,4.45,0.0,从未跌破（观测期内）,2026-07-03,55.73,0.2306,-0.2651,0.4854,0.2323,0.9838,0.1909,0.2835
002848,高斯贝尔,23.77,False,14.37,13.85,1,3.78,-20.19,-8.3,3.78,0.0,从未跌破（观测期内）,2026-07-03,66.22,0.2909,0.3962,0.635,0.533,0.7507,0.0,0.2834
000652,泰达股份,50.45,False,3.46,3.5,0,-1.13,-9.64,-4.72,-1.13,0.0,从未跌破（观测期内）,2026-07-03,38.0,0.4766,-0.5528,0.2503,0.286,0.6222,0.5828,0.2834
600798,宁波海运,38.13,False,3.16,3.38,3,1.51,-9.75,-4.4,-6.45,0.0,从未跌破（观测期内）,2026-07-03,41.12,0.7777,-0.8388,0.4863,0.4666,0.6916,0.1894,0.2834
600318,XD新力金,32.61,False,6.36,6.35,3,3.27,-10.06,-4.91,0.17,0.0,从未跌破（观测期内）,2026-07-03,50.19,0.1274,0.1274,0.5094,0.3274,0.8932,0.151,0.2831
600495,晋西车轴,43.74,False,3.62,3.68,0,-1.67,-9.76,-6.2,-1.67,0.0,从未跌破（观测期内）,2026-07-03,37.5,0.1171,0.1942,0.3046,0.3479,0.6111,0.4923,0.2831
600187,*ST国中,23.72,False,1.47,1.46,10,22.92,-12.72,0.83,0.79,0.1995,从未跌破（观测期内）,2026-07-03,45.9,0.2908,-0.894,0.65,0.1745,0.7978,0.0,0.283
000927,中国铁物,142.79,False,2.36,2.4,0,-1.73,-7.13,-4.97,-1.73,0.0,从未跌破（观测期内）,2026-07-03,38.3,0.2731,-0.1809,0.2625,0.2915,0.6288,0.5625,0.283
000716,黑芝麻,31.76,False,4.3,4.48,1,2.44,-17.88,-11.29,-3.97,0.0,从未跌破（观测期内）,2026-07-03,36.36,0.8505,-0.7447,0.4474,0.5103,0.5859,0.2544,0.2829
000882,华联股份,36.93,False,1.35,1.39,1,1.07,-8.47,-4.51,-2.6,0.0,从未跌破（观测期内）,2026-07-03,42.31,0.1403,0.789,0.5274,0.4842,0.7179,0.1209,0.2828
000547,航天发展,308.13,False,19.39,19.38,1,0.03,-16.06,-7.17,0.03,0.0,从未跌破（观测期内）,2026-07-03,40.16,0.2729,1.1217,0.5695,0.5637,0.6701,0.0509,0.2826
600686,金龙汽车,88.05,True,12.28,12.3,1,1.77,-11.12,-6.5,-0.14,0.0,从未跌破（观测期内）,2026-07-03,42.48,0.2564,0.2924,0.5184,0.4708,0.7219,0.136,0.2825
001325,元创股份,7.48,False,38.17,38.04,1,0.33,-14.03,-6.38,0.33,0.0,从未跌破（观测期内）,2026-07-03,47.78,0.344,-0.2968,0.4297,0.2877,0.8396,0.2838,0.2824
001213,中铁特货,154.22,False,3.47,3.51,0,-1.27,-5.91,-4.18,-1.27,0.0,从未跌破（观测期内）,2026-07-03,41.67,-0.2018,-0.0356,0.2192,0.1858,0.7037,0.6347,0.2824
002085,万丰奥威,243.54,False,11.47,12.17,6,9.63,-11.28,-2.78,-5.77,0.0,从未跌破（观测期内）,2026-07-03,23.93,0.8024,0.6672,0.6296,0.8814,0.3095,0.0,0.2823
000530,冰山冷热,32.17,False,5.36,5.63,6,12.76,-14.49,-4.13,-4.85,0.0,从未跌破（观测期内）,2026-07-03,45.56,0.8286,-0.6667,0.6502,0.4971,0.7901,0.0,0.2823
002170,芭田股份,88.47,False,11.24,11.22,4,2.11,-7.6,-2.89,0.16,0.0592,从未跌破（观测期内）,2026-07-03,48.67,0.0477,-0.0361,0.4674,0.2142,0.8594,0.2209,0.2823
002381,双箭股份,17.61,False,5.47,5.44,1,0.61,-8.72,-4.97,0.61,0.0,从未跌破（观测期内）,2026-07-03,42.72,-0.1574,0.0591,0.2762,0.2236,0.7271,0.5396,0.2823
002449,国星光电,46.45,False,7.51,7.81,3,2.18,-11.61,-3.62,-3.86,0.0,从未跌破（观测期内）,2026-07-03,53.73,0.2832,-0.1022,0.5771,0.329,0.9718,0.0382,0.2823
601166,兴业银行,3599.8,False,17.01,17.56,10,5.27,-6.55,-0.47,-3.15,0.0983,从未跌破（观测期内）,2026-07-03,28.02,0.3201,-0.1905,0.2646,0.3159,0.4005,0.5589,0.2822
600593,大连圣亚,47.37,False,36.78,37.85,11,12.27,-5.67,1.7,-2.83,0.1466,从未跌破（观测期内）,2026-07-03,30.78,0.8333,-0.4802,0.5835,0.5079,0.4618,0.0275,0.2821
603168,莎普爱思,18.92,False,5.08,5.14,0,-1.26,-11.17,-8.07,-1.26,0.0,从未跌破（观测期内）,2026-07-03,39.49,-0.7336,0.6205,0.3973,0.4,0.6553,0.3378,0.2817
002466,天齐锂业,865.66,False,58.66,61.52,7,6.64,-14.15,-2.8,-4.64,0.0,从未跌破（观测期内）,2026-07-03,43.35,0.6253,-0.1031,0.6532,0.5339,0.741,0.0,0.2817
002385,大北农,100.44,False,2.9,2.95,0,-1.09,-12.37,-7.86,-1.78,0.0,从未跌破（观测期内）,2026-07-03,40.98,-0.3221,0.3356,0.3587,0.3342,0.6885,0.4022,0.2816
002088,鲁阳节能,40.43,False,7.99,8.09,6,4.76,-8.21,-3.63,-1.29,0.007,从未跌破（观测期内）,2026-07-03,34.93,0.5546,0.0792,0.4926,0.5644,0.554,0.1791,0.2815
002562,兄弟科技,36.69,True,4.51,4.66,0,-2.86,-10.72,-6.19,-3.25,0.0,从未跌破（观测期内）,2026-07-03,34.62,-0.392,0.5463,0.3116,0.4,0.547,0.4807,0.2815
601077,渝农商行,559.46,False,6.33,6.49,5,3.81,-6.57,-1.86,-2.5,0.0345,从未跌破（观测期内）,2026-07-03,33.92,-0.3042,0.475,0.3455,0.39,0.5315,0.4242,0.2813
601098,中南传媒,183.55,False,10.22,10.43,1,0.24,-7.89,-3.87,-2.05,0.0,从未跌破（观测期内）,2026-07-03,35.5,0.0696,0.15,0.2313,0.3018,0.5667,0.6146,0.281
002175,*ST东智,33.32,False,2.61,2.38,5,9.62,-16.6,-6.23,9.62,0.1641,从未跌破（观测期内）,2026-07-03,54.78,0.1079,-0.9738,0.6088,0.0648,0.9952,0.0,0.2809
002863,今飞凯达,27.04,False,4.51,4.6,0,-1.98,-10.18,-6.58,-1.98,0.0,从未跌破（观测期内）,2026-07-03,33.7,-0.5034,0.7063,0.2978,0.4,0.5266,0.5036,0.2809
605050,福然德,49.18,False,9.98,10.06,0,-0.76,-9.11,-6.55,-0.76,0.0,从未跌破（观测期内）,2026-07-03,44.07,-0.387,0.0204,0.2906,0.2082,0.7571,0.5156,0.2808
601096,宏盛华源,72.13,False,4.39,4.56,0,-3.34,-10.76,-6.75,-3.76,0.0,从未跌破（观测期内）,2026-07-03,38.71,0.0478,0.1448,0.2742,0.2866,0.638,0.5431,0.2807
601611,中国核建,326.4,False,10.83,10.84,4,3.03,-13.06,-5.34,-0.09,0.0,从未跌破（观测期内）,2026-07-03,51.75,0.4081,-0.2315,0.5723,0.3523,0.9279,0.0462,0.2806
002439,启明星辰,94.43,False,12.96,13.05,0,-0.49,-12.66,-6.65,-0.72,0.0,从未跌破（观测期内）,2026-07-03,54.62,-0.084,-0.2914,0.3552,0.0834,0.9917,0.4081,0.2804
002122,ST汇洲,50.69,False,2.55,2.48,1,2.68,-14.89,-6.83,2.68,0.0,从未跌破（观测期内）,2026-07-03,44.57,-0.4934,0.8713,0.4931,0.4,0.7681,0.1782,0.2803
002486,嘉麟杰,18.62,False,2.27,2.3,0,-0.85,-8.94,-5.97,-1.3,0.0,从未跌破（观测期内）,2026-07-03,44.29,0.2387,0.0176,0.4389,0.3502,0.7619,0.2685,0.2802
002988,豪美新材,63.55,False,25.44,24.19,1,5.15,-18.69,-11.98,5.15,0.0,从未跌破（观测期内）,2026-07-03,50.53,-0.1374,1.2418,0.6429,0.4,0.9006,0.0,0.2801
603080,新疆火炬,28.1,False,19.86,19.85,1,0.04,-9.78,-6.43,0.04,0.0,从未跌破（观测期内）,2026-07-03,43.17,0.5604,-0.4195,0.4376,0.3684,0.7371,0.2707,0.2801
600280,中央商场,31.25,False,2.77,2.95,5,27.39,-18.04,-4.33,-6.2,0.0,从未跌破（观测期内）,2026-07-03,42.59,0.8994,-0.787,0.7949,0.5396,0.7243,0.0,0.2798
600789,鲁抗医药,70.32,False,6.96,7.1,1,2.25,-10.23,-5.68,-1.99,0.0,从未跌破（观测期内）,2026-07-03,46.06,-0.3023,2.1756,0.5224,0.4,0.8014,0.1294,0.2797
000552,甘肃能化,87.93,False,2.36,2.49,4,5.22,-13.38,-5.69,-5.09,0.0,从未跌破（观测期内）,2026-07-03,29.73,0.9458,-0.6846,0.3999,0.5675,0.4384,0.3335,0.2796
600057,厦门象屿,118.23,False,5.65,5.76,1,0.6,-7.99,-4.4,-1.86,0.0,从未跌破（观测期内）,2026-07-03,30.1,0.4836,-0.191,0.2526,0.4138,0.4466,0.5791,0.2796
000932,华菱钢铁,242.58,False,3.54,3.56,1,0.2,-8.54,-4.84,-0.62,0.0,从未跌破（观测期内）,2026-07-03,40.3,-0.4331,0.1039,0.2622,0.2416,0.6733,0.5631,0.2795
000430,张家界,27.46,False,7.41,7.64,8,7.62,-7.76,-0.85,-3.0,0.0427,从未跌破（观测期内）,2026-07-03,37.34,0.7159,-0.5393,0.4658,0.4295,0.6075,0.2236,0.2795
601226,华电科工,76.24,False,6.56,6.81,0,-1.57,-13.24,-8.5,-3.69,0.0,从未跌破（观测期内）,2026-07-03,41.63,-0.3514,0.6751,0.4448,0.4,0.7029,0.2587,0.2794
002481,双塔食品,44.38,False,3.97,3.95,2,2.49,-5.79,-3.12,0.52,0.0527,从未跌破（观测期内）,2026-07-03,43.68,0.018,-0.1772,0.3053,0.14,0.7484,0.4911,0.2794
603655,朗博科技,33.38,True,31.49,31.61,0,-0.37,-14.66,-10.26,-0.37,0.0,从未跌破（观测期内）,2026-07-03,43.23,-0.2664,2.2326,0.4733,0.4,0.7384,0.2111,0.2793
600027,华电国际,418.39,False,4.54,4.72,2,4.68,-9.93,-5.26,-3.84,0.0,从未跌破（观测期内）,2026-07-03,25.84,0.8513,-0.8106,0.2753,0.5108,0.3521,0.5412,0.2793
000002,万  科Ａ,300.25,False,3.09,3.08,1,0.24,-11.04,-6.17,0.24,0.0,从未跌破（观测期内）,2026-07-03,44.93,0.318,-0.4706,0.3063,0.2026,0.7762,0.4895,0.2793
002593,日上集团,23.77,False,4.24,4.3,0,-1.33,-10.65,-6.9,-1.33,0.0,从未跌破（观测期内）,2026-07-03,40.4,-0.4647,0.3471,0.3627,0.3388,0.6756,0.3955,0.2792
600655,豫园股份,166.49,False,4.28,4.35,0,-1.43,-7.39,-3.75,-1.53,0.0,从未跌破（观测期内）,2026-07-03,40.28,-0.4028,0.1046,0.2631,0.2419,0.6728,0.5614,0.2792
002722,物产金轮,27.57,False,12.4,12.53,0,-1.04,-10.03,-6.75,-1.04,0.0,从未跌破（观测期内）,2026-07-03,41.53,-0.4645,0.0519,0.2644,0.2208,0.7006,0.5593,0.2792
002305,*ST南置,34.86,False,2.01,2.04,1,0.06,-17.97,-8.18,-1.57,0.0,从未跌破（观测期内）,2026-07-03,43.33,0.1044,0.4396,0.5145,0.4384,0.7407,0.1426,0.2791
600335,国机汽车,74.08,True,4.98,5.1,0,-2.37,-10.07,-5.6,-2.37,0.0,从未跌破（观测期内）,2026-07-03,36.52,-0.6214,0.3578,0.2981,0.3431,0.5894,0.5031,0.2791
000868,安凯客车,32.41,False,3.45,3.58,0,-2.73,-10.45,-6.58,-3.58,0.0,从未跌破（观测期内）,2026-07-03,28.41,0.2484,0.4729,0.3495,0.5382,0.4091,0.4176,0.279
002222,福晶科技,385.29,True,82.3,92.72,5,6.95,-16.03,-5.0,-11.24,0.0,从未跌破（观测期内）,2026-07-03,43.49,0.7437,-0.3152,0.8268,0.5201,0.7442,0.0,0.2789
000967,盈峰环境,351.88,False,10.48,10.35,5,12.28,-16.14,-6.09,1.3,0.0,从未跌破（观测期内）,2026-07-03,54.61,0.4622,-0.3868,0.8558,0.3226,0.9914,0.0,0.2789
600348,华阳股份,295.09,False,8.18,8.49,4,4.76,-13.19,-5.56,-3.65,0.0,从未跌破（观测期内）,2026-07-03,31.2,0.8003,-0.5966,0.3413,0.4802,0.471,0.4312,0.2789
601398,工商银行,18980.7,False,7.04,7.33,12,6.36,-4.01,0.08,-3.96,0.142,从未跌破（观测期内）,2026-07-03,21.97,0.2468,-0.039,0.2574,0.3324,0.266,0.571,0.2788
600007,中国国贸,191.89,False,19.05,19.02,7,6.24,-12.51,-3.18,0.17,0.0362,从未跌破（观测期内）,2026-07-03,54.4,-0.174,-0.1095,0.4882,0.1562,0.9866,0.1863,0.2788
000420,吉林化纤,102.01,False,4.15,4.22,0,-0.52,-10.05,-5.15,-1.64,0.0,从未跌破（观测期内）,2026-07-03,46.72,0.0494,0.1014,0.4076,0.2702,0.816,0.3206,0.2788
002116,中国海诚,38.53,False,6.98,7.14,3,2.24,-7.07,-2.62,-2.19,0.0091,从未跌破（观测期内）,2026-07-03,38.52,0.0708,-0.0081,0.2458,0.2392,0.6337,0.5904,0.2788
600821,金开新能,118.83,False,6.04,6.61,1,2.11,-19.68,-10.77,-8.64,0.0,从未跌破（观测期内）,2026-07-03,34.71,0.9191,-0.3704,0.5276,0.6033,0.549,0.1207,0.2787
601005,重庆钢铁,97.27,False,1.17,1.21,0,-2.78,-8.51,-4.79,-3.47,0.0,从未跌破（观测期内）,2026-07-03,31.82,-0.26,0.375,0.2231,0.35,0.4848,0.6282,0.2787
002855,捷荣技术,23.81,True,9.67,10.32,0,-2.95,-12.38,-8.36,-6.28,0.0,从未跌破（观测期内）,2026-07-03,38.48,0.4581,-0.0836,0.433,0.4414,0.633,0.2783,0.2787
600212,绿能慧充,29.37,False,5.53,5.67,0,-2.14,-11.63,-7.95,-2.44,0.0,从未跌破（观测期内）,2026-07-03,38.75,-0.1245,1.1276,0.3966,0.4,0.6389,0.3389,0.2786
600712,南宁百货,27.47,False,5.1,5.08,1,0.4,-14.56,-8.55,0.4,0.0,从未跌破（观测期内）,2026-07-03,42.11,-0.421,0.6578,0.4564,0.4,0.7135,0.2393,0.2786
000617,中油资本,865.98,False,6.85,7.07,0,-0.01,-11.39,-6.55,-3.06,0.0,从未跌破（观测期内）,2026-07-03,41.94,0.2014,0.0338,0.3882,0.3344,0.7097,0.353,0.2785
603188,亚邦股份,23.43,False,4.11,4.21,0,-0.72,-10.23,-6.02,-2.42,0.0,从未跌破（观测期内）,2026-07-03,42.54,-0.3495,0.2914,0.3813,0.3165,0.7231,0.3645,0.2784
000981,山子高科,281.6,False,2.96,3.14,0,-5.42,-16.02,-10.05,-5.7,0.0,从未跌破（观测期内）,2026-07-03,36.96,0.0914,1.0285,0.4209,0.4548,0.599,0.2984,0.2783
002184,海得控制,23.99,False,9.98,10.36,1,1.08,-15.83,-8.6,-3.71,0.0,从未跌破（观测期内）,2026-07-03,43.33,0.2743,0.3733,0.5932,0.5139,0.7406,0.0113,0.2783
002241,歌尔股份,693.08,True,22.05,23.08,1,3.29,-11.01,-6.09,-4.46,0.0,从未跌破（观测期内）,2026-07-03,43.7,0.6958,-0.4865,0.5097,0.4229,0.7489,0.1504,0.2781
002217,合力泰,128.12,False,1.76,2.25,2,4.07,-26.67,-12.52,-21.88,0.0,从未跌破（观测期内）,2026-07-03,30.99,0.6184,0.4182,0.7156,0.7384,0.4664,0.0,0.2779
000815,美利云,96.36,True,13.86,15.69,5,7.91,-17.97,-7.22,-11.65,0.0,从未跌破（观测期内）,2026-07-03,41.92,0.7067,-0.2011,0.7719,0.5436,0.7094,0.0,0.2778
603685,晨丰科技,59.25,True,29.41,30.36,1,0.68,-10.5,-5.23,-3.12,0.0,从未跌破（观测期内）,2026-07-03,45.7,0.2304,-0.0959,0.4234,0.2999,0.7934,0.2943,0.2778
002496,*ST辉丰,26.34,False,2.23,2.15,3,4.47,-18.72,-8.57,3.55,0.0,从未跌破（观测期内）,2026-07-03,50.0,-0.3635,5.4127,0.693,0.4,0.8889,0.0,0.2778
600741,华域汽车,507.59,True,16.1,16.35,1,0.82,-6.13,-2.54,-1.52,0.0115,从未跌破（观测期内）,2026-07-03,42.3,-0.0603,0.0516,0.3018,0.2206,0.7177,0.4969,0.2778
002633,申科股份,23.57,False,15.77,16.16,0,-1.59,-11.58,-7.08,-2.42,0.0,从未跌破（观测期内）,2026-07-03,37.96,0.2899,-0.0831,0.3266,0.3407,0.6213,0.4556,0.2778
601003,柳钢股份,88.93,False,3.47,3.53,1,0.34,-7.85,-4.41,-1.82,0.0,从未跌破（观测期内）,2026-07-03,38.16,0.5019,-0.4193,0.3232,0.3334,0.6257,0.4613,0.2777
000608,阳光股份,44.43,False,5.96,6.65,18,50.07,-10.36,21.78,-10.36,0.2775,从未跌破（观测期内）,2026-07-03,44.15,0.0997,-0.5524,1.0068,0.0598,0.7588,0.0,0.2777
002172,澳洋健康,23.03,False,3.01,3.03,0,-0.77,-8.92,-6.52,-0.77,0.0,从未跌破（观测期内）,2026-07-03,39.76,-0.2363,0.3273,0.3493,0.3309,0.6613,0.4179,0.2777
603071,物产环能,65.11,False,11.67,12.0,3,6.57,-12.05,-6.36,-2.71,0.0,从未跌破（观测期内）,2026-07-03,39.2,0.7068,-0.6579,0.4327,0.4241,0.6489,0.2788,0.2776
003042,中农联合,15.81,False,12.82,13.17,0,-2.66,-12.03,-8.4,-2.66,0.0,从未跌破（观测期内）,2026-07-03,33.33,0.7066,-0.635,0.3282,0.4239,0.5185,0.453,0.2776
002812,恩捷股份,530.7,False,64.51,66.09,8,7.01,-15.55,-3.88,-2.38,0.0,从未跌破（观测期内）,2026-07-03,44.34,0.5955,-0.1442,0.6428,0.4996,0.7631,0.0,0.2775
603867,新化股份,80.21,False,37.19,38.16,11,6.37,-12.07,-0.88,-2.54,0.1097,从未跌破（观测期内）,2026-07-03,46.26,0.0399,0.1647,0.6682,0.2899,0.8057,0.0,0.2775
603589,口子窖,113.04,False,18.9,19.06,0,-0.82,-8.46,-5.23,-0.82,0.0,从未跌破（观测期内）,2026-07-03,40.89,0.4029,-0.4897,0.2853,0.2459,0.6864,0.5246,0.2774
603970,中农立华,27.71,False,10.31,10.35,0,-0.4,-8.41,-5.9,-0.4,0.0,从未跌破（观测期内）,2026-07-03,39.3,-0.5313,0.0859,0.2456,0.2343,0.6512,0.5907,0.2774
600433,冠豪高新,58.98,False,3.37,3.38,0,-0.28,-15.54,-11.11,-0.28,0.0,从未跌破（观测期内）,2026-07-03,38.89,0.5357,-0.4936,0.3281,0.324,0.642,0.4531,0.2774
603790,雅运股份,48.03,False,25.1,24.91,2,1.97,-14.67,-6.29,0.74,0.0,从未跌破（观测期内）,2026-07-03,49.92,-0.3009,1.6771,0.7726,0.4,0.887,0.0,0.2774
001277,速达股份,13.16,False,28.89,29.67,1,0.04,-11.25,-7.08,-2.63,0.0,从未跌破（观测期内）,2026-07-03,40.36,0.0779,0.1391,0.3329,0.3024,0.6746,0.4451,0.2773
603900,莱绅通灵,20.73,False,6.05,6.08,0,-0.53,-10.51,-7.15,-0.53,0.0,从未跌破（观测期内）,2026-07-03,38.89,-0.5755,0.3365,0.3395,0.3346,0.642,0.4342,0.2772
000529,广弘控股,26.39,False,4.63,4.56,1,1.55,-7.63,-5.39,1.55,0.0021,从未跌破（观测期内）,2026-07-03,46.79,-0.3624,-0.0594,0.3257,0.1762,0.8175,0.4572,0.277
600114,东睦股份,232.56,False,37.73,40.36,16,13.73,-10.63,3.79,-6.51,0.1866,从未跌破（观测期内）,2026-07-03,47.44,0.0091,-0.1541,0.6101,0.1438,0.832,0.0,0.277
600258,首旅酒店,128.74,False,11.53,11.81,0,-0.8,-10.06,-4.99,-2.38,0.0,从未跌破（观测期内）,2026-07-03,36.0,-0.4193,0.426,0.3255,0.3704,0.5778,0.4576,0.2768
600197,伊力特,47.41,False,10.02,10.22,0,-1.95,-13.89,-9.66,-1.95,0.0,从未跌破（观测期内）,2026-07-03,38.46,0.4846,-0.6302,0.2899,0.2908,0.6325,0.5168,0.2767
603712,七一二,100.13,False,12.97,13.14,0,-1.28,-10.87,-7.66,-1.28,0.0,从未跌破（观测期内）,2026-07-03,38.29,-0.308,0.8864,0.3964,0.4,0.6286,0.3393,0.2766
601999,出版传媒,31.79,False,5.77,5.73,1,0.63,-9.2,-4.8,0.63,0.0,从未跌破（观测期内）,2026-07-03,40.52,0.532,-0.4372,0.3815,0.3443,0.6783,0.3641,0.2764
000553,安道麦A,128.23,False,5.89,5.81,1,1.44,-11.86,-5.38,1.44,0.0,从未跌破（观测期内）,2026-07-03,45.35,-0.2634,0.2095,0.4065,0.2838,0.7855,0.3225,0.2764
605218,伟时电子,34.22,True,16.08,16.91,5,3.58,-11.1,-3.83,-4.93,0.0,从未跌破（观测期内）,2026-07-03,42.63,0.479,-0.1787,0.4905,0.4159,0.7252,0.1826,0.2764
601011,宝泰隆,51.53,False,2.69,2.84,6,11.94,-10.3,-1.87,-5.3,0.0,从未跌破（观测期内）,2026-07-03,41.22,0.9176,-0.6419,0.6635,0.5505,0.6938,0.0,0.2764
002996,顺博合金,28.51,False,6.22,6.23,1,0.11,-9.77,-5.33,-0.12,0.0,从未跌破（观测期内）,2026-07-03,44.37,-0.2689,0.1117,0.3501,0.2447,0.7639,0.4164,0.2764
001379,腾达科技,11.01,True,16.36,16.74,0,-2.25,-12.68,-8.78,-2.25,0.0,从未跌破（观测期内）,2026-07-03,37.75,-0.2808,0.2753,0.2994,0.3101,0.6166,0.501,0.276
600157,永泰能源,342.54,False,1.57,1.64,3,3.41,-10.42,-4.54,-4.38,0.0,从未跌破（观测期内）,2026-07-03,31.43,0.7378,-0.6791,0.3197,0.4427,0.4762,0.4671,0.276
603029,天鹅股份,18.26,False,15.05,15.13,0,-0.52,-11.7,-7.64,-0.52,0.0,从未跌破（观测期内）,2026-07-03,44.58,-0.0613,0.1258,0.3609,0.2503,0.7683,0.3985,0.276
002753,永东股份,17.87,False,6.04,6.17,1,0.1,-10.25,-5.05,-2.18,0.0,从未跌破（观测期内）,2026-07-03,39.25,-0.4227,0.4316,0.389,0.3726,0.6499,0.3517,0.2759
600036,招商银行,7597.64,False,36.83,37.54,11,3.75,-6.2,-0.73,-1.9,0.1641,从未跌破（观测期内）,2026-07-03,31.52,-0.5055,-0.3213,0.2129,0.0715,0.4782,0.6451,0.2759
002313,日海智能,30.4,True,8.12,8.08,1,0.54,-13.26,-8.38,0.54,0.0,从未跌破（观测期内）,2026-07-03,49.58,-0.0418,3.031,0.6135,0.4,0.8795,0.0,0.2759
002425,凯撒文化,25.49,False,2.77,2.79,0,-0.57,-12.79,-7.49,-0.57,0.0,从未跌破（观测期内）,2026-07-03,44.12,0.125,-0.081,0.3455,0.2426,0.7582,0.4242,0.2759
600876,凯盛新能,28.69,False,7.25,8.2,3,13.03,-15.39,-5.64,-11.61,0.0,从未跌破（观测期内）,2026-07-03,38.91,0.4317,0.3257,0.7342,0.5893,0.6425,0.0,0.2758
605011,杭州热电,69.58,False,17.39,17.44,0,-0.29,-18.5,-11.92,-0.29,0.0,从未跌破（观测期内）,2026-07-03,48.38,0.554,-0.3258,0.5823,0.4021,0.8529,0.0294,0.2755
600977,中国电影,258.58,False,13.85,13.79,4,6.14,-8.55,-2.64,0.43,0.0588,从未跌破（观测期内）,2026-07-03,50.63,0.2615,-0.1799,0.6315,0.285,0.903,0.0,0.2754
603305,旭升集团,150.59,False,13.03,13.25,0,-1.68,-15.71,-9.4,-1.68,0.0,从未跌破（观测期内）,2026-07-03,44.16,0.0227,1.5294,0.5193,0.4136,0.759,0.1345,0.2754
000411,英特集团,53.78,False,9.54,9.68,1,0.47,-19.7,-9.65,-1.5,0.0,从未跌破（观测期内）,2026-07-03,50.72,0.6292,-0.7864,0.6424,0.3775,0.9048,0.0,0.2753
000609,*ST中迪,37.6,False,12.92,12.2,6,11.68,-13.63,-4.83,5.87,0.1214,从未跌破（观测期内）,2026-07-03,63.8,0.2676,-0.3541,0.5562,0.2189,0.8045,0.073,0.2752
600415,小商品城,582.35,False,10.62,10.54,1,0.73,-14.27,-8.24,0.73,0.0,从未跌破（观测期内）,2026-07-03,47.12,0.0399,0.0934,0.421,0.2613,0.8248,0.2984,0.275
002780,三夫户外,17.14,False,13.12,13.05,1,0.56,-12.49,-6.36,0.56,0.0,从未跌破（观测期内）,2026-07-03,40.36,0.3128,-0.1431,0.3701,0.3304,0.6746,0.3832,0.275
603755,日辰股份,24.07,False,24.41,24.57,3,1.69,-9.89,-4.84,-0.65,0.0,从未跌破（观测期内）,2026-07-03,32.53,0.3769,0.1677,0.3936,0.4932,0.5006,0.344,0.275
600917,重庆燃气,73.84,False,4.73,4.83,0,-2.08,-7.23,-4.46,-2.1,0.0,从未跌破（观测期内）,2026-07-03,31.71,0.4173,-0.3139,0.2119,0.3248,0.4824,0.6469,0.2747
600033,福建高速,92.76,False,3.38,3.44,3,1.79,-7.23,-2.25,-1.69,0.0343,从未跌破（观测期内）,2026-07-03,37.5,0.3318,-0.4613,0.2598,0.2146,0.6111,0.5671,0.2746
000917,电广传媒,95.25,False,6.72,7.03,3,4.11,-14.75,-6.57,-4.41,0.0,从未跌破（观测期内）,2026-07-03,48.12,0.5785,-0.5986,0.5265,0.3471,0.8472,0.1226,0.2746
603041,美思德,19.82,False,10.82,11.15,0,-2.96,-10.83,-8.22,-2.96,0.0,从未跌破（观测期内）,2026-07-03,33.47,0.1523,0.1733,0.2801,0.3607,0.5216,0.5331,0.2745
002069,獐子岛,21.87,False,3.08,3.14,0,-1.77,-8.33,-6.2,-1.77,0.0,从未跌破（观测期内）,2026-07-03,37.33,0.3227,-0.0975,0.3426,0.3546,0.6074,0.429,0.2745
600501,航天晨光,69.86,False,16.33,16.77,0,-2.61,-14.58,-9.6,-2.61,0.0,从未跌破（观测期内）,2026-07-03,35.44,-0.6557,0.8168,0.3544,0.4,0.5654,0.4093,0.2745
002882,金龙羽,48.37,False,19.6,20.34,0,-0.98,-14.67,-7.62,-3.65,0.0,从未跌破（观测期内）,2026-07-03,30.85,0.4561,1.3366,0.5472,0.6737,0.4634,0.0879,0.2743
605199,ST葫芦娃,24.05,False,6.01,5.97,1,0.71,-14.96,-7.01,0.71,0.0,从未跌破（观测期内）,2026-07-03,41.04,-0.2665,2.022,0.4555,0.4,0.6897,0.2409,0.2741
600067,冠城新材,40.64,False,2.92,3.14,8,15.99,-9.06,-0.61,-7.14,0.0,从未跌破（观测期内）,2026-07-03,25.44,0.8436,0.2896,0.6838,0.822,0.3431,0.0,0.2741
001283,豪鹏科技,52.53,True,50.8,50.09,3,2.99,-16.03,-6.05,1.41,0.0,从未跌破（观测期内）,2026-07-03,58.92,0.5954,-0.4803,0.6757,0.3651,0.913,0.0,0.2739
001208,华菱线缆,46.98,False,14.74,15.09,0,-2.03,-10.98,-6.72,-2.34,0.0,从未跌破（观测期内）,2026-07-03,29.62,0.3236,0.3691,0.3948,0.5418,0.436,0.342,0.2739
002818,富森美,31.47,False,10.55,10.98,7,2.17,-6.3,-1.62,-3.92,0.0501,从未跌破（观测期内）,2026-07-03,33.01,0.4335,-0.4193,0.2864,0.2924,0.5114,0.5226,0.2738
600035,楚天高速,55.55,False,3.45,3.53,1,0.34,-5.66,-2.32,-2.31,0.0,从未跌破（观测期内）,2026-07-03,31.11,0.4776,-0.6308,0.1669,0.2866,0.4691,0.7218,0.2737
600419,天润乳业,25.24,False,8.0,7.88,1,1.59,-9.75,-5.25,1.59,0.0,从未跌破（观测期内）,2026-07-03,49.24,-0.1224,-0.2021,0.322,0.1192,0.872,0.4634,0.2737
002659,凯文教育,23.69,False,3.96,4.01,0,-1.3,-10.46,-7.33,-1.3,0.0,从未跌破（观测期内）,2026-07-03,36.59,-0.492,0.3514,0.3191,0.3406,0.5908,0.4682,0.2735
603843,*ST正平,57.37,False,8.2,8.43,11,5.87,-11.67,-0.31,-2.73,0.1031,从未跌破（观测期内）,2026-07-03,41.86,0.2288,0.0107,0.579,0.3416,0.708,0.0351,0.2735
601061,中信金属,552.23,False,11.27,11.49,1,0.73,-15.84,-7.63,-1.94,0.0,从未跌破（观测期内）,2026-07-03,49.15,0.303,-0.0598,0.5606,0.3579,0.8701,0.0657,0.2733
600101,明星电力,45.09,False,8.23,8.76,2,6.39,-14.96,-7.5,-6.03,0.0,从未跌破（观测期内）,2026-07-03,28.1,0.8771,-0.6526,0.355,0.5262,0.4021,0.4083,0.2732
000869,张  裕Ａ,74.12,False,16.29,16.7,0,-1.52,-8.44,-4.87,-2.47,0.0,从未跌破（观测期内）,2026-07-03,33.15,-0.6655,0.3749,0.2686,0.3499,0.5144,0.5523,0.2732
603568,伟明环保,321.2,False,15.68,15.96,12,9.07,-9.16,0.58,-1.78,0.1684,从未跌破（观测期内）,2026-07-03,44.01,0.0607,-0.4664,0.4316,0.0498,0.7558,0.2806,0.2731
002796,世嘉科技,83.98,True,36.88,40.29,0,-2.18,-17.06,-9.9,-8.47,0.0,从未跌破（观测期内）,2026-07-03,44.0,0.4443,-0.0142,0.5732,0.4609,0.7555,0.0446,0.273
600589,大位科技,141.93,True,9.6,9.98,2,4.51,-17.22,-7.44,-3.76,0.0,从未跌破（观测期内）,2026-07-03,52.42,0.5168,-0.434,0.7069,0.3365,0.9426,0.0,0.2726
002277,友阿股份,88.53,False,6.35,6.27,6,2.91,-11.15,-3.85,1.22,0.052,从未跌破（观测期内）,2026-07-03,48.41,0.1258,0.1212,0.6858,0.324,0.8536,0.0,0.2725
600716,凤凰股份,31.92,False,3.41,3.59,3,0.38,-9.14,-4.05,-4.92,0.0,从未跌破（观测期内）,2026-07-03,32.65,0.5477,-0.3109,0.317,0.4043,0.5034,0.4716,0.2725
603176,XD汇通集,20.5,False,4.44,4.61,0,-3.78,-10.4,-7.76,-3.78,0.0,从未跌破（观测期内）,2026-07-03,33.04,0.3897,-0.1505,0.2931,0.3736,0.5119,0.5115,0.2725
600787,中储股份,94.62,False,4.36,4.38,0,-0.42,-7.19,-3.79,-0.42,0.0,从未跌破（观测期内）,2026-07-03,42.65,-0.2657,-0.0793,0.2589,0.1683,0.7255,0.5685,0.2724
002488,金固股份,88.51,False,9.62,9.59,1,0.3,-11.84,-6.9,0.3,0.0,从未跌破（观测期内）,2026-07-03,48.43,0.1102,0.2322,0.5531,0.359,0.854,0.0781,0.2723
600960,渤海汽车,38.21,True,4.02,4.07,1,0.72,-10.51,-6.03,-1.19,0.0,从未跌破（观测期内）,2026-07-03,47.26,-0.3439,0.284,0.4866,0.3136,0.828,0.189,0.2723
600526,菲达环保,37.36,False,4.28,4.36,0,-1.92,-8.19,-5.91,-1.92,0.0,从未跌破（观测期内）,2026-07-03,34.33,0.0822,0.0665,0.2199,0.2759,0.5406,0.6336,0.2721
002151,北斗星通,143.69,False,32.45,32.77,0,-0.55,-12.38,-6.48,-0.99,0.0,从未跌破（观测期内）,2026-07-03,42.73,-0.1235,0.3265,0.4239,0.3306,0.7273,0.2935,0.2721
002588,史丹利,71.69,False,8.35,8.48,2,0.92,-9.15,-3.92,-1.49,0.0,从未跌破（观测期内）,2026-07-03,42.7,0.1037,0.1282,0.4072,0.3135,0.7268,0.3213,0.2719
002380,科远智慧,50.51,False,35.52,36.51,0,-2.71,-13.75,-7.53,-2.71,0.0,从未跌破（观测期内）,2026-07-03,43.43,0.4289,-0.2493,0.4645,0.3576,0.7428,0.2259,0.2718
002032,苏 泊 尔,336.1,False,42.04,41.61,2,1.03,-7.84,-5.03,1.03,0.0036,从未跌破（观测期内）,2026-07-03,47.13,0.1394,-0.52,0.2622,0.0836,0.8251,0.563,0.2718
605151,西上海,25.93,False,19.27,19.2,2,5.14,-11.12,-7.05,0.35,0.0,从未跌破（观测期内）,2026-07-03,50.52,-0.2783,0.4143,0.6431,0.3657,0.9005,0.0,0.2715
002666,德联集团,20.38,False,4.07,4.2,0,-3.2,-9.49,-6.32,-3.2,0.0,从未跌破（观测期内）,2026-07-03,31.25,0.1639,0.2695,0.2977,0.4061,0.4722,0.5038,0.2715
002183,怡 亚 通,128.81,False,4.96,5.61,1,2.75,-17.64,-8.97,-11.54,0.0,从未跌破（观测期内）,2026-07-03,41.18,0.7246,-0.2574,0.7425,0.5318,0.6928,0.0,0.2715
002873,新天药业,18.94,False,7.9,7.85,1,0.69,-10.96,-7.22,0.69,0.0,从未跌破（观测期内）,2026-07-03,45.11,-0.2594,0.0619,0.3631,0.2247,0.7801,0.3949,0.2714
002321,华英农业,38.23,False,1.8,1.77,2,1.49,-8.51,-4.72,1.49,0.0236,从未跌破（观测期内）,2026-07-03,45.45,-0.0595,-0.0907,0.3461,0.1637,0.7879,0.4232,0.2714
600169,ST太重,69.0,False,2.07,2.1,0,-0.54,-12.86,-5.17,-1.45,0.0,从未跌破（观测期内）,2026-07-03,33.96,-0.637,1.0703,0.3403,0.4,0.5325,0.4329,0.2714
603633,徕木股份,30.43,False,7.13,7.62,4,6.48,-16.59,-5.63,-6.47,0.0,从未跌破（观测期内）,2026-07-03,43.95,0.7382,-0.8423,0.5613,0.4429,0.7544,0.0645,0.2713
600640,国脉文化,80.34,False,10.15,10.45,0,-2.89,-12.18,-7.9,-2.89,0.0,从未跌破（观测期内）,2026-07-03,39.91,0.3439,-0.3653,0.3068,0.2602,0.6647,0.4886,0.2713
000019,深粮控股,24.64,False,5.92,6.06,1,0.14,-8.2,-4.46,-2.23,0.0,从未跌破（观测期内）,2026-07-03,30.43,0.6869,-0.4935,0.2932,0.4148,0.4541,0.5113,0.2712
002187,广百股份,34.27,False,4.89,5.05,0,-2.93,-11.1,-6.61,-3.13,0.0,从未跌破（观测期内）,2026-07-03,31.73,0.6913,-0.5493,0.3164,0.4148,0.4829,0.4727,0.2712
603031,安孚科技,166.06,True,52.82,53.26,6,16.69,-10.17,-2.14,-0.83,0.0214,从未跌破（观测期内）,2026-07-03,53.36,0.2715,-0.2087,0.7751,0.2795,0.9635,0.0,0.2711
603822,ST嘉澳,57.76,False,75.18,74.2,9,8.97,-13.04,-2.09,1.32,0.124,从未跌破（观测期内）,2026-07-03,45.3,0.3073,-0.8778,0.526,0.1844,0.7843,0.1234,0.2711
600104,上汽集团,1162.17,False,10.11,10.5,0,-3.68,-12.06,-8.54,-3.68,0.0,从未跌破（观测期内）,2026-07-03,27.12,-0.2948,0.963,0.2199,0.4,0.3804,0.6334,0.2711
002190,成飞集成,86.85,False,24.21,25.26,1,0.64,-14.42,-6.94,-4.15,0.0,从未跌破（观测期内）,2026-07-03,34.46,0.5905,0.1723,0.5746,0.6232,0.5435,0.0424,0.2709
000008,神州高铁,64.38,False,2.37,2.44,0,-0.49,-9.87,-3.87,-2.89,0.0,从未跌破（观测期内）,2026-07-03,43.75,-0.2894,0.1381,0.3715,0.2552,0.75,0.3809,0.2709
603169,兰石重装,88.57,False,6.78,7.43,4,7.5,-10.45,-5.43,-8.8,0.0,从未跌破（观测期内）,2026-07-03,42.42,0.5167,-0.0068,0.6452,0.5073,0.7204,0.0,0.2709
600626,申达股份,36.78,False,3.32,3.39,0,-0.64,-10.63,-6.61,-2.11,0.0,从未跌破（观测期内）,2026-07-03,40.51,0.1825,-0.1601,0.3042,0.2455,0.6779,0.4929,0.2709
003016,欣贺股份,26.63,False,6.48,6.64,0,-2.43,-10.16,-7.21,-2.43,0.0,从未跌破（观测期内）,2026-07-03,34.01,-0.5048,0.3864,0.2986,0.3546,0.5336,0.5023,0.2707
600391,航发科技,117.26,True,35.52,33.27,4,6.77,-20.09,-6.96,6.77,0.0587,从未跌破（观测期内）,2026-07-03,51.58,0.2586,-0.2649,0.7971,0.2492,0.924,0.0,0.2706
603321,梅轮电梯,20.95,False,6.08,6.15,0,-1.13,-9.43,-5.93,-1.13,0.0,从未跌破（观测期内）,2026-07-03,41.79,-0.5422,0.0319,0.2958,0.2128,0.7065,0.5069,0.2705
603699,纽威股份,386.43,False,50.97,52.16,1,1.36,-11.99,-6.2,-2.28,0.0,从未跌破（观测期内）,2026-07-03,50.2,-0.2208,0.3518,0.5738,0.3407,0.8933,0.0437,0.2704
603079,圣达生物,22.68,False,12.0,12.31,0,-2.55,-11.38,-7.94,-2.55,0.0,从未跌破（观测期内）,2026-07-03,36.24,-0.7699,1.913,0.3853,0.4,0.583,0.3578,0.2703
002725,跃岭股份,30.75,False,12.35,13.01,0,-2.73,-16.36,-8.84,-5.08,0.0,从未跌破（观测期内）,2026-07-03,44.79,0.5617,-0.3483,0.5351,0.3977,0.7731,0.1081,0.2703
603232,格尔软件,34.49,True,14.91,16.09,2,9.29,-18.64,-11.57,-7.35,0.0,从未跌破（观测期内）,2026-07-03,40.24,0.9054,-0.7919,0.6147,0.5432,0.6721,0.0,0.2702
000839,国安股份,101.13,False,2.58,2.7,2,2.87,-14.5,-7.07,-4.32,0.0,从未跌破（观测期内）,2026-07-03,48.15,0.4917,-0.3053,0.5704,0.3729,0.8477,0.0493,0.2702
002041,登海种业,71.63,False,8.14,8.3,2,2.63,-8.9,-4.05,-1.93,0.0,从未跌破（观测期内）,2026-07-03,36.14,0.4875,-0.2467,0.378,0.3938,0.5809,0.37,0.2701
000889,中嘉博创,28.53,False,3.28,3.61,3,10.81,-16.55,-8.04,-9.24,0.0,从未跌破（观测期内）,2026-07-03,45.16,0.7587,-0.615,0.695,0.4552,0.7814,0.0,0.2701
600125,铁龙物流,68.8,False,5.27,5.37,0,-0.81,-6.49,-3.47,-1.82,0.0,从未跌破（观测期内）,2026-07-03,41.12,0.1733,-0.3539,0.2355,0.1624,0.6916,0.6075,0.27
600983,惠而浦,56.64,False,7.39,7.55,3,3.0,-11.02,-4.65,-2.12,0.0,从未跌破（观测期内）,2026-07-03,37.87,0.354,0.0694,0.456,0.4402,0.6193,0.24,0.2699
002895,川恒股份,190.06,False,31.7,30.79,2,3.57,-9.94,-3.9,2.94,0.0454,从未跌破（观测期内）,2026-07-03,51.56,0.1953,-0.1228,0.6609,0.268,0.9236,0.0,0.2699
603028,赛福天,19.72,False,6.94,7.18,0,-3.4,-13.4,-9.67,-3.4,0.0,从未跌破（观测期内）,2026-07-03,37.26,-0.447,0.4822,0.3983,0.3929,0.6059,0.3362,0.2698
603208,江山欧派,19.59,False,11.14,11.4,0,-1.75,-12.41,-7.63,-2.26,0.0,从未跌破（观测期内）,2026-07-03,38.71,-0.2861,0.4867,0.4262,0.3947,0.638,0.2896,0.2697
600674,川投能源,710.72,False,14.58,14.66,5,2.42,-7.61,-2.28,-0.55,0.0642,从未跌破（观测期内）,2026-07-03,31.65,0.4295,-0.535,0.2672,0.2577,0.4812,0.5546,0.2696
002358,森源电气,52.25,False,5.62,5.84,0,-2.09,-11.96,-7.18,-3.72,0.0,从未跌破（观测期内）,2026-07-03,43.26,0.2207,-0.1416,0.3884,0.2758,0.7391,0.3526,0.2696
000826,*ST启环,26.08,False,1.83,2.04,3,3.83,-19.05,-6.06,-10.32,0.0,从未跌破（观测期内）,2026-07-03,34.78,0.447,0.2904,0.5465,0.5844,0.5507,0.0891,0.2696
000020,深华发Ａ,20.22,False,11.16,11.53,0,-1.84,-9.0,-6.02,-3.24,0.0,从未跌破（观测期内）,2026-07-03,41.02,-0.524,0.1486,0.3323,0.2594,0.6893,0.4461,0.2696
605001,威奥股份,22.71,False,5.78,5.86,0,-1.29,-9.51,-6.75,-1.29,0.0,从未跌破（观测期内）,2026-07-03,40.27,-0.4586,0.1888,0.3358,0.2755,0.6726,0.4404,0.2695
601500,通用股份,61.42,False,3.88,3.87,1,0.19,-8.88,-5.8,0.19,0.0,从未跌破（观测期内）,2026-07-03,42.7,-0.057,-0.0302,0.2917,0.1879,0.7266,0.5138,0.2694
605268,王力安防,41.59,False,9.44,9.62,0,-1.89,-8.5,-6.52,-1.89,0.0,从未跌破（观测期内）,2026-07-03,39.62,0.1438,-0.1312,0.2828,0.2338,0.6583,0.5286,0.2694
603328,依顿电子,120.01,True,12.02,13.36,15,15.19,-10.06,2.8,-10.06,0.0569,从未跌破（观测期内）,2026-07-03,41.35,0.6592,-0.417,0.7505,0.4287,0.6968,0.0,0.2693
002076,*ST星光,25.54,False,2.45,2.46,4,9.87,-13.1,-3.12,-0.37,0.0,从未跌破（观测期内）,2026-07-03,48.06,-0.3328,1.0441,0.6741,0.4,0.8458,0.0,0.2692
603196,璞源材料,55.57,False,23.45,24.12,8,11.27,-15.58,-3.08,-2.79,0.0,从未跌破（观测期内）,2026-07-03,58.03,0.4609,-0.3807,0.5936,0.3243,0.9326,0.0107,0.2692
600749,西藏旅游,31.93,False,14.07,14.86,6,10.73,-11.53,-2.65,-5.3,0.0,从未跌破（观测期内）,2026-07-03,26.48,0.8498,0.0955,0.5647,0.7481,0.3662,0.0588,0.2691
600116,三峡水利,109.37,False,5.72,6.04,2,3.29,-12.01,-6.39,-5.26,0.0,从未跌破（观测期内）,2026-07-03,22.22,0.8666,-0.7065,0.2607,0.52,0.2716,0.5655,0.2691
603708,家家悦,57.2,False,8.96,9.02,0,-0.23,-8.49,-4.21,-0.7,0.0,从未跌破（观测期内）,2026-07-03,33.68,0.5727,-0.6386,0.2881,0.3436,0.5263,0.5198,0.2691
605088,冠盛股份,63.28,False,31.45,30.83,1,2.0,-12.91,-6.19,2.0,0.0,从未跌破（观测期内）,2026-07-03,39.53,-0.359,0.3757,0.3991,0.3503,0.6562,0.3348,0.269
600238,*ST椰岛,21.42,False,4.81,4.82,1,0.09,-9.12,-3.74,-0.24,0.0,从未跌破（观测期内）,2026-07-03,46.67,-0.2468,0.0509,0.3962,0.2204,0.8148,0.3397,0.269
600606,绿地控股,178.49,False,1.27,1.32,0,-2.99,-9.84,-5.59,-3.5,0.0,从未跌破（观测期内）,2026-07-03,29.63,0.4798,-0.2416,0.2643,0.3913,0.4362,0.5595,0.269
600168,武汉控股,41.62,False,4.19,4.27,0,-1.85,-8.35,-5.76,-1.85,0.0,从未跌破（观测期内）,2026-07-03,33.33,0.4967,-0.6983,0.2371,0.298,0.5185,0.6049,0.2689
601717,中创智领,235.49,False,15.27,15.59,0,-0.65,-12.97,-5.81,-2.05,0.0,从未跌破（观测期内）,2026-07-03,35.35,-0.235,0.8306,0.3754,0.4,0.5633,0.3744,0.2688
002823,凯中精密,33.73,True,15.41,16.32,5,19.24,-19.97,-5.21,-5.58,0.0,从未跌破（观测期内）,2026-07-03,40.03,0.9015,-0.5787,0.6243,0.5409,0.6674,0.0,0.2687
601106,中国一重,226.31,False,3.3,3.44,0,-3.23,-10.75,-6.77,-3.93,0.0,从未跌破（观测期内）,2026-07-03,34.78,-0.5155,0.3507,0.3062,0.3403,0.5507,0.4897,0.2687
600661,昂立教育,21.61,False,7.54,7.59,0,-0.7,-11.24,-7.83,-0.7,0.0,从未跌破（观测期内）,2026-07-03,41.37,-0.4458,0.7674,0.4826,0.4,0.697,0.1957,0.2687
001386,马可波罗,15.85,False,14.74,15.23,4,2.77,-10.94,-4.93,-3.2,0.0,从未跌破（观测期内）,2026-07-03,27.64,0.3909,0.3047,0.3954,0.5564,0.3921,0.341,0.2687
600794,保税科技,36.36,True,3.03,3.04,0,-0.38,-7.21,-4.46,-0.38,0.0,从未跌破（观测期内）,2026-07-03,43.75,-0.1238,-0.0247,0.3155,0.1901,0.75,0.4742,0.2687
002351,漫步者,49.55,False,9.51,9.87,1,1.6,-11.7,-6.47,-3.62,0.0,从未跌破（观测期内）,2026-07-03,32.74,0.6568,-0.4081,0.3604,0.4308,0.5052,0.3993,0.2686
000791,甘肃能源,150.01,False,7.75,8.29,4,12.15,-15.21,-6.15,-6.55,0.0,从未跌破（观测期内）,2026-07-03,42.75,0.8197,-0.7804,0.6767,0.4918,0.7277,0.0,0.2685
603112,华翔股份,92.54,False,17.31,18.03,1,0.19,-13.78,-9.3,-3.99,0.0,从未跌破（观测期内）,2026-07-03,40.29,0.7806,-0.4277,0.5617,0.4973,0.673,0.0638,0.2685
603829,洛凯股份,32.63,False,17.52,18.31,0,-4.31,-20.95,-14.61,-4.31,0.0,从未跌破（观测期内）,2026-07-03,31.25,0.3874,0.2397,0.4321,0.5283,0.4722,0.2798,0.2685
001360,南矿集团,22.59,False,18.0,18.99,7,9.36,-14.91,-4.13,-5.21,0.0,从未跌破（观测期内）,2026-07-03,46.3,0.5604,-0.2741,0.6447,0.4266,0.8067,0.0,0.268
002930,宏川智慧,42.55,False,9.82,9.49,3,6.55,-28.35,-13.31,3.5,0.0,从未跌破（观测期内）,2026-07-03,49.38,0.3263,-0.061,0.6874,0.3714,0.8752,0.0,0.2679
600820,隧道股份,167.89,False,5.34,5.38,0,-0.84,-4.77,-2.99,-0.84,0.0203,从未跌破（观测期内）,2026-07-03,34.55,0.1822,-0.3205,0.1793,0.1811,0.5455,0.7011,0.2677
601139,深圳燃气,169.73,False,5.9,5.93,1,0.0,-7.58,-3.86,-0.47,0.0,从未跌破（观测期内）,2026-07-03,38.46,0.2251,-0.4149,0.2045,0.1691,0.6325,0.6592,0.2677
002533,金杯电工,70.33,False,11.03,11.11,0,-0.7,-13.69,-7.25,-0.7,0.0,从未跌破（观测期内）,2026-07-03,48.1,0.032,-0.0086,0.4231,0.2158,0.8467,0.2948,0.2675
603982,泉峰汽车,20.03,True,5.9,6.09,0,-3.07,-11.78,-8.57,-3.07,0.0,从未跌破（观测期内）,2026-07-03,34.51,-0.35,0.408,0.3291,0.3632,0.5446,0.4516,0.2675
600327,大东方,29.37,False,3.32,3.37,0,-1.38,-9.52,-5.3,-1.38,0.0,从未跌破（观测期内）,2026-07-03,40.22,0.3835,-0.2698,0.3896,0.3222,0.6715,0.3507,0.2675
603158,腾龙股份,58.11,False,11.84,13.11,5,9.17,-15.3,-7.37,-9.68,0.0,从未跌破（观测期内）,2026-07-03,40.0,0.8139,-0.3788,0.622,0.5368,0.6667,0.0,0.2675
600273,嘉化能源,87.86,False,6.7,6.86,0,-1.79,-6.11,-4.33,-2.39,0.0,从未跌破（观测期内）,2026-07-03,41.51,-0.2179,-0.0218,0.2818,0.1913,0.7002,0.5304,0.2674
603093,南华期货,114.08,False,18.7,19.48,7,7.46,-16.77,-5.33,-4.0,0.0,从未跌破（观测期内）,2026-07-03,48.21,0.6506,-0.5669,0.7493,0.3904,0.849,0.0,0.2674
605319,无锡振华,78.96,False,22.68,24.86,10,8.89,-11.62,-2.23,-8.75,0.0,从未跌破（观测期内）,2026-07-03,20.75,0.6071,0.0962,0.3241,0.6027,0.2388,0.4598,0.2674
601002,晋亿实业,43.62,False,4.57,4.66,0,-1.97,-10.88,-6.71,-1.97,0.0,从未跌破（观测期内）,2026-07-03,37.5,0.0,0.2282,0.3106,0.2913,0.6111,0.4823,0.2674
001217,华尔泰,29.54,False,9.0,9.21,0,-0.38,-10.1,-6.28,-2.3,0.0,从未跌破（观测期内）,2026-07-03,37.83,-0.1614,1.0002,0.4256,0.4,0.6184,0.2906,0.2673
603291,联合水务,35.85,False,8.47,8.82,0,-3.96,-13.59,-10.47,-3.96,0.0,从未跌破（观测期内）,2026-07-03,37.04,0.002,0.751,0.413,0.4012,0.6008,0.3116,0.2672
605287,德才股份,61.87,False,44.19,42.26,5,4.58,-16.84,-4.6,4.58,0.079,从未跌破（观测期内）,2026-07-03,65.74,-0.2213,0.2364,0.5612,0.2945,0.7614,0.0647,0.2672
002775,文科股份,21.43,False,3.69,3.77,2,3.28,-13.66,-4.16,-2.07,0.0,从未跌破（观测期内）,2026-07-03,44.83,0.4885,-0.2301,0.5517,0.4011,0.7739,0.0805,0.2671
600509,天富能源,112.98,False,8.22,8.39,2,9.97,-14.0,-5.05,-2.02,0.0,从未跌破（观测期内）,2026-07-03,52.04,0.2142,-0.0191,0.6753,0.3209,0.9342,0.0,0.2671
002551,尚荣医疗,17.54,False,2.87,2.86,1,0.38,-9.13,-6.29,0.38,0.0,从未跌破（观测期内）,2026-07-03,43.04,-0.3973,0.0883,0.3545,0.2353,0.7342,0.4091,0.267
000421,南京公用,30.61,False,5.33,5.32,1,0.09,-8.39,-5.48,0.09,0.0,从未跌破（观测期内）,2026-07-03,42.24,-0.2153,-0.0753,0.2752,0.1699,0.7165,0.5413,0.267
000886,海南高速,41.07,False,4.2,4.28,0,-1.82,-11.4,-7.13,-1.82,0.0,从未跌破（观测期内）,2026-07-03,37.68,-0.1675,0.1023,0.265,0.2409,0.6151,0.5583,0.267
002686,亿利达,28.65,False,5.48,5.64,0,-2.92,-13.89,-10.2,-2.92,0.0,从未跌破（观测期内）,2026-07-03,35.21,-0.5614,0.4456,0.3586,0.3782,0.5603,0.4023,0.2669
000678,襄阳轴承,44.08,False,9.59,9.71,0,-1.22,-19.97,-12.17,-1.22,0.0,从未跌破（观测期内）,2026-07-03,47.56,-0.3556,0.8818,0.6505,0.4,0.8346,0.0,0.2669
000419,通程控股,25.93,False,4.77,4.78,0,-0.25,-7.55,-5.26,-0.25,0.0,从未跌破（观测期内）,2026-07-03,43.75,0.1637,-0.2497,0.3315,0.1983,0.75,0.4475,0.2667
603102,百合股份,21.5,False,33.6,33.64,0,-0.1,-10.22,-6.29,-0.1,0.0,从未跌破（观测期内）,2026-07-03,40.8,-0.4668,-0.0191,0.2733,0.1924,0.6844,0.5446,0.2666
002526,山东矿机,48.0,False,2.71,2.78,0,-2.52,-12.32,-7.03,-2.52,0.0,从未跌破（观测期内）,2026-07-03,32.81,-0.2269,0.6989,0.3393,0.4,0.5069,0.4345,0.2666
003037,三和管桩,34.33,False,5.73,6.02,1,0.7,-13.65,-8.57,-4.75,0.0,从未跌破（观测期内）,2026-07-03,28.46,0.7695,-0.711,0.3248,0.4617,0.4101,0.4587,0.2663
000006,深振业Ａ,100.03,False,7.41,7.73,0,-3.97,-18.28,-11.1,-4.2,0.0,从未跌破（观测期内）,2026-07-03,41.27,0.6078,-0.6049,0.4555,0.3647,0.6949,0.2408,0.2663
000912,泸天化,53.31,False,3.4,3.49,0,-2.47,-9.44,-6.46,-2.47,0.0,从未跌破（观测期内）,2026-07-03,32.56,0.5215,-0.3421,0.3118,0.3761,0.5013,0.4803,0.2663
600009,上海机场,469.01,False,22.92,23.17,1,0.99,-8.66,-3.66,-1.06,0.0,从未跌破（观测期内）,2026-07-03,37.35,0.1894,-0.0866,0.3003,0.279,0.6079,0.4995,0.2662
600022,山东钢铁,135.88,False,1.27,1.28,1,0.68,-5.78,-2.81,-1.17,0.0141,从未跌破（观测期内）,2026-07-03,31.25,0.3857,-0.3518,0.2262,0.2907,0.4722,0.6231,0.2662
001280,中国铀业,115.2,False,66.31,69.63,5,2.91,-11.21,-3.86,-4.77,0.0,从未跌破（观测期内）,2026-07-03,26.02,0.691,-0.1174,0.3878,0.5676,0.356,0.3537,0.2662
603999,读者传媒,30.12,False,5.23,5.38,0,-2.64,-13.22,-8.58,-2.81,0.0,从未跌破（观测期内）,2026-07-03,38.1,0.3598,-0.3821,0.2987,0.263,0.6243,0.5022,0.266
600051,宁波联合,18.75,False,6.03,6.06,0,-0.5,-10.48,-7.01,-0.5,0.0,从未跌破（观测期内）,2026-07-03,42.36,0.2079,-0.3415,0.2996,0.1881,0.7191,0.5007,0.266
603172,XD万丰股,23.47,False,17.6,18.06,0,-1.55,-13.02,-7.58,-2.56,0.0,从未跌破（观测期内）,2026-07-03,40.09,-0.1512,0.5179,0.4714,0.4,0.6686,0.2143,0.2659
600313,农发种业,58.11,False,5.37,5.62,0,-3.13,-9.22,-5.91,-4.52,0.0,从未跌破（观测期内）,2026-07-03,20.45,0.7444,-0.3187,0.2413,0.5192,0.2323,0.5978,0.2659
000570,苏常柴Ａ,27.78,False,5.0,5.05,0,-0.9,-10.89,-7.79,-0.9,0.0,从未跌破（观测期内）,2026-07-03,40.38,-0.2716,0.043,0.2944,0.2172,0.6752,0.5094,0.2658
000548,湖南投资,21.47,False,4.3,4.37,0,-1.69,-8.58,-6.62,-1.69,0.0,从未跌破（观测期内）,2026-07-03,41.18,0.2201,-0.3209,0.295,0.2037,0.6928,0.5083,0.2657
002676,顺威股份,38.37,False,5.33,5.3,4,2.92,-12.35,-4.83,0.53,0.0,从未跌破（观测期内）,2026-07-03,41.76,0.1583,0.5403,0.5975,0.495,0.7057,0.0042,0.2655
000692,惠天热电,21.85,False,4.1,4.32,1,1.91,-12.56,-8.26,-5.17,0.0,从未跌破（观测期内）,2026-07-03,27.06,0.8537,-0.7231,0.3536,0.5122,0.3791,0.4106,0.2655
600594,益佰制药,25.34,False,3.2,3.19,1,0.28,-10.66,-7.09,0.28,0.0,从未跌破（观测期内）,2026-07-03,45.79,-0.3254,0.0893,0.4106,0.2357,0.7954,0.3157,0.2654
600617,国新能源,50.43,True,2.84,2.95,1,0.36,-16.64,-9.64,-3.79,0.0,从未跌破（观测期内）,2026-07-03,31.17,0.8052,-0.803,0.3986,0.4831,0.4704,0.3357,0.2652
601818,光大银行,1382.92,False,2.98,3.08,10,3.43,-6.76,-1.21,-3.11,0.1168,从未跌破（观测期内）,2026-07-03,24.49,-0.121,0.0589,0.2072,0.2236,0.322,0.6546,0.2652
600138,中青旅,49.15,False,6.79,7.07,0,-3.74,-10.45,-6.62,-3.99,0.0,从未跌破（观测期内）,2026-07-03,28.06,-0.5344,0.5983,0.2604,0.4,0.4013,0.5659,0.2651
601231,XD环旭电,730.78,False,30.59,35.25,3,10.02,-20.2,-8.11,-13.22,0.0,从未跌破（观测期内）,2026-07-03,42.92,0.5124,-0.081,0.8953,0.475,0.7316,0.0,0.2651
600711,盛屯矿业,354.18,False,11.46,11.92,6,9.77,-12.91,-3.14,-3.89,0.0,从未跌破（观测期内）,2026-07-03,36.3,0.4235,0.3458,0.7555,0.5924,0.5844,0.0,0.265
603458,勘设股份,33.8,False,11.04,13.81,14,11.05,-20.04,1.7,-20.04,0.0,从未跌破（观测期内）,2026-07-03,40.75,0.189,0.8636,0.9191,0.5134,0.6833,0.0,0.265
000514,渝 开 发,32.32,False,3.83,3.96,0,-3.36,-12.05,-7.54,-3.36,0.0,从未跌破（观测期内）,2026-07-03,33.62,-0.1264,1.4579,0.3612,0.4,0.5249,0.398,0.2647
600199,金种子酒,43.41,False,6.6,6.69,0,-1.24,-16.14,-10.2,-1.32,0.0,从未跌破（观测期内）,2026-07-03,46.18,0.2572,0.0217,0.5475,0.363,0.8041,0.0874,0.2647
600782,新钢股份,80.84,False,2.57,2.58,1,0.02,-5.34,-3.14,-0.23,0.0296,从未跌破（观测期内）,2026-07-03,40.0,-0.3129,-0.2386,0.2265,0.1046,0.6667,0.6226,0.2647
600189,泉阳泉,55.71,False,7.79,7.69,3,2.03,-8.59,-3.66,1.23,0.0498,从未跌破（观测期内）,2026-07-03,48.37,-0.1553,-0.4279,0.332,0.0289,0.8527,0.4466,0.2647
000557,西部创业,53.21,False,3.65,3.75,0,-2.67,-11.11,-7.44,-2.67,0.0,从未跌破（观测期内）,2026-07-03,34.88,-0.4064,0.2874,0.2988,0.315,0.553,0.5021,0.2646
000676,智度股份,67.11,False,5.33,5.46,0,-1.7,-14.01,-7.63,-2.3,0.0,从未跌破（观测期内）,2026-07-03,40.16,-0.1722,0.1685,0.3456,0.2674,0.6703,0.4239,0.2645
002140,东华科技,65.69,True,9.29,9.6,0,-0.09,-7.11,-3.87,-3.24,0.0,从未跌破（观测期内）,2026-07-03,33.73,-0.3073,0.2172,0.2512,0.2869,0.5274,0.5814,0.2644
601016,节能风电,222.81,True,3.69,3.92,1,0.69,-16.41,-10.25,-5.96,0.0,从未跌破（观测期内）,2026-07-03,42.76,0.7921,-0.5834,0.6378,0.4752,0.728,0.0,0.2644
601899,紫金矿业,5731.42,False,27.82,27.65,5,3.59,-12.62,-5.73,0.6,0.0,从未跌破（观测期内）,2026-07-03,46.95,-0.1714,0.616,0.6876,0.4,0.8211,0.0,0.2642
002414,高德红外,430.26,False,12.66,13.07,10,6.53,-12.36,-1.28,-3.11,0.0495,从未跌破（观测期内）,2026-07-03,45.98,0.1568,-0.1862,0.4816,0.2196,0.7996,0.1973,0.2642
000909,*ST数源,19.08,False,4.36,3.98,3,9.44,-16.4,-8.48,9.44,0.0716,从未跌破（观测期内）,2026-07-03,58.44,0.292,-0.5881,0.5721,0.1752,0.9235,0.0464,0.2641
603308,应流股份,412.73,False,60.78,62.23,5,7.4,-15.31,-4.8,-2.33,0.0,从未跌破（观测期内）,2026-07-03,51.21,0.2681,-0.0941,0.6113,0.3232,0.9158,0.0,0.264
600995,南网储能,391.51,True,12.25,12.99,3,9.86,-13.29,-6.84,-5.71,0.0,从未跌破（观测期内）,2026-07-03,29.54,0.8923,-0.8089,0.4266,0.5354,0.4342,0.2889,0.264
002015,协鑫能科,252.1,False,15.53,17.96,3,10.78,-20.27,-10.44,-13.54,0.0,从未跌破（观测期内）,2026-07-03,40.99,0.8418,-0.6671,0.7723,0.5051,0.6887,0.0,0.264
000936,华西股份,47.48,False,5.36,5.67,0,-5.41,-15.12,-9.65,-5.41,0.0,从未跌破（观测期内）,2026-07-03,36.49,0.2714,-0.0056,0.3754,0.3606,0.5886,0.3743,0.264
600639,浦东金桥,80.18,False,9.43,9.52,1,0.49,-4.93,-2.35,-0.94,0.0409,从未跌破（观测期内）,2026-07-03,38.41,-0.3457,-0.2532,0.2139,0.0987,0.6314,0.6435,0.2639
002045,国光电器,44.88,False,7.99,8.38,0,-4.32,-13.97,-8.97,-4.66,0.0,从未跌破（观测期内）,2026-07-03,35.06,-0.6177,0.2686,0.2972,0.3074,0.5568,0.5047,0.2639
601609,金田股份,197.58,False,11.43,11.79,4,6.05,-14.78,-4.8,-3.04,0.0,从未跌破（观测期内）,2026-07-03,39.23,0.692,-0.199,0.7244,0.5356,0.6496,0.0,0.2638
603897,长城科技,70.85,True,34.32,36.67,1,0.86,-23.89,-14.59,-6.4,0.0,从未跌破（观测期内）,2026-07-03,46.85,-0.0611,3.7444,0.7996,0.4,0.8189,0.0,0.2638
603323,苏农银行,89.04,False,4.01,4.12,6,2.63,-7.0,-1.78,-2.75,0.0534,从未跌破（观测期内）,2026-07-03,28.38,0.3796,-0.3378,0.2499,0.2926,0.4084,0.5835,0.2637
600629,华建集团,142.12,False,12.36,13.03,0,-0.15,-16.93,-8.41,-5.16,0.0,从未跌破（观测期内）,2026-07-03,40.6,0.3295,-0.2151,0.4012,0.3117,0.68,0.3313,0.2636
000859,国风新材,85.2,False,9.51,10.88,16,10.04,-16.75,1.65,-12.61,0.0,从未跌破（观测期内）,2026-07-03,41.7,0.6297,-0.2179,0.8829,0.4907,0.7044,0.0,0.2636
601997,贵阳银行,190.85,False,5.22,5.48,4,2.32,-7.51,-2.45,-4.72,0.0,从未跌破（观测期内）,2026-07-03,19.59,0.5939,-0.1067,0.2303,0.5137,0.2131,0.6162,0.2635
600518,康美药业,178.31,False,1.29,1.34,0,-3.95,-14.34,-7.88,-3.95,0.0,从未跌破（观测期内）,2026-07-03,37.78,-0.3993,0.5121,0.4407,0.4,0.6173,0.2655,0.2633
002879,长缆科技,18.91,True,13.79,14.17,0,-2.66,-11.87,-8.08,-2.66,0.0,从未跌破（观测期内）,2026-07-03,39.29,-0.3035,0.1472,0.3264,0.2589,0.6508,0.456,0.2633
001311,多利科技,30.89,True,17.44,17.77,0,-1.87,-14.66,-9.87,-1.87,0.0,从未跌破（观测期内）,2026-07-03,38.29,-0.3607,0.2056,0.3322,0.2823,0.6286,0.4463,0.2632
603535,嘉诚国际,32.49,False,6.36,6.48,0,-1.9,-12.94,-8.62,-1.9,0.0,从未跌破（观测期内）,2026-07-03,39.33,-0.5053,0.0945,0.3066,0.2378,0.6519,0.489,0.2632
601366,利群股份,33.02,False,3.44,3.49,0,-1.33,-9.62,-5.1,-1.33,0.0,从未跌破（观测期内）,2026-07-03,38.67,0.293,-0.3179,0.306,0.2487,0.637,0.49,0.2631
600869,远东股份,631.41,False,28.45,32.54,19,32.0,-12.56,18.49,-12.56,0.2383,从未跌破（观测期内）,2026-07-03,38.81,-0.2957,-0.1022,0.9098,0.1591,0.6402,0.0,0.2631
002948,青岛银行,185.62,False,5.27,5.42,8,6.39,-6.51,-0.77,-2.83,0.0815,从未跌破（观测期内）,2026-07-03,28.8,0.4612,-0.3306,0.3572,0.3445,0.4178,0.4047,0.263
000858,五 粮 液,2841.66,False,73.21,76.62,0,-3.28,-8.07,-5.14,-4.44,0.0,从未跌破（观测期内）,2026-07-03,26.39,-0.6376,0.4202,0.2073,0.3681,0.3642,0.6545,0.263
002375,亚厦股份,44.93,False,3.39,3.52,0,-3.65,-11.06,-8.96,-3.65,0.0,从未跌破（观测期内）,2026-07-03,24.56,0.6701,-0.501,0.2093,0.4021,0.3236,0.6511,0.2629
002827,高争民爆,68.25,False,24.73,25.56,1,0.99,-12.81,-7.33,-3.23,0.0,从未跌破（观测期内）,2026-07-03,42.32,0.3539,-0.1509,0.4749,0.352,0.7183,0.2085,0.2629
603833,欧派家居,196.88,False,32.32,32.4,0,-0.25,-13.83,-8.61,-0.25,0.0,从未跌破（观测期内）,2026-07-03,37.53,0.4129,-0.4106,0.3217,0.2835,0.6118,0.4638,0.2628
002912,中新赛克,30.66,False,18.9,19.23,0,-1.73,-12.64,-7.65,-1.73,0.0,从未跌破（观测期内）,2026-07-03,45.86,-0.3185,-0.1277,0.3352,0.1489,0.7969,0.4414,0.2628
600780,通宝能源,70.17,False,6.12,6.32,2,6.98,-13.21,-7.61,-3.23,0.0,从未跌破（观测期内）,2026-07-03,30.88,0.8691,-0.7927,0.4418,0.5214,0.4641,0.2637,0.2627
600085,同仁堂,320.38,False,23.36,23.38,0,-0.09,-8.09,-3.91,-0.09,0.0,从未跌破（观测期内）,2026-07-03,39.56,-0.4818,0.0938,0.3127,0.2375,0.6569,0.4788,0.2626
600510,黑牡丹,75.65,False,7.33,7.67,1,1.01,-12.97,-6.89,-4.43,0.0,从未跌破（观测期内）,2026-07-03,43.94,-0.1464,0.3031,0.4744,0.3212,0.7543,0.2094,0.2626
600271,航天信息,125.26,True,6.76,6.91,0,-2.18,-9.71,-6.12,-2.18,0.0,从未跌破（观测期内）,2026-07-03,38.41,-0.3339,0.125,0.3049,0.25,0.6312,0.4918,0.2625
002564,天沃科技,38.65,True,4.5,4.63,0,-2.73,-13.72,-8.84,-2.73,0.0,从未跌破（观测期内）,2026-07-03,36.17,-0.0623,0.8306,0.4152,0.4,0.5816,0.308,0.2625
002857,三晖电气,22.12,False,17.2,17.3,0,-0.09,-16.8,-8.3,-0.6,0.0,从未跌破（观测期内）,2026-07-03,47.99,0.5417,-0.5522,0.5502,0.325,0.8441,0.0829,0.2625
000504,南华生物,26.26,False,7.98,7.98,3,2.2,-14.59,-8.38,0.05,0.0,从未跌破（观测期内）,2026-07-03,42.42,-0.2753,1.362,0.5268,0.4,0.7205,0.122,0.2624
002817,黄山胶囊,18.07,False,6.23,6.27,0,-0.71,-11.24,-7.6,-0.71,0.0,从未跌破（观测期内）,2026-07-03,42.05,-0.6444,0.0205,0.3284,0.2082,0.7121,0.4526,0.2624
002566,益盛药业,14.95,False,6.45,6.51,0,-0.96,-10.35,-6.6,-0.96,0.0,从未跌破（观测期内）,2026-07-03,41.79,-0.3936,0.145,0.3738,0.258,0.7065,0.3771,0.2624
002682,龙洲股份,24.86,False,4.42,4.62,0,-4.28,-11.58,-8.44,-4.28,0.0,从未跌破（观测期内）,2026-07-03,32.71,-0.5243,0.4347,0.3278,0.3739,0.5047,0.4536,0.2624
600478,科力远,84.44,False,5.07,5.45,2,1.88,-13.63,-7.59,-6.94,0.0,从未跌破（观测期内）,2026-07-03,38.21,0.6059,-0.3234,0.4861,0.4342,0.6268,0.1898,0.2624
600558,大西洋,45.42,False,5.06,5.28,4,0.69,-9.87,-3.52,-4.12,0.0,从未跌破（观测期内）,2026-07-03,33.02,0.2933,-0.0199,0.3281,0.368,0.5115,0.4531,0.2623
000718,苏宁环球,40.16,False,1.76,1.9,4,11.6,-13.39,-4.79,-7.34,0.0,从未跌破（观测期内）,2026-07-03,23.91,0.8088,-0.1956,0.4055,0.607,0.3092,0.3242,0.2622
603810,丰山集团,19.31,False,11.68,11.97,0,-2.45,-11.93,-8.15,-2.45,0.0,从未跌破（观测期内）,2026-07-03,34.9,-0.281,0.2012,0.2752,0.2805,0.5534,0.5413,0.262
001388,信通电子,23.44,True,27.73,29.14,1,0.27,-17.26,-10.05,-4.83,0.0,从未跌破（观测期内）,2026-07-03,41.86,-0.1648,1.3941,0.5184,0.4,0.708,0.136,0.262
000539,粤电力Ａ,166.36,False,6.51,7.31,6,25.05,-17.6,-3.35,-10.99,0.0,从未跌破（观测期内）,2026-07-03,39.49,0.8723,-0.7144,0.7718,0.5234,0.6554,0.0,0.2619
600113,浙江东日,141.53,False,34.4,33.32,3,9.35,-19.49,-7.66,3.24,0.0,从未跌破（观测期内）,2026-07-03,46.41,-0.2434,2.2042,0.8146,0.4,0.8091,0.0,0.2618
605169,洪通燃气,26.85,False,9.49,9.68,0,-1.98,-13.64,-11.04,-1.98,0.0,从未跌破（观测期内）,2026-07-03,37.8,0.0502,0.0333,0.2914,0.2434,0.6178,0.5143,0.2616
000898,鞍钢股份,150.4,False,1.89,1.95,1,0.54,-6.65,-3.25,-3.18,0.0,从未跌破（观测期内）,2026-07-03,29.03,0.3658,-0.1567,0.249,0.3568,0.4229,0.585,0.2615
603895,天永智能,34.61,True,32.02,30.51,2,4.95,-16.4,-10.01,4.95,0.0,从未跌破（观测期内）,2026-07-03,57.07,0.3495,-0.4335,0.554,0.2363,0.954,0.0767,0.2614
600633,浙数文化,131.12,False,10.34,10.74,0,-3.51,-11.41,-7.43,-3.7,0.0,从未跌破（观测期内）,2026-07-03,41.83,0.1536,0.0068,0.4156,0.2949,0.7074,0.3074,0.2613
002227,*ST特迅,16.92,False,6.88,7.03,0,-2.13,-16.26,-9.86,-2.13,0.0,从未跌破（观测期内）,2026-07-03,45.38,-0.2758,0.2426,0.4807,0.297,0.7863,0.1989,0.2613
600098,广州发展,213.86,False,6.1,6.47,3,7.61,-12.6,-6.59,-5.73,0.0,从未跌破（观测期内）,2026-07-03,27.21,0.8513,-0.6413,0.3722,0.5108,0.3824,0.3797,0.2611
605099,共创草坪,130.56,False,32.52,34.18,0,-3.7,-14.61,-11.18,-4.87,0.0,从未跌破（观测期内）,2026-07-03,32.83,0.7612,-0.4946,0.4204,0.4589,0.5073,0.2993,0.2611
601865,福莱特,193.71,False,10.19,10.56,0,-1.07,-13.09,-6.07,-3.46,0.0,从未跌破（观测期内）,2026-07-03,40.48,-0.4023,0.1113,0.3421,0.2445,0.6772,0.4299,0.2611
002544,普天科技,125.07,True,18.38,19.08,0,-3.68,-16.62,-9.64,-3.68,0.0,从未跌破（观测期内）,2026-07-03,33.99,0.0737,0.4043,0.3884,0.406,0.5332,0.3526,0.261
600480,凌云股份,111.61,True,9.2,9.37,0,-1.84,-17.66,-8.91,-1.84,0.0,从未跌破（观测期内）,2026-07-03,43.9,-0.0211,1.772,0.5588,0.4,0.7534,0.0687,0.261
002487,大金重工,353.63,False,56.05,58.61,0,-4.37,-20.61,-11.5,-4.37,0.0,从未跌破（观测期内）,2026-07-03,40.72,0.1572,0.2915,0.5136,0.4109,0.6827,0.1439,0.2609
001318,阳光乳业,29.54,False,10.45,10.58,0,-1.25,-8.74,-6.38,-1.25,0.0,从未跌破（观测期内）,2026-07-03,38.16,0.2402,-0.3394,0.266,0.2084,0.6259,0.5567,0.2608
002510,天汽模,58.08,False,5.78,6.07,0,-1.23,-15.05,-6.87,-4.76,0.0,从未跌破（观测期内）,2026-07-03,38.86,0.3504,0.2061,0.5624,0.4926,0.6414,0.0627,0.2608
603797,联泰环保,23.01,False,3.99,4.03,0,-0.92,-8.93,-6.4,-0.92,0.0,从未跌破（观测期内）,2026-07-03,40.0,-0.2368,0.0613,0.3149,0.2245,0.6667,0.4751,0.2607
603277,银都股份,66.1,False,10.84,10.56,1,2.68,-11.27,-6.37,2.68,0.0,从未跌破（观测期内）,2026-07-03,47.64,-0.3321,-0.2039,0.3447,0.1184,0.8364,0.4255,0.2607
002987,京北方,100.81,False,9.96,11.02,2,2.46,-14.36,-6.25,-9.59,0.0,从未跌破（观测期内）,2026-07-03,26.25,0.6929,0.2153,0.5482,0.7018,0.3611,0.0864,0.2606
002497,雅化集团,231.73,False,21.87,21.79,5,5.21,-15.95,-5.1,0.35,0.0,从未跌破（观测期内）,2026-07-03,45.99,0.0033,0.996,0.7232,0.402,0.7998,0.0,0.2605
600533,栖霞建设,20.48,False,1.95,2.06,0,-3.37,-10.36,-6.84,-5.5,0.0,从未跌破（观测期内）,2026-07-03,30.0,0.6786,-0.4332,0.3477,0.4339,0.4444,0.4206,0.2605
002507,涪陵榨菜,128.54,False,11.17,11.34,5,1.57,-5.79,-1.77,-1.54,0.085,从未跌破（观测期内）,2026-07-03,34.02,-0.3257,-0.2203,0.2328,0.1119,0.5338,0.6119,0.2605
601969,海南矿业,170.82,False,8.66,8.75,0,-0.93,-12.76,-7.76,-1.07,0.0,从未跌破（观测期内）,2026-07-03,38.51,-0.0755,1.0358,0.4651,0.4,0.6336,0.2248,0.2604
603529,爱玛科技,169.6,True,20.01,20.26,3,1.11,-7.99,-2.79,-1.25,0.0234,从未跌破（观测期内）,2026-07-03,38.27,0.3539,-0.4104,0.3468,0.2481,0.6283,0.422,0.2604
603533,掌阅科技,84.53,True,19.26,20.94,1,0.13,-18.18,-8.78,-8.02,0.0,从未跌破（观测期内）,2026-07-03,46.05,0.5536,-0.3292,0.6333,0.4005,0.8011,0.0,0.2603
603312,西典新能,17.51,False,34.38,35.42,6,2.19,-11.7,-4.13,-2.93,0.0,从未跌破（观测期内）,2026-07-03,51.43,0.243,-0.5015,0.4409,0.1458,0.9206,0.2651,0.2603
002716,湖南白银,196.22,False,8.44,8.71,2,3.1,-16.5,-7.3,-3.05,0.0,从未跌破（观测期内）,2026-07-03,41.93,0.1218,0.812,0.6125,0.4731,0.7095,0.0,0.2602
600293,三峡新材,31.32,False,2.7,3.44,13,23.12,-22.02,-0.79,-21.63,0.0,从未跌破（观测期内）,2026-07-03,32.85,0.7724,-0.0717,0.8712,0.6347,0.5078,0.0,0.2602
600586,金晶科技,61.23,True,4.32,4.63,0,-0.85,-12.76,-7.87,-6.69,0.0,从未跌破（观测期内）,2026-07-03,43.39,0.7453,-0.6066,0.6261,0.4472,0.7419,0.0,0.2602
600803,新奥股份,506.83,False,16.5,17.02,0,-2.5,-12.88,-8.12,-3.08,0.0,从未跌破（观测期内）,2026-07-03,30.74,-0.274,0.6022,0.3281,0.4,0.4608,0.4532,0.2601
600982,宁波能源,54.54,False,4.88,5.32,2,11.79,-16.83,-9.25,-8.36,0.0,从未跌破（观测期内）,2026-07-03,29.94,0.9093,-0.7617,0.4594,0.5456,0.443,0.2343,0.2601
601388,怡球资源,64.28,False,2.92,3.09,0,-2.38,-11.32,-7.57,-5.59,0.0,从未跌破（观测期内）,2026-07-03,32.99,0.1179,0.4344,0.4133,0.4445,0.5109,0.3112,0.26
002573,清新环境,43.66,False,3.09,3.15,0,-2.03,-8.52,-4.71,-2.03,0.0,从未跌破（观测期内）,2026-07-03,35.09,-0.5481,0.1007,0.2464,0.2403,0.5575,0.5894,0.26
601279,英利汽车,49.64,True,3.13,3.26,0,-4.08,-9.96,-6.48,-4.08,0.0,从未跌破（观测期内）,2026-07-03,26.98,-0.5615,0.6728,0.2623,0.4,0.3774,0.5629,0.2599
000503,国新健康,61.89,False,6.32,6.76,1,1.84,-10.4,-4.4,-6.51,0.0,从未跌破（观测期内）,2026-07-03,33.51,0.2803,0.0489,0.3662,0.3877,0.5223,0.3896,0.2598
601566,九牧王,49.99,False,8.7,9.21,1,3.7,-20.76,-11.59,-5.57,0.0,从未跌破（观测期内）,2026-07-03,30.45,0.7803,-0.6084,0.3927,0.4682,0.4545,0.3456,0.2598
600959,江苏有线,149.02,False,2.98,3.1,0,-3.75,-11.64,-8.84,-3.75,0.0,从未跌破（观测期内）,2026-07-03,35.09,0.1635,-0.0887,0.2697,0.2626,0.5575,0.5505,0.2597
600628,新世界,37.65,False,5.82,5.95,0,-2.15,-6.95,-4.7,-2.15,0.0,从未跌破（观测期内）,2026-07-03,33.0,-0.3855,0.141,0.2264,0.2564,0.5111,0.6226,0.2597
600282,南钢股份,289.76,False,4.7,4.76,3,1.31,-4.74,-2.05,-1.2,0.0638,从未跌破（观测期内）,2026-07-03,41.67,0.0538,-0.6288,0.2584,0.0323,0.7037,0.5693,0.2597
002163,海南发展,69.67,False,8.67,9.0,0,-3.42,-12.85,-8.85,-3.71,0.0,从未跌破（观测期内）,2026-07-03,34.95,-0.2487,0.2014,0.2852,0.2806,0.5544,0.5246,0.2597
000059,华锦股份,65.1,False,4.07,4.13,1,0.31,-11.34,-6.59,-1.48,0.0,从未跌破（观测期内）,2026-07-03,42.55,0.2272,0.0003,0.4762,0.3365,0.7234,0.2063,0.2597
600519,贵州茅台,14931.6,False,1194.45,1211.94,1,0.02,-5.03,-2.75,-1.44,0.0207,从未跌破（观测期内）,2026-07-03,34.32,-0.4191,-0.0576,0.204,0.177,0.5404,0.6599,0.2596
603017,中衡设计,28.45,False,10.3,10.62,0,-3.04,-16.35,-9.72,-3.04,0.0,从未跌破（观测期内）,2026-07-03,35.79,-0.0199,0.2492,0.3207,0.2997,0.5732,0.4654,0.2594
603777,来伊份,54.98,False,16.44,16.55,2,5.08,-14.9,-6.03,-0.68,0.0,从未跌破（观测期内）,2026-07-03,51.19,0.3145,-0.2098,0.6715,0.3048,0.9153,0.0,0.2593
605337,李子园,33.94,False,8.7,8.72,0,-0.25,-7.81,-5.6,-0.25,0.0,从未跌破（观测期内）,2026-07-03,42.13,-0.2633,-0.0725,0.305,0.171,0.714,0.4917,0.2593
600210,紫江企业,95.4,False,6.29,6.45,3,1.65,-4.56,-2.05,-2.44,0.0268,从未跌破（观测期内）,2026-07-03,28.77,0.1105,0.0266,0.2165,0.277,0.417,0.6392,0.2592
600968,海油发展,355.78,False,3.5,3.6,0,-1.52,-9.21,-4.31,-2.83,0.0,从未跌破（观测期内）,2026-07-03,33.78,0.1815,-0.0323,0.282,0.296,0.5285,0.5299,0.2592
002306,ST云网,16.9,True,2.08,2.05,4,2.74,-10.65,-3.68,1.69,0.038,从未跌破（观测期内）,2026-07-03,38.1,0.3231,-0.2527,0.4167,0.2928,0.6243,0.3055,0.2591
600135,乐凯胶片,44.26,False,8.0,8.52,0,-2.68,-16.47,-9.0,-6.14,0.0,从未跌破（观测期内）,2026-07-03,28.79,0.537,-0.0269,0.4089,0.5114,0.4176,0.3184,0.2591
600582,天地科技,195.34,True,4.72,4.87,6,2.29,-13.32,-4.27,-3.04,0.0,从未跌破（观测期内）,2026-07-03,28.89,0.0736,1.0813,0.344,0.4442,0.4198,0.4266,0.259
002224,三 力 士,27.74,False,3.44,3.48,0,-1.26,-8.08,-5.07,-1.26,0.0,从未跌破（观测期内）,2026-07-03,40.0,-0.6309,-0.0206,0.2892,0.1918,0.6667,0.518,0.259
603899,晨光股份,196.99,False,21.51,21.58,2,1.41,-6.62,-2.49,-0.33,0.0428,从未跌破（观测期内）,2026-07-03,37.29,0.1012,-0.326,0.2485,0.1303,0.6065,0.5858,0.2589
000697,炼石航空,65.64,False,10.05,10.74,2,2.34,-12.92,-5.94,-6.42,0.0,从未跌破（观测期内）,2026-07-03,39.42,0.6265,-0.4542,0.4819,0.3942,0.6538,0.1968,0.2589
002856,*ST美芝,25.07,False,20.23,21.49,9,34.89,-22.32,0.24,-5.88,0.0021,从未跌破（观测期内）,2026-07-03,34.52,0.3265,0.8825,0.7751,0.5959,0.545,0.0,0.2588
600055,万东医疗,76.28,False,10.85,11.19,0,-3.03,-13.85,-8.26,-3.03,0.0,从未跌破（观测期内）,2026-07-03,39.47,-0.4471,0.2009,0.3694,0.2804,0.655,0.3843,0.2587
000099,中信海直,114.19,False,14.72,15.78,7,7.34,-9.49,-2.67,-6.69,0.0,从未跌破（观测期内）,2026-07-03,20.04,0.8331,0.3901,0.608,0.8559,0.2232,0.0,0.2586
000425,徐工机械,757.85,False,8.42,8.68,2,2.66,-11.02,-5.11,-2.97,0.0,从未跌破（观测期内）,2026-07-03,41.67,-0.0539,0.8206,0.5293,0.4,0.7037,0.1179,0.2584
605368,蓝天燃气,45.67,False,6.39,6.65,2,2.55,-10.85,-4.88,-3.97,0.0,从未跌破（观测期内）,2026-07-03,32.81,0.178,0.1269,0.3296,0.3576,0.5069,0.4507,0.2584
002356,赫美集团,36.85,False,2.81,3.02,9,7.1,-10.51,-2.26,-6.86,0.0,从未跌破（观测期内）,2026-07-03,25.0,0.8208,-0.8535,0.3258,0.4925,0.3333,0.457,0.2583
002846,英联股份,28.02,False,10.77,11.57,4,2.93,-12.87,-6.4,-6.95,0.0,从未跌破（观测期内）,2026-07-03,33.98,0.5741,-0.3042,0.4165,0.4228,0.533,0.3058,0.2582
002274,华昌化工,46.05,False,4.91,5.06,0,-2.89,-10.94,-7.46,-2.89,0.0,从未跌破（观测期内）,2026-07-03,36.84,0.2028,-0.0484,0.3467,0.3023,0.5965,0.4222,0.2582
600487,亨通光电,2186.48,False,89.42,106.03,19,32.19,-15.66,16.93,-15.66,0.1607,从未跌破（观测期内）,2026-07-03,44.56,-0.0932,-0.098,0.8598,0.1608,0.768,0.0,0.2581
002363,隆基机械,26.36,False,6.34,6.48,0,-2.22,-10.35,-7.47,-2.22,0.0,从未跌破（观测期内）,2026-07-03,34.35,-0.4608,0.2719,0.3093,0.3088,0.5411,0.4844,0.2581
600159,大龙地产,19.17,False,2.31,2.44,0,-5.52,-12.72,-9.81,-5.52,0.0,从未跌破（观测期内）,2026-07-03,30.0,0.7278,-0.4344,0.3865,0.4629,0.4444,0.3558,0.258
000838,*ST发展,18.65,False,1.77,1.64,2,8.03,-17.0,-6.02,8.03,0.0821,从未跌破（观测期内）,2026-07-03,56.41,-0.2223,-0.1868,0.6132,0.1253,0.9687,0.0,0.2579
002771,真视通,24.21,False,13.87,14.22,5,9.03,-18.69,-6.06,-2.43,0.0,从未跌破（观测期内）,2026-07-03,43.13,0.5636,-0.2387,0.7169,0.4427,0.7363,0.0,0.2579
603739,蔚蓝生物,31.25,False,12.35,12.2,1,1.21,-9.2,-4.8,1.21,0.0,从未跌破（观测期内）,2026-07-03,46.63,-0.439,-0.1852,0.3458,0.1259,0.8139,0.4237,0.2578
603806,福斯特,411.14,False,15.76,16.4,7,2.02,-12.79,-3.24,-3.89,0.0,从未跌破（观测期内）,2026-07-03,57.34,0.1992,-0.118,0.6566,0.2723,0.9479,0.0,0.2577
603390,通达电气,38.21,False,10.9,11.35,0,-3.07,-14.46,-8.55,-3.97,0.0,从未跌破（观测期内）,2026-07-03,43.9,0.1649,-0.2754,0.3613,0.1888,0.7534,0.3978,0.2575
002011,盾安环境,114.13,False,10.77,10.68,2,0.81,-12.17,-7.18,0.81,0.0,从未跌破（观测期内）,2026-07-03,50.18,0.1045,-0.3864,0.3926,0.1081,0.8928,0.3457,0.2575
000883,湖北能源,292.88,False,4.52,4.7,2,4.94,-11.15,-4.78,-3.77,0.0,从未跌破（观测期内）,2026-07-03,27.88,0.804,-0.6999,0.3706,0.4824,0.3974,0.3824,0.2574
002369,卓翼科技,31.08,True,5.49,5.81,0,-3.93,-11.95,-8.17,-5.55,0.0,从未跌破（观测期内）,2026-07-03,35.81,-0.2923,0.3454,0.3675,0.3381,0.5736,0.3875,0.2574
603988,中电电机,41.4,False,17.6,18.21,0,-3.35,-14.87,-10.46,-3.35,0.0,从未跌破（观测期内）,2026-07-03,33.6,-0.5323,0.5124,0.3903,0.4,0.5244,0.3495,0.2573
001391,国货航,64.27,False,4.23,4.39,0,-2.2,-12.36,-8.16,-3.74,0.0,从未跌破（观测期内）,2026-07-03,28.42,-0.8305,2.1913,0.2988,0.4,0.4094,0.5021,0.2572
000720,新能泰山,44.98,False,3.58,4.11,1,3.18,-18.58,-12.04,-12.83,0.0,从未跌破（观测期内）,2026-07-03,28.46,0.9438,-0.8373,0.466,0.5663,0.4103,0.2233,0.2571
001376,百通能源,23.14,False,10.81,11.57,0,-0.75,-16.38,-11.03,-6.58,0.0,从未跌破（观测期内）,2026-07-03,32.51,0.7659,-0.3697,0.4835,0.5117,0.5003,0.1942,0.2571
600354,敦煌种业,26.39,False,5.0,5.1,0,-1.97,-8.49,-5.33,-1.97,0.0,从未跌破（观测期内）,2026-07-03,30.69,0.4522,-0.3891,0.2556,0.3157,0.4598,0.5739,0.257
601528,瑞丰银行,84.07,False,4.53,4.65,4,1.41,-5.66,-2.09,-2.51,0.0427,从未跌破（观测期内）,2026-07-03,26.56,0.4194,-0.4386,0.2116,0.2762,0.3681,0.6473,0.2569
600082,ST海泰,18.71,False,2.95,2.91,1,1.32,-15.32,-10.75,1.32,0.0,从未跌破（观测期内）,2026-07-03,45.61,0.3657,-0.3814,0.4724,0.2668,0.7914,0.2127,0.2569
600543,*ST莫高,13.01,False,4.05,4.07,0,-0.53,-12.32,-7.49,-0.53,0.0,从未跌破（观测期内）,2026-07-03,42.34,-0.1837,0.0791,0.379,0.2316,0.7187,0.3683,0.2569
600000,浦发银行,2894.28,False,8.69,9.13,10,4.48,-6.54,-1.06,-4.79,0.0502,从未跌破（观测期内）,2026-07-03,18.18,0.4276,-0.0449,0.2368,0.4386,0.1818,0.6054,0.2569
603099,长白山,97.39,False,35.76,36.55,4,4.42,-6.22,-2.32,-2.16,0.0238,从未跌破（观测期内）,2026-07-03,30.83,0.6969,-0.6473,0.4001,0.4181,0.4629,0.3332,0.2566
605086,龙高股份,47.29,False,26.39,27.39,1,0.46,-12.97,-7.86,-3.66,0.0,从未跌破（观测期内）,2026-07-03,40.13,0.315,0.1434,0.5563,0.4463,0.6696,0.0728,0.2564
600985,淮北矿业,384.33,False,14.27,15.48,11,19.47,-10.5,3.15,-7.83,0.0579,从未跌破（观测期内）,2026-07-03,28.12,0.7392,-0.4929,0.4361,0.4464,0.4026,0.2732,0.2563
600398,海澜之家,267.03,False,5.56,5.62,4,2.33,-7.81,-2.53,-1.09,0.0477,从未跌破（观测期内）,2026-07-03,31.82,-0.2768,-0.0103,0.2349,0.1959,0.4848,0.6085,0.2563
600097,开创国际,19.78,False,8.21,8.37,0,-1.86,-8.67,-6.06,-1.86,0.0,从未跌破（观测期内）,2026-07-03,38.61,-0.1476,0.0507,0.3043,0.2203,0.6359,0.4929,0.2562
002519,银河电子,66.5,True,5.95,6.16,0,-3.35,-13.86,-7.8,-3.35,0.0,从未跌破（观测期内）,2026-07-03,38.56,0.0357,0.0657,0.3311,0.2477,0.6347,0.4481,0.2561
002344,海宁皮城,46.51,False,3.63,3.71,0,-1.67,-7.55,-5.07,-2.21,0.0,从未跌破（观测期内）,2026-07-03,39.24,0.044,-0.0932,0.2845,0.1891,0.6498,0.5258,0.2561
002941,新疆交建,72.25,False,9.9,10.48,0,-5.55,-14.0,-9.96,-5.55,0.0,从未跌破（观测期内）,2026-07-03,29.23,-0.5094,0.5623,0.3176,0.4,0.4274,0.4707,0.2561
002769,普路通,25.48,False,6.83,7.26,1,2.17,-12.86,-7.37,-5.92,0.0,从未跌破（观测期内）,2026-07-03,28.81,0.7216,0.0042,0.5453,0.6347,0.4181,0.0912,0.256
000635,英 力 特,22.71,False,6.19,6.58,0,-1.19,-9.88,-6.24,-5.91,0.0,从未跌破（观测期内）,2026-07-03,31.35,0.4572,0.0304,0.442,0.4865,0.4745,0.2634,0.256
600004,白云机场,177.74,True,7.51,7.79,2,1.71,-8.01,-3.63,-3.6,0.0,从未跌破（观测期内）,2026-07-03,28.32,-0.2971,1.2503,0.3019,0.4,0.4072,0.4968,0.256
000010,*ST美丽,16.33,False,1.87,2.01,2,4.81,-18.78,-7.71,-7.01,0.0,从未跌破（观测期内）,2026-07-03,31.11,0.4136,8.4721,0.6337,0.6481,0.4691,0.0,0.2559
603016,新宏泰,51.06,False,34.46,35.99,0,-4.26,-18.97,-11.6,-4.26,0.0,从未跌破（观测期内）,2026-07-03,43.87,-0.0767,0.0612,0.4035,0.2245,0.7526,0.3275,0.2558
600865,百大集团,32.28,False,8.58,9.05,0,-1.63,-14.03,-8.56,-5.16,0.0,从未跌破（观测期内）,2026-07-03,30.69,0.8252,-0.7992,0.4398,0.4951,0.4598,0.2671,0.2558
002097,山河智能,80.23,True,7.48,7.87,0,-3.95,-11.46,-7.22,-4.96,0.0,从未跌破（观测期内）,2026-07-03,25.95,-0.6077,0.4686,0.2484,0.3874,0.3544,0.5861,0.2557
603122,合富中国,45.7,False,11.48,11.79,1,3.57,-11.11,-6.35,-2.63,0.0,从未跌破（观测期内）,2026-07-03,43.8,-0.3389,0.6101,0.578,0.4,0.7511,0.0366,0.2557
002571,德力股份,30.73,False,10.3,11.2,4,5.02,-12.68,-5.03,-8.0,0.0,从未跌破（观测期内）,2026-07-03,35.89,0.6666,-0.2933,0.5208,0.4826,0.5754,0.1321,0.2555
002565,顺灏股份,133.66,False,12.61,13.38,0,-1.9,-15.23,-9.89,-5.74,0.0,从未跌破（观测期内）,2026-07-03,33.6,0.5906,-0.0302,0.5399,0.5423,0.5244,0.1001,0.2555
600356,恒丰纸业,23.87,False,7.99,8.01,0,-0.28,-8.88,-6.2,-0.28,0.0,从未跌破（观测期内）,2026-07-03,41.58,-0.1901,-0.114,0.2948,0.1544,0.7019,0.5087,0.2553
603183,建研院,18.64,False,3.75,3.73,1,0.63,-12.2,-7.41,0.63,0.0,从未跌破（观测期内）,2026-07-03,44.87,-0.314,-0.2198,0.3109,0.1121,0.7749,0.4819,0.2553
000878,云南铜业,323.99,True,16.17,16.95,6,10.67,-12.19,-3.48,-4.6,0.0,从未跌破（观测期内）,2026-07-03,43.21,0.683,-0.4489,0.6981,0.4302,0.738,0.0,0.2552
000701,厦门信达,30.72,False,4.6,4.9,0,-3.14,-14.11,-9.16,-6.1,0.0,从未跌破（观测期内）,2026-07-03,32.8,0.538,-0.2726,0.3986,0.4137,0.5067,0.3356,0.2551
600128,苏豪弘业,19.62,False,7.95,8.2,0,-3.11,-9.16,-6.38,-3.11,0.0,从未跌破（观测期内）,2026-07-03,32.79,-0.3128,0.2967,0.3033,0.3187,0.5064,0.4945,0.2551
002096,易普力,112.63,False,9.08,9.51,4,12.22,-15.42,-6.04,-4.49,0.0,从未跌破（观测期内）,2026-07-03,47.67,0.5835,-0.8141,0.6346,0.3501,0.8372,0.0,0.255
600858,银座股份,23.91,False,4.62,4.71,0,-1.85,-9.56,-6.11,-1.85,0.0,从未跌破（观测期内）,2026-07-03,34.62,0.3947,-0.371,0.3062,0.2885,0.547,0.4897,0.255
600689,上海三毛,15.72,False,10.33,10.62,0,-2.71,-10.26,-7.39,-2.71,0.0,从未跌破（观测期内）,2026-07-03,34.96,0.2298,-0.0951,0.3235,0.2998,0.5547,0.4609,0.255
002614,奥佳华,20.47,False,4.64,4.71,0,-1.42,-9.13,-5.7,-1.42,0.0,从未跌破（观测期内）,2026-07-03,35.87,-0.0394,0.0572,0.2637,0.2229,0.5749,0.5605,0.2548
000690,宝新能源,101.98,True,4.69,5.04,3,4.73,-11.74,-5.77,-6.97,0.0,从未跌破（观测期内）,2026-07-03,33.76,0.7983,-0.7149,0.4828,0.479,0.528,0.1953,0.2546
601886,江河集团,91.32,False,8.06,8.63,6,6.4,-8.06,-3.07,-6.58,0.0,从未跌破（观测期内）,2026-07-03,29.86,0.4301,-0.1458,0.3344,0.3997,0.4414,0.4427,0.2546
000572,海马汽车,63.88,True,3.89,4.04,1,2.05,-11.77,-8.43,-3.7,0.0,从未跌破（观测期内）,2026-07-03,39.55,-0.1957,2.6367,0.5075,0.4,0.6567,0.1542,0.2545
600483,福能股份,292.75,False,10.53,11.23,12,9.17,-11.41,-0.29,-6.25,0.0274,从未跌破（观测期内）,2026-07-03,35.56,0.3969,-0.2548,0.4165,0.3362,0.568,0.3059,0.2545
600570,恒生电子,402.02,True,21.23,22.05,2,0.99,-13.89,-6.33,-3.73,0.0,从未跌破（观测期内）,2026-07-03,46.73,0.1183,-0.0326,0.4933,0.2579,0.8162,0.1778,0.2544
002575,群兴玩具,32.72,False,5.6,5.91,5,4.09,-11.56,-2.75,-5.29,0.0,从未跌破（观测期内）,2026-07-03,40.31,0.7018,-0.7032,0.5429,0.4211,0.6736,0.0951,0.2543
002022,科华生物,25.1,False,4.88,4.93,0,-0.97,-9.87,-6.72,-0.97,0.0,从未跌破（观测期内）,2026-07-03,42.75,-0.2667,-0.0538,0.3438,0.1785,0.7279,0.427,0.2542
002291,遥望科技,42.59,True,4.9,5.18,0,-5.32,-14.22,-9.07,-5.48,0.0,从未跌破（观测期内）,2026-07-03,32.74,0.4622,-0.3187,0.3373,0.3499,0.5054,0.4378,0.2542
600727,鲁北化工,36.84,False,6.97,7.46,3,4.0,-12.47,-5.08,-6.56,0.0,从未跌破（观测期内）,2026-07-03,37.59,0.7726,-0.7628,0.5382,0.4636,0.613,0.103,0.254
600740,山西焦化,85.06,False,3.32,3.52,4,6.46,-13.03,-5.26,-5.7,0.0,从未跌破（观测期内）,2026-07-03,25.77,0.8898,-0.6659,0.3983,0.5339,0.3505,0.3361,0.254
002078,太阳纸业,349.39,False,12.58,12.84,4,2.3,-8.94,-3.39,-2.02,0.0,从未跌破（观测期内）,2026-07-03,29.79,-0.4402,1.1314,0.3363,0.4,0.4399,0.4394,0.2539
600448,华纺股份,16.75,False,2.66,2.76,0,-3.32,-10.75,-7.84,-3.68,0.0,从未跌破（观测期内）,2026-07-03,34.62,0.5584,-0.3984,0.3979,0.3756,0.547,0.3369,0.2538
603868,飞科电器,134.47,False,30.87,32.51,0,-2.19,-12.27,-6.71,-5.05,0.0,从未跌破（观测期内）,2026-07-03,35.67,0.5918,-0.7055,0.3965,0.3551,0.5704,0.3391,0.2537
002891,中宠股份,89.81,False,27.9,27.55,1,1.27,-8.05,-4.42,1.27,0.0071,从未跌破（观测期内）,2026-07-03,43.26,0.091,-0.2224,0.3533,0.1656,0.739,0.4111,0.2537
603888,新华网,115.79,False,17.16,18.25,6,2.63,-9.6,-3.0,-5.98,0.0,从未跌破（观测期内）,2026-07-03,37.9,0.5584,-0.2981,0.4973,0.4158,0.6201,0.1712,0.2536
000426,兴业银锡,627.36,False,35.34,36.74,5,8.68,-16.95,-6.67,-3.81,0.0,从未跌破（观测期内）,2026-07-03,46.59,0.3398,-0.0997,0.8055,0.364,0.8132,0.0,0.2536
002984,森麒麟,97.31,False,13.63,14.12,2,3.51,-9.02,-4.77,-3.48,0.0,从未跌破（观测期内）,2026-07-03,31.73,0.2385,0.265,0.4212,0.4491,0.483,0.298,0.2536
002337,赛象科技,27.46,True,4.67,4.79,0,-2.51,-10.94,-7.39,-2.51,0.0,从未跌破（观测期内）,2026-07-03,33.98,-0.3977,0.2523,0.3127,0.3009,0.5329,0.4789,0.2536
601069,西部黄金,229.87,False,25.91,24.76,4,4.62,-14.26,-7.12,4.62,0.0012,从未跌破（观测期内）,2026-07-03,49.76,-0.0577,0.2645,0.7037,0.3058,0.8835,0.0,0.2536
000615,*ST美谷,31.09,False,3.36,3.31,3,2.0,-11.89,-4.81,1.46,0.001,从未跌破（观测期内）,2026-07-03,49.43,0.0972,-0.4068,0.384,0.0956,0.8761,0.3599,0.2535
600305,恒顺醋业,71.91,False,6.52,6.59,0,-1.09,-5.86,-3.92,-1.09,0.0,从未跌破（观测期内）,2026-07-03,39.25,-0.0925,-0.2241,0.2163,0.1104,0.6501,0.6395,0.2535
601668,中国建筑,1851.15,False,4.48,4.59,0,-0.19,-6.46,-2.9,-2.38,0.0,从未跌破（观测期内）,2026-07-03,28.99,-0.0296,0.1232,0.1731,0.2493,0.4219,0.7115,0.2534
002649,博彦科技,44.46,True,8.29,8.59,0,-3.53,-11.56,-7.34,-3.53,0.0,从未跌破（观测期内）,2026-07-03,41.46,0.3003,-0.369,0.3787,0.2326,0.6992,0.3689,0.2533
000058,深 赛 格,61.94,False,6.29,6.58,0,-4.33,-10.11,-6.75,-4.33,0.0,从未跌破（观测期内）,2026-07-03,26.02,0.3717,-0.0528,0.2736,0.4019,0.3559,0.544,0.2533
002952,亚世光电,28.7,False,21.8,22.88,0,-3.95,-17.27,-9.99,-4.72,0.0,从未跌破（观测期内）,2026-07-03,41.53,0.5819,-0.5364,0.4967,0.3491,0.7006,0.1722,0.2532
001234,泰慕士,19.17,False,20.95,21.71,0,-1.19,-11.35,-7.31,-3.52,0.0,从未跌破（观测期内）,2026-07-03,38.88,0.1676,-0.1341,0.3477,0.2469,0.6418,0.4205,0.2532
002103,广博股份,23.91,False,6.16,6.23,0,-1.12,-11.36,-7.88,-1.12,0.0,从未跌破（观测期内）,2026-07-03,39.84,-0.3257,-0.0652,0.292,0.1739,0.6631,0.5134,0.2531
603896,寿仙谷,28.05,False,14.15,14.64,1,0.04,-14.3,-5.32,-3.35,0.0,从未跌破（观测期内）,2026-07-03,34.92,-0.3325,0.5553,0.4306,0.4,0.5537,0.2823,0.2531
000860,顺鑫农业,75.44,False,10.17,10.2,0,-0.12,-8.8,-5.67,-0.31,0.0,从未跌破（观测期内）,2026-07-03,43.86,-0.3127,-0.2253,0.3006,0.1099,0.7524,0.4989,0.2528
603839,安正时尚,23.76,False,6.14,6.28,0,-2.15,-12.03,-8.1,-2.15,0.0,从未跌破（观测期内）,2026-07-03,37.71,0.4566,-0.4167,0.3887,0.3072,0.6159,0.3521,0.2528
600361,创新新材,135.87,False,3.64,3.85,1,2.43,-12.47,-6.21,-5.44,0.0,从未跌破（观测期内）,2026-07-03,34.4,0.5571,-0.2298,0.4652,0.4424,0.5422,0.2246,0.2527
002243,力合科创,81.52,False,6.77,7.21,3,5.39,-19.43,-10.42,-6.16,0.0,从未跌破（观测期内）,2026-07-03,43.81,0.6225,-0.5477,0.5642,0.3735,0.7514,0.0597,0.2526
000821,ST京机,50.85,False,8.41,8.47,2,1.15,-17.53,-6.88,-0.66,0.0,从未跌破（观测期内）,2026-07-03,41.16,-0.0095,0.6637,0.5434,0.4,0.6924,0.0944,0.2526
600455,博通股份,14.28,False,22.86,23.45,0,-2.52,-11.51,-8.73,-2.52,0.0,从未跌破（观测期内）,2026-07-03,36.31,0.2954,-0.3109,0.3106,0.2529,0.5848,0.4823,0.2525
603706,东方环宇,36.46,False,19.25,19.44,0,-0.99,-14.92,-6.74,-0.99,0.0,从未跌破（观测期内）,2026-07-03,43.14,-0.51,0.1965,0.4584,0.2786,0.7365,0.2361,0.2524
600422,昆药集团,62.6,False,8.27,8.24,2,0.51,-8.95,-3.29,0.39,0.0337,从未跌破（观测期内）,2026-07-03,44.26,0.2222,-0.6097,0.3876,0.1333,0.7614,0.3541,0.2522
001255,博菲电气,20.51,False,26.54,27.65,0,-4.0,-11.79,-8.87,-4.0,0.0,从未跌破（观测期内）,2026-07-03,28.9,-0.4542,0.7196,0.3271,0.4,0.42,0.4548,0.2522
600751,海航科技,76.17,True,2.96,3.04,0,-1.33,-12.16,-5.84,-2.78,0.0,从未跌破（观测期内）,2026-07-03,38.36,0.4048,-0.2419,0.4417,0.3461,0.6301,0.2638,0.2521
000785,居然智家,118.99,False,2.05,2.21,3,11.45,-12.85,-5.88,-7.28,0.0,从未跌破（观测期内）,2026-07-03,25.53,0.8189,0.1022,0.6359,0.7322,0.3452,0.0,0.2521
002953,日丰股份,24.82,False,9.15,9.41,0,-2.79,-11.0,-7.23,-2.79,0.0,从未跌破（观测期内）,2026-07-03,37.62,-0.2057,0.1137,0.3283,0.2455,0.6138,0.4529,0.2521
002791,坚朗五金,29.85,False,13.71,14.03,0,-2.29,-10.52,-7.52,-2.29,0.0,从未跌破（观测期内）,2026-07-03,37.88,-0.2162,0.0578,0.3107,0.2231,0.6196,0.4821,0.252
603058,永吉股份,36.28,False,8.75,9.43,2,0.22,-12.36,-5.61,-7.24,0.0,从未跌破（观测期内）,2026-07-03,30.48,0.6862,0.0168,0.5743,0.6184,0.455,0.0429,0.252
002691,*ST冀凯,14.98,False,4.46,4.49,0,-0.75,-18.5,-10.15,-0.75,0.0,从未跌破（观测期内）,2026-07-03,46.76,0.5225,-0.6209,0.5591,0.3135,0.8169,0.0682,0.252
000586,汇源通信,25.37,True,13.27,14.63,0,-3.93,-14.86,-9.61,-9.27,0.0,从未跌破（观测期内）,2026-07-03,37.19,0.6294,-0.7307,0.4534,0.3777,0.6043,0.2444,0.2519
600827,百联股份,122.1,False,7.61,7.87,1,0.14,-6.97,-2.62,-3.27,0.0,从未跌破（观测期内）,2026-07-03,35.26,0.2154,-0.2963,0.2521,0.2107,0.5613,0.5798,0.2519
600358,国旅联合,27.52,False,5.45,5.53,0,-1.38,-9.89,-5.77,-1.38,0.0,从未跌破（观测期内）,2026-07-03,36.57,0.4333,-0.4384,0.3495,0.2846,0.5904,0.4176,0.2519
002706,良信股份,95.46,False,10.44,11.54,1,2.54,-14.69,-8.19,-9.52,0.0,从未跌破（观测期内）,2026-07-03,41.68,0.7403,-0.7263,0.6697,0.4442,0.704,0.0,0.2519
600993,马应龙,98.41,False,22.87,22.88,0,-0.05,-7.49,-3.31,-0.05,0.01,从未跌破（观测期内）,2026-07-03,42.05,-0.4297,-0.1152,0.332,0.1539,0.7123,0.4467,0.2519
601966,玲珑轮胎,157.18,False,10.74,11.08,0,-1.67,-11.4,-5.66,-3.06,0.0,从未跌破（观测期内）,2026-07-03,28.57,-0.4758,0.3287,0.2543,0.3315,0.4127,0.5762,0.2518
601616,广电电气,29.62,False,3.47,3.67,0,-4.09,-14.27,-8.8,-5.53,0.0,从未跌破（观测期内）,2026-07-03,37.0,0.3062,-0.2081,0.3737,0.3005,0.6,0.3771,0.2517
605286,同力天启,45.68,False,27.19,28.41,0,-2.27,-20.36,-13.54,-4.29,0.0,从未跌破（观测期内）,2026-07-03,39.27,-0.167,2.2995,0.5135,0.4,0.6504,0.1442,0.2517
002355,兴民智通,27.14,False,4.39,4.66,0,-5.77,-16.73,-11.72,-5.77,0.0,从未跌破（观测期内）,2026-07-03,33.04,-0.3274,0.335,0.3368,0.334,0.5119,0.4386,0.2517
000681,视觉中国,131.51,False,19.45,21.61,9,13.23,-11.87,-0.8,-9.99,0.0,从未跌破（观测期内）,2026-07-03,40.42,0.7756,-0.6797,0.786,0.4654,0.676,0.0,0.2516
002902,铭普光磁,49.17,False,27.68,32.0,5,8.59,-17.66,-5.69,-13.51,0.0,从未跌破（观测期内）,2026-07-03,37.58,0.6425,-0.1746,0.8456,0.5156,0.613,0.0,0.2515
002928,华夏航空,89.09,False,6.97,7.13,5,9.25,-13.05,-2.69,-2.22,0.0,从未跌破（观测期内）,2026-07-03,49.58,0.2989,-0.192,0.7221,0.3025,0.8796,0.0,0.2515
002660,茂硕电源,22.84,False,6.66,7.0,0,-4.74,-11.86,-8.4,-4.9,0.0,从未跌破（观测期内）,2026-07-03,34.73,0.2704,-0.0946,0.3584,0.3244,0.5496,0.4027,0.2514
601598,中国外运,274.89,False,5.33,5.4,0,-1.29,-9.83,-5.33,-1.29,0.0,从未跌破（观测期内）,2026-07-03,38.24,-0.1365,-0.0782,0.2663,0.1687,0.6275,0.5562,0.2511
603092,德力佳,18.79,False,54.34,56.12,0,-3.17,-16.62,-9.64,-3.17,0.0,从未跌破（观测期内）,2026-07-03,32.53,0.3343,-0.0084,0.3937,0.3972,0.5007,0.3438,0.251
600508,上海能源,82.06,False,8.11,8.41,3,6.98,-18.19,-7.77,-3.56,0.0,从未跌破（观测期内）,2026-07-03,33.53,0.8393,-0.5327,0.5178,0.5036,0.5229,0.137,0.251
001219,青岛食品,23.31,False,12.26,12.41,0,-1.18,-9.51,-5.13,-1.18,0.0,从未跌破（观测期内）,2026-07-03,38.1,0.1066,-0.2417,0.2628,0.1673,0.6243,0.562,0.251
600801,华新建材,242.98,False,18.11,17.95,7,2.55,-14.29,-3.25,0.88,0.0666,从未跌破（观测期内）,2026-07-03,45.38,-0.5128,0.1714,0.6891,0.2686,0.7863,0.0,0.251
603716,塞力医疗,33.85,False,14.99,15.51,2,4.95,-15.62,-8.49,-3.37,0.0,从未跌破（观测期内）,2026-07-03,43.95,-0.0613,1.0275,0.6446,0.4,0.7544,0.0,0.2509
600403,大有能源,127.67,False,5.34,6.49,10,53.04,-21.02,4.72,-17.73,0.0,从未跌破（观测期内）,2026-07-03,19.09,0.7855,0.4271,0.9599,0.8421,0.2021,0.0,0.2509
002607,中公教育,105.33,False,1.9,1.96,0,-0.7,-14.79,-10.98,-3.26,0.0,从未跌破（观测期内）,2026-07-03,36.92,-0.2834,1.0596,0.4749,0.4,0.5983,0.2084,0.2509
003003,天元股份,12.43,False,10.55,10.63,0,-0.73,-10.93,-7.74,-0.73,0.0,从未跌破（观测期内）,2026-07-03,40.34,0.1409,-0.2425,0.3234,0.1876,0.6741,0.461,0.2509
603248,锡华科技,15.4,True,21.54,22.84,0,-5.69,-15.83,-10.4,-5.69,0.0,从未跌破（观测期内）,2026-07-03,30.49,0.2763,0.0455,0.3448,0.384,0.4553,0.4254,0.2508
002927,泰永长征,41.07,False,18.61,20.35,7,6.58,-15.43,-4.47,-8.55,0.0,从未跌破（观测期内）,2026-07-03,41.94,0.7257,-0.6371,0.7566,0.4354,0.7098,0.0,0.2508
000039,中集集团,190.1,False,8.26,8.84,0,-6.53,-14.11,-10.57,-6.53,0.0,从未跌破（观测期内）,2026-07-03,38.66,0.0147,0.3273,0.4466,0.3398,0.6368,0.2557,0.2507
000952,广济药业,19.81,False,5.76,5.96,0,-2.56,-11.22,-8.08,-3.4,0.0,从未跌破（观测期内）,2026-07-03,36.92,-0.5074,0.4055,0.4379,0.3622,0.5983,0.2701,0.2507
002404,嘉欣丝绸,26.83,False,5.89,6.18,5,11.93,-11.63,-4.09,-4.64,0.0,从未跌破（观测期内）,2026-07-03,39.81,0.7881,-0.5391,0.6258,0.4729,0.6625,0.0,0.2507
000877,天山股份,267.35,False,3.76,3.91,0,-3.95,-9.28,-6.52,-3.95,0.0,从未跌破（观测期内）,2026-07-03,23.88,-0.6214,0.8124,0.2444,0.4,0.3085,0.5927,0.2506
603000,人民网,169.39,False,15.32,15.96,0,-3.27,-11.28,-6.72,-4.03,0.0,从未跌破（观测期内）,2026-07-03,36.97,0.4252,-0.3545,0.3905,0.3133,0.5993,0.3492,0.2506
600429,三元股份,61.7,False,4.12,4.28,0,-3.76,-12.1,-7.81,-3.76,0.0,从未跌破（观测期内）,2026-07-03,35.11,0.1316,-0.0935,0.2864,0.2416,0.5579,0.5226,0.2504
605179,一鸣食品,53.61,False,13.37,13.56,0,-1.4,-8.94,-6.41,-1.4,0.0,从未跌破（观测期内）,2026-07-03,39.31,0.1125,-0.2296,0.2952,0.1756,0.6513,0.508,0.2504
603979,金诚信,401.85,False,64.42,67.91,9,10.52,-15.74,-2.57,-5.13,0.0,从未跌破（观测期内）,2026-07-03,43.84,-0.2638,0.6777,0.9033,0.4,0.7521,0.0,0.2504
000968,蓝焰控股,60.47,False,6.25,6.6,0,-2.76,-13.71,-8.58,-5.32,0.0,从未跌破（观测期内）,2026-07-03,22.73,0.8131,-0.5461,0.3126,0.4879,0.2828,0.4791,0.2504
605339,南侨食品,52.19,False,12.3,12.83,0,-2.36,-14.34,-8.87,-4.14,0.0,从未跌破（观测期内）,2026-07-03,34.83,0.4017,-0.0822,0.4482,0.4081,0.5517,0.253,0.2503
000016,*ST康佳A,42.63,False,2.67,2.68,1,1.88,-23.16,-11.49,-0.45,0.0,从未跌破（观测期内）,2026-07-03,43.8,-0.0055,0.6033,0.6173,0.4,0.751,0.0,0.2502
001285,瑞立科密,17.86,False,43.05,43.44,0,-0.89,-10.64,-6.06,-0.89,0.0,从未跌破（观测期内）,2026-07-03,46.04,-0.0625,-0.0893,0.4041,0.1643,0.8008,0.3266,0.2502
600559,老白干酒,105.01,False,11.48,11.71,0,-0.72,-9.28,-4.41,-1.99,0.0,从未跌破（观测期内）,2026-07-03,38.04,0.235,-0.346,0.3008,0.2026,0.6232,0.4986,0.2501
002840,华统股份,63.09,False,7.92,7.82,3,2.54,-18.56,-9.36,1.32,0.0,从未跌破（观测期内）,2026-07-03,43.03,0.1932,0.0206,0.5115,0.3242,0.7341,0.1476,0.25
600698,湖南天雁,50.74,False,6.11,6.34,3,3.46,-12.56,-5.69,-3.62,0.0,从未跌破（观测期内）,2026-07-03,21.83,0.6857,0.1882,0.4972,0.6867,0.2629,0.1714,0.25
000753,漳州发展,45.31,False,4.57,4.82,0,-2.78,-12.99,-8.63,-5.26,0.0,从未跌破（观测期内）,2026-07-03,28.7,-0.4896,0.4966,0.3319,0.3986,0.4155,0.4468,0.2498
600489,中金黄金,985.94,False,20.34,20.48,3,1.18,-14.8,-7.39,-0.68,0.0,从未跌破（观测期内）,2026-07-03,43.7,-0.4059,1.4797,0.6616,0.4,0.749,0.0,0.2498
000948,南天信息,46.85,True,12.04,12.47,1,0.03,-9.41,-5.46,-3.48,0.0,从未跌破（观测期内）,2026-07-03,39.62,0.2728,-0.4278,0.3203,0.1926,0.6581,0.4661,0.2497
601608,中信重工,226.69,False,4.95,5.06,0,-2.16,-9.85,-6.64,-2.16,0.0,从未跌破（观测期内）,2026-07-03,37.04,0.0357,-0.0139,0.298,0.2159,0.6008,0.5033,0.2496
600929,雪天盐业,78.4,False,4.78,4.91,0,-2.69,-15.28,-8.65,-2.69,0.0,从未跌破（观测期内）,2026-07-03,36.13,0.165,-0.1215,0.3165,0.2504,0.5808,0.4724,0.2496
000893,亚钾国际,364.66,False,44.92,44.17,3,3.51,-10.9,-4.29,1.69,0.0178,从未跌破（观测期内）,2026-07-03,42.07,-0.1299,1.0569,0.7309,0.4,0.7127,0.0,0.2496
000598,兴蓉环境,194.84,False,6.54,6.72,8,4.39,-5.78,-1.21,-2.67,0.0934,从未跌破（观测期内）,2026-07-03,26.67,0.0096,-0.1191,0.2055,0.1581,0.3704,0.6574,0.2496
600828,茂业商业,64.06,False,3.7,3.96,3,10.43,-17.25,-8.24,-6.46,0.0,从未跌破（观测期内）,2026-07-03,37.17,0.763,-0.4689,0.5552,0.4702,0.6037,0.0746,0.2495
601121,XD宝地矿,46.8,False,5.85,6.07,2,1.0,-10.3,-5.32,-3.65,0.0,从未跌破（观测期内）,2026-07-03,33.55,0.3481,-0.1678,0.3626,0.3418,0.5233,0.3956,0.2494
601138,工业富联,12843.1,True,64.72,72.23,11,16.06,-12.2,0.28,-10.39,0.0,从未跌破（观测期内）,2026-07-03,42.63,0.6958,-0.6556,0.7381,0.4175,0.7251,0.0,0.2494
002835,同为股份,15.31,False,12.03,12.13,0,-0.86,-9.11,-6.38,-0.86,0.0,从未跌破（观测期内）,2026-07-03,42.46,-0.1579,-0.1602,0.3162,0.1359,0.7213,0.4731,0.2492
600697,欧亚集团,15.83,False,10.19,10.43,0,-2.3,-9.75,-6.6,-2.3,0.0,从未跌破（观测期内）,2026-07-03,34.73,0.1924,-0.0982,0.3189,0.2761,0.5496,0.4685,0.2492
001260,坤泰股份,19.35,False,16.83,17.18,0,-2.06,-11.05,-8.19,-2.06,0.0,从未跌破（观测期内）,2026-07-03,37.41,-0.2618,0.0949,0.3287,0.2379,0.6091,0.4522,0.2491
000564,供销大集,209.82,False,1.39,1.44,0,-1.23,-12.46,-8.23,-3.81,0.0,从未跌破（观测期内）,2026-07-03,43.64,0.4315,-0.2549,0.5589,0.357,0.7475,0.0684,0.249
600815,厦工股份,50.03,False,2.82,2.86,1,0.03,-16.49,-12.58,-1.55,0.0,从未跌破（观测期内）,2026-07-03,39.6,-0.2944,1.9108,0.5306,0.4,0.6579,0.1157,0.2489
600336,澳柯玛,52.27,False,6.55,6.74,0,-2.87,-15.07,-9.11,-2.87,0.0,从未跌破（观测期内）,2026-07-03,36.77,0.1631,0.1859,0.4528,0.3722,0.5949,0.2454,0.2488
003012,东鹏控股,52.08,False,4.59,4.63,0,-0.91,-7.96,-5.0,-0.91,0.0,从未跌破（观测期内）,2026-07-03,43.62,0.0117,-0.3589,0.2657,0.0635,0.747,0.5571,0.2488
002047,宝鹰股份,68.83,False,4.54,4.53,10,7.11,-17.23,-4.4,0.22,0.0546,从未跌破（观测期内）,2026-07-03,61.34,0.1051,-0.1073,0.7516,0.2201,0.859,0.0,0.2487
002235,安妮股份,51.54,False,9.31,8.89,1,4.77,-17.77,-9.86,4.77,0.0,从未跌破（观测期内）,2026-07-03,46.99,0.497,-0.403,0.6941,0.337,0.8221,0.0,0.2487
002093,国脉科技,65.08,True,6.46,6.75,0,-2.48,-10.35,-6.71,-4.28,0.0,从未跌破（观测期内）,2026-07-03,35.8,-0.2263,0.1871,0.3393,0.2749,0.5734,0.4345,0.2486
601916,浙商银行,586.01,False,2.72,2.86,12,2.89,-9.03,-1.0,-4.78,0.0894,从未跌破（观测期内）,2026-07-03,29.82,-0.4396,-0.1261,0.2512,0.1496,0.4405,0.5813,0.2485
600326,西藏天路,91.83,False,6.74,6.96,0,-3.23,-12.45,-8.65,-3.23,0.0,从未跌破（观测期内）,2026-07-03,35.17,-0.3014,0.0407,0.2702,0.2163,0.5594,0.5497,0.2484
601015,陕西黑猫,61.48,False,3.01,3.24,4,13.27,-16.43,-7.61,-6.96,0.0,从未跌破（观测期内）,2026-07-03,26.44,0.929,-0.8076,0.4562,0.5574,0.3653,0.2397,0.2484
600382,广东明珠,46.39,False,6.68,7.72,4,13.66,-17.23,-6.22,-13.51,0.0,从未跌破（观测期内）,2026-07-03,25.74,0.6404,0.3229,0.6846,0.7134,0.3498,0.0,0.2483
603968,醋化股份,19.79,False,9.68,10.08,0,-3.97,-11.93,-8.54,-3.97,0.0,从未跌破（观测期内）,2026-07-03,25.52,0.7809,-0.7769,0.3513,0.4685,0.345,0.4145,0.2483
000905,厦门港务,60.01,False,8.09,8.4,0,-3.66,-12.37,-7.77,-3.66,0.0,从未跌破（观测期内）,2026-07-03,32.93,-0.2664,0.2041,0.296,0.2816,0.5095,0.5066,0.2483
600195,中牧股份,63.82,False,6.25,6.36,1,0.43,-8.88,-4.24,-1.69,0.0,从未跌破（观测期内）,2026-07-03,34.57,-0.6126,0.1862,0.3185,0.2745,0.546,0.4692,0.2482
002197,证通电子,31.88,True,5.97,6.12,0,-0.85,-13.42,-7.84,-2.49,0.0,从未跌破（观测期内）,2026-07-03,46.94,-0.1463,-0.0917,0.4278,0.1633,0.8209,0.2871,0.2481
002067,景兴纸业,56.18,False,4.2,4.08,1,2.94,-16.19,-10.44,2.94,0.0,从未跌破（观测期内）,2026-07-03,50.79,0.2291,-0.3494,0.5317,0.1977,0.9065,0.1138,0.2478
002142,宁波银行,1998.97,False,30.29,31.19,7,4.87,-5.22,-0.6,-2.89,0.0898,从未跌破（观测期内）,2026-07-03,27.48,-0.1089,0.0047,0.2649,0.2019,0.3884,0.5585,0.2478
002455,百川股份,49.96,False,7.56,7.88,0,-0.46,-14.31,-7.43,-4.04,0.0,从未跌破（观测期内）,2026-07-03,42.93,-0.0104,0.5694,0.5943,0.4,0.7319,0.0094,0.2478
002919,名臣健康,52.97,False,20.05,20.04,1,0.07,-14.3,-7.96,0.07,0.0,从未跌破（观测期内）,2026-07-03,50.37,-0.1133,-0.2332,0.4337,0.1067,0.8971,0.2772,0.2477
002688,金河生物,37.67,False,5.04,4.94,1,2.07,-9.67,-5.58,2.07,0.0,从未跌破（观测期内）,2026-07-03,51.35,-0.0534,-0.386,0.3898,0.0456,0.9189,0.3503,0.2477
603909,建发合诚,23.54,False,9.03,9.29,0,-2.84,-11.76,-8.11,-2.84,0.0,从未跌破（观测期内）,2026-07-03,32.83,-0.334,0.1916,0.2915,0.2767,0.5073,0.5141,0.2477
601579,会稽山,70.96,False,14.8,15.28,0,-1.08,-9.07,-4.85,-3.13,0.0,从未跌破（观测期内）,2026-07-03,38.97,0.2419,-0.2365,0.3753,0.2505,0.6438,0.3744,0.2476
601888,中国中免,1036.96,False,53.11,56.04,4,3.04,-6.41,-2.07,-5.22,0.0,从未跌破（观测期内）,2026-07-03,31.97,0.5057,-0.4218,0.3353,0.3347,0.4882,0.4411,0.2475
605055,迎丰股份,48.31,False,10.98,11.07,1,0.38,-14.91,-8.41,-0.77,0.0,从未跌破（观测期内）,2026-07-03,46.96,0.4107,-0.3728,0.5641,0.2973,0.8213,0.0598,0.2475
002300,太阳电缆,49.33,False,6.83,7.3,0,-6.41,-15.94,-11.15,-6.41,0.0,从未跌破（观测期内）,2026-07-03,29.03,0.5189,-0.3174,0.3331,0.3844,0.4229,0.4448,0.2474
002410,广联达,131.58,False,8.38,8.72,0,-3.93,-12.0,-7.29,-3.93,0.0,从未跌破（观测期内）,2026-07-03,34.59,0.4703,-0.5494,0.3297,0.2822,0.5465,0.4504,0.2474
002320,海峡股份,146.44,False,6.55,6.73,0,-2.7,-10.54,-7.33,-2.7,0.0,从未跌破（观测期内）,2026-07-03,35.16,0.0609,-0.0854,0.2604,0.2024,0.559,0.566,0.2473
002432,九安医疗,309.13,False,66.44,68.05,5,2.06,-17.14,-5.1,-2.37,0.0,从未跌破（观测期内）,2026-07-03,56.33,0.3546,-0.5347,0.8195,0.2128,0.9704,0.0,0.2473
000913,钱江摩托,55.08,False,10.59,11.04,4,6.86,-8.54,-3.51,-4.03,0.0,从未跌破（观测期内）,2026-07-03,39.62,0.529,-0.594,0.4563,0.3174,0.6583,0.2394,0.2469
603052,可川科技,141.47,True,75.29,85.83,2,4.29,-15.48,-6.27,-12.28,0.0,从未跌破（观测期内）,2026-07-03,42.21,0.541,-0.2752,0.7161,0.4145,0.7157,0.0,0.2468
600252,中恒集团,61.45,False,1.93,1.99,0,-0.15,-15.09,-6.95,-2.84,0.0,从未跌破（观测期内）,2026-07-03,35.44,-0.5492,0.5532,0.4656,0.4,0.5654,0.224,0.2467
002054,德美化工,26.96,False,7.02,7.27,1,1.66,-9.92,-5.22,-3.45,0.0,从未跌破（观测期内）,2026-07-03,40.27,-0.3025,0.1918,0.4284,0.2767,0.6726,0.286,0.2466
600444,国机通用,19.87,False,13.57,13.83,0,-1.9,-9.58,-6.8,-1.9,0.0,从未跌破（观测期内）,2026-07-03,38.32,-0.4206,-0.1236,0.2679,0.1506,0.6294,0.5536,0.2465
000546,金圆股份,34.21,False,4.91,5.15,2,3.52,-17.0,-7.11,-4.66,0.0,从未跌破（观测期内）,2026-07-03,42.59,0.5051,-0.3366,0.5628,0.3684,0.7243,0.062,0.2463
002749,国光股份,44.42,False,8.16,8.36,0,-2.39,-10.12,-6.8,-2.39,0.0,从未跌破（观测期内）,2026-07-03,30.98,-0.5438,0.4332,0.3627,0.3733,0.4662,0.3955,0.2459
002578,闽发铝业,27.3,False,3.17,3.46,1,1.03,-13.49,-8.43,-8.43,0.0,从未跌破（观测期内）,2026-07-03,26.92,0.7683,-0.2416,0.4817,0.5644,0.3761,0.1972,0.2459
600805,悦达投资,35.97,False,4.23,4.35,0,-0.18,-8.85,-5.49,-2.83,0.0,从未跌破（观测期内）,2026-07-03,40.19,-0.0605,-0.0555,0.3312,0.1778,0.6708,0.448,0.2458
002213,大为股份,72.33,False,34.99,37.87,10,12.3,-10.31,-0.01,-7.61,0.0,从未跌破（观测期内）,2026-07-03,41.32,0.6297,-0.3796,0.7015,0.426,0.6961,0.0,0.2457
603551,奥普科技,36.09,True,9.5,9.42,1,0.82,-11.19,-5.9,0.82,0.0,从未跌破（观测期内）,2026-07-03,41.55,0.1093,-0.3893,0.288,0.1098,0.701,0.5199,0.2456
601606,长城军工,211.33,False,29.18,30.2,0,-3.39,-13.26,-8.74,-3.39,0.0,从未跌破（观测期内）,2026-07-03,31.41,-0.0817,0.8627,0.3981,0.4,0.4757,0.3365,0.2456
603997,继峰股份,156.62,False,12.31,13.16,7,11.95,-15.34,-3.56,-6.45,0.0,从未跌破（观测期内）,2026-07-03,32.72,0.6372,-0.5901,0.4039,0.3823,0.505,0.3268,0.2456
002110,三钢闽光,71.41,False,2.94,2.96,2,1.35,-6.47,-3.58,-0.61,0.0135,从未跌破（观测期内）,2026-07-03,42.11,-0.0257,-0.3028,0.289,0.0789,0.7135,0.5183,0.2456
000544,中原环保,69.69,False,7.15,7.38,0,-0.63,-6.59,-2.99,-3.05,0.0,从未跌破（观测期内）,2026-07-03,28.85,0.1055,-0.0083,0.2131,0.26,0.4188,0.6448,0.2455
605080,浙江自然,28.59,False,20.37,20.78,0,-1.99,-16.08,-9.59,-1.99,0.0,从未跌破（观测期内）,2026-07-03,39.81,0.4559,-0.4208,0.453,0.3052,0.6625,0.2449,0.2455
001369,双欣材料,27.61,False,13.31,14.5,10,8.6,-8.97,-1.64,-8.19,0.0,从未跌破（观测期内）,2026-07-03,27.0,0.846,-0.1166,0.5817,0.661,0.3777,0.0306,0.2454
001395,亚联机械,12.79,False,24.6,25.59,4,4.91,-11.14,-4.86,-3.88,0.0,从未跌破（观测期内）,2026-07-03,32.42,0.0046,1.674,0.4201,0.4027,0.4982,0.2998,0.2453
600969,郴电国际,29.75,False,8.04,8.63,1,1.23,-19.51,-12.69,-6.8,0.0,从未跌破（观测期内）,2026-07-03,21.98,0.7715,-0.2494,0.395,0.5631,0.2663,0.3416,0.2453
000727,冠捷科技,113.69,True,2.51,2.73,7,3.77,-11.34,-3.44,-8.18,0.0,从未跌破（观测期内）,2026-07-03,48.44,0.4962,-0.5648,0.7134,0.2977,0.8542,0.0,0.2453
603629,利通电子,429.91,True,166.61,175.57,8,17.68,-26.14,-3.96,-5.11,0.0,从未跌破（观测期内）,2026-07-03,54.49,0.3047,-0.4837,1.1953,0.1893,0.9888,0.0,0.2451
600099,林海股份,18.87,False,8.61,8.68,0,-0.82,-12.23,-8.47,-0.82,0.0,从未跌破（观测期内）,2026-07-03,39.51,-0.0274,-0.0536,0.3229,0.1785,0.6558,0.4619,0.2451
002627,三峡旅游,42.45,False,5.92,6.2,3,2.3,-11.99,-6.2,-4.57,0.0,从未跌破（观测期内）,2026-07-03,34.59,0.6268,-0.5981,0.433,0.3761,0.5465,0.2783,0.2451
601700,风范股份,51.59,False,4.53,4.69,0,-1.74,-12.29,-7.6,-3.43,0.0,从未跌破（观测期内）,2026-07-03,41.67,0.1999,-0.202,0.4222,0.2391,0.7037,0.2964,0.245
601188,龙江交通,36.94,False,2.83,2.93,0,-1.45,-8.19,-4.95,-3.56,0.0,从未跌破（观测期内）,2026-07-03,30.19,0.2804,-0.2116,0.263,0.2836,0.4486,0.5616,0.2449
002991,甘源食品,20.77,False,41.59,41.58,1,0.02,-9.03,-5.53,0.02,0.0,从未跌破（观测期内）,2026-07-03,41.99,-0.3097,-0.1623,0.3251,0.1351,0.7108,0.4581,0.2447
601728,中国电信,4215.29,False,5.43,5.71,2,1.89,-10.59,-4.49,-4.9,0.0,从未跌破（观测期内）,2026-07-03,21.82,0.4916,-0.0891,0.2907,0.4593,0.2626,0.5156,0.2447
000065,北方国际,95.25,False,9.77,11.35,7,5.78,-15.94,-4.98,-13.93,0.0,从未跌破（观测期内）,2026-07-03,33.65,0.7252,-0.1929,0.6757,0.558,0.5256,0.0,0.2446
003040,楚天龙,49.34,False,10.8,11.59,0,-3.71,-12.91,-8.5,-6.84,0.0,从未跌破（观测期内）,2026-07-03,32.62,-0.2905,0.3643,0.3698,0.3457,0.5027,0.3837,0.2445
603370,华新精科,13.39,False,38.28,40.11,0,-0.31,-14.0,-5.74,-4.56,0.0,从未跌破（观测期内）,2026-07-03,27.02,0.1838,0.4937,0.4328,0.5078,0.3782,0.2787,0.2444
002981,朝阳科技,25.64,True,21.47,22.68,8,11.83,-25.02,-9.09,-5.35,0.0,从未跌破（观测期内）,2026-07-03,28.83,0.9295,-0.2868,0.7944,0.643,0.4185,0.0,0.2444
002125,湘潭电化,81.84,False,13.0,16.48,13,23.94,-21.11,3.21,-21.11,0.0,从未跌破（观测期内）,2026-07-03,23.97,0.8384,0.0648,0.8547,0.729,0.3105,0.0,0.2443
603357,设计总院,35.71,False,6.37,6.48,0,-1.67,-7.92,-4.79,-1.67,0.0,从未跌破（观测期内）,2026-07-03,34.23,-0.1724,-0.0557,0.2312,0.1777,0.5385,0.6147,0.2443
002574,明牌珠宝,22.86,False,4.33,4.51,0,-4.03,-10.04,-7.62,-4.03,0.0,从未跌破（观测期内）,2026-07-03,25.58,-0.5171,0.6328,0.3001,0.4,0.3463,0.4998,0.2442
600547,山东黄金,942.65,False,26.08,25.96,1,0.47,-15.66,-8.24,0.47,0.0,从未跌破（观测期内）,2026-07-03,42.44,-0.255,2.3984,0.6242,0.4,0.7209,0.0,0.2442
600861,北京人力,67.64,False,12.6,12.9,3,1.54,-7.21,-3.03,-2.29,0.0,从未跌破（观测期内）,2026-07-03,29.2,0.3986,-0.3739,0.254,0.2896,0.4267,0.5767,0.2442
002226,江南化工,124.23,False,4.69,4.82,0,-2.02,-11.6,-6.68,-2.71,0.0,从未跌破（观测期内）,2026-07-03,39.52,-0.0612,0.0572,0.3715,0.2229,0.6559,0.3808,0.244
600774,汉商集团,19.93,False,6.76,6.8,0,-0.56,-11.19,-7.15,-0.56,0.0,从未跌破（观测期内）,2026-07-03,41.85,-0.4973,0.0738,0.4195,0.2295,0.7078,0.3008,0.244
601111,中国国航,709.92,False,6.1,6.25,1,2.32,-9.71,-3.85,-2.34,0.0,从未跌破（观测期内）,2026-07-03,46.08,0.2492,-0.3348,0.4816,0.2156,0.8018,0.1973,0.2439
600386,北巴传媒,26.45,False,3.28,3.36,0,-2.37,-9.45,-7.35,-2.37,0.0,从未跌破（观测期内）,2026-07-03,33.82,0.1642,-0.1823,0.274,0.2256,0.5294,0.5433,0.2438
600660,福耀玻璃,1020.12,False,50.93,51.04,1,0.89,-7.5,-3.09,-0.22,0.02,从未跌破（观测期内）,2026-07-03,44.25,-0.3305,-0.3658,0.3193,0.0537,0.761,0.4678,0.2438
600287,苏豪时尚,20.22,False,4.63,4.69,0,-1.32,-8.66,-6.5,-1.32,0.0,从未跌破（观测期内）,2026-07-03,36.36,0.2509,-0.4296,0.2727,0.1787,0.5859,0.5456,0.2437
600151,航天机电,162.07,False,11.3,11.59,0,-2.48,-17.77,-9.79,-2.48,0.0,从未跌破（观测期内）,2026-07-03,45.63,0.2708,-0.3541,0.4796,0.2209,0.7918,0.2006,0.2437
600021,上海电力,421.87,False,14.95,16.26,3,10.28,-14.47,-8.12,-8.07,0.0,从未跌破（观测期内）,2026-07-03,25.46,0.8902,-0.7519,0.4344,0.5341,0.3436,0.276,0.2437
601778,晶科科技,154.51,True,4.15,4.68,0,-10.32,-19.91,-14.1,-11.37,0.0,从未跌破（观测期内）,2026-07-03,30.0,0.7745,-0.5911,0.4459,0.4647,0.4444,0.2569,0.2436
002304,洋河股份,582.68,False,38.68,39.84,0,-1.88,-7.73,-4.46,-2.92,0.0,从未跌破（观测期内）,2026-07-03,29.91,-0.4354,0.1493,0.2392,0.2597,0.4425,0.6013,0.2436
600456,宝钛股份,134.11,False,28.07,29.14,2,4.08,-12.55,-5.78,-3.66,0.0,从未跌破（观测期内）,2026-07-03,42.51,0.157,0.1514,0.5587,0.3548,0.7225,0.0688,0.2435
600649,城投控股,89.66,False,3.58,3.59,0,-0.17,-7.75,-4.64,-0.17,0.0,从未跌破（观测期内）,2026-07-03,38.3,0.1679,-0.5315,0.2303,0.1008,0.6288,0.6162,0.2434
002152,广电运通,236.05,False,9.51,9.77,0,-0.63,-9.88,-5.34,-2.66,0.0,从未跌破（观测期内）,2026-07-03,43.04,-0.0691,-0.1649,0.3477,0.1341,0.7343,0.4205,0.2434
002195,岩山科技,366.71,True,6.53,6.92,0,-3.14,-12.99,-7.49,-5.65,0.0,从未跌破（观测期内）,2026-07-03,40.11,-0.2922,0.0351,0.3756,0.214,0.6692,0.3739,0.2434
600834,申通地铁,32.99,False,6.91,7.0,0,-1.28,-7.41,-5.67,-1.28,0.0,从未跌破（观测期内）,2026-07-03,36.59,0.1721,-0.4354,0.2283,0.1291,0.5908,0.6196,0.2434
603395,红四方,13.53,False,20.82,21.72,0,-3.6,-10.7,-6.91,-4.16,0.0,从未跌破（观测期内）,2026-07-03,30.11,0.3281,-0.1067,0.3381,0.3541,0.4468,0.4366,0.2434
603198,迎驾贡酒,252.64,False,31.58,31.84,0,-0.81,-10.3,-4.92,-0.81,0.0,从未跌破（观测期内）,2026-07-03,41.11,-0.2084,-0.1019,0.3395,0.1592,0.6914,0.4342,0.2432
000009,中国宝安,164.61,False,6.39,6.72,0,-3.03,-11.28,-6.71,-4.86,0.0,从未跌破（观测期内）,2026-07-03,27.21,-0.1016,0.5727,0.3337,0.4,0.3825,0.4439,0.2431
001258,立新能源,66.27,True,7.1,7.63,2,9.95,-21.09,-13.95,-6.95,0.0,从未跌破（观测期内）,2026-07-03,29.27,0.9427,-0.6998,0.5356,0.5656,0.4282,0.1073,0.2431
603085,天成自控,44.55,False,11.22,11.52,0,-1.48,-14.87,-8.78,-2.65,0.0,从未跌破（观测期内）,2026-07-03,44.3,0.4745,-0.4333,0.5492,0.3114,0.7622,0.0846,0.243
002726,ST龙大,15.55,False,1.34,1.43,0,-4.1,-20.96,-11.24,-6.13,0.0,从未跌破（观测期内）,2026-07-03,43.04,-0.2671,0.462,0.6378,0.3848,0.7342,0.0,0.243
002315,焦点科技,63.65,True,24.21,24.42,0,-0.86,-13.32,-7.7,-0.86,0.0,从未跌破（观测期内）,2026-07-03,45.38,0.0752,-0.5372,0.3022,0.0451,0.7863,0.4963,0.243
600107,*ST尔雅,22.36,False,6.21,6.13,4,2.46,-11.28,-3.75,1.24,0.0342,从未跌破（观测期内）,2026-07-03,45.95,-0.0293,-0.2032,0.4407,0.1187,0.7988,0.2655,0.243
003008,开普检测,14.02,False,18.04,18.16,0,-0.69,-10.41,-6.32,-0.69,0.0,从未跌破（观测期内）,2026-07-03,40.39,-0.0336,-0.1298,0.3171,0.1481,0.6754,0.4715,0.2428
600622,光大嘉宝,30.59,False,2.04,2.17,0,-1.95,-13.44,-8.68,-5.8,0.0,从未跌破（观测期内）,2026-07-03,27.59,0.7403,-0.6621,0.3858,0.4442,0.3908,0.357,0.2428
603681,永冠新材,51.4,False,21.62,23.8,10,18.45,-9.14,1.49,-9.14,0.0,从未跌破（观测期内）,2026-07-03,35.12,0.7254,-0.2761,0.7647,0.5248,0.5582,0.0,0.2428
601666,平煤股份,193.35,False,7.83,8.47,12,21.56,-16.72,2.03,-7.51,0.0537,从未跌破（观测期内）,2026-07-03,32.22,0.7649,-0.5655,0.5694,0.459,0.4938,0.051,0.2427
000428,华天酒店,31.69,True,3.11,3.25,0,-2.44,-9.69,-6.29,-4.25,0.0,从未跌破（观测期内）,2026-07-03,35.8,0.3646,-0.4322,0.3338,0.2458,0.5734,0.4437,0.2427
000797,中国武夷,35.81,False,2.28,2.34,0,-2.73,-9.47,-5.94,-2.73,0.0,从未跌破（观测期内）,2026-07-03,32.65,-0.0872,0.1125,0.2771,0.245,0.5034,0.5381,0.2427
002209,达 意 隆,17.12,False,10.94,11.1,0,-1.48,-11.02,-7.22,-1.48,0.0,从未跌破（观测期内）,2026-07-03,42.77,0.1222,-0.0938,0.448,0.2358,0.7281,0.2533,0.2426
002836,新宏泽,22.63,False,9.82,10.12,0,-2.94,-10.47,-7.84,-2.94,0.0,从未跌破（观测期内）,2026-07-03,32.26,-0.4062,0.2782,0.3369,0.3113,0.4946,0.4386,0.2425
002012,凯恩股份,29.93,False,6.4,6.97,0,-0.41,-10.69,-6.52,-8.22,0.0,从未跌破（观测期内）,2026-07-03,32.39,0.7721,-0.65,0.4911,0.4633,0.4975,0.1816,0.2425
600089,特变电工,1112.12,False,22.01,23.27,1,1.18,-12.42,-6.09,-5.41,0.0,从未跌破（观测期内）,2026-07-03,43.01,0.3278,-0.3114,0.4891,0.2721,0.7336,0.1848,0.2425
002585,双星新材,97.9,False,11.04,12.93,17,30.49,-14.64,12.64,-14.64,0.1544,从未跌破（观测期内）,2026-07-03,47.08,0.1063,-0.5565,1.0513,0.0638,0.824,0.0,0.2425
002314,南山控股,27.57,False,2.06,2.18,6,11.88,-13.5,-4.89,-5.63,0.0,从未跌破（观测期内）,2026-07-03,27.12,0.9119,-0.8197,0.4817,0.5471,0.3804,0.1972,0.2424
003006,百亚股份,63.94,False,14.92,14.94,1,1.84,-11.06,-4.23,-0.1,0.0,从未跌破（观测期内）,2026-07-03,45.15,-0.1433,0.2169,0.5422,0.2868,0.7811,0.0963,0.2424
002537,海联金汇,64.74,False,5.53,5.75,0,-3.01,-11.44,-7.39,-3.88,0.0,从未跌破（观测期内）,2026-07-03,36.81,-0.1121,0.1859,0.3825,0.2743,0.5958,0.3626,0.2421
600219,南山铝业,478.87,False,4.17,4.45,0,-0.17,-13.53,-8.51,-6.24,0.0,从未跌破（观测期内）,2026-07-03,32.5,0.3429,0.0891,0.4735,0.4414,0.5,0.2108,0.242
001236,弘业期货,55.64,False,7.34,7.46,0,-0.7,-14.45,-7.55,-1.67,0.0,从未跌破（观测期内）,2026-07-03,46.03,0.1148,0.0148,0.5472,0.2748,0.8007,0.0879,0.242
002074,国轩高科,469.65,False,27.05,28.74,0,-1.3,-15.58,-8.42,-5.87,0.0,从未跌破（观测期内）,2026-07-03,38.17,0.3271,-0.2613,0.425,0.2917,0.626,0.2916,0.2419
603037,凯众股份,28.34,False,10.65,11.17,0,-4.65,-14.76,-10.55,-4.65,0.0,从未跌破（观测期内）,2026-07-03,33.96,-0.0863,0.2801,0.3705,0.312,0.5324,0.3825,0.2419
600486,扬农化工,209.37,False,51.81,53.95,0,-0.26,-8.98,-5.0,-3.96,0.0,从未跌破（观测期内）,2026-07-03,39.18,-0.1339,0.1408,0.408,0.2563,0.6485,0.32,0.2418
000923,河钢资源,80.94,False,12.89,13.35,0,-1.21,-12.58,-7.02,-3.47,0.0,从未跌破（观测期内）,2026-07-03,38.92,0.2622,-0.1916,0.4274,0.2807,0.6426,0.2876,0.2418
000702,正虹科技,14.13,True,5.3,5.36,0,-1.11,-11.69,-8.96,-1.11,0.0,从未跌破（观测期内）,2026-07-03,39.74,-0.5307,0.0142,0.3671,0.2057,0.6608,0.3881,0.2418
000408,藏格矿业,1150.79,False,73.35,74.0,3,4.45,-10.41,-4.41,-0.88,0.0,从未跌破（观测期内）,2026-07-03,40.82,0.0091,0.5608,0.5867,0.4055,0.6849,0.0222,0.2417
603628,清源股份,26.21,False,9.63,9.9,0,-2.74,-11.65,-6.89,-2.74,0.0,从未跌破（观测期内）,2026-07-03,29.41,0.3651,-0.2309,0.3053,0.3267,0.4314,0.4911,0.2416
603931,格林达,108.38,False,54.31,56.93,10,14.85,-7.39,0.65,-4.6,0.0602,从未跌破（观测期内）,2026-07-03,50.85,0.0769,-0.2556,0.7039,0.1439,0.9079,0.0,0.2416
603151,邦基科技,19.95,True,11.65,11.89,0,-1.98,-13.86,-8.43,-1.98,0.0,从未跌破（观测期内）,2026-07-03,36.31,-0.2893,0.1645,0.3673,0.2658,0.5847,0.3879,0.2416
600738,丽尚国潮,29.13,False,3.83,3.88,0,-1.25,-8.77,-5.46,-1.25,0.0,从未跌破（观测期内）,2026-07-03,33.73,-0.1931,0.1237,0.3054,0.2495,0.5274,0.491,0.2415
601900,南方传媒,98.25,False,11.14,11.41,0,-0.39,-7.41,-3.23,-2.4,0.0,从未跌破（观测期内）,2026-07-03,32.95,0.2602,-0.4238,0.229,0.1866,0.51,0.6183,0.2414
600006,东风股份,106.2,False,5.31,5.54,0,-4.09,-9.94,-7.27,-4.09,0.0,从未跌破（观测期内）,2026-07-03,25.77,-0.3426,0.3018,0.2356,0.3207,0.3505,0.6073,0.2414
601116,三江购物,55.1,False,10.06,10.79,0,-2.47,-13.04,-7.72,-6.74,0.0,从未跌破（观测期内）,2026-07-03,25.21,0.7052,-0.6633,0.328,0.4231,0.338,0.4534,0.2414
600117,西宁特钢,69.66,False,2.14,2.19,0,-1.14,-9.19,-4.54,-2.24,0.0,从未跌破（观测期内）,2026-07-03,37.74,0.1688,-0.2428,0.3324,0.2042,0.6164,0.446,0.2412
603616,韩建河山,22.44,False,5.84,6.3,9,14.42,-10.32,-1.08,-7.29,0.0,从未跌破（观测期内）,2026-07-03,36.03,0.4398,0.0959,0.866,0.5022,0.5784,0.0,0.2412
002005,ST德豪,44.68,False,2.55,2.59,1,1.27,-17.56,-6.93,-1.56,0.0,从未跌破（观测期内）,2026-07-03,36.11,-0.3209,0.6226,0.4992,0.4,0.5802,0.168,0.2412
600901,XD江苏金,355.53,False,6.14,6.18,9,4.65,-7.68,-1.45,-0.58,0.1416,从未跌破（观测期内）,2026-07-03,37.24,-0.171,-0.4191,0.3788,0.0323,0.6054,0.3687,0.2411
000045,深纺织Ａ,45.88,False,10.04,10.6,0,-1.06,-8.2,-5.36,-5.31,0.0,从未跌破（观测期内）,2026-07-03,40.06,-0.0736,0.0835,0.404,0.2334,0.6681,0.3267,0.241
603030,全筑股份,27.39,False,2.08,2.2,0,-5.63,-14.3,-10.67,-5.63,0.0,从未跌破（观测期内）,2026-07-03,36.67,-0.2522,0.0791,0.3423,0.2316,0.5926,0.4295,0.2409
600094,大名城,73.99,False,3.48,3.84,0,-1.9,-11.96,-8.31,-9.29,0.0,从未跌破（观测期内）,2026-07-03,32.2,0.4478,-0.2506,0.3997,0.3684,0.4934,0.3338,0.2409
605255,天普股份,99.58,False,74.27,76.2,1,2.62,-18.75,-10.34,-2.53,0.0,从未跌破（观测期内）,2026-07-03,47.66,-0.3743,0.235,0.8567,0.294,0.837,0.0,0.2409
000533,顺钠股份,64.79,False,9.46,10.34,0,-3.29,-13.31,-9.49,-8.48,0.0,从未跌破（观测期内）,2026-07-03,31.86,0.6286,-0.6838,0.4029,0.3772,0.4857,0.3285,0.2407
601001,晋控煤业,297.25,False,17.76,19.28,10,23.8,-12.7,1.1,-7.88,0.0,从未跌破（观测期内）,2026-07-03,27.34,0.84,-0.8009,0.4496,0.504,0.3853,0.2507,0.2407
600989,宝丰能源,1506.27,False,20.54,21.86,0,-3.39,-11.7,-8.3,-6.03,0.0,从未跌破（观测期内）,2026-07-03,26.98,0.2094,0.1816,0.3378,0.3983,0.3773,0.4371,0.2406
601238,广汽集团,387.64,False,5.25,5.54,0,-3.41,-12.46,-7.0,-5.17,0.0,从未跌破（观测期内）,2026-07-03,23.53,-0.7478,0.8038,0.2781,0.4,0.3007,0.5366,0.2406
600658,电子城,44.3,True,3.96,4.15,0,-1.7,-12.75,-8.55,-4.69,0.0,从未跌破（观测期内）,2026-07-03,36.17,-0.1187,0.437,0.4781,0.3748,0.5816,0.2032,0.2405
603382,海阳科技,20.68,True,17.91,18.85,0,-4.99,-12.92,-10.45,-4.99,0.0,从未跌破（观测期内）,2026-07-03,27.54,-0.0087,1.1055,0.3501,0.4,0.3899,0.4165,0.2405
000402,金 融 街,73.52,False,2.46,2.66,0,-2.73,-12.12,-6.64,-7.69,0.0,从未跌破（观测期内）,2026-07-03,26.56,0.6024,-0.5871,0.2944,0.3614,0.3681,0.5093,0.2404
605188,国光连锁,61.39,False,12.09,12.67,0,-1.73,-10.5,-6.68,-4.61,0.0,从未跌破（观测期内）,2026-07-03,24.14,0.6986,-0.6941,0.3095,0.4192,0.3142,0.4842,0.2403
603220,中贝通信,90.68,True,20.88,22.92,4,6.76,-19.48,-7.76,-8.92,0.0,从未跌破（观测期内）,2026-07-03,42.45,0.5228,-0.3241,0.6998,0.3841,0.7211,0.0,0.2402
002783,凯龙股份,34.45,False,7.47,7.43,3,0.9,-9.82,-4.18,0.54,0.0121,从未跌破（观测期内）,2026-07-03,48.9,0.2375,-0.6017,0.4924,0.1425,0.8644,0.1793,0.2402
603365,水星家纺,44.34,False,16.98,16.76,1,1.32,-7.91,-4.21,1.32,0.0219,从未跌破（观测期内）,2026-07-03,41.01,-0.2156,-0.1187,0.3785,0.1525,0.6892,0.3692,0.2401
601127,赛力斯,962.97,False,61.84,65.54,0,-4.71,-14.7,-10.98,-5.64,0.0,从未跌破（观测期内）,2026-07-03,29.42,-0.3529,0.3714,0.3333,0.3486,0.4315,0.4446,0.2401
000029,深深房Ａ,202.23,False,22.68,25.04,10,16.32,-13.44,-1.5,-9.44,0.0,从未跌破（观测期内）,2026-07-03,40.45,0.1888,0.2639,0.8942,0.4189,0.6767,0.0,0.2401
002264,新 华 都,39.55,False,6.04,6.08,0,-0.7,-10.94,-7.39,-0.7,0.0,从未跌破（观测期内）,2026-07-03,41.72,-0.1702,-0.1492,0.3443,0.1403,0.7048,0.4261,0.24
600728,佳都科技,91.28,True,4.28,4.5,0,-2.3,-10.58,-6.65,-4.92,0.0,从未跌破（观测期内）,2026-07-03,33.7,-0.3659,0.0485,0.2808,0.2194,0.5266,0.5321,0.24
603799,华友钴业,882.65,False,46.76,49.64,2,5.33,-16.69,-5.95,-5.81,0.0,从未跌破（观测期内）,2026-07-03,41.69,0.4056,-0.1183,0.611,0.396,0.7042,0.0,0.2399
002340,格林美,339.58,False,6.69,7.11,1,4.12,-14.95,-6.43,-5.94,0.0,从未跌破（观测期内）,2026-07-03,36.86,0.4571,-0.1945,0.5143,0.3965,0.5969,0.1429,0.2399
603189,*ST网达,30.19,False,11.2,11.11,3,2.16,-14.86,-5.82,0.78,0.0,从未跌破（观测期内）,2026-07-03,47.84,0.2659,-0.3711,0.5243,0.2111,0.8408,0.1261,0.2399
603307,扬州金泉,23.95,False,24.65,25.19,0,-1.62,-11.24,-5.38,-2.14,0.0,从未跌破（观测期内）,2026-07-03,36.01,0.2055,-0.1775,0.356,0.2523,0.578,0.4066,0.2397
002082,ST万邦,65.81,False,11.59,12.25,0,-2.15,-20.62,-13.28,-5.36,0.0,从未跌破（观测期内）,2026-07-03,48.12,-0.0985,0.2032,0.6767,0.2813,0.8471,0.0,0.2397
600436,片仔癀,688.99,False,114.2,114.82,0,-0.54,-8.41,-5.03,-0.54,0.0,从未跌破（观测期内）,2026-07-03,41.97,-0.3561,-0.1074,0.3675,0.1571,0.7104,0.3876,0.2395
000600,建投能源,98.21,False,9.01,9.83,3,18.63,-16.69,-5.48,-8.35,0.0,从未跌破（观测期内）,2026-07-03,30.19,0.9295,-0.6438,0.5592,0.5577,0.4486,0.068,0.2394
601216,君正集团,397.43,False,4.71,4.91,1,0.62,-10.42,-4.45,-4.1,0.0,从未跌破（观测期内）,2026-07-03,28.68,-0.139,0.4637,0.36,0.3855,0.4152,0.3999,0.2394
002199,*ST东晶,29.77,False,12.89,12.72,1,1.33,-12.28,-5.84,1.33,0.0,从未跌破（观测期内）,2026-07-03,45.95,0.355,-0.4605,0.5105,0.2288,0.7989,0.1491,0.2394
001368,通达创智,23.4,False,21.62,22.21,0,-2.67,-11.65,-8.83,-2.67,0.0,从未跌破（观测期内）,2026-07-03,32.78,0.2322,-0.1948,0.3087,0.2614,0.5063,0.4854,0.2394
002694,*ST顾地,16.6,False,2.31,2.26,1,2.42,-12.41,-5.74,2.42,0.0,从未跌破（观测期内）,2026-07-03,48.15,0.331,-0.5346,0.5195,0.1986,0.8477,0.1342,0.2393
002531,天顺风能,152.23,False,8.52,9.04,0,-5.74,-17.79,-11.32,-5.74,0.0,从未跌破（观测期内）,2026-07-03,27.54,0.5277,-0.1382,0.4164,0.4613,0.3898,0.306,0.2392
000633,合金投资,19.22,False,4.99,5.14,0,-2.87,-11.14,-7.59,-2.87,0.0,从未跌破（观测期内）,2026-07-03,33.04,-0.2111,0.2372,0.3481,0.2949,0.5121,0.4199,0.2391
600395,盘江股份,100.89,False,4.7,5.14,5,11.34,-14.62,-5.28,-8.5,0.0,从未跌破（观测期内）,2026-07-03,22.78,0.7983,-0.6324,0.3497,0.479,0.2841,0.4171,0.2391
603238,诺邦股份,21.09,False,11.88,11.99,0,-0.93,-11.04,-7.31,-0.93,0.0,从未跌破（观测期内）,2026-07-03,37.29,-0.3475,-0.0194,0.3212,0.1922,0.6064,0.4647,0.239
002460,赣锋锂业,762.7,False,62.97,67.71,5,2.89,-15.13,-4.55,-7.0,0.0,从未跌破（观测期内）,2026-07-03,34.53,0.6558,-0.184,0.6076,0.5199,0.5451,0.0,0.239
002968,新大正,18.75,False,8.8,9.06,0,-2.91,-10.59,-7.54,-2.91,0.0,从未跌破（观测期内）,2026-07-03,34.04,-0.3254,0.1598,0.3361,0.2639,0.5343,0.4398,0.2388
002052,同洲电子,57.49,True,8.34,8.6,0,-1.72,-14.01,-9.81,-3.05,0.0,从未跌破（观测期内）,2026-07-03,37.5,-0.2727,1.1541,0.5342,0.4,0.6111,0.1097,0.2387
002263,大东南,60.86,False,3.24,3.83,9,12.86,-17.18,-1.74,-15.5,0.0,从未跌破（观测期内）,2026-07-03,39.0,0.7041,-0.4592,0.8363,0.4388,0.6445,0.0,0.2386
600785,新华百货,32.66,False,10.34,10.5,1,3.31,-11.71,-5.55,-1.54,0.0,从未跌破（观测期内）,2026-07-03,43.64,-0.1467,-0.0332,0.4301,0.1867,0.7475,0.2832,0.2386
600016,民生银行,1163.16,False,3.28,3.4,7,2.29,-7.77,-2.05,-3.59,0.0307,从未跌破（观测期内）,2026-07-03,22.64,-0.2182,0.2706,0.228,0.3082,0.2809,0.62,0.2385
600588,用友网络,318.12,True,9.31,9.77,0,-2.27,-14.09,-6.66,-4.7,0.0,从未跌破（观测期内）,2026-07-03,37.72,0.434,-0.6399,0.3992,0.2604,0.6161,0.3347,0.2385
000659,珠海中富,39.47,False,3.07,3.38,0,-6.37,-12.61,-9.56,-9.24,0.0,从未跌破（观测期内）,2026-07-03,25.27,-0.5947,0.5384,0.3175,0.4,0.3394,0.4708,0.2385
002752,昇兴股份,57.46,False,5.89,6.04,0,-2.03,-11.61,-6.87,-2.43,0.0,从未跌破（观测期内）,2026-07-03,40.13,-0.4982,-0.0498,0.3622,0.1801,0.6695,0.3963,0.2384
600868,梅雁吉祥,50.3,False,2.65,2.9,2,8.79,-16.89,-8.98,-8.76,0.0,从未跌破（观测期内）,2026-07-03,26.25,0.8437,-0.4941,0.4446,0.5086,0.3611,0.259,0.2382
600824,益民集团,36.57,False,3.47,3.52,0,-1.35,-7.82,-4.99,-1.35,0.0,从未跌破（观测期内）,2026-07-03,36.99,0.0838,-0.2263,0.287,0.1598,0.5997,0.5217,0.2381
000035,中国天楹,109.17,False,4.72,5.02,0,-4.44,-14.75,-8.67,-5.92,0.0,从未跌破（观测期内）,2026-07-03,34.44,0.1683,-0.1945,0.3062,0.2232,0.5432,0.4897,0.2379
002782,可立克,96.93,False,19.92,23.02,0,-2.64,-17.04,-9.21,-13.47,0.0,从未跌破（观测期内）,2026-07-03,40.84,0.5365,-0.2973,0.6969,0.403,0.6854,0.0,0.2378
000011,深物业A,34.91,False,6.63,7.08,5,2.8,-9.79,-3.72,-6.29,0.0,从未跌破（观测期内）,2026-07-03,27.84,0.6287,-0.2402,0.4471,0.4811,0.3963,0.2548,0.2378
600611,大众交通,60.34,False,3.86,4.14,0,-4.41,-16.07,-9.48,-6.68,0.0,从未跌破（观测期内）,2026-07-03,37.5,0.7699,-0.7156,0.6352,0.4619,0.6111,0.0,0.2377
601009,XD南京银,1289.52,False,10.43,10.82,10,6.46,-9.38,-0.79,-3.59,0.0616,从未跌破（观测期内）,2026-07-03,25.62,-0.33,0.1577,0.2889,0.2631,0.3471,0.5184,0.2376
002501,*ST利源,49.3,False,1.39,1.41,8,15.49,-16.21,-3.05,-1.52,0.0129,从未跌破（观测期内）,2026-07-03,40.0,0.401,-0.3989,0.485,0.2811,0.6667,0.1917,0.2375
600684,珠江股份,26.8,False,3.14,3.24,0,-1.9,-11.16,-8.46,-3.07,0.0,从未跌破（观测期内）,2026-07-03,36.19,0.2641,-0.0974,0.4354,0.3195,0.582,0.2743,0.2374
002329,皇氏集团,19.35,False,2.97,3.0,0,-0.87,-25.72,-17.63,-0.87,0.0,从未跌破（观测期内）,2026-07-03,39.56,0.0404,0.8983,0.6537,0.4242,0.6569,0.0,0.2374
600315,上海家化,117.3,False,17.45,17.62,4,3.21,-7.88,-2.45,-0.96,0.0451,从未跌破（观测期内）,2026-07-03,34.88,0.2861,-0.471,0.348,0.1833,0.5528,0.4201,0.2374
603507,振江股份,60.89,False,33.5,35.59,0,-0.55,-15.97,-7.67,-5.87,0.0,从未跌破（观测期内）,2026-07-03,35.57,0.0815,0.0763,0.3848,0.2794,0.5682,0.3587,0.2373
603190,亚通精工,10.25,False,24.93,24.78,1,0.59,-10.05,-5.43,0.59,0.0,从未跌破（观测期内）,2026-07-03,46.21,0.0414,-0.3662,0.373,0.0784,0.8046,0.3784,0.2373
000829,天音控股,77.63,False,7.58,8.23,0,-0.91,-16.2,-6.98,-7.9,0.0,从未跌破（观测期内）,2026-07-03,28.19,0.563,0.1341,0.566,0.5915,0.4042,0.0567,0.2372
002339,积成电子,34.04,True,7.11,7.46,0,-4.71,-13.62,-9.75,-4.71,0.0,从未跌破（观测期内）,2026-07-03,37.56,-0.2801,0.0678,0.3681,0.2271,0.6124,0.3864,0.2372
000632,ST三木,16.06,False,3.45,3.44,3,2.59,-19.17,-8.71,0.38,0.0,从未跌破（观测期内）,2026-07-03,40.78,0.5247,-0.2834,0.603,0.4015,0.684,0.0,0.2372
600854,春兰股份,22.28,False,4.29,4.33,0,-0.94,-11.5,-7.72,-0.94,0.0,从未跌破（观测期内）,2026-07-03,42.61,-0.321,-0.2422,0.3339,0.1031,0.7246,0.4434,0.2372
002037,保利联合,31.02,False,6.41,6.63,0,-3.33,-10.58,-7.6,-3.33,0.0,从未跌破（观测期内）,2026-07-03,27.5,-0.2074,0.2791,0.2739,0.3116,0.3889,0.5436,0.2372
600719,大连热电,31.32,False,7.74,8.6,3,8.22,-12.3,-4.64,-9.96,0.0,从未跌破（观测期内）,2026-07-03,39.72,0.6999,-0.6213,0.8059,0.4199,0.6604,0.0,0.2371
600666,奥瑞德,96.83,False,3.87,4.39,3,4.94,-14.62,-7.24,-11.78,0.0,从未跌破（观测期内）,2026-07-03,36.57,0.6591,-0.538,0.5196,0.3955,0.5905,0.1339,0.2371
600683,京投发展,85.78,False,11.58,12.67,0,-5.76,-18.3,-11.78,-8.62,0.0,从未跌破（观测期内）,2026-07-03,42.19,0.4764,-0.2756,0.6466,0.3756,0.7153,0.0,0.237
002429,兆驰股份,451.08,False,9.97,11.05,3,1.77,-12.78,-5.14,-9.77,0.0,从未跌破（观测期内）,2026-07-03,45.25,0.3094,-0.1617,0.6431,0.321,0.7833,0.0,0.2369
600776,东方通信,124.09,True,12.98,14.87,6,5.86,-16.32,-4.69,-12.7,0.0,从未跌破（观测期内）,2026-07-03,33.01,0.6167,-0.0787,0.7294,0.5386,0.5114,0.0,0.2369
002743,富煌钢构,17.86,False,4.11,4.23,0,-2.94,-11.48,-8.42,-2.94,0.0,从未跌破（观测期内）,2026-07-03,37.59,-0.5955,0.1392,0.3987,0.2557,0.6131,0.3356,0.2369
002777,久远银海,50.0,False,12.36,12.91,0,-3.45,-13.25,-7.95,-4.26,0.0,从未跌破（观测期内）,2026-07-03,35.2,-0.4405,0.0488,0.3199,0.2195,0.5599,0.4668,0.2369
002302,西部建设,56.17,False,4.45,4.65,0,-4.26,-9.15,-6.83,-4.26,0.0,从未跌破（观测期内）,2026-07-03,26.39,-0.1403,0.1285,0.1954,0.2514,0.3642,0.6743,0.2368
603023,威帝股份,21.32,False,3.82,3.87,0,-1.36,-14.43,-9.58,-1.36,0.0,从未跌破（观测期内）,2026-07-03,41.75,-0.3999,-0.0223,0.4086,0.1911,0.7055,0.3189,0.2367
002632,道明光学,51.3,False,8.93,9.66,0,-0.33,-10.79,-5.41,-7.52,0.0,从未跌破（观测期内）,2026-07-03,38.97,0.1218,0.0925,0.479,0.31,0.6438,0.2016,0.2365
601933,永辉超市,275.78,False,3.09,3.14,0,-0.3,-11.33,-6.92,-1.7,0.0,从未跌破（观测期内）,2026-07-03,44.12,-0.258,0.0811,0.4932,0.2325,0.7582,0.178,0.2364
601615,明阳智能,266.86,True,11.8,12.15,0,-2.88,-23.23,-14.33,-2.88,0.0,从未跌破（观测期内）,2026-07-03,46.19,0.1536,-0.172,0.5221,0.2234,0.8043,0.1298,0.2362
002642,荣联科技,41.68,True,6.3,6.73,0,-6.4,-17.12,-12.61,-6.4,0.0,从未跌破（观测期内）,2026-07-03,30.82,0.5391,-0.477,0.3581,0.3327,0.4626,0.4032,0.2362
603817,海峡环保,30.9,False,5.42,5.63,0,-3.67,-11.27,-7.7,-3.67,0.0,从未跌破（观测期内）,2026-07-03,34.23,-0.6763,0.1155,0.3331,0.2462,0.5384,0.4448,0.236
001268,联合精密,26.66,True,39.4,39.39,8,3.86,-11.31,-3.3,0.02,0.0518,从未跌破（观测期内）,2026-07-03,46.63,-0.0821,0.0251,0.7727,0.21,0.814,0.0,0.236
600718,东软集团,87.82,False,7.34,7.68,0,-3.07,-8.82,-5.56,-4.48,0.0,从未跌破（观测期内）,2026-07-03,32.64,-0.3298,0.0144,0.2647,0.2057,0.5031,0.5588,0.2359
600075,新疆天业,72.58,False,4.25,4.47,0,-2.86,-14.55,-9.4,-4.97,0.0,从未跌破（观测期内）,2026-07-03,35.47,-0.7622,0.551,0.5094,0.4,0.5659,0.1509,0.2358
603230,内蒙新华,32.21,False,9.11,9.23,0,-1.27,-6.44,-4.05,-1.27,0.0,从未跌破（观测期内）,2026-07-03,35.71,-0.3384,-0.1101,0.2705,0.1559,0.5714,0.5492,0.2357
601633,长城汽车,956.04,True,15.37,16.39,5,2.94,-10.23,-4.45,-6.23,0.0,从未跌破（观测期内）,2026-07-03,30.12,0.5511,-0.353,0.405,0.3894,0.4472,0.325,0.2356
603528,多伦科技,42.85,True,6.07,6.43,0,-2.07,-13.46,-8.36,-5.64,0.0,从未跌破（观测期内）,2026-07-03,22.68,0.508,0.3655,0.534,0.651,0.2818,0.1101,0.2356
002219,新里程,59.88,False,1.83,1.91,0,-2.55,-12.72,-7.43,-4.41,0.0,从未跌破（观测期内）,2026-07-03,33.33,-0.4669,0.1247,0.3225,0.2499,0.5185,0.4624,0.2355
600551,时代出版,45.97,True,6.78,6.93,0,-0.89,-6.94,-3.71,-2.14,0.0,从未跌破（观测期内）,2026-07-03,27.37,-0.3704,0.051,0.1882,0.2204,0.386,0.6864,0.2353
002036,联创电子,78.32,True,7.42,8.03,0,-1.61,-17.7,-8.46,-7.59,0.0,从未跌破（观测期内）,2026-07-03,44.05,0.4956,-0.4042,0.6852,0.3357,0.7568,0.0,0.2353
002742,冀衡医药,19.39,False,3.7,3.7,1,1.49,-15.94,-9.02,-0.05,0.0,从未跌破（观测期内）,2026-07-03,35.93,0.1323,1.1259,0.6978,0.4794,0.5762,0.0,0.2351
002397,梦洁股份,26.43,False,4.08,4.2,2,1.69,-13.66,-8.28,-2.89,0.0,从未跌破（观测期内）,2026-07-03,45.12,-0.1326,0.192,0.5618,0.2768,0.7805,0.0637,0.2349
600235,民丰特纸,18.51,False,5.27,5.39,0,-2.3,-9.97,-7.86,-2.3,0.0,从未跌破（观测期内）,2026-07-03,35.61,0.084,-0.1442,0.3084,0.1927,0.569,0.4859,0.2349
601012,隆基绿能,951.05,False,12.55,13.02,2,0.79,-14.93,-5.45,-3.57,0.0,从未跌破（观测期内）,2026-07-03,35.65,0.4173,-0.1442,0.5096,0.3927,0.5699,0.1507,0.2348
603860,中公高科,16.92,False,25.37,25.73,0,-1.39,-10.24,-7.3,-1.39,0.0,从未跌破（观测期内）,2026-07-03,37.27,-0.3693,-0.2026,0.2646,0.119,0.6059,0.5591,0.2348
000677,ST海龙,14.0,False,1.62,1.73,0,-6.25,-20.44,-12.93,-6.25,0.0,从未跌破（观测期内）,2026-07-03,38.75,0.25,0.1318,0.5747,0.4027,0.6389,0.0422,0.2348
600822,上海物贸,31.81,False,8.03,8.21,0,-1.98,-8.83,-5.69,-2.25,0.0,从未跌破（观测期内）,2026-07-03,36.67,-0.3981,-0.0471,0.3162,0.1811,0.5926,0.4729,0.2347
600376,首开股份,98.28,False,3.81,3.45,2,10.31,-20.64,-11.55,10.31,0.0,从未跌破（观测期内）,2026-07-03,67.83,0.5311,-0.7357,0.5519,0.3186,0.715,0.0802,0.2347
603409,汇通控股,10.61,False,19.69,21.22,0,-2.99,-21.81,-13.91,-7.19,0.0,从未跌破（观测期内）,2026-07-03,40.27,-0.5071,1.443,0.6622,0.4,0.6728,0.0,0.2346
002026,山东威达,49.78,False,11.3,11.67,0,-0.62,-10.75,-4.59,-3.16,0.0,从未跌破（观测期内）,2026-07-03,38.15,-0.1401,-0.1374,0.3069,0.1451,0.6255,0.4885,0.2346
000592,平潭发展,133.67,False,6.98,7.32,1,5.25,-19.18,-12.08,-4.64,0.0,从未跌破（观测期内）,2026-07-03,40.26,-0.0431,0.8511,0.6214,0.4,0.6724,0.0,0.2345
600319,亚星化学,25.12,False,6.48,6.75,0,-3.82,-10.18,-6.52,-3.96,0.0,从未跌破（观测期内）,2026-07-03,31.45,-0.3784,0.1437,0.3014,0.2575,0.4766,0.4977,0.2343
600052,东望时代,32.5,True,3.85,3.72,2,3.4,-13.11,-7.66,3.4,0.0,从未跌破（观测期内）,2026-07-03,56.41,0.1106,-0.3636,0.5589,0.1209,0.9687,0.0686,0.2342
002278,神开股份,28.52,False,7.95,8.23,0,-3.44,-10.17,-7.01,-3.44,0.0,从未跌破（观测期内）,2026-07-03,31.82,-0.1404,0.152,0.3119,0.2608,0.4848,0.4801,0.2342
601568,北元化工,138.63,False,3.49,3.62,4,4.33,-7.01,-2.22,-3.55,0.0,从未跌破（观测期内）,2026-07-03,24.69,0.5657,-0.4378,0.2889,0.3643,0.3265,0.5184,0.2341
603098,森特股份,58.41,False,10.84,11.25,0,-3.25,-11.39,-6.52,-3.65,0.0,从未跌破（观测期内）,2026-07-03,34.87,0.2346,-0.3365,0.3121,0.2062,0.5528,0.4798,0.2341
603070,万控智造,52.05,False,12.98,14.75,4,10.75,-19.47,-7.47,-11.99,0.0,从未跌破（观测期内）,2026-07-03,42.84,0.4263,-0.258,0.9956,0.3526,0.7299,0.0,0.2341
002581,*ST未名,13.83,False,3.45,3.58,0,-3.71,-19.62,-12.22,-3.71,0.0,从未跌破（观测期内）,2026-07-03,46.85,0.0199,0.0774,0.5621,0.2429,0.819,0.0632,0.234
600503,华丽家族,34.13,False,2.13,2.28,4,9.72,-20.26,-9.09,-6.66,0.0,从未跌破（观测期内）,2026-07-03,30.12,0.7688,-0.6399,0.483,0.4613,0.4471,0.195,0.234
002105,信隆健康,18.99,False,5.21,5.31,0,-1.81,-10.26,-7.93,-1.81,0.0,从未跌破（观测期内）,2026-07-03,38.13,-0.5569,0.0095,0.3687,0.2038,0.6251,0.3855,0.2338
603696,安记食品,28.65,False,12.18,12.35,0,-1.41,-10.72,-6.43,-1.41,0.0,从未跌破（观测期内）,2026-07-03,37.98,-0.1703,-0.17,0.2942,0.132,0.6219,0.5096,0.2338
002727,一心堂,40.71,False,10.36,10.62,0,-1.38,-11.21,-5.34,-2.43,0.0,从未跌破（观测期内）,2026-07-03,36.89,-0.8084,0.1081,0.3871,0.2432,0.5976,0.3548,0.2336
001222,源飞宠物,15.77,False,13.96,14.18,0,-1.53,-13.11,-8.24,-1.53,0.0,从未跌破（观测期内）,2026-07-03,35.55,-0.2521,0.0098,0.3236,0.2039,0.5678,0.4607,0.2336
600408,安泰集团,25.37,False,2.52,2.72,5,14.2,-18.82,-7.86,-7.4,0.0,从未跌破（观测期内）,2026-07-03,28.05,0.9006,-0.5462,0.5268,0.5404,0.4011,0.1219,0.2336
002942,新农股份,20.95,False,15.1,15.51,0,-2.67,-9.48,-6.58,-2.67,0.0,从未跌破（观测期内）,2026-07-03,34.91,-0.5721,0.0777,0.3398,0.2311,0.5536,0.4337,0.2335
600720,中交设计,50.86,False,5.04,5.29,0,-4.53,-11.93,-8.14,-4.81,0.0,从未跌破（观测期内）,2026-07-03,28.57,-0.1428,0.1603,0.2608,0.2641,0.4127,0.5653,0.2334
000670,盈方微,60.5,False,7.35,8.45,9,12.83,-18.58,-4.07,-13.06,0.0,从未跌破（观测期内）,2026-07-03,34.47,0.8305,-0.4994,0.7735,0.4985,0.5437,0.0,0.2334
601965,中国汽研,125.2,False,12.54,13.16,0,-2.98,-17.07,-10.72,-4.74,0.0,从未跌破（观测期内）,2026-07-03,26.89,-0.5331,0.4848,0.3612,0.3939,0.3753,0.398,0.2332
002124,天邦食品,44.77,False,2.27,2.24,3,2.56,-13.55,-8.49,1.16,0.0,从未跌破（观测期内）,2026-07-03,43.96,0.1316,-0.037,0.5353,0.2641,0.7546,0.1079,0.2331
601975,招商南油,172.7,False,3.69,4.22,3,9.2,-17.81,-8.53,-12.55,0.0,从未跌破（观测期内）,2026-07-03,41.45,0.506,-0.3263,0.7821,0.3731,0.699,0.0,0.2331
003816,中国广核,1530.14,False,3.89,4.11,0,-0.93,-8.27,-5.96,-5.41,0.0,从未跌破（观测期内）,2026-07-03,20.0,0.5444,-0.2587,0.2692,0.4232,0.2222,0.5513,0.2329
600153,建发股份,238.34,False,8.22,8.54,0,-0.31,-8.9,-4.09,-3.79,0.0,从未跌破（观测期内）,2026-07-03,30.81,-0.4967,0.1221,0.2877,0.2488,0.4623,0.5206,0.2328
002938,鹏鼎控股,2234.79,False,96.77,107.44,13,14.08,-14.42,2.42,-9.93,0.019,从未跌破（观测期内）,2026-07-03,46.8,0.3592,-0.422,0.8679,0.2467,0.8178,0.0,0.2328
000531,穗恒运Ａ,54.31,False,5.97,6.5,2,6.19,-12.6,-6.92,-8.14,0.0,从未跌破（观测期内）,2026-07-03,28.9,0.7735,-0.7324,0.4694,0.4641,0.42,0.2177,0.2327
603385,惠达卫浴,19.64,False,5.16,5.24,0,-1.52,-10.17,-7.26,-1.52,0.0,从未跌破（观测期内）,2026-07-03,37.4,-0.6629,0.0156,0.3625,0.2063,0.6089,0.3959,0.2327
002144,宏达高科,14.26,False,10.36,10.67,0,-2.9,-11.5,-8.45,-2.9,0.0,从未跌破（观测期内）,2026-07-03,35.27,-0.3061,-0.083,0.2853,0.1668,0.5615,0.5244,0.2327
002379,宏桥控股,171.25,False,15.07,16.38,0,-3.77,-16.68,-12.65,-8.01,0.0,从未跌破（观测期内）,2026-07-03,31.29,0.1401,0.6654,0.5329,0.484,0.4731,0.1119,0.2324
600223,福瑞达,54.08,False,5.32,5.36,0,-0.81,-10.98,-7.1,-0.81,0.0,从未跌破（观测期内）,2026-07-03,36.5,-0.3843,-0.0751,0.3113,0.17,0.5888,0.4812,0.2324
000565,渝三峡Ａ,26.75,False,6.17,6.18,0,-0.18,-13.71,-8.62,-0.18,0.0,从未跌破（观测期内）,2026-07-03,39.33,-0.1438,-0.1509,0.3316,0.1397,0.6519,0.4473,0.2324
600476,*ST湘邮,15.12,False,9.39,9.74,0,-3.59,-17.55,-10.29,-3.59,0.0,从未跌破（观测期内）,2026-07-03,40.2,-0.3961,0.1374,0.4624,0.2549,0.6711,0.2293,0.2323
600571,信雅达,45.82,False,10.01,10.4,0,-2.87,-12.9,-7.56,-3.7,0.0,从未跌破（观测期内）,2026-07-03,42.47,-0.2659,-0.1227,0.3996,0.1509,0.7217,0.334,0.2322
603221,爱丽家居,25.95,False,10.71,11.3,2,0.83,-15.26,-6.61,-5.19,0.0,从未跌破（观测期内）,2026-07-03,24.72,0.1286,1.8781,0.4104,0.4772,0.3271,0.3159,0.2321
601200,上海环境,92.49,False,6.87,7.02,0,-2.07,-8.53,-5.25,-2.07,0.0,从未跌破（观测期内）,2026-07-03,33.02,-0.1946,-0.2515,0.18,0.0994,0.5115,0.7,0.2321
601939,建设银行,910.44,False,9.49,10.05,9,5.18,-5.55,-0.69,-5.55,0.0328,从未跌破（观测期内）,2026-07-03,13.77,0.4922,-0.1731,0.2179,0.4261,0.0838,0.6369,0.2319
603239,浙江仙通,41.96,False,15.5,16.3,0,-4.93,-17.75,-12.88,-4.93,0.0,从未跌破（观测期内）,2026-07-03,32.33,-0.6944,1.1946,0.4707,0.4,0.4962,0.2155,0.2316
600467,好当家,30.24,False,2.07,2.12,0,-0.99,-8.71,-4.49,-2.5,0.0,从未跌破（观测期内）,2026-07-03,35.0,0.2145,-0.3943,0.2889,0.171,0.5556,0.5185,0.2316
002418,康盛股份,43.86,False,3.86,4.25,3,8.05,-18.13,-9.65,-9.14,0.0,从未跌破（观测期内）,2026-07-03,43.67,0.4512,-0.3581,0.6882,0.3275,0.7482,0.0,0.2315
000965,天保基建,33.63,False,3.03,3.17,2,0.74,-9.44,-4.36,-4.52,0.0,从未跌破（观测期内）,2026-07-03,23.19,0.5147,-0.2768,0.3067,0.3981,0.2931,0.4888,0.2315
603920,世运电路,327.58,False,45.46,53.14,0,-0.75,-18.28,-9.63,-14.45,0.0,从未跌破（观测期内）,2026-07-03,38.19,0.5627,-0.2822,0.7078,0.4247,0.6264,0.0,0.2315
600939,重庆建工,46.61,False,2.45,2.56,4,4.65,-12.85,-6.33,-4.35,0.0,从未跌破（观测期内）,2026-07-03,27.27,0.7179,-0.7067,0.4123,0.4308,0.3838,0.3128,0.2314
603226,菲林格尔,184.86,False,52.0,53.5,14,13.77,-7.71,3.0,-2.8,0.2277,从未跌破（观测期内）,2026-07-03,41.57,-0.0098,-0.5158,0.7045,0.0,0.7015,0.0,0.2314
600512,腾达建设,31.27,False,1.97,2.0,0,-1.52,-8.13,-5.61,-1.52,0.0,从未跌破（观测期内）,2026-07-03,36.11,-0.2874,-0.218,0.2518,0.1128,0.5802,0.5803,0.2313
002545,东方铁塔,196.87,False,17.42,18.68,0,-4.07,-15.81,-10.61,-6.73,0.0,从未跌破（观测期内）,2026-07-03,37.06,-0.1461,1.509,0.5557,0.4,0.6013,0.0739,0.2313
600330,天通股份,324.15,False,26.28,30.73,10,13.42,-14.49,-0.07,-14.49,0.0,从未跌破（观测期内）,2026-07-03,45.78,0.4193,-0.407,0.961,0.2888,0.7951,0.0,0.2312
600207,安彩高科,54.79,False,5.03,6.13,1,4.61,-17.9,-7.92,-17.9,0.0,从未跌破（观测期内）,2026-07-03,34.35,0.6858,-0.3003,0.7967,0.4914,0.541,0.0,0.2311
600131,国网信通,174.12,False,14.56,15.11,0,-1.62,-14.14,-7.13,-3.64,0.0,从未跌破（观测期内）,2026-07-03,41.83,0.2981,-0.4892,0.425,0.1832,0.7073,0.2916,0.231
603400,华之杰,15.27,False,54.54,58.13,0,-6.17,-20.68,-12.57,-6.17,0.0,从未跌破（观测期内）,2026-07-03,32.9,-0.2782,0.402,0.4438,0.3608,0.5089,0.2604,0.231
601816,京沪高铁,2265.26,False,4.63,4.73,7,2.43,-6.97,-2.76,-2.17,0.0467,从未跌破（观测期内）,2026-07-03,29.67,-0.0037,-0.187,0.2255,0.1252,0.4371,0.6241,0.231
000543,皖能电力,177.27,False,7.82,8.22,3,8.54,-11.97,-5.43,-4.81,0.0,从未跌破（观测期内）,2026-07-03,23.46,0.7484,-0.7053,0.3646,0.449,0.299,0.3923,0.2309
603322,超讯通信,46.66,True,29.61,28.79,3,3.41,-16.05,-7.74,2.84,0.0,从未跌破（观测期内）,2026-07-03,56.73,-0.0702,-0.114,0.6373,0.1544,0.9615,0.0,0.2309
603585,苏利股份,27.81,False,14.38,14.58,0,-1.36,-11.99,-7.23,-1.36,0.0,从未跌破（观测期内）,2026-07-03,32.84,-0.1273,0.0561,0.3058,0.2225,0.5076,0.4903,0.2307
002646,天佑德酒,31.45,False,6.61,6.72,0,-1.66,-9.39,-6.87,-1.66,0.0,从未跌破（观测期内）,2026-07-03,39.77,-0.1095,-0.1893,0.331,0.1243,0.6615,0.4484,0.2306
002251,步步高,76.2,False,3.54,3.89,5,16.09,-19.35,-6.16,-9.0,0.0,从未跌破（观测期内）,2026-07-03,31.45,0.9009,-0.7077,0.7073,0.5405,0.4767,0.0,0.2305
002253,*ST智胜,21.52,False,10.25,10.71,1,1.85,-12.03,-5.18,-4.34,0.0,从未跌破（观测期内）,2026-07-03,39.45,-0.5344,0.4202,0.5696,0.3681,0.6545,0.0506,0.2305
601968,宝钢包装,51.8,False,4.06,4.16,0,-1.94,-8.91,-5.98,-2.37,0.0,从未跌破（观测期内）,2026-07-03,27.06,0.1985,0.0228,0.31,0.3282,0.3791,0.4833,0.2304
600266,城建发展,84.28,False,4.06,4.21,0,-3.62,-11.21,-7.48,-3.62,0.0,从未跌破（观测期内）,2026-07-03,29.67,0.4565,-0.5193,0.302,0.2739,0.4371,0.4966,0.2304
601808,中海油服,331.57,False,11.2,11.7,0,-3.17,-11.19,-6.53,-4.26,0.0,从未跌破（观测期内）,2026-07-03,23.05,0.3563,-0.1659,0.258,0.3474,0.2899,0.57,0.2303
002148,北纬科技,29.58,True,6.56,6.22,1,5.51,-12.83,-6.72,5.51,0.0063,从未跌破（观测期内）,2026-07-03,55.65,-0.0615,-0.3027,0.5565,0.0789,0.9856,0.0725,0.2302
002186,全 聚 德,26.69,False,8.7,8.83,0,-1.48,-7.55,-5.44,-1.48,0.0,从未跌破（观测期内）,2026-07-03,38.83,0.0458,-0.2479,0.3201,0.1283,0.6407,0.4664,0.2302
002788,鹭燕医药,41.31,False,10.82,10.96,1,1.9,-11.12,-5.96,-1.27,0.0,从未跌破（观测期内）,2026-07-03,45.43,-0.1276,0.0502,0.5295,0.2201,0.7874,0.1175,0.2301
001221,悍高集团,15.09,False,41.91,42.57,0,-1.55,-18.92,-10.45,-1.55,0.0,从未跌破（观测期内）,2026-07-03,35.84,0.2078,-0.0894,0.4286,0.2889,0.5743,0.2857,0.23
600624,ST复华,25.61,False,3.77,3.73,1,1.19,-15.04,-8.57,1.19,0.0,从未跌破（观测期内）,2026-07-03,40.71,-0.5656,0.1866,0.5009,0.2747,0.6825,0.1651,0.2299
600816,建元信托,135.63,False,2.48,2.62,0,-4.28,-13.56,-8.39,-5.22,0.0,从未跌破（观测期内）,2026-07-03,37.5,0.1102,-0.1362,0.3813,0.2116,0.6111,0.3644,0.2298
603876,鼎胜新材,223.58,False,24.06,25.91,6,10.43,-14.09,-2.51,-7.13,0.0,从未跌破（观测期内）,2026-07-03,38.95,0.5089,-0.2521,0.6123,0.4045,0.6434,0.0,0.2298
600691,潞化科技,54.64,True,2.3,2.47,0,-3.05,-12.7,-6.86,-7.0,0.0,从未跌破（观测期内）,2026-07-03,27.27,0.3386,-0.0688,0.3639,0.3756,0.3838,0.3936,0.2297
002058,威尔泰,29.17,False,20.38,21.85,0,-0.12,-14.82,-9.15,-6.72,0.0,从未跌破（观测期内）,2026-07-03,36.68,-0.0235,1.3982,0.5562,0.4,0.593,0.073,0.2295
002470,金正大,66.04,False,2.01,2.13,0,-2.06,-13.38,-6.95,-5.68,0.0,从未跌破（观测期内）,2026-07-03,39.8,-0.025,0.3459,0.5499,0.3384,0.6621,0.0835,0.2295
600202,哈空调,18.21,False,4.75,4.86,0,-2.23,-11.91,-8.91,-2.23,0.0,从未跌破（观测期内）,2026-07-03,37.01,0.1614,-0.3161,0.3331,0.1704,0.6002,0.4449,0.2294
002117,东港股份,43.4,False,8.29,8.58,0,-2.16,-12.39,-6.6,-3.4,0.0,从未跌破（观测期内）,2026-07-03,31.84,-0.0315,0.2023,0.3516,0.2809,0.4854,0.4139,0.2294
603073,彩蝶实业,8.09,False,15.9,16.15,0,-1.53,-11.36,-8.02,-1.53,0.0,从未跌破（观测期内）,2026-07-03,39.27,-0.4208,-0.0895,0.3669,0.1642,0.6505,0.3885,0.2294
002760,凤形股份,18.47,False,17.1,17.45,0,-2.0,-15.41,-10.06,-2.0,0.0,从未跌破（观测期内）,2026-07-03,42.54,0.024,-0.319,0.3484,0.0868,0.7231,0.4194,0.2292
601880,辽港股份,257.78,False,1.4,1.48,0,-0.99,-8.82,-4.74,-5.56,0.0,从未跌破（观测期内）,2026-07-03,20.0,0.0828,0.3453,0.249,0.3878,0.2222,0.5851,0.2292
600662,外服控股,94.25,False,4.14,4.18,0,-1.05,-7.44,-4.77,-1.05,0.0,从未跌破（观测期内）,2026-07-03,36.54,-0.1629,-0.2586,0.252,0.0965,0.5897,0.58,0.2291
600590,泰豪科技,83.94,True,9.95,11.27,0,-6.21,-16.7,-11.41,-11.69,0.0,从未跌破（观测期内）,2026-07-03,24.93,0.4482,0.0943,0.4561,0.5066,0.3318,0.2399,0.229
002650,ST加加,70.3,False,6.35,6.79,0,-1.05,-16.87,-7.12,-6.46,0.0,从未跌破（观测期内）,2026-07-03,28.27,-0.757,1.3985,0.4094,0.4,0.406,0.3177,0.2289
600744,华银电力,128.98,False,6.35,7.04,2,7.94,-17.1,-9.29,-9.81,0.0,从未跌破（观测期内）,2026-07-03,26.04,0.8715,-0.7843,0.4927,0.5229,0.3565,0.1789,0.2288
600775,南京熊猫,64.9,False,9.66,10.17,2,1.12,-11.88,-6.88,-5.05,0.0,从未跌破（观测期内）,2026-07-03,43.56,0.0848,-0.0411,0.5159,0.2344,0.7459,0.1402,0.2288
603383,顶点软件,56.56,True,27.54,28.52,0,-0.71,-12.19,-6.12,-3.42,0.0,从未跌破（观测期内）,2026-07-03,44.27,0.3408,-0.4198,0.5306,0.2366,0.7615,0.1156,0.2288
603599,广信股份,89.75,False,9.86,10.46,1,0.9,-10.08,-5.15,-5.74,0.0,从未跌破（观测期内）,2026-07-03,33.62,0.2546,-0.0161,0.4512,0.3463,0.5248,0.248,0.2287
600653,申华控股,30.17,False,1.55,1.6,0,-1.5,-8.4,-4.3,-3.22,0.0,从未跌破（观测期内）,2026-07-03,35.14,0.2657,-0.3579,0.3482,0.2163,0.5586,0.4197,0.2287
003002,壶化股份,33.02,False,18.06,19.9,0,-3.69,-15.84,-9.8,-9.23,0.0,从未跌破（观测期内）,2026-07-03,28.68,-0.3931,0.4622,0.4028,0.3849,0.415,0.3287,0.2285
000761,本钢板材,81.58,False,2.2,2.3,0,-4.24,-10.27,-6.42,-4.24,0.0,从未跌破（观测期内）,2026-07-03,32.2,0.0885,0.0052,0.336,0.2551,0.4934,0.44,0.2285
605155,西大门,25.33,False,13.56,13.34,1,1.66,-13.87,-8.28,1.66,0.0,从未跌破（观测期内）,2026-07-03,47.43,0.0438,0.0186,0.5854,0.2337,0.8317,0.0243,0.2284
000762,西藏矿业,140.41,False,26.96,28.54,7,3.19,-14.53,-4.39,-5.55,0.0,从未跌破（观测期内）,2026-07-03,33.21,0.5575,-0.093,0.5962,0.4973,0.5159,0.0063,0.2284
002177,御银股份,37.73,False,5.59,6.05,0,-0.45,-16.6,-9.52,-7.63,0.0,从未跌破（观测期内）,2026-07-03,40.46,0.4391,-0.3987,0.5319,0.3039,0.6768,0.1136,0.2284
600250,南京商旅,25.34,False,8.1,8.39,0,-3.45,-11.01,-6.87,-3.45,0.0,从未跌破（观测期内）,2026-07-03,31.44,0.2287,-0.2416,0.3085,0.2406,0.4765,0.4858,0.2283
600477,杭萧钢构,55.91,False,2.37,2.48,0,-3.1,-9.8,-6.55,-4.28,0.0,从未跌破（观测期内）,2026-07-03,28.26,-0.4236,0.1204,0.2597,0.2482,0.4058,0.5672,0.2283
600308,华泰股份,47.63,False,3.14,3.21,0,-2.17,-8.9,-6.1,-2.17,0.0,从未跌破（观测期内）,2026-07-03,35.9,-0.6423,-0.074,0.3177,0.1704,0.5755,0.4705,0.2283
605577,龙版传媒,40.84,False,9.19,9.32,0,-1.35,-9.38,-6.51,-1.35,0.0,从未跌破（观测期内）,2026-07-03,36.02,-0.1647,-0.1662,0.2833,0.1335,0.5783,0.5278,0.2282
002489,浙江永强,54.33,False,2.84,3.08,0,-0.18,-17.75,-11.58,-7.66,0.0,从未跌破（观测期内）,2026-07-03,23.81,0.6325,-0.7027,0.3126,0.3795,0.3069,0.479,0.2281
002878,元隆雅图,28.21,False,11.96,13.01,0,-3.09,-18.62,-11.4,-8.1,0.0,从未跌破（观测期内）,2026-07-03,21.21,0.8796,-0.6043,0.4153,0.5278,0.2492,0.3079,0.228
600426,华鲁恒升,526.23,False,24.88,26.12,0,-3.32,-12.96,-8.3,-4.76,0.0,从未跌破（观测期内）,2026-07-03,32.01,-0.1304,0.6919,0.4802,0.4,0.4892,0.1996,0.2278
600515,海南机场,256.01,False,2.79,2.88,0,-3.06,-8.46,-5.9,-3.06,0.0,从未跌破（观测期内）,2026-07-03,29.79,-0.2489,0.058,0.2643,0.2232,0.4397,0.5595,0.2277
002309,中利集团,66.65,False,2.77,3.05,0,-5.39,-15.41,-11.58,-9.24,0.0,从未跌破（观测期内）,2026-07-03,28.09,0.4705,-0.3429,0.3559,0.3451,0.402,0.4069,0.2277
000096,广聚能源,37.39,False,7.32,7.5,0,-2.33,-10.4,-6.86,-2.33,0.0,从未跌破（观测期内）,2026-07-03,31.21,-0.3247,0.0223,0.2754,0.2089,0.4713,0.541,0.2276
603296,华勤技术,550.07,True,68.88,73.91,5,4.76,-10.67,-3.11,-6.81,0.0,从未跌破（观测期内）,2026-07-03,44.48,0.4954,-0.6519,0.7105,0.2972,0.7663,0.0,0.2276
002933,新兴装备,32.45,False,27.8,27.86,1,0.8,-10.12,-3.46,-0.2,0.0,从未跌破（观测期内）,2026-07-03,45.49,-0.0037,-0.2987,0.4016,0.0805,0.7886,0.3307,0.2275
000663,永安林业,16.51,False,5.39,5.46,0,-1.26,-10.3,-7.11,-1.26,0.0,从未跌破（观测期内）,2026-07-03,39.74,0.0038,-0.1868,0.3461,0.1276,0.6608,0.4232,0.2275
000027,深圳能源,298.29,False,6.27,6.76,2,5.5,-11.21,-5.59,-7.21,0.0,从未跌破（观测期内）,2026-07-03,26.38,0.7035,-0.648,0.4039,0.4221,0.364,0.3269,0.2274
601065,江盐集团,44.99,False,7.0,7.15,0,-1.36,-9.33,-4.98,-2.14,0.0,从未跌破（观测期内）,2026-07-03,33.05,-0.4232,-0.1349,0.2463,0.146,0.5122,0.5895,0.2274
605567,春雪食品,17.08,False,8.54,8.61,0,-0.78,-12.23,-7.39,-0.78,0.0,从未跌破（观测期内）,2026-07-03,42.32,-0.1601,-0.2714,0.3569,0.0914,0.7183,0.4051,0.2273
000537,绿发电力,152.95,False,7.44,8.13,2,2.92,-17.58,-12.63,-8.44,0.0,从未跌破（观测期内）,2026-07-03,21.35,0.9087,-0.6821,0.4377,0.5452,0.2522,0.2704,0.2273
000517,荣安地产,42.11,False,1.69,1.85,5,18.79,-13.16,-3.77,-8.77,0.0,从未跌破（观测期内）,2026-07-03,30.19,0.6113,-0.0412,0.7433,0.5503,0.4486,0.0,0.2273
600984,建设机械,46.64,False,3.71,4.05,0,-3.83,-11.25,-8.42,-8.45,0.0,从未跌破（观测期内）,2026-07-03,32.88,0.2358,0.0144,0.4447,0.3472,0.5084,0.2588,0.2273
001336,楚环科技,11.3,True,22.9,23.8,0,-3.78,-11.91,-8.85,-3.78,0.0,从未跌破（观测期内）,2026-07-03,36.81,-0.0013,-0.2013,0.2874,0.1195,0.5959,0.5209,0.2272
603967,中创物流,39.14,False,11.29,11.44,0,-1.3,-10.95,-5.52,-1.3,0.0,从未跌破（观测期内）,2026-07-03,38.03,-0.6079,-0.0514,0.3695,0.1794,0.6228,0.3841,0.2271
600610,中毅达,47.13,False,6.65,7.26,0,-0.69,-17.97,-9.46,-8.47,0.0,从未跌破（观测期内）,2026-07-03,18.03,0.7041,0.0331,0.4698,0.6357,0.1784,0.217,0.2271
600481,双良节能,96.4,False,4.67,4.84,3,5.39,-23.98,-11.72,-3.46,0.0,从未跌破（观测期内）,2026-07-03,41.06,0.5528,-0.4592,0.5924,0.348,0.6903,0.0127,0.227
002875,安奈儿,27.07,False,14.84,16.28,0,-5.12,-21.02,-14.11,-8.85,0.0,从未跌破（观测期内）,2026-07-03,34.57,0.2617,-0.0383,0.4706,0.3417,0.5461,0.2157,0.227
600359,新农开发,21.56,False,5.65,5.97,0,-1.73,-11.76,-6.6,-5.38,0.0,从未跌破（观测期内）,2026-07-03,25.16,0.6187,-0.5494,0.3333,0.3712,0.3368,0.4445,0.2268
605162,新中港,35.43,False,8.0,8.81,3,14.73,-19.2,-10.24,-9.15,0.0,从未跌破（观测期内）,2026-07-03,24.49,0.8371,-0.4933,0.456,0.5049,0.322,0.24,0.2266
002295,精艺股份,22.01,False,8.79,9.37,0,-0.48,-11.68,-7.09,-6.22,0.0,从未跌破（观测期内）,2026-07-03,30.71,0.126,0.0574,0.3607,0.2986,0.4603,0.3988,0.2265
002572,索菲亚,51.47,False,7.9,8.05,0,-1.88,-14.24,-9.89,-1.88,0.0,从未跌破（观测期内）,2026-07-03,33.99,-0.3699,-0.0094,0.3171,0.1962,0.5331,0.4715,0.2264
600814,杭州解百,47.12,False,6.41,6.61,0,-2.15,-9.75,-5.0,-3.08,0.0,从未跌破（观测期内）,2026-07-03,31.65,0.3119,-0.4734,0.2781,0.1978,0.4812,0.5365,0.2262
600819,耀皮玻璃,43.13,False,5.77,6.26,3,1.49,-12.05,-6.21,-7.88,0.0,从未跌破（观测期内）,2026-07-03,39.18,0.3262,-0.0245,0.7593,0.3859,0.6483,0.0,0.2261
603315,福鞍股份,46.77,False,14.6,15.92,5,6.87,-10.04,-3.3,-8.27,0.0,从未跌破（观测期内）,2026-07-03,34.81,0.5092,-0.107,0.5996,0.4627,0.5513,0.0006,0.226
000937,冀中能源,161.27,False,4.27,4.49,5,6.0,-17.68,-5.56,-4.98,0.0,从未跌破（观测期内）,2026-07-03,27.1,0.7601,-0.5423,0.4565,0.4561,0.3799,0.2391,0.2259
600663,陆家嘴,201.96,False,6.4,6.54,0,-1.83,-9.52,-5.42,-2.16,0.0,从未跌破（观测期内）,2026-07-03,43.45,0.0589,-0.5556,0.3266,0.0353,0.7433,0.4557,0.2259
601677,明泰铝业,196.19,False,15.78,16.68,2,7.14,-9.24,-4.94,-5.39,0.0,从未跌破（观测期内）,2026-07-03,39.05,0.2881,-0.3003,0.4659,0.2527,0.6456,0.2235,0.2258
000958,电投产融,303.62,False,5.64,5.87,6,8.4,-6.71,-2.42,-3.88,0.0,从未跌破（观测期内）,2026-07-03,27.49,0.8684,-0.7562,0.5289,0.521,0.3886,0.1184,0.2257
603214,爱婴室,18.08,False,13.05,13.09,0,-0.29,-10.73,-7.8,-0.29,0.0,从未跌破（观测期内）,2026-07-03,40.9,-0.0295,-0.2638,0.3411,0.0945,0.6866,0.4315,0.2257
000975,山金国际,500.61,False,19.84,19.78,1,0.32,-17.5,-9.91,0.32,0.0,从未跌破（观测期内）,2026-07-03,44.03,-0.4311,0.2436,0.7528,0.2975,0.7561,0.0,0.2256
603527,众源新材,35.82,False,11.3,13.2,11,9.68,-14.41,-1.74,-14.41,0.0,从未跌破（观测期内）,2026-07-03,34.99,0.6744,-0.3673,0.7563,0.4577,0.5553,0.0,0.2255
002513,蓝丰生化,14.34,False,4.96,5.22,0,-1.66,-11.29,-8.25,-5.03,0.0,从未跌破（观测期内）,2026-07-03,27.12,0.5994,-0.0952,0.5244,0.5216,0.3804,0.1261,0.2254
603815,交建股份,34.35,False,5.55,5.6,0,-0.88,-15.54,-9.92,-0.88,0.0,从未跌破（观测期内）,2026-07-03,38.79,0.6488,-0.5978,0.6267,0.3893,0.6398,0.0,0.2253
600556,天下秀,79.54,False,4.4,4.76,0,-1.25,-11.2,-7.26,-7.53,0.0,从未跌破（观测期内）,2026-07-03,32.35,0.2698,0.063,0.4838,0.3871,0.4967,0.1937,0.2252
600844,金煤科技,20.9,True,2.54,2.67,0,-4.92,-12.48,-8.89,-4.92,0.0,从未跌破（观测期内）,2026-07-03,30.14,0.2214,-0.0966,0.3514,0.2942,0.4475,0.4144,0.2252
601952,苏垦农发,106.8,False,7.75,7.98,0,-0.39,-9.49,-4.51,-2.88,0.0,从未跌破（观测期内）,2026-07-03,27.16,0.1029,-0.0088,0.2635,0.2582,0.3813,0.5608,0.225
000880,潍柴重机,52.6,False,23.17,24.49,0,-5.34,-20.29,-11.89,-5.41,0.0,从未跌破（观测期内）,2026-07-03,42.15,0.4217,-0.4731,0.5353,0.2638,0.7144,0.1079,0.225
603598,引力传媒,46.04,False,17.09,18.95,0,-2.65,-15.35,-9.21,-9.83,0.0,从未跌破（观测期内）,2026-07-03,39.82,0.4994,-0.3254,0.6451,0.3695,0.6627,0.0,0.2249
001286,陕西能源,142.69,False,10.57,10.98,4,7.84,-10.97,-4.01,-3.71,0.0,从未跌破（观测期内）,2026-07-03,30.89,0.6131,-0.7752,0.4396,0.3678,0.4643,0.2673,0.2249
600241,时代万恒,19.84,True,6.74,7.04,0,-2.45,-11.65,-8.36,-4.3,0.0,从未跌破（观测期内）,2026-07-03,36.11,-0.0877,0.0992,0.4041,0.2397,0.5802,0.3265,0.2249
002602,世纪华通,914.85,False,13.46,13.83,5,1.08,-10.26,-3.37,-2.7,0.0,从未跌破（观测期内）,2026-07-03,39.54,-0.0112,-0.0859,0.3917,0.1656,0.6564,0.3471,0.2248
002212,天融信,66.98,False,5.74,6.08,0,-3.59,-11.92,-7.43,-5.54,0.0,从未跌破（观测期内）,2026-07-03,31.74,-0.2205,0.4218,0.4562,0.3687,0.483,0.2396,0.2247
600490,鹏欣资源,125.14,False,6.28,6.66,4,2.67,-15.86,-7.79,-5.73,0.0,从未跌破（观测期内）,2026-07-03,38.07,-0.2238,1.8304,0.7603,0.4,0.6237,0.0,0.2247
000155,川能动力,221.72,False,12.01,12.78,0,-2.62,-12.09,-6.97,-6.04,0.0,从未跌破（观测期内）,2026-07-03,28.84,0.5214,-0.4922,0.3525,0.3159,0.4187,0.4125,0.2246
603206,嘉环科技,47.55,True,15.58,17.21,8,7.24,-16.12,-3.49,-9.46,0.0,从未跌破（观测期内）,2026-07-03,30.95,0.7601,-0.3268,0.6635,0.5253,0.4656,0.0,0.2245
603359,*ST东珠,10.39,False,2.33,2.46,0,-4.63,-20.42,-11.13,-5.23,0.0,从未跌破（观测期内）,2026-07-03,36.94,0.4252,-0.2444,0.5387,0.3574,0.5986,0.1022,0.2244
002865,钧达股份,134.98,False,58.99,62.82,0,-6.09,-23.69,-15.46,-6.09,0.0,从未跌破（观测期内）,2026-07-03,38.66,0.226,-0.0012,0.5476,0.3351,0.6368,0.0873,0.2242
603306,华懋科技,312.92,True,94.97,104.42,9,9.92,-15.44,-1.69,-9.05,0.0,从未跌破（观测期内）,2026-07-03,43.26,0.066,0.1648,0.6647,0.3055,0.7391,0.0,0.2242
600578,京能电力,413.73,False,6.18,7.46,5,22.55,-18.7,-7.04,-17.1,0.0,从未跌破（观测期内）,2026-07-03,28.8,0.9361,-0.6643,0.7463,0.5617,0.4178,0.0,0.224
600706,曲江文旅,17.96,False,7.07,7.35,0,-2.9,-10.63,-7.84,-3.78,0.0,从未跌破（观测期内）,2026-07-03,35.27,-0.2432,0.0733,0.3824,0.2293,0.5615,0.3627,0.224
000665,湖北广电,42.64,False,3.75,3.95,0,-4.09,-10.49,-7.51,-5.02,0.0,从未跌破（观测期内）,2026-07-03,29.49,0.3001,-0.2612,0.3264,0.2756,0.433,0.456,0.2239
000983,山西焦煤,353.68,False,6.23,6.66,8,13.74,-15.68,-2.84,-6.44,0.0,从未跌破（观测期内）,2026-07-03,27.14,0.7837,-0.6593,0.4795,0.4702,0.3808,0.2009,0.2238
603022,新通联,16.68,False,8.34,8.74,0,-4.54,-12.15,-9.69,-4.54,0.0,从未跌破（观测期内）,2026-07-03,30.94,-0.6116,0.102,0.3183,0.2408,0.4654,0.4695,0.2237
603861,白云电器,66.39,True,12.56,14.89,6,10.38,-19.52,-6.93,-15.67,0.0,从未跌破（观测期内）,2026-07-03,34.12,0.7767,-0.4998,0.8729,0.4661,0.5359,0.0,0.2237
600137,浪莎股份,16.92,False,17.4,17.67,0,-1.51,-11.93,-9.05,-1.51,0.0,从未跌破（观测期内）,2026-07-03,39.6,-0.1267,-0.1128,0.3869,0.1549,0.6578,0.3552,0.2236
002451,摩恩电气,31.84,False,7.25,7.57,0,-3.87,-12.37,-8.1,-4.2,0.0,从未跌破（观测期内）,2026-07-03,36.0,-0.3628,-0.1068,0.3252,0.1573,0.5778,0.4579,0.2236
002869,金溢科技,25.74,True,16.34,17.92,6,4.52,-10.89,-3.58,-8.82,0.0,从未跌破（观测期内）,2026-07-03,34.92,0.5464,-0.3172,0.5504,0.401,0.5538,0.0826,0.2234
002622,皓宸医疗,18.4,False,2.19,2.25,0,-2.67,-11.6,-8.05,-2.67,0.0,从未跌破（观测期内）,2026-07-03,36.07,-0.0987,0.0866,0.4046,0.2346,0.5792,0.3257,0.2234
600158,中体产业,65.25,False,6.8,7.8,0,-12.77,-22.04,-19.41,-12.77,0.0,从未跌破（观测期内）,2026-07-03,6.01,0.8234,0.0952,0.4391,0.7321,0.0,0.2681,0.2232
000603,盛达资源,162.81,False,24.42,26.01,0,-0.34,-23.83,-11.99,-6.12,0.0,从未跌破（观测期内）,2026-07-03,37.65,-0.2662,3.5358,0.9319,0.4,0.6144,0.0,0.2229
600756,浪潮软件,40.77,True,12.58,13.06,0,-2.34,-12.22,-7.55,-3.68,0.0,从未跌破（观测期内）,2026-07-03,41.58,-0.0621,-0.2028,0.3885,0.1189,0.7017,0.3525,0.2229
002092,中泰化学,104.31,False,4.05,4.17,0,-1.35,-13.85,-8.72,-2.78,0.0,从未跌破（观测期内）,2026-07-03,36.81,-0.0087,0.1145,0.4312,0.2458,0.5957,0.2813,0.2228
603816,顾家家居,188.67,False,23.23,24.65,0,-2.76,-14.95,-9.57,-5.74,0.0,从未跌破（观测期内）,2026-07-03,20.45,-0.6406,0.4661,0.2811,0.3864,0.2323,0.5315,0.2228
603185,弘元绿能,105.72,False,15.57,16.87,0,-0.51,-17.12,-7.28,-7.73,0.0,从未跌破（观测期内）,2026-07-03,36.24,0.2203,0.074,0.5371,0.3618,0.5832,0.1049,0.2228
603636,南威软件,46.43,True,8.0,8.71,0,-0.24,-16.74,-8.58,-8.13,0.0,从未跌破（观测期内）,2026-07-03,38.77,0.5871,-0.4327,0.6736,0.3792,0.6393,0.0,0.2227
001914,招商积余,89.46,False,8.49,8.89,0,-0.18,-10.29,-5.69,-4.53,0.0,从未跌破（观测期内）,2026-07-03,19.15,-0.404,0.8105,0.2719,0.4,0.2033,0.5468,0.2227
600838,上海九百,29.55,False,7.37,7.56,0,-2.46,-9.11,-6.19,-2.46,0.0,从未跌破（观测期内）,2026-07-03,37.32,0.0475,-0.4034,0.2626,0.0671,0.6072,0.5623,0.2226
600425,青松建化,53.92,False,3.36,3.43,0,-0.87,-7.29,-4.06,-1.91,0.0,从未跌破（观测期内）,2026-07-03,32.69,-0.4684,-0.1782,0.2416,0.1287,0.5043,0.5973,0.2226
605122,四方新材,19.25,False,11.17,11.67,0,-4.26,-10.09,-8.38,-4.26,0.0,从未跌破（观测期内）,2026-07-03,29.71,-0.119,0.0134,0.2651,0.2054,0.4379,0.5581,0.2226
603719,良品铺子,36.13,False,9.01,9.14,0,-1.4,-9.65,-6.17,-1.4,0.0,从未跌破（观测期内）,2026-07-03,36.75,0.2368,-0.4022,0.367,0.1812,0.5945,0.3884,0.2225
600227,赤天化,31.81,False,2.49,2.71,0,-3.74,-13.3,-8.88,-7.97,0.0,从未跌破（观测期内）,2026-07-03,29.79,0.5655,-0.2359,0.507,0.4449,0.4397,0.155,0.2224
603177,德创环保,17.11,False,8.38,9.3,3,10.81,-18.98,-8.5,-9.89,0.0,从未跌破（观测期内）,2026-07-03,41.69,0.2429,-0.0499,0.7905,0.3258,0.7043,0.0,0.2223
600371,万向德农,19.63,False,6.71,6.78,0,-0.97,-9.44,-7.07,-0.97,0.0,从未跌破（观测期内）,2026-07-03,39.09,-0.2858,-0.2159,0.3421,0.1136,0.6464,0.4298,0.2222
000863,三湘印象,50.02,False,4.3,4.4,2,3.91,-13.4,-8.98,-2.35,0.0,从未跌破（观测期内）,2026-07-03,43.54,0.0317,0.1829,0.6086,0.2922,0.7453,0.0,0.2221
000055,方大集团,22.78,False,3.37,3.57,10,7.2,-9.51,-1.82,-5.67,0.0,从未跌破（观测期内）,2026-07-03,24.1,0.6159,-0.7292,0.3316,0.3695,0.3133,0.4473,0.2221
002570,贝因美,44.06,False,4.08,4.6,6,13.62,-16.9,-5.81,-11.24,0.0,从未跌破（观测期内）,2026-07-03,21.31,0.8529,-0.6144,0.4254,0.5117,0.2514,0.291,0.2219
002534,西子洁能,146.91,False,17.8,19.64,12,8.25,-16.26,-0.23,-9.36,0.0,从未跌破（观测期内）,2026-07-03,37.42,-0.5256,0.5563,0.6979,0.4,0.6093,0.0,0.2219
601212,白银有色,383.57,False,5.18,5.56,1,0.26,-14.67,-8.73,-6.83,0.0,从未跌破（观测期内）,2026-07-03,36.19,-0.1228,1.1043,0.578,0.4,0.582,0.0366,0.2219
605003,众望布艺,24.27,False,22.06,22.22,0,-0.74,-10.42,-6.26,-0.74,0.0,从未跌破（观测期内）,2026-07-03,43.13,-0.1478,-0.2478,0.4033,0.1009,0.7362,0.3278,0.2216
000501,武商集团,54.4,False,7.08,7.03,2,0.85,-9.72,-4.52,0.69,0.0085,从未跌破（观测期内）,2026-07-03,44.9,-0.0338,-0.4226,0.3791,0.031,0.7755,0.3682,0.2215
601113,华鼎股份,37.54,False,3.4,3.68,0,-4.05,-13.52,-7.81,-7.5,0.0,从未跌破（观测期内）,2026-07-03,17.5,-0.7039,0.9329,0.2474,0.4,0.1667,0.5876,0.2215
000705,浙江震元,17.71,False,6.28,6.4,0,-1.8,-9.99,-6.57,-1.8,0.0,从未跌破（观测期内）,2026-07-03,38.42,-0.2809,-0.1547,0.3579,0.1381,0.6315,0.4035,0.2214
603136,天目湖,23.69,False,8.77,8.76,1,0.09,-6.83,-4.6,0.09,0.0,从未跌破（观测期内）,2026-07-03,40.0,-0.2379,-0.3748,0.2984,0.0501,0.6667,0.5027,0.2213
002685,华东重机,63.48,False,6.3,6.65,0,-4.13,-17.98,-10.87,-5.24,0.0,从未跌破（观测期内）,2026-07-03,42.79,0.247,-0.2972,0.5272,0.2293,0.7288,0.1213,0.2213
605138,XD盛泰集,33.28,False,5.99,6.07,0,-1.31,-11.63,-8.91,-1.31,0.0,从未跌破（观测期内）,2026-07-03,39.6,-0.5216,-0.2731,0.3325,0.0908,0.6577,0.4458,0.2211
603489,八方股份,68.48,False,29.19,30.93,0,-1.73,-12.08,-7.79,-5.62,0.0,从未跌破（观测期内）,2026-07-03,37.61,-0.2113,-0.1225,0.358,0.151,0.6136,0.4034,0.221
603105,芯能科技,35.45,True,7.09,7.44,0,-4.76,-13.73,-10.22,-4.76,0.0,从未跌破（观测期内）,2026-07-03,31.52,0.1327,-0.1552,0.3162,0.2175,0.4781,0.473,0.221
002815,崇达技术,115.56,True,14.87,17.7,15,16.12,-16.01,2.66,-16.01,0.0,从未跌破（观测期内）,2026-07-03,40.1,0.5502,-0.4543,0.7995,0.3484,0.669,0.0,0.2209
600643,爱建集团,61.39,False,3.86,3.98,1,0.6,-10.74,-5.7,-3.11,0.0,从未跌破（观测期内）,2026-07-03,43.45,-0.0281,-0.0492,0.4915,0.1803,0.7433,0.1808,0.2209
002360,ST同德,17.74,False,5.45,5.27,2,3.38,-18.32,-7.53,3.38,0.0,从未跌破（观测期内）,2026-07-03,49.34,0.265,-0.6746,0.5752,0.159,0.8743,0.0414,0.2208
603150,万朗磁塑,59.62,False,69.75,75.02,13,12.98,-7.02,3.55,-7.02,0.1201,从未跌破（观测期内）,2026-07-03,34.58,0.0888,-0.1774,0.5282,0.1823,0.5462,0.1197,0.2208
603515,欧普照明,125.91,False,17.1,17.21,0,-0.63,-6.16,-3.85,-0.63,0.0,从未跌破（观测期内）,2026-07-03,36.39,-0.4809,-0.2734,0.2766,0.0906,0.5865,0.5391,0.2208
003030,祖名股份,18.94,False,23.4,22.47,6,4.13,-16.45,-4.76,4.13,0.0796,从未跌破（观测期内）,2026-07-03,46.28,0.0232,-0.259,0.6726,0.1103,0.8063,0.0,0.2207
002582,好想你,30.88,False,8.97,9.11,0,-1.54,-11.56,-7.39,-1.54,0.0,从未跌破（观测期内）,2026-07-03,39.91,0.0258,-0.388,0.3094,0.0603,0.6648,0.4843,0.2207
000591,太阳能,177.21,False,4.54,4.84,0,-4.2,-14.3,-9.63,-6.19,0.0,从未跌破（观测期内）,2026-07-03,27.35,0.6204,-0.7203,0.3981,0.3722,0.3856,0.3365,0.2206
001316,润贝航科,50.48,False,33.61,35.24,3,1.66,-16.26,-5.44,-4.63,0.0,从未跌破（观测期内）,2026-07-03,27.11,0.5186,0.0696,0.5614,0.539,0.3802,0.0644,0.2205
603421,鼎信通讯,40.04,False,6.14,6.47,0,-2.45,-13.36,-8.72,-5.09,0.0,从未跌破（观测期内）,2026-07-03,37.87,0.093,-0.231,0.3773,0.1634,0.6193,0.3711,0.2204
002542,*ST中岩,23.04,False,1.31,1.38,0,-3.79,-22.87,-10.65,-5.07,0.0,从未跌破（观测期内）,2026-07-03,35.94,-0.3402,0.9055,0.5798,0.4,0.5764,0.0336,0.2203
002679,福建金森,19.52,False,8.28,8.46,0,-2.18,-11.24,-7.84,-2.18,0.0,从未跌破（观测期内）,2026-07-03,35.61,-0.2223,-0.0965,0.3358,0.1614,0.5691,0.4403,0.2202
002695,煌上煌,54.06,False,10.57,11.01,1,2.42,-12.08,-5.17,-4.02,0.0,从未跌破（观测期内）,2026-07-03,26.36,0.5532,-0.3765,0.3914,0.3813,0.3635,0.3476,0.2202
600023,浙能电力,733.46,False,5.47,5.73,6,5.16,-12.64,-4.44,-4.51,0.0,从未跌破（观测期内）,2026-07-03,19.38,0.7852,-0.6007,0.3571,0.4711,0.2084,0.4048,0.2202
605499,东鹏饮料,854.15,False,126.35,124.93,2,1.54,-14.75,-7.29,1.14,0.0,从未跌破（观测期内）,2026-07-03,44.11,-0.3283,-0.0169,0.5191,0.1932,0.7579,0.1348,0.2201
002146,荣盛发展,44.2,False,1.13,1.18,1,0.12,-14.75,-4.72,-4.36,0.0,从未跌破（观测期内）,2026-07-03,31.25,-0.5589,0.1599,0.3617,0.2639,0.4722,0.3971,0.22
603320,迪贝电气,28.43,False,19.06,19.48,0,-2.18,-16.09,-10.3,-2.18,0.0,从未跌破（观测期内）,2026-07-03,46.36,-0.1394,0.0238,0.5766,0.2095,0.8081,0.0391,0.2199
601702,华峰铝业,141.99,False,14.22,16.1,3,10.96,-20.11,-9.67,-11.7,0.0,从未跌破（观测期内）,2026-07-03,21.3,0.7929,-0.3866,0.4423,0.5211,0.2511,0.2628,0.2199
603798,康普顿,39.03,False,15.22,15.02,2,1.36,-11.72,-5.59,1.36,0.0,从未跌破（观测期内）,2026-07-03,43.08,0.4856,-0.5166,0.6313,0.2914,0.7352,0.0,0.2199
600328,中盐化工,90.62,False,6.18,6.48,2,0.35,-10.25,-5.3,-4.64,0.0,从未跌破（观测期内）,2026-07-03,34.09,0.1577,-0.2451,0.3457,0.1966,0.5354,0.4238,0.2198
603557,*ST起步,27.49,False,4.41,4.38,5,4.03,-15.16,-3.86,0.6,0.0027,从未跌破（观测期内）,2026-07-03,48.43,-0.342,-0.0215,0.6133,0.1914,0.854,0.0,0.2197
603178,圣龙股份,37.07,False,15.68,15.75,0,-0.42,-15.27,-9.92,-0.42,0.0,从未跌破（观测期内）,2026-07-03,45.61,0.261,-0.4067,0.5485,0.1939,0.7913,0.0859,0.2196
002269,美邦服饰,32.34,False,1.38,1.42,0,-2.05,-10.39,-5.7,-2.75,0.0,从未跌破（观测期内）,2026-07-03,31.43,0.0823,-0.0354,0.3378,0.2352,0.4762,0.437,0.2196
002169,智光电气,105.23,False,13.87,14.83,2,1.36,-11.84,-5.68,-6.5,0.0,从未跌破（观测期内）,2026-07-03,40.29,0.3329,-0.3903,0.5043,0.2436,0.6731,0.1595,0.2195
002735,王子新材,42.22,False,14.81,18.05,14,30.31,-17.96,8.37,-17.96,0.0,从未跌破（观测期内）,2026-07-03,34.06,0.285,0.1978,0.8061,0.4501,0.5347,0.0,0.2195
000998,隆平高科,101.87,False,7.75,7.93,1,1.02,-9.3,-4.22,-2.22,0.0,从未跌破（观测期内）,2026-07-03,27.27,-0.3391,0.2117,0.3141,0.2847,0.3838,0.4764,0.2194
601963,重庆银行,201.78,False,9.92,11.09,8,7.75,-11.35,-2.72,-10.59,0.0,从未跌破（观测期内）,2026-07-03,15.22,0.323,0.2337,0.303,0.4873,0.1161,0.495,0.2193
000555,神州信息,100.09,True,10.27,11.07,0,-3.32,-16.33,-9.35,-7.22,0.0,从未跌破（观测期内）,2026-07-03,34.94,0.0791,-0.0312,0.4011,0.235,0.5543,0.3315,0.2193
002017,东信和平,83.07,False,14.32,15.51,1,0.05,-10.51,-5.82,-7.68,0.0,从未跌破（观测期内）,2026-07-03,20.25,0.3737,0.031,0.3423,0.4366,0.2278,0.4295,0.2191
002560,通达股份,48.01,False,7.58,8.05,1,0.29,-14.83,-8.23,-5.87,0.0,从未跌破（观测期内）,2026-07-03,35.84,0.3192,-0.363,0.4292,0.2463,0.5742,0.2847,0.2191
002763,汇洁股份,22.16,False,7.3,7.38,0,-1.06,-9.79,-5.78,-1.06,0.0,从未跌破（观测期内）,2026-07-03,40.69,-0.5736,-0.3314,0.3373,0.0675,0.6819,0.4378,0.2189
002398,垒知集团,23.65,False,3.88,4.01,0,-3.34,-8.99,-6.58,-3.34,0.0,从未跌破（观测期内）,2026-07-03,29.58,-0.2443,-0.0775,0.2413,0.169,0.4351,0.5978,0.2189
600284,浦东建设,48.71,False,5.02,5.2,0,-2.84,-17.0,-10.93,-3.42,0.0,从未跌破（观测期内）,2026-07-03,41.25,0.0606,-0.2226,0.4276,0.1473,0.6944,0.2874,0.2188
600905,三峡能源,1077.75,False,3.77,3.98,5,2.82,-9.34,-3.12,-5.31,0.0,从未跌破（观测期内）,2026-07-03,16.39,0.6321,-0.7489,0.2177,0.3793,0.1421,0.6372,0.2188
600875,东方电气,653.89,False,28.89,30.42,0,-0.18,-15.65,-8.49,-5.05,0.0,从未跌破（观测期内）,2026-07-03,43.25,0.2364,-0.3472,0.5195,0.203,0.739,0.1342,0.2187
002419,天虹股份,49.87,False,4.37,4.5,0,-0.76,-8.28,-4.98,-3.0,0.0,从未跌破（观测期内）,2026-07-03,37.93,-0.0035,-0.202,0.3408,0.1192,0.6207,0.432,0.2187
601006,大秦铁路,931.57,False,4.69,4.89,0,-2.63,-7.85,-4.37,-4.14,0.0,从未跌破（观测期内）,2026-07-03,27.16,-0.3677,-0.0871,0.1956,0.1652,0.3813,0.674,0.2187
605258,协和电子,26.73,True,30.38,34.3,6,4.76,-11.42,-3.26,-11.42,0.0,从未跌破（观测期内）,2026-07-03,40.44,0.36,-0.2067,0.6191,0.3333,0.6764,0.0,0.2186
603863,松炀资源,27.83,False,13.6,14.27,0,-3.68,-16.59,-9.5,-4.72,0.0,从未跌破（观测期内）,2026-07-03,36.69,-0.6369,0.9808,0.6381,0.4,0.5931,0.0,0.2186
600863,华能蒙电,300.24,False,4.6,5.31,4,27.32,-18.99,-8.53,-13.42,0.0,从未跌破（观测期内）,2026-07-03,21.6,0.9285,-0.7766,0.4891,0.5571,0.2579,0.1848,0.2186
002829,星网宇达,26.86,False,18.39,19.04,0,-3.4,-20.91,-13.12,-3.4,0.0,从未跌破（观测期内）,2026-07-03,38.91,0.2614,-0.0898,0.561,0.3209,0.6424,0.0651,0.2185
600537,*ST亿晶,32.43,False,2.74,2.62,4,4.88,-22.12,-7.53,4.48,0.0,从未跌破（观测期内）,2026-07-03,56.06,0.0763,-0.3826,0.6585,0.0927,0.9764,0.0,0.2185
003029,吉大正元,28.63,False,16.26,17.22,0,-3.35,-10.84,-7.78,-5.56,0.0,从未跌破（观测期内）,2026-07-03,31.61,-0.6598,0.0328,0.3236,0.2131,0.4803,0.4607,0.2184
000626,远大控股,32.39,False,6.43,6.93,0,-1.08,-11.71,-7.62,-7.24,0.0,从未跌破（观测期内）,2026-07-03,20.55,0.7976,-0.675,0.3931,0.4786,0.2344,0.3449,0.2183
600310,广西能源,59.65,False,4.07,4.52,3,15.31,-20.56,-10.53,-9.93,0.0,从未跌破（观测期内）,2026-07-03,34.09,0.7396,-0.6873,0.6155,0.4438,0.5354,0.0,0.218
002820,桂发祥,17.9,False,8.91,9.0,0,-0.99,-12.44,-8.09,-0.99,0.0,从未跌破（观测期内）,2026-07-03,38.4,-0.078,-0.1955,0.3554,0.1218,0.631,0.4077,0.2178
002956,西麦食品,63.91,False,20.45,21.22,6,3.42,-4.0,-1.08,-3.63,0.0646,从未跌破（观测期内）,2026-07-03,39.22,-0.1807,-0.2765,0.4408,0.0894,0.6492,0.2653,0.2178
600597,光明乳业,87.26,False,6.33,6.49,0,-1.51,-7.91,-4.33,-2.49,0.0,从未跌破（观测期内）,2026-07-03,32.31,-0.2435,-0.1026,0.2847,0.159,0.4957,0.5255,0.2177
002159,三特索道,18.29,False,13.21,13.34,1,0.82,-10.12,-6.16,-0.99,0.0,从未跌破（观测期内）,2026-07-03,45.11,0.0987,-0.0723,0.5839,0.2303,0.7803,0.0268,0.2177
603556,海兴电力,111.35,False,22.9,22.96,0,-0.27,-14.23,-8.52,-0.27,0.0,从未跌破（观测期内）,2026-07-03,42.21,-0.5448,-0.239,0.4068,0.1044,0.7157,0.3221,0.2176
002098,浔兴股份,24.2,False,6.76,6.84,0,-1.22,-10.77,-6.6,-1.22,0.0,从未跌破（观测期内）,2026-07-03,35.37,-0.0976,-0.2258,0.2905,0.1097,0.5639,0.5158,0.2176
601877,正泰电器,541.11,False,25.18,26.22,0,-0.52,-14.2,-6.36,-3.98,0.0,从未跌破（观测期内）,2026-07-03,32.52,0.2866,-0.33,0.3701,0.24,0.5005,0.3831,0.2176
603439,三力制药,54.4,False,13.47,14.57,10,20.3,-15.71,-0.51,-7.55,0.0,从未跌破（观测期内）,2026-07-03,37.06,0.6484,-0.6451,0.636,0.389,0.6014,0.0,0.2175
000590,古汉医药,20.7,False,8.65,9.02,0,-3.69,-11.47,-6.94,-4.06,0.0,从未跌破（观测期内）,2026-07-03,35.56,-0.5636,-0.1751,0.3144,0.13,0.5679,0.4761,0.2175
600300,维维股份,47.38,False,2.93,2.97,0,-1.5,-8.36,-5.25,-1.5,0.0,从未跌破（观测期内）,2026-07-03,36.54,-0.1143,-0.3645,0.2562,0.0542,0.5897,0.573,0.2174
601949,中国出版,92.53,False,4.86,4.97,0,-0.6,-7.56,-3.78,-2.18,0.0,从未跌破（观测期内）,2026-07-03,37.38,0.0611,-0.3712,0.3056,0.0882,0.6085,0.4906,0.2173
603237,五芳斋,25.05,False,13.2,13.75,0,-0.24,-14.42,-7.16,-3.98,0.0,从未跌破（观测期内）,2026-07-03,26.06,0.5521,-0.3098,0.4238,0.4073,0.3568,0.2937,0.2173
600338,西藏珠峰,137.5,False,15.04,16.67,3,3.08,-17.64,-7.96,-9.8,0.0,从未跌破（观测期内）,2026-07-03,33.21,0.4771,-0.0751,0.6617,0.4562,0.5159,0.0,0.2172
001338,永顺泰,44.4,False,8.85,9.17,0,-3.49,-12.51,-10.09,-3.49,0.0,从未跌破（观测期内）,2026-07-03,27.8,0.3527,-0.3131,0.3343,0.2864,0.3957,0.4428,0.2172
002221,东华能源,79.03,False,5.41,5.82,0,-6.49,-14.09,-9.95,-7.02,0.0,从未跌破（观测期内）,2026-07-03,22.9,-0.397,0.5291,0.3611,0.4,0.2867,0.3981,0.2171
002661,克明食品,23.42,False,7.37,7.4,1,0.01,-7.86,-4.22,-0.36,0.0,从未跌破（观测期内）,2026-07-03,36.52,0.1537,-0.3534,0.354,0.1509,0.5893,0.41,0.2171
001299,美能能源,29.5,False,10.43,10.58,2,11.12,-16.66,-7.75,-1.46,0.0,从未跌破（观测期内）,2026-07-03,35.38,0.6938,-0.7948,0.6631,0.4163,0.564,0.0,0.2169
002903,宇环数控,46.16,False,43.28,47.7,13,18.29,-13.03,2.95,-9.27,0.0487,从未跌破（观测期内）,2026-07-03,46.52,0.0625,-0.2426,0.8961,0.1404,0.8116,0.0,0.2169
002043,兔 宝 宝,93.27,False,11.55,11.79,0,-2.01,-11.45,-6.03,-2.01,0.0,从未跌破（观测期内）,2026-07-03,33.6,0.2334,-0.2506,0.3918,0.2398,0.5244,0.347,0.2169
000856,冀东装备,17.43,False,7.68,7.83,0,-1.92,-12.66,-10.14,-1.92,0.0,从未跌破（观测期内）,2026-07-03,38.12,-0.0265,-0.2134,0.3479,0.1146,0.6248,0.4202,0.2167
002583,海能达,102.62,False,8.0,8.61,8,7.88,-11.69,-2.81,-7.12,0.0,从未跌破（观测期内）,2026-07-03,21.82,0.7764,-0.025,0.6125,0.6558,0.2626,0.0,0.2165
001225,和泰机电,9.14,False,43.45,42.64,1,1.89,-14.06,-9.05,1.89,0.0,从未跌破（观测期内）,2026-07-03,50.66,0.1883,-0.6526,0.5702,0.113,0.9036,0.0497,0.2164
600507,方大特钢,95.3,False,4.12,4.17,0,-0.73,-8.63,-6.03,-1.22,0.0,从未跌破（观测期内）,2026-07-03,36.92,-0.0448,-0.4239,0.2436,0.0304,0.5983,0.5941,0.2164
601218,吉鑫科技,42.83,True,4.42,4.63,0,-4.46,-13.51,-9.44,-4.46,0.0,从未跌破（观测期内）,2026-07-03,31.63,-0.1321,-0.0731,0.2906,0.1708,0.4807,0.5156,0.2162
000068,华控赛格,30.1,False,2.99,3.25,11,20.06,-14.91,-1.22,-8.13,0.0,从未跌破（观测期内）,2026-07-03,29.2,0.6998,-0.2417,0.7768,0.5232,0.4267,0.0,0.2161
000401,金隅冀东,93.15,False,3.54,3.66,0,-0.3,-10.59,-4.74,-3.2,0.0,从未跌破（观测期内）,2026-07-03,29.87,-0.4739,-0.0641,0.2639,0.1744,0.4416,0.5601,0.2159
603912,佳力图,41.73,False,7.7,8.28,0,-0.55,-16.81,-9.52,-7.02,0.0,从未跌破（观测期内）,2026-07-03,43.75,0.0086,-0.0455,0.5236,0.1869,0.75,0.1273,0.2158
002866,传艺科技,28.7,True,15.84,17.35,0,-5.47,-15.7,-10.41,-8.72,0.0,从未跌破（观测期内）,2026-07-03,34.68,0.4644,-0.7656,0.4544,0.2787,0.5485,0.2427,0.2158
002899,英派斯,34.1,False,23.07,23.56,0,-2.09,-13.91,-9.61,-2.09,0.0,从未跌破（观测期内）,2026-07-03,41.22,0.2644,-0.3475,0.5116,0.2197,0.6938,0.1473,0.2158
000707,双环科技,24.34,True,4.42,4.58,0,-2.41,-9.93,-6.36,-3.42,0.0,从未跌破（观测期内）,2026-07-03,35.24,-0.1439,-0.1621,0.3208,0.1351,0.5608,0.4653,0.2158
600988,赤峰黄金,519.64,False,31.23,29.13,1,7.2,-17.34,-9.29,7.2,0.0,从未跌破（观测期内）,2026-07-03,52.33,-0.2439,-0.2255,0.8764,0.1098,0.9407,0.0,0.2156
002506,协鑫集成,173.58,False,2.97,3.16,0,-0.42,-15.81,-8.71,-6.01,0.0,从未跌破（观测期内）,2026-07-03,39.8,-0.1271,-0.098,0.4282,0.1608,0.6621,0.2863,0.2156
600170,上海建工,199.05,False,2.24,2.31,0,-2.62,-8.16,-4.65,-3.18,0.0,从未跌破（观测期内）,2026-07-03,30.56,-0.0774,-0.2101,0.2196,0.116,0.4568,0.6339,0.2154
002205,国统股份,19.51,False,10.5,11.1,0,-5.44,-13.25,-9.75,-5.44,0.0,从未跌破（观测期内）,2026-07-03,28.32,-0.3516,0.131,0.3181,0.2524,0.407,0.4699,0.215
603344,星德胜,13.68,False,25.31,26.97,0,-0.3,-18.65,-8.59,-6.16,0.0,从未跌破（观测期内）,2026-07-03,31.13,0.5774,-0.8592,0.4623,0.3465,0.4695,0.2295,0.2149
600963,岳阳林纸,55.89,False,3.18,3.34,0,-4.73,-14.98,-11.17,-4.73,0.0,从未跌破（观测期内）,2026-07-03,22.37,-0.6649,0.4393,0.3364,0.3757,0.2749,0.4393,0.2148
603117,万林物流,21.69,False,3.62,3.72,0,-2.56,-14.59,-12.0,-2.56,0.0,从未跌破（观测期内）,2026-07-03,33.65,-0.2908,0.0152,0.3673,0.2061,0.5256,0.3878,0.2148
001337,四川黄金,173.08,False,41.21,40.69,1,1.28,-22.0,-12.85,1.28,0.0,从未跌破（观测期内）,2026-07-03,47.5,-0.1447,-0.0201,0.6965,0.192,0.8332,0.0,0.2146
002035,华帝股份,36.6,False,4.68,4.73,0,-1.07,-8.13,-4.86,-1.07,0.0,从未跌破（观测期内）,2026-07-03,35.96,-0.3702,-0.3653,0.2568,0.0539,0.5768,0.572,0.2146
000558,天府文旅,43.3,False,3.36,3.51,5,7.02,-14.17,-4.94,-4.18,0.0,从未跌破（观测期内）,2026-07-03,24.41,0.698,-0.0958,0.579,0.5805,0.3202,0.035,0.2144
000610,*ST西旅,14.27,False,6.06,6.28,0,-0.18,-18.84,-9.76,-3.55,0.0,从未跌破（观测期内）,2026-07-03,41.54,-0.5949,0.0244,0.513,0.2098,0.7009,0.145,0.2144
601222,林洋能源,111.45,False,5.46,5.78,1,0.71,-10.2,-5.95,-5.53,0.0,从未跌破（观测期内）,2026-07-03,14.68,0.7943,-0.693,0.3028,0.4766,0.104,0.4953,0.2142
002949,华阳国际,15.95,False,10.5,10.81,0,-2.83,-12.3,-9.43,-2.83,0.0,从未跌破（观测期内）,2026-07-03,35.79,-0.2743,-0.2077,0.3191,0.1169,0.5732,0.4681,0.2141
603090,宏盛股份,49.82,False,49.82,57.1,2,0.93,-14.7,-7.73,-12.74,0.0,从未跌破（观测期内）,2026-07-03,35.65,0.4275,-0.3231,0.5267,0.3272,0.57,0.1222,0.2141
600381,*ST春天,30.06,False,5.12,5.23,10,12.9,-9.06,0.03,-2.09,0.1105,从未跌破（观测期内）,2026-07-03,44.89,-0.0074,-0.6464,0.5407,0.0,0.7753,0.0988,0.2141
002238,天威视讯,44.46,False,5.54,5.83,0,-2.71,-11.13,-8.32,-5.02,0.0,从未跌破（观测期内）,2026-07-03,34.25,-0.0385,-0.1364,0.3206,0.1454,0.5388,0.4656,0.214
603918,金桥信息,35.63,True,9.76,10.29,0,-4.3,-12.3,-8.41,-5.17,0.0,从未跌破（观测期内）,2026-07-03,34.25,-0.3935,-0.1065,0.3335,0.1574,0.5389,0.4442,0.2138
002638,勤上股份,54.24,False,4.01,4.07,3,7.62,-11.83,-4.14,-1.43,0.0,从未跌破（观测期内）,2026-07-03,49.49,-0.0704,-0.1186,0.6955,0.1526,0.8777,0.0,0.2137
000892,欢瑞世纪,24.31,False,3.42,3.59,1,5.25,-13.19,-8.4,-4.7,0.0,从未跌破（观测期内）,2026-07-03,42.59,0.1452,-0.0292,0.673,0.2754,0.7243,0.0,0.2137
600797,浙大网新,66.79,False,6.5,6.99,0,-5.12,-14.16,-8.57,-6.97,0.0,从未跌破（观测期内）,2026-07-03,29.89,0.5137,-0.8394,0.4073,0.3082,0.442,0.3212,0.2136
603195,公牛集团,684.43,False,38.01,39.39,2,0.49,-5.13,-1.96,-3.5,0.0017,从未跌破（观测期内）,2026-07-03,34.24,-0.1462,-0.3361,0.245,0.0656,0.5387,0.5917,0.2136
000509,华塑控股,37.34,False,3.48,4.02,4,12.54,-17.65,-7.47,-13.39,0.0,从未跌破（观测期内）,2026-07-03,33.13,0.7388,-0.873,0.7302,0.4433,0.514,0.0,0.2136
603345,安井食品,238.15,False,81.2,83.96,0,-3.28,-11.67,-6.83,-3.28,0.0,从未跌破（观测期内）,2026-07-03,34.05,0.0765,-0.2252,0.3291,0.1558,0.5343,0.4515,0.2135
002166,莱茵生物,48.45,False,6.56,6.98,0,-6.01,-15.65,-10.23,-6.01,0.0,从未跌破（观测期内）,2026-07-03,23.26,-0.6101,0.3501,0.3217,0.3401,0.2946,0.4639,0.2135
600561,江西长运,15.05,False,5.29,5.39,0,-1.85,-12.62,-8.92,-1.85,0.0,从未跌破（观测期内）,2026-07-03,39.72,-0.0048,-0.2442,0.3771,0.1023,0.6604,0.3715,0.2134
603689,皖天然气,38.37,False,7.33,7.44,0,-0.13,-9.42,-4.5,-1.53,0.0,从未跌破（观测期内）,2026-07-03,37.85,-0.2642,-0.3915,0.2854,0.0434,0.619,0.5243,0.2133
002246,北化股份,104.59,False,19.05,19.82,0,-2.17,-12.38,-6.35,-3.88,0.0,从未跌破（观测期内）,2026-07-03,30.78,0.3603,-0.1937,0.4554,0.3387,0.4618,0.241,0.2132
601107,XD四川成,112.68,False,5.21,5.34,0,-1.97,-10.35,-5.84,-2.49,0.0,从未跌破（观测期内）,2026-07-03,35.95,-0.241,-0.137,0.3542,0.1452,0.5766,0.4096,0.2131
002795,永和智控,29.8,False,6.86,7.2,0,-0.22,-17.43,-8.92,-4.73,0.0,从未跌破（观测期内）,2026-07-03,40.51,0.4317,-0.5389,0.5494,0.259,0.6779,0.0844,0.213
600926,XD杭州银,1087.35,False,15.0,15.54,7,3.5,-7.8,-1.9,-3.49,0.0295,从未跌破（观测期内）,2026-07-03,24.3,-0.1948,-0.0195,0.242,0.1922,0.3177,0.5966,0.2129
605108,同庆楼,31.04,False,11.94,12.24,0,-2.45,-9.71,-6.4,-2.45,0.0,从未跌破（观测期内）,2026-07-03,33.33,-0.406,-0.0903,0.327,0.1639,0.5185,0.455,0.2129
002616,长青集团,27.32,False,4.65,4.76,2,2.32,-15.18,-9.21,-2.34,0.0,从未跌破（观测期内）,2026-07-03,35.64,0.4003,-0.5787,0.4449,0.2402,0.5699,0.2586,0.2128
600796,钱江生化,14.95,False,4.8,4.93,0,-2.56,-8.24,-5.92,-2.56,0.0,从未跌破（观测期内）,2026-07-03,32.26,-0.4756,-0.1942,0.2667,0.1223,0.4946,0.5555,0.2128
002732,燕塘乳业,20.37,False,13.01,13.31,0,-2.26,-8.62,-6.1,-2.26,0.0,从未跌破（观测期内）,2026-07-03,33.95,0.001,-0.2673,0.2683,0.0937,0.5322,0.5528,0.2128
000985,大庆华科,19.3,False,14.89,15.5,0,-3.96,-10.2,-7.39,-3.96,0.0,从未跌破（观测期内）,2026-07-03,33.18,-0.3991,-0.1094,0.3172,0.1562,0.515,0.4714,0.2128
002495,佳隆股份,15.13,False,2.18,2.22,0,-1.8,-9.47,-6.38,-1.8,0.0,从未跌破（观测期内）,2026-07-03,37.93,0.0582,-0.3243,0.351,0.1052,0.6207,0.415,0.2127
002476,宝莫股份,29.74,False,4.86,5.13,5,2.93,-9.69,-3.96,-5.18,0.0,从未跌破（观测期内）,2026-07-03,35.44,0.0058,0.1065,0.448,0.2461,0.5654,0.2534,0.2126
000825,太钢不锈,197.09,False,3.46,3.64,2,0.42,-8.44,-4.46,-5.0,0.0,从未跌破（观测期内）,2026-07-03,30.14,-0.0221,0.0492,0.3273,0.2197,0.4475,0.4544,0.2126
600847,万里股份,20.85,False,13.6,14.34,2,2.61,-9.72,-4.92,-5.13,0.0,从未跌破（观测期内）,2026-07-03,35.15,0.5864,-0.6882,0.5485,0.3519,0.559,0.0858,0.2126
600162,香江控股,81.71,False,2.5,3.32,16,54.52,-24.68,16.3,-24.68,0.0,从未跌破（观测期内）,2026-07-03,31.97,0.5543,-0.1829,1.0325,0.4594,0.4882,0.0,0.2125
002847,盐津铺子,115.29,False,47.28,49.07,0,-0.34,-13.55,-7.67,-3.65,0.0,从未跌破（观测期内）,2026-07-03,29.73,0.4474,-0.5297,0.3691,0.2685,0.4384,0.3848,0.2125
600008,首创环保,204.8,False,2.79,2.93,8,4.33,-9.11,-2.53,-4.89,0.0,从未跌破（观测期内）,2026-07-03,22.64,0.4275,-0.5373,0.2311,0.2565,0.2809,0.6149,0.2125
601988,中国银行,11718.56,False,5.56,5.94,12,5.63,-6.46,-0.09,-6.46,0.0556,从未跌破（观测期内）,2026-07-03,26.14,0.1509,-0.2626,0.312,0.1855,0.3588,0.4801,0.2124
600644,乐山电力,48.98,False,8.47,9.28,2,1.62,-22.78,-11.45,-8.72,0.0,从未跌破（观测期内）,2026-07-03,31.97,0.3708,0.0917,0.6059,0.4592,0.4882,0.0,0.2124
600965,*ST福成,22.92,False,2.8,2.73,2,2.73,-14.77,-8.05,2.73,0.0,从未跌破（观测期内）,2026-07-03,51.94,0.1522,-0.4718,0.5993,0.1026,0.932,0.0012,0.2122
600733,北汽蓝谷,270.55,False,4.87,5.46,0,-1.39,-14.37,-9.1,-10.79,0.0,从未跌破（观测期内）,2026-07-03,20.89,-0.3221,0.8554,0.3446,0.4,0.2419,0.4257,0.2122
002802,洪汇新材,16.38,False,10.94,11.58,0,-3.13,-11.2,-7.91,-5.5,0.0,从未跌破（观测期内）,2026-07-03,31.27,-0.1583,0.0487,0.3487,0.2195,0.4727,0.4188,0.2122
605058,澳弘电子,46.46,True,32.51,36.95,6,7.03,-12.72,-2.8,-12.01,0.0,从未跌破（观测期内）,2026-07-03,39.5,0.5191,-0.4683,0.6741,0.3242,0.6557,0.0,0.2122
601727,上海电气,878.05,False,6.96,7.21,0,-3.53,-14.12,-7.85,-3.53,0.0,从未跌破（观测期内）,2026-07-03,40.26,0.0727,-0.4658,0.3467,0.0573,0.6724,0.4222,0.2122
603258,电魂网络,29.3,True,12.14,12.79,0,-5.08,-10.82,-7.3,-5.08,0.0,从未跌破（观测期内）,2026-07-03,32.52,-0.5882,0.0078,0.3547,0.2031,0.5005,0.4088,0.2122
002535,林州重机,17.76,False,2.38,2.38,0,-0.04,-15.78,-9.91,-0.04,0.0,从未跌破（观测期内）,2026-07-03,44.16,0.2742,-0.6457,0.5234,0.1645,0.759,0.1277,0.2121
002461,珠江啤酒,174.85,False,7.9,8.41,1,0.56,-13.29,-6.96,-6.08,0.0,从未跌破（观测期内）,2026-07-03,19.84,0.908,-0.6299,0.4722,0.5448,0.2186,0.2131,0.2119
002382,蓝帆医疗,53.28,False,5.34,5.51,0,-3.12,-12.64,-9.21,-3.12,0.0,从未跌破（观测期内）,2026-07-03,38.37,-0.0197,-0.2239,0.3676,0.1104,0.6305,0.3873,0.2118
603729,ST龙韵,10.59,False,11.49,11.61,0,-1.04,-13.06,-7.72,-1.04,0.0,从未跌破（观测期内）,2026-07-03,43.55,-0.0218,-0.3309,0.4171,0.0676,0.7455,0.3048,0.2117
600966,博汇纸业,67.38,False,5.04,5.23,0,-1.11,-12.09,-7.22,-3.65,0.0,从未跌破（观测期内）,2026-07-03,38.85,-0.0462,-0.054,0.4447,0.1784,0.6412,0.2589,0.2117
601360,三六零,609.66,False,8.71,9.11,0,-2.04,-11.94,-7.17,-4.36,0.0,从未跌破（观测期内）,2026-07-03,40.34,-0.132,-0.2777,0.3823,0.0889,0.6743,0.3629,0.2115
600295,鄂尔多斯,230.15,False,11.65,12.03,3,2.0,-15.5,-5.32,-3.18,0.0,从未跌破（观测期内）,2026-07-03,33.33,-0.5354,0.2869,0.4837,0.3148,0.5185,0.1938,0.2115
603882,金域医学,109.79,False,23.86,23.91,0,-0.1,-9.18,-4.24,-0.2,0.0,从未跌破（观测期内）,2026-07-03,39.01,0.0119,0.076,0.5073,0.2375,0.6447,0.1545,0.2115
002298,中电鑫龙,49.76,False,7.53,8.0,0,-5.17,-19.21,-11.38,-5.85,0.0,从未跌破（观测期内）,2026-07-03,40.38,0.2086,-0.4718,0.4308,0.1365,0.6751,0.282,0.2114
603272,*ST联翔,26.02,False,25.11,31.02,5,26.13,-34.3,-11.59,-19.04,0.0,从未跌破（观测期内）,2026-07-03,26.41,0.3324,0.3835,0.6992,0.5529,0.3647,0.0,0.2112
603279,景津装备,71.87,False,12.47,12.87,0,-3.11,-13.48,-9.25,-3.11,0.0,从未跌破（观测期内）,2026-07-03,30.04,0.2416,-0.4644,0.271,0.1592,0.4453,0.5484,0.2111
600654,中安科,63.03,False,2.72,2.85,0,-4.43,-15.87,-10.39,-4.43,0.0,从未跌破（观测期内）,2026-07-03,39.44,-0.0564,-0.1877,0.4038,0.1249,0.6541,0.327,0.2111
002905,金逸影视,25.09,False,7.18,7.26,0,-1.05,-11.05,-7.86,-1.05,0.0,从未跌破（观测期内）,2026-07-03,39.88,-0.0091,-0.3407,0.3509,0.0637,0.664,0.4151,0.211
002999,天禾股份,19.27,False,5.61,5.73,0,-2.09,-9.04,-6.46,-2.09,0.0,从未跌破（观测期内）,2026-07-03,35.21,-0.04,-0.2681,0.297,0.0928,0.5603,0.5049,0.211
000025,特  力Ａ,54.6,False,13.9,14.83,11,5.34,-11.98,-1.56,-6.25,0.0,从未跌破（观测期内）,2026-07-03,38.04,0.5754,-0.5293,0.6533,0.3452,0.6232,0.0,0.2109
600418,江淮汽车,571.99,True,26.19,29.79,0,-9.98,-21.45,-15.94,-12.09,0.0,从未跌破（观测期内）,2026-07-03,24.95,-0.2133,0.6534,0.4226,0.4,0.3323,0.2956,0.2108
002405,四维图新,154.54,False,6.56,7.12,0,-7.83,-15.02,-12.17,-7.83,0.0,从未跌破（观测期内）,2026-07-03,25.58,0.4467,-0.3187,0.3743,0.3405,0.3463,0.3762,0.2108
600248,陕建股份,102.65,False,2.77,2.89,0,-4.25,-10.52,-6.64,-4.25,0.0,从未跌破（观测期内）,2026-07-03,26.42,-0.1435,0.0101,0.2526,0.204,0.3648,0.579,0.2108
001373,翔腾新材,12.88,False,30.7,33.31,0,-2.06,-15.29,-8.26,-7.83,0.0,从未跌破（观测期内）,2026-07-03,38.68,0.0305,0.0025,0.4858,0.2193,0.6373,0.1903,0.2108
003032,传智教育,15.39,False,5.41,5.89,0,-0.17,-19.85,-10.73,-8.12,0.0,从未跌破（观测期内）,2026-07-03,29.0,-0.3021,1.1554,0.4948,0.4,0.4222,0.1753,0.2107
002108,沧州明珠,69.71,False,4.23,4.51,0,-1.29,-13.24,-7.13,-6.21,0.0,从未跌破（观测期内）,2026-07-03,32.31,-0.0524,0.1538,0.4151,0.2615,0.4957,0.3081,0.2107
002613,北玻股份,28.39,False,3.67,4.55,12,22.39,-21.01,-1.51,-19.32,0.0,从未跌破（观测期内）,2026-07-03,39.1,0.5423,-0.6672,1.025,0.3254,0.6467,0.0,0.2107
000688,国城矿业,424.37,False,35.81,38.54,4,12.41,-18.54,-5.49,-7.08,0.0,从未跌破（观测期内）,2026-07-03,26.7,0.3619,0.3204,0.8868,0.5453,0.3711,0.0,0.2105
001396,誉帆科技,8.21,True,36.13,38.26,0,-5.57,-13.92,-10.0,-5.57,0.0,从未跌破（观测期内）,2026-07-03,31.25,0.3036,-0.6583,0.3188,0.1822,0.4722,0.4687,0.2103
002247,聚力文化,14.35,False,2.23,2.28,0,-2.06,-11.68,-8.36,-2.06,0.0,从未跌破（观测期内）,2026-07-03,36.84,0.1081,-0.3325,0.3682,0.1319,0.5965,0.3863,0.2102
002130,沃尔核材,209.66,False,18.28,19.31,1,0.12,-12.39,-6.17,-5.32,0.0,从未跌破（观测期内）,2026-07-03,44.58,0.1809,-0.2063,0.6388,0.226,0.7684,0.0,0.2102
002016,世荣兆业,33.09,False,4.09,4.36,0,-0.8,-11.11,-6.07,-6.21,0.0,从未跌破（观测期内）,2026-07-03,23.91,0.1687,0.1175,0.3551,0.3482,0.3092,0.4082,0.2101
002157,正邦科技,225.06,True,2.89,2.95,1,0.72,-8.35,-4.77,-2.02,0.0,从未跌破（观测期内）,2026-07-03,37.5,-0.1969,-0.2289,0.3575,0.1085,0.6111,0.4042,0.21
002966,苏州银行,314.28,False,7.15,7.57,2,0.31,-9.7,-4.34,-5.59,0.0,从未跌破（观测期内）,2026-07-03,15.94,-0.1251,0.4403,0.242,0.3761,0.132,0.5967,0.2099
002193,ST如意,12.01,False,4.59,4.52,4,5.32,-14.96,-5.24,1.6,0.0,从未跌破（观测期内）,2026-07-03,50.21,0.1696,-0.4431,0.6082,0.1245,0.8937,0.0,0.2099
600279,重庆港,46.88,False,3.95,4.22,4,15.93,-19.05,-9.26,-6.44,0.0,从未跌破（观测期内）,2026-07-03,29.41,0.808,-0.6369,0.5905,0.4848,0.4314,0.0159,0.2099
002494,华斯股份,13.56,False,4.73,4.8,0,-1.55,-12.28,-8.42,-1.55,0.0,从未跌破（观测期内）,2026-07-03,37.4,-0.2606,-0.1969,0.3698,0.1212,0.609,0.3837,0.2097
003001,中岩大地,15.7,False,13.73,14.67,0,-6.42,-20.62,-14.29,-6.42,0.0,从未跌破（观测期内）,2026-07-03,32.2,0.3645,-0.2312,0.4826,0.3262,0.4933,0.1957,0.2096
603889,新澳股份,50.78,False,5.39,5.69,8,4.61,-11.84,-2.39,-5.23,0.0,从未跌破（观测期内）,2026-07-03,30.64,-0.3768,0.1635,0.3938,0.2654,0.4586,0.3436,0.2096
601399,国机重装,250.31,False,3.47,3.59,0,-1.21,-8.99,-4.83,-3.41,0.0,从未跌破（观测期内）,2026-07-03,38.04,-0.3502,-0.2799,0.349,0.088,0.6232,0.4183,0.2094
000042,中洲控股,50.54,False,7.61,8.87,2,3.7,-17.6,-6.87,-14.24,0.0,从未跌破（观测期内）,2026-07-03,35.43,-0.3864,0.4636,0.6607,0.3854,0.5652,0.0,0.2094
601225,陕西煤业,2088.3,False,21.54,22.98,8,11.36,-14.64,-3.26,-6.27,0.0,从未跌破（观测期内）,2026-07-03,22.8,0.5059,-0.24,0.3984,0.4075,0.2844,0.336,0.2091
605117,德业股份,1227.9,False,96.44,101.92,2,1.88,-10.19,-5.8,-5.37,0.0,从未跌破（观测期内）,2026-07-03,42.07,0.3076,-0.2971,0.6236,0.2657,0.7128,0.0,0.209
002366,融发核电,107.32,True,5.8,5.95,0,-0.54,-14.06,-7.97,-2.57,0.0,从未跌破（观测期内）,2026-07-03,45.45,0.1724,-0.4075,0.5359,0.1404,0.7879,0.1069,0.2087
001231,农心科技,9.84,True,19.25,19.66,0,-2.1,-11.76,-8.01,-2.1,0.0,从未跌破（观测期内）,2026-07-03,35.88,-0.2231,-0.2649,0.3199,0.094,0.5751,0.4668,0.2086
002438,江苏神通,67.75,False,14.45,15.19,0,-0.32,-11.16,-5.4,-4.87,0.0,从未跌破（观测期内）,2026-07-03,44.18,0.1987,-0.5722,0.4925,0.1192,0.7595,0.1791,0.2086
601318,中国平安,5233.03,False,49.09,50.84,6,3.73,-8.51,-2.31,-3.43,0.0031,从未跌破（观测期内）,2026-07-03,36.01,-0.3624,0.0234,0.4422,0.2094,0.5779,0.2629,0.2086
600123,兰花科创,84.56,False,5.74,6.23,7,10.53,-17.64,-5.11,-7.87,0.0,从未跌破（观测期内）,2026-07-03,21.46,0.8371,-0.6957,0.4718,0.5023,0.2547,0.2137,0.2086
002629,仁智股份,16.92,False,4.67,4.7,0,-0.56,-16.54,-11.67,-0.56,0.0,从未跌破（观测期内）,2026-07-03,39.86,0.2282,-0.6215,0.4342,0.1369,0.6636,0.2763,0.2084
002133,广宇集团,19.55,False,2.54,2.6,0,-2.4,-9.86,-7.21,-2.4,0.0,从未跌破（观测期内）,2026-07-03,35.71,0.0714,-0.3275,0.3358,0.1118,0.5714,0.4403,0.2083
000625,长安汽车,598.55,True,7.24,7.37,0,-1.82,-9.81,-6.21,-1.82,0.0,从未跌破（观测期内）,2026-07-03,41.07,-0.2117,-0.6085,0.3193,0.0,0.6905,0.4679,0.2083
601601,中国太保,2029.55,False,29.65,30.84,3,2.8,-9.45,-3.91,-3.86,0.0,从未跌破（观测期内）,2026-07-03,37.29,-0.3468,0.1486,0.5115,0.2594,0.6065,0.1475,0.2083
000090,天健集团,57.73,False,3.09,3.33,8,3.95,-11.81,-3.31,-7.32,0.0,从未跌破（观测期内）,2026-07-03,19.05,0.6803,-0.8195,0.3363,0.4082,0.2011,0.4394,0.2082
601288,农业银行,18835.41,False,5.9,6.4,9,4.88,-7.74,-1.34,-7.74,0.0,从未跌破（观测期内）,2026-07-03,17.86,0.2033,0.1417,0.2862,0.3787,0.1746,0.5231,0.2081
000993,闽东电力,46.53,False,10.16,11.11,2,9.93,-19.67,-11.58,-8.56,0.0,从未跌破（观测期内）,2026-07-03,21.58,0.9322,-0.7616,0.5329,0.5593,0.2572,0.1119,0.2081
600809,山西汾酒,1332.81,False,109.25,113.8,0,-3.73,-11.63,-6.35,-4.0,0.0,从未跌破（观测期内）,2026-07-03,32.56,-0.6355,-0.1126,0.3236,0.155,0.5013,0.4607,0.2081
603637,镇海股份,34.75,False,14.56,17.43,5,7.88,-19.26,-5.26,-16.45,0.0,从未跌破（观测期内）,2026-07-03,34.83,-0.2604,0.4755,0.8547,0.3902,0.5517,0.0,0.2079
002343,慈文传媒,22.03,False,4.65,4.74,0,-1.95,-12.22,-7.51,-1.95,0.0,从未跌破（观测期内）,2026-07-03,37.82,-0.0104,-0.1341,0.4096,0.1464,0.6181,0.3173,0.2078
603887,城地香江,56.53,False,9.39,10.35,0,-4.88,-17.94,-12.3,-9.26,0.0,从未跌破（观测期内）,2026-07-03,33.86,-0.5108,0.2176,0.48,0.2871,0.5302,0.2,0.2078
000409,云鼎科技,49.9,True,8.45,8.79,0,-3.3,-9.8,-6.15,-3.92,0.0,从未跌破（观测期内）,2026-07-03,37.5,0.0991,-0.537,0.3175,0.0594,0.6111,0.4709,0.2077
601789,宁波建工,44.88,False,4.13,4.35,0,-5.06,-17.02,-10.52,-5.06,0.0,从未跌破（观测期内）,2026-07-03,35.19,-0.0739,-0.2165,0.3311,0.1134,0.5597,0.4481,0.2075
600281,华阳新材,21.5,False,4.18,4.57,0,-1.44,-12.69,-6.93,-8.62,0.0,从未跌破（观测期内）,2026-07-03,30.22,-0.1146,1.1703,0.5294,0.4,0.4493,0.1176,0.2075
603113,XD金能科,36.65,False,4.32,4.59,0,-3.73,-12.56,-7.05,-5.82,0.0,从未跌破（观测期内）,2026-07-03,27.03,-0.5675,0.1544,0.3348,0.2618,0.3784,0.442,0.2074
002431,ST棕榈,24.51,False,1.36,1.41,0,-0.69,-19.08,-8.57,-3.48,0.0,从未跌破（观测期内）,2026-07-03,35.71,-0.336,0.1087,0.471,0.2435,0.5714,0.2151,0.2074
002207,*ST准油,17.74,False,6.8,7.11,1,5.83,-21.39,-12.32,-4.35,0.0,从未跌破（观测期内）,2026-07-03,43.07,0.4023,-0.7002,0.6019,0.2414,0.7348,0.0,0.2073
600230,沧州大化,56.59,False,13.67,14.3,3,3.79,-11.32,-5.02,-4.42,0.0,从未跌破（观测期内）,2026-07-03,41.95,0.0035,-0.0284,0.5295,0.1907,0.7099,0.1175,0.2073
603130,云中马,55.45,True,40.32,42.93,4,0.92,-12.26,-3.45,-6.08,0.0,从未跌破（观测期内）,2026-07-03,39.93,-0.312,0.093,0.5405,0.2372,0.6651,0.0991,0.2072
000812,陕西金叶,24.56,False,3.25,3.35,0,-2.96,-10.08,-6.91,-2.96,0.0,从未跌破（观测期内）,2026-07-03,33.33,-0.4128,-0.1913,0.3099,0.1235,0.5185,0.4834,0.2071
600257,大湖股份,21.99,False,4.57,4.78,0,-4.36,-11.92,-8.22,-4.36,0.0,从未跌破（观测期内）,2026-07-03,28.81,-0.5241,-0.001,0.3056,0.1996,0.4181,0.4907,0.2071
000803,山高环能,31.91,False,6.94,7.18,0,-3.02,-9.42,-5.91,-3.3,0.0,从未跌破（观测期内）,2026-07-03,35.23,0.2812,-0.5328,0.3888,0.1687,0.5606,0.352,0.2071
002027,分众传媒,707.67,False,4.9,5.08,0,-1.03,-9.72,-5.48,-3.53,0.0,从未跌破（观测期内）,2026-07-03,21.65,-0.5197,0.1491,0.2388,0.2596,0.2589,0.602,0.207
000605,渤海股份,19.75,False,5.6,5.8,0,-2.0,-9.39,-6.72,-3.41,0.0,从未跌破（观测期内）,2026-07-03,34.94,-0.1421,-0.1872,0.3411,0.1251,0.5542,0.4316,0.2069
002624,完美世界,212.38,False,11.62,12.71,1,0.45,-14.04,-6.16,-8.6,0.0,从未跌破（观测期内）,2026-07-03,35.32,-0.2415,0.4424,0.6066,0.377,0.5626,0.0,0.2068
000890,法尔胜,34.06,False,8.12,9.04,0,-1.61,-18.18,-11.84,-10.18,0.0,从未跌破（观测期内）,2026-07-03,29.84,0.7768,-0.4802,0.6081,0.474,0.4409,0.0,0.2067
600682,南京新百,62.86,False,5.4,5.67,6,3.67,-10.73,-2.79,-4.73,0.0,从未跌破（观测期内）,2026-07-03,37.57,0.478,-0.4885,0.5557,0.2914,0.6127,0.0738,0.2065
002608,江苏国信,265.98,False,7.04,8.16,6,20.65,-22.31,-5.51,-13.75,0.0,从未跌破（观测期内）,2026-07-03,20.14,0.8573,-0.8637,0.4685,0.5144,0.2253,0.2191,0.2065
002652,扬子新材,21.25,False,4.15,4.56,1,0.14,-18.06,-12.32,-8.95,0.0,从未跌破（观测期内）,2026-07-03,33.95,-0.1867,0.6977,0.6572,0.4,0.5323,0.0,0.2065
603057,紫燕食品,97.48,False,23.66,23.5,1,0.67,-11.7,-6.35,0.67,0.0,从未跌破（观测期内）,2026-07-03,36.47,0.0639,0.0456,0.5012,0.2566,0.5882,0.1646,0.2065
000966,长源电力,138.89,False,3.99,4.5,4,7.77,-18.16,-7.76,-11.3,0.0,从未跌破（观测期内）,2026-07-03,22.96,0.8713,-0.6724,0.5288,0.5228,0.2881,0.1187,0.2061
001209,洪兴股份,16.24,False,16.9,17.69,0,-4.49,-13.52,-9.08,-4.49,0.0,从未跌破（观测期内）,2026-07-03,29.36,0.0755,-0.0916,0.3287,0.2087,0.4303,0.4522,0.2061
000061,农 产 品,101.56,False,5.66,5.77,0,-1.91,-10.67,-6.0,-1.91,0.0,从未跌破（观测期内）,2026-07-03,35.25,-0.6811,-0.2606,0.3204,0.0958,0.561,0.466,0.206
000767,晋控电力,108.63,False,3.73,4.43,3,21.32,-21.56,-8.96,-15.77,0.0,从未跌破（观测期内）,2026-07-03,27.23,0.8619,-0.8344,0.5997,0.5172,0.3828,0.0005,0.2059
603353,和顺石油,61.52,False,36.1,39.46,1,4.98,-18.94,-10.74,-8.51,0.0,从未跌破（观测期内）,2026-07-03,44.23,0.201,-0.2661,0.7605,0.2142,0.7607,0.0,0.2057
601515,衢州东峰,62.74,False,3.26,3.61,0,-0.68,-15.1,-8.62,-9.62,0.0,从未跌破（观测期内）,2026-07-03,33.1,-0.5614,0.3169,0.5148,0.3268,0.5133,0.1421,0.2057
002198,ST嘉应,17.81,False,3.51,3.41,1,2.99,-16.71,-8.33,2.99,0.0,从未跌破（观测期内）,2026-07-03,46.75,0.0498,-0.2647,0.5551,0.124,0.8167,0.0748,0.2056
603360,百傲化学,116.53,False,16.5,18.19,0,-0.55,-16.32,-10.64,-9.28,0.0,从未跌破（观测期内）,2026-07-03,35.01,-0.0689,0.4449,0.7791,0.378,0.5557,0.0,0.2056
601857,中国石油,14524.41,False,8.97,9.45,0,-0.82,-11.41,-6.84,-5.11,0.0,从未跌破（观测期内）,2026-07-03,23.58,0.4491,-0.3781,0.338,0.3182,0.3019,0.4366,0.2054
605388,均瑶健康,30.38,False,5.06,5.2,0,-2.75,-13.95,-9.87,-2.75,0.0,从未跌破（观测期内）,2026-07-03,39.13,0.0091,-0.3342,0.3691,0.0718,0.6473,0.3848,0.2051
002858,力盛体育,16.38,False,11.11,11.8,0,-3.17,-14.46,-9.06,-5.81,0.0,从未跌破（观测期内）,2026-07-03,36.89,-0.0611,-0.2496,0.3578,0.1002,0.5976,0.4036,0.2051
000505,京粮控股,33.52,False,5.3,5.38,0,-1.4,-10.09,-6.86,-1.4,0.0,从未跌破（观测期内）,2026-07-03,34.86,0.0252,-0.4201,0.2693,0.0471,0.5525,0.5512,0.205
601699,潞安环能,439.14,False,14.68,16.4,10,22.44,-15.98,0.69,-10.48,0.0,从未跌破（观测期内）,2026-07-03,17.12,0.6875,-0.6832,0.3196,0.4125,0.1582,0.4673,0.2049
600221,海航控股,586.98,False,1.37,1.44,3,2.93,-7.28,-2.54,-4.73,0.0,从未跌破（观测期内）,2026-07-03,16.67,0.5417,-0.3936,0.2664,0.3676,0.1481,0.5559,0.2049
603137,恒尚节能,31.5,False,17.22,12.94,5,33.09,-11.37,-2.11,33.09,0.2769,从未跌破（观测期内）,2026-07-03,78.86,-0.3337,-0.6299,0.7603,0.0,0.4698,0.0,0.2047
002040,南 京 港,38.06,False,7.83,8.22,1,0.68,-12.78,-7.98,-4.69,0.0,从未跌破（观测期内）,2026-07-03,41.79,0.1772,-0.1935,0.5761,0.2289,0.7065,0.0398,0.2045
002712,思美传媒,23.37,False,4.32,4.55,0,-4.99,-11.89,-8.25,-4.99,0.0,从未跌破（观测期内）,2026-07-03,30.19,0.2095,-0.3198,0.3391,0.1978,0.4486,0.4348,0.2044
603138,海量数据,39.96,True,13.86,15.59,1,0.44,-16.02,-7.25,-11.12,0.0,从未跌破（观测期内）,2026-07-03,22.61,0.5971,-0.6788,0.3649,0.3583,0.2802,0.3918,0.2044
000723,美锦能源,148.12,False,3.37,3.74,4,5.99,-14.98,-6.76,-9.91,0.0,从未跌破（观测期内）,2026-07-03,19.64,0.6856,-0.4886,0.3715,0.4159,0.2143,0.3808,0.204
002979,雷赛智能,154.92,True,69.55,54.88,6,26.74,-10.98,-0.85,26.74,0.3242,从未跌破（观测期内）,2026-07-03,83.31,-0.2931,-0.5314,0.6684,0.0,0.3709,0.0,0.2039
002887,绿茵生态,23.37,False,10.76,11.31,0,-3.22,-17.02,-9.7,-4.89,0.0,从未跌破（观测期内）,2026-07-03,33.93,-0.416,0.1008,0.4512,0.2403,0.5318,0.2479,0.2036
600941,中国移动,789.74,False,87.48,91.58,5,2.02,-7.81,-3.14,-4.48,0.0,从未跌破（观测期内）,2026-07-03,22.71,-0.3272,-0.1042,0.1715,0.1583,0.2825,0.7142,0.2032
603381,永臻股份,22.42,False,15.77,16.51,0,-4.47,-19.51,-12.73,-4.47,0.0,从未跌破（观测期内）,2026-07-03,26.09,-0.2704,-0.0137,0.2676,0.1945,0.3575,0.5539,0.2032
600717,天津港,117.5,False,4.06,4.21,3,1.1,-8.46,-2.91,-3.47,0.0,从未跌破（观测期内）,2026-07-03,33.02,0.0676,-0.2569,0.3357,0.1378,0.5115,0.4405,0.2028
603327,福蓉科技,92.63,True,8.86,9.95,9,10.37,-19.63,-3.72,-10.97,0.0,从未跌破（观测期内）,2026-07-03,43.31,0.3643,-0.5912,0.8402,0.2186,0.7402,0.0,0.2027
000639,ST西王,13.82,False,1.28,1.31,1,0.84,-21.95,-10.7,-2.59,0.0,从未跌破（观测期内）,2026-07-03,40.91,-0.0406,0.1516,0.6223,0.2606,0.6869,0.0,0.2025
600292,电投水电,54.82,False,12.48,13.44,6,5.15,-11.85,-4.25,-7.15,0.0,从未跌破（观测期内）,2026-07-03,29.66,0.5103,-0.1831,0.5725,0.433,0.4369,0.0458,0.2025
601766,中国中车,1303.97,False,5.36,5.51,4,0.58,-7.05,-3.0,-2.67,0.0,从未跌破（观测期内）,2026-07-03,31.82,-0.1619,-0.2903,0.2618,0.0839,0.4848,0.5637,0.2025
600084,*ST尼雅,47.65,False,4.24,4.2,1,1.01,-15.46,-8.54,1.01,0.0,从未跌破（观测期内）,2026-07-03,48.89,-0.3922,-0.7274,0.4818,0.0,0.8642,0.197,0.2024
600802,福建水泥,19.93,False,4.35,4.52,0,-3.84,-11.42,-8.15,-3.84,0.0,从未跌破（观测期内）,2026-07-03,27.72,-0.544,0.0224,0.3159,0.209,0.3938,0.4735,0.202
000722,湖南发展,55.0,False,11.85,13.52,8,13.36,-21.01,-5.64,-12.37,0.0,从未跌破（观测期内）,2026-07-03,29.09,0.781,-0.8833,0.7092,0.4686,0.4242,0.0,0.202
600303,曙光股份,17.55,False,2.59,2.84,3,3.34,-17.8,-10.22,-8.74,0.0,从未跌破（观测期内）,2026-07-03,24.14,0.8958,-0.462,0.597,0.5527,0.3142,0.005,0.2018
603126,中材节能,38.4,False,6.29,7.07,0,-1.95,-13.64,-7.38,-11.01,0.0,从未跌破（观测期内）,2026-07-03,19.51,0.2357,0.0343,0.3173,0.3551,0.2114,0.4711,0.2017
000888,峨眉山Ａ,49.11,False,9.32,9.46,0,-1.47,-7.98,-5.56,-1.47,0.0,从未跌破（观测期内）,2026-07-03,35.43,-0.0086,-0.3942,0.2878,0.0423,0.5651,0.5204,0.2017
600072,中船科技,95.98,True,8.86,9.33,0,-5.06,-17.51,-12.3,-5.06,0.0,从未跌破（观测期内）,2026-07-03,30.0,0.1497,-0.1944,0.3625,0.2121,0.4444,0.3958,0.2013
603693,江苏新能,113.22,False,12.7,13.63,1,3.51,-15.38,-10.82,-6.85,0.0,从未跌破（观测期内）,2026-07-03,20.54,0.8329,-0.7488,0.4824,0.4997,0.2342,0.1959,0.2012
600754,锦江酒店,167.07,False,18.44,19.19,0,-0.36,-7.57,-4.32,-3.93,0.0,从未跌破（观测期内）,2026-07-03,24.76,-0.2883,-0.0046,0.256,0.1982,0.328,0.5734,0.2012
002922,伊戈尔,111.78,False,29.65,34.16,0,-4.53,-17.65,-10.93,-13.21,0.0,从未跌破（观测期内）,2026-07-03,36.25,0.4706,-0.3618,0.6839,0.3377,0.5832,0.0,0.2011
601068,中铝国际,112.62,False,4.4,4.77,0,-2.08,-12.42,-8.53,-7.81,0.0,从未跌破（观测期内）,2026-07-03,27.4,0.1787,-0.0841,0.379,0.2736,0.3866,0.3684,0.201
000862,银星能源,30.83,False,4.91,5.43,2,6.13,-20.57,-12.82,-9.53,0.0,从未跌破（观测期内）,2026-07-03,17.69,0.8991,-0.7357,0.4722,0.5394,0.1708,0.213,0.201
601828,美凯龙,76.94,False,2.13,2.24,0,-3.19,-10.94,-6.19,-4.95,0.0,从未跌破（观测期内）,2026-07-03,27.91,0.2473,-0.3556,0.3206,0.2061,0.3979,0.4657,0.201
002094,青岛金王,31.14,False,4.51,4.7,0,-3.97,-11.13,-7.6,-3.97,0.0,从未跌破（观测期内）,2026-07-03,31.73,-0.3033,-0.1913,0.3064,0.1235,0.4829,0.4894,0.2009
000683,博源化工,201.2,False,6.02,6.4,0,-3.05,-14.33,-8.34,-6.0,0.0,从未跌破（观测期内）,2026-07-03,25.98,-0.4237,1.093,0.4803,0.4,0.3551,0.1995,0.2009
600100,同方股份,227.49,False,6.79,6.98,0,-1.36,-13.27,-7.48,-2.76,0.0,从未跌破（观测期内）,2026-07-03,42.01,-0.1034,-0.4308,0.3941,0.0277,0.7114,0.3432,0.2007
002556,辉隆股份,43.97,False,4.65,4.85,1,0.09,-9.05,-4.75,-4.08,0.0,从未跌破（观测期内）,2026-07-03,24.27,0.1131,-0.1564,0.2568,0.2053,0.3172,0.572,0.2006
600396,华电辽能,194.4,False,13.2,16.87,7,29.74,-21.76,-3.26,-21.76,0.0,从未跌破（观测期内）,2026-07-03,27.03,0.7804,-0.4239,0.8781,0.4987,0.3784,0.0,0.2004
002218,拓日新能,52.59,False,3.79,4.09,0,-5.05,-14.03,-9.57,-7.33,0.0,从未跌破（观测期内）,2026-07-03,26.73,0.3123,-0.3588,0.34,0.2439,0.3718,0.4333,0.2003
002042,华孚时尚,59.69,False,3.51,3.66,0,-1.8,-17.99,-10.17,-4.05,0.0,从未跌破（观测期内）,2026-07-03,45.71,0.0462,-0.4182,0.495,0.0605,0.7937,0.1749,0.2001
600880,博瑞传播,41.75,False,3.82,3.98,0,-3.9,-11.65,-7.42,-3.9,0.0,从未跌破（观测期内）,2026-07-03,32.93,-0.4117,-0.2121,0.3226,0.1151,0.5095,0.4623,0.2
600132,重庆啤酒,205.4,False,42.44,45.08,0,-1.04,-12.65,-6.71,-5.85,0.0,从未跌破（观测期内）,2026-07-03,19.16,0.5931,-0.4499,0.3399,0.3759,0.2035,0.4335,0.1997
600255,鑫科材料,60.14,False,3.33,4.07,14,28.56,-18.71,2.42,-18.17,0.0,从未跌破（观测期内）,2026-07-03,30.1,0.6966,-0.4412,0.7388,0.4415,0.4466,0.0,0.1997
603605,珀莱雅,237.23,False,59.91,62.05,12,11.72,-11.14,0.67,-3.45,0.1214,从未跌破（观测期内）,2026-07-03,28.44,0.1817,-0.5703,0.4324,0.109,0.4099,0.2793,0.1997
603711,香飘飘,48.51,False,11.75,12.31,0,-4.58,-12.26,-8.71,-4.58,0.0,从未跌破（观测期内）,2026-07-03,32.15,0.2073,-0.3125,0.3951,0.1994,0.4923,0.3415,0.1995
002081,金 螳 螂,115.82,False,4.38,4.9,0,-0.44,-17.23,-12.38,-10.52,0.0,从未跌破（观测期内）,2026-07-03,30.99,0.7081,-0.8496,0.7364,0.4249,0.4665,0.0,0.1995
002663,普邦股份,25.44,False,1.49,1.6,0,-6.85,-15.84,-12.34,-7.11,0.0,从未跌破（观测期内）,2026-07-03,23.68,-0.1369,0.2105,0.3293,0.2842,0.3041,0.4511,0.1995
600638,新黄浦,31.04,False,4.61,4.92,0,-2.98,-14.45,-8.93,-6.22,0.0,从未跌破（观测期内）,2026-07-03,32.98,-0.2429,0.0931,0.4487,0.2372,0.5108,0.2521,0.1993
603060,国检集团,45.75,False,5.69,6.68,11,12.86,-19.49,-2.73,-14.79,0.0,从未跌破（观测期内）,2026-07-03,23.71,0.8866,-0.657,0.5787,0.532,0.3048,0.0356,0.1993
600724,宁波富达,79.47,False,5.5,6.02,0,-3.24,-18.11,-9.54,-8.7,0.0,从未跌破（观测期内）,2026-07-03,32.3,-0.4238,0.6837,0.6834,0.4,0.4955,0.0,0.1991
603200,上海洗霸,74.98,False,42.73,45.04,0,-1.32,-14.2,-7.59,-5.14,0.0,从未跌破（观测期内）,2026-07-03,38.39,0.2773,-0.35,0.5349,0.2264,0.6309,0.1085,0.199
601577,长沙银行,351.01,False,8.73,9.24,10,3.59,-6.96,-1.71,-5.49,0.0253,从未跌破（观测期内）,2026-07-03,18.56,0.1246,-0.0817,0.2394,0.2421,0.1903,0.601,0.1988
603096,新经典,21.92,False,14.21,14.44,0,-1.62,-10.71,-7.2,-1.62,0.0,从未跌破（观测期内）,2026-07-03,35.29,-0.3162,-0.3726,0.3055,0.051,0.5621,0.4908,0.1988
002330,得利斯,23.18,False,3.65,3.73,0,-2.12,-10.07,-6.57,-2.12,0.0,从未跌破（观测期内）,2026-07-03,36.56,-0.184,-0.3807,0.3257,0.0477,0.5902,0.4572,0.1986
600410,华胜天成,169.85,False,15.49,17.22,2,4.16,-17.0,-8.77,-10.03,0.0,从未跌破（观测期内）,2026-07-03,37.34,0.46,-0.4293,0.5963,0.3043,0.6075,0.0061,0.1985
000778,新兴铸管,145.62,False,3.74,3.96,0,-1.46,-9.8,-4.81,-5.67,0.0,从未跌破（观测期内）,2026-07-03,21.31,0.3572,-0.3989,0.2617,0.2547,0.2514,0.5638,0.1985
000822,山东海化,36.88,False,4.12,4.37,0,-4.6,-10.71,-7.74,-5.82,0.0,从未跌破（观测期内）,2026-07-03,26.21,-0.1972,0.0537,0.3162,0.2215,0.3603,0.473,0.1984
002316,亚联发展,14.55,False,4.27,4.39,0,-2.79,-13.02,-9.37,-2.79,0.0,从未跌破（观测期内）,2026-07-03,37.86,0.003,-0.1847,0.4302,0.1279,0.619,0.2831,0.1983
603123,翠微股份,53.75,False,8.24,8.81,0,-0.62,-14.63,-9.36,-6.5,0.0,从未跌破（观测期内）,2026-07-03,38.01,0.2311,-0.3407,0.5069,0.2024,0.6223,0.1551,0.1983
001259,利仁科技,30.19,True,63.5,68.06,5,12.77,-11.57,-2.57,-6.7,0.0,从未跌破（观测期内）,2026-07-03,40.88,0.3774,-0.7479,0.5823,0.2265,0.6862,0.0295,0.1983
600970,中材国际,191.65,False,7.31,7.96,9,2.81,-12.75,-3.67,-8.12,0.0,从未跌破（观测期内）,2026-07-03,23.41,-0.1996,0.2185,0.3326,0.2874,0.2981,0.4456,0.1983
600121,郑州煤电,44.59,False,3.66,4.18,5,31.02,-20.91,-4.24,-12.51,0.0,从未跌破（观测期内）,2026-07-03,18.52,0.9563,-0.8224,0.5324,0.5738,0.1893,0.1127,0.1982
600726,华电能源,480.66,False,6.43,7.93,8,29.01,-18.94,-2.81,-18.94,0.0,从未跌破（观测期内）,2026-07-03,27.69,0.7971,-0.5401,0.6766,0.4783,0.3931,0.0,0.1982
001323,慕思股份,52.29,False,16.8,17.69,1,0.21,-14.4,-8.22,-5.04,0.0,从未跌破（观测期内）,2026-07-03,29.35,-0.2396,0.654,0.5514,0.4,0.43,0.081,0.1981
600331,宏达股份,237.74,False,11.7,12.27,0,-4.63,-17.6,-11.3,-4.63,0.0,从未跌破（观测期内）,2026-07-03,34.52,-0.2428,0.273,0.553,0.3092,0.5449,0.0783,0.198
603171,税友股份,160.49,False,39.54,43.04,0,-5.48,-15.55,-10.46,-8.14,0.0,从未跌破（观测期内）,2026-07-03,27.66,0.4677,-0.7495,0.4038,0.2806,0.3924,0.3271,0.1977
000731,四川美丰,28.98,False,5.28,5.57,0,-2.58,-10.1,-6.11,-5.17,0.0,从未跌破（观测期内）,2026-07-03,25.95,-0.5358,-0.0072,0.2898,0.1971,0.3545,0.517,0.1977
000628,高新发展,94.52,False,49.17,51.25,1,0.52,-13.95,-6.98,-4.06,0.0,从未跌破（观测期内）,2026-07-03,28.89,0.443,-0.1441,0.5536,0.4081,0.4197,0.0774,0.1976
000729,燕京啤酒,269.28,False,10.73,10.8,0,-0.66,-13.17,-7.25,-0.66,0.0,从未跌破（观测期内）,2026-07-03,33.33,0.1978,-0.2067,0.4613,0.236,0.5185,0.2312,0.1974
600725,云维股份,38.95,True,3.16,3.47,1,0.25,-16.28,-7.99,-9.0,0.0,从未跌破（观测期内）,2026-07-03,28.37,-0.4749,0.4535,0.5189,0.3814,0.4082,0.1352,0.1973
002062,宏润建设,85.03,False,7.56,7.72,1,2.01,-14.72,-6.84,-2.1,0.0,从未跌破（观测期内）,2026-07-03,46.83,0.1058,-0.5147,0.5294,0.0635,0.8184,0.1177,0.1972
600979,广安爱众,49.92,False,4.02,4.43,4,5.82,-17.63,-6.81,-9.34,0.0,从未跌破（观测期内）,2026-07-03,25.85,0.845,-0.7909,0.6431,0.507,0.3522,0.0,0.1972
600873,梅花生物,221.82,False,7.91,8.31,0,-0.61,-15.77,-7.7,-4.78,0.0,从未跌破（观测期内）,2026-07-03,27.78,-0.349,0.1926,0.4051,0.277,0.3951,0.3248,0.197
601595,上海电影,75.12,False,16.76,17.67,0,-5.14,-14.61,-9.98,-5.14,0.0,从未跌破（观测期内）,2026-07-03,23.99,0.2102,-0.1467,0.3279,0.2674,0.3108,0.4534,0.197
603709,中源家居,17.67,False,14.12,14.65,0,-3.43,-11.83,-8.42,-3.62,0.0,从未跌破（观测期内）,2026-07-03,32.68,-0.0825,-0.2059,0.3332,0.1176,0.504,0.4446,0.1969
000713,国投丰乐,33.77,False,5.5,5.61,1,0.54,-8.37,-3.72,-1.97,0.0,从未跌破（观测期内）,2026-07-03,30.83,-0.2832,-0.2606,0.2785,0.0958,0.463,0.5358,0.1969
002799,环球印务,19.94,False,6.23,6.58,0,-5.29,-12.81,-9.72,-5.29,0.0,从未跌破（观测期内）,2026-07-03,21.77,-0.661,0.068,0.2493,0.2272,0.2616,0.5845,0.1968
600883,博闻科技,17.33,True,7.34,7.58,0,-3.12,-9.64,-7.45,-3.12,0.0,从未跌破（观测期内）,2026-07-03,33.71,-0.04,-0.2758,0.3241,0.0897,0.5268,0.4599,0.1968
600231,凌钢股份,45.67,False,1.61,1.77,0,-2.99,-12.97,-7.79,-9.12,0.0,从未跌破（观测期内）,2026-07-03,15.0,-0.7615,0.7504,0.3021,0.4,0.1111,0.4964,0.1967
600790,轻纺城,50.13,False,3.42,3.61,0,-5.25,-12.75,-7.95,-5.37,0.0,从未跌破（观测期内）,2026-07-03,26.67,0.2393,-0.3324,0.3212,0.2106,0.3704,0.4646,0.1964
600388,龙净环保,196.98,False,15.51,15.99,0,-2.2,-11.79,-8.01,-3.03,0.0,从未跌破（观测期内）,2026-07-03,33.52,-0.156,-0.0353,0.4191,0.1859,0.5227,0.3014,0.1962
600581,*ST八钢,36.18,False,2.36,2.4,2,3.66,-16.4,-5.51,-1.48,0.0,从未跌破（观测期内）,2026-07-03,37.35,-0.4161,-0.006,0.4994,0.1976,0.6078,0.1677,0.1961
600792,云煤能源,36.29,True,3.27,3.7,6,10.76,-19.16,-6.68,-11.73,0.0,从未跌破（观测期内）,2026-07-03,20.57,0.9007,-0.6353,0.5461,0.5404,0.2348,0.0898,0.1955
000789,万年青,31.42,False,3.94,4.07,0,-2.29,-9.75,-4.89,-3.27,0.0,从未跌破（观测期内）,2026-07-03,30.49,-0.619,-0.2837,0.2686,0.0865,0.4553,0.5523,0.1955
002310,东方新能,97.66,False,2.22,2.37,0,-1.84,-14.51,-10.26,-6.45,0.0,从未跌破（观测期内）,2026-07-03,38.1,0.2203,-0.2879,0.535,0.217,0.6243,0.1084,0.1954
002977,*ST天箭,16.22,False,24.34,23.46,1,3.74,-17.7,-9.0,3.74,0.0,从未跌破（观测期内）,2026-07-03,56.05,-0.0121,-0.6752,0.6375,0.0,0.9766,0.0,0.1953
000637,茂化实华,13.42,False,3.68,3.82,0,-3.63,-11.38,-8.04,-3.63,0.0,从未跌破（观测期内）,2026-07-03,31.58,-0.3576,-0.2049,0.321,0.118,0.4795,0.4651,0.1952
601799,星宇股份,286.57,False,100.31,110.98,0,-4.54,-22.37,-10.45,-9.61,0.0,从未跌破（观测期内）,2026-07-03,29.88,-0.7334,1.4507,0.574,0.4,0.4418,0.0433,0.1949
000897,津滨发展,27.49,False,1.7,1.78,0,-2.76,-9.51,-6.09,-4.49,0.0,从未跌破（观测期内）,2026-07-03,25.71,0.0695,-0.1989,0.2628,0.1622,0.3492,0.562,0.1947
002279,久其软件,46.22,True,5.81,6.4,1,1.3,-15.44,-6.91,-9.2,0.0,从未跌破（观测期内）,2026-07-03,20.34,0.7376,-0.7774,0.4479,0.4425,0.2298,0.2535,0.1946
600600,青岛啤酒,378.53,False,53.38,55.84,1,0.41,-10.92,-5.28,-4.41,0.0,从未跌破（观测期内）,2026-07-03,22.21,0.1235,-0.0875,0.2778,0.2391,0.2714,0.537,0.1946
600536,中国软件,239.51,True,28.39,30.52,0,-5.66,-20.12,-11.73,-6.97,0.0,从未跌破（观测期内）,2026-07-03,40.43,-0.4184,-0.1577,0.4998,0.1369,0.6762,0.1669,0.1945
603697,有友食品,43.75,False,10.23,10.6,8,6.47,-10.65,-2.1,-3.53,0.0101,从未跌破（观测期内）,2026-07-03,33.95,0.4404,-0.5555,0.5291,0.2643,0.5322,0.1182,0.1943
600232,金鹰股份,23.52,False,6.45,6.81,0,-2.4,-11.51,-7.9,-5.3,0.0,从未跌破（观测期内）,2026-07-03,29.11,-0.1056,-0.005,0.3611,0.198,0.4248,0.3981,0.1942
603828,*ST利达,27.65,False,4.64,4.58,1,1.27,-17.02,-11.59,1.27,0.0,从未跌破（观测期内）,2026-07-03,46.34,-0.3186,-0.9312,0.4693,0.0,0.8076,0.2178,0.1942
002596,海南瑞泽,35.2,False,3.07,3.32,0,-0.54,-16.8,-7.75,-7.46,0.0,从未跌破（观测期内）,2026-07-03,31.17,-0.1845,2.1832,0.605,0.4,0.4704,0.0,0.1941
000607,华媒控股,28.59,False,3.23,3.31,0,-2.37,-9.7,-6.67,-2.37,0.0,从未跌破（观测期内）,2026-07-03,33.33,-0.3525,-0.315,0.3127,0.074,0.5185,0.4788,0.194
000721,西安饮食,29.1,False,5.68,5.91,1,0.6,-9.64,-5.73,-3.83,0.0,从未跌破（观测期内）,2026-07-03,37.97,0.1498,-0.3687,0.4638,0.1424,0.6215,0.2271,0.194
000619,海螺新材,16.56,False,4.6,4.84,0,-5.0,-12.31,-9.13,-5.0,0.0,从未跌破（观测期内）,2026-07-03,28.35,-0.2465,-0.0764,0.3206,0.1694,0.4077,0.4656,0.1937
000031,大悦城,91.73,False,2.14,2.35,0,-3.26,-12.54,-8.02,-8.74,0.0,从未跌破（观测期内）,2026-07-03,16.67,0.6452,-0.5967,0.3318,0.3871,0.1481,0.447,0.1935
601588,北辰实业,43.89,False,1.65,1.81,5,11.47,-14.51,-5.88,-8.92,0.0,从未跌破（观测期内）,2026-07-03,23.4,0.8097,-0.7308,0.5503,0.4858,0.2979,0.0829,0.1935
000953,中哲精化,19.92,False,5.44,5.61,0,-3.07,-12.5,-9.0,-3.07,0.0,从未跌破（观测期内）,2026-07-03,33.95,-0.0533,-0.2832,0.3388,0.0867,0.5322,0.4353,0.1934
600702,舍得酒业,119.1,False,35.88,37.81,0,-0.41,-11.01,-5.7,-5.1,0.0,从未跌破（观测期内）,2026-07-03,40.35,-0.0726,-0.4457,0.3881,0.0217,0.6745,0.3532,0.1933
600251,冠农股份,69.31,False,8.92,9.28,0,-1.4,-10.1,-6.48,-3.87,0.0,从未跌破（观测期内）,2026-07-03,29.02,-0.3187,-0.1177,0.3181,0.1529,0.4226,0.4699,0.1932
002104,恒宝股份,61.65,False,10.28,11.01,0,-2.79,-11.95,-7.7,-6.65,0.0,从未跌破（观测期内）,2026-07-03,34.39,-0.0974,-0.2163,0.3744,0.1135,0.5421,0.3759,0.1932
002194,武汉凡谷,48.79,False,9.55,11.41,9,7.5,-18.18,-4.04,-16.29,0.0,从未跌破（观测期内）,2026-07-03,32.3,0.6268,-0.7263,0.8464,0.3761,0.4955,0.0,0.1931
603908,牧高笛,16.81,False,18.05,18.55,0,-2.69,-12.36,-8.41,-2.69,0.0,从未跌破（观测期内）,2026-07-03,34.07,-0.2484,-0.2347,0.3626,0.1061,0.5349,0.3957,0.1929
603095,越剑智能,38.09,True,14.75,16.3,0,-6.32,-18.52,-13.22,-9.51,0.0,从未跌破（观测期内）,2026-07-03,26.59,-0.3999,0.2546,0.4265,0.3018,0.3686,0.2892,0.1926
600651,飞乐音响,139.64,False,5.57,5.88,0,-3.85,-10.99,-7.14,-5.31,0.0,从未跌破（观测期内）,2026-07-03,26.4,0.0824,-0.0962,0.333,0.2109,0.3644,0.4451,0.1924
601599,浙文影业,33.42,False,2.88,2.99,0,-2.77,-8.34,-5.71,-3.78,0.0,从未跌破（观测期内）,2026-07-03,29.09,-0.4919,-0.3117,0.2469,0.0753,0.4242,0.5884,0.1919
000669,ST金鸿,25.79,False,3.79,3.92,1,1.77,-14.77,-5.15,-3.4,0.0,从未跌破（观测期内）,2026-07-03,40.0,-0.1832,-0.3462,0.4284,0.0615,0.6667,0.286,0.1916
002868,绿康生化,28.12,False,26.28,24.92,1,5.44,-19.97,-12.46,5.44,0.0,从未跌破（观测期内）,2026-07-03,49.96,-0.2284,-0.3618,0.65,0.0553,0.8879,0.0,0.1914
000930,中粮科技,82.79,True,4.46,4.68,0,-3.22,-11.07,-6.3,-4.63,0.0,从未跌破（观测期内）,2026-07-03,26.0,-0.6881,-0.1351,0.2656,0.146,0.3556,0.5574,0.1912
002210,飞马国际,59.21,False,2.23,2.35,0,-5.07,-15.58,-9.65,-5.07,0.0,从未跌破（观测期内）,2026-07-03,32.84,0.2372,-0.4252,0.4138,0.1722,0.5075,0.3103,0.1911
000631,顺发恒能,69.0,False,3.0,3.09,4,0.91,-9.16,-4.34,-3.02,0.0,从未跌破（观测期内）,2026-07-03,25.71,0.6217,-0.5114,0.4884,0.373,0.3492,0.186,0.191
603737,三棵树,217.89,False,24.61,26.0,0,-5.21,-14.87,-10.04,-5.35,0.0,从未跌破（观测期内）,2026-07-03,30.88,0.1413,-0.3051,0.3699,0.1628,0.464,0.3836,0.191
603121,华培动力,44.89,False,13.26,13.85,0,-4.26,-19.64,-14.29,-4.26,0.0,从未跌破（观测期内）,2026-07-03,38.65,-0.6841,-0.033,0.5328,0.1868,0.6366,0.112,0.1908
600249,两面针,25.68,False,4.67,4.9,0,-0.08,-11.39,-6.11,-4.78,0.0,从未跌破（观测期内）,2026-07-03,35.58,0.0724,-0.3783,0.3838,0.0921,0.5685,0.3603,0.1908
603578,三星新材,20.74,False,11.5,13.09,1,2.76,-13.47,-8.09,-12.15,0.0,从未跌破（观测期内）,2026-07-03,37.41,0.3062,-0.2707,0.7203,0.2754,0.609,0.0,0.1907
600808,马钢股份,151.58,False,2.54,2.67,0,-4.83,-14.56,-8.01,-4.83,0.0,从未跌破（观测期内）,2026-07-03,20.41,0.0458,0.2054,0.3321,0.3096,0.2313,0.4465,0.1906
600243,*ST海华,15.97,False,3.64,3.77,5,6.52,-14.57,-3.3,-3.38,0.0,从未跌破（观测期内）,2026-07-03,37.66,0.3508,-0.5997,0.5409,0.2105,0.6147,0.0984,0.1903
603567,珍宝岛,45.0,False,4.79,5.31,0,-4.26,-29.57,-17.1,-9.84,0.0,从未跌破（观测期内）,2026-07-03,30.29,-0.8663,1.7479,0.8079,0.4,0.451,0.0,0.1902
002034,旺能环境,79.75,False,15.5,16.71,0,-3.05,-17.51,-10.94,-7.21,0.0,从未跌破（观测期内）,2026-07-03,23.28,0.5269,-0.4663,0.4055,0.3296,0.2951,0.3241,0.1901
603612,索通发展,87.22,False,17.51,19.21,1,0.94,-10.45,-6.53,-8.86,0.0,从未跌破（观测期内）,2026-07-03,32.37,0.0072,-0.0833,0.4085,0.171,0.4971,0.3192,0.1901
002970,锐明技术,68.56,True,54.25,61.34,3,3.87,-15.51,-6.47,-11.55,0.0,从未跌破（观测期内）,2026-07-03,36.15,0.3737,-0.3224,0.6795,0.2952,0.581,0.0,0.19
605336,*ST帅电,22.34,False,12.18,14.97,0,-0.0,-18.66,-7.38,-18.66,0.0,从未跌破（观测期内）,2026-07-03,24.59,-0.3734,0.7366,0.5001,0.4,0.3243,0.1664,0.1898
002909,集泰股份,19.13,False,5.03,5.33,0,-3.22,-11.19,-7.88,-5.61,0.0,从未跌破（观测期内）,2026-07-03,30.71,-0.3944,-0.1589,0.3468,0.1364,0.4602,0.4219,0.1894
000338,潍柴动力,1393.84,False,28.14,28.79,0,-0.03,-15.73,-7.66,-2.26,0.0,从未跌破（观测期内）,2026-07-03,50.45,-0.3254,-0.4042,0.6987,0.0383,0.8988,0.0,0.1893
601126,四方股份,478.55,False,58.0,67.8,2,5.09,-16.2,-7.66,-14.45,0.0,从未跌破（观测期内）,2026-07-03,38.64,0.2119,-0.2,0.7206,0.2471,0.6364,0.0,0.1891
603201,常润股份,26.71,False,14.18,16.98,15,19.27,-22.2,0.84,-16.47,0.0,从未跌破（观测期内）,2026-07-03,36.35,0.0637,0.1229,0.8935,0.2874,0.5856,0.0,0.189
600616,金枫酒业,26.36,False,3.94,4.08,0,-3.54,-10.03,-6.5,-3.54,0.0,从未跌破（观测期内）,2026-07-03,32.22,-0.5707,-0.3689,0.2916,0.0524,0.4938,0.514,0.189
600777,*ST新潮,273.74,False,4.3,5.04,5,2.09,-16.9,-6.75,-14.61,0.0,从未跌破（观测期内）,2026-07-03,30.0,-0.2842,1.613,0.6317,0.4,0.4444,0.0,0.1889
600323,瀚蓝环境,230.82,False,28.31,28.8,1,0.13,-7.82,-3.5,-1.7,0.0,从未跌破（观测期内）,2026-07-03,31.2,-0.0218,-0.3479,0.2829,0.0608,0.471,0.5285,0.1887
600715,文投控股,44.08,False,1.54,1.64,0,-3.33,-13.42,-8.55,-6.15,0.0,从未跌破（观测期内）,2026-07-03,27.03,-0.7409,-0.0143,0.3424,0.1943,0.3784,0.4294,0.1887
002918,蒙娜丽莎,22.04,False,10.29,11.04,0,-2.25,-18.78,-12.19,-6.83,0.0,从未跌破（观测期内）,2026-07-03,35.51,0.4591,-0.6655,0.5755,0.2754,0.5668,0.0408,0.1883
603076,乐惠国际,26.31,False,21.8,22.0,0,-0.42,-12.37,-8.85,-0.89,0.0,从未跌破（观测期内）,2026-07-03,40.2,-0.0891,-0.4534,0.403,0.0186,0.671,0.3283,0.1881
002285,世联行,41.08,False,2.08,2.27,0,-6.42,-13.6,-10.85,-8.27,0.0,从未跌破（观测期内）,2026-07-03,28.38,-0.3653,0.0589,0.3982,0.2235,0.4084,0.3363,0.188
603536,惠发食品,19.65,False,8.17,8.47,0,-3.51,-9.74,-7.02,-3.51,0.0,从未跌破（观测期内）,2026-07-03,31.28,0.1441,-0.4376,0.3377,0.1114,0.4729,0.4372,0.188
603718,*ST海利,19.47,False,3.0,3.02,0,-0.56,-15.46,-7.79,-0.56,0.0,从未跌破（观测期内）,2026-07-03,46.0,-0.2505,-0.3388,0.5526,0.0645,0.8,0.0791,0.188
600746,江苏索普,63.53,False,5.44,5.76,0,-3.83,-12.84,-8.95,-5.56,0.0,从未跌破（观测期内）,2026-07-03,27.61,-0.0829,-0.001,0.3612,0.1996,0.3913,0.398,0.1879
002532,天山铝业,466.95,False,11.37,12.28,0,-0.53,-16.77,-11.69,-7.4,0.0,从未跌破（观测期内）,2026-07-03,31.47,-0.0004,0.3663,0.5769,0.3465,0.4772,0.0385,0.1879
601330,绿色动力,70.72,False,7.15,7.71,1,3.47,-14.33,-9.09,-7.24,0.0,从未跌破（观测期内）,2026-07-03,10.29,0.8916,-0.7378,0.3886,0.535,0.0063,0.3523,0.1879
600185,珠免集团,86.33,False,4.58,4.81,0,-4.57,-9.56,-7.14,-4.77,0.0,从未跌破（观测期内）,2026-07-03,19.44,-0.1614,0.0527,0.2378,0.2211,0.2099,0.6036,0.1878
600127,金健米业,34.59,False,5.39,5.55,0,-2.83,-10.4,-6.22,-2.83,0.0,从未跌破（观测期内）,2026-07-03,26.8,0.0995,-0.3763,0.2592,0.1092,0.3734,0.568,0.1872
600299,安迪苏,260.86,False,8.47,9.38,0,-6.41,-19.64,-10.26,-9.73,0.0,从未跌破（观测期内）,2026-07-03,23.68,-0.8035,1.7345,0.4948,0.4,0.3039,0.1753,0.1871
601187,厦门银行,178.02,False,6.76,7.29,10,9.23,-7.31,0.15,-7.31,0.0,从未跌破（观测期内）,2026-07-03,22.66,0.5482,-0.3778,0.455,0.3778,0.2813,0.2417,0.187
002591,恒大高新,14.19,False,6.35,6.84,0,-6.21,-14.03,-9.99,-7.17,0.0,从未跌破（观测期内）,2026-07-03,26.92,-0.5447,-0.0636,0.3284,0.1746,0.3761,0.4527,0.1868
002490,山东墨龙,36.08,False,6.66,7.24,3,7.91,-17.38,-8.28,-8.03,0.0,从未跌破（观测期内）,2026-07-03,15.51,0.853,-0.1585,0.7794,0.6484,0.1224,0.0,0.1866
600800,渤海化学,34.96,False,3.15,3.48,0,-6.24,-13.01,-9.7,-9.39,0.0,从未跌破（观测期内）,2026-07-03,16.88,-0.3035,0.2971,0.2946,0.3188,0.153,0.5089,0.1866
603801,志邦家居,24.71,False,5.69,6.0,0,-5.23,-13.22,-10.2,-5.23,0.0,从未跌破（观测期内）,2026-07-03,22.96,-0.5601,0.0399,0.3007,0.2159,0.2881,0.4989,0.1864
603193,润本股份,20.12,False,19.47,20.28,0,-1.51,-13.94,-6.9,-3.98,0.0,从未跌破（观测期内）,2026-07-03,29.24,0.2312,-0.5067,0.3357,0.1387,0.4276,0.4405,0.1863
000573,粤宏远Ａ,22.6,False,3.57,3.9,0,-2.93,-13.08,-7.29,-8.56,0.0,从未跌破（观测期内）,2026-07-03,17.5,0.3459,-0.2581,0.2926,0.3043,0.1667,0.5124,0.1863
001269,欧晶科技,40.02,True,20.8,24.44,11,18.96,-18.68,-2.33,-14.9,0.0,从未跌破（观测期内）,2026-07-03,26.28,0.7594,-0.5758,0.7907,0.4556,0.3618,0.0,0.1863
000596,古井贡酒,323.73,False,79.23,82.9,0,-4.32,-10.46,-6.71,-4.43,0.0,从未跌破（观测期内）,2026-07-03,28.29,-0.3382,-0.2594,0.2763,0.0962,0.4064,0.5396,0.1863
603402,陕西旅游,15.42,False,61.35,66.05,2,1.17,-12.71,-6.01,-7.11,0.0,从未跌破（观测期内）,2026-07-03,15.99,-0.2157,0.5666,0.3618,0.4,0.1332,0.397,0.1862
603300,海南华铁,93.16,False,4.66,4.89,0,-4.76,-15.04,-9.67,-4.76,0.0,从未跌破（观测期内）,2026-07-03,27.84,-0.0705,-0.1781,0.3017,0.1287,0.3963,0.4972,0.186
001366,播恩集团,18.61,False,11.58,12.17,0,-4.82,-15.92,-12.53,-4.82,0.0,从未跌破（观测期内）,2026-07-03,28.18,0.2656,-0.5257,0.3384,0.1594,0.404,0.436,0.186
603885,吉祥航空,226.01,False,10.42,10.72,6,5.23,-9.92,-2.58,-2.75,0.0064,从未跌破（观测期内）,2026-07-03,38.05,0.2145,-0.416,0.5275,0.1623,0.6233,0.1208,0.1859
000423,东阿阿胶,300.76,False,47.09,47.1,3,2.48,-9.28,-2.99,-0.02,0.0137,从未跌破（观测期内）,2026-07-03,35.27,-0.0332,-0.6089,0.3288,0.0,0.5616,0.4521,0.1856
601155,新城控股,236.39,False,10.48,11.01,0,-4.84,-14.78,-9.76,-4.84,0.0,从未跌破（观测期内）,2026-07-03,22.18,-0.0384,0.0295,0.2858,0.2118,0.2706,0.5236,0.1856
002995,天地在线,20.04,False,17.83,20.18,5,12.48,-19.58,-5.67,-11.64,0.0,从未跌破（观测期内）,2026-07-03,30.01,0.6283,-0.4811,0.7503,0.3845,0.4447,0.0,0.1851
002512,ST达华,37.87,False,3.46,3.82,0,-5.39,-22.2,-12.04,-9.4,0.0,从未跌破（观测期内）,2026-07-03,33.33,-0.0186,0.2392,0.5701,0.2957,0.5185,0.0498,0.1851
600637,东方明珠,271.98,False,8.09,8.59,0,-4.72,-13.31,-7.69,-5.82,0.0,从未跌破（观测期内）,2026-07-03,30.53,-0.0036,-0.3928,0.268,0.0429,0.4563,0.5533,0.185
601619,嘉泽新能,107.37,False,4.41,4.53,0,-2.56,-15.16,-9.8,-2.56,0.0,从未跌破（观测期内）,2026-07-03,38.89,-0.1118,-0.2302,0.4828,0.1079,0.642,0.1954,0.1847
601298,青岛港,435.14,False,8.07,8.56,8,4.9,-8.5,-3.55,-5.76,0.0,从未跌破（观测期内）,2026-07-03,20.9,0.0977,-0.0547,0.2921,0.2367,0.2421,0.5132,0.1846
603063,禾望电气,201.16,False,43.52,50.61,2,4.83,-16.18,-6.52,-14.0,0.0,从未跌破（观测期内）,2026-07-03,44.62,-0.0763,-0.1931,0.7753,0.1227,0.7693,0.0,0.1845
600325,华发股份,64.95,False,2.36,2.48,0,-5.01,-12.38,-8.98,-5.01,0.0,从未跌破（观测期内）,2026-07-03,22.45,-0.3737,0.0348,0.2982,0.2139,0.2766,0.503,0.1843
002400,省广集团,107.37,False,6.22,6.81,0,-6.41,-14.82,-10.3,-8.69,0.0,从未跌破（观测期内）,2026-07-03,26.79,0.0349,-0.1039,0.3427,0.1794,0.373,0.4288,0.1838
002066,瑞泰科技,48.58,True,21.03,22.09,0,-2.54,-9.3,-6.58,-4.8,0.0,从未跌破（观测期内）,2026-07-03,39.31,-0.0639,-0.4351,0.4123,0.026,0.6512,0.3128,0.1837
002396,星网锐捷,177.24,False,23.4,19.41,3,20.55,-20.57,-7.45,20.55,0.1115,从未跌破（观测期内）,2026-07-03,76.47,0.2296,-0.8033,0.8656,0.1378,0.5229,0.0,0.1836
002469,三维化学,36.86,False,5.86,6.33,5,11.75,-12.52,-2.98,-7.36,0.0,从未跌破（观测期内）,2026-07-03,18.38,0.7561,-0.1708,0.6348,0.5854,0.1861,0.0,0.1836
002800,天顺股份,19.97,False,13.51,14.24,0,-5.1,-14.38,-10.55,-5.1,0.0,从未跌破（观测期内）,2026-07-03,28.66,-0.3481,0.0106,0.4018,0.2042,0.4146,0.3303,0.1835
603602,纵横通信,26.11,True,11.3,12.33,0,-0.5,-13.83,-5.93,-8.35,0.0,从未跌破（观测期内）,2026-07-03,26.49,0.2773,-0.3589,0.3839,0.2228,0.3664,0.3602,0.183
603326,我乐家居,20.75,False,6.5,6.68,0,-2.64,-9.56,-7.48,-2.64,0.0,从未跌破（观测期内）,2026-07-03,33.99,-0.1382,-0.5168,0.2949,0.0,0.533,0.5085,0.1829
002951,金时科技,54.99,True,13.71,15.85,4,38.95,-22.66,-7.05,-13.49,0.0,从未跌破（观测期内）,2026-07-03,30.08,0.6235,-0.8122,0.6988,0.3741,0.4462,0.0,0.1828
002181,粤 传 媒,106.19,False,9.36,11.87,1,1.9,-26.99,-16.59,-21.13,0.0,从未跌破（观测期内）,2026-07-03,3.27,0.7902,0.143,0.6238,0.7313,0.0,0.0,0.1828
002214,*ST大立,70.28,False,14.69,14.8,4,1.99,-18.89,-5.76,-0.71,0.0,从未跌破（观测期内）,2026-07-03,46.21,0.0079,-0.8367,0.5174,0.0047,0.8047,0.1377,0.1828
002702,海欣食品,21.15,False,4.61,4.83,0,-4.47,-10.01,-7.47,-4.47,0.0,从未跌破（观测期内）,2026-07-03,26.17,0.1831,-0.3627,0.3215,0.1648,0.3593,0.4641,0.1827
600773,西藏城投,123.04,False,12.93,14.29,0,-5.64,-24.28,-13.09,-9.51,0.0,从未跌破（观测期内）,2026-07-03,24.66,0.5941,-0.2742,0.5766,0.4468,0.3258,0.039,0.1827
605177,东亚药业,20.3,False,17.86,18.81,4,6.09,-20.72,-8.97,-5.07,0.0,从未跌破（观测期内）,2026-07-03,31.24,0.5882,-0.6859,0.7281,0.3529,0.472,0.0,0.1826
000069,华侨城Ａ,115.21,False,1.67,1.77,0,-4.25,-11.46,-6.62,-5.41,0.0,从未跌破（观测期内）,2026-07-03,21.21,-0.157,-0.0644,0.2431,0.1742,0.2492,0.5948,0.1826
600373,中文传媒,90.68,False,6.73,7.19,5,1.89,-8.78,-3.87,-6.35,0.0,从未跌破（观测期内）,2026-07-03,10.0,0.3085,0.005,0.2568,0.3871,0.0,0.5719,0.1826
002637,赞宇科技,50.45,True,10.85,11.39,8,8.67,-10.53,-1.71,-4.72,0.0,从未跌破（观测期内）,2026-07-03,31.11,0.5909,-0.8166,0.6777,0.3545,0.4691,0.0,0.1825
600996,贵广网络,83.91,True,6.73,8.44,3,5.71,-24.03,-5.81,-20.26,0.0,从未跌破（观测期内）,2026-07-03,27.77,0.3648,-0.0117,0.7625,0.4142,0.3948,0.0,0.1825
000014,沙河股份,22.99,False,9.5,9.87,0,-2.72,-9.81,-6.96,-3.75,0.0,从未跌破（观测期内）,2026-07-03,30.62,-0.1448,-0.3109,0.3126,0.0756,0.4583,0.479,0.1824
605068,明新旭腾,31.0,False,19.11,18.81,1,1.6,-19.41,-14.01,1.6,0.0,从未跌破（观测期内）,2026-07-03,49.46,-0.0399,-0.6122,0.5726,0.0,0.8768,0.0457,0.1822
605180,华生科技,20.87,True,12.35,13.14,2,1.53,-11.28,-5.99,-6.0,0.0,从未跌破（观测期内）,2026-07-03,34.2,0.3023,-0.431,0.5105,0.209,0.5378,0.1491,0.1822
002678,珠江钢琴,58.65,False,4.32,4.93,2,3.07,-20.33,-11.59,-12.44,0.0,从未跌破（观测期内）,2026-07-03,12.08,0.6174,-0.1086,0.4354,0.527,0.0462,0.2743,0.1821
002348,高乐股份,95.05,False,10.52,11.54,2,11.65,-18.35,-9.69,-8.87,0.0,从未跌破（观测期内）,2026-07-03,41.88,0.2694,-0.5575,0.6883,0.1617,0.7085,0.0,0.1821
600032,浙江新能,170.97,False,7.11,8.0,2,7.56,-22.88,-13.86,-11.14,0.0,从未跌破（观测期内）,2026-07-03,13.53,0.8268,-0.7228,0.4306,0.4961,0.0784,0.2824,0.1821
000568,泸州老窖,1135.66,False,77.2,81.01,0,-3.92,-10.38,-6.04,-4.71,0.0,从未跌破（观测期内）,2026-07-03,27.22,-0.6038,-0.2818,0.266,0.0873,0.3827,0.5566,0.1818
603393,新天然气,95.69,False,22.61,24.86,1,1.67,-16.32,-7.74,-9.03,0.0,从未跌破（观测期内）,2026-07-03,30.52,0.3331,-0.0956,0.602,0.3616,0.456,0.0,0.1816
600882,妙可蓝多,86.15,False,16.89,17.69,5,3.89,-11.63,-4.24,-4.5,0.0,从未跌破（观测期内）,2026-07-03,32.81,0.2876,-0.2973,0.5334,0.2536,0.5069,0.111,0.1814
000928,中钢国际,72.31,False,5.04,5.48,1,0.69,-10.91,-5.18,-7.95,0.0,从未跌破（观测期内）,2026-07-03,25.37,-0.0833,0.0975,0.3867,0.239,0.3416,0.3554,0.1814
000786,北新建材,305.8,False,18.1,19.56,0,-4.41,-11.78,-8.21,-7.44,0.0,从未跌破（观测期内）,2026-07-03,9.49,-0.2215,1.506,0.2748,0.4,0.0,0.5419,0.1813
600859,王府井,106.54,False,9.48,9.92,0,-2.81,-10.1,-6.15,-4.44,0.0,从未跌破（观测期内）,2026-07-03,24.04,-0.0171,-0.1216,0.2763,0.1514,0.3121,0.5395,0.1812
600620,天宸股份,28.15,False,4.1,4.27,0,-4.06,-10.96,-8.26,-4.06,0.0,从未跌破（观测期内）,2026-07-03,28.71,-0.6178,-0.1525,0.3478,0.139,0.4158,0.4203,0.181
603958,哈森股份,37.03,False,16.88,18.85,0,-2.38,-13.06,-9.13,-10.47,0.0,从未跌破（观测期内）,2026-07-03,34.41,0.018,-0.1592,0.457,0.1471,0.5425,0.2383,0.181
603227,雪峰科技,77.05,True,7.19,7.63,0,-1.42,-11.79,-7.04,-5.79,0.0,从未跌破（观测期内）,2026-07-03,20.29,0.3381,-0.7082,0.262,0.2029,0.2287,0.5633,0.181
002368,太极股份,85.47,False,13.78,15.63,7,8.2,-13.28,-2.48,-11.84,0.0,从未跌破（观测期内）,2026-07-03,31.29,-0.1354,0.0307,0.4674,0.2123,0.4732,0.221,0.1809
002372,伟星新材,125.76,False,8.55,8.76,0,-2.44,-10.41,-6.49,-2.44,0.0,从未跌破（观测期内）,2026-07-03,26.26,-0.1161,-0.1441,0.3083,0.1424,0.3613,0.4861,0.1808
002443,金洲管道,52.67,False,10.14,10.77,2,0.56,-15.05,-6.24,-5.82,0.0,从未跌破（观测期内）,2026-07-03,40.94,0.2881,-0.5704,0.629,0.1728,0.6877,0.0,0.1807
003023,彩虹集团,21.23,False,20.2,21.5,0,-6.04,-17.12,-11.79,-6.04,0.0,从未跌破（观测期内）,2026-07-03,19.4,-0.1541,0.1243,0.2956,0.2497,0.209,0.5073,0.1803
002307,北新路桥,49.53,False,3.04,3.48,0,-2.47,-20.82,-8.73,-12.59,0.0,从未跌破（观测期内）,2026-07-03,28.03,-0.7598,1.3284,0.6004,0.4,0.4007,0.0,0.1801
000852,石化机械,48.46,False,5.1,5.38,0,-3.26,-12.32,-8.1,-5.18,0.0,从未跌破（观测期内）,2026-07-03,21.21,-0.5486,-0.0462,0.2621,0.1815,0.2492,0.5632,0.1797
000997,新 大 陆,166.73,False,16.55,17.36,0,-4.66,-19.0,-11.18,-4.66,0.0,从未跌破（观测期内）,2026-07-03,41.09,0.1489,-0.4194,0.5558,0.1216,0.6908,0.0737,0.1796
002188,中天服务,13.23,False,5.14,5.34,0,-3.66,-12.69,-9.48,-3.66,0.0,从未跌破（观测期内）,2026-07-03,31.54,-0.5392,-0.1348,0.4108,0.1461,0.4787,0.3154,0.1796
600758,辽宁能源,41.47,False,3.14,3.71,3,16.45,-24.79,-13.27,-15.44,0.0,从未跌破（观测期内）,2026-07-03,9.57,0.9232,-0.8579,0.4363,0.5539,0.0,0.2728,0.1794
600734,*ST实达,37.89,False,1.74,1.84,0,-1.8,-21.42,-9.66,-5.38,0.0,从未跌破（观测期内）,2026-07-03,40.96,0.1082,-0.3578,0.5545,0.1218,0.6881,0.0758,0.1794
000933,神火股份,495.78,False,22.06,24.17,1,2.42,-18.51,-11.09,-8.73,0.0,从未跌破（观测期内）,2026-07-03,27.54,-0.0659,0.4231,0.5642,0.3692,0.3899,0.0596,0.1792
000007,全新好,41.92,False,12.1,13.1,12,13.49,-8.55,2.03,-7.67,0.05,从未跌破（观测期内）,2026-07-03,24.48,0.4195,-0.4672,0.4866,0.2648,0.3219,0.1891,0.179
600930,华电新能,158.26,False,4.9,5.32,0,-0.82,-16.13,-8.76,-7.83,0.0,从未跌破（观测期内）,2026-07-03,15.75,0.5512,-0.6073,0.318,0.3307,0.1277,0.47,0.1787
002053,云南能投,88.11,True,9.57,10.04,3,5.04,-18.54,-7.86,-4.72,0.0,从未跌破（观测期内）,2026-07-03,40.22,0.0523,-0.1347,0.7723,0.1775,0.6716,0.0,0.1787
600126,杭钢股份,204.32,False,6.05,6.62,0,-4.9,-16.54,-10.52,-8.62,0.0,从未跌破（观测期内）,2026-07-03,30.94,0.1124,-0.245,0.4268,0.1694,0.4653,0.2886,0.1787
002757,南兴股份,52.46,False,18.6,20.11,0,-6.82,-21.65,-12.92,-7.5,0.0,从未跌破（观测期内）,2026-07-03,40.82,-0.1332,-0.0849,0.6932,0.166,0.6849,0.0,0.1785
605298,必得科技,94.88,True,50.94,54.19,7,8.01,-6.7,-1.55,-5.99,0.0,从未跌破（观测期内）,2026-07-03,26.57,0.6272,-0.587,0.557,0.3763,0.3682,0.0717,0.1785
603334,丰倍生物,11.31,False,35.54,38.64,0,-1.25,-10.74,-7.64,-8.02,0.0,从未跌破（观测期内）,2026-07-03,21.52,-0.204,0.1814,0.3641,0.2726,0.2561,0.3932,0.1783
002707,众信旅游,42.82,False,4.95,5.18,0,-1.98,-10.27,-5.74,-4.51,0.0,从未跌破（观测期内）,2026-07-03,20.65,0.2243,-0.2893,0.3,0.2189,0.2367,0.4999,0.1771
601128,常熟银行,217.43,False,5.96,6.18,7,1.66,-6.69,-2.27,-3.49,0.0321,从未跌破（观测期内）,2026-07-03,20.69,0.1255,-0.5037,0.2102,0.0753,0.2375,0.6497,0.1766
002625,光启技术,692.48,True,32.14,33.86,1,0.06,-17.99,-8.87,-5.08,0.0,从未跌破（观测期内）,2026-07-03,27.21,-0.3095,0.5934,0.6451,0.4,0.3824,0.0,0.1765
002561,徐家汇,26.65,False,6.43,6.68,0,-3.02,-10.21,-5.71,-3.79,0.0,从未跌破（观测期内）,2026-07-03,30.99,-0.2069,-0.4675,0.2824,0.013,0.4664,0.5294,0.1759
000523,红棉股份,35.12,False,2.65,2.79,0,-3.67,-12.32,-7.9,-5.03,0.0,从未跌破（观测期内）,2026-07-03,25.0,-0.3028,-0.1243,0.3145,0.1503,0.3333,0.4758,0.1756
002733,雄韬股份,96.01,False,26.03,33.06,15,20.18,-21.26,3.4,-21.26,0.0,从未跌破（观测期内）,2026-07-03,28.9,0.4561,-0.2679,0.9226,0.3665,0.4199,0.0,0.1756
600048,保利发展,560.22,False,4.68,4.93,0,-5.05,-10.77,-8.29,-5.05,0.0,从未跌破（观测期内）,2026-07-03,24.21,-0.2356,-0.2926,0.2349,0.083,0.3158,0.6085,0.1752
002121,科陆电子,74.82,True,5.32,5.84,0,-3.87,-19.03,-13.4,-8.9,0.0,从未跌破（观测期内）,2026-07-03,23.02,0.4504,-0.6003,0.4015,0.2703,0.2894,0.3308,0.1751
600938,中国海油,827.93,False,27.69,30.67,2,2.35,-16.24,-8.59,-9.71,0.0,从未跌破（观测期内）,2026-07-03,13.7,-0.2967,0.5286,0.3676,0.4,0.0822,0.3874,0.1746
002973,侨银股份,34.91,False,10.99,11.92,2,1.09,-14.9,-6.24,-7.77,0.0,从未跌破（观测期内）,2026-07-03,24.79,-0.0697,0.1715,0.4346,0.2686,0.3286,0.2756,0.1742
002421,达实智能,67.11,True,3.35,4.2,7,35.03,-23.27,-3.79,-20.16,0.0,从未跌破（观测期内）,2026-07-03,27.66,0.638,-0.6736,1.0119,0.3828,0.3924,0.0,0.1742
002482,广田集团,46.42,False,1.24,1.32,0,-5.6,-14.65,-8.55,-6.38,0.0,从未跌破（观测期内）,2026-07-03,21.87,-0.0877,0.0971,0.3547,0.2388,0.2639,0.4088,0.1738
601118,海南橡胶,210.12,False,4.91,5.5,1,2.05,-19.92,-9.94,-10.65,0.0,从未跌破（观测期内）,2026-07-03,26.2,0.4884,-0.3992,0.5263,0.3334,0.3601,0.1228,0.1738
003005,竞业达,17.28,False,13.61,14.18,0,-4.02,-12.31,-7.46,-4.05,0.0,从未跌破（观测期内）,2026-07-03,31.98,-0.3001,-0.3461,0.3573,0.0616,0.4884,0.4045,0.1737
002149,西部材料,241.38,False,49.45,55.52,0,-3.44,-18.23,-9.46,-10.94,0.0,从未跌破（观测期内）,2026-07-03,30.18,0.4202,-0.29,0.7215,0.3361,0.4484,0.0,0.1737
603881,数据港,217.32,True,25.21,26.57,0,-3.65,-15.97,-8.65,-5.11,0.0,从未跌破（观测期内）,2026-07-03,47.65,-0.0362,-0.4482,0.5965,0.0207,0.8367,0.0059,0.1734
000995,皇台酒业,17.72,False,9.99,10.48,0,-4.69,-17.23,-12.74,-4.69,0.0,从未跌破（观测期内）,2026-07-03,35.59,0.1746,-0.5718,0.467,0.1047,0.5687,0.2217,0.1732
600506,统一股份,36.2,False,14.5,15.47,0,-2.76,-14.33,-8.44,-6.29,0.0,从未跌破（观测期内）,2026-07-03,34.97,-0.1856,-0.0471,0.5329,0.1812,0.5548,0.1118,0.173
603871,嘉友国际,151.99,False,11.11,11.19,7,4.53,-10.14,-2.84,-0.74,0.0324,从未跌破（观测期内）,2026-07-03,32.9,0.0677,-0.5174,0.4101,0.0406,0.5089,0.3165,0.1724
600956,新天绿能,164.84,False,7.02,7.66,2,8.9,-16.07,-8.58,-8.36,0.0,从未跌破（观测期内）,2026-07-03,12.43,0.8382,-0.8612,0.4565,0.5029,0.054,0.2392,0.1724
603108,润达医疗,57.44,False,9.5,10.14,0,-6.29,-21.09,-13.84,-6.29,0.0,从未跌破（观测期内）,2026-07-03,35.82,0.0714,-0.242,0.5155,0.1461,0.5738,0.1409,0.1724
002128,电投能源,550.31,False,24.55,25.66,1,1.4,-16.03,-8.75,-4.32,0.0,从未跌破（观测期内）,2026-07-03,35.4,0.1864,-0.3807,0.5223,0.1596,0.5645,0.1295,0.1722
000819,岳阳兴长,43.63,False,11.92,12.84,0,-7.19,-15.25,-9.94,-7.19,0.0,从未跌破（观测期内）,2026-07-03,26.54,0.1775,-0.1592,0.4485,0.2428,0.3675,0.2525,0.1721
000560,我爱我家,49.57,False,2.12,2.24,0,-5.15,-16.08,-11.73,-5.15,0.0,从未跌破（观测期内）,2026-07-03,26.67,-0.0507,-0.1935,0.3326,0.1226,0.3704,0.4457,0.1716
600665,天地源,26.87,False,3.11,3.46,14,19.62,-17.68,0.03,-10.21,0.0,从未跌破（观测期内）,2026-07-03,22.84,0.6444,-0.3208,0.8107,0.4583,0.2853,0.0,0.1716
002640,跨境通,47.38,False,3.06,3.33,0,-0.8,-13.77,-8.15,-8.12,0.0,从未跌破（观测期内）,2026-07-03,35.33,0.2801,-0.5303,0.5326,0.1681,0.563,0.1123,0.1715
000158,常山北明,204.68,False,12.89,14.13,0,-0.73,-13.58,-6.98,-8.79,0.0,从未跌破（观测期内）,2026-07-03,17.27,0.4544,0.0547,0.5381,0.4945,0.1615,0.1031,0.1714
003022,联泓新科,308.65,False,23.13,25.92,12,12.99,-10.75,1.79,-10.75,0.0,从未跌破（观测期内）,2026-07-03,39.25,0.0135,-0.1687,0.5751,0.1406,0.65,0.0416,0.1714
600602,云赛智联,172.0,True,16.01,17.08,1,1.18,-16.45,-8.5,-6.25,0.0,从未跌破（观测期内）,2026-07-03,40.96,0.0613,-0.542,0.5023,0.0368,0.688,0.1628,0.1712
000910,大亚圣象,29.38,False,5.37,5.63,0,-3.2,-12.09,-7.92,-4.64,0.0,从未跌破（观测期内）,2026-07-03,29.46,-0.0836,-0.3507,0.3213,0.0597,0.4324,0.4645,0.1711
002700,万憬能源,14.35,False,6.68,7.89,13,19.74,-23.82,1.39,-15.3,0.0,从未跌破（观测期内）,2026-07-03,34.32,0.4202,-0.7561,0.9552,0.2521,0.5404,0.0,0.1711
603927,中科软,106.87,False,12.86,13.84,0,-2.08,-12.76,-6.43,-7.06,0.0,从未跌破（观测期内）,2026-07-03,23.53,-0.4589,-0.0336,0.3454,0.1866,0.3007,0.4243,0.1704
600438,通威股份,531.23,False,11.8,12.85,0,-3.91,-15.9,-9.01,-8.18,0.0,从未跌破（观测期内）,2026-07-03,21.89,-0.0081,0.3051,0.4518,0.322,0.2643,0.2471,0.1704
605056,咸亨国际,66.8,False,16.56,17.45,0,-5.11,-16.48,-12.69,-5.11,0.0,从未跌破（观测期内）,2026-07-03,36.08,-0.0826,-0.5145,0.3828,0.0,0.5795,0.362,0.1702
002462,嘉事堂,33.11,False,11.36,12.48,4,1.33,-16.44,-5.88,-8.94,0.0,从未跌破（观测期内）,2026-07-03,27.4,0.5348,-0.4925,0.5555,0.3239,0.3867,0.0742,0.1694
002160,常铝股份,39.06,False,3.79,4.2,1,3.74,-16.39,-7.37,-9.68,0.0,从未跌破（观测期内）,2026-07-03,36.84,0.3343,-0.6068,0.6676,0.2006,0.5965,0.0,0.1694
601992,金隅集团,115.84,False,1.39,1.46,0,-1.02,-10.8,-5.61,-4.66,0.0,从未跌破（观测期内）,2026-07-03,24.0,0.0641,-0.4082,0.2475,0.0751,0.3111,0.5875,0.1691
001233,海安集团,17.41,False,46.16,48.04,0,-0.25,-13.14,-6.77,-3.91,0.0,从未跌破（观测期内）,2026-07-03,31.46,0.2823,-0.3643,0.5291,0.2237,0.4769,0.1181,0.169
603027,千禾味业,88.6,False,7.09,7.52,4,2.38,-8.45,-3.23,-5.68,0.0,从未跌破（观测期内）,2026-07-03,22.78,-0.3355,-0.2428,0.2547,0.1029,0.2841,0.5755,0.1689
603212,赛伍技术,54.38,True,12.43,14.13,11,9.71,-24.09,-5.02,-12.05,0.0,从未跌破（观测期内）,2026-07-03,27.92,0.5935,-0.6969,0.8835,0.3561,0.3982,0.0,0.1687
002825,纳尔股份,21.53,False,8.39,8.9,0,-4.1,-13.17,-8.75,-5.68,0.0,从未跌破（观测期内）,2026-07-03,29.72,-0.0903,-0.2117,0.3917,0.1153,0.4382,0.3472,0.1685
600530,交大昂立,44.17,False,5.7,5.73,0,-0.51,-17.18,-11.05,-0.51,0.0,从未跌破（观测期内）,2026-07-03,41.76,0.1816,-0.5235,0.6085,0.1089,0.7058,0.0,0.1684
000037,深南电A,30.54,False,9.01,10.16,10,8.79,-18.64,-4.82,-11.35,0.0,从未跌破（观测期内）,2026-07-03,19.22,0.848,-0.8445,0.6584,0.5088,0.2049,0.0,0.1682
001289,龙源电力,795.11,False,15.77,16.93,5,7.68,-10.24,-3.74,-6.83,0.0,从未跌破（观测期内）,2026-07-03,35.11,0.1857,-0.336,0.5505,0.177,0.558,0.0825,0.1682
600722,金牛化工,56.53,False,8.31,9.12,0,-0.52,-14.94,-10.68,-8.92,0.0,从未跌破（观测期内）,2026-07-03,22.1,0.5466,-0.1757,0.7041,0.4577,0.2689,0.0,0.1682
600566,济川药业,206.41,False,22.47,24.35,0,-0.72,-10.77,-4.38,-7.72,0.0,从未跌破（观测期内）,2026-07-03,30.66,-0.5904,-0.0642,0.4708,0.1743,0.4592,0.2153,0.1677
600188,兖矿能源,1061.12,False,17.8,20.48,8,24.35,-18.78,-5.19,-13.11,0.0,从未跌破（观测期内）,2026-07-03,15.53,0.6527,-0.4079,0.459,0.4285,0.1229,0.235,0.1669
603517,ST绝味,64.18,False,10.59,10.93,1,1.99,-20.6,-10.27,-3.08,0.0,从未跌破（观测期内）,2026-07-03,33.79,-0.3817,-0.1964,0.4773,0.1214,0.5286,0.2046,0.1668
600307,酒钢宏兴,88.31,False,1.41,1.49,0,-2.0,-8.74,-5.2,-5.53,0.0,从未跌破（观测期内）,2026-07-03,23.33,-0.1157,-0.2381,0.2746,0.1048,0.2963,0.5423,0.1668
000980,众泰汽车,101.35,True,2.01,2.19,0,-2.82,-15.58,-10.38,-8.32,0.0,从未跌破（观测期内）,2026-07-03,38.24,0.0084,-0.1699,0.5723,0.1371,0.6275,0.0461,0.1667
603039,泛微网络,107.34,True,34.89,39.69,9,20.18,-19.96,-1.67,-12.1,0.0,从未跌破（观测期内）,2026-07-03,22.54,0.7388,-0.5091,0.8061,0.4433,0.2786,0.0,0.1665
001203,大中矿业,412.16,False,31.56,34.66,4,9.55,-18.95,-8.23,-8.94,0.0,从未跌破（观测期内）,2026-07-03,24.61,-0.0416,0.5866,0.8466,0.4,0.3246,0.0,0.1649
601998,中信银行,2849.33,False,6.99,7.32,7,3.07,-6.29,-1.73,-4.5,0.0101,从未跌破（观测期内）,2026-07-03,26.21,0.1186,-0.4749,0.3278,0.0812,0.3602,0.4537,0.1644
603878,武进不锈,29.46,False,5.25,5.75,0,-3.15,-15.67,-10.48,-8.73,0.0,从未跌破（观测期内）,2026-07-03,22.92,0.0329,0.2896,0.5091,0.3356,0.287,0.1515,0.164
600569,安阳钢铁,48.54,False,1.69,1.76,0,-0.9,-9.37,-4.66,-4.22,0.0,从未跌破（观测期内）,2026-07-03,25.0,-0.1016,-0.306,0.2885,0.0776,0.3333,0.5191,0.1639
002639,雪人集团,89.97,False,13.64,14.23,0,-1.3,-13.53,-6.42,-4.14,0.0,从未跌破（观测期内）,2026-07-03,42.83,0.0577,-0.4946,0.5661,0.0368,0.7296,0.0564,0.1636
600675,中华企业,128.18,False,2.12,2.24,0,-0.52,-9.81,-5.27,-5.42,0.0,从未跌破（观测期内）,2026-07-03,21.57,-0.222,-0.1316,0.2998,0.1473,0.2571,0.5003,0.1633
600568,ST中珠,39.39,False,2.36,2.41,7,6.99,-18.35,-3.92,-1.97,0.0,从未跌破（观测期内）,2026-07-03,41.0,-0.3491,-0.4428,0.5213,0.0229,0.6889,0.1311,0.1632
600446,金证股份,98.46,False,10.46,11.29,0,-3.81,-15.07,-9.28,-7.34,0.0,从未跌破（观测期内）,2026-07-03,39.69,-0.0043,-0.1889,0.6806,0.1244,0.6598,0.0,0.1631
600229,城市传媒,31.71,False,4.8,5.22,3,7.24,-13.59,-6.79,-8.09,0.0,从未跌破（观测期内）,2026-07-03,13.99,0.6186,0.0241,0.7436,0.5808,0.0887,0.0,0.1629
002259,升达林业,29.79,False,3.96,4.22,0,-6.26,-14.1,-10.07,-6.26,0.0,从未跌破（观测期内）,2026-07-03,19.32,0.0127,-0.0804,0.2896,0.1755,0.2071,0.5173,0.1629
603396,金辰股份,36.86,False,26.61,27.98,0,-4.88,-14.17,-9.28,-4.88,0.0,从未跌破（观测期内）,2026-07-03,22.0,-0.2629,-0.1733,0.2933,0.1307,0.2667,0.5111,0.1627
600657,信达地产,67.3,False,2.36,2.55,0,-1.63,-11.88,-6.4,-7.6,0.0,从未跌破（观测期内）,2026-07-03,24.0,-0.0783,-0.0454,0.3805,0.1818,0.3111,0.3658,0.1626
601908,京运通,72.44,False,3.0,3.23,0,-4.08,-14.07,-9.0,-7.25,0.0,从未跌破（观测期内）,2026-07-03,32.35,-0.1259,-0.2837,0.4338,0.0865,0.4967,0.277,0.1625
000151,中成股份,32.61,False,10.59,12.56,11,15.08,-18.21,-1.47,-15.67,0.0,从未跌破（观测期内）,2026-07-03,22.76,0.7037,-0.6224,0.6927,0.4222,0.2836,0.0,0.1623
603336,宏辉果蔬,48.27,False,7.93,8.27,0,-2.36,-22.28,-13.77,-4.08,0.0,从未跌破（观测期内）,2026-07-03,36.66,-0.0821,-0.1617,0.5613,0.1353,0.5924,0.0644,0.162
000656,*ST金科,98.64,False,1.3,1.29,3,2.35,-18.51,-6.22,0.62,0.0,从未跌破（观测期内）,2026-07-03,46.43,-0.6144,-0.9203,0.6559,0.0,0.8095,0.0,0.1619
002943,宇晶股份,84.13,False,44.55,50.3,0,-3.81,-17.8,-10.45,-11.43,0.0,从未跌破（观测期内）,2026-07-03,42.08,-0.4547,-0.3078,0.8842,0.0769,0.7129,0.0,0.1618
603069,海汽集团,41.11,False,13.01,13.6,0,-4.37,-15.95,-11.39,-4.37,0.0,从未跌破（观测期内）,2026-07-03,26.92,0.0409,-0.4636,0.2934,0.0391,0.3761,0.511,0.1616
600496,XD精工钢,65.28,False,3.28,3.41,0,-0.15,-12.22,-7.13,-3.94,0.0,从未跌破（观测期内）,2026-07-03,28.75,-0.2853,-0.3917,0.331,0.0433,0.4167,0.4483,0.1614
600191,华资实业,44.57,False,9.19,10.45,9,6.15,-14.5,-3.8,-12.04,0.0,从未跌破（观测期内）,2026-07-03,26.27,-0.1679,0.2385,0.54,0.2954,0.3616,0.1,0.1612
600986,浙文互联,101.74,False,6.84,7.63,0,-2.41,-15.53,-10.0,-10.39,0.0,从未跌破（观测期内）,2026-07-03,29.15,-0.0819,-0.314,0.3712,0.0744,0.4255,0.3813,0.1609
600463,空港股份,24.21,False,8.07,8.46,0,-4.66,-13.76,-9.48,-4.66,0.0,从未跌破（观测期内）,2026-07-03,30.04,0.0838,-0.6088,0.3658,0.0503,0.4454,0.3903,0.1602
603826,坤彩科技,156.92,True,23.95,28.89,3,3.46,-17.09,-8.07,-17.09,0.0,从未跌破（观测期内）,2026-07-03,19.71,0.04,0.2725,0.4651,0.333,0.2158,0.2248,0.1601
600737,中粮糖业,252.38,False,11.8,12.52,2,0.77,-20.58,-6.84,-5.72,0.0,从未跌破（观测期内）,2026-07-03,39.87,-0.2942,-0.2301,0.7918,0.108,0.6638,0.0,0.1598
000802,北京文化,25.83,False,3.61,4.07,0,-2.73,-20.89,-12.19,-11.24,0.0,从未跌破（观测期内）,2026-07-03,19.57,0.7762,-0.4949,0.6217,0.4678,0.2126,0.0,0.1595
001335,信凯科技,9.62,True,37.68,46.07,9,4.32,-18.22,-2.23,-18.22,0.0,从未跌破（观测期内）,2026-07-03,23.78,-0.3937,0.4777,0.6739,0.3911,0.3063,0.0,0.159
001896,豫能控股,240.62,False,15.77,19.46,15,31.01,-20.57,5.35,-18.97,0.0,从未跌破（观测期内）,2026-07-03,23.06,0.6731,-0.5587,0.8849,0.4039,0.2901,0.0,0.159
000807,云铝股份,777.51,True,22.42,24.77,1,0.39,-14.97,-9.3,-9.48,0.0,从未跌破（观测期内）,2026-07-03,28.81,-0.196,0.2528,0.6161,0.3011,0.4179,0.0,0.1589
002778,中晟高科,19.3,False,15.64,16.68,0,-3.57,-12.66,-7.53,-6.26,0.0,从未跌破（观测期内）,2026-07-03,35.71,0.0984,-0.5186,0.481,0.059,0.5714,0.1983,0.1588
601996,丰林集团,24.1,False,2.15,2.39,0,-1.6,-16.28,-9.36,-10.08,0.0,从未跌破（观测期内）,2026-07-03,16.67,0.5552,-0.1792,0.5459,0.4615,0.1481,0.0902,0.1585
002474,榕基软件,30.99,True,5.86,6.43,0,-1.68,-15.78,-8.56,-8.89,0.0,从未跌破（观测期内）,2026-07-03,20.87,0.49,-0.6172,0.4567,0.294,0.2416,0.2389,0.1577
002677,浙江美大,34.36,False,6.23,6.25,0,-0.32,-15.04,-9.58,-0.32,0.0,从未跌破（观测期内）,2026-07-03,36.23,-0.4324,-0.3384,0.5007,0.0646,0.5829,0.1656,0.1576
603418,友升股份,19.34,False,46.75,48.75,5,4.85,-13.45,-3.55,-4.11,0.0,从未跌破（观测期内）,2026-07-03,42.44,-0.1325,-0.7108,0.547,0.0,0.7209,0.0884,0.1574
600505,西昌电力,40.14,False,11.01,12.76,11,11.63,-19.73,-3.9,-13.7,0.0,从未跌破（观测期内）,2026-07-03,15.0,0.8463,-0.4173,0.6649,0.5408,0.1111,0.0,0.1574
600981,苏豪汇鸿,52.02,False,2.32,2.49,6,6.8,-12.59,-3.49,-6.71,0.0,从未跌破（观测期内）,2026-07-03,21.33,0.6639,-0.6371,0.5705,0.3983,0.2519,0.0492,0.1573
002453,华软科技,27.84,True,4.62,5.02,0,-1.81,-15.3,-9.43,-7.94,0.0,从未跌破（观测期内）,2026-07-03,37.08,-0.2746,-0.1329,0.6549,0.1468,0.6019,0.0,0.1571
600730,*ST高科,71.34,False,12.16,11.97,4,15.07,-20.48,-6.31,1.55,0.0,从未跌破（观测期内）,2026-07-03,38.17,0.1468,-0.404,0.6564,0.1265,0.626,0.0,0.1568
600791,京能置业,36.68,False,8.11,10.81,2,4.66,-30.68,-17.91,-24.96,0.0,从未跌破（观测期内）,2026-07-03,22.73,-0.282,0.6458,0.9651,0.4,0.283,0.0,0.1566
603202,天有为,26.09,False,51.95,58.28,2,1.31,-19.55,-8.27,-10.87,0.0,从未跌破（观测期内）,2026-07-03,16.44,-0.4208,1.3346,0.4918,0.4,0.1431,0.1803,0.1557
603808,歌力思,29.17,False,8.02,8.42,0,-1.43,-12.58,-6.69,-4.77,0.0,从未跌破（观测期内）,2026-07-03,24.41,0.1163,-0.5409,0.305,0.0698,0.3203,0.4917,0.1553
002244,滨江集团,220.88,False,8.01,8.41,0,-4.41,-16.88,-10.43,-4.72,0.0,从未跌破（观测期内）,2026-07-03,25.29,-0.2283,-0.1957,0.3737,0.1217,0.3398,0.3772,0.155
600595,中孚实业,236.87,False,5.91,6.2,1,3.45,-15.8,-7.93,-4.64,0.0,从未跌破（观测期内）,2026-07-03,34.08,0.0939,-0.163,0.6378,0.1911,0.5352,0.0,0.1548
605566,福莱蒽特,42.48,False,31.86,42.95,14,21.39,-25.82,2.84,-25.82,0.0,从未跌破（观测期内）,2026-07-03,27.18,0.3826,-0.2898,0.8956,0.3136,0.3817,0.0,0.1547
002331,皖通科技,29.13,True,7.22,7.99,0,-3.34,-11.46,-7.01,-9.64,0.0,从未跌破（观测期内）,2026-07-03,24.37,-0.1949,-0.3033,0.3183,0.0787,0.3192,0.4695,0.1539
603299,苏盐井神,70.4,False,9.02,9.36,1,0.01,-8.54,-4.24,-3.62,0.0,从未跌破（观测期内）,2026-07-03,21.57,-0.0271,-0.4047,0.233,0.0381,0.2571,0.6116,0.1527
000752,*ST西发,20.97,False,7.95,8.58,4,2.32,-13.59,-3.56,-7.32,0.0,从未跌破（观测期内）,2026-07-03,30.16,-0.2937,-0.2731,0.4405,0.0908,0.448,0.2658,0.1521
002467,二六三,62.46,False,4.57,5.04,0,-4.07,-14.62,-9.45,-9.41,0.0,从未跌破（观测期内）,2026-07-03,30.14,0.0563,-0.3889,0.4292,0.0782,0.4475,0.2847,0.1518
600736,苏州高新,76.56,False,6.65,7.27,8,6.18,-11.54,-3.33,-8.52,0.0,从未跌破（观测期内）,2026-07-03,11.38,0.7915,-0.4593,0.5087,0.4912,0.0306,0.1522,0.1517
600163,中闽能源,97.62,False,5.13,5.58,2,7.74,-17.69,-9.8,-8.07,0.0,从未跌破（观测期内）,2026-07-03,13.33,0.9087,-0.7369,0.6239,0.5452,0.0741,0.0,0.1511
600152,维科技术,49.42,True,9.34,10.61,1,4.73,-14.32,-8.18,-11.98,0.0,从未跌破（观测期内）,2026-07-03,39.64,0.1257,-0.581,0.7101,0.0754,0.6587,0.0,0.1506
600692,亚通股份,14.43,False,5.66,6.0,0,-5.6,-12.26,-9.58,-5.6,0.0,从未跌破（观测期内）,2026-07-03,22.86,-0.5354,-0.2321,0.3344,0.1072,0.2857,0.4427,0.1503
002131,利欧股份,264.64,False,4.52,5.14,0,-5.24,-13.82,-10.37,-12.05,0.0,从未跌破（观测期内）,2026-07-03,21.9,-0.3256,-0.2305,0.3188,0.1078,0.2644,0.4686,0.1501
600383,金地集团,98.87,False,2.19,2.35,0,-4.65,-14.13,-8.46,-6.71,0.0,从未跌破（观测期内）,2026-07-03,25.0,-0.6935,-0.2982,0.3494,0.0807,0.3333,0.4176,0.1495
002647,仁东控股,110.97,False,10.93,11.3,4,4.36,-12.05,-4.18,-3.25,0.0,从未跌破（观测期内）,2026-07-03,42.94,0.0209,-0.5202,0.6852,0.0126,0.732,0.0,0.1495
600575,淮河能源,120.47,False,3.1,3.55,5,9.12,-13.85,-5.05,-12.77,0.0,从未跌破（观测期内）,2026-07-03,4.12,0.6643,-0.6408,0.4016,0.3986,0.0,0.3306,0.1492
600577,精达股份,209.28,False,9.69,10.76,0,-6.59,-19.28,-12.65,-9.91,0.0,从未跌破（观测期内）,2026-07-03,25.78,-0.3972,0.289,0.5992,0.3156,0.3507,0.0013,0.1492
002719,ST麦趣,10.13,False,6.26,6.66,0,-1.07,-19.67,-8.1,-5.94,0.0,从未跌破（观测期内）,2026-07-03,33.1,-0.549,-0.2966,0.4958,0.0814,0.5132,0.1736,0.149
000766,通化金马,169.53,False,17.55,23.38,12,8.53,-24.95,-2.21,-24.95,0.0,从未跌破（观测期内）,2026-07-03,20.99,-0.3483,1.2566,0.7277,0.4,0.2442,0.0,0.1488
002229,鸿博股份,51.19,False,10.38,12.17,0,-1.15,-22.27,-12.19,-14.71,0.0,从未跌破（观测期内）,2026-07-03,22.66,0.5976,-0.6345,0.5894,0.3586,0.2813,0.0177,0.1486
600778,友好集团,16.12,False,5.18,5.38,0,-3.81,-14.25,-9.1,-3.81,0.0,从未跌破（观测期内）,2026-07-03,29.5,-0.3406,-0.387,0.3981,0.0452,0.4333,0.3364,0.1484
000899,赣能股份,97.18,False,9.96,11.22,3,10.27,-19.35,-8.72,-11.26,0.0,从未跌破（观测期内）,2026-07-03,15.4,0.7796,-0.7699,0.5718,0.4678,0.1201,0.0471,0.148
002946,新乳业,124.54,False,14.64,15.37,0,-0.42,-15.19,-6.72,-4.73,0.0,从未跌破（观测期内）,2026-07-03,34.09,-0.6689,-0.2575,0.5333,0.097,0.5354,0.1112,0.148
600389,江山股份,84.71,False,19.67,21.67,0,-2.89,-15.27,-8.58,-9.22,0.0,从未跌破（观测期内）,2026-07-03,25.94,-0.7296,0.0625,0.5198,0.225,0.3541,0.1337,0.1471
001979,招商蛇口,559.5,False,6.65,7.35,0,-2.2,-17.41,-10.07,-9.46,0.0,从未跌破（观测期内）,2026-07-03,11.28,-0.4205,0.1634,0.3028,0.2653,0.0285,0.4953,0.1463
605136,丽人丽妆,29.83,False,7.45,7.86,0,-5.27,-15.04,-11.41,-5.27,0.0,从未跌破（观测期内）,2026-07-03,25.44,-0.029,-0.4637,0.3085,0.0145,0.3432,0.4858,0.1451
603103,横店影视,94.94,False,14.97,17.23,6,10.48,-25.61,-12.43,-13.09,0.0,从未跌破（观测期内）,2026-07-03,17.09,0.7563,-0.5424,0.7464,0.4538,0.1576,0.0,0.145
000796,凯撒旅业,52.03,False,3.91,4.16,0,-2.53,-12.35,-6.74,-6.0,0.0,从未跌破（观测期内）,2026-07-03,22.83,-0.0653,-0.2976,0.3298,0.081,0.285,0.4504,0.1448
002862,实丰文化,17.11,False,13.31,14.12,0,-5.76,-14.65,-10.68,-5.76,0.0,从未跌破（观测期内）,2026-07-03,26.81,0.0252,-0.6316,0.3371,0.0151,0.3735,0.4382,0.1442
603116,红蜻蜓,35.03,False,6.08,6.4,0,-2.52,-14.29,-7.32,-5.01,0.0,从未跌破（观测期内）,2026-07-03,36.27,-0.1785,-0.2313,0.615,0.1075,0.5838,0.0,0.1436
600598,北大荒,201.77,False,11.35,12.75,0,-1.1,-22.33,-8.83,-10.99,0.0,从未跌破（观测期内）,2026-07-03,17.15,-0.7481,0.462,0.541,0.3848,0.1589,0.0984,0.1427
002947,恒铭达,145.18,False,73.21,83.01,2,1.59,-16.98,-5.29,-11.8,0.0,从未跌破（观测期内）,2026-07-03,35.67,-0.0215,-0.2276,0.6389,0.109,0.5704,0.0,0.1413
603619,中曼石油,88.58,False,19.16,21.8,0,-3.44,-20.63,-11.98,-12.11,0.0,从未跌破（观测期内）,2026-07-03,8.96,0.2798,0.1035,0.4464,0.4093,0.0,0.256,0.1407
603303,得邦照明,118.09,False,24.76,28.71,14,24.88,-21.97,6.49,-13.77,0.0407,从未跌破（观测期内）,2026-07-03,21.19,0.1431,0.0204,0.8062,0.294,0.2487,0.0,0.1395
601825,沪农商行,706.83,False,7.54,8.11,7,3.24,-9.23,-2.69,-6.98,0.0,从未跌破（观测期内）,2026-07-03,15.76,-0.6788,-0.1698,0.279,0.1321,0.1279,0.5349,0.1389
002416,爱施德,111.25,False,9.09,10.05,4,2.39,-13.66,-6.4,-9.53,0.0,从未跌破（观测期内）,2026-07-03,10.59,0.3169,0.1133,0.4906,0.4354,0.0131,0.1823,0.1388
600573,惠泉啤酒,23.48,False,9.39,10.86,3,7.28,-22.8,-9.73,-13.52,0.0,从未跌破（观测期内）,2026-07-03,12.82,0.8338,-0.6669,0.71,0.5003,0.0627,0.0,0.1376
603586,金麒麟,26.35,False,13.44,15.34,9,10.58,-24.99,-7.95,-12.36,0.0,从未跌破（观测期内）,2026-07-03,23.23,0.2492,-0.0932,0.6613,0.3122,0.2939,0.0,0.1368
603955,大千生态,27.33,False,20.14,21.92,3,5.21,-14.03,-5.8,-8.11,0.0,从未跌破（观测期内）,2026-07-03,18.49,0.3993,-0.2908,0.5269,0.3233,0.1888,0.1219,0.1368
605338,巴比食品,43.41,False,18.12,18.78,1,0.37,-13.89,-6.39,-3.5,0.0,从未跌破（观测期内）,2026-07-03,32.1,-0.3129,-0.4176,0.4801,0.033,0.4911,0.1998,0.1364
601858,中国科传,140.79,False,17.81,19.9,0,-10.1,-18.38,-13.61,-10.52,0.0,从未跌破（观测期内）,2026-07-03,17.68,-0.0188,0.1135,0.4434,0.2454,0.1706,0.261,0.1346
601718,ST际华,72.83,False,1.67,1.69,0,-1.07,-21.14,-12.68,-1.07,0.0,从未跌破（观测期内）,2026-07-03,39.71,-0.5133,-0.9264,0.59,0.0,0.6601,0.0166,0.1345
600088,中视传媒,44.82,False,11.27,12.52,0,-0.74,-18.31,-11.97,-10.01,0.0,从未跌破（观测期内）,2026-07-03,13.94,0.7481,-0.7253,0.5812,0.4488,0.0875,0.0313,0.1344
003027,同兴科技,18.37,True,17.52,19.04,0,-2.44,-16.08,-9.85,-8.01,0.0,从未跌破（观测期内）,2026-07-03,30.5,-0.3428,-0.2217,0.5403,0.1113,0.4556,0.0995,0.1339
001328,登康口腔,43.97,False,27.19,27.72,4,4.93,-11.87,-3.6,-1.92,0.0,从未跌破（观测期内）,2026-07-03,33.1,-0.3108,-0.4927,0.4784,0.0029,0.5134,0.2026,0.1338
601088,中国神华,6711.85,False,40.7,42.97,7,8.91,-13.22,-5.01,-5.28,0.0,从未跌破（观测期内）,2026-07-03,24.24,-0.0923,-0.3657,0.3747,0.0537,0.3165,0.3756,0.1331
000875,电投绿能,172.13,False,5.15,5.64,0,-0.2,-15.63,-9.93,-8.75,0.0,从未跌破（观测期内）,2026-07-03,11.4,0.3905,-0.4547,0.3448,0.2524,0.0312,0.4253,0.1331
603721,中广天择,22.89,False,17.61,19.81,4,3.35,-19.53,-10.97,-11.11,0.0,从未跌破（观测期内）,2026-07-03,33.89,-0.2124,-0.2347,0.6947,0.1061,0.5308,0.0,0.1327
002853,皮阿诺,25.68,False,19.95,21.97,0,-5.25,-14.28,-9.38,-9.18,0.0,从未跌破（观测期内）,2026-07-03,17.27,-0.2406,-0.1144,0.3557,0.1542,0.1616,0.4072,0.132
001332,锡装股份,24.06,False,35.8,42.99,4,12.68,-17.34,-5.7,-16.73,0.0,从未跌破（观测期内）,2026-07-03,14.09,0.6221,-0.3942,0.5615,0.4156,0.0909,0.0641,0.1317
001207,联科科技,44.65,True,15.26,16.7,0,-4.03,-14.49,-8.49,-8.62,0.0,从未跌破（观测期内）,2026-07-03,30.16,-0.1539,-0.4287,0.463,0.0285,0.448,0.2283,0.131
002789,*ST建艺,18.37,False,11.74,12.88,7,11.91,-13.51,-2.49,-8.82,0.0,从未跌破（观测期内）,2026-07-03,36.31,-0.0255,-0.3771,0.6195,0.0492,0.5847,0.0,0.1292
002178,延华智能,31.89,True,4.48,4.95,0,-0.96,-15.64,-9.31,-9.52,0.0,从未跌破（观测期内）,2026-07-03,20.69,0.0769,-0.2465,0.4296,0.1475,0.2375,0.284,0.127
000809,和展能源,26.56,False,3.22,3.6,1,5.62,-14.96,-7.36,-10.53,0.0,从未跌破（观测期内）,2026-07-03,11.19,0.7604,-0.6023,0.57,0.4562,0.0265,0.05,0.1269
600256,广汇能源,331.11,False,5.18,5.54,5,6.15,-20.42,-8.24,-6.48,0.0,从未跌破（观测期内）,2026-07-03,21.14,0.4319,-0.3906,0.601,0.3029,0.2475,0.0,0.1252
000036,华联控股,60.61,False,4.32,4.84,0,-0.1,-11.64,-6.33,-10.65,0.0,从未跌破（观测期内）,2026-07-03,16.39,-0.2287,-0.11,0.3785,0.156,0.1421,0.3692,0.1228
601777,千里科技,368.47,True,8.15,9.02,0,-7.7,-17.92,-12.11,-9.63,0.0,从未跌破（观测期内）,2026-07-03,17.13,-0.0464,0.1423,0.4953,0.2569,0.1585,0.1745,0.1221
601600,中国铝业,1099.84,False,8.33,9.44,1,5.04,-17.98,-10.03,-11.79,0.0,从未跌破（观测期内）,2026-07-03,19.35,0.2573,-0.159,0.5707,0.2908,0.2079,0.0488,0.1216
002568,百润股份,128.49,False,16.86,17.55,9,9.3,-21.35,-3.57,-3.95,0.0,从未跌破（观测期内）,2026-07-03,33.24,0.1113,-0.5905,0.7888,0.0668,0.5164,0.0,0.12
001330,博纳影业,63.84,False,5.49,6.51,0,-6.35,-24.89,-16.0,-15.73,0.0,从未跌破（观测期内）,2026-07-03,26.49,0.1993,-0.3917,0.8318,0.1629,0.3664,0.0,0.114
000911,*ST广糖,16.53,False,4.13,4.4,1,1.65,-26.03,-14.08,-6.04,0.0,从未跌破（观测期内）,2026-07-03,30.81,-0.1417,-0.4753,0.5349,0.0099,0.4624,0.1086,0.1112
603919,金徽酒,80.91,False,15.95,17.65,2,9.2,-18.11,-7.05,-9.62,0.0,从未跌破（观测期内）,2026-07-03,27.57,0.0165,-0.6201,0.4898,0.0099,0.3904,0.1837,0.1081
605303,园林股份,35.28,False,21.88,26.94,8,10.43,-20.36,-3.23,-18.79,0.0,从未跌破（观测期内）,2026-07-03,32.72,0.0435,-0.6138,0.745,0.0261,0.5048,0.0,0.1075
601898,中煤能源,1159.56,False,12.67,14.19,4,5.19,-17.89,-8.18,-10.73,0.0,从未跌破（观测期内）,2026-07-03,18.49,0.2586,-0.4981,0.4791,0.1559,0.1887,0.2015,0.1069
603778,国晟科技,74.7,True,11.62,15.4,1,0.34,-27.26,-16.62,-24.54,0.0,从未跌破（观测期内）,2026-07-03,18.66,0.1552,-0.0641,0.9456,0.2675,0.1923,0.0,0.1053
002256,兆新股份,70.91,False,3.52,3.94,0,-3.13,-15.76,-8.18,-10.73,0.0,从未跌破（观测期内）,2026-07-03,18.0,0.3936,-0.5523,0.5657,0.2362,0.1778,0.0571,0.1032
603377,ST东时,21.4,False,2.96,3.22,4,5.56,-19.85,-7.02,-8.02,0.0,从未跌破（观测期内）,2026-07-03,28.28,-0.1976,-0.6695,0.5173,0.0,0.4061,0.1378,0.1019
001211,双枪科技,21.96,True,23.53,30.12,4,8.22,-24.08,-10.44,-21.87,0.0,从未跌破（观测期内）,2026-07-03,10.21,0.472,-0.1999,0.6549,0.4033,0.0048,0.0,0.1018
000403,派林生物,87.39,False,9.29,10.53,4,9.64,-22.46,-8.27,-11.75,0.0,从未跌破（观测期内）,2026-07-03,20.09,-0.2126,-0.0988,0.5329,0.1605,0.2243,0.1118,0.1018
600302,ST标准,29.13,False,8.42,9.29,8,10.2,-17.63,-5.45,-9.34,0.0,从未跌破（观测期内）,2026-07-03,20.2,0.1828,-0.3947,0.5316,0.1518,0.2267,0.114,0.1004
002547,*ST春兴,29.06,False,2.63,2.97,5,9.08,-25.69,-9.47,-11.58,0.0,从未跌破（观测期内）,2026-07-03,24.5,0.1402,-0.3614,0.6045,0.1396,0.3223,0.0,0.0993
001300,三柏硕,28.25,False,11.59,13.47,0,-2.39,-20.64,-12.16,-13.93,0.0,从未跌破（观测期内）,2026-07-03,10.15,-0.0671,0.144,0.4647,0.2576,0.0034,0.2254,0.0989
002514,*ST宝馨,12.19,False,2.2,2.87,2,8.46,-35.18,-21.07,-23.44,0.0,从未跌破（观测期内）,2026-07-03,22.02,0.1104,-0.2976,0.5728,0.1472,0.2672,0.0453,0.097
600903,XD贵州燃,79.15,False,6.8,7.91,2,6.32,-19.66,-9.4,-14.07,0.0,从未跌破（观测期内）,2026-07-03,27.36,0.0921,-0.4624,0.79,0.0703,0.3857,0.0,0.0947
001382,新亚电缆,10.33,False,16.39,18.38,1,3.24,-20.32,-8.22,-10.82,0.0,从未跌破（观测期内）,2026-07-03,15.26,-0.0513,-0.252,0.4212,0.0992,0.1168,0.298,0.0929
002969,嘉美包装,153.58,False,14.06,14.98,0,-6.12,-24.94,-13.71,-6.12,0.0,从未跌破（观测期内）,2026-07-03,18.08,0.3652,-0.5427,0.7346,0.2191,0.1796,0.0,0.0907
600714,金瑞矿业,51.87,False,18.0,24.92,4,15.54,-27.87,-10.07,-27.78,0.0,从未跌破（观测期内）,2026-07-03,12.81,-0.0385,0.2357,0.7761,0.2943,0.0623,0.0,0.086
600491,ST龙元,15.6,False,1.02,1.19,1,2.27,-25.45,-8.89,-14.61,0.0,从未跌破（观测期内）,2026-07-02,28.33,-0.1781,-0.9255,0.5963,0.0,0.4074,0.0062,0.0824
605196,华通线缆,133.82,False,26.5,31.26,1,2.07,-25.37,-14.8,-15.23,0.0,从未跌破（观测期内）,2026-07-03,13.68,0.0683,-0.3746,0.4806,0.0912,0.0817,0.199,0.069
600540,新赛股份,20.0,False,3.44,3.97,0,-5.1,-22.99,-12.64,-13.26,0.0,从未跌破（观测期内）,2026-07-03,14.58,0.0877,-0.4987,0.4661,0.0532,0.1019,0.2231,0.0671
603159,上海亚虹,24.78,False,17.7,22.97,7,5.19,-33.3,-10.18,-22.93,0.0,从未跌破（观测期内）,2026-07-03,16.83,-0.4132,-0.2381,0.8685,0.1048,0.1518,0.0,0.0566
002667,*ST威领,29.41,False,12.43,15.46,3,7.42,-36.53,-17.69,-19.61,0.0,从未跌破（观测期内）,2026-07-03,18.97,0.0394,-0.9369,0.6193,0.0237,0.1993,0.0,0.0458
