code,name,market_cap,is_tech,latest_close,latest_ma20,days_above_ma20,max_distance_above_ma20_pct,min_distance_above_ma20_pct,avg_distance_above_ma20_pct,latest_distance_above_ma20_pct,ma20_strength_score,last_breach_date,latest_date,rsi,volume_price_corr,volume_change_22d,volatility_20d,volume_price_score,rsi_score,volatility_score,composite_score,trend_score,trend_normalized,trend_phase,daily_trend_score,weekly_trend_score,monthly_trend_score
002768,国恩股份,155.18,True,60.01,52.53,20,19.92,-3.02,9.97,14.24,0.8174,2026-06-09,2026-07-08,67.4,0.8277,4.3491,0.5036,0.8966,0.7245,0.1606,0.7823,0.8641,0.9321,多周期共振看多 ⬆⬆⬆,0.848,0.6098,0.5625
002422,科伦药业,545.16,True,41.98,39.34,21,26.76,-1.1,7.92,6.7,0.6997,2026-06-26,2026-07-08,63.45,0.9399,1.4074,0.7602,0.9639,0.8122,0.0,0.7492,0.7974,0.8987,多周期共振看多 ⬆⬆⬆,0.782,0.5872,0.495
603261,立航科技,42.24,True,54.5,46.08,17,45.53,-7.61,15.8,18.28,0.7705,2026-06-11,2026-07-08,66.98,0.7308,12.2033,0.9193,0.8385,0.7338,0.0,0.7456,0.8936,0.9468,多周期共振看多 ⬆⬆⬆,0.7707,0.7408,0.5625
605208,永茂泰,58.37,True,17.69,15.98,20,10.7,-4.44,5.12,10.7,0.7271,2026-06-29,2026-07-08,64.73,0.6814,1.3429,0.5281,0.8088,0.7837,0.1198,0.745,0.8848,0.9424,多周期共振看多 ⬆⬆⬆,0.8345,0.6669,0.5625
002141,贤丰控股,57.84,True,5.6,4.71,18,47.92,-12.26,18.97,18.98,0.7864,2026-06-12,2026-07-08,63.31,0.8317,10.748,1.1772,0.899,0.8154,0.0,0.7432,0.6414,0.8207,多周期共振看多 ⬆⬆⬆,0.674,0.2694,0.5625
603991,领先股份,135.98,True,151.87,133.59,19,27.17,-12.55,10.27,13.68,0.8023,2026-06-10,2026-07-08,73.8,0.8004,2.1008,0.7697,0.8802,0.5823,0.0,0.7358,0.854,0.927,多周期共振看多 ⬆⬆⬆,0.7145,0.7021,0.5625
600360,华微电子,143.76,True,14.97,13.19,16,17.23,-9.42,6.32,13.46,0.6625,2026-06-16,2026-07-08,66.47,0.917,0.7138,0.8249,0.9502,0.7451,0.0,0.7341,0.868,0.934,多周期共振看多 ⬆⬆⬆,0.6943,0.75,0.5625
600172,黄河旋风,224.49,True,17.59,15.58,18,30.25,-6.25,11.08,12.93,0.7864,2026-06-15,2026-07-08,65.78,0.6038,0.382,0.9446,0.7151,0.7604,0.0,0.7242,0.8501,0.925,多周期共振看多 ⬆⬆⬆,0.713,0.6946,0.5625
002185,华天科技,716.7,True,21.57,19.94,17,19.89,-8.33,6.37,8.19,0.6343,2026-06-15,2026-07-08,60.57,0.8593,0.6424,0.7713,0.9156,0.8762,0.0,0.7237,0.7513,0.8757,多周期共振看多 ⬆⬆⬆,0.5385,0.6271,0.5625
002821,凯莱英,474.08,True,149.53,138.81,14,36.13,-6.63,10.87,7.72,0.6658,2026-06-17,2026-07-08,67.28,0.8858,1.1491,0.7858,0.9315,0.7272,0.0,0.7199,0.7983,0.8992,多周期共振看多 ⬆⬆⬆,0.548,0.7223,0.5625
603061,金海通,385.6,True,443.22,399.66,20,45.27,-6.84,16.2,10.9,0.8182,2026-06-09,2026-07-08,67.84,0.6576,0.1131,0.8072,0.6398,0.7146,0.0,0.7179,0.8987,0.9494,多周期共振看多 ⬆⬆⬆,0.773,0.75,0.5625
002653,海思科,0.0,True,65.93,58.82,14,45.23,-8.76,11.18,12.09,0.7227,2026-06-18,2026-07-08,68.55,0.9407,2.6263,0.8708,0.9644,0.6989,0.0,0.7177,0.6252,0.8126,多周期共振看多 ⬆⬆⬆,0.527,0.4273,0.495
002674,兴业科技,85.28,True,29.15,23.08,22,70.87,3.38,26.61,26.29,0.85,2026-05-12,2026-07-08,71.48,0.5033,3.5177,1.1527,0.702,0.6338,0.0,0.7172,0.8137,0.9068,多周期共振看多 ⬆⬆⬆,0.7955,0.544,0.5625
002990,盛视科技,96.32,True,69.79,63.05,16,42.8,-19.64,12.67,10.7,0.7545,2026-06-15,2026-07-08,68.03,0.5845,1.1224,0.8649,0.7507,0.7104,0.0,0.7092,0.8094,0.9047,多周期共振看多 ⬆⬆⬆,0.5765,0.7223,0.5625
002860,星帅尔,54.07,True,15.72,14.44,17,24.79,-8.42,5.02,8.83,0.6166,2026-06-12,2026-07-08,60.96,0.8579,0.6732,0.6482,0.9148,0.8675,0.0,0.7064,0.6666,0.8333,多周期共振看多 ⬆⬆⬆,0.6687,0.5544,0.3375
603269,海鸥股份,74.68,True,17.29,16.4,16,11.29,-2.98,3.07,5.44,0.4841,2026-07-03,2026-07-08,54.12,0.8325,1.3804,0.7416,0.8995,0.9805,0.0,0.7033,0.8493,0.9246,多周期共振看多 ⬆⬆⬆,0.6681,0.7315,0.5625
603726,朗迪集团,56.22,True,30.45,29.87,17,24.63,-12.05,6.82,1.94,0.4894,2026-06-12,2026-07-08,55.37,0.8315,0.5098,0.7642,0.8989,0.9918,0.0,0.7021,0.8139,0.9069,多周期共振看多 ⬆⬆⬆,0.6868,0.6375,0.5625
002371,北方华创,5817.7,True,802.32,765.84,19,30.77,-5.98,11.23,4.76,0.6714,2026-06-10,2026-07-08,63.39,0.594,0.8316,0.5763,0.7564,0.8135,0.0395,0.7018,0.785,0.8925,多周期共振看多 ⬆⬆⬆,0.5245,0.7131,0.5625
603155,新亚强,81.13,True,25.69,25.14,22,30.25,0.6,13.91,2.17,0.6542,2026-06-02,2026-07-08,51.81,0.4823,1.2534,1.1499,0.6894,0.9291,0.0,0.7017,0.8258,0.9129,多周期共振看多 ⬆⬆⬆,0.782,0.5821,0.5625
003043,华亚智能,91.9,True,98.45,89.03,22,30.27,7.1,17.91,10.58,0.85,2026-06-02,2026-07-08,64.76,0.4461,-0.0515,0.8549,0.447,0.7831,0.0,0.7005,0.9092,0.9546,多周期共振看多 ⬆⬆⬆,0.8,0.75,0.5625
600206,有研新材,456.97,True,53.98,49.3,20,68.64,-6.63,29.57,9.49,0.8055,2026-06-09,2026-07-08,64.3,0.3005,1.1331,1.048,0.5803,0.7933,0.0,0.7,0.7867,0.8933,多周期共振看多 ⬆⬆⬆,0.529,0.7131,0.5625
603065,宿迁联盛,91.8,True,21.91,17.43,22,68.7,12.98,41.74,25.72,0.85,2026-06-02,2026-07-08,73.32,0.4447,1.1575,0.9486,0.6668,0.5928,0.0,0.6996,0.7788,0.8894,多周期共振看多 ⬆⬆⬆,0.8515,0.4194,0.5625
002457,青龙管业,51.59,True,15.48,13.1,18,18.13,-4.35,4.12,18.13,0.6395,2026-06-30,2026-07-08,66.95,0.8404,1.614,0.7154,0.9043,0.7345,0.0,0.6992,0.7308,0.8654,多周期共振看多 ⬆⬆⬆,0.7835,0.5521,0.3825
000021,深科技,804.87,True,51.13,49.34,19,46.22,-6.54,14.62,3.62,0.6427,2026-06-12,2026-07-08,60.82,0.866,0.1967,0.8816,0.7983,0.8708,0.0,0.6987,0.7246,0.8623,多周期共振看多 ⬆⬆⬆,0.47,0.6271,0.5625
600366,宁波韵升,171.45,True,15.6,14.86,21,17.59,-1.1,8.75,4.97,0.6769,2026-06-08,2026-07-08,59.16,0.6457,1.2164,0.7766,0.7874,0.9075,0.0,0.6975,0.6066,0.8033,多周期共振看多 ⬆⬆⬆,0.746,0.4237,0.27
603661,恒林股份,59.34,True,42.67,37.19,19,15.58,-4.9,6.94,14.73,0.7257,2026-06-24,2026-07-08,67.51,0.5992,0.6228,0.8822,0.7595,0.7221,0.0,0.6959,0.7436,0.8718,多周期共振看多 ⬆⬆⬆,0.7692,0.4125,0.5625
000811,冰轮环境,490.18,True,50.1,45.16,17,49.99,-11.62,19.52,10.93,0.7705,2026-06-12,2026-07-08,68.86,0.483,1.0992,0.9529,0.6898,0.692,0.0,0.6936,0.7655,0.8827,多周期共振看多 ⬆⬆⬆,0.4423,0.7408,0.5625
002167,东方锆业,152.5,True,20.1,19.48,21,48.44,-2.16,22.52,3.18,0.6637,2026-06-08,2026-07-08,61.95,0.6296,0.2867,1.0997,0.6924,0.8455,0.0,0.6885,0.793,0.8965,多周期共振看多 ⬆⬆⬆,0.7775,0.514,0.5625
002137,实益达,46.46,True,11.72,10.56,18,17.99,-5.23,6.76,10.99,0.7054,2026-07-06,2026-07-08,62.34,0.3992,0.4916,0.8624,0.6361,0.8368,0.0,0.6881,0.7899,0.895,多周期共振看多 ⬆⬆⬆,0.8005,0.4875,0.5625
603928,兴业股份,55.74,True,16.36,13.06,13,29.59,-9.88,7.0,25.25,0.6317,2026-06-25,2026-07-08,68.9,0.8596,8.8319,0.9747,0.9157,0.691,0.0,0.6868,0.6838,0.8419,多周期共振看多 ⬆⬆⬆,0.6563,0.3778,0.5625
002559,亚威股份,60.73,True,12.05,11.71,16,39.24,-7.97,9.12,2.89,0.5548,2026-06-15,2026-07-08,58.01,0.671,1.006,0.9003,0.8026,0.933,0.0,0.6867,0.758,0.879,多周期共振看多 ⬆⬆⬆,0.6635,0.5348,0.5625
603268,松发股份,391.32,True,167.77,149.06,16,12.55,-5.11,3.03,12.55,0.5903,2026-07-01,2026-07-08,63.44,0.6624,1.1704,0.6276,0.7974,0.8125,0.0,0.6839,0.8035,0.9018,多周期共振看多 ⬆⬆⬆,0.5721,0.7131,0.5625
001339,智微智能,156.15,True,96.45,93.57,16,26.67,-7.6,8.83,3.08,0.5522,2026-06-15,2026-07-08,56.3,0.5955,1.9454,0.8383,0.7573,0.9711,0.0,0.683,0.7619,0.881,多周期共振看多 ⬆⬆⬆,0.433,0.7408,0.5625
600460,士兰微,768.97,True,46.21,44.78,19,35.24,-4.22,15.86,3.2,0.6323,2026-06-12,2026-07-08,61.25,0.7639,0.1766,0.7528,0.729,0.8612,0.0,0.6808,0.7289,0.8644,多周期共振看多 ⬆⬆⬆,0.5335,0.5821,0.5625
603211,晋拓股份,95.08,True,34.98,34.27,21,23.16,-0.81,9.93,2.06,0.634,2026-06-08,2026-07-08,53.55,0.2337,2.0928,0.9968,0.5402,0.9677,0.0,0.6796,0.8899,0.9449,多周期共振看多 ⬆⬆⬆,0.7505,0.75,0.5625
603757,大元泵业,130.79,True,70.11,64.69,14,32.08,-18.38,9.1,8.37,0.6595,2026-06-17,2026-07-08,65.06,0.5049,0.4561,1.0298,0.6854,0.7764,0.0,0.6796,0.8259,0.9129,多周期共振看多 ⬆⬆⬆,0.608,0.7315,0.5625
000970,中科三环,193.67,True,15.93,14.87,22,21.64,3.2,12.55,7.15,0.7861,2026-06-05,2026-07-08,59.12,0.2982,1.964,0.8582,0.5789,0.9084,0.0,0.6786,0.5261,0.7631,多周期共振看多 ⬆⬆⬆,0.7685,0.2275,0.27
603339,四方科技,47.87,True,15.47,13.94,14,16.47,-3.47,3.78,10.96,0.5673,2026-06-17,2026-07-08,66.46,0.9384,4.0805,0.6325,0.963,0.7453,0.0,0.6784,0.63,0.815,多周期共振看多 ⬆⬆⬆,0.5698,0.4013,0.495
003026,中晶科技,56.15,True,38.84,38.01,18,27.43,-6.69,9.58,2.19,0.5807,2026-07-07,2026-07-08,54.27,0.4072,0.9982,0.8754,0.6443,0.9839,0.0,0.6778,0.8174,0.9087,多周期共振看多 ⬆⬆⬆,0.5753,0.7408,0.5625
002409,雅克科技,605.19,True,190.0,173.62,20,54.21,-6.02,23.55,9.43,0.804,2026-06-09,2026-07-08,63.29,0.2294,0.3143,0.9987,0.4633,0.8158,0.0,0.6777,0.7719,0.886,多周期共振看多 ⬆⬆⬆,0.547,0.6652,0.5625
002415,海康威视,3107.44,True,34.35,32.75,16,9.95,-4.49,3.01,4.87,0.4712,2026-06-15,2026-07-08,60.62,0.8042,0.3945,0.4366,0.8403,0.8751,0.2723,0.6746,0.6536,0.8268,多周期共振看多 ⬆⬆⬆,0.451,0.4875,0.5625
603650,彤程新材,510.44,True,83.07,77.35,20,46.5,-7.64,19.04,7.39,0.7529,2026-06-09,2026-07-08,62.39,0.5548,0.0083,0.9382,0.5362,0.8358,0.0,0.6744,0.7274,0.8637,多周期共振看多 ⬆⬆⬆,0.488,0.6179,0.5625
002158,汉钟精机,178.05,True,33.37,33.22,16,19.41,-12.48,5.95,0.44,0.4144,2026-06-15,2026-07-08,56.1,0.9137,0.9109,0.6915,0.9482,0.9755,0.0,0.6736,0.7066,0.8533,多周期共振看多 ⬆⬆⬆,0.356,0.6854,0.5625
603380,易德龙,75.87,True,47.29,41.79,16,21.32,-8.8,6.91,13.15,0.6773,2026-06-15,2026-07-08,64.37,0.6596,0.38,0.8843,0.7477,0.7917,0.0,0.6724,0.6075,0.8037,多周期共振看多 ⬆⬆⬆,0.62,0.4662,0.3375
603669,灵康药业,43.02,True,6.04,5.38,22,24.95,4.42,13.48,12.16,0.85,2026-06-05,2026-07-08,78.77,0.4133,1.2928,0.4708,0.648,0.4717,0.2154,0.6712,0.5548,0.7774,多周期共振看多 ⬆⬆⬆,0.7145,0.2694,0.3375
605178,时空科技,97.89,True,98.8,84.28,14,53.64,-6.25,17.04,17.22,0.7227,2026-06-17,2026-07-08,71.4,0.7397,0.227,0.898,0.7346,0.6356,0.0,0.6696,0.684,0.842,多周期共振看多 ⬆⬆⬆,0.545,0.4737,0.5625
002643,万润股份,170.52,True,18.9,18.48,17,28.45,-15.98,10.22,2.29,0.5777,2026-06-12,2026-07-08,57.38,0.6111,0.2673,0.7057,0.6736,0.9472,0.0,0.6674,0.7386,0.8693,多周期共振看多 ⬆⬆⬆,0.6088,0.539,0.5625
002303,美盈森,39.06,True,4.04,3.83,17,26.41,-7.99,9.69,5.59,0.6526,2026-06-12,2026-07-08,59.37,0.6565,9.9428,0.714,0.7939,0.9028,0.0,0.667,0.4164,0.7082,多周期共振看多 ⬆⬆⬆,0.5727,0.1894,0.2349
603283,赛腾股份,239.01,True,67.8,65.95,19,36.97,-6.21,15.67,2.8,0.6222,2026-06-10,2026-07-08,57.06,0.3855,0.3395,0.7864,0.5671,0.9542,0.0,0.6666,0.7867,0.8933,多周期共振看多 ⬆⬆⬆,0.529,0.7131,0.5625
002536,飞龙股份,271.11,True,49.8,46.85,17,22.14,-11.63,7.07,6.3,0.6048,2026-06-12,2026-07-08,57.17,0.6155,0.0513,0.8817,0.5899,0.9517,0.0,0.6657,0.7879,0.894,多周期共振看多 ⬆⬆⬆,0.5105,0.7315,0.5625
001359,平安电工,64.4,True,106.81,107.76,18,51.7,-6.62,19.84,-0.88,0.5143,2026-07-08,2026-07-08,55.29,0.482,0.7236,0.9285,0.6892,0.9936,0.0,0.6644,0.786,0.893,多周期共振看多 ⬆⬆⬆,0.5058,0.7315,0.5625
002317,众生药业,197.79,True,25.97,24.08,13,22.74,-7.96,4.36,7.86,0.5125,2026-06-22,2026-07-08,66.31,0.8212,0.813,0.7795,0.8927,0.7487,0.0,0.6633,0.7498,0.8749,多周期共振看多 ⬆⬆⬆,0.5778,0.5902,0.5625
002077,大港股份,113.17,True,19.5,17.97,14,10.86,-11.56,2.19,8.54,0.491,2026-07-03,2026-07-08,63.5,0.7251,1.6795,0.5039,0.8351,0.8112,0.1601,0.6608,0.6706,0.8353,多周期共振看多 ⬆⬆⬆,0.3532,0.6087,0.5625
603950,长源东谷,277.33,True,85.63,73.6,13,27.09,-12.47,6.35,16.34,0.6156,2026-06-18,2026-07-08,69.55,0.5587,0.6282,0.9238,0.7352,0.6767,0.0,0.6606,0.8193,0.9097,多周期共振看多 ⬆⬆⬆,0.5803,0.7408,0.5625
600584,长电科技,1684.02,True,94.11,89.9,18,29.8,-7.73,10.09,4.69,0.6535,2026-06-15,2026-07-08,58.34,0.5351,0.0087,0.9642,0.5246,0.9257,0.0,0.6594,0.7562,0.8781,多周期共振看多 ⬆⬆⬆,0.4832,0.6854,0.5625
603690,至纯科技,123.74,True,32.31,31.78,17,25.15,-6.45,8.96,1.67,0.5362,2026-06-15,2026-07-08,61.42,0.8409,0.4747,0.6539,0.8944,0.8574,0.0,0.6588,0.5235,0.7617,多周期共振看多 ⬆⬆⬆,0.4243,0.4494,0.3375
603698,航天工程,212.31,True,39.61,36.45,14,30.83,-13.97,4.92,8.68,0.5629,2026-06-17,2026-07-08,64.31,0.7744,0.431,0.7732,0.837,0.7931,0.0,0.6582,0.6234,0.8117,多周期共振看多 ⬆⬆⬆,0.458,0.4151,0.5625
000725,京东方Ａ,2698.51,True,7.63,7.22,22,32.26,1.75,16.72,5.73,0.7432,2026-05-15,2026-07-08,60.79,0.663,-0.3964,0.8612,0.4392,0.8713,0.0,0.6579,0.7313,0.8657,多周期共振看多 ⬆⬆⬆,0.5425,0.5798,0.5625
002965,祥鑫科技,97.99,True,51.46,46.26,21,31.19,-0.95,15.54,11.25,0.8341,2026-06-10,2026-07-08,70.76,0.5247,-0.069,0.7161,0.4872,0.6498,0.0,0.6578,0.7012,0.8506,多周期共振看多 ⬆⬆⬆,0.791,0.5256,0.3375
000551,创元科技,85.38,True,17.62,17.46,13,28.07,-12.01,6.63,0.93,0.3958,2026-06-22,2026-07-08,60.79,0.8599,1.613,0.7543,0.916,0.8713,0.0,0.6554,0.7825,0.8912,多周期共振看多 ⬆⬆⬆,0.5847,0.656,0.5625
001309,德明利,1361.81,True,825.0,792.55,16,38.54,-11.1,12.07,4.09,0.6069,2026-06-15,2026-07-08,58.83,0.7267,-0.1538,0.8851,0.5745,0.9149,0.0,0.6532,0.7518,0.8759,多周期共振看多 ⬆⬆⬆,0.3965,0.75,0.5625
603823,百合花,290.58,True,69.79,53.24,22,53.3,19.06,38.03,31.09,0.85,2026-04-15,2026-07-08,74.78,-0.0631,0.5555,0.919,0.4,0.5605,0.0,0.6529,0.8706,0.9353,多周期共振看多 ⬆⬆⬆,0.8,0.6652,0.5625
001256,炜冈科技,30.58,True,28.6,26.29,18,21.06,-4.07,6.77,8.77,0.6751,2026-06-12,2026-07-08,71.96,0.5299,0.1859,0.5527,0.5923,0.6231,0.0788,0.6529,0.8443,0.9222,多周期共振看多 ⬆⬆⬆,0.7003,0.6929,0.5625
000691,亚太实业,36.85,True,11.4,11.52,20,34.52,-2.74,14.03,-1.07,0.5414,2026-07-08,2026-07-08,48.58,0.6195,0.4108,0.7318,0.736,0.8574,0.0,0.6523,0.7128,0.8564,多周期共振看多 ⬆⬆⬆,0.538,0.5429,0.5625
002584,西陇科学,44.88,True,9.58,9.35,20,33.97,-9.77,9.71,2.49,0.6232,2026-06-09,2026-07-08,56.75,0.505,1.8343,0.9311,0.703,0.961,0.0,0.6518,0.4404,0.7202,多周期共振看多 ⬆⬆⬆,0.4769,0.2891,0.27
002289,宇顺电子,123.71,True,45.08,43.59,16,16.64,-7.85,3.74,3.41,0.4332,2026-06-12,2026-07-08,58.29,0.6277,1.1913,0.6817,0.7766,0.9268,0.0,0.6507,0.8111,0.9056,多周期共振看多 ⬆⬆⬆,0.6455,0.6669,0.5625
603519,立霸股份,41.01,True,15.4,14.73,18,18.06,-6.09,7.38,4.58,0.5853,2026-06-11,2026-07-08,54.53,0.3032,4.8248,0.5965,0.5819,0.9895,0.0059,0.6507,0.6778,0.8389,多周期共振看多 ⬆⬆⬆,0.477,0.5183,0.5625
002668,TCL智家,113.94,True,10.51,10.32,19,12.8,-4.01,5.12,1.87,0.4875,2026-06-10,2026-07-08,56.41,0.6039,0.3493,0.4955,0.7021,0.9687,0.1742,0.6469,0.5803,0.7902,多周期共振看多 ⬆⬆⬆,0.4475,0.5544,0.3375
002901,大博医疗,124.97,True,43.33,42.2,21,8.95,-1.39,2.73,2.69,0.5511,2026-06-08,2026-07-08,59.81,0.8391,0.434,0.3112,0.877,0.8932,0.4814,0.6445,-0.0267,0.4867,多周期方向不一致，观望,0.3822,0.0052,-0.45
600885,宏发股份,547.85,True,35.4,34.68,14,12.21,-5.96,1.88,2.07,0.3215,2026-06-26,2026-07-08,53.94,0.8536,0.5164,0.651,0.9121,0.9764,0.0,0.644,0.7494,0.8747,多周期共振看多 ⬆⬆⬆,0.5969,0.5729,0.5625
002049,紫光国微,0.0,True,83.51,80.88,15,13.43,-11.79,2.27,3.25,0.3767,2026-06-16,2026-07-08,56.96,0.8775,0.4513,0.4325,0.907,0.9565,0.2792,0.6437,0.4235,0.7117,多周期共振看多 ⬆⬆⬆,0.2081,0.415,0.3375
603019,中科曙光,1435.99,True,98.15,91.68,14,22.15,-14.29,2.71,7.06,0.4671,2026-06-17,2026-07-08,61.8,0.9134,2.1209,0.6746,0.948,0.849,0.0,0.6423,0.4819,0.7409,多周期共振看多 ⬆⬆⬆,0.4106,0.3697,0.3375
003004,声迅股份,55.22,True,80.33,71.6,22,26.83,2.03,11.95,12.2,0.85,2026-04-10,2026-07-08,66.0,0.0978,-0.159,0.739,0.1951,0.7556,0.0,0.6412,0.8709,0.9355,多周期共振看多 ⬆⬆⬆,0.7125,0.7408,0.5625
603259,药明康德,2854.17,True,115.4,111.71,16,22.27,-6.7,7.17,3.3,0.5165,2026-06-17,2026-07-08,68.38,0.7146,0.201,0.511,0.7092,0.7028,0.1484,0.6406,0.7883,0.8942,多周期共振看多 ⬆⬆⬆,0.5675,0.6837,0.5625
002056,横店东磁,486.53,True,29.94,28.42,22,18.18,1.14,9.44,5.34,0.7215,2026-05-19,2026-07-08,62.04,0.4728,-0.1772,0.8041,0.4128,0.8437,0.0,0.6387,0.7048,0.8524,多周期共振看多 ⬆⬆⬆,0.5525,0.5129,0.5625
002745,木林森,123.01,True,11.56,11.42,17,20.01,-8.32,6.53,1.27,0.4655,2026-06-12,2026-07-08,51.11,0.6984,0.2811,0.7266,0.7315,0.9136,0.0,0.637,0.7117,0.8558,多周期共振看多 ⬆⬆⬆,0.4788,0.5913,0.5625
603379,三美股份,408.84,True,66.97,69.36,19,27.09,-3.45,8.84,-3.45,0.437,2026-07-08,2026-07-08,48.1,0.8971,0.6377,0.89,0.9383,0.8466,0.0,0.6356,0.5185,0.7592,多周期共振看多 ⬆⬆⬆,0.4895,0.225,0.495
002129,TCL中环,431.84,True,10.69,10.58,18,18.65,-6.63,5.44,1.0,0.4472,2026-07-06,2026-07-08,49.86,0.6992,0.8526,0.7982,0.8195,0.8859,0.0,0.6348,0.6311,0.8155,多周期共振看多 ⬆⬆⬆,0.3716,0.506,0.5625
603580,艾艾精工,40.09,True,30.68,24.93,11,23.05,-8.99,2.26,23.05,0.4815,2026-06-26,2026-07-06,73.93,0.8373,13.6142,0.6848,0.9024,0.5794,0.0,0.6347,0.7827,0.8913,多周期共振看多 ⬆⬆⬆,0.4865,0.7408,0.5625
002631,德尔未来,79.75,True,10.05,9.39,22,34.54,2.64,14.41,6.98,0.7746,2026-06-05,2026-07-08,65.55,0.2874,-0.2649,0.7947,0.2665,0.7656,0.0,0.6342,0.8696,0.9348,多周期共振看多 ⬆⬆⬆,0.7415,0.7131,0.5625
603087,甘李药业,352.69,True,62.85,57.87,20,17.6,-2.74,4.53,8.6,0.6658,2026-06-26,2026-07-08,65.97,0.923,1.4411,0.6095,0.9538,0.7561,0.0,0.632,0.0243,0.5121,多周期方向不一致，观望,0.4339,0.0009,-0.2662
000938,紫光股份,961.56,True,33.62,28.17,10,21.02,-12.86,0.82,19.34,0.4296,2026-06-29,2026-07-08,66.55,0.8508,1.1171,0.7749,0.9105,0.7434,0.0,0.6308,0.6663,0.8332,多周期共振看多 ⬆⬆⬆,0.4474,0.5183,0.5625
002861,瀛通通讯,33.04,True,22.0,20.54,15,20.78,-4.02,7.14,7.13,0.5953,2026-06-17,2026-07-08,72.2,0.338,1.1048,0.4674,0.6028,0.6179,0.221,0.6294,0.7235,0.8618,多周期共振看多 ⬆⬆⬆,0.6072,0.5071,0.5625
603068,博通集成,59.67,True,39.31,37.03,14,14.22,-11.78,3.32,6.15,0.4595,2026-06-17,2026-07-08,67.69,0.8176,1.1858,0.4883,0.8906,0.718,0.1861,0.6291,0.4948,0.7474,多周期共振看多 ⬆⬆⬆,0.4543,0.3605,0.3375
605111,新洁能,324.17,True,78.05,76.76,18,40.78,-3.18,12.95,1.68,0.5785,2026-06-12,2026-07-08,56.91,0.6366,-0.2902,0.8613,0.4659,0.9575,0.0,0.6277,0.7385,0.8693,多周期共振看多 ⬆⬆⬆,0.5058,0.6271,0.5625
603135,中重科技,82.78,True,13.15,12.98,16,31.46,-7.23,5.64,1.29,0.4277,2026-07-01,2026-07-08,53.45,0.7588,0.0556,0.8345,0.6775,0.9655,0.0,0.6266,0.7441,0.872,多周期共振看多 ⬆⬆⬆,0.4863,0.656,0.5625
002774,快意电梯,38.04,True,13.5,13.18,16,22.06,-9.95,6.58,2.44,0.4798,2026-06-15,2026-07-08,58.1,0.3049,0.599,0.7699,0.5829,0.9311,0.0,0.6263,0.8086,0.9043,多周期共振看多 ⬆⬆⬆,0.641,0.6652,0.5625
002747,埃斯顿,345.04,True,44.1,37.99,22,32.1,1.06,15.97,16.1,0.85,2026-04-28,2026-07-08,68.16,0.2914,-0.7284,0.9547,0.1748,0.7075,0.0,0.6253,0.8335,0.9167,多周期共振看多 ⬆⬆⬆,0.791,0.5913,0.5625
600470,六国化工,34.84,True,6.68,6.08,17,16.0,-9.25,4.82,9.78,0.6354,2026-06-18,2026-07-08,63.75,0.8721,2.2434,0.9273,0.9232,0.8056,0.0,0.6246,0.0279,0.514,⚠️ 月线看多但周线走弱，日线仅为反弹,0.5142,-0.4561,0.1924
002452,长高电气,62.45,True,12.12,11.94,11,17.16,-6.8,3.12,1.55,0.2917,2026-06-23,2026-07-08,56.22,0.7714,0.6228,0.7039,0.8628,0.973,0.0,0.6237,0.7417,0.8709,多周期共振看多 ⬆⬆⬆,0.4696,0.6652,0.5625
603906,龙蟠科技,153.98,True,27.35,26.64,14,16.65,-13.33,3.26,2.68,0.3712,2026-06-18,2026-07-08,56.29,0.6872,0.8568,0.8227,0.8123,0.9713,0.0,0.6207,0.609,0.8045,多周期共振看多 ⬆⬆⬆,0.3451,0.4802,0.5625
603893,瑞芯微,854.24,True,202.0,178.91,14,12.91,-11.56,0.14,12.91,0.4763,2026-06-17,2026-07-08,67.9,0.7634,2.5717,0.5483,0.858,0.7134,0.0862,0.618,0.5028,0.7514,多周期共振看多 ⬆⬆⬆,0.2701,0.536,0.3375
603456,九洲药业,124.41,True,14.11,13.43,18,15.83,-4.93,4.27,5.08,0.5201,2026-06-11,2026-07-08,61.26,0.8944,1.6721,0.4601,0.9367,0.8608,0.2332,0.6168,-0.0319,0.484,⚠️⚠️ 逆大势反弹，大概率是下跌中继,0.4617,-0.4404,-0.5625
000566,海南海药,67.56,True,5.21,4.62,12,44.17,-9.74,9.22,12.75,0.6715,2026-06-22,2026-07-08,64.5,0.8016,12.2736,1.0865,0.8809,0.7888,0.0,0.6165,-0.0354,0.4823,多周期方向不一致，观望,0.38,-0.0313,-0.45
603976,正川股份,41.39,True,27.18,26.97,22,20.48,0.79,10.13,0.79,0.6198,2026-06-04,2026-07-08,48.53,0.2005,0.1488,0.9373,0.3798,0.8563,0.0,0.6164,0.808,0.904,多周期共振看多 ⬆⬆⬆,0.616,0.6854,0.5625
001206,依依股份,22.05,True,20.63,18.24,17,17.55,-7.6,4.95,13.12,0.6443,2026-07-06,2026-07-08,64.86,0.8502,5.7516,0.7833,0.9101,0.7809,0.0,0.6164,-0.0082,0.4959,⚠️⚠️ 逆大势反弹，大概率是下跌中继,0.5248,-0.1565,-0.45
603722,阿科力,39.24,True,41.0,38.24,13,16.56,-9.86,1.02,7.2,0.4125,2026-06-25,2026-07-08,54.9,0.6785,4.1451,0.7429,0.8071,0.9978,0.0,0.6147,0.439,0.7195,多周期共振看多 ⬆⬆⬆,0.4676,0.2629,0.3011
600176,中国巨石,2226.47,True,56.06,59.27,20,54.44,-5.85,23.81,-5.41,0.4329,2026-07-08,2026-07-08,51.47,0.4157,0.3724,1.0017,0.5984,0.9215,0.0,0.6141,0.8105,0.9052,多周期共振看多 ⬆⬆⬆,0.547,0.75,0.5625
600520,三佳科技,55.01,True,34.72,33.7,15,26.47,-12.01,6.2,3.04,0.4697,2026-06-16,2026-07-08,60.1,0.6779,-0.0639,0.7638,0.5812,0.8866,0.0,0.6137,0.7888,0.8944,多周期共振看多 ⬆⬆⬆,0.5668,0.6854,0.5625
002119,康强电子,123.66,True,32.95,34.65,21,31.96,-4.91,18.43,-4.91,0.4614,2026-07-08,2026-07-08,49.48,0.5661,0.15,0.9091,0.5996,0.8774,0.0,0.6126,0.7814,0.8907,多周期共振看多 ⬆⬆⬆,0.5605,0.6744,0.5625
002937,兴瑞科技,135.78,True,43.08,41.93,21,19.46,-0.47,10.79,2.74,0.6526,2026-06-08,2026-07-08,57.34,0.0163,-0.0974,0.525,0.1708,0.9481,0.125,0.6112,0.8123,0.9062,多周期共振看多 ⬆⬆⬆,0.5515,0.75,0.5625
002805,丰元股份,68.73,True,24.65,25.98,16,33.72,-12.51,9.71,-5.13,0.3691,2026-07-08,2026-07-08,50.57,0.5682,0.9772,0.8979,0.7409,0.9016,0.0,0.6109,0.7338,0.8669,多周期共振看多 ⬆⬆⬆,0.415,0.6946,0.5625
603127,昭衍新药,238.9,True,37.9,36.6,14,17.75,-15.42,3.12,3.57,0.3898,2026-06-17,2026-07-08,63.45,0.9329,0.3464,0.634,0.8983,0.8122,0.0,0.61,0.5328,0.7664,多周期共振看多 ⬆⬆⬆,0.467,0.2083,0.5625
002025,航天电器,391.69,True,86.3,72.25,11,32.51,-13.82,6.06,19.45,0.5764,2026-06-23,2026-07-08,75.92,0.6012,0.6122,0.7625,0.7607,0.5352,0.0,0.6095,0.633,0.8165,多周期共振看多 ⬆⬆⬆,0.3838,0.4998,0.5625
002979,雷赛智能,142.82,True,64.12,56.95,9,31.41,-10.98,2.94,12.59,0.4667,2026-06-29,2026-07-08,61.33,0.6097,0.1128,0.7725,0.6109,0.8593,0.0,0.6095,0.7476,0.8738,多周期共振看多 ⬆⬆⬆,0.4827,0.6669,0.5625
600379,宝光股份,50.22,True,15.21,13.98,12,22.98,-17.49,3.75,8.79,0.5042,2026-06-22,2026-07-08,64.04,0.8396,0.6831,0.8402,0.9038,0.7991,0.0,0.6077,0.2466,0.6233,月线看多，日线反弹（等待周线确认）,0.4242,0.0803,0.5625
603078,江化微,184.91,True,47.95,48.29,21,29.97,-0.7,16.26,-0.7,0.5666,2026-07-08,2026-07-08,50.99,0.437,-0.2591,0.9443,0.3585,0.9108,0.0,0.6017,0.787,0.8935,多周期共振看多 ⬆⬆⬆,0.575,0.6744,0.5625
002407,多氟多,454.38,True,42.12,43.6,18,37.91,-6.05,11.76,-3.39,0.4517,2026-07-08,2026-07-08,54.92,0.1811,0.4225,1.009,0.4777,0.9982,0.0,0.6011,0.7626,0.8813,多周期共振看多 ⬆⬆⬆,0.521,0.6669,0.5625
002520,日发精机,50.36,True,7.02,7.01,22,17.09,0.11,6.62,0.11,0.5322,2026-06-05,2026-07-08,51.63,0.6264,-0.2928,0.755,0.4587,0.9251,0.0,0.6006,0.6832,0.8416,多周期共振看多 ⬆⬆⬆,0.7415,0.371,0.495
002079,苏州固锝,106.96,True,13.19,13.64,15,15.42,-8.83,5.08,-3.31,0.2829,2026-07-08,2026-07-08,47.13,0.7325,0.5791,0.5607,0.8395,0.8252,0.0655,0.5994,0.73,0.865,多周期共振看多 ⬆⬆⬆,0.4052,0.6946,0.5625
002132,恒星科技,80.73,True,5.77,5.38,12,12.22,-3.59,1.71,7.27,0.4426,2026-06-29,2026-07-08,62.16,0.7726,-0.0921,0.592,0.6267,0.8408,0.0134,0.5991,0.7079,0.8539,多周期共振看多 ⬆⬆⬆,0.3162,0.7223,0.5625
605305,中际联合,94.38,True,44.41,41.05,13,17.57,-9.74,2.57,8.18,0.4754,2026-06-18,2026-07-08,66.73,0.7729,1.1586,0.6809,0.8637,0.7394,0.0,0.5989,0.3808,0.6904,多周期共振看多 ⬆⬆⬆,0.3424,0.2509,0.2925
001270,铖昌科技,309.93,True,151.33,139.56,9,20.01,-11.24,1.86,8.43,0.4005,2026-06-25,2026-07-08,61.24,0.6322,0.4007,0.8752,0.7396,0.8614,0.0,0.5979,0.6052,0.8026,多周期共振看多 ⬆⬆⬆,0.2559,0.5483,0.5625
002179,中航光电,864.15,True,41.22,41.32,16,17.09,-8.85,4.82,-0.24,0.3692,2026-07-08,2026-07-08,56.78,0.6284,0.0428,0.508,0.5941,0.9605,0.1533,0.5975,0.6683,0.8341,多周期共振看多 ⬆⬆⬆,0.3472,0.6762,0.495
600851,海欣股份,61.12,True,8.28,8.51,14,28.45,-8.96,5.84,-2.7,0.301,2026-07-08,2026-07-08,58.93,0.8946,2.3321,0.8019,0.9368,0.9126,0.0,0.5955,0.4475,0.7238,多周期共振看多 ⬆⬆⬆,0.1604,0.396,0.45
605020,永和股份,183.57,True,36.5,38.55,19,30.41,-5.32,8.1,-5.32,0.3718,2026-07-08,2026-07-08,49.15,0.7411,0.0427,0.9888,0.6617,0.8701,0.0,0.5942,0.7585,0.8792,多周期共振看多 ⬆⬆⬆,0.557,0.6271,0.5625
000672,上峰材料,192.13,True,19.82,19.86,15,29.13,-8.58,9.24,-0.18,0.4651,2026-07-08,2026-07-08,54.03,0.6119,-0.3198,0.6673,0.4392,0.9785,0.0,0.5901,0.7272,0.8636,多周期共振看多 ⬆⬆⬆,0.4322,0.6652,0.5625
002972,科安达,22.59,True,16.78,16.86,20,29.55,-0.77,16.65,-0.47,0.5563,2026-07-08,2026-07-08,51.64,0.2205,-0.0405,0.6775,0.3161,0.9254,0.0,0.5896,0.7655,0.8827,多周期共振看多 ⬆⬆⬆,0.4745,0.7131,0.5625
603324,盛剑科技,62.42,True,42.27,43.4,19,42.9,-3.97,18.48,-2.61,0.4869,2026-07-08,2026-07-08,54.09,0.5097,-0.3584,0.973,0.3624,0.9798,0.0,0.5895,0.792,0.896,多周期共振看多 ⬆⬆⬆,0.5425,0.7131,0.5625
000066,中国长城,622.85,True,19.31,17.88,13,17.08,-20.12,-0.99,8.02,0.3826,2026-07-03,2026-07-08,56.77,0.8851,0.9703,0.7801,0.9311,0.9607,0.0,0.5892,0.1527,0.5764,月线看多，日线反弹（等待周线确认）,0.1599,-0.0764,0.5625
603986,兆易创新,4032.14,True,603.17,648.48,20,45.34,-6.99,16.82,-6.99,0.3935,2026-07-08,2026-07-08,51.43,0.5244,0.0511,1.0453,0.5351,0.9207,0.0,0.5861,0.7836,0.8918,多周期共振看多 ⬆⬆⬆,0.5425,0.6946,0.5625
000301,东方盛虹,847.19,True,12.82,12.09,11,15.26,-7.5,0.07,6.05,0.3281,2026-06-30,2026-07-08,54.15,0.7744,3.2108,0.7201,0.8646,0.9811,0.0,0.5848,0.3306,0.6653,多周期共振看多 ⬆⬆⬆,0.1994,0.3307,0.225
603257,中国瑞林,16.82,True,67.54,72.77,20,19.57,-7.19,8.51,-7.19,0.3511,2026-07-08,2026-07-08,46.08,0.594,0.339,0.626,0.692,0.8017,0.0,0.5829,0.7513,0.8757,多周期共振看多 ⬆⬆⬆,0.548,0.619,0.5625
603725,天安新材,41.22,True,13.52,11.99,12,23.26,-11.2,2.71,12.75,0.5088,2026-06-30,2026-07-08,71.55,0.7859,-0.2411,0.7756,0.5751,0.6323,0.0,0.5815,0.7523,0.8761,多周期共振看多 ⬆⬆⬆,0.473,0.6854,0.5625
002605,姚记科技,67.38,True,19.92,18.74,11,8.97,-2.95,0.67,6.27,0.4152,2026-06-30,2026-07-08,65.52,0.8785,0.8739,0.3842,0.9271,0.7663,0.3596,0.5796,-0.0501,0.4749,⚠️⚠️ 逆大势反弹，大概率是下跌中继,0.1961,-0.56,-0.5625
603290,斯达半导,309.59,True,129.28,130.59,13,22.65,-14.45,3.59,-1.0,0.2716,2026-07-08,2026-07-08,48.62,0.8902,0.2101,0.7308,0.8182,0.8582,0.0,0.5776,0.6304,0.8152,多周期共振看多 ⬆⬆⬆,0.2286,0.6271,0.5625
600601,方正科技,554.65,True,13.3,13.71,15,12.83,-6.4,4.34,-2.97,0.2728,2026-07-08,2026-07-08,43.41,0.7209,0.7327,0.8535,0.8325,0.7425,0.0,0.5775,0.7419,0.871,多周期共振看多 ⬆⬆⬆,0.5217,0.6208,0.5625
000100,TCL科技,964.25,True,5.04,5.14,21,23.26,-1.9,7.97,-1.9,0.4859,2026-07-08,2026-07-08,48.66,0.7304,-0.3781,0.8027,0.487,0.8591,0.0,0.5745,0.6196,0.8098,多周期共振看多 ⬆⬆⬆,0.497,0.3733,0.5625
603638,艾迪精密,209.68,True,23.85,24.2,13,16.58,-3.23,1.94,-1.45,0.219,2026-07-08,2026-07-08,49.13,0.789,0.3344,0.8341,0.8071,0.8696,0.0,0.573,0.7235,0.8618,多周期共振看多 ⬆⬆⬆,0.4888,0.6087,0.5625
600267,海正药业,123.69,True,10.48,10.1,14,9.69,-9.23,1.21,3.72,0.3459,2026-06-22,2026-07-08,61.43,0.8552,1.4143,0.4282,0.9131,0.8571,0.2864,0.5724,0.0309,0.5154,多周期方向不一致，观望,0.2487,-0.0215,-0.0558
000513,丽珠集团,171.64,True,30.21,29.81,15,5.16,-3.5,0.77,1.34,0.3784,2026-06-30,2026-07-08,54.83,0.6938,0.285,0.3424,0.7303,0.9963,0.4293,0.5711,-0.047,0.4765,⚠️⚠️ 逆大势反弹，大概率是下跌中继,0.2916,-0.5831,-0.5625
603856,东宏股份,36.92,True,13.09,12.99,19,10.64,-2.08,4.59,0.76,0.4763,2026-06-11,2026-07-08,56.84,0.2496,0.1374,0.4391,0.4047,0.959,0.2682,0.5706,0.4092,0.7046,多周期共振看多 ⬆⬆⬆,0.5653,0.1767,0.238
605228,神通科技,66.89,True,14.02,13.52,13,11.43,-8.69,1.83,3.68,0.3645,2026-06-29,2026-07-08,60.27,0.7283,0.7653,0.3761,0.837,0.8829,0.3731,0.5706,-0.0069,0.4965,多周期方向不一致，观望,0.2874,-0.1534,-0.1231
603010,万盛股份,87.5,True,15.33,15.4,11,25.19,-7.35,4.76,-0.44,0.2829,2026-07-08,2026-07-08,55.9,0.6695,0.0848,0.7348,0.6356,0.9799,0.0,0.5699,0.6875,0.8438,多周期共振看多 ⬆⬆⬆,0.2532,0.7315,0.5625
603049,中策橡胶,247.95,True,49.1,45.68,9,8.08,-3.56,0.49,7.48,0.3878,2026-07-01,2026-07-08,67.51,0.8507,1.0009,0.3747,0.9104,0.722,0.3756,0.5667,-0.021,0.4895,⚠️⚠️ 逆大势反弹，大概率是下跌中继,0.1784,-0.2239,-0.3284
603595,ST东尼,70.66,True,30.4,31.19,21,35.55,-2.53,15.11,-2.53,0.5209,2026-07-08,2026-07-08,56.62,0.0363,-0.0171,0.6957,0.2149,0.964,0.0,0.5659,0.7762,0.8881,多周期共振看多 ⬆⬆⬆,0.556,0.6669,0.5625
000739,普洛药业,206.0,True,17.79,16.81,14,11.32,-7.01,1.62,5.85,0.4096,2026-06-26,2026-07-08,64.15,0.7718,0.1963,0.4066,0.7416,0.7966,0.3223,0.5639,0.1276,0.5638,月线看多，日线反弹（等待周线确认）,0.266,0.1155,0.1773
002577,雷柏科技,52.77,True,18.8,18.66,14,6.79,-5.38,0.98,0.76,0.3142,2026-06-29,2026-07-08,55.32,0.6374,0.2775,0.4602,0.6934,0.9929,0.233,0.5634,0.2657,0.6329,月线震荡，中短期走强,0.3244,0.5637,0.0515
000404,长虹华意,57.5,True,8.3,7.78,8,9.37,-10.54,-1.69,6.64,0.251,2026-06-26,2026-07-08,61.43,0.7196,0.4833,0.5106,0.825,0.857,0.149,0.5631,0.4348,0.7174,上升趋势中的日线整理,0.0351,0.5367,0.5625
603067,振华股份,315.81,True,41.8,40.64,13,29.42,-16.57,5.74,2.86,0.4218,2026-06-18,2026-07-08,57.02,0.4635,-0.1744,1.0636,0.4083,0.955,0.0,0.5621,0.6851,0.8426,多周期共振看多 ⬆⬆⬆,0.4806,0.5313,0.5625
002816,*ST和科,27.94,True,27.94,27.56,18,13.33,-2.75,4.71,1.38,0.4552,2026-07-07,2026-07-08,53.03,0.3167,-0.2826,0.5711,0.277,0.9561,0.0482,0.56,0.7586,0.8793,多周期共振看多 ⬆⬆⬆,0.4678,0.7038,0.5625
002773,康弘药业,153.01,True,22.28,20.92,12,13.82,-4.52,1.75,6.49,0.397,2026-06-26,2026-07-08,63.44,0.9425,0.7512,0.561,0.9655,0.8125,0.0649,0.5597,-0.0466,0.4767,⚠️⚠️ 逆大势反弹，大概率是下跌中继,0.3575,-0.6313,-0.5625
601678,滨化股份,117.29,True,5.74,6.28,17,26.4,-8.67,5.82,-8.63,0.2003,2026-07-08,2026-07-08,46.21,0.6862,0.5131,0.9588,0.8117,0.8047,0.0,0.5589,0.7258,0.8629,多周期共振看多 ⬆⬆⬆,0.4624,0.6363,0.5625
605377,华旺科技,52.77,True,9.48,8.79,12,12.14,-10.44,0.94,7.86,0.4108,2026-06-22,2026-07-08,65.43,0.8565,4.9234,0.7774,0.9139,0.7682,0.0,0.5575,0.0902,0.5451,⚠️ 月线看多但周线走弱，日线仅为反弹,0.3174,-0.2619,0.5625
603800,洪田股份,164.53,True,79.1,79.53,20,20.25,-1.78,8.8,-0.54,0.5248,2026-07-08,2026-07-08,47.75,0.2659,-0.2626,0.974,0.2545,0.8389,0.0,0.5556,0.7717,0.8859,多周期共振看多 ⬆⬆⬆,0.5335,0.6762,0.5625
603203,快克智能,199.2,True,61.5,64.49,17,32.62,-7.09,11.55,-4.64,0.4045,2026-07-08,2026-07-08,49.16,-0.0084,0.7258,0.9815,0.4,0.8703,0.0,0.5555,0.7886,0.8943,多周期共振看多 ⬆⬆⬆,0.4908,0.75,0.5625
000333,美的集团,5449.36,True,79.41,76.8,12,4.45,-5.31,-0.29,3.4,0.3248,2026-06-30,2026-07-08,62.55,0.1131,0.5058,0.3075,0.4678,0.8323,0.4875,0.5554,0.5262,0.7631,多周期共振看多 ⬆⬆⬆,0.1884,0.4325,0.5625
603858,步长制药,166.09,True,15.75,15.14,15,4.01,-4.51,-0.02,4.01,0.4068,2026-06-30,2026-07-08,53.75,0.5032,1.1183,0.4322,0.7019,0.9722,0.2796,0.5545,-0.0538,0.4731,⚠️⚠️ 逆大势反弹，大概率是下跌中继,0.1565,-0.5958,-0.5625
605389,长龄液压,157.31,True,88.8,91.85,15,15.2,-4.88,3.84,-3.32,0.2517,2026-07-08,2026-07-08,50.9,0.56,0.2054,0.5585,0.6181,0.909,0.0692,0.5541,0.6933,0.8467,多周期共振看多 ⬆⬆⬆,0.311,0.6946,0.5625
603125,常青科技,111.17,True,27.46,28.82,15,20.46,-7.94,7.46,-4.73,0.307,2026-07-08,2026-07-08,46.24,0.5622,0.1883,0.716,0.6126,0.8053,0.0,0.554,0.749,0.8745,多周期共振看多 ⬆⬆⬆,0.4322,0.7131,0.5625
002635,安洁科技,70.76,True,17.89,18.98,16,25.53,-8.94,5.51,-5.76,0.2481,2026-07-08,2026-07-08,48.25,0.419,0.4923,0.9372,0.6483,0.8499,0.0,0.553,0.771,0.8855,多周期共振看多 ⬆⬆⬆,0.4565,0.7408,0.5625
603983,丸美生物,119.54,True,29.81,24.86,9,29.48,-8.69,5.71,19.89,0.5359,2026-06-25,2026-07-08,75.02,0.8706,2.3288,0.6929,0.9224,0.5552,0.0,0.5514,-0.0166,0.4917,多周期方向不一致，观望,0.3238,-0.0129,-0.3375
002850,科达利,412.93,True,196.97,195.66,16,18.52,-4.92,3.55,0.67,0.3599,2026-06-29,2026-07-08,46.93,0.5645,0.0521,0.73,0.5596,0.8206,0.0,0.5513,0.6663,0.8332,多周期共振看多 ⬆⬆⬆,0.4033,0.5563,0.5625
002693,双成药业,39.54,True,9.62,9.21,8,17.8,-14.47,-3.17,4.42,0.1587,2026-06-26,2026-07-08,58.73,0.8743,1.5011,0.6456,0.9246,0.917,0.0,0.551,0.447,0.7235,上升趋势中的日线整理,-0.0168,0.6129,0.5625
002617,露笑科技,174.62,True,9.3,9.26,13,14.21,-12.69,1.09,0.39,0.2439,2026-07-06,2026-07-08,51.68,0.7045,0.4075,0.6749,0.7857,0.9263,0.0,0.5495,0.4419,0.7209,上升趋势中的日线整理,0.1249,0.4783,0.5625
600888,新疆众和,194.14,True,12.5,13.59,20,33.91,-8.03,12.42,-8.03,0.3674,2026-07-08,2026-07-08,50.91,0.393,-0.0007,0.9256,0.4355,0.9092,0.0,0.5491,0.7231,0.8616,多周期共振看多 ⬆⬆⬆,0.5335,0.5694,0.5625
600961,株冶集团,198.25,True,26.37,29.86,14,34.43,-15.78,7.41,-11.68,0.116,2026-07-08,2026-07-08,49.32,0.761,0.5176,0.9374,0.8566,0.8737,0.0,0.5491,0.6956,0.8478,多周期共振看多 ⬆⬆⬆,0.3277,0.6854,0.5625
002345,潮宏基,87.68,True,10.11,9.61,13,12.36,-7.52,2.62,5.21,0.4027,2026-06-30,2026-07-08,53.24,0.6972,0.9465,0.6533,0.8183,0.9609,0.0,0.5483,-0.0424,0.4788,多周期方向不一致，观望,0.3523,-0.0383,-0.45
603607,京华激光,42.13,True,23.6,22.78,13,20.37,-8.23,3.24,3.59,0.3776,2026-06-18,2026-07-08,60.04,0.7843,0.2527,0.7369,0.7716,0.888,0.0,0.5478,0.1756,0.5878,月线看多，日线反弹（等待周线确认）,0.3536,0.1142,0.2994
600141,兴发集团,429.26,True,35.72,40.08,17,38.62,-14.21,13.18,-10.89,0.2483,2026-07-08,2026-07-08,47.68,0.7487,0.823,0.9831,0.8492,0.8374,0.0,0.5478,0.4229,0.7115,多周期共振看多 ⬆⬆⬆,0.4382,0.2067,0.3471
002068,黑猫股份,83.27,True,11.33,12.39,15,38.11,-8.57,11.74,-8.57,0.2744,2026-07-08,2026-07-08,58.61,0.5881,0.0498,0.9603,0.5728,0.9198,0.0,0.5464,0.6923,0.8461,多周期共振看多 ⬆⬆⬆,0.4397,0.5821,0.5625
002211,ST宏达,16.65,True,3.85,3.89,14,9.83,-3.92,2.13,-1.07,0.2784,2026-07-08,2026-07-08,54.39,0.6266,-0.2854,0.5576,0.4618,0.9864,0.0706,0.5463,0.7231,0.8616,多周期共振看多 ⬆⬆⬆,0.4217,0.6652,0.5625
001229,魅视科技,31.49,True,42.7,31.4,20,35.97,-1.83,12.13,35.97,0.8182,2026-06-23,2026-07-08,84.44,0.254,-0.505,0.8207,0.1524,0.3458,0.0,0.5462,0.7468,0.8734,多周期共振看多 ⬆⬆⬆,0.8075,0.3866,0.5625
603341,龙旗科技,106.09,True,39.85,38.92,15,12.16,-6.6,2.4,2.39,0.3585,2026-07-07,2026-07-08,56.19,0.6731,0.4073,0.4957,0.7668,0.9736,0.1738,0.546,-0.0264,0.4868,多周期方向不一致，观望,0.1699,0.0758,-0.3375
600579,中化装备,38.9,True,7.88,7.48,18,15.7,-5.9,5.73,5.39,0.5645,2026-06-15,2026-07-08,55.34,0.2295,1.9686,0.6966,0.5377,0.9925,0.0,0.546,-0.0379,0.481,多周期方向不一致，观望,0.4857,-0.133,-0.45
002294,信立泰,0.0,True,36.0,33.03,8,25.04,-8.63,1.5,8.98,0.3893,2026-06-26,2026-07-08,65.75,0.9548,1.3177,0.6943,0.9729,0.7611,0.0,0.5446,-0.0477,0.4762,⚠️⚠️ 逆大势反弹，大概率是下跌中继,0.269,-0.576,-0.5625
000521,长虹美菱,50.15,True,5.73,5.56,14,11.21,-7.99,1.71,3.04,0.3432,2026-06-26,2026-07-08,53.31,0.7742,1.2672,0.6806,0.8645,0.9624,0.0,0.5444,-0.0065,0.4968,多周期方向不一致，观望,0.4841,0.0067,-0.45
002084,海鸥住工,24.11,True,3.74,3.49,16,8.35,-8.99,2.04,7.13,0.4838,2026-06-15,2026-07-08,68.69,0.4781,1.2102,0.3954,0.6869,0.6958,0.3411,0.5424,-0.0288,0.4856,⚠️⚠️ 逆大势反弹，大概率是下跌中继,0.3484,-0.4164,-0.4316
603444,吉比特,259.17,True,359.75,345.07,12,9.09,-7.76,1.3,4.26,0.3298,2026-06-23,2026-07-08,67.75,0.7978,0.5009,0.3632,0.8787,0.7167,0.3947,0.5415,-0.0413,0.4793,⚠️⚠️ 逆大势反弹，大概率是下跌中继,0.2939,-0.4765,-0.5625
000962,东方钽业,317.2,True,63.04,71.59,14,45.45,-11.94,11.24,-11.94,0.1743,2026-07-08,2026-07-08,50.62,0.5949,0.312,1.0084,0.6817,0.9028,0.0,0.5414,0.7385,0.8693,多周期共振看多 ⬆⬆⬆,0.427,0.6946,0.5625
603949,雪龙集团,36.98,True,17.59,16.84,16,13.21,-10.1,3.23,4.48,0.4472,2026-06-15,2026-07-08,65.47,0.6568,1.0689,0.541,0.7941,0.7673,0.0984,0.541,-0.0154,0.4923,⚠️⚠️ 逆大势反弹，大概率是下跌中继,0.4445,-0.2242,-0.45
002020,京新药业,102.44,True,14.15,12.95,10,20.96,-9.77,1.63,9.23,0.4306,2026-06-26,2026-07-08,66.25,0.8128,2.9616,0.6262,0.8877,0.7499,0.0,0.5397,-0.036,0.482,⚠️⚠️ 逆大势反弹，大概率是下跌中继,0.3155,-0.3932,-0.5625
002272,川润股份,88.97,True,21.8,22.41,15,14.89,-12.63,3.93,-2.74,0.2684,2026-07-08,2026-07-08,54.69,0.3534,-0.1894,0.401,0.3363,0.9931,0.3317,0.539,0.6726,0.8363,多周期共振看多 ⬆⬆⬆,0.2276,0.7206,0.5625
600378,昊华科技,670.46,True,62.51,66.78,20,50.38,-6.39,25.93,-6.39,0.4083,2026-07-08,2026-07-08,48.89,0.2748,-0.1208,1.1624,0.3166,0.8642,0.0,0.5376,0.7772,0.8886,多周期共振看多 ⬆⬆⬆,0.5605,0.6652,0.5625
605288,凯迪股份,73.4,True,74.69,79.66,18,23.0,-8.25,8.32,-6.24,0.3385,2026-07-08,2026-07-08,46.18,0.4116,0.3933,0.9051,0.6043,0.804,0.0,0.5362,0.5455,0.7728,多周期共振看多 ⬆⬆⬆,0.497,0.3313,0.4417
002558,巨人网络,532.15,True,28.0,26.07,13,12.27,-9.9,1.1,7.39,0.419,2026-06-18,2026-07-08,68.64,0.8508,2.5586,0.5699,0.9105,0.697,0.0502,0.536,-0.0509,0.4746,⚠️⚠️ 逆大势反弹，大概率是下跌中继,0.2964,-0.6608,-0.5625
605007,五洲特纸,73.51,True,15.49,13.55,8,14.64,-9.44,-0.04,14.33,0.3764,2026-06-26,2026-07-08,81.12,0.836,0.6966,0.3841,0.9016,0.4195,0.3598,0.5351,0.1438,0.5719,月线看多，日线反弹（等待周线确认）,0.275,0.1261,0.225
600060,海信视像,355.34,True,27.33,26.48,14,9.1,-5.98,1.84,3.2,0.3688,2026-06-26,2026-07-08,58.78,0.3525,-0.3243,0.5355,0.2818,0.916,0.1075,0.5351,0.7594,0.8797,多周期共振看多 ⬆⬆⬆,0.5453,0.6392,0.5625
002472,双环传动,316.96,True,42.34,41.82,13,12.03,-10.17,0.69,1.25,0.2554,2026-06-29,2026-07-08,51.82,0.7809,0.1196,0.7348,0.7164,0.9293,0.0,0.5343,0.4005,0.7003,多周期共振看多 ⬆⬆⬆,0.2278,0.3475,0.3375
600285,羚锐制药,124.06,True,21.9,20.42,10,7.26,-5.15,-0.14,7.26,0.3876,2026-07-01,2026-07-08,64.95,0.3548,0.9972,0.2939,0.6129,0.7789,0.5102,0.5342,0.0195,0.5098,多周期方向不一致，观望,0.057,0.0515,-0.0148
000545,金浦钛业,26.21,True,2.66,2.54,12,13.34,-11.52,0.16,4.6,0.3098,2026-07-03,2026-07-08,55.09,0.7591,1.1736,0.8872,0.8554,0.998,0.0,0.534,-0.0377,0.4812,⚠️⚠️ 逆大势反弹，大概率是下跌中继,0.2297,-0.4199,-0.495
600160,巨化股份,1234.32,True,45.72,48.23,20,26.08,-5.2,15.03,-5.2,0.4382,2026-07-08,2026-07-08,46.74,0.2536,0.0014,0.8733,0.3527,0.8165,0.0,0.5332,0.6703,0.8352,多周期共振看多 ⬆⬆⬆,0.5515,0.4379,0.5625
603040,新坐标,123.49,True,62.9,64.88,18,11.72,-3.05,4.35,-3.05,0.3442,2026-07-08,2026-07-08,44.51,0.6038,0.2254,0.6891,0.6524,0.7669,0.0,0.5332,0.4757,0.7379,多周期共振看多 ⬆⬆⬆,0.4108,0.2901,0.4032
603213,镇洋发展,62.51,True,14.05,14.16,7,5.96,-4.96,-0.29,-0.77,0.1415,2026-07-08,2026-07-08,46.58,0.8836,-0.1826,0.2223,0.6571,0.8128,0.6295,0.5329,0.393,0.6965,上升趋势中的日线整理,-0.0483,0.4998,0.5625
600877,电科芯片,187.08,True,15.8,15.36,12,19.53,-13.79,3.25,2.88,0.3443,2026-06-22,2026-07-08,60.87,0.8368,0.4174,0.6117,0.869,0.8696,0.0,0.5304,-0.0171,0.4914,⚠️⚠️ 逆大势反弹，大概率是下跌中继,0.3032,-0.2475,-0.3375
002728,特一药业,45.97,True,9.17,8.64,11,14.55,-8.68,1.29,6.13,0.3607,2026-06-26,2026-07-08,63.45,0.8367,2.1021,0.6705,0.902,0.8122,0.0,0.5296,-0.0467,0.4767,⚠️⚠️ 逆大势反弹，大概率是下跌中继,0.2875,-0.6406,-0.495
603980,吉华集团,40.27,True,5.95,6.22,15,18.74,-5.96,5.07,-4.26,0.2589,2026-07-08,2026-07-08,52.38,0.761,0.5933,0.5074,0.8566,0.9418,0.1543,0.5292,-0.0116,0.4942,⚠️⚠️ 逆大势反弹，大概率是下跌中继,0.186,-0.171,-0.2094
600572,康恩贝,105.58,True,4.17,4.0,9,4.15,-3.03,-0.29,4.15,0.327,2026-06-30,2026-07-08,63.64,0.5318,0.6202,0.226,0.7191,0.8081,0.6234,0.5282,-0.1782,0.4109,多周期方向不一致，观望,0.0367,-0.2523,-0.5625
603789,ST星农,18.28,True,7.03,5.78,6,23.1,-6.31,1.01,21.73,0.3708,2026-06-23,2026-07-08,71.89,0.4671,4.1901,0.7378,0.6803,0.6246,0.0,0.528,0.4961,0.748,多周期共振看多 ⬆⬆⬆,0.3264,0.4956,0.315
002550,千红制药,62.59,True,6.65,6.24,10,12.59,-7.38,1.27,6.6,0.356,2026-06-26,2026-07-08,63.47,0.8348,0.9631,0.6536,0.9009,0.8118,0.0,0.5276,-0.0497,0.4752,⚠️⚠️ 逆大势反弹，大概率是下跌中继,0.2768,-0.6221,-0.5625
600276,恒瑞医药,3445.3,True,54.01,50.66,14,13.97,-8.71,2.85,6.61,0.4591,2026-06-17,2026-07-08,68.65,0.781,0.0296,0.4536,0.6805,0.6967,0.244,0.5255,-0.0174,0.4913,⚠️⚠️ 逆大势反弹，大概率是下跌中继,0.4204,-0.2412,-0.45
603313,梦百合,40.28,True,7.06,5.67,11,24.5,-8.72,2.15,24.5,0.4787,2026-06-24,2026-07-08,74.22,0.7983,4.3242,0.8075,0.879,0.573,0.0,0.5247,-0.045,0.4775,⚠️⚠️ 逆大势反弹，大概率是下跌中继,0.4273,-0.6608,-0.5625
002907,华森制药,43.82,True,13.05,13.06,14,11.45,-5.28,3.58,-0.04,0.3112,2026-07-08,2026-07-08,57.55,0.739,1.9313,0.6235,0.8434,0.9434,0.0,0.5245,-0.0322,0.4839,⚠️⚠️ 逆大势反弹，大概率是下跌中继,0.4083,-0.4013,-0.5625
603398,*ST沐邦,63.53,True,14.65,14.18,15,6.41,-7.82,0.42,3.28,0.3545,2026-06-16,2026-07-08,57.06,-0.0548,-0.0739,0.4035,0.1705,0.9541,0.3275,0.5228,0.6518,0.8259,多周期共振看多 ⬆⬆⬆,0.1617,0.7315,0.5625
000756,新华制药,70.15,True,14.06,13.3,11,14.37,-9.31,1.13,5.72,0.3464,2026-06-26,2026-07-08,62.19,0.7705,2.9362,0.7528,0.8623,0.8403,0.0,0.5225,-0.039,0.4805,⚠️⚠️ 逆大势反弹，大概率是下跌中继,0.2764,-0.4169,-0.5625
600862,中航高科,265.38,True,19.05,18.28,14,6.5,-7.9,0.36,4.21,0.3502,2026-07-02,2026-07-08,52.11,0.5877,0.3801,0.495,0.7047,0.9358,0.175,0.5221,-0.0545,0.4728,⚠️⚠️ 逆大势反弹，大概率是下跌中继,0.1827,-0.6331,-0.5625
603351,威尔药业,35.08,True,25.9,25.48,10,9.19,-3.96,0.26,1.67,0.2504,2026-06-30,2026-07-08,55.82,0.8576,1.0317,0.6166,0.9145,0.9817,0.0,0.5215,-0.0707,0.4647,多周期方向不一致，观望,0.1207,0.0358,-0.45
603004,鼎龙科技,12.83,True,21.79,22.36,18,15.87,-8.66,7.03,-2.56,0.3981,2026-07-08,2026-07-08,53.33,0.7154,-0.0557,0.5224,0.607,0.963,0.1293,0.5208,-0.0189,0.4905,多周期方向不一致，观望,0.284,0.1234,-0.45
002841,视源股份,247.07,True,47.39,35.8,7,32.38,-10.49,-0.03,32.38,0.3606,2026-06-29,2026-07-08,81.85,0.8153,5.0577,0.6672,0.8892,0.4033,0.0,0.5191,0.3807,0.6904,多周期共振看多 ⬆⬆⬆,0.3057,0.4172,0.1575
002935,天奥电子,86.75,True,20.96,21.59,18,11.07,-9.68,4.0,-2.92,0.3132,2026-07-08,2026-07-08,42.55,0.7306,0.1083,0.5956,0.6817,0.7234,0.0073,0.5186,0.4325,0.7163,多周期共振看多 ⬆⬆⬆,0.2768,0.3083,0.405
000977,浪潮信息,1146.62,True,78.17,65.51,15,19.32,-14.21,1.3,19.32,0.5213,2026-06-16,2026-07-08,67.15,0.4122,-0.4303,0.722,0.2752,0.73,0.0,0.5173,0.5714,0.7857,多周期共振看多 ⬆⬆⬆,0.5479,0.2913,0.495
600370,*ST三房,75.22,True,1.87,1.6,18,19.21,-11.68,6.52,16.8,0.6995,2026-06-11,2026-07-08,62.96,0.0409,0.2193,0.603,0.3123,0.823,0.0,0.5171,-0.0295,0.4853,⚠️⚠️ 逆大势反弹，大概率是下跌中继,0.4779,-0.4757,-0.495
603032,德新科技,56.12,True,24.1,25.32,14,18.25,-8.05,3.04,-4.82,0.1783,2026-07-08,2026-07-08,45.66,0.8054,-0.1171,0.9131,0.6364,0.7925,0.0,0.517,0.7389,0.8695,多周期共振看多 ⬆⬆⬆,0.428,0.6946,0.5625
000017,深中华A,26.71,True,6.06,5.49,9,16.41,-10.34,1.64,10.32,0.4343,2026-06-26,2026-07-08,75.57,0.7926,0.6759,0.5397,0.8756,0.5429,0.1006,0.5157,-0.0492,0.4754,⚠️⚠️ 逆大势反弹，大概率是下跌中继,0.3103,-0.6406,-0.5625
600707,彩虹股份,439.85,True,12.26,13.25,17,40.38,-10.05,12.13,-7.49,0.3332,2026-07-08,2026-07-08,48.69,0.52,-0.4709,1.2086,0.3237,0.8597,0.0,0.5153,0.7732,0.8866,多周期共振看多 ⬆⬆⬆,0.4728,0.7315,0.5625
002871,伟隆股份,30.5,True,20.43,21.01,12,10.41,-5.35,0.67,-2.74,0.1677,2026-07-08,2026-07-08,53.17,0.4688,0.5896,0.6612,0.6813,0.9593,0.0,0.5145,0.4722,0.7361,上升趋势中的日线整理,0.0539,0.6179,0.5625
002301,齐心集团,58.73,True,8.18,7.68,10,10.16,-9.08,-0.76,6.44,0.3012,2026-06-30,2026-07-08,55.71,0.4104,0.0415,0.5913,0.4628,0.9841,0.0145,0.5132,0.4493,0.7247,多周期共振看多 ⬆⬆⬆,0.252,0.389,0.3825
002925,盈趣科技,157.83,True,21.59,22.83,18,13.11,-5.41,4.31,-5.41,0.2661,2026-07-08,2026-07-08,48.9,0.7593,-0.3997,0.5972,0.4957,0.8644,0.0047,0.5132,0.6328,0.8164,多周期共振看多 ⬆⬆⬆,0.2791,0.589,0.5625
600521,华海药业,244.8,True,16.35,14.79,7,14.78,-10.34,-1.58,10.55,0.3219,2026-06-30,2026-07-08,69.35,0.9122,3.4578,0.4971,0.9473,0.681,0.1716,0.5131,-0.1383,0.4309,多周期方向不一致，观望,0.0909,-0.236,-0.45
002393,力生制药,43.89,True,14.62,14.44,9,5.33,-7.11,-0.91,1.24,0.1963,2026-06-30,2026-07-08,55.29,0.7939,0.7869,0.3694,0.8763,0.9936,0.3843,0.5129,-0.2701,0.3649,多周期方向不一致，观望,-0.0046,-0.6208,-0.5625
002046,国机精工,326.22,True,61.53,66.98,21,25.01,-8.14,11.27,-8.14,0.3806,2026-07-08,2026-07-08,49.42,0.1071,-0.0772,0.8472,0.2334,0.876,0.0,0.5127,0.7639,0.882,多周期共振看多 ⬆⬆⬆,0.449,0.7315,0.5625
002332,仙琚制药,81.62,True,8.29,8.31,8,2.7,-3.99,-0.65,-0.26,0.1941,2026-07-08,2026-07-08,49.17,0.7778,0.8063,0.2599,0.8667,0.8704,0.5668,0.512,-0.2545,0.3728,多周期方向不一致，观望,-0.092,-0.4772,-0.5625
600497,驰宏锌锗,483.88,True,9.6,10.81,15,26.3,-15.64,6.61,-11.18,0.1245,2026-07-08,2026-07-08,46.29,0.7953,0.1765,0.8645,0.7478,0.8065,0.0,0.511,0.6254,0.8127,多周期共振看多 ⬆⬆⬆,0.3913,0.589,0.45
603118,共进股份,113.68,True,14.44,12.55,6,15.03,-13.18,-2.92,15.03,0.2725,2026-07-03,2026-07-08,59.06,0.7121,1.112,0.7137,0.8273,0.9099,0.0,0.5103,0.0133,0.5067,多周期方向不一致，观望,-0.0678,-0.176,0.2925
000623,吉林敖东,210.8,True,17.7,17.62,17,6.64,-5.97,1.96,0.43,0.3713,2026-06-18,2026-07-08,52.66,0.628,-0.0107,0.4766,0.5725,0.9479,0.2056,0.5101,-0.028,0.486,⚠️⚠️ 逆大势反弹，大概率是下跌中继,0.2889,-0.2184,-0.5625
002367,康力电梯,49.5,True,6.23,6.16,13,20.63,-8.3,5.43,1.09,0.3698,2026-06-18,2026-07-08,64.5,0.6577,2.1384,0.6528,0.7946,0.789,0.0,0.5095,-0.03,0.485,多周期方向不一致，观望,0.3523,0.016,-0.45
603956,威派格,32.83,True,5.76,5.37,10,26.28,-18.05,0.63,7.33,0.3583,2026-06-24,2026-07-08,65.89,0.7598,0.5586,0.8375,0.8559,0.758,0.0,0.5081,-0.074,0.463,多周期方向不一致，观望,0.1652,-0.0168,-0.45
600288,大恒科技,74.74,True,17.11,13.24,7,29.22,-10.81,-0.11,29.22,0.3586,2026-07-03,2026-07-08,77.25,0.9265,8.9652,0.725,0.9559,0.5055,0.0,0.5074,0.0626,0.5313,月线看多，日线反弹（等待周线确认）,0.1733,-0.1182,0.225
603335,迪生力,31.08,True,7.26,8.42,18,21.34,-13.79,7.66,-13.79,0.1331,2026-07-08,2026-07-08,40.64,0.5204,0.7644,1.0424,0.7123,0.6809,0.0,0.5073,0.7823,0.8911,多周期共振看多 ⬆⬆⬆,0.4962,0.7315,0.5625
600110,诺德股份,237.89,True,13.71,14.98,19,42.98,-8.48,13.93,-8.48,0.3402,2026-07-08,2026-07-08,33.64,0.293,0.3229,1.0252,0.505,0.5254,0.0,0.5067,0.7982,0.8991,多周期共振看多 ⬆⬆⬆,0.5155,0.75,0.5625
600671,天目药业,22.45,True,18.44,17.26,11,8.66,-10.35,-0.38,6.84,0.3365,2026-06-29,2026-07-08,66.01,0.6997,1.5985,0.5306,0.8198,0.7554,0.1156,0.5066,-0.0652,0.4674,多周期方向不一致，观望,0.1759,-0.55,0.1125
603091,众鑫股份,22.36,True,50.79,48.49,11,7.03,-15.65,-2.41,4.74,0.2333,2026-06-25,2026-07-08,60.09,0.675,0.875,0.4342,0.805,0.887,0.2764,0.5053,-0.0907,0.4546,多周期方向不一致，观望,0.0159,-0.3878,-0.0245
605060,XD联德股,127.38,True,53.31,51.64,13,12.8,-12.73,1.11,3.24,0.3155,2026-06-26,2026-07-08,54.83,0.6881,0.1247,0.8029,0.6627,0.9963,0.0,0.5049,0.0258,0.5129,⚠️ 月线看多但周线走弱，日线仅为反弹,0.1999,-0.2998,0.2925
002386,天原股份,76.65,True,5.89,5.98,13,8.48,-9.08,1.0,-1.5,0.1943,2026-07-08,2026-07-08,55.61,0.6442,0.5212,0.5151,0.7865,0.9865,0.1414,0.5048,0.0167,0.5083,多周期方向不一致，观望,0.1296,-0.1264,0.0888
603407,长裕集团,26.21,True,72.98,78.87,15,54.85,-21.23,17.19,-7.47,0.302,2026-07-08,2026-07-08,57.18,0.5506,1.0107,1.1338,0.7304,0.9515,0.0,0.5044,0.0,0.5,周线日线方向不一致,0.0,,
605008,长鸿高科,79.0,True,12.23,11.44,12,8.35,-9.02,0.66,6.86,0.4049,2026-06-30,2026-07-08,71.66,0.4247,2.0828,0.3875,0.6548,0.6298,0.3542,0.5032,-0.0327,0.4837,⚠️⚠️ 逆大势反弹，大概率是下跌中继,0.2717,-0.406,-0.45
000703,恒逸石化,521.69,True,13.72,13.9,11,25.15,-7.81,2.95,-1.32,0.2159,2026-07-08,2026-07-08,54.62,0.8121,0.2661,0.8728,0.7937,0.9915,0.0,0.5027,0.0441,0.5221,⚠️ 月线看多但周线走弱，日线仅为反弹,0.1928,-0.1775,0.2925
001389,广合科技,276.53,True,181.5,197.18,13,23.26,-7.95,3.78,-7.95,0.1026,2026-07-08,2026-07-08,41.69,0.7576,1.0159,0.912,0.8546,0.7042,0.0,0.5015,0.5534,0.7767,上升趋势中的日线整理,0.1457,0.75,0.5625
605100,华丰股份,85.46,True,35.92,38.42,13,13.89,-10.94,2.54,-6.52,0.1074,2026-07-08,2026-07-08,46.5,0.6515,0.5659,0.6398,0.7909,0.8112,0.0,0.5015,0.5155,0.7577,上升趋势中的日线整理,0.0738,0.7131,0.5625
605186,健麾信息,43.55,True,32.02,32.89,16,25.21,-4.64,8.94,-2.65,0.4118,2026-07-08,2026-07-08,46.35,0.3243,-0.4391,0.6334,0.2189,0.8078,0.0,0.5006,0.6968,0.8484,多周期共振看多 ⬆⬆⬆,0.454,0.5798,0.5625
001314,亿道信息,72.48,True,58.27,57.39,14,9.15,-8.84,0.8,1.54,0.2812,2026-07-07,2026-07-08,51.63,0.459,-0.0686,0.5989,0.448,0.9251,0.0018,0.5004,0.5001,0.75,上升趋势中的日线整理,0.092,0.6577,0.5625
600793,宜宾纸业,32.57,True,18.41,13.98,7,40.96,-12.19,0.93,31.66,0.3847,2026-06-30,2026-07-08,72.16,0.7502,7.7725,0.9656,0.8501,0.6187,0.0,0.4999,-0.0268,0.4866,⚠️⚠️ 逆大势反弹，大概率是下跌中继,0.2202,-0.2498,-0.45
603270,金帝股份,20.25,True,28.63,30.88,16,14.13,-7.27,3.5,-7.27,0.1601,2026-07-08,2026-07-08,45.63,0.8002,-0.1308,0.7095,0.6278,0.7918,0.0,0.4998,0.6591,0.8296,多周期共振看多 ⬆⬆⬆,0.2131,0.7034,0.5625
002921,联诚精密,33.7,True,26.24,25.71,12,19.17,-15.56,-0.4,2.08,0.2327,2026-06-22,2026-07-08,56.99,0.5186,0.7147,0.756,0.7112,0.9557,0.0,0.4983,0.143,0.5715,月线看多，日线反弹（等待周线确认）,0.1582,-0.1143,0.5625
603898,好莱客,37.89,True,12.62,13.74,17,20.78,-8.12,5.28,-8.12,0.1994,2026-07-08,2026-07-08,50.4,0.7998,1.8757,0.7049,0.8799,0.8978,0.0,0.4971,0.0132,0.5066,多周期方向不一致，观望,0.313,0.0148,-0.225
002174,游族网络,116.92,True,11.94,11.91,16,13.41,-12.75,3.28,0.27,0.3434,2026-06-15,2026-07-08,53.88,0.1871,0.9043,0.6998,0.5123,0.9752,0.0,0.4953,0.1488,0.5744,月线震荡，中短期走强,0.2342,0.4119,-0.1125
002428,云南锗业,646.51,True,99.0,107.22,18,35.91,-11.63,10.74,-7.66,0.3448,2026-07-08,2026-07-08,49.84,0.0914,-0.2011,0.9854,0.1744,0.8854,0.0,0.4948,0.7895,0.8947,多周期共振看多 ⬆⬆⬆,0.493,0.75,0.5625
000782,恒申新材,39.77,True,7.53,7.74,12,12.39,-7.23,0.94,-2.7,0.1686,2026-07-08,2026-07-08,50.0,0.6115,-0.0742,0.5118,0.5372,0.8889,0.147,0.493,0.4953,0.7477,上升趋势中的日线整理,0.0666,0.6669,0.5625
603120,肯特催化,19.14,True,50.5,53.26,11,14.82,-6.41,1.68,-5.17,0.0877,2026-07-08,2026-07-08,48.62,0.7788,0.0787,0.9008,0.6988,0.8583,0.0,0.4915,0.5735,0.7868,多周期共振看多 ⬆⬆⬆,0.1867,0.5379,0.5625
002718,友邦吊顶,92.76,True,98.7,108.52,19,21.0,-9.05,9.81,-9.05,0.3212,2026-07-08,2026-07-08,33.4,0.12,0.3819,0.5273,0.4248,0.5201,0.1212,0.4915,0.7602,0.8801,多周期共振看多 ⬆⬆⬆,0.4502,0.7223,0.5625
603301,振德医疗,236.93,True,89.79,87.05,16,5.17,-10.02,0.94,3.15,0.3888,2026-07-02,2026-07-08,54.28,-0.2849,-0.0294,0.3094,0.1882,0.9839,0.4844,0.4908,0.1236,0.5618,月线看多，日线反弹（等待周线确认）,0.2165,-0.0859,0.405
002603,以岭药业,211.71,True,15.38,15.24,11,4.09,-6.26,-0.18,0.91,0.2615,2026-06-30,2026-07-08,55.01,0.6525,0.1402,0.3881,0.6476,0.9997,0.3532,0.4906,-0.2209,0.3896,多周期方向不一致，观望,0.1049,-0.4984,-0.5625
603819,神力股份,29.18,True,13.4,11.98,5,14.95,-13.02,-3.6,11.84,0.2397,2026-07-02,2026-07-08,67.94,0.8136,2.4296,0.5528,0.8881,0.7124,0.0787,0.49,0.0061,0.503,多周期方向不一致，观望,-0.0161,-0.2518,0.2925
000989,九芝堂,56.99,True,8.21,8.03,9,5.34,-6.25,-0.47,2.3,0.245,2026-06-30,2026-07-08,57.09,0.5292,0.4693,0.4082,0.7052,0.9537,0.3196,0.4882,-0.2112,0.3944,多周期方向不一致，观望,0.0737,-0.4289,-0.5625
002353,杰瑞股份,1091.77,True,157.99,157.52,19,16.64,-5.21,4.86,0.3,0.4311,2026-07-02,2026-07-08,50.18,-0.4606,-0.543,0.7539,0.0,0.8928,0.0,0.488,0.7983,0.8992,多周期共振看多 ⬆⬆⬆,0.5158,0.75,0.5625
000800,一汽解放,305.09,True,6.2,6.07,10,4.27,-3.9,-0.05,2.15,0.2919,2026-07-01,2026-07-08,49.58,0.6161,0.2671,0.35,0.6765,0.8796,0.4167,0.4875,-0.2722,0.3639,多周期方向不一致，观望,0.0685,-0.6929,-0.5625
000510,新金路,117.86,True,19.43,22.31,18,29.49,-12.92,12.45,-12.92,0.2132,2026-07-08,2026-07-08,39.97,0.3891,0.31,0.9684,0.5575,0.666,0.0,0.4871,0.6941,0.8471,多周期共振看多 ⬆⬆⬆,0.4915,0.5417,0.5625
600812,华北制药,78.58,True,4.58,4.43,9,5.2,-7.55,-0.84,3.33,0.2519,2026-06-30,2026-07-08,57.24,0.5388,0.8133,0.3934,0.7233,0.9502,0.3443,0.487,-0.2812,0.3594,多周期方向不一致，观望,0.0452,-0.7125,-0.5625
603811,诚意药业,33.73,True,7.36,7.52,12,3.33,-6.2,-0.52,-2.16,0.1844,2026-07-08,2026-07-08,48.47,0.7001,0.4704,0.3341,0.8083,0.8548,0.4432,0.4869,-0.2213,0.3893,多周期方向不一致，观望,-0.0196,-0.3933,-0.5625
600211,西藏药业,121.13,True,37.58,37.32,11,5.04,-8.87,-1.16,0.71,0.1866,2026-06-26,2026-07-08,55.72,0.6333,0.7267,0.3995,0.78,0.9839,0.3341,0.4867,-0.2504,0.3748,多周期方向不一致，观望,0.0023,-0.5403,-0.5625
002876,三利谱,45.87,True,30.8,32.42,17,13.35,-6.62,3.64,-5.01,0.2363,2026-07-08,2026-07-08,43.54,0.8617,-0.4292,0.5823,0.5454,0.7454,0.0296,0.4862,0.5318,0.7659,上升趋势中的日线整理,0.1125,0.7223,0.5625
002793,罗欣药业,49.08,True,4.52,4.14,6,15.86,-10.54,-1.58,9.19,0.2858,2026-06-30,2026-07-08,63.37,0.8503,3.2306,0.6151,0.9102,0.8141,0.0,0.4859,-0.2323,0.3839,多周期方向不一致，观望,0.0227,-0.4781,-0.5625
002787,华源控股,67.43,True,27.18,29.0,17,17.86,-6.28,5.23,-6.28,0.2443,2026-07-08,2026-07-08,43.35,0.707,-0.5739,0.7891,0.4242,0.7411,0.0,0.4853,0.7279,0.8639,多周期共振看多 ⬆⬆⬆,0.3352,0.75,0.5625
600196,复星医药,486.19,True,22.95,22.44,9,7.94,-7.37,-0.41,2.26,0.2177,2026-06-26,2026-07-08,59.91,0.7412,0.4575,0.4145,0.8277,0.8908,0.3092,0.4848,-0.2845,0.3578,多周期方向不一致，观望,0.0507,-0.7315,-0.5625
601233,桐昆股份,514.12,True,21.65,22.69,18,15.22,-4.58,5.86,-4.58,0.3184,2026-07-08,2026-07-08,50.08,0.4323,-0.3934,0.829,0.302,0.8907,0.0,0.4848,0.5618,0.7809,多周期共振看多 ⬆⬆⬆,0.3468,0.5325,0.405
603285,键邦股份,30.16,True,48.42,47.88,10,15.8,-20.37,-0.05,1.13,0.1863,2026-07-07,2026-07-08,47.03,0.3182,1.7429,0.9627,0.5909,0.8228,0.0,0.4847,0.4977,0.7489,上升趋势中的日线整理,0.0309,0.7038,0.5625
603255,鼎际得,19.54,True,32.2,33.09,16,10.14,-10.61,2.61,-2.69,0.2524,2026-07-08,2026-07-08,46.98,0.3333,0.5053,0.5055,0.6,0.8218,0.1575,0.4844,0.197,0.5985,月线震荡，中短期走强,0.1606,0.4705,0.0539
603501,豪威集团,1218.23,True,100.95,92.23,7,11.93,-13.45,-1.97,9.45,0.2985,2026-06-29,2026-07-08,65.65,0.7415,0.3972,0.52,0.8037,0.7634,0.1333,0.4844,-0.1495,0.4253,多周期方向不一致，观望,-0.0378,-0.0624,-0.5625
603375,盛景微,30.54,True,47.89,48.96,10,4.78,-10.53,-0.92,-2.19,0.1204,2026-07-08,2026-07-08,45.82,0.6511,0.3887,0.6938,0.7462,0.7959,0.0,0.4825,0.4217,0.7108,上升趋势中的日线整理,-0.0611,0.5852,0.5625
603679,华体科技,33.46,True,18.83,19.85,18,19.39,-6.55,6.69,-5.12,0.3257,2026-07-08,2026-07-08,46.48,-0.0757,0.1711,0.6224,0.2684,0.8106,0.0,0.4822,0.6734,0.8367,多周期共振看多 ⬆⬆⬆,0.4571,0.5256,0.5625
600552,凯盛科技,207.15,True,21.93,25.02,18,37.77,-12.35,14.38,-12.35,0.2275,2026-07-08,2026-07-08,45.15,0.5502,-0.3871,1.1559,0.3753,0.7811,0.0,0.4821,0.7731,0.8865,多周期共振看多 ⬆⬆⬆,0.505,0.7038,0.5625
002955,鸿合科技,64.49,True,32.96,33.76,21,25.11,-2.38,14.73,-2.38,0.5247,2026-07-08,2026-07-08,47.16,-0.1198,-0.608,0.6402,0.0,0.8258,0.0,0.4816,0.6028,0.8014,多周期共振看多 ⬆⬆⬆,0.5435,0.364,0.495
603989,艾华集团,159.03,True,39.88,43.05,18,49.4,-7.37,17.78,-7.37,0.3522,2026-07-08,2026-07-08,53.08,0.0715,-0.7364,1.1059,0.0429,0.9573,0.0,0.4796,0.7745,0.8872,多周期共振看多 ⬆⬆⬆,0.487,0.7223,0.5625
603002,宏昌电子,224.55,True,19.8,22.2,18,40.53,-10.82,13.83,-10.82,0.2658,2026-07-08,2026-07-08,38.39,0.3216,0.0187,1.0167,0.4004,0.6308,0.0,0.479,0.7962,0.8981,多周期共振看多 ⬆⬆⬆,0.5102,0.75,0.5625
601369,陕鼓动力,154.41,True,9.05,8.92,9,5.18,-8.2,-0.69,1.5,0.2052,2026-06-25,2026-06-26,54.07,0.6763,1.9042,0.514,0.8058,0.9794,0.1433,0.4786,-0.2428,0.3786,月线震荡，中短期走弱,-0.2497,-0.4896,-0.1125
603668,天马科技,59.79,True,11.82,11.89,12,12.99,-11.1,2.11,-0.63,0.228,2026-07-08,2026-07-08,62.39,0.7824,0.2941,0.5491,0.7871,0.8358,0.0849,0.4778,-0.0545,0.4728,⚠️⚠️ 逆大势反弹，大概率是下跌中继,0.1511,-0.6054,-0.5625
600488,津药药业,59.94,True,5.49,4.93,6,11.26,-13.09,-4.04,11.26,0.2445,2026-06-30,2026-07-08,62.9,0.6067,0.6605,0.9,0.764,0.8245,0.0,0.4775,0.0219,0.511,多周期方向不一致，观望,-0.0801,-0.2852,0.45
600380,健康元,181.12,True,9.9,9.72,10,5.9,-5.54,-0.4,1.82,0.2625,2026-06-30,2026-07-08,56.39,0.5069,0.2777,0.3494,0.6152,0.9691,0.4177,0.4774,-0.2925,0.3538,多周期方向不一致，观望,0.0207,-0.7408,-0.5625
605118,力鼎光电,150.1,True,36.71,33.9,9,12.96,-16.99,-2.82,8.28,0.2796,2026-06-29,2026-07-08,58.77,0.5764,2.7934,0.6838,0.7459,0.9162,0.0,0.4773,-0.1457,0.4272,多周期方向不一致，观望,-0.0424,-0.4402,-0.1641
603990,麦迪科技,63.95,True,20.95,21.55,14,13.32,-4.58,3.43,-2.77,0.2392,2026-07-08,2026-07-08,38.05,0.5199,-0.0135,0.5911,0.5065,0.6234,0.0149,0.477,0.6711,0.8356,多周期共振看多 ⬆⬆⬆,0.2649,0.6854,0.5625
002675,东诚药业,93.37,True,12.56,12.64,11,2.52,-2.43,0.19,-0.65,0.2661,2026-07-08,2026-07-08,47.81,0.6042,0.0675,0.2874,0.5895,0.8402,0.5209,0.4761,-0.1985,0.4007,多周期方向不一致，观望,0.1066,-0.4013,-0.5625
603006,联明股份,33.28,True,13.09,13.66,14,8.15,-7.05,1.12,-4.2,0.1542,2026-07-08,2026-07-08,56.5,0.8292,-0.3817,0.4722,0.5449,0.9666,0.2129,0.4752,0.2299,0.6149,上升趋势中的日线整理,-0.0243,0.3603,0.2578
002916,深南电路,2674.73,True,402.33,425.82,20,14.53,-5.52,5.69,-5.52,0.3225,2026-07-08,2026-07-08,41.18,0.281,-0.2938,0.7512,0.2511,0.6928,0.0,0.4747,0.791,0.8955,多周期共振看多 ⬆⬆⬆,0.5076,0.7408,0.5625
002236,大华股份,405.54,True,16.96,16.35,8,3.74,-7.21,-1.8,3.74,0.2338,2026-06-29,2026-07-08,57.87,0.3279,0.6232,0.3321,0.5968,0.9362,0.4465,0.4737,-0.207,0.3965,多周期方向不一致，观望,-0.0477,-0.3069,-0.5619
002275,桂林三金,72.81,True,13.07,12.65,5,6.91,-5.43,-1.56,3.3,0.1692,2026-07-01,2026-07-08,61.95,0.7247,0.5232,0.3471,0.8348,0.8456,0.4214,0.4732,-0.308,0.346,多周期方向不一致，观望,-0.1471,-0.6652,-0.5625
002546,新联电子,58.81,True,7.34,7.15,11,9.15,-13.6,-2.23,2.71,0.1871,2026-07-07,2026-07-08,57.18,0.7894,0.8714,0.6792,0.8736,0.9515,0.0,0.4719,-0.2131,0.3934,多周期方向不一致，观望,-0.0784,-0.6577,-0.2118
002203,海亮股份,451.5,True,20.41,22.73,12,23.75,-12.85,4.35,-10.19,0.0449,2026-07-08,2026-07-08,39.8,0.7387,0.4464,0.8984,0.8218,0.6621,0.0,0.4712,0.5529,0.7764,上升趋势中的日线整理,0.1443,0.75,0.5625
600531,豫光金铅,158.53,True,13.11,14.31,15,26.84,-16.73,3.77,-8.38,0.1236,2026-07-08,2026-07-08,48.55,0.9099,0.4319,0.9045,0.9187,0.8566,0.0,0.4707,-0.0289,0.4855,⚠️⚠️ 逆大势反弹，大概率是下跌中继,0.1809,-0.3671,-0.3375
002080,中材科技,1220.67,True,72.74,79.55,14,35.18,-12.15,9.13,-8.56,0.237,2026-07-08,2026-07-08,42.53,0.3572,-0.1515,1.0775,0.3537,0.7228,0.0,0.4704,0.7613,0.8806,多周期共振看多 ⬆⬆⬆,0.4315,0.7408,0.5625
002350,北京科锐,79.95,True,15.07,14.26,3,5.71,-11.95,-4.88,5.71,0.0911,2026-07-07,2026-07-08,48.0,0.8383,0.4861,0.5694,0.8974,0.8444,0.0509,0.4703,0.0537,0.5269,月线看多，中短期调整中,-0.1679,-0.1629,0.5625
000818,航锦科技,93.4,True,14.19,13.65,10,14.41,-16.19,-1.69,3.94,0.2153,2026-06-29,2026-07-08,57.41,0.7405,1.9775,0.853,0.8443,0.9463,0.0,0.47,-0.2434,0.3783,多周期方向不一致，观望,0.0827,-0.5783,-0.5625
002976,瑞玛精密,29.92,True,24.58,24.67,10,12.88,-17.88,-1.76,-0.38,0.1055,2026-07-08,2026-07-08,57.97,0.2897,2.0047,0.9897,0.5738,0.934,0.0,0.4698,0.4663,0.7331,上升趋势中的日线整理,0.0956,0.5667,0.5625
002126,银轮股份,411.09,True,51.7,50.05,8,11.16,-10.27,-1.37,3.3,0.1755,2026-07-01,2026-07-08,46.65,0.5499,0.0109,0.676,0.5343,0.8144,0.0,0.4696,0.5036,0.7518,上升趋势中的日线整理,0.0809,0.6762,0.5625
002384,东山精密,3293.35,True,237.56,244.47,14,21.18,-8.67,5.22,-2.83,0.2826,2026-07-08,2026-07-08,44.2,0.0327,0.1398,0.8685,0.2755,0.76,0.0,0.4693,0.7234,0.8617,多周期共振看多 ⬆⬆⬆,0.3235,0.75,0.5625
002748,世龙实业,27.24,True,11.35,10.9,8,4.13,-7.54,-1.43,4.13,0.2464,2026-07-03,2026-07-08,57.94,0.3718,1.9202,0.4173,0.6231,0.9347,0.3045,0.4687,-0.2038,0.3981,多周期方向不一致，观望,-0.0537,-0.6326,-0.217
002600,领益智造,1084.28,True,15.06,16.15,14,16.3,-11.54,3.22,-6.73,0.1349,2026-07-08,2026-07-08,46.75,0.8141,-0.1518,0.9209,0.6277,0.8166,0.0,0.4684,0.4393,0.7197,多周期共振看多 ⬆⬆⬆,0.1673,0.4172,0.405
600353,旭光电子,307.99,True,37.16,40.92,21,69.55,-9.19,28.62,-9.19,0.3543,2026-07-08,2026-07-08,48.75,0.0173,-0.3985,1.2041,0.051,0.861,0.0,0.4681,0.7794,0.8897,多周期共振看多 ⬆⬆⬆,0.5425,0.6854,0.5625
605588,冠石科技,42.98,True,58.8,61.54,14,18.42,-15.38,3.62,-4.46,0.2019,2026-07-08,2026-07-08,39.83,0.4295,0.1523,0.646,0.5186,0.6628,0.0,0.4681,0.6346,0.8173,多周期共振看多 ⬆⬆⬆,0.2271,0.6375,0.5625
002440,闰土股份,89.62,True,9.47,10.29,16,22.19,-9.65,6.25,-7.99,0.2112,2026-07-08,2026-07-08,44.55,0.7351,1.9594,0.9347,0.8411,0.7679,0.0,0.4674,-0.0351,0.4824,⚠️⚠️ 逆大势反弹，大概率是下跌中继,0.215,-0.516,-0.3375
002156,通富微电,995.6,True,65.61,67.85,11,17.34,-11.6,1.88,-3.3,0.1396,2026-07-08,2026-07-08,48.16,0.7406,-0.2265,0.8215,0.5537,0.8481,0.0,0.467,0.4972,0.7486,上升趋势中的日线整理,0.0293,0.7038,0.5625
600352,浙江龙盛,373.16,True,11.47,11.72,16,15.34,-8.29,4.21,-2.14,0.3063,2026-07-08,2026-07-08,49.57,0.3293,0.5876,0.7366,0.5976,0.8793,0.0,0.4643,-0.0316,0.4842,⚠️⚠️ 逆大势反弹，大概率是下跌中继,0.2105,-0.4441,-0.3375
603129,春风动力,396.08,True,258.06,241.77,14,12.34,-6.65,2.8,6.74,0.4611,2026-06-18,2026-07-08,74.84,-0.2368,-0.0811,0.4042,0.1675,0.5592,0.3264,0.4628,0.396,0.698,多周期共振看多 ⬆⬆⬆,0.3925,0.1965,0.3375
603173,福斯达,55.62,True,34.76,35.3,10,11.34,-8.45,1.14,-1.52,0.1495,2026-07-08,2026-07-08,53.53,0.7487,0.1237,0.5166,0.6987,0.9673,0.139,0.4619,-0.0534,0.4733,⚠️⚠️ 逆大势反弹，大概率是下跌中继,0.1967,-0.6238,-0.5625
002755,奥赛康,133.28,True,14.36,13.47,8,14.99,-18.0,-2.06,6.6,0.2408,2026-06-26,2026-07-08,66.48,0.8447,0.2822,0.5167,0.8197,0.7449,0.1388,0.4618,-0.2,0.4,多周期方向不一致，观望,0.0487,-0.3585,-0.5625
002258,利尔化学,109.0,True,13.64,13.39,18,10.35,-4.57,3.24,1.85,0.4417,2026-07-01,2026-07-08,50.52,0.5374,-0.495,0.6558,0.3244,0.9005,0.0,0.461,0.0283,0.5141,多周期方向不一致，观望,0.4075,0.1127,-0.3375
605399,晨光新材,43.89,True,14.09,13.75,8,9.41,-16.18,-1.43,2.44,0.1526,2026-07-06,2026-07-08,52.65,0.7379,1.304,0.6902,0.8427,0.9478,0.0,0.4599,-0.1732,0.4134,多周期方向不一致，观望,-0.0506,-0.4504,-0.2674
600265,*ST景谷,29.49,True,22.72,22.53,6,11.33,-13.02,-3.12,0.86,0.0392,2026-07-07,2026-07-08,54.63,0.7884,-0.7358,0.4418,0.473,0.9917,0.2636,0.4595,0.4244,0.7122,上升趋势中的日线整理,-0.0514,0.584,0.5625
600889,*ST京化,57.3,True,15.64,15.84,11,6.22,-5.25,-0.12,-1.26,0.203,2026-07-08,2026-07-08,47.23,0.6904,-0.1612,0.3375,0.5497,0.8273,0.4374,0.4591,-0.0366,0.4817,多周期方向不一致，观望,0.1189,0.2323,-0.495
600750,华润江中,151.86,True,24.15,23.35,9,7.72,-7.34,-0.75,3.44,0.2386,2026-07-03,2026-07-08,56.12,0.19,0.1039,0.3345,0.3556,0.9751,0.4424,0.4584,0.0014,0.5007,多周期方向不一致，观望,-0.038,-0.1862,0.225
000518,四环生物,39.33,True,3.82,3.3,6,15.9,-13.03,-3.5,15.9,0.258,2026-06-30,2026-07-08,78.81,0.575,-0.0677,0.4534,0.5179,0.4708,0.2443,0.4577,0.4532,0.7266,上升趋势中的日线整理,0.0358,0.584,0.5625
000711,ST京蓝,135.5,True,5.69,5.17,3,10.1,-20.71,-7.7,10.1,0.1051,2026-07-06,2026-07-08,54.03,0.3788,0.407,0.7429,0.5901,0.9784,0.0,0.4576,0.2905,0.6452,上升趋势中的日线回调（关注买点）,-0.2342,0.6146,0.5625
600345,长江通信,121.01,True,57.2,62.66,17,28.33,-9.63,7.96,-8.72,0.2514,2026-07-08,2026-07-08,45.59,0.324,-0.3259,0.781,0.2641,0.7909,0.0,0.4576,0.6858,0.8429,多周期共振看多 ⬆⬆⬆,0.2272,0.75,0.5625
605116,奥锐特,78.92,True,19.43,19.56,10,8.47,-10.47,0.05,-0.65,0.1542,2026-07-08,2026-07-08,50.13,0.7062,0.5535,0.5132,0.8237,0.8917,0.1446,0.4576,-0.2131,0.3934,多周期方向不一致，观望,0.1276,-0.5512,-0.495
002396,星网锐捷,220.41,True,29.1,20.49,6,42.03,-20.57,-1.59,42.03,0.3057,2026-06-30,2026-07-08,82.08,0.5544,0.4579,0.8776,0.7158,0.3983,0.0,0.4567,0.2964,0.6482,多周期共振看多 ⬆⬆⬆,0.2915,0.2441,0.1575
002986,宇新股份,36.22,True,12.0,11.93,13,12.75,-10.68,-0.16,0.62,0.2182,2026-06-18,2026-07-08,55.37,0.7077,-0.0715,0.4771,0.596,0.9917,0.2048,0.4566,-0.1782,0.4109,多周期方向不一致，观望,0.0739,-0.5913,-0.2554
603358,华达科技,190.16,True,41.18,40.3,17,12.36,-5.45,4.35,2.19,0.4339,2026-06-17,2026-07-08,64.91,0.2436,0.0957,0.6206,0.3844,0.7798,0.0,0.4562,0.0574,0.5287,⚠️ 月线空头下的短期反弹，不宜追高,0.5978,0.3233,-0.18
603207,小方制药,12.48,True,22.86,22.5,9,6.1,-7.89,-1.03,1.6,0.1783,2026-06-30,2026-07-08,57.01,0.6757,0.1589,0.3757,0.669,0.9554,0.3738,0.4553,-0.3015,0.3493,多周期方向不一致，观望,-0.015,-0.75,-0.5625
000519,中兵红箭,256.23,True,18.4,20.28,18,14.86,-9.26,3.34,-9.26,0.1382,2026-07-08,2026-07-08,42.78,0.8067,0.471,0.7023,0.8725,0.7284,0.0,0.4551,0.0393,0.5196,⚠️ 月线空头下的短期反弹，不宜追高,0.2633,0.4483,-0.225
600182,S佳通,23.55,True,13.85,13.79,11,8.87,-7.33,-0.2,0.4,0.2042,2026-07-01,2026-07-08,46.31,0.4949,2.658,0.4494,0.697,0.8069,0.251,0.4549,-0.1354,0.4323,多周期方向不一致，观望,0.0588,-0.0832,-0.5625
000810,创维数字,125.94,True,11.34,12.0,14,14.94,-13.88,2.61,-5.48,0.1511,2026-07-08,2026-07-08,41.88,0.8016,1.9038,0.64,0.881,0.7085,0.0,0.4543,0.0118,0.5059,多周期方向不一致，观望,0.0028,0.1126,-0.063
002859,洁美科技,343.38,True,80.17,92.99,19,30.14,-13.79,12.76,-13.79,0.2076,2026-07-08,2026-07-08,43.68,0.4652,-0.5776,1.0927,0.2791,0.7485,0.0,0.454,0.789,0.8945,多周期共振看多 ⬆⬆⬆,0.4917,0.75,0.5625
603338,浙江鼎力,263.2,True,51.98,46.93,5,14.75,-9.65,-3.3,10.76,0.247,2026-07-01,2026-07-08,64.06,0.5713,0.5822,0.5985,0.7428,0.7986,0.0025,0.4535,-0.1135,0.4432,多周期方向不一致，观望,-0.0248,-0.1832,-0.2944
603663,三祥新材,322.97,True,76.23,87.18,19,39.96,-12.56,19.44,-12.56,0.2384,2026-07-08,2026-07-08,47.01,0.3037,-0.5145,0.8657,0.1822,0.8225,0.0,0.4522,0.7671,0.8836,多周期共振看多 ⬆⬆⬆,0.5238,0.6744,0.5625
002971,和远气体,92.3,True,57.33,64.19,20,60.5,-10.69,29.46,-10.69,0.301,2026-07-08,2026-07-08,46.71,0.0354,-0.3168,1.1431,0.0945,0.8157,0.0,0.4518,0.7618,0.8809,多周期共振看多 ⬆⬆⬆,0.5425,0.6467,0.5625
002326,永太科技,173.84,True,21.51,23.83,15,18.73,-9.72,4.46,-9.72,0.1071,2026-07-08,2026-07-08,47.33,0.7706,1.9899,0.8095,0.8623,0.8296,0.0,0.4509,-0.0249,0.4875,多周期方向不一致，观望,-0.0095,-0.0564,-0.0447
600166,福田汽车,250.19,True,3.16,3.09,12,5.35,-5.83,0.19,2.41,0.2994,2026-07-02,2026-07-08,46.94,0.4683,-0.2428,0.4174,0.3838,0.8209,0.3043,0.4507,0.0447,0.5223,⚠️ 月线看多但周线走弱，日线仅为反弹,0.1745,-0.1585,0.2925
002057,中钢天源,81.21,True,10.78,12.05,19,27.01,-10.51,11.14,-10.51,0.2895,2026-07-08,2026-07-08,43.12,0.1344,0.1627,0.7686,0.3457,0.736,0.0,0.4505,0.4724,0.7362,多周期共振看多 ⬆⬆⬆,0.5102,0.364,0.237
000925,众合科技,0.0,True,8.25,8.87,14,18.77,-6.95,4.16,-6.95,0.1529,2026-07-08,2026-07-08,49.72,0.8876,-0.3989,0.7442,0.573,0.8828,0.0,0.45,0.257,0.6285,上升趋势中的日线整理,0.1308,0.3066,0.2488
600171,上海贝岭,198.43,True,27.99,28.9,12,14.02,-9.45,1.28,-3.14,0.1445,2026-07-08,2026-07-08,50.08,0.9165,0.0242,0.5604,0.7596,0.8907,0.066,0.4497,-0.086,0.457,多周期方向不一致，观望,-0.0371,-0.0537,-0.2925
605376,博迁新材,530.52,True,202.8,227.41,19,33.93,-10.82,15.36,-10.82,0.2818,2026-07-08,2026-07-08,48.1,0.0309,-0.3903,1.0646,0.0624,0.8466,0.0,0.4494,0.8032,0.9016,多周期共振看多 ⬆⬆⬆,0.5282,0.75,0.5625
002636,金安国纪,678.76,True,93.71,103.51,19,65.81,-9.47,36.54,-9.47,0.3156,2026-07-08,2026-07-08,48.68,-0.2401,-0.5438,1.0127,0.0,0.8596,0.0,0.4492,0.8049,0.9024,多周期共振看多 ⬆⬆⬆,0.5327,0.75,0.5625
002245,蔚蓝锂芯,0.0,True,19.89,20.35,12,9.7,-10.01,-0.12,-2.27,0.1312,2026-07-08,2026-07-08,46.78,0.4583,0.1058,0.7882,0.5173,0.8174,0.0,0.4487,0.4659,0.7329,上升趋势中的日线整理,-0.0155,0.6608,0.5625
003033,征和工业,55.08,True,68.22,55.38,8,23.18,-16.16,-1.53,23.18,0.3391,2026-06-30,2026-07-08,80.44,0.8837,-0.0975,0.6971,0.6912,0.4346,0.0,0.4486,0.1474,0.5737,月线看多，日线反弹（等待周线确认）,0.3793,0.1192,0.1575
002444,巨星科技,374.64,True,32.67,30.96,9,9.48,-6.63,-1.02,5.52,0.2556,2026-07-01,2026-07-08,67.38,0.3322,0.4489,0.449,0.5789,0.7248,0.2517,0.4483,-0.0244,0.4878,多周期方向不一致，观望,0.0489,-0.1278,-0.0212
002107,沃华医药,34.91,True,6.11,6.01,6,10.93,-9.66,-2.98,1.62,0.0615,2026-06-30,2026-07-08,53.85,0.7395,0.7847,0.5068,0.8437,0.9744,0.1553,0.4476,-0.2101,0.395,多周期方向不一致，观望,-0.1486,-0.4587,-0.3375
600129,太极集团,82.49,True,14.96,13.28,7,12.69,-11.02,-2.51,12.69,0.2987,2026-06-29,2026-07-08,65.89,0.6379,3.0787,0.6406,0.7827,0.758,0.0,0.4472,-0.3013,0.3493,多周期方向不一致，观望,-0.014,-0.75,-0.5625
603367,辰欣药业,60.67,True,13.4,13.29,8,5.78,-6.43,-1.5,0.82,0.1493,2026-06-30,2026-07-08,54.51,0.5207,1.157,0.4479,0.7124,0.989,0.2534,0.4459,-0.3203,0.3398,多周期方向不一致，观望,-0.1113,-0.75,-0.5625
603281,江瀚新材,123.28,True,23.77,26.5,13,17.25,-12.99,2.95,-10.3,0.0231,2026-07-08,2026-07-08,41.21,0.7352,1.2639,0.7161,0.8411,0.6935,0.0,0.4459,0.3336,0.6668,上升趋势中的日线整理,0.0797,0.3481,0.45
603416,信捷电气,79.86,True,57.23,55.29,5,10.01,-9.59,-2.21,3.51,0.112,2026-07-01,2026-07-08,54.26,0.7126,-0.1083,0.5746,0.5842,0.9836,0.0423,0.4452,0.1437,0.5718,上升趋势中的日线整理,-0.1209,0.2519,0.225
605183,确成股份,60.34,True,14.63,15.1,10,10.39,-7.05,-0.43,-3.12,0.0971,2026-07-08,2026-07-08,46.81,0.8287,0.4978,0.4693,0.8963,0.8181,0.2178,0.4444,-0.2675,0.3662,多周期方向不一致，观望,-0.0171,-0.5987,-0.5625
600867,通化东宝,156.1,True,7.97,7.81,10,7.92,-7.82,-0.58,1.99,0.1942,2026-06-26,2026-07-08,59.62,0.7454,0.0829,0.5475,0.6804,0.8974,0.0874,0.4434,-0.1541,0.4229,多周期方向不一致，观望,0.0311,-0.3667,-0.3375
600228,返利科技,26.63,True,6.4,7.66,11,52.75,-16.45,9.13,-16.45,0.0,2026-07-08,2026-07-08,47.36,0.3538,4.8669,1.0932,0.6123,0.8303,0.0,0.4432,0.57,0.785,多周期共振看多 ⬆⬆⬆,0.1951,0.6355,0.45
603222,济民健康,48.31,True,9.2,8.09,7,13.7,-14.81,-4.26,13.7,0.2548,2026-06-29,2026-07-08,64.72,0.4429,3.4918,0.7314,0.6658,0.784,0.0,0.4421,-0.0804,0.4598,多周期方向不一致，观望,-0.1416,-0.2994,0.0675
600557,康缘药业,70.77,True,12.5,11.96,7,6.76,-9.45,-1.76,4.53,0.1976,2026-06-30,2026-07-08,56.38,0.4932,3.6062,0.5387,0.6959,0.9694,0.1021,0.4417,-0.2988,0.3506,多周期方向不一致，观望,-0.0226,-0.7315,-0.5625
605589,圣泉集团,456.46,True,53.96,63.13,17,32.11,-14.53,11.27,-14.53,0.1572,2026-07-08,2026-07-08,36.48,0.4773,-0.1308,0.9899,0.4341,0.5885,0.0,0.4416,0.7547,0.8774,多周期共振看多 ⬆⬆⬆,0.4038,0.75,0.5625
601636,旗滨集团,214.5,True,7.25,8.14,17,34.36,-10.93,10.98,-10.93,0.2471,2026-07-08,2026-07-08,40.27,0.4347,-0.4005,1.1126,0.3006,0.6728,0.0,0.4408,0.6451,0.8226,多周期共振看多 ⬆⬆⬆,0.3538,0.5521,0.5625
603662,柯力传感,177.71,True,63.28,69.28,16,15.37,-8.67,3.93,-8.67,0.1361,2026-07-08,2026-07-08,41.41,0.7677,0.1774,0.7865,0.7316,0.698,0.0,0.4398,0.1841,0.592,月线震荡，中短期走强,0.296,0.4777,-0.1125
002102,ST能特,51.06,True,2.35,2.22,6,7.09,-7.22,-1.42,5.62,0.2186,2026-06-30,2026-07-08,61.43,0.3957,0.4674,0.3856,0.6244,0.8571,0.3573,0.4397,-0.3203,0.3398,多周期方向不一致，观望,-0.1113,-0.75,-0.5625
002741,光华科技,132.55,True,31.09,34.73,17,37.77,-10.47,11.04,-10.47,0.2587,2026-07-08,2026-07-08,32.71,0.388,-0.1755,1.0127,0.3626,0.5047,0.0,0.4385,0.7014,0.8507,多周期共振看多 ⬆⬆⬆,0.418,0.6208,0.5625
002843,泰嘉股份,57.55,True,23.0,21.81,6,10.75,-16.1,-3.73,5.47,0.1388,2026-06-30,2026-07-08,55.02,0.4783,0.2593,0.5521,0.5907,0.9995,0.0798,0.4372,-0.0441,0.4779,多周期方向不一致，观望,-0.1144,-0.276,0.18
603566,普莱柯,35.61,True,10.29,10.13,10,4.5,-6.57,-0.74,1.59,0.2395,2026-06-30,2026-07-08,58.95,0.4297,0.0895,0.354,0.4936,0.9123,0.4101,0.436,-0.299,0.3505,多周期方向不一致，观望,-0.0023,-0.75,-0.5625
002601,龙佰集团,319.01,True,16.05,16.27,16,15.4,-10.11,4.66,-1.33,0.3376,2026-07-08,2026-07-08,58.96,0.3594,-0.0589,0.6183,0.3921,0.9121,0.0,0.4355,-0.0478,0.4761,⚠️⚠️ 逆大势反弹，大概率是下跌中继,0.1506,-0.4774,-0.5625
600703,三安光电,830.67,True,16.65,18.35,14,30.14,-13.29,7.17,-9.29,0.1698,2026-07-08,2026-07-08,47.7,0.4622,-0.406,0.9996,0.3149,0.8379,0.0,0.4354,0.5668,0.7834,多周期共振看多 ⬆⬆⬆,0.1744,0.5337,0.5625
603818,曲美家居,22.52,True,3.28,3.02,6,13.62,-12.78,-2.9,8.54,0.2364,2026-06-30,2026-07-08,69.6,0.7571,0.9987,0.5759,0.8542,0.6756,0.0401,0.4353,-0.2948,0.3526,多周期方向不一致，观望,-0.081,-0.664,-0.5625
600567,山鹰国际,84.52,True,1.34,1.37,14,6.35,-5.85,0.45,-2.4,0.2384,2026-07-08,2026-07-08,48.28,0.5055,0.524,0.5465,0.7033,0.8506,0.0892,0.435,-0.309,0.3455,多周期方向不一致，观望,-0.0643,-0.7408,-0.5625
002292,奥飞娱乐,74.1,True,7.28,6.84,5,14.05,-10.66,-3.23,6.46,0.1604,2026-07-01,2026-07-08,62.78,0.7455,1.6247,0.6419,0.8473,0.8272,0.0,0.4346,-0.2568,0.3716,多周期方向不一致，观望,-0.0661,-0.5098,-0.5625
002014,永新股份,64.49,True,10.7,10.75,12,8.22,-5.18,0.63,-0.43,0.2469,2026-07-08,2026-07-08,51.23,0.3174,0.5903,0.5507,0.5905,0.9162,0.0822,0.4344,-0.227,0.3865,多周期方向不一致，观望,0.1431,-0.6255,-0.495
600315,上海家化,121.14,True,18.02,17.61,7,3.21,-7.88,-1.65,2.33,0.1897,2026-07-03,2026-07-08,48.73,0.3439,1.0029,0.3516,0.6064,0.8607,0.4141,0.4336,-0.3209,0.3396,多周期方向不一致，观望,-0.1142,-0.75,-0.5625
002884,凌霄泵业,44.32,True,16.23,15.74,4,4.07,-5.86,-2.62,3.1,0.1411,2026-07-02,2026-07-08,57.99,0.1473,1.1861,0.2532,0.4884,0.9335,0.5779,0.4336,-0.2337,0.3831,月线震荡，中短期走弱,-0.2599,-0.4401,-0.1226
603678,火炬电子,296.37,True,62.32,71.09,20,30.81,-12.34,19.3,-12.34,0.2597,2026-07-08,2026-07-08,44.45,-0.2247,-0.1748,1.1538,0.1301,0.7657,0.0,0.4329,0.7133,0.8567,多周期共振看多 ⬆⬆⬆,0.5515,0.5325,0.5625
002261,拓维信息,353.46,True,30.84,29.38,6,4.96,-14.73,-2.44,4.96,0.1616,2026-07-07,2026-07-08,54.77,0.5164,1.5426,0.6885,0.7098,0.9949,0.0,0.4328,-0.2553,0.3723,多周期方向不一致，观望,-0.0965,-0.5152,-0.5241
603181,皇马科技,85.3,True,14.49,15.88,17,15.7,-8.72,5.96,-8.72,0.2013,2026-07-08,2026-07-08,38.1,0.5773,0.856,0.5628,0.7464,0.6245,0.062,0.4328,-0.0138,0.4931,多周期方向不一致，观望,0.346,0.0926,-0.45
600201,生物股份,139.75,True,12.57,12.08,9,6.1,-8.17,-0.36,4.06,0.2774,2026-07-01,2026-07-08,60.41,0.4638,-0.1884,0.3886,0.4029,0.8798,0.3524,0.4318,-0.1938,0.4031,多周期方向不一致，观望,0.0827,-0.5852,-0.3375
002145,钛能化学,164.82,True,4.33,4.62,14,12.33,-6.23,2.55,-6.23,0.1308,2026-07-08,2026-07-08,47.11,0.7759,0.4072,0.6109,0.8284,0.8247,0.0,0.4316,-0.1759,0.4121,多周期方向不一致，观望,0.0272,-0.2342,-0.5625
000935,四川双马,210.18,True,27.53,26.02,5,5.82,-17.48,-5.47,5.82,0.0882,2026-07-07,2026-07-08,59.17,0.4479,0.1839,0.402,0.5423,0.9074,0.3299,0.4315,0.0202,0.5101,月线看多，中短期调整中,-0.1649,-0.2127,0.45
000541,佛山照明,61.32,True,5.02,5.05,14,9.77,-6.19,1.1,-0.66,0.2476,2026-07-08,2026-07-08,48.06,0.6188,-0.258,0.4923,0.4681,0.8458,0.1794,0.4307,-0.056,0.472,⚠️⚠️ 逆大势反弹，大概率是下跌中继,0.1729,-0.6515,-0.5625
002837,英维克,815.29,True,72.12,74.87,11,20.96,-14.77,1.94,-3.67,0.1319,2026-07-08,2026-07-08,46.91,0.7472,0.1607,0.6525,0.7126,0.8202,0.0,0.4303,0.0019,0.501,多周期方向不一致，观望,-0.0887,-0.2979,0.3825
603399,永杉锂业,90.83,True,17.73,20.62,16,20.29,-14.0,7.13,-14.0,0.0827,2026-07-08,2026-07-08,43.54,0.4711,-0.207,1.0252,0.3998,0.7453,0.0,0.43,0.7077,0.8538,多周期共振看多 ⬆⬆⬆,0.3257,0.7138,0.5625
603378,*ST亚士,23.7,True,5.53,5.19,7,8.24,-12.03,-2.91,6.53,0.2019,2026-07-02,2026-07-08,57.2,0.6461,0.0136,0.6081,0.5931,0.951,0.0,0.4298,-0.136,0.432,多周期方向不一致，观望,-0.0778,0.0313,-0.5625
600150,中国船舶,2184.51,True,35.98,35.59,6,6.33,-8.53,-2.07,1.09,0.0899,2026-07-02,2026-07-08,45.73,0.5195,0.5498,0.5086,0.7117,0.7939,0.1523,0.429,0.0033,0.5017,多周期方向不一致，观望,-0.0921,-0.0866,0.18
002436,兴森科技,613.4,True,40.41,46.02,18,31.29,-12.19,9.87,-12.19,0.2284,2026-07-08,2026-07-08,39.22,0.3465,-0.5381,0.9182,0.2079,0.6493,0.0,0.4288,0.7703,0.8851,多周期共振看多 ⬆⬆⬆,0.487,0.7131,0.5625
603938,三孚股份,204.44,True,53.43,63.11,19,35.38,-15.33,15.22,-15.33,0.1689,2026-07-08,2026-07-08,48.15,0.2255,-0.6522,1.0775,0.1353,0.8477,0.0,0.4282,0.7864,0.8932,多周期共振看多 ⬆⬆⬆,0.5282,0.7131,0.5625
603917,合力科技,26.07,True,12.79,12.22,10,9.49,-5.52,0.88,4.67,0.3065,2026-06-30,2026-07-08,65.01,0.3582,0.0415,0.4756,0.4315,0.7775,0.2073,0.428,-0.1013,0.4494,多周期方向不一致，观望,0.1553,-0.1282,-0.45
000823,超声电子,109.94,True,18.48,22.16,19,42.94,-16.6,14.28,-16.6,0.1373,2026-07-08,2026-07-08,42.04,0.3936,-0.3751,1.2186,0.2861,0.7121,0.0,0.4277,0.7797,0.8899,多周期共振看多 ⬆⬆⬆,0.5327,0.6946,0.5625
603072,天和磁材,44.93,True,35.59,38.81,17,13.43,-8.31,2.71,-8.31,0.142,2026-07-08,2026-07-08,45.29,0.7148,0.3236,0.648,0.7583,0.7843,0.0,0.4266,-0.0824,0.4588,多周期方向不一致，观望,0.2263,0.0064,-0.5625
600332,白云山,298.89,True,21.26,20.85,9,3.84,-5.43,-0.76,1.97,0.2583,2026-07-01,2026-07-08,51.41,0.1651,0.1689,0.2953,0.3666,0.9202,0.5078,0.4266,-0.3042,0.3479,多周期方向不一致，观望,-0.0455,-0.7357,-0.5625
603937,丽岛新材,28.64,True,13.71,13.9,6,9.56,-10.25,-2.42,-1.37,0.0007,2026-07-08,2026-07-08,50.89,0.6844,0.3255,0.5026,0.7408,0.9086,0.1623,0.4265,0.0045,0.5022,多周期方向不一致，观望,-0.0423,-0.2363,0.2925
002538,ST司特,53.74,True,6.3,6.0,9,8.45,-7.85,-0.25,4.98,0.2874,2026-06-25,2026-07-08,64.65,0.1205,0.7064,0.4469,0.4723,0.7856,0.2552,0.4259,-0.1852,0.4074,多周期方向不一致，观望,0.0054,-0.4812,-0.3375
002262,恩华药业,173.4,True,19.62,19.24,7,6.51,-5.55,-1.5,1.96,0.1662,2026-06-30,2026-07-08,58.26,0.5158,0.1841,0.4004,0.5831,0.9276,0.3327,0.4242,-0.3175,0.3412,多周期方向不一致，观望,-0.097,-0.75,-0.5625
002437,誉衡药业,60.9,True,2.9,2.73,7,11.97,-10.74,-2.69,6.25,0.2004,2026-06-29,2026-07-08,64.1,0.5607,0.7052,0.5774,0.7364,0.7977,0.0377,0.4235,-0.2589,0.3705,多周期方向不一致，观望,-0.058,-0.5256,-0.5625
002831,裕同科技,212.2,True,29.71,32.65,14,27.07,-9.01,6.59,-9.01,0.1624,2026-07-08,2026-07-08,46.29,0.3074,-0.4688,0.6759,0.1969,0.8065,0.0,0.4234,0.7149,0.8575,多周期共振看多 ⬆⬆⬆,0.3019,0.75,0.5625
002655,共达电声,135.87,True,37.34,41.81,12,28.48,-10.68,6.13,-10.68,0.0771,2026-07-08,2026-07-08,47.69,0.4997,-0.6501,0.9187,0.2998,0.8376,0.0,0.4226,0.7108,0.8554,多周期共振看多 ⬆⬆⬆,0.2913,0.75,0.5625
002297,博云新材,139.09,True,24.27,27.32,15,42.37,-15.67,9.92,-11.18,0.2073,2026-07-08,2026-07-08,45.77,0.1129,-0.3685,0.8287,0.1203,0.7948,0.0,0.4219,0.7317,0.8659,多周期共振看多 ⬆⬆⬆,0.3771,0.7223,0.5625
003018,金富科技,147.42,True,62.1,66.49,15,28.07,-16.32,6.28,-6.61,0.2304,2026-07-08,2026-07-08,50.25,-0.0614,-0.5592,0.7422,0.0,0.8944,0.0,0.4219,0.7485,0.8742,多周期共振看多 ⬆⬆⬆,0.388,0.75,0.5625
603296,华勤技术,625.22,True,78.29,74.02,4,5.76,-10.67,-3.29,5.76,0.1342,2026-07-07,2026-07-08,48.36,0.304,0.7887,0.7182,0.5824,0.8525,0.0,0.4213,0.0936,0.5468,多周期方向不一致，观望,-0.1452,-0.0265,0.5625
603848,好太太,57.18,True,14.21,13.98,7,5.14,-7.8,-1.85,1.61,0.1338,2026-07-02,2026-07-08,54.96,0.3769,0.5315,0.5171,0.6262,0.9992,0.1382,0.4213,-0.2618,0.3691,多周期方向不一致，观望,-0.1081,-0.4955,-0.5625
603496,恒为科技,78.58,True,24.54,23.65,8,15.14,-19.42,-2.53,3.75,0.1579,2026-07-07,2026-07-08,50.78,0.7877,0.1256,0.7973,0.7229,0.9062,0.0,0.4212,-0.2535,0.3732,多周期方向不一致，观望,-0.0897,-0.4747,-0.5625
603110,东方材料,42.62,True,21.18,22.66,10,15.31,-9.13,0.8,-6.54,0.0155,2026-07-08,2026-07-08,43.05,0.6541,0.1509,0.5648,0.6528,0.7343,0.0586,0.4198,0.3486,0.6743,上升趋势中的日线整理,-0.0448,0.3813,0.5625
603005,晶方科技,267.91,True,41.08,46.44,17,17.78,-11.53,6.08,-11.53,0.134,2026-07-08,2026-07-08,41.28,0.7046,-0.5601,0.8355,0.4227,0.6951,0.0,0.4196,0.5247,0.7624,上升趋势中的日线整理,0.1233,0.6946,0.5625
002223,鱼跃医疗,242.17,True,25.7,25.73,8,3.76,-7.02,-1.44,-0.12,0.1422,2026-07-08,2026-07-08,54.08,0.3214,0.1473,0.276,0.4517,0.9795,0.54,0.4196,-0.3146,0.3427,多周期方向不一致，观望,-0.093,-0.7408,-0.5625
001324,长青科技,27.3,True,19.78,18.73,11,8.95,-10.63,-0.32,5.61,0.3075,2026-06-29,2026-07-08,59.63,0.0573,0.0168,0.4924,0.2411,0.8972,0.1794,0.4195,0.0121,0.506,多周期方向不一致，观望,0.1352,0.0282,-0.0907
002864,盘龙药业,21.71,True,29.46,27.08,5,8.79,-8.19,-2.66,8.79,0.2657,2026-07-02,2026-07-08,60.92,0.5106,4.3829,0.5276,0.7064,0.8684,0.1207,0.4193,-0.5523,0.2238,多周期共振看空 ⬇⬇⬇,-0.1838,-0.5613,-0.495
002180,奔图科技,216.29,True,15.9,15.04,8,10.57,-13.83,-2.13,5.73,0.2174,2026-06-26,2026-07-08,62.4,0.5114,0.5963,0.667,0.7069,0.8356,0.0,0.4192,-0.3018,0.3491,多周期方向不一致，观望,-0.0702,-0.7038,-0.5625
002430,杭氧股份,246.83,True,25.24,27.83,16,18.77,-10.72,3.87,-9.3,0.1189,2026-07-08,2026-07-08,46.14,0.7853,0.2429,0.7741,0.7684,0.8031,0.0,0.4191,-0.1257,0.4371,多周期方向不一致，观望,0.0489,-0.3693,-0.225
002824,和胜股份,69.44,True,30.7,33.82,17,39.83,-11.54,13.02,-9.21,0.2902,2026-07-08,2026-07-08,34.5,0.2604,-0.5544,0.8249,0.1563,0.5444,0.0,0.4174,0.7399,0.87,多周期共振看多 ⬆⬆⬆,0.409,0.7131,0.5625
603139,康惠股份,39.5,True,39.55,40.9,15,17.02,-6.12,3.49,-3.3,0.2434,2026-07-08,2026-07-08,37.12,0.2008,-0.2544,0.7588,0.2187,0.6027,0.0,0.4167,0.6762,0.8381,多周期共振看多 ⬆⬆⬆,0.2026,0.75,0.5625
000813,德展健康,68.35,True,3.26,3.09,8,5.66,-15.25,-3.72,5.66,0.1757,2026-06-30,2026-07-08,60.32,0.3717,0.8782,0.5313,0.623,0.8818,0.1145,0.4164,-0.237,0.3815,多周期方向不一致，观望,-0.0205,-0.4618,-0.5625
603389,亚振家居,154.03,True,58.62,58.99,4,3.36,-8.07,-2.47,-0.63,0.0522,2026-07-08,2026-07-08,47.09,0.2037,1.1919,0.4467,0.5222,0.8242,0.2555,0.4148,0.1641,0.582,上升趋势中的日线回调（关注买点）,-0.2118,0.1708,0.5625
603021,*ST华鹏,23.16,True,7.24,6.62,7,12.25,-17.83,-2.93,9.31,0.2708,2026-06-30,2026-07-08,68.26,-0.1175,0.7734,0.6553,0.4,0.7054,0.0,0.4148,0.1819,0.5909,上升趋势中的日线整理,-0.0258,0.2021,0.2925
600237,铜峰电子,66.33,True,10.62,11.95,16,18.22,-11.14,6.59,-11.14,0.1409,2026-07-08,2026-07-08,38.51,0.6397,-0.5508,1.0537,0.3838,0.6335,0.0,0.4137,0.5975,0.7988,多周期共振看多 ⬆⬆⬆,0.2437,0.5417,0.5625
601089,福元医药,81.46,True,16.97,16.73,7,8.44,-9.88,-2.47,1.45,0.0858,2026-06-30,2026-07-08,51.85,0.6001,0.3244,0.4626,0.6899,0.9299,0.229,0.411,-0.3205,0.3397,多周期方向不一致，观望,-0.123,-0.7408,-0.5625
003017,大洋生物,18.14,True,21.82,22.32,7,8.24,-10.29,-1.96,-2.23,0.0065,2026-07-08,2026-07-08,51.01,0.9046,0.0078,0.3993,0.7459,0.9113,0.3346,0.4109,-0.2831,0.3584,多周期方向不一致，观望,-0.1396,-0.5623,-0.5625
603658,安图生物,176.4,True,30.87,30.48,6,2.38,-6.73,-1.81,1.28,0.1513,2026-07-02,2026-07-08,49.1,0.4975,0.0877,0.3681,0.5336,0.8689,0.3865,0.4108,-0.2826,0.3587,多周期方向不一致，观望,-0.1158,-0.5804,-0.5625
001358,兴欣新材,12.22,True,24.59,25.3,9,13.43,-12.72,-1.45,-2.79,0.0372,2026-07-08,2026-07-08,46.82,0.8133,0.9154,0.6357,0.888,0.8183,0.0,0.4106,-0.2074,0.3963,多周期方向不一致，观望,0.0324,-0.4446,-0.495
002370,亚太药业,40.56,True,5.44,5.36,8,8.43,-11.38,-3.32,1.54,0.0828,2026-06-29,2026-07-08,55.3,0.563,0.6874,0.7295,0.7378,0.9934,0.0,0.4103,-0.2892,0.3554,多周期方向不一致，观望,-0.1215,-0.6046,-0.5625
002101,广东鸿图,62.05,True,9.37,8.96,12,8.11,-7.81,0.27,4.61,0.3127,2026-06-22,2026-07-08,73.15,0.439,0.0421,0.366,0.4802,0.5967,0.39,0.4102,-0.2655,0.3672,多周期方向不一致，观望,0.0657,-0.6608,-0.5625
000908,石药景峰,61.32,True,6.97,6.15,5,16.42,-19.57,-6.72,13.41,0.1615,2026-07-01,2026-07-08,60.56,0.2033,8.3497,0.8893,0.522,0.8764,0.0,0.4102,0.0073,0.5037,月线看多，中短期调整中,-0.2634,-0.1894,0.45
002555,三七互娱,296.2,True,18.66,18.45,9,6.18,-9.03,-1.65,1.14,0.1339,2026-06-26,2026-07-08,60.28,0.6036,0.0482,0.4376,0.5814,0.8826,0.2706,0.4096,-0.2503,0.3749,多周期方向不一致，观望,-0.0817,-0.5351,-0.495
603330,天洋新材,34.22,True,7.91,8.21,14,20.53,-9.75,3.75,-3.68,0.2247,2026-07-08,2026-07-08,48.37,0.5067,-0.7815,0.6647,0.304,0.8527,0.0,0.408,0.2153,0.6077,月线震荡，中短期走强,0.1887,0.4494,0.1125
000650,仁和药业,70.3,True,5.28,5.21,6,4.0,-4.69,-1.27,1.38,0.1777,2026-07-01,2026-07-08,54.55,0.2856,1.1353,0.2849,0.5714,0.9899,0.5252,0.4078,-0.686,0.157,多周期共振看空 ⬇⬇⬇,-0.2277,-0.75,-0.5625
600329,达仁堂,226.72,True,39.98,38.24,6,5.3,-7.45,-1.83,4.56,0.1952,2026-06-30,2026-07-08,61.4,0.1224,0.4111,0.3794,0.4379,0.8578,0.3677,0.4071,-0.2358,0.3821,多周期方向不一致，观望,-0.0618,-0.6537,-0.3299
605366,宏柏新材,80.76,True,10.45,11.56,8,30.74,-12.74,1.84,-9.6,0.0,2026-07-08,2026-07-08,48.36,0.8194,0.1549,0.983,0.7536,0.8525,0.0,0.4068,0.0257,0.5129,多周期方向不一致，观望,-0.2198,-0.1487,0.45
002826,易明医药,30.91,True,16.73,16.47,8,12.72,-13.59,-1.77,1.56,0.1219,2026-06-30,2026-07-08,51.17,0.6877,0.2347,0.7702,0.7065,0.9148,0.0,0.4059,-0.2738,0.3631,多周期方向不一致，观望,0.0142,-0.6531,-0.5625
603855,华荣股份,56.3,True,16.78,16.43,6,7.53,-6.18,-2.09,2.11,0.1372,2026-06-30,2026-07-08,51.9,0.5634,-0.1911,0.357,0.4616,0.931,0.405,0.4053,-0.2666,0.3667,多周期方向不一致，观望,-0.1438,-0.4859,-0.5625
601985,中国核电,1680.61,True,8.9,9.02,9,2.89,-3.11,-0.39,-1.29,0.1953,2026-07-08,2026-07-08,34.62,0.4064,-0.318,0.1841,0.3167,0.547,0.6931,0.4052,0.0552,0.5276,多周期方向不一致，观望,-0.0878,0.0281,0.2899
002552,宝鼎科技,216.2,True,58.67,64.73,15,34.59,-12.97,10.23,-9.36,0.2546,2026-07-08,2026-07-08,37.17,0.0806,-0.3632,1.1928,0.1031,0.6039,0.0,0.4045,0.7356,0.8678,多周期共振看多 ⬆⬆⬆,0.4087,0.7038,0.5625
000951,中国重汽,254.37,True,21.76,21.08,15,7.28,-11.37,-0.21,3.21,0.3136,2026-07-01,2026-07-08,51.88,0.041,-0.0885,0.5904,0.1892,0.9307,0.016,0.4044,0.0497,0.5249,多周期方向不一致，观望,0.0549,-0.121,0.2925
002346,柘中股份,70.7,True,18.03,18.99,11,21.92,-19.11,0.14,-5.04,0.0524,2026-07-08,2026-07-08,50.72,0.7296,-0.115,0.7779,0.5918,0.9049,0.0,0.4041,0.0743,0.5372,多周期方向不一致，观望,-0.0271,0.0429,0.3068
603538,美诺华,94.65,True,39.33,37.44,5,16.68,-18.31,-7.88,5.05,0.0087,2026-07-01,2026-07-08,52.81,0.5308,0.907,0.8811,0.7185,0.9513,0.0,0.4036,-0.0834,0.4583,月线看多，中短期调整中,-0.3624,-0.2667,0.18
600183,生益科技,3483.04,True,145.46,166.29,17,31.65,-12.52,12.07,-12.52,0.2074,2026-07-08,2026-07-08,33.35,0.2988,-0.3786,0.8206,0.2278,0.5189,0.0,0.4031,0.7396,0.8698,多周期共振看多 ⬆⬆⬆,0.4082,0.7131,0.5625
000921,海信家电,233.02,True,25.38,27.17,15,14.95,-6.59,2.48,-6.59,0.1358,2026-07-08,2026-07-08,31.12,0.7908,-0.4138,0.4881,0.509,0.4693,0.1866,0.4031,0.3724,0.6862,上升趋势中的日线整理,0.0555,0.5821,0.3375
002191,劲嘉股份,52.88,True,3.77,3.9,15,9.09,-4.83,1.32,-3.32,0.2367,2026-07-08,2026-07-08,41.48,0.7904,-0.5379,0.4829,0.4742,0.6996,0.1952,0.403,-0.0983,0.4508,多周期方向不一致，观望,-0.0018,0.0193,-0.45
002897,意华股份,153.72,True,83.35,85.38,12,14.87,-9.57,1.61,-2.38,0.1717,2026-07-08,2026-07-08,46.5,0.0459,-0.0294,0.9799,0.2158,0.8112,0.0,0.4027,0.4912,0.7456,上升趋势中的日线整理,0.0238,0.6929,0.5625
600351,亚宝药业,42.42,True,6.13,6.04,8,4.32,-5.95,-1.12,1.53,0.208,2026-07-01,2026-07-08,52.41,0.1303,0.1222,0.3676,0.327,0.9424,0.3874,0.4025,-0.2434,0.3783,多周期方向不一致，观望,-0.1304,-0.5533,-0.405
600392,盛和资源,428.92,True,24.47,28.67,17,38.02,-14.65,9.85,-14.65,0.1506,2026-07-08,2026-07-08,40.25,0.7672,-0.1107,0.9248,0.616,0.6723,0.0,0.4016,0.0592,0.5296,⚠️ 月线空头下的短期反弹，不宜追高,0.3922,0.4944,-0.1539
603559,中通国脉,32.3,True,8.05,8.44,3,16.91,-10.9,-4.72,-4.61,0.0,2026-07-08,2026-07-08,44.51,0.4068,2.0954,0.7879,0.6441,0.7669,0.0,0.4016,0.2621,0.631,上升趋势中的日线回调（关注买点）,-0.1619,0.5247,0.495
002123,梦网科技,61.03,True,8.47,7.72,6,9.67,-15.62,-4.85,9.67,0.2158,2026-06-30,2026-07-08,65.73,0.7424,1.5359,0.5213,0.8454,0.7616,0.1311,0.4013,-0.6789,0.1606,多周期共振看空 ⬇⬇⬇,-0.2094,-0.75,-0.5625
605358,立昂微,447.64,True,57.97,69.36,18,27.41,-16.42,8.33,-16.42,0.084,2026-07-08,2026-07-08,35.36,0.6712,-0.4397,0.8045,0.4269,0.5635,0.0,0.401,0.6476,0.8238,多周期共振看多 ⬆⬆⬆,0.1832,0.7038,0.5625
000795,英洛华,97.9,True,8.77,9.31,14,10.85,-8.46,1.38,-5.81,0.112,2026-07-08,2026-07-08,44.12,0.8174,0.0605,0.673,0.7147,0.7583,0.0,0.3995,-0.1258,0.4371,多周期方向不一致，观望,0.0722,-0.0523,-0.5625
000063,中兴通讯,1484.98,True,36.87,37.08,10,6.04,-5.9,-0.06,-0.55,0.1895,2026-07-08,2026-07-08,47.37,0.6305,-0.5741,0.4946,0.3783,0.8304,0.1757,0.3988,-0.0064,0.4968,多周期方向不一致，观望,-0.0367,0.0465,-0.0432
603051,鹿山新材,35.24,True,21.8,20.63,4,12.14,-12.14,-3.75,5.66,0.1114,2026-07-02,2026-07-08,50.77,0.6688,0.7133,0.6175,0.8013,0.906,0.0,0.3986,-0.4476,0.2762,多周期共振看空 ⬇⬇⬇,-0.2231,-0.4692,-0.3232
002951,金时科技,65.46,True,16.32,15.06,2,9.74,-22.66,-11.48,8.39,0.0,2026-07-07,2026-07-08,51.2,0.4434,0.7052,0.7527,0.666,0.9155,0.0,0.3984,0.0229,0.5114,多周期方向不一致，观望,-0.2014,-0.1092,0.3825
002648,卫星化学,771.6,True,22.92,23.85,10,9.88,-6.77,0.53,-3.92,0.0772,2026-07-08,2026-07-08,52.21,0.6741,-0.0283,0.6409,0.5931,0.9381,0.0,0.3984,-0.0727,0.4637,多周期方向不一致，观望,-0.1436,-0.3417,0.1454
605128,上海沿浦,74.89,True,23.85,24.47,13,10.01,-7.19,2.55,-2.52,0.2076,2026-07-08,2026-07-08,41.52,0.3144,-0.011,0.4497,0.3842,0.7005,0.2505,0.3983,0.0328,0.5164,多周期方向不一致，观望,0.0861,0.2503,-0.18
600316,洪都航空,200.07,True,27.9,27.56,7,6.66,-10.64,-2.61,1.24,0.0772,2026-06-29,2026-07-08,58.45,0.535,0.0619,0.3549,0.5457,0.9233,0.4084,0.398,-0.3091,0.3455,多周期方向不一致，观望,-0.1292,-0.6854,-0.5625
002364,中恒电气,276.09,True,49.47,52.13,11,6.22,-11.86,-0.64,-5.11,0.0524,2026-07-08,2026-07-08,45.22,0.4533,-0.1488,0.7687,0.4125,0.7827,0.0,0.398,0.4592,0.7296,上升趋势中的日线整理,-0.1181,0.7315,0.5625
002250,联化科技,126.64,True,14.15,14.3,8,10.66,-8.58,-0.18,-1.07,0.096,2026-07-08,2026-07-08,52.19,0.4798,0.376,0.6169,0.6383,0.9376,0.0,0.3977,-0.1953,0.4023,多周期方向不一致，观望,0.1146,-0.619,-0.3375
603350,安乃达,13.18,True,29.86,30.98,11,7.05,-8.44,-1.14,-3.61,0.0741,2026-07-08,2026-07-08,48.04,0.7599,-0.0645,0.4355,0.6301,0.8454,0.2742,0.3974,-0.2406,0.3797,多周期方向不一致，观望,0.0068,-0.5007,-0.5625
601869,长飞光纤,1665.99,True,410.0,488.38,17,29.41,-16.05,8.73,-16.05,0.0875,2026-07-08,2026-07-08,42.76,0.4056,-0.4894,0.8351,0.2476,0.7279,0.0,0.3972,0.6983,0.8492,多周期共振看多 ⬆⬆⬆,0.2593,0.75,0.5625
603977,国泰集团,80.89,True,13.02,14.14,9,16.8,-12.7,0.05,-7.95,0.0,2026-07-08,2026-07-08,49.15,0.6523,0.523,0.6631,0.7914,0.8699,0.0,0.3966,-0.1372,0.4314,多周期方向不一致，观望,-0.1401,-0.2579,-0.225
002833,弘亚数控,50.42,True,17.24,18.02,8,7.56,-7.94,-1.72,-4.34,0.0,2026-07-08,2026-07-08,47.93,0.6256,0.3523,0.5698,0.7163,0.843,0.0503,0.3962,-0.0279,0.486,多周期方向不一致，观望,-0.0532,-0.209,0.1321
002579,中京电子,95.8,True,16.42,18.86,15,22.57,-12.96,5.64,-12.96,0.0556,2026-07-08,2026-07-08,43.82,0.4254,-0.6287,1.0631,0.2552,0.7516,0.0,0.3953,0.7184,0.8592,多周期共振看多 ⬆⬆⬆,0.3108,0.75,0.5625
600535,天士力,210.05,True,14.06,13.94,9,3.52,-5.84,-0.91,0.84,0.22,2026-07-02,2026-07-08,49.47,-0.0261,0.2015,0.3326,0.2806,0.877,0.4457,0.395,-0.2259,0.3871,多周期方向不一致，观望,-0.0089,-0.423,-0.5625
002427,尤夫股份,42.53,True,4.32,4.67,10,15.51,-9.46,0.14,-7.47,0.0,2026-07-08,2026-07-08,49.42,0.7858,1.035,0.841,0.8715,0.876,0.0,0.395,-0.2857,0.3571,多周期方向不一致，观望,0.0336,-0.7223,-0.5625
002463,沪电股份,2465.04,True,128.2,138.62,17,15.86,-7.73,4.54,-7.52,0.1959,2026-07-08,2026-07-08,39.69,0.3574,-0.5224,0.8417,0.2144,0.6597,0.0,0.3949,0.5542,0.7771,上升趋势中的日线整理,0.1482,0.75,0.5625
600500,中化国际,229.29,True,6.39,7.9,16,44.0,-19.12,13.07,-19.12,0.0264,2026-07-08,2026-07-08,23.03,0.6909,0.0664,1.0458,0.6411,0.2896,0.0,0.3937,0.7125,0.8562,多周期共振看多 ⬆⬆⬆,0.3947,0.6652,0.5625
002175,*ST东智,36.52,True,2.86,2.4,7,19.98,-16.6,-3.85,19.22,0.265,2026-07-01,2026-07-08,68.53,0.2863,1.6265,0.7588,0.5718,0.6993,0.0,0.3936,-0.2411,0.3795,多周期方向不一致，观望,-0.0806,-0.5405,-0.45
600178,东安动力,41.52,True,8.9,9.79,17,12.38,-9.06,2.24,-9.06,0.1,2026-07-08,2026-07-08,44.26,0.6282,1.2834,0.8504,0.7769,0.7613,0.0,0.3926,-0.2559,0.372,多周期方向不一致，观望,0.1038,-0.6515,-0.5625
002838,道恩股份,132.88,True,31.59,33.23,8,4.03,-14.12,-2.0,-4.92,0.0,2026-07-08,2026-07-08,38.53,0.4517,0.2319,0.5345,0.5638,0.634,0.1092,0.3916,0.3828,0.6914,上升趋势中的日线整理,-0.0943,0.5126,0.5625
002338,奥普光电,124.39,True,51.83,54.02,6,7.96,-16.02,-2.59,-4.06,0.0,2026-07-08,2026-07-08,41.44,0.7661,0.1097,0.4459,0.7036,0.6986,0.2568,0.3903,-0.0468,0.4766,月线看多，中短期调整中,-0.1591,-0.2878,0.2012
603978,深圳新星,50.77,True,24.05,27.98,10,20.32,-17.93,-1.48,-14.05,0.0,2026-07-08,2026-07-08,42.68,0.6266,0.725,0.8397,0.776,0.7261,0.0,0.3902,0.0083,0.5041,月线看多，中短期调整中,-0.1934,-0.2448,0.45
001387,雪祺电气,14.45,True,12.4,12.67,15,6.55,-9.72,-0.19,-2.12,0.1808,2026-07-08,2026-07-08,41.43,0.4813,-0.0452,0.4953,0.4707,0.6985,0.1745,0.3901,-0.0443,0.4778,⚠️⚠️ 逆大势反弹，大概率是下跌中继,0.2218,-0.471,-0.5625
600155,华创云信,120.2,True,5.43,5.52,9,4.38,-8.7,-1.31,-1.71,0.0971,2026-07-08,2026-07-08,47.4,0.6616,0.0234,0.4218,0.6063,0.8311,0.297,0.3898,-0.3197,0.3402,多周期方向不一致，观望,-0.1081,-0.75,-0.5625
603687,大胜达,88.72,True,16.13,18.69,17,13.26,-13.71,3.98,-13.71,0.0271,2026-07-08,2026-07-08,40.81,0.6961,-0.4716,0.8333,0.429,0.6846,0.0,0.389,0.539,0.7695,上升趋势中的日线整理,0.145,0.7131,0.5625
002233,塔牌集团,90.34,True,7.7,7.43,4,4.5,-7.98,-4.13,3.61,0.0906,2026-07-02,2026-07-08,56.07,0.504,0.3721,0.3285,0.6513,0.9762,0.4525,0.3889,-0.6818,0.1591,多周期共振看空 ⬇⬇⬇,-0.3495,-0.7038,-0.495
603297,永新光学,133.5,True,120.56,126.93,8,17.56,-15.09,-1.01,-5.02,0.0,2026-07-08,2026-07-08,46.0,0.792,-0.1598,0.6462,0.6113,0.8,0.0,0.388,0.1656,0.5828,上升趋势中的日线回调（关注买点）,-0.1523,0.2371,0.45
002923,润都股份,26.69,True,10.34,10.07,6,9.13,-12.85,-3.13,2.68,0.0842,2026-06-30,2026-07-08,56.75,0.7369,0.2984,0.5221,0.7615,0.9611,0.1298,0.388,-0.5737,0.2132,多周期共振看空 ⬇⬇⬇,-0.1601,-0.5611,-0.5625
002931,锋龙股份,129.67,True,64.43,69.76,18,21.84,-7.64,8.64,-7.64,0.3114,2026-07-08,2026-07-08,40.27,0.4594,-0.5006,1.0577,0.2757,0.6727,0.0,0.3876,0.1051,0.5525,月线震荡，中短期走强,0.3548,0.1975,-0.1482
002842,翔鹭钨业,96.86,True,36.08,44.97,18,41.23,-19.76,14.13,-19.76,0.0423,2026-07-08,2026-07-08,41.97,0.3576,-0.2696,1.2087,0.3068,0.7105,0.0,0.3876,0.6558,0.8279,多周期共振看多 ⬆⬆⬆,0.4922,0.5694,0.45
002138,顺络电子,424.02,True,56.05,65.54,18,33.76,-14.48,16.06,-14.48,0.1745,2026-07-08,2026-07-08,39.43,-0.3606,-0.2311,0.9597,0.1076,0.6541,0.0,0.3875,0.7244,0.8622,多周期共振看多 ⬆⬆⬆,0.514,0.589,0.5625
000988,华工科技,1482.35,True,147.5,163.0,13,13.69,-9.51,1.94,-9.51,0.0176,2026-07-08,2026-07-08,39.73,0.7766,-0.522,0.813,0.466,0.6607,0.0,0.3851,0.4999,0.75,上升趋势中的日线整理,-0.0058,0.7408,0.5625
605369,拱东医疗,38.52,True,17.47,17.21,12,12.52,-13.06,-1.43,1.5,0.1927,2026-06-22,2026-07-08,59.98,0.6308,-0.2567,0.6994,0.4758,0.8893,0.0,0.3846,-0.2143,0.3929,多周期方向不一致，观望,0.0007,-0.4475,-0.495
603082,北自科技,14.8,True,36.48,39.45,12,26.24,-17.36,2.9,-7.52,0.0754,2026-07-08,2026-07-08,49.15,0.7646,-0.4055,0.7392,0.4965,0.8701,0.0,0.384,0.0527,0.5263,多周期方向不一致，观望,0.0143,0.3244,-0.1048
002662,峰璟股份,51.6,True,3.44,3.64,14,14.77,-9.67,2.52,-5.39,0.151,2026-07-08,2026-07-08,42.66,0.6848,-0.0473,0.5378,0.592,0.7257,0.1036,0.384,-0.1913,0.4043,多周期方向不一致，观望,0.0087,-0.3533,-0.495
603014,威高血净,33.69,True,33.2,34.66,13,12.24,-11.53,1.13,-4.21,0.1298,2026-07-08,2026-07-08,35.79,0.8201,0.3235,0.8266,0.8214,0.5731,0.0,0.3834,-0.2462,0.3769,多周期方向不一致，观望,0.0001,-0.5197,-0.5625
002283,天润工业,94.37,True,9.41,9.86,5,5.74,-19.04,-6.27,-4.58,0.0,2026-07-08,2026-07-08,44.27,0.5856,0.647,0.7849,0.7514,0.7615,0.0,0.3832,-0.05,0.475,月线看多，中短期调整中,-0.3099,-0.1525,0.18
003009,中天火箭,88.65,True,53.83,59.06,17,14.56,-8.86,3.92,-8.86,0.1469,2026-07-08,2026-07-08,39.42,0.5996,0.3438,0.8884,0.6973,0.6537,0.0,0.383,-0.1889,0.4055,多周期方向不一致，观望,0.0555,-0.3827,-0.495
000651,格力电器,2128.18,True,38.54,37.75,5,3.45,-4.33,-1.3,2.1,0.1854,2026-07-01,2026-07-08,63.93,-0.0533,-0.165,0.1821,0.134,0.8016,0.6965,0.3825,-0.1184,0.4408,多周期方向不一致，观望,-0.031,-0.1246,-0.3693
600031,三一重工,1597.42,True,18.85,18.37,10,5.52,-6.28,-0.62,2.62,0.2584,2026-07-02,2026-07-08,49.54,0.3891,-0.3203,0.4861,0.3053,0.8786,0.1899,0.3811,-0.2662,0.3669,多周期方向不一致，观望,-0.0529,-0.5623,-0.5625
603683,晶华新材,85.8,True,29.77,30.65,13,13.48,-9.16,1.54,-2.88,0.1733,2026-07-08,2026-07-08,42.84,0.2585,-0.4637,0.5992,0.1696,0.7297,0.0013,0.3809,0.4831,0.7415,上升趋势中的日线整理,-0.0007,0.6929,0.5625
600458,时代新材,121.68,True,14.01,16.14,19,26.62,-13.19,10.12,-13.19,0.2225,2026-07-08,2026-07-08,34.03,0.4921,-0.2608,0.8064,0.391,0.5339,0.0,0.3807,0.2451,0.6226,月线震荡，中短期走强,0.4637,0.3037,0.1226
002377,国创高新,24.34,True,2.79,2.71,4,9.08,-11.25,-4.37,2.86,0.0259,2026-07-02,2026-07-08,58.43,0.7157,0.4268,0.4977,0.8001,0.9238,0.1706,0.3807,-0.5421,0.2289,多周期共振看空 ⬇⬇⬇,-0.3292,-0.5717,-0.3375
603776,永安行,56.18,True,20.01,20.89,13,7.7,-8.9,0.73,-4.2,0.1294,2026-07-08,2026-07-08,38.76,0.3046,-0.3902,0.3907,0.2267,0.6391,0.3488,0.3807,0.3261,0.6631,上升趋势中的日线整理,0.0385,0.5938,0.2202
603124,江南新材,120.02,True,154.65,181.63,17,33.5,-14.85,11.21,-14.85,0.1491,2026-07-08,2026-07-08,31.95,0.336,-0.3969,0.8311,0.2428,0.4877,0.0,0.3806,0.7134,0.8567,多周期共振看多 ⬆⬆⬆,0.2981,0.75,0.5625
000751,锌业股份,68.24,True,4.84,5.49,13,18.14,-16.71,2.08,-11.9,0.0,2026-07-08,2026-07-08,46.32,0.7889,0.2172,0.8647,0.7603,0.8071,0.0,0.3806,-0.1401,0.4299,多周期方向不一致，观望,-0.0355,-0.3602,-0.225
002312,川发龙蟒,158.62,True,8.42,9.18,12,15.54,-13.2,0.84,-8.32,0.004,2026-07-08,2026-07-08,48.34,0.6835,1.7641,0.7103,0.8101,0.852,0.0,0.3803,-0.2861,0.3569,多周期方向不一致，观望,-0.1177,-0.594,-0.5625
605133,嵘泰股份,95.61,True,33.89,35.87,9,11.24,-10.49,-1.25,-5.52,0.0,2026-07-08,2026-07-08,45.21,0.598,-0.0873,0.8374,0.5239,0.7824,0.0,0.3798,0.2611,0.6305,上升趋势中的日线整理,-0.1362,0.4575,0.3375
002182,宝武镁业,113.99,True,13.17,13.92,8,15.65,-13.34,-1.57,-5.41,0.0,2026-07-08,2026-07-08,46.86,0.6604,0.6559,0.7571,0.7962,0.819,0.0,0.3797,-0.2194,0.3903,多周期方向不一致，观望,-0.058,-0.577,-0.3375
000922,佳电股份,83.6,True,11.86,13.48,13,11.26,-12.02,0.88,-12.02,0.0,2026-07-08,2026-07-08,29.0,0.5959,0.6949,0.6301,0.7575,0.4222,0.0,0.3784,0.3086,0.6543,上升趋势中的日线整理,-0.0701,0.4116,0.45
600879,航天电子,685.26,True,20.77,20.39,9,8.53,-7.23,-0.82,1.86,0.1896,2026-06-29,2026-07-08,52.99,0.5266,-0.488,0.5927,0.3208,0.9553,0.0121,0.3781,-0.0996,0.4502,多周期方向不一致，观望,-0.0897,-0.4733,0.1125
603225,新凤鸣,306.01,True,18.34,20.42,17,16.88,-10.19,5.91,-10.19,0.1636,2026-07-08,2026-07-08,42.05,0.1825,-0.0872,0.8596,0.2747,0.7123,0.0,0.3775,0.3328,0.6664,多周期共振看多 ⬆⬆⬆,0.2564,0.3302,0.1815
003020,立方制药,26.11,True,15.49,15.52,5,5.57,-7.75,-2.3,-0.22,0.0402,2026-07-08,2026-07-08,53.27,0.6671,0.9023,0.4849,0.8003,0.9617,0.1919,0.3773,-0.6663,0.1668,多周期共振看空 ⬇⬇⬇,-0.1879,-0.7408,-0.5625
002055,ST得润,39.44,True,6.64,6.31,6,9.14,-14.97,-3.86,5.16,0.1281,2026-06-30,2026-07-08,52.76,0.2417,-0.5837,0.5496,0.145,0.9501,0.0839,0.3773,0.2716,0.6358,上升趋势中的日线整理,0.0145,0.3555,0.3375
000422,湖北宜化,137.94,True,13.04,13.78,11,11.16,-11.11,0.19,-5.39,0.0449,2026-07-08,2026-07-08,47.99,0.7542,0.1028,0.6984,0.6936,0.8443,0.0,0.3772,-0.2133,0.3933,多周期方向不一致，观望,-0.0961,-0.5178,-0.3375
600690,海尔智家,1268.74,True,20.29,20.31,11,2.59,-5.27,-0.78,-0.11,0.2327,2026-07-08,2026-07-08,47.65,0.2355,-0.2609,0.3245,0.237,0.8367,0.4592,0.3772,-0.2914,0.3543,多周期方向不一致，观望,-0.054,-0.6721,-0.5625
003036,泰坦股份,170.49,True,78.71,89.84,17,41.57,-12.38,15.43,-12.38,0.2108,2026-07-08,2026-07-08,29.66,0.241,-0.7376,0.9317,0.1446,0.437,0.0,0.3768,0.7529,0.8764,多周期共振看多 ⬆⬆⬆,0.3992,0.75,0.5625
003031,中瓷电子,482.82,True,141.94,165.58,12,29.09,-14.28,5.03,-14.28,0.0,2026-07-08,2026-07-08,42.48,0.4968,-0.2969,0.853,0.3793,0.7218,0.0,0.3761,0.5356,0.7678,上升趋势中的日线整理,0.0918,0.75,0.5625
603083,剑桥科技,523.59,True,189.99,217.35,13,30.63,-12.59,5.58,-12.59,0.0317,2026-07-08,2026-07-08,45.58,0.3076,-0.4632,0.9162,0.1993,0.7906,0.0,0.376,0.6647,0.8323,多周期共振看多 ⬆⬆⬆,0.1732,0.75,0.5625
000700,模塑科技,134.03,True,14.6,15.31,10,14.01,-9.84,0.3,-4.66,0.0501,2026-07-08,2026-07-08,42.7,0.5466,-0.5605,0.819,0.328,0.7268,0.0,0.3748,0.4814,0.7407,上升趋势中的日线整理,0.1139,0.5902,0.5625
002134,天津普林,68.36,True,27.61,29.0,13,6.96,-11.38,0.17,-4.8,0.1206,2026-07-08,2026-07-08,40.51,0.2268,-0.3793,0.504,0.1844,0.6779,0.16,0.3742,0.4675,0.7338,上升趋势中的日线整理,0.0706,0.5913,0.5625
601058,赛轮轮胎,420.88,True,12.8,12.12,7,7.14,-7.68,-1.37,5.59,0.2416,2026-07-02,2026-07-08,60.82,0.1831,0.1952,0.561,0.3879,0.8706,0.0651,0.374,-0.3051,0.3475,多周期方向不一致，观望,-0.0776,-0.7119,-0.5625
002870,香山股份,50.23,True,38.72,39.57,5,1.87,-6.75,-1.65,-2.14,0.0741,2026-07-08,2026-07-08,37.54,0.2359,0.1709,0.3367,0.4099,0.6121,0.4389,0.3732,0.0658,0.5329,多周期方向不一致，观望,-0.2154,0.1364,0.3375
002106,莱宝高科,81.7,True,11.59,14.31,19,27.69,-19.02,8.83,-19.02,0.0476,2026-07-08,2026-07-08,38.0,0.5785,-0.4108,1.1161,0.3828,0.6222,0.0,0.3732,0.5124,0.7562,多周期共振看多 ⬆⬆⬆,0.3272,0.476,0.3698
000012,南  玻Ａ,81.9,True,4.18,4.59,17,16.71,-8.85,5.04,-8.85,0.1751,2026-07-08,2026-07-08,42.32,0.7421,-0.608,0.8909,0.4453,0.7182,0.0,0.3731,-0.0099,0.495,⚠️ 月线空头下的短期反弹，不宜追高,0.2172,0.1507,-0.45
002810,山东赫达,71.07,True,22.01,24.32,16,11.39,-13.86,1.3,-9.49,0.0499,2026-07-08,2026-07-08,38.64,0.6048,0.2507,0.6692,0.6632,0.6365,0.0,0.373,0.0392,0.5196,多周期方向不一致，观望,0.0225,-0.1394,0.2925
603700,宁水集团,21.56,True,10.78,11.02,10,5.88,-8.5,-0.63,-2.16,0.0945,2026-07-08,2026-07-08,55.73,0.5263,-0.6612,0.3263,0.3158,0.9839,0.4561,0.3725,-0.2979,0.351,多周期方向不一致，观望,-0.1293,-0.7038,-0.495
000636,风华高科,702.31,True,60.7,68.94,17,36.24,-14.81,16.11,-11.95,0.2217,2026-07-08,2026-07-08,35.68,-0.0111,-0.5596,1.0157,0.0,0.5706,0.0,0.3725,0.7634,0.8817,多周期共振看多 ⬆⬆⬆,0.4908,0.6946,0.5625
000915,华特达因,58.24,True,24.87,25.5,9,3.26,-3.75,-0.15,-2.48,0.1655,2026-07-08,2026-07-08,46.02,0.6629,-0.0508,0.317,0.5774,0.8004,0.4717,0.3724,-0.6797,0.1602,多周期共振看空 ⬇⬇⬇,-0.2115,-0.75,-0.5625
600990,四创电子,51.81,True,19.26,18.48,4,9.79,-11.0,-2.77,4.23,0.1002,2026-07-02,2026-07-08,51.59,0.5906,1.6647,0.5214,0.7544,0.9241,0.1309,0.3723,-0.6828,0.1586,多周期共振看空 ⬇⬇⬇,-0.241,-0.7315,-0.5625
002521,齐峰新材,30.31,True,7.23,7.03,7,5.41,-9.45,-3.04,2.9,0.1079,2026-06-29,2026-07-08,55.29,0.2623,0.6319,0.462,0.5574,0.9936,0.23,0.3723,-0.5488,0.2256,多周期共振看空 ⬇⬇⬇,-0.1859,-0.4843,-0.5625
600216,浙江医药,0.0,True,12.0,11.88,5,8.34,-9.94,-3.33,1.05,0.0346,2026-07-01,2026-07-08,52.73,0.547,1.2725,0.4179,0.7282,0.9496,0.3035,0.3722,-0.6529,0.1735,多周期共振看空 ⬇⬇⬇,-0.2397,-0.6669,-0.5625
600529,山东药玻,120.91,True,18.22,18.44,7,3.08,-4.33,-0.89,-1.17,0.1564,2026-07-08,2026-07-08,36.0,0.682,-0.7293,0.2814,0.4092,0.5778,0.531,0.3722,-0.1709,0.4145,多周期方向不一致，观望,-0.1895,-0.0262,-0.5625
000597,东北制药,63.13,True,4.48,4.41,6,4.1,-7.11,-1.57,1.53,0.1557,2026-07-01,2026-07-08,55.3,0.469,-0.0807,0.3863,0.4491,0.9933,0.3562,0.3718,-0.5944,0.2028,多周期共振看空 ⬇⬇⬇,-0.1511,-0.6143,-0.5625
603256,宏和科技,1803.44,True,205.0,243.44,17,31.04,-15.79,14.02,-15.79,0.1257,2026-07-08,2026-07-08,34.34,-0.2026,-0.1447,0.9893,0.1421,0.5408,0.0,0.3708,0.7886,0.8943,多周期共振看多 ⬆⬆⬆,0.4908,0.75,0.5625
600843,上工申贝,35.71,True,7.61,8.37,15,10.21,-9.1,2.15,-9.1,0.0649,2026-07-08,2026-07-08,46.92,0.5141,0.4455,0.8067,0.6867,0.8204,0.0,0.3708,-0.2726,0.3637,多周期方向不一致，观望,0.0183,-0.6515,-0.5625
603730,岱美股份,240.86,True,11.21,12.15,11,11.58,-11.76,-1.5,-7.71,0.0,2026-07-08,2026-07-08,36.62,0.8008,-0.2268,0.816,0.5897,0.5916,0.0,0.3699,0.3055,0.6527,上升趋势中的日线回调（关注买点）,-0.1752,0.6146,0.5625
603948,建业股份,38.67,True,23.8,25.03,9,8.68,-8.61,-0.07,-4.93,0.0209,2026-07-08,2026-07-08,49.12,0.4652,0.6895,0.7279,0.6791,0.8693,0.0,0.3693,-0.2252,0.3874,多周期方向不一致，观望,-0.0893,-0.4182,-0.495
002701,奥瑞金,121.22,True,4.74,4.48,3,8.04,-8.13,-3.75,5.82,0.1206,2026-07-03,2026-07-08,65.32,0.4993,0.5323,0.3749,0.6996,0.7706,0.3752,0.3689,-0.6823,0.1588,多周期共振看空 ⬇⬇⬇,-0.3064,-0.6744,-0.5625
002281,光迅科技,1692.2,True,216.81,235.31,12,25.1,-10.76,3.89,-7.86,0.0918,2026-07-08,2026-07-08,42.16,0.3246,-0.4636,0.8984,0.2093,0.7146,0.0,0.3689,0.5389,0.7694,上升趋势中的日线整理,0.1017,0.75,0.5625
603630,拉芳家化,30.31,True,13.46,13.33,8,7.23,-10.59,-2.4,1.0,0.0923,2026-06-30,2026-07-08,54.98,0.3996,0.1725,0.5873,0.5088,0.9996,0.0212,0.3687,-0.3029,0.3486,多周期方向不一致，观望,-0.0546,-0.7223,-0.5625
002698,博实股份,102.73,True,12.17,11.88,7,13.71,-12.54,-2.06,2.44,0.1207,2026-06-29,2026-07-08,61.41,0.6699,-0.0634,0.6191,0.5766,0.8576,0.0,0.3685,-0.293,0.3535,多周期方向不一致，观望,-0.1135,-0.6282,-0.5625
600062,华润双鹤,172.14,True,16.58,16.64,8,2.85,-6.51,-0.85,-0.39,0.1815,2026-07-08,2026-07-08,49.28,-0.0193,0.2982,0.3922,0.3193,0.8729,0.3463,0.3685,-0.3227,0.3387,多周期方向不一致，观望,-0.1345,-0.7408,-0.5625
002032,苏 泊 尔,351.21,True,43.93,41.59,4,5.63,-7.84,-4.16,5.63,0.1249,2026-07-02,2026-07-08,61.76,0.2563,-0.5163,0.2606,0.1538,0.8499,0.5657,0.3685,-0.0702,0.4649,多周期方向不一致，观望,-0.2653,-0.1234,0.0424
002059,云南旅游,42.47,True,4.32,4.36,5,5.76,-7.08,-2.07,-0.87,0.0634,2026-07-08,2026-07-08,46.59,0.7697,0.1995,0.3751,0.7416,0.8131,0.3748,0.368,-0.6703,0.1648,多周期共振看空 ⬇⬇⬇,-0.1983,-0.7408,-0.5625
603386,骏亚科技,50.87,True,15.59,18.46,18,15.31,-15.57,4.71,-15.57,0.0149,2026-07-08,2026-07-08,35.04,0.6865,-0.5296,0.6562,0.4119,0.5565,0.0,0.3675,0.5774,0.7887,多周期共振看多 ⬆⬆⬆,0.2015,0.5337,0.5625
601038,一拖股份,89.27,True,12.2,11.35,5,11.49,-12.52,-4.36,7.46,0.1569,2026-07-01,2026-07-08,58.41,0.1711,1.7213,0.4591,0.5027,0.9241,0.2349,0.3675,-0.5376,0.2312,多周期共振看空 ⬇⬇⬇,-0.1894,-0.5243,-0.495
002439,启明星辰,96.9,True,13.3,12.94,1,2.77,-12.66,-5.56,2.77,0.0,2026-07-07,2026-07-08,53.9,0.3742,1.4145,0.412,0.6245,0.9756,0.3134,0.3669,-0.4857,0.2571,多周期共振看空 ⬇⬇⬇,-0.3467,-0.2752,-0.495
002290,禾盛新材,193.38,True,78.23,85.05,9,8.13,-15.61,-2.89,-8.02,0.0,2026-07-08,2026-07-08,44.26,0.6623,-0.2724,0.6573,0.4884,0.7614,0.0,0.3668,0.2393,0.6197,上升趋势中的日线回调（关注买点）,-0.1904,0.4052,0.5625
001378,德冠新材,16.13,True,19.13,19.45,7,4.19,-8.61,-2.78,-1.66,0.0329,2026-07-08,2026-07-08,44.72,0.6747,-0.1293,0.6462,0.5531,0.7715,0.0,0.3666,0.0434,0.5217,多周期方向不一致，观望,-0.1844,0.0564,0.2925
601968,宝钢包装,54.22,True,4.25,4.14,2,2.6,-8.91,-4.87,2.6,0.0322,2026-07-06,2026-07-08,57.53,0.4296,1.4817,0.3137,0.6578,0.9437,0.4771,0.3664,-0.7129,0.1436,多周期共振看空 ⬇⬇⬇,-0.4078,-0.7223,-0.495
002148,北纬科技,29.76,True,6.6,6.24,4,12.06,-12.35,-4.34,5.71,0.0979,2026-07-02,2026-07-08,56.21,0.5834,2.091,0.7025,0.75,0.973,0.0,0.3652,-0.6809,0.1596,多周期共振看空 ⬇⬇⬇,-0.2577,-0.7131,-0.5625
000657,中钨高新,1074.44,True,73.95,90.72,18,42.18,-18.49,15.01,-18.49,0.0742,2026-07-08,2026-07-08,38.54,0.0606,-0.2575,0.9749,0.1333,0.6341,0.0,0.365,0.7672,0.8836,多周期共振看多 ⬆⬆⬆,0.5005,0.6946,0.5625
002078,太阳纸业,353.28,True,12.72,12.6,7,2.29,-8.93,-2.74,0.96,0.1101,2026-07-03,2026-07-08,50.19,-0.3616,0.2897,0.315,0.3159,0.8931,0.475,0.3648,-0.303,0.3485,多周期方向不一致，观望,-0.1443,-0.7131,-0.495
002723,小崧股份,26.38,True,8.32,8.73,12,9.93,-8.1,-0.5,-4.71,0.0607,2026-07-08,2026-07-08,52.59,0.5271,-0.2692,0.5266,0.4086,0.9465,0.1223,0.3646,-0.1163,0.4419,月线震荡，中短期走弱,-0.1826,-0.234,-0.0003
603738,泰晶科技,177.35,True,45.96,56.68,14,27.67,-18.91,9.19,-18.91,0.0,2026-07-08,2026-07-08,34.65,0.283,-0.0787,1.0484,0.3383,0.5477,0.0,0.3641,0.7145,0.8573,多周期共振看多 ⬆⬆⬆,0.3008,0.75,0.5625
002349,精华制药,52.92,True,6.5,6.41,5,3.6,-7.58,-3.14,1.36,0.0905,2026-07-01,2026-07-08,53.81,0.2628,0.7492,0.3874,0.5577,0.9735,0.3544,0.3631,-0.6566,0.1717,多周期共振看空 ⬇⬇⬇,-0.2453,-0.6703,-0.5625
600563,法拉电子,316.89,True,140.84,166.47,12,15.99,-15.4,1.74,-15.4,0.0,2026-07-08,2026-07-08,35.07,0.7833,-0.3648,0.8814,0.524,0.5572,0.0,0.3625,0.3927,0.6964,上升趋势中的日线整理,-0.1434,0.6929,0.45
000050,深天马Ａ,191.45,True,7.86,9.02,16,27.13,-12.82,6.22,-12.82,0.0895,2026-07-08,2026-07-08,39.19,0.8882,-0.3688,0.8267,0.5854,0.6486,0.0,0.3621,-0.0332,0.4834,多周期方向不一致，观望,0.1829,0.1472,-0.45
002983,芯瑞达,30.12,True,23.5,25.55,12,10.79,-8.01,1.38,-8.01,0.0259,2026-07-08,2026-07-08,38.62,0.7459,-0.4301,0.5619,0.4755,0.636,0.0634,0.362,0.2594,0.6297,上升趋势中的日线整理,0.0283,0.396,0.2534
000629,钒钛股份,288.93,True,3.11,3.27,8,8.85,-11.37,-2.42,-4.88,0.0,2026-07-08,2026-07-08,46.81,0.7074,0.961,0.5602,0.8244,0.818,0.0664,0.3617,-0.4598,0.2701,多周期共振看空 ⬇⬇⬇,-0.1751,-0.5229,-0.3375
002752,昇兴股份,60.48,True,6.2,6.04,3,5.39,-11.61,-5.27,2.69,0.0,2026-07-03,2026-07-08,50.25,0.1525,1.3007,0.4147,0.4915,0.8944,0.3089,0.3616,-0.2138,0.3931,月线震荡，中短期走弱,-0.3533,-0.4248,0.0089
002484,江海股份,686.57,True,83.68,97.51,19,33.19,-14.18,13.4,-14.18,0.1978,2026-07-08,2026-07-08,33.36,-0.322,-0.5139,0.9862,0.0,0.5192,0.0,0.3609,0.7895,0.8947,多周期共振看多 ⬆⬆⬆,0.5147,0.7315,0.5625
601163,三角轮胎,106.8,True,13.35,13.11,4,4.2,-8.29,-3.69,1.86,0.0682,2026-07-02,2026-07-08,53.45,0.504,-0.1324,0.2742,0.4494,0.9655,0.5429,0.3607,-0.5906,0.2047,多周期共振看空 ⬇⬇⬇,-0.2927,-0.5521,-0.495
603298,杭叉集团,328.11,True,25.05,24.78,7,7.31,-9.96,-1.24,1.09,0.1281,2026-06-30,2026-07-08,51.13,0.2249,-0.0372,0.5094,0.32,0.9139,0.151,0.3606,-0.1519,0.424,多周期方向不一致，观望,-0.0176,-0.3735,-0.279
603629,利通电子,416.17,True,115.37,124.85,6,17.68,-26.14,-5.3,-7.59,0.0,2026-07-08,2026-07-08,48.99,0.288,-0.0096,1.1589,0.369,0.8665,0.0,0.3606,0.2548,0.6274,上升趋势中的日线回调（关注买点）,-0.4062,0.6423,0.5625
002287,奇正藏药,114.82,True,20.11,19.72,5,5.2,-6.69,-2.27,1.99,0.1292,2026-07-01,2026-07-08,52.61,0.1689,0.7324,0.3457,0.5014,0.9468,0.4238,0.3602,-0.7056,0.1472,多周期共振看空 ⬇⬇⬇,-0.278,-0.75,-0.5625
002202,金风科技,707.68,True,21.04,22.45,7,10.16,-11.82,-2.21,-6.29,0.0,2026-07-08,2026-07-08,46.79,0.7305,0.0551,0.719,0.6604,0.8175,0.0,0.3587,-0.1678,0.4161,月线震荡，中短期走弱,-0.155,-0.5437,0.1125
603101,汇嘉时代,32.55,True,6.92,6.68,5,4.26,-10.28,-5.26,3.54,0.0469,2026-07-01,2026-07-08,54.64,0.2592,1.2523,0.3531,0.5555,0.992,0.4116,0.3582,-0.6553,0.1724,多周期共振看空 ⬇⬇⬇,-0.3477,-0.5798,-0.5625
600818,ST中路,14.3,True,6.01,5.73,9,5.23,-9.33,-1.22,4.81,0.2632,2026-07-07,2026-07-08,59.84,0.3966,-0.4906,0.5376,0.2417,0.8925,0.1039,0.3579,-0.3096,0.3452,多周期方向不一致，观望,-0.0563,-0.75,-0.5625
603859,能科科技,109.28,True,44.66,50.24,15,26.83,-11.11,4.87,-11.11,0.0825,2026-07-08,2026-07-08,39.8,0.5718,-0.4808,0.8152,0.3507,0.6622,0.0,0.3577,0.3079,0.654,上升趋势中的日线整理,0.1123,0.506,0.1974
600165,ST宁科,20.45,True,2.79,2.74,4,5.49,-9.55,-4.02,1.84,0.036,2026-07-07,2026-07-08,53.12,0.5483,0.2757,0.473,0.6393,0.9583,0.2117,0.3577,-0.5671,0.2164,多周期共振看空 ⬇⬇⬇,-0.2285,-0.7131,-0.3375
603590,康辰药业,49.59,True,31.34,29.83,6,11.04,-15.38,-4.61,5.06,0.1067,2026-06-30,2026-07-08,60.02,0.7741,-0.1513,0.4855,0.604,0.8885,0.1909,0.3571,-0.5845,0.2077,多周期共振看空 ⬇⬇⬇,-0.189,-0.5602,-0.5625
002929,润建股份,125.89,True,58.14,63.39,6,15.45,-23.66,-6.92,-8.28,0.0,2026-07-08,2026-07-08,46.49,0.7742,-0.2599,0.8736,0.5605,0.8108,0.0,0.357,-0.0137,0.4931,多周期方向不一致，观望,-0.4283,-0.1433,0.45
000960,锡业股份,592.36,True,36.0,41.0,13,16.44,-12.19,1.66,-12.19,0.0,2026-07-08,2026-07-08,40.01,0.6059,-0.4498,0.9012,0.3836,0.667,0.0,0.3567,0.4398,0.7199,上升趋势中的日线整理,0.0762,0.6271,0.45
002004,华邦健康,78.16,True,4.15,4.17,3,1.98,-6.44,-2.17,-0.42,0.0638,2026-07-08,2026-07-08,47.19,0.3965,0.3903,0.2944,0.594,0.8265,0.5093,0.3562,-0.6528,0.1736,多周期共振看空 ⬇⬇⬇,-0.2859,-0.6946,-0.495
002273,水晶光电,436.41,True,32.04,35.25,7,10.34,-13.43,-3.3,-9.11,0.0,2026-07-08,2026-07-08,42.44,0.3179,0.1262,0.8667,0.4412,0.7209,0.0,0.3559,0.276,0.638,上升趋势中的日线回调（关注买点）,-0.2315,0.5637,0.5625
600732,爱旭股份,248.42,True,11.8,12.9,17,11.88,-15.46,2.54,-8.51,0.1213,2026-07-08,2026-07-08,41.78,0.2669,0.506,0.6104,0.5601,0.7062,0.0,0.3549,-0.1953,0.4023,多周期方向不一致，观望,0.1303,-0.4075,-0.5625
001296,长江材料,14.03,True,18.2,19.59,7,13.81,-9.48,-1.59,-7.09,0.0,2026-07-08,2026-07-08,48.88,0.932,1.8917,0.7925,0.9592,0.864,0.0,0.3547,-0.7343,0.1329,多周期共振看空 ⬇⬇⬇,-0.4519,-0.7315,-0.495
600936,北投科技,76.53,True,4.58,4.62,0,-0.86,-17.61,-10.34,-0.86,0.0,2026-07-08,2026-07-08,38.65,0.8266,-0.3396,0.4952,0.5601,0.6367,0.1746,0.3541,0.0328,0.5164,多周期方向不一致，观望,-0.2295,-0.1093,0.45
002851,麦格米特,664.83,True,145.08,159.09,15,25.88,-8.8,6.26,-8.8,0.1751,2026-07-08,2026-07-08,28.6,0.3702,-0.4293,0.9377,0.2504,0.4133,0.0,0.3539,0.5146,0.7573,上升趋势中的日线整理,0.1378,0.656,0.5625
605507,国邦医药,118.53,True,15.15,15.46,8,3.5,-5.44,-0.72,-2.01,0.1323,2026-07-08,2026-07-08,48.14,0.3983,-0.2097,0.4384,0.3551,0.8475,0.2693,0.3539,-0.2871,0.3564,多周期方向不一致，观望,-0.0842,-0.6946,-0.495
603508,思维列控,84.38,True,22.13,21.71,4,3.0,-7.5,-2.72,1.95,0.1042,2026-07-02,2026-07-08,56.34,0.1667,0.2037,0.2371,0.3815,0.9703,0.6048,0.3538,-0.6784,0.1608,多周期共振看空 ⬇⬇⬇,-0.2978,-0.6733,-0.5625
002641,公元股份,45.47,True,4.01,4.05,8,4.94,-9.42,-2.04,-0.89,0.0898,2026-07-08,2026-07-08,34.07,0.7749,-0.2653,0.3475,0.5588,0.5348,0.4208,0.3533,-0.262,0.369,多周期方向不一致，观望,-0.0928,-0.577,-0.495
601138,工业富联,13099.09,True,66.01,70.93,8,6.73,-12.2,-2.47,-6.94,0.0,2026-07-08,2026-07-08,40.85,0.6498,-0.3106,0.6742,0.4656,0.6854,0.0,0.3532,0.2583,0.6291,上升趋势中的日线回调（关注买点）,-0.3044,0.5667,0.5625
600079,ST人福,264.35,True,17.13,16.98,5,4.62,-5.33,-1.47,0.88,0.1377,2026-07-01,2026-07-08,54.68,0.0907,0.1792,0.315,0.3261,0.993,0.475,0.3527,-0.6024,0.1988,多周期共振看空 ⬇⬇⬇,-0.1969,-0.5927,-0.5625
600118,中国卫星,921.51,True,77.93,78.09,8,10.06,-8.93,-2.03,-0.2,0.0715,2026-07-08,2026-07-08,52.72,0.6363,-0.4943,0.615,0.3841,0.9494,0.0,0.3522,-0.1076,0.4462,多周期方向不一致，观望,-0.1034,-0.4967,0.1125
002136,安 纳 达,26.31,True,12.27,13.14,11,7.43,-14.27,-1.44,-6.6,0.0,2026-07-08,2026-07-08,36.82,0.7694,0.2421,0.5877,0.7585,0.596,0.0206,0.3519,-0.1304,0.4348,月线震荡，中短期走弱,-0.1998,-0.2384,-0.0286
603045,福达合金,94.31,True,69.63,78.58,12,25.68,-12.99,3.31,-11.39,0.0,2026-07-08,2026-07-08,35.6,0.6894,-0.7403,1.0051,0.4136,0.5688,0.0,0.3517,0.4689,0.7345,上升趋势中的日线整理,-0.1104,0.75,0.5625
001266,宏英智能,0.0,True,42.2,48.15,9,9.73,-12.36,-1.3,-12.36,0.0,2026-07-08,2026-07-08,31.98,0.8125,-0.217,0.6301,0.6007,0.4885,0.0,0.3514,0.2641,0.6321,上升趋势中的日线回调（关注买点）,-0.2483,0.5379,0.5625
603660,苏州科达,59.04,True,10.33,11.8,8,12.3,-12.48,-2.08,-12.48,0.0,2026-07-08,2026-07-08,33.45,0.775,0.1893,0.6197,0.7408,0.5212,0.0,0.3509,-0.0035,0.4983,多周期方向不一致，观望,-0.3896,-0.1313,0.45
600525,ST长园,66.99,True,5.08,5.02,6,4.94,-7.73,-2.14,1.26,0.1179,2026-06-30,2026-07-08,49.59,0.1436,-0.5727,0.3496,0.0862,0.8797,0.4173,0.3501,-0.0091,0.4955,多周期方向不一致，观望,-0.1101,-0.1256,0.18
600420,国药现代,116.68,True,8.7,8.44,5,6.32,-9.57,-2.43,3.04,0.117,2026-07-01,2026-07-08,55.45,0.2124,1.3173,0.4635,0.5274,0.9901,0.2275,0.35,-0.6946,0.1527,多周期共振看空 ⬇⬇⬇,-0.2821,-0.7223,-0.5625
603186,华正新材,278.85,True,177.85,210.73,17,57.65,-15.6,26.19,-15.6,0.1304,2026-07-08,2026-07-08,35.14,-0.2577,-0.4313,1.046,0.0275,0.5586,0.0,0.3494,0.7683,0.8841,多周期共振看多 ⬆⬆⬆,0.4818,0.7131,0.5625
603916,苏博特,49.18,True,11.7,13.73,6,10.94,-14.8,-2.37,-14.8,0.0,2026-07-08,2026-07-08,39.66,0.8108,-0.1343,0.709,0.6327,0.6592,0.0,0.349,-0.0116,0.4942,多周期方向不一致，观望,-0.3662,0.2631,0.0
600479,千金药业,39.97,True,9.55,9.39,6,3.36,-5.29,-1.78,1.75,0.1673,2026-06-30,2026-07-08,64.03,-0.1494,0.2661,0.2167,0.3064,0.7994,0.6389,0.3488,-0.5717,0.2142,多周期共振看空 ⬇⬇⬇,-0.1952,-0.5267,-0.5625
002424,ST百灵,51.6,True,4.48,4.46,6,3.47,-6.64,-2.0,0.55,0.1143,2026-07-07,2026-07-08,55.0,0.3089,-0.0983,0.4256,0.346,1.0,0.2907,0.3486,-0.4714,0.2643,多周期共振看空 ⬇⬇⬇,-0.1871,-0.3131,-0.5625
002490,山东墨龙,37.76,True,6.97,7.06,3,7.91,-17.38,-8.09,-1.25,0.0,2026-07-08,2026-07-08,41.64,0.8806,0.4967,0.7444,0.927,0.703,0.0,0.3481,-0.5421,0.2289,多周期共振看空 ⬇⬇⬇,-0.3508,-0.5533,-0.3375
002023,海特高新,85.79,True,11.58,12.53,14,17.2,-9.72,3.14,-7.6,0.1113,2026-07-08,2026-07-08,43.57,0.6441,-0.493,0.6041,0.3893,0.7461,0.0,0.3479,-0.0017,0.4991,多周期方向不一致，观望,0.0668,0.0532,-0.1181
600545,卓郎智能,95.3,True,5.33,6.49,6,20.23,-17.91,-2.99,-17.91,0.0,2026-07-08,2026-07-08,39.84,0.7384,-0.4434,1.1417,0.4656,0.6631,0.0,0.3474,0.2381,0.619,上升趋势中的日线回调（关注买点）,-0.3515,0.6515,0.45
002885,京泉华,82.21,True,34.65,40.78,4,8.71,-15.74,-4.99,-15.02,0.0,2026-07-08,2026-07-08,32.29,0.6022,0.101,0.816,0.6017,0.4953,0.0,0.3467,0.2163,0.6081,上升趋势中的日线回调（关注买点）,-0.4693,0.5667,0.5625
001400,江顺科技,46.42,True,100.4,111.42,10,10.63,-9.89,-0.61,-9.89,0.0,2026-07-08,2026-07-08,41.39,0.7161,-0.0634,0.8818,0.6043,0.6975,0.0,0.3467,-0.0304,0.4848,月线看多，中短期调整中,-0.3028,-0.1775,0.2925
002497,雅化集团,235.12,True,22.19,22.09,8,11.7,-15.34,-2.47,0.45,0.0768,2026-07-01,2026-07-08,47.93,-0.1511,1.595,0.8532,0.4,0.8428,0.0,0.3466,-0.0634,0.4683,多周期方向不一致，观望,-0.0793,-0.3233,0.1125
603838,*ST四通,28.16,True,8.8,9.12,10,6.26,-10.94,-1.24,-3.56,0.0491,2026-07-08,2026-07-08,33.33,0.5515,-0.3081,0.3792,0.4076,0.5185,0.368,0.346,0.0809,0.5404,多周期方向不一致，观望,-0.1613,-0.0688,0.5625
002153,石基信息,121.26,True,7.58,7.56,1,0.2,-10.88,-5.67,0.2,0.0,2026-07-07,2026-07-08,46.04,0.6623,0.6212,0.3661,0.7974,0.8009,0.3899,0.3456,-0.7843,0.1079,多周期共振看空 ⬇⬇⬇,-0.5336,-0.7038,-0.5625
002791,坚朗五金,0.0,True,15.01,13.95,2,7.57,-10.37,-5.79,7.57,0.0956,2026-07-06,2026-07-08,62.33,0.3689,2.0794,0.364,0.6213,0.8371,0.3933,0.3454,-0.7799,0.11,多周期共振看空 ⬇⬇⬇,-0.4686,-0.75,-0.5625
601100,恒立液压,1455.73,True,108.57,113.83,12,7.92,-7.6,-0.08,-4.62,0.0806,2026-07-08,2026-07-08,39.59,0.2766,-0.1929,0.5879,0.2888,0.6576,0.0202,0.3452,0.3005,0.6502,上升趋势中的日线整理,-0.0773,0.2843,0.5625
002730,电光科技,91.18,True,26.35,29.23,8,9.63,-10.61,-2.42,-9.84,0.0,2026-07-08,2026-07-08,36.33,0.7577,0.0241,0.624,0.6643,0.5852,0.0,0.3451,-0.004,0.498,月线看多，中短期调整中,-0.3588,-0.1617,0.45
603880,南卫股份,21.36,True,7.39,7.52,5,6.99,-9.37,-3.91,-1.72,0.0,2026-07-08,2026-07-08,43.74,-0.3395,1.5773,0.8743,0.4,0.7497,0.0,0.3442,0.2136,0.6068,上升趋势中的日线整理,-0.1491,0.2326,0.45
601208,东材科技,574.49,True,56.87,68.0,17,33.11,-16.37,11.09,-16.37,0.1113,2026-07-08,2026-07-08,32.98,0.084,-0.3966,0.8772,0.0918,0.5106,0.0,0.3442,0.7272,0.8636,多周期共振看多 ⬆⬆⬆,0.3334,0.75,0.5625
603050,科林电气,77.4,True,19.19,19.67,3,6.94,-16.14,-5.84,-2.44,0.0,2026-07-08,2026-07-08,46.43,0.7351,-0.5543,0.4574,0.4411,0.8095,0.2377,0.3441,-0.1147,0.4426,月线震荡，中短期走弱,-0.198,-0.314,0.0982
001696,宗申动力,158.67,True,17.8,21.76,16,41.21,-18.19,15.61,-18.19,0.0499,2026-07-08,2026-07-08,25.35,0.6184,0.7814,0.9128,0.771,0.341,0.0,0.3438,-0.0122,0.4939,多周期方向不一致，观望,0.3085,0.132,-0.45
002709,天赐材料,672.87,True,44.59,51.55,11,10.2,-13.51,-0.79,-13.51,0.0,2026-07-08,2026-07-08,37.18,0.6104,0.2076,0.8101,0.6493,0.604,0.0,0.3438,-0.0132,0.4934,月线看多，中短期调整中,-0.1924,-0.1906,0.2925
603012,创力集团,52.37,True,8.1,7.96,7,10.78,-17.73,-5.42,1.81,0.0212,2026-06-29,2026-07-08,59.42,0.3616,-0.1301,0.6453,0.365,0.9019,0.0,0.343,0.0269,0.5134,多周期方向不一致，观望,-0.1561,-0.0856,0.3375
002734,利民股份,70.1,True,16.14,17.09,13,14.81,-8.64,1.65,-5.56,0.109,2026-07-08,2026-07-08,47.9,0.6296,-0.429,0.6689,0.4062,0.8422,0.0,0.3429,-0.1785,0.4108,多周期方向不一致，观望,-0.044,-0.2517,-0.495
002171,楚江新材,189.78,True,11.76,13.93,15,25.65,-15.61,6.1,-15.61,0.001,2026-07-08,2026-07-08,33.3,0.8549,-0.3992,0.8468,0.5532,0.5178,0.0,0.3429,0.2344,0.6172,上升趋势中的日线整理,0.1037,0.3092,0.2108
002848,高斯贝尔,22.78,True,13.77,13.72,4,3.78,-20.19,-7.58,0.37,0.0,2026-07-02,2026-07-08,48.13,0.5127,-0.2788,0.5163,0.3961,0.8474,0.1396,0.3429,-0.0194,0.4903,月线看多，中短期调整中,-0.3005,-0.1721,0.3375
600459,贵研铂业,161.51,True,21.26,25.9,18,20.71,-17.92,7.39,-17.92,0.0231,2026-07-08,2026-07-08,35.41,0.4922,-0.5398,0.9026,0.2953,0.5647,0.0,0.3426,0.5354,0.7677,多周期共振看多 ⬆⬆⬆,0.271,0.4944,0.45
600499,科达制造,293.62,True,15.31,14.9,5,10.66,-11.47,-2.68,2.74,0.0809,2026-07-02,2026-07-08,48.0,0.2451,0.1661,0.6128,0.4135,0.8444,0.0,0.3421,-0.1321,0.434,月线震荡，中短期走弱,-0.1698,-0.3429,0.0443
600522,中天科技,1531.05,True,44.86,54.73,17,33.2,-18.03,10.67,-18.03,0.0696,2026-07-08,2026-07-08,37.47,0.1412,-0.4579,0.8707,0.1016,0.6105,0.0,0.3417,0.6712,0.8356,多周期共振看多 ⬆⬆⬆,0.1899,0.75,0.5625
002737,葵花药业,73.18,True,12.53,12.16,4,4.68,-8.6,-2.59,3.02,0.1242,2026-07-02,2026-07-08,54.44,0.0632,0.3283,0.4303,0.3693,0.9875,0.2829,0.3415,-0.568,0.216,多周期共振看空 ⬇⬇⬇,-0.1792,-0.5323,-0.5625
600367,红星发展,137.35,True,42.66,55.09,18,66.24,-22.56,21.53,-22.56,0.0,2026-07-08,2026-07-08,36.5,0.2886,-0.5031,1.1112,0.1732,0.589,0.0,0.3415,0.7478,0.8739,多周期共振看多 ⬆⬆⬆,0.4401,0.7038,0.5625
000550,江铃汽车,85.86,True,16.56,16.91,8,6.28,-5.32,-1.29,-2.08,0.097,2026-07-08,2026-07-08,34.95,0.6145,-0.2771,0.3595,0.4579,0.5544,0.4008,0.3412,-0.222,0.389,多周期方向不一致，观望,-0.0417,-0.3776,-0.5625
603009,北特科技,157.87,True,46.65,45.89,8,16.5,-16.1,-3.39,1.66,0.0838,2026-06-26,2026-07-08,57.37,0.3833,-0.2083,0.6723,0.3466,0.9473,0.0,0.3409,-0.165,0.4175,多周期方向不一致，观望,-0.1024,-0.1423,-0.495
002170,芭田股份,86.74,True,11.02,11.22,5,2.11,-7.6,-2.32,-1.74,0.0398,2026-07-08,2026-07-08,49.44,0.4359,0.2155,0.4579,0.5477,0.8764,0.2369,0.3407,-0.4876,0.2562,多周期共振看空 ⬇⬇⬇,-0.2123,-0.5521,-0.3375
603026,石大胜华,168.38,True,72.36,88.84,11,12.56,-18.55,-1.18,-18.55,0.0,2026-07-08,2026-07-08,27.34,0.7795,0.3731,0.7978,0.817,0.3853,0.0,0.3406,-0.0448,0.4776,月线看多，中短期调整中,-0.279,-0.2667,0.2925
603284,林平发展,6.84,True,37.0,37.82,3,4.64,-10.1,-4.41,-2.17,0.0,2026-07-08,2026-07-08,45.78,0.4127,0.0043,0.3803,0.4494,0.7951,0.3662,0.3404,-0.2433,0.3784,周线日线方向不一致,-0.3743,,
002767,先锋电子,23.31,True,17.9,17.62,5,12.59,-6.48,-1.64,1.59,0.0988,2026-07-02,2026-07-08,54.18,0.303,1.2145,0.6492,0.5818,0.9818,0.0,0.3401,-0.6253,0.1874,多周期共振看空 ⬇⬇⬇,-0.2047,-0.7038,-0.495
002845,同兴达,36.51,True,14.59,15.57,12,5.5,-8.97,0.05,-6.32,0.0685,2026-07-08,2026-07-08,36.73,0.2271,0.1238,0.6427,0.3858,0.5941,0.0,0.34,0.2254,0.6127,上升趋势中的日线整理,-0.0502,0.3985,0.23
603520,司太立,40.99,True,9.35,9.9,10,13.05,-15.81,-2.39,-5.53,0.0,2026-07-08,2026-07-08,49.41,0.8111,-0.345,0.5194,0.5486,0.8759,0.1344,0.3393,-0.322,0.339,多周期共振看空 ⬇⬇⬇,-0.3307,-0.2667,-0.1575
002541,鸿路钢构,93.43,True,18.83,17.13,7,9.93,-8.69,-2.29,9.93,0.3024,2026-06-30,2026-07-08,71.21,0.0265,-0.0402,0.4969,0.1998,0.6398,0.1719,0.3393,-0.2361,0.382,多周期方向不一致，观望,-0.0391,-0.6669,-0.3375
001279,强邦新材,10.9,True,27.25,27.04,9,4.84,-14.71,-3.82,0.77,0.0668,2026-06-30,2026-07-08,48.47,0.7449,-0.3474,0.5821,0.508,0.855,0.0299,0.3392,-0.3095,0.3453,多周期方向不一致，观望,-0.1223,-0.6929,-0.5625
605009,XD豪悦护,51.61,True,24.0,22.65,6,9.22,-10.11,-2.94,5.96,0.1709,2026-06-30,2026-07-08,64.04,0.1284,0.7169,0.426,0.4771,0.7991,0.29,0.3391,-0.6513,0.1744,多周期共振看空 ⬇⬇⬇,-0.1603,-0.7315,-0.5625
600449,宁夏建材,61.69,True,12.9,12.54,4,11.76,-13.13,-5.02,2.89,0.0104,2026-07-02,2026-07-08,49.83,0.4208,0.0929,0.6395,0.4896,0.8851,0.0,0.3389,-0.159,0.4205,多周期方向不一致，观望,-0.2205,-0.1227,-0.3874
000948,南天信息,49.5,True,12.72,12.31,2,3.34,-8.86,-4.68,3.34,0.0652,2026-07-07,2026-07-08,52.66,0.4275,1.1382,0.4804,0.6565,0.948,0.1994,0.3387,-0.7941,0.1029,多周期共振看空 ⬇⬇⬇,-0.5157,-0.7408,-0.5625
603075,热威股份,9.17,True,22.23,22.43,3,1.06,-9.91,-5.58,-0.9,0.0,2026-07-08,2026-07-08,39.68,0.4133,-0.4696,0.1979,0.2601,0.6595,0.6701,0.3382,-0.0378,0.4811,多周期方向不一致，观望,-0.3249,-0.0274,0.1399
002240,盛新锂能,348.18,True,38.14,45.56,9,9.36,-16.29,-2.51,-16.29,0.0,2026-07-08,2026-07-08,32.93,0.7848,0.099,0.8361,0.7105,0.5096,0.0,0.3377,-0.0468,0.4766,月线看多，中短期调整中,-0.3453,-0.2194,0.2925
002206,海 利 得,55.49,True,5.25,5.39,12,4.87,-6.71,-0.37,-2.58,0.1761,2026-07-08,2026-07-08,41.48,0.3185,-0.4007,0.3648,0.2308,0.6996,0.392,0.3374,-0.2458,0.3771,多周期方向不一致，观望,0.0128,-0.5962,-0.495
002611,东方精工,170.77,True,17.01,17.77,9,3.71,-6.65,-1.12,-4.29,0.0753,2026-07-08,2026-07-08,39.34,0.7182,-0.7244,0.5124,0.4309,0.6521,0.1459,0.3373,-0.0713,0.4643,多周期方向不一致，观望,-0.1933,-0.0453,-0.1026
603499,翔港科技,54.56,True,12.88,13.77,12,11.93,-16.5,-0.04,-6.45,0.0288,2026-07-08,2026-07-08,36.42,0.7325,1.0935,0.7014,0.8395,0.5872,0.0,0.3371,-0.4204,0.2898,多周期共振看空 ⬇⬇⬇,-0.1749,-0.4366,-0.3375
600596,新安股份,170.45,True,12.63,15.23,16,19.36,-17.05,6.13,-17.05,0.0,2026-07-08,2026-07-08,34.27,0.6487,-0.4417,0.8208,0.4125,0.5393,0.0,0.337,0.3889,0.6945,上升趋势中的日线整理,0.0322,0.5325,0.45
002812,恩捷股份,501.41,True,60.95,66.4,9,7.01,-15.55,-2.48,-8.21,0.0,2026-07-08,2026-07-08,36.1,0.4404,0.6959,0.7336,0.6642,0.5799,0.0,0.3353,-0.076,0.462,月线看多，中短期调整中,-0.4633,-0.2575,0.2925
002215,诺 普 信,69.99,True,8.66,8.94,6,10.64,-8.92,-1.46,-3.18,0.0,2026-07-08,2026-07-08,34.65,0.8219,0.2242,0.5452,0.7829,0.5477,0.0913,0.3348,-0.3042,0.3479,多周期方向不一致，观望,-0.0719,-0.7131,-0.5625
600660,福耀玻璃,1037.75,True,51.81,50.97,4,5.34,-7.5,-2.28,1.65,0.1007,2026-07-03,2026-07-08,53.66,0.0359,1.0708,0.3912,0.4215,0.9702,0.3481,0.3345,-0.6829,0.1586,多周期共振看空 ⬇⬇⬇,-0.2627,-0.7131,-0.5625
603309,维力医疗,34.56,True,11.84,11.6,6,5.01,-10.48,-2.75,2.09,0.0997,2026-06-30,2026-07-08,55.7,0.3332,-0.2147,0.3336,0.3141,0.9843,0.444,0.3342,-0.6043,0.1979,多周期共振看空 ⬇⬇⬇,-0.1832,-0.6762,-0.495
600184,光电股份,0.0,True,21.3,27.16,13,16.97,-21.57,0.68,-21.57,0.0,2026-07-08,2026-07-08,38.66,0.6872,-0.442,0.9991,0.4355,0.6368,0.0,0.3341,0.2121,0.606,上升趋势中的日线回调（关注买点）,-0.1862,0.4226,0.45
002493,荣盛石化,1040.26,True,11.14,11.5,9,6.79,-6.49,-0.02,-3.16,0.0899,2026-07-08,2026-07-08,44.17,0.4655,-0.1003,0.6885,0.4392,0.7594,0.0,0.3332,-0.1641,0.4179,多周期方向不一致，观望,0.0464,-0.4235,-0.3375
000049,德赛电池,92.17,True,23.97,23.86,6,6.06,-11.83,-2.86,0.48,0.0359,2026-07-01,2026-07-08,47.2,0.4297,-0.2218,0.4302,0.3691,0.8266,0.283,0.333,-0.2307,0.3846,多周期方向不一致，观望,-0.1218,-0.4031,-0.5067
600722,金牛化工,53.13,True,7.81,8.81,0,-0.52,-14.94,-10.56,-11.35,0.0,2026-07-08,2026-07-08,30.08,0.8598,0.5876,0.6433,0.9159,0.4461,0.0,0.333,-0.337,0.3315,月线震荡，中短期走弱,-0.7,-0.506,-0.0268
000661,长春高新,261.59,True,65.46,66.18,6,6.22,-14.54,-4.57,-1.09,0.0,2026-07-08,2026-07-08,54.04,0.606,0.2152,0.4759,0.6497,0.9787,0.2069,0.3329,-0.7164,0.1418,多周期共振看空 ⬇⬇⬇,-0.3056,-0.75,-0.5625
002950,奥美医疗,38.41,True,8.94,9.27,8,9.67,-14.5,-3.06,-3.6,0.0,2026-07-08,2026-07-08,51.59,0.8515,-0.1633,0.6104,0.6456,0.9242,0.0,0.3327,-0.4801,0.26,多周期共振看空 ⬇⬇⬇,-0.3464,-0.4207,-0.3375
600618,氯碱化工,75.51,True,10.07,10.54,10,4.19,-11.34,-1.23,-4.46,0.0401,2026-07-08,2026-07-08,42.5,0.6392,-0.0686,0.5375,0.5561,0.7222,0.1042,0.3324,-0.2767,0.3617,多周期方向不一致，观望,-0.0418,-0.6854,-0.495
002403,爱仕达,29.12,True,9.8,9.73,6,20.52,-14.53,-3.87,0.68,0.0157,2026-06-30,2026-07-08,48.91,0.3758,0.2849,0.83,0.5395,0.8648,0.0,0.3324,-0.2797,0.3601,多周期方向不一致，观望,-0.1333,-0.5528,-0.5625
603459,红板科技,68.29,True,86.39,90.99,8,22.42,-20.88,-2.31,-5.05,0.0,2026-07-08,2026-07-08,47.7,0.6581,-0.4676,0.9814,0.4078,0.8377,0.0,0.3322,0.0,0.5,周线日线方向不一致,0.0,,
600372,中航机载,532.76,True,11.01,10.95,6,2.87,-8.4,-1.84,0.52,0.1229,2026-07-02,2026-07-08,48.02,0.4363,-0.3134,0.2891,0.3364,0.8448,0.5182,0.3318,-0.6069,0.1966,多周期共振看空 ⬇⬇⬇,-0.179,-0.6854,-0.495
603876,鼎胜新材,210.85,True,22.69,25.79,6,10.43,-14.09,-2.52,-12.02,0.0,2026-07-08,2026-07-08,36.85,0.5535,0.1415,0.6035,0.5887,0.5966,0.0,0.331,-0.0098,0.4951,月线看多，中短期调整中,-0.3907,-0.1617,0.45
600549,厦门钨业,986.59,True,63.49,77.86,18,47.21,-18.46,16.16,-18.46,0.0749,2026-07-08,2026-07-08,33.64,0.2199,-0.5625,0.9621,0.1319,0.5252,0.0,0.33,0.6193,0.8096,多周期共振看多 ⬆⬆⬆,0.4645,0.5129,0.45
002299,圣农发展,193.15,True,15.85,15.96,4,4.85,-7.56,-2.79,-0.7,0.0239,2026-07-08,2026-07-08,45.41,0.291,0.2492,0.3318,0.4743,0.7869,0.447,0.33,-0.4784,0.2608,多周期共振看空 ⬇⬇⬇,-0.2082,-0.5462,-0.3268
002602,世纪华通,967.19,True,14.23,13.78,5,5.18,-10.26,-2.99,3.27,0.1088,2026-07-03,2026-07-08,63.16,0.1797,0.0074,0.4401,0.3108,0.8187,0.2664,0.3295,-0.3179,0.341,多周期方向不一致，观望,-0.1206,-0.7315,-0.5625
002475,立讯精密,4561.78,True,62.47,66.88,3,7.57,-10.67,-3.9,-6.6,0.0,2026-07-08,2026-07-08,44.15,0.6735,-0.4977,0.7833,0.405,0.7589,0.0,0.3288,0.0719,0.536,多周期方向不一致，观望,-0.4056,0.1014,0.5625
002254,泰和新材,118.84,True,13.97,17.46,16,26.83,-19.98,7.37,-19.98,0.0,2026-07-08,2026-07-08,31.24,0.657,-0.5124,1.0075,0.3942,0.4721,0.0,0.3286,0.4316,0.7158,上升趋势中的日线整理,-0.0355,0.589,0.5625
002333,罗普斯金,32.93,True,4.94,4.84,4,2.74,-5.81,-2.4,2.07,0.121,2026-07-02,2026-07-08,53.41,0.1548,-0.112,0.2713,0.2481,0.9646,0.5479,0.3286,-0.6543,0.1729,多周期共振看空 ⬇⬇⬇,-0.2115,-0.6942,-0.5625
002342,巨力索具,91.55,True,9.59,10.22,5,10.92,-21.46,-7.65,-6.16,0.0,2026-07-08,2026-07-08,44.35,0.7392,0.2214,0.7097,0.7321,0.7634,0.0,0.3285,-0.4593,0.2703,多周期共振看空 ⬇⬇⬇,-0.3959,-0.3325,-0.3375
600768,宁波富邦,20.34,True,15.21,15.5,5,3.86,-11.92,-3.94,-1.9,0.0,2026-07-08,2026-07-08,46.91,0.61,-0.1021,0.4428,0.5252,0.8202,0.262,0.3283,-0.4074,0.2963,多周期共振看空 ⬇⬇⬇,-0.2514,-0.3717,-0.3082
002392,北京利尔,86.93,True,7.51,8.13,9,11.93,-15.89,-1.59,-7.59,0.0,2026-07-08,2026-07-08,46.04,0.7838,-0.1077,0.8554,0.6272,0.8008,0.0,0.3281,-0.34,0.33,多周期共振看空 ⬇⬇⬇,-0.1812,-0.1767,-0.4152
002957,科瑞技术,185.27,True,44.25,52.96,7,6.27,-16.93,-4.33,-16.44,0.0,2026-07-08,2026-07-08,30.38,0.8536,-0.6234,0.7452,0.5122,0.453,0.0,0.3281,0.2619,0.631,上升趋势中的日线回调（关注买点）,-0.3765,0.6406,0.5625
600346,恒力石化,1171.31,True,16.64,17.78,14,7.53,-11.4,-0.01,-6.39,0.0627,2026-07-08,2026-07-08,42.99,0.6956,-0.2649,0.7112,0.5114,0.7332,0.0,0.3279,-0.2249,0.3876,多周期方向不一致，观望,-0.0854,-0.5777,-0.3375
002007,华兰生物,200.63,True,12.75,12.75,5,2.79,-5.93,-1.61,0.03,0.1282,2026-07-07,2026-07-08,48.94,-0.1433,0.5961,0.3697,0.4,0.8654,0.3838,0.3278,-0.6707,0.1647,多周期共振看空 ⬇⬇⬇,-0.262,-0.6871,-0.5625
002019,亿帆医药,83.33,True,9.89,9.85,4,3.71,-5.93,-1.8,0.38,0.1089,2026-07-07,2026-07-08,51.34,-0.0046,0.8021,0.3805,0.4,0.9187,0.3659,0.3277,-0.6748,0.1626,多周期共振看空 ⬇⬇⬇,-0.296,-0.6669,-0.5625
003037,三和管桩,37.8,True,6.31,5.93,3,6.41,-13.65,-7.65,6.41,0.0168,2026-07-03,2026-07-08,58.13,0.4209,1.7663,0.4378,0.6526,0.9306,0.2704,0.3271,-0.8008,0.0996,多周期共振看空 ⬇⬇⬇,-0.5327,-0.7408,-0.5625
002896,中大力德,144.62,True,73.59,78.88,5,17.12,-12.93,-1.61,-6.7,0.0,2026-07-08,2026-07-08,42.74,0.8656,-0.5106,0.7404,0.5194,0.7275,0.0,0.3265,-0.0918,0.4541,月线压制，周线反弹受阻,-0.318,0.1796,-0.5625
002915,中欣氟材,53.84,True,18.69,20.65,12,13.64,-9.5,-0.03,-9.5,0.0,2026-07-08,2026-07-08,42.64,0.8677,-0.2391,0.8224,0.625,0.7253,0.0,0.3265,-0.2584,0.3708,多周期方向不一致，观望,-0.1353,-0.4575,-0.5625
002237,恒邦股份,153.1,True,12.84,13.71,13,14.47,-11.69,-0.23,-6.34,0.0427,2026-07-08,2026-07-08,38.73,0.6766,0.3354,0.7644,0.7401,0.6385,0.0,0.3261,-0.4443,0.2779,多周期共振看空 ⬇⬇⬇,-0.182,-0.4829,-0.3375
000030,富奥股份,67.0,True,4.01,4.08,1,1.95,-7.79,-4.57,-1.6,0.0,2026-07-08,2026-07-08,40.0,0.7953,0.2116,0.338,0.7618,0.6667,0.4367,0.3261,-0.7595,0.1203,多周期共振看空 ⬇⬇⬇,-0.4377,-0.7315,-0.5625
603226,菲林格尔,176.32,True,49.6,53.78,12,13.77,-7.77,2.01,-7.77,0.0469,2026-07-08,2026-07-08,34.0,0.2481,-0.3374,0.6871,0.2139,0.5334,0.0,0.326,0.5129,0.7565,上升趋势中的日线整理,0.0446,0.7315,0.5625
600516,方大炭素,207.34,True,5.15,5.95,17,17.4,-13.47,5.12,-13.47,0.0617,2026-07-08,2026-07-08,38.73,0.6688,-0.2486,0.7923,0.5018,0.6383,0.0,0.326,-0.1087,0.4456,多周期方向不一致，观望,0.022,-0.114,-0.3825
002150,正泰电源,87.33,True,24.36,25.63,4,4.52,-18.07,-8.3,-4.96,0.0,2026-07-08,2026-07-08,43.72,0.6246,-0.3479,0.4864,0.4356,0.7493,0.1893,0.3255,-0.1438,0.4281,月线看多，中短期调整中,-0.5211,-0.4179,0.18
001268,联合精密,24.46,True,25.93,28.04,10,3.86,-11.31,-2.88,-7.51,0.0,2026-07-08,2026-07-08,38.21,-0.0592,1.8285,0.8341,0.4,0.6269,0.0,0.3251,0.2088,0.6044,上升趋势中的日线回调（关注买点）,-0.1941,0.4182,0.45
603936,博敏电子,120.6,True,19.13,24.77,14,21.1,-22.77,2.93,-22.77,0.0,2026-07-08,2026-07-08,23.34,0.7328,-0.398,0.7996,0.4805,0.2965,0.0,0.3244,0.4706,0.7353,上升趋势中的日线整理,-0.0946,0.7408,0.5625
600845,宝信软件,414.01,True,19.4,17.84,6,8.73,-14.79,-6.92,8.73,0.1407,2026-06-30,2026-07-08,65.0,0.2485,2.0483,0.5275,0.5491,0.7778,0.1208,0.3244,-0.6513,0.1744,多周期共振看空 ⬇⬇⬇,-0.4207,-0.5083,-0.5625
002580,圣阳股份,80.46,True,17.8,21.22,5,12.84,-20.55,-7.35,-16.1,0.0,2026-07-08,2026-07-08,39.92,0.7673,-0.3508,0.9322,0.52,0.6649,0.0,0.3243,-0.0353,0.4824,月线看多，中短期调整中,-0.4649,-0.2194,0.45
603931,格林达,106.94,True,53.59,56.82,8,5.32,-7.39,-1.0,-5.68,0.0,2026-07-08,2026-07-08,44.74,-0.0928,0.1067,0.8219,0.2427,0.772,0.0,0.3236,0.2739,0.637,上升趋势中的日线回调（关注买点）,-0.2239,0.55,0.5625
002399,海普瑞,116.86,True,9.37,9.16,6,5.46,-6.91,-2.26,2.25,0.1237,2026-06-30,2026-07-08,57.33,0.1495,0.1589,0.4173,0.3533,0.9482,0.3045,0.3225,-0.6637,0.1682,多周期共振看空 ⬇⬇⬇,-0.1706,-0.75,-0.5625
002168,ST惠程,28.31,True,3.61,3.68,5,4.54,-7.6,-1.54,-1.97,0.0534,2026-07-08,2026-07-08,39.53,0.8063,-0.3574,0.376,0.5408,0.6563,0.3733,0.3224,-0.5001,0.25,多周期共振看空 ⬇⬇⬇,-0.1693,-0.3914,-0.5625
600761,安徽合力,145.54,True,16.34,16.69,5,5.35,-8.29,-2.14,-2.09,0.0246,2026-07-08,2026-07-08,46.51,0.6381,-0.0507,0.4462,0.5626,0.8114,0.2563,0.3215,-0.5664,0.2168,多周期共振看空 ⬇⬇⬇,-0.1745,-0.5328,-0.5625
603179,新泉股份,338.39,True,47.38,49.86,4,6.7,-11.26,-3.89,-4.97,0.0,2026-07-08,2026-07-08,44.39,0.5628,-0.0824,0.7427,0.5047,0.7643,0.0,0.3213,-0.1542,0.4229,多周期方向不一致，观望,-0.2042,-0.0079,-0.495
600955,维远股份,80.8,True,14.69,15.59,6,3.97,-11.91,-2.69,-5.78,0.0,2026-07-08,2026-07-08,42.65,0.6482,0.172,0.4926,0.6577,0.7255,0.1791,0.321,-0.4984,0.2508,多周期共振看空 ⬇⬇⬇,-0.3761,-0.4355,-0.3375
603031,安孚科技,144.62,True,46.0,51.9,3,3.92,-11.41,-4.97,-11.38,0.0,2026-07-08,2026-07-08,39.45,0.4629,-0.3337,0.7743,0.3443,0.6543,0.0,0.3209,0.231,0.6155,上升趋势中的日线回调（关注买点）,-0.4568,0.6054,0.5625
000534,万泽股份,148.45,True,29.54,29.9,5,8.25,-15.97,-5.12,-1.21,0.0,2026-07-08,2026-07-08,50.36,0.3066,0.0585,0.7587,0.4074,0.897,0.0,0.3207,-0.1627,0.4186,月线震荡，中短期走弱,-0.2711,-0.4271,0.1125
600884,杉杉股份,229.57,True,12.51,13.6,5,4.24,-11.1,-2.99,-8.03,0.0,2026-07-08,2026-07-08,31.35,0.5659,0.0655,0.4694,0.5657,0.4744,0.2176,0.3206,-0.084,0.458,月线看多，中短期调整中,-0.4105,-0.2282,0.18
002169,智光电气,97.79,True,12.89,14.53,1,1.36,-11.84,-6.73,-11.3,0.0,2026-07-08,2026-07-08,32.13,0.7844,-0.3097,0.5172,0.5467,0.4918,0.138,0.3205,-0.0111,0.4945,多周期方向不一致，观望,-0.4383,-0.1232,0.45
600688,上海石化,209.6,True,2.86,2.98,11,10.85,-4.81,0.11,-3.96,0.1104,2026-07-08,2026-07-08,36.11,0.715,-0.8797,0.3828,0.429,0.5802,0.362,0.32,-0.3777,0.3112,多周期共振看空 ⬇⬇⬇,-0.2444,-0.2831,-0.3375
002815,崇达技术,121.16,True,15.59,17.41,12,16.12,-16.01,0.27,-10.47,0.0,2026-07-08,2026-07-08,29.34,0.7116,-0.6345,0.8673,0.427,0.4297,0.0,0.3196,0.3583,0.6792,上升趋势中的日线整理,-0.1144,0.4663,0.5625
000157,中联重科,505.48,True,7.15,7.33,10,4.19,-5.97,-0.36,-2.5,0.1432,2026-07-08,2026-07-08,37.23,0.3143,-0.3092,0.3557,0.2649,0.6052,0.4071,0.3193,-0.2654,0.3673,多周期方向不一致，观望,-0.1051,-0.5816,-0.495
603728,鸣志电器,245.88,True,58.7,61.31,7,9.86,-10.01,-2.19,-4.25,0.0,2026-07-08,2026-07-08,46.12,0.6721,-0.3715,0.6932,0.4547,0.8028,0.0,0.3192,-0.1368,0.4316,多周期方向不一致，观望,-0.1385,0.0799,-0.5625
002466,天齐锂业,786.12,True,53.27,61.32,7,6.64,-14.15,-2.24,-13.13,0.0,2026-07-08,2026-07-08,34.05,0.5945,0.1639,0.6786,0.6223,0.5345,0.0,0.3189,-0.0861,0.457,月线看多，中短期调整中,-0.4588,-0.1967,0.18
002738,中矿资源,402.91,True,56.65,60.3,10,10.22,-18.63,-2.05,-6.05,0.0,2026-07-08,2026-07-08,42.63,0.3652,0.3222,0.781,0.548,0.7251,0.0,0.3185,-0.1989,0.4006,多周期方向不一致，观望,-0.0037,-0.5337,-0.3375
600997,开滦股份,82.72,True,5.21,5.07,5,4.33,-10.77,-4.08,2.69,0.0577,2026-07-02,2026-07-08,56.8,0.6468,-0.4358,0.3675,0.4138,0.96,0.3875,0.3183,-0.7158,0.1421,多周期共振看空 ⬇⬇⬇,-0.358,-0.7038,-0.5625
603530,神马电力,210.06,True,49.14,52.25,3,3.35,-11.13,-4.0,-5.95,0.0,2026-07-08,2026-07-08,41.06,0.4717,-0.1175,0.4879,0.436,0.6903,0.1868,0.3182,-0.13,0.435,月线看多，中短期调整中,-0.4678,-0.3983,0.18
000919,金陵药业,37.43,True,6.02,6.04,5,3.08,-6.16,-1.77,-0.39,0.0973,2026-07-08,2026-07-08,48.54,0.2057,0.0827,0.3393,0.3565,0.8564,0.4344,0.3178,-0.637,0.1815,多周期共振看空 ⬇⬇⬇,-0.2411,-0.6308,-0.5625
002715,登云股份,21.1,True,15.29,14.13,4,8.18,-10.72,-5.78,8.18,0.1235,2026-07-02,2026-07-08,63.06,0.1931,0.7582,0.5381,0.5159,0.8208,0.1031,0.3178,-0.6468,0.1766,多周期共振看空 ⬇⬇⬇,-0.3366,-0.5706,-0.5625
600076,康欣新材,42.49,True,3.16,3.42,5,5.05,-13.49,-4.29,-7.52,0.0,2026-07-08,2026-07-08,46.54,0.1529,0.7502,0.8754,0.4917,0.812,0.0,0.3174,-0.2217,0.3891,月线震荡，中短期走弱,-0.2798,-0.3974,-0.1081
603987,康德莱,31.36,True,7.18,7.17,6,3.18,-5.8,-1.7,0.17,0.1358,2026-07-01,2026-07-08,50.87,0.2145,-0.1619,0.3131,0.2639,0.9082,0.4781,0.3173,-0.682,0.159,多周期共振看空 ⬇⬇⬇,-0.2498,-0.7223,-0.5625
603276,恒兴新材,11.7,True,15.47,16.24,7,4.53,-7.35,-1.86,-4.74,0.0,2026-07-08,2026-07-08,36.72,0.8154,-0.2216,0.5303,0.6006,0.5938,0.1162,0.317,-0.2303,0.3849,多周期方向不一致，观望,-0.0914,-0.439,-0.495
601677,明泰铝业,195.69,True,15.74,16.46,0,-1.92,-9.24,-5.71,-4.35,0.0,2026-07-08,2026-07-08,42.01,0.6018,-0.4753,0.458,0.3709,0.7114,0.2366,0.3168,-0.1022,0.4489,多周期方向不一致，观望,-0.7445,-0.1488,0.3375
605018,长华集团,62.05,True,13.2,14.58,6,34.26,-13.95,-0.96,-9.44,0.0,2026-07-08,2026-07-08,34.28,0.6808,-0.6698,0.6935,0.4085,0.5395,0.0,0.3164,0.2299,0.6149,上升趋势中的日线回调（关注买点）,-0.4482,0.5944,0.5625
000576,甘化科工,30.24,True,6.97,7.1,4,14.96,-11.41,-3.65,-1.8,0.0,2026-07-08,2026-07-08,48.01,0.6097,1.1641,0.6541,0.7658,0.8447,0.0,0.3161,-0.7098,0.1451,多周期共振看空 ⬇⬇⬇,-0.2888,-0.75,-0.5625
002225,濮耐股份,38.23,True,4.03,4.39,19,14.4,-8.15,5.96,-8.15,0.2477,2026-07-08,2026-07-08,42.29,0.228,-0.3631,0.7376,0.1915,0.7176,0.0,0.3156,-0.2373,0.3813,多周期方向不一致，观望,0.1434,-0.6037,-0.5625
600633,浙数文化,131.88,True,10.4,10.57,0,-1.56,-11.41,-6.82,-1.56,0.0,2026-07-08,2026-07-08,43.45,0.4286,0.5306,0.3612,0.6572,0.7432,0.398,0.3156,-0.737,0.1315,多周期共振看空 ⬇⬇⬇,-0.5515,-0.5845,-0.5625
001267,汇绿生态,251.21,True,41.28,52.09,6,12.45,-20.84,-6.14,-20.75,0.0,2026-07-08,2026-07-08,29.2,0.8307,-0.1243,0.761,0.6487,0.4266,0.0,0.3151,-0.029,0.4855,多周期方向不一致，观望,-0.5401,-0.1144,0.45
002962,五方光电,30.92,True,14.78,18.31,7,13.58,-19.27,-3.82,-19.27,0.0,2026-07-08,2026-07-08,38.32,0.8138,-0.6834,1.0295,0.4883,0.6293,0.0,0.3141,-0.0235,0.4883,多周期方向不一致，观望,-0.3418,0.0821,0.1077
603308,应流股份,376.4,True,55.43,61.66,6,7.4,-15.31,-4.39,-10.11,0.0,2026-07-08,2026-07-08,36.16,0.2949,0.4984,0.6685,0.5763,0.5814,0.0,0.3141,-0.1072,0.4464,月线看多，中短期调整中,-0.4833,-0.276,0.18
002412,汉森制药,29.27,True,5.88,5.89,2,4.07,-9.17,-3.93,-0.09,0.0,2026-07-08,2026-07-08,49.51,0.5388,-0.1517,0.4848,0.4626,0.878,0.192,0.3137,-0.4374,0.2813,多周期共振看空 ⬇⬇⬇,-0.285,-0.3796,-0.3375
002378,章源钨业,330.69,True,27.67,34.46,16,26.57,-19.7,6.11,-19.7,0.0,2026-07-08,2026-07-08,37.06,0.6907,-0.3827,1.0071,0.4614,0.6014,0.0,0.3136,0.0489,0.5244,多周期方向不一致，观望,0.0266,-0.1004,0.2925
000682,东方电子,161.14,True,12.02,12.62,4,6.73,-12.25,-3.81,-4.74,0.0,2026-07-08,2026-07-08,40.42,0.8647,-0.4513,0.5317,0.5383,0.6759,0.1139,0.3135,-0.2557,0.3721,月线震荡，中短期走弱,-0.3741,-0.4629,-0.0759
002152,广电运通,250.2,True,10.08,9.71,1,3.85,-9.88,-4.49,3.85,0.0557,2026-07-07,2026-07-08,49.68,0.3271,1.5074,0.4997,0.5963,0.8818,0.1672,0.3135,-0.7713,0.1144,多周期共振看空 ⬇⬇⬇,-0.4787,-0.7223,-0.5625
000903,ST云动,34.56,True,1.8,1.9,12,8.89,-7.14,0.35,-5.46,0.0689,2026-07-08,2026-07-08,35.59,0.4491,-0.1177,0.4167,0.4224,0.5687,0.3054,0.313,-0.2643,0.3679,多周期方向不一致，观望,0.0607,-0.6515,-0.5625
000973,佛塑科技,93.05,True,13.13,14.66,8,9.07,-13.24,-2.01,-10.41,0.0,2026-07-08,2026-07-08,33.46,0.3653,1.6061,0.774,0.6192,0.5212,0.0,0.3125,-0.1161,0.442,月线看多，中短期调整中,-0.444,-0.3521,0.18
600096,云天化,528.3,True,28.98,30.9,10,11.45,-7.74,-0.19,-6.21,0.0,2026-07-08,2026-07-08,45.44,0.8038,-0.1609,0.6179,0.6179,0.7876,0.0,0.3124,-0.4344,0.2828,多周期共振看空 ⬇⬇⬇,-0.1761,-0.4663,-0.3375
600309,万华化学,2191.96,True,70.02,70.79,7,3.53,-9.63,-2.57,-1.09,0.053,2026-07-08,2026-07-08,48.16,0.3776,0.0774,0.5106,0.4575,0.8479,0.149,0.3122,-0.4984,0.2508,多周期共振看空 ⬇⬇⬇,-0.2174,-0.5715,-0.3375
000999,华润三九,393.73,True,23.68,23.71,9,2.78,-7.66,-1.11,-0.12,0.1796,2026-07-08,2026-07-08,49.18,-0.1215,0.0328,0.351,0.2131,0.8707,0.415,0.3121,-0.6524,0.1738,多周期共振看空 ⬇⬇⬇,-0.1523,-0.7408,-0.5625
001312,福恩股份,10.24,True,17.92,19.25,2,0.72,-12.09,-4.99,-6.89,0.0,2026-07-08,2026-07-08,29.24,0.5155,-0.2683,0.3452,0.402,0.4275,0.4247,0.312,0.0,0.5,周线日线方向不一致,0.0,,
603111,康尼机电,49.33,True,5.89,5.86,5,3.42,-5.44,-1.62,0.54,0.1347,2026-07-02,2026-07-08,50.88,0.1331,-0.2368,0.2811,0.1852,0.9084,0.5314,0.3119,-0.6398,0.1801,多周期共振看空 ⬇⬇⬇,-0.2092,-0.6643,-0.5625
000538,云南白药,862.89,True,48.67,48.76,6,1.68,-4.26,-0.99,-0.19,0.1651,2026-07-08,2026-07-08,48.43,0.1323,-0.3371,0.2172,0.1445,0.8539,0.638,0.3118,-0.6682,0.1659,多周期共振看空 ⬇⬇⬇,-0.1821,-0.75,-0.5625
603616,韩建河山,22.17,True,5.77,6.18,9,14.42,-10.32,-0.94,-6.66,0.0,2026-07-08,2026-07-08,48.3,0.3761,0.7461,0.7315,0.6257,0.8511,0.0,0.3116,-0.5293,0.2354,多周期共振看空 ⬇⬇⬇,-0.3394,-0.5348,-0.3375
603387,基蛋生物,41.28,True,8.14,7.99,6,4.34,-9.9,-3.77,1.86,0.0648,2026-06-30,2026-07-08,53.09,0.0651,0.0294,0.4266,0.2508,0.9576,0.289,0.3114,-0.4458,0.2771,多周期共振看空 ⬇⬇⬇,-0.2737,-0.4402,-0.305
002785,万里石,73.61,True,38.04,41.74,10,10.2,-20.9,-3.62,-8.87,0.0,2026-07-08,2026-07-08,47.17,0.4203,-0.1652,0.5159,0.3861,0.826,0.1401,0.3113,-0.2306,0.3847,月线震荡，中短期走弱,-0.3475,-0.3521,-0.1253
002975,博杰股份,151.53,True,110.32,133.46,11,13.62,-17.34,-0.46,-17.34,0.0,2026-07-08,2026-07-08,32.24,0.626,-0.6301,0.8391,0.3756,0.4941,0.0,0.3111,0.2945,0.6472,上升趋势中的日线回调（关注买点）,-0.2614,0.6515,0.5625
600993,马应龙,100.13,True,23.27,22.81,2,2.03,-7.49,-2.64,2.03,0.0951,2026-07-07,2026-07-08,53.32,-0.3537,0.1625,0.3183,0.265,0.9627,0.4695,0.311,-0.6948,0.1526,多周期共振看空 ⬇⬇⬇,-0.2718,-0.7315,-0.5625
000831,中国稀土,516.39,True,48.66,56.1,12,21.64,-13.27,2.56,-13.27,0.0,2026-07-08,2026-07-08,32.49,0.8358,-0.3114,0.6773,0.5769,0.4998,0.0,0.3107,-0.0375,0.4813,多周期方向不一致，观望,-0.0631,0.0476,-0.1585
000680,山推股份,136.6,True,10.39,10.26,5,6.04,-8.33,-3.25,1.29,0.0704,2026-07-02,2026-07-08,49.66,0.5239,-0.3174,0.4546,0.3874,0.8812,0.2424,0.3104,-0.5566,0.2217,多周期共振看空 ⬇⬇⬇,-0.2878,-0.6392,-0.3375
600388,龙净环保,205.24,True,16.16,15.89,2,1.72,-11.79,-6.73,1.72,0.0,2026-07-06,2026-07-08,42.21,-0.2718,0.7271,0.4339,0.4,0.7158,0.2768,0.3103,-0.2377,0.3811,月线震荡，中短期走弱,-0.5097,-0.382,0.0199
002064,华峰化学,504.11,True,10.18,10.37,11,7.7,-7.35,0.57,-1.8,0.1677,2026-07-08,2026-07-08,47.13,0.0011,-0.1532,0.7723,0.1394,0.8252,0.0,0.3101,-0.1352,0.4324,多周期方向不一致，观望,0.149,-0.3843,-0.3375
600835,上海机电,169.69,True,21.04,20.78,7,4.94,-14.22,-3.89,1.26,0.0457,2026-07-02,2026-07-08,55.19,0.7368,-0.4362,0.5605,0.4676,0.9959,0.0658,0.3101,-0.6248,0.1876,多周期共振看空 ⬇⬇⬇,-0.1914,-0.6467,-0.5625
002997,瑞鹄模具,61.75,True,29.5,29.18,9,6.05,-15.34,-2.74,1.08,0.1017,2026-07-02,2026-07-08,41.68,0.3763,-0.0878,0.5709,0.3907,0.7039,0.0485,0.31,-0.2724,0.3638,多周期方向不一致，观望,-0.0752,-0.5706,-0.5625
603221,爱丽家居,28.05,True,11.58,11.22,3,6.58,-15.26,-5.99,3.24,0.0,2026-07-03,2026-07-08,50.59,0.2701,2.0132,0.5721,0.5621,0.9019,0.0465,0.3097,-0.541,0.2295,多周期共振看空 ⬇⬇⬇,-0.3291,-0.3445,-0.5625
002993,奥海科技,143.21,True,60.06,66.32,14,11.24,-9.44,1.6,-9.44,0.0267,2026-07-08,2026-07-08,34.22,0.2623,-0.4316,0.7731,0.1847,0.5383,0.0,0.3091,0.467,0.7335,上升趋势中的日线整理,0.033,0.6221,0.5625
001218,丽臣实业,27.51,True,23.3,23.96,7,8.71,-10.41,-1.72,-2.75,0.0258,2026-07-08,2026-07-08,34.54,0.3256,0.3341,0.6578,0.529,0.5454,0.0,0.309,-0.091,0.4545,多周期方向不一致，观望,-0.1149,-0.3325,0.0311
002446,盛路通信,86.3,True,10.18,10.91,16,13.75,-8.67,2.8,-6.73,0.1565,2026-07-08,2026-07-08,34.17,0.4267,-0.6496,0.699,0.256,0.537,0.0,0.3082,0.036,0.518,多周期方向不一致，观望,0.0812,0.2035,-0.1149
001282,三联锻造,25.95,True,16.99,19.55,11,20.5,-13.08,1.78,-13.08,0.0,2026-07-08,2026-07-08,30.06,0.8758,0.5354,0.7443,0.9255,0.4457,0.0,0.308,-0.5515,0.2243,多周期共振看空 ⬇⬇⬇,-0.2082,-0.4711,-0.5625
600562,国睿科技,262.4,True,21.13,21.65,4,10.45,-12.06,-3.66,-2.39,0.0,2026-07-08,2026-07-08,46.75,0.4937,2.0373,0.6082,0.6962,0.8167,0.0,0.3077,-0.6322,0.1839,多周期共振看空 ⬇⬇⬇,-0.2613,-0.6029,-0.5625
000788,北大医药,30.34,True,5.09,5.17,7,2.29,-8.27,-2.13,-1.51,0.0805,2026-07-08,2026-07-08,42.33,0.4036,0.1071,0.4666,0.485,0.7184,0.2224,0.3075,-0.5489,0.2255,多周期共振看空 ⬇⬇⬇,-0.1871,-0.4836,-0.5625
603310,巍华新材,29.24,True,15.07,15.34,4,6.02,-7.05,-2.54,-1.78,0.0097,2026-07-08,2026-07-08,46.46,0.6665,-0.271,0.403,0.4915,0.8102,0.3284,0.3073,-0.5865,0.2067,多周期共振看空 ⬇⬇⬇,-0.2767,-0.4893,-0.5625
603271,永杰新材,41.1,True,43.46,45.76,8,17.7,-9.11,-1.05,-5.02,0.0,2026-07-08,2026-07-08,19.34,0.8993,0.0874,0.7193,0.7745,0.2075,0.0,0.307,-0.0327,0.4837,月线看多，中短期调整中,-0.169,-0.191,0.18
002456,欧菲光,291.29,True,8.78,9.14,9,3.57,-5.91,-0.98,-3.92,0.0805,2026-07-08,2026-07-08,39.12,0.5932,-0.4854,0.6257,0.3617,0.6471,0.0,0.3067,-0.0951,0.4525,多周期方向不一致，观望,-0.1406,-0.005,-0.2925
600423,*ST柳化,19.65,True,2.46,2.39,4,7.74,-12.5,-6.08,2.91,0.0,2026-07-07,2026-07-08,54.46,0.3206,1.1894,0.5387,0.5924,0.9879,0.1022,0.3056,-0.77,0.115,多周期共振看空 ⬇⬇⬇,-0.4431,-0.75,-0.5625
600343,航天动力,151.0,True,23.66,25.45,7,16.31,-18.06,-3.78,-7.05,0.0,2026-07-08,2026-07-08,47.16,0.8011,-0.2589,0.7111,0.5771,0.8258,0.0,0.305,-0.4743,0.2629,多周期共振看空 ⬇⬇⬇,-0.3162,-0.4338,-0.3375
603618,杭电股份,252.35,True,36.5,47.55,17,29.78,-23.23,7.47,-23.23,0.0,2026-07-08,2026-07-08,28.09,-0.1328,-0.0915,1.0669,0.1634,0.4019,0.0,0.3038,0.6863,0.8432,多周期共振看多 ⬆⬆⬆,0.2285,0.75,0.5625
001223,欧克科技,27.12,True,38.84,46.58,14,14.85,-16.9,1.28,-16.62,0.0,2026-07-08,2026-07-08,30.0,0.8521,-0.7806,0.8298,0.5113,0.4444,0.0,0.3038,0.0793,0.5396,多周期方向不一致，观望,-0.2347,0.0999,0.45
001226,拓山重工,14.9,True,43.93,49.31,7,7.26,-10.91,-1.95,-10.91,0.0,2026-07-08,2026-07-08,36.17,0.7209,-0.5219,0.5296,0.4325,0.5815,0.1173,0.303,-0.0596,0.4702,多周期方向不一致，观望,-0.3001,-0.0046,0.0
600085,同仁堂,320.92,True,23.4,23.27,2,1.58,-8.09,-3.26,0.56,0.0372,2026-07-07,2026-07-08,49.81,-0.4004,0.6837,0.3261,0.4,0.8847,0.4564,0.3027,-0.7341,0.133,多周期共振看空 ⬇⬇⬇,-0.351,-0.75,-0.5625
603579,荣泰健康,36.09,True,17.95,18.48,8,8.49,-9.96,-2.39,-2.89,0.0,2026-07-08,2026-07-08,38.09,0.5163,0.0352,0.5354,0.5238,0.6242,0.1077,0.3026,-0.2522,0.3739,多周期方向不一致，观望,-0.1282,-0.4362,-0.5625
600615,鑫源智造,21.56,True,9.57,9.63,4,6.9,-13.64,-4.78,-0.67,0.0,2026-07-08,2026-07-08,32.03,0.8224,0.8791,0.6874,0.8934,0.4895,0.0,0.3022,-0.5996,0.2002,多周期共振看空 ⬇⬇⬇,-0.3007,-0.4975,-0.5625
002919,名臣健康,52.45,True,19.85,20.03,3,9.84,-14.3,-5.89,-0.89,0.0,2026-07-08,2026-07-08,49.69,0.3414,0.3303,0.6176,0.537,0.882,0.0,0.302,-0.5015,0.2493,多周期共振看空 ⬇⬇⬇,-0.4625,-0.3682,-0.3375
603688,石英股份,330.75,True,61.06,76.62,16,19.26,-20.31,4.1,-20.31,0.0,2026-07-08,2026-07-08,29.79,0.3752,-0.4092,0.7707,0.2615,0.4397,0.0,0.3019,0.4688,0.7344,上升趋势中的日线整理,-0.0998,0.7408,0.5625
002374,中锐股份,32.12,True,2.96,3.28,8,5.84,-9.78,-3.17,-9.78,0.0,2026-07-08,2026-07-08,43.8,0.6973,-0.207,0.5609,0.5356,0.751,0.0651,0.3018,-0.396,0.302,多周期共振看空 ⬇⬇⬇,-0.3145,-0.2632,-0.3375
603333,福华尚纬,49.29,True,7.93,8.1,2,4.27,-10.13,-4.81,-2.14,0.0,2026-07-08,2026-07-08,47.46,0.2798,0.0191,0.5897,0.3755,0.8325,0.0171,0.3015,-0.2013,0.3993,月线震荡，中短期走弱,-0.3649,-0.2452,-0.1185
002938,鹏鼎控股,2108.24,True,91.29,104.86,10,13.06,-14.42,-0.83,-12.94,0.0,2026-07-08,2026-07-08,27.74,0.6101,-0.417,0.8191,0.3992,0.3942,0.0,0.3015,0.3001,0.6501,上升趋势中的日线回调（关注买点）,-0.3328,0.7315,0.5625
002913,奥士康,162.0,True,53.7,61.19,14,24.23,-12.25,5.15,-12.25,0.0454,2026-07-08,2026-07-08,22.13,0.4052,-0.4129,0.7667,0.278,0.2695,0.0,0.3014,0.5342,0.7671,上升趋势中的日线整理,0.0982,0.7408,0.5625
002432,九安医疗,277.35,True,59.61,66.87,4,2.06,-17.14,-6.0,-10.86,0.0,2026-07-08,2026-07-08,40.11,0.4828,-0.1752,0.8339,0.4196,0.6691,0.0,0.3014,-0.0631,0.4684,月线看多，中短期调整中,-0.5552,-0.2748,0.45
603998,方盛制药,41.45,True,9.44,9.42,3,3.0,-7.65,-2.62,0.18,0.0594,2026-07-07,2026-07-08,51.87,-0.009,1.5257,0.4206,0.4,0.9306,0.299,0.3014,-0.7271,0.1365,多周期共振看空 ⬇⬇⬇,-0.3654,-0.7223,-0.5625
603337,杰克科技,177.74,True,37.52,39.28,8,7.17,-8.38,-1.54,-4.47,0.0028,2026-07-08,2026-07-08,40.44,0.5524,-0.1488,0.6204,0.4719,0.6763,0.0,0.3014,-0.1624,0.4188,多周期方向不一致，观望,-0.0978,-0.0675,-0.5625
000589,贵州轮胎,66.4,True,4.3,4.29,3,3.34,-6.88,-3.48,0.29,0.0367,2026-07-03,2026-07-08,48.31,0.4413,-0.3257,0.297,0.3345,0.8514,0.505,0.3014,-0.638,0.181,多周期共振看空 ⬇⬇⬇,-0.3037,-0.6468,-0.495
002669,康达新材,42.77,True,14.13,17.06,16,23.32,-17.16,3.19,-17.16,0.0,2026-07-08,2026-07-08,34.15,0.4782,-0.541,0.9325,0.2869,0.5366,0.0,0.3013,0.3075,0.6538,上升趋势中的日线整理,0.0341,0.5152,0.2543
002786,银宝山新,37.31,True,7.55,7.95,2,0.57,-8.44,-4.02,-5.07,0.0,2026-07-08,2026-07-08,32.41,0.788,-0.7806,0.4071,0.4728,0.498,0.3215,0.3013,-0.2011,0.3994,多周期方向不一致，观望,-0.4137,0.0333,-0.5625
000156,华数传媒,110.83,True,6.52,6.55,3,0.63,-9.64,-3.3,-0.44,0.0108,2026-07-08,2026-07-08,42.64,0.3972,0.0645,0.291,0.4641,0.7252,0.5151,0.3013,-0.6402,0.1799,多周期共振看空 ⬇⬇⬇,-0.3124,-0.5768,-0.5625
002587,奥拓电子,32.02,True,6.01,6.95,13,11.68,-13.54,0.02,-13.54,0.0,2026-07-08,2026-07-08,39.29,0.4765,0.1499,0.6994,0.5459,0.6508,0.0,0.3012,-0.2447,0.3776,多周期共振看空 ⬇⬇⬇,-0.1536,-0.2487,-0.1575
000920,沃顿科技,53.64,True,11.35,14.03,18,19.8,-19.08,6.77,-19.08,0.0,2026-07-08,2026-07-08,31.19,0.6308,-0.1733,0.8765,0.5092,0.4709,0.0,0.3008,0.0265,0.5132,⚠️ 月线空头下的短期反弹，不宜追高,0.2056,0.284,-0.1575
002380,科远智慧,45.75,True,32.17,35.75,0,-2.71,-13.75,-7.64,-10.01,0.0,2026-07-08,2026-07-08,31.29,0.6444,-0.4076,0.4809,0.4236,0.4732,0.1985,0.3001,-0.0038,0.4981,多周期方向不一致，观望,-0.4934,-0.0437,0.45
603311,金海高科,68.97,True,29.24,35.71,11,25.24,-18.11,2.65,-18.11,0.0,2026-07-08,2026-07-08,24.55,0.7676,-0.6897,0.6812,0.4606,0.3234,0.0,0.3,0.2746,0.6373,上升趋势中的日线回调（关注买点）,-0.3502,0.6608,0.5625
000837,秦川机床,107.69,True,10.69,11.72,9,8.79,-11.42,-1.68,-8.79,0.0,2026-07-08,2026-07-08,38.61,0.6771,-0.3031,0.5676,0.485,0.6357,0.054,0.2999,-0.1826,0.4087,多周期方向不一致，观望,-0.295,0.0126,-0.5625
605298,必得科技,89.83,True,48.23,53.54,7,8.01,-11.02,-2.32,-9.92,0.0,2026-07-08,2026-07-08,32.33,0.5692,-0.1621,0.5545,0.4767,0.4961,0.0759,0.2997,-0.0208,0.4896,月线看多，中短期调整中,-0.4184,-0.1906,0.45
002065,东华软件,205.01,True,7.05,7.15,3,1.28,-11.0,-3.49,-1.38,0.0,2026-07-08,2026-07-08,40.12,0.3864,0.6458,0.3656,0.6319,0.6694,0.3906,0.2997,-0.7293,0.1354,多周期共振看空 ⬇⬇⬇,-0.4207,-0.6798,-0.5625
603011,合锻智能,123.7,True,25.02,32.84,14,36.76,-23.81,10.86,-23.81,0.0,2026-07-08,2026-07-08,29.68,0.3766,-0.5743,1.059,0.2259,0.4373,0.0,0.2996,0.5103,0.7551,多周期共振看多 ⬆⬆⬆,0.1845,0.401,0.5625
600422,昆药集团,62.75,True,8.29,8.21,4,2.72,-8.95,-2.95,0.96,0.0756,2026-07-07,2026-07-08,51.74,0.162,0.0784,0.3956,0.3286,0.9275,0.3407,0.2996,-0.6959,0.1521,多周期共振看空 ⬇⬇⬇,-0.2531,-0.75,-0.5625
000815,美利云,94.0,True,13.52,15.38,5,7.91,-17.97,-6.84,-12.11,0.0,2026-07-08,2026-07-08,27.18,0.7686,0.6974,0.7867,0.8612,0.3819,0.0,0.299,-0.4444,0.2778,多周期共振看空 ⬇⬇⬇,-0.624,-0.276,-0.1659
603707,健友股份,118.91,True,7.36,7.32,5,3.57,-9.33,-4.31,0.51,0.0168,2026-07-01,2026-07-08,54.95,-0.0344,0.5657,0.4157,0.4,0.9989,0.3072,0.2985,-0.737,0.1315,多周期共振看空 ⬇⬇⬇,-0.4125,-0.7038,-0.5625
002960,青鸟智控,80.85,True,8.35,8.68,8,4.31,-8.31,-1.26,-3.82,0.0475,2026-07-08,2026-07-08,38.55,0.6602,-0.7393,0.5228,0.3961,0.6345,0.1286,0.2984,-0.2246,0.3877,多周期方向不一致，观望,-0.1037,-0.4033,-0.495
601686,友发集团,74.71,True,5.05,5.0,3,0.97,-6.42,-3.2,0.97,0.0767,2026-07-07,2026-07-08,52.56,0.3359,-0.717,0.2538,0.2015,0.9459,0.577,0.2983,-0.7167,0.1416,多周期共振看空 ⬇⬇⬇,-0.3065,-0.75,-0.5625
603267,鸿远电子,145.26,True,62.86,71.83,15,14.72,-12.49,1.15,-12.49,0.0,2026-07-08,2026-07-08,35.2,0.348,-0.492,0.8203,0.212,0.5601,0.0,0.2983,0.3755,0.6877,上升趋势中的日线整理,-0.0851,0.5983,0.45
600406,国电南瑞,1802.64,True,22.51,22.73,3,1.95,-10.64,-3.3,-0.98,0.0,2026-07-08,2026-07-08,46.12,0.5013,-0.4723,0.263,0.3119,0.8026,0.5616,0.2979,-0.5284,0.2358,多周期共振看空 ⬇⬇⬇,-0.2469,-0.6123,-0.3375
600105,永鼎股份,695.62,True,47.58,58.88,17,29.83,-19.19,7.21,-19.19,0.0,2026-07-08,2026-07-08,33.97,0.2044,-0.5494,1.022,0.1226,0.5326,0.0,0.2977,0.5464,0.7732,上升趋势中的日线整理,0.1244,0.75,0.5625
603676,卫信康,38.21,True,8.78,8.54,5,5.66,-7.42,-2.93,2.8,0.1129,2026-07-01,2026-07-08,56.73,0.0966,-0.0597,0.3808,0.2341,0.9616,0.3653,0.2976,-0.7111,0.1445,多周期共振看空 ⬇⬇⬇,-0.2921,-0.75,-0.5625
000528,柳    工,164.18,True,8.07,8.04,4,2.11,-8.86,-3.8,0.34,0.0282,2026-07-02,2026-07-08,47.37,0.2235,0.3264,0.3538,0.4647,0.8304,0.4103,0.2974,-0.7568,0.1216,多周期共振看空 ⬇⬇⬇,-0.4416,-0.7223,-0.5625
603356,华菱精工,22.61,True,16.96,17.65,6,5.86,-9.47,-3.04,-3.91,0.0,2026-07-08,2026-07-08,43.71,-0.0439,0.6384,0.8406,0.4,0.7491,0.0,0.2973,-0.1604,0.4198,月线震荡，中短期走弱,-0.3429,-0.3037,0.0585
000917,电广传媒,91.57,True,6.46,6.88,3,4.05,-14.73,-6.46,-6.14,0.0,2026-07-08,2026-07-08,42.96,0.7637,0.2151,0.5384,0.7442,0.7323,0.1027,0.297,-0.7759,0.112,多周期共振看空 ⬇⬇⬇,-0.6851,-0.6231,-0.495
600783,鲁信创投,145.52,True,19.55,20.57,4,5.69,-14.89,-4.73,-4.94,0.0,2026-07-08,2026-07-08,49.01,0.1206,0.2545,0.9025,0.3741,0.8669,0.0,0.2969,-0.2634,0.3683,月线震荡，中短期走弱,-0.4965,-0.4261,-0.0336
003025,思进智能,29.28,True,12.93,15.24,11,13.85,-15.17,-0.18,-15.17,0.0,2026-07-08,2026-07-08,25.17,0.7267,-0.0236,0.5628,0.6266,0.3371,0.0621,0.2964,-0.0854,0.4573,多周期方向不一致，观望,-0.0917,0.0855,-0.3825
603890,春秋电子,96.34,True,21.56,25.18,9,16.73,-14.38,-0.81,-14.38,0.0,2026-07-08,2026-07-08,39.15,0.3747,-0.8564,0.7347,0.2248,0.6478,0.0,0.2964,0.2344,0.6172,上升趋势中的日线回调（关注买点）,-0.4648,0.6238,0.5625
002690,美亚光电,62.42,True,14.39,14.47,3,2.34,-7.94,-3.09,-0.56,0.0128,2026-07-08,2026-07-08,39.72,0.5086,0.0682,0.2698,0.5325,0.6604,0.5503,0.2962,-0.7458,0.1271,多周期共振看空 ⬇⬇⬇,-0.3811,-0.75,-0.5625
002886,沃特股份,0.0,True,22.97,28.65,9,10.61,-19.83,-1.41,-19.83,0.0,2026-07-08,2026-07-08,24.07,0.6813,-0.2791,0.7142,0.4972,0.3128,0.0,0.2961,0.1977,0.5988,上升趋势中的日线回调（关注买点）,-0.3878,0.5471,0.45
001308,康冠科技,93.7,True,19.23,20.51,6,2.19,-6.25,-1.74,-6.25,0.0,2026-07-08,2026-07-08,37.66,0.2814,-0.3037,0.3513,0.2474,0.6146,0.4145,0.2957,-0.0997,0.4501,多周期方向不一致，观望,-0.2559,0.0062,-0.225
603115,海星股份,232.82,True,96.25,108.92,12,23.15,-11.63,2.88,-11.63,0.0,2026-07-08,2026-07-08,34.42,0.2219,-0.5567,1.0208,0.1332,0.5426,0.0,0.2952,0.4975,0.7488,上升趋势中的日线整理,-0.0236,0.75,0.5625
600817,宇通重工,48.37,True,9.14,9.11,3,1.79,-6.25,-3.15,0.31,0.0593,2026-07-07,2026-07-08,50.55,0.3599,-0.4567,0.269,0.2333,0.9011,0.5517,0.295,-0.6779,0.1611,多周期共振看空 ⬇⬇⬇,-0.3383,-0.6375,-0.5625
603895,天永智能,33.73,True,31.21,30.32,5,4.95,-16.4,-8.27,2.93,0.0,2026-07-01,2026-07-08,53.53,0.0329,-0.2185,0.5676,0.1323,0.9672,0.054,0.2947,-0.0581,0.4709,多周期方向不一致，观望,-0.2592,-0.0334,0.0
000839,国安股份,99.56,True,2.54,2.65,2,2.87,-14.5,-6.76,-4.13,0.0,2026-07-08,2026-07-08,48.06,0.6323,0.0803,0.6054,0.6115,0.8458,0.0,0.2947,-0.6356,0.1822,多周期共振看空 ⬇⬇⬇,-0.5462,-0.5913,-0.3375
603293,埃泰克,13.56,True,38.65,40.81,2,1.63,-15.81,-6.24,-5.3,0.0,2026-07-08,2026-07-08,38.6,0.262,-0.2564,0.46,0.2546,0.6356,0.2333,0.2946,0.0,0.5,周线日线方向不一致,0.0,,
002496,辉丰股份,24.45,True,2.07,2.12,2,5.68,-18.72,-8.54,-2.57,0.0,2026-07-08,2026-07-08,37.17,-0.1738,0.3859,0.7041,0.3543,0.6037,0.0,0.2945,0.0645,0.5323,上升趋势中的日线回调（关注买点）,-0.3174,0.1513,0.3375
603867,新化股份,67.27,True,31.19,37.63,11,6.37,-17.12,-1.89,-17.12,0.0,2026-07-08,2026-07-08,32.87,0.2426,0.0521,0.7573,0.3664,0.5083,0.0,0.2944,0.1587,0.5794,上升趋势中的日线回调（关注买点）,-0.224,0.388,0.3375
600745,*ST闻泰,236.05,True,18.53,17.45,5,7.98,-17.04,-5.26,6.19,0.1027,2026-07-06,2026-07-08,54.49,0.5024,-0.2575,0.6484,0.3985,0.9887,0.0,0.2944,-0.7149,0.1426,多周期共振看空 ⬇⬇⬇,-0.3018,-0.75,-0.5625
600935,华塑股份,78.57,True,2.24,2.3,5,2.98,-7.72,-2.81,-2.63,0.0,2026-07-08,2026-07-08,50.68,0.5168,-0.3144,0.4309,0.3843,0.9041,0.2818,0.294,-0.5731,0.2134,多周期共振看空 ⬇⬇⬇,-0.3085,-0.6577,-0.3375
600973,宝胜股份,86.4,True,6.3,6.65,4,8.56,-10.48,-2.98,-5.31,0.0,2026-07-08,2026-07-08,42.11,0.7651,-0.7925,0.5934,0.459,0.7135,0.011,0.294,-0.2473,0.3764,月线震荡，中短期走弱,-0.4485,-0.3033,-0.1437
002406,远东传动,42.88,True,7.12,7.03,1,1.31,-13.34,-7.79,1.31,0.0,2026-07-07,2026-07-08,44.75,0.79,-0.727,0.3824,0.474,0.7723,0.3626,0.294,-0.6236,0.1882,多周期共振看空 ⬇⬇⬇,-0.484,-0.3931,-0.5625
601996,丰林集团,24.44,True,2.18,2.33,0,-1.6,-16.28,-9.41,-6.34,0.0,2026-07-08,2026-07-08,28.4,0.6341,0.5277,0.5697,0.7805,0.4088,0.0505,0.2938,-0.4289,0.2855,多周期共振看空 ⬇⬇⬇,-0.5203,-0.1591,-0.3375
603666,亿嘉和,53.15,True,25.86,27.62,6,9.8,-11.12,-3.01,-6.38,0.0,2026-07-08,2026-07-08,46.55,0.6706,-0.2022,0.684,0.5215,0.8122,0.0,0.2937,-0.4595,0.2702,多周期共振看空 ⬇⬇⬇,-0.3101,-0.1816,-0.5625
002348,高乐股份,99.3,True,10.99,11.22,0,-2.05,-18.35,-10.89,-2.05,0.0,2026-07-08,2026-07-08,32.53,0.5275,-0.256,0.6472,0.4141,0.5006,0.0,0.2934,0.0837,0.5418,多周期方向不一致，观望,-0.3703,0.1229,0.5625
002139,拓邦股份,106.57,True,9.95,9.69,4,5.56,-10.38,-3.8,2.65,0.0646,2026-07-02,2026-07-08,53.44,0.4627,-0.3665,0.4486,0.331,0.9654,0.2523,0.2934,-0.6975,0.1512,多周期共振看空 ⬇⬇⬇,-0.2573,-0.75,-0.5625
600678,ST金顶,21.74,True,6.23,6.5,11,9.21,-9.66,0.02,-4.16,0.0715,2026-07-08,2026-07-08,47.56,0.2963,-0.2546,0.6725,0.276,0.8347,0.0,0.2929,-0.2714,0.3643,多周期方向不一致，观望,-0.0078,-0.6238,-0.5625
601728,中国电信,4323.98,True,5.57,5.63,2,1.89,-10.59,-4.4,-1.08,0.0,2026-07-08,2026-07-08,39.81,0.6049,-0.4171,0.2956,0.3961,0.6626,0.5073,0.2929,-0.4915,0.2542,多周期共振看空 ⬇⬇⬇,-0.2861,-0.2725,-0.5625
002491,通鼎互联,266.0,True,22.61,28.91,16,40.53,-21.79,8.76,-21.79,0.0,2026-07-08,2026-07-08,38.41,0.0465,-0.6499,1.1125,0.0279,0.6314,0.0,0.2925,0.5375,0.7688,上升趋势中的日线整理,0.0974,0.75,0.5625
002001,新 和 成,877.95,True,28.91,29.56,8,4.58,-8.24,-1.14,-2.21,0.1045,2026-07-08,2026-07-08,51.89,-0.2201,-0.5976,0.5555,0.0,0.931,0.0741,0.2924,-0.0882,0.4559,多周期方向不一致，观望,-0.1425,-0.4456,0.18
603408,建霖家居,44.89,True,10.03,10.03,4,2.43,-6.21,-1.69,-0.04,0.103,2026-07-08,2026-07-08,46.67,0.3302,-0.4604,0.2628,0.214,0.8148,0.5621,0.2923,-0.6788,0.1606,多周期共振看空 ⬇⬇⬇,-0.2092,-0.75,-0.5625
600078,澄星股份,72.09,True,10.88,13.44,12,15.09,-19.06,-0.73,-19.06,0.0,2026-07-08,2026-07-08,35.54,0.5276,-0.229,0.7728,0.425,0.5676,0.0,0.2919,-0.0257,0.4871,月线看多，中短期调整中,-0.2846,-0.171,0.2925
605006,山东玻纤,104.64,True,16.01,21.38,16,36.5,-25.11,8.04,-25.11,0.0,2026-07-08,2026-07-08,24.27,0.4517,-0.5199,1.1683,0.271,0.317,0.0,0.2918,0.52,0.76,上升趋势中的日线整理,0.0446,0.75,0.5625
603366,日出东方,52.6,True,6.47,6.83,6,7.88,-12.51,-4.63,-5.26,0.0,2026-07-08,2026-07-08,44.41,0.4333,0.7514,0.6169,0.66,0.7647,0.0,0.2917,-0.6403,0.1799,多周期共振看空 ⬇⬇⬇,-0.2903,-0.596,-0.5625
603228,景旺电子,610.79,True,62.5,72.92,5,4.4,-14.29,-3.92,-14.29,0.0,2026-07-08,2026-07-08,30.8,0.7566,-0.4201,0.8149,0.4859,0.4623,0.0,0.2917,0.0015,0.5008,多周期方向不一致，观望,-0.3929,0.2793,0.0639
600111,北方稀土,1663.65,True,46.02,48.93,7,9.2,-7.51,-1.31,-5.94,0.0,2026-07-08,2026-07-08,36.6,0.8904,-0.4745,0.491,0.5444,0.591,0.1817,0.2908,-0.3989,0.3005,多周期共振看空 ⬇⬇⬇,-0.2585,-0.4699,-0.1853
603033,三维股份,85.56,True,8.45,9.41,5,9.23,-13.14,-4.49,-10.18,0.0,2026-07-08,2026-07-08,42.81,0.4064,1.461,0.8442,0.6438,0.7291,0.0,0.2902,-0.5834,0.2083,多周期共振看空 ⬇⬇⬇,-0.3995,-0.3772,-0.5625
600198,大唐电信,105.46,True,8.1,9.2,17,9.1,-11.95,1.93,-11.95,0.02,2026-07-08,2026-07-08,35.99,0.6299,-0.5858,0.5461,0.378,0.5776,0.0898,0.2901,-0.0967,0.4516,多周期方向不一致，观望,-0.019,-0.0264,-0.3825
002274,华昌化工,46.33,True,4.94,4.99,0,-0.73,-10.94,-6.83,-1.0,0.0,2026-07-08,2026-07-08,44.74,0.5828,-0.1886,0.3178,0.4743,0.7719,0.4704,0.29,-0.7418,0.1291,多周期共振看空 ⬇⬇⬇,-0.556,-0.5913,-0.5625
600050,中国联通,1267.51,True,4.09,4.17,0,-0.79,-5.45,-2.87,-1.85,0.0,2026-07-08,2026-07-08,33.87,0.4771,-0.0336,0.1752,0.4728,0.5305,0.708,0.29,-0.6396,0.1802,多周期共振看空 ⬇⬇⬇,-0.3844,-0.5138,-0.5625
002806,华锋股份,28.38,True,16.3,19.11,13,15.7,-14.71,2.69,-14.71,0.0,2026-07-08,2026-07-08,18.89,0.7091,-0.8058,0.7183,0.4255,0.1975,0.0,0.2897,0.4001,0.7001,上升趋势中的日线整理,-0.119,0.5787,0.5625
605259,绿田机械,31.36,True,18.18,18.12,5,3.08,-4.65,-1.32,0.34,0.1514,2026-07-02,2026-07-08,47.4,0.078,-0.3014,0.2836,0.1262,0.8311,0.5274,0.2897,-0.667,0.1665,多周期共振看空 ⬇⬇⬇,-0.1791,-0.75,-0.5625
605158,华达新材,32.37,True,6.33,6.56,8,5.02,-13.95,-2.96,-3.53,0.0,2026-07-08,2026-07-08,49.75,0.582,-0.5424,0.3909,0.3492,0.8832,0.3484,0.2889,-0.5858,0.2071,多周期共振看空 ⬇⬇⬇,-0.1603,-0.5875,-0.5625
000408,藏格矿业,1107.01,True,70.56,73.7,4,4.45,-10.41,-3.95,-4.26,0.0,2026-07-08,2026-07-08,39.01,0.236,0.2685,0.5756,0.449,0.6447,0.0407,0.2879,-0.2215,0.3892,月线震荡，中短期走弱,-0.2668,-0.4229,-0.0931
002252,上海莱士,299.11,True,4.54,4.61,0,-0.71,-11.54,-6.02,-1.51,0.0,2026-07-08,2026-07-08,44.83,0.1888,1.3184,0.3276,0.5133,0.7739,0.4541,0.2876,-0.8123,0.0938,多周期共振看空 ⬇⬇⬇,-0.5515,-0.75,-0.5625
000731,四川美丰,30.73,True,5.6,5.5,1,1.86,-10.1,-5.49,1.86,0.0,2026-07-07,2026-07-08,49.25,-0.2909,1.3006,0.322,0.4,0.8723,0.4633,0.2869,-0.7618,0.1191,多周期共振看空 ⬇⬇⬇,-0.5406,-0.6485,-0.5625
000428,华天酒店,31.59,True,3.1,3.19,0,-2.44,-9.69,-6.2,-2.91,0.0,2026-07-08,2026-07-08,45.33,0.5131,-0.2307,0.325,0.4156,0.7852,0.4583,0.2867,-0.6798,0.1601,多周期共振看空 ⬇⬇⬇,-0.625,-0.6208,-0.3375
002872,ST天圣,10.51,True,4.89,4.87,3,3.81,-11.15,-4.94,0.49,0.0,2026-07-07,2026-07-08,45.78,0.1242,-0.3161,0.4086,0.1481,0.7952,0.319,0.2864,-0.1551,0.4224,月线震荡，中短期走弱,-0.3408,-0.3037,0.0744
600405,动力源,28.25,True,4.61,4.36,6,6.52,-10.35,-3.4,5.61,0.1507,2026-06-29,2026-07-03,58.45,0.3994,-0.3853,0.691,0.2855,0.9232,0.0,0.2863,-0.6362,0.1819,多周期共振看空 ⬇⬇⬇,-0.1539,-0.7038,-0.5625
002222,福晶科技,357.67,True,76.4,90.7,5,6.94,-16.25,-6.01,-15.76,0.0,2026-07-08,2026-07-08,23.98,0.7741,-0.2032,0.7612,0.5832,0.3107,0.0,0.286,-0.0182,0.4909,多周期方向不一致，观望,-0.4958,-0.1052,0.45
605117,德业股份,1140.43,True,89.57,100.48,1,1.88,-10.86,-6.32,-10.86,0.0,2026-07-08,2026-07-08,36.22,0.429,-0.1761,0.6231,0.387,0.5827,0.0,0.2859,-0.0313,0.4844,多周期方向不一致，观望,-0.5294,-0.134,0.45
600566,济川药业,218.54,True,23.79,23.98,0,-0.79,-10.77,-4.51,-0.79,0.0,2026-07-08,2026-07-08,45.63,-0.4661,0.5502,0.5048,0.4,0.7917,0.1587,0.2854,-0.4341,0.283,多周期共振看空 ⬇⬇⬇,-0.5151,-0.2173,-0.2952
002199,*ST东晶,27.71,True,12.0,12.54,1,1.33,-12.28,-6.04,-4.34,0.0,2026-07-08,2026-07-08,36.8,0.2033,-0.6769,0.5134,0.122,0.5956,0.1443,0.2854,0.2579,0.629,上升趋势中的日线回调（关注买点）,-0.3294,0.5869,0.5625
603194,中力股份,52.75,True,33.38,36.19,14,8.61,-7.76,0.46,-7.76,0.0403,2026-07-08,2026-07-08,37.02,0.3283,-0.1139,0.5636,0.3514,0.6005,0.0607,0.2853,-0.1459,0.427,多周期方向不一致，观望,-0.1014,-0.1045,-0.45
601609,金田股份,178.4,True,10.32,11.6,2,2.97,-14.78,-5.91,-11.03,0.0,2026-07-08,2026-07-08,33.51,0.7301,-0.4012,0.6901,0.4776,0.5225,0.0,0.2853,-0.1084,0.4458,多周期方向不一致，观望,-0.4095,0.0455,-0.1708
603787,新日股份,21.63,True,9.4,9.56,2,1.44,-8.28,-4.56,-1.65,0.0,2026-07-08,2026-07-08,44.67,0.6051,-0.2708,0.2877,0.4547,0.7704,0.5206,0.2852,-0.787,0.1065,多周期共振看空 ⬇⬇⬇,-0.5189,-0.7223,-0.5625
600612,老凤祥,108.64,True,34.26,33.99,3,2.07,-7.63,-3.32,0.8,0.0567,2026-07-07,2026-07-08,45.84,-0.0954,0.2437,0.2688,0.2975,0.7964,0.552,0.2851,-0.7283,0.1359,多周期共振看空 ⬇⬇⬇,-0.3363,-0.75,-0.5625
002255,海陆重工,54.61,True,8.56,9.32,8,4.94,-11.75,-3.03,-8.2,0.0,2026-07-08,2026-07-08,36.72,0.6881,0.3356,0.6131,0.7471,0.5938,0.0,0.2844,-0.6325,0.1838,多周期共振看空 ⬇⬇⬇,-0.3989,-0.7108,-0.3375
600330,天通股份,297.38,True,24.11,30.17,9,13.42,-20.08,-2.29,-20.08,0.0,2026-07-08,2026-07-08,27.21,0.689,-0.6218,0.8463,0.4134,0.3824,0.0,0.2844,0.155,0.5775,上升趋势中的日线回调（关注买点）,-0.3926,0.4074,0.45
000060,中金岭南,292.67,True,6.59,7.63,10,14.34,-13.67,-0.81,-13.67,0.0,2026-07-08,2026-07-08,33.88,0.6203,-0.4636,0.7264,0.3867,0.5306,0.0,0.2839,0.0155,0.5078,多周期方向不一致，观望,-0.1258,0.0473,0.1287
603500,祥和实业,32.33,True,9.72,12.09,13,27.12,-19.6,4.71,-19.6,0.0,2026-07-08,2026-07-08,24.41,0.6792,0.6754,0.683,0.8075,0.3202,0.0,0.2838,-0.4058,0.2971,多周期共振看空 ⬇⬇⬇,-0.2103,-0.2166,-0.495
600731,湖南海利,28.76,True,5.31,5.39,2,0.85,-8.27,-3.35,-1.54,0.0,2026-07-08,2026-07-08,45.61,0.5651,-0.2799,0.3099,0.4271,0.7914,0.4835,0.2837,-0.7504,0.1248,多周期共振看空 ⬇⬇⬇,-0.4467,-0.7038,-0.5625
001259,利仁科技,28.66,True,60.27,67.0,2,1.96,-11.57,-4.66,-10.04,0.0,2026-07-08,2026-07-08,29.19,0.5709,-0.751,0.5865,0.3425,0.4265,0.0225,0.2834,0.1894,0.5947,上升趋势中的日线回调（关注买点）,-0.5855,0.576,0.5625
603773,沃格光电,274.94,True,122.37,151.05,16,49.48,-20.83,16.79,-18.99,0.0298,2026-07-08,2026-07-08,23.73,0.0134,-0.3414,0.9848,0.0715,0.305,0.0,0.2831,0.7125,0.8562,多周期共振看多 ⬆⬆⬆,0.2957,0.75,0.5625
002903,宇环数控,40.31,True,37.79,46.45,12,18.29,-18.64,0.67,-18.64,0.0,2026-07-08,2026-07-08,21.69,0.3234,0.1026,0.8489,0.4351,0.2598,0.0,0.2826,0.2526,0.6263,上升趋势中的日线回调（关注买点）,-0.3163,0.5576,0.5625
002387,维信诺,112.02,True,8.03,8.46,11,6.53,-6.44,0.05,-5.03,0.0859,2026-07-08,2026-07-08,38.11,0.4206,-0.7657,0.6172,0.2524,0.6247,0.0,0.2824,-0.1003,0.4498,多周期方向不一致，观望,-0.1212,-0.0443,-0.2925
002012,凯恩股份,28.48,True,6.09,6.77,0,-0.41,-10.69,-7.59,-10.1,0.0,2026-07-08,2026-07-08,21.86,0.7807,-0.6892,0.3683,0.4684,0.2635,0.3862,0.2824,-0.1154,0.4423,多周期方向不一致，观望,-0.4303,-0.1116,-0.0268
000801,四川九洲,119.38,True,11.75,11.85,5,9.66,-10.26,-3.86,-0.84,0.0,2026-07-08,2026-07-08,51.66,0.5393,0.0855,0.6472,0.5578,0.9257,0.0,0.2821,-0.7462,0.1269,多周期共振看空 ⬇⬇⬇,-0.382,-0.75,-0.5625
002779,中坚科技,122.7,True,74.0,78.62,14,12.75,-7.15,3.2,-5.88,0.1558,2026-07-08,2026-07-08,37.16,0.212,-0.5915,0.6695,0.1272,0.6035,0.0,0.2821,-0.045,0.4775,⚠️⚠️ 逆大势反弹，大概率是下跌中继,0.1534,-0.4253,-0.5625
603119,浙江荣泰,159.92,True,60.34,69.34,3,6.2,-12.98,-2.96,-12.98,0.0,2026-07-08,2026-07-08,36.12,0.6787,-0.4269,0.6991,0.4365,0.5804,0.0,0.2821,-0.138,0.431,多周期方向不一致，观望,-0.3783,0.1227,-0.405
600721,百花医药,25.73,True,6.69,7.09,5,5.55,-10.95,-3.35,-5.59,0.0,2026-07-08,2026-07-08,39.73,0.8195,-0.06,0.4803,0.6677,0.6607,0.1995,0.282,-0.7646,0.1177,多周期共振看空 ⬇⬇⬇,-0.4508,-0.7315,-0.5625
000070,特发信息,149.24,True,17.42,20.2,12,31.88,-13.77,4.12,-13.77,0.0,2026-07-08,2026-07-08,39.41,0.4312,-0.6299,1.0008,0.2587,0.6536,0.0,0.2817,0.0557,0.5279,多周期方向不一致，观望,-0.1546,-0.0725,0.45
002606,大连电瓷,52.18,True,12.39,13.59,0,-1.61,-17.12,-6.83,-8.81,0.0,2026-07-08,2026-07-08,30.03,0.5224,-0.5351,0.4126,0.3134,0.445,0.3124,0.2816,-0.0327,0.4837,月线看多，中短期调整中,-0.5181,-0.1617,0.45
002657,中科金财,55.49,True,16.51,20.87,17,15.09,-20.89,3.33,-20.89,0.0,2026-07-08,2026-07-08,33.86,0.5102,0.1382,0.8921,0.5614,0.5302,0.0,0.2814,-0.2831,0.3584,多周期方向不一致，观望,-0.1035,-0.5933,-0.5625
003010,若羽臣,53.1,True,23.48,23.91,5,5.43,-12.07,-2.95,-1.81,0.0,2026-07-08,2026-07-08,47.16,0.4815,-0.1759,0.4075,0.4186,0.8259,0.3208,0.2813,-0.6668,0.1666,多周期共振看空 ⬇⬇⬇,-0.2323,-0.7038,-0.5625
002585,双星新材,91.78,True,10.35,12.78,14,30.49,-19.59,7.66,-19.02,0.0,2026-07-08,2026-07-08,24.11,0.3888,-0.6662,1.0975,0.2333,0.3136,0.0,0.2813,0.5007,0.7504,上升趋势中的日线整理,0.0506,0.6946,0.5625
601882,海天精工,101.16,True,19.38,20.14,5,5.27,-9.46,-3.66,-3.75,0.0,2026-07-08,2026-07-08,42.16,0.1319,-0.0641,0.5872,0.2535,0.7146,0.0213,0.2813,-0.0301,0.4849,月线看多，中短期调整中,-0.2223,-0.2033,0.2506
002239,奥特佳,64.38,True,2.4,2.46,4,2.02,-8.63,-3.37,-2.56,0.0,2026-07-08,2026-07-08,47.27,0.5026,-0.3247,0.309,0.3717,0.8283,0.485,0.2812,-0.7274,0.1363,多周期共振看空 ⬇⬇⬇,-0.3768,-0.7131,-0.5625
603681,永冠新材,46.17,True,19.42,23.41,7,16.01,-17.03,-2.25,-17.03,0.0,2026-07-08,2026-07-08,17.96,0.7754,-0.3027,0.7106,0.5442,0.1769,0.0,0.2811,0.1656,0.5828,上升趋势中的日线回调（关注买点）,-0.3941,0.4444,0.45
600989,宝丰能源,1487.21,True,20.28,21.46,0,-2.82,-11.7,-7.66,-5.5,0.0,2026-07-08,2026-07-08,34.19,0.3235,0.0358,0.3564,0.4084,0.5376,0.406,0.2807,-0.3776,0.3112,月线震荡，中短期走弱,-0.7,-0.5348,-0.1344
605099,共创草坪,128.15,True,31.92,33.4,0,-1.97,-14.61,-9.79,-4.43,0.0,2026-07-08,2026-07-08,40.93,0.7423,-0.4198,0.4297,0.4774,0.6873,0.2838,0.2803,-0.5736,0.2132,多周期共振看空 ⬇⬇⬇,-0.595,-0.4132,-0.3375
603355,莱克电气,140.14,True,24.44,27.92,13,15.87,-15.81,-0.22,-12.45,0.0,2026-07-08,2026-07-08,36.35,0.5278,0.1459,0.7356,0.575,0.5856,0.0,0.2802,-0.3811,0.3095,多周期共振看空 ⬇⬇⬇,-0.1866,-0.3401,-0.3375
603768,常青股份,23.44,True,9.85,9.94,2,2.44,-12.04,-6.36,-0.95,0.0,2026-07-08,2026-07-08,46.96,0.4737,-0.117,0.3887,0.4374,0.8213,0.3521,0.28,-0.7269,0.1366,多周期共振看空 ⬇⬇⬇,-0.5648,-0.551,-0.5625
603391,力聚热能,12.61,True,55.43,54.89,5,3.72,-15.11,-5.62,0.98,0.0,2026-07-01,2026-07-08,46.7,0.0977,0.0688,0.3687,0.2861,0.8155,0.3855,0.2799,-0.5059,0.247,多周期共振看空 ⬇⬇⬇,-0.364,-0.4681,-0.3317
600664,哈药股份,77.82,True,3.09,3.09,3,2.7,-9.14,-3.32,-0.13,0.0146,2026-07-08,2026-07-08,51.06,0.1597,-0.1042,0.3807,0.2541,0.9125,0.3655,0.2798,-0.591,0.2045,多周期共振看空 ⬇⬇⬇,-0.2689,-0.506,-0.5625
603766,隆鑫通用,265.32,True,12.92,12.2,6,11.05,-11.77,-3.12,5.87,0.1641,2026-06-30,2026-07-08,69.23,-0.5323,-0.2436,0.5349,0.1026,0.6838,0.1085,0.2797,-0.2274,0.3863,多周期方向不一致，观望,-0.1178,-0.5613,-0.3375
002594,比亚迪,3061.25,True,87.8,85.88,4,2.23,-12.87,-4.85,2.23,0.026,2026-07-02,2026-07-08,50.67,-0.4708,0.1878,0.3864,0.2751,0.9038,0.356,0.2792,-0.6382,0.1809,多周期共振看空 ⬇⬇⬇,-0.3841,-0.5109,-0.5625
002189,中光学,50.27,True,19.25,20.71,7,9.26,-11.05,-1.7,-7.07,0.0,2026-07-08,2026-07-08,41.66,0.5351,-0.1398,0.4959,0.4651,0.7035,0.1735,0.2791,-0.4945,0.2528,多周期共振看空 ⬇⬇⬇,-0.2902,-0.4555,-0.3825
600941,中国移动,812.04,True,89.95,90.41,2,0.78,-7.81,-3.65,-0.51,0.0,2026-07-08,2026-07-08,39.43,-0.0501,0.2407,0.1944,0.2963,0.654,0.676,0.2791,-0.5669,0.2166,多周期共振看空 ⬇⬇⬇,-0.2987,-0.4275,-0.5625
601112,振石股份,28.4,True,16.02,17.4,7,6.2,-12.81,-2.35,-7.9,0.0,2026-07-08,2026-07-08,29.35,0.805,-0.2662,0.5511,0.5765,0.4299,0.0815,0.2791,-0.271,0.3645,周线日线方向不一致,-0.4169,,
002421,达实智能,62.1,True,3.1,3.83,4,35.03,-23.27,-9.82,-19.14,0.0,2026-07-08,2026-07-08,29.14,0.6694,-0.8361,0.8032,0.4016,0.4254,0.0,0.279,0.0786,0.5393,上升趋势中的日线回调（关注买点）,-0.4603,0.4917,0.1669
002609,捷顺科技,33.27,True,7.25,7.5,5,2.36,-8.13,-2.78,-3.33,0.0,2026-07-08,2026-07-08,42.44,0.593,-0.2217,0.2847,0.4672,0.7209,0.5255,0.2786,-0.8038,0.0981,多周期共振看空 ⬇⬇⬇,-0.5621,-0.7223,-0.5625
002176,江特电机,151.98,True,8.92,10.57,1,0.62,-15.62,-6.79,-15.62,0.0,2026-07-08,2026-07-08,20.86,0.7325,0.1131,0.5175,0.6847,0.2414,0.1375,0.2785,-0.2671,0.3664,月线震荡，中短期走弱,-0.812,-0.2727,0.0708
000612,焦作万方,120.17,True,10.08,10.98,5,5.94,-11.97,-3.79,-8.17,0.0,2026-07-08,2026-07-08,40.35,0.8755,-0.352,0.6338,0.5845,0.6744,0.0,0.2785,-0.5163,0.2419,多周期共振看空 ⬇⬇⬇,-0.4422,-0.4183,-0.3375
605005,合兴股份,62.52,True,15.59,15.92,3,2.42,-10.2,-3.06,-2.08,0.0,2026-07-08,2026-07-08,45.98,0.4203,-0.2931,0.2656,0.335,0.7996,0.5573,0.2784,-0.7144,0.1428,多周期共振看空 ⬇⬇⬇,-0.4858,-0.5913,-0.5625
605318,法狮龙,112.88,True,89.78,119.03,15,30.35,-24.57,7.7,-24.57,0.0,2026-07-08,2026-07-08,19.48,0.5454,-0.5185,0.8425,0.3272,0.2107,0.0,0.2783,0.4502,0.7251,上升趋势中的日线整理,0.0094,0.7113,0.45
002645,华宏科技,152.37,True,22.4,29.3,13,25.96,-23.55,2.53,-23.55,0.0,2026-07-08,2026-07-08,17.63,0.7343,-0.7727,0.7824,0.4406,0.1696,0.0,0.2782,0.3167,0.6583,上升趋势中的日线回调（关注买点）,-0.2893,0.75,0.5625
002652,扬子新材,21.05,True,4.11,4.46,1,0.14,-18.06,-11.12,-7.78,0.0,2026-07-08,2026-07-08,36.27,-0.3994,1.403,0.7037,0.4,0.5839,0.0,0.2782,-0.1149,0.4425,月线看多，中短期调整中,-0.5815,-0.2287,0.18
002442,龙星科技,24.38,True,4.96,5.26,3,2.97,-18.41,-7.64,-5.65,0.0,2026-07-08,2026-07-08,49.64,0.8499,-0.4567,0.6602,0.5273,0.8808,0.0,0.2781,-0.6758,0.1621,多周期共振看空 ⬇⬇⬇,-0.3772,-0.5994,-0.5625
603611,诺力股份,44.15,True,17.14,17.14,4,5.3,-8.61,-2.75,-0.01,0.0327,2026-07-08,2026-07-08,48.85,0.3886,-0.1977,0.3917,0.3541,0.8633,0.3472,0.2776,-0.7381,0.131,多周期共振看空 ⬇⬇⬇,-0.3613,-0.75,-0.5625
603659,璞泰来,565.42,True,26.37,28.35,3,5.01,-12.96,-3.52,-6.98,0.0,2026-07-08,2026-07-08,36.65,0.4541,-0.3089,0.5461,0.3489,0.5922,0.0899,0.2773,-0.1221,0.439,月线看多，中短期调整中,-0.5112,-0.3233,0.18
603701,德宏股份,55.62,True,21.28,22.44,0,-0.46,-9.31,-4.95,-5.19,0.0,2026-07-08,2026-07-08,29.94,0.5243,-0.6134,0.4255,0.3146,0.443,0.2908,0.2771,-0.0507,0.4747,月线看多，中短期调整中,-0.4084,-0.2287,0.3375
600239,ST云城,23.28,True,1.45,1.37,5,5.92,-12.95,-4.19,5.92,0.1228,2026-07-01,2026-07-08,55.36,-0.1159,-0.0295,0.4941,0.1882,0.9921,0.1766,0.2768,-0.7133,0.1433,多周期共振看空 ⬇⬇⬇,-0.2978,-0.75,-0.5625
002395,双象股份,33.09,True,12.34,12.61,0,-0.52,-13.1,-8.44,-2.15,0.0,2026-07-08,2026-07-08,41.61,0.8621,-0.8281,0.3759,0.5173,0.7024,0.3735,0.2765,-0.7569,0.1215,多周期共振看空 ⬇⬇⬇,-0.6175,-0.5717,-0.5625
601126,四方股份,445.55,True,54.0,65.82,2,5.09,-17.95,-9.08,-17.95,0.0,2026-07-08,2026-07-08,30.93,0.4839,-0.2115,0.7497,0.4057,0.4651,0.0,0.2764,0.0036,0.5018,多周期方向不一致，观望,-0.5937,0.0748,0.45
000158,常山北明,205.16,True,12.92,13.87,0,-0.73,-13.58,-6.81,-6.82,0.0,2026-07-08,2026-07-08,29.02,0.6146,0.5683,0.3853,0.7687,0.4227,0.3578,0.2763,-0.8135,0.0932,多周期共振看空 ⬇⬇⬇,-0.5763,-0.7315,-0.5625
600875,东方电气,627.18,True,27.71,29.93,0,-0.18,-15.65,-7.86,-7.43,0.0,2026-07-08,2026-07-08,32.79,0.4756,-0.2703,0.5109,0.3772,0.5064,0.1485,0.2763,-0.1195,0.4403,月线看多，中短期调整中,-0.486,-0.3325,0.18
000630,铜陵有色,673.04,True,6.04,6.77,9,16.98,-10.76,-0.24,-10.76,0.0,2026-07-08,2026-07-08,25.32,0.8511,-0.4054,0.7276,0.5485,0.3405,0.0,0.2761,-0.0775,0.4612,多周期方向不一致，观望,-0.0101,0.0053,-0.3375
003007,直真科技,27.92,True,38.46,39.36,4,4.97,-16.66,-5.59,-2.28,0.0,2026-07-08,2026-07-08,44.67,0.4521,0.012,0.5931,0.4761,0.7705,0.0115,0.2761,-0.4868,0.2566,多周期共振看空 ⬇⬇⬇,-0.4124,-0.3789,-0.3375
000830,鲁西化工,229.26,True,12.04,12.59,7,4.21,-11.77,-1.71,-4.35,0.0,2026-07-08,2026-07-08,43.61,0.3996,-0.2552,0.5543,0.3377,0.7468,0.0762,0.2759,-0.2902,0.3549,多周期方向不一致，观望,-0.1216,-0.6762,-0.495
002470,金正大,0.0,True,1.9,2.09,0,-2.06,-13.38,-6.45,-9.26,0.0,2026-07-08,2026-07-08,37.89,0.4967,-0.2153,0.5366,0.4119,0.6199,0.1057,0.2758,-0.2812,0.3594,月线震荡，中短期走弱,-0.487,-0.506,-0.0219
002196,方正电机,57.88,True,11.85,12.75,5,8.18,-15.96,-5.56,-7.08,0.0,2026-07-08,2026-07-08,47.27,0.6865,-0.4769,0.7865,0.4211,0.8282,0.0,0.2754,-0.4645,0.2677,多周期共振看空 ⬇⬇⬇,-0.3459,-0.3869,-0.3375
603007,顺景科技,36.7,True,5.28,5.83,8,14.78,-18.87,-4.26,-9.47,0.0,2026-07-08,2026-07-08,44.44,0.7237,-0.3907,0.7977,0.478,0.7654,0.0,0.2752,-0.4818,0.2591,多周期共振看空 ⬇⬇⬇,-0.3763,-0.4875,-0.2488
002528,*ST英飞,46.52,True,4.43,4.52,9,6.39,-10.25,-2.0,-1.97,0.0475,2026-07-08,2026-07-08,43.02,-0.1072,-0.6198,0.4745,0.0,0.7339,0.2092,0.2752,0.0394,0.5197,月线看多，中短期调整中,-0.2272,-0.1802,0.5625
603153,上海建科,53.38,True,13.22,13.34,2,0.56,-8.64,-4.46,-0.87,0.0,2026-07-08,2026-07-08,43.15,-0.2708,0.4355,0.2542,0.3742,0.7367,0.5763,0.2751,-0.7431,0.1285,多周期共振看空 ⬇⬇⬇,-0.4515,-0.6837,-0.5625
603282,亚光股份,18.6,True,13.9,14.77,3,3.93,-10.15,-4.57,-5.91,0.0,2026-07-08,2026-07-08,45.06,0.5588,0.0994,0.4857,0.575,0.7791,0.1905,0.2741,-0.8142,0.0929,多周期共振看空 ⬇⬇⬇,-0.6104,-0.7038,-0.5625
000738,航发控制,227.13,True,17.27,18.32,2,1.78,-9.7,-3.62,-5.71,0.0,2026-07-08,2026-07-08,37.25,0.6579,-0.2222,0.4752,0.5058,0.6057,0.2081,0.274,-0.5102,0.2449,多周期共振看空 ⬇⬇⬇,-0.3412,-0.4913,-0.3375
603352,至信股份,11.29,True,25.41,27.15,0,-1.7,-11.89,-6.91,-6.41,0.0,2026-07-08,2026-07-08,30.5,0.4891,-0.7261,0.3266,0.2935,0.4555,0.4557,0.2739,-0.1893,0.4053,周线日线方向不一致,-0.631,0.0,
600063,皖维高新,127.46,True,6.16,7.85,15,21.28,-21.56,4.34,-21.56,0.0,2026-07-08,2026-07-08,26.33,0.7178,-0.635,0.8512,0.4307,0.3628,0.0,0.2735,0.0635,0.5317,多周期方向不一致，观望,-0.0636,0.3775,-0.0439
603551,奥普科技,35.06,True,9.23,9.32,2,1.79,-11.19,-5.3,-0.95,0.0,2026-07-08,2026-07-08,47.72,0.3449,-0.2011,0.2844,0.3265,0.8381,0.526,0.2734,-0.7621,0.119,多周期共振看空 ⬇⬇⬇,-0.5412,-0.6485,-0.5625
002460,赣锋锂业,680.34,True,56.17,66.92,5,2.89,-16.06,-4.4,-16.06,0.0,2026-07-08,2026-07-08,26.94,0.5781,0.2375,0.578,0.6418,0.3765,0.0367,0.2733,-0.3212,0.3394,月线震荡，中短期走弱,-0.7602,-0.3233,-0.1048
603933,睿能科技,43.77,True,21.09,22.91,5,2.46,-11.08,-3.18,-7.95,0.0,2026-07-08,2026-07-08,34.62,0.4419,-0.4065,0.4464,0.3025,0.547,0.256,0.2732,-0.1599,0.4201,月线震荡，中短期走弱,-0.3926,-0.2829,0.0818
600217,中再资环,48.07,True,2.9,3.01,0,-1.21,-10.63,-6.34,-3.7,0.0,2026-07-08,2026-07-08,38.03,0.3367,0.3712,0.3213,0.5505,0.6228,0.4645,0.2732,-0.814,0.093,多周期共振看空 ⬇⬇⬇,-0.556,-0.75,-0.5625
603897,长城科技,58.92,True,28.54,34.94,1,0.86,-23.89,-14.53,-18.31,0.0,2026-07-08,2026-07-08,32.68,0.0632,0.4841,0.8155,0.4316,0.504,0.0,0.273,-0.1115,0.4442,月线看多，中短期调整中,-0.5735,-0.2194,0.18
002642,荣联科技,44.33,True,6.7,6.57,1,1.94,-17.12,-11.63,1.94,0.0,2026-07-07,2026-07-08,42.86,0.2449,0.607,0.4914,0.5469,0.7302,0.181,0.2728,-0.7134,0.1433,多周期共振看空 ⬇⬇⬇,-0.52,-0.5598,-0.5625
002980,华盛昌,98.35,True,97.1,113.84,9,11.32,-14.71,-1.39,-14.71,0.0,2026-07-08,2026-07-08,32.93,0.1943,-0.3369,0.939,0.1818,0.5094,0.0,0.2727,0.2792,0.6396,上升趋势中的日线回调（关注买点）,-0.3323,0.6608,0.5625
600740,山西焦化,85.57,True,3.34,3.44,1,0.48,-13.03,-6.43,-2.84,0.0,2026-07-08,2026-07-08,39.8,0.8472,-0.4254,0.4034,0.5381,0.6621,0.3276,0.2726,-0.7367,0.1316,多周期共振看空 ⬇⬇⬇,-0.5335,-0.6669,-0.495
603639,海利尔,35.18,True,10.35,10.47,2,1.48,-6.61,-3.28,-1.14,0.0102,2026-07-08,2026-07-08,46.11,-0.0519,0.2176,0.2359,0.2871,0.8025,0.6069,0.2725,-0.7518,0.1241,多周期共振看空 ⬇⬇⬇,-0.4611,-0.6946,-0.5625
002539,云图控股,97.7,True,10.98,11.72,5,4.37,-11.69,-3.48,-6.33,0.0,2026-07-08,2026-07-08,39.82,0.5383,0.0644,0.5305,0.5487,0.6627,0.1159,0.2724,-0.5866,0.2067,多周期共振看空 ⬇⬇⬇,-0.4434,-0.5717,-0.3375
002638,勤上股份,50.05,True,3.7,4.01,3,7.62,-11.83,-4.52,-7.7,0.0,2026-07-08,2026-07-08,43.4,0.2147,-0.2824,0.7059,0.2159,0.7421,0.0,0.2721,-0.0589,0.4706,月线看多，中短期调整中,-0.5854,-0.2287,0.45
002940,昂利康,49.23,True,26.57,28.13,4,7.18,-23.81,-10.29,-5.54,0.0,2026-07-08,2026-07-08,46.35,0.7277,-0.5865,0.7142,0.4366,0.8077,0.0,0.2716,-0.4949,0.2525,多周期共振看空 ⬇⬇⬇,-0.3369,-0.2364,-0.5625
603606,东方电缆,328.77,True,39.86,40.74,6,7.96,-15.64,-3.23,-2.16,0.0,2026-07-08,2026-07-08,46.51,0.473,-0.0936,0.5718,0.4463,0.8113,0.047,0.2715,-0.5537,0.2232,多周期共振看空 ⬇⬇⬇,-0.194,-0.4881,-0.5625
002649,博彦科技,44.25,True,8.25,8.44,0,-2.27,-11.56,-6.76,-2.27,0.0,2026-07-08,2026-07-08,40.87,0.4924,0.1191,0.3797,0.5431,0.686,0.3671,0.2715,-0.814,0.093,多周期共振看空 ⬇⬇⬇,-0.556,-0.75,-0.5625
002402,和而泰,193.24,True,23.61,24.61,5,9.16,-17.19,-5.26,-4.06,0.0,2026-07-08,2026-07-08,44.32,0.5955,0.1373,0.6342,0.6122,0.7626,0.0,0.2712,-0.7252,0.1374,多周期共振看空 ⬇⬇⬇,-0.3821,-0.7038,-0.5625
601568,北元化工,134.66,True,3.39,3.58,3,4.33,-7.01,-2.69,-5.37,0.0,2026-07-08,2026-07-08,31.94,0.6416,0.0834,0.3014,0.6183,0.4877,0.4976,0.2711,-0.8034,0.0983,多周期共振看空 ⬇⬇⬇,-0.6937,-0.6762,-0.495
603048,浙江黎明,26.69,True,18.17,18.89,2,1.59,-9.39,-4.46,-3.79,0.0,2026-07-08,2026-07-08,35.77,0.6894,-0.7365,0.3744,0.4137,0.5726,0.376,0.271,-0.4818,0.2591,多周期共振看空 ⬇⬇⬇,-0.3855,-0.3909,-0.3375
603303,得邦照明,112.89,True,23.67,28.26,11,24.88,-21.97,2.32,-16.25,0.0,2026-07-08,2026-07-08,25.07,0.2585,-0.3848,0.7682,0.2012,0.3349,0.0,0.271,0.4441,0.722,上升趋势中的日线整理,-0.0598,0.6423,0.5625
600528,中铁工业,151.73,True,6.83,6.91,0,-0.27,-6.31,-3.61,-1.19,0.0,2026-07-08,2026-07-08,36.51,0.4799,-0.08,0.2431,0.4559,0.5891,0.5949,0.2708,-0.7457,0.1271,多周期共振看空 ⬇⬇⬇,-0.4049,-0.7294,-0.5625
002213,大为股份,64.97,True,31.43,37.36,10,12.3,-15.88,-0.91,-15.88,0.0,2026-07-08,2026-07-08,25.73,0.7714,-0.671,0.7031,0.4628,0.3496,0.0,0.2702,0.0014,0.5007,月线看多，中短期调整中,-0.3393,-0.1525,0.45
603833,欧派家居,198.46,True,32.58,32.15,2,1.35,-12.87,-6.78,1.35,0.0,2026-07-07,2026-07-08,48.75,0.3344,-0.1875,0.3175,0.3257,0.8612,0.4708,0.2698,-0.7724,0.1138,多周期共振看空 ⬇⬇⬇,-0.4923,-0.7131,-0.5625
000690,宝新能源,98.72,True,4.54,4.94,1,1.82,-11.74,-7.08,-8.13,0.0,2026-07-08,2026-07-08,12.5,0.8692,-0.8102,0.4006,0.5215,0.0556,0.3324,0.2698,-0.0088,0.4956,多周期方向不一致，观望,-0.4067,-0.0252,0.335
601179,中国西电,680.2,True,13.27,14.81,6,7.96,-16.2,-4.65,-10.37,0.0,2026-07-08,2026-07-08,30.55,0.7377,-0.4663,0.7737,0.4561,0.4567,0.0,0.2698,-0.1192,0.4404,月线看多，中短期调整中,-0.463,-0.351,0.18
600066,宇通客车,636.95,True,28.77,27.78,4,5.09,-14.96,-5.95,3.55,0.0035,2026-07-02,2026-07-08,59.81,-0.4277,-0.6356,0.4897,0.0,0.8932,0.1838,0.2697,-0.0693,0.4653,月线看多，中短期调整中,-0.2992,-0.2536,0.18
600482,中国动力,748.97,True,33.02,32.71,4,7.69,-13.6,-5.01,0.95,0.0,2026-07-02,2026-07-08,53.28,0.0609,-0.5957,0.6715,0.0366,0.9619,0.0,0.2696,-0.0562,0.4719,月线看多，中短期调整中,-0.2232,-0.2563,0.18
603219,富佳股份,82.02,True,14.61,15.18,5,10.2,-12.59,-4.38,-3.76,0.0,2026-07-08,2026-07-08,45.53,0.5509,-0.2453,0.5613,0.4324,0.7895,0.0646,0.2696,-0.5345,0.2328,多周期共振看空 ⬇⬇⬇,-0.2148,-0.4282,-0.5625
603515,欧普照明,125.54,True,17.05,17.15,2,1.4,-6.02,-3.16,-0.56,0.0275,2026-07-08,2026-07-08,43.77,-0.1968,-0.239,0.2636,0.1044,0.7504,0.5607,0.2694,-0.427,0.2865,多周期共振看空 ⬇⬇⬇,-0.3637,-0.2892,-0.3375
002050,三花智控,1547.73,True,42.01,44.59,3,8.81,-8.33,-4.01,-5.78,0.0,2026-07-08,2026-07-08,44.06,0.5728,-0.2933,0.6379,0.4263,0.7569,0.0,0.2693,-0.436,0.282,多周期共振看空 ⬇⬇⬇,-0.3013,-0.3514,-0.3485
600215,派斯林,0.0,True,6.07,6.19,3,10.46,-9.97,-3.29,-1.88,0.0,2026-07-08,2026-07-08,46.0,0.4661,0.1242,0.6268,0.5293,0.8,0.0,0.2693,-0.6528,0.1736,多周期共振看空 ⬇⬇⬇,-0.2746,-0.6368,-0.5625
600391,航发科技,99.6,True,30.17,33.3,5,6.77,-20.09,-5.25,-9.41,0.0,2026-07-08,2026-07-08,39.22,0.2433,0.6913,0.8305,0.546,0.6493,0.0,0.2686,-0.5038,0.2481,多周期共振看空 ⬇⬇⬇,-0.3244,-0.4918,-0.3375
002522,浙江众成,48.24,True,5.33,7.04,16,14.96,-24.34,0.83,-24.34,0.0,2026-07-08,2026-07-08,31.43,0.6028,-0.4439,0.8677,0.3841,0.4763,0.0,0.2685,-0.0382,0.4809,多周期方向不一致，观望,-0.1895,-0.0056,0.0
002408,齐翔腾达,132.05,True,4.8,4.94,4,1.44,-8.52,-3.3,-2.79,0.0,2026-07-08,2026-07-08,39.73,0.323,-0.147,0.3346,0.335,0.6606,0.4423,0.2678,-0.54,0.23,多周期共振看空 ⬇⬇⬇,-0.4101,-0.4979,-0.3375
603803,瑞斯康达,47.59,True,11.2,11.92,0,-0.09,-16.57,-7.69,-6.05,0.0,2026-07-08,2026-07-08,29.44,0.6822,-0.3472,0.6179,0.4704,0.432,0.0,0.2673,-0.1327,0.4336,月线看多，中短期调整中,-0.636,-0.2667,0.18
002448,中原内配,68.44,True,11.79,12.5,5,3.64,-12.1,-3.69,-5.66,0.0,2026-07-08,2026-07-08,39.19,0.0793,0.1687,0.5667,0.315,0.6486,0.0555,0.2671,-0.1897,0.4052,月线震荡，中短期走弱,-0.3205,-0.4184,0.0556
600623,华谊集团,154.02,True,8.21,8.45,7,8.29,-10.61,-2.55,-2.82,0.0,2026-07-08,2026-07-08,47.89,0.3323,-0.0477,0.6354,0.3803,0.8421,0.0,0.2668,-0.4847,0.2576,多周期共振看空 ⬇⬇⬇,-0.17,-0.5821,-0.3375
002890,弘宇股份,23.43,True,14.51,14.7,5,8.49,-10.63,-2.79,-1.27,0.0,2026-07-08,2026-07-08,46.83,-0.4366,0.1384,0.5051,0.2554,0.8183,0.1581,0.2665,-0.3851,0.3075,多周期共振看空 ⬇⬇⬇,-0.2572,-0.2885,-0.3375
603150,万朗磁塑,53.85,True,63.0,74.18,13,12.98,-15.07,2.5,-15.07,0.0,2026-07-08,2026-07-08,17.31,0.178,-0.3502,0.4546,0.1667,0.1625,0.2423,0.2663,0.475,0.7375,上升趋势中的日线整理,-0.0443,0.7093,0.5625
603667,五洲新春,215.69,True,58.9,65.78,4,13.13,-15.6,-6.2,-10.46,0.0,2026-07-08,2026-07-08,41.75,0.6637,-0.4397,0.8281,0.4223,0.7056,0.0,0.2663,-0.392,0.304,多周期共振看空 ⬇⬇⬇,-0.353,-0.3129,-0.2461
000695,滨海能源,27.24,True,12.28,13.01,1,0.41,-14.25,-6.84,-5.62,0.0,2026-07-08,2026-07-08,21.71,0.8639,-0.3558,0.5261,0.576,0.2601,0.1231,0.266,-0.2042,0.3979,月线震荡，中短期走弱,-0.5912,-0.1924,0.0128
002588,史丹利,70.66,True,8.23,8.45,3,1.36,-9.15,-3.06,-2.65,0.0,2026-07-08,2026-07-08,44.77,0.3008,-0.0638,0.4087,0.355,0.7726,0.3188,0.2659,-0.6227,0.1886,多周期共振看空 ⬇⬇⬇,-0.2969,-0.619,-0.495
002529,海源复材,17.45,True,6.71,7.36,2,4.63,-10.63,-5.82,-8.85,0.0,2026-07-08,2026-07-08,26.89,0.5017,-0.0511,0.6093,0.4806,0.3753,0.0,0.2656,-0.0946,0.4527,月线看多，中短期调整中,-0.5723,-0.1808,0.2211
603577,汇金通,31.64,True,9.33,9.33,7,5.43,-11.96,-5.42,0.04,0.0,2026-06-29,2026-07-08,46.69,0.4135,-0.2837,0.5145,0.3346,0.8153,0.1425,0.2649,-0.5083,0.2459,多周期共振看空 ⬇⬇⬇,-0.2869,-0.5337,-0.3375
000790,华神科技,22.6,True,3.63,3.67,4,4.15,-10.29,-4.01,-0.98,0.0,2026-07-08,2026-07-08,47.11,0.4435,-0.557,0.417,0.2661,0.8246,0.305,0.2649,-0.5399,0.23,多周期共振看空 ⬇⬇⬇,-0.3094,-0.4263,-0.495
000153,丰原药业,24.14,True,5.26,5.3,2,2.46,-7.0,-3.1,-0.71,0.0052,2026-07-08,2026-07-08,50.0,-0.1875,0.2061,0.3438,0.2825,0.8889,0.4271,0.2649,-0.7532,0.1234,多周期共振看空 ⬇⬇⬇,-0.4323,-0.7223,-0.5625
600223,福瑞达,54.28,True,5.34,5.32,2,1.22,-10.98,-6.06,0.43,0.0,2026-07-07,2026-07-08,50.0,-0.1963,0.2165,0.3128,0.2866,0.8889,0.4787,0.2646,-0.7913,0.1043,多周期共振看空 ⬇⬇⬇,-0.4977,-0.75,-0.5625
001238,浙江正特,39.75,True,27.39,28.68,4,0.73,-7.54,-3.14,-4.49,0.0,2026-07-08,2026-07-08,38.2,0.64,-0.3471,0.3119,0.4452,0.6267,0.4802,0.2646,-0.7314,0.1343,多周期共振看空 ⬇⬇⬇,-0.3548,-0.7408,-0.5625
605500,森林包装,26.23,True,6.33,6.57,0,-1.37,-23.53,-13.1,-3.69,0.0,2026-07-08,2026-07-08,40.59,0.6878,-0.5719,0.3337,0.4127,0.6797,0.4438,0.2645,-0.7153,0.1423,多周期共振看空 ⬇⬇⬇,-0.622,-0.4764,-0.5625
600227,赤天化,30.66,True,2.4,2.63,0,-3.74,-13.3,-8.58,-8.85,0.0,2026-07-08,2026-07-08,33.33,0.8587,-0.3683,0.5012,0.5679,0.5185,0.1647,0.2645,-0.5469,0.2265,多周期共振看空 ⬇⬇⬇,-0.5186,-0.4875,-0.27
002031,巨轮智能,105.06,True,5.49,5.76,2,5.23,-16.91,-7.08,-4.66,0.0,2026-07-08,2026-07-08,47.21,0.6476,-0.3441,0.8865,0.4509,0.8268,0.0,0.2644,-0.5987,0.2006,多周期共振看空 ⬇⬇⬇,-0.3706,-0.4357,-0.5625
603439,三力制药,49.71,True,12.31,14.09,7,12.33,-15.71,-4.28,-12.63,0.0,2026-07-08,2026-07-08,25.36,0.6274,-0.7435,0.5443,0.3765,0.3413,0.0928,0.2644,0.0292,0.5146,上升趋势中的日线回调（关注买点）,-0.5607,0.4063,0.1723
603985,恒润股份,92.23,True,20.92,23.44,9,6.53,-10.77,-1.97,-10.77,0.0,2026-07-08,2026-07-08,30.34,0.3815,-0.1915,0.622,0.3523,0.4519,0.0,0.2643,0.0082,0.5041,月线看多，中短期调整中,-0.2909,-0.1617,0.45
002658,雪迪龙,25.74,True,7.18,8.09,10,5.4,-12.65,-1.29,-11.2,0.0,2026-07-08,2026-07-08,35.56,0.5166,-0.023,0.4862,0.5007,0.5681,0.1896,0.2642,-0.5209,0.2395,多周期共振看空 ⬇⬇⬇,-0.2203,-0.6184,-0.3375
603077,和邦生物,192.53,True,2.18,2.36,3,2.54,-11.03,-3.33,-7.65,0.0,2026-07-08,2026-07-08,36.84,0.6029,-0.1266,0.4487,0.5111,0.5965,0.2522,0.2639,-0.6246,0.1877,多周期共振看空 ⬇⬇⬇,-0.6284,-0.4967,-0.3375
002099,海翔药业,83.27,True,5.15,5.28,4,3.26,-8.83,-2.92,-2.55,0.0,2026-07-08,2026-07-08,50.27,0.2475,-0.4572,0.4073,0.1656,0.895,0.3211,0.2637,-0.4863,0.2569,多周期共振看空 ⬇⬇⬇,-0.1753,-0.581,-0.3375
000990,诚志股份,101.23,True,8.33,8.71,2,1.89,-11.22,-5.54,-4.38,0.0,2026-07-08,2026-07-08,38.22,0.2595,0.0243,0.4247,0.3654,0.6272,0.2922,0.2636,-0.4623,0.2689,多周期共振看空 ⬇⬇⬇,-0.5453,-0.3048,-0.2438
000912,泸天化,51.43,True,3.28,3.44,0,-2.47,-9.44,-5.88,-4.54,0.0,2026-07-08,2026-07-08,37.33,0.7407,-0.4101,0.3187,0.4804,0.6074,0.4689,0.2635,-0.7646,0.1177,多周期共振看空 ⬇⬇⬇,-0.6265,-0.6485,-0.495
600771,广誉远,68.38,True,13.97,13.68,5,4.15,-9.57,-4.08,2.1,0.0604,2026-07-01,2026-07-08,53.5,-0.025,-0.0551,0.4189,0.1779,0.9667,0.3019,0.2629,-0.7282,0.1359,多周期共振看空 ⬇⬇⬇,-0.3682,-0.7223,-0.5625
000553,安道麦A,126.05,True,5.79,5.8,2,1.44,-11.86,-4.35,-0.18,0.0,2026-07-08,2026-07-08,47.43,-0.2339,-0.0566,0.374,0.1774,0.8317,0.3767,0.2629,-0.48,0.26,多周期共振看空 ⬇⬇⬇,-0.2392,-0.2875,-0.5625
603901,永创智能,55.75,True,10.28,10.72,5,8.06,-9.12,-3.31,-4.1,0.0,2026-07-08,2026-07-08,44.63,0.2984,0.1569,0.4853,0.4418,0.7696,0.1912,0.2629,-0.6801,0.1599,多周期共振看空 ⬇⬇⬇,-0.4011,-0.656,-0.495
603052,可川科技,132.71,True,70.63,83.11,2,4.29,-18.04,-7.76,-15.02,0.0,2026-07-08,2026-07-08,26.57,0.5161,-0.1997,0.7174,0.4298,0.3683,0.0,0.2628,-0.0272,0.4864,多周期方向不一致，观望,-0.4973,-0.1433,0.45
000715,中兴商业,22.91,True,4.71,4.78,1,0.89,-7.12,-3.43,-1.39,0.0,2026-07-08,2026-07-08,49.57,0.4634,-0.7204,0.3557,0.2781,0.8792,0.4072,0.2627,-0.7239,0.1381,多周期共振看空 ⬇⬇⬇,-0.3572,-0.7223,-0.5625
600308,华泰股份,48.08,True,3.17,3.18,1,0.08,-8.9,-5.33,-0.28,0.0,2026-07-08,2026-07-08,45.0,-0.4542,0.3278,0.3227,0.3311,0.7778,0.4621,0.2626,-0.7317,0.1341,多周期共振看空 ⬇⬇⬇,-0.4882,-0.6946,-0.495
002238,天威视讯,44.22,True,5.51,5.71,0,-2.71,-11.13,-7.77,-3.56,0.0,2026-07-08,2026-07-08,41.72,0.0698,1.017,0.3263,0.4419,0.7049,0.4562,0.2623,-0.8193,0.0903,多周期共振看空 ⬇⬇⬇,-0.5696,-0.75,-0.5625
603190,亚通精工,10.25,True,24.93,24.73,4,4.62,-10.05,-4.22,0.81,0.0056,2026-07-02,2026-07-08,46.07,0.0597,-0.0623,0.4023,0.2109,0.8016,0.3295,0.2623,-0.4777,0.2611,多周期共振看空 ⬇⬇⬇,-0.2698,-0.4943,-0.3244
002063,远光软件,91.29,True,5.16,5.19,0,-0.59,-13.58,-6.78,-0.59,0.0,2026-07-08,2026-07-08,43.56,0.34,-0.1396,0.2874,0.3482,0.7459,0.521,0.2623,-0.7703,0.1149,多周期共振看空 ⬇⬇⬇,-0.5515,-0.6577,-0.5625
603306,华懋科技,302.31,True,91.75,103.95,9,9.92,-15.44,-2.36,-11.73,0.0,2026-07-08,2026-07-08,32.9,0.2802,-0.2925,0.5508,0.2511,0.509,0.0821,0.2621,0.0184,0.5092,多周期方向不一致，观望,-0.3417,-0.0763,0.45
000698,ST沈化,24.67,True,3.14,3.15,3,5.3,-10.01,-5.0,-0.43,0.0,2026-07-08,2026-07-08,51.09,0.1324,0.0644,0.402,0.3052,0.913,0.3299,0.2621,-0.7514,0.1243,多周期共振看空 ⬇⬇⬇,-0.4924,-0.6669,-0.5625
603328,依顿电子,109.33,True,10.95,13.14,12,15.19,-16.64,0.71,-16.64,0.0,2026-07-08,2026-07-08,20.88,0.8251,-0.7081,0.7573,0.495,0.2417,0.0,0.2621,0.0144,0.5072,多周期方向不一致，观望,-0.1411,-0.0399,0.2242
600847,万里股份,18.95,True,12.36,14.04,2,2.61,-11.97,-5.69,-11.97,0.0,2026-07-08,2026-07-08,37.8,0.6901,-0.5223,0.5635,0.4141,0.6177,0.0609,0.2618,-0.3585,0.3207,多周期共振看空 ⬇⬇⬇,-0.5443,-0.171,-0.1504
000423,东阿阿胶,300.13,True,46.99,46.78,6,2.48,-9.28,-2.73,0.44,0.0744,2026-07-03,2026-07-08,48.26,-0.0406,-0.5242,0.3226,0.0,0.8503,0.4623,0.2617,-0.4748,0.2626,多周期共振看空 ⬇⬇⬇,-0.1554,-0.5729,-0.3375
002798,帝欧水华,27.59,True,5.34,5.6,0,-1.11,-16.46,-11.13,-4.69,0.0,2026-07-08,2026-07-08,40.74,0.6702,-0.3157,0.57,0.4759,0.6831,0.05,0.2615,-0.5292,0.2354,多周期共振看空 ⬇⬇⬇,-0.4466,-0.2852,-0.495
603615,茶花股份,40.12,True,16.59,17.44,5,7.99,-12.87,-5.87,-4.88,0.0,2026-07-08,2026-07-08,41.47,0.2039,0.6189,0.5809,0.5223,0.6994,0.0318,0.2615,-0.6083,0.1959,多周期共振看空 ⬇⬇⬇,-0.3832,-0.446,-0.5625
603038,华立股份,40.7,True,15.15,15.42,7,2.71,-7.23,-1.84,-1.76,0.0902,2026-07-08,2026-07-08,40.22,0.2707,-0.5069,0.4278,0.1624,0.6714,0.287,0.2614,-0.4201,0.29,多周期共振看空 ⬇⬇⬇,-0.1649,-0.2194,-0.5625
002365,永安药业,25.44,True,10.37,10.76,3,1.01,-9.26,-4.53,-3.61,0.0,2026-07-08,2026-07-08,45.45,0.2324,0.3092,0.4551,0.4631,0.7879,0.2416,0.2608,-0.7935,0.1033,多周期共振看空 ⬇⬇⬇,-0.5033,-0.75,-0.5625
002902,铭普光磁,44.37,True,24.98,30.89,5,8.59,-19.13,-7.09,-19.13,0.0,2026-07-08,2026-07-08,22.97,0.8006,-0.6042,0.8122,0.4803,0.2881,0.0,0.2603,-0.0316,0.4842,多周期方向不一致，观望,-0.5642,-0.1052,0.45
600130,波导股份,30.23,True,4.03,4.53,1,3.61,-14.18,-6.97,-11.05,0.0,2026-07-08,2026-07-08,23.12,0.7333,-0.5319,0.4376,0.44,0.2917,0.2707,0.2596,-0.1937,0.4032,月线震荡，中短期走弱,-0.6637,-0.2102,0.1281
000792,盐湖股份,1403.84,True,26.53,29.96,9,3.52,-12.39,-2.37,-11.46,0.0,2026-07-08,2026-07-08,34.37,0.4302,0.394,0.5869,0.6157,0.5415,0.0218,0.2594,-0.5769,0.2116,多周期共振看空 ⬇⬇⬇,-0.5935,-0.506,-0.2533
002571,德力股份,29.71,True,9.96,10.83,2,5.02,-12.68,-6.25,-8.02,0.0,2026-07-08,2026-07-08,33.33,0.6132,-0.6651,0.4725,0.3679,0.5185,0.2125,0.2593,-0.3063,0.3468,月线震荡，中短期走弱,-0.6494,-0.397,-0.0761
003011,海象新材,14.05,True,18.29,19.14,2,8.0,-12.22,-6.15,-4.44,0.0,2026-07-08,2026-07-08,48.37,0.6084,-0.7385,0.7362,0.365,0.8527,0.0,0.2593,-0.5327,0.2337,多周期共振看空 ⬇⬇⬇,-0.4114,-0.4807,-0.3375
000581,威孚高科,140.36,True,17.68,17.59,4,3.62,-8.81,-4.11,0.49,0.0238,2026-07-02,2026-07-08,50.15,-0.0743,-0.0761,0.2926,0.1695,0.8921,0.5124,0.2592,-0.7351,0.1325,多周期共振看空 ⬇⬇⬇,-0.429,-0.6854,-0.5625
601008,连云港,51.73,True,4.17,4.26,2,1.21,-8.57,-3.87,-2.07,0.0,2026-07-08,2026-07-08,36.78,0.653,-0.6485,0.3161,0.3918,0.5951,0.4732,0.2589,-0.6486,0.1757,多周期共振看空 ⬇⬇⬇,-0.319,-0.5895,-0.5625
603733,仙鹤股份,159.75,True,22.05,25.91,16,20.74,-14.91,4.53,-14.91,0.0,2026-07-08,2026-07-08,29.07,0.5194,-0.456,0.8323,0.3293,0.4238,0.0,0.2588,0.0354,0.5177,多周期方向不一致，观望,0.0291,0.2656,-0.135
600498,烽火通信,689.35,True,54.21,69.59,17,39.03,-22.11,11.73,-22.11,0.0,2026-07-08,2026-07-08,25.18,0.0638,-0.6738,0.9596,0.0383,0.3374,0.0,0.2587,0.6031,0.8015,多周期共振看多 ⬆⬆⬆,0.1806,0.7206,0.45
600760,中航沈飞,1126.44,True,39.81,41.31,3,3.06,-8.79,-2.56,-3.63,0.0,2026-07-08,2026-07-08,36.87,0.7658,-0.5492,0.3717,0.4595,0.597,0.3805,0.2586,-0.6869,0.1566,多周期共振看空 ⬇⬇⬇,-0.3793,-0.622,-0.5625
601798,蓝科高新,24.36,True,6.87,7.28,2,2.68,-10.62,-5.57,-5.68,0.0,2026-07-08,2026-07-08,43.95,0.7907,-0.7268,0.478,0.4744,0.7545,0.2034,0.2585,-0.7593,0.1204,多周期共振看空 ⬇⬇⬇,-0.4481,-0.7223,-0.5625
601177,杭齿前进,53.8,True,13.37,13.35,4,14.71,-18.8,-8.92,0.17,0.0,2026-07-02,2026-07-08,48.22,0.6518,-0.3698,0.6913,0.4432,0.8494,0.0,0.2582,-0.663,0.1685,多周期共振看空 ⬇⬇⬇,-0.421,-0.5338,-0.5625
600679,上海凤凰,30.8,True,8.96,9.12,0,-0.14,-9.33,-5.44,-1.74,0.0,2026-07-08,2026-07-08,43.24,0.6874,-0.8192,0.3342,0.4125,0.7387,0.443,0.2581,-0.8363,0.0818,多周期共振看空 ⬇⬇⬇,-0.613,-0.75,-0.5625
601011,宝泰隆,49.62,True,2.59,2.76,3,10.19,-10.3,-3.78,-6.02,0.0,2026-07-08,2026-07-08,45.31,0.8831,-0.8449,0.6463,0.5299,0.7847,0.0,0.2581,-0.7247,0.1376,多周期共振看空 ⬇⬇⬇,-0.542,-0.6331,-0.495
603816,XD顾家家,182.33,True,22.45,22.66,0,-0.93,-14.95,-9.2,-0.93,0.0,2026-07-08,2026-07-08,40.69,-0.5781,0.4109,0.2881,0.3644,0.6821,0.5198,0.2576,-0.7564,0.1218,多周期共振看空 ⬇⬇⬇,-0.5515,-0.6946,-0.495
002319,乐通股份,22.75,True,10.86,10.8,5,3.09,-14.4,-4.55,0.57,0.0,2026-07-07,2026-07-08,44.47,0.7057,-0.4654,0.6098,0.4373,0.7661,0.0,0.2571,-0.5624,0.2188,多周期共振看空 ⬇⬇⬇,-0.2977,-0.4184,-0.5625
603192,汇得科技,24.48,True,17.56,17.96,0,-1.1,-10.71,-6.0,-2.25,0.0,2026-07-08,2026-07-08,41.81,-0.379,0.8285,0.3141,0.4,0.7069,0.4765,0.2571,-0.8123,0.0938,多周期共振看空 ⬇⬇⬇,-0.5515,-0.75,-0.5625
002361,神剑股份,91.74,True,11.34,14.75,4,11.65,-23.1,-7.07,-23.1,0.0,2026-07-08,2026-07-08,18.99,0.8841,-0.3605,0.7478,0.5863,0.1997,0.0,0.2571,-0.121,0.4395,月线看多，中短期调整中,-0.5711,-0.2667,0.18
600433,冠豪高新,56.01,True,3.2,3.33,0,-0.28,-15.54,-9.59,-3.77,0.0,2026-07-08,2026-07-08,36.49,0.4081,-0.4732,0.3062,0.2556,0.5886,0.4897,0.257,-0.4512,0.2744,多周期共振看空 ⬇⬇⬇,-0.586,-0.2194,-0.27
002981,朝阳科技,24.35,True,20.03,21.65,5,7.47,-25.02,-10.74,-7.48,0.0,2026-07-08,2026-07-08,41.18,0.9423,-0.6307,0.8083,0.5654,0.6928,0.0,0.2567,-0.6826,0.1587,多周期共振看空 ⬇⬇⬇,-0.4498,-0.5521,-0.5625
003015,日久光电,28.94,True,11.7,12.41,5,4.18,-8.74,-2.7,-5.73,0.0,2026-07-08,2026-07-08,35.84,0.4003,0.4332,0.491,0.6135,0.5742,0.1816,0.2565,-0.7642,0.1179,多周期共振看空 ⬇⬇⬇,-0.4713,-0.7131,-0.5625
002977,*ST天箭,16.27,True,24.41,23.31,4,10.16,-17.7,-7.27,4.72,0.0,2026-07-02,2026-07-08,46.23,0.1518,0.6808,0.7664,0.4911,0.805,0.0,0.2564,-0.7004,0.1498,多周期共振看空 ⬇⬇⬇,-0.3507,-0.6762,-0.5625
603100,川仪股份,89.78,True,17.55,17.69,5,3.08,-8.9,-4.05,-0.8,0.0,2026-07-08,2026-07-08,51.49,0.0305,0.0194,0.3884,0.226,0.9219,0.3527,0.2562,-0.7006,0.1497,多周期共振看空 ⬇⬇⬇,-0.2976,-0.7223,-0.5625
600881,亚泰集团,47.19,True,1.46,1.59,10,15.05,-8.06,0.66,-8.06,0.0,2026-07-08,2026-07-08,38.18,0.879,-0.8328,0.7015,0.5274,0.6263,0.0,0.256,-0.5471,0.2264,多周期共振看空 ⬇⬇⬇,-0.1689,-0.4952,-0.5625
603106,恒银科技,35.6,True,6.84,7.24,4,8.16,-11.46,-4.11,-5.51,0.0,2026-07-08,2026-07-08,44.79,0.6481,0.0997,0.6063,0.6287,0.7731,0.0,0.2556,-0.8886,0.0557,多周期共振看空 ⬇⬇⬇,-0.7472,-0.75,-0.5625
002677,浙江美大,36.23,True,6.57,6.12,1,7.27,-15.04,-8.9,7.27,0.0,2026-07-07,2026-07-08,56.49,-0.0485,2.7936,0.622,0.4,0.967,0.0,0.2555,-0.7564,0.1218,多周期共振看空 ⬇⬇⬇,-0.5515,-0.6946,-0.495
600588,用友网络,319.83,True,9.36,9.54,0,-1.91,-14.09,-6.63,-1.91,0.0,2026-07-08,2026-07-08,42.95,0.366,-0.0999,0.4223,0.3796,0.7323,0.2962,0.2551,-0.6823,0.1588,多周期共振看空 ⬇⬇⬇,-0.4132,-0.5829,-0.5625
001216,华瓷股份,34.43,True,14.02,15.43,4,13.48,-11.06,-3.17,-9.14,0.0,2026-07-08,2026-07-08,38.52,0.7021,-0.2297,0.6487,0.5294,0.6338,0.0,0.2551,-0.567,0.2165,多周期共振看空 ⬇⬇⬇,-0.4876,-0.4908,-0.3375
603657,春光科技,30.61,True,22.64,24.46,6,13.32,-18.24,-5.09,-7.44,0.0,2026-07-08,2026-07-08,42.7,0.0567,0.8837,0.8799,0.434,0.7267,0.0,0.2548,-0.5277,0.2362,多周期共振看空 ⬇⬇⬇,-0.2185,-0.4101,-0.5625
002391,长青股份,23.25,True,5.12,5.13,2,2.44,-8.22,-3.37,-0.25,0.0039,2026-07-08,2026-07-08,48.74,-0.2476,-0.1256,0.2843,0.1498,0.8609,0.5261,0.2542,-0.6692,0.1654,多周期共振看空 ⬇⬇⬇,-0.4391,-0.5994,-0.495
002429,兆驰股份,477.32,True,10.55,10.92,4,1.77,-12.78,-5.01,-3.42,0.0,2026-07-08,2026-07-08,34.22,-0.1219,0.1732,0.6632,0.2693,0.5382,0.0,0.2542,-0.0434,0.4783,月线看多，中短期调整中,-0.4462,-0.1617,0.3375
600617,国新能源,48.29,True,2.72,2.87,0,-3.79,-16.64,-10.17,-5.21,0.0,2026-07-08,2026-07-08,31.58,0.7241,-0.6333,0.3379,0.4345,0.4795,0.4368,0.2534,-0.5929,0.2036,多周期共振看空 ⬇⬇⬇,-0.547,-0.4967,-0.3375
002518,科士达,0.0,True,41.18,49.14,6,7.68,-17.11,-5.11,-16.2,0.0,2026-07-08,2026-07-08,32.14,0.0593,0.412,0.8464,0.4003,0.4921,0.0,0.2529,-0.2076,0.3962,月线震荡，中短期走弱,-0.4352,-0.2574,-0.0675
002157,正邦科技,228.96,True,2.94,2.94,3,2.42,-8.35,-3.73,-0.1,0.0086,2026-07-08,2026-07-08,45.26,-0.1456,-0.1564,0.3977,0.1375,0.7836,0.3371,0.2524,-0.4316,0.2842,多周期共振看空 ⬇⬇⬇,-0.2835,-0.3681,-0.3375
605365,立达信,68.27,True,13.6,14.81,0,-2.51,-17.72,-8.93,-8.16,0.0,2026-07-08,2026-07-08,29.7,0.6,-0.2534,0.3283,0.4587,0.4378,0.4529,0.2521,-0.6052,0.1974,多周期共振看空 ⬇⬇⬇,-0.691,-0.4679,-0.27
600869,远东股份,512.67,True,23.1,31.91,16,32.0,-27.61,12.17,-27.61,0.0,2026-07-08,2026-07-08,25.6,-0.0225,-0.4139,0.9085,0.0344,0.3467,0.0,0.2518,0.5431,0.7715,上升趋势中的日线整理,0.1145,0.75,0.5625
000681,视觉中国,128.06,True,18.94,20.81,6,13.23,-14.12,-3.59,-8.97,0.0,2026-07-08,2026-07-08,40.77,0.7613,-0.6642,0.6472,0.4568,0.6838,0.0,0.2517,-0.5382,0.2309,多周期共振看空 ⬇⬇⬇,-0.3553,-0.3833,-0.495
002513,蓝丰生化,13.44,True,4.65,5.09,0,-1.66,-11.29,-7.84,-8.64,0.0,2026-07-08,2026-07-08,26.89,0.8328,-0.1071,0.3508,0.6569,0.3754,0.4153,0.2516,-0.8205,0.0897,多周期共振看空 ⬇⬇⬇,-0.6265,-0.7038,-0.5625
603966,法兰泰克,43.76,True,8.42,8.79,2,5.58,-10.53,-3.88,-4.18,0.0,2026-07-08,2026-07-08,36.42,0.4434,-0.3287,0.4338,0.3345,0.5871,0.277,0.2516,-0.4484,0.2758,多周期共振看空 ⬇⬇⬇,-0.323,-0.3711,-0.3375
603861,白云电器,72.31,True,13.68,14.32,4,10.38,-19.52,-7.86,-4.47,0.0,2026-07-08,2026-07-08,39.57,0.484,-0.0342,1.0746,0.4767,0.657,0.0,0.2514,-0.54,0.23,多周期共振看空 ⬇⬇⬇,-0.4221,-0.5637,-0.2613
000902,新洋丰,138.05,True,12.08,12.26,3,1.87,-12.77,-3.6,-1.44,0.0,2026-07-08,2026-07-08,45.48,0.3613,-0.2834,0.4162,0.3034,0.7884,0.3064,0.2513,-0.6665,0.1668,多周期共振看空 ⬇⬇⬇,-0.3319,-0.6854,-0.495
600100,同方股份,227.82,True,6.8,6.89,0,-1.34,-13.27,-6.78,-1.34,0.0,2026-07-08,2026-07-08,41.27,0.2377,0.2221,0.3974,0.4315,0.6949,0.3377,0.2511,-0.7853,0.1074,多周期共振看空 ⬇⬇⬇,-0.547,-0.6946,-0.5625
002706,良信股份,89.06,True,9.74,11.2,0,-3.47,-14.69,-9.61,-13.07,0.0,2026-07-08,2026-07-08,26.42,0.706,-0.6093,0.5815,0.4236,0.3648,0.0309,0.251,-0.1326,0.4337,多周期方向不一致，观望,-0.5112,-0.1135,-0.0312
001333,光华股份,24.78,True,19.36,19.6,3,2.18,-12.15,-7.44,-1.21,0.0,2026-07-08,2026-07-08,47.09,0.3132,-0.34,0.3557,0.2519,0.8242,0.4072,0.2508,-0.7117,0.1442,多周期共振看空 ⬇⬇⬇,-0.5696,-0.581,-0.495
002534,西子洁能,130.74,True,15.84,19.31,9,8.25,-17.98,-2.58,-17.98,0.0,2026-07-08,2026-07-08,22.96,-0.6187,1.2363,0.7555,0.4,0.2879,0.0,0.2507,0.0203,0.5101,多周期方向不一致，观望,-0.4039,0.0739,0.3615
001311,多利科技,31.92,True,18.02,17.57,3,11.53,-14.66,-8.48,2.59,0.0,2026-07-03,2026-07-08,49.38,-0.0137,4.543,0.5808,0.4,0.8752,0.032,0.2506,-0.7108,0.1446,多周期共振看空 ⬇⬇⬇,-0.6078,-0.7038,-0.3375
002527,新时达,63.47,True,12.0,13.51,4,14.42,-13.53,-3.71,-11.17,0.0,2026-07-08,2026-07-08,36.91,0.8733,-0.5974,0.6776,0.524,0.598,0.0,0.2502,-0.5542,0.2229,多周期共振看空 ⬇⬇⬇,-0.3732,-0.3357,-0.5625
002686,亿利达,0.0,True,5.47,5.54,0,-1.19,-13.65,-8.87,-1.19,0.0,2026-07-08,2026-07-08,40.79,-0.5442,0.2831,0.3688,0.3132,0.6842,0.3854,0.2501,-0.6298,0.1851,多周期共振看空 ⬇⬇⬇,-0.556,-0.4125,-0.495
002232,启明信息,58.67,True,14.36,14.58,3,1.25,-9.79,-5.1,-1.5,0.0,2026-07-08,2026-07-08,44.37,0.0673,0.6096,0.4961,0.4404,0.7638,0.1732,0.25,-0.7594,0.1203,多周期共振看空 ⬇⬇⬇,-0.5041,-0.6744,-0.5625
001258,立新能源,61.41,True,6.58,7.28,0,-6.49,-21.09,-15.74,-9.57,0.0,2026-07-08,2026-07-08,20.77,0.9028,-0.8033,0.3679,0.5417,0.2392,0.3868,0.2498,-0.4646,0.2677,多周期共振看空 ⬇⬇⬇,-0.6325,-0.209,-0.27
600892,大晟文化,18.18,True,3.25,3.55,1,3.19,-9.77,-4.89,-8.52,0.0,2026-07-08,2026-07-08,35.71,0.0734,0.4671,0.4656,0.4309,0.5714,0.2239,0.2497,-0.5563,0.2218,多周期共振看空 ⬇⬇⬇,-0.5283,-0.2747,-0.495
603556,海兴电力,103.91,True,21.37,21.93,1,0.12,-14.24,-7.32,-2.57,0.0,2026-07-08,2026-07-08,41.29,-0.4185,0.6031,0.3614,0.4,0.6954,0.3976,0.2495,-0.7965,0.1018,多周期共振看空 ⬇⬇⬇,-0.622,-0.7223,-0.495
603016,新宏泰,44.73,True,30.19,35.01,0,-4.26,-18.97,-11.24,-13.76,0.0,2026-07-08,2026-07-08,26.42,0.5319,-0.2977,0.4479,0.4001,0.3648,0.2535,0.2492,-0.2872,0.3564,月线震荡，中短期走弱,-0.907,-0.276,0.0882
605066,天正电气,32.56,True,6.48,6.82,6,5.07,-13.84,-3.28,-4.95,0.0,2026-07-08,2026-07-08,39.6,0.691,-0.5336,0.4903,0.4146,0.6578,0.1828,0.2489,-0.6081,0.196,多周期共振看空 ⬇⬇⬇,-0.3765,-0.6762,-0.3375
002998,优彩资源,18.37,True,6.79,7.12,3,5.74,-13.92,-7.82,-4.63,0.0,2026-07-08,2026-07-08,43.77,0.0029,1.3014,0.5772,0.4018,0.7504,0.038,0.2488,-0.5833,0.2083,多周期共振看空 ⬇⬇⬇,-0.5853,-0.2852,-0.495
600619,海立股份,106.54,True,13.5,14.74,5,7.25,-16.04,-4.2,-8.43,0.0,2026-07-08,2026-07-08,36.07,0.7233,-0.1449,0.455,0.576,0.5792,0.2417,0.2487,-0.8203,0.0898,多周期共振看空 ⬇⬇⬇,-0.7277,-0.6167,-0.5625
600640,国脉文化,79.87,True,10.09,10.3,0,-2.0,-12.18,-7.05,-2.0,0.0,2026-07-08,2026-07-08,41.13,0.2946,-0.2201,0.324,0.2887,0.6917,0.46,0.2484,-0.6728,0.1636,多周期共振看空 ⬇⬇⬇,-0.4189,-0.5571,-0.5625
002249,大洋电机,138.9,True,7.46,7.92,3,8.72,-12.21,-5.14,-5.87,0.0,2026-07-08,2026-07-08,39.57,0.313,0.7418,0.6239,0.5878,0.6571,0.0,0.2484,-0.7422,0.1289,多周期共振看空 ⬇⬇⬇,-0.483,-0.6548,-0.5625
603059,倍加洁,24.7,True,24.59,25.53,2,0.87,-9.68,-4.6,-3.68,0.0,2026-07-08,2026-07-08,41.9,0.477,-0.3451,0.365,0.3482,0.7089,0.3917,0.2483,-0.7347,0.1326,多周期共振看空 ⬇⬇⬇,-0.5174,-0.6762,-0.495
001369,双欣材料,25.21,True,12.15,14.26,10,8.6,-14.77,-2.42,-14.77,0.0,2026-07-08,2026-07-08,11.23,0.8567,-0.5524,0.3962,0.514,0.0274,0.3397,0.2481,-0.142,0.429,周线日线方向不一致,-0.4732,0.0,
605299,舒华体育,51.08,True,12.53,14.14,0,-7.21,-17.31,-11.04,-11.38,0.0,2026-07-08,2026-07-08,8.86,0.6942,-0.7018,0.2525,0.4165,0.0,0.5792,0.2481,-0.1451,0.4274,月线看多，中短期调整中,-0.682,-0.2863,0.18
600789,鲁抗医药,69.0,True,6.83,7.05,1,2.25,-10.23,-4.9,-3.13,0.0,2026-07-08,2026-07-08,46.18,-0.1929,0.8271,0.5299,0.4,0.8041,0.1168,0.2481,-0.7135,0.1432,多周期共振看空 ⬇⬇⬇,-0.523,-0.5573,-0.5625
600435,北方导航,161.22,True,10.66,11.52,2,0.46,-10.3,-3.91,-7.5,0.0,2026-07-08,2026-07-08,31.29,0.7176,-0.2493,0.3663,0.5308,0.4731,0.3894,0.248,-0.7445,0.1277,多周期共振看空 ⬇⬇⬇,-0.5981,-0.5611,-0.5625
002591,恒大高新,13.95,True,6.24,6.67,0,-5.34,-14.03,-9.59,-6.4,0.0,2026-07-08,2026-07-08,28.72,-0.6427,0.5212,0.3339,0.4,0.4161,0.4435,0.248,-0.5105,0.2448,多周期共振看空 ⬇⬇⬇,-0.6645,-0.2148,-0.3375
603656,泰禾智能,31.36,True,17.14,17.82,1,0.43,-7.14,-2.71,-3.79,0.0,2026-07-08,2026-07-08,36.41,0.6479,-0.7608,0.2557,0.3887,0.5869,0.5738,0.2479,-0.8021,0.0989,多周期共振看空 ⬇⬇⬇,-0.5253,-0.75,-0.5625
002090,金智科技,36.2,True,9.09,9.22,2,3.02,-12.78,-6.41,-1.43,0.0,2026-07-08,2026-07-08,47.35,0.2608,0.1711,0.5174,0.4249,0.83,0.1377,0.2479,-0.8031,0.0984,多周期共振看空 ⬇⬇⬇,-0.5819,-0.7038,-0.5625
603076,乐惠国际,25.36,True,21.01,21.62,0,-0.42,-12.37,-7.79,-2.8,0.0,2026-07-08,2026-07-08,44.53,0.1616,-0.2186,0.4037,0.2095,0.7674,0.3272,0.2479,-0.5348,0.2326,多周期共振看空 ⬇⬇⬇,-0.622,-0.3048,-0.3375
002242,九阳股份,60.93,True,8.0,8.27,0,-0.07,-12.94,-5.23,-3.25,0.0,2026-07-08,2026-07-08,37.28,0.5567,-0.4815,0.2765,0.3414,0.6062,0.5391,0.2477,-0.723,0.1385,多周期共振看空 ⬇⬇⬇,-0.5319,-0.5706,-0.5625
600487,亨通光电,1888.33,True,76.96,103.36,16,32.19,-25.54,10.39,-25.54,0.0,2026-07-08,2026-07-08,24.4,-0.0491,-0.3558,0.8043,0.0577,0.3199,0.0,0.2476,0.5048,0.7524,上升趋势中的日线整理,-0.0017,0.75,0.5625
002443,金洲管道,50.23,True,9.67,10.61,2,0.56,-15.05,-6.07,-8.82,0.0,2026-07-08,2026-07-08,28.99,0.4407,-0.3434,0.618,0.3271,0.422,0.0,0.2476,-0.0486,0.4757,多周期方向不一致，观望,-0.5058,-0.1174,0.3375
600527,江南高纤,35.5,True,2.05,2.23,0,-1.9,-12.2,-6.58,-8.03,0.0,2026-07-08,2026-07-08,25.37,0.7396,-0.5098,0.3611,0.4437,0.3416,0.3981,0.2474,-0.459,0.2705,多周期共振看空 ⬇⬇⬇,-0.5615,-0.2575,-0.27
603216,梦天家居,44.54,True,20.0,21.59,0,-2.01,-11.5,-7.01,-7.35,0.0,2026-07-08,2026-07-08,35.68,0.7134,-0.4371,0.3758,0.4532,0.5706,0.3737,0.2472,-0.731,0.1345,多周期共振看空 ⬇⬇⬇,-0.4634,-0.7145,-0.495
002823,凯中精密,30.21,True,13.8,15.69,2,3.71,-19.97,-8.57,-12.04,0.0,2026-07-08,2026-07-08,24.43,0.839,-0.8052,0.5732,0.5034,0.3206,0.0446,0.247,-0.25,0.375,多周期方向不一致，观望,-0.5705,-0.115,-0.495
600602,云赛智联,175.97,True,16.38,16.79,1,1.18,-16.45,-7.77,-2.44,0.0,2026-07-08,2026-07-08,41.08,0.217,0.5334,0.6242,0.5302,0.6906,0.0,0.2469,-0.7021,0.149,多周期共振看空 ⬇⬇⬇,-0.5525,-0.5071,-0.5625
000546,金圆股份,32.19,True,4.62,5.1,2,3.52,-16.82,-5.78,-9.36,0.0,2026-07-08,2026-07-08,34.07,0.6445,-0.2132,0.552,0.5014,0.5349,0.08,0.2468,-0.5338,0.2331,多周期共振看空 ⬇⬇⬇,-0.4829,-0.4217,-0.3375
600587,新华医疗,73.28,True,12.08,12.16,2,1.5,-8.0,-3.49,-0.7,0.0,2026-07-08,2026-07-08,49.84,-0.2864,0.0427,0.3469,0.2171,0.8853,0.4219,0.2466,-0.7742,0.1129,多周期共振看空 ⬇⬇⬇,-0.4538,-0.75,-0.5625
603165,荣晟环保,42.06,True,13.45,14.21,1,1.51,-14.56,-6.25,-5.36,0.0,2026-07-08,2026-07-08,31.71,0.2958,-0.2345,0.5866,0.2837,0.4824,0.0223,0.2466,-0.0776,0.4612,月线看多，中短期调整中,-0.419,-0.1906,0.18
002749,国光股份,43.16,True,7.93,8.24,0,-0.72,-10.12,-6.48,-3.71,0.0,2026-07-08,2026-07-08,40.91,-0.341,0.723,0.338,0.4,0.6869,0.4367,0.2465,-0.8415,0.0792,多周期共振看空 ⬇⬇⬇,-0.6265,-0.75,-0.5625
601016,节能风电,200.47,True,3.32,3.79,0,-3.05,-16.41,-11.33,-12.33,0.0,2026-07-08,2026-07-08,28.66,0.5179,-0.7206,0.5593,0.3108,0.4147,0.0679,0.2465,-0.0773,0.4613,月线看多，中短期调整中,-0.5899,-0.1998,0.3375
600685,中船防务,213.49,True,25.99,26.18,3,3.92,-11.43,-3.85,-0.71,0.0,2026-07-08,2026-07-08,42.77,0.257,-0.2231,0.4282,0.265,0.7282,0.2863,0.2464,-0.5559,0.2221,多周期共振看空 ⬇⬇⬇,-0.2858,-0.6392,-0.3375
002373,千方科技,97.81,True,7.1,7.37,0,-0.01,-11.07,-4.94,-3.71,0.0,2026-07-08,2026-07-08,34.34,0.5364,-0.1025,0.3136,0.4809,0.5408,0.4774,0.2462,-0.831,0.0845,多周期共振看空 ⬇⬇⬇,-0.5994,-0.75,-0.5625
002895,川恒股份,176.57,True,29.45,30.78,2,2.94,-9.94,-3.8,-4.31,0.0,2026-07-08,2026-07-08,47.43,0.3713,-0.3496,0.6492,0.2829,0.8317,0.0,0.2462,-0.4809,0.2596,多周期共振看空 ⬇⬇⬇,-0.2467,-0.5079,-0.3375
600580,卧龙电驱,514.49,True,33.03,34.71,3,7.92,-14.3,-6.74,-4.85,0.0,2026-07-08,2026-07-08,44.4,0.4531,-0.202,0.6749,0.391,0.7644,0.0,0.2458,-0.5762,0.2119,多周期共振看空 ⬇⬇⬇,-0.3761,-0.3815,-0.5625
000338,潍柴动力,1382.45,True,27.91,28.58,2,3.55,-15.73,-6.92,-2.34,0.0,2026-07-08,2026-07-08,45.51,-0.177,-0.4377,0.6977,0.0249,0.7891,0.0,0.2452,-0.0248,0.4876,月线看多，中短期调整中,-0.3538,-0.1525,0.3375
002009,天奇股份,65.78,True,18.58,20.36,3,5.58,-15.61,-6.01,-8.73,0.0,2026-07-08,2026-07-08,38.83,0.7484,-0.4212,0.6501,0.4806,0.6408,0.0,0.2449,-0.5782,0.2109,多周期共振看空 ⬇⬇⬇,-0.4109,-0.581,-0.3375
601015,陕西黑猫,59.23,True,2.9,3.1,1,3.29,-16.43,-9.73,-6.41,0.0,2026-07-08,2026-07-08,32.5,0.8915,-0.7703,0.4197,0.5349,0.5,0.3005,0.2448,-0.7375,0.1312,多周期共振看空 ⬇⬇⬇,-0.5245,-0.6762,-0.495
603161,科华控股,24.74,True,12.97,14.1,12,8.28,-8.04,0.28,-8.04,0.0,2026-07-08,2026-07-08,34.44,0.5648,-0.6202,0.4295,0.3389,0.543,0.2841,0.2446,-0.4646,0.2677,多周期共振看空 ⬇⬇⬇,-0.196,-0.5155,-0.3375
002498,汉缆股份,198.94,True,5.98,7.01,0,-3.83,-15.68,-10.0,-14.64,0.0,2026-07-08,2026-07-08,14.98,0.6908,-0.377,0.4313,0.4637,0.1106,0.2812,0.2446,-0.1427,0.4286,月线看多，中短期调整中,-0.6483,-0.3037,0.18
002340,格林美,338.06,True,6.66,6.98,1,4.09,-14.9,-5.59,-4.62,0.0,2026-07-08,2026-07-08,36.13,0.526,-0.0888,0.488,0.4801,0.5808,0.1867,0.2446,-0.6573,0.1714,多周期共振看空 ⬇⬇⬇,-0.4507,-0.5634,-0.495
002328,新朋股份,40.64,True,7.12,7.67,0,-1.5,-18.15,-10.26,-7.22,0.0,2026-07-08,2026-07-08,26.87,0.3455,-0.5271,0.3767,0.2073,0.3748,0.3722,0.2444,-0.1239,0.438,月线看多，中短期调整中,-0.5995,-0.2563,0.18
002644,佛慈制药,36.77,True,7.2,7.3,4,1.91,-7.74,-2.44,-1.31,0.0525,2026-07-08,2026-07-08,43.98,-0.4498,0.0235,0.3793,0.2094,0.7552,0.3678,0.2443,-0.7073,0.1463,多周期共振看空 ⬇⬇⬇,-0.3406,-0.7,-0.5625
000777,中核科技,64.83,True,16.91,18.16,11,22.76,-10.43,0.55,-6.87,0.0171,2026-07-08,2026-07-08,26.32,0.7769,-0.0541,0.9412,0.6445,0.3626,0.0,0.2441,-0.5541,0.2229,多周期共振看空 ⬇⬇⬇,-0.1943,-0.5563,-0.495
601360,三六零,606.16,True,8.66,8.95,0,-2.04,-11.94,-6.87,-3.22,0.0,2026-07-08,2026-07-08,39.55,-0.0619,0.752,0.3931,0.4,0.6567,0.3448,0.244,-0.7522,0.1239,多周期共振看空 ⬇⬇⬇,-0.557,-0.6132,-0.5625
603392,万泰生物,351.12,True,27.77,28.3,1,0.3,-17.28,-9.79,-1.86,0.0,2026-07-08,2026-07-08,44.07,0.0253,0.5188,0.4456,0.4152,0.7571,0.2573,0.2439,-0.8272,0.0864,多周期共振看空 ⬇⬇⬇,-0.622,-0.7223,-0.5625
600831,广电网络,21.47,True,3.02,3.12,0,-1.75,-14.18,-9.24,-3.36,0.0,2026-07-08,2026-07-08,41.33,0.3486,-0.3224,0.3066,0.2802,0.6963,0.4889,0.2438,-0.7246,0.1377,多周期共振看空 ⬇⬇⬇,-0.5245,-0.5805,-0.5625
001326,联域股份,12.83,True,53.42,63.69,7,10.56,-16.13,-3.02,-16.13,0.0,2026-07-08,2026-07-08,11.99,0.7543,-0.5365,0.6247,0.4526,0.0442,0.0,0.2437,0.1727,0.5864,上升趋势中的日线回调（关注买点）,-0.3854,0.461,0.45
000957,中通客车,56.15,True,9.47,9.88,1,1.22,-9.37,-3.58,-4.18,0.0,2026-07-08,2026-07-08,34.45,0.6059,-0.5168,0.3199,0.3635,0.5433,0.4669,0.2432,-0.6618,0.1691,多周期共振看空 ⬇⬇⬇,-0.4624,-0.4956,-0.5625
600718,东软集团,89.37,True,7.47,7.57,0,-1.29,-8.82,-5.21,-1.29,0.0,2026-07-08,2026-07-08,39.76,-0.162,0.3957,0.3054,0.3583,0.6613,0.4911,0.243,-0.8158,0.0921,多周期共振看空 ⬇⬇⬇,-0.5605,-0.75,-0.5625
601500,通用股份,60.63,True,3.83,3.84,3,2.02,-8.88,-4.95,-0.35,0.0,2026-07-08,2026-07-08,46.34,0.0342,-0.12,0.2903,0.1725,0.8076,0.5162,0.2428,-0.7158,0.1421,多周期共振看空 ⬇⬇⬇,-0.492,-0.589,-0.5625
603166,福达股份,70.09,True,10.94,14.12,11,21.35,-22.55,1.88,-22.55,0.0,2026-07-08,2026-07-08,24.56,0.4865,0.4465,0.9018,0.6705,0.3235,0.0,0.2422,-0.5235,0.2383,多周期共振看空 ⬇⬇⬇,-0.2777,-0.3501,-0.5625
002228,合兴包装,36.04,True,2.98,3.07,1,0.19,-8.4,-4.58,-3.03,0.0,2026-07-08,2026-07-08,40.54,-0.2325,0.2891,0.309,0.3156,0.6787,0.4849,0.242,-0.7714,0.1143,多周期共振看空 ⬇⬇⬇,-0.5471,-0.7315,-0.495
002109,ST兴化,34.2,True,2.68,2.6,5,6.77,-12.55,-5.16,3.14,0.029,2026-07-01,2026-07-08,53.54,0.0095,-0.1902,0.4659,0.1296,0.9675,0.2236,0.2419,-0.682,0.159,多周期共振看空 ⬇⬇⬇,-0.404,-0.6577,-0.495
000697,炼石航空,59.5,True,9.11,10.54,2,2.34,-13.58,-6.56,-13.58,0.0,2026-07-08,2026-07-08,3.41,0.704,-0.2239,0.4955,0.5328,0.0,0.1742,0.2419,-0.0565,0.4718,月线看多，中短期调整中,-0.6501,-0.1617,0.45
601311,XD骆驼股,89.51,True,7.63,7.67,1,1.3,-10.15,-4.27,-0.58,0.0,2026-07-08,2026-07-08,42.86,0.3098,-0.3987,0.33,0.2264,0.7302,0.4501,0.2418,-0.664,0.168,多周期共振看空 ⬇⬇⬇,-0.4775,-0.4875,-0.5625
600523,贵航股份,43.31,True,10.72,10.99,2,1.2,-9.68,-4.65,-2.45,0.0,2026-07-08,2026-07-08,38.66,0.1802,0.0768,0.2805,0.3389,0.6369,0.5325,0.2417,-0.7985,0.1008,多周期共振看空 ⬇⬇⬇,-0.5268,-0.7408,-0.5625
603175,超颖电子,36.15,True,79.5,88.61,10,16.65,-13.68,-0.77,-10.28,0.0,2026-07-08,2026-07-08,16.69,0.6547,-0.1198,0.7196,0.5449,0.1487,0.0,0.2417,-0.1167,0.4416,周线日线方向不一致,-0.2268,-0.1391,
600582,天地科技,194.93,True,4.71,4.8,7,2.29,-13.32,-4.3,-1.92,0.0,2026-07-08,2026-07-08,38.97,0.3015,-0.0474,0.3604,0.3619,0.6438,0.3994,0.2415,-0.739,0.1305,多周期共振看空 ⬇⬇⬇,-0.3635,-0.75,-0.5625
600104,上汽集团,1151.83,True,10.02,10.29,0,-1.54,-12.06,-8.06,-2.61,0.0,2026-07-08,2026-07-08,35.0,0.215,0.0795,0.2237,0.3608,0.5556,0.6271,0.2415,-0.814,0.093,多周期共振看空 ⬇⬇⬇,-0.556,-0.75,-0.5625
002633,申科股份,21.91,True,14.66,15.89,0,-1.59,-9.5,-6.34,-7.76,0.0,2026-07-08,2026-07-08,31.65,0.3413,-0.2769,0.3424,0.294,0.4812,0.4294,0.2414,-0.4602,0.2699,多周期共振看空 ⬇⬇⬇,-0.4534,-0.2852,-0.3375
001325,元创股份,6.94,True,35.42,37.7,1,0.33,-12.72,-5.2,-6.05,0.0,2026-07-08,2026-07-08,29.43,0.3743,-0.5213,0.4308,0.2246,0.4317,0.2821,0.2412,-0.1731,0.4134,周线日线方向不一致,-0.577,0.0,
601966,玲珑轮胎,155.72,True,10.64,10.9,0,-0.32,-11.4,-5.57,-2.35,0.0,2026-07-08,2026-07-08,38.71,-0.3275,0.3518,0.2809,0.3407,0.638,0.5319,0.2411,-0.8071,0.0964,多周期共振看空 ⬇⬇⬇,-0.5383,-0.75,-0.5625
002112,三变科技,39.63,True,15.12,16.74,2,3.46,-12.96,-5.53,-9.69,0.0,2026-07-08,2026-07-08,31.46,0.6869,-0.2945,0.4541,0.4944,0.477,0.2432,0.2409,-0.6306,0.1847,多周期共振看空 ⬇⬇⬇,-0.5794,-0.5517,-0.3375
002095,生 意 宝,32.14,True,12.77,13.33,2,3.59,-8.6,-4.09,-4.19,0.0,2026-07-08,2026-07-08,42.66,0.499,-0.2082,0.4507,0.4161,0.7258,0.2488,0.2408,-0.809,0.0955,多周期共振看空 ⬇⬇⬇,-0.543,-0.75,-0.5625
600356,恒丰纸业,23.45,True,7.85,7.94,1,2.23,-8.88,-5.29,-1.13,0.0,2026-07-08,2026-07-08,48.02,-0.0819,-0.158,0.3157,0.1368,0.8449,0.4739,0.2406,-0.687,0.1565,多周期共振看空 ⬇⬇⬇,-0.5272,-0.4956,-0.5625
000789,万年青,31.02,True,3.89,4.02,0,-2.29,-9.75,-4.75,-3.2,0.0,2026-07-08,2026-07-08,34.12,-0.4523,0.5046,0.2739,0.4,0.5359,0.5436,0.2404,-0.7951,0.1024,多周期共振看空 ⬇⬇⬇,-0.5075,-0.75,-0.5625
603289,泰瑞机器,24.26,True,8.27,8.58,0,-3.34,-14.72,-10.42,-3.65,0.0,2026-07-08,2026-07-08,33.05,0.6234,-0.4391,0.3719,0.3984,0.5122,0.3801,0.2403,-0.6339,0.183,多周期共振看空 ⬇⬇⬇,-0.556,-0.4217,-0.495
603187,海容冷链,45.58,True,11.92,12.0,3,2.24,-8.28,-3.21,-0.63,0.021,2026-07-08,2026-07-08,45.07,-0.2072,-0.1365,0.2938,0.1454,0.7793,0.5103,0.2401,-0.706,0.147,多周期共振看空 ⬇⬇⬇,-0.322,-0.7131,-0.5625
001396,誉帆科技,7.96,True,35.05,37.49,0,-1.66,-13.92,-9.01,-6.5,0.0,2026-07-08,2026-07-08,27.98,-0.0055,0.0638,0.4064,0.2255,0.3996,0.3227,0.2398,-0.1799,0.4101,周线日线方向不一致,-0.5995,0.0,
600893,航发动力,944.79,True,35.45,38.44,2,1.42,-13.06,-5.63,-7.78,0.0,2026-07-08,2026-07-08,36.63,0.3115,0.189,0.5099,0.4625,0.5918,0.1502,0.2398,-0.6516,0.1742,多周期共振看空 ⬇⬇⬇,-0.5098,-0.6577,-0.3375
600741,华域汽车,504.75,True,16.01,16.25,1,0.82,-6.13,-2.41,-1.5,0.0135,2026-07-08,2026-07-08,45.88,0.04,-0.2234,0.2925,0.1346,0.7973,0.5125,0.2398,-0.6963,0.1518,多周期共振看空 ⬇⬇⬇,-0.3747,-0.6467,-0.5625
605277,新亚电子,61.04,True,15.99,18.03,6,5.98,-11.31,-3.17,-11.31,0.0,2026-07-08,2026-07-08,36.57,0.8171,-0.5062,0.6211,0.4902,0.5904,0.0,0.2397,-0.5752,0.2124,多周期共振看空 ⬇⬇⬇,-0.3802,-0.3757,-0.5625
600844,金煤科技,20.07,True,2.44,2.61,0,-4.15,-12.48,-8.55,-6.37,0.0,2026-07-08,2026-07-08,33.33,0.4913,-0.2718,0.3591,0.3861,0.5185,0.4015,0.2396,-0.6441,0.1779,多周期共振看空 ⬇⬇⬇,-0.5551,-0.6023,-0.3375
002783,凯龙股份,32.88,True,7.13,7.34,2,0.54,-9.82,-4.47,-2.8,0.0,2026-07-08,2026-07-08,46.46,0.463,-0.5222,0.4296,0.2778,0.8102,0.284,0.2395,-0.7279,0.1361,多周期共振看空 ⬇⬇⬇,-0.389,-0.7038,-0.5625
603035,常熟汽饰,39.6,True,10.81,11.09,2,1.92,-8.93,-4.66,-2.56,0.0,2026-07-08,2026-07-08,44.35,-0.298,0.1664,0.3159,0.2666,0.7634,0.4735,0.2395,-0.8054,0.0973,多周期共振看空 ⬇⬇⬇,-0.5339,-0.75,-0.5625
003023,彩虹集团,20.18,True,19.2,21.05,0,-2.02,-17.12,-10.61,-8.79,0.0,2026-07-08,2026-07-08,25.75,-0.2195,1.2184,0.3666,0.4,0.3499,0.389,0.2392,-0.4574,0.2713,多周期共振看空 ⬇⬇⬇,-0.5995,-0.2215,-0.27
600727,鲁北化工,34.15,True,6.46,7.28,0,-0.6,-12.47,-6.44,-11.31,0.0,2026-07-08,2026-07-08,34.58,0.681,-0.5878,0.5331,0.4086,0.5461,0.1116,0.2392,-0.4845,0.2578,多周期共振看空 ⬇⬇⬇,-0.5725,-0.2367,-0.3375
603215,比依股份,27.04,True,14.44,14.7,3,1.94,-10.7,-4.87,-1.78,0.0,2026-07-08,2026-07-08,34.88,0.4415,-0.2324,0.3283,0.3719,0.553,0.4528,0.2391,-0.7079,0.1461,多周期共振看空 ⬇⬇⬇,-0.3491,-0.6941,-0.5625
002030,达安基因,70.31,True,5.01,5.24,0,-2.71,-17.02,-9.96,-4.43,0.0,2026-07-08,2026-07-08,36.81,0.6618,-0.6938,0.4246,0.3971,0.5958,0.2923,0.2391,-0.6709,0.1645,多周期共振看空 ⬇⬇⬇,-0.3646,-0.5994,-0.5625
002795,永和智控,27.33,True,6.29,7.06,0,-0.22,-17.43,-8.2,-10.94,0.0,2026-07-08,2026-07-08,24.03,0.6124,-0.2797,0.55,0.4556,0.3119,0.0834,0.239,-0.2579,0.371,月线震荡，中短期走弱,-0.5711,-0.256,-0.1214
600410,华胜天成,160.86,True,14.67,16.77,2,4.16,-17.0,-8.65,-12.54,0.0,2026-07-08,2026-07-08,31.48,0.6032,0.2076,0.5771,0.645,0.4774,0.0382,0.2388,-0.7252,0.1374,多周期共振看空 ⬇⬇⬇,-0.765,-0.6006,-0.3375
600335,国机汽车,74.08,True,4.98,5.05,1,0.49,-10.07,-5.07,-1.44,0.0,2026-07-08,2026-07-08,40.32,-0.4683,0.278,0.321,0.3112,0.6738,0.465,0.2388,-0.7685,0.1158,多周期共振看空 ⬇⬇⬇,-0.4822,-0.7131,-0.5625
002729,好利科技,25.35,True,14.45,17.97,6,8.91,-19.6,-5.22,-19.6,0.0,2026-07-08,2026-07-08,37.79,-0.1167,0.6417,0.7347,0.4,0.6176,0.0,0.2386,-0.4723,0.2639,多周期共振看空 ⬇⬇⬇,-0.4954,-0.276,-0.3375
002877,智能自控,16.84,True,7.0,7.44,0,-2.63,-9.97,-6.38,-5.92,0.0,2026-07-08,2026-07-08,31.35,0.8242,-0.7386,0.3251,0.4945,0.4745,0.4582,0.2386,-0.8187,0.0907,多周期共振看空 ⬇⬇⬇,-0.622,-0.7038,-0.5625
002205,国统股份,19.14,True,10.3,10.85,0,-0.12,-13.25,-9.06,-5.05,0.0,2026-07-08,2026-07-08,38.19,-0.3033,1.0924,0.4041,0.4,0.6265,0.3266,0.2384,-0.7458,0.1271,多周期共振看空 ⬇⬇⬇,-0.5245,-0.6271,-0.5625
002459,晶澳科技,248.67,True,7.52,8.35,2,7.24,-16.37,-5.21,-9.96,0.0,2026-07-08,2026-07-08,36.54,0.5799,0.2213,0.6598,0.6364,0.5899,0.0,0.2381,-0.8212,0.0894,多周期共振看空 ⬇⬇⬇,-0.5745,-0.75,-0.5625
600668,尖峰集团,29.6,True,7.17,7.38,5,4.6,-8.98,-3.94,-2.79,0.0,2026-07-08,2026-07-08,48.08,0.2321,0.0212,0.5562,0.3477,0.8462,0.073,0.2377,-0.7288,0.1356,多周期共振看空 ⬇⬇⬇,-0.3933,-0.7021,-0.5625
603527,众源新材,33.09,True,10.44,12.84,8,9.68,-19.69,-4.49,-18.67,0.0,2026-07-08,2026-07-08,19.86,0.7583,-0.6225,0.752,0.455,0.219,0.0,0.2376,-0.0903,0.4548,多周期方向不一致，观望,-0.3039,-0.024,-0.1125
002881,美格智能,65.73,True,36.12,39.14,0,-0.08,-17.52,-7.47,-7.71,0.0,2026-07-08,2026-07-08,38.32,0.7456,-0.6134,0.712,0.4474,0.6293,0.0,0.2375,-0.5707,0.2147,多周期共振看空 ⬇⬇⬇,-0.4072,-0.3427,-0.5625
600839,四川长虹,309.2,True,6.7,6.79,4,2.03,-13.58,-4.92,-1.35,0.0,2026-07-08,2026-07-08,44.86,0.2654,-0.0503,0.4372,0.3391,0.7747,0.2714,0.2371,-0.7925,0.1038,多周期共振看空 ⬇⬇⬇,-0.5439,-0.7131,-0.5625
000816,智慧农业,34.55,True,2.4,2.42,2,1.11,-10.29,-5.36,-0.81,0.0,2026-07-08,2026-07-08,48.44,0.2998,-0.409,0.3662,0.2163,0.8542,0.3897,0.2367,-0.789,0.1055,多周期共振看空 ⬇⬇⬇,-0.5026,-0.7408,-0.5625
002372,伟星新材,121.05,True,8.23,8.62,0,-1.39,-10.41,-6.13,-4.55,0.0,2026-07-08,2026-07-08,34.44,-0.0994,1.3054,0.3092,0.4,0.543,0.4847,0.2367,-0.7856,0.1072,多周期共振看空 ⬇⬇⬇,-0.6265,-0.6946,-0.495
000488,ST晨鸣,34.39,True,2.03,2.04,1,0.73,-10.61,-5.2,-0.68,0.0,2026-07-08,2026-07-08,45.61,-0.2189,-0.1674,0.4008,0.133,0.7914,0.3319,0.2366,-0.5357,0.2322,多周期共振看空 ⬇⬇⬇,-0.4224,-0.544,-0.2712
002560,通达股份,43.13,True,6.81,7.84,1,0.29,-14.83,-8.16,-13.15,0.0,2026-07-08,2026-07-08,22.22,0.4307,-0.4585,0.4092,0.275,0.2716,0.318,0.2366,-0.1276,0.4362,月线看多，中短期调整中,-0.6521,-0.2287,0.18
001207,联科科技,47.64,True,16.28,16.24,1,0.25,-14.49,-8.7,0.25,0.0,2026-07-07,2026-07-08,41.71,-0.0127,1.9315,0.5774,0.4,0.7046,0.0377,0.2365,-0.6232,0.1884,多周期共振看空 ⬇⬇⬇,-0.5015,-0.6023,-0.3375
601012,隆基绿能,889.66,True,11.74,12.9,2,0.79,-14.93,-4.8,-9.02,0.0,2026-07-08,2026-07-08,31.48,0.6415,-0.0157,0.4686,0.5786,0.4773,0.219,0.2365,-0.7821,0.1089,多周期共振看空 ⬇⬇⬇,-0.4741,-0.75,-0.5625
002235,安妮股份,48.16,True,8.7,8.68,4,4.78,-17.77,-8.86,0.22,0.0,2026-07-02,2026-07-08,50.13,0.3036,-0.6766,0.6732,0.1821,0.8918,0.0,0.2365,-0.4694,0.2653,多周期共振看空 ⬇⬇⬇,-0.381,-0.3675,-0.3375
002705,新宝股份,91.5,True,11.33,11.4,2,1.67,-8.62,-4.19,-0.62,0.0,2026-07-08,2026-07-08,43.05,0.0226,-0.2221,0.2629,0.1247,0.7344,0.5619,0.2364,-0.6392,0.1804,多周期共振看空 ⬇⬇⬇,-0.4973,-0.416,-0.5625
600038,中直股份,167.23,True,25.0,26.32,3,2.75,-7.66,-3.15,-5.02,0.0,2026-07-08,2026-07-08,29.21,0.7166,-0.3612,0.3243,0.4855,0.4268,0.4594,0.2364,-0.7653,0.1174,多周期共振看空 ⬇⬇⬇,-0.431,-0.75,-0.5625
600933,爱柯迪,137.34,True,14.0,14.75,4,4.17,-11.66,-3.33,-5.07,0.0,2026-07-08,2026-07-08,35.31,0.6366,-0.4375,0.4298,0.407,0.5624,0.2837,0.2364,-0.6618,0.1691,多周期共振看空 ⬇⬇⬇,-0.2875,-0.6456,-0.5625
001367,海森药业,22.87,True,18.8,19.63,4,3.07,-12.91,-3.51,-4.25,0.0,2026-07-08,2026-07-08,41.21,0.3469,-0.1831,0.4734,0.3349,0.6935,0.211,0.2364,-0.6456,0.1772,多周期共振看空 ⬇⬇⬇,-0.3739,-0.536,-0.5625
603008,ST喜临门,29.94,True,8.13,8.59,8,5.52,-10.3,-2.62,-5.31,0.0,2026-07-08,2026-07-08,28.46,0.812,-0.4868,0.3626,0.4925,0.4103,0.3956,0.2364,-0.7054,0.1473,多周期共振看空 ⬇⬇⬇,-0.2882,-0.7408,-0.5625
600303,曙光股份,16.73,True,2.47,2.7,2,1.71,-17.8,-11.04,-8.54,0.0,2026-07-08,2026-07-08,28.57,0.9235,-0.7746,0.4409,0.5541,0.4127,0.2651,0.2363,-0.7037,0.1482,多周期共振看空 ⬇⬇⬇,-0.5984,-0.4711,-0.5625
002282,博深股份,0.0,True,5.66,5.9,0,-0.05,-6.77,-3.76,-3.99,0.0,2026-07-08,2026-07-08,40.31,0.3702,-0.3749,0.2628,0.2721,0.6736,0.562,0.236,-0.8056,0.0972,多周期共振看空 ⬇⬇⬇,-0.556,-0.7315,-0.5625
600594,益佰制药,25.02,True,3.16,3.16,2,3.36,-10.66,-5.85,-0.14,0.0,2026-07-08,2026-07-08,50.43,-0.124,-0.0225,0.4387,0.191,0.8984,0.2689,0.236,-0.7111,0.1445,多周期共振看空 ⬇⬇⬇,-0.5498,-0.529,-0.5625
603868,飞科电器,131.55,True,30.2,32.05,0,-2.19,-12.27,-6.55,-5.76,0.0,2026-07-08,2026-07-08,36.78,0.6355,-0.6851,0.4005,0.3813,0.5951,0.3325,0.236,-0.7021,0.149,多周期共振看空 ⬇⬇⬇,-0.642,-0.4304,-0.5625
002043,兔 宝 宝,90.36,True,11.19,11.67,1,0.35,-9.92,-4.96,-4.09,0.0,2026-07-08,2026-07-08,31.32,0.0308,0.7173,0.4305,0.4185,0.4737,0.2824,0.2359,-0.577,0.2115,多周期共振看空 ⬇⬇⬇,-0.5346,-0.4724,-0.3375
002066,瑞泰科技,47.26,True,20.46,21.66,0,-2.07,-9.3,-6.57,-5.54,0.0,2026-07-08,2026-07-08,32.2,0.0988,-0.4737,0.4232,0.0698,0.4934,0.2947,0.2355,-0.0558,0.4721,月线看多，中短期调整中,-0.5137,-0.1629,0.3375
002598,ST章鼓,19.43,True,6.78,6.79,1,1.84,-10.85,-4.77,-0.14,0.0,2026-07-08,2026-07-08,43.15,0.2016,0.1036,0.4519,0.3624,0.7366,0.2469,0.2355,-0.7774,0.1113,多周期共振看空 ⬇⬇⬇,-0.4621,-0.75,-0.5625
603063,禾望电气,189.61,True,41.02,48.93,2,4.83,-16.18,-7.7,-16.16,0.0,2026-07-08,2026-07-08,30.51,0.2362,-0.3463,0.786,0.2032,0.4558,0.0,0.2354,0.0115,0.5058,多周期方向不一致，观望,-0.4811,0.0129,0.45
600135,乐凯胶片,41.11,True,7.43,8.34,0,-2.68,-16.47,-8.36,-10.96,0.0,2026-07-08,2026-07-08,20.09,0.8298,-0.3052,0.361,0.5758,0.2241,0.3983,0.2353,-0.6266,0.1867,多周期共振看空 ⬇⬇⬇,-0.7761,-0.3744,-0.3375
600252,中恒集团,61.14,True,1.92,1.94,0,-1.07,-15.09,-7.04,-1.16,0.0,2026-07-08,2026-07-08,46.48,-0.4535,0.3674,0.4758,0.3469,0.8106,0.207,0.2351,-0.8123,0.0938,多周期共振看空 ⬇⬇⬇,-0.5515,-0.75,-0.5625
605123,派克新材,108.45,True,89.5,97.34,4,4.32,-12.4,-4.35,-8.05,0.0,2026-07-08,2026-07-08,34.31,0.6786,-0.4467,0.5762,0.4285,0.5402,0.0397,0.2351,-0.4851,0.2575,多周期共振看空 ⬇⬇⬇,-0.4863,-0.3119,-0.3375
600363,联创光电,144.83,True,32.12,33.69,5,9.01,-13.89,-4.77,-4.66,0.0,2026-07-08,2026-07-08,43.61,0.5757,-0.2055,0.7401,0.4632,0.7468,0.0,0.235,-0.7569,0.1215,多周期共振看空 ⬇⬇⬇,-0.4096,-0.75,-0.5625
001380,华纬科技,36.86,True,15.84,16.29,3,5.3,-11.19,-4.56,-2.75,0.0,2026-07-08,2026-07-08,45.39,0.5385,-0.4929,0.4568,0.3259,0.7864,0.2387,0.2348,-0.7781,0.1109,多周期共振看空 ⬇⬇⬇,-0.4638,-0.75,-0.5625
603160,汇顶科技,264.54,True,56.77,58.69,11,7.15,-16.08,-1.57,-3.26,0.0541,2026-07-08,2026-07-08,38.74,0.3525,-0.1219,0.5469,0.3627,0.6387,0.0885,0.2348,-0.6689,0.1655,多周期共振看空 ⬇⬇⬇,-0.1839,-0.75,-0.5625
000889,中嘉博创,26.36,True,3.03,3.52,3,10.81,-16.55,-7.92,-13.94,0.0,2026-07-08,2026-07-08,34.65,0.7544,-0.4681,0.7017,0.4654,0.5479,0.0,0.2339,-0.5308,0.2346,多周期共振看空 ⬇⬇⬇,-0.5402,-0.276,-0.4275
605488,福莱新材,83.26,True,30.17,31.85,5,6.92,-19.8,-6.11,-5.29,0.0,2026-07-08,2026-07-08,41.97,0.204,0.1206,0.882,0.3707,0.7105,0.0,0.2339,-0.5742,0.2129,多周期共振看空 ⬇⬇⬇,-0.398,-0.4258,-0.495
600959,江苏有线,146.02,True,2.92,3.04,0,-3.71,-11.64,-8.15,-3.84,0.0,2026-07-08,2026-07-08,32.73,0.3618,-0.2255,0.2485,0.3269,0.5051,0.5859,0.2337,-0.7279,0.1361,多周期共振看空 ⬇⬇⬇,-0.556,-0.6283,-0.495
603232,格尔软件,33.35,True,14.42,15.57,0,-7.35,-18.64,-12.97,-7.39,0.0,2026-07-08,2026-07-08,36.16,0.754,-0.7036,0.515,0.4524,0.5814,0.1416,0.2337,-0.6654,0.1673,多周期共振看空 ⬇⬇⬇,-0.5727,-0.4766,-0.495
603617,君禾股份,25.29,True,6.54,7.17,7,5.28,-12.19,-2.16,-8.75,0.0,2026-07-08,2026-07-08,30.8,0.2217,0.7429,0.4735,0.533,0.4622,0.2109,0.2333,-0.7099,0.1451,多周期共振看空 ⬇⬇⬇,-0.5064,-0.5637,-0.5625
002880,卫光生物,47.4,True,20.9,21.48,1,3.52,-12.28,-6.99,-2.71,0.0,2026-07-08,2026-07-08,42.97,-0.5553,0.5448,0.4837,0.4,0.7327,0.1938,0.2333,-0.8079,0.0961,多周期共振看空 ⬇⬇⬇,-0.6265,-0.6762,-0.5625
601698,中国卫通,1200.15,True,28.41,30.38,5,5.47,-9.33,-2.64,-6.49,0.0,2026-07-08,2026-07-08,38.37,0.5618,-0.6467,0.5615,0.3371,0.6304,0.0642,0.2332,-0.4814,0.2593,多周期共振看空 ⬇⬇⬇,-0.2518,-0.5048,-0.3375
600613,神奇制药,22.19,True,4.63,4.72,2,1.75,-7.8,-4.11,-1.81,0.0,2026-07-08,2026-07-08,46.31,-0.294,0.1251,0.3873,0.2501,0.8069,0.3546,0.2331,-0.7868,0.1066,多周期共振看空 ⬇⬇⬇,-0.4968,-0.7408,-0.5625
002165,红 宝 丽,40.89,True,5.62,6.88,7,6.47,-18.27,-4.89,-18.27,0.0,2026-07-08,2026-07-08,27.48,0.8375,-0.1597,0.8472,0.6386,0.3885,0.0,0.2327,-0.6263,0.1869,多周期共振看空 ⬇⬇⬇,-0.4595,-0.4877,-0.495
600161,天坛生物,234.52,True,11.86,12.15,1,1.01,-9.47,-4.31,-2.37,0.0,2026-07-08,2026-07-08,42.9,0.1549,0.0313,0.3794,0.3055,0.7311,0.3677,0.2326,-0.7998,0.1001,多周期共振看空 ⬇⬇⬇,-0.5195,-0.75,-0.5625
605199,ST葫芦娃,22.85,True,5.71,5.87,2,1.35,-14.96,-6.97,-2.73,0.0,2026-07-08,2026-07-08,40.79,-0.1354,0.7945,0.4945,0.4,0.6842,0.1758,0.2326,-0.7411,0.1295,多周期共振看空 ⬇⬇⬇,-0.5245,-0.6167,-0.5625
603395,红四方,13.2,True,20.31,21.44,0,-3.22,-10.7,-6.32,-5.25,0.0,2026-07-08,2026-07-08,29.38,0.5224,-0.0051,0.3475,0.5114,0.4306,0.4208,0.2324,-0.8123,0.0938,多周期共振看空 ⬇⬇⬇,-0.5515,-0.75,-0.5625
000710,贝瑞基因,24.78,True,7.52,7.84,2,1.76,-13.03,-6.31,-4.12,0.0,2026-07-08,2026-07-08,44.03,-0.05,0.1959,0.4377,0.2784,0.7562,0.2705,0.2324,-0.7097,0.1452,多周期共振看空 ⬇⬇⬇,-0.5392,-0.5351,-0.5625
002809,红墙股份,12.48,True,7.34,7.99,0,-2.99,-12.03,-7.27,-8.09,0.0,2026-07-08,2026-07-08,33.04,0.7465,-0.336,0.4591,0.5135,0.5119,0.2349,0.2323,-0.7654,0.1173,多周期共振看空 ⬇⬇⬇,-0.6955,-0.5236,-0.5625
000039,中集集团,181.81,True,7.9,8.6,0,-6.43,-14.11,-10.23,-8.19,0.0,2026-07-08,2026-07-08,28.36,0.5455,-0.1137,0.4299,0.4818,0.4081,0.2834,0.232,-0.6317,0.1841,多周期共振看空 ⬇⬇⬇,-0.625,-0.5152,-0.3375
603332,苏州龙杰,21.98,True,10.16,10.76,0,-0.37,-11.75,-6.13,-5.55,0.0,2026-07-08,2026-07-08,38.36,0.4148,-0.4144,0.3184,0.2831,0.6301,0.4693,0.2319,-0.7295,0.1352,多周期共振看空 ⬇⬇⬇,-0.631,-0.5,-0.5625
600114,东睦股份,201.74,True,32.73,39.44,13,13.73,-17.01,0.65,-17.01,0.0,2026-07-08,2026-07-08,18.59,0.3591,-0.5016,0.6226,0.2155,0.1909,0.0,0.2319,0.2816,0.6408,上升趋势中的日线回调（关注买点）,-0.231,0.6946,0.45
603899,晨光股份,196.44,True,21.45,21.52,3,2.29,-6.62,-2.19,-0.31,0.059,2026-07-08,2026-07-08,46.2,-0.1025,-0.4367,0.2775,0.0253,0.8045,0.5375,0.2317,-0.7239,0.1381,多周期共振看空 ⬇⬇⬇,-0.325,-0.75,-0.5625
000737,北方铜业,241.88,True,12.7,13.78,8,10.62,-10.03,-2.24,-7.81,0.0,2026-07-08,2026-07-08,32.26,0.8246,-0.5546,0.6767,0.4948,0.4946,0.0,0.2315,-0.5328,0.2336,多周期共振看空 ⬇⬇⬇,-0.2944,-0.4237,-0.495
603201,常润股份,26.29,True,13.96,16.52,12,19.27,-22.2,-2.05,-15.49,0.0,2026-07-08,2026-07-08,39.61,0.1095,0.3108,0.9981,0.39,0.658,0.0,0.2314,-0.5623,0.2188,多周期共振看空 ⬇⬇⬇,-0.3111,-0.4066,-0.5625
603628,清源股份,24.96,True,9.17,9.75,0,-2.74,-11.65,-6.28,-6.0,0.0,2026-07-08,2026-07-08,27.78,0.6943,-0.4402,0.223,0.4405,0.3951,0.6283,0.2313,-0.8307,0.0847,多周期共振看空 ⬇⬇⬇,-0.631,-0.7223,-0.5625
600037,歌华有线,87.26,True,6.27,6.47,0,-1.57,-11.35,-5.62,-3.03,0.0,2026-07-08,2026-07-08,32.77,0.2328,-0.0541,0.2423,0.3181,0.5061,0.5961,0.2311,-0.7441,0.128,多周期共振看空 ⬇⬇⬇,-0.5738,-0.581,-0.5625
002122,ST汇洲,48.5,True,2.44,2.47,3,2.8,-14.89,-5.77,-1.07,0.0,2026-07-08,2026-07-08,42.53,-0.5113,0.3363,0.4549,0.3345,0.7229,0.2418,0.2309,-0.7487,0.1256,多周期共振看空 ⬇⬇⬇,-0.4315,-0.7131,-0.5625
600894,广日股份,62.56,True,7.42,7.86,2,0.84,-5.61,-2.57,-5.56,0.0,2026-07-08,2026-07-08,39.8,-0.3317,0.3204,0.3638,0.3282,0.6622,0.3937,0.2309,-0.7875,0.1063,多周期共振看空 ⬇⬇⬇,-0.6622,-0.6006,-0.5625
603529,爱玛科技,169.77,True,20.03,20.05,2,0.53,-7.99,-2.76,-0.1,0.0383,2026-07-08,2026-07-08,44.25,0.2028,-0.5389,0.3151,0.1217,0.7611,0.4748,0.2308,-0.7331,0.1335,多周期共振看空 ⬇⬇⬇,-0.3592,-0.7408,-0.5625
002817,黄山胶囊,17.34,True,5.98,6.19,1,0.0,-9.78,-6.53,-3.38,0.0,2026-07-08,2026-07-08,43.68,-0.5347,0.1255,0.3465,0.2502,0.7484,0.4226,0.2308,-0.7903,0.1048,多周期共振看空 ⬇⬇⬇,-0.6265,-0.6375,-0.5625
605398,新炬网络,33.49,True,20.58,21.2,1,0.66,-14.56,-7.56,-2.91,0.0,2026-07-08,2026-07-08,34.47,0.8497,-0.7069,0.5121,0.5098,0.5438,0.1466,0.2306,-0.7408,0.1296,多周期共振看空 ⬇⬇⬇,-0.3897,-0.7315,-0.5625
603039,泛微网络,107.95,True,35.09,38.74,7,20.18,-19.96,-2.81,-9.42,0.0,2026-07-08,2026-07-08,32.31,0.7528,-0.5915,0.6923,0.4517,0.4957,0.0,0.2303,-0.4754,0.2623,多周期共振看空 ⬇⬇⬇,-0.2161,-0.297,-0.5625
003029,吉大正元,28.37,True,16.11,16.89,0,-3.35,-10.75,-7.16,-4.63,0.0,2026-07-08,2026-07-08,35.76,-0.5368,0.6876,0.3371,0.4,0.5725,0.4382,0.2301,-0.8368,0.0816,多周期共振看空 ⬇⬇⬇,-0.625,-0.7408,-0.5625
000059,华锦股份,64.78,True,4.05,4.09,2,3.82,-11.34,-6.1,-0.89,0.0,2026-07-08,2026-07-08,47.26,0.1067,0.0418,0.4917,0.2807,0.828,0.1806,0.23,-0.7474,0.1263,多周期共振看空 ⬇⬇⬇,-0.5573,-0.67,-0.495
603205,健尔康,8.71,True,21.07,21.51,0,-0.18,-10.61,-6.11,-2.05,0.0,2026-07-08,2026-07-08,44.86,0.2758,-0.2844,0.3687,0.2517,0.7747,0.3855,0.2299,-0.8014,0.0993,多周期共振看空 ⬇⬇⬇,-0.556,-0.7223,-0.5625
002198,ST嘉应,17.41,True,3.43,3.34,3,2.99,-16.71,-7.79,2.79,0.0,2026-07-07,2026-07-08,49.71,-0.0809,0.3646,0.6255,0.3458,0.8825,0.0,0.2298,-0.7738,0.1131,多周期共振看空 ⬇⬇⬇,-0.5282,-0.6854,-0.5625
002888,惠威科技,13.86,True,18.5,20.72,12,15.8,-10.72,1.49,-10.72,0.0,2026-07-08,2026-07-08,40.67,0.1147,-0.667,0.6272,0.0688,0.6815,0.0,0.2297,-0.0903,0.4548,多周期方向不一致，观望,-0.1113,0.0808,-0.3825
600089,XD特变电,1013.08,True,20.05,22.39,1,1.18,-12.42,-6.77,-10.45,0.0,2026-07-08,2026-07-08,28.71,0.7482,-0.2602,0.45,0.5448,0.4158,0.25,0.2293,-0.7365,0.1317,多周期共振看空 ⬇⬇⬇,-0.7275,-0.6577,-0.3375
002685,华东重机,57.13,True,5.67,6.49,0,-4.13,-17.98,-10.01,-12.65,0.0,2026-07-08,2026-07-08,32.99,0.4243,0.0244,0.532,0.4643,0.5108,0.1133,0.2293,-0.6123,0.1939,多周期共振看空 ⬇⬇⬇,-0.6695,-0.2768,-0.495
603969,银龙股份,65.33,True,7.69,7.58,6,6.65,-11.95,-4.55,1.47,0.0186,2026-06-30,2026-07-08,56.02,-0.1398,-0.2125,0.5141,0.115,0.9774,0.1431,0.2293,-0.6815,0.1593,多周期共振看空 ⬇⬇⬇,-0.2828,-0.6929,-0.5625
600570,恒生电子,392.36,True,20.72,21.79,2,0.99,-13.89,-5.89,-4.9,0.0,2026-07-08,2026-07-08,38.44,0.4105,0.0912,0.4954,0.4828,0.632,0.1744,0.2293,-0.836,0.082,多周期共振看空 ⬇⬇⬇,-0.6553,-0.7131,-0.5625
603626,科森科技,91.28,True,16.45,20.02,0,-0.76,-17.84,-10.39,-17.84,0.0,2026-07-08,2026-07-08,26.99,0.4258,-0.1272,0.6575,0.4046,0.3777,0.0,0.2293,-0.2663,0.3669,月线震荡，中短期走弱,-0.6098,-0.4125,0.0401
002927,泰永长征,36.68,True,16.62,19.9,6,6.58,-16.48,-6.27,-16.48,0.0,2026-07-08,2026-07-08,21.68,0.7566,-0.5829,0.7316,0.454,0.2595,0.0,0.2291,-0.2046,0.3977,月线震荡，中短期走弱,-0.4061,-0.2273,-0.1125
002664,信质集团,70.21,True,17.44,18.35,4,7.98,-14.64,-4.28,-4.96,0.0,2026-07-08,2026-07-08,38.75,0.594,-0.2861,0.7055,0.442,0.6388,0.0,0.2289,-0.6423,0.1789,多周期共振看空 ⬇⬇⬇,-0.3042,-0.5885,-0.5625
002164,宁波东力,53.88,True,11.23,12.52,4,7.51,-11.68,-3.95,-10.3,0.0,2026-07-08,2026-07-08,34.06,0.8059,-0.6703,0.5366,0.4835,0.5347,0.1057,0.2287,-0.6707,0.1647,多周期共振看空 ⬇⬇⬇,-0.4746,-0.5048,-0.5625
600289,ST信通,31.41,True,5.55,5.53,5,8.79,-12.65,-4.62,0.4,0.0,2026-07-07,2026-07-08,51.65,-0.1579,-0.1082,0.5006,0.1567,0.9256,0.1657,0.2286,-0.6655,0.1673,多周期共振看空 ⬇⬇⬇,-0.2828,-0.6577,-0.5625
002230,科大讯飞,896.3,True,40.94,41.27,0,-0.8,-13.56,-6.59,-0.8,0.0,2026-07-08,2026-07-08,47.44,0.0382,-0.0816,0.4356,0.1903,0.832,0.274,0.2286,-0.693,0.1535,多周期共振看空 ⬇⬇⬇,-0.3945,-0.6224,-0.5625
600080,ST金花,17.84,True,4.78,4.72,5,4.45,-13.15,-7.09,1.17,0.0,2026-07-01,2026-07-08,50.55,0.3397,-0.4296,0.4813,0.232,0.9011,0.1978,0.2285,-0.7827,0.1087,多周期共振看空 ⬇⬇⬇,-0.551,-0.6854,-0.5625
000859,国风新材,75.8,True,8.46,10.6,13,10.04,-20.2,-1.13,-20.2,0.0,2026-07-08,2026-07-08,27.47,0.7402,-0.5926,0.8545,0.4441,0.3881,0.0,0.2285,-0.3483,0.3258,多周期共振看空 ⬇⬇⬇,-0.2826,-0.2235,-0.2997
600645,中源协和,83.73,True,17.9,18.11,3,6.9,-10.97,-5.21,-1.15,0.0,2026-07-08,2026-07-08,48.04,0.2725,-0.2478,0.5036,0.2644,0.8454,0.1607,0.2284,-0.7391,0.1305,多周期共振看空 ⬇⬇⬇,-0.4822,-0.6485,-0.5625
600589,大位科技,133.21,True,9.01,9.8,2,4.51,-17.22,-6.94,-8.02,0.0,2026-07-08,2026-07-08,37.47,0.677,-0.5283,0.696,0.4062,0.6105,0.0,0.2284,-0.5556,0.2222,多周期共振看空 ⬇⬇⬇,-0.5161,-0.4413,-0.3375
603881,数据港,208.7,True,24.21,25.67,0,-3.65,-15.97,-9.36,-5.68,0.0,2026-07-08,2026-07-08,42.18,-0.4004,0.5633,0.7571,0.4,0.715,0.0,0.2284,-0.6706,0.1647,多周期共振看空 ⬇⬇⬇,-0.7785,-0.469,-0.3375
605222,起帆电缆,83.57,True,20.24,23.74,1,2.77,-22.97,-12.62,-14.76,0.0,2026-07-08,2026-07-08,26.6,-0.2521,0.3448,0.5944,0.3379,0.3689,0.0093,0.2283,-0.1642,0.4179,月线看多，中短期调整中,-0.8665,-0.2194,0.18
600004,白云机场,177.5,True,7.5,7.71,2,1.71,-8.01,-3.64,-2.69,0.0,2026-07-08,2026-07-08,31.46,-0.1451,0.6554,0.3125,0.4,0.4769,0.4791,0.2283,-0.7689,0.1155,多周期共振看空 ⬇⬇⬇,-0.4404,-0.75,-0.5625
002853,皮阿诺,26.76,True,20.79,21.44,0,-3.03,-14.28,-8.77,-3.03,0.0,2026-07-08,2026-07-08,28.32,-0.138,0.5801,0.3724,0.4,0.407,0.3793,0.2282,-0.6065,0.1967,多周期共振看空 ⬇⬇⬇,-0.529,-0.542,-0.3375
600495,晋西车轴,42.05,True,3.48,3.63,0,-1.67,-9.76,-6.19,-4.04,0.0,2026-07-08,2026-07-08,33.33,0.4174,-0.277,0.2965,0.3397,0.5185,0.5058,0.2282,-0.7448,0.1276,多周期共振看空 ⬇⬇⬇,-0.5277,-0.6222,-0.5625
603062,麦加芯彩,14.83,True,40.0,41.06,4,1.38,-14.66,-5.1,-2.59,0.0,2026-07-08,2026-07-08,42.71,0.1019,-0.2154,0.3487,0.175,0.7269,0.4189,0.2282,-0.6616,0.1692,多周期共振看空 ⬇⬇⬇,-0.4715,-0.4875,-0.5625
600243,*ST海华,15.27,True,3.48,3.67,5,6.52,-14.57,-3.58,-5.27,0.0,2026-07-08,2026-07-08,37.84,0.4459,-0.6129,0.4697,0.2675,0.6186,0.2171,0.2282,-0.5184,0.2408,多周期共振看空 ⬇⬇⬇,-0.3787,-0.3198,-0.495
002766,索菱股份,29.91,True,3.49,3.77,0,-3.65,-16.2,-12.0,-7.4,0.0,2026-07-08,2026-07-08,29.7,0.7325,-0.629,0.351,0.4395,0.4378,0.415,0.2281,-0.7362,0.1319,多周期共振看空 ⬇⬇⬇,-0.622,-0.5223,-0.5625
601956,东贝集团,29.53,True,4.75,4.77,4,3.84,-8.53,-4.29,-0.35,0.0,2026-07-08,2026-07-08,51.54,0.1012,-0.4388,0.3347,0.0852,0.9231,0.4421,0.2281,-0.7731,0.1134,多周期共振看空 ⬇⬇⬇,-0.451,-0.75,-0.5625
002721,金一文化,58.77,True,2.21,2.31,0,-1.04,-12.95,-7.86,-4.27,0.0,2026-07-08,2026-07-08,34.69,-0.0727,0.5144,0.3374,0.4,0.5488,0.4377,0.228,-0.8247,0.0877,多周期共振看空 ⬇⬇⬇,-0.6265,-0.7131,-0.5625
002420,毅昌科技,21.65,True,5.35,5.59,2,4.36,-11.65,-4.67,-4.29,0.0,2026-07-08,2026-07-08,46.55,0.5183,-0.3674,0.5623,0.364,0.8123,0.0628,0.2279,-0.7843,0.1079,多周期共振看空 ⬇⬇⬇,-0.5445,-0.6946,-0.5625
600846,同济科技,67.47,True,10.8,10.17,6,12.41,-13.8,-5.44,6.18,0.114,2026-06-30,2026-07-08,60.81,-0.4721,-0.179,0.6782,0.1284,0.8708,0.0,0.2278,-0.702,0.149,多周期共振看空 ⬇⬇⬇,-0.3011,-0.7223,-0.5625
600560,金自天正,23.82,True,10.65,11.56,0,-2.43,-11.27,-7.19,-7.87,0.0,2026-07-08,2026-07-08,27.42,0.7827,-0.3312,0.3356,0.5372,0.3871,0.4407,0.2276,-0.8558,0.0721,多周期共振看空 ⬇⬇⬇,-0.6955,-0.7223,-0.5625
002943,宇晶股份,75.09,True,39.76,48.63,0,-4.56,-18.24,-11.61,-18.24,0.0,2026-07-08,2026-07-08,30.65,-0.0722,0.1922,0.8346,0.2769,0.4589,0.0,0.2271,-0.177,0.4115,多周期方向不一致，观望,-0.6259,-0.129,-0.1125
002757,南兴股份,51.93,True,18.41,19.54,0,-5.8,-21.65,-12.11,-5.8,0.0,2026-07-08,2026-07-08,33.94,0.1194,0.4689,0.7921,0.4592,0.5319,0.0,0.2271,-0.5562,0.2219,多周期共振看空 ⬇⬇⬇,-0.7335,-0.2563,-0.3375
601222,林洋能源,109.82,True,5.38,5.68,0,-2.02,-10.2,-6.49,-5.27,0.0,2026-07-08,2026-07-08,18.18,0.7592,-0.7155,0.2353,0.4555,0.1818,0.6078,0.2269,-0.6179,0.191,多周期共振看空 ⬇⬇⬇,-0.642,-0.4702,-0.3375
002445,中南文化,64.84,True,2.74,3.01,0,-5.71,-13.02,-9.06,-9.05,0.0,2026-07-08,2026-07-08,19.18,0.5188,-0.5626,0.3276,0.3113,0.204,0.454,0.2269,-0.2909,0.3546,月线震荡，中短期走弱,-0.875,-0.3037,0.0759
000595,宝塔实业,63.54,True,5.58,6.08,2,3.51,-19.33,-10.81,-8.25,0.0,2026-07-08,2026-07-08,36.39,0.0571,-0.0829,0.788,0.2011,0.5864,0.0,0.2267,-0.2116,0.3942,月线震荡，中短期走弱,-0.523,-0.1629,-0.1
600148,长春一东,20.7,True,14.63,15.46,0,-1.19,-9.86,-6.17,-5.34,0.0,2026-07-08,2026-07-08,33.94,0.5328,-0.3593,0.3274,0.3759,0.532,0.4543,0.2267,-0.7898,0.1051,多周期共振看空 ⬇⬇⬇,-0.6265,-0.6363,-0.5625
000727,冠捷科技,105.99,True,2.34,2.64,4,3.12,-12.22,-5.24,-11.51,0.0,2026-07-08,2026-07-08,20.95,0.716,-0.7512,0.686,0.4296,0.2434,0.0,0.2267,-0.1657,0.4172,多周期方向不一致，观望,-0.4962,-0.1454,-0.1575
000768,中航西飞,553.89,True,19.95,20.6,3,5.07,-10.0,-2.84,-3.17,0.0,2026-07-08,2026-07-08,38.54,0.5086,-0.2675,0.5236,0.3982,0.6341,0.1274,0.2266,-0.6871,0.1564,多周期共振看空 ⬇⬇⬇,-0.2735,-0.7131,-0.5625
002425,凯撒文化,24.29,True,2.64,2.74,0,-0.57,-10.07,-6.4,-3.67,0.0,2026-07-08,2026-07-08,43.94,-0.034,-0.0916,0.3222,0.1634,0.7542,0.463,0.2266,-0.7237,0.1381,多周期共振看空 ⬇⬇⬇,-0.4791,-0.6175,-0.5625
601633,长城汽车,951.69,True,15.3,16.23,5,2.94,-10.23,-4.13,-5.75,0.0,2026-07-08,2026-07-08,35.98,0.6145,-0.4676,0.4152,0.3816,0.5773,0.3079,0.2265,-0.7375,0.1312,多周期共振看空 ⬇⬇⬇,-0.3814,-0.7315,-0.5625
605058,澳弘电子,41.23,True,28.85,36.01,6,7.03,-19.88,-4.79,-19.88,0.0,2026-07-08,2026-07-08,15.91,0.7986,-0.5938,0.691,0.4791,0.1314,0.0,0.2264,-0.1133,0.4434,多周期方向不一致，观望,-0.6065,-0.0671,0.089
600071,凤凰光学,43.93,True,15.6,16.92,2,3.55,-9.32,-3.66,-7.81,0.0,2026-07-08,2026-07-08,33.82,0.7361,-0.6045,0.3998,0.4417,0.5294,0.3336,0.2264,-0.7975,0.1013,多周期共振看空 ⬇⬇⬇,-0.5802,-0.6929,-0.5625
603277,银都股份,63.05,True,10.34,10.43,3,3.15,-11.27,-5.31,-0.89,0.0,2026-07-08,2026-07-08,51.9,-0.2294,-0.2351,0.3508,0.1059,0.9311,0.4154,0.2263,-0.8088,0.0956,多周期共振看空 ⬇⬇⬇,-0.5427,-0.75,-0.5625
002082,ST万邦,73.08,True,12.87,12.07,2,6.61,-20.25,-10.43,6.61,0.0,2026-07-06,2026-07-08,42.68,-0.1155,-0.1557,0.6647,0.1377,0.7261,0.0,0.2263,-0.2811,0.3594,月线震荡，中短期走弱,-0.538,-0.4598,-0.0238
600595,中孚实业,227.65,True,5.68,6.07,0,-1.8,-15.8,-8.54,-6.45,0.0,2026-07-08,2026-07-08,39.71,0.3769,-0.1618,0.6036,0.3614,0.6601,0.0,0.2261,-0.5613,0.2193,多周期共振看空 ⬇⬇⬇,-0.5068,-0.4618,-0.3375
603210,泰鸿万立,30.99,True,13.32,13.88,3,1.08,-8.22,-2.4,-4.02,0.0,2026-07-08,2026-07-08,44.75,0.4538,-0.8698,0.4729,0.2723,0.7722,0.2118,0.2259,-0.7242,0.1379,多周期共振看空 ⬇⬇⬇,-0.3256,-0.75,-0.5625
603112,华翔股份,85.0,True,15.9,17.45,0,-3.99,-13.78,-10.07,-8.9,0.0,2026-07-08,2026-07-08,26.71,0.647,-0.7153,0.4207,0.3882,0.3714,0.2989,0.2258,-0.4992,0.2504,多周期共振看空 ⬇⬇⬇,-0.821,-0.1906,-0.2028
002265,建设工业,173.96,True,16.84,18.51,0,-1.11,-11.51,-6.73,-9.02,0.0,2026-07-08,2026-07-08,27.87,0.4079,-0.0223,0.3897,0.4358,0.397,0.3505,0.2258,-0.6476,0.1762,多周期共振看空 ⬇⬇⬇,-0.4237,-0.4977,-0.5625
603599,广信股份,89.02,True,9.78,10.32,1,0.9,-10.08,-5.06,-5.25,0.0,2026-07-08,2026-07-08,34.57,0.4634,-0.2755,0.4437,0.3678,0.546,0.2605,0.2257,-0.6464,0.1768,多周期共振看空 ⬇⬇⬇,-0.5306,-0.6283,-0.3375
002455,百川股份,44.08,True,6.67,7.74,0,-0.46,-14.31,-7.18,-13.77,0.0,2026-07-08,2026-07-08,32.92,0.45,0.3606,0.6247,0.6142,0.5093,0.0,0.2254,-0.7904,0.1048,多周期共振看空 ⬇⬇⬇,-0.898,-0.63,-0.3375
603266,天龙股份,32.52,True,16.35,17.16,3,3.92,-11.07,-5.16,-4.75,0.0,2026-07-08,2026-07-08,45.09,0.4141,-0.4015,0.5378,0.2879,0.7798,0.1037,0.2253,-0.6771,0.1614,多周期共振看空 ⬇⬇⬇,-0.4034,-0.5798,-0.5625
002849,威星智能,33.66,True,15.38,16.58,8,8.09,-8.09,-1.49,-7.22,0.0,2026-07-08,2026-07-08,29.51,0.7743,-0.4876,0.6222,0.4695,0.4336,0.0,0.2252,-0.4699,0.2651,多周期共振看空 ⬇⬇⬇,-0.3064,-0.4326,-0.3375
000733,振华科技,262.2,True,47.32,54.85,16,13.03,-13.73,2.87,-13.73,0.0,2026-07-08,2026-07-08,35.89,0.0765,-0.5957,0.8988,0.0459,0.5753,0.0,0.2251,0.0367,0.5183,多周期方向不一致，观望,0.0858,0.3129,-0.225
002900,哈三联,15.42,True,9.57,9.79,3,2.0,-8.09,-3.2,-2.29,0.0,2026-07-08,2026-07-08,43.33,0.1739,-0.1051,0.4471,0.2623,0.7407,0.2548,0.2251,-0.7114,0.1443,多周期共振看空 ⬇⬇⬇,-0.2928,-0.75,-0.5625
001222,源飞宠物,15.15,True,13.41,13.98,0,-1.53,-11.65,-7.02,-4.11,0.0,2026-07-08,2026-07-08,37.05,-0.2723,0.3377,0.3102,0.3351,0.6011,0.483,0.2251,-0.8433,0.0783,多周期共振看空 ⬇⬇⬇,-0.631,-0.75,-0.5625
002401,中远海科,42.74,True,11.51,12.25,1,0.25,-8.84,-4.86,-6.04,0.0,2026-07-08,2026-07-08,18.68,0.7357,0.0062,0.2752,0.6439,0.1928,0.5414,0.2251,-0.8938,0.0531,多周期共振看空 ⬇⬇⬇,-0.7605,-0.75,-0.5625
600983,惠而浦,55.41,True,7.23,7.47,3,3.0,-11.02,-4.59,-3.17,0.0,2026-07-08,2026-07-08,31.1,0.5356,-0.0321,0.4726,0.5085,0.4688,0.2124,0.2251,-0.7455,0.1272,多周期共振看空 ⬇⬇⬇,-0.4343,-0.7038,-0.5625
601216,君正集团,367.9,True,4.36,4.48,2,0.59,-10.33,-4.07,-2.72,0.0,2026-07-08,2026-07-08,36.28,-0.0097,0.101,0.3397,0.2404,0.5841,0.4338,0.2251,-0.632,0.184,多周期共振看空 ⬇⬇⬇,-0.3261,-0.6144,-0.495
002162,悦心健康,32.51,True,3.54,3.56,2,2.56,-8.77,-4.52,-0.44,0.0,2026-07-08,2026-07-08,48.31,0.0957,-0.4018,0.3001,0.0967,0.8514,0.4998,0.2249,-0.7773,0.1114,多周期共振看空 ⬇⬇⬇,-0.5049,-0.7131,-0.5625
603158,腾龙股份,55.02,True,11.21,12.51,2,4.34,-15.3,-9.19,-10.37,0.0,2026-07-08,2026-07-08,22.49,0.5268,-0.6979,0.6331,0.3161,0.2775,0.0,0.2247,-0.041,0.4795,月线看多，中短期调整中,-0.563,-0.1629,0.45
000868,安凯客车,31.56,True,3.36,3.52,0,-2.73,-10.45,-6.09,-4.56,0.0,2026-07-08,2026-07-08,32.47,0.4798,-0.251,0.3095,0.3875,0.4993,0.4841,0.2245,-0.8105,0.0948,多周期共振看空 ⬇⬇⬇,-0.547,-0.75,-0.5625
600691,潞化科技,52.03,True,2.19,2.41,0,-3.05,-12.7,-7.14,-9.07,0.0,2026-07-08,2026-07-08,30.56,0.5792,-0.2458,0.3818,0.4492,0.4568,0.3637,0.2243,-0.7632,0.1184,多周期共振看空 ⬇⬇⬇,-0.66,-0.6167,-0.495
002917,金奥博,26.65,True,10.23,10.95,0,-1.31,-14.83,-10.03,-6.61,0.0,2026-07-08,2026-07-08,34.49,0.625,-0.7702,0.3835,0.375,0.5443,0.3608,0.2242,-0.7482,0.1259,多周期共振看空 ⬇⬇⬇,-0.586,-0.5795,-0.5625
600585,海螺水泥,680.75,True,17.02,17.17,0,-0.6,-8.56,-5.05,-0.86,0.0,2026-07-08,2026-07-08,41.88,-0.1549,-0.1302,0.252,0.1479,0.7085,0.58,0.2238,-0.7605,0.1198,多周期共振看空 ⬇⬇⬇,-0.4727,-0.7038,-0.5625
603195,公牛集团,679.57,True,37.74,39.06,2,0.49,-4.13,-1.94,-3.39,0.0075,2026-07-08,2026-07-08,38.77,0.1342,-0.7323,0.2106,0.0805,0.6393,0.649,0.2238,-0.6431,0.1784,多周期共振看空 ⬇⬇⬇,-0.5322,-0.4623,-0.495
600536,中国软件,234.87,True,27.84,29.26,0,-4.84,-20.12,-11.83,-4.84,0.0,2026-07-08,2026-07-08,41.45,-0.1467,0.7554,0.5192,0.4,0.699,0.1347,0.2238,-0.796,0.102,多周期共振看空 ⬇⬇⬇,-0.598,-0.6744,-0.5625
600728,佳都科技,89.78,True,4.21,4.42,0,-2.3,-9.21,-6.16,-4.82,0.0,2026-07-08,2026-07-08,33.64,-0.0787,0.4167,0.3044,0.3667,0.5253,0.4926,0.2237,-0.8214,0.0893,多周期共振看空 ⬇⬇⬇,-0.575,-0.75,-0.5625
603273,天元智能,7.48,True,13.35,13.82,3,3.65,-11.25,-5.38,-3.42,0.0,2026-07-08,2026-07-08,41.09,-0.0404,0.8001,0.5049,0.4,0.691,0.1584,0.2236,-0.8069,0.0966,多周期共振看空 ⬇⬇⬇,-0.5376,-0.75,-0.5625
002190,成飞集成,79.32,True,22.11,24.88,1,0.64,-14.42,-6.55,-11.12,0.0,2026-07-08,2026-07-08,22.34,0.7463,0.2258,0.5838,0.7381,0.2742,0.027,0.2234,-0.7442,0.1279,多周期共振看空 ⬇⬇⬇,-0.6132,-0.5475,-0.5625
002076,星光股份,22.72,True,2.18,2.42,2,2.37,-13.1,-4.79,-9.81,0.0,2026-07-08,2026-07-08,35.66,-0.0876,-0.4999,0.6959,0.0001,0.5703,0.0,0.2234,0.1025,0.5513,上升趋势中的日线回调（关注买点）,-0.4351,0.3823,0.3351
002959,小熊电器,45.32,True,32.42,32.9,2,0.63,-10.64,-5.96,-1.45,0.0,2026-07-08,2026-07-08,44.26,-0.2409,-0.0521,0.2914,0.1792,0.7613,0.5143,0.2234,-0.8242,0.0879,多周期共振看空 ⬇⬇⬇,-0.5929,-0.7408,-0.5625
601231,环旭电子,685.86,True,28.71,33.59,0,-1.67,-20.2,-10.89,-14.54,0.0,2026-07-08,2026-07-08,27.51,0.4765,-0.6513,0.798,0.2859,0.3892,0.0,0.2231,-0.1396,0.4302,月线看多，中短期调整中,-0.6975,-0.2471,0.18
002583,海能达,101.21,True,7.89,8.47,8,7.88,-11.69,-2.78,-6.83,0.0,2026-07-08,2026-07-08,28.51,0.8269,-0.8312,0.4213,0.4962,0.4113,0.2979,0.2231,-0.7411,0.1295,多周期共振看空 ⬇⬇⬇,-0.4193,-0.707,-0.5625
600261,阳光照明,39.38,True,2.95,3.13,2,1.42,-5.96,-2.49,-5.83,0.0,2026-07-08,2026-07-08,27.03,0.6307,-0.6146,0.32,0.3784,0.3784,0.4667,0.2231,-0.6479,0.176,多周期共振看空 ⬇⬇⬇,-0.5189,-0.4841,-0.495
000530,冰山冷热,30.07,True,5.01,5.42,3,12.76,-14.49,-5.82,-7.5,0.0,2026-07-08,2026-07-08,35.75,0.9022,-0.6924,0.5925,0.5413,0.5723,0.0126,0.223,-0.7791,0.1104,多周期共振看空 ⬇⬇⬇,-0.5438,-0.6837,-0.5625
600756,浪潮软件,42.88,True,13.23,12.91,1,2.48,-12.22,-6.44,2.48,0.0,2026-07-07,2026-07-08,43.51,0.2306,-0.0198,0.5383,0.3304,0.7448,0.1028,0.2229,-0.7217,0.1391,多周期共振看空 ⬇⬇⬇,-0.538,-0.5626,-0.5625
605177,东亚药业,18.45,True,16.23,18.04,1,0.98,-20.72,-10.78,-10.04,0.0,2026-07-08,2026-07-08,36.6,0.575,-0.6051,0.5282,0.345,0.5911,0.1197,0.2228,-0.5749,0.2126,多周期共振看空 ⬇⬇⬇,-0.5358,-0.4668,-0.3375
603088,宁波精达,41.12,True,9.39,10.01,4,1.6,-10.76,-3.66,-6.17,0.0,2026-07-08,2026-07-08,35.59,0.4566,-0.5114,0.464,0.274,0.5686,0.2267,0.2225,-0.5218,0.2391,多周期共振看空 ⬇⬇⬇,-0.3591,-0.5016,-0.3375
000570,苏常柴Ａ,26.84,True,4.83,4.97,0,-0.77,-10.89,-6.9,-2.76,0.0,2026-07-08,2026-07-08,36.7,-0.2187,-0.0266,0.2923,0.1894,0.5933,0.5128,0.2224,-0.6463,0.1769,多周期共振看空 ⬇⬇⬇,-0.5425,-0.3929,-0.5625
002149,西部材料,201.31,True,41.24,52.52,0,-4.18,-21.48,-11.23,-21.48,0.0,2026-07-08,2026-07-08,20.73,0.6475,-0.6132,0.7587,0.3885,0.2384,0.0,0.2223,-0.1295,0.4353,月线看多，中短期调整中,-0.741,-0.1617,0.18
603507,振江股份,55.8,True,30.7,35.08,0,-0.55,-15.97,-7.16,-12.49,0.0,2026-07-08,2026-07-08,15.45,0.1566,0.1249,0.4072,0.3439,0.121,0.3214,0.2223,-0.1739,0.4131,月线看多，中短期调整中,-0.8435,-0.2852,0.18
601065,江盐集团,43.84,True,6.82,6.93,0,-0.54,-9.29,-4.86,-1.61,0.0,2026-07-08,2026-07-08,37.61,-0.1515,0.0561,0.2481,0.2224,0.6135,0.5866,0.2222,-0.7841,0.1079,多周期共振看空 ⬇⬇⬇,-0.5116,-0.7223,-0.5625
002104,恒宝股份,62.55,True,10.43,10.81,0,-2.79,-11.95,-7.2,-3.48,0.0,2026-07-08,2026-07-08,38.71,-0.2169,2.9191,0.4455,0.4,0.638,0.2574,0.222,-0.8357,0.0822,多周期共振看空 ⬇⬇⬇,-0.6115,-0.75,-0.5625
600195,中牧股份,62.39,True,6.11,6.26,1,0.48,-8.94,-3.85,-2.36,0.0,2026-07-08,2026-07-08,41.06,-0.4471,0.0134,0.3308,0.2054,0.6902,0.4487,0.222,-0.7397,0.1301,多周期共振看空 ⬇⬇⬇,-0.4084,-0.7131,-0.5625
002465,海格通信,299.33,True,12.08,13.02,0,-3.0,-14.61,-10.1,-7.21,0.0,2026-07-08,2026-07-08,31.75,0.5677,-0.749,0.483,0.3406,0.4834,0.195,0.2219,-0.5059,0.247,多周期共振看空 ⬇⬇⬇,-0.41,-0.423,-0.3375
002947,恒铭达,142.78,True,72.0,81.17,2,1.59,-16.98,-6.6,-11.29,0.0,2026-07-08,2026-07-08,21.26,0.1283,-0.2329,0.5605,0.1838,0.2503,0.0659,0.2218,0.1276,0.5638,上升趋势中的日线回调（关注买点）,-0.4259,0.2315,0.5625
603613,国联股份,131.28,True,18.22,19.35,0,-1.28,-16.55,-10.18,-5.82,0.0,2026-07-08,2026-07-08,36.84,0.1053,0.3004,0.4254,0.3833,0.5965,0.2909,0.2217,-0.788,0.106,多周期共振看空 ⬇⬇⬇,-0.7,-0.5694,-0.5625
601890,亚星锚链,77.81,True,8.11,8.5,2,0.61,-9.65,-4.06,-4.59,0.0,2026-07-08,2026-07-08,32.61,0.5204,-0.3629,0.3743,0.3671,0.5024,0.3762,0.2216,-0.7188,0.1406,多周期共振看空 ⬇⬇⬇,-0.5089,-0.6485,-0.495
002992,宝明科技,61.43,True,39.32,43.07,8,10.7,-9.76,-1.87,-8.71,0.0,2026-07-08,2026-07-08,20.35,0.8054,0.0547,0.5926,0.7051,0.23,0.0123,0.2215,-0.6418,0.1791,多周期共振看空 ⬇⬇⬇,-0.3773,-0.5247,-0.5625
600841,动力新科,65.29,True,6.26,6.54,2,2.78,-11.17,-6.71,-4.28,0.0,2026-07-08,2026-07-08,42.5,0.3429,-0.2934,0.5233,0.2884,0.7222,0.1278,0.2214,-0.659,0.1705,多周期共振看空 ⬇⬇⬇,-0.5738,-0.619,-0.3375
603206,嘉环科技,42.94,True,14.07,16.85,8,7.24,-16.49,-3.63,-16.49,0.0,2026-07-08,2026-07-08,24.84,0.7969,-0.5171,0.5275,0.4781,0.3299,0.1209,0.2214,-0.4867,0.2566,多周期共振看空 ⬇⬇⬇,-0.3848,-0.2448,-0.495
603709,中源家居,16.79,True,13.42,14.36,0,-3.17,-11.11,-7.69,-6.53,0.0,2026-07-08,2026-07-08,31.86,0.2791,-0.2297,0.3268,0.2756,0.4857,0.4553,0.2212,-0.6188,0.1906,多周期共振看空 ⬇⬇⬇,-0.581,-0.5244,-0.3375
603578,三星新材,22.2,True,12.31,12.77,0,-0.11,-13.47,-8.17,-3.58,0.0,2026-07-08,2026-07-08,39.56,0.2917,-0.119,0.6526,0.3274,0.6569,0.0,0.2211,-0.5435,0.2283,多周期共振看空 ⬇⬇⬇,-0.4312,-0.4875,-0.3375
603486,科沃斯,287.42,True,50.13,51.94,1,1.02,-12.3,-7.39,-3.49,0.0,2026-07-08,2026-07-08,42.58,0.4531,-0.5265,0.4295,0.2719,0.7241,0.2841,0.2209,-0.7637,0.1181,多周期共振看空 ⬇⬇⬇,-0.604,-0.5983,-0.5625
000881,中广核技,56.12,True,6.21,6.62,0,-2.37,-12.95,-7.39,-6.15,0.0,2026-07-08,2026-07-08,28.49,0.7679,-0.6352,0.4028,0.4607,0.4109,0.3287,0.2208,-0.7264,0.1368,多周期共振看空 ⬇⬇⬇,-0.5991,-0.5204,-0.5625
002322,理工能科,34.51,True,9.82,10.17,0,-1.07,-9.27,-5.72,-3.46,0.0,2026-07-08,2026-07-08,37.04,-0.2323,0.1372,0.2794,0.2549,0.6008,0.5343,0.2206,-0.7918,0.1041,多周期共振看空 ⬇⬇⬇,-0.6174,-0.6485,-0.5625
601567,三星电气,193.92,True,13.8,14.76,1,4.45,-15.19,-5.39,-6.5,0.0,2026-07-08,2026-07-08,36.47,0.6252,-0.2275,0.5305,0.4841,0.5883,0.1159,0.2205,-0.809,0.0955,多周期共振看空 ⬇⬇⬇,-0.6401,-0.6669,-0.5625
600241,时代万恒,19.25,True,6.54,6.94,1,5.41,-10.88,-7.15,-5.82,0.0,2026-07-08,2026-07-08,41.49,-0.0034,1.4828,0.6339,0.4,0.6997,0.0,0.2205,-0.7154,0.1423,多周期共振看空 ⬇⬇⬇,-0.631,-0.469,-0.5625
002671,龙泉股份,20.9,True,3.79,3.89,0,-1.67,-9.17,-6.42,-2.51,0.0,2026-07-08,2026-07-08,35.59,0.246,-0.2562,0.2341,0.2451,0.5687,0.6099,0.2205,-0.7983,0.1008,多周期共振看空 ⬇⬇⬇,-0.548,-0.7223,-0.5625
600966,博汇纸业,65.91,True,4.93,5.11,1,0.13,-12.09,-7.07,-3.55,0.0,2026-07-08,2026-07-08,43.02,0.1214,-0.0431,0.4581,0.2556,0.7337,0.2366,0.2204,-0.7157,0.1421,多周期共振看空 ⬇⬇⬇,-0.631,-0.6946,-0.3375
002389,航天彩虹,173.32,True,17.6,18.17,1,0.65,-9.2,-4.38,-3.15,0.0,2026-07-08,2026-07-08,35.67,0.3674,-0.3563,0.3627,0.278,0.5705,0.3955,0.2203,-0.6832,0.1584,多周期共振看空 ⬇⬇⬇,-0.3553,-0.6344,-0.5625
002414,高德红外,411.23,True,12.1,13.1,10,6.53,-12.36,-0.92,-7.61,0.0,2026-07-08,2026-07-08,33.75,0.0693,0.2374,0.4815,0.3365,0.5278,0.1975,0.2202,-0.5679,0.2161,多周期共振看空 ⬇⬇⬇,-0.2407,-0.5469,-0.495
600995,南网储能,375.53,True,11.75,12.65,0,-3.4,-13.29,-8.37,-7.15,0.0,2026-07-08,2026-07-08,23.62,0.656,-0.7316,0.3563,0.3936,0.3027,0.4061,0.2201,-0.5568,0.2216,多周期共振看空 ⬇⬇⬇,-0.6583,-0.4217,-0.2378
000635,英 力 特,22.08,True,6.02,6.47,0,-1.19,-9.88,-5.99,-6.92,0.0,2026-07-08,2026-07-08,27.22,0.7533,-0.3128,0.4169,0.5269,0.3826,0.3051,0.22,-0.7859,0.107,多周期共振看空 ⬇⬇⬇,-0.4946,-0.7408,-0.5625
002912,中新赛克,29.8,True,18.37,18.95,0,-1.73,-12.64,-6.84,-3.06,0.0,2026-07-08,2026-07-08,39.63,0.246,-0.2122,0.3333,0.2627,0.6585,0.4445,0.2195,-0.8105,0.0948,多周期共振看空 ⬇⬇⬇,-0.547,-0.75,-0.5625
600469,风神股份,39.17,True,5.37,5.5,1,2.32,-8.86,-3.8,-2.3,0.0,2026-07-08,2026-07-08,40.58,-0.2749,-0.0168,0.3583,0.1933,0.6795,0.4029,0.2193,-0.6922,0.1539,多周期共振看空 ⬇⬇⬇,-0.3763,-0.7038,-0.495
000536,华映科技,94.77,True,3.43,3.54,4,11.92,-15.6,-6.17,-3.19,0.0,2026-07-08,2026-07-08,41.1,0.5932,-0.6459,0.8945,0.3559,0.6911,0.0,0.2191,-0.6461,0.1769,多周期共振看空 ⬇⬇⬇,-0.3907,-0.5226,-0.5625
600682,南京新百,62.16,True,5.34,5.6,5,3.67,-10.73,-3.04,-4.69,0.0,2026-07-08,2026-07-08,36.95,0.4677,-0.3807,0.4354,0.3283,0.5988,0.2743,0.2191,-0.7103,0.1448,多周期共振看空 ⬇⬇⬇,-0.3224,-0.7223,-0.5625
002088,鲁阳节能,38.96,True,7.7,8.05,6,4.76,-8.21,-3.4,-4.32,0.0,2026-07-08,2026-07-08,29.35,0.7944,-0.4555,0.4888,0.4945,0.43,0.1853,0.2189,-0.704,0.148,多周期共振看空 ⬇⬇⬇,-0.2845,-0.7408,-0.5625
002021,中捷资源,27.61,True,2.31,2.51,4,1.8,-14.04,-5.09,-7.82,0.0,2026-07-08,2026-07-08,42.5,0.3199,-0.1171,0.7029,0.3451,0.7222,0.0,0.2189,-0.6674,0.1663,多周期共振看空 ⬇⬇⬇,-0.5719,-0.6392,-0.3375
600249,两面针,25.57,True,4.65,4.83,0,-0.08,-11.39,-5.92,-3.7,0.0,2026-07-08,2026-07-08,33.33,0.2841,-0.0896,0.3872,0.3346,0.5185,0.3547,0.2188,-0.6908,0.1546,多周期共振看空 ⬇⬇⬇,-0.556,-0.4791,-0.5625
002530,金财互联,46.3,True,6.66,7.21,0,-0.42,-10.47,-5.84,-7.66,0.0,2026-07-08,2026-07-08,33.65,0.7816,-0.6442,0.414,0.4689,0.5255,0.31,0.2186,-0.8805,0.0598,多周期共振看空 ⬇⬇⬇,-0.7695,-0.7131,-0.5625
002592,ST八菱,16.26,True,6.19,6.4,2,3.37,-10.47,-5.29,-3.24,0.0,2026-07-08,2026-07-08,47.2,-0.055,0.2239,0.5595,0.2895,0.8267,0.0675,0.2184,-0.7621,0.119,多周期共振看空 ⬇⬇⬇,-0.5662,-0.6946,-0.495
002035,华帝股份,35.66,True,4.56,4.69,0,-0.61,-8.13,-4.17,-2.81,0.0,2026-07-08,2026-07-08,38.89,-0.2872,-0.0585,0.2636,0.1766,0.642,0.5606,0.2182,-0.7559,0.122,多周期共振看空 ⬇⬇⬇,-0.5255,-0.6485,-0.5625
000503,国新健康,61.99,True,6.33,6.64,1,1.84,-10.4,-4.57,-4.68,0.0,2026-07-08,2026-07-08,30.06,0.4959,-0.1348,0.373,0.4436,0.4457,0.3784,0.2182,-0.8016,0.0992,多周期共振看空 ⬇⬇⬇,-0.5348,-0.7408,-0.5625
603927,中科软,106.87,True,12.86,13.52,0,-2.08,-12.76,-6.53,-4.88,0.0,2026-07-08,2026-07-08,32.98,-0.1125,0.7622,0.3671,0.4,0.5106,0.3882,0.2182,-0.8173,0.0913,多周期共振看空 ⬇⬇⬇,-0.575,-0.7408,-0.5625
000533,顺钠股份,58.97,True,8.61,10.01,0,-3.29,-13.99,-9.87,-13.99,0.0,2026-07-08,2026-07-08,16.56,0.5931,-0.3741,0.3903,0.4062,0.1458,0.3496,0.2179,-0.3617,0.3191,月线震荡，中短期走弱,-0.8705,-0.5821,0.1125
603197,保隆科技,59.21,True,28.04,28.6,3,5.2,-12.57,-5.01,-1.96,0.0,2026-07-08,2026-07-08,41.92,0.216,-0.399,0.3659,0.17,0.7094,0.3902,0.2176,-0.6948,0.1526,多周期共振看空 ⬇⬇⬇,-0.4882,-0.5461,-0.5625
600099,林海股份,17.64,True,8.05,8.52,0,-0.82,-10.3,-7.51,-5.55,0.0,2026-07-08,2026-07-08,35.68,0.2493,-0.2132,0.3279,0.2643,0.5707,0.4534,0.2175,-0.7305,0.1347,多周期共振看空 ⬇⬇⬇,-0.6265,-0.506,-0.5625
001386,马可波罗,15.15,True,14.09,15.1,4,2.77,-10.94,-4.3,-6.67,0.0,2026-07-08,2026-07-08,23.48,0.4496,-0.1132,0.3777,0.4245,0.2996,0.3704,0.2175,-0.5948,0.2026,周线日线共振看空,-0.549,-0.45,
600436,片仔癀,673.3,True,111.6,113.81,1,0.4,-8.41,-4.49,-1.94,0.0,2026-07-08,2026-07-08,45.59,-0.193,-0.0433,0.3801,0.1827,0.7908,0.3666,0.2173,-0.7958,0.1021,多周期共振看空 ⬇⬇⬇,-0.5092,-0.75,-0.5625
600409,三友化工,117.87,True,5.71,6.32,9,7.81,-9.97,-1.45,-9.67,0.0,2026-07-08,2026-07-08,40.07,0.4742,-0.4908,0.5999,0.2882,0.6682,0.0001,0.217,-0.5272,0.2364,多周期共振看空 ⬇⬇⬇,-0.2694,-0.5902,-0.3375
002410,广联达,128.59,True,8.19,8.55,0,-3.93,-12.0,-7.05,-4.19,0.0,2026-07-08,2026-07-08,33.5,0.3202,-0.132,0.3144,0.3393,0.5222,0.4761,0.217,-0.814,0.093,多周期共振看空 ⬇⬇⬇,-0.556,-0.75,-0.5625
603280,南方路机,27.32,True,25.2,26.44,0,-0.01,-8.61,-5.2,-4.68,0.0,2026-07-08,2026-07-08,36.69,0.2133,-0.021,0.3427,0.3196,0.593,0.4288,0.2168,-0.8319,0.0841,多周期共振看空 ⬇⬇⬇,-0.6017,-0.75,-0.5625
600815,厦工股份,45.06,True,2.54,2.78,1,0.03,-16.49,-11.4,-8.55,0.0,2026-07-08,2026-07-08,33.94,-0.1076,0.3596,0.5461,0.3438,0.5321,0.0898,0.2165,-0.5283,0.2359,多周期共振看空 ⬇⬇⬇,-0.6175,-0.2944,-0.3375
605033,美邦股份,23.31,True,17.24,17.9,1,0.32,-11.34,-6.5,-3.71,0.0,2026-07-08,2026-07-08,39.44,-0.0095,0.0409,0.3109,0.2164,0.6542,0.4819,0.2165,-0.7845,0.1078,多周期共振看空 ⬇⬇⬇,-0.631,-0.6208,-0.5625
002022,科华生物,24.38,True,4.74,4.87,0,-0.19,-9.87,-5.95,-2.65,0.0,2026-07-08,2026-07-08,44.06,-0.2113,-0.0769,0.3543,0.1693,0.7568,0.4096,0.2163,-0.7766,0.1117,多周期共振看空 ⬇⬇⬇,-0.5159,-0.7021,-0.5625
603968,醋化股份,18.61,True,9.1,9.87,0,-3.97,-11.93,-8.48,-7.81,0.0,2026-07-08,2026-07-08,26.46,0.7203,-0.6743,0.3603,0.4322,0.3657,0.3996,0.2163,-0.7199,0.1401,多周期共振看空 ⬇⬇⬇,-0.7,-0.4873,-0.495
000878,云南铜业,300.94,True,15.02,16.8,5,10.67,-12.19,-4.21,-10.57,0.0,2026-07-08,2026-07-08,31.27,0.7899,-0.4601,0.647,0.4899,0.4728,0.0,0.2162,-0.6218,0.1891,多周期共振看空 ⬇⬇⬇,-0.4812,-0.4591,-0.495
600720,中交设计,50.65,True,5.02,5.18,0,-2.58,-11.93,-7.87,-3.16,0.0,2026-07-08,2026-07-08,32.48,0.3308,-0.1965,0.2756,0.3199,0.4995,0.5407,0.2162,-0.814,0.093,多周期共振看空 ⬇⬇⬇,-0.556,-0.75,-0.5625
603888,新华网,113.76,True,16.86,17.87,6,2.63,-7.23,-3.03,-5.68,0.0,2026-07-08,2026-07-08,24.79,0.6343,-0.4962,0.3283,0.3821,0.3287,0.4529,0.2162,-0.6385,0.1808,多周期共振看空 ⬇⬇⬇,-0.4681,-0.5071,-0.495
605268,王力安防,40.27,True,9.14,9.48,0,-1.31,-8.5,-5.9,-3.57,0.0,2026-07-08,2026-07-08,35.18,0.2744,-0.4768,0.2867,0.1739,0.5595,0.5222,0.216,-0.6392,0.1804,多周期共振看空 ⬇⬇⬇,-0.631,-0.5265,-0.3375
002551,尚荣医疗,17.05,True,2.79,2.83,2,1.37,-8.38,-5.27,-1.47,0.0,2026-07-08,2026-07-08,48.68,-0.2728,-0.2113,0.3697,0.1155,0.8596,0.3838,0.216,-0.7953,0.1023,多周期共振看空 ⬇⬇⬇,-0.5295,-0.7315,-0.5625
600526,菲达环保,36.58,True,4.19,4.31,0,-1.92,-8.19,-5.33,-2.85,0.0,2026-07-08,2026-07-08,33.33,0.1777,-0.181,0.2219,0.2342,0.5185,0.6302,0.2159,-0.7742,0.1129,多周期共振看空 ⬇⬇⬇,-0.5293,-0.6854,-0.5625
603809,豪能股份,81.54,True,8.86,9.42,2,2.11,-12.76,-5.86,-5.95,0.0,2026-07-08,2026-07-08,39.61,0.5295,-0.4333,0.4744,0.3444,0.658,0.2093,0.2159,-0.7812,0.1094,多周期共振看空 ⬇⬇⬇,-0.5815,-0.656,-0.5625
002614,奥佳华,20.03,True,4.54,4.64,0,-0.75,-9.13,-5.39,-2.21,0.0,2026-07-08,2026-07-08,40.22,0.2347,-0.4298,0.2623,0.1689,0.6715,0.5629,0.2157,-0.8006,0.0997,多周期共振看空 ⬇⬇⬇,-0.5216,-0.75,-0.5625
002906,华阳集团,130.94,True,24.96,25.96,3,1.73,-15.66,-6.74,-3.86,0.0,2026-07-08,2026-07-08,29.39,0.6595,-0.2527,0.6166,0.4946,0.431,0.0,0.2156,-0.584,0.208,多周期共振看空 ⬇⬇⬇,-0.4066,-0.3725,-0.5625
002595,豪迈科技,525.76,True,45.64,48.22,1,1.66,-10.34,-5.12,-5.35,0.0,2026-07-08,2026-07-08,34.26,0.4075,-0.38,0.395,0.2925,0.5391,0.3417,0.2156,-0.6631,0.1684,多周期共振看空 ⬇⬇⬇,-0.5843,-0.619,-0.3375
002480,新筑股份,38.77,True,5.05,5.36,0,-3.78,-10.74,-6.77,-5.7,0.0,2026-07-08,2026-07-08,28.83,0.5385,-0.812,0.2869,0.3231,0.4184,0.5218,0.2156,-0.7114,0.1443,多周期共振看空 ⬇⬇⬇,-0.5965,-0.4898,-0.5625
600268,国电南自,109.47,True,10.78,11.83,0,-1.23,-15.17,-6.43,-8.88,0.0,2026-07-08,2026-07-08,25.0,0.5061,-0.1951,0.3442,0.4256,0.3333,0.4263,0.2156,-0.6974,0.1513,多周期共振看空 ⬇⬇⬇,-0.9025,-0.4217,-0.3375
603171,税友股份,161.46,True,39.78,41.9,0,-5.07,-15.55,-10.1,-5.07,0.0,2026-07-08,2026-07-08,36.79,0.0054,0.2648,0.4775,0.3091,0.5953,0.2041,0.2152,-0.651,0.1745,多周期共振看空 ⬇⬇⬇,-0.5525,-0.4622,-0.495
000665,湖北广电,41.05,True,3.61,3.86,0,-4.09,-10.49,-7.2,-6.4,0.0,2026-07-08,2026-07-08,30.0,0.5209,-0.3292,0.3283,0.3809,0.4444,0.4529,0.2152,-0.7831,0.1084,多周期共振看空 ⬇⬇⬇,-0.4874,-0.7408,-0.5625
603041,美思德,18.96,True,10.35,10.95,0,-2.96,-10.49,-7.52,-5.44,0.0,2026-07-08,2026-07-08,30.8,0.372,-0.4746,0.2562,0.2334,0.4623,0.5729,0.2151,-0.6653,0.1673,多周期共振看空 ⬇⬇⬇,-0.604,-0.4494,-0.495
600742,富维股份,53.65,True,7.22,7.54,0,-1.11,-8.29,-4.43,-4.27,0.0,2026-07-08,2026-07-08,35.47,0.2105,-0.1882,0.2875,0.2511,0.5659,0.5208,0.215,-0.7776,0.1112,多周期共振看空 ⬇⬇⬇,-0.5486,-0.6762,-0.5625
002073,软控股份,52.73,True,5.2,5.34,2,0.97,-7.51,-3.92,-2.55,0.0,2026-07-08,2026-07-08,41.96,0.2384,-0.4435,0.2975,0.1656,0.7103,0.5042,0.2149,-0.8013,0.0993,多周期共振看空 ⬇⬇⬇,-0.5233,-0.75,-0.5625
002771,真视通,23.07,True,13.22,13.84,3,8.8,-18.69,-7.29,-4.46,0.0,2026-07-08,2026-07-08,39.08,0.3038,-0.1758,0.6122,0.312,0.6462,0.0,0.2149,-0.5556,0.2222,多周期共振看空 ⬇⬇⬇,-0.3249,-0.3802,-0.5625
002125,湘潭电化,74.47,True,11.83,15.85,10,23.94,-25.38,-1.59,-25.38,0.0,2026-07-08,2026-07-08,5.93,0.9409,-0.678,0.7422,0.5646,0.0,0.0,0.2148,-0.1852,0.4074,多周期方向不一致，观望,-0.276,-0.0827,-0.495
002111,威海广泰,43.89,True,8.98,9.28,1,0.19,-10.87,-5.69,-3.26,0.0,2026-07-08,2026-07-08,34.34,-0.0023,0.0318,0.2788,0.2127,0.541,0.5353,0.2147,-0.7002,0.1499,多周期共振看空 ⬇⬇⬇,-0.5487,-0.506,-0.5625
600992,贵绳股份,21.57,True,8.8,9.33,0,-3.47,-17.92,-13.57,-5.64,0.0,2026-07-08,2026-07-08,32.64,0.6102,-0.307,0.4466,0.4434,0.5031,0.2557,0.2147,-0.8003,0.0998,多周期共振看空 ⬇⬇⬇,-0.5425,-0.7315,-0.5625
603778,国晟科技,70.2,True,10.92,14.21,1,0.34,-30.54,-17.96,-23.13,0.0,2026-07-08,2026-07-08,19.7,-0.0832,1.7628,0.8655,0.4,0.2156,0.0,0.2147,-0.181,0.4095,月线看多，中短期调整中,-0.7695,-0.3823,0.18
603236,移远通信,201.96,True,50.12,51.94,7,7.36,-13.89,-3.24,-3.5,0.0,2026-07-08,2026-07-08,39.0,0.5814,-0.6647,0.591,0.3489,0.6444,0.015,0.2147,-0.6257,0.1871,多周期共振看空 ⬇⬇⬇,-0.3319,-0.5281,-0.5625
603383,顶点软件,55.14,True,26.85,28.08,0,-0.71,-12.19,-6.01,-4.37,0.0,2026-07-08,2026-07-08,41.92,0.4272,-0.3771,0.542,0.3055,0.7093,0.0967,0.2146,-0.7004,0.1498,多周期共振看空 ⬇⬇⬇,-0.5418,-0.5124,-0.5625
002508,老板电器,140.41,True,15.04,15.39,0,-1.28,-9.67,-4.51,-2.26,0.0,2026-07-08,2026-07-08,42.03,0.2417,-0.5248,0.301,0.145,0.7118,0.4983,0.2144,-0.7696,0.1152,多周期共振看空 ⬇⬇⬇,-0.4851,-0.7131,-0.5625
002135,东南网架,64.09,True,6.14,6.88,2,4.57,-16.07,-5.97,-10.74,0.0,2026-07-08,2026-07-08,10.8,0.7629,-0.5867,0.5481,0.4578,0.0177,0.0865,0.2143,-0.1086,0.4457,月线看多，中短期调整中,-0.5234,-0.2483,0.18
601388,怡球资源,61.85,True,2.81,3.04,0,-2.38,-11.32,-7.62,-7.44,0.0,2026-07-08,2026-07-08,29.89,0.3367,-0.1601,0.3978,0.338,0.4419,0.3371,0.2141,-0.6282,0.1859,多周期共振看空 ⬇⬇⬇,-0.616,-0.5152,-0.3375
603042,华脉科技,25.11,True,12.03,14.59,7,9.83,-18.44,-4.62,-17.54,0.0,2026-07-08,2026-07-08,24.08,0.7322,-0.3181,0.7231,0.5121,0.3129,0.0,0.2138,-0.4846,0.2577,多周期共振看空 ⬇⬇⬇,-0.6928,-0.2013,-0.27
601137,博威合金,178.12,True,19.4,23.57,13,17.44,-17.7,2.59,-17.7,0.0,2026-07-08,2026-07-08,13.64,0.5561,-0.7237,0.6361,0.3337,0.0809,0.0,0.2136,0.0777,0.5389,多周期方向不一致，观望,-0.1605,0.3905,0.0884
001336,楚环科技,10.61,True,21.51,23.29,0,-3.72,-11.21,-8.23,-7.64,0.0,2026-07-08,2026-07-08,30.13,0.4171,-0.3647,0.3031,0.3044,0.4474,0.4948,0.2135,-0.7119,0.1441,多周期共振看空 ⬇⬇⬇,-0.8845,-0.469,-0.3375
002566,益盛药业,13.91,True,6.0,6.42,0,-0.96,-9.66,-5.97,-6.5,0.0,2026-07-08,2026-07-08,38.21,-0.4386,0.2271,0.3853,0.2908,0.6268,0.3579,0.2134,-0.7963,0.1018,多周期共振看空 ⬇⬇⬇,-0.631,-0.6467,-0.5625
002952,亚世光电,26.07,True,19.8,22.38,0,-3.95,-17.27,-9.45,-11.51,0.0,2026-07-08,2026-07-08,23.76,0.6426,-0.6464,0.4616,0.3856,0.3057,0.2306,0.2134,-0.4613,0.2693,多周期共振看空 ⬇⬇⬇,-0.6009,-0.2287,-0.27
603601,再升科技,113.55,True,9.94,12.8,0,-7.97,-23.42,-17.61,-22.35,0.0,2026-07-08,2026-07-08,14.67,0.741,-0.7016,0.7981,0.4446,0.1037,0.0,0.213,-0.1315,0.4343,月线看多，中短期调整中,-0.7506,-0.1629,0.18
003042,中农联合,14.92,True,12.1,12.93,0,-2.12,-12.03,-8.04,-6.44,0.0,2026-07-08,2026-07-08,33.87,0.4997,-0.7349,0.3188,0.2998,0.5305,0.4686,0.213,-0.7874,0.1063,多周期共振看空 ⬇⬇⬇,-0.631,-0.6946,-0.495
603279,景津装备,70.95,True,12.31,12.69,0,-0.81,-13.48,-7.93,-2.98,0.0,2026-07-08,2026-07-08,33.84,0.2243,-0.2791,0.2815,0.2229,0.5298,0.5308,0.213,-0.713,0.1435,多周期共振看空 ⬇⬇⬇,-0.5515,-0.5994,-0.495
600075,新疆天业,70.87,True,4.15,4.39,0,-0.63,-13.71,-8.3,-5.4,0.0,2026-07-08,2026-07-08,39.38,-0.6543,0.3485,0.5606,0.3394,0.6528,0.0657,0.213,-0.6754,0.1623,多周期共振看空 ⬇⬇⬇,-0.6265,-0.6098,-0.3375
000812,陕西金叶,23.73,True,3.14,3.28,0,-2.96,-10.08,-6.76,-4.37,0.0,2026-07-08,2026-07-08,37.5,-0.1936,0.0891,0.2947,0.2356,0.6111,0.5089,0.2129,-0.814,0.093,多周期共振看空 ⬇⬇⬇,-0.556,-0.75,-0.5625
600624,ST复华,24.93,True,3.67,3.7,2,7.14,-15.04,-7.07,-0.85,0.0,2026-07-08,2026-07-08,42.46,0.0023,1.0359,0.6039,0.4014,0.7213,0.0,0.2127,-0.8064,0.0968,多周期共振看空 ⬇⬇⬇,-0.5579,-0.7315,-0.5625
002405,四维图新,151.0,True,6.41,6.9,0,-7.16,-15.02,-11.59,-7.16,0.0,2026-07-08,2026-07-08,27.01,0.5486,-0.2706,0.3366,0.4209,0.378,0.439,0.2127,-0.7766,0.1117,多周期共振看空 ⬇⬇⬇,-0.625,-0.6762,-0.495
002467,二六三,64.1,True,4.69,4.91,0,-4.07,-14.62,-9.13,-4.45,0.0,2026-07-08,2026-07-08,36.61,0.0499,1.1127,0.5683,0.4299,0.5914,0.0528,0.2126,-0.7386,0.1307,多周期共振看空 ⬇⬇⬇,-0.5705,-0.6392,-0.495
600850,电科数字,120.72,True,14.79,15.23,0,-2.87,-16.04,-9.32,-2.87,0.0,2026-07-08,2026-07-08,29.57,0.6098,-0.569,0.4103,0.3659,0.435,0.3162,0.2125,-0.66,0.17,多周期共振看空 ⬇⬇⬇,-0.3873,-0.5561,-0.5625
002270,华明装备,163.11,True,18.2,19.76,4,2.82,-16.78,-5.71,-7.92,0.0,2026-07-08,2026-07-08,26.52,0.6328,-0.0451,0.6837,0.5616,0.367,0.0,0.2125,-0.6389,0.1805,多周期共振看空 ⬇⬇⬇,-0.4464,-0.6841,-0.3375
600518,康美药业,172.78,True,1.25,1.31,0,-2.44,-14.34,-7.83,-4.91,0.0,2026-07-08,2026-07-08,38.3,0.0842,0.2178,0.4359,0.3377,0.6288,0.2736,0.2125,-0.814,0.093,多周期共振看空 ⬇⬇⬇,-0.556,-0.75,-0.5625
000702,正虹科技,13.44,True,5.04,5.27,0,-0.38,-11.69,-7.9,-4.34,0.0,2026-07-08,2026-07-08,40.13,-0.566,0.0858,0.3642,0.2343,0.6696,0.393,0.2124,-0.794,0.103,多周期共振看空 ⬇⬇⬇,-0.6265,-0.6456,-0.5625
001208,华菱线缆,47.33,True,14.85,14.83,1,0.11,-10.98,-6.15,0.11,0.0,2026-07-07,2026-07-08,43.11,0.2977,-0.5972,0.547,0.1786,0.7358,0.0883,0.2122,-0.5417,0.2292,多周期共振看空 ⬇⬇⬇,-0.4289,-0.4854,-0.3375
001212,中旗新材,69.1,True,39.75,46.69,0,-0.58,-14.86,-7.32,-14.86,0.0,2026-07-08,2026-07-08,33.21,0.649,-0.4981,0.5503,0.3901,0.5159,0.0829,0.2122,-0.6122,0.1939,多周期共振看空 ⬇⬇⬇,-0.6151,-0.3233,-0.495
002489,浙江永强,52.23,True,2.73,2.96,0,-6.74,-17.75,-12.23,-7.72,0.0,2026-07-08,2026-07-08,21.69,0.7091,-0.6471,0.3086,0.4255,0.2597,0.4857,0.212,-0.6852,0.1574,多周期共振看空 ⬇⬇⬇,-0.4795,-0.5325,-0.5625
002733,雄韬股份,87.16,True,23.63,31.65,12,20.18,-25.34,-1.0,-25.34,0.0,2026-07-08,2026-07-08,18.96,0.413,-0.4784,0.9415,0.2564,0.199,0.0,0.2119,0.0459,0.523,多周期方向不一致，观望,-0.3046,0.0129,0.45
603058,永吉股份,35.04,True,8.45,9.27,2,0.22,-9.92,-5.25,-8.88,0.0,2026-07-08,2026-07-08,28.8,0.7553,-0.5348,0.451,0.4532,0.4178,0.2483,0.2118,-0.7307,0.1346,多周期共振看空 ⬇⬇⬇,-0.7232,-0.6485,-0.3375
002722,物产金轮,26.88,True,12.09,12.41,1,0.69,-9.86,-5.68,-2.6,0.0,2026-07-08,2026-07-08,40.46,-0.3619,-0.1476,0.2741,0.141,0.6768,0.5432,0.2117,-0.7787,0.1107,多周期共振看空 ⬇⬇⬇,-0.598,-0.6363,-0.5625
002271,东方雨虹,215.95,True,11.28,12.13,2,1.03,-12.56,-5.41,-6.99,0.0,2026-07-08,2026-07-08,34.75,-0.2124,0.2305,0.4115,0.2922,0.55,0.3142,0.2117,-0.6856,0.1572,多周期共振看空 ⬇⬇⬇,-0.5862,-0.6669,-0.3375
600551,时代出版,45.43,True,6.7,6.88,0,-0.89,-6.16,-3.11,-2.66,0.0,2026-07-08,2026-07-08,34.04,-0.1498,-0.0298,0.1922,0.1881,0.5343,0.6797,0.2116,-0.7929,0.1035,多周期共振看空 ⬇⬇⬇,-0.5341,-0.7223,-0.5625
600698,湖南天雁,47.34,True,5.7,6.28,3,3.46,-12.56,-5.21,-9.19,0.0,2026-07-08,2026-07-08,22.79,0.7669,-0.1678,0.5041,0.593,0.2843,0.1599,0.2115,-0.726,0.137,多周期共振看空 ⬇⬇⬇,-0.5872,-0.5299,-0.5625
603677,奇精机械,24.11,True,12.52,13.6,0,-2.87,-16.22,-10.55,-7.92,0.0,2026-07-08,2026-07-08,34.57,0.5377,-0.6496,0.4025,0.3226,0.546,0.3292,0.2112,-0.7449,0.1275,多周期共振看空 ⬇⬇⬇,-0.5545,-0.5994,-0.5625
002637,赞宇科技,49.05,True,10.55,11.18,5,7.27,-10.53,-3.27,-5.61,0.0,2026-07-08,2026-07-08,35.7,0.499,-0.6873,0.6116,0.2994,0.5711,0.0,0.2107,-0.4788,0.2606,多周期共振看空 ⬇⬇⬇,-0.3478,-0.4167,-0.3375
002892,科力尔,46.96,True,9.37,9.74,0,-0.06,-14.12,-6.31,-3.76,0.0,2026-07-08,2026-07-08,37.86,0.6088,-0.7409,0.5606,0.3653,0.6191,0.0656,0.2105,-0.6959,0.1521,多周期共振看空 ⬇⬇⬇,-0.3305,-0.6837,-0.5625
002315,焦点科技,61.42,True,23.36,24.05,0,-0.86,-13.32,-6.87,-2.89,0.0,2026-07-08,2026-07-08,39.17,0.0065,-0.1054,0.3093,0.1617,0.6481,0.4844,0.2104,-0.7412,0.1294,多周期共振看空 ⬇⬇⬇,-0.6265,-0.5296,-0.5625
603272,*ST联翔,22.57,True,21.78,28.03,2,12.04,-34.3,-17.96,-22.31,0.0,2026-07-08,2026-07-08,24.03,-0.1011,0.0757,0.8164,0.2303,0.3119,0.0,0.2103,-0.0601,0.4699,多周期方向不一致，观望,-0.561,-0.121,0.3375
002362,汉王科技,30.7,True,14.79,16.65,8,11.56,-13.59,-3.5,-11.17,0.0,2026-07-08,2026-07-08,20.85,0.8441,-0.2494,0.4423,0.6067,0.241,0.2629,0.2103,-0.7878,0.1061,多周期共振看空 ⬇⬇⬇,-0.5698,-0.6805,-0.5625
603567,珍宝岛,43.87,True,4.67,5.0,0,-6.66,-29.57,-17.23,-6.66,0.0,2026-07-08,2026-07-08,41.13,-0.7541,0.4289,0.7583,0.3716,0.6917,0.0,0.2102,-0.743,0.1285,多周期共振看空 ⬇⬇⬇,-0.5065,-0.6363,-0.5625
603790,雅运股份,42.64,True,22.28,24.45,2,1.97,-14.67,-6.07,-8.86,0.0,2026-07-08,2026-07-08,36.23,-0.2965,-0.4388,0.6866,0.0245,0.5829,0.0,0.2101,-0.0581,0.4709,多周期方向不一致，观望,-0.4613,-0.0399,0.18
601929,吉视传媒,76.43,True,2.19,2.32,0,-3.9,-15.85,-9.68,-5.6,0.0,2026-07-08,2026-07-08,26.92,0.3813,-0.0334,0.3787,0.4154,0.3761,0.3688,0.2098,-0.7326,0.1337,多周期共振看空 ⬇⬇⬇,-0.6124,-0.5226,-0.5625
002382,蓝帆医疗,51.39,True,5.15,5.4,0,-2.27,-12.64,-8.86,-4.68,0.0,2026-07-08,2026-07-08,40.61,0.1365,-0.4497,0.3498,0.102,0.6801,0.4171,0.2098,-0.6346,0.1827,多周期共振看空 ⬇⬇⬇,-0.631,-0.5163,-0.3375
002759,天际股份,106.55,True,21.27,25.93,4,3.02,-20.5,-7.77,-17.99,0.0,2026-07-08,2026-07-08,29.86,0.5991,-0.0115,0.729,0.5549,0.4413,0.0,0.2097,-0.7396,0.1302,多周期共振看空 ⬇⬇⬇,-0.788,-0.455,-0.495
600854,春兰股份,21.51,True,4.14,4.28,1,0.59,-11.05,-6.54,-3.19,0.0,2026-07-08,2026-07-08,43.55,-0.127,-0.4012,0.3511,0.0395,0.7455,0.4148,0.2096,-0.6128,0.1936,多周期共振看空 ⬇⬇⬇,-0.4105,-0.4324,-0.5625
002501,*ST利源,46.46,True,1.31,1.36,5,8.98,-16.21,-5.64,-3.78,0.0,2026-07-08,2026-07-08,39.68,0.4945,-0.7627,0.5744,0.2967,0.6596,0.0426,0.2096,-0.6238,0.1881,多周期共振看空 ⬇⬇⬇,-0.3408,-0.5164,-0.5625
002096,易普力,108.91,True,8.78,9.19,1,1.1,-15.42,-7.93,-4.42,0.0,2026-07-08,2026-07-08,31.7,0.7088,-0.7791,0.4159,0.4253,0.4821,0.3068,0.2095,-0.8287,0.0857,多周期共振看空 ⬇⬇⬇,-0.5935,-0.75,-0.5625
601700,风范股份,50.11,True,4.4,4.6,0,-1.74,-12.29,-7.43,-4.42,0.0,2026-07-08,2026-07-08,36.17,0.1756,-0.2736,0.3905,0.196,0.5816,0.3492,0.2095,-0.6145,0.1927,多周期共振看空 ⬇⬇⬇,-0.5995,-0.4993,-0.3375
002212,天融信,66.28,True,5.68,5.96,0,-3.59,-11.92,-7.19,-4.68,0.0,2026-07-08,2026-07-08,36.04,-0.0204,0.781,0.4874,0.4,0.5787,0.1877,0.2094,-0.8095,0.0953,多周期共振看空 ⬇⬇⬇,-0.566,-0.7315,-0.5625
001211,双枪科技,19.97,True,21.39,28.45,4,8.22,-24.82,-12.35,-24.82,0.0,2026-07-08,2026-07-08,0.53,0.6926,-0.3823,0.6361,0.4626,0.0,0.0,0.2093,-0.0657,0.4672,多周期方向不一致，观望,-0.597,-0.1144,0.3375
601778,晶科科技,141.1,True,3.79,4.5,0,-10.32,-19.91,-14.12,-15.71,0.0,2026-07-08,2026-07-08,9.46,0.74,-0.563,0.3846,0.444,0.0,0.359,0.2091,-0.3245,0.3377,月线震荡，中短期走弱,-0.8435,-0.2575,-0.1103
603533,掌阅科技,80.84,True,18.42,20.33,1,0.13,-18.18,-9.6,-9.38,0.0,2026-07-08,2026-07-08,40.75,0.5434,-0.4704,0.6039,0.3379,0.6834,0.0,0.2089,-0.6893,0.1553,多周期共振看空 ⬇⬇⬇,-0.6493,-0.6208,-0.3375
603737,三棵树,207.09,True,23.39,25.38,0,-4.04,-14.87,-9.58,-7.82,0.0,2026-07-08,2026-07-08,23.12,0.4214,0.1485,0.3609,0.5122,0.2915,0.3985,0.2087,-0.8185,0.0907,多周期共振看空 ⬇⬇⬇,-0.7,-0.7038,-0.495
002942,新农股份,20.36,True,14.67,15.32,0,-0.72,-9.48,-5.86,-4.25,0.0,2026-07-08,2026-07-08,39.02,-0.4681,-0.0177,0.3193,0.1929,0.6448,0.4678,0.2087,-0.7874,0.1063,多周期共振看空 ⬇⬇⬇,-0.631,-0.6946,-0.495
002777,久远银海,48.82,True,12.07,12.68,0,-3.45,-11.85,-7.11,-4.83,0.0,2026-07-08,2026-07-08,33.64,-0.2473,0.3146,0.3313,0.3258,0.5254,0.4478,0.2086,-0.8409,0.0796,多周期共振看空 ⬇⬇⬇,-0.625,-0.75,-0.5625
002103,广博股份,23.13,True,5.96,6.14,0,-1.12,-11.1,-6.88,-2.85,0.0,2026-07-08,2026-07-08,39.39,-0.1415,-0.0037,0.2947,0.1985,0.6532,0.5088,0.2086,-0.8398,0.0801,多周期共振看空 ⬇⬇⬇,-0.622,-0.75,-0.5625
002827,高争民爆,63.2,True,22.9,25.06,1,0.99,-12.81,-6.98,-8.63,0.0,2026-07-08,2026-07-08,36.97,0.4798,-0.1104,0.4574,0.4437,0.5994,0.2377,0.2086,-0.9509,0.0246,多周期共振看空 ⬇⬇⬇,-0.907,-0.75,-0.5625
603275,众辰科技,15.73,True,37.86,39.88,3,3.55,-13.42,-5.29,-5.06,0.0,2026-07-08,2026-07-08,36.13,0.4432,-0.6534,0.4781,0.2659,0.5807,0.2031,0.2086,-0.6161,0.192,多周期共振看空 ⬇⬇⬇,-0.4419,-0.4129,-0.5625
002306,ST云网,15.85,True,1.95,2.02,4,2.74,-10.65,-3.94,-3.42,0.0,2026-07-08,2026-07-08,38.71,0.1056,-0.4756,0.4403,0.0731,0.638,0.2661,0.2085,-0.4277,0.2862,多周期共振看空 ⬇⬇⬇,-0.3182,-0.4171,-0.2501
002613,北玻股份,25.53,True,3.3,4.28,9,22.39,-22.83,-5.58,-22.83,0.0,2026-07-08,2026-07-08,17.15,0.7023,-0.7462,0.8414,0.4214,0.159,0.0,0.2085,-0.1967,0.4017,多周期方向不一致，观望,-0.3929,-0.1002,-0.4275
600980,北矿科技,33.52,True,17.71,19.93,2,3.1,-11.15,-4.72,-11.15,0.0,2026-07-08,2026-07-08,26.57,0.742,-0.4013,0.4371,0.4847,0.3683,0.2714,0.2084,-0.7678,0.1161,多周期共振看空 ⬇⬇⬇,-0.5686,-0.6375,-0.5625
600131,国网信通,167.19,True,13.98,14.88,0,-1.62,-14.14,-7.04,-6.04,0.0,2026-07-08,2026-07-08,36.43,0.4467,-0.3191,0.4088,0.3404,0.5872,0.3187,0.2084,-0.8371,0.0815,多周期共振看空 ⬇⬇⬇,-0.8015,-0.6577,-0.495
002360,ST同德,16.86,True,5.18,5.17,3,3.38,-18.32,-7.4,0.13,0.0,2026-07-07,2026-07-08,47.55,0.1199,-0.3764,0.6088,0.1213,0.8344,0.0,0.2083,-0.5288,0.2356,多周期共振看空 ⬇⬇⬇,-0.5327,-0.506,-0.1997
603109,神驰机电,34.27,True,16.41,17.44,0,-1.52,-13.38,-7.62,-5.88,0.0,2026-07-08,2026-07-08,37.92,0.4963,-0.6878,0.407,0.2978,0.6204,0.3217,0.2081,-0.8137,0.0932,多周期共振看空 ⬇⬇⬇,-0.5875,-0.7223,-0.5625
002681,奋达科技,0.0,True,4.24,4.71,0,-1.39,-10.76,-7.15,-9.92,0.0,2026-07-08,2026-07-08,33.85,0.7789,-0.8193,0.5016,0.4673,0.5299,0.1641,0.2078,-0.8526,0.0737,多周期共振看空 ⬇⬇⬇,-0.7303,-0.6854,-0.5625
605088,冠盛股份,59.33,True,29.49,30.47,3,2.0,-12.91,-5.72,-3.21,0.0,2026-07-08,2026-07-08,39.57,-0.2248,-0.1518,0.4171,0.1393,0.6571,0.3048,0.2078,-0.5925,0.2037,多周期共振看空 ⬇⬇⬇,-0.3845,-0.4102,-0.5625
600055,万东医疗,73.4,True,10.44,10.96,0,-3.03,-13.85,-8.01,-4.75,0.0,2026-07-08,2026-07-08,36.39,-0.2638,0.2183,0.3732,0.2873,0.5865,0.378,0.2078,-0.8039,0.0981,多周期共振看空 ⬇⬇⬇,-0.5515,-0.7315,-0.5625
002778,中晟高科,18.39,True,14.9,16.37,0,-3.57,-12.66,-7.72,-8.98,0.0,2026-07-08,2026-07-08,35.22,0.2815,0.0127,0.4805,0.374,0.5605,0.1991,0.2076,-0.7694,0.1153,多周期共振看空 ⬇⬇⬇,-0.5922,-0.6209,-0.5625
600586,金晶科技,59.39,True,4.19,4.51,0,-0.85,-12.76,-7.57,-6.99,0.0,2026-07-08,2026-07-08,23.42,0.7871,-0.8795,0.4648,0.4722,0.2982,0.2254,0.2075,-0.6337,0.1831,多周期共振看空 ⬇⬇⬇,-0.4767,-0.6466,-0.3375
002743,富煌钢构,16.9,True,3.89,4.14,0,-2.94,-11.48,-7.98,-6.05,0.0,2026-07-08,2026-07-08,40.46,-0.2931,0.1499,0.4007,0.26,0.6768,0.3321,0.2074,-0.8349,0.0826,多周期共振看空 ⬇⬇⬇,-0.631,-0.7315,-0.5625
002868,绿康生化,25.37,True,23.71,24.7,3,5.66,-19.57,-9.71,-3.99,0.0,2026-07-08,2026-07-08,42.98,-0.0669,0.1113,0.6882,0.2445,0.7329,0.0,0.2073,-0.6119,0.1941,多周期共振看空 ⬇⬇⬇,-0.4401,-0.63,-0.3375
002696,百洋股份,17.35,True,5.19,5.32,1,4.38,-10.04,-5.7,-2.54,0.0,2026-07-08,2026-07-08,41.92,0.5578,-0.723,0.6142,0.3347,0.7093,0.0,0.2072,-0.7293,0.1354,多周期共振看空 ⬇⬇⬇,-0.4606,-0.7131,-0.495
600320,振华重工,133.73,True,4.04,4.3,0,-1.39,-9.05,-5.4,-6.07,0.0,2026-07-08,2026-07-08,25.0,0.4912,-0.1694,0.3375,0.427,0.3333,0.4375,0.2068,-0.7787,0.1107,多周期共振看空 ⬇⬇⬇,-0.9023,-0.6006,-0.3375
000509,华塑控股,34.02,True,3.17,3.81,1,6.9,-17.65,-10.95,-16.86,0.0,2026-07-08,2026-07-08,19.02,0.5765,-0.8247,0.5422,0.3459,0.2004,0.0963,0.2068,-0.2166,0.3917,月线震荡，中短期走弱,-0.4894,-0.196,-0.1125
605319,无锡振华,76.7,True,22.03,24.1,7,8.89,-11.62,-3.94,-8.57,0.0,2026-07-08,2026-07-08,19.1,0.5985,-0.7024,0.325,0.3591,0.2021,0.4583,0.2068,-0.5292,0.2354,多周期共振看空 ⬇⬇⬇,-0.7288,-0.2852,-0.2533
002510,天汽模,53.46,True,5.32,5.89,0,-1.23,-15.05,-7.01,-9.65,0.0,2026-07-08,2026-07-08,33.19,0.4959,-0.1695,0.5274,0.4297,0.5154,0.121,0.2066,-0.75,0.125,多周期共振看空 ⬇⬇⬇,-0.7164,-0.4718,-0.5625
002996,顺博合金,27.41,True,5.98,6.19,2,0.42,-9.77,-4.71,-3.45,0.0,2026-07-08,2026-07-08,38.06,-0.0776,0.0038,0.3341,0.2015,0.6237,0.4432,0.2064,-0.7743,0.1129,多周期共振看空 ⬇⬇⬇,-0.508,-0.7038,-0.5625
600375,汉马科技,55.73,True,3.81,3.89,2,1.73,-11.64,-5.67,-2.04,0.0,2026-07-08,2026-07-08,37.04,0.338,-0.0146,0.5269,0.397,0.6008,0.1218,0.2063,-0.8035,0.0983,多周期共振看空 ⬇⬇⬇,-0.5614,-0.7223,-0.5625
003003,天元股份,11.81,True,10.03,10.47,0,-0.73,-10.93,-6.85,-4.18,0.0,2026-07-08,2026-07-08,38.4,0.0614,-0.2303,0.2989,0.1447,0.6311,0.5018,0.206,-0.7423,0.1289,多周期共振看空 ⬇⬇⬇,-0.6265,-0.5994,-0.495
000778,新兴铸管,142.89,True,3.67,3.83,0,-1.43,-9.72,-4.99,-4.2,0.0,2026-07-08,2026-07-08,30.67,0.0621,-0.2145,0.2806,0.1515,0.4593,0.5323,0.2057,-0.5741,0.2129,多周期共振看空 ⬇⬇⬇,-0.3659,-0.6107,-0.3375
002418,康盛股份,40.23,True,3.54,4.14,3,8.05,-17.77,-8.84,-14.49,0.0,2026-07-08,2026-07-08,35.92,0.5054,-0.3331,0.7326,0.37,0.576,0.0,0.2057,-0.6379,0.181,多周期共振看空 ⬇⬇⬇,-0.8203,-0.2039,-0.495
002790,瑞尔特,14.36,True,5.51,5.69,0,-0.91,-9.41,-6.47,-3.25,0.0,2026-07-08,2026-07-08,39.29,0.3136,-0.4558,0.3165,0.2058,0.6508,0.4725,0.2056,-0.8433,0.0783,多周期共振看空 ⬇⬇⬇,-0.631,-0.75,-0.5625
600312,平高电气,224.57,True,16.55,17.98,0,-2.6,-12.95,-6.8,-7.93,0.0,2026-07-08,2026-07-08,26.76,0.4582,-0.1467,0.3744,0.4163,0.3725,0.3759,0.2056,-0.7693,0.1154,多周期共振看空 ⬇⬇⬇,-0.889,-0.5913,-0.3375
002545,东方铁塔,194.28,True,17.19,18.32,0,-1.94,-15.81,-9.6,-6.17,0.0,2026-07-08,2026-07-08,40.91,0.0355,0.0997,0.5912,0.2612,0.6869,0.0147,0.2052,-0.6126,0.1937,多周期共振看空 ⬇⬇⬇,-0.5607,-0.5282,-0.3375
002742,冀衡医药,18.23,True,3.48,3.64,2,1.49,-15.94,-8.12,-4.32,0.0,2026-07-08,2026-07-08,44.35,0.3149,-0.4592,0.6881,0.2053,0.7633,0.0,0.2052,-0.6024,0.1988,多周期共振看空 ⬇⬇⬇,-0.4116,-0.4087,-0.5625
000409,云鼎科技,48.18,True,8.16,8.6,0,-3.62,-9.8,-6.35,-5.17,0.0,2026-07-08,2026-07-08,32.06,0.2716,-0.2404,0.3202,0.2668,0.4902,0.4663,0.2052,-0.7468,0.1266,多周期共振看空 ⬇⬇⬇,-0.625,-0.5431,-0.5625
002028,思源电气,957.99,True,156.84,175.66,3,5.87,-13.5,-5.76,-10.72,0.0,2026-07-08,2026-07-08,35.07,0.2673,-0.6047,0.7041,0.1604,0.557,0.0,0.2052,-0.2836,0.3582,月线震荡，中短期走弱,-0.5534,-0.5913,0.1125
002114,罗平锌电,20.79,True,6.43,7.34,2,5.61,-16.51,-5.71,-12.34,0.0,2026-07-08,2026-07-08,35.42,0.4858,-0.1429,0.7352,0.4343,0.5648,0.0,0.2051,-0.7315,0.1342,多周期共振看空 ⬇⬇⬇,-0.5416,-0.6485,-0.495
600960,渤海汽车,37.36,True,3.93,4.04,3,2.97,-10.51,-5.06,-2.6,0.0,2026-07-08,2026-07-08,47.2,-0.0796,0.0321,0.5222,0.2128,0.8268,0.1297,0.2051,-0.7957,0.1022,多周期共振看空 ⬇⬇⬇,-0.5305,-0.7315,-0.5625
600468,百利电气,55.8,True,5.13,5.69,2,2.79,-15.06,-7.38,-9.89,0.0,2026-07-08,2026-07-08,34.45,0.3594,-0.0095,0.5694,0.4119,0.5434,0.051,0.2049,-0.7129,0.1436,多周期共振看空 ⬇⬇⬇,-0.6775,-0.6485,-0.3375
603758,秦安股份,42.56,True,9.7,9.81,4,5.11,-13.36,-6.97,-1.12,0.0,2026-07-08,2026-07-08,45.56,0.0423,0.0334,0.5095,0.2387,0.7903,0.1509,0.2048,-0.8125,0.0938,多周期共振看空 ⬇⬇⬇,-0.5845,-0.7223,-0.5625
002835,同为股份,14.6,True,11.47,11.95,0,-0.86,-9.11,-5.77,-4.05,0.0,2026-07-08,2026-07-08,38.24,0.1605,-0.1986,0.3148,0.2168,0.6275,0.4753,0.2048,-0.8415,0.0792,多周期共振看空 ⬇⬇⬇,-0.6265,-0.75,-0.5625
603217,元利科技,43.24,True,20.78,23.08,1,2.72,-16.98,-7.03,-9.98,0.0,2026-07-08,2026-07-08,32.11,-0.0962,0.2839,0.5137,0.3135,0.4913,0.1438,0.2046,-0.5695,0.2152,多周期共振看空 ⬇⬇⬇,-0.8695,-0.2363,-0.27
002615,哈尔斯,21.27,True,7.04,7.14,4,7.01,-16.95,-5.5,-1.46,0.0,2026-07-08,2026-07-08,44.9,0.0009,0.0245,0.6431,0.2104,0.7755,0.0,0.2043,-0.633,0.1835,多周期共振看空 ⬇⬇⬇,-0.4139,-0.4739,-0.5625
002873,新天药业,18.0,True,7.51,7.75,2,0.69,-10.05,-6.11,-3.11,0.0,2026-07-08,2026-07-08,44.54,-0.0237,-0.1901,0.3765,0.124,0.7675,0.3725,0.2041,-0.7845,0.1078,多周期共振看空 ⬇⬇⬇,-0.6205,-0.6299,-0.5625
002201,九鼎新材,51.95,True,8.63,11.24,9,16.87,-23.24,-2.16,-23.24,0.0,2026-07-08,2026-07-08,20.82,0.8531,-0.41,0.8178,0.5478,0.2405,0.0,0.2038,-0.5347,0.2327,多周期共振看空 ⬇⬇⬇,-0.5039,-0.4057,-0.3375
002209,达 意 隆,16.0,True,10.23,10.86,0,-1.48,-11.02,-7.04,-5.83,0.0,2026-07-08,2026-07-08,38.74,0.4689,-0.5249,0.4398,0.2814,0.6386,0.2671,0.2037,-0.8005,0.0998,多周期共振看空 ⬇⬇⬇,-0.631,-0.656,-0.5625
002920,德赛西威,513.99,True,86.15,84.7,2,1.71,-15.36,-8.6,1.71,0.0,2026-07-07,2026-07-08,45.93,-0.0909,-0.0395,0.4646,0.1842,0.7985,0.2257,0.2037,-0.8039,0.0981,多周期共振看空 ⬇⬇⬇,-0.5515,-0.7315,-0.5625
002006,精工科技,75.27,True,14.48,14.73,5,5.25,-14.03,-5.89,-1.71,0.0,2026-07-08,2026-07-08,48.46,0.1684,-0.398,0.5026,0.1418,0.8546,0.1623,0.2036,-0.7535,0.1233,多周期共振看空 ⬇⬇⬇,-0.4674,-0.6929,-0.5625
002574,明牌珠宝,22.12,True,4.19,4.42,0,-4.03,-10.04,-7.22,-5.27,0.0,2026-07-08,2026-07-08,28.13,-0.5697,0.3486,0.2801,0.3395,0.4028,0.5331,0.2036,-0.8241,0.0879,多周期共振看空 ⬇⬇⬇,-0.625,-0.7131,-0.5625
002531,天顺风能,134.9,True,7.55,8.78,0,-5.74,-17.79,-11.37,-14.0,0.0,2026-07-08,2026-07-08,20.0,0.2079,-0.1373,0.4371,0.2698,0.2222,0.2715,0.2033,-0.2894,0.3553,月线震荡，中短期走弱,-0.875,-0.2852,0.0625
601877,正泰电器,0.0,True,24.11,25.94,0,-0.52,-14.2,-5.81,-7.06,0.0,2026-07-08,2026-07-08,24.03,0.5071,-0.2714,0.2911,0.3957,0.3117,0.5148,0.2033,-0.7929,0.1035,多周期共振看空 ⬇⬇⬇,-0.8937,-0.6392,-0.3375
002247,聚力文化,13.71,True,2.13,2.24,0,-2.06,-11.12,-7.55,-4.76,0.0,2026-07-08,2026-07-08,38.18,0.1741,-0.1719,0.3539,0.2357,0.6263,0.4102,0.2033,-0.8307,0.0847,多周期共振看空 ⬇⬇⬇,-0.631,-0.7223,-0.5625
600481,双良节能,92.06,True,4.46,4.79,3,5.39,-23.06,-9.36,-6.89,0.0,2026-07-08,2026-07-08,37.92,0.6153,-0.5579,0.6467,0.3692,0.6204,0.0,0.2032,-0.7095,0.1452,多周期共振看空 ⬇⬇⬇,-0.6452,-0.5114,-0.495
002358,森源电气,49.0,True,5.27,5.73,0,-2.09,-11.96,-6.76,-8.02,0.0,2026-07-08,2026-07-08,26.71,0.5533,-0.3334,0.3754,0.3986,0.3713,0.3743,0.2031,-0.7583,0.1209,多周期共振看空 ⬇⬇⬇,-0.9115,-0.5479,-0.3375
600273,嘉化能源,86.28,True,6.58,6.8,1,0.21,-6.11,-4.0,-3.25,0.0,2026-07-08,2026-07-08,39.18,-0.0677,-0.1478,0.316,0.1409,0.6485,0.4734,0.203,-0.758,0.121,多周期共振看空 ⬇⬇⬇,-0.545,-0.7038,-0.495
603826,坤彩科技,145.98,True,22.28,28.0,3,3.46,-20.43,-8.62,-20.43,0.0,2026-07-08,2026-07-08,13.49,-0.2566,1.7561,0.5757,0.4,0.0775,0.0405,0.2029,-0.1418,0.4291,月线看多，中短期调整中,-0.7752,-0.1906,0.18
600765,中航重机,198.1,True,12.76,13.42,2,1.06,-9.8,-3.8,-4.91,0.0,2026-07-08,2026-07-08,33.6,0.2403,-0.1437,0.3698,0.2867,0.5245,0.3836,0.2029,-0.772,0.114,多周期共振看空 ⬇⬇⬇,-0.4805,-0.7223,-0.5625
002593,日上集团,22.48,True,4.01,4.22,0,-1.33,-10.65,-6.68,-4.93,0.0,2026-07-08,2026-07-08,30.21,-0.177,0.4051,0.3395,0.3621,0.4491,0.4342,0.2028,-0.8433,0.0783,多周期共振看空 ⬇⬇⬇,-0.631,-0.75,-0.5625
002760,凤形股份,17.69,True,16.38,17.17,0,-1.74,-15.41,-8.53,-4.6,0.0,2026-07-08,2026-07-08,39.2,0.2263,-0.5479,0.354,0.1358,0.649,0.41,0.2027,-0.7021,0.149,多周期共振看空 ⬇⬇⬇,-0.6003,-0.5335,-0.495
603685,晨丰科技,55.54,True,27.57,29.77,0,-2.04,-10.5,-5.93,-7.38,0.0,2026-07-08,2026-07-08,27.28,-0.0204,-0.4688,0.4264,0.0125,0.3841,0.2893,0.2026,-0.0915,0.4542,月线看多，中短期调整中,-0.5069,-0.1813,0.18
603258,电魂网络,28.09,True,11.64,12.48,0,-5.08,-10.82,-7.1,-6.71,0.0,2026-07-08,2026-07-08,35.31,-0.5424,0.2179,0.339,0.2872,0.5625,0.435,0.2026,-0.8618,0.0691,多周期共振看空 ⬇⬇⬇,-0.7,-0.7315,-0.5625
002716,湖南白银,180.41,True,7.76,8.6,2,3.1,-16.5,-6.58,-9.75,0.0,2026-07-08,2026-07-08,29.78,0.0332,0.6719,0.6575,0.4199,0.4396,0.0,0.2024,-0.5803,0.2098,多周期共振看空 ⬇⬇⬇,-0.453,-0.5497,-0.3375
601096,宏盛华源,67.53,True,4.11,4.48,0,-3.34,-10.76,-6.45,-8.26,0.0,2026-07-08,2026-07-08,20.21,0.5293,-0.2008,0.2737,0.4373,0.227,0.5439,0.2024,-0.7881,0.1059,多周期共振看空 ⬇⬇⬇,-0.8705,-0.6485,-0.3375
002725,跃岭股份,27.73,True,11.14,12.71,0,-2.73,-16.36,-8.97,-12.36,0.0,2026-07-08,2026-07-08,26.38,0.7329,-0.5358,0.5377,0.4398,0.3641,0.1039,0.2024,-0.6045,0.1977,多周期共振看空 ⬇⬇⬇,-0.5649,-0.3494,-0.495
000890,法尔胜,29.66,True,7.07,8.61,0,-1.61,-18.38,-12.84,-17.93,0.0,2026-07-08,2026-07-08,26.0,0.3238,-0.4128,0.6487,0.2292,0.3555,0.0,0.2021,-0.1765,0.4118,月线看多，中短期调整中,-0.7692,-0.3613,0.18
002092,中泰化学,99.42,True,3.86,4.1,0,-1.29,-13.85,-7.66,-5.88,0.0,2026-07-08,2026-07-08,37.59,0.3329,-0.4535,0.4286,0.2183,0.6131,0.2856,0.202,-0.6972,0.1514,多周期共振看空 ⬇⬇⬇,-0.6265,-0.6577,-0.3375
002533,金杯电工,66.63,True,10.45,10.98,1,0.56,-13.69,-6.67,-4.86,0.0,2026-07-08,2026-07-08,36.04,0.3506,-0.5056,0.4152,0.2103,0.5786,0.3079,0.2019,-0.6621,0.1689,多周期共振看空 ⬇⬇⬇,-0.613,-0.5923,-0.3375
601865,福莱特,181.74,True,9.56,10.42,0,-1.07,-13.09,-5.63,-8.27,0.0,2026-07-08,2026-07-08,28.28,0.3633,-0.1022,0.3096,0.3771,0.4063,0.484,0.2017,-0.8649,0.0675,多周期共振看空 ⬇⬇⬇,-0.6865,-0.75,-0.5625
003012,东鹏控股,51.51,True,4.54,4.59,1,0.47,-7.96,-4.47,-1.16,0.0,2026-07-08,2026-07-08,40.0,0.0185,-0.2988,0.2701,0.0916,0.6667,0.5499,0.2016,-0.774,0.113,多周期共振看空 ⬇⬇⬇,-0.4533,-0.75,-0.5625
000425,徐工机械,761.45,True,8.46,8.53,3,2.66,-11.02,-4.64,-0.79,0.0,2026-07-08,2026-07-08,41.28,0.1209,-0.12,0.5341,0.2245,0.6952,0.1098,0.2008,-0.6746,0.1627,多周期共振看空 ⬇⬇⬇,-0.4337,-0.5483,-0.5625
001269,欧晶科技,36.98,True,19.22,23.44,8,15.79,-18.68,-6.24,-17.99,0.0,2026-07-08,2026-07-08,24.52,0.7761,-0.3455,0.7441,0.5275,0.3226,0.0,0.2007,-0.6252,0.1874,多周期共振看空 ⬇⬇⬇,-0.4588,-0.4183,-0.5625
603220,中贝通信,83.99,True,19.34,22.48,4,6.76,-19.12,-7.16,-13.99,0.0,2026-07-08,2026-07-08,26.23,0.6157,-0.3413,0.7253,0.4329,0.3607,0.0,0.2006,-0.5207,0.2396,多周期共振看空 ⬇⬇⬇,-0.6195,-0.276,-0.3375
002488,金固股份,81.98,True,8.91,9.44,2,0.89,-11.84,-5.95,-5.62,0.0,2026-07-08,2026-07-08,41.32,0.1842,-0.075,0.56,0.2805,0.696,0.0667,0.2004,-0.7339,0.1331,多周期共振看空 ⬇⬇⬇,-0.6265,-0.581,-0.495
603085,天成自控,42.45,True,10.69,11.32,0,-1.48,-14.87,-8.28,-5.59,0.0,2026-07-08,2026-07-08,21.47,0.6074,-0.4385,0.5391,0.389,0.255,0.1016,0.2002,-0.4079,0.2961,多周期共振看空 ⬇⬇⬇,-0.502,-0.1961,-0.27
000997,新 大 陆,162.7,True,16.15,17.03,0,-4.23,-19.0,-10.48,-5.16,0.0,2026-07-08,2026-07-08,39.34,0.3426,-0.3475,0.4812,0.2666,0.652,0.1979,0.2002,-0.7659,0.117,多周期共振看空 ⬇⬇⬇,-0.553,-0.6467,-0.5625
603600,永艺股份,30.47,True,9.22,9.4,1,0.91,-9.75,-5.8,-1.95,0.0,2026-07-08,2026-07-08,45.49,-0.2588,-0.4464,0.3255,0.0214,0.7887,0.4575,0.2001,-0.7456,0.1272,多周期共振看空 ⬇⬇⬇,-0.5792,-0.5798,-0.5625
600794,保税科技,35.4,True,2.95,3.01,0,-0.03,-7.21,-4.01,-2.04,0.0,2026-07-08,2026-07-08,42.37,0.015,-0.305,0.3009,0.087,0.7194,0.4986,0.1999,-0.8024,0.0988,多周期共振看空 ⬇⬇⬇,-0.5262,-0.75,-0.5625
603655,朗博科技,29.61,True,27.93,30.72,0,-0.37,-14.66,-10.11,-9.08,0.0,2026-07-08,2026-07-08,33.96,0.1387,0.0275,0.4839,0.2942,0.5325,0.1936,0.1999,-0.6652,0.1674,多周期共振看空 ⬇⬇⬇,-0.622,-0.4339,-0.495
000930,中粮科技,82.05,True,4.42,4.6,0,-3.2,-11.07,-6.11,-3.95,0.0,2026-07-08,2026-07-08,34.02,-0.5113,-0.0973,0.2663,0.1611,0.5338,0.5561,0.1997,-0.7455,0.1272,多周期共振看空 ⬇⬇⬇,-0.556,-0.6669,-0.495
002724,海洋王,27.03,True,4.76,5.02,1,0.05,-7.72,-4.56,-5.23,0.0,2026-07-08,2026-07-08,33.33,0.149,-0.1536,0.2859,0.2279,0.5185,0.5235,0.1996,-0.8091,0.0954,多周期共振看空 ⬇⬇⬇,-0.5863,-0.7131,-0.5625
605122,四方新材,18.2,True,10.56,11.4,0,-3.95,-10.09,-8.04,-7.36,0.0,2026-07-08,2026-07-08,29.1,0.2186,-0.2339,0.2675,0.2376,0.4244,0.5542,0.1995,-0.7366,0.1317,多周期共振看空 ⬇⬇⬇,-0.6685,-0.4835,-0.5625
603212,赛伍技术,48.69,True,11.13,13.4,8,9.71,-24.09,-8.0,-16.97,0.0,2026-07-08,2026-07-08,25.99,0.7046,-0.5926,0.872,0.4228,0.3553,0.0,0.1992,-0.5093,0.2454,多周期共振看空 ⬇⬇⬇,-0.5285,-0.3289,-0.3375
600550,保变电气,197.04,True,10.7,12.0,2,1.98,-14.28,-6.74,-10.84,0.0,2026-07-08,2026-07-08,22.37,0.7321,-0.3135,0.496,0.5139,0.2749,0.1733,0.1991,-0.6981,0.1509,多周期共振看空 ⬇⬇⬇,-0.6506,-0.6392,-0.3375
601689,拓普集团,951.12,True,54.73,58.81,5,3.68,-14.65,-6.06,-6.94,0.0,2026-07-08,2026-07-08,41.25,0.1504,-0.2125,0.7229,0.2052,0.6944,0.0,0.199,-0.5694,0.2153,多周期共振看空 ⬇⬇⬇,-0.3554,-0.3842,-0.5625
605566,福莱蒽特,39.47,True,29.6,41.1,11,21.39,-27.98,-2.13,-27.98,0.0,2026-07-08,2026-07-08,8.82,0.6023,-0.5598,0.8477,0.3614,0.0,0.0,0.1988,0.0122,0.5061,多周期方向不一致，观望,-0.2483,-0.0148,0.2813
000819,岳阳兴长,40.88,True,11.17,12.44,0,-7.19,-15.25,-10.12,-10.22,0.0,2026-07-08,2026-07-08,21.33,0.5933,-0.1527,0.3676,0.4949,0.2517,0.3874,0.1988,-0.8138,0.0931,多周期共振看空 ⬇⬇⬇,-0.7695,-0.5665,-0.5625
002381,双箭股份,16.97,True,5.27,5.39,2,0.65,-6.74,-4.12,-2.19,0.0,2026-07-08,2026-07-08,44.33,-0.0158,-0.4763,0.2709,0.0095,0.7629,0.5485,0.1987,-0.7796,0.1102,多周期共振看空 ⬇⬇⬇,-0.5216,-0.7038,-0.5625
603168,莎普爱思,17.92,True,4.81,5.05,0,-1.26,-11.17,-7.33,-4.79,0.0,2026-07-08,2026-07-08,41.06,-0.5239,0.0307,0.404,0.2123,0.6902,0.3266,0.1985,-0.8415,0.0792,多周期共振看空 ⬇⬇⬇,-0.6265,-0.75,-0.5625
603286,日盈电子,56.71,True,48.79,51.84,3,7.33,-18.82,-8.2,-5.89,0.0,2026-07-08,2026-07-08,39.32,0.1731,-0.2854,0.8299,0.1897,0.6516,0.0,0.1983,-0.4993,0.2503,多周期共振看空 ⬇⬇⬇,-0.4552,-0.3696,-0.3375
603086,先达股份,23.31,True,5.36,5.55,1,0.24,-10.38,-5.86,-3.5,0.0,2026-07-08,2026-07-08,41.22,-0.4201,-0.1813,0.3154,0.1275,0.6938,0.4744,0.1982,-0.8308,0.0846,多周期共振看空 ⬇⬇⬇,-0.5989,-0.75,-0.5625
001278,一彬科技,12.69,True,14.87,16.28,0,-2.47,-15.46,-8.64,-8.64,0.0,2026-07-08,2026-07-08,33.27,0.4561,-0.7292,0.3709,0.2736,0.5171,0.3818,0.1981,-0.7788,0.1106,多周期共振看空 ⬇⬇⬇,-0.6865,-0.6283,-0.495
002243,力合科创,77.79,True,6.46,6.9,0,-1.63,-19.43,-11.85,-6.39,0.0,2026-07-08,2026-07-08,28.96,0.6872,-0.6999,0.4355,0.4123,0.4214,0.2742,0.1981,-0.7995,0.1003,多周期共振看空 ⬇⬇⬇,-0.607,-0.6744,-0.5625
001368,通达创智,22.68,True,20.98,21.85,0,-0.13,-10.87,-7.61,-3.97,0.0,2026-07-08,2026-07-08,38.96,0.0927,-0.6091,0.3126,0.0556,0.6436,0.4791,0.1978,-0.6623,0.1689,多周期共振看空 ⬇⬇⬇,-0.613,-0.4352,-0.495
002765,蓝黛科技,43.62,True,7.32,7.58,3,4.54,-11.39,-5.58,-3.48,0.0,2026-07-08,2026-07-08,36.7,0.2079,0.129,0.5537,0.3763,0.5933,0.0772,0.1975,-0.7962,0.1019,多周期共振看空 ⬇⬇⬇,-0.5104,-0.75,-0.5625
600271,航天信息,120.99,True,6.53,6.81,0,-2.18,-9.71,-5.58,-4.13,0.0,2026-07-08,2026-07-08,34.94,0.0644,-0.0298,0.3148,0.2267,0.5542,0.4753,0.1972,-0.8308,0.0846,多周期共振看空 ⬇⬇⬇,-0.6205,-0.7315,-0.5625
603113,金能科技,35.55,True,4.19,4.48,0,-3.73,-12.56,-7.35,-6.49,0.0,2026-07-08,2026-07-08,28.7,-0.6297,0.3417,0.3463,0.3367,0.4155,0.4229,0.1971,-0.7989,0.1005,多周期共振看空 ⬇⬇⬇,-0.625,-0.6577,-0.5625
603319,美湖股份,106.9,True,31.52,33.92,4,17.32,-14.12,-3.85,-7.07,0.0,2026-07-08,2026-07-08,32.93,0.4955,-0.4725,0.6457,0.3083,0.5095,0.0,0.1971,-0.5275,0.2363,多周期共振看空 ⬇⬇⬇,-0.374,-0.3438,-0.495
600361,创新新材,129.9,True,3.48,3.78,0,-0.38,-12.47,-7.01,-7.96,0.0,2026-07-08,2026-07-08,25.0,0.7217,-0.6629,0.4251,0.433,0.3333,0.2915,0.1968,-0.7513,0.1244,多周期共振看空 ⬇⬇⬇,-0.8255,-0.4487,-0.495
605151,西上海,24.34,True,18.09,18.94,2,5.14,-11.12,-6.54,-4.5,0.0,2026-07-08,2026-07-08,45.61,-0.1002,-0.2733,0.644,0.0907,0.7913,0.0,0.1967,-0.5211,0.2394,多周期共振看空 ⬇⬇⬇,-0.4044,-0.3037,-0.495
003022,联泓新科,284.63,True,21.33,25.69,11,12.99,-16.98,0.02,-16.98,0.0,2026-07-08,2026-07-08,17.76,0.1564,-0.3234,0.5957,0.1645,0.1725,0.0071,0.1966,0.0972,0.5486,多周期方向不一致，观望,-0.1749,0.127,0.45
002532,天山铝业,454.63,True,11.07,11.97,0,-4.59,-16.77,-11.64,-7.52,0.0,2026-07-08,2026-07-08,35.98,0.1128,0.0744,0.5639,0.2974,0.5774,0.0601,0.1965,-0.645,0.1775,多周期共振看空 ⬇⬇⬇,-0.538,-0.619,-0.3375
600230,沧州大化,52.99,True,12.8,14.13,3,3.79,-11.32,-4.84,-9.43,0.0,2026-07-08,2026-07-08,34.74,0.1679,0.1518,0.5452,0.3614,0.5498,0.0914,0.1965,-0.7391,0.1305,多周期共振看空 ⬇⬇⬇,-0.7449,-0.6485,-0.3375
603418,友升股份,18.43,True,44.56,48.07,5,4.85,-13.45,-4.05,-7.3,0.0,2026-07-08,2026-07-08,34.76,0.065,-0.0994,0.5464,0.1992,0.5503,0.0893,0.1962,-0.4811,0.2594,周线日线共振看空,-0.4578,-0.3522,
603229,奥翔药业,66.01,True,7.95,8.23,2,1.84,-12.65,-7.64,-3.35,0.0,2026-07-08,2026-07-08,44.34,0.0044,-0.2504,0.451,0.1025,0.763,0.2484,0.1962,-0.7091,0.1455,多周期共振看空 ⬇⬇⬇,-0.6175,-0.4667,-0.5625
603248,锡华科技,13.76,True,19.24,22.11,0,-5.69,-15.83,-10.5,-12.97,0.0,2026-07-08,2026-07-08,16.51,0.2621,-0.3245,0.3798,0.2275,0.1447,0.3669,0.1961,-0.2625,0.3688,周线日线方向不一致,-0.875,0.0,
601727,上海电气,854.08,True,6.77,7.1,0,-3.53,-14.12,-7.4,-4.67,0.0,2026-07-08,2026-07-08,29.56,0.4378,-0.5472,0.2953,0.2627,0.4347,0.5079,0.1961,-0.7795,0.1103,多周期共振看空 ⬇⬇⬇,-0.5665,-0.6652,-0.5625
002651,利君股份,41.45,True,7.33,7.71,1,1.69,-8.98,-4.51,-4.96,0.0,2026-07-08,2026-07-08,33.99,0.1455,-0.1405,0.3371,0.2311,0.5331,0.4381,0.196,-0.7918,0.1041,多周期共振看空 ⬇⬇⬇,-0.5314,-0.7223,-0.5625
603172,万丰股份,21.78,True,16.33,17.77,0,-1.55,-13.02,-7.04,-8.1,0.0,2026-07-08,2026-07-08,36.27,0.2727,-0.3082,0.4585,0.2403,0.5837,0.2359,0.196,-0.7055,0.1472,多周期共振看空 ⬇⬇⬇,-0.759,-0.5625,-0.3375
002351,漫步者,47.57,True,9.13,9.65,0,-3.62,-11.7,-7.15,-5.35,0.0,2026-07-08,2026-07-08,30.47,0.5642,-0.5192,0.3572,0.3385,0.4549,0.4047,0.1959,-0.8438,0.0781,多周期共振看空 ⬇⬇⬇,-0.7185,-0.6762,-0.5625
600610,中毅达,44.51,True,6.28,7.1,0,-0.69,-15.62,-8.57,-11.6,0.0,2026-07-08,2026-07-08,21.11,0.8267,-0.3979,0.4511,0.5369,0.2468,0.2482,0.1958,-0.7872,0.1064,多周期共振看空 ⬇⬇⬇,-0.6121,-0.643,-0.5625
002426,胜利精密,114.67,True,3.37,3.85,13,14.63,-12.43,2.26,-12.43,0.0,2026-07-08,2026-07-08,27.78,0.4353,-0.7341,0.6695,0.2612,0.3951,0.0,0.1954,-0.3292,0.3354,多周期共振看空 ⬇⬇⬇,-0.1661,-0.3562,-0.225
002098,浔兴股份,23.34,True,6.52,6.76,0,-1.22,-9.74,-5.68,-3.59,0.0,2026-07-08,2026-07-08,38.52,-0.122,-0.1673,0.284,0.1331,0.6337,0.5267,0.195,-0.8344,0.0828,多周期共振看空 ⬇⬇⬇,-0.619,-0.7408,-0.5625
002316,亚联发展,13.63,True,4.0,4.29,0,-2.79,-13.02,-8.89,-6.78,0.0,2026-07-08,2026-07-08,39.55,0.2032,-0.3775,0.403,0.1709,0.6567,0.3283,0.1947,-0.7664,0.1168,多周期共振看空 ⬇⬇⬇,-0.631,-0.581,-0.5625
002553,南方精工,39.3,True,15.34,16.89,2,0.7,-13.43,-6.69,-9.15,0.0,2026-07-08,2026-07-08,34.55,0.5392,-0.2466,0.5741,0.4249,0.5455,0.0431,0.1945,-0.813,0.0935,多周期共振看空 ⬇⬇⬇,-0.5642,-0.7408,-0.5625
002067,景兴纸业,49.22,True,3.68,3.98,2,3.38,-16.19,-10.06,-7.53,0.0,2026-07-08,2026-07-08,36.54,-0.0555,0.3877,0.5946,0.3551,0.5897,0.009,0.1942,-0.7295,0.1352,多周期共振看空 ⬇⬇⬇,-0.6078,-0.5199,-0.5625
002678,珠江钢琴,56.75,True,4.18,4.66,1,1.05,-20.33,-13.13,-10.32,0.0,2026-07-08,2026-07-08,16.98,0.6743,-0.7523,0.3694,0.4046,0.1551,0.3843,0.1942,-0.5872,0.2064,多周期共振看空 ⬇⬇⬇,-0.7425,-0.3167,-0.3375
002011,盾安环境,110.63,True,10.44,10.62,3,2.5,-12.17,-6.22,-1.69,0.0,2026-07-08,2026-07-08,43.54,-0.03,-0.5961,0.393,0.0,0.7454,0.345,0.1941,-0.6173,0.1914,多周期共振看空 ⬇⬇⬇,-0.3574,-0.4879,-0.5625
002279,久其软件,44.79,True,5.63,6.18,1,1.3,-15.44,-7.74,-8.94,0.0,2026-07-08,2026-07-08,25.71,0.7077,-0.4292,0.421,0.4529,0.3492,0.2984,0.1941,-0.8295,0.0852,多周期共振看空 ⬇⬇⬇,-0.774,-0.6647,-0.495
001319,铭科精技,13.35,True,21.04,21.74,5,3.95,-13.56,-4.62,-3.21,0.0,2026-07-08,2026-07-08,40.77,0.2633,-0.3777,0.5645,0.2069,0.6838,0.0592,0.1939,-0.6477,0.1761,多周期共振看空 ⬇⬇⬇,-0.3706,-0.5433,-0.5625
603822,ST嘉澳,47.94,True,62.4,72.48,6,8.08,-13.91,-4.07,-13.91,0.0,2026-07-08,2026-07-08,33.56,-0.1501,1.3438,0.6214,0.4,0.5236,0.0,0.1939,-0.7174,0.1413,多周期共振看空 ⬇⬇⬇,-0.5246,-0.632,-0.495
600207,安彩高科,49.24,True,4.52,5.8,0,-0.75,-22.24,-10.7,-22.04,0.0,2026-07-08,2026-07-08,11.88,0.7462,-0.7324,0.6659,0.4477,0.0418,0.0,0.1939,-0.2152,0.3924,多周期方向不一致，观望,-0.6755,-0.121,-0.246
002161,远 望 谷,38.68,True,5.23,5.66,4,2.81,-12.84,-5.53,-7.61,0.0,2026-07-08,2026-07-08,29.32,0.6969,-0.2359,0.6855,0.5238,0.4293,0.0,0.1938,-0.803,0.0985,多周期共振看空 ⬇⬇⬇,-0.5707,-0.7131,-0.5625
000880,潍柴重机,51.31,True,22.6,24.03,0,-1.24,-20.29,-10.85,-5.94,0.0,2026-07-08,2026-07-08,34.54,0.4382,-0.6108,0.5423,0.2629,0.5452,0.0961,0.1937,-0.6024,0.1988,多周期共振看空 ⬇⬇⬇,-0.398,-0.4203,-0.5625
603926,铁流股份,40.0,True,17.33,18.59,3,3.95,-13.84,-7.4,-6.78,0.0,2026-07-08,2026-07-08,38.14,0.2454,-0.3756,0.6524,0.197,0.6254,0.0,0.1937,-0.5161,0.2419,多周期共振看空 ⬇⬇⬇,-0.5315,-0.3412,-0.3375
002540,亚太科技,40.94,True,4.77,4.87,0,-0.27,-9.48,-5.34,-2.13,0.0,2026-07-08,2026-07-08,39.56,-0.3323,-0.3263,0.2766,0.0695,0.6569,0.539,0.1937,-0.7809,0.1095,多周期共振看空 ⬇⬇⬇,-0.4926,-0.7315,-0.5625
603382,海阳科技,19.06,True,16.5,18.3,0,-4.99,-12.87,-10.0,-9.83,0.0,2026-07-08,2026-07-08,27.11,0.1222,0.2491,0.3263,0.3729,0.3803,0.4561,0.1935,-0.8702,0.0649,多周期共振看空 ⬇⬇⬇,-0.7,-0.75,-0.5625
002857,三晖电气,20.43,True,15.89,17.09,0,-0.09,-16.8,-7.5,-7.03,0.0,2026-07-08,2026-07-08,35.63,0.4735,-0.5805,0.4924,0.2841,0.5694,0.1793,0.1931,-0.7367,0.1316,多周期共振看空 ⬇⬇⬇,-0.4654,-0.6577,-0.5625
603326,我乐家居,19.88,True,6.23,6.55,0,-2.63,-9.56,-7.07,-4.89,0.0,2026-07-08,2026-07-08,36.62,0.0571,-0.2064,0.2827,0.1517,0.5915,0.5289,0.1931,-0.8307,0.0847,多周期共振看空 ⬇⬇⬇,-0.631,-0.7223,-0.5625
002792,通宇通讯,106.01,True,31.38,35.48,0,-0.47,-16.45,-9.78,-11.55,0.0,2026-07-08,2026-07-08,30.36,0.6193,-0.602,0.5597,0.3716,0.4524,0.0671,0.193,-0.6469,0.1765,多周期共振看空 ⬇⬇⬇,-0.7433,-0.4472,-0.3375
603188,亚邦股份,21.84,True,3.83,4.15,0,-0.72,-10.23,-5.63,-7.74,0.0,2026-07-08,2026-07-08,35.88,0.0161,-0.0754,0.3941,0.1795,0.5751,0.3432,0.1929,-0.7087,0.1457,多周期共振看空 ⬇⬇⬇,-0.7505,-0.5768,-0.3375
600456,宝钛股份,125.08,True,26.18,28.63,2,4.08,-12.55,-6.02,-8.56,0.0,2026-07-08,2026-07-08,33.39,0.499,-0.3381,0.5432,0.3642,0.5197,0.0946,0.1928,-0.7399,0.13,多周期共振看空 ⬇⬇⬇,-0.5768,-0.6367,-0.495
600724,宁波富达,75.57,True,5.23,5.85,0,-3.24,-18.11,-9.4,-10.64,0.0,2026-07-08,2026-07-08,32.51,-0.2584,0.225,0.6929,0.29,0.5002,0.0,0.1928,-0.5221,0.2389,多周期共振看空 ⬇⬇⬇,-0.6673,-0.2379,-0.3375
001356,富岭股份,16.87,True,8.41,8.81,0,-1.91,-12.17,-7.13,-4.54,0.0,2026-07-08,2026-07-08,29.53,0.3293,-0.343,0.2973,0.2604,0.4341,0.5044,0.1927,-0.7997,0.1002,多周期共振看空 ⬇⬇⬇,-0.5515,-0.7223,-0.5625
000410,沈阳机床,89.29,True,4.53,4.93,1,0.37,-11.31,-5.51,-8.09,0.0,2026-07-08,2026-07-08,33.92,0.3749,-0.2522,0.4298,0.3241,0.5315,0.2836,0.1927,-0.8415,0.0792,多周期共振看空 ⬇⬇⬇,-0.6265,-0.75,-0.5625
601766,中国中车,1316.13,True,5.41,5.48,4,0.58,-7.05,-2.77,-1.22,0.0394,2026-07-08,2026-07-08,36.67,-0.1564,-0.5207,0.2634,0.0,0.5926,0.561,0.1927,-0.7129,0.1436,多周期共振看空 ⬇⬇⬇,-0.2967,-0.75,-0.5625
000523,红棉股份,34.85,True,2.63,2.74,0,-3.96,-12.32,-7.72,-3.96,0.0,2026-07-08,2026-07-08,30.0,-0.3654,0.0269,0.2757,0.2108,0.4444,0.5405,0.1926,-0.7623,0.1189,多周期共振看空 ⬇⬇⬇,-0.556,-0.7038,-0.495
002300,太阳电缆,45.0,True,6.23,7.0,0,-6.37,-15.9,-10.9,-10.94,0.0,2026-07-08,2026-07-08,13.46,0.4616,-0.1412,0.3032,0.4205,0.0769,0.4946,0.1926,-0.6198,0.1901,多周期共振看空 ⬇⬇⬇,-0.7,-0.4247,-0.3375
001288,运机集团,34.84,True,22.94,25.3,8,9.5,-9.43,-1.68,-9.35,0.0,2026-07-08,2026-07-08,33.04,0.4788,-0.4193,0.5955,0.3196,0.512,0.0074,0.1925,-0.5916,0.2042,多周期共振看空 ⬇⬇⬇,-0.3456,-0.509,-0.495
600513,联环药业,41.25,True,14.45,15.41,2,1.95,-12.18,-6.64,-6.21,0.0,2026-07-08,2026-07-08,39.46,-0.2193,-0.0575,0.5114,0.177,0.6547,0.1477,0.1925,-0.6472,0.1764,多周期共振看空 ⬇⬇⬇,-0.5052,-0.4943,-0.495
603013,亚普股份,82.99,True,16.33,16.84,2,3.82,-13.09,-6.92,-3.03,0.0,2026-07-08,2026-07-08,40.83,0.2714,-0.3218,0.5108,0.2341,0.6851,0.1486,0.1921,-0.7788,0.1106,多周期共振看空 ⬇⬇⬇,-0.5753,-0.656,-0.5625
002105,信隆健康,17.82,True,4.89,5.2,0,-1.81,-10.26,-7.37,-5.98,0.0,2026-07-08,2026-07-08,37.59,-0.4017,-0.0322,0.3548,0.1871,0.6131,0.4086,0.1919,-0.8265,0.0867,多周期共振看空 ⬇⬇⬇,-0.631,-0.7131,-0.5625
601702,华峰铝业,142.89,True,14.31,15.44,0,-0.3,-20.11,-11.72,-7.32,0.0,2026-07-08,2026-07-08,29.0,0.5059,-0.4453,0.4594,0.3254,0.4222,0.2343,0.1918,-0.6805,0.1598,多周期共振看空 ⬇⬇⬇,-0.511,-0.5627,-0.495
003028,振邦智能,15.74,True,22.32,23.62,2,2.18,-13.12,-7.61,-5.51,0.0,2026-07-08,2026-07-08,35.44,-0.0041,0.2001,0.5195,0.2801,0.5654,0.1342,0.1916,-0.7013,0.1493,多周期共振看空 ⬇⬇⬇,-0.5995,-0.465,-0.5625
002578,闽发铝业,25.75,True,2.99,3.36,0,-3.94,-13.49,-9.49,-11.12,0.0,2026-07-08,2026-07-08,18.18,0.7694,-0.505,0.4,0.4617,0.1818,0.3334,0.1914,-0.6922,0.1539,多周期共振看空 ⬇⬇⬇,-0.765,-0.5282,-0.3375
002676,顺威股份,35.57,True,4.94,5.22,4,2.92,-12.13,-4.2,-5.43,0.0,2026-07-08,2026-07-08,36.14,0.321,-0.3869,0.4369,0.2378,0.581,0.2719,0.1913,-0.7645,0.1178,多周期共振看空 ⬇⬇⬇,-0.4612,-0.7223,-0.5625
002085,万丰奥威,220.61,True,10.39,11.99,6,9.63,-13.36,-2.72,-13.36,0.0,2026-07-08,2026-07-08,19.2,0.8288,-0.1427,0.615,0.6402,0.2045,0.0,0.1911,-0.7406,0.1297,多周期共振看空 ⬇⬇⬇,-0.4557,-0.6745,-0.5625
002932,*ST明德,22.52,True,14.43,14.68,3,1.7,-7.62,-4.04,-1.71,0.0,2026-07-08,2026-07-08,41.79,-0.3907,-0.4467,0.2736,0.0213,0.7065,0.5439,0.1909,-0.7899,0.105,多周期共振看空 ⬇⬇⬇,-0.5048,-0.7408,-0.5625
002987,京北方,97.88,True,9.67,10.62,1,2.46,-14.36,-6.99,-8.93,0.0,2026-07-08,2026-07-08,24.79,0.7764,-0.7333,0.3858,0.4658,0.3287,0.357,0.1908,-0.899,0.0505,多周期共振看空 ⬇⬇⬇,-0.774,-0.75,-0.5625
001225,和泰机电,8.19,True,38.93,41.9,1,1.89,-14.06,-8.37,-7.08,0.0,2026-07-08,2026-07-08,43.13,0.2381,-0.5106,0.5818,0.1428,0.7362,0.0304,0.1908,-0.6102,0.1949,多周期共振看空 ⬇⬇⬇,-0.4289,-0.4785,-0.495
000401,金隅冀东,91.04,True,3.46,3.6,0,-1.62,-10.59,-5.1,-3.8,0.0,2026-07-08,2026-07-08,31.58,-0.2405,-0.0698,0.2622,0.1721,0.4795,0.563,0.1908,-0.7749,0.1125,多周期共振看空 ⬇⬇⬇,-0.5095,-0.7038,-0.5625
002094,青岛金王,30.03,True,4.35,4.61,0,-3.97,-11.13,-7.24,-5.62,0.0,2026-07-08,2026-07-08,28.16,0.2758,-0.2112,0.2957,0.281,0.4035,0.5072,0.1907,-0.814,0.093,多周期共振看空 ⬇⬇⬇,-0.556,-0.75,-0.5625
603801,志邦家居,23.93,True,5.51,5.87,0,-4.67,-12.86,-9.33,-6.16,0.0,2026-07-08,2026-07-08,26.5,-0.5572,0.2735,0.2993,0.3094,0.3666,0.5011,0.1907,-0.8098,0.0951,多周期共振看空 ⬇⬇⬇,-0.556,-0.7408,-0.5625
002248,华东数控,26.69,True,8.68,9.31,1,0.58,-15.14,-7.49,-6.72,0.0,2026-07-08,2026-07-08,36.96,0.2763,-0.4626,0.4205,0.1807,0.599,0.2992,0.1907,-0.7214,0.1393,多周期共振看空 ⬇⬇⬇,-0.6175,-0.5613,-0.495
000809,和展能源,25.16,True,3.05,3.48,1,5.62,-14.96,-8.88,-12.44,0.0,2026-07-08,2026-07-08,15.31,0.8149,-0.5779,0.5622,0.489,0.1179,0.063,0.1905,-0.4502,0.2749,多周期共振看空 ⬇⬇⬇,-0.594,-0.2102,-0.27
603015,弘讯科技,42.28,True,10.46,12.15,11,7.32,-13.9,-0.89,-13.9,0.0,2026-07-08,2026-07-08,30.37,0.5564,-0.6699,0.6071,0.3338,0.4526,0.0,0.1904,-0.5541,0.2229,多周期共振看空 ⬇⬇⬇,-0.3453,-0.4268,-0.495
000856,冀东装备,16.25,True,7.16,7.65,0,-1.92,-12.66,-9.33,-6.41,0.0,2026-07-08,2026-07-08,34.67,0.2551,-0.3285,0.3651,0.2217,0.5481,0.3916,0.19,-0.8055,0.0973,多周期共振看空 ⬇⬇⬇,-0.631,-0.6669,-0.5625
603799,华友钴业,805.63,True,42.68,49.14,2,5.33,-16.69,-5.72,-13.15,0.0,2026-07-08,2026-07-08,27.49,0.5627,0.0482,0.5958,0.5569,0.3886,0.007,0.1899,-0.8439,0.0781,多周期共振看空 ⬇⬇⬇,-0.821,-0.656,-0.495
000933,神火股份,491.96,True,21.89,23.44,0,-5.22,-18.51,-11.64,-6.6,0.0,2026-07-08,2026-07-08,37.01,0.1322,-0.065,0.5706,0.2533,0.6003,0.049,0.1899,-0.6454,0.1773,多周期共振看空 ⬇⬇⬇,-0.5605,-0.6006,-0.3375
603421,鼎信通讯,37.89,True,5.81,6.31,0,-2.45,-13.36,-8.29,-7.94,0.0,2026-07-08,2026-07-08,27.11,0.3325,-0.2005,0.3642,0.3193,0.3802,0.3929,0.1896,-0.7649,0.1175,多周期共振看空 ⬇⬇⬇,-0.7,-0.5862,-0.495
603798,康普顿,35.62,True,13.89,14.86,2,1.36,-11.72,-5.09,-6.53,0.0,2026-07-08,2026-07-08,33.44,0.1657,-0.1462,0.6211,0.241,0.5209,0.0,0.1896,-0.4942,0.2529,多周期共振看空 ⬇⬇⬇,-0.4885,-0.2399,-0.4275
002005,ST德豪,42.05,True,2.4,2.54,0,-1.06,-17.56,-7.36,-5.42,0.0,2026-07-08,2026-07-08,35.96,-0.406,0.0042,0.547,0.2017,0.577,0.0884,0.1896,-0.5693,0.2153,多周期共振看空 ⬇⬇⬇,-0.52,-0.4679,-0.3375
600219,南山铝业,462.79,True,4.03,4.36,0,-3.65,-13.53,-8.85,-7.56,0.0,2026-07-08,2026-07-08,30.26,0.3481,-0.3875,0.4347,0.2539,0.4503,0.2756,0.1895,-0.651,0.1745,多周期共振看空 ⬇⬇⬇,-0.5515,-0.6206,-0.3375
002313,日海智能,0.0,True,7.68,7.9,1,0.54,-13.26,-7.87,-2.79,0.0,2026-07-08,2026-07-08,42.82,-0.054,0.0368,0.6059,0.2147,0.7293,0.0,0.1893,-0.7042,0.1479,多周期共振看空 ⬇⬇⬇,-0.5065,-0.551,-0.5625
605258,协和电子,23.35,True,26.53,33.42,6,4.76,-20.62,-5.03,-20.62,0.0,2026-07-08,2026-07-08,16.64,0.5892,-0.5455,0.6008,0.3535,0.1475,0.0,0.189,-0.2309,0.3846,多周期方向不一致，观望,-0.6979,-0.1469,-0.27
002434,万里扬,79.73,True,6.08,6.49,2,1.23,-13.69,-6.18,-6.31,0.0,2026-07-08,2026-07-08,34.3,0.232,0.2197,0.5855,0.4271,0.5399,0.0242,0.1889,-0.8398,0.0801,多周期共振看空 ⬇⬇⬇,-0.622,-0.75,-0.5625
603488,展鹏科技,24.94,True,8.54,11.05,10,11.5,-22.69,-4.41,-22.69,0.0,2026-07-08,2026-07-08,11.33,0.6805,-0.4817,0.6922,0.4156,0.0296,0.0,0.1888,-0.1902,0.4049,多周期方向不一致，观望,-0.5375,-0.1052,-0.27
002296,辉煌科技,30.6,True,8.81,9.18,0,-0.96,-9.92,-5.67,-4.0,0.0,2026-07-08,2026-07-08,38.25,-0.2244,-0.1991,0.3684,0.1204,0.6277,0.386,0.1886,-0.7455,0.1272,多周期共振看空 ⬇⬇⬇,-0.556,-0.6669,-0.495
000936,华西股份,44.74,True,5.05,5.51,0,-5.43,-15.1,-9.22,-8.3,0.0,2026-07-08,2026-07-08,25.0,0.5161,-0.3891,0.3306,0.3541,0.3333,0.4491,0.1886,-0.8167,0.0917,多周期共振看空 ⬇⬇⬇,-0.6955,-0.6363,-0.5625
603788,宁波高发,30.31,True,13.59,14.19,0,-0.54,-7.48,-4.98,-4.26,0.0,2026-07-08,2026-07-08,35.66,0.0888,-0.5343,0.2683,0.0533,0.5703,0.5529,0.1886,-0.7034,0.1483,多周期共振看空 ⬇⬇⬇,-0.5515,-0.5107,-0.5625
002523,天桥起重,41.08,True,2.91,3.12,0,-1.96,-10.12,-6.29,-6.82,0.0,2026-07-08,2026-07-08,32.91,0.2773,-0.3616,0.3191,0.2217,0.5091,0.4682,0.1882,-0.8349,0.0826,多周期共振看空 ⬇⬇⬇,-0.631,-0.7315,-0.5625
603278,大业股份,32.98,True,9.65,11.57,2,0.5,-16.56,-7.53,-16.56,0.0,2026-07-08,2026-07-08,26.68,0.6691,-0.5646,0.7481,0.4014,0.3706,0.0,0.1882,-0.5812,0.2094,多周期共振看空 ⬇⬇⬇,-0.5499,-0.311,-0.495
600774,汉商集团,18.9,True,6.41,6.7,0,-0.56,-9.84,-6.28,-4.39,0.0,2026-07-08,2026-07-08,43.18,-0.4978,-0.1452,0.423,0.1419,0.7374,0.2951,0.1881,-0.8433,0.0783,多周期共振看空 ⬇⬇⬇,-0.631,-0.75,-0.5625
002264,新 华 都,38.37,True,5.86,6.0,0,-0.37,-10.94,-6.3,-2.27,0.0,2026-07-08,2026-07-08,42.67,-0.1771,-0.4018,0.3334,0.0393,0.7259,0.4443,0.188,-0.7857,0.1072,多周期共振看空 ⬇⬇⬇,-0.6159,-0.7038,-0.495
603699,纽威股份,362.77,True,47.85,51.37,1,1.36,-11.99,-5.8,-6.85,0.0,2026-07-08,2026-07-08,32.52,-0.0431,-0.3857,0.5579,0.0457,0.5003,0.0701,0.1878,-0.227,0.3865,月线震荡，中短期走弱,-0.533,-0.2275,-0.0788
002226,江南化工,120.53,True,4.55,4.67,0,-1.11,-11.58,-5.82,-2.53,0.0,2026-07-08,2026-07-08,32.77,0.1892,-0.3215,0.3726,0.1849,0.5061,0.3791,0.1877,-0.7052,0.1474,多周期共振看空 ⬇⬇⬇,-0.547,-0.5185,-0.5625
000016,*ST康佳A,40.23,True,2.52,2.59,0,-0.45,-23.16,-11.96,-2.7,0.0,2026-07-08,2026-07-08,40.74,-0.136,0.1864,0.6818,0.2746,0.6831,0.0,0.1875,-0.759,0.1205,多周期共振看空 ⬇⬇⬇,-0.5245,-0.656,-0.5625
603208,江山欧派,18.84,True,10.71,11.16,0,-1.75,-12.41,-7.09,-4.03,0.0,2026-07-08,2026-07-08,46.64,-0.0343,-0.622,0.4036,0.0,0.8143,0.3273,0.1874,-0.7396,0.1302,多周期共振看空 ⬇⬇⬇,-0.4318,-0.6929,-0.5625
603406,天富龙,9.4,True,25.65,27.12,0,-1.74,-10.12,-5.73,-5.4,0.0,2026-07-08,2026-07-08,24.28,0.4237,-0.2999,0.2923,0.3343,0.3174,0.5128,0.1874,-0.8266,0.0867,周线日线共振看空,-0.6175,-0.75,
600052,东望时代,30.05,True,3.56,3.69,2,3.4,-13.11,-6.54,-3.61,0.0,2026-07-08,2026-07-08,36.43,0.2817,-0.3241,0.58,0.2394,0.5873,0.0334,0.1873,-0.6159,0.192,多周期共振看空 ⬇⬇⬇,-0.3592,-0.4832,-0.5625
600746,江苏索普,61.66,True,5.28,5.65,0,-3.83,-12.84,-8.26,-6.59,0.0,2026-07-08,2026-07-08,28.08,0.1446,-0.1041,0.3414,0.2451,0.4018,0.4309,0.1872,-0.7218,0.1391,多周期共振看空 ⬇⬇⬇,-0.6265,-0.5544,-0.495
002197,证通电子,30.28,True,5.67,6.02,0,-0.85,-13.42,-7.0,-5.75,0.0,2026-07-08,2026-07-08,37.84,0.1593,-0.1796,0.4361,0.2238,0.6186,0.2731,0.1872,-0.8213,0.0893,多周期共振看空 ⬇⬇⬇,-0.607,-0.7223,-0.5625
600426,华鲁恒升,526.44,True,24.89,25.86,0,-0.18,-12.96,-7.22,-3.74,0.0,2026-07-08,2026-07-08,43.06,0.1572,-0.465,0.5108,0.1083,0.7347,0.1486,0.1871,-0.6771,0.1614,多周期共振看空 ⬇⬇⬇,-0.631,-0.6098,-0.3375
000625,长安汽车,577.88,True,6.99,7.26,0,-1.82,-9.81,-5.86,-3.75,0.0,2026-07-08,2026-07-08,36.84,-0.1038,-0.136,0.3113,0.1456,0.5965,0.4812,0.1867,-0.8398,0.0801,多周期共振看空 ⬇⬇⬇,-0.622,-0.75,-0.5625
001277,速达股份,12.32,True,27.05,29.15,1,0.04,-9.67,-6.43,-7.21,0.0,2026-07-08,2026-07-08,35.61,0.1229,-0.1693,0.3464,0.206,0.5692,0.4227,0.1866,-0.8576,0.0712,多周期共振看空 ⬇⬇⬇,-0.7,-0.7223,-0.5625
605218,伟时电子,31.35,True,14.73,16.73,5,3.58,-11.94,-3.74,-11.94,0.0,2026-07-08,2026-07-08,23.28,0.6472,-0.6132,0.4803,0.3883,0.295,0.1995,0.1865,-0.6434,0.1783,多周期共振看空 ⬇⬇⬇,-0.4279,-0.4847,-0.5625
600866,星湖科技,57.39,True,4.57,4.65,2,2.19,-12.46,-4.66,-1.7,0.0,2026-07-08,2026-07-08,39.13,-0.0011,-0.3488,0.316,0.0605,0.6473,0.4733,0.1864,-0.7613,0.1194,多周期共振看空 ⬇⬇⬇,-0.4748,-0.7038,-0.5625
002516,旷达科技,76.37,True,5.24,5.75,3,2.52,-8.92,-3.69,-8.92,0.0,2026-07-08,2026-07-08,16.41,0.602,-0.5756,0.3519,0.3612,0.1424,0.4135,0.1864,-0.5886,0.2057,多周期共振看空 ⬇⬇⬇,-0.5085,-0.3627,-0.495
000633,合金投资,18.41,True,4.78,5.06,0,-2.34,-11.14,-6.85,-5.52,0.0,2026-07-08,2026-07-08,32.73,0.2203,-0.3247,0.3206,0.2023,0.5051,0.4656,0.1864,-0.8113,0.0943,多周期共振看空 ⬇⬇⬇,-0.5707,-0.7315,-0.5625
603767,中马传动,44.63,True,14.46,15.31,2,0.89,-20.04,-11.09,-5.55,0.0,2026-07-08,2026-07-08,39.38,0.2551,-0.6328,0.4833,0.1531,0.653,0.1946,0.1858,-0.6981,0.1509,多周期共振看空 ⬇⬇⬇,-0.4344,-0.5994,-0.5625
002376,新北洋,45.65,True,5.8,5.93,0,-1.47,-8.68,-5.42,-2.25,0.0,2026-07-08,2026-07-08,35.48,-0.1103,-0.3351,0.2355,0.066,0.5663,0.6075,0.1855,-0.787,0.1065,多周期共振看空 ⬇⬇⬇,-0.5298,-0.7131,-0.5625
600202,哈空调,17.25,True,4.5,4.76,0,-2.23,-11.63,-8.09,-5.51,0.0,2026-07-08,2026-07-08,37.3,0.1207,-0.437,0.3317,0.0976,0.6067,0.4472,0.1855,-0.758,0.121,多周期共振看空 ⬇⬇⬇,-0.631,-0.5625,-0.5625
002753,永东股份,17.54,True,5.93,6.09,1,0.1,-10.25,-4.74,-2.6,0.0,2026-07-08,2026-07-08,42.2,-0.2449,-0.4605,0.3848,0.0158,0.7155,0.3587,0.1853,-0.6884,0.1558,多周期共振看空 ⬇⬇⬇,-0.4206,-0.5899,-0.5625
002318,久立特材,200.01,True,20.95,23.38,11,7.26,-11.63,-1.39,-10.39,0.0,2026-07-08,2026-07-08,32.25,0.2456,-0.2783,0.4976,0.236,0.4945,0.1707,0.1852,-0.6257,0.1871,多周期共振看空 ⬇⬇⬇,-0.4111,-0.6854,-0.3375
002398,垒知集团,22.49,True,3.75,3.94,0,-3.34,-8.99,-6.3,-4.92,0.0,2026-07-08,2026-07-08,29.73,0.21,-0.3844,0.2289,0.1722,0.4384,0.6185,0.1851,-0.8158,0.0921,多周期共振看空 ⬇⬇⬇,-0.5605,-0.75,-0.5625
002177,御银股份,35.3,True,5.23,5.9,0,-0.45,-16.6,-9.37,-11.29,0.0,2026-07-08,2026-07-08,24.3,0.6935,-0.2333,0.5272,0.5228,0.3178,0.1214,0.1848,-0.8368,0.0816,多周期共振看空 ⬇⬇⬇,-0.7236,-0.6565,-0.5625
002334,英威腾,50.94,True,6.93,7.69,0,-0.43,-16.04,-8.52,-9.89,0.0,2026-07-08,2026-07-08,15.49,0.8447,-0.7899,0.3987,0.5068,0.1219,0.3355,0.1848,-0.7475,0.1262,多周期共振看空 ⬇⬇⬇,-0.6885,-0.4903,-0.5625
605001,威奥股份,21.57,True,5.49,5.76,0,-1.29,-9.51,-6.17,-4.72,0.0,2026-07-08,2026-07-08,39.07,-0.0772,-0.2246,0.342,0.1102,0.6461,0.4301,0.1847,-0.8181,0.0909,多周期共振看空 ⬇⬇⬇,-0.631,-0.6946,-0.5625
603325,博隆技术,18.12,True,53.01,54.92,8,3.51,-10.07,-2.26,-3.48,0.0072,2026-07-08,2026-07-08,42.57,0.0965,-0.3301,0.5041,0.1259,0.7237,0.1598,0.1846,-0.7383,0.1309,多周期共振看空 ⬇⬇⬇,-0.3617,-0.75,-0.5625
600486,扬农化工,203.47,True,50.35,53.25,0,-0.26,-8.98,-4.83,-5.45,0.0,2026-07-08,2026-07-08,37.61,0.1726,-0.3146,0.4179,0.1777,0.6136,0.3034,0.184,-0.791,0.1045,多周期共振看空 ⬇⬇⬇,-0.6727,-0.6669,-0.495
600143,金发科技,388.64,True,14.75,15.87,2,6.19,-9.87,-3.33,-7.05,0.0,2026-07-08,2026-07-08,37.87,0.3562,-0.4903,0.6325,0.2176,0.6193,0.0,0.184,-0.6195,0.1902,多周期共振看空 ⬇⬇⬇,-0.4264,-0.4336,-0.5625
000599,青岛双星,34.71,True,4.25,4.51,0,-4.63,-10.96,-7.85,-5.84,0.0,2026-07-08,2026-07-08,23.66,0.3955,-0.7201,0.2362,0.2373,0.3035,0.6064,0.1838,-0.7585,0.1208,多周期共振看空 ⬇⬇⬇,-0.5605,-0.6241,-0.5625
603385,惠达卫浴,18.77,True,4.93,5.15,0,-0.79,-9.01,-6.52,-4.33,0.0,2026-07-08,2026-07-08,39.83,-0.4966,-0.2638,0.3345,0.0945,0.6629,0.4424,0.1837,-0.8307,0.0847,多周期共振看空 ⬇⬇⬇,-0.631,-0.7223,-0.5625
603331,百达精工,21.11,True,10.44,11.24,0,-0.66,-12.15,-8.01,-7.1,0.0,2026-07-08,2026-07-08,34.51,0.1028,-0.257,0.4003,0.1589,0.5447,0.3328,0.1836,-0.7056,0.1472,多周期共振看空 ⬇⬇⬇,-0.6265,-0.6762,-0.3375
002469,三维化学,35.1,True,5.58,6.22,5,11.75,-12.52,-3.63,-10.25,0.0,2026-07-08,2026-07-08,19.62,0.8224,-0.0805,0.6244,0.6613,0.2137,0.0,0.1836,-0.8453,0.0773,多周期共振看空 ⬇⬇⬇,-0.6709,-0.7202,-0.5625
002985,北摩高科,83.79,True,25.32,28.31,4,2.13,-11.75,-4.87,-10.56,0.0,2026-07-08,2026-07-08,25.1,0.4611,0.0549,0.5769,0.4986,0.3355,0.0385,0.1835,-0.7631,0.1184,多周期共振看空 ⬇⬇⬇,-0.7956,-0.6577,-0.3375
605378,野马电池,34.92,True,13.36,15.17,4,10.28,-13.26,-6.29,-11.95,0.0,2026-07-08,2026-07-08,27.64,0.6873,-0.219,0.5596,0.5248,0.392,0.0673,0.1833,-0.8978,0.0511,多周期共振看空 ⬇⬇⬇,-0.7925,-0.7315,-0.5625
000807,云铝股份,774.04,True,22.32,24.15,0,-1.9,-14.97,-9.74,-7.57,0.0,2026-07-08,2026-07-08,38.16,-0.0117,-0.0242,0.616,0.1903,0.6258,0.0,0.1833,-0.5894,0.2053,多周期共振看空 ⬇⬇⬇,-0.5409,-0.4942,-0.3375
603918,金桥信息,34.43,True,9.43,10.06,0,-4.3,-12.3,-7.84,-6.26,0.0,2026-07-08,2026-07-08,30.19,0.0984,0.0168,0.3477,0.2657,0.4486,0.4204,0.1831,-0.835,0.0825,多周期共振看空 ⬇⬇⬇,-0.6205,-0.7408,-0.5625
000055,方大集团,21.83,True,3.23,3.52,7,4.06,-9.51,-3.26,-8.12,0.0,2026-07-08,2026-07-08,12.66,0.6653,-0.8467,0.2999,0.3992,0.0591,0.5001,0.1831,-0.6452,0.1774,多周期共振看空 ⬇⬇⬇,-0.3433,-0.5613,-0.5625
003005,竞业达,17.08,True,13.45,13.92,0,-3.37,-12.31,-6.64,-3.37,0.0,2026-07-08,2026-07-08,38.78,-0.2196,-0.2465,0.3462,0.1014,0.6395,0.4231,0.1827,-0.8066,0.0967,多周期共振看空 ⬇⬇⬇,-0.537,-0.75,-0.5625
003021,兆威机电,176.4,True,85.06,93.13,4,5.51,-15.88,-5.21,-8.66,0.0,2026-07-08,2026-07-08,39.56,0.3386,-0.532,0.718,0.2032,0.6569,0.0,0.1827,-0.6514,0.1743,多周期共振看空 ⬇⬇⬇,-0.3618,-0.5591,-0.5625
000565,渝三峡Ａ,24.89,True,5.74,6.07,0,-0.09,-13.75,-7.56,-5.43,0.0,2026-07-08,2026-07-08,35.9,-0.0366,-0.2647,0.316,0.0941,0.5755,0.4733,0.1826,-0.7593,0.1204,多周期共振看空 ⬇⬇⬇,-0.613,-0.5808,-0.5625
002229,鸿博股份,47.89,True,9.71,11.46,0,-1.15,-22.27,-13.02,-15.24,0.0,2026-07-08,2026-07-08,25.9,0.6716,-0.2859,0.5627,0.4886,0.3534,0.0621,0.1823,-0.7969,0.1015,多周期共振看空 ⬇⬇⬇,-0.774,-0.5256,-0.5625
600067,冠城新材,38.13,True,2.74,3.12,8,15.99,-12.32,-1.19,-12.32,0.0,2026-07-08,2026-07-08,15.22,0.8506,-0.1701,0.6868,0.6423,0.1159,0.0,0.1822,-0.709,0.1455,多周期共振看空 ⬇⬇⬇,-0.387,-0.7315,-0.495
600658,电子城,43.51,True,3.89,4.07,0,-1.7,-12.75,-7.89,-4.53,0.0,2026-07-08,2026-07-08,38.24,-0.0152,-0.1639,0.4794,0.1344,0.6275,0.2009,0.1822,-0.671,0.1645,多周期共振看空 ⬇⬇⬇,-0.5193,-0.4672,-0.5625
600235,民丰特纸,18.02,True,5.13,5.31,0,-1.96,-9.81,-7.01,-3.36,0.0,2026-07-08,2026-07-08,39.83,-0.0349,-0.405,0.3015,0.038,0.6629,0.4975,0.1822,-0.7963,0.1018,多周期共振看空 ⬇⬇⬇,-0.631,-0.6467,-0.5625
002117,东港股份,41.88,True,8.0,8.39,0,-2.16,-12.39,-6.4,-4.65,0.0,2026-07-08,2026-07-08,33.51,0.171,-0.3399,0.329,0.1666,0.5225,0.4517,0.1822,-0.7972,0.1014,多周期共振看空 ⬇⬇⬇,-0.556,-0.7131,-0.5625
002708,光洋股份,58.95,True,11.41,13.6,4,4.71,-16.12,-4.75,-16.12,0.0,2026-07-08,2026-07-08,31.96,0.3814,-0.5302,0.6738,0.2288,0.4881,0.0,0.1821,-0.4949,0.2525,多周期共振看空 ⬇⬇⬇,-0.5264,-0.209,-0.4275
002438,江苏神通,63.06,True,13.45,14.81,0,-3.07,-11.16,-6.24,-9.16,0.0,2026-07-08,2026-07-08,27.31,0.4057,-0.3354,0.4918,0.3093,0.3846,0.1803,0.1819,-0.6454,0.1773,多周期共振看空 ⬇⬇⬇,-0.5835,-0.5808,-0.3375
000949,新乡化纤,92.93,True,5.61,6.56,6,7.46,-15.76,-3.83,-14.42,0.0,2026-07-08,2026-07-08,33.24,-0.0834,-0.0574,0.6906,0.1771,0.5165,0.0,0.1816,-0.4501,0.275,多周期共振看空 ⬇⬇⬇,-0.4835,-0.3048,-0.27
603997,继峰股份,143.89,True,11.31,12.77,4,3.19,-15.34,-6.15,-11.41,0.0,2026-07-08,2026-07-08,19.33,0.5472,-0.5266,0.4048,0.3283,0.2073,0.3254,0.1815,-0.5823,0.2088,多周期共振看空 ⬇⬇⬇,-0.5705,-0.2957,-0.495
603879,永悦科技,15.45,True,4.3,4.6,0,-0.4,-10.8,-6.06,-6.49,0.0,2026-07-08,2026-07-08,40.65,-0.1878,-0.1282,0.4421,0.1487,0.681,0.2632,0.1815,-0.8138,0.0931,多周期共振看空 ⬇⬇⬇,-0.622,-0.6929,-0.5625
002241,歌尔股份,642.04,True,20.41,22.64,0,-2.49,-11.01,-6.95,-9.85,0.0,2026-07-08,2026-07-08,29.99,0.4801,-0.686,0.4514,0.2881,0.4442,0.2477,0.1814,-0.741,0.1295,多周期共振看空 ⬇⬇⬇,-0.767,-0.4087,-0.5625
600152,维科技术,44.5,True,8.41,10.26,1,4.73,-18.02,-9.23,-18.02,0.0,2026-07-08,2026-07-08,25.64,0.1166,-0.4458,0.7079,0.0916,0.3476,0.0,0.1813,-0.1132,0.4434,月线看多，中短期调整中,-0.5387,-0.2575,0.18
603107,上海汽配,25.18,True,11.54,11.94,0,-1.3,-9.15,-5.39,-3.31,0.0,2026-07-08,2026-07-08,36.89,-0.3855,-0.323,0.2619,0.0708,0.5975,0.5635,0.1813,-0.8307,0.0847,多周期共振看空 ⬇⬇⬇,-0.631,-0.7223,-0.5625
002246,北化股份,96.03,True,17.49,19.39,0,-2.17,-12.38,-6.17,-9.78,0.0,2026-07-08,2026-07-08,28.33,0.4687,-0.6594,0.4535,0.2812,0.4074,0.2442,0.1812,-0.6844,0.1578,多周期共振看空 ⬇⬇⬇,-0.814,-0.469,-0.3375
603036,如通股份,27.56,True,13.38,14.58,13,12.22,-8.48,1.76,-8.23,0.0452,2026-07-08,2026-07-08,39.86,0.1279,-0.4456,0.6666,0.0985,0.6636,0.0,0.1812,-0.6126,0.1937,多周期共振看空 ⬇⬇⬇,-0.1544,-0.6515,-0.5625
002801,微光股份,32.1,True,27.72,29.39,2,4.63,-11.29,-4.59,-5.7,0.0,2026-07-08,2026-07-08,37.09,0.304,-0.5763,0.5435,0.1824,0.6021,0.0942,0.1811,-0.6407,0.1796,多周期共振看空 ⬇⬇⬇,-0.3543,-0.5419,-0.5625
600331,宏达股份,228.8,True,11.26,11.98,0,-4.63,-17.6,-10.98,-6.02,0.0,2026-07-08,2026-07-08,31.46,0.0549,-0.0405,0.506,0.2167,0.4769,0.1567,0.1809,-0.5971,0.2015,多周期共振看空 ⬇⬇⬇,-0.547,-0.506,-0.3375
601238,广汽集团,378.78,True,5.13,5.42,0,-3.4,-12.46,-7.0,-5.34,0.0,2026-07-08,2026-07-08,26.02,-0.551,0.1522,0.2877,0.2609,0.3559,0.5205,0.1809,-0.814,0.093,多周期共振看空 ⬇⬇⬇,-0.556,-0.75,-0.5625
002908,德生科技,20.63,True,6.41,6.76,0,-2.93,-10.21,-6.16,-5.24,0.0,2026-07-08,2026-07-08,36.27,-0.1553,-0.1052,0.3687,0.1579,0.5838,0.3854,0.1809,-0.814,0.093,多周期共振看空 ⬇⬇⬇,-0.556,-0.75,-0.5625
603429,*ST集友,40.49,True,7.72,9.14,9,14.9,-15.87,-2.32,-15.56,0.0,2026-07-08,2026-07-08,26.89,0.4484,-0.1562,0.6478,0.4066,0.3753,0.0,0.1808,-0.6541,0.1729,多周期共振看空 ⬇⬇⬇,-0.5064,-0.4411,-0.5625
001306,夏厦精密,8.31,True,53.6,58.57,2,6.15,-12.22,-5.68,-8.49,0.0,2026-07-08,2026-07-08,39.91,0.3662,-0.5018,0.6618,0.2197,0.6647,0.0,0.1805,-0.7054,0.1473,多周期共振看空 ⬇⬇⬇,-0.4209,-0.6271,-0.5625
003038,鑫铂股份,17.81,True,10.86,11.78,1,0.35,-9.17,-4.71,-7.81,0.0,2026-07-08,2026-07-08,29.81,0.5454,-0.701,0.3683,0.3273,0.4402,0.3862,0.1805,-0.9171,0.0414,多周期共振看空 ⬇⬇⬇,-0.8525,-0.7223,-0.5625
603887,城地香江,53.58,True,8.9,10.02,0,-4.88,-17.94,-11.91,-11.18,0.0,2026-07-08,2026-07-08,28.09,-0.259,0.4877,0.4917,0.3951,0.4021,0.1804,0.1805,-0.8148,0.0926,多周期共振看空 ⬇⬇⬇,-0.7,-0.6283,-0.5625
001285,瑞立科密,16.69,True,40.23,42.91,1,0.03,-10.64,-5.45,-6.24,0.0,2026-07-08,2026-07-08,33.33,-0.0895,-0.3102,0.3861,0.0759,0.5185,0.3565,0.1804,-0.5855,0.2072,周线日线共振看空,-0.5321,-0.45,
600666,奥瑞德,86.82,True,3.47,4.24,3,4.94,-18.21,-8.15,-18.21,0.0,2026-07-08,2026-07-08,17.03,0.68,-0.4341,0.4946,0.4344,0.1563,0.1756,0.1803,-0.5803,0.2098,多周期共振看空 ⬇⬇⬇,-0.8292,-0.3325,-0.2321
000683,博源化工,184.15,True,5.51,5.97,0,-3.09,-14.34,-8.0,-7.77,0.0,2026-07-08,2026-07-08,30.05,-0.2099,-0.0065,0.3996,0.1974,0.4457,0.3341,0.1803,-0.6754,0.1623,多周期共振看空 ⬇⬇⬇,-0.6265,-0.6098,-0.3375
600255,鑫科材料,54.73,True,3.03,3.87,11,20.15,-21.66,-3.2,-21.66,0.0,2026-07-08,2026-07-08,16.83,0.8227,-0.8196,0.7115,0.4936,0.1518,0.0,0.1801,-0.5312,0.2344,多周期共振看空 ⬇⬇⬇,-0.3862,-0.274,-0.5625
001283,豪鹏科技,47.93,True,46.35,49.59,3,2.99,-16.03,-6.15,-6.53,0.0,2026-07-08,2026-07-08,32.67,0.3129,-0.4016,0.6332,0.2271,0.5039,0.0,0.1801,-0.527,0.2365,多周期共振看空 ⬇⬇⬇,-0.5329,-0.2065,-0.495
600556,天下秀,76.29,True,4.22,4.64,0,-1.25,-11.2,-7.22,-9.05,0.0,2026-07-08,2026-07-08,28.57,0.4313,-0.362,0.4794,0.314,0.4127,0.2011,0.1801,-0.7174,0.1413,多周期共振看空 ⬇⬇⬇,-0.5135,-0.6415,-0.495
600807,济高发展,18.34,True,2.33,2.45,0,-1.46,-11.4,-7.03,-4.96,0.0,2026-07-08,2026-07-08,39.74,0.1911,-0.6696,0.4229,0.1146,0.661,0.2952,0.18,-0.7725,0.1138,多周期共振看空 ⬇⬇⬇,-0.4602,-0.7408,-0.5625
600218,全柴动力,31.23,True,7.17,7.63,0,-3.15,-8.81,-6.08,-6.04,0.0,2026-07-08,2026-07-08,28.22,-0.2804,0.0917,0.2761,0.2367,0.4049,0.5398,0.1799,-0.8576,0.0712,多周期共振看空 ⬇⬇⬇,-0.7,-0.7223,-0.5625
603322,超讯通信,42.78,True,27.15,28.52,4,3.41,-16.05,-6.43,-4.82,0.0,2026-07-08,2026-07-08,43.68,-0.0869,-0.2557,0.6619,0.0977,0.7485,0.0,0.1798,-0.6165,0.1917,多周期共振看空 ⬇⬇⬇,-0.377,-0.4694,-0.5625
600328,中盐化工,86.66,True,5.91,6.4,2,0.35,-10.25,-4.91,-7.71,0.0,2026-07-08,2026-07-08,28.09,0.3604,-0.4017,0.3515,0.2555,0.402,0.4142,0.1797,-0.7849,0.1075,多周期共振看空 ⬇⬇⬇,-0.6569,-0.6669,-0.495
600801,华新建材,230.91,True,17.21,17.8,7,2.55,-14.29,-3.26,-3.34,0.0,2026-07-08,2026-07-08,39.07,-0.4392,0.0124,0.6419,0.205,0.646,0.0,0.1796,-0.6667,0.1667,多周期共振看空 ⬇⬇⬇,-0.311,-0.7038,-0.495
001335,信凯科技,8.5,True,33.28,44.2,6,4.32,-24.7,-5.47,-24.7,0.0,2026-07-08,2026-07-08,21.14,-0.1305,0.4496,0.6762,0.3798,0.2475,0.0,0.1795,-0.4685,0.2657,多周期共振看空 ⬇⬇⬇,-0.6167,-0.2761,-0.225
601002,晋亿实业,41.42,True,4.34,4.57,0,-1.97,-10.88,-6.45,-5.13,0.0,2026-07-08,2026-07-08,32.14,0.034,-0.644,0.293,0.0204,0.4921,0.5116,0.1795,-0.5963,0.2018,多周期共振看空 ⬇⬇⬇,-0.631,-0.4321,-0.3375
002476,新叶股份,27.6,True,4.51,5.04,5,2.93,-10.55,-4.32,-10.55,0.0,2026-07-08,2026-07-08,25.0,0.3867,-0.1633,0.4434,0.3667,0.3333,0.2609,0.1794,-0.76,0.12,多周期共振看空 ⬇⬇⬇,-0.773,-0.5128,-0.495
603915,国茂股份,92.32,True,14.06,15.05,1,4.68,-11.51,-5.23,-6.57,0.0,2026-07-08,2026-07-08,36.61,0.2774,-0.3293,0.6125,0.2347,0.5914,0.0,0.1792,-0.652,0.174,多周期共振看空 ⬇⬇⬇,-0.4055,-0.5228,-0.5625
603131,上海沪工,0.0,True,16.36,17.78,3,4.65,-11.0,-5.58,-8.0,0.0,2026-07-08,2026-07-08,38.61,0.2904,-0.3846,0.5866,0.2204,0.6357,0.0224,0.1792,-0.6998,0.1501,多周期共振看空 ⬇⬇⬇,-0.4172,-0.6179,-0.5625
002218,拓日新能,49.4,True,3.56,3.97,0,-5.05,-14.03,-9.14,-10.38,0.0,2026-07-08,2026-07-08,16.98,0.561,-0.7093,0.2712,0.3366,0.1551,0.548,0.1791,-0.73,0.135,多周期共振看空 ⬇⬇⬇,-0.7,-0.6669,-0.3375
600860,京城股份,36.14,True,8.14,8.56,1,0.65,-10.52,-5.53,-4.87,0.0,2026-07-08,2026-07-08,32.35,0.2247,-0.2642,0.385,0.2292,0.4967,0.3583,0.1791,-0.8164,0.0918,多周期共振看空 ⬇⬇⬇,-0.5945,-0.7223,-0.5625
603029,天鹅股份,17.1,True,14.09,14.9,0,-0.52,-11.32,-6.73,-5.44,0.0,2026-07-08,2026-07-08,39.68,0.1274,-0.5522,0.3649,0.0764,0.6595,0.3918,0.1789,-0.7963,0.1018,多周期共振看空 ⬇⬇⬇,-0.631,-0.6467,-0.5625
603097,江苏华辰,37.86,True,16.85,18.67,9,4.06,-12.79,-2.91,-9.73,0.0,2026-07-08,2026-07-08,23.64,0.1619,-0.2734,0.368,0.1878,0.3031,0.3866,0.1788,-0.5432,0.2284,多周期共振看空 ⬇⬇⬇,-0.3727,-0.5368,-0.3375
600776,东方通信,117.78,True,12.32,14.26,6,5.86,-16.32,-5.66,-13.58,0.0,2026-07-08,2026-07-08,21.55,0.6814,-0.5471,0.5664,0.4089,0.2566,0.0561,0.1785,-0.5786,0.2107,多周期共振看空 ⬇⬇⬇,-0.6008,-0.4192,-0.3375
600751,海航科技,71.79,True,2.79,3.01,0,-1.33,-12.16,-5.4,-7.25,0.0,2026-07-08,2026-07-08,25.35,0.5174,-0.4681,0.3901,0.3232,0.3412,0.3498,0.1784,-0.7791,0.1104,多周期共振看空 ⬇⬇⬇,-0.6643,-0.5804,-0.5625
601616,广电电气,27.57,True,3.23,3.58,0,-4.09,-14.27,-8.78,-9.86,0.0,2026-07-08,2026-07-08,17.58,0.579,-0.2536,0.3737,0.4459,0.1685,0.3771,0.1783,-0.7912,0.1044,多周期共振看空 ⬇⬇⬇,-0.857,-0.6669,-0.3375
603912,佳力图,38.58,True,7.12,8.08,0,-0.55,-16.81,-8.93,-11.84,0.0,2026-07-08,2026-07-08,30.94,0.0949,0.0418,0.564,0.2736,0.4653,0.06,0.1782,-0.6184,0.1908,多周期共振看空 ⬇⬇⬇,-0.7266,-0.2414,-0.495
605255,天普股份,96.12,True,71.69,75.48,2,2.62,-18.45,-8.41,-5.03,0.0,2026-07-08,2026-07-08,43.75,-0.2343,-0.086,0.873,0.1656,0.7499,0.0,0.1781,-0.7402,0.1299,多周期共振看空 ⬇⬇⬇,-0.3882,-0.7315,-0.5625
603376,大明电子,7.68,True,23.99,25.58,0,-1.01,-12.86,-6.8,-6.2,0.0,2026-07-08,2026-07-08,28.01,0.2419,-0.6158,0.3151,0.1451,0.4001,0.4748,0.178,-0.6685,0.1658,周线日线共振看空,-0.682,-0.45,
002224,三 力 士,26.69,True,3.31,3.44,0,-1.26,-8.08,-4.78,-3.67,0.0,2026-07-08,2026-07-08,35.62,-0.3512,-0.3077,0.2797,0.0769,0.5693,0.5339,0.1778,-0.8107,0.0947,多周期共振看空 ⬇⬇⬇,-0.5905,-0.7131,-0.5625
001260,坤泰股份,18.22,True,15.84,16.87,0,-2.06,-11.05,-7.48,-6.1,0.0,2026-07-08,2026-07-08,34.3,-0.0949,-0.2393,0.3328,0.1043,0.54,0.4453,0.1778,-0.7483,0.1259,多周期共振看空 ⬇⬇⬇,-0.631,-0.6087,-0.495
000707,双环科技,23.4,True,4.25,4.51,0,-2.41,-9.93,-5.85,-5.72,0.0,2026-07-08,2026-07-08,32.11,0.1243,-0.2399,0.3057,0.1786,0.4913,0.4904,0.1778,-0.845,0.0775,多周期共振看空 ⬇⬇⬇,-0.6355,-0.75,-0.5625
600792,云煤能源,35.85,True,3.23,3.55,3,3.98,-19.16,-9.29,-8.9,0.0,2026-07-08,2026-07-08,19.3,0.8596,-0.6098,0.5241,0.5158,0.2066,0.1264,0.1777,-0.7529,0.1235,多周期共振看空 ⬇⬇⬇,-0.6068,-0.6397,-0.495
603022,新通联,15.86,True,7.93,8.53,0,-4.28,-11.91,-9.01,-6.98,0.0,2026-07-08,2026-07-08,30.0,-0.3738,-0.1543,0.3209,0.1383,0.4444,0.4652,0.1777,-0.7054,0.1473,多周期共振看空 ⬇⬇⬇,-0.6085,-0.5337,-0.495
600081,东风科技,50.93,True,9.21,9.69,0,-1.14,-11.19,-7.13,-4.96,0.0,2026-07-08,2026-07-08,32.36,0.2832,-0.6074,0.3647,0.1699,0.497,0.3922,0.1774,-0.7625,0.1188,多周期共振看空 ⬇⬇⬇,-0.5995,-0.5994,-0.5625
600530,交大昂立,41.54,True,5.36,5.61,1,1.64,-17.18,-10.42,-4.53,0.0,2026-07-08,2026-07-08,40.0,0.0217,-0.4266,0.6313,0.0424,0.6667,0.0,0.1774,-0.4486,0.2757,多周期共振看空 ⬇⬇⬇,-0.3092,-0.316,-0.405
002483,润邦股份,44.26,True,5.0,5.17,1,0.23,-9.39,-5.36,-3.3,0.0,2026-07-08,2026-07-08,36.11,0.098,-0.6449,0.2657,0.0588,0.5802,0.5571,0.1773,-0.8178,0.0911,多周期共振看空 ⬇⬇⬇,-0.6088,-0.7131,-0.5625
600262,北方股份,33.34,True,19.61,20.87,2,0.54,-9.56,-4.75,-6.04,0.0,2026-07-08,2026-07-08,29.11,-0.4339,0.0951,0.3904,0.2381,0.4247,0.3494,0.1773,-0.752,0.124,多周期共振看空 ⬇⬇⬇,-0.5511,-0.6854,-0.495
002388,新亚制程,23.43,True,4.63,5.26,3,3.52,-12.01,-3.24,-12.01,0.0,2026-07-08,2026-07-08,29.08,0.2237,-0.3687,0.5058,0.1868,0.424,0.157,0.1773,-0.5149,0.2425,多周期共振看空 ⬇⬇⬇,-0.3531,-0.3339,-0.495
002166,莱茵生物,46.31,True,6.27,6.8,0,-4.96,-15.65,-9.83,-7.83,0.0,2026-07-08,2026-07-08,22.46,-0.5309,0.2691,0.3395,0.3076,0.2769,0.4342,0.1772,-0.7539,0.123,多周期共振看空 ⬇⬇⬇,-0.556,-0.6854,-0.495
603605,珀莱雅,229.35,True,57.92,60.93,9,10.85,-11.14,-1.39,-4.94,0.0,2026-07-08,2026-07-08,27.24,0.1625,-0.4699,0.4268,0.1095,0.3832,0.2887,0.1772,-0.4481,0.276,多周期共振看空 ⬇⬇⬇,-0.1907,-0.2588,-0.5625
002537,海联金汇,61.93,True,5.29,5.66,0,-3.01,-11.44,-6.89,-6.48,0.0,2026-07-08,2026-07-08,29.88,0.2573,-0.1743,0.3813,0.2846,0.4417,0.3645,0.1771,-0.8607,0.0696,多周期共振看空 ⬇⬇⬇,-0.6865,-0.7408,-0.5625
605333,沪光股份,75.87,True,16.35,17.79,0,-0.4,-12.43,-7.99,-8.09,0.0,2026-07-08,2026-07-08,28.67,-0.4123,0.2527,0.3925,0.3011,0.4149,0.3458,0.1771,-0.8398,0.0801,多周期共振看空 ⬇⬇⬇,-0.622,-0.75,-0.5625
002263,大东南,55.41,True,2.95,3.72,9,12.86,-20.6,-4.04,-20.6,0.0,2026-07-08,2026-07-08,17.13,0.7794,-0.4684,0.7508,0.4803,0.1584,0.0,0.177,-0.5429,0.2285,多周期共振看空 ⬇⬇⬇,-0.6095,-0.3333,-0.3375
600764,中国海防,125.64,True,17.68,18.46,2,0.23,-10.87,-6.44,-4.25,0.0,2026-07-08,2026-07-08,35.77,0.052,-0.1589,0.3742,0.1677,0.5726,0.3763,0.1769,-0.8415,0.0792,多周期共振看空 ⬇⬇⬇,-0.6265,-0.75,-0.5625
603344,星德胜,12.75,True,23.6,26.08,0,-4.38,-18.65,-9.59,-9.51,0.0,2026-07-08,2026-07-08,27.07,0.491,-0.7001,0.4396,0.2946,0.3792,0.2674,0.1768,-0.726,0.137,多周期共振看空 ⬇⬇⬇,-0.6164,-0.5048,-0.5625
603992,松霖科技,119.09,True,26.88,31.62,15,10.21,-14.98,1.49,-14.98,0.0,2026-07-08,2026-07-08,28.43,0.2266,-0.2422,0.6825,0.2391,0.4096,0.0,0.1768,-0.46,0.27,多周期共振看空 ⬇⬇⬇,-0.1662,-0.3735,-0.495
002512,ST达华,37.21,True,3.4,3.65,0,-5.57,-22.2,-12.54,-6.94,0.0,2026-07-08,2026-07-08,33.8,-0.1583,0.3382,0.7142,0.3353,0.5288,0.0,0.1766,-0.7578,0.1211,多周期共振看空 ⬇⬇⬇,-0.651,-0.5449,-0.5625
603583,捷昌驱动,87.34,True,22.85,23.6,2,5.85,-11.43,-4.86,-3.19,0.0,2026-07-08,2026-07-08,42.42,0.246,-0.5724,0.4971,0.1476,0.7205,0.1715,0.1766,-0.8249,0.0876,多周期共振看空 ⬇⬇⬇,-0.5839,-0.75,-0.5625
000953,中哲精化,19.0,True,5.19,5.52,0,-2.94,-12.5,-8.13,-5.93,0.0,2026-07-08,2026-07-08,35.71,-0.012,-0.175,0.3376,0.13,0.5714,0.4373,0.1766,-0.8307,0.0847,多周期共振看空 ⬇⬇⬇,-0.631,-0.7223,-0.5625
002108,沧州明珠,65.92,True,4.0,4.43,0,-1.29,-13.09,-6.63,-9.74,0.0,2026-07-08,2026-07-08,25.0,-0.0656,0.0306,0.4057,0.2122,0.3333,0.3238,0.1763,-0.5878,0.2061,多周期共振看空 ⬇⬇⬇,-0.8255,-0.2467,-0.3375
000952,广济药业,18.71,True,5.44,5.85,0,-2.56,-11.22,-7.66,-6.94,0.0,2026-07-08,2026-07-08,36.73,-0.1649,-0.0709,0.4488,0.1716,0.5941,0.252,0.1763,-0.7786,0.1107,多周期共振看空 ⬇⬇⬇,-0.631,-0.6079,-0.5625
603321,梅轮电梯,19.74,True,5.73,6.06,0,-1.13,-8.2,-5.33,-5.48,0.0,2026-07-08,2026-07-08,36.67,-0.3245,-0.3257,0.297,0.0697,0.5926,0.5051,0.1762,-0.8173,0.0913,多周期共振看空 ⬇⬇⬇,-0.631,-0.6929,-0.5625
002379,宏桥控股,160.8,True,14.15,15.9,0,-6.41,-16.68,-12.73,-11.0,0.0,2026-07-08,2026-07-08,29.15,0.5231,-0.4762,0.5083,0.3234,0.4257,0.1528,0.176,-0.7426,0.1287,多周期共振看空 ⬇⬇⬇,-0.7,-0.6946,-0.3375
603869,ST智知,41.26,True,8.35,8.47,0,-0.63,-15.74,-9.37,-1.43,0.0,2026-07-08,2026-07-08,40.79,-0.2828,-0.5207,0.4529,0.0,0.6842,0.2452,0.176,-0.6094,0.1953,多周期共振看空 ⬇⬇⬇,-0.52,-0.4471,-0.4466
002278,神开股份,26.41,True,7.36,8.04,0,-3.44,-10.17,-6.76,-8.48,0.0,2026-07-08,2026-07-08,25.79,0.2191,-0.2319,0.3053,0.2387,0.3509,0.4912,0.1759,-0.7886,0.1057,多周期共振看空 ⬇⬇⬇,-0.7,-0.5706,-0.5625
002863,今飞凯达,25.42,True,4.24,4.51,0,-1.98,-10.18,-6.49,-6.08,0.0,2026-07-08,2026-07-08,29.81,-0.3152,-0.0644,0.2873,0.1742,0.4402,0.5212,0.1757,-0.8181,0.0909,多周期共振看空 ⬇⬇⬇,-0.631,-0.6946,-0.5625
002562,兄弟科技,35.14,True,4.32,4.6,0,-2.23,-10.72,-5.68,-6.07,0.0,2026-07-08,2026-07-08,30.56,-0.4539,0.0477,0.3202,0.2191,0.4568,0.4663,0.1757,-0.866,0.067,多周期共振看空 ⬇⬇⬇,-0.7,-0.7408,-0.5625
000637,茂化实华,12.8,True,3.51,3.73,0,-3.63,-11.38,-7.93,-5.89,0.0,2026-07-08,2026-07-08,34.88,-0.0274,-0.3281,0.3116,0.0688,0.553,0.4806,0.1756,-0.753,0.1235,多周期共振看空 ⬇⬇⬇,-0.631,-0.619,-0.495
603585,苏利股份,26.29,True,13.59,14.39,0,-1.03,-11.99,-6.45,-5.58,0.0,2026-07-08,2026-07-08,31.67,0.1006,-0.3528,0.3033,0.1193,0.4816,0.4945,0.1755,-0.7604,0.1198,多周期共振看空 ⬇⬇⬇,-0.6265,-0.6392,-0.495
001231,农心科技,9.34,True,18.27,19.35,0,-2.1,-11.6,-7.15,-5.57,0.0,2026-07-08,2026-07-08,35.43,-0.0193,-0.3963,0.3176,0.0415,0.5651,0.4706,0.1753,-0.7183,0.1408,多周期共振看空 ⬇⬇⬇,-0.631,-0.5429,-0.495
603348,文灿股份,42.39,True,13.48,14.16,0,-1.76,-12.44,-7.67,-4.83,0.0,2026-07-08,2026-07-08,33.6,0.0673,-0.1971,0.3412,0.1616,0.5245,0.4314,0.1753,-0.8307,0.0847,多周期共振看空 ⬇⬇⬇,-0.631,-0.7223,-0.5625
000723,美锦能源,146.36,True,3.33,3.61,1,0.72,-14.98,-8.49,-7.81,0.0,2026-07-08,2026-07-08,26.47,0.5659,-0.4892,0.3792,0.3439,0.366,0.368,0.1752,-0.8824,0.0588,多周期共振看空 ⬇⬇⬇,-0.7515,-0.7327,-0.5625
002667,*ST威领,25.65,True,10.84,13.8,1,3.4,-36.53,-21.21,-21.46,0.0,2026-07-08,2026-07-08,23.61,-0.4061,0.5028,0.6817,0.4,0.3025,0.0,0.175,-0.6027,0.1986,多周期共振看空 ⬇⬇⬇,-0.5935,-0.4783,-0.3375
603023,威帝股份,19.92,True,3.57,3.8,0,-1.35,-14.43,-8.76,-6.09,0.0,2026-07-08,2026-07-08,37.84,-0.0326,-0.3892,0.4395,0.0443,0.6186,0.2675,0.1746,-0.6307,0.1846,多周期共振看空 ⬇⬇⬇,-0.4877,-0.4731,-0.495
603000,人民网,162.65,True,14.71,15.6,0,-3.27,-11.28,-6.55,-5.71,0.0,2026-07-08,2026-07-08,33.85,0.2761,-0.5748,0.3827,0.1656,0.53,0.3622,0.1744,-0.7955,0.1023,多周期共振看空 ⬇⬇⬇,-0.5515,-0.7131,-0.5625
000893,亚钾国际,329.43,True,40.58,43.49,4,3.51,-10.9,-3.98,-6.68,0.0,2026-07-08,2026-07-08,46.87,-0.061,-0.5806,0.7179,0.0,0.8193,0.0,0.1742,-0.5899,0.2051,多周期共振看空 ⬇⬇⬇,-0.3622,-0.6485,-0.3375
002074,国轩高科,444.65,True,25.61,28.26,0,-1.3,-15.58,-7.88,-9.36,0.0,2026-07-08,2026-07-08,23.25,0.5165,-0.23,0.3889,0.4179,0.2945,0.3519,0.1741,-0.9106,0.0447,多周期共振看空 ⬇⬇⬇,-0.9025,-0.6652,-0.5625
002984,森麒麟,97.38,True,13.64,14.03,2,3.51,-9.02,-4.17,-2.77,0.0,2026-07-08,2026-07-08,32.18,0.3122,-0.425,0.438,0.2174,0.4928,0.2701,0.1739,-0.7636,0.1182,多周期共振看空 ⬇⬇⬇,-0.4267,-0.75,-0.5625
003006,百亚股份,61.07,True,14.25,14.78,2,1.84,-11.06,-4.29,-3.61,0.0,2026-07-08,2026-07-08,41.46,-0.0404,-0.2049,0.5392,0.118,0.6992,0.1014,0.1739,-0.7182,0.1409,多周期共振看空 ⬇⬇⬇,-0.3318,-0.7315,-0.5625
002590,万安科技,47.71,True,9.64,10.47,0,-3.47,-11.59,-7.61,-7.94,0.0,2026-07-08,2026-07-08,24.54,0.5993,-0.7822,0.3457,0.3596,0.323,0.4239,0.1739,-0.9107,0.0447,多周期共振看空 ⬇⬇⬇,-0.847,-0.7131,-0.5625
000420,吉林化纤,93.16,True,3.79,4.15,0,-0.52,-10.05,-4.91,-8.69,0.0,2026-07-08,2026-07-08,31.94,0.094,-0.5311,0.4026,0.0564,0.4877,0.329,0.1736,-0.5502,0.2249,多周期共振看空 ⬇⬇⬇,-0.5573,-0.394,-0.3375
600571,信雅达,43.94,True,9.6,10.18,0,-2.87,-12.9,-7.2,-5.7,0.0,2026-07-08,2026-07-08,35.11,0.1145,-0.1831,0.4181,0.1955,0.558,0.3032,0.1734,-0.8374,0.0813,多周期共振看空 ⬇⬇⬇,-0.616,-0.75,-0.5625
002879,长缆科技,17.8,True,12.98,13.93,0,-0.45,-11.87,-7.35,-6.85,0.0,2026-07-08,2026-07-08,28.28,-0.0596,0.0639,0.3604,0.2256,0.4062,0.3993,0.1733,-0.7814,0.1093,多周期共振看空 ⬇⬇⬇,-0.6265,-0.6854,-0.495
603105,芯能科技,33.15,True,6.63,7.22,0,-4.76,-13.73,-10.33,-8.18,0.0,2026-07-08,2026-07-08,23.08,0.3574,-0.3898,0.3064,0.2585,0.2906,0.4893,0.1733,-0.7673,0.1164,多周期共振看空 ⬇⬇⬇,-0.7,-0.5913,-0.495
000400,许继电气,204.36,True,20.2,21.76,0,-3.21,-15.44,-7.63,-7.18,0.0,2026-07-08,2026-07-08,23.42,0.506,-0.6264,0.3013,0.3036,0.2983,0.4978,0.1731,-0.8569,0.0716,多周期共振看空 ⬇⬇⬇,-0.8479,-0.6616,-0.495
603610,麒盛科技,50.72,True,14.37,17.99,11,6.46,-20.1,-0.95,-20.1,0.0,2026-07-08,2026-07-08,27.91,-0.0318,-0.4059,0.6568,0.0376,0.3981,0.0,0.173,-0.1542,0.4229,多周期方向不一致，观望,-0.2681,-0.1332,-0.315
002227,*ST特迅,15.57,True,6.33,6.82,0,-1.74,-16.26,-9.99,-7.14,0.0,2026-07-08,2026-07-08,34.2,0.0822,0.0845,0.5164,0.2831,0.5378,0.1393,0.1728,-0.8272,0.0864,多周期共振看空 ⬇⬇⬇,-0.622,-0.7223,-0.5625
603185,弘元绿能,96.96,True,14.28,16.57,0,-0.51,-17.12,-7.05,-13.81,0.0,2026-07-08,2026-07-08,24.38,0.4259,0.1309,0.5137,0.5079,0.3196,0.1439,0.1727,-0.9297,0.0352,多周期共振看空 ⬇⬇⬇,-0.8525,-0.75,-0.5625
002564,天沃科技,36.33,True,4.23,4.53,0,-2.73,-13.72,-8.21,-6.68,0.0,2026-07-08,2026-07-08,28.47,0.2793,-0.2142,0.3763,0.2819,0.4105,0.3728,0.1727,-0.86,0.07,多周期共振看空 ⬇⬇⬇,-0.6955,-0.7315,-0.5625
600558,大西洋,42.73,True,4.76,5.18,3,0.69,-9.87,-4.43,-8.05,0.0,2026-07-08,2026-07-08,19.2,0.5383,-0.6569,0.3078,0.323,0.2044,0.4871,0.1727,-0.7698,0.1151,多周期共振看空 ⬇⬇⬇,-0.6755,-0.6179,-0.495
000887,中鼎股份,224.63,True,17.09,19.37,8,9.89,-17.53,-3.99,-11.79,0.0,2026-07-08,2026-07-08,23.66,0.4997,-0.7527,0.6877,0.2998,0.3035,0.0,0.1726,-0.4633,0.2683,多周期共振看空 ⬇⬇⬇,-0.3274,-0.1751,-0.5625
600006,东风股份,104.4,True,5.22,5.44,0,-2.48,-9.94,-6.77,-4.11,0.0,2026-07-08,2026-07-08,27.08,-0.2255,-0.1486,0.2484,0.1405,0.3796,0.586,0.1723,-0.7707,0.1146,多周期共振看空 ⬇⬇⬇,-0.556,-0.6548,-0.5625
002017,东信和平,78.83,True,13.59,15.18,1,0.05,-11.99,-6.04,-10.45,0.0,2026-07-08,2026-07-08,16.93,0.4532,-0.0518,0.3292,0.4512,0.1539,0.4514,0.1722,-0.8902,0.0549,多周期共振看空 ⬇⬇⬇,-0.7605,-0.7421,-0.5625
000822,山东海化,35.18,True,3.93,4.28,0,-4.6,-10.71,-7.75,-8.21,0.0,2026-07-08,2026-07-08,23.96,0.2172,-0.189,0.2778,0.2547,0.3102,0.537,0.1721,-0.8324,0.0838,多周期共振看空 ⬇⬇⬇,-0.7,-0.6669,-0.5625
601279,英利汽车,47.57,True,3.0,3.2,0,-4.04,-9.96,-6.5,-6.12,0.0,2026-07-08,2026-07-08,26.98,-0.4243,0.0416,0.2671,0.2166,0.3774,0.5548,0.1716,-0.8702,0.0649,多周期共振看空 ⬇⬇⬇,-0.7,-0.75,-0.5625
600336,澳柯玛,47.32,True,5.93,6.56,0,-2.87,-15.07,-9.55,-9.64,0.0,2026-07-08,2026-07-08,26.58,0.3831,-0.4799,0.4176,0.2379,0.3684,0.304,0.1715,-0.6938,0.1531,多周期共振看空 ⬇⬇⬇,-0.7795,-0.3616,-0.495
600963,岳阳林纸,53.78,True,3.06,3.26,0,-3.26,-14.98,-10.56,-6.02,0.0,2026-07-08,2026-07-08,26.03,-0.3574,0.0571,0.3231,0.2229,0.3562,0.4615,0.1709,-0.7856,0.1072,多周期共振看空 ⬇⬇⬇,-0.6265,-0.6946,-0.495
600802,福建水泥,18.97,True,4.14,4.42,0,-3.84,-11.42,-7.93,-6.27,0.0,2026-07-08,2026-07-08,29.13,-0.2374,-0.0683,0.3047,0.1727,0.425,0.4922,0.1708,-0.814,0.093,多周期共振看空 ⬇⬇⬇,-0.556,-0.75,-0.5625
605336,*ST帅电,19.07,True,10.4,14.12,0,-0.0,-27.84,-10.33,-26.36,0.0,2026-07-08,2026-07-08,21.89,-0.5038,1.2284,0.5681,0.4,0.2641,0.0532,0.1707,-0.6336,0.1832,多周期共振看空 ⬇⬇⬇,-0.812,-0.2015,-0.495
002576,通达动力,22.34,True,13.79,15.1,1,1.14,-12.11,-7.69,-8.7,0.0,2026-07-08,2026-07-08,31.73,0.347,-0.4841,0.4658,0.2146,0.4829,0.2237,0.1706,-0.7371,0.1315,多周期共振看空 ⬇⬇⬇,-0.622,-0.5244,-0.5625
603025,大豪科技,145.75,True,13.14,14.0,0,-1.17,-11.96,-6.02,-6.15,0.0,2026-07-08,2026-07-08,29.49,0.3384,-0.3828,0.4305,0.2499,0.4332,0.2826,0.1705,-0.7815,0.1093,多周期共振看空 ⬇⬇⬇,-0.7985,-0.4707,-0.5625
002048,宁波华翔,160.98,True,22.68,25.5,7,6.15,-15.99,-4.02,-11.07,0.0,2026-07-08,2026-07-08,31.18,0.1107,0.0046,0.6978,0.2683,0.4706,0.0,0.1704,-0.6304,0.1848,多周期共振看空 ⬇⬇⬇,-0.4667,-0.423,-0.5625
600319,亚星化学,23.92,True,6.17,6.61,0,-3.82,-10.18,-6.49,-6.72,0.0,2026-07-08,2026-07-08,31.06,0.0034,-0.2242,0.295,0.1123,0.4679,0.5083,0.1704,-0.7846,0.1077,多周期共振看空 ⬇⬇⬇,-0.6132,-0.6363,-0.5625
002623,亚玛顿,28.68,True,14.89,16.44,2,2.05,-12.03,-7.88,-9.43,0.0,2026-07-08,2026-07-08,28.89,0.3579,-0.3562,0.5658,0.2723,0.4198,0.057,0.1701,-0.6243,0.1879,多周期共振看空 ⬇⬇⬇,-0.4465,-0.4944,-0.495
600169,ST太重,66.33,True,1.99,2.06,0,-1.13,-12.86,-5.4,-3.47,0.0,2026-07-08,2026-07-08,32.79,-0.5785,-0.1691,0.3502,0.1323,0.5064,0.4163,0.1701,-0.7913,0.1043,多周期共振看空 ⬇⬇⬇,-0.5515,-0.7038,-0.5625
603320,迪贝电气,25.16,True,16.87,19.07,0,-1.91,-16.09,-9.77,-11.53,0.0,2026-07-08,2026-07-08,26.79,-0.0795,0.3176,0.6007,0.3271,0.3732,0.0,0.1701,-0.6102,0.1949,多周期共振看空 ⬇⬇⬇,-0.7461,-0.364,-0.3375
000572,海马汽车,56.0,True,3.41,3.93,1,2.05,-13.17,-8.4,-13.17,0.0,2026-07-08,2026-07-08,28.4,-0.3943,0.9704,0.547,0.4,0.4088,0.0883,0.17,-0.8415,0.0792,多周期共振看空 ⬇⬇⬇,-0.6265,-0.75,-0.5625
603636,南威软件,44.75,True,7.71,8.54,0,-0.24,-16.74,-8.07,-9.7,0.0,2026-07-08,2026-07-08,20.86,0.7017,-0.3578,0.6783,0.4779,0.2414,0.0,0.1697,-0.6968,0.1516,多周期共振看空 ⬇⬇⬇,-0.5995,-0.4551,-0.5625
002298,中电鑫龙,46.05,True,6.97,7.8,0,-5.17,-19.21,-10.56,-10.65,0.0,2026-07-08,2026-07-08,22.67,0.5009,-0.4237,0.4015,0.3311,0.2816,0.3309,0.1696,-0.7757,0.1122,多周期共振看空 ⬇⬇⬇,-0.691,-0.55,-0.5625
603810,丰山集团,18.34,True,11.09,11.78,0,-1.67,-11.12,-7.26,-5.89,0.0,2026-07-08,2026-07-08,34.96,0.0925,-0.4374,0.302,0.0806,0.5547,0.4966,0.1696,-0.8349,0.0826,多周期共振看空 ⬇⬇⬇,-0.631,-0.7315,-0.5625
600103,青山纸业,62.17,True,2.81,3.27,0,-3.75,-15.01,-10.33,-14.15,0.0,2026-07-08,2026-07-08,11.76,0.7357,-0.6721,0.3972,0.4414,0.0392,0.3381,0.1695,-0.6676,0.1662,多周期共振看空 ⬇⬇⬇,-0.848,-0.3129,-0.4275
000590,古汉医药,19.36,True,8.09,8.82,0,-3.69,-11.47,-7.21,-8.26,0.0,2026-07-08,2026-07-08,28.57,-0.6187,0.1608,0.3387,0.2643,0.4127,0.4355,0.1692,-0.9132,0.0434,多周期共振看空 ⬇⬇⬇,-0.875,-0.6946,-0.5625
600496,精工钢构,63.29,True,3.18,3.33,0,-2.5,-12.22,-7.59,-4.5,0.0,2026-07-08,2026-07-08,32.47,-0.252,-0.3262,0.3275,0.0695,0.4993,0.4541,0.1691,-0.7205,0.1397,多周期共振看空 ⬇⬇⬇,-0.5155,-0.6467,-0.495
600637,东方明珠,264.25,True,7.86,8.43,0,-4.72,-13.31,-7.4,-6.73,0.0,2026-07-08,2026-07-08,18.54,0.2502,-0.261,0.2653,0.2457,0.1898,0.5578,0.169,-0.7151,0.1425,多周期共振看空 ⬇⬇⬇,-0.747,-0.4363,-0.495
000786,北新建材,294.65,True,17.44,19.08,0,-3.99,-11.78,-8.04,-8.62,0.0,2026-07-08,2026-07-08,17.96,-0.0371,1.3326,0.3444,0.4,0.1769,0.426,0.169,-0.8408,0.0796,多周期共振看空 ⬇⬇⬇,-0.7,-0.6854,-0.5625
600686,金龙汽车,83.32,True,11.62,12.21,1,1.77,-10.96,-5.71,-4.83,0.0,2026-07-08,2026-07-08,34.78,0.3181,-0.4678,0.527,0.2037,0.5507,0.1216,0.1689,-0.7328,0.1336,多周期共振看空 ⬇⬇⬇,-0.4912,-0.6946,-0.495
002692,远程股份,26.13,True,3.64,3.95,0,-3.68,-14.0,-9.27,-7.84,0.0,2026-07-08,2026-07-08,26.85,0.2993,-0.4477,0.3462,0.2005,0.3745,0.4229,0.1688,-0.7585,0.1208,多周期共振看空 ⬇⬇⬇,-0.631,-0.5637,-0.5625
600651,飞乐音响,135.38,True,5.4,5.75,0,-4.77,-10.99,-7.07,-6.14,0.0,2026-07-08,2026-07-08,24.24,0.1255,-0.0244,0.2946,0.2656,0.3165,0.509,0.1688,-0.8618,0.0691,多周期共振看空 ⬇⬇⬇,-0.7,-0.7315,-0.5625
003040,楚天龙,46.96,True,10.28,11.28,0,-3.71,-12.91,-8.65,-8.85,0.0,2026-07-08,2026-07-08,27.27,0.0149,0.2467,0.3757,0.3076,0.3838,0.3739,0.1687,-0.9026,0.0487,多周期共振看空 ⬇⬇⬇,-0.783,-0.75,-0.5625
002054,德美化工,0.0,True,6.63,7.17,1,1.66,-9.92,-5.16,-7.52,0.0,2026-07-08,2026-07-08,33.33,-0.1102,-0.1061,0.418,0.1576,0.5185,0.3033,0.1686,-0.7678,0.1161,多周期共振看空 ⬇⬇⬇,-0.797,-0.6669,-0.3375
603218,日月股份,98.68,True,9.59,10.43,0,-2.22,-11.69,-6.31,-8.09,0.0,2026-07-08,2026-07-08,17.89,0.2128,-0.0395,0.2613,0.3119,0.1753,0.5645,0.1686,-0.812,0.094,多周期共振看空 ⬇⬇⬇,-0.682,-0.6375,-0.5625
002599,盛通股份,20.97,True,5.27,5.46,0,-0.11,-14.26,-8.06,-3.54,0.0,2026-07-08,2026-07-08,39.07,-0.2182,-0.2668,0.4009,0.0933,0.6461,0.3318,0.1686,-0.8415,0.0792,多周期共振看空 ⬇⬇⬇,-0.6265,-0.75,-0.5625
601212,白银有色,355.43,True,4.8,5.44,1,0.26,-14.67,-8.69,-11.69,0.0,2026-07-08,2026-07-08,24.66,-0.1252,0.5217,0.5851,0.4,0.3257,0.0249,0.1685,-0.7028,0.1486,多周期共振看空 ⬇⬇⬇,-0.682,-0.6225,-0.3375
002291,遥望科技,40.33,True,4.64,5.05,0,-5.32,-14.22,-8.81,-8.07,0.0,2026-07-08,2026-07-08,21.36,0.4297,-0.3321,0.3332,0.325,0.2524,0.4446,0.1684,-0.8316,0.0842,多周期共振看空 ⬇⬇⬇,-0.7,-0.6652,-0.5625
603633,徕木股份,26.72,True,6.26,7.35,1,0.02,-16.59,-8.0,-14.81,0.0,2026-07-08,2026-07-08,20.47,0.7768,-0.7917,0.5635,0.4661,0.2327,0.0608,0.1683,-0.7269,0.1366,多周期共振看空 ⬇⬇⬇,-0.5191,-0.5902,-0.5625
000677,ST海龙,13.39,True,1.55,1.66,0,-1.78,-20.44,-11.99,-6.65,0.0,2026-07-08,2026-07-08,35.96,-0.3941,0.2374,0.6792,0.295,0.5768,0.0,0.1682,-0.8181,0.0909,多周期共振看空 ⬇⬇⬇,-0.631,-0.6946,-0.5625
603081,大丰实业,36.72,True,8.69,9.13,0,-1.28,-10.62,-7.44,-4.77,0.0,2026-07-08,2026-07-08,33.33,-0.2618,-0.3184,0.2755,0.0726,0.5185,0.5408,0.1681,-0.8265,0.0867,多周期共振看空 ⬇⬇⬇,-0.631,-0.7131,-0.5625
002204,大连重工,99.47,True,5.15,5.44,0,-0.96,-8.12,-4.42,-5.31,0.0,2026-07-08,2026-07-08,29.63,-0.0587,-0.2397,0.2687,0.1041,0.4362,0.5522,0.1676,-0.7907,0.1047,多周期共振看空 ⬇⬇⬇,-0.6181,-0.7131,-0.495
002970,锐明技术,64.56,True,51.08,59.73,3,3.87,-15.51,-6.82,-14.49,0.0,2026-07-08,2026-07-08,16.77,0.5485,-0.2343,0.5687,0.4354,0.1504,0.0521,0.1675,-0.5792,0.2104,多周期共振看空 ⬇⬇⬇,-0.5671,-0.4494,-0.3375
002630,*ST华西,17.87,True,1.66,1.83,11,12.88,-9.29,0.62,-9.29,0.0,2026-07-08,2026-07-08,22.73,0.4964,-0.7722,0.4816,0.2978,0.2828,0.1973,0.1673,-0.6357,0.1821,多周期共振看空 ⬇⬇⬇,-0.2351,-0.6331,-0.5625
002796,世嘉科技,74.21,True,32.59,38.99,0,-2.18,-17.06,-10.63,-16.42,0.0,2026-07-08,2026-07-08,21.57,0.2355,-0.4507,0.5632,0.161,0.2572,0.0614,0.1671,-0.2789,0.3606,月线震荡，中短期走弱,-0.5955,-0.4967,0.0696
002363,隆基机械,25.19,True,6.06,6.37,0,-2.22,-10.35,-6.75,-4.87,0.0,2026-07-08,2026-07-08,31.11,-0.1389,-0.1877,0.3007,0.1249,0.4691,0.4988,0.1669,-0.8265,0.0867,多周期共振看空 ⬇⬇⬇,-0.631,-0.7131,-0.5625
002383,合众思壮,49.75,True,6.72,7.01,1,1.03,-11.24,-6.86,-4.16,0.0,2026-07-08,2026-07-08,39.35,-0.0498,-0.3893,0.3882,0.0443,0.6523,0.353,0.1668,-0.8019,0.0991,多周期共振看空 ⬇⬇⬇,-0.6265,-0.663,-0.5625
000985,大庆华科,18.51,True,14.28,15.17,0,-3.92,-10.2,-7.1,-5.89,0.0,2026-07-08,2026-07-08,34.83,-0.2125,-0.4075,0.3031,0.037,0.5517,0.4949,0.1667,-0.7832,0.1084,多周期共振看空 ⬇⬇⬇,-0.631,-0.6854,-0.495
000525,红太阳,43.36,True,3.9,4.19,0,-0.52,-12.11,-7.58,-6.94,0.0,2026-07-08,2026-07-08,20.79,0.5264,-0.4884,0.3694,0.3205,0.2398,0.3843,0.1666,-0.7752,0.1124,多周期共振看空 ⬇⬇⬇,-0.5425,-0.6762,-0.5625
600210,紫江企业,93.73,True,6.18,6.42,3,1.65,-4.56,-2.06,-3.67,0.0,2026-07-08,2026-07-08,18.18,0.1992,-0.1213,0.2138,0.271,0.1818,0.6437,0.1664,-0.8354,0.0823,多周期共振看空 ⬇⬇⬇,-0.6324,-0.7315,-0.5625
603596,伯特利,229.08,True,25.52,26.41,1,2.76,-16.82,-9.21,-3.37,0.0,2026-07-08,2026-07-08,34.96,0.2228,-0.1934,0.6092,0.2563,0.5547,0.0,0.1664,-0.7442,0.1279,多周期共振看空 ⬇⬇⬇,-0.5725,-0.5824,-0.5625
002324,普利特,81.28,True,10.47,12.2,8,5.36,-14.19,-2.89,-14.19,0.0,2026-07-08,2026-07-08,15.7,0.5803,-0.2851,0.4725,0.4341,0.1266,0.2125,0.1663,-0.6858,0.1571,多周期共振看空 ⬇⬇⬇,-0.5746,-0.5197,-0.495
600299,安迪苏,242.69,True,7.88,9.06,0,-6.41,-19.64,-10.65,-13.01,0.0,2026-07-08,2026-07-08,21.3,-0.7212,0.5839,0.505,0.4,0.2512,0.1583,0.1662,-0.7381,0.131,多周期共振看空 ⬇⬇⬇,-0.875,-0.5348,-0.3375
002813,路畅科技,22.48,True,18.76,19.94,0,-1.97,-10.54,-7.36,-5.92,0.0,2026-07-08,2026-07-08,34.8,0.1073,-0.486,0.3394,0.07,0.5511,0.4343,0.1661,-0.7915,0.1043,多周期共振看空 ⬇⬇⬇,-0.631,-0.6363,-0.5625
600609,金杯汽车,40.7,True,3.12,3.26,0,-1.42,-8.62,-5.61,-4.24,0.0,2026-07-08,2026-07-08,35.94,0.0728,-0.5436,0.2937,0.0437,0.5764,0.5104,0.166,-0.8418,0.0791,多周期共振看空 ⬇⬇⬇,-0.6272,-0.75,-0.5625
603189,*ST网达,27.63,True,10.25,10.87,2,2.16,-14.86,-6.39,-5.71,0.0,2026-07-08,2026-07-08,42.61,0.178,-0.4467,0.5464,0.1281,0.7246,0.0893,0.1659,-0.8185,0.0907,多周期共振看空 ⬇⬇⬇,-0.5674,-0.75,-0.5625
002694,*ST顾地,15.17,True,2.11,2.2,1,2.42,-12.41,-5.85,-4.24,0.0,2026-07-08,2026-07-08,39.6,0.2458,-0.3387,0.5716,0.212,0.6579,0.0473,0.1658,-0.8398,0.0801,多周期共振看空 ⬇⬇⬇,-0.622,-0.75,-0.5625
603602,纵横通信,24.49,True,10.6,11.97,0,-0.5,-13.83,-7.05,-11.42,0.0,2026-07-08,2026-07-08,17.38,0.5149,-0.3622,0.3439,0.364,0.164,0.4269,0.1658,-0.7942,0.1029,多周期共振看空 ⬇⬇⬇,-0.729,-0.5581,-0.5625
600478,科力远,79.45,True,4.77,5.35,2,1.88,-13.63,-7.2,-10.81,0.0,2026-07-08,2026-07-08,18.82,0.6811,-0.3539,0.4755,0.4671,0.1961,0.2075,0.1658,-0.8221,0.0889,多周期共振看空 ⬇⬇⬇,-0.8525,-0.581,-0.495
000877,天山股份,258.82,True,3.64,3.84,0,-3.37,-9.28,-6.46,-5.31,0.0,2026-07-08,2026-07-08,22.97,-0.1957,0.0455,0.2465,0.2182,0.2883,0.5891,0.1657,-0.8409,0.0796,多周期共振看空 ⬇⬇⬇,-0.625,-0.75,-0.5625
603327,福蓉科技,86.77,True,8.3,9.69,8,10.37,-19.63,-5.28,-14.3,0.0,2026-07-08,2026-07-08,29.64,0.3172,-0.5801,0.8379,0.1903,0.4365,0.0,0.1652,-0.5068,0.2466,多周期共振看空 ⬇⬇⬇,-0.4575,-0.2267,-0.495
603806,福斯特,369.14,True,14.15,16.12,6,2.02,-12.79,-4.33,-12.24,0.0,2026-07-08,2026-07-08,20.41,0.3704,-0.1188,0.6364,0.3747,0.2313,0.0,0.1652,-0.5552,0.2224,多周期共振看空 ⬇⬇⬇,-0.529,-0.4967,-0.27
000766,通化金马,152.24,True,15.76,22.16,10,8.53,-28.87,-6.21,-28.87,0.0,2026-07-08,2026-07-08,19.51,-0.3867,1.0633,0.7432,0.4,0.2114,0.0,0.1649,-0.5745,0.2127,多周期共振看空 ⬇⬇⬇,-0.5555,-0.224,-0.5625
600967,内蒙一机,179.71,True,10.56,11.37,0,-1.61,-10.9,-6.01,-7.1,0.0,2026-07-08,2026-07-08,28.2,0.1251,-0.1739,0.3441,0.2055,0.4044,0.4265,0.1647,-0.838,0.081,多周期共振看空 ⬇⬇⬇,-0.6175,-0.75,-0.5625
600151,航天机电,144.72,True,10.09,11.32,0,-2.48,-17.77,-9.22,-10.85,0.0,2026-07-08,2026-07-08,27.37,0.3406,-0.456,0.5187,0.222,0.386,0.1356,0.1641,-0.6139,0.193,多周期共振看空 ⬇⬇⬇,-0.5807,-0.514,-0.3375
002284,亚太股份,69.85,True,9.54,10.08,1,1.52,-13.41,-7.89,-5.31,0.0,2026-07-08,2026-07-08,32.77,-0.1908,-0.0864,0.4327,0.1654,0.5061,0.2788,0.164,-0.7833,0.1084,多周期共振看空 ⬇⬇⬇,-0.5991,-0.7131,-0.495
002037,保利联合,29.18,True,6.03,6.49,0,-3.33,-10.15,-7.17,-7.15,0.0,2026-07-08,2026-07-08,27.05,0.1487,-0.3075,0.2685,0.1662,0.3789,0.5526,0.1637,-0.8534,0.0733,多周期共振看空 ⬇⬇⬇,-0.7,-0.7131,-0.5625
600883,博闻科技,16.36,True,6.93,7.43,0,-3.12,-9.64,-7.17,-6.73,0.0,2026-07-08,2026-07-08,30.94,-0.0151,-0.3671,0.3194,0.0532,0.4653,0.4677,0.1633,-0.7116,0.1442,多周期共振看空 ⬇⬇⬇,-0.7565,-0.4205,-0.495
002836,新宏泽,20.94,True,9.09,9.9,0,-2.94,-10.47,-7.56,-8.2,0.0,2026-07-08,2026-07-08,29.52,-0.1003,-0.101,0.3492,0.1596,0.4338,0.4181,0.1633,-0.8041,0.0979,多周期共振看空 ⬇⬇⬇,-0.631,-0.7315,-0.495
002565,顺灏股份,110.02,True,10.38,12.65,0,-1.9,-17.97,-10.34,-17.97,0.0,2026-07-08,2026-07-08,21.18,0.6211,-0.5954,0.5472,0.3727,0.2486,0.088,0.1632,-0.6595,0.1703,多周期共振看空 ⬇⬇⬇,-0.848,-0.385,-0.3375
002487,大金重工,294.64,True,46.7,56.83,0,-4.37,-20.61,-11.67,-17.83,0.0,2026-07-08,2026-07-08,24.06,0.1236,-0.0544,0.501,0.2524,0.3123,0.1651,0.1631,-0.6059,0.1971,多周期共振看空 ⬇⬇⬇,-0.8615,-0.3233,-0.27
002471,中超控股,74.03,True,5.51,6.42,2,4.64,-14.93,-8.41,-14.17,0.0,2026-07-08,2026-07-08,26.71,0.6157,-0.4855,0.6513,0.3753,0.3714,0.0,0.1629,-0.743,0.1285,多周期共振看空 ⬇⬇⬇,-0.8155,-0.5965,-0.3375
600446,金证股份,95.44,True,10.14,10.97,0,-3.81,-15.07,-9.45,-7.57,0.0,2026-07-08,2026-07-08,37.69,0.2807,-0.2545,0.6764,0.2667,0.6153,0.0,0.1628,-0.8626,0.0687,多周期共振看空 ⬇⬇⬇,-0.756,-0.6854,-0.5625
000555,神州信息,96.2,True,9.87,10.79,0,-3.32,-16.33,-9.42,-8.49,0.0,2026-07-08,2026-07-08,25.95,0.1877,-0.0951,0.3916,0.2745,0.3545,0.3474,0.1627,-0.8412,0.0794,多周期共振看空 ⬇⬇⬇,-0.7695,-0.6267,-0.5625
000910,大亚圣象,29.55,True,5.4,5.52,0,-2.13,-12.09,-7.62,-2.13,0.0,2026-07-08,2026-07-08,36.67,-0.5261,-0.489,0.3026,0.0044,0.5926,0.4956,0.1626,-0.814,0.093,多周期共振看空 ⬇⬇⬇,-0.556,-0.75,-0.5625
002058,威尔泰,26.66,True,18.63,21.15,0,-0.12,-14.82,-9.8,-11.89,0.0,2026-07-08,2026-07-08,9.95,0.3521,-0.1567,0.5584,0.3485,0.0,0.0694,0.1622,-0.3152,0.3424,月线震荡，中短期走弱,-0.8075,-0.2429,-0.1244
600506,统一股份,34.17,True,13.69,15.08,0,-2.76,-14.33,-8.89,-9.22,0.0,2026-07-08,2026-07-08,34.02,-0.0149,-0.0326,0.5323,0.187,0.5338,0.1128,0.1622,-0.7327,0.1336,多周期共振看空 ⬇⬇⬇,-0.7736,-0.4522,-0.495
003019,宸展光电,45.65,True,26.69,30.98,0,-3.78,-19.71,-11.82,-13.86,0.0,2026-07-08,2026-07-08,21.88,0.4577,-0.522,0.7523,0.2746,0.2639,0.0,0.1621,-0.4596,0.2702,多周期共振看空 ⬇⬇⬇,-0.5781,-0.177,-0.3375
002862,实丰文化,16.24,True,12.63,13.71,0,-5.76,-14.65,-10.31,-7.91,0.0,2026-07-08,2026-07-08,27.22,-0.3997,-0.2481,0.3017,0.1008,0.3826,0.4971,0.1621,-0.7215,0.1392,多周期共振看空 ⬇⬇⬇,-0.613,-0.4977,-0.5625
603680,今创集团,77.2,True,9.85,10.45,0,-1.39,-14.33,-8.46,-5.7,0.0,2026-07-08,2026-07-08,33.11,-0.2923,-0.2998,0.3996,0.0801,0.5136,0.3341,0.1619,-0.7161,0.142,多周期共振看空 ⬇⬇⬇,-0.613,-0.5535,-0.495
002953,日丰股份,23.69,True,8.73,9.25,0,-2.79,-11.0,-6.87,-5.59,0.0,2026-07-08,2026-07-08,25.62,-0.1989,-0.0537,0.3172,0.1785,0.347,0.4714,0.1612,-0.7895,0.1053,多周期共振看空 ⬇⬇⬇,-0.547,-0.7038,-0.5625
002453,华软科技,24.29,True,4.03,4.84,0,-1.81,-16.81,-10.13,-16.81,0.0,2026-07-08,2026-07-08,30.88,-0.1157,0.3274,0.6484,0.331,0.4641,0.0,0.1608,-0.8001,0.0999,多周期共振看空 ⬇⬇⬇,-0.8075,-0.5038,-0.5625
002799,环球印务,19.23,True,6.01,6.42,0,-4.99,-11.85,-8.99,-6.42,0.0,2026-07-08,2026-07-08,23.28,-0.1066,-0.1139,0.2283,0.1544,0.295,0.6195,0.1607,-0.8108,0.0946,多周期共振看空 ⬇⬇⬇,-0.625,-0.6837,-0.5625
002454,松芝股份,42.11,True,4.8,5.11,0,-1.68,-14.13,-8.31,-6.11,0.0,2026-07-08,2026-07-08,27.34,-0.1352,-0.2301,0.3705,0.108,0.3853,0.3824,0.1605,-0.6567,0.1717,多周期共振看空 ⬇⬇⬇,-0.6265,-0.4113,-0.495
002535,林州重机,16.79,True,2.25,2.34,0,-0.04,-14.58,-8.5,-3.68,0.0,2026-07-08,2026-07-08,42.68,0.1012,-0.4577,0.5177,0.0777,0.7263,0.1371,0.1599,-0.8263,0.0868,多周期共振看空 ⬇⬇⬇,-0.5874,-0.75,-0.5625
600797,浙大网新,65.04,True,6.33,6.8,0,-5.12,-14.16,-8.58,-6.93,0.0,2026-07-08,2026-07-08,29.82,0.2289,-0.3443,0.4144,0.1996,0.4404,0.3093,0.1598,-0.8173,0.0913,多周期共振看空 ⬇⬇⬇,-0.575,-0.7408,-0.5625
603191,望变电气,47.15,True,14.29,16.31,0,-3.36,-21.87,-10.8,-12.39,0.0,2026-07-08,2026-07-08,14.59,0.8271,-0.6383,0.5592,0.4962,0.102,0.0681,0.1597,-0.6933,0.1533,多周期共振看空 ⬇⬇⬇,-0.6381,-0.6392,-0.3375
603712,七一二,91.56,True,11.86,12.88,0,-1.28,-10.87,-7.34,-7.93,0.0,2026-07-08,2026-07-08,33.67,0.1237,-0.3377,0.3873,0.1392,0.526,0.3544,0.1594,-0.8625,0.0687,多周期共振看空 ⬇⬇⬇,-0.691,-0.7408,-0.5625
600855,航天长峰,59.3,True,12.68,14.2,1,0.62,-16.12,-7.66,-10.7,0.0,2026-07-08,2026-07-08,26.83,0.2469,-0.4084,0.4229,0.1848,0.3741,0.2952,0.1593,-0.7061,0.147,多周期共振看空 ⬇⬇⬇,-0.682,-0.4722,-0.495
002899,英派斯,30.52,True,20.65,23.0,0,-2.09,-13.91,-8.97,-10.22,0.0,2026-07-08,2026-07-08,34.98,0.139,-0.5212,0.5181,0.0834,0.5551,0.1366,0.1593,-0.6342,0.1829,多周期共振看空 ⬇⬇⬇,-0.6865,-0.4679,-0.3375
002691,*ST冀凯,13.98,True,4.16,4.36,0,-0.75,-18.5,-10.09,-4.63,0.0,2026-07-08,2026-07-08,38.77,0.3254,-0.6273,0.5973,0.1952,0.6393,0.0045,0.1588,-0.8123,0.0938,多周期共振看空 ⬇⬇⬇,-0.5515,-0.75,-0.5625
603193,润本股份,19.47,True,18.84,19.84,0,-3.67,-13.94,-7.2,-5.05,0.0,2026-07-08,2026-07-08,31.34,-0.1284,-0.4558,0.3239,0.0177,0.4742,0.4601,0.1586,-0.6963,0.1518,多周期共振看空 ⬇⬇⬇,-0.5425,-0.5029,-0.5625
000573,粤宏远Ａ,21.33,True,3.37,3.78,0,-4.03,-13.08,-8.0,-10.96,0.0,2026-07-08,2026-07-08,12.5,0.3835,-0.6346,0.2618,0.2301,0.0556,0.5637,0.1584,-0.6183,0.1909,多周期共振看空 ⬇⬇⬇,-0.7204,-0.314,-0.4275
603089,正裕工业,19.75,True,8.23,9.0,0,-3.27,-13.08,-8.3,-8.53,0.0,2026-07-08,2026-07-08,29.73,-0.1181,-0.0827,0.3626,0.1669,0.4384,0.3957,0.1583,-0.8433,0.0783,多周期共振看空 ⬇⬇⬇,-0.631,-0.75,-0.5625
002276,万马股份,97.79,True,9.71,10.55,0,-0.34,-12.7,-6.91,-7.93,0.0,2026-07-08,2026-07-08,34.04,0.1459,-0.2827,0.4612,0.1745,0.5342,0.2313,0.1582,-0.8398,0.0801,多周期共振看空 ⬇⬇⬇,-0.622,-0.75,-0.5625
600389,江山股份,80.83,True,18.77,21.04,0,-2.89,-15.27,-9.25,-10.81,0.0,2026-07-08,2026-07-08,22.49,-0.5639,0.3736,0.5422,0.3495,0.2775,0.0963,0.1579,-0.706,0.147,多周期共振看空 ⬇⬇⬇,-0.783,-0.5429,-0.3375
603239,浙江仙通,37.58,True,13.88,15.68,0,-4.93,-17.75,-12.33,-11.47,0.0,2026-07-08,2026-07-08,27.48,-0.4875,-0.0733,0.4863,0.1707,0.3884,0.1895,0.1576,-0.6299,0.185,多周期共振看空 ⬇⬇⬇,-0.631,-0.506,-0.3375
002253,川大智胜,19.95,True,9.5,10.5,0,-2.74,-12.03,-6.12,-9.5,0.0,2026-07-08,2026-07-08,31.16,-0.5405,-0.0397,0.5796,0.1841,0.4703,0.0341,0.1567,-0.6326,0.1837,多周期共振看空 ⬇⬇⬇,-0.8165,-0.1955,-0.495
600293,三峡新材,28.66,True,2.47,3.22,10,23.12,-23.28,-5.31,-23.28,0.0,2026-07-08,2026-07-08,11.48,0.8305,-0.8422,0.7286,0.4983,0.0328,0.0,0.1565,-0.5849,0.2076,多周期共振看空 ⬇⬇⬇,-0.381,-0.464,-0.495
600326,西藏天路,85.97,True,6.31,6.83,0,-3.23,-12.45,-8.01,-7.58,0.0,2026-07-08,2026-07-08,25.29,-0.0902,-0.127,0.2679,0.1492,0.3399,0.5535,0.1563,-0.8391,0.0805,多周期共振看空 ⬇⬇⬇,-0.631,-0.7408,-0.5625
601608,中信重工,207.45,True,4.53,4.96,0,-2.16,-9.85,-6.54,-8.61,0.0,2026-07-08,2026-07-08,26.47,0.2554,-0.3272,0.3202,0.2224,0.366,0.4664,0.1562,-0.9188,0.0406,多周期共振看空 ⬇⬇⬇,-0.925,-0.7315,-0.495
605166,聚合顺,26.88,True,8.54,9.7,3,4.07,-11.97,-4.86,-11.97,0.0,2026-07-08,2026-07-08,20.49,0.6264,-0.4169,0.5935,0.4091,0.233,0.0108,0.1558,-0.6968,0.1516,多周期共振看空 ⬇⬇⬇,-0.7357,-0.3383,-0.5625
002547,*ST春兴,25.74,True,2.33,2.78,2,6.07,-25.69,-12.66,-16.34,0.0,2026-07-08,2026-07-08,28.32,-0.2318,0.3312,0.7119,0.3325,0.4072,0.0,0.1556,-0.7755,0.1123,多周期共振看空 ⬇⬇⬇,-0.657,-0.5787,-0.5625
601615,明阳智能,235.87,True,10.43,11.58,0,-2.84,-23.23,-13.87,-9.96,0.0,2026-07-08,2026-07-08,30.32,0.3952,-0.4972,0.5025,0.2382,0.4516,0.1624,0.1556,-0.8081,0.0959,多周期共振看空 ⬇⬇⬇,-0.6955,-0.6849,-0.495
603400,华之杰,13.97,True,49.89,56.24,0,-6.17,-20.68,-12.23,-11.29,0.0,2026-07-08,2026-07-08,13.18,0.1355,0.0211,0.3716,0.2897,0.0706,0.3807,0.1555,-0.6087,0.1956,多周期共振看空 ⬇⬇⬇,-0.8665,-0.2575,-0.3375
600416,湘电股份,132.38,True,8.97,10.04,1,0.02,-16.83,-7.24,-10.67,0.0,2026-07-08,2026-07-08,15.19,0.6841,-0.3094,0.4877,0.4867,0.1153,0.1871,0.1553,-0.8247,0.0877,多周期共振看空 ⬇⬇⬇,-0.839,-0.5309,-0.5625
001323,慕思股份,51.29,True,16.48,17.24,0,-3.37,-14.4,-8.19,-4.4,0.0,2026-07-08,2026-07-08,33.98,-0.4273,-0.4116,0.3302,0.0354,0.5329,0.4497,0.1552,-0.814,0.093,多周期共振看空 ⬇⬇⬇,-0.556,-0.75,-0.5625
603390,通达电气,35.65,True,10.17,11.11,0,-3.07,-14.46,-8.19,-8.48,0.0,2026-07-08,2026-07-08,20.43,0.2739,-0.2375,0.3683,0.2693,0.2319,0.3861,0.1552,-0.7762,0.1119,多周期共振看空 ⬇⬇⬇,-0.8075,-0.4512,-0.5625
600425,青松建化,52.96,True,3.3,3.4,0,-0.87,-7.29,-3.65,-2.91,0.0,2026-07-08,2026-07-08,29.51,-0.2217,-0.5545,0.2379,0.0,0.4335,0.6034,0.1551,-0.7618,0.1191,多周期共振看空 ⬇⬇⬇,-0.422,-0.75,-0.5625
002295,精艺股份,20.76,True,8.29,9.17,0,-0.48,-11.68,-7.2,-9.55,0.0,2026-07-08,2026-07-08,19.34,0.3624,-0.2845,0.3434,0.3037,0.2076,0.4276,0.1551,-0.8361,0.082,多周期共振看空 ⬇⬇⬇,-0.756,-0.6271,-0.5625
600714,金瑞矿业,45.88,True,15.92,22.82,1,4.43,-30.25,-15.51,-30.25,0.0,2026-07-08,2026-07-08,10.29,0.1979,-0.4189,0.5887,0.1512,0.0065,0.0188,0.1548,-0.0265,0.4868,多周期方向不一致，观望,-0.5655,-0.0817,0.45
600444,国机通用,18.74,True,12.8,13.62,0,-1.83,-9.02,-6.22,-6.02,0.0,2026-07-08,2026-07-08,31.08,-0.3023,-0.3727,0.2811,0.0509,0.4685,0.5315,0.1548,-0.8307,0.0847,多周期共振看空 ⬇⬇⬇,-0.631,-0.7223,-0.5625
002093,国脉科技,63.07,True,6.26,6.63,0,-2.48,-10.35,-6.32,-5.55,0.0,2026-07-08,2026-07-08,28.57,-0.087,-0.1078,0.3552,0.1569,0.4127,0.4079,0.1546,-0.8357,0.0822,多周期共振看空 ⬇⬇⬇,-0.6115,-0.75,-0.5625
000559,万向钱潮,390.76,True,11.79,13.27,1,4.51,-16.83,-8.12,-11.14,0.0,2026-07-08,2026-07-08,34.44,0.119,-0.4134,0.6217,0.1061,0.5431,0.0,0.1546,-0.5843,0.2078,多周期共振看空 ⬇⬇⬇,-0.6212,-0.4142,-0.3375
603130,云中马,53.69,True,39.04,42.2,4,0.92,-12.26,-3.45,-7.49,0.0,2026-07-08,2026-07-08,36.71,-0.2765,-0.3409,0.596,0.0636,0.5935,0.0066,0.1545,-0.5831,0.2085,多周期共振看空 ⬇⬇⬇,-0.5037,-0.3548,-0.495
002639,雪人集团,80.01,True,12.13,13.87,0,-1.3,-13.53,-6.96,-12.54,0.0,2026-07-08,2026-07-08,29.55,0.2873,-0.4111,0.5784,0.2079,0.4345,0.036,0.1544,-0.6479,0.176,多周期共振看空 ⬇⬇⬇,-0.6457,-0.5331,-0.3375
000852,石化机械,46.85,True,4.93,5.27,0,-3.26,-11.28,-7.45,-6.45,0.0,2026-07-08,2026-07-08,16.83,-0.349,0.1497,0.2671,0.2599,0.1518,0.5548,0.1542,-0.808,0.096,多周期共振看空 ⬇⬇⬇,-0.616,-0.6854,-0.5625
002302,西部建设,54.79,True,4.34,4.56,0,-3.47,-9.15,-6.52,-4.93,0.0,2026-07-08,2026-07-08,22.97,0.1638,-0.4543,0.1938,0.1165,0.2883,0.677,0.1541,-0.8409,0.0796,多周期共振看空 ⬇⬇⬇,-0.625,-0.75,-0.5625
600072,中船科技,87.97,True,8.12,9.08,0,-5.06,-17.51,-11.45,-10.53,0.0,2026-07-08,2026-07-08,19.27,0.3267,-0.2893,0.3689,0.2803,0.2061,0.3851,0.1537,-0.7742,0.1129,多周期共振看空 ⬇⬇⬇,-0.6955,-0.5429,-0.5625
605196,华通线缆,119.32,True,23.63,29.58,0,-5.24,-25.37,-16.25,-20.11,0.0,2026-07-08,2026-07-08,24.46,-0.2204,2.2171,0.7399,0.4,0.3214,0.0,0.1536,-0.7968,0.1016,多周期共振看空 ⬇⬇⬇,-0.925,-0.6208,-0.3375
001379,腾达科技,10.19,True,15.14,16.39,0,-2.25,-12.68,-8.14,-7.65,0.0,2026-07-08,2026-07-08,28.57,-0.088,-0.1983,0.3088,0.1207,0.4127,0.4854,0.1526,-0.8558,0.0721,多周期共振看空 ⬇⬇⬇,-0.6955,-0.7223,-0.5625
000619,海螺新材,15.77,True,4.38,4.71,0,-5.0,-12.31,-9.08,-7.02,0.0,2026-07-08,2026-07-08,31.03,-0.0151,-0.3053,0.3164,0.0779,0.4674,0.4726,0.1524,-0.8442,0.0779,多周期共振看空 ⬇⬇⬇,-0.7,-0.6929,-0.5625
002214,*ST大立,65.83,True,13.76,14.72,4,1.99,-17.32,-4.21,-6.52,0.0,2026-07-08,2026-07-08,26.34,0.2539,-0.7416,0.4931,0.1523,0.3631,0.1782,0.1524,-0.6027,0.1986,多周期共振看空 ⬇⬇⬇,-0.595,-0.4771,-0.3375
002933,新兴装备,30.21,True,25.88,27.46,1,0.8,-10.12,-3.78,-5.75,0.0,2026-07-08,2026-07-08,34.61,0.1176,-0.5281,0.4012,0.0706,0.5468,0.3314,0.152,-0.8185,0.0907,多周期共振看空 ⬇⬇⬇,-0.5781,-0.7408,-0.5625
603409,汇通控股,9.71,True,18.02,20.08,0,-4.82,-21.81,-14.77,-10.25,0.0,2026-07-08,2026-07-08,31.29,-0.1772,-0.0763,0.6429,0.1695,0.4731,0.0,0.1518,-0.6245,0.1877,多周期共振看空 ⬇⬇⬇,-0.6085,-0.356,-0.495
002988,豪美新材,54.21,True,21.7,23.72,1,5.15,-18.69,-10.79,-8.5,0.0,2026-07-08,2026-07-08,38.04,0.1047,-0.2637,0.6695,0.1573,0.6231,0.0,0.1517,-0.7856,0.1072,多周期共振看空 ⬇⬇⬇,-0.6265,-0.6271,-0.5625
603829,洛凯股份,28.11,True,15.09,17.52,0,-4.31,-20.96,-13.88,-13.86,0.0,2026-07-08,2026-07-08,22.01,0.361,-0.6486,0.4572,0.2166,0.2668,0.2379,0.1516,-0.6442,0.1779,多周期共振看空 ⬇⬇⬇,-0.7,-0.4783,-0.3375
002703,浙江世宝,77.18,True,13.17,14.9,0,-1.75,-17.48,-11.2,-11.64,0.0,2026-07-08,2026-07-08,23.61,0.3837,-0.5435,0.4567,0.2302,0.3024,0.2389,0.1516,-0.7098,0.1451,多周期共振看空 ⬇⬇⬇,-0.8844,-0.4644,-0.3375
603528,多伦科技,40.8,True,5.78,6.28,0,-2.07,-11.46,-7.89,-8.01,0.0,2026-07-08,2026-07-08,25.7,0.5196,-0.4998,0.5165,0.3119,0.3489,0.1391,0.1514,-0.8179,0.0911,多周期共振看空 ⬇⬇⬇,-0.566,-0.75,-0.5625
001332,锡装股份,21.89,True,32.57,41.3,1,0.89,-21.14,-9.08,-21.14,0.0,2026-07-08,2026-07-08,2.03,0.5543,-0.432,0.5339,0.3598,0.0,0.1101,0.1512,-0.4541,0.273,多周期共振看空 ⬇⬇⬇,-0.639,-0.1802,-0.27
000008,神州高铁,64.1,True,2.36,2.43,0,-0.49,-9.87,-3.9,-2.84,0.0,2026-07-06,2026-07-06,31.48,-0.2868,-0.4076,0.3689,0.0369,0.4774,0.3851,0.151,-0.7324,0.1338,多周期共振看空 ⬇⬇⬇,-0.4777,-0.6377,-0.5625
002506,协鑫集成,153.12,True,2.62,3.07,0,-0.42,-15.81,-8.57,-14.59,0.0,2026-07-08,2026-07-08,21.9,0.2654,-0.2619,0.4361,0.2545,0.2646,0.2732,0.1509,-0.7363,0.1319,多周期共振看空 ⬇⬇⬇,-0.7593,-0.63,-0.3375
002660,茂硕电源,21.37,True,6.23,6.83,0,-4.74,-11.86,-8.15,-8.84,0.0,2026-07-08,2026-07-08,22.22,0.4578,-0.5152,0.3132,0.2747,0.2716,0.478,0.1508,-0.9411,0.0294,多周期共振看空 ⬇⬇⬇,-0.925,-0.7131,-0.5625
001373,翔腾新材,11.48,True,27.35,32.35,0,-2.06,-15.47,-8.94,-15.47,0.0,2026-07-08,2026-07-08,14.08,0.3419,-0.0597,0.4711,0.3813,0.0906,0.2149,0.1505,-0.6867,0.1567,多周期共振看空 ⬇⬇⬇,-0.7985,-0.4874,-0.3375
603703,盛洋科技,40.5,True,9.76,11.23,0,-2.41,-14.05,-8.18,-13.1,0.0,2026-07-08,2026-07-08,21.66,0.4603,-0.5924,0.5247,0.2762,0.2591,0.1255,0.1505,-0.649,0.1755,多周期共振看空 ⬇⬇⬇,-0.6038,-0.4138,-0.495
002413,雷科防务,112.18,True,8.66,9.8,1,0.17,-11.65,-5.78,-11.65,0.0,2026-07-08,2026-07-08,30.71,0.201,-0.5011,0.4733,0.1206,0.4603,0.2112,0.1504,-0.7111,0.1445,多周期共振看空 ⬇⬇⬇,-0.6622,-0.6577,-0.3375
002184,海得控制,22.28,True,9.27,10.04,1,1.08,-15.83,-8.75,-7.7,0.0,2026-07-08,2026-07-08,35.33,0.2202,-0.6189,0.5676,0.1321,0.563,0.054,0.1503,-0.728,0.136,多周期共振看空 ⬇⬇⬇,-0.4895,-0.6179,-0.5625
601717,中创智领,224.39,True,14.55,15.33,0,-1.64,-12.97,-6.13,-5.07,0.0,2026-07-08,2026-07-08,28.51,-0.0311,-0.1895,0.3596,0.1242,0.4114,0.4007,0.1503,-0.8105,0.0948,多周期共振看空 ⬇⬇⬇,-0.547,-0.75,-0.5625
002526,山东矿机,44.81,True,2.53,2.72,0,-2.52,-12.32,-7.04,-7.0,0.0,2026-07-08,2026-07-08,28.17,-0.2638,-0.2303,0.3168,0.1079,0.4038,0.4721,0.1497,-0.8373,0.0813,多周期共振看空 ⬇⬇⬇,-0.6265,-0.7408,-0.5625
002474,榕基软件,29.77,True,5.63,6.22,0,-1.68,-15.78,-8.99,-9.52,0.0,2026-07-08,2026-07-08,22.56,0.5104,-0.4454,0.4501,0.3281,0.2792,0.2498,0.1497,-0.8624,0.0688,多周期共振看空 ⬇⬇⬇,-0.7695,-0.6733,-0.5625
603982,泉峰汽车,18.81,True,5.54,5.95,0,-3.07,-11.78,-8.09,-6.88,0.0,2026-07-08,2026-07-08,30.26,-0.1177,-0.2996,0.3276,0.0802,0.4503,0.454,0.1496,-0.8349,0.0826,多周期共振看空 ⬇⬇⬇,-0.631,-0.7315,-0.5625
601799,星宇股份,279.02,True,97.67,107.41,0,-5.23,-22.37,-10.62,-9.07,0.0,2026-07-08,2026-07-08,28.0,-0.6951,0.0283,0.5793,0.2113,0.3999,0.0345,0.1493,-0.6515,0.1743,多周期共振看空 ⬇⬇⬇,-0.4475,-0.5533,-0.495
603092,德力佳,17.44,True,50.45,55.24,0,-3.17,-16.62,-8.72,-8.68,0.0,2026-07-08,2026-07-08,23.51,0.1471,-0.4219,0.3895,0.1195,0.3002,0.3508,0.1493,-0.6375,0.1813,周线日线共振看空,-0.682,-0.402,
001360,南矿集团,19.76,True,15.75,18.68,7,9.36,-15.69,-5.01,-15.69,0.0,2026-07-08,2026-07-08,15.14,0.6038,-0.3905,0.6679,0.4061,0.1142,0.0,0.1489,-0.596,0.202,多周期共振看空 ⬇⬇⬇,-0.5689,-0.4848,-0.3375
002632,道明光学,47.79,True,8.32,9.4,0,-0.33,-11.53,-6.22,-11.53,0.0,2026-07-08,2026-07-08,25.66,0.2534,-0.5555,0.4197,0.1521,0.3481,0.3005,0.1488,-0.7108,0.1446,多周期共振看空 ⬇⬇⬇,-0.5999,-0.553,-0.495
603169,兰石重装,80.6,True,6.17,7.26,4,7.5,-15.0,-6.21,-15.0,0.0,2026-07-08,2026-07-08,16.42,0.6604,-0.2582,0.655,0.493,0.1427,0.0,0.1488,-0.7692,0.1154,多周期共振看空 ⬇⬇⬇,-0.7795,-0.5274,-0.495
002366,融发核电,96.03,True,5.19,5.84,0,-0.54,-14.06,-7.41,-11.11,0.0,2026-07-08,2026-07-08,30.17,0.2871,-0.1629,0.5358,0.3071,0.4483,0.107,0.1485,-0.9272,0.0364,多周期共振看空 ⬇⬇⬇,-0.8893,-0.7131,-0.5625
600725,云维股份,38.45,True,3.12,3.36,0,-2.0,-16.28,-8.91,-7.03,0.0,2026-07-08,2026-07-08,35.11,-0.3626,-0.3873,0.5355,0.0451,0.5581,0.1074,0.1484,-0.6408,0.1796,多周期共振看空 ⬇⬇⬇,-0.4604,-0.6762,-0.3375
603718,*ST海利,18.24,True,2.81,2.94,0,-0.56,-15.46,-7.81,-4.58,0.0,2026-07-08,2026-07-08,44.3,-0.1768,-0.3665,0.6004,0.0534,0.7623,0.0,0.1483,-0.814,0.093,多周期共振看空 ⬇⬇⬇,-0.556,-0.75,-0.5625
603863,松炀资源,25.19,True,12.31,13.83,0,-3.68,-16.59,-9.46,-10.97,0.0,2026-07-08,2026-07-08,35.37,-0.3701,-0.0084,0.6548,0.1966,0.5638,0.0,0.1483,-0.8051,0.0974,多周期共振看空 ⬇⬇⬇,-0.6149,-0.6798,-0.5625
601106,中国一重,204.36,True,2.98,3.35,0,-3.23,-11.14,-6.87,-11.14,0.0,2026-07-08,2026-07-08,18.6,-0.399,0.0584,0.3296,0.2234,0.1912,0.4506,0.1482,-0.7617,0.1191,多周期共振看空 ⬇⬇⬇,-0.8615,-0.5982,-0.3375
002909,集泰股份,18.03,True,4.74,5.21,0,-3.22,-11.19,-7.7,-8.97,0.0,2026-07-08,2026-07-08,25.41,-0.0243,-0.0879,0.2793,0.1648,0.3424,0.5345,0.1481,-0.9174,0.0413,多周期共振看空 ⬇⬇⬇,-0.875,-0.7038,-0.5625
002624,完美世界,204.52,True,11.19,12.31,1,0.45,-14.04,-6.28,-9.11,0.0,2026-07-08,2026-07-08,36.33,-0.2278,-0.1584,0.6144,0.1366,0.5851,0.0,0.1481,-0.7358,0.1321,多周期共振看空 ⬇⬇⬇,-0.531,-0.6669,-0.495
002195,岩山科技,342.57,True,6.1,6.76,0,-3.14,-12.99,-7.42,-9.76,0.0,2026-07-08,2026-07-08,19.66,0.2395,-0.2159,0.3656,0.2574,0.2147,0.3907,0.1479,-0.7991,0.1004,多周期共振看空 ⬇⬇⬇,-0.857,-0.6842,-0.3375
000561,烽火电子,54.34,True,7.0,7.56,0,-0.56,-10.16,-5.63,-7.37,0.0,2026-07-08,2026-07-08,33.33,0.1454,-0.5208,0.389,0.0873,0.5185,0.3517,0.1478,-0.8607,0.0696,多周期共振看空 ⬇⬇⬇,-0.6865,-0.7408,-0.5625
603028,赛福天,18.02,True,6.34,7.01,0,-3.4,-13.34,-9.04,-9.5,0.0,2026-07-08,2026-07-08,30.33,-0.216,-0.2063,0.3854,0.1175,0.4517,0.3576,0.147,-0.8398,0.0801,多周期共振看空 ⬇⬇⬇,-0.898,-0.581,-0.495
002140,东华科技,63.0,True,8.91,9.5,0,-0.09,-7.11,-3.86,-6.17,0.0,2026-07-08,2026-07-08,22.78,-0.142,-0.1631,0.2525,0.1348,0.284,0.5792,0.1469,-0.8447,0.0776,多周期共振看空 ⬇⬇⬇,-0.8318,-0.6485,-0.495
600476,*ST湘邮,14.27,True,8.86,9.45,0,-1.96,-17.55,-10.17,-6.24,0.0,2026-07-08,2026-07-08,37.74,-0.4332,-0.2855,0.5714,0.0858,0.6165,0.0477,0.1468,-0.7406,0.1297,多周期共振看空 ⬇⬇⬇,-0.511,-0.6271,-0.5625
002097,山河智能,75.3,True,7.02,7.69,0,-3.95,-11.46,-7.04,-8.7,0.0,2026-07-08,2026-07-08,18.64,-0.3764,0.0376,0.255,0.215,0.1921,0.575,0.1466,-0.8618,0.0691,多周期共振看空 ⬇⬇⬇,-0.7,-0.7315,-0.5625
001221,悍高集团,14.16,True,39.33,42.07,0,-0.78,-18.92,-8.9,-6.5,0.0,2026-07-08,2026-07-08,27.97,-0.0395,-0.2314,0.4282,0.1074,0.3992,0.2863,0.1466,-0.7069,0.1466,多周期共振看空 ⬇⬇⬇,-0.6085,-0.6946,-0.3375
603227,雪峰科技,75.98,True,7.09,7.47,0,-4.67,-11.79,-7.38,-5.11,0.0,2026-07-08,2026-07-08,23.02,0.0378,-0.4488,0.2512,0.0432,0.2894,0.5813,0.1466,-0.7088,0.1456,多周期共振看空 ⬇⬇⬇,-0.5015,-0.5654,-0.5625
600212,绿能慧充,26.29,True,4.95,5.52,0,-2.14,-11.63,-7.97,-10.29,0.0,2026-07-08,2026-07-08,28.22,-0.0844,0.1791,0.4572,0.2716,0.4048,0.238,0.1463,-0.9403,0.0298,多周期共振看空 ⬇⬇⬇,-0.925,-0.7113,-0.5625
002922,伊戈尔,107.86,True,28.61,33.26,0,-4.53,-17.65,-10.9,-13.99,0.0,2026-07-08,2026-07-08,25.4,0.0306,0.0804,0.7174,0.2505,0.3422,0.0,0.1461,-0.6431,0.1784,多周期共振看空 ⬇⬇⬇,-0.8075,-0.3838,-0.3375
000659,珠海中富,35.61,True,2.77,3.26,0,-6.51,-15.13,-10.35,-15.13,0.0,2026-07-08,2026-07-08,8.42,-0.5682,0.4286,0.3294,0.3714,0.0,0.451,0.1457,-0.7899,0.105,多周期共振看空 ⬇⬇⬇,-0.875,-0.6485,-0.3375
600490,鹏欣资源,119.36,True,5.99,6.56,4,2.67,-15.86,-7.54,-8.69,0.0,2026-07-08,2026-07-08,27.18,-0.0581,0.0199,0.7072,0.2079,0.3818,0.0,0.1453,-0.6285,0.1858,多周期共振看空 ⬇⬇⬇,-0.5513,-0.4137,-0.495
002151,北斗星通,0.0,True,29.61,32.23,0,-0.55,-12.21,-5.85,-8.13,0.0,2026-07-08,2026-07-08,33.19,-0.0674,-0.4528,0.4008,0.0189,0.5153,0.3321,0.1449,-0.7549,0.1225,多周期共振看空 ⬇⬇⬇,-0.9115,-0.5403,-0.3375
601992,金隅集团,114.18,True,1.37,1.43,0,-3.08,-10.8,-5.88,-4.16,0.0,2026-07-08,2026-07-08,21.74,0.1125,-0.5245,0.2222,0.0675,0.2609,0.6297,0.1449,-0.7659,0.117,多周期共振看空 ⬇⬇⬇,-0.5543,-0.7131,-0.495
601026,道生天合,15.05,True,13.55,14.78,0,-0.01,-16.02,-6.78,-8.31,0.0,2026-07-08,2026-07-08,24.73,0.2698,-0.6052,0.3805,0.1619,0.3273,0.3659,0.1449,-0.7856,0.1072,周线日线共振看空,-0.8935,-0.45,
002581,*ST未名,12.58,True,3.14,3.46,0,-3.71,-19.62,-11.9,-9.16,0.0,2026-07-08,2026-07-08,22.38,0.4834,-0.2367,0.579,0.3954,0.2751,0.035,0.1448,-0.8321,0.084,多周期共振看空 ⬇⬇⬇,-0.613,-0.7408,-0.5625
000586,汇源通信,23.33,True,12.2,14.11,0,-3.93,-14.86,-10.17,-13.52,0.0,2026-07-08,2026-07-08,8.35,0.5367,-0.5373,0.464,0.322,0.0,0.2266,0.1445,-0.5402,0.2299,多周期共振看空 ⬇⬇⬇,-0.6821,-0.3325,-0.27
002735,王子新材,35.92,True,12.6,17.32,11,30.31,-27.24,2.86,-27.24,0.0,2026-07-08,2026-07-08,11.63,0.5743,-0.7476,0.7964,0.3446,0.0363,0.0,0.1443,-0.4402,0.2799,多周期共振看空 ⬇⬇⬇,-0.2752,-0.3491,-0.3825
605180,华生科技,19.5,True,11.54,12.9,2,1.53,-11.0,-5.88,-10.58,0.0,2026-07-08,2026-07-08,22.38,0.448,-0.5051,0.4878,0.2688,0.2751,0.187,0.144,-0.7575,0.1213,多周期共振看空 ⬇⬇⬇,-0.8002,-0.4165,-0.5625
002451,摩恩电气,29.64,True,6.75,7.4,0,-3.87,-12.37,-7.77,-8.81,0.0,2026-07-08,2026-07-08,21.56,0.0715,-0.3529,0.3056,0.1018,0.2568,0.4907,0.1438,-0.7135,0.1432,多周期共振看空 ⬇⬇⬇,-0.6955,-0.6344,-0.3375
002802,洪汇新材,15.49,True,10.35,11.32,0,-3.13,-11.2,-7.72,-8.61,0.0,2026-07-08,2026-07-08,27.22,-0.0069,-0.2801,0.3648,0.0879,0.3826,0.392,0.1436,-0.7643,0.1179,多周期共振看空 ⬇⬇⬇,-0.866,-0.375,-0.5625
000020,深华发Ａ,18.8,True,10.38,11.32,0,-1.84,-9.0,-6.05,-8.26,0.0,2026-07-08,2026-07-08,24.22,-0.132,-0.2016,0.3076,0.1194,0.316,0.4873,0.1435,-0.8121,0.0939,多周期共振看空 ⬇⬇⬇,-0.691,-0.63,-0.5625
601606,长城军工,192.28,True,26.55,29.56,0,-3.39,-13.26,-8.29,-10.18,0.0,2026-07-08,2026-07-08,24.18,0.1115,-0.0704,0.4308,0.2387,0.3152,0.2821,0.1431,-0.8415,0.0792,多周期共振看空 ⬇⬇⬇,-0.6265,-0.75,-0.5625
002869,金溢科技,24.12,True,15.31,17.49,6,4.52,-12.47,-4.85,-12.47,0.0,2026-07-08,2026-07-08,22.83,0.5994,-0.6446,0.5443,0.3596,0.2851,0.0929,0.1425,-0.8519,0.0741,多周期共振看空 ⬇⬇⬇,-0.6746,-0.7315,-0.5625
002855,捷荣技术,22.28,True,9.05,10.01,0,-2.95,-12.38,-8.79,-9.61,0.0,2026-07-08,2026-07-08,17.89,0.534,-0.5044,0.3906,0.3204,0.1754,0.349,0.1425,-0.8626,0.0687,多周期共振看空 ⬇⬇⬇,-0.756,-0.6854,-0.5625
002309,中利集团,59.67,True,2.48,2.93,0,-5.39,-15.41,-11.62,-15.37,0.0,2026-07-08,2026-07-08,10.99,0.3715,-0.3536,0.3628,0.2815,0.022,0.3953,0.1423,-0.6545,0.1728,多周期共振看空 ⬇⬇⬇,-0.875,-0.351,-0.3375
603202,天有为,25.32,True,50.43,56.48,2,1.31,-19.55,-8.73,-10.72,0.0,2026-07-08,2026-07-08,17.86,-0.1793,0.378,0.4856,0.3512,0.1746,0.1906,0.1421,-0.7867,0.1067,多周期共振看空 ⬇⬇⬇,-0.529,-0.7131,-0.5625
601908,京运通,70.75,True,2.93,3.15,0,-4.08,-14.07,-9.1,-6.94,0.0,2026-07-08,2026-07-08,28.71,0.0039,-0.408,0.396,0.0391,0.4158,0.3401,0.1419,-0.6984,0.1508,多周期共振看空 ⬇⬇⬇,-0.6158,-0.5122,-0.495
603370,华新精科,12.12,True,34.63,39.18,0,-0.31,-14.0,-6.5,-11.62,0.0,2026-07-08,2026-07-08,22.91,0.2007,-0.5718,0.457,0.1204,0.2868,0.2383,0.1415,-0.5951,0.2025,周线日线共振看空,-0.6088,-0.3991,
002115,三维通信,72.91,True,9.77,10.92,0,-3.2,-13.43,-8.01,-10.49,0.0,2026-07-08,2026-07-08,22.4,0.2266,-0.7051,0.4036,0.136,0.2757,0.3274,0.1414,-0.6793,0.1603,多周期共振看空 ⬇⬇⬇,-0.83,-0.4441,-0.3375
002337,赛象科技,25.64,True,4.36,4.69,0,-2.51,-10.94,-7.05,-6.99,0.0,2026-07-08,2026-07-08,29.09,-0.1525,-0.4406,0.2983,0.0238,0.4242,0.5028,0.1414,-0.8181,0.0909,多周期共振看空 ⬇⬇⬇,-0.631,-0.6946,-0.5625
001388,信通电子,21.71,True,25.68,28.42,1,0.27,-17.26,-9.43,-9.64,0.0,2026-07-08,2026-07-08,34.57,-0.011,-0.1216,0.5265,0.1513,0.5461,0.1225,0.1411,-0.8667,0.0666,多周期共振看空 ⬇⬇⬇,-0.691,-0.75,-0.5625
002882,金龙羽,43.71,True,17.71,20.01,0,-0.98,-14.67,-7.14,-11.49,0.0,2026-07-08,2026-07-08,21.19,0.569,-0.2487,0.5541,0.4419,0.2487,0.0765,0.141,-0.939,0.0305,多周期共振看空 ⬇⬇⬇,-0.898,-0.7315,-0.5625
002053,云南能投,83.14,True,9.03,9.78,1,5.04,-18.54,-8.78,-7.63,0.0,2026-07-08,2026-07-08,39.77,-0.109,-0.4974,0.7323,0.001,0.6617,0.0,0.1409,-0.6685,0.1658,多周期共振看空 ⬇⬇⬇,-0.5006,-0.4777,-0.5625
002846,英联股份,26.15,True,10.05,11.37,4,2.93,-12.4,-6.13,-11.59,0.0,2026-07-08,2026-07-08,11.55,0.6552,-0.4195,0.4054,0.4253,0.0344,0.3244,0.1405,-0.8571,0.0715,多周期共振看空 ⬇⬇⬇,-0.797,-0.6381,-0.5625
600192,长城电工,26.9,True,6.09,6.93,5,12.31,-13.05,-5.83,-12.14,0.0,2026-07-08,2026-07-08,7.52,0.7752,-0.2625,0.6896,0.5601,0.0,0.0,0.1404,-0.773,0.1135,多周期共振看空 ⬇⬇⬇,-0.6888,-0.5459,-0.5625
002544,普天科技,114.73,True,16.86,18.67,0,-3.68,-16.62,-8.84,-9.69,0.0,2026-07-08,2026-07-08,23.67,0.1643,-0.313,0.3496,0.1734,0.3038,0.4174,0.1402,-0.8541,0.073,多周期共振看空 ⬇⬇⬇,-0.691,-0.7223,-0.5625
603920,世运电路,285.86,True,39.67,50.45,0,-0.75,-21.36,-11.6,-21.36,0.0,2026-07-08,2026-07-08,13.75,0.6615,-0.6359,0.6913,0.3969,0.0834,0.0,0.1397,-0.6176,0.1912,多周期共振看空 ⬇⬇⬇,-0.776,-0.3548,-0.3375
000901,航天科技,127.47,True,15.97,17.67,1,1.78,-11.13,-5.39,-9.62,0.0,2026-07-08,2026-07-08,32.46,0.1268,-0.3412,0.4603,0.1396,0.4991,0.2328,0.1397,-0.8908,0.0546,多周期共振看空 ⬇⬇⬇,-0.907,-0.6854,-0.495
600592,龙溪股份,55.1,True,13.79,15.01,3,1.44,-22.34,-13.43,-8.12,0.0,2026-07-08,2026-07-08,39.38,0.0467,-0.3572,0.7671,0.0851,0.6528,0.0,0.1396,-0.8026,0.0987,多周期共振看空 ⬇⬇⬇,-0.604,-0.6837,-0.5625
603489,八方股份,61.52,True,26.22,30.08,0,-1.73,-12.83,-8.03,-12.83,0.0,2026-07-08,2026-07-08,19.07,-0.1626,-0.3368,0.3628,0.0653,0.2015,0.3953,0.1396,-0.5453,0.2273,多周期共振看空 ⬇⬇⬇,-0.8165,-0.2287,-0.27
601399,国机重装,225.78,True,3.13,3.52,0,-1.21,-11.12,-5.35,-11.12,0.0,2026-07-08,2026-07-08,25.0,-0.0868,-0.1166,0.3843,0.1534,0.3333,0.3595,0.1393,-0.8182,0.0909,多周期共振看空 ⬇⬇⬇,-0.8615,-0.7223,-0.3375
603516,淳中科技,218.49,True,107.49,125.58,12,16.91,-14.4,1.75,-14.4,0.0,2026-07-08,2026-07-08,28.72,0.2828,-0.6989,0.8306,0.1697,0.416,0.0,0.139,-0.6586,0.1707,多周期共振看空 ⬇⬇⬇,-0.3047,-0.6237,-0.5625
002339,积成电子,31.4,True,6.56,7.26,0,-4.71,-13.62,-9.54,-9.61,0.0,2026-07-08,2026-07-08,23.65,0.0857,-0.3569,0.3678,0.1086,0.3032,0.387,0.1386,-0.7384,0.1308,多周期共振看空 ⬇⬇⬇,-0.7,-0.6854,-0.3375
002666,德联集团,19.33,True,3.86,4.14,0,-3.2,-9.49,-6.13,-6.66,0.0,2026-07-08,2026-07-08,25.61,-0.002,-0.3352,0.2696,0.0659,0.3469,0.5507,0.1386,-0.8534,0.0733,多周期共振看空 ⬇⬇⬇,-0.7,-0.7131,-0.5625
002782,可立克,85.44,True,17.56,22.1,0,-2.64,-20.53,-10.93,-20.53,0.0,2026-07-08,2026-07-08,12.59,0.366,-0.4189,0.6721,0.252,0.0576,0.0,0.1377,-0.3709,0.3145,多周期共振看空 ⬇⬇⬇,-0.5016,-0.2052,-0.18
003027,同兴科技,16.81,True,16.03,18.49,0,-2.44,-16.08,-10.03,-13.29,0.0,2026-07-08,2026-07-08,27.85,0.0078,-0.1373,0.5228,0.1497,0.3966,0.1286,0.1371,-0.7214,0.1393,多周期共振看空 ⬇⬇⬇,-0.8345,-0.3753,-0.495
601218,吉鑫科技,39.25,True,4.05,4.51,0,-4.46,-13.51,-9.07,-10.15,0.0,2026-07-08,2026-07-08,18.75,-0.0218,-0.3378,0.2848,0.0649,0.1944,0.5254,0.1371,-0.661,0.1695,多周期共振看空 ⬇⬇⬇,-0.7,-0.5152,-0.3375
600734,*ST实达,38.33,True,1.76,1.79,1,0.85,-21.42,-9.47,-1.68,0.0,2026-07-08,2026-07-08,37.37,0.0009,-0.2215,0.6446,0.112,0.6083,0.0,0.1369,-0.814,0.093,多周期共振看空 ⬇⬇⬇,-0.556,-0.75,-0.5625
002829,星网宇达,23.54,True,16.12,18.24,0,-3.4,-20.91,-13.59,-11.63,0.0,2026-07-08,2026-07-08,26.68,0.3571,-0.4354,0.5563,0.2401,0.3706,0.0728,0.1364,-0.7959,0.102,多周期共振看空 ⬇⬇⬇,-0.853,-0.4556,-0.5625
605286,同力天启,40.99,True,24.4,27.52,0,-2.27,-20.36,-12.73,-11.34,0.0,2026-07-08,2026-07-08,27.51,-0.1982,-0.0173,0.5352,0.1931,0.3892,0.1079,0.1362,-0.7728,0.1136,多周期共振看空 ⬇⬇⬇,-0.6355,-0.5913,-0.5625
603960,克来机电,41.43,True,15.8,18.87,2,0.97,-16.27,-8.25,-16.27,0.0,2026-07-08,2026-07-08,15.5,0.5104,-0.4435,0.5572,0.3288,0.1223,0.0713,0.1361,-0.6411,0.1794,多周期共振看空 ⬇⬇⬇,-0.6656,-0.5011,-0.3375
601127,赛力斯,911.43,True,58.53,63.43,0,-5.64,-14.7,-11.11,-7.73,0.0,2026-07-08,2026-07-08,26.53,-0.0715,-0.2517,0.3334,0.0993,0.3673,0.4443,0.1356,-0.8702,0.0649,多周期共振看空 ⬇⬇⬇,-0.7,-0.75,-0.5625
600810,神马股份,62.68,True,5.8,6.44,11,10.81,-9.94,1.0,-9.94,0.0,2026-07-08,2026-07-08,15.09,0.2295,-0.28,0.4334,0.2257,0.1132,0.2777,0.1352,-0.6373,0.1814,多周期共振看空 ⬇⬇⬇,-0.2502,-0.6238,-0.5625
600477,杭萧钢构,53.31,True,2.26,2.43,0,-3.1,-9.8,-6.57,-6.88,0.0,2026-07-08,2026-07-08,18.37,-0.3316,-0.321,0.2612,0.0716,0.1859,0.5647,0.1351,-0.709,0.1455,多周期共振看空 ⬇⬇⬇,-0.7,-0.6207,-0.3375
601600,中国铝业,1080.03,True,8.18,9.15,0,-1.79,-17.98,-11.19,-10.57,0.0,2026-07-08,2026-07-08,25.48,0.2843,-0.4298,0.5455,0.1986,0.344,0.0909,0.1347,-0.7258,0.1371,多周期共振看空 ⬇⬇⬇,-0.7875,-0.5826,-0.3375
002194,武汉凡谷,44.4,True,8.69,10.9,8,7.5,-21.55,-6.14,-20.26,0.0,2026-07-08,2026-07-08,7.22,0.7433,-0.616,0.7573,0.446,0.0,0.0,0.1332,-0.6479,0.176,多周期共振看空 ⬇⬇⬇,-0.5317,-0.4058,-0.5625
601777,千里科技,354.91,True,7.85,8.76,0,-6.74,-17.92,-11.96,-10.4,0.0,2026-07-08,2026-07-08,23.02,0.2135,-0.3572,0.5019,0.1852,0.2893,0.1635,0.1327,-0.7128,0.1436,多周期共振看空 ⬇⬇⬇,-0.738,-0.3715,-0.5625
605555,德昌股份,59.49,True,12.29,13.55,2,1.3,-20.09,-7.83,-9.32,0.0,2026-07-08,2026-07-08,31.63,0.2477,-0.6255,0.6139,0.1486,0.4807,0.0,0.1323,-0.7559,0.122,多周期共振看空 ⬇⬇⬇,-0.584,-0.5983,-0.5625
002969,嘉美包装,137.19,True,12.56,14.53,0,-6.12,-24.94,-13.65,-13.56,0.0,2026-07-08,2026-07-08,15.49,0.5118,-0.7839,0.5577,0.3071,0.1221,0.0704,0.1318,-0.6398,0.1801,多周期共振看空 ⬇⬇⬇,-0.5011,-0.6392,-0.3375
002217,ST合力泰,128.84,True,1.77,2.15,2,4.07,-26.67,-12.88,-17.69,0.0,2026-07-08,2026-07-08,20.42,0.4223,-0.3241,0.8117,0.3237,0.2316,0.0,0.1318,-0.7417,0.1291,多周期共振看空 ⬇⬇⬇,-0.729,-0.4427,-0.5625
002331,皖通科技,27.43,True,6.8,7.72,0,-3.34,-12.55,-7.83,-11.97,0.0,2026-07-08,2026-07-08,21.08,0.0711,-0.4894,0.316,0.0469,0.2462,0.4733,0.1316,-0.696,0.152,多周期共振看空 ⬇⬇⬇,-0.7425,-0.3982,-0.495
002178,延华智能,30.39,True,4.27,4.77,0,-0.96,-15.64,-10.03,-10.44,0.0,2026-07-08,2026-07-08,20.0,0.2162,-0.2699,0.3763,0.2218,0.2222,0.3729,0.1313,-0.8693,0.0654,多周期共振看空 ⬇⬇⬇,-0.7875,-0.673,-0.5625
002369,卓翼科技,29.27,True,5.17,5.67,0,-3.93,-11.95,-8.2,-8.76,0.0,2026-07-08,2026-07-08,22.22,0.1209,-0.2948,0.328,0.1546,0.2716,0.4533,0.1313,-0.8858,0.0571,多周期共振看空 ⬇⬇⬇,-0.783,-0.7131,-0.5625
603037,凯众股份,26.22,True,9.85,10.83,0,-4.65,-14.76,-10.33,-9.04,0.0,2026-07-08,2026-07-08,24.92,-0.0727,-0.3929,0.362,0.0428,0.3315,0.3966,0.131,-0.7354,0.1323,多周期共振看空 ⬇⬇⬇,-0.631,-0.5805,-0.495
603381,永臻股份,20.65,True,14.53,16.1,0,-4.47,-19.51,-11.51,-9.74,0.0,2026-07-08,2026-07-08,16.53,-0.1344,-0.2365,0.227,0.1054,0.1451,0.6217,0.1309,-0.7933,0.1033,多周期共振看空 ⬇⬇⬇,-0.7,-0.6485,-0.495
002449,国星光电,41.87,True,6.77,7.62,1,0.72,-11.61,-4.95,-11.21,0.0,2026-07-08,2026-07-08,20.63,0.4433,-0.6905,0.5662,0.266,0.2362,0.0563,0.1306,-0.7089,0.1456,多周期共振看空 ⬇⬇⬇,-0.5354,-0.5367,-0.5625
001300,三柏硕,28.2,True,11.57,12.81,0,-4.09,-20.64,-12.85,-9.66,0.0,2026-07-08,2026-07-08,27.27,-0.1121,-0.4655,0.4624,0.0138,0.3838,0.2294,0.1305,-0.6218,0.1891,多周期共振看空 ⬇⬇⬇,-0.4925,-0.4494,-0.495
600281,华阳新材,20.06,True,3.9,4.44,0,-1.44,-12.69,-7.87,-12.09,0.0,2026-07-08,2026-07-08,29.75,0.1827,-0.2532,0.5214,0.2083,0.4388,0.131,0.1304,-0.9216,0.0392,多周期共振看空 ⬇⬇⬇,-0.875,-0.7131,-0.5625
000592,平潭发展,112.03,True,5.85,7.06,1,5.25,-18.65,-11.46,-17.17,0.0,2026-07-08,2026-07-08,29.41,-0.1271,-0.0226,0.688,0.191,0.4314,0.0,0.1295,-0.7868,0.1066,多周期共振看空 ⬇⬇⬇,-0.9115,-0.6105,-0.3375
000045,深纺织Ａ,43.42,True,9.5,10.38,0,-1.06,-8.44,-5.78,-8.44,0.0,2026-07-08,2026-07-08,22.76,0.1949,-0.538,0.3641,0.1169,0.2835,0.3932,0.129,-0.8098,0.0951,多周期共振看空 ⬇⬇⬇,-0.6992,-0.6854,-0.495
002865,钧达股份,115.32,True,50.4,60.31,0,-6.09,-23.69,-14.7,-16.43,0.0,2026-07-08,2026-07-08,19.88,0.4184,-0.4751,0.5389,0.261,0.2195,0.1018,0.1285,-0.7342,0.1329,多周期共振看空 ⬇⬇⬇,-0.8755,-0.5256,-0.3375
002347,泰尔股份,26.89,True,5.45,6.12,0,-1.95,-13.64,-9.15,-11.0,0.0,2026-07-08,2026-07-08,27.05,-0.1596,-0.37,0.4238,0.052,0.379,0.2936,0.1284,-0.7453,0.1274,多周期共振看空 ⬇⬇⬇,-0.6955,-0.5468,-0.495
603922,ST金鸿顺,22.11,True,12.34,14.15,6,4.43,-14.4,-5.19,-12.8,0.0,2026-07-08,2026-07-08,27.06,-0.2784,0.0628,0.6739,0.2251,0.3791,0.0,0.1282,-0.7892,0.1054,多周期共振看空 ⬇⬇⬇,-0.6344,-0.6283,-0.5625
603070,万控智造,45.39,True,11.32,14.02,3,10.75,-19.47,-9.6,-19.26,0.0,2026-07-08,2026-07-08,13.16,0.5559,-0.5982,0.935,0.3336,0.0702,0.0,0.1281,-0.5932,0.2034,多周期共振看空 ⬇⬇⬇,-0.6797,-0.3837,-0.3375
601515,衢州东峰,58.89,True,3.06,3.51,0,-0.68,-15.1,-8.78,-12.75,0.0,2026-07-08,2026-07-08,18.44,-0.2755,0.1664,0.5054,0.2666,0.1875,0.1577,0.1274,-0.7585,0.1208,多周期共振看空 ⬇⬇⬇,-0.857,-0.37,-0.5625
001255,博菲电气,18.78,True,24.31,26.99,0,-4.0,-11.79,-8.59,-9.91,0.0,2026-07-08,2026-07-08,23.34,-0.2864,-0.3309,0.3246,0.0676,0.2964,0.4589,0.1271,-0.8143,0.0928,多周期共振看空 ⬇⬇⬇,-0.7,-0.6946,-0.495
603090,宏盛股份,50.29,True,50.29,55.73,2,0.93,-14.7,-7.59,-9.76,0.0,2026-07-08,2026-07-08,26.52,0.0863,-0.4177,0.6489,0.0847,0.3672,0.0,0.1269,-0.5607,0.2197,多周期共振看空 ⬇⬇⬇,-0.5488,-0.4244,-0.3375
000547,航天发展,254.9,True,16.04,18.9,1,0.03,-15.15,-6.78,-15.15,0.0,2026-07-08,2026-07-08,27.45,0.2199,-0.464,0.6644,0.1463,0.3877,0.0,0.1267,-0.6859,0.1571,多周期共振看空 ⬇⬇⬇,-0.6527,-0.6105,-0.3375
000678,襄阳轴承,37.96,True,8.26,9.25,0,-1.22,-19.97,-12.65,-10.72,0.0,2026-07-08,2026-07-08,34.8,-0.2668,-0.2687,0.6795,0.0925,0.5512,0.0,0.126,-0.8012,0.0994,多周期共振看空 ⬇⬇⬇,-0.622,-0.6652,-0.5625
603896,寿仙谷,27.36,True,13.8,14.36,1,0.04,-14.3,-5.47,-3.92,0.0,2026-07-08,2026-07-08,32.35,-0.1987,-0.5984,0.4433,0.0,0.4967,0.2612,0.1255,-0.8011,0.0994,多周期共振看空 ⬇⬇⬇,-0.5335,-0.7408,-0.5625
002036,联创电子,69.13,True,6.55,7.71,0,-3.71,-17.7,-9.94,-15.07,0.0,2026-07-08,2026-07-08,21.18,0.4763,-0.6836,0.6666,0.2858,0.2484,0.0,0.1255,-0.751,0.1245,多周期共振看空 ⬇⬇⬇,-0.65,-0.5308,-0.5625
002519,银河电子,59.57,True,5.33,6.01,0,-3.35,-12.78,-7.44,-11.26,0.0,2026-07-08,2026-07-08,22.99,0.0363,-0.459,0.3449,0.0382,0.2888,0.4252,0.1252,-0.7464,0.1268,多周期共振看空 ⬇⬇⬇,-0.9205,-0.514,-0.3375
600501,航天晨光,61.56,True,14.39,16.29,0,-2.61,-13.12,-9.07,-11.64,0.0,2026-07-08,2026-07-08,25.04,-0.3197,-0.2014,0.4086,0.1194,0.3343,0.3191,0.1252,-0.8457,0.0771,多周期共振看空 ⬇⬇⬇,-0.691,-0.7038,-0.5625
002825,纳尔股份,20.79,True,8.1,8.67,0,-5.26,-13.17,-8.9,-6.59,0.0,2026-07-08,2026-07-08,24.77,-0.0,-0.5347,0.3228,0.0,0.3282,0.462,0.1251,-0.763,0.1185,多周期共振看空 ⬇⬇⬇,-0.547,-0.6456,-0.5625
600537,*ST亿晶,30.78,True,2.6,2.63,5,4.88,-22.12,-5.76,-1.25,0.0,2026-07-08,2026-07-08,31.78,0.0173,-0.5798,0.6265,0.0104,0.4839,0.0,0.1251,-0.5961,0.202,多周期共振看空 ⬇⬇⬇,-0.3238,-0.47,-0.5625
002368,太极股份,85.84,True,13.84,15.34,7,8.2,-13.42,-3.55,-9.79,0.0,2026-07-08,2026-07-08,20.57,-0.0837,0.0589,0.4537,0.2236,0.2348,0.2438,0.1248,-0.8362,0.0819,多周期共振看空 ⬇⬇⬇,-0.6128,-0.75,-0.5625
603612,索通发展,80.74,True,16.21,18.74,1,0.94,-13.51,-7.04,-13.51,0.0,2026-07-08,2026-07-08,15.55,0.1877,-0.0276,0.4265,0.3016,0.1233,0.2892,0.1238,-0.8713,0.0644,多周期共振看空 ⬇⬇⬇,-0.857,-0.6854,-0.495
600819,耀皮玻璃,39.46,True,5.28,6.02,2,1.49,-12.34,-7.04,-12.34,0.0,2026-07-08,2026-07-08,23.29,0.4551,-0.747,0.6443,0.273,0.2953,0.0,0.1236,-0.8022,0.0989,多周期共振看空 ⬇⬇⬇,-0.5686,-0.7131,-0.5625
603586,金麒麟,25.27,True,12.89,14.65,6,10.58,-24.99,-9.93,-12.0,0.0,2026-07-08,2026-07-08,23.62,0.3928,-0.5272,0.6454,0.2357,0.3026,0.0,0.1225,-0.76,0.12,多周期共振看空 ⬇⬇⬇,-0.573,-0.6167,-0.5625
600480,凌云股份,103.85,True,8.56,9.17,0,-0.33,-17.66,-8.64,-6.65,0.0,2026-07-08,2026-07-08,33.07,-0.0339,-0.4544,0.5726,0.0182,0.5126,0.0457,0.1223,-0.7024,0.1488,多周期共振看空 ⬇⬇⬇,-0.568,-0.4944,-0.5625
603305,旭升集团,136.95,True,11.85,12.91,0,-1.68,-15.71,-8.88,-8.23,0.0,2026-07-08,2026-07-08,30.02,-0.0793,-0.4452,0.5341,0.0219,0.4449,0.1098,0.122,-0.6805,0.1598,多周期共振看空 ⬇⬇⬇,-0.577,-0.5061,-0.495
000821,ST京机,47.83,True,7.91,8.2,2,1.15,-17.53,-6.86,-3.52,0.0,2026-07-08,2026-07-08,37.38,-0.2568,-0.543,0.5698,0.0,0.6084,0.0503,0.1214,-0.7993,0.1003,多周期共振看空 ⬇⬇⬇,-0.529,-0.7408,-0.5625
001239,永达股份,14.25,True,12.5,13.79,9,11.89,-9.37,-0.93,-9.37,0.0,2026-07-08,2026-07-08,8.02,0.5792,-0.3869,0.5413,0.3928,0.0,0.0979,0.1209,-0.7398,0.1301,多周期共振看空 ⬇⬇⬇,-0.4086,-0.7131,-0.5625
600302,ST标准,26.26,True,7.59,8.92,5,8.53,-20.05,-8.39,-14.88,0.0,2026-07-08,2026-07-08,26.68,0.0082,-0.1523,0.6234,0.144,0.3707,0.0,0.1198,-0.7167,0.1416,多周期共振看空 ⬇⬇⬇,-0.6787,-0.656,-0.3375
002898,赛隆退,0.34,True,0.34,6.11,5,9.76,-96.98,-44.32,-94.44,0.0,2026-07-08,2026-07-08,0.57,-0.6945,1.869,3.3795,0.4,0.0,0.0,0.1175,-0.7004,0.1498,多周期共振看空 ⬇⬇⬇,-0.6382,-0.6548,-0.3375
603334,丰倍生物,10.59,True,33.28,37.71,0,-1.25,-11.75,-7.83,-11.75,0.0,2026-07-08,2026-07-08,19.02,-0.1462,-0.1513,0.4241,0.1395,0.2005,0.2932,0.1173,-0.7602,0.1199,周线日线共振看空,-0.8615,-0.438,
600775,南京熊猫,60.94,True,9.07,9.98,2,1.12,-11.88,-6.47,-9.1,0.0,2026-07-08,2026-07-08,25.75,0.1491,-0.3358,0.5355,0.1551,0.35,0.1075,0.1164,-0.823,0.0885,多周期共振看空 ⬇⬇⬇,-0.7223,-0.6946,-0.495
002130,沃尔核材,200.37,True,17.47,19.03,1,0.12,-12.39,-6.4,-8.22,0.0,2026-07-08,2026-07-08,29.8,0.0832,-0.4006,0.6018,0.0897,0.4399,0.0,0.1162,-0.7418,0.1291,多周期共振看空 ⬇⬇⬇,-0.5643,-0.5841,-0.5625
002045,国光电器,42.07,True,7.49,8.19,0,-4.32,-13.97,-8.35,-8.54,0.0,2026-07-08,2026-07-08,20.21,-0.336,-0.337,0.287,0.0652,0.2268,0.5216,0.1159,-0.8667,0.0666,多周期共振看空 ⬇⬇⬇,-0.691,-0.75,-0.5625
600699,均胜电子,285.65,True,21.08,22.99,0,-0.49,-15.82,-9.5,-8.32,0.0,2026-07-08,2026-07-08,28.83,-0.0515,-0.394,0.5531,0.0424,0.4184,0.0781,0.1148,-0.7143,0.1428,多周期共振看空 ⬇⬇⬇,-0.5648,-0.5233,-0.5625
002866,传艺科技,26.24,True,14.48,16.82,0,-5.47,-15.67,-10.44,-13.92,0.0,2026-07-08,2026-07-08,15.36,0.1521,-0.6059,0.4334,0.0913,0.119,0.2777,0.1144,-0.5958,0.2021,多周期共振看空 ⬇⬇⬇,-0.857,-0.3048,-0.27
600590,泰豪科技,75.75,True,8.98,10.78,0,-6.21,-16.72,-12.39,-16.72,0.0,2026-07-08,2026-07-08,18.02,0.1134,-0.4361,0.4499,0.0936,0.1782,0.2501,0.1141,-0.6508,0.1746,多周期共振看空 ⬇⬇⬇,-0.875,-0.3429,-0.3375
002052,同洲电子,0.0,True,7.81,8.4,0,-1.72,-13.65,-8.97,-7.0,0.0,2026-07-08,2026-07-08,30.28,-0.0385,-0.462,0.5227,0.0152,0.4507,0.1289,0.1141,-0.7558,0.1221,多周期共振看空 ⬇⬇⬇,-0.4626,-0.7021,-0.5625
002026,山东威达,47.4,True,10.76,11.47,0,-0.62,-10.75,-4.81,-6.21,0.0,2026-07-08,2026-07-08,26.25,-0.1894,-0.6157,0.306,0.0,0.3612,0.4899,0.1138,-0.9152,0.0424,多周期共振看空 ⬇⬇⬇,-0.8478,-0.7223,-0.5625
002596,海南瑞泽,31.76,True,2.77,3.19,0,-2.6,-16.8,-9.16,-13.27,0.0,2026-07-08,2026-07-08,30.19,-0.0187,-0.2938,0.6078,0.0825,0.4486,0.0,0.1135,-0.7624,0.1188,多周期共振看空 ⬇⬇⬇,-0.5671,-0.6271,-0.5625
603786,科博达,169.5,True,41.97,44.46,0,-1.75,-12.58,-6.62,-5.61,0.0,2026-07-08,2026-07-08,28.58,-0.2249,-0.5083,0.4237,0.0,0.4129,0.2939,0.1131,-0.8261,0.087,多周期共振看空 ⬇⬇⬇,-0.6085,-0.7315,-0.5625
002918,蒙娜丽莎,19.79,True,9.24,10.7,0,-2.25,-18.78,-11.94,-13.62,0.0,2026-07-08,2026-07-08,10.95,0.5476,-0.5694,0.5612,0.3286,0.0211,0.0647,0.1113,-0.7128,0.1436,多周期共振看空 ⬇⬇⬇,-0.5064,-0.5701,-0.5625
600876,凯盛新能,26.51,True,6.7,7.93,3,13.03,-15.48,-6.84,-15.48,0.0,2026-07-08,2026-07-08,17.77,0.4817,-0.5128,0.6986,0.289,0.1727,0.0,0.1096,-0.7928,0.1036,多周期共振看空 ⬇⬇⬇,-0.5682,-0.6929,-0.5625
603312,西典新能,15.91,True,31.25,34.95,6,2.19,-11.7,-4.52,-10.6,0.0,2026-07-08,2026-07-08,13.86,0.3348,-0.455,0.4325,0.2189,0.0859,0.2792,0.1094,-0.8015,0.0993,多周期共振看空 ⬇⬇⬇,-0.5239,-0.75,-0.5625
603121,华培动力,38.56,True,11.39,13.29,0,-4.26,-19.64,-13.83,-14.31,0.0,2026-07-08,2026-07-08,26.17,-0.527,-0.2397,0.5826,0.1041,0.3594,0.029,0.1085,-0.753,0.1235,多周期共振看空 ⬇⬇⬇,-0.631,-0.619,-0.495
600800,渤海化学,33.07,True,2.98,3.37,0,-6.24,-12.67,-9.58,-11.64,0.0,2026-07-08,2026-07-08,16.25,-0.0257,-0.3574,0.2693,0.0571,0.1389,0.5512,0.1074,-0.8397,0.0801,多周期共振看空 ⬇⬇⬇,-0.875,-0.6006,-0.495
002121,科陆电子,68.75,True,4.87,5.59,0,-8.78,-19.03,-14.19,-12.94,0.0,2026-07-08,2026-07-08,15.62,0.1591,-0.4146,0.3671,0.1297,0.125,0.3881,0.1069,-0.8126,0.0937,多周期共振看空 ⬇⬇⬇,-0.8525,-0.5603,-0.495
003002,壶化股份,31.25,True,17.09,19.23,0,-3.69,-15.84,-10.03,-11.15,0.0,2026-07-08,2026-07-08,19.33,0.0742,-0.4199,0.3694,0.0766,0.2073,0.3844,0.1054,-0.8353,0.0823,多周期共振看空 ⬇⬇⬇,-0.7875,-0.5983,-0.5625
603988,中电电机,36.86,True,15.67,17.68,0,-3.35,-14.87,-10.23,-11.39,0.0,2026-07-08,2026-07-08,22.59,-0.3378,-0.3853,0.4222,0.0459,0.2798,0.2963,0.103,-0.8223,0.0888,多周期共振看空 ⬇⬇⬇,-0.631,-0.7038,-0.5625
600996,贵广网络,74.56,True,5.98,8.0,2,5.71,-25.23,-9.08,-25.23,0.0,2026-07-08,2026-07-08,11.37,0.5446,-0.64,0.6653,0.3268,0.0304,0.0,0.0997,-0.7619,0.119,多周期共振看空 ⬇⬇⬇,-0.711,-0.5025,-0.5625
603095,越剑智能,34.04,True,13.18,15.61,0,-6.32,-18.52,-13.38,-15.59,0.0,2026-07-08,2026-07-08,16.78,-0.0821,-0.5665,0.4403,0.0,0.1507,0.2661,0.0976,-0.6127,0.1936,多周期共振看空 ⬇⬇⬇,-0.8345,-0.3613,-0.27
000981,山子高科,0.0,True,2.61,3.03,0,-5.42,-16.02,-10.54,-13.82,0.0,2026-07-08,2026-07-08,15.74,-0.2265,-0.0888,0.4436,0.1645,0.1276,0.2607,0.0968,-0.8506,0.0747,多周期共振看空 ⬇⬇⬇,-0.866,-0.6322,-0.495
000403,派林生物,84.94,True,9.03,10.08,1,2.69,-22.46,-10.64,-10.4,0.0,2026-07-08,2026-07-08,26.07,-0.3366,-0.284,0.5868,0.0864,0.3571,0.0221,0.0941,-0.8317,0.0842,多周期共振看空 ⬇⬇⬇,-0.6465,-0.7113,-0.5625
603159,上海亚虹,24.54,True,17.53,21.6,5,2.54,-33.3,-13.44,-18.84,0.0,2026-07-08,2026-07-08,17.56,-0.2951,-0.174,0.8753,0.1304,0.168,0.0,0.0938,-0.6595,0.1703,多周期共振看空 ⬇⬇⬇,-0.6195,-0.4235,-0.495
002160,常铝股份,36.69,True,3.56,4.06,1,3.74,-16.39,-8.27,-12.24,0.0,2026-07-08,2026-07-08,13.69,0.4182,-0.5321,0.6512,0.2509,0.082,0.0,0.0916,-0.767,0.1165,多周期共振看空 ⬇⬇⬇,-0.783,-0.5195,-0.495
002514,*ST宝馨,0.0,True,2.0,2.61,0,-7.86,-35.18,-24.6,-23.24,0.0,2026-07-08,2026-07-08,15.69,-0.0043,0.2152,0.6432,0.2861,0.1264,0.0,0.0915,-0.8777,0.0611,多周期共振看空 ⬇⬇⬇,-0.7515,-0.7223,-0.5625
600986,浙文互联,95.34,True,6.41,7.39,0,-2.41,-14.75,-9.8,-13.31,0.0,2026-07-08,2026-07-08,14.41,0.0146,-0.3378,0.3612,0.0737,0.0981,0.3979,0.0906,-0.8289,0.0856,多周期共振看空 ⬇⬇⬇,-0.866,-0.5844,-0.495
603396,金辰股份,33.75,True,24.36,27.31,0,-4.88,-14.17,-8.72,-10.79,0.0,2026-07-08,2026-07-08,15.18,-0.0634,-0.4619,0.2553,0.0153,0.1151,0.5744,0.0905,-0.8978,0.0511,多周期共振看空 ⬇⬇⬇,-0.925,-0.6854,-0.495
000980,众泰汽车,87.74,True,1.74,2.09,0,-5.36,-16.83,-11.86,-16.83,0.0,2026-07-08,2026-07-08,6.67,0.2099,-0.1536,0.5809,0.2645,0.0,0.0318,0.0838,-0.7782,0.1109,多周期共振看空 ⬇⬇⬇,-0.7072,-0.5417,-0.5625
002625,光启技术,633.23,True,29.39,32.99,1,0.06,-17.99,-9.48,-10.91,0.0,2026-07-08,2026-07-08,23.91,-0.1115,-0.2699,0.6234,0.092,0.309,0.0,0.0825,-0.8583,0.0709,多周期共振看空 ⬇⬇⬇,-0.7233,-0.7038,-0.5625
600418,江淮汽车,485.51,True,22.23,28.34,0,-9.98,-21.56,-15.68,-21.56,0.0,2026-07-08,2026-07-08,9.23,-0.0635,0.068,0.4702,0.2272,0.0,0.2163,0.0779,-0.9132,0.0434,多周期共振看空 ⬇⬇⬇,-0.875,-0.6946,-0.5625
603360,百傲化学,101.06,True,14.31,17.54,0,-0.55,-18.39,-10.84,-18.39,0.0,2026-07-08,2026-07-08,24.97,0.0632,-0.5398,0.6764,0.0379,0.3327,0.0,0.0747,-0.8623,0.0689,多周期共振看空 ⬇⬇⬇,-0.6905,-0.7408,-0.5625
002731,ST萃华,8.11,True,3.53,6.03,0,-0.03,-41.48,-14.42,-41.48,0.0,2026-07-08,2026-07-08,0.27,0.5436,-0.9879,0.5983,0.3262,0.0,0.0028,0.0714,-0.9533,0.0233,周线日线共振看空,-0.857,-0.7408,
600733,北汽蓝谷,253.33,True,4.56,5.26,0,-1.39,-14.37,-9.59,-13.39,0.0,2026-07-08,2026-07-08,4.48,-0.0564,-0.3021,0.3382,0.0792,0.0,0.4363,0.0714,-0.9043,0.0479,多周期共振看空 ⬇⬇⬇,-0.7875,-0.75,-0.5625
002808,恒久退,0.37,True,0.2,1.49,0,-3.7,-95.06,-58.37,-86.55,0.0,2026-07-08,2026-07-08,2.58,-0.4163,-0.0183,3.4009,0.1927,0.0,0.0,0.0704,-0.7452,0.1274,多周期共振看空 ⬇⬇⬇,-0.696,-0.7038,-0.3375
001382,新亚电缆,9.46,True,15.02,17.64,0,-0.6,-20.32,-10.05,-14.86,0.0,2026-07-08,2026-07-08,13.0,-0.1078,-0.4592,0.4306,0.0163,0.0666,0.2824,0.0617,-0.8385,0.0807,多周期共振看空 ⬇⬇⬇,-0.7695,-0.6208,-0.5625
600577,精达股份,187.03,True,8.66,10.33,0,-6.59,-19.28,-13.08,-16.16,0.0,2026-07-08,2026-07-08,14.67,-0.2681,-0.4444,0.5858,0.0223,0.1037,0.0237,0.0603,-0.6963,0.1518,多周期共振看空 ⬇⬇⬇,-0.812,-0.4969,-0.3375
000004,国华退,0.48,True,0.38,1.53,0,-9.94,-91.17,-53.96,-75.09,0.0,2026-07-08,2026-07-08,6.21,-0.422,-0.5745,3.3586,0.0,0.0,0.0,0.0371,-0.7029,0.1486,多周期共振看空 ⬇⬇⬇,-0.5335,-0.75,-0.3375
