code,name,market_cap,is_tech,latest_close,latest_ma20,days_above_ma20,max_distance_above_ma20_pct,min_distance_above_ma20_pct,avg_distance_above_ma20_pct,latest_distance_above_ma20_pct,ma20_strength_score,last_breach_date,latest_date,rsi,volume_price_corr,volume_change_22d,volatility_20d,volume_price_score,rsi_score,volatility_score,composite_score
002768,国恩股份,149.98,True,58.0,51.66,20,19.92,-3.02,9.41,12.26,0.8033,2026-06-09,2026-07-07,64.67,0.8158,3.8755,0.5011,0.8895,0.785,0.1648,0.7254
002901,大博医疗,127.28,True,44.13,42.06,20,8.95,-1.39,2.57,4.92,0.5836,2026-06-08,2026-07-07,62.69,0.8774,1.2508,0.3085,0.9265,0.8292,0.4858,0.7038
603155,新亚强,85.89,True,27.2,24.9,22,30.25,0.6,13.95,9.25,0.8311,2026-06-02,2026-07-07,58.64,0.5598,1.7446,1.1304,0.7359,0.9192,0.0,0.7003
002422,科伦药业,566.33,True,43.61,38.99,21,26.76,-1.1,7.74,11.84,0.7775,2026-06-26,2026-07-07,66.99,0.939,3.3037,0.7427,0.9634,0.7335,0.0,0.6985
000970,中科三环,201.2,True,16.55,14.73,21,21.64,-2.84,12.09,12.36,0.8341,2026-06-05,2026-07-07,59.91,0.4765,7.4007,0.8465,0.6859,0.8909,0.0,0.6833
600366,宁波韵升,181.45,True,16.51,14.73,20,17.59,-2.13,8.42,12.11,0.7787,2026-06-08,2026-07-07,63.47,0.7141,2.95,0.7367,0.8284,0.8118,0.0,0.681
002141,贤丰控股,60.43,True,5.85,4.59,17,47.92,-12.26,17.64,27.37,0.7705,2026-06-12,2026-07-07,69.22,0.8542,12.1887,1.1703,0.9125,0.6841,0.0,0.6731
605208,永茂泰,58.37,True,17.69,15.98,20,10.7,-4.44,5.12,10.7,0.7271,2026-06-29,2026-07-08,64.73,0.6814,1.3429,0.5281,0.8088,0.7837,0.1198,0.6678
603379,三美股份,429.11,True,70.29,68.85,20,27.09,-2.92,9.11,2.1,0.5985,2026-06-09,2026-07-07,53.42,0.8999,0.754,0.8733,0.9399,0.9649,0.0,0.6674
603650,彤程新材,521.5,True,84.87,76.0,19,46.5,-7.64,18.57,11.67,0.8023,2026-06-09,2026-07-07,66.42,0.6465,1.3718,0.945,0.7879,0.7462,0.0,0.6671
603991,领先股份,135.98,True,151.87,133.59,19,27.17,-12.55,10.27,13.68,0.8023,2026-06-10,2026-07-08,73.8,0.8004,2.1008,0.7697,0.8802,0.5823,0.0,0.6574
002520,日发精机,55.96,True,7.8,7.0,21,17.09,-0.02,6.61,11.45,0.7632,2026-06-05,2026-07-07,63.38,0.5878,1.5561,0.6683,0.7527,0.8137,0.0,0.6562
002674,兴业科技,77.53,True,26.5,22.42,22,70.87,1.67,25.49,18.2,0.85,2026-05-12,2026-07-07,69.01,0.5182,3.4733,1.1276,0.7109,0.6887,0.0,0.6555
603261,立航科技,40.72,True,52.54,45.0,16,45.53,-8.46,14.58,16.75,0.7545,2026-06-11,2026-07-07,68.33,0.752,2.7482,0.9359,0.8512,0.7037,0.0,0.6554
603456,九洲药业,129.08,True,14.64,13.34,17,15.83,-4.93,3.84,9.78,0.611,2026-06-11,2026-07-07,70.76,0.9096,2.4401,0.4302,0.9458,0.6499,0.2829,0.6533
002584,西陇科学,46.47,True,9.92,9.26,19,33.97,-9.77,9.35,7.1,0.7136,2026-06-09,2026-07-07,58.7,0.5429,4.7967,0.9656,0.7257,0.9178,0.0,0.6504
603087,甘李药业,367.78,True,65.54,57.52,20,17.6,-2.74,4.17,13.93,0.6923,2026-06-26,2026-07-07,70.99,0.9334,4.4934,0.5842,0.96,0.6446,0.0264,0.6498
000021,深科技,851.15,True,54.07,48.65,19,46.22,-6.54,14.5,11.13,0.8023,2026-06-12,2026-07-07,67.88,0.8842,0.0223,0.8521,0.7394,0.7139,0.0,0.6485
002821,凯莱英,485.39,True,153.1,136.85,13,36.13,-6.63,10.34,11.87,0.7068,2026-06-17,2026-07-07,70.56,0.8904,3.0808,0.7785,0.9343,0.6542,0.0,0.6471
002653,海思科,370.38,True,69.0,57.89,13,45.23,-8.76,10.3,19.2,0.7068,2026-06-18,2026-07-07,72.21,0.9385,4.5513,0.8388,0.9631,0.6175,0.0,0.647
600470,六国化工,35.99,True,6.9,6.01,16,16.0,-9.25,4.08,14.76,0.6066,2026-06-18,2026-07-07,61.94,0.8889,5.8085,0.9159,0.9333,0.8458,0.0,0.6452
603726,朗迪集团,58.93,True,31.92,29.56,16,24.63,-12.05,6.38,7.97,0.6132,2026-06-12,2026-07-07,61.71,0.8503,1.3057,0.7324,0.9102,0.851,0.0,0.643
002167,东方锆业,169.42,True,22.33,19.17,21,48.44,-2.16,22.58,16.48,0.8341,2026-06-08,2026-07-07,66.64,0.6519,0.0739,1.0275,0.6207,0.7414,0.0,0.6371
002303,美盈森,40.13,True,4.15,3.78,16,26.41,-7.99,9.2,9.82,0.7299,2026-06-12,2026-07-07,67.66,0.6717,4.6241,0.701,0.803,0.7186,0.0,0.6364
001339,智微智能,164.02,True,101.31,92.61,15,26.67,-7.6,8.53,9.4,0.6868,2026-06-15,2026-07-07,66.02,0.732,0.9796,0.814,0.8392,0.755,0.0,0.6355
603669,灵康药业,43.17,True,6.06,5.32,21,24.95,-5.36,12.69,13.96,0.8341,2026-06-05,2026-07-07,80.28,0.5594,2.0777,0.4811,0.7357,0.4383,0.1981,0.6349
001206,依依股份,20.88,True,19.54,18.0,16,17.55,-7.76,4.0,8.58,0.5692,2026-07-06,2026-07-07,59.16,0.8339,2.6637,0.7711,0.9003,0.9075,0.0,0.6343
603135,中重科技,89.27,True,14.18,13.12,16,31.46,-7.23,6.48,8.12,0.6196,2026-07-01,2026-07-07,61.27,0.7516,1.3034,0.8049,0.851,0.8606,0.0,0.6327
603269,海鸥股份,78.4,True,18.15,16.35,16,11.29,-2.98,2.9,11.03,0.5946,2026-07-03,2026-07-07,61.67,0.8253,3.7142,0.7754,0.8952,0.8518,0.0,0.632
002559,亚威股份,66.28,True,13.15,11.61,15,39.24,-7.97,8.69,13.27,0.7058,2026-06-15,2026-07-07,66.71,0.6759,1.9166,0.829,0.8055,0.7399,0.0,0.6317
603211,晋拓股份,100.68,True,37.04,34.1,20,23.16,-4.37,9.64,8.63,0.7751,2026-06-08,2026-07-07,60.6,0.306,4.1529,1.0196,0.5836,0.8755,0.0,0.631
002185,华天科技,728.66,True,21.93,19.74,17,19.89,-8.33,6.3,11.09,0.678,2026-06-15,2026-07-07,66.07,0.8571,0.3045,0.7758,0.836,0.7541,0.0,0.631
000513,丽珠集团,173.17,True,30.48,29.76,14,5.16,-3.5,0.66,2.43,0.3861,2026-06-30,2026-07-07,54.91,0.7429,1.306,0.3452,0.8457,0.9979,0.4246,0.6292
603065,宿迁联盛,84.84,True,20.25,16.84,22,68.7,12.98,41.37,20.23,0.85,2026-06-02,2026-07-07,70.83,0.3937,1.1261,0.9621,0.6362,0.6481,0.0,0.6287
002605,姚记科技,68.83,True,20.35,18.67,10,8.97,-2.95,0.32,8.97,0.4661,2026-06-30,2026-07-07,65.38,0.8606,4.902,0.3733,0.9163,0.7692,0.3778,0.6261
603661,恒林股份,59.34,True,42.67,37.19,19,15.58,-4.9,6.94,14.73,0.7257,2026-06-24,2026-07-08,67.51,0.5992,0.6228,0.8822,0.7595,0.7221,0.0,0.6246
603061,金海通,390.19,True,448.49,392.81,19,45.27,-6.84,15.53,14.18,0.8023,2026-06-09,2026-07-07,69.48,0.6715,0.1725,0.8155,0.6719,0.6781,0.0,0.6245
002643,万润股份,182.43,True,20.22,18.24,16,28.45,-15.98,9.54,10.83,0.7431,2026-06-12,2026-07-07,70.85,0.6351,0.7526,0.6464,0.7811,0.6477,0.0,0.6221
600460,士兰微,786.94,True,47.29,44.2,19,35.24,-4.22,15.84,6.99,0.7269,2026-06-12,2026-07-07,67.74,0.793,0.1838,0.7723,0.7493,0.7168,0.0,0.6215
603040,新坐标,135.27,True,68.9,64.87,19,11.72,-2.48,4.74,6.21,0.6111,2026-06-29,2026-07-07,58.34,0.6131,0.4961,0.6063,0.7663,0.9258,0.0,0.6212
600206,有研新材,473.9,True,55.98,48.07,19,68.64,-6.63,29.02,16.46,0.8023,2026-06-09,2026-07-07,67.47,0.3698,0.5507,1.0194,0.6219,0.7229,0.0,0.621
002457,青龙管业,49.96,True,14.99,12.98,18,15.46,-4.35,3.32,15.46,0.6243,2026-06-30,2026-07-07,64.86,0.7656,2.8591,0.7247,0.8593,0.7808,0.0,0.6207
603928,兴业股份,55.74,True,16.36,13.06,13,29.59,-9.88,7.0,25.25,0.6317,2026-06-25,2026-07-08,68.9,0.8596,8.8319,0.9747,0.9157,0.691,0.0,0.6198
002990,盛视科技,91.81,True,66.52,61.81,15,42.8,-19.64,11.37,7.62,0.6792,2026-06-15,2026-07-07,64.58,0.6044,0.7314,0.8639,0.7626,0.7871,0.0,0.6197
600360,华微电子,147.12,True,15.32,13.07,16,17.23,-9.42,6.16,17.23,0.6585,2026-06-16,2026-07-07,71.35,0.908,0.4021,0.8319,0.9056,0.6367,0.0,0.6172
002860,星帅尔,57.1,True,16.6,14.28,16,24.79,-8.42,4.47,16.24,0.6162,2026-06-12,2026-07-07,68.93,0.8784,2.765,0.6023,0.927,0.6905,0.0,0.6163
603078,江化微,204.27,True,52.97,48.16,22,29.97,3.88,17.41,9.99,0.8497,从未跌破（观测期内）,2026-07-07,60.24,0.3897,-0.0915,0.8871,0.3972,0.8836,0.0,0.6159
600601,方正科技,613.03,True,14.7,13.66,15,12.83,-6.4,4.32,7.6,0.5366,2026-06-29,2026-07-07,54.4,0.7473,0.4118,0.7694,0.8131,0.9866,0.0,0.6152
002158,汉钟精机,187.39,True,35.12,32.97,15,19.41,-12.48,5.51,6.51,0.5393,2026-06-15,2026-07-07,63.92,0.9244,1.5057,0.6634,0.9546,0.8018,0.0,0.6147
002129,TCL中环,445.17,True,11.02,10.54,17,18.65,-6.63,5.32,4.55,0.5173,2026-07-06,2026-07-07,54.66,0.7249,0.5614,0.8527,0.8349,0.9924,0.0,0.6141
600172,黄河旋风,234.32,True,18.36,15.34,18,30.25,-6.25,10.9,19.69,0.7864,2026-06-15,2026-07-07,70.65,0.5881,0.3015,0.9182,0.6735,0.6522,0.0,0.6134
002415,海康威视,3063.11,True,33.86,32.56,15,9.95,-4.49,2.7,3.99,0.4221,2026-06-15,2026-07-07,59.18,0.81,1.1252,0.4356,0.886,0.9071,0.274,0.6128
002745,木林森,129.29,True,12.15,11.32,16,20.01,-8.32,6.45,7.32,0.5988,2026-06-12,2026-07-07,62.54,0.7087,0.8107,0.6953,0.8252,0.8324,0.0,0.6123
002119,康强电子,131.27,True,34.98,34.29,22,31.96,1.62,18.85,2.01,0.6502,2026-06-02,2026-07-07,54.45,0.6027,0.1338,0.8851,0.6152,0.9877,0.0,0.6114
603690,至纯科技,123.74,True,32.31,31.78,17,25.15,-6.45,8.96,1.67,0.5362,2026-06-15,2026-07-08,61.42,0.8409,0.4747,0.6539,0.8944,0.8574,0.0,0.6095
002079,苏州固锝,116.45,True,14.36,13.58,15,15.42,-8.83,5.09,5.76,0.5099,2026-06-15,2026-07-07,64.94,0.7763,0.6561,0.4686,0.8658,0.7792,0.2189,0.6091
002747,埃斯顿,383.38,True,49.0,37.66,22,32.1,1.06,15.87,30.12,0.85,从未跌破（观测期内）,2026-07-07,79.17,0.4974,0.9216,0.9126,0.6985,0.4628,0.0,0.6072
002850,科达利,449.68,True,214.5,194.97,15,18.52,-8.8,3.12,10.02,0.5665,2026-06-29,2026-07-07,55.98,0.564,0.858,0.6556,0.7384,0.9782,0.0,0.6068
603638,艾迪精密,232.98,True,26.5,24.19,13,16.58,-4.9,1.78,9.57,0.4906,2026-06-29,2026-07-07,57.08,0.7889,4.1743,0.7421,0.8733,0.9538,0.0,0.6053
000551,创元科技,93.03,True,19.2,17.33,12,28.07,-12.01,6.19,10.82,0.5956,2026-06-22,2026-07-07,69.3,0.8672,1.8151,0.6785,0.9203,0.6822,0.0,0.6048
002668,TCL智家,114.05,True,10.52,10.25,19,12.8,-4.01,5.06,2.66,0.5043,2026-06-10,2026-07-07,58.24,0.616,0.9772,0.5006,0.7696,0.928,0.1656,0.6046
603032,德新科技,62.37,True,26.78,25.3,15,18.25,-8.05,3.49,5.85,0.4719,2026-06-26,2026-07-07,56.37,0.8118,0.5788,0.8311,0.8871,0.9696,0.0,0.6045
003043,华亚智能,90.29,True,96.73,87.77,22,30.27,7.1,17.93,10.21,0.85,2026-06-02,2026-07-07,61.26,0.3743,-0.1505,0.9052,0.3644,0.8608,0.0,0.6033
002805,丰元股份,73.41,True,26.33,25.77,16,33.72,-12.51,9.54,2.18,0.5475,2026-06-12,2026-07-07,56.31,0.5998,1.9325,0.8553,0.7599,0.9708,0.0,0.6031
605178,时空科技,97.89,True,98.8,84.28,14,53.64,-6.25,17.04,17.22,0.7227,2026-06-17,2026-07-08,71.4,0.7397,0.227,0.898,0.7346,0.6356,0.0,0.5999
603049,中策橡胶,246.38,True,48.79,45.46,8,8.08,-3.56,0.07,7.33,0.3679,2026-07-01,2026-07-07,62.96,0.8727,0.9737,0.3747,0.9236,0.8232,0.3755,0.5991
603004,鼎龙科技,13.25,True,22.51,22.23,18,15.87,-8.66,6.89,1.24,0.4896,2026-06-11,2026-07-07,59.19,0.7596,0.3703,0.5229,0.8039,0.907,0.1284,0.5975
002317,众生药业,204.34,True,26.83,23.87,12,22.74,-7.96,3.84,12.4,0.5369,2026-06-22,2026-07-07,65.6,0.8486,1.7071,0.7646,0.9091,0.7644,0.0,0.5949
000739,普洛药业,208.78,True,18.03,16.69,13,11.32,-7.01,1.13,8.02,0.4354,2026-06-26,2026-07-07,66.41,0.828,1.0968,0.4136,0.8968,0.7465,0.3106,0.5943
600584,长电科技,1807.13,True,100.99,88.95,18,29.8,-7.73,10.2,13.53,0.7864,2026-06-15,2026-07-07,66.65,0.5307,0.0007,0.935,0.5187,0.7411,0.0,0.5924
002345,潮宏基,90.45,True,10.43,9.54,12,12.36,-7.52,2.21,9.34,0.4796,2026-06-30,2026-07-07,52.39,0.7416,1.0153,0.6373,0.845,0.942,0.0,0.5915
000566,海南海药,75.08,True,5.79,4.56,11,44.17,-9.74,8.26,27.1,0.6315,2026-06-22,2026-07-07,71.62,0.8144,0.4055,0.9967,0.8508,0.6306,0.0,0.5914
600267,海正药业,125.23,True,10.61,10.04,13,9.69,-9.23,0.66,5.62,0.364,2026-06-22,2026-07-07,61.77,0.8747,1.5989,0.4257,0.9248,0.8495,0.2905,0.5903
002440,闰土股份,98.71,True,10.43,10.25,16,22.19,-9.65,6.31,1.78,0.4568,2026-06-12,2026-07-07,56.53,0.7625,1.3746,0.859,0.8575,0.9659,0.0,0.5903
600176,中国巨石,2382.95,True,60.0,58.42,20,54.44,-5.85,23.94,2.71,0.6358,2026-06-08,2026-07-07,60.2,0.4766,0.3759,0.9863,0.6363,0.8843,0.0,0.5903
001359,平安电工,64.92,True,107.68,106.26,18,51.7,-7.45,19.54,1.33,0.5697,2026-06-11,2026-07-07,59.3,0.5393,0.8126,0.9431,0.7236,0.9045,0.0,0.5897
600276,恒瑞医药,3531.42,True,55.36,50.28,13,13.97,-8.71,2.22,10.1,0.5124,2026-06-17,2026-07-07,72.46,0.8077,0.6851,0.4371,0.8846,0.612,0.2715,0.5892
002631,德尔未来,79.04,True,9.96,9.3,21,34.54,-2.87,13.96,7.11,0.7619,2026-06-05,2026-07-07,67.46,0.336,0.3913,0.7946,0.5581,0.7231,0.0,0.5889
002965,祥鑫科技,100.94,True,53.01,45.53,21,31.19,-0.95,15.34,16.44,0.8341,2026-06-10,2026-07-07,74.67,0.5578,0.0873,0.6988,0.5696,0.5629,0.0,0.5886
603259,药明康德,2925.89,True,118.3,110.61,15,22.27,-6.7,6.8,6.95,0.5824,2026-06-17,2026-07-07,72.92,0.7511,1.0045,0.5126,0.8507,0.6018,0.1457,0.5879
605228,神通科技,66.89,True,14.02,13.52,13,11.43,-8.69,1.83,3.68,0.3645,2026-06-29,2026-07-08,60.27,0.7283,0.7653,0.3761,0.837,0.8829,0.3731,0.5876
603757,大元泵业,138.38,True,74.18,63.86,13,32.08,-18.38,8.34,16.15,0.6653,2026-06-17,2026-07-07,68.06,0.5109,0.5917,0.9964,0.7066,0.7097,0.0,0.5847
002371,北方华创,5847.21,True,806.39,756.55,18,30.77,-5.98,10.88,6.59,0.7011,2026-06-10,2026-07-07,66.99,0.6357,0.0854,0.5882,0.6155,0.7335,0.0197,0.584
000811,冰轮环境,514.64,True,52.6,44.26,16,49.99,-11.62,18.74,18.84,0.7545,2026-06-12,2026-07-07,76.3,0.5104,1.1635,0.9493,0.7062,0.5266,0.0,0.5837
002407,多氟多,489.22,True,45.35,43.19,18,37.91,-7.47,11.57,5.01,0.6615,2026-06-10,2026-07-07,58.66,0.2336,1.4592,0.9594,0.5402,0.9186,0.0,0.5834
603257,中国瑞林,17.97,True,72.15,72.72,21,19.57,-0.78,8.9,-0.78,0.5371,2026-07-07,2026-07-07,53.94,0.6301,0.286,0.6009,0.6925,0.9764,0.0,0.5833
603698,航天工程,219.17,True,40.89,36.02,13,30.83,-13.97,4.03,13.52,0.5575,2026-06-17,2026-07-07,68.14,0.7799,1.1129,0.7616,0.868,0.7079,0.0,0.5816
600851,海欣股份,63.63,True,8.62,8.45,14,28.45,-8.96,5.72,1.97,0.4149,2026-06-17,2026-07-07,59.37,0.9001,1.929,0.7816,0.9401,0.9029,0.0,0.5816
002409,雅克科技,591.88,True,185.82,169.7,20,54.21,-6.02,23.25,9.5,0.8057,2026-06-09,2026-07-07,64.62,0.3068,0.0599,1.0025,0.408,0.7861,0.0,0.5815
002289,宇顺电子,130.49,True,47.55,43.27,15,16.64,-7.85,3.37,9.9,0.5705,2026-06-12,2026-07-07,64.39,0.6325,1.4728,0.6539,0.7795,0.7912,0.0,0.5813
000691,亚太实业,35.88,True,11.1,11.41,21,34.52,-2.74,14.35,-2.74,0.5156,2026-07-07,2026-07-07,49.61,0.6575,0.9324,0.7462,0.7945,0.8803,0.0,0.5809
603380,易德龙,68.97,True,42.99,41.24,15,21.32,-8.8,5.94,4.24,0.4932,2026-06-15,2026-07-07,58.37,0.7246,0.3689,0.8352,0.7823,0.9252,0.0,0.5779
002635,安洁科技,78.47,True,19.84,18.94,17,25.53,-8.94,5.81,4.74,0.5342,2026-06-12,2026-07-07,55.88,0.442,1.2806,0.8593,0.6652,0.9803,0.0,0.576
000977,浪潮信息,1042.33,True,71.06,64.58,14,10.59,-14.21,0.01,10.04,0.473,2026-06-16,2026-07-07,62.54,0.7994,0.976,0.6506,0.8797,0.8325,0.0,0.5756
603858,步长制药,166.09,True,15.75,15.14,15,4.01,-4.51,-0.02,4.01,0.4068,2026-06-30,2026-07-08,53.75,0.5032,1.1183,0.4322,0.7019,0.9722,0.2796,0.5746
000725,京东方Ａ,2680.83,True,7.58,7.16,22,32.26,1.75,17.75,5.89,0.7472,2026-05-15,2026-07-07,65.03,0.5596,-0.1518,0.8665,0.4751,0.7771,0.0,0.5731
002354,天娱数科,141.6,True,8.71,8.45,20,27.24,-2.03,11.27,3.08,0.6451,2026-06-17,2026-07-07,58.75,0.2052,2.1928,1.2409,0.5231,0.9168,0.0,0.5722
603072,天和磁材,49.89,True,39.52,38.84,17,13.43,-5.07,3.01,1.75,0.4182,2026-06-11,2026-07-07,52.12,0.7675,0.3621,0.5359,0.8053,0.9359,0.1069,0.5718
002773,康弘药业,162.7,True,23.69,20.81,11,13.82,-4.52,1.36,13.82,0.4591,2026-06-26,2026-07-07,72.24,0.9406,1.1806,0.5054,0.9643,0.6168,0.1577,0.5717
001309,德明利,1404.73,True,851.0,782.59,15,38.54,-11.1,11.66,8.74,0.7072,2026-06-15,2026-07-07,64.33,0.7014,-0.2508,0.8836,0.5206,0.7926,0.0,0.5715
000672,上峰材料,199.79,True,20.61,19.68,15,29.13,-8.58,9.02,4.74,0.5826,2026-06-15,2026-07-07,65.42,0.6224,0.4119,0.6469,0.7382,0.7684,0.0,0.5713
002472,双环传动,336.64,True,44.97,41.93,13,12.03,-10.17,0.7,7.25,0.4056,2026-06-29,2026-07-07,57.01,0.7863,0.66,0.7036,0.8718,0.9553,0.0,0.5712
603127,昭衍新药,247.29,True,39.23,36.27,13,17.75,-15.42,2.36,8.17,0.4701,2026-06-17,2026-07-07,67.87,0.9336,1.9758,0.6133,0.9602,0.7141,0.0,0.5709
603339,四方科技,43.51,True,14.06,13.82,13,16.47,-3.47,3.26,1.71,0.3312,2026-06-17,2026-07-07,59.28,0.9357,0.853,0.5336,0.9614,0.9049,0.1106,0.5704
002955,鸿合科技,68.05,True,34.78,33.54,22,25.11,3.68,15.28,3.68,0.6921,2026-05-29,2026-07-07,56.75,-0.2017,0.6309,0.6074,0.4,0.961,0.0,0.569
000519,中兵红箭,284.64,True,20.44,20.3,19,14.86,-1.75,3.95,0.66,0.4411,2026-07-03,2026-07-07,50.22,0.9028,0.2702,0.6001,0.8497,0.8937,0.0,0.5676
603444,吉比特,269.79,True,374.5,343.3,11,9.09,-7.76,0.85,9.09,0.4235,2026-06-23,2026-07-07,75.57,0.7965,2.2672,0.3234,0.8779,0.5428,0.461,0.5666
001256,炜冈科技,31.23,True,29.21,26.03,18,21.06,-4.07,6.43,12.21,0.6972,2026-06-12,2026-07-07,77.0,0.5206,1.598,0.5704,0.7124,0.5111,0.0494,0.5666
600889,*ST京化,58.95,True,16.09,15.85,12,6.22,-5.25,-0.02,1.51,0.2908,2026-06-30,2026-07-07,50.56,0.6872,0.5503,0.3348,0.8123,0.9014,0.442,0.566
603950,长源东谷,277.33,True,85.63,73.6,13,27.09,-12.47,6.35,16.34,0.6156,2026-06-18,2026-07-08,69.55,0.5587,0.6282,0.9238,0.7352,0.6767,0.0,0.5654
600110,诺德股份,264.27,True,15.23,14.89,20,42.98,-1.85,14.51,2.31,0.626,2026-07-06,2026-07-07,48.05,0.2977,0.5899,0.9869,0.5786,0.8456,0.0,0.5642
002056,横店东磁,502.95,True,30.95,28.29,22,27.84,1.14,10.46,9.42,0.8355,2026-05-19,2026-07-07,65.98,0.4724,-0.4219,0.8051,0.3147,0.756,0.0,0.5641
002931,锋龙股份,144.18,True,71.59,69.97,19,21.84,-4.19,9.07,2.31,0.587,2026-07-01,2026-07-07,49.73,0.3483,0.9969,1.0031,0.609,0.883,0.0,0.5636
002517,恺英网络,319.44,True,16.91,15.51,11,12.31,-10.76,-0.07,9.02,0.3986,2026-06-23,2026-07-07,70.88,0.8246,1.81,0.3975,0.8948,0.6471,0.3375,0.5632
002452,长高电气,67.14,True,13.03,11.9,10,17.16,-6.8,2.95,9.51,0.4706,2026-06-23,2026-07-07,64.3,0.7717,1.1613,0.6499,0.863,0.7934,0.0,0.5627
600885,宏发股份,577.25,True,37.3,34.54,13,12.21,-5.96,1.77,7.98,0.4505,2026-06-26,2026-07-07,59.52,0.8549,0.2404,0.6169,0.8091,0.8995,0.0,0.5624
603268,松发股份,374.06,True,160.37,148.38,15,10.73,-5.11,2.34,8.08,0.5203,2026-07-01,2026-07-07,58.85,0.4754,0.6372,0.6306,0.6853,0.9145,0.0,0.5623
603068,博通集成,59.17,True,38.98,36.72,13,14.22,-11.78,2.65,6.16,0.4271,2026-06-17,2026-07-07,68.42,0.8279,0.927,0.4951,0.8967,0.7018,0.1748,0.5616
603725,天安新材,42.38,True,13.9,11.91,12,23.26,-11.2,2.72,16.75,0.5089,2026-06-30,2026-07-07,70.18,0.8339,1.2772,0.8152,0.9003,0.6627,0.0,0.5612
603662,柯力传感,195.46,True,69.6,69.68,17,15.37,-2.84,4.47,-0.11,0.3948,2026-07-07,2026-07-07,50.61,0.8163,1.4899,0.7205,0.8898,0.9025,0.0,0.5609
603607,京华激光,43.29,True,24.25,22.66,12,20.37,-8.23,2.87,7.02,0.4382,2026-06-18,2026-07-07,62.9,0.8045,1.4501,0.727,0.8827,0.8245,0.0,0.5608
603893,瑞芯微,854.24,True,202.0,178.91,14,12.91,-11.56,0.14,12.91,0.4763,2026-06-17,2026-07-08,67.9,0.7634,2.5717,0.5483,0.858,0.7134,0.0862,0.5606
600572,康恩贝,103.3,True,4.08,3.99,8,3.57,-3.03,-0.57,2.17,0.2608,2026-06-30,2026-07-07,57.97,0.4718,0.9287,0.2142,0.6831,0.934,0.6431,0.5583
603324,盛剑科技,65.23,True,44.17,42.79,20,42.9,-3.97,18.64,3.23,0.649,2026-06-09,2026-07-07,60.84,0.5734,-0.1149,0.9462,0.4981,0.8702,0.0,0.5581
603983,丸美生物,119.54,True,29.81,24.86,9,29.48,-8.69,5.71,19.89,0.5359,2026-06-25,2026-07-08,75.02,0.8706,2.3288,0.6929,0.9224,0.5552,0.0,0.556
002935,天奥电子,89.93,True,21.73,21.49,18,11.07,-9.68,3.81,1.13,0.4099,2026-06-10,2026-07-07,49.0,0.7536,1.024,0.5805,0.8522,0.8666,0.0325,0.5552
002049,紫光国微,696.6,True,82.0,80.38,14,13.43,-11.79,1.85,2.02,0.3195,2026-06-16,2026-07-07,59.58,0.8715,0.3203,0.4611,0.851,0.8982,0.2314,0.5549
605305,中际联合,94.38,True,44.41,41.05,13,17.57,-9.74,2.57,8.18,0.4754,2026-06-18,2026-07-08,66.73,0.7729,1.1586,0.6809,0.8637,0.7394,0.0,0.554
002326,永太科技,190.81,True,23.61,23.9,15,18.73,-2.55,4.81,-1.2,0.3288,2026-07-07,2026-07-07,54.09,0.8353,1.5865,0.7425,0.9012,0.9797,0.0,0.5528
603823,百合花,290.58,True,69.79,53.24,22,53.3,19.06,38.03,31.09,0.85,从未跌破（观测期内）,2026-07-08,74.78,-0.0631,0.5555,0.919,0.4,0.5605,0.0,0.5521
002077,大港股份,110.67,True,19.07,17.81,13,10.86,-11.56,1.55,7.1,0.4231,2026-07-03,2026-07-07,64.84,0.7123,2.0966,0.5248,0.8274,0.7812,0.1253,0.5511
002972,科安达,23.56,True,17.5,16.65,21,29.55,-0.77,16.72,5.11,0.7118,2026-06-08,2026-07-07,62.61,0.2553,0.1118,0.6443,0.3979,0.8309,0.0,0.5504
002536,飞龙股份,288.8,True,53.05,46.41,16,22.14,-11.63,6.38,14.3,0.664,2026-06-12,2026-07-07,61.53,0.648,-0.3383,0.8765,0.4534,0.8549,0.0,0.5499
002084,海鸥住工,23.98,True,3.72,3.46,15,8.35,-8.99,1.4,7.42,0.4591,2026-06-15,2026-07-07,66.0,0.4154,2.3831,0.3964,0.6492,0.7556,0.3394,0.5479
603019,中科曙光,1367.96,True,93.5,90.79,13,22.15,-14.29,1.89,2.99,0.3287,2026-06-17,2026-07-07,59.66,0.9119,0.7676,0.661,0.9472,0.8964,0.0,0.5475
603283,赛腾股份,240.6,True,68.25,64.95,18,36.97,-6.21,15.53,5.08,0.6635,2026-06-10,2026-07-07,64.06,0.4413,0.0618,0.7816,0.4895,0.7987,0.0,0.5475
002907,华森制药,44.46,True,13.24,13.0,14,11.45,-5.28,3.36,1.87,0.3536,2026-06-17,2026-07-07,57.19,0.7657,1.817,0.623,0.8594,0.9514,0.0,0.5466
605377,华旺科技,52.77,True,9.48,8.79,12,12.14,-10.44,0.94,7.86,0.4108,2026-06-22,2026-07-08,65.43,0.8565,4.9234,0.7774,0.9139,0.7682,0.0,0.5464
000800,一汽解放,306.08,True,6.18,6.05,9,4.27,-3.9,-0.22,2.07,0.2708,2026-07-01,2026-07-07,56.2,0.6406,0.3461,0.3511,0.7228,0.9732,0.4149,0.5459
603906,龙蟠科技,153.98,True,27.35,26.64,14,16.65,-13.33,3.26,2.68,0.3712,2026-06-18,2026-07-08,56.29,0.6872,0.8568,0.8227,0.8123,0.9713,0.0,0.5458
603949,雪龙集团,36.98,True,17.59,16.84,16,13.21,-10.1,3.23,4.48,0.4472,2026-06-15,2026-07-08,65.47,0.6568,1.0689,0.541,0.7941,0.7673,0.0984,0.5456
000100,TCL科技,1006.35,True,5.26,5.12,22,23.26,1.62,8.51,2.65,0.6292,2026-05-29,2026-07-07,59.44,0.7041,-0.4268,0.7968,0.4518,0.9013,0.0,0.5449
002132,恒星科技,85.07,True,6.03,5.37,12,12.22,-3.59,1.73,12.22,0.5104,2026-06-29,2026-07-07,66.8,0.7773,0.1915,0.5708,0.743,0.7377,0.0487,0.5447
002774,快意电梯,40.15,True,14.25,13.09,15,22.06,-9.95,6.34,8.89,0.6193,2026-06-15,2026-07-07,66.57,0.31,5.6641,0.7439,0.586,0.7429,0.0,0.5428
603203,快克智能,207.55,True,64.08,64.11,18,32.62,-7.09,11.9,-0.05,0.535,2026-07-07,2026-07-07,54.7,0.1943,0.9921,0.9775,0.5166,0.9934,0.0,0.5418
603519,立霸股份,39.31,True,14.76,14.58,17,18.06,-6.09,6.94,1.24,0.4752,2026-06-11,2026-07-07,55.91,0.3463,2.7615,0.5845,0.6078,0.9797,0.0258,0.5418
600520,三佳科技,59.46,True,37.53,33.41,14,26.47,-12.01,5.84,12.32,0.6188,2026-06-16,2026-07-07,71.45,0.6912,0.134,0.6979,0.6683,0.6344,0.0,0.5415
605111,新洁能,324.17,True,78.05,76.76,18,40.78,-3.18,12.95,1.68,0.5785,2026-06-12,2026-07-08,56.91,0.6366,-0.2902,0.8613,0.4659,0.9575,0.0,0.5394
003026,中晶科技,53.1,True,36.73,37.71,17,27.43,-6.69,9.39,-2.59,0.4404,2026-07-07,2026-07-07,53.4,0.4623,0.8002,0.9182,0.6774,0.9644,0.0,0.5384
600379,宝光股份,55.8,True,16.9,13.83,11,22.98,-17.49,2.65,22.2,0.4914,2026-06-22,2026-07-07,74.33,0.8481,1.0206,0.7282,0.9089,0.5704,0.0,0.5378
000623,吉林敖东,215.09,True,17.77,17.56,16,6.64,-5.97,1.76,1.21,0.3636,2026-06-18,2026-07-07,51.37,0.669,0.2645,0.4756,0.7072,0.9194,0.2073,0.5372
000938,紫光股份,900.35,True,31.48,27.81,9,21.02,-12.86,-0.38,13.21,0.3836,2026-06-29,2026-07-07,63.31,0.787,1.2336,0.7481,0.8722,0.8154,0.0,0.5346
000703,恒逸石化,536.14,True,14.1,13.85,11,25.15,-7.81,2.79,1.8,0.2898,2026-06-22,2026-07-07,55.82,0.8146,1.0898,0.8703,0.8888,0.9818,0.0,0.5345
603580,艾艾精工,40.09,True,30.68,24.93,11,23.05,-8.99,2.26,23.05,0.4815,2026-06-26,2026-07-06,73.93,0.8373,13.6142,0.6848,0.9024,0.5794,0.0,0.5341
600877,电科芯片,190.28,True,16.07,15.25,11,19.53,-13.79,2.62,5.35,0.3742,2026-06-22,2026-07-07,64.59,0.8465,0.9566,0.6084,0.9079,0.787,0.0,0.5341
600285,羚锐制药,121.51,True,21.45,20.35,10,5.43,-5.15,-0.45,5.43,0.3469,2026-07-01,2026-07-07,58.44,0.207,1.579,0.287,0.5242,0.9235,0.5216,0.5328
002617,露笑科技,182.13,True,9.7,9.23,12,14.21,-12.69,0.76,5.14,0.3385,2026-07-06,2026-07-07,57.14,0.708,1.2276,0.6792,0.8248,0.9524,0.0,0.5321
603313,梦百合,36.63,True,6.42,5.58,10,15.05,-8.72,0.75,15.05,0.4278,2026-06-24,2026-07-07,67.22,0.7668,3.4754,0.7462,0.8601,0.7285,0.0,0.5318
600196,复星医药,491.28,True,23.19,22.39,8,7.94,-7.37,-0.81,3.59,0.2204,2026-06-26,2026-07-07,59.65,0.7704,0.8705,0.4119,0.8622,0.8966,0.3135,0.53
603006,联明股份,35.47,True,13.95,13.7,15,8.15,-7.05,1.43,1.82,0.3328,2026-06-18,2026-07-07,62.33,0.8112,0.1427,0.4261,0.7438,0.8371,0.2898,0.53
002550,千红制药,62.22,True,6.61,6.2,9,12.59,-7.38,0.7,6.63,0.3265,2026-06-26,2026-07-07,62.23,0.8747,1.4467,0.6576,0.9248,0.8394,0.0,0.5297
603980,吉华集团,40.27,True,5.95,6.22,15,18.74,-5.96,5.07,-4.26,0.2589,2026-07-08,2026-07-08,52.38,0.761,0.5933,0.5074,0.8566,0.9418,0.1543,0.5292
002558,巨人网络,552.87,True,29.09,25.91,12,12.27,-9.9,0.45,12.27,0.4521,2026-06-18,2026-07-07,75.08,0.8264,5.0826,0.5477,0.8959,0.5538,0.0872,0.5287
001229,魅视科技,28.63,True,38.82,30.65,20,29.05,-1.83,10.7,26.66,0.8182,2026-06-23,2026-07-07,77.13,0.4995,-0.2603,0.7709,0.3956,0.5082,0.0,0.5278
600378,昊华科技,703.28,True,65.57,66.28,21,50.38,-1.07,27.21,-1.07,0.5574,2026-07-07,2026-07-07,56.23,0.3474,0.0749,1.1496,0.4384,0.9726,0.0,0.5271
000931,中 关 村,30.87,True,4.11,4.17,11,6.94,-6.41,-0.71,-1.47,0.1543,2026-07-07,2026-07-07,52.71,0.8065,0.7883,0.3835,0.8839,0.9492,0.3609,0.5267
002332,仙琚制药,81.62,True,8.29,8.31,8,2.7,-3.99,-0.69,-0.21,0.1943,2026-07-07,2026-07-07,45.04,0.7228,0.8671,0.2606,0.8337,0.7786,0.5656,0.5267
603358,华达科技,203.09,True,43.98,40.06,17,12.36,-5.45,4.38,9.8,0.6249,2026-06-17,2026-07-07,69.86,0.2579,0.587,0.5839,0.5548,0.6699,0.0268,0.5266
603270,金帝股份,21.17,True,29.94,30.99,17,14.13,-3.38,3.93,-3.38,0.2841,2026-07-07,2026-07-07,53.52,0.7968,0.9679,0.6996,0.8781,0.967,0.0,0.5266
000017,深中华A,26.58,True,6.03,5.45,8,16.41,-10.34,0.87,10.72,0.3991,2026-06-26,2026-07-07,70.65,0.8078,1.2239,0.5397,0.8847,0.6522,0.1005,0.5263
603010,万盛股份,90.64,True,15.88,15.32,11,25.19,-7.35,4.58,3.63,0.3801,2026-06-24,2026-07-07,58.57,0.6871,0.3594,0.7189,0.756,0.9207,0.0,0.5252
600352,浙江龙盛,388.77,True,11.95,11.67,16,15.34,-8.29,4.04,2.4,0.4157,2026-06-18,2026-07-07,55.14,0.3972,0.9973,0.7197,0.6383,0.9969,0.0,0.5252
603207,小方制药,12.57,True,23.02,22.45,8,6.1,-7.89,-1.43,2.56,0.1722,2026-06-30,2026-07-07,56.32,0.7026,0.6915,0.3765,0.8216,0.9706,0.3724,0.5243
603856,东宏股份,36.92,True,13.09,12.99,19,10.64,-2.08,4.59,0.76,0.4763,2026-06-11,2026-07-08,56.84,0.2496,0.1374,0.4391,0.4047,0.959,0.2682,0.5237
600203,福日电子,78.04,True,13.16,12.21,9,7.75,-11.51,-1.69,7.75,0.2979,2026-07-02,2026-07-07,56.07,0.6962,1.461,0.5903,0.8177,0.9762,0.0162,0.5213
600862,中航高科,263.98,True,18.95,18.18,13,6.5,-7.9,-0.15,4.21,0.3165,2026-07-02,2026-07-07,49.31,0.6297,0.587,0.4993,0.7778,0.8735,0.1678,0.5209
002728,特一药业,44.97,True,8.97,8.59,10,14.55,-8.68,0.68,4.45,0.2873,2026-06-26,2026-07-07,59.91,0.8473,1.9498,0.6682,0.9084,0.8909,0.0,0.5202
002577,雷柏科技,52.63,True,18.75,18.59,13,6.79,-5.38,0.82,0.86,0.294,2026-06-29,2026-07-07,52.64,0.6777,0.2764,0.465,0.7171,0.9475,0.225,0.5201
000066,中国长城,599.31,True,18.58,17.72,12,17.08,-20.12,-2.07,4.85,0.2605,2026-07-03,2026-07-07,58.56,0.8773,1.1266,0.7739,0.9264,0.9208,0.0,0.52
000756,新华制药,69.25,True,13.88,13.21,10,14.37,-9.31,0.51,5.04,0.298,2026-06-26,2026-07-07,59.2,0.793,2.6225,0.7552,0.8758,0.9066,0.0,0.5195
600579,中化装备,37.91,True,7.68,7.44,17,15.7,-5.9,5.24,3.2,0.4816,2026-06-15,2026-07-07,60.64,0.344,2.4149,0.7704,0.6064,0.8746,0.0,0.5192
603351,威尔药业,35.07,True,25.89,25.44,9,9.19,-3.96,0.09,1.79,0.2326,2026-06-30,2026-07-07,54.73,0.8494,2.69,0.6166,0.9096,0.994,0.0,0.5192
000521,长虹美菱,49.45,True,5.65,5.54,14,11.21,-7.99,1.68,2.01,0.3171,2026-06-26,2026-07-07,49.64,0.7711,2.5553,0.6804,0.8626,0.8808,0.0,0.5187
603067,振华股份,336.28,True,44.51,40.27,12,29.42,-16.57,5.24,10.53,0.5719,2026-06-18,2026-07-07,61.61,0.4582,0.0049,1.0375,0.4769,0.8531,0.0,0.5186
002386,天原股份,80.17,True,6.16,5.96,13,8.48,-9.08,0.81,3.32,0.3101,2026-06-18,2026-07-07,56.36,0.6501,0.2347,0.4838,0.6839,0.9697,0.1936,0.518
002367,康力电梯,51.09,True,6.43,6.13,12,20.63,-8.3,5.22,4.96,0.4454,2026-06-18,2026-07-07,68.65,0.6696,4.3285,0.6373,0.8018,0.6966,0.0,0.5179
600521,华海药业,241.51,True,16.13,14.7,6,14.78,-10.34,-2.4,9.7,0.278,2026-06-30,2026-07-07,67.22,0.9041,3.4111,0.4991,0.9425,0.7285,0.1681,0.5177
600201,生物股份,140.41,True,12.63,12.05,8,6.1,-13.61,-1.16,4.83,0.2356,2026-07-01,2026-07-07,53.79,0.4957,0.5039,0.3883,0.6974,0.973,0.3529,0.5161
603976,正川股份,41.39,True,27.18,26.97,22,20.48,0.79,10.13,0.79,0.6198,2026-06-04,2026-07-08,48.53,0.2005,0.1488,0.9373,0.3798,0.8563,0.0,0.5142
605007,五洲特纸,73.51,True,15.49,13.55,8,14.64,-9.44,-0.04,14.33,0.3764,2026-06-26,2026-07-08,81.12,0.836,0.6966,0.3841,0.9016,0.4195,0.3598,0.5138
002600,领益智造,1146.91,True,15.93,16.14,14,16.3,-11.54,3.35,-1.28,0.2745,2026-07-07,2026-07-07,51.05,0.8081,0.754,0.9028,0.8848,0.9122,0.0,0.5134
603811,诚意药业,33.73,True,7.36,7.52,12,3.33,-6.2,-0.52,-2.16,0.1844,2026-07-08,2026-07-08,48.47,0.7001,0.4704,0.3341,0.8083,0.8548,0.4432,0.5133
002393,力生制药,43.62,True,14.53,14.42,8,5.33,-7.11,-1.23,0.79,0.1581,2026-06-30,2026-07-07,49.44,0.7785,0.7838,0.3692,0.8671,0.8765,0.3847,0.513
600961,株冶集团,211.26,True,28.1,29.68,14,34.43,-15.78,7.45,-5.32,0.2759,2026-07-07,2026-07-07,52.05,0.7702,0.702,0.9002,0.8621,0.9345,0.0,0.5128
600380,健康元,181.66,True,9.93,9.7,9,5.9,-5.54,-0.65,2.33,0.2523,2026-06-30,2026-07-07,54.35,0.5248,0.2253,0.3492,0.605,0.9855,0.418,0.512
002427,尤夫股份,47.26,True,4.8,4.68,10,15.51,-9.46,0.1,2.63,0.2274,2026-06-23,2026-07-07,54.84,0.8117,1.3898,0.7544,0.887,0.9964,0.0,0.512
603181,皇马科技,91.95,True,15.62,15.85,17,15.7,-5.73,6.13,-1.47,0.3868,2026-07-07,2026-07-07,41.74,0.635,1.0206,0.5171,0.781,0.7053,0.1382,0.5117
600160,巨化股份,1257.54,True,46.58,47.81,21,26.08,-2.57,15.75,-2.57,0.5197,2026-07-07,2026-07-07,49.8,0.3212,0.2759,0.8703,0.5031,0.8845,0.0,0.5106
000545,金浦钛业,26.11,True,2.65,2.53,11,13.34,-11.52,-0.46,4.74,0.282,2026-07-03,2026-07-07,50.84,0.7726,2.5875,0.8887,0.8635,0.9075,0.0,0.5102
600031,三一重工,1647.42,True,19.44,18.42,9,5.52,-6.28,-0.87,5.52,0.3099,2026-07-02,2026-07-07,56.42,0.413,0.7898,0.4809,0.6478,0.9684,0.1984,0.5094
603956,威派格,32.83,True,5.76,5.37,10,26.28,-18.05,0.63,7.33,0.3583,2026-06-24,2026-07-08,65.89,0.7598,0.5586,0.8375,0.8559,0.758,0.0,0.5089
600531,豫光金铅,165.67,True,13.7,14.24,15,26.84,-16.73,3.58,-3.82,0.2328,2026-07-07,2026-07-07,50.19,0.9136,0.8956,0.8852,0.9482,0.8931,0.0,0.5088
000989,九芝堂,56.64,True,8.16,8.01,8,5.34,-6.25,-0.81,1.87,0.2071,2026-06-30,2026-07-07,53.97,0.5481,1.0387,0.409,0.7289,0.9771,0.3183,0.5082
603301,振德医疗,236.75,True,89.72,86.62,15,5.17,-10.02,0.37,3.57,0.353,2026-07-02,2026-07-07,54.44,-0.2223,0.5999,0.3244,0.4,0.9875,0.4593,0.5076
603722,阿科力,42.35,True,44.25,37.96,12,16.56,-10.45,0.22,16.56,0.4464,2026-06-25,2026-07-07,70.53,0.6526,13.4055,0.6896,0.7916,0.6549,0.0,0.5074
002603,以岭药业,210.61,True,15.3,15.21,10,4.09,-6.26,-0.46,0.58,0.2249,2026-06-30,2026-07-07,52.17,0.6677,0.2659,0.389,0.707,0.9372,0.3517,0.5069
605008,长鸿高科,79.0,True,12.23,11.44,12,8.35,-9.02,0.66,6.86,0.4049,2026-06-30,2026-07-08,71.66,0.4247,2.0828,0.3875,0.6548,0.6298,0.3542,0.5047
002020,京新药业,108.96,True,15.05,12.84,9,20.96,-9.77,0.85,17.2,0.4144,2026-06-26,2026-07-07,75.09,0.8061,2.6309,0.5742,0.8837,0.5536,0.043,0.5038
002925,盈趣科技,166.68,True,22.8,22.84,19,13.11,-1.32,4.92,-0.17,0.4424,2026-07-07,2026-07-07,56.19,0.747,-0.3917,0.5633,0.4915,0.9735,0.0612,0.5037
002068,黑猫股份,90.77,True,12.35,12.35,16,38.11,-6.3,12.45,0.02,0.5052,2026-06-17,2026-07-07,61.14,0.5924,-0.1036,0.9017,0.514,0.8636,0.0,0.5033
002038,双鹭药业,49.67,True,5.83,5.61,9,21.65,-10.81,-0.65,3.93,0.2251,2026-06-26,2026-07-07,57.5,0.8279,2.6121,0.8692,0.8967,0.9444,0.0,0.5031
003017,大洋生物,18.67,True,22.45,22.33,7,8.24,-10.29,-2.21,0.56,0.0701,2026-06-29,2026-07-07,52.34,0.8859,0.5075,0.3856,0.9315,0.9409,0.3573,0.5027
600671,天目药业,22.64,True,18.59,17.17,10,8.66,-10.35,-1.06,8.29,0.3399,2026-06-29,2026-07-07,67.44,0.6918,0.6898,0.5283,0.8151,0.7235,0.1196,0.5024
002294,信立泰,431.45,True,38.71,32.81,7,25.04,-8.63,0.77,17.99,0.3807,2026-06-26,2026-07-07,76.09,0.9513,4.1233,0.6309,0.9708,0.5313,0.0,0.5012
601369,陕鼓动力,154.41,True,9.05,8.92,9,5.18,-8.2,-0.69,1.5,0.2052,2026-06-25,2026-06-26,54.07,0.6763,1.9042,0.514,0.8058,0.9794,0.1433,0.5009
002428,云南锗业,718.34,True,110.0,106.5,18,35.91,-11.63,10.88,3.29,0.6186,2026-06-10,2026-07-07,56.31,0.0887,-0.0426,0.9221,0.2362,0.9708,0.0,0.5006
600211,西藏药业,121.1,True,37.57,37.22,10,5.04,-8.87,-1.42,0.95,0.1683,2026-06-26,2026-07-07,54.41,0.5835,0.9577,0.4088,0.7501,0.9869,0.3186,0.5
002174,游族网络,123.19,True,12.58,11.87,15,13.41,-12.75,2.97,5.97,0.4622,2026-06-15,2026-07-07,60.33,0.2511,2.2951,0.6809,0.5507,0.8816,0.0,0.4989
603595,ST东尼,74.82,True,32.19,30.9,22,35.55,2.94,15.42,4.19,0.7047,从未跌破（观测期内）,2026-07-07,63.03,0.0413,-0.0375,0.6529,0.2098,0.8216,0.0,0.4986
000810,创维数字,129.94,True,11.7,11.96,14,14.94,-13.88,2.49,-2.16,0.2311,2026-07-07,2026-07-07,51.25,0.8159,1.7024,0.6356,0.8896,0.9166,0.0,0.4981
000818,航锦科技,102.42,True,15.56,13.6,9,14.41,-16.19,-2.45,14.4,0.332,2026-06-29,2026-07-07,64.97,0.7232,4.0436,0.7795,0.8339,0.7785,0.0,0.497
603290,斯达半导,307.6,True,128.45,129.7,13,22.65,-14.45,3.22,-0.96,0.2633,2026-07-07,2026-07-07,52.97,0.8769,0.187,0.7473,0.8009,0.9549,0.0,0.4965
002675,东诚药业,93.82,True,12.62,12.63,11,2.52,-2.43,0.16,-0.08,0.2791,2026-07-07,2026-07-07,49.63,0.6053,-0.0987,0.2893,0.5237,0.8807,0.5179,0.4964
600166,福田汽车,256.52,True,3.24,3.08,11,5.35,-5.83,-0.17,5.14,0.3377,2026-07-02,2026-07-07,56.86,0.4985,-0.0016,0.4199,0.4985,0.9586,0.3001,0.4964
603125,常青科技,114.08,True,28.18,28.63,15,20.46,-7.94,7.49,-1.58,0.3864,2026-07-07,2026-07-07,49.15,0.6024,0.2609,0.7052,0.6658,0.8701,0.0,0.495
600182,S佳通,24.17,True,14.22,13.79,10,8.87,-7.33,-0.29,3.14,0.2541,2026-07-01,2026-07-07,50.22,0.4928,1.0769,0.4415,0.6957,0.8938,0.2642,0.494
002211,ST宏达,16.52,True,3.82,3.88,14,9.83,-3.92,2.12,-1.67,0.263,2026-07-07,2026-07-07,53.25,0.5741,1.2127,0.5596,0.7445,0.9612,0.0673,0.4936
600060,海信视像,359.11,True,27.62,26.39,14,9.1,-5.98,1.7,4.68,0.4021,2026-06-26,2026-07-07,55.79,0.4228,0.0621,0.538,0.4785,0.9825,0.1033,0.4925
601678,滨化股份,121.37,True,5.94,6.25,17,26.4,-8.67,6.02,-4.99,0.2962,2026-07-07,2026-07-07,47.7,0.7039,0.8968,0.9499,0.8224,0.8377,0.0,0.4916
605060,XD联德股,127.38,True,53.31,51.64,13,12.8,-12.73,1.11,3.24,0.3155,2026-06-26,2026-07-08,54.83,0.6881,0.1247,0.8029,0.6627,0.9963,0.0,0.4911
600141,兴发集团,446.93,True,37.19,39.71,17,38.62,-14.21,13.28,-6.35,0.3617,2026-07-07,2026-07-07,47.62,0.7703,0.1344,0.9709,0.7159,0.836,0.0,0.4909
600707,彩虹股份,464.6,True,12.95,13.26,18,40.38,-10.05,12.9,-2.33,0.4781,2026-07-07,2026-07-07,55.76,0.4436,-0.1398,1.206,0.4102,0.9831,0.0,0.4904
003004,声迅股份,54.96,True,79.95,70.84,22,26.83,2.03,12.37,12.85,0.85,从未跌破（观测期内）,2026-07-07,66.49,-0.0509,-0.5723,0.7498,0.0,0.7447,0.0,0.4889
002937,兴瑞科技,133.2,True,42.26,41.55,21,19.46,-0.47,10.75,1.72,0.6271,2026-06-08,2026-07-07,58.17,0.1416,-0.3433,0.5389,0.1476,0.9296,0.1018,0.4889
605020,永和股份,183.57,True,36.5,38.55,19,30.41,-5.32,8.1,-5.32,0.3718,2026-07-08,2026-07-08,49.15,0.7411,0.0427,0.9888,0.6617,0.8701,0.0,0.4882
000404,长虹华意,55.56,True,8.02,7.75,7,9.37,-10.54,-2.25,3.48,0.142,2026-06-26,2026-07-07,54.48,0.7214,0.9137,0.4993,0.8329,0.9885,0.1678,0.4879
002223,鱼跃医疗,244.9,True,25.99,25.7,8,3.76,-7.02,-1.67,1.14,0.1654,2026-06-26,2026-07-07,54.76,0.2753,0.5224,0.2757,0.5652,0.9946,0.5404,0.4875
002145,钛能化学,172.81,True,4.54,4.62,14,12.33,-5.76,2.75,-1.65,0.2503,2026-07-07,2026-07-07,47.75,0.7784,0.51,0.5916,0.867,0.8388,0.014,0.4868
002654,万润科技,153.67,True,18.18,18.2,15,29.53,-13.75,7.01,-0.09,0.4117,2026-07-07,2026-07-07,56.05,0.5938,-0.1262,0.7984,0.5058,0.9766,0.0,0.4865
600867,通化东宝,156.88,True,8.01,7.79,9,7.92,-7.82,-0.86,2.8,0.1916,2026-06-26,2026-07-07,58.31,0.75,0.6464,0.5523,0.85,0.9265,0.0795,0.4864
002312,川发龙蟒,175.95,True,9.34,9.18,12,15.54,-13.2,0.73,1.8,0.2541,2026-06-18,2026-07-07,55.21,0.7363,0.2505,0.6029,0.742,0.9953,0.0,0.4862
000795,英洛华,103.25,True,9.25,9.34,15,10.85,-8.46,1.72,-0.94,0.2641,2026-07-07,2026-07-07,45.53,0.8168,0.568,0.6667,0.8901,0.7896,0.0,0.4861
002179,中航光电,904.82,True,43.16,41.11,16,17.09,-8.85,4.69,4.98,0.4963,2026-06-12,2026-07-07,65.33,0.6447,-0.4162,0.4954,0.4204,0.7704,0.1744,0.4838
002971,和远气体,98.12,True,60.94,63.5,21,60.5,-4.04,30.41,-4.04,0.4832,2026-07-07,2026-07-07,51.52,0.0372,0.6622,1.1433,0.4223,0.9226,0.0,0.4834
000301,东方盛虹,821.42,True,12.43,12.03,10,15.26,-7.5,-0.41,3.31,0.2315,2026-06-30,2026-07-07,49.84,0.7534,3.6316,0.7164,0.852,0.8854,0.0,0.4827
002272,川润股份,91.42,True,22.4,22.32,15,14.89,-12.63,3.61,0.36,0.3379,2026-06-15,2026-07-07,58.72,0.394,0.25,0.48,0.5364,0.9173,0.2,0.4827
603091,众鑫股份,22.37,True,50.82,48.27,10,7.03,-15.65,-3.23,5.28,0.2103,2026-06-25,2026-07-07,62.38,0.706,0.3383,0.4342,0.7589,0.8359,0.2763,0.4825
002555,三七互娱,308.42,True,19.43,18.46,8,6.18,-9.03,-1.79,5.27,0.2188,2026-06-26,2026-07-07,63.16,0.5597,1.9095,0.4122,0.7358,0.8187,0.3131,0.4822
003009,中天火箭,95.4,True,57.93,59.33,17,14.56,-4.76,4.19,-2.36,0.3164,2026-07-07,2026-07-07,45.92,0.6393,3.5066,0.8584,0.7836,0.7983,0.0,0.4821
605118,力鼎光电,150.1,True,36.71,33.9,9,12.96,-16.99,-2.82,8.28,0.2796,2026-06-29,2026-07-08,58.77,0.5764,2.7934,0.6838,0.7459,0.9162,0.0,0.4816
002275,桂林三金,72.87,True,13.08,12.64,4,6.91,-5.43,-1.83,3.52,0.157,2026-07-01,2026-07-07,59.66,0.6547,0.2804,0.3528,0.705,0.8965,0.412,0.4801
600990,四创电子,54.45,True,20.24,18.43,3,9.79,-11.0,-3.32,9.79,0.2114,2026-07-02,2026-07-07,58.31,0.5444,5.0536,0.4862,0.7267,0.9265,0.1897,0.48
600178,东安动力,44.64,True,9.57,9.78,17,12.38,-8.77,2.32,-2.13,0.2752,2026-07-07,2026-07-07,48.28,0.6646,2.3073,0.8064,0.7988,0.8507,0.0,0.4799
603173,福斯达,57.36,True,35.85,35.22,10,11.34,-8.45,0.93,1.79,0.2272,2026-06-30,2026-07-07,56.66,0.7548,0.0899,0.5038,0.6888,0.9631,0.1603,0.4798
603898,好莱客,37.89,True,12.62,13.74,17,20.78,-8.12,5.28,-8.12,0.1994,2026-07-08,2026-07-08,50.4,0.7998,1.8757,0.7049,0.8799,0.8978,0.0,0.4793
002793,罗欣药业,50.93,True,4.69,4.12,5,15.86,-10.54,-2.44,13.81,0.2685,2026-06-30,2026-07-07,66.67,0.8146,6.7872,0.5961,0.8888,0.7407,0.0065,0.4787
600353,旭光电子,337.16,True,40.68,40.37,22,69.55,0.77,29.79,0.77,0.6194,从未跌破（观测期内）,2026-07-07,57.26,-0.039,-0.0979,1.143,0.1608,0.9498,0.0,0.4779
002979,雷赛智能,154.36,True,69.3,56.49,8,31.41,-10.98,2.24,22.68,0.4333,2026-06-29,2026-07-07,74.16,0.5935,2.1879,0.7074,0.7561,0.5741,0.0,0.4772
001270,铖昌科技,339.15,True,165.6,138.83,8,20.01,-11.24,1.23,19.28,0.408,2026-06-25,2026-07-07,72.69,0.6155,1.122,0.8068,0.7693,0.6069,0.0,0.4769
001387,雪祺电气,14.91,True,12.8,12.65,15,6.55,-9.72,-0.48,1.2,0.2567,2026-06-15,2026-07-07,48.5,0.4851,0.7154,0.4797,0.691,0.8556,0.2005,0.4766
603014,威高血净,34.68,True,34.17,34.49,13,12.24,-11.53,0.9,-0.94,0.2058,2026-07-07,2026-07-07,48.06,0.8294,1.3927,0.8178,0.8976,0.8457,0.0,0.4759
600288,大恒科技,67.92,True,15.55,13.03,6,19.35,-10.81,-1.65,19.35,0.3043,2026-07-03,2026-07-07,71.38,0.8451,5.0205,0.6533,0.907,0.636,0.0,0.4757
603668,天马科技,60.39,True,11.94,11.83,12,12.99,-11.1,1.77,0.9,0.2576,2026-06-18,2026-07-07,58.63,0.7878,0.0705,0.5463,0.7009,0.9194,0.0894,0.4756
603986,兆易创新,4032.14,True,603.17,648.48,20,45.34,-6.99,16.82,-6.99,0.3935,2026-07-08,2026-07-08,51.43,0.5244,0.0511,1.0453,0.5351,0.9207,0.0,0.4753
000333,美的集团,5429.41,True,79.12,76.75,12,4.45,-5.31,-0.42,3.09,0.3169,2026-06-30,2026-07-07,62.45,0.123,0.3981,0.3082,0.4331,0.8344,0.4864,0.4749
002986,宇新股份,36.49,True,12.09,11.88,12,12.75,-10.68,-0.53,1.77,0.222,2026-06-18,2026-07-07,60.35,0.7213,0.2177,0.4814,0.7199,0.8811,0.1977,0.4746
002137,实益达,45.32,True,11.43,10.51,18,17.99,-5.23,6.96,8.72,0.6785,2026-07-06,2026-07-07,62.52,0.1517,-0.3638,0.9235,0.1455,0.8329,0.0,0.4743
002101,广东鸿图,60.79,True,9.18,8.93,11,8.11,-7.81,-0.15,2.84,0.2422,2026-06-22,2026-07-07,62.33,0.4549,0.3059,0.3604,0.5953,0.8371,0.3993,0.473
603819,神力股份,29.18,True,13.4,11.98,5,14.95,-13.02,-3.6,11.84,0.2397,2026-07-02,2026-07-08,67.94,0.8136,2.4296,0.5528,0.8881,0.7124,0.0787,0.4722
000915,华特达因,58.03,True,24.78,25.5,9,3.26,-3.75,-0.13,-2.83,0.1579,2026-07-07,2026-07-07,42.76,0.6409,0.4502,0.3168,0.7646,0.728,0.4719,0.4707
600703,三安光电,887.05,True,17.78,18.39,15,30.14,-13.29,7.77,-3.3,0.3502,2026-07-07,2026-07-07,54.56,0.421,0.1872,0.9861,0.5275,0.9903,0.0,0.47
603350,安乃达,13.73,True,31.11,31.0,11,7.05,-8.44,-1.33,0.34,0.1617,2026-06-25,2026-07-07,53.26,0.7773,-0.0114,0.4098,0.6618,0.9613,0.3169,0.4699
002032,苏 泊 尔,347.06,True,43.41,41.55,3,4.49,-7.84,-4.6,4.49,0.0881,2026-07-02,2026-07-07,58.21,0.4305,0.5989,0.2626,0.6583,0.9287,0.5623,0.4699
000050,深天马Ａ,202.9,True,8.33,9.04,17,27.13,-7.84,7.23,-7.84,0.2551,2026-07-07,2026-07-07,50.16,0.878,0.0715,0.8018,0.7554,0.8924,0.0,0.4694
001296,长江材料,15.4,True,19.77,19.61,7,13.81,-9.48,-1.58,0.8,0.0919,2026-07-06,2026-07-07,53.38,0.9316,2.8699,0.736,0.959,0.964,0.0,0.4693
002755,奥赛康,135.79,True,14.63,13.39,7,14.99,-18.0,-3.16,9.26,0.264,2026-06-26,2026-07-07,68.67,0.8557,0.2166,0.5089,0.8,0.6963,0.1519,0.4677
605116,奥锐特,78.92,True,19.43,19.56,10,8.47,-10.47,0.05,-0.65,0.1542,2026-07-08,2026-07-08,50.13,0.7062,0.5535,0.5132,0.8237,0.8917,0.1446,0.4676
600562,国睿科技,291.59,True,23.48,21.67,4,10.45,-12.06,-4.03,8.37,0.1721,2026-07-02,2026-07-07,59.28,0.5751,1.4176,0.4804,0.745,0.9049,0.1994,0.466
001358,兴欣新材,12.9,True,25.95,25.26,9,13.43,-12.72,-1.73,2.73,0.1682,2026-06-29,2026-07-07,49.59,0.8101,2.7614,0.6023,0.886,0.8798,0.0,0.4648
600888,新疆众和,199.11,True,12.82,13.48,21,33.91,-4.89,13.17,-4.89,0.4618,2026-07-07,2026-07-07,51.53,0.4112,-0.1627,0.9179,0.3817,0.9228,0.0,0.4647
002057,中钢天源,90.25,True,11.98,12.04,20,27.01,-0.66,11.88,-0.51,0.5554,2026-07-07,2026-07-07,50.23,0.1905,-0.1492,0.745,0.2546,0.894,0.0,0.4646
600370,*ST三房,70.8,True,1.76,1.58,17,19.21,-11.68,5.28,11.75,0.6524,2026-06-11,2026-07-07,61.54,-0.0736,-0.225,0.5794,0.11,0.8547,0.0343,0.4646
000680,山推股份,140.8,True,10.71,10.3,4,6.04,-8.33,-3.53,3.97,0.1186,2026-07-02,2026-07-07,54.96,0.5335,0.9567,0.452,0.7201,0.9992,0.2467,0.4643
603416,信捷电气,83.27,True,59.67,55.35,4,10.01,-9.59,-2.46,7.81,0.1974,2026-07-01,2026-07-07,59.57,0.71,0.3775,0.5551,0.777,0.8985,0.0749,0.4642
600497,驰宏锌锗,521.18,True,10.34,10.75,15,26.3,-15.64,6.69,-3.82,0.3105,2026-07-07,2026-07-07,52.24,0.7989,-0.1885,0.8135,0.6039,0.9386,0.0,0.4629
002301,齐心集团,59.81,True,8.33,7.64,9,10.16,-9.08,-1.34,8.97,0.3342,2026-06-30,2026-07-07,55.71,0.5117,0.0197,0.5857,0.5149,0.9841,0.0238,0.4628
600812,华北制药,77.04,True,4.49,4.42,8,5.2,-7.55,-1.31,1.61,0.1779,2026-06-30,2026-07-07,52.11,0.5116,0.2489,0.3888,0.6065,0.9358,0.352,0.4628
600316,洪都航空,203.45,True,28.37,27.52,6,6.66,-10.64,-3.08,3.09,0.0959,2026-06-29,2026-07-07,58.78,0.5227,0.8729,0.3522,0.7136,0.916,0.413,0.4619
002816,*ST和科,26.66,True,26.66,27.41,17,13.33,-2.75,4.61,-2.75,0.3301,2026-07-07,2026-07-07,52.27,0.3506,0.2627,0.5494,0.5154,0.9393,0.0844,0.4614
605399,晨光新材,43.89,True,14.09,13.75,8,9.41,-16.18,-1.43,2.44,0.1526,2026-07-06,2026-07-08,52.65,0.7379,1.304,0.6902,0.8427,0.9478,0.0,0.4613
603118,共进股份,106.36,True,13.51,12.46,5,8.42,-13.18,-3.92,8.42,0.1922,2026-07-03,2026-07-07,55.25,0.5667,1.0924,0.6788,0.74,0.9945,0.0,0.4608
002734,利民股份,73.36,True,16.89,17.08,14,14.81,-8.64,2.06,-1.1,0.2466,2026-07-07,2026-07-07,53.48,0.6176,0.2622,0.6527,0.6754,0.9663,0.0,0.4607
603281,江瀚新材,132.46,True,25.54,26.46,13,17.25,-12.99,3.1,-3.46,0.1978,2026-07-07,2026-07-07,47.46,0.7656,2.8547,0.6708,0.8593,0.8325,0.0,0.4605
603611,诺力股份,45.85,True,17.8,17.18,4,5.3,-8.61,-2.8,3.58,0.1221,2026-07-01,2026-07-07,54.82,0.3664,0.7807,0.3709,0.6198,0.9961,0.3818,0.4603
603566,普莱柯,35.44,True,10.24,10.12,9,4.5,-6.57,-1.05,1.23,0.203,2026-06-30,2026-07-07,53.27,0.483,0.0419,0.3601,0.5066,0.9615,0.3998,0.4601
002268,电科网安,122.9,True,14.54,13.25,5,9.77,-11.21,-3.73,9.77,0.2307,2026-06-30,2026-07-07,61.3,0.5451,2.0558,0.546,0.727,0.8599,0.09,0.4595
605183,确成股份,60.34,True,14.63,15.1,10,10.39,-7.05,-0.43,-3.12,0.0971,2026-07-08,2026-07-08,46.81,0.8287,0.4978,0.4693,0.8963,0.8181,0.2178,0.4592
603260,合盛硅业,515.8,True,43.63,46.35,16,26.84,-10.65,7.9,-5.87,0.3053,2026-07-07,2026-07-07,34.69,0.8448,0.4967,0.8068,0.9055,0.5486,0.0,0.4582
002046,国机精工,358.14,True,67.55,67.15,22,25.01,0.6,11.68,0.6,0.615,2026-06-02,2026-07-07,56.92,0.1339,-0.5229,0.8238,0.0803,0.9574,0.0,0.4576
002693,双成药业,39.21,True,9.54,9.19,7,17.8,-14.47,-3.85,3.84,0.111,2026-06-26,2026-07-07,58.37,0.8523,1.1512,0.6538,0.9114,0.9251,0.0,0.4573
002826,易明医药,31.83,True,17.23,16.42,7,12.72,-13.59,-2.29,4.95,0.1779,2026-06-30,2026-07-07,50.84,0.6955,1.5258,0.7603,0.8173,0.9076,0.0,0.457
603335,迪生力,33.78,True,7.89,8.44,18,21.34,-6.54,8.1,-6.54,0.3253,2026-07-07,2026-07-07,42.65,0.5436,1.0434,1.0572,0.7262,0.7256,0.0,0.4568
003020,立方制药,26.7,True,15.84,15.53,5,5.57,-7.75,-2.6,2.0,0.0862,2026-06-30,2026-07-07,54.33,0.631,1.9368,0.4777,0.7786,0.9852,0.2038,0.4567
002250,联化科技,133.53,True,14.92,14.29,8,10.66,-8.58,-0.41,4.43,0.2276,2026-06-30,2026-07-07,57.3,0.4817,0.6213,0.5867,0.689,0.9489,0.0222,0.4564
002916,深南电路,2739.68,True,412.1,425.51,21,14.53,-3.15,6.03,-3.15,0.4088,2026-07-07,2026-07-07,51.53,0.2612,0.1893,0.7832,0.4324,0.9229,0.0,0.4562
002648,卫星化学,797.52,True,23.69,23.89,10,9.88,-6.77,0.48,-0.83,0.1516,2026-07-07,2026-07-07,56.16,0.671,0.7959,0.63,0.8026,0.9742,0.0,0.4561
603129,春风动力,398.99,True,259.96,240.87,13,12.34,-6.65,2.25,7.93,0.4611,2026-06-18,2026-07-07,72.34,-0.125,0.6066,0.4059,0.4,0.6147,0.3235,0.4559
603375,盛景微,31.38,True,49.2,48.84,10,4.78,-10.53,-1.04,0.74,0.1882,2026-07-03,2026-07-07,50.48,0.6637,1.1519,0.69,0.7982,0.8996,0.0,0.4548
002601,龙佰集团,321.0,True,16.15,16.21,16,15.4,-11.72,4.18,-0.34,0.3506,2026-07-07,2026-07-07,55.24,0.4458,-0.0163,0.6415,0.461,0.9946,0.0,0.4544
601233,桐昆股份,534.78,True,22.52,22.66,19,15.22,-1.57,6.23,-0.63,0.4423,2026-07-07,2026-07-07,48.72,0.3843,-0.023,0.8365,0.4214,0.8604,0.0,0.4544
002182,宝武镁业,124.2,True,14.35,13.92,8,15.65,-13.34,-1.7,3.07,0.1615,2026-06-26,2026-07-07,52.43,0.6683,0.8606,0.6902,0.801,0.9429,0.0,0.4534
601089,福元医药,82.32,True,17.15,16.71,6,8.44,-9.88,-2.89,2.66,0.0898,2026-06-30,2026-07-07,54.48,0.5614,1.3571,0.4604,0.7368,0.9883,0.2327,0.4527
603367,辰欣药业,60.85,True,13.44,13.28,7,5.78,-6.43,-1.79,1.2,0.1337,2026-06-30,2026-07-07,52.65,0.4713,1.1945,0.4477,0.6828,0.9479,0.2538,0.4518
603120,肯特催化,20.94,True,55.24,53.2,12,14.82,-6.41,1.99,3.84,0.3369,2026-06-29,2026-07-07,53.6,0.7743,-0.4311,0.8398,0.4921,0.9688,0.0,0.4515
603051,鹿山新材,37.39,True,23.13,20.63,3,12.14,-12.14,-4.4,12.14,0.1876,2026-07-02,2026-07-07,59.46,0.6376,3.1064,0.6047,0.7825,0.9008,0.0,0.4509
600392,盛和资源,453.63,True,25.88,28.62,17,38.02,-9.56,10.51,-9.56,0.2813,2026-07-07,2026-07-07,42.48,0.7643,0.2865,0.9097,0.7732,0.7218,0.0,0.4502
002123,梦网科技,58.65,True,8.14,7.69,5,6.0,-15.62,-5.86,5.84,0.0792,2026-06-30,2026-07-07,55.32,0.6361,1.2914,0.5039,0.7816,0.9929,0.1602,0.4497
000157,中联重科,524.57,True,7.42,7.36,11,4.19,-5.97,-0.19,0.86,0.248,2026-07-06,2026-07-07,45.18,0.3189,0.2966,0.3343,0.51,0.7818,0.4429,0.4495
603818,曲美家居,22.52,True,3.28,3.02,6,13.62,-12.78,-2.9,8.54,0.2364,2026-06-30,2026-07-08,69.6,0.7571,0.9987,0.5759,0.8542,0.6756,0.0401,0.4492
002923,润都股份,26.87,True,10.41,10.05,5,9.13,-12.85,-3.78,3.58,0.0745,2026-06-30,2026-07-07,55.1,0.7314,0.3967,0.521,0.7975,0.9978,0.1317,0.4485
002437,誉衡药业,63.0,True,3.0,2.72,6,11.97,-10.74,-3.34,10.27,0.262,2026-06-29,2026-07-07,65.79,0.5453,1.4312,0.5605,0.7272,0.7602,0.0659,0.4485
000925,众合科技,59.06,True,8.8,8.88,14,18.77,-6.42,4.38,-0.89,0.3101,2026-07-07,2026-07-07,52.72,0.8667,-0.456,0.7189,0.5376,0.9494,0.0,0.4483
603590,康辰药业,50.9,True,31.82,29.72,5,11.04,-15.38,-5.45,7.07,0.1199,2026-06-30,2026-07-07,61.38,0.8165,0.2622,0.4804,0.7948,0.8582,0.1994,0.4482
605389,长龄液压,157.31,True,88.8,91.85,15,15.2,-4.88,3.84,-3.32,0.2517,2026-07-08,2026-07-08,50.9,0.56,0.2054,0.5585,0.6181,0.909,0.0692,0.4474
605288,凯迪股份,73.4,True,74.69,79.66,18,23.0,-8.25,8.32,-6.24,0.3385,2026-07-08,2026-07-08,46.18,0.4116,0.3933,0.9051,0.6043,0.804,0.0,0.4473
002861,瀛通通讯,32.47,True,21.62,20.33,14,20.78,-4.02,6.7,6.32,0.5482,2026-06-17,2026-07-07,69.05,0.3126,-0.3986,0.4677,0.2281,0.6878,0.2206,0.447
002698,博实股份,107.63,True,12.5,11.89,6,13.71,-12.54,-2.55,5.17,0.1609,2026-06-29,2026-07-07,59.43,0.6704,1.4654,0.6169,0.8023,0.9017,0.0,0.4452
002403,爱仕达,31.5,True,10.6,9.77,5,20.52,-14.53,-4.06,8.46,0.1895,2026-06-30,2026-07-07,54.52,0.476,3.5105,0.7842,0.6856,0.9892,0.0,0.4451
002741,光华科技,139.5,True,32.72,34.59,18,37.77,-7.65,11.88,-5.4,0.4014,2026-07-07,2026-07-07,44.01,0.3796,0.2586,1.041,0.5312,0.7557,0.0,0.4445
600332,白云山,295.94,True,21.05,20.82,8,3.84,-5.43,-0.94,1.12,0.2191,2026-07-01,2026-07-07,49.03,0.1706,0.3103,0.2948,0.4265,0.8674,0.5087,0.444
002126,银轮股份,425.32,True,53.49,49.94,7,11.16,-10.27,-1.74,7.11,0.2458,2026-07-01,2026-07-07,55.5,0.5646,0.1308,0.6693,0.5911,0.9888,0.0,0.4438
002377,国创高新,25.04,True,2.87,2.71,3,9.08,-11.25,-4.92,5.9,0.0723,2026-07-02,2026-07-07,57.78,0.659,1.4033,0.4869,0.7954,0.9383,0.1886,0.4437
603789,ST星农,18.28,True,7.03,5.78,6,23.1,-6.31,1.01,21.73,0.3708,2026-06-23,2026-07-08,71.89,0.4671,4.1901,0.7378,0.6803,0.6246,0.0,0.4433
002921,联诚精密,35.17,True,27.38,25.56,11,19.17,-15.56,-0.96,7.12,0.3289,2026-06-22,2026-07-07,59.85,0.5156,0.0573,0.7539,0.5323,0.8921,0.0,0.4431
002787,华源控股,71.42,True,28.79,29.01,18,17.86,-4.48,5.8,-0.77,0.4123,2026-07-07,2026-07-07,54.03,0.5472,-0.7063,0.7662,0.3283,0.9784,0.0,0.4427
600552,凯盛科技,221.79,True,23.48,25.06,19,37.77,-6.3,15.69,-6.3,0.3948,2026-07-07,2026-07-07,53.3,0.526,-0.3789,1.1327,0.364,0.9623,0.0,0.4414
603800,洪田股份,164.53,True,79.1,79.53,20,20.25,-1.78,8.8,-0.54,0.5248,2026-07-08,2026-07-08,47.75,0.2659,-0.2626,0.974,0.2545,0.8389,0.0,0.4413
000650,仁和药业,69.76,True,5.24,5.2,5,4.0,-4.69,-1.48,0.7,0.1408,2026-07-01,2026-07-07,49.12,0.2125,0.7315,0.2842,0.5275,0.8694,0.5263,0.441
002353,杰瑞股份,1166.54,True,168.81,157.2,19,16.64,-5.21,5.14,7.39,0.6177,2026-07-02,2026-07-07,58.93,-0.4793,-0.3918,0.7149,0.0433,0.9127,0.0,0.4404
600372,中航机载,538.57,True,11.13,10.94,5,2.87,-8.4,-2.17,1.73,0.1252,2026-07-02,2026-07-07,51.03,0.4776,0.0646,0.2861,0.5124,0.9118,0.5232,0.439
002983,芯瑞达,31.57,True,24.63,25.59,12,10.79,-4.68,1.73,-3.74,0.1547,2026-07-07,2026-07-07,44.84,0.7079,0.7768,0.5383,0.8248,0.7742,0.1028,0.4384
002107,沃华医药,35.2,True,6.16,6.01,5,10.93,-9.66,-3.41,2.55,0.0579,2026-06-30,2026-07-07,52.24,0.6913,2.1561,0.5068,0.8148,0.9386,0.1553,0.4379
002262,恩华药业,174.72,True,19.77,19.22,6,6.51,-5.55,-1.82,2.87,0.1656,2026-06-30,2026-07-07,55.54,0.5298,-0.0478,0.4027,0.4988,0.9881,0.3288,0.4379
002258,利尔化学,108.76,True,13.61,13.34,18,10.35,-4.57,3.47,2.02,0.4499,2026-07-01,2026-07-07,47.14,0.5271,-0.3646,0.6557,0.3704,0.8252,0.0,0.4376
002444,巨星科技,380.71,True,33.2,30.88,8,9.48,-6.63,-1.51,7.51,0.2772,2026-07-01,2026-07-07,68.03,0.3429,0.4385,0.4446,0.5811,0.7104,0.259,0.4371
002102,ST能特,50.63,True,2.33,2.22,5,7.09,-7.22,-1.89,5.0,0.1828,2026-06-30,2026-07-07,59.42,0.3904,0.204,0.3858,0.5158,0.9018,0.3569,0.436
002833,弘亚数控,52.87,True,18.08,18.06,8,7.56,-7.94,-1.78,0.12,0.0914,2026-06-29,2026-07-07,52.25,0.6521,0.5764,0.5445,0.7913,0.9389,0.0925,0.436
601058,赛轮轮胎,423.84,True,12.89,12.11,6,7.14,-7.68,-1.7,6.42,0.2474,2026-07-02,2026-07-07,55.75,0.2064,0.5865,0.5621,0.5238,0.9832,0.0631,0.436
600793,宜宾纸业,34.27,True,19.37,13.74,6,40.96,-12.19,-0.97,40.96,0.3213,2026-06-30,2026-07-07,75.92,0.6678,5.179,0.9478,0.8007,0.5352,0.0,0.4357
000629,钒钛股份,307.51,True,3.31,3.27,8,8.85,-11.37,-2.57,1.1,0.0905,2026-06-26,2026-07-07,51.56,0.7043,0.3581,0.5163,0.7658,0.9236,0.1396,0.4333
002292,奥飞娱乐,79.29,True,7.79,6.83,4,14.05,-10.66,-3.95,14.01,0.2149,2026-07-01,2026-07-07,68.62,0.7049,1.9398,0.5913,0.8229,0.6973,0.0145,0.4333
002748,世龙实业,26.54,True,11.06,10.88,7,3.72,-8.18,-1.99,1.66,0.1531,2026-07-03,2026-07-07,51.14,0.2756,1.0029,0.414,0.5654,0.9143,0.31,0.4319
600761,安徽合力,148.39,True,16.66,16.71,5,5.35,-8.29,-2.33,-0.29,0.0616,2026-07-07,2026-07-07,49.62,0.6257,0.4738,0.4415,0.7649,0.8805,0.2641,0.4316
600150,中国船舶,2266.47,True,37.33,35.53,5,6.33,-8.53,-2.41,5.08,0.1643,2026-07-02,2026-07-07,54.96,0.498,0.1358,0.489,0.5531,0.9992,0.185,0.4316
601636,旗滨集团,229.3,True,7.75,8.13,18,34.36,-4.69,11.7,-4.69,0.4191,2026-07-07,2026-07-07,49.14,0.4023,-0.2045,1.0993,0.3596,0.8699,0.0,0.4315
603848,好太太,57.18,True,14.21,13.98,7,5.14,-7.8,-1.85,1.61,0.1338,2026-07-02,2026-07-08,54.96,0.3769,0.5315,0.5171,0.6262,0.9992,0.1382,0.4306
002025,航天电器,409.16,True,90.15,71.0,10,32.51,-13.82,4.83,26.97,0.5299,2026-06-23,2026-07-07,83.28,0.5825,0.065,0.7281,0.5755,0.3716,0.0,0.4301
600237,铜峰电子,72.77,True,11.65,12.01,17,20.21,-6.8,8.02,-2.96,0.3969,2026-07-07,2026-07-07,51.35,0.5841,-0.6346,1.0154,0.3504,0.9188,0.0,0.4301
000541,佛山照明,61.57,True,5.04,5.04,14,9.77,-6.19,0.98,-0.07,0.2566,2026-07-07,2026-07-07,42.47,0.6322,0.1106,0.4921,0.6236,0.7215,0.1798,0.4298
000962,东方钽业,320.32,True,63.66,71.18,14,45.45,-11.14,11.69,-10.57,0.2085,2026-07-07,2026-07-07,49.53,0.6136,0.2858,1.0415,0.6825,0.8784,0.0,0.4297
600567,山鹰国际,84.52,True,1.34,1.37,14,6.35,-5.85,0.48,-2.19,0.2451,2026-07-07,2026-07-07,42.42,0.4962,0.7709,0.554,0.6977,0.7205,0.0766,0.4281
603341,龙旗科技,101.43,True,38.1,38.75,15,12.16,-6.6,2.39,-1.68,0.2563,2026-07-07,2026-07-07,49.62,0.668,-0.3244,0.4769,0.4711,0.8804,0.2052,0.4271
603330,天洋新材,36.39,True,8.41,8.24,15,20.53,-9.75,4.76,2.03,0.4083,2026-06-30,2026-07-07,53.2,0.4768,-0.646,0.7244,0.2861,0.9599,0.0,0.4268
600843,上工申贝,37.54,True,8.0,8.38,15,10.21,-9.66,2.13,-4.48,0.1798,2026-07-07,2026-07-07,48.97,0.5401,2.1939,0.7882,0.7241,0.8659,0.0,0.4261
603658,安图生物,176.4,True,30.87,30.48,6,2.38,-6.73,-1.81,1.28,0.1513,2026-07-02,2026-07-08,49.1,0.4975,0.0877,0.3681,0.5336,0.8689,0.3865,0.4257
002191,劲嘉股份,52.18,True,3.72,3.91,16,9.09,-4.83,1.54,-4.83,0.2251,2026-07-07,2026-07-07,45.89,0.7789,-0.1773,0.4922,0.5964,0.7976,0.1797,0.4256
600879,航天电子,680.65,True,20.63,20.45,8,8.53,-7.23,-1.05,0.88,0.1437,2026-06-29,2026-07-07,52.64,0.578,0.3978,0.5919,0.7059,0.9476,0.0135,0.4255
002156,通富微电,1035.05,True,68.21,67.79,12,17.34,-11.6,2.22,0.62,0.2619,2026-07-06,2026-07-07,55.8,0.7428,-0.3778,0.8149,0.4945,0.9822,0.0,0.4248
002636,金安国纪,724.53,True,100.03,102.34,20,65.81,-3.73,37.92,-2.26,0.5117,2026-07-07,2026-07-07,49.03,-0.4139,-0.0437,1.0084,0.1825,0.8674,0.0,0.4238
600129,太极集团,74.99,True,13.6,13.19,6,8.64,-11.02,-3.35,3.1,0.0892,2026-06-29,2026-07-07,53.64,0.5222,1.5205,0.5386,0.7133,0.9699,0.1023,0.4233
002430,杭氧股份,254.95,True,26.07,27.79,16,18.77,-10.72,3.91,-6.19,0.1976,2026-07-07,2026-07-07,46.11,0.7921,0.1465,0.7688,0.7339,0.8024,0.0,0.423
002245,蔚蓝锂芯,334.01,True,20.79,20.44,13,9.7,-10.01,0.27,1.73,0.2568,2026-07-02,2026-07-07,49.18,0.4412,0.2975,0.8314,0.5837,0.8706,0.0,0.4228
000782,恒申新材,40.24,True,7.62,7.74,12,12.39,-7.23,0.75,-1.51,0.1857,2026-07-07,2026-07-07,49.05,0.6337,0.1098,0.5241,0.6241,0.8678,0.1264,0.4228
000012,南  玻Ａ,82.88,True,4.23,4.6,18,16.71,-7.98,5.77,-7.98,0.2309,2026-07-07,2026-07-07,45.15,0.7005,0.1859,0.8933,0.6947,0.7811,0.0,0.4223
002662,峰璟股份,52.95,True,3.53,3.63,14,14.77,-9.67,2.44,-2.63,0.2178,2026-07-07,2026-07-07,48.95,0.6815,-0.0854,0.5267,0.5747,0.8656,0.1222,0.4222
002701,奥瑞金,123.52,True,4.83,4.47,2,8.04,-8.13,-4.15,8.04,0.1673,2026-07-03,2026-07-07,66.94,0.3597,1.6654,0.385,0.6158,0.7346,0.3583,0.4215
001322,箭牌家居,49.96,True,6.36,6.12,6,5.69,-9.45,-4.24,3.9,0.087,2026-06-30,2026-07-07,59.07,0.5526,0.3635,0.4621,0.677,0.9096,0.2298,0.4204
600079,ST人福,266.66,True,17.28,16.99,4,4.62,-5.33,-1.61,1.69,0.1399,2026-07-01,2026-07-07,53.07,0.0383,0.4556,0.3143,0.4052,0.957,0.4762,0.4201
600118,中国卫星,939.84,True,79.48,78.19,8,10.06,-8.93,-2.25,1.66,0.1124,2026-06-25,2026-07-07,55.51,0.6747,0.2564,0.6196,0.7074,0.9886,0.0,0.4195
003033,征和工业,54.45,True,67.44,54.81,8,23.03,-16.16,-2.44,23.03,0.3163,2026-06-30,2026-07-07,78.03,0.8741,0.1394,0.7001,0.7802,0.4882,0.0,0.4192
603520,司太立,42.39,True,9.67,9.9,10,13.05,-15.81,-2.74,-2.3,0.033,2026-07-07,2026-07-07,51.09,0.8025,0.3,0.5085,0.8015,0.9131,0.1525,0.4191
600171,上海贝岭,201.19,True,28.38,28.84,12,14.02,-9.45,1.15,-1.61,0.1795,2026-07-07,2026-07-07,54.29,0.9143,-0.4629,0.5652,0.5634,0.9842,0.058,0.4182
603630,拉芳家化,31.15,True,13.83,13.31,7,7.23,-10.59,-2.79,3.9,0.139,2026-06-30,2026-07-07,54.69,0.384,0.7391,0.5781,0.6304,0.9931,0.0365,0.4173
603855,华荣股份,56.3,True,16.78,16.43,6,7.53,-6.18,-2.09,2.11,0.1372,2026-06-30,2026-07-08,51.9,0.5634,-0.1911,0.357,0.4616,0.931,0.405,0.4172
603917,合力科技,26.07,True,12.79,12.22,10,9.49,-5.52,0.88,4.67,0.3065,2026-06-30,2026-07-08,65.01,0.3582,0.0415,0.4756,0.4315,0.7775,0.2073,0.4171
002180,奔图科技,225.67,True,16.59,15.0,7,10.57,-13.83,-2.87,10.57,0.2896,2026-06-26,2026-07-07,72.37,0.51,1.2876,0.6674,0.706,0.6139,0.0,0.4151
002064,华峰化学,537.29,True,10.85,10.36,11,7.7,-7.35,0.49,4.76,0.328,2026-07-02,2026-07-07,51.21,-0.0008,0.9102,0.7403,0.4,0.9158,0.0,0.4144
603399,永杉锂业,100.92,True,19.7,20.63,16,20.29,-8.85,7.36,-4.53,0.3254,2026-07-07,2026-07-07,46.64,0.414,0.0826,0.9765,0.4815,0.8141,0.0,0.4133
600535,天士力,209.6,True,14.03,13.94,8,3.52,-5.84,-0.98,0.63,0.198,2026-07-02,2026-07-07,47.64,-0.0502,0.9398,0.3329,0.4,0.8365,0.4452,0.4133
002884,凌霄泵业,43.96,True,16.1,15.75,3,4.07,-5.86,-2.91,2.25,0.1057,2026-07-02,2026-07-07,50.71,0.0207,0.8724,0.253,0.4124,0.9046,0.5784,0.4131
603501,豪威集团,1200.25,True,99.46,91.85,6,11.93,-13.45,-2.64,8.29,0.2365,2026-06-29,2026-07-07,66.07,0.7433,-0.1461,0.5198,0.5876,0.7541,0.1337,0.4124
002831,裕同科技,219.84,True,30.78,32.6,14,27.07,-7.3,6.67,-5.59,0.2498,2026-07-07,2026-07-07,49.93,0.2808,0.4263,0.6796,0.539,0.8874,0.0,0.4121
600216,浙江医药,115.12,True,12.1,11.87,4,8.34,-9.94,-3.79,1.94,0.0285,2026-07-01,2026-07-07,51.63,0.464,1.5713,0.4168,0.6784,0.9251,0.3053,0.4118
002538,ST司特,52.97,True,6.21,5.99,8,8.45,-7.85,-0.8,3.7,0.2239,2026-06-25,2026-07-07,56.4,0.1035,0.2438,0.4486,0.3596,0.9689,0.2524,0.4111
603338,浙江鼎力,272.06,True,53.73,46.82,4,14.75,-9.65,-3.92,14.75,0.2156,2026-07-01,2026-07-07,68.54,0.5366,1.3136,0.5863,0.7219,0.6992,0.0228,0.41
002718,友邦吊顶,93.85,True,99.86,108.17,20,21.0,-7.68,10.4,-7.68,0.3761,2026-07-07,2026-07-07,35.32,0.186,0.6546,0.524,0.5116,0.5626,0.1267,0.4099
002225,濮耐股份,39.75,True,4.19,4.42,19,14.4,-5.1,6.2,-5.1,0.33,2026-07-07,2026-07-07,49.22,0.2094,0.2194,0.8166,0.4134,0.8715,0.0,0.4096
000597,东北制药,62.57,True,4.44,4.4,5,4.1,-7.11,-1.94,0.79,0.1088,2026-07-01,2026-07-07,51.88,0.5024,0.0043,0.3854,0.5031,0.9307,0.3576,0.4091
002233,塔牌集团,89.05,True,7.59,7.44,3,4.5,-7.98,-4.49,2.05,0.0397,2026-07-02,2026-07-07,50.59,0.333,0.4935,0.3474,0.5972,0.902,0.421,0.4087
600155,华创云信,120.2,True,5.43,5.52,9,4.38,-8.7,-1.53,-1.59,0.0897,2026-07-07,2026-07-07,46.59,0.6389,0.2104,0.4278,0.6675,0.8131,0.287,0.4084
600351,亚宝药业,42.42,True,6.13,6.03,7,4.32,-5.95,-1.36,1.67,0.19,2026-07-01,2026-07-07,48.76,0.1361,0.3141,0.3677,0.4073,0.8612,0.3871,0.4081
002843,泰嘉股份,57.14,True,22.84,21.74,5,10.75,-16.1,-4.41,5.07,0.096,2026-06-30,2026-07-07,53.03,0.455,0.6453,0.5609,0.673,0.9562,0.0652,0.4077
002810,山东赫达,78.95,True,24.45,24.29,16,11.39,-13.86,1.19,0.66,0.301,2026-06-12,2026-07-07,46.06,0.6522,-0.3337,0.5509,0.4578,0.8013,0.0819,0.4074
002767,先锋电子,24.09,True,18.5,17.63,4,12.59,-6.48,-1.82,4.92,0.1637,2026-07-02,2026-07-07,53.58,0.3205,5.0646,0.6389,0.5923,0.9684,0.0,0.4072
603298,杭叉集团,338.98,True,25.88,24.76,6,7.31,-9.96,-1.6,4.54,0.1853,2026-06-30,2026-07-07,57.56,0.2347,0.3221,0.4942,0.4697,0.9432,0.1764,0.4066
002346,柘中股份,73.56,True,18.76,18.94,11,21.92,-19.11,-0.2,-0.98,0.1457,2026-07-07,2026-07-07,55.94,0.7385,-0.088,0.7742,0.6079,0.979,0.0,0.4061
002493,荣盛石化,1073.88,True,11.5,11.5,9,6.79,-6.49,-0.06,-0.02,0.1664,2026-07-07,2026-07-07,48.83,0.4449,1.2295,0.68,0.667,0.8629,0.0,0.4059
002370,亚太药业,40.94,True,5.49,5.36,7,8.43,-11.38,-3.73,2.46,0.0797,2026-06-29,2026-07-07,55.67,0.5111,1.7328,0.7295,0.7066,0.9852,0.0,0.4056
603678,火炬电子,329.28,True,69.24,70.96,21,45.88,-2.42,21.94,-2.42,0.5236,2026-07-07,2026-07-07,51.25,-0.2457,-0.3749,1.0955,0.05,0.9166,0.0,0.4053
601968,宝钢包装,53.71,True,4.21,4.14,1,1.62,-8.91,-5.3,1.62,0.0,2026-07-06,2026-07-07,52.05,0.3067,1.192,0.3118,0.584,0.9346,0.4804,0.405
600315,上海家化,119.39,True,17.76,17.6,6,3.21,-7.88,-1.89,0.91,0.1363,2026-07-03,2026-07-07,41.95,0.3077,0.7422,0.3521,0.5846,0.71,0.4132,0.4047
600343,航天动力,159.23,True,24.95,25.53,7,16.31,-18.06,-4.28,-2.28,0.0,2026-07-07,2026-07-07,51.95,0.7877,0.884,0.7004,0.8726,0.9322,0.0,0.4046
605100,华丰股份,85.46,True,35.92,38.42,13,13.89,-10.94,2.54,-6.52,0.1074,2026-07-08,2026-07-08,46.5,0.6515,0.5659,0.6398,0.7909,0.8112,0.0,0.4029
002287,奇正藏药,114.47,True,20.05,19.69,4,5.2,-6.69,-2.59,1.83,0.1041,2026-07-01,2026-07-07,50.66,0.1119,0.7077,0.3486,0.4671,0.9036,0.4191,0.402
600346,恒力石化,1196.65,True,17.0,17.76,14,7.53,-11.4,-0.2,-4.28,0.1107,2026-07-07,2026-07-07,45.25,0.6716,0.7566,0.7097,0.8029,0.7834,0.0,0.4017
603002,宏昌电子,235.77,True,20.79,22.04,19,40.53,-7.73,14.44,-5.68,0.4103,2026-07-07,2026-07-07,49.05,0.3557,-0.3975,1.0392,0.2544,0.8677,0.0,0.4013
000700,模塑科技,148.26,True,16.15,15.39,11,16.57,-9.84,1.27,4.92,0.3297,2026-07-01,2026-07-07,50.25,0.6024,-0.5768,0.7471,0.3614,0.8945,0.0,0.4011
600688,上海石化,212.54,True,2.9,2.99,12,18.24,-4.81,1.12,-3.09,0.1416,2026-07-07,2026-07-07,46.15,0.8754,-0.4723,0.4016,0.5363,0.8034,0.3306,0.401
603297,永新光学,135.93,True,122.76,126.82,8,17.56,-15.09,-1.24,-3.2,0.0163,2026-07-07,2026-07-07,49.75,0.7881,0.494,0.6496,0.8705,0.8833,0.0,0.4008
601100,恒立液压,1554.41,True,115.93,114.53,13,7.92,-7.6,0.31,1.22,0.2536,2026-07-02,2026-07-07,49.28,0.2674,0.2205,0.5535,0.4486,0.8728,0.0775,0.3998
002812,恩捷股份,557.1,True,67.72,66.5,9,7.01,-15.55,-2.73,1.83,0.1207,2026-07-06,2026-07-07,46.31,0.6006,0.6922,0.6391,0.7604,0.8068,0.0,0.3997
001282,三联锻造,27.54,True,18.03,19.57,11,20.5,-11.9,1.94,-7.86,0.0269,2026-07-07,2026-07-07,44.89,0.8917,0.8361,0.713,0.935,0.7754,0.0,0.3996
603213,镇洋发展,61.66,True,13.86,14.19,8,5.96,-4.96,-0.15,-2.29,0.1214,2026-07-07,2026-07-07,38.97,0.8827,-0.5131,0.2433,0.5296,0.6437,0.5946,0.3989
600062,华润双鹤,172.66,True,16.63,16.65,8,2.85,-6.51,-0.9,-0.13,0.1865,2026-07-07,2026-07-07,48.68,-0.0571,1.4694,0.392,0.4,0.8596,0.3466,0.3985
002297,博云新材,146.14,True,25.5,27.13,15,42.37,-15.67,9.8,-6.0,0.3335,2026-07-07,2026-07-07,54.33,0.1146,0.0013,0.801,0.2693,0.9851,0.0,0.3978
002202,金风科技,746.36,True,22.19,22.5,7,10.16,-11.82,-2.27,-1.38,0.0201,2026-07-07,2026-07-07,51.53,0.6954,0.9617,0.6953,0.8173,0.923,0.0,0.3969
002785,万里石,78.97,True,40.81,41.79,10,10.2,-20.9,-4.0,-2.35,0.0004,2026-07-07,2026-07-07,54.32,0.424,0.5032,0.4555,0.6544,0.9848,0.2408,0.3968
600690,海尔智家,1270.62,True,20.32,20.3,11,2.59,-5.27,-0.88,0.1,0.2349,2026-06-26,2026-07-07,45.52,0.242,-0.1007,0.325,0.3049,0.7892,0.4583,0.3968
002080,中材科技,1246.85,True,74.3,79.14,14,35.18,-12.15,9.22,-6.12,0.3002,2026-07-07,2026-07-07,49.56,0.3508,-0.0239,1.1191,0.4009,0.8791,0.0,0.3961
600309,万华化学,2224.2,True,71.05,70.75,7,3.53,-9.63,-2.78,0.42,0.084,2026-07-03,2026-07-07,52.38,0.3371,0.8658,0.5083,0.6023,0.9419,0.1528,0.3955
002338,奥普光电,129.55,True,53.98,54.02,6,7.96,-16.02,-2.95,-0.07,0.0199,2026-07-07,2026-07-07,45.06,0.7626,0.2459,0.4296,0.7559,0.7792,0.284,0.3954
600660,福耀玻璃,1063.19,True,53.08,51.05,3,5.34,-7.5,-2.45,3.98,0.1425,2026-07-03,2026-07-07,58.64,-0.0334,0.8041,0.3823,0.4,0.9192,0.3629,0.3953
002841,视源股份,224.6,True,43.08,35.17,6,22.49,-10.49,-1.79,22.49,0.3006,2026-06-29,2026-07-07,77.49,0.5199,0.4424,0.5896,0.6889,0.5003,0.0174,0.3951
603101,汇嘉时代,32.79,True,6.97,6.68,4,4.26,-10.28,-5.75,4.26,0.0495,2026-07-01,2026-07-07,51.96,0.1828,2.0786,0.3558,0.5097,0.9325,0.407,0.3948
000651,格力电器,2120.45,True,38.4,37.72,4,3.45,-4.33,-1.5,1.82,0.1616,2026-07-01,2026-07-07,61.12,-0.0181,0.0276,0.1834,0.211,0.864,0.6943,0.3943
002175,*ST东智,34.47,True,2.7,2.39,6,19.98,-16.6,-4.79,12.88,0.2256,2026-07-01,2026-07-07,58.99,0.1406,2.6429,0.7301,0.4844,0.9113,0.0,0.3936
600529,山东药玻,119.78,True,18.05,18.46,8,6.69,-4.33,-0.54,-2.22,0.1363,2026-07-07,2026-07-07,37.16,0.8142,-0.3268,0.2852,0.5578,0.6036,0.5247,0.3934
603508,思维列控,83.38,True,21.87,21.71,3,3.0,-7.5,-3.14,0.75,0.0487,2026-07-02,2026-07-07,51.44,0.0984,0.3295,0.2335,0.3908,0.9209,0.6109,0.393
002014,永新股份,66.18,True,10.98,10.73,12,8.22,-6.2,0.37,2.33,0.3002,2026-06-26,2026-07-07,53.26,0.3484,-0.3739,0.5419,0.2595,0.9612,0.0968,0.3917
603222,济民健康,45.47,True,8.66,8.06,6,7.76,-14.81,-5.28,7.44,0.1496,2026-06-29,2026-07-07,54.08,0.2399,1.5389,0.6988,0.5439,0.9796,0.0,0.3917
002392,北京利尔,90.98,True,7.86,8.13,9,11.93,-15.89,-1.83,-3.33,0.0142,2026-07-07,2026-07-07,48.23,0.774,1.3178,0.8387,0.8644,0.8496,0.0,0.3917
603937,丽岛新材,28.64,True,13.71,13.9,6,9.56,-10.25,-2.42,-1.37,0.0007,2026-07-08,2026-07-08,50.89,0.6844,0.3255,0.5026,0.7408,0.9086,0.1623,0.3916
605009,XD豪悦护,51.61,True,24.0,22.65,6,9.22,-10.11,-2.94,5.96,0.1709,2026-06-30,2026-07-08,64.04,0.1284,0.7169,0.426,0.4771,0.7991,0.29,0.391
000661,长春高新,263.99,True,66.06,66.22,6,6.22,-14.54,-5.1,-0.24,0.0,2026-07-07,2026-07-07,52.84,0.5018,0.4287,0.4747,0.6725,0.952,0.2088,0.3899
002364,中恒电气,289.1,True,51.8,52.41,12,6.22,-11.86,-0.3,-1.17,0.1775,2026-07-07,2026-07-07,49.27,0.4394,0.2813,0.7777,0.5762,0.8726,0.0,0.3896
000422,湖北宜化,142.6,True,13.48,13.76,11,11.16,-11.11,0.01,-2.02,0.1246,2026-07-07,2026-07-07,48.26,0.7566,0.0609,0.6864,0.6783,0.8503,0.0,0.3895
002896,中大力德,156.1,True,79.43,79.73,6,17.12,-12.93,-0.94,-0.38,0.0625,2026-07-07,2026-07-07,48.54,0.875,0.1136,0.7157,0.7705,0.8564,0.0,0.3889
002134,天津普林,72.35,True,29.22,29.05,13,6.96,-11.38,-0.07,0.58,0.2362,2026-07-06,2026-07-07,51.13,0.056,0.4707,0.5795,0.4218,0.914,0.0342,0.3879
002641,公元股份,45.47,True,4.01,4.07,9,4.94,-9.42,-1.95,-1.35,0.0949,2026-07-07,2026-07-07,40.59,0.7583,-0.0665,0.3749,0.6284,0.6799,0.3751,0.3873
002484,江海股份,726.36,True,88.53,97.92,20,38.92,-9.59,15.82,-9.59,0.3284,2026-07-07,2026-07-07,44.99,-0.4305,0.5837,1.0302,0.4,0.7775,0.0,0.3869
000999,华润三九,392.4,True,23.6,23.74,9,2.78,-7.66,-1.12,-0.58,0.1681,2026-07-07,2026-07-07,45.43,-0.1696,0.7861,0.352,0.4,0.7873,0.4134,0.3867
603496,恒为科技,71.44,True,22.31,23.52,7,15.14,-19.42,-3.47,-5.15,0.0,2026-07-07,2026-07-07,47.01,0.8065,1.1029,0.7186,0.8839,0.8224,0.0,0.3855
000538,云南白药,862.53,True,48.65,48.8,6,1.68,-4.26,-1.11,-0.31,0.1584,2026-07-07,2026-07-07,45.31,0.1283,-0.0032,0.2172,0.2757,0.7846,0.6381,0.3849
002106,莱宝高科,88.18,True,12.51,14.39,20,27.69,-13.06,10.42,-13.06,0.2416,2026-07-07,2026-07-07,46.61,0.5357,-0.0512,1.0862,0.5009,0.8135,0.0,0.3846
000576,甘化科工,31.71,True,7.31,7.11,4,14.96,-11.41,-3.93,2.88,0.0373,2026-07-01,2026-07-07,50.15,0.6039,3.6108,0.6311,0.7624,0.8922,0.0,0.3839
603666,亿嘉和,55.82,True,27.16,27.75,6,9.8,-11.12,-2.94,-2.12,0.0,2026-07-07,2026-07-07,48.55,0.7479,1.5653,0.6639,0.8487,0.8566,0.0,0.3835
001279,强邦新材,10.84,True,27.1,27.02,8,4.84,-14.71,-4.35,0.3,0.026,2026-06-30,2026-07-07,53.28,0.733,0.1724,0.5866,0.7088,0.9618,0.0224,0.3833
600750,华润江中,148.09,True,23.55,23.37,9,7.99,-7.34,-0.55,0.75,0.1668,2026-07-03,2026-07-07,51.75,0.1517,-0.1169,0.322,0.2443,0.9277,0.4633,0.3828
002655,共达电声,143.84,True,39.53,41.75,13,28.48,-8.64,6.74,-5.33,0.242,2026-07-07,2026-07-07,53.96,0.4281,-0.2387,0.8946,0.3614,0.9769,0.0,0.3825
003037,三和管桩,37.56,True,6.27,5.95,2,5.34,-13.65,-8.05,5.34,0.0,2026-07-03,2026-07-07,52.05,0.3668,0.7436,0.4386,0.6201,0.9344,0.2689,0.3822
603700,宁水集团,21.56,True,10.78,11.02,10,5.88,-8.5,-0.63,-2.16,0.0945,2026-07-08,2026-07-08,55.73,0.5263,-0.6612,0.3263,0.3158,0.9839,0.4561,0.382
002602,世纪华通,985.54,True,14.5,13.79,5,5.18,-10.26,-3.09,5.18,0.1579,2026-07-03,2026-07-07,64.64,0.1408,1.506,0.4383,0.4845,0.7858,0.2694,0.3818
002236,大华股份,392.86,True,16.43,16.33,7,2.78,-7.21,-2.08,0.61,0.1404,2026-06-29,2026-07-07,50.27,0.106,0.0879,0.3127,0.2988,0.8949,0.4788,0.3817
601038,一拖股份,92.41,True,12.63,11.33,4,11.49,-12.52,-4.88,11.49,0.1916,2026-07-01,2026-07-07,63.28,0.0293,1.8709,0.4506,0.4176,0.816,0.249,0.3816
603499,翔港科技,56.17,True,13.26,13.74,12,11.93,-16.5,-0.29,-3.47,0.0969,2026-07-07,2026-07-07,39.3,0.7509,0.6478,0.6938,0.8506,0.6511,0.0,0.3816
002997,瑞鹄模具,62.69,True,29.95,29.1,8,6.05,-15.34,-3.16,2.92,0.1212,2026-07-02,2026-07-07,47.73,0.3805,0.9788,0.5673,0.6283,0.8385,0.0545,0.3814
600557,康缘药业,67.88,True,11.99,11.92,6,6.76,-9.45,-2.11,0.55,0.08,2026-06-30,2026-07-07,49.12,0.3743,1.1176,0.5223,0.6246,0.8693,0.1295,0.3814
605186,健麾信息,43.55,True,32.02,32.89,16,25.21,-4.64,8.94,-2.65,0.4118,2026-07-08,2026-07-08,46.35,0.3243,-0.4391,0.6334,0.2189,0.8078,0.0,0.381
603538,美诺华,105.17,True,43.7,37.45,4,16.68,-18.31,-8.94,16.68,0.0901,2026-07-01,2026-07-07,62.31,0.5112,3.0501,0.7974,0.7067,0.8377,0.0,0.3803
002249,大洋电机,154.35,True,8.29,7.97,3,8.72,-12.21,-5.28,4.02,0.0162,2026-07-02,2026-07-07,50.0,0.4903,2.2812,0.5127,0.6942,0.8889,0.1456,0.3796
603009,北特科技,171.13,True,50.57,45.96,7,16.5,-16.1,-3.64,10.02,0.2702,2026-06-26,2026-07-07,65.91,0.4087,0.0844,0.6199,0.479,0.7577,0.0,0.3794
600479,千金药业,39.72,True,9.49,9.39,5,3.36,-5.29,-1.96,1.08,0.1338,2026-06-30,2026-07-07,55.7,-0.2081,-0.1734,0.2155,0.1306,0.9843,0.6408,0.3792
002521,齐峰新材,30.22,True,7.21,7.02,6,5.41,-9.45,-3.32,2.68,0.0826,2026-06-29,2026-07-07,55.29,0.203,0.3349,0.4669,0.4557,0.9936,0.2218,0.379
600458,时代新材,135.23,True,15.57,16.22,20,26.62,-4.03,11.26,-4.03,0.4673,2026-07-07,2026-07-07,38.65,0.3622,-0.4022,0.8047,0.2565,0.6367,0.0,0.3784
000951,中国重汽,260.8,True,22.31,21.13,15,7.28,-11.37,-0.29,5.57,0.3706,2026-07-01,2026-07-07,54.56,0.0523,-0.3027,0.5843,0.1103,0.9901,0.0261,0.3778
603255,鼎际得,19.81,True,32.65,33.0,16,10.14,-10.61,2.37,-1.07,0.2871,2026-07-07,2026-07-07,47.31,0.4191,-0.2943,0.5471,0.3338,0.8291,0.0881,0.3773
002396,星网锐捷,200.34,True,26.45,20.0,5,32.28,-20.57,-3.92,32.28,0.2315,2026-06-30,2026-07-07,79.72,0.6282,4.1016,0.8296,0.7769,0.4507,0.0,0.377
000919,金陵药业,37.18,True,5.98,6.04,5,3.08,-6.16,-2.01,-1.02,0.0724,2026-07-07,2026-07-07,46.2,0.147,0.584,0.3399,0.4882,0.8044,0.4335,0.3769
002837,英维克,805.9,True,71.29,74.75,11,20.96,-14.77,1.55,-4.62,0.0982,2026-07-07,2026-07-07,47.69,0.7561,0.0627,0.7387,0.6787,0.8374,0.0,0.3765
600420,国药现代,116.01,True,8.65,8.44,4,6.32,-9.57,-2.6,2.45,0.0867,2026-07-01,2026-07-07,52.75,0.1287,1.8803,0.4699,0.4772,0.95,0.2168,0.3765
002876,三利谱,45.13,True,30.3,32.45,18,13.35,-6.62,4.31,-6.62,0.2286,2026-07-07,2026-07-07,44.0,0.8542,-0.5467,0.5789,0.5125,0.7555,0.0351,0.3759
000777,中核科技,66.33,True,17.3,18.15,11,22.76,-10.43,0.52,-4.68,0.0709,2026-07-07,2026-07-07,39.34,0.7757,0.6284,0.9368,0.8654,0.6519,0.0,0.3751
002950,奥美医疗,38.37,True,8.93,9.27,8,9.67,-14.5,-3.47,-3.7,0.0,2026-07-07,2026-07-07,48.81,0.8371,0.2689,0.6106,0.8098,0.8625,0.0,0.375
600580,卧龙电驱,561.99,True,36.08,34.98,3,7.92,-14.3,-6.6,3.14,0.0,2026-07-02,2026-07-07,52.59,0.5687,0.7066,0.611,0.7412,0.9465,0.0,0.3746
605369,拱东医疗,38.52,True,17.47,17.21,12,12.52,-13.06,-1.43,1.5,0.1927,2026-06-22,2026-07-08,59.98,0.6308,-0.2567,0.6994,0.4758,0.8893,0.0,0.3739
600449,宁夏建材,63.6,True,13.3,12.54,3,11.76,-13.13,-5.58,6.02,0.0588,2026-07-02,2026-07-07,52.2,0.4181,1.3257,0.6296,0.6508,0.9379,0.0,0.3738
603987,康德莱,31.36,True,7.18,7.17,6,3.18,-5.8,-1.7,0.17,0.1358,2026-07-01,2026-07-08,50.87,0.2145,-0.1619,0.3131,0.2639,0.9082,0.4781,0.3736
600732,爱旭股份,265.47,True,12.61,12.86,17,11.88,-15.46,2.35,-1.91,0.2813,2026-07-07,2026-07-07,45.76,0.3251,-0.0737,0.5574,0.3656,0.7947,0.071,0.3735
603005,晶方科技,280.56,True,43.02,46.72,18,19.33,-9.05,7.48,-7.92,0.2753,2026-07-07,2026-07-07,47.88,0.6236,-0.4895,0.8339,0.3783,0.8419,0.0,0.3731
001368,通达创智,23.6,True,21.81,21.97,0,-0.13,-10.87,-7.82,-0.73,0.0,2026-07-07,2026-07-07,41.43,0.3909,0.5429,0.3023,0.6345,0.6984,0.4962,0.3727
002299,圣农发展,197.66,True,16.22,15.96,4,4.85,-7.56,-3.03,1.64,0.0755,2026-07-01,2026-07-07,51.72,0.2629,-0.023,0.3235,0.3485,0.927,0.4608,0.3719
603082,北自科技,15.41,True,38.0,39.41,12,26.24,-17.36,3.02,-3.57,0.1771,2026-07-07,2026-07-07,57.51,0.7482,-0.5049,0.7225,0.4489,0.9443,0.0,0.3719
603977,国泰集团,80.89,True,13.02,14.14,9,16.8,-12.7,0.05,-7.95,0.0,2026-07-08,2026-07-08,49.15,0.6523,0.523,0.6631,0.7914,0.8699,0.0,0.3718
603408,建霖家居,44.71,True,9.99,10.03,4,2.43,-6.21,-1.88,-0.41,0.0881,2026-07-07,2026-07-07,47.66,0.3626,-0.1981,0.2639,0.3383,0.837,0.5602,0.3712
001400,江顺科技,49.38,True,106.8,112.28,10,10.63,-8.49,-0.31,-4.88,0.0292,2026-07-07,2026-07-07,45.96,0.6624,2.0308,0.8744,0.7974,0.7992,0.0,0.3709
002333,罗普斯金,33.13,True,4.97,4.84,3,2.74,-5.81,-2.69,2.66,0.1173,2026-07-02,2026-07-07,47.47,0.1662,0.0076,0.2737,0.3027,0.8328,0.5439,0.3707
600933,爱柯迪,143.62,True,14.64,14.78,4,4.17,-11.66,-3.5,-0.93,0.0,2026-07-07,2026-07-07,48.47,0.6318,0.0385,0.401,0.5945,0.8549,0.3317,0.3694
603276,恒兴新材,12.13,True,16.04,16.25,7,4.53,-7.35,-1.87,-1.29,0.0712,2026-07-07,2026-07-07,38.73,0.8049,0.2011,0.5136,0.7634,0.6385,0.144,0.3686
002349,精华制药,52.35,True,6.43,6.42,4,3.6,-7.58,-3.41,0.23,0.0441,2026-07-01,2026-07-07,50.51,0.1129,0.4952,0.3863,0.4658,0.9002,0.3561,0.3676
002511,中顺洁柔,88.69,True,7.01,6.85,4,2.32,-8.68,-3.25,2.32,0.096,2026-07-01,2026-07-07,51.26,0.1249,-0.1118,0.2503,0.2303,0.9169,0.5828,0.3668
600618,氯碱化工,76.18,True,10.16,10.53,10,4.19,-11.34,-1.42,-3.55,0.0511,2026-07-07,2026-07-07,40.67,0.6258,0.501,0.5365,0.7755,0.6816,0.1058,0.3665
002342,巨力索具,96.42,True,10.1,10.28,5,10.92,-23.86,-8.45,-1.75,0.0,2026-07-07,2026-07-07,47.13,0.6742,1.3018,0.7339,0.8045,0.8252,0.0,0.3662
002611,东方精工,177.5,True,17.68,17.85,10,3.71,-6.65,-0.92,-0.94,0.1825,2026-07-07,2026-07-07,42.35,0.709,-0.312,0.5039,0.5006,0.719,0.1602,0.366
002791,坚朗五金,31.33,True,14.39,13.94,1,3.23,-10.37,-6.51,3.23,0.0,2026-07-06,2026-07-07,54.55,-0.0171,0.6738,0.3287,0.4,0.9899,0.4522,0.3658
600745,*ST闻泰,228.28,True,17.92,17.52,5,9.9,-17.04,-5.1,2.3,0.0097,2026-07-06,2026-07-07,45.67,0.6859,6.8777,0.6537,0.8115,0.7927,0.0,0.3653
600329,达仁堂,224.17,True,39.53,38.12,5,5.3,-7.45,-2.25,3.69,0.1537,2026-06-30,2026-07-07,56.55,0.0724,-0.0432,0.3862,0.2262,0.9655,0.3563,0.3646
600731,湖南海利,28.98,True,5.35,5.4,2,0.85,-8.27,-3.6,-0.92,0.0,2026-07-07,2026-07-07,43.33,0.4852,0.207,0.309,0.5739,0.7407,0.485,0.3644
600228,返利科技,27.38,True,6.58,7.66,11,52.75,-14.06,9.8,-14.06,0.0685,2026-07-07,2026-07-07,50.64,0.3745,5.4512,1.0919,0.6247,0.9032,0.0,0.3642
603337,杰克科技,186.08,True,39.28,39.41,8,7.17,-8.38,-1.51,-0.33,0.108,2026-07-07,2026-07-07,46.87,0.5381,0.2645,0.6007,0.6286,0.8193,0.0,0.3642
002237,恒邦股份,152.14,True,12.76,13.7,13,14.47,-11.69,-0.32,-6.83,0.0281,2026-07-07,2026-07-07,44.57,0.66,0.6438,0.7644,0.796,0.7681,0.0,0.3639
603309,维力医疗,34.24,True,11.73,11.58,5,5.01,-10.61,-3.33,1.26,0.0436,2026-06-30,2026-07-07,49.36,0.3696,-0.0054,0.3337,0.4196,0.8747,0.4439,0.3639
603663,三祥新材,341.83,True,80.68,86.85,20,39.96,-7.11,21.02,-7.11,0.3905,2026-07-07,2026-07-07,47.89,0.2608,-0.6422,0.8956,0.1565,0.8419,0.0,0.3637
002723,小崧股份,26.63,True,8.4,8.73,12,9.93,-8.1,-0.53,-3.77,0.0834,2026-07-07,2026-07-07,52.19,0.5076,-0.0214,0.5254,0.496,0.9374,0.1244,0.3635
603515,欧普照明,128.12,True,17.4,17.16,2,1.4,-6.02,-3.29,1.4,0.0759,2026-07-03,2026-07-07,43.37,-0.2062,1.5489,0.2612,0.4,0.7416,0.5646,0.3634
002871,伟隆股份,30.44,True,20.39,21.06,13,10.41,-5.35,0.84,-3.2,0.1787,2026-07-07,2026-07-07,49.67,0.4473,-0.0153,0.7538,0.4623,0.8816,0.0,0.3634
603075,热威股份,9.37,True,22.72,22.48,3,1.06,-9.91,-5.65,1.06,0.0,2026-07-02,2026-07-07,43.75,0.7485,-0.8045,0.1963,0.4491,0.75,0.6729,0.3632
001389,广合科技,280.9,True,184.37,197.56,13,23.26,-6.68,3.88,-6.68,0.1368,2026-07-07,2026-07-07,46.57,0.8426,-0.3062,0.9509,0.5831,0.8126,0.0,0.363
603616,韩建河山,23.4,True,6.09,6.26,9,14.42,-10.32,-0.85,-2.68,0.0549,2026-07-07,2026-07-07,50.71,0.3956,1.4031,0.8108,0.6373,0.9048,0.0,0.3622
002290,禾盛新材,207.72,True,84.03,85.25,9,8.13,-15.61,-3.04,-1.43,0.0315,2026-07-07,2026-07-07,52.2,0.6376,0.1604,0.6301,0.6467,0.9378,0.0,0.3618
002738,中矿资源,434.2,True,61.05,60.33,10,10.22,-18.63,-2.43,1.19,0.128,2026-06-29,2026-07-07,48.89,0.3753,0.3106,0.7563,0.5494,0.8642,0.0,0.3614
000049,德赛电池,94.63,True,24.61,23.83,5,6.06,-11.83,-3.21,3.28,0.0813,2026-07-01,2026-07-07,51.04,0.4409,-0.1521,0.4179,0.4037,0.9119,0.3035,0.3613
002007,华兰生物,199.53,True,12.68,12.74,4,2.79,-5.93,-1.77,-0.5,0.0952,2026-07-07,2026-07-07,47.21,-0.1956,0.6428,0.3692,0.4,0.827,0.3846,0.3612
000528,柳    工,166.01,True,8.16,8.08,3,2.11,-8.86,-3.99,1.03,0.0284,2026-07-02,2026-07-07,47.37,0.1588,0.686,0.3605,0.4953,0.8304,0.3991,0.3611
001333,光华股份,25.77,True,20.13,19.7,3,2.18,-12.15,-7.79,2.18,0.0,2026-07-02,2026-07-07,50.78,0.3193,0.1964,0.3535,0.4702,0.9063,0.4108,0.3604
603225,新凤鸣,318.36,True,19.08,20.47,18,16.88,-6.78,7.07,-6.78,0.2935,2026-07-07,2026-07-07,40.79,0.132,0.3585,0.8509,0.4226,0.6843,0.0,0.3599
600215,派斯林,29.1,True,6.37,6.21,3,10.46,-9.97,-3.29,2.54,0.0487,2026-07-02,2026-07-07,47.75,0.4827,2.217,0.6068,0.6896,0.8389,0.0,0.3597
603679,华体科技,33.46,True,18.83,19.85,18,19.39,-6.55,6.69,-5.12,0.3257,2026-07-08,2026-07-08,46.48,-0.0757,0.1711,0.6224,0.2684,0.8106,0.0,0.3595
600721,百花医药,26.15,True,6.8,7.13,5,5.55,-10.95,-3.46,-4.59,0.0,2026-07-07,2026-07-07,38.03,0.7927,0.3867,0.4912,0.8303,0.623,0.1813,0.3594
600817,宇通重工,48.21,True,9.11,9.13,2,1.79,-6.25,-3.44,-0.22,0.0247,2026-07-07,2026-07-07,49.17,0.3598,-0.0796,0.2823,0.384,0.8705,0.5295,0.3594
002976,瑞玛精密,31.2,True,25.63,24.65,10,12.88,-17.88,-2.13,3.98,0.2056,2026-06-23,2026-07-07,64.94,0.2819,0.2875,1.032,0.4841,0.7791,0.0,0.3591
002752,昇兴股份,62.04,True,6.36,6.03,2,5.39,-11.61,-5.81,5.39,0.0447,2026-07-03,2026-07-07,52.31,0.028,1.8151,0.4039,0.4168,0.9402,0.3268,0.3591
605366,宏柏新材,80.76,True,10.45,11.56,8,30.74,-12.74,1.84,-9.6,0.0,2026-07-08,2026-07-08,48.36,0.8194,0.1549,0.983,0.7536,0.8525,0.0,0.3589
603038,华立股份,41.91,True,15.6,15.45,7,2.71,-7.23,-1.85,0.96,0.158,2026-06-29,2026-07-07,48.68,0.244,-0.0749,0.4225,0.3165,0.8595,0.2958,0.3586
603139,康惠股份,39.22,True,39.27,40.78,15,17.02,-6.12,3.6,-3.71,0.2358,2026-07-07,2026-07-07,48.02,0.2204,0.1221,0.7676,0.3811,0.845,0.0,0.3586
001218,丽臣实业,28.41,True,24.06,23.98,7,8.71,-10.41,-1.8,0.33,0.0995,2026-07-02,2026-07-07,49.23,0.295,1.5027,0.6487,0.577,0.8718,0.0,0.3584
002031,巨轮智能,115.58,True,6.04,5.82,2,5.23,-16.91,-7.15,3.82,0.0,2026-07-06,2026-07-07,52.25,0.7513,0.0767,0.834,0.6815,0.9388,0.0,0.3581
601985,中国核电,1661.73,True,8.8,9.02,9,2.89,-3.11,-0.35,-2.49,0.1666,2026-07-07,2026-07-07,33.07,0.3749,-0.2182,0.183,0.3377,0.5127,0.695,0.3578
002139,拓邦股份,104.54,True,9.76,9.71,3,5.56,-10.38,-4.21,0.54,0.0,2026-07-02,2026-07-07,47.21,0.5107,0.2637,0.4427,0.6119,0.827,0.2622,0.3577
002023,海特高新,90.31,True,12.19,12.52,14,17.2,-9.72,3.3,-2.67,0.2386,2026-07-07,2026-07-07,48.27,0.5829,-0.5701,0.5815,0.3498,0.8504,0.0308,0.3576
605128,上海沿浦,74.89,True,23.85,24.47,13,10.01,-7.19,2.55,-2.52,0.2076,2026-07-08,2026-07-08,41.52,0.3144,-0.011,0.4497,0.3842,0.7005,0.2505,0.3568
600997,开滦股份,82.25,True,5.18,5.09,5,6.4,-10.77,-3.92,1.84,0.031,2026-07-02,2026-07-07,51.52,0.7386,-0.6917,0.4036,0.4431,0.9226,0.3273,0.3568
002019,亿帆医药,82.9,True,9.84,9.85,3,3.71,-5.93,-1.98,-0.1,0.077,2026-07-07,2026-07-07,48.52,-0.0569,0.988,0.3815,0.4,0.8561,0.3641,0.3567
001238,浙江正特,40.38,True,27.82,28.82,4,0.73,-9.14,-3.35,-3.48,0.0,2026-07-07,2026-07-07,37.13,0.6292,0.2149,0.32,0.6635,0.6029,0.4667,0.3564
002168,ST惠程,28.54,True,3.64,3.68,5,4.54,-7.6,-1.73,-1.13,0.0648,2026-07-07,2026-07-07,38.64,0.8056,-0.2426,0.3755,0.5863,0.6364,0.3741,0.3559
002737,葵花药业,72.53,True,12.42,12.16,3,4.68,-8.6,-2.84,2.1,0.0865,2026-07-02,2026-07-07,50.11,0.0023,0.6859,0.4322,0.4014,0.8914,0.2796,0.3552
002436,兴森科技,641.02,True,42.23,45.91,19,31.29,-8.01,10.66,-8.01,0.3521,2026-07-07,2026-07-07,47.41,0.2527,-0.3994,0.9049,0.1919,0.8314,0.0,0.3551
603998,方盛制药,41.45,True,9.44,9.42,3,3.0,-7.65,-2.62,0.18,0.0594,2026-07-07,2026-07-08,51.87,-0.009,1.5257,0.4206,0.4,0.9306,0.299,0.3547
601163,三角轮胎,106.8,True,13.35,13.1,3,4.2,-8.29,-4.0,1.94,0.054,2026-07-02,2026-07-07,50.41,0.3997,-0.3462,0.2872,0.3014,0.8979,0.5213,0.3547
603111,康尼机电,50.41,True,5.91,5.86,4,3.42,-5.44,-1.79,0.85,0.1234,2026-07-02,2026-07-07,49.57,0.1498,-0.2389,0.2811,0.1943,0.8794,0.5315,0.3535
001324,长青科技,26.69,True,19.34,18.64,10,8.95,-10.63,-0.9,3.74,0.23,2026-06-29,2026-07-07,59.47,0.0998,-0.106,0.4955,0.2175,0.9007,0.1742,0.3526
603707,健友股份,118.91,True,7.36,7.32,5,3.57,-9.33,-4.31,0.51,0.0168,2026-07-01,2026-07-08,54.95,-0.0344,0.5657,0.4157,0.4,0.9989,0.3072,0.3526
600165,ST宁科,19.94,True,2.72,2.74,3,5.49,-9.55,-4.3,-0.55,0.0,2026-07-07,2026-07-07,44.44,0.456,0.6719,0.4764,0.6736,0.7654,0.206,0.3524
603948,建业股份,38.67,True,23.8,25.03,9,8.68,-8.61,-0.07,-4.93,0.0209,2026-07-08,2026-07-08,49.12,0.4652,0.6895,0.7279,0.6791,0.8693,0.0,0.352
605507,国邦医药,118.53,True,15.15,15.46,8,3.5,-5.44,-0.72,-2.01,0.1323,2026-07-08,2026-07-08,48.14,0.3983,-0.2097,0.4384,0.3551,0.8475,0.2693,0.3516
002387,维信诺,114.39,True,8.2,8.49,12,10.15,-6.44,0.74,-3.43,0.1473,2026-07-07,2026-07-07,45.29,0.5151,0.0824,0.6148,0.542,0.7843,0.0,0.3513
002859,洁美科技,360.04,True,84.06,93.4,20,34.0,-10.0,14.93,-10.0,0.3183,2026-07-07,2026-07-07,46.94,0.3871,-0.4868,1.1376,0.2375,0.8209,0.0,0.3509
603378,*ST亚士,23.19,True,5.41,5.21,7,8.24,-12.03,-3.0,3.8,0.1313,2026-07-02,2026-07-07,49.0,0.6453,-0.2186,0.6025,0.4997,0.8668,0.0,0.3508
603676,卫信康,38.21,True,8.78,8.54,5,5.66,-7.42,-2.93,2.8,0.1129,2026-07-01,2026-07-08,56.73,0.0966,-0.0597,0.3808,0.2341,0.9616,0.3653,0.3508
002189,中光学,52.34,True,20.04,20.76,7,9.26,-11.05,-1.72,-3.45,0.0,2026-07-07,2026-07-07,43.73,0.4729,0.5113,0.4812,0.6837,0.7495,0.198,0.3505
000973,佛塑科技,103.32,True,14.58,14.72,8,9.07,-13.8,-2.16,-0.98,0.0486,2026-07-07,2026-07-07,39.39,0.6684,1.7182,0.7177,0.801,0.6532,0.0,0.3504
002424,ST百灵,51.14,True,4.44,4.46,5,3.47,-6.64,-2.18,-0.37,0.0723,2026-07-07,2026-07-07,51.41,0.2591,0.0479,0.4271,0.3746,0.9202,0.2882,0.3498
600619,海立股份,109.06,True,13.82,14.79,5,7.25,-16.04,-4.39,-6.57,0.0,2026-07-07,2026-07-07,36.59,0.7255,0.3731,0.4588,0.7845,0.5909,0.2353,0.3496
600835,上海机电,168.56,True,20.9,20.78,6,4.94,-14.22,-4.28,0.58,0.0029,2026-07-02,2026-07-07,53.72,0.7493,-0.1844,0.5603,0.5759,0.9716,0.0662,0.3494
603990,麦迪科技,63.95,True,20.95,21.55,14,13.32,-4.58,3.43,-2.77,0.2392,2026-07-08,2026-07-08,38.05,0.5199,-0.0135,0.5911,0.5065,0.6234,0.0149,0.3492
002384,东山精密,3283.78,True,236.87,243.82,15,21.18,-8.67,5.44,-2.85,0.3033,2026-07-07,2026-07-07,46.5,0.0296,0.1115,0.8858,0.2624,0.8111,0.0,0.3491
002171,楚江新材,205.91,True,12.76,14.02,16,25.65,-9.35,7.2,-8.98,0.2101,2026-07-07,2026-07-07,41.56,0.8319,-0.5428,0.8037,0.4992,0.7013,0.0,0.3491
002579,中京电子,102.62,True,17.59,18.88,16,22.57,-6.92,7.13,-6.84,0.2619,2026-07-07,2026-07-07,52.34,0.3715,-0.768,1.0332,0.2229,0.9409,0.0,0.3487
002148,北纬科技,28.36,True,6.29,6.24,3,12.06,-12.35,-5.05,0.85,0.0,2026-07-02,2026-07-07,48.84,0.5069,4.1903,0.686,0.7041,0.863,0.0,0.3486
000751,锌业股份,71.34,True,5.06,5.48,13,18.14,-16.71,2.17,-7.73,0.0679,2026-07-07,2026-07-07,47.22,0.7872,-0.1378,0.8474,0.6172,0.8272,0.0,0.3469
002915,中欣氟材,55.48,True,19.26,20.73,12,13.64,-8.51,0.23,-7.1,0.0193,2026-07-07,2026-07-07,41.19,0.8627,0.2074,0.8164,0.8006,0.6931,0.0,0.3465
600499,科达制造,305.51,True,15.93,14.89,4,10.66,-11.47,-3.24,7.0,0.1576,2026-07-02,2026-07-07,52.57,0.2533,0.0625,0.613,0.377,0.9461,0.0,0.3465
603179,新泉股份,375.95,True,52.64,50.12,4,6.7,-11.26,-3.87,5.03,0.0927,2026-07-01,2026-07-07,55.14,0.558,-0.2409,0.6525,0.4385,0.9969,0.0,0.3461
002587,奥拓电子,34.52,True,6.48,7.01,14,11.68,-9.45,0.69,-7.53,0.0619,2026-07-07,2026-07-07,43.31,0.4879,0.7484,0.6807,0.6928,0.7402,0.0,0.346
002004,华邦健康,77.22,True,4.1,4.17,3,1.98,-6.44,-2.34,-1.7,0.0271,2026-07-07,2026-07-07,38.95,0.3197,0.3386,0.3019,0.5273,0.6433,0.4969,0.3459
603787,新日股份,21.63,True,9.4,9.56,2,1.44,-8.28,-4.56,-1.65,0.0,2026-07-08,2026-07-08,44.67,0.6051,-0.2708,0.2877,0.4547,0.7704,0.5206,0.3459
002196,方正电机,61.78,True,12.65,12.84,5,8.18,-15.96,-5.61,-1.48,0.0,2026-07-07,2026-07-07,49.21,0.7076,0.1527,0.7627,0.6857,0.8714,0.0,0.3457
002335,科华数据,237.44,True,35.99,38.98,7,12.12,-15.51,-2.58,-7.68,0.0,2026-07-07,2026-07-07,40.72,0.8072,0.3792,0.7103,0.836,0.6827,0.0,0.3455
002240,盛新锂能,386.89,True,42.38,46.0,9,9.36,-11.5,-2.27,-7.86,0.0,2026-07-07,2026-07-07,37.65,0.815,0.6964,0.8483,0.889,0.6144,0.0,0.3451
603221,爱丽家居,29.05,True,11.99,11.25,3,6.58,-15.26,-6.14,6.58,0.0589,2026-07-03,2026-07-07,50.23,0.2167,1.9059,0.5595,0.53,0.8941,0.0674,0.345
600645,中源协和,85.18,True,18.21,18.16,3,6.9,-10.97,-5.5,0.3,0.0,2026-07-02,2026-07-07,47.79,0.3459,0.7912,0.5007,0.6076,0.8398,0.1654,0.3447
002402,和而泰,197.74,True,24.16,24.67,5,9.16,-17.19,-5.7,-2.06,0.0,2026-07-07,2026-07-07,45.64,0.5736,1.0467,0.6363,0.7442,0.7921,0.0,0.3445
002399,海普瑞,116.61,True,9.35,9.15,5,5.46,-6.91,-2.58,2.13,0.0998,2026-06-30,2026-07-07,56.49,0.1092,-0.012,0.418,0.2607,0.9668,0.3034,0.344
603215,比依股份,27.88,True,14.89,14.73,3,1.94,-10.7,-5.13,1.06,0.0,2026-07-02,2026-07-07,46.41,0.3467,0.0763,0.3111,0.4386,0.809,0.4816,0.3437
000518,四环生物,36.75,True,3.57,3.26,5,9.37,-13.03,-4.28,9.37,0.207,2026-06-30,2026-07-07,68.0,0.456,-0.7249,0.4008,0.2736,0.7111,0.332,0.3432
603989,艾华集团,159.03,True,39.88,43.05,18,49.4,-7.37,17.78,-7.37,0.3522,2026-07-08,2026-07-08,53.08,0.0715,-0.7364,1.1059,0.0429,0.9573,0.0,0.3431
605588,冠石科技,42.98,True,58.8,61.54,14,18.42,-15.38,3.62,-4.46,0.2019,2026-07-08,2026-07-08,39.83,0.4295,0.1523,0.646,0.5186,0.6628,0.0,0.343
000921,海信家电,237.98,True,25.92,27.24,16,14.95,-4.84,3.12,-4.84,0.2116,2026-07-07,2026-07-07,31.64,0.7967,-0.3686,0.4831,0.5306,0.481,0.1949,0.3427
002671,龙泉股份,21.06,True,3.82,3.91,0,-1.67,-9.17,-6.58,-2.25,0.0,2026-07-07,2026-07-07,31.82,0.3672,0.7006,0.2377,0.6203,0.4848,0.6038,0.3426
603110,东方材料,41.59,True,20.67,22.66,10,15.31,-9.9,0.65,-8.77,0.0,2026-07-07,2026-07-07,40.14,0.6648,0.4932,0.5619,0.7961,0.6697,0.0634,0.3425
603033,三维股份,93.05,True,9.19,9.49,5,9.23,-13.14,-4.36,-3.17,0.0,2026-07-07,2026-07-07,47.87,0.4911,2.141,0.8034,0.6947,0.8417,0.0,0.342
603667,五洲新春,232.8,True,63.57,66.49,4,13.13,-15.6,-5.98,-4.39,0.0,2026-07-07,2026-07-07,46.63,0.7502,0.1599,0.7943,0.7141,0.814,0.0,0.3413
001696,宗申动力,165.26,True,18.54,21.74,16,41.21,-14.7,16.08,-14.7,0.137,2026-07-07,2026-07-07,29.84,0.6546,3.1735,0.96,0.7928,0.441,0.0,0.3412
000908,石药景峰,58.77,True,6.68,6.14,4,16.42,-19.57,-7.44,8.83,0.0983,2026-07-01,2026-07-07,56.38,0.0529,5.6664,0.8883,0.4317,0.9694,0.0,0.3411
002138,顺络电子,462.52,True,61.14,65.8,19,33.76,-7.08,17.96,-7.08,0.3754,2026-07-07,2026-07-07,49.85,-0.4176,-0.3633,0.9761,0.0547,0.8855,0.0,0.3409
601956,东贝集团,29.78,True,4.79,4.78,4,3.84,-8.53,-4.52,0.26,0.0003,2026-07-01,2026-07-07,47.86,0.1258,0.3695,0.3342,0.4233,0.8413,0.443,0.3406
603398,*ST沐邦,62.27,True,14.36,14.16,14,6.41,-7.82,0.11,1.4,0.2825,2026-06-16,2026-07-07,59.32,-0.0609,-0.538,0.4141,0.0,0.9041,0.3098,0.3403
603551,奥普科技,34.99,True,9.21,9.36,2,1.79,-11.19,-5.45,-1.59,0.0,2026-07-07,2026-07-07,42.79,0.2346,0.3298,0.2946,0.4727,0.7287,0.509,0.3402
002864,盘龙药业,20.09,True,27.27,27.0,4,3.86,-8.19,-3.32,0.99,0.0659,2026-07-02,2026-07-07,48.51,0.0227,0.5369,0.4429,0.4136,0.8557,0.2618,0.3402
002838,道恩股份,137.97,True,32.8,33.2,8,4.03,-14.12,-2.16,-1.21,0.0433,2026-07-07,2026-07-07,40.53,0.4548,0.6032,0.5249,0.6729,0.6784,0.1251,0.34
000823,超声电子,114.94,True,19.32,22.16,20,42.94,-12.83,15.32,-12.83,0.2473,2026-07-07,2026-07-07,48.37,0.3479,-0.3222,1.2423,0.2798,0.8527,0.0,0.3394
002008,大族激光,1247.09,True,130.35,134.89,11,16.5,-11.31,0.75,-3.36,0.1097,2026-07-07,2026-07-07,45.97,0.8533,-0.4249,0.8245,0.542,0.7993,0.0,0.3392
001380,华纬科技,38.12,True,16.38,16.34,3,5.3,-11.19,-4.75,0.25,0.0,2026-07-02,2026-07-07,47.67,0.5447,0.008,0.4429,0.53,0.8372,0.2618,0.3392
603978,深圳新星,50.77,True,24.05,27.98,10,20.32,-17.93,-1.48,-14.05,0.0,2026-07-08,2026-07-08,42.68,0.6266,0.725,0.8397,0.776,0.7261,0.0,0.3392
002845,同兴达,38.06,True,15.21,15.63,13,5.5,-8.97,0.4,-2.7,0.1915,2026-07-07,2026-07-07,45.71,0.2455,0.1622,0.6482,0.4122,0.7935,0.0,0.3384
603190,亚通精工,10.63,True,25.85,24.77,3,4.62,-10.05,-4.48,4.35,0.0763,2026-07-02,2026-07-07,48.6,0.0773,0.1995,0.3818,0.3261,0.8577,0.3637,0.3382
003018,金富科技,153.16,True,64.52,66.12,15,28.07,-16.32,5.95,-2.42,0.3268,2026-07-07,2026-07-07,52.92,-0.081,-0.3392,0.7907,0.0643,0.9538,0.0,0.3376
605259,绿田机械,31.36,True,18.18,18.12,5,3.08,-4.65,-1.32,0.34,0.1514,2026-07-02,2026-07-08,47.4,0.078,-0.3014,0.2836,0.1262,0.8311,0.5274,0.3375
603284,林平发展,7.0,True,37.9,37.9,3,4.64,-10.1,-4.64,0.0,0.0,2026-07-02,2026-07-07,46.21,0.3373,0.1851,0.3719,0.4764,0.8046,0.3802,0.3371
002658,雪迪龙,27.11,True,7.56,8.12,10,5.4,-12.65,-1.22,-6.84,0.0,2026-07-07,2026-07-07,37.0,0.56,0.5635,0.4675,0.736,0.5999,0.2209,0.3371
600884,杉杉股份,245.35,True,13.37,13.65,5,4.24,-11.1,-2.99,-2.03,0.0,2026-07-07,2026-07-07,40.79,0.6913,0.0118,0.4187,0.6195,0.6842,0.3022,0.337
002940,昂利康,51.1,True,27.58,28.25,4,7.18,-23.81,-10.74,-2.38,0.0,2026-07-07,2026-07-07,48.53,0.7795,-0.0131,0.7079,0.6625,0.8563,0.0,0.3369
000813,德展健康,65.63,True,3.13,3.08,7,5.52,-15.25,-4.61,1.76,0.04,2026-06-30,2026-07-07,54.31,0.2473,0.1547,0.5147,0.4102,0.9847,0.1421,0.3368
603219,富佳股份,84.55,True,15.06,15.22,5,10.2,-12.59,-4.6,-1.05,0.0,2026-07-07,2026-07-07,46.47,0.5091,0.3581,0.5521,0.6487,0.8105,0.0798,0.3362
002164,宁波东力,57.72,True,12.03,12.68,4,7.51,-11.68,-3.57,-5.16,0.0,2026-07-07,2026-07-07,37.09,0.8025,0.1948,0.4968,0.7594,0.6021,0.172,0.3361
603106,恒银科技,35.19,True,6.76,7.26,4,8.16,-11.46,-4.3,-6.88,0.0,2026-07-07,2026-07-07,43.02,0.5856,0.8857,0.604,0.7513,0.7338,0.0,0.3346
002059,云南旅游,41.78,True,4.25,4.37,5,5.76,-7.08,-2.05,-2.75,0.0167,2026-07-07,2026-07-07,36.96,0.7608,-0.131,0.372,0.604,0.599,0.38,0.3345
600516,方大炭素,217.4,True,5.4,5.98,18,17.4,-9.77,6.15,-9.77,0.1957,2026-07-07,2026-07-07,42.01,0.6265,-0.305,0.792,0.4539,0.7113,0.0,0.334
002395,双象股份,33.87,True,12.63,12.7,0,-0.52,-13.1,-8.6,-0.52,0.0,2026-07-07,2026-07-07,41.76,0.9077,-0.7059,0.3744,0.5446,0.7057,0.3759,0.3337
002206,海 利 得,56.02,True,5.3,5.39,12,4.87,-6.71,-0.4,-1.59,0.1999,2026-07-07,2026-07-07,41.48,0.2745,-0.3718,0.3646,0.2159,0.6996,0.3924,0.3327
603310,巍华新材,29.41,True,15.16,15.36,4,6.02,-7.05,-2.62,-1.28,0.0201,2026-07-07,2026-07-07,43.64,0.6173,-0.1617,0.4076,0.5057,0.7476,0.3206,0.3321
002919,名臣健康,55.25,True,20.91,20.09,3,9.84,-14.3,-6.4,4.08,0.0,2026-07-02,2026-07-07,52.57,0.269,1.2894,0.5926,0.5614,0.9461,0.0123,0.3314
601177,杭齿前进,56.9,True,14.14,13.4,3,14.71,-18.8,-9.47,5.56,0.0,2026-07-02,2026-07-07,51.99,0.7033,-0.1083,0.6666,0.5787,0.9332,0.0,0.3313
002412,汉森制药,29.27,True,5.88,5.89,2,4.07,-9.17,-4.21,-0.24,0.0,2026-07-07,2026-07-07,46.76,0.4616,0.2011,0.4859,0.5574,0.8169,0.1901,0.3312
002408,齐翔腾达,135.63,True,4.93,4.94,4,1.44,-8.52,-3.48,-0.3,0.0104,2026-07-07,2026-07-07,47.18,0.1919,0.1326,0.3224,0.3682,0.8263,0.4626,0.3309
601686,友发集团,73.82,True,4.99,5.01,2,0.6,-6.42,-3.35,-0.31,0.0309,2026-07-07,2026-07-07,44.3,0.5273,-0.8542,0.2524,0.3164,0.7623,0.5793,0.3308
000589,贵州轮胎,66.86,True,4.33,4.29,2,3.34,-6.88,-3.68,0.85,0.0339,2026-07-03,2026-07-07,43.43,0.46,-0.2621,0.2975,0.3711,0.743,0.5041,0.3306
000988,华工科技,1543.56,True,153.59,163.38,14,13.69,-8.24,2.49,-5.99,0.135,2026-07-07,2026-07-07,45.37,0.7035,-0.362,0.8154,0.4773,0.786,0.0,0.3305
002078,太阳纸业,357.17,True,12.86,12.63,6,2.29,-8.93,-2.93,1.8,0.1133,2026-07-03,2026-07-07,47.02,-0.3877,0.1082,0.361,0.2433,0.8226,0.3983,0.3304
603579,荣泰健康,37.32,True,18.56,18.5,8,8.49,-9.96,-2.66,0.35,0.0693,2026-07-02,2026-07-07,47.2,0.5067,-0.0828,0.5223,0.4709,0.8268,0.1294,0.3302
002228,合兴包装,37.37,True,3.09,3.08,1,0.19,-8.4,-4.72,0.19,0.0,2026-07-06,2026-07-07,44.12,-0.0823,1.0657,0.286,0.4,0.7582,0.5233,0.3301
600096,云天化,526.12,True,28.86,30.89,10,11.45,-7.74,-0.17,-6.56,0.0,2026-07-07,2026-07-07,43.71,0.7939,0.1107,0.6182,0.7206,0.749,0.0,0.3299
603583,捷昌驱动,90.67,True,23.72,23.74,2,5.85,-11.43,-4.87,-0.08,0.0,2026-07-07,2026-07-07,44.15,0.3909,0.4023,0.4837,0.5954,0.759,0.1939,0.3297
603333,福华尚纬,51.28,True,8.25,8.13,2,4.27,-10.13,-4.84,1.48,0.0,2026-07-06,2026-07-07,48.92,0.3361,1.6021,0.5751,0.6017,0.865,0.0415,0.3296
603366,日出东方,56.34,True,6.93,6.85,6,7.88,-12.51,-4.86,1.12,0.0018,2026-06-29,2026-07-07,48.24,0.4376,0.358,0.5708,0.6058,0.8498,0.0486,0.3294
002255,海陆重工,57.55,True,9.02,9.35,8,4.94,-11.75,-3.07,-3.55,0.0,2026-07-07,2026-07-07,38.46,0.7103,0.4275,0.5857,0.7972,0.6325,0.0238,0.3294
600818,ST中路,13.56,True,5.7,5.73,8,5.23,-9.33,-1.57,-0.58,0.1105,2026-07-07,2026-07-07,48.52,0.4567,-0.3044,0.4988,0.3523,0.8561,0.1686,0.3288
000510,新金路,119.38,True,19.68,22.18,19,29.49,-11.28,13.59,-11.28,0.2702,2026-07-07,2026-07-07,37.97,0.4084,-0.156,0.9656,0.3826,0.6215,0.0,0.3281
600955,维远股份,82.44,True,14.99,15.61,6,3.97,-11.91,-2.84,-3.97,0.0,2026-07-07,2026-07-07,43.14,0.6393,0.0679,0.4878,0.6108,0.7364,0.187,0.328
603639,海利尔,35.18,True,10.35,10.47,2,1.48,-6.61,-3.28,-1.14,0.0102,2026-07-08,2026-07-08,46.11,-0.0519,0.2176,0.2359,0.2871,0.8025,0.6069,0.3274
605005,合兴股份,62.52,True,15.59,15.92,3,2.42,-10.2,-3.06,-2.08,0.0,2026-07-08,2026-07-08,45.98,0.4203,-0.2931,0.2656,0.335,0.7996,0.5573,0.3273
600406,国电南瑞,1825.06,True,22.79,22.74,3,1.95,-10.64,-3.66,0.24,0.0,2026-07-02,2026-07-07,46.76,0.4898,-0.4468,0.2603,0.3152,0.8169,0.5661,0.3271
603026,石大胜华,187.09,True,80.4,89.28,11,12.56,-14.83,-0.84,-9.94,0.0,2026-07-07,2026-07-07,39.48,0.818,0.2306,0.7172,0.783,0.6551,0.0,0.3268
603768,常青股份,23.44,True,9.85,9.94,2,2.44,-12.04,-6.36,-0.95,0.0,2026-07-08,2026-07-08,46.96,0.4737,-0.117,0.3887,0.4374,0.8213,0.3521,0.3264
002456,欧菲光,301.57,True,9.09,9.18,10,7.37,-5.91,-0.47,-0.94,0.1714,2026-07-07,2026-07-07,46.46,0.6355,-0.6763,0.627,0.3813,0.8101,0.0,0.3259
600525,ST长园,67.52,True,5.12,5.01,5,4.94,-7.73,-2.45,2.13,0.1166,2026-06-30,2026-07-07,49.59,0.1847,-0.3728,0.3491,0.1617,0.8797,0.4182,0.3257
000695,滨海能源,28.35,True,12.78,13.06,1,0.41,-14.25,-6.92,-2.15,0.0,2026-07-07,2026-07-07,46.06,0.8583,-0.3563,0.5107,0.5725,0.8012,0.1489,0.3257
603833,欧派家居,198.46,True,32.58,32.15,2,1.35,-12.87,-6.78,1.35,0.0,2026-07-07,2026-07-08,48.75,0.3344,-0.1875,0.3175,0.3257,0.8612,0.4708,0.3243
601568,北元化工,135.45,True,3.41,3.6,3,4.33,-7.01,-2.5,-5.2,0.0,2026-07-07,2026-07-07,29.49,0.6231,0.1957,0.3044,0.6522,0.433,0.4927,0.3236
603187,海容冷链,46.04,True,12.04,12.0,3,2.24,-8.28,-3.37,0.31,0.042,2026-07-02,2026-07-07,43.54,-0.2662,0.3134,0.2945,0.3253,0.7453,0.5092,0.3236
603615,茶花股份,42.8,True,17.7,17.51,5,7.99,-12.87,-6.03,1.09,0.0,2026-06-30,2026-07-07,49.63,0.2119,0.7303,0.5374,0.5271,0.8807,0.1044,0.3236
002050,三花智控,1676.68,True,45.51,44.86,3,8.81,-8.33,-3.98,1.45,0.0078,2026-07-02,2026-07-07,51.04,0.6531,-0.1613,0.5793,0.5274,0.9119,0.0344,0.3225
603271,永杰新材,42.28,True,44.71,45.71,8,17.7,-9.11,-1.09,-2.19,0.0454,2026-07-07,2026-07-07,38.25,0.8943,-0.055,0.7106,0.7146,0.6278,0.0,0.3224
001268,联合精密,26.86,True,28.47,28.12,10,3.86,-11.31,-2.84,1.25,0.1206,2026-07-02,2026-07-07,46.26,0.0817,1.1663,0.7694,0.449,0.8058,0.0,0.3217
001306,夏厦精密,8.9,True,57.44,59.1,2,6.15,-12.22,-5.58,-2.81,0.0,2026-07-07,2026-07-07,43.26,0.4907,0.8854,0.6244,0.6944,0.739,0.0,0.3214
603559,中通国脉,32.94,True,8.21,8.46,3,16.91,-10.9,-4.73,-2.98,0.0,2026-07-07,2026-07-07,46.09,0.4043,1.1828,0.7851,0.6426,0.802,0.0,0.321
600993,马应龙,98.11,True,22.8,22.81,1,1.36,-7.49,-2.83,-0.04,0.0297,2026-07-07,2026-07-07,46.15,-0.3628,0.2561,0.309,0.3025,0.8034,0.4849,0.3209
600768,宁波富邦,20.24,True,15.13,15.52,5,3.86,-11.92,-4.26,-2.51,0.0,2026-07-07,2026-07-07,44.76,0.5548,-0.0688,0.4439,0.5054,0.7725,0.2602,0.3199
603035,常熟汽饰,40.77,True,11.13,11.15,2,1.92,-8.93,-4.71,-0.15,0.0,2026-07-07,2026-07-07,42.74,-0.3597,0.7093,0.3029,0.4,0.7276,0.4951,0.3198
002664,信质集团,75.08,True,18.65,18.41,4,7.98,-14.64,-4.6,1.29,0.0,2026-07-02,2026-07-07,44.01,0.6201,0.2498,0.6678,0.672,0.7557,0.0,0.3191
000682,东方电子,159.8,True,11.87,12.63,4,6.73,-12.25,-3.9,-5.99,0.0,2026-07-07,2026-07-07,44.64,0.8534,-0.3049,0.5295,0.5901,0.7697,0.1175,0.3191
600623,华谊集团,156.84,True,8.36,8.44,7,8.29,-10.61,-2.8,-0.99,0.0166,2026-07-07,2026-07-07,47.26,0.3219,0.4826,0.6351,0.5862,0.8281,0.0,0.3188
002715,登云股份,20.33,True,14.73,14.12,3,6.11,-10.72,-6.44,4.36,0.0,2026-07-02,2026-07-07,52.22,0.073,1.4268,0.5211,0.4438,0.9382,0.1314,0.3183
002099,海翔药业,85.05,True,5.26,5.29,4,3.26,-8.83,-2.92,-0.52,0.0263,2026-07-07,2026-07-07,49.46,0.2626,-0.0595,0.4049,0.3338,0.8769,0.3251,0.3181
002414,高德红外,432.3,True,12.72,13.1,10,6.53,-12.36,-0.95,-2.9,0.0629,2026-07-07,2026-07-07,41.47,0.11,0.8313,0.4543,0.466,0.6994,0.2428,0.318
600265,*ST景谷,29.02,True,22.36,22.62,6,14.51,-13.02,-2.5,-1.14,0.0046,2026-07-07,2026-07-07,45.45,0.8307,-0.8829,0.4644,0.4984,0.7879,0.226,0.3179
001378,德冠新材,16.1,True,19.09,19.46,7,4.19,-8.61,-2.77,-1.88,0.0275,2026-07-07,2026-07-07,40.45,0.6386,0.2548,0.647,0.6851,0.6767,0.0,0.3176
600488,津药药业,54.49,True,4.99,4.93,5,9.74,-13.09,-5.13,1.19,0.0,2026-06-30,2026-07-07,53.53,0.548,-0.0832,0.8357,0.4955,0.9672,0.0,0.3173
001226,拓山重工,15.98,True,47.09,49.71,7,7.26,-8.7,-1.5,-5.27,0.0,2026-07-07,2026-07-07,41.8,0.7409,-0.1358,0.4876,0.5902,0.7067,0.1873,0.317
002001,新 和 成,897.69,True,29.56,29.66,9,4.58,-8.24,-0.9,-0.32,0.17,2026-07-07,2026-07-07,58.66,-0.1399,0.0289,0.5507,0.2115,0.9187,0.0821,0.3169
603459,红板科技,70.94,True,89.74,91.33,9,22.42,-20.88,-2.0,-1.74,0.0496,2026-07-07,2026-07-07,52.96,0.6497,-0.4136,0.9799,0.4244,0.9547,0.0,0.3169
000536,华映科技,96.71,True,3.5,3.57,5,11.92,-15.6,-5.99,-1.99,0.0,2026-07-07,2026-07-07,47.41,0.6578,0.016,0.8941,0.601,0.8313,0.0,0.3165
002877,智能自控,17.0,True,7.07,7.5,0,-0.58,-9.97,-6.14,-5.76,0.0,2026-07-07,2026-07-07,28.57,0.8329,-0.0982,0.3251,0.6605,0.4127,0.4582,0.3164
600405,动力源,28.25,True,4.61,4.36,6,6.52,-10.35,-3.4,5.61,0.1507,2026-06-29,2026-07-03,58.45,0.3994,-0.3853,0.691,0.2855,0.9232,0.0,0.3163
605158,华达新材,32.37,True,6.33,6.56,8,5.02,-13.95,-2.96,-3.53,0.0,2026-07-08,2026-07-08,49.75,0.582,-0.5424,0.3909,0.3492,0.8832,0.3484,0.3162
002425,凯撒文化,24.66,True,2.68,2.76,0,-0.57,-10.07,-6.62,-2.79,0.0,2026-07-07,2026-07-07,39.73,0.0949,0.5414,0.3209,0.4569,0.6606,0.4652,0.3161
002161,远 望 谷,38.98,True,5.27,5.69,4,2.81,-12.84,-5.55,-7.32,0.0,2026-07-07,2026-07-07,43.05,0.6025,0.2888,0.6859,0.677,0.7344,0.0,0.3161
603355,莱克电气,143.29,True,24.99,27.9,13,15.87,-15.81,-0.26,-10.42,0.0,2026-07-07,2026-07-07,40.12,0.5466,1.373,0.7443,0.728,0.6694,0.0,0.3159
603021,*ST华鹏,22.04,True,6.89,6.61,7,12.25,-17.83,-3.05,4.17,0.1392,2026-06-30,2026-07-07,59.09,-0.2416,0.284,0.6354,0.3136,0.9091,0.0,0.3159
603386,骏亚科技,53.75,True,16.47,18.58,19,15.31,-11.34,5.81,-11.34,0.164,2026-07-07,2026-07-07,41.61,0.6392,-0.3629,0.6329,0.4384,0.7026,0.0,0.3157
002851,麦格米特,685.32,True,149.55,159.92,16,25.88,-8.12,7.11,-6.49,0.2701,2026-07-07,2026-07-07,42.16,0.3006,-0.3081,0.9839,0.2571,0.7146,0.0,0.3152
000788,北大医药,30.16,True,5.06,5.17,7,2.29,-8.27,-2.37,-2.18,0.0527,2026-07-07,2026-07-07,40.1,0.3833,0.2166,0.4758,0.5166,0.669,0.207,0.3151
002281,光迅科技,1730.13,True,221.67,234.98,13,25.1,-10.76,4.57,-5.66,0.1795,2026-07-07,2026-07-07,47.51,0.2322,-0.0832,0.8944,0.3061,0.8337,0.0,0.3151
603013,亚普股份,85.63,True,16.85,16.91,2,3.82,-13.09,-7.16,-0.33,0.0,2026-07-07,2026-07-07,42.91,0.322,0.455,0.5016,0.5752,0.7314,0.164,0.3147
002170,芭田股份,87.37,True,11.1,11.22,5,2.11,-7.6,-2.45,-1.04,0.0534,2026-07-07,2026-07-07,44.56,0.2639,0.1445,0.4573,0.4162,0.7679,0.2379,0.3147
000969,安泰科技,235.35,True,22.6,24.22,14,14.04,-6.94,3.56,-6.7,0.1442,2026-07-07,2026-07-07,37.79,0.6201,-0.098,0.663,0.5328,0.6175,0.0,0.3144
001314,亿道信息,70.79,True,56.91,57.13,13,9.15,-8.84,0.7,-0.39,0.2147,2026-07-07,2026-07-07,48.76,0.3675,-0.5609,0.5953,0.2205,0.8612,0.0078,0.3144
002672,东江环保,31.23,True,3.45,3.58,5,11.53,-10.06,-3.58,-3.59,0.0,2026-07-07,2026-07-07,41.67,0.4854,0.6477,0.9125,0.6912,0.7037,0.0,0.3136
002765,蓝黛科技,46.36,True,7.78,7.62,3,4.54,-11.39,-5.8,2.08,0.0,2026-07-02,2026-07-07,44.53,0.2587,1.5669,0.5151,0.5552,0.7674,0.1415,0.3135
600679,上海凤凰,30.69,True,8.93,9.17,1,1.57,-9.33,-5.29,-2.63,0.0,2026-07-07,2026-07-07,39.49,0.793,-0.8775,0.3462,0.4758,0.6553,0.4229,0.3134
000423,东阿阿胶,299.68,True,46.92,46.89,5,2.48,-9.28,-2.76,0.07,0.0491,2026-07-03,2026-07-07,44.79,0.0299,0.1503,0.3224,0.278,0.773,0.4626,0.3132
600356,恒丰纸业,23.69,True,7.93,7.97,1,2.23,-8.88,-5.49,-0.46,0.0,2026-07-07,2026-07-07,45.97,-0.2007,0.3165,0.3148,0.3266,0.7994,0.4754,0.3128
000715,中兴商业,22.91,True,4.71,4.79,1,0.89,-7.12,-3.51,-1.59,0.0,2026-07-07,2026-07-07,43.51,0.6113,-0.3916,0.3563,0.4102,0.7447,0.4062,0.3124
002546,新联电子,53.44,True,6.67,7.12,10,9.15,-13.6,-2.81,-6.35,0.0,2026-07-07,2026-07-07,44.72,0.7781,-0.1504,0.5762,0.6067,0.7716,0.0396,0.3119
603012,创力集团,53.4,True,8.26,7.94,6,10.78,-17.73,-5.72,3.97,0.0518,2026-06-29,2026-07-07,59.26,0.2722,0.1915,0.6671,0.4399,0.9053,0.0,0.3118
000837,秦川机床,114.84,True,11.4,11.85,9,8.79,-11.42,-1.31,-3.78,0.0233,2026-07-07,2026-07-07,40.39,0.6802,0.0672,0.5653,0.635,0.6754,0.0578,0.3118
603486,科沃斯,297.51,True,50.97,52.41,1,1.02,-12.3,-7.57,-2.75,0.0,2026-07-07,2026-07-07,40.62,0.4559,0.1369,0.4287,0.5283,0.6804,0.2856,0.311
600076,康欣新材,46.92,True,3.49,3.44,5,5.05,-13.49,-4.3,1.42,0.0075,2026-07-06,2026-07-07,50.0,0.2003,2.4201,0.8194,0.5202,0.8889,0.0,0.3108
603058,永吉股份,36.53,True,8.81,9.33,1,0.22,-9.92,-5.06,-5.55,0.0,2026-07-07,2026-07-07,29.87,0.7856,0.1238,0.433,0.7209,0.4415,0.2784,0.3103
600966,博汇纸业,68.05,True,5.09,5.15,1,0.13,-12.09,-6.96,-1.23,0.0,2026-07-07,2026-07-07,45.29,0.1099,0.7017,0.452,0.466,0.7843,0.2466,0.3103
002088,鲁阳节能,38.76,True,7.66,8.06,6,4.76,-8.21,-3.43,-4.95,0.0,2026-07-07,2026-07-07,26.04,0.7416,0.6126,0.4896,0.845,0.3565,0.184,0.3101
603578,三星新材,23.14,True,12.83,12.84,1,2.76,-13.47,-7.88,-0.11,0.0,2026-07-07,2026-07-07,45.05,0.362,1.9559,0.6533,0.6172,0.7789,0.0,0.3101
000063,中兴通讯,1441.49,True,35.79,37.19,11,6.04,-5.9,0.23,-3.76,0.126,2026-07-07,2026-07-07,42.06,0.6659,-0.6344,0.5359,0.3996,0.7124,0.1069,0.3088
002890,弘宇股份,24.04,True,14.89,14.72,5,8.49,-10.63,-3.1,1.18,0.0334,2026-06-30,2026-07-07,48.28,-0.4513,0.6939,0.4987,0.4,0.8507,0.1688,0.3088
000550,江铃汽车,86.06,True,16.6,16.91,8,6.28,-5.32,-1.33,-1.85,0.101,2026-07-07,2026-07-07,31.37,0.6122,-0.287,0.3595,0.4525,0.4748,0.4008,0.3086
003021,兆威机电,188.51,True,90.9,94.22,5,5.51,-15.88,-4.8,-3.52,0.0,2026-07-07,2026-07-07,43.15,0.4244,0.4704,0.6893,0.6428,0.7367,0.0,0.3081
002162,悦心健康,32.24,True,3.51,3.56,2,2.56,-8.77,-4.81,-1.47,0.0,2026-07-07,2026-07-07,41.67,0.2455,0.0505,0.2989,0.3675,0.7037,0.5018,0.3079
002239,奥特佳,64.91,True,2.42,2.47,4,2.02,-8.63,-3.47,-1.98,0.0,2026-07-07,2026-07-07,44.07,0.393,-0.258,0.3089,0.3326,0.7571,0.4852,0.3073
000581,威孚高科,141.39,True,17.81,17.62,3,3.62,-8.81,-4.35,1.09,0.0218,2026-07-02,2026-07-07,48.44,-0.1562,0.0057,0.2921,0.2023,0.8543,0.5132,0.3071
002252,上海莱士,294.48,True,4.47,4.63,0,-0.71,-11.54,-6.09,-3.53,0.0,2026-07-07,2026-07-07,37.82,0.0865,0.7508,0.3186,0.4519,0.6181,0.469,0.307
002779,中坚科技,129.08,True,77.85,78.86,14,12.75,-7.15,3.4,-1.28,0.2757,2026-07-07,2026-07-07,43.36,0.0523,-0.0971,0.6934,0.1925,0.7414,0.0,0.3067
003036,泰坦股份,183.33,True,84.64,90.0,18,45.07,-9.04,18.04,-5.95,0.3875,2026-07-07,2026-07-07,39.52,0.0712,-0.402,0.9582,0.0819,0.6561,0.0,0.3067
002497,雅化集团,261.19,True,24.65,22.07,7,11.7,-15.34,-3.13,11.7,0.283,2026-07-01,2026-07-07,56.51,-0.27,-0.6108,0.7883,0.0,0.9665,0.0,0.3065
002609,捷顺科技,33.08,True,7.21,7.52,5,2.36,-8.13,-2.88,-4.11,0.0,2026-07-07,2026-07-07,39.66,0.4902,-0.2624,0.2909,0.3891,0.659,0.5151,0.3064
600148,长春一东,21.14,True,14.94,15.57,0,-1.19,-9.86,-6.29,-4.05,0.0,2026-07-07,2026-07-07,33.76,0.446,0.2288,0.3558,0.5591,0.5281,0.407,0.3064
603606,东方电缆,334.54,True,40.56,40.7,6,7.96,-15.64,-3.75,-0.34,0.0,2026-07-07,2026-07-07,49.06,0.4658,0.0468,0.5674,0.4982,0.868,0.0543,0.3063
002543,万和电气,42.28,True,6.39,6.54,1,1.28,-9.16,-5.81,-2.26,0.0,2026-07-07,2026-07-07,39.13,-0.2362,0.8241,0.2945,0.4,0.6473,0.5092,0.3058
600760,中航沈飞,1142.86,True,40.39,41.38,3,3.06,-9.87,-2.85,-2.38,0.0,2026-07-07,2026-07-07,37.89,0.7301,-0.3486,0.3719,0.4987,0.6198,0.3802,0.3057
605500,森林包装,26.23,True,6.33,6.57,0,-1.37,-23.53,-13.1,-3.69,0.0,2026-07-08,2026-07-08,40.59,0.6878,-0.5719,0.3337,0.4127,0.6797,0.4438,0.3057
603816,XD顾家家,182.33,True,22.45,22.66,0,-0.93,-14.95,-9.2,-0.93,0.0,2026-07-08,2026-07-08,40.69,-0.5781,0.4109,0.2881,0.3644,0.6821,0.5198,0.3055
001308,康冠科技,97.2,True,19.95,20.61,7,2.19,-5.36,-1.36,-3.21,0.0781,2026-07-07,2026-07-07,45.42,0.3055,-0.3834,0.3628,0.2299,0.7871,0.3954,0.3054
003010,若羽臣,54.09,True,23.92,23.93,5,5.43,-12.07,-3.35,-0.03,0.0,2026-07-07,2026-07-07,46.61,0.4737,-0.2603,0.411,0.3801,0.8135,0.315,0.305
000790,华神科技,22.54,True,3.62,3.67,4,4.15,-10.29,-4.34,-1.35,0.0,2026-07-07,2026-07-07,46.67,0.467,-0.239,0.4169,0.3846,0.8148,0.3052,0.3049
002442,龙星科技,24.97,True,5.08,5.28,3,2.97,-18.41,-8.02,-3.76,0.0,2026-07-07,2026-07-07,48.57,0.8384,-0.4273,0.6749,0.5321,0.8571,0.0,0.3044
000920,沃顿科技,56.43,True,11.94,14.1,19,19.8,-15.33,7.86,-15.33,0.1158,2026-07-07,2026-07-07,37.84,0.6105,-0.0727,0.9344,0.5372,0.6187,0.0,0.3044
002553,南方精工,41.33,True,16.13,17.05,2,0.7,-13.43,-6.68,-5.38,0.0,2026-07-07,2026-07-07,35.97,0.5238,0.7628,0.5587,0.7143,0.5772,0.0688,0.3043
002150,正泰电源,92.57,True,25.82,25.74,4,4.52,-18.07,-8.66,0.33,0.0,2026-07-02,2026-07-07,48.76,0.5876,-0.3999,0.4646,0.3926,0.8614,0.2257,0.3043
002446,盛路通信,85.71,True,10.11,10.95,17,13.75,-8.67,3.23,-7.66,0.1595,2026-07-07,2026-07-07,32.71,0.2595,0.6976,0.7222,0.5557,0.5046,0.0,0.3037
603285,键邦股份,27.42,True,44.02,47.55,9,15.8,-20.37,-0.66,-7.42,0.0,2026-07-07,2026-07-07,47.32,0.3561,0.3439,0.9474,0.5512,0.8293,0.0,0.3037
002270,华明装备,169.29,True,18.89,19.84,4,2.82,-16.78,-5.87,-4.78,0.0,2026-07-07,2026-07-07,36.67,0.6184,0.4246,0.6725,0.7409,0.5926,0.0,0.3037
600500,中化国际,241.49,True,6.73,7.88,16,44.0,-14.58,13.88,-14.58,0.14,2026-07-07,2026-07-07,26.75,0.6847,0.2062,1.0745,0.6933,0.3721,0.0,0.3037
000698,ST沈化,24.59,True,3.13,3.16,3,5.3,-10.01,-5.18,-1.03,0.0,2026-07-07,2026-07-07,44.66,-0.0016,0.7942,0.4021,0.4,0.7702,0.3299,0.3035
600528,中铁工业,150.62,True,6.78,6.92,0,-0.27,-6.31,-3.74,-2.09,0.0,2026-07-07,2026-07-07,37.98,0.3688,-0.1626,0.241,0.3562,0.6219,0.5983,0.3032
002365,永安药业,25.73,True,10.49,10.79,3,1.01,-9.26,-4.72,-2.81,0.0,2026-07-07,2026-07-07,43.84,0.1094,0.6327,0.4543,0.4656,0.752,0.2428,0.3032
002929,润建股份,129.11,True,59.63,63.58,6,15.45,-23.66,-7.32,-6.22,0.0,2026-07-07,2026-07-07,48.48,0.7448,-0.2959,0.8694,0.5285,0.8551,0.0,0.3031
601798,蓝科高新,24.89,True,7.02,7.32,2,2.68,-10.62,-5.47,-4.12,0.0,2026-07-07,2026-07-07,43.08,0.8262,-0.7806,0.4746,0.4957,0.7352,0.2091,0.3023
002283,天润工业,99.98,True,9.97,9.9,5,5.74,-19.04,-6.46,0.72,0.0,2026-07-02,2026-07-07,52.9,0.466,-0.0841,0.7592,0.446,0.9533,0.0,0.3022
002009,天奇股份,70.07,True,19.79,20.56,3,5.58,-15.61,-6.14,-3.74,0.0,2026-07-07,2026-07-07,42.84,0.7613,-0.0815,0.6363,0.6242,0.7298,0.0,0.302
600345,长江通信,119.95,True,56.7,62.75,18,28.33,-9.63,8.55,-9.63,0.2593,2026-07-07,2026-07-07,41.34,0.2717,-0.3186,0.8583,0.2356,0.6965,0.0,0.3019
603131,上海沪工,58.12,True,17.25,17.91,3,4.65,-11.0,-5.63,-3.67,0.0,2026-07-07,2026-07-07,43.03,0.381,0.3803,0.5639,0.5807,0.7339,0.0602,0.301
603160,汇顶科技,263.56,True,56.56,58.57,11,7.15,-16.08,-1.99,-3.44,0.0394,2026-07-07,2026-07-07,47.94,0.3415,0.0585,0.5631,0.4283,0.8431,0.0615,0.3007
603656,泰禾智能,31.36,True,17.14,17.82,1,0.43,-7.14,-2.71,-3.79,0.0,2026-07-08,2026-07-08,36.41,0.6479,-0.7608,0.2557,0.3887,0.5869,0.5738,0.3006
600668,尖峰集团,30.02,True,7.27,7.39,5,4.6,-8.98,-4.16,-1.68,0.0,2026-07-07,2026-07-07,47.47,0.1489,0.596,0.5545,0.4893,0.8326,0.0759,0.3002
000030,富奥股份,66.84,True,4.0,4.1,1,1.95,-7.79,-4.69,-2.56,0.0,2026-07-07,2026-07-07,34.72,0.706,-0.077,0.4329,0.5928,0.5494,0.2785,0.2999
603077,和邦生物,196.95,True,2.23,2.37,3,2.54,-11.03,-3.35,-5.79,0.0,2026-07-07,2026-07-07,35.9,0.6205,0.0257,0.4439,0.5826,0.5755,0.2601,0.2998
000738,航发控制,233.58,True,17.76,18.37,2,1.78,-9.7,-3.77,-3.31,0.0,2026-07-07,2026-07-07,39.65,0.6384,-0.1127,0.466,0.5379,0.6589,0.2233,0.2998
002466,天齐锂业,873.48,True,59.19,61.66,7,6.64,-14.15,-2.15,-4.0,0.0,2026-07-07,2026-07-07,41.4,0.6843,0.073,0.6265,0.6398,0.6977,0.0,0.2995
603197,保隆科技,60.33,True,28.57,28.66,3,5.2,-12.57,-5.33,-0.3,0.0,2026-07-07,2026-07-07,46.95,0.2027,-0.0418,0.3639,0.3049,0.8211,0.3935,0.2995
605099,共创草坪,128.15,True,31.92,33.4,0,-1.97,-14.61,-9.79,-4.43,0.0,2026-07-08,2026-07-08,40.93,0.7423,-0.4198,0.4297,0.4774,0.6873,0.2838,0.2994
600085,同仁堂,316.67,True,23.09,23.3,1,1.58,-8.09,-3.46,-0.89,0.0,2026-07-07,2026-07-07,43.09,-0.4523,0.3254,0.3217,0.3302,0.7354,0.4639,0.2992
002817,黄山胶囊,17.37,True,5.99,6.22,1,0.0,-9.78,-6.78,-3.66,0.0,2026-07-07,2026-07-07,40.64,-0.5639,0.735,0.3478,0.4,0.6809,0.4203,0.2992
002165,红 宝 丽,42.64,True,5.86,6.93,7,6.47,-16.13,-4.79,-15.39,0.0,2026-07-07,2026-07-07,26.73,0.8313,0.6591,0.839,0.8988,0.3718,0.0,0.2991
002960,青鸟智控,80.65,True,8.33,8.69,8,4.31,-8.31,-1.28,-4.1,0.0392,2026-07-07,2026-07-07,34.81,0.6473,0.0651,0.5232,0.6144,0.5514,0.128,0.2988
002475,立讯精密,4620.93,True,63.28,67.23,3,7.57,-10.67,-3.88,-5.87,0.0,2026-07-07,2026-07-07,45.11,0.6567,-0.0604,0.804,0.5698,0.7802,0.0,0.2985
002541,鸿路钢构,89.81,True,17.82,17.09,6,7.61,-8.69,-2.82,4.26,0.1315,2026-06-30,2026-07-07,62.77,0.0404,-0.1161,0.456,0.1778,0.8273,0.24,0.2985
601677,明泰铝业,201.04,True,16.17,16.54,0,-1.92,-9.24,-5.61,-2.22,0.0,2026-07-07,2026-07-07,46.99,0.5869,-0.4185,0.4506,0.3847,0.8221,0.249,0.298
002501,*ST利源,43.98,True,1.24,1.38,6,15.49,-16.21,-4.76,-9.82,0.0,2026-07-07,2026-07-07,29.03,0.6259,6.9467,0.5222,0.7756,0.4229,0.1297,0.2979
003015,日久光电,28.12,True,11.37,12.45,5,4.18,-8.74,-2.77,-8.65,0.0,2026-07-07,2026-07-07,32.08,0.4651,1.0335,0.4806,0.6791,0.4908,0.199,0.2978
605376,博迁新材,530.52,True,202.8,227.41,19,33.93,-10.82,15.36,-10.82,0.2818,2026-07-08,2026-07-08,48.1,0.0309,-0.3903,1.0646,0.0624,0.8466,0.0,0.2976
000153,丰原药业,24.27,True,5.29,5.3,2,2.46,-7.0,-3.33,-0.27,0.0099,2026-07-07,2026-07-07,47.37,-0.1975,0.1312,0.3435,0.2525,0.8304,0.4276,0.2973
001367,海森药业,23.2,True,19.07,19.69,4,3.07,-12.91,-3.84,-3.16,0.0,2026-07-07,2026-07-07,38.6,0.3193,1.0868,0.5114,0.5916,0.6356,0.1477,0.2972
603282,亚光股份,18.75,True,14.01,14.83,3,3.93,-10.15,-4.69,-5.52,0.0,2026-07-07,2026-07-07,43.48,0.4745,-0.0171,0.4855,0.4779,0.744,0.1909,0.2969
002274,华昌化工,46.24,True,4.93,5.0,0,-0.73,-10.94,-7.04,-1.46,0.0,2026-07-07,2026-07-07,38.46,0.4533,-0.1309,0.3401,0.4196,0.6325,0.4332,0.2964
603161,科华控股,25.5,True,13.37,14.2,13,8.28,-7.61,0.94,-5.84,0.0842,2026-07-07,2026-07-07,42.44,0.4979,-0.8041,0.4248,0.2987,0.7209,0.292,0.2964
002261,拓维信息,330.08,True,28.8,29.25,5,3.9,-14.73,-3.2,-1.53,0.0,2026-07-07,2026-07-07,45.16,0.467,0.1991,0.6568,0.5598,0.7814,0.0,0.2962
600391,航发科技,106.6,True,32.29,33.37,5,6.77,-20.09,-5.5,-3.24,0.0,2026-07-07,2026-07-07,43.64,0.3102,0.681,0.7948,0.5861,0.7476,0.0,0.2961
603356,华菱精工,23.91,True,17.93,17.71,6,5.86,-9.47,-3.18,1.25,0.0811,2026-07-06,2026-07-07,46.76,-0.0027,0.6329,0.8203,0.4,0.817,0.0,0.2959
600613,神奇制药,22.1,True,4.61,4.72,2,1.75,-7.8,-4.31,-2.42,0.0,2026-07-07,2026-07-07,42.95,-0.3328,0.4599,0.3878,0.384,0.7322,0.3537,0.2955
000425,徐工机械,790.25,True,8.78,8.59,3,2.66,-11.02,-4.73,2.21,0.0082,2026-07-06,2026-07-07,46.84,0.0602,1.0242,0.5229,0.4361,0.8188,0.1284,0.2953
600685,中船防务,217.35,True,26.46,26.16,3,3.92,-11.43,-4.19,1.14,0.0,2026-07-02,2026-07-07,47.65,0.2511,-0.0375,0.4241,0.3357,0.8367,0.2931,0.2952
003023,彩虹集团,21.87,True,20.8,21.23,0,-2.02,-17.12,-10.84,-2.02,0.0,2026-07-07,2026-07-07,34.94,-0.0113,2.0736,0.2629,0.4,0.5541,0.5618,0.2951
000534,万泽股份,158.5,True,31.54,30.02,5,8.25,-15.97,-5.44,5.05,0.0699,2026-07-01,2026-07-07,56.03,0.2899,-0.2199,0.7268,0.286,0.9772,0.0,0.2949
002623,亚玛顿,30.49,True,15.83,16.6,2,2.05,-12.03,-7.91,-4.67,0.0,2026-07-07,2026-07-07,36.86,0.3929,1.0511,0.5347,0.6357,0.5968,0.1088,0.2946
600143,金发科技,405.24,True,15.38,15.96,2,6.19,-9.87,-3.14,-3.62,0.0,2026-07-07,2026-07-07,39.57,0.4222,0.4979,0.6266,0.6525,0.657,0.0,0.2945
600435,北方导航,164.09,True,10.85,11.58,2,0.46,-10.3,-3.96,-6.33,0.0,2026-07-07,2026-07-07,30.82,0.6538,0.0097,0.3881,0.5961,0.4626,0.3532,0.2945
002633,申科股份,22.6,True,15.12,16.0,0,-1.59,-9.5,-6.36,-5.52,0.0,2026-07-07,2026-07-07,31.96,0.3698,0.2351,0.3311,0.5159,0.488,0.4481,0.2938
600560,金自天正,24.18,True,10.81,11.67,0,-2.43,-11.27,-7.16,-7.35,0.0,2026-07-07,2026-07-07,28.24,0.7316,-0.1344,0.3351,0.5852,0.4053,0.4415,0.2936
603050,科林电气,78.53,True,19.47,19.71,3,6.94,-16.14,-6.38,-1.23,0.0,2026-07-07,2026-07-07,44.66,0.7253,-0.6239,0.4771,0.4352,0.7701,0.2048,0.2935
000839,国安股份,94.08,True,2.4,2.66,2,2.87,-14.5,-7.05,-9.86,0.0,2026-07-07,2026-07-07,39.34,0.6442,0.0913,0.5707,0.623,0.6521,0.0488,0.2935
002786,银宝山新,37.8,True,7.65,8.0,3,3.32,-8.44,-3.63,-4.43,0.0,2026-07-07,2026-07-07,37.6,0.8077,-0.4871,0.4063,0.4898,0.6133,0.3229,0.2935
000702,正虹科技,13.71,True,5.14,5.3,0,-0.38,-11.69,-8.11,-3.05,0.0,2026-07-07,2026-07-07,40.13,-0.5394,0.4974,0.3607,0.399,0.6696,0.3988,0.2935
002463,沪电股份,2494.27,True,129.72,139.27,18,15.86,-7.73,5.43,-6.85,0.2508,2026-07-07,2026-07-07,44.15,0.2495,-0.4617,0.8491,0.165,0.7589,0.0,0.2934
601869,长飞光纤,1743.84,True,429.16,492.09,18,29.41,-12.79,9.95,-12.79,0.2155,2026-07-07,2026-07-07,44.75,0.2453,-0.3406,0.9036,0.2109,0.7723,0.0,0.2934
002420,毅昌科技,21.98,True,5.43,5.61,2,4.36,-11.65,-4.96,-3.17,0.0,2026-07-07,2026-07-07,43.72,0.4604,0.1449,0.5614,0.5342,0.7494,0.0643,0.2931
603901,永创智能,55.75,True,10.28,10.72,5,8.06,-9.12,-3.31,-4.1,0.0,2026-07-08,2026-07-08,44.63,0.2984,0.1569,0.4853,0.4418,0.7696,0.1912,0.293
002798,帝欧水华,27.39,True,5.3,5.64,0,-1.11,-17.69,-11.72,-6.09,0.0,2026-07-07,2026-07-07,37.11,0.5936,0.3053,0.5897,0.6783,0.6024,0.0172,0.2926
000711,ST京蓝,129.07,True,5.42,5.17,2,4.84,-20.71,-8.43,4.84,0.0,2026-07-06,2026-07-07,46.39,0.3257,0.3193,0.7426,0.5231,0.8086,0.0,0.2925
002690,美亚光电,63.11,True,14.55,14.48,3,2.34,-7.94,-3.34,0.51,0.0333,2026-07-02,2026-07-07,39.86,0.3978,-0.4593,0.2698,0.255,0.6635,0.5504,0.2923
002993,奥海科技,147.34,True,61.79,66.59,15,11.24,-7.21,2.31,-7.21,0.1201,2026-07-07,2026-07-07,37.18,0.1566,1.2342,0.8484,0.4939,0.6041,0.0,0.2923
600422,昆药集团,62.15,True,8.21,8.21,3,2.72,-8.95,-3.07,-0.02,0.0357,2026-07-07,2026-07-07,46.84,0.1009,-0.0035,0.4026,0.2592,0.8187,0.3291,0.2922
603332,苏州龙杰,22.46,True,10.38,10.8,0,-0.37,-11.75,-6.3,-3.93,0.0,2026-07-07,2026-07-07,37.97,0.4374,-0.1984,0.3127,0.3831,0.6215,0.4788,0.2919
600409,三友化工,121.8,True,5.9,6.34,9,7.81,-9.97,-1.32,-6.89,0.0,2026-07-07,2026-07-07,39.38,0.4038,1.1594,0.5979,0.6423,0.653,0.0035,0.2917
002709,天赐材料,747.56,True,49.54,51.72,11,10.2,-12.83,-0.66,-4.22,0.0529,2026-07-07,2026-07-07,45.08,0.6689,-0.36,0.7269,0.4574,0.7795,0.0,0.2914
000070,特发信息,155.75,True,18.18,20.31,13,31.88,-12.27,4.99,-10.47,0.0697,2026-07-07,2026-07-07,45.83,0.3396,0.0316,1.0132,0.4164,0.7962,0.0,0.2912
002459,晶澳科技,259.91,True,7.86,8.39,2,7.24,-16.37,-5.37,-6.34,0.0,2026-07-07,2026-07-07,37.83,0.5818,0.2999,0.6568,0.669,0.6184,0.0,0.2909
600960,渤海汽车,38.69,True,4.07,4.05,3,2.97,-10.51,-5.22,0.47,0.0,2026-07-03,2026-07-07,47.8,-0.1177,1.7153,0.5094,0.4,0.84,0.1511,0.2907
002006,精工科技,78.49,True,14.9,14.8,5,5.25,-14.03,-6.18,0.7,0.0,2026-06-30,2026-07-07,47.54,0.2388,0.1191,0.4962,0.3909,0.8342,0.173,0.2905
002201,九鼎新材,54.0,True,8.97,11.36,9,16.87,-21.04,-1.66,-21.04,0.0,2026-07-07,2026-07-07,33.38,0.8331,0.1162,0.8628,0.7463,0.5195,0.0,0.2905
603166,福达股份,75.16,True,11.73,14.26,11,21.35,-17.74,2.82,-17.74,0.0,2026-07-07,2026-07-07,34.32,0.5478,5.1051,0.8788,0.7287,0.5405,0.0,0.2903
001216,华瓷股份,34.25,True,13.95,15.5,4,13.48,-11.06,-2.96,-10.01,0.0,2026-07-07,2026-07-07,37.87,0.673,0.1552,0.6496,0.6659,0.6193,0.0,0.2903
603916,苏博特,49.18,True,11.7,13.73,6,10.94,-14.8,-2.37,-14.8,0.0,2026-07-08,2026-07-08,39.66,0.8108,-0.1343,0.709,0.6327,0.6592,0.0,0.29
601890,亚星锚链,78.77,True,8.21,8.52,2,0.61,-9.65,-4.16,-3.63,0.0,2026-07-07,2026-07-07,37.23,0.4748,-0.0894,0.3741,0.4491,0.6051,0.3765,0.2898
000922,佳电股份,89.03,True,12.63,13.51,13,11.26,-10.55,1.15,-6.49,0.0734,2026-07-07,2026-07-07,30.4,0.6437,0.2278,0.6098,0.6774,0.4533,0.0,0.2894
603730,岱美股份,252.89,True,11.77,12.24,12,11.58,-11.76,-1.02,-3.8,0.0704,2026-07-07,2026-07-07,33.65,0.7809,-0.1097,0.8013,0.6246,0.5256,0.0,0.2894
002136,安 纳 达,27.15,True,12.66,13.13,11,7.43,-14.27,-1.68,-3.55,0.0441,2026-07-07,2026-07-07,38.24,0.7762,-0.2657,0.5752,0.5594,0.6275,0.0413,0.2892
605589,圣泉集团,456.46,True,53.96,63.13,17,32.11,-14.53,11.27,-14.53,0.1572,2026-07-08,2026-07-08,36.48,0.4773,-0.1308,0.9899,0.4341,0.5885,0.0,0.2891
603776,永安行,56.18,True,20.01,20.89,13,7.7,-8.9,0.73,-4.2,0.1294,2026-07-08,2026-07-08,38.76,0.3046,-0.3902,0.3907,0.2267,0.6391,0.3488,0.2886
600841,动力新科,68.01,True,6.52,6.58,2,2.78,-11.17,-6.73,-0.95,0.0,2026-07-07,2026-07-07,44.16,0.4852,-0.0834,0.5124,0.4577,0.759,0.1459,0.2881
000338,潍柴动力,1472.1,True,29.72,28.7,2,3.55,-15.73,-7.16,3.55,0.0,2026-07-03,2026-07-07,55.51,-0.1451,0.3992,0.6651,0.3597,0.9887,0.0,0.2877
600273,嘉化能源,85.89,True,6.55,6.82,1,0.21,-6.11,-4.02,-3.99,0.0,2026-07-07,2026-07-07,36.16,-0.2082,0.7023,0.3148,0.4,0.5813,0.4754,0.2876
002066,瑞泰科技,47.79,True,20.69,21.81,0,-2.07,-9.3,-6.47,-5.13,0.0,2026-07-07,2026-07-07,39.82,0.0711,0.6888,0.4228,0.4427,0.6627,0.2954,0.2875
605133,嵘泰股份,95.61,True,33.89,35.87,9,11.24,-10.49,-1.25,-5.52,0.0,2026-07-08,2026-07-08,45.21,0.598,-0.0873,0.8374,0.5239,0.7824,0.0,0.2875
001266,宏英智能,26.05,True,44.8,48.34,9,9.73,-7.86,-0.94,-7.32,0.0,2026-07-07,2026-07-07,37.81,0.842,-0.1263,0.6003,0.6547,0.6179,0.0,0.2873
002595,豪迈科技,542.12,True,47.06,48.52,1,1.66,-10.34,-5.25,-3.01,0.0,2026-07-07,2026-07-07,45.8,0.315,-0.118,0.4295,0.3418,0.7955,0.2842,0.2872
600111,北方稀土,1715.35,True,47.45,49.05,7,9.2,-7.51,-1.19,-3.26,0.0337,2026-07-07,2026-07-07,36.08,0.8743,-0.5264,0.4945,0.5246,0.5795,0.1758,0.2869
002203,海亮股份,449.06,True,20.3,22.65,12,23.75,-12.85,4.44,-10.37,0.0425,2026-07-07,2026-07-07,35.87,0.7465,-0.071,0.9145,0.6195,0.5748,0.0,0.2869
600469,风神股份,39.54,True,5.42,5.51,1,2.32,-8.86,-3.84,-1.64,0.0,2026-07-07,2026-07-07,38.36,-0.4202,1.1784,0.3574,0.4,0.6301,0.4043,0.2867
603600,永艺股份,30.73,True,9.3,9.44,1,0.91,-9.75,-6.03,-1.44,0.0,2026-07-07,2026-07-07,43.36,-0.2436,0.1929,0.325,0.2772,0.7413,0.4583,0.2863
002790,瑞尔特,14.44,True,5.54,5.72,0,-0.91,-9.41,-6.7,-3.16,0.0,2026-07-07,2026-07-07,36.91,0.3182,-0.0195,0.3166,0.3831,0.5981,0.4724,0.2863
601728,中国电信,4285.16,True,5.52,5.66,2,1.89,-10.59,-4.45,-2.43,0.0,2026-07-07,2026-07-07,31.67,0.5859,-0.2529,0.2914,0.4504,0.4815,0.5144,0.286
603210,泰鸿万立,31.55,True,13.56,13.93,4,1.08,-8.22,-2.2,-2.64,0.0216,2026-07-07,2026-07-07,45.58,0.5782,-0.7469,0.4699,0.3469,0.7907,0.2168,0.286
600771,广誉远,67.7,True,13.83,13.68,4,4.15,-9.57,-4.41,1.12,0.0189,2026-07-01,2026-07-07,50.0,-0.0466,0.0604,0.4222,0.2242,0.8889,0.2963,0.2858
603392,万泰生物,353.65,True,27.97,28.47,1,0.3,-17.28,-10.17,-1.74,0.0,2026-07-07,2026-07-07,43.51,-0.3013,0.8583,0.4539,0.4,0.7448,0.2436,0.2855
000428,华天酒店,31.18,True,3.06,3.21,0,-2.44,-9.69,-6.23,-4.6,0.0,2026-07-07,2026-07-07,37.5,0.4697,-0.2718,0.3202,0.3731,0.6111,0.4663,0.2854
002644,佛慈制药,36.67,True,7.18,7.3,4,1.91,-7.74,-2.49,-1.67,0.0424,2026-07-07,2026-07-07,42.28,-0.5341,0.1979,0.3792,0.2792,0.7173,0.3681,0.2854
600038,中直股份,168.37,True,25.17,26.42,3,2.75,-7.66,-3.17,-4.74,0.0,2026-07-07,2026-07-07,27.31,0.6856,-0.1306,0.326,0.5591,0.3846,0.4567,0.2852
603286,日盈电子,62.19,True,53.5,52.42,3,7.33,-18.82,-8.17,2.05,0.0,2026-07-02,2026-07-07,45.02,0.2762,0.3809,0.7774,0.5181,0.7782,0.0,0.2852
002372,伟星新材,124.73,True,8.48,8.68,0,-1.39,-10.41,-6.16,-2.32,0.0,2026-07-07,2026-07-07,40.0,-0.1042,0.2808,0.3067,0.3123,0.6667,0.4888,0.2847
002374,中锐股份,33.64,True,3.1,3.3,8,5.84,-9.71,-2.83,-6.05,0.0,2026-07-07,2026-07-07,46.51,0.7263,-0.4691,0.559,0.4482,0.8114,0.0683,0.2846
600071,凤凰光学,44.88,True,15.94,17.0,2,3.55,-9.32,-3.45,-6.24,0.0,2026-07-07,2026-07-07,37.52,0.68,-0.4079,0.396,0.4449,0.6116,0.34,0.2845
002842,翔鹭钨业,101.18,True,37.69,44.87,18,41.23,-16.0,14.86,-16.0,0.1364,2026-07-07,2026-07-07,40.76,0.3561,-0.1047,1.1993,0.3717,0.6835,0.0,0.2842
600894,广日股份,62.81,True,7.45,7.89,3,2.06,-5.61,-2.22,-5.59,0.0,2026-07-07,2026-07-07,38.28,-0.2242,1.082,0.3683,0.4,0.6284,0.3862,0.2836
002539,云图控股,97.88,True,11.0,11.75,5,4.37,-11.69,-3.63,-6.35,0.0,2026-07-07,2026-07-07,38.88,0.5258,0.0938,0.5322,0.553,0.6417,0.113,0.2835
603331,百达精工,21.86,True,10.81,11.34,0,-0.66,-12.15,-8.11,-4.67,0.0,2026-07-07,2026-07-07,34.6,0.1604,0.7443,0.4009,0.4963,0.5468,0.3319,0.2832
000731,四川美丰,29.69,True,5.41,5.51,0,-1.82,-10.1,-5.82,-1.82,0.0,2026-07-07,2026-07-07,35.07,-0.4548,0.4621,0.2988,0.3848,0.5572,0.5021,0.283
603059,倍加洁,25.26,True,25.15,25.61,2,0.87,-9.68,-4.86,-1.8,0.0,2026-07-07,2026-07-07,40.54,0.3931,-0.2225,0.3585,0.3469,0.6787,0.4025,0.2828
002073,软控股份,53.34,True,5.26,5.36,2,0.97,-7.51,-4.03,-1.78,0.0,2026-07-07,2026-07-07,39.17,0.3037,-0.1846,0.2962,0.3084,0.6481,0.5064,0.2827
000960,锡业股份,613.91,True,37.31,40.97,13,16.44,-11.6,2.16,-8.93,0.0377,2026-07-07,2026-07-07,41.7,0.5684,-0.0885,0.8908,0.5056,0.7045,0.0,0.2824
601727,上海电气,852.82,True,6.76,7.14,0,-3.53,-14.12,-7.58,-5.27,0.0,2026-07-07,2026-07-07,31.71,0.335,0.0992,0.2973,0.4406,0.4824,0.5045,0.2823
000156,华数传媒,109.3,True,6.43,6.55,3,0.63,-9.64,-3.6,-1.82,0.0,2026-07-07,2026-07-07,37.7,0.3474,-0.215,0.2868,0.3224,0.6157,0.5219,0.282
002406,远东传动,41.67,True,6.92,7.06,0,-0.97,-13.34,-7.97,-2.0,0.0,2026-07-07,2026-07-07,33.7,0.7793,-0.7399,0.3622,0.4676,0.5267,0.3964,0.2817
000710,贝瑞基因,25.04,True,7.6,7.88,2,1.76,-13.13,-6.72,-3.57,0.0,2026-07-07,2026-07-07,41.84,-0.0818,0.9349,0.4398,0.4,0.7076,0.2669,0.2816
000801,四川九洲,117.45,True,11.56,11.88,5,9.66,-10.26,-4.12,-2.68,0.0,2026-07-07,2026-07-07,46.55,0.5002,-0.0595,0.6437,0.4763,0.8123,0.0,0.2815
603387,基蛋生物,41.18,True,8.12,7.99,5,4.34,-9.9,-4.21,1.67,0.0365,2026-06-30,2026-07-07,50.88,0.0172,-0.1084,0.4266,0.167,0.9085,0.289,0.2814
600587,新华医疗,73.22,True,12.07,12.19,2,1.5,-8.0,-3.6,-1.0,0.0,2026-07-07,2026-07-07,45.92,-0.3534,0.0885,0.3484,0.2354,0.7983,0.4193,0.2814
000816,智慧农业,34.55,True,2.4,2.43,2,1.11,-10.29,-5.51,-1.07,0.0,2026-07-07,2026-07-07,43.06,0.3233,-0.2269,0.3661,0.3032,0.7346,0.3899,0.2812
002319,乐通股份,22.58,True,10.78,10.85,5,3.09,-14.4,-4.52,-0.68,0.0,2026-07-07,2026-07-07,37.84,0.7195,-0.0062,0.6673,0.6292,0.6188,0.0,0.2811
600363,联创光电,148.97,True,33.04,33.81,5,9.01,-13.89,-4.99,-2.26,0.0,2026-07-07,2026-07-07,44.2,0.5635,-0.0556,0.734,0.5159,0.7599,0.0,0.281
600486,扬农化工,205.77,True,50.92,53.44,0,-0.26,-8.98,-4.76,-4.72,0.0,2026-07-07,2026-07-07,38.06,0.1624,0.4005,0.4324,0.4576,0.6235,0.2794,0.281
603628,清源股份,25.39,True,9.33,9.82,0,-2.74,-11.65,-6.4,-4.98,0.0,2026-07-07,2026-07-07,26.6,0.5907,-0.1219,0.2772,0.5057,0.3688,0.5379,0.2809
603256,宏和科技,1920.88,True,218.35,243.56,18,31.04,-10.35,15.52,-10.35,0.2776,2026-07-07,2026-07-07,40.0,-0.2572,-0.136,1.0193,0.1456,0.6667,0.0,0.2808
002897,意华股份,152.67,True,82.78,85.48,13,18.65,-9.57,2.57,-3.16,0.1921,2026-07-07,2026-07-07,46.07,0.1197,-0.2444,0.9877,0.174,0.8016,0.0,0.2807
603838,*ST四通,28.16,True,8.8,9.12,10,6.26,-10.94,-1.24,-3.56,0.0491,2026-07-08,2026-07-08,33.33,0.5515,-0.3081,0.3792,0.4076,0.5185,0.368,0.2805
600612,老凤祥,107.5,True,33.9,34.01,2,2.07,-7.63,-3.5,-0.32,0.0131,2026-07-07,2026-07-07,40.54,-0.1186,0.0602,0.2662,0.2241,0.6787,0.5564,0.2805
003011,海象新材,14.52,True,18.89,19.22,2,8.0,-12.22,-6.2,-1.72,0.0,2026-07-07,2026-07-07,49.51,0.6959,-0.5241,0.7284,0.4175,0.878,0.0,0.28
002792,通宇通讯,107.02,True,31.68,35.9,0,-0.47,-16.45,-9.62,-11.75,0.0,2026-07-07,2026-07-07,32.65,0.7041,0.1411,0.5637,0.6789,0.5033,0.0605,0.2795
601008,连云港,51.49,True,4.15,4.27,3,1.21,-8.57,-3.73,-2.84,0.0,2026-07-07,2026-07-07,33.71,0.6772,-0.4882,0.3159,0.4111,0.5268,0.4734,0.2792
600362,江西铜业,845.46,True,40.74,44.92,7,20.82,-10.16,-0.85,-9.32,0.0,2026-07-07,2026-07-07,40.2,0.881,-0.3718,0.8403,0.5799,0.6712,0.0,0.2792
001267,汇绿生态,253.22,True,41.61,52.56,6,12.45,-20.84,-5.64,-20.84,0.0,2026-07-07,2026-07-07,33.5,0.8134,0.0239,0.7774,0.6976,0.5222,0.0,0.2788
000595,宝塔实业,68.32,True,6.0,6.15,2,3.51,-19.33,-10.78,-2.42,0.0,2026-07-07,2026-07-07,45.08,0.1486,0.7704,0.7571,0.4891,0.7796,0.0,0.2782
600764,中国海防,128.2,True,18.04,18.55,2,0.23,-10.87,-6.58,-2.77,0.0,2026-07-07,2026-07-07,37.15,-0.0237,0.6329,0.3705,0.4,0.6034,0.3826,0.2781
002730,电光科技,92.11,True,26.62,29.33,8,9.63,-10.61,-2.3,-9.24,0.0,2026-07-07,2026-07-07,33.57,0.7725,0.0746,0.6319,0.6933,0.5237,0.0,0.2781
002801,微光股份,33.39,True,28.83,29.56,2,4.63,-11.29,-4.51,-2.47,0.0,2026-07-07,2026-07-07,40.55,0.3441,0.2355,0.5313,0.5007,0.6788,0.1146,0.2781
002273,水晶光电,465.42,True,34.17,35.44,7,10.34,-13.43,-3.15,-3.57,0.0,2026-07-07,2026-07-07,46.21,0.3375,0.1631,0.8545,0.4677,0.8046,0.0,0.2779
600935,华塑股份,78.22,True,2.23,2.3,5,2.98,-7.72,-2.94,-3.21,0.0,2026-07-07,2026-07-07,45.0,0.4067,-0.3126,0.4309,0.319,0.7778,0.2818,0.2776
600742,富维股份,54.17,True,7.29,7.57,0,-1.11,-8.29,-4.54,-3.72,0.0,2026-07-07,2026-07-07,31.77,0.0612,0.442,0.2901,0.4136,0.4838,0.5165,0.2776
000881,中广核技,58.92,True,6.52,6.68,1,0.7,-12.95,-7.08,-2.37,0.0,2026-07-07,2026-07-07,31.41,0.849,-0.7981,0.38,0.5094,0.4758,0.3666,0.2775
002265,建设工业,179.65,True,17.39,18.69,0,-1.11,-11.51,-6.73,-6.96,0.0,2026-07-07,2026-07-07,29.59,0.3143,0.8386,0.4267,0.5886,0.4353,0.2889,0.2775
603048,浙江黎明,27.25,True,18.55,18.98,2,1.59,-9.39,-4.45,-2.29,0.0,2026-07-07,2026-07-07,35.36,0.6681,-0.2295,0.4499,0.5091,0.5636,0.2502,0.2775
002580,圣阳股份,84.89,True,18.78,21.39,5,12.84,-20.55,-7.46,-12.22,0.0,2026-07-07,2026-07-07,41.55,0.7819,-0.3051,0.9245,0.5471,0.701,0.0,0.277
600850,电科数字,0.0,True,14.33,15.3,0,-3.55,-16.04,-9.39,-6.31,0.0,2026-07-07,2026-07-07,36.14,0.7199,-0.7764,0.3889,0.4319,0.5808,0.3519,0.2769
603088,宁波精达,42.34,True,9.67,10.05,4,1.6,-10.76,-3.78,-3.77,0.0,2026-07-07,2026-07-07,34.97,0.4106,0.2022,0.4634,0.5272,0.5548,0.2277,0.2769
000912,泸天化,51.59,True,3.29,3.45,0,-2.47,-9.44,-6.03,-4.71,0.0,2026-07-07,2026-07-07,32.94,0.6639,-0.4498,0.3194,0.4184,0.5098,0.4676,0.2767
600740,山西焦化,84.55,True,3.3,3.46,2,5.29,-13.03,-6.06,-4.57,0.0,2026-07-07,2026-07-07,33.02,0.8478,-0.6045,0.4117,0.5087,0.5115,0.3139,0.2766
600892,大晟文化,18.91,True,3.38,3.57,1,3.19,-9.77,-4.84,-5.34,0.0,2026-07-07,2026-07-07,44.6,0.0677,0.2527,0.4508,0.3417,0.769,0.2486,0.2765
600983,惠而浦,55.03,True,7.18,7.5,3,3.0,-11.02,-4.58,-4.21,0.0,2026-07-07,2026-07-07,33.9,0.468,0.1795,0.4718,0.5526,0.5311,0.2137,0.2764
002917,金奥博,27.1,True,10.4,11.07,0,-1.31,-14.83,-9.86,-6.07,0.0,2026-07-07,2026-07-07,33.23,0.6798,-0.3312,0.3828,0.4754,0.5163,0.362,0.2764
000792,盐湖股份,1501.21,True,28.37,30.11,9,3.52,-12.39,-2.28,-5.78,0.0,2026-07-07,2026-07-07,38.72,0.6242,-0.0252,0.571,0.5645,0.6382,0.0483,0.276
600183,生益科技,3610.19,True,150.77,166.39,18,31.65,-9.39,13.54,-9.39,0.3017,2026-07-07,2026-07-07,35.63,0.2279,-0.4306,0.8806,0.1645,0.5696,0.0,0.2757
603194,中力股份,53.1,True,33.6,36.31,14,8.61,-7.47,0.81,-7.47,0.0633,2026-07-07,2026-07-07,38.36,0.2867,0.2219,0.5638,0.4608,0.6303,0.0603,0.2756
600217,中再资环,48.24,True,2.91,3.03,0,-1.21,-10.63,-6.3,-3.93,0.0,2026-07-07,2026-07-07,33.75,0.0804,0.3831,0.3212,0.4015,0.5278,0.4647,0.2756
000635,英 力 特,22.6,True,6.16,6.51,0,-1.19,-9.88,-5.98,-5.41,0.0,2026-07-07,2026-07-07,25.15,0.6521,0.1699,0.4269,0.6592,0.3366,0.2885,0.2754
600388,龙净环保,203.21,True,16.0,15.91,1,0.58,-11.79,-7.24,0.58,0.0,2026-07-06,2026-07-07,44.35,-0.3168,0.314,0.4345,0.3256,0.7633,0.2759,0.2754
002460,赣锋锂业,744.17,True,61.44,67.51,5,2.89,-15.13,-4.24,-8.99,0.0,2026-07-07,2026-07-07,31.94,0.7754,0.0893,0.5895,0.7009,0.4875,0.0175,0.2754
600050,中国联通,1255.11,True,4.05,4.18,0,-0.79,-5.45,-2.99,-3.01,0.0,2026-07-07,2026-07-07,28.33,0.4224,-0.2713,0.1698,0.3449,0.4074,0.7171,0.2753
601011,宝泰隆,49.81,True,2.6,2.78,4,11.94,-10.3,-2.96,-6.47,0.0,2026-07-07,2026-07-07,41.13,0.9123,-0.7077,0.6678,0.5474,0.6919,0.0,0.2752
002469,三维化学,35.6,True,5.66,6.26,5,11.75,-12.52,-3.36,-9.58,0.0,2026-07-07,2026-07-07,22.33,0.8022,0.7908,0.6257,0.8813,0.274,0.0,0.2751
600774,汉商集团,18.93,True,6.42,6.74,0,-0.56,-9.84,-6.45,-4.71,0.0,2026-07-07,2026-07-07,39.42,-0.5065,0.8362,0.4234,0.4,0.6538,0.2944,0.2749
002594,比亚迪,3007.55,True,86.26,86.09,3,2.15,-12.87,-5.08,0.2,0.0,2026-07-02,2026-07-07,43.3,-0.4906,0.222,0.3811,0.2888,0.7401,0.3648,0.2749
002981,朝阳科技,25.68,True,21.12,22.02,6,7.55,-25.02,-10.05,-4.1,0.0,2026-07-07,2026-07-07,41.02,0.9134,-0.7693,0.7971,0.5481,0.6893,0.0,0.2749
603086,先达股份,23.7,True,5.45,5.58,1,0.24,-10.38,-6.12,-2.31,0.0,2026-07-07,2026-07-07,37.5,-0.5157,0.3113,0.315,0.3245,0.6111,0.4751,0.2746
000948,南天信息,44.99,True,11.56,12.32,1,0.03,-8.86,-5.14,-6.18,0.0,2026-07-07,2026-07-07,31.83,0.4245,-0.0896,0.3088,0.4188,0.4852,0.4854,0.2746
601698,中国卫通,1232.25,True,29.17,30.56,5,5.47,-9.33,-2.54,-4.53,0.0,2026-07-07,2026-07-07,37.87,0.5385,0.0906,0.5563,0.5593,0.6193,0.0729,0.2746
002254,泰和新材,125.73,True,14.78,17.7,17,26.83,-16.5,8.67,-16.5,0.0748,2026-07-07,2026-07-07,41.99,0.5967,-0.3721,1.0701,0.4091,0.7109,0.0,0.2744
600261,阳光照明,39.52,True,2.96,3.15,2,1.42,-5.96,-2.26,-5.96,0.0,2026-07-07,2026-07-07,36.9,0.568,-0.511,0.3222,0.3408,0.5979,0.4629,0.2742
603728,鸣志电器,245.88,True,58.7,61.31,7,9.86,-10.01,-2.19,-4.25,0.0,2026-07-08,2026-07-08,46.12,0.6721,-0.3715,0.6932,0.4547,0.8028,0.0,0.2742
000612,焦作万方,123.51,True,10.36,11.0,5,5.94,-11.97,-3.72,-5.85,0.0,2026-07-07,2026-07-07,42.37,0.8684,-0.5201,0.6303,0.521,0.7193,0.0,0.2741
002157,正邦科技,233.63,True,3.0,2.95,3,2.42,-8.35,-4.04,1.76,0.049,2026-07-03,2026-07-07,46.74,-0.1624,-0.1073,0.3933,0.1571,0.8164,0.3445,0.2738
002242,九阳股份,61.39,True,8.06,8.28,0,-0.07,-12.94,-5.62,-2.69,0.0,2026-07-07,2026-07-07,36.42,0.5055,-0.5228,0.2783,0.3033,0.587,0.5362,0.2737
600436,片仔癀,668.84,True,110.86,114.08,1,0.4,-8.41,-4.65,-2.82,0.0,2026-07-07,2026-07-07,42.43,-0.2849,0.2498,0.3827,0.2999,0.7208,0.3622,0.2735
002566,益盛药业,14.14,True,6.1,6.45,0,-0.96,-9.66,-6.06,-5.46,0.0,2026-07-07,2026-07-07,36.82,-0.4114,0.735,0.383,0.4,0.596,0.3616,0.2734
600104,上汽集团,1164.47,True,10.13,10.35,0,-1.54,-12.06,-8.21,-2.16,0.0,2026-07-07,2026-07-07,35.39,-0.0435,0.1656,0.2245,0.2663,0.5643,0.6258,0.2733
002880,卫光生物,47.85,True,21.1,21.57,1,3.52,-12.28,-7.17,-2.2,0.0,2026-07-07,2026-07-07,42.44,-0.5998,1.3246,0.4838,0.4,0.7209,0.1936,0.2732
001312,福恩股份,10.51,True,18.38,19.33,2,0.72,-12.09,-5.15,-4.9,0.0,2026-07-07,2026-07-07,37.8,0.4992,-0.4118,0.3365,0.3348,0.6178,0.4392,0.2731
600881,亚泰集团,47.84,True,1.48,1.6,11,15.05,-7.24,1.39,-7.24,0.0288,2026-07-07,2026-07-07,33.87,0.868,-0.2481,0.7069,0.6215,0.5305,0.0,0.273
002873,新天药业,18.1,True,7.55,7.79,2,0.69,-10.05,-6.38,-3.06,0.0,2026-07-07,2026-07-07,42.23,-0.1479,0.243,0.3783,0.2972,0.7162,0.3695,0.273
603186,华正新材,290.16,True,185.06,209.32,18,57.65,-11.59,27.2,-11.59,0.2466,2026-07-07,2026-07-07,44.09,-0.2825,-0.2726,1.0744,0.091,0.7575,0.0,0.2729
600664,哈药股份,77.32,True,3.07,3.09,3,2.7,-9.14,-3.69,-0.79,0.0,2026-07-07,2026-07-07,47.42,0.1336,-0.1844,0.3801,0.2064,0.8316,0.3665,0.2729
001311,多利科技,34.84,True,19.67,17.64,2,11.53,-14.66,-8.86,11.53,0.0603,2026-07-03,2026-07-07,61.33,-0.2705,0.0163,0.4999,0.2065,0.8594,0.1668,0.2726
603107,上海汽配,25.22,True,11.56,12.0,0,-1.3,-9.15,-5.45,-3.66,0.0,2026-07-07,2026-07-07,32.94,-0.3682,0.3707,0.2662,0.3483,0.5097,0.5563,0.2725
002588,史丹利,71.0,True,8.27,8.47,3,1.36,-9.15,-3.26,-2.38,0.0,2026-07-07,2026-07-07,42.03,0.231,0.0106,0.4237,0.3428,0.7119,0.2939,0.2722
002111,威海广泰,44.67,True,9.14,9.31,1,0.19,-10.87,-5.89,-1.86,0.0,2026-07-07,2026-07-07,36.17,-0.1842,0.2397,0.2738,0.2959,0.5816,0.5437,0.2718
002508,老板电器,138.63,True,14.85,15.44,0,-1.28,-9.67,-4.51,-3.83,0.0,2026-07-07,2026-07-07,34.63,0.2699,-0.0352,0.2983,0.3478,0.5472,0.5029,0.2718
603899,晨光股份,196.44,True,21.45,21.52,3,2.29,-6.62,-2.19,-0.31,0.059,2026-07-08,2026-07-08,46.2,-0.1025,-0.4367,0.2775,0.0253,0.8045,0.5375,0.2715
603629,利通电子,400.66,True,111.07,124.81,6,17.68,-26.14,-5.22,-11.01,0.0,2026-07-07,2026-07-07,47.73,0.308,0.0759,1.1517,0.4152,0.8384,0.0,0.2715
603660,苏州科达,61.21,True,10.71,11.86,8,12.3,-11.12,-1.9,-9.73,0.0,2026-07-07,2026-07-07,38.75,0.7749,-0.2263,0.6226,0.5744,0.6388,0.0,0.2714
603577,汇金通,31.71,True,9.35,9.33,6,5.43,-11.96,-5.88,0.18,0.0,2026-06-29,2026-07-07,42.86,0.4074,-0.067,0.516,0.4176,0.7302,0.1399,0.2714
001277,速达股份,12.53,True,27.5,29.35,1,0.04,-9.67,-6.52,-6.29,0.0,2026-07-07,2026-07-07,34.77,0.1015,0.3214,0.3445,0.3895,0.5504,0.4258,0.2713
002749,国光股份,42.84,True,7.87,8.27,0,-0.72,-10.12,-6.5,-4.82,0.0,2026-07-07,2026-07-07,33.67,-0.4604,2.2187,0.3366,0.4,0.5261,0.439,0.2711
000935,四川双马,196.36,True,25.72,25.93,4,2.68,-17.48,-6.4,-0.81,0.0,2026-07-07,2026-07-07,42.03,0.2514,-0.2771,0.3252,0.24,0.7118,0.458,0.2711
603938,三孚股份,204.44,True,53.43,63.11,19,35.38,-15.33,15.22,-15.33,0.1689,2026-07-08,2026-07-08,48.15,0.2255,-0.6522,1.0775,0.1353,0.8477,0.0,0.2709
603007,顺景科技,37.74,True,5.43,5.85,8,14.78,-18.87,-4.53,-7.15,0.0,2026-07-07,2026-07-07,46.53,0.6914,-0.4535,0.7926,0.4334,0.8118,0.0,0.2707
603192,汇得科技,24.45,True,17.54,18.05,0,-1.1,-10.71,-6.21,-2.81,0.0,2026-07-07,2026-07-07,34.35,-0.3717,0.4125,0.3168,0.365,0.5411,0.472,0.2703
002153,石基信息,116.78,True,7.3,7.6,0,-1.14,-10.88,-6.12,-3.95,0.0,2026-07-07,2026-07-07,37.14,0.5864,-0.3957,0.3949,0.3936,0.6032,0.3419,0.2703
605365,立达信,68.27,True,13.6,14.81,0,-2.51,-17.72,-8.93,-8.16,0.0,2026-07-08,2026-07-08,29.7,0.6,-0.2534,0.3283,0.4587,0.4378,0.4529,0.2702
002095,生 意 宝,31.84,True,12.65,13.38,2,3.59,-8.6,-4.25,-5.44,0.0,2026-07-07,2026-07-07,37.83,0.4469,-0.0762,0.4523,0.4376,0.6184,0.2461,0.27
000599,青岛双星,34.47,True,4.22,4.55,0,-4.63,-10.96,-7.88,-7.21,0.0,2026-07-07,2026-07-07,20.65,0.5271,0.0095,0.2299,0.5201,0.2367,0.6169,0.2699
002688,金河生物,37.0,True,4.95,4.93,3,3.18,-9.67,-4.72,0.43,0.0,2026-07-02,2026-07-07,46.91,-0.1269,0.0284,0.3884,0.2114,0.8203,0.3526,0.2698
002205,国统股份,19.36,True,10.42,10.95,0,-0.12,-13.25,-9.18,-4.8,0.0,2026-07-07,2026-07-07,37.32,-0.3211,1.7592,0.4069,0.4,0.6072,0.3219,0.2697
600585,海螺水泥,679.95,True,17.0,17.23,0,-0.6,-8.56,-5.18,-1.35,0.0,2026-07-07,2026-07-07,41.55,-0.264,-0.0764,0.2514,0.1694,0.7011,0.581,0.2697
600523,贵航股份,43.43,True,10.75,11.01,2,1.2,-9.68,-4.88,-2.37,0.0,2026-07-07,2026-07-07,36.41,0.0563,0.144,0.2822,0.2914,0.5868,0.5297,0.2697
603273,天元智能,7.76,True,13.84,13.88,3,3.65,-11.25,-5.63,-0.28,0.0,2026-07-07,2026-07-07,42.03,-0.0653,2.021,0.4908,0.4,0.7118,0.182,0.2697
603266,天龙股份,33.35,True,16.77,17.25,3,3.92,-11.07,-5.2,-2.78,0.0,2026-07-07,2026-07-07,44.29,0.3843,-0.073,0.5322,0.4014,0.762,0.113,0.2697
002977,*ST天箭,15.63,True,23.45,23.36,3,10.16,-17.7,-7.88,0.4,0.0,2026-07-02,2026-07-07,44.08,0.1216,0.9373,0.7504,0.473,0.7573,0.0,0.2697
002361,神剑股份,96.76,True,11.96,15.07,4,11.65,-20.62,-6.2,-20.62,0.0,2026-07-07,2026-07-07,19.47,0.8499,1.0375,0.7425,0.91,0.2103,0.0,0.2696
603556,海兴电力,103.91,True,21.37,22.04,1,0.12,-14.24,-7.72,-3.02,0.0,2026-07-07,2026-07-07,36.38,-0.4639,0.5817,0.3922,0.4,0.5862,0.3464,0.2692
603083,剑桥科技,543.46,True,197.2,216.9,13,30.63,-10.64,6.09,-9.08,0.132,2026-07-07,2026-07-07,49.71,0.2141,-0.4217,0.9095,0.1598,0.8824,0.0,0.2692
600594,益佰制药,24.95,True,3.15,3.17,2,3.36,-10.66,-6.2,-0.72,0.0,2026-07-07,2026-07-07,46.4,-0.2055,0.1701,0.4384,0.268,0.8089,0.2694,0.2692
603000,人民网,159.33,True,14.41,15.72,0,-3.27,-11.28,-6.51,-8.32,0.0,2026-07-07,2026-07-07,28.54,0.4498,0.117,0.3707,0.5167,0.412,0.3822,0.2689
600617,国新能源,48.29,True,2.72,2.89,0,-2.89,-16.64,-10.07,-5.95,0.0,2026-07-07,2026-07-07,30.38,0.7551,-0.5628,0.3404,0.453,0.4529,0.4327,0.2688
002849,威星智能,34.01,True,15.54,16.62,8,8.09,-8.09,-1.35,-6.48,0.0,2026-07-07,2026-07-07,27.91,0.7716,0.2336,0.6214,0.7564,0.3981,0.0,0.2687
600831,广电网络,21.12,True,2.97,3.15,0,-1.75,-14.18,-9.45,-5.61,0.0,2026-07-07,2026-07-07,32.5,0.3896,-0.1673,0.2941,0.3669,0.5,0.5098,0.2682
002872,ST天圣,10.32,True,4.8,4.88,2,3.81,-11.15,-5.12,-1.59,0.0,2026-07-07,2026-07-07,40.12,0.0812,0.2241,0.4013,0.3383,0.6693,0.3311,0.2681
002809,红墙股份,12.7,True,7.47,8.04,0,-2.99,-12.03,-7.37,-7.14,0.0,2026-07-07,2026-07-07,30.33,0.6615,-0.0683,0.4594,0.5696,0.4517,0.2343,0.2679
600860,京城股份,37.74,True,8.5,8.6,1,0.65,-10.52,-5.74,-1.16,0.0,2026-07-07,2026-07-07,38.59,0.2252,-0.027,0.363,0.3243,0.6353,0.3949,0.2674
601882,海天精工,106.49,True,20.4,20.23,5,5.27,-9.46,-3.9,0.85,0.0196,2026-07-01,2026-07-07,45.07,0.1239,0.2753,0.5704,0.3845,0.7793,0.0493,0.2672
600615,鑫源智造,20.75,True,9.21,9.63,4,6.9,-13.64,-5.2,-4.36,0.0,2026-07-07,2026-07-07,41.23,0.7704,-0.372,0.6728,0.5134,0.6939,0.0,0.2671
600161,天坛生物,234.12,True,11.84,12.19,1,1.01,-9.47,-4.39,-2.91,0.0,2026-07-07,2026-07-07,40.77,0.0291,0.2095,0.3808,0.3013,0.6839,0.3653,0.2669
001260,坤泰股份,18.56,True,16.14,16.98,0,-2.06,-11.05,-7.6,-4.97,0.0,2026-07-07,2026-07-07,32.35,-0.1724,0.7407,0.3303,0.4,0.4967,0.4495,0.2668
002835,同为股份,14.59,True,11.46,12.02,0,-0.86,-9.11,-5.91,-4.67,0.0,2026-07-07,2026-07-07,33.77,0.114,0.2481,0.3238,0.3676,0.5282,0.4603,0.2666
000830,鲁西化工,235.93,True,12.39,12.6,7,4.21,-11.77,-1.96,-1.64,0.0366,2026-07-07,2026-07-07,46.28,0.3608,-0.253,0.5523,0.3153,0.8063,0.0796,0.2666
603876,鼎胜新材,210.85,True,22.69,25.79,6,10.43,-14.09,-2.52,-12.02,0.0,2026-07-08,2026-07-08,36.85,0.5535,0.1415,0.6035,0.5887,0.5966,0.0,0.2665
002827,高争民爆,64.89,True,23.51,25.22,1,0.99,-12.81,-6.91,-6.78,0.0,2026-07-07,2026-07-07,36.34,0.5429,-0.183,0.4554,0.4526,0.5854,0.2411,0.2664
000967,盈峰环境,324.01,True,9.65,10.3,5,12.28,-16.14,-5.26,-6.27,0.0,2026-07-07,2026-07-07,45.11,0.5457,-0.2153,0.8556,0.4413,0.7803,0.0,0.2664
002551,尚荣医疗,16.99,True,2.78,2.84,2,1.37,-8.38,-5.53,-2.13,0.0,2026-07-07,2026-07-07,42.35,-0.2915,0.1475,0.3692,0.259,0.719,0.3847,0.2663
603168,莎普爱思,17.96,True,4.82,5.08,0,-1.26,-11.17,-7.49,-5.2,0.0,2026-07-07,2026-07-07,37.58,-0.6201,0.4484,0.4048,0.3793,0.6128,0.3254,0.2662
002030,达安基因,70.03,True,4.99,5.28,0,-2.71,-17.02,-10.13,-5.46,0.0,2026-07-07,2026-07-07,39.41,0.6085,-0.6124,0.4245,0.3651,0.6536,0.2925,0.2659
002169,智光电气,100.9,True,13.3,14.65,1,1.36,-11.84,-6.35,-9.21,0.0,2026-07-07,2026-07-07,32.64,0.6546,-0.0502,0.5114,0.5727,0.503,0.1476,0.2659
002177,御银股份,35.16,True,5.21,5.94,0,-0.45,-16.6,-9.4,-12.36,0.0,2026-07-07,2026-07-07,34.03,0.6251,-0.0331,0.5259,0.5618,0.534,0.1235,0.2658
002962,五方光电,32.55,True,15.56,18.61,8,13.58,-16.4,-2.38,-16.4,0.0,2026-07-07,2026-07-07,42.68,0.803,-0.5387,1.0255,0.4818,0.7261,0.0,0.2657
002987,京北方,95.85,True,9.47,10.74,2,2.46,-14.36,-6.56,-11.8,0.0,2026-07-07,2026-07-07,19.6,0.7918,-0.0242,0.3754,0.6654,0.2134,0.3744,0.2652
600518,康美药业,172.78,True,1.25,1.32,0,-2.44,-14.34,-7.8,-5.48,0.0,2026-07-07,2026-07-07,38.3,-0.1458,0.6188,0.4421,0.4,0.6288,0.2632,0.2652
002527,新时达,67.91,True,12.84,13.72,5,14.42,-13.53,-2.78,-6.39,0.0,2026-07-07,2026-07-07,39.63,0.8893,-0.5003,0.6498,0.5336,0.6585,0.0,0.2651
600335,国机汽车,73.93,True,4.97,5.07,1,0.49,-10.07,-5.23,-1.93,0.0,2026-07-07,2026-07-07,39.2,-0.5557,0.1536,0.3207,0.2614,0.6489,0.4656,0.265
600845,宝信软件,391.17,True,18.33,17.82,5,2.86,-14.79,-7.87,2.86,0.0,2026-06-30,2026-07-07,51.71,-0.0144,0.0014,0.4843,0.2005,0.9269,0.1929,0.2645
603868,飞科电器,131.55,True,30.2,32.05,0,-2.19,-12.27,-6.55,-5.76,0.0,2026-07-08,2026-07-08,36.78,0.6355,-0.6851,0.4005,0.3813,0.5951,0.3325,0.2642
600936,北投科技,73.36,True,4.39,4.67,1,6.3,-17.61,-10.02,-5.92,0.0,2026-07-07,2026-07-07,30.56,0.9093,-0.7688,0.4555,0.5456,0.4568,0.2408,0.2639
600545,卓郎智能,101.37,True,5.67,6.54,7,20.23,-17.77,-2.09,-13.36,0.0,2026-07-07,2026-07-07,42.25,0.7145,-0.3665,1.126,0.4821,0.7166,0.0,0.2639
003007,直真科技,27.73,True,38.2,39.44,4,4.97,-16.66,-6.17,-3.14,0.0,2026-07-07,2026-07-07,42.15,0.4486,0.0326,0.5987,0.4822,0.7144,0.0022,0.2638
002318,久立特材,208.22,True,21.81,23.44,11,7.26,-11.63,-1.36,-6.95,0.0,2026-07-07,2026-07-07,42.66,0.2278,0.0362,0.4779,0.3512,0.7258,0.2036,0.2635
600433,冠豪高新,57.41,True,3.28,3.34,0,-0.28,-15.54,-10.0,-1.88,0.0,2026-07-07,2026-07-07,34.62,0.4286,-0.3571,0.2979,0.3143,0.547,0.5035,0.2635
002055,ST得润,38.55,True,6.49,6.3,5,9.14,-14.97,-4.33,3.08,0.0482,2026-06-30,2026-07-07,52.19,0.2841,-0.5674,0.5447,0.1705,0.9376,0.0921,0.2632
605199,ST葫芦娃,22.85,True,5.71,5.87,2,1.35,-14.96,-6.97,-2.73,0.0,2026-07-08,2026-07-08,40.79,-0.1354,0.7945,0.4945,0.4,0.6842,0.1758,0.2632
601112,振石股份,28.86,True,16.28,17.45,7,6.2,-12.81,-2.48,-6.69,0.0,2026-07-07,2026-07-07,39.14,0.7955,-0.4118,0.5795,0.5126,0.6476,0.0342,0.2628
000957,中通客车,56.86,True,9.59,9.9,1,1.22,-9.37,-3.79,-3.16,0.0,2026-07-07,2026-07-07,33.64,0.5668,-0.4788,0.3176,0.3486,0.5254,0.4707,0.2628
603062,麦加芯彩,15.27,True,41.19,41.12,4,1.38,-14.66,-5.53,0.18,0.0,2026-07-03,2026-07-07,48.41,0.0233,-0.2804,0.3338,0.1018,0.8535,0.4436,0.2627
605066,天正电气,32.56,True,6.48,6.82,6,5.07,-13.84,-3.28,-4.95,0.0,2026-07-08,2026-07-08,39.6,0.691,-0.5336,0.4903,0.4146,0.6578,0.1828,0.2626
603216,梦天家居,45.34,True,20.36,21.73,0,-2.01,-11.5,-7.19,-6.29,0.0,2026-07-07,2026-07-07,33.28,0.6133,-0.3171,0.4063,0.4411,0.5174,0.3228,0.2622
002248,华东数控,27.34,True,8.89,9.37,1,0.58,-15.14,-7.84,-5.16,0.0,2026-07-07,2026-07-07,35.63,0.2172,0.2252,0.4271,0.4204,0.5695,0.2881,0.2622
600980,北矿科技,34.98,True,18.48,20.06,2,3.1,-9.82,-4.46,-7.89,0.0,2026-07-07,2026-07-07,27.82,0.6751,-0.1371,0.4189,0.5502,0.396,0.3019,0.262
002885,京泉华,91.34,True,38.5,41.14,4,8.71,-15.74,-4.64,-6.41,0.0,2026-07-07,2026-07-07,37.24,0.6305,-0.0364,0.7771,0.5638,0.6053,0.0,0.262
601012,隆基绿能,925.28,True,12.21,12.96,2,0.79,-14.93,-4.91,-5.82,0.0,2026-07-07,2026-07-07,33.73,0.6281,-0.1902,0.4759,0.5008,0.5274,0.2068,0.2617
601567,三星电气,196.03,True,13.95,14.8,1,4.45,-15.19,-5.67,-5.76,0.0,2026-07-07,2026-07-07,37.76,0.568,-0.1436,0.5299,0.4833,0.6169,0.1168,0.2617
601689,拓普集团,1051.74,True,60.52,59.46,6,3.68,-14.65,-5.71,1.78,0.0,2026-07-02,2026-07-07,49.59,0.3094,-0.1131,0.6475,0.3404,0.8798,0.0,0.261
002906,华阳集团,130.63,True,24.9,26.08,3,1.73,-15.66,-6.91,-4.53,0.0,2026-07-07,2026-07-07,44.35,0.583,-0.2917,0.6161,0.4331,0.7634,0.0,0.261
002465,海格通信,307.26,True,12.4,13.15,0,-1.89,-14.61,-9.86,-5.74,0.0,2026-07-07,2026-07-07,33.62,0.7309,-0.306,0.4934,0.5162,0.525,0.1777,0.2607
603175,超颖电子,37.6,True,82.53,88.79,10,16.65,-13.68,-0.81,-7.05,0.0,2026-07-07,2026-07-07,35.95,0.6477,-0.0189,0.7333,0.581,0.5766,0.0,0.2606
603041,美思德,19.19,True,10.48,11.02,0,-2.96,-10.49,-7.66,-4.9,0.0,2026-07-07,2026-07-07,29.67,0.3778,-0.187,0.26,0.3518,0.4372,0.5667,0.2604
603927,中科软,106.87,True,12.86,13.52,0,-2.08,-12.76,-6.53,-4.88,0.0,2026-07-08,2026-07-08,32.98,-0.1125,0.7622,0.3671,0.4,0.5106,0.3882,0.2603
000903,ST云动,34.37,True,1.79,1.91,12,8.89,-7.14,0.41,-6.18,0.0544,2026-07-07,2026-07-07,31.75,0.4401,-0.103,0.4557,0.4228,0.4832,0.2405,0.2602
001222,源飞宠物,15.47,True,13.69,14.06,0,-1.53,-11.65,-7.33,-2.66,0.0,2026-07-07,2026-07-07,35.65,-0.2638,0.2483,0.3151,0.2993,0.57,0.4749,0.2601
002783,凯龙股份,33.02,True,7.16,7.35,3,0.9,-9.82,-4.31,-2.64,0.0,2026-07-07,2026-07-07,43.93,0.3065,-0.2603,0.4427,0.2798,0.7541,0.2621,0.2601
600801,华新建材,238.15,True,17.75,17.85,8,2.55,-14.29,-3.02,-0.55,0.0494,2026-07-07,2026-07-07,41.5,-0.4117,1.6007,0.6335,0.4,0.7001,0.0,0.2598
002992,宝明科技,62.49,True,40.0,43.3,8,10.7,-9.76,-1.86,-7.63,0.0,2026-07-07,2026-07-07,18.48,0.812,0.9004,0.653,0.8872,0.1884,0.0,0.2595
603178,圣龙股份,38.65,True,16.35,15.59,1,4.85,-15.27,-8.77,4.85,0.0,2026-07-06,2026-07-07,45.9,-0.0497,0.5401,0.6769,0.4,0.7977,0.0,0.2595
003025,思进智能,31.31,True,13.83,15.38,12,13.85,-11.8,0.52,-10.06,0.0,2026-07-07,2026-07-07,25.41,0.7613,0.0822,0.5255,0.6897,0.3424,0.1242,0.2595
002282,博深股份,28.94,True,5.73,5.92,0,-0.05,-6.77,-3.7,-3.23,0.0,2026-07-07,2026-07-07,39.1,0.2972,-0.4889,0.2623,0.1828,0.6466,0.5628,0.2594
000789,万年青,30.86,True,3.87,4.04,0,-2.29,-9.75,-4.79,-4.14,0.0,2026-07-07,2026-07-07,30.68,-0.5229,0.3498,0.2737,0.3399,0.4596,0.5439,0.2585
601500,通用股份,61.1,True,3.86,3.85,3,2.02,-8.88,-5.16,0.18,0.0,2026-07-02,2026-07-07,42.22,-0.0323,-0.1224,0.2897,0.1511,0.716,0.5171,0.2585
603530,神马电力,215.53,True,50.42,52.39,3,3.35,-11.13,-4.14,-3.75,0.0,2026-07-07,2026-07-07,42.65,0.4104,-0.2811,0.4805,0.3338,0.7255,0.1992,0.2584
600563,法拉电子,338.56,True,150.47,167.63,13,15.99,-10.24,2.86,-10.24,0.0224,2026-07-07,2026-07-07,40.1,0.7695,-0.4971,0.8885,0.4628,0.6688,0.0,0.2584
605398,新炬网络,33.49,True,20.58,21.2,1,0.66,-14.56,-7.56,-2.91,0.0,2026-07-08,2026-07-08,34.47,0.8497,-0.7069,0.5121,0.5098,0.5438,0.1466,0.2582
600973,宝胜股份,85.98,True,6.27,6.69,5,8.56,-10.48,-2.53,-6.34,0.0,2026-07-07,2026-07-07,38.91,0.7507,-0.3484,0.5922,0.5111,0.6425,0.0129,0.2582
000408,藏格矿业,1146.08,True,73.05,73.94,4,4.45,-10.41,-4.05,-1.2,0.0,2026-07-07,2026-07-07,44.22,0.1531,0.2653,0.5746,0.398,0.7605,0.0424,0.258
000902,新洋丰,138.62,True,12.13,12.25,3,1.87,-12.77,-3.99,-1.02,0.0,2026-07-07,2026-07-07,44.65,0.3244,-0.401,0.4182,0.2342,0.7699,0.3029,0.258
603683,晶华新材,85.8,True,29.77,30.65,13,13.48,-9.16,1.54,-2.88,0.1733,2026-07-08,2026-07-08,42.84,0.2585,-0.4637,0.5992,0.1696,0.7297,0.0013,0.2579
603109,神驰机电,35.04,True,16.78,17.59,1,1.81,-13.38,-7.27,-4.62,0.0,2026-07-07,2026-07-07,35.48,0.6375,-0.7549,0.4038,0.3825,0.5662,0.327,0.2579
002401,中远海科,42.26,True,11.38,12.32,1,0.25,-8.84,-4.98,-7.59,0.0,2026-07-07,2026-07-07,18.68,0.7065,-0.1606,0.2826,0.5597,0.1928,0.5291,0.2578
002271,东方雨虹,220.93,True,11.54,12.17,2,1.03,-12.56,-5.55,-5.15,0.0,2026-07-07,2026-07-07,34.92,-0.2496,0.4953,0.4102,0.3981,0.5537,0.3164,0.2577
601015,陕西黑猫,59.23,True,2.9,3.14,2,7.78,-16.43,-9.08,-7.51,0.0,2026-07-07,2026-07-07,28.57,0.9239,-0.8405,0.4543,0.5543,0.4127,0.2428,0.2575
600222,太龙药业,43.18,True,7.72,7.55,7,9.74,-15.43,-2.88,2.23,0.0953,2026-07-02,2026-07-07,45.05,0.4241,-0.6256,0.6854,0.2545,0.7789,0.0,0.2575
603488,展鹏科技,26.45,True,9.06,11.23,11,11.5,-19.33,-3.17,-19.33,0.0,2026-07-07,2026-07-07,28.14,0.6403,0.3067,0.6779,0.7069,0.4032,0.0,0.2574
605033,美邦股份,23.31,True,17.24,17.9,1,0.32,-11.34,-6.5,-3.71,0.0,2026-07-08,2026-07-08,39.44,-0.0095,0.0409,0.3109,0.2164,0.6542,0.4819,0.2572
600566,济川药业,212.11,True,23.09,24.07,0,-0.72,-10.77,-4.51,-4.09,0.0,2026-07-07,2026-07-07,39.07,-0.5202,1.2865,0.4889,0.4,0.646,0.1851,0.257
600794,保税科技,35.52,True,2.96,3.02,0,-0.03,-7.21,-4.06,-2.02,0.0,2026-07-07,2026-07-07,37.88,0.0133,0.0604,0.3011,0.2321,0.6195,0.4982,0.2567
002090,金智科技,36.51,True,9.17,9.25,2,3.02,-12.78,-6.72,-0.89,0.0,2026-07-07,2026-07-07,43.47,0.1947,0.0808,0.5173,0.3491,0.7437,0.1379,0.2567
601633,长城汽车,964.75,True,15.51,16.3,5,2.94,-10.23,-4.16,-4.83,0.0,2026-07-07,2026-07-07,34.21,0.5801,-0.3397,0.4161,0.4122,0.538,0.3065,0.2566
000990,诚志股份,102.32,True,8.42,8.74,2,1.89,-11.22,-5.8,-3.68,0.0,2026-07-07,2026-07-07,37.93,0.1422,0.1781,0.4266,0.3566,0.6207,0.289,0.2566
002742,冀衡医药,18.6,True,3.55,3.66,2,1.49,-15.94,-8.25,-3.06,0.0,2026-07-07,2026-07-07,35.92,0.2746,1.9261,0.6891,0.5648,0.5759,0.0,0.2564
003031,中瓷电子,501.66,True,147.48,165.65,12,29.09,-11.36,5.36,-10.97,0.0508,2026-07-07,2026-07-07,44.22,0.4741,-0.371,0.8697,0.336,0.7604,0.0,0.2564
603119,浙江荣泰,177.58,True,67.0,69.97,4,6.2,-8.47,-2.35,-4.24,0.0,2026-07-07,2026-07-07,41.26,0.783,-0.604,0.612,0.4698,0.6946,0.0,0.2564
002766,索菱股份,30.42,True,3.55,3.81,0,-3.65,-16.2,-12.08,-6.91,0.0,2026-07-07,2026-07-07,28.85,0.7721,-0.6859,0.3735,0.4633,0.4188,0.3775,0.2562
002105,信隆健康,18.04,True,4.95,5.24,0,-1.81,-10.26,-7.42,-5.49,0.0,2026-07-07,2026-07-07,34.42,-0.4205,0.3629,0.3546,0.3451,0.5426,0.4089,0.2561
600320,振华重工,135.72,True,4.1,4.32,0,-1.39,-9.05,-5.46,-5.11,0.0,2026-07-07,2026-07-07,29.79,0.4253,-0.1182,0.3357,0.4079,0.4397,0.4406,0.256
000917,电广传媒,89.44,True,6.31,6.91,3,4.05,-14.73,-6.57,-8.7,0.0,2026-07-07,2026-07-07,36.79,0.6795,-0.3244,0.5301,0.4779,0.5953,0.1165,0.256
603081,大丰实业,37.18,True,8.8,9.19,0,-1.28,-10.62,-7.64,-4.23,0.0,2026-07-07,2026-07-07,32.32,-0.2815,0.267,0.2801,0.3068,0.4961,0.5332,0.2559
600303,曙光股份,16.87,True,2.49,2.75,3,3.34,-17.8,-10.5,-9.37,0.0,2026-07-07,2026-07-07,24.1,0.9366,-0.3697,0.4425,0.6141,0.3133,0.2626,0.2556
600789,鲁抗医药,68.5,True,6.78,7.06,1,2.25,-10.23,-5.17,-4.03,0.0,2026-07-07,2026-07-07,43.94,-0.2539,0.3721,0.5303,0.3488,0.7542,0.1162,0.2555
600223,福瑞达,54.08,True,5.32,5.33,1,1.22,-10.98,-6.4,-0.17,0.0,2026-07-07,2026-07-07,43.38,-0.3018,-0.1455,0.3135,0.1418,0.7418,0.4776,0.2555
600513,联环药业,42.53,True,14.83,15.5,2,1.95,-12.18,-6.86,-4.34,0.0,2026-07-07,2026-07-07,39.71,-0.2923,0.9202,0.5069,0.4,0.6603,0.1551,0.2553
603687,大胜达,88.72,True,16.13,18.69,17,13.26,-13.71,3.98,-13.71,0.0271,2026-07-08,2026-07-08,40.81,0.6961,-0.4716,0.8333,0.429,0.6846,0.0,0.255
002729,好利科技,27.6,True,15.73,18.2,6,8.91,-15.04,-4.57,-13.55,0.0,2026-07-07,2026-07-07,41.03,0.1126,1.1479,0.6936,0.4676,0.6896,0.0,0.2548
603352,至信股份,11.51,True,25.91,27.33,0,-1.7,-11.89,-6.96,-5.21,0.0,2026-07-07,2026-07-07,30.81,0.617,-0.8282,0.3233,0.3702,0.4626,0.4611,0.2542
002483,润邦股份,44.97,True,5.08,5.2,1,0.23,-9.39,-5.32,-2.21,0.0,2026-07-07,2026-07-07,37.14,0.3287,-0.6595,0.263,0.1972,0.6032,0.5616,0.2542
003042,中农联合,15.2,True,12.33,13.03,0,-2.12,-12.03,-8.18,-5.34,0.0,2026-07-07,2026-07-07,32.51,0.5671,-0.5608,0.3237,0.3403,0.5002,0.4604,0.2542
002017,东信和平,78.02,True,13.45,15.28,1,0.05,-11.99,-5.91,-11.99,0.0,2026-07-07,2026-07-07,13.08,0.48,0.5983,0.3267,0.688,0.0684,0.4555,0.254
002455,百川股份,46.65,True,7.06,7.8,0,-0.46,-14.31,-7.09,-9.46,0.0,2026-07-07,2026-07-07,33.33,0.3362,0.4983,0.6005,0.6011,0.5185,0.0,0.254
002439,启明星辰,91.44,True,12.55,12.96,0,-0.49,-12.66,-6.12,-3.13,0.0,2026-07-07,2026-07-07,42.44,0.2004,-0.3264,0.3509,0.1897,0.7209,0.4152,0.2539
600089,XD特变电,1040.88,True,20.6,22.54,1,1.18,-12.42,-6.46,-8.62,0.0,2026-07-07,2026-07-07,28.27,0.5823,-0.0327,0.4458,0.5363,0.4061,0.2569,0.2538
600582,天地科技,195.76,True,4.73,4.83,7,2.29,-13.32,-4.25,-2.01,0.0,2026-07-07,2026-07-07,36.81,0.1938,-0.042,0.3608,0.2995,0.5957,0.3987,0.2538
603657,春光科技,30.61,True,22.64,24.46,6,13.32,-18.24,-5.09,-7.44,0.0,2026-07-08,2026-07-08,42.7,0.0567,0.8837,0.8799,0.434,0.7267,0.0,0.2538
002391,长青股份,23.3,True,5.13,5.14,2,2.44,-8.22,-3.7,-0.16,0.0,2026-07-07,2026-07-07,47.15,-0.3156,-0.4035,0.2848,0.0386,0.8257,0.5254,0.2536
000546,金圆股份,33.58,True,4.82,5.12,2,3.52,-16.82,-6.03,-5.94,0.0,2026-07-07,2026-07-07,36.15,0.6155,-0.1801,0.5476,0.4973,0.5811,0.0874,0.2536
002705,新宝股份,91.91,True,11.38,11.43,2,1.67,-8.62,-4.4,-0.47,0.0,2026-07-07,2026-07-07,38.71,-0.11,-0.0824,0.2632,0.1671,0.638,0.5613,0.2536
003012,东鹏控股,51.28,True,4.52,4.6,1,0.47,-7.96,-4.6,-1.85,0.0,2026-07-07,2026-07-07,44.66,-0.0631,-0.3331,0.269,0.0668,0.7702,0.5517,0.2535
002112,三变科技,40.62,True,15.5,16.84,2,3.46,-12.96,-5.53,-7.97,0.0,2026-07-07,2026-07-07,28.86,0.6169,-0.0931,0.4547,0.5329,0.419,0.2421,0.2534
603258,电魂网络,28.26,True,11.71,12.58,0,-5.08,-10.82,-7.09,-6.95,0.0,2026-07-07,2026-07-07,30.06,-0.5511,1.367,0.3439,0.4,0.4457,0.4269,0.2532
601065,江盐集团,43.84,True,6.82,6.96,0,-0.54,-9.29,-4.85,-2.05,0.0,2026-07-07,2026-07-07,35.77,-0.2662,0.0081,0.2485,0.2032,0.5727,0.5858,0.2532
603969,银龙股份,65.33,True,7.69,7.58,6,6.65,-11.95,-4.55,1.47,0.0186,2026-06-30,2026-07-08,56.02,-0.1398,-0.2125,0.5141,0.115,0.9774,0.1431,0.2531
603859,能科科技,109.28,True,44.66,50.24,15,26.83,-11.11,4.87,-11.11,0.0825,2026-07-08,2026-07-08,39.8,0.5718,-0.4808,0.8152,0.3507,0.6622,0.0,0.2531
600482,中国动力,784.36,True,34.58,32.84,4,7.69,-13.6,-5.02,5.29,0.0704,2026-07-02,2026-07-07,59.63,0.2542,-0.4274,0.6533,0.1815,0.8972,0.0,0.253
605358,立昂微,447.64,True,57.97,69.36,18,27.41,-16.42,8.33,-16.42,0.084,2026-07-08,2026-07-08,35.36,0.6712,-0.4397,0.8045,0.4269,0.5635,0.0,0.253
002998,优彩资源,18.93,True,7.0,7.15,3,5.74,-13.92,-8.08,-2.12,0.0,2026-07-07,2026-07-07,42.73,-0.0641,2.1385,0.5699,0.4,0.7273,0.0502,0.253
600459,贵研铂业,172.3,True,22.68,26.03,19,20.71,-12.88,8.91,-12.88,0.2031,2026-07-07,2026-07-07,35.98,0.3724,-0.5433,0.8769,0.2234,0.5773,0.0,0.2525
600423,*ST柳化,19.09,True,2.39,2.39,3,7.74,-12.5,-6.48,-0.1,0.0,2026-07-07,2026-07-07,45.28,0.2845,-0.1468,0.5296,0.312,0.7841,0.1174,0.2524
002276,万马股份,100.51,True,9.98,10.63,0,-0.34,-12.7,-6.93,-6.09,0.0,2026-07-07,2026-07-07,34.49,0.1762,0.3093,0.4558,0.4294,0.5443,0.2403,0.2523
603201,常润股份,27.69,True,14.7,16.72,13,19.27,-22.2,-0.87,-12.08,0.0,2026-07-07,2026-07-07,42.39,0.0536,0.6481,0.991,0.4322,0.7197,0.0,0.252
600252,中恒集团,60.18,True,1.89,1.96,0,-0.15,-15.09,-6.99,-3.35,0.0,2026-07-07,2026-07-07,42.86,-0.469,0.2304,0.4689,0.2922,0.7302,0.2186,0.2519
603153,上海建科,53.14,True,13.16,13.38,2,0.56,-8.64,-4.66,-1.63,0.0,2026-07-07,2026-07-07,39.52,-0.3372,-0.1499,0.2581,0.14,0.6559,0.5698,0.2517
002022,科华生物,24.27,True,4.72,4.89,0,-0.19,-9.87,-6.16,-3.45,0.0,2026-07-07,2026-07-07,39.87,-0.3394,0.0709,0.3531,0.2284,0.6638,0.4115,0.2516
603395,红四方,13.15,True,20.23,21.53,0,-3.22,-10.7,-6.5,-6.02,0.0,2026-07-07,2026-07-07,29.24,0.4499,-0.1524,0.3462,0.409,0.4276,0.423,0.2512
603151,邦基科技,19.35,True,11.15,11.62,0,-0.84,-11.39,-7.5,-4.05,0.0,2026-07-07,2026-07-07,36.62,-0.3246,0.2521,0.3697,0.3008,0.5915,0.3838,0.2511
603124,江南新材,122.7,True,158.1,182.21,18,33.5,-13.23,13.05,-13.23,0.2056,2026-07-07,2026-07-07,29.96,0.2287,-0.0418,0.9026,0.3205,0.4435,0.0,0.251
600198,大唐电信,110.41,True,8.48,9.26,18,9.1,-9.52,2.48,-8.43,0.14,2026-07-07,2026-07-07,36.08,0.5251,-0.7516,0.6448,0.3151,0.5795,0.0,0.2507
603861,白云电器,72.31,True,13.68,14.32,4,10.38,-19.52,-7.86,-4.47,0.0,2026-07-08,2026-07-08,39.57,0.484,-0.0342,1.0746,0.4767,0.657,0.0,0.2506
002067,景兴纸业,52.97,True,3.96,4.02,2,3.38,-16.19,-9.96,-1.55,0.0,2026-07-07,2026-07-07,41.91,0.0283,0.416,0.5493,0.3834,0.7092,0.0845,0.2504
000893,亚钾国际,345.42,True,42.55,43.78,4,3.51,-10.9,-3.7,-2.81,0.0,2026-07-07,2026-07-07,46.97,-0.0653,0.361,0.7028,0.3444,0.8215,0.0,0.2504
600169,ST太重,65.66,True,1.97,2.07,0,-0.54,-12.86,-5.27,-5.01,0.0,2026-07-07,2026-07-07,29.51,-0.5812,0.8379,0.3453,0.4,0.4335,0.4246,0.2504
002434,万里扬,82.35,True,6.28,6.54,2,1.23,-13.69,-6.0,-3.97,0.0,2026-07-07,2026-07-07,32.94,0.2873,0.623,0.5786,0.5724,0.5097,0.0357,0.2504
603385,惠达卫浴,18.92,True,4.97,5.18,0,-0.79,-9.01,-6.61,-4.11,0.0,2026-07-07,2026-07-07,36.43,-0.5871,0.1645,0.3349,0.2658,0.5874,0.4418,0.2502
600586,金晶科技,59.95,True,4.23,4.54,0,-0.85,-12.76,-7.41,-6.87,0.0,2026-07-07,2026-07-07,30.77,0.8269,-0.5975,0.4647,0.4961,0.4615,0.2254,0.2502
002565,顺灏股份,115.11,True,10.86,12.92,0,-1.9,-15.91,-9.9,-15.91,0.0,2026-07-07,2026-07-07,24.66,0.6541,0.2222,0.5417,0.6814,0.3258,0.0972,0.2501
002592,ST八菱,16.1,True,6.13,6.43,2,3.37,-10.47,-5.37,-4.67,0.0,2026-07-07,2026-07-07,41.35,-0.1393,1.3368,0.5577,0.4,0.6966,0.0705,0.2499
603100,川仪股份,90.03,True,17.6,17.72,5,3.08,-8.9,-4.26,-0.65,0.0,2026-07-07,2026-07-07,48.15,-0.0426,-0.2186,0.3912,0.1125,0.8477,0.348,0.2499
603880,南卫股份,21.36,True,7.39,7.52,5,6.99,-9.37,-3.91,-1.72,0.0,2026-07-08,2026-07-08,43.74,-0.3395,1.5773,0.8743,0.4,0.7497,0.0,0.2499
603326,我乐家居,19.98,True,6.26,6.59,0,-2.63,-9.56,-7.12,-5.05,0.0,2026-07-07,2026-07-07,33.55,-0.1986,0.1597,0.2832,0.2639,0.5233,0.5281,0.2498
600527,江南高纤,35.85,True,2.07,2.24,0,-1.9,-12.2,-6.71,-7.75,0.0,2026-07-07,2026-07-07,29.41,0.7075,-0.5073,0.3706,0.4245,0.4314,0.3823,0.2497
600624,ST复华,25.0,True,3.68,3.71,2,7.14,-15.04,-7.47,-0.89,0.0,2026-07-07,2026-07-07,43.65,-0.033,0.8812,0.604,0.4,0.7477,0.0,0.2495
600995,南网储能,382.56,True,11.97,12.76,1,1.65,-13.29,-7.97,-6.19,0.0,2026-07-07,2026-07-07,26.06,0.7764,-0.702,0.3543,0.4658,0.3569,0.4095,0.2493
002215,诺 普 信,69.51,True,8.6,8.96,6,10.64,-8.92,-1.52,-3.96,0.0,2026-07-07,2026-07-07,30.48,0.8092,-0.2698,0.5446,0.5776,0.4552,0.0923,0.2493
603809,豪能股份,81.54,True,8.86,9.42,2,2.11,-12.76,-5.86,-5.95,0.0,2026-07-08,2026-07-08,39.61,0.5295,-0.4333,0.4744,0.3444,0.658,0.2093,0.2491
002085,万丰奥威,229.95,True,10.83,12.09,6,9.63,-11.01,-2.54,-10.41,0.0,2026-07-07,2026-07-07,19.76,0.8202,0.3269,0.6041,0.8229,0.2169,0.0,0.2491
002518,科士达,258.61,True,45.76,49.52,6,7.68,-17.11,-4.78,-7.6,0.0,2026-07-07,2026-07-07,40.76,0.2634,0.2224,0.7751,0.447,0.6836,0.0,0.2485
601216,君正集团,403.34,True,4.4,4.5,2,0.59,-10.33,-4.15,-2.19,0.0,2026-07-07,2026-07-07,35.65,-0.0453,0.2239,0.3525,0.2896,0.57,0.4125,0.2483
600192,长城电工,27.39,True,6.2,6.98,5,12.31,-13.05,-5.81,-11.14,0.0,2026-07-07,2026-07-07,29.0,0.7466,0.0182,0.6889,0.6552,0.4223,0.0,0.2483
000868,安凯客车,31.66,True,3.37,3.54,0,-2.73,-10.45,-6.22,-4.92,0.0,2026-07-07,2026-07-07,28.41,0.4044,-0.0746,0.3472,0.4128,0.4091,0.4213,0.2482
002760,凤形股份,17.88,True,16.56,17.27,0,-1.74,-15.41,-8.98,-4.12,0.0,2026-07-07,2026-07-07,35.89,0.1395,0.0074,0.354,0.2867,0.5754,0.4099,0.2482
600596,新安股份,176.8,True,13.1,15.34,17,19.36,-14.59,7.48,-14.59,0.0929,2026-07-07,2026-07-07,36.35,0.5769,-0.4259,0.8954,0.3758,0.5855,0.0,0.2482
000901,航天科技,130.27,True,16.32,17.78,1,1.78,-11.13,-5.39,-8.22,0.0,2026-07-07,2026-07-07,33.07,0.0651,0.7149,0.4569,0.439,0.5127,0.2385,0.2481
001223,欧克科技,27.31,True,39.1,47.05,15,14.85,-16.9,2.18,-16.9,0.0,2026-07-07,2026-07-07,40.23,0.7544,-0.7882,0.8756,0.4526,0.6718,0.0,0.2475
000778,新兴铸管,147.18,True,3.7,3.85,0,-1.43,-9.72,-4.91,-3.95,0.0,2026-07-07,2026-07-07,30.67,0.166,0.0205,0.2854,0.3078,0.4593,0.5244,0.2475
600243,*ST海华,15.23,True,3.47,3.71,5,6.52,-14.57,-3.34,-6.49,0.0,2026-07-07,2026-07-07,38.67,0.4442,-0.2834,0.4739,0.3531,0.637,0.2101,0.2472
600866,星湖科技,57.39,True,4.57,4.65,2,2.19,-12.46,-5.06,-1.8,0.0,2026-07-07,2026-07-07,40.68,0.0133,-0.1216,0.3166,0.1594,0.6817,0.4724,0.2471
002209,达 意 隆,16.3,True,10.42,10.95,0,-1.48,-11.02,-6.97,-4.81,0.0,2026-07-07,2026-07-07,36.96,0.3672,-0.1841,0.4381,0.3467,0.5992,0.2698,0.247
002708,光洋股份,63.81,True,12.35,13.77,5,4.91,-11.33,-3.79,-10.29,0.0,2026-07-07,2026-07-07,38.29,0.5117,-0.0555,0.6325,0.4848,0.6287,0.0,0.2469
002151,北斗星通,134.88,True,30.46,32.44,0,-0.55,-12.21,-5.88,-6.12,0.0,2026-07-07,2026-07-07,36.22,0.0133,0.2984,0.4058,0.3273,0.5826,0.3237,0.2469
002413,雷科防务,116.07,True,8.96,9.88,1,0.17,-10.42,-5.66,-9.31,0.0,2026-07-07,2026-07-07,32.41,0.169,0.3784,0.4635,0.4528,0.498,0.2275,0.2469
002681,奋达科技,69.05,True,4.4,4.76,0,-1.39,-10.76,-6.96,-7.47,0.0,2026-07-07,2026-07-07,34.92,0.7313,-0.6555,0.4949,0.4388,0.5538,0.1752,0.2467
603228,景旺电子,628.77,True,64.34,73.4,5,4.4,-12.35,-3.59,-12.35,0.0,2026-07-07,2026-07-07,35.71,0.7078,-0.2391,0.8312,0.529,0.5714,0.0,0.2465
002651,利君股份,42.18,True,7.46,7.74,1,1.69,-8.98,-4.61,-3.64,0.0,2026-07-07,2026-07-07,34.33,0.071,0.109,0.3332,0.2862,0.5406,0.4447,0.2464
603180,金牌家居,22.44,True,14.55,14.94,2,2.73,-11.73,-7.47,-2.58,0.0,2026-07-07,2026-07-07,45.13,0.6018,-0.5144,0.6459,0.3611,0.7807,0.0,0.2464
001278,一彬科技,12.92,True,15.15,16.4,0,-2.47,-15.46,-8.81,-7.61,0.0,2026-07-07,2026-07-07,32.82,0.5833,-0.7174,0.3705,0.35,0.5072,0.3825,0.2463
603737,三棵树,207.09,True,23.39,25.38,0,-4.04,-14.87,-9.58,-7.82,0.0,2026-07-08,2026-07-08,23.12,0.4214,0.1485,0.3609,0.5122,0.2915,0.3985,0.2461
000530,冰山冷热,30.61,True,5.1,5.51,4,12.76,-14.49,-5.24,-7.39,0.0,2026-07-07,2026-07-07,35.75,0.8778,-0.5686,0.6382,0.5267,0.5723,0.0,0.2461
003038,鑫铂股份,17.97,True,10.96,11.86,1,0.35,-9.17,-4.58,-7.57,0.0,2026-07-07,2026-07-07,25.69,0.5289,-0.1092,0.3682,0.4737,0.3487,0.3864,0.2461
002063,远光软件,89.52,True,5.06,5.21,0,-1.78,-13.58,-7.17,-2.82,0.0,2026-07-07,2026-07-07,35.79,0.3333,-0.6099,0.2754,0.2,0.5731,0.541,0.2458
003029,吉大正元,27.82,True,15.8,17.0,0,-3.35,-10.75,-7.37,-7.08,0.0,2026-07-07,2026-07-07,27.75,-0.5292,0.6837,0.3337,0.4,0.3945,0.4439,0.2455
002176,江特电机,163.74,True,9.61,10.68,1,0.62,-14.47,-6.66,-10.0,0.0,2026-07-07,2026-07-07,23.06,0.7223,0.0202,0.4918,0.6415,0.2902,0.1803,0.2454
002614,奥佳华,19.9,True,4.51,4.66,0,-0.75,-9.13,-5.45,-3.28,0.0,2026-07-07,2026-07-07,36.17,0.1529,-0.2913,0.2597,0.1752,0.5816,0.5672,0.2452
600727,鲁北化工,35.68,True,6.75,7.35,1,0.51,-12.47,-5.9,-8.14,0.0,2026-07-07,2026-07-07,35.29,0.7476,-0.6112,0.5182,0.4485,0.5621,0.1364,0.245
603613,国联股份,130.78,True,18.15,19.5,0,-1.28,-16.55,-10.32,-6.93,0.0,2026-07-07,2026-07-07,35.16,-0.1887,0.4015,0.4278,0.3606,0.559,0.287,0.245
603529,爱玛科技,167.39,True,19.75,20.11,3,1.11,-7.99,-2.7,-1.81,0.0106,2026-07-07,2026-07-07,35.16,0.3445,-0.4527,0.3101,0.2256,0.5591,0.4832,0.2449
002065,东华软件,196.58,True,6.76,7.17,3,1.28,-11.0,-3.82,-5.67,0.0,2026-07-07,2026-07-07,30.71,0.4598,-0.2135,0.3801,0.3905,0.4603,0.3665,0.2447
002373,千方科技,95.33,True,6.92,7.4,0,-0.01,-11.07,-5.18,-6.45,0.0,2026-07-07,2026-07-07,26.0,0.5364,-0.3135,0.302,0.3965,0.3556,0.4966,0.2447
000060,中金岭南,305.1,True,6.87,7.66,10,14.34,-10.34,-0.31,-10.34,0.0,2026-07-07,2026-07-07,35.8,0.5598,-0.0396,0.7214,0.52,0.5734,0.0,0.2447
002480,新筑股份,38.92,True,5.07,5.39,0,-2.82,-10.74,-6.64,-6.0,0.0,2026-07-07,2026-07-07,26.02,0.6354,-0.8172,0.2876,0.3812,0.3559,0.5206,0.2446
001259,利仁科技,29.43,True,61.9,67.39,3,2.53,-11.57,-4.09,-8.15,0.0,2026-07-07,2026-07-07,44.49,0.5771,-0.8317,0.5813,0.3462,0.7664,0.0311,0.2445
000831,中国稀土,538.46,True,50.74,56.45,13,21.64,-10.11,3.3,-10.11,0.0367,2026-07-07,2026-07-07,32.71,0.8281,-0.454,0.7185,0.5153,0.5047,0.0,0.2444
002388,新亚制程,24.85,True,4.91,5.3,4,3.52,-9.32,-2.67,-7.41,0.0,2026-07-07,2026-07-07,35.47,0.3698,0.0002,0.4974,0.422,0.5659,0.171,0.2443
603766,隆鑫通用,265.32,True,12.92,12.2,6,11.05,-11.77,-3.12,5.87,0.1641,2026-06-30,2026-07-08,69.23,-0.5323,-0.2436,0.5349,0.1026,0.6838,0.1085,0.2443
600262,北方股份,34.17,True,20.1,20.96,2,0.54,-9.56,-4.78,-4.12,0.0,2026-07-07,2026-07-07,30.62,-0.4781,0.4848,0.3842,0.3939,0.4581,0.3597,0.2441
600375,汉马科技,56.17,True,3.84,3.9,2,1.73,-11.64,-6.0,-1.59,0.0,2026-07-07,2026-07-07,33.61,0.2557,0.3226,0.5268,0.4825,0.5247,0.1219,0.2439
002222,福晶科技,358.89,True,76.56,91.42,5,6.94,-16.25,-5.72,-16.25,0.0,2026-07-07,2026-07-07,29.77,0.7529,-0.0687,0.7891,0.6243,0.4394,0.0,0.2439
601279,英利汽车,47.73,True,3.01,3.22,0,-4.04,-9.96,-6.42,-6.46,0.0,2026-07-07,2026-07-07,23.61,-0.4537,0.5998,0.2668,0.4,0.3025,0.5553,0.2438
002771,真视通,23.58,True,13.51,14.02,4,8.8,-18.69,-6.83,-3.65,0.0,2026-07-07,2026-07-07,39.02,0.3126,0.1785,0.7274,0.459,0.6448,0.0,0.2437
002382,蓝帆医疗,52.08,True,5.22,5.44,0,-2.27,-12.64,-9.04,-4.06,0.0,2026-07-07,2026-07-07,41.61,0.1151,-0.2667,0.3505,0.1624,0.7026,0.4158,0.2435
600633,浙数文化,128.33,True,10.12,10.63,0,-2.87,-11.41,-7.1,-4.78,0.0,2026-07-07,2026-07-07,33.98,0.2736,-0.0456,0.398,0.3459,0.5328,0.3367,0.2435
603293,埃泰克,13.96,True,39.79,41.03,2,1.63,-15.81,-6.53,-3.03,0.0,2026-07-07,2026-07-07,42.52,0.2236,-0.1773,0.4681,0.2632,0.7226,0.2199,0.2433
002432,九安医疗,278.0,True,59.75,67.27,4,2.06,-17.14,-5.82,-11.18,0.0,2026-07-07,2026-07-07,36.21,0.4938,0.0245,0.8339,0.5061,0.5825,0.0,0.243
603881,数据港,208.7,True,24.21,25.67,0,-3.65,-15.97,-9.36,-5.68,0.0,2026-07-08,2026-07-08,42.18,-0.4004,0.5633,0.7571,0.4,0.715,0.0,0.243
600592,龙溪股份,57.78,True,14.46,15.33,4,2.63,-22.34,-12.95,-5.66,0.0,2026-07-07,2026-07-07,39.38,0.0832,0.6489,0.7609,0.4499,0.6528,0.0,0.243
603277,银都股份,64.08,True,10.51,10.48,3,3.15,-11.27,-5.51,0.27,0.0,2026-07-02,2026-07-07,47.49,-0.3276,-0.3644,0.3488,0.0542,0.8331,0.4187,0.243
002530,金财互联,46.09,True,6.63,7.28,0,-0.42,-10.47,-5.74,-8.92,0.0,2026-07-07,2026-07-07,28.94,0.7768,-0.6054,0.4309,0.4661,0.4208,0.2819,0.243
002677,浙江美大,32.93,True,5.97,6.14,0,-0.32,-15.04,-9.47,-2.73,0.0,2026-07-07,2026-07-07,36.41,-0.2679,1.3585,0.498,0.4,0.5868,0.17,0.2429
002753,永东股份,17.54,True,5.93,6.12,1,0.1,-10.25,-4.82,-3.1,0.0,2026-07-07,2026-07-07,39.89,-0.305,0.0628,0.3854,0.2251,0.6642,0.3576,0.2428
600741,华域汽车,504.75,True,16.01,16.29,1,0.82,-6.13,-2.42,-1.71,0.0079,2026-07-07,2026-07-07,42.11,-0.0702,-0.2921,0.2964,0.0832,0.7135,0.506,0.2426
603966,法兰泰克,43.76,True,8.42,8.79,2,5.58,-10.53,-3.88,-4.18,0.0,2026-07-08,2026-07-08,36.42,0.4434,-0.3287,0.4338,0.3345,0.5871,0.277,0.2426
600135,乐凯胶片,42.05,True,7.6,8.41,0,-2.68,-16.47,-8.44,-9.62,0.0,2026-07-07,2026-07-07,18.8,0.7444,-0.1697,0.3652,0.5788,0.1956,0.3913,0.2425
600080,ST金花,17.69,True,4.74,4.74,4,4.45,-13.15,-7.38,0.03,0.0,2026-07-01,2026-07-07,44.22,0.3258,-0.3538,0.4939,0.254,0.7605,0.1769,0.2421
002324,普利特,85.08,True,10.96,12.27,8,5.36,-13.04,-2.69,-10.71,0.0,2026-07-07,2026-07-07,20.45,0.5698,0.2742,0.4696,0.6516,0.2322,0.2174,0.2419
002722,物产金轮,27.15,True,12.21,12.46,1,0.69,-9.86,-5.94,-1.97,0.0,2026-07-07,2026-07-07,37.72,-0.4889,-0.1333,0.273,0.1467,0.6161,0.545,0.2416
000561,烽火电子,55.04,True,7.09,7.6,0,-0.56,-10.16,-5.6,-6.75,0.0,2026-07-07,2026-07-07,32.16,0.216,0.0881,0.3921,0.3648,0.4924,0.3464,0.2416
600130,波导股份,30.6,True,4.08,4.56,1,3.61,-14.36,-7.12,-10.59,0.0,2026-07-07,2026-07-07,29.76,0.7519,-0.556,0.4372,0.4511,0.4392,0.2713,0.2413
600289,ST信通,31.24,True,5.52,5.54,4,8.79,-12.65,-4.79,-0.42,0.0,2026-07-07,2026-07-07,49.8,-0.2449,-0.1048,0.5008,0.1581,0.8844,0.1653,0.2412
603968,醋化股份,18.61,True,9.1,9.87,0,-3.97,-11.93,-8.48,-7.81,0.0,2026-07-08,2026-07-08,26.46,0.7203,-0.6743,0.3603,0.4322,0.3657,0.3996,0.2411
000815,美利云,90.38,True,13.0,15.47,5,7.91,-17.97,-7.02,-15.99,0.0,2026-07-07,2026-07-07,31.03,0.809,-0.2393,0.7737,0.5897,0.4674,0.0,0.2409
600241,时代万恒,19.72,True,6.7,6.99,1,5.41,-10.88,-7.29,-4.19,0.0,2026-07-07,2026-07-07,41.1,0.0178,2.766,0.6329,0.4107,0.6912,0.0,0.2409
002213,大为股份,68.94,True,33.35,37.63,10,12.3,-11.38,-0.31,-11.38,0.0,2026-07-07,2026-07-07,35.63,0.7359,-0.3339,0.6928,0.508,0.5695,0.0,0.2409
600426,华鲁恒升,534.26,True,25.26,25.96,0,-0.18,-12.96,-7.6,-2.7,0.0,2026-07-07,2026-07-07,41.36,0.1611,0.0464,0.5093,0.3152,0.6969,0.1512,0.2409
605277,新亚电子,61.04,True,15.99,18.03,6,5.98,-11.31,-3.17,-11.31,0.0,2026-07-08,2026-07-08,36.57,0.8171,-0.5062,0.6211,0.4902,0.5904,0.0,0.2406
002743,富煌钢构,17.08,True,3.93,4.17,0,-2.94,-11.48,-8.05,-5.86,0.0,2026-07-07,2026-07-07,35.33,-0.4329,0.2889,0.4038,0.3156,0.563,0.327,0.2405
603758,秦安股份,42.56,True,9.7,9.81,4,5.11,-13.36,-6.97,-1.12,0.0,2026-07-08,2026-07-08,45.56,0.0423,0.0334,0.5095,0.2387,0.7903,0.1509,0.2404
603617,君禾股份,24.44,True,6.32,7.2,7,5.28,-12.19,-1.89,-12.19,0.0,2026-07-07,2026-07-07,22.96,0.3043,0.6018,0.4519,0.5826,0.2879,0.2468,0.2403
002848,高斯贝尔,22.84,True,13.81,13.74,3,3.78,-20.19,-7.85,0.52,0.0,2026-07-02,2026-07-07,50.64,0.2484,-0.4858,0.5162,0.1547,0.9031,0.1397,0.2402
001208,华菱线缆,43.03,True,13.5,14.88,0,-2.03,-10.98,-6.5,-9.27,0.0,2026-07-07,2026-07-07,23.7,0.3486,0.2758,0.4021,0.5195,0.3043,0.3299,0.2402
603029,天鹅股份,17.3,True,14.26,14.99,0,-0.52,-11.32,-6.92,-4.85,0.0,2026-07-07,2026-07-07,36.65,0.133,-0.0674,0.3661,0.2528,0.5923,0.3898,0.2401
000590,古汉医药,19.29,True,8.06,8.88,0,-3.69,-11.47,-7.08,-9.26,0.0,2026-07-07,2026-07-07,26.64,-0.5941,1.1342,0.3364,0.4,0.3698,0.4394,0.2399
002235,安妮股份,48.44,True,8.75,8.74,3,4.78,-17.77,-8.98,0.1,0.0,2026-07-02,2026-07-07,42.89,0.4717,-0.271,0.6818,0.3746,0.7309,0.0,0.2398
001258,立新能源,62.72,True,6.72,7.38,0,-2.51,-21.09,-15.42,-8.91,0.0,2026-07-07,2026-07-07,19.79,0.9323,-0.7091,0.3752,0.5594,0.2176,0.3747,0.2396
000768,中航西飞,560.28,True,20.18,20.61,3,5.07,-10.0,-3.03,-2.07,0.0,2026-07-07,2026-07-07,42.19,0.452,-0.409,0.5222,0.3076,0.7153,0.1297,0.2394
603677,奇精机械,24.11,True,12.52,13.6,0,-2.87,-16.22,-10.55,-7.92,0.0,2026-07-08,2026-07-08,34.57,0.5377,-0.6496,0.4025,0.3226,0.546,0.3292,0.2392
600588,用友网络,307.53,True,9.0,9.61,0,-2.27,-14.09,-6.74,-6.39,0.0,2026-07-07,2026-07-07,32.97,0.5093,-0.3958,0.3989,0.3473,0.5106,0.3352,0.2392
603289,泰瑞机器,23.91,True,8.15,8.65,0,-3.34,-14.72,-10.82,-5.75,0.0,2026-07-07,2026-07-07,26.53,0.7104,-0.61,0.3639,0.4263,0.3673,0.3935,0.2391
600099,林海股份,17.92,True,8.18,8.58,0,-0.82,-10.3,-7.67,-4.63,0.0,2026-07-07,2026-07-07,34.03,0.1698,-0.1098,0.329,0.2579,0.5341,0.4517,0.2391
002912,中新赛克,29.14,True,17.96,19.04,0,-1.73,-12.64,-7.11,-5.66,0.0,2026-07-07,2026-07-07,31.43,0.1107,0.0883,0.3265,0.3017,0.4762,0.4558,0.239
001396,誉帆科技,7.98,True,35.13,37.77,0,-1.66,-13.92,-9.29,-6.99,0.0,2026-07-07,2026-07-07,31.59,-0.0133,0.4454,0.406,0.3782,0.4797,0.3234,0.239
003003,天元股份,11.98,True,10.17,10.53,0,-0.73,-10.93,-7.05,-3.41,0.0,2026-07-07,2026-07-07,37.65,0.0009,-0.0735,0.3069,0.1712,0.6144,0.4885,0.2389
601966,玲珑轮胎,156.16,True,10.67,10.96,0,-0.32,-11.4,-5.58,-2.68,0.0,2026-07-07,2026-07-07,35.16,-0.4699,-0.0183,0.2852,0.1927,0.5592,0.5246,0.2387
600854,春兰股份,21.66,True,4.17,4.3,1,0.59,-11.05,-6.85,-2.92,0.0,2026-07-07,2026-07-07,40.6,-0.2563,-0.0952,0.3511,0.1619,0.68,0.4149,0.2387
600720,中交设计,50.25,True,4.98,5.22,0,-2.58,-11.93,-7.97,-4.55,0.0,2026-07-07,2026-07-07,29.06,0.1382,0.009,0.2705,0.2865,0.4236,0.5491,0.2387
600963,岳阳林纸,54.31,True,3.09,3.28,0,-3.26,-14.98,-10.72,-5.84,0.0,2026-07-07,2026-07-07,25.68,-0.4978,0.597,0.3238,0.4,0.3483,0.4604,0.2387
000636,风华高科,708.79,True,61.26,68.96,18,42.37,-14.81,18.58,-11.16,0.2573,2026-07-07,2026-07-07,40.56,-0.1224,-0.5117,1.0726,0.0,0.6791,0.0,0.2387
600230,沧州大化,53.9,True,13.02,14.2,3,3.79,-11.32,-4.76,-8.3,0.0,2026-07-07,2026-07-07,34.74,0.0958,0.683,0.5434,0.4575,0.5498,0.0944,0.2385
603165,荣晟环保,42.5,True,13.59,14.31,1,1.51,-14.56,-6.24,-5.05,0.0,2026-07-07,2026-07-07,35.56,0.3169,0.2398,0.5871,0.486,0.5679,0.0215,0.2383
600468,百利电气,57.21,True,5.26,5.74,2,2.79,-15.06,-7.41,-8.35,0.0,2026-07-07,2026-07-07,33.88,0.2869,0.3098,0.5679,0.4961,0.5308,0.0536,0.2382
002380,科远智慧,47.07,True,33.1,36.08,0,-2.71,-13.75,-7.53,-8.27,0.0,2026-07-07,2026-07-07,34.29,0.5747,-0.3342,0.491,0.4111,0.5397,0.1817,0.238
002900,哈三联,15.5,True,9.62,9.81,3,2.0,-8.09,-3.43,-1.97,0.0,2026-07-07,2026-07-07,41.38,0.1258,-0.0808,0.4491,0.2432,0.6973,0.2515,0.238
600551,时代出版,45.63,True,6.73,6.9,0,-0.89,-6.16,-3.27,-2.5,0.0,2026-07-07,2026-07-07,29.91,-0.2644,-0.0117,0.1973,0.1953,0.4424,0.6712,0.238
002418,康盛股份,41.48,True,3.65,4.19,3,8.05,-17.77,-8.88,-12.79,0.0,2026-07-07,2026-07-07,35.2,0.462,0.0656,0.7392,0.5034,0.56,0.0,0.2379
002489,浙江永强,52.8,True,2.76,3.0,0,-4.59,-17.75,-12.09,-7.88,0.0,2026-07-07,2026-07-07,24.39,0.6734,-0.5894,0.3086,0.404,0.3198,0.4856,0.2378
002347,泰尔股份,27.88,True,5.65,6.2,0,-1.95,-13.64,-9.11,-8.8,0.0,2026-07-07,2026-07-07,26.67,0.1162,0.8851,0.4156,0.4697,0.3704,0.3073,0.2376
601238,广汽集团,379.52,True,5.14,5.46,0,-3.4,-12.46,-6.95,-5.82,0.0,2026-07-07,2026-07-07,23.36,-0.6536,0.7468,0.2872,0.4,0.2968,0.5214,0.2376
600081,东风科技,51.54,True,9.32,9.75,0,-1.14,-11.19,-7.28,-4.43,0.0,2026-07-07,2026-07-07,30.8,0.3489,-0.1637,0.3641,0.3439,0.4621,0.3932,0.2374
600227,赤天化,30.79,True,2.41,2.66,0,-3.74,-13.3,-8.65,-9.24,0.0,2026-07-07,2026-07-07,29.0,0.7727,-0.3466,0.5138,0.525,0.4222,0.1437,0.2372
600184,光电股份,133.44,True,22.9,27.4,13,16.97,-16.43,1.58,-16.43,0.0,2026-07-07,2026-07-07,39.94,0.6533,-0.4385,0.9813,0.4166,0.6653,0.0,0.2372
002957,科瑞技术,186.14,True,44.46,53.52,8,14.83,-16.93,-2.91,-16.93,0.0,2026-07-07,2026-07-07,34.22,0.8632,-0.641,0.7584,0.5179,0.5381,0.0,0.2371
600876,凯盛新能,27.14,True,6.86,8.03,3,13.03,-15.39,-6.18,-14.52,0.0,2026-07-07,2026-07-07,32.72,0.4736,0.1478,0.7003,0.5433,0.505,0.0,0.2368
603008,ST喜临门,29.39,True,7.98,8.64,9,5.52,-10.3,-2.22,-7.59,0.0,2026-07-07,2026-07-07,22.26,0.8004,-0.5958,0.3512,0.4802,0.2725,0.4146,0.2368
002021,中捷资源,28.93,True,2.42,2.52,4,1.8,-14.04,-5.16,-3.87,0.0,2026-07-07,2026-07-07,43.97,0.2453,-0.0102,0.6858,0.3431,0.7548,0.0,0.2367
002724,海洋王,27.25,True,4.8,5.05,1,0.05,-7.72,-4.43,-4.95,0.0,2026-07-07,2026-07-07,30.4,0.0325,0.1309,0.2882,0.2718,0.4533,0.5196,0.2366
002533,金杯电工,67.46,True,10.58,11.03,1,0.56,-13.69,-6.83,-4.1,0.0,2026-07-07,2026-07-07,35.4,0.2843,-0.1452,0.4176,0.3125,0.5644,0.304,0.2366
002879,长缆科技,18.24,True,13.3,14.03,0,-0.45,-11.87,-7.46,-5.21,0.0,2026-07-07,2026-07-07,27.09,-0.1735,0.932,0.3598,0.4,0.3799,0.4004,0.236
002692,远程股份,26.7,True,3.72,3.98,0,-3.68,-14.0,-9.42,-6.64,0.0,2026-07-07,2026-07-07,25.22,0.3547,0.0181,0.3468,0.4201,0.3382,0.422,0.236
001319,铭科精技,13.74,True,21.65,21.87,5,3.95,-13.56,-4.5,-1.0,0.0,2026-07-07,2026-07-07,40.82,0.2831,-0.0313,0.5613,0.3574,0.6848,0.0645,0.236
603275,众辰科技,16.22,True,39.05,40.07,3,3.55,-13.42,-5.62,-2.55,0.0,2026-07-07,2026-07-07,37.43,0.4156,-0.2874,0.4786,0.3344,0.6095,0.2024,0.2359
001336,楚环科技,10.76,True,21.81,23.48,0,-3.72,-11.21,-8.34,-7.1,0.0,2026-07-07,2026-07-07,29.26,0.2689,-0.1414,0.3036,0.3048,0.428,0.494,0.2359
000410,沈阳机床,91.65,True,4.65,4.97,1,0.37,-11.31,-5.47,-6.38,0.0,2026-07-07,2026-07-07,31.18,0.2988,0.0313,0.4247,0.3918,0.4707,0.2922,0.2359
603655,朗博科技,30.49,True,28.76,31.02,0,-0.37,-14.66,-10.12,-7.29,0.0,2026-07-07,2026-07-07,35.76,-0.1099,0.413,0.4794,0.3652,0.5724,0.2011,0.2359
002545,东方铁塔,203.77,True,18.03,18.45,0,-1.94,-15.81,-9.8,-2.29,0.0,2026-07-07,2026-07-07,38.98,-0.0644,0.8412,0.5719,0.4,0.644,0.0468,0.2358
603348,文灿股份,42.67,True,13.57,14.25,0,-1.76,-12.44,-7.83,-4.76,0.0,2026-07-07,2026-07-07,32.04,-0.0765,0.2347,0.3432,0.2939,0.4898,0.4279,0.2356
603217,元利科技,45.18,True,21.71,23.2,1,2.72,-16.98,-7.21,-6.43,0.0,2026-07-07,2026-07-07,34.56,-0.095,0.7894,0.4948,0.4,0.5458,0.1754,0.2355
600609,金杯汽车,40.83,True,3.13,3.27,0,-1.42,-8.62,-5.67,-4.38,0.0,2026-07-07,2026-07-07,31.08,0.2815,-0.2697,0.294,0.2611,0.4685,0.5099,0.2354
002759,天际股份,114.57,True,22.87,26.19,4,3.02,-20.5,-7.78,-12.68,0.0,2026-07-07,2026-07-07,31.54,0.5642,0.0495,0.7112,0.5584,0.4787,0.0,0.2353
603232,格尔软件,32.57,True,14.08,15.71,0,-7.35,-18.64,-12.98,-10.4,0.0,2026-07-07,2026-07-07,29.68,0.8208,-0.7705,0.5018,0.4925,0.4374,0.1637,0.2352
002278,神开股份,26.91,True,7.5,8.11,0,-3.44,-10.17,-6.74,-7.49,0.0,2026-07-07,2026-07-07,24.75,0.0551,0.4138,0.32,0.3985,0.3277,0.4667,0.2352
002540,亚太科技,41.28,True,4.81,4.89,0,-0.27,-9.48,-5.48,-1.63,0.0,2026-07-07,2026-07-07,35.29,-0.3758,-0.0832,0.276,0.1667,0.5621,0.54,0.2351
605488,福莱新材,83.26,True,30.17,31.85,5,6.92,-19.8,-6.11,-5.29,0.0,2026-07-08,2026-07-08,41.97,0.204,0.1206,0.882,0.3707,0.7105,0.0,0.2348
600847,万里股份,19.38,True,12.64,14.15,2,2.61,-10.69,-5.36,-10.69,0.0,2026-07-07,2026-07-07,37.45,0.6177,-0.3925,0.5628,0.4136,0.6101,0.062,0.2347
603895,天永智能,33.73,True,31.21,30.32,5,4.95,-16.4,-8.27,2.93,0.0,2026-07-01,2026-07-08,53.53,0.0329,-0.2185,0.5676,0.1323,0.9672,0.054,0.2346
002043,兔 宝 宝,94.96,True,11.76,11.72,1,0.35,-9.92,-5.14,0.35,0.0,2026-07-06,2026-07-07,43.8,0.1199,-0.3421,0.3975,0.1351,0.7511,0.3375,0.2346
002881,美格智能,66.06,True,36.3,39.55,0,-0.08,-17.52,-7.17,-8.21,0.0,2026-07-07,2026-07-07,37.95,0.7343,-0.5096,0.7118,0.4406,0.6211,0.0,0.2344
603709,中源家居,16.79,True,13.42,14.36,0,-3.17,-11.11,-7.69,-6.53,0.0,2026-07-08,2026-07-08,31.86,0.2791,-0.2297,0.3268,0.2756,0.4857,0.4553,0.2343
600336,澳柯玛,48.84,True,6.12,6.62,0,-2.87,-15.07,-9.3,-7.62,0.0,2026-07-07,2026-07-07,27.7,0.3385,0.0766,0.4112,0.4337,0.3933,0.3146,0.2343
002571,德力股份,30.73,True,10.3,10.96,3,5.02,-12.68,-5.66,-6.02,0.0,2026-07-07,2026-07-07,32.49,0.6715,-0.5837,0.4654,0.4029,0.4999,0.2243,0.2343
603327,福蓉科技,89.91,True,8.6,9.77,9,10.37,-19.63,-4.63,-11.99,0.0,2026-07-07,2026-07-07,31.4,0.293,0.4511,0.8319,0.5563,0.4755,0.0,0.2342
601311,XD骆驼股,89.16,True,7.6,7.68,1,1.3,-10.15,-4.58,-1.08,0.0,2026-07-07,2026-07-07,38.27,0.2731,-0.5078,0.3295,0.1639,0.6281,0.4509,0.2342
002513,蓝丰生化,13.73,True,4.75,5.16,0,-1.66,-11.29,-7.86,-7.87,0.0,2026-07-07,2026-07-07,24.24,0.7355,-0.0773,0.527,0.6103,0.3165,0.1217,0.2341
002204,大连重工,100.24,True,5.19,5.46,0,-0.96,-8.12,-4.48,-4.96,0.0,2026-07-07,2026-07-07,28.32,-0.1493,0.2062,0.2721,0.2825,0.4071,0.5465,0.234
002510,天汽模,53.16,True,5.29,5.96,0,-1.23,-15.05,-6.94,-11.25,0.0,2026-07-07,2026-07-07,30.12,0.4327,0.1252,0.5315,0.5097,0.4471,0.1142,0.234
002381,双箭股份,17.07,True,5.3,5.41,2,0.65,-6.74,-4.28,-2.0,0.0,2026-07-07,2026-07-07,37.72,-0.0936,-0.2086,0.2733,0.1166,0.616,0.5444,0.234
002322,理工能科,34.51,True,9.82,10.22,0,-1.07,-9.27,-5.77,-3.9,0.0,2026-07-07,2026-07-07,31.96,-0.3014,0.071,0.2833,0.2284,0.4881,0.5278,0.2339
002863,今飞凯达,25.96,True,4.33,4.55,0,-1.98,-10.18,-6.42,-4.75,0.0,2026-07-07,2026-07-07,29.52,-0.3732,0.1836,0.2847,0.2734,0.4339,0.5254,0.2339
603205,健尔康,8.69,True,21.01,21.59,0,-0.18,-10.61,-6.35,-2.68,0.0,2026-07-07,2026-07-07,39.57,0.1261,-0.2437,0.368,0.1782,0.657,0.3866,0.2339
603278,大业股份,35.1,True,10.27,11.76,2,0.5,-14.7,-7.19,-12.66,0.0,2026-07-07,2026-07-07,28.11,0.6962,-0.011,0.7376,0.6133,0.4025,0.0,0.2338
605268,王力安防,40.27,True,9.14,9.48,0,-1.31,-8.5,-5.9,-3.57,0.0,2026-07-08,2026-07-08,35.18,0.2744,-0.4768,0.2867,0.1739,0.5595,0.5222,0.2337
002870,香山股份,49.64,True,38.26,39.59,5,1.87,-6.75,-1.74,-3.37,0.0387,2026-07-07,2026-07-07,33.21,0.2302,-0.3221,0.3491,0.2093,0.5158,0.4182,0.2337
600844,金煤科技,20.24,True,2.46,2.63,0,-4.15,-12.48,-8.61,-6.37,0.0,2026-07-07,2026-07-07,29.33,0.3927,-0.2146,0.3597,0.3498,0.4296,0.4005,0.2335
001323,慕思股份,51.04,True,16.4,17.35,1,0.21,-14.4,-7.98,-5.46,0.0,2026-07-07,2026-07-07,29.5,-0.0658,0.2928,0.3308,0.3171,0.4334,0.4486,0.2333
002429,兆驰股份,501.75,True,11.09,10.98,4,1.77,-12.78,-5.08,0.97,0.0,2026-07-06,2026-07-07,40.0,-0.0969,0.5163,0.6744,0.4,0.6667,0.0,0.2333
603596,伯特利,230.51,True,25.68,26.53,1,2.76,-16.82,-9.26,-3.21,0.0,2026-07-07,2026-07-07,38.56,0.2479,0.1911,0.6215,0.4252,0.6347,0.0,0.2332
000665,湖北广电,40.71,True,3.58,3.89,0,-4.09,-10.49,-7.25,-7.89,0.0,2026-07-07,2026-07-07,22.83,0.4514,-0.1052,0.3243,0.4288,0.285,0.4595,0.2331
603308,应流股份,385.09,True,56.71,61.96,6,7.4,-15.31,-4.34,-8.48,0.0,2026-07-07,2026-07-07,42.83,0.2401,0.009,0.6688,0.3477,0.7296,0.0,0.2328
002241,歌尔股份,663.12,True,21.08,22.81,0,-2.49,-11.01,-6.7,-7.59,0.0,2026-07-07,2026-07-07,35.5,0.5649,-0.7204,0.4618,0.3389,0.5668,0.2304,0.2326
002496,辉丰股份,24.81,True,2.1,2.13,2,5.68,-18.72,-8.63,-1.59,0.0,2026-07-07,2026-07-07,39.82,-0.232,1.0145,0.7229,0.4,0.6627,0.0,0.2325
002590,万安科技,49.15,True,9.93,10.58,0,-3.06,-11.59,-7.39,-6.13,0.0,2026-07-07,2026-07-07,25.38,0.6595,-0.583,0.3397,0.3957,0.3419,0.4339,0.2324
001217,华尔泰,28.58,True,8.71,9.14,0,-0.38,-10.1,-5.77,-4.67,0.0,2026-07-07,2026-07-07,35.74,-0.0416,0.225,0.4189,0.29,0.572,0.3019,0.2322
603391,力聚热能,12.66,True,55.65,54.84,4,3.72,-15.11,-6.25,1.47,0.0,2026-07-01,2026-07-07,46.08,0.0885,-0.4967,0.3685,0.0544,0.8018,0.3858,0.2318
002264,新 华 都,38.44,True,5.87,6.02,0,-0.37,-10.94,-6.56,-2.56,0.0,2026-07-07,2026-07-07,38.1,-0.1545,-0.0993,0.3337,0.1603,0.6243,0.4439,0.2315
600875,东方电气,642.8,True,28.4,30.14,0,-0.18,-15.65,-7.98,-5.77,0.0,2026-07-07,2026-07-07,38.46,0.2734,-0.0653,0.5178,0.3379,0.6325,0.1371,0.2315
600682,南京新百,62.16,True,5.34,5.64,5,3.67,-10.73,-2.94,-5.37,0.0,2026-07-07,2026-07-07,40.19,0.4007,-0.1845,0.5778,0.3666,0.6708,0.0371,0.2314
603528,多伦科技,40.66,True,5.76,6.33,0,-2.07,-11.46,-7.95,-9.06,0.0,2026-07-07,2026-07-07,22.92,0.4813,0.306,0.5173,0.6111,0.287,0.1378,0.2309
002685,华东重机,60.65,True,6.02,6.55,0,-4.13,-17.98,-10.07,-8.13,0.0,2026-07-07,2026-07-07,37.55,0.3739,-0.2212,0.5028,0.3359,0.6122,0.162,0.2307
600218,全柴动力,31.76,True,7.29,7.68,0,-3.15,-8.81,-6.09,-5.1,0.0,2026-07-07,2026-07-07,27.38,-0.3716,0.2281,0.2776,0.2912,0.3862,0.5373,0.2307
600319,亚星化学,24.12,True,6.22,6.66,0,-3.82,-10.18,-6.44,-6.6,0.0,2026-07-07,2026-07-07,28.41,-0.1319,0.2278,0.2959,0.2911,0.4091,0.5068,0.2306
603208,江山欧派,18.85,True,10.72,11.23,0,-1.75,-12.41,-7.2,-4.54,0.0,2026-07-07,2026-07-07,40.49,-0.0688,-0.0178,0.413,0.1929,0.6776,0.3117,0.2305
601865,福莱特,186.3,True,9.8,10.47,0,-1.07,-13.09,-5.69,-6.43,0.0,2026-07-07,2026-07-07,31.27,0.0941,-0.0134,0.3077,0.2511,0.4727,0.4872,0.2304
002585,双星新材,100.82,True,11.37,12.87,15,30.49,-19.59,9.49,-11.68,0.1839,2026-07-07,2026-07-07,34.54,0.2563,-0.4078,1.112,0.1907,0.5454,0.0,0.2303
002523,天桥起重,41.92,True,2.97,3.15,0,-1.96,-10.12,-6.12,-5.67,0.0,2026-07-07,2026-07-07,31.33,0.2535,-0.2288,0.3191,0.2606,0.4739,0.4681,0.2302
603028,赛福天,18.42,True,6.48,7.07,0,-3.4,-13.34,-9.09,-8.36,0.0,2026-07-07,2026-07-07,29.96,-0.3618,0.3881,0.3894,0.3552,0.4435,0.3511,0.2302
002011,盾安环境,110.63,True,10.44,10.64,3,2.5,-12.17,-6.54,-1.91,0.0,2026-07-07,2026-07-07,40.83,0.0753,-0.196,0.3946,0.1668,0.6851,0.3423,0.2301
605298,必得科技,89.83,True,48.23,53.54,7,8.01,-11.02,-2.32,-9.92,0.0,2026-07-08,2026-07-08,32.33,0.5692,-0.1621,0.5545,0.4767,0.4961,0.0759,0.2298
000570,苏常柴Ａ,26.84,True,4.83,4.99,0,-0.77,-10.89,-7.15,-3.25,0.0,2026-07-07,2026-07-07,34.48,-0.2202,-0.0601,0.292,0.1759,0.5441,0.5133,0.2298
001231,农心科技,9.4,True,18.39,19.46,0,-2.1,-11.6,-7.34,-5.52,0.0,2026-07-07,2026-07-07,32.75,-0.095,0.0886,0.3215,0.2354,0.5056,0.4641,0.2296
600037,歌华有线,86.71,True,6.23,6.48,0,-1.57,-11.35,-5.93,-3.9,0.0,2026-07-07,2026-07-07,31.03,0.2432,-0.4045,0.2403,0.1841,0.4674,0.5996,0.2294
002824,和胜股份,67.17,True,29.7,33.58,18,39.83,-11.54,13.9,-11.54,0.2478,2026-07-07,2026-07-07,34.61,0.1381,-0.5841,0.8202,0.0829,0.547,0.0,0.2292
603888,新华网,113.76,True,16.86,17.87,6,2.63,-7.23,-3.03,-5.68,0.0,2026-07-08,2026-07-08,24.79,0.6343,-0.4962,0.3283,0.3821,0.3287,0.4529,0.2292
000553,安道麦A,124.75,True,5.73,5.8,2,1.44,-11.86,-4.72,-1.2,0.0,2026-07-07,2026-07-07,42.31,-0.2636,-0.2111,0.3734,0.1156,0.7179,0.3777,0.2291
002378,章源钨业,346.47,True,28.99,34.59,16,26.57,-16.2,6.97,-16.2,0.0239,2026-07-07,2026-07-07,34.94,0.6658,-0.4122,0.995,0.4346,0.5541,0.0,0.229
600481,双良节能,91.44,True,4.43,4.81,3,5.39,-23.06,-10.01,-7.89,0.0,2026-07-07,2026-07-07,38.17,0.5723,-0.3223,0.6476,0.4145,0.6261,0.0,0.2288
600765,中航重机,201.05,True,12.95,13.45,2,1.06,-9.8,-3.94,-3.71,0.0,2026-07-07,2026-07-07,36.31,0.1707,-0.2222,0.3668,0.2136,0.5847,0.3886,0.2286
600640,国脉文化,78.44,True,9.91,10.35,0,-2.35,-12.18,-7.41,-4.22,0.0,2026-07-07,2026-07-07,32.63,0.3045,-0.388,0.3156,0.2275,0.5028,0.4741,0.2285
002362,汉王科技,30.64,True,14.76,16.89,8,11.56,-13.59,-3.36,-12.63,0.0,2026-07-07,2026-07-07,20.06,0.8311,0.0863,0.5982,0.7332,0.2236,0.003,0.2285
002103,广博股份,23.02,True,5.93,6.17,0,-1.12,-11.1,-7.17,-3.84,0.0,2026-07-07,2026-07-07,34.27,-0.1992,-0.0599,0.2939,0.1761,0.5392,0.5102,0.2284
002224,三 力 士,26.53,True,3.29,3.45,0,-1.26,-8.08,-4.82,-4.69,0.0,2026-07-07,2026-07-07,29.63,-0.4706,0.1113,0.2809,0.2445,0.4362,0.5318,0.2281
600589,大位科技,132.03,True,8.93,9.85,2,4.51,-17.22,-7.13,-9.38,0.0,2026-07-07,2026-07-07,39.21,0.6309,-0.4655,0.7006,0.3923,0.6491,0.0,0.2279
002599,盛通股份,21.21,True,5.33,5.51,0,-0.11,-14.26,-8.2,-3.23,0.0,2026-07-07,2026-07-07,35.54,-0.2137,0.1471,0.4015,0.2588,0.5676,0.3309,0.2279
603172,万丰股份,22.21,True,16.65,17.89,0,-1.55,-13.02,-7.14,-6.92,0.0,2026-07-07,2026-07-07,33.94,0.1236,0.1968,0.4671,0.3529,0.532,0.2215,0.2278
605122,四方新材,18.2,True,10.56,11.4,0,-3.95,-10.09,-8.04,-7.36,0.0,2026-07-08,2026-07-08,29.1,0.2186,-0.2339,0.2675,0.2376,0.4244,0.5542,0.2274
603321,梅轮电梯,20.05,True,5.82,6.1,0,-1.13,-8.2,-5.37,-4.52,0.0,2026-07-07,2026-07-07,35.48,-0.4016,-0.1209,0.295,0.1516,0.5663,0.5083,0.2274
002035,华帝股份,35.5,True,4.54,4.71,0,-0.61,-8.13,-4.35,-3.53,0.0,2026-07-07,2026-07-07,33.67,-0.3709,-0.1152,0.2654,0.1539,0.5261,0.5576,0.2273
002932,*ST明德,22.35,True,14.32,14.73,3,1.7,-7.62,-4.12,-2.81,0.0,2026-07-07,2026-07-07,37.41,-0.4086,-0.2665,0.2719,0.0934,0.6091,0.5468,0.2272
001301,尚太科技,153.13,True,58.95,63.56,13,4.14,-7.49,-0.34,-7.25,0.0561,2026-07-07,2026-07-07,35.49,0.1485,0.191,0.6602,0.3655,0.5664,0.0,0.2271
002985,北摩高科,86.34,True,26.09,28.45,4,2.13,-11.75,-4.82,-8.28,0.0,2026-07-07,2026-07-07,26.37,0.3911,0.3783,0.5693,0.586,0.3638,0.0511,0.2269
600722,金牛化工,53.2,True,7.82,8.89,0,-0.52,-14.94,-10.55,-12.08,0.0,2026-07-07,2026-07-07,25.89,0.7588,-0.0761,0.7001,0.6249,0.3531,0.0,0.2268
000985,大庆华科,18.72,True,14.44,15.28,0,-3.92,-10.2,-7.1,-5.52,0.0,2026-07-07,2026-07-07,32.48,-0.2103,0.0238,0.3028,0.2095,0.4996,0.4954,0.2266
600100,同方股份,221.12,True,6.6,6.91,0,-1.36,-13.27,-7.11,-4.55,0.0,2026-07-07,2026-07-07,35.47,0.1679,-0.1734,0.3785,0.2314,0.5659,0.3692,0.2264
002097,山河智能,77.01,True,7.18,7.76,0,-3.95,-11.46,-7.0,-7.45,0.0,2026-07-07,2026-07-07,19.19,-0.4845,0.492,0.2558,0.3968,0.2041,0.5736,0.2261
603376,大明电子,7.76,True,24.24,25.7,0,-1.01,-12.86,-6.91,-5.69,0.0,2026-07-07,2026-07-07,30.31,0.4335,-0.7766,0.3165,0.2601,0.4513,0.4724,0.2261
002109,ST兴化,34.08,True,2.67,2.6,4,6.77,-12.55,-5.53,2.61,0.0,2026-07-01,2026-07-07,50.0,0.0044,-0.3546,0.4679,0.0608,0.8889,0.2202,0.226
600839,四川长虹,301.36,True,6.53,6.8,4,2.03,-13.58,-5.36,-4.03,0.0,2026-07-07,2026-07-07,37.44,0.2804,-0.3061,0.4303,0.2458,0.6098,0.2829,0.2258
603801,志邦家居,23.93,True,5.51,5.87,0,-4.67,-12.86,-9.33,-6.16,0.0,2026-07-08,2026-07-08,26.5,-0.5572,0.2735,0.2993,0.3094,0.3666,0.5011,0.2258
002398,垒知集团,22.43,True,3.74,3.97,0,-3.34,-8.99,-6.35,-5.75,0.0,2026-07-07,2026-07-07,26.25,0.1531,-0.1113,0.2336,0.2473,0.3611,0.6107,0.2257
002104,恒宝股份,58.71,True,9.79,10.85,0,-2.79,-11.95,-7.46,-9.77,0.0,2026-07-07,2026-07-07,25.0,-0.1885,0.6873,0.364,0.4,0.3333,0.3934,0.2257
601702,华峰铝业,149.08,True,14.93,15.63,1,5.86,-20.11,-11.12,-4.49,0.0,2026-07-07,2026-07-07,29.29,0.5592,-0.2749,0.4659,0.4255,0.4287,0.2235,0.2256
002190,成飞集成,82.58,True,23.02,25.03,1,0.64,-14.42,-6.58,-8.03,0.0,2026-07-07,2026-07-07,33.16,0.7312,-0.4472,0.5708,0.4598,0.5146,0.0487,0.2252
002802,洪汇新材,15.51,True,10.36,11.41,0,-3.13,-11.2,-7.7,-9.21,0.0,2026-07-07,2026-07-07,24.78,0.0928,0.3676,0.365,0.4027,0.3285,0.3916,0.2251
001285,瑞立科密,17.02,True,41.02,43.19,1,0.03,-10.64,-5.52,-5.02,0.0,2026-07-07,2026-07-07,34.63,-0.174,0.2211,0.4261,0.2884,0.5473,0.2898,0.225
603076,乐惠国际,24.94,True,20.66,21.73,0,-0.42,-12.37,-8.11,-4.91,0.0,2026-07-07,2026-07-07,39.87,0.1138,-0.2593,0.3959,0.1646,0.6638,0.3402,0.2249
001288,运机集团,36.36,True,23.94,25.41,8,9.5,-9.43,-1.66,-5.8,0.0,2026-07-07,2026-07-07,36.44,0.4291,-0.0771,0.5973,0.4266,0.5876,0.0044,0.2248
002942,新农股份,20.65,True,14.88,15.4,0,-0.72,-9.48,-5.97,-3.36,0.0,2026-07-07,2026-07-07,34.4,-0.581,-0.0248,0.3252,0.1901,0.5421,0.458,0.2246
002135,东南网架,66.6,True,6.38,6.92,2,4.57,-16.07,-5.91,-7.76,0.0,2026-07-07,2026-07-07,25.56,0.8026,-0.3086,0.5367,0.5581,0.3458,0.1054,0.2245
002028,思源电气,1013.63,True,165.25,176.95,3,5.87,-13.5,-5.76,-6.61,0.0,2026-07-07,2026-07-07,45.84,0.1557,-0.0829,0.6965,0.2602,0.7965,0.0,0.2244
000878,云南铜业,309.16,True,15.43,16.86,5,10.67,-12.19,-4.0,-8.46,0.0,2026-07-07,2026-07-07,34.0,0.761,-0.4652,0.6439,0.4705,0.5334,0.0,0.2243
603089,正裕工业,20.11,True,8.38,9.08,0,-3.27,-13.08,-8.2,-7.71,0.0,2026-07-07,2026-07-07,28.41,-0.1075,0.327,0.3611,0.3308,0.4092,0.3982,0.2243
601608,中信重工,211.12,True,4.61,5.0,0,-2.16,-9.85,-6.45,-7.76,0.0,2026-07-07,2026-07-07,26.09,0.2093,0.0327,0.3284,0.3387,0.3575,0.4527,0.2241
600416,湘电股份,136.51,True,9.25,10.1,1,0.02,-16.83,-7.27,-8.38,0.0,2026-07-07,2026-07-07,26.83,0.6713,-0.3171,0.4788,0.4759,0.374,0.202,0.2241
000737,北方铜业,244.92,True,12.86,13.79,8,10.62,-10.03,-2.07,-6.77,0.0,2026-07-07,2026-07-07,33.03,0.8105,-0.5208,0.6771,0.4863,0.5117,0.0,0.2239
600810,神马股份,64.2,True,5.94,6.47,11,10.81,-11.23,0.94,-8.12,0.0,2026-07-07,2026-07-07,34.95,0.1991,0.0284,0.4796,0.3308,0.5544,0.2006,0.2237
002657,中科金财,58.49,True,17.4,20.98,17,15.09,-17.08,4.11,-17.08,0.0,2026-07-07,2026-07-07,36.83,0.5952,-0.3486,0.8756,0.4177,0.5963,0.0,0.2237
600308,华泰股份,47.48,True,3.13,3.19,1,0.08,-8.9,-5.58,-1.74,0.0,2026-07-07,2026-07-07,37.65,-0.5395,-0.1802,0.3246,0.1279,0.6144,0.459,0.2237
002868,绿康生化,27.04,True,25.27,24.81,3,5.66,-19.57,-10.37,1.85,0.0,2026-07-02,2026-07-07,45.33,-0.0632,0.1658,0.6566,0.2663,0.785,0.0,0.2236
002576,通达动力,23.27,True,14.36,15.23,1,1.14,-12.11,-7.82,-5.69,0.0,2026-07-07,2026-07-07,32.67,0.3956,-0.2152,0.4601,0.3513,0.5039,0.2332,0.2236
002529,海源复材,17.76,True,6.83,7.4,2,4.63,-10.63,-5.72,-7.67,0.0,2026-07-07,2026-07-07,26.57,0.41,0.3838,0.6159,0.5995,0.3682,0.0,0.2235
603933,睿能科技,43.77,True,21.09,22.91,5,2.46,-11.08,-3.18,-7.95,0.0,2026-07-08,2026-07-08,34.62,0.4419,-0.4065,0.4464,0.3025,0.547,0.256,0.2234
600239,ST云城,22.0,True,1.37,1.37,4,5.69,-12.95,-4.52,0.15,0.0,2026-07-01,2026-07-07,44.23,-0.114,-0.1697,0.4474,0.1321,0.7607,0.2544,0.2233
601126,四方股份,465.27,True,56.39,66.66,2,5.09,-16.2,-8.61,-15.41,0.0,2026-07-07,2026-07-07,31.78,0.4163,0.1385,0.7667,0.5052,0.4841,0.0,0.2231
603206,嘉环科技,43.7,True,14.32,17.04,8,7.24,-15.97,-3.52,-15.97,0.0,2026-07-07,2026-07-07,24.42,0.776,-0.1354,0.5766,0.6115,0.3204,0.039,0.2228
002389,航天彩虹,174.3,True,17.7,18.21,1,0.65,-9.2,-4.6,-2.8,0.0,2026-07-07,2026-07-07,35.46,0.2816,-0.4182,0.363,0.2017,0.5657,0.3949,0.2228
600775,南京熊猫,61.0,True,9.08,10.06,2,1.12,-11.88,-6.47,-9.7,0.0,2026-07-07,2026-07-07,33.18,0.0415,1.182,0.546,0.4249,0.5152,0.09,0.2228
600751,海航科技,73.08,True,2.84,3.02,0,-1.33,-12.16,-5.38,-5.94,0.0,2026-07-07,2026-07-07,26.09,0.4686,-0.2254,0.3867,0.391,0.3575,0.3556,0.2226
600893,航发动力,990.63,True,37.17,38.64,2,1.42,-13.06,-5.58,-3.8,0.0,2026-07-07,2026-07-07,42.34,0.1751,-0.261,0.4857,0.2006,0.7187,0.1904,0.2225
603280,南方路机,27.84,True,25.68,26.58,0,-0.01,-8.61,-5.29,-3.4,0.0,2026-07-07,2026-07-07,35.72,0.1415,-0.2793,0.3406,0.1732,0.5716,0.4324,0.2225
605177,东亚药业,18.45,True,16.23,18.04,1,0.98,-20.72,-10.78,-10.04,0.0,2026-07-08,2026-07-08,36.6,0.575,-0.6051,0.5282,0.345,0.5911,0.1197,0.2224
002360,ST同德,16.37,True,5.03,5.21,2,3.38,-18.32,-7.56,-3.38,0.0,2026-07-07,2026-07-07,41.73,0.204,0.0021,0.5985,0.3232,0.7051,0.0025,0.2222
000856,冀东装备,16.48,True,7.26,7.71,0,-1.92,-12.66,-9.5,-5.87,0.0,2026-07-07,2026-07-07,32.91,0.1116,-0.0516,0.3647,0.2463,0.5091,0.3922,0.2222
601222,林洋能源,109.41,True,5.36,5.71,0,-2.02,-10.2,-6.39,-6.18,0.0,2026-07-07,2026-07-07,14.43,0.7672,-0.7478,0.2509,0.4603,0.0985,0.5818,0.2221
002572,索菲亚,50.55,True,7.76,7.97,0,-0.61,-13.57,-8.79,-2.62,0.0,2026-07-07,2026-07-07,36.59,-0.6005,-0.1695,0.318,0.1322,0.5908,0.4699,0.2217
000681,视觉中国,123.6,True,18.28,21.1,7,13.23,-14.12,-2.64,-13.35,0.0,2026-07-07,2026-07-07,32.98,0.7971,-0.6983,0.7434,0.4783,0.5107,0.0,0.2217
603389,亚振家居,151.77,True,57.76,58.95,4,3.36,-8.07,-2.53,-2.02,0.0168,2026-07-07,2026-07-07,46.75,0.1133,-0.4923,0.4651,0.071,0.8166,0.2248,0.2215
002340,格林美,338.06,True,6.66,7.0,1,4.09,-14.9,-5.91,-4.8,0.0,2026-07-07,2026-07-07,33.2,0.5103,-0.3417,0.4961,0.3695,0.5157,0.1731,0.2215
605001,威奥股份,21.57,True,5.49,5.76,0,-1.29,-9.51,-6.17,-4.72,0.0,2026-07-08,2026-07-08,39.07,-0.0772,-0.2246,0.342,0.1102,0.6461,0.4301,0.2213
002836,新宏泽,21.4,True,9.29,9.98,0,-2.94,-10.47,-7.54,-6.89,0.0,2026-07-07,2026-07-07,28.67,-0.2515,0.2458,0.3453,0.2983,0.415,0.4245,0.2212
605123,派克新材,108.45,True,89.5,97.34,4,4.32,-12.4,-4.35,-8.05,0.0,2026-07-08,2026-07-08,34.31,0.6786,-0.4467,0.5762,0.4285,0.5402,0.0397,0.2211
002238,天威视讯,43.18,True,5.38,5.75,0,-2.71,-11.13,-7.99,-6.42,0.0,2026-07-07,2026-07-07,32.89,0.1656,-0.2815,0.3095,0.1867,0.5088,0.4841,0.2211
000657,中钨高新,1116.43,True,76.84,90.55,19,42.18,-15.14,16.36,-15.14,0.1737,2026-07-07,2026-07-07,38.5,0.0235,-0.287,0.9709,0.0993,0.6332,0.0,0.2209
002218,拓日新能,50.37,True,3.63,4.01,0,-5.05,-14.03,-9.14,-9.57,0.0,2026-07-07,2026-07-07,16.67,0.6049,-0.2788,0.2873,0.4514,0.1481,0.5211,0.2207
000633,合金投资,18.75,True,4.87,5.09,0,-2.34,-11.14,-6.97,-4.28,0.0,2026-07-07,2026-07-07,30.0,0.0513,0.0378,0.3189,0.2459,0.4444,0.4685,0.2206
000565,渝三峡Ａ,25.19,True,5.81,6.11,0,-0.09,-13.75,-7.82,-4.88,0.0,2026-07-07,2026-07-07,32.94,-0.1131,0.0117,0.3303,0.2047,0.5098,0.4495,0.2206
002959,小熊电器,45.32,True,32.42,33.02,2,0.63,-10.64,-6.14,-1.8,0.0,2026-07-07,2026-07-07,38.65,-0.3852,-0.3395,0.2912,0.0642,0.6368,0.5147,0.2206
000683,博源化工,187.16,True,5.6,6.02,0,-3.09,-14.34,-8.11,-6.99,0.0,2026-07-07,2026-07-07,28.35,-0.3371,0.7372,0.4449,0.4,0.4078,0.2585,0.2203
600691,潞化科技,52.5,True,2.21,2.43,0,-3.05,-12.7,-7.0,-9.13,0.0,2026-07-07,2026-07-07,26.51,0.4825,-0.3007,0.3819,0.3692,0.3668,0.3636,0.2202
000409,云鼎科技,48.07,True,8.14,8.67,0,-3.3,-9.8,-6.26,-6.11,0.0,2026-07-07,2026-07-07,31.4,0.2339,-0.3021,0.3197,0.2195,0.4756,0.4672,0.2201
600075,新疆天业,70.02,True,4.1,4.41,0,-0.63,-13.71,-8.54,-7.05,0.0,2026-07-07,2026-07-07,35.5,-0.7182,0.7681,0.5727,0.4,0.5667,0.0454,0.2201
002652,扬子新材,22.33,True,4.36,4.49,1,0.14,-18.06,-11.46,-2.93,0.0,2026-07-07,2026-07-07,37.0,-0.3167,3.2912,0.6786,0.4,0.6,0.0,0.22
002284,亚太股份,71.97,True,9.83,10.14,1,1.52,-13.41,-8.0,-3.07,0.0,2026-07-07,2026-07-07,34.93,-0.1644,0.1532,0.4243,0.2613,0.5539,0.2928,0.22
002562,兄弟科技,35.14,True,4.32,4.62,0,-2.23,-10.72,-5.79,-6.56,0.0,2026-07-07,2026-07-07,27.97,-0.4342,0.2278,0.3313,0.2911,0.3992,0.4479,0.2198
002892,科力尔,46.35,True,9.25,9.81,0,-0.06,-14.12,-6.22,-5.69,0.0,2026-07-07,2026-07-07,32.51,0.651,-0.3892,0.5559,0.4349,0.5003,0.0735,0.2198
605378,野马电池,34.92,True,13.36,15.17,4,10.28,-13.26,-6.29,-11.95,0.0,2026-07-08,2026-07-08,27.64,0.6873,-0.219,0.5596,0.5248,0.392,0.0673,0.2197
002358,森源电气,49.93,True,5.37,5.77,0,-2.09,-11.96,-6.82,-6.91,0.0,2026-07-07,2026-07-07,25.44,0.417,-0.1735,0.377,0.3808,0.3432,0.3717,0.2196
601208,东材科技,607.73,True,60.16,68.14,18,33.11,-11.71,12.37,-11.71,0.2437,2026-07-07,2026-07-07,37.45,-0.0027,-0.6013,0.9221,0.0,0.61,0.0,0.2195
601002,晋亿实业,42.09,True,4.41,4.61,0,-1.97,-10.88,-6.43,-4.24,0.0,2026-07-07,2026-07-07,31.58,0.1197,-0.2109,0.2931,0.1874,0.4795,0.5115,0.2195
603918,金桥信息,34.43,True,9.43,10.06,0,-4.3,-12.3,-7.84,-6.26,0.0,2026-07-08,2026-07-08,30.19,0.0984,0.0168,0.3477,0.2657,0.4486,0.4204,0.2192
002247,聚力文化,13.71,True,2.13,2.25,0,-2.06,-11.12,-7.75,-5.33,0.0,2026-07-07,2026-07-07,33.33,0.1248,-0.147,0.3551,0.2161,0.5185,0.4082,0.219
601138,工业富联,12656.56,True,63.78,71.37,9,6.73,-12.2,-1.96,-10.63,0.0,2026-07-07,2026-07-07,36.68,0.6682,-0.6582,0.7,0.4009,0.5929,0.0,0.2188
001326,联域股份,13.6,True,56.62,64.4,8,10.56,-12.08,-1.91,-12.08,0.0,2026-07-07,2026-07-07,32.57,0.7892,-0.6425,0.6013,0.4735,0.5016,0.0,0.2187
600526,菲达环保,36.49,True,4.18,4.33,0,-1.92,-8.19,-5.52,-3.49,0.0,2026-07-07,2026-07-07,28.17,0.0552,-0.1445,0.224,0.1753,0.4038,0.6266,0.2186
601766,中国中车,1311.27,True,5.39,5.49,4,0.58,-7.05,-2.84,-1.77,0.0248,2026-07-07,2026-07-07,36.13,-0.122,-0.4167,0.2646,0.0333,0.5808,0.5589,0.2182
603799,华友钴业,805.63,True,42.68,49.14,2,5.33,-16.69,-5.72,-13.15,0.0,2026-07-08,2026-07-08,27.49,0.5627,0.0482,0.5958,0.5569,0.3886,0.007,0.218
002703,浙江世宝,79.29,True,13.53,15.07,0,-1.75,-17.48,-11.24,-10.21,0.0,2026-07-07,2026-07-07,27.18,0.4094,-0.0604,0.4551,0.4215,0.3819,0.2415,0.218
603112,华翔股份,85.54,True,16.0,17.65,0,-2.98,-13.78,-9.81,-9.34,0.0,2026-07-07,2026-07-07,25.92,0.7494,-0.7378,0.4612,0.4497,0.3538,0.2313,0.2179
000400,许继电气,207.9,True,20.55,21.86,0,-3.21,-15.44,-7.85,-5.99,0.0,2026-07-07,2026-07-07,25.11,0.5105,-0.7151,0.3033,0.3063,0.3358,0.4945,0.2179
002226,江南化工,121.32,True,4.58,4.69,0,-1.11,-11.58,-6.03,-2.37,0.0,2026-07-07,2026-07-07,35.29,0.1073,-0.1751,0.3728,0.1944,0.5621,0.3787,0.2178
600444,国机通用,19.05,True,13.01,13.7,0,-1.83,-9.02,-6.3,-5.05,0.0,2026-07-07,2026-07-07,29.02,-0.3716,0.0295,0.2792,0.2118,0.4227,0.5346,0.2177
000812,陕西金叶,23.73,True,3.14,3.3,0,-2.96,-10.08,-6.78,-4.98,0.0,2026-07-07,2026-07-07,32.93,-0.2203,-0.1067,0.2947,0.1573,0.5095,0.5089,0.2176
600989,宝丰能源,1495.27,True,20.39,21.58,0,-2.82,-11.7,-7.9,-5.53,0.0,2026-07-07,2026-07-07,35.97,0.2069,-0.3588,0.3725,0.1806,0.5772,0.3792,0.2175
603325,博隆技术,18.25,True,53.38,55.27,9,3.51,-10.07,-2.08,-3.42,0.0284,2026-07-07,2026-07-07,41.57,0.0914,-0.2011,0.5123,0.1744,0.7016,0.1462,0.2172
002638,勤上股份,52.35,True,3.87,4.03,3,7.62,-11.83,-4.34,-4.02,0.0,2026-07-07,2026-07-07,44.66,0.1223,-0.0515,0.6908,0.2528,0.7702,0.0,0.2172
601096,宏盛华源,68.51,True,4.17,4.51,0,-3.34,-10.76,-6.5,-7.58,0.0,2026-07-07,2026-07-07,19.39,0.3343,-0.0335,0.2851,0.3872,0.2086,0.5248,0.2172
001395,亚联机械,12.49,True,24.02,25.34,4,4.91,-11.14,-4.78,-5.21,0.0,2026-07-07,2026-07-07,27.22,0.1439,0.249,0.425,0.3859,0.3827,0.2917,0.2168
603045,福达合金,95.62,True,70.6,79.55,13,25.68,-12.99,4.66,-11.25,0.0419,2026-07-07,2026-07-07,33.82,0.6273,-0.5947,1.005,0.3764,0.5293,0.0,0.2167
002574,明牌珠宝,21.86,True,4.14,4.45,0,-4.03,-10.04,-7.32,-7.01,0.0,2026-07-07,2026-07-07,22.0,-0.5655,0.3342,0.2807,0.3337,0.2667,0.5322,0.2166
002152,广电运通,227.36,True,9.16,9.7,0,-0.63,-9.88,-5.0,-5.55,0.0,2026-07-07,2026-07-07,30.22,0.1704,-0.1451,0.3386,0.2442,0.4494,0.4356,0.2163
002470,金正大,63.74,True,1.94,2.11,0,-2.06,-13.38,-6.53,-7.97,0.0,2026-07-07,2026-07-07,35.29,0.3007,-0.0661,0.5384,0.354,0.5621,0.1027,0.2163
603195,公牛集团,678.13,True,37.66,39.2,2,0.49,-4.13,-1.87,-3.93,0.0,2026-07-07,2026-07-07,36.15,0.0407,-0.5774,0.2241,0.0244,0.5811,0.6266,0.2163
000880,潍柴重机,52.03,True,22.92,24.21,0,-1.24,-20.29,-11.21,-5.32,0.0,2026-07-07,2026-07-07,36.66,0.4512,-0.3303,0.5476,0.3386,0.5924,0.0873,0.2162
600268,国电南自,112.42,True,11.07,11.89,0,-1.23,-15.17,-6.6,-6.93,0.0,2026-07-07,2026-07-07,26.55,0.4962,-0.459,0.3436,0.3141,0.3678,0.4274,0.2162
002537,海联金汇,61.7,True,5.27,5.69,0,-3.01,-11.44,-7.01,-7.34,0.0,2026-07-07,2026-07-07,28.83,0.1668,0.0244,0.3803,0.3098,0.4185,0.3661,0.2161
600678,ST金顶,21.01,True,6.02,6.5,11,9.21,-9.66,-0.06,-7.36,0.0,2026-07-07,2026-07-07,40.91,0.2822,-0.1375,0.6614,0.3144,0.6869,0.0,0.216
002117,东港股份,42.2,True,8.06,8.46,0,-2.16,-12.39,-6.41,-4.75,0.0,2026-07-07,2026-07-07,31.0,0.1063,-0.1062,0.3309,0.2213,0.4667,0.4484,0.2159
600410,华胜天成,157.57,True,14.37,16.93,2,4.16,-17.0,-8.73,-15.15,0.0,2026-07-07,2026-07-07,27.9,0.6006,-0.0377,0.6011,0.5453,0.3977,0.0,0.2159
002351,漫步者,47.42,True,9.1,9.71,0,-1.74,-11.7,-6.99,-6.27,0.0,2026-07-07,2026-07-07,27.09,0.5339,-0.611,0.3604,0.3203,0.3798,0.3993,0.2159
603097,江苏华辰,39.52,True,17.59,18.71,9,4.06,-12.79,-2.85,-6.0,0.0,2026-07-07,2026-07-07,32.88,0.0668,-0.1157,0.337,0.1938,0.5085,0.4383,0.2159
002316,亚联发展,13.77,True,4.04,4.33,0,-2.79,-13.02,-8.99,-6.65,0.0,2026-07-07,2026-07-07,35.57,0.175,-0.2007,0.4164,0.2248,0.5682,0.3059,0.2157
600807,济高发展,18.42,True,2.34,2.47,0,-1.46,-11.4,-7.11,-5.15,0.0,2026-07-07,2026-07-07,38.27,0.3051,-0.7489,0.4229,0.183,0.6283,0.2951,0.2157
603025,大豪科技,147.19,True,13.27,14.08,0,-1.17,-11.96,-6.0,-5.77,0.0,2026-07-07,2026-07-07,30.26,0.3048,-0.1116,0.4362,0.3382,0.4502,0.2731,0.2156
000559,万向钱潮,417.61,True,12.6,13.4,1,4.51,-16.83,-8.01,-5.99,0.0,2026-07-07,2026-07-07,38.4,0.2815,-0.0584,0.5879,0.3456,0.6311,0.0201,0.2156
603016,新宏泰,46.43,True,31.34,35.34,0,-4.26,-18.97,-11.26,-11.32,0.0,2026-07-07,2026-07-07,27.56,0.3664,-0.0602,0.4457,0.3958,0.3901,0.2572,0.2155
002813,路畅科技,22.86,True,19.07,20.08,0,-1.97,-10.54,-7.44,-5.03,0.0,2026-07-07,2026-07-07,32.93,0.1121,-0.1828,0.3398,0.1941,0.5095,0.4337,0.2155
002696,百洋股份,17.55,True,5.25,5.34,1,4.38,-10.04,-5.92,-1.72,0.0,2026-07-07,2026-07-07,37.56,0.6195,-0.5864,0.6133,0.3717,0.6124,0.0,0.2154
000059,华锦股份,65.9,True,4.12,4.1,2,3.82,-11.34,-6.2,0.56,0.0,2026-07-03,2026-07-07,42.59,0.0206,-0.0563,0.508,0.1899,0.7243,0.1534,0.2153
600004,白云机场,175.85,True,7.43,7.74,2,1.71,-8.01,-3.63,-3.95,0.0,2026-07-07,2026-07-07,28.32,-0.2065,0.112,0.3101,0.2448,0.4072,0.4832,0.2151
603931,格林达,106.94,True,53.59,56.82,8,5.32,-7.39,-1.0,-5.68,0.0,2026-07-08,2026-07-08,44.74,-0.0928,0.1067,0.8219,0.2427,0.772,0.0,0.2151
002246,北化股份,98.94,True,18.02,19.55,0,-2.17,-12.38,-5.99,-7.84,0.0,2026-07-07,2026-07-07,29.23,0.4792,-0.3087,0.4466,0.364,0.4272,0.2557,0.2148
600610,中毅达,45.15,True,6.37,7.17,0,-0.69,-15.67,-8.75,-11.18,0.0,2026-07-07,2026-07-07,18.75,0.7888,-0.2217,0.4808,0.5846,0.1944,0.1986,0.2148
603090,宏盛股份,52.78,True,52.78,56.29,2,0.93,-14.7,-7.29,-6.23,0.0,2026-07-07,2026-07-07,29.6,0.1847,0.7473,0.6403,0.5108,0.4355,0.0,0.2148
600549,厦门钨业,1032.12,True,66.42,77.86,19,47.21,-14.7,17.55,-14.7,0.1848,2026-07-07,2026-07-07,38.58,0.0912,-0.5137,0.9813,0.0547,0.6352,0.0,0.2146
600846,同济科技,68.22,True,10.92,10.18,5,12.41,-13.8,-5.97,7.26,0.1117,2026-06-30,2026-07-07,62.28,-0.4887,-0.4782,0.677,0.0087,0.8382,0.0,0.2145
002669,康达新材,45.62,True,15.07,17.22,17,23.32,-12.49,4.45,-12.49,0.0696,2026-07-07,2026-07-07,39.35,0.3741,-0.5223,0.985,0.2244,0.6523,0.0,0.2144
000625,长安汽车,584.49,True,7.07,7.3,0,-1.82,-9.81,-5.94,-3.1,0.0,2026-07-07,2026-07-07,35.44,-0.3129,-0.2073,0.3128,0.1171,0.5654,0.4787,0.2142
003028,振邦智能,16.17,True,22.93,23.8,2,2.18,-13.12,-7.64,-3.66,0.0,2026-07-07,2026-07-07,35.48,0.1741,0.0355,0.5147,0.3187,0.5663,0.1421,0.2142
603226,菲林格尔,185.96,True,52.31,53.75,13,13.77,-7.71,2.54,-2.68,0.2034,2026-07-07,2026-07-07,32.95,0.204,-0.6014,0.6601,0.1224,0.51,0.0,0.214
600941,中国移动,798.23,True,88.42,90.71,3,1.01,-7.81,-3.58,-2.52,0.0,2026-07-07,2026-07-07,32.16,-0.1249,-0.3978,0.1793,0.0409,0.4925,0.7012,0.2139
002920,德赛西威,494.66,True,82.91,85.08,1,0.35,-15.36,-9.08,-2.55,0.0,2026-07-07,2026-07-07,37.22,0.0745,-0.0944,0.4368,0.207,0.6049,0.272,0.2135
000547,航天发展,264.75,True,16.66,19.08,1,0.03,-14.42,-6.66,-12.67,0.0,2026-07-07,2026-07-07,30.26,0.1559,0.8581,0.6604,0.4936,0.4503,0.0,0.2135
002376,新北洋,45.58,True,5.79,5.96,0,-1.47,-8.68,-5.54,-2.83,0.0,2026-07-07,2026-07-07,30.48,-0.2232,-0.1662,0.2438,0.1335,0.455,0.5936,0.2134
603113,金能科技,35.13,True,4.14,4.51,0,-3.73,-12.56,-7.25,-8.28,0.0,2026-07-07,2026-07-07,22.05,-0.6384,0.4448,0.3389,0.3779,0.2677,0.4352,0.2133
605117,德业股份,1140.43,True,89.57,100.48,1,1.88,-10.86,-6.32,-10.86,0.0,2026-07-08,2026-07-08,36.22,0.429,-0.1761,0.6231,0.387,0.5827,0.0,0.2133
600522,中天科技,1613.3,True,47.27,55.21,18,33.2,-14.38,11.81,-14.38,0.1768,2026-07-07,2026-07-07,41.06,-0.0366,-0.4557,0.9349,0.0177,0.6901,0.0,0.2132
002583,海能达,100.95,True,7.87,8.54,8,7.88,-11.69,-2.61,-7.88,0.0,2026-07-07,2026-07-07,24.21,0.8002,-0.2767,0.5692,0.5695,0.3157,0.0514,0.2132
002410,广联达,126.24,True,8.04,8.61,0,-3.93,-12.0,-7.15,-6.6,0.0,2026-07-07,2026-07-07,28.88,0.3519,-0.4306,0.322,0.2389,0.4195,0.4633,0.2131
603879,永悦科技,15.45,True,4.3,4.6,0,-0.4,-10.8,-6.06,-6.49,0.0,2026-07-08,2026-07-08,40.65,-0.1878,-0.1282,0.4421,0.1487,0.681,0.2632,0.2129
001356,富岭股份,16.95,True,8.45,8.85,0,-1.91,-12.17,-7.41,-4.52,0.0,2026-07-07,2026-07-07,29.23,0.2024,-0.2855,0.2973,0.2072,0.4274,0.5045,0.2129
600131,国网信通,166.11,True,13.89,14.94,0,-1.62,-14.14,-7.14,-7.04,0.0,2026-07-07,2026-07-07,34.47,0.369,-0.4952,0.4073,0.2233,0.5437,0.3212,0.2127
600456,宝钛股份,127.23,True,26.63,28.8,2,4.08,-12.55,-5.87,-7.54,0.0,2026-07-07,2026-07-07,34.18,0.3736,-0.1527,0.5422,0.3631,0.5373,0.0963,0.2127
603188,亚邦股份,22.18,True,3.89,4.17,0,-0.72,-10.23,-5.62,-6.82,0.0,2026-07-07,2026-07-07,34.56,-0.1187,0.0166,0.3931,0.2066,0.5458,0.3449,0.2125
603328,依顿电子,118.02,True,11.82,13.27,13,15.19,-10.94,1.73,-10.94,0.0,2026-07-07,2026-07-07,32.09,0.7604,-0.6596,0.7602,0.4562,0.4909,0.0,0.2122
002649,博彦科技,42.69,True,7.96,8.49,0,-3.53,-11.56,-7.04,-6.29,0.0,2026-07-07,2026-07-07,29.82,0.4196,-0.4334,0.382,0.2784,0.4404,0.3633,0.2122
605088,冠盛股份,59.33,True,29.49,30.47,3,2.0,-12.91,-5.72,-3.21,0.0,2026-07-08,2026-07-08,39.57,-0.2248,-0.1518,0.4171,0.1393,0.6571,0.3048,0.212
600210,紫江企业,94.19,True,6.21,6.43,3,1.65,-4.56,-2.01,-3.38,0.0043,2026-07-07,2026-07-07,17.95,0.1397,0.0733,0.2138,0.3132,0.1766,0.6437,0.2119
603585,苏利股份,26.56,True,13.73,14.46,0,-1.03,-11.99,-6.61,-5.06,0.0,2026-07-07,2026-07-07,27.38,-0.001,0.1087,0.3055,0.2435,0.3863,0.4909,0.2118
002564,天沃科技,36.42,True,4.24,4.56,0,-2.73,-13.72,-8.34,-7.11,0.0,2026-07-07,2026-07-07,30.14,0.1593,-0.053,0.3852,0.2744,0.4475,0.358,0.2118
000619,海螺新材,15.84,True,4.4,4.75,0,-5.0,-12.31,-9.05,-7.43,0.0,2026-07-07,2026-07-07,29.75,-0.1006,0.0297,0.3161,0.2119,0.4389,0.4732,0.2117
600815,厦工股份,46.3,True,2.61,2.81,1,0.03,-16.49,-11.68,-7.05,0.0,2026-07-07,2026-07-07,31.9,-0.227,1.3822,0.543,0.4,0.4866,0.0951,0.2116
600202,哈空调,17.29,True,4.51,4.79,0,-2.23,-11.63,-8.29,-5.9,0.0,2026-07-07,2026-07-07,34.56,0.1043,-0.3035,0.3316,0.1412,0.5458,0.4474,0.2116
002552,宝鼎科技,208.61,True,56.61,65.04,16,34.59,-12.97,11.98,-12.97,0.1804,2026-07-07,2026-07-07,36.17,0.0315,-0.3193,1.2138,0.0912,0.5815,0.0,0.2112
002012,凯恩股份,28.81,True,6.16,6.85,0,-0.41,-10.69,-7.16,-10.12,0.0,2026-07-07,2026-07-07,22.73,0.7981,-0.7055,0.4606,0.4788,0.2828,0.2323,0.2111
603229,奥翔药业,66.92,True,8.06,8.27,2,1.84,-12.65,-7.8,-2.59,0.0,2026-07-07,2026-07-07,43.77,-0.092,-0.2563,0.4535,0.0975,0.7504,0.2442,0.2111
600883,博闻科技,16.5,True,6.99,7.48,0,-3.12,-9.64,-7.18,-6.56,0.0,2026-07-07,2026-07-07,29.95,-0.0707,0.0257,0.3205,0.2103,0.4433,0.4659,0.2111
002975,博杰股份,158.84,True,115.64,134.3,12,13.62,-13.89,0.57,-13.89,0.0,2026-07-07,2026-07-07,38.35,0.5665,-0.577,0.8615,0.3399,0.6301,0.0,0.211
603701,德宏股份,55.62,True,21.28,22.44,0,-0.46,-9.31,-4.95,-5.19,0.0,2026-07-08,2026-07-08,29.94,0.5243,-0.6134,0.4255,0.3146,0.443,0.2908,0.2109
000889,中嘉博创,26.36,True,3.03,3.55,3,10.81,-16.55,-7.97,-14.72,0.0,2026-07-07,2026-07-07,32.71,0.7322,-0.4986,0.7056,0.4399,0.5047,0.0,0.2109
002689,ST远智,27.22,True,2.61,2.71,2,2.59,-14.66,-7.9,-3.57,0.0,2026-07-07,2026-07-07,38.1,-0.3729,0.0004,0.4567,0.2001,0.6243,0.2389,0.2107
002938,鹏鼎控股,2134.56,True,92.43,106.03,11,13.06,-14.42,0.1,-12.82,0.0,2026-07-07,2026-07-07,39.05,0.5396,-0.494,0.8325,0.3262,0.6455,0.0,0.2106
002328,新朋股份,41.5,True,7.27,7.73,0,-1.5,-18.15,-10.54,-5.99,0.0,2026-07-07,2026-07-07,28.27,0.5093,-0.4581,0.405,0.3223,0.4061,0.325,0.2105
002823,凯中精密,31.59,True,14.43,15.88,3,13.35,-19.97,-7.41,-9.13,0.0,2026-07-07,2026-07-07,26.14,0.8729,-0.7845,0.5688,0.5237,0.3588,0.052,0.2105
002438,江苏神通,65.17,True,13.9,14.94,0,-0.32,-11.16,-5.84,-6.99,0.0,2026-07-07,2026-07-07,31.48,0.3894,-0.2225,0.4844,0.3446,0.4774,0.1926,0.2105
000952,广济药业,18.85,True,5.48,5.89,0,-2.56,-11.22,-7.73,-6.91,0.0,2026-07-07,2026-07-07,34.45,-0.3437,0.1412,0.4494,0.2565,0.5433,0.251,0.2104
600855,航天长峰,61.03,True,13.05,14.3,1,0.62,-16.12,-7.82,-8.74,0.0,2026-07-07,2026-07-07,28.57,0.2211,-0.0149,0.4154,0.3267,0.4127,0.3077,0.2104
001269,欧晶科技,41.08,True,21.35,23.9,9,15.79,-18.68,-4.92,-10.66,0.0,2026-07-07,2026-07-07,26.69,0.7793,-0.3067,0.7902,0.5449,0.3709,0.0,0.2104
603788,宁波高发,30.31,True,13.59,14.19,0,-0.54,-7.48,-4.98,-4.26,0.0,2026-07-08,2026-07-08,35.66,0.0888,-0.5343,0.2683,0.0533,0.5703,0.5529,0.2103
600570,恒生电子,383.65,True,20.26,21.86,2,0.99,-13.89,-6.12,-7.34,0.0,2026-07-07,2026-07-07,34.15,0.3351,-0.2522,0.4884,0.3002,0.5367,0.186,0.2103
605333,沪光股份,75.87,True,16.35,17.79,0,-0.4,-12.43,-7.99,-8.09,0.0,2026-07-08,2026-07-08,28.67,-0.4123,0.2527,0.3925,0.3011,0.4149,0.3458,0.2101
605018,长华集团,62.05,True,13.2,14.58,6,34.26,-13.95,-0.96,-9.44,0.0,2026-07-08,2026-07-08,34.28,0.6808,-0.6698,0.6935,0.4085,0.5395,0.0,0.21
603279,景津装备,70.55,True,12.24,12.74,0,-0.81,-13.48,-8.32,-3.94,0.0,2026-07-07,2026-07-07,29.18,0.2217,-0.3883,0.2792,0.1777,0.4263,0.5346,0.2099
600067,冠城新材,38.69,True,2.78,3.13,8,15.99,-11.25,-0.88,-11.25,0.0,2026-07-07,2026-07-07,12.39,0.8463,0.222,0.6852,0.7966,0.0531,0.0,0.2098
603599,广信股份,89.84,True,9.87,10.36,1,0.9,-10.08,-5.01,-4.73,0.0,2026-07-07,2026-07-07,33.63,0.3668,-0.3847,0.447,0.2662,0.5252,0.255,0.2098
002232,启明信息,57.52,True,14.08,14.63,3,1.25,-10.47,-5.51,-3.74,0.0,2026-07-07,2026-07-07,37.69,0.0644,0.0041,0.4938,0.2403,0.6153,0.177,0.2097
603236,移远通信,203.69,True,50.55,52.34,8,7.36,-13.89,-2.8,-3.42,0.0,2026-07-07,2026-07-07,36.05,0.6108,-0.6309,0.5912,0.3665,0.579,0.0147,0.2096
000503,国新健康,60.52,True,6.18,6.68,1,1.84,-10.4,-4.52,-7.46,0.0,2026-07-07,2026-07-07,20.56,0.4907,-0.206,0.3612,0.412,0.2346,0.398,0.2096
600195,中牧股份,62.49,True,6.12,6.28,1,0.48,-8.94,-3.96,-2.52,0.0,2026-07-07,2026-07-07,36.05,-0.5599,-0.2259,0.3344,0.1097,0.5788,0.4426,0.2096
002096,易普力,109.03,True,8.79,9.24,2,12.22,-15.42,-7.18,-4.9,0.0,2026-07-07,2026-07-07,30.21,0.671,-0.6625,0.5242,0.4026,0.4492,0.1264,0.2094
603567,珍宝岛,43.68,True,4.65,5.1,0,-4.26,-29.57,-17.12,-8.88,0.0,2026-07-07,2026-07-07,34.57,-0.7833,1.4312,0.7602,0.4,0.5461,0.0,0.2092
001221,悍高集团,14.36,True,39.88,42.25,0,-0.78,-18.92,-9.33,-5.6,0.0,2026-07-07,2026-07-07,29.81,-0.0726,0.2773,0.4268,0.3109,0.4402,0.2887,0.2091
601609,金田股份,189.29,True,10.95,11.7,2,2.97,-14.78,-5.55,-6.37,0.0,2026-07-07,2026-07-07,34.06,0.6803,-0.6859,0.6905,0.4082,0.5346,0.0,0.209
603105,芯能科技,33.3,True,6.66,7.29,0,-4.76,-13.73,-10.32,-8.68,0.0,2026-07-07,2026-07-07,21.21,0.2458,-0.0115,0.3066,0.3429,0.2492,0.489,0.2089
002615,哈尔斯,22.36,True,7.4,7.2,4,7.01,-16.95,-5.53,2.77,0.0,2026-07-01,2026-07-07,46.25,-0.0233,-0.0225,0.6236,0.191,0.8055,0.0,0.2088
603897,长城科技,58.92,True,28.54,34.94,1,0.86,-23.89,-14.53,-18.31,0.0,2026-07-08,2026-07-08,32.68,0.0632,0.4841,0.8155,0.4316,0.504,0.0,0.2087
603039,泛微网络,108.54,True,35.28,39.25,8,20.18,-19.96,-2.29,-10.11,0.0,2026-07-07,2026-07-07,27.57,0.7481,-0.3165,0.7983,0.5223,0.3903,0.0,0.2086
002913,奥士康,164.21,True,54.43,61.11,14,24.23,-10.93,5.48,-10.93,0.0865,2026-07-07,2026-07-07,28.45,0.3553,-0.114,0.7718,0.3676,0.4101,0.0,0.2085
603322,超讯通信,43.92,True,27.87,28.67,4,3.41,-16.05,-6.74,-2.8,0.0,2026-07-07,2026-07-07,44.82,-0.1384,0.0366,0.6626,0.2146,0.7738,0.0,0.2084
000822,山东海化,35.54,True,3.97,4.31,0,-4.6,-10.71,-7.67,-7.9,0.0,2026-07-07,2026-07-07,21.7,0.1184,0.0798,0.2777,0.303,0.26,0.5372,0.2083
002005,ST德豪,41.7,True,2.38,2.56,0,-1.06,-17.56,-7.26,-6.89,0.0,2026-07-07,2026-07-07,33.91,-0.4365,0.38,0.5446,0.352,0.5314,0.0923,0.2081
001325,元创股份,7.11,True,36.29,37.84,1,0.33,-12.72,-5.4,-4.09,0.0,2026-07-07,2026-07-07,30.39,0.3554,-0.2992,0.4238,0.2936,0.4531,0.2937,0.2081
002733,雄韬股份,96.83,True,26.25,32.25,13,20.18,-22.95,0.86,-18.61,0.0,2026-07-07,2026-07-07,21.09,0.392,0.725,0.9306,0.6352,0.2465,0.0,0.2081
600536,中国软件,227.62,True,26.98,29.65,0,-6.05,-20.12,-11.89,-9.0,0.0,2026-07-07,2026-07-07,37.86,-0.2382,0.0834,0.4972,0.2334,0.619,0.1713,0.2078
600328,中盐化工,87.98,True,6.0,6.43,2,0.35,-10.25,-4.94,-6.72,0.0,2026-07-07,2026-07-07,26.6,0.3282,-0.2797,0.3492,0.285,0.3688,0.418,0.2077
603296,华勤技术,568.36,True,71.17,73.73,3,4.35,-10.67,-3.73,-3.47,0.0,2026-07-07,2026-07-07,44.48,0.1846,-0.2353,0.6353,0.2166,0.7663,0.0,0.2074
002074,国轩高科,459.58,True,26.47,28.46,0,-1.3,-15.58,-8.04,-6.99,0.0,2026-07-07,2026-07-07,25.32,0.4959,-0.3552,0.4001,0.3555,0.3405,0.3331,0.2069
600105,永鼎股份,717.11,True,49.05,59.34,18,29.83,-17.34,8.57,-17.34,0.0669,2026-07-07,2026-07-07,40.41,-0.0013,-0.0521,1.0566,0.1792,0.6757,0.0,0.2067
002184,海得控制,22.76,True,9.47,10.16,1,1.08,-15.83,-8.55,-6.8,0.0,2026-07-07,2026-07-07,34.3,0.2884,-0.0236,0.5695,0.3636,0.5401,0.0509,0.2065
603887,城地香江,53.58,True,8.9,10.02,0,-4.88,-17.94,-11.91,-11.18,0.0,2026-07-08,2026-07-08,28.09,-0.259,0.4877,0.4917,0.3951,0.4021,0.1804,0.2062
603115,海星股份,240.1,True,99.26,109.13,13,23.15,-11.62,3.81,-9.04,0.0759,2026-07-07,2026-07-07,44.36,0.1544,-0.6578,1.0341,0.0926,0.7635,0.0,0.2062
000045,深纺织Ａ,43.97,True,9.62,10.45,0,-1.06,-8.2,-5.53,-7.98,0.0,2026-07-07,2026-07-07,27.07,0.2057,-0.0858,0.3692,0.2891,0.3793,0.3847,0.2059
002606,大连电瓷,54.16,True,12.86,13.66,0,-1.61,-17.12,-7.03,-5.83,0.0,2026-07-07,2026-07-07,32.12,0.4423,-0.7069,0.4351,0.2654,0.4916,0.2748,0.2059
002909,集泰股份,18.3,True,4.81,5.25,0,-3.22,-11.19,-7.63,-8.41,0.0,2026-07-07,2026-07-07,23.13,-0.1131,0.2185,0.2979,0.2874,0.2919,0.5035,0.2058
002122,ST汇洲,49.49,True,2.49,2.48,3,2.8,-14.89,-6.05,0.48,0.0,2026-07-02,2026-07-07,41.11,-0.5411,-0.0986,0.4907,0.1605,0.6914,0.1822,0.2057
000733,振华科技,278.04,True,50.18,55.07,17,13.03,-8.89,4.06,-8.89,0.1499,2026-07-07,2026-07-07,41.93,0.0253,-0.6329,0.8844,0.0152,0.7095,0.0,0.2057
603810,丰山集团,18.34,True,11.09,11.78,0,-1.67,-11.12,-7.26,-5.89,0.0,2026-07-08,2026-07-08,34.96,0.0925,-0.4374,0.302,0.0806,0.5547,0.4966,0.2056
600476,*ST湘邮,13.85,True,8.6,9.55,0,-1.96,-17.55,-10.22,-9.92,0.0,2026-07-07,2026-07-07,31.09,-0.5416,0.5302,0.5527,0.4,0.4687,0.0788,0.2056
002853,皮阿诺,26.37,True,20.49,21.61,0,-5.17,-14.28,-9.07,-5.17,0.0,2026-07-07,2026-07-07,22.55,-0.1678,0.4271,0.3725,0.3708,0.279,0.3792,0.2054
002933,新兴装备,30.76,True,26.35,27.64,1,0.8,-10.12,-3.6,-4.65,0.0,2026-07-07,2026-07-07,35.58,0.003,-0.0504,0.4146,0.1816,0.5684,0.309,0.2054
603822,ST嘉澳,47.94,True,62.4,72.48,6,8.08,-13.91,-4.07,-13.91,0.0,2026-07-08,2026-07-08,33.56,-0.1501,1.3438,0.6214,0.4,0.5236,0.0,0.2047
600959,江苏有线,144.52,True,2.89,3.06,0,-3.71,-11.64,-8.37,-5.4,0.0,2026-07-07,2026-07-07,26.32,0.2833,-0.4924,0.2452,0.173,0.3626,0.5913,0.2045
601700,风范股份,51.24,True,4.5,4.63,0,-1.74,-12.29,-7.46,-2.85,0.0,2026-07-07,2026-07-07,34.69,0.1929,-0.3744,0.3869,0.166,0.5488,0.3551,0.2045
600312,平高电气,230.27,True,16.97,18.08,0,-2.6,-12.95,-6.91,-6.15,0.0,2026-07-07,2026-07-07,27.71,0.4248,-0.4346,0.3778,0.281,0.3935,0.3703,0.2045
002379,宏桥控股,164.66,True,14.49,16.06,0,-6.41,-16.68,-12.79,-9.77,0.0,2026-07-07,2026-07-07,32.64,0.447,-0.3677,0.5057,0.3211,0.5031,0.1571,0.2045
000786,北新建材,298.7,True,17.68,19.25,0,-3.99,-11.78,-8.03,-8.16,0.0,2026-07-07,2026-07-07,19.23,-0.1575,0.7929,0.3466,0.4,0.2051,0.4224,0.2044
603500,祥和实业,33.46,True,10.06,12.26,14,27.12,-17.95,6.39,-17.95,0.0,2026-07-07,2026-07-07,27.94,0.6212,-0.1857,0.6795,0.4985,0.3987,0.0,0.2044
002082,ST万邦,69.11,True,12.17,12.09,1,0.65,-20.62,-11.67,0.65,0.0,2026-07-06,2026-07-07,42.15,-0.0546,0.1136,0.6477,0.2454,0.7145,0.0,0.2043
000723,美锦能源,148.12,True,3.37,3.65,2,3.79,-14.98,-7.97,-7.72,0.0,2026-07-07,2026-07-07,24.32,0.5719,-0.6044,0.3812,0.3431,0.3183,0.3647,0.2042
000859,国风新材,80.63,True,9.0,10.74,14,10.04,-16.75,0.07,-16.17,0.0,2026-07-07,2026-07-07,31.94,0.7108,-0.5501,0.8791,0.4265,0.4877,0.0,0.2041
603319,美湖股份,115.28,True,33.99,34.21,5,22.41,-14.12,-2.51,-0.63,0.0009,2026-07-07,2026-07-07,39.34,0.4882,-0.6423,0.688,0.2929,0.652,0.0,0.204
603803,瑞斯康达,47.59,True,11.2,11.92,0,-0.09,-16.57,-7.69,-6.05,0.0,2026-07-08,2026-07-08,29.44,0.6822,-0.3472,0.6179,0.4704,0.432,0.0,0.204
002996,顺博合金,28.1,True,6.13,6.21,2,0.42,-9.77,-4.86,-1.26,0.0,2026-07-07,2026-07-07,37.11,-0.1632,-0.3539,0.3242,0.0584,0.6024,0.4597,0.204
000953,中哲精化,19.18,True,5.24,5.55,0,-2.94,-12.5,-8.36,-5.65,0.0,2026-07-07,2026-07-07,35.26,-0.0791,-0.2186,0.3461,0.1125,0.5613,0.4232,0.2039
000488,ST晨鸣,34.56,True,2.04,2.05,1,0.73,-10.61,-5.48,-0.32,0.0,2026-07-07,2026-07-07,41.94,-0.2648,-0.3796,0.4006,0.0482,0.7097,0.3324,0.2038
603659,璞泰来,587.94,True,27.42,28.43,3,5.01,-12.96,-3.74,-3.54,0.0,2026-07-07,2026-07-07,39.61,0.3887,-0.5475,0.5444,0.2332,0.6581,0.0926,0.2038
600361,创新新材,131.02,True,3.51,3.8,0,-0.38,-12.47,-6.78,-7.63,0.0,2026-07-07,2026-07-07,22.52,0.6994,-0.5732,0.4274,0.4196,0.2783,0.2876,0.2037
002952,亚世光电,26.7,True,20.28,22.58,0,-3.95,-17.27,-9.54,-10.17,0.0,2026-07-07,2026-07-07,28.43,0.6235,-0.5997,0.4875,0.3741,0.4095,0.1876,0.2036
000707,双环科技,23.57,True,4.28,4.53,0,-2.41,-9.93,-5.92,-5.56,0.0,2026-07-07,2026-07-07,29.66,0.0319,-0.1192,0.3074,0.1715,0.4369,0.4876,0.2034
600063,皖维高新,138.63,True,6.7,7.94,16,22.22,-15.65,6.33,-15.65,0.0215,2026-07-07,2026-07-07,33.12,0.5791,-0.4478,0.8242,0.3684,0.5137,0.0,0.2034
002886,沃特股份,51.35,True,24.56,28.9,10,10.61,-15.02,-0.42,-15.02,0.0,2026-07-07,2026-07-07,30.36,0.6699,-0.3758,0.7026,0.4516,0.4524,0.0,0.2034
600249,两面针,25.36,True,4.61,4.85,0,-0.08,-11.39,-5.97,-4.98,0.0,2026-07-07,2026-07-07,27.33,0.215,-0.1003,0.3843,0.2889,0.3852,0.3596,0.2032
600495,晋西车轴,41.8,True,3.46,3.64,0,-1.67,-9.76,-6.21,-5.0,0.0,2026-07-07,2026-07-07,30.49,0.207,-0.4552,0.2949,0.1421,0.4553,0.5085,0.2029
603130,云中马,54.9,True,39.92,42.55,4,0.92,-12.26,-3.21,-6.18,0.0,2026-07-07,2026-07-07,37.47,-0.3379,0.3064,0.6026,0.3225,0.6104,0.0,0.2027
000630,铜陵有色,677.49,True,6.08,6.78,9,16.98,-10.31,0.18,-10.31,0.0,2026-07-07,2026-07-07,25.57,0.8408,-0.4273,0.7525,0.5335,0.3461,0.0,0.2026
000930,中粮科技,81.49,True,4.39,4.62,0,-3.2,-11.07,-6.16,-5.03,0.0,2026-07-07,2026-07-07,27.78,-0.5851,-0.0968,0.2674,0.1613,0.3951,0.5544,0.2025
600734,*ST实达,37.24,True,1.71,1.81,1,0.85,-21.42,-9.55,-5.34,0.0,2026-07-07,2026-07-07,38.0,-0.0071,0.2807,0.6334,0.3123,0.6222,0.0,0.2025
600728,佳都科技,87.44,True,4.1,4.45,0,-2.3,-9.21,-6.34,-7.82,0.0,2026-07-07,2026-07-07,24.76,-0.0652,0.085,0.2867,0.234,0.328,0.5222,0.2024
002476,新叶股份,27.97,True,4.57,5.08,5,2.93,-9.98,-4.12,-9.98,0.0,2026-07-07,2026-07-07,25.57,0.2104,0.1592,0.4572,0.39,0.346,0.2381,0.2024
002048,宁波华翔,175.61,True,24.74,25.83,7,6.15,-15.99,-3.83,-4.23,0.0,2026-07-07,2026-07-07,34.42,0.0986,0.2912,0.75,0.3756,0.5426,0.0,0.2024
002445,中南文化,66.73,True,2.82,3.04,0,-5.01,-13.02,-8.88,-7.39,0.0,2026-07-07,2026-07-07,19.18,0.6164,-0.5442,0.3236,0.3699,0.204,0.4606,0.2023
600698,湖南天雁,48.25,True,5.81,6.3,3,3.46,-12.56,-5.29,-7.83,0.0,2026-07-07,2026-07-07,21.38,0.7461,-0.3456,0.5031,0.5094,0.2529,0.1615,0.2021
000572,海马汽车,58.79,True,3.58,3.97,1,2.05,-11.77,-8.19,-9.86,0.0,2026-07-07,2026-07-07,29.11,-0.3678,3.3922,0.5313,0.4,0.4248,0.1145,0.2021
002581,*ST未名,12.42,True,3.1,3.49,0,-3.71,-19.62,-11.95,-11.2,0.0,2026-07-07,2026-07-07,29.75,0.2755,0.203,0.5897,0.4465,0.4388,0.0171,0.202
002721,金一文化,58.51,True,2.2,2.32,0,-1.04,-12.95,-8.06,-5.29,0.0,2026-07-07,2026-07-07,29.09,-0.3024,0.0101,0.3359,0.204,0.4242,0.4402,0.2019
000401,金隅冀东,90.78,True,3.45,3.62,0,-1.04,-10.59,-4.98,-4.6,0.0,2026-07-07,2026-07-07,28.05,-0.3938,-0.1309,0.262,0.1476,0.4011,0.5633,0.2016
002895,川恒股份,182.99,True,30.52,30.81,2,2.94,-9.94,-3.82,-0.95,0.0,2026-07-07,2026-07-07,44.77,0.3135,-0.7582,0.6366,0.1881,0.7726,0.0,0.2015
002487,大金重工,313.57,True,49.7,57.56,0,-4.37,-20.61,-11.58,-13.66,0.0,2026-07-07,2026-07-07,28.22,0.3637,-0.0946,0.4989,0.3804,0.4048,0.1684,0.2013
000910,大亚圣象,29.55,True,5.4,5.55,0,-2.75,-12.09,-7.67,-2.75,0.0,2026-07-07,2026-07-07,32.12,-0.3081,-0.2128,0.3037,0.1149,0.4915,0.4938,0.2011
000936,华西股份,45.09,True,5.09,5.55,0,-5.43,-15.1,-9.32,-8.3,0.0,2026-07-07,2026-07-07,24.0,0.2858,-0.2097,0.3323,0.2876,0.3111,0.4462,0.2011
002694,*ST顾地,14.66,True,2.04,2.22,1,2.42,-12.41,-5.74,-8.03,0.0,2026-07-07,2026-07-07,32.67,0.2205,0.0529,0.5534,0.3535,0.5039,0.0777,0.2008
002598,ST章鼓,19.2,True,6.7,6.81,1,1.84,-10.85,-5.12,-1.62,0.0,2026-07-07,2026-07-07,35.81,0.1889,-0.2578,0.4659,0.2103,0.5736,0.2235,0.2008
600501,航天晨光,62.89,True,14.7,16.47,0,-2.61,-13.12,-9.11,-10.73,0.0,2026-07-07,2026-07-07,24.75,-0.5062,0.3806,0.4121,0.3522,0.3278,0.3131,0.2006
002348,高乐股份,98.49,True,10.9,11.31,0,-3.44,-18.35,-10.95,-3.62,0.0,2026-07-07,2026-07-07,34.54,0.5107,-0.3519,0.6449,0.3656,0.5454,0.0,0.2005
002902,铭普光磁,45.28,True,25.49,31.3,5,8.59,-18.57,-6.45,-18.57,0.0,2026-07-07,2026-07-07,22.12,0.7854,-0.2179,0.8282,0.5841,0.2693,0.0,0.1999
603390,通达电气,36.0,True,10.27,11.2,0,-3.07,-14.46,-8.25,-8.27,0.0,2026-07-07,2026-07-07,24.46,0.2929,-0.1599,0.3696,0.3118,0.3214,0.3841,0.1998
002660,茂硕电源,21.61,True,6.3,6.9,0,-4.74,-11.86,-8.13,-8.65,0.0,2026-07-07,2026-07-07,18.99,0.4575,-0.2551,0.3331,0.3724,0.1999,0.4448,0.1998
000055,方大集团,21.83,True,3.23,3.54,8,4.06,-9.51,-2.88,-8.73,0.0,2026-07-07,2026-07-07,20.69,0.5746,-0.8457,0.3362,0.3448,0.2375,0.4397,0.1996
002230,科大讯飞,874.62,True,39.95,41.45,0,-0.99,-13.56,-6.76,-3.62,0.0,2026-07-07,2026-07-07,44.46,0.0187,-0.5263,0.4253,0.0112,0.7658,0.2912,0.1996
000420,吉林化纤,95.86,True,3.9,4.18,0,-0.52,-10.05,-4.82,-6.62,0.0,2026-07-07,2026-07-07,33.82,0.0798,-0.1942,0.3955,0.1702,0.5294,0.3408,0.1995
002815,崇达技术,120.3,True,15.48,17.55,13,16.12,-16.01,1.13,-11.78,0.0,2026-07-07,2026-07-07,33.45,0.6333,-0.5744,0.8996,0.38,0.5211,0.0,0.1992
603601,再升科技,119.37,True,10.45,13.03,0,-7.97,-23.42,-17.08,-19.79,0.0,2026-07-07,2026-07-07,28.79,0.771,-0.5353,0.7956,0.4626,0.4175,0.0,0.1992
600992,贵绳股份,21.3,True,8.69,9.43,0,-1.8,-17.92,-13.39,-7.81,0.0,2026-07-07,2026-07-07,27.48,0.5779,-0.4728,0.4716,0.3576,0.3885,0.214,0.1992
600235,民丰特纸,18.16,True,5.17,5.34,0,-1.96,-9.81,-7.25,-3.15,0.0,2026-07-07,2026-07-07,36.72,-0.0186,-0.4397,0.3023,0.0241,0.5938,0.4961,0.1992
002888,惠威科技,14.41,True,19.23,20.76,12,15.8,-10.46,1.78,-7.37,0.0512,2026-07-07,2026-07-07,49.66,-0.0088,-0.4773,0.6174,0.0091,0.8813,0.0,0.199
605319,无锡振华,76.7,True,22.03,24.1,7,8.89,-11.62,-3.94,-8.57,0.0,2026-07-08,2026-07-08,19.1,0.5985,-0.7024,0.325,0.3591,0.2021,0.4583,0.1989
600558,大西洋,43.53,True,4.85,5.21,4,0.69,-9.87,-4.06,-6.99,0.0,2026-07-07,2026-07-07,20.69,0.482,-0.4209,0.3157,0.3208,0.2375,0.4738,0.1988
002315,焦点科技,61.26,True,23.3,24.17,0,-0.86,-13.32,-7.17,-3.59,0.0,2026-07-07,2026-07-07,35.05,-0.0463,-0.3534,0.3088,0.0587,0.5566,0.4853,0.1988
001386,马可波罗,15.39,True,14.31,15.16,4,2.77,-10.94,-4.4,-5.6,0.0,2026-07-07,2026-07-07,24.15,0.4208,-0.3005,0.3896,0.3323,0.3144,0.3507,0.1986
002857,三晖电气,21.06,True,16.38,17.16,0,-0.09,-16.8,-7.69,-4.52,0.0,2026-07-07,2026-07-07,31.84,0.4794,-0.5825,0.4825,0.2877,0.4854,0.1958,0.1984
002519,银河电子,60.8,True,5.44,6.06,0,-3.35,-12.78,-7.4,-10.24,0.0,2026-07-07,2026-07-07,22.87,0.0736,0.1769,0.3504,0.3149,0.2861,0.4159,0.1983
002092,中泰化学,100.45,True,3.9,4.12,0,-1.29,-13.85,-7.88,-5.35,0.0,2026-07-07,2026-07-07,33.97,0.1949,-0.2894,0.4346,0.2012,0.5328,0.2757,0.1982
002337,赛象科技,26.05,True,4.43,4.73,0,-2.51,-10.94,-7.03,-6.25,0.0,2026-07-07,2026-07-07,26.89,-0.1986,-0.0071,0.3046,0.1972,0.3754,0.4923,0.1982
002098,浔兴股份,23.45,True,6.55,6.79,0,-1.22,-9.74,-5.91,-3.58,0.0,2026-07-07,2026-07-07,34.21,-0.1763,-0.3735,0.2884,0.0506,0.538,0.5193,0.1982
603767,中马传动,44.63,True,14.46,15.31,2,0.89,-20.04,-11.09,-5.55,0.0,2026-07-08,2026-07-08,39.38,0.2551,-0.6328,0.4833,0.1531,0.653,0.1946,0.198
002922,伊戈尔,117.47,True,31.16,33.67,0,-4.53,-17.65,-10.77,-7.45,0.0,2026-07-07,2026-07-07,28.61,0.1003,0.5395,0.6957,0.4602,0.4135,0.0,0.1978
603533,掌阅科技,79.79,True,18.18,20.48,1,0.13,-18.18,-9.47,-11.23,0.0,2026-07-07,2026-07-07,37.03,0.5175,-0.5899,0.6018,0.3105,0.6006,0.0,0.1977
002544,普天科技,116.36,True,17.1,18.8,0,-3.68,-16.62,-8.98,-9.07,0.0,2026-07-07,2026-07-07,23.75,0.2361,-0.1147,0.3501,0.2958,0.3056,0.4166,0.1976
603218,日月股份,101.25,True,9.84,10.48,0,-2.22,-11.69,-6.33,-6.14,0.0,2026-07-07,2026-07-07,18.48,0.1898,-0.0617,0.25,0.2892,0.1885,0.5833,0.1975
003040,楚天龙,46.19,True,10.11,11.37,0,-3.71,-12.91,-8.59,-11.11,0.0,2026-07-07,2026-07-07,23.88,-0.0238,0.2686,0.3651,0.3075,0.3085,0.3915,0.1973
603031,安孚科技,146.0,True,46.44,52.42,4,3.92,-11.41,-4.27,-11.41,0.0,2026-07-07,2026-07-07,39.51,0.3418,-0.3553,0.7913,0.263,0.6557,0.0,0.1969
002799,环球印务,19.27,True,6.02,6.47,0,-4.99,-11.85,-9.16,-7.02,0.0,2026-07-07,2026-07-07,21.09,-0.3115,0.0491,0.2297,0.2196,0.2465,0.6172,0.1968
002516,旷达科技,78.7,True,5.4,5.79,3,2.52,-7.85,-3.35,-6.67,0.0,2026-07-07,2026-07-07,16.67,0.5961,-0.3684,0.342,0.4103,0.1481,0.43,0.1967
002334,英威腾,50.79,True,6.91,7.79,1,1.79,-16.04,-7.99,-11.32,0.0,2026-07-07,2026-07-07,13.98,0.8573,-0.8617,0.3984,0.5144,0.0885,0.336,0.1967
600783,鲁信创投,141.73,True,19.04,20.74,5,5.69,-14.89,-4.35,-8.19,0.0,2026-07-07,2026-07-07,44.6,0.2432,-0.4357,0.9032,0.1716,0.7688,0.0,0.1967
000573,粤宏远Ａ,21.46,True,3.39,3.82,0,-2.93,-13.08,-7.64,-11.34,0.0,2026-07-07,2026-07-07,11.7,0.399,-0.0606,0.2613,0.4151,0.0378,0.5644,0.196
600425,青松建化,52.96,True,3.3,3.41,0,-0.87,-7.29,-3.74,-3.18,0.0,2026-07-07,2026-07-07,29.51,-0.317,-0.3088,0.2397,0.0765,0.4335,0.6006,0.1959
601615,明阳智能,243.11,True,10.57,11.7,0,-2.84,-23.23,-14.05,-9.64,0.0,2026-07-07,2026-07-07,29.11,0.3308,-0.1326,0.5025,0.3455,0.4247,0.1624,0.1957
002094,青岛金王,29.83,True,4.32,4.64,0,-3.97,-11.13,-7.34,-6.87,0.0,2026-07-07,2026-07-07,22.41,0.1753,-0.1104,0.2994,0.261,0.2759,0.501,0.1956
002197,证通电子,29.74,True,5.57,6.05,0,-0.85,-13.42,-7.24,-7.9,0.0,2026-07-07,2026-07-07,33.94,0.0725,-0.144,0.4294,0.1859,0.5321,0.2843,0.1955
601399,国机重装,233.0,True,3.23,3.55,0,-1.21,-8.99,-5.11,-8.99,0.0,2026-07-07,2026-07-07,26.36,-0.2045,0.1652,0.3752,0.2661,0.3636,0.3747,0.1955
002383,合众思壮,49.31,True,6.66,7.05,1,1.03,-11.24,-7.04,-5.57,0.0,2026-07-07,2026-07-07,34.5,-0.0477,-0.1651,0.3884,0.134,0.5444,0.3527,0.1953
002448,中原内配,71.29,True,12.28,12.53,5,3.64,-12.1,-3.81,-1.99,0.0,2026-07-07,2026-07-07,42.74,0.0484,-0.201,0.5495,0.1486,0.7276,0.0842,0.1953
601179,中国西电,696.09,True,13.58,14.85,6,7.96,-16.2,-4.68,-8.57,0.0,2026-07-07,2026-07-07,29.62,0.7144,-0.494,0.7737,0.431,0.436,0.0,0.195
002313,日海智能,28.23,True,7.54,7.96,1,0.54,-13.26,-8.01,-5.23,0.0,2026-07-07,2026-07-07,38.28,-0.0387,0.1913,0.6047,0.2765,0.6285,0.0,0.1948
000039,中集集团,183.19,True,7.96,8.68,0,-6.43,-14.11,-10.39,-8.29,0.0,2026-07-07,2026-07-07,28.26,0.3734,-0.3477,0.4303,0.285,0.4058,0.2828,0.1948
000819,岳阳兴长,41.29,True,11.28,12.6,0,-7.19,-15.25,-10.0,-10.44,0.0,2026-07-07,2026-07-07,19.58,0.5092,-0.1847,0.4229,0.4317,0.2128,0.2951,0.1947
002140,东华科技,63.15,True,8.93,9.54,0,-0.09,-7.11,-3.8,-6.35,0.0,2026-07-07,2026-07-07,21.93,-0.2624,0.0603,0.2577,0.2241,0.265,0.5706,0.1946
603023,威帝股份,19.92,True,3.57,3.83,0,-1.35,-14.43,-9.01,-6.73,0.0,2026-07-07,2026-07-07,34.43,-0.2104,-0.0352,0.4417,0.1859,0.5428,0.2638,0.1946
601877,正泰电器,526.5,True,24.5,26.07,0,-0.52,-14.2,-5.97,-6.02,0.0,2026-07-07,2026-07-07,23.9,0.4043,-0.4609,0.3279,0.2583,0.3089,0.4536,0.1944
600271,航天信息,119.14,True,6.43,6.84,0,-2.18,-9.71,-5.74,-6.03,0.0,2026-07-07,2026-07-07,29.27,-0.0173,-0.1426,0.3084,0.143,0.4282,0.486,0.1943
001379,腾达科技,10.37,True,15.41,16.51,0,-2.25,-12.68,-8.24,-6.68,0.0,2026-07-07,2026-07-07,27.62,-0.1754,-0.0752,0.3063,0.1699,0.3915,0.4895,0.1942
603738,泰晶科技,177.35,True,45.96,56.68,14,27.67,-18.91,9.19,-18.91,0.0,2026-07-08,2026-07-08,34.65,0.283,-0.0787,1.0484,0.3383,0.5477,0.0,0.1941
000913,钱江摩托,53.67,True,10.32,10.96,4,6.86,-8.54,-3.65,-5.84,0.0,2026-07-07,2026-07-07,19.35,0.5816,-0.2107,0.455,0.4647,0.2079,0.2417,0.194
603267,鸿远电子,148.12,True,64.1,72.2,16,14.72,-11.22,2.38,-11.22,0.0337,2026-07-07,2026-07-07,40.45,0.3015,-0.6523,0.8354,0.1809,0.6766,0.0,0.194
000949,新乡化纤,92.1,True,5.56,6.6,6,7.46,-15.76,-3.56,-15.76,0.0,2026-07-07,2026-07-07,31.13,-0.0176,1.5497,0.6882,0.4,0.4697,0.0,0.1939
603439,三力制药,51.69,True,12.8,14.23,8,20.3,-15.71,-2.78,-10.07,0.0,2026-07-07,2026-07-07,26.74,0.6761,-0.4304,0.5563,0.4335,0.372,0.0729,0.1937
002296,辉煌科技,29.9,True,8.61,9.22,0,-0.96,-9.92,-5.79,-6.65,0.0,2026-07-07,2026-07-07,32.72,-0.2395,-0.1739,0.3601,0.1305,0.5049,0.3998,0.1936
600078,澄星股份,78.12,True,11.79,13.51,12,15.09,-12.74,0.06,-12.74,0.0,2026-07-07,2026-07-07,37.56,0.4337,-0.44,0.7766,0.2842,0.6125,0.0,0.1935
002115,三维通信,74.03,True,9.92,11.03,0,-3.2,-13.43,-7.9,-10.05,0.0,2026-07-07,2026-07-07,22.28,0.3571,-0.1134,0.4134,0.3689,0.2729,0.311,0.1935
600802,福建水泥,18.88,True,4.12,4.45,0,-3.84,-11.42,-7.95,-7.49,0.0,2026-07-07,2026-07-07,25.23,-0.3617,0.0318,0.3101,0.2127,0.3383,0.4832,0.1933
603712,七一二,91.56,True,11.86,12.88,0,-1.28,-10.87,-7.34,-7.93,0.0,2026-07-08,2026-07-08,33.67,0.1237,-0.3377,0.3873,0.1392,0.526,0.3544,0.1932
603867,新化股份,67.27,True,31.19,37.63,11,6.37,-17.12,-1.89,-17.12,0.0,2026-07-08,2026-07-08,32.87,0.2426,0.0521,0.7573,0.3664,0.5083,0.0,0.1932
600151,航天机电,149.02,True,10.39,11.41,0,-2.48,-17.77,-9.31,-8.94,0.0,2026-07-07,2026-07-07,35.85,0.2571,-0.3205,0.513,0.226,0.5743,0.145,0.1931
002578,闽发铝业,26.09,True,3.03,3.4,0,-3.79,-13.49,-9.15,-10.78,0.0,2026-07-07,2026-07-07,16.67,0.7698,-0.5286,0.408,0.4619,0.1481,0.3199,0.1931
601016,节能风电,205.9,True,3.41,3.83,0,-3.05,-16.41,-11.04,-11.01,0.0,2026-07-07,2026-07-07,28.85,0.6568,-0.6887,0.5577,0.3941,0.4188,0.0705,0.1929
002471,中超控股,75.77,True,5.64,6.53,3,4.64,-14.93,-7.66,-13.66,0.0,2026-07-07,2026-07-07,25.66,0.5674,-0.1179,0.6567,0.4933,0.348,0.0,0.1929
001212,中旗新材,71.28,True,41.0,47.18,0,-0.58,-13.1,-6.81,-13.1,0.0,2026-07-07,2026-07-07,32.51,0.5388,-0.5892,0.5534,0.3233,0.5003,0.0777,0.1925
002166,莱茵生物,46.53,True,6.3,6.86,0,-4.96,-15.65,-9.92,-8.21,0.0,2026-07-07,2026-07-07,22.22,-0.5996,0.2296,0.3402,0.2918,0.2716,0.433,0.1922
603429,*ST集友,40.91,True,7.8,9.22,9,14.9,-15.87,-1.71,-15.39,0.0,2026-07-07,2026-07-07,33.39,0.4063,-0.2285,0.6545,0.3524,0.5198,0.0,0.1921
601992,金隅集团,114.18,True,1.37,1.44,0,-1.02,-10.8,-5.74,-4.73,0.0,2026-07-07,2026-07-07,20.0,0.1553,-0.2002,0.2225,0.2131,0.2222,0.6292,0.1921
000659,珠海中富,36.26,True,2.82,3.31,0,-6.51,-14.73,-10.1,-14.73,0.0,2026-07-07,2026-07-07,16.33,-0.6263,1.3906,0.3455,0.4,0.1406,0.4241,0.1917
003005,竞业达,16.79,True,13.22,14.01,0,-3.89,-12.31,-6.88,-5.67,0.0,2026-07-07,2026-07-07,30.99,-0.2017,-0.1551,0.3448,0.1379,0.4664,0.4253,0.1916
603409,汇通控股,9.88,True,18.33,20.47,0,-3.62,-21.81,-14.46,-10.45,0.0,2026-07-07,2026-07-07,32.2,-0.3042,0.4293,0.6533,0.3717,0.4933,0.0,0.1916
605255,天普股份,96.12,True,71.69,75.48,2,2.62,-18.45,-8.41,-5.03,0.0,2026-07-08,2026-07-08,43.75,-0.2343,-0.086,0.873,0.1656,0.7499,0.0,0.1914
603406,天富龙,9.44,True,25.74,27.24,0,-1.74,-10.12,-5.82,-5.5,0.0,2026-07-07,2026-07-07,21.67,0.4163,-0.5097,0.2927,0.2498,0.2594,0.5122,0.1912
002624,完美世界,215.12,True,11.77,12.47,1,0.45,-14.04,-6.03,-5.61,0.0,2026-07-07,2026-07-07,36.14,-0.2536,0.2492,0.5997,0.2997,0.5808,0.0005,0.1912
605299,舒华体育,51.08,True,12.53,14.14,0,-7.21,-17.31,-11.04,-11.38,0.0,2026-07-08,2026-07-08,8.86,0.6942,-0.7018,0.2525,0.4165,0.0,0.5792,0.191
603383,顶点软件,54.12,True,26.35,28.22,0,-0.71,-12.19,-6.11,-6.64,0.0,2026-07-07,2026-07-07,36.95,0.3717,-0.5348,0.5385,0.223,0.5989,0.1026,0.1909
002488,金固股份,85.75,True,9.32,9.52,2,0.89,-11.84,-6.13,-2.1,0.0,2026-07-07,2026-07-07,43.11,0.0618,-0.2736,0.5549,0.1276,0.7358,0.0751,0.1903
600496,精工钢构,63.68,True,3.2,3.36,0,-0.15,-12.22,-7.39,-4.66,0.0,2026-07-07,2026-07-07,32.05,-0.3454,-0.259,0.3282,0.0964,0.49,0.4531,0.1901
002908,德生科技,20.5,True,6.37,6.81,0,-2.93,-10.21,-6.18,-6.44,0.0,2026-07-07,2026-07-07,31.43,-0.2026,-0.1361,0.3674,0.1456,0.4762,0.3877,0.1898
002454,松芝股份,42.81,True,4.88,5.15,0,-1.68,-14.13,-8.55,-5.24,0.0,2026-07-07,2026-07-07,27.74,-0.1977,0.0655,0.3826,0.2262,0.3942,0.3624,0.1897
600819,耀皮玻璃,40.21,True,5.38,6.1,3,1.49,-12.08,-6.46,-11.82,0.0,2026-07-07,2026-07-07,28.67,0.4731,-0.1458,0.6542,0.4256,0.4148,0.0,0.1894
600756,浪潮软件,38.99,True,12.03,12.93,0,-2.34,-12.22,-7.04,-6.93,0.0,2026-07-07,2026-07-07,31.65,0.2099,-0.4051,0.3914,0.1639,0.481,0.3477,0.1893
002778,中晟高科,18.9,True,15.31,16.48,0,-3.57,-12.66,-7.6,-7.07,0.0,2026-07-07,2026-07-07,32.16,0.183,-0.1786,0.4755,0.2383,0.4925,0.2075,0.1892
000637,茂化实华,12.87,True,3.53,3.76,0,-3.63,-11.38,-7.92,-6.09,0.0,2026-07-07,2026-07-07,31.25,-0.0936,-0.2729,0.3117,0.0909,0.4722,0.4805,0.1892
002637,赞宇科技,50.5,True,10.86,11.22,6,8.67,-10.53,-2.62,-3.2,0.0,2026-07-07,2026-07-07,34.4,0.5376,-0.4993,0.6513,0.3228,0.5421,0.0,0.1891
601616,广电电气,27.74,True,3.25,3.61,0,-4.09,-14.27,-8.78,-10.02,0.0,2026-07-07,2026-07-07,15.84,0.5108,-0.2011,0.3737,0.4261,0.1298,0.3772,0.1891
002716,湖南白银,180.87,True,7.78,8.65,2,3.1,-16.5,-6.71,-10.02,0.0,2026-07-07,2026-07-07,29.46,0.0158,2.0483,0.6666,0.4095,0.4324,0.0,0.1889
002591,恒大高新,13.77,True,6.16,6.73,0,-5.34,-14.03,-9.75,-8.41,0.0,2026-07-07,2026-07-07,23.47,-0.575,0.1308,0.337,0.2523,0.2993,0.4383,0.1887
002593,日上集团,22.76,True,4.06,4.24,0,-1.33,-10.65,-6.66,-4.32,0.0,2026-07-07,2026-07-07,27.62,-0.2423,-0.0501,0.3386,0.18,0.3915,0.4357,0.1886
001225,和泰机电,8.41,True,39.99,42.19,1,1.89,-14.06,-8.43,-5.22,0.0,2026-07-07,2026-07-07,43.08,0.1493,-0.3609,0.5794,0.1453,0.7352,0.0343,0.1885
001233,海安集团,16.22,True,43.0,47.58,0,-0.25,-13.14,-6.48,-9.63,0.0,2026-07-07,2026-07-07,23.24,0.2924,0.2072,0.5408,0.4583,0.2943,0.0987,0.1882
601106,中国一重,208.48,True,3.04,3.38,0,-3.23,-10.75,-6.73,-10.1,0.0,2026-07-07,2026-07-07,18.39,-0.4551,0.322,0.328,0.3288,0.1865,0.4533,0.1875
002846,英联股份,27.0,True,10.38,11.45,4,2.93,-12.4,-6.09,-9.35,0.0,2026-07-07,2026-07-07,12.1,0.6445,-0.175,0.4041,0.5167,0.0467,0.3264,0.1875
002243,力合科创,77.79,True,6.46,6.97,1,4.14,-19.43,-11.37,-7.34,0.0,2026-07-07,2026-07-07,27.46,0.6261,-0.6272,0.5377,0.3757,0.388,0.1039,0.1871
600055,万东医疗,72.98,True,10.38,11.03,0,-3.03,-13.85,-8.09,-5.88,0.0,2026-07-07,2026-07-07,31.63,-0.3759,-0.1565,0.3738,0.1374,0.4806,0.3769,0.187
600330,天通股份,309.84,True,25.12,30.43,9,13.42,-17.78,-1.6,-17.46,0.0,2026-07-07,2026-07-07,32.19,0.5892,-0.5483,0.9202,0.3535,0.4931,0.0,0.187
002478,常宝股份,43.51,True,6.02,6.51,0,-2.23,-10.93,-6.11,-7.49,0.0,2026-07-07,2026-07-07,24.1,0.2631,-0.3675,0.3139,0.2109,0.3133,0.4768,0.1869
000678,襄阳轴承,39.25,True,8.54,9.42,0,-1.22,-19.97,-12.37,-9.33,0.0,2026-07-07,2026-07-07,33.83,-0.3145,0.3078,0.6826,0.3231,0.5296,0.0,0.1867
002988,豪美新材,56.33,True,22.55,23.93,1,5.15,-18.69,-11.08,-5.77,0.0,2026-07-07,2026-07-07,39.98,-0.0353,0.0326,0.6757,0.213,0.6663,0.0,0.1865
603618,杭电股份,274.41,True,39.69,47.78,18,29.78,-16.94,8.77,-16.94,0.0821,2026-07-07,2026-07-07,39.88,-0.1183,-0.2955,1.0429,0.0818,0.664,0.0,0.1861
605218,伟时电子,31.35,True,14.73,16.73,5,3.58,-11.94,-3.74,-11.94,0.0,2026-07-08,2026-07-08,23.28,0.6472,-0.6132,0.4803,0.3883,0.295,0.1995,0.186
603890,春秋电子,96.34,True,21.56,25.18,9,16.73,-14.38,-0.81,-14.38,0.0,2026-07-08,2026-07-08,39.15,0.3747,-0.8564,0.7347,0.2248,0.6478,0.0,0.1858
603421,鼎信通讯,38.09,True,5.84,6.36,0,-2.45,-13.36,-8.37,-8.25,0.0,2026-07-07,2026-07-07,25.0,0.2407,-0.2445,0.37,0.2466,0.3333,0.3833,0.1858
600967,内蒙一机,181.92,True,10.69,11.43,0,-1.61,-10.9,-6.11,-6.45,0.0,2026-07-07,2026-07-07,27.13,0.0239,-0.0779,0.3453,0.1832,0.3807,0.4245,0.1856
002522,浙江众成,51.68,True,5.71,7.14,17,14.96,-20.05,2.25,-20.05,0.0,2026-07-07,2026-07-07,32.65,0.5658,-0.6056,0.8537,0.3395,0.5034,0.0,0.1856
002363,隆基机械,25.4,True,6.11,6.41,0,-2.22,-10.35,-6.88,-4.68,0.0,2026-07-07,2026-07-07,28.19,-0.2318,-0.1976,0.3018,0.121,0.4042,0.4971,0.1856
603306,华懋科技,315.59,True,95.78,104.3,9,9.92,-15.44,-2.24,-8.17,0.0,2026-07-07,2026-07-07,38.32,0.2032,-0.2095,0.6086,0.2381,0.6294,0.0,0.1854
000720,新能泰山,41.72,True,3.32,3.95,0,-2.55,-18.58,-13.45,-15.92,0.0,2026-07-07,2026-07-07,7.75,0.9335,-0.6978,0.4216,0.5601,0.0,0.2974,0.1846
000727,冠捷科技,106.44,True,2.35,2.68,5,3.77,-12.22,-4.55,-12.22,0.0,2026-07-07,2026-07-07,26.79,0.7073,-0.4617,0.702,0.4397,0.373,0.0,0.1845
002350,北京科锐,72.69,True,13.7,14.23,2,4.41,-11.95,-5.6,-3.72,0.0,2026-07-07,2026-07-07,15.9,0.8183,-0.5124,0.4586,0.491,0.131,0.2356,0.1843
002298,中电鑫龙,46.85,True,7.09,7.87,0,-5.17,-19.21,-10.78,-9.91,0.0,2026-07-07,2026-07-07,21.71,0.4331,-0.313,0.406,0.3346,0.2601,0.3234,0.1842
002725,跃岭股份,27.76,True,11.15,12.8,0,-2.73,-16.36,-9.0,-12.92,0.0,2026-07-07,2026-07-07,24.61,0.6798,-0.4839,0.5373,0.4143,0.3247,0.1045,0.1842
000997,新 大 陆,160.18,True,15.9,17.12,0,-4.23,-19.0,-10.76,-7.1,0.0,2026-07-07,2026-07-07,35.38,0.2461,-0.4631,0.4771,0.1624,0.5639,0.2049,0.1841
603344,星德胜,13.02,True,24.1,26.38,0,-0.3,-18.65,-9.17,-8.65,0.0,2026-07-07,2026-07-07,23.27,0.5647,-0.8066,0.4396,0.3388,0.295,0.2673,0.1838
002984,森麒麟,97.59,True,13.67,14.06,2,3.51,-9.02,-4.3,-2.79,0.0,2026-07-07,2026-07-07,29.91,0.278,-0.3714,0.438,0.2183,0.4425,0.2701,0.1836
002855,捷荣技术,22.43,True,9.11,10.12,0,-2.95,-12.38,-8.55,-9.94,0.0,2026-07-07,2026-07-07,16.45,0.5729,-0.3083,0.4016,0.4204,0.1434,0.3306,0.1834
600571,信雅达,43.21,True,9.44,10.25,0,-2.87,-12.9,-7.3,-7.86,0.0,2026-07-07,2026-07-07,30.28,0.0228,-0.0865,0.4092,0.1791,0.4508,0.3179,0.1826
600718,东软集团,85.78,True,7.17,7.6,0,-3.07,-8.82,-5.37,-5.63,0.0,2026-07-07,2026-07-07,23.84,-0.0455,-0.152,0.2549,0.1392,0.3076,0.5751,0.1826
002405,四维图新,148.41,True,6.3,6.98,0,-7.83,-15.02,-11.85,-9.74,0.0,2026-07-07,2026-07-07,20.22,0.4934,-0.4482,0.3681,0.3168,0.2272,0.3866,0.1826
603169,兰石重装,82.17,True,6.29,7.32,4,7.5,-14.05,-5.88,-14.05,0.0,2026-07-07,2026-07-07,24.79,0.6069,-0.2421,0.6537,0.4673,0.3287,0.0,0.1826
000592,平潭发展,117.59,True,6.14,7.16,1,5.25,-18.65,-11.49,-14.2,0.0,2026-07-07,2026-07-07,30.03,-0.2163,0.4322,0.676,0.3729,0.445,0.0,0.1822
002114,罗平锌电,21.47,True,6.64,7.38,2,5.61,-16.51,-5.74,-9.98,0.0,2026-07-07,2026-07-07,34.23,0.4145,-0.3775,0.733,0.2977,0.5384,0.0,0.1821
603185,弘元绿能,100.63,True,14.82,16.69,0,-0.51,-17.12,-7.02,-11.19,0.0,2026-07-07,2026-07-07,23.8,0.319,0.0011,0.5098,0.3918,0.3066,0.1503,0.1818
002302,西部建设,54.79,True,4.34,4.59,0,-3.47,-9.15,-6.58,-5.49,0.0,2026-07-07,2026-07-07,20.99,0.0686,-0.295,0.1926,0.1232,0.2442,0.679,0.1815
603311,金海高科,71.97,True,30.51,36.17,12,41.24,-15.65,5.34,-15.65,0.0,2026-07-07,2026-07-07,25.56,0.7492,-0.7134,0.7023,0.4495,0.3457,0.0,0.1815
603489,八方股份,63.84,True,27.21,30.4,0,-1.73,-12.08,-7.78,-10.48,0.0,2026-07-07,2026-07-07,20.45,-0.1722,0.2334,0.3536,0.2934,0.2322,0.4107,0.1814
603022,新通联,15.98,True,7.99,8.6,0,-4.28,-11.91,-9.14,-7.09,0.0,2026-07-07,2026-07-07,27.85,-0.4363,-0.1763,0.3222,0.1295,0.3966,0.4629,0.1811
600066,宇通客车,643.59,True,29.07,27.85,3,5.09,-14.96,-6.37,4.38,0.0,2026-07-02,2026-07-07,65.42,-0.3584,-0.6446,0.4906,0.0,0.7686,0.1824,0.1811
002535,林州重机,16.64,True,2.23,2.35,0,-0.04,-14.58,-8.87,-5.11,0.0,2026-07-07,2026-07-07,36.67,0.1434,-0.2999,0.5162,0.1661,0.5926,0.1396,0.181
001388,信通电子,21.9,True,25.9,28.67,1,0.27,-17.26,-9.58,-9.66,0.0,2026-07-07,2026-07-07,33.1,-0.0864,0.1032,0.528,0.2413,0.5134,0.1201,0.181
605151,西上海,24.34,True,18.09,18.94,2,5.14,-11.12,-6.54,-4.5,0.0,2026-07-08,2026-07-08,45.61,-0.1002,-0.2733,0.644,0.0907,0.7913,0.0,0.1809
002918,蒙娜丽莎,20.5,True,9.57,10.83,0,-2.25,-18.78,-11.99,-11.65,0.0,2026-07-07,2026-07-07,32.18,0.4995,-0.4945,0.5731,0.3019,0.4929,0.0449,0.1808
600602,云赛智联,159.96,True,14.89,16.84,1,1.18,-16.45,-8.28,-11.58,0.0,2026-07-07,2026-07-07,26.76,0.324,-0.1737,0.5001,0.3249,0.3725,0.1665,0.1807
002217,ST合力泰,127.39,True,1.75,2.18,2,4.07,-26.67,-12.66,-19.78,0.0,2026-07-07,2026-07-07,31.1,0.4218,-0.2642,0.8213,0.3474,0.4688,0.0,0.1806
002229,鸿博股份,46.7,True,9.47,11.7,0,-1.15,-22.27,-12.75,-19.06,0.0,2026-07-07,2026-07-07,18.95,0.6687,-0.2516,0.5388,0.5006,0.199,0.1021,0.1803
000877,天山股份,258.11,True,3.63,3.87,0,-3.37,-9.28,-6.45,-6.14,0.0,2026-07-07,2026-07-07,21.92,-0.3831,-0.1126,0.2464,0.155,0.2648,0.5894,0.1801
002227,*ST特迅,15.57,True,6.33,6.89,0,-1.74,-16.26,-9.92,-8.09,0.0,2026-07-07,2026-07-07,32.64,-0.091,0.081,0.5152,0.2324,0.5032,0.1413,0.1799
603626,科森科技,98.77,True,17.8,20.36,0,-0.76,-17.1,-10.03,-12.58,0.0,2026-07-07,2026-07-07,29.63,0.4222,-0.2066,0.6225,0.3707,0.4363,0.0,0.1799
002862,实丰文化,16.54,True,12.86,13.86,0,-5.76,-14.65,-10.37,-7.19,0.0,2026-07-07,2026-07-07,24.79,-0.38,-0.0875,0.3085,0.165,0.3287,0.4858,0.1799
603036,如通股份,27.63,True,13.41,14.65,13,12.22,-8.48,1.77,-8.48,0.039,2026-07-07,2026-07-07,38.41,0.0835,-0.2473,0.7111,0.1512,0.6313,0.0,0.1797
600477,杭萧钢构,53.31,True,2.26,2.44,0,-3.1,-9.8,-6.53,-7.53,0.0,2026-07-07,2026-07-07,16.98,-0.4169,0.15,0.2653,0.26,0.1551,0.5579,0.1797
603936,博敏电子,120.6,True,19.13,24.77,14,21.1,-22.77,2.93,-22.77,0.0,2026-07-08,2026-07-08,23.34,0.7328,-0.398,0.7996,0.4805,0.2965,0.0,0.1794
603015,弘讯科技,44.46,True,11.0,12.27,12,7.32,-10.37,-0.06,-10.37,0.0,2026-07-07,2026-07-07,32.56,0.5272,-0.6002,0.6052,0.3163,0.5013,0.0,0.1793
600776,东方通信,116.92,True,12.23,14.48,6,5.86,-16.32,-5.1,-15.52,0.0,2026-07-07,2026-07-07,19.44,0.6477,-0.2007,0.5604,0.5083,0.2099,0.066,0.179
002253,川大智胜,20.32,True,9.68,10.57,0,-2.5,-12.03,-5.8,-8.41,0.0,2026-07-07,2026-07-07,34.89,-0.5473,0.1329,0.5818,0.2532,0.5532,0.0304,0.1785
603985,恒润股份,92.23,True,20.92,23.44,9,6.53,-10.77,-1.97,-10.77,0.0,2026-07-08,2026-07-08,30.34,0.3815,-0.1915,0.622,0.3523,0.4519,0.0,0.1785
002882,金龙羽,45.68,True,18.51,20.15,0,-0.98,-14.67,-7.17,-8.14,0.0,2026-07-07,2026-07-07,22.64,0.5679,-0.2736,0.5433,0.4313,0.2808,0.0945,0.1782
603982,泉峰汽车,18.81,True,5.54,5.95,0,-3.07,-11.78,-8.09,-6.88,0.0,2026-07-08,2026-07-08,30.26,-0.1177,-0.2996,0.3276,0.0802,0.4503,0.454,0.1782
600367,红星发展,147.08,True,45.68,55.73,19,66.24,-18.04,25.35,-18.04,0.1013,2026-07-07,2026-07-07,39.37,0.0477,-0.5127,1.1119,0.0286,0.6527,0.0,0.1782
600550,保变电气,201.28,True,10.93,12.08,2,1.98,-14.28,-6.75,-9.52,0.0,2026-07-07,2026-07-07,20.09,0.7,-0.4802,0.4946,0.4279,0.2243,0.1757,0.1782
002706,良信股份,91.71,True,10.03,11.34,0,-3.47,-14.69,-9.21,-11.58,0.0,2026-07-07,2026-07-07,26.3,0.7034,-0.5405,0.6358,0.422,0.3623,0.0,0.178
603610,麒盛科技,56.37,True,15.97,18.15,12,6.46,-12.01,0.13,-12.01,0.0,2026-07-07,2026-07-07,36.62,0.1007,-0.1373,0.5674,0.2055,0.5916,0.0543,0.1778
603602,纵横通信,24.91,True,10.78,12.11,0,-0.5,-13.83,-6.67,-11.01,0.0,2026-07-07,2026-07-07,18.56,0.4324,-0.272,0.392,0.3506,0.1903,0.3467,0.1777
002678,珠江钢琴,57.02,True,4.2,4.74,2,3.07,-20.33,-12.52,-11.41,0.0,2026-07-07,2026-07-07,13.33,0.7388,-0.5165,0.3925,0.4433,0.0741,0.3458,0.1775
600746,江苏索普,62.36,True,5.34,5.68,0,-3.83,-12.84,-8.4,-6.06,0.0,2026-07-07,2026-07-07,24.26,0.0472,-0.0664,0.3456,0.2018,0.3169,0.4239,0.1774
603915,国茂股份,92.32,True,14.06,15.05,1,4.68,-11.51,-5.23,-6.57,0.0,2026-07-08,2026-07-08,36.61,0.2774,-0.3293,0.6125,0.2347,0.5914,0.0,0.177
603220,中贝通信,82.51,True,19.0,22.63,4,6.76,-19.12,-7.33,-16.05,0.0,2026-07-07,2026-07-07,23.49,0.599,-0.2288,0.7236,0.4679,0.2999,0.0,0.177
002279,久其软件,43.51,True,5.47,6.26,1,1.3,-15.44,-7.49,-12.6,0.0,2026-07-07,2026-07-07,15.18,0.753,-0.48,0.4448,0.4598,0.1152,0.2587,0.1768
002037,保利联合,29.37,True,6.07,6.54,0,-3.33,-10.15,-7.23,-7.19,0.0,2026-07-07,2026-07-07,23.24,-0.0131,-0.1486,0.2696,0.1406,0.2942,0.5507,0.1766
600686,金龙汽车,85.54,True,11.93,12.25,1,1.77,-10.96,-5.96,-2.6,0.0,2026-07-07,2026-07-07,34.68,0.3118,-0.6516,0.5198,0.1871,0.5485,0.1336,0.1765
603193,润本股份,19.45,True,18.82,19.97,0,-3.04,-13.94,-7.11,-5.77,0.0,2026-07-07,2026-07-07,28.57,0.0932,-0.393,0.3236,0.0987,0.4127,0.4607,0.1763
002443,金洲管道,52.83,True,10.17,10.69,2,0.56,-15.05,-6.11,-4.88,0.0,2026-07-07,2026-07-07,32.17,0.4042,-0.3295,0.6109,0.3107,0.4926,0.0,0.1762
601717,中创智领,226.39,True,14.68,15.42,0,-1.64,-12.97,-6.02,-4.81,0.0,2026-07-07,2026-07-07,28.75,-0.1969,-0.157,0.3659,0.1372,0.4167,0.3901,0.1762
002093,国脉科技,62.06,True,6.16,6.67,0,-2.48,-10.35,-6.41,-7.61,0.0,2026-07-07,2026-07-07,21.18,-0.0219,0.1283,0.3485,0.2513,0.2484,0.4191,0.1754
002560,通达股份,44.65,True,7.05,7.92,1,0.29,-14.83,-8.06,-11.02,0.0,2026-07-07,2026-07-07,23.26,0.3966,-0.3805,0.4207,0.2858,0.2946,0.2988,0.1752
603334,丰倍生物,10.79,True,33.9,38.05,0,-1.25,-10.9,-7.69,-10.9,0.0,2026-07-07,2026-07-07,17.0,-0.3005,0.9466,0.4239,0.4,0.1555,0.2935,0.1751
600212,绿能慧充,26.93,True,5.07,5.57,0,-2.14,-11.63,-7.9,-9.01,0.0,2026-07-07,2026-07-07,29.23,-0.1995,0.0339,0.4555,0.2136,0.4274,0.2408,0.175
002686,亿利达,27.65,True,5.29,5.57,0,-2.92,-13.65,-9.37,-5.03,0.0,2026-07-07,2026-07-07,28.39,-0.5232,-0.186,0.3534,0.1256,0.4086,0.4111,0.1748
002490,山东墨龙,34.35,True,6.34,7.09,3,7.91,-17.38,-8.59,-10.62,0.0,2026-07-07,2026-07-07,19.76,0.8761,-0.6299,0.6719,0.5256,0.2168,0.0,0.1748
003019,宸展光电,45.21,True,26.43,31.36,0,-1.5,-19.71,-11.26,-15.73,0.0,2026-07-07,2026-07-07,29.58,0.5847,-0.6856,0.7519,0.3508,0.4351,0.0,0.1747
002666,德联集团,19.58,True,3.91,4.16,0,-3.2,-9.49,-6.1,-6.02,0.0,2026-07-07,2026-07-07,22.83,0.1713,-0.3931,0.2752,0.1456,0.285,0.5414,0.1746
600699,均胜电子,302.04,True,22.29,23.23,0,-0.49,-15.82,-9.5,-4.04,0.0,2026-07-07,2026-07-07,33.2,0.0654,-0.0492,0.5343,0.2196,0.5156,0.1095,0.1744
603158,腾龙股份,57.22,True,11.66,12.71,3,9.17,-15.3,-8.3,-8.27,0.0,2026-07-07,2026-07-07,23.41,0.6724,-0.3602,0.6271,0.4594,0.298,0.0,0.1744
600556,天下秀,75.56,True,4.18,4.68,0,-1.25,-11.2,-7.2,-10.72,0.0,2026-07-07,2026-07-07,22.97,0.3779,-0.188,0.4846,0.3516,0.2883,0.1923,0.1744
002532,天山铝业,466.54,True,11.36,12.08,0,-4.59,-16.77,-11.79,-5.95,0.0,2026-07-07,2026-07-07,36.89,0.0159,-0.0693,0.5625,0.1818,0.5976,0.0624,0.1743
603926,铁流股份,40.0,True,17.33,18.59,3,3.95,-13.84,-7.4,-6.78,0.0,2026-07-08,2026-07-08,38.14,0.2454,-0.3756,0.6524,0.197,0.6254,0.0,0.1743
002306,ST云网,15.93,True,1.96,2.03,4,2.74,-10.65,-3.82,-3.35,0.0,2026-07-07,2026-07-07,36.92,0.0737,-0.4446,0.4481,0.0664,0.5983,0.2532,0.1742
600595,中孚实业,231.66,True,5.78,6.11,0,-1.8,-15.8,-8.42,-5.41,0.0,2026-07-07,2026-07-07,39.56,0.2207,-0.4081,0.602,0.1692,0.6569,0.0,0.1737
603869,ST智知,41.26,True,8.35,8.47,0,-0.63,-15.74,-9.37,-1.43,0.0,2026-07-08,2026-07-08,40.79,-0.2828,-0.5207,0.4529,0.0,0.6842,0.2452,0.1736
603212,赛伍技术,50.71,True,11.59,13.68,9,9.71,-24.09,-6.97,-15.26,0.0,2026-07-07,2026-07-07,26.75,0.6606,-0.5387,0.8703,0.3964,0.3722,0.0,0.1735
000525,红太阳,43.14,True,3.88,4.22,0,-0.52,-12.11,-7.69,-7.97,0.0,2026-07-07,2026-07-07,15.83,0.515,-0.3781,0.3679,0.3578,0.1296,0.3869,0.1734
603085,天成自控,42.85,True,10.79,11.38,0,-1.48,-14.87,-8.44,-5.18,0.0,2026-07-07,2026-07-07,26.56,0.5771,-0.553,0.5477,0.3462,0.3681,0.0872,0.1733
603070,万控智造,46.92,True,11.7,14.28,4,10.75,-19.47,-8.61,-18.07,0.0,2026-07-07,2026-07-07,23.61,0.4977,-0.1194,0.9346,0.4509,0.3023,0.0,0.1732
000020,深华发Ａ,19.26,True,10.63,11.4,0,-1.84,-9.0,-5.91,-6.72,0.0,2026-07-07,2026-07-07,23.57,-0.2158,-0.1049,0.3068,0.158,0.3015,0.4886,0.1731
603680,今创集团,77.2,True,9.85,10.45,0,-1.39,-14.33,-8.46,-5.7,0.0,2026-07-08,2026-07-08,33.11,-0.2923,-0.2998,0.3996,0.0801,0.5136,0.3341,0.1728
002045,国光电器,42.47,True,7.56,8.25,0,-4.32,-13.97,-8.48,-8.39,0.0,2026-07-07,2026-07-07,20.0,-0.3455,0.0014,0.2876,0.2006,0.2222,0.5207,0.1727
000523,红棉股份,34.85,True,2.63,2.75,0,-4.31,-12.32,-7.82,-4.52,0.0,2026-07-07,2026-07-07,25.42,-0.402,-0.2652,0.2786,0.0939,0.3427,0.5357,0.1724
603997,继峰股份,143.89,True,11.31,12.77,4,3.19,-15.34,-6.15,-11.41,0.0,2026-07-08,2026-07-08,19.33,0.5472,-0.5266,0.4048,0.3283,0.2073,0.3254,0.1724
600792,云煤能源,35.96,True,3.24,3.59,4,9.41,-19.16,-8.46,-9.72,0.0,2026-07-07,2026-07-07,15.6,0.8857,-0.7981,0.5414,0.5314,0.1245,0.0977,0.1724
001369,双欣材料,26.22,True,12.64,14.39,10,8.6,-12.17,-1.94,-12.17,0.0,2026-07-07,2026-07-07,12.09,0.8594,-0.3089,0.5406,0.5921,0.0465,0.0989,0.1722
603633,徕木股份,26.72,True,6.26,7.35,1,0.02,-16.59,-8.0,-14.81,0.0,2026-07-08,2026-07-08,20.47,0.7768,-0.7917,0.5635,0.4661,0.2327,0.0608,0.1722
603239,浙江仙通,39.09,True,14.44,15.9,0,-4.93,-17.75,-12.33,-9.21,0.0,2026-07-07,2026-07-07,25.53,-0.5363,0.2209,0.4775,0.2884,0.345,0.2042,0.1717
603681,永冠新材,46.17,True,19.42,23.41,7,16.01,-17.03,-2.25,-17.03,0.0,2026-07-08,2026-07-08,17.96,0.7754,-0.3027,0.7106,0.5442,0.1769,0.0,0.1714
600326,西藏天路,87.61,True,6.43,6.87,0,-3.23,-12.45,-8.14,-6.47,0.0,2026-07-07,2026-07-07,25.6,-0.2366,-0.3214,0.2642,0.0714,0.3466,0.5596,0.1711
601606,长城军工,197.06,True,27.21,29.81,0,-3.39,-13.26,-8.35,-8.72,0.0,2026-07-07,2026-07-07,23.45,0.0138,0.1588,0.427,0.2718,0.2988,0.2883,0.1709
603042,华脉科技,25.14,True,12.04,14.76,7,9.83,-18.44,-4.01,-18.44,0.0,2026-07-07,2026-07-07,22.73,0.7609,-0.5034,0.7488,0.4565,0.2828,0.0,0.1707
603912,佳力图,38.58,True,7.12,8.08,0,-0.55,-16.81,-8.93,-11.84,0.0,2026-07-08,2026-07-08,30.94,0.0949,0.0418,0.564,0.2736,0.4653,0.06,0.1705
600006,东风股份,104.6,True,5.23,5.47,0,-2.48,-9.94,-6.91,-4.45,0.0,2026-07-07,2026-07-07,25.0,-0.2763,-0.3392,0.2491,0.0643,0.3333,0.5849,0.1705
600478,科力远,82.11,True,4.93,5.39,2,1.88,-13.63,-7.24,-8.5,0.0,2026-07-07,2026-07-07,18.08,0.6781,-0.4873,0.474,0.412,0.1795,0.21,0.1704
001360,南矿集团,20.17,True,16.07,18.78,7,9.36,-14.91,-4.64,-14.44,0.0,2026-07-07,2026-07-07,20.03,0.5626,-0.0853,0.6658,0.5034,0.2228,0.0,0.1704
002368,太极股份,85.09,True,13.72,15.44,7,8.2,-13.42,-3.23,-11.11,0.0,2026-07-07,2026-07-07,18.48,-0.104,0.9074,0.469,0.4,0.1884,0.2183,0.1704
600658,电子城,43.18,True,3.86,4.1,0,-1.7,-12.75,-8.1,-5.83,0.0,2026-07-07,2026-07-07,34.03,-0.0681,-0.1752,0.477,0.1299,0.534,0.205,0.17
600331,宏达股份,224.54,True,11.05,12.04,0,-4.63,-17.6,-11.23,-8.26,0.0,2026-07-07,2026-07-07,30.15,-0.0343,0.0598,0.5025,0.2239,0.4477,0.1625,0.1699
001328,登康口腔,43.4,True,26.84,27.58,4,4.93,-11.87,-3.55,-2.68,0.0,2026-07-07,2026-07-07,36.55,-0.2006,-0.3137,0.4699,0.0745,0.59,0.2168,0.1691
000887,中鼎股份,237.9,True,18.1,19.61,9,12.01,-17.53,-2.91,-7.7,0.0,2026-07-07,2026-07-07,25.71,0.5152,-0.2798,0.6682,0.3972,0.3492,0.0,0.1691
002534,西子洁能,145.26,True,17.6,19.47,10,8.25,-16.26,-1.61,-9.6,0.0,2026-07-07,2026-07-07,30.94,-0.529,0.259,0.678,0.3036,0.4654,0.0,0.169
600052,东望时代,31.07,True,3.68,3.7,2,3.4,-13.11,-6.88,-0.66,0.0,2026-07-07,2026-07-07,37.5,0.1457,-0.3215,0.5733,0.1588,0.6111,0.0446,0.1686
002421,达实智能,62.71,True,3.13,3.96,5,35.03,-23.27,-7.73,-21.04,0.0,2026-07-07,2026-07-07,25.0,0.6796,-0.7311,0.8047,0.4078,0.3333,0.0,0.1686
002642,荣联科技,40.29,True,6.09,6.6,0,-6.4,-17.12,-12.26,-7.8,0.0,2026-07-07,2026-07-07,19.63,0.3681,-0.5982,0.3181,0.2209,0.214,0.4699,0.1685
603312,西典新能,16.6,True,32.61,35.15,6,2.19,-11.7,-4.23,-7.21,0.0,2026-07-07,2026-07-07,18.48,0.3363,-0.1646,0.4127,0.336,0.1884,0.3122,0.1685
002263,大东南,58.42,True,3.11,3.77,9,12.86,-18.88,-3.18,-17.5,0.0,2026-07-07,2026-07-07,22.38,0.7543,-0.6718,0.8409,0.4526,0.2751,0.0,0.1682
002632,道明光学,48.88,True,8.51,9.5,0,-0.33,-10.79,-5.83,-10.4,0.0,2026-07-07,2026-07-07,26.28,0.2662,-0.3426,0.4411,0.2227,0.3619,0.2648,0.1678
002498,汉缆股份,205.6,True,6.18,7.09,0,-3.83,-15.68,-9.87,-12.83,0.0,2026-07-07,2026-07-07,14.47,0.6966,-0.5428,0.4272,0.418,0.0993,0.288,0.1676
600219,南山铝业,469.68,True,4.09,4.39,0,-3.65,-13.53,-8.81,-6.78,0.0,2026-07-07,2026-07-07,30.26,0.2387,-0.6592,0.434,0.1432,0.4503,0.2767,0.1674
603733,仙鹤股份,159.75,True,22.05,25.91,16,20.74,-14.91,4.53,-14.91,0.0,2026-07-08,2026-07-08,29.07,0.5194,-0.456,0.8323,0.3293,0.4238,0.0,0.1671
002795,永和智控,27.63,True,6.36,7.11,0,-0.22,-17.43,-8.38,-10.58,0.0,2026-07-07,2026-07-07,24.14,0.5286,-0.3693,0.5523,0.3694,0.3142,0.0795,0.1671
002777,久远银海,47.73,True,11.8,12.76,0,-3.45,-11.85,-7.41,-7.51,0.0,2026-07-07,2026-07-07,24.25,-0.1649,-0.1548,0.3247,0.1381,0.3167,0.4589,0.1667
600480,凌云股份,107.85,True,8.89,9.25,0,-0.33,-17.66,-8.6,-3.89,0.0,2026-07-07,2026-07-07,33.69,-0.0029,0.0196,0.563,0.2078,0.5265,0.0616,0.1665
601127,赛力斯,919.37,True,59.04,64.09,0,-5.64,-14.7,-11.13,-7.88,0.0,2026-07-07,2026-07-07,23.45,-0.1226,-0.0978,0.3342,0.1609,0.2988,0.443,0.1664
000690,宝新能源,98.29,True,4.52,4.98,1,1.82,-11.74,-6.9,-9.16,0.0,2026-07-07,2026-07-07,9.7,0.7771,-0.5967,0.4011,0.4663,0.0,0.3315,0.1663
603718,*ST海利,17.85,True,2.75,2.97,0,-0.56,-15.46,-7.84,-7.35,0.0,2026-07-07,2026-07-07,38.32,-0.1948,-0.12,0.5907,0.152,0.6294,0.0154,0.1662
601212,白银有色,362.09,True,4.89,5.48,1,0.26,-14.67,-8.63,-10.79,0.0,2026-07-07,2026-07-07,24.11,-0.1957,1.9297,0.5873,0.4,0.3135,0.0211,0.1659
002451,摩恩电气,30.13,True,6.86,7.46,0,-3.87,-12.37,-7.79,-8.04,0.0,2026-07-07,2026-07-07,19.25,-0.0499,0.0159,0.3078,0.2063,0.2056,0.487,0.1658
603382,海阳科技,19.54,True,16.92,18.5,0,-4.99,-12.87,-9.97,-8.53,0.0,2026-07-07,2026-07-07,26.29,0.0733,-0.3551,0.3294,0.1019,0.3619,0.4509,0.1655
002927,泰永长征,38.14,True,17.28,20.08,6,6.58,-15.43,-5.62,-13.93,0.0,2026-07-07,2026-07-07,22.26,0.7392,-0.523,0.732,0.4435,0.2724,0.0,0.1654
002980,华盛昌,102.6,True,101.3,114.99,10,15.81,-13.46,-0.0,-11.9,0.0,2026-07-07,2026-07-07,37.02,0.1313,-0.2458,0.935,0.1805,0.6005,0.0,0.1652
603381,永臻股份,21.28,True,14.97,16.24,0,-4.47,-19.51,-11.8,-7.81,0.0,2026-07-07,2026-07-07,17.44,-0.2822,-0.1471,0.2144,0.1411,0.1654,0.6426,0.1648
600072,中船科技,89.59,True,8.27,9.17,0,-5.06,-17.51,-11.66,-9.78,0.0,2026-07-07,2026-07-07,20.31,0.2561,-0.2719,0.3691,0.2449,0.229,0.3849,0.1648
601996,丰林集团,23.76,True,2.12,2.35,0,-1.6,-16.28,-9.53,-9.63,0.0,2026-07-07,2026-07-07,20.0,0.6298,-0.3553,0.5545,0.4358,0.2222,0.0758,0.1648
603798,康普顿,35.62,True,13.89,14.86,2,1.36,-11.72,-5.09,-6.53,0.0,2026-07-08,2026-07-08,33.44,0.1657,-0.1462,0.6211,0.241,0.5209,0.0,0.1644
603191,望变电气,49.0,True,14.85,16.43,0,-3.36,-21.87,-10.93,-9.61,0.0,2026-07-07,2026-07-07,15.43,0.8474,-0.6726,0.5473,0.5084,0.1207,0.0879,0.1644
605196,华通线缆,119.32,True,23.63,29.58,0,-5.24,-25.37,-16.25,-20.11,0.0,2026-07-08,2026-07-08,24.46,-0.2204,2.2171,0.7399,0.4,0.3214,0.0,0.1643
000852,石化机械,46.66,True,4.91,5.3,0,-3.26,-11.28,-7.64,-7.43,0.0,2026-07-07,2026-07-07,13.51,-0.3552,0.148,0.2646,0.2592,0.0781,0.559,0.1643
002526,山东矿机,45.52,True,2.57,2.74,0,-2.52,-12.32,-6.98,-6.36,0.0,2026-07-07,2026-07-07,26.67,-0.3396,-0.238,0.3445,0.1048,0.3704,0.4258,0.1641
601231,环旭电子,697.33,True,29.19,34.17,1,2.43,-20.2,-10.12,-14.57,0.0,2026-07-07,2026-07-07,29.14,0.5227,-0.7647,0.8315,0.3136,0.4253,0.0,0.1635
600530,交大昂立,42.31,True,5.46,5.66,1,1.64,-17.18,-10.65,-3.51,0.0,2026-07-07,2026-07-07,41.03,-0.0074,-0.2444,0.6308,0.1022,0.6895,0.0,0.1634
002366,融发核电,101.03,True,5.46,5.89,0,-0.54,-14.06,-7.43,-7.35,0.0,2026-07-07,2026-07-07,32.11,0.2466,-0.3788,0.538,0.1965,0.4913,0.1034,0.1629
002149,西部材料,209.36,True,42.89,53.47,0,-3.44,-19.79,-10.41,-19.79,0.0,2026-07-07,2026-07-07,24.86,0.5909,-0.4177,0.7637,0.3875,0.3302,0.0,0.1629
002054,德美化工,25.96,True,6.76,7.21,1,1.66,-9.92,-5.12,-6.25,0.0,2026-07-07,2026-07-07,32.05,-0.2028,-0.296,0.4225,0.0816,0.49,0.2958,0.1628
600490,鹏欣资源,121.75,True,6.11,6.6,4,2.67,-15.86,-7.63,-7.39,0.0,2026-07-07,2026-07-07,26.73,-0.1512,0.3829,0.7188,0.3532,0.3718,0.0,0.1627
000008,神州高铁,64.1,True,2.36,2.43,0,-0.49,-9.87,-3.9,-2.84,0.0,2026-07-06,2026-07-06,31.48,-0.2868,-0.4076,0.3689,0.0369,0.4774,0.3851,0.1625
600666,奥瑞德,88.32,True,3.53,4.3,3,4.94,-17.84,-7.82,-17.84,0.0,2026-07-07,2026-07-07,21.2,0.63,-0.5864,0.5272,0.378,0.2488,0.1213,0.1625
603171,税友股份,151.64,True,37.36,42.21,0,-5.48,-15.55,-10.45,-11.49,0.0,2026-07-07,2026-07-07,22.67,0.202,-0.2372,0.4021,0.2263,0.2815,0.3299,0.1624
600103,青山纸业,63.94,True,2.89,3.32,0,-3.75,-15.01,-10.11,-12.96,0.0,2026-07-07,2026-07-07,11.43,0.7391,-0.7822,0.4197,0.4435,0.0317,0.3005,0.1623
600389,江山股份,81.18,True,18.85,21.24,0,-2.89,-15.27,-9.02,-11.24,0.0,2026-07-07,2026-07-07,20.91,-0.6567,1.233,0.545,0.4,0.2424,0.0917,0.1622
002426,胜利精密,119.43,True,3.51,3.87,14,14.63,-9.23,2.99,-9.23,0.0667,2026-07-07,2026-07-07,30.2,0.3036,-0.5197,0.6563,0.1822,0.4489,0.0,0.162
603138,海量数据,36.85,True,12.78,15.16,0,-1.81,-16.02,-8.55,-15.7,0.0,2026-07-07,2026-07-07,16.73,0.5207,-0.6193,0.3845,0.3124,0.1496,0.3592,0.1619
603863,松炀资源,25.19,True,12.31,13.83,0,-3.68,-16.59,-9.46,-10.97,0.0,2026-07-08,2026-07-08,35.37,-0.3701,-0.0084,0.6548,0.1966,0.5638,0.0,0.1619
002108,沧州明珠,68.56,True,4.16,4.46,0,-1.29,-13.09,-6.7,-6.79,0.0,2026-07-07,2026-07-07,25.56,-0.0143,-0.0722,0.4023,0.1711,0.3459,0.3295,0.1614
601388,怡球资源,62.29,True,2.83,3.06,0,-2.38,-11.32,-7.64,-7.36,0.0,2026-07-07,2026-07-07,26.0,0.2052,-0.4078,0.3991,0.16,0.3556,0.3349,0.1613
002613,北玻股份,26.23,True,3.39,4.37,10,22.39,-22.45,-3.97,-22.44,0.0,2026-07-07,2026-07-07,24.31,0.6518,-0.5551,0.8472,0.3911,0.3179,0.0,0.1613
003006,百亚股份,62.14,True,14.5,14.83,2,1.84,-11.06,-4.19,-2.23,0.0,2026-07-07,2026-07-07,40.24,-0.0765,-0.3765,0.542,0.0494,0.6719,0.0966,0.1612
002212,天融信,63.36,True,5.43,5.99,0,-3.59,-11.92,-7.36,-9.39,0.0,2026-07-07,2026-07-07,25.41,-0.0454,0.0656,0.4562,0.2263,0.3425,0.2397,0.161
000533,顺钠股份,60.75,True,8.87,10.13,0,-3.29,-13.31,-9.71,-12.47,0.0,2026-07-07,2026-07-07,15.45,0.5159,-0.4018,0.402,0.3488,0.1212,0.33,0.1609
002195,岩山科技,345.37,True,6.15,6.82,0,-3.14,-12.99,-7.39,-9.82,0.0,2026-07-07,2026-07-07,19.55,0.0341,0.0884,0.3819,0.2558,0.2123,0.3634,0.1609
002295,精艺股份,21.06,True,8.41,9.24,0,-0.48,-11.68,-7.13,-8.97,0.0,2026-07-07,2026-07-07,17.41,0.2538,-0.2293,0.3492,0.2605,0.1646,0.4181,0.1608
605336,*ST帅电,19.07,True,10.4,14.12,0,-0.0,-27.84,-10.33,-26.36,0.0,2026-07-08,2026-07-08,21.89,-0.5038,1.2284,0.5681,0.4,0.2641,0.0532,0.1608
600651,飞乐音响,136.13,True,5.43,5.79,0,-4.77,-10.99,-7.15,-6.29,0.0,2026-07-07,2026-07-07,23.36,0.0129,-0.2246,0.3134,0.1179,0.2968,0.4776,0.1605
605222,起帆电缆,83.57,True,20.24,23.74,1,2.77,-22.97,-12.62,-14.76,0.0,2026-07-08,2026-07-08,26.6,-0.2521,0.3448,0.5944,0.3379,0.3689,0.0093,0.1596
601908,京运通,72.68,True,3.01,3.18,0,-4.08,-14.07,-9.08,-5.27,0.0,2026-07-07,2026-07-07,28.43,-0.0761,-0.2257,0.4003,0.1097,0.4096,0.3328,0.1593
002865,钧达股份,122.03,True,53.33,61.23,0,-6.09,-23.69,-14.81,-12.9,0.0,2026-07-07,2026-07-07,21.49,0.4412,-0.2388,0.5363,0.3692,0.2554,0.1062,0.1593
000158,常山北明,199.12,True,12.54,13.98,0,-0.73,-13.58,-6.95,-10.33,0.0,2026-07-07,2026-07-07,18.46,0.5914,-0.3469,0.5297,0.416,0.188,0.1172,0.1592
002199,*ST东晶,27.37,True,11.85,12.62,1,1.33,-12.28,-6.07,-6.07,0.0,2026-07-07,2026-07-07,35.94,0.2039,-0.6667,0.5467,0.1224,0.5764,0.0889,0.1592
002339,积成电子,31.79,True,6.64,7.33,0,-4.71,-13.62,-9.57,-9.36,0.0,2026-07-07,2026-07-07,21.05,0.0052,0.0176,0.3699,0.2102,0.2456,0.3835,0.1592
002369,卓翼科技,29.16,True,5.15,5.72,0,-3.93,-11.95,-8.17,-9.92,0.0,2026-07-07,2026-07-07,19.88,0.0141,0.0077,0.351,0.2116,0.2195,0.4149,0.159
601778,晶科科技,144.83,True,3.89,4.56,0,-10.32,-19.91,-14.16,-14.77,0.0,2026-07-07,2026-07-07,9.66,0.7401,-0.5298,0.4108,0.4441,0.0,0.3153,0.1583
002491,通鼎互联,272.47,True,23.16,29.11,17,40.53,-20.43,9.94,-20.43,0.0082,2026-07-07,2026-07-07,44.82,-0.0906,-0.537,1.1339,0.0,0.7738,0.0,0.158
002676,顺威股份,36.0,True,5.0,5.27,4,2.92,-12.13,-4.21,-5.07,0.0,2026-07-07,2026-07-07,31.91,0.2465,-0.3129,0.5807,0.2227,0.487,0.0322,0.1579
002036,联创电子,71.03,True,6.73,7.83,0,-1.61,-17.7,-9.33,-14.04,0.0,2026-07-07,2026-07-07,26.6,0.5145,-0.4334,0.685,0.3354,0.3688,0.0,0.1576
002300,太阳电缆,46.52,True,6.37,7.07,0,-6.37,-15.9,-10.96,-9.96,0.0,2026-07-07,2026-07-07,12.43,0.4631,-0.4504,0.3106,0.2977,0.0539,0.4824,0.1576
603121,华培动力,40.18,True,11.87,13.49,0,-4.26,-19.64,-13.88,-12.03,0.0,2026-07-07,2026-07-07,26.76,-0.5803,0.2615,0.5746,0.3046,0.3725,0.0423,0.157
002291,遥望科技,40.5,True,4.66,5.09,0,-5.32,-14.22,-8.84,-8.49,0.0,2026-07-07,2026-07-07,18.03,0.3614,-0.495,0.3343,0.2189,0.1785,0.4428,0.1568
603305,旭升集团,142.85,True,12.36,13.05,0,-1.68,-15.71,-8.84,-5.3,0.0,2026-07-07,2026-07-07,32.57,0.0286,-0.1692,0.5254,0.1495,0.5016,0.1244,0.1564
002331,皖通科技,27.55,True,6.83,7.81,0,-3.34,-12.55,-7.47,-12.55,0.0,2026-07-07,2026-07-07,18.61,-0.0667,-0.0314,0.3155,0.1874,0.1914,0.4742,0.1563
002198,ST嘉应,16.44,True,3.24,3.35,2,2.99,-16.71,-8.06,-3.43,0.0,2026-07-07,2026-07-07,39.77,-0.1231,-0.3104,0.5797,0.0758,0.6615,0.0338,0.1563
600446,金证股份,94.03,True,9.99,11.08,0,-3.81,-15.07,-9.46,-9.8,0.0,2026-07-07,2026-07-07,33.82,0.2093,-0.3169,0.6771,0.1989,0.5294,0.0,0.1556
603507,振江股份,59.42,True,32.69,35.31,0,-0.55,-15.97,-7.2,-7.43,0.0,2026-07-07,2026-07-07,16.8,0.14,-0.0615,0.3578,0.2594,0.151,0.4037,0.1556
600255,鑫科材料,58.34,True,3.23,3.94,12,20.15,-18.71,-1.38,-18.01,0.0,2026-07-07,2026-07-07,18.09,0.7924,-0.879,0.6949,0.4754,0.1797,0.0,0.1548
600506,统一股份,34.72,True,13.91,15.21,0,-2.76,-14.33,-8.73,-8.56,0.0,2026-07-07,2026-07-07,32.92,-0.0967,-0.1441,0.5316,0.1424,0.5094,0.114,0.1546
600299,安迪苏,247.92,True,8.05,9.17,0,-6.41,-19.64,-10.47,-12.26,0.0,2026-07-07,2026-07-07,23.38,-0.7571,0.2161,0.5067,0.2864,0.2974,0.1554,0.1544
601360,三六零,583.76,True,8.34,8.99,0,-2.04,-11.94,-7.07,-7.26,0.0,2026-07-07,2026-07-07,30.08,-0.0136,-0.4295,0.3688,0.0282,0.4463,0.3854,0.1541
002953,日丰股份,23.6,True,8.7,9.3,0,-2.79,-11.0,-6.95,-6.47,0.0,2026-07-07,2026-07-07,21.78,-0.0469,-0.1854,0.3189,0.1258,0.2617,0.4686,0.1541
600637,东方明珠,261.22,True,7.77,8.48,0,-4.72,-13.31,-7.49,-8.4,0.0,2026-07-07,2026-07-07,13.38,0.169,-0.1935,0.2683,0.224,0.0751,0.5528,0.1539
002355,兴民智通,25.59,True,4.14,4.57,0,-5.77,-16.73,-11.24,-9.35,0.0,2026-07-07,2026-07-07,15.97,0.0553,0.0457,0.3425,0.2515,0.1326,0.4292,0.1538
603516,淳中科技,228.21,True,112.27,126.44,13,16.91,-11.21,2.92,-11.21,0.0,2026-07-07,2026-07-07,32.07,0.2945,-0.3854,0.8266,0.2225,0.4904,0.0,0.1537
001239,永达股份,14.52,True,12.74,13.82,9,11.89,-8.68,-0.84,-7.8,0.0,2026-07-07,2026-07-07,14.66,0.5649,-0.1729,0.5383,0.4698,0.1034,0.1028,0.1536
002309,中利集团,61.6,True,2.56,2.97,0,-5.39,-15.41,-11.53,-13.94,0.0,2026-07-07,2026-07-07,10.53,0.4274,-0.199,0.3722,0.3768,0.0117,0.3797,0.1535
603688,石英股份,330.75,True,61.06,76.62,16,19.26,-20.31,4.1,-20.31,0.0,2026-07-08,2026-07-08,29.79,0.3752,-0.4092,0.7707,0.2615,0.4397,0.0,0.1533
002630,*ST华西,18.3,True,1.7,1.84,12,12.88,-7.61,1.1,-7.61,0.0282,2026-07-07,2026-07-07,25.4,0.3484,-0.7401,0.5153,0.209,0.3422,0.1411,0.1531
603227,雪峰科技,75.88,True,7.08,7.52,0,-2.89,-11.79,-7.28,-5.87,0.0,2026-07-07,2026-07-07,21.68,0.0888,-0.507,0.2495,0.0533,0.2595,0.5842,0.1529
600797,浙大网新,62.88,True,6.12,6.86,0,-5.12,-14.16,-8.66,-10.77,0.0,2026-07-07,2026-07-07,20.95,0.3565,-0.608,0.3969,0.2139,0.2434,0.3384,0.1529
001283,豪鹏科技,49.61,True,47.98,49.77,3,2.99,-16.03,-6.09,-3.6,0.0,2026-07-07,2026-07-07,35.42,0.2664,-0.5382,0.6227,0.1599,0.5648,0.0,0.1529
002691,*ST冀凯,13.61,True,4.05,4.4,0,-0.75,-18.5,-10.15,-7.94,0.0,2026-07-07,2026-07-07,33.05,0.3134,-0.6942,0.5867,0.188,0.5122,0.0222,0.1528
603189,*ST网达,27.63,True,10.25,10.95,2,2.16,-14.86,-6.23,-6.43,0.0,2026-07-07,2026-07-07,38.83,0.0763,-0.5353,0.5473,0.0458,0.6407,0.0878,0.1527
603092,德力佳,17.98,True,52.02,55.57,0,-3.17,-16.62,-8.94,-6.39,0.0,2026-07-07,2026-07-07,27.95,0.1169,-0.5443,0.3788,0.0701,0.3988,0.3687,0.1526
603011,合锻智能,132.06,True,26.71,33.04,15,39.68,-19.16,13.75,-19.16,0.0097,2026-07-07,2026-07-07,35.14,0.246,-0.5567,1.0391,0.1476,0.5587,0.0,0.1525
002528,*ST英飞,45.16,True,4.3,4.54,10,6.39,-10.25,-1.79,-5.31,0.0,2026-07-07,2026-07-07,36.31,-0.0091,-0.6925,0.4581,0.0,0.5847,0.2366,0.1524
002951,金时科技,59.53,True,14.84,15.15,2,23.12,-22.66,-10.81,-2.01,0.0,2026-07-07,2026-07-07,31.28,0.3854,-0.7948,0.72,0.2313,0.473,0.0,0.1524
002869,金溢科技,24.35,True,15.46,17.64,6,4.52,-12.36,-4.4,-12.36,0.0,2026-07-07,2026-07-07,22.19,0.5637,-0.7948,0.5468,0.3382,0.2708,0.0887,0.152
600293,三峡新材,29.47,True,2.54,3.3,11,23.12,-23.01,-3.36,-22.97,0.0,2026-07-07,2026-07-07,16.22,0.8289,-0.516,0.7284,0.4973,0.1381,0.0,0.152
001335,信凯科技,8.78,True,34.39,44.89,7,4.32,-23.39,-4.29,-23.39,0.0,2026-07-07,2026-07-07,21.69,-0.2546,0.9209,0.6854,0.4,0.2598,0.0,0.152
002970,锐明技术,67.95,True,53.76,60.52,3,3.87,-15.51,-6.62,-11.17,0.0,2026-07-07,2026-07-07,21.5,0.5047,-0.2542,0.6776,0.4011,0.2556,0.0,0.1514
002899,英派斯,31.61,True,21.39,23.24,0,-2.09,-13.91,-9.12,-7.96,0.0,2026-07-07,2026-07-07,33.62,0.1635,-0.479,0.5212,0.1065,0.5249,0.1313,0.1513
603052,可川科技,129.46,True,68.9,84.06,2,4.29,-18.04,-7.5,-18.04,0.0,2026-07-07,2026-07-07,24.2,0.5681,-0.4724,0.7164,0.3519,0.3155,0.0,0.1511
002121,科陆电子,70.03,True,4.98,5.68,0,-6.96,-19.03,-13.91,-12.32,0.0,2026-07-07,2026-07-07,15.06,0.2142,-0.0836,0.3811,0.2951,0.1124,0.3649,0.151
605166,聚合顺,26.88,True,8.54,9.7,3,4.07,-11.97,-4.86,-11.97,0.0,2026-07-08,2026-07-08,20.49,0.6264,-0.4169,0.5935,0.4091,0.233,0.0108,0.1505
000809,和展能源,25.32,True,3.07,3.52,1,5.62,-14.96,-8.37,-12.83,0.0,2026-07-07,2026-07-07,13.04,0.7903,-0.4066,0.564,0.5116,0.0676,0.06,0.1504
605180,华生科技,19.5,True,11.54,12.9,2,1.53,-11.0,-5.88,-10.58,0.0,2026-07-08,2026-07-08,22.38,0.448,-0.5051,0.4878,0.2688,0.2751,0.187,0.1503
603527,众源新材,33.0,True,10.41,12.96,9,9.68,-19.69,-3.64,-19.69,0.0,2026-07-07,2026-07-07,19.04,0.7331,-0.5511,0.7585,0.4399,0.2009,0.0,0.1502
001207,联科科技,43.31,True,14.8,16.35,0,-4.98,-14.49,-8.96,-9.5,0.0,2026-07-07,2026-07-07,22.24,-0.0103,0.0827,0.4541,0.2331,0.2721,0.2432,0.1492
601929,吉视传媒,75.38,True,2.16,2.33,0,-3.9,-15.85,-9.96,-7.47,0.0,2026-07-07,2026-07-07,18.64,0.3371,-0.4582,0.3805,0.219,0.1921,0.3658,0.148
002026,山东威达,48.54,True,11.02,11.56,0,-0.62,-10.75,-4.63,-4.64,0.0,2026-07-07,2026-07-07,25.47,-0.1893,-0.4359,0.3117,0.0256,0.3437,0.4806,0.1472
002829,星网宇达,24.13,True,16.52,18.52,0,-3.4,-20.91,-13.35,-10.78,0.0,2026-07-07,2026-07-07,26.51,0.3153,-0.3351,0.5638,0.2551,0.3669,0.0603,0.1462
605058,澳弘电子,41.23,True,28.85,36.01,6,7.03,-19.88,-4.79,-19.88,0.0,2026-07-08,2026-07-08,15.91,0.7986,-0.5938,0.691,0.4791,0.1314,0.0,0.1461
002474,榕基软件,29.19,True,5.52,6.29,0,-1.68,-15.78,-8.83,-12.24,0.0,2026-07-07,2026-07-07,15.57,0.5485,-0.5178,0.4468,0.3291,0.1237,0.2553,0.1453
603320,迪贝电气,26.26,True,17.61,19.23,0,-1.91,-16.09,-9.73,-8.42,0.0,2026-07-07,2026-07-07,26.0,-0.1302,0.2084,0.5871,0.2833,0.3554,0.0215,0.1451
002053,云南能投,84.43,True,9.17,9.87,1,5.04,-18.54,-8.59,-7.09,0.0,2026-07-07,2026-07-07,37.46,-0.0564,-0.2731,0.7364,0.0907,0.6101,0.0,0.1447
600207,安彩高科,50.0,True,4.59,5.9,1,4.61,-22.24,-9.49,-22.24,0.0,2026-07-07,2026-07-07,16.93,0.7529,-0.4905,0.6663,0.4556,0.1541,0.0,0.1447
002467,二六三,58.23,True,4.26,4.94,0,-4.07,-14.62,-9.45,-13.8,0.0,2026-07-07,2026-07-07,15.29,0.3211,-0.2151,0.4243,0.3066,0.1175,0.2929,0.1441
002943,宇晶股份,81.19,True,42.99,49.24,0,-4.56,-17.8,-11.21,-12.7,0.0,2026-07-07,2026-07-07,30.74,-0.1985,0.0166,0.8063,0.2066,0.4609,0.0,0.1438
601026,道生天合,15.36,True,13.83,14.84,0,-0.01,-16.02,-7.01,-6.82,0.0,2026-07-07,2026-07-07,24.53,0.1696,-0.5869,0.3859,0.1018,0.3229,0.3569,0.1436
603829,洛凯股份,28.11,True,15.09,17.52,0,-4.31,-20.96,-13.88,-13.86,0.0,2026-07-08,2026-07-08,22.01,0.361,-0.6486,0.4572,0.2166,0.2668,0.2379,0.1432
603778,国晟科技,70.2,True,10.92,14.21,1,0.34,-30.54,-17.96,-23.13,0.0,2026-07-08,2026-07-08,19.7,-0.0832,1.7628,0.8655,0.4,0.2156,0.0,0.1431
605286,同力天启,40.99,True,24.4,27.52,0,-2.27,-20.36,-12.73,-11.34,0.0,2026-07-08,2026-07-08,27.51,-0.1982,-0.0173,0.5352,0.1931,0.3892,0.1079,0.1423
603605,珀莱雅,229.27,True,57.9,61.28,10,10.85,-11.14,-0.71,-5.51,0.0037,2026-07-07,2026-07-07,26.74,0.161,-0.7244,0.4315,0.0966,0.3719,0.2809,0.1422
603037,凯众股份,26.93,True,10.12,10.94,0,-4.65,-14.76,-10.27,-7.53,0.0,2026-07-07,2026-07-07,25.0,-0.0278,-0.3534,0.3567,0.0586,0.3333,0.4055,0.1421
603202,天有为,25.51,True,50.8,57.13,2,1.31,-19.55,-8.53,-11.08,0.0,2026-07-07,2026-07-07,16.8,-0.2873,0.3494,0.4925,0.3397,0.1512,0.1792,0.1421
603992,松霖科技,119.09,True,26.88,31.62,15,10.21,-14.98,1.49,-14.98,0.0,2026-07-08,2026-07-08,28.43,0.2266,-0.2422,0.6825,0.2391,0.4096,0.0,0.1417
002214,*ST大立,66.6,True,13.92,14.75,4,1.99,-17.32,-4.55,-5.6,0.0,2026-07-07,2026-07-07,27.14,0.1617,-0.3597,0.4916,0.1532,0.3808,0.1806,0.1415
603699,纽威股份,374.14,True,49.35,51.67,1,1.36,-11.99,-5.72,-4.49,0.0,2026-07-07,2026-07-07,33.25,-0.0764,-0.2439,0.5509,0.1024,0.5166,0.0819,0.1412
001255,博菲电气,19.19,True,24.84,27.22,0,-4.0,-11.79,-8.55,-8.74,0.0,2026-07-07,2026-07-07,22.19,-0.3392,-0.3306,0.3231,0.0678,0.271,0.4615,0.1404
603806,福斯特,369.14,True,14.15,16.12,6,2.02,-12.79,-4.33,-12.24,0.0,2026-07-08,2026-07-08,20.41,0.3704,-0.1188,0.6364,0.3747,0.2313,0.0,0.1399
603396,金辰股份,34.83,True,25.14,27.55,0,-4.88,-14.17,-8.73,-8.76,0.0,2026-07-07,2026-07-07,15.32,0.0284,-0.2534,0.2513,0.1157,0.1183,0.5812,0.1398
603703,盛洋科技,40.5,True,9.76,11.23,0,-2.41,-14.05,-8.18,-13.1,0.0,2026-07-08,2026-07-08,21.66,0.4603,-0.5924,0.5247,0.2762,0.2591,0.1255,0.1397
002058,威尔泰,27.05,True,18.9,21.37,0,-0.12,-14.82,-9.57,-11.54,0.0,2026-07-07,2026-07-07,8.56,0.2203,0.5518,0.576,0.5322,0.0,0.04,0.1391
000016,*ST康佳A,38.32,True,2.4,2.62,0,-0.45,-23.16,-11.99,-8.33,0.0,2026-07-07,2026-07-07,34.18,-0.2057,-0.1854,0.6485,0.1258,0.5373,0.0,0.1389
002125,湘潭电化,78.12,True,12.41,16.11,11,23.94,-22.97,0.2,-22.97,0.0,2026-07-07,2026-07-07,5.79,0.9251,-0.7463,0.8052,0.5551,0.0,0.0,0.1388
002947,恒铭达,143.18,True,72.2,81.84,2,1.59,-16.98,-6.15,-11.78,0.0,2026-07-07,2026-07-07,24.94,0.0856,0.0834,0.596,0.2847,0.332,0.0067,0.1386
000509,华塑控股,35.09,True,3.27,3.89,2,7.59,-17.65,-9.84,-16.04,0.0,2026-07-07,2026-07-07,19.25,0.6497,-0.7803,0.6891,0.3898,0.2057,0.0,0.1386
603896,寿仙谷,27.36,True,13.8,14.36,1,0.04,-14.3,-5.47,-3.92,0.0,2026-07-08,2026-07-08,32.35,-0.1987,-0.5984,0.4433,0.0,0.4967,0.2612,0.1385
000890,法尔胜,29.99,True,7.15,8.76,0,-1.61,-18.38,-12.58,-18.38,0.0,2026-07-07,2026-07-07,24.45,0.3556,-0.2911,0.6504,0.2969,0.3211,0.0,0.1384
600800,渤海化学,33.4,True,3.01,3.41,0,-6.24,-12.67,-9.51,-11.68,0.0,2026-07-07,2026-07-07,15.48,-0.0287,-0.1766,0.2733,0.1294,0.1217,0.5444,0.1383
002806,华锋股份,28.99,True,16.65,19.26,14,18.63,-13.56,4.2,-13.56,0.0,2026-07-07,2026-07-07,20.78,0.6023,-0.683,0.7174,0.3614,0.2395,0.0,0.1382
000697,炼石航空,62.11,True,9.51,10.6,2,2.34,-12.92,-6.29,-10.32,0.0,2026-07-07,2026-07-07,5.81,0.6551,-0.3824,0.4881,0.4401,0.0,0.1864,0.138
600498,烽火通信,723.93,True,56.93,69.83,18,39.03,-18.47,12.9,-18.47,0.0746,2026-07-07,2026-07-07,31.13,-0.1209,-0.359,0.986,0.0564,0.4696,0.0,0.1379
002782,可立克,91.43,True,18.79,22.46,0,-2.64,-17.04,-10.12,-16.33,0.0,2026-07-07,2026-07-07,12.89,0.482,0.025,0.6662,0.4992,0.0642,0.0,0.1376
002645,华宏科技,159.78,True,23.49,29.82,14,25.96,-21.23,4.66,-21.23,0.0,2026-07-07,2026-07-07,21.45,0.5781,-0.6033,0.8035,0.3468,0.2545,0.0,0.1376
003027,同兴科技,17.41,True,16.6,18.7,0,-2.44,-16.08,-9.92,-11.23,0.0,2026-07-07,2026-07-07,28.61,-0.1319,-0.1298,0.5289,0.1481,0.4135,0.1184,0.1375
000933,神火股份,489.49,True,21.78,23.66,0,-5.22,-18.51,-11.64,-7.93,0.0,2026-07-07,2026-07-07,35.08,0.0141,-0.3407,0.569,0.0722,0.5574,0.0516,0.1373
600302,ST标准,25.05,True,7.24,9.06,6,8.53,-20.05,-7.6,-20.05,0.0,2026-07-07,2026-07-07,17.9,0.014,0.912,0.6251,0.4084,0.1755,0.0,0.1372
002757,南兴股份,47.22,True,16.74,19.67,0,-6.82,-21.65,-12.64,-14.91,0.0,2026-07-07,2026-07-07,19.79,0.0494,0.3575,0.6919,0.3727,0.2177,0.0,0.1367
000677,ST海龙,13.05,True,1.51,1.68,0,-1.78,-20.44,-12.23,-10.25,0.0,2026-07-07,2026-07-07,29.79,-0.2779,-0.0141,0.6702,0.1944,0.4397,0.0,0.1365
002825,纳尔股份,21.15,True,8.24,8.75,0,-5.03,-13.17,-8.83,-5.87,0.0,2026-07-07,2026-07-07,24.77,0.0012,-0.4154,0.3535,0.0346,0.3282,0.4108,0.1359
603400,华之杰,14.53,True,51.88,56.85,0,-6.17,-20.68,-12.26,-8.75,0.0,2026-07-07,2026-07-07,24.81,-0.115,-0.415,0.3575,0.034,0.3292,0.4041,0.135
002076,星光股份,23.14,True,2.22,2.43,2,2.37,-13.1,-4.39,-8.7,0.0,2026-07-07,2026-07-07,38.46,-0.1758,-0.4182,0.7008,0.0327,0.6325,0.0,0.1347
600537,*ST亿晶,30.66,True,2.59,2.62,5,4.88,-22.12,-6.38,-1.33,0.0,2026-07-07,2026-07-07,39.17,0.0318,-0.5199,0.6484,0.0191,0.6481,0.0,0.1344
002052,同洲电子,54.67,True,7.93,8.47,0,-1.72,-13.65,-9.19,-6.4,0.0,2026-07-07,2026-07-07,28.29,-0.1323,-0.1465,0.5335,0.1414,0.4064,0.1109,0.1333
605555,德昌股份,59.49,True,12.29,13.55,2,1.3,-20.09,-7.83,-9.32,0.0,2026-07-08,2026-07-08,31.63,0.2477,-0.6255,0.6139,0.1486,0.4807,0.0,0.1333
603922,ST金鸿顺,22.11,True,12.34,14.15,6,4.43,-14.4,-5.19,-12.8,0.0,2026-07-08,2026-07-08,27.06,-0.2784,0.0628,0.6739,0.2251,0.3791,0.0,0.1321
002514,*ST宝馨,11.03,True,1.99,2.69,0,-2.16,-35.18,-23.64,-25.98,0.0,2026-07-07,2026-07-07,13.69,0.1037,1.0594,0.634,0.4622,0.082,0.0,0.132
002449,国星光电,43.23,True,6.99,7.69,2,2.18,-11.61,-4.34,-9.1,0.0,2026-07-07,2026-07-07,20.72,0.4383,-0.4139,0.56,0.2974,0.2382,0.0666,0.132
603248,锡华科技,14.19,True,19.85,22.35,0,-5.69,-15.83,-10.36,-11.2,0.0,2026-07-07,2026-07-07,16.36,0.0677,-0.1176,0.3794,0.1935,0.1414,0.3677,0.1318
600725,云维股份,38.45,True,3.12,3.39,0,-0.46,-16.28,-8.61,-8.05,0.0,2026-07-07,2026-07-07,32.39,-0.4904,-0.3456,0.5348,0.0618,0.4977,0.1086,0.1313
605006,山东玻纤,104.64,True,16.01,21.38,16,36.5,-25.11,8.04,-25.11,0.0,2026-07-08,2026-07-08,24.27,0.4517,-0.5199,1.1683,0.271,0.317,0.0,0.1312
002531,天顺风能,139.01,True,7.78,8.87,0,-5.74,-17.79,-11.38,-12.32,0.0,2026-07-07,2026-07-07,19.16,0.3163,-0.4723,0.441,0.2009,0.2036,0.265,0.1307
600590,泰豪科技,78.37,True,9.29,10.95,0,-6.21,-16.7,-11.99,-15.15,0.0,2026-07-07,2026-07-07,19.09,0.1062,-0.1451,0.4462,0.2057,0.2021,0.2564,0.1303
600114,东睦股份,216.78,True,35.17,39.91,14,13.73,-11.87,1.93,-11.87,0.0,2026-07-07,2026-07-07,26.35,0.2771,-0.3405,0.625,0.23,0.3633,0.0,0.1302
000807,云铝股份,776.47,True,22.39,24.35,0,-1.9,-14.97,-9.75,-8.04,0.0,2026-07-07,2026-07-07,37.15,-0.1082,-0.4128,0.6159,0.0349,0.6032,0.0,0.1294
002639,雪人集团,82.19,True,12.46,14.02,0,-1.3,-13.53,-6.74,-11.1,0.0,2026-07-07,2026-07-07,27.88,0.1581,-0.2661,0.5902,0.1884,0.3973,0.0163,0.129
603786,科博达,169.5,True,41.97,44.46,0,-1.75,-12.58,-6.62,-5.61,0.0,2026-07-08,2026-07-08,28.58,-0.2249,-0.5083,0.4237,0.0,0.4129,0.2939,0.1267
000555,神州信息,94.83,True,9.73,10.87,0,-3.32,-16.33,-9.5,-10.51,0.0,2026-07-07,2026-07-07,21.03,0.1574,-0.5258,0.386,0.0944,0.2452,0.3567,0.1262
603063,禾望电气,199.87,True,43.24,49.59,2,4.83,-16.18,-7.24,-12.8,0.0,2026-07-07,2026-07-07,35.24,0.0923,-0.5287,0.7782,0.0554,0.5609,0.0,0.126
002506,协鑫集成,160.14,True,2.74,3.1,0,-0.42,-15.81,-8.46,-11.68,0.0,2026-07-07,2026-07-07,21.9,0.098,-0.339,0.4334,0.1232,0.2646,0.2777,0.1254
601218,吉鑫科技,40.31,True,4.16,4.55,0,-4.46,-13.51,-9.1,-8.59,0.0,2026-07-07,2026-07-07,18.42,0.021,-0.4382,0.2857,0.0373,0.1871,0.5239,0.1253
605318,法狮龙,112.88,True,89.78,119.03,15,30.35,-24.57,7.7,-24.57,0.0,2026-07-08,2026-07-08,19.48,0.5454,-0.5185,0.8425,0.3272,0.2107,0.0,0.124
603612,索通发展,83.63,True,16.79,18.92,1,0.94,-11.24,-6.82,-11.24,0.0,2026-07-07,2026-07-07,15.52,0.0134,0.0133,0.416,0.2134,0.1227,0.3067,0.1239
603685,晨丰科技,55.54,True,27.57,29.77,0,-2.04,-10.5,-5.93,-7.38,0.0,2026-07-08,2026-07-08,27.28,-0.0204,-0.4688,0.4264,0.0125,0.3841,0.2893,0.1233
600418,江淮汽车,507.13,True,23.22,28.87,0,-9.98,-21.45,-15.67,-19.56,0.0,2026-07-07,2026-07-07,8.91,-0.1082,0.3881,0.4623,0.3552,0.0,0.2295,0.1232
002160,常铝股份,37.42,True,3.63,4.11,1,3.74,-16.39,-8.0,-11.68,0.0,2026-07-07,2026-07-07,23.33,0.3749,-0.423,0.6539,0.2558,0.2963,0.0,0.1232
603418,友升股份,18.48,True,44.68,48.3,5,4.85,-13.45,-3.92,-7.5,0.0,2026-07-07,2026-07-07,34.69,-0.0259,-0.5143,0.5479,0.0,0.5487,0.0868,0.1228
603790,雅运股份,42.64,True,22.28,24.45,2,1.97,-14.67,-6.07,-8.86,0.0,2026-07-08,2026-07-08,36.23,-0.2965,-0.4388,0.6866,0.0245,0.5829,0.0,0.1227
601777,千里科技,361.69,True,8.0,8.85,0,-6.74,-17.92,-12.07,-9.56,0.0,2026-07-07,2026-07-07,21.63,0.1663,-0.2929,0.5019,0.1827,0.2585,0.1636,0.1219
601799,星宇股份,291.39,True,102.0,108.79,0,-5.23,-22.37,-10.47,-6.24,0.0,2026-07-07,2026-07-07,31.88,-0.7561,-0.3027,0.5807,0.0789,0.4862,0.0322,0.1218
603826,坤彩科技,145.98,True,22.28,28.0,3,3.46,-20.43,-8.62,-20.43,0.0,2026-07-08,2026-07-08,13.49,-0.2566,1.7561,0.5757,0.4,0.0775,0.0405,0.1216
002453,华软科技,26.16,True,4.34,4.92,0,-1.81,-15.3,-9.7,-11.73,0.0,2026-07-07,2026-07-07,32.56,-0.0467,-0.2886,0.639,0.0846,0.5013,0.0,0.1214
000821,ST京机,46.32,True,7.66,8.29,2,1.15,-17.53,-6.75,-7.56,0.0,2026-07-07,2026-07-07,32.49,-0.0683,-0.4251,0.5483,0.0299,0.4999,0.0862,0.1204
000586,汇源通信,23.31,True,12.19,14.28,0,-3.93,-14.86,-9.97,-14.65,0.0,2026-07-07,2026-07-07,7.58,0.5745,-0.5927,0.4668,0.3447,0.0,0.2219,0.1195
600281,华阳新材,20.42,True,3.97,4.48,0,-1.44,-12.69,-7.54,-11.46,0.0,2026-07-07,2026-07-07,24.48,0.0413,-0.1998,0.5257,0.1449,0.3218,0.1239,0.1192
605258,协和电子,23.35,True,26.53,33.42,6,4.76,-20.62,-5.03,-20.62,0.0,2026-07-08,2026-07-08,16.64,0.5892,-0.5455,0.6008,0.3535,0.1475,0.0,0.1179
603636,南威软件,43.59,True,7.51,8.59,0,-0.24,-16.74,-8.28,-12.59,0.0,2026-07-07,2026-07-07,13.29,0.6708,-0.4773,0.6744,0.4116,0.073,0.0,0.1175
000403,派林生物,85.79,True,9.12,10.22,2,6.71,-22.46,-9.86,-10.75,0.0,2026-07-07,2026-07-07,24.71,-0.3886,0.0014,0.5919,0.2006,0.3269,0.0135,0.1175
603960,克来机电,41.43,True,15.8,18.87,2,0.97,-16.27,-8.25,-16.27,0.0,2026-07-08,2026-07-08,15.5,0.5104,-0.4435,0.5572,0.3288,0.1223,0.0713,0.1174
002969,嘉美包装,140.8,True,12.89,14.7,0,-6.12,-24.94,-13.86,-12.29,0.0,2026-07-07,2026-07-07,15.31,0.5989,-0.472,0.5953,0.3706,0.1181,0.0079,0.1174
603272,*ST联翔,21.08,True,20.34,28.91,3,20.21,-34.3,-16.03,-29.65,0.0,2026-07-07,2026-07-07,16.94,0.1202,0.1791,0.7309,0.3438,0.1542,0.0,0.1168
000981,山子高科,254.96,True,2.68,3.07,0,-5.42,-16.02,-10.31,-12.58,0.0,2026-07-07,2026-07-07,16.5,-0.3693,-0.0231,0.4405,0.1908,0.1446,0.2659,0.1165
603370,华新精科,12.55,True,35.87,39.53,0,-0.31,-14.0,-6.14,-9.25,0.0,2026-07-07,2026-07-07,22.26,0.1573,-0.7132,0.4476,0.0944,0.2723,0.2539,0.1162
603920,世运电路,285.86,True,39.67,50.45,0,-0.75,-21.36,-11.6,-21.36,0.0,2026-07-08,2026-07-08,13.75,0.6615,-0.6359,0.6913,0.3969,0.0834,0.0,0.1159
003002,壶化股份,31.45,True,17.2,19.46,0,-3.69,-15.84,-9.9,-11.6,0.0,2026-07-07,2026-07-07,18.31,-0.0621,-0.271,0.376,0.0916,0.1846,0.3734,0.1158
600724,宁波富达,75.43,True,5.22,5.91,0,-3.24,-18.11,-9.43,-11.73,0.0,2026-07-07,2026-07-07,30.32,-0.3364,-0.2705,0.695,0.0918,0.4516,0.0,0.1133
603303,得邦照明,114.99,True,24.11,28.53,12,24.88,-21.97,3.72,-15.5,0.0,2026-07-07,2026-07-07,22.68,0.1755,-0.2067,0.8586,0.2226,0.2818,0.0,0.112
603988,中电电机,36.86,True,15.67,17.68,0,-3.35,-14.87,-10.23,-11.39,0.0,2026-07-08,2026-07-08,22.59,-0.3378,-0.3853,0.4222,0.0459,0.2798,0.2963,0.1119
603095,越剑智能,34.87,True,13.5,15.84,0,-6.32,-18.52,-13.26,-14.78,0.0,2026-07-07,2026-07-07,14.55,-0.1294,0.0088,0.439,0.2035,0.101,0.2684,0.1113
002130,沃尔核材,202.32,True,17.64,19.13,1,0.12,-12.39,-6.32,-7.81,0.0,2026-07-07,2026-07-07,29.64,-0.0219,-0.2602,0.6092,0.0959,0.4365,0.0,0.1113
601515,衢州东峰,60.81,True,3.16,3.54,0,-0.68,-15.1,-8.65,-10.8,0.0,2026-07-07,2026-07-07,22.22,-0.3492,-0.1812,0.5013,0.1275,0.2716,0.1645,0.1109
002194,武汉凡谷,44.34,True,8.68,11.07,9,7.5,-21.55,-5.21,-21.55,0.0,2026-07-07,2026-07-07,6.65,0.6873,-0.4256,0.7569,0.4422,0.0,0.0,0.1105
600152,维科技术,46.82,True,8.85,10.38,1,4.73,-14.77,-8.85,-14.77,0.0,2026-07-07,2026-07-07,26.57,0.1083,-0.296,0.6944,0.1466,0.3681,0.0,0.1103
600996,贵广网络,76.05,True,6.1,8.14,3,5.71,-25.07,-7.74,-25.07,0.0,2026-07-07,2026-07-07,12.98,0.4937,-0.2779,0.6656,0.385,0.0662,0.0,0.1095
002178,延华智能,30.11,True,4.23,4.84,0,-0.96,-15.64,-9.83,-12.59,0.0,2026-07-07,2026-07-07,15.19,0.1564,-0.2843,0.4363,0.1801,0.1153,0.2728,0.109
002596,海南瑞泽,32.68,True,2.85,3.24,0,-1.21,-16.8,-8.62,-11.98,0.0,2026-07-07,2026-07-07,28.4,-0.1048,-0.2288,0.6085,0.1085,0.4089,0.0,0.1089
002547,*ST春兴,24.42,True,2.21,2.85,3,6.07,-25.69,-11.74,-22.42,0.0,2026-07-07,2026-07-07,21.26,-0.17,0.0796,0.6558,0.2319,0.2503,0.0,0.108
002667,*ST威领,24.82,True,10.49,14.31,2,7.42,-36.53,-19.89,-26.68,0.0,2026-07-07,2026-07-07,18.57,-0.2266,0.1925,0.6394,0.277,0.1905,0.0,0.1073
003022,联泓新科,308.92,True,23.15,25.83,11,12.99,-13.9,0.68,-10.36,0.0,2026-07-07,2026-07-07,21.53,0.1195,-0.225,0.5629,0.1817,0.2563,0.0618,0.1059
001211,双枪科技,20.72,True,22.2,29.07,4,8.22,-24.08,-11.61,-23.63,0.0,2026-07-07,2026-07-07,0.43,0.6141,-0.3688,0.6489,0.421,0.0,0.0,0.1052
601600,中国铝业,1090.6,True,8.26,9.25,0,-1.79,-17.98,-10.96,-10.66,0.0,2026-07-07,2026-07-07,25.34,0.164,-0.6401,0.5516,0.0984,0.3409,0.0806,0.1049
600869,远东股份,541.08,True,24.38,32.24,17,32.0,-24.37,14.56,-24.37,0.0,2026-07-07,2026-07-07,26.28,-0.1731,-0.1779,0.9476,0.1289,0.3618,0.0,0.1046
002796,世嘉科技,76.76,True,33.71,39.46,0,-2.18,-17.06,-10.45,-14.56,0.0,2026-07-07,2026-07-07,24.81,0.1776,-0.4764,0.5627,0.116,0.3291,0.0622,0.1042
603586,金麒麟,25.72,True,13.12,14.9,7,10.58,-24.99,-9.24,-11.92,0.0,2026-07-07,2026-07-07,18.8,0.3399,-0.3706,0.6495,0.2557,0.1955,0.0,0.103
600487,亨通光电,1977.91,True,80.89,104.75,17,32.19,-22.78,12.68,-22.78,0.0,2026-07-07,2026-07-07,29.89,-0.2097,-0.3581,0.8883,0.0568,0.442,0.0,0.1026
600733,北汽蓝谷,257.78,True,4.64,5.34,0,-1.39,-14.37,-9.4,-13.04,0.0,2026-07-07,2026-07-07,3.9,-0.0838,-0.1255,0.3438,0.1498,0.0,0.4269,0.1015
000980,众泰汽车,90.77,True,1.8,2.13,0,-4.89,-15.58,-11.32,-15.49,0.0,2026-07-07,2026-07-07,6.9,0.1659,0.2469,0.5998,0.3983,0.0,0.0004,0.0996
002903,宇环数控,42.05,True,39.42,46.91,13,18.29,-15.96,1.81,-15.96,0.0,2026-07-07,2026-07-07,23.39,0.2295,-0.4612,0.8425,0.1532,0.2975,0.0,0.0978
002866,传艺科技,26.98,True,14.89,17.01,0,-5.47,-15.67,-10.38,-12.44,0.0,2026-07-07,2026-07-07,15.89,0.19,-0.7133,0.4317,0.114,0.1309,0.2805,0.0968
600986,浙文互联,95.64,True,6.43,7.48,0,-2.41,-14.75,-9.82,-14.03,0.0,2026-07-07,2026-07-07,13.85,0.0525,-0.3551,0.3748,0.0895,0.0856,0.3754,0.0958
001373,翔腾新材,12.0,True,28.6,32.72,0,-2.06,-15.29,-8.58,-12.6,0.0,2026-07-07,2026-07-07,16.06,0.2204,-0.4714,0.4687,0.1437,0.1347,0.2188,0.0957
601137,博威合金,188.4,True,20.52,23.76,14,18.61,-13.64,4.24,-13.64,0.0,2026-07-07,2026-07-07,14.87,0.4921,-0.7474,0.6122,0.2953,0.1082,0.0,0.0955
001332,锡装股份,22.55,True,33.56,41.83,2,0.89,-19.77,-8.1,-19.77,0.0,2026-07-07,2026-07-07,4.12,0.4985,-0.585,0.5318,0.2991,0.0,0.1136,0.0918
603360,百傲化学,106.22,True,15.04,17.79,0,-0.55,-15.45,-10.35,-15.45,0.0,2026-07-07,2026-07-07,26.39,0.0342,-0.3703,0.6771,0.0724,0.3642,0.0,0.0909
603773,沃格光电,274.94,True,122.37,151.05,16,49.48,-20.83,16.79,-18.99,0.0298,2026-07-08,2026-07-08,23.73,0.0134,-0.3414,0.9848,0.0715,0.305,0.0,0.0908
605566,福莱蒽特,39.47,True,29.6,41.1,11,21.39,-27.98,-2.13,-27.98,0.0,2026-07-08,2026-07-08,8.82,0.6023,-0.5598,0.8477,0.3614,0.0,0.0,0.0903
603150,万朗磁塑,55.18,True,64.37,74.75,13,12.98,-13.89,3.07,-13.89,0.0,2026-07-07,2026-07-07,17.19,0.0873,-0.0901,0.5906,0.2163,0.1597,0.0156,0.0884
001300,三柏硕,27.79,True,11.4,13.01,0,-2.39,-20.64,-12.52,-12.41,0.0,2026-07-07,2026-07-07,17.3,-0.0003,-0.348,0.4511,0.0608,0.1622,0.2482,0.0849
000766,通化金马,165.28,True,17.11,22.63,11,8.53,-24.95,-4.66,-24.38,0.0,2026-07-07,2026-07-07,21.52,-0.3492,-0.1692,0.7196,0.1323,0.256,0.0,0.0843
002735,王子新材,38.06,True,13.35,17.59,12,30.31,-24.1,5.06,-24.1,0.0,2026-07-07,2026-07-07,11.51,0.5008,-0.761,0.7845,0.3005,0.0336,0.0,0.0818
002512,ST达华,33.82,True,3.09,3.71,0,-5.57,-22.2,-12.69,-16.63,0.0,2026-07-07,2026-07-07,20.9,-0.158,-0.1686,0.604,0.1326,0.2421,0.0,0.0816
603159,上海亚虹,23.98,True,17.13,22.03,5,2.54,-33.3,-12.6,-22.26,0.0,2026-07-07,2026-07-07,14.94,-0.3507,0.0322,0.8619,0.2129,0.1097,0.0,0.0752
002625,光启技术,649.82,True,30.16,33.29,1,0.06,-17.99,-9.26,-9.4,0.0,2026-07-07,2026-07-07,24.95,-0.1943,-0.4194,0.6229,0.0322,0.3323,0.0,0.0745
600577,精达股份,191.57,True,8.87,10.49,0,-6.59,-19.28,-12.88,-15.42,0.0,2026-07-07,2026-07-07,16.17,-0.2468,-0.2213,0.6036,0.1115,0.137,0.0,0.0553
001382,新亚电缆,9.63,True,15.28,17.91,0,-0.6,-20.32,-9.52,-14.68,0.0,2026-07-07,2026-07-07,13.17,-0.1604,-0.4947,0.4382,0.0021,0.0705,0.2696,0.0551
600714,金瑞矿业,47.17,True,16.37,23.46,2,15.54,-30.22,-13.42,-30.22,0.0,2026-07-07,2026-07-07,10.13,0.1021,-0.2238,0.5923,0.1717,0.003,0.0128,0.0454
