code,name,market_cap,is_tech,latest_close,latest_ma20,days_above_ma20,max_distance_above_ma20_pct,min_distance_above_ma20_pct,avg_distance_above_ma20_pct,latest_distance_above_ma20_pct,ma20_strength_score,last_breach_date,latest_date,rsi,volume_price_corr,volume_change_22d,volatility_20d,volume_price_score,rsi_score,volatility_score,composite_score,trend_score,trend_normalized,trend_phase,daily_trend_score,weekly_trend_score,monthly_trend_score
002422,科伦药业,615.02,True,47.36,43.78,21,26.76,-1.1,11.01,8.19,0.7888,2026-06-26,2026-07-21,59.57,0.8711,1.0004,0.8837,0.9227,0.8985,0.0,0.788,0.8564,0.9282,多周期共振看多 ⬆⬆⬆,0.7865,0.7131,0.495
603127,昭衍新药,309.63,True,49.12,42.5,22,30.75,3.57,13.83,15.57,0.85,2026-06-17,2026-07-21,63.45,0.7859,1.8305,0.8586,0.8715,0.8123,0.0,0.7723,0.7689,0.8844,多周期共振看多 ⬆⬆⬆,0.6875,0.5382,0.5625
000938,紫光股份,1185.79,True,41.46,33.11,19,31.01,-5.27,12.8,25.2,0.8023,2026-06-29,2026-07-21,69.43,0.9232,3.0149,0.9997,0.9539,0.6793,0.0,0.7595,0.809,0.9045,多周期共振看多 ⬆⬆⬆,0.731,0.589,0.5625
000977,浪潮信息,1300.49,True,88.66,75.62,22,30.83,0.63,11.43,17.24,0.85,2026-06-16,2026-07-21,70.12,0.835,1.6732,0.8773,0.901,0.664,0.0,0.7491,0.7145,0.8573,多周期共振看多 ⬆⬆⬆,0.6845,0.4887,0.495
002821,凯莱英,537.39,True,169.5,163.05,22,36.13,0.97,17.05,3.96,0.6989,2026-06-17,2026-07-21,51.83,0.6669,0.8139,1.0181,0.8001,0.9296,0.0,0.7364,0.8178,0.9089,多周期共振看多 ⬆⬆⬆,0.598,0.7223,0.5625
600267,海正药业,143.76,True,12.18,10.93,21,15.08,-0.82,6.89,11.41,0.7775,2026-06-22,2026-07-21,67.9,0.9289,5.2451,0.6002,0.9573,0.7134,0.0,0.7237,0.5358,0.7679,多周期共振看多 ⬆⬆⬆,0.5569,0.3178,0.3825
002653,海思科,384.07,True,71.55,68.63,22,45.23,0.0,17.0,4.25,0.7062,2026-06-18,2026-07-21,48.37,0.8009,2.5833,0.9915,0.8806,0.8528,0.0,0.7224,0.6518,0.8259,多周期共振看多 ⬆⬆⬆,0.494,0.514,0.495
002440,闰土股份,116.31,True,12.29,10.76,18,22.19,-7.99,7.0,14.22,0.7113,2026-07-13,2026-07-21,57.46,0.7891,1.2401,0.8929,0.8734,0.9453,0.0,0.7098,0.4391,0.7196,多周期共振看多 ⬆⬆⬆,0.6155,0.2125,0.225
603519,立霸股份,42.19,True,15.84,14.78,22,19.6,1.24,8.7,7.15,0.7461,2026-06-11,2026-07-21,56.11,0.7123,-0.1926,0.7152,0.5503,0.9753,0.0,0.7067,0.8121,0.9061,多周期共振看多 ⬆⬆⬆,0.728,0.5983,0.5625
000739,普洛药业,233.1,True,20.13,18.24,21,18.47,-1.73,7.14,10.37,0.7627,2026-06-26,2026-07-21,71.06,0.8648,2.5431,0.531,0.9189,0.6431,0.115,0.704,0.4673,0.7337,多周期共振看多 ⬆⬆⬆,0.674,0.2243,0.225
002841,视源股份,251.6,True,48.26,42.64,16,42.05,-7.28,12.86,13.18,0.7545,2026-06-29,2026-07-21,72.65,0.9027,4.8891,0.7893,0.9416,0.6078,0.0,0.6973,0.5317,0.7658,多周期共振看多 ⬆⬆⬆,0.545,0.544,0.1575
002317,众生药业,206.17,True,27.07,27.3,19,27.45,-1.68,11.07,-0.83,0.5316,2026-07-21,2026-07-21,50.88,0.7426,1.543,0.9339,0.8456,0.9084,0.0,0.689,0.7933,0.8966,多周期共振看多 ⬆⬆⬆,0.589,0.6762,0.5625
603580,艾艾精工,47.55,True,36.39,29.75,17,59.14,-3.72,15.31,22.3,0.7705,2026-06-26,2026-07-21,68.48,0.3275,3.4592,1.0626,0.5965,0.7005,0.0,0.6883,0.8626,0.9313,多周期共振看多 ⬆⬆⬆,0.6913,0.7408,0.5625
002415,海康威视,3176.19,True,35.11,34.0,20,9.95,-1.76,4.08,3.26,0.5591,2026-07-17,2026-07-21,56.28,0.4551,0.5855,0.451,0.6731,0.9716,0.2484,0.6755,0.621,0.8105,多周期共振看多 ⬆⬆⬆,0.3561,0.4972,0.5625
002396,星网锐捷,239.42,True,31.61,24.97,15,42.03,-10.96,15.06,26.61,0.7386,2026-06-30,2026-07-21,77.48,0.8543,7.6832,0.9097,0.9126,0.5004,0.0,0.6755,0.5705,0.7853,多周期共振看多 ⬆⬆⬆,0.6432,0.3876,0.315
603259,药明康德,3127.46,True,126.45,122.4,21,22.27,-2.18,10.08,3.31,0.6669,2026-07-17,2026-07-21,51.04,0.4972,0.1385,0.6491,0.5537,0.9121,0.0,0.6751,0.8202,0.9101,多周期共振看多 ⬆⬆⬆,0.6278,0.7021,0.5625
001206,依依股份,23.04,True,21.56,20.13,21,19.85,-0.3,9.77,7.08,0.7552,2026-07-06,2026-07-21,59.18,0.8085,2.8117,0.8453,0.8851,0.9071,0.0,0.6681,0.0279,0.514,⚠️ 月线空头下的短期反弹，不宜追高,0.6965,0.1721,-0.45
002860,星帅尔,58.17,True,16.91,15.69,22,24.79,0.61,8.66,7.74,0.7602,2026-06-12,2026-07-21,62.96,0.6296,-0.2799,0.6341,0.4658,0.8232,0.0,0.6678,0.7852,0.8926,多周期共振看多 ⬆⬆⬆,0.8845,0.63,0.3375
603129,春风动力,421.62,True,274.7,260.89,22,12.34,0.32,6.99,5.29,0.7162,2026-06-18,2026-07-21,60.39,0.1746,0.8741,0.4399,0.5048,0.8803,0.2668,0.6653,0.5264,0.7632,多周期共振看多 ⬆⬆⬆,0.665,0.2494,0.3375
002774,快意电梯,42.94,True,15.24,14.79,21,22.06,-0.83,11.66,3.05,0.6602,2026-07-20,2026-07-21,53.36,0.1631,0.3883,0.8461,0.4532,0.9635,0.0,0.6606,0.8189,0.9094,多周期共振看多 ⬆⬆⬆,0.6115,0.7131,0.5625
002558,巨人网络,567.69,True,29.87,28.24,21,12.27,-0.32,6.93,5.79,0.696,2026-07-14,2026-07-21,56.39,0.7929,2.4847,0.6738,0.8757,0.9692,0.0,0.6515,-0.0224,0.4888,多周期方向不一致，观望,0.596,-0.047,-0.5625
003033,征和工业,54.41,True,67.39,62.74,16,23.64,-10.85,7.97,7.42,0.6393,2026-07-20,2026-07-21,61.82,0.5781,1.3455,0.812,0.7469,0.8484,0.0,0.6369,0.3479,0.674,多周期共振看多 ⬆⬆⬆,0.462,0.2112,0.1575
002603,以岭药业,237.45,True,17.25,15.97,18,12.12,-2.86,3.78,8.03,0.6005,2026-07-09,2026-07-21,66.21,0.9436,3.9329,0.5358,0.9662,0.7509,0.107,0.6366,0.1194,0.5597,多周期方向不一致，观望,0.5662,0.0397,0.0
000518,四环生物,36.75,True,3.57,3.6,14,20.05,-8.57,5.49,-0.93,0.3366,2026-07-21,2026-07-21,56.55,0.7268,1.2498,0.5339,0.8361,0.9655,0.1101,0.6356,0.6928,0.8464,多周期共振看多 ⬆⬆⬆,0.3455,0.664,0.5625
603456,九洲药业,129.88,True,14.73,14.41,22,15.83,1.3,7.19,2.19,0.6097,2026-06-11,2026-07-21,55.79,0.7929,0.7465,0.6413,0.8758,0.9825,0.0,0.6308,0.0026,0.5013,多周期方向不一致，观望,0.5132,0.134,-0.5625
002901,大博医疗,127.85,True,44.33,44.18,22,11.22,0.34,4.36,0.34,0.5227,2026-06-08,2026-07-21,56.69,0.7868,0.5383,0.4295,0.8721,0.9625,0.2841,0.63,0.0076,0.5038,⚠️ 月线空头下的短期反弹，不宜追高,0.4109,0.1842,-0.45
603118,共进股份,117.54,True,14.93,13.18,12,15.03,-12.34,3.31,13.24,0.5238,2026-07-15,2026-07-21,61.94,0.7936,3.2587,1.0546,0.8762,0.8458,0.0,0.6288,0.3563,0.6782,多周期共振看多 ⬆⬆⬆,0.2317,0.292,0.2925
600572,康恩贝,108.61,True,4.29,4.13,18,8.0,-2.84,2.37,3.89,0.5082,2026-06-30,2026-07-21,65.26,0.8824,1.9826,0.2867,0.9294,0.7719,0.5221,0.6275,-0.0307,0.4847,多周期方向不一致，观望,0.373,-0.0931,-0.3617
603019,中科曙光,1432.04,True,97.88,97.84,20,22.15,-9.58,6.42,0.04,0.4795,2026-07-20,2026-07-21,46.07,0.8254,1.0299,0.8693,0.8953,0.8015,0.0,0.6149,0.3743,0.6872,多周期共振看多 ⬆⬆⬆,0.3347,0.1982,0.3375
600211,西藏药业,125.32,True,38.88,38.29,19,6.2,-4.06,2.1,1.54,0.4713,2026-07-09,2026-07-21,52.58,0.8544,1.3835,0.4375,0.9126,0.9462,0.2709,0.6132,-0.0381,0.4809,⚠️⚠️ 逆大势反弹，大概率是下跌中继,0.2419,-0.3697,-0.5625
600129,太极集团,84.37,True,15.3,14.76,16,30.15,-11.02,6.73,3.63,0.5136,2026-06-29,2026-07-21,57.63,0.9496,5.143,0.8835,0.9698,0.9415,0.0,0.6115,-0.0222,0.4889,⚠️⚠️ 逆大势反弹，大概率是下跌中继,0.431,-0.2291,-0.5625
000989,九芝堂,61.85,True,8.91,8.51,18,20.79,-4.93,4.52,4.69,0.5166,2026-06-30,2026-07-21,59.74,0.9549,7.6136,0.6494,0.973,0.8947,0.0,0.6107,0.015,0.5075,⚠️ 月线空头下的短期反弹，不宜追高,0.5413,0.1574,-0.45
000513,丽珠集团,175.5,True,30.89,30.25,18,5.16,-3.5,1.54,2.1,0.4645,2026-06-30,2026-07-21,59.81,0.7735,0.9493,0.3503,0.8641,0.8931,0.4161,0.6098,-0.0239,0.488,⚠️⚠️ 逆大势反弹，大概率是下跌中继,0.3397,-0.1834,-0.5625
600812,华北制药,82.36,True,4.8,4.61,18,11.59,-4.64,3.04,4.14,0.4969,2026-06-30,2026-07-21,62.14,0.8899,1.9541,0.4487,0.9339,0.8413,0.2521,0.609,-0.0259,0.487,⚠️⚠️ 逆大势反弹，大概率是下跌中继,0.4593,-0.3242,-0.5625
000623,吉林敖东,219.97,True,18.47,18.01,20,6.64,-1.49,2.94,2.56,0.5332,2026-07-13,2026-07-21,50.71,0.6353,1.3939,0.4159,0.7812,0.9046,0.3068,0.6078,0.0015,0.5008,多周期方向不一致，观望,0.359,0.1487,-0.45
002223,鱼跃医疗,259.22,True,27.51,26.44,16,6.84,-3.41,1.81,4.06,0.4683,2026-07-09,2026-07-21,63.83,0.7077,0.6032,0.263,0.8246,0.8038,0.5616,0.602,-0.0409,0.4795,⚠️⚠️ 逆大势反弹，大概率是下跌中继,0.4023,-0.5606,-0.5625
600479,千金药业,40.68,True,9.72,9.59,15,6.75,-4.44,1.03,1.33,0.3509,2026-06-30,2026-07-21,56.76,0.7588,1.5638,0.25,0.8553,0.961,0.5834,0.6007,-0.0245,0.4878,⚠️⚠️ 逆大势反弹，大概率是下跌中继,0.2709,-0.2942,-0.405
603087,甘李药业,369.91,True,65.92,62.65,21,17.6,-2.74,7.41,5.23,0.6501,2026-06-26,2026-07-21,62.3,0.814,-0.1155,0.717,0.6422,0.8379,0.0,0.5995,0.2031,0.6016,月线震荡，中短期走强,0.6078,0.1617,0.0
600535,天士力,238.43,True,15.96,14.36,13,13.23,-5.84,1.94,11.17,0.5054,2026-07-02,2026-07-21,76.22,0.9127,3.9505,0.4134,0.9476,0.5284,0.3111,0.5985,0.1756,0.5878,月线震荡，中短期走强,0.3898,0.2563,0.0
600352,浙江龙盛,429.44,True,13.2,12.28,20,15.34,-2.14,5.72,7.45,0.6578,2026-07-09,2026-07-21,55.84,0.3761,0.1391,0.6131,0.4813,0.9813,0.0,0.5982,0.2594,0.6297,月线震荡，中短期走强,0.74,0.1514,0.0861
000703,恒逸石化,556.67,True,14.64,14.54,16,25.15,-5.78,4.96,0.67,0.3953,2026-07-16,2026-07-21,50.0,0.6659,1.2065,0.9371,0.7995,0.8889,0.0,0.5975,0.4855,0.7428,多周期共振看多 ⬆⬆⬆,0.3011,0.404,0.405
000650,仁和药业,71.36,True,5.36,5.18,15,7.5,-4.63,1.43,3.46,0.4108,2026-07-01,2026-07-21,63.56,0.8199,1.3926,0.282,0.8919,0.8098,0.5301,0.5973,-0.0306,0.4847,⚠️⚠️ 逆大势反弹，大概率是下跌中继,0.2978,-0.276,-0.5625
603566,普莱柯,35.68,True,10.31,10.31,17,7.3,-2.78,1.64,-0.01,0.3943,2026-07-21,2026-07-21,54.09,0.7748,1.0792,0.3694,0.8649,0.9797,0.3843,0.5955,-0.049,0.4755,⚠️⚠️ 逆大势反弹，大概率是下跌中继,0.3285,-0.6515,-0.5625
600664,哈药股份,147.08,True,5.84,3.7,11,57.97,-7.07,12.76,57.97,0.675,2026-07-09,2026-07-21,94.79,0.9109,19.3496,0.8533,0.9465,0.1158,0.0,0.5928,0.469,0.7345,多周期共振看多 ⬆⬆⬆,0.4453,0.334,0.315
600380,健康元,189.53,True,10.36,10.0,17,7.62,-3.96,2.21,3.58,0.4758,2026-06-30,2026-07-21,64.05,0.7832,0.4737,0.3785,0.8594,0.7989,0.3691,0.5927,-0.0295,0.4853,⚠️⚠️ 逆大势反弹，大概率是下跌中继,0.3266,-0.2794,-0.5625
002250,联化科技,153.04,True,17.1,14.79,15,15.61,-5.93,4.34,15.61,0.5972,2026-07-13,2026-07-21,68.39,0.6657,2.2371,0.7991,0.7994,0.7024,0.0,0.5919,0.1798,0.5899,月线看多，日线反弹（等待周线确认）,0.4869,0.0917,0.225
600671,天目药业,24.84,True,20.4,18.7,19,18.66,-1.7,6.67,9.07,0.6958,2026-06-29,2026-07-21,68.39,0.7245,0.0108,0.6036,0.639,0.7025,0.0,0.5909,0.1923,0.5961,月线看多，日线反弹（等待周线确认）,0.5593,0.0806,0.225
600196,复星医药,501.87,True,23.69,23.28,18,8.59,-4.12,3.03,1.75,0.4648,2026-06-26,2026-07-21,54.38,0.6673,0.5859,0.4664,0.8004,0.9862,0.2227,0.5897,-0.0402,0.4799,⚠️⚠️ 逆大势反弹，大概率是下跌中继,0.3633,-0.5141,-0.5625
002020,京新药业,102.3,True,14.13,13.93,19,20.96,-4.49,6.69,1.46,0.5061,2026-06-26,2026-07-21,54.89,0.7183,1.5218,0.758,0.831,0.9976,0.0,0.5894,-0.0259,0.487,⚠️⚠️ 逆大势反弹，大概率是下跌中继,0.3395,-0.2219,-0.5625
600285,羚锐制药,126.95,True,22.41,21.31,14,10.16,-5.15,3.02,5.15,0.4269,2026-07-01,2026-07-21,75.0,0.8075,1.4312,0.3279,0.8845,0.5556,0.4535,0.5881,0.2353,0.6177,月线震荡，中短期走强,0.5066,0.3566,0.0
002773,康弘药业,155.21,True,22.6,22.07,20,13.82,-3.72,4.82,2.41,0.5111,2026-06-26,2026-07-21,53.3,0.7127,0.6239,0.5925,0.8276,0.9622,0.0126,0.5874,-0.0163,0.4919,⚠️⚠️ 逆大势反弹，大概率是下跌中继,0.5534,-0.2224,-0.5625
000597,东北制药,65.95,True,4.68,4.53,15,9.31,-4.97,1.88,3.33,0.4127,2026-07-01,2026-07-21,63.64,0.8618,1.1004,0.3927,0.9171,0.8081,0.3455,0.5831,-0.0392,0.4804,⚠️⚠️ 逆大势反弹，大概率是下跌中继,0.2366,-0.3873,-0.5625
002268,电科网安,124.76,True,14.76,13.93,15,17.14,-7.68,2.73,5.94,0.4553,2026-06-30,2026-07-21,54.29,0.8257,2.8401,0.6843,0.8954,0.9841,0.0,0.5821,-0.0494,0.4753,⚠️⚠️ 逆大势反弹，大概率是下跌中继,0.296,-0.6313,-0.5625
603501,豪威集团,1235.97,True,102.42,99.78,16,15.11,-6.17,5.27,2.64,0.4525,2026-06-29,2026-07-21,55.88,0.7471,0.7858,0.5752,0.8483,0.9804,0.0413,0.5816,0.0005,0.5002,多周期方向不一致，观望,0.377,0.129,-0.45
600351,亚宝药业,44.98,True,6.5,6.23,15,10.67,-5.95,2.13,4.39,0.4169,2026-07-01,2026-07-21,67.7,0.8822,3.314,0.3914,0.9293,0.7177,0.3477,0.5812,0.0225,0.5112,多周期方向不一致，观望,0.2933,0.0821,-0.2344
002546,新联电子,61.61,True,7.69,7.62,19,16.36,-6.35,4.61,0.87,0.4392,2026-07-20,2026-07-21,53.28,0.8339,1.8455,0.7735,0.9004,0.9617,0.0,0.5807,-0.0028,0.4986,多周期方向不一致，观望,0.3891,-0.3778,0.0319
600750,华润江中,160.98,True,25.6,23.91,12,10.7,-7.34,0.95,7.06,0.3911,2026-07-03,2026-07-21,72.36,0.7764,1.5149,0.4097,0.8658,0.6142,0.3171,0.5802,0.3266,0.6633,多周期共振看多 ⬆⬆⬆,0.348,0.1946,0.225
002303,美盈森,39.93,True,4.13,4.34,20,26.41,-5.03,13.37,-4.78,0.4486,2026-07-21,2026-07-21,46.74,0.4817,0.422,0.9107,0.6578,0.8165,0.0,0.5791,0.5242,0.7621,多周期共振看多 ⬆⬆⬆,0.5935,0.3733,0.27
002262,恩华药业,186.03,True,21.05,19.95,16,9.23,-5.55,2.35,5.51,0.4752,2026-06-30,2026-07-21,64.92,0.7315,0.708,0.4206,0.8389,0.7796,0.2991,0.5791,-0.0251,0.4874,⚠️⚠️ 逆大势反弹，大概率是下跌中继,0.4388,-0.2913,-0.5625
600521,华海药业,248.99,True,16.63,15.88,16,14.78,-4.76,5.02,4.72,0.498,2026-06-30,2026-07-21,63.98,0.8257,2.77,0.5903,0.8954,0.8006,0.0162,0.5744,-0.0059,0.497,多周期方向不一致，观望,0.4707,0.0208,-0.45
603268,松发股份,363.15,True,155.69,152.16,14,12.55,-6.91,2.44,2.32,0.3417,2026-07-20,2026-07-21,57.24,0.5556,0.1854,0.7033,0.6075,0.9502,0.0,0.5743,0.6621,0.8311,多周期共振看多 ⬆⬆⬆,0.2095,0.7131,0.5625
000661,长春高新,300.43,True,75.18,69.16,14,11.93,-6.05,2.52,8.71,0.5042,2026-07-09,2026-07-21,60.87,0.6886,0.7663,0.551,0.8132,0.8696,0.0817,0.5733,-0.034,0.483,⚠️⚠️ 逆大势反弹，大概率是下跌中继,0.5217,-0.5327,-0.5625
002517,恺英网络,317.56,True,16.81,16.41,19,12.31,-1.87,4.69,2.45,0.5166,2026-07-17,2026-07-21,55.96,0.5387,1.4683,0.5895,0.7232,0.9786,0.0176,0.5704,-0.0226,0.4887,⚠️⚠️ 逆大势反弹，大概率是下跌中继,0.45,-0.2534,-0.5625
002287,奇正藏药,119.9,True,21.0,20.23,14,9.82,-6.44,1.47,3.83,0.3746,2026-07-01,2026-07-21,64.15,0.8593,2.1391,0.3941,0.9156,0.7966,0.3432,0.5689,-0.0431,0.4784,⚠️⚠️ 逆大势反弹，大概率是下跌中继,0.2999,-0.5149,-0.5625
600332,白云山,310.42,True,22.08,21.29,14,7.46,-5.43,1.48,3.7,0.3955,2026-07-01,2026-07-21,68.71,0.7997,2.4617,0.3133,0.8798,0.6954,0.4778,0.5684,-0.0264,0.4868,⚠️⚠️ 逆大势反弹，大概率是下跌中继,0.2541,-0.1588,-0.5625
002349,精华制药,53.9,True,6.62,6.56,14,7.72,-7.13,0.78,0.98,0.3012,2026-07-01,2026-07-21,57.23,0.8535,1.8434,0.3982,0.9121,0.9504,0.3363,0.5676,-0.0507,0.4747,⚠️⚠️ 逆大势反弹，大概率是下跌中继,0.1675,-0.5465,-0.5625
002294,信立泰,393.22,True,35.28,35.83,16,25.04,-4.17,7.27,-1.53,0.398,2026-07-21,2026-07-21,51.99,0.892,2.2399,0.9248,0.9352,0.933,0.0,0.567,-0.0348,0.4826,⚠️⚠️ 逆大势反弹，大概率是下跌中继,0.5225,-0.5483,-0.5625
002141,贤丰控股,50.61,True,4.9,5.31,20,47.92,-7.65,18.28,-7.65,0.3769,2026-07-21,2026-07-21,50.29,0.2694,4.0633,1.2514,0.5616,0.8954,0.0,0.5659,0.6495,0.8247,多周期共振看多 ⬆⬆⬆,0.5845,0.364,0.5625
600557,康缘药业,72.19,True,12.75,12.41,16,11.37,-9.45,2.23,2.75,0.3792,2026-06-30,2026-07-21,55.78,0.8701,3.1069,0.6059,0.9221,0.9826,0.0,0.5654,-0.0418,0.4791,⚠️⚠️ 逆大势反弹，大概率是下跌中继,0.2918,-0.4837,-0.5625
002511,中顺洁柔,90.21,True,7.13,6.96,14,5.12,-5.42,0.52,2.49,0.3544,2026-07-01,2026-07-21,66.36,0.7222,0.7361,0.2281,0.8333,0.7477,0.6199,0.5654,-0.0538,0.4731,⚠️⚠️ 逆大势反弹，大概率是下跌中继,0.1562,-0.5962,-0.5625
002541,鸿路钢构,109.26,True,22.02,18.83,16,19.6,-7.22,5.86,16.93,0.6511,2026-06-30,2026-07-21,79.72,0.5594,0.6438,0.5609,0.7357,0.4506,0.0651,0.565,0.1879,0.5939,月线看多，日线反弹（等待周线确认）,0.5705,0.0529,0.225
002332,仙琚制药,83.2,True,8.45,8.34,10,6.19,-3.99,0.19,1.34,0.2641,2026-07-10,2026-07-21,58.79,0.8944,2.5067,0.2539,0.9366,0.9158,0.5769,0.5646,-0.1759,0.4121,多周期方向不一致，观望,0.0378,-0.243,-0.5625
002275,桂林三金,73.87,True,13.26,13.04,14,6.91,-5.14,1.8,1.69,0.3468,2026-07-01,2026-07-21,62.46,0.7526,1.6987,0.3437,0.8515,0.8343,0.4271,0.5633,-0.0313,0.4844,⚠️⚠️ 逆大势反弹，大概率是下跌中继,0.284,-0.2775,-0.5625
002292,奥飞娱乐,78.17,True,7.68,7.27,14,14.05,-9.4,3.7,5.69,0.4574,2026-07-01,2026-07-21,62.38,0.8283,1.1189,0.6515,0.897,0.836,0.0,0.5631,-0.0316,0.4842,⚠️⚠️ 逆大势反弹，大概率是下跌中继,0.3167,-0.3116,-0.5625
603367,辰欣药业,63.61,True,14.05,13.85,16,16.03,-6.33,2.93,1.44,0.3637,2026-07-09,2026-07-21,53.72,0.88,2.2564,0.7078,0.928,0.9716,0.0,0.5604,-0.0405,0.4798,⚠️⚠️ 逆大势反弹，大概率是下跌中继,0.3784,-0.5329,-0.5625
000800,一汽解放,311.0,True,6.32,6.12,15,4.27,-3.9,0.95,3.19,0.4292,2026-07-13,2026-07-21,66.07,0.5205,0.6012,0.2578,0.7123,0.754,0.5704,0.5603,-0.0483,0.4758,⚠️⚠️ 逆大势反弹，大概率是下跌中继,0.1505,-0.486,-0.5625
002793,罗欣药业,48.76,True,4.49,4.39,15,15.86,-7.33,4.42,2.18,0.4037,2026-06-30,2026-07-21,59.07,0.8439,1.7626,0.6983,0.9064,0.9096,0.0,0.5599,-0.0312,0.4844,⚠️⚠️ 逆大势反弹，大概率是下跌中继,0.4674,-0.4317,-0.5625
002432,九安医疗,371.05,True,79.75,66.68,8,19.71,-16.27,-1.46,19.61,0.3409,2026-07-14,2026-07-21,59.68,0.6097,1.7163,0.9912,0.7658,0.896,0.0,0.5595,0.3578,0.6789,上升趋势中的日线整理,0.0588,0.3164,0.5625
000948,南天信息,56.62,True,14.55,12.86,11,16.89,-7.6,2.02,13.13,0.4754,2026-07-07,2026-07-21,69.38,0.9345,6.2533,0.6116,0.9607,0.6804,0.0,0.5588,-0.0242,0.4879,⚠️⚠️ 逆大势反弹，大概率是下跌中继,0.32,-0.2852,-0.45
000333,美的集团,5797.72,True,84.27,79.0,16,7.38,-5.31,1.87,6.67,0.4963,2026-06-30,2026-07-21,78.51,0.0165,0.2624,0.2524,0.3149,0.4776,0.5793,0.557,0.7245,0.8622,多周期共振看多 ⬆⬆⬆,0.4683,0.6283,0.5625
600085,同仁堂,355.21,True,25.9,23.95,10,14.63,-8.09,1.22,8.13,0.393,2026-07-09,2026-07-21,68.53,0.8647,1.7778,0.4293,0.9188,0.6993,0.2845,0.5563,-0.0295,0.4853,⚠️⚠️ 逆大势反弹，大概率是下跌中继,0.3199,-0.273,-0.5625
603508,思维列控,86.02,True,22.56,21.84,13,3.36,-3.98,0.15,3.3,0.3771,2026-07-02,2026-07-21,63.91,0.5334,0.7452,0.2403,0.72,0.802,0.5996,0.556,-0.0512,0.4744,⚠️⚠️ 逆大势反弹，大概率是下跌中继,0.1992,-0.584,-0.5625
001388,信通电子,30.09,True,24.05,19.98,8,35.08,-10.56,1.87,20.37,0.4241,2026-07-10,2026-07-21,62.15,0.8491,1.8834,0.9993,0.9094,0.841,0.0,0.5556,-0.0371,0.4814,⚠️⚠️ 逆大势反弹，大概率是下跌中继,0.251,-0.3598,-0.5625
600422,昆药集团,66.46,True,8.78,8.42,12,11.38,-8.95,0.83,4.27,0.3185,2026-07-09,2026-07-21,59.44,0.9131,2.0405,0.4998,0.9479,0.9013,0.167,0.5556,-0.0514,0.4743,⚠️⚠️ 逆大势反弹，大概率是下跌中继,0.2617,-0.6406,-0.5625
600529,山东药玻,125.49,True,18.91,18.47,8,3.13,-4.33,-0.38,2.36,0.2664,2026-07-13,2026-07-21,60.38,0.6947,0.5091,0.2159,0.8168,0.8805,0.6402,0.5517,-0.1013,0.4494,多周期方向不一致，观望,0.0001,0.0047,-0.45
603387,基蛋生物,43.72,True,8.62,8.28,15,13.79,-7.75,1.84,4.09,0.3869,2026-06-30,2026-07-21,60.98,0.8431,1.7701,0.5838,0.9058,0.867,0.027,0.5515,-0.0276,0.4862,多周期方向不一致，观望,0.2764,-0.3648,0.0066
002737,葵花药业,77.15,True,13.21,12.42,13,11.67,-8.58,1.85,6.38,0.4126,2026-07-02,2026-07-21,72.97,0.8806,2.676,0.4397,0.9283,0.6006,0.2671,0.5512,-0.0005,0.4998,⚠️ 月线空头下的短期反弹，不宜追高,0.312,0.1763,-0.45
600771,广誉远,72.4,True,14.79,14.18,14,13.18,-9.57,1.49,4.33,0.3684,2026-07-01,2026-07-21,63.46,0.8586,1.2355,0.5004,0.9152,0.812,0.166,0.5508,-0.0493,0.4753,⚠️⚠️ 逆大势反弹，大概率是下跌中继,0.3208,-0.6515,-0.5625
001229,魅视科技,25.36,True,34.39,37.45,17,42.41,-9.01,16.64,-8.16,0.3163,2026-07-21,2026-07-21,45.69,0.3834,0.7594,1.031,0.63,0.7932,0.0,0.5507,0.6862,0.8431,多周期共振看多 ⬆⬆⬆,0.5238,0.4967,0.5625
001395,亚联机械,16.79,True,32.29,26.94,9,28.62,-11.14,3.24,19.88,0.4741,2026-07-08,2026-07-21,71.68,0.9331,8.9758,0.8478,0.9598,0.6293,0.0,0.5496,-0.0321,0.4839,多周期方向不一致，观望,0.2968,0.0252,-0.4206
002019,亿帆医药,85.6,True,10.16,9.99,12,10.34,-5.93,0.64,1.74,0.2897,2026-07-09,2026-07-21,55.43,0.805,1.4754,0.4851,0.883,0.9906,0.1915,0.5495,-0.0542,0.4729,⚠️⚠️ 逆大势反弹，大概率是下跌中继,0.1699,-0.6146,-0.5625
603296,华勤技术,636.48,True,79.7,74.97,9,10.51,-10.49,-0.22,6.31,0.2955,2026-07-20,2026-07-21,60.01,0.6778,0.5658,0.8309,0.8067,0.8887,0.0,0.5486,0.3223,0.6612,上升趋势中的日线整理,-0.0575,0.324,0.5625
002550,千红制药,63.63,True,6.76,6.7,19,12.59,-4.27,5.98,0.96,0.4818,2026-06-26,2026-07-21,48.93,0.595,1.3283,0.7263,0.757,0.865,0.0,0.5479,-0.0224,0.4888,⚠️⚠️ 逆大势反弹，大概率是下跌中继,0.5171,-0.3082,-0.5625
002555,三七互娱,306.36,True,19.3,18.84,14,6.18,-4.74,1.11,2.44,0.374,2026-07-17,2026-07-21,50.9,0.6229,1.4441,0.4534,0.7738,0.9089,0.2443,0.5462,-0.0518,0.4741,⚠️⚠️ 逆大势反弹，大概率是下跌中继,0.1755,-0.6423,-0.495
601369,陕鼓动力,163.63,True,9.59,8.98,11,8.26,-8.2,0.15,6.8,0.3678,2026-07-16,2026-07-21,55.08,0.7295,1.0385,0.6521,0.8377,0.9982,0.0,0.5452,-0.0592,0.4704,多周期方向不一致，观望,0.1372,-0.1421,-0.2358
002365,永安药业,29.85,True,12.17,11.02,9,21.71,-8.51,1.11,10.47,0.421,2026-07-13,2026-07-21,63.86,0.8136,5.9559,0.7234,0.8881,0.803,0.0,0.545,-0.035,0.4825,⚠️⚠️ 逆大势反弹，大概率是下跌中继,0.269,-0.3352,-0.5625
002864,盘龙药业,21.49,True,21.6,21.49,14,14.64,-8.21,2.14,0.52,0.2892,2026-07-02,2026-07-21,55.37,0.886,1.5161,0.6603,0.9316,0.9917,0.0,0.5417,-0.0408,0.4796,⚠️⚠️ 逆大势反弹，大概率是下跌中继,0.2861,-0.5281,-0.495
600060,海信视像,359.5,True,27.65,26.78,14,7.58,-5.98,1.35,3.26,0.3758,2026-07-20,2026-07-21,54.71,0.0454,-0.0595,0.4348,0.2035,0.9936,0.2754,0.5414,0.6911,0.8456,多周期共振看多 ⬆⬆⬆,0.3162,0.6854,0.5625
002536,飞龙股份,256.2,True,47.06,50.32,19,22.14,-11.81,8.41,-6.48,0.3503,2026-07-21,2026-07-21,48.65,0.0857,0.8884,1.0847,0.4514,0.8588,0.0,0.5414,0.7377,0.8689,多周期共振看多 ⬆⬆⬆,0.371,0.7408,0.5625
603222,济民健康,45.21,True,8.61,8.69,15,23.62,-14.81,3.85,-0.97,0.3107,2026-07-21,2026-07-21,53.04,0.8455,3.3054,0.9397,0.9073,0.9564,0.0,0.5411,-0.0165,0.4918,多周期方向不一致，观望,0.2964,-0.2815,-0.045
000538,云南白药,907.74,True,51.2,49.22,10,6.85,-4.26,0.52,4.02,0.3247,2026-07-09,2026-07-21,69.77,0.8479,1.6672,0.2471,0.9088,0.6718,0.5881,0.541,-0.1816,0.4092,多周期方向不一致，观望,0.0995,-0.3209,-0.5625
002439,启明星辰,99.09,True,13.6,13.05,9,4.23,-7.06,-0.69,4.23,0.2847,2026-07-14,2026-07-21,57.83,0.8104,0.6972,0.3899,0.8862,0.9372,0.3501,0.5407,-0.1805,0.4098,多周期方向不一致，观望,-0.0048,-0.2942,-0.495
002414,高德红外,482.26,True,14.19,13.29,14,10.51,-7.61,1.28,6.79,0.4386,2026-07-17,2026-07-21,58.98,0.5917,2.3644,0.7122,0.755,0.9114,0.0,0.5398,-0.0357,0.4822,多周期方向不一致，观望,0.1888,-0.0936,-0.225
600329,达仁堂,216.12,True,38.11,37.16,15,8.06,-7.46,1.99,2.55,0.381,2026-06-30,2026-07-21,60.48,0.5168,0.9676,0.4285,0.7101,0.8782,0.2859,0.5397,-0.0153,0.4924,⚠️⚠️ 逆大势反弹，大概率是下跌中继,0.2292,-0.2254,-0.2624
000651,格力电器,2241.38,True,40.59,38.58,14,5.64,-3.4,1.28,5.21,0.4484,2026-07-01,2026-07-21,81.74,0.4152,0.4084,0.167,0.6125,0.4057,0.7216,0.5396,0.1967,0.5984,月线震荡，中短期走强,0.3533,0.2725,0.0859
600155,华创云信,127.06,True,5.74,5.56,14,4.46,-4.03,0.81,3.17,0.3947,2026-07-14,2026-07-21,50.0,0.6665,0.8883,0.4056,0.7999,0.8889,0.324,0.5385,-0.2454,0.3773,多周期方向不一致，观望,0.146,-0.6414,-0.5625
603049,中策橡胶,244.06,True,48.33,46.81,15,8.08,-2.34,2.16,3.24,0.4305,2026-07-01,2026-07-21,71.51,0.6215,0.3278,0.2815,0.704,0.633,0.5308,0.5382,-0.0385,0.4808,多周期方向不一致，观望,0.3508,-0.0517,-0.4181
603309,维力医疗,34.32,True,11.76,11.79,14,6.42,-4.98,0.91,-0.26,0.2927,2026-07-21,2026-07-21,51.34,0.6078,0.5801,0.3604,0.7647,0.9187,0.3994,0.5372,-0.0505,0.4748,⚠️⚠️ 逆大势反弹，大概率是下跌中继,0.1725,-0.6146,-0.495
601985,中国核电,1693.83,True,8.97,8.77,5,3.53,-3.12,-0.93,2.33,0.2167,2026-07-16,2026-07-21,64.08,0.5937,0.1365,0.2163,0.6109,0.7983,0.6395,0.5338,0.3031,0.6515,上升趋势中的日线整理,-0.0232,0.2534,0.5537
002156,通富微电,1051.59,True,69.3,71.42,15,17.34,-11.74,4.14,-2.97,0.2679,2026-07-21,2026-07-21,45.62,0.6757,0.2813,0.99,0.718,0.7916,0.0,0.533,0.522,0.761,上升趋势中的日线整理,0.0721,0.7315,0.5625
600436,片仔癀,875.11,True,145.05,120.59,9,24.56,-8.41,3.09,20.28,0.4705,2026-07-09,2026-07-21,76.94,0.9597,4.0804,0.6357,0.9758,0.5125,0.0,0.532,-0.049,0.4755,多周期方向不一致，观望,0.3103,-0.0313,-0.45
002979,雷赛智能,126.01,True,56.56,59.93,12,31.4,-11.37,5.76,-5.62,0.1943,2026-07-21,2026-07-21,49.22,0.5726,0.3452,0.8507,0.6817,0.8715,0.0,0.5306,0.6416,0.8208,多周期共振看多 ⬆⬆⬆,0.1679,0.7038,0.5625
600062,华润双鹤,177.33,True,17.08,16.71,11,5.28,-6.51,0.24,2.19,0.3022,2026-07-10,2026-07-21,56.56,0.724,0.9091,0.4154,0.8344,0.9653,0.3077,0.5298,-0.2261,0.387,多周期方向不一致，观望,0.0426,-0.4678,-0.5625
003010,若羽臣,57.35,True,25.36,24.04,10,13.95,-8.62,0.35,5.51,0.3056,2026-07-14,2026-07-21,53.16,0.7959,5.3419,0.6686,0.8776,0.9591,0.0,0.5292,-0.0545,0.4728,⚠️⚠️ 逆大势反弹，大概率是下跌中继,0.1844,-0.6331,-0.5625
603012,创力集团,54.69,True,8.46,8.21,14,10.78,-5.94,1.15,3.09,0.3558,2026-07-20,2026-07-21,54.33,0.4992,0.73,0.6923,0.6995,0.985,0.0,0.5278,0.0672,0.5336,⚠️ 月线看多但周线走弱，日线仅为反弹,0.1572,-0.1579,0.45
603444,吉比特,256.47,True,356.0,355.26,16,9.09,-3.38,3.12,0.21,0.3732,2026-07-20,2026-07-21,47.17,0.6341,0.8981,0.5098,0.7805,0.8261,0.1503,0.527,-0.0399,0.48,⚠️⚠️ 逆大势反弹，大概率是下跌中继,0.2535,-0.4142,-0.5625
600562,国睿科技,299.91,True,24.15,21.67,8,11.56,-8.68,0.39,11.46,0.3871,2026-07-15,2026-07-21,59.97,0.6491,0.8132,0.6992,0.7894,0.8896,0.0,0.526,-0.0518,0.4741,⚠️⚠️ 逆大势反弹，大概率是下跌中继,0.1658,-0.5656,-0.5625
000919,金陵药业,37.8,True,6.08,6.13,12,6.78,-5.07,0.73,-0.74,0.2509,2026-07-21,2026-07-21,51.7,0.8025,1.4869,0.3824,0.8815,0.9267,0.3627,0.5252,-0.2129,0.3936,多周期方向不一致，观望,0.1012,-0.46,-0.5625
600690,海尔智家,1366.29,True,21.85,20.48,15,6.7,-5.27,0.5,6.7,0.4792,2026-07-09,2026-07-21,74.14,0.6678,0.0464,0.2525,0.6192,0.5746,0.5791,0.5238,-0.1035,0.4482,多周期方向不一致，观望,0.2407,-0.0989,-0.5625
000990,诚志股份,112.04,True,9.22,8.83,10,9.43,-8.32,-0.38,4.45,0.2607,2026-07-09,2026-07-21,56.25,0.747,0.7186,0.5462,0.8482,0.9722,0.0897,0.5226,-0.0405,0.4798,多周期方向不一致，观望,0.0144,-0.3704,0.18
600276,恒瑞医药,3503.99,True,54.93,54.04,21,13.97,-0.46,6.43,1.64,0.574,2026-07-17,2026-07-21,53.02,0.407,-0.1868,0.5398,0.3695,0.9561,0.1004,0.5204,-0.0328,0.4836,多周期方向不一致，观望,0.4193,-0.0534,-0.45
002923,润都股份,26.89,True,10.42,10.52,14,14.33,-7.63,2.88,-0.94,0.2714,2026-07-21,2026-07-21,50.11,0.8771,2.5052,0.7073,0.9262,0.8914,0.0,0.5202,-0.0412,0.4794,⚠️⚠️ 逆大势反弹，大概率是下跌中继,0.2728,-0.457,-0.5625
000999,华润三九,415.67,True,25.0,24.01,11,8.71,-7.66,0.6,4.11,0.3113,2026-07-09,2026-07-21,65.72,0.788,2.5523,0.3881,0.8728,0.7618,0.3532,0.5202,-0.1787,0.4107,多周期方向不一致，观望,0.14,-0.3429,-0.5625
603538,美诺华,94.2,True,27.96,29.4,13,38.47,-18.04,5.19,-4.9,0.2139,2026-07-21,2026-07-21,53.92,0.8259,3.1197,1.2266,0.8955,0.9761,0.0,0.5199,0.0418,0.5209,⚠️ 月线看多但周线走弱，日线仅为反弹,0.3725,-0.234,0.18
603298,杭叉集团,342.52,True,26.15,25.23,15,7.31,-4.02,1.64,3.66,0.4248,2026-07-09,2026-07-21,62.35,0.1216,1.1097,0.3635,0.473,0.8367,0.3941,0.5188,0.0551,0.5275,多周期方向不一致，观望,0.2275,-0.0203,0.0675
002412,汉森制药,30.37,True,6.1,6.04,11,14.44,-9.17,0.84,0.99,0.2208,2026-07-08,2026-07-21,56.69,0.874,3.1294,0.6317,0.9244,0.9624,0.0,0.5179,-0.0208,0.4896,⚠️⚠️ 逆大势反弹，大概率是下跌中继,0.1606,-0.1956,-0.3375
002007,华兰生物,207.71,True,13.2,12.86,12,6.71,-5.93,0.39,2.61,0.3273,2026-07-09,2026-07-21,60.34,0.6031,1.4214,0.3856,0.7619,0.8812,0.3574,0.5166,-0.2153,0.3923,多周期方向不一致，观望,0.1145,-0.482,-0.5625
002345,潮宏基,85.94,True,9.91,9.79,15,12.36,-5.86,2.79,1.23,0.3459,2026-07-14,2026-07-21,56.34,0.6051,0.5775,0.5877,0.763,0.9702,0.0206,0.5161,-0.1026,0.4487,多周期方向不一致，观望,0.1522,-0.0191,-0.5625
600227,赤天化,38.71,True,3.03,2.63,6,28.6,-13.3,-1.94,15.1,0.2968,2026-07-13,2026-07-21,61.84,0.8434,0.83,0.9498,0.9061,0.8481,0.0,0.5157,-0.0544,0.4728,多周期方向不一致，观望,0.097,-0.5021,0.18
002252,上海莱士,338.64,True,5.14,4.67,8,13.13,-11.54,-0.94,10.02,0.3538,2026-07-09,2026-07-21,72.6,0.8967,1.1818,0.3912,0.938,0.6088,0.3481,0.5131,-0.2539,0.373,多周期方向不一致，观望,0.1017,-0.6406,-0.5625
600756,浪潮软件,47.9,True,14.78,13.19,9,13.79,-10.29,-0.12,12.08,0.3903,2026-07-17,2026-07-21,64.35,0.8368,4.3907,0.747,0.9021,0.7922,0.0,0.5114,-0.2396,0.3802,多周期方向不一致，观望,-0.0262,-0.4681,-0.5625
600587,新华医疗,78.62,True,12.96,12.31,9,8.65,-8.0,-0.14,5.27,0.2779,2026-07-10,2026-07-21,65.33,0.8461,1.5715,0.3903,0.9077,0.7705,0.3495,0.5106,-0.2384,0.3808,多周期方向不一致，观望,0.0971,-0.5686,-0.5625
002180,奔图科技,230.43,True,16.94,15.88,16,10.57,-11.02,3.83,6.69,0.5176,2026-07-14,2026-07-21,56.83,0.1916,0.3589,0.663,0.4585,0.9593,0.0,0.5106,-0.0424,0.4788,⚠️⚠️ 逆大势反弹，大概率是下跌中继,0.3779,-0.5682,-0.5625
600993,马应龙,101.68,True,23.63,23.12,11,6.51,-7.49,0.26,2.22,0.2603,2026-07-07,2026-07-21,63.04,0.7765,0.5285,0.3542,0.8659,0.8213,0.4096,0.5103,-0.2414,0.3793,多周期方向不一致，观望,0.0553,-0.546,-0.5625
600867,通化东宝,160.01,True,8.17,8.14,18,7.92,-4.48,3.06,0.41,0.4169,2026-07-17,2026-07-21,47.03,0.4349,0.7613,0.5657,0.6609,0.8229,0.0571,0.5087,-0.0218,0.4891,⚠️⚠️ 逆大势反弹，大概率是下跌中继,0.2935,-0.3529,-0.3136
000423,东阿阿胶,326.06,True,51.05,47.45,12,10.12,-9.28,0.04,7.58,0.3814,2026-07-03,2026-07-21,77.2,0.6101,0.3528,0.3167,0.7072,0.5067,0.4722,0.5082,0.0332,0.5166,多周期方向不一致，观望,0.1766,-0.1131,0.1078
600406,国电南瑞,1905.95,True,23.8,22.54,5,5.58,-4.52,-0.94,5.58,0.2675,2026-07-17,2026-07-21,61.55,0.5475,1.2096,0.3178,0.7285,0.8544,0.4703,0.5073,-0.1504,0.4248,多周期方向不一致，观望,-0.1349,-0.4971,-0.0482
600862,中航高科,261.34,True,18.76,18.71,16,7.51,-3.02,2.33,0.25,0.3699,2026-07-20,2026-07-21,57.73,0.6785,0.0211,0.367,0.6156,0.9393,0.3883,0.5072,-0.2532,0.3734,多周期方向不一致，观望,-0.0285,-0.526,-0.5625
600881,亚泰集团,54.95,True,1.7,1.6,9,18.31,-8.06,0.59,6.28,0.3149,2026-07-10,2026-07-21,59.72,0.899,0.0621,0.6972,0.7642,0.8951,0.0,0.5067,0.0006,0.5003,⚠️ 月线空头下的短期反弹，不宜追高,0.3027,0.1974,-0.45
600612,老凤祥,111.02,True,35.01,33.01,11,8.35,-7.63,-0.18,6.06,0.322,2026-07-09,2026-07-21,72.66,0.7601,2.7217,0.2773,0.8561,0.6076,0.5378,0.5065,-0.2495,0.3752,多周期方向不一致，观望,0.1057,-0.6246,-0.5625
600372,中航机载,545.83,True,11.28,11.06,14,5.06,-3.72,0.49,2.04,0.3751,2026-07-17,2026-07-21,54.7,0.4547,0.0825,0.3241,0.5058,0.9934,0.4598,0.505,-0.2294,0.3853,多周期方向不一致，观望,0.1074,-0.6054,-0.495
601038,一拖股份,100.9,True,13.79,11.65,14,18.39,-12.52,0.75,18.39,0.4916,2026-07-01,2026-07-21,73.7,0.5521,2.9476,0.6243,0.7313,0.5844,0.0,0.5034,-0.0241,0.4879,多周期方向不一致，观望,0.3451,-0.0929,-0.3088
000921,海信家电,240.28,True,26.17,26.07,7,2.54,-8.35,-2.53,0.37,0.1083,2026-07-20,2026-07-21,44.89,0.735,0.5596,0.3914,0.841,0.7753,0.3477,0.5033,0.2123,0.6061,上升趋势中的日线回调（关注买点）,-0.19,0.539,0.3375
000813,德展健康,68.35,True,3.26,3.2,17,10.85,-7.89,2.46,1.73,0.3911,2026-06-30,2026-07-21,56.25,0.1633,0.7787,0.4836,0.498,0.9722,0.1941,0.5033,-0.0311,0.4844,⚠️⚠️ 逆大势反弹，大概率是下跌中继,0.3853,-0.3596,-0.5625
000902,新洋丰,154.85,True,13.55,12.4,9,9.6,-6.32,0.56,9.26,0.4023,2026-07-13,2026-07-21,74.55,0.5067,0.5356,0.3727,0.704,0.5657,0.3789,0.5029,-0.0503,0.4748,⚠️⚠️ 逆大势反弹，大概率是下跌中继,0.1875,-0.6238,-0.495
002032,苏 泊 尔,357.13,True,44.67,42.41,13,7.22,-7.84,0.19,5.34,0.345,2026-07-02,2026-07-21,72.83,0.353,1.2303,0.2899,0.6118,0.6039,0.5169,0.5015,0.0673,0.5336,多周期方向不一致，观望,0.2248,-0.0354,0.1387
002675,东诚药业,93.74,True,12.61,12.78,13,4.66,-2.11,0.92,-1.29,0.2903,2026-07-21,2026-07-21,47.04,0.6374,1.1492,0.3882,0.7824,0.8231,0.353,0.4986,-0.2302,0.3849,多周期方向不一致，观望,-0.0147,-0.4367,-0.5625
002152,广电运通,257.4,True,10.37,9.8,10,8.81,-7.41,-0.41,5.85,0.3096,2026-07-07,2026-07-21,61.87,0.8099,2.9537,0.5305,0.8859,0.8474,0.1158,0.4986,-0.2816,0.3592,多周期方向不一致，观望,-0.0384,-0.6423,-0.5625
603284,林平发展,7.31,True,39.59,37.25,5,6.27,-7.22,-1.86,6.27,0.2319,2026-07-17,2026-07-21,61.98,0.7462,3.5013,0.4342,0.8477,0.845,0.2763,0.4977,-0.166,0.417,周线日线方向不一致,-0.2554,,
002078,太阳纸业,400.22,True,14.41,12.9,12,11.73,-8.93,0.77,11.73,0.4601,2026-07-03,2026-07-21,80.61,0.3735,0.5201,0.3191,0.6241,0.4309,0.4681,0.4973,-0.0156,0.4922,⚠️⚠️ 逆大势反弹，大概率是下跌中继,0.2892,-0.1634,-0.3825
002063,远光软件,97.13,True,5.49,5.18,6,7.03,-9.26,-1.88,6.02,0.22,2026-07-14,2026-07-21,66.67,0.7907,1.2645,0.2722,0.8744,0.7407,0.5464,0.4966,-0.2802,0.3599,多周期方向不一致，观望,-0.0745,-0.6054,-0.5625
603075,热威股份,9.25,True,22.43,22.43,10,1.67,-8.72,-1.97,-0.02,0.1517,2026-07-21,2026-07-21,50.85,0.3719,0.676,0.1925,0.6231,0.9077,0.6792,0.4961,-0.0252,0.4874,多周期方向不一致，观望,-0.0664,-0.2422,0.1884
600216,浙江医药,116.64,True,12.26,11.86,14,8.33,-5.96,1.1,3.41,0.3646,2026-07-01,2026-07-21,59.89,0.6761,-0.1717,0.4397,0.5369,0.8913,0.2672,0.4959,-0.0504,0.4748,⚠️⚠️ 逆大势反弹，大概率是下跌中继,0.2524,-0.6146,-0.5625
002399,海普瑞,120.48,True,9.66,9.5,15,10.48,-6.22,2.21,1.72,0.3654,2026-06-30,2026-07-21,56.83,0.5342,-0.052,0.4597,0.4997,0.9594,0.2338,0.4959,-0.0478,0.4761,⚠️⚠️ 逆大势反弹，大概率是下跌中继,0.3531,-0.6515,-0.5625
002004,华邦健康,80.79,True,4.29,4.17,8,7.07,-6.44,-0.31,2.79,0.2267,2026-07-10,2026-07-21,62.75,0.694,1.4168,0.3262,0.8164,0.8279,0.4563,0.4957,-0.2433,0.3784,多周期方向不一致，观望,0.0036,-0.5774,-0.495
600866,星湖科技,63.17,True,5.03,4.69,9,8.39,-7.77,-0.08,7.25,0.3247,2026-07-10,2026-07-21,71.96,0.7591,0.8462,0.3501,0.8554,0.6231,0.4164,0.4957,-0.2628,0.3686,多周期方向不一致，观望,0.0579,-0.6423,-0.5625
002393,力生制药,42.63,True,14.2,14.67,14,5.59,-3.66,1.23,-3.23,0.2413,2026-07-21,2026-07-21,43.91,0.6818,1.9676,0.4252,0.8091,0.7535,0.2913,0.495,-0.0509,0.4746,⚠️⚠️ 逆大势反弹，大概率是下跌中继,0.1995,-0.5777,-0.5625
002162,悦心健康,34.9,True,3.8,3.61,9,10.02,-7.43,0.03,5.38,0.2785,2026-07-13,2026-07-21,64.6,0.8456,1.8649,0.4857,0.9074,0.7866,0.1905,0.4943,-0.262,0.369,多周期方向不一致，观望,0.0619,-0.6423,-0.5625
002690,美亚光电,64.41,True,14.85,14.46,9,3.54,-5.87,-0.76,2.71,0.2611,2026-07-14,2026-07-21,57.89,0.4664,0.8421,0.3175,0.6798,0.9357,0.4708,0.4917,-0.2806,0.3597,多周期方向不一致，观望,-0.0117,-0.6608,-0.5625
000908,石药景峰,55.78,True,6.34,6.45,12,20.01,-19.57,0.83,-1.64,0.1706,2026-07-21,2026-07-21,57.24,0.7451,0.6849,1.0095,0.847,0.9503,0.0,0.491,0.0229,0.5114,⚠️ 月线看多但周线走弱，日线仅为反弹,0.2207,-0.2237,0.18
600161,天坛生物,246.97,True,12.49,12.12,8,7.36,-9.47,-1.42,3.01,0.179,2026-07-10,2026-07-21,58.33,0.801,1.0484,0.3893,0.8806,0.9259,0.3512,0.4903,-0.3081,0.3459,多周期方向不一致，观望,-0.049,-0.75,-0.5625
600660,福耀玻璃,1097.64,True,54.8,51.56,12,7.13,-7.5,0.19,6.28,0.3723,2026-07-09,2026-07-21,69.58,0.3633,0.8463,0.4026,0.618,0.6761,0.329,0.4896,-0.0397,0.4802,⚠️⚠️ 逆大势反弹，大概率是下跌中继,0.2417,-0.4018,-0.5625
002073,软控股份,55.47,True,5.47,5.28,7,3.58,-7.31,-1.66,3.58,0.2173,2026-07-14,2026-07-21,58.42,0.5676,0.9968,0.2887,0.7405,0.9241,0.5188,0.4893,-0.3158,0.3421,多周期方向不一致，观望,-0.0881,-0.75,-0.5625
002642,荣联科技,48.43,True,7.32,6.66,10,13.87,-15.1,-2.57,9.96,0.3438,2026-07-07,2026-07-21,67.75,0.8205,1.2294,0.6,0.8923,0.7166,0.0,0.4878,-0.2105,0.3947,多周期方向不一致，观望,-0.0004,-0.3625,-0.5625
000049,德赛电池,93.13,True,24.22,24.06,11,6.06,-4.79,0.08,0.69,0.2577,2026-07-20,2026-07-21,53.16,0.5184,0.608,0.4815,0.711,0.9591,0.1976,0.4864,-0.1738,0.4131,多周期方向不一致，观望,0.0499,-0.3547,-0.4521
603486,科沃斯,323.08,True,56.35,51.69,7,9.01,-11.34,-2.43,9.01,0.2759,2026-07-14,2026-07-21,63.8,0.7298,0.9681,0.4786,0.8379,0.8044,0.2023,0.4856,-0.2452,0.3774,多周期方向不一致，观望,-0.0074,-0.509,-0.5625
600488,津药药业,55.25,True,5.06,5.38,13,34.74,-13.13,5.36,-6.02,0.1903,2026-07-21,2026-07-21,50.0,0.6922,1.0913,1.1108,0.8153,0.8889,0.0,0.4851,0.0528,0.5264,⚠️ 月线看多但周线走弱，日线仅为反弹,0.2042,-0.1776,0.3375
600536,中国软件,283.72,True,33.63,29.79,8,16.24,-15.35,-2.55,12.88,0.3135,2026-07-09,2026-07-21,71.4,0.9248,2.0952,0.5336,0.9549,0.6355,0.1106,0.483,-0.2671,0.3664,多周期方向不一致，观望,-0.0308,-0.5852,-0.5625
000915,华特达因,59.06,True,25.22,25.38,10,3.26,-4.17,-0.12,-0.64,0.2202,2026-07-21,2026-07-21,44.31,0.7279,1.1452,0.3215,0.8368,0.7624,0.4642,0.4828,-0.2915,0.3543,多周期方向不一致，观望,-0.0176,-0.7039,-0.5625
600079,ST人福,270.21,True,17.51,17.24,14,4.62,-4.38,0.71,1.58,0.3467,2026-07-01,2026-07-21,62.11,0.3576,-0.0427,0.2775,0.3975,0.842,0.5375,0.4828,-0.0462,0.4769,⚠️⚠️ 逆大势反弹，大概率是下跌中继,0.1822,-0.4739,-0.5625
002644,佛慈制药,39.07,True,7.65,7.37,10,9.01,-7.74,0.19,3.76,0.2728,2026-07-10,2026-07-21,65.79,0.6218,1.098,0.4005,0.7731,0.7602,0.3325,0.4821,-0.2135,0.3932,多周期方向不一致，观望,0.0407,-0.4109,-0.5625
600839,四川长虹,322.59,True,6.99,6.88,12,8.7,-8.04,0.02,1.55,0.2504,2026-07-09,2026-07-21,49.81,0.7965,1.0685,0.5666,0.8779,0.8848,0.0556,0.4818,-0.2573,0.3714,多周期方向不一致，观望,0.0753,-0.6331,-0.5625
002884,凌霄泵业,43.69,True,16.0,15.77,12,4.07,-5.86,-0.65,1.47,0.2621,2026-07-13,2026-07-21,62.16,0.5017,0.1426,0.2474,0.5581,0.8408,0.5876,0.4813,-0.1506,0.4247,多周期方向不一致，观望,0.0025,-0.464,-0.2002
600050,中国联通,1360.48,True,4.39,4.15,8,6.16,-5.45,-0.83,5.72,0.2938,2026-07-09,2026-07-21,79.25,0.7439,0.3829,0.2162,0.7995,0.4612,0.6397,0.4813,-0.1989,0.4006,多周期方向不一致，观望,0.0166,-0.3262,-0.5625
603192,汇得科技,29.29,True,21.01,18.16,7,16.38,-10.71,-0.58,15.72,0.347,2026-07-10,2026-07-21,70.13,0.8636,2.0896,0.6574,0.9182,0.6638,0.0,0.481,-0.2506,0.3747,多周期方向不一致，观望,0.142,-0.6608,-0.5625
000100,TCL科技,1076.15,True,5.35,5.28,14,23.26,-7.85,4.6,1.31,0.3704,2026-07-20,2026-07-21,37.12,0.7087,-0.3325,0.8534,0.4922,0.6027,0.0,0.4805,0.4446,0.7223,上升趋势中的日线整理,0.1452,0.4679,0.5625
000566,海南海药,61.47,True,4.74,5.12,18,44.17,-7.44,12.56,-7.44,0.3504,2026-07-21,2026-07-21,42.57,0.5529,6.1844,1.2989,0.7317,0.7239,0.0,0.4799,-0.0411,0.4794,多周期方向不一致，观望,0.3932,0.0448,-0.5625
000156,华数传媒,113.55,True,6.68,6.53,8,3.58,-4.7,-0.73,2.34,0.2517,2026-07-14,2026-07-21,58.6,0.5091,0.3047,0.2859,0.6273,0.92,0.5236,0.4796,-0.294,0.353,多周期方向不一致，观望,-0.1091,-0.6361,-0.5625
600845,宝信软件,405.9,True,19.02,18.38,15,12.78,-11.88,0.33,3.46,0.3334,2026-06-30,2026-07-21,56.93,0.5642,0.2444,0.556,0.6362,0.9572,0.0733,0.4796,-0.1887,0.4057,多周期方向不一致，观望,0.1057,-0.3575,-0.5625
002605,姚记科技,62.4,True,18.45,19.32,15,8.97,-5.52,2.41,-4.49,0.2122,2026-07-21,2026-07-21,48.45,0.7689,2.1362,0.5199,0.8613,0.8544,0.1336,0.4795,-0.1837,0.4082,多周期方向不一致，观望,0.0544,-0.2916,-0.5625
600941,中国移动,857.09,True,94.94,89.87,8,6.86,-7.81,-1.72,5.64,0.2324,2026-07-09,2026-07-21,79.77,0.701,1.1508,0.2089,0.8206,0.4495,0.6519,0.4791,-0.0985,0.4507,多周期方向不一致，观望,-0.0596,-0.0149,-0.3669
600523,贵航股份,45.17,True,11.18,11.09,11,5.25,-6.8,-0.52,0.78,0.2134,2026-07-08,2026-07-21,55.88,0.4593,0.7325,0.3452,0.6756,0.9804,0.4247,0.479,-0.2773,0.3614,多周期方向不一致，观望,-0.0059,-0.6515,-0.5625
002139,拓邦股份,107.0,True,9.99,9.72,13,5.56,-7.9,-0.64,2.75,0.3052,2026-07-02,2026-07-21,56.43,0.4822,0.2356,0.3999,0.5836,0.9682,0.3334,0.4783,-0.2685,0.3658,多周期方向不一致，观望,0.0502,-0.6608,-0.5625
600989,宝丰能源,1655.14,True,22.57,21.15,6,10.23,-9.34,-3.03,6.7,0.1873,2026-07-13,2026-07-21,62.53,0.8293,1.0307,0.5392,0.8976,0.8326,0.1013,0.4782,-0.1402,0.4299,多周期方向不一致，观望,-0.126,-0.6208,0.1125
002107,沃华医药,34.28,True,6.0,6.21,13,13.36,-7.51,1.71,-3.32,0.1666,2026-07-21,2026-07-21,48.26,0.8282,1.6075,0.6297,0.8969,0.8503,0.0,0.4779,-0.032,0.484,⚠️⚠️ 逆大势反弹，大概率是下跌中继,0.1585,-0.4075,-0.3375
002728,特一药业,43.71,True,8.72,9.26,18,14.64,-7.19,6.01,-5.84,0.2906,2026-07-21,2026-07-21,40.18,0.7467,2.4751,0.7819,0.848,0.6706,0.0,0.4776,-0.0384,0.4808,⚠️⚠️ 逆大势反弹，大概率是下跌中继,0.286,-0.4807,-0.495
002829,星网宇达,31.39,True,21.49,18.27,7,17.65,-16.87,-4.28,17.65,0.2544,2026-07-15,2026-07-21,61.18,0.7763,2.8796,1.0013,0.8658,0.8626,0.0,0.4765,-0.2192,0.3904,多周期方向不一致，观望,-0.0425,-0.3644,-0.5625
600594,益佰制药,25.41,True,3.24,3.23,10,12.46,-10.66,-0.06,0.22,0.163,2026-07-09,2026-07-21,55.56,0.8231,0.4208,0.5216,0.8622,0.9877,0.1307,0.4763,-0.2503,0.3749,多周期方向不一致，观望,0.0357,-0.5685,-0.5625
603301,振德医疗,230.1,True,87.2,87.1,15,5.17,-5.39,0.99,0.12,0.3333,2026-07-20,2026-07-21,48.68,0.3607,-0.017,0.3682,0.4096,0.8596,0.3863,0.4758,0.0103,0.5051,多周期方向不一致，观望,-0.0486,-0.2057,0.2925
000788,北大医药,30.69,True,5.15,5.19,11,8.13,-8.27,-0.2,-0.71,0.1827,2026-07-21,2026-07-21,51.03,0.7561,0.6958,0.489,0.8537,0.9119,0.1849,0.4757,-0.2407,0.3796,多周期方向不一致，观望,-0.0136,-0.4838,-0.5625
002236,大华股份,394.78,True,16.51,16.54,12,5.19,-4.17,0.31,-0.21,0.2686,2026-07-21,2026-07-21,49.09,0.5134,0.2737,0.3412,0.6175,0.8687,0.4313,0.4752,-0.2188,0.3906,多周期方向不一致，观望,-0.0401,-0.365,-0.5625
002490,山东墨龙,39.71,True,7.33,7.1,9,28.89,-17.38,-2.31,3.25,0.1667,2026-07-08,2026-07-21,56.83,0.8778,1.036,0.9953,0.9267,0.9594,0.0,0.4751,-0.2328,0.3836,多周期方向不一致，观望,-0.0938,-0.6055,-0.3375
000030,富奥股份,70.35,True,4.21,4.03,5,5.85,-7.79,-2.19,4.4,0.1646,2026-07-14,2026-07-21,63.74,0.7367,0.7796,0.3019,0.842,0.8059,0.4969,0.4751,-0.3061,0.3469,多周期方向不一致，观望,-0.082,-0.7127,-0.5625
600613,神奇制药,22.86,True,4.77,4.75,10,9.31,-7.8,-0.36,0.4,0.172,2026-07-09,2026-07-21,54.43,0.7152,2.1317,0.4851,0.8291,0.9873,0.1915,0.475,-0.2778,0.3611,多周期方向不一致，观望,0.0027,-0.6608,-0.5625
000153,丰原药业,24.41,True,5.32,5.36,9,8.27,-6.9,0.26,-0.84,0.1649,2026-07-21,2026-07-21,52.53,0.686,1.3389,0.4279,0.8116,0.9451,0.2868,0.4743,-0.2632,0.3684,多周期方向不一致，观望,0.0665,-0.6515,-0.5625
603529,爱玛科技,178.58,True,21.07,20.08,7,6.84,-7.99,-0.98,4.91,0.2374,2026-07-13,2026-07-21,66.15,0.6078,1.1607,0.3125,0.7647,0.7523,0.4791,0.4741,-0.2867,0.3567,多周期方向不一致，观望,-0.0433,-0.6608,-0.5625
603338,浙江鼎力,264.41,True,52.22,48.95,14,14.75,-9.65,2.16,6.68,0.4438,2026-07-01,2026-07-21,74.16,0.4807,0.3439,0.5656,0.626,0.5742,0.0573,0.4738,-0.0111,0.4945,多周期方向不一致，观望,0.2809,-0.0216,-0.2679
600420,国药现代,116.82,True,8.71,8.62,14,8.09,-9.57,0.69,1.05,0.2662,2026-07-01,2026-07-21,59.38,0.5277,0.2198,0.4841,0.6045,0.9028,0.1932,0.4737,-0.0544,0.4728,⚠️⚠️ 逆大势反弹，大概率是下跌中继,0.1891,-0.6351,-0.5625
603313,梦百合,32.07,True,5.62,6.56,17,38.96,-14.33,11.46,-14.33,0.1622,2026-07-21,2026-07-21,45.58,0.9128,0.46,1.0972,0.9317,0.7906,0.0,0.4728,-0.0461,0.4769,⚠️⚠️ 逆大势反弹，大概率是下跌中继,0.2877,-0.5624,-0.5625
601311,XD骆驼股,93.62,True,7.98,7.65,7,4.29,-8.2,-1.12,4.29,0.2477,2026-07-13,2026-07-21,62.73,0.3904,1.0968,0.2754,0.6342,0.8283,0.541,0.4726,-0.2552,0.3724,多周期方向不一致，观望,-0.0561,-0.5113,-0.5625
002274,华昌化工,48.96,True,5.22,5.13,9,14.48,-10.51,-0.25,1.79,0.1819,2026-07-08,2026-07-21,60.53,0.885,1.2824,0.5491,0.931,0.8772,0.0849,0.4726,-0.2662,0.3669,多周期方向不一致，观望,-0.08,-0.539,-0.5625
600528,中铁工业,157.29,True,7.08,6.86,6,4.33,-6.31,-1.45,3.27,0.1968,2026-07-13,2026-07-21,66.67,0.5854,0.6672,0.2271,0.7512,0.7407,0.6215,0.4723,-0.2818,0.3591,多周期方向不一致，观望,-0.1439,-0.5529,-0.5625
600846,同济科技,73.6,True,11.78,10.76,15,13.62,-13.56,2.29,9.53,0.5341,2026-06-30,2026-07-21,59.51,-0.3334,0.1942,0.8337,0.2777,0.8998,0.0,0.4717,-0.032,0.484,⚠️⚠️ 逆大势反弹，大概率是下跌中继,0.3976,-0.5599,-0.3898
600602,云赛智联,205.62,True,19.14,16.83,8,14.97,-12.22,-1.32,13.72,0.3442,2026-07-15,2026-07-21,67.93,0.7033,2.7827,0.7158,0.822,0.7127,0.0,0.4716,-0.2234,0.3883,多周期方向不一致，观望,0.0544,-0.4659,-0.5625
603556,海兴电力,112.57,True,23.15,22.07,9,11.73,-11.53,-1.3,4.9,0.2331,2026-07-09,2026-07-21,56.74,0.6494,0.6054,0.5662,0.7897,0.9612,0.0563,0.4715,-0.2492,0.3754,多周期方向不一致，观望,0.0595,-0.6515,-0.495
603161,科华控股,27.7,True,14.52,13.33,4,8.9,-10.98,-3.67,8.9,0.1944,2026-07-20,2026-07-21,59.44,0.6637,0.5515,0.659,0.7982,0.9014,0.0,0.471,-0.0575,0.4713,多周期方向不一致，观望,-0.3105,-0.0983,0.1115
002038,双鹭药业,47.62,True,5.58,6.1,16,21.69,-8.98,6.24,-8.52,0.1975,2026-07-21,2026-07-21,43.4,0.8454,2.2206,1.0927,0.9072,0.7423,0.0,0.4709,-0.0493,0.4753,⚠️⚠️ 逆大势反弹，大概率是下跌中继,0.2155,-0.5607,-0.5625
002599,盛通股份,24.64,True,5.96,5.4,5,12.84,-14.26,-3.0,10.37,0.2545,2026-07-14,2026-07-21,67.82,0.8388,3.0511,0.4984,0.9033,0.7151,0.1694,0.4709,-0.2821,0.3589,多周期方向不一致，观望,-0.0197,-0.6608,-0.5625
001322,箭牌家居,48.47,True,6.17,6.19,14,5.69,-8.63,0.05,-0.39,0.2333,2026-07-21,2026-07-21,50.29,0.4685,0.3476,0.4534,0.6201,0.8953,0.2444,0.4708,-0.0558,0.4721,⚠️⚠️ 逆大势反弹，大概率是下跌中继,0.1873,-0.6608,-0.5625
002022,科华生物,25.25,True,4.91,4.87,8,9.21,-9.87,-1.49,0.73,0.1083,2026-07-09,2026-07-21,56.2,0.7882,0.9932,0.4223,0.8729,0.9732,0.2961,0.4705,-0.2975,0.3513,多周期方向不一致，观望,-0.0504,-0.7021,-0.5625
601008,连云港,53.47,True,4.31,4.19,7,5.15,-8.57,-2.28,2.75,0.1541,2026-07-13,2026-07-21,63.1,0.6345,1.8358,0.2786,0.7807,0.8201,0.5357,0.4703,-0.2691,0.3654,多周期方向不一致，观望,-0.12,-0.5176,-0.5625
002043,兔 宝 宝,100.05,True,12.39,11.42,5,8.52,-8.07,-2.66,8.52,0.2328,2026-07-15,2026-07-21,65.19,0.6257,2.1104,0.4122,0.7754,0.7734,0.3129,0.4701,-0.2169,0.3916,多周期方向不一致，观望,-0.1238,-0.5098,-0.3375
002701,奥瑞金,119.43,True,4.67,4.56,12,8.04,-7.04,0.27,2.47,0.2709,2026-07-03,2026-07-21,63.37,0.5956,0.2403,0.3535,0.6535,0.8141,0.4108,0.47,-0.2415,0.3792,多周期方向不一致，观望,0.1006,-0.5852,-0.5625
002900,哈三联,16.11,True,10.0,9.97,10,22.03,-7.58,0.76,0.27,0.1848,2026-07-13,2026-07-21,52.81,0.7919,6.069,0.7963,0.8751,0.9513,0.0,0.4697,-0.2279,0.3861,多周期方向不一致，观望,0.0879,-0.5148,-0.5625
003020,立方制药,27.09,True,16.07,17.03,12,31.81,-6.26,5.76,-5.64,0.1938,2026-07-21,2026-07-21,49.67,0.8618,7.0847,1.0168,0.9171,0.8815,0.0,0.4681,-0.2455,0.3772,多周期方向不一致，观望,0.0962,-0.5992,-0.5625
002668,TCL智家,108.63,True,10.02,10.58,18,12.8,-6.31,3.94,-5.28,0.2528,2026-07-21,2026-07-21,30.74,0.394,0.3343,0.4322,0.5701,0.4608,0.2797,0.4679,0.4474,0.7237,多周期共振看多 ⬆⬆⬆,0.189,0.63,0.1914
000889,中嘉博创,33.05,True,3.8,3.29,4,15.59,-14.72,-5.92,15.59,0.1656,2026-07-17,2026-07-21,60.56,0.7755,0.5144,0.8037,0.8653,0.8765,0.0,0.4679,-0.0908,0.4546,月线看多，中短期调整中,-0.3643,-0.3613,0.2412
000680,山推股份,137.52,True,10.46,10.12,7,6.04,-7.07,-1.93,3.31,0.186,2026-07-17,2026-07-21,57.07,0.6459,0.3187,0.4143,0.715,0.9541,0.3095,0.4663,-0.2522,0.3739,多周期方向不一致，观望,-0.1325,-0.6577,-0.3375
601058,赛轮轮胎,440.93,True,13.41,12.53,13,12.12,-6.18,2.14,7.02,0.4357,2026-07-02,2026-07-21,70.97,0.3291,0.2169,0.4638,0.4842,0.645,0.227,0.4662,-0.0466,0.4767,多周期方向不一致，观望,0.2904,-0.0037,-0.45
002895,川恒股份,196.06,True,32.7,30.39,7,7.59,-7.35,-1.72,7.59,0.2865,2026-07-14,2026-07-21,59.94,0.5418,0.3636,0.5255,0.6705,0.8902,0.1242,0.466,-0.2001,0.4,多周期方向不一致，观望,-0.0886,-0.4661,-0.3375
600746,江苏索普,76.38,True,6.54,5.61,6,19.15,-12.7,-2.35,16.48,0.2866,2026-07-13,2026-07-21,71.48,0.9119,3.2922,0.6857,0.9471,0.6337,0.0,0.4659,-0.2367,0.3816,多周期方向不一致，观望,0.0984,-0.63,-0.495
600761,安徽合力,152.84,True,17.16,16.53,8,5.35,-3.5,-0.67,3.78,0.2735,2026-07-17,2026-07-21,60.54,0.7325,-0.04,0.3988,0.6235,0.8768,0.3353,0.4657,-0.2491,0.3755,多周期方向不一致，观望,-0.1246,-0.4257,-0.5625
002123,梦网科技,58.22,True,8.08,8.05,13,18.54,-7.66,2.05,0.33,0.2663,2026-07-17,2026-07-21,51.84,0.6603,1.8885,0.8082,0.7962,0.9299,0.0,0.4655,-0.3047,0.3477,多周期方向不一致，观望,-0.1354,-0.6608,-0.5625
600997,开滦股份,83.36,True,5.25,5.09,11,5.9,-10.77,-1.49,3.11,0.2155,2026-07-10,2026-07-21,60.45,0.4979,0.8224,0.3685,0.6988,0.8789,0.3858,0.4648,-0.28,0.36,多周期方向不一致，观望,-0.0327,-0.6404,-0.5625
002014,永新股份,66.0,True,10.95,10.81,15,8.22,-3.59,1.34,1.3,0.3738,2026-07-17,2026-07-21,43.85,0.1651,0.3255,0.4034,0.4293,0.7521,0.3276,0.4644,-0.0337,0.4832,⚠️⚠️ 逆大势反弹，大概率是下跌中继,0.1919,-0.3108,-0.495
601089,福元医药,80.88,True,16.85,17.16,15,8.67,-6.67,1.49,-1.8,0.2495,2026-07-21,2026-07-21,47.09,0.5572,0.4266,0.5613,0.705,0.8242,0.0645,0.4643,-0.0531,0.4734,⚠️⚠️ 逆大势反弹，大概率是下跌中继,0.2479,-0.6608,-0.5625
600252,中恒集团,68.14,True,2.14,1.98,8,16.11,-15.09,-1.13,8.27,0.3058,2026-07-09,2026-07-21,69.44,0.7598,0.7021,0.5533,0.8559,0.679,0.0779,0.4641,-0.2678,0.3661,多周期方向不一致，观望,0.0538,-0.6608,-0.5625
601766,中国中车,1457.24,True,5.99,5.46,8,10.97,-7.05,-0.81,9.67,0.3505,2026-07-09,2026-07-21,84.0,0.6284,1.0617,0.3161,0.777,0.3556,0.4732,0.4635,-0.182,0.409,多周期方向不一致，观望,0.0724,-0.4121,-0.45
600495,晋西车轴,44.82,True,3.71,3.59,8,5.66,-9.81,-2.27,3.44,0.1573,2026-07-09,2026-07-21,63.24,0.6236,0.4913,0.3101,0.7707,0.817,0.4832,0.4634,-0.2704,0.3648,多周期方向不一致，观望,-0.0885,-0.5501,-0.5625
002437,誉衡药业,59.43,True,2.83,2.89,15,13.18,-10.65,3.81,-2.18,0.2795,2026-07-21,2026-07-21,47.75,0.4461,0.8361,0.6648,0.6677,0.8388,0.0,0.4632,-0.0402,0.4799,⚠️⚠️ 逆大势反弹，大概率是下跌中继,0.3344,-0.4905,-0.5625
603197,保隆科技,61.55,True,29.15,28.64,9,6.79,-7.62,-0.92,1.77,0.1855,2026-07-13,2026-07-21,53.71,0.6591,1.8041,0.5364,0.7955,0.9713,0.1061,0.463,-0.264,0.368,多周期方向不一致，观望,-0.0702,-0.5379,-0.5625
002185,华天科技,609.71,True,18.35,21.6,18,22.29,-22.19,7.42,-15.03,0.096,2026-07-21,2026-07-21,42.0,0.4877,0.4776,1.1381,0.6837,0.7111,0.0,0.463,0.5268,0.7634,上升趋势中的日线整理,0.1083,0.7131,0.5625
002115,三维通信,87.01,True,11.66,10.63,6,9.65,-13.43,-3.99,9.65,0.237,2026-07-15,2026-07-21,59.45,0.6251,3.0053,0.7443,0.7751,0.9011,0.0,0.4624,-0.1907,0.4047,多周期方向不一致，观望,-0.1372,-0.3833,-0.3375
600718,东软集团,95.72,True,8.0,7.54,8,6.12,-8.82,-1.77,6.12,0.2411,2026-07-09,2026-07-21,61.42,0.6342,1.3068,0.486,0.7805,0.8573,0.19,0.4623,-0.3101,0.3449,多周期方向不一致，观望,-0.0588,-0.75,-0.5625
002299,圣农发展,194.49,True,15.96,15.86,9,4.85,-6.79,-0.95,0.6,0.1864,2026-07-17,2026-07-21,50.13,0.4445,1.6572,0.352,0.6667,0.8919,0.4133,0.462,-0.219,0.3905,多周期方向不一致，观望,-0.0743,-0.6083,-0.2906
002747,埃斯顿,261.56,True,33.43,39.83,17,30.12,-16.07,8.86,-16.07,0.0902,2026-07-21,2026-07-21,39.03,0.4001,0.7145,1.0923,0.64,0.6452,0.0,0.4614,0.6763,0.8381,多周期共振看多 ⬆⬆⬆,0.2997,0.6669,0.5625
002379,宏桥控股,205.0,True,18.04,15.95,7,19.3,-16.68,-3.3,13.1,0.279,2026-07-10,2026-07-21,70.26,0.8683,1.2879,0.7329,0.921,0.6609,0.0,0.4612,-0.2468,0.3766,多周期方向不一致，观望,-0.0401,-0.7131,-0.3375
600315,上海家化,120.13,True,17.87,17.51,11,3.86,-7.88,-0.86,2.03,0.2572,2026-07-13,2026-07-21,60.18,0.5006,0.1638,0.3045,0.5659,0.885,0.4925,0.4599,-0.2996,0.3502,多周期方向不一致，观望,-0.0052,-0.75,-0.5625
002588,史丹利,73.59,True,8.57,8.31,6,3.85,-7.56,-1.63,3.13,0.1981,2026-07-17,2026-07-21,59.47,0.4839,1.4618,0.3857,0.6904,0.9006,0.3571,0.4598,-0.268,0.366,多周期方向不一致，观望,-0.1,-0.5975,-0.495
603101,汇嘉时代,32.08,True,6.82,6.73,12,7.24,-10.28,-0.85,1.37,0.2039,2026-07-13,2026-07-21,55.95,0.4301,0.7664,0.4413,0.6581,0.979,0.2645,0.4595,-0.2523,0.3739,多周期方向不一致，观望,0.0238,-0.5667,-0.5625
002674,兴业科技,58.48,True,19.99,27.57,18,70.87,-27.51,25.38,-27.51,0.0,2026-07-21,2026-07-21,38.77,0.6279,0.4161,1.35,0.7432,0.6393,0.0,0.4584,0.7111,0.8556,多周期共振看多 ⬆⬆⬆,0.445,0.619,0.5625
000731,四川美丰,33.15,True,6.04,5.56,10,10.17,-10.1,-0.84,8.65,0.3545,2026-07-07,2026-07-21,84.17,0.7064,2.1454,0.3519,0.8239,0.3519,0.4135,0.4584,-0.2552,0.3724,多周期方向不一致，观望,0.0431,-0.5962,-0.5625
002508,老板电器,144.42,True,15.47,15.18,6,6.78,-9.67,-2.3,1.88,0.0976,2026-07-13,2026-07-21,57.34,0.6781,1.4333,0.3565,0.8069,0.9479,0.4058,0.458,-0.3236,0.3382,多周期方向不一致，观望,-0.1497,-0.7315,-0.5625
600844,金煤科技,22.13,True,2.69,2.59,6,16.15,-12.48,-2.74,3.9,0.1244,2026-07-13,2026-07-21,56.59,0.8402,2.7096,0.7144,0.9041,0.9647,0.0,0.4578,-0.2403,0.3799,多周期方向不一致，观望,-0.0822,-0.6485,-0.3375
002001,新 和 成,908.02,True,29.9,29.46,8,4.58,-4.61,-0.54,1.49,0.2339,2026-07-17,2026-07-21,49.45,0.6467,-0.0707,0.4135,0.5597,0.8766,0.3109,0.4569,-0.1026,0.4487,多周期方向不一致，观望,-0.0118,-0.6208,0.18
603228,景旺电子,724.91,True,73.86,69.6,5,6.13,-14.29,-4.25,6.13,0.1266,2026-07-15,2026-07-21,56.34,0.6239,0.303,0.8853,0.6955,0.9703,0.0,0.4569,0.0744,0.5372,多周期方向不一致，观望,-0.1511,-0.1061,0.5625
600309,万华化学,2246.11,True,71.75,70.25,9,3.53,-5.28,-0.78,2.14,0.2525,2026-07-17,2026-07-21,61.09,0.2895,0.4915,0.3541,0.5703,0.8647,0.4098,0.4565,-0.2319,0.3841,多周期方向不一致，观望,-0.0826,-0.6112,-0.3375
600031,三一重工,1668.61,True,19.69,18.35,14,7.28,-6.26,0.49,7.28,0.4456,2026-07-02,2026-07-21,72.97,0.0274,0.5294,0.3766,0.4165,0.6007,0.3723,0.4557,-0.1088,0.4456,多周期方向不一致，观望,0.1341,-0.1433,-0.45
600817,宇通重工,47.58,True,8.99,9.07,10,2.39,-4.63,-1.08,-0.89,0.1892,2026-07-21,2026-07-21,56.64,0.1955,0.6888,0.2362,0.5173,0.9635,0.6063,0.4557,-0.2774,0.3613,多周期方向不一致，观望,-0.0705,-0.5962,-0.5625
601728,中国电信,4735.41,True,6.1,5.61,8,11.85,-10.59,-1.58,8.81,0.308,2026-07-09,2026-07-21,84.3,0.48,0.4409,0.2841,0.6644,0.3489,0.5264,0.4555,0.0024,0.5012,多周期方向不一致，观望,0.0466,0.2464,-0.2759
603341,龙旗科技,103.32,True,38.81,40.43,15,12.16,-5.88,3.26,-4.02,0.2198,2026-07-21,2026-07-21,43.47,0.574,1.0463,0.5635,0.7444,0.7437,0.0609,0.4552,-0.0181,0.4909,多周期方向不一致，观望,0.0887,0.2944,-0.45
002111,威海广泰,45.06,True,9.22,8.94,8,3.83,-7.87,-2.24,3.18,0.1917,2026-07-13,2026-07-21,55.81,0.3346,0.4744,0.3632,0.5905,0.9819,0.3946,0.4543,-0.2648,0.3676,多周期方向不一致，观望,-0.0899,-0.5244,-0.5625
000811,冰轮环境,431.47,True,44.1,50.55,17,49.99,-20.54,18.42,-12.76,0.2015,2026-07-21,2026-07-21,37.1,-0.2699,12.1066,1.1056,0.4,0.6022,0.0,0.4537,0.7835,0.8918,多周期共振看多 ⬆⬆⬆,0.4777,0.75,0.5625
603496,恒为科技,78.55,True,24.53,23.94,13,15.14,-5.97,1.83,2.45,0.3136,2026-07-15,2026-07-21,54.85,0.6057,-0.0273,0.7935,0.5525,0.9967,0.0,0.4532,-0.2071,0.3964,多周期方向不一致，观望,0.0099,-0.3565,-0.5625
002153,石基信息,123.5,True,7.72,7.45,7,3.58,-10.88,-2.52,3.58,0.1696,2026-07-17,2026-07-21,55.98,0.502,0.9156,0.428,0.7012,0.9782,0.2866,0.4524,-0.3128,0.3436,多周期方向不一致，观望,-0.105,-0.7223,-0.5625
002095,生 意 宝,33.75,True,13.41,13.08,7,3.59,-7.06,-1.9,2.54,0.1806,2026-07-14,2026-07-21,53.14,0.786,0.9839,0.3729,0.8716,0.9586,0.3786,0.4513,-0.6708,0.1646,多周期共振看空 ⬇⬇⬇,-0.1887,-0.75,-0.5625
000059,华锦股份,70.21,True,4.39,4.15,9,9.17,-11.34,-0.74,5.83,0.2706,2026-07-10,2026-07-21,62.22,0.5271,0.2988,0.4934,0.6358,0.8395,0.1777,0.4506,-0.2114,0.3943,多周期方向不一致，观望,0.0152,-0.4474,-0.495
002688,金河生物,36.85,True,4.93,4.93,9,5.61,-7.65,-0.93,0.05,0.1658,2026-07-13,2026-07-21,53.33,0.446,1.2382,0.3992,0.6676,0.963,0.3347,0.4506,-0.2845,0.3578,多周期方向不一致，观望,-0.0642,-0.6331,-0.5625
002698,博实股份,105.6,True,12.51,12.29,13,13.71,-8.02,2.29,1.76,0.3081,2026-07-20,2026-07-21,44.85,0.7339,-0.0778,0.6085,0.6092,0.7744,0.0,0.4499,-0.0446,0.4777,⚠️⚠️ 逆大势反弹，大概率是下跌中继,0.2169,-0.4721,-0.5625
002102,ST能特,48.14,True,2.26,2.32,14,11.97,-7.22,2.82,-2.73,0.2248,2026-07-21,2026-07-21,50.59,0.2395,0.998,0.4825,0.5437,0.902,0.1959,0.4497,-0.0511,0.4744,⚠️⚠️ 逆大势反弹，大概率是下跌中继,0.2565,-0.6313,-0.5625
600794,保税科技,36.24,True,3.02,2.99,7,3.52,-7.21,-1.7,1.12,0.1506,2026-07-13,2026-07-21,52.08,0.418,0.6514,0.306,0.6508,0.9352,0.4901,0.4494,-0.3217,0.3392,多周期方向不一致，观望,-0.1184,-0.75,-0.5625
600992,贵绳股份,24.34,True,9.93,9.74,9,24.45,-17.92,-1.94,1.96,0.1438,2026-07-08,2026-07-21,55.9,0.7225,3.9533,1.06,0.8335,0.9799,0.0,0.4485,-0.2665,0.3668,多周期方向不一致，观望,0.0155,-0.6221,-0.5625
002768,国恩股份,121.28,True,46.9,53.84,18,19.38,-15.85,5.68,-12.9,0.1059,2026-07-21,2026-07-21,43.73,0.1633,0.5795,0.7952,0.498,0.7496,0.0,0.4483,0.6357,0.8178,多周期共振看多 ⬆⬆⬆,0.1849,0.6762,0.5625
000690,宝新能源,106.98,True,4.92,4.69,2,4.96,-11.74,-6.21,4.96,0.0137,2026-07-17,2026-07-21,56.52,0.7306,0.0331,0.3211,0.6516,0.9662,0.4648,0.4474,-0.0278,0.4861,月线看多，中短期调整中,-0.326,-0.1906,0.3375
000528,柳    工,169.47,True,8.33,7.97,10,4.57,-8.86,-1.8,4.57,0.2451,2026-07-13,2026-07-21,65.02,0.4184,0.4372,0.3394,0.6259,0.7772,0.4343,0.4471,-0.293,0.3535,多周期方向不一致，观望,-0.0036,-0.7223,-0.5625
002881,美格智能,76.27,True,41.91,37.58,4,11.54,-17.53,-5.15,11.54,0.1849,2026-07-15,2026-07-21,55.01,0.737,0.7396,0.7985,0.8422,0.9997,0.0,0.4457,-0.4257,0.2872,多周期共振看空 ⬇⬇⬇,-0.1502,-0.3569,-0.45
601678,滨化股份,120.56,True,5.9,5.99,11,26.4,-18.04,-0.06,-1.46,0.137,2026-07-21,2026-07-21,37.27,0.749,0.1562,0.904,0.7119,0.606,0.0,0.4441,0.3577,0.6788,上升趋势中的日线整理,-0.1097,0.4607,0.5625
600760,中航沈飞,1191.81,True,42.12,40.46,3,4.11,-4.74,-1.76,4.11,0.1851,2026-07-17,2026-07-21,54.9,0.5622,0.6654,0.2943,0.7373,0.9977,0.5094,0.4439,-0.6777,0.1612,多周期共振看空 ⬇⬇⬇,-0.2173,-0.7408,-0.5625
600741,华域汽车,543.53,True,17.24,16.22,6,6.3,-6.13,-0.68,6.3,0.2811,2026-07-13,2026-07-21,82.4,0.6335,1.0201,0.2805,0.7801,0.3912,0.5326,0.4439,-0.2671,0.3664,多周期方向不一致，观望,-0.0072,-0.6054,-0.5625
600223,福瑞达,54.69,True,5.38,5.27,10,8.09,-10.95,-1.6,2.11,0.1718,2026-07-09,2026-07-21,61.21,0.5267,0.324,0.3224,0.6456,0.8621,0.4627,0.4438,-0.2996,0.3502,多周期方向不一致，观望,-0.0053,-0.75,-0.5625
600066,宇通客车,696.95,True,31.48,28.6,13,13.16,-11.4,0.29,10.06,0.464,2026-07-02,2026-07-21,68.65,0.0684,-0.109,0.4164,0.1974,0.6968,0.3061,0.4432,0.0351,0.5175,⚠️ 月线看多但周线走弱，日线仅为反弹,0.3129,-0.338,0.2925
601686,友发集团,75.45,True,5.1,5.01,11,2.74,-6.02,-0.93,1.85,0.2624,2026-07-09,2026-07-21,66.1,0.3599,0.1612,0.1898,0.4804,0.7533,0.6837,0.443,-0.3054,0.3473,多周期方向不一致，观望,-0.0348,-0.75,-0.5625
002594,比亚迪,3287.88,True,94.3,86.95,13,9.59,-12.87,-0.61,8.46,0.4029,2026-07-02,2026-07-21,74.98,0.1707,0.5411,0.4177,0.5024,0.556,0.3038,0.4424,-0.1422,0.4289,多周期方向不一致，观望,0.137,-0.3322,-0.4104
001258,立新能源,93.43,True,10.01,7.23,4,38.51,-19.1,-5.52,38.51,0.1758,2026-07-15,2026-07-21,80.67,0.9466,4.5707,0.7516,0.9679,0.4295,0.0,0.4422,0.0514,0.5257,多周期方向不一致，观望,-0.0558,-0.1763,0.45
600513,联环药业,43.82,True,15.35,15.76,9,22.71,-12.18,-0.07,-2.61,0.0762,2026-07-21,2026-07-21,49.55,0.8961,2.9144,0.905,0.9376,0.8789,0.0,0.4418,-0.2033,0.3983,多周期方向不一致，观望,-0.0041,-0.3951,-0.495
002648,卫星化学,801.9,True,23.82,23.87,10,9.88,-6.9,0.83,-0.22,0.181,2026-07-21,2026-07-21,43.76,0.7113,0.2772,0.5482,0.7377,0.7502,0.0863,0.4407,-0.0581,0.4709,多周期方向不一致，观望,0.0946,-0.5163,0.18
000893,亚钾国际,373.92,True,46.06,42.18,6,9.2,-9.11,-3.07,9.2,0.2573,2026-07-16,2026-07-21,61.18,0.5708,0.2861,0.5501,0.6569,0.8626,0.0831,0.4407,-0.2449,0.3775,多周期方向不一致，观望,-0.1465,-0.6854,-0.2654
600195,中牧股份,65.56,True,6.42,6.2,6,8.01,-8.94,-1.59,3.55,0.1444,2026-07-13,2026-07-21,63.82,0.5791,0.5619,0.3604,0.7475,0.8041,0.3993,0.4407,-0.3016,0.3492,多周期方向不一致，观望,-0.0492,-0.721,-0.5625
000589,贵州轮胎,65.78,True,4.26,4.25,9,3.51,-6.88,-1.59,0.16,0.156,2026-07-13,2026-07-21,56.98,0.4311,0.1652,0.2723,0.5247,0.9561,0.5462,0.4398,-0.2801,0.3599,多周期方向不一致，观望,-0.083,-0.6652,-0.495
000550,江铃汽车,86.01,True,16.59,16.03,8,3.49,-5.35,-1.38,3.49,0.2501,2026-07-14,2026-07-21,64.03,0.2645,0.285,0.266,0.4727,0.7994,0.5567,0.4393,-0.2471,0.3765,多周期方向不一致，观望,-0.0784,-0.4564,-0.5625
002959,小熊电器,46.13,True,33.0,32.55,8,4.15,-10.64,-2.45,1.39,0.1159,2026-07-13,2026-07-21,54.32,0.3362,1.1934,0.2925,0.6017,0.9849,0.5126,0.4386,-0.3241,0.3379,多周期方向不一致，观望,-0.1416,-0.7408,-0.5625
600801,华新建材,276.39,True,20.6,18.01,10,17.63,-14.29,0.05,14.36,0.4103,2026-07-10,2026-07-21,73.14,0.1821,0.7257,0.7103,0.5093,0.5969,0.0,0.4365,-0.0237,0.4881,⚠️⚠️ 逆大势反弹，大概率是下跌中继,0.2112,-0.2496,-0.3825
600037,歌华有线,92.14,True,6.62,6.42,5,6.87,-6.88,-1.71,3.16,0.1482,2026-07-14,2026-07-21,56.65,0.6821,0.6917,0.3858,0.8093,0.9634,0.3571,0.4361,-0.6035,0.1982,多周期共振看空 ⬇⬇⬇,-0.1918,-0.5994,-0.5625
002965,祥鑫科技,81.21,True,42.65,49.38,19,31.19,-17.0,10.8,-13.62,0.2117,2026-07-21,2026-07-21,31.08,0.2056,0.6255,0.8139,0.5234,0.4683,0.0,0.4359,0.5799,0.7899,多周期共振看多 ⬆⬆⬆,0.3583,0.63,0.3375
000581,威孚高科,135.44,True,17.06,16.84,9,3.64,-7.37,-1.29,1.33,0.2042,2026-07-17,2026-07-21,57.05,0.0894,0.4502,0.2772,0.4337,0.9545,0.538,0.4352,-0.2782,0.3609,多周期方向不一致，观望,-0.0426,-0.6238,-0.5625
600584,长电科技,1515.46,True,84.69,95.97,17,29.8,-19.84,8.65,-11.76,0.1929,2026-07-21,2026-07-21,37.56,0.2158,0.1486,1.1444,0.3889,0.6125,0.0,0.4349,0.659,0.8295,多周期共振看多 ⬆⬆⬆,0.1907,0.7223,0.5625
002371,北方华创,5399.17,True,744.6,794.41,15,30.77,-15.15,7.69,-6.27,0.274,2026-07-21,2026-07-21,31.12,-0.0507,0.4184,0.8623,0.3673,0.4693,0.0,0.4344,0.6664,0.8332,多周期共振看多 ⬆⬆⬆,0.1881,0.7408,0.5625
002693,双成药业,35.43,True,8.62,9.64,14,17.8,-10.56,2.88,-10.56,0.0308,2026-07-21,2026-07-21,41.79,0.8482,1.5998,0.8984,0.9089,0.7065,0.0,0.4343,0.0986,0.5493,多周期方向不一致，观望,0.0543,-0.0633,0.45
000912,泸天化,53.94,True,3.44,3.37,6,6.06,-9.44,-2.77,1.96,0.0864,2026-07-13,2026-07-21,54.32,0.7706,0.9859,0.3684,0.8624,0.9849,0.3859,0.4341,-0.6054,0.1973,多周期共振看空 ⬇⬇⬇,-0.1752,-0.6854,-0.495
601002,晋亿实业,44.57,True,4.67,4.55,7,10.15,-10.88,-2.29,2.58,0.1185,2026-07-10,2026-07-21,58.52,0.8066,1.1896,0.5286,0.884,0.9217,0.119,0.4328,-0.438,0.281,多周期共振看空 ⬇⬇⬇,-0.1518,-0.495,-0.3375
002239,奥特佳,65.99,True,2.46,2.46,7,2.02,-5.27,-1.14,0.18,0.1725,2026-07-20,2026-07-21,44.44,0.4679,0.5709,0.3472,0.6807,0.7654,0.4213,0.4319,-0.3038,0.3481,多周期方向不一致，观望,-0.0485,-0.7315,-0.5625
600360,华微电子,105.73,True,11.01,14.14,17,22.68,-26.9,6.73,-22.14,0.0,2026-07-21,2026-07-21,37.86,0.7774,0.7853,1.0528,0.8665,0.6191,0.0,0.4319,0.3257,0.6628,上升趋势中的日线整理,-0.1147,0.4943,0.45
603207,小方制药,12.07,True,22.11,23.04,16,6.75,-4.06,2.02,-4.06,0.2599,2026-07-21,2026-07-21,43.72,0.3546,1.5428,0.4378,0.6127,0.7493,0.2704,0.4317,-0.2657,0.3671,多周期方向不一致，观望,0.054,-0.6515,-0.5625
002424,ST百灵,51.14,True,4.44,4.51,11,5.78,-3.64,0.58,-1.54,0.223,2026-07-21,2026-07-21,54.21,0.382,-0.1174,0.3563,0.3823,0.9823,0.4062,0.4315,-0.1986,0.4007,多周期方向不一致，观望,0.0637,-0.365,-0.5625
002601,龙佰集团,332.33,True,16.72,16.4,12,15.4,-6.36,3.64,1.93,0.3301,2026-07-20,2026-07-21,43.44,0.735,-0.6045,0.4336,0.441,0.7431,0.2773,0.4313,-0.1607,0.4196,多周期方向不一致，观望,0.0417,-0.1797,-0.5625
600210,紫江企业,99.35,True,6.2,6.01,6,3.55,-4.54,-1.2,3.21,0.2124,2026-07-13,2026-07-21,67.06,0.549,1.3642,0.2087,0.7294,0.732,0.6521,0.4308,-0.6304,0.1848,多周期共振看空 ⬇⬇⬇,-0.168,-0.679,-0.5625
600633,浙数文化,141.77,True,11.18,10.36,4,7.9,-10.45,-3.23,7.9,0.2041,2026-07-17,2026-07-21,59.77,0.5946,1.7739,0.433,0.7568,0.894,0.2783,0.43,-0.5558,0.2221,多周期共振看空 ⬇⬇⬇,-0.1925,-0.494,-0.5625
000951,中国重汽,257.18,True,22.0,20.93,12,7.28,-11.37,-0.82,5.11,0.2981,2026-07-20,2026-07-21,62.23,0.042,0.8732,0.6391,0.4252,0.8393,0.0,0.4295,0.0326,0.5163,多周期方向不一致，观望,-0.0139,-0.1374,0.2925
603195,公牛集团,698.28,True,38.79,38.09,3,1.84,-4.39,-2.28,1.84,0.1366,2026-07-17,2026-07-21,55.12,0.4165,0.8719,0.2548,0.6499,0.9974,0.5753,0.4293,-0.5903,0.2048,多周期共振看空 ⬇⬇⬇,-0.3168,-0.5308,-0.495
600566,济川药业,249.77,True,27.19,24.37,9,11.56,-10.77,-0.37,11.56,0.3839,2026-07-08,2026-07-21,92.92,0.2469,2.9045,0.5059,0.5481,0.1573,0.1568,0.4282,0.313,0.6565,多周期共振看多 ⬆⬆⬆,0.1872,0.3025,0.225
002850,科达利,383.26,True,182.82,193.21,11,18.52,-12.37,0.8,-5.38,0.0606,2026-07-21,2026-07-21,46.26,0.6058,0.5664,0.8191,0.7635,0.8058,0.0,0.428,0.0897,0.5449,多周期方向不一致，观望,-0.0798,-0.1,0.5625
603408,建霖家居,44.09,True,9.85,9.96,6,2.43,-4.47,-0.7,-1.11,0.1442,2026-07-21,2026-07-21,49.46,0.2747,0.5375,0.2732,0.5648,0.8769,0.5447,0.4264,-0.3265,0.3367,多周期方向不一致，观望,-0.1429,-0.75,-0.5625
002493,荣盛石化,1071.08,True,11.47,11.35,8,6.79,-6.07,-0.34,1.02,0.1832,2026-07-17,2026-07-21,52.61,0.6356,-0.0888,0.5345,0.5459,0.9468,0.1092,0.4258,-0.1299,0.435,多周期方向不一致，观望,-0.048,-0.1923,-0.3375
002315,焦点科技,66.31,True,25.22,23.68,5,6.49,-10.54,-2.87,6.49,0.1777,2026-07-14,2026-07-21,58.06,0.7002,1.8892,0.4483,0.8201,0.9319,0.2529,0.4256,-0.6542,0.1729,多周期共振看空 ⬇⬇⬇,-0.1786,-0.7223,-0.5625
000157,中联重科,528.1,True,7.27,7.02,6,4.13,-6.02,-1.34,3.56,0.2181,2026-07-17,2026-07-21,61.62,0.3413,0.1011,0.3424,0.4452,0.853,0.4293,0.4255,-0.1988,0.4006,多周期方向不一致，观望,-0.0788,-0.4689,-0.3375
603151,邦基科技,20.09,True,11.73,11.48,6,11.31,-10.38,-2.09,2.14,0.0967,2026-07-14,2026-07-21,54.39,0.665,3.7413,0.6445,0.799,0.9865,0.0,0.4255,-0.2905,0.3548,多周期方向不一致，观望,-0.0624,-0.6608,-0.5625
000756,新华制药,67.2,True,13.47,14.15,17,14.37,-4.82,5.64,-4.82,0.291,2026-07-21,2026-07-21,37.57,0.3837,2.4019,0.7465,0.6302,0.6128,0.0,0.4246,-0.045,0.4775,⚠️⚠️ 逆大势反弹，大概率是下跌中继,0.1826,-0.4512,-0.5625
002233,塔牌集团,86.97,True,7.41,7.37,9,4.5,-7.98,-1.93,0.49,0.1379,2026-07-20,2026-07-21,54.82,0.1914,0.8755,0.3388,0.5148,0.9961,0.4354,0.4242,-0.3045,0.3478,多周期方向不一致，观望,-0.1415,-0.7223,-0.495
000404,长虹华意,53.27,True,7.69,7.75,8,9.37,-5.68,-0.1,-0.78,0.1072,2026-07-21,2026-07-21,39.66,0.7708,0.3196,0.5987,0.7904,0.659,0.0021,0.4225,0.0656,0.5328,多周期方向不一致，观望,-0.1465,-0.1487,0.5625
002035,华帝股份,36.68,True,4.69,4.64,6,5.46,-7.7,-1.61,0.99,0.1243,2026-07-13,2026-07-21,55.43,0.4932,1.2864,0.2993,0.6959,0.9903,0.5012,0.4204,-0.6382,0.1809,多周期共振看空 ⬇⬇⬇,-0.1591,-0.7038,-0.5625
001369,双欣材料,28.77,True,13.87,12.93,4,7.27,-16.79,-7.1,7.27,0.068,2026-07-17,2026-07-21,51.92,0.5606,0.4849,0.5557,0.7303,0.9316,0.0739,0.4201,-0.1477,0.4262,周线日线方向不一致,-0.4922,0.0,
601968,宝钢包装,53.07,True,4.16,4.16,10,7.7,-7.32,-0.97,0.07,0.1433,2026-07-09,2026-07-21,58.65,0.3752,0.232,0.3252,0.5179,0.9188,0.4579,0.4195,-0.2856,0.3572,多周期方向不一致，观望,-0.0228,-0.7408,-0.495
603395,红四方,14.42,True,22.18,20.97,5,9.56,-9.68,-2.89,5.76,0.1513,2026-07-14,2026-07-21,62.41,0.7774,1.2542,0.3997,0.8664,0.8353,0.3338,0.4187,-0.669,0.1655,多周期共振看空 ⬇⬇⬇,-0.1841,-0.75,-0.5625
600851,海欣股份,58.76,True,7.96,8.82,16,28.45,-12.91,6.05,-9.77,0.1614,2026-07-21,2026-07-21,37.28,0.7086,0.1546,0.6724,0.687,0.6062,0.0,0.4177,0.1272,0.5636,多周期方向不一致，观望,0.029,0.0844,0.45
002101,广东鸿图,57.61,True,8.7,9.05,19,8.15,-3.82,3.22,-3.82,0.3439,2026-07-21,2026-07-21,37.13,-0.143,1.1866,0.309,0.4,0.6029,0.485,0.417,-0.2408,0.3796,多周期方向不一致，观望,0.1372,-0.6134,-0.5625
600312,平高电气,252.39,True,18.6,17.45,3,6.6,-8.52,-3.69,6.6,0.1392,2026-07-16,2026-07-21,65.79,0.6543,0.6624,0.3567,0.7926,0.7602,0.4056,0.4142,-0.5251,0.2374,多周期共振看空 ⬇⬇⬇,-0.3303,-0.6385,-0.2324
603178,圣龙股份,38.02,True,16.08,15.35,7,14.03,-15.27,-3.08,4.73,0.1527,2026-07-17,2026-07-21,58.0,0.6905,3.2864,0.9538,0.8143,0.9334,0.0,0.414,-0.4777,0.2611,多周期共振看空 ⬇⬇⬇,-0.1503,-0.426,-0.495
000830,鲁西化工,234.21,True,12.3,12.26,7,4.21,-8.36,-1.64,0.33,0.1234,2026-07-20,2026-07-21,47.79,0.6726,0.1929,0.4416,0.6807,0.8399,0.264,0.4131,-0.2992,0.3504,多周期方向不一致，观望,-0.1463,-0.6946,-0.495
002382,蓝帆医疗,55.28,True,5.54,5.36,6,11.78,-12.13,-3.25,3.38,0.0987,2026-07-13,2026-07-21,56.13,0.7465,0.7548,0.5528,0.8479,0.9748,0.0787,0.4129,-0.523,0.2385,多周期共振看空 ⬇⬇⬇,-0.2229,-0.6208,-0.3375
003012,东鹏控股,51.74,True,4.56,4.55,7,4.36,-7.96,-1.78,0.15,0.1155,2026-07-13,2026-07-21,55.68,0.1126,0.4968,0.283,0.4663,0.9848,0.5283,0.4127,-0.3258,0.3371,多周期方向不一致，观望,-0.1397,-0.75,-0.5625
002351,漫步者,53.15,True,10.2,9.5,5,8.12,-11.7,-3.34,7.36,0.1802,2026-07-14,2026-07-21,72.12,0.8525,1.8314,0.3615,0.9115,0.6195,0.3974,0.4127,-0.6507,0.1747,多周期共振看空 ⬇⬇⬇,-0.2234,-0.6762,-0.5625
002649,博彦科技,47.04,True,8.77,8.29,4,6.63,-10.79,-2.99,5.78,0.1338,2026-07-15,2026-07-21,59.43,0.7235,0.9181,0.4339,0.8341,0.9016,0.2768,0.4121,-0.6623,0.1689,多周期共振看空 ⬇⬇⬇,-0.1669,-0.75,-0.5625
603515,欧普照明,127.34,True,17.26,17.03,9,2.32,-6.02,-1.37,1.33,0.2062,2026-07-20,2026-07-21,67.35,-0.0334,1.1507,0.243,0.4,0.7255,0.5951,0.412,-0.1852,0.4074,多周期方向不一致，观望,-0.0789,-0.4088,-0.3375
601568,北元化工,143.4,True,3.61,3.5,5,3.35,-7.01,-2.37,3.11,0.1531,2026-07-14,2026-07-21,63.46,0.2716,0.2888,0.2362,0.4785,0.812,0.6064,0.4119,-0.2974,0.3513,多周期方向不一致，观望,-0.1265,-0.7038,-0.495
603213,镇洋发展,59.75,True,13.43,14.05,6,4.95,-4.96,-1.11,-4.38,0.0327,2026-07-21,2026-07-21,39.75,0.5845,0.1002,0.329,0.5908,0.6611,0.4517,0.4114,0.1131,0.5565,上升趋势中的日线回调（关注买点）,-0.1605,0.1819,0.3359
603567,珍宝岛,57.96,True,6.17,4.91,7,25.69,-27.3,-6.45,25.69,0.2002,2026-07-10,2026-07-21,76.89,0.8325,0.7112,0.7755,0.8995,0.5135,0.0,0.4113,-0.2456,0.3772,多周期方向不一致，观望,0.1056,-0.6075,-0.5625
600721,百花医药,26.38,True,6.86,6.97,5,19.78,-10.95,-2.13,-1.56,0.0,2026-07-21,2026-07-21,50.38,0.8686,2.6773,0.7602,0.9212,0.8973,0.0,0.4111,-0.2616,0.3692,多周期方向不一致，观望,-0.036,-0.5567,-0.5625
001365,天海电子,23.5,True,40.86,42.03,11,18.75,-11.67,0.39,-2.78,0.1153,2026-07-21,2026-07-21,46.89,0.6894,0.072,1.1041,0.6424,0.8198,0.0,0.4111,0.0,0.5,周线日线方向不一致,0.0,,
002410,广联达,140.84,True,8.97,8.39,5,7.52,-12.0,-3.34,6.89,0.1683,2026-07-14,2026-07-21,62.83,0.6696,1.2259,0.3933,0.8018,0.826,0.3445,0.4107,-0.6675,0.1663,多周期共振看空 ⬇⬇⬇,-0.1803,-0.75,-0.5625
601500,通用股份,60.79,True,3.84,3.83,9,5.53,-8.45,-1.65,0.33,0.1292,2026-07-13,2026-07-21,56.25,0.4251,-0.1167,0.2786,0.4084,0.9722,0.5356,0.4104,-0.2753,0.3624,多周期方向不一致，观望,-0.0684,-0.589,-0.5625
002376,新北洋,47.54,True,6.04,5.91,8,5.01,-8.68,-1.89,2.22,0.1618,2026-07-09,2026-07-21,64.58,0.5403,0.4483,0.2543,0.7035,0.787,0.5761,0.4096,-0.6421,0.1789,多周期共振看空 ⬇⬇⬇,-0.1581,-0.7131,-0.5625
600645,中源协和,85.23,True,18.22,18.08,9,6.9,-10.39,-1.34,0.77,0.1446,2026-07-17,2026-07-21,51.75,0.6235,0.2652,0.5791,0.6802,0.9278,0.0348,0.4085,-0.3084,0.3458,多周期方向不一致，观望,-0.1258,-0.6854,-0.5625
002167,东方锆业,127.84,True,16.85,20.44,13,48.44,-25.52,13.95,-17.55,0.018,2026-07-21,2026-07-21,24.92,0.5946,4.2589,1.1312,0.7568,0.3315,0.0,0.4078,0.6105,0.8053,多周期共振看多 ⬆⬆⬆,0.199,0.6087,0.5625
002384,东山精密,3202.4,True,231.0,246.37,12,18.77,-12.05,2.32,-6.24,0.093,2026-07-21,2026-07-21,46.21,-0.2055,0.9179,1.0516,0.4,0.8046,0.0,0.4078,0.4339,0.7169,上升趋势中的日线整理,-0.1122,0.6608,0.5625
000931,中 关 村,31.17,True,4.15,4.24,14,6.94,-2.1,1.29,-2.1,0.2756,2026-07-21,2026-07-21,47.22,0.6602,-0.5096,0.4256,0.3961,0.8272,0.2906,0.4077,-0.2588,0.3706,多周期方向不一致，观望,0.0677,-0.6331,-0.5625
002745,木林森,116.2,True,10.92,11.9,16,20.01,-16.72,5.59,-8.22,0.1889,2026-07-21,2026-07-21,41.18,0.2528,-0.1437,0.9606,0.2942,0.6928,0.0,0.4077,0.506,0.753,上升趋势中的日线整理,0.0991,0.6669,0.5625
002170,芭田股份,87.45,True,11.11,10.97,5,2.11,-6.1,-1.89,1.24,0.1459,2026-07-20,2026-07-21,50.71,0.3998,0.7169,0.3736,0.6399,0.9048,0.3773,0.407,-0.5054,0.2473,多周期共振看空 ⬇⬇⬇,-0.2504,-0.5586,-0.3375
600131,国网信通,180.94,True,15.13,14.54,2,4.05,-7.04,-3.41,4.05,0.1135,2026-07-17,2026-07-21,59.89,0.6695,0.7379,0.4045,0.8017,0.8913,0.3259,0.4054,-0.6426,0.1787,多周期共振看空 ⬇⬇⬇,-0.3068,-0.6543,-0.495
603187,海容冷链,44.93,True,11.75,11.91,6,4.77,-8.28,-1.36,-1.31,0.0816,2026-07-21,2026-07-21,51.1,0.3068,1.6329,0.3497,0.5841,0.9134,0.4172,0.4048,-0.3221,0.3389,多周期方向不一致，观望,-0.1422,-0.7315,-0.5625
000625,长安汽车,595.24,True,7.2,7.0,5,3.97,-9.8,-3.11,2.79,0.1107,2026-07-14,2026-07-21,54.19,0.5174,0.473,0.3466,0.6996,0.9821,0.4224,0.4039,-0.6705,0.1648,多周期共振看空 ⬇⬇⬇,-0.1879,-0.75,-0.5625
002350,北京科锐,72.31,True,13.63,14.22,8,12.38,-9.24,-1.6,-4.16,0.0,2026-07-21,2026-07-21,50.95,0.5402,0.5451,0.7657,0.7241,0.91,0.0,0.4039,-0.0193,0.4904,月线看多，中短期调整中,-0.3319,-0.2575,0.45
002025,航天电器,304.0,True,66.98,76.23,14,32.51,-16.24,7.18,-12.13,0.0988,2026-07-21,2026-07-21,36.09,0.5648,0.4857,0.908,0.7331,0.5797,0.0,0.403,0.1185,0.5593,多周期方向不一致，观望,0.1389,-0.1605,0.5625
603337,杰克科技,188.31,True,40.32,38.31,8,7.17,-8.61,-1.91,5.25,0.229,2026-07-17,2026-07-21,60.37,0.4939,0.0155,0.6572,0.5025,0.8807,0.0,0.4022,-0.1929,0.4036,多周期方向不一致，观望,-0.123,-0.2926,-0.45
000301,东方盛虹,765.25,True,11.58,12.0,11,15.26,-6.17,0.01,-3.47,0.0884,2026-07-21,2026-07-21,47.12,0.7944,0.2432,0.7885,0.7739,0.8249,0.0,0.4014,-0.2289,0.3856,多周期共振看空 ⬇⬇⬇,-0.1639,-0.1919,-0.1708
002543,万和电气,42.48,True,6.42,6.43,7,3.82,-9.16,-2.46,-0.18,0.0743,2026-07-21,2026-07-21,54.0,0.5083,1.0746,0.3153,0.705,0.9778,0.4745,0.3992,-0.6652,0.1674,多周期共振看空 ⬇⬇⬇,-0.1744,-0.75,-0.5625
000612,焦作万方,127.92,True,10.73,10.64,8,5.94,-10.42,-2.67,0.82,0.1066,2026-07-17,2026-07-21,52.48,0.7946,-0.0463,0.4739,0.6582,0.9441,0.2101,0.3962,-0.4404,0.2798,多周期共振看空 ⬇⬇⬇,-0.2098,-0.4506,-0.3375
600595,中孚实业,246.89,True,6.16,5.93,6,9.05,-15.8,-4.22,3.83,0.0857,2026-07-13,2026-07-21,58.52,0.7753,0.3636,0.599,0.8106,0.9219,0.0017,0.3949,-0.4507,0.2747,多周期共振看空 ⬇⬇⬇,-0.1928,-0.4879,-0.3375
600370,*ST三房,65.57,True,1.63,1.71,19,16.8,-4.43,7.33,-4.43,0.3747,2026-07-21,2026-07-21,50.0,0.2275,-0.6357,0.6905,0.1365,0.8889,0.0,0.3932,-0.0385,0.4808,⚠️⚠️ 逆大势反弹，大概率是下跌中继,0.2233,-0.43,-0.495
601100,恒立液压,1428.64,True,106.55,109.12,3,6.06,-7.6,-2.98,-2.35,0.0,2026-07-21,2026-07-21,51.28,0.6532,0.0397,0.598,0.6078,0.9172,0.0034,0.3929,0.0672,0.5336,多周期方向不一致，观望,-0.309,-0.0023,0.5625
002242,九阳股份,62.69,True,8.23,8.15,5,3.95,-7.31,-1.93,0.94,0.113,2026-07-14,2026-07-21,56.36,0.4132,0.2777,0.2914,0.559,0.9697,0.5143,0.3928,-0.5982,0.2009,多周期共振看空 ⬇⬇⬇,-0.1675,-0.6087,-0.5625
603000,人民网,175.25,True,15.85,15.15,6,4.6,-11.27,-3.34,4.6,0.1328,2026-07-14,2026-07-21,55.35,0.455,0.8215,0.4622,0.673,0.9921,0.2297,0.3921,-0.6329,0.1835,多周期共振看空 ⬇⬇⬇,-0.1533,-0.697,-0.5625
600499,科达制造,284.99,True,14.86,14.73,9,10.66,-11.02,-1.09,0.88,0.1385,2026-07-20,2026-07-21,56.37,0.3782,0.0618,0.5686,0.4516,0.9695,0.0523,0.3899,-0.1411,0.4294,多周期方向不一致，观望,-0.088,-0.4279,-0.117
002705,新宝股份,92.88,True,11.5,11.27,8,2.46,-8.62,-2.01,2.01,0.1756,2026-07-13,2026-07-21,56.8,0.009,0.027,0.2586,0.2162,0.9601,0.5689,0.3892,-0.2609,0.3695,多周期方向不一致，观望,-0.0886,-0.5083,-0.5625
603577,汇金通,30.86,True,9.1,9.38,12,8.68,-11.64,-0.8,-3.0,0.096,2026-07-21,2026-07-21,45.14,0.4823,2.3933,0.6555,0.6894,0.781,0.0,0.3879,-0.1674,0.4163,多周期方向不一致，观望,-0.0054,-0.3939,-0.3375
000710,贝瑞基因,25.34,True,7.69,7.77,8,6.79,-9.57,-2.0,-1.06,0.0827,2026-07-21,2026-07-21,46.64,0.5059,0.5308,0.5458,0.7035,0.8143,0.0904,0.3878,-0.2714,0.3643,多周期方向不一致，观望,-0.1151,-0.5319,-0.5625
002409,雅克科技,457.24,True,143.55,186.2,17,54.21,-30.17,15.54,-22.91,0.0,2026-07-21,2026-07-21,21.96,0.5252,0.4382,1.2077,0.6904,0.2657,0.0,0.3877,0.678,0.839,多周期共振看多 ⬆⬆⬆,0.2396,0.7223,0.5625
002174,游族网络,111.64,True,11.4,12.2,18,13.41,-12.03,3.67,-6.55,0.2142,2026-07-21,2026-07-21,42.2,0.0131,0.5826,0.6552,0.4079,0.7157,0.0,0.3877,0.0761,0.5381,多周期方向不一致，观望,0.1067,0.3554,-0.1125
000725,京东方Ａ,2231.67,True,6.31,7.42,15,32.26,-22.22,7.27,-14.97,0.0461,2026-07-21,2026-07-21,28.5,0.8682,-0.2005,0.9724,0.6407,0.411,0.0,0.3876,0.4716,0.7358,上升趋势中的日线整理,-0.014,0.6744,0.5625
600789,鲁抗医药,72.94,True,7.22,7.02,7,6.58,-6.36,-0.86,2.86,0.2044,2026-07-13,2026-07-21,60.8,0.1398,1.8263,0.5594,0.4839,0.8712,0.0676,0.3876,-0.2634,0.3683,多周期方向不一致，观望,-0.0746,-0.5315,-0.5625
002064,华峰化学,518.97,True,10.48,10.28,9,7.7,-7.35,-0.04,1.91,0.2289,2026-07-20,2026-07-21,54.4,0.428,-0.4294,0.5878,0.285,0.9867,0.0204,0.3874,-0.1066,0.4467,多周期方向不一致，观望,0.0828,-0.217,-0.3224
603261,立航科技,31.91,True,41.17,51.0,18,45.53,-19.27,15.25,-19.27,0.0546,2026-07-21,2026-07-21,42.51,-0.1386,0.0844,0.9192,0.2338,0.7224,0.0,0.3874,0.7274,0.8637,多周期共振看多 ⬆⬆⬆,0.3683,0.7206,0.5625
000400,许继电气,221.46,True,21.89,20.91,2,4.86,-8.56,-4.68,4.67,0.0763,2026-07-17,2026-07-21,56.36,0.5188,0.5927,0.3444,0.7113,0.9697,0.4259,0.3873,-0.7275,0.1362,多周期共振看空 ⬇⬇⬇,-0.469,-0.702,-0.495
600206,有研新材,334.05,True,39.46,53.35,16,68.64,-33.33,19.4,-26.04,0.0,2026-07-21,2026-07-21,29.47,0.6688,-0.1156,1.2652,0.5551,0.4327,0.0,0.3867,0.6864,0.8432,多周期共振看多 ⬆⬆⬆,0.2394,0.7408,0.5625
601233,桐昆股份,502.72,True,21.17,21.92,10,14.54,-13.86,0.27,-3.4,0.0806,2026-07-21,2026-07-21,38.51,0.7053,-0.203,0.6304,0.542,0.6335,0.0,0.3865,0.2713,0.6357,上升趋势中的日线整理,-0.0455,0.4513,0.2925
600222,太龙药业,39.49,True,7.06,7.42,7,6.58,-15.43,-2.72,-4.9,0.0,2026-07-21,2026-07-21,43.39,0.5527,0.6483,0.7209,0.7316,0.742,0.0,0.3861,0.0275,0.5138,多周期方向不一致，观望,-0.2745,-0.094,0.45
002749,国光股份,44.42,True,8.16,8.08,6,3.75,-8.96,-3.09,0.99,0.0753,2026-07-13,2026-07-21,51.97,0.4278,0.4912,0.2719,0.6531,0.9327,0.5468,0.3861,-0.6935,0.1532,多周期共振看空 ⬇⬇⬇,-0.247,-0.75,-0.5625
601216,君正集团,388.15,True,4.6,4.38,6,5.11,-10.33,-2.63,5.11,0.1832,2026-07-13,2026-07-21,71.43,0.0845,0.7122,0.3161,0.4507,0.6349,0.4732,0.3856,-0.2166,0.3917,多周期方向不一致，观望,-0.0913,-0.5364,-0.3375
603211,晋拓股份,73.09,True,26.89,34.35,16,23.14,-21.71,4.56,-21.71,0.0,2026-07-21,2026-07-21,40.52,0.1837,0.9231,1.1189,0.5102,0.6782,0.0,0.3852,0.4516,0.7258,上升趋势中的日线整理,-0.0314,0.75,0.45
002092,中泰化学,107.4,True,4.17,4.02,6,7.02,-12.96,-3.11,3.67,0.1094,2026-07-13,2026-07-21,55.56,0.48,0.2767,0.4384,0.5987,0.9877,0.2694,0.3851,-0.5407,0.2297,多周期共振看空 ⬇⬇⬇,-0.1822,-0.6946,-0.3375
000408,藏格矿业,1134.47,True,72.31,70.5,3,2.57,-10.41,-3.92,2.57,0.0527,2026-07-20,2026-07-21,57.84,0.4352,0.2084,0.4619,0.5445,0.9369,0.2302,0.3848,-0.2281,0.386,月线震荡，中短期走弱,-0.2912,-0.5533,0.0363
601163,三角轮胎,100.96,True,12.62,12.7,9,4.22,-5.06,-1.03,-0.59,0.1682,2026-07-21,2026-07-21,53.26,0.0428,0.432,0.2679,0.3985,0.9613,0.5534,0.3848,-0.5588,0.2206,多周期共振看空 ⬇⬇⬇,-0.1957,-0.5654,-0.495
002609,捷顺科技,33.73,True,7.35,7.41,6,2.36,-4.83,-1.45,-0.8,0.1302,2026-07-21,2026-07-21,40.8,0.6005,0.859,0.3227,0.7603,0.6845,0.4621,0.3841,-0.6477,0.1761,多周期共振看空 ⬇⬇⬇,-0.1618,-0.7223,-0.5625
600038,中直股份,173.39,True,25.92,25.35,2,2.26,-7.66,-3.34,2.26,0.0773,2026-07-17,2026-07-21,53.72,0.3827,0.8722,0.283,0.6296,0.9716,0.5284,0.3841,-0.7085,0.1457,多周期共振看空 ⬇⬇⬇,-0.2855,-0.75,-0.5625
600722,金牛化工,61.3,True,9.01,8.25,3,13.59,-14.9,-7.09,9.19,0.1003,2026-07-16,2026-07-21,58.1,0.3337,2.6219,0.6799,0.6002,0.931,0.0,0.3837,-0.2486,0.3757,月线震荡，中短期走弱,-0.3949,-0.6098,0.1125
002168,ST惠程,27.45,True,3.5,3.61,4,4.02,-3.75,-1.49,-3.1,0.0372,2026-07-21,2026-07-21,46.59,0.6107,0.7975,0.3234,0.7664,0.8131,0.461,0.3835,-0.592,0.204,多周期共振看空 ⬇⬇⬇,-0.3795,-0.4134,-0.5625
600720,中交设计,51.46,True,5.1,4.93,6,6.18,-12.01,-4.32,3.53,0.0758,2026-07-13,2026-07-21,62.9,0.598,0.6983,0.3171,0.7588,0.8244,0.4715,0.3829,-0.699,0.1505,多周期共振看空 ⬇⬇⬇,-0.2611,-0.75,-0.5625
600426,华鲁恒升,560.36,True,20.38,19.13,4,6.79,-10.79,-3.71,6.51,0.1441,2026-07-15,2026-07-21,68.08,0.5869,0.3791,0.3994,0.7038,0.7094,0.3343,0.3828,-0.5285,0.2358,多周期共振看空 ⬇⬇⬇,-0.1833,-0.6669,-0.3375
000790,华神科技,22.54,True,3.62,3.67,9,6.18,-5.84,-0.61,-1.43,0.1415,2026-07-21,2026-07-21,47.22,0.4375,0.0376,0.4566,0.4776,0.8272,0.2389,0.3821,-0.2308,0.3846,多周期方向不一致，观望,-0.0695,-0.4598,-0.495
000913,钱江摩托,56.22,True,10.81,10.55,5,4.64,-8.54,-3.59,2.45,0.0759,2026-07-14,2026-07-21,59.52,0.7578,-0.1604,0.2733,0.5905,0.8995,0.5445,0.3815,-0.5898,0.2051,多周期共振看空 ⬇⬇⬇,-0.2562,-0.5142,-0.5625
603077,和邦生物,204.01,True,2.31,2.28,5,2.54,-10.5,-2.6,1.18,0.0902,2026-07-20,2026-07-21,43.24,0.4931,0.4543,0.5056,0.6776,0.7387,0.1573,0.3814,-0.2614,0.3693,月线震荡，中短期走弱,-0.2428,-0.5913,-0.0791
601567,三星电气,204.46,True,14.55,14.22,2,4.45,-8.25,-3.24,2.3,0.0631,2026-07-20,2026-07-21,50.37,0.7864,0.29,0.3708,0.7878,0.8971,0.382,0.381,-0.7462,0.1269,多周期共振看空 ⬇⬇⬇,-0.4359,-0.7038,-0.5625
002322,理工能科,35.03,True,9.97,9.95,5,3.49,-9.27,-3.16,0.17,0.0472,2026-07-14,2026-07-21,53.95,0.414,1.254,0.2925,0.6484,0.9767,0.5125,0.381,-0.6848,0.1576,多周期共振看空 ⬇⬇⬇,-0.2999,-0.6854,-0.5625
002606,大连电瓷,55.38,True,13.15,13.27,2,1.15,-8.81,-3.41,-0.9,0.0,2026-07-21,2026-07-21,51.04,0.287,0.4289,0.5268,0.5438,0.912,0.122,0.3806,-0.0174,0.4913,月线看多，中短期调整中,-0.3439,-0.2379,0.45
002677,浙江美大,35.52,True,6.44,6.23,5,27.81,-15.04,-4.39,3.43,0.0556,2026-07-07,2026-07-21,55.72,0.3288,1.091,0.9464,0.5973,0.9841,0.0,0.3803,-0.2279,0.3861,多周期方向不一致，观望,-0.0186,-0.491,-0.495
601016,节能风电,222.21,True,3.68,3.58,2,6.01,-16.0,-8.01,2.92,0.0,2026-07-17,2026-07-21,42.31,0.7095,0.3674,0.6565,0.7727,0.7179,0.0,0.3798,-0.059,0.4705,月线看多，中短期调整中,-0.389,-0.2852,0.3375
002870,香山股份,50.14,True,38.65,38.82,4,3.81,-5.05,-1.67,-0.43,0.0905,2026-07-21,2026-07-21,44.44,0.3465,0.0584,0.4424,0.4313,0.7652,0.2627,0.3793,-0.0016,0.4992,多周期方向不一致，观望,-0.2482,-0.1317,0.3375
600423,*ST柳化,19.57,True,2.45,2.43,13,7.85,-12.46,-0.64,0.86,0.2123,2026-07-07,2026-07-21,55.42,0.3076,-0.2601,0.4974,0.2805,0.9906,0.171,0.3785,-0.2557,0.3721,多周期方向不一致，观望,0.1158,-0.6608,-0.5625
600959,江苏有线,151.52,True,3.03,2.97,5,3.09,-10.68,-3.85,2.14,0.0582,2026-07-14,2026-07-21,56.45,0.4902,0.2674,0.2869,0.6011,0.9677,0.5218,0.3781,-0.6553,0.1724,多周期共振看空 ⬇⬇⬇,-0.3138,-0.6762,-0.495
601992,金隅集团,118.35,True,1.37,1.34,5,2.51,-10.99,-4.19,2.51,0.0627,2026-07-14,2026-07-21,57.14,0.509,0.1913,0.2783,0.5819,0.9524,0.5362,0.3775,-0.6332,0.1834,多周期共振看空 ⬇⬇⬇,-0.1927,-0.7315,-0.495
600885,宏发股份,507.61,True,32.8,34.75,12,12.21,-10.02,0.94,-5.62,0.0737,2026-07-21,2026-07-21,30.5,0.7431,-0.1546,0.6415,0.5841,0.4556,0.0,0.3766,0.355,0.6775,上升趋势中的日线整理,-0.0662,0.4164,0.5625
603257,中国瑞林,16.62,True,66.74,72.75,11,19.57,-12.5,2.85,-8.26,0.0398,2026-07-21,2026-07-21,30.44,0.6681,-0.1027,0.6918,0.5598,0.4543,0.0,0.3765,0.476,0.738,上升趋势中的日线整理,0.0101,0.6652,0.5625
001356,富岭股份,17.32,True,8.63,8.51,5,3.82,-10.41,-4.08,1.47,0.0388,2026-07-14,2026-07-21,55.67,0.4584,1.3904,0.3299,0.675,0.9852,0.4502,0.3758,-0.7091,0.1455,多周期共振看空 ⬇⬇⬇,-0.3192,-0.7223,-0.5625
002226,江南化工,122.38,True,4.62,4.54,5,1.83,-10.37,-3.35,1.83,0.0827,2026-07-14,2026-07-21,54.67,0.1756,0.614,0.304,0.5054,0.9926,0.4934,0.3758,-0.5864,0.2068,多周期共振看空 ⬇⬇⬇,-0.2271,-0.5316,-0.5625
603392,万泰生物,366.17,True,28.96,28.2,9,6.24,-14.3,-3.15,2.71,0.1321,2026-07-09,2026-07-21,54.51,0.3056,0.5223,0.4308,0.5834,0.9891,0.282,0.3757,-0.6576,0.1712,多周期共振看空 ⬇⬇⬇,-0.1871,-0.7223,-0.5625
000957,中通客车,58.99,True,9.95,9.55,5,4.21,-7.39,-2.47,4.17,0.1661,2026-07-14,2026-07-21,58.55,0.4296,0.1116,0.3843,0.5024,0.9212,0.3595,0.3752,-0.5937,0.2031,多周期共振看空 ⬇⬇⬇,-0.1776,-0.5902,-0.5625
603078,江化微,131.58,True,34.12,45.91,13,23.92,-31.78,0.71,-25.68,0.0,2026-07-21,2026-07-21,27.35,0.795,0.2349,1.0946,0.7709,0.3855,0.0,0.3749,0.3033,0.6517,上升趋势中的日线回调（关注买点）,-0.1928,0.6221,0.5625
600486,扬农化工,220.56,True,54.58,51.62,2,6.35,-7.64,-3.26,5.74,0.1303,2026-07-17,2026-07-21,62.93,0.5639,0.4792,0.4347,0.73,0.8238,0.2755,0.3738,-0.6997,0.1502,多周期共振看空 ⬇⬇⬇,-0.3956,-0.7038,-0.495
600526,菲达环保,37.45,True,4.29,4.24,6,3.09,-8.19,-2.55,1.11,0.1039,2026-07-13,2026-07-21,58.82,0.3707,0.2449,0.2516,0.5204,0.915,0.5806,0.3723,-0.6658,0.1671,多周期共振看空 ⬇⬇⬇,-0.2299,-0.7038,-0.5625
600004,白云机场,187.21,True,7.91,7.56,5,5.37,-8.01,-2.54,4.6,0.1573,2026-07-14,2026-07-21,71.3,0.566,-0.3207,0.2336,0.4113,0.6377,0.6106,0.3719,-0.3139,0.343,多周期方向不一致，观望,-0.0786,-0.75,-0.5625
002264,新 华 都,39.81,True,6.08,5.91,5,6.22,-10.94,-2.75,2.89,0.0944,2026-07-14,2026-07-21,56.79,0.7278,-0.0762,0.4017,0.6062,0.9602,0.3305,0.3717,-0.6398,0.1801,多周期共振看空 ⬇⬇⬇,-0.2204,-0.7223,-0.495
600201,生物股份,127.58,True,11.51,12.01,10,6.1,-4.88,0.18,-4.16,0.1214,2026-07-21,2026-07-21,45.28,0.6021,0.1387,0.4086,0.6167,0.7839,0.3191,0.3716,-0.5017,0.2491,多周期共振看空 ⬇⬇⬇,-0.1991,-0.5944,-0.3375
002096,易普力,112.63,True,9.08,8.75,5,3.76,-11.28,-4.52,3.76,0.0781,2026-07-14,2026-07-21,62.82,0.7343,0.1878,0.2931,0.7157,0.8262,0.5116,0.3715,-0.7611,0.1195,多周期共振看空 ⬇⬇⬇,-0.4203,-0.75,-0.5625
002258,利尔化学,104.13,True,13.03,13.33,12,10.18,-4.63,0.86,-2.23,0.1863,2026-07-21,2026-07-21,54.31,0.464,-0.5467,0.622,0.2784,0.9846,0.0,0.371,-0.1059,0.4471,多周期方向不一致，观望,-0.127,-0.0193,-0.3375
002538,ST司特,51.27,True,6.01,6.09,13,8.45,-3.46,1.2,-1.24,0.2626,2026-07-21,2026-07-21,47.55,0.0461,-0.1182,0.4372,0.1804,0.8344,0.2714,0.3707,-0.1716,0.4142,多周期方向不一致，观望,0.0056,-0.4215,-0.3375
603279,景津装备,72.51,True,12.58,12.3,5,3.91,-11.67,-4.25,2.25,0.0389,2026-07-14,2026-07-21,56.68,0.3393,0.9586,0.2975,0.6036,0.9627,0.5042,0.3705,-0.6534,0.1733,多周期共振看空 ⬇⬇⬇,-0.3326,-0.656,-0.495
002452,长高电气,54.1,True,10.5,11.78,11,17.16,-13.71,0.37,-10.89,0.0,2026-07-21,2026-07-21,34.75,0.7152,0.3646,0.7437,0.7749,0.5501,0.0,0.3704,0.0634,0.5317,多周期方向不一致，观望,-0.0925,-0.0921,0.45
002551,尚荣医疗,16.99,True,2.78,2.82,8,6.61,-8.13,-1.54,-1.51,0.0777,2026-07-21,2026-07-21,49.43,0.1641,0.6375,0.4229,0.4985,0.8761,0.2952,0.3701,-0.3109,0.3446,多周期方向不一致，观望,-0.0848,-0.7315,-0.5625
002175,*ST东智,30.9,True,2.42,2.51,12,19.98,-16.6,1.41,-3.41,0.1409,2026-07-21,2026-07-21,51.72,0.3495,0.1651,0.7319,0.4757,0.9272,0.0,0.3699,-0.253,0.3735,多周期方向不一致，观望,-0.0661,-0.4928,-0.5625
601360,三六零,628.56,True,8.98,8.77,4,2.43,-10.41,-3.33,2.43,0.0786,2026-07-20,2026-07-21,52.96,0.44,0.3914,0.4146,0.6206,0.9548,0.309,0.3698,-0.6161,0.192,多周期共振看空 ⬇⬇⬇,-0.2359,-0.5893,-0.5625
002907,华森制药,42.14,True,12.55,13.78,18,11.45,-8.89,5.53,-8.89,0.2022,2026-07-21,2026-07-21,37.48,0.6498,-0.2687,0.7437,0.4824,0.6107,0.0,0.3696,-0.0332,0.4834,⚠️⚠️ 逆大势反弹，大概率是下跌中继,0.259,-0.2919,-0.5625
600081,东风科技,52.54,True,9.5,9.34,4,3.08,-11.19,-4.38,1.67,0.0212,2026-07-17,2026-07-21,55.1,0.5287,0.6261,0.4169,0.7172,0.9977,0.3052,0.3694,-0.6848,0.1576,多周期共振看空 ⬇⬇⬇,-0.4003,-0.5994,-0.5625
603120,肯特催化,16.83,True,44.4,52.57,9,14.82,-15.53,0.1,-15.53,0.0,2026-07-21,2026-07-21,31.6,0.3845,0.6063,1.0183,0.6307,0.48,0.0,0.3691,0.3676,0.6838,上升趋势中的日线整理,-0.1046,0.5944,0.45
603201,常润股份,28.69,True,15.23,15.27,7,19.27,-22.2,-5.43,-0.27,0.0,2026-07-21,2026-07-21,55.22,0.4862,0.181,1.0821,0.5641,0.9951,0.0,0.369,-0.1444,0.4278,多周期方向不一致，观望,-0.206,0.1043,-0.5625
002755,奥赛康,124.19,True,13.38,14.05,14,14.99,-7.32,3.61,-4.78,0.1935,2026-07-21,2026-07-21,37.82,0.3362,1.0676,0.6103,0.6017,0.6182,0.0,0.3688,-0.2185,0.3907,多周期方向不一致，观望,0.0528,-0.4433,-0.5625
601015,陕西黑猫,62.09,True,3.04,2.99,5,5.33,-16.43,-6.33,1.52,0.0,2026-07-17,2026-07-21,51.92,0.6701,0.7422,0.4986,0.8021,0.9316,0.169,0.3677,-0.5953,0.2023,多周期共振看空 ⬇⬇⬇,-0.3386,-0.5231,-0.495
000698,ST沈化,24.44,True,3.11,3.13,8,5.3,-10.01,-1.96,-0.61,0.067,2026-07-21,2026-07-21,48.75,0.3821,0.0953,0.3854,0.4674,0.8611,0.3577,0.3676,-0.2872,0.3564,多周期方向不一致，观望,-0.1209,-0.5962,-0.5625
600740,山西焦化,88.91,True,3.47,3.36,6,6.04,-13.03,-3.92,3.12,0.0754,2026-07-13,2026-07-21,60.0,0.6534,0.0973,0.3969,0.6309,0.8889,0.3384,0.3672,-0.5901,0.205,多周期共振看空 ⬇⬇⬇,-0.2178,-0.6152,-0.495
603100,川仪股份,89.42,True,17.48,17.43,9,3.08,-8.9,-1.87,0.27,0.1482,2026-07-17,2026-07-21,40.8,0.2541,0.9511,0.4585,0.5525,0.6844,0.2358,0.367,-0.3136,0.3432,多周期方向不一致，观望,-0.1091,-0.7223,-0.5625
600249,两面针,26.18,True,4.76,4.71,6,5.74,-11.39,-3.43,1.12,0.0375,2026-07-13,2026-07-21,59.26,0.4099,0.4895,0.3622,0.6417,0.9053,0.3963,0.3668,-0.5861,0.207,多周期共振看空 ⬇⬇⬇,-0.1929,-0.5602,-0.5625
000812,陕西金叶,24.26,True,3.21,3.2,6,4.79,-10.08,-3.77,0.23,0.0287,2026-07-13,2026-07-21,50.0,0.5501,0.878,0.3438,0.7301,0.8889,0.427,0.3668,-0.7111,0.1445,多周期共振看空 ⬇⬇⬇,-0.2921,-0.75,-0.5625
603333,福华尚纬,50.34,True,8.1,7.93,7,4.27,-10.13,-2.77,2.15,0.1191,2026-07-16,2026-07-21,49.35,0.5797,-0.4206,0.5601,0.3796,0.8744,0.0665,0.3667,-0.0616,0.4692,多周期方向不一致，观望,-0.0757,-0.2032,-0.0025
000778,新兴铸管,147.18,True,3.78,3.69,2,2.38,-9.72,-4.1,2.38,0.0471,2026-07-17,2026-07-21,59.68,0.2784,0.3855,0.2702,0.5213,0.8961,0.5497,0.3664,-0.5311,0.2344,多周期共振看空 ⬇⬇⬇,-0.3467,-0.5326,-0.3375
603559,中通国脉,30.34,True,7.56,8.23,5,16.91,-11.22,-3.21,-8.16,0.0,2026-07-21,2026-07-21,44.84,0.3938,3.0984,0.8863,0.6363,0.7743,0.0,0.3661,-0.0186,0.4907,多周期方向不一致，观望,-0.4819,-0.0511,0.3825
002346,柘中股份,68.38,True,17.44,19.91,17,21.92,-14.13,4.54,-12.41,0.0737,2026-07-21,2026-07-21,38.18,0.4687,0.4366,0.851,0.6559,0.6262,0.0,0.3661,-0.0488,0.4756,多周期方向不一致，观望,-0.0712,-0.2872,0.1337
001389,广合科技,265.57,True,174.31,192.17,10,23.25,-17.71,-0.46,-9.3,0.0,2026-07-21,2026-07-21,35.61,0.5109,0.4364,1.105,0.6811,0.569,0.0,0.365,0.1471,0.5736,多周期方向不一致，观望,-0.0401,0.1184,0.5625
000401,金隅冀东,93.68,True,3.56,3.5,6,4.38,-10.59,-3.58,1.64,0.0584,2026-07-13,2026-07-21,60.29,0.3893,0.6149,0.3062,0.6336,0.8824,0.4897,0.3649,-0.6851,0.1574,多周期共振看空 ⬇⬇⬇,-0.2578,-0.7223,-0.5625
002241,歌尔股份,736.73,True,23.42,22.27,5,5.16,-10.32,-3.47,5.16,0.1393,2026-07-15,2026-07-21,57.55,0.4426,0.2394,0.526,0.5613,0.9432,0.1233,0.3647,-0.5454,0.2273,多周期共振看空 ⬇⬇⬇,-0.1562,-0.5022,-0.5625
002197,证通电子,33.86,True,6.34,5.77,1,9.81,-9.98,-4.27,9.81,0.1771,2026-07-20,2026-07-21,55.04,0.4089,3.416,0.6541,0.6453,0.9992,0.0,0.3646,-0.7402,0.1299,多周期共振看空 ⬇⬇⬇,-0.3989,-0.7223,-0.5625
600425,青松建化,53.92,True,3.36,3.33,5,1.66,-7.29,-2.27,0.84,0.1146,2026-07-14,2026-07-21,56.25,0.0429,0.5806,0.227,0.4257,0.9722,0.6216,0.3645,-0.704,0.148,多周期共振看空 ⬇⬇⬇,-0.2739,-0.75,-0.5625
603065,宿迁联盛,58.24,True,13.9,19.51,18,68.7,-28.74,24.44,-28.74,0.0,2026-07-21,2026-07-21,37.12,0.454,-0.3626,1.2848,0.3274,0.6026,0.0,0.3636,0.6616,0.8308,多周期共振看多 ⬆⬆⬆,0.4405,0.514,0.5625
002523,天桥起重,45.59,True,3.23,3.06,6,5.87,-10.12,-3.26,5.59,0.1538,2026-07-13,2026-07-21,61.0,0.6817,0.1365,0.5045,0.6636,0.8667,0.1592,0.3635,-0.6906,0.1547,多周期共振看空 ⬇⬇⬇,-0.2395,-0.75,-0.5625
002282,博深股份,28.48,True,5.64,5.74,2,0.67,-6.77,-2.82,-1.78,0.0028,2026-07-21,2026-07-21,46.36,0.6383,0.7675,0.2739,0.783,0.8081,0.5435,0.3635,-0.7557,0.1221,多周期共振看空 ⬇⬇⬇,-0.4172,-0.7408,-0.5625
002851,麦格米特,623.64,True,135.22,154.81,10,25.88,-21.55,-0.77,-12.65,0.0,2026-07-21,2026-07-21,40.8,0.4352,0.139,0.9741,0.5167,0.6845,0.0,0.3634,0.2592,0.6296,上升趋势中的日线回调（关注买点）,-0.3441,0.6037,0.5625
002938,鹏鼎控股,2209.15,True,95.6,99.52,5,4.75,-14.42,-5.04,-3.94,0.0,2026-07-21,2026-07-21,44.04,0.7021,-0.4011,0.8421,0.4608,0.7565,0.0,0.3632,0.2608,0.6304,上升趋势中的日线回调（关注买点）,-0.37,0.6313,0.5625
001216,华瓷股份,34.16,True,13.91,14.23,3,13.48,-11.13,-5.72,-2.24,0.0,2026-07-21,2026-07-21,39.85,0.9305,1.2951,0.4976,0.9583,0.6633,0.1707,0.363,-0.5617,0.2192,多周期共振看空 ⬇⬇⬇,-0.4717,-0.4926,-0.3375
601388,怡球资源,65.6,True,2.98,2.91,5,3.91,-11.32,-4.98,2.48,0.0245,2026-07-14,2026-07-21,56.98,0.6144,0.1737,0.418,0.6381,0.9561,0.3033,0.3627,-0.5678,0.2161,多周期共振看空 ⬇⬇⬇,-0.3508,-0.6098,-0.3375
600995,南网储能,397.9,True,12.45,12.12,2,2.97,-13.29,-6.13,2.75,0.0,2026-07-17,2026-07-21,52.28,0.457,-0.1649,0.3428,0.4082,0.9396,0.4287,0.3627,-0.2216,0.3892,月线震荡，中短期走弱,-0.3936,-0.4602,0.0528
002572,索菲亚,52.64,True,8.08,7.77,6,6.01,-11.8,-3.43,3.94,0.1082,2026-07-13,2026-07-21,61.31,0.3602,0.8858,0.3793,0.6161,0.8599,0.3679,0.3622,-0.6744,0.1628,多周期共振看空 ⬇⬇⬇,-0.1981,-0.75,-0.5625
600640,国脉文化,81.53,True,10.3,10.08,5,2.18,-9.97,-3.31,2.18,0.0866,2026-07-17,2026-07-21,57.75,0.1872,0.4044,0.3497,0.4741,0.9388,0.4171,0.3619,-0.5312,0.2344,多周期共振看空 ⬇⬇⬇,-0.1635,-0.4649,-0.5625
000807,云铝股份,873.22,True,25.18,23.52,6,11.57,-14.97,-4.54,7.04,0.1581,2026-07-13,2026-07-21,68.29,0.6683,0.1709,0.5807,0.6694,0.7047,0.0321,0.3615,-0.4298,0.2851,多周期共振看空 ⬇⬇⬇,-0.1679,-0.4631,-0.3375
600585,海螺水泥,699.64,True,17.59,17.06,6,4.72,-8.56,-2.14,3.13,0.1384,2026-07-14,2026-07-21,65.57,0.3276,-0.1347,0.289,0.3427,0.765,0.5183,0.3615,-0.3206,0.3397,多周期方向不一致，观望,-0.1454,-0.7223,-0.5625
000711,ST京蓝,109.54,True,4.6,4.89,6,10.1,-20.71,-6.47,-5.97,0.0,2026-07-21,2026-07-21,47.46,0.4621,0.1636,0.8321,0.5427,0.8325,0.0,0.3613,0.0231,0.5115,多周期方向不一致，观望,-0.3828,-0.1329,0.5625
002593,日上集团,23.09,True,4.12,4.1,5,4.5,-10.65,-3.97,0.56,0.0089,2026-07-14,2026-07-21,53.17,0.5892,0.6895,0.4185,0.7535,0.9594,0.3025,0.3613,-0.7302,0.1349,多周期共振看空 ⬇⬇⬇,-0.3411,-0.75,-0.5625
600570,恒生电子,406.76,True,21.48,21.1,3,1.78,-8.2,-3.49,1.78,0.0755,2026-07-20,2026-07-21,46.6,0.6593,0.9741,0.4571,0.7956,0.8134,0.2381,0.3604,-0.7377,0.1311,多周期共振看空 ⬇⬇⬇,-0.4034,-0.7131,-0.5625
002074,国轩高科,493.93,True,28.44,26.66,3,6.66,-11.16,-5.48,6.66,0.1002,2026-07-16,2026-07-21,57.85,0.4344,1.2225,0.4303,0.6607,0.9366,0.2828,0.3602,-0.7664,0.1168,多周期共振看空 ⬇⬇⬇,-0.4984,-0.6946,-0.5625
603193,润本股份,19.96,True,19.32,18.94,4,2.8,-13.94,-5.5,1.98,0.0,2026-07-17,2026-07-21,55.0,0.4201,0.6267,0.3663,0.6521,1.0,0.3896,0.3601,-0.6739,0.163,多周期共振看空 ⬇⬇⬇,-0.3809,-0.5921,-0.5625
603153,上海建科,52.37,True,12.97,13.16,7,3.01,-8.64,-2.14,-1.48,0.0678,2026-07-21,2026-07-21,51.28,0.1965,1.3598,0.2773,0.5179,0.9174,0.5379,0.3593,-0.6481,0.1759,多周期共振看空 ⬇⬇⬇,-0.1735,-0.7131,-0.5625
000933,神火股份,549.72,True,24.46,22.85,8,12.08,-18.51,-5.34,7.03,0.1695,2026-07-09,2026-07-21,65.0,0.6524,0.1016,0.6376,0.6321,0.7779,0.0,0.3587,-0.4822,0.2589,多周期共振看空 ⬇⬇⬇,-0.2062,-0.5455,-0.3375
600353,旭光电子,237.21,True,28.62,40.5,12,69.55,-34.74,11.13,-29.34,0.0,2026-07-21,2026-07-21,31.96,0.339,1.2725,1.2062,0.6034,0.488,0.0,0.3586,0.318,0.659,上升趋势中的日线回调（关注买点）,-0.252,0.7223,0.5625
600551,时代出版,45.5,True,6.71,6.74,4,1.76,-4.77,-2.21,-0.39,0.0932,2026-07-21,2026-07-21,49.48,0.1276,0.6692,0.1946,0.4766,0.8774,0.6756,0.3573,-0.7214,0.1393,多周期共振看空 ⬇⬇⬇,-0.3508,-0.7223,-0.5625
600388,龙净环保,211.08,True,16.62,15.73,11,7.58,-11.79,-2.36,5.65,0.2575,2026-07-06,2026-07-21,69.68,0.0341,-0.173,0.4049,0.1513,0.6738,0.3252,0.3569,-0.0737,0.4632,多周期方向不一致，观望,-0.0352,-0.4061,0.1125
603111,康尼机电,47.74,True,5.7,5.83,11,3.42,-3.82,-0.54,-2.29,0.1961,2026-07-21,2026-07-21,46.59,-0.1275,0.4419,0.2323,0.3768,0.8131,0.6129,0.3565,-0.6879,0.1561,多周期共振看空 ⬇⬇⬇,-0.2756,-0.7131,-0.5625
000997,新 大 陆,180.73,True,17.94,16.43,3,9.19,-12.81,-4.91,9.19,0.1685,2026-07-17,2026-07-21,63.39,0.4703,1.1963,0.5436,0.6822,0.8136,0.0941,0.355,-0.7073,0.1463,多周期共振看空 ⬇⬇⬇,-0.4029,-0.6467,-0.5625
000816,智慧农业,34.55,True,2.4,2.39,7,3.79,-10.29,-2.33,0.42,0.0929,2026-07-20,2026-07-21,51.52,0.4418,0.2757,0.4156,0.5753,0.9226,0.3074,0.3548,-0.6579,0.171,多周期共振看空 ⬇⬇⬇,-0.1557,-0.75,-0.5625
002532,天山铝业,501.45,True,12.21,11.55,6,10.43,-16.77,-5.72,5.75,0.0961,2026-07-13,2026-07-21,62.8,0.5309,0.4569,0.6039,0.7013,0.8267,0.0,0.3543,-0.51,0.245,多周期共振看空 ⬇⬇⬇,-0.2226,-0.5926,-0.3375
600582,天地科技,200.31,True,4.84,4.67,8,5.11,-13.32,-3.52,3.74,0.1329,2026-07-10,2026-07-21,68.69,0.0297,0.7585,0.3493,0.4178,0.6958,0.4178,0.3538,-0.3261,0.3369,多周期方向不一致，观望,-0.1413,-0.75,-0.5625
002537,海联金汇,66.73,True,5.7,5.4,2,5.58,-10.13,-4.82,5.58,0.0926,2026-07-20,2026-07-21,54.97,0.4031,2.654,0.4695,0.6419,0.9994,0.2174,0.3537,-0.793,0.1035,多周期共振看空 ⬇⬇⬇,-0.5021,-0.75,-0.5625
002302,西部建设,55.92,True,4.43,4.42,5,2.22,-9.15,-4.13,0.24,0.026,2026-07-14,2026-07-21,53.41,0.2858,0.6857,0.2755,0.5715,0.9646,0.5408,0.3537,-0.7372,0.1314,多周期共振看空 ⬇⬇⬇,-0.359,-0.75,-0.5625
600936,北投科技,77.03,True,4.61,4.51,6,5.04,-17.61,-5.78,2.31,0.0086,2026-07-20,2026-07-21,56.21,0.4423,-0.4317,0.4726,0.2927,0.9731,0.2123,0.3536,0.0025,0.5012,月线看多，中短期调整中,-0.2443,-0.2287,0.45
601222,林洋能源,113.49,True,5.56,5.44,2,2.2,-10.2,-5.04,2.2,0.0,2026-07-17,2026-07-21,66.07,0.5447,0.0299,0.1889,0.5388,0.754,0.6852,0.3535,-0.4866,0.2567,多周期共振看空 ⬇⬇⬇,-0.3839,-0.4648,-0.2756
000021,深科技,608.41,True,38.65,51.75,16,46.22,-32.56,9.77,-25.31,0.0,2026-07-21,2026-07-21,24.62,0.6879,-0.0183,1.2362,0.6055,0.3249,0.0,0.3535,0.4692,0.7346,上升趋势中的日线整理,-0.0091,0.664,0.5625
002206,海 利 得,55.07,True,5.21,5.3,8,4.87,-5.24,-0.88,-1.63,0.1406,2026-07-21,2026-07-21,41.3,0.6675,-0.1459,0.2862,0.5422,0.6957,0.523,0.3534,-0.631,0.1845,多周期共振看空 ⬇⬇⬇,-0.2302,-0.6946,-0.495
000920,沃顿科技,57.61,True,12.19,13.53,12,19.8,-19.08,-0.78,-9.89,0.0,2026-07-21,2026-07-21,35.96,0.3214,0.7044,1.0938,0.5928,0.5769,0.0,0.3525,0.1795,0.5897,上升趋势中的日线整理,-0.0731,0.3787,0.1503
603205,健尔康,8.47,True,20.5,20.99,5,5.38,-8.25,-2.51,-2.32,0.0012,2026-07-21,2026-07-21,48.36,0.5006,1.5061,0.3551,0.7004,0.8524,0.4082,0.3522,-0.6554,0.1723,多周期共振看空 ⬇⬇⬇,-0.1817,-0.7223,-0.5625
002386,天原股份,74.05,True,5.69,5.94,12,8.48,-7.09,0.86,-4.25,0.1074,2026-07-21,2026-07-21,30.9,0.5709,-0.042,0.4139,0.5257,0.4644,0.3101,0.3518,-0.09,0.455,多周期方向不一致，观望,-0.044,-0.2615,-0.0963
603406,天富龙,9.92,True,27.05,26.12,2,3.54,-8.92,-3.99,3.54,0.0803,2026-07-17,2026-07-21,57.31,0.2059,2.0757,0.3173,0.5236,0.9487,0.4711,0.3518,-0.7311,0.1345,周线日线共振看空,-0.4451,-0.75,
000768,中航西飞,566.11,True,20.39,20.17,4,1.81,-4.7,-1.95,1.11,0.1336,2026-07-17,2026-07-21,46.82,0.5188,-0.0571,0.3057,0.4885,0.8183,0.4905,0.3514,-0.6655,0.1673,多周期共振看空 ⬇⬇⬇,-0.1968,-0.7315,-0.5625
001382,新亚电缆,9.65,True,15.32,15.54,0,-1.43,-20.32,-12.08,-1.43,0.0,2026-07-21,2026-07-21,44.52,0.8974,0.2693,0.3731,0.8462,0.7672,0.3781,0.3506,-0.772,0.114,多周期共振看空 ⬇⬇⬇,-0.556,-0.6577,-0.5625
002373,千方科技,102.91,True,7.47,7.21,3,3.57,-6.45,-2.54,3.57,0.1418,2026-07-17,2026-07-21,54.55,0.5149,-0.2308,0.3546,0.4166,0.9899,0.409,0.3493,-0.7276,0.1362,多周期共振看空 ⬇⬇⬇,-0.3344,-0.75,-0.5625
002281,光迅科技,1458.53,True,187.0,223.99,9,25.1,-25.21,-1.76,-16.51,0.0,2026-07-21,2026-07-21,35.49,0.2183,0.9433,1.0746,0.531,0.5663,0.0,0.3491,0.2633,0.6317,上升趋势中的日线回调（关注买点）,-0.3603,0.6313,0.5625
002103,广博股份,23.64,True,6.09,6.01,5,4.39,-11.1,-3.2,1.26,0.0531,2026-07-14,2026-07-21,48.89,0.3716,0.7584,0.3536,0.6229,0.8642,0.4106,0.349,-0.6979,0.1511,多周期共振看空 ⬇⬇⬇,-0.2582,-0.75,-0.5625
002752,昇兴股份,55.7,True,5.71,5.97,8,5.39,-10.16,-2.06,-4.35,0.0,2026-07-21,2026-07-21,48.43,0.3999,0.4993,0.4278,0.6397,0.8539,0.287,0.3488,-0.4873,0.2563,多周期共振看空 ⬇⬇⬇,-0.4748,-0.394,-0.27
601966,玲珑轮胎,162.01,True,11.07,10.66,6,4.78,-11.4,-3.41,3.85,0.1063,2026-07-13,2026-07-21,66.18,0.3695,0.276,0.2605,0.5321,0.7515,0.5659,0.3481,-0.676,0.162,多周期共振看空 ⬇⬇⬇,-0.2022,-0.75,-0.5625
600745,*ST闻泰,218.09,True,17.12,18.17,10,18.52,-17.04,-0.72,-5.8,0.0,2026-07-21,2026-07-21,49.69,0.8312,0.3886,0.7242,0.8542,0.8821,0.0,0.3478,-0.6424,0.1788,多周期共振看空 ⬇⬇⬇,-0.2201,-0.6608,-0.5625
600166,福田汽车,232.77,True,2.94,3.05,10,5.14,-5.04,-0.39,-3.64,0.1113,2026-07-21,2026-07-21,50.0,0.1033,-0.1316,0.4279,0.2093,0.8889,0.2869,0.3477,-0.1168,0.4416,月线震荡，中短期走弱,-0.2591,-0.2718,0.1014
601700,风范股份,51.36,True,4.51,4.49,6,3.33,-12.29,-3.96,0.47,0.0203,2026-07-13,2026-07-21,47.11,0.3658,0.5598,0.4224,0.6195,0.8246,0.296,0.3472,-0.4889,0.2555,多周期共振看空 ⬇⬇⬇,-0.2678,-0.5075,-0.3375
002791,坚朗五金,30.09,True,13.82,14.05,9,8.42,-10.02,-1.08,-1.65,0.0749,2026-07-21,2026-07-21,52.89,0.6793,-0.0288,0.5101,0.596,0.9531,0.1498,0.3462,-0.6273,0.1864,多周期共振看空 ⬇⬇⬇,-0.1812,-0.6608,-0.5625
600765,中航重机,204.15,True,13.15,13.05,3,1.06,-6.57,-2.63,0.74,0.0882,2026-07-20,2026-07-21,48.66,0.2586,0.4729,0.3294,0.5443,0.859,0.451,0.3461,-0.7056,0.1472,多周期共振看空 ⬇⬇⬇,-0.2887,-0.7408,-0.5625
600793,宜宾纸业,22.29,True,12.6,14.48,11,40.96,-13.0,3.8,-13.0,0.0,2026-07-21,2026-07-21,47.56,0.7619,2.4867,1.0887,0.8571,0.8347,0.0,0.3456,-0.6081,0.196,多周期共振看空 ⬇⬇⬇,-0.1771,-0.6221,-0.5625
600618,氯碱化工,75.43,True,10.06,10.19,7,4.19,-8.24,-1.86,-1.29,0.0797,2026-07-21,2026-07-21,36.67,0.7412,-0.1029,0.4535,0.6035,0.5926,0.2441,0.3455,-0.2994,0.3503,多周期方向不一致，观望,-0.1366,-0.7038,-0.495
600335,国机汽车,75.27,True,4.98,4.89,7,4.52,-10.15,-2.45,1.76,0.1144,2026-07-13,2026-07-21,62.83,-0.0026,0.2548,0.3498,0.3019,0.826,0.417,0.3452,-0.3204,0.3398,多周期方向不一致，观望,-0.1442,-0.7223,-0.5625
002463,沪电股份,2357.37,True,122.6,135.25,8,13.37,-15.45,-1.54,-9.35,0.0,2026-07-21,2026-07-21,37.87,0.3068,0.1723,0.9868,0.453,0.6193,0.0,0.3452,0.2934,0.6467,上升趋势中的日线回调（关注买点）,-0.2767,0.6608,0.5625
600172,黄河旋风,146.64,True,11.49,15.9,15,30.25,-33.84,5.95,-27.74,0.0,2026-07-21,2026-07-21,34.05,0.7289,-0.3727,1.1085,0.4882,0.5344,0.0,0.3447,0.3351,0.6675,上升趋势中的日线回调（关注买点）,-0.1507,0.6929,0.5625
001359,平安电工,53.87,True,89.35,113.23,15,51.7,-24.47,12.72,-21.09,0.0,2026-07-21,2026-07-21,27.71,0.1137,1.0958,0.9593,0.4682,0.3935,0.0,0.3444,0.5334,0.7667,上升趋势中的日线整理,0.0851,0.75,0.5625
002987,京北方,107.59,True,10.63,9.81,1,8.38,-14.36,-7.55,8.38,0.0364,2026-07-20,2026-07-21,60.4,0.7487,0.5896,0.5503,0.8492,0.88,0.0828,0.3443,-0.814,0.093,多周期共振看空 ⬇⬇⬇,-0.556,-0.75,-0.5625
002777,久远银海,50.73,True,12.54,12.23,3,2.91,-10.59,-4.15,2.55,0.0468,2026-07-17,2026-07-21,52.17,0.3302,0.8236,0.3866,0.5981,0.9372,0.3557,0.3437,-0.7287,0.1356,多周期共振看空 ⬇⬇⬇,-0.3372,-0.75,-0.5625
002333,罗普斯金,31.39,True,4.71,4.78,8,2.74,-5.81,-1.37,-1.53,0.1227,2026-07-21,2026-07-21,47.25,0.1417,2.1932,0.2814,0.485,0.8278,0.531,0.3431,-0.7439,0.128,多周期共振看空 ⬇⬇⬇,-0.3977,-0.7315,-0.5625
000017,深中华A,22.48,True,5.1,5.75,15,17.64,-11.23,4.38,-11.23,0.0671,2026-07-21,2026-07-21,31.15,0.6715,1.5154,0.7779,0.8029,0.4701,0.0,0.343,-0.2656,0.3672,多周期方向不一致，观望,0.0202,-0.6221,-0.5625
002614,奥佳华,19.99,True,4.53,4.56,5,4.25,-9.13,-2.89,-0.64,0.0284,2026-07-21,2026-07-21,48.98,0.3214,0.5897,0.3086,0.5928,0.8662,0.4856,0.3427,-0.7032,0.1484,多周期共振看空 ⬇⬇⬇,-0.2718,-0.75,-0.5625
000695,滨海能源,27.97,True,12.61,12.4,1,1.69,-9.86,-4.95,1.69,0.0,2026-07-20,2026-07-21,49.9,0.7869,-0.4606,0.5434,0.4879,0.8866,0.0944,0.3426,-0.1789,0.4105,月线震荡，中短期走弱,-0.6025,-0.2342,0.1492
600728,佳都科技,94.9,True,4.45,4.26,2,4.52,-9.0,-4.15,4.52,0.0974,2026-07-20,2026-07-21,54.55,0.1811,1.0723,0.3903,0.5086,0.9899,0.3495,0.3423,-0.7764,0.1118,多周期共振看空 ⬇⬇⬇,-0.4596,-0.75,-0.5625
002301,齐心集团,52.63,True,7.33,7.78,12,10.16,-9.08,1.19,-5.78,0.0761,2026-07-21,2026-07-21,42.81,-0.3772,0.7799,0.5907,0.4,0.729,0.0155,0.3422,0.0275,0.5138,多周期方向不一致，观望,-0.0001,0.0555,0.0655
001288,运机集团,37.77,True,24.87,23.88,5,9.5,-14.0,-3.58,4.15,0.0939,2026-07-20,2026-07-21,53.22,0.3064,0.9752,0.7728,0.5838,0.9605,0.0,0.3418,-0.578,0.211,多周期共振看空 ⬇⬇⬇,-0.3195,-0.5014,-0.495
002067,景兴纸业,52.43,True,3.92,3.9,8,3.38,-15.52,-4.71,0.47,0.0213,2026-07-20,2026-07-21,53.63,0.5158,0.4793,0.6763,0.7012,0.9696,0.0,0.3414,-0.605,0.1975,多周期共振看空 ⬇⬇⬇,-0.2885,-0.5199,-0.5625
600273,嘉化能源,87.86,True,6.7,6.63,3,1.31,-6.11,-2.88,1.08,0.0912,2026-07-17,2026-07-21,54.25,-0.029,0.5201,0.3151,0.4,0.9833,0.4749,0.3408,-0.692,0.154,多周期共振看空 ⬇⬇⬇,-0.3542,-0.7223,-0.495
600217,中再资环,50.39,True,3.04,2.94,5,5.6,-10.63,-3.53,3.42,0.0821,2026-07-14,2026-07-21,60.0,0.5533,0.0114,0.3734,0.5366,0.8889,0.3777,0.3401,-0.7039,0.1481,多周期共振看空 ⬇⬇⬇,-0.2736,-0.75,-0.5625
603202,天有为,25.61,True,51.0,50.93,3,1.38,-19.55,-9.58,0.13,0.0,2026-07-17,2026-07-21,53.62,0.5025,1.2498,0.4271,0.7015,0.9693,0.2881,0.3395,-0.8003,0.0998,多周期共振看空 ⬇⬇⬇,-0.5208,-0.75,-0.5625
002873,新天药业,17.81,True,7.43,7.69,7,9.26,-10.05,-2.07,-3.35,0.0,2026-07-21,2026-07-21,45.9,0.6227,0.9722,0.4929,0.7736,0.7977,0.1784,0.3393,-0.6234,0.1883,多周期共振看空 ⬇⬇⬇,-0.1729,-0.6594,-0.5625
002391,长青股份,23.34,True,5.03,5.09,5,2.44,-6.19,-1.26,-1.1,0.099,2026-07-21,2026-07-21,48.19,-0.2315,0.7613,0.2851,0.4,0.8487,0.5249,0.3388,-0.6057,0.1971,多周期共振看空 ⬇⬇⬇,-0.221,-0.6467,-0.495
000063,中兴通讯,1404.83,True,34.88,37.28,9,8.64,-9.9,-0.04,-6.44,0.0,2026-07-21,2026-07-21,43.35,0.629,0.0785,0.6969,0.6088,0.7412,0.0,0.3387,-0.1536,0.4232,多周期方向不一致，观望,-0.2159,0.0048,-0.495
002145,钛能化学,169.01,True,4.44,4.56,11,12.33,-8.38,0.58,-2.54,0.1261,2026-07-21,2026-07-21,33.59,0.8624,-0.5655,0.4876,0.5174,0.5242,0.1873,0.3383,-0.2032,0.3984,多周期方向不一致，观望,-0.0806,-0.2614,-0.5625
002475,立讯精密,4425.81,True,60.42,63.76,3,7.57,-11.52,-4.69,-5.24,0.0,2026-07-21,2026-07-21,41.24,0.8215,-0.3096,0.8218,0.569,0.6943,0.0,0.3374,-0.0444,0.4778,月线看多，中短期调整中,-0.5507,-0.1894,0.45
002445,中南文化,63.89,True,2.7,2.8,0,-3.61,-13.02,-8.13,-3.61,0.0,2026-07-21,2026-07-21,35.82,0.7157,-0.1042,0.3226,0.5878,0.5738,0.4623,0.3373,-0.3004,0.3498,月线震荡，中短期走弱,-0.625,-0.4783,0.0041
002126,银轮股份,347.16,True,43.66,49.66,9,11.16,-16.84,-0.93,-12.08,0.0,2026-07-21,2026-07-21,44.2,0.2839,0.2879,0.7921,0.4855,0.7601,0.0,0.3369,0.0063,0.5031,多周期方向不一致，观望,-0.3271,-0.1421,0.45
600797,浙大网新,69.97,True,6.81,6.41,3,6.66,-14.17,-5.95,6.2,0.0539,2026-07-17,2026-07-21,55.33,0.481,4.4515,0.574,0.6886,0.9927,0.0433,0.3368,-0.7627,0.1186,多周期共振看空 ⬇⬇⬇,-0.435,-0.7408,-0.5625
002245,蔚蓝锂芯,276.82,True,17.23,19.44,10,9.7,-20.42,-3.39,-11.39,0.0,2026-07-21,2026-07-21,44.64,0.6033,-0.3141,1.0174,0.4363,0.7697,0.0,0.3367,0.072,0.536,多周期方向不一致，观望,-0.3331,0.0397,0.5625
600731,湖南海利,28.06,True,5.18,5.33,6,2.7,-5.98,-1.49,-2.87,0.064,2026-07-21,2026-07-21,46.38,0.3262,0.8657,0.3909,0.5957,0.8084,0.3485,0.3363,-0.6651,0.1674,多周期共振看空 ⬇⬇⬇,-0.2065,-0.7223,-0.5625
600691,潞化科技,53.93,True,2.27,2.28,3,2.46,-12.7,-5.9,-0.48,0.0,2026-07-21,2026-07-21,46.84,0.6193,0.5442,0.4963,0.7716,0.8186,0.1728,0.336,-0.6672,0.1664,多周期共振看空 ⬇⬇⬇,-0.4145,-0.6161,-0.495
600182,S佳通,21.91,True,12.6,13.18,6,8.86,-7.35,-1.47,-4.4,0.0,2026-07-21,2026-07-21,43.0,0.6421,0.881,0.4323,0.7853,0.7332,0.2796,0.3358,-0.6737,0.1632,多周期共振看空 ⬇⬇⬇,-0.4068,-0.5694,-0.5625
601677,明泰铝业,196.32,True,15.79,15.98,1,0.34,-8.56,-4.06,-1.2,0.0,2026-07-21,2026-07-21,47.25,0.551,-0.5055,0.4332,0.3306,0.8278,0.278,0.3356,-0.0596,0.4702,月线看多，中短期调整中,-0.4473,-0.2379,0.3375
002595,豪迈科技,551.34,True,47.86,46.83,2,2.19,-6.63,-3.31,2.19,0.0789,2026-07-20,2026-07-21,56.09,0.286,-0.0077,0.3409,0.3685,0.9758,0.4319,0.3349,-0.616,0.192,多周期共振看空 ⬇⬇⬇,-0.4312,-0.6468,-0.3375
600617,国新能源,51.14,True,2.88,2.78,6,5.26,-16.64,-5.39,3.52,0.0488,2026-07-13,2026-07-21,55.56,0.2103,0.1193,0.3887,0.3739,0.9877,0.3522,0.3347,-0.5046,0.2477,多周期共振看空 ⬇⬇⬇,-0.2783,-0.533,-0.3375
002230,科大讯飞,912.94,True,41.7,41.17,5,4.34,-10.4,-2.15,1.29,0.1003,2026-07-20,2026-07-21,53.91,0.5186,-0.3049,0.3772,0.3892,0.9758,0.3713,0.3344,-0.6563,0.1719,多周期共振看空 ⬇⬇⬇,-0.1867,-0.7199,-0.5625
601717,中创智领,236.11,True,15.31,14.65,5,4.49,-12.97,-4.93,4.49,0.0684,2026-07-14,2026-07-21,64.14,0.4097,0.3978,0.3813,0.6049,0.7969,0.3645,0.3341,-0.7071,0.1465,多周期共振看空 ⬇⬇⬇,-0.2817,-0.75,-0.5625
000683,博源化工,194.51,True,5.82,5.64,3,3.26,-12.58,-6.14,3.26,0.0035,2026-07-16,2026-07-21,58.9,0.524,0.0946,0.3524,0.5523,0.9132,0.4126,0.3339,-0.6465,0.1768,多周期共振看空 ⬇⬇⬇,-0.486,-0.6669,-0.3375
002132,恒星科技,57.79,True,4.13,5.18,11,12.22,-21.61,-2.69,-20.25,0.0,2026-07-21,2026-07-21,26.07,0.6385,0.8106,0.7996,0.7831,0.3572,0.0,0.3338,-0.0109,0.4945,多周期方向不一致，观望,-0.4812,-0.0856,0.45
002364,中恒电气,223.19,True,39.99,50.74,11,6.44,-26.3,-3.17,-21.19,0.0,2026-07-21,2026-07-21,35.12,0.3769,0.446,0.9598,0.6045,0.5582,0.0,0.3333,0.0294,0.5147,多周期方向不一致，观望,-0.4001,0.0221,0.45
600818,ST中路,13.47,True,5.66,5.77,9,5.23,-5.28,0.25,-1.98,0.1619,2026-07-21,2026-07-21,42.6,0.3072,-0.1973,0.4546,0.3054,0.7245,0.2423,0.3332,-0.2748,0.3626,多周期方向不一致，观望,0.0071,-0.6515,-0.5625
000815,美利云,101.93,True,14.66,13.96,4,7.91,-15.99,-7.61,4.98,0.0,2026-07-20,2026-07-21,49.79,0.7978,-0.5472,0.7849,0.4787,0.8843,0.0,0.3328,-0.1648,0.4176,月线看多，中短期调整中,-0.589,-0.4598,0.18
600219,南山铝业,480.02,True,4.18,4.11,2,1.72,-13.53,-6.61,1.72,0.0,2026-07-17,2026-07-21,56.41,0.5436,0.0993,0.4225,0.5659,0.9687,0.2958,0.3326,-0.6436,0.1782,多周期共振看空 ⬇⬇⬇,-0.5216,-0.6299,-0.3375
603045,福达合金,73.11,True,53.98,70.1,4,17.33,-29.32,-8.73,-23.0,0.0,2026-07-21,2026-07-21,26.75,0.647,0.0901,0.9399,0.6243,0.3722,0.0,0.3326,0.215,0.6075,上升趋势中的日线回调（关注买点）,-0.4258,0.5252,0.5625
002377,国创高新,21.81,True,2.5,2.68,8,9.08,-8.43,-1.6,-6.84,0.0,2026-07-21,2026-07-21,45.1,0.7429,0.2552,0.509,0.7479,0.78,0.1517,0.3323,-0.5956,0.2022,多周期共振看空 ⬇⬇⬇,-0.4004,-0.6283,-0.3375
000428,华天酒店,30.87,True,3.03,3.1,1,2.11,-8.31,-3.82,-2.38,0.0,2026-07-21,2026-07-21,42.86,0.4127,0.4729,0.3172,0.6368,0.7302,0.4713,0.3314,-0.6211,0.1895,多周期共振看空 ⬇⬇⬇,-0.4208,-0.6669,-0.3375
603303,得邦照明,88.43,True,18.54,24.06,2,5.46,-22.94,-11.57,-22.94,0.0,2026-07-21,2026-07-21,31.84,0.4721,0.4915,0.7842,0.6799,0.4854,0.0,0.3314,-0.0191,0.4904,多周期方向不一致，观望,-0.6485,0.0221,0.45
002897,意华股份,113.55,True,61.57,78.74,5,10.19,-28.21,-6.59,-21.81,0.0,2026-07-21,2026-07-21,29.4,0.6091,0.3234,0.9921,0.6949,0.431,0.0,0.3306,0.0161,0.5081,多周期方向不一致，观望,-0.3793,-0.054,0.45
002984,森麒麟,100.38,True,14.06,13.67,5,3.75,-9.02,-2.82,2.82,0.1166,2026-07-14,2026-07-21,66.04,0.1902,0.3255,0.279,0.4443,0.7547,0.5349,0.3304,-0.6808,0.1596,多周期共振看空 ⬇⬇⬇,-0.2143,-0.75,-0.5625
000677,ST海龙,13.31,True,1.54,1.63,5,21.18,-20.44,-5.5,-5.46,0.0,2026-07-21,2026-07-21,51.06,0.6436,0.6937,0.9926,0.7861,0.9125,0.0,0.3298,-0.7147,0.1426,多周期共振看空 ⬇⬇⬇,-0.323,-0.7315,-0.5625
000818,航锦科技,83.59,True,12.7,13.87,12,14.41,-10.47,1.22,-8.41,0.0113,2026-07-21,2026-07-21,31.87,0.6659,1.3739,0.8828,0.7995,0.486,0.0,0.3297,-0.2521,0.374,多周期方向不一致，观望,-0.1011,-0.4588,-0.5625
002533,金杯电工,67.46,True,10.58,10.6,1,0.56,-9.99,-4.15,-0.14,0.0,2026-07-21,2026-07-21,48.39,0.5887,0.0427,0.3362,0.5703,0.853,0.4397,0.3294,-0.653,0.1735,多周期共振看空 ⬇⬇⬇,-0.5133,-0.6577,-0.3375
002166,莱茵生物,46.9,True,6.35,6.49,4,12.3,-15.65,-6.04,-2.13,0.0,2026-07-21,2026-07-21,49.12,0.6563,2.1745,0.5962,0.7938,0.8693,0.0063,0.3291,-0.6855,0.1573,多周期共振看空 ⬇⬇⬇,-0.4273,-0.6453,-0.495
002826,易明医药,28.85,True,15.62,16.58,12,12.72,-6.38,0.81,-5.77,0.0669,2026-07-21,2026-07-21,43.38,0.657,0.2664,0.7278,0.7007,0.7417,0.0,0.329,-0.5397,0.2302,多周期共振看空 ⬇⬇⬇,-0.1745,-0.4741,-0.5625
000868,安凯客车,31.66,True,3.37,3.38,2,2.27,-10.45,-4.49,-0.31,0.0,2026-07-21,2026-07-21,50.0,0.4442,0.3657,0.3386,0.6128,0.8889,0.4357,0.3288,-0.7652,0.1174,多周期共振看空 ⬇⬇⬇,-0.4307,-0.75,-0.5625
600567,山鹰国际,83.26,True,1.32,1.36,10,3.15,-2.99,-0.2,-2.87,0.1723,2026-07-21,2026-07-21,36.0,0.7047,-0.4206,0.2643,0.4546,0.5778,0.5595,0.3284,-0.6543,0.1729,多周期共振看空 ⬇⬇⬇,-0.168,-0.7315,-0.5625
000599,青岛双星,35.85,True,4.39,4.36,5,3.7,-10.96,-4.74,0.73,0.0,2026-07-14,2026-07-21,53.21,0.4419,0.1352,0.3353,0.5192,0.9602,0.4411,0.3279,-0.7125,0.1437,多周期共振看空 ⬇⬇⬇,-0.329,-0.7215,-0.5625
003004,声迅股份,41.16,True,59.87,74.04,18,19.5,-23.08,5.08,-19.13,0.0,2026-07-21,2026-07-21,31.7,0.3251,-0.1391,0.9672,0.3394,0.4823,0.0,0.3276,0.4993,0.7497,上升趋势中的日线整理,-0.0181,0.75,0.5625
600470,六国化工,26.76,True,5.13,6.12,16,16.0,-16.13,3.05,-16.13,0.0,2026-07-21,2026-07-21,34.41,0.7958,0.7081,0.881,0.8775,0.5425,0.0,0.327,-0.4393,0.2803,多周期共振看空 ⬇⬇⬇,-0.1809,-0.473,-0.3375
603194,中力股份,53.6,True,33.92,34.35,5,4.6,-7.76,-3.36,-1.25,0.002,2026-07-21,2026-07-21,41.32,0.5268,0.3976,0.5364,0.6751,0.696,0.1059,0.3268,-0.3907,0.3046,多周期共振看空 ⬇⬇⬇,-0.2831,-0.1661,-0.45
001339,智微智能,127.97,True,79.04,94.42,15,26.67,-22.73,4.87,-16.29,0.0,2026-07-21,2026-07-21,29.59,-0.0846,1.266,0.8606,0.4,0.4352,0.0,0.3265,0.4498,0.7249,上升趋势中的日线整理,-0.1446,0.7298,0.5625
002066,瑞泰科技,45.6,True,19.74,20.62,0,-2.07,-9.07,-5.61,-4.24,0.0,2026-07-21,2026-07-21,45.21,0.5504,-0.7067,0.4387,0.3302,0.7824,0.2688,0.3261,-0.0731,0.4635,月线看多，中短期调整中,-0.4992,-0.2575,0.3375
002528,*ST英飞,45.37,True,4.32,4.39,6,1.59,-10.25,-3.07,-1.58,0.0167,2026-07-21,2026-07-21,57.55,-0.4595,-0.2186,0.4289,0.1126,0.9434,0.2852,0.326,0.0273,0.5137,月线看多，中短期调整中,-0.1839,-0.2748,0.5625
002261,拓维信息,320.79,True,27.99,29.28,10,10.92,-8.56,-0.24,-4.4,0.0429,2026-07-21,2026-07-21,48.7,0.664,0.167,0.7537,0.6652,0.8599,0.0,0.3256,-0.5945,0.2027,多周期共振看空 ⬇⬇⬇,-0.2696,-0.5129,-0.5625
603229,奥翔药业,65.1,True,7.84,8.08,6,6.58,-12.66,-3.13,-2.98,0.0,2026-07-21,2026-07-21,45.12,0.5209,0.5434,0.4995,0.7125,0.7805,0.1676,0.3255,-0.6063,0.1969,多周期共振看空 ⬇⬇⬇,-0.2542,-0.5521,-0.5625
000831,中国稀土,529.34,True,49.88,50.75,4,21.64,-18.17,-5.65,-1.72,0.0,2026-07-21,2026-07-21,40.79,0.8926,-0.4441,0.5301,0.5579,0.6843,0.1164,0.3254,-0.2039,0.3981,月线震荡，中短期走弱,-0.5074,-0.221,-0.0294
001328,登康口腔,44.8,True,27.7,26.8,5,7.44,-11.87,-2.88,3.35,0.0912,2026-07-14,2026-07-21,56.56,-0.156,-0.0598,0.423,0.1761,0.9653,0.295,0.3249,-0.2955,0.3523,多周期方向不一致，观望,-0.1023,-0.6488,-0.5625
002340,格林美,330.45,True,6.51,6.57,1,4.09,-10.01,-5.16,-0.94,0.0,2026-07-21,2026-07-21,46.76,0.8123,-0.215,0.3527,0.6014,0.8169,0.4122,0.3242,-0.6788,0.1606,多周期共振看空 ⬇⬇⬇,-0.5441,-0.5306,-0.495
000930,中粮科技,84.28,True,4.54,4.46,6,4.08,-11.14,-3.49,1.77,0.0675,2026-07-13,2026-07-21,60.87,-0.0526,1.1821,0.3035,0.4,0.8696,0.4941,0.324,-0.649,0.1755,多周期共振看空 ⬇⬇⬇,-0.2655,-0.7038,-0.495
601026,道生天合,16.33,True,14.7,14.17,2,3.72,-8.91,-4.53,3.72,0.0605,2026-07-17,2026-07-21,48.01,0.257,3.1601,0.5226,0.5542,0.8446,0.1289,0.3237,-0.5593,0.2203,周线日线共振看空,-0.4849,-0.45,
001314,亿道信息,61.73,True,49.74,58.91,17,9.15,-15.56,2.17,-15.56,0.0,2026-07-21,2026-07-21,32.01,0.5598,-0.5437,0.7557,0.3359,0.4891,0.0,0.3236,0.4647,0.7324,上升趋势中的日线整理,0.0511,0.7131,0.45
000970,中科三环,154.28,True,12.69,14.93,18,17.48,-18.99,4.82,-15.0,0.0317,2026-07-21,2026-07-21,37.25,0.7222,-0.405,0.9186,0.4713,0.6055,0.0,0.3234,0.0304,0.5152,多周期方向不一致，观望,0.0812,0.3565,-0.2925
600328,中盐化工,89.15,True,6.08,6.1,2,0.49,-8.66,-4.32,-0.38,0.0,2026-07-21,2026-07-21,46.72,0.4932,0.2477,0.3081,0.595,0.816,0.4865,0.3234,-0.7331,0.1335,多周期共振看空 ⬇⬇⬇,-0.4811,-0.7038,-0.495
003043,华亚智能,60.26,True,64.09,88.14,15,30.27,-31.66,5.02,-27.29,0.0,2026-07-21,2026-07-21,20.0,0.3951,0.6921,1.1303,0.637,0.2222,0.0,0.3234,0.3013,0.6506,上升趋势中的日线回调（关注买点）,-0.1947,0.7298,0.45
002389,航天彩虹,174.01,True,17.67,17.62,3,1.37,-8.34,-3.21,0.27,0.0498,2026-07-20,2026-07-21,47.24,0.3334,0.421,0.429,0.5685,0.8275,0.2851,0.3229,-0.6665,0.1668,多周期共振看空 ⬇⬇⬇,-0.3048,-0.641,-0.5625
002998,优彩资源,18.66,True,6.9,7.04,7,9.96,-13.31,-2.73,-1.95,0.0,2026-07-21,2026-07-21,49.35,0.4373,1.2131,0.7215,0.6624,0.8744,0.0,0.3226,-0.5285,0.2358,多周期共振看空 ⬇⬇⬇,-0.2305,-0.469,-0.495
000541,佛山照明,60.22,True,4.93,5.06,11,9.77,-3.64,0.9,-2.64,0.1686,2026-07-21,2026-07-21,25.0,0.7113,-0.5777,0.3118,0.4268,0.3333,0.4803,0.3223,-0.2932,0.3534,多周期方向不一致，观望,-0.1087,-0.6331,-0.5625
603271,永杰新材,40.44,True,42.76,44.09,5,2.91,-7.23,-2.56,-3.02,0.0117,2026-07-21,2026-07-21,41.9,0.5581,-0.7787,0.4154,0.3349,0.7088,0.3077,0.322,-0.0844,0.4578,月线看多，中短期调整中,-0.398,-0.241,0.18
603327,福蓉科技,85.52,True,8.18,8.66,4,10.37,-19.63,-9.22,-5.56,0.0,2026-07-21,2026-07-21,48.39,0.4831,0.6867,0.8942,0.6899,0.8532,0.0,0.322,-0.5518,0.2241,多周期共振看空 ⬇⬇⬇,-0.369,-0.4015,-0.495
600609,金杯汽车,41.09,True,3.15,3.17,4,2.82,-7.28,-3.38,-0.76,0.0224,2026-07-21,2026-07-21,46.75,0.2486,0.8641,0.3211,0.5492,0.8167,0.4649,0.3216,-0.7118,0.1441,多周期共振看空 ⬇⬇⬇,-0.294,-0.75,-0.5625
601177,杭齿前进,49.3,True,12.25,13.04,5,14.71,-14.08,-4.39,-6.07,0.0,2026-07-21,2026-07-21,47.47,0.8241,0.2543,0.7353,0.7962,0.8326,0.0,0.3216,-0.7005,0.1497,多周期共振看空 ⬇⬇⬇,-0.5516,-0.5043,-0.5625
001380,华纬科技,37.19,True,15.98,16.03,5,5.3,-6.45,-2.0,-0.32,0.0805,2026-07-21,2026-07-21,50.9,0.7254,-0.2296,0.5312,0.5434,0.9088,0.1147,0.3213,-0.6746,0.1627,多周期共振看空 ⬇⬇⬇,-0.1984,-0.75,-0.5625
600875,东方电气,592.55,True,26.18,27.86,0,-0.18,-12.68,-7.16,-6.01,0.0,2026-07-21,2026-07-21,37.5,0.7826,-0.3813,0.4565,0.5171,0.6111,0.2392,0.3211,-0.1833,0.4083,月线看多，中短期调整中,-0.6262,-0.5163,0.18
601798,蓝科高新,24.29,True,6.85,7.14,2,2.68,-6.84,-3.17,-4.08,0.0,2026-07-21,2026-07-21,40.2,0.7776,0.8021,0.5139,0.8666,0.6711,0.1435,0.321,-0.7388,0.1306,多周期共振看空 ⬇⬇⬇,-0.3738,-0.7408,-0.5625
600320,振华重工,136.71,True,4.13,4.08,1,1.32,-6.81,-4.18,1.32,0.028,2026-07-20,2026-07-21,50.5,-0.0267,0.5597,0.2941,0.4,0.8999,0.5098,0.3209,-0.6274,0.1863,多周期共振看空 ⬇⬇⬇,-0.4929,-0.619,-0.3375
603551,奥普科技,34.72,True,9.14,9.17,7,3.52,-11.19,-2.7,-0.33,0.0534,2026-07-21,2026-07-21,51.92,-0.3851,0.4008,0.3074,0.3603,0.9316,0.4876,0.3208,-0.6461,0.1769,多周期共振看空 ⬇⬇⬇,-0.2009,-0.6854,-0.5625
603459,红板科技,60.87,True,77.0,91.78,10,22.42,-19.77,-0.62,-16.11,0.0,2026-07-21,2026-07-21,32.01,0.744,-0.0921,1.1446,0.6096,0.4891,0.0,0.3203,0.0,0.5,周线日线方向不一致,0.0,,
002090,金智科技,34.2,True,8.59,8.98,2,3.02,-8.8,-3.62,-4.39,0.0,2026-07-21,2026-07-21,47.12,0.6754,1.108,0.5281,0.8052,0.8248,0.1198,0.3196,-0.817,0.0915,多周期共振看空 ⬇⬇⬇,-0.6066,-0.7131,-0.5625
002602,世纪华通,923.69,True,13.59,13.79,9,5.18,-9.41,-1.18,-1.48,0.1135,2026-07-21,2026-07-21,48.59,0.3442,0.1179,0.4615,0.4537,0.8575,0.2308,0.3189,-0.6604,0.1698,多周期共振看空 ⬇⬇⬇,-0.1728,-0.7408,-0.5625
001285,瑞立科密,16.55,True,39.89,40.99,1,0.03,-9.59,-4.57,-2.68,0.0,2026-07-21,2026-07-21,41.28,0.5059,0.1995,0.3724,0.5834,0.695,0.3794,0.3186,-0.5222,0.2389,周线日线共振看空,-0.4178,-0.45,
002059,云南旅游,41.58,True,4.23,4.27,4,2.64,-7.08,-2.14,-0.98,0.0609,2026-07-21,2026-07-21,45.88,0.4169,-0.1103,0.2616,0.406,0.7974,0.564,0.3184,-0.6566,0.1717,多周期共振看空 ⬇⬇⬇,-0.1632,-0.7408,-0.5625
001378,德冠新材,14.23,True,16.87,19.19,9,9.22,-12.09,-1.71,-12.09,0.0,2026-07-21,2026-07-21,43.02,0.4267,0.46,0.7224,0.64,0.7337,0.0,0.3182,-0.3592,0.3204,多周期共振看空 ⬇⬇⬇,-0.3754,-0.1977,-0.27
002920,德赛西威,504.32,True,84.53,83.35,7,4.9,-13.0,-3.96,1.41,0.0478,2026-07-17,2026-07-21,55.03,0.4464,0.143,0.524,0.525,0.9992,0.1266,0.3181,-0.7101,0.145,多周期共振看空 ⬇⬇⬇,-0.3111,-0.7315,-0.5625
000789,万年青,31.1,True,3.9,3.92,4,3.7,-9.75,-3.26,-0.41,0.014,2026-07-21,2026-07-21,52.05,0.0759,1.1331,0.3052,0.4456,0.9346,0.4913,0.3179,-0.7176,0.1412,多周期共振看空 ⬇⬇⬇,-0.3087,-0.75,-0.5625
002787,华源控股,53.49,True,21.56,27.73,11,17.86,-25.9,-1.79,-22.26,0.0,2026-07-21,2026-07-21,18.52,0.5595,0.4704,0.9295,0.7239,0.1893,0.0,0.3178,0.1571,0.5786,上升趋势中的日线回调（关注买点）,-0.2218,0.1558,0.5625
603203,快克智能,137.66,True,42.5,60.78,9,32.62,-36.39,-0.72,-30.08,0.0,2026-07-21,2026-07-21,26.19,0.6977,-0.049,1.1474,0.599,0.3598,0.0,0.3164,0.1411,0.5706,上升趋势中的日线回调（关注买点）,-0.3038,0.2848,0.45
000691,亚太实业,31.2,True,9.65,11.43,11,34.52,-15.59,4.58,-15.59,0.0,2026-07-21,2026-07-21,27.95,0.6212,-0.4209,0.6426,0.4044,0.3988,0.0,0.3163,0.4046,0.7023,上升趋势中的日线整理,-0.1403,0.6087,0.5625
002848,高斯贝尔,20.98,True,12.68,13.54,6,3.78,-10.53,-3.39,-6.32,0.0,2026-07-21,2026-07-21,36.89,0.681,-0.4434,0.4538,0.4312,0.5974,0.2437,0.3163,-0.0717,0.4642,月线看多，中短期调整中,-0.481,-0.2667,0.3375
003009,中天火箭,88.95,True,54.01,57.85,11,8.22,-8.86,-0.2,-6.65,0.0039,2026-07-21,2026-07-21,38.32,0.5671,0.1196,0.8891,0.5881,0.6293,0.0,0.3161,-0.1765,0.4118,多周期方向不一致，观望,-0.2371,-0.0774,-0.495
600449,宁夏建材,52.6,True,11.0,12.17,6,11.76,-13.13,-3.44,-9.6,0.0,2026-07-21,2026-07-21,47.85,0.5253,0.9246,0.6494,0.7152,0.8412,0.0,0.3161,-0.6248,0.1876,多周期共振看空 ⬇⬇⬇,-0.4945,-0.3869,-0.5625
600006,东风股份,106.4,True,5.32,5.25,4,1.28,-9.94,-4.42,1.28,0.0294,2026-07-17,2026-07-21,54.7,-0.0316,0.375,0.2946,0.35,0.9934,0.509,0.3152,-0.7082,0.1459,多周期共振看空 ⬇⬇⬇,-0.3957,-0.6548,-0.5625
600935,华塑股份,78.22,True,2.23,2.28,6,2.98,-5.15,-1.44,-2.06,0.0906,2026-07-21,2026-07-21,32.5,0.6942,-0.1049,0.4188,0.5746,0.5,0.302,0.3151,-0.4577,0.2712,多周期共振看空 ⬇⬇⬇,-0.1794,-0.5146,-0.3375
002721,金一文化,60.37,True,2.27,2.25,3,2.17,-10.33,-4.19,1.05,0.0045,2026-07-20,2026-07-21,49.21,0.2806,0.4206,0.3721,0.5366,0.8713,0.3798,0.3151,-0.698,0.151,多周期共振看空 ⬇⬇⬇,-0.3015,-0.7131,-0.5625
002980,华盛昌,93.59,True,92.4,103.6,2,5.35,-21.75,-7.94,-10.81,0.0,2026-07-21,2026-07-21,40.65,0.2165,0.1602,1.0683,0.3939,0.681,0.0,0.3151,0.0734,0.5367,多周期方向不一致，观望,-0.3408,0.0521,0.5625
002583,海能达,102.49,True,7.99,7.97,2,0.23,-11.69,-4.98,0.23,0.0,2026-07-20,2026-07-21,48.78,0.6711,-0.03,0.4051,0.5906,0.8618,0.3248,0.3148,-0.7207,0.1396,多周期共振看空 ⬇⬇⬇,-0.3274,-0.7408,-0.5625
000682,东方电子,158.86,True,11.85,12.21,4,6.73,-7.97,-2.72,-2.96,0.0,2026-07-21,2026-07-21,35.02,0.8755,-0.3381,0.3493,0.5901,0.5559,0.4178,0.3147,-0.4279,0.2861,多周期共振看空 ⬇⬇⬇,-0.448,-0.4057,-0.1508
002579,中京电子,69.25,True,11.87,17.49,10,22.57,-38.0,-4.57,-32.12,0.0,2026-07-21,2026-07-21,18.11,0.6928,0.5513,1.136,0.8157,0.1803,0.0,0.3147,-0.0038,0.4981,多周期方向不一致，观望,-0.3585,0.0117,0.2788
600601,方正科技,439.13,True,10.53,12.99,11,12.83,-26.02,-2.2,-18.97,0.0,2026-07-21,2026-07-21,31.74,0.5011,0.152,0.9907,0.5615,0.4831,0.0,0.3145,0.038,0.519,多周期方向不一致，观望,-0.2699,-0.0517,0.45
002148,北纬科技,26.33,True,5.84,6.12,6,12.06,-8.73,-1.92,-4.59,0.0,2026-07-21,2026-07-21,47.31,0.6907,0.7451,0.7814,0.8144,0.8292,0.0,0.3145,-0.7818,0.1091,多周期共振看空 ⬇⬇⬇,-0.5165,-0.7131,-0.5625
002686,亿利达,27.44,True,5.25,5.34,5,4.67,-12.98,-4.7,-1.59,0.0,2026-07-21,2026-07-21,51.93,0.1876,0.5337,0.4434,0.5126,0.9319,0.2611,0.3138,-0.6371,0.1815,多周期共振看空 ⬇⬇⬇,-0.443,-0.5256,-0.495
002129,TCL中环,363.17,True,8.99,10.38,12,18.65,-16.04,0.42,-13.38,0.0,2026-07-21,2026-07-21,26.03,0.9043,-0.2366,0.8235,0.6479,0.3562,0.0,0.3136,0.0448,0.5224,多周期方向不一致，观望,-0.1157,0.0638,0.2323
000410,沈阳机床,92.05,True,4.67,4.66,2,0.37,-11.31,-5.33,0.17,0.0,2026-07-20,2026-07-21,46.99,0.6221,0.298,0.4615,0.6925,0.822,0.2308,0.3135,-0.7712,0.1144,多周期共振看空 ⬇⬇⬇,-0.4461,-0.75,-0.5625
600668,尖峰集团,28.94,True,7.01,7.24,7,4.58,-7.89,-1.39,-3.22,0.0491,2026-07-21,2026-07-21,44.39,0.4837,0.4634,0.57,0.6756,0.7643,0.05,0.3134,-0.6488,0.1756,多周期共振看空 ⬇⬇⬇,-0.1538,-0.7315,-0.5625
601600,中国铝业,1209.43,True,9.16,8.53,5,7.6,-17.98,-8.25,7.44,0.0591,2026-07-17,2026-07-21,64.29,0.6604,-0.0644,0.5896,0.5705,0.7937,0.0173,0.3133,-0.5145,0.2428,多周期共振看空 ⬇⬇⬇,-0.3236,-0.5158,-0.3375
000665,湖北广电,42.41,True,3.73,3.72,4,2.88,-10.49,-4.48,0.15,0.0,2026-07-20,2026-07-21,51.09,0.4971,0.0356,0.3797,0.5125,0.913,0.3671,0.3133,-0.7031,0.1485,多周期共振看空 ⬇⬇⬇,-0.2824,-0.7408,-0.5625
603155,新亚强,62.27,True,13.6,17.25,15,30.23,-25.87,5.21,-21.14,0.0,2026-07-21,2026-07-21,28.32,0.2893,0.0309,1.181,0.3859,0.4072,0.0,0.3132,0.3993,0.6996,上升趋势中的日线整理,-0.0481,0.6283,0.45
002157,正邦科技,225.84,True,2.9,2.91,8,2.99,-8.35,-1.66,-0.46,0.1164,2026-07-21,2026-07-21,42.37,0.2906,-0.4577,0.3877,0.1913,0.7194,0.3538,0.313,-0.2276,0.3862,多周期方向不一致，观望,-0.1281,-0.3958,-0.495
000525,红太阳,46.14,True,4.15,4.05,5,4.51,-12.11,-4.54,2.49,0.0285,2026-07-14,2026-07-21,57.66,0.2701,0.2088,0.3801,0.4456,0.9409,0.3666,0.3129,-0.7005,0.1497,多周期共振看空 ⬇⬇⬇,-0.3079,-0.7131,-0.5625
603031,安孚科技,126.95,True,40.38,49.42,3,3.92,-20.68,-6.1,-18.29,0.0,2026-07-21,2026-07-21,32.75,0.6542,-0.0345,0.8797,0.5787,0.5054,0.0,0.3129,-0.0292,0.4854,多周期方向不一致，观望,-0.5306,-0.1237,0.45
600096,云天化,525.75,True,28.84,29.64,8,11.45,-13.41,-2.23,-2.71,0.0037,2026-07-21,2026-07-21,38.11,0.8673,-0.0473,0.5044,0.7015,0.6246,0.1593,0.3128,-0.5061,0.247,多周期共振看空 ⬇⬇⬇,-0.3554,-0.4701,-0.3375
000523,红棉股份,35.91,True,2.71,2.68,6,5.05,-12.32,-3.84,1.27,0.0311,2026-07-13,2026-07-21,56.82,0.0489,0.2523,0.3056,0.3303,0.9596,0.4906,0.3127,-0.6453,0.1774,多周期共振看空 ⬇⬇⬇,-0.2344,-0.7223,-0.495
601702,华峰铝业,142.49,True,14.27,14.35,1,1.19,-20.11,-9.56,-0.55,0.0,2026-07-21,2026-07-21,52.39,0.6055,0.0119,0.4587,0.5681,0.942,0.2355,0.3125,-0.728,0.136,多周期共振看空 ⬇⬇⬇,-0.5953,-0.5948,-0.495
000503,国新健康,62.67,True,6.4,6.41,3,5.32,-10.4,-3.77,-0.19,0.0,2026-07-21,2026-07-21,48.0,0.3696,2.7829,0.4665,0.6218,0.8444,0.2226,0.3124,-0.687,0.1565,多周期共振看空 ⬇⬇⬇,-0.241,-0.7408,-0.5625
600884,杉杉股份,228.47,True,12.45,12.75,4,4.24,-12.75,-4.76,-2.38,0.0,2026-07-21,2026-07-21,38.54,0.3435,0.368,0.5807,0.5533,0.6343,0.0322,0.3123,-0.1739,0.4131,月线看多，中短期调整中,-0.7425,-0.3642,0.1723
002986,宇新股份,33.2,True,11.0,12.08,16,12.75,-8.91,1.69,-8.91,0.0808,2026-07-21,2026-07-21,26.57,0.2376,0.6135,0.4364,0.5425,0.3682,0.2726,0.3121,-0.2248,0.3876,多周期方向不一致，观望,-0.1282,-0.5408,-0.3375
600104,上汽集团,1202.41,True,10.46,10.1,5,5.05,-12.06,-3.82,3.58,0.0736,2026-07-14,2026-07-21,64.91,0.3566,-0.0068,0.2753,0.4112,0.7797,0.5412,0.3119,-0.7084,0.1458,多周期共振看空 ⬇⬇⬇,-0.2851,-0.75,-0.5625
002204,大连重工,100.24,True,5.19,5.24,0,-0.94,-6.2,-3.75,-0.94,0.0,2026-07-21,2026-07-21,42.11,0.316,0.7671,0.2753,0.5896,0.7135,0.5411,0.3119,-0.7373,0.1314,多周期共振看空 ⬇⬇⬇,-0.4703,-0.7223,-0.495
601869,长飞光纤,1651.28,True,406.38,455.78,8,29.41,-23.2,-2.03,-10.84,0.0,2026-07-21,2026-07-21,35.93,0.0029,0.6973,0.9198,0.4017,0.5761,0.0,0.3116,0.1583,0.5792,上升趋势中的日线回调（关注买点）,-0.3926,0.306,0.5625
002065,东华软件,202.68,True,6.97,7.0,4,1.29,-5.71,-1.69,-0.36,0.1057,2026-07-21,2026-07-21,46.24,0.0609,0.8291,0.3721,0.4365,0.8053,0.3799,0.3113,-0.7322,0.1339,多周期共振看空 ⬇⬇⬇,-0.3892,-0.7131,-0.5625
002859,洁美科技,265.6,True,62.01,85.16,10,27.56,-34.11,-3.64,-27.18,0.0,2026-07-21,2026-07-21,17.13,0.7967,-0.0361,1.0554,0.6636,0.1585,0.0,0.3111,0.2365,0.6182,上升趋势中的日线回调（关注买点）,-0.345,0.6406,0.45
002472,双环传动,282.0,True,37.67,41.33,13,12.03,-12.68,-0.83,-8.86,0.0,2026-07-21,2026-07-21,37.57,0.8053,-0.3741,0.7565,0.5336,0.6126,0.0,0.311,-0.1006,0.4497,多周期方向不一致，观望,-0.2583,-0.1059,-0.115
002552,宝鼎科技,162.88,True,44.2,59.09,6,27.29,-27.16,-5.27,-25.2,0.0,2026-07-21,2026-07-21,34.16,0.0266,0.4424,1.0958,0.393,0.5369,0.0,0.3107,0.2125,0.6062,上升趋势中的日线回调（关注买点）,-0.5615,0.6331,0.5625
002291,遥望科技,42.67,True,4.91,4.84,4,2.99,-10.76,-5.33,1.43,0.0,2026-07-15,2026-07-21,49.62,0.2848,0.4387,0.3886,0.5463,0.8804,0.3524,0.3101,-0.7319,0.1341,多周期共振看空 ⬇⬇⬇,-0.4227,-0.6837,-0.5625
002203,海亮股份,405.49,True,18.33,20.38,6,23.75,-19.43,-4.7,-10.06,0.0,2026-07-21,2026-07-21,33.73,0.7952,-0.453,0.7265,0.496,0.5272,0.0,0.3101,0.0548,0.5274,多周期方向不一致，观望,-0.3782,0.0025,0.5625
600571,信雅达,45.32,True,9.9,9.74,1,1.66,-11.21,-5.0,1.66,0.0,2026-07-20,2026-07-21,46.1,0.459,1.7928,0.4424,0.6754,0.8023,0.2627,0.31,-0.7732,0.1134,多周期共振看空 ⬇⬇⬇,-0.4512,-0.75,-0.5625
600497,驰宏锌锗,464.22,True,9.21,10.53,11,26.3,-20.25,1.87,-12.54,0.0,2026-07-21,2026-07-21,27.37,0.7941,-0.1862,0.8503,0.602,0.386,0.0,0.3098,0.0518,0.5259,多周期方向不一致，观望,-0.1827,-0.0659,0.45
002718,友邦吊顶,81.76,True,87.0,105.49,11,21.0,-18.22,1.14,-17.53,0.0,2026-07-21,2026-07-21,30.56,-0.3516,0.7236,0.7246,0.4,0.4569,0.0,0.3097,0.2895,0.6447,上升趋势中的日线回调（关注买点）,-0.2809,0.6515,0.5625
002457,青龙管业,33.53,True,10.06,12.82,13,18.13,-22.61,-0.4,-21.51,0.0,2026-07-21,2026-07-21,35.58,0.6189,0.077,0.885,0.6021,0.5685,0.0,0.3097,-0.1679,0.4161,多周期方向不一致，观望,-0.3537,-0.0973,-0.3375
002580,圣阳股份,70.07,True,15.49,19.16,5,12.84,-24.52,-9.39,-19.14,0.0,2026-07-21,2026-07-21,30.46,0.8652,-0.2433,0.8976,0.6218,0.4547,0.0,0.3097,-0.0632,0.4684,月线看多，中短期调整中,-0.5097,-0.314,0.45
002925,盈趣科技,145.7,True,19.93,22.67,10,13.11,-17.74,0.63,-12.07,0.0,2026-07-21,2026-07-21,30.74,0.572,-0.2934,0.821,0.4258,0.4609,0.0,0.3094,0.2409,0.6204,上升趋势中的日线整理,-0.1476,0.3083,0.444
603416,信捷电气,67.93,True,48.68,53.58,7,10.01,-11.03,-1.51,-9.15,0.0,2026-07-21,2026-07-21,40.43,0.6507,0.3914,0.6058,0.747,0.6762,0.0,0.3094,-0.5314,0.2343,多周期共振看空 ⬇⬇⬇,-0.4572,-0.281,-0.495
003026,中晶科技,41.42,True,28.65,37.0,12,27.43,-28.9,1.66,-22.57,0.0,2026-07-21,2026-07-21,26.74,0.8514,-0.4602,1.0341,0.5268,0.3719,0.0,0.3093,0.185,0.5925,上升趋势中的日线回调（关注买点）,-0.2044,0.347,0.45
002724,海洋王,27.37,True,4.82,4.88,4,2.01,-7.72,-3.34,-1.33,0.0146,2026-07-21,2026-07-21,45.99,0.4259,0.197,0.3472,0.5343,0.7997,0.4214,0.3091,-0.714,0.143,多周期共振看空 ⬇⬇⬇,-0.3212,-0.7315,-0.5625
001270,铖昌科技,208.9,True,102.0,140.84,12,20.01,-30.25,1.14,-27.57,0.0,2026-07-21,2026-07-21,29.08,0.4451,0.494,1.1638,0.6647,0.4241,0.0,0.3091,-0.0997,0.4501,多周期方向不一致，观望,-0.3946,-0.1002,0.0
002224,三 力 士,26.61,True,3.3,3.34,3,1.56,-8.08,-3.28,-1.21,0.0007,2026-07-21,2026-07-21,47.56,0.226,0.7952,0.3201,0.5356,0.8347,0.4665,0.3086,-0.7644,0.1178,多周期共振看空 ⬇⬇⬇,-0.4503,-0.7315,-0.5625
603339,四方科技,34.97,True,11.14,13.84,16,16.48,-24.72,1.77,-19.51,0.0,2026-07-21,2026-07-21,34.77,0.6078,0.4771,0.9014,0.7555,0.5503,0.0,0.3085,-0.4014,0.2993,多周期共振看空 ⬇⬇⬇,-0.2735,-0.2653,-0.3825
000551,创元科技,62.36,True,12.87,17.36,14,28.07,-30.26,2.9,-25.84,0.0,2026-07-21,2026-07-21,18.94,0.6439,0.5577,0.907,0.7863,0.1986,0.0,0.3084,-0.0292,0.4854,多周期方向不一致，观望,-0.1868,-0.0344,0.0662
002296,辉煌科技,30.18,True,8.69,8.87,0,-0.65,-9.64,-3.96,-2.0,0.0,2026-07-21,2026-07-21,42.04,0.4619,0.5817,0.384,0.6771,0.7119,0.36,0.3079,-0.7623,0.1189,多周期共振看空 ⬇⬇⬇,-0.5774,-0.6854,-0.495
603351,威尔药业,30.95,True,22.85,25.35,11,9.19,-9.88,0.1,-9.88,0.0,2026-07-21,2026-07-21,31.92,0.7336,0.9323,0.6613,0.8402,0.487,0.0,0.3077,-0.4674,0.2663,多周期共振看空 ⬇⬇⬇,-0.2092,-0.2855,-0.5625
002353,杰瑞股份,870.78,True,126.01,148.71,11,16.64,-23.81,-2.59,-15.26,0.0,2026-07-21,2026-07-21,39.13,-0.6361,1.0117,0.9858,0.4,0.6473,0.0,0.3075,0.0433,0.5216,多周期方向不一致，观望,-0.3397,0.0313,0.45
603013,亚普股份,81.26,True,15.99,16.28,2,3.82,-10.43,-4.3,-1.77,0.0,2026-07-21,2026-07-21,49.83,0.6196,0.2302,0.5169,0.6638,0.8851,0.1386,0.3074,-0.7761,0.1119,多周期共振看空 ⬇⬇⬇,-0.5685,-0.656,-0.5625
600477,杭萧钢构,54.96,True,2.33,2.33,3,0.55,-9.8,-4.85,0.0,0.0,2026-07-20,2026-07-21,47.54,0.0836,0.5005,0.3583,0.4502,0.8342,0.4028,0.3073,-0.5853,0.2073,多周期共振看空 ⬇⬇⬇,-0.4781,-0.539,-0.3375
002056,横店东磁,371.16,True,22.84,27.86,13,17.55,-23.2,1.26,-18.01,0.0,2026-07-21,2026-07-21,28.36,0.746,-0.5162,0.9233,0.4476,0.408,0.0,0.3071,0.2513,0.6257,上升趋势中的日线回调（关注买点）,-0.1973,0.4513,0.5625
600456,宝钛股份,134.83,True,28.22,27.4,5,4.08,-12.55,-4.28,3.0,0.0515,2026-07-17,2026-07-21,52.18,0.7148,-0.3076,0.5591,0.5059,0.9374,0.0682,0.307,-0.6564,0.1718,多周期共振看空 ⬇⬇⬇,-0.2844,-0.7038,-0.495
002571,德力股份,29.47,True,9.88,10.33,1,0.47,-12.68,-6.2,-4.32,0.0,2026-07-21,2026-07-21,42.94,0.4342,-0.1053,0.443,0.4184,0.732,0.2616,0.3069,-0.3017,0.3491,月线震荡，中短期走弱,-0.4676,-0.4961,-0.1171
000555,神州信息,102.24,True,10.49,10.13,1,3.52,-11.27,-7.06,3.52,0.0,2026-07-20,2026-07-21,50.51,0.5481,1.2928,0.5662,0.7289,0.9002,0.0564,0.3068,-0.8374,0.0813,多周期共振看空 ⬇⬇⬇,-0.616,-0.75,-0.5625
002215,诺 普 信,68.13,True,8.43,8.74,5,4.21,-8.92,-2.03,-3.58,0.0,2026-07-21,2026-07-21,47.83,0.4926,0.3686,0.4933,0.643,0.8406,0.1779,0.3066,-0.7272,0.1364,多周期共振看空 ⬇⬇⬇,-0.3763,-0.7131,-0.5625
000422,湖北宜化,138.47,True,13.09,13.51,10,11.16,-8.37,-0.43,-3.13,0.0702,2026-07-21,2026-07-21,24.87,0.8668,0.1411,0.5504,0.7765,0.3305,0.0827,0.3064,-0.4224,0.2888,多周期共振看空 ⬇⬇⬇,-0.1896,-0.4283,-0.3375
603310,巍华新材,28.0,True,14.43,14.95,4,6.02,-7.05,-2.26,-3.49,0.0,2026-07-21,2026-07-21,33.02,0.825,0.1113,0.3844,0.7395,0.5115,0.3593,0.3059,-0.6377,0.1811,多周期共振看空 ⬇⬇⬇,-0.4202,-0.4789,-0.5625
601633,长城汽车,1000.82,True,16.09,15.23,5,7.37,-10.25,-3.58,5.62,0.1305,2026-07-14,2026-07-21,67.78,0.5697,-0.3687,0.3712,0.3943,0.7159,0.3814,0.3059,-0.6607,0.1697,多周期共振看空 ⬇⬇⬇,-0.1737,-0.7408,-0.5625
600496,精工钢构,63.49,True,3.19,3.2,3,0.56,-12.22,-5.5,-0.19,0.0,2026-07-21,2026-07-21,54.93,-0.1769,0.5171,0.3319,0.4,0.9984,0.4468,0.3054,-0.7526,0.1237,多周期共振看空 ⬇⬇⬇,-0.5761,-0.6652,-0.495
002562,兄弟科技,35.06,True,4.31,4.39,0,-0.4,-8.52,-4.62,-1.74,0.0,2026-07-21,2026-07-21,43.75,0.4903,0.3725,0.3712,0.6432,0.75,0.3814,0.3047,-0.7968,0.1016,多周期共振看空 ⬇⬇⬇,-0.5226,-0.7408,-0.5625
000636,风华高科,512.79,True,44.32,62.19,8,24.44,-34.02,-4.54,-28.73,0.0,2026-07-21,2026-07-21,24.54,0.312,0.2855,1.1345,0.5014,0.323,0.0,0.3047,0.2476,0.6238,上升趋势中的日线回调（关注买点）,-0.4005,0.6129,0.5625
000786,北新建材,321.85,True,19.05,18.05,4,5.77,-11.78,-6.19,5.53,0.0471,2026-07-15,2026-07-21,57.6,-0.2784,0.6434,0.3818,0.4,0.9422,0.3636,0.3042,-0.7406,0.1297,多周期共振看空 ⬇⬇⬇,-0.4217,-0.7038,-0.5625
603105,芯能科技,34.25,True,6.85,6.82,2,2.31,-13.25,-7.13,0.41,0.0,2026-07-17,2026-07-21,46.51,0.4412,0.1756,0.3414,0.535,0.8114,0.431,0.3041,-0.7413,0.1294,多周期共振看空 ⬇⬇⬇,-0.556,-0.6577,-0.495
002872,ST天圣,10.04,True,4.67,4.78,7,3.81,-11.15,-2.93,-2.2,0.0,2026-07-21,2026-07-21,50.31,0.216,-0.048,0.4479,0.3104,0.8958,0.2535,0.3038,-0.3438,0.3281,多周期共振看空 ⬇⬇⬇,-0.2033,-0.4113,-0.1701
603021,*ST华鹏,20.51,True,6.41,6.96,13,12.25,-13.19,1.84,-7.84,0.0569,2026-07-21,2026-07-21,42.78,-0.1504,0.1824,0.6824,0.2729,0.7284,0.0,0.3038,-0.0166,0.4917,多周期方向不一致，观望,-0.0128,-0.2421,0.18
600288,大恒科技,44.95,True,10.29,14.0,12,29.22,-26.52,3.81,-26.52,0.0,2026-07-21,2026-07-21,39.43,0.637,15.9223,1.0702,0.7822,0.6541,0.0,0.3036,-0.6073,0.1964,多周期共振看空 ⬇⬇⬇,-0.3414,-0.5471,-0.495
603061,金海通,270.91,True,311.39,417.06,15,45.27,-32.45,9.87,-25.34,0.0,2026-07-21,2026-07-21,20.69,-0.3522,0.7757,1.199,0.4,0.2375,0.0,0.3036,0.5037,0.7519,上升趋势中的日线整理,0.0188,0.7298,0.5625
000822,山东海化,35.71,True,3.99,4.06,0,-0.26,-10.34,-5.85,-1.69,0.0,2026-07-21,2026-07-21,43.62,0.3652,0.7286,0.3322,0.6191,0.747,0.4463,0.3032,-0.8187,0.0907,多周期共振看空 ⬇⬇⬇,-0.622,-0.7038,-0.5625
600563,法拉电子,293.58,True,130.48,154.8,8,15.99,-22.12,-5.16,-15.71,0.0,2026-07-21,2026-07-21,23.79,0.9019,-0.2192,0.8519,0.6535,0.3065,0.0,0.3031,0.0111,0.5056,多周期方向不一致，观望,-0.405,-0.054,0.45
600183,生益科技,3248.62,True,135.67,154.77,8,24.29,-21.13,-2.38,-12.34,0.0,2026-07-21,2026-07-21,38.91,-0.012,0.1245,1.0317,0.2498,0.6424,0.0,0.303,0.2533,0.6267,上升趋势中的日线回调（关注买点）,-0.423,0.6515,0.5625
600308,华泰股份,47.33,True,3.12,3.14,8,3.31,-8.9,-2.34,-0.68,0.0824,2026-07-21,2026-07-21,52.73,-0.0593,-0.0797,0.276,0.1681,0.9495,0.54,0.3027,-0.6166,0.1917,多周期共振看空 ⬇⬇⬇,-0.1715,-0.7131,-0.495
601096,宏盛华源,68.35,True,4.16,4.23,0,-1.67,-8.26,-5.67,-1.67,0.0,2026-07-21,2026-07-21,41.25,0.1854,0.44,0.2358,0.4872,0.6944,0.6071,0.3025,-0.6788,0.1606,多周期共振看空 ⬇⬇⬇,-0.556,-0.6778,-0.3375
603533,掌阅科技,87.03,True,19.83,19.44,3,2.0,-11.27,-5.85,2.0,0.0,2026-07-17,2026-07-21,47.83,0.2954,0.994,0.6818,0.5772,0.8407,0.0,0.3023,-0.5139,0.243,多周期共振看空 ⬇⬇⬇,-0.3662,-0.478,-0.3375
603407,长裕集团,21.0,True,58.49,79.25,12,54.85,-33.9,10.6,-26.2,0.0,2026-07-21,2026-07-21,17.41,0.604,1.3269,1.1482,0.7624,0.1648,0.0,0.3022,0.0,0.5,周线日线方向不一致,0.0,,
603040,新坐标,107.53,True,54.77,62.66,11,11.72,-19.86,-0.97,-12.59,0.0,2026-07-21,2026-07-21,31.26,0.5214,1.13,0.8404,0.7129,0.4725,0.0,0.3021,-0.2912,0.3544,多周期共振看空 ⬇⬇⬇,-0.2531,-0.1981,-0.225
000570,苏常柴Ａ,26.45,True,4.76,4.83,3,1.43,-9.57,-3.82,-1.48,0.0,2026-07-21,2026-07-21,49.17,0.0485,0.9763,0.3493,0.4291,0.8704,0.4178,0.3019,-0.6498,0.1751,多周期共振看空 ⬇⬇⬇,-0.4305,-0.4967,-0.5625
601877,正泰电器,523.06,True,24.34,24.54,0,-0.52,-8.13,-5.12,-0.84,0.0,2026-07-21,2026-07-21,44.47,0.4329,0.0067,0.256,0.4624,0.766,0.5733,0.3016,-0.705,0.1475,多周期共振看空 ⬇⬇⬇,-0.625,-0.6762,-0.3375
002748,世龙实业,23.14,True,9.64,10.81,12,8.8,-10.84,-0.16,-10.84,0.0,2026-07-21,2026-07-21,36.62,0.4526,0.4888,0.5196,0.6671,0.5915,0.134,0.3014,-0.4731,0.2634,多周期共振看空 ⬇⬇⬇,-0.2204,-0.5134,-0.3375
000630,铜陵有色,666.35,True,5.98,6.19,3,15.11,-12.18,-5.95,-3.36,0.0,2026-07-21,2026-07-21,42.65,0.9014,-0.6909,0.5014,0.5408,0.7256,0.1644,0.3014,-0.4564,0.2718,多周期共振看空 ⬇⬇⬇,-0.3674,-0.3506,-0.3375
600378,昊华科技,482.44,True,44.98,62.46,11,40.19,-33.59,3.49,-27.99,0.0,2026-07-21,2026-07-21,16.36,0.8418,-0.2597,1.1114,0.6012,0.1414,0.0,0.3013,0.2789,0.6394,上升趋势中的日线回调（关注买点）,-0.2437,0.584,0.5625
600460,士兰微,546.98,True,32.87,44.69,14,35.24,-34.18,6.85,-26.46,0.0,2026-07-21,2026-07-21,18.35,0.6934,-0.067,0.8838,0.5892,0.1855,0.0,0.3012,0.2441,0.622,上升趋势中的日线回调（关注买点）,-0.1965,0.539,0.45
601882,海天精工,95.21,True,18.24,19.28,5,5.27,-10.95,-3.88,-5.38,0.0,2026-07-21,2026-07-21,37.25,0.2618,0.4579,0.6161,0.5402,0.6055,0.0,0.301,-0.1828,0.4086,月线震荡，中短期走弱,-0.4937,-0.1913,0.0
601065,江盐集团,42.94,True,6.68,6.77,4,1.27,-9.29,-3.24,-1.35,0.0,2026-07-21,2026-07-21,47.78,-0.2095,2.4294,0.233,0.4,0.8395,0.6116,0.3008,-0.7306,0.1347,多周期共振看空 ⬇⬇⬇,-0.3529,-0.7408,-0.5625
600409,三友化工,122.21,True,5.92,6.05,7,7.81,-12.29,-2.79,-2.12,0.0,2026-07-21,2026-07-21,41.62,0.372,0.292,0.485,0.54,0.7028,0.1916,0.3006,-0.4561,0.272,多周期共振看空 ⬇⬇⬇,-0.1943,-0.4983,-0.3375
000700,模塑科技,104.47,True,11.38,14.47,5,14.01,-23.71,-4.99,-21.38,0.0,2026-07-21,2026-07-21,32.13,0.6725,-0.1693,0.9008,0.5358,0.4918,0.0,0.3003,-0.0449,0.4775,多周期方向不一致，观望,-0.4219,-0.0713,0.2356
600894,广日股份,64.5,True,7.65,7.71,2,0.84,-5.61,-2.3,-0.74,0.0406,2026-07-21,2026-07-21,46.98,-0.0729,0.6141,0.3303,0.4,0.8218,0.4496,0.2997,-0.686,0.157,多周期共振看空 ⬇⬇⬇,-0.3353,-0.6577,-0.5625
002084,海鸥住工,20.82,True,3.23,3.58,19,8.35,-9.89,3.43,-9.89,0.1456,2026-07-21,2026-07-21,33.88,0.1118,0.057,0.4513,0.2899,0.5308,0.2479,0.2995,-0.2521,0.374,多周期方向不一致，观望,0.0463,-0.5852,-0.5625
600679,上海凤凰,30.97,True,9.01,8.98,6,3.59,-9.34,-2.68,0.32,0.0625,2026-07-13,2026-07-21,49.33,0.1791,-0.0066,0.3156,0.3048,0.8741,0.4739,0.2994,-0.6708,0.1646,多周期共振看空 ⬇⬇⬇,-0.1888,-0.75,-0.5625
002947,恒铭达,113.07,True,57.02,70.36,0,-2.29,-25.53,-12.26,-18.96,0.0,2026-07-21,2026-07-21,30.38,0.582,0.0688,0.7183,0.5767,0.453,0.0,0.2992,-0.0724,0.4638,多周期方向不一致，观望,-0.729,-0.1433,0.45
000887,中鼎股份,227.91,True,17.34,18.27,5,7.46,-17.53,-6.66,-5.1,0.0,2026-07-21,2026-07-21,47.74,0.7259,-0.0863,0.8087,0.601,0.8387,0.0,0.299,-0.5763,0.2118,多周期共振看空 ⬇⬇⬇,-0.3702,-0.3867,-0.5625
002429,兆驰股份,363.76,True,8.04,9.98,2,3.21,-25.56,-8.31,-19.41,0.0,2026-07-21,2026-07-21,34.07,0.3008,0.4051,0.8197,0.5425,0.5348,0.0,0.2985,-0.122,0.439,月线看多，中短期调整中,-0.6064,-0.2379,0.1765
001386,马可波罗,15.27,True,14.2,14.41,1,0.74,-8.02,-4.09,-1.47,0.0,2026-07-21,2026-07-21,46.22,-0.2705,0.9307,0.3406,0.4,0.8049,0.4323,0.2984,-0.5643,0.2178,周线日线共振看空,-0.4939,-0.45,
002950,奥美医疗,37.94,True,8.83,9.16,8,9.67,-6.28,-0.81,-3.59,0.0474,2026-07-21,2026-07-21,43.28,0.8234,-0.5618,0.5474,0.494,0.7396,0.0876,0.2983,-0.4756,0.2622,多周期共振看空 ⬇⬇⬇,-0.2193,-0.5198,-0.3375
603083,剑桥科技,471.39,True,171.05,211.08,9,30.63,-26.08,0.68,-18.96,0.0,2026-07-21,2026-07-21,28.62,0.2188,0.335,1.0018,0.4653,0.4138,0.0,0.2982,0.1448,0.5724,上升趋势中的日线回调（关注买点）,-0.2785,0.1629,0.5625
603110,东方材料,39.74,True,19.75,22.3,10,15.31,-15.45,0.03,-11.45,0.0,2026-07-21,2026-07-21,41.81,0.2707,-0.1184,0.7877,0.3151,0.7068,0.0,0.2979,0.0312,0.5156,多周期方向不一致，观望,-0.3324,-0.0278,0.45
603109,神驰机电,33.52,True,16.05,16.65,2,1.64,-13.38,-5.74,-3.6,0.0,2026-07-21,2026-07-21,45.42,0.3294,0.9029,0.4195,0.5977,0.7871,0.3009,0.2972,-0.7636,0.1182,多周期共振看空 ⬇⬇⬇,-0.4589,-0.7223,-0.5625
002496,辉丰股份,21.97,True,1.86,2.0,2,5.68,-18.72,-6.94,-7.23,0.0,2026-07-21,2026-07-21,43.16,0.571,-0.7014,0.6855,0.3426,0.7368,0.0,0.2968,-0.058,0.471,月线看多，中短期调整中,-0.5367,-0.1539,0.3375
600271,航天信息,122.48,True,6.61,6.6,2,1.11,-8.12,-3.61,0.09,0.0235,2026-07-20,2026-07-21,46.23,0.2721,0.4733,0.403,0.5526,0.8051,0.3283,0.2964,-0.7982,0.1009,多周期共振看空 ⬇⬇⬇,-0.5261,-0.7408,-0.5625
600685,中船防务,207.91,True,25.31,25.73,4,8.44,-7.8,-1.58,-1.64,0.0301,2026-07-21,2026-07-21,48.89,0.2044,0.4823,0.6466,0.5156,0.8643,0.0,0.2963,-0.5641,0.2179,多周期共振看空 ⬇⬇⬇,-0.3894,-0.5685,-0.3375
002054,德美化工,25.54,True,6.65,6.88,1,1.66,-9.92,-4.2,-3.4,0.0,2026-07-21,2026-07-21,43.72,0.3445,0.4748,0.4787,0.5966,0.7492,0.2021,0.2961,-0.6462,0.1769,多周期共振看空 ⬇⬇⬇,-0.5415,-0.6185,-0.3375
603383,顶点软件,54.77,True,26.67,26.84,0,-0.64,-10.36,-4.68,-0.64,0.0,2026-07-21,2026-07-21,37.83,0.6972,0.2607,0.482,0.7226,0.6184,0.1967,0.296,-0.6875,0.1562,多周期共振看空 ⬇⬇⬇,-0.4302,-0.5798,-0.5625
002545,东方铁塔,186.25,True,16.48,16.6,0,-0.7,-15.81,-8.09,-0.7,0.0,2026-07-21,2026-07-21,46.87,0.3734,0.2559,0.5356,0.5264,0.8193,0.1073,0.2958,-0.5451,0.2274,多周期共振看空 ⬇⬇⬇,-0.4552,-0.4703,-0.3375
000737,北方铜业,247.78,True,12.87,12.81,4,10.61,-13.19,-4.5,0.48,0.0,2026-07-20,2026-07-21,46.3,0.8312,-0.5552,0.5015,0.4987,0.8068,0.1642,0.2955,-0.5331,0.2334,多周期共振看空 ⬇⬇⬇,-0.3075,-0.4131,-0.495
002971,和远气体,60.71,True,37.71,57.7,11,60.5,-36.42,3.54,-34.65,0.0,2026-07-21,2026-07-21,18.72,0.6889,-0.1064,0.9741,0.5708,0.1938,0.0,0.2955,0.2183,0.6091,上升趋势中的日线回调（关注买点）,-0.3397,0.5748,0.45
601138,工业富联,12100.93,True,60.98,66.2,4,6.73,-15.49,-6.33,-7.89,0.0,2026-07-21,2026-07-21,37.58,0.6618,-0.5631,0.7538,0.3971,0.6128,0.0,0.2953,-0.0084,0.4958,多周期方向不一致，观望,-0.4833,-0.0725,0.45
600331,宏达股份,233.68,True,11.5,11.02,1,4.4,-16.15,-8.56,4.4,0.0,2026-07-20,2026-07-21,56.32,0.2363,0.4501,0.6408,0.5218,0.9707,0.0,0.2953,-0.6377,0.1811,多周期共振看空 ⬇⬇⬇,-0.5515,-0.5913,-0.3375
002937,兴瑞科技,110.0,True,34.9,41.89,14,19.41,-18.79,3.92,-16.69,0.0,2026-07-21,2026-07-21,29.51,0.1348,-0.1317,0.6419,0.2282,0.4335,0.0,0.295,0.4748,0.7374,上升趋势中的日线整理,-0.0926,0.75,0.5625
002530,金财互联,46.43,True,6.68,6.76,0,-1.12,-10.47,-6.03,-1.12,0.0,2026-07-21,2026-07-21,42.78,0.5323,0.211,0.3643,0.6038,0.7284,0.3928,0.2947,-0.7972,0.1014,多周期共振看空 ⬇⬇⬇,-0.556,-0.7131,-0.5625
603186,华正新材,232.05,True,148.0,193.89,8,57.65,-27.62,3.14,-23.67,0.0,2026-07-21,2026-07-21,27.44,-0.1928,0.4918,0.9984,0.3967,0.3877,0.0,0.2944,0.2552,0.6276,上升趋势中的日线回调（关注买点）,-0.405,0.6423,0.5625
002360,ST同德,15.3,True,4.7,5.17,9,14.24,-18.32,-2.86,-9.05,0.0,2026-07-21,2026-07-21,46.1,0.2316,0.1439,0.7841,0.3965,0.8023,0.0,0.2944,-0.2417,0.3791,多周期方向不一致，观望,-0.1341,-0.6098,-0.3375
002940,昂利康,45.8,True,24.72,27.52,6,7.31,-12.99,-3.89,-10.19,0.0,2026-07-21,2026-07-21,37.46,0.6477,0.334,0.8989,0.7222,0.6103,0.0,0.2943,-0.5336,0.2332,多周期共振看空 ⬇⬇⬇,-0.3203,-0.3358,-0.5625
002238,天威视讯,44.62,True,5.56,5.55,5,3.64,-9.68,-4.09,0.26,0.0182,2026-07-14,2026-07-21,51.63,0.4211,-0.1865,0.3789,0.3781,0.9252,0.3686,0.2942,-0.7001,0.15,多周期共振看空 ⬇⬇⬇,-0.2638,-0.75,-0.5625
600592,龙溪股份,52.14,True,13.05,13.99,1,1.44,-22.34,-10.46,-6.74,0.0,2026-07-21,2026-07-21,40.87,0.7175,0.5632,0.6755,0.8305,0.686,0.0,0.2937,-0.802,0.099,多周期共振看空 ⬇⬇⬇,-0.6025,-0.6837,-0.5625
002838,道恩股份,117.82,True,28.01,31.83,7,4.68,-18.3,-3.22,-12.01,0.0,2026-07-21,2026-07-21,39.76,-0.3404,0.431,0.8578,0.3724,0.6613,0.0,0.2934,-0.0423,0.4788,多周期方向不一致，观望,-0.4764,-0.1005,0.323
603165,荣晟环保,38.93,True,12.45,13.42,2,1.51,-14.56,-6.14,-7.23,0.0,2026-07-21,2026-07-21,44.05,0.3613,-0.0246,0.5782,0.4069,0.7567,0.0364,0.2933,-0.2422,0.3789,月线震荡，中短期走弱,-0.5804,-0.2852,-0.0315
002279,久其软件,46.78,True,5.88,5.76,3,2.13,-15.44,-7.36,2.13,0.0,2026-07-17,2026-07-21,50.6,0.0954,0.5092,0.4156,0.4572,0.9023,0.3074,0.2933,-0.714,0.143,多周期共振看空 ⬇⬇⬇,-0.389,-0.7408,-0.495
600361,创新新材,133.26,True,3.57,3.56,1,0.17,-12.47,-6.21,0.17,0.0,2026-07-20,2026-07-21,39.29,0.6253,-0.1889,0.2874,0.4996,0.6508,0.521,0.2933,-0.6508,0.1746,多周期共振看空 ⬇⬇⬇,-0.5515,-0.4626,-0.495
002401,中远海科,42.85,True,11.54,11.68,1,0.0,-8.09,-4.42,-1.19,0.0,2026-07-21,2026-07-21,46.09,0.4192,0.0724,0.2938,0.4805,0.802,0.5104,0.2931,-0.7947,0.1027,多周期共振看空 ⬇⬇⬇,-0.5065,-0.75,-0.5625
603380,易德龙,56.19,True,35.02,42.05,14,21.32,-20.83,4.46,-16.71,0.0,2026-07-21,2026-07-21,32.83,0.247,0.3783,0.9199,0.4995,0.5074,0.0,0.293,-0.0637,0.4682,多周期方向不一致，观望,-0.0954,-0.1417,-0.0567
600727,鲁北化工,36.26,True,6.86,6.93,0,-0.17,-12.47,-5.38,-1.07,0.0,2026-07-21,2026-07-21,45.62,0.6584,-0.5494,0.4049,0.3951,0.7917,0.3251,0.2927,-0.5004,0.2498,多周期共振看空 ⬇⬇⬇,-0.4203,-0.4021,-0.3375
603352,至信股份,10.92,True,24.08,25.59,0,-1.7,-10.55,-6.04,-5.92,0.0,2026-07-21,2026-07-21,29.87,-0.0538,0.7536,0.3335,0.4,0.4416,0.4441,0.2926,-0.1848,0.4076,周线日线方向不一致,-0.616,0.0,
000657,中钨高新,878.15,True,60.44,80.88,9,42.18,-32.45,-2.71,-25.27,0.0,2026-07-21,2026-07-21,21.19,0.623,0.0173,0.8589,0.5808,0.2486,0.0,0.2924,0.1114,0.5557,上升趋势中的日线回调（关注买点）,-0.3907,0.2592,0.45
002955,鸿合科技,56.4,True,28.83,32.18,12,22.15,-16.81,1.74,-10.4,0.0,2026-07-21,2026-07-21,26.53,0.0838,0.8697,0.7159,0.4503,0.3672,0.0,0.2923,0.1774,0.5887,上升趋势中的日线回调（关注买点）,-0.2102,0.439,0.3375
600490,鹏欣资源,121.75,True,6.11,6.03,2,1.39,-15.3,-7.56,1.39,0.0,2026-07-20,2026-07-21,55.05,0.2531,0.2554,0.6665,0.454,0.9988,0.0,0.2923,-0.5866,0.2067,多周期共振看空 ⬇⬇⬇,-0.3999,-0.4515,-0.495
002436,兴森科技,496.06,True,32.68,43.08,10,31.29,-30.13,-1.3,-24.14,0.0,2026-07-21,2026-07-21,27.95,0.5212,-0.2346,0.9621,0.4189,0.3989,0.0,0.292,0.1869,0.5935,上升趋势中的日线回调（关注买点）,-0.3601,0.3743,0.5625
000545,金浦钛业,23.65,True,2.4,2.55,12,13.34,-5.85,1.34,-5.85,0.0784,2026-07-21,2026-07-21,37.21,0.6936,-0.0696,0.6732,0.5883,0.6047,0.0,0.292,-0.5189,0.2405,多周期共振看空 ⬇⬇⬇,-0.1814,-0.49,-0.495
600506,统一股份,33.15,True,13.28,14.02,0,-2.76,-14.33,-7.81,-5.27,0.0,2026-07-21,2026-07-21,35.99,0.6888,0.2147,0.455,0.6991,0.5775,0.2416,0.2916,-0.6722,0.1639,多周期共振看空 ⬇⬇⬇,-0.6673,-0.4105,-0.495
002722,物产金轮,26.02,True,11.7,11.95,3,2.14,-7.8,-2.81,-2.08,0.0,2026-07-21,2026-07-21,47.23,-0.0938,0.653,0.3073,0.4,0.8274,0.4879,0.2914,-0.6916,0.1542,多周期共振看空 ⬇⬇⬇,-0.3748,-0.6363,-0.5625
002158,汉钟精机,140.59,True,26.35,33.41,15,19.41,-26.42,3.57,-21.12,0.0,2026-07-21,2026-07-21,26.33,0.6061,-0.1204,0.866,0.5155,0.3628,0.0,0.2912,0.0691,0.5345,多周期方向不一致，观望,-0.2788,0.0929,0.45
002853,皮阿诺,24.44,True,18.99,20.91,7,13.26,-14.28,-4.48,-9.17,0.0,2026-07-21,2026-07-21,44.11,0.4186,0.6575,0.6551,0.6512,0.7581,0.0,0.2912,-0.6221,0.189,多周期共振看空 ⬇⬇⬇,-0.6998,-0.4299,-0.3375
600751,海航科技,74.62,True,2.9,2.89,1,0.43,-7.87,-4.04,0.43,0.0056,2026-07-20,2026-07-21,46.03,0.0921,0.605,0.3398,0.4553,0.8007,0.4336,0.291,-0.7219,0.1391,多周期共振看空 ⬇⬇⬇,-0.3368,-0.7353,-0.5625
600527,江南高纤,35.5,True,2.05,2.12,0,-1.9,-8.9,-5.2,-3.35,0.0,2026-07-21,2026-07-21,37.04,0.6365,-0.3603,0.3658,0.4378,0.6008,0.3903,0.2908,-0.4074,0.2963,多周期共振看空 ⬇⬇⬇,-0.3865,-0.2941,-0.27
600362,江西铜业,846.7,True,40.8,41.67,3,20.82,-11.15,-3.76,-2.09,0.0,2026-07-21,2026-07-21,46.89,0.9017,-0.5301,0.7181,0.541,0.8197,0.0,0.2906,-0.5244,0.2378,多周期共振看空 ⬇⬇⬇,-0.4339,-0.4432,-0.3375
603348,文灿股份,41.48,True,13.19,13.6,1,1.06,-11.31,-4.97,-2.99,0.0,2026-07-21,2026-07-21,44.0,0.2946,1.0391,0.3636,0.5767,0.7556,0.394,0.2904,-0.8216,0.0892,多周期共振看空 ⬇⬇⬇,-0.5862,-0.7408,-0.5625
002140,东华科技,61.94,True,8.76,9.02,0,-0.09,-8.42,-4.51,-2.93,0.0,2026-07-21,2026-07-21,38.12,0.2177,0.5564,0.2452,0.5306,0.625,0.5913,0.2904,-0.7489,0.1255,多周期共振看空 ⬇⬇⬇,-0.5432,-0.6854,-0.495
600379,宝光股份,33.78,True,10.23,14.08,14,22.98,-29.3,2.98,-27.36,0.0,2026-07-21,2026-07-21,22.1,0.6798,0.8389,0.9543,0.8079,0.2689,0.0,0.2903,-0.2931,0.3534,多周期共振看空 ⬇⬇⬇,-0.3511,-0.1857,-0.1575
002681,奋达科技,72.97,True,4.65,4.66,5,6.22,-10.57,-3.41,-0.12,0.0,2026-07-21,2026-07-21,53.3,0.706,-0.2712,0.6652,0.5151,0.9623,0.0,0.2903,-0.6564,0.1718,多周期共振看空 ⬇⬇⬇,-0.2272,-0.6854,-0.5625
600889,*ST京化,52.17,True,14.24,15.48,6,6.22,-9.54,-1.78,-8.03,0.0,2026-07-21,2026-07-21,34.01,0.5097,0.1161,0.4063,0.5522,0.5336,0.3228,0.2896,-0.465,0.2675,多周期共振看空 ⬇⬇⬇,-0.3015,-0.2685,-0.495
002309,中利集团,66.41,True,2.76,2.7,3,6.56,-15.37,-8.87,2.24,0.0,2026-07-17,2026-07-21,49.38,0.244,1.1478,0.7496,0.5464,0.875,0.0,0.2896,-0.6071,0.1965,多周期共振看空 ⬇⬇⬇,-0.5282,-0.544,-0.3375
001367,海森药业,21.23,True,17.45,18.99,5,4.21,-8.1,-2.79,-8.1,0.0,2026-07-21,2026-07-21,40.32,0.5491,0.6932,0.51,0.7294,0.6738,0.15,0.2895,-0.78,0.11,多周期共振看空 ⬇⬇⬇,-0.6304,-0.6115,-0.5625
603107,上海汽配,24.72,True,11.33,11.56,1,0.76,-9.15,-3.83,-1.98,0.0,2026-07-21,2026-07-21,44.08,0.1051,1.0736,0.2664,0.463,0.7572,0.5559,0.2895,-0.7779,0.111,多周期共振看空 ⬇⬇⬇,-0.4956,-0.7223,-0.5625
000635,英 力 特,21.28,True,5.8,6.08,0,-2.18,-9.88,-5.95,-4.53,0.0,2026-07-21,2026-07-21,36.3,0.4958,0.2822,0.2982,0.6104,0.5844,0.5031,0.2895,-0.7643,0.1179,多周期共振看空 ⬇⬇⬇,-0.4286,-0.75,-0.5625
002953,日丰股份,25.2,True,8.96,8.84,1,1.33,-9.52,-5.02,1.33,0.0,2026-07-20,2026-07-21,52.42,-0.1056,1.4716,0.3482,0.4,0.9427,0.4197,0.2894,-0.7919,0.104,多周期共振看空 ⬇⬇⬇,-0.5316,-0.7223,-0.5625
002272,川润股份,66.73,True,16.35,21.68,14,14.89,-27.81,-0.02,-24.57,0.0,2026-07-21,2026-07-21,20.95,0.5094,0.2564,0.7302,0.6082,0.2433,0.0,0.2894,0.0501,0.5251,多周期方向不一致，观望,-0.2482,-0.0171,0.45
000066,中国长城,483.51,True,14.99,17.83,13,17.08,-19.87,0.35,-15.94,0.0,2026-07-21,2026-07-21,34.29,0.7526,-0.3811,0.8842,0.4991,0.5397,0.0,0.289,-0.1341,0.433,月线震荡，中短期走弱,-0.32,-0.1998,0.0234
002636,金安国纪,524.33,True,72.39,99.25,10,61.72,-28.22,8.62,-27.06,0.0,2026-07-21,2026-07-21,24.02,-0.4124,1.0828,0.9617,0.4,0.3115,0.0,0.2889,0.2974,0.6487,上升趋势中的日线回调（关注买点）,-0.261,0.6608,0.5625
601608,中信重工,211.12,True,4.61,4.81,4,12.32,-9.85,-4.17,-4.25,0.0,2026-07-21,2026-07-21,47.29,0.577,1.1902,0.7222,0.7462,0.8287,0.0,0.2889,-0.8769,0.0615,多周期共振看空 ⬇⬇⬇,-0.796,-0.75,-0.495
000917,电广传媒,93.41,True,6.59,6.65,3,4.05,-9.16,-3.88,-0.95,0.0,2026-07-21,2026-07-21,44.64,0.8633,-0.311,0.5146,0.5936,0.7697,0.1424,0.2888,-0.6767,0.1617,多周期共振看空 ⬇⬇⬇,-0.3713,-0.6741,-0.495
600792,云煤能源,36.18,True,3.26,3.27,3,1.85,-19.16,-9.32,-0.38,0.0,2026-07-21,2026-07-21,51.11,0.5659,-0.3591,0.445,0.3959,0.9136,0.2583,0.2888,-0.6258,0.1871,多周期共振看空 ⬇⬇⬇,-0.3728,-0.5609,-0.495
002276,万马股份,96.58,True,9.59,9.88,0,-0.34,-10.37,-6.27,-2.96,0.0,2026-07-21,2026-07-21,41.89,0.4594,1.089,0.4391,0.6757,0.7086,0.2681,0.2886,-0.8374,0.0813,多周期共振看空 ⬇⬇⬇,-0.616,-0.75,-0.5625
600375,汉马科技,55.0,True,3.76,3.81,5,3.03,-9.46,-2.89,-1.43,0.001,2026-07-21,2026-07-21,48.31,0.5845,-0.245,0.4281,0.4527,0.8512,0.2865,0.2885,-0.6693,0.1653,多周期共振看空 ⬇⬇⬇,-0.2171,-0.7223,-0.5625
600525,ST长园,61.59,True,4.67,4.96,9,4.94,-9.91,-1.38,-5.79,0.0053,2026-07-21,2026-07-21,38.36,-0.4533,0.2772,0.4675,0.3109,0.6303,0.2208,0.2881,-0.1386,0.4307,月线看多，中短期调整中,-0.3787,-0.5152,0.18
002981,朝阳科技,25.8,True,21.22,20.38,7,6.86,-25.02,-8.39,4.12,0.0047,2026-07-10,2026-07-21,55.69,0.5402,-0.1785,0.6633,0.4527,0.9847,0.0,0.2876,-0.616,0.192,多周期共振看空 ⬇⬇⬇,-0.2791,-0.5521,-0.5625
600682,南京新百,63.21,True,5.43,5.43,4,3.76,-10.73,-3.09,-0.06,0.0186,2026-07-21,2026-07-21,52.69,0.3999,-0.0464,0.4999,0.4214,0.9486,0.1668,0.2874,-0.6917,0.1542,多周期共振看空 ⬇⬇⬇,-0.2531,-0.7408,-0.5625
600446,金证股份,97.33,True,10.34,10.29,1,0.53,-15.07,-7.09,0.53,0.0,2026-07-20,2026-07-21,37.1,0.7533,0.5255,0.6107,0.852,0.6023,0.0,0.2874,-0.7864,0.1068,多周期共振看空 ⬇⬇⬇,-0.5605,-0.6854,-0.5625
603391,力聚热能,11.92,True,52.38,55.17,11,7.51,-13.76,-0.97,-5.06,0.0242,2026-07-21,2026-07-21,46.92,0.095,3.588,0.6815,0.457,0.8204,0.0,0.2873,-0.4752,0.2624,多周期共振看空 ⬇⬇⬇,-0.2555,-0.4878,-0.3375
600518,康美药业,185.22,True,1.34,1.3,7,11.71,-14.34,-3.39,3.47,0.1134,2026-07-10,2026-07-21,58.14,0.5249,-0.7044,0.5392,0.3149,0.9302,0.1013,0.2871,-0.6769,0.1616,多周期共振看空 ⬇⬇⬇,-0.2044,-0.75,-0.5625
002243,力合科创,82.6,True,6.86,6.7,5,4.48,-16.16,-6.51,2.46,0.0,2026-07-17,2026-07-21,51.27,0.4312,0.2186,0.5599,0.5461,0.9171,0.0668,0.2871,-0.7313,0.1344,多周期共振看空 ⬇⬇⬇,-0.4104,-0.6929,-0.5625
001312,福恩股份,9.73,True,17.03,18.33,2,0.72,-8.04,-4.49,-7.09,0.0,2026-07-21,2026-07-21,22.55,0.2166,0.1381,0.3406,0.3852,0.2788,0.4324,0.2871,0.0,0.5,周线日线方向不一致,0.0,,
002837,英维克,678.16,True,59.99,72.14,9,20.96,-24.25,-1.01,-16.85,0.0,2026-07-21,2026-07-21,33.56,0.6417,0.2965,0.8669,0.7036,0.5235,0.0,0.2868,-0.4598,0.2701,多周期共振看空 ⬇⬇⬇,-0.4475,-0.4019,-0.225
002559,亚威股份,47.12,True,9.35,11.86,14,39.24,-24.94,5.24,-21.19,0.0,2026-07-21,2026-07-21,24.36,0.5417,0.199,1.0417,0.6046,0.3192,0.0,0.2868,-0.056,0.472,多周期方向不一致，观望,-0.0245,-0.0677,-0.1575
600150,中国船舶,2001.15,True,32.96,34.43,7,6.34,-8.0,-1.71,-4.28,0.0,2026-07-21,2026-07-21,43.26,0.3777,-0.211,0.5571,0.3422,0.739,0.0715,0.2867,-0.198,0.401,月线震荡，中短期走弱,-0.3694,-0.2303,-0.1187
000962,东方钽业,256.52,True,50.98,69.52,10,45.45,-32.3,3.14,-26.66,0.0,2026-07-21,2026-07-21,18.84,0.6399,0.1267,1.0612,0.6346,0.1964,0.0,0.2866,0.0419,0.521,多周期方向不一致，观望,-0.2805,-0.0252,0.45
002827,高争民爆,65.55,True,23.75,24.09,4,2.51,-9.91,-4.29,-1.4,0.0,2026-07-21,2026-07-21,45.2,0.6331,0.0304,0.4397,0.592,0.7822,0.2672,0.2866,-0.8069,0.0966,多周期共振看空 ⬇⬇⬇,-0.5377,-0.75,-0.5625
603277,银都股份,60.97,True,10.0,10.31,7,3.15,-9.43,-2.55,-2.99,0.0146,2026-07-21,2026-07-21,48.7,-0.1626,0.3744,0.3255,0.3497,0.86,0.4575,0.2864,-0.7012,0.1494,多周期共振看空 ⬇⬇⬇,-0.2668,-0.75,-0.5625
600356,恒丰纸业,22.29,True,7.46,7.81,5,3.06,-8.88,-2.7,-4.46,0.0,2026-07-21,2026-07-21,44.27,-0.1805,0.7791,0.3299,0.4,0.7616,0.4502,0.2861,-0.6251,0.1875,多周期共振看空 ⬇⬇⬇,-0.2796,-0.5717,-0.5625
600212,绿能慧充,26.08,True,4.91,5.11,0,-2.14,-11.63,-7.43,-3.99,0.0,2026-07-21,2026-07-21,40.41,0.6652,0.3039,0.5034,0.7207,0.6759,0.1609,0.2859,-0.8056,0.0972,多周期共振看空 ⬇⬇⬇,-0.556,-0.7315,-0.5625
603168,莎普爱思,17.88,True,4.8,4.94,4,6.54,-11.17,-3.55,-2.82,0.0,2026-07-21,2026-07-21,44.72,0.3037,0.6761,0.4843,0.5822,0.7716,0.1929,0.2858,-0.7255,0.1372,多周期共振看空 ⬇⬇⬇,-0.3291,-0.75,-0.5625
002283,天润工业,76.82,True,7.66,9.12,4,5.74,-21.75,-6.95,-15.98,0.0,2026-07-21,2026-07-21,30.89,0.4131,0.2133,0.6989,0.5332,0.4642,0.0,0.2857,-0.1244,0.4378,月线看多，中短期调整中,-0.6128,-0.2471,0.18
002767,先锋电子,20.83,True,16.0,17.54,10,12.61,-8.8,-0.47,-8.8,0.0,2026-07-21,2026-07-21,47.12,0.3355,1.2256,0.7966,0.6013,0.8249,0.0,0.2854,-0.6688,0.1656,多周期共振看空 ⬇⬇⬇,-0.3054,-0.7131,-0.495
600215,派斯林,23.94,True,5.24,5.92,3,10.46,-11.46,-4.17,-11.46,0.0,2026-07-21,2026-07-21,38.56,0.6812,0.5546,0.6737,0.8087,0.6346,0.0,0.2853,-0.7728,0.1136,多周期共振看空 ⬇⬇⬇,-0.5385,-0.6744,-0.5625
600854,春兰股份,20.99,True,4.04,4.18,4,2.48,-8.97,-3.19,-3.38,0.0,2026-07-21,2026-07-21,42.34,0.1225,0.4162,0.3774,0.44,0.7187,0.371,0.285,-0.5834,0.2083,多周期共振看空 ⬇⬇⬇,-0.273,-0.4856,-0.5625
600265,*ST景谷,26.8,True,20.65,22.04,4,4.86,-13.02,-3.97,-6.29,0.0,2026-07-21,2026-07-21,31.07,0.3072,-0.2193,0.4333,0.2966,0.4683,0.2778,0.2849,0.0205,0.5102,多周期方向不一致，观望,-0.4452,0.0216,0.45
002483,润邦股份,43.82,True,4.95,5.02,3,0.99,-9.39,-3.74,-1.38,0.0,2026-07-21,2026-07-21,48.76,-0.0506,0.7929,0.3076,0.4,0.8613,0.4874,0.2848,-0.7854,0.1073,多周期共振看空 ⬇⬇⬇,-0.5042,-0.7315,-0.5625
603225,新凤鸣,305.01,True,18.28,19.3,8,13.17,-15.23,-2.29,-5.28,0.0,2026-07-21,2026-07-21,31.01,0.5682,-0.3175,0.634,0.4139,0.4669,0.0,0.2844,0.0526,0.5263,上升趋势中的日线回调（关注买点）,-0.2392,0.2188,0.163
002408,齐翔腾达,131.5,True,4.78,4.85,5,2.87,-7.37,-1.74,-1.42,0.0708,2026-07-21,2026-07-21,46.43,0.2586,0.0077,0.4615,0.3582,0.8095,0.2309,0.2843,-0.6253,0.1874,多周期共振看空 ⬇⬇⬇,-0.5068,-0.6023,-0.3375
000534,万泽股份,125.63,True,25.0,28.23,4,8.25,-16.71,-5.29,-11.44,0.0,2026-07-21,2026-07-21,36.04,0.4787,0.1124,0.7073,0.5322,0.5787,0.0,0.2839,-0.2749,0.3626,月线震荡，中短期走弱,-0.5065,-0.6023,0.1125
002833,弘亚数控,47.04,True,16.05,17.44,8,7.56,-10.66,-2.47,-8.0,0.0,2026-07-21,2026-07-21,22.61,0.7148,0.4008,0.6004,0.7892,0.2802,0.0,0.2834,-0.3316,0.3342,多周期共振看空 ⬇⬇⬇,-0.4139,-0.2165,-0.1575
600433,冠豪高新,55.13,True,3.15,3.19,0,-0.28,-12.68,-5.49,-1.38,0.0,2026-07-21,2026-07-21,44.09,-0.1406,0.3906,0.3911,0.3562,0.7575,0.3482,0.2833,-0.4912,0.2544,多周期共振看空 ⬇⬇⬇,-0.5781,-0.314,-0.27
603035,常熟汽饰,39.42,True,10.76,10.84,5,1.92,-8.93,-3.06,-0.75,0.0329,2026-07-21,2026-07-21,48.94,0.2679,-0.1214,0.3125,0.3122,0.8652,0.4791,0.2833,-0.7339,0.1331,多周期共振看空 ⬇⬇⬇,-0.3505,-0.75,-0.5625
002635,安洁科技,53.71,True,13.58,17.98,12,25.53,-30.25,-1.52,-24.49,0.0,2026-07-21,2026-07-21,21.37,0.3433,0.9198,1.0283,0.606,0.2527,0.0,0.2833,-0.0066,0.4967,多周期方向不一致，观望,-0.2385,-0.0263,0.2017
001222,源飞宠物,14.95,True,13.23,13.53,4,4.52,-10.21,-4.03,-2.24,0.0,2026-07-21,2026-07-21,46.86,0.1347,3.2613,0.4006,0.4808,0.8191,0.3323,0.283,-0.7544,0.1228,多周期共振看空 ⬇⬇⬇,-0.4031,-0.75,-0.5625
603273,天元智能,7.18,True,12.8,13.38,4,3.65,-11.25,-3.49,-4.34,0.0,2026-07-21,2026-07-21,46.19,0.3606,1.0283,0.5259,0.6164,0.8042,0.1234,0.2828,-0.7873,0.1064,多周期共振看空 ⬇⬇⬇,-0.4874,-0.75,-0.5625
002540,亚太科技,40.08,True,4.67,4.74,2,0.79,-9.48,-3.46,-1.51,0.0,2026-07-21,2026-07-21,47.13,-0.105,0.6381,0.2852,0.4,0.825,0.5246,0.2825,-0.7895,0.1053,多周期共振看空 ⬇⬇⬇,-0.4932,-0.75,-0.5625
603331,百达精工,20.34,True,10.06,10.68,2,0.88,-12.15,-5.86,-5.77,0.0,2026-07-21,2026-07-21,41.85,0.3921,0.6711,0.536,0.6352,0.7078,0.1067,0.2825,-0.6908,0.1546,多周期共振看空 ⬇⬇⬇,-0.5671,-0.6946,-0.3375
002786,银宝山新,36.22,True,7.33,7.67,3,3.71,-8.44,-3.81,-4.45,0.0,2026-07-21,2026-07-21,42.03,0.5396,0.0451,0.5804,0.5418,0.7119,0.0326,0.2822,-0.4893,0.2553,多周期共振看空 ⬇⬇⬇,-0.2806,-0.2723,-0.5625
002815,崇达技术,97.3,True,12.52,15.93,4,9.64,-23.73,-7.36,-21.41,0.0,2026-07-21,2026-07-21,35.53,0.4048,-0.0444,1.0025,0.4251,0.5673,0.0,0.2821,-0.1042,0.4479,多周期方向不一致，观望,-0.4607,-0.0633,0.0
603067,振华股份,245.09,True,32.44,40.99,14,29.42,-24.97,4.7,-20.87,0.0,2026-07-21,2026-07-21,27.35,0.3403,0.1716,1.1815,0.4728,0.3856,0.0,0.2818,0.0354,0.5177,多周期方向不一致，观望,-0.1364,-0.1775,0.45
002160,常铝股份,36.69,True,3.56,3.67,0,-3.01,-16.39,-9.56,-3.01,0.0,2026-07-21,2026-07-21,38.3,0.9523,-0.7779,0.4077,0.5714,0.6288,0.3205,0.2817,-0.6713,0.1643,多周期共振看空 ⬇⬇⬇,-0.556,-0.5039,-0.495
002835,同为股份,14.78,True,11.61,11.54,1,0.65,-8.92,-4.01,0.65,0.0058,2026-07-20,2026-07-21,44.32,0.1622,2.2818,0.369,0.4973,0.7627,0.3849,0.2817,-0.779,0.1105,多周期共振看空 ⬇⬇⬇,-0.4661,-0.75,-0.5625
002585,双星新材,71.74,True,8.09,10.73,5,21.19,-31.61,-10.85,-24.62,0.0,2026-07-21,2026-07-21,25.95,0.8604,-0.5616,0.9147,0.5162,0.3544,0.0,0.2813,-0.0012,0.4994,多周期方向不一致，观望,-0.5018,-0.0252,0.45
001309,德明利,838.55,True,508.0,783.22,14,38.54,-39.3,4.64,-35.14,0.0,2026-07-21,2026-07-21,25.51,0.1287,1.5271,1.1902,0.4772,0.3446,0.0,0.2812,0.0724,0.5362,多周期方向不一致，观望,-0.201,0.0406,0.45
600520,三佳科技,39.23,True,24.76,33.5,15,26.47,-31.01,2.56,-26.1,0.0,2026-07-21,2026-07-21,27.42,0.5282,0.0229,1.0136,0.5261,0.3871,0.0,0.281,-0.058,0.471,多周期方向不一致，观望,-0.2788,-0.016,0.0
002428,云南锗业,483.12,True,73.98,101.75,12,35.91,-34.82,0.9,-27.29,0.0,2026-07-21,2026-07-21,24.66,0.5989,-0.1575,1.0596,0.4963,0.3258,0.0,0.2809,0.0625,0.5312,多周期方向不一致，观望,-0.252,0.0406,0.45
002398,垒知集团,22.25,True,3.71,3.79,1,1.39,-8.99,-4.53,-2.12,0.0,2026-07-21,2026-07-21,44.19,0.2234,0.322,0.294,0.4628,0.7597,0.51,0.2807,-0.8142,0.0929,多周期共振看空 ⬇⬇⬇,-0.5565,-0.75,-0.5625
603226,菲林格尔,161.89,True,45.54,49.68,5,2.84,-17.98,-4.88,-8.34,0.0,2026-07-21,2026-07-21,30.13,-0.4306,1.4851,0.7063,0.4,0.4474,0.0,0.2807,0.0688,0.5344,多周期方向不一致，观望,-0.4391,0.1165,0.5625
603005,晶方科技,202.5,True,31.05,42.87,9,17.1,-35.38,-5.0,-27.57,0.0,2026-07-21,2026-07-21,20.26,0.7358,-0.0929,1.0726,0.6043,0.2281,0.0,0.2804,0.0025,0.5012,多周期方向不一致，观望,-0.3773,0.0037,0.3306
600963,岳阳林纸,54.84,True,3.12,3.1,3,2.11,-14.98,-6.52,0.73,0.0,2026-07-17,2026-07-21,50.0,0.1811,0.1838,0.3484,0.3822,0.8889,0.4193,0.2804,-0.77,0.115,多周期共振看空 ⬇⬇⬇,-0.5648,-0.7131,-0.495
002921,联诚精密,26.95,True,20.98,26.07,15,19.17,-19.96,1.65,-19.53,0.0,2026-07-21,2026-07-21,26.4,0.1935,1.4428,0.9533,0.5161,0.3645,0.0,0.2797,-0.0257,0.4871,月线看多，中短期调整中,-0.2326,-0.2156,0.2925
603386,骏亚科技,37.49,True,11.49,16.45,9,15.31,-33.48,-7.47,-30.13,0.0,2026-07-21,2026-07-21,14.14,0.7706,0.2638,0.8151,0.7679,0.092,0.0,0.2794,-0.1041,0.448,多周期方向不一致，观望,-0.3953,-0.1187,0.0
600967,内蒙一机,178.52,True,10.49,10.65,0,-1.51,-9.25,-5.37,-1.51,0.0,2026-07-21,2026-07-21,43.62,0.3208,0.4263,0.4046,0.563,0.7471,0.3257,0.2792,-0.8243,0.0878,多周期共振看空 ⬇⬇⬇,-0.5824,-0.75,-0.5625
603180,金牌家居,21.21,True,13.75,14.37,4,2.73,-10.78,-4.34,-4.3,0.0,2026-07-21,2026-07-21,45.81,0.6499,-0.2024,0.4485,0.509,0.7957,0.2526,0.2792,-0.7379,0.131,多周期共振看空 ⬇⬇⬇,-0.3716,-0.7408,-0.5625
002108,沧州明珠,69.38,True,4.21,4.21,4,1.99,-10.8,-5.15,0.11,0.0,2026-07-20,2026-07-21,52.27,0.2986,-0.2226,0.4723,0.2901,0.9394,0.2128,0.2791,-0.529,0.2355,多周期共振看空 ⬇⬇⬇,-0.519,-0.3803,-0.3375
000425,徐工机械,796.55,True,8.85,8.32,5,6.34,-11.02,-3.38,6.34,0.1536,2026-07-17,2026-07-21,66.79,0.0346,0.042,0.4339,0.2376,0.738,0.2769,0.2791,-0.6231,0.1885,多周期共振看空 ⬇⬇⬇,-0.1674,-0.6634,-0.5625
600114,东睦股份,167.22,True,27.13,34.2,4,5.99,-28.02,-10.66,-20.67,0.0,2026-07-21,2026-07-21,28.46,0.5908,-0.0569,0.7189,0.5317,0.4102,0.0,0.2787,-0.1134,0.4433,多周期方向不一致，观望,-0.552,-0.0252,0.0
601890,亚星锚链,78.38,True,8.17,8.22,2,0.61,-6.42,-3.13,-0.55,0.0237,2026-07-21,2026-07-21,47.43,0.2156,0.1734,0.4094,0.3987,0.8318,0.3177,0.2784,-0.7201,0.14,多周期共振看空 ⬇⬇⬇,-0.4799,-0.6762,-0.495
002289,宇顺电子,93.31,True,34.0,43.11,15,16.64,-24.37,0.85,-21.14,0.0,2026-07-21,2026-07-21,30.76,-0.2886,2.7448,0.9064,0.4,0.4614,0.0,0.2784,0.0334,0.5167,多周期方向不一致，观望,-0.254,-0.0856,0.45
000338,潍柴动力,1315.92,True,26.55,27.34,2,3.55,-12.43,-5.11,-2.89,0.0,2026-07-21,2026-07-21,45.69,-0.0789,0.0424,0.6989,0.217,0.7932,0.0,0.2782,-0.073,0.4635,月线看多，中短期调整中,-0.5216,-0.2379,0.3375
000707,双环科技,23.02,True,4.18,4.32,0,-1.12,-9.29,-4.38,-3.33,0.0,2026-07-21,2026-07-21,36.36,0.3213,0.9734,0.3046,0.5928,0.5859,0.4923,0.2781,-0.8203,0.0898,多周期共振看空 ⬇⬇⬇,-0.5721,-0.75,-0.5625
601218,吉鑫科技,38.76,True,4.0,4.2,0,-4.46,-10.86,-7.58,-4.72,0.0,2026-07-21,2026-07-21,34.51,0.314,0.4012,0.3246,0.5488,0.5447,0.4591,0.278,-0.6748,0.1626,多周期共振看空 ⬇⬇⬇,-0.625,-0.6098,-0.3375
603227,雪峰科技,76.41,True,7.13,7.15,1,1.08,-11.79,-5.44,-0.31,0.0,2026-07-21,2026-07-21,49.54,-0.1045,0.2679,0.264,0.3072,0.8787,0.56,0.2777,-0.7721,0.1139,多周期共振看空 ⬇⬇⬇,-0.5993,-0.6208,-0.5625
603281,江瀚新材,100.77,True,19.43,24.36,9,17.25,-24.7,-4.21,-20.25,0.0,2026-07-21,2026-07-21,18.84,0.5402,1.0623,0.8302,0.7241,0.1965,0.0,0.2777,-0.1726,0.4137,月线震荡，中短期走弱,-0.4868,-0.1629,0.0
000738,航发控制,225.69,True,17.16,17.56,2,1.78,-7.34,-3.51,-2.3,0.0,2026-07-21,2026-07-21,39.71,0.5313,-0.0546,0.4443,0.497,0.6601,0.2595,0.2775,-0.5747,0.2127,多周期共振看空 ⬇⬇⬇,-0.3439,-0.6307,-0.3375
000573,粤宏远Ａ,21.52,True,3.4,3.57,3,1.83,-13.08,-6.63,-4.72,0.0,2026-07-21,2026-07-21,44.07,0.405,0.0815,0.498,0.4756,0.7571,0.17,0.2774,-0.5861,0.207,多周期共振看空 ⬇⬇⬇,-0.434,-0.4887,-0.4275
001207,联科科技,43.04,True,14.71,15.24,1,0.25,-14.49,-7.28,-3.5,0.0,2026-07-21,2026-07-21,45.42,0.4859,0.2377,0.5838,0.5866,0.7871,0.0271,0.2773,-0.6864,0.1568,多周期共振看空 ⬇⬇⬇,-0.6775,-0.5904,-0.3375
600218,全柴动力,31.1,True,7.14,7.32,0,-0.68,-8.81,-4.66,-2.43,0.0,2026-07-21,2026-07-21,43.9,0.1102,1.3282,0.315,0.4661,0.7534,0.475,0.2772,-0.8124,0.0938,多周期共振看空 ⬇⬇⬇,-0.5841,-0.7223,-0.5625
002766,索菱股份,30.85,True,3.6,3.6,2,8.99,-14.86,-6.84,-0.06,0.0,2026-07-21,2026-07-21,48.15,0.3651,2.0825,0.5938,0.6191,0.8477,0.0103,0.2769,-0.8008,0.0996,多周期共振看空 ⬇⬇⬇,-0.5544,-0.7223,-0.5625
603293,埃泰克,12.25,True,34.89,38.67,2,1.63,-10.65,-5.27,-9.78,0.0,2026-07-21,2026-07-21,19.51,0.5608,-0.1523,0.4503,0.4756,0.2113,0.2495,0.2768,0.0,0.5,周线日线方向不一致,0.0,,
002392,北京利尔,80.45,True,6.95,7.68,8,11.93,-15.17,-3.12,-9.56,0.0,2026-07-21,2026-07-21,37.56,0.8864,-0.3183,0.7453,0.6045,0.6125,0.0,0.2767,-0.4884,0.2558,多周期共振看空 ⬇⬇⬇,-0.5071,-0.2112,-0.4275
000409,云鼎科技,48.71,True,8.25,8.27,0,-0.24,-9.8,-4.9,-0.24,0.0,2026-07-21,2026-07-21,44.38,0.2375,0.1463,0.3269,0.401,0.7639,0.4552,0.2767,-0.7086,0.1457,多周期共振看空 ⬇⬇⬇,-0.5094,-0.5583,-0.5625
600990,四创电子,42.99,True,15.98,17.78,6,9.79,-10.15,-3.1,-10.15,0.0,2026-07-21,2026-07-21,38.58,0.7301,0.4854,0.6418,0.8322,0.6351,0.0,0.2767,-0.8797,0.0601,多周期共振看空 ⬇⬇⬇,-0.746,-0.7315,-0.5625
002284,亚太股份,64.73,True,8.84,9.44,1,1.52,-13.41,-6.87,-6.32,0.0,2026-07-21,2026-07-21,39.43,0.4353,0.5568,0.477,0.6612,0.654,0.2049,0.2765,-0.7948,0.1026,多周期共振看空 ⬇⬇⬇,-0.607,-0.7315,-0.495
603269,海鸥股份,50.45,True,11.68,15.56,12,11.03,-27.04,-3.1,-24.94,0.0,2026-07-21,2026-07-21,28.43,0.4991,-0.1809,0.832,0.4271,0.4095,0.0,0.2765,0.037,0.5185,多周期方向不一致，观望,-0.3718,0.0313,0.45
002566,益盛药业,13.86,True,5.98,6.26,4,5.95,-8.98,-3.18,-4.43,0.0,2026-07-21,2026-07-21,42.08,0.2374,1.6274,0.4633,0.5424,0.7129,0.2278,0.2764,-0.6941,0.1529,多周期共振看空 ⬇⬇⬇,-0.3474,-0.6652,-0.5625
600239,ST云城,21.36,True,1.33,1.38,12,5.92,-12.95,-1.08,-3.38,0.0796,2026-07-21,2026-07-21,47.06,-0.1508,-0.1464,0.5218,0.1414,0.8235,0.1303,0.2763,-0.2994,0.3503,多周期方向不一致，观望,-0.108,-0.6608,-0.5625
000935,四川双马,180.63,True,23.66,25.91,9,7.91,-10.35,-1.41,-8.67,0.0,2026-07-21,2026-07-21,43.14,-0.1819,1.6591,0.687,0.4,0.7364,0.0,0.2763,-0.3135,0.3432,多周期共振看空 ⬇⬇⬇,-0.2715,-0.2569,-0.1994
002498,汉缆股份,180.98,True,5.44,6.2,0,-4.57,-16.32,-11.37,-12.31,0.0,2026-07-21,2026-07-21,21.7,0.272,0.3228,0.367,0.4923,0.26,0.3883,0.2761,-0.2016,0.3992,月线看多，中短期调整中,-0.783,-0.469,0.18
600698,湖南天雁,47.0,True,5.66,5.85,0,-2.67,-9.91,-5.84,-3.22,0.0,2026-07-21,2026-07-21,35.82,0.5342,0.0273,0.3416,0.5314,0.5738,0.4307,0.276,-0.6751,0.1624,多周期共振看空 ⬇⬇⬇,-0.4448,-0.5399,-0.5625
002444,巨星科技,340.92,True,29.73,30.64,9,9.48,-8.27,-0.83,-2.95,0.0487,2026-07-21,2026-07-21,46.79,0.0232,0.2628,0.5726,0.319,0.8176,0.0457,0.2758,-0.4389,0.2805,多周期共振看空 ⬇⬇⬇,-0.1882,-0.4658,-0.3375
603332,苏州龙杰,21.81,True,10.08,10.42,2,1.43,-8.57,-3.54,-3.26,0.0,2026-07-21,2026-07-21,44.44,0.0524,0.4553,0.3502,0.4136,0.7654,0.4163,0.2755,-0.709,0.1455,多周期共振看空 ⬇⬇⬇,-0.5155,-0.5539,-0.5625
000852,石化机械,47.42,True,4.99,5.03,2,2.95,-10.51,-5.16,-0.77,0.0,2026-07-21,2026-07-21,48.8,-0.093,2.4781,0.3554,0.4,0.8622,0.4076,0.2752,-0.7993,0.1003,多周期共振看空 ⬇⬇⬇,-0.5721,-0.7038,-0.5625
601126,四方股份,369.97,True,44.84,55.92,1,5.09,-27.65,-13.96,-19.82,0.0,2026-07-21,2026-07-21,29.98,0.5713,-0.2119,0.781,0.4581,0.4441,0.0,0.2749,-0.0663,0.4668,月线看多，中短期调整中,-0.7155,-0.1525,0.45
603051,鹿山新材,29.53,True,18.27,20.76,10,12.14,-12.14,-0.49,-12.0,0.0,2026-07-21,2026-07-21,44.39,0.605,-0.1204,0.7466,0.5149,0.7641,0.0,0.2747,-0.5429,0.2285,多周期共振看空 ⬇⬇⬇,-0.4504,-0.3121,-0.495
603270,金帝股份,17.16,True,24.26,30.01,11,14.13,-20.12,-0.75,-19.16,0.0,2026-07-21,2026-07-21,28.64,0.6265,-0.266,0.9123,0.4695,0.4143,0.0,0.2745,-0.0525,0.4738,多周期方向不一致，观望,-0.2899,0.0178,0.0
600110,诺德股份,162.07,True,9.34,13.29,11,33.81,-34.09,-3.95,-29.72,0.0,2026-07-21,2026-07-21,25.19,0.7826,-0.6685,0.9307,0.4696,0.3375,0.0,0.2744,0.0389,0.5194,多周期方向不一致，观望,-0.3622,0.0313,0.45
601727,上海电气,830.11,True,6.58,6.78,0,-2.93,-8.5,-5.27,-2.93,0.0,2026-07-21,2026-07-21,31.62,0.7277,-0.0958,0.2692,0.5983,0.4805,0.5514,0.2742,-0.7811,0.1094,多周期共振看空 ⬇⬇⬇,-0.5705,-0.6652,-0.5625
600345,长江通信,100.17,True,47.35,58.31,8,28.32,-23.73,-1.79,-18.79,0.0,2026-07-21,2026-07-21,25.49,0.5626,-0.1976,0.7752,0.4585,0.3443,0.0,0.2741,0.0459,0.523,多周期方向不一致，观望,-0.3371,0.0406,0.45
002771,真视通,19.95,True,11.43,12.65,1,1.23,-18.69,-9.45,-9.65,0.0,2026-07-21,2026-07-21,42.06,0.5323,0.2552,0.6402,0.6215,0.7125,0.0,0.274,-0.6574,0.1713,多周期共振看空 ⬇⬇⬇,-0.532,-0.4264,-0.5625
000960,锡业股份,512.06,True,31.12,37.93,9,16.44,-24.42,-4.67,-17.96,0.0,2026-07-21,2026-07-21,24.87,0.7987,-0.3406,0.8192,0.543,0.3303,0.0,0.2739,-0.0739,0.4631,月线看多，中短期调整中,-0.4597,-0.1525,0.1946
002093,国脉科技,64.88,True,6.44,6.36,2,1.31,-10.1,-4.63,1.31,0.0073,2026-07-20,2026-07-21,48.98,0.0381,1.7685,0.4111,0.4229,0.8662,0.3149,0.2738,-0.7954,0.1023,多周期共振看空 ⬇⬇⬇,-0.5082,-0.75,-0.5625
002119,康强电子,85.79,True,22.86,32.48,12,29.29,-35.46,1.83,-29.63,0.0,2026-07-21,2026-07-21,15.92,0.7433,-0.2134,1.0307,0.5606,0.1316,0.0,0.2738,0.1352,0.5676,上升趋势中的日线回调（关注买点）,-0.225,0.3857,0.2615
000922,佳电股份,77.54,True,11.0,12.52,9,11.26,-18.47,-4.22,-12.16,0.0,2026-07-21,2026-07-21,25.53,0.5891,-0.2112,0.5344,0.469,0.3451,0.1094,0.2735,-0.0639,0.4681,多周期方向不一致，观望,-0.5047,-0.1045,0.2564
002715,登云股份,17.31,True,12.54,13.85,8,8.18,-10.72,-3.0,-9.46,0.0,2026-07-21,2026-07-21,42.6,0.4086,0.5496,0.6665,0.6451,0.7244,0.0,0.2735,-0.7137,0.1431,多周期共振看空 ⬇⬇⬇,-0.5081,-0.5706,-0.5625
002842,翔鹭钨业,83.57,True,31.13,40.64,10,41.23,-30.51,-1.31,-23.39,0.0,2026-07-21,2026-07-21,28.94,0.7183,-0.513,1.0131,0.431,0.4209,0.0,0.2732,-0.0092,0.4954,多周期方向不一致，观望,-0.363,-0.022,0.2925
000723,美锦能源,153.39,True,3.49,3.4,3,2.51,-14.98,-7.41,2.51,0.0,2026-07-17,2026-07-21,52.04,0.2814,0.0666,0.4253,0.3955,0.9342,0.2912,0.273,-0.8032,0.0984,多周期共振看空 ⬇⬇⬇,-0.5282,-0.75,-0.5625
002150,正泰电源,78.98,True,22.03,24.39,4,4.52,-13.89,-5.71,-9.68,0.0,2026-07-21,2026-07-21,27.94,0.6201,-0.2689,0.4692,0.4645,0.3986,0.218,0.273,-0.2118,0.3941,月线看多，中短期调整中,-0.7185,-0.5729,0.18
002741,光华科技,100.15,True,23.29,31.33,9,34.99,-30.33,-3.4,-25.66,0.0,2026-07-21,2026-07-21,23.83,0.7386,-0.5831,0.9304,0.4431,0.3073,0.0,0.2726,0.1029,0.5514,上升趋势中的日线回调（关注买点）,-0.4043,0.2425,0.45
000060,中金岭南,276.24,True,6.22,6.89,5,14.39,-17.97,-6.41,-9.76,0.0,2026-07-21,2026-07-21,26.3,0.8567,-0.4633,0.5316,0.5287,0.3622,0.114,0.2724,-0.1927,0.4037,月线震荡，中短期走弱,-0.4546,-0.1905,-0.0675
603032,德新科技,40.34,True,17.32,23.22,11,18.25,-29.91,-5.12,-25.41,0.0,2026-07-21,2026-07-21,26.21,0.6904,-0.2137,0.9453,0.5288,0.3603,0.0,0.2723,-0.1001,0.45,多周期方向不一致，观望,-0.3907,-0.1052,0.0
002574,明牌珠宝,21.7,True,4.11,4.25,2,2.45,-10.04,-4.88,-3.25,0.0,2026-07-21,2026-07-21,46.02,-0.376,1.7267,0.3303,0.4,0.8004,0.4495,0.2722,-0.7826,0.1087,多周期共振看空 ⬇⬇⬇,-0.4969,-0.7315,-0.5625
000715,中兴商业,21.98,True,4.52,4.75,5,3.62,-6.12,-1.46,-4.84,0.0,2026-07-21,2026-07-21,40.18,0.1194,0.9764,0.3849,0.4716,0.6706,0.3585,0.2722,-0.6684,0.1658,多周期共振看空 ⬇⬇⬇,-0.2148,-0.7223,-0.5625
002046,国机精工,275.69,True,52.0,64.44,12,25.01,-23.52,0.72,-19.31,0.0,2026-07-21,2026-07-21,26.09,0.3517,-0.0677,0.8623,0.3839,0.3577,0.0,0.2721,0.1332,0.5666,上升趋势中的日线回调（关注买点）,-0.2385,0.2022,0.45
000988,华工科技,1137.14,True,113.15,152.11,8,13.69,-31.54,-4.65,-25.61,0.0,2026-07-21,2026-07-21,24.18,0.2691,0.306,1.0405,0.4838,0.3151,0.0,0.2721,0.0248,0.5124,多周期方向不一致，观望,-0.4341,0.0313,0.45
002191,劲嘉股份,51.2,True,3.65,3.81,7,9.09,-5.1,-1.39,-4.1,0.0128,2026-07-21,2026-07-21,20.69,0.8546,-0.6463,0.4405,0.5128,0.2375,0.2658,0.272,-0.1731,0.4134,多周期方向不一致，观望,-0.2135,-0.128,-0.45
002892,科力尔,46.4,True,9.26,9.23,1,0.31,-14.12,-5.57,0.31,0.0,2026-07-20,2026-07-21,50.0,0.4759,-0.1487,0.4895,0.4261,0.8889,0.1841,0.272,-0.7195,0.1402,多周期共振看空 ⬇⬇⬇,-0.3909,-0.6837,-0.5625
000576,甘化科工,27.07,True,6.24,6.84,5,14.96,-9.14,-3.14,-8.82,0.0,2026-07-21,2026-07-21,44.01,0.5422,1.3965,0.7384,0.7253,0.7558,0.0,0.2717,-0.8935,0.0533,多周期共振看空 ⬇⬇⬇,-0.7599,-0.75,-0.5625
600699,均胜电子,284.72,True,20.4,21.39,0,-0.49,-14.48,-7.92,-4.61,0.0,2026-07-21,2026-07-21,41.12,0.6863,0.0304,0.5677,0.6239,0.6915,0.0538,0.2717,-0.6976,0.1512,多周期共振看空 ⬇⬇⬇,-0.4777,-0.5613,-0.5625
002484,江海股份,595.25,True,72.55,91.33,10,23.09,-28.65,-2.4,-20.57,0.0,2026-07-21,2026-07-21,28.69,-0.0658,0.1252,1.11,0.2501,0.4154,0.0,0.2714,0.2725,0.6362,上升趋势中的日线回调（关注买点）,-0.3585,0.6608,0.5625
603382,海阳科技,18.75,True,16.24,17.07,0,-0.84,-12.87,-7.6,-4.88,0.0,2026-07-21,2026-07-21,38.27,0.298,0.8871,0.3495,0.5788,0.6283,0.4174,0.2713,-0.8433,0.0783,多周期共振看空 ⬇⬇⬇,-0.631,-0.75,-0.5625
002831,裕同科技,194.05,True,27.17,30.86,8,27.07,-21.12,-0.85,-11.97,0.0,2026-07-21,2026-07-21,23.54,0.5586,-0.1683,0.6744,0.4678,0.3008,0.0,0.2712,0.0599,0.53,多周期方向不一致，观望,-0.4005,0.0443,0.5625
600588,用友网络,319.15,True,9.34,9.24,3,1.96,-14.09,-4.5,1.03,0.0,2026-07-20,2026-07-21,47.87,0.1238,0.2806,0.4563,0.3865,0.8416,0.2395,0.2709,-0.6528,0.1736,多周期共振看空 ⬇⬇⬇,-0.3163,-0.6011,-0.5625
000878,云南铜业,301.95,True,15.07,15.52,1,10.67,-12.61,-6.26,-2.92,0.0,2026-07-21,2026-07-21,42.42,0.8494,-0.5302,0.4937,0.5097,0.7204,0.1772,0.2706,-0.6573,0.1714,多周期共振看空 ⬇⬇⬇,-0.5837,-0.4493,-0.495
600579,中化装备,33.81,True,6.85,7.59,16,15.7,-10.93,3.48,-9.77,0.0972,2026-07-21,2026-07-21,31.42,0.6365,-0.7948,0.6826,0.3819,0.476,0.0,0.2706,-0.2505,0.3748,多周期方向不一致，观望,-0.0781,-0.584,-0.45
002866,传艺科技,28.34,True,15.64,15.23,1,2.7,-16.76,-9.88,2.7,0.0,2026-07-20,2026-07-21,43.97,0.1905,4.2971,0.6418,0.5143,0.755,0.0,0.2703,-0.5662,0.2169,多周期共振看空 ⬇⬇⬇,-0.556,-0.4979,-0.27
600160,巨化股份,1090.16,True,40.38,46.72,11,23.63,-19.44,3.03,-13.58,0.0,2026-07-21,2026-07-21,16.03,0.8021,-0.6249,0.719,0.4812,0.134,0.0,0.2703,0.2316,0.6158,上升趋势中的日线回调（关注买点）,-0.1752,0.3661,0.5625
000880,潍柴重机,47.61,True,20.97,22.7,1,1.02,-14.12,-7.04,-7.62,0.0,2026-07-21,2026-07-21,40.35,0.5846,0.1473,0.5935,0.6097,0.6744,0.0108,0.2701,-0.6322,0.1839,多周期共振看空 ⬇⬇⬇,-0.5135,-0.3868,-0.5625
600143,金发科技,374.41,True,14.21,15.05,2,6.19,-11.41,-4.75,-5.59,0.0,2026-07-21,2026-07-21,42.33,0.5598,0.2628,0.6014,0.641,0.7184,0.0,0.27,-0.728,0.136,多周期共振看空 ⬇⬇⬇,-0.5339,-0.5798,-0.5625
002427,尤夫股份,38.79,True,3.94,4.54,10,15.51,-13.24,-1.58,-13.24,0.0,2026-07-21,2026-07-21,34.4,0.8069,0.1964,0.8996,0.7627,0.5422,0.0,0.27,-0.7108,0.1446,多周期共振看空 ⬇⬇⬇,-0.3128,-0.7315,-0.5625
002030,达安基因,72.0,True,5.13,5.14,5,4.4,-14.56,-4.55,-0.18,0.0,2026-07-21,2026-07-21,46.97,0.5238,-0.4579,0.4296,0.3311,0.8215,0.284,0.27,-0.5826,0.2087,多周期共振看空 ⬇⬇⬇,-0.2848,-0.4738,-0.5625
600961,株冶集团,176.07,True,23.42,28.66,10,34.43,-26.12,1.53,-18.27,0.0,2026-07-21,2026-07-21,19.09,0.7383,-0.2128,0.8434,0.5578,0.2021,0.0,0.2697,0.0229,0.5114,多周期方向不一致，观望,-0.2631,-0.1237,0.45
603289,泰瑞机器,22.21,True,7.57,8.17,1,0.92,-13.49,-6.53,-7.31,0.0,2026-07-21,2026-07-21,37.55,0.2493,0.5227,0.4024,0.5496,0.6122,0.3294,0.2695,-0.7218,0.1391,多周期共振看空 ⬇⬇⬇,-0.6595,-0.5261,-0.495
002996,顺博合金,27.41,True,5.98,6.07,5,3.35,-9.15,-2.47,-1.55,0.0288,2026-07-21,2026-07-21,46.06,0.2243,0.0482,0.4171,0.3539,0.8013,0.3048,0.2694,-0.6857,0.1572,多周期共振看空 ⬇⬇⬇,-0.2699,-0.7131,-0.5625
003037,三和管桩,31.93,True,5.33,5.74,5,6.41,-13.65,-5.24,-7.09,0.0,2026-07-21,2026-07-21,43.9,0.7936,-0.1656,0.5269,0.6099,0.7534,0.1219,0.2694,-0.8222,0.0889,多周期共振看空 ⬇⬇⬇,-0.5876,-0.7408,-0.5625
002406,远东传动,37.94,True,6.3,6.44,1,1.36,-13.27,-5.55,-2.18,0.0,2026-07-21,2026-07-21,48.33,0.4424,-0.2253,0.4375,0.3753,0.8517,0.2708,0.2693,-0.6849,0.1576,多周期共振看空 ⬇⬇⬇,-0.6595,-0.3775,-0.5625
002199,*ST东晶,22.52,True,9.75,11.62,1,1.33,-17.12,-7.7,-16.09,0.0,2026-07-21,2026-07-21,28.28,0.0694,0.4637,0.5838,0.4271,0.4063,0.027,0.2693,-0.0383,0.4808,多周期方向不一致，观望,-0.5664,-0.1329,0.45
002008,大族激光,965.24,True,100.89,127.22,8,16.5,-29.14,-3.65,-20.7,0.0,2026-07-21,2026-07-21,26.17,0.6761,-0.3919,0.9053,0.4489,0.3593,0.0,0.2692,0.0042,0.5021,多周期方向不一致，观望,-0.4147,-0.0763,0.45
603050,科林电气,68.77,True,17.05,19.2,3,6.94,-11.19,-3.37,-11.19,0.0,2026-07-21,2026-07-21,23.52,0.5355,0.3434,0.4143,0.6587,0.3004,0.3095,0.2692,-0.5082,0.2459,多周期共振看空 ⬇⬇⬇,-0.4962,-0.4217,-0.27
002125,湘潭电化,78.31,True,12.44,12.78,1,10.12,-25.44,-15.27,-2.66,0.0,2026-07-21,2026-07-21,33.49,0.9455,-0.5793,0.5579,0.5673,0.5219,0.0701,0.2691,-0.4372,0.2814,多周期共振看空 ⬇⬇⬇,-0.3575,-0.1594,-0.495
601929,吉视传媒,76.78,True,2.2,2.23,2,1.91,-11.45,-5.51,-1.35,0.0,2026-07-21,2026-07-21,43.37,0.1594,0.8263,0.5032,0.4956,0.7416,0.1614,0.2691,-0.6596,0.1702,多周期共振看空 ⬇⬇⬇,-0.411,-0.5349,-0.5625
002645,华宏科技,118.29,True,17.39,23.42,4,21.22,-34.17,-15.71,-25.75,0.0,2026-07-21,2026-07-21,21.56,0.793,-0.3658,0.7953,0.5295,0.257,0.0,0.269,-0.0038,0.4981,多周期方向不一致，观望,-0.5475,0.0025,0.45
002184,海得控制,22.5,True,9.06,9.41,1,1.08,-15.83,-7.46,-3.73,0.0,2026-07-21,2026-07-21,34.45,0.5954,0.4248,0.5785,0.7272,0.5434,0.0359,0.2689,-0.693,0.1535,多周期共振看空 ⬇⬇⬇,-0.3998,-0.6179,-0.5625
600100,同方股份,224.13,True,6.69,6.73,1,1.11,-10.13,-3.64,-0.6,0.0,2026-07-21,2026-07-21,41.42,0.2126,0.7484,0.4075,0.5275,0.6982,0.3209,0.2687,-0.7893,0.1053,多周期共振看空 ⬇⬇⬇,-0.5466,-0.7038,-0.5625
002689,ST远智,26.18,True,2.51,2.62,5,3.02,-14.66,-4.47,-4.05,0.0,2026-07-21,2026-07-21,46.39,0.1413,1.3983,0.4974,0.4848,0.8087,0.171,0.2687,-0.7334,0.1333,多周期共振看空 ⬇⬇⬇,-0.3709,-0.7315,-0.5625
603029,天鹅股份,16.2,True,13.35,14.31,0,-0.07,-8.9,-4.52,-6.7,0.0,2026-07-21,2026-07-21,37.0,0.3456,0.5355,0.3956,0.6074,0.5999,0.3406,0.2686,-0.8153,0.0923,多周期共振看空 ⬇⬇⬇,-0.6583,-0.6652,-0.5625
002526,山东矿机,44.45,True,2.51,2.56,0,-0.9,-12.37,-6.07,-2.11,0.0,2026-07-21,2026-07-21,42.03,0.4147,0.1171,0.3694,0.4957,0.7118,0.3843,0.2685,-0.807,0.0965,多周期共振看空 ⬇⬇⬇,-0.538,-0.75,-0.5625
603325,博隆技术,17.54,True,51.31,52.26,5,2.41,-10.07,-3.03,-1.83,0.0,2026-07-21,2026-07-21,36.42,0.5465,0.2522,0.4818,0.6288,0.587,0.1969,0.2684,-0.7205,0.1397,多周期共振看空 ⬇⬇⬇,-0.3163,-0.75,-0.5625
600742,富维股份,53.13,True,7.15,7.28,1,0.33,-8.29,-3.59,-1.75,0.0,2026-07-21,2026-07-21,42.58,-0.2662,0.6681,0.2943,0.4,0.724,0.5095,0.2684,-0.7689,0.1155,多周期共振看空 ⬇⬇⬇,-0.4833,-0.7131,-0.5625
600552,凯盛科技,151.8,True,16.07,23.42,10,37.77,-38.88,0.03,-31.4,0.0,2026-07-21,2026-07-21,17.23,0.8379,-0.374,1.1581,0.5532,0.1607,0.0,0.2683,0.0687,0.5343,多周期方向不一致，观望,-0.2805,0.0925,0.45
002801,微光股份,30.47,True,26.31,27.84,2,4.63,-11.29,-5.03,-5.49,0.0,2026-07-21,2026-07-21,41.47,0.6672,-0.0225,0.5185,0.5913,0.6993,0.1359,0.2683,-0.7479,0.126,多周期共振看空 ⬇⬇⬇,-0.5514,-0.6087,-0.5625
600367,红星发展,100.68,True,31.27,46.02,9,34.34,-37.39,-8.95,-32.06,0.0,2026-07-21,2026-07-21,10.67,0.7045,-0.1312,1.0669,0.5703,0.0148,0.0,0.2676,0.2104,0.6052,上升趋势中的日线回调（关注买点）,-0.4043,0.6037,0.45
003017,大洋生物,16.59,True,19.95,22.06,8,8.24,-9.9,-0.82,-9.58,0.0,2026-07-21,2026-07-21,20.9,0.6527,1.2876,0.4459,0.7916,0.2422,0.2568,0.2675,-0.6223,0.1889,多周期共振看空 ⬇⬇⬇,-0.4316,-0.4352,-0.5625
002237,恒邦股份,153.69,True,12.89,13.23,9,14.47,-10.18,-1.7,-2.56,0.0368,2026-07-21,2026-07-21,32.08,0.7234,-0.1235,0.5612,0.5846,0.4907,0.0647,0.2671,-0.5277,0.2362,多周期共振看空 ⬇⬇⬇,-0.4059,-0.4744,-0.3375
600556,天下秀,77.01,True,4.26,4.34,0,-1.89,-11.2,-6.59,-1.89,0.0,2026-07-21,2026-07-21,44.24,0.1186,0.6281,0.4744,0.4712,0.7609,0.2093,0.2668,-0.7003,0.1498,多周期共振看空 ⬇⬇⬇,-0.3755,-0.7223,-0.495
600336,澳柯玛,44.45,True,5.57,6.07,0,-2.87,-15.07,-8.61,-8.22,0.0,2026-07-21,2026-07-21,26.82,0.5094,0.5275,0.3901,0.7057,0.3737,0.3499,0.2668,-0.7228,0.1386,多周期共振看空 ⬇⬇⬇,-0.839,-0.3745,-0.495
603135,中重科技,54.77,True,8.7,11.96,8,10.64,-29.9,-5.61,-27.25,0.0,2026-07-21,2026-07-21,27.61,0.6897,-0.2697,0.8213,0.5059,0.3913,0.0,0.2667,-0.1458,0.4271,多周期方向不一致，观望,-0.524,-0.0344,-0.1575
600405,动力源,23.66,True,3.86,4.3,8,9.03,-10.35,-2.53,-10.27,0.0,2026-07-21,2026-07-21,30.41,0.7161,0.6385,0.7461,0.8296,0.4537,0.0,0.2664,-0.7404,0.1298,多周期共振看空 ⬇⬇⬇,-0.3779,-0.7408,-0.5625
603283,赛腾股份,161.67,True,45.86,65.25,14,36.97,-36.32,6.0,-29.72,0.0,2026-07-21,2026-07-21,15.98,0.4187,0.0388,1.0399,0.4667,0.1328,0.0,0.2664,0.2249,0.6124,上升趋势中的日线回调（关注买点）,-0.192,0.4704,0.45
600522,中天科技,1181.9,True,34.63,47.96,8,33.21,-34.64,-5.83,-27.8,0.0,2026-07-21,2026-07-21,18.85,0.2748,0.4385,0.9419,0.5403,0.1968,0.0,0.2662,0.0288,0.5144,多周期方向不一致，观望,-0.414,0.0313,0.45
600330,天通股份,235.96,True,19.13,25.71,5,13.42,-34.07,-11.96,-25.59,0.0,2026-07-21,2026-07-21,23.26,0.6469,-0.1777,1.0318,0.5171,0.2946,0.0,0.2662,-0.0512,0.4744,多周期方向不一致，观望,-0.6202,-0.1433,0.45
002706,良信股份,84.95,True,9.29,10.18,0,-3.47,-15.13,-9.99,-8.72,0.0,2026-07-21,2026-07-21,36.46,0.4732,-0.1681,0.6187,0.4167,0.588,0.0,0.266,-0.244,0.378,月线震荡，中短期走弱,-0.619,-0.1772,-0.1125
002654,万润科技,104.89,True,12.41,17.52,11,29.56,-35.02,0.53,-29.16,0.0,2026-07-21,2026-07-21,16.15,0.5089,0.3301,1.0027,0.6374,0.1366,0.0,0.2655,-0.0594,0.4703,多周期方向不一致，观望,-0.2707,-0.0289,0.0
002165,红 宝 丽,41.62,True,5.72,6.08,3,5.06,-18.27,-8.6,-5.91,0.0,2026-07-21,2026-07-21,36.5,0.7514,-0.0519,0.6444,0.6301,0.5888,0.0,0.2655,-0.5903,0.2048,多周期共振看空 ⬇⬇⬇,-0.3649,-0.4896,-0.495
002876,三利谱,38.32,True,25.73,30.78,9,13.35,-21.92,-3.11,-16.41,0.0,2026-07-21,2026-07-21,19.87,0.8114,-0.3094,0.6829,0.5631,0.2193,0.0,0.2654,-0.0406,0.4797,多周期方向不一致，观望,-0.3817,-0.0067,0.1555
603218,日月股份,101.25,True,9.84,9.87,0,-0.33,-9.16,-5.41,-0.33,0.0,2026-07-21,2026-07-21,41.77,-0.511,0.8876,0.2856,0.4,0.7059,0.524,0.2653,-0.7838,0.1081,多周期共振看空 ⬇⬇⬇,-0.556,-0.6835,-0.5625
000510,新金路,94.02,True,15.5,20.51,10,29.0,-32.72,-1.68,-24.44,0.0,2026-07-21,2026-07-21,18.59,0.4881,-0.052,0.8868,0.4721,0.1909,0.0,0.2652,0.1369,0.5685,上升趋势中的日线回调（关注买点）,-0.339,0.3007,0.45
000039,中集集团,183.42,True,7.97,8.04,0,-0.87,-12.41,-8.03,-0.87,0.0,2026-07-21,2026-07-21,47.76,0.2625,0.1002,0.4951,0.3976,0.8391,0.1748,0.2652,-0.6617,0.1692,多周期共振看空 ⬇⬇⬇,-0.625,-0.581,-0.3375
002799,环球印务,18.91,True,5.91,6.13,3,2.9,-10.91,-5.71,-3.55,0.0,2026-07-21,2026-07-21,41.71,0.1105,0.5111,0.3515,0.4663,0.7048,0.4142,0.2652,-0.8017,0.0992,多周期共振看空 ⬇⬇⬇,-0.5804,-0.7021,-0.5625
001400,江顺科技,32.42,True,70.12,99.73,7,10.63,-33.91,-8.76,-29.69,0.0,2026-07-21,2026-07-21,21.83,0.6079,-0.0087,0.9985,0.5612,0.2628,0.0,0.2649,-0.0944,0.4528,月线看多，中短期调整中,-0.4548,-0.3521,0.2925
002098,浔兴股份,22.38,True,6.25,6.47,3,2.38,-7.83,-3.36,-3.44,0.0,2026-07-21,2026-07-21,42.28,-0.2318,1.8629,0.3126,0.4,0.7174,0.4789,0.2646,-0.7672,0.1164,多周期共振看空 ⬇⬇⬇,-0.436,-0.75,-0.5625
002378,章源钨业,274.52,True,22.97,29.73,7,26.57,-28.85,-8.14,-22.74,0.0,2026-07-21,2026-07-21,25.24,0.8516,-0.6261,0.7411,0.5109,0.3386,0.0,0.2644,-0.1085,0.4457,月线看多，中短期调整中,-0.4642,-0.4113,0.2925
002480,新筑股份,38.77,True,5.05,5.16,2,1.02,-10.74,-4.99,-2.1,0.0,2026-07-21,2026-07-21,39.8,0.2957,0.0237,0.3276,0.3869,0.6621,0.454,0.2644,-0.6618,0.1691,多周期共振看空 ⬇⬇⬇,-0.4103,-0.5403,-0.5625
002005,ST德豪,39.59,True,2.26,2.38,1,0.85,-17.56,-7.52,-5.2,0.0,2026-07-21,2026-07-21,53.19,0.0235,0.6534,0.5692,0.4141,0.9598,0.0513,0.2644,-0.74,0.13,多周期共振看空 ⬇⬇⬇,-0.9025,-0.5152,-0.3375
002076,星光股份,19.18,True,1.84,2.16,1,2.37,-17.03,-9.38,-14.95,0.0,2026-07-21,2026-07-21,18.75,0.777,0.0102,0.6506,0.6703,0.1944,0.0,0.2643,-0.1914,0.4043,多周期方向不一致，观望,-0.693,-0.1346,-0.1125
003028,振邦智能,14.53,True,20.55,22.2,2,2.18,-13.12,-6.63,-7.44,0.0,2026-07-21,2026-07-21,38.0,0.4615,0.485,0.5253,0.6709,0.6222,0.1245,0.2642,-0.8064,0.0968,多周期共振看空 ⬇⬇⬇,-0.8525,-0.479,-0.5625
002354,天娱数科,107.3,True,6.6,8.33,13,27.24,-23.41,3.25,-20.8,0.0,2026-07-21,2026-07-21,30.39,0.2654,-0.1217,1.134,0.3106,0.4532,0.0,0.2642,0.0731,0.5365,多周期方向不一致，观望,-0.0757,0.5436,-0.1575
000953,中哲精化,18.64,True,5.09,5.32,3,4.4,-10.63,-4.63,-4.31,0.0,2026-07-21,2026-07-21,42.17,0.164,0.8781,0.4282,0.4984,0.7149,0.2864,0.2641,-0.7714,0.1143,多周期共振看空 ⬇⬇⬇,-0.4791,-0.7223,-0.5625
000856,冀东装备,15.62,True,6.88,7.28,1,0.72,-12.66,-6.04,-5.44,0.0,2026-07-21,2026-07-21,40.0,0.3127,0.6161,0.4394,0.5876,0.6667,0.2676,0.264,-0.8421,0.079,多周期共振看空 ⬇⬇⬇,-0.682,-0.7038,-0.5625
603306,华懋科技,232.79,True,70.65,92.35,6,9.92,-31.86,-8.83,-23.5,0.0,2026-07-21,2026-07-21,25.45,0.1174,0.904,0.8663,0.4704,0.3433,0.0,0.2639,-0.0537,0.4732,月线看多，中短期调整中,-0.624,-0.171,0.45
002520,日发精机,37.59,True,5.24,6.65,13,17.09,-23.81,-1.42,-21.22,0.0,2026-07-21,2026-07-21,26.12,0.619,-0.1056,0.8736,0.5292,0.3583,0.0,0.2638,-0.1662,0.4169,多周期方向不一致，观望,-0.2752,-0.1123,-0.3825
001267,汇绿生态,201.8,True,33.16,45.3,5,12.45,-32.71,-11.45,-26.8,0.0,2026-07-21,2026-07-21,18.96,0.6442,0.0019,0.7599,0.5873,0.199,0.0,0.2637,-0.0691,0.4655,月线看多，中短期调整中,-0.6653,-0.209,0.45
002052,同洲电子,56.32,True,8.17,8.08,3,2.43,-12.34,-5.34,1.09,0.0,2026-07-20,2026-07-21,43.54,0.6177,-0.0654,0.577,0.5444,0.7453,0.0384,0.2635,-0.6879,0.1561,多周期共振看空 ⬇⬇⬇,-0.2884,-0.7021,-0.5625
601399,国机重装,225.06,True,3.12,3.26,0,-1.21,-11.32,-6.88,-4.41,0.0,2026-07-21,2026-07-21,29.07,0.3996,0.5252,0.3826,0.6398,0.4238,0.3623,0.2634,-0.7149,0.1426,多周期共振看空 ⬇⬇⬇,-0.575,-0.7408,-0.3375
603376,大明电子,7.65,True,23.91,24.51,0,-0.77,-8.48,-4.7,-2.45,0.0,2026-07-21,2026-07-21,39.49,-0.1174,0.2733,0.3385,0.3093,0.6553,0.4359,0.2634,-0.523,0.2385,周线日线共振看空,-0.4193,-0.45,
600346,恒力石化,1100.92,True,15.64,16.83,11,7.53,-14.89,-2.86,-7.06,0.0,2026-07-21,2026-07-21,33.98,0.4215,0.8443,0.559,0.6529,0.5329,0.0684,0.2633,-0.6329,0.1835,多周期共振看空 ⬇⬇⬇,-0.4188,-0.6946,-0.3375
601012,隆基绿能,904.06,True,11.93,12.27,2,0.79,-9.02,-4.38,-2.74,0.0,2026-07-21,2026-07-21,30.56,0.7456,-0.2161,0.3177,0.5609,0.4568,0.4705,0.263,-0.7182,0.1409,多周期共振看空 ⬇⬇⬇,-0.3102,-0.75,-0.5625
600703,三安光电,622.63,True,12.48,17.31,9,30.14,-34.38,-1.46,-27.9,0.0,2026-07-21,2026-07-21,20.03,0.7095,-0.1294,0.8369,0.5739,0.2229,0.0,0.2629,-0.0829,0.4586,多周期方向不一致，观望,-0.3038,-0.1041,0.0
002539,云图控股,88.89,True,9.99,10.87,4,4.37,-14.15,-5.76,-8.11,0.0,2026-07-21,2026-07-21,28.57,0.3937,0.7824,0.3914,0.6362,0.4127,0.3477,0.2627,-0.6894,0.1553,多周期共振看空 ⬇⬇⬇,-0.6575,-0.6142,-0.3375
002235,安妮股份,40.3,True,7.28,8.54,10,10.43,-17.77,-4.57,-14.78,0.0,2026-07-21,2026-07-21,44.56,0.37,0.0062,0.7993,0.4245,0.7681,0.0,0.2624,-0.5013,0.2494,多周期共振看空 ⬇⬇⬇,-0.4431,-0.3845,-0.3375
600176,中国巨石,1707.78,True,43.0,59.42,12,54.44,-34.51,10.63,-27.64,0.0,2026-07-21,2026-07-21,25.03,0.0148,0.0289,1.1529,0.2204,0.334,0.0,0.2624,0.3455,0.6727,上升趋势中的日线回调（关注买点）,-0.1529,0.7298,0.5625
002906,华阳集团,125.38,True,23.9,24.61,1,0.51,-11.55,-5.68,-2.89,0.0,2026-07-21,2026-07-21,41.05,0.7369,-0.7155,0.4498,0.4421,0.69,0.2503,0.2624,-0.6364,0.1818,多周期共振看空 ⬇⬇⬇,-0.4199,-0.4763,-0.5625
002843,泰嘉股份,43.56,True,17.41,21.15,9,10.75,-22.38,-2.94,-17.68,0.0,2026-07-21,2026-07-21,30.35,0.4132,0.5868,0.7567,0.6479,0.4523,0.0,0.2622,-0.4815,0.2592,多周期共振看空 ⬇⬇⬇,-0.5181,-0.3441,-0.27
600500,中化国际,177.26,True,4.94,6.79,8,30.52,-33.01,-6.21,-27.21,0.0,2026-07-21,2026-07-21,18.01,0.8462,-0.6522,0.8975,0.5077,0.178,0.0,0.2619,0.0694,0.5347,上升趋势中的日线回调（关注买点）,-0.4365,0.1573,0.45
002632,道明光学,49.29,True,8.58,9.07,3,15.67,-11.53,-4.45,-5.37,0.0,2026-07-21,2026-07-21,47.4,0.5325,-0.2385,0.914,0.4241,0.8311,0.0,0.2617,-0.582,0.209,多周期共振看空 ⬇⬇⬇,-0.2737,-0.5496,-0.495
600530,交大昂立,37.43,True,4.83,5.27,1,1.64,-17.18,-7.72,-8.42,0.0,2026-07-21,2026-07-21,44.89,0.4621,-0.0609,0.6294,0.4529,0.7753,0.0,0.2616,-0.5625,0.2188,多周期共振看空 ⬇⬇⬇,-0.5295,-0.3775,-0.405
600807,济高发展,18.1,True,2.3,2.38,3,3.67,-11.4,-4.08,-3.52,0.0,2026-07-21,2026-07-21,36.84,0.4198,0.3495,0.4923,0.5917,0.5965,0.1795,0.2615,-0.7144,0.1428,多周期共振看空 ⬇⬇⬇,-0.3114,-0.7408,-0.5625
603068,博通集成,51.49,True,33.92,38.23,17,14.23,-14.99,4.53,-11.27,0.102,2026-07-21,2026-07-21,31.46,0.0188,-0.1176,0.5606,0.1642,0.4768,0.0657,0.2615,-0.0404,0.4798,多周期方向不一致，观望,0.0394,0.0136,-0.225
600850,电科数字,119.33,True,14.62,14.76,1,1.89,-13.08,-5.46,-0.93,0.0,2026-07-21,2026-07-21,45.37,0.2606,0.0981,0.41,0.3956,0.786,0.3166,0.2615,-0.7374,0.1313,多周期共振看空 ⬇⬇⬇,-0.4133,-0.7038,-0.5625
001368,通达创智,21.22,True,19.63,21.02,1,1.94,-10.67,-4.93,-6.61,0.0,2026-07-21,2026-07-21,42.82,0.0677,0.694,0.4181,0.4406,0.7293,0.3031,0.2615,-0.7305,0.1347,多周期共振看空 ⬇⬇⬇,-0.6707,-0.5357,-0.495
603159,上海亚虹,25.51,True,18.22,18.37,2,4.57,-33.3,-14.88,-0.81,0.0,2026-07-21,2026-07-21,49.08,-0.3624,1.4186,0.8587,0.4,0.8685,0.0,0.2615,-0.5901,0.205,多周期共振看空 ⬇⬇⬇,-0.4294,-0.4338,-0.495
603520,司太立,38.01,True,8.67,9.82,10,13.05,-13.42,-0.33,-11.75,0.0,2026-07-21,2026-07-21,23.36,0.7315,0.0278,0.5912,0.65,0.2968,0.0147,0.2614,-0.3166,0.3417,多周期共振看空 ⬇⬇⬇,-0.2832,-0.2956,-0.1575
002454,松芝股份,39.74,True,4.53,4.83,0,-1.48,-10.79,-6.18,-6.18,0.0,2026-07-21,2026-07-21,39.72,0.1435,0.4416,0.3894,0.4628,0.6604,0.3511,0.2613,-0.7232,0.1384,多周期共振看空 ⬇⬇⬇,-0.6865,-0.506,-0.495
000629,钒钛股份,283.36,True,3.05,3.2,8,8.85,-8.05,-1.64,-4.63,0.0,2026-07-21,2026-07-21,21.59,0.8172,-0.1127,0.4348,0.6452,0.2576,0.2754,0.2612,-0.4725,0.2638,多周期共振看空 ⬇⬇⬇,-0.3615,-0.391,-0.3375
603232,格尔软件,30.97,True,13.39,14.48,0,-2.88,-17.16,-9.7,-7.53,0.0,2026-07-21,2026-07-21,32.48,0.7994,-0.1467,0.4827,0.621,0.4995,0.1955,0.261,-0.6615,0.1693,多周期共振看空 ⬇⬇⬇,-0.5478,-0.4894,-0.495
002716,湖南白银,170.24,True,7.33,7.84,1,3.1,-14.12,-7.9,-6.53,0.0,2026-07-21,2026-07-21,39.12,0.3102,0.7829,0.6144,0.5861,0.6471,0.0,0.2609,-0.6269,0.1865,多周期共振看空 ⬇⬇⬇,-0.6297,-0.5005,-0.3375
002265,建设工业,168.49,True,16.31,17.15,0,-1.09,-11.53,-6.89,-4.87,0.0,2026-07-21,2026-07-21,39.81,0.401,0.1306,0.4871,0.4928,0.6624,0.1882,0.2608,-0.6478,0.1761,多周期共振看空 ⬇⬇⬇,-0.3991,-0.5192,-0.5625
002381,双箭股份,16.17,True,5.02,5.27,5,2.13,-6.74,-2.62,-4.71,0.0,2026-07-21,2026-07-21,39.02,-0.4362,0.9511,0.2985,0.4,0.645,0.5025,0.2607,-0.7302,0.1349,多周期共振看空 ⬇⬇⬇,-0.3735,-0.7223,-0.5625
001277,速达股份,11.72,True,25.73,27.57,1,0.04,-8.45,-5.4,-6.68,0.0,2026-07-21,2026-07-21,34.32,0.3102,0.8372,0.3336,0.5861,0.5405,0.444,0.2607,-0.8558,0.0721,多周期共振看空 ⬇⬇⬇,-0.6955,-0.7223,-0.5625
603210,泰鸿万立,30.9,True,13.28,13.55,3,1.08,-8.22,-2.31,-2.0,0.0241,2026-07-21,2026-07-21,40.07,0.4199,-0.3362,0.2781,0.3174,0.6683,0.5365,0.2605,-0.7128,0.1436,多周期共振看空 ⬇⬇⬇,-0.2965,-0.75,-0.5625
000403,派林生物,89.84,True,9.55,9.32,5,7.79,-22.46,-9.57,2.43,0.0,2026-07-14,2026-07-21,57.72,0.5947,-0.4184,0.5313,0.3895,0.9396,0.1146,0.2604,-0.7593,0.1204,多周期共振看空 ⬇⬇⬇,-0.4607,-0.7113,-0.5625
002957,科瑞技术,149.05,True,35.6,46.53,2,4.13,-31.01,-12.28,-23.49,0.0,2026-07-21,2026-07-21,26.78,0.6913,-0.4946,0.9477,0.4169,0.3729,0.0,0.2604,-0.031,0.4845,多周期方向不一致，观望,-0.6422,-0.0356,0.45
002105,信隆健康,17.6,True,4.83,5.04,3,5.26,-9.24,-4.17,-4.24,0.0,2026-07-21,2026-07-21,43.58,0.1196,0.7809,0.4495,0.4718,0.7461,0.2509,0.2604,-0.7679,0.116,多周期共振看空 ⬇⬇⬇,-0.4809,-0.7131,-0.5625
002902,铭普光磁,38.6,True,21.73,26.48,1,6.7,-23.98,-12.7,-17.93,0.0,2026-07-21,2026-07-21,26.01,0.7601,-0.4893,0.8453,0.4604,0.3557,0.0,0.2604,-0.0806,0.4597,月线看多，中短期调整中,-0.729,-0.1998,0.441
603086,先达股份,22.35,True,5.14,5.36,3,1.12,-8.93,-3.86,-4.11,0.0,2026-07-21,2026-07-21,43.33,-0.0289,0.5349,0.3435,0.4,0.7407,0.4275,0.2602,-0.789,0.1055,多周期共振看空 ⬇⬇⬇,-0.4918,-0.75,-0.5625
000595,宝塔实业,51.92,True,4.56,5.43,2,3.51,-19.33,-11.61,-16.08,0.0,2026-07-21,2026-07-21,41.6,0.1465,0.5764,0.8031,0.4879,0.7021,0.0,0.26,-0.5435,0.2283,多周期共振看空 ⬇⬇⬇,-0.821,-0.2209,-0.27
002249,大洋电机,129.16,True,6.93,7.41,3,8.72,-11.82,-5.77,-6.53,0.0,2026-07-21,2026-07-21,43.07,0.3869,0.9664,0.6917,0.6321,0.7348,0.0,0.26,-0.8129,0.0936,多周期共振看空 ⬇⬇⬇,-0.6642,-0.6548,-0.5625
603350,安乃达,12.53,True,28.4,29.97,11,7.05,-10.02,-1.85,-5.25,0.0,2026-07-21,2026-07-21,30.95,0.5071,0.1612,0.4106,0.5688,0.4655,0.3156,0.26,-0.6413,0.1794,多周期共振看空 ⬇⬇⬇,-0.3911,-0.5118,-0.5625
001396,誉帆科技,6.95,True,30.58,34.34,0,-1.66,-13.92,-8.82,-10.96,0.0,2026-07-21,2026-07-21,19.89,0.2769,0.4192,0.4371,0.5338,0.2199,0.2715,0.2598,-0.2571,0.3715,周线日线方向不一致,-0.857,0.0,
002209,达 意 隆,15.11,True,9.66,10.39,1,2.07,-9.94,-5.24,-7.04,0.0,2026-07-21,2026-07-21,37.6,0.3259,0.8401,0.4432,0.5955,0.6134,0.2613,0.2596,-0.8212,0.0894,多周期共振看空 ⬇⬇⬇,-0.6175,-0.7131,-0.5625
002372,伟星新材,118.55,True,8.06,8.15,1,1.19,-10.53,-5.8,-1.06,0.0,2026-07-21,2026-07-21,45.96,-0.6122,3.2327,0.4265,0.4,0.799,0.2891,0.2596,-0.7533,0.1234,多周期共振看空 ⬇⬇⬇,-0.5221,-0.7131,-0.495
002885,京泉华,59.95,True,25.27,35.22,4,8.71,-35.07,-11.1,-28.26,0.0,2026-07-21,2026-07-21,15.03,0.7446,-0.0491,0.7768,0.6271,0.1118,0.0,0.2596,-0.0607,0.4697,多周期方向不一致，观望,-0.6705,-0.1421,0.45
003040,楚天龙,47.33,True,10.36,10.46,0,-0.91,-12.91,-7.59,-0.91,0.0,2026-07-21,2026-07-21,41.97,0.1929,1.6448,0.4212,0.5157,0.7104,0.298,0.2594,-0.8409,0.0796,多周期共振看空 ⬇⬇⬇,-0.625,-0.75,-0.5625
603113,金能科技,35.38,True,4.17,4.24,2,0.37,-12.56,-6.08,-1.6,0.0,2026-07-21,2026-07-21,46.3,-0.4428,0.978,0.3883,0.4,0.8066,0.3529,0.2592,-0.8163,0.0918,多周期共振看空 ⬇⬇⬇,-0.6265,-0.6946,-0.5625
002576,通达动力,21.11,True,13.03,14.02,1,1.14,-10.95,-7.05,-7.05,0.0,2026-07-21,2026-07-21,37.84,0.5118,0.2839,0.4809,0.6206,0.6187,0.1984,0.259,-0.8222,0.0889,多周期共振看空 ⬇⬇⬇,-0.774,-0.581,-0.5625
600055,万东医疗,73.75,True,10.49,10.6,3,2.98,-13.85,-4.72,-1.01,0.0,2026-07-21,2026-07-21,48.07,0.0727,0.2264,0.4215,0.3342,0.846,0.2974,0.259,-0.7162,0.1419,多周期共振看空 ⬇⬇⬇,-0.3159,-0.7408,-0.5625
000877,天山股份,258.82,True,3.64,3.69,1,0.32,-9.28,-4.93,-1.25,0.0,2026-07-21,2026-07-21,47.14,0.1642,-0.0423,0.2607,0.2816,0.8254,0.5654,0.2589,-0.8219,0.0891,多周期共振看空 ⬇⬇⬇,-0.5762,-0.75,-0.5625
002077,大港股份,72.14,True,12.43,17.42,14,10.86,-32.59,-1.25,-28.66,0.0,2026-07-21,2026-07-21,24.65,0.1739,1.1677,0.817,0.5044,0.3255,0.0,0.2589,-0.1267,0.4366,多周期方向不一致，观望,-0.311,-0.1329,-0.1575
002908,德生科技,20.6,True,6.4,6.46,0,-0.53,-10.21,-4.88,-0.91,0.0,2026-07-21,2026-07-21,39.16,0.1886,0.5724,0.4015,0.5131,0.648,0.3308,0.2589,-0.792,0.104,多周期共振看空 ⬇⬇⬇,-0.4994,-0.75,-0.5625
002929,润建股份,112.79,True,52.08,60.97,6,15.44,-19.32,-4.08,-14.58,0.0,2026-07-21,2026-07-21,16.93,0.7265,-0.1635,0.9435,0.5705,0.1541,0.0,0.2583,-0.0315,0.4843,月线看多，中短期调整中,-0.4226,-0.2379,0.45
002228,合兴包装,35.07,True,2.9,3.03,4,3.04,-6.32,-2.32,-4.18,0.0,2026-07-21,2026-07-21,42.11,-0.2925,1.2598,0.3885,0.4,0.7135,0.3525,0.2583,-0.7115,0.1442,多周期共振看空 ⬇⬇⬇,-0.3825,-0.7408,-0.495
002273,水晶光电,375.39,True,27.56,32.78,7,10.34,-24.32,-6.3,-15.91,0.0,2026-07-21,2026-07-21,23.16,0.3444,0.133,0.9891,0.4598,0.2925,0.0,0.2582,-0.0211,0.4894,多周期方向不一致，观望,-0.4784,-0.1329,0.45
600203,福日电子,57.99,True,9.78,11.98,9,8.59,-20.39,-2.17,-18.39,0.0,2026-07-21,2026-07-21,35.32,0.2749,0.6762,0.8918,0.565,0.5627,0.0,0.2582,-0.5136,0.2432,多周期共振看空 ⬇⬇⬇,-0.497,-0.2078,-0.495
603081,大丰实业,34.86,True,8.25,8.73,1,3.15,-10.62,-5.19,-5.5,0.0,2026-07-21,2026-07-21,39.79,0.1911,1.493,0.4072,0.5146,0.662,0.3213,0.258,-0.8107,0.0947,多周期共振看空 ⬇⬇⬇,-0.5905,-0.7131,-0.5625
600810,神马股份,65.82,True,6.09,6.16,6,10.3,-11.76,-1.82,-1.14,0.0214,2026-07-21,2026-07-21,45.4,0.5445,-0.5112,0.4481,0.3267,0.7866,0.2532,0.2579,-0.6575,0.1713,多周期共振看空 ⬇⬇⬇,-0.187,-0.7223,-0.5625
000420,吉林化纤,89.72,True,3.65,3.88,0,-0.52,-12.03,-5.92,-6.0,0.0,2026-07-21,2026-07-21,31.48,0.6232,-0.0381,0.4102,0.5587,0.4774,0.3164,0.2579,-0.6566,0.1717,多周期共振看空 ⬇⬇⬇,-0.6983,-0.5071,-0.3375
603188,亚邦股份,20.98,True,3.68,3.95,0,-0.72,-8.49,-4.77,-6.78,0.0,2026-07-21,2026-07-21,27.93,0.323,0.9709,0.407,0.5938,0.3984,0.3217,0.2579,-0.6223,0.1889,多周期共振看空 ⬇⬇⬇,-0.4582,-0.6375,-0.3375
600550,保变电气,194.65,True,10.57,11.04,1,0.8,-12.87,-7.41,-4.25,0.0,2026-07-21,2026-07-21,34.81,0.3166,0.2418,0.3705,0.4867,0.5513,0.3826,0.2578,-0.6837,0.1582,多周期共振看空 ⬇⬇⬇,-0.5705,-0.6762,-0.3375
600637,东方明珠,263.24,True,7.7,7.89,0,-2.41,-8.4,-5.5,-2.41,0.0,2026-07-21,2026-07-21,39.5,0.3049,-0.0095,0.3487,0.3792,0.6556,0.4189,0.2577,-0.6666,0.1667,多周期共振看空 ⬇⬇⬇,-0.6024,-0.4538,-0.495
002177,御银股份,36.11,True,5.35,5.44,0,-0.45,-12.37,-7.77,-1.6,0.0,2026-07-21,2026-07-21,36.75,0.7327,-0.1743,0.4655,0.5699,0.5944,0.2242,0.2574,-0.745,0.1275,多周期共振看空 ⬇⬇⬇,-0.4926,-0.6527,-0.5625
002313,日海智能,27.89,True,7.45,7.71,6,3.73,-13.26,-4.08,-3.43,0.0,2026-07-21,2026-07-21,41.62,0.2492,1.5008,0.65,0.5495,0.7027,0.0,0.2574,-0.6629,0.1685,多周期共振看空 ⬇⬇⬇,-0.367,-0.5798,-0.5625
603002,宏昌电子,163.99,True,14.46,20.43,10,40.53,-31.22,-0.14,-29.24,0.0,2026-07-21,2026-07-21,11.93,0.7559,-0.2699,0.7659,0.5456,0.0428,0.0,0.2573,0.1342,0.5671,上升趋势中的日线回调（关注买点）,-0.3585,0.3085,0.45
601777,千里科技,334.56,True,7.4,7.91,0,-6.5,-14.28,-10.57,-6.5,0.0,2026-07-21,2026-07-21,39.56,0.3933,0.1893,0.4721,0.5117,0.6569,0.2131,0.2573,-0.7193,0.1403,多周期共振看空 ⬇⬇⬇,-0.616,-0.4903,-0.5625
603356,华菱精工,17.73,True,13.3,16.2,4,5.86,-20.99,-7.12,-17.9,0.0,2026-07-21,2026-07-21,31.86,0.5079,0.3525,0.7957,0.6458,0.4859,0.0,0.257,-0.5604,0.2198,多周期共振看空 ⬇⬇⬇,-0.5847,-0.3929,-0.3375
001256,炜冈科技,23.45,True,21.93,26.5,15,21.06,-19.3,3.35,-17.24,0.0,2026-07-21,2026-07-21,9.59,0.5546,0.2141,0.6377,0.6184,0.0,0.0,0.257,0.0663,0.5332,多周期方向不一致，观望,-0.1029,0.0395,0.3403
000809,和展能源,23.75,True,2.88,3.13,0,-3.33,-14.96,-10.49,-8.02,0.0,2026-07-21,2026-07-21,30.59,0.4506,-0.2081,0.3188,0.3871,0.4575,0.4687,0.2569,-0.4883,0.2559,多周期共振看空 ⬇⬇⬇,-0.6595,-0.2379,-0.27
603297,永新光学,105.72,True,95.48,120.38,8,17.56,-26.02,-3.87,-20.69,0.0,2026-07-21,2026-07-21,15.53,0.6854,0.0827,0.7667,0.6443,0.123,0.0,0.2568,-0.124,0.438,月线震荡，中短期走弱,-0.4305,-0.1772,0.1293
600480,凌云股份,100.94,True,8.32,8.58,0,-0.33,-17.66,-7.33,-2.98,0.0,2026-07-21,2026-07-21,48.75,0.5663,-0.2292,0.5853,0.4481,0.8611,0.0245,0.2568,-0.7156,0.1422,多周期共振看空 ⬇⬇⬇,-0.5573,-0.5325,-0.5625
002374,中锐股份,29.63,True,2.73,3.1,8,5.84,-16.32,-4.83,-12.03,0.0,2026-07-21,2026-07-21,24.62,0.6671,0.263,0.5213,0.7054,0.3248,0.1312,0.2568,-0.569,0.2155,多周期共振看空 ⬇⬇⬇,-0.5903,-0.4071,-0.3375
601208,东材科技,434.38,True,43.0,59.06,8,33.11,-34.7,-6.42,-27.2,0.0,2026-07-21,2026-07-21,21.9,0.2333,0.1744,0.9567,0.4098,0.2644,0.0,0.2567,0.0809,0.5404,上升趋势中的日线回调（关注买点）,-0.4275,0.1883,0.45
601179,中国西电,633.05,True,12.35,13.62,4,7.96,-17.68,-6.64,-9.35,0.0,2026-07-21,2026-07-21,25.73,0.5125,-0.2046,0.4849,0.4256,0.3496,0.1918,0.2566,-0.2013,0.3993,月线看多，中短期调整中,-0.7153,-0.5256,0.18
000801,四川九洲,113.38,True,11.16,11.55,5,9.66,-10.26,-3.04,-3.35,0.0,2026-07-21,2026-07-21,37.6,0.7611,0.017,0.6829,0.6634,0.6134,0.0,0.2564,-0.7467,0.1266,多周期共振看空 ⬇⬇⬇,-0.3833,-0.75,-0.5625
002916,深南电路,2326.83,True,350.0,410.67,12,14.25,-21.74,-0.93,-14.77,0.0,2026-07-21,2026-07-21,34.84,-0.0913,-0.1163,0.9028,0.1535,0.552,0.0,0.2563,0.1427,0.5714,上升趋势中的日线回调（关注买点）,-0.3075,0.1809,0.5625
002488,金固股份,83.64,True,9.09,8.95,3,1.55,-11.84,-5.12,1.55,0.0,2026-07-20,2026-07-21,48.62,-0.0152,0.9092,0.5112,0.4,0.8582,0.148,0.2562,-0.7387,0.1306,多周期共振看空 ⬇⬇⬇,-0.5837,-0.6283,-0.495
002919,名臣健康,44.07,True,16.68,19.03,3,9.84,-14.98,-4.81,-12.33,0.0,2026-07-21,2026-07-21,35.71,0.3024,0.6198,0.784,0.5815,0.5714,0.0,0.256,-0.568,0.216,多周期共振看空 ⬇⬇⬇,-0.6296,-0.3713,-0.3375
603370,华新精科,12.16,True,34.76,35.1,0,-0.98,-15.58,-9.04,-0.98,0.0,2026-07-21,2026-07-21,42.82,0.1865,0.4209,0.4992,0.4802,0.7294,0.1681,0.256,-0.7303,0.1349,周线日线共振看空,-0.5425,-0.6652,
002068,黑猫股份,59.31,True,8.07,11.86,12,38.11,-39.3,1.89,-31.97,0.0,2026-07-21,2026-07-21,11.81,0.5201,0.4264,0.9992,0.6826,0.0403,0.0,0.2559,-0.0932,0.4534,多周期方向不一致，观望,-0.234,-0.0517,-0.1575
600268,国电南自,109.98,True,10.83,11.06,0,-1.23,-11.9,-6.18,-2.06,0.0,2026-07-21,2026-07-21,37.69,-0.1028,1.1564,0.3724,0.4,0.6154,0.3793,0.2557,-0.6365,0.1818,多周期共振看空 ⬇⬇⬇,-0.6205,-0.5348,-0.3322
600482,中国动力,654.16,True,28.84,31.81,6,7.69,-13.54,-3.74,-9.35,0.0,2026-07-21,2026-07-21,35.5,0.4989,-0.6223,0.6143,0.2993,0.5667,0.0,0.2556,-0.1141,0.443,月线看多，中短期调整中,-0.4346,-0.351,0.18
002403,爱仕达,24.16,True,8.13,9.41,7,20.52,-14.53,-3.61,-13.62,0.0,2026-07-21,2026-07-21,35.91,0.4942,1.3373,0.8465,0.6965,0.5757,0.0,0.2556,-0.7608,0.1196,多周期共振看空 ⬇⬇⬇,-0.6181,-0.5798,-0.5625
002420,毅昌科技,19.91,True,4.92,5.38,2,4.36,-8.55,-3.53,-8.49,0.0,2026-07-21,2026-07-21,33.85,0.6906,0.1826,0.4526,0.6874,0.5299,0.2457,0.2554,-0.8888,0.0556,多周期共振看空 ⬇⬇⬇,-0.7909,-0.7131,-0.5625
002053,云南能投,87.65,True,9.52,9.4,5,5.21,-18.54,-5.72,1.23,0.0,2026-07-15,2026-07-21,32.43,0.4165,0.6195,0.7584,0.6499,0.4983,0.0,0.2548,-0.5994,0.2003,多周期共振看空 ⬇⬇⬇,-0.3337,-0.4688,-0.5625
600105,永鼎股份,559.65,True,38.28,52.86,8,29.83,-33.29,-5.91,-27.58,0.0,2026-07-21,2026-07-21,21.27,0.1377,0.409,1.1011,0.4462,0.2504,0.0,0.2547,0.0231,0.5115,多周期方向不一致，观望,-0.4095,0.0025,0.45
600230,沧州大化,50.54,True,12.21,13.18,3,3.79,-10.12,-5.61,-7.39,0.0,2026-07-21,2026-07-21,30.05,0.3568,0.933,0.449,0.6141,0.4457,0.2517,0.2547,-0.6814,0.1593,多周期共振看空 ⬇⬇⬇,-0.621,-0.6277,-0.3375
002960,青鸟智控,78.52,True,8.11,8.32,2,2.71,-5.17,-2.64,-2.51,0.0,2026-07-21,2026-07-21,31.65,0.6481,-0.434,0.2929,0.4153,0.4812,0.5118,0.2547,-0.6136,0.1932,多周期共振看空 ⬇⬇⬇,-0.3935,-0.5163,-0.495
600596,新安股份,137.93,True,10.22,13.41,7,19.36,-27.89,-7.68,-23.8,0.0,2026-07-21,2026-07-21,20.56,0.8269,-0.3772,0.8592,0.5453,0.2348,0.0,0.2544,-0.1191,0.4405,多周期方向不一致，观望,-0.4418,-0.1447,0.0
603399,永杉锂业,63.22,True,12.34,18.02,10,20.29,-37.13,-6.55,-31.53,0.0,2026-07-21,2026-07-21,13.91,0.8546,-0.311,0.9742,0.5883,0.0868,0.0,0.2544,-0.01,0.495,多周期方向不一致，观望,-0.432,-0.1237,0.45
002370,亚太药业,35.42,True,4.75,5.41,13,8.43,-12.16,-0.24,-12.16,0.0,2026-07-21,2026-07-21,27.19,0.527,1.0951,0.7817,0.7162,0.3821,0.0,0.2543,-0.5697,0.2152,多周期共振看空 ⬇⬇⬇,-0.1945,-0.5229,-0.5625
002011,盾安环境,108.27,True,10.2,10.36,3,2.5,-9.49,-3.45,-1.54,0.0,2026-07-21,2026-07-21,35.98,0.309,0.0731,0.3684,0.4147,0.5773,0.386,0.2543,-0.6307,0.1846,多周期共振看空 ⬇⬇⬇,-0.327,-0.5433,-0.5625
603379,三美股份,364.82,True,59.76,67.85,12,27.09,-14.63,1.96,-11.92,0.0,2026-07-21,2026-07-21,12.7,0.8609,-0.2337,0.8249,0.623,0.0601,0.0,0.254,-0.0371,0.4814,多周期方向不一致，观望,-0.1067,-0.0125,-0.0591
600261,阳光照明,39.12,True,2.93,3.03,1,0.12,-6.98,-3.21,-3.2,0.0,2026-07-21,2026-07-21,32.65,0.4837,-0.3201,0.2517,0.3622,0.5034,0.5805,0.2539,-0.6167,0.1916,多周期共振看空 ⬇⬇⬇,-0.3633,-0.5489,-0.495
000070,特发信息,117.8,True,13.75,18.14,7,31.88,-31.29,-5.68,-24.18,0.0,2026-07-21,2026-07-21,24.09,0.5962,-0.2263,0.816,0.4672,0.3132,0.0,0.2538,-0.0929,0.4536,月线看多，中短期调整中,-0.5692,-0.2471,0.2925
002085,万丰奥威,217.0,True,10.22,10.76,0,-0.56,-13.83,-8.06,-5.06,0.0,2026-07-21,2026-07-21,37.87,0.878,-0.3211,0.4744,0.5983,0.6193,0.2093,0.2538,-0.8378,0.0811,多周期共振看空 ⬇⬇⬇,-0.6439,-0.727,-0.5625
002137,实益达,28.7,True,7.24,10.13,12,15.16,-32.93,-1.89,-28.53,0.0,2026-07-21,2026-07-21,30.37,0.608,-0.4621,1.0093,0.38,0.4526,0.0,0.2534,-0.1238,0.4381,多周期方向不一致，观望,-0.2805,-0.1463,-0.1575
002951,金时科技,46.29,True,11.54,13.61,2,8.39,-22.66,-12.62,-15.23,0.0,2026-07-21,2026-07-21,39.68,0.4963,0.0154,0.8047,0.5039,0.6596,0.0,0.2532,-0.5725,0.2137,多周期共振看空 ⬇⬇⬇,-0.5564,-0.2863,-0.495
002363,隆基机械,24.53,True,5.9,6.13,1,1.45,-10.35,-4.58,-3.7,0.0,2026-07-21,2026-07-21,43.37,0.0257,0.4632,0.3625,0.4007,0.7416,0.3958,0.2527,-0.8263,0.0868,多周期共振看空 ⬇⬇⬇,-0.6304,-0.7131,-0.5625
603125,常青科技,84.21,True,20.8,27.12,11,20.46,-29.06,-0.66,-23.29,0.0,2026-07-21,2026-07-21,14.51,0.4651,0.1197,0.7463,0.5269,0.1002,0.0,0.2526,0.0576,0.5288,多周期方向不一致，观望,-0.2663,0.0313,0.45
600707,彩虹股份,331.86,True,9.25,12.79,11,40.38,-34.25,2.13,-27.67,0.0,2026-07-21,2026-07-21,12.82,0.7868,-0.4702,1.064,0.484,0.0627,0.0,0.2526,0.171,0.5855,上升趋势中的日线回调（关注买点）,-0.2483,0.3375,0.45
600241,时代万恒,18.16,True,6.17,6.68,4,5.41,-10.84,-4.51,-7.61,0.0,2026-07-21,2026-07-21,41.61,0.3123,0.5701,0.6483,0.5874,0.7025,0.0,0.2526,-0.7619,0.119,多周期共振看空 ⬇⬇⬇,-0.6183,-0.5821,-0.5625
000839,国安股份,94.08,True,2.4,2.52,2,2.87,-9.86,-5.18,-4.57,0.0,2026-07-21,2026-07-21,34.25,0.7847,-0.6117,0.4383,0.4708,0.5388,0.2695,0.2524,-0.5959,0.2021,多周期共振看空 ⬇⬇⬇,-0.4012,-0.6283,-0.3375
603239,浙江仙通,34.98,True,12.92,14.15,0,-4.93,-17.75,-10.82,-8.68,0.0,2026-07-21,2026-07-21,32.02,0.3429,0.4702,0.4662,0.5938,0.4893,0.223,0.2524,-0.6963,0.1518,多周期共振看空 ⬇⬇⬇,-0.691,-0.6006,-0.3375
002045,国光电器,43.93,True,7.82,7.81,4,5.51,-10.22,-5.32,0.16,0.0,2026-07-15,2026-07-21,45.68,0.1194,2.3622,0.514,0.4716,0.793,0.1434,0.2524,-0.8017,0.0992,多周期共振看空 ⬇⬇⬇,-0.5243,-0.75,-0.5625
002977,*ST天箭,13.32,True,19.99,22.69,8,10.16,-17.7,-4.24,-11.91,0.0,2026-07-21,2026-07-21,42.2,0.2749,0.7671,0.745,0.565,0.7155,0.0,0.2522,-0.7445,0.1277,多周期共振看空 ⬇⬇⬇,-0.4532,-0.6854,-0.5625
603435,嘉德利,16.08,True,45.05,55.99,0,-2.74,-28.14,-14.3,-19.54,0.0,2026-07-21,2026-07-21,17.03,0.6665,-0.204,0.8514,0.5183,0.1562,0.0,0.2521,0.0,0.5,周线日线方向不一致,0.0,,
002213,大为股份,51.66,True,24.99,32.57,4,12.3,-31.8,-9.59,-23.28,0.0,2026-07-21,2026-07-21,25.64,0.62,-0.3728,0.935,0.4229,0.3476,0.0,0.2521,-0.0773,0.4613,月线看多，中短期调整中,-0.666,-0.2471,0.45
002783,凯龙股份,32.28,True,7.0,7.14,2,0.54,-7.21,-3.29,-2.03,0.0,2026-07-21,2026-07-21,34.75,0.5257,0.0044,0.4192,0.5172,0.55,0.3013,0.2519,-0.7137,0.1431,多周期共振看空 ⬇⬇⬇,-0.3311,-0.7223,-0.5625
002425,凯撒文化,23.56,True,2.56,2.66,3,1.3,-9.45,-3.75,-3.85,0.0,2026-07-21,2026-07-21,42.68,-0.3126,0.8146,0.4246,0.4,0.7263,0.2923,0.2518,-0.731,0.1345,多周期共振看空 ⬇⬇⬇,-0.4098,-0.6929,-0.5625
600764,中国海防,124.72,True,17.55,17.74,2,0.23,-10.87,-4.62,-1.06,0.0,2026-07-21,2026-07-21,44.49,0.265,0.095,0.383,0.397,0.7665,0.3616,0.2518,-0.8302,0.0849,多周期共振看空 ⬇⬇⬇,-0.5975,-0.75,-0.5625
002983,芯瑞达,23.13,True,18.05,23.44,9,10.8,-27.95,-4.74,-22.98,0.0,2026-07-21,2026-07-21,16.0,0.7522,-0.0011,0.7393,0.6509,0.1333,0.0,0.2515,-0.1895,0.4052,月线震荡，中短期走弱,-0.3801,-0.3113,0.0
601137,博威合金,159.11,True,17.33,20.5,4,6.65,-21.79,-9.63,-15.46,0.0,2026-07-21,2026-07-21,19.96,0.718,-0.1568,0.5808,0.5681,0.2213,0.032,0.2514,-0.1885,0.4057,多周期方向不一致，观望,-0.552,-0.1303,-0.225
603507,振江股份,50.31,True,21.29,24.34,0,-0.88,-15.39,-8.1,-12.54,0.0,2026-07-21,2026-07-21,29.56,-0.5612,1.4612,0.4884,0.4,0.4348,0.1861,0.2514,-0.2997,0.3501,月线震荡，中短期走弱,-0.8705,-0.3798,0.1186
003031,中瓷电子,374.17,True,110.0,149.04,8,29.09,-34.6,-4.43,-26.19,0.0,2026-07-21,2026-07-21,22.26,0.3996,-0.0639,0.9091,0.4142,0.2723,0.0,0.2513,0.0205,0.5102,多周期方向不一致，观望,-0.423,0.0025,0.45
002581,*ST未名,13.39,True,3.34,3.42,5,16.51,-16.89,-4.66,-2.2,0.0,2026-07-21,2026-07-21,51.63,0.6963,-0.6384,0.7721,0.4178,0.9251,0.0,0.2511,-0.7699,0.115,多周期共振看空 ⬇⬇⬇,-0.4429,-0.75,-0.5625
002319,乐通股份,22.02,True,10.51,10.5,6,4.93,-14.4,-3.76,0.11,0.0044,2026-07-20,2026-07-21,51.17,-0.3521,0.9214,0.6759,0.4,0.9149,0.0,0.251,-0.7403,0.1299,多周期共振看空 ⬇⬇⬇,-0.509,-0.6283,-0.5625
603375,盛景微,21.33,True,33.44,44.59,7,4.79,-26.88,-6.45,-25.01,0.0,2026-07-21,2026-07-21,20.81,0.5336,0.1592,0.758,0.5838,0.2402,0.0,0.2509,-0.2153,0.3923,月线震荡，中短期走弱,-0.6328,-0.1813,0.0
002863,今飞凯达,24.88,True,4.15,4.31,1,0.13,-10.18,-5.2,-3.71,0.0,2026-07-21,2026-07-21,40.91,0.0917,0.3837,0.3377,0.4085,0.6869,0.4371,0.2508,-0.8212,0.0894,多周期共振看空 ⬇⬇⬇,-0.6175,-0.7131,-0.5625
002880,卫光生物,45.61,True,20.11,20.94,3,4.05,-12.28,-3.82,-3.98,0.0,2026-07-21,2026-07-21,46.15,-0.0466,1.0393,0.5141,0.4,0.8034,0.1432,0.2506,-0.7141,0.143,多周期共振看空 ⬇⬇⬇,-0.3538,-0.7038,-0.5625
002028,思源电气,952.18,True,155.89,163.68,2,5.87,-13.5,-6.36,-4.76,0.0,2026-07-21,2026-07-21,44.88,-0.0097,0.0751,0.6625,0.2301,0.7752,0.0,0.2505,-0.2946,0.3527,月线震荡，中短期走弱,-0.5299,-0.6485,0.1125
001324,长青科技,24.26,True,17.58,18.98,15,8.95,-7.39,1.63,-7.39,0.1111,2026-07-21,2026-07-21,21.19,-0.1127,0.5406,0.4856,0.4,0.2487,0.1906,0.2503,-0.3551,0.3225,多周期共振看空 ⬇⬇⬇,-0.1547,-0.2428,-0.405
002222,福晶科技,278.92,True,59.58,78.06,2,4.02,-30.82,-12.3,-23.67,0.0,2026-07-21,2026-07-21,22.7,0.4047,0.0904,0.8892,0.479,0.2821,0.0,0.2502,-0.1033,0.4484,月线看多，中短期调整中,-0.7155,-0.1998,0.3212
002097,山河智能,73.15,True,6.82,7.11,0,-4.12,-11.39,-7.23,-4.12,0.0,2026-07-21,2026-07-21,35.06,0.1626,0.9781,0.3223,0.4975,0.5568,0.4628,0.2502,-0.8325,0.0837,多周期共振看空 ⬇⬇⬇,-0.625,-0.7315,-0.5625
603321,梅轮电梯,19.16,True,5.56,5.85,1,0.43,-8.2,-3.83,-4.97,0.0,2026-07-21,2026-07-21,40.62,-0.1951,0.982,0.3534,0.4,0.6806,0.411,0.2502,-0.7838,0.1081,多周期共振看空 ⬇⬇⬇,-0.5451,-0.6929,-0.5625
002942,新农股份,19.19,True,13.83,14.62,1,0.01,-9.17,-4.72,-5.41,0.0,2026-07-21,2026-07-21,40.69,-0.3552,0.9337,0.3635,0.4,0.682,0.3942,0.25,-0.7738,0.1131,多周期共振看空 ⬇⬇⬇,-0.5747,-0.7131,-0.495
002290,禾盛新材,147.25,True,59.57,79.42,8,8.13,-32.46,-5.54,-24.99,0.0,2026-07-21,2026-07-21,24.64,-0.1332,0.5327,0.9291,0.4,0.3252,0.0,0.2498,-0.0318,0.4841,月线看多，中短期调整中,-0.513,-0.1617,0.45
600293,三峡新材,29.93,True,2.58,2.75,2,3.15,-23.28,-13.36,-6.11,0.0,2026-07-21,2026-07-21,41.3,0.8024,-0.5136,0.8229,0.4814,0.6957,0.0,0.2498,-0.6063,0.1969,多周期共振看空 ⬇⬇⬇,-0.43,-0.4689,-0.495
002358,森源电气,47.32,True,5.09,5.37,0,-2.38,-9.9,-6.17,-5.17,0.0,2026-07-21,2026-07-21,28.44,0.3906,0.1628,0.3077,0.4995,0.4098,0.4872,0.2497,-0.6831,0.1584,多周期共振看空 ⬇⬇⬇,-0.6205,-0.6319,-0.3375
002094,青岛金王,29.69,True,4.3,4.39,1,0.98,-11.13,-5.46,-2.01,0.0,2026-07-21,2026-07-21,42.0,0.1034,0.3237,0.3383,0.3915,0.7111,0.4362,0.2497,-0.831,0.0845,多周期共振看空 ⬇⬇⬇,-0.5995,-0.75,-0.5625
603248,锡华科技,12.26,True,17.15,19.66,0,-5.69,-13.5,-10.76,-12.76,0.0,2026-07-21,2026-07-21,20.92,0.5582,0.2616,0.3802,0.6396,0.2426,0.3663,0.2496,-0.6106,0.1947,周线日线共振看空,-0.7875,-0.27,
002598,ST章鼓,17.45,True,6.09,6.53,5,1.89,-10.81,-3.12,-6.79,0.0,2026-07-21,2026-07-21,44.81,-0.5011,1.5997,0.4274,0.4,0.7736,0.2877,0.2495,-0.8025,0.0988,多周期共振看空 ⬇⬇⬇,-0.5265,-0.75,-0.5625
003018,金富科技,112.27,True,39.46,54.02,12,28.07,-30.88,1.64,-26.96,0.0,2026-07-21,2026-07-21,26.28,0.0961,0.1534,1.0004,0.319,0.3618,0.0,0.2495,0.0517,0.5259,多周期方向不一致，观望,-0.3073,0.0406,0.45
001208,华菱线缆,39.84,True,12.5,14.02,3,7.98,-13.5,-5.98,-10.85,0.0,2026-07-21,2026-07-21,40.45,0.2805,0.8262,0.7604,0.5683,0.6767,0.0,0.2494,-0.7261,0.137,多周期共振看空 ⬇⬇⬇,-0.6576,-0.6946,-0.3375
002195,岩山科技,339.76,True,6.05,6.29,0,-3.14,-10.74,-7.2,-3.82,0.0,2026-07-21,2026-07-21,37.89,0.1503,1.3533,0.4787,0.4902,0.6197,0.2022,0.2494,-0.6945,0.1527,多周期共振看空 ⬇⬇⬇,-0.566,-0.7038,-0.3375
002339,积成电子,31.07,True,6.49,6.75,0,-3.8,-12.46,-7.78,-3.8,0.0,2026-07-21,2026-07-21,34.36,0.0714,0.6404,0.3363,0.4429,0.5412,0.4395,0.249,-0.7175,0.1412,多周期共振看空 ⬇⬇⬇,-0.625,-0.7038,-0.3375
600983,惠而浦,55.95,True,7.3,7.23,5,4.09,-11.02,-3.86,0.96,0.0147,2026-07-14,2026-07-21,55.09,0.0725,-0.5336,0.3356,0.0435,0.998,0.4407,0.249,-0.6631,0.1684,多周期共振看空 ⬇⬇⬇,-0.2013,-0.7223,-0.5625
603305,旭升集团,126.55,True,10.95,11.82,0,-1.68,-15.71,-8.85,-7.35,0.0,2026-07-21,2026-07-21,35.71,0.5121,0.3409,0.5513,0.6436,0.5714,0.0812,0.2485,-0.7921,0.1039,多周期共振看空 ⬇⬇⬇,-0.765,-0.5902,-0.495
002212,天融信,64.64,True,5.54,5.65,0,-1.92,-11.05,-5.75,-1.92,0.0,2026-07-21,2026-07-21,41.8,0.226,0.4805,0.5037,0.5278,0.7066,0.1605,0.2485,-0.8325,0.0837,多周期共振看空 ⬇⬇⬇,-0.625,-0.7315,-0.5625
001226,拓山重工,12.82,True,37.8,45.84,4,4.87,-17.8,-5.79,-17.55,0.0,2026-07-21,2026-07-21,36.15,0.4762,-0.7269,0.7781,0.2857,0.581,0.0,0.2484,-0.1669,0.4165,多周期方向不一致，观望,-0.5247,-0.1264,-0.1575
600545,卓郎智能,70.98,True,3.97,5.72,5,20.23,-37.44,-10.56,-30.58,0.0,2026-07-21,2026-07-21,16.26,0.7042,-0.2244,1.0887,0.5328,0.139,0.0,0.2482,-0.0336,0.4832,多周期方向不一致，观望,-0.5745,-0.1052,0.45
603285,键邦股份,18.96,True,30.43,42.5,7,13.93,-33.14,-6.96,-28.41,0.0,2026-07-21,2026-07-21,30.26,0.38,-0.2909,0.9861,0.3116,0.4501,0.0,0.2482,-0.0531,0.4734,多周期方向不一致，观望,-0.5647,-0.1237,0.3745
603010,万盛股份,58.33,True,10.22,14.93,11,25.19,-33.56,-0.61,-31.54,0.0,2026-07-21,2026-07-21,4.9,0.4704,0.4604,0.8509,0.6664,0.0,0.0,0.2482,-0.0808,0.4596,多周期方向不一致，观望,-0.3359,-0.0671,0.0
000910,大亚圣象,27.03,True,4.94,5.29,1,1.31,-12.09,-5.38,-6.63,0.0,2026-07-21,2026-07-21,39.34,-0.535,1.2922,0.3064,0.4,0.6521,0.4893,0.2481,-0.8293,0.0853,多周期共振看空 ⬇⬇⬇,-0.5951,-0.75,-0.5625
002031,巨轮智能,105.13,True,4.78,5.42,2,5.23,-16.17,-6.56,-11.84,0.0,2026-07-21,2026-07-21,35.65,0.7997,-0.1655,0.7537,0.6136,0.57,0.0,0.2481,-0.681,0.1595,多周期共振看空 ⬇⬇⬇,-0.5472,-0.4652,-0.5625
603256,宏和科技,1395.95,True,158.68,219.47,8,31.04,-35.58,-3.78,-27.7,0.0,2026-07-21,2026-07-21,24.0,0.192,-0.2294,1.107,0.2234,0.3111,0.0,0.2481,0.2542,0.6271,上升趋势中的日线回调（关注买点）,-0.4005,0.6353,0.5625
600877,电科芯片,140.78,True,11.89,15.43,14,19.53,-27.25,2.08,-22.95,0.0,2026-07-21,2026-07-21,20.13,0.656,0.6874,0.8783,0.7936,0.225,0.0,0.2479,-0.5563,0.2218,多周期共振看空 ⬇⬇⬇,-0.3547,-0.4236,-0.495
603063,禾望电气,140.75,True,30.45,42.82,2,4.83,-33.63,-12.71,-28.9,0.0,2026-07-21,2026-07-21,20.05,0.3159,0.9813,0.9456,0.5896,0.2234,0.0,0.2479,-0.2283,0.3859,月线震荡，中短期走弱,-0.7065,-0.1617,0.0
002135,东南网架,60.44,True,5.79,6.39,0,-1.09,-13.77,-6.61,-9.37,0.0,2026-07-21,2026-07-21,29.96,0.2692,-0.3097,0.4543,0.2376,0.4435,0.2429,0.2473,-0.128,0.436,月线看多，中短期调整中,-0.5208,-0.3429,0.18
002491,通鼎互联,202.71,True,17.23,25.28,8,40.53,-36.35,-6.36,-31.85,0.0,2026-07-21,2026-07-21,12.41,0.2606,2.97,0.8803,0.5564,0.0535,0.0,0.2473,0.024,0.512,多周期方向不一致，观望,-0.405,0.0025,0.45
600986,浙文互联,99.95,True,6.72,6.81,0,-1.3,-14.03,-8.32,-1.3,0.0,2026-07-21,2026-07-21,43.75,-0.1914,0.9173,0.5439,0.4,0.75,0.0936,0.2471,-0.6382,0.1809,多周期共振看空 ⬇⬇⬇,-0.4283,-0.5405,-0.495
002655,共达电声,99.7,True,27.4,38.86,9,28.48,-35.46,-2.5,-29.5,0.0,2026-07-21,2026-07-21,15.98,0.3717,0.1343,0.8871,0.4768,0.133,0.0,0.2466,0.0506,0.5253,多周期方向不一致，观望,-0.3127,0.0406,0.45
002342,巨力索具,68.07,True,7.13,9.57,6,10.92,-29.21,-7.19,-25.52,0.0,2026-07-21,2026-07-21,24.94,0.5386,0.8394,1.0492,0.7232,0.332,0.0,0.2465,-0.5832,0.2084,多周期共振看空 ⬇⬇⬇,-0.6081,-0.4231,-0.3375
002660,茂硕电源,20.85,True,6.08,6.42,0,-1.81,-10.0,-6.62,-5.33,0.0,2026-07-21,2026-07-21,35.53,0.2216,0.8269,0.3813,0.5329,0.5674,0.3645,0.2465,-0.8534,0.0733,多周期共振看空 ⬇⬇⬇,-0.7,-0.7131,-0.5625
000637,茂化实华,12.4,True,3.4,3.58,3,1.78,-11.38,-5.24,-5.01,0.0,2026-07-21,2026-07-21,38.2,0.0151,0.6233,0.3829,0.409,0.6267,0.3618,0.2464,-0.7248,0.1376,多周期共振看空 ⬇⬇⬇,-0.5265,-0.6467,-0.495
001393,维通利,20.24,True,42.13,48.94,0,-5.96,-17.9,-11.58,-13.92,0.0,2026-07-21,2026-07-21,15.77,0.7048,-0.4138,0.5368,0.4574,0.1283,0.1053,0.2462,0.0,0.5,周线日线方向不一致,0.0,,
002117,东港股份,40.42,True,7.72,7.92,1,0.1,-12.39,-6.03,-2.52,0.0,2026-07-21,2026-07-21,44.84,0.2036,0.0859,0.3886,0.3565,0.7743,0.3524,0.2462,-0.8119,0.0941,多周期共振看空 ⬇⬇⬇,-0.5937,-0.7131,-0.5625
601279,英利汽车,46.15,True,2.91,3.05,2,1.39,-9.96,-5.19,-4.68,0.0,2026-07-21,2026-07-21,39.74,-0.2545,1.1362,0.3231,0.4,0.661,0.4615,0.2462,-0.8325,0.0837,多周期共振看空 ⬇⬇⬇,-0.6034,-0.75,-0.5625
000985,大庆华科,17.84,True,13.76,14.49,1,1.01,-10.2,-5.28,-5.05,0.0,2026-07-21,2026-07-21,38.75,-0.2034,0.9077,0.3459,0.4,0.639,0.4235,0.2461,-0.777,0.1115,多周期共振看空 ⬇⬇⬇,-0.5936,-0.7038,-0.495
001323,慕思股份,49.24,True,15.82,16.34,1,1.87,-14.4,-6.16,-3.19,0.0,2026-07-21,2026-07-21,43.08,-0.4566,3.118,0.3884,0.4,0.735,0.3527,0.246,-0.8363,0.0818,多周期共振看空 ⬇⬇⬇,-0.613,-0.75,-0.5625
002666,德联集团,19.03,True,3.8,3.94,0,-0.11,-8.67,-4.95,-3.6,0.0,2026-07-21,2026-07-21,38.64,-0.4684,1.0584,0.3064,0.4,0.6364,0.4894,0.2458,-0.8289,0.0856,多周期共振看空 ⬇⬇⬇,-0.6157,-0.7315,-0.5625
600531,豫光金铅,138.34,True,11.44,13.64,11,26.82,-21.09,0.16,-16.12,0.0,2026-07-21,2026-07-21,24.78,0.8797,-0.1751,0.8602,0.6578,0.3285,0.0,0.2457,-0.4809,0.2596,多周期共振看空 ⬇⬇⬇,-0.3486,-0.4207,-0.3375
603221,爱丽家居,25.49,True,10.52,10.89,9,7.69,-15.26,-4.32,-3.35,0.0,2026-07-21,2026-07-21,54.11,0.4125,-0.8786,0.7719,0.2475,0.9803,0.0,0.2457,-0.6067,0.1966,多周期共振看空 ⬇⬇⬇,-0.379,-0.446,-0.5625
002383,合众思壮,47.83,True,6.46,6.74,2,2.24,-9.44,-4.7,-4.22,0.0,2026-07-21,2026-07-21,40.15,0.451,0.1876,0.5103,0.5457,0.67,0.1495,0.2456,-0.8318,0.0841,多周期共振看空 ⬇⬇⬇,-0.6015,-0.75,-0.5625
002845,同兴达,31.35,True,12.53,15.08,9,5.5,-19.57,-2.68,-16.89,0.0,2026-07-21,2026-07-21,24.31,0.227,0.2702,0.7662,0.4443,0.3179,0.0,0.2456,-0.1278,0.4361,多周期方向不一致，观望,-0.3724,-0.085,-0.1575
002630,*ST华西,18.73,True,1.74,1.75,4,6.72,-9.29,-2.84,-0.54,0.0,2026-07-21,2026-07-21,46.51,0.4245,-0.4647,0.4256,0.2688,0.8114,0.2906,0.2451,-0.6755,0.1623,多周期共振看空 ⬇⬇⬇,-0.2589,-0.7001,-0.5625
000672,上峰材料,151.81,True,15.66,19.86,13,29.13,-25.71,4.31,-21.15,0.0,2026-07-21,2026-07-21,21.79,0.1447,0.0102,0.8615,0.2909,0.2619,0.0,0.245,0.1805,0.5902,上升趋势中的日线回调（关注买点）,-0.1835,0.3141,0.45
000055,方大集团,21.76,True,3.22,3.32,2,0.66,-9.51,-5.34,-2.98,0.0,2026-07-21,2026-07-21,40.43,0.4994,-0.37,0.4128,0.3517,0.6761,0.312,0.2449,-0.6644,0.1678,多周期共振看空 ⬇⬇⬇,-0.3925,-0.5613,-0.5625
002855,捷荣技术,21.27,True,8.64,9.29,0,-1.56,-12.38,-8.09,-6.97,0.0,2026-07-21,2026-07-21,37.1,0.1952,0.5301,0.4417,0.5171,0.6023,0.2639,0.2449,-0.8024,0.0988,多周期共振看空 ⬇⬇⬇,-0.6016,-0.6854,-0.5625
001326,联域股份,11.16,True,46.48,56.09,2,3.77,-19.2,-10.21,-17.14,0.0,2026-07-21,2026-07-21,25.09,0.5329,-0.4507,0.531,0.3395,0.3353,0.115,0.2447,-0.0796,0.4602,月线看多，中短期调整中,-0.5418,-0.1633,0.2486
002355,兴民智通,25.72,True,4.16,4.24,1,1.12,-12.97,-7.5,-2.0,0.0,2026-07-21,2026-07-21,41.35,0.4451,-0.0614,0.429,0.4425,0.6967,0.285,0.2445,-0.8163,0.0918,多周期共振看空 ⬇⬇⬇,-0.6265,-0.6946,-0.5625
001311,多利科技,26.16,True,14.77,16.76,5,11.53,-14.66,-6.24,-11.9,0.0,2026-07-21,2026-07-21,41.48,0.342,0.7331,0.7263,0.6052,0.6996,0.0,0.2445,-0.8521,0.074,多周期共振看空 ⬇⬇⬇,-0.7648,-0.7223,-0.495
600815,厦工股份,42.93,True,2.42,2.58,1,0.03,-15.14,-8.32,-6.29,0.0,2026-07-21,2026-07-21,41.6,0.3598,0.121,0.6175,0.4643,0.7022,0.0,0.2443,-0.6312,0.1844,多周期共振看空 ⬇⬇⬇,-0.6775,-0.469,-0.3375
002932,*ST明德,21.9,True,14.03,14.43,5,1.75,-6.89,-2.45,-2.77,0.0207,2026-07-21,2026-07-21,40.56,-0.0943,0.1639,0.2922,0.2655,0.6791,0.5131,0.2443,-0.7451,0.1275,多周期共振看空 ⬇⬇⬇,-0.39,-0.7408,-0.5625
600089,XD特变电,985.29,True,19.5,20.66,1,1.18,-12.94,-7.55,-5.62,0.0,2026-07-21,2026-07-21,25.0,0.547,0.08,0.2854,0.5602,0.3333,0.5243,0.2443,-0.7614,0.1193,多周期共振看空 ⬇⬇⬇,-0.774,-0.6725,-0.3375
600651,飞乐音响,131.62,True,5.25,5.46,0,-0.98,-10.99,-5.98,-3.93,0.0,2026-07-21,2026-07-21,39.55,0.4461,-0.1031,0.3981,0.4264,0.6567,0.3364,0.2442,-0.7857,0.1072,多周期共振看空 ⬇⬇⬇,-0.5049,-0.7315,-0.5625
600468,百利电气,56.13,True,5.16,5.36,2,2.81,-11.15,-5.94,-3.79,0.0,2026-07-21,2026-07-21,24.53,0.5722,0.9263,0.5605,0.7433,0.3229,0.0658,0.2438,-0.6787,0.1607,多周期共振看空 ⬇⬇⬇,-0.547,-0.6854,-0.3375
002671,龙泉股份,19.57,True,3.55,3.76,2,0.47,-9.17,-4.26,-5.61,0.0,2026-07-21,2026-07-21,37.65,-0.2738,0.9644,0.3133,0.4,0.6144,0.4779,0.2438,-0.8095,0.0953,多周期共振看空 ⬇⬇⬇,-0.5551,-0.7408,-0.5625
603236,移远通信,200.47,True,49.75,50.42,3,5.67,-13.89,-4.07,-1.32,0.0,2026-07-21,2026-07-21,43.24,0.5905,-0.1759,0.7222,0.4839,0.7387,0.0,0.2438,-0.7104,0.1448,多周期共振看空 ⬇⬇⬇,-0.4229,-0.6363,-0.5625
002817,黄山胶囊,16.62,True,5.73,6.05,5,3.27,-9.27,-3.21,-5.34,0.0,2026-07-21,2026-07-21,38.95,-0.1762,0.7034,0.4124,0.4,0.6434,0.3127,0.2437,-0.7126,0.1437,多周期共振看空 ⬇⬇⬇,-0.4055,-0.656,-0.5625
603286,日盈电子,47.66,True,41.0,48.49,4,7.33,-18.82,-7.47,-15.44,0.0,2026-07-21,2026-07-21,41.96,0.4401,-0.1193,0.9385,0.4163,0.7102,0.0,0.2436,-0.5696,0.2152,多周期共振看空 ⬇⬇⬇,-0.5747,-0.4218,-0.3375
601616,广电电气,27.74,True,3.25,3.37,0,-2.26,-11.14,-6.74,-3.58,0.0,2026-07-21,2026-07-21,37.65,0.0198,0.3842,0.3492,0.3656,0.6144,0.418,0.2433,-0.7104,0.1448,多周期共振看空 ⬇⬇⬇,-0.6175,-0.6946,-0.3375
002798,帝欧水华,24.75,True,4.79,5.18,0,-1.11,-16.23,-8.23,-7.51,0.0,2026-07-21,2026-07-21,43.98,0.401,-0.0575,0.591,0.4176,0.7551,0.0149,0.2433,-0.6396,0.1802,多周期共振看空 ⬇⬇⬇,-0.5476,-0.4413,-0.495
002669,康达新材,34.63,True,11.44,14.68,8,13.05,-30.65,-9.87,-22.05,0.0,2026-07-21,2026-07-21,17.21,0.9099,-0.5353,0.7496,0.5459,0.1603,0.0,0.2433,-0.1198,0.4401,多周期方向不一致，观望,-0.4545,-0.1371,0.0
002988,豪美新材,47.59,True,19.05,21.67,1,5.15,-14.27,-9.12,-12.11,0.0,2026-07-21,2026-07-21,36.95,0.4862,0.5086,0.6212,0.6917,0.599,0.0,0.2432,-0.8797,0.0601,多周期共振看空 ⬇⬇⬇,-0.857,-0.6363,-0.5625
002270,华明装备,160.69,True,17.93,18.55,2,2.17,-9.1,-5.5,-3.32,0.0,2026-07-21,2026-07-21,45.0,0.3478,-0.1961,0.5055,0.3302,0.7778,0.1575,0.2432,-0.6423,0.1789,多周期共振看空 ⬇⬇⬇,-0.4938,-0.6508,-0.3375
001225,和泰机电,7.48,True,35.56,39.55,1,1.89,-14.37,-6.29,-10.08,0.0,2026-07-21,2026-07-21,34.65,0.3464,0.469,0.576,0.5954,0.5479,0.04,0.2431,-0.6974,0.1513,多周期共振看空 ⬇⬇⬇,-0.6284,-0.4991,-0.495
600171,上海贝岭,166.24,True,23.45,28.07,11,14.02,-20.92,-1.19,-16.46,0.0,2026-07-21,2026-07-21,19.09,0.7881,0.1459,0.5668,0.7313,0.2019,0.0553,0.243,-0.5123,0.2439,多周期共振看空 ⬇⬇⬇,-0.3847,-0.3462,-0.45
603381,永臻股份,19.17,True,13.49,14.79,0,-4.47,-11.78,-8.96,-8.8,0.0,2026-07-21,2026-07-21,24.23,0.383,0.4786,0.3176,0.6213,0.3163,0.4706,0.243,-0.8059,0.0971,多周期共振看空 ⬇⬇⬇,-0.7,-0.6762,-0.495
002395,双象股份,30.71,True,11.45,12.1,1,0.1,-13.1,-5.34,-5.34,0.0,2026-07-21,2026-07-21,39.34,0.3513,-0.0201,0.384,0.4028,0.652,0.36,0.243,-0.771,0.1145,多周期共振看空 ⬇⬇⬇,-0.6321,-0.5902,-0.5625
002036,联创电子,76.1,True,7.21,6.87,1,4.92,-17.7,-11.21,4.92,0.0,2026-07-20,2026-07-21,45.14,0.5052,-0.0092,0.8607,0.4994,0.7808,0.0,0.2429,-0.7926,0.1037,多周期共振看空 ⬇⬇⬇,-0.557,-0.7021,-0.5625
600255,鑫科材料,54.91,True,3.04,3.28,2,9.01,-24.09,-13.06,-7.37,0.0,2026-07-21,2026-07-21,34.71,0.9298,-0.5101,0.6684,0.5579,0.5491,0.0,0.2427,-0.6099,0.1951,多周期共振看空 ⬇⬇⬇,-0.579,-0.2816,-0.5625
600235,民丰特纸,17.18,True,4.89,5.15,3,2.62,-9.81,-4.07,-5.01,0.0,2026-07-21,2026-07-21,38.17,-0.4851,0.6538,0.3727,0.4,0.626,0.3789,0.2425,-0.7545,0.1228,多周期共振看空 ⬇⬇⬇,-0.5024,-0.6652,-0.5625
601956,东贝集团,27.6,True,4.44,4.67,5,3.84,-8.53,-2.46,-4.97,0.0,2026-07-21,2026-07-21,36.13,0.1729,0.5574,0.3773,0.5037,0.5808,0.3712,0.2425,-0.86,0.07,多周期共振看空 ⬇⬇⬇,-0.6738,-0.75,-0.5625
002232,启明信息,55.93,True,13.69,14.06,3,1.25,-9.75,-3.63,-2.62,0.0,2026-07-21,2026-07-21,32.28,0.366,0.6847,0.5015,0.6196,0.495,0.1641,0.2425,-0.7764,0.1118,多周期共振看空 ⬇⬇⬇,-0.5135,-0.7038,-0.5625
000881,中广核技,55.49,True,6.14,6.29,0,-1.3,-12.95,-6.11,-2.45,0.0,2026-07-21,2026-07-21,32.08,0.5774,-0.1728,0.2989,0.4773,0.4906,0.5019,0.2424,-0.8147,0.0927,多周期共振看空 ⬇⬇⬇,-0.6115,-0.7038,-0.5625
600118,中国卫星,724.75,True,61.29,77.44,12,14.7,-23.7,-1.67,-20.85,0.0,2026-07-21,2026-07-21,31.04,0.3614,0.2496,0.9802,0.5167,0.4676,0.0,0.2424,-0.4486,0.2757,多周期共振看空 ⬇⬇⬇,-0.3646,-0.336,-0.3375
002730,电光科技,72.87,True,21.06,27.13,6,9.63,-24.91,-5.58,-22.37,0.0,2026-07-21,2026-07-21,23.38,-0.0067,1.1666,0.6875,0.4,0.2973,0.0,0.2424,-0.0574,0.4713,月线看多，中短期调整中,-0.5447,-0.2563,0.45
002976,瑞玛精密,24.87,True,20.43,24.84,12,12.88,-19.19,0.21,-17.76,0.0,2026-07-21,2026-07-21,26.69,0.4454,-0.348,0.8721,0.328,0.3709,0.0,0.2422,-0.0322,0.4839,多周期方向不一致，观望,-0.2487,-0.1044,0.1759
002753,永东股份,17.21,True,5.82,5.9,4,1.46,-10.25,-3.48,-1.37,0.0,2026-07-21,2026-07-21,50.0,-0.0399,-0.1182,0.3664,0.1527,0.8889,0.3893,0.2422,-0.6849,0.1576,多周期共振看空 ⬇⬇⬇,-0.284,-0.6993,-0.5625
603290,斯达半导,212.58,True,88.77,122.88,11,22.65,-34.81,-2.17,-27.76,0.0,2026-07-21,2026-07-21,15.15,0.6138,0.0129,0.9183,0.5735,0.1144,0.0,0.2421,-0.1178,0.4411,月线震荡，中短期走弱,-0.2842,-0.1525,0.0
603530,神马电力,188.38,True,44.07,48.64,3,3.35,-14.98,-5.8,-9.4,0.0,2026-07-21,2026-07-21,37.89,0.0215,-0.1413,0.5012,0.1564,0.6198,0.1647,0.2419,-0.1903,0.4048,月线看多，中短期调整中,-0.599,-0.5729,0.18
000619,海螺新材,15.16,True,4.21,4.44,0,-0.17,-12.31,-6.84,-5.2,0.0,2026-07-21,2026-07-21,35.19,0.1757,0.4313,0.3455,0.4779,0.5597,0.4241,0.2419,-0.8407,0.0796,多周期共振看空 ⬇⬇⬇,-0.691,-0.6929,-0.5625
000488,ST晨鸣,31.85,True,1.88,1.96,1,0.73,-10.61,-4.33,-4.06,0.0,2026-07-21,2026-07-21,42.11,-0.0781,0.181,0.3515,0.2724,0.7135,0.4142,0.2418,-0.6887,0.1557,多周期共振看空 ⬇⬇⬇,-0.6265,-0.6392,-0.3375
003036,泰坦股份,115.99,True,53.55,79.26,8,22.74,-33.86,-6.22,-32.44,0.0,2026-07-21,2026-07-21,20.06,0.2697,-0.2131,0.8867,0.2766,0.2235,0.0,0.2415,0.2215,0.6108,上升趋势中的日线回调（关注买点）,-0.524,0.6313,0.5625
600075,新疆天业,73.78,True,4.32,4.23,5,3.65,-13.71,-4.64,2.18,0.0179,2026-07-14,2026-07-21,49.33,-0.2289,0.0698,0.5585,0.2279,0.8741,0.0692,0.2415,-0.5799,0.2101,多周期共振看空 ⬇⬇⬇,-0.315,-0.6669,-0.3375
002600,领益智造,889.19,True,12.35,15.16,11,16.3,-26.88,-2.89,-18.55,0.0,2026-07-21,2026-07-21,22.99,0.7939,-0.4778,0.9813,0.4853,0.2887,0.0,0.2413,-0.1928,0.4036,月线震荡，中短期走弱,-0.4087,-0.2113,-0.0864
002802,洪汇新材,15.19,True,10.15,10.65,1,2.3,-11.2,-6.27,-4.69,0.0,2026-07-21,2026-07-21,40.95,-0.0385,0.5355,0.4588,0.4,0.6877,0.2353,0.2411,-0.7245,0.1377,多周期共振看空 ⬇⬇⬇,-0.622,-0.4967,-0.5625
000678,襄阳轴承,35.62,True,7.75,8.42,0,-1.22,-19.97,-11.07,-7.95,0.0,2026-07-21,2026-07-21,35.45,0.8218,-0.0964,0.6081,0.6545,0.5656,0.0,0.241,-0.7978,0.1011,多周期共振看空 ⬇⬇⬇,-0.6025,-0.6744,-0.5625
003023,彩虹集团,18.0,True,17.12,19.38,0,-2.02,-12.97,-8.5,-11.64,0.0,2026-07-21,2026-07-21,26.47,0.1851,0.7496,0.4209,0.5111,0.3659,0.2985,0.241,-0.5676,0.2162,多周期共振看空 ⬇⬇⬇,-0.6865,-0.3891,-0.27
603025,大豪科技,139.53,True,12.58,13.29,0,-1.17,-10.16,-5.58,-5.36,0.0,2026-07-21,2026-07-21,34.81,0.4181,0.1341,0.4207,0.5045,0.5514,0.2989,0.2408,-0.7817,0.1092,多周期共振看空 ⬇⬇⬇,-0.7605,-0.5037,-0.5625
002975,博杰股份,120.18,True,87.5,120.63,7,13.62,-33.85,-7.94,-27.46,0.0,2026-07-21,2026-07-21,27.02,0.3226,-0.2751,1.0564,0.2835,0.3782,0.0,0.2407,0.0181,0.5091,多周期方向不一致，观望,-0.4687,0.0313,0.45
002362,汉王科技,29.73,True,14.32,15.02,0,-0.66,-13.59,-8.34,-4.65,0.0,2026-07-21,2026-07-21,34.94,0.8947,-0.7367,0.4136,0.5368,0.5542,0.3106,0.2406,-0.8475,0.0762,多周期共振看空 ⬇⬇⬇,-0.6633,-0.7315,-0.5625
600892,大晟文化,17.23,True,3.08,3.42,1,3.19,-9.89,-4.31,-9.89,0.0,2026-07-21,2026-07-21,33.33,0.2417,1.4283,0.5643,0.545,0.5185,0.0595,0.2404,-0.6189,0.1905,多周期共振看空 ⬇⬇⬇,-0.5557,-0.3888,-0.495
002271,东方雨虹,218.06,True,11.39,11.53,2,1.03,-11.69,-4.86,-1.2,0.0,2026-07-21,2026-07-21,41.76,-0.3605,1.2884,0.542,0.4,0.7057,0.0966,0.2404,-0.6409,0.1795,多周期共振看空 ⬇⬇⬇,-0.5273,-0.6192,-0.3375
003022,联泓新科,248.74,True,18.64,22.33,5,12.35,-22.95,-9.48,-16.52,0.0,2026-07-21,2026-07-21,23.8,0.578,-0.338,0.5746,0.4116,0.3067,0.0424,0.2403,-0.1384,0.4308,多周期方向不一致，观望,-0.5887,-0.134,0.0304
000633,合金投资,17.79,True,4.62,4.87,2,3.59,-9.91,-4.32,-5.17,0.0,2026-07-21,2026-07-21,37.98,0.1192,0.2975,0.3803,0.3905,0.6219,0.3661,0.2403,-0.742,0.129,多周期共振看空 ⬇⬇⬇,-0.3929,-0.7315,-0.5625
603311,金海高科,58.29,True,24.71,30.49,2,7.72,-27.74,-11.86,-18.95,0.0,2026-07-21,2026-07-21,20.28,0.6314,-0.6076,0.836,0.3788,0.2285,0.0,0.2402,0.0412,0.5206,多周期方向不一致，观望,-0.5745,0.1111,0.5625
002790,瑞尔特,13.79,True,5.29,5.51,2,2.17,-9.39,-3.95,-4.04,0.0,2026-07-21,2026-07-21,41.09,0.1327,0.152,0.344,0.3404,0.6908,0.4266,0.24,-0.7951,0.1024,多周期共振看空 ⬇⬇⬇,-0.5075,-0.75,-0.5625
001325,元创股份,6.6,True,33.65,35.58,1,0.33,-9.69,-5.06,-5.43,0.0,2026-07-21,2026-07-21,29.51,0.2188,0.1869,0.4084,0.406,0.4336,0.3193,0.2396,-0.5082,0.2459,周线日线共振看空,-0.6025,-0.27,
600666,奥瑞德,78.82,True,3.15,3.69,3,4.94,-19.28,-11.68,-14.53,0.0,2026-07-21,2026-07-21,23.42,0.7698,0.1714,0.5639,0.7305,0.2982,0.0601,0.2394,-0.6596,0.1702,多周期共振看空 ⬇⬇⬇,-0.774,-0.5163,-0.27
002278,神开股份,25.94,True,7.23,7.58,0,-2.14,-10.17,-6.08,-4.67,0.0,2026-07-21,2026-07-21,37.81,-0.2741,0.8438,0.3595,0.4,0.618,0.4008,0.2394,-0.7867,0.1067,多周期共振看空 ⬇⬇⬇,-0.7,-0.5666,-0.5625
000823,超声电子,82.22,True,13.82,20.04,10,42.94,-37.7,-2.29,-31.04,0.0,2026-07-21,2026-07-21,14.59,0.7067,-0.3131,1.1591,0.4987,0.1021,0.0,0.2391,-0.0075,0.4963,多周期方向不一致，观望,-0.3495,-0.016,0.2824
002972,科安达,17.36,True,12.89,17.11,14,29.55,-24.69,8.04,-24.69,0.0,2026-07-21,2026-07-21,15.79,0.1288,-0.1642,0.7099,0.2116,0.1287,0.0,0.239,0.419,0.7095,上升趋势中的日线整理,-0.0745,0.7021,0.45
600623,华谊集团,150.08,True,8.0,8.18,6,8.29,-9.57,-2.22,-2.25,0.0019,2026-07-21,2026-07-21,40.52,0.532,-0.2807,0.631,0.4069,0.6782,0.0,0.2388,-0.5593,0.2203,多周期共振看空 ⬇⬇⬇,-0.4051,-0.5446,-0.3375
002651,利君股份,40.32,True,7.13,7.35,1,1.73,-8.61,-3.89,-3.01,0.0,2026-07-21,2026-07-21,40.93,-0.0557,0.4294,0.4071,0.3718,0.6873,0.3216,0.2388,-0.7662,0.1169,多周期共振看空 ⬇⬇⬇,-0.4658,-0.7223,-0.5625
600478,科力远,78.45,True,4.71,4.88,1,0.36,-13.27,-7.96,-3.49,0.0,2026-07-21,2026-07-21,34.45,0.3586,0.0387,0.3459,0.4306,0.5434,0.4235,0.2387,-0.7707,0.1146,多周期共振看空 ⬇⬇⬇,-0.6205,-0.6669,-0.495
002638,勤上股份,46.53,True,3.44,3.82,3,7.62,-15.23,-5.27,-9.94,0.0,2026-07-21,2026-07-21,22.35,0.432,-0.0761,0.7676,0.4287,0.2745,0.0,0.2387,-0.1061,0.447,月线看多，中短期调整中,-0.7372,-0.3233,0.45
600580,卧龙电驱,459.81,True,29.52,32.8,3,7.92,-15.48,-6.33,-10.01,0.0,2026-07-21,2026-07-21,39.75,0.6575,-0.2067,0.7167,0.5118,0.661,0.0,0.2385,-0.7041,0.148,多周期共振看空 ⬇⬇⬇,-0.5555,-0.5089,-0.5625
003029,吉大正元,27.26,True,15.48,15.97,0,-2.29,-10.75,-5.79,-3.07,0.0,2026-07-21,2026-07-21,39.61,0.0006,0.809,0.3673,0.4003,0.6581,0.3878,0.2384,-0.8332,0.0834,多周期共振看空 ⬇⬇⬇,-0.616,-0.7408,-0.5625
002050,三花智控,1403.68,True,38.1,42.44,3,8.81,-15.37,-4.15,-10.22,0.0,2026-07-21,2026-07-21,37.33,0.6535,-0.1951,0.7335,0.514,0.6072,0.0,0.2384,-0.644,0.178,多周期共振看空 ⬇⬇⬇,-0.5295,-0.4665,-0.495
600148,长春一东,19.52,True,13.79,14.66,0,-0.81,-9.86,-5.31,-5.94,0.0,2026-07-21,2026-07-21,37.7,0.1404,0.3865,0.391,0.4388,0.6156,0.3484,0.2383,-0.8132,0.0934,多周期共振看空 ⬇⬇⬇,-0.6865,-0.6363,-0.5625
002421,达实智能,53.69,True,2.68,3.19,0,-9.67,-23.27,-17.69,-16.01,0.0,2026-07-21,2026-07-21,16.81,0.8912,-0.5723,0.545,0.5347,0.1513,0.0917,0.238,-0.2065,0.3967,多周期方向不一致，观望,-0.6795,-0.1002,-0.225
001237,惠康科技,18.46,True,52.95,61.1,6,13.28,-15.09,-4.86,-13.34,0.0,2026-07-21,2026-07-21,9.04,0.8652,-0.3907,0.7131,0.5628,0.0,0.0,0.2376,0.0,0.5,周线日线方向不一致,0.0,,
002080,中材科技,899.98,True,53.63,75.4,10,35.18,-34.33,0.08,-28.88,0.0,2026-07-21,2026-07-21,22.14,0.178,0.0419,1.0992,0.3236,0.2699,0.0,0.2376,0.059,0.5295,多周期方向不一致，观望,-0.2698,0.0406,0.45
000533,顺钠股份,54.45,True,7.95,8.93,0,-5.87,-13.99,-10.97,-10.99,0.0,2026-07-21,2026-07-21,22.76,0.3047,0.0251,0.3562,0.3929,0.2835,0.4064,0.2374,-0.3944,0.3028,月线震荡，中短期走弱,-0.7875,-0.6392,-0.0115
600549,厦门钨业,779.76,True,50.18,68.87,9,47.21,-33.25,-2.99,-27.14,0.0,2026-07-21,2026-07-21,15.34,0.7832,-0.4585,0.7245,0.4865,0.1186,0.0,0.2373,-0.0219,0.489,月线看多，中短期调整中,-0.3953,-0.2156,0.45
600237,铜峰电子,49.97,True,8.0,11.01,9,18.22,-32.94,-4.72,-27.36,0.0,2026-07-21,2026-07-21,17.17,0.8389,-0.5265,0.977,0.5033,0.1593,0.0,0.2373,-0.0982,0.4509,多周期方向不一致，观望,-0.3638,-0.1198,0.0
002021,中捷资源,26.66,True,2.23,2.44,4,1.8,-9.02,-3.24,-8.61,0.0,2026-07-21,2026-07-21,28.57,0.5968,0.0228,0.486,0.5672,0.4127,0.19,0.2371,-0.658,0.171,多周期共振看空 ⬇⬇⬇,-0.5153,-0.6669,-0.3375
002877,智能自控,15.97,True,6.64,7.04,0,-0.59,-9.89,-5.58,-5.63,0.0,2026-07-21,2026-07-21,36.79,0.2306,0.2407,0.361,0.4346,0.5953,0.3983,0.2371,-0.8314,0.0843,多周期共振看空 ⬇⬇⬇,-0.6435,-0.7131,-0.5625
603389,亚振家居,113.09,True,43.04,55.6,5,3.36,-22.59,-5.0,-22.59,0.0,2026-07-21,2026-07-21,20.49,-0.4984,5.9655,0.5693,0.4,0.2331,0.0512,0.2371,-0.0636,0.4682,月线看多，中短期调整中,-0.6344,-0.209,0.45
601011,宝泰隆,45.78,True,2.39,2.62,1,1.39,-9.58,-5.55,-8.9,0.0,2026-07-21,2026-07-21,30.23,0.6508,0.0879,0.5292,0.6256,0.4496,0.118,0.2364,-0.7441,0.128,多周期共振看空 ⬇⬇⬇,-0.5742,-0.6482,-0.495
000521,长虹美菱,42.54,True,4.86,5.41,8,11.21,-10.21,-1.27,-10.21,0.0,2026-07-21,2026-07-21,24.42,0.7995,0.1559,0.7268,0.742,0.3205,0.0,0.2364,-0.6807,0.1597,多周期共振看空 ⬇⬇⬇,-0.293,-0.6825,-0.5625
002816,*ST和科,21.78,True,21.78,27.7,15,13.33,-21.36,2.05,-21.36,0.0,2026-07-21,2026-07-21,26.03,-0.2396,0.2135,0.7019,0.2854,0.3563,0.0,0.2363,0.0062,0.5031,多周期方向不一致，观望,-0.0768,-0.0067,0.0999
600099,林海股份,17.0,True,7.76,8.19,2,0.79,-10.3,-4.81,-5.3,0.0,2026-07-21,2026-07-21,39.2,-0.2207,0.953,0.4107,0.4,0.6489,0.3154,0.2361,-0.7826,0.1087,多周期共振看空 ⬇⬇⬇,-0.6497,-0.6006,-0.5625
002970,锐明技术,62.79,True,49.68,53.9,0,-0.01,-17.26,-9.19,-7.83,0.0,2026-07-21,2026-07-21,39.94,0.0526,0.4727,0.8414,0.4207,0.6652,0.0,0.236,-0.5834,0.2083,多周期共振看空 ⬇⬇⬇,-0.5455,-0.4771,-0.3375
603042,华脉科技,22.8,True,10.92,12.87,4,9.83,-21.39,-9.84,-15.13,0.0,2026-07-21,2026-07-21,25.88,0.4068,0.5027,0.7072,0.6441,0.353,0.0,0.236,-0.5659,0.2171,多周期共振看空 ⬇⬇⬇,-0.7425,-0.3374,-0.27
603215,比依股份,24.96,True,13.33,14.06,4,1.97,-8.16,-3.12,-5.22,0.0,2026-07-21,2026-07-21,43.97,0.419,-0.4072,0.3972,0.2885,0.755,0.338,0.2359,-0.7512,0.1244,多周期共振看空 ⬇⬇⬇,-0.3949,-0.75,-0.5625
600624,ST复华,22.83,True,3.36,3.56,4,7.14,-15.04,-4.63,-5.66,0.0,2026-07-21,2026-07-21,47.83,0.3872,0.0651,0.5887,0.4583,0.8406,0.0188,0.2359,-0.8697,0.0651,多周期共振看空 ⬇⬇⬇,-0.7203,-0.7315,-0.5625
600299,安迪苏,245.46,True,7.97,8.14,0,-1.61,-19.62,-9.62,-2.1,0.0,2026-07-21,2026-07-21,41.82,-0.343,4.0762,0.5602,0.4,0.7071,0.0663,0.2358,-0.6553,0.1724,多周期共振看空 ⬇⬇⬇,-0.5515,-0.63,-0.3375
002179,中航光电,714.25,True,34.07,39.74,12,17.09,-19.55,-0.12,-14.27,0.0,2026-07-21,2026-07-21,21.18,0.5871,-0.425,0.5857,0.3823,0.2485,0.0239,0.2354,-0.0456,0.4772,多周期方向不一致，观望,-0.2475,0.0129,-0.0014
002009,天奇股份,56.4,True,15.93,18.73,3,5.6,-18.08,-7.38,-14.94,0.0,2026-07-21,2026-07-21,21.49,0.7472,0.2384,0.676,0.7437,0.2552,0.0,0.2353,-0.6137,0.1931,多周期共振看空 ⬇⬇⬇,-0.6707,-0.4365,-0.3375
000553,安道麦A,110.6,True,5.08,5.58,3,1.44,-9.17,-3.67,-9.03,0.0,2026-07-21,2026-07-21,36.25,-0.509,0.5793,0.4148,0.4,0.5833,0.3086,0.2351,-0.7058,0.1471,多周期共振看空 ⬇⬇⬇,-0.6278,-0.4506,-0.5625
002430,杭氧股份,226.78,True,23.19,26.81,9,18.77,-16.97,-0.34,-13.52,0.0,2026-07-21,2026-07-21,19.97,0.8351,-0.1298,0.7113,0.6491,0.2216,0.0,0.235,-0.4245,0.2878,多周期共振看空 ⬇⬇⬇,-0.2999,-0.4509,-0.225
000925,众合科技,45.44,True,6.77,8.49,11,18.72,-23.9,-1.4,-20.3,0.0,2026-07-21,2026-07-21,12.01,0.8433,0.1463,0.8127,0.7645,0.0446,0.0,0.2347,-0.3994,0.3003,多周期共振看空 ⬇⬇⬇,-0.2929,-0.3117,-0.315
002696,百洋股份,16.01,True,4.79,5.2,4,4.38,-9.19,-3.2,-7.83,0.0,2026-07-21,2026-07-21,42.48,0.4514,0.0034,0.5889,0.4722,0.7217,0.0185,0.2346,-0.7594,0.1203,多周期共振看空 ⬇⬇⬇,-0.5163,-0.7315,-0.495
002809,红墙股份,11.83,True,6.96,7.53,0,-0.68,-10.19,-5.81,-7.58,0.0,2026-07-21,2026-07-21,33.18,0.3422,0.1373,0.3878,0.4603,0.5151,0.3537,0.2346,-0.7608,0.1196,多周期共振看空 ⬇⬇⬇,-0.6359,-0.5646,-0.5625
002138,顺络电子,316.9,True,41.89,58.39,9,32.42,-36.11,-3.96,-28.26,0.0,2026-07-21,2026-07-21,16.38,0.4105,-0.1806,0.9818,0.3741,0.1418,0.0,0.2346,0.1081,0.5541,上升趋势中的日线回调（关注买点）,-0.3727,0.2327,0.45
603366,日出东方,52.52,True,6.46,6.66,6,7.88,-9.71,-2.73,-3.05,0.0,2026-07-21,2026-07-21,29.79,0.711,-0.0888,0.6195,0.5911,0.4397,0.0,0.2346,-0.597,0.2015,多周期共振看空 ⬇⬇⬇,-0.1943,-0.583,-0.5625
601112,振石股份,26.22,True,14.79,16.35,4,4.64,-11.57,-4.56,-9.57,0.0,2026-07-21,2026-07-21,12.63,0.7782,-0.6739,0.3961,0.4669,0.0584,0.3398,0.2345,-0.2131,0.3934,周线日线方向不一致,-0.7102,0.0,
002470,金正大,59.14,True,1.8,1.95,0,-2.06,-10.18,-6.38,-7.83,0.0,2026-07-21,2026-07-21,21.82,0.734,-0.011,0.5213,0.636,0.2626,0.1311,0.2344,-0.5627,0.2187,多周期共振看空 ⬇⬇⬇,-0.4418,-0.6006,-0.2575
002917,金奥博,25.17,True,9.66,10.23,0,-1.31,-14.83,-8.09,-5.59,0.0,2026-07-21,2026-07-21,32.29,0.711,-0.3047,0.3856,0.5047,0.4954,0.3574,0.2343,-0.8136,0.0932,多周期共振看空 ⬇⬇⬇,-0.682,-0.641,-0.5625
603378,*ST亚士,17.92,True,4.18,5.22,9,14.11,-19.96,-1.93,-19.96,0.0,2026-07-21,2026-07-21,33.82,0.3879,0.2007,0.7561,0.513,0.5294,0.0,0.2343,-0.582,0.209,多周期共振看空 ⬇⬇⬇,-0.3064,-0.4541,-0.5625
002211,ST宏达,13.36,True,3.09,3.76,10,9.83,-19.75,-1.55,-17.85,0.0,2026-07-21,2026-07-21,21.43,0.5459,-0.22,0.647,0.4395,0.254,0.0,0.2343,-0.1334,0.4333,多周期方向不一致，观望,-0.3454,-0.1329,-0.1575
002578,闽发铝业,24.11,True,2.8,3.06,0,-4.34,-13.49,-9.67,-8.41,0.0,2026-07-21,2026-07-21,28.92,0.3575,0.1271,0.359,0.4654,0.4203,0.4016,0.2339,-0.6992,0.1504,多周期共振看空 ⬇⬇⬇,-0.7,-0.5991,-0.3375
601908,京运通,70.99,True,2.94,2.98,0,-1.21,-14.07,-6.89,-1.21,0.0,2026-07-21,2026-07-21,34.25,0.5444,-0.3908,0.3853,0.3703,0.5388,0.3578,0.2338,-0.6549,0.1725,多周期共振看空 ⬇⬇⬇,-0.4313,-0.5746,-0.495
000158,常山北明,195.79,True,12.33,12.86,0,-2.09,-13.58,-7.05,-4.12,0.0,2026-07-21,2026-07-21,38.48,0.2583,0.0838,0.4157,0.3885,0.633,0.3072,0.2336,-0.7581,0.121,多周期共振看空 ⬇⬇⬇,-0.4343,-0.7315,-0.5625
603041,美思德,17.67,True,9.65,10.45,2,0.82,-10.16,-5.27,-7.66,0.0,2026-07-21,2026-07-21,34.63,-0.3526,0.416,0.3443,0.3664,0.5473,0.4262,0.2336,-0.7154,0.1423,多周期共振看空 ⬇⬇⬇,-0.6775,-0.4967,-0.495
603280,南方路机,25.59,True,23.61,25.17,0,-0.01,-8.61,-4.83,-6.19,0.0,2026-07-21,2026-07-21,36.63,0.364,0.2323,0.3819,0.5113,0.5917,0.3635,0.2333,-0.9527,0.0237,多周期共振看空 ⬇⬇⬇,-0.9115,-0.75,-0.5625
002553,南方精工,36.56,True,14.27,15.57,1,0.7,-13.43,-7.45,-8.33,0.0,2026-07-21,2026-07-21,35.51,0.5506,0.1434,0.5345,0.5878,0.567,0.1091,0.2333,-0.8419,0.0791,多周期共振看空 ⬇⬇⬇,-0.6275,-0.75,-0.5625
603172,万丰股份,19.55,True,14.66,16.54,0,-1.55,-11.53,-6.64,-11.38,0.0,2026-07-21,2026-07-21,33.12,0.2679,0.3483,0.4489,0.5001,0.5137,0.2519,0.2328,-0.7557,0.1221,多周期共振看空 ⬇⬇⬇,-0.866,-0.581,-0.3375
600316,洪都航空,185.59,True,25.88,27.35,9,6.66,-6.09,-0.78,-5.36,0.0153,2026-07-21,2026-07-21,35.23,0.509,-0.3218,0.4262,0.3767,0.5607,0.2897,0.2328,-0.682,0.159,多周期共振看空 ⬇⬇⬇,-0.2713,-0.7038,-0.5625
603112,华翔股份,73.24,True,13.7,15.9,0,-3.99,-16.99,-10.1,-13.86,0.0,2026-07-21,2026-07-21,24.4,0.1752,0.4479,0.4105,0.4843,0.3201,0.3159,0.2327,-0.5503,0.2248,多周期共振看空 ⬇⬇⬇,-0.774,-0.276,-0.27
601698,中国卫通,1063.7,True,25.18,28.94,4,8.18,-15.71,-4.64,-12.99,0.0,2026-07-21,2026-07-21,35.16,0.4836,-0.1128,0.7424,0.4451,0.5592,0.0,0.2326,-0.522,0.239,多周期共振看空 ⬇⬇⬇,-0.5181,-0.3656,-0.3375
002868,绿康生化,23.48,True,21.94,23.77,4,5.66,-13.73,-4.88,-7.69,0.0,2026-07-21,2026-07-21,38.01,0.3576,0.1856,0.6973,0.4888,0.6224,0.0,0.2325,-0.6687,0.1657,多周期共振看空 ⬇⬇⬇,-0.4238,-0.6115,-0.495
600688,上海石化,202.28,True,2.76,2.9,4,3.73,-6.7,-2.68,-4.71,0.0,2026-07-21,2026-07-21,36.25,0.1513,-0.3366,0.3557,0.1561,0.5833,0.4072,0.2324,-0.4165,0.2918,多周期共振看空 ⬇⬇⬇,-0.4145,-0.2226,-0.3375
601606,长城军工,190.4,True,26.29,27.26,0,-3.39,-13.25,-7.91,-3.55,0.0,2026-07-21,2026-07-21,39.3,0.2144,0.3034,0.4543,0.45,0.651,0.2428,0.2323,-0.8374,0.0813,多周期共振看空 ⬇⬇⬇,-0.6159,-0.75,-0.5625
603124,江南新材,89.21,True,114.95,155.38,8,22.89,-34.19,-8.56,-26.02,0.0,2026-07-21,2026-07-21,17.49,0.2395,0.1434,0.8294,0.401,0.1663,0.0,0.2322,0.0161,0.5081,多周期方向不一致，观望,-0.4455,0.0025,0.45
002933,新兴装备,28.11,True,24.08,25.89,0,-0.2,-10.12,-5.35,-7.01,0.0,2026-07-21,2026-07-21,39.18,0.4563,-0.1162,0.4267,0.4273,0.6485,0.2888,0.2322,-0.8352,0.0824,多周期共振看空 ⬇⬇⬇,-0.6104,-0.75,-0.5625
001217,华尔泰,27.63,True,8.42,8.7,0,-0.38,-9.56,-4.43,-3.18,0.0,2026-07-21,2026-07-21,26.45,0.3367,0.6542,0.4039,0.602,0.3656,0.3268,0.2321,-0.8064,0.0968,多周期共振看空 ⬇⬇⬇,-0.5579,-0.7315,-0.5625
000561,烽火电子,54.88,True,7.07,7.21,1,0.84,-7.83,-4.72,-1.94,0.0,2026-07-21,2026-07-21,42.01,0.143,0.4022,0.5398,0.4466,0.7114,0.1003,0.2321,-0.7916,0.1042,多周期共振看空 ⬇⬇⬇,-0.5093,-0.7408,-0.5625
002823,凯中精密,26.77,True,12.23,13.89,0,-5.58,-19.97,-12.06,-11.96,0.0,2026-07-21,2026-07-21,29.02,0.7008,-0.2986,0.505,0.501,0.4227,0.1584,0.232,-0.5793,0.2103,多周期共振看空 ⬇⬇⬇,-0.702,-0.1765,-0.495
002733,雄韬股份,68.31,True,18.52,25.44,3,5.32,-32.82,-16.91,-27.2,0.0,2026-07-21,2026-07-21,17.97,0.5587,-0.1655,0.7959,0.469,0.1772,0.0,0.232,-0.1068,0.4466,月线看多，中短期调整中,-0.6435,-0.1525,0.1955
603398,*ST沐邦,39.68,True,9.15,13.25,13,6.41,-30.95,-4.56,-30.95,0.0,2026-07-21,2026-07-21,18.45,-0.7916,1.2845,0.7618,0.4,0.1877,0.0,0.2319,-0.0097,0.4951,多周期方向不一致，观望,-0.4857,-0.0763,0.45
002448,中原内配,62.81,True,10.82,11.64,3,3.64,-16.4,-5.71,-7.06,0.0,2026-07-21,2026-07-21,41.37,-0.3043,1.3479,0.646,0.4,0.6972,0.0,0.2317,-0.6227,0.1886,多周期共振看空 ⬇⬇⬇,-0.6055,-0.512,-0.3375
002824,和胜股份,50.51,True,22.33,30.17,9,39.83,-33.44,-3.03,-25.99,0.0,2026-07-21,2026-07-21,17.94,0.3572,-0.0788,0.7292,0.3828,0.1764,0.0,0.2314,0.0274,0.5137,多周期方向不一致，观望,-0.3997,0.0129,0.45
600459,贵研铂业,137.89,True,18.15,23.07,9,18.86,-26.85,-6.44,-21.33,0.0,2026-07-21,2026-07-21,14.27,0.8753,-0.4987,0.6958,0.5257,0.0948,0.0,0.2313,-0.1045,0.4477,多周期方向不一致，观望,-0.3863,-0.1281,0.0
603037,凯众股份,23.82,True,8.95,9.9,0,-4.65,-14.76,-9.35,-9.55,0.0,2026-07-21,2026-07-21,30.3,0.1665,0.5979,0.3836,0.4999,0.4512,0.3607,0.2312,-0.78,0.11,多周期共振看空 ⬇⬇⬇,-0.691,-0.6271,-0.495
600152,维科技术,38.09,True,7.2,8.88,1,4.73,-23.22,-13.14,-18.94,0.0,2026-07-21,2026-07-21,15.32,0.391,0.8864,0.7338,0.6346,0.1182,0.0,0.2311,-0.3084,0.3458,月线震荡，中短期走弱,-0.774,-0.3521,-0.0212
002006,精工科技,69.91,True,13.45,14.33,6,5.25,-9.96,-3.65,-6.14,0.0,2026-07-21,2026-07-21,24.83,0.6764,0.3294,0.5313,0.7376,0.3295,0.1145,0.231,-0.8193,0.0903,多周期共振看空 ⬇⬇⬇,-0.6362,-0.6929,-0.5625
002337,赛象科技,24.64,True,4.19,4.43,0,-1.21,-10.94,-5.96,-5.44,0.0,2026-07-21,2026-07-21,36.89,-0.143,0.9357,0.3465,0.4,0.5974,0.4226,0.2309,-0.8481,0.076,多周期共振看空 ⬇⬇⬇,-0.6865,-0.7131,-0.5625
600392,盛和资源,375.63,True,21.43,25.85,10,38.02,-24.71,-1.86,-17.1,0.0,2026-07-21,2026-07-21,25.72,0.8114,-0.5817,0.7039,0.4869,0.3494,0.0,0.2309,-0.3512,0.3244,多周期共振看空 ⬇⬇⬇,-0.381,-0.2203,-0.225
001218,丽臣实业,25.03,True,21.2,23.15,6,2.1,-10.41,-2.73,-8.43,0.0,2026-07-21,2026-07-21,39.85,0.4129,-0.3848,0.5016,0.2938,0.6634,0.164,0.2307,-0.5514,0.2243,多周期共振看空 ⬇⬇⬇,-0.483,-0.4603,-0.3375
002246,北化股份,99.21,True,18.07,18.3,0,-1.25,-12.38,-5.76,-1.25,0.0,2026-07-21,2026-07-21,38.19,-0.006,0.2846,0.4502,0.3139,0.6263,0.2497,0.2307,-0.608,0.196,多周期共振看空 ⬇⬇⬇,-0.4862,-0.5821,-0.3375
601609,金田股份,166.64,True,9.64,10.6,1,1.15,-14.78,-7.94,-9.04,0.0,2026-07-21,2026-07-21,30.81,0.8237,-0.7019,0.5722,0.4942,0.4623,0.0463,0.2307,-0.5371,0.2314,多周期共振看空 ⬇⬇⬇,-0.702,-0.2412,-0.3375
601212,白银有色,345.06,True,4.66,4.93,1,0.26,-13.98,-9.17,-5.46,0.0,2026-07-21,2026-07-21,39.38,0.1327,0.3102,0.5401,0.4037,0.6528,0.0998,0.2304,-0.6656,0.1672,多周期共振看空 ⬇⬇⬇,-0.625,-0.5896,-0.3375
600487,亨通光电,1471.21,True,59.96,85.5,7,29.25,-36.2,-11.1,-29.87,0.0,2026-07-21,2026-07-21,17.06,-0.5782,0.6924,0.8359,0.4,0.1569,0.0,0.2304,0.0151,0.5075,多周期方向不一致，观望,-0.4507,0.0025,0.45
600658,电子城,41.16,True,3.68,3.9,2,1.03,-12.75,-5.2,-5.71,0.0,2026-07-21,2026-07-21,30.84,0.2734,0.8734,0.5337,0.564,0.4631,0.1105,0.2301,-0.7057,0.1472,多周期共振看空 ⬇⬇⬇,-0.4769,-0.5798,-0.5625
002099,海翔药业,81.0,True,5.01,5.25,7,3.26,-5.11,-1.35,-4.54,0.0372,2026-07-21,2026-07-21,34.56,0.0615,0.0198,0.4266,0.2448,0.5458,0.289,0.23,-0.5274,0.2363,多周期共振看空 ⬇⬇⬇,-0.3485,-0.523,-0.3375
003003,天元股份,11.14,True,9.46,10.11,2,1.55,-10.12,-4.19,-6.4,0.0,2026-07-21,2026-07-21,33.98,-0.0077,0.5439,0.3635,0.4,0.5328,0.3942,0.2299,-0.7556,0.1222,多周期共振看空 ⬇⬇⬇,-0.6391,-0.6179,-0.495
603088,宁波精达,37.31,True,8.52,9.43,4,1.6,-13.19,-4.7,-9.65,0.0,2026-07-21,2026-07-21,25.17,0.6307,-0.0125,0.4765,0.5734,0.3371,0.2059,0.2298,-0.6486,0.1757,多周期共振看空 ⬇⬇⬇,-0.5973,-0.576,-0.3375
002196,方正电机,48.25,True,9.88,11.85,5,8.18,-20.46,-6.47,-16.65,0.0,2026-07-21,2026-07-21,32.95,0.7614,-0.3735,0.735,0.5075,0.51,0.0,0.2298,-0.5859,0.2071,多周期共振看空 ⬇⬇⬇,-0.6383,-0.403,-0.3375
000720,新能泰山,40.33,True,3.21,3.43,0,-4.79,-18.58,-13.46,-6.47,0.0,2026-07-21,2026-07-21,33.57,0.0563,0.5448,0.542,0.4338,0.5237,0.0967,0.2297,-0.5622,0.2189,多周期共振看空 ⬇⬇⬇,-0.625,-0.4298,-0.27
600169,ST太重,66.66,True,2.0,1.99,5,2.05,-12.86,-4.47,0.6,0.0,2026-07-14,2026-07-21,55.26,-0.0933,-0.5048,0.3291,0.0,0.9942,0.4515,0.2295,-0.7182,0.1409,多周期共振看空 ⬇⬇⬇,-0.3534,-0.7131,-0.5625
601615,明阳智能,250.57,True,11.08,10.89,1,1.74,-15.46,-8.5,1.74,0.0,2026-07-20,2026-07-21,47.34,0.201,-0.006,0.6223,0.3182,0.8298,0.0,0.2293,-0.6701,0.1649,多周期共振看空 ⬇⬇⬇,-0.4925,-0.7131,-0.3375
600103,青山纸业,57.74,True,2.61,2.92,0,-8.19,-15.35,-11.29,-10.46,0.0,2026-07-21,2026-07-21,25.24,0.5288,0.0699,0.4594,0.5452,0.3387,0.2344,0.2293,-0.6322,0.1839,多周期共振看空 ⬇⬇⬇,-0.575,-0.469,-0.4275
002122,ST汇洲,45.12,True,2.27,2.36,4,2.8,-14.89,-4.81,-3.67,0.0,2026-07-21,2026-07-21,46.88,-0.0338,0.2598,0.4846,0.3039,0.8194,0.1924,0.2292,-0.7903,0.1048,多周期共振看空 ⬇⬇⬇,-0.5382,-0.7131,-0.5625
001301,尚太科技,136.29,True,52.4,57.11,6,3.47,-21.27,-7.43,-8.25,0.0,2026-07-21,2026-07-21,24.89,-0.4741,0.2298,0.6643,0.2919,0.3309,0.0,0.2292,-0.0305,0.4848,月线看多，中短期调整中,-0.4859,-0.1788,0.45
600774,汉商集团,18.14,True,6.15,6.53,4,6.55,-9.84,-3.4,-5.82,0.0,2026-07-21,2026-07-21,40.98,-0.1899,2.0644,0.5227,0.4,0.6885,0.1289,0.2291,-0.7366,0.1317,多周期共振看空 ⬇⬇⬇,-0.3575,-0.75,-0.5625
601689,拓普集团,875.17,True,50.36,55.4,3,3.68,-14.65,-6.46,-9.1,0.0,2026-07-21,2026-07-21,38.19,0.6454,-0.2794,0.7594,0.4755,0.6264,0.0,0.2291,-0.68,0.16,多周期共振看空 ⬇⬇⬇,-0.4878,-0.514,-0.5625
001231,农心科技,8.77,True,17.2,18.48,0,-0.27,-9.49,-5.0,-6.91,0.0,2026-07-21,2026-07-21,36.15,-0.2433,0.4885,0.4039,0.3954,0.581,0.3269,0.229,-0.7597,0.1201,多周期共振看空 ⬇⬇⬇,-0.682,-0.5902,-0.495
600732,爱旭股份,244.0,True,11.59,12.49,11,11.88,-12.37,-0.17,-7.21,0.0,2026-07-21,2026-07-21,29.1,0.7296,-0.1745,0.626,0.568,0.4244,0.0,0.229,-0.5858,0.2071,多周期共振看空 ⬇⬇⬇,-0.156,-0.5913,-0.5625
002136,安 纳 达,24.21,True,11.29,12.41,8,7.43,-14.8,-3.3,-9.05,0.0,2026-07-21,2026-07-21,16.37,0.6332,-0.1466,0.3732,0.5213,0.1415,0.3779,0.2289,-0.4751,0.2624,多周期共振看空 ⬇⬇⬇,-0.5136,-0.3339,-0.27
600192,长城电工,26.28,True,5.95,6.41,2,5.24,-12.24,-6.7,-7.11,0.0,2026-07-21,2026-07-21,34.65,0.8477,-0.7305,0.5519,0.5086,0.5478,0.0802,0.2287,-0.7057,0.1472,多周期共振看空 ⬇⬇⬇,-0.481,-0.5762,-0.5625
002862,实丰文化,15.37,True,11.95,12.81,0,-0.39,-14.65,-7.85,-6.71,0.0,2026-07-21,2026-07-21,36.7,-0.3554,0.5005,0.4035,0.4,0.5933,0.3275,0.2286,-0.7851,0.1074,多周期共振看空 ⬇⬇⬇,-0.691,-0.5706,-0.5625
002927,泰永长征,30.81,True,13.96,17.35,3,6.58,-23.27,-11.42,-19.54,0.0,2026-07-21,2026-07-21,17.0,0.8099,-0.5542,0.4952,0.486,0.1556,0.1747,0.2285,-0.2763,0.3619,月线震荡，中短期走弱,-0.6805,-0.2331,-0.1125
603022,新通联,14.86,True,7.43,8.02,0,-0.36,-11.91,-6.74,-7.38,0.0,2026-07-21,2026-07-21,34.48,-0.1777,0.7362,0.3937,0.4,0.5441,0.3438,0.2282,-0.7424,0.1288,多周期共振看空 ⬇⬇⬇,-0.682,-0.5521,-0.495
002993,奥海科技,92.11,True,38.63,57.69,6,8.83,-36.74,-10.0,-33.04,0.0,2026-07-21,2026-07-21,14.82,0.4011,0.1328,0.874,0.4938,0.1071,0.0,0.2281,-0.0941,0.453,多周期方向不一致，观望,-0.441,-0.0356,0.0
603026,石大胜华,136.76,True,58.77,76.88,8,12.56,-29.01,-9.42,-23.56,0.0,2026-07-21,2026-07-21,13.76,0.795,-0.3526,0.6725,0.5359,0.0835,0.0,0.228,-0.1336,0.4332,月线看多，中短期调整中,-0.6135,-0.3613,0.2508
600444,国机通用,17.83,True,12.18,12.97,0,-1.16,-8.21,-5.06,-6.1,0.0,2026-07-21,2026-07-21,36.29,-0.0062,1.12,0.347,0.4,0.5842,0.4217,0.228,-0.8541,0.073,多周期共振看空 ⬇⬇⬇,-0.691,-0.7223,-0.5625
002037,保利联合,28.45,True,5.88,6.14,0,-1.46,-9.2,-5.86,-4.23,0.0,2026-07-21,2026-07-21,35.06,-0.1785,0.4635,0.3265,0.3854,0.557,0.4559,0.2279,-0.8265,0.0867,多周期共振看空 ⬇⬇⬇,-0.631,-0.7131,-0.5625
603255,鼎际得,15.71,True,25.9,32.24,12,10.14,-19.66,-0.06,-19.66,0.0,2026-07-21,2026-07-21,25.84,-0.2452,0.4025,0.6961,0.361,0.352,0.0,0.2278,-0.1779,0.4111,多周期方向不一致，观望,-0.2934,-0.1478,-0.3825
603275,众辰科技,14.23,True,34.25,37.46,3,3.56,-10.71,-5.2,-8.56,0.0,2026-07-21,2026-07-21,27.73,0.5779,0.1321,0.465,0.5996,0.394,0.225,0.2278,-0.7898,0.1051,多周期共振看空 ⬇⬇⬇,-0.7462,-0.5337,-0.5625
600202,哈空调,16.37,True,4.27,4.54,1,0.18,-10.49,-5.42,-5.99,0.0,2026-07-21,2026-07-21,36.76,0.2136,0.1742,0.4067,0.3978,0.5948,0.3221,0.2277,-0.7863,0.1069,多周期共振看空 ⬇⬇⬇,-0.682,-0.581,-0.5625
002418,康盛股份,36.02,True,3.17,3.7,3,8.05,-17.51,-9.5,-14.27,0.0,2026-07-21,2026-07-21,23.87,0.7443,0.1483,0.624,0.7059,0.3082,0.0,0.2276,-0.6786,0.1607,多周期共振看空 ⬇⬇⬇,-0.774,-0.3331,-0.495
600516,方大炭素,208.55,True,5.18,5.56,8,17.4,-14.71,-3.29,-6.83,0.0,2026-07-21,2026-07-21,24.72,0.9195,-0.5127,0.6983,0.5517,0.3271,0.0,0.2272,-0.4573,0.2713,多周期共振看空 ⬇⬇⬇,-0.4275,-0.2561,-0.3825
002943,宇晶股份,60.58,True,32.08,42.56,0,-4.56,-30.43,-13.68,-24.62,0.0,2026-07-21,2026-07-21,20.98,0.4301,0.4734,1.003,0.6474,0.244,0.0,0.2271,-0.5118,0.2441,多周期共振看空 ⬇⬇⬇,-0.7425,-0.2183,-0.27
603409,汇通控股,8.8,True,16.33,18.09,0,-5.12,-21.81,-12.37,-9.71,0.0,2026-07-21,2026-07-21,29.97,0.6143,-0.2753,0.4075,0.4584,0.4437,0.3209,0.227,-0.7064,0.1468,多周期共振看空 ⬇⬇⬇,-0.6865,-0.469,-0.495
002405,四维图新,147.71,True,6.27,6.42,0,-1.79,-14.28,-8.49,-2.3,0.0,2026-07-21,2026-07-21,41.58,0.1112,0.1363,0.4162,0.3212,0.7019,0.3064,0.227,-0.785,0.1075,多周期共振看空 ⬇⬇⬇,-0.625,-0.6946,-0.495
600498,烽火通信,496.7,True,39.06,58.68,8,39.03,-40.02,-7.3,-33.43,0.0,2026-07-21,2026-07-21,13.02,0.4098,0.01,0.8053,0.4499,0.0671,0.0,0.2268,0.0139,0.507,多周期方向不一致，观望,-0.423,-0.0263,0.45
600558,大西洋,41.02,True,4.57,4.84,0,-1.87,-9.87,-6.2,-5.65,0.0,2026-07-21,2026-07-21,27.96,0.7092,-0.3967,0.2718,0.4669,0.399,0.5469,0.2267,-0.8501,0.075,多周期共振看空 ⬇⬇⬇,-0.8705,-0.6271,-0.495
002366,融发核电,95.85,True,5.18,5.42,0,-0.54,-12.82,-7.12,-4.51,0.0,2026-07-21,2026-07-21,28.02,0.5257,0.5162,0.5911,0.7154,0.4005,0.0149,0.2265,-0.8248,0.0876,多周期共振看空 ⬇⬇⬇,-0.616,-0.7223,-0.5625
002658,雪迪龙,25.21,True,7.03,7.61,8,5.4,-13.3,-3.87,-7.63,0.0,2026-07-21,2026-07-21,20.36,0.8343,-0.2893,0.4528,0.5849,0.2303,0.2453,0.2265,-0.5962,0.2019,多周期共振看空 ⬇⬇⬇,-0.5766,-0.4785,-0.3375
000590,古汉医药,18.74,True,7.83,8.32,1,1.19,-11.47,-6.17,-5.86,0.0,2026-07-21,2026-07-21,39.72,-0.5979,1.848,0.4454,0.4,0.6604,0.2577,0.2264,-0.8272,0.0864,多周期共振看空 ⬇⬇⬇,-0.622,-0.7223,-0.5625
002672,东江环保,28.96,True,3.2,3.42,4,11.53,-10.06,-3.34,-6.54,0.0,2026-07-21,2026-07-21,41.58,0.7521,-0.3914,0.6102,0.4947,0.7019,0.0,0.2263,-0.8232,0.0884,多周期共振看空 ⬇⬇⬇,-0.5794,-0.75,-0.5625
002896,中大力德,125.72,True,63.97,73.57,2,6.15,-16.86,-6.1,-13.05,0.0,2026-07-21,2026-07-21,36.02,0.7698,-0.5117,0.7727,0.4619,0.5783,0.0,0.2262,-0.6232,0.1884,多周期共振看空 ⬇⬇⬇,-0.5159,-0.3649,-0.5625
002615,哈尔斯,19.0,True,6.29,6.88,7,7.01,-16.95,-4.87,-8.61,0.0,2026-07-21,2026-07-21,37.54,0.6369,-0.3078,0.6629,0.459,0.612,0.0,0.2262,-0.659,0.1705,多周期共振看空 ⬇⬇⬇,-0.5085,-0.4501,-0.5625
603418,友升股份,18.09,True,43.74,45.03,3,4.85,-13.45,-5.37,-2.87,0.0,2026-07-21,2026-07-21,26.73,0.4848,-0.0619,0.4884,0.4661,0.3718,0.1859,0.2262,-0.5308,0.2346,周线日线共振看空,-0.5259,-0.3707,
603028,赛福天,16.85,True,5.93,6.51,0,-3.4,-11.91,-7.55,-8.87,0.0,2026-07-21,2026-07-21,34.31,0.227,0.3653,0.4799,0.4823,0.5402,0.2001,0.2261,-0.771,0.1145,多周期共振看空 ⬇⬇⬇,-0.7,-0.5994,-0.495
600067,冠城新材,35.35,True,2.54,2.84,2,8.77,-13.29,-6.51,-10.41,0.0,2026-07-21,2026-07-21,28.26,0.849,-0.3212,0.4619,0.5809,0.4058,0.2301,0.226,-0.7926,0.1037,多周期共振看空 ⬇⬇⬇,-0.5906,-0.7408,-0.495
002205,国统股份,16.97,True,9.13,10.11,0,-0.12,-13.25,-7.6,-9.72,0.0,2026-07-21,2026-07-21,36.53,0.2127,0.4306,0.4683,0.4999,0.5895,0.2196,0.2259,-0.8755,0.0623,多周期共振看空 ⬇⬇⬇,-0.857,-0.6271,-0.5625
603004,鼎龙科技,10.47,True,17.79,22.03,13,15.87,-20.08,2.14,-19.25,0.0,2026-07-21,2026-07-21,11.84,0.5598,0.6225,0.5123,0.7359,0.041,0.1462,0.2259,-0.5365,0.2318,多周期共振看空 ⬇⬇⬇,-0.2613,-0.5051,-0.45
000559,万向钱潮,353.31,True,10.66,12.16,1,4.51,-15.96,-8.45,-12.32,0.0,2026-07-21,2026-07-21,30.08,0.6037,0.0631,0.6177,0.5875,0.4463,0.0,0.2256,-0.6704,0.1648,多周期共振看空 ⬇⬇⬇,-0.765,-0.4802,-0.3375
603091,众鑫股份,19.26,True,43.76,48.56,14,7.03,-9.88,0.22,-9.88,0.0,2026-07-21,2026-07-21,22.99,0.209,1.1521,0.4791,0.5254,0.2886,0.2014,0.2256,-0.5431,0.2284,多周期共振看空 ⬇⬇⬇,-0.2847,-0.4546,-0.495
603324,盛剑科技,41.62,True,28.18,42.19,12,42.9,-38.21,5.5,-33.21,0.0,2026-07-21,2026-07-21,7.6,0.6258,-0.37,1.0392,0.4275,0.0,0.0,0.2255,0.1203,0.5602,上升趋势中的日线回调（关注买点）,-0.234,0.1551,0.45
600303,曙光股份,15.99,True,2.36,2.51,2,2.42,-17.8,-9.04,-6.13,0.0,2026-07-21,2026-07-21,39.13,0.2203,0.0274,0.4858,0.3432,0.6473,0.1904,0.2252,-0.6763,0.1618,多周期共振看空 ⬇⬇⬇,-0.5006,-0.4947,-0.5625
600888,新疆众和,145.37,True,9.36,12.83,11,33.91,-32.09,0.77,-27.07,0.0,2026-07-21,2026-07-21,13.05,0.6188,-0.3774,0.9373,0.4203,0.0678,0.0,0.2251,0.047,0.5235,多周期方向不一致，观望,-0.2618,-0.0192,0.45
603578,三星新材,19.23,True,10.66,12.22,3,5.08,-13.47,-5.77,-12.76,0.0,2026-07-21,2026-07-21,42.39,-0.1624,0.4485,0.7562,0.3794,0.7197,0.0,0.2251,-0.6702,0.1649,多周期共振看空 ⬇⬇⬇,-0.5506,-0.506,-0.495
600184,光电股份,99.7,True,17.11,23.64,9,16.97,-34.53,-9.64,-27.63,0.0,2026-07-21,2026-07-21,13.6,0.8372,-0.4794,1.0591,0.5106,0.0799,0.0,0.225,-0.1129,0.4435,多周期方向不一致，观望,-0.4778,-0.0867,0.0
600281,华阳新材,19.24,True,3.74,4.04,0,-2.45,-12.69,-8.72,-7.44,0.0,2026-07-21,2026-07-21,31.06,0.7427,-0.2067,0.4596,0.5629,0.468,0.234,0.2247,-0.8516,0.0742,多周期共振看空 ⬇⬇⬇,-0.6955,-0.7131,-0.5625
002522,浙江众成,41.36,True,4.57,6.0,7,14.96,-29.54,-11.69,-23.78,0.0,2026-07-21,2026-07-21,10.37,0.8806,-0.3838,0.7498,0.5748,0.0081,0.0,0.2245,-0.1333,0.4334,多周期方向不一致，观望,-0.5242,-0.1367,0.0
002805,丰元股份,46.56,True,16.7,24.01,12,33.72,-33.99,-0.11,-30.46,0.0,2026-07-21,2026-07-21,8.32,0.5167,-0.0725,0.7371,0.481,0.0,0.0,0.2245,0.0267,0.5133,多周期方向不一致，观望,-0.2655,-0.1052,0.45
000973,佛塑科技,82.91,True,11.7,13.13,3,9.07,-18.41,-7.44,-10.9,0.0,2026-07-21,2026-07-21,33.79,0.2156,-0.2546,0.7423,0.2276,0.5288,0.0,0.2241,-0.206,0.397,月线看多，中短期调整中,-0.729,-0.536,0.18
002369,卓翼科技,28.48,True,5.03,5.29,0,-3.29,-11.03,-7.21,-4.85,0.0,2026-07-21,2026-07-21,36.31,-0.1116,0.984,0.3938,0.4,0.5846,0.3436,0.224,-0.8241,0.0879,多周期共振看空 ⬇⬇⬇,-0.625,-0.7131,-0.5625
002962,五方光电,24.79,True,11.85,15.95,4,13.58,-31.24,-12.28,-25.69,0.0,2026-07-21,2026-07-21,8.4,0.9181,-0.4093,0.8881,0.5872,0.0,0.0,0.2236,-0.1508,0.4246,多周期方向不一致，观望,-0.606,-0.1433,0.0
603190,亚通精工,8.39,True,14.58,16.64,4,4.66,-12.4,-4.45,-12.4,0.0,2026-07-21,2026-07-21,37.93,-0.1848,1.7094,0.5042,0.4,0.6206,0.1596,0.2235,-0.7244,0.1378,多周期共振看空 ⬇⬇⬇,-0.6722,-0.521,-0.495
603106,恒银科技,33.42,True,6.42,6.9,4,8.16,-11.82,-3.94,-6.92,0.0,2026-07-21,2026-07-21,28.57,0.729,0.0879,0.5289,0.6726,0.4127,0.1185,0.2233,-0.8794,0.0603,多周期共振看空 ⬇⬇⬇,-0.7237,-0.75,-0.5625
001319,铭科精技,11.38,True,17.93,20.4,3,3.95,-13.56,-6.18,-12.11,0.0,2026-07-21,2026-07-21,38.5,0.4683,0.1545,0.6063,0.5428,0.6334,0.0,0.2232,-0.8431,0.0785,多周期共振看空 ⬇⬇⬇,-0.8103,-0.5959,-0.5625
600262,北方股份,31.3,True,13.15,13.82,2,0.56,-8.38,-5.02,-4.84,0.0,2026-07-21,2026-07-21,38.94,-0.4861,2.7074,0.4264,0.4,0.6431,0.2893,0.2231,-0.8582,0.0709,多周期共振看空 ⬇⬇⬇,-0.7695,-0.7315,-0.495
002577,雷柏科技,45.95,True,16.37,18.17,12,6.77,-9.91,-0.97,-9.91,0.0,2026-07-21,2026-07-21,28.33,0.1611,-0.5134,0.4659,0.0967,0.4073,0.2235,0.2231,-0.0372,0.4814,月线压制，周线反弹受阻,-0.2309,0.1572,-0.225
002871,伟隆股份,23.58,True,15.8,19.83,8,10.41,-23.32,-4.27,-20.31,0.0,2026-07-21,2026-07-21,9.49,0.7169,-0.1463,0.5851,0.5716,0.0,0.0249,0.2231,-0.15,0.425,月线震荡，中短期走弱,-0.4059,-0.1562,0.0
600610,中毅达,44.65,True,6.3,6.45,0,-2.27,-12.74,-8.54,-2.27,0.0,2026-07-21,2026-07-21,33.33,0.262,0.0334,0.3564,0.3705,0.5185,0.4061,0.223,-0.7559,0.122,多周期共振看空 ⬇⬇⬇,-0.5365,-0.639,-0.5625
002012,凯恩股份,24.64,True,5.27,6.12,0,-3.16,-16.75,-9.68,-13.87,0.0,2026-07-21,2026-07-21,17.71,0.5898,-0.0995,0.3923,0.5141,0.1713,0.3462,0.2229,-0.522,0.239,多周期共振看空 ⬇⬇⬇,-0.6743,-0.2993,-0.27
002590,万安科技,43.66,True,8.82,9.65,0,-3.47,-11.62,-8.18,-8.62,0.0,2026-07-21,2026-07-21,26.29,0.2636,0.5079,0.3453,0.5582,0.3621,0.4246,0.2229,-0.884,0.058,多周期共振看空 ⬇⬇⬇,-0.7785,-0.7131,-0.5625
603150,万朗磁塑,43.07,True,50.39,64.78,5,8.83,-26.17,-8.85,-22.21,0.0,2026-07-21,2026-07-21,16.09,-0.2519,0.5872,0.6171,0.4,0.1354,0.0,0.2226,-0.022,0.489,多周期方向不一致，观望,-0.5152,-0.1052,0.45
600410,华胜天成,146.71,True,13.38,15.18,2,4.16,-16.69,-8.85,-11.87,0.0,2026-07-21,2026-07-21,32.2,0.4844,0.2487,0.6643,0.5901,0.4934,0.0,0.2226,-0.7554,0.1223,多周期共振看空 ⬇⬇⬇,-0.765,-0.6669,-0.3375
002641,公元股份,43.77,True,3.86,3.94,4,1.64,-9.42,-2.86,-2.06,0.0032,2026-07-21,2026-07-21,47.3,0.0211,-0.539,0.3304,0.0127,0.8288,0.4494,0.2225,-0.6023,0.1989,多周期共振看空 ⬇⬇⬇,-0.3584,-0.5215,-0.495
000981,山子高科,237.83,True,2.5,2.72,0,-5.7,-13.82,-10.63,-8.19,0.0,2026-07-21,2026-07-21,32.74,0.1754,0.5342,0.502,0.5052,0.5054,0.1633,0.2225,-0.7655,0.1173,多周期共振看空 ⬇⬇⬇,-0.575,-0.6946,-0.495
002760,凤形股份,16.37,True,15.16,16.5,2,6.99,-11.15,-4.68,-8.13,0.0,2026-07-21,2026-07-21,38.19,-0.0967,2.64,0.627,0.4,0.6264,0.0,0.2223,-0.6131,0.1935,多周期共振看空 ⬇⬇⬇,-0.4612,-0.4572,-0.495
002512,ST达华,33.71,True,3.08,3.36,2,3.31,-22.2,-9.84,-8.32,0.0,2026-07-21,2026-07-21,45.77,-0.3183,0.3392,0.7874,0.3357,0.7949,0.0,0.2222,-0.7137,0.1431,多周期共振看空 ⬇⬇⬇,-0.5225,-0.5582,-0.5625
002218,拓日新能,48.15,True,3.47,3.67,0,-4.66,-12.06,-8.12,-5.5,0.0,2026-07-21,2026-07-21,27.88,0.2655,0.2244,0.3797,0.449,0.3974,0.3671,0.222,-0.7134,0.1433,多周期共振看空 ⬇⬇⬇,-0.625,-0.6946,-0.3375
601106,中国一重,198.19,True,2.89,3.08,0,-3.5,-11.93,-7.84,-6.31,0.0,2026-07-21,2026-07-21,29.81,-0.1527,0.7851,0.3792,0.4,0.4402,0.368,0.2216,-0.6897,0.1552,多周期共振看空 ⬇⬇⬇,-0.575,-0.6854,-0.3375
002709,天赐材料,544.6,True,36.09,45.33,8,10.2,-27.72,-8.27,-20.38,0.0,2026-07-21,2026-07-21,16.61,0.4873,-0.1423,0.8213,0.4354,0.1468,0.0,0.2208,-0.1065,0.4467,月线看多，中短期调整中,-0.6,-0.2852,0.2925
000795,英洛华,93.54,True,8.38,8.74,6,10.85,-11.77,-3.48,-4.16,0.0,2026-07-21,2026-07-21,30.74,0.8475,-0.6903,0.6397,0.5085,0.461,0.0,0.2206,-0.6018,0.1991,多周期共振看空 ⬇⬇⬇,-0.4543,-0.3708,-0.5625
000536,华映科技,84.27,True,3.05,3.35,4,11.92,-15.6,-6.06,-9.01,0.0,2026-07-21,2026-07-21,31.18,0.7399,-0.1112,0.8283,0.5995,0.4706,0.0,0.2206,-0.7591,0.1205,多周期共振看空 ⬇⬇⬇,-0.4603,-0.7113,-0.5625
600366,宁波韵升,120.02,True,10.92,14.47,15,17.59,-27.75,1.72,-24.53,0.0,2026-07-21,2026-07-21,22.3,0.5437,-0.3617,0.9046,0.3816,0.2732,0.0,0.2206,-0.1734,0.4133,多周期方向不一致，观望,-0.2428,-0.104,-0.45
002617,露笑科技,114.53,True,6.1,8.42,13,14.21,-33.21,-5.8,-27.56,0.0,2026-07-21,2026-07-21,18.72,0.6908,-0.1449,0.859,0.5565,0.1938,0.0,0.2205,-0.3588,0.3206,多周期共振看空 ⬇⬇⬇,-0.4117,-0.2782,-0.1575
600980,北矿科技,30.7,True,16.22,18.0,1,3.1,-14.33,-8.04,-9.89,0.0,2026-07-21,2026-07-21,28.69,0.7823,-0.3137,0.4124,0.5439,0.4152,0.3127,0.2205,-0.8545,0.0727,多周期共振看空 ⬇⬇⬇,-0.7695,-0.656,-0.5625
600841,动力新科,56.64,True,5.43,6.14,2,2.78,-12.67,-6.63,-11.54,0.0,2026-07-21,2026-07-21,36.51,0.2166,0.5983,0.6171,0.53,0.5892,0.0,0.2205,-0.7912,0.1044,多周期共振看空 ⬇⬇⬇,-0.857,-0.6669,-0.3375
002049,紫光国微,554.56,True,65.28,79.74,15,13.43,-23.32,0.18,-18.14,0.0,2026-07-21,2026-07-21,24.36,0.2973,0.095,0.6536,0.4164,0.3192,0.0,0.2204,-0.2858,0.3571,多周期共振看空 ⬇⬇⬇,-0.2182,-0.216,-0.225
002879,长缆科技,18.6,True,13.56,13.17,1,2.96,-10.73,-5.86,2.96,0.0008,2026-07-20,2026-07-21,51.98,0.2087,-0.3322,0.5366,0.1923,0.933,0.1056,0.2202,-0.752,0.124,多周期共振看空 ⬇⬇⬇,-0.547,-0.689,-0.495
002298,中电鑫龙,45.0,True,6.81,7.21,0,-5.17,-13.0,-8.12,-5.58,0.0,2026-07-21,2026-07-21,30.8,0.1298,0.4796,0.4347,0.4698,0.4623,0.2754,0.2202,-0.7654,0.1173,多周期共振看空 ⬇⬇⬇,-0.625,-0.584,-0.5625
000016,*ST康佳A,38.96,True,2.44,2.45,3,8.58,-23.16,-7.89,-0.51,0.0,2026-07-21,2026-07-21,50.62,0.2729,-0.312,0.8199,0.239,0.9028,0.0,0.2201,-0.7049,0.1476,多周期共振看空 ⬇⬇⬇,-0.3858,-0.656,-0.5625
601865,福莱特,177.37,True,9.33,9.78,0,-1.07,-9.89,-5.79,-4.61,0.0,2026-07-21,2026-07-21,26.56,0.3648,0.2232,0.3557,0.5082,0.3681,0.4071,0.2201,-0.8197,0.0902,多周期共振看空 ⬇⬇⬇,-0.5705,-0.75,-0.5625
603070,万控智造,42.51,True,10.6,11.86,0,-5.58,-19.47,-14.88,-10.65,0.0,2026-07-21,2026-07-21,26.03,0.9077,-0.5478,0.5195,0.5446,0.3563,0.1342,0.2201,-0.6452,0.1774,多周期共振看空 ⬇⬇⬇,-0.747,-0.4402,-0.3375
603179,新泉股份,304.32,True,42.61,47.0,4,6.7,-13.89,-5.38,-9.35,0.0,2026-07-21,2026-07-21,32.83,0.7071,-0.4366,0.6686,0.4496,0.5073,0.0,0.2201,-0.5674,0.2163,多周期共振看空 ⬇⬇⬇,-0.463,-0.3551,-0.495
002469,三维化学,34.85,True,5.54,5.71,0,-0.52,-12.52,-6.8,-3.02,0.0,2026-07-21,2026-07-21,39.84,0.5006,-0.5802,0.3702,0.3004,0.6631,0.383,0.2201,-0.8219,0.0891,多周期共振看空 ⬇⬇⬇,-0.6085,-0.7222,-0.5625
002368,太极股份,86.21,True,13.87,14.07,3,8.2,-13.42,-6.76,-1.42,0.0,2026-07-21,2026-07-21,46.72,0.0659,0.0597,0.4648,0.2634,0.8159,0.2254,0.2199,-0.8216,0.0892,多周期共振看空 ⬇⬇⬇,-0.5755,-0.75,-0.5625
603267,鸿远电子,108.68,True,47.03,63.86,8,14.72,-33.21,-9.18,-26.36,0.0,2026-07-21,2026-07-21,13.2,0.672,-0.2984,0.8586,0.4838,0.0711,0.0,0.2197,-0.1022,0.4489,多周期方向不一致，观望,-0.45,-0.0633,0.0
001279,强邦新材,9.54,True,23.84,26.59,9,4.84,-10.35,-1.79,-10.35,0.0,2026-07-21,2026-07-21,28.28,0.4759,-0.0178,0.4303,0.4784,0.4062,0.2829,0.2197,-0.7217,0.1391,多周期共振看空 ⬇⬇⬇,-0.3859,-0.6929,-0.5625
001336,楚环科技,9.73,True,19.68,21.86,0,-2.49,-10.08,-6.63,-9.98,0.0,2026-07-21,2026-07-21,29.88,0.2867,0.131,0.3882,0.4244,0.4418,0.3531,0.2194,-0.7361,0.132,多周期共振看空 ⬇⬇⬇,-0.925,-0.4875,-0.3375
002164,宁波东力,50.09,True,10.44,11.41,1,0.17,-13.25,-7.89,-8.48,0.0,2026-07-21,2026-07-21,36.9,0.7496,-0.4091,0.6161,0.4861,0.5978,0.0,0.2194,-0.7401,0.13,多周期共振看空 ⬇⬇⬇,-0.6419,-0.514,-0.5625
600071,凤凰光学,41.19,True,14.63,16.07,2,3.55,-11.22,-4.6,-8.94,0.0,2026-07-21,2026-07-21,20.44,0.8185,-0.1713,0.3897,0.6226,0.2321,0.3505,0.2193,-0.8005,0.0998,多周期共振看空 ⬇⬇⬇,-0.5536,-0.7223,-0.5625
002451,摩恩电气,27.89,True,6.35,6.86,0,-3.87,-10.33,-7.36,-7.49,0.0,2026-07-21,2026-07-21,27.81,-0.0802,0.5564,0.3116,0.4,0.3958,0.4806,0.2189,-0.7482,0.1259,多周期共振看空 ⬇⬇⬇,-0.7,-0.707,-0.3375
600228,返利科技,24.55,True,5.9,7.52,8,52.75,-24.38,2.58,-21.54,0.0,2026-07-21,2026-07-21,25.93,0.2587,-0.5197,1.1164,0.1552,0.3539,0.0,0.2188,0.0777,0.5389,多周期方向不一致，观望,-0.2401,0.0972,0.45
002592,ST八菱,14.34,True,5.46,6.15,2,3.37,-11.18,-4.6,-11.18,0.0,2026-07-21,2026-07-21,35.02,0.3326,0.4046,0.5522,0.5614,0.556,0.0797,0.2186,-0.8804,0.0598,多周期共振看空 ⬇⬇⬇,-0.848,-0.7131,-0.495
003021,兆威机电,162.36,True,78.29,86.02,2,5.51,-15.88,-7.42,-8.99,0.0,2026-07-21,2026-07-21,35.11,0.6859,-0.2571,0.7975,0.5087,0.5581,0.0,0.2185,-0.7356,0.1322,多周期共振看空 ⬇⬇⬇,-0.5307,-0.5994,-0.5625
603528,多伦科技,40.1,True,5.68,5.84,0,-2.81,-11.2,-7.08,-2.81,0.0,2026-07-21,2026-07-21,39.77,-0.0523,0.2783,0.4207,0.3113,0.6615,0.2988,0.2185,-0.7832,0.1084,多周期共振看空 ⬇⬇⬇,-0.477,-0.75,-0.5625
002664,信质集团,60.91,True,15.13,17.2,3,7.98,-14.12,-5.26,-12.04,0.0,2026-07-21,2026-07-21,32.8,0.5786,0.0705,0.6492,0.5754,0.5067,0.0,0.2184,-0.7815,0.1093,多周期共振看空 ⬇⬇⬇,-0.6326,-0.6128,-0.5625
002109,ST兴化,31.52,True,2.47,2.56,9,6.77,-12.55,-2.74,-3.55,0.0,2026-07-21,2026-07-21,46.43,0.1505,-0.3326,0.4814,0.1573,0.8095,0.1977,0.2184,-0.6339,0.183,多周期共振看空 ⬇⬇⬇,-0.2375,-0.6946,-0.495
002997,瑞鹄模具,53.4,True,25.51,28.16,6,6.05,-11.37,-2.85,-9.42,0.0,2026-07-21,2026-07-21,38.43,0.3797,-0.1084,0.5238,0.3845,0.6317,0.127,0.2182,-0.729,0.1355,多周期共振看空 ⬇⬇⬇,-0.5472,-0.5706,-0.5625
603058,永吉股份,32.76,True,7.9,8.64,0,-0.67,-11.84,-6.22,-8.59,0.0,2026-07-21,2026-07-21,30.14,0.3859,0.1362,0.4812,0.486,0.4475,0.198,0.2181,-0.7285,0.1357,多周期共振看空 ⬇⬇⬇,-0.6746,-0.6854,-0.3375
002596,海南瑞泽,30.96,True,2.7,2.87,0,-3.59,-16.8,-10.25,-6.02,0.0,2026-07-21,2026-07-21,40.77,0.4666,-0.2226,0.6247,0.3909,0.6838,0.0,0.2173,-0.7072,0.1464,多周期共振看空 ⬇⬇⬇,-0.4254,-0.6271,-0.5625
001233,海安集团,15.39,True,40.81,43.83,0,-1.65,-14.21,-6.72,-6.89,0.0,2026-07-21,2026-07-21,31.46,-0.3404,0.4521,0.43,0.3809,0.477,0.2834,0.2169,-0.6735,0.1633,周线日线共振看空,-0.691,-0.45,
603527,众源新材,27.73,True,8.75,10.77,2,5.43,-22.91,-13.73,-18.77,0.0,2026-07-21,2026-07-21,15.69,0.8418,-0.5451,0.695,0.5051,0.1264,0.0,0.2168,-0.2257,0.3871,多周期方向不一致，观望,-0.675,-0.1433,-0.27
003011,海象新材,12.76,True,16.61,18.43,2,8.0,-10.88,-4.38,-9.89,0.0,2026-07-21,2026-07-21,42.96,0.5066,-0.3925,0.6736,0.347,0.7324,0.0,0.2167,-0.7005,0.1497,多周期共振看空 ⬇⬇⬇,-0.566,-0.5595,-0.495
001379,腾达科技,9.69,True,14.4,15.49,0,-2.25,-9.97,-6.23,-7.02,0.0,2026-07-21,2026-07-21,33.61,0.0295,0.5503,0.3813,0.4177,0.5246,0.3645,0.2167,-0.8558,0.0721,多周期共振看空 ⬇⬇⬇,-0.6955,-0.7223,-0.5625
002742,冀衡医药,17.34,True,3.31,3.5,5,3.57,-15.94,-5.06,-5.55,0.0,2026-07-21,2026-07-21,44.78,-0.1232,-0.1272,0.5141,0.1491,0.7728,0.1432,0.2165,-0.5484,0.2258,多周期共振看空 ⬇⬇⬇,-0.2819,-0.4011,-0.5625
002478,常宝股份,41.27,True,5.71,6.06,0,-2.23,-8.69,-6.11,-5.82,0.0,2026-07-21,2026-07-21,33.94,-0.2265,0.2538,0.3536,0.3015,0.532,0.4106,0.2165,-0.7175,0.1412,多周期共振看空 ⬇⬇⬇,-0.625,-0.7038,-0.3375
600883,博闻科技,15.32,True,6.49,7.07,1,1.13,-9.64,-5.5,-8.15,0.0,2026-07-21,2026-07-21,35.04,-0.2421,0.4927,0.4362,0.3971,0.5565,0.2731,0.2164,-0.7908,0.1046,多周期共振看空 ⬇⬇⬇,-0.8935,-0.4771,-0.495
002026,山东威达,41.41,True,9.4,10.56,0,-2.37,-11.58,-7.38,-10.99,0.0,2026-07-21,2026-07-21,25.61,0.278,0.6427,0.3534,0.5668,0.3468,0.411,0.2164,-0.9206,0.0397,多周期共振看空 ⬇⬇⬇,-0.8615,-0.7223,-0.5625
002534,西子洁能,110.27,True,13.36,17.21,4,7.89,-24.69,-9.23,-22.35,0.0,2026-07-21,2026-07-21,32.37,-0.3689,0.5794,0.8288,0.4,0.497,0.0,0.2162,-0.5068,0.2466,多周期共振看空 ⬇⬇⬇,-0.722,-0.3375,-0.1575
000936,华西股份,42.97,True,4.85,5.15,0,-4.34,-11.21,-7.19,-5.8,0.0,2026-07-21,2026-07-21,25.0,0.5484,-0.0908,0.3046,0.4927,0.3333,0.4924,0.2161,-0.8534,0.0733,多周期共振看空 ⬇⬇⬇,-0.7,-0.7131,-0.5625
002806,华锋股份,21.68,True,12.45,16.78,5,10.54,-27.53,-9.5,-25.79,0.0,2026-07-21,2026-07-21,4.71,0.7944,-0.4634,0.5521,0.4913,0.0,0.0799,0.216,-0.1223,0.4389,多周期方向不一致，观望,-0.5197,-0.0921,0.0
002348,高乐股份,82.58,True,9.14,10.56,2,1.8,-18.35,-8.63,-13.47,0.0,2026-07-21,2026-07-21,34.08,-0.2516,-0.2984,0.6688,0.0806,0.535,0.0,0.2158,-0.0443,0.4778,月线看多，中短期调整中,-0.5595,-0.1813,0.45
600080,ST金花,16.98,True,4.55,4.73,10,7.26,-12.28,-2.27,-3.88,0.0054,2026-07-21,2026-07-21,45.62,0.0835,-0.2164,0.475,0.1635,0.7917,0.2083,0.2155,-0.6673,0.1663,多周期共振看空 ⬇⬇⬇,-0.212,-0.7223,-0.5625
603335,迪生力,23.51,True,5.49,7.53,10,17.52,-30.71,-5.27,-27.1,0.0,2026-07-21,2026-07-21,5.87,0.7981,-0.7654,0.8751,0.4789,0.0,0.0,0.2155,-0.0425,0.4788,多周期方向不一致，观望,-0.3585,0.0117,0.1086
603121,华培动力,34.6,True,10.22,11.73,0,-4.26,-19.64,-12.84,-12.85,0.0,2026-07-21,2026-07-21,29.47,0.6556,0.0358,0.5773,0.6077,0.4327,0.0379,0.2155,-0.7982,0.1009,多周期共振看空 ⬇⬇⬇,-0.691,-0.6669,-0.495
603033,三维股份,77.76,True,7.68,8.84,5,9.23,-14.16,-5.63,-13.08,0.0,2026-07-21,2026-07-21,22.95,0.6641,0.2428,0.811,0.6956,0.2878,0.0,0.2154,-0.735,0.1325,多周期共振看空 ⬇⬇⬇,-0.7692,-0.3935,-0.5625
603326,我乐家居,18.32,True,5.74,6.26,1,0.94,-9.56,-5.25,-8.34,0.0,2026-07-21,2026-07-21,33.52,-0.5616,0.9385,0.3642,0.4,0.5226,0.393,0.2153,-0.859,0.0705,多周期共振看空 ⬇⬇⬇,-0.682,-0.7408,-0.5625
600078,澄星股份,61.35,True,9.26,11.92,8,15.09,-26.34,-8.06,-22.33,0.0,2026-07-21,2026-07-21,18.16,0.8832,-0.3951,0.7423,0.5719,0.1813,0.0,0.2153,-0.41,0.295,多周期共振看空 ⬇⬇⬇,-0.5685,-0.2563,-0.1575
002529,海源复材,15.26,True,5.87,6.78,0,-1.09,-13.38,-7.59,-13.38,0.0,2026-07-21,2026-07-21,26.69,0.481,-0.1408,0.4331,0.4323,0.371,0.2782,0.2153,-0.6366,0.1817,多周期共振看空 ⬇⬇⬇,-0.8345,-0.2563,-0.4275
002912,中新赛克,28.06,True,17.3,18.14,0,-1.73,-9.21,-4.82,-4.66,0.0,2026-07-21,2026-07-21,32.29,-0.4488,1.0698,0.3585,0.4,0.4953,0.4026,0.2149,-0.8374,0.0813,多周期共振看空 ⬇⬇⬇,-0.616,-0.75,-0.5625
002516,旷达科技,76.68,True,5.25,5.43,0,-2.61,-8.92,-5.26,-3.23,0.0,2026-07-21,2026-07-21,34.58,0.3005,-0.5225,0.2898,0.1803,0.5462,0.517,0.2148,-0.6389,0.1805,多周期共振看空 ⬇⬇⬇,-0.5067,-0.4748,-0.495
601231,环旭电子,604.16,True,25.29,29.59,0,-5.16,-21.14,-13.34,-14.52,0.0,2026-07-21,2026-07-21,35.08,0.4945,-0.2095,0.8517,0.4129,0.5573,0.0,0.2148,-0.6113,0.1944,多周期共振看空 ⬇⬇⬇,-0.7605,-0.4217,-0.27
000890,法尔胜,26.09,True,6.22,7.45,0,-1.61,-18.52,-14.08,-16.52,0.0,2026-07-21,2026-07-21,29.38,0.1097,0.0276,0.7574,0.2769,0.4306,0.0,0.2146,-0.2432,0.3784,月线看多，中短期调整中,-0.925,-0.5452,0.18
002935,天奥电子,61.87,True,14.95,19.94,12,11.07,-26.56,-3.84,-25.01,0.0,2026-07-21,2026-07-21,9.53,0.5581,0.2995,0.6984,0.6547,0.0,0.0,0.2146,-0.3306,0.3347,多周期共振看空 ⬇⬇⬇,-0.444,-0.1886,-0.1575
002913,奥士康,130.09,True,42.59,54.95,8,17.77,-31.08,-5.6,-22.49,0.0,2026-07-21,2026-07-21,22.91,0.1014,-0.1005,0.8202,0.2206,0.2868,0.0,0.2146,0.0196,0.5098,多周期方向不一致，观望,-0.4275,0.0025,0.45
000967,盈峰环境,244.1,True,7.27,9.22,5,12.26,-24.67,-7.75,-21.11,0.0,2026-07-21,2026-07-21,12.83,0.5954,-0.1876,0.9277,0.4822,0.0628,0.0,0.2143,-0.1328,0.4336,月线看多，中短期调整中,-0.6682,-0.3521,0.2925
002443,金洲管道,42.58,True,8.18,9.5,0,-0.38,-18.68,-9.26,-13.93,0.0,2026-07-21,2026-07-21,19.45,0.3704,0.0314,0.6111,0.4348,0.2101,0.0,0.2142,-0.2344,0.3828,月线震荡，中短期走弱,-0.729,-0.2078,0.0446
603090,宏盛股份,37.92,True,37.92,48.51,1,0.36,-27.33,-11.87,-21.83,0.0,2026-07-21,2026-07-21,27.42,0.2795,1.1777,0.7303,0.5677,0.387,0.0,0.2142,-0.6591,0.1704,多周期共振看空 ⬇⬇⬇,-0.7604,-0.4592,-0.3375
002198,ST嘉应,15.07,True,2.97,3.25,8,3.42,-16.71,-4.84,-8.55,0.0,2026-07-21,2026-07-21,43.48,0.2469,0.0471,0.6112,0.3669,0.744,0.0,0.214,-0.7682,0.1159,多周期共振看空 ⬇⬇⬇,-0.46,-0.7315,-0.5625
600776,东方通信,112.71,True,11.79,12.7,1,0.79,-16.32,-10.15,-7.17,0.0,2026-07-21,2026-07-21,34.02,0.4621,-0.0849,0.5937,0.4433,0.5337,0.0105,0.2139,-0.647,0.1765,多周期共振看空 ⬇⬇⬇,-0.783,-0.4133,-0.3375
603334,丰倍生物,9.75,True,30.64,33.71,0,-5.62,-16.08,-10.16,-9.1,0.0,2026-07-21,2026-07-21,24.68,-0.0574,0.5834,0.3881,0.4,0.3261,0.3532,0.2138,-0.6034,0.1983,周线日线共振看空,-0.575,-0.441,
600733,北汽蓝谷,258.89,True,4.66,4.78,0,-2.41,-14.37,-9.67,-2.51,0.0,2026-07-21,2026-07-21,43.4,0.1912,-0.1499,0.4312,0.2547,0.7421,0.2814,0.2137,-0.814,0.093,多周期共振看空 ⬇⬇⬇,-0.556,-0.75,-0.5625
603011,合锻智能,89.49,True,18.1,26.95,5,24.69,-34.44,-12.0,-32.84,0.0,2026-07-21,2026-07-21,5.04,0.6319,-0.0295,0.8183,0.5673,0.0,0.0,0.2134,-0.2004,0.3998,月线震荡，中短期走弱,-0.5107,-0.2359,0.0
002438,江苏神通,57.39,True,12.24,13.63,0,-3.3,-12.95,-8.24,-10.18,0.0,2026-07-21,2026-07-21,15.79,0.6652,0.0367,0.3693,0.6138,0.1287,0.3845,0.2132,-0.7385,0.1307,多周期共振看空 ⬇⬇⬇,-0.783,-0.6145,-0.3375
002112,三变科技,35.33,True,13.48,15.39,2,3.46,-14.7,-7.17,-12.41,0.0,2026-07-21,2026-07-21,17.79,0.6653,-0.2732,0.3225,0.4899,0.1731,0.4624,0.2132,-0.6561,0.1719,多周期共振看空 ⬇⬇⬇,-0.6716,-0.5288,-0.3375
002633,申科股份,19.25,True,12.88,14.79,0,-1.59,-14.18,-6.76,-12.92,0.0,2026-07-21,2026-07-21,25.32,-0.4165,2.3208,0.414,0.4,0.3405,0.3101,0.213,-0.5927,0.2036,多周期共振看空 ⬇⬇⬇,-0.5896,-0.4598,-0.3375
603095,越剑智能,29.93,True,11.59,13.52,0,-8.92,-18.52,-13.94,-14.25,0.0,2026-07-21,2026-07-21,25.76,0.2284,0.4354,0.4816,0.5112,0.3502,0.1974,0.2129,-0.6928,0.1536,多周期共振看空 ⬇⬇⬇,-0.925,-0.4598,-0.27
603016,新宏泰,38.79,True,26.18,31.47,0,-4.26,-18.76,-10.6,-16.82,0.0,2026-07-21,2026-07-21,19.41,0.3726,0.3822,0.4785,0.5764,0.2091,0.2026,0.2128,-0.6327,0.1836,多周期共振看空 ⬇⬇⬇,-0.875,-0.3706,-0.27
003042,中农联合,14.18,True,11.5,12.35,1,1.11,-10.59,-5.49,-6.92,0.0,2026-07-21,2026-07-21,36.18,0.0226,0.3404,0.4051,0.3497,0.5817,0.3248,0.2127,-0.8157,0.0922,多周期共振看空 ⬇⬇⬇,-0.682,-0.7131,-0.495
002297,博云新材,101.67,True,17.74,25.1,11,42.37,-36.59,0.2,-29.31,0.0,2026-07-21,2026-07-21,12.79,0.5643,-0.398,0.7475,0.3794,0.0619,0.0,0.2127,0.0204,0.5102,多周期方向不一致，观望,-0.2974,-0.1052,0.45
600966,博汇纸业,59.22,True,4.43,4.83,1,0.17,-10.89,-6.18,-8.3,0.0,2026-07-21,2026-07-21,35.17,-0.2745,0.6086,0.4343,0.4,0.5594,0.2761,0.2125,-0.8318,0.0841,多周期共振看空 ⬇⬇⬇,-0.907,-0.7131,-0.3375
002082,ST万邦,58.66,True,10.33,11.52,4,6.61,-17.63,-6.57,-10.35,0.0,2026-07-21,2026-07-21,44.05,-0.1859,0.1381,0.6251,0.2553,0.7567,0.0,0.2123,-0.6181,0.191,多周期共振看空 ⬇⬇⬇,-0.5227,-0.5729,-0.3375
002489,浙江永强,50.12,True,2.62,2.74,0,-1.18,-17.75,-9.46,-4.48,0.0,2026-07-21,2026-07-21,35.29,0.3381,-0.4079,0.3004,0.2397,0.5621,0.4994,0.2123,-0.7589,0.1205,多周期共振看空 ⬇⬇⬇,-0.6685,-0.5325,-0.5625
600802,福建水泥,17.87,True,3.9,4.19,1,0.42,-11.42,-6.15,-6.85,0.0,2026-07-21,2026-07-21,35.2,-0.1866,0.852,0.4154,0.4,0.56,0.3076,0.2121,-0.8614,0.0693,多周期共振看空 ⬇⬇⬇,-0.6775,-0.75,-0.5625
600933,爱柯迪,131.46,True,13.4,14.15,3,4.17,-9.3,-3.3,-5.3,0.0,2026-07-21,2026-07-21,36.36,0.3428,-0.09,0.4211,0.3696,0.5859,0.2981,0.2121,-0.8358,0.0821,多周期共振看空 ⬇⬇⬇,-0.7335,-0.6456,-0.5625
000766,通化金马,159.0,True,16.46,18.48,1,8.53,-28.87,-14.98,-10.91,0.0,2026-07-21,2026-07-21,34.8,-0.0165,0.6039,0.885,0.4,0.5512,0.0,0.2119,-0.6065,0.1967,多周期共振看空 ⬇⬇⬇,-0.466,-0.371,-0.5625
000565,渝三峡Ａ,22.98,True,5.3,5.77,0,-0.09,-10.29,-5.49,-8.11,0.0,2026-07-21,2026-07-21,34.97,-0.344,1.3028,0.3936,0.4,0.5549,0.344,0.2118,-0.8866,0.0567,多周期共振看空 ⬇⬇⬇,-0.907,-0.6087,-0.5625
600326,西藏天路,84.88,True,6.23,6.44,0,-2.37,-10.82,-6.17,-3.34,0.0,2026-07-21,2026-07-21,35.06,-0.0149,0.2599,0.34,0.3039,0.557,0.4333,0.2117,-0.8081,0.0959,多周期共振看空 ⬇⬇⬇,-0.5515,-0.7408,-0.5625
002312,川发龙蟒,152.59,True,8.1,8.84,12,15.54,-12.58,-1.23,-8.32,0.0,2026-07-21,2026-07-21,21.07,0.7605,-0.0668,0.5338,0.6295,0.2461,0.1104,0.2114,-0.6997,0.1502,多周期共振看空 ⬇⬇⬇,-0.3486,-0.6764,-0.5625
002560,通达股份,35.21,True,5.56,6.86,1,0.29,-21.9,-11.65,-18.99,0.0,2026-07-21,2026-07-21,15.99,0.3977,0.3343,0.458,0.5723,0.133,0.2367,0.2112,-0.5753,0.2123,多周期共振看空 ⬇⬇⬇,-0.783,-0.3233,-0.27
002915,中欣氟材,46.41,True,16.11,18.76,7,13.64,-17.39,-6.2,-14.14,0.0,2026-07-21,2026-07-21,24.89,0.8728,-0.29,0.8691,0.6077,0.331,0.0,0.2112,-0.68,0.16,多周期共振看空 ⬇⬇⬇,-0.465,-0.5334,-0.5625
000702,正虹科技,12.48,True,4.68,5.08,2,2.76,-11.69,-4.72,-7.8,0.0,2026-07-21,2026-07-21,34.55,-0.2468,0.9176,0.4562,0.4,0.5455,0.2396,0.2111,-0.7978,0.1011,多周期共振看空 ⬇⬇⬇,-0.6363,-0.6456,-0.5625
002985,北摩高科,80.12,True,24.21,26.2,0,-0.94,-11.07,-6.59,-7.6,0.0,2026-07-21,2026-07-21,33.18,0.4844,-0.2051,0.4664,0.4086,0.5152,0.2227,0.2111,-0.7613,0.1194,多周期共振看空 ⬇⬇⬇,-0.7695,-0.6762,-0.3375
603006,联明股份,24.92,True,9.8,12.78,12,8.15,-23.93,-4.57,-23.29,0.0,2026-07-21,2026-07-21,8.69,0.8221,-0.1057,0.5395,0.651,0.0,0.1008,0.2105,-0.4382,0.2809,多周期共振看空 ⬇⬇⬇,-0.444,-0.2674,-0.315
001211,双枪科技,16.97,True,18.18,22.22,0,-7.77,-24.82,-19.67,-18.18,0.0,2026-07-21,2026-07-21,23.32,0.2064,0.1772,0.7283,0.3947,0.2959,0.0,0.2103,-0.3046,0.3477,月线震荡，中短期走弱,-0.83,-0.1998,-0.1125
002564,天沃科技,35.04,True,4.08,4.27,0,-2.67,-10.09,-6.54,-4.37,0.0,2026-07-21,2026-07-21,35.66,0.4788,-0.3772,0.3984,0.3364,0.5702,0.336,0.2102,-0.8097,0.0952,多周期共振看空 ⬇⬇⬇,-0.5666,-0.7315,-0.5625
600052,东望时代,29.21,True,3.46,3.61,4,3.4,-10.82,-3.27,-4.16,0.0,2026-07-21,2026-07-21,41.74,0.0253,-0.0812,0.4879,0.1827,0.7053,0.1869,0.2102,-0.6069,0.1966,多周期共振看空 ⬇⬇⬇,-0.326,-0.492,-0.5625
603489,八方股份,57.11,True,24.34,27.09,0,-3.81,-17.45,-9.5,-10.15,0.0,2026-07-21,2026-07-21,33.6,-0.1722,0.4954,0.586,0.3982,0.5244,0.0234,0.2102,-0.6035,0.1982,多周期共振看空 ⬇⬇⬇,-0.866,-0.314,-0.27
002407,多氟多,325.03,True,30.13,41.56,12,37.91,-33.28,2.23,-27.51,0.0,2026-07-21,2026-07-21,10.99,0.349,-0.0916,1.0956,0.3728,0.0221,0.0,0.2101,0.0576,0.5288,多周期方向不一致，观望,-0.234,0.0037,0.45
600560,金自天正,22.57,True,10.09,10.77,0,-2.46,-10.18,-6.59,-6.28,0.0,2026-07-21,2026-07-21,31.13,0.4777,-0.2028,0.3593,0.4055,0.4695,0.4012,0.2097,-0.8558,0.0721,多周期共振看空 ⬇⬇⬇,-0.6955,-0.7223,-0.5625
001296,长江材料,12.39,True,16.07,18.6,6,13.81,-14.83,-3.03,-13.61,0.0,2026-07-21,2026-07-21,33.59,0.8607,-0.71,0.6884,0.5164,0.5241,0.0,0.2097,-0.7773,0.1114,多周期共振看空 ⬇⬇⬇,-0.5405,-0.75,-0.495
002306,ST云网,13.41,True,1.65,1.89,2,1.69,-12.63,-6.24,-12.63,0.0,2026-07-21,2026-07-21,27.42,-0.1973,0.982,0.4204,0.4,0.3871,0.2993,0.2096,-0.6672,0.1664,多周期共振看空 ⬇⬇⬇,-0.8016,-0.4417,-0.3375
002591,恒大高新,12.16,True,5.44,6.13,0,-4.86,-14.03,-8.68,-11.21,0.0,2026-07-21,2026-07-21,26.34,-0.82,1.2835,0.4061,0.4,0.3632,0.3232,0.2094,-0.6589,0.1705,多周期共振看空 ⬇⬇⬇,-0.848,-0.3837,-0.3375
600072,中船科技,89.59,True,8.27,8.44,0,-0.4,-13.52,-8.14,-1.98,0.0,2026-07-21,2026-07-21,42.15,0.3188,-0.1306,0.5646,0.339,0.7145,0.0589,0.209,-0.7749,0.1125,多周期共振看空 ⬇⬇⬇,-0.6205,-0.6087,-0.5625
002402,和而泰,168.36,True,20.57,23.93,7,9.16,-17.59,-3.17,-14.06,0.0,2026-07-21,2026-07-21,28.99,0.3917,1.0614,0.8631,0.635,0.422,0.0,0.209,-0.8507,0.0746,多周期共振看空 ⬇⬇⬇,-0.7039,-0.7038,-0.5625
600469,风神股份,38.08,True,5.22,5.38,3,2.32,-8.86,-2.72,-2.88,0.0,2026-07-21,2026-07-21,39.68,0.126,-0.3045,0.3567,0.1538,0.6596,0.4055,0.2089,-0.6905,0.1547,多周期共振看空 ⬇⬇⬇,-0.3503,-0.7223,-0.495
002202,金风科技,590.3,True,17.55,21.21,7,10.16,-21.66,-4.43,-17.25,0.0,2026-07-21,2026-07-21,25.33,0.6889,-0.2905,0.9158,0.4971,0.3407,0.0,0.2088,-0.5336,0.2332,多周期共振看空 ⬇⬇⬇,-0.4744,-0.4286,-0.3375
002813,路畅科技,21.68,True,18.09,18.98,0,-0.6,-10.54,-5.49,-4.67,0.0,2026-07-21,2026-07-21,34.03,0.1004,0.2653,0.3983,0.3664,0.5341,0.3362,0.2087,-0.8263,0.0868,多周期共振看空 ⬇⬇⬇,-0.6865,-0.6652,-0.5625
002328,新朋股份,35.9,True,6.29,7.2,0,-1.5,-14.1,-7.74,-12.64,0.0,2026-07-21,2026-07-21,24.37,-0.1918,0.9639,0.4353,0.4,0.3193,0.2745,0.2085,-0.5751,0.2125,多周期共振看空 ⬇⬇⬇,-0.8615,-0.3418,-0.1837
603052,可川科技,98.83,True,52.6,70.51,0,-0.35,-31.88,-14.03,-25.4,0.0,2026-07-21,2026-07-21,23.02,0.2704,-0.2032,0.7893,0.281,0.2894,0.0,0.2085,-0.1286,0.4357,月线看多，中短期调整中,-0.738,-0.2379,0.2583
002334,英威腾,45.42,True,6.18,6.92,0,-6.64,-16.04,-10.54,-10.69,0.0,2026-07-21,2026-07-21,24.87,0.7016,-0.2813,0.3862,0.5084,0.3304,0.3563,0.2085,-0.827,0.0865,多周期共振看空 ⬇⬇⬇,-0.8435,-0.532,-0.5625
002106,莱宝高科,70.21,True,9.96,12.96,10,27.69,-28.0,-4.43,-23.17,0.0,2026-07-21,2026-07-21,12.58,0.7693,-0.6063,1.001,0.4616,0.0574,0.0,0.2084,-0.1404,0.4298,月线震荡，中短期走弱,-0.345,-0.1763,0.0
002584,西陇科学,33.07,True,7.06,9.07,13,33.97,-25.07,2.65,-22.19,0.0,2026-07-21,2026-07-21,28.25,0.4223,-0.1594,0.954,0.3896,0.4057,0.0,0.2084,-0.4429,0.2785,多周期共振看空 ⬇⬇⬇,-0.2197,-0.335,-0.45
001268,联合精密,17.44,True,18.49,24.66,5,3.23,-30.46,-10.06,-25.03,0.0,2026-07-21,2026-07-21,28.16,-0.3166,1.2843,0.9015,0.4,0.4035,0.0,0.2084,-0.4569,0.2716,多周期共振看空 ⬇⬇⬇,-0.6368,-0.1883,-0.27
000952,广济药业,17.89,True,5.2,5.61,2,3.82,-11.22,-4.93,-7.36,0.0,2026-07-21,2026-07-21,37.17,-0.0975,2.0879,0.5184,0.4,0.6038,0.136,0.2083,-0.8074,0.0963,多周期共振看空 ⬇⬇⬇,-0.5949,-0.7021,-0.5625
002247,聚力文化,12.87,True,2.0,2.14,2,1.35,-10.1,-5.01,-6.63,0.0,2026-07-21,2026-07-21,35.38,-0.3197,0.6318,0.4515,0.4,0.5641,0.2476,0.2083,-0.8488,0.0756,多周期共振看空 ⬇⬇⬇,-0.6775,-0.7223,-0.5625
600831,广电网络,19.91,True,2.8,3.03,2,1.73,-11.98,-4.93,-7.67,0.0,2026-07-21,2026-07-21,37.5,-0.1608,0.131,0.3947,0.2524,0.6111,0.3422,0.2083,-0.7442,0.1279,多周期共振看空 ⬇⬇⬇,-0.489,-0.654,-0.5625
001223,欧克科技,19.92,True,28.52,40.46,7,14.85,-32.4,-9.95,-29.51,0.0,2026-07-21,2026-07-21,3.2,0.8243,-0.5356,0.757,0.4946,0.0,0.0,0.2081,-0.1267,0.4366,多周期方向不一致，观望,-0.5242,-0.1074,0.0
002497,雅化集团,179.18,True,16.91,20.06,7,11.7,-19.71,-6.81,-15.71,0.0,2026-07-21,2026-07-21,35.11,-0.1564,0.7276,0.9556,0.4,0.5579,0.0,0.2081,-0.645,0.1775,多周期共振看空 ⬇⬇⬇,-0.672,-0.5041,-0.3375
600960,渤海汽车,33.46,True,3.52,3.87,3,2.97,-9.91,-4.5,-9.11,0.0,2026-07-21,2026-07-21,23.48,0.4924,0.7315,0.5554,0.6954,0.2995,0.0743,0.2081,-0.8666,0.0667,多周期共振看空 ⬇⬇⬇,-0.6909,-0.75,-0.5625
002248,华东数控,24.32,True,7.91,8.71,1,0.58,-10.49,-6.32,-9.16,0.0,2026-07-21,2026-07-21,29.93,0.6922,-0.3347,0.4496,0.4814,0.4429,0.2506,0.2077,-0.8406,0.0797,多周期共振看空 ⬇⬇⬇,-0.857,-0.6179,-0.495
002692,远程股份,25.05,True,3.49,3.72,0,-1.07,-12.68,-6.73,-6.18,0.0,2026-07-21,2026-07-21,34.75,0.1009,0.2247,0.4074,0.3504,0.5499,0.3211,0.2076,-0.8163,0.0918,多周期共振看空 ⬇⬇⬇,-0.691,-0.6392,-0.5625
600343,航天动力,111.05,True,17.4,24.11,8,16.31,-29.08,-4.78,-27.83,0.0,2026-07-21,2026-07-21,20.41,0.4088,0.6484,1.0252,0.6453,0.2314,0.0,0.2071,-0.6536,0.1732,多周期共振看空 ⬇⬇⬇,-0.5721,-0.6087,-0.3375
002643,万润股份,121.8,True,13.5,18.15,14,28.45,-28.87,4.06,-25.62,0.0,2026-07-21,2026-07-21,9.45,0.4713,0.1792,0.8059,0.5545,0.0,0.0,0.207,-0.2308,0.3846,多周期共振看空 ⬇⬇⬇,-0.2145,-0.166,-0.1575
600869,远东股份,357.76,True,16.12,25.74,7,29.42,-42.59,-12.05,-37.38,0.0,2026-07-21,2026-07-21,9.1,-0.0244,0.5789,0.7776,0.4,0.0,0.0,0.2069,0.0151,0.5075,多周期方向不一致，观望,-0.4507,0.0025,0.45
002886,沃特股份,37.01,True,17.7,24.13,4,10.46,-32.4,-12.22,-26.64,0.0,2026-07-21,2026-07-21,15.2,0.5562,-0.2939,0.6994,0.4161,0.1156,0.0,0.2069,-0.1492,0.4254,多周期方向不一致，观望,-0.621,-0.1237,0.0
002474,榕基软件,29.83,True,5.64,5.71,0,-0.7,-15.78,-8.46,-1.21,0.0,2026-07-21,2026-07-21,41.67,0.1495,-0.2126,0.3877,0.2047,0.7037,0.3538,0.2066,-0.8025,0.0988,多周期共振看空 ⬇⬇⬇,-0.616,-0.6733,-0.5625
600130,波导股份,26.62,True,3.55,4.12,1,3.61,-17.77,-8.24,-13.89,0.0,2026-07-21,2026-07-21,22.89,0.4384,0.0028,0.5163,0.4641,0.2865,0.1396,0.2066,-0.545,0.2275,多周期共振看空 ⬇⬇⬇,-0.756,-0.2797,-0.27
000572,海马汽车,56.0,True,3.41,3.63,1,2.05,-13.17,-7.97,-6.14,0.0,2026-07-21,2026-07-21,40.72,-0.1348,0.6231,0.643,0.4,0.6827,0.0,0.2064,-0.8084,0.0958,多周期共振看空 ⬇⬇⬇,-0.5416,-0.75,-0.5625
003025,思进智能,25.11,True,11.09,13.19,2,5.07,-18.04,-10.13,-15.92,0.0,2026-07-21,2026-07-21,23.41,0.7834,-0.6174,0.5411,0.47,0.2981,0.0981,0.2062,-0.5387,0.2307,多周期共振看空 ⬇⬇⬇,-0.556,-0.3248,-0.3825
002121,科陆电子,66.07,True,4.68,5.11,0,-2.83,-17.47,-11.33,-8.35,0.0,2026-07-21,2026-07-21,33.68,0.0588,0.6189,0.5343,0.4353,0.5262,0.1095,0.2062,-0.7659,0.117,多周期共振看空 ⬇⬇⬇,-0.6205,-0.6564,-0.495
603385,惠达卫浴,17.59,True,4.62,4.97,2,0.59,-8.53,-4.43,-7.0,0.0,2026-07-21,2026-07-21,34.33,-0.2398,0.3347,0.3708,0.3339,0.5406,0.3819,0.2061,-0.8397,0.0801,多周期共振看空 ⬇⬇⬇,-0.6542,-0.7223,-0.5625
000727,冠捷科技,100.1,True,2.21,2.42,0,-2.03,-14.34,-8.54,-8.58,0.0,2026-07-21,2026-07-21,15.38,0.8978,-0.6768,0.4574,0.5387,0.1197,0.2377,0.2058,-0.5492,0.2254,多周期共振看空 ⬇⬇⬇,-0.738,-0.2595,-0.315
002169,智光电气,82.16,True,10.83,13.36,1,1.36,-22.92,-8.54,-18.91,0.0,2026-07-21,2026-07-21,16.7,0.4109,-0.2227,0.6406,0.3575,0.1488,0.0,0.2058,-0.1039,0.4481,月线看多，中短期调整中,-0.5048,-0.3417,0.2796
600577,精达股份,155.72,True,7.21,8.74,0,-9.91,-21.07,-15.54,-17.54,0.0,2026-07-21,2026-07-21,18.56,0.3929,0.5095,0.5145,0.6357,0.1902,0.1424,0.2056,-0.7149,0.1426,多周期共振看空 ⬇⬇⬇,-0.783,-0.5625,-0.3375
001221,悍高集团,12.97,True,36.02,38.91,0,-0.78,-11.61,-7.46,-7.42,0.0,2026-07-21,2026-07-21,34.81,-0.4815,2.3017,0.5568,0.4,0.5514,0.072,0.2053,-0.7165,0.1417,多周期共振看空 ⬇⬇⬇,-0.6115,-0.7131,-0.3375
001696,宗申动力,134.6,True,15.1,19.16,7,32.46,-25.73,-3.82,-21.18,0.0,2026-07-21,2026-07-21,25.05,0.8217,-0.6291,0.7783,0.493,0.3344,0.0,0.2049,-0.5507,0.2247,多周期共振看空 ⬇⬇⬇,-0.4597,-0.3662,-0.45
600141,兴发集团,351.63,True,29.26,37.82,11,38.62,-27.82,1.94,-22.63,0.0,2026-07-21,2026-07-21,14.12,0.8676,-0.4027,0.8466,0.5595,0.0916,0.0,0.2049,-0.3657,0.3171,多周期共振看空 ⬇⬇⬇,-0.2618,-0.3544,-0.225
603008,ST喜临门,28.62,True,7.77,8.12,0,-0.55,-10.3,-5.39,-4.26,0.0,2026-07-21,2026-07-21,37.91,0.3856,-0.5082,0.3247,0.2314,0.6203,0.4588,0.2047,-0.8443,0.0778,多周期共振看空 ⬇⬇⬇,-0.6444,-0.7408,-0.5625
600768,宁波富邦,16.95,True,12.67,14.74,5,3.86,-15.34,-4.19,-14.04,0.0,2026-07-21,2026-07-21,19.1,0.1974,0.773,0.4332,0.5184,0.2022,0.2779,0.2045,-0.6583,0.1709,多周期共振看空 ⬇⬇⬇,-0.8203,-0.4062,-0.3375
603158,腾龙股份,43.73,True,8.91,11.1,0,-4.94,-23.4,-12.68,-19.72,0.0,2026-07-21,2026-07-21,19.28,0.0233,0.5227,0.6176,0.414,0.2063,0.0,0.2044,-0.2747,0.3627,月线震荡，中短期走弱,-0.7769,-0.2575,0.0
002347,泰尔股份,25.46,True,5.16,5.64,0,-1.95,-11.61,-8.4,-8.48,0.0,2026-07-21,2026-07-21,33.61,0.0534,0.614,0.4973,0.432,0.5247,0.1712,0.2041,-0.8251,0.0875,多周期共振看空 ⬇⬇⬇,-0.6955,-0.7223,-0.495
002812,恩捷股份,411.39,True,50.01,59.82,6,7.01,-21.0,-7.15,-16.4,0.0,2026-07-21,2026-07-21,24.73,0.2475,-0.2843,0.674,0.2348,0.3273,0.0,0.204,-0.1362,0.4319,月线看多，中短期调整中,-0.687,-0.3521,0.2925
002434,万里扬,70.68,True,5.39,5.94,1,0.8,-13.69,-8.19,-9.3,0.0,2026-07-21,2026-07-21,37.33,0.3892,-0.0468,0.4999,0.4148,0.6073,0.1668,0.2038,-0.8955,0.0523,多周期共振看空 ⬇⬇⬇,-0.765,-0.75,-0.5625
003002,壶化股份,27.45,True,15.01,17.11,0,-5.53,-15.84,-10.98,-12.28,0.0,2026-07-21,2026-07-21,25.31,0.2761,0.3245,0.4043,0.4954,0.3403,0.3262,0.2033,-0.8358,0.0821,多周期共振看空 ⬇⬇⬇,-0.7,-0.6744,-0.5625
603082,北自科技,12.62,True,31.11,38.23,10,26.24,-21.81,0.61,-18.63,0.0,2026-07-21,2026-07-21,13.35,0.7124,-0.5229,0.4459,0.4275,0.0744,0.2568,0.2031,-0.3541,0.3229,多周期共振看空 ⬇⬇⬇,-0.347,-0.2558,-0.225
603488,展鹏科技,20.76,True,7.11,9.11,1,0.11,-25.35,-15.41,-21.95,0.0,2026-07-21,2026-07-21,23.58,0.7785,-0.6658,0.6757,0.4671,0.3018,0.0,0.203,-0.4858,0.2571,多周期共振看空 ⬇⬇⬇,-0.6975,-0.1998,-0.27
002229,鸿博股份,45.86,True,9.3,9.92,0,-5.85,-22.27,-14.08,-6.23,0.0,2026-07-21,2026-07-21,30.81,0.6512,-0.2819,0.5399,0.478,0.4625,0.1002,0.2028,-0.7771,0.1114,多周期共振看空 ⬇⬇⬇,-0.625,-0.6098,-0.5625
603579,荣泰健康,32.91,True,16.37,17.61,5,2.88,-9.96,-3.53,-7.02,0.0,2026-07-21,2026-07-21,39.78,0.4043,-0.5822,0.4536,0.2426,0.6618,0.2439,0.2026,-0.757,0.1215,多周期共振看空 ⬇⬇⬇,-0.5976,-0.589,-0.5625
600879,航天电子,499.51,True,15.14,19.61,10,13.36,-26.0,-3.5,-22.8,0.0,2026-07-21,2026-07-21,29.46,0.3637,-0.0947,0.9326,0.3804,0.4324,0.0,0.2026,-0.5067,0.2466,多周期共振看空 ⬇⬇⬇,-0.4582,-0.3834,-0.3375
002079,苏州固锝,73.63,True,9.08,12.84,13,15.42,-35.2,-2.13,-29.29,0.0,2026-07-21,2026-07-21,19.27,-0.3423,0.1765,0.8161,0.2706,0.2059,0.0,0.2025,-0.0599,0.4701,多周期方向不一致，观望,-0.2288,-0.0671,0.0
002510,天汽模,52.65,True,5.24,5.43,0,-2.88,-15.05,-7.79,-3.53,0.0,2026-07-21,2026-07-21,36.02,0.3682,-0.2317,0.5357,0.3283,0.5783,0.1072,0.2025,-0.6852,0.1574,多周期共振看空 ⬇⬇⬇,-0.5087,-0.5074,-0.5625
603023,威帝股份,18.42,True,3.3,3.63,1,0.38,-11.21,-5.8,-9.0,0.0,2026-07-21,2026-07-21,32.06,0.3009,0.1058,0.5347,0.4229,0.4902,0.1089,0.2025,-0.7317,0.1341,多周期共振看空 ⬇⬇⬇,-0.6885,-0.5229,-0.495
000012,南  玻Ａ,76.02,True,3.88,4.4,11,16.71,-15.92,-1.19,-11.75,0.0,2026-07-21,2026-07-21,18.72,0.8861,-0.5931,0.7076,0.5316,0.1938,0.0,0.2021,-0.4665,0.2667,多周期共振看空 ⬇⬇⬇,-0.24,-0.3695,-0.45
002467,二六三,58.64,True,4.29,4.54,0,-3.67,-13.8,-7.88,-5.45,0.0,2026-07-21,2026-07-21,37.5,0.0008,0.9286,0.5841,0.4005,0.6111,0.0266,0.202,-0.7791,0.1104,多周期共振看空 ⬇⬇⬇,-0.6205,-0.6854,-0.495
002178,延华智能,29.75,True,4.18,4.34,0,-2.68,-15.64,-9.7,-3.79,0.0,2026-07-21,2026-07-21,36.45,-0.0802,0.2115,0.3776,0.2846,0.5877,0.3706,0.202,-0.8409,0.0796,多周期共振看空 ⬇⬇⬇,-0.625,-0.75,-0.5625
000008,神州高铁,61.93,True,2.28,2.4,2,6.93,-9.87,-3.2,-4.82,0.0,2026-07-21,2026-07-21,43.01,0.0295,0.0957,0.5444,0.256,0.7336,0.0926,0.2019,-0.7484,0.1258,多周期共振看空 ⬇⬇⬇,-0.6067,-0.5623,-0.5625
600076,康欣新材,36.84,True,2.74,3.18,4,5.05,-16.95,-5.96,-13.71,0.0,2026-07-21,2026-07-21,21.88,0.6609,-0.1713,0.8148,0.528,0.2639,0.0,0.2018,-0.5469,0.2265,多周期共振看空 ⬇⬇⬇,-0.5331,-0.4076,-0.3375
002338,奥普光电,95.35,True,39.73,50.62,7,7.96,-26.13,-4.96,-21.51,0.0,2026-07-21,2026-07-21,18.55,0.2495,0.536,0.7076,0.5497,0.19,0.0,0.2017,-0.4943,0.2529,多周期共振看空 ⬇⬇⬇,-0.5524,-0.2978,-0.315
002254,泰和新材,96.29,True,11.32,15.18,7,21.11,-28.78,-8.67,-25.42,0.0,2026-07-21,2026-07-21,7.78,0.7473,-0.6421,0.8094,0.4484,0.0,0.0,0.2016,-0.1044,0.4478,多周期方向不一致，观望,-0.4507,-0.0725,0.0
002380,科远智慧,40.54,True,28.51,32.0,0,-2.71,-20.18,-9.79,-10.91,0.0,2026-07-21,2026-07-21,24.28,0.223,-0.311,0.606,0.2094,0.3172,0.0,0.2014,-0.1044,0.4478,月线看多，中短期调整中,-0.729,-0.1998,0.3274
601238,广汽集团,376.57,True,5.1,5.14,1,0.56,-12.46,-6.01,-0.68,0.0,2026-07-21,2026-07-21,47.14,-0.1554,-0.3031,0.3737,0.0788,0.8254,0.3771,0.2013,-0.8074,0.0963,多周期共振看空 ⬇⬇⬇,-0.5389,-0.75,-0.5625
000751,锌业股份,61.75,True,4.38,5.2,10,18.14,-19.72,-1.92,-15.75,0.0,2026-07-21,2026-07-21,17.27,0.8104,-0.2725,0.6953,0.5772,0.1615,0.0,0.2013,-0.5068,0.2466,多周期共振看空 ⬇⬇⬇,-0.4575,-0.4967,-0.225
000681,视觉中国,112.58,True,16.65,18.66,2,4.64,-15.85,-9.32,-10.77,0.0,2026-07-21,2026-07-21,23.19,0.7924,-0.6035,0.4832,0.4754,0.2931,0.1946,0.2011,-0.6589,0.1705,多周期共振看空 ⬇⬇⬇,-0.684,-0.3668,-0.495
002810,山东赫达,60.22,True,18.65,22.32,12,11.39,-18.8,-3.84,-16.44,0.0,2026-07-21,2026-07-21,16.6,0.3998,-0.2923,0.5917,0.323,0.1467,0.0139,0.2011,-0.095,0.4525,月线看多，中短期调整中,-0.5025,-0.314,0.2925
002903,宇环数控,25.4,True,23.81,36.92,4,11.42,-41.79,-16.12,-35.5,0.0,2026-07-21,2026-07-21,10.3,-0.6242,0.7665,0.8944,0.4,0.0067,0.0,0.2011,-0.0388,0.4806,多周期方向不一致，观望,-0.612,-0.096,0.45
002909,集泰股份,16.81,True,4.42,4.84,0,-2.94,-10.13,-7.12,-8.72,0.0,2026-07-21,2026-07-21,27.48,0.3788,0.1396,0.3642,0.4831,0.3885,0.393,0.201,-0.9453,0.0273,多周期共振看空 ⬇⬇⬇,-0.925,-0.7223,-0.5625
601996,丰林集团,21.86,True,1.95,2.18,4,4.34,-16.28,-7.45,-10.59,0.0,2026-07-21,2026-07-21,38.71,0.1029,-0.1969,0.5719,0.183,0.638,0.0468,0.2005,-0.4921,0.254,多周期共振看空 ⬇⬇⬇,-0.5461,-0.276,-0.3375
603171,税友股份,150.83,True,37.16,39.01,0,-2.39,-15.55,-7.93,-4.74,0.0,2026-07-21,2026-07-21,37.94,0.001,0.205,0.5149,0.2826,0.6209,0.1418,0.2003,-0.7081,0.146,多周期共振看空 ⬇⬇⬇,-0.6205,-0.5294,-0.495
600619,海立股份,99.36,True,12.59,13.96,5,7.25,-13.54,-4.51,-9.78,0.0,2026-07-21,2026-07-21,20.3,0.6764,0.1109,0.538,0.6502,0.229,0.1033,0.2001,-0.7971,0.1014,多周期共振看空 ⬇⬇⬇,-0.6682,-0.6167,-0.5625
600876,凯盛新能,24.61,True,6.22,6.92,1,3.71,-16.15,-11.39,-10.07,0.0,2026-07-21,2026-07-21,23.5,0.9214,-0.8553,0.4813,0.5528,0.3,0.1979,0.1996,-0.8062,0.0969,多周期共振看空 ⬇⬇⬇,-0.619,-0.6789,-0.5625
002631,德尔未来,51.03,True,6.43,9.47,15,34.54,-32.07,6.4,-32.07,0.0,2026-07-21,2026-07-21,2.8,0.3193,-0.1845,0.8528,0.3178,0.0,0.0,0.1995,0.0878,0.5439,多周期方向不一致，观望,-0.1615,0.0743,0.45
000530,冰山冷热,27.91,True,4.65,5.03,0,-3.95,-14.49,-7.61,-7.52,0.0,2026-07-21,2026-07-21,21.67,0.736,-0.2541,0.3968,0.5399,0.2593,0.3387,0.1994,-0.8506,0.0747,多周期共振看空 ⬇⬇⬇,-0.7271,-0.6837,-0.5625
002182,宝武镁业,98.23,True,11.35,13.19,8,15.65,-18.01,-3.63,-13.96,0.0,2026-07-21,2026-07-21,10.61,0.766,0.2458,0.7119,0.7579,0.0135,0.0,0.1992,-0.6352,0.1824,多周期共振看空 ⬇⬇⬇,-0.5857,-0.5565,-0.3375
003007,直真科技,24.24,True,33.39,37.37,4,4.97,-13.73,-4.46,-10.64,0.0,2026-07-21,2026-07-21,21.19,0.5341,0.0421,0.6751,0.5373,0.2486,0.0,0.1992,-0.5646,0.2177,多周期共振看空 ⬇⬇⬇,-0.6745,-0.3252,-0.3375
600615,鑫源智造,18.54,True,8.23,9.15,2,2.06,-11.18,-4.49,-10.01,0.0,2026-07-21,2026-07-21,31.44,0.6373,-0.6156,0.4915,0.3824,0.4766,0.1809,0.1991,-0.7357,0.1321,多周期共振看空 ⬇⬇⬇,-0.6188,-0.524,-0.5625
002990,盛视科技,68.42,True,49.57,64.61,13,42.8,-25.79,9.46,-23.28,0.0,2026-07-21,2026-07-21,13.31,0.2657,-0.2872,0.9417,0.2445,0.0735,0.0,0.199,0.1125,0.5563,多周期方向不一致，观望,-0.0393,-0.0344,0.5625
603312,西典新能,15.69,True,30.82,33.27,3,1.68,-10.6,-4.7,-7.35,0.0,2026-07-21,2026-07-21,37.84,0.2431,-0.0491,0.4263,0.3262,0.6186,0.2895,0.199,-0.9039,0.048,多周期共振看空 ⬇⬇⬇,-0.7865,-0.75,-0.5625
002637,赞宇科技,43.52,True,9.36,10.49,0,-2.91,-10.79,-6.13,-10.79,0.0,2026-07-21,2026-07-21,25.08,0.4996,-0.6684,0.4044,0.2998,0.3351,0.326,0.1989,-0.5517,0.2242,多周期共振看空 ⬇⬇⬇,-0.5336,-0.4177,-0.3375
600063,皖维高新,114.63,True,5.54,6.72,6,16.52,-26.51,-10.2,-17.56,0.0,2026-07-21,2026-07-21,13.35,0.923,-0.6377,0.7192,0.5538,0.0745,0.0,0.1983,-0.3891,0.3054,多周期共振看空 ⬇⬇⬇,-0.492,-0.276,-0.1575
000020,深华发Ａ,17.7,True,9.77,10.62,0,-3.24,-9.19,-6.29,-7.96,0.0,2026-07-21,2026-07-21,24.64,0.1393,0.5954,0.3588,0.4836,0.3253,0.402,0.1983,-0.8989,0.0505,多周期共振看空 ⬇⬇⬇,-0.8705,-0.6669,-0.5625
002151,北斗星通,123.06,True,27.79,30.39,1,1.65,-12.41,-5.76,-8.56,0.0,2026-07-21,2026-07-21,34.5,-0.0281,0.5898,0.642,0.4,0.5445,0.0,0.1981,-0.7088,0.1456,多周期共振看空 ⬇⬇⬇,-0.6693,-0.6467,-0.3375
603048,浙江黎明,22.47,True,15.3,17.75,1,0.52,-13.8,-5.85,-13.8,0.0,2026-07-21,2026-07-21,23.33,-0.0679,0.5562,0.4059,0.4,0.2962,0.3234,0.1979,-0.6711,0.1644,多周期共振看空 ⬇⬇⬇,-0.623,-0.4459,-0.495
603266,天龙股份,29.65,True,14.91,16.45,3,3.92,-10.74,-4.4,-9.39,0.0,2026-07-21,2026-07-21,32.3,0.5214,-0.3592,0.4733,0.3692,0.4955,0.2112,0.1978,-0.7715,0.1143,多周期共振看空 ⬇⬇⬇,-0.6456,-0.5798,-0.5625
002535,林州重机,15.75,True,2.11,2.25,2,2.43,-11.59,-4.68,-6.2,0.0,2026-07-21,2026-07-21,38.55,-0.0411,0.3531,0.5608,0.3413,0.6345,0.0653,0.1978,-0.7776,0.1112,多周期共振看空 ⬇⬇⬇,-0.4626,-0.75,-0.5625
001358,兴欣新材,10.01,True,20.14,24.05,8,13.43,-17.5,-3.31,-16.26,0.0,2026-07-21,2026-07-21,13.43,0.7687,0.1523,0.6547,0.7222,0.0762,0.0,0.1974,-0.6675,0.1663,多周期共振看空 ⬇⬇⬇,-0.5817,-0.4734,-0.495
600724,宁波富达,67.62,True,4.68,5.3,0,-4.44,-18.11,-9.87,-11.63,0.0,2026-07-21,2026-07-21,23.84,0.403,0.209,0.7222,0.5254,0.3075,0.0,0.1972,-0.6322,0.1839,多周期共振看空 ⬇⬇⬇,-0.7568,-0.4033,-0.3375
600198,大唐电信,91.66,True,7.04,8.4,9,7.75,-20.66,-6.0,-16.16,0.0,2026-07-21,2026-07-21,16.58,0.8505,-0.3339,0.6268,0.5768,0.1463,0.0,0.1968,-0.5239,0.238,多周期共振看空 ⬇⬇⬇,-0.4868,-0.3517,-0.3825
600996,贵广网络,77.43,True,6.21,6.79,0,-2.2,-25.23,-14.38,-8.54,0.0,2026-07-21,2026-07-21,39.13,0.5269,-0.6424,0.6771,0.3161,0.6473,0.0,0.1965,-0.7109,0.1446,多周期共振看空 ⬇⬇⬇,-0.529,-0.5465,-0.5625
002300,太阳电缆,42.47,True,5.88,6.39,0,-6.37,-12.98,-9.5,-7.96,0.0,2026-07-21,2026-07-21,20.14,-0.1555,0.3637,0.3166,0.3455,0.2253,0.4724,0.1962,-0.6318,0.1841,多周期共振看空 ⬇⬇⬇,-0.625,-0.5154,-0.3375
600800,渤海化学,31.74,True,2.86,3.11,0,-3.04,-12.36,-8.5,-7.93,0.0,2026-07-21,2026-07-21,31.37,-0.042,0.6225,0.51,0.4,0.4749,0.15,0.196,-0.762,0.119,多周期共振看空 ⬇⬇⬇,-0.609,-0.6577,-0.495
002465,海格通信,243.08,True,9.81,11.87,1,4.97,-20.62,-10.32,-17.36,0.0,2026-07-21,2026-07-21,32.01,0.3066,-0.151,0.7563,0.3236,0.4892,0.0,0.1959,-0.5377,0.2312,多周期共振看空 ⬇⬇⬇,-0.5704,-0.3554,-0.3375
002931,锋龙股份,89.78,True,44.61,61.3,9,18.05,-29.63,-6.08,-27.23,0.0,2026-07-21,2026-07-21,30.23,0.4406,-0.3167,1.052,0.3377,0.4496,0.0,0.1959,-0.513,0.2435,多周期共振看空 ⬇⬇⬇,-0.3479,-0.4917,-0.3375
001333,光华股份,22.09,True,17.26,18.84,3,2.18,-10.9,-4.65,-8.39,0.0,2026-07-21,2026-07-21,36.73,0.063,0.0367,0.3987,0.2525,0.5941,0.3356,0.1958,-0.8189,0.0906,多周期共振看空 ⬇⬇⬇,-0.812,-0.6087,-0.495
603220,中贝通信,78.73,True,18.13,19.98,3,6.77,-17.19,-8.86,-9.25,0.0,2026-07-21,2026-07-21,32.1,0.5273,-0.3069,0.5965,0.3936,0.4911,0.0058,0.1955,-0.66,0.17,多周期共振看空 ⬇⬇⬇,-0.7515,-0.469,-0.3375
002104,恒宝股份,57.15,True,9.53,9.98,0,-2.79,-10.68,-7.29,-4.48,0.0,2026-07-21,2026-07-21,36.3,-0.1417,1.6364,0.5747,0.4,0.5844,0.0421,0.1954,-0.8116,0.0942,多周期共振看空 ⬇⬇⬇,-0.5497,-0.75,-0.5625
003006,百亚股份,57.3,True,13.37,14.04,1,0.32,-11.06,-5.23,-4.76,0.0,2026-07-21,2026-07-21,35.14,-0.2935,0.7849,0.5553,0.4,0.5587,0.0744,0.1952,-0.808,0.096,多周期共振看空 ⬇⬇⬇,-0.5621,-0.7315,-0.5625
601636,旗滨集团,172.49,True,5.83,7.68,10,34.36,-26.43,-0.16,-24.04,0.0,2026-07-21,2026-07-21,7.91,0.6495,-0.6804,0.8991,0.3897,0.0,0.0,0.1948,-0.0651,0.4674,多周期方向不一致，观望,-0.2171,-0.1002,0.0
000509,华塑控股,29.62,True,2.76,3.29,0,-10.99,-19.64,-14.95,-16.21,0.0,2026-07-21,2026-07-21,14.88,0.3898,-0.1821,0.4893,0.361,0.1084,0.1844,0.1945,-0.2996,0.3502,月线震荡，中短期走弱,-0.711,-0.2852,-0.1125
000782,恒申新材,32.16,True,6.09,7.5,11,12.39,-20.44,-1.64,-18.75,0.0,2026-07-21,2026-07-21,7.17,0.4082,-0.2348,0.5989,0.351,0.0,0.0019,0.1944,-0.0078,0.4961,多周期方向不一致，观望,-0.4326,-0.1133,0.45
603278,大业股份,28.02,True,8.2,10.09,1,0.5,-21.4,-12.05,-18.73,0.0,2026-07-21,2026-07-21,27.62,0.4453,-0.0366,0.7586,0.4526,0.3915,0.0,0.1941,-0.6414,0.1793,多周期共振看空 ⬇⬇⬇,-0.6134,-0.389,-0.495
002130,沃尔核材,180.19,True,15.71,17.24,0,-1.48,-13.77,-8.22,-8.86,0.0,2026-07-21,2026-07-21,30.49,0.3889,0.183,0.5956,0.5066,0.4553,0.0074,0.1937,-0.8129,0.0936,多周期共振看空 ⬇⬇⬇,-0.5715,-0.7342,-0.5625
600363,联创光电,117.68,True,26.1,31.61,6,9.01,-19.73,-5.91,-17.44,0.0,2026-07-21,2026-07-21,19.4,0.6262,0.3638,0.8588,0.7212,0.2088,0.0,0.1936,-0.8558,0.0721,多周期共振看空 ⬇⬇⬇,-0.663,-0.75,-0.5625
000697,炼石航空,51.07,True,7.82,9.29,0,-2.9,-18.67,-10.7,-15.84,0.0,2026-07-21,2026-07-21,10.8,0.4794,-0.6016,0.356,0.2876,0.0178,0.4066,0.1935,-0.259,0.3705,月线震荡，中短期走弱,-0.738,-0.2379,0.0
002518,科士达,190.91,True,33.78,43.65,5,7.68,-28.22,-9.61,-22.61,0.0,2026-07-21,2026-07-21,15.81,0.2727,0.5429,0.8951,0.5636,0.1291,0.0,0.1935,-0.5086,0.2457,多周期共振看空 ⬇⬇⬇,-0.651,-0.3348,-0.225
600243,*ST海华,12.46,True,2.84,3.36,0,-1.66,-15.99,-8.03,-15.38,0.0,2026-07-21,2026-07-21,31.45,0.2994,-0.041,0.534,0.3632,0.4767,0.1099,0.1933,-0.6949,0.1526,多周期共振看空 ⬇⬇⬇,-0.8084,-0.3394,-0.495
603258,电魂网络,27.22,True,11.28,11.8,0,-0.17,-10.82,-6.01,-4.43,0.0,2026-07-21,2026-07-21,36.76,-0.0391,0.1947,0.4136,0.2779,0.5948,0.3106,0.1931,-0.8618,0.0691,多周期共振看空 ⬇⬇⬇,-0.7,-0.7315,-0.5625
600165,ST宁科,16.49,True,2.25,2.6,5,5.49,-16.75,-4.85,-13.51,0.0,2026-07-21,2026-07-21,34.19,-0.3356,1.0209,0.5694,0.4,0.5375,0.051,0.193,-0.7815,0.1093,多周期共振看空 ⬇⬇⬇,-0.5729,-0.7315,-0.495
002388,新亚制程,19.59,True,3.87,4.71,3,3.52,-23.0,-8.73,-17.88,0.0,2026-07-21,2026-07-21,22.83,0.3018,0.4522,0.6142,0.5619,0.2852,0.0,0.1929,-0.6984,0.1508,多周期共振看空 ⬇⬇⬇,-0.693,-0.446,-0.495
603320,迪贝电气,22.89,True,15.35,17.32,0,-1.91,-14.52,-9.2,-11.38,0.0,2026-07-21,2026-07-21,32.21,-0.3225,1.7409,0.6254,0.4,0.4935,0.0,0.1929,-0.6889,0.1556,多周期共振看空 ⬇⬇⬇,-0.859,-0.4402,-0.3375
000546,金圆股份,28.01,True,4.02,4.66,2,3.52,-15.04,-7.32,-13.67,0.0,2026-07-21,2026-07-21,14.6,0.663,0.0055,0.4568,0.6,0.1022,0.2387,0.1924,-0.7346,0.1327,多周期共振看空 ⬇⬇⬇,-0.866,-0.5348,-0.3375
002613,北玻股份,23.6,True,3.05,3.54,2,4.24,-22.95,-15.65,-13.79,0.0,2026-07-21,2026-07-21,14.42,0.9412,-0.754,0.5455,0.5647,0.0983,0.0908,0.1924,-0.5546,0.2227,多周期共振看空 ⬇⬇⬇,-0.6795,-0.209,-0.4275
600458,时代新材,93.19,True,10.57,13.79,10,14.56,-28.78,-7.39,-23.37,0.0,2026-07-21,2026-07-21,17.84,0.7705,-0.4766,0.8087,0.4717,0.1742,0.0,0.1923,-0.4252,0.2874,多周期共振看空 ⬇⬇⬇,-0.3765,-0.3867,-0.225
600775,南京熊猫,57.44,True,8.55,9.25,1,0.61,-10.81,-7.14,-7.52,0.0,2026-07-21,2026-07-21,30.87,0.5519,-0.2267,0.5607,0.4405,0.4638,0.0655,0.1922,-0.776,0.112,多周期共振看空 ⬇⬇⬇,-0.5803,-0.7131,-0.495
001266,宏英智能,17.5,True,30.09,42.13,6,9.73,-32.73,-9.45,-28.58,0.0,2026-07-21,2026-07-21,13.7,0.3441,-0.1265,0.6478,0.3559,0.0822,0.0,0.1922,-0.1307,0.4346,多周期方向不一致，观望,-0.588,-0.1329,0.0623
002335,科华数据,202.01,True,30.62,36.43,6,12.12,-20.36,-5.05,-15.95,0.0,2026-07-21,2026-07-21,16.15,0.7628,-0.1717,0.6552,0.589,0.1366,0.0,0.1921,-0.5693,0.2153,多周期共振看空 ⬇⬇⬇,-0.6322,-0.3269,-0.3825
600476,*ST湘邮,12.5,True,7.76,8.79,0,-0.08,-17.55,-8.44,-11.7,0.0,2026-07-21,2026-07-21,33.69,0.2783,0.3259,0.6077,0.4973,0.5264,0.0,0.1918,-0.8932,0.0534,多周期共振看空 ⬇⬇⬇,-0.9025,-0.6271,-0.5625
000777,中核科技,64.45,True,16.81,17.23,7,9.43,-11.24,-2.44,-2.44,0.0,2026-07-21,2026-07-21,27.59,0.7999,-0.7995,0.586,0.4799,0.3908,0.0234,0.1917,-0.7221,0.139,多周期共振看空 ⬇⬇⬇,-0.4097,-0.7408,-0.495
002519,银河电子,54.54,True,4.88,5.51,1,0.47,-14.11,-8.19,-11.47,0.0,2026-07-21,2026-07-21,32.0,-0.127,0.7355,0.6537,0.4,0.4889,0.0,0.1912,-0.697,0.1515,多周期共振看空 ⬇⬇⬇,-0.7875,-0.5193,-0.3375
002796,世嘉科技,63.42,True,27.85,34.27,0,-2.18,-26.19,-12.56,-18.74,0.0,2026-07-21,2026-07-21,22.46,0.2669,0.9013,0.759,0.5601,0.2769,0.0,0.1912,-0.699,0.1505,多周期共振看空 ⬇⬇⬇,-0.7875,-0.5913,-0.27
603009,北特科技,143.35,True,42.36,46.65,10,16.5,-15.15,0.01,-9.21,0.0,2026-07-21,2026-07-21,33.07,0.1602,-0.2034,0.6641,0.2147,0.5127,0.0,0.1912,-0.4293,0.2853,多周期共振看空 ⬇⬇⬇,-0.2018,-0.2755,-0.495
603260,合盛硅业,393.67,True,33.3,42.14,9,21.83,-24.95,-3.49,-20.99,0.0,2026-07-21,2026-07-21,21.53,0.8729,-0.4504,0.6793,0.5436,0.2561,0.0,0.1911,-0.6479,0.176,多周期共振看空 ⬇⬇⬇,-0.4492,-0.589,-0.45
603092,德力佳,16.8,True,48.6,51.49,0,-3.17,-10.34,-7.13,-5.61,0.0,2026-07-21,2026-07-21,27.26,0.0115,0.0282,0.3509,0.2182,0.3835,0.4152,0.191,-0.6137,0.1931,周线日线共振看空,-0.625,-0.414,
002134,天津普林,50.44,True,20.37,26.92,9,6.96,-26.63,-5.05,-24.34,0.0,2026-07-21,2026-07-21,13.49,0.3561,-0.0465,0.6442,0.3951,0.0776,0.0,0.191,-0.1972,0.4014,月线震荡，中短期走弱,-0.5645,-0.179,0.0
600178,东安动力,38.95,True,8.35,9.24,11,8.04,-11.55,-2.28,-9.62,0.0,2026-07-21,2026-07-21,23.64,0.7856,-0.6034,0.5031,0.4713,0.3032,0.1614,0.1908,-0.721,0.1395,多周期共振看空 ⬇⬇⬇,-0.3497,-0.7223,-0.5625
000045,深纺织Ａ,40.36,True,8.83,9.66,0,-2.1,-10.78,-6.92,-8.55,0.0,2026-07-21,2026-07-21,15.24,0.4843,0.2283,0.3693,0.5819,0.1164,0.3845,0.1907,-0.8526,0.0737,多周期共振看空 ⬇⬇⬇,-0.7875,-0.7038,-0.495
002882,金龙羽,41.85,True,16.96,18.16,0,-1.4,-12.45,-8.3,-6.63,0.0,2026-07-21,2026-07-21,31.66,0.0281,0.2835,0.4279,0.3303,0.4813,0.2869,0.1905,-0.8113,0.0943,多周期共振看空 ⬇⬇⬇,-0.5705,-0.7315,-0.5625
603139,康惠股份,32.22,True,32.26,39.72,10,8.07,-19.44,-0.83,-18.78,0.0,2026-07-21,2026-07-21,20.13,0.0474,-0.2697,0.6699,0.1205,0.2251,0.0,0.1901,0.0576,0.5288,多周期方向不一致，观望,-0.3378,0.0928,0.45
002476,新叶股份,25.7,True,4.2,4.62,2,2.93,-12.94,-6.99,-9.12,0.0,2026-07-21,2026-07-21,20.69,0.2948,0.3411,0.3956,0.5133,0.2375,0.3407,0.1901,-0.8582,0.0709,多周期共振看空 ⬇⬇⬇,-0.7695,-0.7315,-0.495
603322,超讯通信,39.92,True,25.33,27.83,6,8.47,-14.15,-3.35,-8.99,0.0,2026-07-21,2026-07-21,33.31,-0.1686,0.7559,0.8582,0.4,0.518,0.0,0.19,-0.7415,0.1292,多周期共振看空 ⬇⬇⬇,-0.5241,-0.6179,-0.5625
002703,浙江世宝,70.79,True,12.08,13.55,0,-1.75,-14.45,-10.01,-10.88,0.0,2026-07-21,2026-07-21,30.89,0.3813,-0.1448,0.5592,0.3709,0.4643,0.0679,0.1898,-0.6861,0.1569,多周期共振看空 ⬇⬇⬇,-0.783,-0.4993,-0.3375
002624,完美世界,196.48,True,10.75,11.44,0,-1.97,-14.04,-7.67,-6.06,0.0,2026-07-21,2026-07-21,31.03,0.6609,-0.4492,0.6751,0.4169,0.4673,0.0,0.1895,-0.7121,0.144,多周期共振看空 ⬇⬇⬇,-0.4272,-0.7038,-0.495
600973,宝胜股份,76.52,True,5.58,6.29,4,8.56,-15.53,-5.47,-11.25,0.0,2026-07-21,2026-07-21,16.74,0.764,-0.371,0.5444,0.51,0.1497,0.0927,0.1894,-0.5549,0.2226,多周期共振看空 ⬇⬇⬇,-0.687,-0.3608,-0.27
603115,海星股份,169.08,True,69.9,99.44,8,23.15,-35.26,-5.98,-29.71,0.0,2026-07-21,2026-07-21,18.31,-0.1291,-0.0916,1.0682,0.1633,0.1847,0.0,0.1892,0.0305,0.5152,多周期方向不一致，观望,-0.405,0.0313,0.45
600135,乐凯胶片,36.46,True,6.59,7.51,0,-4.13,-13.63,-9.29,-12.25,0.0,2026-07-21,2026-07-21,16.11,0.4235,0.0694,0.3861,0.4818,0.1359,0.3565,0.1892,-0.7057,0.1472,多周期共振看空 ⬇⬇⬇,-0.8578,-0.4783,-0.3375
002263,大东南,50.72,True,2.7,3.1,3,12.86,-24.14,-13.22,-13.03,0.0,2026-07-21,2026-07-21,19.61,0.9067,-0.6756,0.5551,0.544,0.2135,0.0749,0.189,-0.6745,0.1628,多周期共振看空 ⬇⬇⬇,-0.72,-0.5278,-0.3375
002678,珠江钢琴,53.22,True,3.92,4.21,0,-1.99,-20.33,-11.86,-6.92,0.0,2026-07-21,2026-07-21,31.68,0.1025,-0.297,0.3616,0.1427,0.4818,0.3973,0.1888,-0.6137,0.1931,多周期共振看空 ⬇⬇⬇,-0.7,-0.4113,-0.3375
002413,雷科防务,98.45,True,7.6,8.96,1,0.17,-17.61,-8.14,-15.18,0.0,2026-07-21,2026-07-21,26.38,0.2735,0.2927,0.69,0.4812,0.3639,0.0,0.1888,-0.6965,0.1517,多周期共振看空 ⬇⬇⬇,-0.7029,-0.5908,-0.3375
600893,航发动力,900.55,True,33.79,35.99,2,1.42,-12.87,-5.79,-6.11,0.0,2026-07-21,2026-07-21,35.68,-0.0047,0.1269,0.4904,0.2508,0.5707,0.1827,0.1888,-0.7221,0.139,多周期共振看空 ⬇⬇⬇,-0.6473,-0.6946,-0.3375
603330,天洋新材,26.48,True,6.12,7.66,6,7.96,-21.97,-4.57,-20.07,0.0,2026-07-21,2026-07-21,20.05,0.6178,-0.3234,0.7681,0.4413,0.2233,0.0,0.1885,-0.4658,0.2671,多周期共振看空 ⬇⬇⬇,-0.4098,-0.2225,-0.45
001238,浙江正特,34.8,True,23.98,26.7,1,0.43,-13.32,-5.87,-10.18,0.0,2026-07-21,2026-07-21,34.02,-0.5188,0.7415,0.4975,0.4,0.5338,0.1709,0.1885,-0.9094,0.0453,多周期共振看空 ⬇⬇⬇,-0.8005,-0.75,-0.5625
003038,鑫铂股份,15.82,True,9.65,10.84,0,-0.57,-11.32,-7.07,-11.0,0.0,2026-07-21,2026-07-21,19.33,0.2603,0.3724,0.3164,0.5052,0.2074,0.4727,0.1882,-0.93,0.035,多周期共振看空 ⬇⬇⬇,-0.875,-0.7315,-0.5625
000949,新乡化纤,90.94,True,5.49,6.0,4,7.46,-20.22,-7.08,-8.53,0.0,2026-07-21,2026-07-21,33.64,-0.113,0.1486,0.7503,0.2594,0.5254,0.0,0.1881,-0.5406,0.2297,多周期共振看空 ⬇⬇⬇,-0.501,-0.4887,-0.27
002676,顺威股份,33.48,True,4.65,4.92,1,0.53,-12.13,-5.43,-5.54,0.0,2026-07-21,2026-07-21,28.89,0.3982,-0.0479,0.4399,0.4198,0.4198,0.2668,0.188,-0.885,0.0575,多周期共振看空 ⬇⬇⬇,-0.7704,-0.7223,-0.5625
601778,晶科科技,130.68,True,3.51,3.93,0,-9.95,-17.41,-13.6,-10.77,0.0,2026-07-21,2026-07-21,24.18,-0.0599,0.2645,0.4624,0.3058,0.3152,0.2294,0.1879,-0.5479,0.226,多周期共振看空 ⬇⬇⬇,-0.575,-0.4413,-0.27
002922,伊戈尔,90.1,True,23.9,28.83,0,-4.53,-22.42,-13.35,-17.1,0.0,2026-07-21,2026-07-21,24.39,0.3597,0.166,0.6476,0.4822,0.3198,0.0,0.1877,-0.6539,0.173,多周期共振看空 ⬇⬇⬇,-0.774,-0.4363,-0.3375
603400,华之杰,12.39,True,34.19,39.23,0,-6.18,-16.9,-10.08,-12.85,0.0,2026-07-21,2026-07-21,23.7,-0.1262,0.5759,0.4655,0.4,0.3043,0.2241,0.1876,-0.6837,0.1582,多周期共振看空 ⬇⬇⬇,-0.866,-0.4229,-0.3375
603276,恒兴新材,10.17,True,13.44,15.22,1,1.21,-11.92,-4.7,-11.7,0.0,2026-07-21,2026-07-21,22.58,0.4648,-0.3609,0.3418,0.3345,0.2796,0.4304,0.1876,-0.7145,0.1427,多周期共振看空 ⬇⬇⬇,-0.7051,-0.4709,-0.495
002088,鲁阳节能,35.82,True,7.08,7.6,1,0.5,-7.37,-4.83,-6.87,0.0,2026-07-21,2026-07-21,28.12,0.4685,-0.3649,0.2986,0.3351,0.4028,0.5024,0.1874,-0.9224,0.0388,多周期共振看空 ⬇⬇⬇,-0.8446,-0.7408,-0.5625
603219,富佳股份,69.61,True,12.4,14.64,5,10.2,-16.63,-3.82,-15.28,0.0,2026-07-21,2026-07-21,31.73,0.322,0.0242,0.6785,0.4029,0.4829,0.0,0.1873,-0.7256,0.1372,多周期共振看空 ⬇⬇⬇,-0.719,-0.4159,-0.5625
603355,莱克电气,145.53,True,25.38,26.49,10,15.87,-14.7,-2.35,-4.2,0.0,2026-07-21,2026-07-21,42.42,0.0197,-0.3305,0.8409,0.0796,0.7205,0.0,0.1873,-0.4933,0.2533,多周期共振看空 ⬇⬇⬇,-0.4116,-0.3939,-0.3375
002869,金溢科技,21.64,True,13.74,15.64,3,4.52,-14.7,-8.97,-12.17,0.0,2026-07-21,2026-07-21,19.92,0.3633,0.4171,0.4342,0.5848,0.2204,0.2764,0.1868,-0.9272,0.0364,多周期共振看空 ⬇⬇⬇,-0.857,-0.7408,-0.5625
603217,元利科技,36.77,True,17.67,21.09,1,2.72,-18.31,-7.97,-16.21,0.0,2026-07-21,2026-07-21,24.87,-0.296,1.0261,0.5267,0.4,0.3305,0.1221,0.1864,-0.6433,0.1784,多周期共振看空 ⬇⬇⬇,-0.8705,-0.3976,-0.27
603328,依顿电子,88.86,True,8.9,11.24,3,9.31,-26.24,-11.32,-20.81,0.0,2026-07-21,2026-07-21,20.16,0.6799,-0.5492,0.6971,0.4079,0.2257,0.0,0.1864,-0.4325,0.2838,多周期共振看空 ⬇⬇⬇,-0.621,-0.2608,-0.1575
000819,岳阳兴长,40.45,True,11.05,11.47,0,-3.18,-15.25,-8.65,-3.65,0.0,2026-07-21,2026-07-21,39.56,-0.1368,-0.1603,0.3961,0.1359,0.6568,0.3399,0.1863,-0.7874,0.1063,多周期共振看空 ⬇⬇⬇,-0.631,-0.6271,-0.5625
002456,欧菲光,237.21,True,7.15,8.8,7,3.75,-21.3,-4.0,-18.74,0.0,2026-07-21,2026-07-21,23.48,0.3005,0.127,0.7697,0.4311,0.2995,0.0,0.1862,-0.5598,0.2201,多周期共振看空 ⬇⬇⬇,-0.4422,-0.4012,-0.45
603007,顺景科技,31.7,True,4.56,5.45,8,14.78,-19.03,-4.81,-16.26,0.0,2026-07-21,2026-07-21,19.66,0.8095,-0.4835,0.5959,0.4923,0.2146,0.0068,0.1862,-0.5613,0.2193,多周期共振看空 ⬇⬇⬇,-0.4498,-0.5105,-0.3375
600734,*ST实达,34.19,True,1.57,1.68,2,0.87,-21.42,-7.75,-6.41,0.0,2026-07-21,2026-07-21,46.75,0.277,-0.4019,0.6249,0.2054,0.8167,0.0,0.1861,-0.8199,0.0901,多周期共振看空 ⬇⬇⬇,-0.571,-0.75,-0.5625
603308,应流股份,316.51,True,46.61,55.53,5,7.41,-23.23,-7.88,-16.07,0.0,2026-07-21,2026-07-21,28.96,0.1494,-0.4586,0.7171,0.1062,0.4213,0.0,0.1859,-0.1882,0.4059,月线看多，中短期调整中,-0.7192,-0.4598,0.18
603216,梦天家居,40.93,True,18.38,20.32,0,-2.01,-9.54,-6.16,-9.54,0.0,2026-07-21,2026-07-21,25.47,-0.3996,0.4492,0.3882,0.3797,0.3438,0.3531,0.1857,-0.8171,0.0914,多周期共振看空 ⬇⬇⬇,-0.6533,-0.7408,-0.495
002667,*ST威领,18.57,True,7.85,10.9,0,-8.94,-36.53,-23.91,-27.98,0.0,2026-07-21,2026-07-21,29.94,-0.1983,16.4114,0.8727,0.4,0.4431,0.0,0.1856,-0.6872,0.1564,多周期共振看空 ⬇⬇⬇,-0.7,-0.5729,-0.3375
603208,江山欧派,16.71,True,9.5,10.68,0,-0.25,-11.06,-5.3,-11.06,0.0,2026-07-21,2026-07-21,23.73,0.3941,-0.0815,0.3946,0.4039,0.3052,0.3424,0.1855,-0.8027,0.0987,多周期共振看空 ⬇⬇⬇,-0.5936,-0.6929,-0.5625
001332,锡装股份,19.02,True,28.3,34.18,0,-5.81,-22.68,-16.14,-17.21,0.0,2026-07-21,2026-07-21,15.79,0.4064,-0.2211,0.3994,0.3554,0.1287,0.3344,0.1854,-0.5075,0.2463,多周期共振看空 ⬇⬇⬇,-0.7425,-0.209,-0.27
002114,罗平锌电,19.79,True,6.12,6.72,1,5.61,-14.89,-6.97,-8.94,0.0,2026-07-21,2026-07-21,20.87,0.7816,-0.2289,0.5583,0.5774,0.2415,0.0695,0.1853,-0.7868,0.1066,多周期共振看空 ⬇⬇⬇,-0.7424,-0.5978,-0.495
002662,峰璟股份,46.2,True,3.08,3.51,10,14.77,-12.31,-0.5,-12.31,0.0,2026-07-21,2026-07-21,23.33,0.5954,-0.5299,0.4488,0.3573,0.2963,0.252,0.1852,-0.6471,0.1764,多周期共振看空 ⬇⬇⬇,-0.5438,-0.4611,-0.495
002361,神剑股份,76.05,True,9.4,12.32,0,-4.05,-28.71,-15.45,-23.72,0.0,2026-07-21,2026-07-21,19.98,0.6528,-0.3111,0.8377,0.4673,0.2217,0.0,0.185,-0.5334,0.2333,多周期共振看空 ⬇⬇⬇,-0.774,-0.2806,-0.2283
002326,永太科技,134.95,True,16.69,21.81,10,18.73,-26.18,-4.18,-23.48,0.0,2026-07-21,2026-07-21,17.03,0.6778,-0.2128,0.8357,0.5216,0.1563,0.0,0.185,-0.5418,0.2291,多周期共振看空 ⬇⬇⬇,-0.4995,-0.4252,-0.3375
603160,汇顶科技,239.84,True,51.47,56.94,11,7.15,-13.84,-1.76,-9.61,0.0,2026-07-21,2026-07-21,28.96,-0.0471,0.4715,0.543,0.3886,0.4214,0.095,0.1849,-0.7247,0.1376,多周期共振看空 ⬇⬇⬇,-0.3269,-0.75,-0.5625
002459,晶澳科技,235.11,True,7.11,7.7,2,7.24,-13.36,-6.58,-7.7,0.0,2026-07-21,2026-07-21,23.95,0.7642,-0.202,0.5807,0.5777,0.31,0.0321,0.1846,-0.8448,0.0776,多周期共振看空 ⬇⬇⬇,-0.6349,-0.75,-0.5625
002295,精艺股份,19.08,True,7.62,8.42,0,-1.83,-11.68,-7.87,-9.5,0.0,2026-07-21,2026-07-21,30.8,-0.0133,0.2794,0.356,0.3117,0.4622,0.4067,0.1846,-0.902,0.049,多周期共振看空 ⬇⬇⬇,-0.925,-0.6271,-0.5625
000837,秦川机床,89.96,True,8.93,10.54,2,4.26,-18.52,-8.28,-15.28,0.0,2026-07-21,2026-07-21,26.11,0.7073,-0.4069,0.6251,0.4616,0.358,0.0,0.184,-0.6964,0.1518,多周期共振看空 ⬇⬇⬇,-0.6657,-0.3975,-0.5625
001255,博菲电气,16.77,True,21.71,24.59,0,-4.0,-11.96,-8.89,-11.71,0.0,2026-07-21,2026-07-21,24.07,0.0508,1.0247,0.3773,0.4305,0.3126,0.3712,0.1838,-0.8909,0.0545,多周期共振看空 ⬇⬇⬇,-0.875,-0.7131,-0.495
002331,皖通科技,25.73,True,6.4,7.06,0,-3.34,-12.55,-8.78,-9.29,0.0,2026-07-21,2026-07-21,19.68,0.4229,-0.1188,0.3505,0.4062,0.2151,0.4158,0.1837,-0.7714,0.1143,多周期共振看空 ⬇⬇⬇,-0.8705,-0.4542,-0.495
002055,ST得润,31.01,True,5.22,6.29,10,9.14,-17.07,-1.77,-17.07,0.0,2026-07-21,2026-07-21,27.14,-0.1891,-0.0397,0.5589,0.1841,0.3808,0.0685,0.1837,-0.3365,0.3317,多周期共振看空 ⬇⬇⬇,-0.3461,-0.218,-0.225
603175,超颖电子,35.47,True,78.0,83.88,7,10.26,-14.34,-3.4,-7.01,0.0,2026-07-21,2026-07-21,37.59,0.0333,-0.2856,0.6897,0.1058,0.6131,0.0,0.1834,-0.4373,0.2813,周线日线共振看空,-0.5326,-0.2202,
002725,跃岭股份,24.92,True,10.01,11.54,0,-2.73,-16.31,-9.31,-13.28,0.0,2026-07-21,2026-07-21,23.23,0.7293,-0.2968,0.6265,0.5189,0.294,0.0,0.1834,-0.7154,0.1423,多周期共振看空 ⬇⬇⬇,-0.6243,-0.5422,-0.495
600686,金龙汽车,75.65,True,10.55,11.17,0,-0.12,-11.84,-6.29,-5.57,0.0,2026-07-21,2026-07-21,30.46,-0.5859,0.6906,0.4968,0.4,0.4547,0.172,0.1831,-0.8582,0.0709,多周期共振看空 ⬇⬇⬇,-0.7695,-0.7315,-0.495
001360,南矿集团,16.87,True,13.44,16.34,3,6.78,-20.15,-10.31,-17.77,0.0,2026-07-21,2026-07-21,12.67,0.6353,-0.1562,0.4222,0.5187,0.0594,0.2964,0.1825,-0.6786,0.1607,多周期共振看空 ⬇⬇⬇,-0.7515,-0.5097,-0.3375
002471,中超控股,65.29,True,4.86,5.62,0,-3.61,-16.7,-12.52,-13.57,0.0,2026-07-21,2026-07-21,31.08,0.2765,0.0211,0.704,0.3743,0.4684,0.0,0.1821,-0.7043,0.1478,多周期共振看空 ⬇⬇⬇,-0.7794,-0.5423,-0.3375
002149,西部材料,159.18,True,32.61,43.47,0,-5.61,-29.34,-17.12,-24.99,0.0,2026-07-21,2026-07-21,20.6,0.654,-0.3785,0.7963,0.441,0.2355,0.0,0.182,-0.5319,0.234,多周期共振看空 ⬇⬇⬇,-0.7605,-0.2471,-0.27
002171,楚江新材,149.43,True,9.26,12.14,6,25.65,-29.04,-8.05,-23.71,0.0,2026-07-21,2026-07-21,10.39,0.8689,-0.6749,0.7376,0.5213,0.0086,0.0,0.182,-0.3883,0.3059,多周期共振看空 ⬇⬇⬇,-0.4785,-0.2182,-0.225
000592,平潭发展,103.8,True,5.42,6.26,1,5.25,-17.2,-11.47,-13.44,0.0,2026-07-21,2026-07-21,30.17,0.1686,0.3504,0.7726,0.4413,0.4482,0.0,0.182,-0.7883,0.1058,多周期共振看空 ⬇⬇⬇,-0.774,-0.7315,-0.3375
002765,蓝黛科技,37.3,True,6.26,7.1,3,4.54,-11.82,-6.19,-11.79,0.0,2026-07-21,2026-07-21,33.78,0.4016,0.0131,0.5775,0.4462,0.5284,0.0375,0.182,-0.9223,0.0388,多周期共振看空 ⬇⬇⬇,-0.8337,-0.75,-0.5625
002455,百川股份,39.38,True,5.96,6.93,0,-0.46,-16.88,-9.21,-13.98,0.0,2026-07-21,2026-07-21,15.0,0.6531,0.2145,0.6014,0.6777,0.1111,0.0,0.1819,-0.7624,0.1188,多周期共振看空 ⬇⬇⬇,-0.783,-0.6669,-0.3375
003005,竞业达,15.24,True,12.0,12.88,0,-2.27,-12.31,-7.11,-6.85,0.0,2026-07-21,2026-07-21,33.6,-0.3854,1.1923,0.5652,0.4,0.5243,0.058,0.1813,-0.8649,0.0675,多周期共振看空 ⬇⬇⬇,-0.6865,-0.75,-0.5625
603429,*ST集友,38.76,True,7.39,8.16,3,14.9,-16.86,-8.16,-9.44,0.0,2026-07-21,2026-07-21,36.98,0.3114,-0.2459,0.7272,0.2885,0.5995,0.0,0.1813,-0.7306,0.1347,多周期共振看空 ⬇⬇⬇,-0.6588,-0.4786,-0.5625
000969,安泰科技,166.62,True,16.0,21.16,9,14.04,-29.25,-7.86,-24.4,0.0,2026-07-21,2026-07-21,12.53,0.7642,-0.4623,0.616,0.4736,0.0563,0.0,0.1813,-0.3748,0.3126,多周期共振看空 ⬇⬇⬇,-0.4043,-0.2521,-0.225
600725,云维股份,37.96,True,3.08,3.14,1,0.06,-16.28,-7.62,-2.05,0.0,2026-07-21,2026-07-21,33.33,0.2513,-0.1929,0.5809,0.2736,0.5185,0.0319,0.1808,-0.6394,0.1803,多周期共振看空 ⬇⬇⬇,-0.4247,-0.7038,-0.3375
002201,九鼎新材,44.13,True,7.33,9.48,5,16.87,-27.69,-11.54,-22.68,0.0,2026-07-21,2026-07-21,16.73,0.8971,-0.6657,0.6792,0.5383,0.1496,0.0,0.1805,-0.597,0.2015,多周期共振看空 ⬇⬇⬇,-0.6787,-0.3929,-0.3375
002623,亚玛顿,25.81,True,13.4,15.2,2,2.05,-13.64,-7.85,-11.83,0.0,2026-07-21,2026-07-21,36.89,0.132,0.0461,0.729,0.2976,0.5976,0.0,0.1803,-0.751,0.1245,多周期共振看空 ⬇⬇⬇,-0.7244,-0.5347,-0.495
002453,华软科技,22.84,True,3.79,4.3,0,-1.81,-16.81,-11.27,-11.79,0.0,2026-07-21,2026-07-21,20.36,0.4022,0.4254,0.5958,0.6115,0.2302,0.0071,0.1803,-0.8181,0.0909,多周期共振看空 ⬇⬇⬇,-0.765,-0.5798,-0.5625
601515,衢州东峰,58.7,True,3.05,3.23,0,-1.06,-15.1,-8.33,-5.44,0.0,2026-07-21,2026-07-21,26.83,0.166,0.1278,0.4845,0.3507,0.374,0.1925,0.1803,-0.7215,0.1392,多周期共振看空 ⬇⬇⬇,-0.622,-0.4901,-0.5625
600783,鲁信创投,108.23,True,14.54,18.48,3,5.69,-24.91,-9.53,-21.31,0.0,2026-07-21,2026-07-21,18.74,0.7589,-0.6352,0.972,0.4553,0.1943,0.0,0.1803,-0.5191,0.2404,多周期共振看空 ⬇⬇⬇,-0.5234,-0.3548,-0.3375
001306,夏厦精密,7.22,True,46.6,53.74,2,6.15,-16.78,-7.59,-13.28,0.0,2026-07-21,2026-07-21,32.29,0.3376,-0.0535,0.7058,0.3812,0.4953,0.0,0.1801,-0.7636,0.1182,多周期共振看空 ⬇⬇⬇,-0.5701,-0.6271,-0.5625
001387,雪祺电气,12.58,True,10.8,12.32,12,6.55,-12.34,-1.24,-12.34,0.0,2026-07-21,2026-07-21,22.93,0.5089,-0.5101,0.39,0.3054,0.2873,0.35,0.1801,-0.6726,0.1637,多周期共振看空 ⬇⬇⬇,-0.4364,-0.5417,-0.5625
002240,盛新锂能,250.05,True,27.39,37.77,3,2.04,-32.58,-13.64,-27.48,0.0,2026-07-21,2026-07-21,13.1,0.4808,-0.2239,0.8628,0.3989,0.0688,0.0,0.18,-0.2806,0.3597,月线震荡，中短期走弱,-0.7425,-0.314,0.0073
600111,北方稀土,1422.89,True,39.36,44.17,2,9.2,-18.72,-7.06,-10.9,0.0,2026-07-21,2026-07-21,24.88,0.521,-0.505,0.4768,0.3126,0.3306,0.2054,0.1798,-0.6225,0.1887,多周期共振看空 ⬇⬇⬇,-0.7245,-0.4097,-0.3375
001260,坤泰股份,16.94,True,14.73,16.0,0,-0.09,-11.05,-5.78,-7.91,0.0,2026-07-21,2026-07-21,35.66,-0.6574,0.1793,0.4624,0.2717,0.5703,0.2293,0.1798,-0.8643,0.0679,多周期共振看空 ⬇⬇⬇,-0.907,-0.6271,-0.495
002836,新宏泽,19.22,True,8.34,9.26,0,-2.38,-10.47,-6.81,-9.98,0.0,2026-07-21,2026-07-21,27.08,-0.2658,1.1019,0.4033,0.4,0.3795,0.3278,0.1798,-0.9195,0.0403,多周期共振看空 ⬇⬇⬇,-0.916,-0.7408,-0.495
002189,中光学,44.34,True,16.98,19.97,7,9.26,-14.99,-3.11,-14.99,0.0,2026-07-21,2026-07-21,9.22,0.6985,-0.1254,0.4886,0.5689,0.0,0.1857,0.1792,-0.6256,0.1872,多周期共振看空 ⬇⬇⬇,-0.5811,-0.4944,-0.3825
600586,金晶科技,55.13,True,3.89,4.21,0,-2.9,-12.76,-7.28,-7.5,0.0,2026-07-21,2026-07-21,16.67,0.7208,-0.6547,0.3506,0.4325,0.1481,0.4157,0.1791,-0.7693,0.1154,多周期共振看空 ⬇⬇⬇,-0.5524,-0.7223,-0.495
002782,可立克,69.23,True,14.13,18.34,0,-2.72,-28.27,-16.33,-22.97,0.0,2026-07-21,2026-07-21,14.9,0.6386,-0.1076,0.5458,0.5401,0.1088,0.0903,0.1791,-0.634,0.183,多周期共振看空 ⬇⬇⬇,-0.729,-0.431,-0.3375
002501,*ST利源,43.62,True,1.23,1.29,1,1.8,-16.21,-6.66,-4.58,0.0,2026-07-21,2026-07-21,43.4,0.1011,-0.2579,0.5638,0.1575,0.7421,0.0603,0.179,-0.7588,0.1206,多周期共振看空 ⬇⬇⬇,-0.4466,-0.7223,-0.5625
600435,北方导航,151.39,True,10.01,10.74,1,0.06,-10.97,-5.78,-6.79,0.0,2026-07-21,2026-07-21,34.08,0.1935,0.0271,0.4826,0.3269,0.5351,0.1957,0.179,-0.89,0.055,多周期共振看空 ⬇⬇⬇,-0.783,-0.7223,-0.5625
002639,雪人集团,73.81,True,11.19,12.58,0,-2.12,-13.99,-9.15,-11.05,0.0,2026-07-21,2026-07-21,16.93,0.6605,0.0196,0.596,0.6041,0.154,0.0066,0.1789,-0.7253,0.1374,多周期共振看空 ⬇⬇⬇,-0.7785,-0.5892,-0.3375
001308,康冠科技,84.73,True,17.39,19.39,5,2.19,-12.01,-4.7,-10.3,0.0,2026-07-21,2026-07-21,15.0,0.476,-0.5364,0.3908,0.2856,0.1111,0.3486,0.1789,-0.4377,0.2812,多周期共振看空 ⬇⬇⬇,-0.4675,-0.3363,-0.225
603390,通达电气,31.35,True,8.93,10.16,0,-3.07,-12.93,-8.52,-12.09,0.0,2026-07-21,2026-07-21,22.71,-0.394,0.4313,0.3498,0.3725,0.2825,0.4169,0.1787,-0.8389,0.0806,多周期共振看空 ⬇⬇⬇,-0.8615,-0.5429,-0.5625
002587,奥拓电子,27.59,True,5.18,6.28,8,11.68,-20.9,-7.29,-17.48,0.0,2026-07-21,2026-07-21,11.22,0.7864,-0.3602,0.7152,0.5278,0.0271,0.0,0.1786,-0.4486,0.2757,多周期共振看空 ⬇⬇⬇,-0.537,-0.3682,-0.1575
603282,亚光股份,17.44,True,13.03,14.19,3,3.93,-8.22,-3.56,-8.16,0.0,2026-07-21,2026-07-21,31.31,0.6191,-0.4847,0.4569,0.3776,0.4735,0.2385,0.1785,-0.9348,0.0326,多周期共振看空 ⬇⬇⬇,-0.898,-0.7223,-0.5625
603131,上海沪工,46.46,True,13.79,16.48,4,4.65,-17.76,-7.06,-16.31,0.0,2026-07-21,2026-07-21,26.98,0.2769,0.2247,0.8329,0.4561,0.3774,0.0,0.178,-0.7588,0.1206,多周期共振看空 ⬇⬇⬇,-0.5685,-0.6179,-0.5625
603421,鼎信通讯,34.11,True,5.23,5.85,0,-2.45,-12.76,-7.68,-10.6,0.0,2026-07-21,2026-07-21,22.49,0.0499,0.9019,0.3988,0.4299,0.2774,0.3353,0.1779,-0.8657,0.0671,多周期共振看空 ⬇⬇⬇,-0.875,-0.6577,-0.495
002017,东信和平,74.48,True,12.84,13.78,1,0.05,-12.85,-8.17,-6.82,0.0,2026-07-21,2026-07-21,24.06,-0.0028,1.2011,0.3667,0.4,0.3124,0.3889,0.1779,-0.9026,0.0487,多周期共振看空 ⬇⬇⬇,-0.783,-0.75,-0.5625
603396,金辰股份,30.86,True,22.28,24.82,0,-4.88,-13.08,-8.99,-10.25,0.0,2026-07-21,2026-07-21,18.44,0.1219,0.4827,0.3719,0.4662,0.1875,0.3802,0.1778,-0.8526,0.0737,多周期共振看空 ⬇⬇⬇,-0.7875,-0.7038,-0.495
002625,光启技术,588.41,True,27.31,29.33,0,-5.08,-17.99,-11.3,-6.9,0.0,2026-07-21,2026-07-21,31.88,0.4901,-0.6494,0.4819,0.2941,0.4862,0.1968,0.1775,-0.7917,0.1042,多周期共振看空 ⬇⬇⬇,-0.5527,-0.7038,-0.5625
000586,汇源通信,19.62,True,10.26,12.44,0,-3.93,-18.62,-11.81,-17.54,0.0,2026-07-21,2026-07-21,18.06,0.1978,0.4345,0.5125,0.4925,0.1792,0.1459,0.1773,-0.7015,0.1492,多周期共振看空 ⬇⬇⬇,-0.8705,-0.5256,-0.27
601799,星宇股份,257.25,True,90.05,95.71,0,-5.91,-22.37,-11.25,-5.91,0.0,2026-07-21,2026-07-21,36.52,-0.1651,0.0999,0.5815,0.24,0.5892,0.0308,0.1771,-0.6991,0.1504,多周期共振看空 ⬇⬇⬇,-0.548,-0.5717,-0.495
002890,弘宇股份,19.75,True,12.23,14.09,5,8.49,-14.18,-3.51,-13.19,0.0,2026-07-21,2026-07-21,23.77,-0.0504,0.8256,0.5405,0.4,0.306,0.0992,0.176,-0.6789,0.1606,多周期共振看空 ⬇⬇⬇,-0.7737,-0.334,-0.495
600860,京城股份,33.21,True,7.48,8.1,1,0.65,-9.39,-5.29,-7.6,0.0,2026-07-21,2026-07-21,30.63,0.3598,-0.1751,0.4275,0.3458,0.4584,0.2874,0.176,-0.9255,0.0373,多周期共振看空 ⬇⬇⬇,-0.8525,-0.7408,-0.5625
000821,ST京机,40.69,True,6.73,7.49,0,-0.66,-17.53,-8.85,-10.19,0.0,2026-07-21,2026-07-21,36.45,0.1959,0.1725,0.5935,0.3865,0.5877,0.0109,0.1753,-0.9297,0.0352,多周期共振看空 ⬇⬇⬇,-0.8525,-0.75,-0.5625
002652,扬子新材,17.26,True,3.37,4.06,1,0.14,-18.83,-9.77,-16.92,0.0,2026-07-21,2026-07-21,34.59,-0.0697,0.0345,0.7711,0.2138,0.5464,0.0,0.1752,-0.5958,0.2021,多周期共振看空 ⬇⬇⬇,-0.857,-0.3048,-0.27
603015,弘讯科技,37.07,True,9.17,11.01,3,6.18,-20.01,-7.44,-16.72,0.0,2026-07-21,2026-07-21,14.71,0.8456,-0.3976,0.4704,0.5483,0.1047,0.2159,0.1752,-0.7742,0.1129,多周期共振看空 ⬇⬇⬇,-0.6975,-0.6087,-0.495
002757,南兴股份,43.24,True,15.33,17.55,0,-5.8,-15.66,-10.63,-12.62,0.0,2026-07-21,2026-07-21,30.3,0.0568,0.0798,0.6313,0.266,0.4512,0.0,0.1751,-0.5664,0.2168,多周期共振看空 ⬇⬇⬇,-0.774,-0.244,-0.3375
000859,国风新材,64.95,True,7.25,9.02,4,10.04,-24.57,-11.82,-19.58,0.0,2026-07-21,2026-07-21,15.55,0.8179,-0.419,0.834,0.5231,0.1234,0.0,0.175,-0.5846,0.2077,多周期共振看空 ⬇⬇⬇,-0.6165,-0.4189,-0.3375
002521,齐峰新材,27.12,True,6.47,6.88,8,5.41,-9.45,-2.29,-5.94,0.0,2026-07-21,2026-07-21,28.97,0.2306,-0.0745,0.562,0.3085,0.4216,0.0634,0.1749,-0.6507,0.1747,多周期共振看空 ⬇⬇⬇,-0.4335,-0.496,-0.5625
600501,航天晨光,55.62,True,13.0,14.77,0,-1.56,-14.02,-9.56,-11.99,0.0,2026-07-21,2026-07-21,30.39,0.1006,0.5338,0.6372,0.4604,0.4532,0.0,0.1746,-0.884,0.058,多周期共振看空 ⬇⬇⬇,-0.7785,-0.7131,-0.5625
603039,泛微网络,91.86,True,29.86,33.37,0,-6.75,-19.96,-11.89,-10.51,0.0,2026-07-21,2026-07-21,25.41,0.572,-0.5981,0.5865,0.3432,0.3425,0.0224,0.1744,-0.5832,0.2084,多周期共振看空 ⬇⬇⬇,-0.4866,-0.3022,-0.5625
002194,武汉凡谷,42.15,True,8.25,9.23,3,6.01,-21.55,-13.23,-10.57,0.0,2026-07-21,2026-07-21,23.08,0.7662,-0.6157,0.5796,0.4597,0.2906,0.034,0.1737,-0.7217,0.1391,多周期共振看空 ⬇⬇⬇,-0.729,-0.3987,-0.5625
603119,浙江荣泰,130.16,True,49.11,61.78,1,6.2,-22.96,-9.17,-20.51,0.0,2026-07-21,2026-07-21,23.41,0.7058,-0.5255,0.684,0.4235,0.2979,0.0,0.1735,-0.6472,0.1764,多周期共振看空 ⬇⬇⬇,-0.5261,-0.409,-0.5625
002952,亚世光电,23.45,True,17.81,20.43,0,-3.95,-14.57,-8.85,-12.82,0.0,2026-07-21,2026-07-21,18.93,0.6311,-0.4393,0.4873,0.4029,0.1984,0.1878,0.1732,-0.6476,0.1762,多周期共振看空 ⬇⬇⬇,-0.875,-0.4033,-0.27
001282,三联锻造,22.25,True,14.57,17.94,8,20.5,-21.41,-4.11,-18.78,0.0,2026-07-21,2026-07-21,17.98,0.8509,-0.7215,0.5645,0.5106,0.1773,0.0591,0.173,-0.6927,0.1537,多周期共振看空 ⬇⬇⬇,-0.5667,-0.4741,-0.5625
002255,海陆重工,50.08,True,7.85,8.74,6,4.94,-13.41,-5.1,-10.16,0.0,2026-07-21,2026-07-21,11.95,0.6909,0.138,0.5487,0.6698,0.0434,0.0855,0.1729,-0.8089,0.0956,多周期共振看空 ⬇⬇⬇,-0.654,-0.7223,-0.495
002513,蓝丰生化,12.69,True,4.39,4.77,0,-1.49,-11.29,-6.84,-8.02,0.0,2026-07-21,2026-07-21,34.13,-0.1317,0.1623,0.4793,0.2649,0.5363,0.2011,0.1728,-0.8457,0.0771,多周期共振看空 ⬇⬇⬇,-0.691,-0.7038,-0.5625
000519,中兵红箭,191.62,True,13.76,18.03,10,14.86,-27.86,-6.98,-23.69,0.0,2026-07-21,2026-07-21,13.09,0.7233,-0.394,0.6486,0.4763,0.0686,0.0,0.1718,-0.4697,0.2651,多周期共振看空 ⬇⬇⬇,-0.3855,-0.3193,-0.3825
002253,川大智胜,18.06,True,8.6,9.7,0,-2.74,-12.32,-7.66,-11.37,0.0,2026-07-21,2026-07-21,24.25,0.1212,1.6334,0.6338,0.4727,0.3167,0.0,0.1714,-0.7655,0.1173,多周期共振看空 ⬇⬇⬇,-0.8705,-0.4413,-0.495
603169,兰石重装,77.85,True,5.96,6.49,1,2.54,-16.01,-9.23,-8.23,0.0,2026-07-21,2026-07-21,22.84,0.6383,-0.5012,0.4874,0.383,0.2854,0.1876,0.1713,-0.7352,0.1324,多周期共振看空 ⬇⬇⬇,-0.5615,-0.6395,-0.495
603272,*ST联翔,14.41,True,13.91,21.12,0,-16.86,-36.26,-26.8,-34.13,0.0,2026-07-21,2026-07-21,18.76,-0.659,2.2341,0.9464,0.4,0.1946,0.0,0.1712,-0.5041,0.248,多周期共振看空 ⬇⬇⬇,-0.711,-0.2285,-0.27
603360,百傲化学,86.58,True,12.26,15.02,0,-0.55,-23.89,-13.74,-18.36,0.0,2026-07-21,2026-07-21,17.57,0.5253,0.3801,0.7785,0.6672,0.1681,0.0,0.1711,-0.9008,0.0496,多周期共振看空 ⬇⬇⬇,-0.7785,-0.75,-0.5625
002547,*ST春兴,20.22,True,1.83,2.39,0,-6.14,-25.69,-15.78,-23.4,0.0,2026-07-21,2026-07-21,31.49,-0.4985,1.0314,0.8848,0.4,0.4776,0.0,0.1708,-0.8465,0.0767,多周期共振看空 ⬇⬇⬇,-0.839,-0.5787,-0.5625
002992,宝明科技,55.46,True,35.5,39.6,4,3.8,-19.63,-6.2,-10.35,0.0,2026-07-21,2026-07-21,29.14,0.4314,-0.1702,0.6083,0.3907,0.4253,0.0,0.1706,-0.7707,0.1146,多周期共振看空 ⬇⬇⬇,-0.656,-0.5691,-0.5625
603439,三力制药,40.91,True,10.13,12.4,0,-0.01,-18.27,-11.34,-18.27,0.0,2026-07-21,2026-07-21,6.02,0.1142,-0.0581,0.4579,0.2453,0.0,0.2369,0.1698,-0.2235,0.3882,月线震荡，中短期走弱,-0.6935,-0.1567,0.0
002316,亚联发展,12.37,True,3.63,4.04,0,-0.71,-11.82,-6.6,-10.26,0.0,2026-07-21,2026-07-21,31.58,-0.137,0.3418,0.4992,0.3367,0.4795,0.168,0.1698,-0.8901,0.0549,多周期共振看空 ⬇⬇⬇,-0.916,-0.6087,-0.5625
603014,威高血净,31.93,True,31.46,33.55,8,6.7,-7.47,-1.1,-6.22,0.0,2026-07-21,2026-07-21,25.85,0.6535,-0.6338,0.5811,0.3921,0.3522,0.0315,0.1697,-0.7176,0.1412,多周期共振看空 ⬇⬇⬇,-0.3874,-0.6825,-0.5625
600835,上海机电,151.38,True,18.77,20.55,9,4.94,-10.92,-1.49,-8.68,0.0,2026-07-21,2026-07-21,34.1,0.2268,-0.4887,0.4369,0.1406,0.5356,0.2718,0.1695,-0.729,0.1355,多周期共振看空 ⬇⬇⬇,-0.4584,-0.6467,-0.5625
600389,江山股份,74.93,True,17.4,18.84,0,-5.16,-15.27,-10.51,-7.62,0.0,2026-07-21,2026-07-21,31.13,-0.3089,0.0469,0.5038,0.2188,0.4696,0.1604,0.1693,-0.6874,0.1563,多周期共振看空 ⬇⬇⬇,-0.625,-0.6375,-0.3375
603173,福斯达,48.75,True,30.47,34.06,9,11.34,-12.96,-1.29,-10.55,0.0,2026-07-21,2026-07-21,21.82,0.742,-0.6504,0.5172,0.4452,0.2626,0.1379,0.1693,-0.7833,0.1084,多周期共振看空 ⬇⬇⬇,-0.5202,-0.7131,-0.5625
603499,翔港科技,44.61,True,10.53,12.84,8,11.93,-20.39,-3.68,-17.98,0.0,2026-07-21,2026-07-21,10.91,0.394,0.4862,0.6009,0.6309,0.0203,0.0,0.1691,-0.6808,0.1596,多周期共振看空 ⬇⬇⬇,-0.5492,-0.5305,-0.495
001259,利仁科技,21.1,True,44.37,60.05,2,1.96,-29.26,-9.36,-26.11,0.0,2026-07-21,2026-07-21,11.82,0.3293,-0.482,0.5922,0.2048,0.0404,0.013,0.1688,-0.0359,0.482,多周期方向不一致，观望,-0.7025,-0.0056,0.45
002506,协鑫集成,140.85,True,2.41,2.75,0,-0.42,-17.14,-10.06,-12.51,0.0,2026-07-21,2026-07-21,15.79,0.5402,-0.0116,0.5101,0.5195,0.1287,0.1498,0.1683,-0.7589,0.1205,多周期共振看空 ⬇⬇⬇,-0.774,-0.6669,-0.3375
002527,新时达,53.26,True,10.07,11.96,0,-0.39,-19.34,-10.72,-15.82,0.0,2026-07-21,2026-07-21,23.82,0.7047,-0.621,0.6446,0.4228,0.3071,0.0,0.1682,-0.6996,0.1502,多周期共振看空 ⬇⬇⬇,-0.5055,-0.5417,-0.5625
002176,江特电机,130.17,True,7.64,9.13,0,-1.11,-20.22,-11.78,-16.32,0.0,2026-07-21,2026-07-21,12.12,0.6921,-0.3143,0.5297,0.4895,0.0471,0.1171,0.168,-0.5895,0.2052,多周期共振看空 ⬇⬇⬇,-0.7875,-0.3506,-0.27
000547,航天发展,216.44,True,13.62,16.87,1,0.03,-23.27,-9.96,-19.29,0.0,2026-07-21,2026-07-21,27.27,0.3004,-0.0269,0.8132,0.3695,0.3837,0.0,0.1679,-0.7081,0.146,多周期共振看空 ⬇⬇⬇,-0.7772,-0.5527,-0.3375
003027,同兴科技,15.16,True,14.46,16.57,0,-2.44,-16.08,-10.69,-12.71,0.0,2026-07-21,2026-07-21,12.75,0.6473,0.0876,0.5592,0.6234,0.0611,0.0681,0.167,-0.789,0.1055,多周期共振看空 ⬇⬇⬇,-0.866,-0.4967,-0.495
603206,嘉环科技,38.85,True,12.73,14.68,3,4.45,-17.45,-10.12,-13.26,0.0,2026-07-21,2026-07-21,12.29,0.8319,-0.6699,0.484,0.4991,0.0508,0.1933,0.1667,-0.6807,0.1597,多周期共振看空 ⬇⬇⬇,-0.711,-0.3917,-0.495
603138,海量数据,33.88,True,11.75,13.33,0,-6.7,-16.02,-11.18,-11.87,0.0,2026-07-21,2026-07-21,19.49,0.0329,0.5986,0.4738,0.4198,0.2108,0.2104,0.1666,-0.7599,0.12,多周期共振看空 ⬇⬇⬇,-0.7875,-0.6577,-0.3375
600855,航天长峰,52.84,True,11.3,13.02,1,0.62,-15.87,-8.08,-13.23,0.0,2026-07-21,2026-07-21,27.09,0.2362,0.2473,0.6016,0.4406,0.3798,0.0,0.1665,-0.8291,0.0855,多周期共振看空 ⬇⬇⬇,-0.783,-0.656,-0.495
002729,好利科技,21.74,True,12.39,16.06,6,8.91,-26.79,-10.21,-22.84,0.0,2026-07-21,2026-07-21,11.46,0.3161,0.395,0.7392,0.5477,0.0325,0.0,0.1663,-0.585,0.2075,多周期共振看空 ⬇⬇⬇,-0.6585,-0.3837,-0.3375
002743,富煌钢构,14.51,True,3.34,3.87,0,-2.94,-13.66,-7.32,-13.66,0.0,2026-07-21,2026-07-21,26.8,-0.4999,0.9959,0.471,0.4,0.3733,0.215,0.1658,-0.9332,0.0334,多周期共振看空 ⬇⬇⬇,-0.8615,-0.75,-0.5625
000050,深天马Ａ,154.43,True,6.34,8.28,10,27.13,-28.18,-3.9,-23.43,0.0,2026-07-21,2026-07-21,11.37,0.8885,-0.6687,0.6425,0.5331,0.0305,0.0,0.1652,-0.5678,0.2161,多周期共振看空 ⬇⬇⬇,-0.3585,-0.4906,-0.45
000901,航天科技,107.76,True,13.5,16.25,2,1.83,-19.83,-7.59,-16.92,0.0,2026-07-21,2026-07-21,29.66,0.0775,0.3971,0.7478,0.4053,0.4368,0.0,0.1652,-0.8508,0.0746,多周期共振看空 ⬇⬇⬇,-0.783,-0.7038,-0.495
603097,江苏华辰,32.89,True,14.64,17.34,8,4.06,-17.06,-5.55,-15.59,0.0,2026-07-21,2026-07-21,8.19,-0.5127,0.9995,0.3301,0.4,0.0,0.4499,0.164,-0.6883,0.1558,多周期共振看空 ⬇⬇⬇,-0.645,-0.6224,-0.3375
001335,信凯科技,7.48,True,29.29,37.09,2,1.01,-24.7,-14.34,-21.03,0.0,2026-07-21,2026-07-21,3.55,0.461,0.1496,0.6301,0.5364,0.0,0.0,0.1638,-0.5481,0.2259,多周期共振看空 ⬇⬇⬇,-0.7335,-0.351,-0.225
002857,三晖电气,18.64,True,14.5,16.07,0,-0.09,-11.85,-6.11,-9.78,0.0,2026-07-21,2026-07-21,28.8,-0.1565,2.6776,0.6444,0.4,0.4178,0.0,0.1638,-0.831,0.0845,多周期共振看空 ⬇⬇⬇,-0.6857,-0.6762,-0.5625
603085,天成自控,36.37,True,9.16,10.63,0,-0.98,-14.85,-7.2,-13.83,0.0,2026-07-21,2026-07-21,23.32,-0.4328,-0.0367,0.4382,0.1853,0.2961,0.2697,0.1637,-0.5577,0.2212,多周期共振看空 ⬇⬇⬇,-0.8209,-0.252,-0.27
603072,天和磁材,39.16,True,31.02,36.02,12,13.43,-16.88,-3.53,-13.87,0.0,2026-07-21,2026-07-21,15.44,0.7463,-0.745,0.5269,0.4478,0.121,0.1219,0.1637,-0.6499,0.175,多周期共振看空 ⬇⬇⬇,-0.417,-0.5084,-0.5625
002544,普天科技,104.38,True,15.34,17.16,1,1.97,-12.69,-8.33,-10.62,0.0,2026-07-21,2026-07-21,33.48,-0.2895,0.392,0.6492,0.3568,0.5218,0.0,0.1632,-0.8917,0.0541,多周期共振看空 ⬇⬇⬇,-0.7875,-0.7223,-0.5625
002190,成飞集成,75.26,True,20.98,22.78,0,-2.24,-12.21,-7.68,-7.89,0.0,2026-07-21,2026-07-21,24.56,0.5032,-0.3437,0.4513,0.3644,0.3236,0.2479,0.1629,-0.8666,0.0667,多周期共振看空 ⬇⬇⬇,-0.6908,-0.75,-0.5625
603089,正裕工业,19.11,True,7.96,8.43,0,-1.68,-13.08,-7.02,-5.53,0.0,2026-07-21,2026-07-21,37.45,-0.257,-0.2386,0.4003,0.1045,0.61,0.3328,0.1628,-0.8632,0.0684,多周期共振看空 ⬇⬇⬇,-0.682,-0.75,-0.5625
000810,创维数字,109.28,True,9.84,11.73,12,14.94,-19.09,0.33,-16.14,0.0,2026-07-21,2026-07-21,26.92,-0.3078,-0.1133,0.7912,0.1547,0.376,0.0,0.1627,-0.3974,0.3013,多周期共振看空 ⬇⬇⬇,-0.3328,-0.2057,-0.3825
600151,航天机电,124.78,True,8.7,10.31,0,-0.03,-19.14,-9.44,-15.59,0.0,2026-07-21,2026-07-21,28.62,0.2301,-0.0871,0.6759,0.3032,0.4137,0.0,0.1626,-0.6811,0.1594,多周期共振看空 ⬇⬇⬇,-0.6424,-0.6087,-0.3375
603191,望变电气,41.31,True,12.52,14.64,0,-3.36,-16.62,-10.52,-14.5,0.0,2026-07-21,2026-07-21,12.34,0.5032,-0.2056,0.365,0.4197,0.0519,0.3916,0.1623,-0.7486,0.1257,多周期共振看空 ⬇⬇⬇,-0.7785,-0.6405,-0.3375
002531,天顺风能,108.46,True,6.07,7.64,0,-5.74,-22.87,-12.95,-20.57,0.0,2026-07-21,2026-07-21,18.36,-0.7124,0.977,0.5389,0.4,0.1858,0.1019,0.1621,-0.6476,0.1762,多周期共振看空 ⬇⬇⬇,-0.7875,-0.4783,-0.27
600481,双良节能,77.82,True,3.77,4.44,3,5.39,-16.76,-7.15,-15.17,0.0,2026-07-21,2026-07-21,21.03,0.6972,-0.3324,0.7388,0.4854,0.2451,0.0,0.162,-0.7746,0.1127,多周期共振看空 ⬇⬇⬇,-0.8078,-0.515,-0.495
002918,蒙娜丽莎,18.34,True,8.56,9.58,0,-5.84,-15.26,-10.9,-10.61,0.0,2026-07-21,2026-07-21,26.98,0.368,-0.5491,0.474,0.2208,0.3772,0.21,0.1619,-0.6786,0.1607,多周期共振看空 ⬇⬇⬇,-0.4592,-0.5354,-0.5625
002694,*ST顾地,12.58,True,1.75,2.08,1,2.42,-15.72,-6.32,-15.72,0.0,2026-07-21,2026-07-21,31.82,-0.504,0.548,0.6523,0.4,0.4848,0.0,0.1615,-0.9297,0.0352,多周期共振看空 ⬇⬇⬇,-0.8525,-0.75,-0.5625
001269,欧晶科技,32.36,True,16.82,19.78,0,-8.96,-19.0,-14.76,-14.99,0.0,2026-07-21,2026-07-21,17.94,0.8464,-0.6285,0.7526,0.5078,0.1765,0.0,0.1612,-0.7344,0.1328,多周期共振看空 ⬇⬇⬇,-0.684,-0.4653,-0.5625
600418,江淮汽车,454.27,True,20.8,24.34,0,-10.67,-21.56,-14.93,-14.56,0.0,2026-07-21,2026-07-21,31.12,0.0807,0.2849,0.6715,0.3624,0.4693,0.0,0.1612,-0.8534,0.0733,多周期共振看空 ⬇⬇⬇,-0.7,-0.7131,-0.5625
600955,维远股份,64.68,True,11.76,14.49,6,3.97,-19.38,-5.54,-18.83,0.0,2026-07-21,2026-07-21,7.93,0.2351,0.7487,0.5154,0.5411,0.0,0.141,0.1611,-0.6896,0.1552,多周期共振看空 ⬇⬇⬇,-0.7557,-0.5304,-0.3375
002778,中晟高科,16.91,True,13.7,15.27,0,-2.94,-11.4,-7.23,-10.27,0.0,2026-07-21,2026-07-21,28.81,0.404,-0.5068,0.4138,0.2424,0.418,0.3103,0.1609,-0.8503,0.0749,多周期共振看空 ⬇⬇⬇,-0.6759,-0.7269,-0.5625
002446,盛路通信,64.09,True,7.56,9.8,7,11.41,-26.55,-6.7,-22.85,0.0,2026-07-21,2026-07-21,14.37,0.5882,-0.5488,0.7807,0.3529,0.0971,0.0,0.1606,-0.3964,0.3018,多周期共振看空 ⬇⬇⬇,-0.4501,-0.2605,-0.225
002449,国星光电,37.85,True,6.12,6.98,0,-1.21,-15.36,-7.96,-12.35,0.0,2026-07-21,2026-07-21,12.04,0.8686,-0.6952,0.4244,0.5212,0.0453,0.2927,0.1604,-0.8391,0.0805,多周期共振看空 ⬇⬇⬇,-0.7515,-0.6375,-0.5625
002861,瀛通通讯,22.53,True,15.0,20.47,15,20.78,-26.73,2.92,-26.73,0.0,2026-07-21,2026-07-21,6.14,-0.1949,0.1169,0.6906,0.2468,0.0,0.0,0.1604,-0.112,0.444,多周期方向不一致，观望,-0.2427,-0.1267,-0.1575
002708,光洋股份,48.77,True,9.44,11.87,3,3.69,-23.43,-10.91,-20.49,0.0,2026-07-21,2026-07-21,23.9,0.5226,-0.5226,0.6978,0.3136,0.3088,0.0,0.1597,-0.5948,0.2026,多周期共振看空 ⬇⬇⬇,-0.738,-0.2471,-0.4275
000903,ST云动,30.92,True,1.61,1.78,5,3.7,-10.1,-4.27,-9.78,0.0,2026-07-21,2026-07-21,26.79,-0.2654,0.2493,0.4449,0.2997,0.373,0.2585,0.1589,-0.8626,0.0687,多周期共振看空 ⬇⬇⬇,-0.702,-0.7315,-0.5625
603059,倍加洁,22.42,True,22.32,24.22,2,0.87,-7.84,-3.95,-7.84,0.0,2026-07-21,2026-07-21,35.14,-0.1117,-0.2016,0.3846,0.1194,0.5587,0.3591,0.1577,-0.8869,0.0565,多周期共振看空 ⬇⬇⬇,-0.8863,-0.6946,-0.495
002442,龙星科技,21.68,True,4.41,4.97,3,2.97,-12.49,-5.12,-11.22,0.0,2026-07-21,2026-07-21,13.67,0.8646,-0.6135,0.5351,0.5187,0.0815,0.1082,0.1571,-0.7578,0.1211,多周期共振看空 ⬇⬇⬇,-0.5875,-0.5994,-0.5625
002048,宁波华翔,132.99,True,18.78,22.51,1,1.07,-19.33,-9.96,-16.58,0.0,2026-07-21,2026-07-21,27.28,0.36,-0.1055,0.7105,0.3738,0.384,0.0,0.1566,-0.8059,0.0971,多周期共振看空 ⬇⬇⬇,-0.8229,-0.5034,-0.5625
002214,*ST大立,57.98,True,12.12,13.63,1,1.36,-15.41,-5.69,-11.07,0.0,2026-07-21,2026-07-21,26.2,-0.2598,0.2501,0.5489,0.3,0.36,0.0851,0.1558,-0.7339,0.1331,多周期共振看空 ⬇⬇⬇,-0.821,-0.5717,-0.3375
002779,中坚科技,98.79,True,59.58,72.52,5,8.64,-19.78,-5.0,-17.84,0.0,2026-07-21,2026-07-21,16.73,0.3386,0.2833,0.7027,0.5165,0.1495,0.0,0.1557,-0.7598,0.1201,多周期共振看空 ⬇⬇⬇,-0.528,-0.6548,-0.5625
600207,安彩高科,43.14,True,3.96,4.84,0,-7.33,-23.61,-16.45,-18.23,0.0,2026-07-21,2026-07-21,12.3,0.7206,-0.4642,0.5937,0.4467,0.051,0.0106,0.1556,-0.5392,0.2304,多周期共振看空 ⬇⬇⬇,-0.7335,-0.2863,-0.27
001373,翔腾新材,10.28,True,24.49,28.44,0,-2.44,-18.63,-11.44,-13.88,0.0,2026-07-21,2026-07-21,22.04,-0.4816,0.2772,0.5101,0.3109,0.2676,0.1499,0.1555,-0.6947,0.1527,多周期共振看空 ⬇⬇⬇,-0.765,-0.5337,-0.3375
603500,祥和实业,27.11,True,8.15,10.36,4,11.1,-26.61,-10.77,-21.37,0.0,2026-07-21,2026-07-21,19.66,0.6155,-0.6881,0.7256,0.3693,0.2147,0.0,0.1551,-0.6074,0.1963,多周期共振看空 ⬇⬇⬇,-0.4183,-0.4813,-0.495
002825,纳尔股份,19.63,True,7.65,8.15,0,-1.26,-13.17,-7.12,-6.09,0.0,2026-07-21,2026-07-21,33.15,-0.1153,-0.3432,0.3312,0.0627,0.5145,0.4481,0.155,-0.8365,0.0817,多周期共振看空 ⬇⬇⬇,-0.691,-0.6837,-0.5625
600714,金瑞矿业,37.98,True,13.18,17.09,0,-13.23,-31.57,-24.86,-22.89,0.0,2026-07-21,2026-07-21,15.14,0.2048,-0.2676,0.7305,0.2158,0.1143,0.0,0.1546,-0.2458,0.3771,月线震荡，中短期走弱,-0.72,-0.209,0.0
002792,通宇通讯,84.49,True,25.01,31.82,0,-0.47,-26.29,-11.03,-21.39,0.0,2026-07-21,2026-07-21,25.45,0.0983,0.0778,0.7844,0.2901,0.3434,0.0,0.1543,-0.642,0.179,多周期共振看空 ⬇⬇⬇,-0.7785,-0.4063,-0.3375
603212,赛伍技术,42.44,True,9.7,11.39,0,-6.85,-24.09,-15.08,-14.84,0.0,2026-07-21,2026-07-21,14.79,0.7408,-0.6173,0.7849,0.4445,0.1065,0.0,0.1542,-0.6054,0.1973,多周期共振看空 ⬇⬇⬇,-0.7155,-0.3798,-0.3375
603358,华达科技,156.54,True,33.9,40.27,15,12.36,-16.77,1.53,-15.82,0.0,2026-07-21,2026-07-21,25.48,0.1512,-0.4746,0.6417,0.1009,0.344,0.0,0.1541,-0.3415,0.3292,多周期共振看空 ⬇⬇⬇,-0.1506,-0.329,-0.2925
002723,小崧股份,20.54,True,6.48,8.49,11,9.93,-23.65,-1.67,-23.65,0.0,2026-07-21,2026-07-21,23.03,0.3316,-0.4508,0.6577,0.2186,0.2895,0.0,0.1537,-0.4675,0.2662,多周期共振看空 ⬇⬇⬇,-0.3862,-0.4265,-0.27
000733,振华科技,221.58,True,39.99,49.69,9,12.7,-25.42,-6.56,-19.53,0.0,2026-07-21,2026-07-21,13.77,0.5767,-0.5243,0.8126,0.346,0.0838,0.0,0.1536,-0.4253,0.2873,多周期共振看空 ⬇⬇⬇,-0.3997,-0.3671,-0.225
600590,泰豪科技,64.2,True,7.61,9.22,0,-8.58,-19.81,-14.9,-17.42,0.0,2026-07-21,2026-07-21,18.35,-0.032,0.3532,0.4813,0.3413,0.1855,0.1978,0.1533,-0.7003,0.1498,多周期共振看空 ⬇⬇⬇,-0.7875,-0.5267,-0.3375
000792,盐湖股份,1333.46,True,25.2,27.53,5,3.3,-15.82,-6.23,-8.45,0.0,2026-07-21,2026-07-21,19.77,0.4255,-0.2616,0.5154,0.3506,0.2171,0.1411,0.1529,-0.7112,0.1444,多周期共振看空 ⬇⬇⬇,-0.7185,-0.6098,-0.3375
003015,日久光电,25.43,True,10.28,11.66,3,4.18,-12.86,-4.99,-11.84,0.0,2026-07-21,2026-07-21,13.81,0.6648,-0.1466,0.5245,0.5402,0.0847,0.1258,0.1529,-0.8435,0.0782,多周期共振看空 ⬇⬇⬇,-0.6639,-0.7223,-0.5625
001283,豪鹏科技,42.86,True,41.45,46.56,3,2.99,-16.07,-6.07,-10.97,0.0,2026-07-21,2026-07-21,32.87,-0.0579,-0.0565,0.7077,0.1774,0.5083,0.0,0.1524,-0.6744,0.1628,多周期共振看空 ⬇⬇⬇,-0.6534,-0.4272,-0.495
002785,万里石,62.65,True,32.38,40.12,10,10.2,-19.29,-2.78,-19.29,0.0,2026-07-21,2026-07-21,18.03,0.1579,0.0117,0.5803,0.2994,0.1785,0.0329,0.152,-0.5036,0.2482,多周期共振看空 ⬇⬇⬇,-0.6222,-0.3035,-0.27
002023,海特高新,65.42,True,8.83,11.53,10,17.2,-27.55,-4.15,-23.4,0.0,2026-07-21,2026-07-21,6.86,0.6289,-0.3104,0.6534,0.4532,0.0,0.0,0.1516,-0.5122,0.2439,多周期共振看空 ⬇⬇⬇,-0.522,-0.2958,-0.3825
001300,三柏硕,23.55,True,9.66,11.39,0,-3.34,-20.64,-12.52,-15.16,0.0,2026-07-21,2026-07-21,26.89,-0.4006,0.2764,0.5411,0.3105,0.3754,0.0982,0.1502,-0.824,0.088,多周期共振看空 ⬇⬇⬇,-0.9115,-0.5348,-0.495
001278,一彬科技,11.54,True,13.53,15.2,0,-2.47,-10.97,-7.01,-10.97,0.0,2026-07-21,2026-07-21,22.76,0.0777,0.181,0.4312,0.319,0.2836,0.2813,0.1501,-0.875,0.0625,多周期共振看空 ⬇⬇⬇,-0.9115,-0.6467,-0.495
601127,赛力斯,864.4,True,55.51,58.55,0,-4.23,-14.7,-9.33,-5.19,0.0,2026-07-21,2026-07-21,35.83,-0.2457,-0.1621,0.5012,0.1352,0.574,0.1646,0.1495,-0.8409,0.0796,多周期共振看空 ⬇⬇⬇,-0.625,-0.75,-0.5625
603062,麦加芯彩,12.73,True,34.35,38.53,4,1.38,-12.4,-5.46,-10.86,0.0,2026-07-21,2026-07-21,14.38,0.2942,0.0776,0.4432,0.4076,0.0973,0.2614,0.1489,-0.7872,0.1064,多周期共振看空 ⬇⬇⬇,-0.7275,-0.544,-0.5625
603344,星德胜,11.02,True,20.4,23.49,0,-5.23,-18.65,-10.66,-13.16,0.0,2026-07-21,2026-07-21,29.72,0.2289,-0.275,0.5137,0.2274,0.4382,0.1439,0.1487,-0.8153,0.0923,多周期共振看空 ⬇⬇⬇,-0.8345,-0.514,-0.5625
600843,上工申贝,29.75,True,6.34,7.74,10,10.21,-20.62,-4.05,-18.05,0.0,2026-07-21,2026-07-21,14.63,0.7687,-0.3593,0.5804,0.5175,0.103,0.0327,0.1481,-0.7928,0.1036,多周期共振看空 ⬇⬇⬇,-0.5122,-0.7408,-0.5625
000980,众泰汽车,76.65,True,1.52,1.81,0,-8.32,-20.36,-14.11,-16.21,0.0,2026-07-21,2026-07-21,20.0,-0.3576,0.6981,0.5453,0.4,0.2222,0.0911,0.1478,-0.7973,0.1013,多周期共振看空 ⬇⬇⬇,-0.756,-0.5417,-0.5625
600391,航发科技,87.32,True,26.45,30.67,5,6.77,-15.44,-6.23,-13.75,0.0,2026-07-21,2026-07-21,26.89,0.0155,0.0866,0.8009,0.2439,0.3753,0.0,0.1473,-0.662,0.169,多周期共振看空 ⬇⬇⬇,-0.5634,-0.6345,-0.3375
002738,中矿资源,320.19,True,45.02,55.14,8,10.22,-20.96,-5.96,-18.35,0.0,2026-07-21,2026-07-21,11.83,0.4144,0.1233,0.7926,0.4979,0.0407,0.0,0.1469,-0.6707,0.1647,多周期共振看空 ⬇⬇⬇,-0.6038,-0.619,-0.3375
002735,王子新材,28.14,True,9.87,13.5,2,12.45,-31.72,-17.46,-26.88,0.0,2026-07-21,2026-07-21,8.96,0.8118,-0.5657,0.6861,0.4871,0.0,0.0,0.1465,-0.6076,0.1962,多周期共振看空 ⬇⬇⬇,-0.561,-0.4721,-0.3825
002795,永和智控,21.94,True,5.05,6.39,0,-0.22,-21.17,-9.01,-21.02,0.0,2026-07-21,2026-07-21,15.24,-0.159,0.8809,0.6565,0.4,0.1164,0.0,0.1464,-0.6087,0.1956,多周期共振看空 ⬇⬇⬇,-0.7836,-0.3962,-0.27
603181,皇马科技,71.53,True,12.15,14.68,10,15.7,-20.08,-2.6,-17.23,0.0,2026-07-21,2026-07-21,10.3,0.4114,-0.3641,0.4031,0.3012,0.0067,0.3281,0.1459,-0.5853,0.2073,多周期共振看空 ⬇⬇⬇,-0.3765,-0.5136,-0.45
600319,亚星化学,20.24,True,5.22,6.09,0,-3.82,-14.31,-7.76,-14.31,0.0,2026-07-21,2026-07-21,13.61,-0.528,1.5797,0.3726,0.4,0.0802,0.3789,0.1458,-0.8728,0.0636,多周期共振看空 ⬇⬇⬇,-0.8393,-0.6363,-0.5625
002759,天际股份,58.36,True,11.65,21.77,4,3.02,-46.48,-14.72,-46.48,0.0,2026-07-21,2026-07-21,13.97,0.9194,-0.9093,0.8114,0.5517,0.0882,0.0,0.1451,-0.8275,0.0862,多周期共振看空 ⬇⬇⬇,-0.8247,-0.6167,-0.495
600589,大位科技,106.75,True,7.22,8.79,2,4.51,-21.42,-9.36,-17.88,0.0,2026-07-21,2026-07-21,9.11,0.5868,-0.1575,0.692,0.4891,0.0,0.0,0.1444,-0.6275,0.1863,多周期共振看空 ⬇⬇⬇,-0.7605,-0.3898,-0.3375
000659,珠海中富,30.6,True,2.38,2.86,0,-8.34,-17.76,-12.56,-16.67,0.0,2026-07-21,2026-07-21,14.15,-0.5786,0.716,0.4433,0.4,0.0922,0.2612,0.1441,-0.8067,0.0967,多周期共振看空 ⬇⬇⬇,-0.875,-0.6854,-0.3375
002969,嘉美包装,115.45,True,10.57,12.88,0,-6.12,-20.82,-12.71,-17.93,0.0,2026-07-21,2026-07-21,22.46,0.0926,0.2435,0.5562,0.353,0.2768,0.0731,0.1441,-0.8025,0.0988,多周期共振看空 ⬇⬇⬇,-0.875,-0.6762,-0.3375
002846,英联股份,23.88,True,9.18,10.25,1,0.43,-14.47,-8.64,-10.42,0.0,2026-07-21,2026-07-21,23.26,-0.3249,0.0928,0.3624,0.2371,0.2946,0.3959,0.143,-0.9054,0.0473,多周期共振看空 ⬇⬇⬇,-0.857,-0.6929,-0.5625
603319,美湖股份,84.08,True,24.79,31.03,0,-0.63,-22.46,-9.49,-20.11,0.0,2026-07-21,2026-07-21,16.0,0.3883,-0.1444,0.6092,0.3752,0.1333,0.0,0.1429,-0.6174,0.1913,多周期共振看空 ⬇⬇⬇,-0.5379,-0.4008,-0.495
603166,福达股份,63.11,True,9.85,12.18,6,20.87,-25.4,-8.93,-19.14,0.0,2026-07-21,2026-07-21,15.97,0.6784,-0.7702,0.7744,0.407,0.1326,0.0,0.1417,-0.6764,0.1618,多周期共振看空 ⬇⬇⬇,-0.597,-0.4123,-0.5625
600416,湘电股份,127.66,True,8.65,9.32,0,-2.22,-12.47,-7.09,-7.16,0.0,2026-07-21,2026-07-21,29.58,0.0631,-0.2733,0.3854,0.1285,0.4352,0.3577,0.1414,-0.8829,0.0585,多周期共振看空 ⬇⬇⬇,-0.765,-0.7223,-0.5625
002611,东方精工,144.47,True,14.39,16.54,3,2.1,-16.88,-5.49,-13.01,0.0,2026-07-21,2026-07-21,26.6,0.1894,-0.4908,0.4893,0.1173,0.3688,0.1845,0.1412,-0.6479,0.176,多周期共振看空 ⬇⬇⬇,-0.6469,-0.4194,-0.45
002225,濮耐股份,32.82,True,3.46,4.24,10,13.6,-19.32,-0.6,-18.34,0.0,2026-07-21,2026-07-21,16.43,0.6913,-0.5546,0.7157,0.4148,0.1429,0.0,0.1391,-0.7226,0.1387,多周期共振看空 ⬇⬇⬇,-0.3883,-0.6929,-0.5625
002426,胜利精密,84.72,True,2.49,3.41,7,14.63,-31.84,-8.17,-26.98,0.0,2026-07-21,2026-07-21,10.53,0.5651,-0.257,0.685,0.4362,0.0117,0.0,0.1379,-0.6087,0.1956,多周期共振看空 ⬇⬇⬇,-0.5422,-0.4905,-0.3825
600678,ST金顶,17.55,True,5.03,6.31,9,9.21,-20.25,-2.4,-20.25,0.0,2026-07-21,2026-07-21,24.63,0.4965,-0.4804,0.6755,0.3057,0.3251,0.0,0.1377,-0.7776,0.1112,多周期共振看空 ⬇⬇⬇,-0.5164,-0.7038,-0.5625
603076,乐惠国际,22.14,True,18.34,20.5,0,-0.42,-12.37,-5.94,-10.54,0.0,2026-07-21,2026-07-21,21.07,0.1821,-0.2194,0.4786,0.2215,0.246,0.2024,0.1374,-0.7126,0.1437,多周期共振看空 ⬇⬇⬇,-0.8525,-0.4979,-0.3375
002685,华东重机,49.97,True,4.96,5.86,0,-4.13,-17.78,-9.82,-15.42,0.0,2026-07-21,2026-07-21,17.9,0.5298,-0.5984,0.5182,0.3179,0.1756,0.1364,0.1368,-0.7339,0.1331,多周期共振看空 ⬇⬇⬇,-0.7785,-0.4506,-0.495
603185,弘元绿能,89.56,True,13.19,14.94,0,-2.04,-13.81,-8.89,-11.73,0.0,2026-07-21,2026-07-21,15.66,0.3581,-0.0693,0.4326,0.3871,0.1257,0.279,0.1361,-0.9043,0.0479,多周期共振看空 ⬇⬇⬇,-0.7875,-0.75,-0.5625
002466,天齐锂业,644.74,True,43.69,54.18,4,6.64,-23.19,-8.73,-19.35,0.0,2026-07-21,2026-07-21,18.92,0.0612,0.0078,0.7897,0.2399,0.1982,0.0,0.1355,-0.5376,0.2312,多周期共振看空 ⬇⬇⬇,-0.7147,-0.299,-0.27
002058,威尔泰,22.02,True,15.39,18.55,0,-6.72,-20.62,-12.65,-17.04,0.0,2026-07-21,2026-07-21,21.04,-0.2736,0.0394,0.5112,0.2158,0.2453,0.148,0.1353,-0.6758,0.1621,多周期共振看空 ⬇⬇⬇,-0.765,-0.4021,-0.4275
002367,康力电梯,40.76,True,5.13,6.24,13,20.63,-17.78,3.73,-17.78,0.0,2026-07-21,2026-07-21,6.33,0.4046,-0.1288,0.6007,0.3912,0.0,0.0,0.1347,-0.5486,0.2257,多周期共振看空 ⬇⬇⬇,-0.2003,-0.584,-0.45
603038,华立股份,32.51,True,12.1,14.78,6,2.71,-18.15,-3.72,-18.15,0.0,2026-07-21,2026-07-21,18.2,-0.6681,0.209,0.5664,0.2836,0.1822,0.0559,0.1342,-0.6438,0.1781,多周期共振看空 ⬇⬇⬇,-0.5247,-0.4027,-0.5625
600847,万里股份,16.23,True,10.59,12.63,2,2.61,-18.64,-8.66,-16.18,0.0,2026-07-21,2026-07-21,14.16,0.1897,-0.3998,0.4214,0.1539,0.0923,0.2977,0.1336,-0.5266,0.2367,多周期共振看空 ⬇⬇⬇,-0.747,-0.2471,-0.27
002324,普利特,68.86,True,8.87,10.81,4,4.49,-20.77,-8.75,-17.96,0.0,2026-07-21,2026-07-21,9.36,0.3152,0.0844,0.4523,0.4229,0.0,0.2462,0.131,-0.8256,0.0872,多周期共振看空 ⬇⬇⬇,-0.729,-0.6946,-0.495
600302,ST标准,17.65,True,5.1,7.57,0,-5.88,-32.61,-15.24,-32.61,0.0,2026-07-21,2026-07-21,20.29,-0.8031,0.5584,0.7873,0.4,0.2286,0.0,0.1303,-0.8723,0.0639,多周期共振看空 ⬇⬇⬇,-0.8615,-0.6837,-0.495
002691,*ST冀凯,11.49,True,3.42,4.04,0,-0.75,-18.5,-8.75,-15.37,0.0,2026-07-21,2026-07-21,29.95,0.0719,0.0792,0.6308,0.2748,0.4433,0.0,0.1302,-0.9297,0.0352,多周期共振看空 ⬇⬇⬇,-0.8525,-0.75,-0.5625
002734,利民股份,55.47,True,12.77,16.26,10,14.81,-21.65,-2.39,-21.48,0.0,2026-07-21,2026-07-21,18.15,0.3292,-0.4375,0.5134,0.2225,0.181,0.1443,0.1285,-0.6604,0.1698,多周期共振看空 ⬇⬇⬇,-0.5912,-0.4497,-0.495
603036,如通股份,23.36,True,11.34,13.44,6,12.22,-16.2,-4.58,-15.61,0.0,2026-07-21,2026-07-21,14.45,0.5287,-0.3623,0.4638,0.3723,0.0989,0.227,0.1283,-0.8698,0.0651,多周期共振看空 ⬇⬇⬇,-0.7205,-0.7315,-0.5625
001239,永达股份,12.97,True,11.38,12.78,3,7.83,-10.98,-5.1,-10.92,0.0,2026-07-21,2026-07-21,24.36,-0.015,-0.2423,0.3518,0.1031,0.3191,0.4136,0.1282,-0.8535,0.0732,多周期共振看空 ⬇⬇⬇,-0.7003,-0.7131,-0.5625
603130,云中马,46.23,True,33.62,38.74,0,-0.91,-14.3,-7.07,-13.22,0.0,2026-07-21,2026-07-21,31.02,0.0403,-0.4054,0.7767,0.062,0.4672,0.0,0.1278,-0.6373,0.1814,多周期共振看空 ⬇⬇⬇,-0.5617,-0.4243,-0.495
002899,英派斯,26.34,True,17.82,21.11,0,-2.09,-15.6,-8.77,-15.6,0.0,2026-07-21,2026-07-21,15.55,0.1148,0.0811,0.5039,0.3013,0.1233,0.1602,0.1271,-0.7413,0.1294,多周期共振看空 ⬇⬇⬇,-0.8615,-0.5533,-0.3375
002565,顺灏股份,92.96,True,8.77,10.99,0,-5.41,-23.42,-13.88,-20.21,0.0,2026-07-21,2026-07-21,18.32,0.3836,-0.3638,0.6822,0.2846,0.185,0.0,0.1266,-0.6649,0.1675,多周期共振看空 ⬇⬇⬇,-0.7785,-0.4565,-0.3375
002387,维信诺,87.61,True,6.28,7.86,6,6.53,-23.08,-5.9,-20.06,0.0,2026-07-21,2026-07-21,9.45,0.6839,-0.5187,0.6499,0.4103,0.0,0.0,0.1263,-0.6458,0.1771,多周期共振看空 ⬇⬇⬇,-0.519,-0.5244,-0.45
002849,威星智能,29.17,True,13.33,15.33,4,3.63,-16.2,-5.56,-13.04,0.0,2026-07-21,2026-07-21,18.65,0.0236,-0.0142,0.5517,0.2085,0.1922,0.0805,0.126,-0.6209,0.1895,多周期共振看空 ⬇⬇⬇,-0.6877,-0.4376,-0.3375
002865,钧达股份,94.64,True,41.36,52.34,0,-5.53,-23.7,-14.24,-20.97,0.0,2026-07-21,2026-07-21,21.87,0.3206,-0.3909,0.7334,0.236,0.2637,0.0,0.1237,-0.7047,0.1477,多周期共振看空 ⬇⬇⬇,-0.7785,-0.544,-0.3375
003019,宸展光电,38.49,True,22.5,27.79,0,-3.78,-23.3,-12.36,-19.03,0.0,2026-07-21,2026-07-21,14.88,0.4662,-0.4515,0.699,0.2991,0.1084,0.0,0.121,-0.6409,0.1795,多周期共振看空 ⬇⬇⬇,-0.738,-0.2811,-0.495
002460,赣锋锂业,577.63,True,47.69,58.03,2,2.9,-21.89,-10.57,-17.82,0.0,2026-07-21,2026-07-21,12.48,0.3305,-0.1904,0.5699,0.3222,0.0551,0.0502,0.1209,-0.6544,0.1728,多周期共振看空 ⬇⬇⬇,-0.7605,-0.5163,-0.27
603516,淳中科技,185.16,True,91.09,111.9,6,15.24,-27.48,-7.73,-18.6,0.0,2026-07-21,2026-07-21,25.27,-0.2691,0.0843,0.9177,0.2337,0.3393,0.0,0.12,-0.8213,0.0893,多周期共振看空 ⬇⬇⬇,-0.6285,-0.7038,-0.5625
002057,中钢天源,59.36,True,7.88,10.43,10,27.01,-29.75,-5.86,-24.48,0.0,2026-07-21,2026-07-21,10.89,0.2861,-0.1906,0.7685,0.2954,0.0199,0.0,0.1195,-0.5407,0.2297,多周期共振看空 ⬇⬇⬇,-0.3765,-0.4156,-0.45
001212,中旗新材,55.89,True,32.15,40.82,0,-0.58,-26.3,-11.66,-21.24,0.0,2026-07-21,2026-07-21,9.95,0.4851,-0.3314,0.5403,0.3585,0.0,0.0995,0.1186,-0.7042,0.1479,多周期共振看空 ⬇⬇⬇,-0.765,-0.3969,-0.495
002217,ST合力泰,104.09,True,1.43,1.73,0,-0.65,-28.52,-18.18,-17.29,0.0,2026-07-21,2026-07-21,33.96,-0.2191,-0.7564,0.737,0.0,0.5325,0.0,0.1171,-0.7024,0.1488,多周期共振看空 ⬇⬇⬇,-0.566,-0.496,-0.5625
002487,大金重工,242.02,True,38.36,48.77,0,-4.37,-26.81,-14.08,-21.35,0.0,2026-07-21,2026-07-21,17.97,-0.3395,0.0996,0.6143,0.2398,0.1772,0.0,0.1167,-0.6631,0.1684,多周期共振看空 ⬇⬇⬇,-0.783,-0.5163,-0.27
600289,ST信通,24.05,True,4.25,5.41,9,8.79,-21.5,-3.63,-21.5,0.0,2026-07-21,2026-07-21,18.43,-0.2186,0.3078,0.6404,0.3231,0.1874,0.0,0.1161,-0.8128,0.0936,多周期共振看空 ⬇⬇⬇,-0.6175,-0.6946,-0.5625
002657,中科金财,47.09,True,14.01,17.98,10,15.09,-26.99,-8.57,-22.07,0.0,2026-07-21,2026-07-21,14.33,0.5081,-0.3818,0.7733,0.3522,0.0963,0.0,0.1133,-0.7729,0.1135,多周期共振看空 ⬇⬇⬇,-0.54,-0.6733,-0.5625
002318,久立特材,176.9,True,18.53,21.04,9,5.91,-21.07,-6.8,-11.92,0.0,2026-07-21,2026-07-21,15.87,-0.5876,-0.0736,0.4685,0.1705,0.1305,0.2192,0.1115,-0.7128,0.1436,多周期共振看空 ⬇⬇⬇,-0.6128,-0.7038,-0.3375
002161,远 望 谷,35.28,True,4.77,5.28,2,2.28,-12.2,-5.97,-9.72,0.0,2026-07-21,2026-07-21,22.44,0.402,-0.5025,0.6265,0.2412,0.2764,0.0,0.1111,-0.8289,0.0856,多周期共振看空 ⬇⬇⬇,-0.6156,-0.7315,-0.5625
600537,*ST亿晶,24.74,True,2.09,2.5,3,4.88,-16.3,-5.05,-16.3,0.0,2026-07-21,2026-07-21,19.54,0.1756,-0.6619,0.4773,0.1053,0.212,0.2046,0.0976,-0.8055,0.0973,多周期共振看空 ⬇⬇⬇,-0.8203,-0.5048,-0.5625
600819,耀皮玻璃,38.83,True,4.92,5.42,1,0.43,-16.28,-9.87,-9.28,0.0,2026-07-21,2026-07-21,20.34,0.3182,-0.5982,0.6135,0.1909,0.2298,0.0,0.0928,-0.8385,0.0807,多周期共振看空 ⬇⬇⬇,-0.6619,-0.7131,-0.5625
002514,*ST宝馨,8.14,True,1.47,2.06,0,-12.54,-35.18,-24.5,-28.57,0.0,2026-07-21,2026-07-21,18.44,-0.464,0.1979,0.8203,0.2791,0.1875,0.0,0.0908,-0.9453,0.0273,多周期共振看空 ⬇⬇⬇,-0.925,-0.7223,-0.5625
002888,惠威科技,10.87,True,14.51,19.06,10,15.8,-23.87,-4.35,-23.87,0.0,2026-07-21,2026-07-21,5.59,0.1111,-0.3581,0.5433,0.1234,0.0,0.0944,0.0901,-0.5523,0.2238,多周期共振看空 ⬇⬇⬇,-0.5915,-0.3243,-0.3825
603189,*ST网达,22.35,True,8.29,9.9,2,2.16,-19.29,-8.85,-16.3,0.0,2026-07-21,2026-07-21,18.96,0.2352,-0.4124,0.5791,0.1762,0.1991,0.0348,0.0814,-0.8973,0.0514,多周期共振看空 ⬇⬇⬇,-0.7695,-0.75,-0.5625
002227,*ST特迅,13.45,True,5.47,6.4,0,-1.74,-14.56,-7.88,-14.56,0.0,2026-07-21,2026-07-21,19.56,-0.3529,-0.3105,0.5191,0.0758,0.2123,0.1348,0.0706,-0.9188,0.0406,多周期共振看空 ⬇⬇⬇,-0.857,-0.7223,-0.5625
002731,ST萃华,4.71,True,2.05,3.91,0,-1.76,-57.15,-33.11,-47.51,0.0,2026-07-21,2026-07-21,11.28,-0.3564,-0.5581,0.937,0.0,0.0285,0.0,0.0142,-0.9208,0.0396,周线日线共振看空,-0.7875,-0.75,
