code,name,market_cap,is_tech,latest_close,latest_ma20,days_above_ma20,max_distance_above_ma20_pct,min_distance_above_ma20_pct,avg_distance_above_ma20_pct,latest_distance_above_ma20_pct,ma20_strength_score,last_breach_date,latest_date,rsi,volume_price_corr,volume_change_22d,volatility_20d,volume_price_score,rsi_score,volatility_score,composite_score,trend_score,trend_normalized,trend_phase,daily_trend_score,weekly_trend_score,monthly_trend_score
002768,国恩股份,153.99,True,59.55,53.29,21,19.92,-0.51,10.64,11.74,0.8341,2026-06-09,2026-07-09,63.23,0.8237,3.0168,0.5064,0.8942,0.8172,0.156,0.8005,0.8659,0.9329,多周期共振看多 ⬆⬆⬆,0.8525,0.6098,0.5625
002141,贤丰控股,55.26,True,5.35,4.79,19,47.92,-3.76,20.05,11.6,0.8023,2026-06-12,2026-07-09,56.69,0.7959,8.93,1.1878,0.8775,0.9623,0.0,0.7666,0.6484,0.8242,多周期共振看多 ⬆⬆⬆,0.692,0.2694,0.5625
000021,深科技,885.31,True,56.24,50.24,20,46.22,-3.71,15.46,11.94,0.8182,2026-06-12,2026-07-09,64.53,0.8357,0.5548,0.929,0.9014,0.7882,0.0,0.7662,0.7782,0.8891,多周期共振看多 ⬆⬆⬆,0.6075,0.6271,0.5625
002422,科伦药业,554.51,True,42.7,39.62,21,26.76,-1.1,8.25,7.76,0.7344,2026-06-26,2026-07-09,64.09,0.9402,2.6404,0.7389,0.9641,0.798,0.0,0.7577,0.7991,0.8996,多周期共振看多 ⬆⬆⬆,0.7865,0.5872,0.495
603261,立航科技,43.13,True,55.65,47.19,18,45.53,-7.61,16.87,17.93,0.7864,2026-06-11,2026-07-09,64.42,0.701,11.564,0.918,0.8206,0.7906,0.0,0.7567,0.9044,0.9522,多周期共振看多 ⬆⬆⬆,0.7985,0.7408,0.5625
605208,永茂泰,60.38,True,18.3,16.14,20,13.4,-4.44,5.71,13.4,0.7351,2026-06-29,2026-07-09,65.62,0.7674,0.8144,0.5359,0.8604,0.7639,0.1068,0.7539,0.8883,0.9442,多周期共振看多 ⬆⬆⬆,0.8435,0.6669,0.5625
600360,华微电子,153.55,True,15.99,13.41,17,19.27,-9.42,7.22,19.27,0.7011,2026-06-16,2026-07-09,69.36,0.9303,1.2597,0.8086,0.9582,0.6808,0.0,0.7421,0.9045,0.9523,多周期共振看多 ⬆⬆⬆,0.788,0.75,0.5625
002821,凯莱英,511.17,True,161.23,141.25,15,36.13,-6.63,11.8,14.15,0.7386,2026-06-17,2026-07-09,68.19,0.8802,2.1923,0.8159,0.9281,0.7068,0.0,0.7394,0.8091,0.9045,多周期共振看多 ⬆⬆⬆,0.5757,0.7223,0.5625
003043,华亚智能,97.54,True,104.5,90.22,22,30.27,8.58,18.31,15.83,0.85,2026-06-02,2026-07-09,67.42,0.4401,0.7614,0.8148,0.6641,0.724,0.0,0.7387,0.9384,0.9692,多周期共振看多 ⬆⬆⬆,0.875,0.75,0.5625
600172,黄河旋风,238.66,True,18.7,15.9,18,30.25,-6.25,11.84,17.57,0.7864,2026-06-15,2026-07-09,66.76,0.5959,0.9198,0.915,0.7576,0.7386,0.0,0.7343,0.8883,0.9442,多周期共振看多 ⬆⬆⬆,0.8112,0.6946,0.5625
603061,金海通,424.16,True,487.54,408.09,21,45.27,-0.37,17.4,19.47,0.8341,2026-06-09,2026-07-09,71.21,0.621,0.4237,0.8532,0.7421,0.6398,0.0,0.7327,0.9045,0.9523,多周期共振看多 ⬆⬆⬆,0.788,0.75,0.5625
002747,埃斯顿,324.93,True,41.53,38.27,22,32.1,1.06,15.32,8.51,0.8128,2026-04-28,2026-07-09,58.58,0.3278,0.5454,0.9651,0.5967,0.9204,0.0,0.7304,0.8335,0.9167,多周期共振看多 ⬆⬆⬆,0.791,0.5913,0.5625
002371,北方华创,6369.58,True,878.43,778.83,20,30.77,-1.23,12.09,12.79,0.8182,2026-06-10,2026-07-09,68.46,0.5911,0.6208,0.6419,0.7546,0.7008,0.0,0.7291,0.8208,0.9104,多周期共振看多 ⬆⬆⬆,0.6165,0.7131,0.5625
002185,华天科技,788.47,True,23.73,20.27,18,19.89,-8.33,7.21,17.08,0.7166,2026-06-15,2026-07-09,65.24,0.8039,0.3954,0.8168,0.8405,0.7725,0.0,0.7291,0.8415,0.9207,多周期共振看多 ⬆⬆⬆,0.7697,0.6271,0.5625
002674,兴业科技,90.14,True,30.81,23.85,22,70.87,3.38,27.57,29.16,0.85,2026-05-12,2026-07-09,71.51,0.5444,1.1236,1.1242,0.7266,0.6331,0.0,0.7257,0.843,0.9215,多周期共振看多 ⬆⬆⬆,0.8705,0.544,0.5625
600460,士兰微,805.41,True,48.4,45.52,20,35.24,-4.22,16.28,6.33,0.7264,2026-06-12,2026-07-09,63.08,0.7356,0.9776,0.7369,0.8413,0.8204,0.0,0.7253,0.7289,0.8644,多周期共振看多 ⬆⬆⬆,0.5335,0.5821,0.5625
001309,德明利,1420.38,True,860.48,804.18,17,38.54,-5.46,12.89,7.0,0.6955,2026-06-15,2026-07-09,60.81,0.7055,0.4626,0.8891,0.8083,0.8708,0.0,0.7233,0.7786,0.8893,多周期共振看多 ⬆⬆⬆,0.4652,0.75,0.5625
003026,中晶科技,60.67,True,41.97,38.3,19,27.43,-5.76,10.32,9.59,0.792,2026-07-07,2026-07-09,57.1,0.2929,2.0518,0.851,0.5757,0.9533,0.0,0.7231,0.8191,0.9096,多周期共振看多 ⬆⬆⬆,0.5797,0.7408,0.5625
002860,星帅尔,57.37,True,16.68,14.65,18,24.79,-7.78,6.03,13.86,0.6871,2026-06-12,2026-07-09,62.8,0.8517,1.4727,0.6706,0.911,0.8266,0.0,0.722,0.6774,0.8387,多周期共振看多 ⬆⬆⬆,0.6965,0.5544,0.3375
603726,朗迪集团,61.85,True,33.5,30.3,18,24.63,-10.18,7.85,10.56,0.7325,2026-06-12,2026-07-09,61.43,0.7248,0.1643,0.8252,0.7006,0.8571,0.0,0.7202,0.8539,0.9269,多周期共振看多 ⬆⬆⬆,0.7895,0.6375,0.5625
002653,海思科,370.54,True,69.03,59.82,15,45.23,-6.47,12.28,15.41,0.7386,2026-06-18,2026-07-09,69.71,0.9391,3.3778,0.8735,0.9635,0.6731,0.0,0.7202,0.6395,0.8197,多周期共振看多 ⬆⬆⬆,0.5637,0.4273,0.495
600520,三佳科技,60.17,True,37.98,34.15,16,26.47,-12.01,7.13,11.22,0.6827,2026-06-16,2026-07-09,62.89,0.6689,2.0913,0.816,0.8014,0.8247,0.0,0.7172,0.8271,0.9135,多周期共振看多 ⬆⬆⬆,0.665,0.6854,0.5625
603991,领先股份,149.58,True,167.06,136.48,20,27.17,-8.36,11.86,22.4,0.8182,2026-06-10,2026-07-09,74.99,0.598,0.8927,0.8191,0.7588,0.5558,0.0,0.7167,0.8886,0.9443,多周期共振看多 ⬆⬆⬆,0.803,0.7021,0.5625
000811,冰轮环境,539.19,True,55.11,46.35,18,49.99,-6.68,20.9,18.9,0.7864,2026-06-12,2026-07-09,69.99,0.4639,0.5825,0.9728,0.6783,0.6668,0.0,0.7105,0.911,0.9555,多周期共振看多 ⬆⬆⬆,0.8155,0.7408,0.5625
002536,飞龙股份,286.84,True,52.69,47.44,18,22.14,-4.51,8.11,11.08,0.739,2026-06-12,2026-07-09,58.94,0.551,0.2674,0.8948,0.6376,0.9125,0.0,0.7103,0.7936,0.8968,多周期共振看多 ⬆⬆⬆,0.5253,0.7315,0.5625
603650,彤程新材,550.32,True,89.56,78.84,21,46.5,-0.33,20.0,13.59,0.8341,2026-06-09,2026-07-09,67.81,0.4402,1.3726,0.9466,0.6641,0.7153,0.0,0.7087,0.7469,0.8735,多周期共振看多 ⬆⬆⬆,0.538,0.6179,0.5625
603065,宿迁联盛,87.9,True,20.98,17.91,22,68.7,12.98,41.81,17.11,0.85,2026-06-02,2026-07-09,67.47,0.466,1.1743,0.9649,0.6796,0.7229,0.0,0.7076,0.6657,0.8328,多周期共振看多 ⬆⬆⬆,0.5615,0.4194,0.5625
000672,上峰材料,211.33,True,21.8,20.15,16,29.13,-6.36,10.01,8.2,0.7096,2026-07-08,2026-07-09,63.49,0.5958,0.8718,0.7294,0.7575,0.8113,0.0,0.7074,0.7704,0.8852,多周期共振看多 ⬆⬆⬆,0.543,0.6652,0.5625
600584,长电科技,1852.4,True,103.52,91.38,19,29.8,-7.73,10.77,13.29,0.8023,2026-06-15,2026-07-09,62.44,0.4929,0.2275,1.0047,0.5867,0.8346,0.0,0.707,0.7904,0.8952,多周期共振看多 ⬆⬆⬆,0.5707,0.6854,0.5625
605111,新洁能,330.52,True,79.58,77.8,19,40.78,-2.24,13.2,2.29,0.6094,2026-06-12,2026-07-09,55.47,0.6122,0.4989,0.8283,0.7669,0.9896,0.0,0.7029,0.7458,0.8729,多周期共振看多 ⬆⬆⬆,0.5245,0.6271,0.5625
002137,实益达,48.57,True,12.25,10.64,18,17.99,-5.23,7.06,15.16,0.7128,2026-07-06,2026-07-09,63.16,0.5145,0.7188,0.8719,0.7087,0.8187,0.0,0.7026,0.7938,0.8969,多周期共振看多 ⬆⬆⬆,0.8105,0.4875,0.5625
002415,海康威视,3201.52,True,35.39,33.0,17,9.95,-4.09,3.54,7.23,0.5669,2026-06-15,2026-07-09,64.93,0.7856,0.6032,0.4429,0.8713,0.7794,0.2618,0.7004,0.7036,0.8518,多周期共振看多 ⬆⬆⬆,0.5791,0.4875,0.5625
605178,时空科技,91.47,True,92.32,85.62,15,53.64,-5.34,17.68,7.82,0.6842,2026-06-17,2026-07-09,65.61,0.732,2.3702,0.9518,0.8392,0.7642,0.0,0.6998,0.6966,0.8483,多周期共振看多 ⬆⬆⬆,0.5772,0.4737,0.5625
603757,大元泵业,143.87,True,77.12,66.14,15,32.08,-18.38,10.38,16.6,0.7386,2026-06-17,2026-07-09,67.39,0.4629,1.2524,0.9753,0.6777,0.7246,0.0,0.6991,0.8659,0.9329,多周期共振看多 ⬆⬆⬆,0.7107,0.7315,0.5625
000725,京东方Ａ,2882.42,True,8.15,7.32,22,32.26,1.75,16.18,11.26,0.85,2026-05-15,2026-07-09,66.13,0.7295,-0.1752,0.8226,0.5676,0.7527,0.0,0.6976,0.7296,0.8648,多周期共振看多 ⬆⬆⬆,0.538,0.5798,0.5625
603339,四方科技,47.44,True,15.33,14.06,15,16.47,-3.47,4.25,9.01,0.57,2026-06-17,2026-07-09,62.05,0.9344,6.1696,0.6297,0.9606,0.8433,0.0,0.6975,0.6632,0.8316,多周期共振看多 ⬆⬆⬆,0.6478,0.4073,0.495
603928,兴业股份,61.33,True,18.0,13.38,14,34.57,-5.6,9.02,34.57,0.6981,2026-06-25,2026-07-09,73.71,0.8755,15.7166,1.0157,0.9253,0.5843,0.0,0.6954,0.7063,0.8532,多周期共振看多 ⬆⬆⬆,0.6965,0.3929,0.5625
002965,祥鑫科技,97.59,True,51.25,47.07,21,31.19,-0.95,15.73,8.89,0.8062,2026-06-10,2026-07-09,67.99,0.4598,0.4633,0.6777,0.6612,0.7113,0.0,0.6937,0.703,0.8515,多周期共振看多 ⬆⬆⬆,0.7955,0.5256,0.3375
001339,智微智能,159.96,True,98.8,94.66,17,26.67,-7.6,9.18,4.37,0.6092,2026-06-15,2026-07-09,51.08,0.6002,1.0415,0.8369,0.7601,0.9129,0.0,0.6931,0.7709,0.8855,多周期共振看多 ⬆⬆⬆,0.4562,0.7408,0.5625
603283,赛腾股份,254.14,True,72.09,67.08,20,36.97,-3.63,16.29,7.47,0.7549,2026-06-10,2026-07-09,62.69,0.2851,0.6194,0.7991,0.5711,0.8291,0.0,0.6929,0.8226,0.9113,多周期共振看多 ⬆⬆⬆,0.621,0.7131,0.5625
002077,大港股份,116.82,True,20.13,18.16,15,10.86,-8.46,3.21,10.85,0.5688,2026-07-03,2026-07-09,65.66,0.7848,2.3614,0.5077,0.8709,0.7632,0.1538,0.6908,0.7291,0.8645,多周期共振看多 ⬆⬆⬆,0.5032,0.6087,0.5625
600206,有研新材,502.68,True,59.38,50.66,21,68.64,-0.61,30.65,17.22,0.8341,2026-06-09,2026-07-09,66.13,0.1562,1.4348,1.0481,0.4937,0.7526,0.0,0.6895,0.8208,0.9104,多周期共振看多 ⬆⬆⬆,0.6165,0.7131,0.5625
002457,青龙管业,50.19,True,15.06,13.24,18,18.13,-4.35,4.66,13.76,0.6527,2026-06-30,2026-07-09,66.61,0.8703,0.2531,0.6929,0.8234,0.742,0.0,0.6884,0.7326,0.8663,多周期共振看多 ⬆⬆⬆,0.788,0.5521,0.3825
603661,恒林股份,56.04,True,40.3,37.37,19,15.58,-4.9,7.08,7.85,0.6755,2026-06-24,2026-07-09,64.48,0.602,1.1771,0.8528,0.7612,0.7893,0.0,0.6874,0.7126,0.8563,多周期共振看多 ⬆⬆⬆,0.6897,0.4125,0.5625
002049,紫光国微,739.84,True,87.09,81.6,16,13.43,-8.7,3.11,6.73,0.5006,2026-06-16,2026-07-09,61.46,0.9088,0.9801,0.4461,0.9453,0.8564,0.2564,0.6854,0.5363,0.7681,多周期共振看多 ⬆⬆⬆,0.4971,0.415,0.3375
001359,平安电工,68.19,True,113.1,109.74,19,51.7,-2.62,20.28,3.06,0.6288,2026-07-08,2026-07-09,57.58,0.4182,1.4043,0.9106,0.6509,0.9427,0.0,0.6844,0.7933,0.8966,多周期共振看多 ⬆⬆⬆,0.5245,0.7315,0.5625
603690,至纯科技,128.75,True,33.62,32.09,18,25.15,-3.58,9.47,4.75,0.642,2026-06-15,2026-07-09,63.68,0.7865,0.757,0.6607,0.8719,0.8072,0.0,0.6819,0.5503,0.7752,多周期共振看多 ⬆⬆⬆,0.493,0.4494,0.3375
600366,宁波韵升,167.27,True,15.22,14.94,22,17.59,0.5,8.88,1.85,0.6183,2026-06-08,2026-07-09,52.44,0.5993,0.901,0.7682,0.7596,0.9432,0.0,0.6802,0.6101,0.8051,多周期共振看多 ⬆⬆⬆,0.755,0.4237,0.27
002129,TCL中环,445.57,True,11.03,10.63,19,18.65,-3.98,5.91,3.77,0.5442,2026-07-06,2026-07-09,55.31,0.6641,0.531,0.7978,0.7985,0.9931,0.0,0.679,0.6569,0.8285,多周期共振看多 ⬆⬆⬆,0.4379,0.506,0.5625
603155,新亚强,81.19,True,25.71,25.29,22,30.25,0.6,13.92,1.67,0.6417,2026-06-02,2026-07-09,56.27,0.3694,0.9729,1.1033,0.6217,0.9718,0.0,0.6769,0.7146,0.8573,多周期共振看多 ⬆⬆⬆,0.497,0.5821,0.5625
603259,药明康德,2994.4,True,121.07,112.91,17,22.27,-6.7,7.73,7.23,0.6442,2026-06-17,2026-07-09,69.13,0.6737,0.2721,0.5201,0.7131,0.6859,0.1331,0.6762,0.7931,0.8965,多周期共振看多 ⬆⬆⬆,0.5797,0.6837,0.5625
603019,中科曙光,1521.43,True,103.99,92.74,15,22.15,-11.43,3.91,12.13,0.5865,2026-06-17,2026-07-09,64.44,0.9248,1.9174,0.694,0.9549,0.7902,0.0,0.676,0.5241,0.7621,多周期共振看多 ⬆⬆⬆,0.5188,0.3697,0.3375
603986,兆易创新,4435.38,True,663.49,657.62,20,45.34,-6.99,16.63,0.89,0.5905,2026-07-08,2026-07-09,52.8,0.5028,0.3601,1.0723,0.6457,0.9511,0.0,0.6759,0.8159,0.908,多周期共振看多 ⬆⬆⬆,0.6255,0.6946,0.5625
603698,航天工程,214.82,True,40.08,36.91,15,30.83,-13.65,5.95,8.58,0.6017,2026-06-17,2026-07-09,63.19,0.758,0.8637,0.7666,0.8548,0.8181,0.0,0.6753,0.6091,0.8045,多周期共振看多 ⬆⬆⬆,0.4213,0.4151,0.5625
002158,汉钟精机,184.56,True,34.59,33.57,17,19.41,-11.23,6.66,3.05,0.5131,2026-06-15,2026-07-09,50.77,0.8714,0.2956,0.6875,0.8411,0.9059,0.0,0.675,0.7352,0.8676,多周期共振看多 ⬆⬆⬆,0.4293,0.6854,0.5625
002317,众生药业,204.49,True,26.85,24.32,14,22.74,-7.96,5.01,10.41,0.598,2026-06-22,2026-07-09,63.54,0.7579,0.2874,0.7841,0.7697,0.8103,0.0,0.6747,0.7589,0.8795,多周期共振看多 ⬆⬆⬆,0.601,0.5902,0.5625
603269,海鸥股份,73.3,True,16.97,16.48,17,11.29,-2.86,3.34,2.95,0.4507,2026-07-03,2026-07-09,48.23,0.8279,1.5899,0.7038,0.8967,0.8496,0.0,0.6738,0.8541,0.927,多周期共振看多 ⬆⬆⬆,0.6804,0.7315,0.5625
002167,东方锆业,149.09,True,19.65,19.77,21,48.44,-0.62,22.59,-0.62,0.5687,2026-07-09,2026-07-09,58.1,0.6069,0.6833,1.1064,0.7641,0.9312,0.0,0.6736,0.6836,0.8418,多周期共振看多 ⬆⬆⬆,0.497,0.514,0.5625
000551,创元科技,89.35,True,18.44,17.63,14,28.07,-7.95,7.38,4.61,0.5225,2026-06-22,2026-07-09,62.12,0.8356,1.563,0.7655,0.9014,0.8418,0.0,0.6736,0.6821,0.8411,多周期共振看多 ⬆⬆⬆,0.3275,0.656,0.5625
002559,亚威股份,60.28,True,11.96,11.82,17,39.24,-7.79,9.53,1.18,0.5382,2026-06-15,2026-07-09,56.07,0.6523,1.5978,0.8942,0.7914,0.9763,0.0,0.6734,0.6577,0.8288,多周期共振看多 ⬆⬆⬆,0.4062,0.5348,0.5625
002901,大博医疗,129.7,True,44.97,42.39,22,8.95,0.56,3.07,6.09,0.6632,2026-06-08,2026-07-09,63.13,0.8381,1.3982,0.3332,0.9029,0.8194,0.4447,0.6717,-0.002,0.499,多周期方向不一致，观望,0.4279,0.0745,-0.45
603078,江化微,196.71,True,51.01,48.56,21,29.97,-0.7,15.33,5.05,0.7104,2026-07-08,2026-07-09,56.63,0.5756,-0.2745,0.9676,0.4355,0.9638,0.0,0.6706,0.8065,0.9032,多周期共振看多 ⬆⬆⬆,0.625,0.6744,0.5625
000100,TCL科技,1025.48,True,5.36,5.18,21,23.26,-1.9,7.95,3.54,0.6213,2026-07-08,2026-07-09,55.66,0.7202,0.0628,0.8117,0.6572,0.9853,0.0,0.6703,0.6374,0.8187,多周期共振看多 ⬆⬆⬆,0.5425,0.3733,0.5625
603127,昭衍新药,247.67,True,39.29,36.97,15,17.75,-14.36,4.1,6.28,0.4982,2026-06-17,2026-07-09,59.89,0.9111,0.6946,0.6407,0.9467,0.8912,0.0,0.6703,0.5825,0.7913,多周期共振看多 ⬆⬆⬆,0.4947,0.2936,0.5625
002409,雅克科技,665.71,True,209.0,177.95,21,54.21,-1.64,24.62,17.45,0.8341,2026-06-09,2026-07-09,66.8,0.0832,0.4099,0.9987,0.4139,0.7377,0.0,0.6694,0.8061,0.9031,多周期共振看多 ⬆⬆⬆,0.6345,0.6652,0.5625
603068,博通集成,60.84,True,40.08,37.42,15,14.22,-10.33,4.18,7.11,0.5208,2026-06-17,2026-07-09,62.14,0.8228,1.7215,0.4757,0.8937,0.8413,0.2071,0.6692,0.4985,0.7492,多周期共振看多 ⬆⬆⬆,0.4638,0.3605,0.3375
002303,美盈森,41.87,True,4.33,3.89,18,26.41,-7.99,10.52,11.28,0.7864,2026-06-12,2026-07-09,72.09,0.643,7.8264,0.7278,0.7858,0.6202,0.0,0.6667,0.445,0.7225,多周期共振看多 ⬆⬆⬆,0.605,0.1894,0.27
002289,宇顺电子,125.17,True,45.61,43.9,17,16.64,-7.85,4.21,3.9,0.473,2026-06-12,2026-07-09,58.04,0.6241,1.5588,0.6792,0.7745,0.9324,0.0,0.6644,0.822,0.911,多周期共振看多 ⬆⬆⬆,0.6733,0.6669,0.5625
603268,松发股份,366.2,True,157.0,149.3,16,12.55,-5.11,3.21,5.16,0.4736,2026-07-01,2026-07-09,58.0,0.6841,0.5743,0.6717,0.8105,0.9333,0.0,0.6629,0.7503,0.8751,多周期共振看多 ⬆⬆⬆,0.5399,0.6238,0.5625
603950,长源东谷,250.03,True,77.2,74.46,14,27.09,-12.47,7.01,3.67,0.4899,2026-06-18,2026-07-09,58.89,0.5357,1.0585,0.9751,0.7214,0.9136,0.0,0.657,0.8301,0.915,多周期共振看多 ⬆⬆⬆,0.608,0.7408,0.5625
002643,万润股份,172.68,True,19.14,18.71,18,28.45,-11.23,11.06,2.3,0.594,2026-06-12,2026-07-09,58.16,0.5091,0.3776,0.7057,0.6565,0.9298,0.0,0.6562,0.6578,0.8289,多周期共振看多 ⬆⬆⬆,0.4115,0.5304,0.5625
002119,康强电子,130.79,True,34.85,34.97,20,31.96,-4.91,18.34,-0.36,0.5593,2026-07-09,2026-07-09,50.78,0.4165,0.5107,0.8673,0.6499,0.9062,0.0,0.6561,0.7796,0.8898,多周期共振看多 ⬆⬆⬆,0.556,0.6744,0.5625
003004,声迅股份,58.08,True,84.49,72.43,22,22.71,2.03,11.49,16.65,0.85,2026-04-10,2026-07-09,66.97,0.2283,-0.2863,0.7458,0.2225,0.734,0.0,0.6538,0.9538,0.9769,多周期共振看多 ⬆⬆⬆,0.925,0.7408,0.5625
002745,木林森,135.35,True,12.72,11.58,18,20.01,-8.32,7.17,9.89,0.7128,2026-06-12,2026-07-09,60.06,0.5204,-0.1958,0.7856,0.4339,0.8876,0.0,0.6529,0.7531,0.8765,多周期共振看多 ⬆⬆⬆,0.585,0.5913,0.5625
600851,海欣股份,64.3,True,8.71,8.59,15,28.45,-7.37,6.31,1.4,0.4312,2026-07-08,2026-07-09,56.53,0.8936,2.8498,0.8143,0.9362,0.966,0.0,0.652,0.5243,0.7621,多周期共振看多 ⬆⬆⬆,0.2261,0.396,0.5625
603519,立霸股份,38.75,True,14.55,13.93,19,18.03,-4.96,7.86,4.42,0.6092,2026-06-11,2026-07-09,56.43,0.2365,3.1065,0.5871,0.5419,0.9681,0.0215,0.6489,0.6831,0.8416,多周期共振看多 ⬆⬆⬆,0.4905,0.5183,0.5625
603893,瑞芯微,876.91,True,207.36,181.1,15,14.5,-11.56,1.28,14.5,0.5207,2026-06-17,2026-07-09,68.18,0.8224,1.3348,0.5203,0.8934,0.707,0.1328,0.6471,0.543,0.7715,多周期共振看多 ⬆⬆⬆,0.3733,0.536,0.3375
000938,紫光股份,1020.47,True,35.68,28.66,11,24.48,-12.04,2.52,24.48,0.4879,2026-06-29,2026-07-09,69.42,0.8966,1.4689,0.7835,0.938,0.6796,0.0,0.6456,0.6777,0.8388,多周期共振看多 ⬆⬆⬆,0.4768,0.5183,0.5625
603976,正川股份,42.88,True,27.69,27.17,22,20.48,0.79,10.0,1.92,0.6479,2026-06-04,2026-07-09,56.61,0.0866,0.3728,0.936,0.4011,0.9642,0.0,0.6452,0.808,0.904,多周期共振看多 ⬆⬆⬆,0.616,0.6854,0.5625
603290,斯达半导,319.46,True,133.4,131.79,14,22.65,-11.07,4.31,1.22,0.361,2026-07-08,2026-07-09,51.9,0.884,0.5112,0.728,0.9304,0.9312,0.0,0.6445,0.6839,0.8419,多周期共振看多 ⬆⬆⬆,0.3656,0.6271,0.5625
002990,盛视科技,86.69,True,62.81,63.97,16,42.8,-18.8,13.48,-1.81,0.4592,2026-07-09,2026-07-09,57.13,0.5497,0.7189,0.9616,0.7298,0.9526,0.0,0.6423,0.7252,0.8626,多周期共振看多 ⬆⬆⬆,0.3605,0.7223,0.5625
002972,科安达,23.15,True,17.19,17.08,21,29.55,-0.47,16.71,0.65,0.6004,2026-07-08,2026-07-09,53.38,0.1343,0.4679,0.6781,0.4677,0.964,0.0,0.6416,0.7867,0.8933,多周期共振看多 ⬆⬆⬆,0.529,0.7131,0.5625
002025,航天电器,380.16,True,83.76,73.32,12,32.51,-10.52,7.33,14.24,0.6242,2026-06-23,2026-07-09,71.71,0.6205,0.7765,0.7811,0.7723,0.6287,0.0,0.6415,0.6438,0.8219,多周期共振看多 ⬆⬆⬆,0.4115,0.4998,0.5625
001229,魅视科技,33.53,True,45.47,32.33,20,40.63,-1.83,13.82,40.63,0.8182,2026-06-23,2026-07-09,86.16,0.421,6.4566,0.8119,0.6526,0.3075,0.0,0.6413,0.7534,0.8767,多周期共振看多 ⬆⬆⬆,0.8165,0.3934,0.5625
603379,三美股份,407.68,True,66.78,69.66,19,27.09,-4.14,8.69,-4.14,0.4161,2026-07-09,2026-07-09,51.39,0.899,0.5723,0.8609,0.9394,0.9197,0.0,0.6404,0.5177,0.7589,多周期共振看多 ⬆⬆⬆,0.4885,0.2241,0.495
000691,亚太实业,37.5,True,11.6,11.63,19,34.52,-2.74,13.92,-0.29,0.545,2026-07-09,2026-07-09,44.67,0.5551,1.7832,0.731,0.733,0.7704,0.0,0.6398,0.7127,0.8563,多周期共振看多 ⬆⬆⬆,0.5377,0.5429,0.5625
600885,宏发股份,560.69,True,36.23,34.9,15,12.21,-5.96,2.23,3.8,0.3894,2026-06-26,2026-07-09,52.05,0.8701,0.2454,0.6449,0.8203,0.9344,0.0,0.6394,0.7468,0.8734,多周期共振看多 ⬆⬆⬆,0.5902,0.5729,0.5625
600176,中国巨石,2331.32,True,58.7,60.23,20,54.44,-5.41,23.96,-2.55,0.5046,2026-07-09,2026-07-09,55.07,0.2609,1.1722,1.0047,0.5565,0.9984,0.0,0.6388,0.8105,0.9052,多周期共振看多 ⬆⬆⬆,0.547,0.75,0.5625
001256,炜冈科技,30.95,True,28.95,26.59,18,21.06,-4.07,7.14,8.88,0.6869,2026-06-12,2026-07-09,76.74,0.5686,0.0602,0.5441,0.5652,0.5169,0.0932,0.6379,0.8551,0.9275,多周期共振看多 ⬆⬆⬆,0.728,0.6929,0.5625
002774,快意电梯,40.72,True,14.45,13.35,17,22.06,-9.95,7.07,8.24,0.6531,2026-06-15,2026-07-09,63.4,0.2891,0.2075,0.7615,0.4565,0.8133,0.0,0.6369,0.8212,0.9106,多周期共振看多 ⬆⬆⬆,0.6733,0.6652,0.5625
000977,浪潮信息,1261.33,True,85.99,66.84,16,28.64,-11.3,3.25,28.64,0.5859,2026-06-16,2026-07-09,71.86,0.733,1.993,0.7795,0.8398,0.6254,0.0,0.6368,0.5945,0.7973,多周期共振看多 ⬆⬆⬆,0.5795,0.3149,0.495
603580,艾艾精工,40.09,True,30.68,24.93,11,23.05,-8.99,2.26,23.05,0.4815,2026-06-26,2026-07-06,73.93,0.8373,13.6142,0.6848,0.9024,0.5794,0.0,0.6347,0.7827,0.8913,多周期共振看多 ⬆⬆⬆,0.4865,0.7408,0.5625
002079,苏州固锝,111.99,True,13.81,13.73,16,15.42,-6.54,5.51,0.56,0.4063,2026-07-08,2026-07-09,50.77,0.6917,0.3605,0.5796,0.7592,0.9061,0.034,0.6296,0.7322,0.8661,多周期共振看多 ⬆⬆⬆,0.4109,0.6946,0.5625
001270,铖昌科技,336.33,True,164.22,141.3,10,20.01,-11.24,2.97,16.22,0.4833,2026-06-25,2026-07-09,63.47,0.6414,0.7656,0.8872,0.7848,0.8118,0.0,0.6282,0.6355,0.8177,多周期共振看多 ⬆⬆⬆,0.3335,0.5483,0.5625
603087,甘李药业,352.07,True,62.74,58.2,20,17.6,-2.74,4.73,7.8,0.6492,2026-06-26,2026-07-09,62.11,0.8966,0.3557,0.6102,0.8802,0.842,0.0,0.6246,0.0201,0.5101,多周期方向不一致，观望,0.4314,-0.005,-0.2763
603380,易德龙,68.28,True,42.56,42.17,17,21.32,-7.3,7.35,0.93,0.4775,2026-06-15,2026-07-09,52.14,0.5848,2.6858,0.9621,0.7509,0.9364,0.0,0.6241,0.5219,0.761,多周期共振看多 ⬆⬆⬆,0.4005,0.4662,0.3375
603213,镇洋发展,66.11,True,14.86,14.16,7,5.96,-4.96,-0.15,4.95,0.2831,2026-07-08,2026-07-09,63.1,0.8886,1.0797,0.2985,0.9332,0.8199,0.5026,0.624,0.4338,0.7169,上升趋势中的日线整理,0.0751,0.4998,0.5625
603203,快克智能,214.0,True,66.07,65.03,17,32.62,-7.09,11.1,1.6,0.5604,2026-07-08,2026-07-09,54.47,-0.1557,0.4805,1.0078,0.3922,0.9882,0.0,0.6224,0.821,0.9105,多周期共振看多 ⬆⬆⬆,0.5738,0.75,0.5625
603823,百合花,287.79,True,69.12,54.75,22,53.3,19.06,37.83,26.24,0.85,2026-04-15,2026-07-09,73.98,0.0174,0.0544,0.9003,0.2322,0.5783,0.0,0.622,0.8706,0.9353,多周期共振看多 ⬆⬆⬆,0.8,0.6652,0.5625
600470,六国化工,35.31,True,6.77,6.17,18,16.0,-9.25,5.67,9.8,0.6731,2026-06-18,2026-07-09,67.41,0.8396,2.2384,0.9209,0.9038,0.7242,0.0,0.6219,0.0444,0.5222,⚠️ 月线看多但周线走弱，日线仅为反弹,0.5465,-0.4114,0.225
000066,中国长城,641.24,True,19.88,18.06,14,17.08,-16.43,0.38,10.06,0.4822,2026-07-03,2026-07-09,58.78,0.8953,1.4136,0.7813,0.9372,0.916,0.0,0.6212,0.2134,0.6067,月线看多，日线反弹（等待周线确认）,0.3383,0.0186,0.5625
001206,依依股份,21.62,True,20.23,18.47,18,17.55,-7.54,5.73,9.56,0.6686,2026-07-06,2026-07-09,65.79,0.8544,5.0663,0.7884,0.9126,0.7601,0.0,0.6212,-0.0076,0.4962,⚠️⚠️ 逆大势反弹，大概率是下跌中继,0.617,-0.2242,-0.45
002056,横店东磁,453.55,True,27.91,28.57,21,18.18,-2.32,8.67,-2.32,0.493,2026-07-09,2026-07-09,52.15,0.4502,0.2836,0.781,0.5836,0.9367,0.0,0.6207,0.7243,0.8621,多周期共振看多 ⬆⬆⬆,0.6025,0.5129,0.5625
002668,TCL智家,114.59,True,10.57,10.39,20,12.8,-4.01,5.3,1.69,0.5102,2026-06-10,2026-07-09,60.71,0.5746,0.108,0.4913,0.5879,0.873,0.1812,0.6201,0.6033,0.8016,多周期共振看多 ⬆⬆⬆,0.5065,0.5544,0.3375
603456,九洲药业,123.0,True,13.95,13.5,19,15.83,-3.26,4.65,3.3,0.5041,2026-06-11,2026-07-09,58.19,0.8848,1.006,0.4641,0.9309,0.9292,0.2265,0.6201,-0.0348,0.4826,⚠️⚠️ 逆大势反弹，大概率是下跌中继,0.4395,-0.4768,-0.5625
605020,永和股份,189.85,True,37.75,38.79,18,30.41,-5.32,7.97,-2.69,0.4183,2026-07-09,2026-07-09,55.3,0.7004,0.0259,0.9874,0.6306,0.9934,0.0,0.6199,0.7546,0.8773,多周期共振看多 ⬆⬆⬆,0.547,0.6271,0.5625
002861,瀛通通讯,32.68,True,21.76,20.73,16,20.78,-2.94,7.55,4.97,0.5675,2026-06-17,2026-07-09,68.43,0.3273,0.4703,0.4712,0.5845,0.7015,0.2147,0.6195,0.6448,0.8224,多周期共振看多 ⬆⬆⬆,0.4055,0.5071,0.5625
002937,兴瑞科技,138.11,True,43.82,42.33,22,19.46,1.72,10.97,3.52,0.688,2026-06-08,2026-07-09,54.07,-0.1736,-0.1646,0.5254,0.1342,0.9793,0.1243,0.6188,0.8097,0.9048,多周期共振看多 ⬆⬆⬆,0.5448,0.75,0.5625
603800,洪田股份,171.81,True,82.6,79.71,20,20.25,-1.78,8.32,3.63,0.6169,2026-07-08,2026-07-09,51.89,0.3039,-0.1033,0.9685,0.341,0.9309,0.0,0.6184,0.804,0.902,多周期共振看多 ⬆⬆⬆,0.6165,0.6762,0.5625
002654,万润科技,155.95,True,18.45,18.5,15,29.56,-10.07,7.83,-0.26,0.4279,2026-07-09,2026-07-09,55.02,0.4986,0.2957,0.8189,0.6174,0.9996,0.0,0.6156,0.7105,0.8553,多周期共振看多 ⬆⬆⬆,0.4233,0.6361,0.5625
603211,晋拓股份,93.61,True,34.44,34.45,21,23.16,-0.02,9.97,-0.02,0.583,2026-07-09,2026-07-09,45.71,0.1814,0.4085,0.9973,0.4723,0.7935,0.0,0.6139,0.8039,0.902,多周期共振看多 ⬆⬆⬆,0.53,0.75,0.5625
002816,*ST和科,28.83,True,28.83,27.72,19,13.33,-2.75,4.96,4.0,0.5492,2026-07-07,2026-07-09,51.38,0.236,0.1899,0.5747,0.4176,0.9195,0.0422,0.613,0.7803,0.8901,多周期共振看多 ⬆⬆⬆,0.5234,0.7038,0.5625
603595,ST东尼,73.96,True,31.82,31.54,21,35.55,-2.53,14.99,0.88,0.606,2026-07-08,2026-07-09,56.7,0.0057,0.3032,0.7063,0.3247,0.9622,0.0,0.6129,0.7745,0.8872,多周期共振看多 ⬆⬆⬆,0.5515,0.6669,0.5625
002156,通富微电,1095.15,True,72.17,68.38,12,17.34,-11.6,2.28,5.54,0.3863,2026-07-08,2026-07-09,53.95,0.7347,0.3428,0.8696,0.7779,0.9768,0.0,0.6096,0.533,0.7665,上升趋势中的日线整理,0.1377,0.7038,0.5625
605228,神通科技,70.28,True,14.73,13.58,14,11.43,-1.09,2.61,8.44,0.5327,2026-06-29,2026-07-09,62.68,0.6829,1.1041,0.412,0.8097,0.8293,0.3134,0.6094,0.0551,0.5275,多周期方向不一致，观望,0.3395,-0.0488,0.0
000970,中科三环,182.85,True,15.04,14.89,22,21.64,0.98,12.27,0.98,0.6245,2026-06-05,2026-07-09,50.54,0.1174,1.997,0.8208,0.4704,0.9008,0.0,0.6078,0.5296,0.7648,多周期共振看多 ⬆⬆⬆,0.7775,0.2275,0.27
603257,中国瑞林,17.38,True,69.8,72.96,19,19.57,-7.19,8.26,-4.33,0.4006,2026-07-09,2026-07-09,49.19,0.5426,0.4069,0.6356,0.6883,0.8708,0.0,0.6058,0.7383,0.8691,多周期共振看多 ⬆⬆⬆,0.5147,0.619,0.5625
000063,中兴通讯,1624.34,True,40.33,37.17,11,8.5,-5.9,0.34,8.5,0.428,2026-07-08,2026-07-09,56.84,0.7668,0.7726,0.5967,0.8601,0.9591,0.0055,0.6055,0.285,0.6425,上升趋势中的日线整理,0.1495,0.3871,0.225
600601,方正科技,578.84,True,13.88,13.81,16,12.83,-6.4,4.63,0.53,0.3836,2026-07-08,2026-07-09,46.94,0.7119,0.4006,0.847,0.7874,0.8209,0.0,0.6048,0.6731,0.8366,多周期共振看多 ⬆⬆⬆,0.3453,0.6208,0.5625
002907,华森制药,48.22,True,14.36,13.18,15,11.45,-5.28,4.17,8.99,0.5678,2026-07-08,2026-07-09,58.2,0.7517,2.9627,0.7089,0.851,0.9288,0.0,0.6012,-0.0294,0.4853,多周期方向不一致，观望,0.4692,-0.0814,-0.45
002407,多氟多,470.88,True,43.65,44.04,18,37.91,-5.16,11.99,-0.89,0.514,2026-07-09,2026-07-09,56.35,0.1183,0.3343,1.0119,0.4047,0.9699,0.0,0.6007,0.7604,0.8802,多周期共振看多 ⬆⬆⬆,0.5155,0.6669,0.5625
002925,盈趣科技,167.41,True,22.9,22.91,17,13.11,-5.41,4.1,-0.03,0.377,2026-07-09,2026-07-09,54.93,0.7465,0.0054,0.6261,0.65,0.9985,0.0,0.598,0.6407,0.8204,多周期共振看多 ⬆⬆⬆,0.2993,0.589,0.5625
002916,深南电路,2942.18,True,442.56,428.8,20,14.53,-5.52,5.81,3.21,0.5436,2026-07-08,2026-07-09,47.91,0.419,-0.0844,0.8152,0.4176,0.8423,0.0,0.5975,0.7963,0.8982,多周期共振看多 ⬆⬆⬆,0.5213,0.7408,0.5625
603669,灵康药业,43.88,True,6.16,5.46,22,24.95,5.91,13.86,12.77,0.85,2026-06-05,2026-07-09,79.64,0.3794,-0.3907,0.4574,0.2714,0.4525,0.2376,0.5959,0.5601,0.7801,多周期共振看多 ⬆⬆⬆,0.728,0.2694,0.3375
002132,恒星科技,78.49,True,5.61,5.39,12,12.22,-3.59,1.61,4.14,0.3646,2026-06-29,2026-07-09,60.07,0.7719,0.0076,0.5847,0.6662,0.8872,0.0255,0.5939,0.7255,0.8628,多周期共振看多 ⬆⬆⬆,0.3613,0.7223,0.5625
600379,宝光股份,49.0,True,14.84,14.12,13,22.98,-15.3,4.77,5.06,0.4526,2026-06-22,2026-07-09,63.07,0.8358,1.2561,0.8442,0.9015,0.8207,0.0,0.5931,0.2311,0.6156,月线看多，日线反弹（等待周线确认）,0.4446,-0.0004,0.5625
002272,川润股份,92.16,True,22.58,22.51,16,14.89,-5.07,4.51,0.3,0.3749,2026-07-08,2026-07-09,58.37,0.1993,0.451,0.4031,0.5,0.925,0.3281,0.593,0.6715,0.8357,多周期共振看多 ⬆⬆⬆,0.2249,0.7206,0.5625
603725,天安新材,40.91,True,13.42,12.09,12,23.26,-11.2,2.74,11.0,0.5094,2026-06-30,2026-07-09,67.43,0.7408,-0.2818,0.7646,0.5318,0.7238,0.0,0.5906,0.783,0.8915,多周期共振看多 ⬆⬆⬆,0.5518,0.6854,0.5625
002068,黑猫股份,84.96,True,11.56,12.46,14,38.11,-8.57,11.31,-7.24,0.2918,2026-07-09,2026-07-09,55.6,0.5766,0.4121,0.9541,0.7108,0.9867,0.0,0.589,0.6906,0.8453,多周期共振看多 ⬆⬆⬆,0.4353,0.5821,0.5625
001314,亿道信息,74.98,True,60.28,57.74,15,9.15,-8.84,1.26,4.39,0.3801,2026-07-07,2026-07-09,53.53,0.5035,0.3034,0.6073,0.6235,0.9674,0.0,0.5885,0.6375,0.8187,多周期共振看多 ⬆⬆⬆,0.2111,0.6577,0.5625
603341,龙旗科技,112.82,True,42.38,39.29,16,12.16,-6.6,2.84,7.87,0.5221,2026-07-07,2026-07-09,62.25,0.7177,0.3699,0.5049,0.7786,0.8388,0.1585,0.5876,0.0685,0.5343,多周期方向不一致，观望,0.4031,0.1483,-0.1929
600877,电科芯片,202.47,True,17.1,15.54,13,19.53,-12.31,4.33,10.04,0.5652,2026-06-22,2026-07-09,67.05,0.8213,1.3015,0.6547,0.8928,0.7321,0.0,0.5852,0.0183,0.5091,多周期方向不一致，观望,0.4126,-0.0481,-0.225
600276,恒瑞医药,3547.36,True,55.61,51.09,15,13.97,-6.95,3.64,8.84,0.5508,2026-06-17,2026-07-09,68.93,0.7447,0.6199,0.4597,0.8468,0.6904,0.2338,0.585,-0.0126,0.4937,⚠️⚠️ 逆大势反弹，大概率是下跌中继,0.4457,-0.1725,-0.45
002384,东山精密,3622.74,True,261.32,246.93,15,21.18,-8.67,5.58,5.83,0.5238,2026-07-08,2026-07-09,46.65,0.0654,0.5913,0.9027,0.4392,0.8146,0.0,0.5846,0.7398,0.8699,多周期共振看多 ⬆⬆⬆,0.3658,0.75,0.5625
600203,福日电子,79.46,True,13.4,12.34,10,8.59,-11.51,-0.87,8.59,0.3521,2026-07-02,2026-07-09,57.83,0.7571,1.0583,0.6052,0.8542,0.937,0.0,0.5846,0.3408,0.6704,多周期共振看多 ⬆⬆⬆,0.196,0.356,0.225
002979,雷赛智能,145.12,True,65.14,57.58,10,31.41,-10.98,3.74,13.13,0.5027,2026-06-29,2026-07-09,63.48,0.6046,-0.2606,0.7482,0.4585,0.8116,0.0,0.5838,0.7567,0.8783,多周期共振看多 ⬆⬆⬆,0.506,0.6669,0.5625
002605,姚记科技,66.12,True,19.55,18.78,12,8.97,-2.93,0.99,4.08,0.3854,2026-06-30,2026-07-09,61.52,0.8874,1.5059,0.3902,0.9324,0.855,0.3496,0.5836,-0.054,0.473,⚠️⚠️ 逆大势反弹，大概率是下跌中继,0.1791,-0.6193,-0.5625
002520,日发精机,47.85,True,6.67,7.02,21,17.09,-4.95,6.35,-4.95,0.3692,2026-07-09,2026-07-09,46.35,0.5857,0.5022,0.7728,0.7514,0.8078,0.0,0.5819,0.5972,0.7986,多周期共振看多 ⬆⬆⬆,0.521,0.371,0.495
603607,京华激光,44.09,True,24.7,22.98,14,20.37,-8.23,3.83,7.46,0.5051,2026-06-18,2026-07-09,67.19,0.759,0.6475,0.7406,0.8554,0.729,0.0,0.5802,0.1858,0.5929,月线看多，日线反弹（等待周线确认）,0.3576,0.1142,0.3375
603067,振华股份,326.46,True,43.21,41.1,14,29.42,-16.37,6.73,5.14,0.5194,2026-06-18,2026-07-09,58.62,0.4742,-0.276,1.0625,0.3741,0.9197,0.0,0.5795,0.6872,0.8436,多周期共振看多 ⬆⬆⬆,0.486,0.5313,0.5625
002179,中航光电,841.3,True,40.13,41.47,16,17.09,-5.44,5.08,-3.22,0.301,2026-07-09,2026-07-09,48.07,0.6325,0.2819,0.5205,0.6923,0.846,0.1325,0.5791,0.6814,0.8407,多周期共振看多 ⬆⬆⬆,0.3809,0.6762,0.495
002353,杰瑞股份,1160.94,True,168.0,158.68,19,16.64,-5.21,4.95,5.87,0.5727,2026-07-02,2026-07-09,51.88,-0.4581,-0.2214,0.7613,0.1114,0.9307,0.0,0.5755,0.9348,0.9674,多周期共振看多 ⬆⬆⬆,0.8657,0.75,0.5625
000566,海南海药,61.34,True,4.73,4.67,13,44.17,-8.7,9.73,1.39,0.4849,2026-06-22,2026-07-09,58.89,0.7679,10.5377,1.1498,0.8607,0.9136,0.0,0.5728,-0.0547,0.4727,多周期方向不一致，观望,0.4123,-0.0313,-0.5625
603898,好莱客,41.67,True,13.88,13.79,18,20.78,-8.12,5.32,0.65,0.4356,2026-07-08,2026-07-09,57.91,0.79,2.7377,0.785,0.874,0.9353,0.0,0.5725,0.014,0.507,多周期方向不一致，观望,0.2831,0.0437,-0.225
002584,西陇科学,42.72,True,9.12,9.4,20,33.97,-2.98,10.02,-2.98,0.4937,2026-07-09,2026-07-09,51.53,0.4305,3.1171,0.9533,0.6583,0.923,0.0,0.572,0.2304,0.6152,月线震荡，中短期走强,0.433,0.2836,0.1196
002617,露笑科技,176.12,True,9.38,9.32,14,14.21,-10.85,1.7,0.61,0.2803,2026-07-06,2026-07-09,53.8,0.6732,0.6544,0.6536,0.8039,0.9733,0.0,0.5716,0.4457,0.7228,上升趋势中的日线整理,0.1363,0.4783,0.5625
000962,东方钽业,328.58,True,65.3,72.2,14,45.45,-11.94,11.31,-9.56,0.2337,2026-07-09,2026-07-09,51.87,0.5602,0.4936,0.997,0.7335,0.9303,0.0,0.5709,0.7164,0.8582,多周期共振看多 ⬆⬆⬆,0.3702,0.6946,0.5625
002631,德尔未来,76.34,True,9.62,9.48,22,34.54,1.45,14.23,1.45,0.6363,2026-06-05,2026-07-09,65.33,0.3253,-0.4335,0.8007,0.2217,0.7705,0.0,0.5708,0.7602,0.8801,多周期共振看多 ⬆⬆⬆,0.461,0.7131,0.5625
600378,昊华科技,710.04,True,66.2,67.2,19,50.38,-6.39,24.55,-1.49,0.5149,2026-07-09,2026-07-09,50.86,0.3271,-0.2779,1.1298,0.2851,0.908,0.0,0.5687,0.7681,0.8841,多周期共振看多 ⬆⬆⬆,0.5372,0.6652,0.5625
002354,天娱数科,131.36,True,8.08,8.41,19,27.24,-5.07,10.59,-3.91,0.4546,2026-07-09,2026-07-09,52.16,-0.0298,2.2465,1.1801,0.4,0.9368,0.0,0.5684,0.6923,0.8461,多周期共振看多 ⬆⬆⬆,0.5056,0.5256,0.5625
600961,株冶集团,207.88,True,27.65,30.11,14,34.43,-14.35,7.76,-8.18,0.2121,2026-07-09,2026-07-09,47.49,0.7415,0.941,0.9436,0.8449,0.8332,0.0,0.5684,0.6862,0.8431,多周期共振看多 ⬆⬆⬆,0.3037,0.6854,0.5625
603949,雪龙集团,39.27,True,18.68,17.03,17,13.21,-10.1,4.04,9.68,0.6135,2026-06-15,2026-07-09,73.04,0.6674,2.3702,0.5535,0.8005,0.599,0.0776,0.5675,0.006,0.503,多周期方向不一致，观望,0.5507,-0.0907,-0.355
603983,丸美生物,122.26,True,30.49,25.29,10,29.48,-8.69,6.97,20.54,0.5832,2026-06-25,2026-07-09,75.03,0.8325,2.1838,0.6899,0.8995,0.5549,0.0,0.5663,0.0255,0.5128,多周期方向不一致，观望,0.356,-0.0129,-0.18
603004,鼎龙科技,13.02,True,22.11,22.44,18,15.87,-3.64,7.36,-1.47,0.4337,2026-07-09,2026-07-09,54.14,0.6602,0.2214,0.4611,0.6846,0.981,0.2314,0.5656,0.0259,0.513,多周期方向不一致，观望,0.3843,0.1221,-0.3375
603324,盛剑科技,63.49,True,42.99,44.02,19,42.9,-2.61,18.56,-2.33,0.4939,2026-07-09,2026-07-09,49.84,0.4426,-0.4082,0.9725,0.3023,0.8854,0.0,0.5654,0.792,0.896,多周期共振看多 ⬆⬆⬆,0.5425,0.7131,0.5625
603980,吉华集团,42.23,True,6.24,6.26,15,18.74,-5.1,5.33,-0.25,0.3658,2026-07-09,2026-07-09,58.16,0.7539,0.7805,0.5216,0.8524,0.9298,0.1306,0.565,0.0584,0.5292,多周期方向不一致，观望,0.2651,-0.023,0.0523
002126,银轮股份,430.1,True,54.09,50.41,9,11.16,-10.27,-0.63,7.31,0.3103,2026-07-01,2026-07-09,52.46,0.4748,0.3392,0.6617,0.6206,0.9436,0.0,0.5625,0.6303,0.8152,多周期共振看多 ⬆⬆⬆,0.1711,0.6762,0.5625
002452,长高电气,59.15,True,11.48,11.97,11,17.16,-6.8,3.08,-4.06,0.1505,2026-07-09,2026-07-09,52.79,0.7426,1.5079,0.7102,0.8456,0.9509,0.0,0.5625,0.6446,0.8223,多周期共振看多 ⬆⬆⬆,0.2204,0.6652,0.5625
600862,中航高科,274.29,True,19.69,18.42,15,6.9,-7.9,1.01,6.9,0.4545,2026-07-02,2026-07-09,59.48,0.6693,0.4323,0.4999,0.7745,0.9003,0.1668,0.5615,-0.0515,0.4743,⚠️⚠️ 逆大势反弹，大概率是下跌中继,0.2501,-0.6331,-0.5625
603858,步长制药,164.62,True,15.61,15.19,16,4.01,-4.51,0.29,2.77,0.4025,2026-06-30,2026-07-09,53.42,0.5631,0.5399,0.4347,0.7379,0.9648,0.2756,0.559,-0.0528,0.4736,⚠️⚠️ 逆大势反弹，大概率是下跌中继,0.1835,-0.6006,-0.5625
600267,海正药业,123.1,True,10.43,10.15,15,9.69,-9.06,1.75,2.73,0.3538,2026-06-22,2026-07-09,58.33,0.8673,0.1475,0.427,0.7794,0.9259,0.2883,0.5573,0.0201,0.5101,多周期方向不一致，观望,0.2621,-0.0533,-0.083
603313,梦百合,41.42,True,7.26,5.77,12,25.79,-8.72,3.7,25.79,0.5335,2026-06-24,2026-07-09,72.14,0.862,7.3141,0.8056,0.9172,0.6192,0.0,0.5571,-0.0339,0.483,⚠️⚠️ 逆大势反弹，大概率是下跌中继,0.4595,-0.5895,-0.45
601678,滨化股份,117.29,True,5.74,6.29,17,26.4,-8.69,5.76,-8.69,0.197,2026-07-09,2026-07-09,48.77,0.6502,0.9997,0.8951,0.7901,0.8616,0.0,0.557,0.6851,0.8426,多周期共振看多 ⬆⬆⬆,0.358,0.6363,0.5625
000301,东方盛虹,824.72,True,12.48,12.13,12,15.26,-4.99,0.55,2.92,0.28,2026-06-30,2026-07-09,57.07,0.7768,2.2879,0.7291,0.8661,0.9539,0.0,0.5568,0.2518,0.6259,多周期共振看多 ⬆⬆⬆,0.2004,0.1567,0.225
002773,康弘药业,150.27,True,21.88,21.02,13,13.82,-3.72,2.14,4.11,0.3633,2026-06-26,2026-07-09,60.79,0.93,0.5473,0.5661,0.958,0.8713,0.0565,0.5563,-0.0451,0.4774,⚠️⚠️ 逆大势反弹，大概率是下跌中继,0.3898,-0.6313,-0.5625
605305,中际联合,94.36,True,44.4,41.42,14,17.57,-9.74,3.28,7.19,0.4844,2026-06-18,2026-07-09,67.72,0.726,0.029,0.6708,0.6472,0.7174,0.0,0.5561,0.39,0.695,多周期共振看多 ⬆⬆⬆,0.366,0.2509,0.2925
600671,天目药业,23.49,True,19.29,17.41,12,10.79,-10.35,0.54,10.79,0.4543,2026-06-29,2026-07-09,61.45,0.6676,1.1781,0.5395,0.8006,0.8568,0.1009,0.5552,-0.0383,0.4808,多周期方向不一致，观望,0.3138,-0.55,0.1125
603789,ST星农,18.36,True,7.06,5.84,7,23.1,-6.31,2.06,20.92,0.4128,2026-06-23,2026-07-09,72.31,0.5905,6.1976,0.7382,0.7543,0.6153,0.0,0.5551,0.5047,0.7524,多周期共振看多 ⬆⬆⬆,0.3484,0.4956,0.315
002935,天奥电子,86.75,True,20.96,21.66,18,11.07,-6.34,4.29,-3.25,0.3123,2026-07-09,2026-07-09,46.2,0.7269,0.4372,0.5873,0.811,0.8043,0.0212,0.5544,0.4061,0.703,多周期共振看多 ⬆⬆⬆,0.2091,0.3083,0.405
002084,海鸥住工,23.91,True,3.71,3.52,17,8.35,-8.55,2.69,5.41,0.4769,2026-06-15,2026-07-09,63.44,0.4397,0.9868,0.3925,0.6638,0.8124,0.3459,0.5527,-0.0366,0.4817,⚠️⚠️ 逆大势反弹，大概率是下跌中继,0.3578,-0.4422,-0.5625
603049,中策橡胶,240.32,True,47.59,45.83,10,8.08,-3.56,0.8,3.84,0.3208,2026-07-01,2026-07-09,64.38,0.8578,1.9364,0.3955,0.9147,0.7917,0.3409,0.5523,-0.0378,0.4811,⚠️⚠️ 逆大势反弹，大概率是下跌中继,0.1661,-0.4127,-0.45
002428,云南锗业,672.5,True,102.98,108.35,18,35.91,-7.89,11.04,-4.96,0.4124,2026-07-09,2026-07-09,51.56,0.0417,0.2526,0.9624,0.326,0.9236,0.0,0.5514,0.7912,0.8956,多周期共振看多 ⬆⬆⬆,0.4975,0.75,0.5625
002693,双成药业,39.04,True,9.5,9.23,9,17.8,-11.25,-2.38,2.91,0.1567,2026-06-26,2026-07-09,58.48,0.8727,0.6594,0.648,0.9236,0.9227,0.0,0.5497,0.4363,0.7182,上升趋势中的日线整理,-0.0491,0.6129,0.5625
000518,四环生物,41.08,True,3.99,3.33,7,19.68,-13.03,-2.2,19.68,0.3065,2026-06-30,2026-07-09,82.71,0.8337,0.6644,0.4698,0.9002,0.3843,0.217,0.5493,0.5839,0.7919,多周期共振看多 ⬆⬆⬆,0.1597,0.584,0.5625
600707,彩虹股份,448.1,True,12.49,13.31,16,40.38,-10.05,11.45,-6.19,0.3499,2026-07-09,2026-07-09,53.54,0.5752,-0.3252,1.1588,0.415,0.9676,0.0,0.5491,0.7279,0.8639,多周期共振看多 ⬆⬆⬆,0.3567,0.7315,0.5625
605007,五洲特纸,71.42,True,15.05,13.65,9,14.64,-7.96,0.86,10.29,0.4147,2026-06-26,2026-07-09,79.1,0.8429,1.5323,0.4022,0.9057,0.4643,0.3296,0.5486,0.123,0.5615,月线看多，日线反弹（等待周线确认）,0.2878,0.0305,0.225
600171,上海贝岭,208.21,True,29.37,29.05,13,14.02,-8.08,1.76,1.11,0.2785,2026-07-08,2026-07-09,54.75,0.9194,0.7162,0.5749,0.9516,0.9946,0.0418,0.5473,-0.0394,0.4803,多周期方向不一致，观望,0.0559,0.0716,-0.2925
002046,国机精工,350.39,True,66.09,67.34,20,25.01,-8.14,10.69,-1.85,0.5219,2026-07-09,2026-07-09,52.72,0.2237,-0.632,0.8191,0.1342,0.9492,0.0,0.5464,0.7644,0.8822,多周期共振看多 ⬆⬆⬆,0.4503,0.7315,0.5625
600141,兴发集团,435.03,True,36.2,40.42,17,38.62,-10.89,13.35,-10.45,0.2592,2026-07-09,2026-07-09,46.71,0.7308,0.4712,0.9788,0.8269,0.8159,0.0,0.5459,0.4427,0.7213,多周期共振看多 ⬆⬆⬆,0.4517,0.2034,0.3825
605377,华旺科技,52.49,True,9.43,8.85,13,12.14,-10.44,1.64,6.51,0.4105,2026-06-22,2026-07-09,68.23,0.8256,0.9253,0.7791,0.8953,0.706,0.0,0.5457,0.1005,0.5503,⚠️ 月线看多但周线走弱，日线仅为反弹,0.3939,-0.2619,0.5625
000513,丽珠集团,169.65,True,29.86,29.81,16,5.16,-3.5,0.92,0.16,0.3744,2026-06-30,2026-07-09,53.63,0.7176,-0.0155,0.3337,0.6243,0.9695,0.4438,0.5457,-0.0506,0.4747,⚠️⚠️ 逆大势反弹，大概率是下跌中继,0.2765,-0.6388,-0.5625
002558,巨人网络,538.24,True,28.32,26.28,14,12.27,-9.9,1.86,7.76,0.4634,2026-06-18,2026-07-09,70.81,0.857,2.3911,0.5598,0.9142,0.6487,0.0669,0.545,-0.047,0.4765,⚠️⚠️ 逆大势反弹，大概率是下跌中继,0.3827,-0.6608,-0.5625
603125,常青科技,114.16,True,28.2,28.99,15,20.46,-6.23,7.7,-2.73,0.3629,2026-07-09,2026-07-09,47.99,0.5086,-0.131,0.7039,0.4527,0.8442,0.0,0.5447,0.7493,0.8746,多周期共振看多 ⬆⬆⬆,0.4332,0.7131,0.5625
002841,视源股份,271.78,True,52.13,36.7,8,42.05,-10.49,2.27,42.05,0.434,2026-06-29,2026-07-09,85.69,0.9023,10.3521,0.7137,0.9414,0.318,0.0,0.544,0.4227,0.7114,多周期共振看多 ⬆⬆⬆,0.3935,0.4343,0.1575
600579,中化装备,39.83,True,8.07,7.53,19,15.7,-3.0,6.33,7.23,0.6413,2026-06-15,2026-07-09,59.67,0.0627,2.507,0.6966,0.4376,0.8963,0.0,0.542,0.0211,0.5105,多周期方向不一致，观望,0.5653,-0.0541,-0.3375
002294,信立泰,392.44,True,35.21,33.23,9,25.04,-7.29,2.16,5.96,0.3462,2026-06-26,2026-07-09,62.64,0.9515,2.0526,0.7007,0.9709,0.8303,0.0,0.5418,-0.0462,0.4769,⚠️⚠️ 逆大势反弹，大概率是下跌中继,0.3013,-0.576,-0.5625
600793,宜宾纸业,29.49,True,16.67,14.14,8,40.96,-12.19,2.04,17.89,0.4282,2026-06-30,2026-07-09,63.91,0.7685,1.5404,1.0421,0.8611,0.802,0.0,0.5404,-0.0449,0.4775,⚠️⚠️ 逆大势反弹，大概率是下跌中继,0.2375,-0.6088,-0.45
002635,安洁科技,70.44,True,17.81,19.04,16,25.53,-8.94,5.46,-6.44,0.23,2026-07-09,2026-07-09,48.57,0.3899,0.7725,0.9346,0.634,0.857,0.0,0.5404,0.7283,0.8641,多周期共振看多 ⬆⬆⬆,0.3468,0.7408,0.5625
000739,普洛药业,206.58,True,17.84,16.92,15,11.32,-7.01,2.13,5.46,0.4283,2026-06-26,2026-07-09,63.95,0.7206,-0.1337,0.4069,0.5789,0.8012,0.3219,0.5387,0.1362,0.5681,月线看多，日线反弹（等待周线确认）,0.2806,0.122,0.1936
600370,*ST三房,69.19,True,1.72,1.62,19,19.21,-7.76,7.35,6.44,0.6468,2026-06-11,2026-07-09,50.55,0.0698,0.6641,0.6795,0.4419,0.9011,0.0,0.5385,-0.033,0.4835,⚠️⚠️ 逆大势反弹，大概率是下跌中继,0.43,-0.5012,-0.495
002517,恺英网络,308.87,True,16.35,15.68,13,12.31,-10.5,1.21,4.25,0.3433,2026-06-23,2026-07-09,66.49,0.7844,0.477,0.4203,0.8615,0.7447,0.2994,0.5365,-0.0436,0.4782,⚠️⚠️ 逆大势反弹，大概率是下跌中继,0.2429,-0.477,-0.5625
000782,恒申新材,40.14,True,7.6,7.74,12,12.39,-3.42,1.19,-1.87,0.2059,2026-07-09,2026-07-09,54.36,0.5998,0.1772,0.5127,0.6308,0.9858,0.1456,0.5363,0.488,0.744,上升趋势中的日线整理,0.0445,0.6669,0.5625
600288,大恒科技,73.3,True,16.78,13.46,8,29.22,-10.81,1.38,24.69,0.4118,2026-07-03,2026-07-09,74.27,0.9493,8.9633,0.7155,0.9696,0.5719,0.0,0.5342,0.048,0.524,⚠️ 月线看多但周线走弱，日线仅为反弹,0.3158,-0.1908,0.225
002020,京新药业,99.26,True,13.71,13.03,11,20.96,-9.47,2.31,5.25,0.3641,2026-06-26,2026-07-09,61.97,0.8162,1.6206,0.6364,0.8897,0.845,0.0,0.5339,-0.0398,0.4801,⚠️⚠️ 逆大势反弹，大概率是下跌中继,0.3478,-0.4937,-0.5625
002728,特一药业,46.02,True,9.18,8.69,12,14.55,-7.56,1.94,5.58,0.3791,2026-06-26,2026-07-09,63.04,0.8129,1.5633,0.6695,0.8877,0.8214,0.0,0.5338,-0.0452,0.4774,⚠️⚠️ 逆大势反弹，大概率是下跌中继,0.3194,-0.6406,-0.495
002577,雷柏科技,52.96,True,18.87,18.69,15,6.79,-5.38,1.2,0.95,0.3462,2026-06-29,2026-07-09,43.79,0.602,0.2969,0.4345,0.6799,0.7508,0.2758,0.5338,0.2303,0.6151,月线震荡，中短期走强,0.1597,0.5637,0.0736
002850,科达利,419.89,True,200.29,196.3,17,18.52,-4.92,3.76,2.03,0.4153,2026-06-29,2026-07-09,48.48,0.6115,-0.5406,0.7278,0.3669,0.8551,0.0,0.5336,0.6587,0.8294,多周期共振看多 ⬆⬆⬆,0.3836,0.5563,0.5625
002805,丰元股份,65.47,True,23.48,26.15,16,33.72,-10.22,9.81,-10.22,0.2444,2026-07-09,2026-07-09,40.02,0.5254,0.7632,0.9171,0.7153,0.6672,0.0,0.5336,0.7373,0.8686,多周期共振看多 ⬆⬆⬆,0.424,0.6946,0.5625
002748,世龙实业,28.44,True,11.85,10.89,9,8.8,-6.6,-0.68,8.8,0.3864,2026-07-03,2026-07-09,68.22,0.7633,0.4619,0.4392,0.8427,0.7063,0.2681,0.5331,-0.073,0.4635,多周期方向不一致，观望,0.1016,-0.5796,0.1715
603956,威派格,33.34,True,5.85,5.43,11,26.28,-18.05,1.61,7.82,0.4107,2026-06-24,2026-07-09,62.39,0.7244,0.5525,0.8232,0.8346,0.8357,0.0,0.5328,-0.0614,0.4693,多周期方向不一致，观望,0.1728,0.0322,-0.45
603375,盛景微,31.25,True,49.0,48.91,11,4.78,-7.77,-0.43,0.18,0.2283,2026-07-08,2026-07-09,48.94,0.6454,0.419,0.599,0.7548,0.8654,0.0017,0.5315,0.4562,0.7281,上升趋势中的日线整理,0.0434,0.5852,0.5625
600552,凯盛科技,220.38,True,23.33,25.16,17,37.77,-12.35,13.29,-7.26,0.339,2026-07-09,2026-07-09,50.02,0.6514,-0.5418,1.1237,0.3908,0.8894,0.0,0.5301,0.7349,0.8675,多周期共振看多 ⬆⬆⬆,0.4071,0.7038,0.5625
600888,新疆众和,189.01,True,12.17,13.66,19,33.91,-10.92,11.86,-10.92,0.2793,2026-07-09,2026-07-09,45.35,0.3544,0.3551,0.924,0.5547,0.7856,0.0,0.527,0.7157,0.8579,多周期共振看多 ⬆⬆⬆,0.5147,0.5694,0.5625
600285,羚锐制药,123.44,True,21.79,20.46,11,7.26,-5.15,0.18,6.49,0.3835,2026-07-01,2026-07-09,68.03,0.382,0.5035,0.2878,0.6292,0.7103,0.5203,0.5256,0.0091,0.5046,多周期方向不一致，观望,0.1238,-0.0213,-0.0446
002550,千红制药,61.37,True,6.52,6.27,11,12.59,-7.38,1.77,4.02,0.3197,2026-06-26,2026-07-09,60.18,0.8191,0.8859,0.6603,0.8915,0.8848,0.0,0.5256,-0.0505,0.4748,⚠️⚠️ 逆大势反弹，大概率是下跌中继,0.2832,-0.6423,-0.5625
603010,万盛股份,89.16,True,15.62,15.51,12,25.19,-7.35,5.05,0.73,0.3354,2026-07-08,2026-07-09,60.49,0.6765,-0.5797,0.7236,0.4059,0.878,0.0,0.525,0.6921,0.846,多周期共振看多 ⬆⬆⬆,0.265,0.7315,0.5625
002546,新联电子,63.14,True,7.88,7.21,12,9.34,-13.6,-1.23,9.34,0.3936,2026-07-07,2026-07-09,64.32,0.7998,3.7935,0.7085,0.8799,0.7929,0.0,0.5245,-0.1084,0.4458,多周期方向不一致，观望,-0.0237,-0.5685,0.1125
002837,英维克,857.68,True,75.87,75.21,12,20.96,-8.55,2.65,0.87,0.279,2026-07-08,2026-07-09,51.71,0.7275,0.851,0.6729,0.8365,0.9268,0.0,0.5244,0.075,0.5375,多周期方向不一致，观望,-0.0317,-0.1381,0.495
603989,艾华集团,165.49,True,41.5,43.57,17,49.4,-7.37,17.08,-4.76,0.4016,2026-07-09,2026-07-09,50.23,0.1003,-0.0402,1.08,0.2441,0.8939,0.0,0.5243,0.7672,0.8836,多周期共振看多 ⬆⬆⬆,0.4682,0.7223,0.5625
603444,吉比特,255.03,True,354.01,346.48,13,9.09,-7.05,1.75,2.17,0.3049,2026-06-23,2026-07-09,63.56,0.7915,0.2245,0.3711,0.7647,0.8097,0.3816,0.5238,-0.0416,0.4792,⚠️⚠️ 逆大势反弹，大概率是下跌中继,0.3429,-0.5231,-0.5625
000545,金浦钛业,26.11,True,2.65,2.56,13,13.34,-10.09,0.84,3.56,0.3168,2026-07-03,2026-07-09,57.5,0.7207,0.6439,0.8782,0.8324,0.9444,0.0,0.5234,-0.0379,0.481,⚠️⚠️ 逆大势反弹，大概率是下跌中继,0.2242,-0.4199,-0.495
600521,华海药业,243.45,True,16.26,14.89,8,14.78,-10.34,-0.82,9.22,0.3373,2026-06-30,2026-07-09,67.33,0.8932,2.749,0.4877,0.9359,0.726,0.1872,0.5234,-0.141,0.4295,多周期方向不一致，观望,0.0924,-0.249,-0.45
603668,天马科技,62.16,True,12.29,11.97,13,12.99,-10.24,2.73,2.64,0.3412,2026-07-08,2026-07-09,62.72,0.7666,0.6511,0.5619,0.86,0.8285,0.0634,0.5233,-0.0534,0.4733,⚠️⚠️ 逆大势反弹，大概率是下跌中继,0.1749,-0.6054,-0.5625
002174,游族网络,122.51,True,12.51,11.98,17,13.41,-12.75,3.75,4.41,0.4746,2026-06-15,2026-07-09,59.49,0.1948,0.3959,0.7119,0.4752,0.9003,0.0,0.5231,0.2052,0.6026,月线震荡，中短期走强,0.4381,0.4119,-0.0978
603296,华勤技术,655.97,True,82.14,74.49,5,10.27,-10.49,-2.34,10.27,0.2711,2026-07-07,2026-07-09,52.25,0.5093,1.4374,0.7352,0.7056,0.9389,0.0,0.5228,0.2762,0.6381,上升趋势中的日线整理,-0.0312,0.1817,0.5625
003018,金富科技,162.16,True,68.31,67.22,16,28.07,-10.32,7.09,1.62,0.4724,2026-07-08,2026-07-09,52.82,-0.1063,-0.3134,0.8045,0.0746,0.9515,0.0,0.5222,0.7823,0.8911,多周期共振看多 ⬆⬆⬆,0.4747,0.75,0.5625
000623,吉林敖东,212.35,True,17.83,17.69,18,6.64,-4.84,2.27,0.81,0.418,2026-06-18,2026-07-09,57.95,0.6323,-0.0405,0.4746,0.5632,0.9345,0.2089,0.5215,-0.0206,0.4897,⚠️⚠️ 逆大势反弹，大概率是下跌中继,0.2951,-0.1959,-0.45
600160,巨化股份,1241.88,True,46.0,48.53,19,26.08,-5.21,14.46,-5.21,0.4221,2026-07-09,2026-07-09,53.47,0.2155,-0.3047,0.845,0.2074,0.966,0.0,0.5209,0.6629,0.8315,多周期共振看多 ⬆⬆⬆,0.5327,0.4379,0.5625
603120,肯特催化,19.66,True,51.87,53.35,11,14.82,-5.42,1.85,-2.78,0.1517,2026-07-09,2026-07-09,52.12,0.7507,0.2622,0.9045,0.7553,0.9359,0.0,0.5206,0.4695,0.7348,上升趋势中的日线整理,0.1388,0.5379,0.5625
002038,双鹭药业,49.41,True,5.8,5.67,11,21.65,-10.81,0.78,2.27,0.251,2026-06-26,2026-07-09,56.84,0.8495,2.9052,0.9754,0.9097,0.959,0.0,0.5198,-0.0506,0.4747,⚠️⚠️ 逆大势反弹，大概率是下跌中继,0.215,-0.5853,-0.5625
603005,晶方科技,294.72,True,45.19,46.45,16,17.78,-11.53,5.24,-2.71,0.3176,2026-07-09,2026-07-09,49.2,0.7204,-0.3108,0.9027,0.5079,0.8712,0.0,0.5192,0.5334,0.7667,上升趋势中的日线整理,0.1498,0.6946,0.5625
000756,新华制药,69.6,True,13.95,13.37,12,14.37,-9.31,1.75,4.32,0.3425,2026-06-26,2026-07-09,61.82,0.7436,1.5442,0.7547,0.8462,0.8484,0.0,0.5192,-0.0404,0.4798,⚠️⚠️ 逆大势反弹，大概率是下跌中继,0.2715,-0.4406,-0.5625
002364,中恒电气,303.72,True,54.42,52.3,11,6.22,-11.86,-0.48,4.05,0.282,2026-07-08,2026-07-09,50.64,0.4856,0.1975,0.8085,0.5704,0.9031,0.0,0.519,0.4786,0.7393,上升趋势中的日线整理,-0.0594,0.7315,0.5625
603135,中重科技,80.27,True,12.75,12.91,15,31.46,-7.23,4.2,-1.23,0.3129,2026-07-09,2026-07-09,48.54,0.6943,-0.6558,0.7663,0.4166,0.8564,0.0,0.5159,0.682,0.841,多周期共振看多 ⬆⬆⬆,0.3272,0.656,0.5625
002921,联诚精密,35.27,True,27.46,25.92,13,19.17,-15.56,0.48,5.95,0.3674,2026-06-22,2026-07-09,59.71,0.4981,0.2825,0.7672,0.6119,0.8954,0.0,0.5152,0.186,0.593,月线看多，日线反弹（等待周线确认）,0.2019,0.0238,0.5625
600353,旭光电子,338.82,True,40.88,41.6,20,69.55,-9.19,28.22,-1.74,0.5247,2026-07-09,2026-07-09,48.62,0.0355,-0.6206,1.2348,0.0213,0.8583,0.0,0.5126,0.7776,0.8888,多周期共振看多 ⬆⬆⬆,0.538,0.6854,0.5625
600060,海信视像,354.82,True,27.29,26.56,14,9.1,-5.98,1.91,2.76,0.3595,2026-06-26,2026-07-09,62.88,0.3111,-0.3303,0.5336,0.2545,0.8249,0.1107,0.5118,0.7464,0.8732,多周期共振看多 ⬆⬆⬆,0.5118,0.6392,0.5625
600497,驰宏锌锗,493.45,True,9.79,10.89,15,26.3,-14.15,6.86,-10.08,0.1583,2026-07-09,2026-07-09,46.37,0.7989,0.0771,0.8546,0.7102,0.8082,0.0,0.5116,0.6063,0.8032,多周期共振看多 ⬆⬆⬆,0.3424,0.589,0.45
002080,中材科技,1254.4,True,74.75,80.14,14,35.18,-8.56,9.37,-6.73,0.2888,2026-07-09,2026-07-09,45.53,0.3378,0.0979,1.0704,0.4418,0.7895,0.0,0.5116,0.7452,0.8726,多周期共振看多 ⬆⬆⬆,0.3902,0.7408,0.5625
000017,深中华A,28.87,True,6.55,5.57,10,17.64,-8.57,2.92,17.64,0.482,2026-06-26,2026-07-09,81.25,0.8398,3.0961,0.5891,0.9039,0.4167,0.0182,0.5115,-0.0255,0.4873,⚠️⚠️ 逆大势反弹，大概率是下跌中继,0.4175,-0.3931,-0.45
600572,康恩贝,103.04,True,4.07,4.01,10,4.15,-3.03,-0.08,1.53,0.2845,2026-06-30,2026-07-09,55.81,0.5305,0.2184,0.2447,0.6056,0.9819,0.5922,0.5111,-0.2149,0.3926,多周期方向不一致，观望,0.005,-0.3864,-0.5625
000703,恒逸石化,516.74,True,13.59,13.95,11,25.15,-7.81,3.12,-2.59,0.1883,2026-07-09,2026-07-09,54.9,0.8072,0.5792,0.8738,0.8843,0.9978,0.0,0.5109,0.0231,0.5115,多周期方向不一致，观望,-0.0158,-0.1775,0.2925
002876,三利谱,46.17,True,31.0,32.42,16,13.35,-6.62,3.23,-4.37,0.226,2026-07-09,2026-07-09,42.05,0.8733,-0.2519,0.5825,0.6232,0.7121,0.0292,0.5089,0.6539,0.827,多周期共振看多 ⬆⬆⬆,0.1777,0.7223,0.5625
600703,三安光电,888.05,True,17.8,18.47,13,30.14,-13.29,6.97,-3.61,0.2908,2026-07-09,2026-07-09,51.09,0.4538,-0.1041,0.9545,0.4306,0.9132,0.0,0.5088,0.5877,0.7938,多周期共振看多 ⬆⬆⬆,0.228,0.5337,0.5625
002301,齐心集团,59.74,True,8.32,7.73,11,10.16,-9.08,-0.01,7.63,0.3655,2026-06-30,2026-07-09,62.27,0.2926,0.074,0.5926,0.4052,0.8384,0.0123,0.5084,0.5257,0.7629,多周期共振看多 ⬆⬆⬆,0.3437,0.4783,0.3825
002636,金安国纪,721.13,True,99.56,104.62,18,65.81,-9.47,34.93,-4.83,0.4155,2026-07-09,2026-07-09,46.68,-0.3156,-0.0676,0.9798,0.173,0.8152,0.0,0.506,0.7959,0.898,多周期共振看多 ⬆⬆⬆,0.5095,0.75,0.5625
600228,返利科技,29.29,True,7.04,7.69,11,52.75,-16.45,8.97,-8.51,0.1866,2026-07-09,2026-07-09,47.55,0.3249,2.45,1.1464,0.5949,0.8345,0.0,0.5057,0.6441,0.822,多周期共振看多 ⬆⬆⬆,0.254,0.6355,0.5625
605060,XD联德股,125.56,True,52.55,51.93,14,12.8,-10.27,1.74,1.2,0.2963,2026-06-26,2026-07-09,50.27,0.6795,0.3914,0.771,0.7642,0.895,0.0,0.5047,0.0298,0.5149,⚠️ 月线看多但周线走弱，日线仅为反弹,0.2296,-0.2998,0.2925
603819,神力股份,29.2,True,13.41,12.06,6,14.95,-13.02,-2.55,11.22,0.2818,2026-07-02,2026-07-09,67.68,0.8047,1.4114,0.5496,0.8828,0.7182,0.084,0.5043,0.0165,0.5082,多周期方向不一致，观望,0.0066,-0.2255,0.2925
002245,蔚蓝锂芯,329.67,True,20.52,20.33,12,9.7,-10.01,-0.15,0.94,0.2105,2026-07-08,2026-07-09,50.48,0.4486,0.3652,0.7912,0.6152,0.8996,0.0,0.5042,0.4643,0.7321,上升趋势中的日线整理,-0.0201,0.6608,0.5625
002436,兴森科技,674.72,True,44.45,46.38,17,31.29,-12.19,9.59,-4.16,0.4062,2026-07-09,2026-07-09,38.83,0.3414,-0.2002,0.9718,0.3248,0.6406,0.0,0.5041,0.7694,0.8847,多周期共振看多 ⬆⬆⬆,0.4846,0.7131,0.5625
600531,豫光金铅,163.37,True,13.51,14.18,15,26.82,-14.96,4.32,-4.75,0.2279,2026-07-09,2026-07-09,51.19,0.9048,0.4643,0.9072,0.9286,0.9152,0.0,0.5033,-0.1047,0.4476,多周期方向不一致，观望,0.1291,-0.2334,-0.3375
002396,星网锐捷,219.35,True,28.96,21.0,7,42.03,-20.57,0.93,37.93,0.3846,2026-06-30,2026-07-09,81.15,0.6797,2.3889,0.8668,0.8078,0.419,0.0,0.5028,0.3038,0.6519,多周期共振看多 ⬆⬆⬆,0.3102,0.2442,0.1575
603856,东宏股份,36.3,True,12.87,13.04,18,10.64,-2.08,4.51,-1.34,0.4024,2026-07-09,2026-07-09,53.57,0.2714,-0.055,0.4464,0.3409,0.9683,0.256,0.5024,0.1415,0.5707,月线震荡，中短期走强,0.3059,0.1842,0.0292
603040,新坐标,122.55,True,62.42,65.03,17,11.72,-4.02,3.94,-4.02,0.2829,2026-07-09,2026-07-09,42.43,0.5947,0.2099,0.6557,0.6407,0.7206,0.0,0.5015,0.4435,0.7218,多周期共振看多 ⬆⬆⬆,0.3809,0.2901,0.3582
002367,康力电梯,48.87,True,6.15,6.2,13,20.63,-8.3,5.67,-0.85,0.3275,2026-07-09,2026-07-09,60.86,0.6378,1.5981,0.6472,0.7827,0.8699,0.0,0.5012,-0.0722,0.4639,多周期方向不一致，观望,0.1363,0.016,-0.45
605358,立昂微,492.43,True,63.77,68.88,17,27.41,-16.42,7.25,-7.41,0.2664,2026-07-09,2026-07-09,43.49,0.6862,-0.2247,0.8824,0.5218,0.7442,0.0,0.5011,0.6412,0.8206,多周期共振看多 ⬆⬆⬆,0.1668,0.7038,0.5625
002456,欧菲光,315.51,True,9.51,9.17,9,3.75,-5.91,-0.83,3.75,0.2715,2026-07-08,2026-07-09,52.46,0.6202,0.5627,0.6583,0.7721,0.9435,0.0,0.5009,-0.0121,0.494,多周期方向不一致，观望,-0.059,0.1775,-0.18
600196,复星医药,486.19,True,22.95,22.48,10,7.94,-5.9,0.02,2.07,0.248,2026-06-26,2026-07-09,58.66,0.7125,0.6551,0.4128,0.8275,0.9187,0.3119,0.5001,-0.2701,0.3649,多周期方向不一致，观望,0.1243,-0.7315,-0.5625
603501,豪威集团,1292.92,True,107.14,93.08,8,15.11,-13.45,-0.91,15.11,0.3546,2026-06-29,2026-07-09,71.12,0.7606,1.0822,0.5367,0.8563,0.6418,0.1054,0.5001,-0.0751,0.4625,多周期方向不一致，观望,0.0784,0.0529,-0.45
001389,广合科技,279.3,True,183.32,197.27,13,23.26,-7.95,3.67,-7.07,0.1218,2026-07-09,2026-07-09,43.69,0.6584,1.0184,0.8996,0.795,0.7486,0.0,0.4995,0.5332,0.7666,上升趋势中的日线整理,0.0844,0.75,0.5625
603002,宏昌电子,227.5,True,20.06,22.29,18,40.53,-10.82,13.73,-10.02,0.2858,2026-07-09,2026-07-09,37.88,0.2307,0.3619,0.9615,0.4832,0.6195,0.0,0.4989,0.7889,0.8944,多周期共振看多 ⬆⬆⬆,0.4915,0.75,0.5625
002332,仙琚制药,80.54,True,8.18,8.29,8,2.7,-3.99,-0.63,-1.36,0.1676,2026-07-09,2026-07-09,46.09,0.7729,0.4841,0.2113,0.8574,0.8021,0.6479,0.4987,-0.2656,0.3672,多周期方向不一致，观望,-0.116,-0.5055,-0.5625
002851,麦格米特,731.32,True,159.59,159.78,14,25.88,-8.8,5.77,-0.12,0.364,2026-07-09,2026-07-09,39.29,0.4033,0.008,0.9343,0.4452,0.6508,0.0,0.4984,0.6206,0.8103,多周期共振看多 ⬆⬆⬆,0.1697,0.656,0.5625
603118,共进股份,105.65,True,13.42,12.62,7,15.03,-12.64,-2.03,6.33,0.2189,2026-07-03,2026-07-09,51.72,0.7179,1.419,0.7486,0.8308,0.9272,0.0,0.4982,0.0185,0.5092,多周期方向不一致，观望,-0.0169,-0.1966,0.2925
605186,健麾信息,44.5,True,32.72,32.93,15,25.21,-4.64,8.46,-0.63,0.4343,2026-07-09,2026-07-09,44.8,0.3047,-0.5448,0.6197,0.1828,0.7733,0.0,0.4981,0.7218,0.8609,多周期共振看多 ⬆⬆⬆,0.5182,0.5798,0.5625
002258,利尔化学,109.96,True,13.76,13.43,18,10.35,-4.57,3.27,2.44,0.4576,2026-07-01,2026-07-09,57.82,0.5605,-0.2386,0.6504,0.4409,0.9372,0.0,0.4976,0.0522,0.5261,多周期方向不一致，观望,0.3988,0.1127,-0.225
000521,长虹美菱,47.61,True,5.44,5.56,14,11.21,-7.99,1.68,-2.12,0.2129,2026-07-09,2026-07-09,51.79,0.7661,1.0394,0.6933,0.8597,0.9286,0.0,0.4971,-0.0238,0.4881,⚠️⚠️ 逆大势反弹，大概率是下跌中继,0.427,-0.2575,-0.5625
002793,罗欣药业,48.98,True,4.51,4.16,7,15.86,-7.97,-0.72,8.43,0.3041,2026-06-30,2026-07-09,62.69,0.8607,2.3905,0.6133,0.9164,0.8292,0.0,0.4964,-0.2204,0.3898,多周期方向不一致，观望,0.0837,-0.4781,-0.5625
002600,领益智造,1123.15,True,15.6,16.23,14,16.3,-11.54,3.41,-3.89,0.2107,2026-07-09,2026-07-09,44.8,0.7987,0.1223,0.8928,0.7282,0.7732,0.0,0.4953,0.3639,0.682,上升趋势中的日线整理,0.1203,0.4372,0.405
605389,长龄液压,157.68,True,89.01,92.08,15,15.2,-4.88,3.89,-3.33,0.2526,2026-07-09,2026-07-09,47.1,0.6025,-0.3957,0.558,0.4032,0.8245,0.07,0.4952,0.6648,0.8324,多周期共振看多 ⬆⬆⬆,0.238,0.6946,0.5625
603351,威尔药业,34.35,True,25.36,25.46,10,9.19,-3.96,0.4,-0.41,0.2049,2026-07-09,2026-07-09,52.59,0.8556,0.5384,0.6183,0.9134,0.9465,0.0,0.4945,-0.1326,0.4337,多周期方向不一致，观望,0.0899,-0.0974,-0.5625
003033,征和工业,56.12,True,69.5,56.21,9,23.64,-16.16,-0.19,23.64,0.3884,2026-06-30,2026-07-09,80.68,0.877,0.2995,0.6312,0.846,0.4293,0.0,0.4944,0.1544,0.5772,月线看多，日线反弹（等待周线确认）,0.4123,0.1193,0.1575
000404,长虹华意,53.13,True,7.67,7.8,8,9.37,-10.54,-1.42,-1.61,0.0515,2026-07-09,2026-07-09,51.72,0.6876,1.502,0.5738,0.8125,0.9272,0.0436,0.4939,0.3805,0.6903,上升趋势中的日线整理,-0.0062,0.4312,0.5625
603091,众鑫股份,22.08,True,50.15,48.7,12,7.03,-13.63,-1.56,2.98,0.2263,2026-06-25,2026-07-09,56.25,0.6694,0.2101,0.4356,0.6857,0.9721,0.274,0.4928,-0.084,0.458,多周期方向不一致，观望,0.13,-0.3878,-0.0927
600183,生益科技,3768.95,True,157.4,166.81,16,31.65,-12.52,11.16,-5.64,0.3635,2026-07-09,2026-07-09,38.23,0.3365,-0.1422,0.8697,0.345,0.6272,0.0,0.4918,0.7571,0.8785,多周期共振看多 ⬆⬆⬆,0.453,0.7131,0.5625
603051,鹿山新材,37.0,True,22.89,20.73,5,12.14,-12.14,-2.76,10.41,0.2605,2026-07-02,2026-07-09,59.39,0.7077,1.3655,0.6255,0.8246,0.9024,0.0,0.4916,-0.0946,0.4527,多周期方向不一致，观望,-0.1116,-0.387,0.0667
002261,拓维信息,365.84,True,31.92,29.43,7,8.44,-10.58,-1.39,8.44,0.2996,2026-07-07,2026-07-09,54.9,0.6,1.8023,0.6036,0.76,0.9978,0.0,0.4911,-0.2034,0.3983,多周期方向不一致，观望,-0.0461,-0.5152,-0.3394
603722,阿科力,36.51,True,38.15,38.4,13,16.56,-9.86,1.3,-0.66,0.2229,2026-07-09,2026-07-09,46.66,0.6527,3.2562,0.791,0.7916,0.8146,0.0,0.4907,0.1464,0.5732,月线震荡，中短期走强,0.4331,0.2335,-0.1125
002236,大华股份,412.47,True,17.25,16.4,9,5.19,-7.21,-1.35,5.19,0.2892,2026-06-29,2026-07-09,61.19,0.4195,0.4241,0.3256,0.6214,0.8625,0.4574,0.4903,-0.1668,0.4166,多周期方向不一致，观望,-0.0171,-0.2496,-0.469
002787,华源控股,65.77,True,26.51,28.97,16,17.86,-8.49,4.81,-8.49,0.1625,2026-07-09,2026-07-09,43.3,0.7435,-0.1784,0.7936,0.5747,0.74,0.0,0.4884,0.7099,0.8549,多周期共振看多 ⬆⬆⬆,0.289,0.75,0.5625
600345,长江通信,125.77,True,59.45,62.75,16,28.33,-9.63,7.71,-5.26,0.3156,2026-07-09,2026-07-09,42.55,0.3195,-0.0392,0.7892,0.376,0.7232,0.0,0.4882,0.6783,0.8392,多周期共振看多 ⬆⬆⬆,0.2081,0.75,0.5625
600488,津药药业,57.76,True,5.29,4.94,7,11.26,-13.09,-3.57,7.14,0.2005,2026-06-30,2026-07-09,60.28,0.7334,0.6009,0.8998,0.8401,0.8827,0.0,0.4881,0.0205,0.5102,多周期方向不一致，观望,-0.0873,-0.2852,0.45
600812,华北制药,77.38,True,4.51,4.44,10,5.2,-6.88,-0.43,1.58,0.2438,2026-06-30,2026-07-09,54.3,0.5217,0.4944,0.3975,0.7108,0.9845,0.3376,0.4873,-0.2753,0.3624,多周期方向不一致，观望,0.0758,-0.7125,-0.5625
603496,恒为科技,82.65,True,25.81,23.81,9,15.14,-16.9,-1.26,8.4,0.3216,2026-07-07,2026-07-09,46.58,0.7493,2.8496,0.8082,0.8496,0.8129,0.0,0.4867,-0.2132,0.3934,多周期方向不一致，观望,0.0311,-0.4012,-0.5625
002008,大族激光,1252.36,True,130.9,135.48,11,16.5,-9.71,1.17,-3.38,0.1198,2026-07-09,2026-07-09,47.55,0.8548,-0.1002,0.8231,0.6728,0.8343,0.0,0.4865,0.5267,0.7633,上升趋势中的日线整理,0.0863,0.7315,0.5625
002393,力生制药,42.93,True,14.3,14.45,9,5.33,-6.01,-0.64,-1.04,0.1547,2026-07-09,2026-07-09,51.69,0.7755,0.5441,0.379,0.8653,0.9263,0.3684,0.4861,-0.2728,0.3636,多周期方向不一致，观望,-0.0183,-0.6208,-0.5625
603906,龙蟠科技,138.61,True,24.62,26.71,14,16.65,-10.59,3.51,-7.82,0.115,2026-07-09,2026-07-09,52.0,0.6616,0.1641,0.9043,0.6626,0.9334,0.0,0.4856,0.4289,0.7145,多周期共振看多 ⬆⬆⬆,0.1879,0.3315,0.45
002281,光迅科技,1861.41,True,238.49,237.1,13,25.1,-10.76,4.05,0.59,0.3227,2026-07-08,2026-07-09,41.24,0.4196,-0.2063,0.9481,0.3692,0.6942,0.0,0.4852,0.6833,0.8417,多周期共振看多 ⬆⬆⬆,0.2207,0.75,0.5625
002268,电科网安,128.06,True,15.15,13.46,7,17.14,-11.21,-1.59,12.56,0.3216,2026-06-30,2026-07-09,64.71,0.8362,2.2854,0.6128,0.9017,0.7841,0.0,0.4846,-0.2785,0.3608,多周期方向不一致，观望,0.0925,-0.7408,-0.5625
603358,华达科技,195.88,True,42.42,40.58,17,12.36,-5.45,4.53,4.54,0.4972,2026-06-17,2026-07-09,59.96,0.168,0.1148,0.6254,0.3467,0.8897,0.0,0.4841,0.0568,0.5284,⚠️ 月线空头下的短期反弹，不宜追高,0.5901,0.3233,-0.18
601233,桐昆股份,499.16,True,21.02,22.53,18,15.22,-6.72,5.59,-6.72,0.2581,2026-07-09,2026-07-09,50.63,0.4006,-0.0017,0.8295,0.4397,0.9028,0.0,0.484,0.4655,0.7328,多周期共振看多 ⬆⬆⬆,0.2647,0.5037,0.2925
600889,*ST京化,57.99,True,15.83,15.81,12,6.22,-5.25,-0.05,0.1,0.2554,2026-07-08,2026-07-09,51.83,0.6916,-0.3182,0.3222,0.4877,0.9296,0.463,0.4838,-0.0084,0.4958,多周期方向不一致，观望,0.1031,0.2572,-0.3825
600110,诺德股份,233.21,True,13.44,15.04,19,42.98,-10.65,13.49,-10.65,0.2859,2026-07-09,2026-07-09,30.61,0.2319,0.8925,1.0262,0.5391,0.458,0.0,0.4832,0.7675,0.8838,多周期共振看多 ⬆⬆⬆,0.4367,0.75,0.5625
002345,潮宏基,86.12,True,9.93,9.67,14,12.36,-5.86,3.08,2.66,0.3662,2026-06-30,2026-07-09,53.49,0.6688,-0.0978,0.6577,0.5622,0.9664,0.0,0.4829,-0.0748,0.4626,多周期方向不一致，观望,0.3724,-0.0853,-0.5625
000989,九芝堂,56.09,True,8.08,8.03,10,5.34,-4.93,-0.15,0.62,0.2349,2026-06-30,2026-07-09,53.52,0.5069,0.4494,0.412,0.6839,0.967,0.3134,0.4827,-0.2079,0.3961,多周期方向不一致，观望,0.0904,-0.4289,-0.5625
002579,中京电子,105.36,True,18.06,18.98,14,22.57,-12.96,5.11,-4.83,0.2298,2026-07-09,2026-07-09,43.1,0.4285,-0.0832,1.0963,0.4238,0.7356,0.0,0.4822,0.7451,0.8725,多周期共振看多 ⬆⬆⬆,0.3793,0.75,0.5625
002603,以岭药业,209.1,True,15.19,15.25,11,4.09,-4.69,0.09,-0.41,0.2462,2026-07-09,2026-07-09,51.93,0.6687,0.1994,0.3887,0.681,0.9317,0.3522,0.4821,-0.2235,0.3882,多周期方向不一致，观望,0.0914,-0.4984,-0.5625
603663,三祥新材,337.38,True,79.63,87.42,18,39.96,-12.56,18.26,-8.91,0.3137,2026-07-09,2026-07-09,42.27,0.2734,-0.1567,0.8436,0.3014,0.7171,0.0,0.4817,0.758,0.879,多周期共振看多 ⬆⬆⬆,0.5005,0.6744,0.5625
603335,迪生力,31.21,True,7.29,8.41,18,21.34,-13.79,7.18,-13.34,0.1322,2026-07-09,2026-07-09,42.65,0.5102,0.2351,1.0378,0.6002,0.7256,0.0,0.4812,0.7012,0.8506,多周期共振看多 ⬆⬆⬆,0.2882,0.7315,0.5625
603638,艾迪精密,198.26,True,22.55,24.14,13,16.58,-6.58,1.77,-6.58,0.0865,2026-07-09,2026-07-09,42.69,0.6852,0.4872,0.8566,0.806,0.7263,0.0,0.4811,0.4799,0.7399,上升趋势中的日线整理,0.1217,0.5798,0.5625
000823,超声电子,114.17,True,19.19,22.22,18,42.94,-16.6,13.51,-13.65,0.195,2026-07-09,2026-07-09,44.76,0.3694,0.0557,1.2145,0.4439,0.7725,0.0,0.4809,0.7423,0.8711,多周期共振看多 ⬆⬆⬆,0.4366,0.6946,0.5625
605376,博迁新材,541.38,True,206.95,228.06,18,33.93,-10.82,14.48,-9.26,0.305,2026-07-09,2026-07-09,43.16,0.0507,0.0966,1.0648,0.2691,0.7368,0.0,0.4801,0.7941,0.8971,多周期共振看多 ⬆⬆⬆,0.505,0.75,0.5625
002864,盘龙药业,22.22,True,30.16,27.22,6,10.82,-8.19,-1.98,10.82,0.3014,2026-07-02,2026-07-09,65.45,0.7404,3.6521,0.5266,0.8442,0.7677,0.1224,0.4799,-0.2539,0.373,多周期方向不一致，观望,-0.0575,-0.5717,-0.495
603389,亚振家居,158.39,True,60.28,59.05,5,3.36,-8.07,-2.15,2.07,0.1408,2026-07-08,2026-07-09,54.71,0.2811,2.0457,0.4524,0.5687,0.9936,0.246,0.4798,0.2012,0.6006,上升趋势中的日线回调（关注买点）,-0.1978,0.2835,0.5625
603207,小方制药,12.37,True,22.65,22.54,10,6.1,-7.89,-0.65,0.49,0.184,2026-06-30,2026-07-09,53.49,0.6672,0.4137,0.3781,0.7658,0.9664,0.3699,0.4797,-0.2845,0.3578,多周期方向不一致，观望,0.0721,-0.75,-0.5625
003020,立方制药,28.72,True,17.04,15.6,6,9.23,-6.86,-1.53,9.23,0.2972,2026-07-08,2026-07-09,62.12,0.8079,8.9009,0.6002,0.8847,0.8417,0.0,0.4789,-0.3077,0.3462,多周期方向不一致，观望,-0.0573,-0.7408,-0.5625
603281,江瀚新材,126.91,True,24.47,26.5,13,17.25,-10.3,3.2,-7.65,0.0955,2026-07-09,2026-07-09,44.21,0.7187,0.7112,0.6744,0.8312,0.7601,0.0,0.4789,0.3598,0.6799,上升趋势中的日线整理,0.0628,0.4308,0.45
601369,陕鼓动力,154.41,True,9.05,8.92,9,5.18,-8.2,-0.69,1.5,0.2052,2026-06-25,2026-06-26,54.07,0.6763,1.9042,0.514,0.8058,0.9794,0.1433,0.4786,-0.2428,0.3786,月线震荡，中短期走弱,-0.2497,-0.4896,-0.1125
000810,创维数字,129.61,True,11.67,12.06,14,14.94,-13.88,2.89,-3.23,0.2141,2026-07-09,2026-07-09,43.91,0.7293,1.4519,0.6429,0.8376,0.7535,0.0,0.4778,0.064,0.532,多周期方向不一致，观望,0.02,0.1726,0.0917
000988,华工科技,1597.93,True,159.0,163.51,13,13.69,-9.51,1.95,-2.76,0.1866,2026-07-09,2026-07-09,42.04,0.8002,-0.1242,0.8443,0.6305,0.712,0.0,0.4775,0.5092,0.7546,上升趋势中的日线整理,0.0226,0.7408,0.5625
002871,伟隆股份,29.85,True,20.0,20.93,12,10.41,-5.35,0.69,-4.45,0.1259,2026-07-09,2026-07-09,49.06,0.4322,0.4679,0.6646,0.6465,0.868,0.0,0.4774,0.4411,0.7206,上升趋势中的日线整理,-0.0404,0.6179,0.5625
603032,德新科技,51.68,True,22.19,25.31,14,18.25,-12.33,2.49,-12.33,0.0,2026-07-09,2026-07-09,42.86,0.6481,0.863,0.9378,0.7888,0.7303,0.0,0.4766,0.6742,0.8371,多周期共振看多 ⬆⬆⬆,0.3934,0.6946,0.45
002718,友邦吊顶,96.9,True,103.11,108.98,18,21.0,-9.05,9.25,-5.39,0.3828,2026-07-09,2026-07-09,41.96,0.1941,-0.528,0.5416,0.1165,0.7102,0.0973,0.4764,0.7761,0.8881,多周期共振看多 ⬆⬆⬆,0.491,0.7223,0.5625
603260,合盛硅业,513.43,True,43.43,46.64,16,26.84,-10.47,7.95,-6.89,0.281,2026-07-09,2026-07-09,40.21,0.7718,1.9205,0.7718,0.8631,0.6714,0.0,0.4761,-0.0522,0.4739,多周期方向不一致，观望,0.2204,0.0316,-0.45
002472,双环传动,318.3,True,42.52,41.82,13,12.03,-10.17,0.48,1.68,0.2607,2026-06-29,2026-07-09,47.62,0.7656,-0.3959,0.7138,0.501,0.836,0.0,0.4759,0.3765,0.6883,多周期共振看多 ⬆⬆⬆,0.1662,0.3475,0.3375
601869,长飞光纤,1793.01,True,441.26,487.8,16,29.41,-16.05,7.84,-9.54,0.2121,2026-07-09,2026-07-09,45.89,0.4593,-0.1529,0.8549,0.4144,0.7976,0.0,0.4758,0.6771,0.8386,多周期共振看多 ⬆⬆⬆,0.2049,0.75,0.5625
002211,ST宏达,16.22,True,3.75,3.89,14,9.83,-3.67,2.14,-3.67,0.2141,2026-07-09,2026-07-09,47.93,0.6801,-0.3158,0.5666,0.4818,0.8429,0.0556,0.4751,0.4603,0.7301,上升趋势中的日线整理,0.1276,0.6363,0.45
603938,三孚股份,213.96,True,55.92,62.9,18,35.38,-15.33,14.1,-11.1,0.2588,2026-07-09,2026-07-09,51.91,0.3196,-0.5819,1.0281,0.1918,0.9313,0.0,0.4749,0.7538,0.8769,多周期共振看多 ⬆⬆⬆,0.4445,0.7131,0.5625
002346,柘中股份,77.76,True,19.83,19.16,12,21.92,-19.11,1.07,3.48,0.3045,2026-07-08,2026-07-09,57.63,0.6738,-0.4923,0.8205,0.4073,0.9417,0.0,0.4746,0.2846,0.6423,上升趋势中的日线整理,0.0417,0.2084,0.495
600166,福田汽车,249.4,True,3.15,3.09,13,5.35,-5.04,0.54,1.83,0.3168,2026-07-02,2026-07-09,50.0,0.466,-0.1951,0.4018,0.4016,0.8889,0.3303,0.474,0.0581,0.5291,多周期方向不一致，观望,0.1414,-0.1585,0.2925
002755,奥赛康,132.45,True,14.27,13.54,9,14.99,-15.55,-0.99,5.38,0.2529,2026-06-26,2026-07-09,63.85,0.8183,0.3003,0.5184,0.8111,0.8034,0.1361,0.4737,-0.188,0.406,多周期方向不一致，观望,0.1102,-0.3585,-0.5625
002107,沃华医药,35.88,True,6.28,6.03,7,10.93,-9.66,-2.36,4.14,0.1559,2026-06-30,2026-07-09,57.3,0.7531,0.6023,0.512,0.8519,0.9489,0.1467,0.4734,-0.2063,0.3968,多周期方向不一致，观望,-0.1288,-0.4587,-0.3375
002440,闰土股份,90.19,True,9.53,10.34,16,22.19,-7.99,6.34,-7.82,0.2175,2026-07-09,2026-07-09,46.66,0.7077,0.7635,0.9346,0.8246,0.8146,0.0,0.4733,-0.0326,0.4837,⚠️⚠️ 逆大势反弹，大概率是下跌中继,0.2669,-0.5113,-0.3375
002976,瑞玛精密,30.61,True,25.15,24.73,11,12.88,-17.88,-0.91,1.72,0.1953,2026-07-08,2026-07-09,60.27,0.2138,1.2344,0.9923,0.5283,0.8829,0.0,0.4727,0.4079,0.7039,上升趋势中的日线整理,-0.1007,0.5832,0.5625
603407,长裕集团,26.05,True,72.53,80.07,15,54.85,-21.23,17.72,-9.42,0.2532,2026-07-09,2026-07-09,53.13,0.5353,0.2844,1.1085,0.6349,0.9584,0.0,0.4717,0.0,0.5,周线日线方向不一致,0.0,,
002292,奥飞娱乐,77.56,True,7.62,6.86,6,14.05,-10.66,-2.39,11.13,0.2857,2026-07-01,2026-07-09,65.99,0.7872,0.9468,0.6613,0.8723,0.7557,0.0,0.4712,-0.2182,0.3909,多周期方向不一致，观望,-0.0094,-0.3884,-0.5625
605399,晨光新材,43.93,True,14.1,13.81,9,9.41,-11.52,-0.59,2.13,0.1816,2026-07-06,2026-07-09,57.06,0.736,1.1705,0.6892,0.8416,0.9542,0.0,0.4706,-0.1629,0.4185,多周期方向不一致，观望,-0.0025,-0.4504,-0.2635
605588,冠石科技,43.68,True,59.76,61.91,14,18.42,-10.71,4.17,-3.47,0.2401,2026-07-09,2026-07-09,42.47,0.3573,0.0553,0.6469,0.4365,0.7216,0.0,0.4701,0.6204,0.8102,多周期共振看多 ⬆⬆⬆,0.1908,0.6375,0.5625
000333,美的集团,5443.87,True,79.33,76.77,12,4.45,-5.31,-0.23,3.34,0.323,2026-06-30,2026-07-09,67.21,0.0801,-0.1793,0.3002,0.1763,0.7286,0.4997,0.4697,0.4266,0.7133,上升趋势中的日线整理,0.1354,0.4294,0.5625
603083,剑桥科技,556.69,True,202.0,218.65,13,30.63,-12.59,5.68,-7.62,0.1584,2026-07-09,2026-07-09,45.85,0.3237,0.1211,0.9312,0.4426,0.7967,0.0,0.4684,0.7028,0.8514,多周期共振看多 ⬆⬆⬆,0.2707,0.75,0.5625
605100,华丰股份,86.84,True,36.5,38.36,13,13.89,-8.02,2.82,-4.84,0.1561,2026-07-09,2026-07-09,42.54,0.6379,0.111,0.6242,0.6271,0.7232,0.0,0.4681,0.4989,0.7494,上升趋势中的日线整理,0.0235,0.7131,0.5625
002215,诺 普 信,75.57,True,9.35,8.97,7,10.64,-8.92,-1.08,4.21,0.1913,2026-07-08,2026-07-09,52.86,0.8272,1.6694,0.6138,0.8963,0.9525,0.0,0.4678,-0.2938,0.3531,多周期方向不一致，观望,-0.0185,-0.7131,-0.5625
002955,鸿合科技,64.52,True,32.98,33.92,20,25.11,-2.77,14.14,-2.77,0.499,2026-07-09,2026-07-09,43.87,0.017,-0.6802,0.6263,0.0102,0.7526,0.0,0.4678,0.6258,0.8129,多周期共振看多 ⬆⬆⬆,0.6025,0.364,0.495
002552,宝鼎科技,237.83,True,64.54,64.99,14,34.59,-12.97,8.84,-0.7,0.4262,2026-07-09,2026-07-09,43.26,0.144,-0.5734,1.2014,0.0864,0.7391,0.0,0.4674,0.6912,0.8456,多周期共振看多 ⬆⬆⬆,0.295,0.7038,0.5625
600129,太极集团,84.86,True,15.39,13.38,8,15.03,-11.02,-1.48,15.03,0.3402,2026-06-29,2026-07-09,69.24,0.7733,6.7585,0.6451,0.864,0.6835,0.0,0.4674,-0.2802,0.3599,多周期方向不一致，观望,0.0943,-0.75,-0.5625
603330,天洋新材,34.44,True,7.96,8.16,13,20.53,-9.75,3.36,-2.45,0.2295,2026-07-09,2026-07-09,52.46,0.6672,-0.7477,0.6298,0.4003,0.9436,0.0,0.4671,0.4129,0.7065,多周期共振看多 ⬆⬆⬆,0.2193,0.4494,0.27
603160,汇顶科技,281.87,True,60.49,58.71,12,7.15,-11.89,-0.7,3.03,0.2613,2026-07-08,2026-07-09,54.47,0.4144,0.7137,0.4745,0.6486,0.9883,0.2092,0.4661,-0.2892,0.3554,多周期方向不一致，观望,0.0484,-0.75,-0.5625
605008,长鸿高科,77.64,True,12.02,11.49,13,8.35,-7.72,1.28,4.65,0.397,2026-06-30,2026-07-09,68.34,0.3864,-0.0661,0.3604,0.4054,0.7036,0.3994,0.4661,-0.0365,0.4818,⚠️⚠️ 逆大势反弹，大概率是下跌中继,0.2525,-0.4613,-0.45
600237,铜峰电子,69.96,True,11.2,11.98,15,18.22,-11.14,5.82,-6.48,0.222,2026-07-09,2026-07-09,44.23,0.6476,-0.3769,1.0248,0.4378,0.7606,0.0,0.466,0.5819,0.791,多周期共振看多 ⬆⬆⬆,0.2037,0.5417,0.5625
002741,光华科技,138.57,True,32.5,34.92,17,37.77,-10.47,10.78,-6.94,0.3469,2026-07-09,2026-07-09,31.43,0.4182,-0.2012,1.022,0.3704,0.4763,0.0,0.4654,0.7265,0.8633,多周期共振看多 ⬆⬆⬆,0.4822,0.6208,0.5625
603222,济民健康,53.14,True,10.12,8.19,8,23.62,-14.81,-2.8,23.62,0.3073,2026-06-29,2026-07-09,71.31,0.6482,3.1332,0.7845,0.7889,0.6375,0.0,0.4647,-0.0467,0.4767,多周期方向不一致，观望,0.0327,-0.3008,0.0675
000818,航锦科技,92.28,True,14.02,13.71,11,14.41,-15.59,-0.85,2.27,0.2105,2026-06-29,2026-07-09,58.53,0.7357,1.0546,0.8498,0.8414,0.9216,0.0,0.4642,-0.2436,0.3782,多周期方向不一致，观望,0.0816,-0.5783,-0.5625
002463,沪电股份,2640.02,True,137.3,138.96,16,15.86,-7.73,3.84,-1.19,0.3208,2026-07-09,2026-07-09,44.52,0.3979,-0.351,0.8373,0.2983,0.7671,0.0,0.4639,0.5429,0.7714,上升趋势中的日线整理,0.1139,0.75,0.5625
603818,曲美家居,23.0,True,3.35,3.04,7,13.62,-12.13,-1.86,10.11,0.3149,2026-06-30,2026-07-09,67.24,0.6955,0.8704,0.5707,0.8173,0.728,0.0488,0.4638,-0.2659,0.367,多周期方向不一致，观望,0.0338,-0.6352,-0.5625
603139,康惠股份,40.21,True,40.26,41.02,15,17.02,-3.86,3.68,-1.85,0.2845,2026-07-09,2026-07-09,35.78,0.1415,0.2855,0.7589,0.3991,0.573,0.0,0.4633,0.6976,0.8488,多周期共振看多 ⬆⬆⬆,0.2575,0.75,0.5625
600380,健康元,180.75,True,9.88,9.74,11,5.9,-4.25,-0.08,1.47,0.2848,2026-06-30,2026-07-09,55.47,0.4893,-0.0265,0.3475,0.483,0.9895,0.4209,0.4629,-0.2772,0.3614,多周期方向不一致，观望,0.099,-0.7408,-0.5625
002859,洁美科技,354.82,True,82.84,93.0,18,30.14,-13.79,11.28,-10.93,0.2632,2026-07-09,2026-07-09,38.98,0.5637,-0.5194,1.0737,0.3382,0.6439,0.0,0.4625,0.7546,0.8773,多周期共振看多 ⬆⬆⬆,0.4036,0.75,0.5625
603990,麦迪科技,63.95,True,20.95,21.54,13,11.85,-4.58,2.7,-2.76,0.2053,2026-07-09,2026-07-09,42.66,0.5394,-0.2621,0.5877,0.4188,0.7258,0.0206,0.4617,0.6437,0.8218,多周期共振看多 ⬆⬆⬆,0.1946,0.6854,0.5625
002123,梦网科技,62.33,True,8.65,7.77,7,11.33,-15.62,-3.69,11.33,0.2691,2026-06-30,2026-07-09,67.31,0.7756,1.5796,0.5209,0.8654,0.7265,0.1318,0.4611,-0.319,0.3405,多周期方向不一致，观望,-0.1049,-0.75,-0.5625
600500,中化国际,236.83,True,6.6,7.9,16,44.0,-19.12,12.61,-16.49,0.0922,2026-07-09,2026-07-09,27.92,0.702,0.4157,0.99,0.7875,0.3982,0.0,0.4608,0.7269,0.8635,多周期共振看多 ⬆⬆⬆,0.4315,0.6652,0.5625
002897,意华股份,163.31,True,88.55,85.57,12,14.87,-9.57,1.51,3.48,0.3157,2026-07-08,2026-07-09,43.44,0.0952,0.1841,1.0036,0.3308,0.7431,0.0,0.4587,0.4909,0.7454,上升趋势中的日线整理,0.023,0.6929,0.5625
603398,*ST沐邦,61.27,True,14.13,14.21,15,6.41,-7.82,0.6,-0.53,0.2677,2026-07-09,2026-07-09,48.25,-0.0399,-0.1761,0.4038,0.1296,0.85,0.327,0.4573,0.5268,0.7634,上升趋势中的日线整理,0.0867,0.7315,0.5625
603416,信捷电气,80.73,True,57.85,55.38,6,10.01,-9.59,-1.9,4.46,0.1593,2026-07-01,2026-07-09,54.84,0.7013,-0.2013,0.5543,0.5402,0.9965,0.0762,0.4569,0.152,0.576,上升趋势中的日线整理,-0.1039,0.2589,0.225
605589,圣泉集团,467.88,True,55.31,62.92,16,32.11,-14.53,10.45,-12.1,0.202,2026-07-09,2026-07-09,33.49,0.4919,-0.0365,0.925,0.4806,0.5221,0.0,0.4552,0.7617,0.8809,多周期共振看多 ⬆⬆⬆,0.4217,0.75,0.5625
605288,凯迪股份,73.72,True,75.01,80.1,17,23.0,-8.25,7.66,-6.35,0.3031,2026-07-09,2026-07-09,45.51,0.413,-0.4351,0.8765,0.2738,0.7892,0.0,0.4537,0.5174,0.7587,多周期共振看多 ⬆⬆⬆,0.3956,0.3313,0.4668
000925,众合科技,54.97,True,8.19,8.86,14,18.77,-7.59,4.11,-7.59,0.1356,2026-07-09,2026-07-09,50.28,0.9017,-0.2894,0.7375,0.6252,0.8951,0.0,0.4523,0.2182,0.6091,上升趋势中的日线整理,0.0848,0.2856,0.2085
603590,康辰药业,50.11,True,31.67,29.96,7,11.04,-14.39,-3.65,5.72,0.1629,2026-06-30,2026-07-09,60.02,0.7493,0.384,0.4855,0.8032,0.8885,0.1908,0.4518,-0.2805,0.3598,多周期方向不一致，观望,-0.1285,-0.5602,-0.5625
603006,联明股份,32.85,True,12.92,13.64,13,8.15,-7.05,0.7,-5.3,0.0959,2026-07-09,2026-07-09,50.75,0.8281,-0.3111,0.4585,0.5724,0.9055,0.2358,0.451,0.1866,0.5933,上升趋势中的日线整理,-0.0432,0.3355,0.1862
603075,热威股份,9.35,True,22.68,22.44,4,1.06,-9.91,-5.28,1.06,0.0,2026-07-08,2026-07-09,59.34,0.3787,0.4307,0.1833,0.5995,0.9036,0.6945,0.4509,0.0077,0.5039,多周期方向不一致，观望,-0.2858,0.0301,0.2489
002675,东诚药业,91.96,True,12.37,12.64,11,2.52,-2.43,0.17,-2.11,0.2285,2026-07-09,2026-07-09,43.94,0.5778,0.1981,0.2893,0.6259,0.7543,0.5178,0.4507,-0.2633,0.3684,多周期方向不一致，观望,-0.1265,-0.4866,-0.5625
002350,北京科锐,77.94,True,14.69,14.26,4,5.71,-9.24,-4.2,3.03,0.0566,2026-07-07,2026-07-09,47.64,0.7753,1.5262,0.5775,0.8652,0.8365,0.0376,0.4505,0.0501,0.5251,月线看多，中短期调整中,-0.1544,-0.1917,0.5625
000800,一汽解放,300.17,True,6.1,6.08,11,4.27,-3.9,0.12,0.38,0.2714,2026-07-01,2026-07-09,52.21,0.5916,-0.1784,0.3555,0.4836,0.9381,0.4076,0.4498,-0.2785,0.3608,多周期方向不一致，观望,0.0364,-0.6929,-0.5625
002655,共达电声,141.18,True,38.8,42.05,12,28.48,-10.68,5.94,-7.73,0.1461,2026-07-09,2026-07-09,43.17,0.5187,-0.2345,0.8889,0.4174,0.7371,0.0,0.4496,0.6938,0.8469,多周期共振看多 ⬆⬆⬆,0.2477,0.75,0.5625
603459,红板科技,74.15,True,93.8,91.48,9,22.42,-20.88,-1.88,2.53,0.1595,2026-07-08,2026-07-09,52.59,0.6563,0.196,0.9566,0.6722,0.9464,0.0,0.4493,0.0,0.5,周线日线方向不一致,0.0,,
605118,力鼎光电,142.04,True,34.74,34.05,10,12.96,-16.31,-1.95,2.02,0.1607,2026-06-29,2026-07-09,54.75,0.5631,2.5087,0.7029,0.7379,0.9944,0.0,0.4486,-0.1704,0.4148,多周期方向不一致，观望,0.0335,-0.4402,-0.3375
000510,新金路,118.17,True,19.48,22.49,17,29.49,-13.37,11.77,-13.37,0.1861,2026-07-09,2026-07-09,39.83,0.3969,-0.0782,0.9461,0.4069,0.6629,0.0,0.4484,0.6941,0.8471,多周期共振看多 ⬆⬆⬆,0.4915,0.5417,0.5625
003017,大洋生物,18.7,True,22.49,22.35,8,8.24,-8.95,-1.47,0.62,0.1114,2026-07-08,2026-07-09,56.8,0.8826,1.1797,0.413,0.9295,0.96,0.3116,0.4476,-0.5749,0.2126,多周期共振看空 ⬇⬇⬇,-0.1716,-0.554,-0.5625
600352,浙江龙盛,377.06,True,11.59,11.78,16,15.34,-5.09,4.51,-1.61,0.327,2026-07-09,2026-07-09,57.63,0.2066,0.2698,0.7357,0.4319,0.9416,0.0,0.4471,-0.0293,0.4854,⚠️⚠️ 逆大势反弹，大概率是下跌中继,0.2185,-0.4079,-0.3375
600392,盛和资源,435.58,True,24.85,28.72,17,38.02,-14.65,9.47,-13.48,0.1704,2026-07-09,2026-07-09,32.64,0.747,0.6896,0.9244,0.8482,0.503,0.0,0.4458,0.197,0.5985,月线震荡，中短期走强,0.2791,0.4944,-0.0715
002845,同兴达,40.16,True,16.05,15.61,13,5.5,-8.97,0.29,2.81,0.3184,2026-07-08,2026-07-09,51.42,0.1425,-0.2483,0.7304,0.1862,0.9205,0.0,0.444,0.3857,0.6928,上升趋势中的日线整理,0.023,0.4197,0.5625
600372,中航机载,544.86,True,11.26,10.98,7,2.87,-7.62,-1.34,2.55,0.2094,2026-07-02,2026-07-09,55.3,0.4403,-0.0001,0.2983,0.4641,0.9933,0.5028,0.444,-0.2869,0.3566,多周期方向不一致，观望,-0.0942,-0.6854,-0.495
603687,大胜达,92.57,True,16.83,18.58,16,13.26,-13.71,3.16,-9.41,0.0982,2026-07-09,2026-07-09,39.34,0.6946,0.0416,0.7621,0.6334,0.652,0.0,0.4434,0.5154,0.7577,上升趋势中的日线整理,0.0737,0.7131,0.5625
002386,天原股份,73.14,True,5.62,5.98,13,8.48,-7.97,1.14,-6.0,0.0898,2026-07-09,2026-07-09,52.32,0.5991,0.5209,0.5406,0.7594,0.9405,0.099,0.4431,-0.0932,0.4534,多周期方向不一致，观望,-0.0416,-0.2126,-0.1612
601636,旗滨集团,213.32,True,7.21,8.17,16,34.36,-11.76,10.4,-11.76,0.2107,2026-07-09,2026-07-09,43.82,0.4643,-0.3079,1.0812,0.3554,0.7514,0.0,0.4426,0.565,0.7825,多周期共振看多 ⬆⬆⬆,0.2797,0.5521,0.45
002971,和远气体,94.61,True,58.76,64.73,19,60.5,-10.69,28.57,-9.23,0.3216,2026-07-09,2026-07-09,42.08,0.0219,-0.3035,1.1003,0.0918,0.713,0.0,0.4409,0.7527,0.8763,多周期共振看多 ⬆⬆⬆,0.5192,0.6467,0.5625
605366,宏柏新材,83.16,True,10.76,11.56,8,30.74,-10.28,2.1,-6.94,0.0063,2026-07-09,2026-07-09,50.25,0.8171,0.4812,0.9874,0.8827,0.8944,0.0,0.4404,0.0226,0.5113,多周期方向不一致，观望,-0.2355,-0.1487,0.45
600150,中国船舶,2189.37,True,36.06,35.64,7,6.33,-8.3,-1.63,1.17,0.1248,2026-07-02,2026-07-09,49.69,0.51,0.3465,0.5074,0.6446,0.8819,0.1543,0.4399,0.0065,0.5032,多周期方向不一致，观望,-0.0811,-0.0818,0.18
002437,誉衡药业,62.16,True,2.96,2.74,8,11.97,-10.65,-1.84,7.95,0.2801,2026-06-29,2026-07-09,65.57,0.5316,0.5722,0.5796,0.7189,0.765,0.034,0.4397,-0.2499,0.375,多周期方向不一致，观望,-0.0119,-0.5256,-0.5625
603082,北自科技,15.34,True,37.82,39.67,12,26.24,-17.36,3.1,-4.68,0.1515,2026-07-09,2026-07-09,42.21,0.7583,-0.0348,0.6968,0.6411,0.7157,0.0,0.4394,0.267,0.6335,上升趋势中的日线整理,0.0268,0.4593,0.2112
603338,浙江鼎力,262.39,True,51.82,47.1,6,14.75,-9.65,-2.69,10.01,0.2783,2026-07-01,2026-07-09,67.99,0.5758,0.3512,0.5864,0.686,0.7113,0.0227,0.439,-0.1255,0.4373,多周期方向不一致，观望,-0.0576,-0.1901,-0.312
003036,泰坦股份,174.21,True,80.43,89.83,16,41.57,-12.38,13.7,-10.46,0.243,2026-07-09,2026-07-09,34.65,0.5149,-0.6591,0.9329,0.3089,0.5479,0.0,0.4389,0.7762,0.8881,多周期共振看多 ⬆⬆⬆,0.459,0.75,0.5625
600596,新安股份,181.12,True,13.42,15.16,15,19.36,-17.05,5.34,-11.45,0.0859,2026-07-09,2026-07-09,40.98,0.6405,0.1385,0.8569,0.6397,0.6884,0.0,0.4384,0.4512,0.7256,上升趋势中的日线整理,0.0562,0.5613,0.5625
002824,和胜股份,71.25,True,31.5,34.08,17,39.83,-11.54,12.69,-7.56,0.3313,2026-07-09,2026-07-09,29.58,0.2994,-0.285,0.8268,0.2656,0.4351,0.0,0.4384,0.7649,0.8824,多周期共振看多 ⬆⬆⬆,0.4732,0.7131,0.5625
002134,天津普林,69.77,True,28.18,29.0,13,6.96,-4.8,0.56,-2.84,0.2047,2026-07-09,2026-07-09,40.66,0.2211,0.1307,0.507,0.3849,0.6814,0.155,0.4379,0.4547,0.7273,上升趋势中的日线整理,0.0082,0.6115,0.5625
002923,润都股份,26.89,True,10.42,10.09,7,9.13,-11.48,-2.4,3.22,0.1319,2026-06-30,2026-07-09,57.88,0.7241,0.3481,0.5223,0.7737,0.936,0.1296,0.4374,-0.2821,0.3589,多周期方向不一致，观望,-0.1357,-0.5611,-0.5625
600867,通化东宝,155.9,True,7.96,7.83,11,7.92,-7.82,-0.22,1.61,0.2098,2026-06-26,2026-07-09,58.22,0.7144,-0.0773,0.5475,0.5977,0.9284,0.0875,0.4366,-0.1509,0.4245,多周期方向不一致，观望,0.0476,-0.3667,-0.3375
002843,泰嘉股份,58.3,True,23.3,21.85,7,10.75,-12.47,-2.7,6.63,0.2096,2026-06-30,2026-07-09,56.3,0.4566,0.0281,0.5381,0.4852,0.9711,0.1031,0.4361,-0.0382,0.4809,多周期方向不一致，观望,-0.0841,-0.276,0.18
000636,风华高科,746.85,True,64.55,69.18,16,36.24,-14.81,14.51,-6.69,0.3374,2026-07-09,2026-07-09,39.94,0.0863,-0.448,1.0349,0.0726,0.6653,0.0,0.4359,0.7633,0.8817,多周期共振看多 ⬆⬆⬆,0.4905,0.6946,0.5625
002986,宇新股份,36.37,True,12.05,11.97,14,12.75,-10.68,0.32,0.66,0.2472,2026-06-18,2026-07-09,59.31,0.6845,-0.2743,0.4771,0.501,0.9041,0.2049,0.4345,-0.1674,0.4163,多周期方向不一致，观望,0.104,-0.5913,-0.2335
603917,合力科技,26.72,True,13.11,12.27,11,9.49,-5.52,1.31,6.83,0.3844,2026-06-30,2026-07-09,66.27,0.3111,-0.0795,0.4804,0.3549,0.7496,0.1994,0.434,-0.0778,0.4611,多周期方向不一致，观望,0.1839,-0.0497,-0.45
600329,达仁堂,227.97,True,40.2,38.34,7,5.3,-7.45,-1.34,4.86,0.227,2026-06-30,2026-07-09,61.82,0.1948,0.6339,0.3779,0.5169,0.8484,0.3702,0.4338,-0.2155,0.3922,多周期方向不一致，观望,-0.0077,-0.6411,-0.2996
002290,禾盛新材,210.51,True,85.16,85.26,9,8.13,-13.52,-2.18,-0.12,0.0855,2026-07-09,2026-07-09,45.62,0.7125,0.0046,0.7282,0.6293,0.7916,0.0,0.4334,0.3052,0.6526,上升趋势中的日线回调（关注买点）,-0.1743,0.6129,0.5625
603255,鼎际得,19.42,True,32.0,33.17,16,10.14,-5.25,2.93,-3.54,0.2473,2026-07-09,2026-07-09,50.14,0.3074,-0.116,0.5058,0.338,0.892,0.157,0.4334,0.1366,0.5683,多周期方向不一致，观望,0.138,0.4637,0.0185
603301,振德医疗,232.21,True,88.0,87.33,17,5.17,-6.48,1.43,0.77,0.383,2026-07-02,2026-07-09,47.86,-0.359,-0.322,0.3203,0.0712,0.8412,0.4662,0.4334,0.0515,0.5258,⚠️ 月线看多但周线走弱，日线仅为反弹,0.2457,-0.1761,0.2925
002815,崇达技术,133.28,True,17.15,17.4,11,16.12,-16.01,-0.01,-1.42,0.1393,2026-07-09,2026-07-09,39.42,0.7245,-0.1867,0.934,0.56,0.6539,0.0,0.4317,0.4388,0.7194,上升趋势中的日线整理,-0.1025,0.6652,0.5625
002430,杭氧股份,247.52,True,25.31,27.75,16,18.77,-9.3,3.96,-8.78,0.134,2026-07-09,2026-07-09,47.76,0.7708,0.3118,0.6835,0.7872,0.8391,0.0,0.4316,-0.1352,0.4324,多周期方向不一致，观望,-0.0022,-0.3673,-0.225
002275,桂林三金,73.37,True,13.17,12.66,6,6.91,-5.43,-1.23,4.02,0.2058,2026-07-01,2026-07-09,62.28,0.6726,-0.0912,0.3414,0.5671,0.8382,0.431,0.4311,-0.3033,0.3483,多周期方向不一致，观望,-0.123,-0.6652,-0.5625
603129,春风动力,396.48,True,258.32,243.29,15,12.34,-6.65,3.17,6.18,0.4724,2026-06-18,2026-07-09,78.28,-0.2791,-0.4882,0.3509,0.0047,0.4826,0.4152,0.4307,0.3933,0.6966,多周期共振看多 ⬆⬆⬆,0.3823,0.1992,0.3375
600265,*ST景谷,29.22,True,22.51,22.47,6,5.18,-13.02,-3.62,0.16,0.0089,2026-07-07,2026-07-09,53.04,0.6375,-0.8377,0.4188,0.3825,0.9565,0.302,0.4295,0.4135,0.7067,上升趋势中的日线整理,-0.0509,0.5552,0.5625
601985,中国核电,1682.5,True,8.91,9.01,9,2.89,-3.11,-0.42,-1.09,0.1994,2026-07-09,2026-07-09,40.71,0.4327,-0.3244,0.1843,0.3299,0.6824,0.6929,0.4294,0.0555,0.5278,多周期方向不一致，观望,-0.098,0.0315,0.2963
000908,石药景峰,58.86,True,6.69,6.14,6,16.42,-19.57,-6.18,8.94,0.1645,2026-07-01,2026-07-09,59.03,0.3501,8.1252,0.9021,0.6101,0.9104,0.0,0.4292,-0.0297,0.4852,月线看多，中短期调整中,-0.2518,-0.2183,0.2925
603367,辰欣药业,59.81,True,13.21,13.29,8,5.78,-6.33,-1.24,-0.6,0.1253,2026-07-09,2026-07-09,51.61,0.5257,0.7086,0.4512,0.7154,0.9246,0.248,0.4287,-0.3239,0.338,多周期方向不一致，观望,-0.1299,-0.75,-0.5625
603678,火炬电子,301.98,True,63.5,71.45,19,30.81,-12.34,17.52,-11.13,0.274,2026-07-09,2026-07-09,46.77,-0.1418,-0.3699,1.1319,0.052,0.8172,0.0,0.4282,0.7042,0.8521,多周期共振看多 ⬆⬆⬆,0.5282,0.5325,0.5625
002484,江海股份,742.86,True,90.54,97.65,18,33.19,-14.18,11.91,-7.28,0.3543,2026-07-09,2026-07-09,37.04,-0.1837,-0.4409,1.0151,0.0237,0.6009,0.0,0.428,0.8146,0.9073,多周期共振看多 ⬆⬆⬆,0.579,0.7315,0.5625
002412,汉森制药,31.17,True,6.26,5.9,3,6.07,-9.17,-3.29,6.07,0.1446,2026-07-08,2026-07-09,56.9,0.6172,1.2783,0.5326,0.7703,0.9577,0.1124,0.4273,-0.4002,0.2999,多周期共振看空 ⬇⬇⬇,-0.1937,-0.3761,-0.3375
000597,东北制药,62.71,True,4.45,4.42,7,4.1,-6.52,-1.21,0.77,0.1686,2026-07-01,2026-07-09,54.07,0.4653,0.1192,0.3857,0.5269,0.9794,0.3571,0.4269,-0.2935,0.3533,多周期方向不一致，观望,-0.1324,-0.6143,-0.5625
603378,*ST亚士,25.46,True,5.94,5.21,7,14.11,-12.03,-2.64,14.11,0.2953,2026-07-02,2026-07-09,66.17,0.6322,-0.0537,0.6391,0.5578,0.7519,0.0,0.4261,-0.0951,0.4525,多周期方向不一致，观望,0.0004,0.0317,-0.45
603270,金帝股份,19.96,True,28.22,30.78,15,14.13,-8.32,2.98,-8.32,0.105,2026-07-09,2026-07-09,39.58,0.7992,-0.2571,0.7057,0.5767,0.6574,0.0,0.4259,0.4437,0.7218,上升趋势中的日线整理,0.0341,0.6733,0.45
600557,康缘药业,68.9,True,12.17,11.97,8,6.76,-9.45,-1.45,1.68,0.15,2026-06-30,2026-07-09,53.31,0.5071,0.8926,0.5477,0.7043,0.9624,0.0871,0.4251,-0.3106,0.3447,多周期方向不一致，观望,-0.0832,-0.7315,-0.5625
600201,生物股份,135.41,True,12.18,12.09,10,6.1,-6.03,0.05,0.76,0.2345,2026-07-01,2026-07-09,56.13,0.5872,-0.4187,0.4062,0.3848,0.9749,0.3231,0.4243,-0.2121,0.394,多周期方向不一致，观望,0.0927,-0.6744,-0.3375
600750,华润江中,149.03,True,23.7,23.3,9,5.88,-7.34,-1.03,1.71,0.2012,2026-07-03,2026-07-09,52.02,0.2073,-0.0428,0.3404,0.3072,0.9337,0.4326,0.4243,-0.0467,0.4767,多周期方向不一致，观望,-0.045,-0.2729,0.1064
002203,海亮股份,444.2,True,20.08,22.63,12,23.75,-11.27,4.43,-11.27,0.0198,2026-07-09,2026-07-09,26.98,0.7443,0.4658,0.8967,0.8329,0.3773,0.0,0.4229,0.5501,0.7751,上升趋势中的日线整理,0.1358,0.75,0.5625
603538,美诺华,94.57,True,28.07,26.67,6,16.68,-18.09,-6.82,5.25,0.0563,2026-07-01,2026-07-09,52.81,0.5418,2.2431,0.8738,0.7251,0.9514,0.0,0.4228,-0.0545,0.4728,月线看多，中短期调整中,-0.2017,-0.2667,0.18
002648,卫星化学,765.54,True,22.74,23.83,10,9.88,-6.77,0.48,-4.57,0.0584,2026-07-09,2026-07-09,54.88,0.6811,0.2365,0.6393,0.7033,0.9973,0.0,0.4228,-0.08,0.46,多周期方向不一致，观望,-0.1313,-0.3417,0.1026
002951,金时科技,63.38,True,15.8,15.03,2,8.39,-22.66,-11.69,5.1,0.0,2026-07-07,2026-07-09,47.77,0.7564,10.5609,0.6718,0.8538,0.8393,0.0,0.4226,0.0074,0.5037,多周期方向不一致，观望,-0.2459,-0.1394,0.3825
002106,莱宝高科,85.15,True,12.08,14.26,18,27.69,-19.02,7.62,-15.29,0.0946,2026-07-09,2026-07-09,42.39,0.5797,-0.1082,1.1281,0.5045,0.7197,0.0,0.4225,0.4817,0.7409,多周期共振看多 ⬆⬆⬆,0.1549,0.476,0.45
000711,ST京蓝,125.73,True,5.28,5.16,4,10.1,-20.71,-7.13,2.33,0.0,2026-07-06,2026-07-09,51.13,0.3702,1.2433,0.7661,0.6221,0.914,0.0,0.4218,0.2821,0.6411,上升趋势中的日线回调（关注买点）,-0.2597,0.6083,0.5625
002767,先锋电子,24.3,True,18.66,17.63,6,12.61,-6.49,-1.25,5.82,0.222,2026-07-02,2026-07-09,57.72,0.3791,1.7545,0.6652,0.6275,0.9396,0.0,0.4211,-0.2952,0.3524,多周期方向不一致，观望,-0.1154,-0.7038,-0.495
600155,华创云信,120.42,True,5.44,5.53,9,4.38,-8.7,-1.03,-1.61,0.1143,2026-07-09,2026-07-09,53.21,0.6563,0.1064,0.4208,0.6364,0.9601,0.2987,0.4206,-0.3191,0.3405,多周期方向不一致，观望,-0.1053,-0.75,-0.5625
000012,南  玻Ａ,84.45,True,4.31,4.59,16,16.71,-8.85,4.53,-6.1,0.2153,2026-07-09,2026-07-09,50.18,0.7463,-0.3742,0.8863,0.4981,0.893,0.0,0.4206,-0.0201,0.4899,多周期方向不一致，观望,0.0624,0.1507,-0.2925
603666,亿嘉和,58.47,True,28.45,27.69,7,9.8,-11.12,-2.62,2.74,0.1142,2026-07-08,2026-07-09,51.77,0.6828,0.1522,0.7564,0.6706,0.9283,0.0,0.4197,-0.1036,0.4482,多周期方向不一致，观望,-0.0754,0.0142,-0.405
600211,西藏药业,119.61,True,37.11,37.37,11,5.04,-8.87,-0.84,-0.69,0.1671,2026-07-09,2026-07-09,51.55,0.6372,-0.1581,0.4016,0.5191,0.9234,0.3307,0.4193,-0.2494,0.3753,多周期方向不一致，观望,0.0076,-0.5403,-0.5625
600182,S佳通,23.2,True,13.65,13.8,11,8.87,-7.33,-0.09,-1.08,0.1717,2026-07-09,2026-07-09,44.58,0.4898,0.2821,0.4508,0.6067,0.7684,0.2487,0.4191,-0.1507,0.4246,多周期方向不一致，观望,0.0309,-0.1266,-0.5625
002338,奥普光电,127.51,True,53.13,54.15,6,7.96,-13.62,-1.95,-1.88,0.0,2026-07-09,2026-07-09,47.45,0.7628,0.1602,0.4461,0.7218,0.8323,0.2564,0.4182,-0.013,0.4935,多周期方向不一致，观望,-0.1253,-0.2843,0.3344
605116,奥锐特,77.91,True,19.18,19.59,10,8.47,-9.43,0.43,-2.1,0.1455,2026-07-09,2026-07-09,47.65,0.7053,0.1404,0.5117,0.6794,0.8366,0.1472,0.4176,-0.2172,0.3914,多周期方向不一致，观望,0.1067,-0.5512,-0.495
002377,国创高新,24.78,True,2.84,2.71,5,9.08,-10.73,-3.64,4.66,0.105,2026-07-02,2026-07-09,57.95,0.7406,0.7582,0.4908,0.8444,0.9343,0.1819,0.4173,-0.5314,0.2343,多周期共振看空 ⬇⬇⬇,-0.3019,-0.5717,-0.3375
600118,中国卫星,967.75,True,81.84,78.3,9,10.06,-8.93,-1.53,4.52,0.2179,2026-07-08,2026-07-09,56.26,0.603,-0.2285,0.6311,0.4704,0.9719,0.0,0.4169,-0.1069,0.4466,多周期方向不一致，观望,-0.0998,-0.4967,0.1125
603399,永杉锂业,86.47,True,16.88,20.59,16,20.29,-18.01,6.7,-18.01,0.0,2026-07-09,2026-07-09,42.81,0.4318,0.1946,1.0318,0.5369,0.7292,0.0,0.4159,0.5932,0.7966,多周期共振看多 ⬆⬆⬆,0.192,0.5767,0.5625
000931,中 关 村,30.79,True,4.1,4.18,11,6.94,-6.02,-0.36,-1.84,0.163,2026-07-09,2026-07-09,43.27,0.8241,-0.1289,0.383,0.6429,0.7393,0.3616,0.4159,-0.2694,0.3653,多周期方向不一致，观望,-0.0191,-0.6054,-0.5625
603738,泰晶科技,185.61,True,48.1,56.9,14,27.67,-18.91,8.99,-15.46,0.0611,2026-07-09,2026-07-09,37.8,0.2439,0.337,1.0509,0.4811,0.6178,0.0,0.4157,0.6681,0.834,多周期共振看多 ⬆⬆⬆,0.1818,0.75,0.5625
603566,普莱柯,35.02,True,10.12,10.13,10,4.5,-5.12,-0.44,-0.11,0.213,2026-07-09,2026-07-09,53.95,0.4814,-0.2633,0.3596,0.3835,0.9767,0.4007,0.4147,-0.2998,0.3501,多周期方向不一致，观望,-0.0061,-0.75,-0.5625
000519,中兵红箭,249.41,True,17.91,20.24,18,14.86,-11.5,2.82,-11.5,0.0694,2026-07-09,2026-07-09,38.98,0.6862,0.7937,0.7079,0.8117,0.6439,0.0,0.4146,0.0786,0.5393,多周期方向不一致，观望,0.1424,0.4483,-0.225
003031,中瓷电子,511.94,True,150.5,166.1,12,29.09,-14.28,5.12,-9.39,0.084,2026-07-09,2026-07-09,38.72,0.4974,0.0139,0.873,0.504,0.6382,0.0,0.4144,0.5412,0.7706,上升趋势中的日线整理,0.1088,0.75,0.5625
603700,宁水集团,22.86,True,11.43,11.06,11,5.88,-8.5,-0.32,3.35,0.2551,2026-07-08,2026-07-09,64.92,0.5548,-0.2144,0.3703,0.4471,0.7795,0.3829,0.4136,-0.2604,0.3698,多周期方向不一致，观望,-0.0408,-0.6146,-0.495
002102,ST能特,52.15,True,2.4,2.23,7,7.41,-7.22,-0.83,7.41,0.2854,2026-06-30,2026-07-09,66.67,0.3515,0.1298,0.3882,0.4629,0.7407,0.353,0.413,-0.2926,0.3537,多周期方向不一致，观望,0.0309,-0.75,-0.5625
603811,诚意药业,33.13,True,7.23,7.52,12,3.33,-6.16,-0.41,-3.87,0.1496,2026-07-09,2026-07-09,45.14,0.6759,0.2996,0.3403,0.7254,0.781,0.4328,0.4123,-0.5047,0.2476,多周期共振看空 ⬇⬇⬇,-0.1696,-0.4013,-0.5625
000922,佳电股份,87.41,True,12.4,13.5,13,11.26,-12.02,0.99,-8.16,0.0275,2026-07-09,2026-07-09,36.99,0.5626,0.6309,0.6388,0.7375,0.5998,0.0,0.4121,0.3309,0.6654,上升趋势中的日线整理,-0.115,0.508,0.45
603855,华荣股份,55.87,True,16.65,16.44,7,7.53,-6.18,-1.79,1.3,0.1405,2026-06-30,2026-07-09,54.75,0.5487,-0.2292,0.3577,0.4376,0.9944,0.4039,0.4117,-0.2606,0.3697,多周期方向不一致，观望,-0.1134,-0.4859,-0.5625
002168,ST惠程,28.15,True,3.59,3.68,5,4.54,-6.22,-1.31,-2.43,0.0572,2026-07-09,2026-07-09,43.59,0.8031,0.1554,0.3716,0.744,0.7464,0.3806,0.4103,-0.2453,0.3774,多周期方向不一致，观望,-0.1451,-0.3914,-0.5625
600563,法拉电子,339.48,True,150.88,166.39,12,15.99,-15.4,1.32,-9.32,0.0,2026-07-09,2026-07-09,41.84,0.797,-0.1884,0.8888,0.6028,0.7075,0.0,0.4102,0.4682,0.7341,上升趋势中的日线整理,-0.0695,0.7131,0.5625
000700,模塑科技,139.35,True,15.18,15.31,9,14.01,-9.84,-0.21,-0.86,0.1163,2026-07-09,2026-07-09,48.56,0.54,-0.4193,0.8059,0.3563,0.8569,0.0,0.4102,0.4038,0.7019,上升趋势中的日线整理,-0.1212,0.5902,0.5625
002490,山东墨龙,41.55,True,7.67,7.05,4,8.75,-17.38,-7.58,8.75,0.0927,2026-07-08,2026-07-09,60.67,0.9421,1.8762,0.8296,0.9653,0.8741,0.0,0.4098,-0.5376,0.2312,多周期共振看空 ⬇⬇⬇,-0.3392,-0.5533,-0.3375
605369,拱东医疗,38.61,True,17.51,17.28,13,12.52,-13.06,-0.78,1.32,0.2202,2026-06-22,2026-07-09,59.52,0.6081,-0.0779,0.6969,0.5337,0.8995,0.0,0.4086,-0.1928,0.4036,多周期方向不一致，观望,0.0147,-0.3651,-0.495
002831,裕同科技,212.05,True,29.69,32.72,14,27.07,-9.27,6.41,-9.27,0.1512,2026-07-09,2026-07-09,40.98,0.3362,-0.4,0.6718,0.2417,0.6885,0.0,0.4076,0.6847,0.8423,多周期共振看多 ⬆⬆⬆,0.2245,0.75,0.5625
600332,白云山,298.33,True,21.22,20.86,10,3.84,-5.43,-0.55,1.74,0.2739,2026-07-01,2026-07-09,54.37,0.1297,-0.2131,0.2853,0.1925,0.9859,0.5246,0.4068,-0.3136,0.3432,多周期方向不一致，观望,-0.0867,-0.7415,-0.5625
600690,海尔智家,1251.23,True,20.01,20.29,11,2.59,-5.27,-0.72,-1.38,0.203,2026-07-09,2026-07-09,58.0,0.2452,0.0125,0.3221,0.3521,0.9333,0.4632,0.4059,-0.2937,0.3531,多周期方向不一致，观望,-0.0176,-0.7135,-0.5625
600567,山鹰国际,83.89,True,1.33,1.37,14,6.35,-5.85,0.51,-2.99,0.2275,2026-07-09,2026-07-09,50.0,0.4961,-0.0259,0.4854,0.4873,0.8889,0.1909,0.4045,-0.3086,0.3457,多周期方向不一致，观望,-0.0622,-0.7408,-0.5625
000935,四川双马,205.98,True,26.98,26.09,6,5.82,-14.89,-4.52,3.42,0.0679,2026-07-07,2026-07-09,56.89,0.4391,-0.1349,0.4083,0.4095,0.9581,0.3195,0.4034,0.0038,0.5019,多周期方向不一致，观望,-0.1262,-0.2126,0.3375
002191,劲嘉股份,53.02,True,3.78,3.89,14,9.09,-4.83,1.14,-2.83,0.2252,2026-07-09,2026-07-09,41.04,0.7986,-0.4601,0.4829,0.4951,0.6899,0.1952,0.4032,-0.091,0.4545,多周期方向不一致，观望,0.0293,0.0249,-0.45
002555,三七互娱,297.15,True,18.72,18.48,10,6.18,-9.03,-1.35,1.32,0.1625,2026-06-26,2026-07-09,59.9,0.5869,-0.1887,0.4177,0.4766,0.891,0.3038,0.4026,-0.2444,0.3778,多周期方向不一致，观望,-0.0515,-0.5351,-0.495
603256,宏和科技,1879.54,True,213.65,244.23,16,31.04,-15.79,12.93,-12.52,0.1915,2026-07-09,2026-07-09,37.71,-0.1637,-0.1169,0.983,0.1533,0.6158,0.0,0.4025,0.7759,0.888,多周期共振看多 ⬆⬆⬆,0.4582,0.75,0.5625
603629,利通电子,444.95,True,123.35,125.85,6,17.68,-26.14,-4.7,-1.99,0.0,2026-07-09,2026-07-09,48.88,0.2721,3.2194,1.1145,0.5633,0.8641,0.0,0.4024,0.2811,0.6405,上升趋势中的日线回调（关注买点）,-0.3031,0.6423,0.5625
002983,芯瑞达,30.8,True,24.03,25.5,12,10.79,-8.01,1.28,-5.76,0.079,2026-07-09,2026-07-09,42.34,0.8159,-0.4761,0.5591,0.4991,0.7188,0.0682,0.4023,0.3136,0.6568,上升趋势中的日线整理,-0.0277,0.4604,0.3778
001696,宗申动力,169.99,True,19.07,21.77,15,41.21,-18.19,14.98,-12.39,0.1789,2026-07-09,2026-07-09,31.55,0.5784,0.6282,0.8968,0.7471,0.4789,0.0,0.4015,0.0126,0.5063,⚠️ 月线空头下的短期反弹，不宜追高,0.3818,0.1547,-0.3375
002055,ST得润,40.27,True,6.78,6.35,7,9.14,-14.97,-3.2,6.7,0.1987,2026-06-30,2026-07-09,52.38,0.1986,-0.4871,0.5158,0.1243,0.9418,0.1403,0.4014,0.2935,0.6467,上升趋势中的日线整理,0.081,0.3555,0.3375
002262,恩华药业,172.6,True,19.53,19.25,8,6.51,-5.55,-1.25,1.44,0.1752,2026-06-30,2026-07-09,57.53,0.4969,-0.1494,0.3998,0.4384,0.9438,0.3336,0.4008,-0.3151,0.3425,多周期方向不一致，观望,-0.0846,-0.75,-0.5625
000813,德展健康,66.05,True,3.15,3.09,9,5.66,-12.94,-2.93,2.06,0.1213,2026-06-30,2026-07-09,56.72,0.3666,0.3954,0.5435,0.5781,0.9619,0.0942,0.4007,-0.2403,0.3799,多周期方向不一致，观望,-0.0371,-0.4618,-0.5625
002601,龙佰集团,314.44,True,15.82,16.31,16,15.4,-5.05,4.98,-3.0,0.3041,2026-07-09,2026-07-09,52.7,0.399,-0.6087,0.6213,0.2394,0.9489,0.0,0.4005,-0.0478,0.4761,⚠️⚠️ 逆大势反弹，大概率是下跌中继,0.1506,-0.4774,-0.5625
601089,福元医药,80.93,True,16.86,16.74,8,8.44,-8.89,-1.99,0.71,0.1011,2026-06-30,2026-07-09,50.68,0.5849,0.2043,0.4635,0.6327,0.9041,0.2276,0.4003,-0.3197,0.3402,多周期方向不一致，观望,-0.119,-0.7408,-0.5625
002662,峰璟股份,51.75,True,3.45,3.65,14,14.77,-9.67,2.7,-5.48,0.1532,2026-07-09,2026-07-09,35.43,0.6832,0.4672,0.5314,0.7968,0.5652,0.1143,0.4001,-0.2113,0.3943,多周期方向不一致，观望,-0.0817,-0.3637,-0.495
603848,好太太,57.95,True,14.4,14.02,8,5.14,-7.54,-1.37,2.73,0.1931,2026-07-02,2026-07-09,55.97,0.3277,0.0849,0.5178,0.4305,0.9784,0.137,0.399,-0.2442,0.3779,多周期方向不一致，观望,-0.0178,-0.4955,-0.5625
001358,兴欣新材,12.07,True,24.29,25.29,9,13.43,-11.69,-1.05,-3.97,0.0177,2026-07-09,2026-07-09,48.17,0.8071,0.4007,0.6348,0.8446,0.8481,0.0,0.3988,-0.2208,0.3896,多周期方向不一致，观望,-0.0361,-0.4446,-0.495
002701,奥瑞金,117.64,True,4.6,4.48,4,8.04,-8.13,-3.4,2.72,0.0619,2026-07-03,2026-07-09,54.76,0.6076,0.7152,0.3876,0.7646,0.9947,0.354,0.3988,-0.6584,0.1708,多周期共振看空 ⬇⬇⬇,-0.2452,-0.6744,-0.5625
603173,福斯达,53.76,True,33.6,35.28,10,11.34,-6.23,1.3,-4.77,0.0762,2026-07-09,2026-07-09,42.41,0.7145,0.5569,0.5275,0.8287,0.7202,0.1208,0.3988,-0.2793,0.3604,多周期方向不一致，观望,-0.0482,-0.6238,-0.5625
603297,永新光学,136.42,True,123.2,127.25,8,17.56,-12.25,-0.47,-3.18,0.0359,2026-07-09,2026-07-09,48.83,0.8086,-0.3263,0.6475,0.5547,0.8628,0.0,0.3982,0.1764,0.5882,上升趋势中的日线回调（关注买点）,-0.183,0.2997,0.45
002826,易明医药,30.98,True,16.77,16.55,9,12.72,-13.21,-1.1,1.31,0.1486,2026-06-30,2026-07-09,49.67,0.689,0.0797,0.7605,0.6453,0.8816,0.0,0.3977,-0.2654,0.3673,多周期方向不一致，观望,0.0573,-0.6531,-0.5625
601208,东材科技,589.74,True,58.38,67.8,16,33.11,-16.37,10.19,-13.89,0.1572,2026-07-09,2026-07-09,32.81,0.0467,0.1834,0.8662,0.3014,0.5069,0.0,0.3976,0.7127,0.8563,多周期共振看多 ⬆⬆⬆,0.2962,0.75,0.5625
603014,威高血净,33.64,True,33.15,34.81,13,12.24,-11.35,1.43,-4.76,0.1237,2026-07-09,2026-07-09,36.62,0.8087,0.7298,0.827,0.8852,0.5916,0.0,0.3975,-0.2429,0.3785,多周期方向不一致，观望,0.022,-0.524,-0.5625
000948,南天信息,52.77,True,13.56,12.35,3,9.82,-8.86,-3.86,9.82,0.2255,2026-07-07,2026-07-09,60.71,0.6305,5.7923,0.5319,0.7783,0.873,0.1134,0.3969,-0.7494,0.1253,多周期共振看空 ⬇⬇⬇,-0.401,-0.7408,-0.5625
002641,公元股份,45.59,True,4.02,4.03,7,4.94,-9.42,-2.12,-0.24,0.0901,2026-07-09,2026-07-09,45.07,0.7906,-0.1906,0.3478,0.5981,0.7793,0.4203,0.3967,-0.2708,0.3646,多周期方向不一致，观望,-0.1467,-0.5696,-0.495
605133,嵘泰股份,96.77,True,34.3,35.88,9,11.24,-10.49,-0.98,-4.41,0.0085,2026-07-09,2026-07-09,46.67,0.592,0.0348,0.8236,0.5691,0.815,0.0,0.3961,0.2598,0.6299,上升趋势中的日线整理,-0.1323,0.4508,0.3375
600178,东安动力,41.19,True,8.83,9.75,17,12.38,-9.41,2.21,-9.41,0.0904,2026-07-09,2026-07-09,47.61,0.6077,0.6625,0.769,0.7646,0.8358,0.0,0.3956,-0.2786,0.3607,多周期方向不一致，观望,-0.0124,-0.6515,-0.5625
600879,航天电子,699.12,True,21.19,20.41,10,8.53,-7.23,-0.64,3.84,0.2563,2026-06-29,2026-07-09,52.79,0.4191,-0.3954,0.5705,0.2933,0.9509,0.0492,0.3954,-0.1015,0.4492,多周期方向不一致，观望,-0.0994,-0.4733,0.1125
000541,佛山照明,59.98,True,4.91,5.06,14,9.77,-6.19,1.25,-2.98,0.199,2026-07-09,2026-07-09,46.97,0.6269,-0.1149,0.4973,0.5302,0.8215,0.1712,0.3952,-0.2871,0.3564,多周期方向不一致，观望,-0.0561,-0.6515,-0.5625
001378,德冠新材,16.25,True,19.27,19.43,7,4.19,-8.61,-2.52,-0.84,0.0622,2026-07-09,2026-07-09,49.64,0.6788,-0.1148,0.6404,0.5613,0.8808,0.0,0.3942,0.0489,0.5244,多周期方向不一致，观望,-0.1809,0.0776,0.2925
002175,*ST东智,36.26,True,2.84,2.41,7,19.98,-16.6,-3.08,17.84,0.2844,2026-07-01,2026-07-09,73.68,0.3682,1.6724,0.745,0.6209,0.5848,0.0,0.3941,-0.2254,0.3873,多周期方向不一致，观望,0.028,-0.5649,-0.45
002297,博云新材,140.58,True,24.53,27.51,15,42.37,-12.67,10.14,-10.83,0.2179,2026-07-09,2026-07-09,37.65,0.0885,-0.3026,0.8272,0.1321,0.6145,0.0,0.3936,0.6771,0.8386,多周期共振看多 ⬆⬆⬆,0.2372,0.7223,0.5625
600522,中天科技,1608.86,True,47.14,54.58,16,33.2,-18.03,9.4,-13.63,0.1488,2026-07-09,2026-07-09,38.45,0.2669,-0.339,0.853,0.2245,0.6323,0.0,0.3927,0.6665,0.8333,多周期共振看多 ⬆⬆⬆,0.1777,0.75,0.5625
600316,洪都航空,200.79,True,28.0,27.62,8,6.66,-10.64,-2.07,1.36,0.1097,2026-06-29,2026-07-09,50.0,0.5166,-0.0579,0.3501,0.4868,0.8889,0.4165,0.3925,-0.3022,0.3489,多周期方向不一致，观望,-0.0941,-0.6854,-0.5625
600499,科达制造,292.86,True,15.27,14.93,6,10.66,-11.02,-2.06,2.26,0.1006,2026-07-02,2026-07-09,52.17,0.2429,1.0712,0.6052,0.5458,0.9372,0.0,0.3924,-0.1002,0.4499,多周期方向不一致，观望,-0.1489,-0.3429,0.03
600351,亚宝药业,42.14,True,6.09,6.04,9,4.32,-5.95,-0.85,0.82,0.2166,2026-07-01,2026-07-09,52.97,0.1588,-0.1244,0.3672,0.2455,0.955,0.388,0.3912,-0.2394,0.3803,多周期方向不一致，观望,-0.1095,-0.5533,-0.405
603228,景旺电子,669.85,True,68.25,72.56,5,4.4,-14.29,-3.74,-5.95,0.0,2026-07-09,2026-07-09,37.92,0.7385,0.262,0.8704,0.7479,0.6204,0.0,0.3909,0.1858,0.5929,上升趋势中的日线回调（关注买点）,-0.3333,0.4601,0.45
603115,海星股份,243.46,True,100.65,109.19,12,23.15,-11.63,2.59,-7.82,0.0602,2026-07-09,2026-07-09,40.8,0.2063,0.2189,1.0135,0.4113,0.6844,0.0,0.3908,0.5021,0.751,上升趋势中的日线整理,-0.0098,0.75,0.5625
603683,晶华新材,88.14,True,30.58,30.6,12,9.11,-9.16,0.93,-0.06,0.2127,2026-07-09,2026-07-09,42.29,0.1053,-0.2365,0.6082,0.1686,0.7176,0.0,0.3902,0.4804,0.7402,上升趋势中的日线整理,-0.0088,0.6929,0.5625
001324,长青科技,27.27,True,19.76,18.82,12,8.95,-7.55,0.39,4.99,0.3256,2026-06-29,2026-07-09,61.51,-0.007,-0.2653,0.4904,0.0939,0.8554,0.1826,0.3899,0.0152,0.5076,多周期方向不一致，观望,0.1605,0.0256,-0.0965
600529,山东药玻,121.11,True,18.25,18.42,6,1.76,-4.33,-1.08,-0.9,0.1499,2026-07-09,2026-07-09,44.44,0.6088,-0.5319,0.2815,0.3653,0.7654,0.5308,0.3891,-0.1743,0.4128,多周期方向不一致，观望,-0.2116,-0.0225,-0.5625
002101,广东鸿图,60.46,True,9.13,8.99,13,8.11,-7.81,0.61,1.61,0.2623,2026-06-22,2026-07-09,67.23,0.4381,-0.2902,0.3708,0.3468,0.7281,0.382,0.3883,-0.2572,0.3714,多周期方向不一致，观望,0.1083,-0.6608,-0.5625
002439,启明星辰,97.85,True,13.43,12.95,2,3.71,-12.66,-4.88,3.71,0.0167,2026-07-07,2026-07-09,55.58,0.4615,0.7559,0.4061,0.6769,0.9871,0.3232,0.3869,-0.4712,0.2644,多周期共振看空 ⬇⬇⬇,-0.3093,-0.2754,-0.495
603559,中通国脉,32.02,True,7.98,8.42,3,16.91,-10.9,-4.52,-5.2,0.0,2026-07-09,2026-07-09,42.66,0.3915,4.5592,0.787,0.6349,0.7257,0.0,0.3864,0.2044,0.6022,上升趋势中的日线回调（关注买点）,-0.388,0.5247,0.495
000650,仁和药业,69.5,True,5.22,5.21,7,4.0,-4.69,-1.08,0.23,0.1714,2026-07-01,2026-07-09,54.05,0.288,0.2314,0.2875,0.4654,0.979,0.5208,0.3863,-0.6567,0.1717,多周期共振看空 ⬇⬇⬇,-0.1526,-0.75,-0.5625
600835,上海机电,174.29,True,21.61,20.86,8,4.94,-14.22,-3.3,3.62,0.1352,2026-07-02,2026-07-09,45.33,0.721,0.0259,0.5356,0.643,0.7851,0.1073,0.386,-0.2931,0.3534,多周期方向不一致，观望,-0.0924,-0.6467,-0.5625
603776,永安行,56.57,True,20.15,20.91,13,7.7,-6.13,0.96,-3.66,0.1608,2026-07-09,2026-07-09,33.27,0.5034,-0.671,0.3904,0.302,0.5172,0.3493,0.3857,0.3161,0.6581,上升趋势中的日线整理,-0.0534,0.606,0.2607
603271,永杰新材,42.17,True,44.59,45.85,8,17.7,-8.53,-0.76,-2.76,0.0392,2026-07-09,2026-07-09,33.85,0.898,0.3082,0.7243,0.8621,0.53,0.0,0.3856,-0.025,0.4875,多周期方向不一致，观望,-0.1156,-0.191,0.18
603285,键邦股份,27.9,True,44.78,47.94,10,15.8,-12.93,0.58,-6.59,0.0089,2026-07-09,2026-07-09,36.65,0.2294,0.9322,0.9993,0.5376,0.5921,0.0,0.3855,0.4919,0.746,上升趋势中的日线整理,0.0133,0.7038,0.5625
000960,锡业股份,613.25,True,37.27,41.16,13,16.44,-12.19,1.69,-9.45,0.0129,2026-07-09,2026-07-09,42.06,0.6573,-0.2747,0.8929,0.4845,0.7125,0.0,0.3852,0.4208,0.7104,上升趋势中的日线整理,0.0185,0.6271,0.45
000050,深天马Ａ,195.83,True,8.04,9.02,15,27.13,-12.82,5.53,-10.84,0.1058,2026-07-09,2026-07-09,42.37,0.8924,-0.2538,0.819,0.6339,0.7194,0.0,0.3848,-0.0533,0.4733,多周期方向不一致，观望,0.0809,0.1465,-0.45
600216,浙江医药,110.46,True,11.61,11.6,6,8.33,-9.41,-2.87,0.09,0.0441,2026-07-01,2026-07-09,54.52,0.5718,0.6456,0.4204,0.7431,0.9894,0.2994,0.3845,-0.6454,0.1773,多周期共振看空 ⬇⬇⬇,-0.2205,-0.6669,-0.5625
002152,广电运通,263.11,True,10.6,9.74,2,8.81,-9.88,-3.64,8.81,0.19,2026-07-07,2026-07-09,59.83,0.5711,2.5989,0.5303,0.7427,0.8927,0.1162,0.3841,-0.7356,0.1322,多周期共振看空 ⬇⬇⬇,-0.3871,-0.7223,-0.5625
603662,柯力传感,178.69,True,63.63,69.02,15,15.37,-8.67,3.19,-7.81,0.1232,2026-07-09,2026-07-09,42.14,0.7736,-0.403,0.7806,0.5029,0.7142,0.0,0.3841,0.1155,0.5577,多周期方向不一致，观望,0.1416,0.4718,-0.0854
603181,皇马科技,82.95,True,14.09,15.87,17,15.7,-11.2,5.71,-11.2,0.1331,2026-07-09,2026-07-09,37.6,0.4162,1.4601,0.571,0.6497,0.6132,0.0483,0.3839,-0.0625,0.4688,多周期方向不一致，观望,0.1829,0.0185,-0.45
002370,亚太药业,39.0,True,5.23,5.35,8,8.43,-11.38,-3.01,-2.28,0.0,2026-07-09,2026-07-09,53.18,0.588,0.9519,0.7395,0.7528,0.9597,0.0,0.3833,-0.2896,0.3552,多周期方向不一致，观望,-0.1235,-0.6046,-0.5625
600990,四创电子,51.54,True,19.16,18.52,5,9.79,-8.66,-2.11,3.44,0.1163,2026-07-02,2026-07-09,51.73,0.6077,1.2329,0.5213,0.7646,0.9274,0.1312,0.3819,-0.6656,0.1672,多周期共振看空 ⬇⬇⬇,-0.1969,-0.7315,-0.5625
002225,濮耐股份,40.6,True,4.28,4.4,18,14.4,-8.15,5.66,-2.63,0.3622,2026-07-09,2026-07-09,51.36,0.2522,-0.361,0.6833,0.2069,0.9192,0.0,0.3812,-0.2538,0.3731,多周期方向不一致，观望,0.0591,-0.6037,-0.5625
605006,山东玻纤,114.51,True,17.52,21.2,15,36.5,-25.11,7.05,-17.36,0.0,2026-07-09,2026-07-09,33.95,0.4193,0.288,1.1612,0.5668,0.5323,0.0,0.3804,0.4973,0.7487,上升趋势中的日线整理,-0.0242,0.75,0.5625
603386,骏亚科技,52.37,True,16.05,18.34,17,15.31,-15.57,3.78,-12.47,0.0532,2026-07-09,2026-07-09,39.39,0.7151,-0.4597,0.6455,0.4452,0.653,0.0,0.3804,0.4198,0.7099,上升趋势中的日线整理,-0.0068,0.5337,0.5625
600315,上海家化,118.31,True,17.6,17.6,8,3.21,-7.88,-1.58,0.02,0.1492,2026-07-03,2026-07-09,50.12,0.3341,-0.04,0.3615,0.3844,0.8915,0.3975,0.3792,-0.3271,0.3365,多周期方向不一致，观望,-0.1463,-0.75,-0.5625
002698,博实股份,103.32,True,12.24,11.9,8,13.71,-12.54,-1.69,2.89,0.1571,2026-06-29,2026-07-09,58.73,0.6733,-0.1824,0.6098,0.531,0.9171,0.0,0.3789,-0.296,0.352,多周期方向不一致，观望,-0.1287,-0.6282,-0.5625
600535,天士力,209.75,True,14.04,13.93,10,3.52,-5.84,-0.79,0.8,0.2373,2026-07-02,2026-07-09,49.33,-0.0316,-0.0714,0.3244,0.1714,0.8741,0.4594,0.3771,-0.2434,0.3783,多周期方向不一致，观望,-0.0935,-0.4273,-0.5625
002223,鱼跃医疗,240.76,True,25.55,25.74,8,3.76,-7.02,-1.17,-0.72,0.1407,2026-07-09,2026-07-09,57.87,0.3154,-0.293,0.271,0.272,0.9361,0.5483,0.3771,-0.3179,0.341,多周期方向不一致，观望,-0.1098,-0.7408,-0.5625
002138,顺络电子,442.4,True,58.48,65.55,17,33.76,-14.48,14.44,-10.78,0.2509,2026-07-09,2026-07-09,36.61,-0.1043,-0.6816,0.9574,0.0,0.5913,0.0,0.3759,0.695,0.8475,多周期共振看多 ⬆⬆⬆,0.4387,0.589,0.5625
603933,睿能科技,48.15,True,23.2,22.96,6,2.46,-11.08,-2.72,1.03,0.077,2026-07-08,2026-07-09,45.11,0.4225,0.2837,0.5635,0.567,0.7801,0.0609,0.3755,-0.0724,0.4638,月线看多，中短期调整中,-0.2822,-0.2829,0.18
603050,科林电气,79.05,True,19.6,19.68,3,6.94,-13.4,-5.12,-0.39,0.0,2026-07-09,2026-07-09,52.48,0.7575,-0.4791,0.453,0.4629,0.944,0.2451,0.3755,-0.0658,0.4671,月线看多，中短期调整中,-0.2443,-0.314,0.21
603110,东方材料,42.42,True,21.08,22.64,10,15.31,-8.77,0.9,-6.9,0.009,2026-07-09,2026-07-09,33.69,0.6594,-0.0085,0.561,0.5922,0.5265,0.065,0.3745,0.3426,0.6713,上升趋势中的日线整理,-0.047,0.3676,0.5625
002842,翔鹭钨业,97.45,True,36.3,45.0,18,41.23,-19.76,13.39,-19.33,0.0531,2026-07-09,2026-07-09,36.19,0.3529,-0.1395,1.2002,0.3559,0.5821,0.0,0.3744,0.5997,0.7998,多周期共振看多 ⬆⬆⬆,0.3485,0.5694,0.45
002833,弘亚数控,49.98,True,17.09,17.99,8,7.56,-7.94,-1.59,-4.99,0.0,2026-07-09,2026-07-09,45.58,0.5715,0.3802,0.5689,0.695,0.7908,0.0518,0.3741,-0.1098,0.4451,月线震荡，中短期走弱,-0.2867,-0.209,0.0858
603931,格林达,110.95,True,55.6,56.66,7,5.32,-7.39,-1.24,-1.87,0.0637,2026-07-09,2026-07-09,49.47,-0.0901,0.2931,0.8314,0.3172,0.8771,0.0,0.3741,0.2798,0.6399,上升趋势中的日线回调（关注买点）,-0.2005,0.55,0.5625
002145,钛能化学,167.1,True,4.39,4.62,14,12.33,-6.23,2.58,-5.02,0.1619,2026-07-09,2026-07-09,43.06,0.8031,-0.3033,0.6126,0.5605,0.7347,0.0,0.3728,-0.1843,0.4078,多周期方向不一致，观望,-0.0487,-0.2059,-0.5625
603186,华正新材,295.8,True,188.66,212.0,16,57.65,-15.6,25.0,-11.01,0.2293,2026-07-09,2026-07-09,34.89,-0.0691,-0.5232,1.0199,0.0,0.5531,0.0,0.3728,0.7682,0.8841,多周期共振看多 ⬆⬆⬆,0.4815,0.7131,0.5625
000422,湖北宜化,139.32,True,13.17,13.81,11,11.16,-10.47,0.48,-4.63,0.0714,2026-07-09,2026-07-09,50.28,0.7444,-0.14,0.6985,0.5907,0.8951,0.0,0.3727,-0.209,0.3955,多周期方向不一致，观望,-0.0797,-0.5128,-0.3375
600845,宝信软件,430.87,True,20.19,17.9,7,12.78,-14.79,-5.72,12.78,0.2185,2026-06-30,2026-07-09,68.44,0.4899,2.4744,0.5455,0.6939,0.7014,0.0909,0.3726,-0.5686,0.2157,多周期共振看空 ⬇⬇⬇,-0.2283,-0.4915,-0.5625
000651,格力电器,2111.62,True,38.24,37.75,6,3.45,-4.33,-1.12,1.3,0.1848,2026-07-01,2026-07-09,65.64,-0.0775,-0.1473,0.1823,0.1411,0.7636,0.6962,0.3725,-0.1624,0.4188,多周期方向不一致，观望,-0.0643,-0.1638,-0.495
600936,北投科技,76.2,True,4.56,4.59,0,-0.64,-17.61,-10.32,-0.64,0.0,2026-07-09,2026-07-09,47.73,0.7713,-0.4881,0.451,0.4675,0.8384,0.2484,0.3723,0.0253,0.5127,多周期方向不一致，观望,-0.2663,-0.1106,0.45
002475,立讯精密,4707.1,True,64.46,66.83,3,7.57,-10.67,-3.64,-3.55,0.0,2026-07-09,2026-07-09,43.3,0.67,0.002,0.7686,0.6028,0.74,0.0,0.372,0.1232,0.5616,上升趋势中的日线回调（关注买点）,-0.3945,0.1898,0.5625
002752,昇兴股份,60.19,True,6.17,6.04,4,5.39,-11.61,-4.67,2.08,0.0111,2026-07-03,2026-07-09,52.31,0.1818,0.4156,0.4104,0.4753,0.9402,0.316,0.3715,-0.196,0.402,月线震荡，中短期走弱,-0.2522,-0.4248,-0.0177
605183,确成股份,58.77,True,14.25,15.1,10,10.39,-6.21,-0.37,-5.61,0.0396,2026-07-09,2026-07-09,45.17,0.7942,0.4877,0.4785,0.8716,0.7815,0.2025,0.3709,-0.6222,0.1889,多周期共振看空 ⬇⬇⬇,-0.2236,-0.6133,-0.5625
603978,深圳新星,50.37,True,23.86,27.95,10,20.32,-17.89,-1.33,-14.64,0.0,2026-07-09,2026-07-09,41.02,0.6045,0.3848,0.8333,0.7166,0.6894,0.0,0.3705,-0.01,0.495,月线看多，中短期调整中,-0.2666,-0.2448,0.4258
000921,海信家电,227.88,True,24.82,27.08,14,14.95,-8.35,1.77,-8.35,0.0582,2026-07-09,2026-07-09,33.01,0.7778,-0.5038,0.4932,0.4667,0.5114,0.1781,0.3702,0.3193,0.6596,上升趋势中的日线整理,-0.0147,0.5533,0.2887
002312,川发龙蟒,153.53,True,8.15,9.18,12,15.54,-11.52,0.93,-11.23,0.0,2026-07-09,2026-07-09,47.26,0.6562,0.6049,0.7203,0.7937,0.828,0.0,0.3698,-0.3054,0.3473,多周期方向不一致，观望,-0.1105,-0.6854,-0.5625
605507,国邦医药,115.4,True,14.75,15.39,8,3.5,-5.44,-0.91,-4.16,0.0709,2026-07-09,2026-07-09,44.9,0.378,0.321,0.4021,0.5552,0.7756,0.3298,0.3696,-0.2963,0.3518,多周期方向不一致，观望,-0.1314,-0.6946,-0.495
002929,润建股份,127.32,True,58.8,63.31,6,15.45,-23.66,-6.24,-7.12,0.0,2026-07-09,2026-07-09,46.57,0.7798,-0.1489,0.8693,0.6083,0.8128,0.0,0.3676,-0.0077,0.4961,多周期方向不一致，观望,-0.3971,-0.1433,0.45
002014,永新股份,63.83,True,10.59,10.75,12,8.22,-3.59,0.8,-1.51,0.2308,2026-07-09,2026-07-09,53.13,0.312,-0.3364,0.5518,0.2526,0.9585,0.0803,0.3667,-0.239,0.3805,多周期方向不一致，观望,0.1182,-0.6567,-0.495
002250,联化科技,126.19,True,14.1,14.12,8,10.67,-5.93,0.2,-0.16,0.1324,2026-07-09,2026-07-09,52.7,0.489,-0.1743,0.6178,0.4237,0.9489,0.0,0.366,-0.2061,0.397,多周期方向不一致，观望,0.0591,-0.619,-0.3375
601138,工业富联,13797.6,True,69.53,70.85,8,6.73,-12.2,-2.5,-1.87,0.0182,2026-07-09,2026-07-09,37.53,0.6519,-0.1198,0.6847,0.5433,0.6118,0.0,0.3658,0.2794,0.6397,上升趋势中的日线回调（关注买点）,-0.2453,0.5869,0.5625
002884,凌霄泵业,43.83,True,16.05,15.74,5,4.07,-5.86,-2.34,1.98,0.1318,2026-07-02,2026-07-09,59.32,0.1502,-0.0074,0.2529,0.2871,0.9041,0.5785,0.3657,-0.3976,0.3012,多周期共振看空 ⬇⬇⬇,-0.2921,-0.4401,-0.1834
001387,雪祺电气,14.18,True,12.17,12.69,15,6.55,-9.72,0.06,-4.09,0.1378,2026-07-09,2026-07-09,44.14,0.4801,0.0025,0.4958,0.4891,0.7587,0.1736,0.3652,-0.2413,0.3794,多周期方向不一致，观望,-0.0317,-0.471,-0.5625
600105,永鼎股份,740.65,True,50.66,58.8,16,29.83,-19.19,6.33,-13.84,0.0668,2026-07-09,2026-07-09,38.65,0.2386,-0.132,1.0129,0.2904,0.6366,0.0,0.3651,0.5317,0.7658,上升趋势中的日线整理,0.0799,0.75,0.5625
002931,锋龙股份,121.17,True,60.21,69.33,17,21.84,-13.15,7.51,-13.15,0.1296,2026-07-09,2026-07-09,38.33,0.3893,0.2446,1.082,0.5314,0.6295,0.0,0.3649,0.0029,0.5014,⚠️ 月线空头下的短期反弹，不宜追高,0.2021,0.1975,-0.3375
002032,苏 泊 尔,342.34,True,42.82,41.58,5,5.63,-7.84,-3.8,2.97,0.0756,2026-07-02,2026-07-09,58.92,0.2539,-0.0797,0.2769,0.3204,0.9128,0.5384,0.3643,-0.3056,0.3472,多周期共振看空 ⬇⬇⬇,-0.2257,-0.2182,-0.2599
600545,卓郎智能,101.2,True,5.66,6.48,6,20.23,-17.91,-3.26,-12.65,0.0,2026-07-09,2026-07-09,36.46,0.7399,-0.1743,1.1419,0.5742,0.5879,0.0,0.3642,0.2895,0.6447,上升趋势中的日线回调（关注买点）,-0.2811,0.6515,0.5625
002975,博杰股份,166.68,True,121.35,133.5,11,13.62,-17.34,-0.6,-9.1,0.0,2026-07-09,2026-07-09,41.96,0.7077,-0.4452,0.9011,0.4466,0.7101,0.0,0.3639,0.3444,0.6722,上升趋势中的日线回调（关注买点）,-0.1701,0.7408,0.5625
600525,ST长园,66.47,True,5.04,5.02,7,4.94,-7.73,-1.88,0.39,0.1196,2026-06-30,2026-07-09,52.63,0.128,-0.4355,0.3502,0.1026,0.9474,0.4163,0.3637,-0.0114,0.4943,多周期方向不一致，观望,-0.0947,-0.1491,0.18
002885,京泉华,84.06,True,35.43,40.58,4,8.71,-15.74,-4.99,-12.69,0.0,2026-07-09,2026-07-09,33.79,0.5563,0.3148,0.7999,0.6597,0.5286,0.0,0.3637,0.2196,0.6098,上升趋势中的日线回调（关注买点）,-0.4564,0.5667,0.5625
601058,赛轮轮胎,400.16,True,12.17,12.1,8,7.14,-7.68,-1.28,0.61,0.1347,2026-07-02,2026-07-09,56.77,0.2086,0.3247,0.5882,0.4551,0.9607,0.0197,0.3633,-0.3133,0.3433,多周期方向不一致，观望,-0.1079,-0.7223,-0.5625
002541,鸿路钢构,93.63,True,18.87,17.22,8,9.93,-8.69,-1.84,9.58,0.3208,2026-06-30,2026-07-09,71.4,0.0285,0.0654,0.4446,0.2433,0.6355,0.259,0.3629,-0.2261,0.387,多周期方向不一致，观望,0.0121,-0.6669,-0.3375
002326,永太科技,168.18,True,20.81,23.77,14,18.73,-12.46,3.73,-12.46,0.0046,2026-07-09,2026-07-09,42.67,0.7102,0.17,0.8022,0.6941,0.7261,0.0,0.3628,-0.0905,0.4547,多周期方向不一致，观望,-0.0662,-0.1227,-0.2185
603012,创力集团,53.14,True,8.22,7.99,8,10.78,-17.73,-4.8,2.83,0.0781,2026-06-29,2026-07-09,59.95,0.3564,-0.0945,0.6151,0.376,0.8901,0.0,0.3622,0.0407,0.5203,多周期方向不一致，观望,-0.1345,-0.0432,0.3375
002791,坚朗五金,31.76,True,14.59,13.95,3,7.57,-10.02,-5.11,4.57,0.0416,2026-07-06,2026-07-09,56.1,0.4358,1.2883,0.3777,0.6615,0.9756,0.3705,0.3606,-0.7408,0.1296,多周期共振看空 ⬇⬇⬇,-0.3683,-0.75,-0.5625
002957,科瑞技术,197.03,True,47.06,52.65,6,6.27,-16.93,-4.92,-10.61,0.0,2026-07-09,2026-07-09,29.89,0.8381,-0.066,0.7797,0.6764,0.4421,0.0,0.3596,0.2638,0.6319,上升趋势中的日线回调（关注买点）,-0.3691,0.6406,0.5625
002993,奥海科技,144.28,True,60.51,65.99,14,11.24,-9.44,1.4,-8.31,0.05,2026-07-09,2026-07-09,38.96,0.288,-0.0818,0.7669,0.3401,0.6436,0.0,0.3586,0.4323,0.7162,上升趋势中的日线整理,-0.072,0.6221,0.5625
000795,英洛华,93.21,True,8.35,9.26,14,10.85,-9.8,0.99,-9.8,0.0025,2026-07-09,2026-07-09,34.38,0.7628,0.4929,0.6894,0.8548,0.5418,0.0,0.3582,-0.158,0.421,多周期方向不一致，观望,0.0199,-0.1492,-0.5625
002444,巨星科技,341.27,True,29.76,30.93,9,9.48,-6.63,-0.9,-3.78,0.0261,2026-07-09,2026-07-09,50.81,0.1786,1.8375,0.5505,0.5072,0.9069,0.0826,0.3582,-0.1631,0.4184,多周期方向不一致，观望,0.0121,-0.3897,-0.3375
600198,大唐电信,110.01,True,8.45,9.16,17,9.1,-11.95,1.79,-7.72,0.1223,2026-07-09,2026-07-09,43.4,0.6891,-0.4131,0.574,0.4483,0.7421,0.0433,0.3579,-0.0724,0.4638,多周期方向不一致，观望,0.0027,0.0618,-0.3825
002838,道恩股份,131.62,True,31.29,33.16,8,4.03,-10.71,-1.61,-5.64,0.0,2026-07-09,2026-07-09,35.42,0.5213,-0.2094,0.507,0.429,0.5649,0.155,0.3562,0.3612,0.6806,上升趋势中的日线整理,-0.128,0.4853,0.5625
000751,锌业股份,69.37,True,4.92,5.51,13,18.14,-14.21,2.35,-10.74,0.0,2026-07-09,2026-07-09,46.9,0.8017,-0.128,0.8623,0.6299,0.82,0.0,0.3558,-0.1456,0.4272,多周期方向不一致，观望,-0.0639,-0.3602,-0.225
603679,华体科技,32.25,True,18.15,19.84,18,19.39,-8.53,6.45,-8.53,0.2344,2026-07-09,2026-07-09,29.4,-0.0676,-0.244,0.6335,0.1024,0.431,0.0,0.3554,0.5996,0.7998,多周期共振看多 ⬆⬆⬆,0.2679,0.5256,0.5625
600523,贵航股份,45.78,True,11.33,11.0,3,2.97,-9.68,-4.09,2.97,0.072,2026-07-08,2026-07-09,52.78,0.3095,0.9097,0.3471,0.5857,0.9506,0.4215,0.3549,-0.7485,0.1257,多周期共振看空 ⬇⬇⬇,-0.3986,-0.7408,-0.5625
603688,石英股份,363.85,True,67.17,76.32,16,19.26,-20.31,3.68,-11.99,0.0468,2026-07-09,2026-07-09,36.65,0.4479,-0.3271,0.8606,0.3379,0.5923,0.0,0.3544,0.4718,0.7359,上升趋势中的日线整理,-0.0907,0.7408,0.5625
002180,奔图科技,221.05,True,16.25,15.13,9,10.57,-13.83,-1.52,7.43,0.2908,2026-06-26,2026-07-09,66.99,0.4596,-0.3326,0.6404,0.3427,0.7337,0.0,0.3542,-0.2928,0.3536,多周期方向不一致，观望,-0.024,-0.7038,-0.5625
603226,菲林格尔,180.95,True,50.9,53.7,12,13.77,-7.77,1.91,-5.21,0.1083,2026-07-09,2026-07-09,34.24,0.3087,-0.328,0.6431,0.254,0.5387,0.0,0.3539,0.5184,0.7592,上升趋势中的日线整理,0.0611,0.7315,0.5625
600420,国药现代,114.8,True,8.56,8.44,6,6.32,-9.57,-2.31,1.46,0.0943,2026-07-01,2026-07-09,56.0,0.293,0.7348,0.4672,0.5758,0.9778,0.2214,0.3538,-0.6676,0.1662,多周期共振看空 ⬇⬇⬇,-0.2128,-0.7223,-0.5625
600367,红星发展,139.32,True,43.27,54.31,17,66.24,-22.56,17.67,-20.33,0.0123,2026-07-09,2026-07-09,37.6,0.4048,-0.4611,1.0841,0.2585,0.6132,0.0,0.3533,0.6474,0.8237,多周期共振看多 ⬆⬆⬆,0.1826,0.7038,0.5625
002913,奥士康,169.25,True,56.1,61.51,14,24.23,-12.25,5.07,-8.79,0.1295,2026-07-09,2026-07-09,21.33,0.4995,-0.3794,0.7602,0.348,0.2517,0.0,0.3533,0.657,0.8285,多周期共振看多 ⬆⬆⬆,0.164,0.7408,0.5625
600993,马应龙,102.41,True,23.8,22.81,3,4.32,-7.49,-2.25,4.32,0.1659,2026-07-07,2026-07-09,59.5,0.0189,1.2537,0.3252,0.4113,0.9,0.458,0.353,-0.6788,0.1606,多周期共振看空 ⬇⬇⬇,-0.2308,-0.7315,-0.5625
603859,能科科技,110.73,True,45.25,49.62,14,26.83,-11.11,3.87,-8.82,0.0992,2026-07-09,2026-07-09,36.54,0.6202,-0.6735,0.7376,0.3721,0.5897,0.0,0.3524,0.2781,0.6391,上升趋势中的日线整理,-0.1007,0.5348,0.2738
600459,贵研铂业,165.77,True,21.82,25.86,17,20.71,-17.92,6.2,-15.63,0.0346,2026-07-09,2026-07-09,38.36,0.5569,-0.4287,0.8898,0.3626,0.6302,0.0,0.3521,0.3973,0.6986,上升趋势中的日线整理,0.1021,0.4944,0.45
600346,恒力石化,1145.97,True,16.28,17.77,14,7.53,-11.4,0.12,-8.39,0.0159,2026-07-09,2026-07-09,44.91,0.6636,0.1854,0.716,0.6723,0.7758,0.0,0.3516,-0.2321,0.384,多周期方向不一致，观望,-0.1227,-0.5777,-0.3375
002690,美亚光电,62.98,True,14.52,14.48,4,2.34,-7.94,-2.74,0.25,0.0603,2026-07-08,2026-07-09,44.96,0.4221,0.4612,0.2667,0.6378,0.777,0.5556,0.3509,-0.7346,0.1327,多周期共振看空 ⬇⬇⬇,-0.3523,-0.75,-0.5625
002737,葵花药业,72.47,True,12.41,12.16,5,4.68,-8.6,-2.39,2.05,0.1165,2026-07-02,2026-07-09,53.56,0.1374,0.437,0.4307,0.4572,0.9681,0.2821,0.3505,-0.5944,0.2028,多周期共振看空 ⬇⬇⬇,-0.2132,-0.5612,-0.5625
002023,海特高新,85.42,True,11.53,12.56,14,17.2,-8.18,3.21,-8.18,0.0987,2026-07-09,2026-07-09,41.41,0.7093,-0.401,0.592,0.4652,0.6981,0.0134,0.3505,-0.0254,0.4873,多周期方向不一致，观望,-0.0171,0.0447,-0.1417
000657,中钨高新,1104.08,True,75.99,90.88,17,42.18,-18.49,13.95,-16.39,0.1107,2026-07-09,2026-07-09,31.49,0.1059,-0.2808,0.9742,0.1512,0.4774,0.0,0.3492,0.7129,0.8564,多周期共振看多 ⬆⬆⬆,0.3613,0.6946,0.5625
600031,三一重工,1573.69,True,18.57,18.36,10,5.52,-6.28,-0.66,1.17,0.222,2026-07-02,2026-07-09,51.61,0.235,-0.6162,0.4498,0.141,0.9246,0.2504,0.3491,-0.2755,0.3622,多周期方向不一致，观望,-0.1003,-0.5623,-0.5625
002723,小崧股份,26.76,True,8.44,8.74,12,9.93,-7.92,-0.29,-3.42,0.0983,2026-07-09,2026-07-09,46.33,0.534,-0.4184,0.5288,0.353,0.8074,0.1186,0.3483,-0.0778,0.4611,月线震荡，中短期走弱,-0.1514,-0.2048,0.073
002870,香山股份,49.48,True,38.14,39.42,5,1.87,-3.69,-1.49,-3.26,0.0593,2026-07-09,2026-07-09,42.13,0.3497,-0.481,0.2984,0.2174,0.7139,0.5026,0.3477,0.0329,0.5164,多周期方向不一致，观望,-0.2966,0.1004,0.2985
002611,东方精工,173.48,True,17.28,17.76,9,3.71,-6.65,-1.19,-2.73,0.112,2026-07-09,2026-07-09,35.96,0.727,-0.6846,0.4729,0.4362,0.5769,0.2119,0.3477,-0.0469,0.4766,多周期方向不一致，观望,-0.2083,-0.0112,-0.0165
001322,箭牌家居,49.89,True,6.35,6.13,8,5.69,-9.45,-3.16,3.57,0.1374,2026-06-30,2026-07-09,63.64,0.572,0.1406,0.463,0.5994,0.8081,0.2283,0.3473,-0.6626,0.1687,多周期共振看空 ⬇⬇⬇,-0.1677,-0.75,-0.5625
002602,世纪华通,944.08,True,13.89,13.75,6,5.18,-10.26,-2.9,1.05,0.0695,2026-07-03,2026-07-09,60.39,0.2474,0.175,0.4449,0.4184,0.8801,0.2585,0.3472,-0.3216,0.3392,多周期方向不一致，观望,-0.1398,-0.7315,-0.5625
603658,安图生物,174.8,True,30.59,30.49,7,2.38,-6.73,-1.56,0.33,0.1519,2026-07-02,2026-07-09,50.58,0.4794,-0.3028,0.3617,0.3665,0.9017,0.3972,0.3464,-0.58,0.21,多周期共振看空 ⬇⬇⬇,-0.1538,-0.5804,-0.5625
601038,一拖股份,85.17,True,11.64,11.37,6,11.49,-12.52,-3.97,2.42,0.0566,2026-07-01,2026-07-09,53.06,0.2206,0.9155,0.4807,0.5324,0.9568,0.1989,0.3457,-0.5294,0.2353,多周期共振看空 ⬇⬇⬇,-0.1682,-0.5243,-0.495
603178,圣龙股份,39.48,True,16.7,15.66,3,14.03,-15.27,-6.8,6.63,0.0435,2026-07-06,2026-07-09,52.27,0.4139,3.6603,0.7822,0.6484,0.9393,0.0,0.3457,-0.5038,0.2481,多周期共振看空 ⬇⬇⬇,-0.2738,-0.3775,-0.495
600184,光电股份,130.06,True,22.32,27.02,13,16.97,-21.57,0.17,-17.38,0.0,2026-07-09,2026-07-09,37.25,0.7075,-0.2913,1.0118,0.508,0.6056,0.0,0.3454,0.2235,0.6118,上升趋势中的日线回调（关注买点）,-0.2791,0.5404,0.45
002202,金风科技,683.8,True,20.33,22.41,7,10.16,-11.49,-2.09,-9.27,0.0,2026-07-09,2026-07-09,42.72,0.6892,0.2418,0.7188,0.7102,0.7272,0.0,0.3452,-0.2475,0.3762,月线震荡，中短期走弱,-0.3682,-0.5334,0.017
002287,奇正藏药,114.07,True,19.98,19.72,6,5.2,-6.69,-1.93,1.31,0.1378,2026-07-01,2026-07-09,53.14,0.1707,0.2231,0.3419,0.3917,0.9587,0.4301,0.3445,-0.6957,0.1522,多周期共振看空 ⬇⬇⬇,-0.2525,-0.75,-0.5625
002580,圣阳股份,80.59,True,17.83,21.08,5,12.84,-16.65,-7.11,-15.4,0.0,2026-07-09,2026-07-09,41.7,0.7764,-0.1847,0.9282,0.592,0.7045,0.0,0.3445,-0.0367,0.4817,月线看多，中短期调整中,-0.4729,-0.2194,0.45
000999,华润三九,393.39,True,23.66,23.67,9,2.78,-7.66,-1.09,-0.03,0.1822,2026-07-09,2026-07-09,51.4,-0.0978,0.3547,0.3488,0.3419,0.9199,0.4186,0.3445,-0.6673,0.1663,多周期共振看空 ⬇⬇⬇,-0.1904,-0.7408,-0.5625
600846,同济科技,71.41,True,11.43,10.21,7,12.41,-13.8,-4.53,12.0,0.2482,2026-06-30,2026-07-09,68.58,-0.411,0.8656,0.7032,0.4,0.6983,0.0,0.3444,-0.3185,0.3407,多周期方向不一致，观望,-0.1342,-0.7223,-0.5625
000951,中国重汽,249.93,True,21.38,21.06,15,7.28,-11.37,-0.43,1.5,0.2654,2026-07-01,2026-07-09,49.34,-0.0227,-0.5788,0.5724,0.0,0.8742,0.046,0.3444,0.0328,0.5164,多周期方向不一致，观望,0.0652,-0.2041,0.2925
603520,司太立,41.43,True,9.45,9.91,10,13.05,-15.81,-1.91,-4.62,0.0,2026-07-09,2026-07-09,49.18,0.817,-0.3401,0.5188,0.5542,0.8706,0.1353,0.3443,-0.2852,0.3574,多周期共振看空 ⬇⬇⬇,-0.2363,-0.2667,-0.1575
600549,厦门钨业,1005.55,True,64.71,77.93,17,47.21,-18.46,15.03,-16.97,0.0963,2026-07-09,2026-07-09,28.44,0.2476,-0.2711,0.9639,0.2401,0.4097,0.0,0.3441,0.646,0.823,多周期共振看多 ⬆⬆⬆,0.3681,0.5417,0.5625
603031,安孚科技,149.02,True,47.4,51.58,3,3.92,-11.41,-5.23,-8.1,0.0,2026-07-09,2026-07-09,45.79,0.5169,-0.409,0.775,0.3465,0.7954,0.0,0.344,0.2434,0.6217,上升趋势中的日线回调（关注买点）,-0.408,0.6054,0.5625
002274,华昌化工,50.93,True,5.43,5.0,1,8.51,-10.94,-6.07,8.51,0.0902,2026-07-08,2026-07-09,66.67,0.5802,0.5265,0.4788,0.7481,0.7407,0.202,0.3438,-0.7135,0.1432,多周期共振看空 ⬇⬇⬇,-0.4834,-0.5913,-0.5625
603124,江南新材,121.24,True,156.22,181.04,16,33.5,-14.85,10.02,-13.71,0.1618,2026-07-09,2026-07-09,18.0,0.4697,-0.5225,0.8312,0.2818,0.1779,0.0,0.3434,0.6943,0.8472,多周期共振看多 ⬆⬆⬆,0.2491,0.75,0.5625
600062,华润双鹤,170.58,True,16.43,16.61,8,2.85,-6.51,-0.8,-1.1,0.1656,2026-07-09,2026-07-09,50.53,-0.0019,0.7186,0.3843,0.4,0.9006,0.3595,0.3433,-0.6597,0.1702,多周期共振看空 ⬇⬇⬇,-0.1709,-0.7408,-0.5625
002511,中顺洁柔,87.81,True,6.94,6.87,6,2.56,-8.42,-2.38,1.06,0.1192,2026-07-01,2026-07-09,54.7,0.3553,-0.3765,0.2505,0.2626,0.9934,0.5825,0.3433,-0.6181,0.191,多周期共振看空 ⬇⬇⬇,-0.2293,-0.5994,-0.5625
000969,安泰科技,213.68,True,20.52,24.18,14,14.04,-15.16,2.56,-15.15,0.0,2026-07-09,2026-07-09,29.57,0.6058,0.0742,0.7377,0.5932,0.4349,0.0,0.3425,0.2693,0.6346,上升趋势中的日线整理,0.0015,0.3964,0.3018
000990,诚志股份,104.63,True,8.61,8.7,2,1.89,-11.22,-5.1,-0.98,0.0,2026-07-09,2026-07-09,49.22,0.2822,0.2019,0.4441,0.4501,0.8717,0.2599,0.3425,-0.2341,0.383,月线震荡，中短期走弱,-0.4756,-0.3048,-0.0743
002446,盛路通信,87.66,True,10.34,10.89,15,13.75,-8.67,2.55,-5.05,0.1762,2026-07-09,2026-07-09,36.03,0.592,-0.6009,0.7019,0.3552,0.5785,0.0,0.3425,0.0546,0.5273,多周期方向不一致，观望,0.0358,0.2359,-0.0266
002521,齐峰新材,29.8,True,7.11,7.03,8,5.41,-9.45,-2.62,1.17,0.0912,2026-06-29,2026-07-09,55.83,0.2657,-0.2308,0.4651,0.2671,0.9817,0.2248,0.3424,-0.265,0.3675,多周期方向不一致，观望,-0.1379,-0.4843,-0.5625
603730,岱美股份,240.43,True,11.19,12.06,10,11.58,-11.76,-2.24,-7.19,0.0,2026-07-09,2026-07-09,36.42,0.8011,-0.6706,0.816,0.4806,0.5871,0.0,0.3421,0.2632,0.6316,上升趋势中的日线回调（关注买点）,-0.3412,0.6146,0.5625
603309,维力医疗,34.24,True,11.73,11.61,7,5.01,-8.89,-2.23,1.0,0.1103,2026-06-30,2026-07-09,53.57,0.3335,-0.1467,0.3318,0.3414,0.9683,0.4471,0.3419,-0.5953,0.2023,多周期共振看空 ⬇⬇⬇,-0.1601,-0.6762,-0.495
002273,水晶光电,447.85,True,32.88,35.19,7,10.34,-13.43,-3.11,-6.56,0.0,2026-07-09,2026-07-09,41.56,0.3174,-0.0252,0.8578,0.3804,0.7012,0.0,0.3411,0.2789,0.6394,上升趋势中的日线回调（关注买点）,-0.2903,0.6238,0.5625
603072,天和磁材,42.67,True,33.8,38.68,17,13.43,-12.61,2.37,-12.61,0.0144,2026-07-09,2026-07-09,32.96,0.598,0.7298,0.67,0.7588,0.5102,0.0,0.3411,-0.1323,0.4339,多周期方向不一致，观望,0.1165,-0.1187,-0.5625
001279,强邦新材,10.68,True,26.7,27.08,9,4.84,-13.72,-3.22,-1.39,0.0282,2026-07-09,2026-07-09,50.92,0.7448,-0.2981,0.5782,0.5276,0.9092,0.0363,0.3407,-0.306,0.347,多周期方向不一致，观望,-0.1047,-0.6929,-0.5625
603391,力聚热能,12.69,True,55.8,54.98,6,3.72,-15.11,-4.91,1.49,0.0099,2026-07-01,2026-07-09,50.92,0.1279,1.0893,0.367,0.4767,0.9094,0.3883,0.3407,-0.4629,0.2686,多周期共振看空 ⬇⬇⬇,-0.2942,-0.4681,-0.297
600618,氯碱化工,75.36,True,10.05,10.54,10,4.19,-9.81,-0.92,-4.61,0.061,2026-07-09,2026-07-09,45.95,0.6633,-0.2214,0.5318,0.5094,0.7988,0.1136,0.3406,-0.2858,0.3571,多周期方向不一致，观望,-0.0884,-0.6854,-0.495
002427,尤夫股份,41.15,True,4.18,4.65,10,15.51,-10.17,0.1,-10.17,0.0,2026-07-09,2026-07-09,49.13,0.7677,0.4924,0.8483,0.8576,0.8696,0.0,0.3399,-0.6962,0.1519,多周期共振看空 ⬇⬇⬇,-0.2862,-0.7223,-0.5625
002848,高斯贝尔,22.89,True,13.84,13.74,5,3.78,-20.19,-6.88,0.71,0.0,2026-07-02,2026-07-09,48.36,0.4839,-0.3844,0.4739,0.3366,0.8524,0.2102,0.3397,-0.0122,0.4939,月线看多，中短期调整中,-0.261,-0.1721,0.3375
002240,盛新锂能,324.54,True,35.55,44.95,9,9.36,-20.92,-2.94,-20.92,0.0,2026-07-09,2026-07-09,32.9,0.5435,0.7687,0.855,0.7261,0.5088,0.0,0.3394,-0.0574,0.4713,月线看多，中短期调整中,-0.4041,-0.2194,0.2925
000967,盈峰环境,308.91,True,9.2,10.21,5,12.28,-14.53,-4.72,-9.88,0.0,2026-07-09,2026-07-09,43.3,0.5919,0.0416,0.8623,0.5718,0.7399,0.0,0.3394,-0.0879,0.4561,月线看多，中短期调整中,-0.5291,-0.2575,0.2925
002078,太阳纸业,358.0,True,12.89,12.57,8,2.53,-8.93,-2.45,2.53,0.1679,2026-07-03,2026-07-09,61.38,-0.3527,0.2991,0.3196,0.3197,0.8582,0.4673,0.3386,-0.609,0.1955,多周期共振看空 ⬇⬇⬇,-0.152,-0.7131,-0.495
000915,华特达因,57.16,True,24.41,25.47,9,3.26,-4.17,-0.17,-4.17,0.1218,2026-07-09,2026-07-09,43.77,0.6537,-0.1544,0.3224,0.5305,0.7505,0.4627,0.3381,-0.7074,0.1463,多周期共振看空 ⬇⬇⬇,-0.2825,-0.75,-0.5625
600096,云天化,506.06,True,27.76,30.85,10,11.45,-10.02,-0.29,-10.02,0.0,2026-07-09,2026-07-09,43.66,0.7686,0.3253,0.6366,0.7913,0.748,0.0,0.3376,-0.4628,0.2686,多周期共振看空 ⬇⬇⬇,-0.246,-0.4687,-0.3375
603221,爱丽家居,28.37,True,11.71,11.2,4,6.58,-15.26,-5.68,4.57,0.036,2026-07-03,2026-07-09,53.26,0.3025,0.6049,0.5725,0.5815,0.9612,0.0459,0.3368,-0.5125,0.2438,多周期共振看空 ⬇⬇⬇,-0.256,-0.3445,-0.5625
603026,石大胜华,164.75,True,70.8,88.31,11,12.56,-19.83,-1.41,-19.83,0.0,2026-07-09,2026-07-09,28.53,0.6448,0.7264,0.799,0.7869,0.4118,0.0,0.3368,-0.0588,0.4706,月线看多，中短期调整中,-0.3566,-0.2667,0.2925
605128,上海沿浦,74.1,True,23.6,24.41,12,10.01,-7.19,2.3,-3.33,0.1653,2026-07-09,2026-07-09,34.25,0.44,-0.6696,0.4464,0.264,0.5389,0.2561,0.3367,0.0234,0.5117,多周期方向不一致，观望,0.0399,0.2487,-0.18
003037,三和管桩,36.72,True,6.13,5.92,4,6.41,-13.65,-7.39,3.59,0.0,2026-07-03,2026-07-09,57.76,0.4638,0.6637,0.4053,0.6783,0.9386,0.3246,0.3367,-0.7775,0.1113,多周期共振看空 ⬇⬇⬇,-0.4732,-0.7408,-0.5625
000070,特发信息,155.75,True,18.18,20.2,12,31.88,-13.77,3.74,-10.0,0.0344,2026-07-09,2026-07-09,42.03,0.4476,-0.0971,0.9846,0.4297,0.7117,0.0,0.3366,0.0687,0.5343,多周期方向不一致，观望,-0.088,-0.0725,0.45
003009,中天火箭,90.79,True,55.13,58.98,16,14.56,-8.86,3.27,-6.52,0.1734,2026-07-09,2026-07-09,43.32,0.6106,-0.5013,0.8833,0.3664,0.7405,0.0,0.336,-0.2025,0.3987,多周期方向不一致，观望,-0.0822,-0.3247,-0.495
002538,ST司特,53.06,True,6.22,6.02,10,8.45,-7.85,0.11,3.36,0.2734,2026-06-25,2026-07-09,68.45,0.1273,-0.4789,0.4362,0.0848,0.7011,0.2731,0.3357,-0.1657,0.4172,多周期方向不一致，观望,0.1054,-0.4812,-0.3375
603009,北特科技,156.95,True,46.38,45.96,9,16.5,-16.1,-3.13,0.92,0.088,2026-06-26,2026-07-09,57.22,0.3667,-0.2652,0.6311,0.314,0.9508,0.0,0.335,-0.1747,0.4127,多周期方向不一致，观望,-0.1328,-0.1591,-0.495
002066,瑞泰科技,48.51,True,21.0,21.57,0,-2.07,-9.3,-6.43,-2.64,0.0,2026-07-09,2026-07-09,43.69,0.1666,0.1763,0.4317,0.3705,0.7487,0.2804,0.3347,-0.0383,0.4808,月线看多，中短期调整中,-0.4164,-0.1629,0.3375
002348,高乐股份,98.49,True,10.9,11.16,0,-2.05,-18.35,-10.69,-2.33,0.0,2026-07-09,2026-07-09,43.4,0.569,-0.2939,0.6266,0.4238,0.7423,0.0,0.3345,0.1073,0.5536,多周期方向不一致，观望,-0.223,0.1001,0.5625
605009,XD豪悦护,50.62,True,23.54,22.7,7,9.22,-10.11,-2.42,3.7,0.1433,2026-06-30,2026-07-09,60.22,0.0986,-0.0731,0.4324,0.2299,0.8841,0.2793,0.3344,-0.3209,0.3396,多周期方向不一致，观望,-0.1359,-0.7315,-0.5625
603298,杭叉集团,324.05,True,24.74,24.81,7,7.31,-9.96,-0.94,-0.28,0.1063,2026-07-09,2026-07-09,50.44,0.2223,-0.2249,0.507,0.2434,0.8988,0.155,0.3343,-0.1729,0.4135,多周期方向不一致，观望,-0.0342,-0.3843,-0.3466
603660,苏州科达,58.64,True,10.26,11.76,8,12.3,-12.72,-2.16,-12.72,0.0,2026-07-09,2026-07-09,33.04,0.7586,0.0227,0.6135,0.6642,0.5119,0.0,0.3343,-0.0023,0.4989,多周期方向不一致，观望,-0.3869,-0.1284,0.45
600330,天通股份,309.84,True,25.12,29.97,9,13.42,-20.08,-2.45,-16.18,0.0,2026-07-09,2026-07-09,31.42,0.7111,-0.2093,0.8648,0.5429,0.4759,0.0,0.3343,0.2349,0.6175,上升趋势中的日线回调（关注买点）,-0.3327,0.5122,0.5625
002059,云南旅游,41.68,True,4.24,4.33,5,5.76,-7.08,-2.14,-2.09,0.0317,2026-07-09,2026-07-09,50.0,0.7689,-0.28,0.3223,0.5493,0.8889,0.4628,0.3343,-0.7173,0.1413,多周期共振看空 ⬇⬇⬇,-0.3187,-0.7408,-0.5625
603225,新凤鸣,299.5,True,17.95,20.35,16,16.88,-11.81,5.01,-11.81,0.0846,2026-07-09,2026-07-09,42.68,0.2275,-0.1507,0.8625,0.2762,0.7262,0.0,0.3339,0.1551,0.5776,月线震荡，中短期走强,0.1515,0.3302,0.0613
002171,楚江新材,190.42,True,11.8,13.89,14,25.65,-15.61,4.91,-15.04,0.0,2026-07-09,2026-07-09,30.88,0.8641,-0.3727,0.8264,0.5694,0.4639,0.0,0.3336,0.2013,0.6007,上升趋势中的日线整理,-0.0054,0.2981,0.2293
603936,博敏电子,125.01,True,19.83,24.68,14,21.1,-22.77,2.37,-19.66,0.0,2026-07-09,2026-07-09,16.39,0.7255,0.0305,0.8129,0.6475,0.1419,0.0,0.3328,0.4562,0.7281,上升趋势中的日线整理,-0.138,0.7408,0.5625
603021,*ST华鹏,22.52,True,7.04,6.64,7,12.25,-17.83,-2.71,6.02,0.1943,2026-06-30,2026-07-09,68.45,-0.1126,-0.0211,0.6367,0.1915,0.7011,0.0,0.3327,0.0472,0.5236,多周期方向不一致，观望,-0.0693,0.0869,0.18
600388,龙净环保,204.22,True,16.08,15.85,3,1.72,-11.79,-6.17,1.45,0.0,2026-07-06,2026-07-09,48.32,-0.2307,0.7048,0.4305,0.4,0.8516,0.2825,0.3321,-0.2311,0.3845,月线震荡，中短期走弱,-0.4623,-0.3742,-0.0063
600756,浪潮软件,44.47,True,13.72,12.92,2,6.21,-12.22,-5.61,6.21,0.0697,2026-07-07,2026-07-09,54.11,0.3268,4.9344,0.5547,0.5961,0.9801,0.0755,0.3315,-0.7057,0.1472,多周期共振看空 ⬇⬇⬇,-0.5178,-0.5446,-0.5625
600843,上工申贝,33.92,True,7.23,8.31,15,10.21,-13.01,1.97,-13.01,0.0,2026-07-09,2026-07-09,46.41,0.4587,0.3602,0.7339,0.6193,0.809,0.0,0.3314,-0.3101,0.3449,多周期方向不一致，观望,-0.0696,-0.7408,-0.5625
603276,恒兴新材,11.68,True,15.44,16.15,7,4.53,-6.82,-1.73,-4.39,0.0022,2026-07-09,2026-07-09,41.16,0.815,-0.0552,0.3754,0.6669,0.6925,0.3744,0.3312,-0.5532,0.2234,多周期共振看空 ⬇⬇⬇,-0.3288,-0.439,-0.495
603766,隆鑫通用,252.59,True,12.3,12.19,7,11.05,-11.77,-2.8,0.94,0.0649,2026-06-30,2026-07-09,61.36,-0.5202,0.535,0.5627,0.4,0.8586,0.0621,0.331,-0.2279,0.3861,多周期方向不一致，观望,-0.1201,-0.5613,-0.3375
002153,石基信息,120.78,True,7.55,7.54,2,0.2,-10.88,-5.16,0.15,0.0,2026-07-07,2026-07-09,46.73,0.6881,0.2224,0.3584,0.7018,0.8163,0.4027,0.3309,-0.7778,0.1111,多周期共振看空 ⬇⬇⬇,-0.5184,-0.7027,-0.5625
603838,*ST四通,27.52,True,8.6,9.12,10,6.26,-9.28,-1.0,-5.69,0.0139,2026-07-09,2026-07-09,26.23,0.5514,-0.0081,0.3854,0.5276,0.3607,0.3576,0.3304,0.0466,0.5233,多周期方向不一致，观望,-0.1893,-0.0829,0.45
600479,千金药业,39.55,True,9.45,9.38,7,3.36,-5.29,-1.62,0.77,0.1613,2026-06-30,2026-07-09,58.9,-0.1299,-0.1564,0.2196,0.1374,0.9132,0.634,0.3303,-0.5674,0.2163,多周期共振看空 ⬇⬇⬇,-0.1841,-0.5267,-0.5625
002810,山东赫达,68.45,True,21.2,24.28,16,11.39,-12.69,1.35,-12.69,0.0,2026-07-09,2026-07-09,39.02,0.21,1.4471,0.6788,0.526,0.6448,0.0,0.33,0.0246,0.5123,多周期方向不一致，观望,-0.0526,-0.1394,0.2925
600955,维远股份,79.58,True,14.47,15.54,6,3.97,-10.38,-2.46,-6.9,0.0,2026-07-09,2026-07-09,43.56,0.5938,0.3379,0.4834,0.6914,0.7459,0.1943,0.33,-0.5164,0.2418,多周期共振看空 ⬇⬇⬇,-0.412,-0.4443,-0.3375
603333,福华尚纬,50.34,True,8.1,8.07,3,4.27,-10.13,-4.56,0.35,0.0,2026-07-08,2026-07-09,51.46,0.3267,0.0247,0.5818,0.4059,0.9214,0.0304,0.3299,-0.1402,0.4299,月线震荡，中短期走弱,-0.2608,-0.2452,-0.0025
002513,蓝丰生化,13.9,True,4.81,5.05,0,-1.66,-11.29,-7.56,-4.69,0.0,2026-07-09,2026-07-09,36.64,0.8119,0.8252,0.3602,0.8872,0.592,0.3997,0.3294,-0.8147,0.0927,多周期共振看空 ⬇⬇⬇,-0.6115,-0.7038,-0.5625
603948,建业股份,38.27,True,23.55,24.98,9,8.68,-6.21,0.06,-5.73,0.0102,2026-07-09,2026-07-09,49.78,0.4178,1.3458,0.7159,0.6507,0.8839,0.0,0.3288,-0.4959,0.252,多周期共振看空 ⬇⬇⬇,-0.1806,-0.4402,-0.495
002349,精华制药,52.92,True,6.5,6.41,6,3.6,-7.58,-2.78,1.38,0.1151,2026-07-01,2026-07-09,54.92,0.2535,-0.096,0.3872,0.3137,0.9983,0.3546,0.3288,-0.6296,0.1852,多周期共振看空 ⬇⬇⬇,-0.176,-0.6703,-0.5625
603045,福达合金,94.57,True,69.82,78.07,11,23.23,-12.99,1.66,-10.56,0.0,2026-07-09,2026-07-09,33.9,0.6794,-0.6488,0.948,0.4076,0.5312,0.0,0.3282,0.3362,0.6681,上升趋势中的日线回调（关注买点）,-0.2127,0.75,0.5625
600222,太龙药业,41.34,True,7.39,7.5,5,6.58,-15.43,-3.51,-1.47,0.0,2026-07-09,2026-07-09,45.41,0.2026,-0.2228,0.68,0.2324,0.7868,0.0,0.3282,0.3093,0.6546,上升趋势中的日线整理,-0.1334,0.3553,0.5625
603293,埃泰克,13.65,True,38.9,40.71,2,1.63,-15.81,-5.79,-4.46,0.0,2026-07-09,2026-07-09,37.16,0.2396,0.1876,0.4283,0.4188,0.6036,0.2861,0.3279,0.0,0.5,周线日线方向不一致,0.0,,
002206,海 利 得,55.17,True,5.22,5.39,12,4.87,-5.14,-0.21,-3.1,0.1754,2026-07-09,2026-07-09,43.08,0.5932,-0.5324,0.3614,0.3559,0.735,0.3977,0.3278,-0.568,0.216,多周期共振看空 ⬇⬇⬇,-0.1833,-0.5962,-0.495
601996,丰林集团,25.56,True,2.28,2.32,0,-1.6,-16.28,-9.08,-1.62,0.0,2026-07-09,2026-07-09,39.29,0.5607,1.0348,0.5941,0.7364,0.6508,0.0099,0.3278,-0.3449,0.3276,多周期共振看空 ⬇⬇⬇,-0.3353,-0.155,-0.3157
000920,沃顿科技,54.77,True,11.59,13.92,17,19.8,-19.08,6.0,-16.76,0.0015,2026-07-09,2026-07-09,32.93,0.6307,0.0112,0.8438,0.5829,0.5096,0.0,0.3277,0.0739,0.537,多周期方向不一致，观望,0.0475,0.284,0.0
002136,安 纳 达,26.16,True,12.2,13.15,11,7.43,-12.83,-1.13,-7.25,0.0,2026-07-09,2026-07-09,40.05,0.8003,-0.2297,0.5854,0.5883,0.6677,0.0243,0.3274,-0.1424,0.4288,月线震荡，中短期走弱,-0.2108,-0.2396,-0.0583
002962,五方光电,30.96,True,14.8,17.98,6,13.58,-19.27,-4.92,-17.69,0.0,2026-07-09,2026-07-09,41.55,0.8352,-0.5578,1.0215,0.5011,0.7011,0.0,0.3272,-0.0258,0.4871,多周期方向不一致，观望,-0.3655,0.0854,0.1145
002493,荣盛石化,1025.32,True,10.98,11.5,9,6.79,-6.49,-0.01,-4.48,0.0578,2026-07-09,2026-07-09,48.08,0.4923,-0.1827,0.6906,0.4223,0.8462,0.0,0.3268,-0.2158,0.3921,多周期方向不一致，观望,-0.1376,-0.4933,-0.3375
002169,智光电气,98.25,True,12.95,14.42,1,1.36,-11.84,-6.89,-10.18,0.0,2026-07-09,2026-07-09,37.55,0.8082,-0.5162,0.5185,0.4849,0.6122,0.1358,0.3262,-0.0099,0.495,多周期方向不一致，观望,-0.4461,-0.111,0.45
601163,三角轮胎,105.76,True,13.22,13.11,5,4.2,-8.29,-3.35,0.87,0.0661,2026-07-02,2026-07-09,50.0,0.477,-0.348,0.2756,0.347,0.8889,0.5407,0.3259,-0.606,0.197,多周期共振看空 ⬇⬇⬇,-0.3323,-0.5521,-0.495
002213,大为股份,69.44,True,33.59,37.25,10,12.3,-15.88,-1.03,-9.81,0.0,2026-07-09,2026-07-09,34.29,0.7748,-0.2162,0.7485,0.5784,0.5397,0.0,0.3257,0.0325,0.5162,月线看多，中短期调整中,-0.2975,-0.1525,0.5625
603355,莱克电气,147.99,True,25.81,27.98,13,15.87,-15.81,0.07,-7.74,0.0149,2026-07-09,2026-07-09,35.47,0.4499,1.1006,0.7576,0.67,0.5659,0.0,0.3256,-0.1818,0.4091,多周期方向不一致，观望,-0.1416,-0.3403,-0.3375
603630,拉芳家化,29.73,True,13.2,13.34,8,7.23,-9.46,-1.96,-1.02,0.0528,2026-07-09,2026-07-09,52.55,0.3959,-0.1014,0.5907,0.397,0.9456,0.0155,0.3256,-0.3038,0.3481,多周期方向不一致，观望,-0.0589,-0.7223,-0.5625
600732,爱旭股份,249.68,True,11.86,12.89,17,11.88,-12.04,2.88,-7.97,0.1433,2026-07-09,2026-07-09,43.02,0.2743,-0.2284,0.4945,0.2732,0.7339,0.1758,0.3249,-0.203,0.3985,多周期方向不一致，观望,0.0905,-0.4075,-0.5625
603311,金海高科,70.15,True,29.74,35.27,10,25.24,-18.11,0.86,-15.67,0.0,2026-07-09,2026-07-09,30.87,0.7951,-0.6308,0.688,0.477,0.4637,0.0,0.324,0.2725,0.6362,上升趋势中的日线回调（关注买点）,-0.3585,0.6608,0.5625
001312,福恩股份,10.08,True,17.64,19.18,2,0.72,-12.09,-4.8,-8.01,0.0,2026-07-09,2026-07-09,30.54,0.4226,-0.0458,0.3391,0.4352,0.4565,0.4348,0.324,0.0,0.5,周线日线方向不一致,0.0,,
600818,ST中路,13.59,True,5.71,5.73,8,5.23,-9.33,-1.25,-0.32,0.1185,2026-07-09,2026-07-09,58.63,0.296,-0.2172,0.5581,0.2907,0.9192,0.0698,0.3234,-0.3212,0.3394,多周期方向不一致，观望,-0.1158,-0.75,-0.5625
000815,美利云,95.74,True,13.77,15.23,5,7.91,-15.99,-6.46,-9.58,0.0,2026-07-09,2026-07-09,30.11,0.7575,0.4218,0.69,0.8232,0.4469,0.0,0.3233,-0.2671,0.3664,月线震荡，中短期走弱,-0.6373,-0.276,-0.0757
002938,鹏鼎控股,2202.69,True,95.38,104.13,9,13.06,-14.42,-1.74,-8.41,0.0,2026-07-09,2026-07-09,31.26,0.6271,-0.3186,0.8335,0.4488,0.4725,0.0,0.3228,0.2971,0.6485,上升趋势中的日线回调（关注买点）,-0.3447,0.7315,0.5625
601609,金田股份,187.73,True,10.86,11.56,2,2.97,-14.78,-5.74,-6.02,0.0,2026-07-09,2026-07-09,29.89,0.7412,0.0368,0.7096,0.6595,0.4419,0.0,0.3227,-0.0037,0.4981,多周期方向不一致，观望,-0.3541,0.1828,0.1046
600458,时代新材,116.3,True,13.39,16.03,18,26.62,-16.47,8.82,-16.47,0.095,2026-07-09,2026-07-09,33.16,0.5315,-0.186,0.8185,0.4445,0.5148,0.0,0.3226,0.0238,0.5119,⚠️ 月线空头下的短期反弹，不宜追高,0.2586,0.2748,-0.225
001266,宏英智能,24.75,True,42.57,47.99,9,9.73,-12.36,-1.47,-11.29,0.0,2026-07-09,2026-07-09,25.74,0.8186,-0.3094,0.6316,0.5674,0.3498,0.0,0.3223,0.251,0.6255,上升趋势中的日线回调（关注买点）,-0.2995,0.5379,0.5625
002424,ST百灵,51.14,True,4.44,4.45,6,3.47,-6.64,-1.75,-0.26,0.1036,2026-07-09,2026-07-09,56.62,0.3094,-0.3235,0.4264,0.2562,0.9641,0.2893,0.3221,-0.47,0.265,多周期共振看空 ⬇⬇⬇,-0.1836,-0.3131,-0.5625
605298,必得科技,92.72,True,49.78,53.38,7,8.01,-11.02,-2.32,-6.74,0.0,2026-07-09,2026-07-09,35.14,0.5754,-0.0032,0.5688,0.544,0.5588,0.0519,0.3215,-0.0106,0.4947,月线看多，中短期调整中,-0.3613,-0.1906,0.45
603508,思维列控,83.16,True,21.81,21.69,5,3.0,-6.64,-2.35,0.54,0.0977,2026-07-02,2026-07-09,56.47,0.1448,-0.1405,0.2424,0.2307,0.9673,0.596,0.3213,-0.6706,0.1647,多周期共振看空 ⬇⬇⬇,-0.2777,-0.6733,-0.5625
002786,银宝山新,37.35,True,7.56,7.91,1,0.57,-8.44,-4.24,-4.43,0.0,2026-07-09,2026-07-09,37.9,0.7976,-0.7718,0.4055,0.4786,0.62,0.3241,0.3209,-0.202,0.399,多周期方向不一致，观望,-0.4224,0.0367,-0.5625
002222,福晶科技,380.94,True,81.37,90.37,5,6.94,-16.25,-5.73,-9.96,0.0,2026-07-09,2026-07-09,31.2,0.7687,-0.0768,0.7971,0.6305,0.4711,0.0,0.3208,-0.0077,0.4961,多周期方向不一致，观望,-0.4415,-0.1052,0.45
603676,卫信康,37.68,True,8.66,8.53,6,5.66,-7.19,-2.52,1.48,0.1068,2026-07-01,2026-07-09,53.71,0.108,0.1642,0.3791,0.3305,0.9713,0.3682,0.3208,-0.679,0.1605,多周期共振看空 ⬇⬇⬇,-0.2098,-0.75,-0.5625
002709,天赐材料,625.64,True,41.46,51.28,11,10.2,-19.15,-1.08,-19.15,0.0,2026-07-09,2026-07-09,35.12,0.2947,0.9665,0.8429,0.5768,0.5583,0.0,0.3207,-0.0275,0.4863,月线看多，中短期调整中,-0.2716,-0.1906,0.2925
603530,神马电力,209.37,True,48.98,52.14,3,3.35,-9.66,-3.77,-6.05,0.0,2026-07-09,2026-07-09,38.43,0.4445,0.0408,0.4865,0.483,0.6318,0.1892,0.3204,-0.119,0.4405,月线看多，中短期调整中,-0.4065,-0.3983,0.18
603880,南卫股份,20.81,True,7.2,7.5,5,6.99,-9.37,-3.85,-3.96,0.0,2026-07-09,2026-07-09,45.17,-0.2795,0.3131,0.8744,0.3252,0.7816,0.0,0.3203,0.1041,0.5521,上升趋势中的日线回调（关注买点）,-0.1701,0.1582,0.3375
000629,钒钛股份,287.07,True,3.09,3.27,8,8.85,-10.83,-2.15,-5.43,0.0,2026-07-09,2026-07-09,46.15,0.6956,0.1362,0.5551,0.6718,0.8034,0.0748,0.3203,-0.5364,0.2318,多周期共振看空 ⬇⬇⬇,-0.3898,-0.5073,-0.3375
002319,乐通股份,23.71,True,11.32,10.79,6,4.93,-14.4,-4.08,4.93,0.1166,2026-07-07,2026-07-09,53.55,0.6483,-0.6017,0.6164,0.389,0.9677,0.0,0.3202,-0.5021,0.249,多周期共振看空 ⬇⬇⬇,-0.2588,-0.3191,-0.5625
002170,芭田股份,85.4,True,10.85,11.21,5,2.11,-7.6,-2.13,-3.24,0.0141,2026-07-09,2026-07-09,50.43,0.4311,0.0177,0.459,0.4657,0.8984,0.235,0.3199,-0.4862,0.2569,多周期共振看空 ⬇⬇⬇,-0.2087,-0.5521,-0.3375
605018,长华集团,62.28,True,13.25,14.36,5,34.26,-13.95,-2.44,-7.72,0.0,2026-07-09,2026-07-09,37.01,0.6457,-0.7562,0.6269,0.3874,0.6002,0.0,0.3195,0.2157,0.6079,上升趋势中的日线回调（关注买点）,-0.5037,0.5944,0.5625
002150,正泰电源,87.58,True,24.43,25.58,4,4.52,-18.07,-7.69,-4.5,0.0,2026-07-09,2026-07-09,37.66,0.637,-0.2243,0.4696,0.4925,0.6147,0.2173,0.3191,-0.1464,0.4268,月线看多，中短期调整中,-0.5357,-0.4179,0.18
600343,航天动力,160.83,True,25.2,25.5,7,16.31,-18.06,-3.14,-1.16,0.0037,2026-07-09,2026-07-09,51.0,0.8,-0.247,0.7397,0.5812,0.9112,0.0,0.3191,-0.4792,0.2604,多周期共振看空 ⬇⬇⬇,-0.3263,-0.4359,-0.3375
002812,恩捷股份,488.08,True,59.33,66.32,9,7.01,-13.2,-2.25,-10.54,0.0,2026-07-09,2026-07-09,37.26,0.255,0.6542,0.7316,0.553,0.6058,0.0,0.3189,-0.0601,0.4699,月线看多，中短期调整中,-0.3748,-0.2575,0.2925
603867,新化股份,71.09,True,32.96,37.33,11,6.37,-17.12,-2.32,-11.71,0.0,2026-07-09,2026-07-09,38.11,0.2287,0.1084,0.7712,0.3806,0.6247,0.0,0.3188,0.1922,0.5961,上升趋势中的日线回调（关注买点）,-0.2602,0.5315,0.3375
603101,汇嘉时代,31.33,True,6.66,6.67,5,4.26,-10.28,-4.88,-0.18,0.0,2026-07-09,2026-07-09,50.0,0.2318,0.7337,0.3766,0.5391,0.8889,0.3723,0.3187,-0.6773,0.1613,多周期共振看空 ⬇⬇⬇,-0.404,-0.5798,-0.5625
002429,兆驰股份,511.25,True,11.3,10.95,5,3.21,-12.78,-4.42,3.21,0.0573,2026-07-08,2026-07-09,44.06,-0.0917,0.2395,0.6517,0.2958,0.7568,0.0,0.3184,0.0279,0.514,月线看多，中短期调整中,-0.1812,-0.1617,0.45
600722,金牛化工,52.93,True,7.78,8.71,0,-0.52,-14.94,-10.71,-10.65,0.0,2026-07-09,2026-07-09,32.26,0.8846,0.1613,0.6207,0.7952,0.4946,0.0,0.3179,-0.3229,0.3386,月线震荡，中短期走弱,-0.625,-0.506,-0.0438
002915,中欣氟材,52.66,True,18.28,20.54,12,13.64,-11.0,-0.4,-11.0,0.0,2026-07-09,2026-07-09,43.99,0.8726,0.0438,0.8223,0.7411,0.7554,0.0,0.3178,-0.5496,0.2252,多周期共振看空 ⬇⬇⬇,-0.234,-0.4449,-0.5625
002254,泰和新材,119.69,True,14.07,17.3,15,26.83,-19.98,5.72,-18.68,0.0,2026-07-09,2026-07-09,31.13,0.6931,-0.4547,0.9729,0.434,0.4696,0.0,0.3177,0.2835,0.6418,上升趋势中的日线回调（关注买点）,-0.2317,0.589,0.5625
600079,ST人福,266.35,True,17.26,16.98,6,4.62,-5.33,-1.28,1.64,0.1754,2026-07-01,2026-07-09,59.59,0.076,-0.2213,0.315,0.1571,0.8979,0.475,0.317,-0.5935,0.2032,多周期共振看空 ⬇⬇⬇,-0.1741,-0.5927,-0.5625
000550,江铃汽车,84.09,True,16.22,16.88,8,6.28,-5.32,-1.24,-3.88,0.0547,2026-07-09,2026-07-09,28.85,0.6168,-0.15,0.3577,0.5101,0.4188,0.4038,0.3166,-0.2407,0.3796,多周期方向不一致，观望,-0.1376,-0.3776,-0.5625
002529,海源复材,17.5,True,6.73,7.32,2,4.63,-10.63,-5.85,-8.03,0.0,2026-07-09,2026-07-09,31.71,0.5849,0.2444,0.6016,0.6487,0.4824,0.0,0.3166,-0.0837,0.4582,月线看多，中短期调整中,-0.5328,-0.1788,0.2369
605158,华达新材,32.17,True,6.29,6.56,8,5.02,-11.46,-2.52,-4.09,0.0,2026-07-09,2026-07-09,42.78,0.5404,0.2308,0.385,0.6166,0.7284,0.3583,0.3163,-0.617,0.1915,多周期共振看空 ⬇⬇⬇,-0.2203,-0.6047,-0.5625
002335,科华数据,236.19,True,35.8,38.85,7,12.12,-13.98,-2.04,-7.85,0.0,2026-07-09,2026-07-09,39.24,0.8051,0.1697,0.6848,0.7509,0.6498,0.0,0.3163,-0.4506,0.2747,多周期共振看空 ⬇⬇⬇,-0.3526,-0.3055,-0.3825
600498,烽火通信,723.55,True,56.9,69.65,16,39.03,-22.11,10.89,-18.31,0.0468,2026-07-09,2026-07-09,30.24,0.1488,-0.3822,0.9565,0.1364,0.4498,0.0,0.3161,0.6588,0.8294,多周期共振看多 ⬆⬆⬆,0.1924,0.7206,0.5625
002148,北纬科技,28.09,True,6.23,6.24,4,12.06,-11.17,-3.79,-0.14,0.0,2026-07-09,2026-07-09,49.74,0.5636,1.492,0.728,0.7382,0.8831,0.0,0.3159,-0.7132,0.1434,多周期共振看空 ⬇⬇⬇,-0.3404,-0.7131,-0.5625
600309,万华化学,2156.27,True,68.88,70.84,7,3.53,-9.63,-2.3,-2.77,0.0249,2026-07-09,2026-07-09,49.58,0.3764,0.1313,0.509,0.4784,0.8796,0.1517,0.3159,-0.4747,0.2626,多周期共振看空 ⬇⬇⬇,-0.1568,-0.5715,-0.3375
601677,明泰铝业,189.23,True,15.22,16.37,0,-1.92,-9.24,-5.83,-7.03,0.0,2026-07-09,2026-07-09,40.74,0.4948,-0.2248,0.4617,0.4069,0.6831,0.2306,0.3156,-0.1308,0.4346,月线看多，中短期调整中,-0.758,-0.1617,0.1887
603876,鼎胜新材,202.58,True,21.8,25.65,6,10.43,-15.02,-2.56,-15.02,0.0,2026-07-09,2026-07-09,36.22,0.2742,0.419,0.6165,0.5322,0.5828,0.0,0.3152,-0.0294,0.4853,月线看多，中短期调整中,-0.4997,-0.1617,0.45
002387,维信诺,112.86,True,8.09,8.43,10,6.53,-6.44,-0.28,-4.08,0.0846,2026-07-09,2026-07-09,46.29,0.4746,-0.745,0.6123,0.2848,0.8064,0.0,0.3149,-0.1074,0.4463,多周期方向不一致，观望,-0.1832,-0.0226,-0.2925
002399,海普瑞,116.11,True,9.31,9.16,7,5.46,-6.91,-1.9,1.62,0.1335,2026-06-30,2026-07-09,59.06,0.1474,0.0808,0.4142,0.3207,0.9098,0.3096,0.3146,-0.6565,0.1718,多周期共振看空 ⬇⬇⬇,-0.1522,-0.75,-0.5625
002919,名臣健康,51.05,True,19.32,19.98,3,9.84,-14.3,-5.46,-3.29,0.0,2026-07-09,2026-07-09,48.19,0.3647,0.5028,0.613,0.6188,0.8487,0.0,0.3144,-0.4936,0.2532,多周期共振看空 ⬇⬇⬇,-0.4422,-0.3682,-0.3375
600516,方大炭素,206.93,True,5.14,5.93,16,17.4,-13.47,3.89,-13.26,0.0202,2026-07-09,2026-07-09,41.25,0.7953,-0.7613,0.7884,0.4772,0.6945,0.0,0.3143,-0.1313,0.4344,多周期方向不一致，观望,-0.0906,-0.1172,-0.3825
600678,ST金顶,22.13,True,6.34,6.52,11,9.21,-9.66,0.27,-2.81,0.1114,2026-07-09,2026-07-09,45.4,0.2905,-0.0544,0.6465,0.3525,0.7866,0.0,0.3138,-0.2646,0.3677,多周期方向不一致，观望,0.0271,-0.6238,-0.5625
603773,沃格光电,282.2,True,125.6,149.59,15,49.48,-20.83,14.21,-16.04,0.0878,2026-07-09,2026-07-09,27.02,0.0892,-0.3657,0.9819,0.1073,0.3783,0.0,0.3136,0.6729,0.8365,多周期共振看多 ⬆⬆⬆,0.1942,0.75,0.5625
002896,中大力德,146.61,True,74.6,77.96,4,10.86,-12.92,-2.59,-4.3,0.0,2026-07-09,2026-07-09,40.64,0.8202,-0.7416,0.7451,0.4921,0.681,0.0,0.3133,-0.0981,0.451,月线压制，周线反弹受阻,-0.3954,0.2009,-0.5625
600449,宁夏建材,61.16,True,12.79,12.52,5,11.76,-13.13,-4.54,2.19,0.0207,2026-07-02,2026-07-09,48.15,0.417,-0.1184,0.6383,0.4028,0.8479,0.0,0.3133,-0.2056,0.3972,多周期方向不一致，观望,-0.2461,-0.1447,-0.548
600566,济川药业,221.39,True,24.1,23.92,1,0.75,-10.77,-4.39,0.75,0.0,2026-07-08,2026-07-09,49.4,-0.4355,0.8849,0.5063,0.4,0.8756,0.1562,0.3129,-0.3122,0.3439,多周期共振看空 ⬇⬇⬇,-0.2855,-0.2172,-0.2242
002960,青鸟智控,80.17,True,8.28,8.63,8,4.31,-6.84,-1.06,-4.07,0.0553,2026-07-09,2026-07-09,32.2,0.7261,-0.6822,0.3675,0.4357,0.4934,0.3874,0.3124,-0.2322,0.3839,多周期方向不一致，观望,-0.1428,-0.4033,-0.495
002730,电光科技,90.49,True,26.15,29.12,8,9.63,-10.21,-2.41,-10.21,0.0,2026-07-09,2026-07-09,33.04,0.7591,-0.2484,0.624,0.5561,0.5121,0.0,0.312,-0.0079,0.496,月线看多，中短期调整中,-0.3801,-0.1617,0.45
000576,甘化科工,30.28,True,6.98,7.09,4,14.96,-9.87,-3.2,-1.6,0.0,2026-07-09,2026-07-09,48.3,0.5933,0.7351,0.6536,0.756,0.851,0.0,0.3119,-0.736,0.132,多周期共振看空 ⬇⬇⬇,-0.3559,-0.75,-0.5625
002057,中钢天源,73.07,True,9.7,11.98,18,27.01,-19.04,10.16,-19.04,0.0605,2026-07-09,2026-07-09,35.55,-0.1569,0.9263,0.8403,0.4,0.5678,0.0,0.3115,0.0254,0.5127,⚠️ 月线空头下的短期反弹，不宜追高,0.3935,0.246,-0.2925
000777,中核科技,64.99,True,16.95,18.19,11,22.76,-10.43,0.69,-6.84,0.0212,2026-07-09,2026-07-09,33.61,0.7737,0.4695,0.9321,0.852,0.5248,0.0,0.3113,-0.5535,0.2233,多周期共振看空 ⬇⬇⬇,-0.1796,-0.5676,-0.495
601112,振石股份,28.18,True,15.9,17.35,7,6.2,-8.62,-2.15,-8.38,0.0,2026-07-09,2026-07-09,35.52,0.8049,-0.1411,0.5469,0.6265,0.5672,0.0885,0.3113,-0.2631,0.3684,周线日线方向不一致,-0.4047,,
600562,国睿科技,265.76,True,21.4,21.52,4,10.45,-11.57,-3.13,-0.55,0.0,2026-07-09,2026-07-09,46.87,0.498,0.6438,0.6053,0.6988,0.8193,0.0,0.3112,-0.6115,0.1942,多周期共振看空 ⬇⬇⬇,-0.2088,-0.6025,-0.5625
603618,杭电股份,253.11,True,36.61,47.38,17,29.78,-23.23,6.48,-22.73,0.0,2026-07-09,2026-07-09,28.23,-0.2027,0.2305,1.0616,0.2922,0.4051,0.0,0.311,0.5343,0.7671,上升趋势中的日线整理,0.0877,0.75,0.5625
605319,无锡振华,84.36,True,24.23,23.96,7,7.67,-11.62,-4.3,1.12,0.0319,2026-07-08,2026-07-09,40.44,0.4136,-0.2463,0.5032,0.3497,0.6765,0.1614,0.3109,-0.0895,0.4552,月线看多，中短期调整中,-0.3745,-0.2852,0.18
603937,丽岛新材,25.78,True,12.34,13.84,6,9.56,-10.86,-2.45,-10.86,0.0,2026-07-09,2026-07-09,42.86,0.6824,-0.6161,0.6149,0.4094,0.7302,0.0,0.3107,-0.046,0.477,月线看多，中短期调整中,-0.2309,-0.2363,0.215
002738,中矿资源,378.3,True,53.19,60.1,10,10.22,-12.23,-1.72,-11.49,0.0,2026-07-09,2026-07-09,40.54,0.2681,0.4764,0.811,0.5514,0.6786,0.0,0.3097,-0.2188,0.3906,多周期方向不一致，观望,-0.1059,-0.5337,-0.3375
002950,奥美医疗,37.38,True,8.7,9.26,8,9.67,-12.83,-2.67,-6.07,0.0,2026-07-09,2026-07-09,36.97,0.8403,0.1888,0.6183,0.7797,0.5993,0.0,0.3096,-0.4895,0.2552,多周期共振看空 ⬇⬇⬇,-0.3705,-0.4207,-0.3375
002064,华峰化学,505.1,True,10.2,10.36,11,7.7,-7.35,0.6,-1.55,0.1757,2026-07-09,2026-07-09,56.65,0.0257,-0.4627,0.763,0.0303,0.9632,0.0,0.3096,-0.1494,0.4253,多周期方向不一致，观望,0.0762,-0.3843,-0.3375
002642,荣联科技,47.17,True,7.13,6.57,2,8.49,-17.12,-10.52,8.49,0.0,2026-07-07,2026-07-09,52.92,0.3228,1.7415,0.5384,0.5937,0.9537,0.1027,0.3095,-0.7003,0.1498,多周期共振看空 ⬇⬇⬇,-0.52,-0.5308,-0.5625
600768,宁波富邦,20.02,True,14.97,15.49,5,3.86,-10.68,-3.55,-3.33,0.0,2026-07-09,2026-07-09,45.76,0.6315,-0.302,0.4448,0.4581,0.7947,0.2587,0.3093,-0.4189,0.2905,多周期共振看空 ⬇⬇⬇,-0.2466,-0.3717,-0.3375
000538,云南白药,857.39,True,48.36,48.67,6,1.68,-4.26,-0.97,-0.64,0.1542,2026-07-09,2026-07-09,49.53,0.1315,-0.3804,0.2103,0.1267,0.8784,0.6495,0.3093,-0.6722,0.1639,多周期共振看空 ⬇⬇⬇,-0.1923,-0.75,-0.5625
002233,塔牌集团,88.46,True,7.54,7.42,5,4.5,-7.98,-3.97,1.57,0.0543,2026-07-02,2026-07-09,50.54,0.4957,-0.3062,0.3323,0.375,0.9008,0.4462,0.309,-0.6965,0.1517,多周期共振看空 ⬇⬇⬇,-0.3872,-0.7038,-0.495
002638,勤上股份,51.94,True,3.84,4.0,3,7.62,-11.83,-4.43,-4.0,0.0,2026-07-09,2026-07-09,44.44,0.2793,0.0288,0.71,0.3791,0.7654,0.0,0.3089,-0.0538,0.4731,月线看多，中短期调整中,-0.5571,-0.2287,0.45
603606,东方电缆,321.68,True,39.0,40.81,6,7.96,-15.64,-2.74,-4.44,0.0,2026-07-09,2026-07-09,46.77,0.4477,0.4282,0.561,0.6399,0.8171,0.065,0.3088,-0.5859,0.2071,多周期共振看空 ⬇⬇⬇,-0.2764,-0.4882,-0.5625
002403,爱仕达,28.79,True,9.69,9.71,6,20.52,-14.53,-3.73,-0.18,0.0,2026-07-09,2026-07-09,50.3,0.3653,0.6677,0.8229,0.6192,0.8955,0.0,0.3088,-0.5949,0.2026,多周期共振看空 ⬇⬇⬇,-0.2241,-0.5528,-0.5625
601100,恒立液压,1444.06,True,107.7,113.25,11,7.92,-7.6,-0.58,-4.9,0.0482,2026-07-09,2026-07-09,38.93,0.2887,-0.4945,0.5829,0.1754,0.6429,0.0285,0.3086,0.2781,0.6391,上升趋势中的日线整理,-0.1264,0.2681,0.5625
603350,安乃达,13.04,True,29.56,30.95,11,7.05,-8.44,-0.99,-4.49,0.061,2026-07-09,2026-07-09,43.41,0.7551,-0.3692,0.4355,0.5054,0.7425,0.2741,0.3085,-0.5972,0.2014,多周期共振看空 ⬇⬇⬇,-0.2878,-0.5033,-0.5625
000731,四川美丰,31.89,True,5.81,5.5,2,5.65,-10.1,-5.05,5.65,0.0829,2026-07-07,2026-07-09,61.7,-0.0398,1.2244,0.3485,0.4,0.8511,0.4192,0.3084,-0.7285,0.1357,多周期共振看空 ⬇⬇⬇,-0.4552,-0.6485,-0.5625
001218,丽臣实业,27.67,True,23.44,23.94,7,8.71,-10.41,-1.6,-2.08,0.0473,2026-07-09,2026-07-09,46.11,0.3345,-0.2593,0.6579,0.297,0.8024,0.0,0.3083,-0.0849,0.4576,多周期方向不一致，观望,-0.1227,-0.3325,0.0643
603284,林平发展,6.79,True,36.77,37.76,3,4.64,-9.33,-4.07,-2.62,0.0,2026-07-09,2026-07-09,46.21,0.4195,-0.4355,0.3773,0.2775,0.8046,0.3711,0.3083,-0.2403,0.3799,周线日线方向不一致,-0.3697,,
603890,春秋电子,102.41,True,22.92,25.16,8,12.45,-14.38,-1.98,-8.9,0.0,2026-07-09,2026-07-09,41.07,0.3977,-0.5565,0.732,0.2386,0.6905,0.0,0.3083,0.2558,0.6279,上升趋势中的日线回调（关注买点）,-0.3807,0.6238,0.5625
000661,长春高新,263.31,True,65.89,66.17,6,6.22,-13.29,-3.92,-0.42,0.0,2026-07-09,2026-07-09,54.31,0.608,-0.0647,0.4764,0.5389,0.9846,0.2059,0.3083,-0.7418,0.1291,多周期共振看空 ⬇⬇⬇,-0.3709,-0.75,-0.5625
001296,长江材料,13.32,True,17.28,19.53,7,13.81,-11.5,-1.68,-11.5,0.0,2026-07-09,2026-07-09,37.64,0.8555,1.6248,0.8121,0.9133,0.6142,0.0,0.3081,-0.7334,0.1333,多周期共振看空 ⬇⬇⬇,-0.4497,-0.7315,-0.495
002392,北京利尔,85.2,True,7.36,8.12,9,11.93,-14.71,-1.3,-9.38,0.0,2026-07-09,2026-07-09,36.67,0.7729,0.0921,0.8558,0.7006,0.5927,0.0,0.308,-0.3679,0.316,多周期共振看空 ⬇⬇⬇,-0.2446,-0.1715,-0.4275
600688,上海石化,211.07,True,2.88,2.97,10,6.28,-4.81,-0.53,-3.11,0.1228,2026-07-09,2026-07-09,36.11,0.4904,-0.8507,0.3431,0.2943,0.5802,0.4281,0.308,-0.3401,0.3299,多周期共振看空 ⬇⬇⬇,-0.1718,-0.2627,-0.3375
603977,国泰集团,79.52,True,12.8,14.16,9,16.8,-12.7,-0.01,-9.63,0.0,2026-07-09,2026-07-09,45.32,0.6686,-0.2195,0.6397,0.5134,0.7849,0.0,0.3079,-0.3002,0.3499,多周期共振看空 ⬇⬇⬇,-0.1516,-0.3049,-0.225
603310,巍华新材,28.87,True,14.88,15.32,4,6.02,-7.05,-2.47,-2.87,0.0,2026-07-09,2026-07-09,45.79,0.6843,-0.2206,0.4051,0.5223,0.7953,0.3248,0.3078,-0.5873,0.2063,多周期共振看空 ⬇⬇⬇,-0.2789,-0.4893,-0.5625
600165,ST宁科,20.08,True,2.74,2.73,5,5.49,-9.55,-3.68,0.2,0.0187,2026-07-07,2026-07-09,52.58,0.5411,-0.3046,0.4392,0.4028,0.9462,0.268,0.3073,-0.5808,0.2096,多周期共振看空 ⬇⬇⬇,-0.2636,-0.7131,-0.3375
603733,仙鹤股份,163.01,True,22.5,25.73,15,20.74,-14.91,3.32,-12.56,0.0078,2026-07-09,2026-07-09,36.62,0.5807,-0.3223,0.8381,0.4195,0.5916,0.0,0.3069,0.0556,0.5278,多周期方向不一致，观望,-0.0988,0.3548,-0.0255
601179,中国西电,682.25,True,13.31,14.79,6,7.96,-15.83,-4.37,-10.01,0.0,2026-07-09,2026-07-09,33.79,0.7357,-0.1297,0.7568,0.5895,0.5286,0.0,0.3069,-0.1221,0.439,月线看多，中短期调整中,-0.479,-0.351,0.18
002182,宝武镁业,111.48,True,12.88,13.93,8,15.65,-13.34,-1.33,-7.53,0.0,2026-07-09,2026-07-09,45.96,0.6489,0.1595,0.753,0.6531,0.7992,0.0,0.3065,-0.5522,0.2239,多周期共振看空 ⬇⬇⬇,-0.3288,-0.5942,-0.3375
601968,宝钢包装,52.43,True,4.11,4.14,2,2.6,-8.09,-4.49,-0.6,0.0,2026-07-09,2026-07-09,47.06,0.4434,0.1173,0.3349,0.513,0.8235,0.4418,0.3059,-0.7151,0.1425,多周期共振看空 ⬇⬇⬇,-0.4134,-0.7223,-0.495
002001,新 和 成,871.27,True,28.69,29.49,7,4.58,-8.24,-1.28,-2.7,0.0729,2026-07-09,2026-07-09,53.27,-0.1551,-0.2882,0.5532,0.0847,0.9616,0.078,0.3053,-0.0848,0.4576,月线看多，中短期调整中,-0.1613,-0.4456,0.18
603895,天永智能,33.16,True,30.68,30.31,6,4.95,-16.4,-7.63,1.22,0.0,2026-07-01,2026-07-09,50.27,0.0616,0.0624,0.5599,0.2619,0.8948,0.0668,0.3052,-0.1046,0.4477,多周期方向不一致，观望,-0.309,-0.0824,-0.1125
000682,东方电子,156.98,True,11.71,12.61,4,6.73,-12.25,-3.64,-7.14,0.0,2026-07-09,2026-07-09,38.04,0.8559,-0.1029,0.5319,0.6724,0.6232,0.1135,0.3047,-0.4772,0.2614,多周期共振看空 ⬇⬇⬇,-0.3961,-0.4967,-0.2126
600482,中国动力,763.26,True,33.65,32.74,5,7.69,-13.6,-4.67,2.78,0.0323,2026-07-02,2026-07-09,51.58,0.0498,-0.1156,0.6201,0.1836,0.9241,0.0,0.3039,-0.0494,0.4753,月线看多，中短期调整中,-0.1853,-0.2563,0.18
000831,中国稀土,512.46,True,48.29,55.82,12,21.64,-13.48,2.0,-13.48,0.0,2026-07-09,2026-07-09,25.09,0.813,-0.014,0.6731,0.6822,0.3354,0.0,0.3036,-0.0649,0.4676,多周期方向不一致，观望,-0.1333,0.0268,-0.1977
603267,鸿远电子,145.26,True,62.86,71.54,14,14.72,-12.49,0.49,-12.13,0.0,2026-07-09,2026-07-09,32.96,0.3902,-0.2422,0.8176,0.3372,0.5103,0.0,0.3032,0.2735,0.6368,上升趋势中的日线回调（关注买点）,-0.1506,0.5983,0.45
001223,欧克科技,26.47,True,37.9,46.19,13,14.85,-17.94,0.45,-17.94,0.0,2026-07-09,2026-07-09,29.82,0.8617,-0.4992,0.8166,0.5174,0.4405,0.0,0.303,0.0677,0.5339,多周期方向不一致，观望,-0.257,0.0678,0.45
000903,ST云动,34.56,True,1.8,1.9,12,8.89,-7.14,0.36,-5.21,0.0754,2026-07-09,2026-07-09,33.33,0.458,-0.1304,0.4142,0.4227,0.5185,0.3096,0.3029,-0.304,0.348,多周期方向不一致，观望,-0.1425,-0.6515,-0.5625
600783,鲁信创投,144.18,True,19.37,20.42,4,5.69,-14.89,-4.91,-5.15,0.0,2026-07-09,2026-07-09,44.24,0.1612,0.527,0.8974,0.4967,0.7609,0.0,0.3026,-0.2873,0.3564,月线震荡，中短期走弱,-0.5035,-0.4512,-0.0831
603150,万朗磁塑,55.02,True,64.36,73.52,13,12.98,-15.07,2.02,-12.46,0.0,2026-07-09,2026-07-09,20.74,0.4648,-0.7517,0.4288,0.2789,0.2386,0.2853,0.3021,0.4561,0.728,上升趋势中的日线整理,-0.1168,0.7223,0.5625
002779,中坚科技,126.31,True,76.18,78.42,13,12.75,-7.15,3.05,-2.85,0.2116,2026-07-09,2026-07-09,42.04,0.2893,-0.5312,0.6754,0.1736,0.7119,0.0,0.3019,-0.2248,0.3876,多周期方向不一致，观望,-0.1,-0.3401,-0.5625
601728,中国电信,4323.98,True,5.57,5.6,2,1.89,-10.59,-4.4,-0.46,0.0,2026-07-09,2026-07-09,44.33,0.5662,-0.5321,0.268,0.3397,0.7629,0.5533,0.3018,-0.4871,0.2565,多周期共振看空 ⬇⬇⬇,-0.2749,-0.2725,-0.5625
603303,得邦照明,117.71,True,24.68,28.01,10,24.88,-21.97,1.32,-11.89,0.0,2026-07-09,2026-07-09,28.86,0.2928,-0.011,0.7825,0.3713,0.4191,0.0,0.3011,0.312,0.656,上升趋势中的日线回调（关注买点）,-0.1821,0.6423,0.5625
002237,恒邦股份,154.17,True,12.93,13.74,13,14.47,-11.69,0.02,-5.93,0.0592,2026-07-09,2026-07-09,39.89,0.6726,-0.0857,0.7554,0.5693,0.6643,0.0,0.3009,-0.4433,0.2783,多周期共振看空 ⬇⬇⬇,-0.1799,-0.4826,-0.3375
002606,大连电瓷,52.43,True,12.45,13.52,0,-1.61,-14.26,-6.42,-7.92,0.0,2026-07-09,2026-07-09,30.03,0.6169,-0.3922,0.4138,0.4133,0.445,0.3104,0.3008,-0.0372,0.4814,月线看多，中短期调整中,-0.543,-0.1617,0.45
002497,雅化集团,214.04,True,20.2,22.01,8,11.7,-11.14,-2.15,-8.2,0.0,2026-07-09,2026-07-09,44.56,-0.3474,1.9581,0.9132,0.4,0.768,0.0,0.3006,-0.1566,0.4217,多周期方向不一致，观望,-0.1348,-0.3233,-0.2497
000030,富奥股份,65.83,True,3.94,4.06,1,1.95,-7.79,-4.48,-2.87,0.0,2026-07-09,2026-07-09,37.68,0.8402,-0.187,0.2629,0.6293,0.6151,0.5619,0.3003,-0.7925,0.1038,多周期共振看空 ⬇⬇⬇,-0.5224,-0.7315,-0.5625
600660,福耀玻璃,1015.11,True,50.68,50.85,4,5.34,-7.5,-2.19,-0.34,0.0525,2026-07-09,2026-07-09,52.33,0.0926,0.2205,0.3976,0.3438,0.9406,0.3374,0.3002,-0.6734,0.1633,多周期共振看空 ⬇⬇⬇,-0.2385,-0.7131,-0.5625
002669,康达新材,42.23,True,13.95,16.8,15,23.32,-17.16,2.21,-16.96,0.0,2026-07-09,2026-07-09,31.25,0.5318,-0.3419,0.8393,0.3823,0.4722,0.0,0.2998,0.2203,0.6101,上升趋势中的日线整理,-0.1491,0.5152,0.1847
002585,双星新材,93.73,True,10.57,12.64,13,30.49,-19.59,6.36,-16.37,0.0,2026-07-09,2026-07-09,26.01,0.509,-0.5934,1.0302,0.3054,0.3558,0.0,0.2996,0.481,0.7405,上升趋势中的日线整理,-0.009,0.6946,0.5625
002283,天润工业,95.77,True,9.55,9.86,5,5.74,-19.04,-5.84,-3.18,0.0,2026-07-09,2026-07-09,34.17,0.62,-0.1739,0.7524,0.5024,0.537,0.0,0.2995,-0.0522,0.4739,月线看多，中短期调整中,-0.3219,-0.1525,0.18
002019,亿帆医药,81.89,True,9.72,9.83,4,3.71,-5.93,-1.66,-1.16,0.0753,2026-07-09,2026-07-09,50.16,0.0119,0.2989,0.3745,0.3267,0.8925,0.3759,0.2995,-0.6792,0.1604,多周期共振看空 ⬇⬇⬇,-0.3073,-0.6669,-0.5625
603515,欧普照明,126.5,True,17.18,17.13,3,1.4,-6.02,-2.95,0.31,0.0675,2026-07-08,2026-07-09,47.72,-0.1851,-0.2011,0.2595,0.1196,0.8382,0.5675,0.2994,-0.4177,0.2912,多周期共振看空 ⬇⬇⬇,-0.3399,-0.2892,-0.3375
001267,汇绿生态,265.03,True,43.55,51.74,6,12.45,-20.84,-6.06,-15.82,0.0,2026-07-09,2026-07-09,27.27,0.8356,-0.2605,0.7944,0.5971,0.3838,0.0,0.2994,-0.0206,0.4897,多周期方向不一致，观望,-0.4971,-0.1144,0.45
002004,华邦健康,76.84,True,4.08,4.16,3,1.98,-6.44,-1.99,-1.83,0.0374,2026-07-09,2026-07-09,47.73,0.4328,-0.2689,0.2877,0.3521,0.8384,0.5205,0.2988,-0.6849,0.1576,多周期共振看空 ⬇⬇⬇,-0.3682,-0.6946,-0.495
603038,华立股份,40.87,True,15.21,15.39,7,2.71,-7.23,-1.86,-1.17,0.1046,2026-07-09,2026-07-09,50.39,0.2332,-0.4495,0.4274,0.1601,0.8976,0.2876,0.2987,-0.425,0.2875,多周期共振看空 ⬇⬇⬇,-0.1871,-0.2113,-0.5625
000917,电广传媒,93.55,True,6.6,6.87,3,4.05,-14.73,-6.15,-3.9,0.0,2026-07-09,2026-07-09,42.56,0.7988,0.0843,0.5414,0.713,0.7236,0.0977,0.2982,-0.7018,0.1491,多周期共振看空 ⬇⬇⬇,-0.4951,-0.6231,-0.495
002886,沃特股份,47.42,True,22.68,28.35,9,10.61,-20.0,-2.14,-20.0,0.0,2026-07-09,2026-07-09,17.98,0.6708,0.0476,0.7025,0.6215,0.1773,0.0,0.2982,0.1783,0.5891,上升趋势中的日线回调（关注买点）,-0.464,0.5471,0.45
002199,*ST东晶,27.43,True,11.88,12.44,1,1.33,-12.28,-5.88,-4.54,0.0,2026-07-09,2026-07-09,38.43,0.2471,-0.5459,0.4928,0.1482,0.6318,0.1786,0.2981,0.247,0.6235,上升趋势中的日线回调（关注买点）,-0.3725,0.5869,0.5625
002333,罗普斯金,32.33,True,4.85,4.84,5,2.74,-5.81,-2.15,0.28,0.0987,2026-07-02,2026-07-09,47.92,0.1268,-0.1036,0.2775,0.2346,0.8426,0.5374,0.298,-0.6693,0.1653,多周期共振看空 ⬇⬇⬇,-0.2501,-0.6942,-0.5625
001311,多利科技,33.18,True,18.73,17.57,4,11.53,-14.66,-7.8,6.62,0.0342,2026-07-03,2026-07-09,56.41,0.135,3.4739,0.5837,0.481,0.9686,0.0271,0.2974,-0.6561,0.1719,多周期共振看空 ⬇⬇⬇,-0.4675,-0.7038,-0.3375
002252,上海莱士,295.15,True,4.48,4.58,0,-0.71,-11.54,-5.94,-2.29,0.0,2026-07-09,2026-07-09,44.07,0.3203,0.5278,0.3284,0.5922,0.7571,0.4526,0.2973,-0.8398,0.0801,多周期共振看空 ⬇⬇⬇,-0.622,-0.75,-0.5625
603987,康德莱,30.97,True,7.09,7.16,6,3.18,-5.74,-1.48,-0.97,0.118,2026-07-09,2026-07-09,49.72,0.2462,-0.3624,0.3026,0.2028,0.8826,0.4957,0.297,-0.6876,0.1562,多周期共振看空 ⬇⬇⬇,-0.2642,-0.7223,-0.5625
001308,康冠科技,94.52,True,19.4,20.44,6,2.19,-6.25,-1.87,-5.11,0.0,2026-07-09,2026-07-09,35.33,0.4031,-0.4032,0.3463,0.2806,0.5628,0.4228,0.2969,-0.0869,0.4566,多周期方向不一致，观望,-0.3038,0.1035,-0.225
600745,*ST闻泰,245.98,True,19.31,17.47,5,10.52,-17.04,-5.15,10.52,0.2008,2026-07-06,2026-07-09,64.19,0.3575,-0.0944,0.6419,0.3768,0.7957,0.0,0.2968,-0.665,0.1675,多周期共振看空 ⬇⬇⬇,-0.1739,-0.75,-0.5625
002378,章源钨业,333.08,True,27.87,34.33,15,26.57,-19.7,5.19,-18.82,0.0,2026-07-09,2026-07-09,32.06,0.7152,-0.4045,1.0073,0.4673,0.4903,0.0,0.2967,0.0379,0.519,多周期方向不一致，观望,-0.0515,-0.0816,0.2925
600935,华塑股份,77.16,True,2.2,2.3,5,2.98,-6.72,-2.65,-4.16,0.0,2026-07-09,2026-07-09,48.68,0.4975,0.0415,0.4349,0.5151,0.8596,0.2752,0.2963,-0.7057,0.1472,多周期共振看空 ⬇⬇⬇,-0.4647,-0.6577,-0.495
002980,华盛昌,99.81,True,98.54,112.94,8,11.32,-14.71,-2.32,-12.75,0.0,2026-07-09,2026-07-09,29.22,0.2475,0.0102,0.9396,0.3526,0.4271,0.0,0.2958,0.29,0.645,上升趋势中的日线回调（关注买点）,-0.29,0.6608,0.5625
600066,宇通客车,624.55,True,28.21,27.69,5,5.09,-14.96,-5.62,1.87,0.0,2026-07-02,2026-07-09,63.96,-0.4348,0.0169,0.4937,0.2068,0.8008,0.1772,0.2958,-0.0675,0.4662,月线看多，中短期调整中,-0.2776,-0.2536,0.1701
002785,万里石,71.44,True,36.92,41.6,10,10.2,-17.88,-3.18,-11.25,0.0,2026-07-09,2026-07-09,39.26,0.2756,0.5779,0.5207,0.5654,0.6503,0.1322,0.2954,-0.4277,0.2862,多周期共振看空 ⬇⬇⬇,-0.3708,-0.3521,-0.27
603728,鸣志电器,249.86,True,59.65,61.16,6,9.86,-10.01,-2.46,-2.46,0.0,2026-07-09,2026-07-09,43.41,0.6391,-0.5318,0.674,0.3835,0.7424,0.0,0.2954,-0.1412,0.4294,多周期方向不一致，观望,-0.2004,0.1135,-0.5625
000060,中金岭南,288.23,True,6.49,7.55,10,14.39,-14.03,-1.07,-14.03,0.0,2026-07-09,2026-07-09,32.94,0.6559,-0.3029,0.7229,0.4724,0.5098,0.0,0.2952,-0.0061,0.497,多周期方向不一致，观望,-0.1699,0.0291,0.0899
603387,基蛋生物,41.18,True,8.12,8.0,7,4.34,-9.9,-3.26,1.47,0.0866,2026-06-30,2026-07-09,50.38,0.0437,-0.1343,0.4214,0.1725,0.8973,0.2977,0.2952,-0.4368,0.2816,多周期共振看空 ⬇⬇⬇,-0.2354,-0.4402,-0.3181
000589,贵州轮胎,65.93,True,4.27,4.28,3,3.34,-6.88,-3.25,-0.23,0.0279,2026-07-09,2026-07-09,51.19,0.4149,-0.403,0.2977,0.2878,0.9153,0.5039,0.2952,-0.6674,0.1663,多周期共振看空 ⬇⬇⬇,-0.3793,-0.6468,-0.495
002652,扬子新材,21.87,True,4.27,4.43,1,0.14,-17.55,-10.47,-3.71,0.0,2026-07-09,2026-07-09,41.28,-0.4115,1.4821,0.7198,0.4,0.6952,0.0,0.2952,-0.113,0.4435,月线看多，中短期调整中,-0.571,-0.2287,0.18
002189,中光学,51.21,True,19.61,20.7,7,9.26,-8.46,-1.44,-5.25,0.0,2026-07-09,2026-07-09,48.45,0.5483,-0.3394,0.501,0.3932,0.8545,0.1651,0.2952,-0.4249,0.2875,多周期共振看空 ⬇⬇⬇,-0.293,-0.4576,-0.225
002230,科大讯飞,927.6,True,42.37,41.28,1,2.65,-13.56,-6.1,2.65,0.0,2026-07-08,2026-07-09,49.08,0.1252,0.5013,0.4204,0.4751,0.8685,0.2993,0.2947,-0.6843,0.1578,多周期共振看空 ⬇⬇⬇,-0.3833,-0.613,-0.5625
600050,中国联通,1270.61,True,4.1,4.16,0,-0.79,-5.45,-2.72,-1.35,0.0034,2026-07-09,2026-07-09,38.6,0.4262,-0.1401,0.1657,0.3997,0.6355,0.7239,0.2946,-0.6322,0.1839,多周期共振看空 ⬇⬇⬇,-0.3681,-0.5114,-0.5625
002342,巨力索具,96.04,True,10.06,10.21,5,10.92,-21.46,-6.94,-1.46,0.0,2026-07-09,2026-07-09,50.74,0.6915,-0.3768,0.7135,0.4642,0.9053,0.0,0.2946,-0.4722,0.2639,多周期共振看空 ⬇⬇⬇,-0.429,-0.3325,-0.3375
603916,苏博特,48.93,True,11.64,13.64,6,10.94,-14.8,-2.49,-14.64,0.0,2026-07-09,2026-07-09,30.98,0.8154,-0.4653,0.7042,0.5031,0.4663,0.0,0.2938,-0.0142,0.4929,多周期方向不一致，观望,-0.3642,0.2498,0.0
000695,滨海能源,27.37,True,12.34,12.98,1,0.41,-14.25,-6.49,-4.94,0.0,2026-07-09,2026-07-09,24.79,0.8445,-0.1823,0.5206,0.6338,0.3287,0.1324,0.293,-0.1703,0.4148,月线震荡，中短期走弱,-0.4879,-0.1919,0.0376
000973,佛塑科技,88.58,True,12.5,14.58,8,9.07,-14.25,-2.06,-14.25,0.0,2026-07-09,2026-07-09,33.01,0.219,0.8386,0.7839,0.5314,0.5114,0.0,0.2926,-0.1229,0.4385,月线看多，中短期调整中,-0.4819,-0.3521,0.18
000612,焦作万方,116.84,True,9.8,10.94,5,5.94,-10.42,-3.72,-10.42,0.0,2026-07-09,2026-07-09,37.27,0.8165,0.0601,0.6403,0.7139,0.6059,0.0,0.2921,-0.5325,0.2338,多周期共振看空 ⬇⬇⬇,-0.4796,-0.4217,-0.3375
605318,法狮龙,115.31,True,91.71,117.79,14,30.35,-24.57,6.64,-22.14,0.0,2026-07-09,2026-07-09,20.59,0.5786,-0.3882,0.7514,0.3919,0.2352,0.0,0.2919,0.4258,0.7129,上升趋势中的日线整理,-0.0644,0.7113,0.45
002587,奥拓电子,31.43,True,5.9,6.9,13,11.68,-14.47,-0.55,-14.47,0.0,2026-07-09,2026-07-09,35.28,0.4481,0.298,0.6984,0.5881,0.5618,0.0,0.2914,-0.2838,0.3581,多周期共振看空 ⬇⬇⬇,-0.2423,-0.2586,-0.1575
600817,宇通重工,47.84,True,9.04,9.09,3,1.79,-5.43,-2.89,-0.59,0.0448,2026-07-09,2026-07-09,51.4,0.3649,-0.4338,0.2692,0.2454,0.9199,0.5513,0.2914,-0.7136,0.1432,多周期共振看空 ⬇⬇⬇,-0.4298,-0.6375,-0.5625
002734,利民股份,68.71,True,15.82,17.12,13,14.81,-8.64,1.43,-7.57,0.0533,2026-07-09,2026-07-09,32.57,0.638,-0.202,0.6588,0.502,0.5015,0.0,0.2914,-0.2015,0.3992,多周期方向不一致，观望,-0.0956,-0.3086,-0.495
002470,金正大,62.43,True,1.9,2.08,0,-2.06,-10.78,-6.23,-8.68,0.0,2026-07-09,2026-07-09,40.45,0.5348,-0.1174,0.537,0.4739,0.6767,0.105,0.2914,-0.3228,0.3386,月线震荡，中短期走弱,-0.6499,-0.506,-0.0219
600406,国电南瑞,1736.17,True,21.68,22.71,3,1.95,-9.74,-3.02,-4.52,0.0,2026-07-09,2026-07-09,40.81,0.0265,0.4857,0.289,0.4102,0.6846,0.5183,0.2912,-0.5629,0.2186,多周期共振看空 ⬇⬇⬇,-0.3044,-0.6387,-0.3375
000919,金陵药业,37.24,True,5.99,6.04,5,3.08,-6.12,-1.53,-0.87,0.0969,2026-07-09,2026-07-09,46.78,0.2195,-0.1962,0.3394,0.2532,0.8174,0.4343,0.2911,-0.637,0.1815,多周期共振看空 ⬇⬇⬇,-0.2412,-0.6308,-0.5625
001400,江顺科技,45.8,True,99.06,111.04,9,10.63,-10.79,-1.28,-10.79,0.0,2026-07-09,2026-07-09,38.32,0.5782,-0.408,0.8203,0.3837,0.6293,0.0,0.2909,-0.0422,0.4789,月线看多，中短期调整中,-0.3687,-0.1775,0.2925
002374,中锐股份,33.42,True,3.08,3.27,8,5.84,-9.78,-3.36,-5.72,0.0,2026-07-09,2026-07-09,47.26,0.6889,-0.4574,0.5824,0.4303,0.828,0.0294,0.2905,-0.3813,0.3094,多周期共振看空 ⬇⬇⬇,-0.4235,-0.1727,-0.3023
603499,翔港科技,54.56,True,12.88,13.81,12,11.93,-13.49,0.41,-6.72,0.0332,2026-07-09,2026-07-09,38.73,0.7398,-0.2098,0.6991,0.56,0.6385,0.0,0.2899,-0.4224,0.2888,多周期共振看空 ⬇⬇⬇,-0.1792,-0.4373,-0.3375
603111,康尼机电,49.08,True,5.86,5.86,6,3.42,-5.44,-1.42,0.02,0.1447,2026-07-02,2026-07-09,46.85,0.1163,-0.3768,0.2784,0.1191,0.8188,0.536,0.2897,-0.6316,0.1842,多周期共振看空 ⬇⬇⬇,-0.1882,-0.6643,-0.5625
002007,华兰生物,198.74,True,12.63,12.73,5,2.79,-5.93,-1.44,-0.82,0.1146,2026-07-09,2026-07-09,47.3,-0.1395,0.1366,0.3684,0.2547,0.8289,0.386,0.2895,-0.6695,0.1653,多周期共振看空 ⬇⬇⬇,-0.2588,-0.6871,-0.5625
603701,德宏股份,57.0,True,21.81,22.35,0,-0.46,-9.31,-4.84,-2.42,0.0,2026-07-09,2026-07-09,34.62,0.4956,-0.6118,0.4242,0.2974,0.5471,0.293,0.2893,-0.0525,0.4738,月线看多，中短期调整中,-0.4186,-0.2287,0.3375
002414,高德红外,452.36,True,13.31,13.15,11,6.53,-9.04,-0.3,1.23,0.2051,2026-07-08,2026-07-09,47.07,0.0382,-0.677,0.598,0.0229,0.8237,0.0033,0.2891,-0.2074,0.3963,多周期方向不一致，观望,-0.1268,-0.4655,-0.3375
001259,利仁科技,28.68,True,60.33,66.74,2,1.96,-11.57,-4.99,-9.6,0.0,2026-07-09,2026-07-09,28.27,0.5981,-0.6954,0.5735,0.3589,0.4059,0.0442,0.289,0.2153,0.6077,上升趋势中的日线回调（关注买点）,-0.4839,0.576,0.5625
001268,联合精密,23.94,True,25.38,27.95,10,3.86,-11.31,-2.91,-9.2,0.0,2026-07-09,2026-07-09,37.48,-0.0609,0.1249,0.8344,0.25,0.6106,0.0,0.2888,0.1777,0.5888,上升趋势中的日线回调（关注买点）,-0.2474,0.3594,0.45
002522,浙江众成,48.51,True,5.36,6.95,15,14.96,-24.34,-0.42,-22.86,0.0,2026-07-09,2026-07-09,33.13,0.621,-0.2865,0.8688,0.458,0.514,0.0,0.2884,-0.0424,0.4788,多周期方向不一致，观望,-0.2334,-0.0056,0.0195
603659,璞泰来,545.91,True,25.46,28.25,3,5.01,-9.87,-3.38,-9.87,0.0,2026-07-09,2026-07-09,34.04,0.3178,0.1645,0.5566,0.4565,0.5343,0.0724,0.2883,-0.1234,0.4383,月线看多，中短期调整中,-0.5181,-0.3233,0.18
603408,建霖家居,44.09,True,9.85,10.03,4,2.43,-4.91,-1.49,-1.79,0.0715,2026-07-09,2026-07-09,43.56,0.3953,-0.3423,0.2707,0.3002,0.7457,0.5488,0.2883,-0.6798,0.1601,多周期共振看空 ⬇⬇⬇,-0.2117,-0.75,-0.5625
002239,奥特佳,63.84,True,2.38,2.46,4,2.02,-8.63,-3.19,-3.19,0.0,2026-07-09,2026-07-09,47.27,0.5202,-0.2742,0.3029,0.4024,0.8283,0.4951,0.2882,-0.7285,0.1357,多周期共振看空 ⬇⬇⬇,-0.3798,-0.7131,-0.5625
600997,开滦股份,79.55,True,5.01,5.06,4,3.22,-10.77,-4.33,-0.98,0.0,2026-07-09,2026-07-09,51.82,0.5519,-0.353,0.3741,0.3899,0.9294,0.3766,0.2879,-0.7373,0.1314,多周期共振看空 ⬇⬇⬇,-0.4131,-0.7038,-0.5625
603063,禾望电气,204.12,True,44.16,48.58,2,4.83,-16.18,-7.77,-9.1,0.0,2026-07-09,2026-07-09,37.0,0.2776,-0.1176,0.8277,0.3195,0.6001,0.0,0.2879,0.0715,0.5357,多周期方向不一致，观望,-0.4237,0.115,0.5625
600527,江南高纤,35.67,True,2.06,2.22,0,-1.9,-11.12,-6.35,-7.1,0.0,2026-07-09,2026-07-09,32.73,0.7492,-0.3586,0.356,0.5061,0.5051,0.4066,0.2876,-0.4399,0.2801,多周期共振看空 ⬇⬇⬇,-0.5126,-0.2575,-0.27
002491,通鼎互联,274.12,True,23.3,28.86,15,40.53,-21.79,7.66,-19.26,0.0,2026-07-09,2026-07-09,32.85,0.1135,-0.4164,1.0765,0.1015,0.5078,0.0,0.2875,0.5283,0.7641,上升趋势中的日线整理,0.0696,0.75,0.5625
600111,北方稀土,1553.76,True,42.98,48.73,7,9.2,-11.8,-1.51,-11.8,0.0,2026-07-09,2026-07-09,26.61,0.6404,0.6163,0.5334,0.7842,0.3691,0.111,0.2869,-0.4915,0.2542,多周期共振看空 ⬇⬇⬇,-0.29,-0.4941,-0.3375
001282,三联锻造,26.27,True,17.2,19.56,11,20.5,-13.08,1.71,-12.06,0.0,2026-07-09,2026-07-09,24.47,0.8678,0.6399,0.7384,0.9207,0.3217,0.0,0.2869,-0.5638,0.2181,多周期共振看空 ⬇⬇⬇,-0.2385,-0.4723,-0.5625
000534,万泽股份,146.99,True,29.25,29.93,5,8.25,-15.97,-4.75,-2.27,0.0,2026-07-09,2026-07-09,38.79,0.3717,0.0179,0.6677,0.4302,0.6398,0.0,0.2868,-0.1613,0.4194,月线震荡，中短期走弱,-0.2657,-0.4271,0.1125
002012,凯恩股份,28.38,True,6.07,6.72,0,-0.41,-10.69,-7.74,-9.65,0.0,2026-07-09,2026-07-09,19.89,0.7679,-0.4567,0.3122,0.478,0.2198,0.4797,0.2863,-0.1216,0.4392,多周期方向不一致，观望,-0.4442,-0.11,-0.0437
600405,动力源,28.25,True,4.61,4.36,6,6.52,-10.35,-3.4,5.61,0.1507,2026-06-29,2026-07-03,58.45,0.3994,-0.3853,0.691,0.2855,0.9232,0.0,0.2863,-0.6362,0.1819,多周期共振看空 ⬇⬇⬇,-0.1539,-0.7038,-0.5625
600727,鲁北化工,35.42,True,6.7,7.22,0,-0.6,-12.47,-6.54,-7.24,0.0,2026-07-09,2026-07-09,41.04,0.588,-0.0513,0.549,0.5323,0.6898,0.0851,0.2855,-0.4637,0.2681,多周期共振看空 ⬇⬇⬇,-0.5192,-0.2367,-0.3375
600973,宝胜股份,84.06,True,6.13,6.64,4,8.56,-10.48,-3.27,-7.67,0.0,2026-07-09,2026-07-09,41.56,0.7613,-0.7579,0.4867,0.4568,0.7013,0.1889,0.2855,-0.4399,0.2801,多周期共振看空 ⬇⬇⬇,-0.458,-0.3042,-0.27
603366,日出东方,52.77,True,6.49,6.81,6,7.88,-10.47,-4.28,-4.68,0.0,2026-07-09,2026-07-09,47.81,0.4394,0.3378,0.6172,0.5987,0.8403,0.0,0.2854,-0.6828,0.1586,多周期共振看空 ⬇⬇⬇,-0.396,-0.5988,-0.5625
001395,亚联机械,13.54,True,26.03,25.09,5,4.91,-11.14,-4.57,3.75,0.0687,2026-07-08,2026-07-09,55.4,0.2423,0.136,0.5616,0.3998,0.9911,0.0641,0.2845,-0.7689,0.1155,多周期共振看空 ⬇⬇⬇,-0.4725,-0.7223,-0.5625
603205,健尔康,8.69,True,21.01,21.2,0,-0.2,-10.62,-5.73,-0.91,0.0,2026-07-09,2026-07-09,50.46,0.3397,0.0663,0.3692,0.4303,0.899,0.3846,0.2844,-0.7996,0.1002,多周期共振看空 ⬇⬇⬇,-0.5512,-0.7223,-0.5625
002902,铭普光磁,46.73,True,26.31,30.61,5,8.59,-19.13,-7.29,-14.05,0.0,2026-07-09,2026-07-09,21.76,0.7972,-0.1601,0.8359,0.6143,0.2613,0.0,0.2842,-0.0227,0.4886,多周期方向不一致，观望,-0.5185,-0.1052,0.45
002466,天齐锂业,734.76,True,49.79,60.84,7,6.64,-18.16,-2.42,-18.16,0.0,2026-07-09,2026-07-09,32.5,0.2243,0.6752,0.7116,0.5346,0.4999,0.0,0.2838,-0.1845,0.4078,月线震荡，中短期走弱,-0.5527,-0.1989,0.0524
000630,铜陵有色,670.81,True,6.02,6.75,9,16.98,-10.84,-0.34,-10.84,0.0,2026-07-09,2026-07-09,22.92,0.8654,-0.2157,0.725,0.6329,0.2872,0.0,0.2838,-0.0867,0.4567,多周期方向不一致，观望,-0.0465,-0.0039,-0.3375
600487,亨通光电,1964.39,True,80.06,102.03,15,32.19,-25.54,8.39,-21.53,0.0,2026-07-09,2026-07-09,27.78,-0.1342,-0.0246,0.82,0.1902,0.3951,0.0,0.2838,0.4916,0.7458,上升趋势中的日线整理,-0.0416,0.75,0.5625
605117,德业股份,1097.4,True,86.19,99.6,1,1.88,-13.47,-6.47,-13.47,0.0,2026-07-09,2026-07-09,33.73,0.0319,1.2289,0.6324,0.4191,0.5274,0.0,0.2835,-0.0355,0.4823,多周期方向不一致，观望,-0.5507,-0.134,0.45
600731,湖南海利,28.17,True,5.2,5.38,2,0.85,-7.4,-3.13,-3.31,0.0,2026-07-09,2026-07-09,43.7,0.599,-0.2442,0.314,0.4618,0.7488,0.4767,0.2831,-0.7537,0.1231,多周期共振看空 ⬇⬇⬇,-0.4551,-0.7038,-0.5625
601126,四方股份,462.05,True,56.0,65.2,2,5.09,-17.95,-9.15,-14.11,0.0,2026-07-09,2026-07-09,28.07,0.5107,-0.1111,0.7636,0.462,0.4015,0.0,0.2831,0.0439,0.522,上升趋势中的日线回调（关注买点）,-0.5443,0.1642,0.45
000690,宝新能源,98.07,True,4.51,4.92,1,1.82,-11.74,-7.15,-8.26,0.0,2026-07-09,2026-07-09,16.13,0.8758,-0.6173,0.3849,0.5255,0.1362,0.3585,0.2829,-0.0275,0.4863,多周期方向不一致，观望,-0.462,-0.0252,0.3002
002421,达实智能,61.7,True,3.08,3.72,3,30.11,-23.27,-12.19,-17.13,0.0,2026-07-09,2026-07-09,28.81,0.7423,-0.7062,0.8037,0.4454,0.4181,0.0,0.2827,0.0471,0.5235,多周期方向不一致，观望,-0.4858,0.4917,0.1316
603579,荣泰健康,35.49,True,17.65,18.45,8,8.49,-9.96,-2.15,-4.33,0.0,2026-07-09,2026-07-09,30.08,0.5176,0.1257,0.5373,0.5608,0.4463,0.1045,0.2826,-0.2553,0.3723,多周期方向不一致，观望,-0.1441,-0.4362,-0.5625
002534,西子洁能,140.23,True,16.99,19.25,9,8.25,-17.98,-2.99,-11.74,0.0,2026-07-09,2026-07-09,28.78,-0.6534,1.1313,0.7963,0.4,0.4173,0.0,0.2822,0.1168,0.5584,上升趋势中的日线回调（关注买点）,-0.3668,0.2571,0.45
002853,皮阿诺,28.06,True,21.8,21.39,1,1.93,-14.28,-8.24,1.93,0.0,2026-07-08,2026-07-09,41.78,-0.102,0.8008,0.3816,0.4,0.7062,0.3639,0.2821,-0.5215,0.2393,多周期共振看空 ⬇⬇⬇,-0.529,-0.5311,-0.1616
600227,赤天化,31.05,True,2.43,2.61,0,-3.74,-13.3,-8.53,-7.02,0.0,2026-07-09,2026-07-09,38.1,0.8148,-0.3417,0.5064,0.5522,0.6243,0.1561,0.282,-0.5016,0.2492,多周期共振看空 ⬇⬇⬇,-0.4596,-0.4875,-0.221
600771,广誉远,67.35,True,13.76,13.67,6,4.15,-9.57,-3.72,0.65,0.0475,2026-07-01,2026-07-09,52.83,-0.0244,0.247,0.4217,0.2988,0.9518,0.2971,0.282,-0.7159,0.1421,多周期共振看空 ⬇⬇⬇,-0.3368,-0.7223,-0.5625
600760,中航沈飞,1124.75,True,39.75,41.24,3,3.06,-6.69,-2.33,-3.62,0.0,2026-07-09,2026-07-09,40.57,0.7795,-0.3453,0.3717,0.5296,0.6793,0.3805,0.2814,-0.716,0.142,多周期共振看空 ⬇⬇⬇,-0.4506,-0.625,-0.5625
002099,海翔药业,82.78,True,5.12,5.28,4,3.26,-8.83,-2.75,-3.03,0.0,2026-07-09,2026-07-09,54.12,0.3086,-0.4648,0.4078,0.1993,0.9804,0.3203,0.2813,-0.501,0.2495,多周期共振看空 ⬇⬇⬇,-0.213,-0.581,-0.3375
600063,皖维高新,127.87,True,6.18,7.74,14,21.28,-21.56,2.8,-20.18,0.0,2026-07-09,2026-07-09,26.73,0.7968,-0.5405,0.8151,0.4781,0.3719,0.0,0.2812,0.0381,0.5191,多周期方向不一致，观望,-0.2227,0.3858,-0.0274
603681,永冠新材,46.07,True,19.38,23.26,7,16.01,-17.03,-2.9,-16.7,0.0,2026-07-09,2026-07-09,20.52,0.8417,-0.6697,0.7066,0.505,0.2337,0.0,0.2812,0.1612,0.5806,上升趋势中的日线回调（关注买点）,-0.4115,0.4444,0.45
002609,捷顺科技,32.95,True,7.18,7.48,5,2.36,-8.13,-2.62,-4.07,0.0,2026-07-09,2026-07-09,43.2,0.6062,-0.265,0.2788,0.4577,0.7377,0.5353,0.2809,-0.7984,0.1008,多周期共振看空 ⬇⬇⬇,-0.5483,-0.7223,-0.5625
000423,东阿阿胶,298.91,True,46.8,46.62,7,2.48,-9.28,-2.67,0.4,0.0894,2026-07-03,2026-07-09,56.97,-0.0805,-0.5233,0.3104,0.0,0.9563,0.4827,0.2809,-0.5007,0.2496,多周期共振看空 ⬇⬇⬇,-0.2216,-0.5729,-0.3375
002380,科远智慧,45.66,True,32.11,35.48,0,-2.71,-13.75,-7.66,-9.5,0.0,2026-07-09,2026-07-09,26.42,0.649,-0.4724,0.4696,0.4005,0.365,0.2174,0.2807,-0.007,0.4965,多周期方向不一致，观望,-0.51,-0.0437,0.45
600761,安徽合力,143.4,True,16.1,16.67,5,5.35,-8.29,-2.01,-3.44,0.0,2026-07-09,2026-07-09,40.07,0.6242,-0.1781,0.4423,0.5033,0.6683,0.2629,0.2807,-0.5719,0.2141,多周期共振看空 ⬇⬇⬇,-0.1886,-0.5328,-0.5625
600623,华谊集团,152.33,True,8.12,8.45,7,8.29,-10.61,-2.28,-3.86,0.0,2026-07-09,2026-07-09,43.26,0.3371,0.3068,0.6365,0.525,0.739,0.0,0.2804,-0.4838,0.2581,多周期共振看空 ⬇⬇⬇,-0.1676,-0.5821,-0.3375
002997,瑞鹄模具,60.91,True,29.1,29.32,9,6.05,-15.34,-2.19,-0.74,0.0698,2026-07-09,2026-07-09,41.42,0.3828,-0.4139,0.5404,0.2641,0.6982,0.0994,0.2798,-0.269,0.3655,多周期方向不一致，观望,-0.0574,-0.5706,-0.5625
601177,杭齿前进,52.96,True,13.16,13.33,4,14.71,-18.8,-8.43,-1.3,0.0,2026-07-09,2026-07-09,47.21,0.6619,-0.0397,0.6569,0.5812,0.827,0.0,0.2792,-0.6891,0.1554,多周期共振看空 ⬇⬇⬇,-0.488,-0.5338,-0.5625
002715,登云股份,19.32,True,14.0,14.1,4,8.18,-10.72,-5.39,-0.74,0.0,2026-07-09,2026-07-09,50.15,0.1987,0.8077,0.6156,0.5192,0.8922,0.0,0.279,-0.6692,0.1654,多周期共振看空 ⬇⬇⬇,-0.394,-0.5706,-0.5625
600433,冠豪高新,55.83,True,3.19,3.31,0,-0.28,-15.54,-9.06,-3.6,0.0,2026-07-09,2026-07-09,40.3,0.402,-0.3493,0.306,0.3015,0.6733,0.4901,0.2789,-0.4512,0.2744,多周期共振看空 ⬇⬇⬇,-0.586,-0.2194,-0.27
000157,中联重科,501.95,True,7.1,7.32,9,4.19,-5.97,-0.67,-3.0,0.1102,2026-07-09,2026-07-09,37.23,0.1689,-0.5939,0.3399,0.1014,0.6052,0.4334,0.2788,-0.2692,0.3654,多周期方向不一致，观望,-0.1244,-0.5816,-0.495
002299,圣农发展,189.49,True,15.55,15.94,4,4.85,-7.56,-2.58,-2.43,0.0,2026-07-09,2026-07-09,43.06,0.2935,-0.1884,0.3341,0.3007,0.7346,0.4432,0.2786,-0.4882,0.2559,多周期共振看空 ⬇⬇⬇,-0.2209,-0.5462,-0.3375
600495,晋西车轴,43.25,True,3.58,3.61,0,-0.93,-9.76,-5.9,-0.93,0.0,2026-07-09,2026-07-09,45.12,0.3783,-0.0598,0.3132,0.403,0.7805,0.478,0.2781,-0.739,0.1305,多周期共振看空 ⬇⬇⬇,-0.5128,-0.6222,-0.5625
603277,银都股份,62.07,True,10.18,10.4,3,3.15,-11.27,-5.2,-2.11,0.0,2026-07-09,2026-07-09,53.71,-0.1755,0.2887,0.324,0.3155,0.9714,0.46,0.2779,-0.8151,0.0924,多周期共振看空 ⬇⬇⬇,-0.5588,-0.75,-0.5625
000912,泸天化,51.43,True,3.28,3.42,0,-2.47,-9.44,-5.7,-4.07,0.0,2026-07-09,2026-07-09,40.58,0.7548,-0.3945,0.318,0.4951,0.6795,0.47,0.2776,-0.7629,0.1185,多周期共振看空 ⬇⬇⬇,-0.622,-0.6485,-0.495
600078,澄星股份,71.03,True,10.72,13.35,12,15.09,-19.71,-1.4,-19.71,0.0,2026-07-09,2026-07-09,35.42,0.6013,-0.5879,0.7676,0.3608,0.5649,0.0,0.2775,-0.0353,0.4824,月线看多，中短期调整中,-0.2946,-0.171,0.2554
000698,ST沈化,24.51,True,3.12,3.14,3,5.3,-10.01,-4.73,-0.65,0.0,2026-07-09,2026-07-09,54.02,0.2089,0.0162,0.3948,0.3318,0.9783,0.3421,0.2775,-0.7587,0.1206,多周期共振看空 ⬇⬇⬇,-0.511,-0.6669,-0.5625
002498,汉缆股份,200.94,True,6.04,6.94,0,-3.83,-15.68,-9.94,-13.02,0.0,2026-07-09,2026-07-09,18.26,0.6841,-0.1334,0.4121,0.5571,0.1837,0.3132,0.2772,-0.1445,0.4278,月线看多，中短期调整中,-0.6583,-0.3037,0.18
603768,常青股份,23.56,True,9.9,9.91,2,2.44,-12.04,-6.13,-0.09,0.0,2026-07-09,2026-07-09,47.14,0.4537,-0.2055,0.3832,0.39,0.8253,0.3613,0.2771,-0.6865,0.1568,多周期共振看空 ⬇⬇⬇,-0.4611,-0.551,-0.5625
600884,杉杉股份,219.11,True,11.94,13.54,5,4.24,-11.85,-3.03,-11.85,0.0,2026-07-09,2026-07-09,29.89,0.2929,0.2086,0.4881,0.4592,0.4421,0.1864,0.277,-0.1987,0.4007,月线震荡，中短期走弱,-0.4622,-0.2404,-0.0312
603985,恒润股份,93.77,True,21.27,23.4,9,6.53,-10.77,-1.93,-9.12,0.0,2026-07-09,2026-07-09,32.36,0.4205,-0.1757,0.6253,0.382,0.497,0.0,0.2769,0.0074,0.5037,月线看多，中短期调整中,-0.2955,-0.1617,0.45
600892,大晟文化,19.3,True,3.45,3.54,1,3.19,-9.77,-4.68,-2.62,0.0,2026-07-09,2026-07-09,45.16,0.0103,4.6564,0.5207,0.4062,0.7814,0.1322,0.2768,-0.479,0.2605,多周期共振看空 ⬇⬇⬇,-0.4816,-0.2747,-0.3652
605099,共创草坪,125.66,True,31.3,33.03,0,-1.97,-14.61,-9.54,-5.23,0.0,2026-07-09,2026-07-09,39.65,0.7639,-0.6594,0.4022,0.4584,0.6588,0.3296,0.2768,-0.5736,0.2132,多周期共振看空 ⬇⬇⬇,-0.595,-0.4132,-0.3375
603529,爱玛科技,169.34,True,19.98,20.01,2,0.53,-7.99,-2.76,-0.17,0.0367,2026-07-09,2026-07-09,46.44,0.2238,-0.0727,0.3012,0.3052,0.8098,0.498,0.2766,-0.7336,0.1332,多周期共振看空 ⬇⬇⬇,-0.3606,-0.7408,-0.5625
603306,华懋科技,317.24,True,96.28,103.8,9,9.92,-11.73,-1.98,-7.24,0.0,2026-07-09,2026-07-09,34.28,0.3385,-0.2598,0.5814,0.2992,0.5395,0.0311,0.2766,0.0622,0.5311,多周期方向不一致，观望,-0.2482,-0.0763,0.5625
002176,江特电机,147.04,True,8.63,10.45,1,0.62,-17.38,-6.92,-17.38,0.0,2026-07-09,2026-07-09,21.35,0.7039,0.1867,0.5191,0.697,0.2521,0.1349,0.2766,-0.3132,0.3434,月线震荡，中短期走弱,-0.8165,-0.276,-0.0768
000837,秦川机床,106.99,True,10.62,11.62,8,8.79,-11.42,-2.28,-8.63,0.0,2026-07-09,2026-07-09,36.33,0.6615,-0.6124,0.5446,0.3969,0.5852,0.0923,0.2765,-0.1988,0.4006,多周期方向不一致，观望,-0.3628,-0.0004,-0.5625
002402,和而泰,195.86,True,23.93,24.6,5,9.16,-15.07,-4.6,-2.72,0.0,2026-07-09,2026-07-09,46.6,0.5913,0.1725,0.6281,0.6238,0.8133,0.0,0.2761,-0.7654,0.1173,多周期共振看空 ⬇⬇⬇,-0.4853,-0.7038,-0.5625
600989,宝丰能源,1474.01,True,20.1,21.34,0,-2.82,-11.7,-7.51,-5.82,0.0,2026-07-09,2026-07-09,36.92,0.4213,0.056,0.3556,0.4752,0.5982,0.4073,0.2759,-0.5971,0.2015,多周期共振看空 ⬇⬇⬇,-0.7,-0.5348,-0.1774
002981,朝阳科技,24.6,True,20.23,21.34,4,6.64,-25.02,-11.31,-5.18,0.0,2026-07-09,2026-07-09,44.97,0.9625,-0.725,0.8087,0.5775,0.7771,0.0,0.2754,-0.6529,0.1735,多周期共振看空 ⬇⬇⬇,-0.3737,-0.5521,-0.5625
603175,超颖电子,37.54,True,82.55,88.72,10,16.65,-11.26,-0.46,-6.95,0.0,2026-07-09,2026-07-09,24.54,0.6641,-0.0589,0.7227,0.5749,0.323,0.0,0.2754,-0.1042,0.4479,周线日线方向不一致,-0.1851,-0.1391,
002571,德力股份,30.4,True,10.19,10.73,1,3.53,-12.68,-6.7,-5.04,0.0,2026-07-09,2026-07-09,41.08,0.4879,-0.6072,0.4792,0.2928,0.6907,0.2013,0.2753,-0.2559,0.372,月线震荡，中短期走弱,-0.5872,-0.3984,0.0415
603657,春光科技,31.31,True,23.16,24.46,6,13.32,-18.24,-4.61,-5.31,0.0,2026-07-09,2026-07-09,49.42,0.0711,1.0133,0.8688,0.4427,0.876,0.0,0.2749,-0.5606,0.2197,多周期共振看空 ⬇⬇⬇,-0.3027,-0.4101,-0.5625
002528,*ST英飞,46.63,True,4.44,4.5,8,6.39,-10.25,-2.19,-1.32,0.0465,2026-07-09,2026-07-09,42.01,-0.1686,-0.5642,0.4748,0.0,0.7114,0.2087,0.2748,0.0664,0.5332,多周期方向不一致，观望,-0.1057,-0.1802,0.5625
600076,康欣新材,43.29,True,3.22,3.4,5,5.05,-13.49,-4.12,-5.35,0.0,2026-07-09,2026-07-09,40.34,0.1815,0.2024,0.8733,0.3898,0.6743,0.0,0.2741,-0.2402,0.3799,月线震荡，中短期走弱,-0.4675,-0.3974,-0.0092
603328,依顿电子,111.43,True,11.16,13.05,11,15.19,-16.64,-0.11,-14.48,0.0,2026-07-09,2026-07-09,23.01,0.8315,-0.4743,0.7444,0.5092,0.2891,0.0,0.2741,0.0312,0.5156,多周期方向不一致，观望,-0.2242,0.0044,0.3248
600881,亚泰集团,47.19,True,1.46,1.57,9,15.05,-8.06,-0.05,-7.15,0.0,2026-07-09,2026-07-09,43.75,0.8992,-0.8154,0.5866,0.5395,0.75,0.0224,0.2739,-0.5899,0.2051,多周期共振看空 ⬇⬇⬇,-0.2759,-0.4974,-0.5625
600844,金煤科技,20.4,True,2.48,2.59,0,-4.15,-12.48,-8.35,-4.19,0.0,2026-07-09,2026-07-09,40.62,0.4786,-0.1637,0.3683,0.4217,0.6806,0.3862,0.2739,-0.6088,0.1956,多周期共振看空 ⬇⬇⬇,-0.4647,-0.6023,-0.3375
600869,远东股份,512.45,True,23.09,31.49,15,32.0,-27.61,10.11,-26.67,0.0,2026-07-09,2026-07-09,26.09,-0.0111,-0.0635,0.8645,0.1746,0.3575,0.0,0.2737,0.4813,0.7407,上升趋势中的日线整理,-0.0729,0.75,0.5625
002496,辉丰股份,23.98,True,2.03,2.11,2,5.68,-18.72,-8.49,-3.84,0.0,2026-07-09,2026-07-09,40.78,-0.1136,0.0286,0.7016,0.2115,0.6839,0.0,0.2735,0.0292,0.5146,多周期方向不一致，观望,-0.3598,0.0994,0.3375
002460,赣锋锂业,678.16,True,55.99,66.34,5,2.89,-16.06,-4.42,-15.6,0.0,2026-07-09,2026-07-09,28.48,0.4194,0.4188,0.5782,0.6191,0.4108,0.0363,0.2734,-0.3255,0.3372,月线震荡，中短期走弱,-0.7602,-0.3233,-0.1192
603611,诺力股份,43.41,True,16.85,17.11,4,5.3,-8.61,-2.74,-1.53,0.0,2026-07-09,2026-07-09,46.05,0.4609,-0.1292,0.3825,0.4248,0.8011,0.3624,0.2729,-0.748,0.126,多周期共振看空 ⬇⬇⬇,-0.3868,-0.75,-0.5625
600740,山西焦化,84.29,True,3.29,3.42,0,-1.26,-13.03,-6.62,-3.86,0.0,2026-07-09,2026-07-09,41.94,0.8134,-0.5442,0.3843,0.488,0.7097,0.3594,0.2729,-0.7367,0.1316,多周期共振看空 ⬇⬇⬇,-0.5335,-0.6669,-0.495
603352,至信股份,11.12,True,25.03,27.0,0,-1.7,-11.89,-6.81,-7.29,0.0,2026-07-09,2026-07-09,28.93,0.429,-0.365,0.3111,0.3114,0.4206,0.4814,0.2726,-0.2073,0.3963,周线日线方向不一致,-0.691,0.0,
600633,浙数文化,129.98,True,10.25,10.52,0,-1.56,-11.41,-6.44,-2.54,0.0,2026-07-09,2026-07-09,37.36,0.3868,0.235,0.3414,0.5261,0.608,0.431,0.2724,-0.737,0.1315,多周期共振看空 ⬇⬇⬇,-0.5515,-0.5845,-0.5625
600308,华泰股份,47.33,True,3.12,3.17,1,0.08,-8.9,-5.08,-1.53,0.0,2026-07-09,2026-07-09,49.32,-0.3393,0.3083,0.3237,0.3233,0.8737,0.4606,0.2723,-0.7556,0.1222,多周期共振看空 ⬇⬇⬇,-0.5495,-0.6946,-0.495
002539,云图控股,94.23,True,10.59,11.68,5,4.37,-9.79,-3.37,-9.37,0.0,2026-07-09,2026-07-09,40.36,0.4472,0.214,0.5436,0.5539,0.6746,0.0939,0.2723,-0.5925,0.2037,多周期共振看空 ⬇⬇⬇,-0.4584,-0.5717,-0.3375
000738,航发控制,229.5,True,17.45,18.29,2,1.78,-9.7,-3.4,-4.59,0.0,2026-07-09,2026-07-09,39.81,0.6546,-0.3122,0.4731,0.4678,0.6624,0.2116,0.2722,-0.5353,0.2324,多周期共振看空 ⬇⬇⬇,-0.404,-0.4928,-0.3375
603219,富佳股份,80.84,True,14.4,15.16,5,10.2,-12.59,-4.15,-4.99,0.0,2026-07-09,2026-07-09,43.45,0.5977,-0.1876,0.5514,0.4836,0.7433,0.0811,0.2722,-0.5532,0.2234,多周期共振看空 ⬇⬇⬇,-0.2626,-0.4282,-0.5625
600130,波导股份,30.0,True,4.0,4.5,1,3.61,-14.18,-6.83,-11.06,0.0,2026-07-09,2026-07-09,25.17,0.6793,-0.2957,0.4376,0.4893,0.3371,0.2707,0.2721,-0.2268,0.3866,月线震荡，中短期走弱,-0.7489,-0.2102,0.0897
002328,新朋股份,41.72,True,7.31,7.64,0,-1.5,-17.76,-9.63,-4.31,0.0,2026-07-09,2026-07-09,35.1,0.2961,-0.4407,0.3803,0.2014,0.5577,0.3661,0.2717,-0.1104,0.4448,月线看多，中短期调整中,-0.5245,-0.2563,0.18
000790,华神科技,22.23,True,3.57,3.66,4,4.15,-10.29,-3.66,-2.5,0.0,2026-07-09,2026-07-09,41.67,0.4536,-0.1943,0.4194,0.3945,0.7037,0.3011,0.2713,-0.5459,0.227,多周期共振看空 ⬇⬇⬇,-0.3248,-0.4263,-0.495
600423,*ST柳化,19.49,True,2.44,2.39,5,7.74,-12.5,-5.56,2.16,0.0,2026-07-07,2026-07-09,57.89,0.311,0.1217,0.5387,0.4353,0.9357,0.1021,0.2712,-0.7314,0.1343,多周期共振看空 ⬇⬇⬇,-0.3441,-0.75,-0.5625
603112,华翔股份,86.66,True,16.21,17.33,0,-3.99,-13.78,-9.82,-6.46,0.0,2026-07-09,2026-07-09,30.36,0.6536,-0.7285,0.3955,0.3921,0.4524,0.3409,0.2709,-0.2758,0.3621,月线震荡，中短期走弱,-0.738,-0.1906,-0.1039
603077,和邦生物,189.88,True,2.15,2.35,3,2.54,-9.45,-3.22,-8.55,0.0,2026-07-09,2026-07-09,38.36,0.5374,0.0114,0.4464,0.527,0.6301,0.2559,0.2707,-0.6383,0.1809,多周期共振看空 ⬇⬇⬇,-0.6635,-0.4967,-0.3375
000680,山推股份,133.18,True,10.13,10.24,5,6.04,-8.33,-3.2,-1.05,0.0125,2026-07-09,2026-07-09,48.48,0.4237,-0.5584,0.4043,0.2542,0.8552,0.3262,0.2705,-0.5602,0.2199,多周期共振看空 ⬇⬇⬇,-0.2968,-0.6392,-0.3375
603119,浙江荣泰,163.93,True,61.85,68.92,3,6.2,-12.98,-3.37,-10.26,0.0,2026-07-09,2026-07-09,31.86,0.6724,-0.4806,0.7001,0.4112,0.4858,0.0,0.2704,-0.0778,0.4611,月线压制，周线反弹受阻,-0.385,0.1795,-0.405
600422,昆药集团,61.54,True,8.13,8.2,4,2.72,-8.95,-2.85,-0.81,0.0329,2026-07-09,2026-07-09,50.76,0.1501,-0.0228,0.397,0.2809,0.9057,0.3384,0.2702,-0.7245,0.1377,多周期共振看空 ⬇⬇⬇,-0.3264,-0.75,-0.5625
002076,星光股份,22.51,True,2.16,2.4,2,2.37,-13.1,-5.23,-9.96,0.0,2026-07-09,2026-07-09,32.37,-0.017,0.2947,0.6894,0.3179,0.4972,0.0,0.2701,0.0556,0.5278,上升趋势中的日线回调（关注买点）,-0.533,0.3592,0.2845
001258,立新能源,60.76,True,6.51,7.21,0,-6.49,-21.09,-15.63,-9.66,0.0,2026-07-09,2026-07-09,23.75,0.8599,-0.7486,0.2763,0.5159,0.3056,0.5395,0.2695,-0.4681,0.266,多周期共振看空 ⬇⬇⬇,-0.6415,-0.209,-0.27
000525,红太阳,45.58,True,4.1,4.18,0,-0.52,-12.11,-7.16,-1.81,0.0,2026-07-09,2026-07-09,37.27,0.4323,0.3567,0.4209,0.6021,0.6061,0.2985,0.2695,-0.7734,0.1133,多周期共振看空 ⬇⬇⬇,-0.538,-0.6762,-0.5625
600615,鑫源智造,21.49,True,9.54,9.64,4,6.9,-13.19,-4.21,-1.08,0.0,2026-07-09,2026-07-09,35.89,0.8189,-0.0908,0.6853,0.6551,0.5753,0.0,0.2693,-0.584,0.208,多周期共振看空 ⬇⬇⬇,-0.2607,-0.4975,-0.5625
601016,节能风电,203.49,True,3.37,3.76,0,-3.05,-16.41,-11.18,-10.3,0.0,2026-07-09,2026-07-09,34.97,0.5022,-0.5379,0.5366,0.3013,0.5548,0.1056,0.2691,-0.0796,0.4602,月线看多，中短期调整中,-0.6029,-0.1998,0.3375
002021,中捷资源,28.93,True,2.42,2.5,4,1.8,-14.04,-4.71,-3.35,0.0,2026-07-09,2026-07-09,48.06,0.3333,0.1035,0.7175,0.4414,0.8458,0.0,0.2686,-0.5727,0.2137,多周期共振看空 ⬇⬇⬇,-0.3291,-0.6392,-0.3375
002594,比亚迪,3028.82,True,86.87,85.71,5,2.23,-12.87,-4.59,1.35,0.0201,2026-07-02,2026-07-09,47.47,-0.4429,0.1911,0.3836,0.2764,0.8326,0.3606,0.2686,-0.6292,0.1854,多周期共振看空 ⬇⬇⬇,-0.361,-0.5109,-0.5625
002157,正邦科技,228.18,True,2.93,2.94,3,2.42,-8.35,-3.42,-0.26,0.0126,2026-07-09,2026-07-09,51.81,-0.1341,-0.248,0.3978,0.1008,0.929,0.3371,0.2685,-0.4281,0.286,多周期共振看空 ⬇⬇⬇,-0.2746,-0.3681,-0.3375
002940,昂利康,48.1,True,25.96,28.0,4,7.18,-23.81,-9.73,-7.27,0.0,2026-07-09,2026-07-09,42.67,0.7192,-0.3753,0.7162,0.4814,0.7259,0.0,0.2683,-0.4946,0.2527,多周期共振看空 ⬇⬇⬇,-0.3362,-0.2364,-0.5625
603803,瑞斯康达,47.29,True,11.13,11.88,0,-0.09,-16.57,-7.25,-6.34,0.0,2026-07-09,2026-07-09,26.49,0.662,-0.1739,0.6033,0.5276,0.3663,0.0,0.2683,-0.1375,0.4313,月线看多，中短期调整中,-0.6625,-0.2667,0.18
603179,新泉股份,335.67,True,47.0,49.69,4,6.7,-11.26,-4.0,-5.42,0.0,2026-07-09,2026-07-09,38.67,0.5887,-0.4835,0.7291,0.3598,0.6372,0.0,0.2682,-0.1944,0.4028,多周期方向不一致，观望,-0.3909,-0.0245,-0.495
001208,华菱线缆,46.34,True,14.54,14.79,1,0.11,-10.05,-5.72,-1.68,0.0,2026-07-09,2026-07-09,42.51,0.1063,1.0758,0.5473,0.4638,0.7224,0.0879,0.2681,-0.5341,0.2329,多周期共振看空 ⬇⬇⬇,-0.4094,-0.4854,-0.3375
002265,建设工业,177.17,True,17.15,18.33,0,-1.11,-11.51,-6.57,-6.45,0.0,2026-07-09,2026-07-09,33.63,0.4761,0.1741,0.3956,0.5553,0.5251,0.3407,0.2681,-0.6468,0.1766,多周期共振看空 ⬇⬇⬇,-0.4216,-0.4977,-0.5625
600619,海立股份,105.67,True,13.39,14.69,5,7.25,-13.01,-3.88,-8.84,0.0,2026-07-09,2026-07-09,36.82,0.6833,0.0926,0.4553,0.647,0.596,0.2412,0.268,-0.7991,0.1004,多周期共振看空 ⬇⬇⬇,-0.6733,-0.6167,-0.5625
603190,亚通精工,9.96,True,24.22,24.67,4,4.62,-10.05,-4.01,-1.83,0.0,2026-07-09,2026-07-09,43.74,0.0717,0.1282,0.4098,0.2943,0.7498,0.317,0.268,-0.4804,0.2598,多周期共振看空 ⬇⬇⬇,-0.2613,-0.4943,-0.3375
603007,顺景科技,36.42,True,5.24,5.82,8,14.78,-18.87,-3.87,-10.02,0.0,2026-07-09,2026-07-09,41.55,0.7375,-0.3476,0.7909,0.5034,0.7011,0.0,0.2677,-0.5053,0.2474,多周期共振看空 ⬇⬇⬇,-0.3929,-0.4875,-0.2862
601015,陕西黑猫,59.44,True,2.91,3.07,0,-2.89,-16.43,-10.12,-5.35,0.0,2026-07-09,2026-07-09,37.5,0.8655,-0.6755,0.3623,0.5193,0.6111,0.3961,0.2677,-0.7392,0.1304,多周期共振看空 ⬇⬇⬇,-0.529,-0.6762,-0.495
002872,ST天圣,10.42,True,4.85,4.86,3,3.81,-11.15,-4.71,-0.12,0.0,2026-07-09,2026-07-09,47.5,0.0802,-0.5153,0.407,0.0481,0.8333,0.3217,0.2677,-0.1931,0.4034,月线震荡，中短期走弱,-0.4382,-0.3037,0.0301
600239,ST云城,23.12,True,1.44,1.37,6,5.92,-12.95,-3.73,4.99,0.1272,2026-07-01,2026-07-09,58.49,-0.2031,-0.1344,0.4831,0.1462,0.9224,0.1948,0.2676,-0.6607,0.1697,多周期共振看空 ⬇⬇⬇,-0.1629,-0.75,-0.5625
603616,韩建河山,21.25,True,5.53,6.09,8,14.42,-10.32,-1.58,-9.26,0.0,2026-07-09,2026-07-09,32.05,0.4923,1.6678,0.7383,0.6954,0.4899,0.0,0.2675,-0.5607,0.2197,多周期共振看空 ⬇⬇⬇,-0.4199,-0.5348,-0.3375
000859,国风新材,77.41,True,8.64,10.46,12,10.04,-20.2,-2.06,-17.44,0.0,2026-07-09,2026-07-09,30.9,0.7669,-0.2936,0.8562,0.5427,0.4644,0.0,0.2674,-0.2864,0.3568,多周期共振看空 ⬇⬇⬇,-0.2918,-0.1844,-0.195
600085,同仁堂,317.08,True,23.12,23.22,2,1.58,-8.09,-3.04,-0.44,0.0167,2026-07-09,2026-07-09,51.26,-0.3857,0.1174,0.328,0.247,0.9168,0.4533,0.2671,-0.7615,0.1193,多周期共振看空 ⬇⬇⬇,-0.4214,-0.75,-0.5625
000158,常山北明,206.11,True,12.98,13.74,0,-0.73,-13.58,-6.48,-5.55,0.0,2026-07-09,2026-07-09,29.95,0.6186,0.2378,0.3825,0.6663,0.4433,0.3624,0.2667,-0.7546,0.1227,多周期共振看空 ⬇⬇⬇,-0.4252,-0.7315,-0.5625
600664,哈药股份,77.07,True,3.06,3.09,3,2.7,-8.38,-2.95,-1.02,0.0088,2026-07-09,2026-07-09,48.96,0.1718,-0.1755,0.3821,0.2328,0.8657,0.3632,0.2667,-0.5894,0.2053,多周期共振看空 ⬇⬇⬇,-0.2648,-0.506,-0.5625
003010,若羽臣,50.75,True,22.44,23.84,5,5.43,-9.0,-2.67,-5.88,0.0,2026-07-09,2026-07-09,41.8,0.4905,-0.0752,0.4354,0.4642,0.7066,0.2743,0.2665,-0.6778,0.1611,多周期共振看空 ⬇⬇⬇,-0.2607,-0.7038,-0.5625
002588,史丹利,70.06,True,8.16,8.43,3,1.36,-7.56,-2.79,-3.25,0.0,2026-07-09,2026-07-09,45.26,0.3248,-0.1148,0.4094,0.349,0.7835,0.3177,0.266,-0.6249,0.1875,多周期共振看空 ⬇⬇⬇,-0.3026,-0.619,-0.495
600617,国新能源,48.65,True,2.74,2.85,0,-3.79,-16.64,-9.93,-3.79,0.0,2026-07-09,2026-07-09,37.14,0.6778,-0.5832,0.3411,0.4067,0.6032,0.4315,0.2659,-0.5929,0.2036,多周期共振看空 ⬇⬇⬇,-0.547,-0.4967,-0.3375
002235,安妮股份,49.77,True,8.99,8.64,5,4.78,-17.77,-8.47,3.99,0.0,2026-07-02,2026-07-09,59.36,0.2452,-0.2024,0.684,0.2662,0.9031,0.0,0.2659,-0.3823,0.3089,多周期共振看空 ⬇⬇⬇,-0.3141,-0.3675,-0.2034
600875,东方电气,630.8,True,27.87,29.82,0,-0.18,-15.65,-7.5,-6.54,0.0,2026-07-09,2026-07-09,28.55,0.5018,-0.3237,0.4817,0.3716,0.4121,0.1971,0.2659,-0.1198,0.4401,月线看多，中短期调整中,-0.4877,-0.3325,0.18
603016,新宏泰,45.19,True,30.5,34.66,0,-4.26,-18.97,-10.99,-12.01,0.0,2026-07-09,2026-07-09,24.09,0.6235,-0.1799,0.444,0.5021,0.3131,0.26,0.2656,-0.262,0.369,月线震荡，中短期走弱,-0.8615,-0.276,0.1339
002658,雪迪龙,26.07,True,7.27,8.06,10,5.4,-11.2,-1.16,-9.76,0.0,2026-07-09,2026-07-09,38.6,0.5372,-0.1388,0.4876,0.4668,0.6355,0.1873,0.2655,-0.5353,0.2324,多周期共振看空 ⬇⬇⬇,-0.2649,-0.6119,-0.3375
003007,直真科技,27.53,True,37.92,39.28,4,4.97,-14.67,-4.99,-3.47,0.0,2026-07-09,2026-07-09,41.29,0.438,0.031,0.592,0.4752,0.6953,0.0134,0.2655,-0.4814,0.2593,多周期共振看空 ⬇⬇⬇,-0.3986,-0.3789,-0.3375
600966,博汇纸业,65.64,True,4.91,5.06,1,0.17,-12.01,-7.09,-2.95,0.0,2026-07-09,2026-07-09,47.53,0.3409,-0.0367,0.4407,0.3899,0.834,0.2656,0.2654,-0.7139,0.1431,多周期共振看空 ⬇⬇⬇,-0.6265,-0.6946,-0.3375
603998,方盛制药,40.31,True,9.18,9.4,3,3.0,-7.65,-2.52,-2.36,0.0,2026-07-09,2026-07-09,47.52,-0.0152,0.4906,0.4308,0.3962,0.8338,0.282,0.2652,-0.7386,0.1307,多周期共振看空 ⬇⬇⬇,-0.3949,-0.7223,-0.5625
600588,用友网络,322.22,True,9.43,9.5,0,-0.7,-14.09,-6.45,-0.7,0.0,2026-07-09,2026-07-09,44.08,0.3378,-0.0237,0.4041,0.3932,0.7573,0.3265,0.2649,-0.6801,0.1599,多周期共振看空 ⬇⬇⬇,-0.4075,-0.5829,-0.5625
001369,双欣材料,24.96,True,12.03,14.1,10,8.6,-14.77,-2.72,-14.67,0.0,2026-07-09,2026-07-09,12.47,0.854,-0.3024,0.3808,0.5914,0.0549,0.3653,0.2647,-0.1865,0.4068,周线日线方向不一致,-0.6216,0.0,
002065,东华软件,204.14,True,7.02,7.14,3,1.28,-10.44,-3.06,-1.72,0.0,2026-07-09,2026-07-09,40.88,0.3811,0.0233,0.3478,0.438,0.6862,0.4203,0.2646,-0.744,0.128,多周期共振看空 ⬇⬇⬇,-0.4584,-0.6798,-0.5625
002406,远东传动,41.01,True,6.81,6.99,1,1.31,-13.34,-7.69,-2.61,0.0,2026-07-09,2026-07-09,40.1,0.6947,-0.4607,0.3929,0.4325,0.6689,0.3451,0.2645,-0.6546,0.1727,多周期共振看空 ⬇⬇⬇,-0.5635,-0.3931,-0.5625
600435,北方导航,162.88,True,10.77,11.45,2,0.46,-7.5,-3.71,-5.96,0.0,2026-07-09,2026-07-09,35.2,0.7385,-0.2473,0.3482,0.5442,0.5601,0.4197,0.2644,-0.7632,0.1184,多周期共振看空 ⬇⬇⬇,-0.6395,-0.5667,-0.5625
000902,新洋丰,134.51,True,11.77,12.23,3,1.87,-10.62,-3.19,-3.78,0.0,2026-07-09,2026-07-09,45.0,0.3817,-0.1234,0.42,0.3796,0.7778,0.3,0.2644,-0.6657,0.1672,多周期共振看空 ⬇⬇⬇,-0.3299,-0.6854,-0.495
002677,浙江美大,39.87,True,7.23,6.16,2,17.47,-15.04,-7.78,17.47,0.0873,2026-07-07,2026-07-09,68.14,0.1644,1.7717,0.7096,0.4986,0.7081,0.0,0.264,-0.7453,0.1274,多周期共振看空 ⬇⬇⬇,-0.5448,-0.676,-0.495
002395,双象股份,32.34,True,12.06,12.5,0,-0.52,-13.1,-8.1,-3.53,0.0,2026-07-09,2026-07-09,38.13,0.8447,-0.7319,0.371,0.5068,0.625,0.3816,0.2637,-0.7569,0.1215,多周期共振看空 ⬇⬇⬇,-0.6175,-0.5717,-0.5625
603667,五洲新春,218.44,True,59.65,65.42,4,13.13,-15.6,-6.37,-8.82,0.0,2026-07-09,2026-07-09,41.17,0.6368,-0.3536,0.7849,0.4407,0.6926,0.0,0.2636,-0.4271,0.2864,多周期共振看空 ⬇⬇⬇,-0.5198,-0.3114,-0.1817
002282,博深股份,28.33,True,5.61,5.87,0,-0.05,-6.77,-3.78,-4.41,0.0,2026-07-09,2026-07-09,40.31,0.4105,-0.0841,0.2629,0.4127,0.6736,0.5618,0.2636,-0.8093,0.0953,多周期共振看空 ⬇⬇⬇,-0.5655,-0.7315,-0.5625
605268,王力安防,39.91,True,9.06,9.19,0,-1.32,-8.5,-5.6,-1.44,0.0,2026-07-09,2026-07-09,42.93,0.2364,-0.2002,0.2881,0.2617,0.7318,0.5198,0.2632,-0.6075,0.1962,多周期共振看空 ⬇⬇⬇,-0.55,-0.5262,-0.3375
600080,ST金花,17.54,True,4.7,4.71,5,4.45,-13.15,-6.78,-0.3,0.0,2026-07-09,2026-07-09,52.57,0.434,-0.2611,0.4737,0.356,0.946,0.2104,0.2631,-0.7682,0.1159,多周期共振看空 ⬇⬇⬇,-0.5139,-0.6854,-0.5625
600303,曙光股份,16.67,True,2.46,2.66,1,1.2,-17.8,-11.47,-7.69,0.0,2026-07-09,2026-07-09,31.25,0.9322,-0.7492,0.3918,0.5593,0.4722,0.347,0.2631,-0.6344,0.1828,多周期共振看空 ⬇⬇⬇,-0.4208,-0.4711,-0.5625
000428,华天酒店,30.98,True,3.04,3.18,0,-2.44,-9.69,-6.12,-4.28,0.0,2026-07-09,2026-07-09,38.16,0.4625,-0.1044,0.3293,0.4357,0.6257,0.4511,0.2625,-0.709,0.1455,多周期共振看空 ⬇⬇⬇,-0.7,-0.6208,-0.3375
000801,四川九洲,115.31,True,11.35,11.81,5,9.66,-10.26,-3.73,-3.9,0.0,2026-07-09,2026-07-09,48.2,0.5753,-0.0381,0.656,0.53,0.8489,0.0,0.262,-0.7709,0.1145,多周期共振看空 ⬇⬇⬇,-0.4453,-0.75,-0.5625
002645,华宏科技,152.78,True,22.46,28.84,12,25.96,-23.55,0.49,-22.12,0.0,2026-07-09,2026-07-09,8.52,0.7939,-0.6626,0.7832,0.4763,0.0,0.0,0.2618,0.3319,0.666,上升趋势中的日线回调（关注买点）,-0.2295,0.75,0.5625
603194,中力股份,52.5,True,33.22,35.98,13,8.61,-7.76,0.06,-7.68,0.0164,2026-07-09,2026-07-09,35.84,0.372,-0.3704,0.5388,0.2751,0.5742,0.102,0.2616,-0.1571,0.4214,多周期方向不一致，观望,-0.1455,-0.1158,-0.45
002050,三花智控,1578.68,True,42.85,44.46,3,8.81,-8.33,-3.95,-3.62,0.0,2026-07-09,2026-07-09,43.28,0.5816,-0.417,0.6261,0.3822,0.7396,0.0,0.2615,-0.4074,0.2963,多周期共振看空 ⬇⬇⬇,-0.3486,-0.3514,-0.2451
601011,宝泰隆,49.04,True,2.56,2.74,2,3.91,-10.3,-4.53,-6.52,0.0,2026-07-09,2026-07-09,47.54,0.8584,-0.7904,0.625,0.515,0.8342,0.0,0.2614,-0.7336,0.1332,多周期共振看空 ⬇⬇⬇,-0.554,-0.6425,-0.495
601956,东贝集团,29.22,True,4.7,4.76,4,3.84,-8.53,-4.0,-1.23,0.0,2026-07-09,2026-07-09,50.76,0.131,-0.0434,0.328,0.2613,0.9057,0.4534,0.2614,-0.7764,0.1118,多周期共振看空 ⬇⬇⬇,-0.4595,-0.75,-0.5625
603215,比依股份,26.74,True,14.28,14.68,3,1.94,-10.7,-4.54,-2.73,0.0,2026-07-09,2026-07-09,33.33,0.482,0.0177,0.3168,0.4963,0.5185,0.472,0.2613,-0.7034,0.1483,多周期共振看空 ⬇⬇⬇,-0.3375,-0.6941,-0.5625
600363,联创光电,147.4,True,32.69,33.68,5,9.01,-13.89,-4.33,-2.95,0.0,2026-07-09,2026-07-09,45.57,0.5945,0.0683,0.7258,0.584,0.7905,0.0,0.2612,-0.7934,0.1033,多周期共振看空 ⬇⬇⬇,-0.503,-0.75,-0.5625
002992,宝明科技,64.26,True,41.13,43.02,8,10.7,-8.71,-1.62,-4.4,0.0,2026-07-09,2026-07-09,32.27,0.805,0.0303,0.6008,0.6951,0.4949,0.0,0.2612,-0.6168,0.1916,多周期共振看空 ⬇⬇⬇,-0.3131,-0.5247,-0.5625
605500,森林包装,25.94,True,6.26,6.54,0,-1.37,-23.53,-12.24,-4.33,0.0,2026-07-09,2026-07-09,40.12,0.6594,-0.5093,0.3232,0.3956,0.6693,0.4614,0.2612,-0.7153,0.1423,多周期共振看空 ⬇⬇⬇,-0.622,-0.4764,-0.5625
603308,应流股份,371.58,True,54.72,61.52,6,7.4,-15.31,-4.29,-11.06,0.0,2026-07-09,2026-07-09,25.4,0.2393,0.3714,0.6312,0.4921,0.3423,0.0,0.2611,-0.1094,0.4453,月线看多，中短期调整中,-0.4956,-0.276,0.18
600114,东睦股份,211.36,True,34.29,39.14,12,13.73,-17.01,-0.32,-12.4,0.0,2026-07-09,2026-07-09,22.96,0.4615,-0.6003,0.6439,0.2769,0.2881,0.0,0.261,0.299,0.6495,上升趋势中的日线回调（关注买点）,-0.294,0.6946,0.5625
000957,中通客车,54.9,True,9.26,9.84,1,1.22,-8.37,-3.42,-5.92,0.0,2026-07-09,2026-07-09,32.58,0.5934,-0.1802,0.3144,0.484,0.5018,0.4761,0.261,-0.6696,0.1652,多周期共振看空 ⬇⬇⬇,-0.4826,-0.4956,-0.5625
603577,汇金通,31.4,True,9.26,9.32,7,5.43,-11.96,-4.92,-0.63,0.0,2026-07-09,2026-07-09,47.8,0.4212,-0.382,0.5149,0.2999,0.8399,0.1419,0.2607,-0.5154,0.2423,多周期共振看空 ⬇⬇⬇,-0.3052,-0.5337,-0.3375
001226,拓山重工,15.13,True,44.61,48.92,6,7.26,-10.91,-2.37,-8.8,0.0,2026-07-09,2026-07-09,22.28,0.7513,-0.4864,0.5319,0.4562,0.2729,0.1135,0.2606,-0.0633,0.4683,多周期方向不一致，观望,-0.3595,0.03,0.0
600528,中铁工业,149.07,True,6.71,6.9,0,-0.27,-6.31,-3.46,-2.69,0.0,2026-07-09,2026-07-09,37.7,0.4657,-0.1798,0.2493,0.4075,0.6157,0.5846,0.2604,-0.7749,0.1125,多周期共振看空 ⬇⬇⬇,-0.4798,-0.7294,-0.5625
002139,拓邦股份,104.54,True,9.76,9.68,5,5.56,-10.38,-3.53,0.8,0.0381,2026-07-02,2026-07-09,48.06,0.4239,-0.3719,0.4439,0.3056,0.8459,0.2602,0.2604,-0.7203,0.1398,多周期共振看空 ⬇⬇⬇,-0.3156,-0.75,-0.5625
603100,川仪股份,88.09,True,17.22,17.64,5,3.08,-8.9,-3.84,-2.39,0.0,2026-07-09,2026-07-09,48.6,0.0377,0.1615,0.3905,0.2872,0.8577,0.3492,0.2603,-0.6858,0.1571,多周期共振看空 ⬇⬇⬇,-0.2596,-0.7223,-0.5625
601698,中国卫通,1262.67,True,29.89,30.34,5,5.47,-9.33,-2.59,-1.5,0.0221,2026-07-09,2026-07-09,46.33,0.5407,-0.5044,0.5812,0.3244,0.8074,0.0313,0.2601,-0.4849,0.2576,多周期共振看空 ⬇⬇⬇,-0.2607,-0.5048,-0.3375
603787,新日股份,21.47,True,9.33,9.54,2,1.44,-8.28,-4.28,-2.18,0.0,2026-07-09,2026-07-09,41.71,0.5853,-0.4394,0.2872,0.3754,0.7046,0.5214,0.26,-0.7836,0.1082,多周期共振看空 ⬇⬇⬇,-0.5103,-0.7223,-0.5625
600356,恒丰纸业,23.6,True,7.9,7.92,1,2.23,-8.88,-5.0,-0.21,0.0,2026-07-09,2026-07-09,50.75,-0.1717,-0.0677,0.3174,0.1729,0.9055,0.4709,0.2598,-0.6618,0.1691,多周期共振看空 ⬇⬇⬇,-0.4624,-0.4956,-0.5625
002977,*ST天箭,15.72,True,23.58,23.29,5,10.16,-17.7,-6.77,1.26,0.0,2026-07-02,2026-07-09,46.83,0.162,0.5727,0.7547,0.4972,0.8184,0.0,0.2598,-0.6994,0.1503,多周期共振看空 ⬇⬇⬇,-0.3483,-0.6762,-0.5625
601231,环旭电子,740.57,True,31.0,33.33,0,-1.67,-20.2,-10.91,-7.0,0.0,2026-07-09,2026-07-09,34.1,0.4312,-0.2481,0.8026,0.3595,0.5355,0.0,0.2595,-0.1421,0.4289,月线看多，中短期调整中,-0.711,-0.2471,0.18
605058,澳弘电子,42.38,True,29.65,35.74,6,7.03,-19.88,-5.27,-17.04,0.0,2026-07-09,2026-07-09,19.11,0.8232,-0.3611,0.6976,0.5495,0.2024,0.0,0.2594,-0.0468,0.4766,多周期方向不一致，观望,-0.528,0.0221,0.2248
002361,神剑股份,93.6,True,11.57,14.37,3,11.65,-23.1,-8.27,-19.49,0.0,2026-07-09,2026-07-09,23.09,0.8862,-0.7092,0.6743,0.5317,0.2909,0.0,0.2593,-0.1251,0.4375,月线看多，中短期调整中,-0.5937,-0.2667,0.18
001333,光华股份,24.23,True,18.93,19.48,3,2.18,-11.32,-7.02,-2.84,0.0,2026-07-09,2026-07-09,46.33,0.3713,-0.2878,0.3604,0.3077,0.8074,0.3994,0.2589,-0.7091,0.1455,多周期共振看空 ⬇⬇⬇,-0.563,-0.581,-0.495
000788,北大医药,30.16,True,5.06,5.16,7,2.29,-8.27,-2.08,-2.01,0.0694,2026-07-09,2026-07-09,44.94,0.3577,-0.4976,0.4658,0.2156,0.7765,0.2237,0.2587,-0.5527,0.2237,多周期共振看空 ⬇⬇⬇,-0.1967,-0.4836,-0.5625
000536,华映科技,96.43,True,3.49,3.53,4,11.92,-15.6,-6.08,-1.16,0.0,2026-07-09,2026-07-09,47.47,0.5895,-0.2932,0.8698,0.4364,0.8326,0.0,0.2586,-0.6287,0.1856,多周期共振看空 ⬇⬇⬇,-0.3461,-0.5226,-0.5625
000039,中集集团,185.95,True,8.08,8.55,0,-5.45,-13.02,-9.84,-5.45,0.0,2026-07-09,2026-07-09,35.29,0.6053,-0.1357,0.4426,0.5089,0.5621,0.2623,0.2584,-0.6317,0.1841,多周期共振看空 ⬇⬇⬇,-0.625,-0.5152,-0.3375
603639,海利尔,34.43,True,10.13,10.44,2,1.48,-6.61,-3.21,-2.93,0.0,2026-07-09,2026-07-09,44.06,-0.0535,0.1927,0.2454,0.2771,0.7569,0.5909,0.2584,-0.7575,0.1213,多周期共振看空 ⬇⬇⬇,-0.4758,-0.6946,-0.5625
002560,通达股份,43.13,True,6.81,7.78,1,0.29,-13.15,-8.05,-12.42,0.0,2026-07-09,2026-07-09,23.08,0.4308,-0.2315,0.3962,0.3659,0.2906,0.3397,0.2584,-0.1383,0.4309,月线看多，中短期调整中,-0.7114,-0.2287,0.18
002742,冀衡医药,18.23,True,3.48,3.62,2,1.49,-15.94,-7.79,-3.83,0.0,2026-07-09,2026-07-09,45.54,0.3655,0.077,0.681,0.4501,0.7897,0.0,0.2584,-0.6006,0.1997,多周期共振看空 ⬇⬇⬇,-0.407,-0.4087,-0.5625
601686,友发集团,73.38,True,4.96,5.0,3,0.97,-6.42,-3.0,-0.82,0.0367,2026-07-09,2026-07-09,43.21,0.3543,-0.7444,0.2363,0.2126,0.738,0.6062,0.2583,-0.7326,0.1337,多周期共振看空 ⬇⬇⬇,-0.3471,-0.75,-0.5625
000156,华数传媒,109.47,True,6.44,6.54,3,0.63,-9.64,-2.96,-1.55,0.0,2026-07-09,2026-07-09,36.43,0.4113,-0.1653,0.2931,0.3806,0.5874,0.5114,0.2582,-0.6577,0.1712,多周期共振看空 ⬇⬇⬇,-0.3571,-0.5768,-0.5625
603052,可川科技,134.91,True,71.8,82.43,2,4.29,-18.04,-7.87,-12.9,0.0,2026-07-09,2026-07-09,21.97,0.4983,-0.0358,0.7101,0.4847,0.266,0.0,0.2582,-0.0294,0.4853,多周期方向不一致，观望,-0.5088,-0.1433,0.45
002706,良信股份,89.88,True,9.83,11.12,0,-3.47,-14.69,-9.64,-11.58,0.0,2026-07-09,2026-07-09,22.86,0.7796,-0.6092,0.5335,0.4678,0.2857,0.1109,0.2581,-0.115,0.4425,多周期方向不一致，观望,-0.4723,-0.1147,0.0141
605259,绿田机械,30.62,True,17.75,18.09,5,3.08,-4.65,-1.32,-1.87,0.096,2026-07-09,2026-07-09,39.44,0.0979,-0.1569,0.2938,0.196,0.6541,0.5104,0.258,-0.6735,0.1633,多周期共振看空 ⬇⬇⬇,-0.1956,-0.75,-0.5625
002877,智能自控,16.84,True,7.0,7.39,0,-2.63,-9.97,-6.43,-5.3,0.0,2026-07-09,2026-07-09,34.73,0.8732,-0.811,0.3136,0.5239,0.5496,0.4773,0.2576,-0.8187,0.0907,多周期共振看空 ⬇⬇⬇,-0.622,-0.7038,-0.5625
600585,海螺水泥,669.55,True,16.74,17.1,0,-0.6,-8.56,-4.94,-2.1,0.0,2026-07-09,2026-07-09,44.14,-0.106,0.2495,0.2547,0.2998,0.7588,0.5755,0.2576,-0.7894,0.1053,多周期共振看空 ⬇⬇⬇,-0.5467,-0.7038,-0.5625
600983,惠而浦,54.88,True,7.16,7.44,3,3.0,-11.02,-4.54,-3.7,0.0,2026-07-09,2026-07-09,39.11,0.5849,0.0154,0.4731,0.5571,0.6469,0.2116,0.2574,-0.7778,0.1111,多周期共振看空 ⬇⬇⬇,-0.5171,-0.7038,-0.5625
002583,海能达,103.52,True,8.07,8.42,8,7.88,-11.69,-2.76,-4.15,0.0,2026-07-09,2026-07-09,36.0,0.8348,-0.6018,0.4205,0.5009,0.5778,0.2992,0.2574,-0.6745,0.1628,多周期共振看空 ⬇⬇⬇,-0.2483,-0.707,-0.5625
002408,齐翔腾达,129.3,True,4.7,4.93,4,1.44,-8.49,-3.13,-4.61,0.0,2026-07-09,2026-07-09,38.41,0.3856,-0.301,0.3417,0.3109,0.6313,0.4305,0.2573,-0.5411,0.2294,多周期共振看空 ⬇⬇⬇,-0.4127,-0.4979,-0.3375
600362,江西铜业,845.46,True,40.74,44.86,7,20.82,-11.15,-1.16,-9.19,0.0,2026-07-09,2026-07-09,24.21,0.8988,-0.128,0.8432,0.6881,0.3158,0.0,0.2572,-0.422,0.289,多周期共振看空 ⬇⬇⬇,-0.2168,-0.4041,-0.3375
002672,东江环保,30.23,True,3.34,3.56,5,11.53,-10.06,-3.42,-6.21,0.0,2026-07-09,2026-07-09,48.46,0.5836,-0.1127,0.9165,0.5051,0.8546,0.0,0.2571,-0.7772,0.1114,多周期共振看空 ⬇⬇⬇,-0.4615,-0.75,-0.5625
002823,凯中精密,30.08,True,13.74,15.45,1,3.71,-19.97,-9.22,-11.05,0.0,2026-07-09,2026-07-09,25.52,0.822,-0.7035,0.5218,0.4932,0.3449,0.1304,0.2569,-0.2523,0.3739,多周期方向不一致，观望,-0.5795,-0.1173,-0.495
002109,ST兴化,33.06,True,2.59,2.59,5,6.77,-12.55,-4.92,-0.1,0.0,2026-07-09,2026-07-09,53.54,0.0349,0.0971,0.478,0.2598,0.9675,0.2033,0.2568,-0.6846,0.1577,多周期共振看空 ⬇⬇⬇,-0.4106,-0.6577,-0.495
600742,富维股份,52.53,True,7.07,7.5,0,-1.11,-8.29,-4.33,-5.78,0.0,2026-07-09,2026-07-09,37.42,0.1408,0.3755,0.2926,0.4347,0.6094,0.5124,0.2568,-0.7821,0.1089,多周期共振看空 ⬇⬇⬇,-0.5603,-0.6762,-0.5625
601568,北元化工,134.66,True,3.39,3.57,3,4.33,-7.01,-2.8,-4.94,0.0,2026-07-09,2026-07-09,36.51,0.6206,-0.2501,0.2968,0.4723,0.5891,0.5054,0.2567,-0.8131,0.0934,多周期共振看空 ⬇⬇⬇,-0.7184,-0.6762,-0.495
002448,中原内配,67.57,True,11.64,12.48,5,3.64,-12.1,-3.49,-6.73,0.0,2026-07-09,2026-07-09,34.72,0.1049,0.2383,0.5552,0.3583,0.5494,0.0747,0.2565,-0.2406,0.3797,月线震荡，中短期走弱,-0.4464,-0.4184,-0.0076
002849,威星智能,33.35,True,15.24,16.56,8,8.09,-8.09,-1.58,-7.94,0.0,2026-07-09,2026-07-09,26.83,0.745,0.0684,0.6134,0.6744,0.374,0.0,0.2562,-0.4783,0.2609,多周期共振看空 ⬇⬇⬇,-0.3259,-0.4343,-0.3375
000533,顺钠股份,60.07,True,8.77,9.91,0,-3.29,-13.99,-9.79,-11.53,0.0,2026-07-09,2026-07-09,23.0,0.5996,-0.1981,0.3957,0.4805,0.2889,0.3404,0.2561,-0.3394,0.3303,月线震荡，中短期走弱,-0.783,-0.5821,0.1125
002795,永和智控,27.63,True,6.36,7.02,0,-0.22,-16.34,-7.84,-9.46,0.0,2026-07-09,2026-07-09,28.38,0.6599,-0.3389,0.5498,0.4604,0.4084,0.0836,0.2561,-0.245,0.3775,月线震荡，中短期走弱,-0.5832,-0.256,-0.0676
600685,中船防务,213.57,True,26.0,26.2,3,3.92,-11.34,-3.36,-0.77,0.0,2026-07-09,2026-07-09,45.56,0.2741,-0.255,0.4267,0.2625,0.7903,0.2889,0.256,-0.5511,0.2244,多周期共振看空 ⬇⬇⬇,-0.2735,-0.6392,-0.3375
002649,博彦科技,43.77,True,8.16,8.4,0,-2.27,-11.56,-6.45,-2.82,0.0,2026-07-09,2026-07-09,38.82,0.5586,-0.105,0.3729,0.4932,0.6404,0.3785,0.256,-0.8123,0.0938,多周期共振看空 ⬇⬇⬇,-0.5515,-0.75,-0.5625
600409,三友化工,115.81,True,5.61,6.3,9,7.81,-11.0,-1.58,-11.0,0.0,2026-07-09,2026-07-09,41.37,0.5215,-0.1078,0.6018,0.4698,0.697,0.0,0.256,-0.5401,0.2299,多周期共振看空 ⬇⬇⬇,-0.3026,-0.5902,-0.3375
002054,德美化工,26.61,True,6.93,7.15,1,1.66,-9.92,-4.88,-3.04,0.0,2026-07-09,2026-07-09,42.17,-0.1511,1.0332,0.4541,0.4,0.7149,0.2431,0.2554,-0.6491,0.1754,多周期共振看空 ⬇⬇⬇,-0.4925,-0.6669,-0.3375
600587,新华医疗,72.25,True,11.91,12.13,2,1.5,-8.0,-3.43,-1.84,0.0,2026-07-09,2026-07-09,49.51,-0.268,0.1804,0.3494,0.2722,0.8781,0.4176,0.2553,-0.781,0.1095,多周期共振看空 ⬇⬇⬇,-0.4714,-0.75,-0.5625
000887,中鼎股份,247.1,True,18.8,19.25,7,8.94,-17.53,-4.54,-2.35,0.0,2026-07-09,2026-07-09,36.13,0.4356,-0.4164,0.79,0.2948,0.5807,0.0,0.2553,-0.1262,0.4369,多周期方向不一致，观望,-0.277,0.0875,-0.405
002613,北玻股份,25.53,True,3.3,4.2,8,15.12,-22.83,-7.57,-21.38,0.0,2026-07-09,2026-07-09,20.0,0.8709,-0.2735,0.8316,0.6132,0.2222,0.0,0.2552,-0.206,0.397,多周期方向不一致，观望,-0.441,-0.1002,-0.4275
601222,林洋能源,111.25,True,5.45,5.65,0,-2.02,-10.2,-6.33,-3.52,0.0,2026-07-09,2026-07-09,24.21,0.7534,-0.5386,0.2443,0.452,0.3158,0.5928,0.255,-0.5368,0.2316,多周期共振看空 ⬇⬇⬇,-0.434,-0.4702,-0.3375
001301,尚太科技,137.0,True,52.74,62.6,11,4.14,-15.76,-1.86,-15.76,0.0,2026-07-09,2026-07-09,32.61,-0.2007,-0.0764,0.7139,0.1694,0.5025,0.0,0.2548,0.164,0.582,上升趋势中的日线回调（关注买点）,-0.2869,0.3472,0.45
603272,*ST联翔,22.9,True,22.1,27.27,1,4.94,-34.3,-19.37,-18.96,0.0,2026-07-09,2026-07-09,27.26,-0.1774,0.5045,0.8254,0.4,0.3836,0.0,0.2548,-0.0619,0.4691,多周期方向不一致，观望,-0.57,-0.121,0.3375
601008,连云港,51.11,True,4.12,4.25,2,1.21,-8.57,-3.86,-2.99,0.0,2026-07-09,2026-07-09,36.78,0.6246,-0.6713,0.3096,0.3748,0.5951,0.4841,0.2547,-0.6636,0.1682,多周期共振看空 ⬇⬇⬇,-0.3575,-0.5895,-0.5625
002067,景兴纸业,54.17,True,4.05,3.97,3,3.38,-16.19,-9.6,2.08,0.0,2026-07-08,2026-07-09,50.27,0.0032,1.3308,0.6868,0.4019,0.8948,0.0,0.2546,-0.6797,0.1602,多周期共振看空 ⬇⬇⬇,-0.4801,-0.5199,-0.5625
002389,航天彩虹,174.89,True,17.76,18.15,1,0.65,-9.0,-4.06,-2.15,0.0,2026-07-09,2026-07-09,41.01,0.3853,-0.2115,0.3639,0.3466,0.6892,0.3935,0.2543,-0.6617,0.1692,多周期共振看空 ⬇⬇⬇,-0.3002,-0.6344,-0.5625
002721,金一文化,59.04,True,2.22,2.3,0,-1.04,-12.95,-7.54,-3.44,0.0,2026-07-09,2026-07-09,38.3,0.0618,0.6014,0.3197,0.4371,0.6288,0.4672,0.2543,-0.7937,0.1032,多周期共振看空 ⬇⬇⬇,-0.547,-0.7131,-0.5625
600071,凤凰光学,44.8,True,15.91,16.88,2,3.55,-9.32,-3.56,-5.76,0.0,2026-07-09,2026-07-09,38.23,0.7387,-0.347,0.3973,0.5044,0.6273,0.3379,0.2541,-0.7971,0.1014,多周期共振看空 ⬇⬇⬇,-0.5791,-0.6929,-0.5625
603011,合锻智能,123.5,True,24.98,32.49,13,36.76,-23.81,8.69,-23.13,0.0,2026-07-09,2026-07-09,18.77,0.4777,-0.5111,0.9838,0.2866,0.195,0.0,0.254,0.3397,0.6699,上升趋势中的日线整理,0.0366,0.401,0.45
002242,九阳股份,60.63,True,7.96,8.25,0,-0.07,-12.8,-4.8,-3.5,0.0,2026-07-09,2026-07-09,38.18,0.5817,-0.5084,0.2728,0.349,0.6263,0.5453,0.2539,-0.7152,0.1424,多周期共振看空 ⬇⬇⬇,-0.5118,-0.5706,-0.5625
002543,万和电气,42.01,True,6.35,6.49,1,1.28,-9.16,-5.38,-2.13,0.0,2026-07-09,2026-07-09,44.87,-0.1305,0.3234,0.3017,0.3294,0.7749,0.4971,0.2534,-0.8278,0.0861,多周期共振看空 ⬇⬇⬇,-0.5914,-0.75,-0.5625
002196,方正电机,57.93,True,11.86,12.7,5,8.18,-15.96,-5.59,-6.64,0.0,2026-07-09,2026-07-09,43.04,0.6814,-0.4705,0.7665,0.4206,0.7341,0.0,0.2532,-0.528,0.236,多周期共振看空 ⬇⬇⬇,-0.5079,-0.3876,-0.3375
600161,天坛生物,233.53,True,11.81,12.1,1,1.01,-9.47,-4.18,-2.38,0.0,2026-07-09,2026-07-09,42.38,0.2681,0.1423,0.3784,0.4178,0.7195,0.3693,0.253,-0.8037,0.0982,多周期共振看空 ⬇⬇⬇,-0.5294,-0.75,-0.5625
002725,跃岭股份,29.08,True,11.68,12.65,0,-2.73,-16.16,-8.58,-7.68,0.0,2026-07-09,2026-07-09,35.43,0.7349,-0.2062,0.5726,0.5585,0.5651,0.0456,0.253,-0.584,0.208,多周期共振看空 ⬇⬇⬇,-0.5101,-0.3512,-0.495
002255,海陆重工,53.72,True,8.42,9.3,8,4.94,-11.26,-2.93,-9.47,0.0,2026-07-09,2026-07-09,36.72,0.6411,0.0663,0.6115,0.6112,0.5938,0.0,0.2529,-0.6672,0.1664,多周期共振看空 ⬇⬇⬇,-0.485,-0.7131,-0.3375
002063,远光软件,90.58,True,5.12,5.18,0,-0.59,-13.58,-6.33,-1.13,0.0,2026-07-09,2026-07-09,43.14,0.2869,-0.1892,0.2775,0.2965,0.7364,0.5374,0.2524,-0.7685,0.1158,多周期共振看空 ⬇⬇⬇,-0.547,-0.6577,-0.5625
002809,红墙股份,12.44,True,7.32,7.91,0,-2.99,-10.64,-7.07,-7.45,0.0,2026-07-09,2026-07-09,34.58,0.7876,-0.2912,0.4173,0.5561,0.5462,0.3045,0.2524,-0.7699,0.115,多周期共振看空 ⬇⬇⬇,-0.6955,-0.5335,-0.5625
600941,中国移动,800.85,True,88.71,89.98,1,0.78,-7.81,-3.72,-1.41,0.0,2026-07-09,2026-07-09,39.68,0.0156,-0.1192,0.1859,0.1616,0.6595,0.6901,0.2522,-0.5849,0.2076,多周期共振看空 ⬇⬇⬇,-0.3448,-0.4275,-0.5625
001325,元创股份,6.8,True,34.68,37.58,1,0.33,-12.56,-4.97,-7.72,0.0,2026-07-09,2026-07-09,29.85,0.4029,-0.4274,0.4264,0.2708,0.4411,0.2893,0.2522,-0.1764,0.4118,周线日线方向不一致,-0.5881,0.0,
600215,派斯林,27.23,True,5.96,6.17,3,10.46,-9.97,-3.41,-3.35,0.0,2026-07-09,2026-07-09,44.37,0.52,-0.0887,0.6163,0.4765,0.7638,0.0,0.2521,-0.6621,0.1689,多周期共振看空 ⬇⬇⬇,-0.2985,-0.6368,-0.5625
002432,九安医疗,271.53,True,58.36,66.54,4,2.06,-17.14,-6.1,-12.29,0.0,2026-07-09,2026-07-09,25.62,0.5106,-0.2242,0.8259,0.4167,0.3471,0.0,0.252,-0.0674,0.4663,月线看多，中短期调整中,-0.579,-0.2748,0.45
600640,国脉文化,80.42,True,10.16,10.25,0,-0.85,-12.18,-6.64,-0.85,0.0,2026-07-09,2026-07-09,41.63,0.2426,-0.1125,0.3261,0.3005,0.7029,0.4566,0.2519,-0.6745,0.1628,多周期共振看空 ⬇⬇⬇,-0.4233,-0.5571,-0.5625
603685,晨丰科技,57.7,True,28.64,29.61,0,-2.04,-10.51,-5.87,-3.28,0.0,2026-07-09,2026-07-09,37.6,-0.0035,-0.2536,0.4539,0.0986,0.6134,0.2434,0.2518,-0.0744,0.4628,月线看多，中短期调整中,-0.412,-0.1813,0.18
002162,悦心健康,32.42,True,3.53,3.55,2,2.56,-7.48,-4.15,-0.55,0.0,2026-07-09,2026-07-09,49.43,0.0571,-0.0572,0.2992,0.2114,0.8761,0.5013,0.2516,-0.7776,0.1112,多周期共振看空 ⬇⬇⬇,-0.5056,-0.7131,-0.5625
600612,老凤祥,107.18,True,33.8,33.91,3,2.07,-7.63,-3.1,-0.34,0.0322,2026-07-09,2026-07-09,45.71,-0.1412,-0.0512,0.2634,0.1795,0.7937,0.561,0.2513,-0.7553,0.1224,多周期共振看空 ⬇⬇⬇,-0.4053,-0.75,-0.5625
600602,云赛智联,183.49,True,17.08,16.77,2,1.87,-15.03,-6.94,1.87,0.0,2026-07-08,2026-07-09,44.23,0.1595,1.5046,0.6432,0.4957,0.7606,0.0,0.2512,-0.6965,0.1517,多周期共振看空 ⬇⬇⬇,-0.538,-0.5071,-0.5625
600721,百花医药,25.19,True,6.55,7.01,4,5.55,-10.95,-3.73,-6.6,0.0,2026-07-09,2026-07-09,38.03,0.8234,-0.7749,0.3969,0.494,0.623,0.3385,0.251,-0.8009,0.0996,多周期共振看空 ⬇⬇⬇,-0.5438,-0.7315,-0.5625
600410,华胜天成,165.02,True,15.05,16.61,2,4.16,-15.15,-8.31,-9.39,0.0,2026-07-09,2026-07-09,33.1,0.5913,0.3147,0.579,0.6807,0.5133,0.035,0.251,-0.7252,0.1374,多周期共振看空 ⬇⬇⬇,-0.765,-0.6006,-0.3375
603969,银龙股份,64.15,True,7.55,7.5,7,6.7,-11.31,-3.97,0.67,0.0289,2026-06-30,2026-07-09,55.02,-0.1291,-0.0642,0.5048,0.1743,0.9996,0.1586,0.2509,-0.6675,0.1663,多周期共振看空 ⬇⬇⬇,-0.2468,-0.6929,-0.5625
600668,尖峰集团,28.82,True,6.98,7.25,5,4.58,-8.95,-3.71,-3.77,0.0,2026-07-09,2026-07-09,48.51,0.2948,0.0837,0.5539,0.4104,0.8559,0.0768,0.2509,-0.7381,0.131,多周期共振看空 ⬇⬇⬇,-0.4172,-0.7021,-0.5625
000408,藏格矿业,1080.03,True,68.84,73.41,4,4.45,-10.41,-3.81,-6.23,0.0,2026-07-09,2026-07-09,37.81,0.2016,0.2042,0.5803,0.4026,0.6179,0.0328,0.2504,-0.4083,0.2959,多周期共振看空 ⬇⬇⬇,-0.2963,-0.4229,-0.2206
000830,鲁西化工,222.41,True,11.68,12.56,7,4.21,-8.33,-1.5,-7.04,0.0,2026-07-09,2026-07-09,43.68,0.4034,-0.0592,0.5641,0.4184,0.7485,0.0599,0.2502,-0.6138,0.1931,多周期共振看空 ⬇⬇⬇,-0.2074,-0.6762,-0.495
603033,三维股份,85.76,True,8.47,9.31,5,9.23,-13.14,-4.55,-9.04,0.0,2026-07-09,2026-07-09,44.92,0.4247,0.1016,0.8337,0.4954,0.7761,0.0,0.2501,-0.7228,0.1386,多周期共振看空 ⬇⬇⬇,-0.7583,-0.3761,-0.5625
002806,华锋股份,28.38,True,16.3,18.99,12,15.7,-14.71,1.41,-14.17,0.0,2026-07-09,2026-07-09,9.74,0.747,-0.6873,0.713,0.4482,0.0,0.0,0.25,0.283,0.6415,上升趋势中的日线回调（关注买点）,-0.2214,0.5787,0.5625
002420,毅昌科技,21.33,True,5.27,5.57,2,4.36,-10.65,-4.39,-5.39,0.0,2026-07-09,2026-07-09,46.35,0.5002,-0.0349,0.5639,0.4862,0.8078,0.0602,0.2499,-0.796,0.102,多周期共振看空 ⬇⬇⬇,-0.5744,-0.6946,-0.5625
600135,乐凯胶片,41.61,True,7.52,8.28,0,-2.68,-13.88,-8.03,-9.19,0.0,2026-07-09,2026-07-09,23.83,0.8424,-0.3584,0.3615,0.5621,0.3073,0.3976,0.2498,-0.5875,0.2062,多周期共振看空 ⬇⬇⬇,-0.6759,-0.3744,-0.3375
002508,老板电器,139.19,True,14.91,15.31,0,-1.28,-9.67,-4.46,-2.61,0.0,2026-07-09,2026-07-09,41.69,0.3857,-0.2406,0.285,0.3352,0.7042,0.525,0.2497,-0.8039,0.0981,多周期共振看空 ⬇⬇⬇,-0.573,-0.7131,-0.5625
001326,联域股份,12.94,True,53.86,63.14,6,10.56,-16.13,-3.92,-14.7,0.0,2026-07-09,2026-07-09,13.47,0.7572,-0.5976,0.6193,0.4543,0.077,0.0,0.2494,0.1757,0.5878,上升趋势中的日线回调（关注买点）,-0.3985,0.482,0.45
603527,众源新材,32.81,True,10.35,12.67,8,9.68,-19.69,-5.11,-18.34,0.0,2026-07-09,2026-07-09,19.69,0.7723,-0.3522,0.7208,0.5225,0.2152,0.0,0.2493,-0.1,0.45,多周期方向不一致，观望,-0.3537,-0.024,-0.1125
600698,湖南天雁,47.75,True,5.75,6.22,3,3.46,-10.61,-4.99,-7.57,0.0,2026-07-09,2026-07-09,25.0,0.7725,-0.1301,0.3301,0.6115,0.3333,0.4498,0.2492,-0.7443,0.1279,多周期共振看空 ⬇⬇⬇,-0.634,-0.5299,-0.5625
001380,华纬科技,36.52,True,15.69,16.26,3,5.3,-11.19,-4.31,-3.48,0.0,2026-07-09,2026-07-09,41.76,0.5863,-0.2546,0.4474,0.45,0.7058,0.2544,0.2491,-0.7775,0.1113,多周期共振看空 ⬇⬇⬇,-0.4623,-0.75,-0.5625
600595,中孚实业,228.45,True,5.7,6.03,0,-1.8,-15.8,-8.35,-5.4,0.0,2026-07-09,2026-07-09,42.97,0.3306,0.0078,0.594,0.4015,0.7326,0.0101,0.249,-0.5377,0.2312,多周期共振看空 ⬇⬇⬇,-0.4461,-0.4618,-0.3375
600038,中直股份,167.23,True,25.0,26.19,3,2.75,-7.66,-3.11,-4.53,0.0,2026-07-09,2026-07-09,30.94,0.7241,-0.31,0.3055,0.5105,0.4654,0.4908,0.2487,-0.7787,0.1107,多周期共振看空 ⬇⬇⬇,-0.4654,-0.75,-0.5625
600679,上海凤凰,30.38,True,8.84,9.07,0,-1.26,-9.33,-5.55,-2.56,0.0,2026-07-09,2026-07-09,44.94,0.5798,-0.6529,0.3284,0.3479,0.7765,0.4526,0.2486,-0.8614,0.0693,多周期共振看空 ⬇⬇⬇,-0.6775,-0.75,-0.5625
002443,金洲管道,49.61,True,9.55,10.52,2,0.56,-15.05,-6.13,-9.22,0.0,2026-07-09,2026-07-09,29.49,0.4747,-0.4019,0.6179,0.324,0.433,0.0,0.2485,-0.0502,0.4749,多周期方向不一致，观望,-0.514,-0.1174,0.3375
601882,海天精工,100.75,True,19.3,20.09,5,5.27,-9.46,-3.48,-3.92,0.0,2026-07-09,2026-07-09,38.01,0.1705,-0.3809,0.568,0.15,0.6223,0.0533,0.2482,-0.0437,0.4782,月线看多，中短期调整中,-0.272,-0.2033,0.2282
002149,西部材料,208.04,True,42.62,51.81,0,-4.18,-21.48,-11.81,-17.73,0.0,2026-07-09,2026-07-09,26.14,0.7071,-0.4976,0.7663,0.4252,0.3586,0.0,0.2481,-0.1258,0.4371,月线看多，中短期调整中,-0.72,-0.1617,0.18
000570,苏常柴Ａ,26.84,True,4.83,4.95,0,-0.77,-10.89,-6.56,-2.39,0.0,2026-07-09,2026-07-09,39.6,-0.202,0.1494,0.2815,0.2598,0.6579,0.5308,0.2479,-0.6463,0.1769,多周期共振看空 ⬇⬇⬇,-0.5425,-0.3929,-0.5625
601311,XD骆驼股,89.04,True,7.59,7.67,1,1.3,-10.15,-3.9,-1.01,0.0,2026-07-09,2026-07-09,45.61,0.3088,-0.4526,0.329,0.2043,0.7914,0.4517,0.2473,-0.6593,0.1704,多周期共振看空 ⬇⬇⬇,-0.4654,-0.4875,-0.5625
002095,生 意 宝,32.17,True,12.78,13.29,2,3.59,-8.6,-3.88,-3.82,0.0,2026-07-09,2026-07-09,43.59,0.5238,-0.2084,0.4494,0.4309,0.7464,0.251,0.2472,-0.808,0.096,多周期共振看空 ⬇⬇⬇,-0.5406,-0.75,-0.5625
605299,舒华体育,51.0,True,12.51,13.97,0,-7.21,-15.17,-10.73,-10.45,0.0,2026-07-09,2026-07-09,8.82,0.6818,-0.6635,0.2483,0.4091,0.0,0.5861,0.2472,-0.1459,0.427,月线看多，中短期调整中,-0.6865,-0.2863,0.18
601798,蓝科高新,24.21,True,6.83,7.26,2,2.68,-10.62,-5.41,-5.88,0.0,2026-07-09,2026-07-09,44.31,0.7625,-0.5775,0.4643,0.4575,0.7624,0.2262,0.2471,-0.8509,0.0746,多周期共振看空 ⬇⬇⬇,-0.6829,-0.7223,-0.5625
002365,永安药业,24.73,True,10.08,10.71,3,1.01,-8.51,-4.37,-5.92,0.0,2026-07-09,2026-07-09,43.12,0.2766,0.1966,0.463,0.4446,0.7361,0.2283,0.2471,-0.8008,0.0996,多周期共振看空 ⬇⬇⬇,-0.5222,-0.75,-0.5625
605088,冠盛股份,60.04,True,29.84,30.33,3,2.0,-12.91,-5.54,-1.61,0.0,2026-07-09,2026-07-09,50.48,-0.1878,-0.1089,0.4204,0.1565,0.8995,0.2993,0.2466,-0.596,0.202,多周期共振看空 ⬇⬇⬇,-0.3935,-0.4102,-0.5625
000059,华锦股份,64.3,True,4.02,4.08,2,3.82,-11.34,-5.86,-1.36,0.0,2026-07-09,2026-07-09,50.0,0.1634,0.0048,0.492,0.3,0.8889,0.1801,0.2466,-0.718,0.141,多周期共振看空 ⬇⬇⬇,-0.4819,-0.67,-0.495
000153,丰原药业,24.0,True,5.23,5.29,2,2.46,-6.9,-2.83,-1.12,0.0049,2026-07-09,2026-07-09,48.28,-0.1556,0.0542,0.3441,0.2217,0.8506,0.4264,0.2465,-0.7562,0.1219,多周期共振看空 ⬇⬇⬇,-0.44,-0.7223,-0.5625
603106,恒银科技,34.93,True,6.71,7.22,4,8.16,-11.46,-3.94,-7.01,0.0,2026-07-09,2026-07-09,44.54,0.6549,-0.0043,0.6079,0.5912,0.7675,0.0,0.2465,-0.8947,0.0526,多周期共振看空 ⬇⬇⬇,-0.7629,-0.75,-0.5625
603088,宁波精达,40.77,True,9.31,9.98,4,1.6,-10.51,-3.47,-6.72,0.0,2026-07-09,2026-07-09,30.77,0.4274,0.1276,0.4465,0.5075,0.4615,0.2558,0.2464,-0.5994,0.2003,多周期共振看空 ⬇⬇⬇,-0.5407,-0.5164,-0.3375
002895,川恒股份,172.67,True,28.8,30.7,2,2.94,-9.94,-3.64,-6.19,0.0,2026-07-09,2026-07-09,48.73,0.4374,-0.3986,0.6533,0.303,0.8607,0.0,0.2455,-0.5538,0.2231,多周期共振看空 ⬇⬇⬇,-0.4338,-0.5079,-0.3375
000768,中航西飞,557.78,True,20.09,20.61,3,5.07,-9.36,-2.5,-2.54,0.0,2026-07-09,2026-07-09,46.22,0.5325,-0.3888,0.5234,0.364,0.8049,0.1276,0.2452,-0.689,0.1555,多周期共振看空 ⬇⬇⬇,-0.2784,-0.7131,-0.5625
000715,中兴商业,22.57,True,4.64,4.76,1,0.89,-7.12,-3.29,-2.6,0.0,2026-07-09,2026-07-09,45.83,0.4251,-0.5603,0.3587,0.2551,0.7963,0.4021,0.2451,-0.7244,0.1378,多周期共振看空 ⬇⬇⬇,-0.3584,-0.7223,-0.5625
603816,XD顾家家,179.57,True,22.11,22.5,0,-0.93,-14.95,-8.94,-1.72,0.0,2026-07-09,2026-07-09,45.74,-0.4741,0.0368,0.2891,0.2147,0.7943,0.5182,0.2446,-0.7546,0.1227,多周期共振看空 ⬇⬇⬇,-0.547,-0.6946,-0.495
603197,保隆科技,58.53,True,27.72,28.56,3,5.2,-12.57,-4.68,-2.95,0.0,2026-07-09,2026-07-09,40.12,0.2821,-0.087,0.36,0.3345,0.6694,0.4,0.2445,-0.7024,0.1488,多周期共振看空 ⬇⬇⬇,-0.5076,-0.5461,-0.5625
002201,九鼎新材,52.38,True,8.7,11.13,9,16.87,-23.24,-2.53,-21.83,0.0,2026-07-09,2026-07-09,23.26,0.8722,-0.0565,0.8195,0.7007,0.2947,0.0,0.2445,-0.5185,0.2408,多周期共振看空 ⬇⬇⬇,-0.4578,-0.4097,-0.3375
605123,派克新材,110.27,True,91.0,97.15,4,4.32,-12.4,-4.12,-6.33,0.0,2026-07-09,2026-07-09,34.01,0.7161,-0.3752,0.579,0.4796,0.5335,0.035,0.2444,-0.4804,0.2598,多周期共振看空 ⬇⬇⬇,-0.4712,-0.3144,-0.3375
002112,三变科技,39.81,True,15.19,16.68,2,3.46,-11.92,-5.35,-8.91,0.0,2026-07-09,2026-07-09,27.26,0.7045,-0.112,0.4434,0.5779,0.3835,0.2609,0.2443,-0.6389,0.1805,多周期共振看空 ⬇⬇⬇,-0.59,-0.561,-0.3375
002006,精工科技,75.79,True,14.58,14.71,5,5.25,-14.03,-5.47,-0.89,0.0,2026-07-09,2026-07-09,48.55,0.2279,-0.0328,0.473,0.3236,0.8568,0.2117,0.2443,-0.7611,0.1195,多周期共振看空 ⬇⬇⬇,-0.487,-0.6929,-0.5625
002766,索菱股份,29.82,True,3.48,3.74,0,-3.65,-16.2,-11.74,-6.86,0.0,2026-07-09,2026-07-09,30.3,0.6751,-0.3354,0.3067,0.4709,0.4512,0.4889,0.2442,-0.7324,0.1338,多周期共振看空 ⬇⬇⬇,-0.6115,-0.523,-0.5625
603048,浙江黎明,26.66,True,18.15,18.82,1,0.52,-9.39,-4.7,-3.56,0.0,2026-07-09,2026-07-09,36.47,0.4292,-0.8801,0.3602,0.2575,0.5882,0.3997,0.2442,-0.4838,0.2581,多周期共振看空 ⬇⬇⬇,-0.3906,-0.3909,-0.3375
605005,合兴股份,61.79,True,15.41,15.92,3,2.42,-10.2,-2.75,-3.19,0.0,2026-07-09,2026-07-09,34.97,0.481,-0.3683,0.2645,0.3413,0.5548,0.5592,0.2439,-0.708,0.146,多周期共振看空 ⬇⬇⬇,-0.4693,-0.5913,-0.5625
603899,晨光股份,195.8,True,21.38,21.47,3,2.29,-6.62,-2.16,-0.43,0.0561,2026-07-09,2026-07-09,50.96,-0.1114,-0.4709,0.2707,0.0116,0.9102,0.5489,0.2438,-0.7345,0.1327,多周期共振看空 ⬇⬇⬇,-0.352,-0.75,-0.5625
600666,奥瑞德,89.08,True,3.56,4.19,3,4.94,-18.21,-8.17,-15.13,0.0,2026-07-09,2026-07-09,22.35,0.6965,-0.2509,0.5133,0.5175,0.2744,0.1445,0.2438,-0.3223,0.3388,月线震荡，中短期走弱,-0.7417,-0.3325,-0.1151
003011,海象新材,14.22,True,18.5,19.1,2,8.0,-12.22,-5.79,-3.13,0.0,2026-07-09,2026-07-09,41.76,0.6091,-0.4251,0.7323,0.3955,0.7057,0.0,0.2438,-0.5293,0.2354,多周期共振看空 ⬇⬇⬇,-0.4027,-0.4807,-0.3375
603356,华菱精工,22.08,True,16.56,17.58,6,5.86,-9.47,-3.02,-5.8,0.0,2026-07-09,2026-07-09,43.26,-0.0254,-0.087,0.8439,0.1652,0.739,0.0,0.2434,-0.204,0.398,月线震荡，中短期走弱,-0.3629,-0.3037,-0.071
002705,新宝股份,89.16,True,11.04,11.36,2,1.67,-8.62,-4.1,-2.8,0.0,2026-07-09,2026-07-09,43.84,0.0573,-0.1953,0.2744,0.1563,0.7519,0.5426,0.2434,-0.6396,0.1802,多周期共振看空 ⬇⬇⬇,-0.4983,-0.416,-0.5625
002943,宇晶股份,80.6,True,42.68,48.2,0,-4.56,-18.24,-11.32,-11.45,0.0,2026-07-09,2026-07-09,36.38,-0.0784,0.1227,0.888,0.2491,0.5862,0.0,0.2433,-0.1552,0.4224,多周期方向不一致，观望,-0.6227,-0.129,-0.0196
000949,新乡化纤,94.42,True,5.7,6.51,6,7.46,-15.76,-3.95,-12.46,0.0,2026-07-09,2026-07-09,38.48,-0.2074,0.7118,0.6931,0.4,0.633,0.0,0.2433,-0.4534,0.2733,多周期共振看空 ⬇⬇⬇,-0.4919,-0.3048,-0.27
600580,卧龙电驱,517.13,True,33.2,34.57,3,7.92,-14.3,-6.74,-3.97,0.0,2026-07-09,2026-07-09,40.36,0.4691,-0.0815,0.6437,0.4489,0.6747,0.0,0.2431,-0.5828,0.2086,多周期共振看空 ⬇⬇⬇,-0.3931,-0.3815,-0.5625
603628,清源股份,24.8,True,9.11,9.69,0,-2.74,-8.81,-6.02,-5.95,0.0,2026-07-09,2026-07-09,27.93,0.7041,-0.2839,0.2208,0.5089,0.3985,0.6319,0.243,-0.8541,0.073,多周期共振看空 ⬇⬇⬇,-0.691,-0.7223,-0.5625
605277,新亚电子,61.85,True,16.2,17.96,6,5.98,-11.31,-3.23,-9.81,0.0,2026-07-09,2026-07-09,36.65,0.8148,-0.4132,0.6134,0.5236,0.5921,0.0,0.243,-0.6046,0.1977,多周期共振看空 ⬇⬇⬇,-0.4516,-0.3793,-0.5625
002969,嘉美包装,140.36,True,12.85,14.44,0,-6.12,-24.24,-13.02,-11.0,0.0,2026-07-09,2026-07-09,18.74,0.603,2.5242,0.5157,0.7618,0.1941,0.1405,0.2428,-0.6221,0.189,多周期共振看空 ⬇⬇⬇,-0.4557,-0.6392,-0.3375
600831,广电网络,21.68,True,3.05,3.11,0,-1.75,-14.18,-8.84,-1.93,0.0,2026-07-09,2026-07-09,47.89,0.1415,-0.3134,0.2998,0.1596,0.8419,0.5004,0.2427,-0.7246,0.1377,多周期共振看空 ⬇⬇⬇,-0.5245,-0.5805,-0.5625
600570,恒生电子,400.51,True,21.15,21.76,2,0.99,-13.89,-5.45,-2.78,0.0,2026-07-09,2026-07-09,43.02,0.4171,-0.0583,0.4973,0.4269,0.7338,0.1712,0.2424,-0.7612,0.1194,多周期共振看空 ⬇⬇⬇,-0.4637,-0.7131,-0.5625
603206,嘉环科技,42.88,True,14.05,16.67,8,7.24,-16.49,-4.12,-15.74,0.0,2026-07-09,2026-07-09,15.93,0.8415,0.0388,0.5272,0.7204,0.1317,0.1214,0.2423,-0.4691,0.2654,多周期共振看空 ⬇⬇⬇,-0.3397,-0.2448,-0.495
603289,泰瑞机器,24.15,True,8.23,8.53,0,-3.34,-14.72,-9.99,-3.55,0.0,2026-07-09,2026-07-09,30.74,0.4854,-0.138,0.3604,0.436,0.4608,0.3993,0.2422,-0.6322,0.1839,多周期共振看空 ⬇⬇⬇,-0.5515,-0.4217,-0.495
000553,安道麦A,126.05,True,5.79,5.8,2,1.44,-10.18,-3.82,-0.11,0.0,2026-07-09,2026-07-09,50.3,-0.2106,-0.4516,0.3686,0.0194,0.8956,0.3857,0.2422,-0.4766,0.2617,多周期共振看空 ⬇⬇⬇,-0.2303,-0.2875,-0.5625
001207,联科科技,47.11,True,16.1,16.16,1,0.25,-14.49,-8.31,-0.35,0.0,2026-07-09,2026-07-09,43.25,-0.0624,0.7144,0.56,0.4,0.7388,0.0666,0.2421,-0.6427,0.1786,多周期共振看空 ⬇⬇⬇,-0.5515,-0.6023,-0.3375
605365,立达信,68.52,True,13.65,14.71,0,-2.51,-16.27,-8.46,-7.22,0.0,2026-07-09,2026-07-09,32.64,0.5644,-0.4408,0.3299,0.3623,0.503,0.4502,0.2421,-0.607,0.1965,多周期共振看空 ⬇⬇⬇,-0.6955,-0.4679,-0.27
603192,汇得科技,23.62,True,16.94,17.86,0,-1.1,-10.71,-5.85,-5.16,0.0,2026-07-09,2026-07-09,39.22,-0.4195,1.1144,0.3325,0.4,0.6493,0.4458,0.242,-0.8398,0.0801,多周期共振看空 ⬇⬇⬇,-0.622,-0.75,-0.5625
601500,通用股份,59.84,True,3.78,3.83,3,2.02,-8.88,-4.69,-1.33,0.0,2026-07-09,2026-07-09,51.35,-0.037,-0.2904,0.2921,0.0838,0.9189,0.5131,0.2414,-0.7162,0.1419,多周期共振看空 ⬇⬇⬇,-0.4931,-0.589,-0.5625
603008,ST喜临门,29.43,True,7.99,8.53,7,5.07,-10.3,-3.16,-6.37,0.0,2026-07-09,2026-07-09,32.46,0.8051,-0.4878,0.365,0.488,0.499,0.3917,0.2406,-0.7685,0.1158,多周期共振看空 ⬇⬇⬇,-0.45,-0.7408,-0.5625
002900,哈三联,15.32,True,9.51,9.78,3,2.0,-7.58,-2.96,-2.72,0.0,2026-07-09,2026-07-09,44.83,0.2036,-0.0157,0.447,0.3159,0.7739,0.255,0.2406,-0.7135,0.1432,多周期共振看空 ⬇⬇⬇,-0.2983,-0.75,-0.5625
000546,金圆股份,31.63,True,4.54,5.07,2,3.52,-12.73,-5.49,-10.44,0.0,2026-07-09,2026-07-09,35.32,0.6535,-0.2515,0.5525,0.4915,0.5627,0.0792,0.2405,-0.6012,0.1994,多周期共振看空 ⬇⬇⬇,-0.6559,-0.4217,-0.3375
600536,中国软件,241.29,True,28.6,28.96,0,-1.24,-20.12,-11.54,-1.24,0.0,2026-07-09,2026-07-09,47.06,-0.0617,0.7414,0.5304,0.4,0.8235,0.1159,0.2404,-0.7978,0.1011,多周期共振看空 ⬇⬇⬇,-0.6025,-0.6744,-0.5625
600839,四川长虹,304.59,True,6.6,6.77,4,2.03,-12.36,-4.42,-2.55,0.0,2026-07-09,2026-07-09,45.71,0.2541,0.0066,0.4388,0.3551,0.7937,0.2686,0.2404,-0.8121,0.0939,多周期共振看空 ⬇⬇⬇,-0.5942,-0.7131,-0.5625
003025,思进智能,28.48,True,12.58,15.08,10,13.85,-16.55,-1.16,-16.55,0.0,2026-07-09,2026-07-09,19.89,0.718,-0.4283,0.5561,0.4595,0.2198,0.0731,0.2404,-0.1342,0.4329,多周期方向不一致，观望,-0.2718,0.0258,-0.3825
600789,鲁抗医药,68.3,True,6.76,7.03,1,2.25,-10.23,-4.62,-3.87,0.0,2026-07-09,2026-07-09,43.51,-0.1461,0.7296,0.5301,0.4,0.7447,0.1164,0.2403,-0.7043,0.1478,多周期共振看空 ⬇⬇⬇,-0.4995,-0.5573,-0.5625
603039,泛微网络,106.87,True,34.74,38.19,6,20.18,-19.96,-3.46,-9.03,0.0,2026-07-09,2026-07-09,34.43,0.7604,-0.4535,0.6878,0.4749,0.5428,0.0,0.2402,-0.4899,0.255,多周期共振看空 ⬇⬇⬇,-0.2534,-0.297,-0.5625
603567,珍宝岛,43.4,True,4.62,4.91,0,-5.87,-29.57,-17.08,-5.87,0.0,2026-07-09,2026-07-09,48.47,-0.6964,0.5848,0.7582,0.4,0.8549,0.0,0.2401,-0.7447,0.1276,多周期共振看空 ⬇⬇⬇,-0.511,-0.6363,-0.5625
002238,天威视讯,43.82,True,5.46,5.68,0,-2.71,-11.13,-7.49,-3.86,0.0,2026-07-09,2026-07-09,37.58,0.035,0.3912,0.3259,0.3775,0.613,0.4568,0.2401,-0.7844,0.1078,多周期共振看空 ⬇⬇⬇,-0.48,-0.75,-0.5625
002090,金智科技,35.72,True,8.97,9.2,2,3.02,-12.78,-6.04,-2.52,0.0,2026-07-09,2026-07-09,46.28,0.2535,0.1061,0.5049,0.3945,0.8062,0.1585,0.2401,-0.8047,0.0977,多周期共振看空 ⬇⬇⬇,-0.5861,-0.7038,-0.5625
603232,格尔软件,33.58,True,14.52,15.48,0,-6.17,-18.64,-12.62,-6.17,0.0,2026-07-09,2026-07-09,35.51,0.7366,-0.4972,0.4918,0.4431,0.5668,0.1804,0.24,-0.613,0.1935,多周期共振看空 ⬇⬇⬇,-0.438,-0.4768,-0.495
603901,永创智能,55.32,True,10.2,10.7,5,8.06,-9.12,-3.14,-4.63,0.0,2026-07-09,2026-07-09,43.13,0.3332,-0.1649,0.4676,0.3339,0.7362,0.2207,0.2399,-0.6751,0.1624,多周期共振看空 ⬇⬇⬇,-0.3883,-0.656,-0.495
000635,英 力 特,21.79,True,5.94,6.43,0,-1.19,-9.88,-5.92,-7.59,0.0,2026-07-09,2026-07-09,29.66,0.7915,-0.2328,0.4115,0.5818,0.4368,0.3142,0.2399,-0.7874,0.1063,多周期共振看空 ⬇⬇⬇,-0.4985,-0.7408,-0.5625
603861,白云电器,71.41,True,13.51,14.18,3,7.44,-19.52,-8.55,-4.71,0.0,2026-07-09,2026-07-09,40.68,0.3272,0.042,1.0371,0.4131,0.6818,0.0,0.2398,-0.5608,0.2196,多周期共振看空 ⬇⬇⬇,-0.4016,-0.5637,-0.3247
000727,冠捷科技,105.09,True,2.32,2.62,3,3.12,-12.22,-5.77,-11.45,0.0,2026-07-09,2026-07-09,25.29,0.7455,-0.7465,0.6612,0.4473,0.3397,0.0,0.2397,-0.2057,0.3972,多周期方向不一致，观望,-0.5177,-0.1454,-0.315
002391,长青股份,23.03,True,5.07,5.13,2,2.44,-7.08,-3.05,-1.09,0.0,2026-07-09,2026-07-09,49.57,-0.1996,-0.3236,0.2861,0.0706,0.8794,0.5232,0.2396,-0.67,0.165,多周期共振看空 ⬇⬇⬇,-0.4412,-0.5994,-0.495
002817,黄山胶囊,17.26,True,5.95,6.16,1,0.0,-9.78,-6.25,-3.42,0.0,2026-07-09,2026-07-09,43.68,-0.4682,0.2331,0.3464,0.2933,0.7484,0.4226,0.2396,-0.7886,0.1057,多周期共振看空 ⬇⬇⬇,-0.622,-0.6375,-0.5625
002465,海格通信,308.99,True,12.47,12.94,0,-3.0,-14.61,-9.8,-3.62,0.0,2026-07-09,2026-07-09,38.07,0.5135,-0.6284,0.4795,0.3081,0.6237,0.2009,0.2395,-0.4863,0.2569,多周期共振看空 ⬇⬇⬇,-0.3596,-0.423,-0.3375
603059,倍加洁,24.09,True,23.98,25.42,2,0.87,-8.42,-4.41,-5.67,0.0,2026-07-09,2026-07-09,36.48,0.461,-0.1732,0.3731,0.4073,0.5885,0.3782,0.2394,-0.745,0.1275,多周期共振看空 ⬇⬇⬇,-0.5438,-0.6762,-0.495
603758,秦安股份,42.12,True,9.6,9.78,4,5.11,-13.36,-6.48,-1.81,0.0,2026-07-09,2026-07-09,46.11,0.0774,0.3687,0.5012,0.3939,0.8024,0.1647,0.2393,-0.8108,0.0946,多周期共振看空 ⬇⬇⬇,-0.58,-0.7223,-0.5625
603058,永吉股份,35.45,True,8.55,9.23,2,0.22,-9.37,-5.13,-7.4,0.0,2026-07-09,2026-07-09,35.74,0.7779,-0.5899,0.4508,0.4667,0.572,0.2487,0.2392,-0.7186,0.1407,多周期共振看空 ⬇⬇⬇,-0.6923,-0.6485,-0.3375
002442,龙星科技,23.94,True,4.87,5.24,3,2.97,-17.02,-7.13,-7.08,0.0,2026-07-09,2026-07-09,36.91,0.8408,-0.3092,0.6507,0.5808,0.598,0.0,0.2392,-0.7333,0.1334,多周期共振看空 ⬇⬇⬇,-0.5247,-0.5994,-0.5625
000697,炼石航空,59.3,True,9.08,10.48,2,2.34,-13.58,-6.68,-13.37,0.0,2026-07-09,2026-07-09,3.82,0.7059,-0.2401,0.4955,0.5275,0.0,0.1741,0.2392,-0.0697,0.4652,月线看多，中短期调整中,-0.7235,-0.1617,0.45
601012,隆基绿能,896.48,True,11.83,12.79,2,0.79,-10.36,-4.46,-7.52,0.0,2026-07-09,2026-07-09,35.36,0.6998,-0.4236,0.3219,0.4504,0.5636,0.4635,0.2391,-0.8547,0.0726,多周期共振看空 ⬇⬇⬇,-0.6604,-0.75,-0.5625
600589,大位科技,130.7,True,8.84,9.74,2,4.51,-17.22,-6.64,-9.24,0.0,2026-07-09,2026-07-09,36.44,0.6759,-0.3129,0.6946,0.4804,0.5875,0.0,0.2391,-0.5608,0.2196,多周期共振看空 ⬇⬇⬇,-0.5293,-0.4413,-0.3375
600104,上汽集团,1139.18,True,9.91,10.23,0,-1.54,-12.06,-7.87,-3.13,0.0,2026-07-09,2026-07-09,34.81,0.3878,-0.1704,0.2182,0.3645,0.5513,0.6364,0.239,-0.8415,0.0792,多周期共振看空 ⬇⬇⬇,-0.6265,-0.75,-0.5625
601890,亚星锚链,77.14,True,8.04,8.48,2,0.61,-9.65,-3.86,-5.14,0.0,2026-07-09,2026-07-09,34.72,0.4582,-0.1372,0.3741,0.42,0.5494,0.3765,0.2389,-0.721,0.1395,多周期共振看空 ⬇⬇⬇,-0.5146,-0.6485,-0.495
605066,天正电气,31.95,True,6.36,6.82,6,5.07,-13.84,-3.03,-6.73,0.0,2026-07-09,2026-07-09,32.08,0.7155,-0.3833,0.4766,0.476,0.4907,0.2057,0.2388,-0.6046,0.1977,多周期共振看空 ⬇⬇⬇,-0.3676,-0.6762,-0.3375
001328,登康口腔,42.05,True,26.0,27.32,4,4.93,-11.87,-3.62,-4.84,0.0,2026-07-09,2026-07-09,41.84,-0.1335,0.3766,0.4542,0.3506,0.7076,0.243,0.2387,-0.6947,0.1527,多周期共振看空 ⬇⬇⬇,-0.3085,-0.6998,-0.5625
002545,东方铁塔,187.72,True,16.61,18.17,0,-1.94,-15.81,-9.39,-8.61,0.0,2026-07-09,2026-07-09,38.35,0.1245,0.5482,0.5984,0.4747,0.6299,0.0026,0.2384,-0.6101,0.195,多周期共振看空 ⬇⬇⬇,-0.5545,-0.5282,-0.3375
603158,腾龙股份,55.6,True,11.33,12.38,1,2.31,-15.3,-9.78,-8.52,0.0,2026-07-09,2026-07-09,25.5,0.4809,-0.5734,0.552,0.2885,0.3444,0.08,0.2383,-0.0323,0.4839,月线看多，中短期调整中,-0.5142,-0.1629,0.45
002637,赞宇科技,48.22,True,10.37,11.13,4,7.27,-10.53,-3.7,-6.82,0.0,2026-07-09,2026-07-09,45.48,0.4655,-0.5494,0.6136,0.2793,0.7885,0.0,0.2382,-0.4873,0.2563,多周期共振看空 ⬇⬇⬇,-0.3697,-0.4167,-0.3375
600741,华域汽车,497.82,True,15.79,16.21,1,0.82,-6.13,-2.35,-2.61,0.0,2026-07-09,2026-07-09,41.95,0.1072,-0.0817,0.295,0.2317,0.7099,0.5084,0.238,-0.7255,0.1372,多周期共振看空 ⬇⬇⬇,-0.4495,-0.6467,-0.5625
601360,三六零,618.76,True,8.84,8.92,0,-0.94,-11.94,-6.43,-0.94,0.0,2026-07-09,2026-07-09,40.22,-0.0812,0.4354,0.3973,0.3741,0.6716,0.3378,0.2379,-0.7717,0.1141,多周期共振看空 ⬇⬇⬇,-0.607,-0.6132,-0.5625
000816,智慧农业,34.12,True,2.37,2.41,2,1.11,-10.29,-5.08,-1.84,0.0,2026-07-09,2026-07-09,47.69,0.2924,-0.3866,0.3596,0.2208,0.8376,0.4007,0.2379,-0.7758,0.1121,多周期共振看空 ⬇⬇⬇,-0.4686,-0.7408,-0.5625
000868,安凯客车,31.56,True,3.36,3.5,0,-2.73,-10.45,-5.88,-3.96,0.0,2026-07-09,2026-07-09,34.25,0.5211,-0.223,0.31,0.4235,0.5388,0.4834,0.2378,-0.8088,0.0956,多周期共振看空 ⬇⬇⬇,-0.5425,-0.75,-0.5625
002722,物产金轮,26.79,True,12.05,12.17,1,0.67,-9.78,-5.27,-0.99,0.0,2026-07-09,2026-07-09,44.81,-0.3868,-0.0505,0.2803,0.1798,0.7737,0.5328,0.2375,-0.742,0.129,多周期共振看空 ⬇⬇⬇,-0.504,-0.6363,-0.5625
603180,金牌家居,21.81,True,14.14,14.78,2,2.73,-11.73,-6.89,-4.33,0.0,2026-07-09,2026-07-09,45.03,0.6949,-0.2944,0.6413,0.4992,0.7785,0.0,0.2374,-0.8338,0.0831,多周期共振看空 ⬇⬇⬇,-0.6175,-0.7408,-0.5625
603161,科华控股,24.38,True,12.78,14.02,11,8.28,-8.83,-0.41,-8.83,0.0,2026-07-09,2026-07-09,33.65,0.571,-0.4782,0.424,0.3513,0.5256,0.2933,0.2373,-0.5289,0.2355,多周期共振看空 ⬇⬇⬇,-0.3433,-0.5306,-0.3375
002729,好利科技,25.6,True,14.59,17.77,6,8.91,-19.6,-5.92,-17.89,0.0,2026-07-09,2026-07-09,39.25,-0.1386,0.5015,0.7388,0.4,0.65,0.0,0.2372,-0.5221,0.2389,多周期共振看空 ⬇⬇⬇,-0.623,-0.276,-0.3375
002198,ST嘉应,16.85,True,3.32,3.32,3,2.99,-16.71,-7.56,-0.05,0.0,2026-07-09,2026-07-09,49.71,-0.0033,0.6598,0.6183,0.4,0.8825,0.0,0.2372,-0.8013,0.0993,多周期共振看空 ⬇⬇⬇,-0.5988,-0.6854,-0.5625
002942,新农股份,19.65,True,14.16,15.22,0,-0.72,-9.17,-5.74,-6.96,0.0,2026-07-09,2026-07-09,35.87,-0.5383,0.6765,0.3355,0.4,0.5748,0.4408,0.2371,-0.7856,0.1072,多周期共振看空 ⬇⬇⬇,-0.6265,-0.6946,-0.495
002232,启明信息,58.1,True,14.22,14.52,3,1.25,-9.79,-4.75,-2.05,0.0,2026-07-09,2026-07-09,42.55,0.0653,0.4705,0.4955,0.4274,0.7233,0.1742,0.2371,-0.7946,0.1027,多周期共振看空 ⬇⬇⬇,-0.5944,-0.6744,-0.5625
603778,国晟科技,70.84,True,11.02,13.74,1,0.34,-30.54,-18.46,-19.78,0.0,2026-07-09,2026-07-09,24.87,0.0034,1.2225,0.8579,0.402,0.3305,0.0,0.237,-0.1436,0.4282,月线看多，中短期调整中,-0.5615,-0.3823,0.18
002031,巨轮智能,103.91,True,5.43,5.72,2,5.23,-16.91,-7.16,-5.15,0.0,2026-07-09,2026-07-09,46.37,0.5488,-0.599,0.8368,0.3293,0.8081,0.0,0.237,-0.6005,0.1997,多周期共振看空 ⬇⬇⬇,-0.3753,-0.4357,-0.5625
603085,天成自控,42.85,True,10.79,11.29,0,-1.48,-14.87,-8.0,-4.45,0.0,2026-07-09,2026-07-09,29.62,0.656,-0.4504,0.5296,0.4134,0.4359,0.1174,0.2369,-0.3836,0.3082,多周期共振看空 ⬇⬇⬇,-0.4398,-0.1961,-0.27
000737,北方铜业,236.92,True,12.44,13.76,8,10.62,-9.96,-2.22,-9.62,0.0,2026-07-09,2026-07-09,25.32,0.8166,-0.1195,0.6708,0.6422,0.3405,0.0,0.2366,-0.5434,0.2283,多周期共振看空 ⬇⬇⬇,-0.3183,-0.4265,-0.495
603210,泰鸿万立,30.48,True,13.1,13.81,3,1.08,-8.22,-2.46,-5.13,0.0,2026-07-09,2026-07-09,46.89,0.5034,-0.7588,0.4703,0.3021,0.8198,0.2162,0.2366,-0.7475,0.1262,多周期共振看空 ⬇⬇⬇,-0.3853,-0.75,-0.5625
002952,亚世光电,26.22,True,19.92,22.21,0,-3.95,-14.99,-9.14,-10.32,0.0,2026-07-09,2026-07-09,29.25,0.6779,-0.4742,0.4602,0.4171,0.4278,0.233,0.2364,-0.4762,0.2619,多周期共振看空 ⬇⬇⬇,-0.6391,-0.2287,-0.27
603599,广信股份,86.29,True,9.48,10.26,1,0.9,-10.08,-5.09,-7.6,0.0,2026-07-09,2026-07-09,35.44,0.51,-0.2004,0.4474,0.4259,0.5654,0.2543,0.236,-0.6749,0.1625,多周期共振看空 ⬇⬇⬇,-0.6037,-0.6283,-0.3375
600375,汉马科技,55.87,True,3.82,3.88,2,1.73,-11.64,-5.26,-1.61,0.0,2026-07-09,2026-07-09,41.84,0.3646,0.0915,0.5207,0.4554,0.7075,0.1322,0.236,-0.7955,0.1023,多周期共振看空 ⬇⬇⬇,-0.5409,-0.7223,-0.5625
601567,三星电气,189.7,True,13.5,14.71,1,4.45,-15.19,-5.09,-8.25,0.0,2026-07-09,2026-07-09,36.66,0.6152,-0.0208,0.5319,0.5608,0.5925,0.1135,0.236,-0.8113,0.0943,多周期共振看空 ⬇⬇⬇,-0.646,-0.6669,-0.5625
600131,国网信通,171.85,True,14.37,14.86,0,-1.62,-14.14,-6.64,-3.28,0.0,2026-07-09,2026-07-09,42.37,0.415,-0.336,0.4109,0.3146,0.7194,0.3152,0.2358,-0.732,0.134,多周期共振看空 ⬇⬇⬇,-0.532,-0.6577,-0.495
603337,杰克科技,175.52,True,37.05,39.19,8,7.17,-8.38,-1.76,-5.45,0.0,2026-07-09,2026-07-09,35.07,0.4949,-0.1883,0.6121,0.4216,0.557,0.0,0.2357,-0.4574,0.2713,多周期共振看空 ⬇⬇⬇,-0.334,-0.1564,-0.5625
603439,三力制药,49.47,True,12.25,13.97,6,5.36,-15.71,-5.4,-12.3,0.0,2026-07-09,2026-07-09,17.83,0.6079,-0.5894,0.5381,0.3647,0.174,0.1032,0.2357,0.0107,0.5053,多周期方向不一致，观望,-0.5885,0.4063,0.1452
002733,雄韬股份,85.02,True,23.05,31.2,11,20.18,-26.12,-2.79,-26.12,0.0,2026-07-09,2026-07-09,19.16,0.3902,-0.1414,0.8919,0.3776,0.2036,0.0,0.2356,0.0364,0.5182,多周期方向不一致，观望,-0.3532,0.0129,0.45
003015,日久光电,28.89,True,11.68,12.37,5,4.18,-8.65,-2.56,-5.56,0.0,2026-07-09,2026-07-09,39.32,0.4293,-0.0556,0.4887,0.4353,0.6516,0.1856,0.2355,-0.7431,0.1285,多周期共振看空 ⬇⬇⬇,-0.4171,-0.7131,-0.5625
603076,乐惠国际,24.9,True,20.63,21.47,0,-0.42,-12.37,-7.44,-3.9,0.0,2026-07-09,2026-07-09,38.99,0.2736,-0.3245,0.399,0.2344,0.6443,0.335,0.2354,-0.5331,0.2334,多周期共振看空 ⬇⬇⬇,-0.6175,-0.3048,-0.3375
002868,绿康生化,25.2,True,23.55,24.6,3,5.66,-19.57,-9.03,-4.26,0.0,2026-07-09,2026-07-09,44.77,-0.0387,0.3822,0.6859,0.3529,0.7727,0.0,0.2354,-0.6083,0.1959,多周期共振看空 ⬇⬇⬇,-0.4309,-0.63,-0.3375
002489,浙江永强,52.42,True,2.74,2.92,0,-6.29,-17.75,-12.18,-6.29,0.0,2026-07-09,2026-07-09,27.94,0.7379,-0.5673,0.3132,0.4427,0.3987,0.4779,0.2353,-0.687,0.1565,多周期共振看空 ⬇⬇⬇,-0.484,-0.5325,-0.5625
600481,双良节能,89.38,True,4.33,4.76,3,5.39,-21.3,-8.72,-9.0,0.0,2026-07-09,2026-07-09,40.81,0.6731,-0.3076,0.6452,0.4808,0.6846,0.0,0.2352,-0.7095,0.1452,多周期共振看空 ⬇⬇⬇,-0.6452,-0.5114,-0.495
002671,龙泉股份,20.84,True,3.78,3.87,0,-1.67,-9.17,-6.17,-2.38,0.0,2026-07-09,2026-07-09,37.5,0.1834,-0.0892,0.2204,0.2743,0.6111,0.6327,0.2352,-0.7972,0.1014,多周期共振看空 ⬇⬇⬇,-0.5451,-0.7223,-0.5625
600261,阳光照明,38.72,True,2.9,3.12,2,1.42,-6.98,-2.71,-6.98,0.0,2026-07-09,2026-07-09,30.77,0.5851,-0.4064,0.3207,0.3885,0.4615,0.4655,0.2352,-0.6665,0.1668,多周期共振看空 ⬇⬇⬇,-0.5549,-0.4942,-0.495
002591,恒大高新,13.7,True,6.13,6.61,0,-5.34,-14.03,-9.35,-7.25,0.0,2026-07-09,2026-07-09,28.88,-0.7528,0.2043,0.3339,0.2817,0.4195,0.4435,0.2352,-0.4276,0.2862,多周期共振看空 ⬇⬇⬇,-0.452,-0.2148,-0.3375
603968,醋化股份,18.65,True,9.12,9.81,0,-3.97,-11.93,-8.39,-7.0,0.0,2026-07-09,2026-07-09,29.9,0.7154,-0.4451,0.361,0.4512,0.4423,0.3984,0.235,-0.6917,0.1542,多周期共振看空 ⬇⬇⬇,-0.625,-0.4894,-0.495
600586,金晶科技,59.39,True,4.19,4.48,0,-0.85,-12.76,-7.49,-6.38,0.0,2026-07-09,2026-07-09,29.84,0.7766,-0.8342,0.4575,0.466,0.4409,0.2375,0.2348,-0.5858,0.2071,多周期共振看空 ⬇⬇⬇,-0.3511,-0.649,-0.3375
002947,恒铭达,147.3,True,74.28,80.56,2,1.59,-16.98,-6.56,-7.8,0.0,2026-07-09,2026-07-09,26.7,0.1517,-0.34,0.5746,0.155,0.371,0.0424,0.2348,0.1514,0.5757,上升趋势中的日线回调（关注买点）,-0.4295,0.3145,0.5625
000792,盐湖股份,1380.56,True,26.09,29.82,9,3.52,-12.5,-2.37,-12.5,0.0,2026-07-09,2026-07-09,36.14,0.2964,0.2734,0.5871,0.4872,0.5808,0.0215,0.2343,-0.6192,0.1904,多周期共振看空 ⬇⬇⬇,-0.612,-0.506,-0.3303
603966,法兰泰克,44.07,True,8.48,8.76,2,5.58,-10.53,-3.64,-3.22,0.0,2026-07-09,2026-07-09,25.75,0.4561,-0.1469,0.4331,0.4149,0.3499,0.2782,0.2343,-0.4322,0.2839,多周期共振看空 ⬇⬇⬇,-0.2815,-0.3711,-0.3375
001367,海森药业,22.5,True,18.5,19.54,4,3.07,-8.02,-3.17,-5.34,0.0,2026-07-09,2026-07-09,37.34,0.356,-0.0406,0.4692,0.3974,0.6076,0.2181,0.2341,-0.6669,0.1665,多周期共振看空 ⬇⬇⬇,-0.4284,-0.536,-0.5625
002920,德赛西威,527.29,True,88.38,84.65,3,4.41,-15.36,-8.03,4.41,0.0,2026-07-07,2026-07-09,51.17,-0.1171,0.0778,0.4504,0.2311,0.9148,0.2494,0.234,-0.7948,0.1026,多周期共振看空 ⬇⬇⬇,-0.5282,-0.7315,-0.5625
002488,金固股份,80.6,True,8.76,9.4,2,0.89,-11.84,-5.89,-6.76,0.0,2026-07-09,2026-07-09,41.63,0.3009,0.0177,0.496,0.3876,0.7028,0.1733,0.2338,-0.7322,0.1339,多周期共振看空 ⬇⬇⬇,-0.622,-0.581,-0.495
603881,数据港,210.51,True,24.42,25.45,0,-3.65,-15.97,-9.05,-4.06,0.0,2026-07-09,2026-07-09,40.68,-0.4148,1.0175,0.7577,0.4,0.6817,0.0,0.2338,-0.5877,0.2061,多周期共振看空 ⬇⬇⬇,-0.566,-0.469,-0.3375
002228,合兴包装,36.16,True,2.99,3.07,1,0.19,-8.4,-4.32,-2.48,0.0,2026-07-09,2026-07-09,43.06,-0.2076,0.0612,0.3019,0.2245,0.7346,0.4968,0.2338,-0.7674,0.1163,多周期共振看空 ⬇⬇⬇,-0.5368,-0.7315,-0.495
002657,中科金财,50.52,True,15.03,20.59,17,15.09,-26.99,2.23,-26.99,0.0,2026-07-09,2026-07-09,32.68,0.3316,0.7597,0.8491,0.5989,0.5041,0.0,0.2337,-0.6936,0.1532,多周期共振看空 ⬇⬇⬇,-0.3259,-0.6825,-0.5625
600995,南网储能,373.61,True,11.69,12.58,0,-3.4,-13.29,-8.41,-7.09,0.0,2026-07-09,2026-07-09,28.73,0.6003,-0.6717,0.3175,0.3602,0.4163,0.4709,0.2336,-0.5838,0.2081,多周期共振看空 ⬇⬇⬇,-0.6983,-0.4217,-0.2628
600426,华鲁恒升,513.33,True,24.27,25.73,0,-0.18,-11.79,-6.89,-5.68,0.0,2026-07-09,2026-07-09,43.56,0.1919,0.0517,0.5163,0.3358,0.7457,0.1395,0.2335,-0.6754,0.1623,多周期共振看空 ⬇⬇⬇,-0.6265,-0.6098,-0.3375
002093,国脉科技,65.39,True,6.49,6.61,0,-1.75,-10.35,-5.99,-1.75,0.0,2026-07-09,2026-07-09,38.12,-0.1572,1.2593,0.3833,0.4,0.6249,0.3611,0.2335,-0.8105,0.0948,多周期共振看空 ⬇⬇⬇,-0.547,-0.75,-0.5625
603833,欧派家居,193.77,True,31.81,32.05,2,1.35,-12.69,-6.23,-0.76,0.0,2026-07-09,2026-07-09,46.97,0.3235,-0.4954,0.3256,0.196,0.8215,0.4574,0.2335,-0.7975,0.1013,多周期共振看空 ⬇⬇⬇,-0.5566,-0.7131,-0.5625
002696,百洋股份,17.35,True,5.19,5.31,1,4.38,-9.71,-5.34,-2.24,0.0,2026-07-09,2026-07-09,46.11,0.5596,-0.3683,0.6142,0.3885,0.8025,0.0,0.2335,-0.7164,0.1418,多周期共振看空 ⬇⬇⬇,-0.4276,-0.7131,-0.495
002445,中南文化,64.36,True,2.72,2.99,0,-5.71,-13.02,-9.08,-8.95,0.0,2026-07-09,2026-07-09,18.92,0.477,-0.4021,0.292,0.3253,0.1982,0.5134,0.2334,-0.3016,0.3492,月线震荡，中短期走弱,-0.875,-0.3037,0.04
601778,晶科科技,142.59,True,3.83,4.44,0,-10.32,-18.25,-13.84,-13.76,0.0,2026-07-09,2026-07-09,13.14,0.7294,-0.37,0.3836,0.4896,0.0697,0.3607,0.2333,-0.2894,0.3553,月线震荡，中短期走弱,-0.7605,-0.2575,-0.0634
002122,ST汇洲,48.7,True,2.45,2.46,3,2.8,-14.89,-5.36,-0.22,0.0,2026-07-09,2026-07-09,45.24,-0.5024,0.2487,0.4556,0.2995,0.7831,0.2406,0.2333,-0.745,0.1275,多周期共振看空 ⬇⬇⬇,-0.422,-0.7131,-0.5625
003022,联泓新科,289.04,True,21.66,25.57,11,12.99,-16.98,-0.28,-15.29,0.0,2026-07-09,2026-07-09,20.4,0.2175,-0.2196,0.5987,0.2426,0.2311,0.0021,0.233,0.1965,0.5982,上升趋势中的日线整理,-0.1244,0.1671,0.45
000733,振华科技,267.96,True,48.36,54.73,15,13.03,-13.73,2.3,-11.64,0.005,2026-07-09,2026-07-09,34.81,0.1781,-0.491,0.9003,0.1105,0.5514,0.0,0.233,0.0137,0.5069,多周期方向不一致，观望,-0.0325,0.3129,-0.225
002351,漫步者,47.99,True,9.21,9.61,0,-3.62,-11.7,-7.15,-4.12,0.0,2026-07-09,2026-07-09,33.33,0.6044,-0.3722,0.3442,0.4137,0.5185,0.4263,0.233,-0.7609,0.1195,多周期共振看空 ⬇⬇⬇,-0.506,-0.6762,-0.5625
000677,ST海龙,14.51,True,1.68,1.65,1,1.82,-20.44,-11.54,1.82,0.0,2026-07-08,2026-07-09,47.87,-0.3105,1.2675,0.7418,0.4,0.8416,0.0,0.2329,-0.7871,0.1064,多周期共振看空 ⬇⬇⬇,-0.5515,-0.6946,-0.5625
001239,永达股份,14.98,True,13.14,13.82,9,11.89,-9.37,-0.76,-4.89,0.0021,2026-07-09,2026-07-09,24.08,0.5094,1.8744,0.5652,0.7057,0.313,0.0581,0.2328,-0.6934,0.1533,多周期共振看空 ⬇⬇⬇,-0.2897,-0.7131,-0.5625
002306,ST云网,15.77,True,1.94,2.01,4,2.74,-10.65,-4.07,-3.36,0.0,2026-07-09,2026-07-09,41.38,0.1746,-0.3768,0.432,0.1541,0.6973,0.28,0.2328,-0.4446,0.2777,多周期共振看空 ⬇⬇⬇,-0.3306,-0.4171,-0.2766
605398,新炬网络,33.06,True,20.32,20.96,1,0.66,-14.56,-7.62,-3.04,0.0,2026-07-09,2026-07-09,35.38,0.8127,-0.6139,0.4926,0.4876,0.5639,0.179,0.2328,-0.7379,0.131,多周期共振看空 ⬇⬇⬇,-0.3823,-0.7315,-0.5625
000338,潍柴动力,1378.98,True,27.84,28.56,2,3.55,-15.73,-6.56,-2.52,0.0,2026-07-09,2026-07-09,42.25,-0.1684,-0.4628,0.65,0.0149,0.7166,0.0,0.2327,-0.0221,0.4889,月线看多，中短期调整中,-0.3387,-0.1525,0.3375
002686,亿利达,27.86,True,5.33,5.51,0,-1.19,-12.93,-8.39,-3.21,0.0,2026-07-09,2026-07-09,39.49,-0.5796,0.0924,0.3575,0.2369,0.6553,0.4042,0.2326,-0.628,0.186,多周期共振看空 ⬇⬇⬇,-0.5515,-0.4125,-0.495
603042,华脉科技,25.53,True,12.23,14.47,7,9.83,-18.44,-4.96,-15.49,0.0,2026-07-09,2026-07-09,23.54,0.7242,-0.0895,0.7053,0.5987,0.3008,0.0,0.2324,-0.4597,0.2702,多周期共振看空 ⬇⬇⬇,-0.6307,-0.2023,-0.2675
002759,天际股份,105.45,True,21.05,25.69,4,3.02,-18.07,-7.66,-18.07,0.0,2026-07-09,2026-07-09,30.23,0.555,0.3238,0.7281,0.6625,0.4495,0.0,0.2324,-0.7403,0.1299,多周期共振看空 ⬇⬇⬇,-0.788,-0.4567,-0.495
603041,美思德,18.86,True,10.3,10.87,0,-2.96,-10.16,-7.29,-5.27,0.0,2026-07-09,2026-07-09,32.3,0.4225,-0.4039,0.2562,0.292,0.4956,0.573,0.2319,-0.6653,0.1673,多周期共振看空 ⬇⬇⬇,-0.604,-0.4494,-0.495
600847,万里股份,18.92,True,12.34,13.91,2,2.61,-11.97,-5.87,-11.26,0.0,2026-07-09,2026-07-09,27.29,0.7238,-0.5392,0.5475,0.4343,0.3843,0.0876,0.2319,-0.3708,0.3146,多周期共振看空 ⬇⬇⬇,-0.566,-0.171,-0.1587
603601,再升科技,117.43,True,10.28,12.63,0,-7.97,-23.42,-17.68,-18.59,0.0,2026-07-09,2026-07-09,19.9,0.7425,-0.5906,0.8077,0.4455,0.2199,0.0,0.2318,-0.122,0.439,月线看多，中短期调整中,-0.6975,-0.1629,0.18
600217,中再资环,47.08,True,2.84,2.99,0,-1.21,-10.63,-6.32,-5.13,0.0,2026-07-09,2026-07-09,34.21,0.3484,0.0429,0.324,0.4262,0.538,0.46,0.2318,-0.8415,0.0792,多周期共振看空 ⬇⬇⬇,-0.6265,-0.75,-0.5625
601929,吉视传媒,77.47,True,2.22,2.31,0,-3.71,-15.32,-9.13,-3.71,0.0,2026-07-09,2026-07-09,35.42,0.3013,0.006,0.3797,0.3831,0.5648,0.3671,0.2317,-0.7309,0.1346,多周期共振看空 ⬇⬇⬇,-0.6082,-0.5226,-0.5625
002243,力合科创,77.43,True,6.43,6.86,0,-5.45,-19.43,-12.06,-6.25,0.0,2026-07-09,2026-07-09,31.74,0.7829,-0.63,0.3574,0.4697,0.483,0.4044,0.2315,-0.803,0.0985,多周期共振看空 ⬇⬇⬇,-0.616,-0.6744,-0.5625
603165,荣晟环保,42.88,True,13.71,14.15,1,1.51,-14.56,-6.2,-3.1,0.0,2026-07-09,2026-07-09,35.02,0.238,-0.5426,0.5841,0.1428,0.5561,0.0265,0.2313,-0.0664,0.4668,月线看多，中短期调整中,-0.3565,-0.1906,0.18
603275,众辰科技,15.49,True,37.3,39.72,3,3.55,-13.36,-4.95,-6.08,0.0,2026-07-09,2026-07-09,34.61,0.3802,-0.0488,0.4728,0.4086,0.5468,0.212,0.231,-0.6314,0.1843,多周期共振看空 ⬇⬇⬇,-0.481,-0.4129,-0.5625
600718,东软集团,87.7,True,7.33,7.54,0,-1.29,-8.82,-5.08,-2.77,0.0,2026-07-09,2026-07-09,37.71,-0.2344,0.3274,0.3055,0.331,0.6159,0.4909,0.2309,-0.8138,0.0931,多周期共振看空 ⬇⬇⬇,-0.5554,-0.75,-0.5625
600148,长春一东,20.55,True,14.52,15.35,0,-1.19,-9.86,-6.02,-5.43,0.0,2026-07-09,2026-07-09,34.11,0.5684,-0.3815,0.3215,0.3884,0.5359,0.4641,0.2308,-0.7898,0.1051,多周期共振看空 ⬇⬇⬇,-0.6265,-0.6363,-0.5625
001238,浙江正特,39.42,True,27.16,28.52,3,0.73,-7.54,-3.37,-4.76,0.0,2026-07-09,2026-07-09,32.78,0.6149,-0.7677,0.3107,0.3689,0.5063,0.4821,0.2306,-0.7387,0.1306,多周期共振看空 ⬇⬇⬇,-0.3735,-0.7408,-0.5625
603025,大豪科技,151.29,True,13.64,13.97,0,-1.17,-11.96,-5.7,-2.38,0.0,2026-07-09,2026-07-09,36.65,0.3302,0.0149,0.4416,0.4041,0.5921,0.2641,0.2305,-0.7243,0.1378,多周期共振看空 ⬇⬇⬇,-0.651,-0.4714,-0.5625
600850,电科数字,122.35,True,14.99,15.19,0,-1.33,-16.04,-8.89,-1.33,0.0,2026-07-09,2026-07-09,34.94,0.5676,-0.4536,0.4037,0.3591,0.5541,0.3272,0.2305,-0.6572,0.1714,多周期共振看空 ⬇⬇⬇,-0.3801,-0.5561,-0.5625
000530,冰山冷热,29.89,True,4.98,5.34,2,12.76,-14.49,-6.49,-6.81,0.0,2026-07-09,2026-07-09,37.7,0.8848,-0.776,0.5682,0.5309,0.6157,0.053,0.2304,-0.7878,0.1061,多周期共振看空 ⬇⬇⬇,-0.566,-0.6837,-0.5625
603585,苏利股份,25.16,True,9.29,9.95,0,-0.99,-10.38,-6.21,-6.64,0.0,2026-07-09,2026-07-09,31.0,-0.2317,0.6662,0.3016,0.4,0.4667,0.4973,0.2299,-0.7586,0.1207,多周期共振看空 ⬇⬇⬇,-0.622,-0.6392,-0.495
603500,祥和实业,33.59,True,10.1,11.97,12,24.46,-19.6,2.76,-15.64,0.0,2026-07-09,2026-07-09,23.23,0.6895,-0.8171,0.6902,0.4137,0.294,0.0,0.2299,-0.1755,0.4123,多周期方向不一致，观望,-0.1871,-0.116,-0.495
002890,弘宇股份,23.4,True,14.49,14.7,5,8.49,-10.63,-2.47,-1.43,0.0,2026-07-09,2026-07-09,49.41,-0.4014,-0.435,0.4891,0.026,0.8759,0.1849,0.2299,-0.4014,0.2993,多周期共振看空 ⬇⬇⬇,-0.2988,-0.2885,-0.3375
600223,福瑞达,53.78,True,5.29,5.3,2,1.22,-10.98,-5.69,-0.22,0.0,2026-07-09,2026-07-09,49.59,-0.171,-0.1656,0.3131,0.1338,0.8799,0.4782,0.2298,-0.8138,0.0931,多周期共振看空 ⬇⬇⬇,-0.5554,-0.75,-0.5625
603266,天龙股份,32.92,True,16.55,17.12,3,3.92,-11.07,-4.96,-3.33,0.0,2026-07-09,2026-07-09,36.47,0.4421,-0.041,0.5299,0.4488,0.5883,0.1168,0.2298,-0.6794,0.1603,多周期共振看空 ⬇⬇⬇,-0.4094,-0.5798,-0.5625
601766,中国中车,1313.7,True,5.4,5.46,4,0.58,-7.05,-2.64,-1.18,0.0435,2026-07-09,2026-07-09,40.74,-0.1365,-0.2316,0.2614,0.1073,0.6831,0.5644,0.2297,-0.71,0.145,多周期共振看空 ⬇⬇⬇,-0.2892,-0.75,-0.5625
002028,思源电气,973.01,True,159.3,174.91,3,5.87,-13.5,-5.71,-8.93,0.0,2026-07-09,2026-07-09,34.53,0.2647,-0.1894,0.6928,0.283,0.5452,0.0,0.2296,-0.2705,0.3648,月线震荡，中短期走弱,-0.5021,-0.5913,0.1125
603707,健友股份,116.97,True,7.24,7.3,5,3.57,-9.33,-4.11,-0.84,0.0,2026-07-09,2026-07-09,52.11,-0.0248,-0.2036,0.4187,0.1186,0.9358,0.3022,0.2295,-0.7183,0.1408,多周期共振看空 ⬇⬇⬇,-0.3644,-0.7038,-0.5625
000807,云铝股份,759.13,True,21.89,23.91,0,-1.9,-14.97,-9.67,-8.44,0.0,2026-07-09,2026-07-09,39.56,0.0636,0.3729,0.6126,0.3873,0.6569,0.0,0.2292,-0.5744,0.2128,多周期共振看空 ⬇⬇⬇,-0.499,-0.4972,-0.3375
002633,申科股份,22.12,True,14.8,15.81,0,-1.59,-9.36,-6.2,-6.36,0.0,2026-07-09,2026-07-09,33.87,0.3073,-0.3941,0.3454,0.2268,0.5305,0.4243,0.229,-0.5072,0.2464,多周期共振看空 ⬇⬇⬇,-0.5741,-0.2852,-0.3375
000509,华塑控股,34.34,True,3.2,3.76,1,6.9,-17.65,-11.54,-14.83,0.0,2026-07-09,2026-07-09,22.08,0.5509,-0.6961,0.4611,0.3306,0.2684,0.2315,0.229,-0.204,0.398,月线震荡，中短期走弱,-0.4399,-0.196,-0.1125
605258,协和电子,23.87,True,27.13,33.08,6,4.76,-20.62,-5.39,-18.0,0.0,2026-07-09,2026-07-09,20.05,0.6226,-0.2247,0.6133,0.4837,0.2233,0.0,0.2283,-0.2155,0.3922,多周期方向不一致，观望,-0.618,-0.1475,-0.27
600645,中源协和,82.56,True,17.65,18.06,3,6.9,-10.39,-4.82,-2.29,0.0,2026-07-09,2026-07-09,45.49,0.2518,-0.111,0.5021,0.3067,0.7887,0.1632,0.2283,-0.7416,0.1292,多周期共振看空 ⬇⬇⬇,-0.4888,-0.6485,-0.5625
000710,贝瑞基因,24.52,True,7.44,7.81,2,1.76,-12.4,-5.93,-4.74,0.0,2026-07-09,2026-07-09,42.34,-0.0304,0.1951,0.4348,0.278,0.7186,0.2753,0.2282,-0.7015,0.1492,多周期共振看空 ⬇⬇⬇,-0.5181,-0.5351,-0.5625
002771,真视通,23.25,True,13.32,13.7,3,8.8,-18.69,-7.39,-2.8,0.0,2026-07-09,2026-07-09,42.76,0.3311,-0.2027,0.5939,0.3176,0.728,0.0101,0.2282,-0.564,0.218,多周期共振看空 ⬇⬇⬇,-0.3464,-0.3802,-0.5625
603383,顶点软件,55.39,True,26.97,27.97,0,-0.71,-12.19,-5.8,-3.58,0.0,2026-07-09,2026-07-09,42.32,0.4686,-0.2977,0.5381,0.3621,0.7181,0.1031,0.2279,-0.7,0.15,多周期共振看空 ⬇⬇⬇,-0.5409,-0.5124,-0.5625
002296,辉煌科技,31.61,True,9.1,9.16,0,-0.65,-9.92,-5.27,-0.65,0.0,2026-07-09,2026-07-09,45.1,-0.2446,0.0244,0.379,0.2098,0.78,0.3684,0.2278,-0.7437,0.1281,多周期共振看空 ⬇⬇⬇,-0.5515,-0.6669,-0.495
002518,科士达,239.0,True,42.29,48.93,6,7.68,-17.11,-5.08,-13.58,0.0,2026-07-09,2026-07-09,34.5,0.0586,0.0001,0.8388,0.2352,0.5445,0.0,0.2277,-0.208,0.396,月线震荡，中短期走弱,-0.4477,-0.2584,-0.0571
600992,贵绳股份,23.72,True,9.68,9.3,1,4.07,-17.92,-13.04,4.07,0.0,2026-07-08,2026-07-09,49.86,0.5201,-0.5448,0.5561,0.312,0.8858,0.0731,0.2276,-0.8003,0.0998,多周期共振看空 ⬇⬇⬇,-0.5425,-0.7315,-0.5625
002998,优彩资源,18.42,True,6.81,7.09,3,5.74,-13.85,-7.36,-3.96,0.0,2026-07-09,2026-07-09,46.2,0.0259,0.0991,0.5777,0.2552,0.8045,0.0372,0.2275,-0.5833,0.2083,多周期共振看空 ⬇⬇⬇,-0.5853,-0.2852,-0.495
002678,珠江钢琴,57.15,True,4.21,4.59,0,-4.3,-20.33,-13.55,-8.25,0.0,2026-07-09,2026-07-09,23.08,0.7108,-0.5333,0.3777,0.4265,0.2906,0.3705,0.2275,-0.5079,0.246,多周期共振看空 ⬇⬇⬇,-0.539,-0.3167,-0.3375
603273,天元智能,7.46,True,13.3,13.78,3,3.65,-11.25,-5.1,-3.47,0.0,2026-07-09,2026-07-09,43.19,-0.0003,0.4625,0.5012,0.385,0.7376,0.1646,0.2275,-0.8129,0.0936,多周期共振看空 ⬇⬇⬇,-0.5532,-0.75,-0.5625
001386,马可波罗,14.99,True,13.94,15.02,4,2.77,-8.02,-4.13,-7.22,0.0,2026-07-09,2026-07-09,25.07,0.4579,-0.1066,0.3775,0.4321,0.335,0.3709,0.2272,-0.5721,0.2139,周线日线共振看空,-0.508,-0.45,
600241,时代万恒,19.16,True,6.51,6.9,1,5.41,-10.84,-6.91,-5.71,0.0,2026-07-09,2026-07-09,42.54,0.0232,0.5001,0.6298,0.4139,0.7231,0.0,0.227,-0.7137,0.1431,多周期共振看空 ⬇⬇⬇,-0.6265,-0.469,-0.5625
600391,航发科技,100.0,True,30.29,33.28,5,6.77,-18.84,-4.75,-9.0,0.0,2026-07-09,2026-07-09,37.77,0.2048,0.2164,0.8256,0.4095,0.6172,0.0,0.2269,-0.5805,0.2097,多周期共振看空 ⬇⬇⬇,-0.505,-0.5055,-0.3375
605177,东亚药业,18.12,True,15.94,17.76,1,0.98,-20.72,-10.89,-10.27,0.0,2026-07-09,2026-07-09,36.3,0.5998,-0.4799,0.5172,0.3679,0.5845,0.138,0.2269,-0.5851,0.2075,多周期共振看空 ⬇⬇⬇,-0.5619,-0.4668,-0.3375
600252,中恒集团,60.5,True,1.9,1.93,0,-1.07,-15.09,-7.0,-1.48,0.0,2026-07-09,2026-07-09,45.83,-0.4368,0.2866,0.4755,0.3146,0.7963,0.2074,0.2268,-0.8105,0.0948,多周期共振看空 ⬇⬇⬇,-0.547,-0.75,-0.5625
600004,白云机场,175.14,True,7.4,7.67,2,1.71,-8.01,-3.67,-3.55,0.0,2026-07-09,2026-07-09,39.16,-0.0794,0.1647,0.3122,0.2659,0.648,0.4796,0.2268,-0.7723,0.1139,多周期共振看空 ⬇⬇⬇,-0.4491,-0.75,-0.5625
000812,陕西金叶,23.65,True,3.13,3.26,0,-2.96,-10.08,-6.65,-4.13,0.0,2026-07-09,2026-07-09,36.99,-0.1343,0.2744,0.292,0.3098,0.5997,0.5133,0.2267,-0.8123,0.0938,多周期共振看空 ⬇⬇⬇,-0.5515,-0.75,-0.5625
603187,海容冷链,45.12,True,11.8,11.99,3,2.24,-8.28,-3.0,-1.56,0.0049,2026-07-09,2026-07-09,44.91,-0.1982,-0.2337,0.2948,0.1065,0.7758,0.5087,0.2266,-0.7073,0.1463,多周期共振看空 ⬇⬇⬇,-0.3255,-0.7131,-0.5625
600610,中毅达,44.08,True,6.22,7.01,0,-0.69,-12.74,-8.37,-11.3,0.0,2026-07-09,2026-07-09,24.71,0.842,-0.1753,0.3849,0.6351,0.3268,0.3585,0.2265,-0.8832,0.0584,多周期共振看空 ⬇⬇⬇,-0.8519,-0.6485,-0.5625
000881,中广核技,55.58,True,6.15,6.58,0,-2.37,-12.95,-7.45,-6.49,0.0,2026-07-09,2026-07-09,30.25,0.7168,-0.6911,0.3448,0.4301,0.4499,0.4253,0.2265,-0.7562,0.1219,多周期共振看空 ⬇⬇⬇,-0.673,-0.5226,-0.5625
603615,茶花股份,40.38,True,16.7,17.39,5,7.99,-12.87,-5.47,-3.97,0.0,2026-07-09,2026-07-09,40.71,0.2072,0.1009,0.5802,0.3647,0.6824,0.033,0.2264,-0.6175,0.1912,多周期共振看空 ⬇⬇⬇,-0.4068,-0.446,-0.5625
603195,公牛集团,674.16,True,37.45,38.9,2,0.49,-4.13,-2.02,-3.73,0.0,2026-07-09,2026-07-09,35.69,0.2041,-0.3367,0.2079,0.1878,0.571,0.6534,0.2262,-0.6989,0.1506,多周期共振看空 ⬇⬇⬇,-0.6751,-0.4623,-0.495
002455,百川股份,43.28,True,6.55,7.66,0,-0.46,-14.45,-7.19,-14.45,0.0,2026-07-09,2026-07-09,34.55,0.4916,0.2076,0.6121,0.578,0.5457,0.0,0.2261,-0.7709,0.1145,多周期共振看空 ⬇⬇⬇,-0.848,-0.63,-0.3375
002340,格林美,329.94,True,6.5,6.96,1,4.09,-11.95,-5.21,-6.63,0.0,2026-07-09,2026-07-09,33.86,0.5506,-0.2255,0.4945,0.4402,0.5302,0.1759,0.2256,-0.6762,0.1619,多周期共振看空 ⬇⬇⬇,-0.4991,-0.5634,-0.495
600289,ST信通,32.03,True,5.66,5.52,6,8.79,-12.65,-4.3,2.48,0.0499,2026-07-07,2026-07-09,60.18,-0.1427,-0.2391,0.5032,0.1044,0.885,0.1613,0.2254,-0.6741,0.1629,多周期共振看空 ⬇⬇⬇,-0.3048,-0.6577,-0.5625
002533,金杯电工,66.76,True,10.47,10.96,1,0.56,-13.69,-6.3,-4.44,0.0,2026-07-09,2026-07-09,38.01,0.3739,-0.3629,0.3982,0.2792,0.6224,0.3364,0.2253,-0.6604,0.1698,多周期共振看空 ⬇⬇⬇,-0.6085,-0.5923,-0.3375
002362,汉王科技,31.47,True,15.16,16.42,7,11.56,-13.59,-3.91,-7.67,0.0,2026-07-09,2026-07-09,31.84,0.8639,-0.5207,0.4594,0.5183,0.4852,0.2343,0.2253,-0.797,0.1015,多周期共振看空 ⬇⬇⬇,-0.5933,-0.6805,-0.5625
003012,东鹏控股,51.06,True,4.5,4.58,1,0.47,-7.96,-4.27,-1.69,0.0,2026-07-09,2026-07-09,41.3,0.0772,-0.106,0.2666,0.204,0.6957,0.5556,0.2253,-0.8034,0.0983,多周期共振看空 ⬇⬇⬇,-0.5288,-0.75,-0.5625
603322,超讯通信,44.5,True,28.24,28.47,4,3.41,-16.05,-5.84,-0.81,0.0,2026-07-09,2026-07-09,44.45,-0.0986,0.2767,0.6747,0.3107,0.7656,0.0,0.2252,-0.6146,0.1927,多周期共振看空 ⬇⬇⬇,-0.372,-0.4694,-0.5625
002792,通宇通讯,110.71,True,32.77,35.27,0,-0.47,-16.45,-9.63,-7.09,0.0,2026-07-09,2026-07-09,36.39,0.5743,-0.3417,0.549,0.4079,0.5864,0.0849,0.2251,-0.623,0.1885,多周期共振看空 ⬇⬇⬇,-0.6776,-0.4509,-0.3375
600613,神奇制药,21.81,True,4.55,4.7,2,1.75,-7.8,-3.92,-3.23,0.0,2026-07-09,2026-07-09,44.23,-0.2947,0.1273,0.3909,0.2509,0.7607,0.3485,0.2251,-0.7926,0.1037,多周期共振看空 ⬇⬇⬇,-0.5119,-0.7408,-0.5625
002209,达 意 隆,15.63,True,9.99,10.79,0,-1.48,-11.02,-7.03,-7.44,0.0,2026-07-09,2026-07-09,36.75,0.4831,-0.1624,0.4267,0.4249,0.5945,0.2888,0.225,-0.8239,0.0881,多周期共振看空 ⬇⬇⬇,-0.691,-0.656,-0.5625
002426,胜利精密,116.37,True,3.42,3.84,12,14.63,-12.43,1.66,-11.0,0.0,2026-07-09,2026-07-09,28.22,0.4939,-0.6079,0.6466,0.2963,0.4049,0.0,0.2248,-0.1616,0.4192,多周期方向不一致，观望,-0.1465,-0.3597,-0.225
600933,爱柯迪,132.53,True,13.51,14.71,4,4.17,-11.66,-3.25,-8.18,0.0,2026-07-09,2026-07-09,28.24,0.5401,-0.0034,0.4366,0.5227,0.4052,0.2723,0.2247,-0.7432,0.1284,多周期共振看空 ⬇⬇⬇,-0.4961,-0.6456,-0.5625
002418,康盛股份,40.34,True,3.55,4.11,3,8.05,-16.51,-8.65,-13.52,0.0,2026-07-09,2026-07-09,35.92,0.5283,-0.1281,0.7223,0.4657,0.576,0.0,0.2245,-0.64,0.18,多周期共振看空 ⬇⬇⬇,-0.8247,-0.2047,-0.495
002783,凯龙股份,32.28,True,7.0,7.32,2,0.54,-9.82,-4.43,-4.4,0.0,2026-07-09,2026-07-09,43.46,0.4149,-0.5193,0.4196,0.2489,0.7436,0.3006,0.2244,-0.7358,0.1321,多周期共振看空 ⬇⬇⬇,-0.4093,-0.7038,-0.5625
002798,帝欧水华,27.54,True,5.33,5.57,0,-1.11,-16.46,-10.72,-4.23,0.0,2026-07-09,2026-07-09,36.4,0.5927,-0.756,0.5694,0.3556,0.5867,0.051,0.2243,-0.5195,0.2403,多周期共振看空 ⬇⬇⬇,-0.4217,-0.2852,-0.495
603551,奥普科技,34.3,True,9.03,9.27,2,1.79,-11.19,-5.12,-2.59,0.0,2026-07-09,2026-07-09,44.76,0.2304,-0.5869,0.2912,0.1382,0.7725,0.5146,0.2242,-0.7662,0.1169,多周期共振看空 ⬇⬇⬇,-0.5517,-0.6485,-0.5625
603172,万丰股份,21.61,True,16.2,17.64,0,-1.55,-10.57,-6.82,-8.18,0.0,2026-07-09,2026-07-09,37.85,0.3366,-0.092,0.4575,0.3652,0.6189,0.2374,0.2242,-0.7229,0.1386,多周期共振看空 ⬇⬇⬇,-0.8035,-0.5625,-0.3375
002903,宇环数控,39.54,True,37.07,46.03,11,18.29,-19.46,-0.52,-19.46,0.0,2026-07-09,2026-07-09,18.44,0.3524,-0.605,0.8451,0.2114,0.1876,0.0,0.2241,0.2293,0.6147,上升趋势中的日线回调（关注买点）,-0.3498,0.5082,0.5625
600582,天地科技,192.44,True,4.65,4.77,6,2.29,-13.32,-4.48,-2.51,0.0,2026-07-09,2026-07-09,41.09,0.3195,-0.3201,0.3517,0.2637,0.6908,0.4139,0.224,-0.7898,0.1051,多周期共振看空 ⬇⬇⬇,-0.494,-0.75,-0.5625
603286,日盈电子,56.71,True,48.79,51.45,3,7.33,-18.82,-8.15,-5.17,0.0,2026-07-09,2026-07-09,43.13,0.1813,-0.1442,0.8048,0.2511,0.7363,0.0,0.2239,-0.4939,0.253,多周期共振看空 ⬇⬇⬇,-0.4414,-0.3696,-0.3375
002092,中泰化学,98.39,True,3.82,4.08,0,-1.29,-13.85,-7.35,-6.26,0.0,2026-07-09,2026-07-09,40.15,0.4015,-0.4158,0.4181,0.2746,0.67,0.3032,0.2238,-0.6954,0.1523,多周期共振看空 ⬇⬇⬇,-0.622,-0.6577,-0.3375
603709,中源家居,16.61,True,13.28,14.26,0,-3.17,-10.89,-7.5,-6.86,0.0,2026-07-09,2026-07-09,30.91,0.2351,-0.0384,0.327,0.3257,0.4648,0.4551,0.2236,-0.6543,0.1729,多周期共振看空 ⬇⬇⬇,-0.6721,-0.5244,-0.3375
002135,东南网架,64.2,True,6.15,6.86,2,4.57,-16.07,-5.84,-10.28,0.0,2026-07-09,2026-07-09,12.83,0.7627,-0.5311,0.5322,0.4576,0.063,0.1129,0.2234,-0.1106,0.4447,月线看多，中短期调整中,-0.5347,-0.2483,0.18
002165,红 宝 丽,41.11,True,5.65,6.8,7,6.47,-18.27,-5.05,-16.86,0.0,2026-07-09,2026-07-09,33.33,0.844,-0.5231,0.7503,0.5064,0.5185,0.0,0.2233,-0.6458,0.1771,多周期共振看空 ⬇⬇⬇,-0.5079,-0.4889,-0.495
601702,华峰铝业,137.8,True,13.8,15.25,0,-4.49,-20.11,-12.14,-9.5,0.0,2026-07-09,2026-07-09,28.16,0.5974,-0.0951,0.4646,0.5204,0.4035,0.2257,0.2232,-0.7115,0.1442,多周期共振看空 ⬇⬇⬇,-0.5905,-0.5627,-0.495
002532,天山铝业,438.2,True,10.67,11.83,0,-4.59,-16.77,-11.45,-9.84,0.0,2026-07-09,2026-07-09,36.68,0.0684,0.5061,0.5675,0.441,0.5929,0.0542,0.2229,-0.6769,0.1616,多周期共振看空 ⬇⬇⬇,-0.6196,-0.619,-0.3375
603656,泰禾智能,31.19,True,17.05,17.77,1,0.43,-7.14,-2.85,-4.08,0.0,2026-07-09,2026-07-09,29.4,0.6146,-0.6752,0.2544,0.3688,0.431,0.576,0.2227,-0.7868,0.1066,多周期共振看空 ⬇⬇⬇,-0.4862,-0.75,-0.5625
600556,天下秀,76.83,True,4.25,4.59,0,-1.25,-11.2,-7.13,-7.34,0.0,2026-07-09,2026-07-09,31.06,0.4729,-0.1065,0.429,0.4411,0.468,0.285,0.2223,-0.7171,0.1415,多周期共振看空 ⬇⬇⬇,-0.5129,-0.6415,-0.495
600230,沧州大化,53.32,True,12.88,14.07,3,3.79,-10.4,-4.7,-8.43,0.0,2026-07-09,2026-07-09,37.76,0.0616,0.4798,0.5445,0.4289,0.6168,0.0924,0.2223,-0.7219,0.1391,多周期共振看空 ⬇⬇⬇,-0.7007,-0.6485,-0.3375
002164,宁波东力,53.83,True,11.22,12.38,3,6.19,-11.68,-4.72,-9.39,0.0,2026-07-09,2026-07-09,33.6,0.7564,-0.7775,0.5272,0.4538,0.5244,0.1214,0.2222,-0.675,0.1625,多周期共振看空 ⬇⬇⬇,-0.4857,-0.5048,-0.5625
603927,中科软,106.46,True,12.81,13.41,0,-2.08,-12.76,-6.47,-4.46,0.0,2026-07-09,2026-07-09,35.34,-0.0301,0.4304,0.3613,0.3722,0.5632,0.3978,0.2222,-0.8116,0.0942,多周期共振看空 ⬇⬇⬇,-0.5605,-0.7408,-0.5625
600594,益佰制药,24.95,True,3.15,3.16,2,3.36,-10.66,-5.43,-0.21,0.0,2026-07-09,2026-07-09,51.75,-0.0883,-0.2771,0.4385,0.0892,0.9279,0.2692,0.222,-0.6955,0.1522,多周期共振看空 ⬇⬇⬇,-0.5099,-0.529,-0.5625
603486,科沃斯,291.32,True,50.81,51.61,1,1.02,-12.3,-7.31,-1.56,0.0,2026-07-09,2026-07-09,45.72,0.3366,-0.6498,0.4243,0.202,0.7939,0.2928,0.2219,-0.7345,0.1327,多周期共振看空 ⬇⬇⬇,-0.529,-0.5983,-0.5625
600319,亚星化学,23.26,True,6.0,6.56,0,-3.82,-10.18,-6.51,-8.57,0.0,2026-07-09,2026-07-09,31.06,-0.2827,0.4294,0.304,0.3717,0.4679,0.4933,0.2218,-0.7767,0.1117,多周期共振看空 ⬇⬇⬇,-0.5929,-0.6363,-0.5625
600249,两面针,25.46,True,4.63,4.81,0,-0.08,-11.39,-5.77,-3.66,0.0,2026-07-09,2026-07-09,35.71,0.3051,-0.1855,0.3872,0.3089,0.5714,0.3547,0.2218,-0.689,0.1555,多周期共振看空 ⬇⬇⬇,-0.5515,-0.4791,-0.5625
600893,航发动力,952.78,True,35.75,38.33,2,1.42,-13.06,-5.4,-6.73,0.0,2026-07-09,2026-07-09,39.73,0.2985,-0.0478,0.4962,0.36,0.6607,0.1731,0.2216,-0.7346,0.1327,多周期共振看空 ⬇⬇⬇,-0.7225,-0.6577,-0.3375
601966,玲珑轮胎,152.94,True,10.45,10.82,0,-0.32,-11.4,-5.58,-3.46,0.0,2026-07-09,2026-07-09,41.03,-0.1663,0.0673,0.2841,0.2269,0.6895,0.5265,0.2215,-0.8398,0.0801,多周期共振看空 ⬇⬇⬇,-0.622,-0.75,-0.5625
002405,四维图新,150.3,True,6.38,6.83,0,-6.56,-14.98,-11.2,-6.56,0.0,2026-07-09,2026-07-09,28.31,0.5829,-0.2696,0.3356,0.4419,0.407,0.4407,0.2214,-0.7766,0.1117,多周期共振看空 ⬇⬇⬇,-0.625,-0.6762,-0.495
601216,君正集团,372.96,True,4.42,4.47,2,0.59,-10.33,-3.83,-1.09,0.0,2026-07-09,2026-07-09,43.12,0.0179,-0.2525,0.345,0.1098,0.736,0.425,0.2214,-0.6273,0.1864,多周期共振看空 ⬇⬇⬇,-0.3142,-0.6144,-0.495
002372,伟星新材,117.08,True,7.96,8.55,0,-1.39,-10.41,-6.16,-6.87,0.0,2026-07-09,2026-07-09,30.23,-0.1838,1.6712,0.3198,0.4,0.4496,0.467,0.2212,-0.7838,0.1081,多周期共振看空 ⬇⬇⬇,-0.622,-0.6946,-0.495
002358,森源电气,48.81,True,5.25,5.7,0,-2.09,-11.67,-6.57,-7.86,0.0,2026-07-09,2026-07-09,29.86,0.5605,-0.2921,0.3668,0.4194,0.4414,0.3887,0.2212,-0.7424,0.1288,多周期共振看空 ⬇⬇⬇,-0.8615,-0.5557,-0.3375
002790,瑞尔特,14.21,True,5.45,5.67,0,-0.91,-9.39,-6.22,-3.86,0.0,2026-07-09,2026-07-09,40.44,0.3207,-0.3233,0.3171,0.2631,0.6765,0.4716,0.2211,-0.8415,0.0792,多周期共振看空 ⬇⬇⬇,-0.6265,-0.75,-0.5625
600624,ST复华,24.86,True,3.66,3.7,2,7.14,-15.04,-6.59,-0.97,0.0,2026-07-09,2026-07-09,44.19,0.0273,0.4738,0.5927,0.4059,0.7597,0.0121,0.2211,-0.8017,0.0992,多周期共振看空 ⬇⬇⬇,-0.546,-0.7315,-0.5625
002291,遥望科技,40.68,True,4.68,5.01,0,-5.32,-14.22,-8.61,-6.61,0.0,2026-07-09,2026-07-09,25.24,0.4893,0.028,0.3325,0.5048,0.3387,0.4459,0.2211,-0.8024,0.0988,多周期共振看空 ⬇⬇⬇,-0.625,-0.6652,-0.5625
600551,时代出版,44.62,True,6.58,6.85,0,-0.89,-4.84,-3.01,-3.99,0.0,2026-07-09,2026-07-09,35.56,-0.0839,0.0253,0.1919,0.2101,0.5679,0.6802,0.2206,-0.7968,0.1016,多周期共振看空 ⬇⬇⬇,-0.5441,-0.7223,-0.5625
002917,金奥博,26.24,True,10.07,10.84,0,-1.31,-14.83,-10.08,-7.12,0.0,2026-07-09,2026-07-09,33.23,0.6183,-0.4867,0.3807,0.3763,0.5163,0.3655,0.2205,-0.7501,0.125,多周期共振看空 ⬇⬇⬇,-0.5905,-0.58,-0.5625
002644,佛慈制药,36.51,True,7.15,7.28,4,1.91,-7.74,-2.31,-1.83,0.044,2026-07-09,2026-07-09,46.49,-0.3814,-0.345,0.3784,0.062,0.8109,0.3693,0.2204,-0.7101,0.145,多周期共振看空 ⬇⬇⬇,-0.3478,-0.7,-0.5625
601388,怡球资源,61.85,True,2.81,3.02,0,-2.38,-11.32,-7.44,-6.92,0.0,2026-07-09,2026-07-09,31.33,0.345,-0.1547,0.3975,0.3451,0.4739,0.3374,0.2203,-0.6282,0.1859,多周期共振看空 ⬇⬇⬇,-0.616,-0.5152,-0.3375
603319,美湖股份,106.63,True,31.44,33.81,3,5.3,-14.12,-4.96,-7.01,0.0,2026-07-09,2026-07-09,35.3,0.5472,-0.5531,0.5457,0.3283,0.5623,0.0906,0.2203,-0.5104,0.2448,多周期共振看空 ⬇⬇⬇,-0.3245,-0.3486,-0.495
002114,罗平锌电,20.86,True,6.45,7.31,2,5.61,-14.76,-5.5,-11.72,0.0,2026-07-09,2026-07-09,37.44,0.5076,-0.0628,0.73,0.4794,0.6098,0.0,0.2202,-0.7368,0.1316,多周期共振看空 ⬇⬇⬇,-0.5552,-0.6485,-0.495
002551,尚荣医疗,16.99,True,2.78,2.82,2,1.37,-8.38,-4.97,-1.56,0.0,2026-07-09,2026-07-09,47.37,-0.2006,-0.1248,0.3676,0.1501,0.8304,0.3873,0.2202,-0.7846,0.1077,多周期共振看空 ⬇⬇⬇,-0.5021,-0.7315,-0.5625
000839,国安股份,96.04,True,2.45,2.64,2,2.87,-14.5,-6.48,-7.09,0.0,2026-07-09,2026-07-09,32.14,0.6416,-0.1667,0.6052,0.5183,0.4921,0.0,0.2202,-0.6583,0.1709,多周期共振看空 ⬇⬇⬇,-0.6044,-0.5913,-0.3375
600089,XD特变电,1012.58,True,20.04,22.28,1,1.18,-12.42,-6.79,-10.04,0.0,2026-07-09,2026-07-09,29.17,0.6445,-0.2106,0.4365,0.5024,0.4259,0.2725,0.2201,-0.7725,0.1138,多周期共振看空 ⬇⬇⬇,-0.8198,-0.6577,-0.3375
603332,苏州龙杰,21.81,True,10.08,10.71,0,-0.37,-11.64,-5.86,-5.86,0.0,2026-07-09,2026-07-09,35.84,0.3942,-0.4202,0.3186,0.2684,0.5741,0.469,0.2201,-0.7325,0.1337,多周期共振看空 ⬇⬇⬇,-0.6265,-0.5103,-0.5625
603533,掌阅科技,82.91,True,18.89,20.23,1,0.13,-18.18,-9.33,-6.64,0.0,2026-07-09,2026-07-09,38.86,0.4827,-0.1717,0.6063,0.4209,0.6413,0.0,0.22,-0.683,0.1585,多周期共振看空 ⬇⬇⬇,-0.6332,-0.6208,-0.3375
600207,安彩高科,49.89,True,4.58,5.69,0,-0.75,-22.24,-11.46,-19.57,0.0,2026-07-09,2026-07-09,17.14,0.7623,-0.6718,0.6698,0.4574,0.1587,0.0,0.2198,-0.1635,0.4183,多周期方向不一致，观望,-0.6615,-0.121,-0.0307
002592,ST八菱,16.03,True,6.1,6.37,2,3.37,-10.47,-5.19,-4.19,0.0,2026-07-09,2026-07-09,47.2,-0.0168,0.2564,0.5577,0.3026,0.8267,0.0706,0.2195,-0.7763,0.1119,多周期共振看空 ⬇⬇⬇,-0.6026,-0.6946,-0.495
600980,北矿科技,32.5,True,17.17,19.76,2,3.1,-13.12,-4.93,-13.12,0.0,2026-07-09,2026-07-09,23.51,0.7047,-0.065,0.4392,0.5968,0.3003,0.2681,0.2193,-0.7754,0.1123,多周期共振看空 ⬇⬇⬇,-0.5881,-0.6375,-0.5625
000893,亚钾国际,318.39,True,39.22,43.15,4,3.51,-10.9,-4.31,-9.11,0.0,2026-07-09,2026-07-09,45.66,-0.1056,0.2733,0.7244,0.3093,0.7925,0.0,0.2193,-0.6914,0.1543,多周期共振看空 ⬇⬇⬇,-0.6226,-0.6485,-0.3375
002927,泰永长征,37.06,True,16.79,19.8,6,6.58,-16.48,-6.53,-15.21,0.0,2026-07-09,2026-07-09,16.1,0.7694,-0.4477,0.6969,0.4826,0.1356,0.0,0.2189,-0.1837,0.4082,月线震荡，中短期走弱,-0.3499,-0.205,-0.1125
600486,扬农化工,200.48,True,49.61,53.05,0,-0.26,-8.98,-4.83,-6.49,0.0,2026-07-09,2026-07-09,39.0,0.35,-0.2062,0.4194,0.3276,0.6445,0.301,0.2189,-0.7869,0.1065,多周期共振看空 ⬇⬇⬇,-0.6622,-0.6669,-0.495
001336,楚环科技,10.58,True,21.45,23.11,0,-3.72,-11.21,-8.06,-7.17,0.0,2026-07-09,2026-07-09,30.95,0.4553,-0.4152,0.3036,0.3071,0.4656,0.494,0.2189,-0.6942,0.1529,多周期共振看空 ⬇⬇⬇,-0.839,-0.469,-0.3375
002572,索菲亚,48.86,True,7.5,7.88,0,-0.61,-13.57,-7.95,-4.87,0.0,2026-07-09,2026-07-09,36.76,-0.5464,0.2934,0.3262,0.3174,0.5948,0.4564,0.2189,-0.8356,0.0822,多周期共振看空 ⬇⬇⬇,-0.622,-0.7408,-0.5625
000702,正虹科技,13.23,True,4.96,5.23,0,-0.38,-11.69,-7.65,-5.23,0.0,2026-07-09,2026-07-09,39.87,-0.5661,0.1731,0.3659,0.2692,0.6638,0.3901,0.2184,-0.7923,0.1038,多周期共振看空 ⬇⬇⬇,-0.622,-0.6456,-0.5625
002664,信质集团,70.05,True,17.4,18.33,4,7.98,-14.64,-4.03,-5.09,0.0,2026-07-09,2026-07-09,36.89,0.5895,-0.3073,0.6821,0.4308,0.5976,0.0,0.2183,-0.6599,0.17,多周期共振看空 ⬇⬇⬇,-0.3491,-0.5885,-0.5625
002381,双箭股份,16.68,True,5.18,5.37,2,0.65,-6.74,-3.99,-3.47,0.0,2026-07-09,2026-07-09,41.75,-0.0896,-0.1096,0.2746,0.1562,0.7055,0.5423,0.2181,-0.7859,0.107,多周期共振看空 ⬇⬇⬇,-0.5379,-0.7038,-0.5625
002088,鲁阳节能,38.05,True,7.52,8.03,6,4.76,-8.21,-3.33,-6.37,0.0,2026-07-09,2026-07-09,26.37,0.8024,-0.208,0.4949,0.5982,0.3637,0.1752,0.2181,-0.7887,0.1057,多周期共振看空 ⬇⬇⬇,-0.5019,-0.7408,-0.5625
002096,易普力,108.17,True,8.72,9.15,0,-3.32,-15.42,-8.2,-4.72,0.0,2026-07-09,2026-07-09,35.32,0.6656,-0.8213,0.3825,0.3994,0.5627,0.3624,0.2181,-0.8597,0.0701,多周期共振看空 ⬇⬇⬇,-0.673,-0.75,-0.5625
603888,新华网,115.04,True,17.05,17.78,5,2.63,-7.23,-3.28,-4.11,0.0,2026-07-09,2026-07-09,26.02,0.618,-0.8733,0.327,0.3708,0.3559,0.455,0.2178,-0.6419,0.179,多周期共振看空 ⬇⬇⬇,-0.4767,-0.5071,-0.495
002530,金财互联,45.74,True,6.58,7.14,0,-0.42,-10.47,-5.94,-7.79,0.0,2026-07-09,2026-07-09,34.47,0.7757,-0.5611,0.4044,0.4654,0.5437,0.326,0.2177,-0.9164,0.0418,多周期共振看空 ⬇⬇⬇,-0.8615,-0.7131,-0.5625
002796,世嘉科技,76.62,True,33.65,38.6,0,-2.18,-17.06,-10.48,-12.83,0.0,2026-07-09,2026-07-09,27.28,0.2394,-0.193,0.5847,0.2664,0.3841,0.0254,0.2177,-0.1657,0.4172,月线看多，中短期调整中,-0.5508,-0.4967,0.18
001396,誉帆科技,7.92,True,34.88,37.2,0,-1.66,-13.92,-8.74,-6.24,0.0,2026-07-09,2026-07-09,28.51,0.0006,-0.2361,0.4061,0.1059,0.4113,0.3232,0.2177,-0.1799,0.4101,周线日线方向不一致,-0.5995,0.0,
601065,江盐集团,43.32,True,6.74,6.9,0,-0.54,-9.29,-4.85,-2.39,0.0,2026-07-09,2026-07-09,37.29,-0.1952,0.0358,0.24,0.2143,0.6064,0.6,0.2176,-0.8097,0.0952,多周期共振看空 ⬇⬇⬇,-0.5773,-0.7223,-0.5625
603920,世运电路,309.71,True,42.98,49.82,0,-0.75,-21.36,-11.83,-13.73,0.0,2026-07-09,2026-07-09,23.98,0.5434,0.1774,0.7572,0.597,0.3106,0.0,0.2176,-0.587,0.2065,多周期共振看空 ⬇⬇⬇,-0.6975,-0.3548,-0.3375
002835,同为股份,14.52,True,11.41,11.9,0,-0.86,-9.11,-5.56,-4.08,0.0,2026-07-09,2026-07-09,37.96,0.2354,-0.1496,0.3113,0.2814,0.6212,0.4812,0.2176,-0.8398,0.0801,多周期共振看空 ⬇⬇⬇,-0.622,-0.75,-0.5625
000913,钱江摩托,53.26,True,10.24,10.88,4,6.86,-8.54,-3.68,-5.88,0.0,2026-07-09,2026-07-09,21.43,0.6407,-0.0157,0.4519,0.5781,0.254,0.2469,0.2175,-0.687,0.1565,多周期共振看空 ⬇⬇⬇,-0.4718,-0.5431,-0.5625
002881,美格智能,66.21,True,36.38,38.78,0,-1.36,-17.52,-7.74,-6.18,0.0,2026-07-09,2026-07-09,33.13,0.7125,-0.6668,0.714,0.4275,0.5141,0.0,0.2174,-0.5615,0.2193,多周期共振看空 ⬇⬇⬇,-0.3938,-0.3341,-0.5625
002313,日海智能,29.13,True,7.78,7.87,1,0.54,-13.26,-7.49,-1.12,0.0,2026-07-09,2026-07-09,46.98,-0.0461,0.1976,0.5939,0.2791,0.8217,0.0102,0.2171,-0.7042,0.1479,多周期共振看空 ⬇⬇⬇,-0.5065,-0.551,-0.5625
000952,广济药业,18.68,True,5.43,5.81,0,-2.56,-11.22,-7.48,-6.54,0.0,2026-07-09,2026-07-09,36.55,-0.1491,0.4777,0.446,0.3911,0.59,0.2567,0.2171,-0.802,0.099,多周期共振看空 ⬇⬇⬇,-0.691,-0.6079,-0.5625
605566,福莱蒽特,37.9,True,28.42,40.31,10,21.39,-29.49,-3.99,-29.49,0.0,2026-07-09,2026-07-09,8.83,0.6252,-0.205,0.8223,0.4931,0.0,0.0,0.217,-0.0532,0.4734,多周期方向不一致，观望,-0.3405,-0.0148,0.0729
002434,万里扬,78.68,True,6.0,6.43,2,1.23,-13.69,-6.29,-6.67,0.0,2026-07-09,2026-07-09,34.87,0.2928,0.439,0.5771,0.5513,0.5528,0.0381,0.217,-0.8398,0.0801,多周期共振看空 ⬇⬇⬇,-0.622,-0.75,-0.5625
600550,保变电气,196.12,True,10.65,11.94,2,1.98,-13.7,-6.59,-10.8,0.0,2026-07-09,2026-07-09,24.15,0.7176,-0.1234,0.4874,0.5812,0.3144,0.1877,0.2169,-0.722,0.139,多周期共振看空 ⬇⬇⬇,-0.7118,-0.6392,-0.3375
600335,国机汽车,72.89,True,4.9,5.03,1,0.49,-10.07,-4.89,-2.67,0.0,2026-07-09,2026-07-09,39.37,-0.4317,0.0894,0.3244,0.2357,0.6527,0.4593,0.2169,-0.7923,0.1038,多周期共振看空 ⬇⬇⬇,-0.5433,-0.7131,-0.5625
000681,视觉中国,123.6,True,18.28,20.52,5,13.23,-14.12,-4.25,-10.93,0.0,2026-07-09,2026-07-09,30.87,0.7586,-0.5915,0.6483,0.4552,0.4638,0.0,0.2169,-0.5499,0.225,多周期共振看空 ⬇⬇⬇,-0.3852,-0.3833,-0.495
603326,我乐家居,19.66,True,6.16,6.51,0,-2.63,-9.56,-6.95,-5.35,0.0,2026-07-09,2026-07-09,35.14,-0.0126,0.2325,0.2827,0.293,0.5586,0.5289,0.2167,-0.8289,0.0856,多周期共振看空 ⬇⬇⬇,-0.6265,-0.7223,-0.5625
600682,南京新百,61.35,True,5.27,5.57,5,3.67,-10.73,-3.01,-5.39,0.0,2026-07-09,2026-07-09,34.78,0.5092,-0.36,0.421,0.3615,0.5507,0.2983,0.2166,-0.7453,0.1274,多周期共振看空 ⬇⬇⬇,-0.4122,-0.7223,-0.5625
002632,道明光学,52.56,True,9.15,9.36,0,-0.33,-11.53,-5.98,-2.26,0.0,2026-07-09,2026-07-09,42.39,0.2314,-0.045,0.5696,0.3208,0.7199,0.0506,0.2166,-0.6852,0.1574,多周期共振看空 ⬇⬇⬇,-0.5342,-0.553,-0.495
603392,万泰生物,352.13,True,27.85,28.14,1,0.3,-17.28,-9.27,-1.03,0.0,2026-07-09,2026-07-09,45.13,0.1878,-0.132,0.4466,0.2599,0.7808,0.2557,0.2165,-0.8254,0.0873,多周期共振看空 ⬇⬇⬇,-0.6175,-0.7223,-0.5625
600075,新疆天业,71.9,True,4.21,4.36,0,-0.63,-13.71,-7.96,-3.46,0.0,2026-07-09,2026-07-09,46.33,-0.6188,0.0444,0.5567,0.2178,0.8073,0.0722,0.2163,-0.6444,0.1778,多周期共振看空 ⬇⬇⬇,-0.547,-0.6098,-0.3375
002030,达安基因,69.61,True,4.96,5.22,0,-2.71,-17.02,-9.67,-4.99,0.0,2026-07-09,2026-07-09,31.21,0.6142,-0.5292,0.3826,0.3685,0.4713,0.3624,0.2162,-0.7158,0.1421,多周期共振看空 ⬇⬇⬇,-0.4799,-0.5994,-0.5625
603153,上海建科,52.94,True,13.11,13.29,2,0.56,-8.64,-4.23,-1.35,0.0,2026-07-09,2026-07-09,41.04,-0.2914,-0.1676,0.2549,0.1329,0.6897,0.5751,0.2162,-0.7711,0.1144,多周期共振看空 ⬇⬇⬇,-0.5233,-0.6837,-0.5625
002888,惠威科技,13.9,True,18.55,20.7,12,15.8,-10.72,1.27,-10.39,0.0,2026-07-09,2026-07-09,30.99,0.2389,-0.5592,0.6243,0.1434,0.4664,0.0,0.2159,-0.0617,0.4692,多周期方向不一致，观望,-0.1569,0.0883,-0.225
603382,海阳科技,18.96,True,16.42,18.1,0,-4.99,-12.87,-9.84,-9.3,0.0,2026-07-09,2026-07-09,27.77,0.2045,0.3793,0.3269,0.4744,0.3948,0.4551,0.2158,-0.8702,0.0649,多周期共振看空 ⬇⬇⬇,-0.7,-0.75,-0.5625
002688,金河生物,36.48,True,4.88,4.92,3,3.18,-9.67,-4.04,-0.76,0.0,2026-07-09,2026-07-09,49.03,-0.0642,-0.2563,0.3871,0.0975,0.8674,0.3549,0.2158,-0.754,0.123,多周期共振看空 ⬇⬇⬇,-0.4344,-0.7223,-0.5625
601137,博威合金,177.38,True,19.32,23.42,12,17.44,-17.7,1.29,-17.49,0.0,2026-07-09,2026-07-09,13.93,0.5881,-0.4886,0.6304,0.3574,0.0874,0.0,0.2157,0.049,0.5245,多周期方向不一致，观望,-0.2848,0.3937,0.0659
002425,凯撒文化,24.66,True,2.68,2.73,0,-0.57,-10.07,-6.11,-1.76,0.0,2026-07-09,2026-07-09,45.59,-0.298,-0.3306,0.329,0.0678,0.7908,0.4517,0.2154,-0.6956,0.1522,多周期共振看空 ⬇⬇⬇,-0.4069,-0.6175,-0.5625
001216,华瓷股份,34.18,True,13.92,15.37,4,13.48,-11.06,-3.3,-9.41,0.0,2026-07-09,2026-07-09,22.64,0.7159,-0.0824,0.6475,0.5966,0.2809,0.0,0.2153,-0.5695,0.2152,多周期共振看空 ⬇⬇⬇,-0.4938,-0.491,-0.3375
603809,豪能股份,80.89,True,8.79,9.33,2,2.11,-12.76,-5.93,-5.82,0.0,2026-07-09,2026-07-09,35.9,0.558,-0.3286,0.4731,0.4034,0.5755,0.2115,0.2153,-0.783,0.1085,多周期共振看空 ⬇⬇⬇,-0.586,-0.656,-0.5625
600720,中交设计,49.75,True,4.93,5.15,0,-2.58,-11.93,-7.74,-4.26,0.0,2026-07-09,2026-07-09,34.23,0.3853,-0.3144,0.2779,0.3054,0.5385,0.5368,0.2153,-0.8415,0.0792,多周期共振看空 ⬇⬇⬇,-0.6265,-0.75,-0.5625
603507,振江股份,57.13,True,31.43,34.85,0,-0.55,-14.09,-6.89,-9.82,0.0,2026-07-09,2026-07-09,18.59,0.1485,-0.0991,0.4116,0.2494,0.1909,0.3141,0.2151,-0.159,0.4205,月线看多，中短期调整中,-0.7605,-0.2852,0.18
002676,顺威股份,35.49,True,4.93,5.18,4,2.92,-12.13,-4.0,-4.92,0.0,2026-07-09,2026-07-09,41.96,0.362,-0.3686,0.4352,0.2698,0.7102,0.2746,0.215,-0.7837,0.1082,多周期共振看空 ⬇⬇⬇,-0.5105,-0.7223,-0.5625
605199,ST葫芦娃,23.21,True,5.8,5.84,2,1.35,-14.96,-6.79,-0.65,0.0,2026-07-09,2026-07-09,43.78,-0.1363,0.1605,0.4968,0.2642,0.7506,0.1719,0.215,-0.7411,0.1295,多周期共振看空 ⬇⬇⬇,-0.5245,-0.6167,-0.5625
600959,江苏有线,146.52,True,2.93,3.02,0,-2.95,-11.64,-7.76,-2.95,0.0,2026-07-09,2026-07-09,34.55,0.2906,-0.4302,0.2505,0.2023,0.5455,0.5825,0.2148,-0.7262,0.1369,多周期共振看空 ⬇⬇⬇,-0.5515,-0.6283,-0.495
600152,维科技术,44.97,True,8.5,10.16,1,4.73,-18.02,-9.38,-16.3,0.0,2026-07-09,2026-07-09,28.01,0.186,-0.2449,0.7078,0.2137,0.4002,0.0,0.2146,-0.1054,0.4473,月线看多，中短期调整中,-0.4953,-0.2575,0.18
002058,威尔泰,26.12,True,18.25,20.95,0,-0.12,-14.82,-10.11,-12.88,0.0,2026-07-09,2026-07-09,11.55,0.5173,1.251,0.5506,0.7104,0.0345,0.0823,0.2145,-0.5278,0.2361,多周期共振看空 ⬇⬇⬇,-0.812,-0.2454,-0.2185
600243,*ST海华,14.92,True,3.4,3.63,4,6.52,-14.57,-4.1,-6.44,0.0,2026-07-09,2026-07-09,38.1,0.3664,-0.7218,0.4722,0.2198,0.6243,0.2129,0.2144,-0.5561,0.2219,多周期共振看空 ⬇⬇⬇,-0.4753,-0.3198,-0.495
603216,梦天家居,44.52,True,19.99,21.45,0,-2.01,-11.5,-6.97,-6.81,0.0,2026-07-09,2026-07-09,30.76,0.6231,-0.7457,0.3763,0.3738,0.4612,0.3729,0.2141,-0.7369,0.1316,多周期共振看空 ⬇⬇⬇,-0.4733,-0.7189,-0.495
605218,伟时电子,31.56,True,14.83,16.62,5,3.58,-11.94,-3.72,-10.77,0.0,2026-07-09,2026-07-09,27.65,0.6895,-0.3874,0.4705,0.4587,0.3921,0.2159,0.2137,-0.6676,0.1662,多周期共振看空 ⬇⬇⬇,-0.4882,-0.4863,-0.5625
002241,歌尔股份,672.24,True,21.37,22.57,0,-2.49,-11.01,-6.72,-5.32,0.0,2026-07-09,2026-07-09,35.66,0.489,-0.3594,0.4676,0.3497,0.5702,0.2207,0.2136,-0.7113,0.1443,多周期共振看空 ⬇⬇⬇,-0.6885,-0.4106,-0.5625
002757,南兴股份,50.52,True,17.91,19.28,0,-5.8,-19.45,-11.45,-7.12,0.0,2026-07-09,2026-07-09,29.76,0.0177,0.6036,0.6898,0.4106,0.4392,0.0,0.2136,-0.4751,0.2624,多周期共振看空 ⬇⬇⬇,-0.5255,-0.2563,-0.3375
600469,风神股份,39.46,True,5.41,5.49,1,2.32,-8.86,-3.58,-1.4,0.0,2026-07-09,2026-07-09,43.48,-0.198,-0.2216,0.359,0.1114,0.744,0.4017,0.2136,-0.6837,0.1582,多周期共振看空 ⬇⬇⬇,-0.3546,-0.7038,-0.495
002651,利君股份,41.67,True,7.37,7.69,1,1.69,-8.59,-4.29,-4.14,0.0,2026-07-09,2026-07-09,36.5,0.1606,-0.0379,0.3385,0.2812,0.5889,0.4359,0.2136,-0.7965,0.1018,多周期共振看空 ⬇⬇⬇,-0.5433,-0.7223,-0.5625
002125,湘潭电化,74.6,True,11.85,15.51,9,23.94,-25.38,-2.93,-23.61,0.0,2026-07-09,2026-07-09,6.05,0.9462,-0.5339,0.6061,0.5677,0.0,0.0,0.2131,-0.2036,0.3982,多周期方向不一致，观望,-0.3683,-0.0841,-0.495
002438,江苏神通,62.27,True,13.28,14.73,0,-3.07,-11.16,-6.54,-9.85,0.0,2026-07-09,2026-07-09,28.29,0.4115,-0.1779,0.3918,0.3758,0.4064,0.347,0.213,-0.6625,0.1688,多周期共振看空 ⬇⬇⬇,-0.6079,-0.5975,-0.3375
600436,片仔癀,665.52,True,110.31,113.45,1,0.4,-8.41,-4.32,-2.77,0.0,2026-07-09,2026-07-09,46.16,-0.137,-0.1201,0.3806,0.152,0.8035,0.3656,0.213,-0.7957,0.1022,多周期共振看空 ⬇⬇⬇,-0.509,-0.75,-0.5625
603826,坤彩科技,144.14,True,22.0,27.55,3,3.46,-20.43,-9.07,-20.14,0.0,2026-07-09,2026-07-09,14.25,-0.3413,0.5239,0.5303,0.4,0.0945,0.1161,0.213,-0.1426,0.4287,月线看多，中短期调整中,-0.7797,-0.1906,0.18
600273,嘉化能源,84.97,True,6.48,6.78,1,0.21,-6.11,-3.93,-4.38,0.0,2026-07-09,2026-07-09,40.85,0.0201,-0.1161,0.319,0.1656,0.6856,0.4684,0.2127,-0.7608,0.1196,多周期共振看空 ⬇⬇⬇,-0.5522,-0.7038,-0.495
600794,保税科技,35.52,True,2.96,3.0,0,-0.03,-7.21,-3.84,-1.43,0.0,2026-07-09,2026-07-09,44.83,-0.0455,-0.2252,0.3017,0.1099,0.7739,0.4972,0.2127,-0.8004,0.0998,多周期共振看空 ⬇⬇⬇,-0.5211,-0.75,-0.5625
603600,永艺股份,30.3,True,9.17,9.37,1,0.91,-9.69,-5.45,-2.18,0.0,2026-07-09,2026-07-09,46.84,-0.3166,-0.3639,0.3239,0.0544,0.8186,0.4602,0.2126,-0.7371,0.1315,多周期共振看空 ⬇⬇⬇,-0.5572,-0.5798,-0.5625
003042,中农联合,14.89,True,12.08,12.84,0,-2.12,-10.59,-7.76,-5.92,0.0,2026-07-09,2026-07-09,34.54,0.4481,-0.4603,0.3184,0.2847,0.5453,0.4693,0.2125,-0.7856,0.1072,多周期共振看空 ⬇⬇⬇,-0.6265,-0.6946,-0.495
600143,金发科技,398.39,True,15.12,15.84,2,6.19,-9.87,-3.27,-4.55,0.0,2026-07-09,2026-07-09,39.57,0.3753,-0.22,0.6147,0.3372,0.6571,0.0,0.2124,-0.6287,0.1856,多周期共振看空 ⬇⬇⬇,-0.45,-0.4336,-0.5625
603035,常熟汽饰,39.27,True,10.72,11.04,2,1.92,-8.93,-4.59,-2.92,0.0,2026-07-09,2026-07-09,43.09,-0.2678,-0.1108,0.3155,0.1557,0.7353,0.4741,0.2123,-0.8127,0.0937,多周期共振看空 ⬇⬇⬇,-0.5525,-0.75,-0.5625
002681,奋达科技,71.09,True,4.53,4.68,0,-1.39,-10.76,-7.17,-3.24,0.0,2026-07-09,2026-07-09,39.72,0.6431,-0.4257,0.5657,0.4156,0.6604,0.0572,0.212,-0.8076,0.0962,多周期共振看空 ⬇⬇⬇,-0.615,-0.6854,-0.5625
600854,春兰股份,21.25,True,4.09,4.26,1,0.59,-10.72,-6.22,-3.95,0.0,2026-07-09,2026-07-09,43.55,-0.0334,-0.3741,0.3507,0.0504,0.7455,0.4154,0.212,-0.6112,0.1944,多周期共振看空 ⬇⬇⬇,-0.4065,-0.4324,-0.5625
603086,先达股份,22.78,True,5.24,5.52,1,0.24,-8.93,-5.62,-5.15,0.0,2026-07-09,2026-07-09,38.57,-0.3815,0.1234,0.3217,0.2494,0.6349,0.4638,0.2119,-0.8364,0.0818,多周期共振看空 ⬇⬇⬇,-0.6133,-0.75,-0.5625
000503,国新健康,61.69,True,6.3,6.6,1,1.84,-10.4,-4.59,-4.51,0.0,2026-07-09,2026-07-09,32.1,0.5164,-0.3455,0.3669,0.3716,0.4911,0.3885,0.2119,-0.7999,0.1,多周期共振看空 ⬇⬇⬇,-0.5304,-0.7408,-0.5625
603236,移远通信,199.5,True,49.51,51.62,6,6.53,-13.89,-3.76,-4.1,0.0,2026-07-09,2026-07-09,42.1,0.5115,-0.5685,0.5783,0.3069,0.7133,0.0361,0.2118,-0.6816,0.1592,多周期共振看空 ⬇⬇⬇,-0.4401,-0.5582,-0.5625
002553,南方精工,39.0,True,15.22,16.66,2,0.7,-13.43,-6.73,-8.66,0.0,2026-07-09,2026-07-09,34.33,0.5767,-0.1969,0.5149,0.4672,0.5407,0.1419,0.2118,-0.8157,0.0922,多周期共振看空 ⬇⬇⬇,-0.571,-0.7408,-0.5625
603613,国联股份,129.84,True,18.02,19.2,0,-1.28,-16.55,-9.91,-6.16,0.0,2026-07-09,2026-07-09,37.63,0.2111,-0.0238,0.4222,0.3171,0.6141,0.2963,0.2117,-0.788,0.106,多周期共振看空 ⬇⬇⬇,-0.7,-0.5694,-0.5625
600456,宝钛股份,126.09,True,26.39,28.52,2,4.08,-12.55,-5.93,-7.46,0.0,2026-07-09,2026-07-09,33.07,0.5277,-0.1577,0.5342,0.4536,0.5126,0.1096,0.2115,-0.7361,0.132,多周期共振看空 ⬇⬇⬇,-0.5615,-0.6416,-0.495
002373,千方科技,96.84,True,7.03,7.35,0,-0.01,-11.07,-4.67,-4.37,0.0,2026-07-09,2026-07-09,27.04,0.5282,-0.2216,0.3124,0.4283,0.3788,0.4794,0.2114,-0.8322,0.0839,多周期共振看空 ⬇⬇⬇,-0.6025,-0.75,-0.5625
002724,海洋王,27.08,True,4.77,5.0,1,0.05,-7.72,-4.53,-4.58,0.0,2026-07-09,2026-07-09,36.79,0.1894,-0.2041,0.2854,0.232,0.5954,0.5243,0.2111,-0.8165,0.0917,多周期共振看空 ⬇⬇⬇,-0.6054,-0.7131,-0.5625
002073,软控股份,52.32,True,5.16,5.32,2,0.97,-7.51,-3.8,-3.0,0.0,2026-07-09,2026-07-09,41.96,0.1435,-0.3528,0.2931,0.145,0.7103,0.5116,0.2111,-0.805,0.0975,多周期共振看空 ⬇⬇⬇,-0.5328,-0.75,-0.5625
002614,奥佳华,19.86,True,4.5,4.62,0,-0.75,-9.13,-5.25,-2.65,0.0,2026-07-09,2026-07-09,39.78,0.1778,-0.3393,0.2619,0.171,0.6619,0.5634,0.2111,-0.8296,0.0852,多周期共振看空 ⬇⬇⬇,-0.5959,-0.75,-0.5625
600195,中牧股份,61.37,True,6.01,6.22,1,0.48,-8.94,-3.76,-3.42,0.0,2026-07-09,2026-07-09,40.26,-0.3438,-0.0785,0.3109,0.1686,0.6724,0.4818,0.211,-0.774,0.113,多周期共振看空 ⬇⬇⬇,-0.4963,-0.7131,-0.5625
605222,起帆电缆,83.99,True,20.34,23.5,1,2.77,-22.97,-12.2,-13.44,0.0,2026-07-09,2026-07-09,28.1,-0.219,0.0549,0.5953,0.222,0.4022,0.0079,0.211,-0.1561,0.4219,月线看多，中短期调整中,-0.821,-0.2194,0.18
600513,联环药业,40.19,True,14.08,15.31,2,1.95,-12.18,-6.47,-8.04,0.0,2026-07-09,2026-07-09,37.96,-0.1678,0.2448,0.5131,0.2979,0.6213,0.1449,0.2109,-0.6511,0.1744,多周期共振看空 ⬇⬇⬇,-0.5132,-0.4962,-0.495
600151,航天机电,149.74,True,10.44,11.27,0,-2.48,-17.77,-8.88,-7.37,0.0,2026-07-09,2026-07-09,28.57,0.3899,-0.0254,0.5173,0.4238,0.4127,0.1379,0.2109,-0.5967,0.2016,多周期共振看空 ⬇⬇⬇,-0.5332,-0.5169,-0.3375
002279,久其软件,44.63,True,5.61,6.1,1,1.3,-15.44,-7.87,-8.05,0.0,2026-07-09,2026-07-09,27.11,0.7213,-0.3142,0.4125,0.5071,0.3802,0.3125,0.2108,-0.8313,0.0843,多周期共振看空 ⬇⬇⬇,-0.7785,-0.6647,-0.495
000595,宝塔实业,62.63,True,5.5,6.02,2,3.51,-19.33,-10.91,-8.58,0.0,2026-07-09,2026-07-09,36.39,0.0402,-0.0268,0.7881,0.2134,0.5864,0.0,0.2108,-0.3586,0.3207,多周期共振看空 ⬇⬇⬇,-0.5275,-0.1629,-0.173
600691,潞化科技,52.26,True,2.2,2.39,0,-3.05,-12.7,-7.29,-7.83,0.0,2026-07-09,2026-07-09,33.33,0.5138,-0.4573,0.3849,0.3254,0.5185,0.3585,0.2108,-0.7436,0.1282,多周期共振看空 ⬇⬇⬇,-0.6073,-0.6188,-0.495
001211,双枪科技,20.06,True,21.49,27.75,4,8.22,-24.82,-13.01,-22.57,0.0,2026-07-09,2026-07-09,1.45,0.7348,-0.4587,0.583,0.4574,0.0,0.0283,0.2108,-0.0683,0.4658,多周期方向不一致，观望,-0.6105,-0.1144,0.3375
002410,广联达,128.91,True,8.21,8.5,0,-3.41,-12.0,-6.81,-3.41,0.0,2026-07-09,2026-07-09,35.38,0.2883,-0.255,0.3102,0.271,0.5641,0.483,0.2106,-0.8123,0.0938,多周期共振看空 ⬇⬇⬇,-0.5515,-0.75,-0.5625
000890,法尔胜,29.7,True,7.08,8.46,0,-1.61,-18.38,-12.99,-16.32,0.0,2026-07-09,2026-07-09,27.59,0.3534,-0.4224,0.6403,0.2431,0.3908,0.0,0.2103,-0.1755,0.4123,月线看多，中短期调整中,-0.7635,-0.3613,0.18
003006,百亚股份,58.5,True,13.65,14.7,2,1.84,-11.06,-4.44,-7.16,0.0,2026-07-09,2026-07-09,38.93,-0.0109,0.4346,0.5556,0.3738,0.6429,0.0739,0.2101,-0.7479,0.126,多周期共振看空 ⬇⬇⬇,-0.4079,-0.7315,-0.5625
002247,聚力文化,13.64,True,2.12,2.22,0,-2.06,-10.56,-7.26,-4.7,0.0,2026-07-09,2026-07-09,37.5,0.0783,0.0779,0.3515,0.2782,0.6111,0.4141,0.2101,-0.8289,0.0856,多周期共振看空 ⬇⬇⬇,-0.6265,-0.7223,-0.5625
600052,东望时代,30.14,True,3.57,3.68,2,3.4,-13.11,-6.17,-3.09,0.0,2026-07-09,2026-07-09,41.94,0.3506,-0.3699,0.5801,0.2624,0.7097,0.0331,0.2099,-0.6186,0.1907,多周期共振看空 ⬇⬇⬇,-0.3662,-0.4832,-0.5625
002218,拓日新能,50.23,True,3.62,3.94,0,-5.05,-12.06,-8.87,-8.08,0.0,2026-07-09,2026-07-09,25.26,0.5387,-0.4438,0.2858,0.3457,0.3392,0.5237,0.2098,-0.7008,0.1496,多周期共振看空 ⬇⬇⬇,-0.625,-0.6669,-0.3375
603395,红四方,13.03,True,20.05,21.33,0,-3.22,-10.15,-6.11,-5.99,0.0,2026-07-09,2026-07-09,31.2,0.5079,-0.2602,0.348,0.4007,0.4711,0.42,0.2097,-0.8649,0.0675,多周期共振看空 ⬇⬇⬇,-0.6865,-0.75,-0.5625
002401,中远海科,42.52,True,11.45,12.19,1,0.25,-8.09,-4.73,-6.06,0.0,2026-07-09,2026-07-09,19.2,0.7609,-0.2473,0.275,0.5576,0.2044,0.5417,0.2096,-0.8938,0.0531,多周期共振看空 ⬇⬇⬇,-0.7605,-0.75,-0.5625
600746,江苏索普,60.49,True,5.18,5.61,0,-3.83,-12.84,-8.07,-7.64,0.0,2026-07-09,2026-07-09,28.87,0.1954,0.0291,0.3264,0.3289,0.4194,0.456,0.2093,-0.7201,0.14,多周期共振看空 ⬇⬇⬇,-0.622,-0.5544,-0.495
603918,金桥信息,34.17,True,9.36,9.98,0,-4.3,-12.3,-7.66,-6.24,0.0,2026-07-09,2026-07-09,29.52,0.078,0.3986,0.347,0.4062,0.4338,0.4216,0.2091,-0.835,0.0825,多周期共振看空 ⬇⬇⬇,-0.6205,-0.7408,-0.5625
600268,国电南自,108.45,True,10.68,11.78,0,-1.23,-13.19,-6.16,-9.31,0.0,2026-07-09,2026-07-09,25.67,0.2734,-0.0004,0.3375,0.3639,0.3481,0.4375,0.209,-0.6779,0.1611,多周期共振看空 ⬇⬇⬇,-0.8525,-0.4217,-0.3375
000409,云鼎科技,47.89,True,8.11,8.56,0,-3.62,-9.8,-6.4,-5.2,0.0,2026-07-09,2026-07-09,34.9,0.1722,-0.1984,0.3015,0.2239,0.5532,0.4975,0.209,-0.7478,0.1261,多周期共振看空 ⬇⬇⬇,-0.625,-0.5452,-0.5625
002578,闽发铝业,25.49,True,2.96,3.34,0,-3.94,-13.49,-9.5,-11.31,0.0,2026-07-09,2026-07-09,19.57,0.8301,-0.4553,0.3848,0.516,0.2126,0.3586,0.2089,-0.6965,0.1517,多周期共振看空 ⬇⬇⬇,-0.7695,-0.5336,-0.3375
002035,华帝股份,35.35,True,4.52,4.68,0,-0.61,-7.7,-3.96,-3.38,0.0,2026-07-09,2026-07-09,37.63,-0.2403,-0.1275,0.2638,0.149,0.6141,0.5604,0.2087,-0.7539,0.123,多周期共振看空 ⬇⬇⬇,-0.5203,-0.6485,-0.5625
000488,ST晨鸣,33.88,True,2.0,2.04,1,0.73,-10.61,-4.87,-1.72,0.0,2026-07-09,2026-07-09,43.33,-0.1983,-0.4056,0.3589,0.0378,0.7407,0.4019,0.2085,-0.6029,0.1986,多周期共振看空 ⬇⬇⬇,-0.5176,-0.544,-0.3375
001225,和泰机电,8.3,True,39.46,41.69,1,1.89,-14.06,-8.06,-5.36,0.0,2026-07-09,2026-07-09,45.43,0.2978,-0.4732,0.5784,0.1894,0.7873,0.036,0.2084,-0.609,0.1955,多周期共振看空 ⬇⬇⬇,-0.4265,-0.4778,-0.495
002249,大洋电机,131.64,True,7.07,7.88,3,8.72,-12.21,-5.23,-10.25,0.0,2026-07-09,2026-07-09,35.64,0.1214,1.0907,0.634,0.4729,0.5697,0.0,0.2084,-0.7731,0.1134,多周期共振看空 ⬇⬇⬇,-0.562,-0.6548,-0.5625
002270,华明装备,161.5,True,18.02,19.71,4,2.82,-16.78,-5.43,-8.6,0.0,2026-07-09,2026-07-09,27.63,0.632,-0.1078,0.6748,0.5361,0.3918,0.0,0.2083,-0.6615,0.1693,多周期共振看空 ⬇⬇⬇,-0.492,-0.6946,-0.3375
002527,新时达,62.3,True,11.78,13.34,3,12.45,-13.53,-4.9,-11.68,0.0,2026-07-09,2026-07-09,27.54,0.8031,-0.6809,0.6558,0.4819,0.3898,0.0,0.2081,-0.5743,0.2128,多周期共振看空 ⬇⬇⬇,-0.4226,-0.3374,-0.5625
601700,风范股份,50.45,True,4.43,4.58,0,-1.74,-12.29,-7.17,-3.36,0.0,2026-07-09,2026-07-09,42.86,0.0832,-0.4992,0.3818,0.0502,0.7302,0.3637,0.208,-0.5835,0.2082,多周期共振看空 ⬇⬇⬇,-0.52,-0.4993,-0.3375
603677,奇精机械,23.71,True,12.31,13.46,0,-2.87,-16.22,-10.68,-8.55,0.0,2026-07-09,2026-07-09,36.17,0.4988,-0.4124,0.3819,0.3343,0.5814,0.3634,0.208,-0.8596,0.0702,多周期共振看空 ⬇⬇⬇,-0.8485,-0.5994,-0.5625
603062,麦加芯彩,14.18,True,38.26,40.87,4,1.38,-12.79,-4.72,-6.38,0.0,2026-07-09,2026-07-09,34.95,0.1269,-0.1424,0.3625,0.2191,0.5545,0.3958,0.2079,-0.6691,0.1654,多周期共振看空 ⬇⬇⬇,-0.4907,-0.4875,-0.5625
002161,远 望 谷,38.46,True,5.2,5.64,4,2.81,-12.84,-5.35,-7.74,0.0,2026-07-09,2026-07-09,31.06,0.6963,-0.1287,0.6849,0.5663,0.4681,0.0,0.2078,-0.8055,0.0973,多周期共振看空 ⬇⬇⬇,-0.5771,-0.7131,-0.5625
001217,华尔泰,28.09,True,8.56,9.04,0,-0.38,-9.56,-5.45,-5.3,0.0,2026-07-09,2026-07-09,39.29,0.0302,0.2196,0.4145,0.306,0.6508,0.3092,0.2077,-0.8565,0.0717,多周期共振看空 ⬇⬇⬇,-0.6865,-0.7315,-0.5625
001269,欧晶科技,37.0,True,19.23,22.94,7,15.79,-18.68,-7.2,-16.17,0.0,2026-07-09,2026-07-09,30.26,0.7946,-0.6282,0.7278,0.4768,0.4501,0.0,0.2076,-0.6419,0.179,多周期共振看空 ⬇⬇⬇,-0.5086,-0.4123,-0.5625
002765,蓝黛科技,43.26,True,7.26,7.56,3,4.54,-11.39,-5.35,-3.95,0.0,2026-07-09,2026-07-09,38.79,0.2223,0.1358,0.5402,0.3877,0.6398,0.0996,0.2075,-0.8081,0.0959,多周期共振看空 ⬇⬇⬇,-0.5407,-0.75,-0.5625
603151,邦基科技,18.53,True,10.82,11.49,0,-0.84,-11.01,-6.96,-5.86,0.0,2026-07-09,2026-07-09,38.46,-0.372,0.1814,0.37,0.2725,0.6325,0.3834,0.2075,-0.8415,0.0792,多周期共振看空 ⬇⬇⬇,-0.6265,-0.75,-0.5625
600468,百利电气,55.69,True,5.12,5.63,2,2.81,-15.11,-7.22,-9.1,0.0,2026-07-09,2026-07-09,36.89,0.3874,-0.0223,0.5521,0.4235,0.5975,0.0799,0.2072,-0.8006,0.0997,多周期共振看空 ⬇⬇⬇,-0.9025,-0.6485,-0.3375
000665,湖北广电,41.5,True,3.65,3.83,0,-4.09,-10.49,-7.13,-4.59,0.0,2026-07-09,2026-07-09,33.33,0.4682,-0.4984,0.3209,0.2815,0.5185,0.4652,0.2072,-0.7873,0.1064,多周期共振看空 ⬇⬇⬇,-0.4983,-0.7408,-0.5625
600774,汉商集团,18.72,True,6.35,6.67,0,-0.56,-9.84,-6.05,-4.77,0.0,2026-07-09,2026-07-09,41.78,-0.4367,0.148,0.4231,0.2592,0.7062,0.2948,0.2071,-0.8415,0.0792,多周期共振看空 ⬇⬇⬇,-0.6265,-0.75,-0.5625
603212,赛伍技术,47.86,True,10.94,13.18,7,9.01,-24.09,-9.22,-17.01,0.0,2026-07-09,2026-07-09,30.3,0.6905,-0.6786,0.8493,0.4143,0.451,0.0,0.2071,-0.5476,0.2262,多周期共振看空 ⬇⬇⬇,-0.6253,-0.3301,-0.3375
600312,平高电气,222.94,True,16.43,17.89,0,-2.6,-12.3,-6.59,-8.17,0.0,2026-07-09,2026-07-09,27.88,0.4539,-0.2251,0.3609,0.3823,0.3974,0.3984,0.207,-0.7516,0.1242,多周期共振看空 ⬇⬇⬇,-0.8435,-0.5913,-0.3375
601096,宏盛华源,67.03,True,4.08,4.44,0,-3.34,-8.86,-6.33,-8.19,0.0,2026-07-09,2026-07-09,20.88,0.5444,-0.2103,0.2657,0.4426,0.2418,0.5572,0.207,-0.7881,0.1059,多周期共振看空 ⬇⬇⬇,-0.8705,-0.6485,-0.3375
002022,科华生物,24.27,True,4.72,4.85,0,-0.19,-9.87,-5.69,-2.7,0.0,2026-07-09,2026-07-09,42.66,-0.21,-0.096,0.3536,0.1616,0.7257,0.4107,0.2069,-0.8032,0.0984,多周期共振看空 ⬇⬇⬇,-0.5841,-0.7021,-0.5625
001288,运机集团,34.92,True,22.99,25.26,8,9.5,-9.35,-1.66,-8.97,0.0,2026-07-09,2026-07-09,26.7,0.4777,0.0136,0.5759,0.4921,0.371,0.0402,0.2066,-0.6119,0.1941,多周期共振看空 ⬇⬇⬇,-0.394,-0.5121,-0.495
002190,成飞集成,79.46,True,22.15,24.72,1,0.64,-12.88,-6.36,-10.39,0.0,2026-07-09,2026-07-09,24.91,0.748,-0.0845,0.5833,0.615,0.3314,0.0278,0.2066,-0.7512,0.1244,多周期共振看空 ⬇⬇⬇,-0.6293,-0.5491,-0.5625
002531,天顺风能,134.37,True,7.52,8.7,0,-5.74,-16.87,-11.18,-13.52,0.0,2026-07-09,2026-07-09,20.75,0.2246,-0.1488,0.4346,0.2752,0.239,0.2757,0.2066,-0.2946,0.3527,月线震荡，中短期走弱,-0.875,-0.2852,0.0449
000720,新能泰山,41.34,True,3.29,3.82,0,-8.9,-18.58,-14.28,-13.98,0.0,2026-07-09,2026-07-09,12.87,0.8712,-0.5787,0.396,0.5227,0.0638,0.34,0.2065,-0.5331,0.2334,多周期共振看空 ⬇⬇⬇,-0.765,-0.246,-0.27
000528,柳    工,160.73,True,7.9,8.01,4,2.11,-8.86,-3.75,-1.39,0.0,2026-07-09,2026-07-09,47.6,0.0789,-0.4964,0.3489,0.0487,0.8355,0.4185,0.2062,-0.7657,0.1171,多周期共振看空 ⬇⬇⬇,-0.4643,-0.7223,-0.5625
002474,榕基软件,29.88,True,5.65,6.14,0,-1.68,-15.78,-8.96,-8.01,0.0,2026-07-09,2026-07-09,29.11,0.5454,-0.1395,0.413,0.4714,0.4248,0.3117,0.2062,-0.8641,0.068,多周期共振看空 ⬇⬇⬇,-0.774,-0.6733,-0.5625
002009,天奇股份,65.25,True,18.43,20.22,3,5.58,-15.61,-6.24,-8.86,0.0,2026-07-09,2026-07-09,36.91,0.6169,-0.6409,0.6122,0.3702,0.5979,0.0,0.2062,-0.6601,0.1699,多周期共振看空 ⬇⬇⬇,-0.6209,-0.581,-0.3375
600860,京城股份,35.75,True,8.05,8.52,1,0.65,-9.77,-5.31,-5.5,0.0,2026-07-09,2026-07-09,37.45,0.256,-0.1849,0.3816,0.2796,0.6099,0.364,0.2061,-0.8215,0.0892,多周期共振看空 ⬇⬇⬇,-0.6075,-0.7223,-0.5625
603617,君禾股份,25.18,True,6.51,7.14,7,5.28,-12.19,-2.34,-8.86,0.0,2026-07-09,2026-07-09,32.66,0.2578,0.0285,0.4705,0.3661,0.5036,0.2159,0.2061,-0.7142,0.1429,多周期共振看空 ⬇⬇⬇,-0.5175,-0.5637,-0.5625
002970,锐明技术,67.63,True,53.51,59.12,3,3.87,-15.51,-6.72,-9.49,0.0,2026-07-09,2026-07-09,25.58,0.5624,-0.1688,0.6074,0.47,0.3463,0.0,0.2061,-0.519,0.2405,多周期共振看空 ⬇⬇⬇,-0.501,-0.4494,-0.2619
002459,晶澳科技,248.01,True,7.5,8.27,2,7.24,-12.18,-4.89,-9.31,0.0,2026-07-09,2026-07-09,37.83,0.5977,-0.2112,0.5339,0.4741,0.6184,0.1102,0.2059,-0.9421,0.0289,多周期共振看空 ⬇⬇⬇,-0.8845,-0.75,-0.5625
002827,高争民爆,62.24,True,22.55,24.92,1,0.99,-12.81,-6.95,-9.52,0.0,2026-07-09,2026-07-09,32.31,0.4845,-0.0037,0.4507,0.4892,0.4958,0.2488,0.2057,-0.9314,0.0343,多周期共振看空 ⬇⬇⬇,-0.857,-0.75,-0.5625
002315,焦点科技,60.81,True,23.13,23.97,0,-0.86,-13.32,-6.58,-3.49,0.0,2026-07-09,2026-07-09,32.99,0.0463,0.0049,0.297,0.2297,0.511,0.505,0.2057,-0.7395,0.1302,多周期共振看空 ⬇⬇⬇,-0.622,-0.5296,-0.5625
002863,今飞凯达,25.24,True,4.21,4.49,0,-1.98,-10.18,-6.44,-6.17,0.0,2026-07-09,2026-07-09,30.69,-0.3674,0.2565,0.2812,0.3026,0.4598,0.5314,0.2056,-0.8163,0.0918,多周期共振看空 ⬇⬇⬇,-0.6265,-0.6946,-0.5625
603376,大明电子,7.66,True,23.93,25.49,0,-1.01,-12.86,-6.53,-6.11,0.0,2026-07-09,2026-07-09,29.3,0.2273,-0.2196,0.301,0.2485,0.429,0.4983,0.2053,-0.6685,0.1658,周线日线共振看空,-0.682,-0.45,
001222,源飞宠物,14.8,True,13.1,13.9,0,-1.53,-10.21,-6.75,-5.76,0.0,2026-07-09,2026-07-09,35.86,-0.4463,0.1456,0.3158,0.2582,0.5747,0.4736,0.205,-0.8415,0.0792,多周期共振看空 ⬇⬇⬇,-0.6265,-0.75,-0.5625
000880,潍柴重机,51.56,True,22.71,23.93,0,-1.24,-20.29,-10.31,-5.08,0.0,2026-07-09,2026-07-09,34.54,0.4384,-0.4563,0.5106,0.2805,0.5452,0.149,0.205,-0.5823,0.2088,多周期共振看空 ⬇⬇⬇,-0.3465,-0.4203,-0.5625
600099,林海股份,17.73,True,8.09,8.47,0,-0.82,-10.3,-7.28,-4.51,0.0,2026-07-09,2026-07-09,38.29,0.1643,-0.3492,0.3303,0.1589,0.6286,0.4496,0.2049,-0.7287,0.1356,多周期共振看空 ⬇⬇⬇,-0.622,-0.506,-0.5625
603610,麒盛科技,51.11,True,14.48,17.84,11,6.46,-20.1,-1.61,-18.86,0.0,2026-07-09,2026-07-09,26.58,-0.199,0.0775,0.6582,0.231,0.3684,0.0,0.2049,-0.1726,0.4137,多周期方向不一致，观望,-0.3769,-0.1206,-0.315
603248,锡华科技,13.72,True,19.19,21.9,0,-5.69,-15.83,-10.54,-12.38,0.0,2026-07-09,2026-07-09,17.12,0.3296,-0.3658,0.3679,0.2514,0.1582,0.3868,0.2049,-0.2625,0.3688,周线日线方向不一致,-0.875,0.0,
600960,渤海汽车,37.36,True,3.93,4.03,3,2.97,-10.51,-4.8,-2.38,0.0,2026-07-09,2026-07-09,47.2,-0.0241,-0.0056,0.5104,0.1978,0.8268,0.1493,0.2046,-0.7909,0.1045,多周期共振看空 ⬇⬇⬇,-0.5184,-0.7315,-0.5625
002984,森麒麟,95.67,True,13.4,13.98,2,3.51,-9.02,-4.06,-4.13,0.0,2026-07-09,2026-07-09,34.23,0.3707,-0.1567,0.4397,0.3597,0.5384,0.2672,0.2046,-0.7983,0.1008,多周期共振看空 ⬇⬇⬇,-0.5157,-0.75,-0.5625
603013,亚普股份,82.74,True,16.28,16.79,2,3.82,-13.09,-6.57,-3.03,0.0,2026-07-09,2026-07-09,36.74,0.286,-0.0214,0.5076,0.3631,0.5943,0.154,0.2045,-0.7812,0.1094,多周期共振看空 ⬇⬇⬇,-0.5815,-0.656,-0.5625
603168,莎普爱思,17.77,True,4.77,5.02,0,-1.26,-11.17,-7.11,-4.97,0.0,2026-07-09,2026-07-09,39.61,-0.4157,0.1597,0.4041,0.2639,0.658,0.3265,0.2042,-0.8398,0.0801,多周期共振看空 ⬇⬇⬇,-0.622,-0.75,-0.5625
002660,茂硕电源,21.61,True,6.3,6.79,0,-4.74,-10.87,-7.93,-7.18,0.0,2026-07-09,2026-07-09,26.11,0.5278,-0.3238,0.3097,0.3872,0.3581,0.4839,0.204,-0.8046,0.0977,多周期共振看空 ⬇⬇⬇,-0.575,-0.7131,-0.5625
002667,*ST威领,27.45,True,11.6,13.39,0,-0.5,-36.53,-21.97,-13.35,0.0,2026-07-09,2026-07-09,32.44,-0.4366,6.7171,0.7665,0.4,0.4988,0.0,0.204,-0.6062,0.1969,多周期共振看空 ⬇⬇⬇,-0.6025,-0.4783,-0.3375
002264,新 华 都,37.85,True,5.78,5.97,0,-0.37,-10.94,-6.02,-3.13,0.0,2026-07-09,2026-07-09,45.71,-0.1463,-0.3292,0.3343,0.0683,0.7937,0.4429,0.2038,-0.7856,0.1072,多周期共振看空 ⬇⬇⬇,-0.6157,-0.7038,-0.495
002376,新北洋,46.2,True,5.87,5.92,0,-0.8,-8.68,-5.11,-0.8,0.0,2026-07-09,2026-07-09,40.82,-0.1364,-0.3311,0.2365,0.0676,0.6848,0.6059,0.2038,-0.7844,0.1078,多周期共振看空 ⬇⬇⬇,-0.523,-0.7131,-0.5625
603188,亚邦股份,21.72,True,3.81,4.13,0,-0.72,-9.29,-5.51,-7.69,0.0,2026-07-09,2026-07-09,36.72,0.1302,-0.1572,0.3936,0.2153,0.5938,0.3441,0.2036,-0.7034,0.1483,多周期共振看空 ⬇⬇⬇,-0.7296,-0.583,-0.3375
600100,同方股份,228.83,True,6.83,6.88,0,-0.7,-13.27,-6.28,-0.7,0.0,2026-07-09,2026-07-09,43.78,0.185,-0.4102,0.3947,0.1469,0.7508,0.3422,0.2033,-0.7836,0.1082,多周期共振看空 ⬇⬇⬇,-0.5425,-0.6946,-0.5625
603113,金能科技,34.79,True,4.1,4.45,0,-3.73,-12.56,-7.41,-7.84,0.0,2026-07-09,2026-07-09,27.73,-0.678,0.9324,0.3467,0.4,0.394,0.4222,0.2028,-0.8282,0.0859,多周期共振看空 ⬇⬇⬇,-0.7,-0.6577,-0.5625
600037,歌华有线,86.01,True,6.18,6.44,0,-1.57,-10.86,-5.29,-4.07,0.0,2026-07-09,2026-07-09,32.23,0.0655,-0.0847,0.2436,0.2054,0.494,0.594,0.2027,-0.7753,0.1124,多周期共振看空 ⬇⬇⬇,-0.6539,-0.581,-0.5625
002197,证通电子,30.12,True,5.64,5.99,0,-0.85,-13.12,-6.66,-5.78,0.0,2026-07-09,2026-07-09,36.49,0.1821,0.0322,0.4355,0.3222,0.5886,0.2741,0.2025,-0.8213,0.0893,多周期共振看空 ⬇⬇⬇,-0.607,-0.7223,-0.5625
002760,凤形股份,17.6,True,16.3,17.08,0,-1.74,-14.45,-8.04,-4.58,0.0,2026-07-09,2026-07-09,38.96,0.1805,-0.4272,0.3515,0.1374,0.6435,0.4142,0.2024,-0.7041,0.148,多周期共振看空 ⬇⬇⬇,-0.6055,-0.5335,-0.495
603578,三星新材,21.91,True,12.15,12.7,0,-0.11,-13.47,-8.18,-4.36,0.0,2026-07-09,2026-07-09,42.28,0.2538,-0.5659,0.6441,0.1523,0.7174,0.0,0.2024,-0.4851,0.2575,多周期共振看空 ⬇⬇⬇,-0.2814,-0.4875,-0.3375
600658,电子城,44.07,True,3.94,4.05,0,-1.7,-12.75,-7.55,-2.79,0.0,2026-07-09,2026-07-09,43.18,0.0059,-0.1374,0.4838,0.1486,0.7374,0.1937,0.2022,-0.6603,0.1699,多周期共振看空 ⬇⬇⬇,-0.4918,-0.4672,-0.5625
002111,威海广泰,43.89,True,8.98,9.25,1,0.19,-10.87,-5.34,-2.97,0.0,2026-07-09,2026-07-09,35.42,-0.0316,-0.167,0.279,0.1332,0.5648,0.5349,0.2022,-0.7011,0.1495,多周期共振看空 ⬇⬇⬇,-0.551,-0.506,-0.5625
002581,*ST未名,12.95,True,3.23,3.44,0,-3.71,-19.62,-11.56,-6.0,0.0,2026-07-09,2026-07-09,26.97,0.5928,0.1013,0.5733,0.5962,0.3772,0.0445,0.202,-0.8262,0.0869,多周期共振看空 ⬇⬇⬇,-0.598,-0.7408,-0.5625
603208,江山欧派,18.45,True,10.49,11.1,0,-1.75,-12.41,-7.07,-5.46,0.0,2026-07-09,2026-07-09,39.3,0.1051,-0.1562,0.3996,0.2006,0.6511,0.3341,0.2019,-0.7542,0.1229,多周期共振看空 ⬇⬇⬇,-0.4692,-0.6929,-0.5625
000936,华西股份,45.09,True,5.09,5.48,0,-5.43,-15.1,-8.87,-7.03,0.0,2026-07-09,2026-07-09,29.41,0.4632,-0.3947,0.3201,0.3201,0.4314,0.4665,0.2019,-0.7874,0.1063,多周期共振看空 ⬇⬇⬇,-0.6205,-0.6363,-0.5625
600219,南山铝业,460.5,True,4.01,4.33,0,-3.65,-13.53,-8.66,-7.43,0.0,2026-07-09,2026-07-09,31.94,0.3457,-0.3024,0.4347,0.2864,0.4877,0.2755,0.2018,-0.6493,0.1754,多周期共振看空 ⬇⬇⬇,-0.547,-0.6206,-0.3375
002382,蓝帆医疗,51.19,True,5.13,5.37,0,-2.27,-12.64,-8.56,-4.45,0.0,2026-07-09,2026-07-09,34.64,0.194,-0.3952,0.3477,0.1583,0.5476,0.4205,0.2017,-0.6328,0.1836,多周期共振看空 ⬇⬇⬇,-0.6265,-0.5163,-0.3375
002011,盾安环境,109.04,True,10.29,10.6,3,2.5,-12.16,-5.79,-2.9,0.0,2026-07-09,2026-07-09,45.74,-0.0094,-0.6188,0.3911,0.0,0.7941,0.3482,0.2015,-0.6195,0.1902,多周期共振看空 ⬇⬇⬇,-0.3631,-0.4879,-0.5625
600526,菲达环保,36.4,True,4.17,4.3,0,-1.92,-8.19,-5.11,-2.94,0.0,2026-07-09,2026-07-09,30.16,0.1734,-0.2244,0.2204,0.2143,0.448,0.6326,0.2014,-0.7751,0.1124,多周期共振看空 ⬇⬇⬇,-0.5315,-0.6854,-0.5625
600841,动力新科,64.46,True,6.18,6.51,2,2.78,-11.17,-6.52,-5.05,0.0,2026-07-09,2026-07-09,39.92,0.2662,-0.361,0.5049,0.2153,0.6648,0.1585,0.2013,-0.659,0.1705,多周期共振看空 ⬇⬇⬇,-0.5738,-0.619,-0.3375
601877,正泰电器,516.61,True,24.04,25.82,0,-0.52,-9.93,-5.48,-6.9,0.0,2026-07-09,2026-07-09,23.78,0.5724,-0.4128,0.2908,0.3783,0.3061,0.5154,0.2011,-0.7762,0.1119,多周期共振看空 ⬇⬇⬇,-0.8507,-0.6392,-0.3375
603029,天鹅股份,16.88,True,13.91,14.82,0,-0.52,-10.24,-6.49,-6.11,0.0,2026-07-09,2026-07-09,38.53,0.1868,-0.2646,0.3654,0.2062,0.634,0.3911,0.2011,-0.7945,0.1028,多周期共振看空 ⬇⬇⬇,-0.6265,-0.6467,-0.5625
002615,哈尔斯,21.48,True,7.11,7.1,5,7.01,-16.95,-5.48,0.13,0.0,2026-07-08,2026-07-09,52.96,-0.0095,-0.3502,0.6434,0.0599,0.9547,0.0,0.201,-0.6338,0.1831,多周期共振看空 ⬇⬇⬇,-0.416,-0.4739,-0.5625
600765,中航重机,201.2,True,12.96,13.41,2,1.06,-9.13,-3.5,-3.33,0.0,2026-07-09,2026-07-09,37.76,0.2712,-0.4275,0.373,0.1917,0.6169,0.3783,0.201,-0.7416,0.1292,多周期共振看空 ⬇⬇⬇,-0.4025,-0.7223,-0.5625
001319,铭科精技,13.24,True,20.86,21.63,5,3.95,-13.56,-4.69,-3.56,0.0,2026-07-09,2026-07-09,40.18,0.271,-0.2689,0.5597,0.2551,0.6706,0.0672,0.2009,-0.6596,0.1702,多周期共振看空 ⬇⬇⬇,-0.4011,-0.5433,-0.5625
605151,西上海,24.09,True,17.9,18.85,2,5.14,-11.12,-6.37,-5.04,0.0,2026-07-09,2026-07-09,45.34,-0.0647,-0.2107,0.6439,0.1157,0.7853,0.0,0.2008,-0.5207,0.2396,多周期共振看空 ⬇⬇⬇,-0.4034,-0.3037,-0.495
002246,北化股份,98.83,True,18.0,19.28,0,-2.17,-12.38,-6.21,-6.65,0.0,2026-07-09,2026-07-09,34.45,0.4386,-0.5472,0.4592,0.2632,0.5434,0.2347,0.2008,-0.6546,0.1727,多周期共振看空 ⬇⬇⬇,-0.7376,-0.469,-0.3375
603015,弘讯科技,42.69,True,10.56,12.05,10,7.32,-13.9,-1.57,-12.34,0.0,2026-07-09,2026-07-09,31.98,0.6099,-0.5314,0.607,0.366,0.4885,0.0,0.2006,-0.5666,0.2167,多周期共振看空 ⬇⬇⬇,-0.3746,-0.4291,-0.495
001388,信通电子,22.14,True,26.19,28.25,1,0.27,-17.26,-9.08,-7.3,0.0,2026-07-09,2026-07-09,35.57,0.0198,0.7218,0.524,0.4119,0.5682,0.1266,0.2006,-0.8374,0.0813,多周期共振看空 ⬇⬇⬇,-0.616,-0.75,-0.5625
002987,京北方,96.87,True,9.57,10.5,0,-0.89,-14.36,-7.51,-8.84,0.0,2026-07-09,2026-07-09,26.1,0.8218,-0.7813,0.3852,0.4931,0.3578,0.358,0.2005,-0.9008,0.0496,多周期共振看空 ⬇⬇⬇,-0.7785,-0.75,-0.5625
000055,方大集团,21.42,True,3.17,3.49,7,4.06,-9.51,-3.57,-9.18,0.0,2026-07-09,2026-07-09,14.71,0.8121,-0.7493,0.3029,0.4873,0.1046,0.4952,0.2004,-0.6984,0.1508,多周期共振看空 ⬇⬇⬇,-0.4796,-0.5613,-0.5625
002360,ST同德,16.7,True,5.13,5.15,3,3.38,-18.32,-7.17,-0.42,0.0,2026-07-09,2026-07-09,46.27,0.1087,-0.3464,0.5912,0.1267,0.806,0.0147,0.2003,-0.5791,0.2105,多周期共振看空 ⬇⬇⬇,-0.6033,-0.506,-0.2497
601865,福莱特,179.27,True,9.43,10.35,0,-1.07,-10.78,-5.44,-8.92,0.0,2026-07-09,2026-07-09,29.17,0.4304,-0.1495,0.2955,0.3984,0.4259,0.5075,0.2002,-0.9527,0.0237,多周期共振看空 ⬇⬇⬇,-0.9115,-0.75,-0.5625
001356,富岭股份,16.55,True,8.25,8.76,0,-1.91,-11.71,-6.85,-5.84,0.0,2026-07-09,2026-07-09,29.53,0.3645,-0.2507,0.3013,0.3184,0.4341,0.4979,0.2002,-0.8272,0.0864,多周期共振看空 ⬇⬇⬇,-0.622,-0.7223,-0.5625
600320,振华重工,132.41,True,4.0,4.28,0,-1.39,-9.05,-5.29,-6.57,0.0,2026-07-09,2026-07-09,26.97,0.2857,-0.053,0.3372,0.3502,0.377,0.4381,0.2001,-0.7628,0.1186,多周期共振看空 ⬇⬇⬇,-0.8615,-0.6006,-0.3375
000633,合金投资,18.37,True,4.77,5.03,0,-2.34,-9.91,-6.58,-5.23,0.0,2026-07-09,2026-07-09,31.82,0.3148,-0.2614,0.3204,0.2843,0.4848,0.4659,0.2,-0.8098,0.0951,多周期共振看空 ⬇⬇⬇,-0.5668,-0.7315,-0.5625
603282,亚光股份,18.33,True,13.7,14.71,3,3.93,-9.89,-4.42,-6.86,0.0,2026-07-09,2026-07-09,32.46,0.5934,-0.3353,0.4872,0.422,0.4992,0.1879,0.1998,-0.8263,0.0868,多周期共振看空 ⬇⬇⬇,-0.6414,-0.7038,-0.5625
002103,广博股份,22.82,True,5.88,6.1,0,-1.12,-11.1,-6.59,-3.65,0.0,2026-07-09,2026-07-09,38.81,-0.1341,-0.0901,0.2956,0.164,0.6401,0.5074,0.1998,-0.838,0.081,多周期共振看空 ⬇⬇⬇,-0.6175,-0.75,-0.5625
603229,奥翔药业,65.68,True,7.91,8.17,2,1.84,-12.65,-7.44,-3.23,0.0,2026-07-09,2026-07-09,46.44,0.0058,-0.2977,0.4501,0.0844,0.8098,0.2499,0.1997,-0.7091,0.1455,多周期共振看空 ⬇⬇⬇,-0.6175,-0.4667,-0.5625
002195,岩山科技,349.3,True,6.22,6.72,0,-3.14,-12.99,-7.24,-7.43,0.0,2026-07-09,2026-07-09,25.54,0.2184,0.1542,0.3613,0.3927,0.3454,0.3978,0.1995,-0.7655,0.1173,多周期共振看空 ⬇⬇⬇,-0.7695,-0.6854,-0.3375
603421,鼎信通讯,38.41,True,5.89,6.27,0,-2.45,-13.36,-8.01,-6.13,0.0,2026-07-09,2026-07-09,30.81,0.347,-0.3199,0.3529,0.2802,0.4625,0.4119,0.1995,-0.7371,0.1315,多周期共振看空 ⬇⬇⬇,-0.625,-0.5893,-0.495
002880,卫光生物,47.02,True,20.73,21.4,1,3.52,-12.28,-6.72,-3.12,0.0,2026-07-09,2026-07-09,41.9,-0.509,0.1144,0.4828,0.2458,0.7089,0.1954,0.1992,-0.8062,0.0969,多周期共振看空 ⬇⬇⬇,-0.622,-0.6762,-0.5625
002177,御银股份,35.3,True,5.23,5.86,0,-0.45,-16.6,-9.15,-10.71,0.0,2026-07-09,2026-07-09,28.37,0.7086,-0.28,0.5188,0.5131,0.4083,0.1353,0.1992,-0.8252,0.0874,多周期共振看空 ⬇⬇⬇,-0.6906,-0.6591,-0.5625
603171,税友股份,161.22,True,39.72,41.67,0,-4.67,-15.55,-9.65,-4.67,0.0,2026-07-09,2026-07-09,30.44,-0.0928,0.35,0.4687,0.34,0.4542,0.2189,0.199,-0.6723,0.1638,多周期共振看空 ⬇⬇⬇,-0.607,-0.4622,-0.495
000933,神火股份,479.82,True,21.35,23.19,0,-5.22,-18.51,-11.57,-7.94,0.0,2026-07-09,2026-07-09,38.01,0.2089,-0.1064,0.5728,0.2828,0.6225,0.0453,0.199,-0.6437,0.1781,多周期共振看空 ⬇⬇⬇,-0.556,-0.6006,-0.3375
002566,益盛药业,13.88,True,5.99,6.38,0,-0.96,-9.2,-5.81,-6.11,0.0,2026-07-09,2026-07-09,39.13,-0.435,0.04,0.3839,0.216,0.6473,0.3602,0.1989,-0.8197,0.0902,多周期共振看空 ⬇⬇⬇,-0.691,-0.6467,-0.5625
002873,新天药业,17.86,True,7.45,7.72,2,0.69,-10.05,-5.82,-3.44,0.0,2026-07-09,2026-07-09,43.8,0.0149,-0.2511,0.376,0.1085,0.7511,0.3734,0.1986,-0.7851,0.1074,多周期共振看空 ⬇⬇⬇,-0.622,-0.6299,-0.5625
002204,大连重工,98.89,True,5.12,5.42,0,-0.96,-7.21,-4.3,-5.47,0.0,2026-07-09,2026-07-09,32.99,-0.0701,0.0265,0.2688,0.2106,0.5109,0.5521,0.1985,-0.8038,0.0981,多周期共振看空 ⬇⬇⬇,-0.6516,-0.7131,-0.495
601727,上海电气,849.03,True,6.73,7.08,0,-3.53,-14.12,-7.05,-4.92,0.0,2026-07-09,2026-07-09,30.92,0.3933,-0.4946,0.2768,0.2381,0.4649,0.5386,0.1984,-0.783,0.1085,多周期共振看空 ⬇⬇⬇,-0.5755,-0.6652,-0.5625
002074,国轩高科,448.3,True,25.82,28.11,0,-1.3,-13.75,-7.54,-8.14,0.0,2026-07-09,2026-07-09,26.37,0.4665,-0.0785,0.3823,0.4485,0.3637,0.3629,0.1984,-0.857,0.0715,多周期共振看空 ⬇⬇⬇,-0.765,-0.6652,-0.5625
002224,三 力 士,26.45,True,3.28,3.42,0,-1.26,-8.08,-4.66,-4.12,0.0,2026-07-09,2026-07-09,35.62,-0.3455,-0.0544,0.2781,0.1782,0.5693,0.5365,0.1981,-0.8123,0.0938,多周期共振看空 ⬇⬇⬇,-0.5947,-0.7131,-0.5625
002263,大东南,54.1,True,2.88,3.66,9,12.86,-21.3,-4.76,-21.3,0.0,2026-07-09,2026-07-09,18.05,0.7912,-0.2934,0.7511,0.5573,0.1789,0.0,0.198,-0.5222,0.2389,多周期共振看空 ⬇⬇⬇,-0.5497,-0.3391,-0.3375
600792,云煤能源,35.74,True,3.22,3.51,2,1.95,-19.16,-9.84,-8.21,0.0,2026-07-09,2026-07-09,26.19,0.8396,-0.6624,0.5192,0.5037,0.3598,0.1347,0.1978,-0.7628,0.1186,多周期共振看空 ⬇⬇⬇,-0.6298,-0.6416,-0.495
600686,金龙汽车,80.67,True,11.25,12.14,1,1.77,-10.82,-5.55,-7.35,0.0,2026-07-09,2026-07-09,34.68,0.3085,-0.0522,0.5309,0.3642,0.5485,0.1151,0.1978,-0.7509,0.1245,多周期共振看空 ⬇⬇⬇,-0.5374,-0.6946,-0.495
002501,*ST利源,46.81,True,1.32,1.35,4,5.65,-16.21,-6.15,-2.4,0.0,2026-07-09,2026-07-09,44.07,0.2549,-0.6041,0.5549,0.153,0.7571,0.0751,0.1977,-0.632,0.184,多周期共振看空 ⬇⬇⬇,-0.3619,-0.5164,-0.5625
603488,展鹏科技,25.29,True,8.66,10.87,9,11.5,-22.69,-5.73,-20.33,0.0,2026-07-09,2026-07-09,13.86,0.6838,-0.7138,0.6987,0.4103,0.0859,0.0,0.1975,-0.1794,0.4103,多周期方向不一致，观望,-0.4823,-0.1052,-0.27
605122,四方新材,18.01,True,10.45,11.31,0,-3.95,-10.09,-7.99,-7.62,0.0,2026-07-09,2026-07-09,27.56,0.2847,-0.1589,0.2652,0.3073,0.3902,0.558,0.1974,-0.8274,0.0863,多周期共振看空 ⬇⬇⬇,-0.898,-0.4863,-0.5625
002996,顺博合金,27.09,True,5.91,6.18,2,0.42,-9.15,-4.46,-4.32,0.0,2026-07-09,2026-07-09,38.31,-0.0859,-0.1095,0.3358,0.1562,0.6291,0.4403,0.1974,-0.7778,0.1111,多周期共振看空 ⬇⬇⬇,-0.5169,-0.7038,-0.5625
600361,创新新材,128.03,True,3.43,3.76,0,-0.38,-12.47,-7.02,-8.83,0.0,2026-07-09,2026-07-09,24.51,0.7416,-0.6049,0.4255,0.4449,0.3224,0.2909,0.1972,-0.7538,0.1231,多周期共振看空 ⬇⬇⬇,-0.83,-0.4502,-0.495
002908,德生科技,20.63,True,6.41,6.73,0,-2.93,-10.21,-6.05,-4.71,0.0,2026-07-09,2026-07-09,37.43,-0.1488,0.0402,0.3673,0.2161,0.6096,0.3879,0.1969,-0.8123,0.0938,多周期共振看空 ⬇⬇⬇,-0.5515,-0.75,-0.5625
002574,明牌珠宝,22.28,True,4.22,4.4,0,-4.03,-10.04,-6.96,-4.09,0.0,2026-07-09,2026-07-09,32.26,-0.5957,0.0513,0.2799,0.2205,0.4946,0.5335,0.1968,-0.799,0.1005,多周期共振看空 ⬇⬇⬇,-0.5605,-0.7131,-0.5625
600815,厦工股份,45.24,True,2.55,2.75,1,0.03,-16.49,-11.01,-7.37,0.0,2026-07-09,2026-07-09,37.25,0.0028,-0.0434,0.5401,0.1843,0.6057,0.0998,0.1967,-0.5283,0.2359,多周期共振看空 ⬇⬇⬇,-0.6175,-0.2944,-0.3375
002298,中电鑫龙,46.65,True,7.06,7.75,0,-5.17,-18.96,-10.09,-8.89,0.0,2026-07-09,2026-07-09,27.2,0.4931,-0.3036,0.4019,0.3744,0.3821,0.3302,0.1966,-0.7487,0.1256,多周期共振看空 ⬇⬇⬇,-0.616,-0.5549,-0.5625
603406,天富龙,9.3,True,25.37,26.99,0,-1.74,-9.6,-5.55,-6.01,0.0,2026-07-09,2026-07-09,24.8,0.4338,-0.1703,0.2927,0.3922,0.329,0.5122,0.1965,-0.8598,0.0701,周线日线共振看空,-0.6775,-0.75,
002316,亚联发展,13.67,True,4.01,4.26,0,-2.79,-13.02,-8.61,-5.88,0.0,2026-07-09,2026-07-09,34.15,0.2345,-0.1958,0.3994,0.2624,0.5366,0.3344,0.1963,-0.7605,0.1198,多周期共振看空 ⬇⬇⬇,-0.616,-0.581,-0.5625
002906,华阳集团,129.58,True,24.7,25.91,3,1.73,-15.66,-6.5,-4.66,0.0,2026-07-09,2026-07-09,26.44,0.6849,-0.4416,0.5855,0.4343,0.3654,0.0242,0.1962,-0.5833,0.2083,多周期共振看空 ⬇⬇⬇,-0.4049,-0.3725,-0.5625
002205,国统股份,18.57,True,9.99,10.75,0,-0.12,-13.25,-8.98,-7.09,0.0,2026-07-09,2026-07-09,35.99,-0.3578,0.1113,0.4056,0.2445,0.5775,0.3239,0.196,-0.7751,0.1124,多周期共振看空 ⬇⬇⬇,-0.5995,-0.6271,-0.5625
002467,二六三,62.6,True,4.58,4.87,0,-4.07,-13.86,-8.73,-5.92,0.0,2026-07-09,2026-07-09,34.2,-0.1369,1.4429,0.5698,0.4,0.5377,0.0504,0.1959,-0.7581,0.121,多周期共振看空 ⬇⬇⬇,-0.6205,-0.6392,-0.495
603926,铁流股份,38.64,True,16.74,18.46,3,3.95,-13.84,-7.4,-9.31,0.0,2026-07-09,2026-07-09,34.12,0.2493,-0.1825,0.6309,0.2766,0.5361,0.0,0.1959,-0.5186,0.2407,多周期共振看空 ⬇⬇⬇,-0.5378,-0.3412,-0.3375
600609,金杯汽车,40.18,True,3.08,3.24,0,-1.42,-8.62,-5.49,-5.0,0.0,2026-07-09,2026-07-09,35.94,-0.0294,-0.0155,0.2949,0.1938,0.5764,0.5086,0.1959,-0.8415,0.0792,多周期共振看空 ⬇⬇⬇,-0.6265,-0.75,-0.5625
601615,明阳智能,239.72,True,10.6,11.52,0,-2.84,-23.23,-13.37,-7.97,0.0,2026-07-09,2026-07-09,33.71,0.4012,-0.2663,0.4656,0.3342,0.527,0.2241,0.1957,-0.7809,0.1095,多周期共振看空 ⬇⬇⬇,-0.6205,-0.6893,-0.495
000889,中嘉博创,26.27,True,3.02,3.49,3,10.81,-14.72,-7.79,-13.54,0.0,2026-07-09,2026-07-09,19.88,0.7607,-0.371,0.6993,0.508,0.2195,0.0,0.1956,-0.5117,0.2441,多周期共振看空 ⬇⬇⬇,-0.4913,-0.276,-0.4275
601026,道生天合,15.35,True,13.82,14.72,0,-0.01,-14.06,-6.33,-6.12,0.0,2026-07-09,2026-07-09,30.26,0.1493,0.0523,0.3875,0.3105,0.4501,0.3541,0.1953,-0.7579,0.121,周线日线共振看空,-0.8435,-0.45,
000778,新兴铸管,140.56,True,3.61,3.81,0,-1.43,-9.72,-5.04,-5.31,0.0,2026-07-09,2026-07-09,28.4,0.0569,-0.2043,0.2722,0.1524,0.4088,0.5464,0.1951,-0.6107,0.1946,多周期共振看空 ⬇⬇⬇,-0.4597,-0.6107,-0.3375
603081,大丰实业,36.33,True,8.6,9.07,0,-1.28,-10.62,-7.2,-5.13,0.0,2026-07-09,2026-07-09,32.0,-0.2537,0.0696,0.2741,0.2278,0.4889,0.5432,0.1951,-0.8247,0.0877,多周期共振看空 ⬇⬇⬇,-0.6265,-0.7131,-0.5625
000523,红棉股份,34.98,True,2.64,2.72,0,-3.12,-12.32,-7.42,-3.12,0.0,2026-07-09,2026-07-09,35.56,-0.4484,-0.1762,0.2759,0.1295,0.5679,0.5401,0.195,-0.7605,0.1198,多周期共振看空 ⬇⬇⬇,-0.5515,-0.7038,-0.495
003019,宸展光电,46.9,True,27.42,30.66,0,-3.78,-19.71,-11.8,-10.57,0.0,2026-07-09,2026-07-09,29.47,0.4575,-0.4192,0.7647,0.3068,0.4327,0.0,0.1948,-0.452,0.274,多周期共振看空 ⬇⬇⬇,-0.5587,-0.177,-0.3375
002383,合众思壮,50.34,True,6.8,6.99,1,1.03,-11.01,-6.47,-2.67,0.0,2026-07-09,2026-07-09,43.26,-0.0995,-0.2639,0.3821,0.0944,0.739,0.3631,0.1947,-0.7709,0.1145,多周期共振看空 ⬇⬇⬇,-0.547,-0.663,-0.5625
002516,旷达科技,76.18,True,5.23,5.72,3,2.52,-8.92,-3.89,-8.58,0.0,2026-07-09,2026-07-09,16.54,0.6256,-0.4027,0.3521,0.4143,0.1452,0.4131,0.1946,-0.6104,0.1948,多周期共振看空 ⬇⬇⬇,-0.5568,-0.3693,-0.495
600235,民丰特纸,17.81,True,5.07,5.28,0,-1.96,-9.81,-6.75,-3.98,0.0,2026-07-09,2026-07-09,39.17,-0.1164,-0.2268,0.3007,0.1093,0.6481,0.4988,0.1946,-0.7945,0.1028,多周期共振看空 ⬇⬇⬇,-0.6265,-0.6467,-0.5625
002892,科力尔,45.9,True,9.16,9.67,0,-0.06,-14.12,-6.47,-5.3,0.0,2026-07-09,2026-07-09,35.69,0.5429,-0.7305,0.5538,0.3257,0.571,0.077,0.1942,-0.7148,0.1426,多周期共振看空 ⬇⬇⬇,-0.379,-0.6837,-0.5625
002226,江南化工,118.41,True,4.47,4.64,0,-1.11,-11.58,-5.66,-3.76,0.0,2026-07-09,2026-07-09,33.33,0.258,-0.3217,0.374,0.2261,0.5185,0.3767,0.1941,-0.7327,0.1336,多周期共振看空 ⬇⬇⬇,-0.6175,-0.5185,-0.5625
605333,沪光股份,75.17,True,16.2,17.67,0,-0.4,-12.43,-7.82,-8.3,0.0,2026-07-09,2026-07-09,28.47,-0.4842,0.465,0.3902,0.386,0.4105,0.3497,0.194,-0.838,0.081,多周期共振看空 ⬇⬇⬇,-0.6175,-0.75,-0.5625
003029,吉大正元,28.09,True,15.95,16.79,0,-3.35,-10.75,-6.94,-5.0,0.0,2026-07-09,2026-07-09,35.45,-0.5234,0.0147,0.334,0.2059,0.5655,0.4433,0.1939,-0.8116,0.0942,多周期共振看空 ⬇⬇⬇,-0.5605,-0.7408,-0.5625
600571,信雅达,43.53,True,9.51,10.13,0,-2.87,-12.9,-7.03,-6.08,0.0,2026-07-09,2026-07-09,36.01,0.1343,0.0332,0.4106,0.2938,0.5781,0.3156,0.1937,-0.8667,0.0666,多周期共振看空 ⬇⬇⬇,-0.691,-0.75,-0.5625
603220,中贝通信,85.77,True,19.75,22.25,4,6.76,-16.85,-6.8,-11.22,0.0,2026-07-09,2026-07-09,22.18,0.6255,-0.2434,0.6184,0.4779,0.2706,0.0,0.1937,-0.54,0.23,多周期共振看空 ⬇⬇⬇,-0.6689,-0.276,-0.3375
601606,长城军工,194.96,True,26.92,29.24,0,-3.39,-13.26,-8.12,-7.93,0.0,2026-07-09,2026-07-09,29.23,0.16,0.1378,0.3673,0.3512,0.4274,0.3879,0.1937,-0.8357,0.0822,多周期共振看空 ⬇⬇⬇,-0.6115,-0.75,-0.5625
002540,亚太科技,40.59,True,4.73,4.86,0,-0.27,-9.48,-5.12,-2.68,0.0,2026-07-09,2026-07-09,35.16,-0.307,-0.1098,0.2733,0.1561,0.5592,0.5445,0.1936,-0.8077,0.0962,多周期共振看空 ⬇⬇⬇,-0.5613,-0.7315,-0.5625
603737,三棵树,202.58,True,22.88,25.16,0,-4.04,-14.87,-9.41,-9.06,0.0,2026-07-09,2026-07-09,23.12,0.4243,-0.0536,0.3567,0.4331,0.2915,0.4055,0.1936,-0.8185,0.0907,多周期共振看空 ⬇⬇⬇,-0.7,-0.7038,-0.495
603556,海兴电力,101.24,True,20.82,21.79,1,0.12,-11.53,-6.88,-4.45,0.0,2026-07-09,2026-07-09,36.61,-0.3508,-0.0028,0.3631,0.1989,0.5913,0.3948,0.1936,-0.7947,0.1027,多周期共振看空 ⬇⬇⬇,-0.6175,-0.7223,-0.495
002912,中新赛克,29.62,True,18.26,18.88,0,-1.73,-12.64,-6.45,-3.3,0.0,2026-07-09,2026-07-09,37.9,0.1987,-0.3752,0.3249,0.1691,0.6201,0.4585,0.1935,-0.8339,0.0831,多周期共振看空 ⬇⬇⬇,-0.607,-0.75,-0.5625
603312,西典新能,16.88,True,33.15,34.93,6,2.19,-11.7,-4.33,-5.1,0.0,2026-07-09,2026-07-09,30.84,0.2739,0.0301,0.4699,0.3764,0.463,0.2168,0.1935,-0.783,0.1085,多周期共振看空 ⬇⬇⬇,-0.4764,-0.75,-0.5625
600478,科力远,77.95,True,4.68,5.31,2,1.88,-11.85,-7.12,-11.85,0.0,2026-07-09,2026-07-09,19.51,0.6548,0.0028,0.4752,0.594,0.2114,0.208,0.1935,-0.8221,0.0889,多周期共振看空 ⬇⬇⬇,-0.8525,-0.581,-0.495
603788,宁波高发,29.85,True,13.38,14.12,0,-0.54,-7.48,-4.94,-5.26,0.0,2026-07-09,2026-07-09,34.04,0.0411,-0.1532,0.261,0.1634,0.5341,0.565,0.1932,-0.8091,0.0954,多周期共振看空 ⬇⬇⬇,-0.811,-0.5205,-0.5625
002104,恒宝股份,57.93,True,9.66,10.72,0,-2.79,-10.88,-7.1,-9.9,0.0,2026-07-09,2026-07-09,34.14,-0.3982,2.5194,0.5095,0.4,0.5363,0.1508,0.1924,-0.8649,0.0675,多周期共振看空 ⬇⬇⬇,-0.6865,-0.75,-0.5625
600560,金自天正,23.48,True,10.5,11.47,0,-2.43,-11.27,-7.32,-8.43,0.0,2026-07-09,2026-07-09,25.0,0.7388,-0.6273,0.3218,0.4433,0.3333,0.4636,0.1921,-0.9436,0.0282,多周期共振看空 ⬇⬇⬇,-0.9205,-0.7223,-0.5625
002749,国光股份,42.78,True,7.86,8.19,0,-0.72,-10.12,-6.25,-4.08,0.0,2026-07-09,2026-07-09,42.86,-0.4285,-0.2725,0.3341,0.091,0.7302,0.4431,0.1921,-0.8398,0.0801,多周期共振看空 ⬇⬇⬇,-0.622,-0.75,-0.5625
603107,上海汽配,24.83,True,11.38,11.87,0,-1.3,-9.15,-5.31,-4.14,0.0,2026-07-09,2026-07-09,34.73,-0.4244,-0.1006,0.2621,0.1598,0.5495,0.5631,0.1921,-0.8289,0.0856,多周期共振看空 ⬇⬇⬇,-0.6265,-0.7223,-0.5625
000809,和展能源,24.99,True,3.03,3.45,1,5.62,-14.96,-9.19,-12.16,0.0,2026-07-09,2026-07-09,15.79,0.8283,-0.5282,0.5582,0.497,0.1287,0.0697,0.192,-0.469,0.2655,多周期共振看空 ⬇⬇⬇,-0.6423,-0.2102,-0.27
603131,上海沪工,56.23,True,16.69,17.7,3,4.65,-10.34,-5.34,-5.7,0.0,2026-07-09,2026-07-09,39.46,0.2853,-0.2147,0.5898,0.2853,0.6548,0.017,0.192,-0.7196,0.1402,多周期共振看空 ⬇⬇⬇,-0.468,-0.6179,-0.5625
603109,神驰机电,34.02,True,16.29,17.28,0,-1.52,-13.38,-7.67,-5.72,0.0,2026-07-09,2026-07-09,37.92,0.3653,-0.5187,0.4069,0.2192,0.6204,0.3219,0.1918,-0.8183,0.0908,多周期共振看空 ⬇⬇⬇,-0.5993,-0.7223,-0.5625
600764,中国海防,125.5,True,17.66,18.39,2,0.23,-10.87,-6.2,-3.99,0.0,2026-07-09,2026-07-09,39.57,0.0378,-0.1227,0.3692,0.1736,0.657,0.3846,0.1918,-0.8398,0.0801,多周期共振看空 ⬇⬇⬇,-0.622,-0.75,-0.5625
000637,茂化实华,12.76,True,3.5,3.7,0,-3.63,-11.38,-7.82,-5.46,0.0,2026-07-09,2026-07-09,34.88,-0.0046,-0.13,0.3116,0.148,0.553,0.4807,0.1917,-0.7512,0.1244,多周期共振看空 ⬇⬇⬇,-0.6265,-0.619,-0.495
603879,永悦科技,15.42,True,4.29,4.57,0,-0.4,-9.4,-5.85,-6.15,0.0,2026-07-09,2026-07-09,41.18,-0.0977,0.0132,0.442,0.2053,0.6928,0.2633,0.1917,-0.8372,0.0814,多周期共振看空 ⬇⬇⬇,-0.682,-0.6929,-0.5625
002703,浙江世宝,78.06,True,13.32,14.8,0,-1.75,-17.48,-11.02,-9.97,0.0,2026-07-09,2026-07-09,27.52,0.4555,-0.3498,0.4263,0.3334,0.3893,0.2896,0.1914,-0.7011,0.1495,多周期共振看空 ⬇⬇⬇,-0.8615,-0.4649,-0.3375
002537,海联金汇,61.81,True,5.28,5.63,0,-3.01,-10.66,-6.65,-6.14,0.0,2026-07-09,2026-07-09,32.67,0.2545,-0.153,0.3813,0.2915,0.5037,0.3646,0.1914,-0.8315,0.0842,多周期共振看空 ⬇⬇⬇,-0.6115,-0.7408,-0.5625
002476,新叶股份,27.66,True,4.52,5.02,5,2.93,-10.55,-4.4,-9.89,0.0,2026-07-09,2026-07-09,27.54,0.435,-0.2064,0.4351,0.3785,0.3899,0.2748,0.1913,-0.7628,0.1186,多周期共振看空 ⬇⬇⬇,-0.7782,-0.5144,-0.495
600751,海航科技,71.79,True,2.79,3.0,0,-1.33,-11.79,-5.16,-6.97,0.0,2026-07-09,2026-07-09,27.69,0.542,-0.4628,0.3873,0.3401,0.3932,0.3545,0.1912,-0.7698,0.1151,多周期共振看空 ⬇⬇⬇,-0.6333,-0.5866,-0.5625
003003,天元股份,11.81,True,10.03,10.41,0,-0.73,-10.12,-6.52,-3.67,0.0,2026-07-09,2026-07-09,39.51,0.047,-0.4427,0.2989,0.0511,0.6557,0.5018,0.1912,-0.7405,0.1297,多周期共振看空 ⬇⬇⬇,-0.622,-0.5994,-0.495
600446,金证股份,96.1,True,10.21,10.89,0,-3.81,-15.07,-9.26,-6.21,0.0,2026-07-09,2026-07-09,41.12,0.347,-0.1392,0.6745,0.3525,0.6915,0.0,0.1912,-0.8644,0.0678,多周期共振看空 ⬇⬇⬇,-0.7605,-0.6854,-0.5625
002052,同洲电子,55.7,True,8.08,8.35,0,-1.72,-12.77,-8.5,-3.24,0.0,2026-07-09,2026-07-09,42.97,-0.0315,-0.0091,0.5376,0.1964,0.7326,0.104,0.1911,-0.748,0.126,多周期共振看空 ⬇⬇⬇,-0.4426,-0.7021,-0.5625
603799,华友钴业,796.38,True,42.19,48.89,2,5.33,-13.71,-5.58,-13.71,0.0,2026-07-09,2026-07-09,27.49,0.4341,0.2535,0.5952,0.5618,0.3886,0.008,0.191,-0.8439,0.0781,多周期共振看空 ⬇⬇⬇,-0.821,-0.656,-0.495
603897,长城科技,58.46,True,28.32,34.49,1,0.86,-23.89,-14.73,-17.89,0.0,2026-07-09,2026-07-09,29.14,-0.0418,-0.2967,0.7903,0.0813,0.4252,0.0,0.1909,-0.1132,0.4434,月线看多，中短期调整中,-0.5831,-0.2194,0.18
002829,星网宇达,25.9,True,17.73,18.08,0,-1.92,-20.91,-13.13,-1.92,0.0,2026-07-09,2026-07-09,43.92,0.2975,-0.6206,0.6839,0.1785,0.7537,0.0,0.1909,-0.6629,0.1685,多周期共振看空 ⬇⬇⬇,-0.512,-0.4556,-0.5625
603626,科森科技,93.77,True,16.9,19.78,0,-0.76,-17.84,-10.81,-14.54,0.0,2026-07-09,2026-07-09,30.55,0.2384,-0.5515,0.6545,0.1431,0.4566,0.0,0.1909,-0.2496,0.3752,月线震荡，中短期走弱,-0.6288,-0.4125,0.1125
603348,文灿股份,41.67,True,13.25,14.09,0,-1.76,-12.44,-7.48,-5.94,0.0,2026-07-09,2026-07-09,33.24,0.1734,-0.1587,0.3377,0.2406,0.5165,0.4371,0.1907,-0.8289,0.0856,多周期共振看空 ⬇⬇⬇,-0.6265,-0.7223,-0.5625
600202,哈空调,17.02,True,4.44,4.73,0,-2.23,-11.52,-7.84,-6.15,0.0,2026-07-09,2026-07-09,35.11,0.138,-0.3073,0.3326,0.1599,0.5581,0.4456,0.1907,-0.7562,0.1219,多周期共振看空 ⬇⬇⬇,-0.6265,-0.5625,-0.5625
603325,博隆技术,17.95,True,52.5,54.65,7,3.51,-10.07,-2.5,-3.93,0.0,2026-07-09,2026-07-09,42.54,0.1193,-0.2466,0.4946,0.173,0.7232,0.1756,0.1906,-0.7606,0.1197,多周期共振看空 ⬇⬇⬇,-0.419,-0.75,-0.5625
002959,小熊电器,44.76,True,32.02,32.76,2,0.63,-10.64,-5.73,-2.26,0.0,2026-07-09,2026-07-09,43.15,-0.2439,-0.4112,0.2931,0.0355,0.7367,0.5114,0.1904,-0.8267,0.0867,多周期共振看空 ⬇⬇⬇,-0.5993,-0.7408,-0.5625
600103,青山纸业,62.61,True,2.83,3.24,0,-3.75,-15.01,-10.33,-12.6,0.0,2026-07-09,2026-07-09,15.05,0.7343,-0.5185,0.3624,0.4406,0.1123,0.396,0.1902,-0.6352,0.1824,多周期共振看空 ⬇⬇⬇,-0.765,-0.3129,-0.4275
002595,豪迈科技,526.45,True,45.7,47.96,1,1.66,-9.39,-4.87,-4.72,0.0,2026-07-09,2026-07-09,28.92,0.4044,-0.4585,0.3937,0.2593,0.4205,0.3439,0.1901,-0.6738,0.1631,多周期共振看空 ⬇⬇⬇,-0.6119,-0.619,-0.3375
002630,*ST华西,17.98,True,1.67,1.82,11,12.88,-9.29,0.36,-8.39,0.0,2026-07-09,2026-07-09,25.81,0.6057,-0.7259,0.4761,0.3634,0.3513,0.2064,0.1901,-0.6472,0.1764,多周期共振看空 ⬇⬇⬇,-0.2646,-0.6331,-0.5625
605255,天普股份,98.19,True,73.23,75.32,2,2.62,-15.93,-7.7,-2.77,0.0,2026-07-09,2026-07-09,41.62,-0.2151,0.1498,0.8669,0.2599,0.7027,0.0,0.1901,-0.7382,0.1309,多周期共振看空 ⬇⬇⬇,-0.3831,-0.7315,-0.5625
603655,朗博科技,30.54,True,28.81,30.52,0,-0.37,-14.66,-9.76,-5.59,0.0,2026-07-09,2026-07-09,37.22,0.2225,-0.3747,0.498,0.1836,0.6048,0.1699,0.1899,-0.636,0.182,多周期共振看空 ⬇⬇⬇,-0.547,-0.4339,-0.495
603280,南方路机,26.88,True,24.8,26.3,0,-0.01,-8.61,-5.12,-5.71,0.0,2026-07-09,2026-07-09,35.58,0.2841,-0.4101,0.3394,0.2064,0.5684,0.4344,0.1898,-0.8411,0.0795,多周期共振看空 ⬇⬇⬇,-0.6255,-0.75,-0.5625
603327,福蓉科技,86.04,True,8.23,9.61,8,10.37,-19.63,-5.76,-14.33,0.0,2026-07-09,2026-07-09,30.03,0.3552,-0.2642,0.8363,0.3074,0.4452,0.0,0.1897,-0.5087,0.2456,多周期共振看空 ⬇⬇⬇,-0.4625,-0.2267,-0.495
002151,北斗星通,134.88,True,30.46,32.1,0,-0.55,-10.17,-5.53,-5.11,0.0,2026-07-09,2026-07-09,38.22,-0.0609,-0.2915,0.4123,0.0834,0.6271,0.3129,0.1895,-0.6204,0.1898,多周期共振看空 ⬇⬇⬇,-0.5615,-0.5447,-0.3375
002082,ST万邦,69.62,True,12.26,12.06,3,6.61,-20.25,-9.7,1.7,0.0,2026-07-06,2026-07-09,38.63,-0.2489,-0.102,0.6624,0.1592,0.6361,0.0,0.1893,-0.5039,0.248,多周期共振看空 ⬇⬇⬇,-0.5081,-0.4598,-0.2121
002685,华东重机,56.62,True,5.62,6.44,0,-4.13,-17.98,-9.78,-12.67,0.0,2026-07-09,2026-07-09,18.85,0.4164,0.1488,0.5289,0.5094,0.1967,0.1184,0.1893,-0.6314,0.1843,多周期共振看空 ⬇⬇⬇,-0.714,-0.2806,-0.495
603189,*ST网达,27.44,True,10.18,10.8,2,2.16,-14.86,-6.4,-5.74,0.0,2026-07-09,2026-07-09,45.53,0.1917,-0.278,0.5405,0.2038,0.7896,0.0992,0.1892,-0.8397,0.0801,多周期共振看空 ⬇⬇⬇,-0.6219,-0.75,-0.5625
603997,继峰股份,144.15,True,11.33,12.65,3,3.19,-15.34,-6.71,-10.46,0.0,2026-07-09,2026-07-09,20.1,0.5444,-0.4626,0.3974,0.3416,0.2245,0.3376,0.1888,-0.5756,0.2122,多周期共振看空 ⬇⬇⬇,-0.552,-0.297,-0.495
000420,吉林化纤,92.18,True,3.75,4.13,0,-0.52,-10.05,-4.89,-9.19,0.0,2026-07-09,2026-07-09,32.86,0.1593,-0.4626,0.3909,0.1105,0.5079,0.3485,0.1887,-0.5559,0.2221,多周期共振看空 ⬇⬇⬇,-0.572,-0.394,-0.3375
000997,新 大 陆,164.11,True,16.29,16.96,0,-3.93,-19.0,-9.83,-3.93,0.0,2026-07-09,2026-07-09,39.45,0.3241,-0.5894,0.4833,0.1944,0.6544,0.1944,0.1885,-0.7442,0.1279,多周期共振看空 ⬇⬇⬇,-0.4975,-0.6467,-0.5625
600530,交大昂立,41.3,True,5.33,5.58,1,1.64,-17.18,-10.06,-4.45,0.0,2026-07-09,2026-07-09,41.03,0.0744,-0.3811,0.6252,0.0922,0.6895,0.0,0.1885,-0.4672,0.2664,多周期共振看空 ⬇⬇⬇,-0.3569,-0.316,-0.405
002248,华东数控,26.75,True,8.7,9.26,1,0.58,-14.69,-7.07,-6.01,0.0,2026-07-09,2026-07-09,30.0,0.349,-0.3406,0.4074,0.2731,0.4444,0.321,0.1884,-0.7197,0.1401,多周期共振看空 ⬇⬇⬇,-0.613,-0.5613,-0.495
000856,冀东装备,16.28,True,7.17,7.6,0,-1.92,-12.66,-9.09,-5.61,0.0,2026-07-09,2026-07-09,36.07,0.2192,-0.3573,0.3648,0.1886,0.5794,0.392,0.1884,-0.8037,0.0982,多周期共振看空 ⬇⬇⬇,-0.6265,-0.6669,-0.5625
603801,志邦家居,23.37,True,5.38,5.82,0,-4.67,-12.86,-9.1,-7.61,0.0,2026-07-09,2026-07-09,24.41,-0.5481,0.4144,0.301,0.3658,0.3202,0.4984,0.1882,-0.8625,0.0687,多周期共振看空 ⬇⬇⬇,-0.691,-0.7408,-0.5625
002043,兔 宝 宝,87.29,True,10.81,11.61,1,0.35,-9.92,-4.91,-6.88,0.0,2026-07-09,2026-07-09,29.14,0.068,-0.0271,0.4407,0.23,0.4253,0.2656,0.1881,-0.5859,0.2071,多周期共振看空 ⬇⬇⬇,-0.5574,-0.4724,-0.3375
000930,中粮科技,81.12,True,4.37,4.58,0,-3.2,-11.07,-6.01,-4.54,0.0,2026-07-09,2026-07-09,34.38,-0.4967,-0.2632,0.2655,0.0947,0.5417,0.5575,0.188,-0.7437,0.1281,多周期共振看空 ⬇⬇⬇,-0.5515,-0.6669,-0.495
600967,内蒙一机,179.54,True,10.55,11.2,0,-1.65,-9.34,-5.77,-5.77,0.0,2026-07-09,2026-07-09,31.86,0.1742,-0.1267,0.3406,0.2538,0.4859,0.4324,0.1879,-0.8322,0.0839,多周期共振看空 ⬇⬇⬇,-0.6025,-0.75,-0.5625
002094,青岛金王,29.62,True,4.29,4.58,0,-3.97,-11.13,-7.05,-6.28,0.0,2026-07-09,2026-07-09,30.53,0.1945,-0.1378,0.2968,0.2616,0.4561,0.5054,0.1879,-0.8667,0.0666,多周期共振看空 ⬇⬇⬇,-0.691,-0.75,-0.5625
001278,一彬科技,12.56,True,14.72,16.17,0,-2.47,-14.75,-8.34,-8.96,0.0,2026-07-09,2026-07-09,28.14,0.5042,-0.6278,0.3653,0.3025,0.4032,0.3912,0.1878,-0.7788,0.1106,多周期共振看空 ⬇⬇⬇,-0.6865,-0.6283,-0.495
000400,许继电气,202.74,True,20.04,21.69,0,-3.21,-15.13,-7.27,-7.62,0.0,2026-07-09,2026-07-09,23.42,0.4982,-0.3283,0.2864,0.3676,0.2983,0.5226,0.1877,-0.8626,0.0687,多周期共振看空 ⬇⬇⬇,-0.8525,-0.67,-0.495
603636,南威软件,44.8,True,7.72,8.44,0,-0.24,-14.03,-7.7,-8.55,0.0,2026-07-09,2026-07-09,22.61,0.7187,-0.3062,0.5528,0.5087,0.2801,0.0786,0.1877,-0.7112,0.1444,多周期共振看空 ⬇⬇⬇,-0.6358,-0.4555,-0.5625
001285,瑞立科密,16.62,True,40.04,42.69,1,0.03,-10.17,-5.24,-6.21,0.0,2026-07-09,2026-07-09,31.9,-0.0419,-0.1756,0.3741,0.1298,0.4867,0.3765,0.1877,-0.5909,0.2046,周线日线共振看空,-0.5419,-0.45,
000020,深华发Ａ,19.19,True,10.59,11.26,0,-1.84,-9.0,-5.93,-5.92,0.0,2026-07-09,2026-07-09,32.85,-0.0875,-0.034,0.319,0.1864,0.5078,0.4683,0.1874,-0.7828,0.1086,多周期共振看空 ⬇⬇⬇,-0.616,-0.63,-0.5625
002334,英威腾,50.79,True,6.91,7.61,0,-0.43,-16.04,-8.91,-9.15,0.0,2026-07-09,2026-07-09,15.91,0.8444,-0.7412,0.3872,0.5066,0.1313,0.3547,0.1874,-0.7528,0.1236,多周期共振看空 ⬇⬇⬇,-0.702,-0.4903,-0.5625
601127,赛力斯,918.28,True,58.97,62.94,0,-5.64,-14.7,-10.94,-6.31,0.0,2026-07-09,2026-07-09,30.94,0.1215,-0.0447,0.3196,0.255,0.4653,0.4674,0.1874,-0.8409,0.0796,多周期共振看空 ⬇⬇⬇,-0.625,-0.75,-0.5625
600776,东方通信,119.5,True,12.5,14.06,5,4.9,-16.32,-6.43,-11.08,0.0,2026-07-09,2026-07-09,25.22,0.6939,-0.7942,0.5757,0.4163,0.3381,0.0405,0.1871,-0.6078,0.1961,多周期共振看空 ⬇⬇⬇,-0.6746,-0.4202,-0.3375
003040,楚天龙,46.74,True,10.23,11.18,0,-3.71,-12.91,-8.55,-8.54,0.0,2026-07-09,2026-07-09,29.51,0.0375,0.2211,0.3758,0.311,0.4335,0.3737,0.1871,-0.8197,0.0902,多周期共振看空 ⬇⬇⬇,-0.5705,-0.75,-0.5625
002108,沧州明珠,67.24,True,4.08,4.4,0,-1.29,-10.8,-6.37,-7.36,0.0,2026-07-09,2026-07-09,31.34,-0.059,-0.128,0.4164,0.1488,0.4743,0.3061,0.1869,-0.5565,0.2218,多周期共振看空 ⬇⬇⬇,-0.7425,-0.2491,-0.3375
002801,微光股份,31.97,True,27.61,29.3,2,4.63,-11.29,-4.59,-5.75,0.0,2026-07-09,2026-07-09,35.53,0.2958,-0.2782,0.5211,0.2662,0.5673,0.1315,0.1868,-0.7176,0.1412,多周期共振看空 ⬇⬇⬇,-0.5515,-0.5419,-0.5625
002576,通达动力,22.33,True,13.78,14.97,1,1.14,-10.95,-7.51,-7.96,0.0,2026-07-09,2026-07-09,33.47,0.3642,-0.3954,0.4613,0.2604,0.5215,0.2311,0.1865,-0.7354,0.1323,多周期共振看空 ⬇⬇⬇,-0.6175,-0.5244,-0.5625
002005,ST德豪,41.52,True,2.37,2.51,0,-1.06,-17.56,-7.47,-5.77,0.0,2026-07-09,2026-07-09,37.61,-0.3407,-0.0744,0.5394,0.1702,0.6137,0.101,0.1864,-0.5985,0.2007,多周期共振看空 ⬇⬇⬇,-0.595,-0.4679,-0.3375
002777,久远银海,48.86,True,12.08,12.61,0,-3.45,-10.69,-6.77,-4.18,0.0,2026-07-09,2026-07-09,33.85,-0.2336,0.0284,0.3317,0.2114,0.53,0.4472,0.1864,-0.8409,0.0796,多周期共振看空 ⬇⬇⬇,-0.625,-0.75,-0.5625
002857,三晖电气,20.12,True,15.65,17.03,0,-0.09,-16.53,-7.1,-8.11,0.0,2026-07-09,2026-07-09,34.41,0.4939,-0.468,0.4914,0.3092,0.5424,0.1811,0.1864,-0.7995,0.1003,多周期共振看空 ⬇⬇⬇,-0.6265,-0.6577,-0.5625
601633,长城汽车,936.76,True,15.06,16.13,5,2.94,-10.23,-4.09,-6.63,0.0,2026-07-09,2026-07-09,23.19,0.6346,-0.4613,0.3926,0.3962,0.2931,0.3457,0.1864,-0.7713,0.1144,多周期共振看空 ⬇⬇⬇,-0.468,-0.7315,-0.5625
002413,雷科防务,116.46,True,8.99,9.75,1,0.17,-11.65,-5.66,-7.79,0.0,2026-07-09,2026-07-09,36.16,0.1791,-0.2483,0.4983,0.2081,0.5813,0.1695,0.1864,-0.6749,0.1625,多周期共振看空 ⬇⬇⬇,-0.5695,-0.6577,-0.3375
600067,冠城新材,37.99,True,2.73,3.12,8,15.99,-12.44,-1.39,-12.44,0.0,2026-07-09,2026-07-09,14.13,0.8467,-0.1075,0.6865,0.665,0.0918,0.0,0.1863,-0.6839,0.1581,多周期共振看空 ⬇⬇⬇,-0.3226,-0.7315,-0.495
603279,景津装备,69.45,True,12.05,12.63,0,-0.81,-12.71,-7.53,-4.61,0.0,2026-07-09,2026-07-09,31.23,0.1916,-0.4077,0.2843,0.1518,0.4717,0.5262,0.1862,-0.7405,0.1297,多周期共振看空 ⬇⬇⬇,-0.622,-0.5994,-0.495
603217,元利科技,41.93,True,20.15,22.89,1,2.72,-15.62,-6.8,-11.96,0.0,2026-07-09,2026-07-09,29.15,-0.1709,0.1091,0.4923,0.2437,0.4255,0.1796,0.186,-0.5563,0.2218,多周期共振看空 ⬇⬇⬇,-0.83,-0.2411,-0.27
600807,济高发展,18.42,True,2.34,2.44,0,-1.46,-11.4,-6.86,-4.08,0.0,2026-07-09,2026-07-09,39.74,0.2053,-0.4607,0.4195,0.1389,0.661,0.3008,0.186,-0.7682,0.1159,多周期共振看空 ⬇⬇⬇,-0.4492,-0.7408,-0.5625
603185,弘元绿能,98.8,True,14.55,16.45,0,-0.51,-14.42,-6.8,-11.55,0.0,2026-07-09,2026-07-09,29.7,0.4078,0.0534,0.5154,0.466,0.4377,0.141,0.186,-0.8955,0.0523,多周期共振看空 ⬇⬇⬇,-0.765,-0.75,-0.5625
000910,大亚圣象,29.0,True,5.3,5.49,0,-2.13,-12.09,-7.48,-3.4,0.0,2026-07-09,2026-07-09,40.37,-0.5765,-0.3747,0.2936,0.0501,0.6748,0.5106,0.1858,-0.8123,0.0938,多周期共振看空 ⬇⬇⬇,-0.5515,-0.75,-0.5625
002526,山东矿机,44.63,True,2.52,2.7,0,-2.52,-12.32,-7.0,-6.65,0.0,2026-07-09,2026-07-09,31.25,-0.2774,0.0804,0.3122,0.2322,0.4722,0.4797,0.1858,-0.8356,0.0822,多周期共振看空 ⬇⬇⬇,-0.622,-0.7408,-0.5625
600734,*ST实达,38.33,True,1.76,1.78,1,0.85,-21.42,-9.25,-0.93,0.0,2026-07-09,2026-07-09,41.57,0.0611,0.1219,0.6403,0.2854,0.7016,0.0,0.1858,-0.8123,0.0938,多周期共振看空 ⬇⬇⬇,-0.5515,-0.75,-0.5625
605033,美邦股份,23.07,True,17.06,17.82,1,0.32,-9.78,-6.18,-4.28,0.0,2026-07-09,2026-07-09,38.85,-0.0148,-0.325,0.3108,0.07,0.6412,0.482,0.1855,-0.7827,0.1087,多周期共振看空 ⬇⬇⬇,-0.6265,-0.6208,-0.5625
600866,星湖科技,56.89,True,4.53,4.64,2,2.19,-10.9,-4.2,-2.36,0.0,2026-07-09,2026-07-09,39.47,0.0687,-0.4827,0.3141,0.0482,0.655,0.4765,0.1854,-0.7608,0.1196,多周期共振看空 ⬇⬇⬇,-0.4734,-0.7038,-0.5625
002271,东方雨虹,215.57,True,11.26,12.09,2,1.03,-12.56,-5.16,-6.85,0.0,2026-07-09,2026-07-09,38.58,-0.1106,-0.2217,0.4113,0.1113,0.6352,0.3145,0.1853,-0.7094,0.1453,多周期共振看空 ⬇⬇⬇,-0.6472,-0.6669,-0.3375
603385,惠达卫浴,18.54,True,4.87,5.12,0,-0.79,-9.01,-6.35,-4.94,0.0,2026-07-09,2026-07-09,38.21,-0.4133,-0.1837,0.3348,0.1265,0.6269,0.4419,0.1849,-0.8289,0.0856,多周期共振看空 ⬇⬇⬇,-0.6265,-0.7223,-0.5625
601616,广电电气,27.92,True,3.27,3.56,0,-4.09,-14.27,-8.58,-8.21,0.0,2026-07-09,2026-07-09,22.73,0.5897,-0.4658,0.3715,0.3675,0.2828,0.3808,0.1844,-0.7571,0.1215,多周期共振看空 ⬇⬇⬇,-0.7695,-0.6669,-0.3375
000789,万年青,30.62,True,3.84,4.0,0,-2.29,-9.75,-4.7,-3.98,0.0,2026-07-09,2026-07-09,34.12,-0.3854,-0.1527,0.2754,0.1389,0.5359,0.541,0.1843,-0.8235,0.0882,多周期共振看空 ⬇⬇⬇,-0.5804,-0.75,-0.5625
603829,洛凯股份,28.03,True,15.05,17.31,0,-4.31,-18.16,-13.52,-13.06,0.0,2026-07-09,2026-07-09,25.28,0.3793,-0.2545,0.4582,0.3258,0.3396,0.2363,0.1842,-0.6442,0.1779,多周期共振看空 ⬇⬇⬇,-0.7,-0.4783,-0.3375
600293,三峡新材,29.47,True,2.54,3.16,9,18.84,-23.28,-7.25,-19.51,0.0,2026-07-09,2026-07-09,17.39,0.91,-0.8871,0.742,0.546,0.1643,0.0,0.1842,-0.5975,0.2012,多周期共振看空 ⬇⬇⬇,-0.4132,-0.464,-0.495
600255,鑫科材料,54.37,True,3.01,3.82,10,15.07,-21.66,-5.08,-21.16,0.0,2026-07-09,2026-07-09,17.8,0.8216,-0.7883,0.6413,0.493,0.1734,0.0,0.184,-0.5248,0.2376,多周期共振看空 ⬇⬇⬇,-0.3678,-0.2756,-0.5625
001332,锡装股份,21.56,True,32.08,40.53,1,0.89,-21.14,-9.75,-20.85,0.0,2026-07-09,2026-07-09,0.41,0.5802,-0.4902,0.3245,0.352,0.0,0.4592,0.1839,-0.4593,0.2703,多周期共振看空 ⬇⬇⬇,-0.6525,-0.1802,-0.27
603528,多伦科技,41.01,True,5.81,6.24,0,-2.07,-11.46,-7.72,-6.88,0.0,2026-07-09,2026-07-09,29.17,0.5419,-0.2414,0.5174,0.4286,0.4259,0.1377,0.1837,-0.8374,0.0813,多周期共振看空 ⬇⬇⬇,-0.616,-0.75,-0.5625
003023,彩虹集团,19.82,True,18.85,20.84,0,-2.02,-15.62,-10.26,-9.53,0.0,2026-07-09,2026-07-09,23.9,-0.231,-0.1342,0.3572,0.1463,0.3089,0.4047,0.1836,-0.4596,0.2702,多周期共振看空 ⬇⬇⬇,-0.5995,-0.2263,-0.27
600271,航天信息,121.18,True,6.54,6.79,0,-2.18,-9.71,-5.32,-3.62,0.0,2026-07-09,2026-07-09,35.98,0.0513,-0.2256,0.3139,0.1405,0.5772,0.4769,0.1835,-0.8308,0.0846,多周期共振看空 ⬇⬇⬇,-0.6205,-0.7315,-0.5625
000565,渝三峡Ａ,24.84,True,5.73,6.04,0,-0.09,-11.28,-7.16,-5.07,0.0,2026-07-09,2026-07-09,36.36,-0.0501,-0.278,0.3137,0.0888,0.5859,0.4771,0.1834,-0.7593,0.1204,多周期共振看空 ⬇⬇⬇,-0.613,-0.5808,-0.5625
603633,徕木股份,27.66,True,6.48,7.29,1,0.02,-16.59,-8.4,-11.06,0.0,2026-07-09,2026-07-09,24.76,0.781,-0.6078,0.5762,0.4686,0.328,0.0397,0.1834,-0.7078,0.1461,多周期共振看空 ⬇⬇⬇,-0.4701,-0.5902,-0.5625
003038,鑫铂股份,17.63,True,10.75,11.69,1,0.35,-9.17,-4.86,-8.04,0.0,2026-07-09,2026-07-09,30.29,0.5462,-0.5247,0.3613,0.3277,0.451,0.3978,0.1833,-0.9171,0.0414,多周期共振看空 ⬇⬇⬇,-0.8525,-0.7223,-0.5625
603680,今创集团,76.88,True,9.81,10.39,0,-1.39,-13.33,-8.06,-5.55,0.0,2026-07-09,2026-07-09,35.11,-0.2569,-0.1235,0.396,0.1506,0.5579,0.34,0.1833,-0.7161,0.142,多周期共振看空 ⬇⬇⬇,-0.613,-0.5535,-0.495
002691,*ST冀凯,13.78,True,4.1,4.33,0,-0.75,-18.5,-9.97,-5.32,0.0,2026-07-09,2026-07-09,41.51,0.4252,-0.4351,0.5881,0.2811,0.7002,0.0198,0.1833,-0.8398,0.0801,多周期共振看空 ⬇⬇⬇,-0.622,-0.75,-0.5625
002564,天沃科技,36.16,True,4.21,4.5,0,-2.73,-11.33,-7.88,-6.53,0.0,2026-07-09,2026-07-09,32.03,0.3165,-0.2896,0.3752,0.2741,0.4896,0.3746,0.1832,-0.86,0.07,多周期共振看空 ⬇⬇⬇,-0.6955,-0.7315,-0.5625
603869,ST智知,40.76,True,8.25,8.44,0,-0.63,-15.74,-8.9,-2.22,0.0,2026-07-09,2026-07-09,40.26,-0.218,-0.378,0.4418,0.0488,0.6724,0.2636,0.183,-0.6315,0.1843,多周期共振看空 ⬇⬇⬇,-0.52,-0.4471,-0.495
603712,七一二,92.02,True,11.92,12.81,0,-1.28,-10.82,-7.16,-6.91,0.0,2026-07-09,2026-07-09,33.5,0.23,-0.1924,0.3883,0.261,0.5223,0.3528,0.183,-0.8625,0.0687,多周期共振看空 ⬇⬇⬇,-0.691,-0.7408,-0.5625
002398,垒知集团,22.19,True,3.7,3.92,0,-3.34,-8.99,-6.18,-5.61,0.0,2026-07-09,2026-07-09,30.14,0.1049,-0.1861,0.2295,0.1885,0.4475,0.6175,0.183,-0.8684,0.0658,多周期共振看空 ⬇⬇⬇,-0.6955,-0.75,-0.5625
603767,中马传动,44.2,True,14.32,15.21,2,0.89,-20.04,-10.69,-5.85,0.0,2026-07-09,2026-07-09,38.36,0.2408,-0.5007,0.4685,0.1445,0.6302,0.2192,0.183,-0.6991,0.1504,多周期共振看空 ⬇⬇⬇,-0.4369,-0.5994,-0.5625
002506,协鑫集成,153.12,True,2.62,3.03,0,-0.42,-14.59,-8.47,-13.67,0.0,2026-07-09,2026-07-09,25.27,0.3165,-0.0733,0.4377,0.3605,0.3394,0.2705,0.1829,-0.7373,0.1314,多周期共振看空 ⬇⬇⬇,-0.7618,-0.63,-0.3375
001277,速达股份,12.14,True,26.65,28.97,1,0.04,-9.67,-6.37,-8.0,0.0,2026-07-09,2026-07-09,35.46,0.1481,-0.1173,0.3448,0.2419,0.5657,0.4253,0.1826,-0.9453,0.0273,多周期共振看空 ⬇⬇⬇,-0.925,-0.7223,-0.5625
002480,新筑股份,39.07,True,5.09,5.33,0,-3.78,-10.74,-6.77,-4.44,0.0,2026-07-09,2026-07-09,19.39,0.4336,-0.6403,0.2807,0.2601,0.2086,0.5321,0.1826,-0.6316,0.1842,多周期共振看空 ⬇⬇⬇,-0.3917,-0.4898,-0.5625
600328,中盐化工,85.63,True,5.84,6.37,2,0.35,-9.54,-4.82,-8.3,0.0,2026-07-09,2026-07-09,28.9,0.3639,-0.2657,0.3467,0.312,0.42,0.4221,0.1826,-0.8801,0.06,多周期共振看空 ⬇⬇⬇,-0.901,-0.6669,-0.495
603344,星德胜,12.86,True,23.81,25.78,0,-4.38,-18.65,-9.71,-7.64,0.0,2026-07-09,2026-07-09,28.77,0.4651,-0.4599,0.4408,0.2951,0.4172,0.2653,0.1825,-0.725,0.1375,多周期共振看空 ⬇⬇⬇,-0.6137,-0.5048,-0.5625
603718,*ST海利,18.11,True,2.79,2.92,0,-0.56,-15.46,-7.73,-4.62,0.0,2026-07-09,2026-07-09,46.98,-0.1168,-0.014,0.5968,0.1944,0.8218,0.0053,0.1825,-0.8415,0.0792,多周期共振看空 ⬇⬇⬇,-0.6265,-0.75,-0.5625
603863,松炀资源,26.01,True,12.71,13.7,0,-3.68,-16.59,-9.42,-7.22,0.0,2026-07-09,2026-07-09,40.32,-0.3098,0.1684,0.6717,0.2674,0.6737,0.0,0.1824,-0.7773,0.1114,多周期共振看空 ⬇⬇⬇,-0.5409,-0.6822,-0.5625
002523,天桥起重,41.5,True,2.94,3.1,0,-1.96,-10.12,-6.28,-5.3,0.0,2026-07-09,2026-07-09,30.26,0.234,-0.3252,0.3117,0.2103,0.4503,0.4805,0.1822,-0.8039,0.0981,多周期共振看空 ⬇⬇⬇,-0.5515,-0.7315,-0.5625
603790,雅运股份,42.1,True,22.0,24.25,2,1.97,-14.67,-6.12,-9.28,0.0,2026-07-09,2026-07-09,29.61,-0.2386,-0.5914,0.6856,0.0,0.4357,0.0,0.182,-0.0667,0.4667,多周期方向不一致，观望,-0.4673,-0.0725,0.18
001260,坤泰股份,18.24,True,15.86,16.76,0,-2.06,-11.05,-7.25,-5.39,0.0,2026-07-09,2026-07-09,34.15,-0.1015,-0.1848,0.3338,0.1261,0.5367,0.4437,0.1818,-0.7465,0.1267,多周期共振看空 ⬇⬇⬇,-0.6265,-0.6087,-0.495
603418,友升股份,18.09,True,43.74,47.89,5,4.85,-13.45,-4.16,-8.66,0.0,2026-07-09,2026-07-09,32.95,0.1257,-0.2632,0.5334,0.1702,0.51,0.1109,0.1818,-0.5187,0.2406,周线日线共振看空,-0.5256,-0.3522,
603105,芯能科技,32.85,True,6.57,7.16,0,-4.76,-13.73,-10.18,-8.23,0.0,2026-07-09,2026-07-09,25.3,0.321,-0.3496,0.2932,0.2528,0.34,0.5113,0.1818,-0.7673,0.1164,多周期共振看空 ⬇⬇⬇,-0.7,-0.5913,-0.495
001231,农心科技,9.29,True,18.18,19.23,0,-2.1,-10.0,-6.88,-5.45,0.0,2026-07-09,2026-07-09,35.58,-0.0004,-0.3253,0.3172,0.0699,0.5684,0.4714,0.1818,-0.7166,0.1417,多周期共振看空 ⬇⬇⬇,-0.6265,-0.5429,-0.495
600477,杭萧钢构,54.26,True,2.3,2.41,0,-3.1,-9.8,-6.42,-4.72,0.0,2026-07-09,2026-07-09,28.26,-0.4369,-0.1733,0.273,0.1307,0.4058,0.5451,0.1816,-0.6797,0.1602,多周期共振看空 ⬇⬇⬇,-0.625,-0.6207,-0.3375
000707,双环科技,23.02,True,4.18,4.48,0,-2.41,-9.29,-5.71,-6.79,0.0,2026-07-09,2026-07-09,32.71,0.1906,-0.2825,0.3055,0.2014,0.5047,0.4908,0.1815,-0.8684,0.0658,多周期共振看空 ⬇⬇⬇,-0.6955,-0.75,-0.5625
603089,正裕工业,19.35,True,8.06,8.92,0,-3.27,-13.08,-8.38,-9.6,0.0,2026-07-09,2026-07-09,22.57,-0.3085,1.0712,0.3619,0.4,0.2793,0.3969,0.1814,-0.8415,0.0792,多周期共振看空 ⬇⬇⬇,-0.6265,-0.75,-0.5625
000985,大庆华科,18.38,True,14.18,15.06,0,-3.92,-10.2,-7.05,-5.87,0.0,2026-07-09,2026-07-09,37.04,-0.264,-0.3201,0.303,0.072,0.6008,0.4949,0.1813,-0.7814,0.1093,多周期共振看空 ⬇⬇⬇,-0.6265,-0.6854,-0.495
600728,佳都科技,89.14,True,4.18,4.4,0,-2.3,-9.21,-5.96,-4.9,0.0,2026-07-09,2026-07-09,28.3,-0.0422,0.1338,0.3023,0.2535,0.4067,0.4961,0.1812,-0.8409,0.0796,多周期共振看空 ⬇⬇⬇,-0.625,-0.75,-0.5625
001368,通达创智,22.37,True,20.7,21.72,0,-0.13,-10.87,-7.42,-4.72,0.0,2026-07-09,2026-07-09,37.32,-0.0842,-0.5127,0.3126,0.0,0.607,0.479,0.1812,-0.6623,0.1689,多周期共振看空 ⬇⬇⬇,-0.613,-0.4352,-0.495
601002,晋亿实业,41.04,True,4.3,4.55,0,-1.97,-10.88,-6.38,-5.41,0.0,2026-07-09,2026-07-09,33.64,-0.0174,-0.5031,0.29,0.0,0.5254,0.5166,0.1812,-0.5945,0.2027,多周期共振看空 ⬇⬇⬇,-0.6265,-0.4321,-0.3375
605378,野马电池,35.07,True,13.42,15.08,4,10.28,-13.26,-6.31,-10.98,0.0,2026-07-09,2026-07-09,20.94,0.7026,-0.0473,0.5588,0.6026,0.2431,0.0687,0.1809,-0.8637,0.0681,多周期共振看空 ⬇⬇⬇,-0.705,-0.7315,-0.5625
002512,ST达华,37.65,True,3.44,3.61,0,-4.8,-22.2,-12.34,-4.8,0.0,2026-07-09,2026-07-09,37.2,-0.2559,0.1227,0.7053,0.2491,0.6044,0.0,0.1809,-0.6766,0.1617,多周期共振看空 ⬇⬇⬇,-0.443,-0.5449,-0.5625
603138,海量数据,38.35,True,13.3,14.76,0,-1.81,-16.02,-9.2,-9.86,0.0,2026-07-09,2026-07-09,26.07,0.3901,-0.3028,0.4015,0.3129,0.3571,0.3308,0.1808,-0.7473,0.1264,多周期共振看空 ⬇⬇⬇,-0.7875,-0.63,-0.3375
002743,富煌钢构,16.6,True,3.82,4.11,0,-2.94,-11.48,-7.88,-7.02,0.0,2026-07-09,2026-07-09,35.11,-0.1438,0.0292,0.398,0.2117,0.5581,0.3366,0.1806,-0.8331,0.0835,多周期共振看空 ⬇⬇⬇,-0.6265,-0.7315,-0.5625
600802,福建水泥,18.93,True,4.13,4.38,0,-3.84,-11.42,-7.78,-5.77,0.0,2026-07-09,2026-07-09,31.58,-0.2757,-0.051,0.3048,0.1796,0.4795,0.492,0.1805,-0.8123,0.0938,多周期共振看空 ⬇⬇⬇,-0.5515,-0.75,-0.5625
003028,振邦智能,15.62,True,22.14,23.48,2,2.18,-13.12,-7.58,-5.7,0.0,2026-07-09,2026-07-09,35.94,-0.0616,0.0171,0.5082,0.2068,0.5764,0.1529,0.1805,-0.7013,0.1493,多周期共振看空 ⬇⬇⬇,-0.5995,-0.465,-0.5625
600496,精工钢构,63.29,True,3.18,3.31,0,-2.5,-12.22,-7.61,-3.87,0.0,2026-07-09,2026-07-09,36.76,-0.2483,-0.3738,0.3223,0.0505,0.5948,0.4628,0.1805,-0.7205,0.1397,多周期共振看空 ⬇⬇⬇,-0.5155,-0.6467,-0.495
603822,ST嘉澳,48.2,True,62.74,71.46,5,8.08,-13.91,-4.84,-12.2,0.0,2026-07-09,2026-07-09,36.46,-0.1497,0.2102,0.5822,0.2841,0.5879,0.0296,0.1804,-0.7402,0.1299,多周期共振看空 ⬇⬇⬇,-0.5831,-0.632,-0.495
605001,威奥股份,21.26,True,5.41,5.73,0,-1.29,-9.51,-6.06,-5.54,0.0,2026-07-09,2026-07-09,37.34,-0.0055,-0.2078,0.3429,0.1169,0.6076,0.4286,0.1803,-0.8163,0.0918,多周期共振看空 ⬇⬇⬇,-0.6265,-0.6946,-0.5625
002098,浔兴股份,22.77,True,6.36,6.63,0,-1.16,-8.15,-5.42,-4.08,0.0,2026-07-09,2026-07-09,37.23,-0.0758,-0.3021,0.2831,0.0792,0.605,0.5282,0.18,-0.8351,0.0825,多周期共振看空 ⬇⬇⬇,-0.6208,-0.7408,-0.5625
000559,万向钱潮,395.73,True,11.94,13.19,1,4.51,-16.83,-8.09,-9.51,0.0,2026-07-09,2026-07-09,34.09,0.1797,-0.2075,0.574,0.2249,0.5354,0.0433,0.1799,-0.5978,0.2011,多周期共振看空 ⬇⬇⬇,-0.65,-0.4193,-0.3375
605488,福莱新材,82.1,True,29.75,31.57,4,6.92,-19.8,-6.42,-5.78,0.0,2026-07-09,2026-07-09,40.64,0.1898,-0.4839,0.8495,0.1203,0.6809,0.0,0.1799,-0.5706,0.2147,多周期共振看空 ⬇⬇⬇,-0.3889,-0.4258,-0.495
000953,中哲精化,18.75,True,5.12,5.48,0,-2.94,-10.85,-7.86,-6.58,0.0,2026-07-09,2026-07-09,35.71,0.0084,-0.1125,0.3376,0.16,0.5714,0.4373,0.1797,-0.8541,0.073,多周期共振看空 ⬇⬇⬇,-0.691,-0.7223,-0.5625
600218,全柴动力,30.97,True,7.11,7.59,0,-3.15,-8.81,-6.01,-6.3,0.0,2026-07-09,2026-07-09,28.93,-0.3039,0.0016,0.2668,0.2006,0.4207,0.5553,0.1797,-0.8324,0.0838,多周期共振看空 ⬇⬇⬇,-0.6355,-0.7223,-0.5625
605336,*ST帅电,19.09,True,10.41,13.83,0,-0.0,-27.84,-11.22,-24.73,0.0,2026-07-09,2026-07-09,23.3,-0.4327,0.9898,0.5676,0.4,0.2956,0.054,0.1796,-0.6012,0.1994,多周期共振看空 ⬇⬇⬇,-0.729,-0.2015,-0.495
002300,太阳电缆,45.14,True,6.25,6.94,0,-6.37,-15.87,-10.63,-9.88,0.0,2026-07-09,2026-07-09,15.97,0.3815,-0.3433,0.277,0.2915,0.1327,0.5383,0.1795,-0.6205,0.1897,多周期共振看空 ⬇⬇⬇,-0.7,-0.4263,-0.3375
002716,湖南白银,181.57,True,7.81,8.56,2,3.1,-13.08,-6.23,-8.79,0.0,2026-07-09,2026-07-09,31.58,0.0272,0.1728,0.6552,0.2855,0.4795,0.0,0.1794,-0.5972,0.2014,多周期共振看空 ⬇⬇⬇,-0.4962,-0.5497,-0.3375
002337,赛象科技,25.81,True,4.39,4.66,0,-2.51,-10.94,-6.91,-5.7,0.0,2026-07-09,2026-07-09,30.36,-0.1759,-0.0629,0.3003,0.1748,0.4524,0.4994,0.1794,-0.7871,0.1064,多周期共振看空 ⬇⬇⬇,-0.5515,-0.6946,-0.5625
603409,汇通控股,9.57,True,17.76,19.66,0,-4.82,-21.81,-14.83,-9.68,0.0,2026-07-09,2026-07-09,27.3,-0.0166,0.4343,0.6353,0.3737,0.3843,0.0,0.1793,-0.6245,0.1877,多周期共振看空 ⬇⬇⬇,-0.6085,-0.356,-0.495
603258,电魂网络,27.78,True,11.51,12.38,0,-5.08,-10.82,-7.07,-6.99,0.0,2026-07-09,2026-07-09,30.79,-0.4589,0.1112,0.3378,0.2445,0.4621,0.4371,0.1792,-0.8618,0.0691,多周期共振看空 ⬇⬇⬇,-0.7,-0.7315,-0.5625
600894,广日股份,62.9,True,7.46,7.82,1,0.84,-5.61,-2.81,-4.61,0.0,2026-07-09,2026-07-09,42.64,-0.2409,-0.4083,0.363,0.0367,0.7253,0.395,0.1791,-0.812,0.094,多周期共振看空 ⬇⬇⬇,-0.7251,-0.6006,-0.5625
002324,普利特,80.34,True,10.35,12.12,8,5.36,-14.63,-2.96,-14.63,0.0,2026-07-09,2026-07-09,15.54,0.508,0.0203,0.4727,0.5129,0.1231,0.2122,0.1789,-0.7066,0.1467,多周期共振看空 ⬇⬇⬇,-0.617,-0.5292,-0.495
603278,大业股份,32.71,True,9.57,11.4,1,0.5,-16.56,-8.28,-16.05,0.0,2026-07-09,2026-07-09,26.47,0.6028,-0.7341,0.7398,0.3617,0.3659,0.0,0.1789,-0.5869,0.2066,多周期共振看空 ⬇⬇⬇,-0.5698,-0.3066,-0.495
002322,理工能科,34.12,True,9.71,10.13,0,-1.07,-9.27,-5.56,-4.15,0.0,2026-07-09,2026-07-09,35.9,-0.2808,-0.3467,0.275,0.0613,0.5755,0.5417,0.1789,-0.791,0.1045,多周期共振看空 ⬇⬇⬇,-0.6154,-0.6485,-0.5625
600169,ST太重,66.33,True,1.99,2.05,0,-1.13,-12.86,-5.44,-2.9,0.0,2026-07-09,2026-07-09,37.74,-0.5579,-0.269,0.3508,0.0924,0.6164,0.4154,0.1788,-0.7895,0.1053,多周期共振看空 ⬇⬇⬇,-0.547,-0.7038,-0.5625
002276,万马股份,96.68,True,9.6,10.48,0,-0.34,-12.7,-6.86,-8.42,0.0,2026-07-09,2026-07-09,34.49,0.1413,-0.0347,0.4455,0.2709,0.5443,0.2575,0.1787,-0.8632,0.0684,多周期共振看空 ⬇⬇⬇,-0.682,-0.75,-0.5625
002753,永东股份,17.54,True,5.93,6.06,1,0.1,-10.25,-4.69,-2.19,0.0,2026-07-09,2026-07-09,37.5,-0.2427,-0.3562,0.3824,0.0575,0.6111,0.3627,0.1786,-0.6864,0.1568,多周期共振看空 ⬇⬇⬇,-0.4155,-0.5899,-0.5625
002379,宏桥控股,160.8,True,14.15,15.75,0,-6.41,-16.68,-12.45,-10.16,0.0,2026-07-09,2026-07-09,30.44,0.4955,-0.5497,0.5094,0.2973,0.4543,0.1511,0.1785,-0.7134,0.1433,多周期共振看空 ⬇⬇⬇,-0.625,-0.6946,-0.3375
000586,汇源通信,24.01,True,12.56,13.99,0,-3.93,-14.86,-10.08,-10.2,0.0,2026-07-09,2026-07-09,16.91,0.4636,-0.2646,0.4665,0.3723,0.1536,0.2226,0.1783,-0.5317,0.2342,多周期共振看空 ⬇⬇⬇,-0.6603,-0.3325,-0.27
603699,纽威股份,361.1,True,47.63,51.15,1,1.36,-11.99,-5.7,-6.89,0.0,2026-07-09,2026-07-09,26.95,-0.0058,-0.2819,0.5463,0.0872,0.3766,0.0895,0.1781,-0.2382,0.3809,月线震荡，中短期走弱,-0.549,-0.2275,-0.1026
000723,美锦能源,144.16,True,3.28,3.58,0,-1.47,-14.98,-8.9,-8.3,0.0,2026-07-09,2026-07-09,29.67,0.4928,-0.55,0.3673,0.2957,0.4371,0.3879,0.1778,-0.8852,0.0574,多周期共振看空 ⬇⬇⬇,-0.756,-0.7351,-0.5625
001221,悍高集团,13.44,True,37.32,41.78,0,-0.78,-17.64,-8.52,-10.67,0.0,2026-07-09,2026-07-09,24.38,-0.2622,0.4066,0.4587,0.3627,0.3195,0.2355,0.1777,-0.7303,0.1349,多周期共振看空 ⬇⬇⬇,-0.6685,-0.6946,-0.3375
603321,梅轮电梯,19.67,True,5.71,6.03,0,-1.13,-8.2,-5.23,-5.35,0.0,2026-07-09,2026-07-09,34.9,-0.2663,-0.2413,0.2945,0.1035,0.5533,0.5092,0.1777,-0.8155,0.0922,多周期共振看空 ⬇⬇⬇,-0.6265,-0.6929,-0.5625
001283,豪鹏科技,47.41,True,45.85,49.52,3,2.99,-16.03,-5.91,-7.42,0.0,2026-07-09,2026-07-09,32.21,0.3614,-0.4759,0.6024,0.2265,0.4936,0.0,0.1776,-0.5338,0.2331,多周期共振看空 ⬇⬇⬇,-0.5503,-0.2065,-0.495
000619,海螺新材,15.59,True,4.33,4.67,0,-5.0,-12.31,-9.02,-7.24,0.0,2026-07-09,2026-07-09,30.25,0.019,0.0116,0.3166,0.216,0.45,0.4724,0.1774,-0.8442,0.0779,多周期共振看空 ⬇⬇⬇,-0.7,-0.6929,-0.5625
601600,中国铝业,1069.47,True,8.1,9.05,0,-1.79,-17.98,-11.17,-10.47,0.0,2026-07-09,2026-07-09,29.62,0.3094,-0.0998,0.5451,0.3457,0.436,0.0915,0.1774,-0.73,0.135,多周期共振看空 ⬇⬇⬇,-0.7875,-0.5918,-0.3375
600476,*ST湘邮,14.27,True,8.86,9.37,0,-1.96,-17.55,-10.02,-5.42,0.0,2026-07-09,2026-07-09,40.18,-0.465,-0.0157,0.5679,0.1937,0.6708,0.0534,0.1771,-0.7406,0.1297,多周期共振看空 ⬇⬇⬇,-0.511,-0.6271,-0.5625
603023,威帝股份,19.81,True,3.55,3.78,0,-1.35,-14.43,-8.4,-6.08,0.0,2026-07-09,2026-07-09,37.84,0.0684,-0.4357,0.4328,0.0667,0.6186,0.2787,0.1771,-0.6553,0.1724,多周期共振看空 ⬇⬇⬇,-0.5508,-0.4731,-0.495
600855,航天长峰,60.84,True,13.01,14.13,1,0.62,-15.27,-7.28,-7.92,0.0,2026-07-09,2026-07-09,32.2,0.2216,-0.2134,0.4351,0.2476,0.4933,0.2749,0.1766,-0.7956,0.1022,多周期共振看空 ⬇⬇⬇,-0.907,-0.4762,-0.495
603000,人民网,164.86,True,14.91,15.51,0,-3.27,-11.28,-6.42,-3.84,0.0,2026-07-09,2026-07-09,37.2,0.1721,-0.4168,0.3883,0.1365,0.6045,0.3528,0.1759,-0.8189,0.0906,多周期共振看空 ⬇⬇⬇,-0.6115,-0.7131,-0.5625
603370,华新精科,11.71,True,33.47,38.7,0,-0.31,-14.0,-6.82,-13.51,0.0,2026-07-09,2026-07-09,20.13,0.2044,0.0476,0.4245,0.3417,0.2251,0.2925,0.175,-0.6511,0.1744,周线日线共振看空,-0.7099,-0.3991,
002985,北摩高科,84.52,True,25.54,28.21,4,2.13,-11.75,-4.78,-9.48,0.0,2026-07-09,2026-07-09,26.4,0.4799,-0.14,0.5745,0.432,0.3645,0.0425,0.1749,-0.7636,0.1182,多周期共振看空 ⬇⬇⬇,-0.797,-0.6577,-0.3375
002639,雪人集团,80.28,True,12.17,13.76,0,-1.3,-13.53,-7.05,-11.55,0.0,2026-07-09,2026-07-09,30.99,0.3433,-0.2874,0.5626,0.2911,0.4664,0.0623,0.1748,-0.6764,0.1618,多周期共振看空 ⬇⬇⬇,-0.7101,-0.5405,-0.3375
603400,华之杰,14.37,True,51.33,55.86,0,-6.17,-20.68,-11.78,-8.11,0.0,2026-07-09,2026-07-09,17.86,0.1611,-0.2063,0.3605,0.2141,0.1746,0.3991,0.1745,-0.4757,0.2621,多周期共振看空 ⬇⬇⬇,-0.5255,-0.2575,-0.3375
603868,飞科电器,130.59,True,29.98,31.84,0,-2.19,-12.27,-6.43,-5.86,0.0,2026-07-09,2026-07-09,18.05,0.6596,-0.6957,0.3926,0.3958,0.1789,0.3456,0.1744,-0.7291,0.1355,多周期共振看空 ⬇⬇⬇,-0.711,-0.4304,-0.5625
600081,东风科技,50.27,True,9.09,9.63,0,-1.14,-11.19,-6.99,-5.63,0.0,2026-07-09,2026-07-09,33.09,0.2128,-0.4681,0.3624,0.1404,0.513,0.396,0.1743,-0.7625,0.1188,多周期共振看空 ⬇⬇⬇,-0.5995,-0.5994,-0.5625
601238,广汽集团,376.57,True,5.1,5.38,0,-3.4,-12.46,-6.97,-5.28,0.0,2026-07-09,2026-07-09,29.91,-0.532,-0.0981,0.2859,0.1608,0.4424,0.5235,0.1743,-0.8123,0.0938,多周期共振看空 ⬇⬇⬇,-0.5515,-0.75,-0.5625
002599,盛通股份,20.81,True,5.23,5.43,0,-0.11,-14.26,-7.92,-3.62,0.0,2026-07-09,2026-07-09,39.6,-0.2007,-0.2414,0.3913,0.1034,0.6577,0.3478,0.1742,-0.8398,0.0801,多周期共振看空 ⬇⬇⬇,-0.622,-0.75,-0.5625
002483,润邦股份,43.47,True,4.91,5.15,1,0.23,-9.39,-5.34,-4.59,0.0,2026-07-09,2026-07-09,35.14,-0.0626,-0.3597,0.2668,0.0561,0.5586,0.5554,0.1739,-0.8133,0.0933,多周期共振看空 ⬇⬇⬇,-0.5973,-0.7131,-0.5625
002105,信隆健康,17.86,True,4.9,5.17,0,-1.81,-10.26,-7.18,-5.21,0.0,2026-07-09,2026-07-09,39.13,-0.4325,-0.3257,0.3543,0.0697,0.6473,0.4094,0.1739,-0.8247,0.0877,多周期共振看空 ⬇⬇⬇,-0.6265,-0.7131,-0.5625
002253,川大智胜,19.65,True,9.36,10.41,0,-2.74,-12.03,-6.37,-10.1,0.0,2026-07-09,2026-07-09,30.32,-0.4813,0.2057,0.5748,0.2823,0.4515,0.042,0.1737,-0.6375,0.1813,多周期共振看空 ⬇⬇⬇,-0.8255,-0.1986,-0.495
002017,东信和平,78.25,True,13.49,15.07,1,0.05,-11.99,-6.04,-10.5,0.0,2026-07-09,2026-07-09,17.24,0.4281,-0.0061,0.329,0.4544,0.1609,0.4517,0.1736,-0.8928,0.0536,多周期共振看空 ⬇⬇⬇,-0.7605,-0.7478,-0.5625
600963,岳阳林纸,53.43,True,3.04,3.23,0,-3.26,-14.98,-10.24,-5.81,0.0,2026-07-09,2026-07-09,29.23,-0.3387,-0.065,0.3155,0.174,0.4274,0.4741,0.1733,-0.7838,0.1081,多周期共振看空 ⬇⬇⬇,-0.622,-0.6946,-0.495
603798,康普顿,33.54,True,13.08,14.77,2,1.36,-11.72,-5.08,-11.47,0.0,2026-07-09,2026-07-09,32.51,0.1588,-0.3025,0.6516,0.1743,0.5002,0.0,0.1732,-0.4937,0.2531,多周期共振看空 ⬇⬇⬇,-0.4785,-0.2474,-0.4275
002339,积成电子,31.74,True,6.63,7.21,0,-4.71,-13.62,-9.3,-7.99,0.0,2026-07-09,2026-07-09,28.65,0.1046,-0.2207,0.363,0.1745,0.4144,0.395,0.1729,-0.7092,0.1454,多周期共振看空 ⬇⬇⬇,-0.625,-0.6854,-0.3375
600558,大西洋,42.37,True,4.72,5.15,3,0.69,-9.87,-4.65,-8.28,0.0,2026-07-09,2026-07-09,16.67,0.5533,-0.4165,0.2906,0.3654,0.1481,0.5156,0.1728,-0.7929,0.1035,多周期共振看空 ⬇⬇⬇,-0.7347,-0.6179,-0.495
002388,新亚制程,22.62,True,4.47,5.22,3,3.52,-14.39,-3.63,-14.39,0.0,2026-07-09,2026-07-09,26.19,0.2301,-0.1855,0.508,0.2638,0.3598,0.1533,0.1725,-0.5966,0.2017,多周期共振看空 ⬇⬇⬇,-0.4558,-0.4256,-0.495
002366,融发核电,96.59,True,5.22,5.8,0,-0.54,-12.19,-7.22,-9.95,0.0,2026-07-09,2026-07-09,33.33,0.3372,-0.1,0.53,0.3623,0.5185,0.1167,0.1724,-0.9164,0.0418,多周期共振看空 ⬇⬇⬇,-0.8615,-0.7131,-0.5625
600212,绿能慧充,25.71,True,4.84,5.46,0,-2.14,-11.63,-8.07,-11.4,0.0,2026-07-09,2026-07-09,27.67,-0.0578,0.6103,0.4593,0.4,0.3927,0.2345,0.1723,-0.9208,0.0396,多周期共振看空 ⬇⬇⬇,-0.875,-0.7113,-0.5625
603390,通达电气,35.33,True,10.08,11.04,0,-3.07,-14.46,-8.04,-8.73,0.0,2026-07-09,2026-07-09,21.5,0.2935,-0.1283,0.3541,0.3248,0.2555,0.4099,0.172,-0.7779,0.111,多周期共振看空 ⬇⬇⬇,-0.812,-0.4512,-0.5625
002899,英派斯,30.06,True,20.34,22.74,0,-2.09,-13.73,-8.82,-10.53,0.0,2026-07-09,2026-07-09,37.05,0.1797,-0.5113,0.5132,0.1078,0.6012,0.1446,0.1719,-0.6342,0.1829,多周期共振看空 ⬇⬇⬇,-0.6865,-0.4679,-0.3375
000561,烽火电子,55.11,True,7.1,7.52,0,-0.56,-9.05,-5.42,-5.64,0.0,2026-07-09,2026-07-09,37.7,0.1518,-0.3911,0.3914,0.1346,0.6157,0.3477,0.1715,-0.8607,0.0696,多周期共振看空 ⬇⬇⬇,-0.6865,-0.7408,-0.5625
600725,云维股份,38.7,True,3.14,3.32,0,-3.63,-16.28,-9.07,-5.54,0.0,2026-07-09,2026-07-09,39.67,-0.344,-0.2658,0.537,0.0937,0.6593,0.1049,0.1714,-0.6538,0.1731,多周期共振看空 ⬇⬇⬇,-0.4938,-0.6762,-0.3375
001212,中旗新材,69.0,True,39.69,46.26,0,-0.58,-14.86,-7.49,-14.2,0.0,2026-07-09,2026-07-09,21.0,0.6748,-0.5083,0.5466,0.4049,0.2445,0.089,0.1714,-0.641,0.1795,多周期共振看空 ⬇⬇⬇,-0.6882,-0.3238,-0.495
002037,保利联合,28.84,True,5.96,6.45,0,-3.33,-9.2,-7.06,-7.56,0.0,2026-07-09,2026-07-09,23.81,-0.0895,0.1484,0.2689,0.2594,0.3069,0.5518,0.1714,-0.8534,0.0733,多周期共振看空 ⬇⬇⬇,-0.7,-0.7131,-0.5625
002593,日上集团,22.36,True,3.99,4.2,0,-1.33,-10.65,-6.56,-4.91,0.0,2026-07-09,2026-07-09,31.52,-0.2143,-0.0569,0.3353,0.1773,0.4783,0.4411,0.1711,-0.8415,0.0792,多周期共振看空 ⬇⬇⬇,-0.6265,-0.75,-0.5625
601608,中信重工,209.74,True,4.58,4.92,0,-2.16,-9.85,-6.5,-6.96,0.0,2026-07-09,2026-07-09,30.83,0.1865,-0.2902,0.326,0.1958,0.4628,0.4566,0.1711,-0.8652,0.0674,多周期共振看空 ⬇⬇⬇,-0.7875,-0.7315,-0.495
002166,莱茵生物,45.79,True,6.2,6.74,0,-4.96,-15.65,-9.68,-8.03,0.0,2026-07-09,2026-07-09,22.83,-0.4801,0.2559,0.3396,0.3024,0.285,0.434,0.1708,-0.8066,0.0967,多周期共振看空 ⬇⬇⬇,-0.691,-0.6854,-0.495
002478,常宝股份,42.71,True,5.91,6.44,0,-2.23,-10.79,-5.91,-8.28,0.0,2026-07-09,2026-07-09,25.0,0.1039,-0.1909,0.3073,0.186,0.3333,0.4878,0.1706,-0.723,0.1385,多周期共振看空 ⬇⬇⬇,-0.682,-0.6669,-0.3375
600262,北方股份,32.93,True,19.37,20.79,2,0.54,-9.56,-4.66,-6.82,0.0,2026-07-09,2026-07-09,28.68,-0.4791,0.1716,0.3855,0.2687,0.4151,0.3575,0.1705,-0.8499,0.0751,多周期共振看空 ⬇⬇⬇,-0.8021,-0.6854,-0.495
002869,金溢科技,23.94,True,15.2,17.28,6,4.52,-12.47,-5.18,-12.04,0.0,2026-07-09,2026-07-09,23.75,0.6148,-0.3565,0.4808,0.4263,0.3055,0.1987,0.1705,-0.8437,0.0781,多周期共振看空 ⬇⬇⬇,-0.6536,-0.7315,-0.5625
000625,长安汽车,573.74,True,6.94,7.24,0,-1.82,-9.81,-5.73,-4.08,0.0,2026-07-09,2026-07-09,33.11,-0.0006,-0.171,0.2997,0.1316,0.5136,0.5006,0.1705,-0.8632,0.0684,多周期共振看空 ⬇⬇⬇,-0.682,-0.75,-0.5625
605166,聚合顺,26.47,True,8.41,9.65,3,4.07,-12.86,-4.92,-12.86,0.0,2026-07-09,2026-07-09,25.25,0.595,-0.3576,0.5898,0.4139,0.3389,0.0169,0.1702,-0.7207,0.1396,多周期共振看空 ⬇⬇⬇,-0.7866,-0.3472,-0.5625
002565,顺灏股份,113.1,True,10.67,12.46,0,-3.8,-17.97,-10.91,-14.35,0.0,2026-07-09,2026-07-09,28.11,0.4903,-0.6345,0.5454,0.2942,0.4024,0.091,0.1702,-0.6646,0.1677,多周期共振看空 ⬇⬇⬇,-0.857,-0.3885,-0.3375
002284,亚太股份,69.05,True,9.43,10.02,1,1.52,-13.41,-7.66,-5.91,0.0,2026-07-09,2026-07-09,33.91,-0.2435,-0.0788,0.4206,0.1685,0.5314,0.2989,0.1701,-0.7855,0.1073,多周期共振看空 ⬇⬇⬇,-0.6046,-0.7131,-0.495
002363,隆基机械,25.15,True,6.05,6.34,0,-2.22,-10.35,-6.54,-4.54,0.0,2026-07-09,2026-07-09,31.82,-0.13,-0.1955,0.294,0.1218,0.4848,0.5101,0.17,-0.8247,0.0877,多周期共振看空 ⬇⬇⬇,-0.6265,-0.7131,-0.5625
002085,万丰奥威,221.25,True,10.42,11.87,6,9.63,-13.36,-3.13,-12.21,0.0,2026-07-09,2026-07-09,21.52,0.8591,-0.695,0.5868,0.5154,0.256,0.0219,0.17,-0.7893,0.1053,多周期共振看空 ⬇⬇⬇,-0.5723,-0.6817,-0.5625
603806,福斯特,383.22,True,14.69,16.07,6,2.02,-12.79,-4.32,-8.56,0.0,2026-07-09,2026-07-09,25.39,0.4225,-0.3758,0.6485,0.3032,0.342,0.0,0.1699,-0.5364,0.2318,多周期共振看空 ⬇⬇⬇,-0.481,-0.4967,-0.27
002590,万安科技,47.42,True,9.58,10.39,0,-3.47,-11.59,-7.74,-7.78,0.0,2026-07-09,2026-07-09,24.91,0.5217,-0.6474,0.317,0.313,0.3312,0.4717,0.1697,-0.9181,0.0409,多周期共振看空 ⬇⬇⬇,-0.866,-0.7131,-0.5625
600416,湘电股份,132.67,True,8.99,10.0,1,0.02,-16.83,-7.01,-10.1,0.0,2026-07-09,2026-07-09,15.92,0.6578,-0.1286,0.4833,0.5432,0.1316,0.1945,0.1697,-0.8255,0.0872,多周期共振看空 ⬇⬇⬇,-0.839,-0.5327,-0.5625
002802,洪汇新材,15.4,True,10.29,11.24,0,-3.13,-11.2,-7.63,-8.41,0.0,2026-07-09,2026-07-09,27.48,0.1243,-0.2044,0.3638,0.1928,0.3884,0.3937,0.1696,-0.7328,0.1336,多周期共振看空 ⬇⬇⬇,-0.783,-0.3769,-0.5625
002932,*ST明德,21.93,True,14.05,14.62,3,1.7,-7.62,-3.99,-3.88,0.0,2026-07-09,2026-07-09,35.97,-0.3238,-0.4338,0.2847,0.0265,0.5772,0.5255,0.1695,-0.7994,0.1003,多周期共振看空 ⬇⬇⬇,-0.5292,-0.7408,-0.5625
002813,路畅科技,22.51,True,18.78,19.83,0,-1.97,-10.54,-7.15,-5.28,0.0,2026-07-09,2026-07-09,34.44,0.0897,-0.4211,0.3334,0.0854,0.5431,0.4444,0.1693,-0.7898,0.1051,多周期共振看空 ⬇⬇⬇,-0.6265,-0.6363,-0.5625
600299,安迪苏,241.45,True,7.84,8.94,0,-6.41,-19.64,-10.73,-12.34,0.0,2026-07-09,2026-07-09,22.64,-0.6787,0.4308,0.5056,0.3723,0.2809,0.1574,0.1693,-0.704,0.148,多周期共振看空 ⬇⬇⬇,-0.7875,-0.5348,-0.3375
601908,京运通,70.99,True,2.94,3.12,0,-4.08,-14.07,-8.86,-5.89,0.0,2026-07-09,2026-07-09,36.59,0.0404,-0.5387,0.3945,0.0242,0.5908,0.3425,0.1692,-0.6679,0.166,多周期共振看空 ⬇⬇⬇,-0.5374,-0.5122,-0.495
601218,吉鑫科技,39.54,True,4.08,4.47,0,-4.46,-12.49,-8.85,-8.78,0.0,2026-07-09,2026-07-09,23.53,-0.0638,-0.1434,0.2816,0.1426,0.3007,0.5307,0.1691,-0.661,0.1695,多周期共振看空 ⬇⬇⬇,-0.7,-0.5152,-0.3375
600506,统一股份,33.65,True,13.48,14.94,0,-2.76,-14.33,-8.93,-9.79,0.0,2026-07-09,2026-07-09,35.73,0.0364,-0.0392,0.5326,0.2062,0.5717,0.1123,0.1691,-0.7526,0.1237,多周期共振看空 ⬇⬇⬇,-0.8116,-0.4634,-0.495
000410,沈阳机床,89.48,True,4.54,4.9,1,0.37,-11.31,-5.58,-7.25,0.0,2026-07-09,2026-07-09,33.14,0.363,-0.6667,0.4296,0.2178,0.5141,0.284,0.1691,-0.8398,0.0801,多周期共振看空 ⬇⬇⬇,-0.622,-0.75,-0.5625
600336,澳柯玛,47.16,True,5.91,6.5,0,-2.87,-15.07,-9.48,-9.1,0.0,2026-07-09,2026-07-09,28.1,0.3314,-0.4824,0.4177,0.2058,0.4021,0.3038,0.1691,-0.7022,0.1489,多周期共振看空 ⬇⬇⬇,-0.7985,-0.3638,-0.495
603169,兰石重装,79.68,True,6.1,7.19,4,7.5,-15.17,-6.42,-15.17,0.0,2026-07-09,2026-07-09,19.05,0.6545,-0.0898,0.6494,0.5568,0.2011,0.0,0.169,-0.7803,0.1099,多周期共振看空 ⬇⬇⬇,-0.806,-0.5291,-0.495
002562,兄弟科技,34.49,True,4.24,4.57,0,-2.23,-8.52,-5.52,-7.23,0.0,2026-07-09,2026-07-09,31.13,-0.4038,-0.055,0.323,0.178,0.4696,0.4617,0.169,-0.866,0.067,多周期共振看空 ⬇⬇⬇,-0.7,-0.7408,-0.5625
002862,实丰文化,16.32,True,12.69,13.59,0,-5.76,-14.65,-10.07,-6.6,0.0,2026-07-09,2026-07-09,29.23,-0.4239,-0.2835,0.3053,0.0866,0.4274,0.4911,0.169,-0.6922,0.1539,多周期共振看空 ⬇⬇⬇,-0.538,-0.4977,-0.5625
600006,东风股份,102.2,True,5.11,5.41,0,-2.48,-9.94,-6.68,-5.55,0.0,2026-07-09,2026-07-09,26.8,-0.3251,-0.125,0.2544,0.15,0.3734,0.5759,0.1688,-0.7982,0.1009,多周期共振看空 ⬇⬇⬇,-0.6265,-0.6548,-0.5625
002879,长缆科技,17.62,True,12.85,13.85,0,-0.45,-11.53,-7.14,-7.25,0.0,2026-07-09,2026-07-09,27.25,-0.0878,0.0232,0.3486,0.2093,0.3833,0.4189,0.1688,-0.7797,0.1102,多周期共振看空 ⬇⬇⬇,-0.622,-0.6854,-0.495
000425,徐工机械,751.55,True,8.35,8.49,2,2.66,-11.02,-4.81,-1.68,0.0,2026-07-09,2026-07-09,43.13,-0.0132,-0.6152,0.4816,0.0,0.7362,0.1974,0.1688,-0.691,0.1545,多周期共振看空 ⬇⬇⬇,-0.4759,-0.5483,-0.5625
603810,丰山集团,18.2,True,11.01,11.71,0,-1.67,-10.72,-7.03,-5.96,0.0,2026-07-09,2026-07-09,32.96,0.1251,-0.4225,0.2995,0.1061,0.5103,0.5008,0.1687,-0.8331,0.0835,多周期共振看空 ⬇⬇⬇,-0.6265,-0.7315,-0.5625
002547,*ST春兴,27.62,True,2.5,2.74,1,3.87,-25.69,-13.33,-8.73,0.0,2026-07-09,2026-07-09,37.71,-0.295,0.1091,0.7754,0.2436,0.6159,0.0,0.1687,-0.779,0.1105,多周期共振看空 ⬇⬇⬇,-0.666,-0.5787,-0.5625
000573,粤宏远Ａ,21.2,True,3.35,3.74,0,-4.03,-13.08,-8.24,-10.49,0.0,2026-07-09,2026-07-09,12.36,0.4432,-0.457,0.2459,0.2831,0.0524,0.5902,0.1686,-0.6392,0.1804,多周期共振看空 ⬇⬇⬇,-0.774,-0.314,-0.4275
600592,龙溪股份,54.42,True,13.62,14.78,2,1.44,-22.34,-13.82,-7.87,0.0,2026-07-09,2026-07-09,37.59,0.1751,-0.1118,0.7023,0.2603,0.6131,0.0,0.1685,-0.8043,0.0978,多周期共振看空 ⬇⬇⬇,-0.6085,-0.6837,-0.5625
002846,英联股份,25.86,True,9.94,11.29,4,2.93,-11.97,-6.11,-11.97,0.0,2026-07-09,2026-07-09,12.18,0.649,-0.0898,0.4033,0.5535,0.0484,0.3278,0.1682,-0.8601,0.07,多周期共振看空 ⬇⬇⬇,-0.797,-0.6447,-0.5625
000599,青岛双星,34.71,True,4.25,4.48,0,-4.63,-10.96,-7.72,-5.19,0.0,2026-07-09,2026-07-09,25.58,0.21,-0.5531,0.2361,0.126,0.3463,0.6065,0.1682,-0.7567,0.1216,多周期共振看空 ⬇⬇⬇,-0.556,-0.6241,-0.5625
002623,亚玛顿,28.41,True,14.75,16.29,2,2.05,-12.03,-7.85,-9.47,0.0,2026-07-09,2026-07-09,32.86,0.199,-0.3185,0.5618,0.192,0.508,0.0637,0.1677,-0.6258,0.1871,多周期共振看空 ⬇⬇⬇,-0.4487,-0.4958,-0.495
002309,中利集团,60.15,True,2.5,2.89,0,-5.39,-15.37,-11.54,-13.63,0.0,2026-07-09,2026-07-09,15.0,0.3843,-0.2888,0.3569,0.315,0.1111,0.4051,0.1676,-0.6204,0.1898,多周期共振看空 ⬇⬇⬇,-0.7875,-0.351,-0.3375
002689,ST远智,27.01,True,2.59,2.68,2,2.59,-14.66,-7.54,-3.45,0.0,2026-07-09,2026-07-09,42.55,-0.2156,-0.3729,0.4355,0.0508,0.7234,0.2742,0.1674,-0.8296,0.0852,多周期共振看空 ⬇⬇⬇,-0.6175,-0.7315,-0.5625
001373,翔腾新材,11.29,True,26.91,32.03,0,-2.06,-15.99,-9.1,-15.99,0.0,2026-07-09,2026-07-09,14.03,0.2073,0.3413,0.4596,0.4609,0.0895,0.234,0.1674,-0.6927,0.1537,多周期共振看空 ⬇⬇⬇,-0.803,-0.4967,-0.3375
601212,白银有色,358.39,True,4.84,5.4,1,0.26,-13.98,-8.49,-10.38,0.0,2026-07-09,2026-07-09,26.85,-0.1115,0.3573,0.581,0.3429,0.3745,0.0317,0.1674,-0.6841,0.1579,多周期共振看空 ⬇⬇⬇,-0.607,-0.6457,-0.3375
603912,佳力图,39.56,True,7.3,8.01,0,-0.55,-15.61,-8.57,-8.92,0.0,2026-07-09,2026-07-09,27.3,0.0986,0.053,0.5766,0.2803,0.3845,0.039,0.1672,-0.6037,0.1981,多周期共振看空 ⬇⬇⬇,-0.6855,-0.2443,-0.495
002469,三维化学,34.91,True,5.55,6.18,5,11.75,-12.52,-4.09,-10.19,0.0,2026-07-09,2026-07-09,24.12,0.8315,-0.7344,0.6223,0.4989,0.3137,0.0,0.1672,-0.8372,0.0814,多周期共振看空 ⬇⬇⬇,-0.6502,-0.7202,-0.5625
002212,天融信,65.46,True,5.61,5.92,0,-3.59,-11.92,-6.93,-5.32,0.0,2026-07-09,2026-07-09,36.22,-0.0067,-0.0062,0.4878,0.1975,0.5828,0.187,0.167,-0.829,0.0855,多周期共振看空 ⬇⬇⬇,-0.616,-0.7315,-0.5625
603092,德力佳,17.46,True,50.49,54.96,0,-3.17,-15.87,-8.34,-8.14,0.0,2026-07-09,2026-07-09,26.51,0.2083,-0.4183,0.3889,0.1577,0.3669,0.3518,0.1668,-0.64,0.18,周线日线共振看空,-0.6865,-0.402,
000766,通化金马,149.44,True,15.47,21.66,9,8.53,-28.87,-7.77,-28.59,0.0,2026-07-09,2026-07-09,19.26,-0.4099,1.0653,0.7366,0.4,0.2057,0.0,0.1667,-0.5529,0.2236,多周期共振看空 ⬇⬇⬇,-0.5002,-0.224,-0.5625
002048,宁波华翔,160.42,True,22.6,25.21,7,6.15,-15.99,-4.32,-10.34,0.0,2026-07-09,2026-07-09,32.77,0.1607,-0.1832,0.6967,0.2231,0.5059,0.0,0.1666,-0.631,0.1845,多周期共振看空 ⬇⬇⬇,-0.4683,-0.423,-0.5625
603703,盛洋科技,41.21,True,9.93,11.14,0,-2.41,-14.05,-8.24,-10.86,0.0,2026-07-09,2026-07-09,26.24,0.4559,-0.669,0.5293,0.2735,0.3609,0.1179,0.1666,-0.6321,0.184,多周期共振看空 ⬇⬇⬇,-0.555,-0.4186,-0.495
002535,林州重机,16.57,True,2.22,2.33,0,-0.04,-14.54,-8.04,-4.52,0.0,2026-07-09,2026-07-09,42.17,0.1224,-0.4218,0.5064,0.1047,0.7149,0.156,0.1666,-0.817,0.0915,多周期共振看空 ⬇⬇⬇,-0.5636,-0.75,-0.5625
600326,西藏天路,85.56,True,6.28,6.78,0,-3.23,-11.81,-7.78,-7.39,0.0,2026-07-09,2026-07-09,26.88,-0.1886,-0.0306,0.268,0.1878,0.375,0.5534,0.1663,-0.8625,0.0687,多周期共振看空 ⬇⬇⬇,-0.691,-0.7408,-0.5625
601106,中国一重,205.73,True,3.0,3.33,0,-3.23,-11.14,-6.83,-9.92,0.0,2026-07-09,2026-07-09,21.18,-0.4806,0.1808,0.3292,0.2723,0.2484,0.4513,0.1663,-0.7642,0.1179,多周期共振看空 ⬇⬇⬇,-0.8615,-0.6037,-0.3375
002694,*ST顾地,15.09,True,2.1,2.19,1,2.42,-12.41,-5.9,-4.31,0.0,2026-07-09,2026-07-09,43.01,0.186,-0.4423,0.5472,0.1347,0.7336,0.0879,0.166,-0.838,0.081,多周期共振看空 ⬇⬇⬇,-0.6175,-0.75,-0.5625
600210,紫江企业,93.13,True,6.14,6.4,3,1.65,-4.56,-2.05,-4.07,0.0,2026-07-09,2026-07-09,20.0,0.2133,-0.2202,0.213,0.2399,0.2222,0.645,0.166,-0.8385,0.0807,多周期共振看空 ⬇⬇⬇,-0.6403,-0.7315,-0.5625
002933,新兴装备,29.89,True,25.6,27.32,1,0.8,-10.12,-3.91,-6.3,0.0,2026-07-09,2026-07-09,29.63,0.1653,-0.2263,0.3866,0.2087,0.4362,0.3556,0.1659,-0.8143,0.0928,多周期共振看空 ⬇⬇⬇,-0.5674,-0.7408,-0.5625
601689,拓普集团,970.23,True,55.83,58.44,4,3.68,-14.65,-6.29,-4.47,0.0,2026-07-09,2026-07-09,39.09,0.0706,-0.4162,0.6969,0.0759,0.6464,0.0,0.1658,-0.5708,0.2146,多周期共振看空 ⬇⬇⬇,-0.3592,-0.3842,-0.5625
600797,浙大网新,65.04,True,6.33,6.73,0,-5.12,-14.16,-8.33,-6.01,0.0,2026-07-09,2026-07-09,31.4,0.2084,-0.3115,0.3982,0.2004,0.4756,0.3363,0.1655,-0.8368,0.0816,多周期共振看空 ⬇⬇⬇,-0.625,-0.7408,-0.5625
002692,远程股份,26.13,True,3.64,3.92,0,-3.68,-14.0,-8.98,-7.19,0.0,2026-07-09,2026-07-09,29.29,0.2069,-0.4482,0.3333,0.1449,0.4287,0.4446,0.165,-0.7819,0.109,多周期共振看空 ⬇⬇⬇,-0.691,-0.5637,-0.5625
603022,新通联,15.68,True,7.84,8.45,0,-4.28,-11.91,-8.85,-7.26,0.0,2026-07-09,2026-07-09,29.86,-0.2743,-0.3128,0.3198,0.0749,0.4414,0.4669,0.1647,-0.7054,0.1473,多周期共振看空 ⬇⬇⬇,-0.6085,-0.5337,-0.495
002227,*ST特迅,15.32,True,6.23,6.76,0,-1.74,-16.26,-9.92,-7.85,0.0,2026-07-09,2026-07-09,38.16,0.13,-0.2662,0.4942,0.1715,0.6259,0.1763,0.1645,-0.8506,0.0747,多周期共振看空 ⬇⬇⬇,-0.682,-0.7223,-0.5625
002544,普天科技,116.84,True,17.17,18.55,0,-3.68,-15.0,-8.42,-7.46,0.0,2026-07-09,2026-07-09,29.44,0.1445,-0.2424,0.3612,0.1898,0.4321,0.398,0.1645,-0.8248,0.0876,多周期共振看空 ⬇⬇⬇,-0.616,-0.7223,-0.5625
603583,捷昌驱动,86.96,True,22.75,23.51,2,5.85,-11.43,-4.83,-3.22,0.0,2026-07-09,2026-07-09,41.65,0.1575,-0.5931,0.4836,0.0945,0.7033,0.1939,0.1643,-0.8363,0.0818,多周期共振看空 ⬇⬇⬇,-0.613,-0.75,-0.5625
603166,福达股份,69.84,True,10.9,14.0,10,21.35,-22.55,0.75,-22.16,0.0,2026-07-09,2026-07-09,18.7,0.4911,-0.2373,0.9008,0.3998,0.1934,0.0,0.1638,-0.5613,0.2193,多周期共振看空 ⬇⬇⬇,-0.369,-0.3549,-0.5625
603201,常润股份,25.67,True,13.63,16.29,11,19.27,-22.2,-3.22,-16.33,0.0,2026-07-09,2026-07-09,31.34,0.1367,-0.2632,0.9949,0.1768,0.4743,0.0,0.1637,-0.5425,0.2288,多周期共振看空 ⬇⬇⬇,-0.2605,-0.4066,-0.5625
000572,海马汽车,56.49,True,3.44,3.89,1,2.05,-13.17,-8.44,-11.57,0.0,2026-07-09,2026-07-09,30.63,-0.3908,0.775,0.5475,0.4,0.4583,0.0875,0.1634,-0.9527,0.0237,多周期共振看空 ⬇⬇⬇,-0.9115,-0.75,-0.5625
601279,英利汽车,47.1,True,2.97,3.17,0,-4.04,-9.96,-6.53,-6.43,0.0,2026-07-09,2026-07-09,27.42,-0.4085,-0.0831,0.2659,0.1668,0.3871,0.5568,0.1633,-0.8702,0.0649,多周期共振看空 ⬇⬇⬇,-0.7,-0.75,-0.5625
603331,百达精工,21.19,True,10.48,11.15,0,-0.66,-12.15,-7.96,-6.04,0.0,2026-07-09,2026-07-09,35.79,0.0334,-0.4678,0.3978,0.0329,0.5732,0.337,0.1633,-0.7038,0.1481,多周期共振看空 ⬇⬇⬇,-0.622,-0.6762,-0.3375
000016,*ST康佳A,39.44,True,2.47,2.57,0,-0.45,-23.16,-11.8,-3.76,0.0,2026-07-09,2026-07-09,43.14,-0.1396,-0.2165,0.6697,0.1134,0.7364,0.0,0.1633,-0.759,0.1205,多周期共振看空 ⬇⬇⬇,-0.5245,-0.656,-0.5625
600637,东方明珠,265.25,True,7.89,8.38,0,-4.72,-13.31,-7.16,-5.9,0.0,2026-07-09,2026-07-09,16.33,0.2447,-0.2444,0.2586,0.2491,0.1406,0.5691,0.1632,-0.717,0.1415,多周期共振看空 ⬇⬇⬇,-0.7515,-0.4367,-0.495
603191,望变电气,46.89,True,14.21,16.22,0,-3.36,-21.87,-10.47,-12.39,0.0,2026-07-09,2026-07-09,15.31,0.817,-0.4688,0.5494,0.5027,0.1179,0.0843,0.163,-0.7091,0.1455,多周期共振看空 ⬇⬇⬇,-0.6787,-0.6392,-0.3375
000401,金隅冀东,89.99,True,3.42,3.58,0,-1.62,-10.59,-5.16,-4.34,0.0,2026-07-09,2026-07-09,33.33,-0.2226,-0.4387,0.2629,0.0245,0.5185,0.5619,0.1627,-0.8092,0.0954,多周期共振看空 ⬇⬇⬇,-0.5976,-0.7038,-0.5625
002865,钧达股份,116.35,True,50.85,59.61,0,-6.09,-23.15,-14.29,-14.7,0.0,2026-07-09,2026-07-09,23.7,0.4683,-0.3523,0.5187,0.3401,0.3044,0.1356,0.1627,-0.7164,0.1418,多周期共振看空 ⬇⬇⬇,-0.83,-0.5256,-0.3375
002184,海得控制,22.19,True,9.23,9.95,1,1.08,-15.83,-8.87,-7.2,0.0,2026-07-09,2026-07-09,36.17,0.2017,-0.3456,0.5575,0.1828,0.5816,0.0709,0.1626,-0.7459,0.127,多周期共振看空 ⬇⬇⬇,-0.5355,-0.6179,-0.5625
002598,ST章鼓,19.2,True,6.7,6.78,1,1.84,-10.85,-4.69,-1.16,0.0,2026-07-09,2026-07-09,43.37,-0.2132,-0.5758,0.4343,0.0,0.7415,0.2762,0.1626,-0.8097,0.0952,多周期共振看空 ⬇⬇⬇,-0.545,-0.75,-0.5625
605286,同力天启,41.78,True,24.87,27.31,0,-2.27,-20.36,-12.25,-8.93,0.0,2026-07-09,2026-07-09,27.58,-0.1443,0.2998,0.5367,0.3199,0.3907,0.1054,0.1623,-0.767,0.1165,多周期共振看空 ⬇⬇⬇,-0.6205,-0.5913,-0.5625
002302,西部建设,54.53,True,4.32,4.54,0,-3.47,-9.15,-6.4,-4.81,0.0,2026-07-09,2026-07-09,25.37,0.1213,-0.4285,0.1938,0.1014,0.3416,0.6769,0.1622,-0.8158,0.0921,多周期共振看空 ⬇⬇⬇,-0.5605,-0.75,-0.5625
002318,久立特材,186.16,True,19.5,23.25,11,7.26,-16.11,-1.6,-16.11,0.0,2026-07-09,2026-07-09,18.78,-0.2332,1.2828,0.5508,0.4,0.1951,0.082,0.1622,-0.6421,0.1789,多周期共振看空 ⬇⬇⬇,-0.4531,-0.6854,-0.3375
605196,华通线缆,118.36,True,23.44,28.99,0,-5.24,-25.37,-16.65,-19.15,0.0,2026-07-09,2026-07-09,26.21,-0.3014,0.8052,0.7321,0.4,0.3603,0.0,0.1619,-0.7773,0.1114,多周期共振看空 ⬇⬇⬇,-0.875,-0.6208,-0.3375
002510,天汽模,52.75,True,5.25,5.82,0,-1.23,-15.05,-7.34,-9.85,0.0,2026-07-09,2026-07-09,30.21,0.4306,-0.6442,0.5207,0.2584,0.4492,0.1321,0.1618,-0.7641,0.1179,多周期共振看空 ⬇⬇⬇,-0.7518,-0.4724,-0.5625
001379,腾达科技,10.22,True,15.19,16.3,0,-2.25,-12.68,-7.91,-6.81,0.0,2026-07-09,2026-07-09,28.4,-0.1144,-0.0889,0.3032,0.1644,0.4088,0.4947,0.1617,-0.8558,0.0721,多周期共振看空 ⬇⬇⬇,-0.6955,-0.7223,-0.5625
002295,精艺股份,20.54,True,8.2,9.1,0,-0.48,-11.68,-7.18,-9.89,0.0,2026-07-09,2026-07-09,19.34,0.4184,-0.2999,0.3373,0.3311,0.2076,0.4379,0.1614,-0.8379,0.0811,多周期共振看空 ⬇⬇⬇,-0.7605,-0.6271,-0.5625
002782,可立克,86.37,True,17.75,21.81,0,-2.64,-20.53,-11.31,-18.63,0.0,2026-07-09,2026-07-09,14.79,0.3898,-0.2425,0.6594,0.3368,0.1064,0.0,0.1614,-0.3752,0.3124,多周期共振看空 ⬇⬇⬇,-0.5127,-0.2052,-0.18
002355,兴民智通,25.59,True,4.14,4.48,0,-5.77,-16.73,-10.74,-7.66,0.0,2026-07-09,2026-07-09,22.77,0.2355,-0.231,0.3313,0.2489,0.2838,0.4479,0.1612,-0.8074,0.0963,多周期共振看空 ⬇⬇⬇,-0.625,-0.6762,-0.5625
002453,华软科技,24.83,True,4.12,4.78,0,-1.81,-16.81,-10.21,-13.8,0.0,2026-07-09,2026-07-09,34.19,-0.1201,0.1999,0.6615,0.2799,0.5376,0.0,0.1611,-0.8043,0.0978,多周期共振看空 ⬇⬇⬇,-0.8165,-0.5053,-0.5625
603605,珀莱雅,225.75,True,57.01,60.53,8,9.12,-11.14,-2.15,-5.82,0.0,2026-07-09,2026-07-09,27.94,0.1228,-0.6118,0.4279,0.0737,0.3986,0.2869,0.1608,-0.5394,0.2303,多周期共振看空 ⬇⬇⬇,-0.3723,-0.3038,-0.5625
002140,东华科技,62.08,True,8.78,9.45,0,-0.09,-7.08,-3.86,-7.08,0.0,2026-07-09,2026-07-09,23.56,-0.0992,-0.0348,0.254,0.1861,0.3014,0.5767,0.1607,-0.8355,0.0822,多周期共振看空 ⬇⬇⬇,-0.8082,-0.6485,-0.495
002519,银河电子,61.13,True,5.47,5.96,0,-3.35,-11.26,-7.23,-8.29,0.0,2026-07-09,2026-07-09,29.38,-0.042,-0.2679,0.3646,0.0928,0.4307,0.3924,0.1606,-0.6947,0.1527,多周期共振看空 ⬇⬇⬇,-0.783,-0.5182,-0.3375
600072,中船科技,87.75,True,8.1,8.98,0,-5.06,-16.39,-11.1,-9.79,0.0,2026-07-09,2026-07-09,22.18,0.3415,-0.3639,0.3611,0.2593,0.2706,0.3982,0.1605,-0.7742,0.1129,多周期共振看空 ⬇⬇⬇,-0.6955,-0.5429,-0.5625
002855,捷荣技术,22.53,True,9.15,9.93,0,-2.95,-12.38,-8.74,-7.89,0.0,2026-07-09,2026-07-09,22.68,0.5246,-0.471,0.3847,0.3264,0.2817,0.3589,0.1604,-0.8644,0.0678,多周期共振看空 ⬇⬇⬇,-0.7605,-0.6854,-0.5625
600425,青松建化,52.47,True,3.27,3.39,0,-0.87,-7.29,-3.52,-3.54,0.0,2026-07-09,2026-07-09,32.14,-0.2262,-0.5503,0.2369,0.0,0.4921,0.6051,0.1604,-0.7912,0.1044,多周期共振看空 ⬇⬇⬇,-0.4975,-0.75,-0.5625
002487,大金重工,296.53,True,47.0,56.2,0,-4.37,-17.83,-11.47,-16.37,0.0,2026-07-09,2026-07-09,27.16,-0.1252,-0.0339,0.5022,0.1865,0.3813,0.163,0.1601,-0.6059,0.1971,多周期共振看空 ⬇⬇⬇,-0.8615,-0.3233,-0.27
605180,华生科技,19.1,True,11.3,12.8,2,1.53,-11.74,-5.97,-11.74,0.0,2026-07-09,2026-07-09,21.72,0.5089,-0.3411,0.4891,0.3689,0.2605,0.1848,0.16,-0.7705,0.1148,多周期共振看空 ⬇⬇⬇,-0.8255,-0.4233,-0.5625
603130,云中马,53.25,True,38.72,41.86,4,0.92,-12.26,-3.72,-7.5,0.0,2026-07-09,2026-07-09,37.9,-0.192,-0.3078,0.596,0.0769,0.62,0.0066,0.16,-0.592,0.204,多周期共振看空 ⬇⬇⬇,-0.5265,-0.3548,-0.495
002953,日丰股份,23.85,True,8.79,9.21,0,-2.79,-11.0,-6.62,-4.53,0.0,2026-07-09,2026-07-09,29.44,-0.4313,-0.2442,0.312,0.1023,0.432,0.4799,0.1598,-0.7877,0.1062,多周期共振看空 ⬇⬇⬇,-0.5425,-0.7038,-0.5625
603982,泉峰汽车,18.71,True,5.51,5.91,0,-3.07,-11.78,-7.98,-6.71,0.0,2026-07-09,2026-07-09,31.08,-0.084,-0.2194,0.3236,0.1122,0.4685,0.4607,0.1597,-0.8331,0.0835,多周期共振看空 ⬇⬇⬇,-0.6265,-0.7315,-0.5625
002882,金龙羽,42.94,True,17.4,19.87,0,-0.98,-13.1,-7.04,-12.44,0.0,2026-07-09,2026-07-09,21.47,0.581,-0.077,0.5531,0.5178,0.2549,0.0781,0.1597,-0.9195,0.0403,多周期共振看空 ⬇⬇⬇,-0.848,-0.7315,-0.5625
000683,博源化工,182.48,True,5.46,5.93,0,-3.09,-12.58,-7.71,-7.9,0.0,2026-07-09,2026-07-09,33.95,-0.1536,-0.3984,0.3995,0.0406,0.5322,0.3341,0.159,-0.6988,0.1506,多周期共振看空 ⬇⬇⬇,-0.6865,-0.6098,-0.3375
002045,国光电器,42.41,True,7.55,8.14,0,-4.32,-13.97,-8.06,-7.2,0.0,2026-07-09,2026-07-09,22.96,-0.3181,0.0457,0.2903,0.2183,0.288,0.5161,0.1588,-0.8374,0.0813,多周期共振看空 ⬇⬇⬇,-0.616,-0.75,-0.5625
003021,兆威机电,180.22,True,86.9,92.4,3,5.51,-15.88,-5.63,-5.95,0.0,2026-07-09,2026-07-09,39.95,0.1929,-0.6028,0.7104,0.1158,0.6655,0.0,0.1588,-0.7136,0.1432,多周期共振看空 ⬇⬇⬇,-0.5213,-0.5591,-0.5625
002922,伊戈尔,108.88,True,28.88,33.02,0,-4.53,-17.65,-10.73,-12.53,0.0,2026-07-09,2026-07-09,27.36,0.061,0.059,0.6746,0.2602,0.3858,0.0,0.1583,-0.6126,0.1937,多周期共振看空 ⬇⬇⬇,-0.7245,-0.3906,-0.3347
000819,岳阳兴长,39.6,True,10.82,12.3,0,-7.19,-15.25,-10.12,-12.06,0.0,2026-07-09,2026-07-09,17.2,0.1962,0.1382,0.3524,0.373,0.1601,0.4127,0.1582,-0.8538,0.0731,多周期共振看空 ⬇⬇⬇,-0.8615,-0.5756,-0.5625
600444,国机通用,18.54,True,12.66,13.54,0,-1.83,-8.83,-6.11,-6.53,0.0,2026-07-09,2026-07-09,30.26,-0.2069,-0.2627,0.2793,0.0949,0.4503,0.5345,0.1582,-0.8541,0.073,多周期共振看空 ⬇⬇⬇,-0.691,-0.7223,-0.5625
002988,豪美新材,53.23,True,21.31,23.56,1,5.15,-18.69,-10.38,-9.55,0.0,2026-07-09,2026-07-09,38.47,0.1926,-0.3377,0.6416,0.1805,0.6326,0.0,0.158,-0.7838,0.1081,多周期共振看空 ⬇⬇⬇,-0.622,-0.6271,-0.5625
603036,如通股份,27.07,True,13.14,14.5,13,12.22,-9.39,1.5,-9.39,0.0095,2026-07-09,2026-07-09,32.12,0.3029,-0.7597,0.6682,0.1817,0.4916,0.0,0.158,-0.6396,0.1802,多周期共振看空 ⬇⬇⬇,-0.2236,-0.6515,-0.5625
600055,万东医疗,72.7,True,10.34,10.9,0,-3.03,-13.85,-7.87,-5.09,0.0,2026-07-09,2026-07-09,31.08,-0.3106,-0.1412,0.3731,0.1435,0.4685,0.3781,0.1579,-0.8313,0.0843,多周期共振看空 ⬇⬇⬇,-0.622,-0.7315,-0.5625
002666,德联集团,19.13,True,3.82,4.11,0,-3.2,-8.67,-6.02,-7.06,0.0,2026-07-09,2026-07-09,25.93,-0.3142,-0.1061,0.27,0.1576,0.3539,0.55,0.1579,-0.8534,0.0733,多周期共振看空 ⬇⬇⬇,-0.7,-0.7131,-0.5625
002214,*ST大立,59.32,True,12.4,14.66,4,1.99,-17.32,-4.19,-15.41,0.0,2026-07-09,2026-07-09,19.63,-0.2295,0.742,0.5815,0.4,0.2141,0.0308,0.157,-0.6653,0.1673,多周期共振看空 ⬇⬇⬇,-0.7555,-0.4771,-0.3375
603193,润本股份,19.18,True,18.56,19.69,0,-3.67,-13.94,-7.19,-5.74,0.0,2026-07-09,2026-07-09,28.8,-0.2001,-0.334,0.3205,0.0664,0.4177,0.4658,0.1568,-0.7256,0.1372,多周期共振看空 ⬇⬇⬇,-0.6175,-0.5029,-0.5625
600281,华阳新材,19.96,True,3.88,4.4,0,-1.44,-12.69,-8.05,-11.73,0.0,2026-07-09,2026-07-09,29.94,0.287,-0.1526,0.5159,0.3112,0.443,0.1402,0.1568,-0.8875,0.0563,多周期共振看空 ⬇⬇⬇,-0.7875,-0.7131,-0.5625
000786,北新建材,282.15,True,16.7,18.88,0,-3.99,-11.78,-8.22,-11.56,0.0,2026-07-09,2026-07-09,18.41,-0.1547,1.9677,0.3632,0.4,0.1869,0.3946,0.1564,-0.9285,0.0358,多周期共振看空 ⬇⬇⬇,-0.925,-0.6854,-0.5625
001233,海安集团,15.17,True,40.22,46.88,0,-0.25,-14.21,-6.64,-14.21,0.0,2026-07-09,2026-07-09,21.42,0.2676,0.0865,0.5426,0.3951,0.2539,0.0956,0.1563,-0.7629,0.1185,周线日线共振看空,-0.8525,-0.45,
002454,松芝股份,42.03,True,4.79,5.09,0,-1.68,-13.78,-7.94,-5.81,0.0,2026-07-09,2026-07-09,29.46,-0.1403,-0.4205,0.3501,0.0318,0.4324,0.4166,0.156,-0.6549,0.1725,多周期共振看空 ⬇⬇⬇,-0.622,-0.4113,-0.495
000678,襄阳轴承,37.18,True,8.09,9.09,0,-1.22,-19.97,-12.84,-10.98,0.0,2026-07-09,2026-07-09,32.4,-0.1377,0.1961,0.6796,0.2784,0.4977,0.0,0.1554,-0.7994,0.1003,多周期共振看空 ⬇⬇⬇,-0.6175,-0.6652,-0.5625
600883,博闻科技,16.17,True,6.85,7.38,0,-3.12,-9.64,-7.08,-7.17,0.0,2026-07-09,2026-07-09,30.11,-0.03,-0.3885,0.3196,0.0446,0.4468,0.4673,0.1554,-0.7381,0.131,多周期共振看空 ⬇⬇⬇,-0.821,-0.4234,-0.495
600331,宏达股份,220.07,True,10.83,11.9,0,-4.63,-17.6,-10.63,-9.01,0.0,2026-07-09,2026-07-09,30.26,0.0005,-0.1545,0.5195,0.1385,0.4502,0.1341,0.1553,-0.6264,0.1868,多周期共振看空 ⬇⬇⬇,-0.622,-0.506,-0.3375
000981,山子高科,254.96,True,2.68,3.0,0,-5.42,-16.02,-10.47,-10.79,0.0,2026-07-09,2026-07-09,23.08,-0.1808,0.2642,0.4352,0.3057,0.2906,0.2746,0.155,-0.8177,0.0912,多周期共振看空 ⬇⬇⬇,-0.7785,-0.6348,-0.495
000659,珠海中富,35.74,True,2.78,3.22,0,-6.51,-15.13,-10.44,-13.73,0.0,2026-07-09,2026-07-09,9.78,-0.5941,0.5922,0.3338,0.4,0.0,0.4437,0.1549,-0.7558,0.1221,多周期共振看空 ⬇⬇⬇,-0.7875,-0.6485,-0.3375
002825,纳尔股份,20.74,True,8.08,8.6,0,-5.26,-13.17,-8.73,-6.05,0.0,2026-07-09,2026-07-09,31.4,-0.0415,-0.415,0.3174,0.034,0.4755,0.471,0.1548,-0.763,0.1185,多周期共振看空 ⬇⬇⬇,-0.547,-0.6456,-0.5625
000852,石化机械,46.75,True,4.92,5.24,0,-3.26,-11.28,-7.23,-6.12,0.0,2026-07-09,2026-07-09,17.53,-0.4689,0.1185,0.2627,0.2474,0.1672,0.5621,0.1548,-0.808,0.096,多周期共振看空 ⬇⬇⬇,-0.616,-0.6854,-0.5625
002229,鸿博股份,47.98,True,9.73,11.2,0,-1.15,-22.27,-13.44,-13.12,0.0,2026-07-09,2026-07-09,20.82,0.6231,-0.5975,0.5515,0.3738,0.2403,0.0808,0.1544,-0.7158,0.1421,多周期共振看空 ⬇⬇⬇,-0.566,-0.5256,-0.5625
603429,*ST集友,40.6,True,7.74,9.06,8,14.9,-15.87,-3.09,-14.56,0.0,2026-07-09,2026-07-09,25.52,0.4598,-0.4667,0.6422,0.2892,0.3448,0.0,0.1543,-0.6417,0.1791,多周期共振看空 ⬇⬇⬇,-0.4741,-0.4415,-0.5625
603090,宏盛股份,50.05,True,50.05,55.24,2,0.93,-14.7,-7.67,-9.4,0.0,2026-07-09,2026-07-09,24.89,0.1119,-0.1047,0.6457,0.2253,0.3309,0.0,0.1541,-0.5247,0.2376,多周期共振看空 ⬇⬇⬇,-0.4565,-0.4244,-0.3375
600819,耀皮玻璃,39.84,True,5.33,5.97,2,1.49,-12.34,-7.33,-10.65,0.0,2026-07-09,2026-07-09,31.88,0.4474,-0.7,0.6313,0.2685,0.4862,0.0,0.1536,-0.7845,0.1078,多周期共振看空 ⬇⬇⬇,-0.5234,-0.7131,-0.5625
603227,雪峰科技,75.34,True,7.03,7.42,0,-4.67,-11.79,-7.37,-5.31,0.0,2026-07-09,2026-07-09,25.4,-0.048,-0.3744,0.2503,0.0502,0.3422,0.5828,0.1536,-0.7283,0.1359,多周期共振看空 ⬇⬇⬇,-0.5515,-0.5654,-0.5625
001335,信凯科技,8.44,True,33.03,43.5,6,4.32,-24.7,-6.43,-24.07,0.0,2026-07-09,2026-07-09,22.43,-0.0508,0.0804,0.6752,0.2321,0.2762,0.0,0.1531,-0.4783,0.2609,多周期共振看空 ⬇⬇⬇,-0.638,-0.2793,-0.225
000045,深纺织Ａ,43.78,True,9.58,10.32,0,-1.06,-8.44,-5.79,-7.13,0.0,2026-07-09,2026-07-09,28.94,0.1684,-0.4376,0.3617,0.126,0.4208,0.3972,0.1529,-0.8009,0.0996,多周期共振看空 ⬇⬇⬇,-0.6764,-0.6854,-0.495
603239,浙江仙通,36.93,True,13.64,15.49,0,-4.93,-17.75,-12.32,-11.94,0.0,2026-07-09,2026-07-09,26.38,-0.372,-0.1023,0.4642,0.1591,0.3639,0.2264,0.1524,-0.6533,0.1734,多周期共振看空 ⬇⬇⬇,-0.691,-0.506,-0.3375
000901,航天科技,130.11,True,16.3,17.59,1,1.78,-10.88,-5.22,-7.35,0.0,2026-07-09,2026-07-09,34.96,0.1159,-0.2958,0.4649,0.1512,0.5547,0.2252,0.1521,-0.8713,0.0644,多周期共振看空 ⬇⬇⬇,-0.857,-0.6854,-0.495
601717,中创智领,219.6,True,14.24,15.23,0,-1.64,-12.97,-6.18,-6.52,0.0,2026-07-09,2026-07-09,29.5,0.0401,-0.2262,0.3593,0.1335,0.4334,0.4012,0.1521,-0.838,0.081,多周期共振看空 ⬇⬇⬇,-0.6175,-0.75,-0.5625
002451,摩恩电气,29.55,True,6.73,7.35,0,-3.87,-11.42,-7.59,-8.45,0.0,2026-07-09,2026-07-09,22.22,0.0939,-0.1771,0.3023,0.1855,0.2716,0.4962,0.1519,-0.8043,0.0978,多周期共振看空 ⬇⬇⬇,-0.9205,-0.6413,-0.3375
002909,集泰股份,18.07,True,4.75,5.17,0,-3.22,-9.21,-7.56,-8.06,0.0,2026-07-09,2026-07-09,27.12,0.0421,-0.2261,0.2813,0.1348,0.3804,0.5312,0.1517,-0.8833,0.0584,多周期共振看空 ⬇⬇⬇,-0.7875,-0.7038,-0.5625
600518,康美药业,172.78,True,1.25,1.31,0,-2.44,-14.34,-7.69,-4.32,0.0,2026-07-09,2026-07-09,30.95,0.1622,-0.3608,0.4359,0.153,0.4656,0.2736,0.1513,-0.8123,0.0938,多周期共振看空 ⬇⬇⬇,-0.5515,-0.75,-0.5625
000008,神州高铁,64.1,True,2.36,2.43,0,-0.49,-9.87,-3.9,-2.84,0.0,2026-07-06,2026-07-06,31.48,-0.2868,-0.4076,0.3689,0.0369,0.4774,0.3851,0.151,-0.7324,0.1338,多周期共振看空 ⬇⬇⬇,-0.4777,-0.6377,-0.5625
002036,联创电子,70.93,True,6.72,7.63,0,-3.71,-17.7,-10.19,-11.92,0.0,2026-07-09,2026-07-09,25.2,0.5024,-0.4074,0.6588,0.3385,0.3377,0.0,0.1508,-0.7406,0.1297,多周期共振看空 ⬇⬇⬇,-0.6217,-0.5322,-0.5625
002115,三维通信,74.25,True,9.95,10.83,0,-3.2,-13.43,-7.91,-8.15,0.0,2026-07-09,2026-07-09,26.74,0.119,-0.4505,0.4028,0.0912,0.372,0.3286,0.1508,-0.6486,0.1757,多周期共振看空 ⬇⬇⬇,-0.747,-0.4477,-0.3375
603887,城地香江,53.34,True,8.86,9.92,0,-4.88,-17.94,-11.6,-10.64,0.0,2026-07-09,2026-07-09,28.31,-0.1817,0.0529,0.4893,0.2212,0.4069,0.1845,0.1505,-0.7856,0.1072,多周期共振看空 ⬇⬇⬇,-0.625,-0.6283,-0.5625
002624,完美世界,201.6,True,11.03,12.17,1,0.45,-14.04,-6.68,-9.34,0.0,2026-07-09,2026-07-09,40.32,-0.2135,-0.2909,0.6115,0.0836,0.6738,0.0,0.1505,-0.7386,0.1307,多周期共振看空 ⬇⬇⬇,-0.5384,-0.6669,-0.495
603596,伯特利,231.68,True,25.81,26.36,1,2.76,-16.82,-8.87,-2.11,0.0,2026-07-09,2026-07-09,37.9,0.1125,-0.4193,0.5919,0.0998,0.6201,0.0134,0.1499,-0.715,0.1425,多周期共振看空 ⬇⬇⬇,-0.4975,-0.5824,-0.5625
603070,万控智造,45.51,True,11.35,13.79,2,10.75,-19.47,-10.42,-17.71,0.0,2026-07-09,2026-07-09,16.69,0.5772,-0.6184,0.9346,0.3463,0.1486,0.0,0.1495,-0.5368,0.2316,多周期共振看空 ⬇⬇⬇,-0.6391,-0.2944,-0.3375
600699,均胜电子,287.41,True,21.21,22.84,0,-0.49,-15.82,-9.31,-7.15,0.0,2026-07-09,2026-07-09,30.43,0.0298,-0.1425,0.5186,0.1609,0.454,0.1356,0.1493,-0.716,0.142,多周期共振看空 ⬇⬇⬇,-0.5692,-0.5233,-0.5625
600724,宁波富达,76.29,True,5.28,5.8,0,-3.24,-18.11,-9.27,-8.9,0.0,2026-07-09,2026-07-09,35.95,-0.2023,-0.4569,0.6962,0.0172,0.5766,0.0,0.1491,-0.527,0.2365,多周期共振看空 ⬇⬇⬇,-0.6799,-0.2379,-0.3375
600651,飞乐音响,137.13,True,5.47,5.72,0,-4.44,-10.99,-7.06,-4.44,0.0,2026-07-09,2026-07-09,32.23,-0.0606,-0.4642,0.2938,0.0143,0.494,0.5104,0.1489,-0.8325,0.0837,多周期共振看空 ⬇⬇⬇,-0.625,-0.7315,-0.5625
000877,天山股份,257.4,True,3.62,3.82,0,-3.37,-9.28,-6.36,-5.26,0.0,2026-07-09,2026-07-09,25.76,-0.1796,-0.3217,0.2465,0.0713,0.3502,0.5892,0.1487,-0.8158,0.0921,多周期共振看空 ⬇⬇⬇,-0.5605,-0.75,-0.5625
002369,卓翼科技,29.73,True,5.25,5.63,0,-3.93,-11.57,-7.96,-6.71,0.0,2026-07-09,2026-07-09,26.75,0.0733,-0.1848,0.3333,0.17,0.3723,0.4446,0.1486,-0.8858,0.0571,多周期共振看空 ⬇⬇⬇,-0.783,-0.7131,-0.5625
603602,纵横通信,24.49,True,10.6,11.83,0,-0.5,-13.83,-7.31,-10.41,0.0,2026-07-09,2026-07-09,8.81,0.5768,-0.3541,0.3457,0.4044,0.0,0.4239,0.1483,-0.8001,0.0999,多周期共振看空 ⬇⬇⬇,-0.738,-0.5634,-0.5625
002735,王子新材,35.38,True,12.41,16.99,10,30.31,-27.24,0.55,-26.97,0.0,2026-07-09,2026-07-09,11.85,0.6196,-0.7658,0.7575,0.3718,0.0411,0.0,0.1481,-0.459,0.2705,多周期共振看空 ⬇⬇⬇,-0.322,-0.3504,-0.3825
600714,金瑞矿业,44.93,True,15.59,22.16,0,-0.16,-30.25,-17.06,-29.66,0.0,2026-07-09,2026-07-09,11.69,0.1402,-0.5389,0.5745,0.0841,0.0376,0.0425,0.1481,-0.0291,0.4854,多周期方向不一致，观望,-0.579,-0.0817,0.45
600775,南京熊猫,60.94,True,9.07,9.92,2,1.12,-11.59,-6.32,-8.55,0.0,2026-07-09,2026-07-09,28.77,0.1991,-0.1573,0.5278,0.2566,0.4171,0.1203,0.1477,-0.8259,0.0871,多周期共振看空 ⬇⬇⬇,-0.7298,-0.6946,-0.495
603097,江苏华辰,37.39,True,16.64,18.64,9,4.06,-12.79,-2.9,-10.71,0.0,2026-07-09,2026-07-09,12.24,0.2602,-0.3285,0.3558,0.2248,0.0499,0.4069,0.1475,-0.5648,0.2176,多周期共振看空 ⬇⬇⬇,-0.4142,-0.5489,-0.3375
000547,航天发展,262.52,True,16.52,18.79,1,0.03,-15.15,-6.77,-12.06,0.0,2026-07-09,2026-07-09,32.3,0.2376,-0.4454,0.6722,0.1644,0.4956,0.0,0.1473,-0.6797,0.1602,多周期共振看空 ⬇⬇⬇,-0.6312,-0.6153,-0.3375
003002,壶化股份,30.37,True,16.61,18.99,0,-3.69,-15.84,-10.09,-12.53,0.0,2026-07-09,2026-07-09,13.05,0.1196,0.3535,0.3721,0.4132,0.0678,0.3798,0.1471,-0.8694,0.0653,多周期共振看空 ⬇⬇⬇,-0.875,-0.5983,-0.5625
002053,云南能投,82.96,True,9.01,9.7,1,5.04,-18.54,-8.71,-7.12,0.0,2026-07-09,2026-07-09,42.15,-0.1135,-0.5176,0.7238,0.0,0.7144,0.0,0.1466,-0.6842,0.1579,多周期共振看空 ⬇⬇⬇,-0.5409,-0.4777,-0.5625
603960,克来机电,41.66,True,15.89,18.63,2,0.97,-16.27,-8.81,-14.73,0.0,2026-07-09,2026-07-09,16.65,0.5518,-0.4356,0.557,0.3569,0.1477,0.0717,0.146,-0.6376,0.1812,多周期共振看空 ⬇⬇⬇,-0.6491,-0.5074,-0.3375
002449,国星光电,42.24,True,6.83,7.58,1,0.72,-11.61,-5.24,-9.89,0.0,2026-07-09,2026-07-09,23.74,0.4797,-0.5466,0.5535,0.2878,0.3054,0.0776,0.1458,-0.7229,0.1386,多周期共振看空 ⬇⬇⬇,-0.5614,-0.5452,-0.5625
001306,夏厦精密,8.26,True,53.26,58.14,2,6.15,-12.22,-5.83,-8.39,0.0,2026-07-09,2026-07-09,34.75,0.2195,-0.5375,0.6536,0.1317,0.5499,0.0,0.1457,-0.7054,0.1473,多周期共振看空 ⬇⬇⬇,-0.4209,-0.6271,-0.5625
601399,国机重装,226.51,True,3.14,3.5,0,-1.21,-11.12,-5.5,-10.26,0.0,2026-07-09,2026-07-09,26.79,-0.0517,-0.12,0.3809,0.152,0.373,0.3651,0.1456,-0.8182,0.0909,多周期共振看空 ⬇⬇⬇,-0.8615,-0.7223,-0.3375
001360,南矿集团,19.63,True,15.64,18.6,7,9.36,-15.93,-5.18,-15.93,0.0,2026-07-09,2026-07-09,5.52,0.6361,-0.2317,0.6588,0.4889,0.0,0.0,0.1456,-0.6175,0.1912,多周期共振看空 ⬇⬇⬇,-0.6212,-0.4872,-0.3375
603896,寿仙谷,27.04,True,13.64,14.26,1,0.04,-14.3,-5.62,-4.32,0.0,2026-07-09,2026-07-09,39.29,-0.1491,-0.534,0.4415,0.0,0.6508,0.2642,0.1453,-0.8303,0.0848,多周期共振看空 ⬇⬇⬇,-0.6085,-0.7408,-0.5625
001323,慕思股份,49.74,True,15.98,17.11,0,-3.37,-14.4,-8.09,-6.59,0.0,2026-07-09,2026-07-09,32.51,-0.711,-0.4135,0.341,0.0346,0.5001,0.4317,0.1449,-0.8415,0.0792,多周期共振看空 ⬇⬇⬇,-0.6265,-0.75,-0.5625
603489,八方股份,60.44,True,25.76,29.78,0,-1.73,-13.49,-8.18,-13.49,0.0,2026-07-09,2026-07-09,13.81,-0.1804,-0.0559,0.3616,0.1776,0.0848,0.3973,0.1446,-0.5471,0.2264,多周期共振看空 ⬇⬇⬇,-0.821,-0.2287,-0.27
002799,环球印务,19.04,True,5.95,6.37,0,-4.99,-10.91,-8.75,-6.62,0.0,2026-07-09,2026-07-09,22.69,0.0213,-0.2806,0.2281,0.1005,0.282,0.6199,0.1444,-0.84,0.08,多周期共振看空 ⬇⬇⬇,-0.7,-0.6837,-0.5625
600302,ST标准,27.65,True,7.99,8.77,4,8.53,-20.05,-8.82,-8.91,0.0,2026-07-09,2026-07-09,36.64,-0.0169,-0.2321,0.627,0.1072,0.5921,0.0,0.1443,-0.7276,0.1362,多周期共振看空 ⬇⬇⬇,-0.7065,-0.656,-0.3375
600501,航天晨光,62.12,True,14.52,16.13,0,-2.61,-11.97,-8.93,-10.0,0.0,2026-07-09,2026-07-09,28.7,-0.3716,-0.1105,0.4116,0.1558,0.4155,0.3141,0.1442,-0.8457,0.0771,多周期共振看空 ⬇⬇⬇,-0.691,-0.7038,-0.5625
601777,千里科技,349.48,True,7.73,8.68,0,-6.74,-17.92,-11.78,-10.94,0.0,2026-07-09,2026-07-09,21.45,0.2573,-0.2079,0.5014,0.2712,0.2545,0.1643,0.1441,-0.7178,0.1411,多周期共振看空 ⬇⬇⬇,-0.7425,-0.3787,-0.5625
605555,德昌股份,59.44,True,12.28,13.41,1,1.3,-20.09,-8.22,-8.45,0.0,2026-07-09,2026-07-09,32.62,0.2793,-0.4779,0.5947,0.1765,0.5027,0.0089,0.1435,-0.7444,0.1278,多周期共振看空 ⬇⬇⬇,-0.5545,-0.5983,-0.5625
601992,金隅集团,114.18,True,1.37,1.42,0,-3.2,-10.8,-5.91,-3.69,0.0,2026-07-09,2026-07-09,25.0,-0.0026,-0.5319,0.2169,0.0,0.3333,0.6385,0.1432,-0.7648,0.1176,多周期共振看空 ⬇⬇⬇,-0.5515,-0.7131,-0.495
002836,新宏泽,20.94,True,9.09,9.83,0,-2.94,-10.47,-7.48,-7.51,0.0,2026-07-09,2026-07-09,30.53,-0.0672,-0.3589,0.35,0.0564,0.4563,0.4166,0.143,-0.8275,0.0862,多周期共振看空 ⬇⬇⬇,-0.691,-0.7315,-0.495
603159,上海亚虹,25.06,True,17.9,21.23,4,2.54,-33.3,-14.17,-15.69,0.0,2026-07-09,2026-07-09,20.39,-0.2511,0.3288,0.883,0.3315,0.2308,0.0,0.1428,-0.6648,0.1676,多周期共振看空 ⬇⬇⬇,-0.633,-0.4235,-0.495
600801,华新建材,226.75,True,16.9,17.74,7,2.55,-14.29,-3.28,-4.74,0.0,2026-07-09,2026-07-09,39.46,-0.4168,-0.4488,0.6442,0.0205,0.6546,0.0,0.1427,-0.6765,0.1618,多周期共振看空 ⬇⬇⬇,-0.3361,-0.7038,-0.495
603334,丰倍生物,10.29,True,32.33,37.37,0,-1.25,-13.49,-8.03,-13.49,0.0,2026-07-09,2026-07-09,15.99,-0.1068,0.2988,0.4275,0.3195,0.1331,0.2875,0.1426,-0.7602,0.1199,周线日线共振看空,-0.8615,-0.438,
600192,长城电工,26.73,True,6.05,6.89,5,12.31,-13.0,-5.79,-12.24,0.0,2026-07-09,2026-07-09,9.43,0.7803,-0.2218,0.6839,0.5795,0.0,0.0,0.1423,-0.7889,0.1055,多周期共振看空 ⬇⬇⬇,-0.7269,-0.5483,-0.5625
002117,东港股份,41.26,True,7.88,8.32,0,-2.16,-12.39,-6.52,-5.28,0.0,2026-07-09,2026-07-09,29.69,0.0765,-0.5689,0.3293,0.0459,0.4375,0.4512,0.1418,-0.8247,0.0877,多周期共振看空 ⬇⬇⬇,-0.6265,-0.7131,-0.5625
603915,国茂股份,92.39,True,14.07,14.96,1,4.68,-11.51,-5.29,-5.98,0.0,2026-07-09,2026-07-09,35.83,0.1317,-0.4411,0.6023,0.1026,0.5741,0.0,0.1417,-0.7193,0.1403,多周期共振看空 ⬇⬇⬇,-0.5783,-0.5228,-0.5625
002471,中超控股,74.3,True,5.53,6.34,1,0.95,-14.93,-9.2,-12.83,0.0,2026-07-09,2026-07-09,26.71,0.4467,-0.761,0.5857,0.268,0.3714,0.0239,0.1414,-0.7623,0.1189,多周期共振看空 ⬇⬇⬇,-0.8574,-0.6029,-0.3375
002368,太极股份,86.58,True,13.96,15.25,7,8.2,-13.42,-3.67,-8.45,0.0,2026-07-09,2026-07-09,21.16,-0.0829,0.2294,0.4544,0.2917,0.248,0.2427,0.1403,-0.8362,0.0819,多周期共振看空 ⬇⬇⬇,-0.6128,-0.75,-0.5625
600800,渤海化学,32.4,True,2.92,3.33,0,-6.24,-12.36,-9.57,-12.36,0.0,2026-07-09,2026-07-09,15.48,0.0098,0.041,0.259,0.2223,0.1217,0.5684,0.1396,-0.8397,0.0801,多周期共振看空 ⬇⬇⬇,-0.875,-0.6006,-0.495
600537,*ST亿晶,30.07,True,2.54,2.64,5,4.88,-22.12,-5.12,-3.9,0.0,2026-07-09,2026-07-09,34.69,0.0473,-0.6364,0.6125,0.0284,0.5488,0.0,0.1395,-0.5881,0.206,多周期共振看空 ⬇⬇⬇,-0.3034,-0.47,-0.5625
002278,神开股份,26.55,True,7.4,7.98,0,-3.44,-10.17,-6.85,-7.29,0.0,2026-07-09,2026-07-09,27.75,-0.1225,-0.4319,0.309,0.0272,0.3944,0.485,0.1394,-0.7899,0.105,多周期共振看空 ⬇⬇⬇,-0.7,-0.5735,-0.5625
002708,光洋股份,58.49,True,11.32,13.46,4,4.71,-16.12,-5.47,-15.87,0.0,2026-07-09,2026-07-09,20.67,0.3469,-0.5979,0.6699,0.2082,0.2371,0.0,0.1391,-0.505,0.2475,多周期共振看空 ⬇⬇⬇,-0.5523,-0.209,-0.4275
000590,古汉医药,19.03,True,7.95,8.75,0,-3.69,-11.47,-7.26,-9.11,0.0,2026-07-09,2026-07-09,27.48,-0.6347,-0.1729,0.3394,0.1308,0.3885,0.4343,0.1387,-0.9132,0.0434,多周期共振看空 ⬇⬇⬇,-0.875,-0.6946,-0.5625
603028,赛福天,18.13,True,6.38,6.95,0,-3.4,-12.39,-8.81,-8.19,0.0,2026-07-09,2026-07-09,27.04,-0.1872,-0.3878,0.3865,0.0449,0.3786,0.3558,0.1382,-0.7051,0.1475,多周期共振看空 ⬇⬇⬇,-0.5525,-0.581,-0.495
603121,华培动力,38.53,True,11.38,13.11,0,-4.26,-19.64,-13.7,-13.22,0.0,2026-07-09,2026-07-09,28.79,-0.4302,0.0336,0.5807,0.2134,0.4175,0.0322,0.1365,-0.7764,0.1118,多周期共振看空 ⬇⬇⬇,-0.691,-0.619,-0.495
000822,山东海化,35.0,True,3.91,4.25,0,-4.6,-10.68,-7.63,-8.01,0.0,2026-07-09,2026-07-09,25.56,0.0703,-0.4878,0.2748,0.0471,0.3457,0.542,0.1364,-0.8324,0.0838,多周期共振看空 ⬇⬇⬇,-0.7,-0.6669,-0.5625
603037,凯众股份,25.92,True,9.74,10.73,0,-4.65,-14.76,-10.25,-9.22,0.0,2026-07-09,2026-07-09,24.44,-0.0503,-0.3282,0.3512,0.0687,0.321,0.4147,0.1362,-0.737,0.1315,多周期共振看空 ⬇⬇⬇,-0.631,-0.5839,-0.495
000403,派林生物,84.85,True,9.02,9.93,0,-0.35,-22.46,-11.18,-9.19,0.0,2026-07-09,2026-07-09,29.43,-0.257,-0.0333,0.5839,0.1867,0.4317,0.0268,0.1359,-0.7506,0.1247,多周期共振看空 ⬇⬇⬇,-0.4385,-0.7113,-0.5625
600986,浙文互联,97.42,True,6.55,7.32,0,-2.41,-14.03,-9.61,-10.51,0.0,2026-07-09,2026-07-09,18.45,-0.0548,0.0553,0.3801,0.2221,0.1879,0.3665,0.1349,-0.795,0.1025,多周期共振看空 ⬇⬇⬇,-0.7785,-0.5849,-0.495
603586,金麒麟,25.08,True,12.79,14.38,5,10.58,-24.99,-10.6,-11.07,0.0,2026-07-09,2026-07-09,25.55,0.4449,-0.4913,0.6353,0.2704,0.3455,0.0,0.1346,-0.7708,0.1146,多周期共振看空 ⬇⬇⬇,-0.6007,-0.6167,-0.5625
601799,星宇股份,271.2,True,94.93,106.12,0,-5.23,-22.37,-10.74,-10.54,0.0,2026-07-09,2026-07-09,29.22,-0.6374,0.0011,0.5751,0.2004,0.4271,0.0414,0.1346,-0.7898,0.1051,多周期共振看空 ⬇⬇⬇,-0.802,-0.5533,-0.495
002178,延华智能,30.39,True,4.27,4.71,0,-0.96,-15.64,-10.18,-9.29,0.0,2026-07-09,2026-07-09,22.95,0.2494,-0.4195,0.3677,0.1818,0.2878,0.3871,0.1345,-0.8701,0.065,多周期共振看空 ⬇⬇⬇,-0.7875,-0.6747,-0.5625
002026,山东威达,46.6,True,10.58,11.4,0,-0.62,-10.75,-4.97,-7.16,0.0,2026-07-09,2026-07-09,24.55,-0.0988,-0.2121,0.3022,0.1152,0.3233,0.4963,0.134,-0.8972,0.0514,多周期共振看空 ⬇⬇⬇,-0.8015,-0.7223,-0.5625
603095,越剑智能,33.63,True,13.02,15.37,0,-6.32,-18.52,-13.37,-15.31,0.0,2026-07-09,2026-07-09,17.27,-0.0433,-0.1311,0.4341,0.1476,0.1615,0.2765,0.1338,-0.5803,0.2098,多周期共振看空 ⬇⬇⬇,-0.7515,-0.3613,-0.27
002194,武汉凡谷,44.65,True,8.74,10.71,7,7.5,-21.55,-7.1,-18.37,0.0,2026-07-09,2026-07-09,7.85,0.7631,-0.7806,0.7294,0.4579,0.0,0.0,0.1338,-0.6623,0.1689,多周期共振看空 ⬇⬇⬇,-0.564,-0.4097,-0.5625
600810,神马股份,62.47,True,5.78,6.42,11,10.81,-9.96,0.92,-9.96,0.0,2026-07-09,2026-07-09,15.38,0.376,-0.655,0.4303,0.2256,0.1197,0.2828,0.1333,-0.6644,0.1678,多周期共振看空 ⬇⬇⬇,-0.3197,-0.6238,-0.5625
003027,同兴科技,16.74,True,15.96,18.24,0,-2.44,-16.08,-9.96,-12.51,0.0,2026-07-09,2026-07-09,30.34,0.0643,-0.4157,0.5038,0.0723,0.4521,0.1603,0.1327,-0.7252,0.1374,多周期共振看空 ⬇⬇⬇,-0.839,-0.3796,-0.495
600480,凌云股份,104.33,True,8.6,9.11,0,-0.33,-17.66,-8.49,-5.59,0.0,2026-07-09,2026-07-09,32.89,-0.0054,-0.3399,0.5666,0.064,0.5087,0.0557,0.1317,-0.7042,0.1479,多周期共振看空 ⬇⬇⬇,-0.5725,-0.4944,-0.5625
603305,旭升集团,136.37,True,11.8,12.82,0,-1.68,-15.71,-8.85,-7.92,0.0,2026-07-09,2026-07-09,28.65,-0.0829,-0.3384,0.5002,0.0646,0.4145,0.1663,0.1314,-0.6823,0.1588,多周期共振看空 ⬇⬇⬇,-0.5815,-0.5061,-0.495
600389,江山股份,78.72,True,18.28,20.8,0,-2.89,-15.27,-9.4,-12.13,0.0,2026-07-09,2026-07-09,23.89,-0.4851,0.0214,0.5346,0.2086,0.3086,0.109,0.1314,-0.7401,0.13,多周期共振看空 ⬇⬇⬇,-0.8705,-0.5429,-0.3375
001300,三柏硕,28.25,True,11.59,12.61,0,-4.09,-20.64,-12.94,-8.07,0.0,2026-07-09,2026-07-09,29.11,-0.112,-0.4918,0.4654,0.0033,0.4248,0.2244,0.1314,-0.643,0.1785,多周期共振看空 ⬇⬇⬇,-0.547,-0.4494,-0.495
600418,江淮汽车,533.99,True,24.45,27.95,0,-9.98,-21.56,-15.4,-12.51,0.0,2026-07-09,2026-07-09,25.56,-0.3272,0.1723,0.6315,0.2689,0.3459,0.0,0.1311,-0.7962,0.1019,多周期共振看空 ⬇⬇⬇,-0.575,-0.6946,-0.5625
600577,精达股份,186.6,True,8.64,10.22,0,-6.59,-19.28,-13.07,-15.48,0.0,2026-07-09,2026-07-09,14.86,-0.2657,0.2416,0.522,0.2967,0.1081,0.1301,0.1301,-0.6679,0.166,多周期共振看空 ⬇⬇⬇,-0.7335,-0.5016,-0.3375
002130,沃尔核材,198.54,True,17.31,18.93,1,0.12,-12.16,-6.23,-8.57,0.0,2026-07-09,2026-07-09,29.8,0.0957,-0.2396,0.602,0.1616,0.4399,0.0,0.1296,-0.7495,0.1252,多周期共振看空 ⬇⬇⬇,-0.5702,-0.5961,-0.5625
000592,平潭发展,113.37,True,5.92,6.98,1,5.25,-17.56,-11.3,-15.16,0.0,2026-07-09,2026-07-09,31.77,-0.1061,-0.1637,0.6936,0.1345,0.4838,0.0,0.1284,-0.769,0.1155,多周期共振看空 ⬇⬇⬇,-0.8615,-0.6141,-0.3375
600490,鹏欣资源,116.77,True,5.86,6.53,4,2.67,-15.3,-7.28,-10.21,0.0,2026-07-09,2026-07-09,27.55,-0.0388,-0.1605,0.7033,0.1358,0.39,0.0,0.1282,-0.6595,0.1703,多周期共振看空 ⬇⬇⬇,-0.6309,-0.4137,-0.495
603992,松霖科技,117.18,True,26.45,31.49,14,10.21,-16.0,0.66,-16.0,0.0,2026-07-09,2026-07-09,19.5,0.2758,-0.5094,0.6608,0.1655,0.2111,0.0,0.1282,-0.4925,0.2538,多周期共振看空 ⬇⬇⬇,-0.2491,-0.3738,-0.495
002918,蒙娜丽莎,19.64,True,9.17,10.58,0,-2.25,-17.14,-11.69,-13.29,0.0,2026-07-09,2026-07-09,14.24,0.5778,-0.4669,0.558,0.3599,0.0942,0.07,0.1278,-0.7224,0.1388,多周期共振看空 ⬇⬇⬇,-0.5231,-0.5768,-0.5625
603786,科博达,167.36,True,41.44,44.28,0,-1.75,-12.58,-6.44,-6.41,0.0,2026-07-09,2026-07-09,28.19,-0.1559,-0.3427,0.4062,0.0629,0.4043,0.3229,0.1275,-0.8243,0.0878,多周期共振看空 ⬇⬇⬇,-0.604,-0.7315,-0.5625
603396,金辰股份,33.66,True,24.3,27.08,0,-4.88,-12.34,-8.54,-10.26,0.0,2026-07-09,2026-07-09,16.39,-0.0679,-0.1036,0.2555,0.1585,0.1419,0.5742,0.1256,-0.8783,0.0609,多周期共振看空 ⬇⬇⬇,-0.875,-0.6854,-0.495
001255,博菲电气,18.64,True,24.12,26.75,0,-4.0,-11.32,-8.5,-9.83,0.0,2026-07-09,2026-07-09,23.56,-0.2122,-0.2286,0.3246,0.1086,0.3014,0.459,0.1251,-0.902,0.049,多周期共振看空 ⬇⬇⬇,-0.925,-0.6946,-0.495
002160,常铝股份,36.38,True,3.53,4.0,1,3.74,-16.39,-8.66,-11.84,0.0,2026-07-09,2026-07-09,17.83,0.4647,-0.3267,0.6513,0.3482,0.174,0.0,0.1247,-0.768,0.116,多周期共振看空 ⬇⬇⬇,-0.783,-0.5217,-0.495
002866,传艺科技,26.38,True,14.56,16.67,0,-5.47,-15.67,-10.3,-12.64,0.0,2026-07-09,2026-07-09,17.27,0.1367,-0.4801,0.433,0.09,0.1617,0.2784,0.1247,-0.5634,0.2183,多周期共振看空 ⬇⬇⬇,-0.774,-0.3048,-0.27
002331,皖通科技,27.55,True,6.83,7.65,0,-3.34,-12.55,-8.06,-10.67,0.0,2026-07-09,2026-07-09,17.86,0.1167,-0.5341,0.3204,0.07,0.1746,0.466,0.1246,-0.6977,0.1512,多周期共振看空 ⬇⬇⬇,-0.747,-0.3982,-0.495
000821,ST京机,46.62,True,7.71,8.12,1,1.14,-17.53,-7.14,-5.07,0.0,2026-07-09,2026-07-09,38.69,-0.443,-0.5555,0.5606,0.0,0.6376,0.0657,0.1236,-0.8286,0.0857,多周期共振看空 ⬇⬇⬇,-0.604,-0.7408,-0.5625
002778,中晟高科,18.16,True,14.71,16.28,0,-3.57,-12.66,-7.68,-9.64,0.0,2026-07-09,2026-07-09,20.05,0.2998,-0.4292,0.4746,0.2082,0.2233,0.2091,0.1233,-0.7817,0.1092,多周期共振看空 ⬇⬇⬇,-0.597,-0.6438,-0.5625
603381,永臻股份,20.48,True,14.41,15.96,0,-4.47,-18.26,-11.07,-9.71,0.0,2026-07-09,2026-07-09,16.22,-0.1576,-0.3206,0.227,0.0717,0.1381,0.6217,0.1231,-0.7933,0.1033,多周期共振看空 ⬇⬇⬇,-0.7,-0.6485,-0.495
002347,泰尔股份,26.84,True,5.44,6.07,0,-1.95,-13.64,-9.14,-10.34,0.0,2026-07-09,2026-07-09,27.32,-0.2165,-0.3581,0.4037,0.0568,0.3848,0.3271,0.1224,-0.8355,0.0822,多周期共振看空 ⬇⬇⬇,-0.9205,-0.5523,-0.495
600590,泰豪科技,75.75,True,8.98,10.64,0,-6.21,-16.72,-12.53,-15.6,0.0,2026-07-09,2026-07-09,12.5,0.155,-0.247,0.4471,0.1942,0.0556,0.2549,0.1206,-0.6167,0.1916,多周期共振看空 ⬇⬇⬇,-0.7875,-0.3429,-0.3375
601515,衢州东峰,59.66,True,3.1,3.48,0,-0.68,-15.1,-8.71,-10.79,0.0,2026-07-09,2026-07-09,23.44,-0.2499,-0.1777,0.5119,0.1289,0.2986,0.1468,0.1197,-0.7248,0.1376,多周期共振看空 ⬇⬇⬇,-0.7695,-0.3708,-0.5625
603320,迪贝电气,24.83,True,16.65,18.91,0,-1.91,-16.09,-9.6,-11.96,0.0,2026-07-09,2026-07-09,27.76,-0.0093,-0.3748,0.6005,0.0501,0.3946,0.0,0.1195,-0.5979,0.2011,多周期共振看空 ⬇⬇⬇,-0.7147,-0.364,-0.3375
603988,中电电机,37.04,True,15.75,17.54,0,-3.35,-14.87,-10.07,-10.2,0.0,2026-07-09,2026-07-09,24.55,-0.2312,-0.2411,0.4162,0.1036,0.3234,0.3064,0.1192,-0.8457,0.0771,多周期共振看空 ⬇⬇⬇,-0.691,-0.7038,-0.5625
603218,日月股份,96.93,True,9.42,10.37,0,-2.22,-11.56,-6.19,-9.16,0.0,2026-07-09,2026-07-09,17.97,0.007,-0.2307,0.257,0.1119,0.1772,0.5717,0.1187,-0.8997,0.0501,多周期共振看空 ⬇⬇⬇,-0.907,-0.6375,-0.5625
000004,国华退,0.53,True,0.42,1.36,0,-9.94,-91.17,-55.93,-69.22,0.0,2026-07-09,2026-07-09,7.8,-0.3938,0.7145,3.385,0.4,0.0,0.0,0.1174,-0.7011,0.1495,多周期共振看空 ⬇⬇⬇,-0.529,-0.75,-0.3375
002625,光启技术,636.89,True,29.56,32.62,1,0.06,-17.99,-9.39,-9.37,0.0,2026-07-09,2026-07-09,32.02,-0.0873,-0.2459,0.5915,0.1016,0.4892,0.0142,0.1162,-0.8317,0.0842,多周期共振看空 ⬇⬇⬇,-0.6552,-0.7038,-0.5625
002898,赛隆退,0.34,True,0.34,5.46,4,9.55,-96.98,-49.02,-93.77,0.0,2026-07-09,2026-07-09,0.6,-0.6716,2.7884,3.3795,0.4,0.0,0.0,0.1159,-0.713,0.1435,多周期共振看空 ⬇⬇⬇,-0.6705,-0.6548,-0.3375
600996,贵广网络,75.56,True,6.06,7.86,2,5.71,-25.23,-10.08,-22.88,0.0,2026-07-09,2026-07-09,14.87,0.582,-0.6362,0.6706,0.3492,0.1082,0.0,0.1156,-0.7636,0.1182,多周期共振看空 ⬇⬇⬇,-0.7155,-0.5025,-0.5625
002217,ST合力泰,121.56,True,1.67,2.11,2,4.07,-26.67,-13.3,-20.83,0.0,2026-07-09,2026-07-09,16.33,0.3635,-0.2822,0.7974,0.3052,0.1406,0.0,0.1142,-0.7434,0.1283,多周期共振看空 ⬇⬇⬇,-0.7335,-0.4427,-0.5625
002097,山河智能,74.65,True,6.96,7.63,0,-3.95,-11.46,-7.08,-8.73,0.0,2026-07-09,2026-07-09,18.03,-0.4492,-0.2162,0.2506,0.1135,0.1785,0.5823,0.114,-0.9495,0.0252,多周期共振看空 ⬇⬇⬇,-0.925,-0.7315,-0.5625
600876,凯盛新能,26.79,True,6.77,7.84,3,13.03,-15.48,-7.28,-13.63,0.0,2026-07-09,2026-07-09,8.2,0.517,-0.2111,0.7031,0.4258,0.0,0.0,0.1138,-0.7706,0.1147,多周期共振看空 ⬇⬇⬇,-0.5104,-0.6937,-0.5625
603612,索通发展,80.15,True,16.09,18.59,1,0.94,-13.51,-7.23,-13.43,0.0,2026-07-09,2026-07-09,17.06,0.0265,0.0172,0.4228,0.2228,0.1568,0.2954,0.1137,-0.8713,0.0644,多周期共振看空 ⬇⬇⬇,-0.857,-0.6854,-0.495
603516,淳中科技,219.16,True,107.82,125.18,11,16.91,-14.4,0.8,-13.87,0.0,2026-07-09,2026-07-09,21.17,0.2862,-0.5646,0.7931,0.1717,0.2482,0.0,0.1134,-0.665,0.1675,多周期共振看空 ⬇⬇⬇,-0.3211,-0.6238,-0.5625
002596,海南瑞泽,31.76,True,2.77,3.15,0,-2.6,-16.8,-9.5,-12.02,0.0,2026-07-09,2026-07-09,33.8,-0.0273,-0.4722,0.6047,0.0111,0.529,0.0,0.1084,-0.7855,0.1073,多周期共振看空 ⬇⬇⬇,-0.6263,-0.6271,-0.5625
002121,科陆电子,68.47,True,4.85,5.52,0,-8.78,-19.03,-14.17,-12.22,0.0,2026-07-09,2026-07-09,16.34,-0.0105,-0.3182,0.3369,0.0727,0.1409,0.4385,0.1067,-0.7827,0.1087,多周期共振看空 ⬇⬇⬇,-0.7695,-0.5656,-0.495
002514,*ST宝馨,10.69,True,1.93,2.53,0,-12.87,-35.18,-25.32,-23.66,0.0,2026-07-09,2026-07-09,16.55,0.0269,0.3298,0.6393,0.3481,0.1456,0.0,0.1065,-0.8794,0.0603,多周期共振看空 ⬇⬇⬇,-0.756,-0.7223,-0.5625
003005,竞业达,15.38,True,12.11,13.75,0,-3.37,-12.31,-6.84,-11.94,0.0,2026-07-09,2026-07-09,27.58,0.0565,-0.5557,0.4751,0.0339,0.3906,0.2081,0.1031,-0.8649,0.0675,多周期共振看空 ⬇⬇⬇,-0.6865,-0.75,-0.5625
603360,百傲化学,103.74,True,14.69,17.27,0,-0.55,-18.39,-10.89,-14.93,0.0,2026-07-09,2026-07-09,28.3,0.0904,-0.3469,0.6707,0.1155,0.4066,0.0,0.0999,-0.8737,0.0631,多周期共振看空 ⬇⬇⬇,-0.7198,-0.7408,-0.5625
603922,ST金鸿顺,22.67,True,12.65,14.06,6,4.43,-14.4,-5.42,-10.01,0.0,2026-07-09,2026-07-09,24.72,-0.2428,-0.2859,0.6725,0.0857,0.3271,0.0,0.0953,-0.767,0.1165,多周期共振看空 ⬇⬇⬇,-0.5775,-0.6283,-0.5625
603202,天有为,24.97,True,49.72,55.68,2,1.31,-19.55,-8.93,-10.7,0.0,2026-07-09,2026-07-09,15.56,-0.1019,-0.2823,0.4499,0.0871,0.1235,0.2502,0.0878,-0.785,0.1075,多周期共振看空 ⬇⬇⬇,-0.5245,-0.7131,-0.5625
001382,新亚电缆,9.37,True,14.87,17.38,0,-0.6,-20.32,-10.51,-14.42,0.0,2026-07-09,2026-07-09,12.08,-0.0725,-0.1041,0.4304,0.1583,0.0463,0.2827,0.0868,-0.8403,0.0798,多周期共振看空 ⬇⬇⬇,-0.774,-0.6208,-0.5625
000980,众泰汽车,86.23,True,1.71,2.06,0,-5.36,-17.09,-12.25,-17.09,0.0,2026-07-09,2026-07-09,6.78,0.0897,-0.0551,0.5317,0.2318,0.0,0.1138,0.0817,-0.8084,0.0958,多周期共振看空 ⬇⬇⬇,-0.7846,-0.5417,-0.5625
600733,北汽蓝谷,257.78,True,4.64,5.21,0,-1.39,-14.37,-9.74,-10.89,0.0,2026-07-09,2026-07-09,10.45,-0.1238,-0.2143,0.3498,0.1143,0.01,0.417,0.078,-0.9043,0.0479,多周期共振看空 ⬇⬇⬇,-0.7875,-0.75,-0.5625
002731,ST萃华,7.3,True,3.18,5.84,0,-0.03,-45.5,-16.12,-45.5,0.0,2026-07-09,2026-07-09,0.25,0.5663,-0.9897,0.6259,0.3398,0.0,0.0,0.0738,-0.9533,0.0233,周线日线共振看空,-0.857,-0.7408,
002808,恒久退,0.36,True,0.19,1.3,0,-7.86,-95.06,-62.08,-85.33,0.0,2026-07-09,2026-07-09,2.71,-0.3897,-0.6463,3.3998,0.0,0.0,0.0,0.0422,-0.6624,0.1688,多周期共振看空 ⬇⬇⬇,-0.4835,-0.7038,-0.3375
