code,name,market_cap,is_tech,latest_close,latest_ma20,days_above_ma20,max_distance_above_ma20_pct,min_distance_above_ma20_pct,avg_distance_above_ma20_pct,latest_distance_above_ma20_pct,ma20_strength_score,last_breach_date,latest_date,rsi,volume_price_corr,volume_change_22d,volatility_20d,volume_price_score,rsi_score,volatility_score,composite_score,trend_score,trend_normalized,trend_phase,daily_trend_score,weekly_trend_score,monthly_trend_score
002422,科伦药业,666.84,True,51.35,45.05,21,26.76,-1.1,11.81,13.99,0.8341,2026-06-26,2026-07-23,56.42,0.7558,1.0597,0.8912,0.8535,0.9684,0.0,0.8021,0.8874,0.9437,多周期共振看多 ⬆⬆⬆,0.866,0.7131,0.495
000938,紫光股份,1214.1,True,42.45,34.68,20,32.15,-5.27,15.27,22.41,0.8182,2026-06-29,2026-07-23,68.21,0.9159,3.5357,1.0614,0.9496,0.7064,0.0,0.7649,0.7885,0.8942,多周期共振看多 ⬆⬆⬆,0.6785,0.589,0.5625
600267,海正药业,142.34,True,12.06,11.13,22,15.08,1.73,7.83,8.37,0.788,2026-06-22,2026-07-23,64.46,0.9251,1.8703,0.616,0.9551,0.7898,0.0,0.7448,0.5912,0.7956,多周期共振看多 ⬆⬆⬆,0.692,0.3236,0.3825
000977,浪潮信息,1290.23,True,87.96,77.87,22,30.83,0.63,12.54,12.95,0.85,2026-06-16,2026-07-23,70.99,0.8159,1.6674,0.8783,0.8895,0.6446,0.0,0.7415,0.6953,0.8477,多周期共振看多 ⬆⬆⬆,0.623,0.4991,0.495
000739,普洛药业,238.43,True,20.59,18.65,21,18.47,-1.73,8.06,10.43,0.7899,2026-06-26,2026-07-23,67.05,0.7862,0.9632,0.531,0.8717,0.7321,0.1151,0.7261,0.5477,0.7738,多周期共振看多 ⬆⬆⬆,0.6965,0.2243,0.3825
002860,星帅尔,58.17,True,16.91,16.0,22,24.79,0.61,8.65,5.68,0.7084,2026-06-12,2026-07-23,56.5,0.5889,1.0662,0.6346,0.7533,0.9667,0.0,0.7214,0.7058,0.8529,多周期共振看多 ⬆⬆⬆,0.681,0.63,0.3375
002396,星网锐捷,256.99,True,33.93,26.51,17,42.03,-10.96,18.42,27.98,0.7705,2026-06-30,2026-07-23,75.72,0.8533,5.192,0.9341,0.912,0.5395,0.0,0.6947,0.6016,0.8008,多周期共振看多 ⬆⬆⬆,0.6987,0.4084,0.315
002841,视源股份,239.3,True,45.9,43.93,18,42.05,-7.28,13.8,4.47,0.6482,2026-06-29,2026-07-23,65.1,0.8862,3.8926,0.8104,0.9317,0.7756,0.0,0.6799,0.4621,0.731,多周期共振看多 ⬆⬆⬆,0.3665,0.544,0.1575
002415,海康威视,3235.9,True,35.77,34.15,20,9.95,-1.76,4.21,4.75,0.602,2026-07-17,2026-07-23,60.47,0.2865,0.318,0.3472,0.4991,0.8784,0.4214,0.6753,0.7682,0.8841,多周期共振看多 ⬆⬆⬆,0.6247,0.5905,0.5625
002653,海思科,386.59,True,72.02,70.04,22,45.23,2.74,16.9,2.83,0.6707,2026-06-18,2026-07-23,43.89,0.7001,0.3421,0.9493,0.7569,0.753,0.0,0.6722,0.6531,0.8266,多周期共振看多 ⬆⬆⬆,0.4975,0.514,0.495
002141,贤丰控股,57.22,True,5.54,5.34,19,47.92,-7.65,15.46,3.72,0.6452,2026-07-22,2026-07-23,53.92,0.3436,0.4527,1.23,0.5872,0.976,0.0,0.6674,0.6799,0.8399,多周期共振看多 ⬆⬆⬆,0.6623,0.364,0.5625
002774,快意电梯,47.59,True,16.89,15.01,21,22.06,-0.83,11.23,12.54,0.8341,2026-07-20,2026-07-23,60.42,0.0678,-0.2835,0.9057,0.1273,0.8796,0.0,0.6467,0.9125,0.9563,多周期共振看多 ⬆⬆⬆,0.8515,0.7131,0.5625
003033,征和工业,56.39,True,69.84,64.48,18,23.64,-8.02,9.65,8.32,0.7355,2026-07-20,2026-07-23,63.58,0.3044,0.4814,0.8118,0.5752,0.8093,0.0,0.6375,0.443,0.7215,多周期共振看多 ⬆⬆⬆,0.7057,0.2112,0.1575
000703,恒逸石化,601.54,True,15.82,14.58,17,25.15,-5.78,5.35,8.53,0.6176,2026-07-16,2026-07-23,58.58,0.5793,0.0946,0.8876,0.5854,0.9204,0.0,0.6275,0.4966,0.7483,多周期共振看多 ⬆⬆⬆,0.3296,0.404,0.405
000989,九芝堂,63.58,True,9.16,8.62,19,20.79,-4.93,5.01,6.26,0.5842,2026-06-30,2026-07-23,60.87,0.9332,1.835,0.6409,0.9599,0.8696,0.0,0.6255,0.0226,0.5113,⚠️ 月线空头下的短期反弹，不宜追高,0.5135,0.1648,-0.3465
600129,太极集团,86.85,True,15.75,15.1,18,30.15,-11.02,7.76,4.28,0.5875,2026-06-29,2026-07-23,57.74,0.9319,2.0896,0.8715,0.9591,0.9391,0.0,0.6237,-0.0817,0.4592,多周期方向不一致，观望,0.2615,-0.1333,-0.45
002440,闰土股份,124.64,True,13.17,10.89,18,22.19,-7.99,7.02,20.96,0.712,2026-07-13,2026-07-23,69.03,0.7664,-0.119,0.8945,0.6123,0.6882,0.0,0.6228,0.4685,0.7343,多周期共振看多 ⬆⬆⬆,0.689,0.2142,0.225
002821,凯莱英,518.49,True,163.54,164.91,21,36.13,-0.83,16.25,-0.83,0.5633,2026-07-23,2026-07-23,48.97,0.447,0.061,0.9553,0.4926,0.866,0.0,0.6217,0.7944,0.8972,多周期共振看多 ⬆⬆⬆,0.538,0.7223,0.5625
002603,以岭药业,233.18,True,16.94,16.14,19,12.12,-2.86,4.29,4.97,0.5555,2026-07-09,2026-07-23,61.19,0.8825,0.333,0.5344,0.8627,0.8625,0.1094,0.6179,0.1068,0.5534,多周期方向不一致，观望,0.5863,0.0397,-0.0727
002793,罗欣药业,55.06,True,5.07,4.5,17,15.86,-7.33,5.77,12.75,0.6647,2026-06-30,2026-07-23,66.24,0.8061,3.1154,0.7576,0.8837,0.7502,0.0,0.6123,-0.0111,0.4945,多周期方向不一致，观望,0.5473,-0.0677,-0.45
002317,众生药业,206.25,True,27.08,27.7,19,27.45,-2.24,11.0,-2.24,0.4963,2026-07-23,2026-07-23,49.14,0.6667,-0.2276,0.9442,0.509,0.8697,0.0,0.6017,0.7643,0.8821,多周期共振看多 ⬆⬆⬆,0.5147,0.6762,0.5625
600285,羚锐制药,128.08,True,22.61,21.61,16,10.16,-5.15,3.68,4.65,0.4627,2026-07-01,2026-07-23,71.76,0.7525,0.3228,0.3052,0.7806,0.6276,0.4913,0.5926,0.2354,0.6177,月线震荡，中短期走强,0.5072,0.3565,0.0
002412,汉森制药,36.74,True,7.38,6.16,13,19.78,-9.17,2.5,19.78,0.5193,2026-07-08,2026-07-23,67.55,0.7964,1.9734,0.7648,0.8778,0.7212,0.0,0.586,0.1715,0.5857,月线看多，日线反弹（等待周线确认）,0.3855,0.1444,0.225
002250,联化科技,142.48,True,15.92,15.01,15,15.61,-5.93,4.98,6.08,0.5151,2026-07-13,2026-07-23,52.93,0.5974,0.3591,0.772,0.7021,0.9541,0.0,0.5834,0.1626,0.5813,月线看多，日线反弹（等待周线确认）,0.4709,0.035,0.225
000661,长春高新,313.14,True,78.36,70.39,16,11.93,-6.05,3.98,11.32,0.6064,2026-07-09,2026-07-23,69.22,0.7428,0.6972,0.5546,0.8457,0.6841,0.0756,0.5821,-0.0329,0.4835,⚠️⚠️ 逆大势反弹，大概率是下跌中继,0.5885,-0.5686,-0.5625
000513,丽珠集团,174.53,True,30.72,30.38,19,5.16,-3.5,1.7,1.12,0.4619,2026-06-30,2026-07-23,52.86,0.7067,0.1075,0.35,0.6671,0.9524,0.4166,0.5782,-0.0263,0.4869,⚠️⚠️ 逆大势反弹，大概率是下跌中继,0.3063,-0.2006,-0.5625
002432,九安医疗,341.88,True,73.48,67.44,10,21.21,-16.27,0.11,8.96,0.3857,2026-07-14,2026-07-23,55.89,0.7136,1.1357,1.048,0.8282,0.9803,0.0,0.5776,0.1937,0.5968,月线看多，日线反弹（等待周线确认）,0.2142,0.0445,0.5625
002156,通富微电,1059.49,True,69.82,71.04,14,17.34,-11.74,3.77,-1.71,0.2741,2026-07-23,2026-07-23,54.63,0.6701,0.4432,0.9963,0.7793,0.9917,0.0,0.5772,0.523,0.7615,上升趋势中的日线整理,0.0753,0.7315,0.5625
001395,亚联机械,15.08,True,29.0,27.43,11,28.62,-11.14,4.48,5.72,0.4301,2026-07-08,2026-07-23,59.81,0.93,4.8265,0.8972,0.958,0.8931,0.0,0.5763,-0.0262,0.4869,多周期方向不一致，观望,0.3613,0.0252,-0.45
001388,信通电子,29.8,True,23.82,20.35,10,35.08,-10.56,3.48,17.05,0.4962,2026-07-10,2026-07-23,62.91,0.8485,14.894,1.0969,0.9091,0.8242,0.0,0.5748,-0.0362,0.4819,⚠️⚠️ 逆大势反弹，大概率是下跌中继,0.311,-0.393,-0.5625
002223,鱼跃医疗,258.0,True,27.38,26.62,18,6.84,-1.04,2.47,2.87,0.5018,2026-07-09,2026-07-23,57.09,0.6183,-0.1512,0.2623,0.5105,0.9535,0.5628,0.572,-0.0398,0.4801,⚠️⚠️ 逆大势反弹，大概率是下跌中继,0.4424,-0.5754,-0.5625
002262,恩华药业,192.49,True,21.78,20.23,18,9.23,-5.55,3.38,7.67,0.593,2026-06-30,2026-07-23,67.05,0.6951,0.0698,0.4254,0.645,0.7323,0.291,0.5702,-0.0052,0.4974,⚠️⚠️ 逆大势反弹，大概率是下跌中继,0.6185,-0.1799,-0.45
000650,仁和药业,71.5,True,5.37,5.21,16,7.5,-4.63,1.79,3.0,0.4277,2026-07-01,2026-07-23,56.48,0.7244,-0.0961,0.2713,0.5962,0.9671,0.5478,0.5687,-0.0296,0.4852,⚠️⚠️ 逆大势反弹，大概率是下跌中继,0.3138,-0.2702,-0.5625
002546,新联电子,65.86,True,8.22,7.65,18,16.36,-6.35,4.44,7.39,0.5821,2026-07-22,2026-07-23,58.42,0.858,-0.287,0.8458,0.6,0.924,0.0,0.5659,0.0612,0.5306,多周期方向不一致，观望,0.4024,-0.1883,0.1125
002303,美盈森,40.13,True,4.15,4.34,18,26.41,-5.96,12.13,-4.47,0.4247,2026-07-23,2026-07-23,47.21,0.3874,0.4455,0.769,0.6106,0.8269,0.0,0.5596,0.4879,0.744,多周期共振看多 ⬆⬆⬆,0.5005,0.3733,0.27
000948,南天信息,53.94,True,13.86,13.03,12,16.89,-7.6,2.9,6.36,0.4223,2026-07-07,2026-07-23,64.3,0.9373,1.2025,0.6128,0.9624,0.7934,0.0,0.5587,-0.036,0.482,⚠️⚠️ 逆大势反弹，大概率是下跌中继,0.3755,-0.4443,-0.5625
002900,哈三联,19.5,True,12.1,10.15,11,22.03,-7.58,2.13,19.16,0.4782,2026-07-13,2026-07-23,64.28,0.819,3.1742,0.9093,0.8914,0.7939,0.0,0.5582,-0.0612,0.4694,多周期方向不一致，观望,0.2586,-0.0406,-0.45
000597,东北制药,66.23,True,4.7,4.56,16,9.31,-4.97,2.22,3.13,0.4365,2026-07-01,2026-07-23,59.22,0.7984,-0.0141,0.3833,0.6734,0.9061,0.3612,0.5576,-0.0401,0.4799,⚠️⚠️ 逆大势反弹，大概率是下跌中继,0.2044,-0.377,-0.5625
001229,魅视科技,26.27,True,35.62,38.19,17,42.41,-9.01,16.37,-6.73,0.3521,2026-07-23,2026-07-23,50.56,0.2216,2.4198,1.0319,0.533,0.9013,0.0,0.5564,0.6716,0.8358,多周期共振看多 ⬆⬆⬆,0.4863,0.4967,0.5625
002648,卫星化学,842.63,True,25.03,23.78,11,9.88,-6.9,0.87,5.26,0.3403,2026-07-21,2026-07-23,55.58,0.7755,1.8452,0.5601,0.8653,0.9871,0.0664,0.556,0.0089,0.5044,多周期方向不一致，观望,0.064,-0.3081,0.2925
002490,山东墨龙,44.58,True,8.23,7.26,11,28.89,-17.38,-0.37,13.44,0.4158,2026-07-08,2026-07-23,61.1,0.9021,2.4111,0.9847,0.9413,0.8644,0.0,0.5547,-0.1039,0.4481,多周期方向不一致，观望,0.1313,-0.5773,0.008
002268,电科网安,121.29,True,14.35,14.09,17,17.14,-7.68,3.2,1.88,0.3975,2026-06-30,2026-07-23,56.49,0.7868,0.4616,0.6796,0.8567,0.9668,0.0,0.5547,-0.0472,0.4764,⚠️⚠️ 逆大势反弹，大概率是下跌中继,0.3433,-0.6313,-0.5625
002032,苏 泊 尔,352.33,True,44.07,42.82,15,7.22,-7.39,1.19,2.93,0.349,2026-07-02,2026-07-23,61.63,0.4818,0.4928,0.2907,0.6862,0.8527,0.5154,0.5542,0.0622,0.5311,多周期方向不一致，观望,0.3254,-0.066,0.0606
002275,桂林三金,74.55,True,13.2,13.1,16,6.91,-5.14,2.18,0.75,0.3763,2026-07-01,2026-07-23,50.63,0.7303,0.1481,0.346,0.6974,0.9028,0.4233,0.5507,-0.0356,0.4822,⚠️⚠️ 逆大势反弹，大概率是下跌中继,0.205,-0.2914,-0.5625
001206,依依股份,20.66,True,19.33,20.12,19,19.85,-3.94,8.89,-3.94,0.4259,2026-07-23,2026-07-23,52.31,0.6224,2.0241,0.9169,0.7735,0.9403,0.0,0.5487,0.0012,0.5006,⚠️ 月线空头下的短期反弹，不宜追高,0.4708,0.1721,-0.5625
002541,鸿路钢构,100.87,True,20.33,19.23,18,19.6,-7.15,7.03,5.71,0.6048,2026-06-30,2026-07-23,62.85,0.5273,0.0203,0.6418,0.5245,0.8256,0.0,0.5475,0.0985,0.5493,多周期方向不一致，观望,0.56,0.0529,-0.1
002901,大博医疗,125.69,True,43.58,44.38,20,11.22,-1.81,4.08,-1.81,0.4194,2026-07-23,2026-07-23,45.64,0.743,0.22,0.4317,0.7338,0.7921,0.2805,0.5442,-0.0022,0.4989,⚠️ 月线空头下的短期反弹，不宜追高,0.287,0.1788,-0.45
002511,中顺洁柔,90.72,True,7.17,6.99,16,5.12,-5.42,0.9,2.5,0.399,2026-07-01,2026-07-23,60.19,0.6548,-0.1784,0.2145,0.5215,0.8846,0.6425,0.5395,-0.0512,0.4744,⚠️⚠️ 逆大势反弹，大概率是下跌中继,0.2148,-0.5962,-0.5625
000990,诚志股份,112.77,True,9.28,8.87,12,9.43,-8.32,0.28,4.6,0.313,2026-07-09,2026-07-23,55.89,0.7681,0.7807,0.5686,0.8608,0.9802,0.0523,0.5394,-0.0319,0.484,多周期方向不一致，观望,0.0588,-0.3704,0.18
002287,奇正藏药,117.56,True,20.59,20.34,16,9.82,-6.44,1.85,1.21,0.3575,2026-07-01,2026-07-23,53.82,0.827,-0.1089,0.3877,0.6526,0.9737,0.3538,0.5381,-0.0491,0.4754,⚠️⚠️ 逆大势反弹，大概率是下跌中继,0.2603,-0.5962,-0.5625
600227,赤天化,42.67,True,3.34,2.7,8,28.6,-13.3,0.48,23.8,0.3892,2026-07-13,2026-07-23,68.4,0.8844,1.0968,0.9274,0.9307,0.7023,0.0,0.5357,0.0193,0.5097,⚠️ 月线看多但周线走弱，日线仅为反弹,0.2615,-0.3938,0.2925
002979,雷赛智能,133.8,True,60.06,60.57,12,31.4,-11.37,5.61,-0.83,0.3102,2026-07-23,2026-07-23,37.02,0.5611,0.6364,0.8548,0.7367,0.6005,0.0,0.5356,0.6411,0.8206,多周期共振看多 ⬆⬆⬆,0.1666,0.7038,0.5625
600211,西藏药业,124.13,True,38.51,38.41,19,6.2,-4.06,2.03,0.25,0.4361,2026-07-09,2026-07-23,48.6,0.8203,-0.1363,0.4347,0.6377,0.8579,0.2755,0.5345,-0.0405,0.4798,⚠️⚠️ 逆大势反弹，大概率是下跌中继,0.2124,-0.3917,-0.5625
002274,华昌化工,51.21,True,5.46,5.18,11,14.48,-10.51,0.79,5.5,0.3321,2026-07-08,2026-07-23,63.41,0.8683,1.0626,0.5466,0.921,0.813,0.0889,0.5333,-0.051,0.4745,⚠️⚠️ 逆大势反弹，大概率是下跌中继,0.1526,-0.539,-0.5625
002365,永安药业,30.42,True,12.4,11.18,10,21.71,-8.51,2.18,10.88,0.4636,2026-07-13,2026-07-23,63.29,0.8103,0.1213,0.697,0.7347,0.8159,0.0,0.5296,-0.03,0.485,⚠️⚠️ 逆大势反弹，大概率是下跌中继,0.3085,-0.2741,-0.5625
002829,星网宇达,30.79,True,21.08,18.62,9,18.54,-16.87,-1.4,13.2,0.3582,2026-07-15,2026-07-23,57.95,0.8347,3.2756,0.9899,0.9008,0.9344,0.0,0.5295,-0.186,0.407,多周期方向不一致，观望,0.1463,-0.3805,-0.5625
002349,精华制药,54.88,True,6.74,6.58,16,7.72,-7.13,1.21,2.35,0.385,2026-07-01,2026-07-23,56.13,0.8278,-0.0527,0.3858,0.6756,0.9749,0.357,0.5293,-0.2262,0.3869,多周期方向不一致，观望,0.1359,-0.5484,-0.5625
002333,罗普斯金,34.33,True,5.15,4.82,10,6.86,-5.81,-0.63,6.86,0.3645,2026-07-21,2026-07-23,58.62,0.5593,2.1127,0.3387,0.7356,0.9195,0.4355,0.5293,-0.269,0.3655,多周期方向不一致，观望,0.0263,-0.6423,-0.5625
002332,仙琚制药,82.61,True,8.39,8.36,12,6.19,-3.99,0.33,0.3,0.2748,2026-07-10,2026-07-23,50.32,0.868,0.0768,0.2431,0.7515,0.896,0.5948,0.529,-0.1808,0.4096,多周期方向不一致，观望,0.0459,-0.2714,-0.5625
600060,海信视像,360.67,True,27.74,27.05,16,7.58,-5.9,1.89,2.57,0.4188,2026-07-20,2026-07-23,51.85,0.0748,-0.4613,0.3917,0.0604,0.9299,0.3472,0.5289,0.7358,0.8679,多周期共振看多 ⬆⬆⬆,0.4308,0.6854,0.5625
000680,山推股份,143.04,True,10.88,10.22,9,6.44,-7.07,-0.89,6.44,0.3056,2026-07-17,2026-07-23,57.53,0.7307,0.5428,0.423,0.8384,0.9438,0.2949,0.5276,-0.2227,0.3886,多周期方向不一致，观望,-0.0048,-0.6375,-0.3375
000800,一汽解放,310.01,True,6.3,6.15,15,4.27,-3.9,1.1,2.37,0.411,2026-07-13,2026-07-23,57.89,0.4842,-0.1938,0.2476,0.413,0.9357,0.5873,0.5242,-0.0461,0.4769,⚠️⚠️ 逆大势反弹，大概率是下跌中继,0.2102,-0.4959,-0.5625
000999,华润三九,417.84,True,25.13,24.22,13,8.71,-7.66,1.15,3.75,0.3473,2026-07-09,2026-07-23,60.96,0.7169,0.0455,0.3638,0.6483,0.8676,0.3936,0.5238,-0.0365,0.4818,⚠️⚠️ 逆大势反弹，大概率是下跌中继,0.2261,-0.3266,-0.5625
000623,吉林敖东,218.07,True,18.31,18.05,20,6.64,-1.49,2.53,1.45,0.5011,2026-07-13,2026-07-23,51.63,0.6422,-0.4905,0.412,0.3891,0.9251,0.3134,0.5232,-0.0008,0.4996,多周期方向不一致，观望,0.3475,0.1487,-0.45
000518,四环生物,35.72,True,3.47,3.62,14,20.05,-6.19,5.61,-4.13,0.2598,2026-07-23,2026-07-23,50.34,0.7539,-0.6431,0.5405,0.4523,0.8966,0.0991,0.5217,0.6708,0.8354,多周期共振看多 ⬆⬆⬆,0.289,0.664,0.5625
002536,飞龙股份,272.74,True,50.1,50.16,17,22.14,-11.81,7.67,-0.12,0.4591,2026-07-23,2026-07-23,47.62,0.2042,-0.2486,1.0238,0.2231,0.8361,0.0,0.5215,0.7097,0.8548,多周期共振看多 ⬆⬆⬆,0.2992,0.7408,0.5625
002162,悦心健康,35.18,True,3.83,3.64,11,10.02,-7.43,0.87,5.21,0.327,2026-07-13,2026-07-23,58.33,0.762,0.1425,0.4614,0.7142,0.9259,0.231,0.5209,-0.0561,0.4719,⚠️⚠️ 逆大势反弹，大概率是下跌中继,0.1593,-0.6423,-0.5625
002414,高德红外,467.65,True,13.76,13.28,14,10.51,-7.61,1.23,3.63,0.3601,2026-07-17,2026-07-23,57.64,0.648,1.3241,0.7078,0.7888,0.9414,0.0,0.5193,-0.1013,0.4494,多周期方向不一致，观望,0.0964,-0.1905,-0.3375
002737,葵花药业,77.61,True,13.29,12.56,15,11.67,-8.58,2.69,5.79,0.4506,2026-07-02,2026-07-23,67.15,0.7938,-0.2051,0.4186,0.5942,0.7299,0.3024,0.5187,-0.0005,0.4998,⚠️ 月线空头下的短期反弹，不宜追高,0.3126,0.1763,-0.45
002884,凌霄泵业,44.1,True,16.15,15.84,14,4.07,-5.86,-0.11,1.93,0.3242,2026-07-13,2026-07-23,55.85,0.4878,0.0023,0.2378,0.4936,0.9811,0.6036,0.5149,-0.1092,0.4454,多周期方向不一致，观望,0.1557,-0.464,-0.1496
001258,立新能源,113.03,True,12.11,7.67,6,57.87,-19.1,1.03,57.87,0.3711,2026-07-15,2026-07-23,88.13,0.8369,6.3423,0.8226,0.9022,0.2638,0.0,0.5147,0.4672,0.7336,多周期共振看多 ⬆⬆⬆,0.2795,0.3372,0.45
000333,美的集团,5833.31,True,84.77,80.19,18,7.38,-5.31,2.76,5.71,0.534,2026-06-30,2026-07-23,80.21,-0.3004,-0.4701,0.2341,0.012,0.4397,0.6098,0.5146,0.8007,0.9003,多周期共振看多 ⬆⬆⬆,0.6637,0.6283,0.5625
002020,京新药业,102.44,True,14.15,14.09,21,20.96,-4.49,7.01,0.41,0.5197,2026-06-26,2026-07-23,41.8,0.6321,0.1873,0.7587,0.6541,0.7066,0.0,0.5146,-0.0253,0.4874,⚠️⚠️ 逆大势反弹，大概率是下跌中继,0.3475,-0.2173,-0.5625
000651,格力电器,2240.28,True,40.57,38.94,16,5.64,-2.69,1.98,4.19,0.4778,2026-07-01,2026-07-23,74.24,0.2732,-0.1459,0.1689,0.3056,0.5724,0.7185,0.5137,0.212,0.606,月线震荡，中短期走强,0.4165,0.2725,0.083
002001,新 和 成,964.5,True,31.76,29.54,10,7.51,-4.61,0.06,7.51,0.4104,2026-07-17,2026-07-23,60.16,0.6604,-0.1632,0.4153,0.5309,0.8853,0.3079,0.5134,-0.0363,0.4819,多周期方向不一致，观望,0.0168,-0.4664,0.2925
600085,同仁堂,354.11,True,25.82,24.3,12,14.63,-8.09,2.29,6.25,0.4045,2026-07-09,2026-07-23,66.85,0.7576,-0.0324,0.4115,0.6416,0.7367,0.3142,0.5132,-0.027,0.4865,⚠️⚠️ 逆大势反弹，大概率是下跌中继,0.3863,-0.2829,-0.5625
002599,盛通股份,24.8,True,6.0,5.46,7,12.84,-14.26,-1.42,9.8,0.3209,2026-07-14,2026-07-23,60.5,0.7811,0.5066,0.477,0.8686,0.8778,0.2051,0.5126,-0.2766,0.3617,多周期方向不一致，观望,0.0088,-0.6608,-0.5625
000538,云南白药,916.61,True,51.7,49.65,12,6.85,-4.26,1.07,4.12,0.3695,2026-07-09,2026-07-23,68.02,0.721,-0.1982,0.23,0.5533,0.7107,0.6167,0.5113,-0.0284,0.4858,⚠️⚠️ 逆大势反弹，大概率是下跌中继,0.2325,-0.2904,-0.45
002728,特一药业,45.27,True,9.03,9.28,17,14.64,-7.19,5.48,-2.64,0.3413,2026-07-23,2026-07-23,46.46,0.7172,1.2582,0.7928,0.8303,0.8102,0.0,0.5104,-0.0368,0.4816,⚠️⚠️ 逆大势反弹，大概率是下跌中继,0.1767,-0.3582,-0.495
600216,浙江医药,116.26,True,12.22,11.93,16,8.33,-5.96,1.66,2.41,0.3946,2026-07-01,2026-07-23,53.31,0.6607,-0.2264,0.4333,0.5059,0.9625,0.2778,0.5104,-0.0501,0.4749,⚠️⚠️ 逆大势反弹，大概率是下跌中继,0.2598,-0.6146,-0.5625
002258,利尔化学,115.0,True,14.39,13.37,12,7.61,-4.63,0.66,7.61,0.4375,2026-07-21,2026-07-23,55.97,0.4253,0.1645,0.6471,0.521,0.9784,0.0,0.5099,0.0215,0.5108,多周期方向不一致，观望,0.208,0.1412,-0.225
002152,广电运通,251.44,True,10.13,9.84,12,8.81,-7.41,0.05,2.99,0.2773,2026-07-07,2026-07-23,58.33,0.8606,0.6449,0.531,0.9164,0.9259,0.115,0.5089,-0.2633,0.3684,多周期方向不一致，观望,0.0552,-0.6423,-0.5625
002004,华邦健康,81.36,True,4.32,4.19,10,7.07,-6.44,0.14,3.1,0.2772,2026-07-10,2026-07-23,58.16,0.6866,0.2559,0.3137,0.7143,0.9297,0.4771,0.5085,-0.2373,0.3813,多周期方向不一致，观望,0.0342,-0.5774,-0.495
002345,潮宏基,89.32,True,10.3,9.92,16,12.36,-5.86,3.02,3.86,0.4353,2026-07-14,2026-07-23,46.88,0.6196,0.1662,0.5989,0.6383,0.8194,0.0019,0.5074,0.0085,0.5042,多周期方向不一致，观望,0.4856,0.0712,-0.45
600196,复星医药,502.29,True,23.71,23.43,20,8.59,-4.12,3.27,1.19,0.4947,2026-06-26,2026-07-23,53.13,0.4947,-0.3486,0.465,0.3574,0.9585,0.225,0.5058,-0.0428,0.4786,⚠️⚠️ 逆大势反弹，大概率是下跌中继,0.3018,-0.5115,-0.5625
002439,启明星辰,102.59,True,14.08,13.15,11,9.38,-7.06,0.25,7.07,0.3847,2026-07-14,2026-07-23,65.14,0.8553,-0.2431,0.4258,0.6159,0.7748,0.2903,0.5052,-0.0289,0.4855,⚠️⚠️ 逆大势反弹，大概率是下跌中继,0.151,-0.2977,-0.3825
002294,信立泰,389.65,True,34.96,36.16,16,25.04,-4.36,7.22,-3.32,0.352,2026-07-23,2026-07-23,38.74,0.8568,0.5263,0.9318,0.9141,0.6387,0.0,0.5036,-0.0451,0.4774,⚠️⚠️ 逆大势反弹，大概率是下跌中继,0.2946,-0.549,-0.5625
000528,柳    工,177.0,True,8.7,8.05,12,8.08,-8.86,-0.73,8.08,0.3778,2026-07-13,2026-07-23,63.78,0.4378,0.5845,0.3398,0.6627,0.805,0.4336,0.5035,-0.252,0.374,多周期方向不一致，观望,0.1028,-0.6331,-0.5625
002690,美亚光电,65.06,True,15.0,14.52,11,3.54,-5.87,-0.27,3.3,0.3196,2026-07-14,2026-07-23,53.37,0.4584,0.3148,0.3231,0.601,0.9639,0.4615,0.499,-0.2626,0.3687,多周期方向不一致，观望,0.0806,-0.6608,-0.5625
002252,上海莱士,337.32,True,5.12,4.74,10,13.13,-11.54,0.66,8.06,0.3772,2026-07-09,2026-07-23,67.83,0.7419,-0.0807,0.3819,0.6128,0.7148,0.3635,0.4979,-0.0515,0.4743,⚠️⚠️ 逆大势反弹，大概率是下跌中继,0.26,-0.6406,-0.5625
000566,海南海药,66.0,True,5.09,5.18,18,44.17,-7.44,12.67,-1.78,0.492,2026-07-23,2026-07-23,39.48,0.3967,6.0186,1.3023,0.638,0.6551,0.0,0.4964,-0.0165,0.4918,多周期方向不一致，观望,0.4155,0.134,-0.5625
600210,紫江企业,93.89,True,6.19,6.01,8,3.55,-4.54,-0.99,3.08,0.2409,2026-07-13,2026-07-23,61.11,0.5349,0.5191,0.2333,0.721,0.8642,0.6111,0.4944,-0.3028,0.3486,多周期方向不一致，观望,-0.0988,-0.6839,-0.5625
002870,香山股份,51.7,True,39.85,38.84,6,3.81,-5.05,-1.24,2.61,0.2048,2026-07-21,2026-07-23,52.67,0.4125,2.1573,0.4406,0.6475,0.9483,0.2656,0.4937,0.0713,0.5356,多周期方向不一致，观望,-0.1337,-0.0221,0.45
600062,华润双鹤,177.64,True,17.11,16.8,13,5.28,-6.51,0.57,1.85,0.3341,2026-07-10,2026-07-23,50.64,0.6751,0.0644,0.4039,0.6308,0.9031,0.3268,0.4933,-0.21,0.395,多周期方向不一致，观望,0.119,-0.4624,-0.5625
002379,宏桥控股,232.39,True,20.45,16.3,9,25.42,-16.68,-0.41,25.42,0.3828,2026-07-10,2026-07-23,76.69,0.8368,0.6206,0.7936,0.9021,0.5181,0.0,0.4933,-0.0374,0.4813,⚠️⚠️ 逆大势反弹，大概率是下跌中继,0.2893,-0.6238,-0.3375
002236,大华股份,402.67,True,16.84,16.57,14,5.19,-3.08,0.65,1.65,0.3625,2026-07-21,2026-07-23,50.52,0.4846,-0.192,0.3257,0.414,0.9005,0.4571,0.4921,-0.0419,0.479,⚠️⚠️ 逆大势反弹，大概率是下跌中继,0.1519,-0.365,-0.5625
002019,亿帆医药,86.27,True,10.24,10.02,14,10.34,-5.93,0.94,2.18,0.3422,2026-07-09,2026-07-23,53.17,0.7668,-0.025,0.4783,0.6501,0.9594,0.2028,0.4911,-0.2462,0.3769,多周期方向不一致，观望,0.1108,-0.6146,-0.5625
000919,金陵药业,38.55,True,6.2,6.13,12,6.78,-5.07,0.79,1.07,0.2985,2026-07-22,2026-07-23,50.68,0.7989,-0.0557,0.3767,0.657,0.9041,0.3721,0.4906,-0.2258,0.3871,多周期方向不一致，观望,0.035,-0.4602,-0.5625
003020,立方制药,27.96,True,16.59,17.13,12,31.81,-6.26,5.64,-3.14,0.2534,2026-07-23,2026-07-23,51.22,0.8512,2.799,1.0155,0.9107,0.9159,0.0,0.4902,-0.2426,0.3787,多周期方向不一致，观望,-0.0001,-0.504,-0.5625
002007,华兰生物,206.13,True,13.1,12.91,14,6.71,-5.93,0.67,1.48,0.3393,2026-07-09,2026-07-23,54.04,0.5731,-0.0373,0.38,0.5289,0.9788,0.3667,0.4895,-0.2128,0.3936,多周期方向不一致，观望,0.1499,-0.5015,-0.5625
002523,天桥起重,47.15,True,3.34,3.08,8,8.6,-10.12,-2.31,8.6,0.2846,2026-07-13,2026-07-23,59.13,0.7234,0.7153,0.5271,0.834,0.9082,0.1215,0.4868,-0.3099,0.345,多周期方向不一致，观望,-0.0581,-0.75,-0.5625
002550,千红制药,63.63,True,6.76,6.72,20,12.59,-0.69,6.25,0.54,0.5086,2026-07-22,2026-07-23,48.25,0.3696,0.0114,0.6365,0.4263,0.8499,0.0,0.4861,-0.0342,0.4829,⚠️⚠️ 逆大势反弹，大概率是下跌中继,0.2549,-0.3082,-0.5625
000423,东阿阿胶,327.53,True,51.28,48.19,14,10.12,-9.28,1.32,6.42,0.4162,2026-07-03,2026-07-23,74.11,0.568,-0.2398,0.2918,0.4449,0.5754,0.5136,0.4859,0.075,0.5375,多周期方向不一致，观望,0.3707,-0.1007,0.1125
002292,奥飞娱乐,74.31,True,7.3,7.36,15,14.05,-9.4,4.3,-0.83,0.3254,2026-07-23,2026-07-23,43.73,0.8012,1.2899,0.6599,0.8807,0.7496,0.0,0.4857,-0.2043,0.3978,多周期方向不一致，观望,0.1053,-0.4259,-0.5625
600066,宇通客车,712.45,True,32.18,29.1,15,13.16,-10.25,2.06,10.58,0.54,2026-07-02,2026-07-23,69.07,0.0353,0.2047,0.4366,0.303,0.6873,0.2724,0.4851,0.0574,0.5287,⚠️ 月线看多但周线走弱，日线仅为反弹,0.4785,-0.338,0.2925
002508,老板电器,146.1,True,15.65,15.26,8,6.78,-9.67,-1.52,2.55,0.1662,2026-07-13,2026-07-23,56.74,0.6852,0.5677,0.3463,0.8111,0.9613,0.4228,0.4847,-0.3107,0.3447,多周期方向不一致，观望,-0.0837,-0.7315,-0.5625
600312,平高电气,272.06,True,20.05,17.58,5,14.05,-8.52,-2.29,14.05,0.2722,2026-07-16,2026-07-23,73.05,0.7648,0.977,0.4155,0.8589,0.599,0.3075,0.4845,-0.1162,0.4419,多周期方向不一致，观望,-0.0441,-0.5856,0.1125
003010,若羽臣,54.82,True,24.24,24.23,12,13.95,-8.62,0.89,0.04,0.2142,2026-07-14,2026-07-23,47.97,0.7934,1.6261,0.6738,0.876,0.8438,0.0,0.4844,-0.0531,0.4734,⚠️⚠️ 逆大势反弹，大概率是下跌中继,0.2152,-0.6331,-0.5625
600276,恒瑞医药,3502.71,True,54.91,54.55,21,13.97,-0.46,6.33,0.67,0.5434,2026-07-17,2026-07-23,51.23,0.2773,-0.2564,0.5362,0.2638,0.9162,0.1064,0.484,-0.0387,0.4807,多周期方向不一致，观望,0.3903,-0.0545,-0.45
002299,圣农发展,197.9,True,16.24,15.95,11,4.85,-6.79,-0.49,1.84,0.2607,2026-07-17,2026-07-23,48.75,0.433,0.4351,0.3395,0.6339,0.8612,0.4341,0.4826,-0.1598,0.4201,多周期方向不一致，观望,0.024,-0.5246,-0.1986
002601,龙佰集团,334.51,True,16.83,16.33,12,15.4,-6.36,2.59,3.05,0.332,2026-07-20,2026-07-23,51.38,0.7685,-0.7623,0.4232,0.4611,0.9196,0.2946,0.4805,-0.0302,0.4849,⚠️⚠️ 逆大势反弹，大概率是下跌中继,0.1769,-0.1646,-0.5625
000301,东方盛虹,804.24,True,12.17,12.02,11,15.26,-6.17,0.01,1.26,0.2068,2026-07-22,2026-07-23,47.53,0.8033,0.3705,0.7818,0.8302,0.8341,0.0,0.4787,0.0038,0.5019,多周期方向不一致，观望,-0.0888,-0.1313,0.2239
000893,亚钾国际,412.4,True,50.8,42.78,8,18.75,-9.11,-1.16,18.75,0.3483,2026-07-16,2026-07-23,64.61,0.4918,0.518,0.5713,0.6951,0.7864,0.0478,0.4784,-0.1024,0.4488,多周期方向不一致，观望,0.0807,-0.6318,0.1125
002642,荣联科技,45.85,True,6.93,6.71,12,13.87,-15.1,-1.17,3.34,0.2451,2026-07-07,2026-07-23,59.69,0.8302,0.3911,0.6054,0.8546,0.8957,0.0,0.4779,-0.207,0.3965,多周期方向不一致，观望,0.0959,-0.4298,-0.5625
002493,荣盛石化,1145.78,True,12.27,11.38,8,7.81,-6.07,-0.07,7.81,0.3468,2026-07-17,2026-07-23,57.18,0.5847,-0.0608,0.5463,0.5265,0.9516,0.0895,0.4778,-0.0656,0.4672,多周期方向不一致，观望,0.0338,-0.0329,-0.2845
002881,美格智能,73.45,True,40.36,37.92,6,13.82,-17.53,-3.45,6.44,0.17,2026-07-15,2026-07-23,54.47,0.8176,0.617,0.8183,0.8906,0.9881,0.0,0.4741,-0.2259,0.3871,多周期方向不一致，观望,-0.0638,-0.3758,-0.5625
600329,达仁堂,212.77,True,37.52,37.4,17,8.06,-7.46,2.3,0.33,0.3729,2026-06-30,2026-07-23,49.31,0.3932,-0.1227,0.4193,0.3869,0.8735,0.3012,0.4726,-0.0225,0.4888,⚠️⚠️ 逆大势反弹，大概率是下跌中继,0.2191,-0.267,-0.3488
002092,中泰化学,114.61,True,4.45,4.06,8,9.61,-12.96,-1.83,9.61,0.3217,2026-07-13,2026-07-23,64.71,0.5225,0.4016,0.4405,0.6741,0.7843,0.2659,0.4722,-0.2271,0.3865,多周期方向不一致，观望,0.0396,-0.6946,-0.3375
002864,盘龙药业,21.2,True,21.5,21.63,14,14.64,-8.21,2.46,-0.6,0.2691,2026-07-23,2026-07-23,52.6,0.8763,0.1078,0.6579,0.7689,0.9467,0.0,0.4711,-0.2432,0.3784,多周期方向不一致，观望,-0.0372,-0.5423,-0.495
002180,奔图科技,226.08,True,16.62,16.2,18,10.57,-11.02,4.7,2.62,0.4694,2026-07-14,2026-07-23,52.29,0.0733,0.2453,0.6098,0.3421,0.9399,0.0,0.4699,-0.0422,0.4789,⚠️⚠️ 逆大势反弹，大概率是下跌中继,0.4002,-0.5852,-0.5625
000059,华锦股份,74.05,True,4.63,4.21,11,10.0,-11.34,0.78,10.0,0.4444,2026-07-10,2026-07-23,69.72,0.409,0.0861,0.4956,0.4798,0.6729,0.174,0.4681,-0.036,0.482,⚠️⚠️ 逆大势反弹，大概率是下跌中继,0.2964,-0.4453,-0.495
002399,海普瑞,120.35,True,9.65,9.54,17,10.48,-6.22,2.57,1.12,0.4026,2026-06-30,2026-07-23,52.0,0.4083,-0.33,0.4462,0.313,0.9333,0.2564,0.4674,-0.0533,0.4733,⚠️⚠️ 逆大势反弹，大概率是下跌中继,0.2327,-0.6515,-0.5625
600166,福田汽车,248.61,True,3.14,3.05,9,5.14,-5.04,-0.7,3.0,0.2565,2026-07-22,2026-07-23,51.02,0.2372,0.9971,0.4662,0.5423,0.9116,0.2231,0.4669,-0.0207,0.4896,月线看多，中短期调整中,-0.2134,-0.2081,0.2925
000889,中嘉博创,33.32,True,3.83,3.31,4,21.02,-14.72,-4.87,15.74,0.192,2026-07-17,2026-07-23,63.68,0.7245,0.6722,0.7988,0.8347,0.8071,0.0,0.4662,-0.0349,0.4825,多周期方向不一致，观望,-0.091,-0.3613,0.2859
000550,江铃汽车,85.65,True,16.52,16.05,8,3.49,-5.35,-1.28,2.93,0.2349,2026-07-14,2026-07-23,57.14,0.4458,0.06,0.2588,0.4914,0.9524,0.5687,0.4645,-0.2317,0.3841,多周期方向不一致，观望,0.0004,-0.4564,-0.5625
002555,三七互娱,293.34,True,18.48,18.85,14,6.18,-3.22,1.34,-1.95,0.2789,2026-07-23,2026-07-23,43.29,0.5702,0.4807,0.4372,0.7344,0.7398,0.2713,0.464,-0.2375,0.3812,多周期方向不一致，观望,0.1091,-0.6423,-0.495
000912,泸天化,56.6,True,3.61,3.39,8,6.43,-9.44,-1.83,6.43,0.2422,2026-07-13,2026-07-23,61.29,0.7292,0.0669,0.3743,0.6643,0.8602,0.3761,0.4633,-0.2708,0.3646,多周期方向不一致，观望,-0.0115,-0.6854,-0.495
002644,佛慈制药,39.27,True,7.69,7.41,11,9.01,-7.74,0.6,3.78,0.2984,2026-07-10,2026-07-23,60.0,0.5931,-0.0804,0.3807,0.5237,0.8889,0.3655,0.4633,-0.207,0.3965,多周期方向不一致，观望,0.0576,-0.3968,-0.5625
002063,远光软件,95.0,True,5.37,5.2,8,7.03,-9.26,-1.08,3.3,0.2036,2026-07-14,2026-07-23,59.63,0.7493,-0.0384,0.2873,0.6342,0.897,0.5212,0.463,-0.2931,0.3534,多周期方向不一致，观望,-0.0365,-0.6946,-0.5625
002078,太阳纸业,398.55,True,14.35,13.15,14,12.02,-8.93,2.28,9.12,0.5075,2026-07-03,2026-07-23,75.58,0.1658,-0.0555,0.3086,0.2772,0.5426,0.4857,0.4607,-0.0159,0.492,⚠️⚠️ 逆大势反弹，大概率是下跌中继,0.431,-0.177,-0.495
600252,中恒集团,70.05,True,2.2,2.01,10,16.11,-15.09,0.5,9.62,0.412,2026-07-09,2026-07-23,69.01,0.6479,-0.2323,0.5101,0.4958,0.6886,0.1498,0.4591,-0.0553,0.4723,⚠️⚠️ 逆大势反弹，大概率是下跌中继,0.1987,-0.6608,-0.5625
002382,蓝帆医疗,56.48,True,5.66,5.38,8,11.78,-10.93,-1.96,5.21,0.2087,2026-07-13,2026-07-23,57.21,0.7429,0.2828,0.561,0.7589,0.951,0.0651,0.4585,-0.2399,0.38,多周期方向不一致，观望,-0.1121,-0.6208,-0.3375
000030,富奥股份,70.35,True,4.21,4.05,7,5.85,-7.79,-1.45,4.01,0.1983,2026-07-14,2026-07-23,56.67,0.697,-0.0812,0.2958,0.5857,0.963,0.507,0.4582,-0.3087,0.3457,多周期方向不一致，观望,-0.0952,-0.7127,-0.5625
002115,三维通信,82.31,True,11.03,10.67,8,9.65,-13.43,-3.08,3.41,0.1357,2026-07-15,2026-07-23,52.64,0.7739,1.5573,0.7435,0.8643,0.9476,0.0,0.4578,-0.1834,0.4083,多周期方向不一致，观望,-0.0994,-0.3833,-0.3375
002749,国光股份,45.45,True,8.35,8.1,8,3.75,-8.96,-2.36,3.07,0.1747,2026-07-13,2026-07-23,55.62,0.406,0.3461,0.2682,0.582,0.9862,0.553,0.4575,-0.3166,0.3417,多周期方向不一致，观望,-0.0925,-0.75,-0.5625
002701,奥瑞金,119.94,True,4.69,4.58,14,8.04,-7.04,0.81,2.31,0.3186,2026-07-03,2026-07-23,61.32,0.5527,-0.1461,0.3414,0.4732,0.8595,0.431,0.4571,-0.2411,0.3795,多周期方向不一致，观望,0.1025,-0.5852,-0.5625
600037,歌华有线,93.25,True,6.7,6.43,7,6.87,-6.88,-1.14,4.13,0.2108,2026-07-14,2026-07-23,60.22,0.7407,0.0607,0.3756,0.6687,0.884,0.3739,0.4562,-0.2863,0.3569,多周期方向不一致，观望,-0.1125,-0.5994,-0.5625
000933,神火股份,590.17,True,26.26,23.14,10,13.49,-18.51,-3.15,13.49,0.3302,2026-07-09,2026-07-23,67.47,0.651,0.2645,0.6306,0.6964,0.7229,0.0,0.4526,-0.1537,0.4232,多周期方向不一致，观望,0.0687,-0.5306,-0.2039
000100,TCL科技,1037.93,True,5.16,5.29,12,23.26,-7.85,3.81,-2.4,0.2261,2026-07-23,2026-07-23,41.03,0.7062,-0.4631,0.7886,0.4385,0.6895,0.0,0.4525,0.5487,0.7743,多周期共振看多 ⬆⬆⬆,0.2049,0.4679,0.5625
002532,天山铝业,542.93,True,13.22,11.65,8,13.48,-16.77,-3.72,13.48,0.2842,2026-07-13,2026-07-23,65.7,0.6194,0.5018,0.6421,0.7716,0.7621,0.0,0.4525,-0.2112,0.3944,多周期方向不一致，观望,-0.0157,-0.5772,-0.3375
600131,国网信通,188.0,True,15.72,14.56,4,7.97,-7.04,-2.58,7.97,0.2245,2026-07-17,2026-07-23,64.8,0.6263,0.3093,0.3938,0.6995,0.7823,0.3437,0.4489,-0.2807,0.3597,多周期方向不一致，观望,-0.109,-0.6453,-0.495
002376,新北洋,48.72,True,6.19,5.93,10,5.01,-8.68,-1.19,4.33,0.2595,2026-07-09,2026-07-23,63.64,0.4981,0.0307,0.2458,0.5112,0.8081,0.5904,0.448,-0.299,0.3505,多周期方向不一致，观望,-0.0453,-0.7131,-0.5625
600155,华创云信,125.51,True,5.67,5.56,14,4.46,-4.03,0.76,1.92,0.3633,2026-07-14,2026-07-23,50.0,0.6107,-0.4484,0.3935,0.387,0.8889,0.3442,0.4479,-0.2497,0.3751,多周期方向不一致，观望,0.1359,-0.6515,-0.5625
002588,史丹利,74.62,True,8.69,8.32,7,4.46,-7.56,-1.24,4.46,0.2454,2026-07-17,2026-07-23,58.76,0.4672,0.1107,0.3739,0.5246,0.9164,0.3768,0.4468,-0.2552,0.3724,多周期方向不一致，观望,-0.034,-0.5975,-0.495
000813,德展健康,69.19,True,3.3,3.23,18,10.85,-3.92,2.93,2.12,0.448,2026-06-30,2026-07-23,55.05,0.1244,-0.5793,0.4441,0.0746,0.999,0.2598,0.4461,-0.032,0.484,⚠️⚠️ 逆大势反弹，大概率是下跌中继,0.3348,-0.3331,-0.5625
600315,上海家化,117.91,True,17.34,17.38,12,3.84,-7.9,-0.56,-0.2,0.2268,2026-07-23,2026-07-23,51.38,0.5268,-0.0333,0.2886,0.5027,0.9197,0.5189,0.4458,-0.3014,0.3493,多周期方向不一致，观望,-0.0145,-0.75,-0.5625
000690,宝新能源,108.51,True,4.99,4.69,4,6.31,-11.74,-4.99,6.31,0.0966,2026-07-17,2026-07-23,65.62,0.743,0.0112,0.3256,0.6503,0.7639,0.4573,0.4457,0.0105,0.5052,多周期方向不一致，观望,-0.1175,-0.1906,0.3375
002043,兔 宝 宝,98.52,True,12.2,11.51,7,9.41,-8.07,-1.63,6.04,0.2215,2026-07-15,2026-07-23,58.49,0.6431,-0.0943,0.4153,0.5481,0.9225,0.3078,0.4454,-0.1984,0.4008,多周期方向不一致，观望,-0.029,-0.5098,-0.3375
002923,润都股份,27.23,True,10.55,10.58,14,14.33,-7.63,3.0,-0.31,0.2901,2026-07-23,2026-07-23,45.88,0.8538,-0.0027,0.6932,0.7112,0.7974,0.0,0.4448,-0.2322,0.3839,多周期方向不一致，观望,-0.0011,-0.457,-0.5625
002064,华峰化学,559.57,True,11.3,10.32,10,9.52,-7.35,0.69,9.52,0.4311,2026-07-20,2026-07-23,59.95,0.3943,-0.4816,0.6107,0.2439,0.8899,0.0,0.4439,0.0582,0.5291,多周期方向不一致，观望,0.098,-0.0531,0.225
000807,云铝股份,931.83,True,26.87,23.73,8,13.21,-14.97,-2.72,13.21,0.3094,2026-07-13,2026-07-23,71.71,0.6334,0.3226,0.5725,0.7091,0.6287,0.0459,0.4435,-0.1199,0.44,多周期方向不一致，观望,0.03,-0.4596,-0.0932
002410,广联达,138.01,True,8.79,8.43,7,7.52,-12.0,-2.35,4.28,0.1595,2026-07-14,2026-07-23,58.72,0.6761,0.162,0.3818,0.6705,0.9173,0.3637,0.4407,-0.3215,0.3392,多周期方向不一致，观望,-0.1174,-0.75,-0.5625
000815,美利云,123.34,True,17.74,14.02,4,26.57,-15.99,-6.11,26.57,0.161,2026-07-20,2026-07-23,70.42,0.8255,0.9599,0.8974,0.8953,0.6573,0.0,0.4404,-0.0848,0.4576,月线看多，中短期调整中,-0.3093,-0.431,0.2925
000525,红太阳,48.36,True,4.35,4.07,7,6.88,-12.11,-3.37,6.88,0.1992,2026-07-14,2026-07-23,61.16,0.3853,0.4625,0.3563,0.6161,0.8632,0.4061,0.4402,-0.303,0.3485,多周期方向不一致，观望,-0.0654,-0.7131,-0.5625
002371,北方华创,5365.81,True,740.0,791.28,13,30.77,-15.15,5.89,-6.48,0.1922,2026-07-23,2026-07-23,41.12,-0.199,0.3684,0.8574,0.3473,0.6915,0.0,0.4398,0.6715,0.8357,多周期共振看多 ⬆⬆⬆,0.2012,0.7408,0.5625
002674,兴业科技,64.92,True,22.19,27.19,16,70.87,-27.51,20.66,-18.39,0.0448,2026-07-23,2026-07-23,35.86,0.4515,27.6666,1.2978,0.6709,0.5746,0.0,0.4393,0.6439,0.8219,多周期共振看多 ⬆⬆⬆,0.2726,0.619,0.5625
002558,巨人网络,480.08,True,25.26,28.25,19,12.27,-10.59,6.27,-10.59,0.1942,2026-07-23,2026-07-23,44.58,0.5424,1.6882,0.7217,0.7254,0.7684,0.0,0.4376,-0.0481,0.4759,⚠️⚠️ 逆大势反弹，大概率是下跌中继,0.2758,-0.59,-0.5625
600161,天坛生物,245.59,True,12.37,12.13,10,7.39,-9.51,-0.69,1.94,0.2035,2026-07-10,2026-07-23,53.73,0.7445,-0.2901,0.3799,0.5306,0.9717,0.3668,0.4375,-0.2967,0.3517,多周期方向不一致，观望,0.0095,-0.75,-0.5625
002315,焦点科技,64.1,True,24.38,23.77,7,6.49,-10.54,-2.06,2.55,0.1243,2026-07-14,2026-07-23,51.02,0.7279,0.3075,0.4453,0.7597,0.9115,0.2578,0.4372,-0.3164,0.3418,多周期方向不一致，观望,-0.1236,-0.7223,-0.5625
600223,福瑞达,55.0,True,5.41,5.3,12,8.09,-10.95,-0.7,2.09,0.2255,2026-07-09,2026-07-23,57.14,0.4691,-0.092,0.3013,0.4446,0.9524,0.4979,0.4365,-0.3022,0.3489,多周期方向不一致，观望,-0.0183,-0.75,-0.5625
002538,ST司特,52.72,True,6.18,6.11,14,8.45,-3.46,1.49,1.17,0.3537,2026-07-22,2026-07-23,51.47,0.3514,-0.508,0.4356,0.2108,0.9216,0.274,0.4349,-0.0325,0.4838,⚠️⚠️ 逆大势反弹，大概率是下跌中继,0.1634,-0.4215,-0.3375
000902,新洋丰,156.22,True,13.67,12.54,10,10.9,-6.32,1.59,9.02,0.4241,2026-07-13,2026-07-23,70.67,0.3461,-0.3728,0.3735,0.2586,0.6517,0.3775,0.4337,-0.0459,0.477,⚠️⚠️ 逆大势反弹，大概率是下跌中继,0.2844,-0.6238,-0.495
002773,康弘药业,147.31,True,21.45,22.18,19,13.82,-3.72,4.6,-3.28,0.3398,2026-07-23,2026-07-23,44.5,0.6801,-0.3153,0.6145,0.482,0.7667,0.0,0.4333,-0.04,0.48,⚠️⚠️ 逆大势反弹，大概率是下跌中继,0.2174,-0.3866,-0.5625
000589,贵州轮胎,66.86,True,4.33,4.26,10,3.51,-6.88,-1.1,1.62,0.2231,2026-07-22,2026-07-23,53.09,0.381,-0.1118,0.2714,0.3839,0.9575,0.5476,0.4332,-0.2714,0.3643,多周期方向不一致，观望,-0.0382,-0.6652,-0.495
000049,德赛电池,93.4,True,24.29,24.01,12,6.06,-4.79,0.33,1.16,0.2957,2026-07-22,2026-07-23,45.22,0.4991,0.0335,0.4812,0.5129,0.7828,0.198,0.4329,-0.1645,0.4178,多周期方向不一致，观望,0.0797,-0.3547,-0.4368
000731,四川美丰,32.27,True,5.88,5.61,12,10.17,-10.1,0.05,4.75,0.311,2026-07-07,2026-07-23,72.73,0.6531,-0.1471,0.3225,0.533,0.6061,0.4626,0.4327,-0.235,0.3825,多周期方向不一致，观望,0.1469,-0.5962,-0.5625
000153,丰原药业,24.73,True,5.39,5.37,10,8.27,-6.9,0.39,0.38,0.2171,2026-07-22,2026-07-23,48.73,0.686,-0.038,0.4287,0.5964,0.8608,0.2855,0.432,-0.2802,0.3599,多周期方向不一致，观望,-0.0205,-0.6515,-0.5625
000913,钱江摩托,55.81,True,10.73,10.56,7,4.64,-8.54,-3.03,1.57,0.0919,2026-07-14,2026-07-23,53.47,0.7552,-0.2869,0.2402,0.5384,0.9659,0.5997,0.4316,-0.2682,0.3659,多周期方向不一致，观望,-0.1193,-0.5142,-0.5625
600195,中牧股份,66.07,True,6.47,6.24,8,8.01,-8.94,-0.87,3.69,0.1979,2026-07-13,2026-07-23,59.85,0.5298,0.0124,0.3281,0.5228,0.8921,0.4532,0.4313,-0.2941,0.3529,多周期方向不一致，观望,-0.0106,-0.721,-0.5625
002594,比亚迪,3230.35,True,92.65,87.88,15,9.59,-12.87,0.44,5.42,0.3852,2026-07-02,2026-07-23,58.97,0.0863,-0.275,0.4211,0.1418,0.9118,0.2982,0.4312,-0.0344,0.4828,⚠️⚠️ 逆大势反弹，大概率是下跌中继,0.2975,-0.402,-0.5075
002350,北京科锐,75.71,True,14.27,14.22,9,12.38,-9.24,-1.24,0.36,0.1211,2026-07-22,2026-07-23,53.75,0.548,0.1595,0.7758,0.5926,0.9723,0.0,0.4309,0.0417,0.5209,月线看多，中短期调整中,-0.2281,-0.1683,0.5625
000915,华特达因,59.67,True,25.48,25.32,10,3.26,-4.17,-0.19,0.62,0.2531,2026-07-22,2026-07-23,51.31,0.6797,-0.59,0.3235,0.4078,0.918,0.4608,0.4309,-0.2834,0.3583,多周期方向不一致，观望,-0.0122,-0.6729,-0.5625
002123,梦网科技,56.42,True,7.83,8.07,13,18.54,-7.66,2.09,-3.0,0.1842,2026-07-23,2026-07-23,48.74,0.6419,0.7329,0.8259,0.7851,0.861,0.0,0.4309,-0.2844,0.3578,多周期方向不一致，观望,-0.0315,-0.6608,-0.5625
002351,漫步者,51.74,True,9.93,9.53,7,8.12,-11.7,-2.41,4.25,0.1572,2026-07-14,2026-07-23,59.46,0.8543,-0.3388,0.3233,0.5771,0.9009,0.4612,0.4303,-0.3083,0.3458,多周期方向不一致，观望,-0.1361,-0.6762,-0.5625
002595,豪迈科技,578.64,True,50.23,46.98,4,6.91,-6.63,-2.49,6.91,0.2177,2026-07-20,2026-07-23,53.22,0.2688,0.2094,0.3623,0.4451,0.9604,0.3961,0.4296,-0.2669,0.3665,月线震荡，中短期走弱,-0.1829,-0.6245,-0.1158
002197,证通电子,40.96,True,7.67,5.9,3,30.07,-9.98,-1.88,30.07,0.2507,2026-07-20,2026-07-23,72.61,0.7237,2.9913,0.7837,0.8342,0.6087,0.0,0.429,-0.2347,0.3826,多周期方向不一致，观望,0.0079,-0.6129,-0.4257
002067,景兴纸业,54.98,True,4.11,3.93,10,5.3,-15.52,-3.21,4.62,0.1944,2026-07-20,2026-07-23,47.17,0.6181,0.7673,0.6792,0.7709,0.826,0.0,0.4281,-0.266,0.367,多周期方向不一致，观望,-0.1102,-0.5124,-0.5625
600031,三一重工,1692.34,True,19.97,18.59,15,7.45,-6.26,1.22,7.4,0.4707,2026-07-02,2026-07-23,67.87,-0.1273,-0.2017,0.3605,0.1193,0.7141,0.3991,0.428,-0.0729,0.4636,多周期方向不一致，观望,0.2783,-0.1091,-0.45
000404,长虹华意,52.92,True,7.64,7.77,8,9.37,-5.68,-0.02,-1.69,0.088,2026-07-23,2026-07-23,42.07,0.7719,0.3239,0.6026,0.7927,0.7127,0.0,0.4272,0.083,0.5415,多周期方向不一致，观望,-0.0571,-0.1487,0.5625
000830,鲁西化工,246.4,True,12.94,12.26,8,5.5,-8.36,-1.32,5.5,0.2693,2026-07-20,2026-07-23,51.8,0.6516,-0.3236,0.4492,0.4615,0.9289,0.2513,0.427,-0.2846,0.3577,多周期方向不一致，观望,-0.0717,-0.6946,-0.495
600079,ST人福,269.75,True,17.48,17.31,16,4.62,-4.38,1.07,0.98,0.3794,2026-07-01,2026-07-23,44.08,0.3666,-0.506,0.262,0.2199,0.7574,0.5634,0.4268,-0.2076,0.3962,多周期方向不一致，观望,0.15,-0.4787,-0.5625
000408,藏格矿业,1246.65,True,79.46,71.14,4,11.7,-10.41,-2.78,11.7,0.2441,2026-07-20,2026-07-23,61.08,0.5025,-0.0902,0.4911,0.4654,0.8649,0.1816,0.4258,-0.1069,0.4466,多周期方向不一致，观望,-0.0676,-0.5244,0.1125
000951,中国重汽,265.36,True,22.7,21.22,13,7.28,-11.37,-0.22,6.98,0.3759,2026-07-20,2026-07-23,52.48,-0.0085,-0.1935,0.5879,0.1226,0.9439,0.0202,0.4258,0.1595,0.5797,月线看多，日线反弹（等待周线确认）,0.1737,0.052,0.45
000921,海信家电,233.66,True,25.45,25.9,5,2.54,-8.35,-2.77,-1.74,0.0236,2026-07-23,2026-07-23,43.49,0.7635,-0.1162,0.3927,0.6116,0.7442,0.3456,0.4254,0.1988,0.5994,上升趋势中的日线回调（关注买点）,-0.2094,0.5102,0.3375
002895,川恒股份,203.31,True,33.91,30.62,9,10.74,-7.35,-0.37,10.74,0.3839,2026-07-14,2026-07-23,60.36,0.2986,-0.3861,0.465,0.2247,0.881,0.2251,0.4241,-0.1256,0.4372,多周期方向不一致，观望,0.0989,-0.4655,-0.1715
002153,石基信息,122.06,True,7.63,7.47,9,3.58,-10.88,-1.89,2.09,0.1744,2026-07-17,2026-07-23,51.3,0.5297,0.1757,0.4188,0.5881,0.9179,0.3021,0.4234,-0.3158,0.3421,多周期方向不一致，观望,-0.1208,-0.7223,-0.5625
000612,焦作万方,131.62,True,11.04,10.56,8,5.22,-10.42,-2.75,4.58,0.2028,2026-07-17,2026-07-23,54.11,0.6864,-0.4667,0.4386,0.4252,0.9802,0.269,0.421,-0.1901,0.405,多周期方向不一致，观望,-0.1285,-0.4494,-0.2759
002675,东诚药业,93.44,True,12.57,12.76,12,4.66,-2.11,0.75,-1.49,0.262,2026-07-23,2026-07-23,43.82,0.6609,-0.2799,0.3779,0.4846,0.7515,0.3702,0.4199,-0.2429,0.3785,多周期方向不一致，观望,-0.0637,-0.4504,-0.5625
000422,湖北宜化,143.34,True,13.55,13.4,9,11.16,-8.37,-0.93,1.16,0.1489,2026-07-22,2026-07-23,42.42,0.8292,0.277,0.5902,0.8084,0.7204,0.0164,0.4182,-0.183,0.4085,多周期方向不一致，观望,-0.0482,-0.4256,-0.3375
002111,威海广泰,45.31,True,9.27,8.97,10,3.83,-7.87,-1.52,3.36,0.241,2026-07-13,2026-07-23,52.59,0.2544,-0.0382,0.3496,0.3374,0.9464,0.4173,0.418,-0.2435,0.3782,多周期方向不一致，观望,0.0193,-0.5244,-0.5625
002452,长高电气,57.76,True,11.21,11.62,11,17.16,-13.71,-0.05,-3.55,0.085,2026-07-23,2026-07-23,36.22,0.7265,0.5866,0.6287,0.8359,0.5826,0.0,0.4176,0.0998,0.5499,多周期方向不一致，观望,-0.1437,0.112,0.45
000400,许继电气,233.5,True,23.08,20.96,4,10.13,-8.56,-3.64,10.13,0.2227,2026-07-17,2026-07-23,66.0,0.6338,1.0968,0.4043,0.7803,0.7556,0.3261,0.416,-0.6228,0.1886,多周期共振看空 ⬇⬇⬇,-0.2248,-0.6812,-0.495
600050,中国联通,1369.78,True,4.42,4.18,10,6.16,-5.45,-0.21,5.67,0.3257,2026-07-09,2026-07-23,83.02,0.5589,-0.256,0.1852,0.433,0.3774,0.6913,0.415,-0.1604,0.4198,多周期方向不一致，观望,0.0653,-0.3109,-0.45
002953,日丰股份,28.89,True,10.27,8.93,3,15.03,-9.52,-3.41,15.03,0.2124,2026-07-20,2026-07-23,67.28,0.854,9.2894,0.5019,0.9124,0.727,0.1636,0.4139,-0.6614,0.1693,多周期共振看空 ⬇⬇⬇,-0.197,-0.7223,-0.5625
600309,万华化学,2363.19,True,75.49,70.31,9,7.37,-5.28,-0.35,7.37,0.3723,2026-07-17,2026-07-23,67.1,0.1854,-0.1329,0.3625,0.258,0.7311,0.3958,0.4139,-0.1896,0.4052,多周期方向不一致，观望,0.0096,-0.5698,-0.272
002242,九阳股份,63.83,True,8.38,8.16,7,3.95,-7.31,-1.51,2.73,0.1952,2026-07-14,2026-07-23,52.2,0.3606,-0.1335,0.2933,0.363,0.9378,0.5111,0.4132,-0.2778,0.3611,多周期方向不一致，观望,-0.0582,-0.6087,-0.5625
002517,恺英网络,293.75,True,15.55,16.41,18,12.31,-5.26,4.36,-5.26,0.2826,2026-07-23,2026-07-23,41.05,0.4717,0.3618,0.6054,0.6277,0.6899,0.0,0.4118,-0.2164,0.3918,多周期方向不一致，观望,0.0936,-0.469,-0.5625
002038,双鹭药业,47.62,True,5.59,6.1,15,21.69,-8.84,5.85,-8.35,0.1762,2026-07-23,2026-07-23,41.36,0.8254,0.2571,1.0457,0.7981,0.6968,0.0,0.4104,-0.2528,0.3736,多周期方向不一致，观望,0.014,-0.5607,-0.5625
000788,北大医药,30.93,True,5.19,5.19,11,8.13,-8.27,-0.22,0.0,0.2007,2026-07-22,2026-07-23,48.0,0.7402,-0.2796,0.4717,0.5323,0.8444,0.2139,0.4083,-0.2516,0.3742,多周期方向不一致，观望,-0.0696,-0.4838,-0.5625
000625,长安汽车,605.99,True,7.33,7.04,7,4.12,-9.8,-2.23,4.12,0.1886,2026-07-14,2026-07-23,56.86,0.3867,-0.1464,0.3262,0.3734,0.9586,0.4563,0.407,-0.3099,0.345,多周期方向不一致，观望,-0.0579,-0.75,-0.5625
002073,软控股份,55.67,True,5.49,5.3,9,3.61,-7.31,-1.15,3.61,0.2556,2026-07-14,2026-07-23,52.38,0.379,-0.4836,0.2728,0.2339,0.9418,0.5453,0.4068,-0.2996,0.3502,多周期方向不一致，观望,-0.0053,-0.75,-0.5625
600004,白云机场,188.39,True,7.67,7.33,7,5.44,-8.01,-1.57,4.67,0.2057,2026-07-14,2026-07-23,70.48,0.4811,-0.02,0.2194,0.4807,0.6561,0.6343,0.4062,-0.3076,0.3462,多周期方向不一致，观望,-0.0464,-0.75,-0.5625
002239,奥特佳,66.52,True,2.48,2.45,8,2.02,-4.8,-0.74,1.04,0.2277,2026-07-22,2026-07-23,45.76,0.4711,-0.187,0.3114,0.4079,0.7947,0.4811,0.405,-0.2977,0.3511,多周期方向不一致，观望,-0.0172,-0.7315,-0.5625
002879,长缆科技,22.5,True,16.41,13.36,3,22.87,-10.73,-3.76,22.87,0.2037,2026-07-20,2026-07-23,67.75,0.7997,4.8642,0.7127,0.8798,0.7167,0.0,0.4046,-0.5194,0.2403,多周期共振看空 ⬇⬇⬇,-0.1774,-0.6519,-0.3375
600038,中直股份,176.53,True,26.39,25.4,4,3.91,-7.66,-2.81,3.91,0.1449,2026-07-17,2026-07-23,52.02,0.316,0.057,0.2772,0.4124,0.9337,0.5381,0.4041,-0.3258,0.3371,多周期方向不一致，观望,-0.1395,-0.75,-0.5625
000156,华数传媒,112.7,True,6.63,6.52,8,3.58,-4.7,-0.65,1.62,0.2338,2026-07-14,2026-07-23,54.9,0.3418,-0.4966,0.2864,0.2064,0.9978,0.5226,0.4028,-0.2841,0.3579,多周期方向不一致，观望,-0.0585,-0.6361,-0.5625
002035,华帝股份,36.76,True,4.7,4.65,7,5.46,-7.7,-1.36,1.08,0.1475,2026-07-22,2026-07-23,51.04,0.6454,0.0567,0.2689,0.6099,0.912,0.5518,0.401,-0.6577,0.1712,多周期共振看空 ⬇⬇⬇,-0.209,-0.7038,-0.5625
000017,深中华A,25.04,True,5.68,5.77,14,17.64,-11.23,3.89,-1.57,0.2807,2026-07-23,2026-07-23,43.19,0.6466,-0.0501,0.8504,0.5679,0.7375,0.0,0.4007,-0.2621,0.369,多周期方向不一致，观望,0.0043,-0.5933,-0.5625
000931,中 关 村,31.24,True,4.16,4.21,12,6.94,-3.12,0.93,-1.18,0.2526,2026-07-23,2026-07-23,45.69,0.6988,-0.4959,0.4021,0.4209,0.7931,0.3299,0.3994,-0.3002,0.3499,多周期方向不一致，观望,-0.1448,-0.6331,-0.5625
002226,江南化工,123.7,True,4.67,4.55,7,2.73,-10.37,-2.8,2.73,0.1415,2026-07-14,2026-07-23,54.79,0.0932,0.1004,0.2574,0.2961,0.9954,0.5709,0.3993,-0.2702,0.3649,多周期方向不一致，观望,-0.1091,-0.5316,-0.5625
600219,南山铝业,550.07,True,4.79,4.13,4,15.9,-13.53,-5.03,15.9,0.1878,2026-07-17,2026-07-23,68.9,0.7592,0.5095,0.5652,0.8555,0.6911,0.058,0.3992,-0.502,0.249,多周期共振看空 ⬇⬇⬇,-0.2199,-0.5774,-0.3375
002022,科华生物,25.15,True,4.89,4.88,9,9.21,-9.87,-1.07,0.26,0.123,2026-07-22,2026-07-23,50.37,0.7632,-0.2993,0.3957,0.5382,0.8971,0.3404,0.3992,-0.3116,0.3442,多周期方向不一致，观望,-0.1228,-0.7021,-0.5625
000816,智慧农业,36.13,True,2.51,2.4,9,4.65,-10.29,-1.71,4.65,0.2399,2026-07-20,2026-07-23,52.94,0.3705,-0.2404,0.4048,0.3261,0.9542,0.3253,0.3987,-0.3132,0.3434,多周期方向不一致，观望,-0.0749,-0.75,-0.5625
002102,ST能特,50.69,True,2.38,2.34,15,11.97,-7.22,3.01,1.54,0.3523,2026-07-22,2026-07-23,50.59,0.1518,-0.2123,0.4767,0.2061,0.902,0.2055,0.398,-0.2378,0.3811,多周期方向不一致，观望,0.1398,-0.6025,-0.5625
002959,小熊电器,46.2,True,33.05,32.64,10,4.15,-10.64,-1.75,1.27,0.1678,2026-07-13,2026-07-23,46.91,0.3428,0.0216,0.2702,0.4143,0.8202,0.5497,0.3972,-0.3119,0.344,多周期方向不一致，观望,-0.079,-0.7408,-0.5625
001328,登康口腔,47.4,True,29.31,27.14,7,9.68,-11.87,-1.42,8.01,0.2761,2026-07-14,2026-07-23,62.96,0.2458,-0.0148,0.449,0.3416,0.8231,0.2517,0.3926,-0.2578,0.3711,多周期方向不一致，观望,0.0598,-0.6221,-0.5625
002185,华天科技,587.78,True,17.69,21.23,16,22.29,-22.19,5.26,-16.69,0.0,2026-07-23,2026-07-23,45.53,0.4317,0.0045,1.0768,0.4608,0.7897,0.0,0.3925,0.4554,0.7277,上升趋势中的日线整理,-0.0847,0.6929,0.5625
002606,大连电瓷,57.32,True,13.61,13.16,3,3.45,-8.81,-3.25,3.45,0.1127,2026-07-22,2026-07-23,50.95,0.1446,0.5046,0.6746,0.4868,0.9099,0.0,0.3925,-0.0011,0.4995,月线看多，中短期调整中,-0.2537,-0.2379,0.45
002206,海 利 得,55.7,True,5.27,5.27,7,2.68,-5.24,-1.33,0.04,0.1689,2026-07-22,2026-07-23,42.0,0.5591,-0.1171,0.3056,0.4886,0.7111,0.4906,0.3918,-0.2985,0.3508,多周期方向不一致，观望,-0.1429,-0.6946,-0.495
000768,中航西飞,577.22,True,20.79,20.23,6,2.79,-4.7,-1.56,2.79,0.2081,2026-07-17,2026-07-23,47.55,0.3781,-0.2182,0.3027,0.3396,0.8344,0.4954,0.3911,-0.3115,0.3443,多周期方向不一致，观望,-0.0876,-0.7315,-0.5625
000401,金隅冀东,95.78,True,3.64,3.51,8,4.38,-10.59,-2.82,3.66,0.1504,2026-07-13,2026-07-23,57.81,0.2483,-0.031,0.2914,0.3366,0.9375,0.5143,0.3909,-0.3089,0.3456,多周期方向不一致，观望,-0.0854,-0.7223,-0.5625
002987,京北方,109.4,True,10.79,9.84,3,10.87,-14.36,-6.36,9.61,0.129,2026-07-20,2026-07-23,61.56,0.808,0.9832,0.5112,0.8848,0.8542,0.148,0.3905,-0.745,0.1275,多周期共振看空 ⬇⬇⬇,-0.379,-0.75,-0.5625
002157,正邦科技,228.18,True,2.93,2.93,9,2.99,-8.35,-1.16,0.14,0.1675,2026-07-22,2026-07-23,53.85,0.2621,-0.2411,0.3726,0.2608,0.9744,0.379,0.3897,-0.174,0.413,多周期方向不一致，观望,-0.0362,-0.3962,-0.3375
002533,金杯电工,70.14,True,11.0,10.56,2,4.13,-9.99,-3.73,4.13,0.1003,2026-07-22,2026-07-23,49.43,0.544,0.9627,0.4012,0.7264,0.8763,0.3313,0.3894,-0.6041,0.198,多周期共振看空 ⬇⬇⬇,-0.407,-0.6413,-0.3375
600249,两面针,26.73,True,4.86,4.71,8,5.74,-11.39,-2.89,3.14,0.1334,2026-07-13,2026-07-23,58.72,0.3965,-0.1758,0.3132,0.3676,0.9174,0.478,0.3888,-0.2812,0.3594,多周期方向不一致，观望,-0.1324,-0.5602,-0.5625
002107,沃华医药,34.97,True,6.12,6.23,13,13.36,-7.51,1.82,-1.7,0.2098,2026-07-23,2026-07-23,39.76,0.816,-0.1825,0.625,0.6166,0.6614,0.0,0.3881,-0.179,0.4105,多周期方向不一致，观望,-0.049,-0.4075,-0.3375
000957,中通客车,59.11,True,9.97,9.56,7,4.25,-7.39,-1.96,4.25,0.2,2026-07-14,2026-07-23,53.39,0.3195,-0.3013,0.374,0.2712,0.9642,0.3767,0.3877,-0.2706,0.3647,多周期方向不一致，观望,-0.043,-0.5902,-0.5625
002014,永新股份,65.51,True,10.87,10.83,16,5.17,-3.59,1.06,0.4,0.3766,2026-07-17,2026-07-23,42.75,-0.2798,-0.8735,0.3333,0.0,0.7279,0.4445,0.3871,-0.0358,0.4821,⚠️⚠️ 逆大势反弹，大概率是下跌中继,0.1684,-0.3317,-0.495
002693,双成药业,35.3,True,8.59,9.63,14,17.8,-11.61,2.5,-10.84,0.0143,2026-07-23,2026-07-23,34.77,0.8536,0.2943,0.8891,0.8299,0.5504,0.0,0.387,0.0736,0.5368,多周期方向不一致，观望,-0.0737,-0.0633,0.45
000063,中兴通讯,1446.72,True,35.92,37.16,8,8.64,-9.9,-0.52,-3.33,0.031,2026-07-23,2026-07-23,48.76,0.5774,0.3115,0.7567,0.6711,0.8614,0.0,0.3857,-0.0966,0.4517,多周期方向不一致，观望,-0.2297,0.0719,-0.2996
000908,石药景峰,55.87,True,6.35,6.49,12,20.01,-19.57,2.2,-2.21,0.1908,2026-07-23,2026-07-23,42.49,0.7,-0.3192,0.9093,0.4923,0.7221,0.0,0.3853,-0.0295,0.4853,多周期方向不一致，观望,-0.1005,-0.2237,0.18
002052,同洲电子,59.22,True,8.59,8.1,5,5.98,-12.34,-3.92,5.98,0.1312,2026-07-20,2026-07-23,53.97,0.5098,0.0953,0.5898,0.544,0.9771,0.017,0.3821,-0.3146,0.3427,多周期方向不一致，观望,-0.1381,-0.7021,-0.5625
002393,力生制药,42.66,True,14.21,14.63,13,5.59,-3.7,1.0,-2.9,0.221,2026-07-23,2026-07-23,38.07,0.6779,-0.27,0.4129,0.4987,0.6238,0.3118,0.3813,-0.2756,0.3622,多周期方向不一致，观望,-0.083,-0.5777,-0.5625
002745,木林森,113.43,True,10.66,11.74,14,20.01,-16.72,3.82,-9.22,0.0876,2026-07-23,2026-07-23,42.24,0.3009,-0.1797,0.9186,0.3087,0.7165,0.0,0.381,0.4839,0.7419,上升趋势中的日线整理,0.0322,0.6669,0.5625
000683,博源化工,206.54,True,6.18,5.66,5,9.22,-12.58,-4.65,9.22,0.1938,2026-07-16,2026-07-23,64.38,0.4778,0.1863,0.4028,0.5612,0.7917,0.3286,0.3805,-0.5321,0.2339,多周期共振看空 ⬇⬇⬇,-0.1926,-0.6669,-0.3375
002649,博彦科技,46.82,True,8.73,8.32,6,6.63,-10.79,-2.16,4.88,0.1635,2026-07-15,2026-07-23,59.57,0.7083,-0.0324,0.4106,0.612,0.8986,0.3156,0.3799,-0.6633,0.1683,多周期共振看空 ⬇⬇⬇,-0.1696,-0.75,-0.5625
002424,ST百灵,51.37,True,4.46,4.5,10,5.78,-3.64,0.36,-0.81,0.2212,2026-07-23,2026-07-23,43.48,0.5895,-0.2613,0.3143,0.4492,0.744,0.4762,0.3797,-0.4853,0.2573,多周期共振看空 ⬇⬇⬇,-0.1623,-0.365,-0.5625
000581,威孚高科,135.6,True,17.08,16.85,11,3.64,-7.37,-0.81,1.34,0.2525,2026-07-17,2026-07-23,47.12,0.0426,-0.1359,0.2807,0.1712,0.8249,0.5321,0.3788,-0.2648,0.3676,多周期方向不一致，观望,0.026,-0.6238,-0.5625
002279,久其软件,48.29,True,6.07,5.76,5,5.46,-15.44,-6.4,5.46,0.0559,2026-07-17,2026-07-23,57.22,0.4889,1.0527,0.3756,0.6933,0.9506,0.374,0.377,-0.6677,0.1662,多周期共振看空 ⬇⬇⬇,-0.2704,-0.7408,-0.495
002445,中南文化,67.68,True,2.86,2.78,1,2.79,-13.02,-7.26,2.79,0.0,2026-07-22,2026-07-23,46.05,0.6686,-0.108,0.3564,0.5579,0.8012,0.4059,0.3769,-0.1635,0.4183,月线看多，中短期调整中,-0.5605,-0.4783,0.18
002572,索菲亚,52.44,True,8.05,7.82,8,6.01,-11.8,-2.38,3.01,0.1431,2026-07-13,2026-07-23,53.81,0.2777,-0.1314,0.3614,0.3141,0.9735,0.3976,0.3769,-0.3167,0.3417,多周期方向不一致，观望,-0.0931,-0.75,-0.5625
002170,芭田股份,89.46,True,11.36,10.95,6,3.74,-6.1,-1.61,3.74,0.2219,2026-07-20,2026-07-23,52.04,0.2335,-0.1434,0.329,0.2827,0.9342,0.4516,0.3756,-0.4626,0.2687,多周期共振看空 ⬇⬇⬇,-0.1593,-0.5427,-0.3375
000852,石化机械,49.98,True,5.26,5.03,4,4.56,-10.51,-4.48,4.56,0.0827,2026-07-21,2026-07-23,55.63,0.3416,1.6192,0.3441,0.605,0.9859,0.4265,0.3751,-0.6904,0.1548,多周期共振看空 ⬇⬇⬇,-0.2928,-0.7038,-0.5625
002096,易普力,114.74,True,9.25,8.77,7,5.49,-11.28,-3.63,5.49,0.158,2026-07-14,2026-07-23,62.35,0.594,-0.075,0.27,0.5264,0.8366,0.55,0.3751,-0.6647,0.1677,多周期共振看空 ⬇⬇⬇,-0.1731,-0.75,-0.5625
000790,华神科技,23.1,True,3.71,3.68,10,6.18,-5.84,-0.42,0.9,0.2218,2026-07-22,2026-07-23,44.74,0.4639,-0.3711,0.4645,0.3299,0.7719,0.2258,0.3747,-0.1697,0.4152,多周期方向不一致，观望,-0.0441,-0.3706,-0.3375
000778,新兴铸管,149.12,True,3.83,3.69,4,3.88,-9.72,-3.6,3.88,0.1095,2026-07-17,2026-07-23,61.76,0.2081,0.3289,0.2606,0.4564,0.8497,0.5656,0.3741,-0.4723,0.2639,多周期共振看空 ⬇⬇⬇,-0.1959,-0.5326,-0.3375
002537,海联金汇,65.56,True,5.6,5.39,4,5.58,-10.13,-4.22,3.84,0.0734,2026-07-20,2026-07-23,51.98,0.5854,0.6688,0.4523,0.7512,0.9328,0.2462,0.374,-0.7025,0.1487,多周期共振看空 ⬇⬇⬇,-0.2701,-0.75,-0.5625
002850,科达利,388.06,True,185.11,192.83,10,18.52,-12.37,0.18,-4.0,0.0635,2026-07-23,2026-07-23,31.07,0.6374,0.3899,0.8439,0.7384,0.4682,0.0,0.3731,0.0892,0.5446,多周期方向不一致，观望,-0.0819,-0.1,0.5625
002593,日上集团,23.65,True,4.22,4.1,6,4.5,-10.65,-3.33,2.98,0.095,2026-07-22,2026-07-23,49.23,0.7421,0.1743,0.4218,0.715,0.8718,0.297,0.3723,-0.6777,0.1612,多周期共振看空 ⬇⬇⬇,-0.2064,-0.75,-0.5625
000157,中联重科,529.52,True,7.49,7.05,7,6.25,-6.02,-1.03,6.25,0.2959,2026-07-17,2026-07-23,62.81,-0.1176,-0.3484,0.3462,0.0606,0.8264,0.4229,0.3717,-0.1637,0.4182,多周期方向不一致，观望,0.0004,-0.3823,-0.3375
002309,中利集团,70.5,True,2.93,2.69,5,8.84,-15.37,-7.53,8.84,0.1122,2026-07-17,2026-07-23,54.55,0.4183,2.0226,0.769,0.651,0.9899,0.0,0.3714,-0.5274,0.2363,多周期共振看空 ⬇⬇⬇,-0.408,-0.544,-0.2653
002768,国恩股份,127.77,True,49.41,53.44,16,15.25,-15.85,3.46,-7.54,0.1526,2026-07-23,2026-07-23,43.24,0.1724,-0.4421,0.8339,0.1266,0.7387,0.0,0.3701,0.5061,0.753,上升趋势中的日线整理,0.0885,0.6762,0.5625
600096,云天化,551.45,True,30.25,29.26,8,11.45,-13.41,-2.59,3.4,0.1475,2026-07-21,2026-07-23,48.18,0.8704,-0.589,0.4595,0.5222,0.8485,0.2341,0.3694,-0.44,0.28,多周期共振看空 ⬇⬇⬇,-0.1917,-0.4652,-0.3375
600206,有研新材,351.91,True,41.57,52.07,14,68.64,-33.33,13.4,-20.16,0.0,2026-07-23,2026-07-23,36.27,0.74,-0.4451,1.1964,0.4659,0.5837,0.0,0.3685,0.5022,0.7511,上升趋势中的日线整理,0.0014,0.7408,0.5625
002408,齐翔腾达,137.0,True,4.98,4.84,4,2.9,-7.37,-1.8,2.9,0.1606,2026-07-22,2026-07-23,50.87,0.3253,0.3667,0.4801,0.5418,0.9082,0.1998,0.3679,-0.5589,0.2206,多周期共振看空 ⬇⬇⬇,-0.3366,-0.6023,-0.3375
002545,东方铁塔,221.51,True,19.6,16.68,2,17.53,-15.81,-6.08,17.53,0.1297,2026-07-21,2026-07-23,64.85,0.561,0.9878,0.6719,0.7366,0.7811,0.0,0.3668,-0.4929,0.2535,多周期共振看空 ⬇⬇⬇,-0.3368,-0.4572,-0.3375
002437,誉衡药业,60.27,True,2.87,2.92,15,13.18,-10.65,4.07,-1.59,0.3006,2026-07-23,2026-07-23,45.79,0.403,-0.3665,0.6471,0.2952,0.7954,0.0,0.3658,-0.2219,0.3891,多周期方向不一致，观望,0.0908,-0.4905,-0.5625
002998,优彩资源,19.5,True,7.21,7.04,8,9.96,-13.31,-2.07,2.36,0.1347,2026-07-22,2026-07-23,46.18,0.4989,0.8169,0.7278,0.6994,0.8039,0.0,0.3625,-0.5068,0.2466,多周期共振看空 ⬇⬇⬇,-0.1747,-0.469,-0.495
002167,东方锆业,130.2,True,17.16,19.94,11,48.44,-25.52,9.84,-13.94,0.0726,2026-07-23,2026-07-23,18.07,0.4904,0.4352,1.0338,0.6683,0.1794,0.0,0.3619,0.4366,0.7183,上升趋势中的日线整理,-0.0434,0.6087,0.5625
001322,箭牌家居,48.0,True,6.11,6.23,14,5.69,-8.63,0.54,-1.91,0.228,2026-07-23,2026-07-23,43.15,0.4563,-0.3846,0.4494,0.32,0.7367,0.251,0.3607,-0.2582,0.3709,多周期方向不一致，观望,0.1031,-0.6608,-0.5625
000695,滨海能源,29.17,True,13.15,12.38,3,6.2,-9.86,-4.41,6.2,0.1233,2026-07-20,2026-07-23,54.74,0.3792,-0.5934,0.5238,0.2275,0.9942,0.1271,0.3588,-0.0841,0.458,月线看多，中短期调整中,-0.409,-0.2297,0.18
001382,新亚电缆,10.44,True,16.57,15.46,1,7.2,-20.32,-10.79,7.2,0.0,2026-07-22,2026-07-23,51.68,0.8025,0.4712,0.5011,0.87,0.9262,0.1649,0.3584,-0.7685,0.1158,多周期共振看空 ⬇⬇⬇,-0.547,-0.6577,-0.5625
000711,ST京蓝,116.68,True,4.9,4.87,7,10.1,-20.71,-5.85,0.55,0.0,2026-07-22,2026-07-23,44.48,0.526,0.1601,0.8598,0.5797,0.7662,0.0,0.3581,0.0177,0.5089,多周期方向不一致，观望,-0.4106,-0.1329,0.5625
002981,朝阳科技,26.98,True,22.19,20.63,9,7.56,-25.02,-5.95,7.56,0.1834,2026-07-10,2026-07-23,55.52,0.3374,-0.208,0.639,0.3192,0.9884,0.0,0.3579,-0.274,0.363,多周期方向不一致，观望,-0.1047,-0.5521,-0.5625
000756,新华制药,67.35,True,13.5,14.12,16,14.37,-4.82,5.21,-4.38,0.2752,2026-07-23,2026-07-23,39.49,0.2576,0.0871,0.6928,0.3894,0.6553,0.0,0.3562,-0.2207,0.3896,多周期方向不一致，观望,0.0434,-0.4449,-0.5625
000930,中粮科技,86.32,True,4.65,4.47,8,4.08,-11.14,-2.72,4.06,0.1646,2026-07-13,2026-07-23,61.7,-0.0483,-0.0143,0.2932,0.1943,0.8511,0.5113,0.3559,-0.2892,0.3554,多周期方向不一致，观望,-0.0844,-0.7038,-0.495
002698,博实股份,102.56,True,12.15,12.33,13,13.71,-4.11,2.54,-1.46,0.2337,2026-07-23,2026-07-23,37.78,0.7901,-0.4441,0.6384,0.4964,0.6173,0.0,0.3559,-0.2484,0.3758,多周期方向不一致，观望,-0.0667,-0.4721,-0.5625
000682,东方电子,162.35,True,12.11,12.05,3,4.1,-7.97,-3.5,0.48,0.0364,2026-07-22,2026-07-23,46.93,0.7256,-0.6154,0.3863,0.4353,0.8207,0.3561,0.3554,-0.2108,0.3946,月线震荡，中短期走弱,-0.3109,-0.4057,-0.0363
000811,冰轮环境,419.24,True,42.85,49.73,15,49.99,-20.54,14.18,-13.84,0.1427,2026-07-23,2026-07-23,36.88,-0.0835,-0.3624,0.9913,0.055,0.5973,0.0,0.3547,0.6902,0.8451,多周期共振看多 ⬆⬆⬆,0.2385,0.75,0.5625
002264,新 华 都,39.84,True,6.12,5.92,7,6.22,-10.94,-1.93,3.32,0.1556,2026-07-14,2026-07-23,52.5,0.6102,-0.3923,0.3848,0.4092,0.9444,0.3587,0.3544,-0.6135,0.1932,多周期共振看空 ⬇⬇⬇,-0.1528,-0.7223,-0.495
001356,富岭股份,18.04,True,8.52,8.5,7,3.82,-10.41,-3.53,0.25,0.0484,2026-07-14,2026-07-23,46.28,0.5435,0.2668,0.2875,0.6328,0.8061,0.5208,0.3541,-0.6803,0.1598,多周期共振看空 ⬇⬇⬇,-0.2455,-0.7223,-0.5625
001365,天海电子,22.28,True,38.75,41.74,10,18.75,-11.67,-0.21,-7.16,0.0,2026-07-23,2026-07-23,45.26,0.703,-0.1607,1.0953,0.5575,0.7837,0.0,0.3541,0.0,0.5,周线日线方向不一致,0.0,,
002389,航天彩虹,176.17,True,17.89,17.58,4,1.78,-8.34,-2.91,1.78,0.1049,2026-07-22,2026-07-23,45.53,0.452,0.7661,0.4625,0.6712,0.7896,0.2291,0.3541,-0.6233,0.1884,多周期共振看空 ⬇⬇⬇,-0.194,-0.641,-0.5625
002241,歌尔股份,707.47,True,22.49,22.13,7,5.16,-10.32,-2.81,1.62,0.0961,2026-07-15,2026-07-23,52.93,0.471,-0.2218,0.5364,0.3939,0.9541,0.1061,0.3524,-0.2712,0.3644,多周期方向不一致，观望,-0.1484,-0.5022,-0.5625
002384,东山精密,2864.83,True,206.65,240.93,10,18.04,-14.23,-0.19,-14.23,0.0,2026-07-23,2026-07-23,43.16,-0.3174,0.7072,1.037,0.4,0.7368,0.0,0.3506,0.281,0.6405,上升趋势中的日线回调（关注买点）,-0.3251,0.6608,0.5625
600308,华泰股份,48.24,True,3.18,3.14,9,3.31,-8.9,-1.83,1.11,0.1587,2026-07-22,2026-07-23,53.45,-0.1164,-0.3181,0.2653,0.0728,0.9655,0.5578,0.3504,-0.2993,0.3503,多周期方向不一致，观望,-0.1252,-0.7131,-0.495
002965,祥鑫科技,81.84,True,42.98,49.15,17,31.19,-17.0,8.21,-12.55,0.162,2026-07-23,2026-07-23,26.87,0.2217,-0.1816,0.7269,0.2604,0.375,0.0,0.3493,0.5394,0.7697,多周期共振看多 ⬆⬆⬆,0.2542,0.63,0.3375
002409,雅克科技,474.82,True,149.07,183.44,15,54.21,-30.17,11.25,-18.74,0.0202,2026-07-23,2026-07-23,31.39,0.3705,-0.0514,1.145,0.4017,0.4754,0.0,0.3488,0.529,0.7645,上升趋势中的日线整理,0.1042,0.7223,0.5625
002605,姚记科技,57.87,True,17.11,19.18,14,8.97,-10.8,1.57,-10.8,0.0,2026-07-23,2026-07-23,39.57,0.5665,2.172,0.5382,0.7399,0.6571,0.103,0.3486,-0.266,0.367,多周期方向不一致，观望,-0.118,-0.5058,-0.5625
000523,红棉股份,36.57,True,2.76,2.68,8,5.05,-12.32,-3.07,2.97,0.1247,2026-07-13,2026-07-23,61.22,0.0632,-0.0996,0.2727,0.1981,0.8617,0.5456,0.3481,-0.3022,0.3489,多周期方向不一致，观望,-0.1296,-0.7223,-0.495
002688,金河生物,36.85,True,4.93,4.93,10,5.61,-7.65,-0.65,0.02,0.192,2026-07-22,2026-07-23,44.44,0.4089,-0.48,0.3829,0.2534,0.7654,0.3618,0.3478,-0.292,0.354,多周期方向不一致，观望,-0.1025,-0.6331,-0.5625
002480,新筑股份,40.45,True,5.27,5.16,3,2.14,-10.74,-4.31,2.14,0.0295,2026-07-22,2026-07-23,53.98,0.3368,0.2251,0.3202,0.4921,0.9774,0.4663,0.3478,-0.6221,0.189,多周期共振看空 ⬇⬇⬇,-0.3085,-0.5403,-0.5625
001369,双欣材料,26.97,True,13.0,12.8,5,7.27,-16.79,-6.92,1.57,0.0,2026-07-17,2026-07-23,47.0,0.5428,0.0439,0.5509,0.5432,0.8223,0.0818,0.3477,-0.1395,0.4303,周线日线方向不一致,-0.465,0.0,
002791,坚朗五金,30.52,True,14.02,14.1,9,8.42,-10.02,-0.66,-0.56,0.1125,2026-07-23,2026-07-23,52.82,0.6817,-0.2215,0.4804,0.5204,0.9516,0.1994,0.3477,-0.622,0.189,多周期共振看空 ⬇⬇⬇,-0.1677,-0.6608,-0.5625
000970,中科三环,161.69,True,13.3,14.8,16,15.03,-18.99,2.49,-10.11,0.064,2026-07-23,2026-07-23,35.0,0.7611,-0.2085,0.8843,0.5733,0.5556,0.0,0.3473,0.041,0.5205,多周期方向不一致，观望,-0.0272,0.3834,-0.18
002302,西部建设,56.68,True,4.49,4.41,6,2.22,-9.15,-3.55,1.8,0.0877,2026-07-22,2026-07-23,52.22,0.2933,0.1344,0.2717,0.4297,0.9383,0.5472,0.347,-0.6861,0.1569,多周期共振看空 ⬇⬇⬇,-0.2281,-0.75,-0.5625
600273,嘉化能源,90.48,True,6.9,6.62,5,4.17,-6.11,-2.32,4.17,0.1981,2026-07-17,2026-07-23,56.17,-0.1771,0.1787,0.3411,0.2715,0.9739,0.4315,0.3464,-0.6523,0.1739,多周期共振看空 ⬇⬇⬇,-0.2523,-0.7223,-0.495
002139,拓邦股份,103.36,True,9.65,9.74,13,5.56,-7.9,-0.42,-0.88,0.2233,2026-07-23,2026-07-23,35.21,0.4861,-0.2946,0.4177,0.3738,0.5603,0.3038,0.3464,-0.2786,0.3607,多周期方向不一致，观望,-0.0017,-0.6608,-0.5625
000839,国安股份,101.52,True,2.59,2.5,3,5.39,-9.86,-4.85,3.64,0.0552,2026-07-21,2026-07-23,50.52,0.4588,0.7795,0.5606,0.6753,0.9003,0.0656,0.3457,-0.5801,0.21,多周期共振看空 ⬇⬇⬇,-0.3606,-0.6283,-0.3375
002907,华森制药,42.41,True,12.63,13.66,16,11.45,-9.26,4.01,-7.56,0.1658,2026-07-23,2026-07-23,40.84,0.7501,-0.5489,0.7412,0.4501,0.6852,0.0,0.3452,-0.179,0.4105,多周期方向不一致，观望,0.0631,-0.2783,-0.5625
002955,鸿合科技,61.63,True,31.5,31.94,10,16.84,-16.81,-0.56,-1.38,0.1107,2026-07-23,2026-07-23,31.18,0.0936,1.3605,0.7386,0.4561,0.4706,0.0,0.344,0.1915,0.5958,上升趋势中的日线回调（关注买点）,-0.1549,0.439,0.3375
000725,京东方Ａ,2143.25,True,6.06,7.3,13,32.26,-22.22,4.29,-16.95,0.0,2026-07-23,2026-07-23,26.61,0.8802,-0.4594,0.9323,0.5444,0.3692,0.0,0.3428,0.4282,0.7141,上升趋势中的日线整理,-0.1455,0.6744,0.5625
000737,北方铜业,258.26,True,13.56,12.77,4,6.19,-13.19,-4.53,6.19,0.122,2026-07-20,2026-07-23,51.63,0.66,-0.3976,0.4966,0.437,0.925,0.1723,0.3423,-0.5011,0.2495,多周期共振看空 ⬇⬇⬇,-0.2303,-0.409,-0.495
002984,森麒麟,100.88,True,14.13,13.7,7,3.75,-9.02,-2.18,3.15,0.1624,2026-07-14,2026-07-23,60.87,0.0324,-0.2552,0.2724,0.1174,0.8696,0.546,0.3423,-0.3196,0.3402,多周期方向不一致，观望,-0.1076,-0.75,-0.5625
002543,万和电气,42.34,True,6.4,6.43,7,3.82,-9.16,-2.01,-0.51,0.0818,2026-07-23,2026-07-23,48.0,0.5898,-0.1214,0.2928,0.5053,0.8444,0.5119,0.3416,-0.6951,0.1524,多周期共振看空 ⬇⬇⬇,-0.251,-0.75,-0.5625
600217,中再资环,51.06,True,3.08,2.95,7,5.6,-10.63,-2.72,4.37,0.1527,2026-07-14,2026-07-23,57.14,0.393,-0.3186,0.3113,0.3083,0.9524,0.4812,0.341,-0.6599,0.17,多周期共振看空 ⬇⬇⬇,-0.1607,-0.75,-0.5625
002851,麦格米特,589.42,True,127.77,150.64,8,10.86,-21.55,-3.89,-15.18,0.0,2026-07-23,2026-07-23,41.2,0.5748,-0.3597,0.9743,0.401,0.6934,0.0,0.3403,0.2488,0.6244,上升趋势中的日线回调（关注买点）,-0.3848,0.6037,0.5625
000997,新 大 陆,173.18,True,17.19,16.39,5,9.19,-12.81,-3.88,4.87,0.1043,2026-07-17,2026-07-23,55.86,0.5144,0.0919,0.5551,0.5454,0.9809,0.0748,0.3393,-0.6452,0.1774,多周期共振看空 ⬇⬇⬇,-0.2436,-0.6467,-0.5625
002551,尚荣医疗,17.48,True,2.86,2.83,9,6.61,-8.13,-1.18,1.22,0.174,2026-07-22,2026-07-23,49.44,0.0893,-0.1596,0.4114,0.1897,0.8764,0.3143,0.3391,-0.3114,0.3443,多周期方向不一致，观望,-0.0871,-0.7315,-0.5625
002386,天原股份,74.57,True,5.73,5.89,10,8.48,-7.09,0.03,-2.79,0.0901,2026-07-23,2026-07-23,37.44,0.7137,-0.7014,0.4357,0.4282,0.6097,0.2739,0.3391,-0.1397,0.4302,月线震荡，中短期走弱,-0.1737,-0.2615,-0.0592
000425,徐工机械,822.65,True,9.14,8.41,7,8.68,-11.02,-2.33,8.68,0.2702,2026-07-17,2026-07-23,63.53,-0.0824,-0.297,0.4187,0.0812,0.8104,0.3021,0.339,-0.2801,0.3599,多周期方向不一致，观望,-0.0258,-0.6467,-0.5625
002066,瑞泰科技,47.29,True,20.47,20.43,1,0.2,-9.07,-5.15,0.2,0.0,2026-07-22,2026-07-23,45.86,0.4987,-0.3704,0.4141,0.3511,0.7968,0.3098,0.339,-0.0538,0.4731,月线看多，中短期调整中,-0.3922,-0.2575,0.3375
600320,振华重工,140.02,True,4.23,4.07,3,3.97,-6.81,-3.69,3.97,0.116,2026-07-20,2026-07-23,53.4,-0.0476,0.2253,0.3117,0.2901,0.9644,0.4805,0.3386,-0.5754,0.2123,多周期共振看空 ⬇⬇⬇,-0.3595,-0.619,-0.3375
600172,黄河旋风,151.49,True,11.87,15.29,13,30.25,-33.84,1.86,-22.38,0.0,2026-07-23,2026-07-23,31.2,0.7362,-0.3338,1.0859,0.5082,0.4711,0.0,0.3374,0.3209,0.6604,上升趋势中的日线回调（关注买点）,-0.2062,0.6929,0.5625
000599,青岛双星,36.43,True,4.46,4.35,6,3.7,-10.96,-4.05,2.49,0.0598,2026-07-22,2026-07-23,51.94,0.4865,0.0053,0.3581,0.494,0.932,0.4032,0.3371,-0.6781,0.1609,多周期共振看空 ⬇⬇⬇,-0.2406,-0.7215,-0.5625
002322,理工能科,35.42,True,10.08,9.94,6,3.49,-9.27,-2.68,1.41,0.1033,2026-07-22,2026-07-23,47.6,0.4115,-0.0751,0.2888,0.4168,0.8355,0.5186,0.3364,-0.6414,0.1793,多周期共振看空 ⬇⬇⬇,-0.1887,-0.6854,-0.5625
002373,千方科技,101.94,True,7.4,7.2,5,3.57,-6.45,-2.27,2.78,0.1503,2026-07-17,2026-07-23,55.21,0.3886,-0.3326,0.3408,0.3001,0.9954,0.432,0.3358,-0.6948,0.1526,多周期共振看空 ⬇⬇⬇,-0.2502,-0.75,-0.5625
003026,中晶科技,39.83,True,27.55,35.91,10,27.43,-28.9,-1.71,-23.29,0.0,2026-07-23,2026-07-23,33.46,0.8874,-0.3777,1.0044,0.5814,0.5213,0.0,0.335,0.1245,0.5623,上升趋势中的日线回调（关注买点）,-0.3275,0.2493,0.45
002074,国轩高科,491.5,True,28.3,26.6,5,6.66,-11.16,-4.7,6.4,0.1221,2026-07-16,2026-07-23,59.11,0.4145,0.0621,0.4283,0.4735,0.9087,0.2862,0.3345,-0.6936,0.1532,多周期共振看空 ⬇⬇⬇,-0.3119,-0.6946,-0.5625
002677,浙江美大,34.8,True,6.31,6.22,7,27.81,-15.04,-3.64,1.52,0.0585,2026-07-07,2026-07-23,57.11,0.3342,2.2513,0.9367,0.6005,0.953,0.0,0.3342,-0.571,0.2145,多周期共振看空 ⬇⬇⬇,-0.2468,-0.5483,-0.495
002025,航天电器,300.19,True,66.14,76.03,14,32.51,-16.24,6.81,-13.01,0.0676,2026-07-23,2026-07-23,32.41,0.5483,-0.0818,0.7862,0.4962,0.498,0.0,0.3333,0.1128,0.5564,多周期方向不一致，观望,0.1097,-0.1605,0.5625
000021,深科技,615.34,True,39.09,50.54,14,46.22,-32.56,6.37,-22.66,0.0,2026-07-23,2026-07-23,30.38,0.6618,-0.2492,1.1609,0.4974,0.4528,0.0,0.3327,0.3221,0.6611,上升趋势中的日线回调（关注买点）,-0.1676,0.664,0.5625
002938,鹏鼎控股,2024.51,True,87.61,97.45,4,4.75,-14.42,-5.91,-10.1,0.0,2026-07-23,2026-07-23,41.01,0.6734,-0.5903,0.8089,0.404,0.6891,0.0,0.3326,0.1872,0.5936,上升趋势中的日线回调（关注买点）,-0.4678,0.4678,0.5625
002475,立讯精密,4482.21,True,61.19,62.32,3,7.57,-11.52,-4.94,-1.81,0.0,2026-07-23,2026-07-23,44.2,0.8292,-0.5314,0.7715,0.4975,0.7601,0.0,0.3321,-0.0513,0.4743,月线看多，中短期调整中,-0.5893,-0.1894,0.45
002191,劲嘉股份,51.34,True,3.66,3.76,5,9.09,-5.1,-2.01,-2.63,0.0113,2026-07-23,2026-07-23,30.91,0.878,-0.7389,0.2895,0.5268,0.4646,0.5175,0.3315,-0.1893,0.4053,多周期方向不一致，观望,-0.3026,-0.1225,-0.45
002011,盾安环境,112.31,True,10.58,10.35,4,2.5,-9.49,-2.67,2.19,0.1131,2026-07-22,2026-07-23,46.09,0.3494,0.096,0.3967,0.448,0.802,0.3389,0.3313,-0.571,0.2145,多周期共振看空 ⬇⬇⬇,-0.2028,-0.5187,-0.5625
002705,新宝股份,91.5,True,11.33,11.3,9,2.46,-8.62,-1.51,0.29,0.1656,2026-07-22,2026-07-23,42.64,-0.0546,-0.2071,0.2599,0.1172,0.7253,0.5668,0.3308,-0.2624,0.3688,多周期方向不一致，观望,-0.0965,-0.5083,-0.5625
000541,佛山照明,59.86,True,4.9,5.05,9,9.77,-4.9,0.33,-3.05,0.1054,2026-07-23,2026-07-23,31.52,0.7535,-0.6117,0.3128,0.4521,0.4783,0.4786,0.3293,-0.2991,0.3505,多周期方向不一致，观望,-0.1392,-0.6331,-0.5625
002053,云南能投,88.21,True,9.58,9.45,7,5.21,-18.54,-4.53,1.34,0.0317,2026-07-15,2026-07-23,50.19,0.4711,0.3811,0.7104,0.6351,0.8931,0.0,0.329,-0.5316,0.2342,多周期共振看空 ⬇⬇⬇,-0.1599,-0.4688,-0.5625
600268,国电南自,118.41,True,11.66,10.97,1,6.26,-11.9,-5.84,6.26,0.0561,2026-07-22,2026-07-23,49.16,-0.0012,2.1181,0.5297,0.4,0.8701,0.1171,0.3288,-0.2823,0.3589,月线震荡，中短期走弱,-0.5189,-0.5348,0.0305
002827,高争民爆,70.24,True,25.45,24.0,4,6.06,-9.91,-3.96,6.06,0.1331,2026-07-22,2026-07-23,54.42,0.3595,0.0468,0.4792,0.4344,0.9872,0.2014,0.3286,-0.7316,0.1342,多周期共振看空 ⬇⬇⬇,-0.3447,-0.75,-0.5625
001389,广合科技,244.53,True,160.5,189.37,9,23.25,-17.71,-1.78,-15.24,0.0,2026-07-23,2026-07-23,34.16,0.5508,0.1268,1.0643,0.5812,0.5369,0.0,0.3285,0.0539,0.527,多周期方向不一致，观望,-0.2622,0.0117,0.45
600328,中盐化工,92.38,True,6.3,6.08,3,3.6,-8.66,-4.0,3.6,0.0832,2026-07-21,2026-07-23,54.62,0.3036,-0.1823,0.3028,0.3092,0.9915,0.4953,0.3274,-0.6614,0.1693,多周期共振看空 ⬇⬇⬇,-0.2972,-0.7038,-0.495
002145,钛能化学,169.39,True,4.45,4.5,9,11.88,-8.38,-0.59,-1.07,0.1019,2026-07-23,2026-07-23,41.3,0.8808,-0.5099,0.4876,0.5285,0.6957,0.1874,0.3265,-0.4627,0.2686,多周期共振看空 ⬇⬇⬇,-0.2307,-0.2566,-0.5625
600075,新疆天业,77.88,True,4.56,4.26,7,7.08,-13.71,-3.48,7.08,0.2014,2026-07-14,2026-07-23,59.75,-0.267,-0.1887,0.524,0.1245,0.8945,0.1267,0.3263,-0.2466,0.3767,多周期方向不一致，观望,-0.0928,-0.6669,-0.3375
003004,声迅股份,39.6,True,57.61,72.89,16,19.5,-23.08,1.93,-20.96,0.0,2026-07-23,2026-07-23,34.6,0.5065,-0.725,0.959,0.3039,0.5466,0.0,0.3259,0.4647,0.7324,上升趋势中的日线整理,-0.123,0.75,0.5625
002101,广东鸿图,56.69,True,8.56,9.02,18,8.15,-5.96,2.72,-5.1,0.2619,2026-07-23,2026-07-23,38.76,0.0791,-0.7582,0.2869,0.0474,0.639,0.5218,0.3259,-0.2816,0.3592,多周期方向不一致，观望,-0.0386,-0.6423,-0.5625
000555,神州信息,103.8,True,10.65,10.07,3,6.49,-11.27,-6.03,5.81,0.0423,2026-07-20,2026-07-23,55.03,0.4773,0.434,0.5694,0.66,0.9994,0.0509,0.3254,-0.7943,0.1028,多周期共振看空 ⬇⬇⬇,-0.5053,-0.75,-0.5625
002724,海洋王,28.16,True,4.96,4.88,5,2.01,-7.72,-3.0,1.69,0.1091,2026-07-22,2026-07-23,45.14,0.5655,-0.136,0.357,0.4849,0.7809,0.405,0.3251,-0.6977,0.1512,多周期共振看空 ⬇⬇⬇,-0.2793,-0.7315,-0.5625
002129,TCL中环,357.91,True,8.86,10.28,10,18.65,-16.04,-1.19,-13.77,0.0,2026-07-23,2026-07-23,34.69,0.9323,-0.4576,0.7774,0.5763,0.5486,0.0,0.3243,0.0136,0.5068,多周期方向不一致，观望,-0.1407,0.0241,0.1563
000822,山东海化,37.95,True,4.24,4.05,1,4.69,-10.34,-5.11,4.69,0.0351,2026-07-22,2026-07-23,55.56,0.277,0.2536,0.3599,0.4677,0.9877,0.4002,0.323,-0.7542,0.1229,多周期共振看空 ⬇⬇⬇,-0.4566,-0.7038,-0.5625
600104,上汽集团,1219.65,True,10.61,10.15,7,5.05,-12.06,-2.61,4.55,0.16,2026-07-14,2026-07-23,61.9,0.0514,-0.4903,0.262,0.0347,0.8466,0.5634,0.3223,-0.3275,0.3362,多周期方向不一致，观望,-0.148,-0.75,-0.5625
002358,森源电气,51.14,True,5.5,5.31,1,3.61,-9.9,-5.93,3.61,0.0279,2026-07-22,2026-07-23,46.67,0.3981,1.8337,0.4643,0.6388,0.8148,0.2261,0.3213,-0.6771,0.1614,多周期共振看空 ⬇⬇⬇,-0.625,-0.615,-0.3375
002261,拓维信息,321.02,True,28.01,29.23,9,10.92,-8.56,-0.69,-4.18,0.0214,2026-07-23,2026-07-23,46.7,0.7366,0.1383,0.7561,0.6973,0.8156,0.0,0.3204,-0.5823,0.2088,多周期共振看空 ⬇⬇⬇,-0.2385,-0.5129,-0.5625
000818,航锦科技,85.04,True,12.92,13.73,12,14.41,-10.47,1.3,-5.89,0.0763,2026-07-23,2026-07-23,35.59,0.6466,0.4387,0.7199,0.7634,0.5687,0.0,0.3204,-0.5239,0.238,多周期共振看空 ⬇⬇⬇,-0.1518,-0.4588,-0.5625
000630,铜陵有色,702.01,True,6.3,6.13,2,2.82,-12.18,-6.69,2.82,0.0,2026-07-22,2026-07-23,45.93,0.8515,-0.4344,0.5088,0.5372,0.7985,0.152,0.3203,-0.3766,0.3117,多周期共振看空 ⬇⬇⬇,-0.2289,-0.351,-0.2805
002103,广博股份,23.68,True,6.1,6.02,6,4.39,-11.1,-2.57,1.29,0.0866,2026-07-22,2026-07-23,48.05,0.4012,-0.0569,0.3353,0.418,0.8456,0.4412,0.32,-0.6844,0.1578,多周期共振看空 ⬇⬇⬇,-0.2237,-0.75,-0.5625
002233,塔牌集团,84.97,True,7.24,7.37,9,4.5,-7.98,-1.54,-1.82,0.0967,2026-07-23,2026-07-23,42.39,0.1174,0.6397,0.3412,0.4705,0.7198,0.4314,0.3199,-0.6344,0.1828,多周期共振看空 ⬇⬇⬇,-0.2065,-0.7223,-0.495
002175,*ST东智,31.66,True,2.48,2.54,12,19.98,-16.6,2.45,-2.42,0.1917,2026-07-23,2026-07-23,44.88,0.3548,-0.4096,0.7039,0.2491,0.7752,0.0,0.3192,-0.2349,0.3826,多周期方向不一致，观望,-0.0598,-0.4187,-0.5625
000723,美锦能源,160.42,True,3.65,3.42,5,6.85,-14.98,-5.92,6.85,0.1028,2026-07-17,2026-07-23,63.21,0.3376,0.1714,0.3843,0.4711,0.8176,0.3596,0.319,-0.7177,0.1411,多周期共振看空 ⬇⬇⬇,-0.3089,-0.75,-0.5625
002093,国脉科技,65.59,True,6.51,6.35,4,2.59,-10.1,-4.13,2.59,0.0677,2026-07-20,2026-07-23,51.31,0.2494,0.2741,0.3971,0.4593,0.918,0.3382,0.3188,-0.7189,0.1406,多周期共振看空 ⬇⬇⬇,-0.3122,-0.75,-0.5625
000792,盐湖股份,1459.4,True,27.58,27.14,5,3.3,-15.82,-6.15,1.62,0.0,2026-07-22,2026-07-23,40.9,0.3632,0.3551,0.4834,0.56,0.6866,0.1944,0.3182,-0.33,0.335,月线震荡，中短期走弱,-0.5005,-0.6098,-0.0703
002539,云图控股,101.44,True,11.4,10.72,3,6.38,-14.15,-5.87,6.38,0.0605,2026-07-22,2026-07-23,53.86,0.2058,0.3415,0.5521,0.4601,0.9747,0.0798,0.318,-0.5709,0.2146,多周期共振看空 ⬇⬇⬇,-0.3954,-0.5783,-0.3375
600100,同方股份,236.2,True,7.05,6.75,3,4.43,-10.13,-2.68,4.43,0.1329,2026-07-21,2026-07-23,57.07,0.3414,-0.1367,0.4453,0.3501,0.9541,0.2578,0.3177,-0.689,0.1555,多周期共振看空 ⬇⬇⬇,-0.2894,-0.7038,-0.5625
002566,益盛药业,14.83,True,6.4,6.24,5,5.95,-8.98,-3.04,2.64,0.0907,2026-07-22,2026-07-23,49.04,0.3155,1.0805,0.5675,0.5893,0.8676,0.0542,0.3175,-0.7052,0.1474,多周期共振看空 ⬇⬇⬇,-0.376,-0.6652,-0.5625
000691,亚太实业,31.32,True,9.69,11.05,9,34.52,-16.79,0.9,-12.32,0.0,2026-07-23,2026-07-23,31.35,0.657,-0.3643,0.621,0.4485,0.4744,0.0,0.3164,0.2442,0.6221,上升趋势中的日线回调（关注买点）,-0.4088,0.6087,0.5625
001288,运机集团,38.23,True,25.17,23.71,5,8.9,-14.0,-3.76,6.14,0.1389,2026-07-20,2026-07-23,49.27,0.3968,-0.0064,0.7558,0.4355,0.8727,0.0,0.3162,-0.5479,0.226,多周期共振看空 ⬇⬇⬇,-0.2432,-0.5008,-0.495
002925,盈趣科技,149.28,True,20.42,22.28,8,13.11,-17.74,-0.8,-8.35,0.0,2026-07-23,2026-07-23,36.84,0.6529,-0.6203,0.7897,0.3918,0.5965,0.0,0.3156,0.1819,0.5909,上升趋势中的日线回调（关注买点）,-0.2412,0.3683,0.45
600160,巨化股份,1102.31,True,40.83,45.63,9,23.63,-19.44,0.07,-10.52,0.0,2026-07-23,2026-07-23,28.61,0.8792,-0.6434,0.6844,0.5275,0.4137,0.0,0.3155,0.1839,0.5919,上升趋势中的日线回调（关注买点）,-0.3622,0.3661,0.5625
002319,乐通股份,23.31,True,11.13,10.58,8,5.21,-14.4,-2.73,5.21,0.1893,2026-07-20,2026-07-23,49.22,-0.1409,0.8357,0.669,0.4,0.8716,0.0,0.3153,-0.6177,0.1911,多周期共振看空 ⬇⬇⬇,-0.1947,-0.6283,-0.5625
000738,航发控制,237.79,True,18.08,17.53,2,3.13,-7.34,-3.32,3.13,0.0919,2026-07-22,2026-07-23,43.92,0.4723,-0.0418,0.4673,0.4667,0.7538,0.2212,0.3145,-0.5329,0.2335,多周期共振看空 ⬇⬇⬇,-0.252,-0.6176,-0.3375
002059,云南旅游,42.27,True,4.3,4.28,5,2.64,-7.08,-1.79,0.54,0.124,2026-07-22,2026-07-23,46.51,0.3624,-0.3896,0.2457,0.2616,0.8114,0.5906,0.3138,-0.6516,0.1742,多周期共振看空 ⬇⬇⬇,-0.1502,-0.7408,-0.5625
002777,久远银海,49.84,True,12.32,12.2,5,2.91,-10.59,-3.78,1.0,0.0413,2026-07-17,2026-07-23,49.43,0.5129,-0.0542,0.3664,0.4861,0.8761,0.3894,0.3137,-0.73,0.135,多周期共振看空 ⬇⬇⬇,-0.3405,-0.75,-0.5625
002095,生 意 宝,33.38,True,13.26,13.04,7,2.9,-7.06,-2.04,1.67,0.1612,2026-07-14,2026-07-23,52.48,0.3496,-0.6628,0.3527,0.2098,0.9439,0.4122,0.3134,-0.6779,0.1611,多周期共振看空 ⬇⬇⬇,-0.2069,-0.75,-0.5625
600201,生物股份,128.14,True,11.56,11.93,10,6.1,-5.51,-0.18,-3.13,0.1289,2026-07-23,2026-07-23,37.62,0.6381,-0.3566,0.3977,0.4402,0.6139,0.3372,0.3131,-0.5154,0.2423,多周期共振看空 ⬇⬇⬇,-0.2344,-0.5944,-0.3375
002160,常铝股份,38.76,True,3.76,3.64,1,3.27,-16.39,-8.99,3.27,0.0,2026-07-22,2026-07-23,48.62,0.8354,-0.3378,0.4155,0.5661,0.8583,0.3074,0.311,-0.6941,0.1529,多周期共振看空 ⬇⬇⬇,-0.616,-0.5025,-0.495
000812,陕西金叶,24.79,True,3.28,3.2,7,4.79,-10.08,-3.09,2.42,0.1131,2026-07-22,2026-07-23,51.85,0.3682,-0.387,0.3349,0.2661,0.93,0.4418,0.3102,-0.6851,0.1574,多周期共振看空 ⬇⬇⬇,-0.2254,-0.75,-0.5625
002463,沪电股份,2225.46,True,115.74,131.83,6,13.37,-15.45,-3.26,-12.21,0.0,2026-07-23,2026-07-23,38.17,0.3608,-0.3207,0.9463,0.2882,0.6261,0.0,0.3094,0.263,0.6315,上升趋势中的日线回调（关注买点）,-0.3958,0.6608,0.5625
002084,海鸥住工,21.59,True,3.35,3.56,17,7.57,-9.89,2.06,-5.9,0.1745,2026-07-23,2026-07-23,39.37,0.2116,-0.2328,0.4722,0.2338,0.6527,0.2131,0.3093,-0.2723,0.3639,多周期方向不一致，观望,-0.0572,-0.5852,-0.5625
002521,齐峰新材,29.05,True,6.93,6.89,9,5.41,-9.45,-2.0,0.57,0.112,2026-07-22,2026-07-23,43.55,0.2595,1.2911,0.5897,0.5557,0.7455,0.0172,0.309,-0.5944,0.2028,多周期共振看空 ⬇⬇⬇,-0.2878,-0.4971,-0.5625
000503,国新健康,62.96,True,6.43,6.4,4,5.32,-10.4,-3.58,0.53,0.0069,2026-07-22,2026-07-23,52.88,0.5464,-0.0812,0.4412,0.4954,0.9529,0.2647,0.3088,-0.6936,0.1532,多周期共振看空 ⬇⬇⬇,-0.258,-0.7408,-0.5625
002859,洁美科技,260.46,True,60.81,81.86,8,27.56,-34.11,-7.8,-25.72,0.0,2026-07-23,2026-07-23,22.04,0.7719,-0.2137,0.9988,0.5777,0.2675,0.0,0.3082,0.22,0.61,上升趋势中的日线回调（关注买点）,-0.4095,0.6406,0.45
000629,钒钛股份,291.72,True,3.14,3.18,7,8.85,-8.05,-1.93,-1.38,0.0418,2026-07-23,2026-07-23,37.04,0.8211,-0.4293,0.4447,0.521,0.6008,0.2589,0.3081,-0.3968,0.3016,多周期共振看空 ⬇⬇⬇,-0.168,-0.3906,-0.3375
002609,捷顺科技,33.54,True,7.31,7.36,5,2.36,-4.83,-1.46,-0.65,0.1192,2026-07-23,2026-07-23,44.26,0.6012,-0.5498,0.322,0.3607,0.7614,0.4633,0.3078,-0.6852,0.1574,多周期共振看空 ⬇⬇⬇,-0.258,-0.7223,-0.5625
002571,德力股份,30.58,True,10.25,10.28,1,0.47,-10.98,-5.3,-0.25,0.0,2026-07-23,2026-07-23,49.13,0.4452,-0.5328,0.4313,0.2671,0.8697,0.2812,0.3077,-0.2341,0.383,月线震荡，中短期走弱,-0.4232,-0.4961,0.0721
002340,格林美,338.06,True,6.66,6.51,1,2.3,-10.01,-5.22,2.3,0.0042,2026-07-22,2026-07-23,51.97,0.5888,-0.3792,0.3685,0.4016,0.9327,0.3859,0.3076,-0.6198,0.1901,多周期共振看空 ⬇⬇⬇,-0.408,-0.5175,-0.495
600081,东风科技,52.37,True,9.47,9.32,5,3.08,-11.19,-3.82,1.55,0.0417,2026-07-22,2026-07-23,45.0,0.5837,-0.1173,0.3978,0.5033,0.7778,0.337,0.3076,-0.6471,0.1764,多周期共振看空 ⬇⬇⬇,-0.3036,-0.5994,-0.5625
002030,达安基因,74.38,True,5.3,5.15,7,4.4,-14.56,-3.45,3.0,0.1002,2026-07-21,2026-07-23,52.78,0.28,-0.3951,0.3906,0.2099,0.9506,0.3489,0.307,-0.54,0.23,多周期共振看空 ⬇⬇⬇,-0.1756,-0.4738,-0.5625
600271,航天信息,124.88,True,6.74,6.59,4,2.22,-8.12,-3.18,2.22,0.1056,2026-07-20,2026-07-23,49.44,0.3542,-0.0898,0.3957,0.3766,0.8765,0.3406,0.3062,-0.7309,0.1346,多周期共振看空 ⬇⬇⬇,-0.3535,-0.7408,-0.5625
000338,潍柴动力,1387.29,True,27.99,27.15,3,3.55,-12.43,-4.82,3.1,0.0158,2026-07-22,2026-07-23,49.41,-0.0421,0.1296,0.7151,0.2518,0.8759,0.0,0.3061,-0.0428,0.4786,月线看多，中短期调整中,-0.3542,-0.2379,0.3375
000066,中国长城,485.77,True,15.06,17.38,11,17.08,-19.87,-1.22,-13.32,0.0,2026-07-23,2026-07-23,39.55,0.7877,-0.4085,0.7788,0.5092,0.6567,0.0,0.3059,-0.1558,0.4221,月线震荡，中短期走弱,-0.4324,-0.1998,0.0466
002281,光迅科技,1485.59,True,190.47,216.72,7,17.95,-25.21,-4.93,-12.11,0.0,2026-07-23,2026-07-23,42.2,0.0647,-0.0714,1.0841,0.2102,0.7156,0.0,0.3059,0.2519,0.626,上升趋势中的日线回调（关注买点）,-0.4048,0.6313,0.5625
000920,沃顿科技,56.71,True,12.0,13.37,10,19.8,-19.08,-2.48,-10.23,0.0,2026-07-23,2026-07-23,42.69,0.3559,-0.2124,1.0939,0.3286,0.7265,0.0,0.3058,0.0488,0.5244,多周期方向不一致，观望,-0.2697,0.3787,0.0671
600222,太龙药业,39.44,True,7.05,7.42,7,6.58,-15.43,-2.35,-5.04,0.0,2026-07-23,2026-07-23,34.64,0.6469,-0.2633,0.7164,0.4828,0.5476,0.0,0.3056,0.0153,0.5077,多周期方向不一致，观望,-0.3322,-0.098,0.45
002833,弘亚数控,48.27,True,16.47,17.25,8,7.56,-10.66,-2.95,-4.5,0.0,2026-07-23,2026-07-23,28.06,0.8234,0.0632,0.5763,0.7193,0.4012,0.0395,0.3055,-0.2201,0.39,月线震荡，中短期走弱,-0.4866,-0.2165,-0.1062
000831,中国稀土,528.28,True,49.78,49.92,2,5.45,-18.17,-7.12,-0.27,0.0,2026-07-23,2026-07-23,37.7,0.7783,-0.6621,0.5302,0.467,0.6156,0.1163,0.3054,-0.1355,0.4323,月线震荡，中短期走弱,-0.2262,-0.2217,-0.04
002668,TCL智家,104.73,True,9.66,10.52,16,12.8,-8.19,2.6,-8.19,0.1146,2026-07-23,2026-07-23,24.48,0.4439,-0.6714,0.4354,0.2663,0.3218,0.2743,0.3053,0.1357,0.5678,多周期方向不一致，观望,0.0648,0.5569,-0.0161
000698,ST沈化,24.91,True,3.17,3.14,9,5.3,-10.01,-1.3,0.96,0.148,2026-07-22,2026-07-23,36.76,0.3705,-0.5134,0.383,0.2223,0.5948,0.3616,0.3046,-0.2771,0.3614,多周期方向不一致，观望,-0.0693,-0.5962,-0.5625
000710,贝瑞基因,25.8,True,7.83,7.77,9,6.79,-9.57,-1.64,0.76,0.1547,2026-07-22,2026-07-23,46.43,0.5089,-0.3875,0.5311,0.3503,0.8095,0.1149,0.3046,-0.5585,0.2208,多周期共振看空 ⬇⬇⬇,-0.1552,-0.5319,-0.5625
002245,蔚蓝锂芯,273.44,True,17.02,19.01,8,9.7,-20.42,-4.94,-10.46,0.0,2026-07-23,2026-07-23,39.51,0.6167,-0.5193,1.0189,0.37,0.6557,0.0,0.3043,0.0558,0.5279,多周期方向不一致，观望,-0.3958,0.0221,0.5625
000545,金浦钛业,24.34,True,2.47,2.53,10,7.75,-6.11,0.06,-2.27,0.1229,2026-07-23,2026-07-23,50.62,0.63,-0.7667,0.6599,0.378,0.9026,0.0,0.304,-0.5508,0.2246,多周期共振看空 ⬇⬇⬇,-0.2632,-0.49,-0.495
000960,锡业股份,540.2,True,32.83,36.62,7,16.44,-24.42,-6.81,-10.35,0.0,2026-07-23,2026-07-23,32.73,0.8708,-0.7125,0.7321,0.5225,0.5051,0.0,0.3033,-0.016,0.492,多周期方向不一致，观望,-0.5333,-0.0633,0.45
002348,高乐股份,91.62,True,10.14,10.44,2,1.8,-18.35,-7.92,-2.86,0.0,2026-07-23,2026-07-23,46.64,-0.4795,0.2536,0.738,0.3014,0.8143,0.0,0.3029,-0.0359,0.482,月线看多，中短期调整中,-0.5129,-0.1813,0.45
001314,亿道信息,59.13,True,47.65,57.59,15,9.15,-19.44,0.15,-17.26,0.0,2026-07-23,2026-07-23,30.57,-0.0173,1.7949,0.7609,0.4,0.457,0.0,0.3027,0.2333,0.6167,上升趋势中的日线回调（关注买点）,-0.2024,0.6453,0.3124
600089,XD特变电,1087.87,True,21.53,20.43,1,5.37,-12.94,-7.35,5.37,0.0,2026-07-22,2026-07-23,49.04,0.1518,0.4784,0.451,0.4824,0.8675,0.2483,0.3027,-0.5903,0.2048,多周期共振看空 ⬇⬇⬇,-0.556,-0.6347,-0.1861
002391,长青股份,23.85,True,5.14,5.08,6,2.44,-6.19,-1.12,1.15,0.1733,2026-07-22,2026-07-23,42.35,-0.2932,-0.038,0.3029,0.1848,0.719,0.4952,0.3025,-0.5506,0.2247,多周期共振看空 ⬇⬇⬇,-0.1839,-0.5575,-0.495
000060,中金岭南,285.56,True,6.43,6.73,3,5.68,-17.97,-7.74,-4.43,0.0,2026-07-23,2026-07-23,36.19,0.8282,-0.7411,0.528,0.4969,0.5821,0.12,0.3025,-0.1696,0.4152,月线震荡，中短期走弱,-0.4903,-0.1905,0.0408
002265,建设工业,181.61,True,17.58,17.04,1,3.15,-11.53,-6.33,3.15,0.0,2026-07-22,2026-07-23,43.59,0.4851,2.3872,0.5531,0.6911,0.7464,0.0782,0.3022,-0.6463,0.1769,多周期共振看空 ⬇⬇⬇,-0.3994,-0.5157,-0.5625
000039,中集集团,196.54,True,8.54,7.99,2,6.86,-12.11,-6.72,6.86,0.045,2026-07-21,2026-07-23,55.34,0.2597,0.131,0.5309,0.4082,0.9924,0.1151,0.3019,-0.6286,0.1857,多周期共振看空 ⬇⬇⬇,-0.5402,-0.581,-0.3375
002213,大为股份,57.65,True,27.89,31.39,2,5.53,-31.8,-11.59,-11.14,0.0,2026-07-23,2026-07-23,35.86,0.2439,0.3964,1.0307,0.5049,0.5746,0.0,0.3019,-0.0821,0.4589,月线看多，中短期调整中,-0.693,-0.2471,0.45
000677,ST海龙,13.82,True,1.6,1.63,5,21.18,-20.44,-4.48,-1.63,0.0,2026-07-23,2026-07-23,49.26,0.7375,0.1848,0.982,0.7164,0.8725,0.0,0.3013,-0.7831,0.1084,多周期共振看空 ⬇⬇⬇,-0.4983,-0.7315,-0.5625
002752,昇兴股份,56.58,True,5.8,5.93,8,5.39,-10.16,-2.09,-2.2,0.0487,2026-07-23,2026-07-23,47.4,0.4762,-0.3206,0.4394,0.3575,0.8311,0.2677,0.3012,-0.4906,0.2547,多周期共振看空 ⬇⬇⬇,-0.4802,-0.3966,-0.27
600006,东风股份,106.6,True,5.33,5.24,5,1.68,-9.94,-3.78,1.68,0.064,2026-07-22,2026-07-23,50.82,-0.0537,0.1465,0.297,0.2586,0.9071,0.5049,0.3009,-0.6525,0.1738,多周期共振看空 ⬇⬇⬇,-0.253,-0.6548,-0.5625
000409,云鼎科技,49.13,True,8.32,8.23,1,1.14,-9.8,-4.35,1.14,0.0,2026-07-22,2026-07-23,46.2,0.3375,0.1921,0.3222,0.4794,0.8044,0.4631,0.3008,-0.6961,0.1519,多周期共振看空 ⬇⬇⬇,-0.4773,-0.5583,-0.5625
002291,遥望科技,41.89,True,4.82,4.82,5,2.99,-10.76,-4.84,0.02,0.0,2026-07-22,2026-07-23,47.26,0.5022,-0.0106,0.368,0.4971,0.828,0.3866,0.3,-0.6981,0.1509,多周期共振看空 ⬇⬇⬇,-0.336,-0.6837,-0.5625
000789,万年青,31.26,True,3.92,3.91,5,3.7,-9.75,-2.91,0.23,0.0527,2026-07-22,2026-07-23,48.68,0.2183,0.0253,0.2844,0.3411,0.8596,0.526,0.2989,-0.7333,0.1334,多周期共振看空 ⬇⬇⬇,-0.349,-0.75,-0.5625
002028,思源电气,1005.39,True,164.6,160.92,1,2.28,-13.5,-6.82,2.28,0.0,2026-07-22,2026-07-23,48.52,-0.1199,0.481,0.7086,0.3924,0.8561,0.0,0.2988,-0.2643,0.3679,月线震荡，中短期走弱,-0.4112,-0.6485,0.1125
002339,积成电子,33.7,True,7.04,6.7,1,5.1,-12.46,-7.12,5.1,0.0063,2026-07-22,2026-07-23,48.37,0.264,2.8726,0.4869,0.5584,0.8527,0.1884,0.2988,-0.6924,0.1538,多周期共振看空 ⬇⬇⬇,-0.5605,-0.7038,-0.3375
002237,恒邦股份,157.87,True,13.24,13.15,8,7.66,-10.18,-2.49,0.67,0.0817,2026-07-22,2026-07-23,43.4,0.6692,-0.453,0.555,0.4203,0.7421,0.075,0.2987,-0.4299,0.2851,多周期共振看空 ⬇⬇⬇,-0.152,-0.477,-0.3375
002747,埃斯顿,244.97,True,31.31,39.32,15,30.12,-20.37,5.52,-20.37,0.0,2026-07-23,2026-07-23,29.28,0.4402,-0.3214,1.1033,0.3355,0.4284,0.0,0.2971,0.3261,0.6631,上升趋势中的日线回调（关注买点）,-0.1553,0.6669,0.5625
003043,华亚智能,61.2,True,65.09,85.99,13,30.27,-31.66,1.61,-24.31,0.0,2026-07-23,2026-07-23,23.97,0.3332,0.0941,1.0684,0.4375,0.3105,0.0,0.2964,0.2984,0.6492,上升趋势中的日线回调（关注买点）,-0.2062,0.7298,0.45
002108,沧州明珠,70.2,True,4.26,4.16,5,2.34,-10.8,-4.93,2.34,0.0315,2026-07-22,2026-07-23,51.05,0.3464,-0.2341,0.49,0.3142,0.9122,0.1833,0.2958,-0.4531,0.2734,多周期共振看空 ⬇⬇⬇,-0.3699,-0.3803,-0.2985
002203,海亮股份,414.78,True,18.75,19.82,4,13.89,-19.43,-7.04,-5.38,0.0,2026-07-23,2026-07-23,34.81,0.6789,-0.6184,0.7311,0.4074,0.5512,0.0,0.2953,0.0491,0.5245,多周期方向不一致，观望,-0.4076,0.0025,0.5625
002580,圣阳股份,72.96,True,16.13,18.19,4,12.84,-24.52,-10.57,-11.3,0.0,2026-07-23,2026-07-23,26.55,0.9144,-0.3307,0.8321,0.6164,0.3677,0.0,0.2941,-0.0744,0.4628,月线看多，中短期调整中,-0.5722,-0.314,0.45
001386,马可波罗,15.69,True,14.59,14.38,2,1.5,-8.02,-3.85,1.5,0.0343,2026-07-22,2026-07-23,47.77,-0.0876,0.0525,0.3267,0.221,0.8394,0.4555,0.2937,-0.4576,0.2712,周线日线共振看空,-0.3012,-0.45,
002474,榕基软件,30.62,True,5.79,5.69,1,1.84,-15.78,-7.7,1.84,0.0,2026-07-22,2026-07-23,47.77,0.2933,0.3406,0.3593,0.5122,0.8393,0.4012,0.2931,-0.8025,0.0988,多周期共振看空 ⬇⬇⬇,-0.616,-0.6733,-0.5625
002165,红 宝 丽,47.22,True,6.49,6.01,2,8.07,-18.27,-8.59,8.07,0.0187,2026-07-22,2026-07-23,54.23,0.5721,-0.2534,0.7364,0.4419,0.9829,0.0,0.293,-0.5876,0.2062,多周期共振看空 ⬇⬇⬇,-0.3613,-0.4867,-0.495
002950,奥美医疗,38.24,True,8.9,9.03,6,9.67,-6.28,-1.34,-1.46,0.0621,2026-07-23,2026-07-23,40.0,0.8147,-0.6869,0.5026,0.4888,0.6667,0.1624,0.293,-0.5169,0.2415,多周期共振看空 ⬇⬇⬇,-0.3251,-0.5198,-0.3375
002957,科瑞技术,157.51,True,37.62,44.48,1,4.13,-31.01,-13.51,-15.43,0.0,2026-07-23,2026-07-23,34.55,0.5398,-0.1724,0.9341,0.455,0.5456,0.0,0.2928,-0.04,0.48,多周期方向不一致，观望,-0.6885,-0.0356,0.45
001396,誉帆科技,7.16,True,31.51,33.75,0,-1.66,-13.92,-8.87,-6.64,0.0,2026-07-23,2026-07-23,29.0,0.3709,0.3155,0.4625,0.5488,0.4222,0.2292,0.2922,-0.2308,0.3846,周线日线方向不一致,-0.7695,0.0,
002614,奥佳华,20.17,True,4.57,4.56,6,4.25,-9.13,-2.48,0.23,0.0774,2026-07-22,2026-07-23,46.67,0.3252,-0.2659,0.284,0.2888,0.8148,0.5267,0.2911,-0.7183,0.1408,多周期共振看空 ⬇⬇⬇,-0.3106,-0.75,-0.5625
002787,华源控股,51.03,True,20.57,26.9,9,17.86,-25.9,-4.37,-23.53,0.0,2026-07-23,2026-07-23,22.18,0.6187,0.0298,0.8357,0.5831,0.2707,0.0,0.2907,0.0682,0.5341,多周期方向不一致，观望,-0.3567,0.0429,0.5625
002199,*ST东晶,24.78,True,10.73,11.54,1,1.33,-17.12,-7.55,-7.06,0.0,2026-07-23,2026-07-23,36.04,-0.0304,0.4875,0.7037,0.395,0.5786,0.0,0.2906,-0.0014,0.4993,多周期方向不一致，观望,-0.5082,-0.1329,0.5625
600150,中国船舶,2049.72,True,33.76,34.28,6,6.34,-8.0,-2.0,-1.51,0.0339,2026-07-23,2026-07-23,36.24,0.4086,-0.1458,0.5629,0.3868,0.5831,0.0618,0.2906,-0.1249,0.4375,月线震荡，中短期走弱,-0.3082,-0.1646,0.0088
000949,新乡化纤,99.88,True,6.03,5.88,5,7.46,-20.22,-6.96,2.6,0.0,2026-07-22,2026-07-23,44.9,-0.1012,0.4857,0.7318,0.3943,0.7757,0.0,0.2905,-0.2373,0.3813,月线震荡，中短期走弱,-0.3462,-0.4835,-0.0174
000665,湖北广电,42.53,True,3.74,3.71,5,2.88,-10.49,-4.01,0.73,0.0212,2026-07-22,2026-07-23,49.48,0.5164,-0.3443,0.3515,0.3721,0.8774,0.4142,0.2894,-0.7154,0.1423,多周期共振看空 ⬇⬇⬇,-0.3138,-0.7408,-0.5625
002585,双星新材,69.7,True,7.86,10.07,3,16.73,-31.61,-14.53,-21.99,0.0,2026-07-23,2026-07-23,29.56,0.8366,-0.5701,0.8735,0.502,0.4347,0.0,0.2893,-0.0101,0.495,多周期方向不一致，观望,-0.5475,-0.0252,0.45
000534,万泽股份,132.02,True,26.27,27.85,4,8.25,-16.71,-5.86,-5.68,0.0,2026-07-23,2026-07-23,31.48,0.4997,0.3444,0.7705,0.6376,0.4774,0.0,0.289,-0.2809,0.3596,月线震荡，中短期走弱,-0.53,-0.6023,0.1125
002826,易明医药,29.61,True,16.03,16.54,11,12.72,-6.66,0.28,-3.11,0.1043,2026-07-23,2026-07-23,32.55,0.683,-0.4105,0.7101,0.4456,0.501,0.0,0.2882,-0.2594,0.3703,多周期方向不一致，观望,-0.1208,-0.4741,-0.5625
002681,奋达科技,68.42,True,4.36,4.6,5,6.22,-10.57,-3.18,-5.3,0.0,2026-07-23,2026-07-23,41.82,0.6449,0.4462,0.6362,0.7654,0.7071,0.0,0.288,-0.769,0.1155,多周期共振看空 ⬇⬇⬇,-0.516,-0.6854,-0.5625
003009,中天火箭,87.23,True,52.97,57.53,9,8.22,-10.53,-1.45,-7.93,0.0,2026-07-23,2026-07-23,36.53,0.6599,0.0704,0.8855,0.6241,0.5896,0.0,0.286,-0.418,0.291,多周期共振看空 ⬇⬇⬇,-0.2976,-0.1686,-0.495
002125,湘潭电化,76.99,True,12.23,12.43,0,-1.65,-25.44,-15.96,-1.65,0.0,2026-07-23,2026-07-23,40.9,0.9097,-0.6263,0.5602,0.5458,0.6866,0.0664,0.2858,-0.4637,0.2681,多周期共振看空 ⬇⬇⬇,-0.4255,-0.1594,-0.495
002986,宇新股份,35.16,True,11.65,11.93,14,12.75,-8.91,0.81,-2.34,0.1877,2026-07-23,2026-07-23,41.8,0.2091,-0.6304,0.4071,0.1255,0.7066,0.3215,0.2854,-0.4731,0.2634,多周期共振看空 ⬇⬇⬇,-0.1884,-0.5408,-0.3375
002428,云南锗业,500.09,True,76.58,96.68,10,35.91,-34.82,-3.19,-20.79,0.0,2026-07-23,2026-07-23,30.61,0.6961,-0.5719,0.9412,0.4176,0.4579,0.0,0.2852,0.0638,0.5319,多周期方向不一致，观望,-0.3765,0.0406,0.5625
001301,尚太科技,143.57,True,55.2,55.92,4,3.47,-21.27,-8.15,-1.3,0.0,2026-07-23,2026-07-23,38.74,-0.4639,0.2923,0.7332,0.3169,0.6386,0.0,0.2845,0.003,0.5015,月线看多，中短期调整中,-0.3032,-0.1759,0.45
002510,天汽模,54.56,True,5.43,5.36,1,1.29,-15.05,-7.29,1.29,0.0,2026-07-22,2026-07-23,39.77,0.5529,0.2799,0.525,0.6437,0.6615,0.125,0.2844,-0.6481,0.1759,多周期共振看空 ⬇⬇⬇,-0.4137,-0.5074,-0.5625
000403,派林生物,91.25,True,9.7,9.35,7,7.79,-22.46,-7.6,3.69,0.0138,2026-07-14,2026-07-23,57.0,0.5342,-0.2393,0.505,0.4248,0.9556,0.1584,0.2842,-0.7125,0.1437,多周期共振看空 ⬇⬇⬇,-0.3407,-0.7113,-0.5625
002218,拓日新能,53.01,True,3.82,3.65,1,4.71,-12.06,-7.36,4.71,0.0,2026-07-22,2026-07-23,51.2,0.2221,0.4047,0.5315,0.4951,0.9156,0.1141,0.2836,-0.7134,0.1433,多周期共振看空 ⬇⬇⬇,-0.625,-0.6946,-0.3375
002897,意华股份,112.44,True,60.97,75.79,4,7.94,-28.21,-8.63,-19.55,0.0,2026-07-23,2026-07-23,34.26,0.4706,-0.2316,0.9423,0.3897,0.539,0.0,0.2835,-0.0024,0.4988,多周期方向不一致，观望,-0.4742,-0.054,0.45
002470,金正大,63.09,True,1.92,1.93,0,-0.75,-10.18,-6.4,-0.75,0.0,2026-07-23,2026-07-23,42.11,0.6168,-0.4856,0.5378,0.3758,0.7135,0.1037,0.2822,-0.2827,0.3587,月线震荡，中短期走弱,-0.437,-0.6006,0.025
000636,风华高科,499.95,True,43.21,58.82,6,24.44,-34.02,-8.97,-26.54,0.0,2026-07-23,2026-07-23,31.07,0.0739,0.1138,1.0649,0.2899,0.4683,0.0,0.2821,0.2311,0.6156,上升趋势中的日线回调（关注买点）,-0.465,0.6129,0.5625
002741,光华科技,96.11,True,22.35,29.97,7,20.91,-30.33,-8.28,-25.43,0.0,2026-07-23,2026-07-23,25.35,0.7634,-0.3999,0.8821,0.4981,0.3411,0.0,0.2814,0.0447,0.5223,多周期方向不一致，观望,-0.4687,0.1482,0.45
600110,诺德股份,158.6,True,9.14,12.64,9,16.23,-34.09,-9.01,-27.7,0.0,2026-07-23,2026-07-23,19.48,0.8088,-0.2061,0.9302,0.6028,0.2107,0.0,0.2805,0.0263,0.5131,多周期方向不一致，观望,-0.4268,0.0313,0.45
002132,恒星科技,59.33,True,4.24,5.08,11,12.22,-21.61,-3.95,-16.49,0.0,2026-07-23,2026-07-23,28.67,0.6403,-0.2958,0.7626,0.4659,0.4148,0.0,0.2805,0.0007,0.5003,多周期方向不一致，观望,-0.4215,-0.0856,0.45
002996,顺博合金,28.37,True,6.19,6.08,6,3.35,-9.15,-2.08,1.86,0.1364,2026-07-22,2026-07-23,49.11,0.0995,-0.2183,0.4201,0.1723,0.8692,0.2998,0.2799,-0.6468,0.1766,多周期共振看空 ⬇⬇⬇,-0.1702,-0.7131,-0.5625
000962,东方钽业,257.88,True,51.25,66.56,8,45.45,-32.3,-0.76,-23.0,0.0,2026-07-23,2026-07-23,24.66,0.8629,-0.68,0.9485,0.5178,0.3258,0.0,0.2797,0.0185,0.5092,多周期方向不一致，观望,-0.4005,-0.0252,0.45
001339,智微智能,123.61,True,76.35,91.54,13,26.67,-22.73,1.45,-16.6,0.0,2026-07-23,2026-07-23,28.63,-0.0514,0.1622,0.7617,0.2649,0.414,0.0,0.2796,0.3162,0.6581,上升趋势中的日线回调（关注买点）,-0.2467,0.7119,0.5625
002364,中恒电气,216.54,True,38.8,49.06,10,6.44,-26.3,-4.9,-20.92,0.0,2026-07-23,2026-07-23,31.43,0.5412,-0.3129,0.8616,0.3996,0.4762,0.0,0.2794,0.0243,0.5121,多周期方向不一致，观望,-0.426,0.0221,0.45
001312,福恩股份,9.88,True,17.29,18.1,2,0.72,-8.04,-4.85,-4.45,0.0,2026-07-23,2026-07-23,26.88,0.2608,-0.1778,0.3543,0.2854,0.3751,0.4094,0.2793,0.0,0.5,周线日线方向不一致,0.0,,
002526,山东矿机,45.69,True,2.58,2.55,1,1.04,-12.37,-5.49,1.04,0.0,2026-07-22,2026-07-23,41.89,0.4286,0.2734,0.3742,0.5665,0.7087,0.3763,0.2793,-0.8236,0.0882,多周期共振看空 ⬇⬇⬇,-0.5806,-0.75,-0.5625
000635,英 力 特,22.27,True,6.07,6.04,1,0.57,-9.88,-5.73,0.57,0.0,2026-07-22,2026-07-23,45.83,0.452,-0.1379,0.3224,0.416,0.7963,0.4626,0.2792,-0.7577,0.1211,多周期共振看空 ⬇⬇⬇,-0.4116,-0.75,-0.5625
002831,裕同科技,195.2,True,27.33,29.85,6,27.07,-21.12,-3.48,-8.45,0.0,2026-07-23,2026-07-23,34.52,0.5508,-0.721,0.6157,0.3305,0.5449,0.0,0.2792,0.0511,0.5255,多周期方向不一致，观望,-0.465,0.0607,0.5625
600316,洪都航空,188.46,True,26.28,27.3,9,6.66,-6.09,-0.99,-3.75,0.0462,2026-07-23,2026-07-23,31.64,0.5252,0.2074,0.4231,0.5981,0.4808,0.2949,0.2791,-0.6484,0.1758,多周期共振看空 ⬇⬇⬇,-0.1851,-0.7038,-0.5625
002876,三利谱,38.07,True,25.56,29.82,7,13.35,-21.92,-4.95,-14.28,0.0,2026-07-23,2026-07-23,24.34,0.8787,-0.5662,0.5498,0.5272,0.3187,0.0836,0.279,-0.0609,0.4696,多周期方向不一致，观望,-0.4462,-0.0067,0.1213
001217,华尔泰,28.75,True,8.76,8.66,1,1.13,-9.56,-4.14,1.13,0.004,2026-07-22,2026-07-23,42.68,0.5225,0.1159,0.4152,0.5598,0.7263,0.308,0.2786,-0.7942,0.1029,多周期共振看空 ⬇⬇⬇,-0.5268,-0.7315,-0.5625
002224,三 力 士,27.18,True,3.37,3.33,4,1.56,-8.08,-3.07,1.14,0.0762,2026-07-22,2026-07-23,46.07,0.2009,-0.1184,0.3206,0.2732,0.8015,0.4656,0.2786,-0.7254,0.1373,多周期共振看空 ⬇⬇⬇,-0.3503,-0.7315,-0.5625
001208,华菱线缆,43.38,True,13.61,13.87,3,7.98,-13.5,-6.06,-1.89,0.0,2026-07-23,2026-07-23,44.21,0.3954,1.0612,0.8407,0.6373,0.7601,0.0,0.2782,-0.7061,0.147,多周期共振看空 ⬇⬇⬇,-0.6063,-0.6946,-0.3375
002980,华盛昌,85.68,True,84.59,100.39,1,5.35,-21.75,-9.18,-15.73,0.0,2026-07-23,2026-07-23,37.8,0.2071,-0.1114,1.0002,0.2797,0.6178,0.0,0.2782,0.0365,0.5182,多周期方向不一致，观望,-0.461,-0.0067,0.5625
000786,北新建材,329.62,True,19.51,18.15,6,7.49,-11.78,-4.67,7.49,0.1661,2026-07-15,2026-07-23,62.05,-0.2854,-0.2619,0.3818,0.0952,0.8433,0.3636,0.2772,-0.6359,0.182,多周期共振看空 ⬇⬇⬇,-0.1532,-0.7038,-0.5625
002136,安 纳 达,26.01,True,12.13,12.24,6,4.0,-14.8,-4.3,-0.87,0.0,2026-07-23,2026-07-23,38.19,0.5057,-0.4536,0.458,0.322,0.6264,0.2367,0.2771,-0.2396,0.3802,月线震荡，中短期走弱,-0.5229,-0.2691,-0.0881
002054,德美化工,25.61,True,6.67,6.8,1,1.66,-9.92,-4.37,-1.98,0.0,2026-07-23,2026-07-23,41.38,0.482,-0.0799,0.3883,0.4572,0.6973,0.3528,0.2769,-0.6351,0.1825,多周期共振看空 ⬇⬇⬇,-0.513,-0.6185,-0.3375
002008,大族激光,1007.43,True,105.3,122.48,6,16.5,-29.14,-5.63,-14.03,0.0,2026-07-23,2026-07-23,31.17,0.6724,-0.6599,0.8971,0.4034,0.4704,0.0,0.2769,0.0054,0.5027,多周期方向不一致，观望,-0.5395,-0.0763,0.5625
002872,ST天圣,10.21,True,4.75,4.78,7,3.81,-11.15,-2.44,-0.53,0.0438,2026-07-23,2026-07-23,39.71,0.2404,-0.5813,0.4351,0.1442,0.6601,0.2748,0.2761,-0.1391,0.4304,多周期方向不一致，观望,-0.1392,-0.4113,-0.081
002636,金安国纪,457.04,True,63.1,94.29,8,50.0,-33.08,0.74,-33.08,0.0,2026-07-23,2026-07-23,22.4,-0.5092,0.9675,0.9367,0.4,0.2755,0.0,0.276,0.2372,0.6186,上升趋势中的日线回调（关注买点）,-0.497,0.6608,0.5625
002056,横店东磁,353.44,True,21.75,27.15,11,17.55,-23.2,-1.84,-19.88,0.0,2026-07-23,2026-07-23,17.88,0.8261,-0.7789,0.8203,0.4956,0.175,0.0,0.2758,0.2037,0.6018,上升趋势中的日线回调（关注买点）,-0.2528,0.4513,0.45
002184,海得控制,22.82,True,9.19,9.36,1,1.08,-15.83,-6.75,-1.81,0.0,2026-07-23,2026-07-23,33.61,0.7545,0.2915,0.559,0.7693,0.5247,0.0683,0.2758,-0.709,0.1455,多周期共振看空 ⬇⬇⬇,-0.4409,-0.6179,-0.5625
002158,汉钟精机,136.81,True,25.64,32.46,13,19.41,-26.42,0.57,-21.0,0.0,2026-07-23,2026-07-23,26.01,0.6632,-0.4073,0.7998,0.435,0.3558,0.0,0.275,0.0772,0.5386,多周期方向不一致，观望,-0.2377,0.0929,0.45
002036,联创电子,76.31,True,7.23,6.83,2,5.8,-17.7,-10.59,5.8,0.0,2026-07-20,2026-07-22,48.7,0.3315,1.6581,0.8595,0.5989,0.8601,0.0,0.275,-0.7905,0.1048,多周期共振看空 ⬇⬇⬇,-0.5515,-0.7021,-0.5625
003012,东鹏控股,51.17,True,4.51,4.55,7,4.36,-7.96,-1.62,-0.85,0.0951,2026-07-23,2026-07-23,45.35,0.0719,-0.2236,0.263,0.1537,0.7855,0.5616,0.2746,-0.6693,0.1653,多周期共振看空 ⬇⬇⬇,-0.185,-0.75,-0.5625
002126,银轮股份,335.55,True,42.2,48.83,9,11.16,-17.69,-2.06,-13.58,0.0,2026-07-23,2026-07-23,32.42,0.2857,-0.0091,0.8404,0.3678,0.4982,0.0,0.2738,0.004,0.502,多周期方向不一致，观望,-0.3387,-0.1421,0.45
600288,大恒科技,43.55,True,9.97,13.71,11,29.22,-27.29,1.38,-27.27,0.0,2026-07-23,2026-07-23,38.64,0.469,5.1555,1.0687,0.6814,0.6365,0.0,0.2734,-0.6668,0.1666,多周期共振看空 ⬇⬇⬇,-0.494,-0.5471,-0.495
002230,科大讯飞,886.44,True,40.49,41.03,5,4.34,-10.4,-1.83,-1.32,0.046,2026-07-23,2026-07-23,45.6,0.4341,-0.3861,0.3763,0.306,0.7912,0.3728,0.2726,-0.6673,0.1663,多周期共振看空 ⬇⬇⬇,-0.2148,-0.7199,-0.5625
002457,青龙管业,33.43,True,10.03,12.53,11,18.13,-23.81,-3.07,-19.94,0.0,2026-07-23,2026-07-23,36.63,0.6394,-0.4683,0.8941,0.3963,0.5917,0.0,0.2726,-0.1634,0.4183,多周期方向不一致，观望,-0.3307,-0.0973,-0.3375
000551,创元科技,61.68,True,12.73,16.92,13,28.07,-30.26,0.17,-24.74,0.0,2026-07-23,2026-07-23,17.1,0.7164,0.0448,0.9151,0.6477,0.1579,0.0,0.272,-0.0501,0.4749,多周期方向不一致，观望,-0.2332,-0.0344,0.014
002065,东华软件,201.52,True,6.93,6.96,3,1.29,-5.71,-1.75,-0.47,0.0876,2026-07-23,2026-07-23,47.4,0.1039,-0.0433,0.3668,0.245,0.831,0.3887,0.2719,-0.7354,0.1323,多周期共振看空 ⬇⬇⬇,-0.3974,-0.7131,-0.5625
000881,中广核技,56.57,True,6.26,6.27,0,-0.17,-12.95,-5.5,-0.17,0.0,2026-07-23,2026-07-23,41.58,0.5196,-0.1876,0.2882,0.4367,0.7019,0.5197,0.2716,-0.7838,0.1081,多周期共振看空 ⬇⬇⬇,-0.5325,-0.7038,-0.5625
001207,联科科技,42.52,True,14.53,15.08,1,0.25,-14.49,-6.85,-3.66,0.0,2026-07-23,2026-07-23,43.76,0.7734,-0.2461,0.5821,0.5656,0.7502,0.0298,0.2715,-0.6572,0.1714,多周期共振看空 ⬇⬇⬇,-0.6025,-0.5904,-0.3375
001393,维通利,21.11,True,43.94,47.66,0,-5.96,-17.9,-11.74,-7.81,0.0,2026-07-23,2026-07-23,26.73,0.6643,-0.4206,0.5729,0.4304,0.3717,0.0452,0.2713,0.0,0.5,周线日线方向不一致,0.0,,
600239,ST云城,21.84,True,1.36,1.38,12,5.92,-12.95,-0.62,-1.81,0.1302,2026-07-23,2026-07-23,40.0,-0.0163,-0.2442,0.4724,0.1023,0.6667,0.2127,0.2704,-0.2828,0.3586,多周期方向不一致，观望,-0.0231,-0.6608,-0.5625
002346,柘中股份,67.4,True,17.19,19.38,15,21.92,-14.13,2.44,-11.28,0.0178,2026-07-23,2026-07-23,39.19,0.4968,-0.6655,0.8015,0.2981,0.6488,0.0,0.2703,-0.1361,0.432,月线震荡，中短期走弱,-0.2686,-0.2872,0.0601
600261,阳光照明,39.78,True,2.98,3.0,0,-0.56,-6.98,-3.38,-0.8,0.0,2026-07-23,2026-07-23,40.74,0.3507,-0.2549,0.251,0.3085,0.6831,0.5817,0.2702,-0.6167,0.1916,多周期共振看空 ⬇⬇⬇,-0.3613,-0.5508,-0.495
001216,华瓷股份,33.74,True,13.74,13.97,1,2.81,-11.13,-7.1,-1.68,0.0,2026-07-23,2026-07-23,33.94,0.8388,-0.8305,0.3871,0.5033,0.5319,0.3549,0.2701,-0.5663,0.2168,多周期共振看空 ⬇⬇⬇,-0.4837,-0.4926,-0.3375
000868,安凯客车,32.03,True,3.41,3.38,3,2.27,-10.45,-4.01,0.96,0.0035,2026-07-22,2026-07-23,46.97,0.274,-0.1463,0.2911,0.3059,0.8215,0.5148,0.2693,-0.7408,0.1296,多周期共振看空 ⬇⬇⬇,-0.3682,-0.75,-0.5625
002166,莱茵生物,47.64,True,6.45,6.49,4,12.3,-15.65,-5.24,-0.58,0.0,2026-07-23,2026-07-23,48.01,0.8067,-0.4827,0.5598,0.491,0.8448,0.067,0.269,-0.7005,0.1497,多周期共振看空 ⬇⬇⬇,-0.4659,-0.6453,-0.495
002238,天威视讯,45.26,True,5.64,5.53,6,3.64,-9.68,-3.68,1.95,0.0795,2026-07-22,2026-07-23,52.98,0.1472,-0.5018,0.3418,0.0883,0.955,0.4304,0.2689,-0.6713,0.1643,多周期共振看空 ⬇⬇⬇,-0.1901,-0.75,-0.5625
000878,云南铜业,320.58,True,16.0,15.39,2,3.95,-12.61,-6.5,3.95,0.0,2026-07-21,2026-07-23,48.53,0.612,-0.5037,0.5131,0.3672,0.8562,0.1448,0.2688,-0.5805,0.2097,多周期共振看空 ⬇⬇⬇,-0.394,-0.4432,-0.495
000420,吉林化纤,91.68,True,3.73,3.83,0,-0.52,-12.03,-6.18,-2.52,0.0,2026-07-23,2026-07-23,31.58,0.7224,-0.1513,0.4095,0.5729,0.4795,0.3175,0.2683,-0.5995,0.2002,多周期共振看空 ⬇⬇⬇,-0.5517,-0.5071,-0.3375
001270,铖昌科技,209.41,True,102.25,138.39,12,20.01,-30.25,-0.69,-26.11,0.0,2026-07-23,2026-07-23,23.43,0.4432,0.2062,1.1621,0.5484,0.2984,0.0,0.2681,-0.0906,0.4547,多周期方向不一致，观望,-0.3476,-0.1002,0.0
000819,岳阳兴长,43.08,True,11.77,11.39,2,3.36,-15.25,-7.72,3.36,0.0,2026-07-21,2026-07-23,47.9,-0.1506,0.5271,0.4153,0.4,0.8422,0.3078,0.2678,-0.7546,0.1227,多周期共振看空 ⬇⬇⬇,-0.547,-0.6271,-0.5625
002902,铭普光磁,39.22,True,22.08,25.6,0,-7.38,-23.98,-14.22,-13.77,0.0,2026-07-23,2026-07-23,31.11,0.6891,-0.6297,0.8477,0.4135,0.469,0.0,0.2677,-0.0827,0.4587,月线看多，中短期调整中,-0.7515,-0.1998,0.45
002790,瑞尔特,14.23,True,5.46,5.49,2,2.17,-9.39,-3.73,-0.57,0.0,2026-07-23,2026-07-23,40.97,0.1579,0.6171,0.3612,0.4948,0.6883,0.3981,0.2669,-0.8006,0.0997,多周期共振看空 ⬇⬇⬇,-0.5215,-0.75,-0.5625
002929,润建股份,112.16,True,51.79,59.41,6,15.44,-19.32,-4.73,-12.83,0.0,2026-07-23,2026-07-23,20.17,0.7188,-0.1668,0.8694,0.5646,0.2261,0.0,0.2664,-0.0437,0.4782,月线看多，中短期调整中,-0.49,-0.2379,0.45
002718,友邦吊顶,77.87,True,82.86,101.87,9,21.0,-20.22,-2.37,-18.66,0.0,2026-07-23,2026-07-23,26.23,-0.3874,0.2015,0.7195,0.2806,0.3607,0.0,0.2664,0.2498,0.6249,上升趋势中的日线回调（关注买点）,-0.4368,0.6515,0.5625
003037,三和管桩,31.87,True,5.32,5.69,5,6.41,-13.65,-4.96,-6.55,0.0,2026-07-23,2026-07-23,40.55,0.8283,-0.1078,0.5291,0.6539,0.679,0.1181,0.2661,-0.8269,0.0866,多周期共振看空 ⬇⬇⬇,-0.5998,-0.7408,-0.5625
600255,鑫科材料,55.99,True,3.1,3.17,0,-0.46,-24.09,-14.21,-2.35,0.0,2026-07-23,2026-07-23,41.09,0.8891,-0.7945,0.6461,0.5335,0.6908,0.0,0.2659,-0.5553,0.2223,多周期共振看空 ⬇⬇⬇,-0.439,-0.2816,-0.5625
000070,特发信息,117.2,True,13.68,16.98,5,30.48,-31.29,-10.1,-19.45,0.0,2026-07-23,2026-07-23,28.85,0.751,-0.6136,0.8252,0.4506,0.4189,0.0,0.2649,-0.1045,0.4477,月线看多，中短期调整中,-0.6337,-0.2471,0.2925
002436,兴森科技,526.57,True,34.69,41.38,8,25.8,-30.13,-5.06,-16.16,0.0,2026-07-23,2026-07-23,32.4,0.0529,-0.1038,0.9489,0.1902,0.4978,0.0,0.2645,0.2145,0.6072,上升趋势中的日线回调（关注买点）,-0.427,0.5244,0.5625
002215,诺 普 信,69.99,True,8.66,8.71,4,4.21,-8.92,-2.26,-0.63,0.0466,2026-07-23,2026-07-23,47.12,0.4256,-0.2841,0.4877,0.3417,0.8249,0.1871,0.2641,-0.6853,0.1573,多周期共振看空 ⬇⬇⬇,-0.2689,-0.7131,-0.5625
002174,游族网络,106.74,True,10.9,12.03,16,13.41,-12.03,1.81,-9.42,0.0642,2026-07-23,2026-07-23,38.45,0.2262,-0.6479,0.6543,0.1357,0.6322,0.0,0.2636,-0.021,0.4895,多周期方向不一致，观望,-0.1332,0.247,-0.225
000573,粤宏远Ａ,22.09,True,3.49,3.53,3,1.83,-13.08,-6.42,-1.25,0.0,2026-07-23,2026-07-23,46.67,0.5341,-0.4325,0.4966,0.3475,0.8148,0.1724,0.2634,-0.5643,0.2178,多周期共振看空 ⬇⬇⬇,-0.3781,-0.4887,-0.4275
000055,方大集团,22.51,True,3.33,3.3,3,0.91,-9.51,-5.21,0.91,0.0,2026-07-22,2026-07-23,48.04,0.4456,-0.3948,0.4211,0.3094,0.8453,0.2981,0.2629,-0.6446,0.1777,多周期共振看空 ⬇⬇⬇,-0.3416,-0.5613,-0.5625
002212,天融信,64.99,True,5.57,5.61,0,-0.5,-11.05,-5.32,-0.76,0.0,2026-07-23,2026-07-23,45.36,0.4529,0.1274,0.5002,0.5227,0.7857,0.1663,0.262,-0.8164,0.0918,多周期共振看空 ⬇⬇⬇,-0.5836,-0.7315,-0.5625
002848,高斯贝尔,20.76,True,12.55,13.37,6,3.78,-10.53,-3.29,-6.16,0.0,2026-07-23,2026-07-23,20.26,0.6927,-0.5914,0.4216,0.4156,0.228,0.2974,0.2619,-0.0815,0.4592,月线看多，中短期调整中,-0.5352,-0.2667,0.3375
002278,神开股份,27.7,True,7.72,7.53,1,2.55,-10.17,-5.76,2.55,0.0,2026-07-22,2026-07-23,45.15,0.0725,2.0082,0.4469,0.4435,0.7811,0.2552,0.2617,-0.7575,0.1213,多周期共振看空 ⬇⬇⬇,-0.625,-0.5666,-0.5625
002289,宇顺电子,92.54,True,33.72,41.78,13,16.64,-24.37,-1.51,-19.28,0.0,2026-07-23,2026-07-23,25.84,-0.1419,0.5127,0.8467,0.4,0.3521,0.0,0.2616,0.0307,0.5153,多周期方向不一致，观望,-0.2678,-0.0856,0.45
002270,华明装备,164.9,True,18.4,18.34,2,1.16,-9.1,-5.73,0.33,0.0,2026-07-22,2026-07-23,34.57,0.3561,0.5213,0.5347,0.6136,0.5461,0.1088,0.2616,-0.6317,0.1841,多周期共振看空 ⬇⬇⬇,-0.4666,-0.6508,-0.3375
002421,达实智能,55.49,True,2.77,3.07,0,-9.86,-23.27,-17.71,-9.86,0.0,2026-07-23,2026-07-23,24.11,0.8287,-0.7722,0.5042,0.4972,0.3135,0.1597,0.2612,-0.21,0.395,多周期方向不一致，观望,-0.6975,-0.1002,-0.225
002721,金一文化,61.43,True,2.31,2.25,5,2.74,-10.33,-3.34,2.74,0.0954,2026-07-20,2026-07-23,48.48,0.0357,-0.288,0.3575,0.1063,0.8552,0.4041,0.2611,-0.6598,0.1701,多周期共振看空 ⬇⬇⬇,-0.2037,-0.7131,-0.5625
001237,惠康科技,18.67,True,53.55,60.09,6,13.28,-15.09,-5.4,-10.89,0.0,2026-07-23,2026-07-23,17.79,0.8908,-0.4623,0.7265,0.5496,0.1732,0.0,0.2609,0.0,0.5,周线日线方向不一致,0.0,,
600230,沧州大化,55.84,True,13.49,13.02,2,3.63,-10.12,-5.9,3.63,0.0233,2026-07-22,2026-07-23,48.3,0.1075,0.219,0.5686,0.3521,0.8511,0.0524,0.2607,-0.5972,0.2014,多周期共振看空 ⬇⬇⬇,-0.4052,-0.6277,-0.3375
002496,辉丰股份,22.8,True,1.93,2.0,2,5.68,-18.72,-6.34,-3.38,0.0,2026-07-23,2026-07-23,31.25,0.5871,-0.607,0.6576,0.3523,0.4722,0.0,0.26,-0.05,0.475,月线看多，中短期调整中,-0.4918,-0.1539,0.3375
600235,民丰特纸,17.88,True,5.09,5.13,3,2.62,-9.81,-3.75,-0.75,0.0,2026-07-23,2026-07-23,43.66,-0.5386,0.5784,0.3738,0.4,0.748,0.377,0.2597,-0.7613,0.1194,多周期共振看空 ⬇⬇⬇,-0.5198,-0.6652,-0.5625
002873,新天药业,17.86,True,7.45,7.66,7,9.26,-10.05,-2.01,-2.8,0.0,2026-07-23,2026-07-23,42.05,0.5572,-0.1652,0.4794,0.4682,0.7122,0.2011,0.2596,-0.6883,0.1558,多周期共振看空 ⬇⬇⬇,-0.3393,-0.6594,-0.5625
002748,世龙实业,23.45,True,9.77,10.67,10,8.8,-12.28,-1.31,-8.45,0.0,2026-07-23,2026-07-23,39.96,0.5589,-0.1944,0.5436,0.4575,0.6657,0.094,0.2592,-0.5324,0.2338,多周期共振看空 ⬇⬇⬇,-0.3724,-0.5134,-0.3375
600293,三峡新材,30.28,True,2.61,2.67,0,-2.36,-23.28,-14.06,-2.36,0.0,2026-07-23,2026-07-23,46.85,0.7568,-0.6731,0.7748,0.4541,0.819,0.0,0.2589,-0.6384,0.1808,多周期共振看空 ⬇⬇⬇,-0.5125,-0.4689,-0.495
600299,安迪苏,256.24,True,8.32,8.06,2,3.2,-19.62,-8.63,3.2,0.0,2026-07-21,2026-07-23,49.14,-0.2411,2.128,0.5708,0.4,0.8697,0.0487,0.2589,-0.6518,0.1741,多周期共振看空 ⬇⬇⬇,-0.5425,-0.63,-0.3375
002596,海南瑞泽,34.28,True,2.99,2.86,1,4.69,-16.8,-9.42,4.69,0.0,2026-07-22,2026-07-23,46.49,0.4066,0.1391,0.6701,0.4996,0.8109,0.0,0.2584,-0.7056,0.1472,多周期共振看空 ⬇⬇⬇,-0.4214,-0.6271,-0.5625
600237,铜峰电子,49.84,True,7.98,10.56,7,18.22,-32.94,-7.97,-24.46,0.0,2026-07-23,2026-07-23,23.66,0.8473,-0.5899,0.8786,0.5084,0.3035,0.0,0.2584,-0.1108,0.4446,多周期方向不一致，观望,-0.4282,-0.1198,0.0
600072,中船科技,92.08,True,8.5,8.39,1,1.31,-13.52,-7.25,1.31,0.0,2026-07-22,2026-07-23,44.38,0.4098,0.2436,0.5592,0.5433,0.7639,0.068,0.2582,-0.7749,0.1125,多周期共振看空 ⬇⬇⬇,-0.6205,-0.6087,-0.5625
002815,崇达技术,94.19,True,12.12,15.3,3,4.32,-23.73,-9.8,-20.77,0.0,2026-07-23,2026-07-23,38.44,0.4058,-0.4581,0.9849,0.2602,0.6319,0.0,0.2578,-0.1126,0.4437,多周期方向不一致，观望,-0.5036,-0.0633,0.0
002406,远东传动,37.82,True,6.28,6.41,1,1.36,-13.27,-5.04,-1.96,0.0,2026-07-23,2026-07-23,41.35,0.4941,-0.229,0.4219,0.4049,0.6966,0.2968,0.2577,-0.6592,0.1704,多周期共振看空 ⬇⬇⬇,-0.5935,-0.3775,-0.5625
000917,电广传媒,92.56,True,6.53,6.57,1,0.33,-9.16,-4.27,-0.66,0.0,2026-07-23,2026-07-23,46.61,0.668,-0.7813,0.4993,0.4008,0.8136,0.1678,0.2575,-0.6916,0.1542,多周期共振看空 ⬇⬇⬇,-0.4095,-0.6741,-0.495
002045,国光电器,42.35,True,7.54,7.75,4,5.51,-10.22,-5.13,-2.68,0.0,2026-07-23,2026-07-23,41.99,0.2656,0.7785,0.5103,0.5594,0.711,0.1496,0.2573,-0.8092,0.0954,多周期共振看空 ⬇⬇⬇,-0.5436,-0.75,-0.5625
000922,佳电股份,77.33,True,10.97,12.17,7,10.19,-18.47,-6.19,-9.85,0.0,2026-07-23,2026-07-23,29.26,0.5604,-0.7257,0.5387,0.3363,0.4279,0.1021,0.2567,-0.0796,0.4602,多周期方向不一致，观望,-0.5692,-0.1045,0.2425
002686,亿利达,27.23,True,5.21,5.32,5,4.67,-12.98,-4.26,-1.98,0.0,2026-07-23,2026-07-23,42.77,0.4507,-0.2895,0.4094,0.3546,0.7283,0.3177,0.2564,-0.6447,0.1776,多周期共振看空 ⬇⬇⬇,-0.4623,-0.5256,-0.495
002506,协鑫集成,146.7,True,2.51,2.7,0,-0.42,-17.14,-10.12,-6.95,0.0,2026-07-23,2026-07-23,27.45,0.6199,0.4186,0.5407,0.7394,0.3878,0.0988,0.2564,-0.676,0.162,多周期共振看空 ⬇⬇⬇,-0.5615,-0.6669,-0.3375
000570,苏常柴Ａ,27.06,True,4.87,4.82,4,1.43,-9.57,-3.38,1.0,0.0454,2026-07-22,2026-07-23,44.72,0.0023,-0.028,0.3511,0.1902,0.7715,0.4148,0.2561,-0.622,0.189,多周期共振看空 ⬇⬇⬇,-0.3591,-0.4967,-0.5625
002528,*ST英飞,43.69,True,4.16,4.37,6,1.59,-10.25,-3.18,-4.71,0.0,2026-07-23,2026-07-23,32.22,-0.2573,-0.1744,0.4177,0.1303,0.4938,0.3038,0.2558,0.0023,0.5011,月线看多，中短期调整中,-0.3229,-0.2748,0.5625
002540,亚太科技,40.68,True,4.74,4.72,3,0.79,-9.48,-3.13,0.36,0.0392,2026-07-22,2026-07-23,45.54,-0.4132,0.1152,0.3149,0.2461,0.7899,0.4752,0.2557,-0.77,0.115,多周期共振看空 ⬇⬇⬇,-0.4431,-0.75,-0.5625
000533,顺钠股份,59.45,True,8.68,8.75,0,-0.78,-13.99,-10.86,-0.78,0.0,2026-07-23,2026-07-23,38.39,0.043,0.2361,0.5318,0.3203,0.631,0.1137,0.2555,-0.3161,0.3419,月线震荡，中短期走弱,-0.625,-0.6392,0.1125
003022,联泓新科,251.67,True,18.86,21.45,3,6.0,-22.95,-11.67,-12.08,0.0,2026-07-23,2026-07-23,30.75,0.609,-0.4399,0.5976,0.3894,0.4611,0.004,0.2554,-0.1363,0.4319,多周期方向不一致，观望,-0.6435,-0.134,0.0866
000158,常山北明,199.28,True,12.55,12.75,0,-1.57,-13.58,-6.89,-1.57,0.0,2026-07-23,2026-07-23,45.17,0.3233,-0.0975,0.3803,0.355,0.7816,0.3661,0.2554,-0.7555,0.1223,多周期共振看空 ⬇⬇⬇,-0.4274,-0.7315,-0.5625
002178,延华智能,30.11,True,4.23,4.3,0,-1.66,-15.64,-9.07,-1.66,0.0,2026-07-23,2026-07-23,38.74,0.2557,0.3218,0.3401,0.4821,0.6386,0.4331,0.2554,-0.8409,0.0796,多周期共振看空 ⬇⬇⬇,-0.625,-0.75,-0.5625
002383,合众思壮,48.42,True,6.54,6.7,2,2.24,-9.44,-4.48,-2.42,0.0,2026-07-23,2026-07-23,36.44,0.5776,0.2433,0.5203,0.6439,0.5875,0.1328,0.2547,-0.8035,0.0983,多周期共振看空 ⬇⬇⬇,-0.5291,-0.75,-0.5625
002651,利君股份,41.62,True,7.36,7.32,2,1.73,-8.61,-3.73,0.55,0.0254,2026-07-22,2026-07-23,38.64,0.081,0.8309,0.4339,0.4486,0.6364,0.2768,0.2546,-0.7273,0.1364,多周期共振看空 ⬇⬇⬇,-0.3659,-0.7223,-0.5625
002099,海翔药业,82.78,True,5.12,5.23,7,3.26,-5.11,-1.35,-2.03,0.0997,2026-07-23,2026-07-23,37.59,0.1125,-0.2008,0.3968,0.1872,0.6131,0.3387,0.2543,-0.5106,0.2447,多周期共振看空 ⬇⬇⬇,-0.3054,-0.523,-0.3375
000973,佛塑科技,84.97,True,11.99,12.78,1,3.82,-18.41,-8.9,-6.2,0.0,2026-07-23,2026-07-23,39.67,0.1425,-0.0064,0.7854,0.2829,0.6594,0.0,0.2543,-0.2092,0.3954,月线看多，中短期调整中,-0.747,-0.536,0.18
002355,兴民智通,25.96,True,4.2,4.22,1,1.12,-12.97,-6.76,-0.44,0.0,2026-07-23,2026-07-23,43.71,0.5221,-0.196,0.4217,0.4349,0.7491,0.2971,0.2541,-0.7997,0.1002,多周期共振看空 ⬇⬇⬇,-0.5838,-0.6946,-0.5625
002583,海能达,102.75,True,8.01,7.93,2,1.03,-11.69,-4.91,1.03,0.0,2026-07-22,2026-07-23,50.29,0.3823,-0.5259,0.3794,0.2294,0.8954,0.3677,0.2537,-0.7065,0.1467,多周期共振看空 ⬇⬇⬇,-0.2909,-0.7408,-0.5625
002908,德生科技,20.69,True,6.43,6.43,1,0.07,-10.21,-4.65,0.07,0.0,2026-07-22,2026-07-23,42.14,0.4632,-0.1473,0.3837,0.419,0.7143,0.3605,0.2536,-0.7874,0.1063,多周期共振看空 ⬇⬇⬇,-0.4877,-0.75,-0.5625
600055,万东医疗,73.68,True,10.48,10.57,3,2.98,-13.85,-4.15,-0.87,0.0,2026-07-23,2026-07-23,43.02,0.2558,0.0227,0.3891,0.3626,0.7338,0.3514,0.2534,-0.7149,0.1426,多周期共振看空 ⬇⬇⬇,-0.3125,-0.7408,-0.5625
002579,中京电子,70.3,True,12.05,16.66,8,22.57,-38.0,-8.62,-27.65,0.0,2026-07-23,2026-07-23,21.73,0.6697,-0.3984,1.0543,0.4425,0.2607,0.0,0.2527,0.001,0.5005,多周期方向不一致，观望,-0.4185,0.0117,0.3512
002300,太阳电缆,46.59,True,6.45,6.31,1,2.25,-12.98,-8.95,2.25,0.0,2026-07-22,2026-07-23,42.13,-0.0742,0.9699,0.4856,0.4,0.714,0.1907,0.2522,-0.6318,0.1841,多周期共振看空 ⬇⬇⬇,-0.625,-0.5154,-0.3375
000657,中钨高新,838.99,True,57.75,76.41,7,29.24,-32.45,-8.35,-24.42,0.0,2026-07-23,2026-07-23,21.43,0.6749,-0.6484,0.8092,0.4049,0.254,0.0,0.252,0.0631,0.5315,上升趋势中的日线回调（关注买点）,-0.4552,0.1523,0.45
002842,翔鹭钨业,84.86,True,31.61,38.87,8,29.88,-30.51,-6.27,-18.67,0.0,2026-07-23,2026-07-23,23.22,0.6997,-0.6238,0.9237,0.4198,0.2938,0.0,0.2514,-0.0133,0.4934,多周期方向不一致，观望,-0.4275,0.0153,0.2925
002169,智光电气,84.59,True,11.15,12.89,1,1.36,-22.92,-9.13,-13.49,0.0,2026-07-23,2026-07-23,25.0,0.4941,-0.2635,0.5319,0.3911,0.3333,0.1135,0.2512,-0.1072,0.4464,月线看多，中短期调整中,-0.5381,-0.3417,0.2925
001359,平安电工,52.27,True,86.7,109.01,13,51.7,-24.47,7.13,-20.47,0.0,2026-07-23,2026-07-23,29.71,0.1544,-0.4926,0.8751,0.0956,0.4381,0.0,0.2512,0.331,0.6655,上升趋势中的日线回调（关注买点）,-0.2332,0.75,0.5625
600218,全柴动力,31.49,True,7.23,7.26,0,-0.48,-8.81,-4.46,-0.48,0.0,2026-07-23,2026-07-23,41.57,0.1512,0.2346,0.3322,0.3846,0.7015,0.4463,0.2511,-0.8056,0.0972,多周期共振看空 ⬇⬇⬇,-0.5666,-0.7223,-0.5625
002574,明牌珠宝,22.44,True,4.25,4.23,3,2.45,-10.04,-4.49,0.44,0.0,2026-07-22,2026-07-23,46.43,-0.1956,0.1877,0.3289,0.2751,0.8095,0.4518,0.251,-0.7647,0.1176,多周期共振看空 ⬇⬇⬇,-0.4511,-0.7315,-0.5625
001233,海安集团,16.53,True,43.82,43.41,1,0.94,-14.21,-6.52,0.94,0.0,2026-07-22,2026-07-23,43.17,-0.2911,0.426,0.4792,0.3704,0.7372,0.2013,0.251,-0.6303,0.1849,周线日线共振看空,-0.6131,-0.45,
000953,中哲精化,19.15,True,5.23,5.29,3,4.4,-10.63,-4.3,-1.12,0.0,2026-07-23,2026-07-23,44.44,0.1668,0.249,0.4362,0.3997,0.7654,0.2731,0.2509,-0.7694,0.1153,多周期共振看空 ⬇⬇⬇,-0.474,-0.7223,-0.5625
001285,瑞立科密,16.58,True,39.95,40.66,1,0.03,-9.59,-4.54,-1.73,0.0,2026-07-23,2026-07-23,34.89,0.5696,-0.4789,0.3546,0.3502,0.5532,0.409,0.2508,-0.5449,0.2275,周线日线共振看空,-0.4588,-0.45,
002137,实益达,27.51,True,6.94,9.77,10,15.16,-32.93,-5.43,-29.0,0.0,2026-07-23,2026-07-23,28.3,0.6795,-0.5691,0.9923,0.4077,0.4068,0.0,0.2505,-0.1364,0.4318,多周期方向不一致，观望,-0.345,-0.1463,-0.1575
002377,国创高新,22.25,True,2.55,2.67,8,9.08,-8.43,-1.72,-4.55,0.0,2026-07-23,2026-07-23,32.56,0.7733,-0.2524,0.5181,0.563,0.5013,0.1365,0.2505,-0.6075,0.1962,多周期共振看空 ⬇⬇⬇,-0.4309,-0.6283,-0.3375
001400,江顺科技,31.95,True,69.1,96.05,7,10.63,-33.91,-10.9,-28.06,0.0,2026-07-23,2026-07-23,11.71,0.6465,0.1981,0.9911,0.6671,0.038,0.0,0.2501,-0.1121,0.444,月线看多，中短期调整中,-0.5533,-0.3521,0.2925
002581,*ST未名,13.63,True,3.4,3.42,5,16.51,-16.89,-3.9,-0.47,0.0,2026-07-23,2026-07-23,48.77,0.765,-0.7518,0.7563,0.459,0.8615,0.0,0.2499,-0.7693,0.1154,多周期共振看空 ⬇⬇⬇,-0.4413,-0.75,-0.5625
000720,新能泰山,42.47,True,3.38,3.37,1,0.3,-18.58,-12.59,0.3,0.0,2026-07-22,2026-07-23,43.75,-0.0715,0.4869,0.5998,0.3947,0.75,0.0004,0.2494,-0.537,0.2315,多周期共振看空 ⬇⬇⬇,-0.5605,-0.4298,-0.27
002372,伟星新材,119.43,True,8.12,8.12,1,1.19,-10.53,-5.13,-0.03,0.0,2026-07-23,2026-07-23,41.37,-0.5717,0.5381,0.4188,0.4,0.697,0.3019,0.2491,-0.7255,0.1372,多周期共振看空 ⬇⬇⬇,-0.4507,-0.7131,-0.495
002522,浙江众成,40.45,True,4.47,5.66,5,14.96,-29.54,-14.28,-21.0,0.0,2026-07-23,2026-07-23,19.6,0.9208,-0.6765,0.7136,0.5525,0.2133,0.0,0.249,-0.1477,0.4262,多周期方向不一致，观望,-0.5978,-0.1367,0.0
600184,光电股份,99.53,True,17.08,22.54,7,16.97,-34.53,-12.65,-24.23,0.0,2026-07-23,2026-07-23,21.24,0.851,-0.7839,0.9573,0.5106,0.2497,0.0,0.2489,-0.1255,0.4373,多周期方向不一致，观望,-0.5422,-0.0867,0.0
600262,北方股份,33.46,True,14.06,13.75,3,2.22,-8.38,-4.79,2.22,0.0411,2026-07-22,2026-07-23,41.29,-0.2649,2.013,0.4544,0.4,0.6954,0.2427,0.2487,-0.7777,0.1112,多周期共振看空 ⬇⬇⬇,-0.5631,-0.7315,-0.495
600265,*ST景谷,27.19,True,20.95,22.0,4,4.86,-13.02,-3.68,-4.76,0.0,2026-07-23,2026-07-23,20.89,0.4373,-0.7105,0.4237,0.2624,0.2419,0.2938,0.2483,0.0413,0.5207,多周期方向不一致，观望,-0.3851,0.0615,0.45
000510,新金路,94.09,True,15.51,19.54,8,29.0,-32.72,-6.01,-20.61,0.0,2026-07-23,2026-07-23,23.06,0.5362,-0.5066,0.8302,0.3217,0.2902,0.0,0.2482,0.1226,0.5613,上升趋势中的日线回调（关注买点）,-0.3969,0.3023,0.45
002638,勤上股份,45.86,True,3.39,3.77,3,7.62,-15.23,-5.6,-9.98,0.0,2026-07-23,2026-07-23,29.05,0.4822,-0.3122,0.7704,0.3645,0.4234,0.0,0.2481,-0.1061,0.447,月线看多，中短期调整中,-0.7372,-0.3233,0.45
002783,凯龙股份,32.69,True,7.09,7.13,2,0.54,-7.21,-3.12,-0.51,0.0263,2026-07-23,2026-07-23,37.5,0.567,-0.3644,0.4161,0.3944,0.6111,0.3065,0.2476,-0.6923,0.1538,多周期共振看空 ⬇⬇⬇,-0.2763,-0.7223,-0.5625
002921,联诚精密,26.06,True,20.29,25.53,14,19.17,-20.52,0.0,-20.52,0.0,2026-07-23,2026-07-23,21.01,0.3164,0.2189,0.9292,0.4774,0.2446,0.0,0.2474,-0.0783,0.4608,月线看多，中短期调整中,-0.3835,-0.2156,0.1713
600183,生益科技,3017.1,True,125.1,149.1,6,19.74,-21.13,-5.5,-16.1,0.0,2026-07-23,2026-07-23,35.16,-0.1922,-0.3889,0.9908,0.0444,0.559,0.0,0.2473,0.2369,0.6184,上升趋势中的日线回调（关注买点）,-0.4875,0.6515,0.5625
002469,三维化学,35.41,True,5.63,5.67,0,-0.74,-12.52,-6.85,-0.74,0.0,2026-07-23,2026-07-23,39.82,0.5577,-0.4488,0.2769,0.3551,0.6627,0.5385,0.2471,-0.8178,0.0911,多周期共振看空 ⬇⬇⬇,-0.598,-0.7222,-0.5625
002179,中航光电,714.88,True,34.1,38.95,10,17.09,-19.55,-2.24,-12.44,0.0,2026-07-23,2026-07-23,24.95,0.6388,-0.6679,0.5801,0.3833,0.3323,0.0332,0.2466,-0.0662,0.4669,多周期方向不一致，观望,-0.3585,0.0129,0.0032
002725,跃岭股份,26.84,True,10.78,11.26,0,-2.73,-16.31,-9.63,-4.3,0.0,2026-07-23,2026-07-23,36.58,0.6325,0.001,0.6959,0.5799,0.5907,0.0,0.2461,-0.6675,0.1663,多周期共振看空 ⬇⬇⬇,-0.5016,-0.5422,-0.495
600228,返利科技,24.25,True,5.83,7.17,6,52.75,-24.38,-0.96,-18.64,0.0,2026-07-23,2026-07-23,33.0,0.3122,-0.6023,0.9377,0.1873,0.5112,0.0,0.246,0.0551,0.5275,多周期方向不一致，观望,-0.3283,0.0734,0.45
002467,二六三,61.51,True,4.5,4.48,1,0.39,-13.8,-7.64,0.39,0.0,2026-07-22,2026-07-23,48.13,0.0745,0.5048,0.5867,0.4447,0.8473,0.0222,0.2459,-0.7791,0.1104,多周期共振看空 ⬇⬇⬇,-0.6205,-0.6854,-0.495
002920,德赛西威,500.57,True,83.9,83.37,8,4.9,-13.0,-3.02,0.64,0.0677,2026-07-22,2026-07-23,46.07,0.3868,-0.4395,0.5303,0.2562,0.8015,0.1162,0.2457,-0.6614,0.1693,多周期共振看空 ⬇⬇⬇,-0.1863,-0.7315,-0.5625
002530,金财互联,47.34,True,6.81,6.71,1,1.5,-10.47,-5.83,1.5,0.0,2026-07-22,2026-07-23,43.72,0.2065,0.0256,0.3632,0.3342,0.7493,0.3947,0.2455,-0.7857,0.1072,多周期共振看空 ⬇⬇⬇,-0.5263,-0.7131,-0.5625
002632,道明光学,45.26,True,7.88,8.87,3,15.67,-11.53,-5.28,-11.16,0.0,2026-07-23,2026-07-23,42.34,0.161,0.7798,0.9347,0.4966,0.7186,0.0,0.2455,-0.693,0.1535,多周期共振看空 ⬇⬇⬇,-0.545,-0.5609,-0.495
002150,正泰电源,80.74,True,22.52,24.12,4,4.52,-13.89,-5.72,-6.62,0.0,2026-07-23,2026-07-23,25.06,0.4278,-0.1588,0.4905,0.3932,0.3346,0.1825,0.2454,-0.2135,0.3932,月线看多，中短期调整中,-0.7275,-0.5729,0.18
000521,长虹美菱,42.54,True,4.86,5.38,8,11.21,-11.34,-2.14,-9.69,0.0,2026-07-23,2026-07-23,27.03,0.8445,0.0916,0.7157,0.7433,0.3784,0.0,0.2453,-0.6813,0.1593,多周期共振看空 ⬇⬇⬇,-0.2943,-0.6825,-0.5625
000428,华天酒店,31.59,True,3.1,3.09,2,2.11,-8.31,-3.51,0.32,0.0194,2026-07-22,2026-07-23,49.33,-0.0312,-0.3755,0.3033,0.0498,0.8741,0.4946,0.2453,-0.6082,0.1959,多周期共振看空 ⬇⬇⬇,-0.3877,-0.6669,-0.3375
002645,华宏科技,119.92,True,17.63,22.06,2,4.1,-34.17,-19.02,-20.09,0.0,2026-07-23,2026-07-23,21.35,0.6947,-0.5369,0.8158,0.4168,0.2523,0.0,0.2451,-0.0091,0.4955,多周期方向不一致，观望,-0.5745,0.0025,0.45
000887,中鼎股份,225.41,True,17.15,18.14,5,7.46,-17.53,-6.56,-5.45,0.0,2026-07-23,2026-07-23,41.33,0.7265,-0.6058,0.8062,0.4359,0.6963,0.0,0.245,-0.5732,0.2134,多周期共振看空 ⬇⬇⬇,-0.3624,-0.3867,-0.5625
002812,恩捷股份,424.55,True,51.61,57.9,4,3.25,-21.0,-8.91,-10.87,0.0,2026-07-23,2026-07-23,31.85,0.1569,0.0777,0.7567,0.3252,0.4856,0.0,0.2446,-0.1462,0.4269,月线看多，中短期调整中,-0.7425,-0.3521,0.2925
002483,润邦股份,44.53,True,5.03,5.01,4,0.99,-9.39,-3.4,0.48,0.0426,2026-07-22,2026-07-23,45.24,-0.1453,-0.0405,0.3153,0.1838,0.7831,0.4744,0.2445,-0.7592,0.1204,多周期共振看空 ⬇⬇⬇,-0.4369,-0.7315,-0.5625
002246,北化股份,102.72,True,18.71,18.22,1,2.68,-12.38,-5.13,2.68,0.0053,2026-07-22,2026-07-23,46.37,-0.1498,0.0973,0.459,0.2389,0.8082,0.2351,0.2444,-0.5975,0.2012,多周期共振看空 ⬇⬇⬇,-0.4591,-0.5821,-0.3375
002370,亚太药业,35.87,True,4.81,5.34,13,8.43,-12.51,-0.71,-9.97,0.0,2026-07-23,2026-07-23,30.8,0.6266,0.1322,0.7191,0.6288,0.4623,0.0,0.2442,-0.6076,0.1962,多周期共振看空 ⬇⬇⬇,-0.2916,-0.5229,-0.5625
002766,索菱股份,30.59,True,3.57,3.59,2,8.99,-14.28,-5.76,-0.43,0.0,2026-07-23,2026-07-23,44.58,0.4326,0.092,0.5885,0.4964,0.7684,0.0192,0.2439,-0.7808,0.1096,多周期共振看空 ⬇⬇⬇,-0.503,-0.7223,-0.5625
002733,雄韬股份,68.46,True,18.56,23.89,2,5.32,-32.82,-19.34,-22.3,0.0,2026-07-23,2026-07-23,24.12,0.6341,-0.3813,0.767,0.4279,0.3137,0.0,0.2439,-0.1098,0.4451,月线看多，中短期调整中,-0.6705,-0.1525,0.2044
002429,兆驰股份,357.87,True,7.91,9.64,2,3.21,-25.56,-9.86,-17.9,0.0,2026-07-23,2026-07-23,35.93,0.4735,-0.4454,0.8165,0.306,0.5762,0.0,0.2438,-0.2303,0.3849,月线震荡，中短期走弱,-0.7423,-0.2379,0.0999
002484,江海股份,544.96,True,66.42,87.61,8,21.85,-28.65,-5.89,-24.19,0.0,2026-07-23,2026-07-23,29.65,-0.1944,-0.2366,0.9919,0.1054,0.4366,0.0,0.2436,0.2561,0.628,上升趋势中的日线回调（关注买点）,-0.423,0.6608,0.5625
002138,顺络电子,328.62,True,43.44,55.81,7,22.66,-36.11,-8.28,-22.16,0.0,2026-07-23,2026-07-23,24.04,0.2428,-0.1542,0.9642,0.284,0.3119,0.0,0.2432,0.1173,0.5586,上升趋势中的日线回调（关注买点）,-0.4372,0.319,0.45
002866,传艺科技,26.15,True,14.43,14.93,1,2.7,-16.76,-9.56,-3.32,0.0,2026-07-23,2026-07-23,39.3,0.1218,1.4957,0.6742,0.4731,0.6512,0.0,0.2431,-0.5937,0.2031,多周期共振看空 ⬇⬇⬇,-0.6265,-0.4979,-0.27
002722,物产金轮,26.24,True,11.8,11.91,3,2.14,-7.8,-2.72,-0.94,0.0201,2026-07-23,2026-07-23,43.39,-0.1586,0.001,0.3007,0.2004,0.742,0.4988,0.2431,-0.7131,0.1435,多周期共振看空 ⬇⬇⬇,-0.4299,-0.6363,-0.5625
002977,*ST天箭,14.52,True,21.78,22.55,8,10.16,-17.7,-4.26,-3.41,0.0,2026-07-23,2026-07-23,40.38,0.3072,0.4003,0.8041,0.5445,0.675,0.0,0.2426,-0.7405,0.1297,多周期共振看空 ⬇⬇⬇,-0.4429,-0.6854,-0.5625
000809,和展能源,24.41,True,2.96,3.08,0,-3.33,-14.96,-10.05,-3.91,0.0,2026-07-23,2026-07-23,34.52,0.2789,-0.3089,0.3454,0.2438,0.545,0.4243,0.2425,-0.4431,0.2784,多周期共振看空 ⬇⬇⬇,-0.5435,-0.2379,-0.27
002755,奥赛康,121.03,True,13.04,14.06,14,14.99,-7.22,3.4,-7.22,0.127,2026-07-23,2026-07-23,26.14,0.3256,-0.299,0.6122,0.2758,0.3586,0.0,0.2425,-0.2364,0.3818,多周期方向不一致，观望,-0.0389,-0.4433,-0.5625
002552,宝鼎科技,147.03,True,39.9,55.71,4,20.82,-28.42,-9.66,-28.37,0.0,2026-07-23,2026-07-23,24.32,-0.106,0.0564,1.0115,0.2226,0.3183,0.0,0.2418,0.1961,0.598,上升趋势中的日线回调（关注买点）,-0.626,0.6331,0.5625
002119,康强电子,82.49,True,21.98,31.39,10,29.29,-35.46,-2.7,-29.98,0.0,2026-07-23,2026-07-23,14.52,0.7161,-0.3261,1.0098,0.4992,0.1004,0.0,0.2413,0.0112,0.5056,多周期方向不一致，观望,-0.3495,0.2951,0.0538
002272,川润股份,64.44,True,15.79,20.94,12,14.89,-27.81,-3.14,-24.6,0.0,2026-07-23,2026-07-23,20.24,0.6441,-0.642,0.7197,0.3865,0.2275,0.0,0.2411,0.0374,0.5187,多周期方向不一致，观望,-0.3132,-0.0171,0.45
002951,金时科技,45.93,True,11.45,13.26,2,8.39,-22.66,-12.83,-13.65,0.0,2026-07-23,2026-07-23,37.42,0.6423,-0.2883,0.8032,0.4701,0.6093,0.0,0.2408,-0.5572,0.2214,多周期共振看空 ⬇⬇⬇,-0.5172,-0.2863,-0.495
001309,德明利,718.05,True,435.0,742.78,12,38.54,-41.44,-0.39,-41.44,0.0,2026-07-23,2026-07-23,18.36,-0.0956,0.5239,1.0793,0.4,0.1858,0.0,0.2408,0.0633,0.5316,多周期方向不一致，观望,-0.2475,0.0406,0.45
002863,今飞凯达,25.18,True,4.2,4.28,1,0.13,-10.18,-5.03,-1.81,0.0,2026-07-23,2026-07-23,37.19,0.2289,0.2531,0.3648,0.4386,0.6042,0.392,0.2406,-0.8154,0.0923,多周期共振看空 ⬇⬇⬇,-0.6025,-0.7131,-0.5625
002472,双环传动,274.51,True,36.67,41.07,12,12.03,-12.68,-1.63,-10.7,0.0,2026-07-23,2026-07-23,18.44,0.8452,-0.4708,0.7568,0.5188,0.1876,0.0,0.2405,-0.131,0.4345,多周期方向不一致，观望,-0.2855,-0.1059,-0.225
002021,中捷资源,27.14,True,2.27,2.4,3,1.8,-9.56,-3.65,-5.53,0.0,2026-07-23,2026-07-23,30.38,0.7463,-0.2652,0.4781,0.5417,0.4529,0.2032,0.2402,-0.6513,0.1744,多周期共振看空 ⬇⬇⬇,-0.4983,-0.6669,-0.3375
002430,杭氧股份,227.66,True,23.28,26.31,7,18.77,-16.97,-2.33,-11.53,0.0,2026-07-23,2026-07-23,31.36,0.8595,-0.7328,0.6868,0.5157,0.4746,0.0,0.2402,-0.4727,0.2636,多周期共振看空 ⬇⬇⬇,-0.4235,-0.4509,-0.225
002378,章源钨业,276.55,True,23.14,28.26,5,15.49,-28.85,-11.73,-18.11,0.0,2026-07-23,2026-07-23,19.01,0.8324,-0.6732,0.7091,0.4994,0.2003,0.0,0.2401,-0.1185,0.4407,月线看多，中短期调整中,-0.5197,-0.4113,0.2925
002243,力合科创,81.28,True,6.75,6.67,6,4.48,-16.16,-5.43,1.21,0.0,2026-07-22,2026-07-23,49.61,0.4997,-0.4288,0.5501,0.3283,0.8801,0.0831,0.24,-0.7279,0.1361,多周期共振看空 ⬇⬇⬇,-0.4018,-0.6929,-0.5625
002498,汉缆股份,196.61,True,5.91,6.05,0,-2.35,-16.32,-11.51,-2.35,0.0,2026-07-23,2026-07-23,34.69,0.0011,0.0401,0.5466,0.2167,0.5488,0.089,0.239,-0.1642,0.4179,月线看多，中短期调整中,-0.575,-0.469,0.18
001222,源飞宠物,15.01,True,13.28,13.49,4,4.52,-10.21,-3.59,-1.58,0.0,2026-07-23,2026-07-23,41.15,0.2251,0.0499,0.3706,0.355,0.6921,0.3824,0.2385,-0.7966,0.1017,多周期共振看空 ⬇⬇⬇,-0.5114,-0.75,-0.5625
002562,兄弟科技,35.55,True,4.37,4.35,1,0.36,-8.52,-4.46,0.36,0.0,2026-07-22,2026-07-23,44.35,0.3599,-0.2527,0.3776,0.3148,0.7634,0.3706,0.238,-0.8125,0.0938,多周期共振看空 ⬇⬇⬇,-0.5629,-0.7408,-0.5625
002362,汉王科技,29.71,True,14.31,14.84,0,-3.56,-13.59,-8.5,-3.56,0.0,2026-07-23,2026-07-23,33.85,0.8255,-0.6737,0.3895,0.4953,0.5301,0.3508,0.2379,-0.806,0.097,多周期共振看空 ⬇⬇⬇,-0.5569,-0.7315,-0.5625
600192,长城电工,27.61,True,6.25,6.3,0,-0.86,-12.24,-7.38,-0.86,0.0,2026-07-23,2026-07-23,42.8,0.6182,-0.3238,0.5927,0.4414,0.7289,0.0122,0.2379,-0.6878,0.1561,多周期共振看空 ⬇⬇⬇,-0.4351,-0.5762,-0.5625
002229,鸿博股份,50.94,True,10.33,9.8,1,5.35,-22.27,-12.77,5.35,0.0,2026-07-22,2026-07-23,49.41,0.4494,-0.1916,0.6514,0.393,0.8758,0.0,0.2378,-0.7771,0.1114,多周期共振看空 ⬇⬇⬇,-0.625,-0.6098,-0.5625
002240,盛新锂能,277.71,True,30.42,35.98,2,2.04,-32.58,-15.16,-15.45,0.0,2026-07-23,2026-07-23,25.89,0.4054,-0.1459,0.8696,0.3849,0.3531,0.0,0.2374,-0.1406,0.4297,月线看多，中短期调整中,-0.756,-0.314,0.2925
002135,东南网架,59.81,True,5.73,6.25,0,-1.09,-13.77,-7.35,-8.32,0.0,2026-07-23,2026-07-23,32.05,0.2267,-0.3827,0.4869,0.1829,0.4899,0.1885,0.2374,-0.1322,0.4339,月线看多，中短期调整中,-0.5445,-0.3429,0.18
002478,常宝股份,44.09,True,6.1,6.01,1,1.51,-8.69,-5.99,1.51,0.0,2026-07-22,2026-07-23,41.86,-0.2706,0.29,0.4039,0.316,0.708,0.3269,0.2374,-0.7175,0.1412,多周期共振看空 ⬇⬇⬇,-0.625,-0.7038,-0.3375
002520,日发精机,38.45,True,5.36,6.43,11,17.09,-23.81,-3.79,-16.6,0.0,2026-07-23,2026-07-23,16.29,0.691,-0.1171,0.8098,0.5677,0.1397,0.0,0.2373,-0.1779,0.4111,多周期方向不一致，观望,-0.3352,-0.1123,-0.3825
002398,垒知集团,22.61,True,3.77,3.77,2,1.39,-8.99,-4.29,0.01,0.0,2026-07-22,2026-07-23,44.55,-0.1164,0.1379,0.3167,0.2551,0.7679,0.4722,0.2368,-0.8131,0.0934,多周期共振看空 ⬇⬇⬇,-0.5537,-0.75,-0.5625
002602,世纪华通,834.65,True,12.28,13.7,9,5.18,-10.37,-1.26,-10.37,0.0,2026-07-23,2026-07-23,40.17,0.0132,0.6247,0.4986,0.4079,0.6704,0.1691,0.2365,-0.7001,0.15,多周期共振看空 ⬇⬇⬇,-0.2747,-0.7408,-0.5625
002451,摩恩电气,29.95,True,6.82,6.77,1,0.7,-10.33,-7.35,0.7,0.0,2026-07-22,2026-07-23,40.69,-0.1044,1.1433,0.4858,0.4,0.6821,0.1904,0.2365,-0.719,0.1405,多周期共振看空 ⬇⬇⬇,-0.625,-0.707,-0.3375
000935,四川双马,175.44,True,22.98,25.7,9,7.91,-10.72,-1.66,-10.57,0.0,2026-07-23,2026-07-23,38.02,-0.2233,0.3579,0.6905,0.3432,0.6228,0.0,0.2359,-0.4094,0.2953,多周期共振看空 ⬇⬇⬇,-0.4351,-0.2569,-0.27
002342,巨力索具,69.79,True,7.31,9.31,6,10.92,-29.21,-8.24,-21.52,0.0,2026-07-23,2026-07-23,26.27,0.6876,0.0804,1.0305,0.6447,0.3615,0.0,0.2358,-0.5791,0.2105,多周期共振看空 ⬇⬇⬇,-0.5975,-0.4231,-0.3375
002971,和远气体,60.02,True,37.28,54.39,9,44.51,-36.42,-4.62,-31.46,0.0,2026-07-23,2026-07-23,5.9,0.7127,-0.5527,0.9817,0.4276,0.0,0.0,0.2358,0.2018,0.6009,上升趋势中的日线回调（关注买点）,-0.4043,0.5748,0.45
002669,康达新材,34.06,True,11.25,14.05,6,6.55,-30.65,-12.72,-19.93,0.0,2026-07-23,2026-07-23,15.53,0.8996,-0.7469,0.7672,0.5397,0.1228,0.0,0.2348,-0.1324,0.4338,多周期方向不一致，观望,-0.519,-0.1371,0.0
002459,晶澳科技,246.69,True,7.46,7.64,2,7.24,-13.36,-6.36,-2.3,0.0,2026-07-23,2026-07-23,32.62,0.8188,-0.1034,0.599,0.65,0.5026,0.0016,0.2342,-0.7704,0.1148,多周期共振看空 ⬇⬇⬇,-0.4442,-0.75,-0.5625
000823,超声电子,80.49,True,13.53,18.92,8,42.94,-37.7,-7.05,-28.5,0.0,2026-07-23,2026-07-23,18.35,0.7233,-0.6524,0.9694,0.434,0.1855,0.0,0.2342,-0.0435,0.4783,多周期方向不一致，观望,-0.414,-0.016,0.1797
002190,成飞集成,80.14,True,22.34,22.42,0,-0.35,-12.21,-7.7,-0.35,0.0,2026-07-23,2026-07-23,35.9,0.1992,1.5173,0.4911,0.5195,0.5755,0.1816,0.2341,-0.7945,0.1028,多周期共振看空 ⬇⬇⬇,-0.5059,-0.75,-0.5625
002202,金风科技,617.88,True,18.37,20.8,6,10.16,-21.66,-5.57,-11.67,0.0,2026-07-23,2026-07-23,26.22,0.7473,-0.088,0.9333,0.6132,0.3605,0.0,0.2338,-0.5435,0.2283,多周期共振看空 ⬇⬇⬇,-0.4999,-0.4286,-0.3375
002692,远程股份,26.27,True,3.66,3.69,0,-0.71,-12.68,-6.46,-0.71,0.0,2026-07-23,2026-07-23,41.18,0.0108,0.5729,0.468,0.4065,0.6928,0.2199,0.2338,-0.787,0.1065,多周期共振看空 ⬇⬇⬇,-0.616,-0.6392,-0.5625
002837,英维克,690.82,True,61.11,69.73,7,20.96,-24.25,-3.34,-12.36,0.0,2026-07-23,2026-07-23,37.88,0.6521,-0.734,0.8355,0.3913,0.6196,0.0,0.233,-0.5056,0.2472,多周期共振看空 ⬇⬇⬇,-0.5649,-0.4019,-0.225
600215,派斯林,24.81,True,5.43,5.85,3,10.46,-11.73,-4.69,-7.17,0.0,2026-07-23,2026-07-23,37.19,0.7349,-0.2152,0.6768,0.5549,0.6042,0.0,0.2327,-0.7512,0.1244,多周期共振看空 ⬇⬇⬇,-0.483,-0.6744,-0.5625
600078,澄星股份,63.54,True,9.59,11.37,6,15.09,-26.34,-10.5,-15.65,0.0,2026-07-23,2026-07-23,26.85,0.8822,-0.6831,0.6957,0.5293,0.3745,0.0,0.2327,-0.4351,0.2824,多周期共振看空 ⬇⬇⬇,-0.633,-0.2563,-0.1575
002403,爱仕达,24.31,True,8.18,9.34,7,20.52,-16.15,-4.05,-12.39,0.0,2026-07-23,2026-07-23,27.69,0.5183,0.5391,0.8509,0.711,0.3931,0.0,0.2326,-0.7484,0.1258,多周期共振看空 ⬇⬇⬇,-0.5863,-0.5798,-0.5625
000488,ST晨鸣,32.7,True,1.93,1.95,1,0.73,-10.61,-4.02,-1.1,0.0,2026-07-23,2026-07-23,26.67,0.0668,0.456,0.315,0.4225,0.3704,0.475,0.2322,-0.6426,0.1787,多周期共振看空 ⬇⬇⬇,-0.5081,-0.6392,-0.3375
002313,日海智能,28.19,True,7.53,7.69,6,3.73,-13.26,-3.63,-2.04,0.0,2026-07-23,2026-07-23,39.43,0.4111,0.0379,0.6354,0.4618,0.6539,0.0,0.2321,-0.6671,0.1664,多周期共振看空 ⬇⬇⬇,-0.3779,-0.5798,-0.5625
002353,杰瑞股份,933.66,True,135.11,145.47,9,9.6,-23.81,-4.85,-7.12,0.0,2026-07-23,2026-07-23,39.43,-0.4422,-0.7768,1.0526,0.0,0.6539,0.0,0.2319,0.0707,0.5353,多周期方向不一致，观望,-0.4043,0.0947,0.5625
002947,恒铭达,115.25,True,58.12,67.71,0,-3.0,-25.53,-13.33,-14.17,0.0,2026-07-23,2026-07-23,28.47,0.4558,-0.7877,0.7296,0.2735,0.4105,0.0,0.2319,-0.075,0.4625,多周期方向不一致，观望,-0.7425,-0.1433,0.45
000727,冠捷科技,99.2,True,2.19,2.36,0,-2.03,-14.34,-9.06,-7.4,0.0,2026-07-23,2026-07-23,24.19,0.9033,-0.6639,0.4752,0.542,0.3154,0.208,0.2319,-0.5569,0.2216,多周期共振看空 ⬇⬇⬇,-0.756,-0.261,-0.315
002401,中远海科,42.63,True,11.48,11.6,1,0.0,-8.09,-4.53,-1.0,0.0,2026-07-23,2026-07-23,41.2,0.1541,-0.1047,0.2746,0.2506,0.6933,0.5423,0.2318,-0.8124,0.0938,多周期共振看空 ⬇⬇⬇,-0.5517,-0.75,-0.5625
000700,模塑科技,101.99,True,11.11,14.15,5,14.01,-23.94,-6.78,-21.5,0.0,2026-07-23,2026-07-23,16.09,0.7053,-0.3717,0.9065,0.4745,0.1354,0.0,0.2317,-0.0681,0.4659,多周期方向不一致，观望,-0.4014,-0.0713,0.1158
002148,北纬科技,26.65,True,5.91,6.1,6,12.06,-8.73,-2.22,-3.11,0.0,2026-07-23,2026-07-23,40.36,0.7433,-0.3734,0.7657,0.4966,0.6746,0.0,0.2315,-0.752,0.124,多周期共振看空 ⬇⬇⬇,-0.4399,-0.7131,-0.5625
002105,信隆健康,17.86,True,4.9,5.01,3,5.26,-9.24,-4.02,-2.28,0.0,2026-07-23,2026-07-23,41.97,0.2557,0.0387,0.4469,0.3689,0.7104,0.2552,0.2313,-0.7967,0.1017,多周期共振看空 ⬇⬇⬇,-0.5547,-0.7131,-0.5625
001325,元创股份,6.73,True,34.32,35.2,1,0.33,-9.69,-5.31,-2.5,0.0,2026-07-23,2026-07-23,30.54,0.3357,-0.105,0.4214,0.3594,0.4564,0.2977,0.2313,-0.5106,0.2447,周线日线共振看空,-0.607,-0.27,
002983,芯瑞达,22.84,True,17.82,22.68,7,10.8,-27.95,-7.13,-21.44,0.0,2026-07-23,2026-07-23,20.85,0.8172,-0.6733,0.7496,0.4903,0.2411,0.0,0.2311,-0.2247,0.3876,月线震荡，中短期走弱,-0.5178,-0.3113,0.0
002106,莱宝高科,67.95,True,9.64,12.5,8,27.69,-28.0,-7.94,-22.91,0.0,2026-07-23,2026-07-23,19.24,0.7891,-0.66,1.0145,0.4735,0.2052,0.0,0.2309,-0.1569,0.4215,月线震荡，中短期走弱,-0.4095,-0.1763,0.0
002097,山河智能,74.98,True,6.99,7.05,0,-0.83,-11.39,-6.97,-0.83,0.0,2026-07-23,2026-07-23,37.3,0.159,0.1847,0.3303,0.3693,0.6066,0.4495,0.2307,-0.8325,0.0837,多周期共振看空 ⬇⬇⬇,-0.625,-0.7315,-0.5625
002853,皮阿诺,24.87,True,19.32,20.76,7,13.26,-14.28,-4.65,-6.94,0.0,2026-07-23,2026-07-23,46.78,0.4687,-0.8111,0.5975,0.2812,0.8172,0.0042,0.2304,-0.5906,0.2047,多周期共振看空 ⬇⬇⬇,-0.619,-0.4299,-0.3375
002298,中电鑫龙,48.63,True,7.36,7.14,1,3.15,-13.0,-7.67,3.15,0.0,2026-07-22,2026-07-23,47.1,0.0541,0.2977,0.5652,0.3515,0.8244,0.058,0.2298,-0.7599,0.12,多周期共振看空 ⬇⬇⬇,-0.625,-0.5719,-0.5625
002962,五方光电,24.58,True,11.75,15.33,4,13.58,-31.24,-13.86,-23.36,0.0,2026-07-23,2026-07-23,13.74,0.9291,-0.7596,0.8973,0.5575,0.0831,0.0,0.2297,-0.1543,0.4229,多周期方向不一致，观望,-0.624,-0.1433,0.0
000637,茂化实华,12.98,True,3.56,3.56,3,1.78,-11.38,-4.83,-0.07,0.0,2026-07-23,2026-07-23,44.0,-0.0626,0.0492,0.3885,0.2197,0.7556,0.3525,0.2296,-0.7035,0.1482,多周期共振看空 ⬇⬇⬇,-0.4718,-0.6467,-0.495
002716,湖南白银,180.69,True,7.78,7.75,1,0.39,-14.12,-7.91,0.39,0.0,2026-07-22,2026-07-23,41.22,0.2333,0.0299,0.6297,0.3519,0.6939,0.0,0.2295,-0.5593,0.2203,多周期共振看空 ⬇⬇⬇,-0.4592,-0.4982,-0.3375
002204,大连重工,101.2,True,5.24,5.22,1,0.47,-6.2,-3.53,0.47,0.0348,2026-07-22,2026-07-23,41.53,-0.082,-0.1335,0.288,0.1466,0.7006,0.5201,0.2291,-0.7422,0.1289,多周期共振看空 ⬇⬇⬇,-0.4828,-0.7223,-0.495
002273,水晶光电,367.9,True,27.01,31.85,7,10.34,-24.32,-7.29,-15.2,0.0,2026-07-23,2026-07-23,25.06,0.4008,-0.3708,0.9556,0.2921,0.3347,0.0,0.2291,-0.0366,0.4817,多周期方向不一致，观望,-0.5576,-0.1329,0.45
002297,博云新材,100.47,True,17.53,23.49,9,42.37,-36.59,-5.76,-25.36,0.0,2026-07-23,2026-07-23,15.13,0.7216,-0.7852,0.7471,0.4329,0.114,0.0,0.2284,-0.0021,0.499,多周期方向不一致，观望,-0.4132,-0.1052,0.45
002366,融发核电,97.88,True,5.29,5.38,0,-0.54,-12.82,-6.81,-1.62,0.0,2026-07-23,2026-07-23,35.75,0.5628,0.1069,0.5969,0.5805,0.5723,0.0051,0.2277,-0.7979,0.101,多周期共振看空 ⬇⬇⬇,-0.547,-0.7223,-0.5625
001256,炜冈科技,23.42,True,21.91,26.16,13,21.06,-19.64,1.22,-16.24,0.0,2026-07-23,2026-07-23,15.15,0.6427,-0.4747,0.6649,0.3957,0.1145,0.0,0.2273,0.0481,0.5241,多周期方向不一致，观望,-0.1885,0.0375,0.3355
002937,兴瑞科技,98.94,True,31.39,40.81,12,19.41,-23.08,0.58,-23.08,0.0,2026-07-23,2026-07-23,16.19,0.1617,-0.1079,0.6556,0.2539,0.1376,0.0,0.227,0.245,0.6225,上升趋势中的日线回调（关注买点）,-0.335,0.6608,0.45
002077,大港股份,68.77,True,11.85,16.73,12,10.86,-32.59,-4.36,-29.15,0.0,2026-07-23,2026-07-23,26.36,0.3125,-0.1497,0.7834,0.3277,0.3637,0.0,0.2269,-0.1456,0.4272,多周期方向不一致，观望,-0.408,-0.1329,-0.1575
002672,东江环保,29.78,True,3.29,3.36,2,4.17,-10.06,-4.36,-2.21,0.0,2026-07-23,2026-07-23,41.28,0.7659,-0.6947,0.563,0.4595,0.6952,0.0616,0.2269,-0.804,0.098,多周期共振看空 ⬇⬇⬇,-0.5302,-0.75,-0.5625
002168,ST惠程,27.21,True,3.47,3.6,4,4.02,-4.55,-1.63,-3.54,0.0195,2026-07-23,2026-07-23,25.35,0.607,-0.4761,0.3302,0.3738,0.3412,0.4497,0.2266,-0.601,0.1995,多周期共振看空 ⬇⬇⬇,-0.4021,-0.4138,-0.5625
003040,楚天龙,47.65,True,10.43,10.36,1,0.7,-12.91,-7.27,0.7,0.0,2026-07-22,2026-07-23,43.73,-0.0874,0.1995,0.3907,0.2798,0.7495,0.3489,0.2265,-0.814,0.093,多周期共振看空 ⬇⬇⬇,-0.556,-0.75,-0.5625
000988,华工科技,1124.68,True,111.91,146.31,6,13.69,-31.54,-7.4,-23.51,0.0,2026-07-23,2026-07-23,28.84,0.2259,-0.3844,1.0137,0.1818,0.4186,0.0,0.2264,0.0179,0.509,多周期方向不一致，观望,-0.4695,0.0313,0.45
000672,上峰材料,145.7,True,15.03,19.18,11,29.13,-25.71,1.02,-21.66,0.0,2026-07-23,2026-07-23,24.88,0.2979,-0.5955,0.8118,0.1787,0.3306,0.0,0.2261,0.1264,0.5632,上升趋势中的日线回调（关注买点）,-0.2707,0.207,0.45
002658,雪迪龙,25.35,True,7.07,7.48,7,5.4,-13.3,-4.49,-5.53,0.0,2026-07-23,2026-07-23,24.17,0.8601,-0.451,0.4553,0.5356,0.3148,0.2412,0.226,-0.6196,0.1902,多周期共振看空 ⬇⬇⬇,-0.6368,-0.4785,-0.3375
000715,中兴商业,22.27,True,4.58,4.71,5,3.62,-6.12,-1.45,-2.84,0.0452,2026-07-23,2026-07-23,41.8,0.2067,-0.3358,0.3794,0.1897,0.7067,0.3677,0.226,-0.7467,0.1266,多周期共振看空 ⬇⬇⬇,-0.4158,-0.7223,-0.5625
001378,德冠新材,13.87,True,16.45,18.9,8,9.22,-15.25,-2.89,-12.98,0.0,2026-07-23,2026-07-23,33.27,0.4646,-0.2322,0.7302,0.3859,0.5171,0.0,0.2259,-0.431,0.2845,多周期共振看空 ⬇⬇⬇,-0.5596,-0.1977,-0.27
002927,泰永长征,31.45,True,14.25,16.62,1,0.05,-23.27,-13.41,-14.28,0.0,2026-07-23,2026-07-23,22.26,0.7353,-0.5619,0.5579,0.4412,0.2725,0.0702,0.2258,-0.283,0.3585,月线震荡，中短期走弱,-0.7065,-0.2331,-0.1125
002885,京泉华,62.09,True,26.17,33.46,2,3.82,-35.07,-13.96,-21.8,0.0,2026-07-23,2026-07-23,18.71,0.6643,-0.6889,0.8066,0.3986,0.1935,0.0,0.2257,-0.0642,0.4679,多周期方向不一致，观望,-0.6885,-0.1421,0.45
002706,良信股份,83.48,True,9.13,9.91,0,-6.07,-15.13,-10.39,-7.9,0.0,2026-07-23,2026-07-23,36.49,0.3411,-0.4382,0.6306,0.2294,0.5888,0.0,0.2256,-0.2688,0.3656,月线震荡，中短期走弱,-0.7163,-0.1772,-0.1125
000877,天山股份,261.67,True,3.68,3.67,2,0.32,-9.28,-4.39,0.27,0.0,2026-07-22,2026-07-23,43.75,0.0135,-0.1236,0.2653,0.1587,0.75,0.5578,0.2254,-0.7973,0.1013,多周期共振看空 ⬇⬇⬇,-0.5131,-0.75,-0.5625
003036,泰坦股份,111.57,True,51.51,75.23,6,18.42,-34.29,-10.84,-31.53,0.0,2026-07-23,2026-07-23,15.56,0.1457,-0.0528,0.8675,0.2663,0.1236,0.0,0.2252,0.2274,0.6137,上升趋势中的日线回调（关注买点）,-0.501,0.6313,0.5625
600114,东睦股份,164.33,True,26.66,32.64,2,5.49,-28.02,-12.99,-18.31,0.0,2026-07-23,2026-07-23,23.53,0.5951,-0.5658,0.7257,0.3571,0.3007,0.0,0.2251,-0.1312,0.4344,多周期方向不一致，观望,-0.6435,-0.0252,0.0
001323,慕思股份,48.96,True,15.73,16.23,1,1.87,-14.4,-5.86,-3.1,0.0,2026-07-23,2026-07-23,36.32,-0.1375,0.6635,0.3628,0.4,0.5848,0.3953,0.2248,-0.8597,0.0701,多周期共振看空 ⬇⬇⬇,-0.673,-0.75,-0.5625
001226,拓山重工,12.97,True,38.23,44.6,2,1.32,-17.8,-7.62,-14.28,0.0,2026-07-23,2026-07-23,32.71,0.3328,-0.7042,0.7843,0.1997,0.5047,0.0,0.2247,-0.1275,0.4363,多周期方向不一致，观望,-0.5063,-0.1264,0.0
600141,兴发集团,358.48,True,29.83,36.22,9,38.62,-27.82,-1.99,-17.65,0.0,2026-07-23,2026-07-23,22.84,0.9021,-0.6142,0.621,0.5413,0.2853,0.0,0.2245,-0.4125,0.2938,多周期共振看空 ⬇⬇⬇,-0.3817,-0.3544,-0.225
000766,通化金马,151.66,True,15.7,17.52,1,8.53,-28.87,-15.89,-10.37,0.0,2026-07-23,2026-07-23,37.72,0.3572,0.0507,0.7649,0.4346,0.6159,0.0,0.2245,-0.6387,0.1806,多周期共振看空 ⬇⬇⬇,-0.5485,-0.371,-0.5625
000707,双环科技,23.68,True,4.3,4.29,1,0.15,-9.29,-4.23,0.15,0.0,2026-07-22,2026-07-23,43.18,-0.0613,0.0383,0.316,0.2153,0.7374,0.4733,0.2243,-0.8138,0.0931,多周期共振看空 ⬇⬇⬇,-0.5555,-0.75,-0.5625
600067,冠城新材,36.32,True,2.61,2.78,0,-0.5,-13.29,-7.94,-6.03,0.0,2026-07-23,2026-07-23,34.95,0.7411,-0.4558,0.4801,0.4623,0.5545,0.1998,0.2242,-0.7714,0.1143,多周期共振看空 ⬇⬇⬇,-0.5362,-0.7408,-0.495
002940,昂利康,46.93,True,25.33,27.23,6,7.31,-12.99,-4.0,-6.97,0.0,2026-07-23,2026-07-23,38.6,0.647,-0.5109,0.8833,0.3882,0.6356,0.0,0.2237,-0.5942,0.2029,多周期共振看空 ⬇⬇⬇,-0.4756,-0.3358,-0.5625
002990,盛视科技,68.5,True,49.63,62.6,11,42.8,-25.79,5.72,-20.72,0.0,2026-07-23,2026-07-23,18.38,0.3993,-0.322,0.7508,0.3108,0.1863,0.0,0.2236,0.0679,0.534,多周期方向不一致，观望,-0.2678,-0.0344,0.5625
002444,巨星科技,338.17,True,29.49,30.57,9,9.48,-8.27,-0.56,-3.54,0.0407,2026-07-23,2026-07-23,30.9,0.0315,-0.2321,0.4962,0.126,0.4644,0.1731,0.2235,-0.207,0.3965,多周期方向不一致，观望,-0.1245,-0.4658,-0.3375
002600,领益智造,878.39,True,12.2,14.6,9,16.3,-26.88,-5.2,-16.46,0.0,2026-07-23,2026-07-23,17.38,0.8507,-0.709,0.8858,0.5104,0.1639,0.0,0.2234,-0.2265,0.3867,月线震荡，中短期走弱,-0.4733,-0.2113,-0.1445
002976,瑞玛精密,23.41,True,19.23,24.09,12,12.88,-20.82,-1.2,-20.17,0.0,2026-07-23,2026-07-23,20.02,0.6373,-0.7463,0.8051,0.3824,0.2226,0.0,0.223,-0.0945,0.4527,多周期方向不一致，观望,-0.363,-0.1044,0.0
000410,沈阳机床,93.43,True,4.74,4.65,3,1.94,-11.31,-4.86,1.94,0.0108,2026-07-22,2026-07-23,40.51,0.4808,-0.5277,0.4467,0.2885,0.6779,0.2555,0.2228,-0.7228,0.1386,多周期共振看空 ⬇⬇⬇,-0.3221,-0.75,-0.5625
600118,中国卫星,722.15,True,61.06,76.33,12,14.7,-23.7,-2.99,-20.01,0.0,2026-07-23,2026-07-23,28.41,0.3891,0.0285,0.9882,0.4449,0.4092,0.0,0.2226,-0.422,0.289,多周期共振看空 ⬇⬇⬇,-0.2962,-0.336,-0.3375
002418,康盛股份,37.84,True,3.33,3.58,1,2.33,-17.51,-10.87,-6.87,0.0,2026-07-23,2026-07-23,33.12,0.7951,-0.7989,0.6412,0.4771,0.5138,0.0,0.2226,-0.5993,0.2003,多周期共振看空 ⬇⬇⬇,-0.5705,-0.3331,-0.495
002337,赛象科技,24.93,True,4.24,4.39,0,-1.21,-10.94,-5.94,-3.41,0.0,2026-07-23,2026-07-23,34.07,-0.2609,0.5436,0.3619,0.4,0.535,0.3968,0.2226,-0.8189,0.0906,多周期共振看空 ⬇⬇⬇,-0.6115,-0.7131,-0.5625
002427,尤夫股份,39.97,True,4.06,4.47,10,15.51,-13.24,-2.09,-9.18,0.0,2026-07-23,2026-07-23,29.3,0.8282,-0.1446,0.8276,0.6391,0.4289,0.0,0.2224,-0.7577,0.1211,多周期共振看空 ⬇⬇⬇,-0.4331,-0.7315,-0.5625
002301,齐心集团,51.05,True,7.11,7.74,11,10.16,-9.76,0.38,-8.15,0.0,2026-07-23,2026-07-23,32.87,-0.2899,-0.1377,0.5998,0.1449,0.5082,0.0004,0.2222,-0.0643,0.4678,多周期方向不一致，观望,-0.1013,-0.0157,-0.18
002802,洪汇新材,15.45,True,10.32,10.54,1,2.3,-11.2,-6.29,-2.06,0.0,2026-07-23,2026-07-23,41.84,0.2116,-0.1236,0.4542,0.2775,0.7076,0.243,0.222,-0.7118,0.1441,多周期共振看空 ⬇⬇⬇,-0.5895,-0.4967,-0.5625
002624,完美世界,186.79,True,10.22,11.3,0,-1.97,-13.38,-7.45,-9.55,0.0,2026-07-23,2026-07-23,33.94,0.7223,-0.2228,0.6702,0.5443,0.5321,0.0,0.2219,-0.7343,0.1329,多周期共振看空 ⬇⬇⬇,-0.4842,-0.7038,-0.495
002709,天赐材料,564.97,True,37.44,43.38,6,10.2,-27.72,-10.55,-13.7,0.0,2026-07-23,2026-07-23,21.73,0.4552,-0.2767,0.8431,0.3625,0.2607,0.0,0.2218,-0.1181,0.441,月线看多，中短期调整中,-0.6645,-0.2852,0.2925
002488,金固股份,85.29,True,9.27,8.92,5,3.88,-11.84,-4.71,3.88,0.0789,2026-07-20,2026-07-23,43.4,-0.1433,-0.2675,0.4452,0.093,0.7421,0.258,0.2216,-0.6623,0.1689,多周期共振看空 ⬇⬇⬇,-0.3878,-0.6283,-0.495
000751,锌业股份,63.87,True,4.53,5.04,8,18.14,-19.72,-4.26,-10.05,0.0,2026-07-23,2026-07-23,27.27,0.8973,-0.8193,0.7105,0.5384,0.3838,0.0,0.2213,-0.5518,0.2241,多周期共振看空 ⬇⬇⬇,-0.573,-0.4967,-0.225
002296,辉煌科技,30.32,True,8.73,8.81,0,-0.65,-9.64,-3.91,-0.86,0.0,2026-07-23,2026-07-23,39.68,0.3469,-0.327,0.3835,0.2773,0.6595,0.3609,0.2212,-0.754,0.123,多周期共振看空 ⬇⬇⬇,-0.5561,-0.6854,-0.495
000890,法尔胜,28.02,True,6.68,7.26,0,-1.61,-18.52,-14.02,-8.01,0.0,2026-07-23,2026-07-23,29.66,0.1018,0.0267,0.8006,0.2718,0.4369,0.0,0.2212,-0.1892,0.4054,月线看多，中短期调整中,-0.625,-0.5452,0.18
001211,双枪科技,17.84,True,19.11,21.48,0,-11.03,-24.82,-20.11,-11.03,0.0,2026-07-23,2026-07-23,29.8,0.0047,0.1804,0.6751,0.275,0.44,0.0,0.2209,-0.2008,0.3996,月线震荡，中短期走弱,-0.5435,-0.1998,-0.0093
002838,道恩股份,114.2,True,27.15,31.18,6,4.68,-18.3,-4.42,-12.91,0.0,2026-07-23,2026-07-23,33.68,-0.0615,-0.1672,0.8521,0.1331,0.5263,0.0,0.2208,-0.0779,0.4611,多周期方向不一致，观望,-0.462,-0.1005,0.1543
000782,恒申新材,33.01,True,6.25,7.32,9,12.39,-20.44,-3.45,-14.58,0.0,2026-07-23,2026-07-23,19.22,0.5348,-0.4654,0.6175,0.3347,0.2048,0.0,0.2207,-0.0157,0.4921,多周期方向不一致，观望,-0.4733,-0.1133,0.45
000008,神州高铁,63.56,True,2.34,2.37,2,6.93,-9.87,-3.21,-1.45,0.0,2026-07-23,2026-07-23,55.42,0.0503,-0.2177,0.5539,0.1431,0.9906,0.0769,0.2207,-0.7138,0.1431,多周期共振看空 ⬇⬇⬇,-0.518,-0.5623,-0.5625
003031,中瓷电子,365.97,True,107.59,140.37,6,25.97,-34.6,-9.02,-23.35,0.0,2026-07-23,2026-07-23,25.24,0.3627,-0.6652,0.8758,0.2176,0.3387,0.0,0.2205,0.0096,0.5048,多周期方向不一致，观望,-0.4785,0.0025,0.45
000561,烽火电子,55.89,True,7.2,7.17,2,0.84,-7.83,-4.5,0.36,0.0,2026-07-22,2026-07-23,41.06,0.2731,0.0389,0.5414,0.3794,0.6902,0.0977,0.2203,-0.7511,0.1245,多周期共振看空 ⬇⬇⬇,-0.4054,-0.7408,-0.5625
600152,维科技术,39.1,True,7.39,8.48,1,4.73,-23.22,-14.13,-12.81,0.0,2026-07-23,2026-07-23,24.14,0.4566,-0.1485,0.6428,0.4145,0.3142,0.0,0.2202,-0.2785,0.3608,月线震荡，中短期走弱,-0.783,-0.3521,0.0871
002354,天娱数科,101.93,True,6.27,8.11,11,27.24,-23.66,-0.06,-22.71,0.0,2026-07-23,2026-07-23,22.22,0.4357,-0.6369,1.0222,0.2614,0.2716,0.0,0.2201,0.0163,0.5081,月线压制，周线反弹受阻,-0.2326,0.4731,-0.1575
002975,博杰股份,119.36,True,86.9,113.87,5,13.62,-33.85,-11.16,-23.68,0.0,2026-07-23,2026-07-23,31.28,0.1393,-0.4207,1.0145,0.1153,0.4729,0.0,0.2197,0.0055,0.5028,多周期方向不一致，观望,-0.5333,0.0313,0.45
002228,合兴包装,35.8,True,2.96,3.01,4,3.04,-6.32,-2.28,-1.82,0.0345,2026-07-23,2026-07-23,43.16,-0.1372,-0.1408,0.3893,0.1437,0.7368,0.3511,0.2196,-0.7211,0.1395,多周期共振看空 ⬇⬇⬇,-0.4073,-0.7408,-0.495
002613,北玻股份,24.06,True,3.11,3.39,0,-4.0,-22.95,-16.93,-8.22,0.0,2026-07-23,2026-07-23,25.44,0.9188,-0.7391,0.581,0.5513,0.3431,0.0317,0.2195,-0.5634,0.2183,多周期共振看空 ⬇⬇⬇,-0.702,-0.209,-0.4275
002845,同兴达,29.9,True,11.95,14.66,7,5.5,-19.57,-4.52,-18.47,0.0,2026-07-23,2026-07-23,25.31,0.4969,-0.4644,0.7613,0.3124,0.3402,0.0,0.2193,-0.1533,0.4234,多周期方向不一致，观望,-0.5032,-0.085,-0.1575
002176,江特电机,136.14,True,7.99,8.82,0,-1.11,-20.22,-12.65,-9.4,0.0,2026-07-23,2026-07-23,21.47,0.6494,0.0602,0.5588,0.6137,0.2548,0.0686,0.2191,-0.5895,0.2052,多周期共振看空 ⬇⬇⬇,-0.7875,-0.3506,-0.27
002678,珠江钢琴,55.52,True,4.09,4.17,0,-1.94,-20.33,-10.67,-1.94,0.0,2026-07-23,2026-07-23,40.0,-0.1239,-0.1526,0.3672,0.1389,0.6667,0.388,0.2185,-0.5845,0.2077,多周期共振看空 ⬇⬇⬇,-0.625,-0.4113,-0.3375
001267,汇绿生态,192.79,True,31.68,42.3,3,12.45,-32.71,-14.48,-25.11,0.0,2026-07-23,2026-07-23,21.62,0.534,-0.6973,0.7379,0.3204,0.2582,0.0,0.2182,-0.0766,0.4617,月线看多，中短期调整中,-0.7065,-0.209,0.45
600176,中国巨石,1523.5,True,38.36,56.5,10,54.44,-34.51,4.4,-32.1,0.0,2026-07-23,2026-07-23,19.71,-0.0842,-0.1747,1.0259,0.1301,0.2159,0.0,0.2181,0.2772,0.6386,上升趋势中的日线回调（关注买点）,-0.2895,0.7298,0.45
002666,德联集团,19.38,True,3.87,3.91,0,-0.11,-8.67,-4.89,-1.09,0.0,2026-07-23,2026-07-23,40.57,-0.4259,0.1171,0.3306,0.2468,0.6792,0.4489,0.2181,-0.8243,0.0878,多周期共振看空 ⬇⬇⬇,-0.6039,-0.7315,-0.5625
002312,川发龙蟒,156.73,True,8.32,8.65,10,15.54,-12.58,-2.38,-3.8,0.0047,2026-07-23,2026-07-23,31.2,0.8006,-0.7319,0.5005,0.4804,0.471,0.1658,0.2181,-0.7328,0.1336,多周期共振看空 ⬇⬇⬇,-0.4426,-0.6686,-0.5625
003029,吉大正元,27.19,True,15.44,15.82,0,-2.29,-10.75,-5.74,-2.39,0.0,2026-07-23,2026-07-23,39.95,0.2757,-0.2184,0.3504,0.2781,0.6656,0.416,0.2179,-0.8332,0.0834,多周期共振看空 ⬇⬇⬇,-0.616,-0.7408,-0.5625
002641,公元股份,43.32,True,3.82,3.94,4,1.64,-9.42,-2.89,-2.92,0.0,2026-07-23,2026-07-23,41.98,-0.0607,-0.3376,0.2836,0.065,0.7106,0.5273,0.2178,-0.6361,0.182,多周期共振看空 ⬇⬇⬇,-0.4396,-0.5263,-0.495
002046,国机精工,256.5,True,48.38,61.98,10,25.01,-24.5,-2.63,-21.95,0.0,2026-07-23,2026-07-23,21.19,0.3483,-0.395,0.7217,0.251,0.2486,0.0,0.2174,0.0396,0.5198,多周期方向不一致，观望,-0.3585,0.0313,0.45
002254,泰和新材,96.45,True,11.34,14.38,5,21.11,-28.78,-11.38,-21.11,0.0,2026-07-23,2026-07-23,11.19,0.7569,-0.6737,0.5284,0.4541,0.0265,0.1194,0.2171,-0.117,0.4415,多周期方向不一致，观望,-0.5152,-0.0725,0.0
000985,大庆华科,18.4,True,14.19,14.38,1,1.01,-10.2,-5.09,-1.34,0.0,2026-07-23,2026-07-23,41.42,-0.3121,0.0495,0.356,0.2198,0.6983,0.4066,0.217,-0.7787,0.1107,多周期共振看空 ⬇⬇⬇,-0.598,-0.7038,-0.495
600063,皖维高新,115.04,True,5.56,6.45,4,5.57,-26.51,-12.75,-13.82,0.0,2026-07-23,2026-07-23,20.0,0.9206,-0.687,0.7241,0.5523,0.2222,0.0,0.217,-0.4143,0.2928,多周期共振看空 ⬇⬇⬇,-0.5565,-0.276,-0.1575
600169,ST太重,66.66,True,2.0,1.99,6,2.05,-12.86,-3.74,0.45,0.0162,2026-07-22,2026-07-23,38.71,-0.3505,-0.1903,0.268,0.1239,0.638,0.5534,0.217,-0.7092,0.1454,多周期共振看空 ⬇⬇⬇,-0.3303,-0.7131,-0.5625
002395,双象股份,30.92,True,11.53,12.02,1,0.1,-13.1,-5.06,-4.04,0.0,2026-07-23,2026-07-23,34.99,0.3239,-0.1553,0.3806,0.3322,0.5552,0.3656,0.217,-0.7542,0.1229,多周期共振看空 ⬇⬇⬇,-0.589,-0.5902,-0.5625
002255,海陆重工,51.42,True,8.06,8.61,6,4.94,-13.41,-5.67,-6.34,0.0,2026-07-23,2026-07-23,24.16,0.736,0.1853,0.5839,0.7157,0.3147,0.0268,0.2169,-0.8089,0.0956,多周期共振看空 ⬇⬇⬇,-0.654,-0.7223,-0.495
002085,万丰奥威,218.49,True,10.29,10.56,0,-0.76,-13.83,-8.37,-2.6,0.0,2026-07-23,2026-07-23,31.09,0.825,-0.6348,0.4797,0.495,0.4687,0.2005,0.2166,-0.7822,0.1089,多周期共振看空 ⬇⬇⬇,-0.5012,-0.727,-0.5625
002592,ST八菱,15.03,True,5.72,6.06,2,3.37,-11.18,-4.62,-5.65,0.0,2026-07-23,2026-07-23,26.67,0.4886,0.4146,0.5399,0.659,0.3704,0.1001,0.2166,-0.8463,0.0768,多周期共振看空 ⬇⬇⬇,-0.7605,-0.7131,-0.495
002114,罗平锌电,20.5,True,6.34,6.6,0,-0.37,-14.89,-7.81,-3.91,0.0,2026-07-23,2026-07-23,34.35,0.804,-0.736,0.5795,0.4824,0.5411,0.0341,0.2165,-0.7162,0.1419,多周期共振看空 ⬇⬇⬇,-0.5615,-0.5978,-0.495
002972,科安达,18.06,True,13.41,16.69,12,29.55,-24.69,3.54,-19.67,0.0,2026-07-23,2026-07-23,20.39,0.0148,-0.2519,0.7247,0.1082,0.231,0.0,0.2164,0.2808,0.6404,上升趋势中的日线回调（关注买点）,-0.243,0.7021,0.45
002778,中晟高科,17.55,True,14.22,14.95,0,-2.94,-11.4,-7.44,-4.9,0.0,2026-07-23,2026-07-23,37.63,0.4007,-0.0811,0.4786,0.408,0.614,0.2023,0.2163,-0.8211,0.0894,多周期共振看空 ⬇⬇⬇,-0.601,-0.7269,-0.5625
002559,亚威股份,45.36,True,9.0,11.66,12,39.24,-24.94,2.7,-22.8,0.0,2026-07-23,2026-07-23,12.25,0.5888,-0.1929,1.0337,0.4761,0.05,0.0,0.2162,-0.0925,0.4537,多周期方向不一致，观望,-0.2116,-0.0677,-0.1575
002211,ST宏达,13.54,True,3.13,3.68,9,9.83,-19.75,-3.19,-14.92,0.0,2026-07-23,2026-07-23,19.43,0.6424,-0.6094,0.6458,0.3854,0.2095,0.0,0.2159,-0.1408,0.4296,多周期方向不一致，观望,-0.4507,-0.1329,-0.0997
600182,S佳通,21.91,True,12.89,13.15,5,8.86,-7.35,-1.69,-1.96,0.0122,2026-07-23,2026-07-23,26.93,0.6808,-0.6864,0.4257,0.4085,0.3763,0.2905,0.2158,-0.6406,0.1797,多周期共振看空 ⬇⬇⬇,-0.3221,-0.5694,-0.5625
002917,金奥博,25.53,True,9.8,10.14,0,-1.31,-14.83,-7.41,-3.38,0.0,2026-07-23,2026-07-23,26.46,0.7187,-0.3501,0.389,0.4912,0.3658,0.3516,0.2152,-0.7843,0.1079,多周期共振看空 ⬇⬇⬇,-0.607,-0.641,-0.5625
002263,大东南,52.97,True,2.82,2.98,1,2.5,-24.14,-14.84,-5.35,0.0,2026-07-23,2026-07-23,29.0,0.8486,-0.5841,0.6002,0.5092,0.4222,0.0,0.2149,-0.6022,0.1989,多周期共振看空 ⬇⬇⬇,-0.5345,-0.5278,-0.3375
002564,天沃科技,36.07,True,4.2,4.23,0,-0.8,-10.09,-6.05,-0.8,0.0,2026-07-23,2026-07-23,38.28,0.3286,-0.1981,0.4149,0.3179,0.6285,0.3086,0.2146,-0.793,0.1035,多周期共振看空 ⬇⬇⬇,-0.5236,-0.7315,-0.5625
002276,万马股份,98.8,True,9.81,9.78,1,0.3,-10.37,-6.18,0.3,0.0,2026-07-22,2026-07-23,36.0,0.2905,0.087,0.4537,0.4091,0.5778,0.2439,0.2144,-0.8279,0.0861,多周期共振看空 ⬇⬇⬇,-0.5916,-0.75,-0.5625
600207,安彩高科,44.44,True,4.08,4.67,0,-7.33,-23.61,-16.86,-12.66,0.0,2026-07-23,2026-07-23,24.87,0.7734,-0.3111,0.6268,0.5396,0.3304,0.0,0.2144,-0.5444,0.2278,多周期共振看空 ⬇⬇⬇,-0.747,-0.2863,-0.27
002392,北京利尔,80.33,True,6.94,7.51,6,11.21,-15.17,-4.63,-7.61,0.0,2026-07-23,2026-07-23,24.86,0.8886,-0.8734,0.7106,0.5332,0.3302,0.0,0.2143,-0.5347,0.2327,多周期共振看空 ⬇⬇⬇,-0.6259,-0.2112,-0.4275
002037,保利联合,28.98,True,5.99,6.09,0,-1.46,-9.2,-5.69,-1.59,0.0,2026-07-23,2026-07-23,38.33,-0.5654,0.183,0.3432,0.2732,0.6296,0.428,0.2143,-0.8206,0.0897,多周期共振看空 ⬇⬇⬇,-0.616,-0.7131,-0.5625
002738,中矿资源,360.88,True,50.74,54.13,7,10.22,-20.96,-6.78,-6.26,0.0,2026-07-23,2026-07-23,27.41,0.3577,0.4203,0.8511,0.5827,0.3868,0.0,0.2142,-0.6832,0.1584,多周期共振看空 ⬇⬇⬇,-0.636,-0.619,-0.3375
002112,三变科技,38.05,True,14.52,15.07,0,-2.04,-14.7,-8.09,-3.65,0.0,2026-07-23,2026-07-23,33.16,0.4183,-0.1016,0.5077,0.4103,0.5146,0.1538,0.2142,-0.6834,0.1583,多周期共振看空 ⬇⬇⬇,-0.7416,-0.5288,-0.3375
002786,银宝山新,35.77,True,7.24,7.62,3,3.71,-8.44,-3.94,-5.01,0.0,2026-07-23,2026-07-23,34.98,0.5501,-0.4107,0.5684,0.3658,0.5552,0.0526,0.2139,-0.5824,0.2088,多周期共振看空 ⬇⬇⬇,-0.5195,-0.2723,-0.5625
600281,华阳新材,20.11,True,3.91,3.98,0,-1.82,-12.69,-8.86,-1.82,0.0,2026-07-23,2026-07-23,40.56,0.472,-0.336,0.4802,0.3488,0.6791,0.1996,0.2138,-0.8224,0.0888,多周期共振看空 ⬇⬇⬇,-0.6205,-0.7131,-0.5625
000547,航天发展,227.4,True,14.31,16.41,1,0.03,-23.27,-10.83,-12.78,0.0,2026-07-23,2026-07-23,28.22,0.3063,0.5525,0.8293,0.5838,0.4048,0.0,0.2137,-0.7104,0.1448,多周期共振看空 ⬇⬇⬇,-0.783,-0.5527,-0.3375
002363,隆基机械,25.03,True,6.02,6.09,1,1.45,-10.35,-4.43,-1.13,0.0,2026-07-23,2026-07-23,41.3,0.0375,0.0507,0.3819,0.2428,0.6957,0.3635,0.2135,-0.8062,0.0969,多周期共振看空 ⬇⬇⬇,-0.579,-0.7131,-0.5625
600241,时代万恒,18.92,True,6.43,6.63,4,5.41,-10.84,-4.71,-2.96,0.0,2026-07-23,2026-07-23,45.2,0.4343,-0.3936,0.6407,0.3031,0.7822,0.0,0.2132,-0.7181,0.141,多周期共振看空 ⬇⬇⬇,-0.506,-0.5821,-0.5625
002809,红墙股份,12.46,True,7.33,7.45,0,-0.68,-10.19,-5.86,-1.63,0.0,2026-07-23,2026-07-23,41.0,-0.0691,0.1426,0.443,0.2571,0.6888,0.2617,0.2126,-0.7466,0.1267,多周期共振看空 ⬇⬇⬇,-0.5994,-0.5646,-0.5625
002916,深南电路,2243.53,True,337.47,400.1,10,12.2,-21.74,-3.32,-15.65,0.0,2026-07-23,2026-07-23,29.07,0.0595,-0.4074,0.8721,0.0727,0.4238,0.0,0.2124,0.0746,0.5373,多周期方向不一致，观望,-0.372,0.0844,0.5625
002654,万润科技,98.13,True,11.61,16.72,9,29.56,-35.02,-3.5,-30.54,0.0,2026-07-23,2026-07-23,17.05,0.5541,-0.4068,0.8779,0.3697,0.1567,0.0,0.2123,-0.081,0.4595,多周期方向不一致，观望,-0.3817,-0.0289,0.0
002637,赞宇科技,44.08,True,9.48,10.34,0,-2.91,-11.92,-6.61,-8.28,0.0,2026-07-23,2026-07-23,30.14,0.4923,-0.6156,0.4287,0.2954,0.4477,0.2855,0.2123,-0.5394,0.2303,多周期共振看空 ⬇⬇⬇,-0.502,-0.4177,-0.3375
002195,岩山科技,339.2,True,6.04,6.19,0,-2.42,-10.74,-7.21,-2.42,0.0,2026-07-23,2026-07-23,39.11,0.2443,-0.1081,0.4898,0.3033,0.6469,0.1836,0.2114,-0.7175,0.1412,多周期共振看空 ⬇⬇⬇,-0.625,-0.7038,-0.3375
002232,启明信息,55.6,True,13.61,13.99,3,1.25,-9.75,-3.57,-2.7,0.0,2026-07-23,2026-07-23,32.88,0.501,-0.1519,0.4859,0.4398,0.5084,0.1902,0.2112,-0.7763,0.1119,多周期共振看空 ⬇⬇⬇,-0.5131,-0.7038,-0.5625
600178,东安动力,40.3,True,8.64,9.12,9,8.04,-11.55,-3.44,-5.26,0.0,2026-07-23,2026-07-23,28.92,0.8712,-0.5999,0.5265,0.5227,0.4205,0.1226,0.2111,-0.7503,0.1249,多周期共振看空 ⬇⬇⬇,-0.425,-0.7223,-0.5625
000801,四川九洲,111.25,True,10.95,11.54,5,9.66,-10.26,-2.71,-5.08,0.0,2026-07-23,2026-07-23,31.36,0.7667,-0.3289,0.6918,0.5284,0.4747,0.0,0.2108,-0.7284,0.1358,多周期共振看空 ⬇⬇⬇,-0.3365,-0.75,-0.5625
002090,金智科技,34.88,True,8.76,8.89,2,3.02,-8.8,-3.51,-1.47,0.0,2026-07-23,2026-07-23,35.13,0.7051,-0.4045,0.5509,0.4612,0.5583,0.0818,0.2104,-0.7905,0.1048,多周期共振看空 ⬇⬇⬇,-0.5387,-0.7131,-0.5625
002134,天津普林,51.1,True,20.64,26.08,8,6.96,-26.63,-7.01,-20.87,0.0,2026-07-23,2026-07-23,15.86,0.4812,-0.1085,0.6133,0.4453,0.1303,0.0,0.2103,-0.1865,0.4068,月线震荡，中短期走弱,-0.5227,-0.179,0.0
002088,鲁阳节能,38.3,True,7.57,7.55,1,0.28,-8.93,-5.1,0.28,0.0,2026-07-22,2026-07-23,40.79,0.0836,0.1458,0.4733,0.3085,0.6842,0.2111,0.2099,-0.8043,0.0978,多周期共振看空 ⬇⬇⬇,-0.5418,-0.7408,-0.5625
002617,露笑科技,112.66,True,6.0,8.09,11,14.21,-33.21,-8.83,-25.85,0.0,2026-07-23,2026-07-23,22.89,0.7463,-0.5898,0.8742,0.4478,0.2865,0.0,0.2098,-0.3822,0.3089,多周期共振看空 ⬇⬇⬇,-0.4718,-0.2782,-0.1575
002098,浔兴股份,22.73,True,6.35,6.44,3,2.38,-7.83,-3.27,-1.45,0.0,2026-07-23,2026-07-23,40.25,-0.2134,-0.0884,0.309,0.1647,0.6723,0.485,0.2095,-0.7824,0.1088,多周期共振看空 ⬇⬇⬇,-0.4748,-0.75,-0.5625
000697,炼石航空,52.38,True,8.02,9.02,0,-5.22,-18.67,-11.59,-11.07,0.0,2026-07-23,2026-07-23,17.15,0.4433,-0.4333,0.3935,0.2927,0.1589,0.3441,0.2092,-0.2603,0.3699,月线震荡，中短期走弱,-0.7515,-0.2379,0.0071
002361,神剑股份,77.26,True,9.55,11.87,0,-4.05,-28.71,-16.42,-19.54,0.0,2026-07-23,2026-07-23,24.34,0.7214,-0.3385,0.8616,0.4974,0.3186,0.0,0.2091,-0.5057,0.2471,多周期共振看空 ⬇⬇⬇,-0.774,-0.2806,-0.1675
002799,环球印务,19.11,True,5.97,6.09,3,2.9,-10.91,-5.32,-1.95,0.0,2026-07-23,2026-07-23,42.78,0.0292,-0.0956,0.3422,0.1793,0.7284,0.4297,0.209,-0.8323,0.0838,多周期共振看空 ⬇⬇⬇,-0.6587,-0.7021,-0.5625
600080,ST金花,17.28,True,4.63,4.74,10,7.26,-12.06,-1.71,-2.24,0.0605,2026-07-23,2026-07-23,37.41,0.2599,-0.7387,0.4571,0.1559,0.6092,0.2382,0.2087,-0.6467,0.1766,多周期共振看空 ⬇⬇⬇,-0.1593,-0.7223,-0.5625
002497,雅化集团,189.03,True,17.84,19.5,6,11.7,-19.71,-7.67,-8.53,0.0,2026-07-23,2026-07-23,35.64,-0.0204,0.7267,0.8889,0.4,0.5697,0.0,0.2085,-0.6558,0.1721,多周期共振看空 ⬇⬇⬇,-0.6997,-0.5041,-0.3375
002094,青岛金王,29.97,True,4.34,4.36,1,0.98,-11.13,-5.05,-0.57,0.0,2026-07-23,2026-07-23,42.34,-0.0567,-0.1186,0.3192,0.1526,0.7187,0.468,0.2081,-0.8161,0.0919,多周期共振看空 ⬇⬇⬇,-0.5612,-0.75,-0.5625
002906,华阳集团,124.7,True,23.77,24.38,1,0.51,-11.55,-5.63,-2.5,0.0,2026-07-23,2026-07-23,31.96,0.5762,-0.587,0.4643,0.3457,0.4879,0.2262,0.208,-0.6556,0.1722,多周期共振看空 ⬇⬇⬇,-0.469,-0.4763,-0.5625
000576,甘化科工,27.89,True,6.43,6.79,5,14.96,-9.34,-3.53,-5.29,0.0,2026-07-23,2026-07-23,21.59,0.6371,0.4419,0.7459,0.7591,0.2577,0.0,0.208,-0.8595,0.0702,多周期共振看空 ⬇⬇⬇,-0.6727,-0.75,-0.5625
002835,同为股份,14.24,True,11.19,11.47,1,0.65,-8.92,-3.88,-2.45,0.0,2026-07-23,2026-07-23,36.45,0.0769,0.1497,0.3786,0.306,0.5878,0.369,0.2079,-0.8267,0.0867,多周期共振看空 ⬇⬇⬇,-0.5886,-0.75,-0.5625
600326,西藏天路,87.61,True,6.43,6.4,1,0.43,-10.82,-5.71,0.43,0.0,2026-07-22,2026-07-23,40.49,-0.0988,0.0424,0.351,0.217,0.6776,0.4151,0.2076,-0.8315,0.0842,多周期共振看空 ⬇⬇⬇,-0.6115,-0.7408,-0.5625
001223,欧克科技,19.87,True,28.46,38.13,5,14.85,-32.4,-13.11,-25.37,0.0,2026-07-23,2026-07-23,7.14,0.8332,-0.7861,0.7062,0.4999,0.0,0.0,0.2076,-0.1392,0.4304,多周期方向不一致，观望,-0.5887,-0.1074,0.0
002360,ST同德,16.24,True,4.99,5.16,9,14.24,-18.32,-2.18,-3.22,0.0082,2026-07-23,2026-07-23,41.96,0.2883,-0.3557,0.7897,0.2307,0.7102,0.0,0.2075,-0.5813,0.2093,多周期共振看空 ⬇⬇⬇,-0.3854,-0.6098,-0.3375
003017,大洋生物,16.72,True,20.11,21.86,7,8.24,-11.55,-1.68,-8.0,0.0,2026-07-23,2026-07-23,24.78,0.679,-0.3393,0.4678,0.4717,0.3285,0.2204,0.2074,-0.6658,0.1671,多周期共振看空 ⬇⬇⬇,-0.5431,-0.4352,-0.5625
001218,丽臣实业,25.17,True,21.21,22.84,5,2.1,-10.41,-3.61,-7.15,0.0,2026-07-23,2026-07-23,31.88,0.4351,-0.3538,0.5183,0.3195,0.4862,0.1362,0.2071,-0.5466,0.2267,多周期共振看空 ⬇⬇⬇,-0.4708,-0.4603,-0.3375
002671,龙泉股份,19.74,True,3.58,3.73,2,0.47,-9.17,-4.24,-4.1,0.0,2026-07-23,2026-07-23,36.36,-0.1809,0.267,0.3407,0.3068,0.5859,0.4322,0.207,-0.8839,0.058,多周期共振看空 ⬇⬇⬇,-0.7458,-0.7408,-0.5625
001324,长青科技,24.59,True,17.82,18.89,13,8.95,-8.87,0.76,-5.65,0.0845,2026-07-23,2026-07-23,24.58,0.0797,-0.171,0.4962,0.1794,0.3241,0.1731,0.207,-0.3611,0.3195,多周期共振看空 ⬇⬇⬇,-0.1702,-0.2428,-0.405
002282,博深股份,28.63,True,5.67,5.71,2,0.67,-6.77,-2.93,-0.67,0.029,2026-07-23,2026-07-23,43.31,0.0429,-0.5176,0.2869,0.0257,0.7402,0.5219,0.2068,-0.7622,0.1189,多周期共振看空 ⬇⬇⬇,-0.4338,-0.7408,-0.5625
600052,东望时代,30.22,True,3.58,3.61,4,3.4,-10.82,-2.95,-0.71,0.0126,2026-07-23,2026-07-23,37.38,0.1467,-0.3472,0.4263,0.1491,0.6085,0.2895,0.2066,-0.5781,0.211,多周期共振看空 ⬇⬇⬇,-0.252,-0.492,-0.5625
002696,百洋股份,16.31,True,4.88,5.16,4,4.38,-9.34,-3.46,-5.49,0.0,2026-07-23,2026-07-23,36.36,0.5268,-0.2517,0.5779,0.4154,0.5859,0.0369,0.2065,-0.7454,0.1273,多周期共振看空 ⬇⬇⬇,-0.4804,-0.7315,-0.495
002177,御银股份,36.04,True,5.34,5.36,0,-0.32,-12.37,-7.81,-0.32,0.0,2026-07-23,2026-07-23,42.69,0.3275,-0.5061,0.4468,0.1965,0.7264,0.2553,0.2065,-0.738,0.131,多周期共振看空 ⬇⬇⬇,-0.4746,-0.6527,-0.5625
002140,东华科技,62.44,True,8.83,8.94,0,-1.24,-8.42,-4.68,-1.24,0.0,2026-07-23,2026-07-23,36.93,0.0086,-0.1394,0.2585,0.1494,0.5985,0.5691,0.2062,-0.7628,0.1186,多周期共振看空 ⬇⬇⬇,-0.5788,-0.6854,-0.495
001696,宗申动力,133.71,True,15.0,18.2,5,30.36,-25.73,-8.07,-17.59,0.0,2026-07-23,2026-07-23,25.57,0.8394,-0.804,0.672,0.5037,0.3459,0.0,0.2061,-0.5723,0.2138,多周期共振看空 ⬇⬇⬇,-0.5152,-0.3662,-0.45
002425,凯撒文化,23.46,True,2.55,2.65,3,1.3,-9.45,-3.74,-3.61,0.0,2026-07-23,2026-07-23,37.21,-0.0535,0.125,0.4268,0.25,0.6047,0.2887,0.206,-0.7088,0.1456,多周期共振看空 ⬇⬇⬇,-0.3528,-0.6929,-0.5625
000595,宝塔实业,62.85,True,5.52,5.36,3,3.51,-19.33,-10.68,2.9,0.0,2026-07-22,2026-07-23,39.35,0.2417,-0.7063,0.9721,0.145,0.6522,0.0,0.2055,-0.3703,0.3148,多周期共振看空 ⬇⬇⬇,-0.5112,-0.2209,-0.1547
002730,电光科技,76.47,True,22.1,26.26,4,2.05,-24.91,-7.99,-15.85,0.0,2026-07-23,2026-07-23,30.59,-0.3827,-0.2447,0.719,0.1021,0.4576,0.0,0.2055,-0.0683,0.4658,月线看多，中短期调整中,-0.6053,-0.2563,0.45
002871,伟隆股份,22.75,True,15.24,19.26,7,10.41,-23.32,-6.21,-20.87,0.0,2026-07-23,2026-07-23,14.01,0.7451,-0.8055,0.6047,0.447,0.0891,0.0,0.2054,-0.1788,0.4106,月线震荡，中短期走弱,-0.519,-0.1562,0.0
000681,视觉中国,109.94,True,16.26,18.14,0,-1.87,-15.85,-10.59,-10.38,0.0,2026-07-23,2026-07-23,25.5,0.7693,-0.598,0.481,0.4616,0.3444,0.1984,0.2054,-0.6677,0.1662,多周期共振看空 ⬇⬇⬇,-0.7065,-0.3668,-0.495
002655,共达电声,94.2,True,25.89,36.56,7,28.48,-35.46,-7.24,-29.18,0.0,2026-07-23,2026-07-23,17.8,0.4234,-0.7975,0.8082,0.254,0.1733,0.0,0.2051,0.0264,0.5132,多周期方向不一致，观望,-0.4372,0.0406,0.45
002810,山东赫达,62.87,True,19.47,21.7,10,11.39,-18.8,-5.48,-10.28,0.0,2026-07-23,2026-07-23,21.9,0.4301,-0.7435,0.5889,0.258,0.2644,0.0184,0.205,-0.105,0.4475,月线看多，中短期调整中,-0.558,-0.314,0.2925
000016,*ST康佳A,39.28,True,2.46,2.46,5,8.58,-23.16,-6.35,0.16,0.0,2026-07-21,2026-07-23,42.45,0.2961,-0.2115,0.781,0.293,0.721,0.0,0.2048,-0.6954,0.1523,多周期共振看空 ⬇⬇⬇,-0.3615,-0.656,-0.5625
002578,闽发铝业,25.15,True,2.92,3.01,0,-2.84,-13.49,-9.59,-2.84,0.0,2026-07-23,2026-07-23,37.37,-0.0271,0.0163,0.4148,0.2065,0.6083,0.3087,0.2047,-0.6699,0.165,多周期共振看空 ⬇⬇⬇,-0.625,-0.5991,-0.3375
002913,奥士康,135.07,True,44.22,52.68,6,15.49,-31.08,-8.74,-16.05,0.0,2026-07-23,2026-07-23,30.68,-0.3636,-0.3794,0.8427,0.0482,0.4596,0.0,0.2045,0.007,0.5035,多周期方向不一致，观望,-0.492,0.0025,0.45
003019,宸展光电,39.1,True,22.86,26.89,0,-3.78,-23.3,-12.75,-15.0,0.0,2026-07-23,2026-07-23,25.53,0.5087,0.0915,0.7597,0.5418,0.3452,0.0,0.2044,-0.6462,0.1769,多周期共振看空 ⬇⬇⬇,-0.7515,-0.2811,-0.495
002271,东方雨虹,219.59,True,11.47,11.46,3,1.03,-11.69,-4.5,0.12,0.0,2026-07-22,2026-07-23,40.33,-0.2746,-0.0121,0.5371,0.1951,0.6739,0.1048,0.2044,-0.5696,0.2152,多周期共振看空 ⬇⬇⬇,-0.3444,-0.6192,-0.3375
002471,中超控股,68.38,True,5.09,5.49,0,-3.61,-16.7,-12.63,-7.36,0.0,2026-07-23,2026-07-23,25.0,0.3424,0.3263,0.7472,0.5359,0.3333,0.0,0.2041,-0.6246,0.1877,多周期共振看空 ⬇⬇⬇,-0.575,-0.5423,-0.3375
002331,皖通科技,25.93,True,6.45,6.91,0,-6.22,-12.55,-9.17,-6.62,0.0,2026-07-23,2026-07-23,28.0,0.5116,-0.3487,0.373,0.3675,0.4,0.3783,0.204,-0.739,0.1305,多周期共振看空 ⬇⬇⬇,-0.7875,-0.4542,-0.495
002806,华锋股份,21.33,True,12.25,15.97,3,4.64,-27.53,-12.65,-23.3,0.0,2026-07-23,2026-07-23,7.54,0.7298,-0.6266,0.5558,0.4379,0.0,0.0737,0.2036,-0.1312,0.4344,多周期方向不一致，观望,-0.5655,-0.0921,0.0
600303,曙光股份,16.46,True,2.43,2.49,2,2.42,-17.8,-8.16,-2.49,0.0,2026-07-23,2026-07-23,41.84,0.1405,-0.2072,0.4954,0.2015,0.7075,0.1743,0.2034,-0.6832,0.1584,多周期共振看空 ⬇⬇⬇,-0.5183,-0.4947,-0.5625
000012,南  玻Ａ,74.65,True,3.81,4.28,9,16.58,-15.95,-3.16,-11.05,0.0,2026-07-23,2026-07-23,19.71,0.9146,-0.8521,0.7033,0.5488,0.2158,0.0,0.2034,-0.5097,0.2451,多周期共振看空 ⬇⬇⬇,-0.3519,-0.3687,-0.45
002993,奥海科技,92.85,True,38.94,55.01,6,8.83,-36.74,-12.5,-29.21,0.0,2026-07-23,2026-07-23,12.37,0.4529,-0.1417,0.7984,0.415,0.0528,0.0,0.2033,-0.1013,0.4494,多周期方向不一致，观望,-0.4777,-0.0356,0.0
002005,ST德豪,40.12,True,2.29,2.36,1,0.85,-17.56,-7.04,-2.84,0.0,2026-07-23,2026-07-23,40.54,0.0838,-0.0774,0.554,0.2193,0.6787,0.0767,0.2029,-0.6035,0.1982,多周期共振看空 ⬇⬇⬇,-0.5525,-0.5152,-0.3375
002049,紫光国微,549.71,True,65.2,77.79,13,13.43,-23.32,-1.79,-16.18,0.0,2026-07-23,2026-07-23,28.53,0.4526,-0.4264,0.6144,0.301,0.4117,0.0,0.2029,-0.3524,0.3238,多周期共振看空 ⬇⬇⬇,-0.3892,-0.216,-0.225
600105,永鼎股份,516.96,True,35.36,49.32,6,29.83,-33.29,-10.23,-28.3,0.0,2026-07-23,2026-07-23,24.14,0.0822,-0.2553,0.9592,0.1472,0.3143,0.0,0.2029,0.0105,0.5052,多周期方向不一致，观望,-0.474,0.0025,0.45
600171,上海贝岭,160.64,True,22.66,27.21,9,14.02,-20.92,-3.22,-16.73,0.0,2026-07-23,2026-07-23,21.57,0.8266,-0.6359,0.5333,0.496,0.257,0.1112,0.2027,-0.5696,0.2152,多周期共振看空 ⬇⬇⬇,-0.5317,-0.3462,-0.45
002943,宇晶股份,60.34,True,31.95,40.54,0,-4.56,-30.43,-14.4,-21.19,0.0,2026-07-23,2026-07-23,24.62,0.5019,-0.0878,0.9062,0.466,0.3248,0.0,0.2025,-0.5153,0.2424,多周期共振看空 ⬇⬇⬇,-0.7515,-0.2183,-0.27
002635,安洁科技,51.62,True,13.05,17.46,10,25.53,-30.25,-4.24,-25.26,0.0,2026-07-23,2026-07-23,10.32,0.4556,-0.1226,1.03,0.4243,0.007,0.0,0.2019,-0.072,0.464,多周期方向不一致，观望,-0.3495,-0.0263,0.0094
002117,东港股份,40.42,True,7.72,7.87,1,0.1,-12.39,-5.78,-1.85,0.0,2026-07-23,2026-07-23,37.1,0.0452,0.0616,0.3815,0.2518,0.6023,0.3642,0.2018,-0.8025,0.0988,多周期共振看空 ⬇⬇⬇,-0.5695,-0.7131,-0.5625
000633,合金投资,18.45,True,4.79,4.85,2,3.59,-9.91,-4.26,-1.15,0.0,2026-07-23,2026-07-23,43.06,-0.1282,-0.2085,0.378,0.1166,0.7346,0.3699,0.2017,-0.7505,0.1248,多周期共振看空 ⬇⬇⬇,-0.4146,-0.7315,-0.5625
000880,潍柴重机,49.11,True,21.63,22.4,1,1.02,-14.12,-6.78,-3.42,0.0,2026-07-23,2026-07-23,42.35,0.3402,-0.6206,0.6022,0.2041,0.7188,0.0,0.2012,-0.5799,0.2101,多周期共振看空 ⬇⬇⬇,-0.3795,-0.3868,-0.5625
001239,永达股份,13.18,True,11.56,12.52,1,2.1,-11.38,-6.59,-7.67,0.0,2026-07-23,2026-07-23,29.27,-0.1027,1.4329,0.3648,0.4,0.4282,0.3919,0.2011,-0.8583,0.0709,多周期共振看空 ⬇⬇⬇,-0.7125,-0.7131,-0.5625
002715,登云股份,17.31,True,12.54,13.74,8,8.18,-10.72,-3.34,-8.74,0.0,2026-07-23,2026-07-23,30.55,0.5721,-0.1508,0.6454,0.4829,0.4567,0.0,0.201,-0.7129,0.1436,多周期共振看空 ⬇⬇⬇,-0.5059,-0.5706,-0.5625
002771,真视通,20.31,True,11.64,12.45,1,1.23,-18.69,-9.42,-6.5,0.0,2026-07-23,2026-07-23,27.57,0.6929,-0.2949,0.6205,0.4978,0.3903,0.0,0.2005,-0.6609,0.1695,多周期共振看空 ⬇⬇⬇,-0.5408,-0.4264,-0.5625
600103,青山纸业,59.95,True,2.71,2.85,0,-5.05,-15.35,-11.16,-5.05,0.0,2026-07-23,2026-07-23,32.08,0.3209,-0.1831,0.4852,0.3193,0.4906,0.1913,0.2001,-0.6517,0.1742,多周期共振看空 ⬇⬇⬇,-0.625,-0.469,-0.4275
002080,中材科技,840.74,True,50.1,71.54,8,35.18,-34.33,-4.19,-29.97,0.0,2026-07-23,2026-07-23,19.4,0.2223,-0.34,0.9191,0.1974,0.2089,0.0,0.1999,0.0326,0.5163,多周期方向不一致，观望,-0.405,0.0406,0.45
002374,中锐股份,30.49,True,2.81,3.03,7,5.84,-16.32,-5.68,-7.12,0.0,2026-07-23,2026-07-23,28.37,0.6657,-0.7827,0.5551,0.3994,0.4082,0.0749,0.1998,-0.5906,0.2047,多周期共振看空 ⬇⬇⬇,-0.6457,-0.4071,-0.3375
001221,悍高集团,13.65,True,37.9,38.55,0,-0.78,-11.61,-7.04,-1.68,0.0,2026-07-23,2026-07-23,36.5,-0.4669,0.3945,0.5752,0.3578,0.5889,0.0413,0.1995,-0.7165,0.1417,多周期共振看空 ⬇⬇⬇,-0.6115,-0.7131,-0.3375
002076,星光股份,19.49,True,1.87,2.11,0,-0.37,-17.03,-10.58,-11.42,0.0,2026-07-23,2026-07-23,12.82,0.7129,-0.7084,0.5799,0.4277,0.0627,0.0335,0.1988,-0.1957,0.4022,多周期方向不一致，观望,-0.7155,-0.1346,-0.1125
002489,浙江永强,51.27,True,2.68,2.72,0,-1.18,-17.75,-8.38,-1.6,0.0,2026-07-23,2026-07-23,37.1,0.0862,-0.2484,0.3326,0.1524,0.6022,0.4457,0.1987,-0.7332,0.1334,多周期共振看空 ⬇⬇⬇,-0.6025,-0.5325,-0.5625
000777,中核科技,62.96,True,16.42,17.15,5,9.43,-11.24,-3.25,-4.24,0.0,2026-07-23,2026-07-23,27.45,0.7902,-0.7408,0.582,0.4741,0.3878,0.0301,0.1985,-0.66,0.17,多周期共振看空 ⬇⬇⬇,-0.2505,-0.7408,-0.495
002630,*ST华西,18.09,True,1.68,1.73,2,4.86,-9.29,-3.57,-3.03,0.0,2026-07-23,2026-07-23,35.56,0.2769,-0.3786,0.3941,0.2147,0.5679,0.3432,0.1984,-0.7125,0.1437,多周期共振看空 ⬇⬇⬇,-0.354,-0.7001,-0.5625
002576,通达动力,21.27,True,13.13,13.82,1,1.14,-10.95,-7.06,-5.0,0.0,2026-07-23,2026-07-23,23.97,0.578,-0.0981,0.4945,0.5076,0.3105,0.1758,0.1983,-0.7393,0.1304,多周期共振看空 ⬇⬇⬇,-0.5615,-0.581,-0.5625
000795,英洛华,92.76,True,8.31,8.64,4,4.49,-11.77,-4.63,-3.84,0.0,2026-07-23,2026-07-23,26.64,0.7917,-0.7658,0.6354,0.475,0.3699,0.0,0.1982,-0.6184,0.1908,多周期共振看空 ⬇⬇⬇,-0.4968,-0.3708,-0.5625
002577,雷柏科技,46.03,True,16.4,17.94,10,6.77,-10.78,-2.29,-8.57,0.0,2026-07-23,2026-07-23,20.32,0.1907,-0.6017,0.4733,0.1144,0.2294,0.2111,0.1981,-0.0422,0.4789,月线压制，周线反弹受阻,-0.2782,0.1622,-0.225
600071,凤凰光学,40.43,True,14.36,15.77,1,0.22,-11.22,-5.56,-8.96,0.0,2026-07-23,2026-07-23,22.78,0.8129,-0.7765,0.3832,0.4877,0.2841,0.3613,0.1979,-0.8271,0.0865,多周期共振看空 ⬇⬇⬇,-0.6218,-0.7223,-0.5625
002249,大洋电机,130.09,True,6.98,7.32,3,8.72,-11.82,-5.98,-4.62,0.0,2026-07-23,2026-07-23,31.51,0.4937,0.0284,0.7037,0.5076,0.4779,0.0,0.1978,-0.8031,0.0984,多周期共振看空 ⬇⬇⬇,-0.639,-0.6548,-0.5625
003018,金富科技,108.6,True,38.17,51.58,10,28.07,-30.88,-1.85,-25.99,0.0,2026-07-23,2026-07-23,28.22,0.0555,-0.562,0.8668,0.0333,0.4048,0.0,0.1975,0.041,0.5205,多周期方向不一致，观望,-0.3621,0.0406,0.45
600143,金发科技,383.89,True,14.57,14.9,2,6.19,-11.41,-4.8,-2.21,0.0,2026-07-23,2026-07-23,28.52,0.6424,-0.1836,0.6053,0.512,0.4116,0.0,0.1975,-0.7328,0.1336,多周期共振看空 ⬇⬇⬇,-0.5464,-0.5798,-0.5625
000925,众合科技,45.57,True,6.79,8.25,9,18.72,-23.9,-3.4,-17.72,0.0,2026-07-23,2026-07-23,16.55,0.8815,-0.5417,0.7164,0.5289,0.1456,0.0,0.1974,-0.4419,0.2791,多周期共振看空 ⬇⬇⬇,-0.4019,-0.3117,-0.315
002448,中原内配,64.9,True,11.18,11.43,2,2.26,-16.4,-6.32,-2.18,0.0,2026-07-23,2026-07-23,40.44,-0.3922,0.012,0.6905,0.2048,0.6764,0.0,0.1973,-0.5608,0.2196,多周期共振看空 ⬇⬇⬇,-0.6046,-0.512,-0.2022
600198,大唐电信,89.83,True,6.9,8.15,7,7.75,-20.66,-7.82,-15.34,0.0,2026-07-23,2026-07-23,19.94,0.8704,-0.6999,0.5838,0.5222,0.221,0.027,0.1969,-0.5473,0.2263,多周期共振看空 ⬇⬇⬇,-0.5468,-0.3517,-0.3825
002442,龙星科技,22.46,True,4.57,4.87,2,1.85,-12.49,-5.93,-6.08,0.0,2026-07-23,2026-07-23,26.97,0.8411,-0.8458,0.5561,0.5047,0.3772,0.0731,0.1966,-0.7461,0.127,多周期共振看空 ⬇⬇⬇,-0.5575,-0.5994,-0.5625
002652,扬子新材,17.92,True,3.5,3.96,1,0.14,-18.83,-10.07,-11.69,0.0,2026-07-23,2026-07-23,33.5,0.1134,0.1265,0.7965,0.3186,0.5223,0.0,0.1966,-0.5634,0.2183,多周期共振看空 ⬇⬇⬇,-0.774,-0.3048,-0.27
002205,国统股份,17.41,True,9.37,9.96,0,-0.12,-13.25,-7.67,-5.97,0.0,2026-07-23,2026-07-23,36.39,0.411,-0.2493,0.4837,0.3469,0.5863,0.1938,0.1965,-0.8414,0.0793,多周期共振看空 ⬇⬇⬇,-0.7695,-0.6271,-0.5625
001269,欧晶科技,33.27,True,17.29,19.33,0,-8.96,-19.0,-14.77,-10.54,0.0,2026-07-23,2026-07-23,28.09,0.8637,-0.5969,0.7577,0.5182,0.402,0.0,0.1963,-0.7414,0.1293,多周期共振看空 ⬇⬇⬇,-0.702,-0.4653,-0.5625
002615,哈尔斯,19.15,True,6.34,6.88,7,7.01,-16.95,-4.38,-7.85,0.0,2026-07-23,2026-07-23,23.91,0.6716,-0.2097,0.6526,0.5191,0.3092,0.0,0.196,-0.6339,0.183,多周期共振看空 ⬇⬇⬇,-0.4441,-0.4501,-0.5625
600135,乐凯胶片,37.57,True,6.79,7.37,0,-5.62,-13.63,-9.74,-7.82,0.0,2026-07-23,2026-07-23,24.26,0.4006,-0.1277,0.4177,0.3893,0.3168,0.3038,0.196,-0.6783,0.1608,多周期共振看空 ⬇⬇⬇,-0.7875,-0.4783,-0.3375
002407,多氟多,328.81,True,30.48,40.18,10,37.91,-33.28,-1.57,-24.13,0.0,2026-07-23,2026-07-23,15.51,0.4004,-0.5253,1.0715,0.2402,0.1224,0.0,0.1959,0.0359,0.518,多周期方向不一致，观望,-0.345,0.0037,0.45
002880,卫光生物,44.48,True,19.61,20.81,3,4.05,-12.28,-3.69,-5.77,0.0,2026-07-23,2026-07-23,35.94,0.0651,0.2983,0.4897,0.3584,0.5765,0.1838,0.1959,-0.8449,0.0776,多周期共振看空 ⬇⬇⬇,-0.6891,-0.7038,-0.5625
002405,四维图新,147.0,True,6.24,6.35,0,-1.72,-14.28,-7.67,-1.72,0.0,2026-07-23,2026-07-23,41.92,0.1318,-0.293,0.4195,0.1619,0.7093,0.3008,0.1957,-0.785,0.1075,多周期共振看空 ⬇⬇⬇,-0.625,-0.6946,-0.495
600076,康欣新材,36.84,True,2.74,3.12,3,5.05,-16.95,-7.36,-12.09,0.0,2026-07-23,2026-07-23,27.92,0.6534,-0.7381,0.803,0.392,0.3983,0.0,0.1957,-0.5392,0.2304,多周期共振看空 ⬇⬇⬇,-0.5133,-0.4076,-0.3375
000530,冰山冷热,28.39,True,4.73,4.96,0,-3.95,-14.49,-7.37,-4.55,0.0,2026-07-23,2026-07-23,31.17,0.6669,-0.6485,0.449,0.4001,0.4704,0.2516,0.1951,-0.8451,0.0775,多周期共振看空 ⬇⬇⬇,-0.713,-0.6837,-0.5625
002513,蓝丰生化,13.18,True,4.56,4.72,0,-1.49,-11.29,-6.78,-3.45,0.0,2026-07-23,2026-07-23,39.25,-0.1683,0.1839,0.4959,0.2736,0.6499,0.1736,0.1949,-0.7969,0.1015,多周期共振看空 ⬇⬇⬇,-0.566,-0.7038,-0.5625
002855,捷荣技术,21.54,True,8.75,9.16,0,-1.56,-12.38,-7.97,-4.49,0.0,2026-07-23,2026-07-23,35.8,0.1462,-0.0282,0.4441,0.2764,0.5734,0.2598,0.1948,-0.7798,0.1101,多周期共振看空 ⬇⬇⬇,-0.5437,-0.6854,-0.5625
001225,和泰机电,7.87,True,37.39,38.97,1,1.89,-14.37,-6.26,-4.05,0.0,2026-07-23,2026-07-23,32.88,0.2201,0.0774,0.5725,0.363,0.5085,0.0458,0.1946,-0.671,0.1645,多周期共振看空 ⬇⬇⬇,-0.5608,-0.4991,-0.495
002284,亚太股份,65.24,True,8.91,9.33,1,1.52,-13.41,-6.72,-4.53,0.0,2026-07-23,2026-07-23,27.94,0.3836,0.078,0.5137,0.4614,0.3987,0.1439,0.1946,-0.7753,0.1124,多周期共振看空 ⬇⬇⬇,-0.557,-0.7315,-0.495
002189,中光学,45.34,True,17.36,19.57,7,9.26,-15.91,-3.71,-11.3,0.0,2026-07-23,2026-07-23,20.12,0.7296,-0.4907,0.4396,0.4415,0.2249,0.2673,0.1946,-0.633,0.1835,多周期共振看空 ⬇⬇⬇,-0.6,-0.4944,-0.3825
002805,丰元股份,47.62,True,17.08,22.73,10,30.42,-33.99,-5.58,-24.84,0.0,2026-07-23,2026-07-23,15.59,0.4203,-0.503,0.7863,0.2522,0.1242,0.0,0.1945,0.0033,0.5017,多周期方向不一致，观望,-0.3855,-0.1052,0.45
002335,科华数据,202.74,True,30.73,35.47,5,12.12,-20.36,-6.38,-13.35,0.0,2026-07-23,2026-07-23,19.15,0.798,-0.4808,0.5145,0.4865,0.2032,0.1425,0.1945,-0.5802,0.2099,多周期共振看空 ⬇⬇⬇,-0.66,-0.3269,-0.3825
002171,楚江新材,148.63,True,9.21,11.51,4,15.44,-29.04,-11.76,-19.99,0.0,2026-07-23,2026-07-23,15.11,0.8651,-0.8193,0.7008,0.519,0.1135,0.0,0.1942,-0.4134,0.2933,多周期共振看空 ⬇⬇⬇,-0.543,-0.2182,-0.225
002662,峰璟股份,46.5,True,3.1,3.43,8,14.65,-13.33,-2.77,-9.56,0.0,2026-07-23,2026-07-23,24.0,0.5885,-0.7074,0.4058,0.3531,0.3111,0.3236,0.1937,-0.6477,0.1761,多周期共振看空 ⬇⬇⬇,-0.5446,-0.4617,-0.495
002201,九鼎新材,44.97,True,7.47,8.93,3,15.82,-27.69,-14.68,-16.39,0.0,2026-07-23,2026-07-23,22.05,0.8727,-0.7301,0.6768,0.5236,0.2677,0.0,0.1935,-0.6114,0.1943,多周期共振看空 ⬇⬇⬇,-0.7155,-0.3929,-0.3375
002031,巨轮智能,103.59,True,4.71,5.3,2,5.23,-16.17,-7.08,-11.21,0.0,2026-07-23,2026-07-23,25.72,0.8693,-0.4946,0.7635,0.5237,0.3494,0.0,0.1932,-0.7115,0.1442,多周期共振看空 ⬇⬇⬇,-0.6255,-0.4652,-0.5625
001368,通达创智,21.08,True,19.5,20.76,1,1.94,-10.67,-4.86,-6.08,0.0,2026-07-23,2026-07-23,35.52,0.2479,-0.2151,0.4153,0.2627,0.5671,0.3078,0.193,-0.8032,0.0984,多周期共振看空 ⬇⬇⬇,-0.857,-0.5357,-0.495
002519,银河电子,56.1,True,5.02,5.4,1,0.47,-14.11,-8.57,-7.06,0.0,2026-07-23,2026-07-23,34.02,-0.0022,0.4387,0.6779,0.3755,0.5338,0.0,0.193,-0.697,0.1515,多周期共振看空 ⬇⬇⬇,-0.7875,-0.5193,-0.3375
001296,长江材料,12.53,True,16.25,18.12,4,6.35,-14.83,-5.16,-10.3,0.0,2026-07-23,2026-07-23,29.05,0.8412,-0.81,0.696,0.5047,0.4234,0.0,0.1929,-0.7721,0.1139,多周期共振看空 ⬇⬇⬇,-0.5272,-0.75,-0.495
600202,哈空调,16.83,True,4.39,4.5,1,0.18,-10.49,-5.32,-2.52,0.0,2026-07-23,2026-07-23,37.84,0.0763,-0.148,0.4072,0.1866,0.6186,0.3213,0.1926,-0.757,0.1215,多周期共振看空 ⬇⬇⬇,-0.607,-0.581,-0.5625
002587,奥拓电子,27.22,True,5.11,6.08,6,11.68,-20.9,-9.07,-15.91,0.0,2026-07-23,2026-07-23,17.58,0.838,-0.7494,0.7215,0.5028,0.1684,0.0,0.1925,-0.4664,0.2668,多周期共振看空 ⬇⬇⬇,-0.5827,-0.3682,-0.1575
002932,*ST明德,21.95,True,14.06,14.4,5,1.75,-6.89,-2.31,-2.38,0.0361,2026-07-23,2026-07-23,33.75,0.0456,-0.4011,0.2758,0.0669,0.5279,0.5404,0.1921,-0.7227,0.1386,多周期共振看空 ⬇⬇⬇,-0.3325,-0.7408,-0.5625
002194,武汉凡谷,42.3,True,8.28,8.86,1,0.87,-21.55,-14.42,-6.57,0.0,2026-07-23,2026-07-23,28.62,0.7184,-0.6224,0.6019,0.4311,0.4138,0.0,0.1921,-0.6493,0.1754,多周期共振看空 ⬇⬇⬇,-0.5435,-0.3987,-0.5625
003002,壶化股份,28.25,True,15.45,16.7,0,-5.53,-15.84,-11.33,-7.51,0.0,2026-07-23,2026-07-23,29.89,-0.0499,0.4669,0.4695,0.3867,0.442,0.2175,0.192,-0.787,0.1065,多周期共振看空 ⬇⬇⬇,-0.575,-0.6744,-0.5625
002660,茂硕电源,21.13,True,6.16,6.35,0,-1.81,-10.0,-6.57,-2.92,0.0,2026-07-23,2026-07-23,38.64,0.1629,-0.2317,0.4016,0.2051,0.6364,0.3307,0.1915,-0.8241,0.0879,多周期共振看空 ⬇⬇⬇,-0.625,-0.7131,-0.5625
002591,恒大高新,12.45,True,5.57,6.01,0,-4.86,-14.03,-8.94,-7.32,0.0,2026-07-23,2026-07-23,31.07,-0.5125,0.0963,0.4383,0.2385,0.4682,0.2694,0.1913,-0.6283,0.1859,多周期共振看空 ⬇⬇⬇,-0.7695,-0.3837,-0.3375
002985,北摩高科,80.29,True,24.26,25.76,0,-0.94,-11.07,-7.06,-5.82,0.0,2026-07-23,2026-07-23,24.94,0.5326,-0.1584,0.4772,0.4562,0.332,0.2047,0.1909,-0.7648,0.1176,多周期共振看空 ⬇⬇⬇,-0.7785,-0.6762,-0.3375
000536,华映科技,84.83,True,3.07,3.33,4,11.92,-15.6,-6.09,-7.78,0.0,2026-07-23,2026-07-23,17.27,0.8497,-0.0616,0.7934,0.6851,0.1615,0.0,0.1909,-0.7626,0.1187,多周期共振看空 ⬇⬇⬇,-0.4692,-0.7113,-0.5625
002068,黑猫股份,55.93,True,7.61,11.2,10,38.11,-39.3,-2.74,-32.08,0.0,2026-07-23,2026-07-23,13.35,0.5731,-0.7668,0.8465,0.3439,0.0744,0.0,0.1904,-0.1166,0.4417,多周期方向不一致，观望,-0.354,-0.0517,-0.1575
002798,帝欧水华,25.73,True,4.98,5.14,0,-1.11,-16.23,-7.47,-3.05,0.0,2026-07-23,2026-07-23,30.11,0.4756,-0.2821,0.5917,0.3725,0.447,0.0138,0.1902,-0.6218,0.1891,多周期共振看空 ⬇⬇⬇,-0.5021,-0.4413,-0.495
002919,名臣健康,43.96,True,16.64,18.7,3,9.84,-14.98,-5.5,-11.01,0.0,2026-07-23,2026-07-23,35.46,0.4075,-0.5671,0.7786,0.2445,0.5659,0.0,0.1902,-0.5487,0.2257,多周期共振看空 ⬇⬇⬇,-0.58,-0.3713,-0.3375
600203,福日电子,55.5,True,9.36,11.68,8,8.59,-21.45,-4.07,-19.84,0.0,2026-07-23,2026-07-23,29.21,0.551,-0.5519,0.8795,0.3306,0.4268,0.0,0.1897,-0.5236,0.2382,多周期共振看空 ⬇⬇⬇,-0.5227,-0.2078,-0.495
000967,盈峰环境,243.1,True,7.24,8.81,5,12.26,-24.67,-9.23,-17.79,0.0,2026-07-23,2026-07-23,10.28,0.6443,-0.4488,0.7686,0.407,0.0063,0.0,0.1897,-0.1412,0.4294,月线看多，中短期调整中,-0.7147,-0.3521,0.2925
002623,亚玛顿,27.3,True,14.17,15.01,2,2.05,-13.64,-7.85,-5.57,0.0,2026-07-23,2026-07-23,31.14,0.2816,0.1562,0.7585,0.4314,0.4698,0.0,0.1892,-0.7407,0.1296,多周期共振看空 ⬇⬇⬇,-0.6978,-0.5347,-0.495
002922,伊戈尔,94.82,True,25.15,27.91,0,-7.03,-22.42,-13.84,-9.88,0.0,2026-07-23,2026-07-23,34.55,0.2918,-0.1299,0.7102,0.3231,0.5455,0.0,0.189,-0.6592,0.1704,多周期共振看空 ⬇⬇⬇,-0.7875,-0.4363,-0.3375
001367,海森药业,21.42,True,17.61,18.82,4,4.21,-8.1,-3.35,-6.44,0.0,2026-07-23,2026-07-23,28.62,0.596,-0.3347,0.4907,0.4238,0.4137,0.1821,0.1886,-0.8111,0.0944,多周期共振看空 ⬇⬇⬇,-0.7101,-0.6115,-0.5625
002547,*ST春兴,22.98,True,2.08,2.32,0,-6.14,-25.69,-15.62,-10.33,0.0,2026-07-23,2026-07-23,35.75,-0.6037,0.5868,0.9798,0.4,0.5723,0.0,0.1886,-0.8176,0.0912,多周期共振看空 ⬇⬇⬇,-0.765,-0.5787,-0.5625
002217,ST合力泰,104.09,True,1.43,1.65,0,-8.8,-28.52,-19.27,-13.25,0.0,2026-07-23,2026-07-23,32.26,-0.3531,36.7101,0.7363,0.4,0.4946,0.0,0.1885,-0.7254,0.1373,多周期共振看空 ⬇⬇⬇,-0.625,-0.496,-0.5625
002130,沃尔核材,184.66,True,16.1,16.91,0,-3.59,-13.77,-8.54,-4.77,0.0,2026-07-23,2026-07-23,31.63,0.5262,-0.2184,0.6108,0.4283,0.4806,0.0,0.1883,-0.7553,0.1224,多周期共振看空 ⬇⬇⬇,-0.4238,-0.7342,-0.5625
001332,锡装股份,19.39,True,28.85,32.74,0,-6.75,-22.68,-16.93,-11.88,0.0,2026-07-23,2026-07-23,24.76,0.307,-0.2593,0.4686,0.2805,0.3281,0.2191,0.1883,-0.511,0.2445,多周期共振看空 ⬇⬇⬇,-0.7515,-0.209,-0.27
002886,沃特股份,37.34,True,17.86,22.79,2,6.43,-32.4,-15.35,-21.64,0.0,2026-07-23,2026-07-23,14.53,0.5117,-0.423,0.7396,0.3378,0.1006,0.0,0.1881,-0.1563,0.4219,多周期方向不一致，观望,-0.657,-0.1237,0.0
002816,*ST和科,22.18,True,22.18,27.13,13,13.33,-23.25,-0.44,-18.23,0.0,2026-07-23,2026-07-23,27.84,-0.0589,-0.4587,0.7451,0.0165,0.3963,0.0,0.188,0.0016,0.5008,多周期方向不一致，观望,-0.2108,-0.0067,0.1946
000702,正虹科技,12.77,True,4.79,5.04,2,2.76,-11.69,-4.7,-4.97,0.0,2026-07-23,2026-07-23,35.75,0.0944,0.0438,0.4326,0.2742,0.5723,0.2791,0.188,-0.8445,0.0777,多周期共振看空 ⬇⬇⬇,-0.756,-0.6456,-0.5625
000619,海螺新材,15.55,True,4.32,4.4,0,-0.17,-12.31,-6.51,-1.85,0.0,2026-07-23,2026-07-23,38.52,-0.1639,-0.1534,0.3507,0.1386,0.6339,0.4155,0.1879,-0.8114,0.0943,多周期共振看空 ⬇⬇⬇,-0.616,-0.6929,-0.5625
002767,先锋电子,20.53,True,15.77,17.38,9,12.61,-10.3,-1.25,-9.24,0.0,2026-07-23,2026-07-23,38.98,0.386,-0.3477,0.7953,0.2925,0.6439,0.0,0.1879,-0.7375,0.1312,多周期共振看空 ⬇⬇⬇,-0.4817,-0.7131,-0.495
002753,永东股份,17.24,True,5.83,5.87,3,1.46,-10.25,-3.47,-0.75,0.0,2026-07-23,2026-07-23,38.95,-0.0865,-0.5842,0.285,0.0,0.6433,0.5251,0.1878,-0.6899,0.1551,多周期共振看空 ⬇⬇⬇,-0.2969,-0.6993,-0.5625
002235,安妮股份,39.8,True,7.19,8.44,10,10.43,-16.85,-4.56,-14.81,0.0,2026-07-23,2026-07-23,26.65,0.4157,-0.231,0.8048,0.357,0.37,0.0,0.1878,-0.5129,0.2435,多周期共振看空 ⬇⬇⬇,-0.4728,-0.3845,-0.3375
003042,中农联合,14.54,True,11.79,12.23,1,1.11,-10.59,-5.39,-3.63,0.0,2026-07-23,2026-07-23,37.53,-0.2249,-0.0234,0.4127,0.1907,0.6118,0.3122,0.1878,-0.7864,0.1068,多周期共振看空 ⬇⬇⬇,-0.607,-0.7131,-0.495
002109,ST兴化,32.16,True,2.52,2.56,9,6.77,-12.55,-2.11,-1.54,0.0519,2026-07-23,2026-07-23,29.23,0.3008,-0.5182,0.4521,0.1805,0.4274,0.2465,0.1874,-0.6246,0.1877,多周期共振看空 ⬇⬇⬇,-0.2137,-0.6946,-0.495
002824,和胜股份,53.08,True,23.47,28.67,7,28.37,-33.44,-8.03,-18.14,0.0,2026-07-23,2026-07-23,26.99,0.0081,-0.4658,0.7877,0.0185,0.3776,0.0,0.1872,0.0148,0.5074,多周期方向不一致，观望,-0.4642,0.0129,0.45
001326,联域股份,11.34,True,47.23,54.21,0,-2.32,-19.2,-11.84,-12.88,0.0,2026-07-23,2026-07-23,21.18,0.093,-0.2431,0.5916,0.1586,0.2484,0.014,0.187,-0.0674,0.4663,月线看多，中短期调整中,-0.5251,-0.1633,0.2925
002491,通鼎互联,194.94,True,16.57,23.16,6,40.53,-36.35,-12.08,-28.44,0.0,2026-07-23,2026-07-23,16.29,0.0267,-0.0457,0.6929,0.1977,0.1397,0.0,0.1869,0.0114,0.5057,多周期方向不一致，观望,-0.4695,0.0025,0.45
000981,山子高科,240.69,True,2.53,2.67,0,-5.28,-13.82,-10.51,-5.28,0.0,2026-07-23,2026-07-23,29.52,0.3705,-0.0615,0.508,0.3977,0.4339,0.1533,0.1868,-0.785,0.1075,多周期共振看空 ⬇⬇⬇,-0.625,-0.6946,-0.495
002453,华软科技,23.8,True,3.95,4.2,0,-5.94,-16.81,-11.48,-5.94,0.0,2026-07-23,2026-07-23,31.28,0.5238,-0.3056,0.5723,0.3921,0.473,0.0461,0.1866,-0.7387,0.1306,多周期共振看空 ⬇⬇⬇,-0.5615,-0.5798,-0.5625
002813,路畅科技,22.29,True,18.6,18.85,0,-0.6,-10.54,-5.28,-1.31,0.0,2026-07-23,2026-07-23,37.57,0.0794,-0.1934,0.3882,0.1702,0.6126,0.353,0.1866,-0.7971,0.1014,多周期共振看空 ⬇⬇⬇,-0.6115,-0.6652,-0.5625
002801,微光股份,30.92,True,26.7,27.59,2,4.63,-11.29,-5.13,-3.24,0.0,2026-07-23,2026-07-23,25.03,0.7281,-0.5507,0.4887,0.4369,0.334,0.1855,0.1866,-0.7555,0.1223,多周期共振看空 ⬇⬇⬇,-0.5707,-0.6087,-0.5625
002625,光启技术,640.12,True,29.71,29.14,1,1.96,-17.99,-9.91,1.96,0.0,2026-07-22,2026-07-23,38.4,0.2614,-0.2242,0.5323,0.2671,0.631,0.1128,0.1865,-0.7829,0.1085,多周期共振看空 ⬇⬇⬇,-0.5302,-0.7038,-0.5625
002843,泰嘉股份,44.03,True,17.6,20.84,9,10.75,-22.38,-3.86,-15.56,0.0,2026-07-23,2026-07-23,21.35,0.4102,-0.0831,0.76,0.4129,0.2523,0.0,0.1859,-0.4763,0.2619,多周期共振看空 ⬇⬇⬇,-0.5049,-0.3441,-0.27
002643,万润股份,118.19,True,13.1,17.52,12,28.45,-28.87,0.42,-25.25,0.0,2026-07-23,2026-07-23,11.52,0.5804,-0.2866,0.6981,0.4336,0.0337,0.0,0.1859,-0.2472,0.3764,多周期共振看空 ⬇⬇⬇,-0.2565,-0.166,-0.1575
002460,赣锋锂业,620.02,True,51.19,55.98,1,2.9,-21.89,-11.72,-8.56,0.0,2026-07-23,2026-07-23,26.91,0.1155,0.4121,0.6082,0.4342,0.3758,0.0,0.1858,-0.6596,0.1702,多周期共振看空 ⬇⬇⬇,-0.774,-0.5163,-0.27
000565,渝三峡Ａ,23.46,True,5.41,5.7,0,-0.09,-10.29,-5.54,-5.17,0.0,2026-07-23,2026-07-23,28.07,-0.4068,0.391,0.4038,0.3564,0.4016,0.327,0.1851,-0.833,0.0835,多周期共振看空 ⬇⬇⬇,-0.7695,-0.6087,-0.5625
002631,德尔未来,50.95,True,6.42,9.12,13,34.54,-32.07,2.49,-29.64,0.0,2026-07-23,2026-07-23,3.13,0.4203,-0.5947,0.7423,0.2522,0.0,0.0,0.1851,0.0771,0.5385,多周期方向不一致，观望,-0.2152,0.0733,0.45
600151,航天机电,127.51,True,8.89,10.06,0,-0.03,-19.14,-9.98,-11.66,0.0,2026-07-23,2026-07-23,28.9,0.3435,0.0606,0.7006,0.4303,0.4199,0.0,0.1849,-0.7135,0.1432,多周期共振看空 ⬇⬇⬇,-0.7256,-0.6087,-0.3375
000590,古汉医药,19.05,True,7.96,8.22,1,1.19,-11.47,-6.16,-3.2,0.0,2026-07-23,2026-07-23,37.36,-0.2734,0.0445,0.4351,0.2178,0.6081,0.2748,0.1846,-0.8213,0.0893,多周期共振看空 ⬇⬇⬇,-0.607,-0.7223,-0.5625
003025,思进智能,25.06,True,11.07,12.81,0,-2.67,-18.04,-11.81,-13.57,0.0,2026-07-23,2026-07-23,16.81,0.8182,-0.6808,0.5394,0.4909,0.1512,0.101,0.1844,-0.5728,0.2136,多周期共振看空 ⬇⬇⬇,-0.6435,-0.3248,-0.3825
002823,凯中精密,26.59,True,12.15,13.57,0,-5.58,-19.97,-12.12,-10.49,0.0,2026-07-23,2026-07-23,17.91,0.7057,-0.4166,0.5119,0.4568,0.1759,0.1468,0.1841,-0.5863,0.2068,多周期共振看空 ⬇⬇⬇,-0.72,-0.1765,-0.495
002454,松芝股份,40.97,True,4.67,4.78,0,-1.48,-10.79,-6.01,-2.24,0.0,2026-07-23,2026-07-23,33.58,0.0899,-0.1691,0.4205,0.1863,0.5239,0.2992,0.184,-0.6939,0.1531,多周期共振看空 ⬇⬇⬇,-0.6115,-0.506,-0.495
002248,华东数控,24.78,True,8.06,8.58,1,0.58,-10.49,-6.68,-6.1,0.0,2026-07-23,2026-07-23,25.83,0.688,-0.4669,0.4714,0.4261,0.3517,0.2143,0.1836,-0.8065,0.0968,多周期共振看空 ⬇⬇⬇,-0.7695,-0.6179,-0.495
002512,ST达华,34.48,True,3.15,3.31,2,3.31,-22.2,-9.39,-4.86,0.0,2026-07-23,2026-07-23,42.05,-0.1676,0.0134,0.7734,0.2054,0.7123,0.0,0.1835,-0.7151,0.1425,多周期共振看空 ⬇⬇⬇,-0.5262,-0.5582,-0.5625
003027,同兴科技,15.73,True,15.0,16.25,0,-2.44,-16.08,-10.61,-7.71,0.0,2026-07-23,2026-07-23,27.17,0.6474,-0.4168,0.5952,0.4217,0.3816,0.008,0.1834,-0.672,0.164,多周期共振看空 ⬇⬇⬇,-0.566,-0.4967,-0.495
002295,精艺股份,19.38,True,7.74,8.26,0,-3.66,-11.68,-8.4,-6.31,0.0,2026-07-23,2026-07-23,31.05,-0.0808,0.233,0.386,0.2932,0.4677,0.3566,0.1834,-0.8484,0.0758,多周期共振看空 ⬇⬇⬇,-0.7875,-0.6271,-0.5625
000936,华西股份,43.14,True,4.87,5.07,0,-3.99,-11.21,-7.17,-3.99,0.0,2026-07-23,2026-07-23,29.91,0.2718,-0.3191,0.313,0.2355,0.4425,0.4784,0.1833,-0.8241,0.0879,多周期共振看空 ⬇⬇⬇,-0.625,-0.7131,-0.5625
002892,科力尔,45.2,True,9.02,9.17,1,0.31,-14.12,-5.23,-1.59,0.0,2026-07-23,2026-07-23,30.08,0.5092,-0.4538,0.4843,0.324,0.4463,0.1928,0.1832,-0.7424,0.1288,多周期共振看空 ⬇⬇⬇,-0.4498,-0.6837,-0.5625
000572,海马汽车,57.97,True,3.53,3.59,1,2.05,-13.17,-7.54,-1.71,0.0,2026-07-23,2026-07-23,37.32,0.0028,0.3555,0.6576,0.3439,0.6072,0.0,0.1831,-0.8137,0.0932,多周期共振看空 ⬇⬇⬇,-0.5551,-0.75,-0.5625
002857,三晖电气,18.73,True,14.57,15.78,0,-0.09,-12.0,-6.53,-7.69,0.0,2026-07-23,2026-07-23,33.03,-0.2965,0.8855,0.675,0.4,0.5118,0.0,0.1831,-0.7897,0.1052,多周期共振看空 ⬇⬇⬇,-0.5798,-0.6762,-0.5625
000546,金圆股份,28.91,True,4.15,4.53,1,1.03,-15.04,-8.42,-8.48,0.0,2026-07-23,2026-07-23,25.64,0.456,-0.2771,0.4729,0.3628,0.3476,0.2118,0.1829,-0.704,0.148,多周期共振看空 ⬇⬇⬇,-0.7875,-0.5348,-0.3375
002639,雪人集团,76.19,True,11.55,12.37,0,-2.12,-13.99,-9.44,-6.66,0.0,2026-07-23,2026-07-23,26.73,0.6607,-0.4793,0.5914,0.4047,0.3717,0.0143,0.1828,-0.6424,0.1788,多周期共振看空 ⬇⬇⬇,-0.566,-0.5892,-0.3375
002438,江苏神通,58.33,True,12.44,13.35,0,-3.87,-12.95,-8.52,-6.84,0.0,2026-07-23,2026-07-23,21.53,0.6019,-0.6606,0.3617,0.3611,0.2562,0.3972,0.1828,-0.7403,0.1299,多周期共振看空 ⬇⬇⬇,-0.7875,-0.6145,-0.3375
002420,毅昌科技,20.32,True,5.02,5.3,1,2.85,-9.38,-4.15,-5.25,0.0,2026-07-23,2026-07-23,29.41,0.6559,-0.5621,0.4561,0.3935,0.4314,0.2398,0.1826,-0.8787,0.0606,多周期共振看空 ⬇⬇⬇,-0.765,-0.7131,-0.5625
600099,林海股份,17.33,True,7.91,8.14,2,0.79,-10.3,-4.62,-2.8,0.0,2026-07-23,2026-07-23,36.84,-0.4623,-0.0835,0.4198,0.1666,0.5965,0.3003,0.1823,-0.7642,0.1179,多周期共振看空 ⬇⬇⬇,-0.6025,-0.6006,-0.5625
002935,天奥电子,61.5,True,14.86,19.31,10,11.07,-26.56,-6.47,-23.03,0.0,2026-07-23,2026-07-23,10.59,0.6762,-0.2777,0.6927,0.4947,0.013,0.0,0.1816,-0.354,0.323,多周期共振看空 ⬇⬇⬇,-0.504,-0.1886,-0.1575
000678,襄阳轴承,36.17,True,7.87,8.31,0,-1.22,-19.97,-10.11,-5.32,0.0,2026-07-23,2026-07-23,27.01,0.8263,-0.5556,0.6103,0.4958,0.3779,0.0,0.1811,-0.7978,0.1011,多周期共振看空 ⬇⬇⬇,-0.6025,-0.6744,-0.5625
000859,国风新材,64.78,True,7.23,8.58,2,8.72,-24.57,-13.98,-15.69,0.0,2026-07-23,2026-07-23,20.16,0.8061,-0.8064,0.829,0.4837,0.2257,0.0,0.1808,-0.5986,0.2007,多周期共振看空 ⬇⬇⬇,-0.6525,-0.4189,-0.3375
001231,农心科技,8.84,True,17.35,18.28,0,-0.27,-9.49,-5.2,-5.07,0.0,2026-07-23,2026-07-23,33.27,-0.338,0.0395,0.3957,0.2158,0.5172,0.3405,0.1806,-0.7939,0.103,多周期共振看空 ⬇⬇⬇,-0.7695,-0.5902,-0.495
000020,深华发Ａ,18.04,True,9.96,10.48,0,-3.24,-9.19,-6.54,-4.93,0.0,2026-07-23,2026-07-23,30.77,0.2706,-0.3297,0.373,0.2305,0.4615,0.3783,0.1804,-0.7819,0.109,多周期共振看空 ⬇⬇⬇,-0.5705,-0.6669,-0.5625
001260,坤泰股份,17.09,True,14.86,15.8,0,-0.09,-11.05,-5.93,-5.93,0.0,2026-07-23,2026-07-23,31.31,-0.5585,0.2789,0.4594,0.3116,0.4735,0.2343,0.1804,-0.8107,0.0947,多周期共振看空 ⬇⬇⬇,-0.7695,-0.6271,-0.495
002882,金龙羽,42.96,True,17.41,17.84,0,-2.39,-12.45,-8.61,-2.39,0.0,2026-07-23,2026-07-23,31.66,-0.0744,0.3337,0.477,0.3335,0.4813,0.205,0.1803,-0.8325,0.0837,多周期共振看空 ⬇⬇⬇,-0.625,-0.7315,-0.5625
002413,雷科防务,100.65,True,7.77,8.75,1,0.17,-17.61,-8.88,-11.21,0.0,2026-07-23,2026-07-23,27.73,0.4054,-0.0262,0.7037,0.4328,0.3941,0.0,0.1801,-0.7242,0.1379,多周期共振看空 ⬇⬇⬇,-0.774,-0.5908,-0.3375
001311,多利科技,26.14,True,14.76,16.54,5,11.53,-14.66,-6.3,-10.75,0.0,2026-07-23,2026-07-23,36.27,0.4308,-0.2778,0.7207,0.3474,0.5838,0.0,0.1798,-0.818,0.091,多周期共振看空 ⬇⬇⬇,-0.6773,-0.7223,-0.495
600212,绿能慧充,26.61,True,5.01,5.06,0,-1.02,-11.63,-7.3,-1.02,0.0,2026-07-23,2026-07-23,35.87,0.4101,-0.5547,0.4675,0.2461,0.5749,0.2208,0.1797,-0.8228,0.0886,多周期共振看空 ⬇⬇⬇,-0.6001,-0.7315,-0.5625
002516,旷达科技,74.92,True,5.13,5.36,0,-2.73,-8.92,-5.48,-4.34,0.0,2026-07-23,2026-07-23,30.23,0.105,-0.4179,0.3099,0.0959,0.4496,0.4835,0.1795,-0.6435,0.1783,多周期共振看空 ⬇⬇⬇,-0.5185,-0.4748,-0.495
002290,禾盛新材,143.45,True,58.03,76.34,8,8.13,-32.46,-7.77,-23.98,0.0,2026-07-23,2026-07-23,25.21,-0.1458,-0.3939,0.9094,0.0424,0.338,0.0,0.179,-0.0418,0.4791,月线看多，中短期调整中,-0.5685,-0.1617,0.45
001380,华纬科技,35.72,True,15.35,15.91,5,5.3,-6.45,-2.17,-3.51,0.0,2026-07-23,2026-07-23,35.05,0.4913,-0.6442,0.5402,0.2948,0.5568,0.0996,0.1789,-0.7879,0.106,多周期共振看空 ⬇⬇⬇,-0.489,-0.75,-0.5625
002742,冀衡医药,17.81,True,3.4,3.5,5,3.57,-15.94,-4.49,-2.72,0.0,2026-07-23,2026-07-23,37.9,-0.0049,-0.3505,0.5138,0.0598,0.6201,0.1437,0.1788,-0.5243,0.2379,多周期共振看空 ⬇⬇⬇,-0.2202,-0.4011,-0.5625
001360,南矿集团,17.24,True,13.74,15.74,1,0.52,-20.15,-12.26,-12.68,0.0,2026-07-23,2026-07-23,15.42,0.4934,-0.0579,0.4421,0.4729,0.1205,0.2632,0.1785,-0.6838,0.1581,多周期共振看空 ⬇⬇⬇,-0.765,-0.5097,-0.3375
002318,久立特材,186.89,True,19.59,20.58,7,2.76,-21.07,-7.97,-4.83,0.0,2026-07-23,2026-07-23,23.24,-0.5967,0.368,0.4909,0.3472,0.2942,0.1819,0.1785,-0.6264,0.1868,多周期共振看空 ⬇⬇⬇,-0.3912,-0.7038,-0.3375
002104,恒宝股份,56.61,True,9.41,9.81,0,-3.49,-10.65,-7.48,-4.03,0.0,2026-07-23,2026-07-23,40.33,-0.1106,0.0996,0.5689,0.2398,0.6739,0.0518,0.1783,-0.8072,0.0964,多周期共振看空 ⬇⬇⬇,-0.5385,-0.75,-0.5625
002553,南方精工,36.89,True,14.4,15.37,1,0.7,-13.43,-7.46,-6.31,0.0,2026-07-23,2026-07-23,23.85,0.6822,-0.4123,0.5244,0.4444,0.3078,0.126,0.1783,-0.755,0.1225,多周期共振看空 ⬇⬇⬇,-0.4047,-0.75,-0.5625
000856,冀东装备,16.12,True,7.1,7.22,1,0.72,-12.66,-5.72,-1.7,0.0,2026-07-23,2026-07-23,38.58,-0.0355,-0.0859,0.4414,0.1656,0.6352,0.2643,0.1782,-0.8129,0.0936,多周期共振看空 ⬇⬇⬇,-0.607,-0.7038,-0.5625
002689,ST远智,25.97,True,2.49,2.6,5,3.02,-14.66,-4.13,-4.38,0.0,2026-07-23,2026-07-23,31.4,0.1624,-0.0,0.4753,0.2974,0.4755,0.2078,0.1781,-0.7879,0.106,多周期共振看空 ⬇⬇⬇,-0.5107,-0.7315,-0.5625
000553,安道麦A,113.86,True,5.23,5.52,3,1.44,-9.17,-4.09,-5.25,0.0,2026-07-23,2026-07-23,26.09,-0.4266,0.2081,0.4165,0.2832,0.3575,0.3059,0.1779,-0.7035,0.1482,多周期共振看空 ⬇⬇⬇,-0.622,-0.4506,-0.5625
002368,太极股份,84.41,True,13.58,13.83,1,1.01,-13.42,-7.49,-1.78,0.0,2026-07-23,2026-07-23,47.44,0.0157,-0.4326,0.4549,0.0364,0.8319,0.2418,0.1777,-0.8287,0.0857,多周期共振看空 ⬇⬇⬇,-0.5935,-0.75,-0.5625
002915,中欣氟材,45.4,True,15.76,18.36,5,13.64,-17.39,-7.67,-14.16,0.0,2026-07-23,2026-07-23,19.57,0.8913,-0.7076,0.8693,0.5348,0.2126,0.0,0.1776,-0.6897,0.1552,多周期共振看空 ⬇⬇⬇,-0.49,-0.5334,-0.5625
002970,锐明技术,59.16,True,46.81,52.52,0,-0.01,-17.26,-9.96,-10.87,0.0,2026-07-23,2026-07-23,38.92,0.1333,-0.2788,0.8417,0.1684,0.6427,0.0,0.1776,-0.6203,0.1899,多周期共振看空 ⬇⬇⬇,-0.6401,-0.4771,-0.3375
000519,中兵红箭,195.79,True,14.06,17.25,8,9.15,-27.86,-10.11,-18.47,0.0,2026-07-23,2026-07-23,16.82,0.7621,-0.5299,0.6872,0.4572,0.1514,0.0,0.1773,-0.4948,0.2526,多周期共振看空 ⬇⬇⬇,-0.45,-0.3193,-0.3825
002903,宇环数控,25.16,True,23.59,34.19,2,8.7,-41.79,-20.08,-31.0,0.0,2026-07-23,2026-07-23,9.27,-0.5472,0.2248,0.9075,0.2899,0.0,0.0,0.1773,-0.0458,0.4771,多周期方向不一致，观望,-0.648,-0.096,0.45
002817,黄山胶囊,16.85,True,5.81,6.02,5,3.27,-9.27,-3.22,-3.45,0.0,2026-07-23,2026-07-23,38.33,-0.146,-0.1329,0.4018,0.1468,0.6296,0.3303,0.1771,-0.8379,0.0811,多周期共振看空 ⬇⬇⬇,-0.7269,-0.656,-0.5625
002082,ST万邦,50.77,True,8.94,11.24,4,6.61,-20.5,-7.46,-20.5,0.0,2026-07-23,2026-07-23,29.39,-0.2157,1.0878,0.6801,0.4,0.431,0.0,0.177,-0.7411,0.1295,多周期共振看空 ⬇⬇⬇,-0.838,-0.5729,-0.3375
002006,精工科技,68.14,True,13.11,14.2,6,5.25,-9.96,-3.6,-7.68,0.0,2026-07-23,2026-07-23,22.75,0.6683,-0.1986,0.5508,0.5215,0.2833,0.0821,0.177,-0.824,0.088,多周期共振看空 ⬇⬇⬇,-0.6483,-0.6929,-0.5625
002222,福晶科技,268.25,True,57.3,74.14,1,2.28,-30.82,-14.46,-22.72,0.0,2026-07-23,2026-07-23,23.94,0.2576,-0.5626,0.8528,0.1545,0.3097,0.0,0.1768,-0.2044,0.3978,月线震荡，中短期走弱,-0.7425,-0.1998,0.1493
000910,大亚圣象,27.19,True,4.97,5.24,1,1.31,-12.09,-5.16,-5.11,0.0,2026-07-23,2026-07-23,32.14,-0.5221,0.0239,0.3025,0.2096,0.4921,0.4959,0.1761,-0.9134,0.0433,多周期共振看空 ⬇⬇⬇,-0.8109,-0.75,-0.5625
002455,百川股份,41.37,True,6.26,6.75,0,-0.46,-16.88,-10.02,-7.23,0.0,2026-07-23,2026-07-23,28.04,0.4747,-0.2676,0.6618,0.3778,0.4009,0.0,0.1758,-0.6795,0.1603,多周期共振看空 ⬇⬇⬇,-0.5705,-0.6669,-0.3375
002456,欧菲光,226.92,True,6.84,8.59,7,3.75,-21.33,-5.69,-20.34,0.0,2026-07-23,2026-07-23,23.23,0.427,-0.1328,0.7643,0.4031,0.294,0.0,0.1754,-0.5946,0.2027,多周期共振看空 ⬇⬇⬇,-0.4297,-0.4886,-0.45
002050,三花智控,1372.75,True,37.19,41.85,3,8.81,-15.37,-4.56,-11.14,0.0,2026-07-23,2026-07-23,20.81,0.6809,-0.3218,0.7354,0.4798,0.2403,0.0,0.1753,-0.6538,0.1731,多周期共振看空 ⬇⬇⬇,-0.5547,-0.4665,-0.495
002149,西部材料,161.43,True,33.07,41.81,0,-5.61,-29.34,-17.88,-20.9,0.0,2026-07-23,2026-07-23,21.89,0.643,-0.501,0.808,0.3858,0.2642,0.0,0.1749,-0.5354,0.2323,多周期共振看空 ⬇⬇⬇,-0.7695,-0.2471,-0.27
000733,振华科技,220.64,True,39.82,47.79,7,12.7,-25.42,-8.94,-16.68,0.0,2026-07-23,2026-07-23,19.64,0.6172,-0.6069,0.7497,0.3703,0.2143,0.0,0.1749,-0.4504,0.2748,多周期共振看空 ⬇⬇⬇,-0.4642,-0.3671,-0.225
000050,深天马Ａ,155.4,True,6.38,7.86,8,27.13,-28.18,-7.26,-18.81,0.0,2026-07-23,2026-07-23,12.81,0.8972,-0.8272,0.5579,0.5383,0.0625,0.0701,0.1749,-0.5929,0.2036,多周期共振看空 ⬇⬇⬇,-0.423,-0.4906,-0.45
002942,新农股份,19.26,True,13.88,14.48,1,0.01,-9.17,-4.86,-4.11,0.0,2026-07-23,2026-07-23,37.08,-0.2928,-0.156,0.3756,0.1376,0.6017,0.3741,0.1744,-0.8463,0.0768,多周期共振看空 ⬇⬇⬇,-0.7605,-0.7131,-0.495
002757,南兴股份,44.31,True,15.71,17.1,0,-5.8,-15.66,-10.83,-8.15,0.0,2026-07-23,2026-07-23,31.55,0.1372,-0.0966,0.6302,0.2437,0.4788,0.0,0.1743,-0.57,0.215,多周期共振看空 ⬇⬇⬇,-0.783,-0.244,-0.3375
002896,中大力德,122.69,True,62.43,72.34,2,6.15,-16.86,-7.02,-13.7,0.0,2026-07-23,2026-07-23,18.15,0.818,-0.6937,0.7555,0.4908,0.1812,0.0,0.1742,-0.6094,0.1953,多周期共振看空 ⬇⬇⬇,-0.4805,-0.3649,-0.5625
001308,康冠科技,82.98,True,17.03,19.02,4,2.19,-12.01,-5.7,-10.48,0.0,2026-07-23,2026-07-23,13.7,0.5509,-0.7357,0.386,0.3305,0.0823,0.3567,0.1741,-0.52,0.24,多周期共振看空 ⬇⬇⬇,-0.4923,-0.3384,-0.3825
001387,雪祺电气,12.36,True,10.61,12.07,10,6.55,-14.5,-2.82,-12.12,0.0,2026-07-23,2026-07-23,17.87,0.6089,-0.4678,0.3992,0.3782,0.1748,0.3346,0.1739,-0.6916,0.1542,多周期共振看空 ⬇⬇⬇,-0.4852,-0.5417,-0.5625
001259,利仁科技,21.54,True,45.3,57.67,1,1.96,-29.26,-11.5,-21.46,0.0,2026-07-23,2026-07-23,17.84,0.2104,-0.5267,0.6224,0.1262,0.1743,0.0,0.1737,-0.0215,0.4893,多周期方向不一致，观望,-0.6285,-0.0056,0.45
003007,直真科技,24.37,True,33.58,36.86,4,4.97,-13.73,-5.13,-8.91,0.0,2026-07-23,2026-07-23,20.32,0.5764,-0.2847,0.6545,0.4319,0.2293,0.0,0.1731,-0.5813,0.2093,多周期共振看空 ⬇⬇⬇,-0.7173,-0.3252,-0.3375
000952,广济药业,18.3,True,5.32,5.55,2,3.82,-11.22,-5.06,-4.22,0.0,2026-07-23,2026-07-23,39.32,-0.0695,0.0394,0.5044,0.2158,0.6516,0.1593,0.173,-0.8702,0.0649,多周期共振看空 ⬇⬇⬇,-0.756,-0.7021,-0.5625
002449,国星光电,37.42,True,6.05,6.8,0,-1.64,-15.36,-8.98,-11.09,0.0,2026-07-23,2026-07-23,17.41,0.8578,-0.7334,0.4457,0.5147,0.1647,0.2572,0.1726,-0.8461,0.077,多周期共振看空 ⬇⬇⬇,-0.7695,-0.6375,-0.5625
002328,新朋股份,36.87,True,6.46,7.06,0,-1.5,-14.1,-7.8,-8.45,0.0,2026-07-23,2026-07-23,25.59,-0.2963,-0.3313,0.471,0.0675,0.3465,0.215,0.1724,-0.3168,0.3416,月线震荡，中短期走弱,-0.774,-0.3418,-0.0598
002380,科远智慧,39.53,True,27.8,31.17,0,-2.71,-20.18,-10.5,-10.8,0.0,2026-07-23,2026-07-23,23.81,-0.097,-0.2764,0.6118,0.0895,0.307,0.0,0.1723,-0.1328,0.4336,月线看多，中短期调整中,-0.7425,-0.1998,0.204
002121,科陆电子,68.75,True,4.87,5.03,0,-2.83,-17.47,-10.36,-3.17,0.0,2026-07-23,2026-07-23,39.13,-0.1509,0.005,0.5714,0.202,0.6473,0.0476,0.1715,-0.7659,0.117,多周期共振看空 ⬇⬇⬇,-0.6205,-0.6564,-0.495
002466,天齐锂业,684.44,True,46.38,52.15,3,6.64,-23.19,-10.16,-11.07,0.0,2026-07-23,2026-07-23,28.81,-0.057,0.159,0.7612,0.2636,0.4181,0.0,0.1714,-0.552,0.224,多周期共振看空 ⬇⬇⬇,-0.7515,-0.299,-0.27
002825,纳尔股份,19.55,True,7.62,8.04,0,-1.26,-13.17,-6.9,-5.25,0.0,2026-07-23,2026-07-23,31.4,-0.0933,-0.1072,0.3346,0.1571,0.4756,0.4424,0.1711,-0.8073,0.0963,多周期共振看空 ⬇⬇⬇,-0.616,-0.6837,-0.5625
002402,和而泰,165.41,True,20.21,23.59,7,9.16,-17.59,-3.92,-14.32,0.0,2026-07-23,2026-07-23,25.85,0.5643,-0.1498,0.8619,0.4787,0.3523,0.0,0.1708,-0.8221,0.0889,多周期共振看空 ⬇⬇⬇,-0.6307,-0.7038,-0.5625
002862,实丰文化,15.61,True,12.14,12.66,0,-0.39,-14.65,-7.51,-4.11,0.0,2026-07-23,2026-07-23,34.56,-0.1841,-0.2254,0.3851,0.1098,0.5459,0.3581,0.1702,-0.7558,0.1221,多周期共振看空 ⬇⬇⬇,-0.616,-0.5706,-0.5625
001266,宏英智能,18.32,True,31.5,40.06,4,6.49,-32.73,-12.36,-21.38,0.0,2026-07-23,2026-07-23,19.21,0.2165,-0.5158,0.6941,0.1299,0.2046,0.0,0.1697,-0.0959,0.4521,多周期方向不一致，观望,-0.6525,-0.1329,0.2708
002912,中新赛克,28.55,True,17.6,18.0,0,-1.73,-9.21,-4.78,-2.25,0.0,2026-07-23,2026-07-23,35.62,-0.5551,-0.2301,0.3479,0.108,0.5693,0.4202,0.1693,-0.8374,0.0813,多周期共振看空 ⬇⬇⬇,-0.616,-0.75,-0.5625
000509,华塑控股,30.69,True,2.86,3.19,0,-10.42,-19.64,-14.95,-10.42,0.0,2026-07-23,2026-07-23,23.73,0.1774,-0.5422,0.5089,0.1064,0.3051,0.1519,0.1692,-0.3042,0.3479,月线震荡，中短期走弱,-0.729,-0.2852,-0.1125
002868,绿康生化,24.16,True,22.58,23.61,4,5.66,-13.73,-4.63,-4.35,0.0,2026-07-23,2026-07-23,28.39,0.3944,-0.2882,0.7004,0.3214,0.4086,0.0,0.169,-0.6526,0.1737,多周期共振看空 ⬇⬇⬇,-0.3823,-0.6115,-0.495
002584,西陇科学,33.45,True,7.14,8.72,11,33.97,-25.07,-0.85,-18.07,0.0,2026-07-23,2026-07-23,21.62,0.5246,-0.4912,0.8465,0.3183,0.2581,0.0,0.1687,-0.4693,0.2653,多周期共振看空 ⬇⬇⬇,-0.2875,-0.335,-0.45
000969,安泰科技,166.93,True,16.03,20.12,7,12.72,-29.25,-11.07,-20.34,0.0,2026-07-23,2026-07-23,10.83,0.7829,-0.755,0.6183,0.4697,0.0184,0.0,0.1684,-0.4268,0.2866,多周期共振看空 ⬇⬇⬇,-0.5377,-0.2521,-0.225
002465,海格通信,245.31,True,9.9,11.59,1,4.97,-20.62,-10.58,-14.56,0.0,2026-07-23,2026-07-23,28.11,0.389,-0.4132,0.7636,0.2681,0.4024,0.0,0.1684,-0.5644,0.2178,多周期共振看空 ⬇⬇⬇,-0.6389,-0.3554,-0.3375
002347,泰尔股份,25.75,True,5.22,5.55,0,-1.95,-11.61,-8.42,-5.89,0.0,2026-07-23,2026-07-23,29.18,0.2411,-0.07,0.5142,0.3167,0.4263,0.1431,0.1671,-0.7959,0.102,多周期共振看空 ⬇⬇⬇,-0.6205,-0.7223,-0.495
002518,科士达,191.13,True,33.82,41.79,4,7.68,-28.22,-11.42,-19.08,0.0,2026-07-23,2026-07-23,20.63,0.3963,-0.1966,0.7944,0.3592,0.2362,0.0,0.1669,-0.5229,0.2385,多周期共振看空 ⬇⬇⬇,-0.6877,-0.3348,-0.225
002334,英威腾,45.86,True,6.24,6.77,0,-6.82,-16.04,-10.79,-7.82,0.0,2026-07-23,2026-07-23,23.16,0.5265,-0.6543,0.3933,0.3159,0.2924,0.3445,0.1669,-0.7963,0.1018,多周期共振看空 ⬇⬇⬇,-0.765,-0.532,-0.5625
002387,维信诺,88.3,True,6.33,7.62,6,6.53,-23.08,-7.44,-16.98,0.0,2026-07-23,2026-07-23,16.43,0.7393,-0.6552,0.5173,0.4436,0.143,0.1378,0.1664,-0.6601,0.1699,多周期共振看空 ⬇⬇⬇,-0.5557,-0.5244,-0.45
001282,三联锻造,22.21,True,14.54,17.24,6,16.95,-21.41,-7.47,-15.65,0.0,2026-07-23,2026-07-23,17.8,0.8418,-0.7593,0.5705,0.5051,0.1732,0.0492,0.1664,-0.7238,0.1381,多周期共振看空 ⬇⬇⬇,-0.6465,-0.4741,-0.5625
002225,濮耐股份,33.68,True,3.55,4.15,8,13.6,-19.32,-3.04,-14.36,0.0,2026-07-23,2026-07-23,23.44,0.7342,-0.6756,0.7192,0.4405,0.2986,0.0,0.1662,-0.7333,0.1334,多周期共振看空 ⬇⬇⬇,-0.4157,-0.6929,-0.5625
600130,波导股份,27.38,True,3.65,4.01,0,-0.68,-17.77,-9.31,-9.02,0.0,2026-07-23,2026-07-23,29.17,0.2835,-0.7186,0.526,0.1701,0.4259,0.1233,0.1662,-0.552,0.224,多周期共振看空 ⬇⬇⬇,-0.774,-0.2797,-0.27
003021,兆威机电,158.98,True,76.66,84.76,2,5.51,-15.88,-7.67,-9.56,0.0,2026-07-23,2026-07-23,20.31,0.7982,-0.4484,0.7884,0.4996,0.2292,0.0,0.1661,-0.7453,0.1274,多周期共振看空 ⬇⬇⬇,-0.5555,-0.5994,-0.5625
002151,北斗星通,122.35,True,27.63,29.91,1,1.65,-12.41,-6.15,-7.61,0.0,2026-07-23,2026-07-23,34.04,0.1217,-0.0416,0.6475,0.2564,0.5342,0.0,0.1661,-0.7226,0.1387,多周期共振看空 ⬇⬇⬇,-0.7045,-0.6467,-0.3375
003028,振邦智能,14.41,True,20.39,21.92,2,2.18,-13.12,-6.68,-6.99,0.0,2026-07-23,2026-07-23,17.13,0.7215,-0.3422,0.5124,0.496,0.1585,0.146,0.1661,-0.7722,0.1139,多周期共振看空 ⬇⬇⬇,-0.765,-0.479,-0.5625
001379,腾达科技,9.85,True,14.64,15.3,0,-2.25,-9.97,-6.23,-4.31,0.0,2026-07-23,2026-07-23,32.73,-0.017,-0.0721,0.3992,0.1711,0.5051,0.3347,0.1651,-0.8266,0.0867,多周期共振看空 ⬇⬇⬇,-0.6205,-0.7223,-0.5625
002009,天奇股份,56.86,True,16.06,18.29,3,5.6,-18.08,-8.19,-12.21,0.0,2026-07-23,2026-07-23,15.43,0.7902,-0.4037,0.695,0.5127,0.1207,0.0,0.165,-0.6449,0.1775,多周期共振看空 ⬇⬇⬇,-0.7507,-0.4365,-0.3375
002933,新兴装备,28.26,True,24.21,25.57,0,-0.2,-10.12,-5.87,-5.33,0.0,2026-07-23,2026-07-23,27.02,0.4526,-0.5295,0.4155,0.2716,0.3781,0.3075,0.1649,-0.8152,0.0924,多周期共振看空 ⬇⬇⬇,-0.559,-0.75,-0.5625
002182,宝武镁业,99.01,True,11.44,13.04,7,15.65,-18.01,-4.72,-12.24,0.0,2026-07-23,2026-07-23,15.71,0.8139,-0.4685,0.7294,0.5009,0.127,0.0,0.1646,-0.637,0.1815,多周期共振看空 ⬇⬇⬇,-0.5903,-0.5565,-0.3375
002735,王子新材,29.45,True,10.33,12.8,0,-2.94,-31.72,-20.15,-19.31,0.0,2026-07-23,2026-07-23,17.82,0.7797,-0.6155,0.7334,0.4678,0.1737,0.0,0.1646,-0.6398,0.1801,多周期共振看空 ⬇⬇⬇,-0.6435,-0.4721,-0.3825
002501,*ST利源,43.98,True,1.24,1.28,1,1.8,-16.21,-6.2,-3.5,0.0,2026-07-23,2026-07-23,34.69,0.256,-0.2795,0.5364,0.2418,0.5488,0.1061,0.1645,-0.8142,0.0929,多周期共振看空 ⬇⬇⬇,-0.5887,-0.7223,-0.5625
001335,信凯科技,7.57,True,29.64,35.6,2,1.01,-24.7,-15.72,-16.73,0.0,2026-07-23,2026-07-23,14.55,0.5879,-0.2143,0.66,0.467,0.1011,0.0,0.1644,-0.5534,0.2233,多周期共振看空 ⬇⬇⬇,-0.747,-0.351,-0.225
002446,盛路通信,63.75,True,7.52,9.43,5,5.05,-26.55,-9.6,-20.23,0.0,2026-07-23,2026-07-23,16.51,0.6136,-0.5942,0.8054,0.3682,0.1447,0.0,0.1636,-0.454,0.273,多周期共振看空 ⬇⬇⬇,-0.5978,-0.2605,-0.225
002012,凯恩股份,24.36,True,5.21,5.95,0,-7.42,-16.75,-10.53,-12.44,0.0,2026-07-23,2026-07-23,22.58,0.3093,-0.6285,0.4286,0.1856,0.2796,0.2856,0.1636,-0.5521,0.2239,多周期共振看空 ⬇⬇⬇,-0.7515,-0.2993,-0.27
002247,聚力文化,13.13,True,2.04,2.12,2,1.35,-10.1,-5.07,-3.95,0.0,2026-07-23,2026-07-23,36.99,-0.323,-0.1134,0.4342,0.1546,0.5997,0.2764,0.1632,-0.8829,0.0585,多周期共振看空 ⬇⬇⬇,-0.765,-0.7223,-0.5625
002369,卓翼科技,28.71,True,5.07,5.22,0,-2.94,-11.03,-7.1,-2.94,0.0,2026-07-23,2026-07-23,36.18,-0.0886,-0.3083,0.3706,0.0767,0.5819,0.3824,0.1628,-0.8241,0.0879,多周期共振看空 ⬇⬇⬇,-0.625,-0.7131,-0.5625
002164,宁波东力,50.33,True,10.49,11.23,1,0.17,-13.25,-8.18,-6.58,0.0,2026-07-23,2026-07-23,22.87,0.7394,-0.6566,0.6153,0.4437,0.286,0.0,0.1627,-0.7514,0.1243,多周期共振看空 ⬇⬇⬇,-0.6708,-0.514,-0.5625
002676,顺威股份,33.48,True,4.65,4.89,1,0.53,-12.13,-5.44,-4.93,0.0,2026-07-23,2026-07-23,27.33,0.4235,-0.3717,0.4377,0.3054,0.3852,0.2706,0.1627,-0.8656,0.0672,多周期共振看空 ⬇⬇⬇,-0.7205,-0.7223,-0.5625
002196,方正电机,49.04,True,10.04,11.5,4,8.18,-20.46,-7.66,-12.66,0.0,2026-07-23,2026-07-23,15.53,0.8118,-0.5823,0.7417,0.4871,0.1229,0.0,0.1626,-0.6262,0.1869,多周期共振看空 ⬇⬇⬇,-0.7417,-0.403,-0.3375
002338,奥普光电,92.47,True,38.53,49.1,7,7.96,-26.13,-6.68,-21.52,0.0,2026-07-23,2026-07-23,17.66,0.4631,-0.2502,0.6922,0.3778,0.1702,0.0,0.1618,-0.5146,0.2427,多周期共振看空 ⬇⬇⬇,-0.6045,-0.2978,-0.315
002534,西子洁能,107.3,True,13.0,16.35,2,6.52,-25.06,-11.96,-20.5,0.0,2026-07-23,2026-07-23,25.71,-0.0109,0.0657,0.8602,0.2263,0.3491,0.0,0.1618,-0.4867,0.2566,多周期共振看空 ⬇⬇⬇,-0.6705,-0.3375,-0.1575
003015,日久光电,25.5,True,10.31,11.45,3,4.18,-12.86,-5.8,-9.94,0.0,2026-07-23,2026-07-23,21.28,0.7577,-0.4359,0.5335,0.4803,0.2506,0.1109,0.1618,-0.8631,0.0685,多周期共振看空 ⬇⬇⬇,-0.7141,-0.7223,-0.5625
001336,楚环科技,9.97,True,20.15,21.5,0,-2.49,-11.45,-6.99,-6.28,0.0,2026-07-23,2026-07-23,31.49,0.1008,-0.3766,0.4303,0.1098,0.4776,0.2828,0.1616,-0.6825,0.1588,多周期共振看空 ⬇⬇⬇,-0.7875,-0.4875,-0.3375
003023,彩虹集团,18.51,True,17.61,19.02,0,-2.02,-12.97,-8.64,-7.4,0.0,2026-07-23,2026-07-23,29.01,0.1096,-0.5554,0.4523,0.0657,0.4225,0.2462,0.1613,-0.5189,0.2405,多周期共振看空 ⬇⬇⬇,-0.5615,-0.3891,-0.27
002795,永和智控,23.72,True,5.46,6.22,0,-0.22,-21.17,-9.94,-12.26,0.0,2026-07-23,2026-07-23,27.99,-0.1511,0.1544,0.7123,0.2618,0.3997,0.0,0.161,-0.6102,0.1949,多周期共振看空 ⬇⬇⬇,-0.7875,-0.3962,-0.27
002846,英联股份,24.3,True,9.34,10.01,0,-2.76,-14.47,-9.38,-6.66,0.0,2026-07-23,2026-07-23,27.86,-0.3864,0.1448,0.3987,0.2579,0.397,0.3355,0.1603,-0.8748,0.0626,多周期共振看空 ⬇⬇⬇,-0.7785,-0.6929,-0.5625
002529,海源复材,15.89,True,6.11,6.64,0,-2.67,-13.5,-8.2,-7.93,0.0,2026-07-23,2026-07-23,26.12,0.1924,-0.3334,0.4765,0.1821,0.3583,0.2058,0.16,-0.606,0.197,多周期共振看空 ⬇⬇⬇,-0.756,-0.2563,-0.4275
000901,航天科技,110.95,True,13.9,15.85,2,1.83,-19.83,-8.5,-12.29,0.0,2026-07-23,2026-07-23,27.3,0.2083,0.2339,0.7634,0.4185,0.3845,0.0,0.16,-0.8508,0.0746,多周期共振看空 ⬇⬇⬇,-0.783,-0.7038,-0.495
002877,智能自控,16.14,True,6.71,6.98,0,-0.59,-9.89,-5.57,-3.81,0.0,2026-07-23,2026-07-23,32.66,-0.1613,-0.2737,0.3565,0.0905,0.5036,0.4059,0.1593,-0.7994,0.1003,多周期共振看空 ⬇⬇⬇,-0.5615,-0.7131,-0.5625
000045,深纺织Ａ,40.86,True,8.94,9.51,0,-2.1,-10.78,-7.17,-6.0,0.0,2026-07-23,2026-07-23,25.88,0.4122,-0.4675,0.3867,0.2603,0.3528,0.3555,0.159,-0.8526,0.0737,多周期共振看空 ⬇⬇⬇,-0.7875,-0.7038,-0.495
002836,新宏泽,19.45,True,8.44,9.12,0,-2.38,-11.94,-7.18,-7.43,0.0,2026-07-23,2026-07-23,28.3,-0.4441,0.1544,0.4306,0.2618,0.4067,0.2823,0.1584,-0.8659,0.067,多周期共振看空 ⬇⬇⬇,-0.7785,-0.7408,-0.495
002760,凤形股份,16.62,True,15.39,16.31,2,6.99,-11.15,-4.98,-5.65,0.0,2026-07-23,2026-07-23,38.34,-0.1135,-0.2414,0.6259,0.1034,0.6297,0.0,0.1584,-0.6542,0.1729,多周期共振看空 ⬇⬇⬇,-0.5666,-0.4572,-0.495
600148,长春一东,19.78,True,13.98,14.53,0,-0.81,-9.86,-5.36,-3.81,0.0,2026-07-23,2026-07-23,32.09,-0.0284,-0.2944,0.3725,0.0822,0.491,0.3792,0.1575,-0.7644,0.1178,多周期共振看空 ⬇⬇⬇,-0.5615,-0.6363,-0.5625
002381,双箭股份,16.29,True,5.06,5.24,5,2.13,-6.74,-2.74,-3.45,0.0,2026-07-23,2026-07-23,34.11,-0.3741,-0.4384,0.3023,0.0247,0.5357,0.4962,0.1574,-0.82,0.09,多周期共振看空 ⬇⬇⬇,-0.6036,-0.7223,-0.5625
003011,海象新材,13.03,True,16.96,18.13,2,8.0,-10.88,-4.63,-6.43,0.0,2026-07-23,2026-07-23,24.15,0.5204,-0.6728,0.6679,0.3122,0.3144,0.0,0.1572,-0.619,0.1905,多周期共振看空 ⬇⬇⬇,-0.5408,-0.5595,-0.3375
002694,*ST顾地,13.44,True,1.87,2.05,1,2.42,-15.72,-6.91,-8.6,0.0,2026-07-23,2026-07-23,29.25,-0.5554,0.9632,0.6776,0.4,0.4277,0.0,0.1572,-0.8955,0.0523,多周期共振看空 ⬇⬇⬇,-0.765,-0.75,-0.5625
002952,亚世光电,23.41,True,17.78,19.96,0,-3.95,-14.57,-9.28,-10.92,0.0,2026-07-23,2026-07-23,24.16,0.3071,-0.4024,0.4986,0.2233,0.3148,0.169,0.1571,-0.6135,0.1932,多周期共振看空 ⬇⬇⬇,-0.7875,-0.4033,-0.27
000980,众泰汽车,78.66,True,1.56,1.76,0,-8.32,-20.36,-14.25,-11.39,0.0,2026-07-23,2026-07-23,24.14,-0.2462,0.529,0.5732,0.4,0.3142,0.0447,0.1565,-0.8008,0.0996,多周期共振看空 ⬇⬇⬇,-0.765,-0.5417,-0.5625
002055,ST得润,31.72,True,5.34,6.2,10,9.14,-17.38,-2.63,-13.83,0.0,2026-07-23,2026-07-23,23.11,0.1322,-0.4076,0.5532,0.1163,0.2912,0.0781,0.1559,-0.3505,0.3247,多周期共振看空 ⬇⬇⬇,-0.3818,-0.218,-0.225
002598,ST章鼓,17.76,True,6.2,6.49,5,1.89,-10.81,-3.33,-4.42,0.0,2026-07-23,2026-07-23,30.29,-0.1965,-0.0957,0.4051,0.1617,0.4508,0.3249,0.1559,-0.8126,0.0937,多周期共振看空 ⬇⬇⬇,-0.5524,-0.75,-0.5625
002079,苏州固锝,71.36,True,8.8,12.28,11,15.42,-35.2,-5.79,-28.34,0.0,2026-07-23,2026-07-23,19.79,-0.0299,-0.395,0.7832,0.042,0.2176,0.0,0.1557,-0.0824,0.4588,多周期方向不一致，观望,-0.3442,-0.0671,0.0
002476,新叶股份,26.19,True,4.28,4.53,0,-1.96,-12.94,-7.9,-5.58,0.0,2026-07-23,2026-07-23,25.83,0.2153,-0.1856,0.3938,0.2549,0.3519,0.3437,0.1552,-0.8634,0.0683,多周期共振看空 ⬇⬇⬇,-0.783,-0.7315,-0.495
002535,林州重机,16.19,True,2.17,2.24,2,2.43,-11.59,-4.62,-3.08,0.0,2026-07-23,2026-07-23,37.93,-0.0638,-0.3721,0.4675,0.0512,0.6207,0.2208,0.155,-0.7634,0.1183,多周期共振看空 ⬇⬇⬇,-0.4263,-0.75,-0.5625
002796,世嘉科技,62.73,True,27.55,33.04,0,-2.18,-26.19,-13.26,-16.63,0.0,2026-07-23,2026-07-23,25.04,0.3729,-0.2228,0.7514,0.3346,0.3342,0.0,0.1547,-0.699,0.1505,多周期共振看空 ⬇⬇⬇,-0.7875,-0.5913,-0.27
001255,博菲电气,17.22,True,22.28,24.09,0,-4.0,-12.89,-9.23,-7.51,0.0,2026-07-23,2026-07-23,24.52,0.162,0.0066,0.4301,0.2998,0.3227,0.2832,0.1546,-0.8568,0.0716,多周期共振看空 ⬇⬇⬇,-0.7875,-0.7131,-0.495
001358,兴欣新材,10.15,True,20.42,23.57,7,13.43,-17.5,-4.62,-13.35,0.0,2026-07-23,2026-07-23,10.58,0.8137,-0.3257,0.6742,0.558,0.0129,0.0,0.154,-0.6764,0.1618,多周期共振看空 ⬇⬇⬇,-0.6045,-0.4734,-0.495
002326,永太科技,138.83,True,17.17,20.97,8,18.73,-26.18,-7.22,-18.13,0.0,2026-07-23,2026-07-23,11.97,0.7104,-0.4098,0.8608,0.4623,0.0438,0.0,0.1536,-0.5635,0.2182,多周期共振看空 ⬇⬇⬇,-0.555,-0.4252,-0.3375
002198,ST嘉应,15.48,True,3.05,3.24,8,3.42,-16.71,-4.44,-5.76,0.0,2026-07-23,2026-07-23,33.09,0.374,-0.6636,0.5671,0.2244,0.5131,0.0548,0.1536,-0.7898,0.1051,多周期共振看空 ⬇⬇⬇,-0.5155,-0.7315,-0.5625
002703,浙江世宝,72.55,True,12.38,13.26,0,-1.75,-14.45,-9.91,-6.62,0.0,2026-07-23,2026-07-23,28.64,0.2918,-0.4353,0.5919,0.201,0.4142,0.0135,0.1531,-0.605,0.1975,多周期共振看空 ⬇⬇⬇,-0.575,-0.4993,-0.3375
002899,英派斯,28.35,True,19.18,20.72,0,-2.09,-15.6,-8.66,-7.43,0.0,2026-07-23,2026-07-23,27.67,-0.0602,0.1104,0.548,0.2442,0.3927,0.0866,0.153,-0.7072,0.1464,多周期共振看空 ⬇⬇⬇,-0.774,-0.5533,-0.3375
001279,强邦新材,9.48,True,23.69,26.13,8,4.84,-11.41,-2.55,-9.34,0.0,2026-07-23,2026-07-23,21.66,0.4375,-0.7578,0.4218,0.2625,0.2592,0.297,0.1529,-0.7453,0.1274,多周期共振看空 ⬇⬇⬇,-0.4464,-0.6929,-0.5625
000592,平潭发展,109.16,True,5.7,6.13,1,5.25,-17.2,-11.45,-7.0,0.0,2026-07-23,2026-07-23,27.93,0.2504,-0.1476,0.7922,0.2912,0.3985,0.0,0.1524,-0.7249,0.1376,多周期共振看空 ⬇⬇⬇,-0.6115,-0.7315,-0.3375
002909,集泰股份,17.19,True,4.52,4.76,0,-2.94,-11.06,-7.42,-5.07,0.0,2026-07-23,2026-07-23,34.73,0.0546,-0.247,0.4284,0.134,0.5496,0.286,0.1514,-0.8917,0.0541,多周期共振看空 ⬇⬇⬇,-0.7875,-0.7223,-0.5625
003003,天元股份,11.18,True,9.49,10.02,2,1.55,-10.12,-4.4,-5.31,0.0,2026-07-23,2026-07-23,31.85,-0.3605,-0.338,0.3584,0.0648,0.4855,0.4026,0.1507,-0.803,0.0985,多周期共振看空 ⬇⬇⬇,-0.7605,-0.6179,-0.495
002988,豪美新材,48.89,True,19.57,21.26,1,5.15,-14.27,-9.16,-7.94,0.0,2026-07-23,2026-07-23,12.61,0.4663,0.201,0.6289,0.5602,0.058,0.0,0.1504,-0.7627,0.1186,多周期共振看空 ⬇⬇⬇,-0.557,-0.6363,-0.5625
002685,华东重机,51.18,True,5.08,5.69,0,-4.13,-17.78,-10.45,-10.78,0.0,2026-07-23,2026-07-23,25.6,0.4011,-0.3896,0.5489,0.2848,0.3467,0.0851,0.1503,-0.7374,0.1313,多周期共振看空 ⬇⬇⬇,-0.7875,-0.4506,-0.495
003005,竞业达,14.97,True,11.79,12.72,0,-2.27,-12.31,-7.31,-7.29,0.0,2026-07-23,2026-07-23,32.23,-0.2441,0.1155,0.5427,0.2462,0.4939,0.0955,0.1498,-0.8649,0.0675,多周期共振看空 ⬇⬇⬇,-0.6865,-0.75,-0.5625
002316,亚联发展,12.88,True,3.78,4.0,0,-0.71,-11.82,-6.71,-5.39,0.0,2026-07-23,2026-07-23,34.19,-0.4905,-0.1411,0.4823,0.1436,0.5376,0.1961,0.1494,-0.8365,0.0817,多周期共振看空 ⬇⬇⬇,-0.7785,-0.6087,-0.5625
600289,ST信通,24.62,True,4.35,5.3,9,8.79,-26.02,-4.56,-17.89,0.0,2026-07-23,2026-07-23,23.3,-0.6029,1.6545,0.7437,0.4,0.2955,0.0,0.1493,-0.7999,0.1,多周期共振看空 ⬇⬇⬇,-0.5843,-0.6946,-0.5625
002931,锋龙股份,88.61,True,44.03,58.6,7,15.61,-29.63,-9.85,-24.87,0.0,2026-07-23,2026-07-23,13.34,0.5388,-0.2905,1.0029,0.4071,0.0743,0.0,0.1493,-0.5464,0.2268,多周期共振看空 ⬇⬇⬇,-0.4336,-0.4917,-0.3375
002992,宝明科技,54.49,True,34.88,38.67,2,1.12,-19.63,-7.51,-9.81,0.0,2026-07-23,2026-07-23,31.56,0.3647,-0.4188,0.6078,0.2513,0.4791,0.0,0.1492,-0.7832,0.1084,多周期共振看空 ⬇⬇⬇,-0.6879,-0.5691,-0.5625
002565,顺灏股份,96.03,True,9.06,10.65,0,-5.41,-23.42,-14.16,-14.93,0.0,2026-07-23,2026-07-23,20.95,0.4587,-0.309,0.6891,0.3516,0.2433,0.0,0.1487,-0.6649,0.1675,多周期共振看空 ⬇⬇⬇,-0.7785,-0.4565,-0.3375
002997,瑞鹄模具,53.92,True,25.76,27.77,4,6.05,-11.37,-3.72,-7.23,0.0,2026-07-23,2026-07-23,24.57,0.4402,-0.5339,0.532,0.2641,0.3237,0.1133,0.1485,-0.7136,0.1432,多周期共振看空 ⬇⬇⬇,-0.5078,-0.5706,-0.5625
002633,申科股份,19.61,True,13.12,14.47,0,-1.8,-15.41,-7.54,-9.34,0.0,2026-07-23,2026-07-23,25.23,-0.6612,-0.1641,0.4918,0.1343,0.3385,0.1804,0.148,-0.5816,0.2092,多周期共振看空 ⬇⬇⬇,-0.561,-0.4598,-0.3375
002388,新亚制程,20.04,True,3.96,4.55,2,1.65,-23.0,-10.32,-12.95,0.0,2026-07-23,2026-07-23,23.47,0.078,0.2079,0.6888,0.3299,0.2992,0.0,0.1477,-0.7054,0.1473,多周期共振看空 ⬇⬇⬇,-0.711,-0.446,-0.495
002023,海特高新,64.9,True,8.76,11.02,8,17.2,-27.55,-7.27,-20.54,0.0,2026-07-23,2026-07-23,11.97,0.6738,-0.6627,0.5853,0.4043,0.0438,0.0244,0.1477,-0.5374,0.2313,多周期共振看空 ⬇⬇⬇,-0.5865,-0.2958,-0.3825
002017,东信和平,73.32,True,12.64,13.49,0,-3.27,-12.85,-8.83,-6.27,0.0,2026-07-23,2026-07-23,27.3,-0.3075,-0.129,0.3742,0.1484,0.3844,0.3763,0.1473,-0.8214,0.0893,多周期共振看空 ⬇⬇⬇,-0.575,-0.75,-0.5625
002214,*ST大立,59.04,True,12.34,13.39,1,1.36,-15.41,-6.52,-7.85,0.0,2026-07-23,2026-07-23,27.79,-0.1656,0.0246,0.5523,0.2098,0.3953,0.0796,0.1461,-0.705,0.1475,多周期共振看空 ⬇⬇⬇,-0.747,-0.5717,-0.3375
000659,珠海中富,31.11,True,2.42,2.77,0,-9.13,-17.76,-13.08,-12.54,0.0,2026-07-23,2026-07-23,21.24,-0.3881,0.2216,0.4694,0.2886,0.2498,0.2176,0.1454,-0.7725,0.1138,多周期共振看空 ⬇⬇⬇,-0.7875,-0.6854,-0.3375
002443,金洲管道,41.12,True,7.9,9.25,0,-3.38,-18.68,-10.46,-14.58,0.0,2026-07-23,2026-07-23,15.43,0.2139,-0.6769,0.5255,0.1283,0.1207,0.1241,0.1453,-0.2869,0.3566,月线震荡，中短期走弱,-0.7425,-0.2078,-0.12
600111,北方稀土,1455.79,True,40.27,43.22,0,-0.48,-18.72,-8.3,-6.83,0.0,2026-07-23,2026-07-23,24.7,0.2722,-0.6797,0.4971,0.1633,0.3266,0.1715,0.1449,-0.6313,0.1844,多周期共振看空 ⬇⬇⬇,-0.747,-0.4097,-0.3375
002283,天润工业,77.02,True,7.68,8.88,3,3.64,-21.75,-8.51,-13.48,0.0,2026-07-23,2026-07-23,21.04,-0.0196,-0.4985,0.7152,0.0006,0.2453,0.0,0.1439,-0.1444,0.4278,月线看多，中短期调整中,-0.7237,-0.2471,0.18
002209,达 意 隆,15.36,True,9.73,10.28,1,2.07,-9.94,-5.33,-5.31,0.0,2026-07-23,2026-07-23,32.86,0.1179,-0.5973,0.3991,0.0708,0.508,0.3348,0.1433,-0.8446,0.0777,多周期共振看空 ⬇⬇⬇,-0.6775,-0.7131,-0.5625
002527,新时达,53.15,True,10.05,11.61,0,-0.39,-19.34,-11.76,-13.46,0.0,2026-07-23,2026-07-23,15.05,0.7594,-0.6344,0.6279,0.4557,0.1123,0.0,0.143,-0.7199,0.1401,多周期共振看空 ⬇⬇⬇,-0.5577,-0.5417,-0.5625
002253,川大智胜,18.2,True,8.67,9.55,0,-2.74,-12.32,-8.05,-9.21,0.0,2026-07-23,2026-07-23,24.68,0.3955,-0.3339,0.6207,0.3037,0.3262,0.0,0.143,-0.7331,0.1335,多周期共振看空 ⬇⬇⬇,-0.7875,-0.4413,-0.495
002765,蓝黛科技,37.6,True,6.31,6.98,3,4.54,-12.25,-6.75,-9.63,0.0,2026-07-23,2026-07-23,17.48,0.5878,-0.1241,0.5811,0.5031,0.1662,0.0316,0.1427,-0.8882,0.0559,多周期共振看空 ⬇⬇⬇,-0.7462,-0.75,-0.5625
002708,光洋股份,48.77,True,9.44,11.36,1,3.22,-23.43,-12.97,-16.89,0.0,2026-07-23,2026-07-23,16.74,0.5856,-0.556,0.7143,0.3514,0.1499,0.0,0.1425,-0.6018,0.1991,多周期共振看空 ⬇⬇⬇,-0.756,-0.2471,-0.4275
000559,万向钱潮,355.63,True,10.73,11.87,1,4.51,-15.96,-8.93,-9.63,0.0,2026-07-23,2026-07-23,16.51,0.6652,-0.519,0.6294,0.3991,0.1446,0.0,0.1423,-0.6739,0.163,多周期共振看空 ⬇⬇⬇,-0.774,-0.4802,-0.3375
002865,钧达股份,98.96,True,43.25,50.67,0,-5.53,-23.7,-14.44,-14.65,0.0,2026-07-23,2026-07-23,25.47,0.2518,-0.2139,0.7546,0.2655,0.3437,0.0,0.1414,-0.7065,0.1467,多周期共振看空 ⬇⬇⬇,-0.783,-0.544,-0.3375
002487,大金重工,249.53,True,39.55,46.86,0,-4.37,-26.81,-15.08,-15.61,0.0,2026-07-23,2026-07-23,20.49,-0.482,0.2978,0.6876,0.3191,0.2332,0.0,0.1407,-0.6649,0.1675,多周期共振看空 ⬇⬇⬇,-0.7875,-0.5163,-0.27
003006,百亚股份,58.37,True,13.62,14.0,1,0.32,-11.06,-4.8,-2.7,0.0,2026-07-23,2026-07-23,34.52,-0.1926,-0.2705,0.5446,0.0918,0.545,0.0923,0.1407,-0.7492,0.1254,多周期共振看空 ⬇⬇⬇,-0.4113,-0.7315,-0.5625
001283,豪鹏科技,43.44,True,42.01,45.59,3,2.99,-16.07,-6.8,-7.85,0.0,2026-07-23,2026-07-23,32.58,0.0828,-0.2638,0.7471,0.1442,0.5018,0.0,0.1406,-0.7083,0.1458,多周期共振看空 ⬇⬇⬇,-0.7402,-0.4272,-0.495
002306,ST云网,13.57,True,1.67,1.86,2,1.69,-13.07,-6.69,-10.43,0.0,2026-07-23,2026-07-23,11.32,-0.0892,0.2846,0.4235,0.3139,0.0294,0.2941,0.1402,-0.6511,0.1744,多周期共振看空 ⬇⬇⬇,-0.7605,-0.4417,-0.3375
001277,速达股份,11.8,True,25.9,27.19,0,-1.77,-8.45,-5.77,-4.75,0.0,2026-07-23,2026-07-23,30.86,-0.0185,-0.5591,0.3214,0.0,0.4635,0.4643,0.1401,-0.8071,0.0964,多周期共振看空 ⬇⬇⬇,-0.5705,-0.7223,-0.5625
600319,亚星化学,20.63,True,5.32,5.95,0,-3.82,-15.84,-8.44,-10.55,0.0,2026-07-23,2026-07-23,20.71,-0.6716,0.2242,0.4404,0.2897,0.2379,0.2661,0.1389,-0.8508,0.0746,多周期共振看空 ⬇⬇⬇,-0.783,-0.6363,-0.5625
002785,万里石,63.56,True,32.85,38.99,9,10.2,-19.29,-4.35,-15.74,0.0,2026-07-23,2026-07-23,19.89,0.3118,-0.6529,0.5715,0.1871,0.2199,0.0475,0.1387,-0.4912,0.2544,多周期共振看空 ⬇⬇⬇,-0.5903,-0.3035,-0.27
002367,康力电梯,41.4,True,5.21,6.09,11,20.63,-17.78,1.6,-14.41,0.0,2026-07-23,2026-07-23,7.14,0.518,-0.6912,0.4581,0.3108,0.0,0.2366,0.1362,-0.5971,0.2015,多周期共振看空 ⬇⬇⬇,-0.3247,-0.584,-0.45
002560,通达股份,37.75,True,5.96,6.62,0,-3.79,-21.9,-12.8,-10.01,0.0,2026-07-23,2026-07-23,24.53,0.138,-0.2721,0.6157,0.1739,0.3229,0.0,0.1361,-0.5771,0.2115,多周期共振看空 ⬇⬇⬇,-0.7875,-0.3233,-0.27
002227,*ST特迅,14.26,True,5.8,6.3,0,-1.74,-14.56,-7.96,-7.93,0.0,2026-07-23,2026-07-23,29.39,-0.4838,0.1373,0.5633,0.2549,0.4309,0.0611,0.1361,-0.8847,0.0576,多周期共振看空 ⬇⬇⬇,-0.7695,-0.7223,-0.5625
002792,通宇通讯,85.81,True,25.4,30.84,0,-0.47,-26.29,-11.78,-17.65,0.0,2026-07-23,2026-07-23,22.5,0.2151,-0.2076,0.7812,0.246,0.2779,0.0,0.1356,-0.642,0.179,多周期共振看空 ⬇⬇⬇,-0.7785,-0.4063,-0.3375
000821,ST京机,41.9,True,6.93,7.42,0,-0.66,-17.53,-8.76,-6.57,0.0,2026-07-23,2026-07-23,24.13,0.2085,0.0662,0.5712,0.3516,0.3139,0.0479,0.1353,-0.8955,0.0523,多周期共振看空 ⬇⬇⬇,-0.765,-0.75,-0.5625
002861,瀛通通讯,23.08,True,15.37,19.85,13,20.78,-26.73,-0.11,-22.57,0.0,2026-07-23,2026-07-23,11.09,-0.124,-0.2586,0.6419,0.0966,0.0241,0.0,0.1345,-0.1075,0.4462,多周期方向不一致，观望,-0.2197,-0.1267,-0.1575
600302,ST标准,18.79,True,5.43,7.26,0,-5.88,-32.61,-16.45,-25.25,0.0,2026-07-23,2026-07-23,22.67,-0.8723,0.2932,0.8335,0.3173,0.2815,0.0,0.1344,-0.77,0.115,多周期共振看空 ⬇⬇⬇,-0.783,-0.6837,-0.3375
002782,可立克,70.79,True,14.45,17.44,0,-5.74,-28.27,-17.73,-17.14,0.0,2026-07-23,2026-07-23,18.53,0.4751,-0.5802,0.577,0.2851,0.1895,0.0383,0.1341,-0.641,0.1795,多周期共振看空 ⬇⬇⬇,-0.747,-0.431,-0.3375
001300,三柏硕,24.16,True,9.91,11.11,0,-3.34,-20.64,-12.27,-10.83,0.0,2026-07-23,2026-07-23,30.37,-0.4377,-0.1789,0.5298,0.1284,0.4528,0.1171,0.134,-0.7704,0.1148,多周期共振看空 ⬇⬇⬇,-0.774,-0.5348,-0.495
000586,汇源通信,20.23,True,10.58,12.02,0,-5.72,-18.62,-12.72,-11.95,0.0,2026-07-23,2026-07-23,23.88,0.1889,-0.3083,0.5527,0.19,0.3085,0.0789,0.1335,-0.6691,0.1654,多周期共振看空 ⬇⬇⬇,-0.7875,-0.5256,-0.27
002426,胜利精密,84.04,True,2.47,3.23,5,14.63,-31.84,-11.36,-23.53,0.0,2026-07-23,2026-07-23,14.37,0.6085,-0.6565,0.6517,0.3651,0.0971,0.0,0.1329,-0.6373,0.1814,多周期共振看空 ⬇⬇⬇,-0.6157,-0.4905,-0.3825
001333,光华股份,22.34,True,17.45,18.64,3,2.18,-10.9,-4.68,-6.39,0.0,2026-07-23,2026-07-23,26.82,0.1332,-0.4326,0.4356,0.1069,0.3737,0.2741,0.1318,-0.7844,0.1078,多周期共振看空 ⬇⬇⬇,-0.7237,-0.6087,-0.495
000837,秦川机床,88.95,True,8.83,10.28,2,4.26,-18.52,-9.5,-14.11,0.0,2026-07-23,2026-07-23,11.37,0.7536,-0.6544,0.6299,0.4522,0.0305,0.0,0.131,-0.7123,0.1438,多周期共振看空 ⬇⬇⬇,-0.7065,-0.3975,-0.5625
600243,*ST海华,13.6,True,3.1,3.29,0,-3.38,-15.99,-8.6,-5.72,0.0,2026-07-23,2026-07-23,27.5,0.1672,-0.3811,0.6502,0.1479,0.3889,0.0,0.1295,-0.6675,0.1663,多周期共振看空 ⬇⬇⬇,-0.738,-0.3394,-0.495
000903,ST云动,31.68,True,1.65,1.76,3,2.39,-10.1,-5.33,-6.2,0.0,2026-07-23,2026-07-23,23.21,-0.0792,0.0326,0.449,0.213,0.2937,0.2516,0.1288,-0.8643,0.0679,多周期共振看空 ⬇⬇⬇,-0.7065,-0.7315,-0.5625
000810,创维数字,104.4,True,9.4,11.46,10,14.94,-19.09,-2.44,-17.95,0.0,2026-07-23,2026-07-23,27.06,-0.0547,-0.4769,0.7937,0.0093,0.3791,0.0,0.1284,-0.4423,0.2788,多周期共振看空 ⬇⬇⬇,-0.4477,-0.2059,-0.3825
002729,好利科技,21.79,True,12.42,15.3,6,8.91,-26.79,-11.46,-18.84,0.0,2026-07-23,2026-07-23,17.98,0.4206,-0.4884,0.6185,0.257,0.1772,0.0,0.1278,-0.6013,0.1994,多周期共振看空 ⬇⬇⬇,-0.7005,-0.3837,-0.3375
002849,威星智能,29.81,True,13.62,15.04,2,1.91,-16.2,-6.83,-9.43,0.0,2026-07-23,2026-07-23,26.39,0.1789,-0.5463,0.5644,0.1073,0.3642,0.0593,0.1272,-0.6387,0.1806,多周期共振看空 ⬇⬇⬇,-0.7335,-0.4376,-0.3375
002918,蒙娜丽莎,18.76,True,8.76,9.4,0,-5.84,-15.26,-10.71,-6.76,0.0,2026-07-23,2026-07-23,29.16,0.0029,-0.5953,0.4733,0.0017,0.4257,0.2112,0.127,-0.6664,0.1668,多周期共振看空 ⬇⬇⬇,-0.4279,-0.5354,-0.5625
002058,威尔泰,21.97,True,15.35,18.01,0,-6.72,-20.62,-13.1,-14.77,0.0,2026-07-23,2026-07-23,22.99,-0.3186,-0.0775,0.5424,0.169,0.2886,0.096,0.1268,-0.6793,0.1603,多周期共振看空 ⬇⬇⬇,-0.774,-0.4021,-0.4275
002590,万安科技,43.95,True,8.88,9.49,0,-3.47,-11.62,-8.3,-6.44,0.0,2026-07-23,2026-07-23,22.14,0.0579,-0.1652,0.375,0.1687,0.2698,0.375,0.1262,-0.884,0.058,多周期共振看空 ⬇⬇⬇,-0.7785,-0.7131,-0.5625
002514,*ST宝馨,8.86,True,1.6,1.97,0,-12.54,-35.18,-23.94,-18.68,0.0,2026-07-23,2026-07-23,28.87,-0.3149,-0.0286,0.9305,0.1886,0.4194,0.0,0.1245,-0.8088,0.0956,多周期共振看空 ⬇⬇⬇,-0.575,-0.7223,-0.5625
002048,宁波华翔,129.6,True,18.3,21.94,1,1.07,-19.33,-11.02,-16.58,0.0,2026-07-23,2026-07-23,8.84,0.537,-0.0849,0.6987,0.4882,0.0,0.0,0.1245,-0.7851,0.1074,多周期共振看空 ⬇⬇⬇,-0.7695,-0.5034,-0.5625
001306,夏厦精密,7.18,True,46.33,52.63,2,6.15,-16.78,-8.37,-11.98,0.0,2026-07-23,2026-07-23,15.53,0.4585,-0.1816,0.6942,0.4024,0.1229,0.0,0.1243,-0.7968,0.1016,多周期共振看空 ⬇⬇⬇,-0.6551,-0.6271,-0.5625
002161,远 望 谷,35.5,True,4.8,5.17,1,2.28,-12.2,-6.82,-7.19,0.0,2026-07-23,2026-07-23,28.57,0.3084,-0.5496,0.653,0.185,0.4127,0.0,0.1226,-0.8108,0.0946,多周期共振看空 ⬇⬇⬇,-0.5693,-0.7315,-0.5625
002743,富煌钢构,14.78,True,3.4,3.79,0,-2.94,-14.21,-7.69,-10.36,0.0,2026-07-23,2026-07-23,27.1,-0.4841,-0.0737,0.4876,0.1705,0.3799,0.1873,0.1225,-0.899,0.0505,多周期共振看空 ⬇⬇⬇,-0.774,-0.75,-0.5625
001373,翔腾新材,10.17,True,24.23,27.51,0,-4.98,-18.63,-12.37,-11.94,0.0,2026-07-23,2026-07-23,21.09,-0.4874,-0.0818,0.5135,0.1673,0.2465,0.1442,0.1223,-0.7,0.15,多周期共振看空 ⬇⬇⬇,-0.7785,-0.5337,-0.3375
002664,信质集团,59.62,True,14.81,16.86,3,7.98,-14.55,-6.29,-12.14,0.0,2026-07-23,2026-07-23,14.14,0.6014,-0.3309,0.6584,0.4285,0.0921,0.0,0.1221,-0.8191,0.0904,多周期共振看空 ⬇⬇⬇,-0.7269,-0.6147,-0.5625
002026,山东威达,41.89,True,9.51,10.35,0,-2.37,-11.7,-7.89,-8.13,0.0,2026-07-23,2026-07-23,19.38,0.2107,-0.3314,0.381,0.1938,0.2084,0.365,0.1207,-0.8864,0.0568,多周期共振看空 ⬇⬇⬇,-0.774,-0.7223,-0.5625
001278,一彬科技,11.72,True,13.74,14.9,0,-2.47,-11.13,-7.48,-7.79,0.0,2026-07-23,2026-07-23,25.83,0.0182,-0.2949,0.4352,0.093,0.3518,0.2747,0.1207,-0.8248,0.0876,多周期共振看空 ⬇⬇⬇,-0.783,-0.6467,-0.495
002122,ST汇洲,45.52,True,2.29,2.36,4,2.8,-14.89,-4.42,-2.78,0.0,2026-07-23,2026-07-23,21.74,0.0918,-0.4081,0.4196,0.0918,0.2609,0.3007,0.1174,-0.7617,0.1191,多周期共振看空 ⬇⬇⬇,-0.4648,-0.7131,-0.5625
001319,铭科精技,11.09,True,17.47,20.09,3,3.95,-13.63,-6.61,-13.04,0.0,2026-07-23,2026-07-23,11.16,0.4969,-0.0675,0.6012,0.4712,0.0258,0.0,0.1174,-0.8452,0.0774,多周期共振看空 ⬇⬇⬇,-0.8157,-0.5959,-0.5625
002960,青鸟智控,74.26,True,7.67,8.24,1,0.63,-8.72,-3.45,-6.96,0.0,2026-07-23,2026-07-23,19.55,-0.0684,-0.4543,0.3673,0.0183,0.2123,0.3878,0.1167,-0.6609,0.1695,多周期共振看空 ⬇⬇⬇,-0.5148,-0.5163,-0.495
002611,东方精工,144.77,True,14.42,16.21,1,1.48,-16.88,-6.74,-11.05,0.0,2026-07-23,2026-07-23,21.08,0.1851,-0.5751,0.5057,0.111,0.2462,0.1572,0.1155,-0.6746,0.1627,多周期共振看空 ⬇⬇⬇,-0.7155,-0.4194,-0.45
002434,万里扬,70.16,True,5.35,5.85,1,0.8,-13.69,-8.4,-8.59,0.0,2026-07-23,2026-07-23,10.71,0.4171,-0.0988,0.4934,0.4107,0.0159,0.1777,0.1154,-0.8955,0.0523,多周期共振看空 ⬇⬇⬇,-0.765,-0.75,-0.5625
002734,利民股份,57.29,True,13.19,15.7,8,13.31,-21.65,-5.35,-16.0,0.0,2026-07-23,2026-07-23,24.26,0.1149,-0.6774,0.539,0.0689,0.3169,0.1017,0.1144,-0.6568,0.1716,多周期共振看空 ⬇⬇⬇,-0.582,-0.4497,-0.495
002531,天顺风能,113.1,True,6.33,7.37,0,-5.74,-22.87,-13.68,-14.15,0.0,2026-07-23,2026-07-23,17.7,-0.714,0.0261,0.585,0.2104,0.1711,0.0249,0.1143,-0.6476,0.1762,多周期共振看空 ⬇⬇⬇,-0.7875,-0.4783,-0.27
002723,小崧股份,21.88,True,6.9,8.24,9,9.93,-23.65,-3.84,-16.22,0.0,2026-07-23,2026-07-23,19.31,0.1166,-0.4518,0.6895,0.0892,0.2069,0.0,0.113,-0.487,0.2565,多周期共振看空 ⬇⬇⬇,-0.4291,-0.4325,-0.27
002657,中科金财,46.22,True,13.75,17.14,8,11.11,-26.99,-11.7,-19.76,0.0,2026-07-23,2026-07-23,16.3,0.5405,-0.883,0.7828,0.3243,0.1401,0.0,0.1113,-0.7963,0.1018,多周期共振看空 ⬇⬇⬇,-0.6,-0.6733,-0.5625
001268,联合精密,17.37,True,18.41,23.56,5,3.23,-30.46,-11.86,-21.85,0.0,2026-07-23,2026-07-23,16.39,-0.1859,-0.21,0.8783,0.116,0.1419,0.0,0.1097,-0.4785,0.2608,多周期共振看空 ⬇⬇⬇,-0.6922,-0.1883,-0.27
002544,普天科技,105.4,True,15.49,16.85,1,1.97,-12.69,-8.44,-8.07,0.0,2026-07-23,2026-07-23,32.35,-0.1226,-0.2455,0.6555,0.1018,0.4967,0.0,0.1084,-0.8917,0.0541,多周期共振看空 ⬇⬇⬇,-0.7875,-0.7223,-0.5625
002667,*ST威领,21.22,True,8.97,10.47,0,-8.94,-36.53,-23.16,-14.33,0.0,2026-07-23,2026-07-23,29.69,-0.2708,-0.8541,0.99,0.0,0.4377,0.0,0.1084,-0.658,0.171,多周期共振看空 ⬇⬇⬇,-0.625,-0.5729,-0.3375
002890,弘宇股份,19.85,True,12.29,13.89,5,8.49,-15.23,-4.47,-11.54,0.0,2026-07-23,2026-07-23,12.86,0.1191,-0.1018,0.5542,0.2307,0.0635,0.0763,0.1077,-0.6448,0.1776,多周期共振看空 ⬇⬇⬇,-0.6862,-0.334,-0.495
003038,鑫铂股份,16.02,True,9.77,10.62,0,-3.64,-11.32,-7.84,-8.05,0.0,2026-07-23,2026-07-23,20.07,-0.1377,-0.3214,0.3375,0.0714,0.2239,0.4375,0.1046,-0.8959,0.052,多周期共振看空 ⬇⬇⬇,-0.7875,-0.7315,-0.5625
002759,天际股份,66.53,True,13.28,20.26,3,2.13,-46.48,-18.05,-34.46,0.0,2026-07-23,2026-07-23,10.19,0.2388,0.1283,0.9687,0.3946,0.0042,0.0,0.104,-0.8042,0.0979,多周期共振看空 ⬇⬇⬇,-0.765,-0.6167,-0.495
002057,中钢天源,59.36,True,7.88,9.99,8,14.26,-29.75,-9.93,-21.08,0.0,2026-07-23,2026-07-23,13.62,0.2633,-0.6009,0.7537,0.158,0.0803,0.0,0.0979,-0.5658,0.2171,多周期共振看空 ⬇⬇⬇,-0.441,-0.4156,-0.45
002888,惠威科技,11.07,True,14.78,18.23,8,15.8,-24.26,-7.65,-18.91,0.0,2026-07-23,2026-07-23,13.65,-0.145,-0.1799,0.5838,0.128,0.0811,0.027,0.0975,-0.5433,0.2283,多周期共振看空 ⬇⬇⬇,-0.5685,-0.3243,-0.3825
002731,ST萃华,4.2,True,1.83,3.45,0,-9.54,-57.15,-37.1,-47.0,0.0,2026-07-23,2026-07-23,12.12,-0.5089,1.1716,0.9387,0.4,0.0471,0.0,0.097,-0.9208,0.0396,周线日线共振看空,-0.7875,-0.75,
001212,中旗新材,57.56,True,33.11,39.2,0,-0.58,-26.3,-13.06,-15.53,0.0,2026-07-23,2026-07-23,15.04,0.3004,-0.6531,0.5583,0.1802,0.1119,0.0695,0.0959,-0.7112,0.1444,多周期共振看空 ⬇⬇⬇,-0.783,-0.3969,-0.495
002779,中坚科技,93.81,True,56.58,70.93,5,8.64,-20.91,-6.7,-20.23,0.0,2026-07-23,2026-07-23,13.31,0.4577,-0.5516,0.7152,0.2746,0.0736,0.0,0.0939,-0.7765,0.1118,多周期共振看空 ⬇⬇⬇,-0.5708,-0.6548,-0.5625
002869,金溢科技,21.66,True,13.75,15.19,1,0.22,-14.7,-10.25,-9.47,0.0,2026-07-23,2026-07-23,22.62,0.0807,-0.501,0.4283,0.0484,0.2805,0.2861,0.0929,-0.9001,0.0499,多周期共振看空 ⬇⬇⬇,-0.7875,-0.7408,-0.5625
002969,嘉美包装,117.2,True,10.73,12.47,0,-6.12,-20.82,-13.04,-13.98,0.0,2026-07-23,2026-07-23,24.42,0.0128,-0.3768,0.587,0.057,0.3205,0.0216,0.0906,-0.7684,0.1158,多周期共振看空 ⬇⬇⬇,-0.7875,-0.6762,-0.3375
001238,浙江正特,33.93,True,23.38,26.16,0,-2.32,-13.32,-6.82,-10.61,0.0,2026-07-23,2026-07-23,25.37,-0.43,-0.4145,0.5009,0.0342,0.3416,0.1651,0.087,-0.9008,0.0496,多周期共振看空 ⬇⬇⬇,-0.7785,-0.75,-0.5625
002691,*ST冀凯,12.1,True,3.6,3.97,0,-0.75,-18.5,-8.97,-9.25,0.0,2026-07-23,2026-07-23,27.13,0.0002,-0.3161,0.6643,0.0737,0.3806,0.0,0.0849,-0.8955,0.0523,多周期共振看空 ⬇⬇⬇,-0.765,-0.75,-0.5625
002324,普利特,67.61,True,8.71,10.4,2,3.4,-20.77,-10.76,-16.25,0.0,2026-07-23,2026-07-23,11.01,-0.0875,-0.2007,0.4776,0.1197,0.0224,0.204,0.0686,-0.8326,0.0837,多周期共振看空 ⬇⬇⬇,-0.747,-0.6946,-0.495
600165,ST宁科,16.34,True,2.23,2.55,5,5.49,-16.75,-5.7,-12.62,0.0,2026-07-23,2026-07-23,16.33,-0.1272,-0.2832,0.5684,0.0867,0.1406,0.0527,0.0666,-0.8167,0.0917,多周期共振看空 ⬇⬇⬇,-0.6632,-0.7315,-0.495
